# MagicaVoxel @ Ephtracy

# group
o 

# material
mtllib ImagesHP_2000_mah.mtl
usemtl palette

# normals
vn -1 0 0
vn 1 0 0
vn 0 0 1
vn 0 0 -1
vn 0 -1 0
vn 0 1 0

# texcoords
vt 0.220703 0.5
vt 0.287109 0.5
vt 0.291016 0.5
vt 0.294922 0.5
vt 0.298828 0.5
vt 0.302734 0.5
vt 0.376953 0.5
vt 0.380859 0.5
vt 0.384766 0.5
vt 0.396484 0.5
vt 0.408203 0.5
vt 0.439453 0.5
vt 0.443359 0.5
vt 0.447266 0.5
vt 0.451172 0.5
vt 0.462891 0.5
vt 0.548828 0.5
vt 0.552734 0.5
vt 0.564453 0.5
vt 0.568359 0.5
vt 0.572266 0.5
vt 0.576172 0.5
vt 0.626953 0.5
vt 0.630859 0.5
vt 0.634766 0.5
vt 0.638672 0.5
vt 0.642578 0.5
vt 0.654297 0.5
vt 0.662109 0.5
vt 0.666016 0.5
vt 0.669922 0.5
vt 0.673828 0.5
vt 0.677734 0.5
vt 0.681641 0.5
vt 0.685547 0.5
vt 0.712891 0.5
vt 0.720703 0.5
vt 0.724609 0.5
vt 0.732422 0.5
vt 0.736328 0.5
vt 0.751953 0.5
vt 0.759766 0.5
vt 0.767578 0.5
vt 0.771484 0.5
vt 0.970703 0.5

# verts
v -5.4 -0.2 0.9
v -5.4 -0.2 -1.4
v -5.4 0.2 0.6
v -5.4 0.2 0
v -5.4 0.2 -0.1
v -5.4 0.2 -0.4
v -5.4 0.2 -0.5
v -5.4 0.2 -1.1
v -5.4 10.8 0.6
v -5.4 10.8 0
v -5.4 10.8 -0.1
v -5.4 10.8 -0.4
v -5.4 10.8 -0.5
v -5.4 10.8 -1.1
v -5.4 11.2 0.9
v -5.4 11.2 -1.4
v -0.8 1.6 -1.2
v -0.8 1.6 -1.3
v -0.8 2.2 -1.3
v -0.8 2.5 -1.2
v -0.8 2.5 -1.3
v -0.5 4.2 -1.2
v -0.5 4.2 -1.3
v -0.5 4.3 -1.3
v -0.5 4.4 -1.2
v -0.5 4.4 -1.3
v 3.5 1.5 -1.2
v 3.5 1.5 -1.3
v 3.5 1.7 -1.3
v 3.5 1.9 -1.3
v 3.5 2.2 -1.3
v 3.5 2.3 -1.3
v 3.5 2.5 -1.2
v 3.5 2.5 -1.3
v 4.6 3 -1.2
v 4.6 3 -1.3
v 4.6 6.8 -1.3
v 4.6 6.9 -1.3
v 4.6 7.9 -1.3
v 4.6 8 -1.3
v 4.6 8.1 -1.3
v 4.6 8.3 -1.2
v 4.6 8.3 -1.3
v -1 1.6 -1.2
v -1 1.6 -1.3
v -1 2.2 -1.3
v -1 2.5 -1.2
v -1 2.5 -1.3
v -0.6 4.2 -1.2
v -0.6 4.2 -1.3
v -0.6 4.3 -1.3
v -0.6 4.4 -1.2
v -0.6 4.4 -1.3
v 3.2 1.5 -1.2
v 3.2 1.5 -1.3
v 3.2 1.7 -1.3
v 3.2 1.8 -1.3
v 3.2 2 -1.3
v 3.2 2.1 -1.3
v 3.2 2.3 -1.3
v 3.2 2.4 -1.3
v 3.2 2.5 -1.2
v 3.2 2.5 -1.3
v 4.1 3 -1.2
v 4.1 3 -1.3
v 4.1 4.1 -1.3
v 4.1 4.4 -1.3
v 4.1 4.9 -1.3
v 4.1 5.1 -1.3
v 4.1 5.5 -1.3
v 4.1 5.8 -1.3
v 4.1 6 -1.3
v 4.1 6.1 -1.3
v 4.1 6.3 -1.3
v 4.1 6.5 -1.3
v 4.1 6.6 -1.3
v 4.1 7 -1.3
v 4.1 7.2 -1.3
v 4.1 7.4 -1.3
v 4.1 7.7 -1.3
v 4.1 8.3 -1.2
v 4.1 8.3 -1.3
v 4.7 -0.2 0.9
v 4.7 -0.2 -1.4
v 4.7 0.2 0.6
v 4.7 0.2 0
v 4.7 0.2 -0.1
v 4.7 0.2 -0.5
v 4.7 0.2 -1.1
v 4.7 0.3 -0.4
v 4.7 0.3 -0.5
v 4.7 10.8 0.6
v 4.7 10.8 0
v 4.7 10.8 -0.1
v 4.7 10.8 -0.4
v 4.7 10.8 -0.5
v 4.7 10.8 -1.1
v 4.7 11.2 0.9
v 4.7 11.2 -1.4
v -5.4 -0.2 0.9
v -5.4 11.2 0.9
v -5.3 -0.1 0.9
v -5.3 1.5 0.9
v -5.3 1.6 0.9
v -5.3 1.7 0.9
v -5.3 1.8 0.9
v -5.3 1.9 0.9
v -5.3 2 0.9
v -5.3 4.5 0.9
v -5.3 4.7 0.9
v -5.3 5.6 0.9
v -5.3 5.9 0.9
v -5.3 6.1 0.9
v -5.3 6.6 0.9
v -5.3 6.7 0.9
v -5.3 6.9 0.9
v -5.3 7.2 0.9
v -5.3 8.1 0.9
v -5.3 8.2 0.9
v -5.3 8.3 0.9
v -5.3 8.7 0.9
v -5.3 8.8 0.9
v -5.3 8.9 0.9
v -5.3 9.1 0.9
v -5.3 9.2 0.9
v -5.3 9.3 0.9
v -5.3 9.7 0.9
v -5.3 9.9 0.9
v -5.3 10 0.9
v -5.3 10.1 0.9
v -5.3 10.2 0.9
v -5.3 10.3 0.9
v -5.3 10.4 0.9
v -5.3 10.5 0.9
v -5.3 10.8 0.9
v -5.3 10.9 0.9
v -5.3 11 0.9
v -5.3 11.1 0.9
v -5.2 4.4 0.9
v -5.2 4.5 0.9
v -5.2 4.7 0.9
v -5.2 4.8 0.9
v -5.2 5.4 0.9
v -5.2 5.6 0.9
v -5.2 5.8 0.9
v -5.2 5.9 0.9
v -5.2 6.1 0.9
v -5.2 6.4 0.9
v -5.2 6.6 0.9
v -5.2 6.7 0.9
v -5.2 6.9 0.9
v -5.2 7.2 0.9
v -5.2 7.8 0.9
v -5.2 8.3 0.9
v -5.2 8.4 0.9
v -5.2 8.9 0.9
v -5.2 9 0.9
v -5.2 9.1 0.9
v -5.2 9.2 0.9
v -5.2 9.6 0.9
v -5.2 9.7 0.9
v -5.2 10.7 0.9
v -5.2 10.8 0.9
v -5.1 4.8 0.9
v -5.1 4.9 0.9
v -5.1 5 0.9
v -5.1 5.2 0.9
v -5.1 5.4 0.9
v -5.1 5.8 0.9
v -5.1 6.4 0.9
v -5.1 7.4 0.9
v -5.1 8 0.9
v -5.1 8.1 0.9
v -5.1 9.5 0.9
v -5.1 9.6 0.9
v -5.1 10 0.9
v -5.1 10.1 0.9
v -5.1 10.8 0.9
v -5.1 10.9 0.9
v -5 -0.1 0.9
v -5 0.5 0.9
v -5 0.7 0.9
v -5 0.8 0.9
v -5 1 0.9
v -5 1.5 0.9
v -5 2.1 0.9
v -5 2.3 0.9
v -5 3.8 0.9
v -5 3.9 0.9
v -5 4.4 0.9
v -5 4.7 0.9
v -5 4.8 0.9
v -5 4.9 0.9
v -5 5 0.9
v -5 5.6 0.9
v -5 5.7 0.9
v -5 7.1 0.9
v -5 7.3 0.9
v -5 7.4 0.9
v -5 7.5 0.9
v -5 7.8 0.9
v -5 8 0.9
v -5 9.2 0.9
v -5 9.3 0.9
v -5 9.8 0.9
v -5 9.9 0.9
v -5 10.8 0.9
v -5 10.9 0.9
v -5 11 0.9
v -4.9 -0.1 0.9
v -4.9 0.3 0.9
v -4.9 0.4 0.9
v -4.9 0.5 0.9
v -4.9 0.9 0.9
v -4.9 1 0.9
v -4.9 1.5 0.9
v -4.9 2.4 0.9
v -4.9 2.5 0.9
v -4.9 2.7 0.9
v -4.9 2.8 0.9
v -4.9 3.3 0.9
v -4.9 3.8 0.9
v -4.9 3.9 0.9
v -4.9 4.6 0.9
v -4.9 4.7 0.9
v -4.9 5.3 0.9
v -4.9 5.4 0.9
v -4.9 5.5 0.9
v -4.9 5.6 0.9
v -4.9 5.7 0.9
v -4.9 7.1 0.9
v -4.9 7.2 0.9
v -4.9 7.3 0.9
v -4.9 7.4 0.9
v -4.9 7.5 0.9
v -4.9 7.6 0.9
v -4.9 8.2 0.9
v -4.9 8.3 0.9
v -4.9 8.4 0.9
v -4.9 8.5 0.9
v -4.9 9.1 0.9
v -4.9 9.2 0.9
v -4.9 9.4 0.9
v -4.9 9.5 0.9
v -4.9 9.6 0.9
v -4.9 9.7 0.9
v -4.9 9.8 0.9
v -4.9 10.6 0.9
v -4.9 10.7 0.9
v -4.9 11 0.9
v -4.9 11.1 0.9
v -4.8 0.2 0.9
v -4.8 0.3 0.9
v -4.8 0.4 0.9
v -4.8 2.3 0.9
v -4.8 2.4 0.9
v -4.8 2.5 0.9
v -4.8 2.7 0.9
v -4.8 2.8 0.9
v -4.8 2.9 0.9
v -4.8 3 0.9
v -4.8 3.3 0.9
v -4.8 3.8 0.9
v -4.8 3.9 0.9
v -4.8 4.9 0.9
v -4.8 5 0.9
v -4.8 5.1 0.9
v -4.8 5.2 0.9
v -4.8 5.3 0.9
v -4.8 5.4 0.9
v -4.8 5.5 0.9
v -4.8 5.6 0.9
v -4.8 7.2 0.9
v -4.8 7.3 0.9
v -4.8 7.4 0.9
v -4.8 7.5 0.9
v -4.8 7.6 0.9
v -4.8 7.7 0.9
v -4.8 8.7 0.9
v -4.8 8.8 0.9
v -4.8 8.9 0.9
v -4.8 9 0.9
v -4.8 9.8 0.9
v -4.8 9.9 0.9
v -4.8 10.2 0.9
v -4.8 10.3 0.9
v -4.7 0.2 0.9
v -4.7 0.3 0.9
v -4.7 0.4 0.9
v -4.7 1.8 0.9
v -4.7 1.9 0.9
v -4.7 2 0.9
v -4.7 2.1 0.9
v -4.7 2.3 0.9
v -4.7 2.6 0.9
v -4.7 2.8 0.9
v -4.7 2.9 0.9
v -4.7 3 0.9
v -4.7 3.7 0.9
v -4.7 3.9 0.9
v -4.7 4 0.9
v -4.7 4.8 0.9
v -4.7 5 0.9
v -4.7 5.1 0.9
v -4.7 5.2 0.9
v -4.7 5.4 0.9
v -4.7 7.5 0.9
v -4.7 7.6 0.9
v -4.7 7.7 0.9
v -4.7 7.8 0.9
v -4.7 9.2 0.9
v -4.7 9.4 0.9
v -4.7 9.6 0.9
v -4.7 9.8 0.9
v -4.7 9.9 0.9
v -4.7 10 0.9
v -4.7 10.4 0.9
v -4.7 10.5 0.9
v -4.7 10.6 0.9
v -4.7 10.9 0.9
v -4.7 11 0.9
v -4.6 -0.1 0.9
v -4.6 0.3 0.9
v -4.6 0.4 0.9
v -4.6 0.5 0.9
v -4.6 0.9 0.9
v -4.6 1 0.9
v -4.6 1.5 0.9
v -4.6 2.7 0.9
v -4.6 2.8 0.9
v -4.6 2.9 0.9
v -4.6 3 0.9
v -4.6 3.7 0.9
v -4.6 4 0.9
v -4.6 4.1 0.9
v -4.6 4.5 0.9
v -4.6 4.6 0.9
v -4.6 4.7 0.9
v -4.6 4.8 0.9
v -4.6 4.9 0.9
v -4.6 5.1 0.9
v -4.6 5.2 0.9
v -4.6 5.3 0.9
v -4.6 5.4 0.9
v -4.6 5.5 0.9
v -4.6 7.3 0.9
v -4.6 7.4 0.9
v -4.6 7.6 0.9
v -4.6 7.7 0.9
v -4.6 7.8 0.9
v -4.6 7.9 0.9
v -4.6 8.5 0.9
v -4.6 8.7 0.9
v -4.6 8.9 0.9
v -4.6 9 0.9
v -4.6 9.6 0.9
v -4.6 10 0.9
v -4.6 10.1 0.9
v -4.6 10.9 0.9
v -4.6 11 0.9
v -4.5 -0.1 0.9
v -4.5 0.5 0.9
v -4.5 1 0.9
v -4.5 1.5 0.9
v -4.5 2.8 0.9
v -4.5 2.9 0.9
v -4.5 3 0.9
v -4.5 3.1 0.9
v -4.5 3.6 0.9
v -4.5 3.7 0.9
v -4.5 3.9 0.9
v -4.5 4 0.9
v -4.5 4.1 0.9
v -4.5 4.3 0.9
v -4.5 4.8 0.9
v -4.5 4.9 0.9
v -4.5 5 0.9
v -4.5 5.1 0.9
v -4.5 5.2 0.9
v -4.5 5.3 0.9
v -4.5 5.4 0.9
v -4.5 7.4 0.9
v -4.5 7.5 0.9
v -4.5 7.7 0.9
v -4.5 7.8 0.9
v -4.5 7.9 0.9
v -4.5 8 0.9
v -4.5 8.8 0.9
v -4.5 9.1 0.9
v -4.5 9.6 0.9
v -4.5 9.7 0.9
v -4.5 9.9 0.9
v -4.5 10.2 0.9
v -4.5 10.3 0.9
v -4.5 10.4 0.9
v -4.4 -0.1 0.9
v -4.4 0.5 0.9
v -4.4 0.9 0.9
v -4.4 1.5 0.9
v -4.4 1.8 0.9
v -4.4 2 0.9
v -4.4 2.1 0.9
v -4.4 2.3 0.9
v -4.4 2.6 0.9
v -4.4 2.9 0.9
v -4.4 3 0.9
v -4.4 3.1 0.9
v -4.4 3.6 0.9
v -4.4 3.7 0.9
v -4.4 3.8 0.9
v -4.4 3.9 0.9
v -4.4 4.2 0.9
v -4.4 4.3 0.9
v -4.4 4.4 0.9
v -4.4 4.6 0.9
v -4.4 4.7 0.9
v -4.4 5.1 0.9
v -4.4 5.2 0.9
v -4.4 5.3 0.9
v -4.4 7.5 0.9
v -4.4 7.7 0.9
v -4.4 7.8 0.9
v -4.4 7.9 0.9
v -4.4 8 0.9
v -4.4 8.1 0.9
v -4.4 8.9 0.9
v -4.4 9.1 0.9
v -4.4 9.2 0.9
v -4.4 9.5 0.9
v -4.4 9.7 0.9
v -4.4 9.8 0.9
v -4.4 9.9 0.9
v -4.4 10 0.9
v -4.4 10.2 0.9
v -4.4 10.3 0.9
v -4.4 10.4 0.9
v -4.4 10.5 0.9
v -4.3 -0.1 0.9
v -4.3 0.5 0.9
v -4.3 0.9 0.9
v -4.3 1 0.9
v -4.3 1.1 0.9
v -4.3 1.4 0.9
v -4.3 1.9 0.9
v -4.3 2 0.9
v -4.3 2.6 0.9
v -4.3 2.7 0.9
v -4.3 2.8 0.9
v -4.3 3.1 0.9
v -4.3 3.7 0.9
v -4.3 3.8 0.9
v -4.3 3.9 0.9
v -4.3 4 0.9
v -4.3 4.2 0.9
v -4.3 4.3 0.9
v -4.3 4.4 0.9
v -4.3 4.5 0.9
v -4.3 4.6 0.9
v -4.3 4.7 0.9
v -4.3 4.8 0.9
v -4.3 4.9 0.9
v -4.3 5 0.9
v -4.3 5.1 0.9
v -4.3 5.2 0.9
v -4.3 7.7 0.9
v -4.3 7.8 0.9
v -4.3 7.9 0.9
v -4.3 8.1 0.9
v -4.3 8.3 0.9
v -4.3 8.6 0.9
v -4.3 8.7 0.9
v -4.3 8.8 0.9
v -4.3 8.9 0.9
v -4.3 9.1 0.9
v -4.3 9.4 0.9
v -4.3 9.5 0.9
v -4.3 9.6 0.9
v -4.3 9.8 0.9
v -4.3 10 0.9
v -4.3 10.1 0.9
v -4.3 10.4 0.9
v -4.3 10.5 0.9
v -4.2 -0.1 0.9
v -4.2 0.5 0.9
v -4.2 2.8 0.9
v -4.2 2.9 0.9
v -4.2 3 0.9
v -4.2 3.1 0.9
v -4.2 3.2 0.9
v -4.2 3.7 0.9
v -4.2 3.8 0.9
v -4.2 3.9 0.9
v -4.2 4 0.9
v -4.2 4.1 0.9
v -4.2 4.3 0.9
v -4.2 4.5 0.9
v -4.2 4.8 0.9
v -4.2 4.9 0.9
v -4.2 5 0.9
v -4.2 5.1 0.9
v -4.2 7.8 0.9
v -4.2 7.9 0.9
v -4.2 8.1 0.9
v -4.2 8.2 0.9
v -4.2 8.3 0.9
v -4.2 8.6 0.9
v -4.2 8.7 0.9
v -4.2 8.8 0.9
v -4.2 9.3 0.9
v -4.2 9.4 0.9
v -4.2 9.5 0.9
v -4.2 9.6 0.9
v -4.2 9.7 0.9
v -4.1 0 0.9
v -4.1 0.5 0.9
v -4.1 1 0.9
v -4.1 1.1 0.9
v -4.1 1.4 0.9
v -4.1 1.5 0.9
v -4.1 2.1 0.9
v -4.1 2.3 0.9
v -4.1 2.7 0.9
v -4.1 2.8 0.9
v -4.1 2.9 0.9
v -4.1 3 0.9
v -4.1 3.1 0.9
v -4.1 3.2 0.9
v -4.1 3.3 0.9
v -4.1 3.5 0.9
v -4.1 3.8 0.9
v -4.1 4.1 0.9
v -4.1 4.2 0.9
v -4.1 4.3 0.9
v -4.1 4.5 0.9
v -4.1 4.9 0.9
v -4.1 5 0.9
v -4.1 5.1 0.9
v -4.1 7.9 0.9
v -4.1 8.1 0.9
v -4.1 8.2 0.9
v -4.1 8.4 0.9
v -4.1 8.5 0.9
v -4.1 8.7 0.9
v -4.1 8.8 0.9
v -4.1 9.2 0.9
v -4.1 9.3 0.9
v -4.1 9.5 0.9
v -4.1 9.6 0.9
v -4.1 9.7 0.9
v -4.1 9.8 0.9
v -4 1.1 0.9
v -4 1.4 0.9
v -4 1.7 0.9
v -4 1.8 0.9
v -4 1.9 0.9
v -4 2.6 0.9
v -4 2.8 0.9
v -4 2.9 0.9
v -4 3 0.9
v -4 3.1 0.9
v -4 3.2 0.9
v -4 3.3 0.9
v -4 3.5 0.9
v -4 4.1 0.9
v -4 4.2 0.9
v -4 4.3 0.9
v -4 4.4 0.9
v -4 4.5 0.9
v -4 4.7 0.9
v -4 4.8 0.9
v -4 4.9 0.9
v -4 5 0.9
v -4 8.1 0.9
v -4 8.4 0.9
v -4 8.5 0.9
v -4 8.6 0.9
v -4 8.8 0.9
v -4 9.2 0.9
v -4 9.4 0.9
v -4 9.5 0.9
v -4 9.6 0.9
v -4 9.7 0.9
v -4 9.8 0.9
v -4 9.9 0.9
v -4 10.1 0.9
v -4 10.2 0.9
v -4 10.5 0.9
v -4 10.6 0.9
v -4 10.9 0.9
v -4 11 0.9
v -3.9 -0.1 0.9
v -3.9 0 0.9
v -3.9 1 0.9
v -3.9 1.4 0.9
v -3.9 1.8 0.9
v -3.9 2.7 0.9
v -3.9 2.9 0.9
v -3.9 3.1 0.9
v -3.9 3.4 0.9
v -3.9 3.5 0.9
v -3.9 3.7 0.9
v -3.9 3.9 0.9
v -3.9 4.1 0.9
v -3.9 4.4 0.9
v -3.9 4.6 0.9
v -3.9 4.7 0.9
v -3.9 4.8 0.9
v -3.9 4.9 0.9
v -3.9 6.5 0.9
v -3.9 6.7 0.9
v -3.9 8.4 0.9
v -3.9 8.5 0.9
v -3.9 8.6 0.9
v -3.9 8.7 0.9
v -3.9 9.2 0.9
v -3.9 9.4 0.9
v -3.9 9.5 0.9
v -3.9 9.6 0.9
v -3.9 9.7 0.9
v -3.9 9.8 0.9
v -3.9 9.9 0.9
v -3.9 10 0.9
v -3.9 10.2 0.9
v -3.9 10.3 0.9
v -3.9 10.4 0.9
v -3.9 10.5 0.9
v -3.9 10.6 0.9
v -3.9 10.9 0.9
v -3.8 -0.1 0.9
v -3.8 0.5 0.9
v -3.8 0.9 0.9
v -3.8 1 0.9
v -3.8 1.4 0.9
v -3.8 1.5 0.9
v -3.8 1.8 0.9
v -3.8 2.2 0.9
v -3.8 2.3 0.9
v -3.8 2.7 0.9
v -3.8 2.8 0.9
v -3.8 3 0.9
v -3.8 3.1 0.9
v -3.8 3.2 0.9
v -3.8 3.3 0.9
v -3.8 3.4 0.9
v -3.8 3.7 0.9
v -3.8 3.8 0.9
v -3.8 3.9 0.9
v -3.8 4 0.9
v -3.8 4.1 0.9
v -3.8 4.2 0.9
v -3.8 4.5 0.9
v -3.8 5.2 0.9
v -3.8 6.5 0.9
v -3.8 6.7 0.9
v -3.8 8.4 0.9
v -3.8 8.5 0.9
v -3.8 8.6 0.9
v -3.8 8.8 0.9
v -3.8 9 0.9
v -3.8 9.4 0.9
v -3.8 9.5 0.9
v -3.8 9.6 0.9
v -3.8 9.7 0.9
v -3.8 9.8 0.9
v -3.8 9.9 0.9
v -3.8 10 0.9
v -3.8 10.1 0.9
v -3.8 10.4 0.9
v -3.8 10.5 0.9
v -3.7 0 0.9
v -3.7 0.5 0.9
v -3.7 2.8 0.9
v -3.7 2.9 0.9
v -3.7 3 0.9
v -3.7 3.1 0.9
v -3.7 3.2 0.9
v -3.7 3.3 0.9
v -3.7 3.4 0.9
v -3.7 3.8 0.9
v -3.7 3.9 0.9
v -3.7 4 0.9
v -3.7 4.1 0.9
v -3.7 4.2 0.9
v -3.7 4.3 0.9
v -3.7 4.5 0.9
v -3.7 5.1 0.9
v -3.7 5.2 0.9
v -3.7 8.4 0.9
v -3.7 8.5 0.9
v -3.7 8.7 0.9
v -3.7 8.9 0.9
v -3.7 9 0.9
v -3.7 9.1 0.9
v -3.7 9.5 0.9
v -3.7 9.6 0.9
v -3.7 9.8 0.9
v -3.7 9.9 0.9
v -3.7 10 0.9
v -3.7 10.1 0.9
v -3.7 10.7 0.9
v -3.6 1.1 0.9
v -3.6 1.2 0.9
v -3.6 1.5 0.9
v -3.6 1.6 0.9
v -3.6 1.8 0.9
v -3.6 2.2 0.9
v -3.6 2.3 0.9
v -3.6 2.7 0.9
v -3.6 2.9 0.9
v -3.6 3.1 0.9
v -3.6 3.3 0.9
v -3.6 3.4 0.9
v -3.6 3.5 0.9
v -3.6 3.7 0.9
v -3.6 3.9 0.9
v -3.6 4 0.9
v -3.6 4.1 0.9
v -3.6 4.2 0.9
v -3.6 4.3 0.9
v -3.6 4.4 0.9
v -3.6 4.5 0.9
v -3.6 5 0.9
v -3.6 5.1 0.9
v -3.6 8.9 0.9
v -3.6 9 0.9
v -3.6 9.1 0.9
v -3.6 9.2 0.9
v -3.6 9.6 0.9
v -3.6 9.7 0.9
v -3.6 9.8 0.9
v -3.6 9.9 0.9
v -3.6 10 0.9
v -3.6 10.5 0.9
v -3.6 10.6 0.9
v -3.6 10.7 0.9
v -3.6 11 0.9
v -3.5 -0.1 0.9
v -3.5 0 0.9
v -3.5 1.8 0.9
v -3.5 1.9 0.9
v -3.5 2.7 0.9
v -3.5 3.3 0.9
v -3.5 3.4 0.9
v -3.5 3.5 0.9
v -3.5 3.6 0.9
v -3.5 3.8 0.9
v -3.5 3.9 0.9
v -3.5 4.1 0.9
v -3.5 4.2 0.9
v -3.5 4.5 0.9
v -3.5 4.6 0.9
v -3.5 8.6 0.9
v -3.5 8.7 0.9
v -3.5 8.8 0.9
v -3.5 8.9 0.9
v -3.5 9 0.9
v -3.5 9.1 0.9
v -3.5 9.3 0.9
v -3.5 9.7 0.9
v -3.5 9.9 0.9
v -3.5 10.2 0.9
v -3.5 10.4 0.9
v -3.5 10.5 0.9
v -3.5 10.6 0.9
v -3.5 11 0.9
v -3.5 11.1 0.9
v -3.4 -0.1 0.9
v -3.4 0.5 0.9
v -3.4 0.9 0.9
v -3.4 1 0.9
v -3.4 1.1 0.9
v -3.4 1.3 0.9
v -3.4 1.4 0.9
v -3.4 1.5 0.9
v -3.4 3.4 0.9
v -3.4 3.5 0.9
v -3.4 3.6 0.9
v -3.4 3.7 0.9
v -3.4 3.8 0.9
v -3.4 3.9 0.9
v -3.4 4 0.9
v -3.4 4.3 0.9
v -3.4 4.4 0.9
v -3.4 5.1 0.9
v -3.4 8.3 0.9
v -3.4 8.8 0.9
v -3.4 8.9 0.9
v -3.4 9 0.9
v -3.4 9.2 0.9
v -3.4 9.3 0.9
v -3.4 9.4 0.9
v -3.4 9.8 0.9
v -3.4 10.2 0.9
v -3.4 10.4 0.9
v -3.4 10.5 0.9
v -3.4 10.6 0.9
v -3.4 10.9 0.9
v -3.4 11 0.9
v -3.4 11.1 0.9
v -3.3 -0.1 0.9
v -3.3 0.5 0.9
v -3.3 1 0.9
v -3.3 1.2 0.9
v -3.3 1.3 0.9
v -3.3 1.4 0.9
v -3.3 1.8 0.9
v -3.3 1.9 0.9
v -3.3 2.7 0.9
v -3.3 2.9 0.9
v -3.3 3.1 0.9
v -3.3 3.2 0.9
v -3.3 3.3 0.9
v -3.3 3.4 0.9
v -3.3 3.5 0.9
v -3.3 3.6 0.9
v -3.3 4 0.9
v -3.3 4.1 0.9
v -3.3 4.4 0.9
v -3.3 4.5 0.9
v -3.3 5 0.9
v -3.3 5.1 0.9
v -3.3 8.3 0.9
v -3.3 8.5 0.9
v -3.3 8.6 0.9
v -3.3 8.8 0.9
v -3.3 9 0.9
v -3.3 9.1 0.9
v -3.3 9.3 0.9
v -3.3 10 0.9
v -3.3 10.1 0.9
v -3.3 10.2 0.9
v -3.3 10.4 0.9
v -3.2 -0.1 0.9
v -3.2 0.4 0.9
v -3.2 0.9 0.9
v -3.2 1.4 0.9
v -3.2 1.5 0.9
v -3.2 1.8 0.9
v -3.2 2.2 0.9
v -3.2 2.3 0.9
v -3.2 2.6 0.9
v -3.2 3.3 0.9
v -3.2 3.4 0.9
v -3.2 3.5 0.9
v -3.2 3.6 0.9
v -3.2 3.7 0.9
v -3.2 3.8 0.9
v -3.2 3.9 0.9
v -3.2 4.9 0.9
v -3.2 5 0.9
v -3.2 8.6 0.9
v -3.2 8.7 0.9
v -3.2 9.1 0.9
v -3.2 9.2 0.9
v -3.2 9.5 0.9
v -3.2 9.8 0.9
v -3.2 9.9 0.9
v -3.2 10 0.9
v -3.2 10.3 0.9
v -3.2 10.5 0.9
v -3.2 10.8 0.9
v -3.2 10.9 0.9
v -3.1 -0.1 0.9
v -3.1 0.1 0.9
v -3.1 0.2 0.9
v -3.1 0.4 0.9
v -3.1 0.5 0.9
v -3.1 0.9 0.9
v -3.1 1.1 0.9
v -3.1 1.2 0.9
v -3.1 1.4 0.9
v -3.1 1.8 0.9
v -3.1 1.9 0.9
v -3.1 2 0.9
v -3.1 2.9 0.9
v -3.1 3 0.9
v -3.1 3.2 0.9
v -3.1 3.4 0.9
v -3.1 3.5 0.9
v -3.1 3.6 0.9
v -3.1 3.7 0.9
v -3.1 3.8 0.9
v -3.1 3.9 0.9
v -3.1 4 0.9
v -3.1 4.1 0.9
v -3.1 4.4 0.9
v -3.1 4.7 0.9
v -3.1 4.8 0.9
v -3.1 9.4 0.9
v -3.1 9.5 0.9
v -3.1 9.6 0.9
v -3.1 9.7 0.9
v -3.1 9.8 0.9
v -3.1 9.9 0.9
v -3.1 10 0.9
v -3.1 10.1 0.9
v -3 2 0.9
v -3 2.1 0.9
v -3 2.2 0.9
v -3 2.3 0.9
v -3 2.6 0.9
v -3 2.7 0.9
v -3 2.8 0.9
v -3 2.9 0.9
v -3 3 0.9
v -3 3.1 0.9
v -3 3.5 0.9
v -3 3.6 0.9
v -3 3.7 0.9
v -3 3.9 0.9
v -3 4 0.9
v -3 4.4 0.9
v -3 4.6 0.9
v -3 4.7 0.9
v -3 4.8 0.9
v -3 5.3 0.9
v -3 8.1 0.9
v -3 9.1 0.9
v -3 9.2 0.9
v -3 9.3 0.9
v -3 9.5 0.9
v -3 9.6 0.9
v -3 9.8 0.9
v -3 9.9 0.9
v -3 10 0.9
v -3 10.7 0.9
v -3 10.8 0.9
v -3 11 0.9
v -3 11.1 0.9
v -2.9 -0.1 0.9
v -2.9 0.1 0.9
v -2.9 0.2 0.9
v -2.9 0.4 0.9
v -2.9 0.5 0.9
v -2.9 1 0.9
v -2.9 1.1 0.9
v -2.9 1.8 0.9
v -2.9 1.9 0.9
v -2.9 2.3 0.9
v -2.9 2.6 0.9
v -2.9 2.7 0.9
v -2.9 2.8 0.9
v -2.9 3.4 0.9
v -2.9 3.5 0.9
v -2.9 3.6 0.9
v -2.9 3.7 0.9
v -2.9 3.9 0.9
v -2.9 4 0.9
v -2.9 4.1 0.9
v -2.9 4.2 0.9
v -2.9 5.2 0.9
v -2.9 5.3 0.9
v -2.9 8.1 0.9
v -2.9 9.4 0.9
v -2.9 9.5 0.9
v -2.9 9.6 0.9
v -2.9 10.6 0.9
v -2.9 10.7 0.9
v -2.8 -0.1 0.9
v -2.8 0.4 0.9
v -2.8 0.9 0.9
v -2.8 1 0.9
v -2.8 1.1 0.9
v -2.8 1.2 0.9
v -2.8 1.4 0.9
v -2.8 1.5 0.9
v -2.8 1.8 0.9
v -2.8 2.1 0.9
v -2.8 3.5 0.9
v -2.8 3.6 0.9
v -2.8 4 0.9
v -2.8 4.1 0.9
v -2.8 4.2 0.9
v -2.8 4.3 0.9
v -2.8 5.1 0.9
v -2.8 5.2 0.9
v -2.8 5.3 0.9
v -2.8 5.4 0.9
v -2.8 8 0.9
v -2.8 9 0.9
v -2.8 9.1 0.9
v -2.8 9.5 0.9
v -2.8 9.7 0.9
v -2.8 10.2 0.9
v -2.8 10.3 0.9
v -2.7 -0.1 0.9
v -2.7 0.5 0.9
v -2.7 0.9 0.9
v -2.7 1.1 0.9
v -2.7 1.2 0.9
v -2.7 1.4 0.9
v -2.7 3.4 0.9
v -2.7 3.5 0.9
v -2.7 3.8 0.9
v -2.7 3.9 0.9
v -2.7 4 0.9
v -2.7 4.1 0.9
v -2.7 4.2 0.9
v -2.7 5.4 0.9
v -2.7 8 0.9
v -2.7 8.1 0.9
v -2.7 8.2 0.9
v -2.7 8.9 0.9
v -2.7 9 0.9
v -2.7 9.1 0.9
v -2.7 9.2 0.9
v -2.7 9.8 0.9
v -2.7 9.9 0.9
v -2.7 10.1 0.9
v -2.7 10.2 0.9
v -2.7 10.5 0.9
v -2.7 10.6 0.9
v -2.7 10.9 0.9
v -2.7 11 0.9
v -2.7 11.1 0.9
v -2.6 -0.1 0.9
v -2.6 0.3 0.9
v -2.6 0.4 0.9
v -2.6 0.5 0.9
v -2.6 2.9 0.9
v -2.6 3 0.9
v -2.6 3.1 0.9
v -2.6 3.2 0.9
v -2.6 3.5 0.9
v -2.6 3.6 0.9
v -2.6 3.7 0.9
v -2.6 3.9 0.9
v -2.6 4.1 0.9
v -2.6 4.2 0.9
v -2.6 4.3 0.9
v -2.6 5.3 0.9
v -2.6 5.4 0.9
v -2.6 5.6 0.9
v -2.6 6.4 0.9
v -2.6 7.1 0.9
v -2.6 7.7 0.9
v -2.6 8 0.9
v -2.6 8.1 0.9
v -2.6 8.8 0.9
v -2.6 8.9 0.9
v -2.6 9 0.9
v -2.6 9.1 0.9
v -2.6 9.4 0.9
v -2.6 9.5 0.9
v -2.6 9.6 0.9
v -2.6 9.7 0.9
v -2.6 9.8 0.9
v -2.6 10.1 0.9
v -2.6 10.2 0.9
v -2.6 10.5 0.9
v -2.6 10.6 0.9
v -2.6 10.9 0.9
v -2.6 11 0.9
v -2.6 11.1 0.9
v -2.5 0.2 0.9
v -2.5 0.3 0.9
v -2.5 0.4 0.9
v -2.5 0.9 0.9
v -2.5 1.4 0.9
v -2.5 4.2 0.9
v -2.5 4.3 0.9
v -2.5 5.5 0.9
v -2.5 5.6 0.9
v -2.5 6.4 0.9
v -2.5 7.1 0.9
v -2.5 7.7 0.9
v -2.5 7.8 0.9
v -2.5 8.8 0.9
v -2.5 9 0.9
v -2.5 9.5 0.9
v -2.5 9.6 0.9
v -2.5 9.9 0.9
v -2.5 11.1 0.9
v -2.4 0.2 0.9
v -2.4 0.3 0.9
v -2.4 0.4 0.9
v -2.4 0.9 0.9
v -2.4 1.1 0.9
v -2.4 1.2 0.9
v -2.4 1.4 0.9
v -2.4 1.5 0.9
v -2.4 2.9 0.9
v -2.4 3 0.9
v -2.4 3.1 0.9
v -2.4 3.8 0.9
v -2.4 3.9 0.9
v -2.4 4 0.9
v -2.4 4.1 0.9
v -2.4 4.3 0.9
v -2.4 5 0.9
v -2.4 5.1 0.9
v -2.4 5.2 0.9
v -2.4 6.7 0.9
v -2.4 7.2 0.9
v -2.4 7.8 0.9
v -2.4 7.9 0.9
v -2.4 9.4 0.9
v -2.4 9.5 0.9
v -2.4 9.6 0.9
v -2.4 9.7 0.9
v -2.4 9.9 0.9
v -2.4 10.1 0.9
v -2.4 10.2 0.9
v -2.4 10.3 0.9
v -2.4 10.4 0.9
v -2.4 10.6 0.9
v -2.4 10.8 0.9
v -2.4 10.9 0.9
v -2.3 -0.1 0.9
v -2.3 0.3 0.9
v -2.3 0.4 0.9
v -2.3 0.5 0.9
v -2.3 2.2 0.9
v -2.3 2.3 0.9
v -2.3 3.2 0.9
v -2.3 3.3 0.9
v -2.3 4 0.9
v -2.3 4.1 0.9
v -2.3 4.3 0.9
v -2.3 6.6 0.9
v -2.3 6.7 0.9
v -2.3 7.2 0.9
v -2.3 7.3 0.9
v -2.3 9.4 0.9
v -2.3 9.6 0.9
v -2.3 9.7 0.9
v -2.3 9.9 0.9
v -2.3 10.1 0.9
v -2.3 10.2 0.9
v -2.3 10.3 0.9
v -2.3 10.4 0.9
v -2.3 10.6 0.9
v -2.3 10.7 0.9
v -2.3 10.8 0.9
v -2.2 -0.1 0.9
v -2.2 0.5 0.9
v -2.2 1.9 0.9
v -2.2 2 0.9
v -2.2 2.3 0.9
v -2.2 2.4 0.9
v -2.2 3 0.9
v -2.2 3.1 0.9
v -2.2 3.5 0.9
v -2.2 3.6 0.9
v -2.2 3.7 0.9
v -2.2 3.8 0.9
v -2.2 3.9 0.9
v -2.2 4 0.9
v -2.2 4.1 0.9
v -2.2 4.3 0.9
v -2.2 6.5 0.9
v -2.2 6.6 0.9
v -2.2 7.3 0.9
v -2.2 7.4 0.9
v -2.2 9 0.9
v -2.2 9.1 0.9
v -2.2 9.5 0.9
v -2.2 9.6 0.9
v -2.2 9.7 0.9
v -2.2 9.8 0.9
v -2.2 9.9 0.9
v -2.2 10.1 0.9
v -2.2 10.6 0.9
v -2.2 10.8 0.9
v -2.2 10.9 0.9
v -2.2 11 0.9
v -2.2 11.1 0.9
v -2.1 -0.1 0.9
v -2.1 0.5 0.9
v -2.1 0.9 0.9
v -2.1 1.1 0.9
v -2.1 1.2 0.9
v -2.1 1.4 0.9
v -2.1 1.5 0.9
v -2.1 1.7 0.9
v -2.1 1.8 0.9
v -2.1 1.9 0.9
v -2.1 2 0.9
v -2.1 2.1 0.9
v -2.1 2.2 0.9
v -2.1 2.3 0.9
v -2.1 2.4 0.9
v -2.1 2.5 0.9
v -2.1 3.3 0.9
v -2.1 3.4 0.9
v -2.1 3.6 0.9
v -2.1 3.7 0.9
v -2.1 3.8 0.9
v -2.1 3.9 0.9
v -2.1 4 0.9
v -2.1 4.3 0.9
v -2.1 6.4 0.9
v -2.1 6.5 0.9
v -2.1 6.9 0.9
v -2.1 7.1 0.9
v -2.1 7.2 0.9
v -2.1 7.4 0.9
v -2.1 7.5 0.9
v -2.1 8.9 0.9
v -2.1 9.1 0.9
v -2.1 9.2 0.9
v -2.1 9.3 0.9
v -2.1 9.4 0.9
v -2.1 9.5 0.9
v -2.1 9.6 0.9
v -2.1 9.7 0.9
v -2.1 9.8 0.9
v -2.1 10.1 0.9
v -2.1 10.6 0.9
v -2 -0.1 0.9
v -2 0.1 0.9
v -2 0.2 0.9
v -2 0.4 0.9
v -2 0.9 0.9
v -2 1.4 0.9
v -2 3.1 0.9
v -2 3.4 0.9
v -2 3.5 0.9
v -2 3.7 0.9
v -2 3.9 0.9
v -2 4 0.9
v -2 4.3 0.9
v -2 6.3 0.9
v -2 6.4 0.9
v -2 6.9 0.9
v -2 7.1 0.9
v -2 7.2 0.9
v -2 7.3 0.9
v -2 7.5 0.9
v -2 7.6 0.9
v -2 8.8 0.9
v -2 8.9 0.9
v -2 9 0.9
v -2 9.1 0.9
v -2 9.2 0.9
v -2 9.3 0.9
v -2 9.4 0.9
v -2 9.6 0.9
v -2 10.8 0.9
v -2 10.9 0.9
v -1.9 0.9 0.9
v -1.9 1.4 0.9
v -1.9 1.5 0.9
v -1.9 2.1 0.9
v -1.9 2.2 0.9
v -1.9 3.2 0.9
v -1.9 3.4 0.9
v -1.9 3.5 0.9
v -1.9 4.3 0.9
v -1.9 6.2 0.9
v -1.9 6.3 0.9
v -1.9 6.9 0.9
v -1.9 7.1 0.9
v -1.9 7.2 0.9
v -1.9 7.3 0.9
v -1.9 7.4 0.9
v -1.9 7.6 0.9
v -1.9 7.7 0.9
v -1.9 8.8 0.9
v -1.9 9 0.9
v -1.9 9.1 0.9
v -1.9 9.2 0.9
v -1.9 9.3 0.9
v -1.9 9.4 0.9
v -1.9 10.5 0.9
v -1.9 10.6 0.9
v -1.9 10.8 0.9
v -1.9 10.9 0.9
v -1.8 0.1 0.9
v -1.8 0.2 0.9
v -1.8 0.4 0.9
v -1.8 0.5 0.9
v -1.8 1 0.9
v -1.8 1.4 0.9
v -1.8 2.1 0.9
v -1.8 2.2 0.9
v -1.8 2.3 0.9
v -1.8 3.3 0.9
v -1.8 3.5 0.9
v -1.8 3.6 0.9
v -1.8 3.8 0.9
v -1.8 4.3 0.9
v -1.8 6 0.9
v -1.8 6.2 0.9
v -1.8 7.1 0.9
v -1.8 7.2 0.9
v -1.8 7.3 0.9
v -1.8 7.4 0.9
v -1.8 8.5 0.9
v -1.8 8.6 0.9
v -1.8 8.7 0.9
v -1.8 8.8 0.9
v -1.8 9.1 0.9
v -1.8 9.2 0.9
v -1.8 9.3 0.9
v -1.8 9.4 0.9
v -1.8 10 0.9
v -1.8 10.4 0.9
v -1.7 0.2 0.9
v -1.7 0.4 0.9
v -1.7 1.3 0.9
v -1.7 1.4 0.9
v -1.7 2.8 0.9
v -1.7 2.9 0.9
v -1.7 3.4 0.9
v -1.7 3.5 0.9
v -1.7 3.6 0.9
v -1.7 3.8 0.9
v -1.7 3.9 0.9
v -1.7 4.3 0.9
v -1.7 5.9 0.9
v -1.7 6 0.9
v -1.7 8.7 0.9
v -1.7 8.8 0.9
v -1.7 8.9 0.9
v -1.7 9.1 0.9
v -1.7 9.4 0.9
v -1.7 9.9 0.9
v -1.7 10 0.9
v -1.7 10.4 0.9
v -1.7 10.6 0.9
v -1.7 10.7 0.9
v -1.6 1.5 0.9
v -1.6 1.6 0.9
v -1.6 2 0.9
v -1.6 2.1 0.9
v -1.6 2.9 0.9
v -1.6 3 0.9
v -1.6 3.4 0.9
v -1.6 3.5 0.9
v -1.6 3.6 0.9
v -1.6 3.7 0.9
v -1.6 3.9 0.9
v -1.6 5.8 0.9
v -1.6 5.9 0.9
v -1.6 7.2 0.9
v -1.6 7.3 0.9
v -1.6 7.4 0.9
v -1.6 7.6 0.9
v -1.6 7.7 0.9
v -1.6 8.7 0.9
v -1.6 8.8 0.9
v -1.6 8.9 0.9
v -1.6 9.3 0.9
v -1.6 9.9 0.9
v -1.6 10.4 0.9
v -1.6 10.5 0.9
v -1.6 10.6 0.9
v -1.6 10.7 0.9
v -1.6 10.8 0.9
v -1.6 10.9 0.9
v -1.6 11 0.9
v -1.6 11.1 0.9
v -1.5 0.9 0.9
v -1.5 1 0.9
v -1.5 1.3 0.9
v -1.5 1.4 0.9
v -1.5 1.5 0.9
v -1.5 3.4 0.9
v -1.5 3.5 0.9
v -1.5 4.4 0.9
v -1.5 4.5 0.9
v -1.5 5.7 0.9
v -1.5 5.8 0.9
v -1.5 7.3 0.9
v -1.5 7.4 0.9
v -1.5 7.5 0.9
v -1.5 7.6 0.9
v -1.5 8.9 0.9
v -1.5 9 0.9
v -1.5 9.4 0.9
v -1.5 9.9 0.9
v -1.5 10.4 0.9
v -1.5 10.9 0.9
v -1.5 11 0.9
v -1.4 -0.1 0.9
v -1.4 0.5 0.9
v -1.4 1 0.9
v -1.4 1.3 0.9
v -1.4 1.4 0.9
v -1.4 1.9 0.9
v -1.4 2 0.9
v -1.4 2.1 0.9
v -1.4 2.7 0.9
v -1.4 2.8 0.9
v -1.4 3 0.9
v -1.4 3.1 0.9
v -1.4 3.2 0.9
v -1.4 3.3 0.9
v -1.4 3.4 0.9
v -1.4 3.5 0.9
v -1.4 3.6 0.9
v -1.4 3.7 0.9
v -1.4 3.8 0.9
v -1.4 4.3 0.9
v -1.4 4.4 0.9
v -1.4 5.6 0.9
v -1.4 5.7 0.9
v -1.4 7.4 0.9
v -1.4 7.5 0.9
v -1.4 9 0.9
v -1.4 9.1 0.9
v -1.4 9.4 0.9
v -1.4 9.9 0.9
v -1.4 10.6 0.9
v -1.4 10.7 0.9
v -1.4 10.8 0.9
v -1.4 10.9 0.9
v -1.3 0 0.9
v -1.3 0.1 0.9
v -1.3 0.3 0.9
v -1.3 0.4 0.9
v -1.3 0.9 0.9
v -1.3 1.3 0.9
v -1.3 1.4 0.9
v -1.3 1.5 0.9
v -1.3 1.7 0.9
v -1.3 1.8 0.9
v -1.3 2.3 0.9
v -1.3 2.4 0.9
v -1.3 2.8 0.9
v -1.3 2.9 0.9
v -1.3 3.4 0.9
v -1.3 3.5 0.9
v -1.3 3.6 0.9
v -1.3 3.7 0.9
v -1.3 3.8 0.9
v -1.3 4.2 0.9
v -1.3 4.3 0.9
v -1.3 4.4 0.9
v -1.3 9.5 0.9
v -1.3 10.2 0.9
v -1.3 10.9 0.9
v -1.3 11 0.9
v -1.2 1 0.9
v -1.2 1.1 0.9
v -1.2 1.2 0.9
v -1.2 1.3 0.9
v -1.2 1.4 0.9
v -1.2 1.8 0.9
v -1.2 1.9 0.9
v -1.2 2.6 0.9
v -1.2 2.7 0.9
v -1.2 3.3 0.9
v -1.2 3.4 0.9
v -1.2 3.5 0.9
v -1.2 3.6 0.9
v -1.2 3.7 0.9
v -1.2 3.8 0.9
v -1.2 3.9 0.9
v -1.2 4 0.9
v -1.2 4.1 0.9
v -1.2 4.2 0.9
v -1.2 4.3 0.9
v -1.2 5.6 0.9
v -1.2 5.8 0.9
v -1.2 9 0.9
v -1.2 9.1 0.9
v -1.2 9.5 0.9
v -1.2 10.2 0.9
v -1.2 10.9 0.9
v -1.1 -0.1 0.9
v -1.1 0 0.9
v -1.1 0.1 0.9
v -1.1 0.2 0.9
v -1.1 0.3 0.9
v -1.1 0.4 0.9
v -1.1 0.5 0.9
v -1.1 1.7 0.9
v -1.1 1.8 0.9
v -1.1 1.9 0.9
v -1.1 2.5 0.9
v -1.1 2.6 0.9
v -1.1 3.1 0.9
v -1.1 3.3 0.9
v -1.1 3.4 0.9
v -1.1 3.5 0.9
v -1.1 3.6 0.9
v -1.1 3.8 0.9
v -1.1 3.9 0.9
v -1.1 4 0.9
v -1.1 4.1 0.9
v -1.1 4.4 0.9
v -1.1 5.6 0.9
v -1.1 5.7 0.9
v -1.1 5.8 0.9
v -1.1 5.9 0.9
v -1.1 7.4 0.9
v -1.1 7.5 0.9
v -1.1 8.9 0.9
v -1.1 9 0.9
v -1.1 10.8 0.9
v -1.1 10.9 0.9
v -1.1 11 0.9
v -1.1 11.1 0.9
v -1 0 0.9
v -1 0.1 0.9
v -1 0.2 0.9
v -1 0.4 0.9
v -1 1.3 0.9
v -1 1.4 0.9
v -1 2.3 0.9
v -1 2.4 0.9
v -1 2.5 0.9
v -1 2.6 0.9
v -1 2.7 0.9
v -1 3.5 0.9
v -1 3.8 0.9
v -1 3.9 0.9
v -1 4.4 0.9
v -1 5.7 0.9
v -1 5.8 0.9
v -1 5.9 0.9
v -1 6 0.9
v -1 7.5 0.9
v -1 7.6 0.9
v -1 8.8 0.9
v -1 8.9 0.9
v -1 9.8 0.9
v -1 10.5 0.9
v -1 10.7 0.9
v -1 10.8 0.9
v -1 10.9 0.9
v -1 11 0.9
v -0.9 0 0.9
v -0.9 0.4 0.9
v -0.9 0.7 0.9
v -0.9 0.8 0.9
v -0.9 0.9 0.9
v -0.9 1 0.9
v -0.9 1.1 0.9
v -0.9 1.2 0.9
v -0.9 1.4 0.9
v -0.9 1.5 0.9
v -0.9 1.6 0.9
v -0.9 1.7 0.9
v -0.9 1.8 0.9
v -0.9 2.1 0.9
v -0.9 2.2 0.9
v -0.9 2.5 0.9
v -0.9 2.6 0.9
v -0.9 2.8 0.9
v -0.9 3.1 0.9
v -0.9 3.7 0.9
v -0.9 3.8 0.9
v -0.9 3.9 0.9
v -0.9 4.4 0.9
v -0.9 4.6 0.9
v -0.9 4.7 0.9
v -0.9 5.8 0.9
v -0.9 5.9 0.9
v -0.9 6 0.9
v -0.9 6.1 0.9
v -0.9 7.6 0.9
v -0.9 7.7 0.9
v -0.9 7.8 0.9
v -0.9 7.9 0.9
v -0.9 8 0.9
v -0.9 8.7 0.9
v -0.9 8.8 0.9
v -0.9 9.8 0.9
v -0.9 10.5 0.9
v -0.9 10.6 0.9
v -0.9 10.7 0.9
v -0.9 10.8 0.9
v -0.9 10.9 0.9
v -0.8 -0.1 0.9
v -0.8 0 0.9
v -0.8 0.4 0.9
v -0.8 0.5 0.9
v -0.8 1.5 0.9
v -0.8 1.6 0.9
v -0.8 2.2 0.9
v -0.8 2.5 0.9
v -0.8 2.7 0.9
v -0.8 2.8 0.9
v -0.8 3.2 0.9
v -0.8 3.3 0.9
v -0.8 3.6 0.9
v -0.8 3.7 0.9
v -0.8 3.8 0.9
v -0.8 3.9 0.9
v -0.8 4 0.9
v -0.8 4.4 0.9
v -0.8 4.6 0.9
v -0.8 4.7 0.9
v -0.8 5.9 0.9
v -0.8 6 0.9
v -0.8 6.1 0.9
v -0.8 6.3 0.9
v -0.8 8 0.9
v -0.8 8.1 0.9
v -0.8 9.3 0.9
v -0.8 9.4 0.9
v -0.8 9.8 0.9
v -0.8 10.7 0.9
v -0.8 10.8 0.9
v -0.7 1.6 0.9
v -0.7 1.7 0.9
v -0.7 1.9 0.9
v -0.7 2 0.9
v -0.7 2.1 0.9
v -0.7 2.2 0.9
v -0.7 2.8 0.9
v -0.7 3 0.9
v -0.7 3.5 0.9
v -0.7 3.6 0.9
v -0.7 3.7 0.9
v -0.7 3.8 0.9
v -0.7 3.9 0.9
v -0.7 4 0.9
v -0.7 4.4 0.9
v -0.7 4.6 0.9
v -0.7 4.7 0.9
v -0.7 6 0.9
v -0.7 6.2 0.9
v -0.7 6.3 0.9
v -0.7 6.4 0.9
v -0.7 8.1 0.9
v -0.7 8.2 0.9
v -0.7 8.7 0.9
v -0.7 8.8 0.9
v -0.7 9.3 0.9
v -0.7 9.4 0.9
v -0.7 9.8 0.9
v -0.6 -0.1 0.9
v -0.6 0 0.9
v -0.6 0.4 0.9
v -0.6 0.5 0.9
v -0.6 1.4 0.9
v -0.6 1.5 0.9
v -0.6 1.6 0.9
v -0.6 1.7 0.9
v -0.6 1.8 0.9
v -0.6 2.2 0.9
v -0.6 2.3 0.9
v -0.6 3.6 0.9
v -0.6 3.7 0.9
v -0.6 3.8 0.9
v -0.6 3.9 0.9
v -0.6 4.1 0.9
v -0.6 4.4 0.9
v -0.6 6.2 0.9
v -0.6 6.3 0.9
v -0.6 6.4 0.9
v -0.6 6.5 0.9
v -0.6 7.5 0.9
v -0.6 7.6 0.9
v -0.6 7.7 0.9
v -0.6 8.7 0.9
v -0.6 8.8 0.9
v -0.6 9.2 0.9
v -0.6 9.3 0.9
v -0.6 10.4 0.9
v -0.6 10.6 0.9
v -0.6 10.7 0.9
v -0.6 10.8 0.9
v -0.6 11 0.9
v -0.6 11.1 0.9
v -0.5 0 0.9
v -0.5 0.4 0.9
v -0.5 1.3 0.9
v -0.5 1.4 0.9
v -0.5 2.2 0.9
v -0.5 2.3 0.9
v -0.5 2.9 0.9
v -0.5 3 0.9
v -0.5 3.1 0.9
v -0.5 3.2 0.9
v -0.5 3.4 0.9
v -0.5 3.5 0.9
v -0.5 3.7 0.9
v -0.5 3.8 0.9
v -0.5 3.9 0.9
v -0.5 4 0.9
v -0.5 4.1 0.9
v -0.5 4.3 0.9
v -0.5 4.4 0.9
v -0.5 6.3 0.9
v -0.5 6.4 0.9
v -0.5 6.5 0.9
v -0.5 6.6 0.9
v -0.5 7.4 0.9
v -0.5 7.5 0.9
v -0.5 7.6 0.9
v -0.5 8.7 0.9
v -0.5 8.9 0.9
v -0.5 9.2 0.9
v -0.5 9.3 0.9
v -0.5 10.4 0.9
v -0.4 0 0.9
v -0.4 0.4 0.9
v -0.4 1.2 0.9
v -0.4 1.3 0.9
v -0.4 1.4 0.9
v -0.4 1.5 0.9
v -0.4 3.5 0.9
v -0.4 3.6 0.9
v -0.4 3.7 0.9
v -0.4 3.8 0.9
v -0.4 3.9 0.9
v -0.4 4 0.9
v -0.4 4.3 0.9
v -0.4 4.4 0.9
v -0.4 4.6 0.9
v -0.4 4.7 0.9
v -0.4 6.4 0.9
v -0.4 6.5 0.9
v -0.4 6.6 0.9
v -0.4 6.7 0.9
v -0.4 7.3 0.9
v -0.4 7.4 0.9
v -0.4 7.5 0.9
v -0.4 9.3 0.9
v -0.4 9.6 0.9
v -0.4 9.8 0.9
v -0.4 10 0.9
v -0.4 10.5 0.9
v -0.4 10.6 0.9
v -0.2 -0.1 0.9
v -0.2 0 0.9
v -0.2 0.4 0.9
v -0.2 0.5 0.9
v -0.2 1.1 0.9
v -0.2 1.2 0.9
v -0.2 1.7 0.9
v -0.2 1.8 0.9
v -0.2 3.5 0.9
v -0.2 3.7 0.9
v -0.2 3.8 0.9
v -0.2 4.3 0.9
v -0.2 4.6 0.9
v -0.2 4.7 0.9
v -0.2 6.5 0.9
v -0.2 6.6 0.9
v -0.2 6.7 0.9
v -0.2 6.8 0.9
v -0.2 7.2 0.9
v -0.2 7.3 0.9
v -0.2 7.4 0.9
v -0.2 8.7 0.9
v -0.2 8.9 0.9
v -0.2 9.8 0.9
v -0.2 9.9 0.9
v -0.2 10.6 0.9
v -0.2 10.7 0.9
v -0.2 10.8 0.9
v -0.2 10.9 0.9
v -0.0999999 1.3 0.9
v -0.0999999 1.4 0.9
v -0.0999999 1.6 0.9
v -0.0999999 1.7 0.9
v -0.0999999 1.8 0.9
v -0.0999999 1.9 0.9
v -0.0999999 2 0.9
v -0.0999999 2.1 0.9
v -0.0999999 2.2 0.9
v -0.0999999 2.8 0.9
v -0.0999999 2.9 0.9
v -0.0999999 3 0.9
v -0.0999999 3.2 0.9
v -0.0999999 3.4 0.9
v -0.0999999 3.6 0.9
v -0.0999999 3.8 0.9
v -0.0999999 3.9 0.9
v -0.0999999 4.4 0.9
v -0.0999999 6.6 0.9
v -0.0999999 6.8 0.9
v -0.0999999 7.2 0.9
v -0.0999999 7.3 0.9
v -0.0999999 9.5 0.9
v -0.0999999 9.6 0.9
v -0.0999999 10.7 0.9
v -0.0999999 10.8 0.9
v 0 -0.1 0.9
v 0 0 0.9
v 0 0.4 0.9
v 0 0.5 0.9
v 0 1 0.9
v 0 1.1 0.9
v 0 1.3 0.9
v 0 3.3 0.9
v 0 3.6 0.9
v 0 3.7 0.9
v 0 3.8 0.9
v 0 3.9 0.9
v 0 4 0.9
v 0 4.4 0.9
v 0 4.6 0.9
v 0 4.7 0.9
v 0 6.8 0.9
v 0 7.2 0.9
v 0 7.7 0.9
v 0 7.8 0.9
v 0 10 0.9
v 0 10.2 0.9
v 0 10.5 0.9
v 0 10.6 0.9
v 0 10.9 0.9
v 0 11.1 0.9
v 0.0999999 0 0.9
v 0.0999999 0.4 0.9
v 0.0999999 1.8 0.9
v 0.0999999 1.9 0.9
v 0.0999999 2 0.9
v 0.0999999 2.1 0.9
v 0.0999999 2.9 0.9
v 0.0999999 3 0.9
v 0.0999999 3.1 0.9
v 0.0999999 3.2 0.9
v 0.0999999 3.5 0.9
v 0.0999999 3.6 0.9
v 0.0999999 3.7 0.9
v 0.0999999 3.8 0.9
v 0.0999999 4 0.9
v 0.0999999 4.1 0.9
v 0.0999999 4.3 0.9
v 0.0999999 4.4 0.9
v 0.0999999 4.5 0.9
v 0.0999999 4.6 0.9
v 0.0999999 8.9 0.9
v 0.0999999 9 0.9
v 0.0999999 10.8 0.9
v 0.0999999 10.9 0.9
v 0.2 0.2 0.9
v 0.2 0.4 0.9
v 0.2 0.9 0.9
v 0.2 1 0.9
v 0.2 1.1 0.9
v 0.2 1.3 0.9
v 0.2 1.4 0.9
v 0.2 2.1 0.9
v 0.2 2.2 0.9
v 0.2 3.2 0.9
v 0.2 3.3 0.9
v 0.2 3.4 0.9
v 0.2 3.5 0.9
v 0.2 3.6 0.9
v 0.2 3.8 0.9
v 0.2 3.9 0.9
v 0.2 4.1 0.9
v 0.2 4.2 0.9
v 0.2 4.3 0.9
v 0.2 4.4 0.9
v 0.2 5.5 0.9
v 0.2 5.6 0.9
v 0.2 6.8 0.9
v 0.2 7.2 0.9
v 0.2 8.8 0.9
v 0.2 8.9 0.9
v 0.2 9 0.9
v 0.2 9.2 0.9
v 0.2 9.3 0.9
v 0.2 9.6 0.9
v 0.2 9.7 0.9
v 0.2 10.3 0.9
v 0.2 10.5 0.9
v 0.2 10.9 0.9
v 0.2 11 0.9
v 0.3 -0.1 0.9
v 0.3 0 0.9
v 0.3 0.1 0.9
v 0.3 0.2 0.9
v 0.3 0.4 0.9
v 0.3 0.5 0.9
v 0.3 1.3 0.9
v 0.3 1.4 0.9
v 0.3 1.6 0.9
v 0.3 1.7 0.9
v 0.3 1.8 0.9
v 0.3 1.9 0.9
v 0.3 2 0.9
v 0.3 2.1 0.9
v 0.3 3.3 0.9
v 0.3 3.4 0.9
v 0.3 3.5 0.9
v 0.3 3.6 0.9
v 0.3 3.7 0.9
v 0.3 3.8 0.9
v 0.3 4 0.9
v 0.3 4.1 0.9
v 0.3 4.2 0.9
v 0.3 4.3 0.9
v 0.3 4.5 0.9
v 0.3 5 0.9
v 0.3 5.1 0.9
v 0.3 5.2 0.9
v 0.3 5.6 0.9
v 0.3 6.8 0.9
v 0.3 7.2 0.9
v 0.3 7.7 0.9
v 0.3 8.7 0.9
v 0.3 8.8 0.9
v 0.3 9.4 0.9
v 0.3 9.5 0.9
v 0.3 9.6 0.9
v 0.3 9.7 0.9
v 0.3 9.9 0.9
v 0.3 10 0.9
v 0.3 10.3 0.9
v 0.3 10.5 0.9
v 0.3 10.9 0.9
v 0.4 0.8 0.9
v 0.4 0.9 0.9
v 0.4 1 0.9
v 0.4 1.1 0.9
v 0.4 3 0.9
v 0.4 3.1 0.9
v 0.4 3.2 0.9
v 0.4 3.3 0.9
v 0.4 3.4 0.9
v 0.4 3.5 0.9
v 0.4 3.6 0.9
v 0.4 3.7 0.9
v 0.4 3.8 0.9
v 0.4 3.9 0.9
v 0.4 4 0.9
v 0.4 4.1 0.9
v 0.4 4.2 0.9
v 0.4 4.3 0.9
v 0.4 5.4 0.9
v 0.4 7.9 0.9
v 0.4 8 0.9
v 0.4 8.8 0.9
v 0.4 8.9 0.9
v 0.4 9 0.9
v 0.4 9.4 0.9
v 0.4 9.5 0.9
v 0.4 9.9 0.9
v 0.4 10 0.9
v 0.4 10.2 0.9
v 0.5 -0.1 0.9
v 0.5 0 0.9
v 0.5 0.1 0.9
v 0.5 0.2 0.9
v 0.5 0.4 0.9
v 0.5 0.5 0.9
v 0.5 0.8 0.9
v 0.5 0.9 0.9
v 0.5 1.4 0.9
v 0.5 1.5 0.9
v 0.5 1.7 0.9
v 0.5 1.8 0.9
v 0.5 1.9 0.9
v 0.5 2.7 0.9
v 0.5 2.8 0.9
v 0.5 3.2 0.9
v 0.5 3.3 0.9
v 0.5 3.4 0.9
v 0.5 3.5 0.9
v 0.5 3.6 0.9
v 0.5 3.9 0.9
v 0.5 4 0.9
v 0.5 4.1 0.9
v 0.5 4.2 0.9
v 0.5 4.4 0.9
v 0.5 4.5 0.9
v 0.5 4.6 0.9
v 0.5 4.7 0.9
v 0.5 4.8 0.9
v 0.5 5.1 0.9
v 0.5 5.2 0.9
v 0.5 5.3 0.9
v 0.5 7.9 0.9
v 0.5 8 0.9
v 0.5 8.1 0.9
v 0.5 9.3 0.9
v 0.5 9.5 0.9
v 0.5 9.7 0.9
v 0.5 9.9 0.9
v 0.5 10 0.9
v 0.6 0 0.9
v 0.6 0.1 0.9
v 0.6 0.8 0.9
v 0.6 0.9 0.9
v 0.6 1 0.9
v 0.6 1.1 0.9
v 0.6 1.3 0.9
v 0.6 1.4 0.9
v 0.6 1.5 0.9
v 0.6 3.4 0.9
v 0.6 3.5 0.9
v 0.6 4.3 0.9
v 0.6 4.4 0.9
v 0.6 4.7 0.9
v 0.6 4.8 0.9
v 0.6 4.9 0.9
v 0.6 5.3 0.9
v 0.6 5.5 0.9
v 0.6 7.3 0.9
v 0.6 8 0.9
v 0.6 9 0.9
v 0.6 9.1 0.9
v 0.6 9.2 0.9
v 0.6 9.3 0.9
v 0.6 9.5 0.9
v 0.6 9.7 0.9
v 0.6 9.9 0.9
v 0.6 10.4 0.9
v 0.6 11 0.9
v 0.7 0.4 0.9
v 0.7 0.5 0.9
v 0.7 0.7 0.9
v 0.7 0.8 0.9
v 0.7 0.9 0.9
v 0.7 1 0.9
v 0.7 1.4 0.9
v 0.7 1.5 0.9
v 0.7 2 0.9
v 0.7 2.1 0.9
v 0.7 2.6 0.9
v 0.7 2.7 0.9
v 0.7 3.4 0.9
v 0.7 3.5 0.9
v 0.7 3.8 0.9
v 0.7 3.9 0.9
v 0.7 4 0.9
v 0.7 4.2 0.9
v 0.7 4.3 0.9
v 0.7 5.5 0.9
v 0.7 7.3 0.9
v 0.7 8.9 0.9
v 0.7 9 0.9
v 0.7 9.4 0.9
v 0.7 9.6 0.9
v 0.7 9.9 0.9
v 0.7 10.4 0.9
v 0.7 10.9 0.9
v 0.7 11 0.9
v 0.8 -0.1 0.9
v 0.8 0.4 0.9
v 0.8 0.6 0.9
v 0.8 0.7 0.9
v 0.8 0.8 0.9
v 0.8 1.2 0.9
v 0.8 1.3 0.9
v 0.8 1.4 0.9
v 0.8 1.5 0.9
v 0.8 1.6 0.9
v 0.8 1.7 0.9
v 0.8 1.8 0.9
v 0.8 1.9 0.9
v 0.8 2 0.9
v 0.8 2.1 0.9
v 0.8 3.3 0.9
v 0.8 3.4 0.9
v 0.8 3.8 0.9
v 0.8 3.9 0.9
v 0.8 4 0.9
v 0.8 4.1 0.9
v 0.8 4.4 0.9
v 0.8 4.5 0.9
v 0.8 4.6 0.9
v 0.8 4.7 0.9
v 0.8 4.9 0.9
v 0.8 8.5 0.9
v 0.8 8.7 0.9
v 0.8 8.9 0.9
v 0.8 9 0.9
v 0.8 9.1 0.9
v 0.8 9.3 0.9
v 0.8 9.4 0.9
v 0.8 9.6 0.9
v 0.8 10.4 0.9
v 0.8 10.8 0.9
v 0.8 10.9 0.9
v 0.8 11 0.9
v 0.8 11.1 0.9
v 0.9 -0.1 0.9
v 0.9 0.4 0.9
v 0.9 0.6 0.9
v 0.9 0.7 0.9
v 0.9 0.8 0.9
v 0.9 0.9 0.9
v 0.9 2.5 0.9
v 0.9 2.6 0.9
v 0.9 3.2 0.9
v 0.9 3.3 0.9
v 0.9 3.8 0.9
v 0.9 3.9 0.9
v 0.9 4.1 0.9
v 0.9 4.2 0.9
v 0.9 4.7 0.9
v 0.9 4.8 0.9
v 0.9 4.9 0.9
v 0.9 8.6 0.9
v 0.9 8.7 0.9
v 0.9 8.8 0.9
v 0.9 8.9 0.9
v 0.9 9.3 0.9
v 0.9 10.3 0.9
v 0.9 10.8 0.9
v 0.9 10.9 0.9
v 0.9 11 0.9
v 1 0.4 0.9
v 1 0.5 0.9
v 1 0.7 0.9
v 1 0.8 0.9
v 1 1.3 0.9
v 1 1.4 0.9
v 1 1.5 0.9
v 1 1.6 0.9
v 1 1.7 0.9
v 1 2 0.9
v 1 2.2 0.9
v 1 2.5 0.9
v 1 2.6 0.9
v 1 3.1 0.9
v 1 3.2 0.9
v 1 4 0.9
v 1 4.1 0.9
v 1 4.2 0.9
v 1 4.4 0.9
v 1 4.8 0.9
v 1 5.5 0.9
v 1 5.6 0.9
v 1 6.9 0.9
v 1 7 0.9
v 1 7.2 0.9
v 1 7.3 0.9
v 1 7.4 0.9
v 1 7.5 0.9
v 1 7.6 0.9
v 1 7.8 0.9
v 1 7.9 0.9
v 1 8 0.9
v 1 8.7 0.9
v 1 8.8 0.9
v 1 8.9 0.9
v 1 9 0.9
v 1 9.7 0.9
v 1 10.3 0.9
v 1 10.5 0.9
v 1 10.9 0.9
v 1.1 0.6 0.9
v 1.1 0.7 0.9
v 1.1 1.7 0.9
v 1.1 1.8 0.9
v 1.1 2 0.9
v 1.1 2.1 0.9
v 1.1 2.8 0.9
v 1.1 2.9 0.9
v 1.1 3 0.9
v 1.1 3.1 0.9
v 1.1 3.2 0.9
v 1.1 3.3 0.9
v 1.1 3.4 0.9
v 1.1 3.8 0.9
v 1.1 3.9 0.9
v 1.1 4 0.9
v 1.1 4.2 0.9
v 1.1 4.6 0.9
v 1.1 4.7 0.9
v 1.1 6.5 0.9
v 1.1 6.6 0.9
v 1.1 6.7 0.9
v 1.1 6.8 0.9
v 1.1 6.9 0.9
v 1.1 7 0.9
v 1.1 7.1 0.9
v 1.1 7.2 0.9
v 1.1 7.3 0.9
v 1.1 7.4 0.9
v 1.1 7.5 0.9
v 1.1 7.6 0.9
v 1.1 7.7 0.9
v 1.1 7.8 0.9
v 1.1 7.9 0.9
v 1.1 8.3 0.9
v 1.1 8.5 0.9
v 1.1 8.8 0.9
v 1.1 8.9 0.9
v 1.1 9 0.9
v 1.1 9.7 0.9
v 1.1 10.5 0.9
v 1.2 1.4 0.9
v 1.2 1.5 0.9
v 1.2 1.8 0.9
v 1.2 1.9 0.9
v 1.2 3.1 0.9
v 1.2 3.2 0.9
v 1.2 3.5 0.9
v 1.2 3.7 0.9
v 1.2 4.7 0.9
v 1.2 5.5 0.9
v 1.2 5.6 0.9
v 1.2 5.7 0.9
v 1.2 6.5 0.9
v 1.2 6.6 0.9
v 1.2 7 0.9
v 1.2 7.1 0.9
v 1.2 7.2 0.9
v 1.2 7.3 0.9
v 1.2 7.4 0.9
v 1.2 7.7 0.9
v 1.2 7.8 0.9
v 1.2 8 0.9
v 1.2 8.3 0.9
v 1.2 8.5 0.9
v 1.2 8.6 0.9
v 1.2 8.7 0.9
v 1.2 8.8 0.9
v 1.2 8.9 0.9
v 1.2 9 0.9
v 1.2 9.8 0.9
v 1.2 10 0.9
v 1.2 10.3 0.9
v 1.2 10.5 0.9
v 1.2 10.7 0.9
v 1.2 11.1 0.9
v 1.3 1.1 0.9
v 1.3 1.2 0.9
v 1.3 1.5 0.9
v 1.3 1.6 0.9
v 1.3 1.7 0.9
v 1.3 1.8 0.9
v 1.3 1.9 0.9
v 1.3 2 0.9
v 1.3 2.1 0.9
v 1.3 2.5 0.9
v 1.3 2.6 0.9
v 1.3 2.7 0.9
v 1.3 2.9 0.9
v 1.3 3.1 0.9
v 1.3 3.4 0.9
v 1.3 3.6 0.9
v 1.3 3.8 0.9
v 1.3 3.9 0.9
v 1.3 5.5 0.9
v 1.3 5.7 0.9
v 1.3 6.1 0.9
v 1.3 6.5 0.9
v 1.3 6.6 0.9
v 1.3 7 0.9
v 1.3 7.1 0.9
v 1.3 7.2 0.9
v 1.3 7.7 0.9
v 1.3 7.8 0.9
v 1.3 9 0.9
v 1.3 9.1 0.9
v 1.3 9.3 0.9
v 1.3 9.8 0.9
v 1.3 10 0.9
v 1.3 10.2 0.9
v 1.3 10.3 0.9
v 1.3 10.5 0.9
v 1.3 10.6 0.9
v 1.3 10.7 0.9
v 1.3 11 0.9
v 1.3 11.1 0.9
v 1.4 1.3 0.9
v 1.4 1.4 0.9
v 1.4 3.3 0.9
v 1.4 3.4 0.9
v 1.4 3.6 0.9
v 1.4 3.7 0.9
v 1.4 4 0.9
v 1.4 6 0.9
v 1.4 6.5 0.9
v 1.4 6.6 0.9
v 1.4 6.7 0.9
v 1.4 6.8 0.9
v 1.4 7.1 0.9
v 1.4 7.2 0.9
v 1.4 7.3 0.9
v 1.4 7.4 0.9
v 1.4 7.7 0.9
v 1.4 7.8 0.9
v 1.4 8.5 0.9
v 1.4 8.6 0.9
v 1.4 8.8 0.9
v 1.4 8.9 0.9
v 1.4 9.1 0.9
v 1.4 9.3 0.9
v 1.4 10.2 0.9
v 1.4 10.3 0.9
v 1.4 10.5 0.9
v 1.5 1.4 0.9
v 1.5 1.5 0.9
v 1.5 1.8 0.9
v 1.5 1.9 0.9
v 1.5 2 0.9
v 1.5 2.1 0.9
v 1.5 2.2 0.9
v 1.5 3.2 0.9
v 1.5 3.3 0.9
v 1.5 3.4 0.9
v 1.5 3.5 0.9
v 1.5 3.7 0.9
v 1.5 3.8 0.9
v 1.5 3.9 0.9
v 1.5 4 0.9
v 1.5 5.9 0.9
v 1.5 6 0.9
v 1.5 6.1 0.9
v 1.5 6.2 0.9
v 1.5 6.9 0.9
v 1.5 7 0.9
v 1.5 7.1 0.9
v 1.5 7.2 0.9
v 1.5 7.3 0.9
v 1.5 7.7 0.9
v 1.5 7.8 0.9
v 1.5 8.4 0.9
v 1.5 8.5 0.9
v 1.5 8.7 0.9
v 1.5 8.8 0.9
v 1.5 10.8 0.9
v 1.5 10.9 0.9
v 1.5 11 0.9
v 1.5 11.1 0.9
v 1.6 1 0.9
v 1.6 1.1 0.9
v 1.6 1.2 0.9
v 1.6 1.3 0.9
v 1.6 2.2 0.9
v 1.6 2.3 0.9
v 1.6 2.6 0.9
v 1.6 2.7 0.9
v 1.6 3.5 0.9
v 1.6 3.7 0.9
v 1.6 3.9 0.9
v 1.6 4 0.9
v 1.6 4.1 0.9
v 1.6 4.5 0.9
v 1.6 4.8 0.9
v 1.6 5.3 0.9
v 1.6 5.6 0.9
v 1.6 7 0.9
v 1.6 7.1 0.9
v 1.6 7.2 0.9
v 1.6 7.3 0.9
v 1.6 7.6 0.9
v 1.6 7.7 0.9
v 1.6 7.8 0.9
v 1.6 7.9 0.9
v 1.6 8.7 0.9
v 1.6 8.8 0.9
v 1.6 10.2 0.9
v 1.6 10.3 0.9
v 1.6 10.5 0.9
v 1.6 10.6 0.9
v 1.7 1.3 0.9
v 1.7 1.4 0.9
v 1.7 1.7 0.9
v 1.7 1.8 0.9
v 1.7 1.9 0.9
v 1.7 2 0.9
v 1.7 2.1 0.9
v 1.7 2.2 0.9
v 1.7 2.3 0.9
v 1.7 2.4 0.9
v 1.7 2.5 0.9
v 1.7 2.6 0.9
v 1.7 3.2 0.9
v 1.7 3.3 0.9
v 1.7 3.6 0.9
v 1.7 3.7 0.9
v 1.7 3.8 0.9
v 1.7 4.3 0.9
v 1.7 4.5 0.9
v 1.7 4.6 0.9
v 1.7 4.7 0.9
v 1.7 4.8 0.9
v 1.7 5 0.9
v 1.7 5.1 0.9
v 1.7 5.3 0.9
v 1.7 5.4 0.9
v 1.7 5.5 0.9
v 1.7 5.6 0.9
v 1.7 5.8 0.9
v 1.7 5.9 0.9
v 1.7 6 0.9
v 1.7 6.1 0.9
v 1.7 6.2 0.9
v 1.7 6.3 0.9
v 1.7 6.5 0.9
v 1.7 6.6 0.9
v 1.7 6.9 0.9
v 1.7 7 0.9
v 1.7 7.2 0.9
v 1.7 7.3 0.9
v 1.7 7.4 0.9
v 1.7 7.6 0.9
v 1.7 7.8 0.9
v 1.7 7.9 0.9
v 1.7 8.2 0.9
v 1.7 8.3 0.9
v 1.7 8.6 0.9
v 1.7 8.7 0.9
v 1.7 10.8 0.9
v 1.7 10.9 0.9
v 1.7 11 0.9
v 1.8 0.9 0.9
v 1.8 1 0.9
v 1.8 1.1 0.9
v 1.8 1.2 0.9
v 1.8 2.2 0.9
v 1.8 2.3 0.9
v 1.8 3.2 0.9
v 1.8 3.3 0.9
v 1.8 4.1 0.9
v 1.8 4.3 0.9
v 1.8 4.4 0.9
v 1.8 4.5 0.9
v 1.8 4.6 0.9
v 1.8 4.7 0.9
v 1.8 4.8 0.9
v 1.8 4.9 0.9
v 1.8 5 0.9
v 1.8 5.1 0.9
v 1.8 5.2 0.9
v 1.8 5.3 0.9
v 1.8 5.4 0.9
v 1.8 5.5 0.9
v 1.8 5.6 0.9
v 1.8 5.7 0.9
v 1.8 6.5 0.9
v 1.8 6.6 0.9
v 1.8 7 0.9
v 1.8 7.2 0.9
v 1.8 7.6 0.9
v 1.8 7.8 0.9
v 1.8 7.9 0.9
v 1.8 8 0.9
v 1.8 8.2 0.9
v 1.8 8.4 0.9
v 1.8 10.3 0.9
v 1.8 10.5 0.9
v 1.8 10.6 0.9
v 1.9 1.2 0.9
v 1.9 1.3 0.9
v 1.9 1.9 0.9
v 1.9 2 0.9
v 1.9 2.1 0.9
v 1.9 3.1 0.9
v 1.9 3.2 0.9
v 1.9 3.5 0.9
v 1.9 3.6 0.9
v 1.9 3.7 0.9
v 1.9 4 0.9
v 1.9 4.1 0.9
v 1.9 4.2 0.9
v 1.9 4.4 0.9
v 1.9 4.5 0.9
v 1.9 4.9 0.9
v 1.9 5 0.9
v 1.9 5.2 0.9
v 1.9 5.3 0.9
v 1.9 5.4 0.9
v 1.9 5.6 0.9
v 1.9 5.7 0.9
v 1.9 5.8 0.9
v 1.9 5.9 0.9
v 1.9 6 0.9
v 1.9 6.6 0.9
v 1.9 6.7 0.9
v 1.9 6.9 0.9
v 1.9 7 0.9
v 1.9 7.3 0.9
v 1.9 7.4 0.9
v 1.9 7.5 0.9
v 1.9 7.9 0.9
v 1.9 8.6 0.9
v 1.9 8.7 0.9
v 1.9 9.1 0.9
v 1.9 9.2 0.9
v 1.9 9.3 0.9
v 1.9 10.2 0.9
v 1.9 10.3 0.9
v 1.9 10.5 0.9
v 1.9 10.6 0.9
v 1.9 10.9 0.9
v 1.9 11 0.9
v 1.9 11.1 0.9
v 2 1 0.9
v 2 1.1 0.9
v 2 1.2 0.9
v 2 1.3 0.9
v 2 1.4 0.9
v 2 1.6 0.9
v 2 1.7 0.9
v 2 1.8 0.9
v 2 2.1 0.9
v 2 2.2 0.9
v 2 2.3 0.9
v 2 3.9 0.9
v 2 4 0.9
v 2 4.1 0.9
v 2 4.2 0.9
v 2 4.4 0.9
v 2 4.5 0.9
v 2 4.6 0.9
v 2 4.8 0.9
v 2 4.9 0.9
v 2 5 0.9
v 2 5.1 0.9
v 2 5.2 0.9
v 2 5.3 0.9
v 2 5.6 0.9
v 2 5.7 0.9
v 2 5.8 0.9
v 2 5.9 0.9
v 2 6 0.9
v 2 6.1 0.9
v 2 6.2 0.9
v 2 6.3 0.9
v 2 6.4 0.9
v 2 6.5 0.9
v 2 6.7 0.9
v 2 7 0.9
v 2 7.1 0.9
v 2 7.3 0.9
v 2 7.4 0.9
v 2 7.7 0.9
v 2 8.5 0.9
v 2 8.7 0.9
v 2 8.8 0.9
v 2 9.1 0.9
v 2 9.2 0.9
v 2 9.3 0.9
v 2 10.3 0.9
v 2 10.4 0.9
v 2 10.5 0.9
v 2 10.8 0.9
v 2.1 0.8 0.9
v 2.1 0.9 0.9
v 2.1 1.7 0.9
v 2.1 1.8 0.9
v 2.1 3 0.9
v 2.1 3.2 0.9
v 2.1 3.4 0.9
v 2.1 3.5 0.9
v 2.1 3.6 0.9
v 2.1 4 0.9
v 2.1 4.1 0.9
v 2.1 4.2 0.9
v 2.1 4.6 0.9
v 2.1 4.8 0.9
v 2.1 4.9 0.9
v 2.1 5.5 0.9
v 2.1 5.6 0.9
v 2.1 5.9 0.9
v 2.1 6 0.9
v 2.1 6.6 0.9
v 2.1 6.7 0.9
v 2.1 7 0.9
v 2.1 7.1 0.9
v 2.1 7.3 0.9
v 2.1 7.6 0.9
v 2.1 7.7 0.9
v 2.1 7.8 0.9
v 2.1 10.3 0.9
v 2.1 10.4 0.9
v 2.1 10.6 0.9
v 2.2 0.9 0.9
v 2.2 1 0.9
v 2.2 1.1 0.9
v 2.2 1.5 0.9
v 2.2 1.6 0.9
v 2.2 1.7 0.9
v 2.2 1.8 0.9
v 2.2 1.9 0.9
v 2.2 2 0.9
v 2.2 2.1 0.9
v 2.2 2.2 0.9
v 2.2 4.3 0.9
v 2.2 4.5 0.9
v 2.2 4.6 0.9
v 2.2 4.7 0.9
v 2.2 4.8 0.9
v 2.2 4.9 0.9
v 2.2 5.1 0.9
v 2.2 5.2 0.9
v 2.2 5.3 0.9
v 2.2 5.4 0.9
v 2.2 5.5 0.9
v 2.2 5.6 0.9
v 2.2 5.7 0.9
v 2.2 5.8 0.9
v 2.2 6.1 0.9
v 2.2 6.2 0.9
v 2.2 6.7 0.9
v 2.2 6.8 0.9
v 2.2 6.9 0.9
v 2.2 7 0.9
v 2.2 7.3 0.9
v 2.2 7.4 0.9
v 2.2 7.7 0.9
v 2.2 7.8 0.9
v 2.2 9.4 0.9
v 2.2 10.1 0.9
v 2.2 10.3 0.9
v 2.2 10.4 0.9
v 2.2 10.8 0.9
v 2.2 10.9 0.9
v 2.2 11 0.9
v 2.2 11.1 0.9
v 2.3 0.9 0.9
v 2.3 1 0.9
v 2.3 1.2 0.9
v 2.3 1.3 0.9
v 2.3 1.4 0.9
v 2.3 1.5 0.9
v 2.3 1.7 0.9
v 2.3 1.8 0.9
v 2.3 2.6 0.9
v 2.3 2.8 0.9
v 2.3 3.3 0.9
v 2.3 3.4 0.9
v 2.3 3.5 0.9
v 2.3 4.3 0.9
v 2.3 4.5 0.9
v 2.3 4.6 0.9
v 2.3 4.7 0.9
v 2.3 4.8 0.9
v 2.3 4.9 0.9
v 2.3 5 0.9
v 2.3 5.1 0.9
v 2.3 5.2 0.9
v 2.3 5.3 0.9
v 2.3 6 0.9
v 2.3 6.1 0.9
v 2.3 6.3 0.9
v 2.3 6.4 0.9
v 2.3 6.5 0.9
v 2.3 6.6 0.9
v 2.3 6.7 0.9
v 2.3 7.5 0.9
v 2.3 7.6 0.9
v 2.3 7.7 0.9
v 2.3 10.1 0.9
v 2.3 10.2 0.9
v 2.3 10.5 0.9
v 2.3 10.6 0.9
v 2.3 10.7 0.9
v 2.4 0.8 0.9
v 2.4 0.9 0.9
v 2.4 1.1 0.9
v 2.4 1.2 0.9
v 2.4 1.3 0.9
v 2.4 1.4 0.9
v 2.4 1.7 0.9
v 2.4 1.8 0.9
v 2.4 1.9 0.9
v 2.4 2.2 0.9
v 2.4 2.4 0.9
v 2.4 3.5 0.9
v 2.4 3.7 0.9
v 2.4 3.8 0.9
v 2.4 3.9 0.9
v 2.4 4 0.9
v 2.4 4.3 0.9
v 2.4 4.4 0.9
v 2.4 4.8 0.9
v 2.4 4.9 0.9
v 2.4 5.1 0.9
v 2.4 5.3 0.9
v 2.4 5.5 0.9
v 2.4 5.6 0.9
v 2.4 5.7 0.9
v 2.4 6.2 0.9
v 2.4 6.3 0.9
v 2.4 6.7 0.9
v 2.4 6.8 0.9
v 2.4 6.9 0.9
v 2.4 7 0.9
v 2.4 7.3 0.9
v 2.4 7.4 0.9
v 2.4 7.7 0.9
v 2.4 8.2 0.9
v 2.4 8.4 0.9
v 2.4 9.2 0.9
v 2.4 9.4 0.9
v 2.4 10 0.9
v 2.5 0.8 0.9
v 2.5 0.9 0.9
v 2.5 1.4 0.9
v 2.5 1.5 0.9
v 2.5 1.6 0.9
v 2.5 1.7 0.9
v 2.5 1.8 0.9
v 2.5 1.9 0.9
v 2.5 2 0.9
v 2.5 2.1 0.9
v 2.5 2.2 0.9
v 2.5 3.2 0.9
v 2.5 3.3 0.9
v 2.5 3.4 0.9
v 2.5 4 0.9
v 2.5 4.1 0.9
v 2.5 4.3 0.9
v 2.5 4.4 0.9
v 2.5 4.6 0.9
v 2.5 4.7 0.9
v 2.5 4.9 0.9
v 2.5 5 0.9
v 2.5 5.3 0.9
v 2.5 5.4 0.9
v 2.5 6.1 0.9
v 2.5 6.2 0.9
v 2.5 6.4 0.9
v 2.5 6.5 0.9
v 2.5 6.6 0.9
v 2.5 7 0.9
v 2.5 7.1 0.9
v 2.5 7.2 0.9
v 2.5 7.3 0.9
v 2.5 7.7 0.9
v 2.5 8.2 0.9
v 2.5 8.4 0.9
v 2.5 8.9 0.9
v 2.6 1 0.9
v 2.6 1.1 0.9
v 2.6 1.6 0.9
v 2.6 1.7 0.9
v 2.6 2 0.9
v 2.6 2.1 0.9
v 2.6 2.9 0.9
v 2.6 3 0.9
v 2.6 3.5 0.9
v 2.6 3.7 0.9
v 2.6 4.1 0.9
v 2.6 4.3 0.9
v 2.6 4.7 0.9
v 2.6 4.8 0.9
v 2.6 5.1 0.9
v 2.6 5.3 0.9
v 2.6 5.4 0.9
v 2.6 5.5 0.9
v 2.6 5.6 0.9
v 2.6 7 0.9
v 2.6 7.1 0.9
v 2.6 7.2 0.9
v 2.6 7.3 0.9
v 2.6 7.4 0.9
v 2.6 8.9 0.9
v 2.6 9 0.9
v 2.6 10.1 0.9
v 2.6 10.2 0.9
v 2.6 10.8 0.9
v 2.6 10.9 0.9
v 2.6 11 0.9
v 2.7 0.9 0.9
v 2.7 1 0.9
v 2.7 1.4 0.9
v 2.7 1.5 0.9
v 2.7 1.8 0.9
v 2.7 1.9 0.9
v 2.7 2 0.9
v 2.7 2.1 0.9
v 2.7 2.2 0.9
v 2.7 2.3 0.9
v 2.7 2.4 0.9
v 2.7 3.1 0.9
v 2.7 3.2 0.9
v 2.7 3.3 0.9
v 2.7 4.2 0.9
v 2.7 4.3 0.9
v 2.7 4.4 0.9
v 2.7 4.6 0.9
v 2.7 4.8 0.9
v 2.7 4.9 0.9
v 2.7 6.9 0.9
v 2.7 7 0.9
v 2.7 7.1 0.9
v 2.7 7.2 0.9
v 2.7 7.3 0.9
v 2.7 7.4 0.9
v 2.7 10 0.9
v 2.7 10.1 0.9
v 2.8 0.8 0.9
v 2.8 0.9 0.9
v 2.8 1.3 0.9
v 2.8 1.4 0.9
v 2.8 2.1 0.9
v 2.8 2.2 0.9
v 2.8 3.2 0.9
v 2.8 3.8 0.9
v 2.8 3.9 0.9
v 2.8 4 0.9
v 2.8 4.1 0.9
v 2.8 4.2 0.9
v 2.8 4.4 0.9
v 2.8 4.6 0.9
v 2.8 4.7 0.9
v 2.8 4.8 0.9
v 2.8 5.3 0.9
v 2.8 5.4 0.9
v 2.8 5.5 0.9
v 2.8 6.3 0.9
v 2.8 6.4 0.9
v 2.8 6.5 0.9
v 2.8 6.6 0.9
v 2.8 6.7 0.9
v 2.8 7 0.9
v 2.8 7.1 0.9
v 2.9 1.2 0.9
v 2.9 1.3 0.9
v 2.9 1.4 0.9
v 2.9 1.5 0.9
v 2.9 1.6 0.9
v 2.9 1.7 0.9
v 2.9 2 0.9
v 2.9 2.1 0.9
v 2.9 3.2 0.9
v 2.9 3.8 0.9
v 2.9 3.9 0.9
v 2.9 4 0.9
v 2.9 4.6 0.9
v 2.9 4.8 0.9
v 2.9 4.9 0.9
v 2.9 5.3 0.9
v 2.9 6.4 0.9
v 2.9 6.5 0.9
v 2.9 6.9 0.9
v 2.9 7 0.9
v 2.9 7.2 0.9
v 2.9 7.3 0.9
v 2.9 7.4 0.9
v 2.9 10.9 0.9
v 2.9 11 0.9
v 2.9 11.1 0.9
v 3 1.8 0.9
v 3 1.9 0.9
v 3 2 0.9
v 3 2.1 0.9
v 3 3.1 0.9
v 3 3.2 0.9
v 3 3.3 0.9
v 3 4.6 0.9
v 3 4.7 0.9
v 3 5.2 0.9
v 3 5.3 0.9
v 3 5.4 0.9
v 3 5.5 0.9
v 3 6.3 0.9
v 3 6.4 0.9
v 3 6.8 0.9
v 3 7 0.9
v 3 7.3 0.9
v 3 10.8 0.9
v 3 10.9 0.9
v 3.1 1.1 0.9
v 3.1 1.2 0.9
v 3.1 1.3 0.9
v 3.1 1.4 0.9
v 3.1 1.5 0.9
v 3.1 1.6 0.9
v 3.1 1.7 0.9
v 3.1 1.8 0.9
v 3.1 1.9 0.9
v 3.1 2 0.9
v 3.1 2.2 0.9
v 3.1 2.3 0.9
v 3.1 4.1 0.9
v 3.1 4.3 0.9
v 3.1 4.4 0.9
v 3.1 4.6 0.9
v 3.1 5.1 0.9
v 3.1 5.2 0.9
v 3.1 5.3 0.9
v 3.1 6.1 0.9
v 3.1 6.2 0.9
v 3.1 6.5 0.9
v 3.1 6.6 0.9
v 3.1 6.7 0.9
v 3.1 6.9 0.9
v 3.1 7.2 0.9
v 3.1 10 0.9
v 3.1 10.1 0.9
v 3.2 0.9 0.9
v 3.2 1.1 0.9
v 3.2 1.7 0.9
v 3.2 1.8 0.9
v 3.2 2.1 0.9
v 3.2 2.2 0.9
v 3.2 3.5 0.9
v 3.2 3.6 0.9
v 3.2 4.4 0.9
v 3.2 4.6 0.9
v 3.2 4.9 0.9
v 3.2 5 0.9
v 3.2 5.1 0.9
v 3.2 6.2 0.9
v 3.2 6.3 0.9
v 3.2 6.9 0.9
v 3.2 7.1 0.9
v 3.2 7.2 0.9
v 3.2 7.3 0.9
v 3.2 8.9 0.9
v 3.2 9 0.9
v 3.2 9.9 0.9
v 3.2 10 0.9
v 3.2 10.1 0.9
v 3.2 10.2 0.9
v 3.3 1 0.9
v 3.3 1.1 0.9
v 3.3 1.2 0.9
v 3.3 1.6 0.9
v 3.3 1.7 0.9
v 3.3 2 0.9
v 3.3 2.1 0.9
v 3.3 2.2 0.9
v 3.3 2.3 0.9
v 3.3 2.4 0.9
v 3.3 3.2 0.9
v 3.3 3.3 0.9
v 3.3 3.4 0.9
v 3.3 3.9 0.9
v 3.3 4 0.9
v 3.3 4.1 0.9
v 3.3 4.3 0.9
v 3.3 4.4 0.9
v 3.3 4.8 0.9
v 3.3 4.9 0.9
v 3.3 5 0.9
v 3.3 5.2 0.9
v 3.3 5.3 0.9
v 3.3 5.4 0.9
v 3.3 5.5 0.9
v 3.3 5.6 0.9
v 3.3 6 0.9
v 3.3 6.1 0.9
v 3.3 6.4 0.9
v 3.3 6.5 0.9
v 3.3 6.6 0.9
v 3.3 6.9 0.9
v 3.3 7.1 0.9
v 3.3 7.7 0.9
v 3.3 8.2 0.9
v 3.3 8.4 0.9
v 3.3 8.9 0.9
v 3.3 10.8 0.9
v 3.3 10.9 0.9
v 3.3 11 0.9
v 3.3 11.1 0.9
v 3.4 0.8 0.9
v 3.4 0.9 0.9
v 3.4 1 0.9
v 3.4 1.1 0.9
v 3.4 1.3 0.9
v 3.4 1.4 0.9
v 3.4 1.5 0.9
v 3.4 1.6 0.9
v 3.4 1.9 0.9
v 3.4 2 0.9
v 3.4 2.1 0.9
v 3.4 2.2 0.9
v 3.4 2.3 0.9
v 3.4 2.9 0.9
v 3.4 3 0.9
v 3.4 3.1 0.9
v 3.4 3.2 0.9
v 3.4 3.5 0.9
v 3.4 3.6 0.9
v 3.4 3.8 0.9
v 3.4 3.9 0.9
v 3.4 4.1 0.9
v 3.4 4.2 0.9
v 3.4 4.4 0.9
v 3.4 4.7 0.9
v 3.4 4.8 0.9
v 3.4 5 0.9
v 3.4 5.1 0.9
v 3.4 5.2 0.9
v 3.4 5.3 0.9
v 3.4 6.1 0.9
v 3.4 6.2 0.9
v 3.4 6.9 0.9
v 3.4 7.1 0.9
v 3.4 7.7 0.9
v 3.4 8.2 0.9
v 3.4 8.4 0.9
v 3.4 9.2 0.9
v 3.4 10.5 0.9
v 3.4 10.6 0.9
v 3.5 0.9 0.9
v 3.5 1 0.9
v 3.5 1.4 0.9
v 3.5 1.5 0.9
v 3.5 1.6 0.9
v 3.5 1.7 0.9
v 3.5 1.9 0.9
v 3.5 2 0.9
v 3.5 2.1 0.9
v 3.5 2.2 0.9
v 3.5 3 0.9
v 3.5 3.2 0.9
v 3.5 4.2 0.9
v 3.5 4.7 0.9
v 3.5 4.9 0.9
v 3.5 5 0.9
v 3.5 5.2 0.9
v 3.5 5.4 0.9
v 3.5 5.9 0.9
v 3.5 6 0.9
v 3.5 6.8 0.9
v 3.5 6.9 0.9
v 3.5 7.1 0.9
v 3.5 7.2 0.9
v 3.5 7.3 0.9
v 3.5 7.4 0.9
v 3.5 7.5 0.9
v 3.5 7.6 0.9
v 3.5 7.7 0.9
v 3.5 9.9 0.9
v 3.5 10 0.9
v 3.5 10.1 0.9
v 3.5 10.2 0.9
v 3.5 10.6 0.9
v 3.5 10.7 0.9
v 3.6 1.2 0.9
v 3.6 1.3 0.9
v 3.6 1.4 0.9
v 3.6 1.8 0.9
v 3.6 1.9 0.9
v 3.6 2 0.9
v 3.6 2.1 0.9
v 3.6 2.4 0.9
v 3.6 2.6 0.9
v 3.6 3.3 0.9
v 3.6 3.4 0.9
v 3.6 3.5 0.9
v 3.6 4 0.9
v 3.6 4.1 0.9
v 3.6 4.7 0.9
v 3.6 4.8 0.9
v 3.6 4.9 0.9
v 3.6 5.2 0.9
v 3.6 5.3 0.9
v 3.6 5.4 0.9
v 3.6 5.5 0.9
v 3.6 5.6 0.9
v 3.6 5.7 0.9
v 3.6 6 0.9
v 3.6 6.1 0.9
v 3.6 6.3 0.9
v 3.6 6.4 0.9
v 3.6 6.5 0.9
v 3.6 6.6 0.9
v 3.6 6.7 0.9
v 3.6 6.9 0.9
v 3.6 7 0.9
v 3.6 7.2 0.9
v 3.6 7.7 0.9
v 3.6 7.8 0.9
v 3.6 10 0.9
v 3.6 10.1 0.9
v 3.6 10.3 0.9
v 3.6 10.4 0.9
v 3.7 1.4 0.9
v 3.7 1.5 0.9
v 3.7 1.6 0.9
v 3.7 1.9 0.9
v 3.7 2 0.9
v 3.7 2.1 0.9
v 3.7 3.9 0.9
v 3.7 4 0.9
v 3.7 4.1 0.9
v 3.7 4.2 0.9
v 3.7 4.4 0.9
v 3.7 4.5 0.9
v 3.7 4.6 0.9
v 3.7 4.7 0.9
v 3.7 4.8 0.9
v 3.7 4.9 0.9
v 3.7 5 0.9
v 3.7 5.2 0.9
v 3.7 5.3 0.9
v 3.7 5.8 0.9
v 3.7 5.9 0.9
v 3.7 6.5 0.9
v 3.7 6.6 0.9
v 3.7 6.9 0.9
v 3.7 7 0.9
v 3.7 7.2 0.9
v 3.7 7.3 0.9
v 3.7 7.6 0.9
v 3.7 7.7 0.9
v 3.7 7.8 0.9
v 3.7 10.3 0.9
v 3.7 10.4 0.9
v 3.7 10.6 0.9
v 3.7 10.8 0.9
v 3.7 10.9 0.9
v 3.7 11 0.9
v 3.7 11.1 0.9
v 3.8 0.8 0.9
v 3.8 0.9 0.9
v 3.8 1 0.9
v 3.8 1.1 0.9
v 3.8 1.2 0.9
v 3.8 1.3 0.9
v 3.8 2.1 0.9
v 3.8 2.2 0.9
v 3.8 3.4 0.9
v 3.8 3.5 0.9
v 3.8 3.6 0.9
v 3.8 3.9 0.9
v 3.8 4 0.9
v 3.8 4.2 0.9
v 3.8 4.3 0.9
v 3.8 4.5 0.9
v 3.8 4.6 0.9
v 3.8 4.7 0.9
v 3.8 4.8 0.9
v 3.8 5 0.9
v 3.8 5.1 0.9
v 3.8 5.2 0.9
v 3.8 5.4 0.9
v 3.8 5.6 0.9
v 3.8 5.7 0.9
v 3.8 5.9 0.9
v 3.8 6 0.9
v 3.8 6.2 0.9
v 3.8 6.3 0.9
v 3.8 6.4 0.9
v 3.8 6.5 0.9
v 3.8 6.7 0.9
v 3.8 6.9 0.9
v 3.8 7 0.9
v 3.8 7.1 0.9
v 3.8 7.3 0.9
v 3.8 7.4 0.9
v 3.8 7.5 0.9
v 3.8 7.6 0.9
v 3.8 7.7 0.9
v 3.8 8 0.9
v 3.8 8.1 0.9
v 3.8 8.5 0.9
v 3.8 8.6 0.9
v 3.8 8.7 0.9
v 3.8 8.8 0.9
v 3.8 9 0.9
v 3.8 9.1 0.9
v 3.8 10.1 0.9
v 3.8 10.2 0.9
v 3.8 10.3 0.9
v 3.8 10.4 0.9
v 3.8 10.8 0.9
v 3.9 0.9 0.9
v 3.9 1 0.9
v 3.9 1.1 0.9
v 3.9 1.2 0.9
v 3.9 1.9 0.9
v 3.9 2 0.9
v 3.9 2.1 0.9
v 3.9 2.2 0.9
v 3.9 2.4 0.9
v 3.9 2.5 0.9
v 3.9 4.1 0.9
v 3.9 4.3 0.9
v 3.9 4.4 0.9
v 3.9 4.6 0.9
v 3.9 4.7 0.9
v 3.9 4.8 0.9
v 3.9 4.9 0.9
v 3.9 5 0.9
v 3.9 5.2 0.9
v 3.9 5.4 0.9
v 3.9 5.7 0.9
v 3.9 5.8 0.9
v 3.9 5.9 0.9
v 3.9 6.8 0.9
v 3.9 6.9 0.9
v 3.9 7 0.9
v 3.9 9 0.9
v 3.9 9.1 0.9
v 3.9 10.1 0.9
v 3.9 10.2 0.9
v 3.9 10.3 0.9
v 3.9 10.4 0.9
v 3.9 10.9 0.9
v 3.9 11 0.9
v 4 0.8 0.9
v 4 0.9 0.9
v 4 1 0.9
v 4 1.1 0.9
v 4 1.3 0.9
v 4 1.4 0.9
v 4 1.5 0.9
v 4 2 0.9
v 4 2.1 0.9
v 4 2.4 0.9
v 4 2.5 0.9
v 4 4 0.9
v 4 4.2 0.9
v 4 4.3 0.9
v 4 4.7 0.9
v 4 4.8 0.9
v 4 4.9 0.9
v 4 5 0.9
v 4 5.1 0.9
v 4 5.2 0.9
v 4 5.4 0.9
v 4 5.6 0.9
v 4 5.7 0.9
v 4 6.8 0.9
v 4 6.9 0.9
v 4 7 0.9
v 4 7.1 0.9
v 4 7.3 0.9
v 4 7.4 0.9
v 4 7.5 0.9
v 4 7.6 0.9
v 4 8.6 0.9
v 4 8.7 0.9
v 4 9.8 0.9
v 4 9.9 0.9
v 4 10.1 0.9
v 4 10.2 0.9
v 4.1 2 0.9
v 4.1 2.1 0.9
v 4.1 2.3 0.9
v 4.1 2.4 0.9
v 4.1 2.6 0.9
v 4.1 2.7 0.9
v 4.1 3.5 0.9
v 4.1 3.6 0.9
v 4.1 3.7 0.9
v 4.1 3.8 0.9
v 4.1 3.9 0.9
v 4.1 4 0.9
v 4.1 4.2 0.9
v 4.1 4.8 0.9
v 4.1 5.1 0.9
v 4.1 5.2 0.9
v 4.1 5.4 0.9
v 4.1 5.7 0.9
v 4.1 5.8 0.9
v 4.1 5.9 0.9
v 4.1 6.1 0.9
v 4.1 6.2 0.9
v 4.1 6.3 0.9
v 4.1 6.9 0.9
v 4.1 7.2 0.9
v 4.1 7.3 0.9
v 4.1 8.4 0.9
v 4.1 8.5 0.9
v 4.1 10.2 0.9
v 4.1 10.3 0.9
v 4.1 10.4 0.9
v 4.1 10.9 0.9
v 4.1 11 0.9
v 4.2 1 0.9
v 4.2 1.2 0.9
v 4.2 1.3 0.9
v 4.2 1.4 0.9
v 4.2 1.5 0.9
v 4.2 1.6 0.9
v 4.2 1.8 0.9
v 4.2 1.9 0.9
v 4.2 2 0.9
v 4.2 2.1 0.9
v 4.2 2.3 0.9
v 4.2 2.4 0.9
v 4.2 3.5 0.9
v 4.2 3.6 0.9
v 4.2 4 0.9
v 4.2 4.2 0.9
v 4.2 5.2 0.9
v 4.2 5.4 0.9
v 4.2 6.6 0.9
v 4.2 6.7 0.9
v 4.2 6.9 0.9
v 4.2 7.2 0.9
v 4.2 7.4 0.9
v 4.2 7.8 0.9
v 4.2 7.9 0.9
v 4.2 8.5 0.9
v 4.2 8.6 0.9
v 4.2 9.7 0.9
v 4.2 9.8 0.9
v 4.3 1.1 0.9
v 4.3 1.2 0.9
v 4.3 1.4 0.9
v 4.3 1.5 0.9
v 4.3 2.1 0.9
v 4.3 2.2 0.9
v 4.3 5.5 0.9
v 4.3 5.6 0.9
v 4.3 6 0.9
v 4.3 6.1 0.9
v 4.3 6.2 0.9
v 4.3 6.4 0.9
v 4.3 6.6 0.9
v 4.3 6.7 0.9
v 4.3 6.8 0.9
v 4.3 6.9 0.9
v 4.3 7 0.9
v 4.3 7.1 0.9
v 4.3 7.2 0.9
v 4.3 7.4 0.9
v 4.3 7.6 0.9
v 4.3 7.7 0.9
v 4.3 8 0.9
v 4.3 8.1 0.9
v 4.3 8.2 0.9
v 4.3 8.8 0.9
v 4.3 9 0.9
v 4.3 10.1 0.9
v 4.3 10.2 0.9
v 4.4 0.9 0.9
v 4.4 1 0.9
v 4.4 1.2 0.9
v 4.4 1.3 0.9
v 4.4 1.5 0.9
v 4.4 1.6 0.9
v 4.4 1.8 0.9
v 4.4 1.9 0.9
v 4.4 2.2 0.9
v 4.4 2.3 0.9
v 4.4 3.6 0.9
v 4.4 3.7 0.9
v 4.4 3.8 0.9
v 4.4 3.9 0.9
v 4.4 4 0.9
v 4.4 4.2 0.9
v 4.4 5.5 0.9
v 4.4 5.6 0.9
v 4.4 5.8 0.9
v 4.4 5.9 0.9
v 4.4 6 0.9
v 4.4 6.5 0.9
v 4.4 6.6 0.9
v 4.4 6.8 0.9
v 4.4 6.9 0.9
v 4.4 7 0.9
v 4.4 7.1 0.9
v 4.4 7.2 0.9
v 4.4 8.6 0.9
v 4.4 8.7 0.9
v 4.4 8.9 0.9
v 4.4 9 0.9
v 4.4 9.7 0.9
v 4.4 9.8 0.9
v 4.4 10.2 0.9
v 4.4 10.3 0.9
v 4.4 10.4 0.9
v 4.5 0.8 0.9
v 4.5 0.9 0.9
v 4.5 1 0.9
v 4.5 1.1 0.9
v 4.5 1.2 0.9
v 4.5 1.3 0.9
v 4.5 1.4 0.9
v 4.5 1.7 0.9
v 4.5 1.8 0.9
v 4.5 1.9 0.9
v 4.5 2 0.9
v 4.5 2.1 0.9
v 4.5 2.3 0.9
v 4.5 2.5 0.9
v 4.5 3.6 0.9
v 4.5 3.7 0.9
v 4.5 3.8 0.9
v 4.5 5.9 0.9
v 4.5 6 0.9
v 4.5 6.1 0.9
v 4.5 6.5 0.9
v 4.5 6.6 0.9
v 4.5 6.7 0.9
v 4.5 6.8 0.9
v 4.5 6.9 0.9
v 4.5 7.1 0.9
v 4.5 7.2 0.9
v 4.5 7.4 0.9
v 4.5 7.5 0.9
v 4.5 7.7 0.9
v 4.5 7.8 0.9
v 4.5 7.9 0.9
v 4.5 8 0.9
v 4.5 8.6 0.9
v 4.5 8.7 0.9
v 4.5 8.8 0.9
v 4.5 9.6 0.9
v 4.5 9.7 0.9
v 4.5 9.8 0.9
v 4.5 10.3 0.9
v 4.5 10.4 0.9
v 4.5 11 0.9
v 4.5 11.1 0.9
v 4.6 -0.1 0.9
v 4.6 0.8 0.9
v 4.6 1 0.9
v 4.6 1.1 0.9
v 4.6 1.2 0.9
v 4.6 1.3 0.9
v 4.6 1.6 0.9
v 4.6 1.7 0.9
v 4.6 1.8 0.9
v 4.6 1.9 0.9
v 4.6 2 0.9
v 4.6 2.5 0.9
v 4.6 2.7 0.9
v 4.6 3.7 0.9
v 4.6 6 0.9
v 4.6 6.4 0.9
v 4.6 6.5 0.9
v 4.6 6.7 0.9
v 4.6 7.1 0.9
v 4.6 7.5 0.9
v 4.6 7.6 0.9
v 4.6 7.7 0.9
v 4.6 8 0.9
v 4.6 8.1 0.9
v 4.6 8.2 0.9
v 4.6 8.4 0.9
v 4.6 8.6 0.9
v 4.6 8.7 0.9
v 4.6 8.8 0.9
v 4.6 8.9 0.9
v 4.6 9.6 0.9
v 4.6 9.7 0.9
v 4.6 9.9 0.9
v 4.6 10.1 0.9
v 4.6 10.2 0.9
v 4.6 10.3 0.9
v 4.6 10.4 0.9
v 4.6 11.1 0.9
v 4.7 -0.2 0.9
v 4.7 11.2 0.9
v -1 1.6 -1.3
v -1 2.2 -1.3
v -1 2.5 -1.3
v -0.8 1.6 -1.3
v -0.8 2.2 -1.3
v -0.8 2.5 -1.3
v -0.6 4.2 -1.3
v -0.6 4.3 -1.3
v -0.6 4.4 -1.3
v -0.5 4.2 -1.3
v -0.5 4.3 -1.3
v -0.5 4.4 -1.3
v 3.2 1.5 -1.3
v 3.2 1.7 -1.3
v 3.2 1.8 -1.3
v 3.2 2 -1.3
v 3.2 2.1 -1.3
v 3.2 2.3 -1.3
v 3.2 2.4 -1.3
v 3.2 2.5 -1.3
v 3.3 1.9 -1.3
v 3.3 2 -1.3
v 3.3 2.1 -1.3
v 3.4 1.8 -1.3
v 3.4 1.9 -1.3
v 3.4 2 -1.3
v 3.4 2.2 -1.3
v 3.4 2.3 -1.3
v 3.4 2.4 -1.3
v 3.5 1.5 -1.3
v 3.5 1.7 -1.3
v 3.5 1.9 -1.3
v 3.5 2.2 -1.3
v 3.5 2.3 -1.3
v 3.5 2.5 -1.3
v 4.1 3 -1.3
v 4.1 4.1 -1.3
v 4.1 4.4 -1.3
v 4.1 4.9 -1.3
v 4.1 5.1 -1.3
v 4.1 5.5 -1.3
v 4.1 5.8 -1.3
v 4.1 6 -1.3
v 4.1 6.1 -1.3
v 4.1 6.3 -1.3
v 4.1 6.5 -1.3
v 4.1 6.6 -1.3
v 4.1 7 -1.3
v 4.1 7.2 -1.3
v 4.1 7.4 -1.3
v 4.1 7.7 -1.3
v 4.1 8.3 -1.3
v 4.2 4.1 -1.3
v 4.2 4.2 -1.3
v 4.2 4.9 -1.3
v 4.2 5.1 -1.3
v 4.2 5.5 -1.3
v 4.2 5.8 -1.3
v 4.2 6 -1.3
v 4.2 6.1 -1.3
v 4.2 6.3 -1.3
v 4.2 6.5 -1.3
v 4.2 7.3 -1.3
v 4.2 7.4 -1.3
v 4.2 8 -1.3
v 4.2 8.1 -1.3
v 4.2 8.2 -1.3
v 4.2 8.3 -1.3
v 4.3 4.2 -1.3
v 4.3 4.3 -1.3
v 4.3 4.4 -1.3
v 4.3 6.6 -1.3
v 4.3 6.7 -1.3
v 4.3 6.9 -1.3
v 4.3 7 -1.3
v 4.3 7.7 -1.3
v 4.3 7.8 -1.3
v 4.4 4.2 -1.3
v 4.4 4.3 -1.3
v 4.4 7.8 -1.3
v 4.4 7.9 -1.3
v 4.5 6.7 -1.3
v 4.5 6.8 -1.3
v 4.5 7.2 -1.3
v 4.5 7.3 -1.3
v 4.5 8.1 -1.3
v 4.5 8.2 -1.3
v 4.6 3 -1.3
v 4.6 6.8 -1.3
v 4.6 6.9 -1.3
v 4.6 7.9 -1.3
v 4.6 8 -1.3
v 4.6 8.1 -1.3
v 4.6 8.3 -1.3
v -1 1.6 -1.2
v -1 2.5 -1.2
v -0.8 1.6 -1.2
v -0.8 2.5 -1.2
v -0.6 4.2 -1.2
v -0.6 4.4 -1.2
v -0.5 4.2 -1.2
v -0.5 4.4 -1.2
v 3.2 1.5 -1.2
v 3.2 2.5 -1.2
v 3.5 1.5 -1.2
v 3.5 2.5 -1.2
v 4.1 3 -1.2
v 4.1 8.3 -1.2
v 4.6 3 -1.2
v 4.6 8.3 -1.2
v -5.4 -0.2 -1.4
v -5.4 11.2 -1.4
v -5.3 -0.1 -1.4
v -5.3 0 -1.4
v -5.3 0.2 -1.4
v -5.3 0.3 -1.4
v -5.3 0.4 -1.4
v -5.3 0.6 -1.4
v -5.3 0.9 -1.4
v -5.3 1 -1.4
v -5.3 1.1 -1.4
v -5.3 1.2 -1.4
v -5.3 1.3 -1.4
v -5.3 1.8 -1.4
v -5.3 2.1 -1.4
v -5.3 2.3 -1.4
v -5.3 2.4 -1.4
v -5.3 2.5 -1.4
v -5.3 6 -1.4
v -5.3 6.1 -1.4
v -5.3 6.4 -1.4
v -5.3 6.8 -1.4
v -5.3 7.2 -1.4
v -5.3 7.3 -1.4
v -5.3 7.4 -1.4
v -5.3 7.8 -1.4
v -5.3 7.9 -1.4
v -5.3 8 -1.4
v -5.3 8.2 -1.4
v -5.3 8.4 -1.4
v -5.3 8.5 -1.4
v -5.3 8.6 -1.4
v -5.3 8.7 -1.4
v -5.3 9.5 -1.4
v -5.3 9.6 -1.4
v -5.3 9.8 -1.4
v -5.3 10 -1.4
v -5.3 10.1 -1.4
v -5.3 10.2 -1.4
v -5.3 10.3 -1.4
v -5.3 11.1 -1.4
v -5.2 0 -1.4
v -5.2 0.1 -1.4
v -5.2 0.2 -1.4
v -5.2 0.3 -1.4
v -5.2 0.4 -1.4
v -5.2 0.6 -1.4
v -5.2 0.7 -1.4
v -5.2 1 -1.4
v -5.2 1.1 -1.4
v -5.2 1.2 -1.4
v -5.2 1.3 -1.4
v -5.2 1.4 -1.4
v -5.2 1.6 -1.4
v -5.2 1.8 -1.4
v -5.2 2.4 -1.4
v -5.2 2.5 -1.4
v -5.2 6.1 -1.4
v -5.2 6.3 -1.4
v -5.2 6.4 -1.4
v -5.2 6.5 -1.4
v -5.2 6.8 -1.4
v -5.2 6.9 -1.4
v -5.2 7.1 -1.4
v -5.2 7.2 -1.4
v -5.2 7.4 -1.4
v -5.2 7.5 -1.4
v -5.2 7.7 -1.4
v -5.2 7.8 -1.4
v -5.2 8.4 -1.4
v -5.2 8.5 -1.4
v -5.2 8.6 -1.4
v -5.2 9.5 -1.4
v -5.2 9.6 -1.4
v -5.2 9.7 -1.4
v -5.2 10.2 -1.4
v -5.2 10.3 -1.4
v -5.2 11 -1.4
v -5.2 11.1 -1.4
v -5.1 0.1 -1.4
v -5.1 0.2 -1.4
v -5.1 0.4 -1.4
v -5.1 0.6 -1.4
v -5.1 0.8 -1.4
v -5.1 0.9 -1.4
v -5.1 1.1 -1.4
v -5.1 1.2 -1.4
v -5.1 1.5 -1.4
v -5.1 1.6 -1.4
v -5.1 6.1 -1.4
v -5.1 6.3 -1.4
v -5.1 6.5 -1.4
v -5.1 6.6 -1.4
v -5.1 6.7 -1.4
v -5.1 8.4 -1.4
v -5.1 8.5 -1.4
v -5.1 8.7 -1.4
v -5.1 8.8 -1.4
v -5.1 9.6 -1.4
v -5.1 9.7 -1.4
v -5.1 10.1 -1.4
v -5.1 10.2 -1.4
v -5.1 10.3 -1.4
v -5 0.3 -1.4
v -5 0.4 -1.4
v -5 0.7 -1.4
v -5 0.8 -1.4
v -5 1.4 -1.4
v -5 1.5 -1.4
v -5 6 -1.4
v -5 6.3 -1.4
v -5 6.4 -1.4
v -5 6.5 -1.4
v -5 7.3 -1.4
v -5 7.4 -1.4
v -5 7.8 -1.4
v -5 7.9 -1.4
v -5 8 -1.4
v -5 8.6 -1.4
v -5 8.8 -1.4
v -5 10 -1.4
v -5 10.1 -1.4
v -4.9 0.2 -1.4
v -4.9 0.4 -1.4
v -4.9 0.6 -1.4
v -4.9 0.7 -1.4
v -4.9 0.8 -1.4
v -4.9 0.9 -1.4
v -4.9 1.1 -1.4
v -4.9 1.2 -1.4
v -4.9 1.3 -1.4
v -4.9 1.4 -1.4
v -4.9 1.6 -1.4
v -4.9 1.7 -1.4
v -4.9 6.3 -1.4
v -4.9 6.4 -1.4
v -4.9 7.5 -1.4
v -4.9 7.7 -1.4
v -4.9 8.3 -1.4
v -4.9 8.4 -1.4
v -4.9 9.6 -1.4
v -4.9 9.7 -1.4
v -4.8 1.3 -1.4
v -4.8 1.4 -1.4
v -4.8 1.6 -1.4
v -4.8 1.7 -1.4
v -4.8 2 -1.4
v -4.8 2.1 -1.4
v -4.8 6.6 -1.4
v -4.8 6.7 -1.4
v -4.8 8.2 -1.4
v -4.8 8.3 -1.4
v -4.8 10.1 -1.4
v -4.8 10.2 -1.4
v -4.8 10.3 -1.4
v -4.8 10.9 -1.4
v -4.8 11 -1.4
v -4.7 0 -1.4
v -4.7 0.1 -1.4
v -4.7 0.2 -1.4
v -4.7 0.3 -1.4
v -4.7 0.6 -1.4
v -4.7 0.7 -1.4
v -4.7 0.8 -1.4
v -4.7 1.3 -1.4
v -4.7 1.4 -1.4
v -4.7 1.7 -1.4
v -4.7 1.8 -1.4
v -4.7 6.5 -1.4
v -4.7 6.6 -1.4
v -4.7 6.7 -1.4
v -4.7 6.9 -1.4
v -4.7 7 -1.4
v -4.7 7.2 -1.4
v -4.7 7.3 -1.4
v -4.7 8.4 -1.4
v -4.7 8.5 -1.4
v -4.7 9.7 -1.4
v -4.7 9.8 -1.4
v -4.7 10 -1.4
v -4.7 10.1 -1.4
v -4.6 0.1 -1.4
v -4.6 0.2 -1.4
v -4.6 0.3 -1.4
v -4.6 0.4 -1.4
v -4.6 1.2 -1.4
v -4.6 1.3 -1.4
v -4.6 1.4 -1.4
v -4.6 1.5 -1.4
v -4.6 1.7 -1.4
v -4.6 1.8 -1.4
v -4.6 6.5 -1.4
v -4.6 6.6 -1.4
v -4.6 6.7 -1.4
v -4.6 7 -1.4
v -4.6 7.1 -1.4
v -4.6 8.8 -1.4
v -4.6 8.9 -1.4
v -4.6 10 -1.4
v -4.6 10.1 -1.4
v -4.6 10.2 -1.4
v -4.6 10.3 -1.4
v -4.6 10.9 -1.4
v -4.6 11 -1.4
v -4.5 0 -1.4
v -4.5 0.1 -1.4
v -4.5 0.2 -1.4
v -4.5 0.3 -1.4
v -4.5 0.4 -1.4
v -4.5 0.6 -1.4
v -4.5 1.4 -1.4
v -4.5 1.5 -1.4
v -4.5 6.1 -1.4
v -4.5 6.4 -1.4
v -4.5 8.4 -1.4
v -4.5 8.5 -1.4
v -4.5 8.7 -1.4
v -4.5 8.8 -1.4
v -4.5 8.9 -1.4
v -4.5 9 -1.4
v -4.5 10 -1.4
v -4.5 10.1 -1.4
v -4.5 10.2 -1.4
v -4.4 0.7 -1.4
v -4.4 0.8 -1.4
v -4.4 0.9 -1.4
v -4.4 1.2 -1.4
v -4.4 1.3 -1.4
v -4.4 1.4 -1.4
v -4.4 2.3 -1.4
v -4.4 2.4 -1.4
v -4.4 6.1 -1.4
v -4.4 6.3 -1.4
v -4.4 6.9 -1.4
v -4.4 7.1 -1.4
v -4.4 8.4 -1.4
v -4.4 8.5 -1.4
v -4.4 8.8 -1.4
v -4.4 9 -1.4
v -4.4 9.3 -1.4
v -4.4 9.9 -1.4
v -4.4 10.9 -1.4
v -4.4 11 -1.4
v -4.4 11.1 -1.4
v -4.3 0.4 -1.4
v -4.3 0.6 -1.4
v -4.3 0.7 -1.4
v -4.3 1.1 -1.4
v -4.3 1.2 -1.4
v -4.3 1.3 -1.4
v -4.3 1.4 -1.4
v -4.3 1.7 -1.4
v -4.3 2 -1.4
v -4.3 6.3 -1.4
v -4.3 6.4 -1.4
v -4.3 6.6 -1.4
v -4.3 6.7 -1.4
v -4.3 7.4 -1.4
v -4.3 7.5 -1.4
v -4.3 8 -1.4
v -4.3 8.1 -1.4
v -4.3 8.5 -1.4
v -4.3 8.6 -1.4
v -4.3 9.3 -1.4
v -4.3 9.7 -1.4
v -4.3 9.9 -1.4
v -4.3 10.3 -1.4
v -4.2 0.1 -1.4
v -4.2 0.2 -1.4
v -4.2 0.7 -1.4
v -4.2 0.8 -1.4
v -4.2 0.9 -1.4
v -4.2 1 -1.4
v -4.2 1.2 -1.4
v -4.2 1.3 -1.4
v -4.2 1.4 -1.4
v -4.2 1.5 -1.4
v -4.2 6.5 -1.4
v -4.2 6.6 -1.4
v -4.2 6.7 -1.4
v -4.2 6.8 -1.4
v -4.2 8.4 -1.4
v -4.2 8.5 -1.4
v -4.2 9 -1.4
v -4.2 9.3 -1.4
v -4.2 9.6 -1.4
v -4.2 9.7 -1.4
v -4.2 9.8 -1.4
v -4.2 9.9 -1.4
v -4.2 10.3 -1.4
v -4.2 10.4 -1.4
v -4.2 10.7 -1.4
v -4.2 10.8 -1.4
v -4.1 0 -1.4
v -4.1 0.1 -1.4
v -4.1 0.2 -1.4
v -4.1 0.3 -1.4
v -4.1 0.6 -1.4
v -4.1 0.7 -1.4
v -4.1 0.8 -1.4
v -4.1 0.9 -1.4
v -4.1 1.2 -1.4
v -4.1 1.3 -1.4
v -4.1 1.4 -1.4
v -4.1 1.5 -1.4
v -4.1 1.6 -1.4
v -4.1 2.3 -1.4
v -4.1 2.4 -1.4
v -4.1 7.2 -1.4
v -4.1 7.3 -1.4
v -4.1 8.6 -1.4
v -4.1 8.7 -1.4
v -4.1 8.8 -1.4
v -4.1 9 -1.4
v -4.1 9.3 -1.4
v -4.1 9.6 -1.4
v -4.1 9.8 -1.4
v -4.1 9.9 -1.4
v -4.1 10.4 -1.4
v -4.1 10.7 -1.4
v -4.1 10.8 -1.4
v -4 0.2 -1.4
v -4 0.3 -1.4
v -4 0.4 -1.4
v -4 0.9 -1.4
v -4 1 -1.4
v -4 1.3 -1.4
v -4 1.4 -1.4
v -4 1.5 -1.4
v -4 1.6 -1.4
v -4 1.7 -1.4
v -4 7.1 -1.4
v -4 7.2 -1.4
v -4 8.6 -1.4
v -4 8.7 -1.4
v -4 8.9 -1.4
v -4 9.3 -1.4
v -4 9.4 -1.4
v -4 9.6 -1.4
v -4 10 -1.4
v -4 10.2 -1.4
v -4 10.6 -1.4
v -4 10.8 -1.4
v -4 10.9 -1.4
v -4 11 -1.4
v -4 11.1 -1.4
v -3.9 0.1 -1.4
v -3.9 0.3 -1.4
v -3.9 1 -1.4
v -3.9 1.1 -1.4
v -3.9 1.4 -1.4
v -3.9 1.5 -1.4
v -3.9 7.2 -1.4
v -3.9 7.3 -1.4
v -3.9 7.4 -1.4
v -3.9 7.5 -1.4
v -3.9 7.7 -1.4
v -3.9 7.8 -1.4
v -3.9 7.9 -1.4
v -3.9 9.3 -1.4
v -3.9 9.4 -1.4
v -3.9 9.6 -1.4
v -3.9 10 -1.4
v -3.9 10.2 -1.4
v -3.9 10.6 -1.4
v -3.8 0.3 -1.4
v -3.8 0.4 -1.4
v -3.8 0.6 -1.4
v -3.8 0.7 -1.4
v -3.8 0.8 -1.4
v -3.8 0.9 -1.4
v -3.8 1 -1.4
v -3.8 1.1 -1.4
v -3.8 1.2 -1.4
v -3.8 1.3 -1.4
v -3.8 1.5 -1.4
v -3.8 1.6 -1.4
v -3.8 7.1 -1.4
v -3.8 7.2 -1.4
v -3.8 8.4 -1.4
v -3.8 8.5 -1.4
v -3.8 8.9 -1.4
v -3.8 9 -1.4
v -3.8 9.2 -1.4
v -3.8 9.3 -1.4
v -3.8 9.6 -1.4
v -3.8 9.7 -1.4
v -3.8 10.2 -1.4
v -3.8 10.4 -1.4
v -3.8 10.7 -1.4
v -3.7 1.1 -1.4
v -3.7 1.2 -1.4
v -3.7 1.3 -1.4
v -3.7 1.4 -1.4
v -3.7 6.5 -1.4
v -3.7 6.6 -1.4
v -3.7 7.2 -1.4
v -3.7 7.3 -1.4
v -3.7 7.4 -1.4
v -3.7 7.8 -1.4
v -3.7 7.9 -1.4
v -3.7 8.4 -1.4
v -3.7 8.5 -1.4
v -3.7 8.7 -1.4
v -3.7 8.8 -1.4
v -3.7 9.2 -1.4
v -3.7 9.5 -1.4
v -3.7 9.6 -1.4
v -3.7 9.7 -1.4
v -3.7 10.2 -1.4
v -3.7 10.4 -1.4
v -3.7 10.7 -1.4
v -3.7 10.8 -1.4
v -3.7 10.9 -1.4
v -3.6 0.4 -1.4
v -3.6 0.6 -1.4
v -3.6 0.7 -1.4
v -3.6 0.8 -1.4
v -3.6 0.9 -1.4
v -3.6 1 -1.4
v -3.6 1.3 -1.4
v -3.6 1.4 -1.4
v -3.6 7.2 -1.4
v -3.6 7.3 -1.4
v -3.6 7.7 -1.4
v -3.6 7.8 -1.4
v -3.6 9.4 -1.4
v -3.6 9.5 -1.4
v -3.6 9.6 -1.4
v -3.6 9.7 -1.4
v -3.6 10.2 -1.4
v -3.6 10.9 -1.4
v -3.6 11 -1.4
v -3.6 11.1 -1.4
v -3.5 0 -1.4
v -3.5 0.1 -1.4
v -3.5 0.6 -1.4
v -3.5 0.7 -1.4
v -3.5 1.4 -1.4
v -3.5 1.5 -1.4
v -3.5 7.2 -1.4
v -3.5 7.3 -1.4
v -3.5 7.4 -1.4
v -3.5 7.7 -1.4
v -3.5 7.8 -1.4
v -3.5 8.4 -1.4
v -3.5 8.5 -1.4
v -3.5 8.6 -1.4
v -3.5 8.8 -1.4
v -3.5 8.9 -1.4
v -3.5 9 -1.4
v -3.5 9.2 -1.4
v -3.5 9.3 -1.4
v -3.5 9.4 -1.4
v -3.5 9.5 -1.4
v -3.5 9.6 -1.4
v -3.5 10.1 -1.4
v -3.5 10.2 -1.4
v -3.5 10.3 -1.4
v -3.5 10.6 -1.4
v -3.4 0.1 -1.4
v -3.4 0.2 -1.4
v -3.4 0.7 -1.4
v -3.4 0.8 -1.4
v -3.4 1.1 -1.4
v -3.4 1.2 -1.4
v -3.4 1.3 -1.4
v -3.4 1.4 -1.4
v -3.4 1.5 -1.4
v -3.4 1.6 -1.4
v -3.4 1.7 -1.4
v -3.4 9.2 -1.4
v -3.4 9.3 -1.4
v -3.4 9.4 -1.4
v -3.4 9.5 -1.4
v -3.4 9.9 -1.4
v -3.4 10.1 -1.4
v -3.4 10.3 -1.4
v -3.4 10.4 -1.4
v -3.4 10.6 -1.4
v -3.4 10.7 -1.4
v -3.4 10.8 -1.4
v -3.3 0.2 -1.4
v -3.3 0.3 -1.4
v -3.3 0.9 -1.4
v -3.3 1 -1.4
v -3.3 1.3 -1.4
v -3.3 1.4 -1.4
v -3.3 2.3 -1.4
v -3.3 2.4 -1.4
v -3.3 7.8 -1.4
v -3.3 7.9 -1.4
v -3.3 8.4 -1.4
v -3.3 8.5 -1.4
v -3.3 8.8 -1.4
v -3.3 8.9 -1.4
v -3.3 9 -1.4
v -3.3 9.9 -1.4
v -3.3 10.4 -1.4
v -3.3 10.6 -1.4
v -3.3 10.8 -1.4
v -3.3 10.9 -1.4
v -3.3 11 -1.4
v -3.2 0 -1.4
v -3.2 0.1 -1.4
v -3.2 0.7 -1.4
v -3.2 0.8 -1.4
v -3.2 0.9 -1.4
v -3.2 1 -1.4
v -3.2 1.1 -1.4
v -3.2 1.2 -1.4
v -3.2 1.3 -1.4
v -3.2 1.4 -1.4
v -3.2 1.5 -1.4
v -3.2 2.3 -1.4
v -3.2 2.4 -1.4
v -3.2 6.6 -1.4
v -3.2 6.7 -1.4
v -3.2 6.8 -1.4
v -3.2 6.9 -1.4
v -3.2 7.1 -1.4
v -3.2 7.2 -1.4
v -3.2 7.3 -1.4
v -3.2 7.4 -1.4
v -3.2 7.7 -1.4
v -3.2 8.4 -1.4
v -3.2 8.5 -1.4
v -3.2 8.9 -1.4
v -3.2 9 -1.4
v -3.2 10.6 -1.4
v -3.2 10.7 -1.4
v -3.1 0 -1.4
v -3.1 0.1 -1.4
v -3.1 0.3 -1.4
v -3.1 0.4 -1.4
v -3.1 0.6 -1.4
v -3.1 0.7 -1.4
v -3.1 1 -1.4
v -3.1 1.1 -1.4
v -3.1 1.2 -1.4
v -3.1 1.5 -1.4
v -3.1 1.7 -1.4
v -3.1 6.4 -1.4
v -3.1 6.5 -1.4
v -3.1 6.6 -1.4
v -3.1 6.7 -1.4
v -3.1 6.8 -1.4
v -3.1 6.9 -1.4
v -3.1 7 -1.4
v -3.1 7.1 -1.4
v -3.1 7.2 -1.4
v -3.1 7.4 -1.4
v -3.1 7.8 -1.4
v -3.1 7.9 -1.4
v -3.1 8 -1.4
v -3.1 8.4 -1.4
v -3.1 8.5 -1.4
v -3.1 8.6 -1.4
v -3.1 8.8 -1.4
v -3.1 8.9 -1.4
v -3 0.1 -1.4
v -3 0.2 -1.4
v -3 0.4 -1.4
v -3 0.6 -1.4
v -3 0.7 -1.4
v -3 0.8 -1.4
v -3 1 -1.4
v -3 1.1 -1.4
v -3 2 -1.4
v -3 2.2 -1.4
v -3 2.3 -1.4
v -3 6.3 -1.4
v -3 6.4 -1.4
v -3 6.6 -1.4
v -3 6.7 -1.4
v -3 6.9 -1.4
v -3 7 -1.4
v -3 7.1 -1.4
v -3 7.3 -1.4
v -3 7.4 -1.4
v -3 8 -1.4
v -3 8.1 -1.4
v -3 9.5 -1.4
v -3 9.6 -1.4
v -3 9.9 -1.4
v -2.9 0.1 -1.4
v -2.9 0.2 -1.4
v -2.9 0.3 -1.4
v -2.9 0.8 -1.4
v -2.9 0.9 -1.4
v -2.9 1 -1.4
v -2.9 1.1 -1.4
v -2.9 1.2 -1.4
v -2.9 1.3 -1.4
v -2.9 1.4 -1.4
v -2.9 1.5 -1.4
v -2.9 6.4 -1.4
v -2.9 6.5 -1.4
v -2.9 7.4 -1.4
v -2.9 7.7 -1.4
v -2.9 7.9 -1.4
v -2.9 8 -1.4
v -2.9 9.2 -1.4
v -2.9 9.5 -1.4
v -2.9 9.6 -1.4
v -2.9 9.9 -1.4
v -2.9 10.7 -1.4
v -2.9 10.8 -1.4
v -2.9 10.9 -1.4
v -2.9 11 -1.4
v -2.9 11.1 -1.4
v -2.8 0 -1.4
v -2.8 0.1 -1.4
v -2.8 1 -1.4
v -2.8 1.1 -1.4
v -2.8 2.3 -1.4
v -2.8 2.4 -1.4
v -2.8 6.3 -1.4
v -2.8 6.4 -1.4
v -2.8 7.4 -1.4
v -2.8 7.7 -1.4
v -2.8 8.7 -1.4
v -2.8 8.8 -1.4
v -2.8 9 -1.4
v -2.8 9.2 -1.4
v -2.8 9.5 -1.4
v -2.8 9.6 -1.4
v -2.8 9.9 -1.4
v -2.8 10 -1.4
v -2.7 0.2 -1.4
v -2.7 0.3 -1.4
v -2.7 0.4 -1.4
v -2.7 0.6 -1.4
v -2.7 0.7 -1.4
v -2.7 0.9 -1.4
v -2.7 1 -1.4
v -2.7 1.1 -1.4
v -2.7 1.4 -1.4
v -2.7 1.5 -1.4
v -2.7 1.6 -1.4
v -2.7 2.3 -1.4
v -2.7 2.4 -1.4
v -2.7 6.1 -1.4
v -2.7 6.4 -1.4
v -2.7 8.7 -1.4
v -2.7 8.8 -1.4
v -2.7 8.9 -1.4
v -2.7 9.2 -1.4
v -2.7 9.5 -1.4
v -2.7 9.6 -1.4
v -2.7 9.9 -1.4
v -2.7 10 -1.4
v -2.7 10.2 -1.4
v -2.7 10.4 -1.4
v -2.7 10.7 -1.4
v -2.7 10.8 -1.4
v -2.6 0.4 -1.4
v -2.6 0.6 -1.4
v -2.6 1.2 -1.4
v -2.6 1.3 -1.4
v -2.6 1.4 -1.4
v -2.6 2.2 -1.4
v -2.6 2.3 -1.4
v -2.6 6.3 -1.4
v -2.6 6.4 -1.4
v -2.6 6.7 -1.4
v -2.6 7 -1.4
v -2.6 7.2 -1.4
v -2.6 7.7 -1.4
v -2.6 8.4 -1.4
v -2.6 8.5 -1.4
v -2.6 8.9 -1.4
v -2.6 9 -1.4
v -2.6 9.2 -1.4
v -2.6 10.1 -1.4
v -2.6 10.2 -1.4
v -2.6 10.4 -1.4
v -2.6 10.6 -1.4
v -2.6 10.9 -1.4
v -2.6 11 -1.4
v -2.6 11.1 -1.4
v -2.5 0.1 -1.4
v -2.5 0.2 -1.4
v -2.5 0.3 -1.4
v -2.5 0.4 -1.4
v -2.5 1.5 -1.4
v -2.5 1.6 -1.4
v -2.5 2.3 -1.4
v -2.5 2.4 -1.4
v -2.5 6.1 -1.4
v -2.5 6.3 -1.4
v -2.5 6.6 -1.4
v -2.5 6.7 -1.4
v -2.5 6.9 -1.4
v -2.5 7 -1.4
v -2.5 7.1 -1.4
v -2.5 7.3 -1.4
v -2.5 7.5 -1.4
v -2.5 7.7 -1.4
v -2.5 7.8 -1.4
v -2.5 8 -1.4
v -2.5 8.2 -1.4
v -2.5 10.2 -1.4
v -2.5 10.4 -1.4
v -2.5 10.6 -1.4
v -2.4 0.6 -1.4
v -2.4 0.7 -1.4
v -2.4 1 -1.4
v -2.4 1.1 -1.4
v -2.4 1.2 -1.4
v -2.4 1.3 -1.4
v -2.4 1.4 -1.4
v -2.4 1.5 -1.4
v -2.4 1.6 -1.4
v -2.4 1.7 -1.4
v -2.4 1.8 -1.4
v -2.4 2 -1.4
v -2.4 2.4 -1.4
v -2.4 2.5 -1.4
v -2.4 6.1 -1.4
v -2.4 6.3 -1.4
v -2.4 6.7 -1.4
v -2.4 6.9 -1.4
v -2.4 7 -1.4
v -2.4 7.3 -1.4
v -2.4 7.5 -1.4
v -2.4 7.7 -1.4
v -2.4 8 -1.4
v -2.4 8.1 -1.4
v -2.4 8.4 -1.4
v -2.4 8.5 -1.4
v -2.4 10.8 -1.4
v -2.4 10.9 -1.4
v -2.4 11 -1.4
v -2.3 0.2 -1.4
v -2.3 0.3 -1.4
v -2.3 0.4 -1.4
v -2.3 0.6 -1.4
v -2.3 1.5 -1.4
v -2.3 1.6 -1.4
v -2.3 2 -1.4
v -2.3 2.1 -1.4
v -2.3 2.7 -1.4
v -2.3 2.9 -1.4
v -2.3 6.7 -1.4
v -2.3 6.8 -1.4
v -2.3 6.9 -1.4
v -2.3 7 -1.4
v -2.3 7.3 -1.4
v -2.3 7.4 -1.4
v -2.3 7.5 -1.4
v -2.3 7.7 -1.4
v -2.3 8.5 -1.4
v -2.3 8.6 -1.4
v -2.3 10.1 -1.4
v -2.3 10.2 -1.4
v -2.3 10.4 -1.4
v -2.3 10.6 -1.4
v -2.2 0.7 -1.4
v -2.2 0.8 -1.4
v -2.2 1.1 -1.4
v -2.2 1.2 -1.4
v -2.2 1.3 -1.4
v -2.2 1.4 -1.4
v -2.2 1.5 -1.4
v -2.2 6.8 -1.4
v -2.2 6.9 -1.4
v -2.2 7.4 -1.4
v -2.2 7.5 -1.4
v -2.2 8.2 -1.4
v -2.2 8.3 -1.4
v -2.2 8.5 -1.4
v -2.2 8.6 -1.4
v -2.2 10.8 -1.4
v -2.2 10.9 -1.4
v -2.2 11 -1.4
v -2.2 11.1 -1.4
v -2.1 0.6 -1.4
v -2.1 0.7 -1.4
v -2.1 2.4 -1.4
v -2.1 2.5 -1.4
v -2.1 3.6 -1.4
v -2.1 3.7 -1.4
v -2.1 4.1 -1.4
v -2.1 4.2 -1.4
v -2.1 4.7 -1.4
v -2.1 5.1 -1.4
v -2.1 6.1 -1.4
v -2.1 6.3 -1.4
v -2.1 6.4 -1.4
v -2.1 6.5 -1.4
v -2.1 6.8 -1.4
v -2.1 6.9 -1.4
v -2.1 7.4 -1.4
v -2.1 7.5 -1.4
v -2.1 8.3 -1.4
v -2.1 8.4 -1.4
v -2.1 8.6 -1.4
v -2.1 8.7 -1.4
v -2.1 8.9 -1.4
v -2.1 9.2 -1.4
v -2.1 10.1 -1.4
v -2.1 10.2 -1.4
v -2.1 10.4 -1.4
v -2 0.3 -1.4
v -2 0.4 -1.4
v -2 0.8 -1.4
v -2 0.9 -1.4
v -2 1 -1.4
v -2 1.1 -1.4
v -2 1.2 -1.4
v -2 1.3 -1.4
v -2 1.4 -1.4
v -2 1.8 -1.4
v -2 2 -1.4
v -2 2.1 -1.4
v -2 2.3 -1.4
v -2 2.4 -1.4
v -2 2.9 -1.4
v -2 3 -1.4
v -2 3.3 -1.4
v -2 3.5 -1.4
v -2 3.6 -1.4
v -2 3.7 -1.4
v -2 3.8 -1.4
v -2 4.1 -1.4
v -2 4.2 -1.4
v -2 4.4 -1.4
v -2 5.1 -1.4
v -2 5.2 -1.4
v -2 5.3 -1.4
v -2 5.4 -1.4
v -2 6.1 -1.4
v -2 6.3 -1.4
v -2 6.8 -1.4
v -2 6.9 -1.4
v -2 7.4 -1.4
v -2 7.5 -1.4
v -2 8.8 -1.4
v -2 8.9 -1.4
v -2 9.2 -1.4
v -2 9.7 -1.4
v -2 9.9 -1.4
v -2 10.1 -1.4
v -2 10.2 -1.4
v -2 10.4 -1.4
v -2 10.6 -1.4
v -2 10.7 -1.4
v -2 11 -1.4
v -2 11.1 -1.4
v -1.9 0.7 -1.4
v -1.9 0.8 -1.4
v -1.9 1.1 -1.4
v -1.9 1.2 -1.4
v -1.9 2.6 -1.4
v -1.9 2.7 -1.4
v -1.9 2.9 -1.4
v -1.9 3 -1.4
v -1.9 3.1 -1.4
v -1.9 3.2 -1.4
v -1.9 3.5 -1.4
v -1.9 3.6 -1.4
v -1.9 5 -1.4
v -1.9 5.2 -1.4
v -1.9 5.5 -1.4
v -1.9 5.6 -1.4
v -1.9 6.1 -1.4
v -1.9 6.3 -1.4
v -1.9 6.8 -1.4
v -1.9 6.9 -1.4
v -1.9 7.4 -1.4
v -1.9 7.5 -1.4
v -1.9 7.8 -1.4
v -1.9 7.9 -1.4
v -1.9 8.1 -1.4
v -1.9 8.3 -1.4
v -1.9 8.4 -1.4
v -1.9 8.5 -1.4
v -1.9 8.6 -1.4
v -1.9 8.7 -1.4
v -1.9 8.8 -1.4
v -1.9 9.7 -1.4
v -1.9 9.9 -1.4
v -1.9 10.2 -1.4
v -1.9 10.4 -1.4
v -1.9 10.7 -1.4
v -1.9 11.1 -1.4
v -1.8 1 -1.4
v -1.8 1.1 -1.4
v -1.8 1.3 -1.4
v -1.8 1.4 -1.4
v -1.8 2.2 -1.4
v -1.8 2.3 -1.4
v -1.8 2.8 -1.4
v -1.8 2.9 -1.4
v -1.8 3.3 -1.4
v -1.8 3.5 -1.4
v -1.8 3.8 -1.4
v -1.8 3.9 -1.4
v -1.8 4.2 -1.4
v -1.8 4.3 -1.4
v -1.8 4.6 -1.4
v -1.8 4.7 -1.4
v -1.8 4.9 -1.4
v -1.8 5 -1.4
v -1.8 5.3 -1.4
v -1.8 5.4 -1.4
v -1.8 5.5 -1.4
v -1.8 5.6 -1.4
v -1.8 6.1 -1.4
v -1.8 6.3 -1.4
v -1.8 6.4 -1.4
v -1.8 6.5 -1.4
v -1.8 6.6 -1.4
v -1.8 6.7 -1.4
v -1.8 6.8 -1.4
v -1.8 6.9 -1.4
v -1.8 7 -1.4
v -1.8 7.1 -1.4
v -1.8 7.2 -1.4
v -1.8 7.3 -1.4
v -1.8 7.4 -1.4
v -1.8 7.5 -1.4
v -1.8 7.7 -1.4
v -1.8 8.1 -1.4
v -1.8 8.3 -1.4
v -1.8 8.6 -1.4
v -1.8 8.7 -1.4
v -1.8 8.8 -1.4
v -1.8 9.6 -1.4
v -1.8 10.4 -1.4
v -1.7 -0.1 -1.4
v -1.7 0 -1.4
v -1.7 0.6 -1.4
v -1.7 0.7 -1.4
v -1.7 0.8 -1.4
v -1.7 0.9 -1.4
v -1.7 1 -1.4
v -1.7 1.3 -1.4
v -1.7 1.5 -1.4
v -1.7 1.8 -1.4
v -1.7 2 -1.4
v -1.7 3 -1.4
v -1.7 3.1 -1.4
v -1.7 3.2 -1.4
v -1.7 4.3 -1.4
v -1.7 4.4 -1.4
v -1.7 4.6 -1.4
v -1.7 4.7 -1.4
v -1.7 4.9 -1.4
v -1.7 5.1 -1.4
v -1.7 5.2 -1.4
v -1.7 5.6 -1.4
v -1.7 5.7 -1.4
v -1.7 5.8 -1.4
v -1.7 6.6 -1.4
v -1.7 6.7 -1.4
v -1.7 6.9 -1.4
v -1.7 7 -1.4
v -1.7 7.1 -1.4
v -1.7 7.2 -1.4
v -1.7 7.3 -1.4
v -1.7 7.5 -1.4
v -1.7 7.7 -1.4
v -1.7 7.8 -1.4
v -1.7 8.1 -1.4
v -1.7 8.3 -1.4
v -1.7 8.5 -1.4
v -1.7 8.6 -1.4
v -1.7 8.7 -1.4
v -1.7 8.8 -1.4
v -1.7 9.6 -1.4
v -1.7 10.2 -1.4
v -1.7 10.4 -1.4
v -1.7 10.9 -1.4
v -1.6 0 -1.4
v -1.6 0.1 -1.4
v -1.6 1.8 -1.4
v -1.6 2 -1.4
v -1.6 2.7 -1.4
v -1.6 2.8 -1.4
v -1.6 4 -1.4
v -1.6 4.1 -1.4
v -1.6 4.6 -1.4
v -1.6 4.7 -1.4
v -1.6 5.4 -1.4
v -1.6 5.5 -1.4
v -1.6 5.6 -1.4
v -1.6 5.7 -1.4
v -1.6 5.8 -1.4
v -1.6 6.4 -1.4
v -1.6 6.5 -1.4
v -1.6 7.8 -1.4
v -1.6 7.9 -1.4
v -1.6 8.5 -1.4
v -1.6 8.6 -1.4
v -1.6 8.7 -1.4
v -1.6 9.2 -1.4
v -1.6 10.2 -1.4
v -1.6 10.8 -1.4
v -1.6 10.9 -1.4
v -1.6 11 -1.4
v -1.5 -0.1 -1.4
v -1.5 0 -1.4
v -1.5 0.4 -1.4
v -1.5 0.6 -1.4
v -1.5 0.7 -1.4
v -1.5 0.8 -1.4
v -1.5 0.9 -1.4
v -1.5 1 -1.4
v -1.5 1.1 -1.4
v -1.5 1.2 -1.4
v -1.5 1.3 -1.4
v -1.5 1.4 -1.4
v -1.5 2.4 -1.4
v -1.5 2.6 -1.4
v -1.5 2.8 -1.4
v -1.5 2.9 -1.4
v -1.5 3.6 -1.4
v -1.5 3.7 -1.4
v -1.5 3.8 -1.4
v -1.5 3.9 -1.4
v -1.5 4 -1.4
v -1.5 4.6 -1.4
v -1.5 4.7 -1.4
v -1.5 5.2 -1.4
v -1.5 5.4 -1.4
v -1.5 5.5 -1.4
v -1.5 5.6 -1.4
v -1.5 6.1 -1.4
v -1.5 6.3 -1.4
v -1.5 6.8 -1.4
v -1.5 6.9 -1.4
v -1.5 8.5 -1.4
v -1.5 8.7 -1.4
v -1.5 8.8 -1.4
v -1.5 8.9 -1.4
v -1.5 9.2 -1.4
v -1.5 9.3 -1.4
v -1.5 9.5 -1.4
v -1.5 10.3 -1.4
v -1.5 10.8 -1.4
v -1.5 10.9 -1.4
v -1.5 11 -1.4
v -1.5 11.1 -1.4
v -1.4 -0.1 -1.4
v -1.4 0 -1.4
v -1.4 0.1 -1.4
v -1.4 0.2 -1.4
v -1.4 0.7 -1.4
v -1.4 0.8 -1.4
v -1.4 1.3 -1.4
v -1.4 1.4 -1.4
v -1.4 2 -1.4
v -1.4 2.1 -1.4
v -1.4 3.1 -1.4
v -1.4 3.2 -1.4
v -1.4 3.7 -1.4
v -1.4 3.8 -1.4
v -1.4 4.9 -1.4
v -1.4 5 -1.4
v -1.4 5.8 -1.4
v -1.4 5.9 -1.4
v -1.4 6 -1.4
v -1.4 6.1 -1.4
v -1.4 6.9 -1.4
v -1.4 7.3 -1.4
v -1.4 7.8 -1.4
v -1.4 7.9 -1.4
v -1.4 8.7 -1.4
v -1.4 8.8 -1.4
v -1.4 9.3 -1.4
v -1.4 9.5 -1.4
v -1.4 9.8 -1.4
v -1.4 10.3 -1.4
v -1.4 10.9 -1.4
v -1.4 11 -1.4
v -1.3 0 -1.4
v -1.3 0.1 -1.4
v -1.3 0.2 -1.4
v -1.3 0.3 -1.4
v -1.3 0.6 -1.4
v -1.3 0.7 -1.4
v -1.3 0.8 -1.4
v -1.3 2.8 -1.4
v -1.3 2.9 -1.4
v -1.3 3 -1.4
v -1.3 3.2 -1.4
v -1.3 3.3 -1.4
v -1.3 3.5 -1.4
v -1.3 3.8 -1.4
v -1.3 3.9 -1.4
v -1.3 4.1 -1.4
v -1.3 4.2 -1.4
v -1.3 4.3 -1.4
v -1.3 4.4 -1.4
v -1.3 4.7 -1.4
v -1.3 4.9 -1.4
v -1.3 5 -1.4
v -1.3 5.1 -1.4
v -1.3 5.2 -1.4
v -1.3 6.4 -1.4
v -1.3 6.5 -1.4
v -1.3 6.6 -1.4
v -1.3 6.8 -1.4
v -1.3 7.1 -1.4
v -1.3 7.2 -1.4
v -1.3 7.3 -1.4
v -1.3 7.4 -1.4
v -1.3 7.5 -1.4
v -1.3 7.7 -1.4
v -1.3 7.8 -1.4
v -1.3 7.9 -1.4
v -1.3 8.3 -1.4
v -1.3 8.8 -1.4
v -1.3 8.9 -1.4
v -1.3 9 -1.4
v -1.3 9.2 -1.4
v -1.3 9.4 -1.4
v -1.3 9.6 -1.4
v -1.3 9.8 -1.4
v -1.3 10.3 -1.4
v -1.3 11 -1.4
v -1.2 0 -1.4
v -1.2 0.1 -1.4
v -1.2 0.7 -1.4
v -1.2 0.8 -1.4
v -1.2 1 -1.4
v -1.2 1.1 -1.4
v -1.2 1.2 -1.4
v -1.2 2.1 -1.4
v -1.2 2.2 -1.4
v -1.2 2.7 -1.4
v -1.2 2.8 -1.4
v -1.2 3.3 -1.4
v -1.2 3.5 -1.4
v -1.2 3.6 -1.4
v -1.2 4.5 -1.4
v -1.2 4.6 -1.4
v -1.2 4.7 -1.4
v -1.2 4.9 -1.4
v -1.2 5.2 -1.4
v -1.2 5.4 -1.4
v -1.2 5.5 -1.4
v -1.2 6 -1.4
v -1.2 6.1 -1.4
v -1.2 6.5 -1.4
v -1.2 6.6 -1.4
v -1.2 6.9 -1.4
v -1.2 7 -1.4
v -1.2 7.2 -1.4
v -1.2 7.4 -1.4
v -1.2 7.8 -1.4
v -1.2 7.9 -1.4
v -1.2 8 -1.4
v -1.2 8.2 -1.4
v -1.2 9.2 -1.4
v -1.2 9.4 -1.4
v -1.2 9.6 -1.4
v -1.2 9.8 -1.4
v -1.2 9.9 -1.4
v -1.1 0 -1.4
v -1.1 0.1 -1.4
v -1.1 0.2 -1.4
v -1.1 0.3 -1.4
v -1.1 2.8 -1.4
v -1.1 2.9 -1.4
v -1.1 3 -1.4
v -1.1 3.2 -1.4
v -1.1 5 -1.4
v -1.1 5.1 -1.4
v -1.1 5.5 -1.4
v -1.1 5.6 -1.4
v -1.1 5.8 -1.4
v -1.1 5.9 -1.4
v -1.1 6 -1.4
v -1.1 6.1 -1.4
v -1.1 6.3 -1.4
v -1.1 6.4 -1.4
v -1.1 7 -1.4
v -1.1 7.1 -1.4
v -1.1 7.2 -1.4
v -1.1 7.3 -1.4
v -1.1 7.4 -1.4
v -1.1 7.5 -1.4
v -1.1 7.7 -1.4
v -1.1 7.8 -1.4
v -1.1 7.9 -1.4
v -1.1 8.6 -1.4
v -1.1 8.7 -1.4
v -1.1 8.8 -1.4
v -1.1 9.3 -1.4
v -1.1 9.4 -1.4
v -1.1 9.8 -1.4
v -1.1 9.9 -1.4
v -1.1 10.1 -1.4
v -1 0.6 -1.4
v -1 0.7 -1.4
v -1 0.9 -1.4
v -1 1 -1.4
v -1 1.1 -1.4
v -1 1.2 -1.4
v -1 1.3 -1.4
v -1 1.4 -1.4
v -1 2.7 -1.4
v -1 2.8 -1.4
v -1 3 -1.4
v -1 3.2 -1.4
v -1 3.3 -1.4
v -1 3.5 -1.4
v -1 3.8 -1.4
v -1 4.6 -1.4
v -1 4.7 -1.4
v -1 4.9 -1.4
v -1 5 -1.4
v -1 5.1 -1.4
v -1 5.7 -1.4
v -1 5.8 -1.4
v -1 5.9 -1.4
v -1 6.6 -1.4
v -1 6.7 -1.4
v -1 6.8 -1.4
v -1 6.9 -1.4
v -1 7.1 -1.4
v -1 7.3 -1.4
v -1 7.5 -1.4
v -1 7.8 -1.4
v -1 8 -1.4
v -1 8.1 -1.4
v -1 8.5 -1.4
v -1 8.6 -1.4
v -1 9.3 -1.4
v -1 9.4 -1.4
v -1 9.5 -1.4
v -1 9.6 -1.4
v -1 9.8 -1.4
v -1 9.9 -1.4
v -1 10.2 -1.4
v -1 10.4 -1.4
v -1 10.9 -1.4
v -0.9 0.1 -1.4
v -0.9 0.2 -1.4
v -0.9 0.3 -1.4
v -0.9 0.6 -1.4
v -0.9 0.7 -1.4
v -0.9 1.4 -1.4
v -0.9 1.5 -1.4
v -0.9 2.5 -1.4
v -0.9 2.6 -1.4
v -0.9 3.3 -1.4
v -0.9 3.5 -1.4
v -0.9 3.6 -1.4
v -0.9 3.8 -1.4
v -0.9 4.2 -1.4
v -0.9 5 -1.4
v -0.9 5.2 -1.4
v -0.9 5.3 -1.4
v -0.9 5.7 -1.4
v -0.9 5.8 -1.4
v -0.9 6.3 -1.4
v -0.9 6.4 -1.4
v -0.9 6.6 -1.4
v -0.9 6.7 -1.4
v -0.9 6.8 -1.4
v -0.9 6.9 -1.4
v -0.9 7 -1.4
v -0.9 7.1 -1.4
v -0.9 7.4 -1.4
v -0.9 8 -1.4
v -0.9 8.1 -1.4
v -0.9 8.2 -1.4
v -0.9 8.6 -1.4
v -0.9 8.7 -1.4
v -0.9 8.8 -1.4
v -0.9 9 -1.4
v -0.9 9.2 -1.4
v -0.9 9.5 -1.4
v -0.9 9.6 -1.4
v -0.9 10.2 -1.4
v -0.9 10.4 -1.4
v -0.9 10.9 -1.4
v -0.9 11 -1.4
v -0.8 1.1 -1.4
v -0.8 1.2 -1.4
v -0.8 1.3 -1.4
v -0.8 1.4 -1.4
v -0.8 2.3 -1.4
v -0.8 2.4 -1.4
v -0.8 2.8 -1.4
v -0.8 2.9 -1.4
v -0.8 3 -1.4
v -0.8 3.1 -1.4
v -0.8 3.5 -1.4
v -0.8 3.6 -1.4
v -0.8 4 -1.4
v -0.8 4.1 -1.4
v -0.8 4.2 -1.4
v -0.8 4.3 -1.4
v -0.8 4.5 -1.4
v -0.8 4.6 -1.4
v -0.8 4.7 -1.4
v -0.8 5.6 -1.4
v -0.8 5.7 -1.4
v -0.8 6.3 -1.4
v -0.8 6.4 -1.4
v -0.8 6.5 -1.4
v -0.8 6.9 -1.4
v -0.8 7 -1.4
v -0.8 7.2 -1.4
v -0.8 7.3 -1.4
v -0.8 8.1 -1.4
v -0.8 8.2 -1.4
v -0.8 8.3 -1.4
v -0.8 8.7 -1.4
v -0.8 8.8 -1.4
v -0.8 10.8 -1.4
v -0.8 10.9 -1.4
v -0.7 0.2 -1.4
v -0.7 0.3 -1.4
v -0.7 0.6 -1.4
v -0.7 3.5 -1.4
v -0.7 3.6 -1.4
v -0.7 3.7 -1.4
v -0.7 4.7 -1.4
v -0.7 4.9 -1.4
v -0.7 5.3 -1.4
v -0.7 5.4 -1.4
v -0.7 5.5 -1.4
v -0.7 5.6 -1.4
v -0.7 5.7 -1.4
v -0.7 5.8 -1.4
v -0.7 5.9 -1.4
v -0.7 6 -1.4
v -0.7 6.1 -1.4
v -0.7 6.9 -1.4
v -0.7 7 -1.4
v -0.7 7.1 -1.4
v -0.7 7.2 -1.4
v -0.7 7.3 -1.4
v -0.7 7.7 -1.4
v -0.7 7.8 -1.4
v -0.7 8.2 -1.4
v -0.7 8.3 -1.4
v -0.7 9.9 -1.4
v -0.7 10.1 -1.4
v -0.7 10.4 -1.4
v -0.7 10.6 -1.4
v -0.7 10.9 -1.4
v -0.7 11.1 -1.4
v -0.6 0.6 -1.4
v -0.6 0.7 -1.4
v -0.6 0.9 -1.4
v -0.6 1 -1.4
v -0.6 1.1 -1.4
v -0.6 1.2 -1.4
v -0.6 1.3 -1.4
v -0.6 1.4 -1.4
v -0.6 1.5 -1.4
v -0.6 2.2 -1.4
v -0.6 2.3 -1.4
v -0.6 2.4 -1.4
v -0.6 3 -1.4
v -0.6 3.1 -1.4
v -0.6 4 -1.4
v -0.6 4.1 -1.4
v -0.6 4.2 -1.4
v -0.6 4.3 -1.4
v -0.6 4.7 -1.4
v -0.6 4.9 -1.4
v -0.6 5.3 -1.4
v -0.6 5.4 -1.4
v -0.6 6.4 -1.4
v -0.6 6.6 -1.4
v -0.6 6.8 -1.4
v -0.6 7.3 -1.4
v -0.6 7.4 -1.4
v -0.6 7.5 -1.4
v -0.6 7.7 -1.4
v -0.6 9.4 -1.4
v -0.6 9.5 -1.4
v -0.6 10.7 -1.4
v -0.6 10.8 -1.4
v -0.5 0.3 -1.4
v -0.5 0.4 -1.4
v -0.5 1 -1.4
v -0.5 1.1 -1.4
v -0.5 2.6 -1.4
v -0.5 2.7 -1.4
v -0.5 3.1 -1.4
v -0.5 3.2 -1.4
v -0.5 3.5 -1.4
v -0.5 3.6 -1.4
v -0.5 3.7 -1.4
v -0.5 3.8 -1.4
v -0.5 4.9 -1.4
v -0.5 5 -1.4
v -0.5 5.5 -1.4
v -0.5 5.6 -1.4
v -0.5 5.7 -1.4
v -0.5 6.3 -1.4
v -0.5 6.4 -1.4
v -0.5 6.5 -1.4
v -0.5 6.6 -1.4
v -0.5 6.7 -1.4
v -0.5 6.8 -1.4
v -0.5 6.9 -1.4
v -0.5 7.1 -1.4
v -0.5 7.2 -1.4
v -0.5 7.3 -1.4
v -0.5 7.8 -1.4
v -0.5 7.9 -1.4
v -0.5 8 -1.4
v -0.5 8.5 -1.4
v -0.5 8.7 -1.4
v -0.5 9.7 -1.4
v -0.5 9.8 -1.4
v -0.5 10.6 -1.4
v -0.5 10.7 -1.4
v -0.5 10.8 -1.4
v -0.5 10.9 -1.4
v -0.4 0.4 -1.4
v -0.4 0.6 -1.4
v -0.4 0.7 -1.4
v -0.4 0.8 -1.4
v -0.4 3 -1.4
v -0.4 3.2 -1.4
v -0.4 3.3 -1.4
v -0.4 3.5 -1.4
v -0.4 4.6 -1.4
v -0.4 4.7 -1.4
v -0.4 5 -1.4
v -0.4 5.1 -1.4
v -0.4 5.5 -1.4
v -0.4 5.6 -1.4
v -0.4 5.7 -1.4
v -0.4 5.9 -1.4
v -0.4 6 -1.4
v -0.4 6.1 -1.4
v -0.4 6.3 -1.4
v -0.4 6.4 -1.4
v -0.4 6.5 -1.4
v -0.4 7.1 -1.4
v -0.4 7.2 -1.4
v -0.4 7.5 -1.4
v -0.4 7.7 -1.4
v -0.4 7.9 -1.4
v -0.4 8 -1.4
v -0.4 9.2 -1.4
v -0.4 9.5 -1.4
v -0.4 9.7 -1.4
v -0.4 9.9 -1.4
v -0.4 10.4 -1.4
v -0.4 10.6 -1.4
v -0.2 0.6 -1.4
v -0.2 0.7 -1.4
v -0.2 1.5 -1.4
v -0.2 1.6 -1.4
v -0.2 2.3 -1.4
v -0.2 2.4 -1.4
v -0.2 2.7 -1.4
v -0.2 2.8 -1.4
v -0.2 3.1 -1.4
v -0.2 3.2 -1.4
v -0.2 3.3 -1.4
v -0.2 3.5 -1.4
v -0.2 4.2 -1.4
v -0.2 4.3 -1.4
v -0.2 4.4 -1.4
v -0.2 4.5 -1.4
v -0.2 4.9 -1.4
v -0.2 5 -1.4
v -0.2 5.9 -1.4
v -0.2 6 -1.4
v -0.2 6.1 -1.4
v -0.2 6.4 -1.4
v -0.2 6.5 -1.4
v -0.2 6.6 -1.4
v -0.2 6.7 -1.4
v -0.2 6.8 -1.4
v -0.2 6.9 -1.4
v -0.2 7 -1.4
v -0.2 7.1 -1.4
v -0.2 8 -1.4
v -0.2 8.1 -1.4
v -0.2 8.2 -1.4
v -0.2 8.5 -1.4
v -0.2 8.7 -1.4
v -0.2 9 -1.4
v -0.2 9.2 -1.4
v -0.2 10.3 -1.4
v -0.0999999 0.7 -1.4
v -0.0999999 0.8 -1.4
v -0.0999999 0.9 -1.4
v -0.0999999 1 -1.4
v -0.0999999 1.1 -1.4
v -0.0999999 1.5 -1.4
v -0.0999999 1.6 -1.4
v -0.0999999 1.7 -1.4
v -0.0999999 2 -1.4
v -0.0999999 3.5 -1.4
v -0.0999999 3.6 -1.4
v -0.0999999 3.9 -1.4
v -0.0999999 4 -1.4
v -0.0999999 4.3 -1.4
v -0.0999999 4.4 -1.4
v -0.0999999 5 -1.4
v -0.0999999 5.1 -1.4
v -0.0999999 5.4 -1.4
v -0.0999999 5.5 -1.4
v -0.0999999 5.8 -1.4
v -0.0999999 5.9 -1.4
v -0.0999999 6.6 -1.4
v -0.0999999 6.7 -1.4
v -0.0999999 7.9 -1.4
v -0.0999999 8 -1.4
v -0.0999999 8.5 -1.4
v -0.0999999 8.6 -1.4
v -0.0999999 9 -1.4
v -0.0999999 9.2 -1.4
v -0.0999999 10.3 -1.4
v -0.0999999 10.6 -1.4
v -0.0999999 10.7 -1.4
v -0.0999999 10.8 -1.4
v -0.0999999 11 -1.4
v -0.0999999 11.1 -1.4
v 0 0.9 -1.4
v 0 1 -1.4
v 0 1.2 -1.4
v 0 1.3 -1.4
v 0 1.4 -1.4
v 0 1.5 -1.4
v 0 1.7 -1.4
v 0 2 -1.4
v 0 2.1 -1.4
v 0 2.2 -1.4
v 0 2.4 -1.4
v 0 2.5 -1.4
v 0 2.6 -1.4
v 0 3.6 -1.4
v 0 3.7 -1.4
v 0 4.7 -1.4
v 0 4.9 -1.4
v 0 5.4 -1.4
v 0 5.5 -1.4
v 0 5.6 -1.4
v 0 5.7 -1.4
v 0 6.1 -1.4
v 0 6.3 -1.4
v 0 6.7 -1.4
v 0 6.8 -1.4
v 0 7.5 -1.4
v 0 7.7 -1.4
v 0 7.8 -1.4
v 0 8.5 -1.4
v 0 8.6 -1.4
v 0 9.2 -1.4
v 0 9.3 -1.4
v 0 9.7 -1.4
v 0.0999999 0.8 -1.4
v 0.0999999 0.9 -1.4
v 0.0999999 1.5 -1.4
v 0.0999999 1.7 -1.4
v 0.0999999 2 -1.4
v 0.0999999 2.1 -1.4
v 0.0999999 2.2 -1.4
v 0.0999999 2.3 -1.4
v 0.0999999 3.3 -1.4
v 0.0999999 3.5 -1.4
v 0.0999999 3.7 -1.4
v 0.0999999 3.8 -1.4
v 0.0999999 4.5 -1.4
v 0.0999999 4.6 -1.4
v 0.0999999 5 -1.4
v 0.0999999 5.1 -1.4
v 0.0999999 6.5 -1.4
v 0.0999999 6.6 -1.4
v 0.0999999 7 -1.4
v 0.0999999 7.1 -1.4
v 0.0999999 7.8 -1.4
v 0.0999999 7.9 -1.4
v 0.0999999 9.2 -1.4
v 0.0999999 9.3 -1.4
v 0.0999999 9.7 -1.4
v 0.0999999 10.7 -1.4
v 0.0999999 10.8 -1.4
v 0.2 0.9 -1.4
v 0.2 1 -1.4
v 0.2 1.1 -1.4
v 0.2 1.4 -1.4
v 0.2 1.5 -1.4
v 0.2 1.7 -1.4
v 0.2 1.8 -1.4
v 0.2 2 -1.4
v 0.2 2.1 -1.4
v 0.2 2.3 -1.4
v 0.2 2.6 -1.4
v 0.2 2.7 -1.4
v 0.2 4.7 -1.4
v 0.2 4.9 -1.4
v 0.2 5.5 -1.4
v 0.2 5.6 -1.4
v 0.2 6.3 -1.4
v 0.2 6.4 -1.4
v 0.2 6.6 -1.4
v 0.2 6.7 -1.4
v 0.2 8.1 -1.4
v 0.2 8.2 -1.4
v 0.2 8.5 -1.4
v 0.2 8.6 -1.4
v 0.2 9.7 -1.4
v 0.2 10.4 -1.4
v 0.2 10.6 -1.4
v 0.2 10.7 -1.4
v 0.2 10.8 -1.4
v 0.2 10.9 -1.4
v 0.3 0.6 -1.4
v 0.3 0.7 -1.4
v 0.3 1.6 -1.4
v 0.3 1.7 -1.4
v 0.3 1.8 -1.4
v 0.3 2 -1.4
v 0.3 2.1 -1.4
v 0.3 2.2 -1.4
v 0.3 3.2 -1.4
v 0.3 3.3 -1.4
v 0.3 3.5 -1.4
v 0.3 3.6 -1.4
v 0.3 3.7 -1.4
v 0.3 3.9 -1.4
v 0.3 4 -1.4
v 0.3 4.1 -1.4
v 0.3 4.2 -1.4
v 0.3 5.1 -1.4
v 0.3 5.3 -1.4
v 0.3 6.4 -1.4
v 0.3 6.5 -1.4
v 0.3 6.9 -1.4
v 0.3 7 -1.4
v 0.3 7.1 -1.4
v 0.3 7.2 -1.4
v 0.3 8.6 -1.4
v 0.3 8.7 -1.4
v 0.3 9.7 -1.4
v 0.3 10.4 -1.4
v 0.3 10.7 -1.4
v 0.3 10.8 -1.4
v 0.3 10.9 -1.4
v 0.3 11 -1.4
v 0.4 1 -1.4
v 0.4 1.1 -1.4
v 0.4 1.2 -1.4
v 0.4 1.7 -1.4
v 0.4 1.8 -1.4
v 0.4 2 -1.4
v 0.4 2.2 -1.4
v 0.4 2.3 -1.4
v 0.4 3.5 -1.4
v 0.4 3.6 -1.4
v 0.4 4.3 -1.4
v 0.4 4.4 -1.4
v 0.4 4.7 -1.4
v 0.4 4.9 -1.4
v 0.4 6.7 -1.4
v 0.4 6.8 -1.4
v 0.4 7.2 -1.4
v 0.4 7.4 -1.4
v 0.4 7.7 -1.4
v 0.4 7.8 -1.4
v 0.4 7.9 -1.4
v 0.4 8 -1.4
v 0.4 8.7 -1.4
v 0.4 8.8 -1.4
v 0.4 10.8 -1.4
v 0.4 10.9 -1.4
v 0.4 11 -1.4
v 0.4 11.1 -1.4
v 0.5 1.1 -1.4
v 0.5 1.2 -1.4
v 0.5 2 -1.4
v 0.5 2.1 -1.4
v 0.5 3 -1.4
v 0.5 3.1 -1.4
v 0.5 3.6 -1.4
v 0.5 3.7 -1.4
v 0.5 3.8 -1.4
v 0.5 4.1 -1.4
v 0.5 4.2 -1.4
v 0.5 4.4 -1.4
v 0.5 4.6 -1.4
v 0.5 6.7 -1.4
v 0.5 6.9 -1.4
v 0.5 7 -1.4
v 0.5 7.1 -1.4
v 0.5 7.7 -1.4
v 0.5 7.8 -1.4
v 0.5 7.9 -1.4
v 0.5 8 -1.4
v 0.5 8.2 -1.4
v 0.5 8.3 -1.4
v 0.5 8.8 -1.4
v 0.5 8.9 -1.4
v 0.5 9.4 -1.4
v 0.5 10.1 -1.4
v 0.5 10.9 -1.4
v 0.6 0.6 -1.4
v 0.6 0.7 -1.4
v 0.6 1 -1.4
v 0.6 1.1 -1.4
v 0.6 1.6 -1.4
v 0.6 1.7 -1.4
v 0.6 1.8 -1.4
v 0.6 2 -1.4
v 0.6 2.1 -1.4
v 0.6 2.2 -1.4
v 0.6 2.3 -1.4
v 0.6 6.9 -1.4
v 0.6 7 -1.4
v 0.6 8.5 -1.4
v 0.6 8.6 -1.4
v 0.6 8.8 -1.4
v 0.6 8.9 -1.4
v 0.6 9.4 -1.4
v 0.6 10.1 -1.4
v 0.6 10.9 -1.4
v 0.6 11 -1.4
v 0.7 1.2 -1.4
v 0.7 1.3 -1.4
v 0.7 1.4 -1.4
v 0.7 1.7 -1.4
v 0.7 1.8 -1.4
v 0.7 2.2 -1.4
v 0.7 2.7 -1.4
v 0.7 2.8 -1.4
v 0.7 3 -1.4
v 0.7 4.9 -1.4
v 0.7 5 -1.4
v 0.7 5.6 -1.4
v 0.7 5.7 -1.4
v 0.7 8.1 -1.4
v 0.7 9.3 -1.4
v 0.7 9.8 -1.4
v 0.7 10.6 -1.4
v 0.7 10.7 -1.4
v 0.7 10.8 -1.4
v 0.7 10.9 -1.4
v 0.8 0.7 -1.4
v 0.8 0.8 -1.4
v 0.8 1.7 -1.4
v 0.8 1.8 -1.4
v 0.8 2.1 -1.4
v 0.8 3.2 -1.4
v 0.8 7.9 -1.4
v 0.8 8.8 -1.4
v 0.8 8.9 -1.4
v 0.8 9.3 -1.4
v 0.8 9.8 -1.4
v 0.8 10.3 -1.4
v 0.8 10.9 -1.4
v 0.8 11 -1.4
v 0.9 0.8 -1.4
v 0.9 0.9 -1.4
v 0.9 1.3 -1.4
v 0.9 1.4 -1.4
v 0.9 1.7 -1.4
v 0.9 1.8 -1.4
v 0.9 2.1 -1.4
v 0.9 2.2 -1.4
v 0.9 2.8 -1.4
v 0.9 3 -1.4
v 0.9 7.4 -1.4
v 0.9 7.5 -1.4
v 0.9 8.1 -1.4
v 0.9 8.3 -1.4
v 0.9 8.9 -1.4
v 0.9 9 -1.4
v 0.9 9.2 -1.4
v 0.9 9.8 -1.4
v 0.9 10.3 -1.4
v 0.9 10.4 -1.4
v 0.9 10.6 -1.4
v 0.9 10.7 -1.4
v 0.9 10.8 -1.4
v 0.9 10.9 -1.4
v 0.9 11 -1.4
v 0.9 11.1 -1.4
v 1 0.6 -1.4
v 1 0.7 -1.4
v 1 1.7 -1.4
v 1 1.8 -1.4
v 1 2.1 -1.4
v 1 2.2 -1.4
v 1 2.3 -1.4
v 1 3 -1.4
v 1 3.2 -1.4
v 1 7.3 -1.4
v 1 7.4 -1.4
v 1 7.5 -1.4
v 1 7.7 -1.4
v 1 7.9 -1.4
v 1 8.1 -1.4
v 1 9.3 -1.4
v 1 9.8 -1.4
v 1 9.9 -1.4
v 1 10.3 -1.4
v 1 10.6 -1.4
v 1 10.7 -1.4
v 1.1 1.4 -1.4
v 1.1 1.5 -1.4
v 1.1 1.6 -1.4
v 1.1 1.7 -1.4
v 1.1 1.8 -1.4
v 1.1 2.1 -1.4
v 1.1 9 -1.4
v 1.1 9.2 -1.4
v 1.1 9.3 -1.4
v 1.1 9.9 -1.4
v 1.1 10.3 -1.4
v 1.2 1.4 -1.4
v 1.2 1.5 -1.4
v 1.2 1.7 -1.4
v 1.2 1.8 -1.4
v 1.2 2.1 -1.4
v 1.2 2.2 -1.4
v 1.2 2.6 -1.4
v 1.2 2.8 -1.4
v 1.2 3 -1.4
v 1.2 8.3 -1.4
v 1.2 8.6 -1.4
v 1.2 9.2 -1.4
v 1.2 9.3 -1.4
v 1.2 10.4 -1.4
v 1.2 10.6 -1.4
v 1.2 10.8 -1.4
v 1.2 10.9 -1.4
v 1.3 1.7 -1.4
v 1.3 1.8 -1.4
v 1.3 2.1 -1.4
v 1.3 2.9 -1.4
v 1.3 4 -1.4
v 1.3 4.3 -1.4
v 1.3 5.8 -1.4
v 1.3 8.2 -1.4
v 1.3 8.5 -1.4
v 1.3 10.8 -1.4
v 1.3 10.9 -1.4
v 1.4 1 -1.4
v 1.4 1.1 -1.4
v 1.4 1.3 -1.4
v 1.4 1.4 -1.4
v 1.4 1.5 -1.4
v 1.4 1.6 -1.4
v 1.4 1.7 -1.4
v 1.4 1.8 -1.4
v 1.4 2.9 -1.4
v 1.4 4 -1.4
v 1.4 4.3 -1.4
v 1.4 5.3 -1.4
v 1.4 7.3 -1.4
v 1.4 7.4 -1.4
v 1.4 7.5 -1.4
v 1.4 7.7 -1.4
v 1.4 9.2 -1.4
v 1.4 9.4 -1.4
v 1.4 9.6 -1.4
v 1.4 9.7 -1.4
v 1.4 10 -1.4
v 1.4 10.6 -1.4
v 1.5 1.2 -1.4
v 1.5 1.3 -1.4
v 1.5 1.6 -1.4
v 1.5 1.7 -1.4
v 1.5 1.8 -1.4
v 1.5 2.3 -1.4
v 1.5 5.3 -1.4
v 1.5 5.5 -1.4
v 1.5 7.4 -1.4
v 1.5 7.5 -1.4
v 1.5 9.4 -1.4
v 1.5 9.5 -1.4
v 1.5 9.7 -1.4
v 1.5 9.9 -1.4
v 1.5 10 -1.4
v 1.5 10.6 -1.4
v 1.5 10.8 -1.4
v 1.5 10.9 -1.4
v 1.5 11 -1.4
v 1.5 11.1 -1.4
v 1.6 1.1 -1.4
v 1.6 1.2 -1.4
v 1.6 1.5 -1.4
v 1.6 1.6 -1.4
v 1.6 1.7 -1.4
v 1.6 1.8 -1.4
v 1.6 2.3 -1.4
v 1.6 2.4 -1.4
v 1.6 9.4 -1.4
v 1.6 9.5 -1.4
v 1.6 9.7 -1.4
v 1.6 9.8 -1.4
v 1.6 10.1 -1.4
v 1.6 10.2 -1.4
v 1.6 10.7 -1.4
v 1.6 10.8 -1.4
v 1.6 11 -1.4
v 1.6 11.1 -1.4
v 1.7 1.1 -1.4
v 1.7 1.2 -1.4
v 1.7 1.3 -1.4
v 1.7 9.4 -1.4
v 1.7 9.5 -1.4
v 1.7 9.7 -1.4
v 1.7 9.8 -1.4
v 1.7 9.9 -1.4
v 1.7 10 -1.4
v 1.7 10.1 -1.4
v 1.7 10.2 -1.4
v 1.7 10.3 -1.4
v 1.7 10.6 -1.4
v 1.7 10.8 -1.4
v 1.7 10.9 -1.4
v 1.8 8.8 -1.4
v 1.8 8.9 -1.4
v 1.8 9.2 -1.4
v 1.8 9.3 -1.4
v 1.8 9.8 -1.4
v 1.8 9.9 -1.4
v 1.8 10.1 -1.4
v 1.8 10.2 -1.4
v 1.8 10.6 -1.4
v 1.8 10.7 -1.4
v 1.9 1.7 -1.4
v 1.9 1.8 -1.4
v 1.9 2.3 -1.4
v 1.9 2.4 -1.4
v 1.9 9.3 -1.4
v 1.9 9.5 -1.4
v 1.9 10 -1.4
v 1.9 10.1 -1.4
v 1.9 10.3 -1.4
v 1.9 10.4 -1.4
v 2 1.1 -1.4
v 2 1.2 -1.4
v 2 1.3 -1.4
v 2 1.8 -1.4
v 2 2.3 -1.4
v 2 9.5 -1.4
v 2 9.6 -1.4
v 2 9.8 -1.4
v 2 9.9 -1.4
v 2 10 -1.4
v 2 10.1 -1.4
v 2 10.9 -1.4
v 2 11 -1.4
v 2.1 1.1 -1.4
v 2.1 1.4 -1.4
v 2.1 1.8 -1.4
v 2.1 2.3 -1.4
v 2.1 9.2 -1.4
v 2.1 9.3 -1.4
v 2.1 9.4 -1.4
v 2.1 10 -1.4
v 2.1 10.1 -1.4
v 2.1 10.7 -1.4
v 2.1 10.9 -1.4
v 2.2 1.1 -1.4
v 2.2 1.2 -1.4
v 2.2 1.7 -1.4
v 2.2 1.8 -1.4
v 2.2 2.1 -1.4
v 2.2 2.2 -1.4
v 2.2 2.3 -1.4
v 2.2 2.4 -1.4
v 2.2 9.8 -1.4
v 2.2 9.9 -1.4
v 2.2 10 -1.4
v 2.2 10.1 -1.4
v 2.2 10.3 -1.4
v 2.2 10.4 -1.4
v 2.3 1.3 -1.4
v 2.3 1.4 -1.4
v 2.3 2.2 -1.4
v 2.3 2.3 -1.4
v 2.3 9.4 -1.4
v 2.3 9.5 -1.4
v 2.3 9.7 -1.4
v 2.3 9.8 -1.4
v 2.3 10.7 -1.4
v 2.3 10.9 -1.4
v 2.4 1.1 -1.4
v 2.4 1.2 -1.4
v 2.4 1.3 -1.4
v 2.4 1.7 -1.4
v 2.4 1.8 -1.4
v 2.4 2.1 -1.4
v 2.4 2.3 -1.4
v 2.4 2.4 -1.4
v 2.4 7.3 -1.4
v 2.4 7.4 -1.4
v 2.4 8.9 -1.4
v 2.4 9 -1.4
v 2.4 10 -1.4
v 2.4 10.1 -1.4
v 2.4 10.2 -1.4
v 2.4 10.3 -1.4
v 2.4 10.6 -1.4
v 2.4 10.7 -1.4
v 2.4 10.9 -1.4
v 2.5 1.1 -1.4
v 2.5 1.2 -1.4
v 2.5 1.8 -1.4
v 2.5 2.3 -1.4
v 2.5 7.2 -1.4
v 2.5 7.3 -1.4
v 2.5 7.4 -1.4
v 2.5 7.5 -1.4
v 2.5 10.2 -1.4
v 2.5 10.3 -1.4
v 2.5 10.6 -1.4
v 2.5 10.7 -1.4
v 2.6 1.8 -1.4
v 2.6 2.3 -1.4
v 2.6 9.4 -1.4
v 2.6 9.5 -1.4
v 2.7 1.7 -1.4
v 2.7 1.8 -1.4
v 2.7 2.3 -1.4
v 2.7 2.4 -1.4
v 2.7 5.3 -1.4
v 2.7 5.5 -1.4
v 2.7 9 -1.4
v 2.7 9.2 -1.4
v 2.7 9.7 -1.4
v 2.7 9.8 -1.4
v 2.7 10.1 -1.4
v 2.7 10.2 -1.4
v 2.7 10.3 -1.4
v 2.8 2.9 -1.4
v 2.8 4 -1.4
v 2.8 4.3 -1.4
v 2.8 5.3 -1.4
v 2.9 0.7 -1.4
v 2.9 0.8 -1.4
v 2.9 0.9 -1.4
v 2.9 1.1 -1.4
v 2.9 1.2 -1.4
v 2.9 1.7 -1.4
v 2.9 1.8 -1.4
v 2.9 2.3 -1.4
v 2.9 2.4 -1.4
v 2.9 2.9 -1.4
v 2.9 4 -1.4
v 2.9 4.3 -1.4
v 2.9 5.8 -1.4
v 2.9 6.1 -1.4
v 2.9 7.2 -1.4
v 2.9 9.9 -1.4
v 2.9 10 -1.4
v 2.9 10.7 -1.4
v 2.9 10.9 -1.4
v 3 1.8 -1.4
v 3 2.3 -1.4
v 3 2.8 -1.4
v 3 3 -1.4
v 3 6 -1.4
v 3 6.1 -1.4
v 3 8.2 -1.4
v 3 8.5 -1.4
v 3 9.5 -1.4
v 3 9.6 -1.4
v 3 9.9 -1.4
v 3 10 -1.4
v 3.1 1.7 -1.4
v 3.1 1.8 -1.4
v 3.1 2.1 -1.4
v 3.1 2.3 -1.4
v 3.1 2.6 -1.4
v 3.1 2.8 -1.4
v 3.1 6 -1.4
v 3.1 6.1 -1.4
v 3.1 7.4 -1.4
v 3.1 7.5 -1.4
v 3.1 8.3 -1.4
v 3.1 8.6 -1.4
v 3.1 8.9 -1.4
v 3.1 9 -1.4
v 3.1 9.4 -1.4
v 3.1 9.5 -1.4
v 3.1 9.8 -1.4
v 3.1 9.9 -1.4
v 3.1 10 -1.4
v 3.1 10.1 -1.4
v 3.1 10.2 -1.4
v 3.1 10.3 -1.4
v 3.1 10.6 -1.4
v 3.1 10.9 -1.4
v 3.1 11 -1.4
v 3.2 1.1 -1.4
v 3.2 1.2 -1.4
v 3.2 2 -1.4
v 3.2 2.1 -1.4
v 3.2 2.3 -1.4
v 3.2 2.4 -1.4
v 3.2 3 -1.4
v 3.2 3.2 -1.4
v 3.2 6.1 -1.4
v 3.2 7.4 -1.4
v 3.2 7.9 -1.4
v 3.2 8.1 -1.4
v 3.2 9 -1.4
v 3.2 9.2 -1.4
v 3.2 9.3 -1.4
v 3.2 9.4 -1.4
v 3.2 9.5 -1.4
v 3.2 10.1 -1.4
v 3.2 10.2 -1.4
v 3.2 10.3 -1.4
v 3.2 10.4 -1.4
v 3.2 10.7 -1.4
v 3.2 10.9 -1.4
v 3.3 1 -1.4
v 3.3 1.1 -1.4
v 3.3 1.9 -1.4
v 3.3 2 -1.4
v 3.3 2.1 -1.4
v 3.3 2.8 -1.4
v 3.3 3 -1.4
v 3.3 8.1 -1.4
v 3.3 8.3 -1.4
v 3.3 8.9 -1.4
v 3.3 9 -1.4
v 3.3 9.4 -1.4
v 3.3 9.5 -1.4
v 3.3 10.9 -1.4
v 3.3 11 -1.4
v 3.4 1.8 -1.4
v 3.4 1.9 -1.4
v 3.4 2 -1.4
v 3.4 2.2 -1.4
v 3.4 2.3 -1.4
v 3.4 2.4 -1.4
v 3.4 3.2 -1.4
v 3.4 7.9 -1.4
v 3.4 8.8 -1.4
v 3.4 8.9 -1.4
v 3.4 9.6 -1.4
v 3.4 9.7 -1.4
v 3.4 11 -1.4
v 3.4 11.1 -1.4
v 3.5 1.7 -1.4
v 3.5 1.8 -1.4
v 3.5 1.9 -1.4
v 3.5 2.2 -1.4
v 3.5 2.3 -1.4
v 3.5 3 -1.4
v 3.5 8.1 -1.4
v 3.5 9.3 -1.4
v 3.5 9.5 -1.4
v 3.5 9.8 -1.4
v 3.5 9.9 -1.4
v 3.6 1.2 -1.4
v 3.6 1.3 -1.4
v 3.6 8.5 -1.4
v 3.6 8.6 -1.4
v 3.6 8.9 -1.4
v 3.6 9 -1.4
v 3.6 9.3 -1.4
v 3.6 9.5 -1.4
v 3.6 9.8 -1.4
v 3.6 9.9 -1.4
v 3.6 10 -1.4
v 3.6 10.3 -1.4
v 3.6 10.4 -1.4
v 3.7 1.1 -1.4
v 3.7 1.2 -1.4
v 3.7 1.3 -1.4
v 3.7 1.4 -1.4
v 3.7 3.9 -1.4
v 3.7 4 -1.4
v 3.7 4.5 -1.4
v 3.7 4.6 -1.4
v 3.7 7 -1.4
v 3.7 7.1 -1.4
v 3.7 8.9 -1.4
v 3.7 9 -1.4
v 3.7 9.6 -1.4
v 3.7 9.7 -1.4
v 3.7 9.8 -1.4
v 3.7 9.9 -1.4
v 3.7 10.1 -1.4
v 3.7 10.2 -1.4
v 3.7 10.3 -1.4
v 3.7 10.4 -1.4
v 3.8 1.8 -1.4
v 3.8 2.1 -1.4
v 3.8 3.8 -1.4
v 3.8 3.9 -1.4
v 3.8 5.2 -1.4
v 3.8 5.3 -1.4
v 3.8 5.8 -1.4
v 3.8 5.9 -1.4
v 3.8 9.5 -1.4
v 3.8 9.6 -1.4
v 3.8 9.7 -1.4
v 3.8 10.1 -1.4
v 3.8 10.2 -1.4
v 3.8 10.3 -1.4
v 3.9 1.4 -1.4
v 3.9 1.6 -1.4
v 3.9 2.1 -1.4
v 3.9 2.2 -1.4
v 3.9 2.7 -1.4
v 3.9 3.1 -1.4
v 3.9 4 -1.4
v 3.9 4.1 -1.4
v 3.9 4.4 -1.4
v 3.9 4.5 -1.4
v 3.9 5.1 -1.4
v 3.9 5.2 -1.4
v 3.9 6.5 -1.4
v 3.9 6.6 -1.4
v 3.9 7.4 -1.4
v 3.9 7.5 -1.4
v 3.9 8.3 -1.4
v 3.9 8.5 -1.4
v 3.9 8.7 -1.4
v 3.9 8.8 -1.4
v 3.9 9.5 -1.4
v 3.9 9.9 -1.4
v 3.9 10 -1.4
v 3.9 10.9 -1.4
v 3.9 11 -1.4
v 4 1.7 -1.4
v 4 2.2 -1.4
v 4 2.3 -1.4
v 4 2.4 -1.4
v 4 3.5 -1.4
v 4 3.6 -1.4
v 4 3.7 -1.4
v 4 3.8 -1.4
v 4 4.6 -1.4
v 4 4.9 -1.4
v 4 5.3 -1.4
v 4 5.4 -1.4
v 4 5.9 -1.4
v 4 6 -1.4
v 4 7.1 -1.4
v 4 7.2 -1.4
v 4 9 -1.4
v 4 9.3 -1.4
v 4 9.5 -1.4
v 4 9.7 -1.4
v 4 9.8 -1.4
v 4 9.9 -1.4
v 4 10.3 -1.4
v 4 10.4 -1.4
v 4 10.6 -1.4
v 4 10.9 -1.4
v 4 11 -1.4
v 4.1 1.6 -1.4
v 4.1 1.7 -1.4
v 4.1 2.2 -1.4
v 4.1 2.3 -1.4
v 4.1 2.4 -1.4
v 4.1 2.7 -1.4
v 4.1 3.1 -1.4
v 4.1 3.5 -1.4
v 4.1 3.6 -1.4
v 4.1 3.7 -1.4
v 4.1 5.4 -1.4
v 4.1 5.5 -1.4
v 4.1 6.1 -1.4
v 4.1 6.3 -1.4
v 4.1 7.5 -1.4
v 4.1 7.7 -1.4
v 4.1 8.5 -1.4
v 4.1 8.6 -1.4
v 4.1 8.7 -1.4
v 4.1 8.8 -1.4
v 4.1 9.7 -1.4
v 4.1 9.8 -1.4
v 4.1 10.1 -1.4
v 4.1 10.2 -1.4
v 4.2 4.1 -1.4
v 4.2 4.2 -1.4
v 4.2 4.9 -1.4
v 4.2 5.1 -1.4
v 4.2 5.5 -1.4
v 4.2 5.8 -1.4
v 4.2 6 -1.4
v 4.2 6.1 -1.4
v 4.2 6.3 -1.4
v 4.2 6.5 -1.4
v 4.2 7.3 -1.4
v 4.2 7.4 -1.4
v 4.2 8 -1.4
v 4.2 8.1 -1.4
v 4.2 8.2 -1.4
v 4.2 8.3 -1.4
v 4.2 8.9 -1.4
v 4.2 9 -1.4
v 4.2 9.3 -1.4
v 4.2 9.4 -1.4
v 4.2 9.5 -1.4
v 4.2 9.6 -1.4
v 4.2 9.7 -1.4
v 4.2 10.6 -1.4
v 4.2 10.7 -1.4
v 4.2 11 -1.4
v 4.2 11.1 -1.4
v 4.3 4.2 -1.4
v 4.3 4.3 -1.4
v 4.3 4.4 -1.4
v 4.3 6.6 -1.4
v 4.3 6.7 -1.4
v 4.3 6.9 -1.4
v 4.3 7 -1.4
v 4.3 7.7 -1.4
v 4.3 7.8 -1.4
v 4.3 9 -1.4
v 4.3 9.2 -1.4
v 4.3 9.7 -1.4
v 4.3 9.8 -1.4
v 4.3 10.8 -1.4
v 4.3 10.9 -1.4
v 4.3 11 -1.4
v 4.4 4.2 -1.4
v 4.4 4.3 -1.4
v 4.4 7.8 -1.4
v 4.4 7.9 -1.4
v 4.4 9.4 -1.4
v 4.4 9.5 -1.4
v 4.4 9.9 -1.4
v 4.4 10 -1.4
v 4.4 10.8 -1.4
v 4.4 10.9 -1.4
v 4.5 6.7 -1.4
v 4.5 6.8 -1.4
v 4.5 7.2 -1.4
v 4.5 7.3 -1.4
v 4.5 8.1 -1.4
v 4.5 8.2 -1.4
v 4.5 8.7 -1.4
v 4.5 8.8 -1.4
v 4.5 8.9 -1.4
v 4.5 9 -1.4
v 4.5 9.5 -1.4
v 4.5 9.6 -1.4
v 4.5 10.7 -1.4
v 4.5 10.8 -1.4
v 4.6 -0.1 -1.4
v 4.6 0.8 -1.4
v 4.6 0.9 -1.4
v 4.6 1 -1.4
v 4.6 1.1 -1.4
v 4.6 1.2 -1.4
v 4.6 1.3 -1.4
v 4.6 6.8 -1.4
v 4.6 6.9 -1.4
v 4.6 7.9 -1.4
v 4.6 8 -1.4
v 4.6 8.1 -1.4
v 4.6 8.5 -1.4
v 4.6 8.6 -1.4
v 4.6 8.7 -1.4
v 4.6 8.9 -1.4
v 4.6 9 -1.4
v 4.6 9.2 -1.4
v 4.6 9.6 -1.4
v 4.6 9.8 -1.4
v 4.6 9.9 -1.4
v 4.6 10 -1.4
v 4.6 10.1 -1.4
v 4.6 10.2 -1.4
v 4.6 10.3 -1.4
v 4.6 10.4 -1.4
v 4.6 10.8 -1.4
v 4.6 10.9 -1.4
v 4.6 11 -1.4
v 4.6 11.1 -1.4
v 4.7 -0.2 -1.4
v 4.7 11.2 -1.4
v -5.4 -0.2 0.9
v 4.7 -0.2 0.9
v -5 -0.2 0.6
v 4.3 -0.2 0.6
v -5 -0.2 0
v 4.3 -0.2 0
v -5 -0.2 -0.1
v 4.3 -0.2 -0.1
v -5 -0.2 -0.4
v 4.3 -0.2 -0.4
v -5 -0.2 -0.5
v 4.3 -0.2 -0.5
v -5 -0.2 -1.1
v 4.3 -0.2 -1.1
v -5.4 -0.2 -1.4
v 4.7 -0.2 -1.4
v -1 2.5 -1.2
v -0.8 2.5 -1.2
v 3.2 2.5 -1.2
v 3.5 2.5 -1.2
v -1 2.5 -1.3
v -0.8 2.5 -1.3
v 3.2 2.5 -1.3
v 3.5 2.5 -1.3
v -0.6 4.4 -1.2
v -0.5 4.4 -1.2
v -0.6 4.4 -1.3
v -0.5 4.4 -1.3
v 4.1 8.3 -1.2
v 4.6 8.3 -1.2
v 4.1 8.3 -1.3
v 4.2 8.3 -1.3
v 4.6 8.3 -1.3
v 3.2 1.5 -1.2
v 3.5 1.5 -1.2
v 3.2 1.5 -1.3
v 3.5 1.5 -1.3
v -1 1.6 -1.2
v -0.8 1.6 -1.2
v -1 1.6 -1.3
v -0.8 1.6 -1.3
v 4.1 3 -1.2
v 4.6 3 -1.2
v 4.1 3 -1.3
v 4.6 3 -1.3
v -0.6 4.2 -1.2
v -0.5 4.2 -1.2
v -0.6 4.2 -1.3
v -0.5 4.2 -1.3
v -5.4 11.2 0.9
v 4.7 11.2 0.9
v -5 11.2 0.6
v 4.2 11.2 0.6
v -5 11.2 0
v 4.2 11.2 0
v -5 11.2 -0.1
v 4.2 11.2 -0.1
v -5 11.2 -0.4
v 4.1 11.2 -0.4
v -5 11.2 -0.5
v 4.1 11.2 -0.5
v 4.2 11.2 -0.5
v -5 11.2 -1.1
v 4.2 11.2 -1.1
v -5.4 11.2 -1.4
v 4.7 11.2 -1.4

# faces
f 3/32/1 2/32/1 1/32/1
f 4/32/1 2/32/1 3/32/1
f 5/32/1 2/32/1 4/32/1
f 6/32/1 2/32/1 5/32/1
f 7/32/1 2/32/1 6/32/1
f 8/32/1 2/32/1 7/32/1
f 9/32/1 3/32/1 1/32/1
f 9/35/1 4/35/1 3/35/1
f 10/31/1 5/31/1 4/31/1
f 10/35/1 4/35/1 9/35/1
f 11/34/1 6/34/1 5/34/1
f 11/31/1 5/31/1 10/31/1
f 12/31/1 7/31/1 6/31/1
f 12/34/1 6/34/1 11/34/1
f 13/35/1 8/35/1 7/35/1
f 13/31/1 7/31/1 12/31/1
f 14/32/1 2/32/1 8/32/1
f 14/35/1 8/35/1 13/35/1
f 15/32/1 13/32/1 12/32/1
f 15/32/1 12/32/1 11/32/1
f 15/32/1 14/32/1 13/32/1
f 15/32/1 11/32/1 10/32/1
f 15/32/1 10/32/1 9/32/1
f 15/32/1 9/32/1 1/32/1
f 16/32/1 2/32/1 14/32/1
f 16/32/1 14/32/1 15/32/1
f 19/35/1 18/35/1 17/35/1
f 20/35/1 19/35/1 17/35/1
f 21/35/1 19/35/1 20/35/1
f 24/24/1 23/24/1 22/24/1
f 25/24/1 24/24/1 22/24/1
f 26/24/1 24/24/1 25/24/1
f 29/11/1 28/11/1 27/11/1
f 30/11/1 29/11/1 27/11/1
f 31/11/1 30/11/1 27/11/1
f 32/11/1 31/11/1 27/11/1
f 33/11/1 32/11/1 27/11/1
f 34/11/1 32/11/1 33/11/1
f 37/32/1 36/32/1 35/32/1
f 38/32/1 37/32/1 35/32/1
f 39/32/1 38/32/1 35/32/1
f 40/32/1 39/32/1 35/32/1
f 41/32/1 40/32/1 35/32/1
f 42/32/1 41/32/1 35/32/1
f 43/32/1 41/32/1 42/32/1
f 44/11/2 45/11/2 46/11/2
f 44/11/2 46/11/2 47/11/2
f 47/11/2 46/11/2 48/11/2
f 49/24/2 50/24/2 51/24/2
f 49/24/2 51/24/2 52/24/2
f 52/24/2 51/24/2 53/24/2
f 54/11/2 55/11/2 56/11/2
f 54/11/2 56/11/2 57/11/2
f 54/11/2 57/11/2 58/11/2
f 54/11/2 58/11/2 59/11/2
f 54/11/2 59/11/2 60/11/2
f 54/11/2 60/11/2 61/11/2
f 54/11/2 61/11/2 62/11/2
f 62/11/2 61/11/2 63/11/2
f 64/11/2 65/11/2 66/11/2
f 64/11/2 66/11/2 67/11/2
f 64/11/2 67/11/2 68/11/2
f 64/11/2 68/11/2 69/11/2
f 64/11/2 69/11/2 70/11/2
f 64/11/2 70/11/2 71/11/2
f 64/11/2 71/11/2 72/11/2
f 64/11/2 72/11/2 73/11/2
f 64/11/2 73/11/2 74/11/2
f 64/11/2 74/11/2 75/11/2
f 64/11/2 75/11/2 76/11/2
f 64/11/2 76/11/2 77/11/2
f 64/11/2 77/11/2 78/11/2
f 64/11/2 78/11/2 79/11/2
f 64/11/2 79/11/2 80/11/2
f 64/11/2 80/11/2 81/11/2
f 81/11/2 80/11/2 82/11/2
f 83/32/2 84/32/2 85/32/2
f 85/32/2 84/32/2 86/32/2
f 86/32/2 84/32/2 87/32/2
f 87/32/2 84/32/2 88/32/2
f 88/32/2 84/32/2 89/32/2
f 87/34/2 88/34/2 90/34/2
f 88/35/2 89/35/2 91/35/2
f 90/34/2 88/34/2 91/34/2
f 83/32/2 85/32/2 92/32/2
f 85/35/2 86/35/2 92/35/2
f 86/31/2 87/31/2 93/31/2
f 92/35/2 86/35/2 93/35/2
f 87/34/2 90/34/2 94/34/2
f 93/31/2 87/31/2 94/31/2
f 90/31/2 91/31/2 95/31/2
f 94/34/2 90/34/2 95/34/2
f 91/35/2 89/35/2 96/35/2
f 95/31/2 91/31/2 96/31/2
f 89/32/2 84/32/2 97/32/2
f 96/35/2 89/35/2 97/35/2
f 94/32/2 95/32/2 98/32/2
f 93/32/2 94/32/2 98/32/2
f 96/32/2 97/32/2 98/32/2
f 92/32/2 93/32/2 98/32/2
f 95/32/2 96/32/2 98/32/2
f 83/32/2 92/32/2 98/32/2
f 97/32/2 84/32/2 99/32/2
f 98/32/2 97/32/2 99/32/2
f 102/32/3 101/32/3 100/32/3
f 103/32/3 101/32/3 102/32/3
f 104/32/3 101/32/3 103/32/3
f 105/32/3 101/32/3 104/32/3
f 106/32/3 101/32/3 105/32/3
f 107/32/3 101/32/3 106/32/3
f 108/32/3 101/32/3 107/32/3
f 109/32/3 101/32/3 108/32/3
f 110/32/3 101/32/3 109/32/3
f 111/32/3 101/32/3 110/32/3
f 112/32/3 101/32/3 111/32/3
f 113/32/3 101/32/3 112/32/3
f 114/32/3 101/32/3 113/32/3
f 115/32/3 101/32/3 114/32/3
f 116/32/3 101/32/3 115/32/3
f 117/32/3 101/32/3 116/32/3
f 118/32/3 101/32/3 117/32/3
f 119/32/3 101/32/3 118/32/3
f 120/32/3 101/32/3 119/32/3
f 121/32/3 101/32/3 120/32/3
f 122/32/3 101/32/3 121/32/3
f 123/32/3 101/32/3 122/32/3
f 124/32/3 101/32/3 123/32/3
f 125/32/3 101/32/3 124/32/3
f 126/32/3 101/32/3 125/32/3
f 127/32/3 101/32/3 126/32/3
f 128/32/3 101/32/3 127/32/3
f 129/32/3 101/32/3 128/32/3
f 130/32/3 101/32/3 129/32/3
f 131/32/3 101/32/3 130/32/3
f 132/32/3 101/32/3 131/32/3
f 133/32/3 101/32/3 132/32/3
f 134/32/3 101/32/3 133/32/3
f 135/32/3 101/32/3 134/32/3
f 136/32/3 101/32/3 135/32/3
f 137/32/3 101/32/3 136/32/3
f 138/32/3 101/32/3 137/32/3
f 139/35/3 109/35/3 108/35/3
f 140/36/3 110/36/3 109/36/3
f 140/35/3 109/35/3 139/35/3
f 141/35/3 111/35/3 110/35/3
f 141/36/3 110/36/3 140/36/3
f 142/35/3 111/35/3 141/35/3
f 143/35/3 111/35/3 142/35/3
f 144/36/3 112/36/3 111/36/3
f 144/35/3 111/35/3 143/35/3
f 145/36/3 112/36/3 144/36/3
f 146/35/3 113/35/3 112/35/3
f 146/36/3 112/36/3 145/36/3
f 147/36/3 114/36/3 113/36/3
f 147/35/3 113/35/3 146/35/3
f 148/36/3 114/36/3 147/36/3
f 149/34/3 115/34/3 114/34/3
f 149/36/3 114/36/3 148/36/3
f 150/35/3 116/35/3 115/35/3
f 150/34/3 115/34/3 149/34/3
f 151/34/3 117/34/3 116/34/3
f 151/35/3 116/35/3 150/35/3
f 152/35/3 118/35/3 117/35/3
f 152/34/3 117/34/3 151/34/3
f 153/35/3 118/35/3 152/35/3
f 154/40/3 120/40/3 119/40/3
f 154/35/3 121/35/3 120/35/3
f 155/35/3 121/35/3 154/35/3
f 156/34/3 123/34/3 122/34/3
f 156/32/3 124/32/3 123/32/3
f 157/32/3 124/32/3 156/32/3
f 158/31/3 125/31/3 124/31/3
f 158/32/3 124/32/3 157/32/3
f 159/38/3 126/38/3 125/38/3
f 159/31/3 125/31/3 158/31/3
f 160/35/3 127/35/3 126/35/3
f 161/31/3 128/31/3 127/31/3
f 161/35/3 127/35/3 160/35/3
f 162/31/3 135/31/3 134/31/3
f 163/32/3 136/32/3 135/32/3
f 163/31/3 135/31/3 162/31/3
f 164/36/3 140/36/3 139/36/3
f 164/35/3 143/35/3 142/35/3
f 164/36/3 141/36/3 140/36/3
f 164/36/3 142/36/3 141/36/3
f 165/35/3 143/35/3 164/35/3
f 166/35/3 143/35/3 165/35/3
f 167/35/3 143/35/3 166/35/3
f 168/34/3 145/34/3 144/34/3
f 168/35/3 143/35/3 167/35/3
f 168/34/3 144/34/3 143/34/3
f 169/36/3 146/36/3 145/36/3
f 169/34/3 145/34/3 168/34/3
f 169/36/3 148/36/3 147/36/3
f 169/36/3 147/36/3 146/36/3
f 170/34/3 149/34/3 148/34/3
f 170/36/3 148/36/3 169/36/3
f 170/34/3 150/34/3 149/34/3
f 170/34/3 151/34/3 150/34/3
f 170/34/3 153/34/3 152/34/3
f 170/34/3 152/34/3 151/34/3
f 171/34/3 153/34/3 170/34/3
f 172/35/3 118/35/3 153/35/3
f 173/34/3 119/34/3 118/34/3
f 173/35/3 118/35/3 172/35/3
f 174/35/3 160/35/3 126/35/3
f 175/34/3 161/34/3 160/34/3
f 175/35/3 160/35/3 174/35/3
f 176/38/3 129/38/3 128/38/3
f 176/31/3 130/31/3 129/31/3
f 177/38/3 131/38/3 130/38/3
f 177/31/3 130/31/3 176/31/3
f 178/32/3 136/32/3 163/32/3
f 178/32/3 163/32/3 162/32/3
f 179/30/3 137/30/3 136/30/3
f 179/32/3 136/32/3 178/32/3
f 180/32/3 102/32/3 100/32/3
f 180/35/3 103/35/3 102/35/3
f 181/35/3 103/35/3 180/35/3
f 182/35/3 103/35/3 181/35/3
f 183/35/3 103/35/3 182/35/3
f 184/35/3 103/35/3 183/35/3
f 185/33/3 104/33/3 103/33/3
f 185/35/3 103/35/3 184/35/3
f 186/35/3 139/35/3 108/35/3
f 187/35/3 139/35/3 186/35/3
f 188/35/3 139/35/3 187/35/3
f 189/35/3 139/35/3 188/35/3
f 190/36/3 164/36/3 139/36/3
f 190/35/3 139/35/3 189/35/3
f 191/36/3 164/36/3 190/36/3
f 192/34/3 165/34/3 164/34/3
f 192/36/3 164/36/3 191/36/3
f 193/35/3 166/35/3 165/35/3
f 193/34/3 165/34/3 192/34/3
f 194/36/3 167/36/3 166/36/3
f 194/35/3 166/35/3 193/35/3
f 195/45/3 169/45/3 168/45/3
f 195/45/3 170/45/3 169/45/3
f 195/45/3 171/45/3 170/45/3
f 196/45/3 171/45/3 195/45/3
f 197/45/3 171/45/3 196/45/3
f 198/45/3 171/45/3 197/45/3
f 199/34/3 153/34/3 171/34/3
f 199/45/3 171/45/3 198/45/3
f 200/34/3 153/34/3 199/34/3
f 201/35/3 172/35/3 153/35/3
f 201/34/3 153/34/3 200/34/3
f 202/34/3 173/34/3 172/34/3
f 202/35/3 172/35/3 201/35/3
f 203/38/3 126/38/3 159/38/3
f 203/32/3 159/32/3 158/32/3
f 204/35/3 174/35/3 126/35/3
f 204/38/3 126/38/3 203/38/3
f 205/31/3 128/31/3 161/31/3
f 206/38/3 176/38/3 128/38/3
f 206/31/3 128/31/3 205/31/3
f 207/30/3 179/30/3 178/30/3
f 207/32/3 178/32/3 162/32/3
f 208/30/3 137/30/3 179/30/3
f 208/30/3 179/30/3 207/30/3
f 209/35/3 138/35/3 137/35/3
f 209/30/3 137/30/3 208/30/3
f 210/32/3 180/32/3 100/32/3
f 210/2/3 181/2/3 180/2/3
f 211/2/3 181/2/3 210/2/3
f 212/2/3 181/2/3 211/2/3
f 213/35/3 182/35/3 181/35/3
f 213/2/3 181/2/3 212/2/3
f 214/35/3 184/35/3 183/35/3
f 215/5/3 185/5/3 184/5/3
f 215/35/3 184/35/3 214/35/3
f 216/33/3 104/33/3 185/33/3
f 216/5/3 185/5/3 215/5/3
f 217/35/3 188/35/3 187/35/3
f 218/35/3 188/35/3 217/35/3
f 219/35/3 188/35/3 218/35/3
f 220/35/3 188/35/3 219/35/3
f 221/35/3 188/35/3 220/35/3
f 222/34/3 189/34/3 188/34/3
f 222/35/3 188/35/3 221/35/3
f 223/36/3 191/36/3 190/36/3
f 223/34/3 189/34/3 222/34/3
f 223/36/3 190/36/3 189/36/3
f 224/36/3 191/36/3 223/36/3
f 225/34/3 193/34/3 192/34/3
f 225/36/3 191/36/3 224/36/3
f 225/34/3 192/34/3 191/34/3
f 226/34/3 168/34/3 167/34/3
f 227/45/3 195/45/3 168/45/3
f 227/34/3 168/34/3 226/34/3
f 228/45/3 195/45/3 227/45/3
f 229/28/3 196/28/3 195/28/3
f 229/45/3 195/45/3 228/45/3
f 230/27/3 197/27/3 196/27/3
f 230/28/3 196/28/3 229/28/3
f 231/25/3 198/25/3 197/25/3
f 231/27/3 197/27/3 230/27/3
f 232/25/3 198/25/3 231/25/3
f 233/45/3 200/45/3 199/45/3
f 233/25/3 198/25/3 232/25/3
f 233/45/3 199/45/3 198/45/3
f 234/45/3 200/45/3 233/45/3
f 235/34/3 202/34/3 201/34/3
f 235/45/3 200/45/3 234/45/3
f 235/34/3 201/34/3 200/34/3
f 236/34/3 202/34/3 235/34/3
f 237/40/3 154/40/3 119/40/3
f 237/34/3 202/34/3 236/34/3
f 237/34/3 173/34/3 202/34/3
f 237/34/3 119/34/3 173/34/3
f 238/34/3 155/34/3 154/34/3
f 238/40/3 154/40/3 237/40/3
f 239/35/3 121/35/3 155/35/3
f 239/34/3 155/34/3 238/34/3
f 240/35/3 121/35/3 239/35/3
f 241/34/3 158/34/3 157/34/3
f 241/32/3 203/32/3 158/32/3
f 242/35/3 204/35/3 203/35/3
f 242/32/3 203/32/3 241/32/3
f 243/35/3 174/35/3 204/35/3
f 243/35/3 204/35/3 242/35/3
f 244/34/3 175/34/3 174/34/3
f 244/35/3 174/35/3 243/35/3
f 245/34/3 161/34/3 175/34/3
f 245/34/3 175/34/3 244/34/3
f 246/31/3 205/31/3 161/31/3
f 246/34/3 161/34/3 245/34/3
f 247/32/3 206/32/3 205/32/3
f 247/31/3 205/31/3 246/31/3
f 248/31/3 162/31/3 134/31/3
f 249/32/3 207/32/3 162/32/3
f 249/31/3 162/31/3 248/31/3
f 249/32/3 208/32/3 207/32/3
f 250/35/3 138/35/3 209/35/3
f 250/35/3 209/35/3 208/35/3
f 251/32/3 101/32/3 138/32/3
f 251/35/3 138/35/3 250/35/3
f 252/35/3 211/35/3 210/35/3
f 253/2/3 212/2/3 211/2/3
f 253/35/3 211/35/3 252/35/3
f 254/35/3 213/35/3 212/35/3
f 254/2/3 212/2/3 253/2/3
f 255/2/3 187/2/3 186/2/3
f 255/35/3 217/35/3 187/35/3
f 256/36/3 218/36/3 217/36/3
f 256/35/3 217/35/3 255/35/3
f 257/35/3 219/35/3 218/35/3
f 257/36/3 218/36/3 256/36/3
f 258/36/3 220/36/3 219/36/3
f 258/35/3 219/35/3 257/35/3
f 259/35/3 221/35/3 220/35/3
f 259/36/3 220/36/3 258/36/3
f 260/35/3 221/35/3 259/35/3
f 261/35/3 221/35/3 260/35/3
f 262/34/3 222/34/3 221/34/3
f 262/35/3 221/35/3 261/35/3
f 263/36/3 224/36/3 223/36/3
f 263/34/3 222/34/3 262/34/3
f 263/36/3 223/36/3 222/36/3
f 264/36/3 224/36/3 263/36/3
f 265/34/3 193/34/3 225/34/3
f 265/36/3 194/36/3 193/36/3
f 265/34/3 225/34/3 224/34/3
f 266/36/3 167/36/3 194/36/3
f 266/36/3 194/36/3 265/36/3
f 267/36/3 167/36/3 266/36/3
f 268/34/3 226/34/3 167/34/3
f 268/36/3 167/36/3 267/36/3
f 269/45/3 227/45/3 226/45/3
f 269/34/3 226/34/3 268/34/3
f 269/45/3 228/45/3 227/45/3
f 270/45/3 228/45/3 269/45/3
f 271/28/3 229/28/3 228/28/3
f 271/45/3 228/45/3 270/45/3
f 272/27/3 232/27/3 231/27/3
f 272/28/3 229/28/3 271/28/3
f 272/27/3 230/27/3 229/27/3
f 272/27/3 231/27/3 230/27/3
f 273/25/3 234/25/3 233/25/3
f 273/27/3 232/27/3 272/27/3
f 273/25/3 233/25/3 232/25/3
f 274/25/3 234/25/3 273/25/3
f 275/45/3 236/45/3 235/45/3
f 275/25/3 234/25/3 274/25/3
f 275/45/3 235/45/3 234/45/3
f 276/45/3 236/45/3 275/45/3
f 277/34/3 238/34/3 237/34/3
f 277/45/3 236/45/3 276/45/3
f 277/34/3 237/34/3 236/34/3
f 277/34/3 240/34/3 239/34/3
f 277/34/3 239/34/3 238/34/3
f 278/34/3 240/34/3 277/34/3
f 279/38/3 122/38/3 121/38/3
f 279/35/3 121/35/3 240/35/3
f 280/34/3 156/34/3 122/34/3
f 280/38/3 122/38/3 279/38/3
f 281/39/3 157/39/3 156/39/3
f 281/34/3 156/34/3 280/34/3
f 282/34/3 241/34/3 157/34/3
f 282/39/3 157/39/3 281/39/3
f 283/32/3 206/32/3 247/32/3
f 283/32/3 246/32/3 245/32/3
f 283/32/3 247/32/3 246/32/3
f 284/38/3 176/38/3 206/38/3
f 284/32/3 206/32/3 283/32/3
f 285/38/3 131/38/3 177/38/3
f 285/31/3 132/31/3 131/31/3
f 286/40/3 133/40/3 132/40/3
f 286/31/3 132/31/3 285/31/3
f 287/35/3 252/35/3 210/35/3
f 287/2/3 253/2/3 252/2/3
f 288/35/3 254/35/3 253/35/3
f 288/2/3 253/2/3 287/2/3
f 289/35/3 213/35/3 254/35/3
f 289/35/3 254/35/3 288/35/3
f 290/33/3 106/33/3 105/33/3
f 290/35/3 107/35/3 106/35/3
f 291/32/3 108/32/3 107/32/3
f 291/35/3 107/35/3 290/35/3
f 292/35/3 186/35/3 108/35/3
f 292/32/3 108/32/3 291/32/3
f 293/2/3 255/2/3 186/2/3
f 293/35/3 186/35/3 292/35/3
f 294/36/3 258/36/3 257/36/3
f 294/2/3 255/2/3 293/2/3
f 294/36/3 260/36/3 259/36/3
f 294/36/3 256/36/3 255/36/3
f 294/36/3 257/36/3 256/36/3
f 294/36/3 259/36/3 258/36/3
f 295/36/3 260/36/3 294/36/3
f 296/36/3 260/36/3 295/36/3
f 297/35/3 261/35/3 260/35/3
f 297/36/3 260/36/3 296/36/3
f 298/34/3 262/34/3 261/34/3
f 298/35/3 261/35/3 297/35/3
f 298/34/3 263/34/3 262/34/3
f 298/34/3 264/34/3 263/34/3
f 299/34/3 264/34/3 298/34/3
f 300/36/3 224/36/3 264/36/3
f 300/34/3 264/34/3 299/34/3
f 301/36/3 224/36/3 300/36/3
f 302/34/3 265/34/3 224/34/3
f 302/34/3 266/34/3 265/34/3
f 303/36/3 267/36/3 266/36/3
f 303/34/3 266/34/3 302/34/3
f 304/45/3 269/45/3 268/45/3
f 304/36/3 267/36/3 303/36/3
f 304/45/3 268/45/3 267/45/3
f 304/45/3 270/45/3 269/45/3
f 305/45/3 270/45/3 304/45/3
f 306/28/3 271/28/3 270/28/3
f 306/45/3 270/45/3 305/45/3
f 307/25/3 276/25/3 275/25/3
f 307/25/3 275/25/3 274/25/3
f 307/45/3 278/45/3 277/45/3
f 307/45/3 277/45/3 276/45/3
f 308/45/3 278/45/3 307/45/3
f 309/34/3 240/34/3 278/34/3
f 309/45/3 278/45/3 308/45/3
f 310/34/3 240/34/3 309/34/3
f 311/35/3 243/35/3 242/35/3
f 311/38/3 242/38/3 241/38/3
f 312/34/3 244/34/3 243/34/3
f 312/35/3 243/35/3 311/35/3
f 312/34/3 245/34/3 244/34/3
f 313/32/3 283/32/3 245/32/3
f 313/34/3 245/34/3 312/34/3
f 314/34/3 284/34/3 283/34/3
f 314/32/3 283/32/3 313/32/3
f 315/38/3 176/38/3 284/38/3
f 315/34/3 284/34/3 314/34/3
f 316/32/3 177/32/3 176/32/3
f 316/38/3 176/38/3 315/38/3
f 317/37/3 134/37/3 133/37/3
f 317/40/3 133/40/3 286/40/3
f 318/31/3 248/31/3 134/31/3
f 318/37/3 134/37/3 317/37/3
f 319/32/3 249/32/3 248/32/3
f 319/31/3 248/31/3 318/31/3
f 320/35/3 250/35/3 208/35/3
f 320/32/3 249/32/3 319/32/3
f 320/32/3 208/32/3 249/32/3
f 321/34/3 251/34/3 250/34/3
f 321/35/3 250/35/3 320/35/3
f 322/35/3 287/35/3 210/35/3
f 322/35/3 288/35/3 287/35/3
f 322/32/3 210/32/3 100/32/3
f 323/2/3 289/2/3 288/2/3
f 323/35/3 288/35/3 322/35/3
f 324/35/3 213/35/3 289/35/3
f 324/2/3 289/2/3 323/2/3
f 325/35/3 182/35/3 213/35/3
f 325/35/3 213/35/3 324/35/3
f 326/5/3 215/5/3 214/5/3
f 326/35/3 214/35/3 183/35/3
f 327/35/3 216/35/3 215/35/3
f 327/5/3 215/5/3 326/5/3
f 328/33/3 104/33/3 216/33/3
f 328/35/3 216/35/3 327/35/3
f 329/36/3 296/36/3 295/36/3
f 330/34/3 297/34/3 296/34/3
f 330/36/3 296/36/3 329/36/3
f 330/34/3 298/34/3 297/34/3
f 331/34/3 298/34/3 330/34/3
f 332/45/3 299/45/3 298/45/3
f 332/34/3 298/34/3 331/34/3
f 333/34/3 300/34/3 299/34/3
f 333/45/3 299/45/3 332/45/3
f 333/34/3 301/34/3 300/34/3
f 334/36/3 224/36/3 301/36/3
f 334/34/3 301/34/3 333/34/3
f 335/36/3 224/36/3 334/36/3
f 336/36/3 224/36/3 335/36/3
f 337/34/3 302/34/3 224/34/3
f 337/36/3 224/36/3 336/36/3
f 338/34/3 302/34/3 337/34/3
f 339/45/3 303/45/3 302/45/3
f 339/34/3 302/34/3 338/34/3
f 339/45/3 304/45/3 303/45/3
f 340/45/3 304/45/3 339/45/3
f 341/26/3 305/26/3 304/26/3
f 341/45/3 304/45/3 340/45/3
f 342/27/3 306/27/3 305/27/3
f 342/26/3 305/26/3 341/26/3
f 343/27/3 306/27/3 342/27/3
f 344/28/3 271/28/3 306/28/3
f 344/27/3 306/27/3 343/27/3
f 345/27/3 274/27/3 273/27/3
f 345/28/3 271/28/3 344/28/3
f 345/27/3 273/27/3 272/27/3
f 345/27/3 272/27/3 271/27/3
f 346/25/3 308/25/3 307/25/3
f 346/27/3 274/27/3 345/27/3
f 346/25/3 307/25/3 274/25/3
f 347/25/3 308/25/3 346/25/3
f 348/45/3 309/45/3 308/45/3
f 348/25/3 308/25/3 347/25/3
f 348/45/3 310/45/3 309/45/3
f 349/45/3 310/45/3 348/45/3
f 350/34/3 240/34/3 310/34/3
f 350/45/3 310/45/3 349/45/3
f 351/34/3 240/34/3 350/34/3
f 352/35/3 279/35/3 240/35/3
f 352/34/3 240/34/3 351/34/3
f 353/37/3 280/37/3 279/37/3
f 353/35/3 279/35/3 352/35/3
f 354/40/3 282/40/3 281/40/3
f 354/34/3 281/34/3 280/34/3
f 355/34/3 241/34/3 282/34/3
f 355/40/3 282/40/3 354/40/3
f 356/34/3 312/34/3 311/34/3
f 356/34/3 314/34/3 313/34/3
f 356/34/3 315/34/3 314/34/3
f 356/34/3 313/34/3 312/34/3
f 356/34/3 316/34/3 315/34/3
f 357/32/3 177/32/3 316/32/3
f 357/34/3 316/34/3 356/34/3
f 358/38/3 285/38/3 177/38/3
f 358/32/3 177/32/3 357/32/3
f 359/32/3 319/32/3 318/32/3
f 359/32/3 320/32/3 319/32/3
f 359/32/3 321/32/3 320/32/3
f 360/34/3 251/34/3 321/34/3
f 360/32/3 321/32/3 359/32/3
f 361/2/3 324/2/3 323/2/3
f 361/2/3 323/2/3 322/2/3
f 361/32/3 322/32/3 100/32/3
f 361/2/3 325/2/3 324/2/3
f 362/35/3 182/35/3 325/35/3
f 362/2/3 325/2/3 361/2/3
f 363/35/3 327/35/3 326/35/3
f 363/5/3 328/5/3 327/5/3
f 364/33/3 104/33/3 328/33/3
f 364/5/3 328/5/3 363/5/3
f 365/45/3 331/45/3 330/45/3
f 365/45/3 330/45/3 329/45/3
f 366/22/3 333/22/3 332/22/3
f 366/45/3 331/45/3 365/45/3
f 366/22/3 332/22/3 331/22/3
f 367/22/3 333/22/3 366/22/3
f 368/22/3 333/22/3 367/22/3
f 369/22/3 333/22/3 368/22/3
f 370/45/3 334/45/3 333/45/3
f 370/22/3 333/22/3 369/22/3
f 371/45/3 334/45/3 370/45/3
f 372/34/3 335/34/3 334/34/3
f 372/45/3 334/45/3 371/45/3
f 373/36/3 336/36/3 335/36/3
f 373/34/3 335/34/3 372/34/3
f 374/36/3 336/36/3 373/36/3
f 375/45/3 340/45/3 339/45/3
f 375/45/3 339/45/3 338/45/3
f 376/26/3 341/26/3 340/26/3
f 376/45/3 340/45/3 375/45/3
f 377/26/3 341/26/3 376/26/3
f 378/27/3 343/27/3 342/27/3
f 378/26/3 341/26/3 377/26/3
f 378/27/3 342/27/3 341/27/3
f 379/27/3 343/27/3 378/27/3
f 380/28/3 344/28/3 343/28/3
f 380/27/3 343/27/3 379/27/3
f 381/27/3 345/27/3 344/27/3
f 381/28/3 344/28/3 380/28/3
f 381/27/3 347/27/3 346/27/3
f 381/27/3 346/27/3 345/27/3
f 382/25/3 349/25/3 348/25/3
f 382/27/3 347/27/3 381/27/3
f 382/25/3 348/25/3 347/25/3
f 383/25/3 349/25/3 382/25/3
f 384/45/3 350/45/3 349/45/3
f 384/25/3 349/25/3 383/25/3
f 384/45/3 351/45/3 350/45/3
f 385/45/3 351/45/3 384/45/3
f 386/34/3 353/34/3 352/34/3
f 386/45/3 351/45/3 385/45/3
f 386/34/3 352/34/3 351/34/3
f 387/34/3 353/34/3 386/34/3
f 388/34/3 355/34/3 354/34/3
f 388/34/3 354/34/3 280/34/3
f 388/37/3 280/37/3 353/37/3
f 389/34/3 241/34/3 355/34/3
f 389/34/3 355/34/3 388/34/3
f 389/38/3 311/38/3 241/38/3
f 390/38/3 357/38/3 356/38/3
f 390/34/3 356/34/3 311/34/3
f 390/38/3 358/38/3 357/38/3
f 391/38/3 358/38/3 390/38/3
f 392/38/3 358/38/3 391/38/3
f 393/38/3 285/38/3 358/38/3
f 393/38/3 358/38/3 392/38/3
f 393/32/3 286/32/3 285/32/3
f 394/40/3 317/40/3 286/40/3
f 394/32/3 286/32/3 393/32/3
f 395/38/3 318/38/3 317/38/3
f 395/40/3 317/40/3 394/40/3
f 396/32/3 361/32/3 100/32/3
f 396/35/3 362/35/3 361/35/3
f 397/35/3 182/35/3 362/35/3
f 397/35/3 362/35/3 396/35/3
f 398/35/3 363/35/3 326/35/3
f 398/35/3 326/35/3 183/35/3
f 398/35/3 364/35/3 363/35/3
f 399/33/3 104/33/3 364/33/3
f 399/35/3 364/35/3 398/35/3
f 400/33/3 290/33/3 105/33/3
f 400/2/3 293/2/3 292/2/3
f 400/2/3 295/2/3 294/2/3
f 400/2/3 292/2/3 291/2/3
f 400/2/3 294/2/3 293/2/3
f 400/2/3 291/2/3 290/2/3
f 401/2/3 295/2/3 400/2/3
f 402/2/3 295/2/3 401/2/3
f 403/2/3 295/2/3 402/2/3
f 404/36/3 329/36/3 295/36/3
f 404/2/3 295/2/3 403/2/3
f 405/22/3 366/22/3 365/22/3
f 405/22/3 367/22/3 366/22/3
f 406/21/3 368/21/3 367/21/3
f 406/22/3 367/22/3 405/22/3
f 407/20/3 369/20/3 368/20/3
f 407/21/3 368/21/3 406/21/3
f 408/22/3 370/22/3 369/22/3
f 408/20/3 369/20/3 407/20/3
f 408/22/3 371/22/3 370/22/3
f 409/22/3 371/22/3 408/22/3
f 410/22/3 371/22/3 409/22/3
f 411/45/3 373/45/3 372/45/3
f 411/22/3 371/22/3 410/22/3
f 411/45/3 374/45/3 373/45/3
f 411/45/3 372/45/3 371/45/3
f 412/45/3 374/45/3 411/45/3
f 413/36/3 336/36/3 374/36/3
f 413/45/3 374/45/3 412/45/3
f 414/36/3 336/36/3 413/36/3
f 415/34/3 338/34/3 337/34/3
f 415/34/3 337/34/3 336/34/3
f 416/45/3 375/45/3 338/45/3
f 416/34/3 338/34/3 415/34/3
f 417/27/3 379/27/3 378/27/3
f 417/27/3 378/27/3 377/27/3
f 418/28/3 380/28/3 379/28/3
f 418/27/3 379/27/3 417/27/3
f 419/27/3 383/27/3 382/27/3
f 419/28/3 380/28/3 418/28/3
f 419/27/3 382/27/3 381/27/3
f 419/27/3 381/27/3 380/27/3
f 420/25/3 385/25/3 384/25/3
f 420/27/3 383/27/3 419/27/3
f 420/25/3 384/25/3 383/25/3
f 421/25/3 385/25/3 420/25/3
f 422/45/3 387/45/3 386/45/3
f 422/25/3 385/25/3 421/25/3
f 422/45/3 386/45/3 385/45/3
f 423/45/3 387/45/3 422/45/3
f 424/34/3 353/34/3 387/34/3
f 424/45/3 387/45/3 423/45/3
f 425/34/3 353/34/3 424/34/3
f 426/45/3 389/45/3 388/45/3
f 427/38/3 311/38/3 389/38/3
f 427/45/3 389/45/3 426/45/3
f 428/34/3 391/34/3 390/34/3
f 428/38/3 311/38/3 427/38/3
f 428/34/3 390/34/3 311/34/3
f 429/34/3 391/34/3 428/34/3
f 430/31/3 392/31/3 391/31/3
f 430/34/3 391/34/3 429/34/3
f 431/31/3 392/31/3 430/31/3
f 432/32/3 393/32/3 392/32/3
f 432/31/3 392/31/3 431/31/3
f 432/32/3 394/32/3 393/32/3
f 433/32/3 394/32/3 432/32/3
f 434/32/3 394/32/3 433/32/3
f 435/39/3 395/39/3 394/39/3
f 435/32/3 394/32/3 434/32/3
f 436/38/3 318/38/3 395/38/3
f 436/39/3 395/39/3 435/39/3
f 437/32/3 359/32/3 318/32/3
f 437/38/3 318/38/3 436/38/3
f 438/2/3 397/2/3 396/2/3
f 438/32/3 396/32/3 100/32/3
f 439/35/3 182/35/3 397/35/3
f 439/2/3 397/2/3 438/2/3
f 440/35/3 398/35/3 183/35/3
f 440/5/3 399/5/3 398/5/3
f 441/5/3 399/5/3 440/5/3
f 442/5/3 399/5/3 441/5/3
f 443/5/3 399/5/3 442/5/3
f 444/32/3 401/32/3 400/32/3
f 445/36/3 402/36/3 401/36/3
f 445/32/3 401/32/3 444/32/3
f 446/36/3 329/36/3 404/36/3
f 446/36/3 404/36/3 403/36/3
f 447/45/3 365/45/3 329/45/3
f 447/36/3 329/36/3 446/36/3
f 448/22/3 405/22/3 365/22/3
f 448/45/3 365/45/3 447/45/3
f 449/45/3 407/45/3 406/45/3
f 449/45/3 409/45/3 408/45/3
f 449/45/3 408/45/3 407/45/3
f 450/21/3 410/21/3 409/21/3
f 450/45/3 409/45/3 449/45/3
f 451/22/3 412/22/3 411/22/3
f 451/21/3 410/21/3 450/21/3
f 451/22/3 411/22/3 410/22/3
f 452/22/3 412/22/3 451/22/3
f 453/22/3 412/22/3 452/22/3
f 454/45/3 413/45/3 412/45/3
f 454/22/3 412/22/3 453/22/3
f 454/45/3 414/45/3 413/45/3
f 455/45/3 414/45/3 454/45/3
f 456/36/3 336/36/3 414/36/3
f 456/45/3 414/45/3 455/45/3
f 457/34/3 415/34/3 336/34/3
f 457/36/3 336/36/3 456/36/3
f 458/45/3 416/45/3 415/45/3
f 458/34/3 415/34/3 457/34/3
f 459/45/3 375/45/3 416/45/3
f 459/45/3 416/45/3 458/45/3
f 460/26/3 377/26/3 376/26/3
f 460/45/3 375/45/3 459/45/3
f 460/26/3 376/26/3 375/26/3
f 461/26/3 377/26/3 460/26/3
f 462/27/3 417/27/3 377/27/3
f 462/26/3 377/26/3 461/26/3
f 463/28/3 418/28/3 417/28/3
f 463/27/3 417/27/3 462/27/3
f 464/27/3 419/27/3 418/27/3
f 464/28/3 418/28/3 463/28/3
f 464/27/3 421/27/3 420/27/3
f 464/27/3 420/27/3 419/27/3
f 465/25/3 423/25/3 422/25/3
f 465/27/3 421/27/3 464/27/3
f 465/25/3 422/25/3 421/25/3
f 466/25/3 423/25/3 465/25/3
f 467/45/3 425/45/3 424/45/3
f 467/25/3 423/25/3 466/25/3
f 467/45/3 424/45/3 423/45/3
f 468/34/3 353/34/3 425/34/3
f 468/45/3 425/45/3 467/45/3
f 469/34/3 353/34/3 468/34/3
f 470/34/3 353/34/3 469/34/3
f 471/37/3 388/37/3 353/37/3
f 471/34/3 353/34/3 470/34/3
f 472/45/3 426/45/3 388/45/3
f 472/37/3 388/37/3 471/37/3
f 473/21/3 427/21/3 426/21/3
f 473/45/3 426/45/3 472/45/3
f 474/45/3 429/45/3 428/45/3
f 474/21/3 427/21/3 473/21/3
f 474/45/3 428/45/3 427/45/3
f 475/45/3 429/45/3 474/45/3
f 476/34/3 431/34/3 430/34/3
f 476/45/3 429/45/3 475/45/3
f 476/34/3 430/34/3 429/34/3
f 477/34/3 431/34/3 476/34/3
f 478/31/3 432/31/3 431/31/3
f 478/34/3 431/34/3 477/34/3
f 478/31/3 433/31/3 432/31/3
f 479/32/3 434/32/3 433/32/3
f 479/31/3 433/31/3 478/31/3
f 480/32/3 434/32/3 479/32/3
f 481/39/3 436/39/3 435/39/3
f 481/32/3 437/32/3 436/32/3
f 482/32/3 359/32/3 437/32/3
f 482/32/3 437/32/3 481/32/3
f 483/32/3 438/32/3 100/32/3
f 483/35/3 439/35/3 438/35/3
f 484/35/3 182/35/3 439/35/3
f 484/35/3 439/35/3 483/35/3
f 485/22/3 405/22/3 448/22/3
f 485/22/3 448/22/3 447/22/3
f 486/21/3 406/21/3 405/21/3
f 486/22/3 405/22/3 485/22/3
f 487/45/3 449/45/3 406/45/3
f 487/21/3 406/21/3 486/21/3
f 488/34/3 450/34/3 449/34/3
f 488/45/3 449/45/3 487/45/3
f 489/34/3 450/34/3 488/34/3
f 490/45/3 452/45/3 451/45/3
f 490/34/3 450/34/3 489/34/3
f 490/45/3 451/45/3 450/45/3
f 491/45/3 452/45/3 490/45/3
f 492/21/3 453/21/3 452/21/3
f 492/45/3 452/45/3 491/45/3
f 493/22/3 455/22/3 454/22/3
f 493/21/3 453/21/3 492/21/3
f 493/22/3 454/22/3 453/22/3
f 494/22/3 455/22/3 493/22/3
f 495/45/3 458/45/3 457/45/3
f 495/22/3 455/22/3 494/22/3
f 495/45/3 459/45/3 458/45/3
f 495/45/3 456/45/3 455/45/3
f 495/45/3 457/45/3 456/45/3
f 496/45/3 459/45/3 495/45/3
f 497/26/3 461/26/3 460/26/3
f 497/26/3 460/26/3 459/26/3
f 498/27/3 463/27/3 462/27/3
f 498/26/3 461/26/3 497/26/3
f 498/27/3 464/27/3 463/27/3
f 498/27/3 462/27/3 461/27/3
f 498/27/3 466/27/3 465/27/3
f 498/27/3 465/27/3 464/27/3
f 499/27/3 466/27/3 498/27/3
f 500/27/3 466/27/3 499/27/3
f 501/25/3 468/25/3 467/25/3
f 501/27/3 466/27/3 500/27/3
f 501/25/3 467/25/3 466/25/3
f 502/25/3 468/25/3 501/25/3
f 503/45/3 469/45/3 468/45/3
f 503/25/3 468/25/3 502/25/3
f 504/45/3 469/45/3 503/45/3
f 505/34/3 470/34/3 469/34/3
f 505/45/3 469/45/3 504/45/3
f 506/45/3 471/45/3 470/45/3
f 506/34/3 470/34/3 505/34/3
f 506/45/3 472/45/3 471/45/3
f 507/45/3 472/45/3 506/45/3
f 508/21/3 475/21/3 474/21/3
f 508/45/3 472/45/3 507/45/3
f 508/21/3 473/21/3 472/21/3
f 508/21/3 474/21/3 473/21/3
f 509/21/3 475/21/3 508/21/3
f 510/45/3 476/45/3 475/45/3
f 510/21/3 475/21/3 509/21/3
f 510/45/3 477/45/3 476/45/3
f 511/45/3 477/45/3 510/45/3
f 512/34/3 479/34/3 478/34/3
f 512/45/3 477/45/3 511/45/3
f 512/34/3 478/34/3 477/34/3
f 512/34/3 480/34/3 479/34/3
f 513/34/3 480/34/3 512/34/3
f 514/2/3 484/2/3 483/2/3
f 515/35/3 182/35/3 484/35/3
f 515/2/3 484/2/3 514/2/3
f 516/5/3 442/5/3 441/5/3
f 516/35/3 441/35/3 440/35/3
f 517/35/3 443/35/3 442/35/3
f 517/5/3 442/5/3 516/5/3
f 518/5/3 399/5/3 443/5/3
f 518/35/3 443/35/3 517/35/3
f 519/33/3 104/33/3 399/33/3
f 519/5/3 399/5/3 518/5/3
f 520/2/3 403/2/3 402/2/3
f 520/36/3 402/36/3 445/36/3
f 520/36/3 445/36/3 444/36/3
f 521/36/3 446/36/3 403/36/3
f 521/2/3 403/2/3 520/2/3
f 522/45/3 447/45/3 446/45/3
f 522/22/3 485/22/3 447/22/3
f 523/21/3 486/21/3 485/21/3
f 523/22/3 485/22/3 522/22/3
f 524/45/3 487/45/3 486/45/3
f 524/21/3 486/21/3 523/21/3
f 524/45/3 489/45/3 488/45/3
f 524/45/3 488/45/3 487/45/3
f 525/45/3 489/45/3 524/45/3
f 526/45/3 489/45/3 525/45/3
f 527/34/3 491/34/3 490/34/3
f 527/45/3 489/45/3 526/45/3
f 527/34/3 490/34/3 489/34/3
f 528/34/3 491/34/3 527/34/3
f 529/34/3 491/34/3 528/34/3
f 530/45/3 494/45/3 493/45/3
f 530/34/3 491/34/3 529/34/3
f 530/45/3 492/45/3 491/45/3
f 530/45/3 493/45/3 492/45/3
f 531/22/3 495/22/3 494/22/3
f 531/45/3 494/45/3 530/45/3
f 531/22/3 496/22/3 495/22/3
f 532/22/3 496/22/3 531/22/3
f 533/22/3 496/22/3 532/22/3
f 534/45/3 459/45/3 496/45/3
f 534/22/3 496/22/3 533/22/3
f 535/27/3 499/27/3 498/27/3
f 535/27/3 498/27/3 497/27/3
f 536/28/3 500/28/3 499/28/3
f 536/27/3 499/27/3 535/27/3
f 537/27/3 502/27/3 501/27/3
f 537/28/3 500/28/3 536/28/3
f 537/27/3 501/27/3 500/27/3
f 538/25/3 504/25/3 503/25/3
f 538/27/3 502/27/3 537/27/3
f 538/25/3 503/25/3 502/25/3
f 539/25/3 504/25/3 538/25/3
f 540/45/3 507/45/3 506/45/3
f 540/25/3 504/25/3 539/25/3
f 540/45/3 506/45/3 505/45/3
f 540/45/3 505/45/3 504/45/3
f 541/45/3 507/45/3 540/45/3
f 542/45/3 507/45/3 541/45/3
f 543/21/3 508/21/3 507/21/3
f 543/45/3 507/45/3 542/45/3
f 544/22/3 509/22/3 508/22/3
f 544/21/3 508/21/3 543/21/3
f 545/22/3 509/22/3 544/22/3
f 546/21/3 511/21/3 510/21/3
f 546/22/3 509/22/3 545/22/3
f 546/21/3 510/21/3 509/21/3
f 547/45/3 512/45/3 511/45/3
f 547/21/3 511/21/3 546/21/3
f 547/45/3 513/45/3 512/45/3
f 548/45/3 513/45/3 547/45/3
f 549/34/3 480/34/3 513/34/3
f 549/45/3 513/45/3 548/45/3
f 550/34/3 480/34/3 549/34/3
f 551/5/3 518/5/3 517/5/3
f 551/35/3 517/35/3 516/35/3
f 552/35/3 519/35/3 518/35/3
f 552/5/3 518/5/3 551/5/3
f 553/35/3 105/35/3 104/35/3
f 553/33/3 400/33/3 105/33/3
f 554/32/3 444/32/3 400/32/3
f 554/33/3 400/33/3 553/33/3
f 555/36/3 520/36/3 444/36/3
f 555/32/3 444/32/3 554/32/3
f 555/36/3 521/36/3 520/36/3
f 556/45/3 523/45/3 522/45/3
f 556/36/3 521/36/3 555/36/3
f 556/36/3 446/36/3 521/36/3
f 556/45/3 522/45/3 446/45/3
f 557/22/3 525/22/3 524/22/3
f 557/45/3 523/45/3 556/45/3
f 557/22/3 524/22/3 523/22/3
f 558/22/3 525/22/3 557/22/3
f 559/21/3 526/21/3 525/21/3
f 559/22/3 525/22/3 558/22/3
f 560/45/3 528/45/3 527/45/3
f 560/21/3 526/21/3 559/21/3
f 560/45/3 527/45/3 526/45/3
f 561/45/3 528/45/3 560/45/3
f 562/34/3 529/34/3 528/34/3
f 562/45/3 528/45/3 561/45/3
f 563/45/3 530/45/3 529/45/3
f 563/34/3 529/34/3 562/34/3
f 563/45/3 531/45/3 530/45/3
f 563/45/3 532/45/3 531/45/3
f 564/45/3 532/45/3 563/45/3
f 565/22/3 533/22/3 532/22/3
f 565/45/3 532/45/3 564/45/3
f 566/45/3 534/45/3 533/45/3
f 566/22/3 533/22/3 565/22/3
f 567/45/3 534/45/3 566/45/3
f 568/45/3 459/45/3 534/45/3
f 568/45/3 534/45/3 567/45/3
f 569/26/3 497/26/3 459/26/3
f 569/45/3 459/45/3 568/45/3
f 570/27/3 535/27/3 497/27/3
f 570/26/3 497/26/3 569/26/3
f 571/28/3 536/28/3 535/28/3
f 571/27/3 535/27/3 570/27/3
f 572/27/3 539/27/3 538/27/3
f 572/28/3 536/28/3 571/28/3
f 572/27/3 537/27/3 536/27/3
f 572/27/3 538/27/3 537/27/3
f 573/25/3 540/25/3 539/25/3
f 573/27/3 539/27/3 572/27/3
f 573/25/3 541/25/3 540/25/3
f 574/45/3 542/45/3 541/45/3
f 574/25/3 541/25/3 573/25/3
f 575/21/3 543/21/3 542/21/3
f 575/45/3 542/45/3 574/45/3
f 576/21/3 543/21/3 575/21/3
f 577/45/3 545/45/3 544/45/3
f 577/45/3 544/45/3 543/45/3
f 578/22/3 546/22/3 545/22/3
f 578/45/3 545/45/3 577/45/3
f 578/22/3 547/22/3 546/22/3
f 579/22/3 547/22/3 578/22/3
f 580/21/3 548/21/3 547/21/3
f 580/22/3 547/22/3 579/22/3
f 581/45/3 550/45/3 549/45/3
f 581/21/3 548/21/3 580/21/3
f 581/45/3 549/45/3 548/45/3
f 582/45/3 550/45/3 581/45/3
f 583/34/3 480/34/3 550/34/3
f 583/45/3 550/45/3 582/45/3
f 584/34/3 480/34/3 583/34/3
f 585/32/3 434/32/3 480/32/3
f 585/34/3 480/34/3 584/34/3
f 586/30/3 435/30/3 434/30/3
f 586/32/3 434/32/3 585/32/3
f 587/32/3 359/32/3 482/32/3
f 587/31/3 482/31/3 481/31/3
f 588/32/3 359/32/3 587/32/3
f 589/30/3 360/30/3 359/30/3
f 589/32/3 359/32/3 588/32/3
f 590/34/3 251/34/3 360/34/3
f 590/30/3 360/30/3 589/30/3
f 591/32/3 483/32/3 100/32/3
f 591/2/3 514/2/3 483/2/3
f 592/35/3 515/35/3 514/35/3
f 592/2/3 514/2/3 591/2/3
f 593/35/3 551/35/3 516/35/3
f 593/35/3 516/35/3 440/35/3
f 593/35/3 552/35/3 551/35/3
f 594/35/3 519/35/3 552/35/3
f 594/35/3 552/35/3 593/35/3
f 595/32/3 554/32/3 553/32/3
f 595/36/3 555/36/3 554/36/3
f 595/36/3 557/36/3 556/36/3
f 595/36/3 556/36/3 555/36/3
f 596/36/3 557/36/3 595/36/3
f 597/45/3 558/45/3 557/45/3
f 597/22/3 561/22/3 560/22/3
f 597/22/3 559/22/3 558/22/3
f 597/22/3 560/22/3 559/22/3
f 598/22/3 561/22/3 597/22/3
f 599/45/3 563/45/3 562/45/3
f 599/45/3 562/45/3 561/45/3
f 600/22/3 564/22/3 563/22/3
f 600/45/3 563/45/3 599/45/3
f 601/22/3 564/22/3 600/22/3
f 602/22/3 564/22/3 601/22/3
f 603/45/3 566/45/3 565/45/3
f 603/22/3 564/22/3 602/22/3
f 603/45/3 567/45/3 566/45/3
f 603/45/3 565/45/3 564/45/3
f 604/22/3 568/22/3 567/22/3
f 604/45/3 567/45/3 603/45/3
f 605/45/3 569/45/3 568/45/3
f 606/28/3 571/28/3 570/28/3
f 606/45/3 569/45/3 605/45/3
f 606/28/3 573/28/3 572/28/3
f 606/28/3 572/28/3 571/28/3
f 606/28/3 570/28/3 569/28/3
f 606/28/3 574/28/3 573/28/3
f 607/28/3 574/28/3 606/28/3
f 608/28/3 574/28/3 607/28/3
f 609/28/3 574/28/3 608/28/3
f 610/28/3 574/28/3 609/28/3
f 611/45/3 576/45/3 575/45/3
f 611/28/3 574/28/3 610/28/3
f 611/45/3 575/45/3 574/45/3
f 612/45/3 576/45/3 611/45/3
f 613/21/3 543/21/3 576/21/3
f 613/45/3 576/45/3 612/45/3
f 614/45/3 577/45/3 543/45/3
f 614/21/3 543/21/3 613/21/3
f 615/45/3 579/45/3 578/45/3
f 615/34/3 578/34/3 577/34/3
f 616/22/3 580/22/3 579/22/3
f 616/45/3 579/45/3 615/45/3
f 616/22/3 581/22/3 580/22/3
f 617/22/3 581/22/3 616/22/3
f 618/21/3 582/21/3 581/21/3
f 618/22/3 581/22/3 617/22/3
f 619/45/3 583/45/3 582/45/3
f 619/21/3 582/21/3 618/21/3
f 619/45/3 584/45/3 583/45/3
f 620/45/3 584/45/3 619/45/3
f 621/34/3 585/34/3 584/34/3
f 621/45/3 584/45/3 620/45/3
f 621/34/3 586/34/3 585/34/3
f 622/34/3 586/34/3 621/34/3
f 623/30/3 435/30/3 586/30/3
f 623/34/3 586/34/3 622/34/3
f 624/39/3 481/39/3 435/39/3
f 624/30/3 435/30/3 623/30/3
f 625/31/3 587/31/3 481/31/3
f 625/39/3 481/39/3 624/39/3
f 626/34/3 588/34/3 587/34/3
f 626/31/3 587/31/3 625/31/3
f 627/32/3 589/32/3 588/32/3
f 627/34/3 588/34/3 626/34/3
f 628/34/3 590/34/3 589/34/3
f 628/32/3 589/32/3 627/32/3
f 629/32/3 591/32/3 100/32/3
f 629/35/3 592/35/3 591/35/3
f 630/35/3 182/35/3 515/35/3
f 630/35/3 592/35/3 629/35/3
f 630/35/3 515/35/3 592/35/3
f 631/35/3 593/35/3 440/35/3
f 631/35/3 440/35/3 183/35/3
f 632/5/3 594/5/3 593/5/3
f 632/35/3 593/35/3 631/35/3
f 633/35/3 519/35/3 594/35/3
f 633/5/3 594/5/3 632/5/3
f 634/33/3 104/33/3 519/33/3
f 634/35/3 519/35/3 633/35/3
f 635/2/3 596/2/3 595/2/3
f 635/32/3 595/32/3 553/32/3
f 636/2/3 596/2/3 635/2/3
f 637/2/3 596/2/3 636/2/3
f 638/36/3 557/36/3 596/36/3
f 638/2/3 596/2/3 637/2/3
f 639/45/3 598/45/3 597/45/3
f 639/36/3 557/36/3 638/36/3
f 639/45/3 597/45/3 557/45/3
f 640/45/3 598/45/3 639/45/3
f 641/22/3 561/22/3 598/22/3
f 641/45/3 598/45/3 640/45/3
f 642/45/3 599/45/3 561/45/3
f 642/22/3 561/22/3 641/22/3
f 643/45/3 599/45/3 642/45/3
f 644/22/3 601/22/3 600/22/3
f 644/45/3 599/45/3 643/45/3
f 644/22/3 600/22/3 599/22/3
f 645/21/3 602/21/3 601/21/3
f 645/22/3 601/22/3 644/22/3
f 646/21/3 602/21/3 645/21/3
f 647/45/3 603/45/3 602/45/3
f 647/21/3 602/21/3 646/21/3
f 648/45/3 603/45/3 647/45/3
f 649/22/3 604/22/3 603/22/3
f 649/45/3 603/45/3 648/45/3
f 650/22/3 604/22/3 649/22/3
f 651/45/3 605/45/3 568/45/3
f 651/22/3 604/22/3 650/22/3
f 651/22/3 568/22/3 604/22/3
f 652/25/3 609/25/3 608/25/3
f 653/28/3 610/28/3 609/28/3
f 653/25/3 609/25/3 652/25/3
f 654/25/3 612/25/3 611/25/3
f 654/28/3 610/28/3 653/28/3
f 654/25/3 611/25/3 610/25/3
f 655/25/3 612/25/3 654/25/3
f 656/45/3 613/45/3 612/45/3
f 656/25/3 612/25/3 655/25/3
f 656/45/3 614/45/3 613/45/3
f 657/45/3 614/45/3 656/45/3
f 658/34/3 615/34/3 577/34/3
f 658/45/3 614/45/3 657/45/3
f 658/45/3 577/45/3 614/45/3
f 658/34/3 616/34/3 615/34/3
f 659/34/3 616/34/3 658/34/3
f 660/45/3 617/45/3 616/45/3
f 660/34/3 616/34/3 659/34/3
f 661/22/3 619/22/3 618/22/3
f 661/45/3 617/45/3 660/45/3
f 661/22/3 618/22/3 617/22/3
f 662/22/3 619/22/3 661/22/3
f 663/21/3 620/21/3 619/21/3
f 663/22/3 619/22/3 662/22/3
f 664/45/3 622/45/3 621/45/3
f 664/21/3 620/21/3 663/21/3
f 664/45/3 621/45/3 620/45/3
f 665/45/3 622/45/3 664/45/3
f 666/34/3 625/34/3 624/34/3
f 666/45/3 622/45/3 665/45/3
f 666/34/3 623/34/3 622/34/3
f 666/34/3 624/34/3 623/34/3
f 667/34/3 625/34/3 666/34/3
f 668/32/3 626/32/3 625/32/3
f 668/34/3 625/34/3 667/34/3
f 669/34/3 627/34/3 626/34/3
f 669/32/3 626/32/3 668/32/3
f 669/34/3 628/34/3 627/34/3
f 670/2/3 630/2/3 629/2/3
f 671/35/3 182/35/3 630/35/3
f 671/2/3 630/2/3 670/2/3
f 672/34/3 640/34/3 639/34/3
f 672/36/3 638/36/3 637/36/3
f 672/36/3 639/36/3 638/36/3
f 673/34/3 640/34/3 672/34/3
f 674/45/3 641/45/3 640/45/3
f 674/34/3 640/34/3 673/34/3
f 674/45/3 643/45/3 642/45/3
f 674/45/3 642/45/3 641/45/3
f 675/45/3 643/45/3 674/45/3
f 676/45/3 643/45/3 675/45/3
f 677/22/3 644/22/3 643/22/3
f 677/45/3 643/45/3 676/45/3
f 678/21/3 646/21/3 645/21/3
f 678/22/3 644/22/3 677/22/3
f 678/21/3 645/21/3 644/21/3
f 679/45/3 648/45/3 647/45/3
f 679/21/3 646/21/3 678/21/3
f 679/45/3 647/45/3 646/45/3
f 680/45/3 648/45/3 679/45/3
f 681/22/3 650/22/3 649/22/3
f 681/45/3 648/45/3 680/45/3
f 681/22/3 649/22/3 648/22/3
f 682/22/3 650/22/3 681/22/3
f 683/45/3 651/45/3 650/45/3
f 683/22/3 650/22/3 682/22/3
f 684/45/3 651/45/3 683/45/3
f 685/45/3 605/45/3 651/45/3
f 685/45/3 651/45/3 684/45/3
f 686/25/3 652/25/3 608/25/3
f 687/26/3 653/26/3 652/26/3
f 687/25/3 652/25/3 686/25/3
f 687/26/3 655/26/3 654/26/3
f 687/26/3 654/26/3 653/26/3
f 688/25/3 657/25/3 656/25/3
f 688/26/3 655/26/3 687/26/3
f 688/25/3 656/25/3 655/25/3
f 689/25/3 657/25/3 688/25/3
f 690/45/3 659/45/3 658/45/3
f 690/45/3 658/45/3 657/45/3
f 691/45/3 659/45/3 690/45/3
f 692/34/3 660/34/3 659/34/3
f 692/45/3 659/45/3 691/45/3
f 692/34/3 661/34/3 660/34/3
f 693/34/3 661/34/3 692/34/3
f 694/45/3 662/45/3 661/45/3
f 694/34/3 661/34/3 693/34/3
f 695/22/3 665/22/3 664/22/3
f 695/45/3 662/45/3 694/45/3
f 695/22/3 663/22/3 662/22/3
f 695/22/3 664/22/3 663/22/3
f 696/22/3 665/22/3 695/22/3
f 697/45/3 667/45/3 666/45/3
f 697/22/3 665/22/3 696/22/3
f 697/45/3 666/45/3 665/45/3
f 698/45/3 667/45/3 697/45/3
f 699/34/3 668/34/3 667/34/3
f 699/45/3 667/45/3 698/45/3
f 699/34/3 669/34/3 668/34/3
f 700/34/3 628/34/3 669/34/3
f 700/34/3 669/34/3 699/34/3
f 701/35/3 633/35/3 632/35/3
f 702/35/3 633/35/3 701/35/3
f 703/33/3 104/33/3 634/33/3
f 703/5/3 634/5/3 633/5/3
f 704/35/3 553/35/3 104/35/3
f 704/33/3 104/33/3 703/33/3
f 705/36/3 636/36/3 635/36/3
f 705/32/3 635/32/3 553/32/3
f 706/2/3 637/2/3 636/2/3
f 706/36/3 636/36/3 705/36/3
f 707/36/3 673/36/3 672/36/3
f 707/2/3 637/2/3 706/2/3
f 707/36/3 672/36/3 637/36/3
f 708/36/3 673/36/3 707/36/3
f 709/34/3 674/34/3 673/34/3
f 709/36/3 673/36/3 708/36/3
f 709/34/3 675/34/3 674/34/3
f 710/45/3 676/45/3 675/45/3
f 710/34/3 675/34/3 709/34/3
f 711/22/3 677/22/3 676/22/3
f 711/21/3 678/21/3 677/21/3
f 712/45/3 680/45/3 679/45/3
f 712/21/3 678/21/3 711/21/3
f 712/45/3 679/45/3 678/45/3
f 713/45/3 680/45/3 712/45/3
f 714/45/3 680/45/3 713/45/3
f 715/22/3 682/22/3 681/22/3
f 715/45/3 680/45/3 714/45/3
f 715/22/3 681/22/3 680/22/3
f 716/22/3 682/22/3 715/22/3
f 717/45/3 684/45/3 683/45/3
f 717/22/3 682/22/3 716/22/3
f 717/45/3 683/45/3 682/45/3
f 718/45/3 684/45/3 717/45/3
f 719/34/3 685/34/3 684/34/3
f 719/45/3 684/45/3 718/45/3
f 720/34/3 685/34/3 719/34/3
f 721/45/3 605/45/3 685/45/3
f 721/34/3 685/34/3 720/34/3
f 722/25/3 686/25/3 608/25/3
f 723/26/3 689/26/3 688/26/3
f 723/25/3 686/25/3 722/25/3
f 723/26/3 687/26/3 686/26/3
f 723/26/3 688/26/3 687/26/3
f 724/45/3 693/45/3 692/45/3
f 724/45/3 692/45/3 691/45/3
f 724/25/3 691/25/3 690/25/3
f 725/45/3 693/45/3 724/45/3
f 726/34/3 694/34/3 693/34/3
f 726/45/3 693/45/3 725/45/3
f 726/34/3 695/34/3 694/34/3
f 727/34/3 695/34/3 726/34/3
f 728/45/3 696/45/3 695/45/3
f 728/34/3 695/34/3 727/34/3
f 729/45/3 696/45/3 728/45/3
f 730/22/3 698/22/3 697/22/3
f 730/45/3 696/45/3 729/45/3
f 730/22/3 697/22/3 696/22/3
f 731/22/3 698/22/3 730/22/3
f 732/45/3 699/45/3 698/45/3
f 732/22/3 698/22/3 731/22/3
f 732/45/3 700/45/3 699/45/3
f 733/45/3 700/45/3 732/45/3
f 734/45/3 700/45/3 733/45/3
f 735/34/3 628/34/3 700/34/3
f 735/45/3 700/45/3 734/45/3
f 736/34/3 251/34/3 590/34/3
f 736/34/3 628/34/3 735/34/3
f 736/34/3 590/34/3 628/34/3
f 737/2/3 670/2/3 629/2/3
f 737/32/3 629/32/3 100/32/3
f 738/35/3 671/35/3 670/35/3
f 738/2/3 670/2/3 737/2/3
f 739/32/3 705/32/3 553/32/3
f 739/2/3 706/2/3 705/2/3
f 739/2/3 708/2/3 707/2/3
f 739/2/3 707/2/3 706/2/3
f 740/2/3 708/2/3 739/2/3
f 741/36/3 709/36/3 708/36/3
f 741/2/3 708/2/3 740/2/3
f 741/36/3 710/36/3 709/36/3
f 742/22/3 711/22/3 676/22/3
f 742/20/3 712/20/3 711/20/3
f 743/45/3 713/45/3 712/45/3
f 743/20/3 712/20/3 742/20/3
f 744/34/3 714/34/3 713/34/3
f 744/45/3 713/45/3 743/45/3
f 745/34/3 714/34/3 744/34/3
f 746/45/3 715/45/3 714/45/3
f 747/21/3 716/21/3 715/21/3
f 747/45/3 715/45/3 746/45/3
f 748/45/3 717/45/3 716/45/3
f 748/45/3 718/45/3 717/45/3
f 749/34/3 720/34/3 719/34/3
f 749/45/3 718/45/3 748/45/3
f 749/34/3 719/34/3 718/34/3
f 750/45/3 605/45/3 721/45/3
f 750/45/3 721/45/3 720/45/3
f 751/26/3 606/26/3 605/26/3
f 751/45/3 605/45/3 750/45/3
f 752/25/3 657/25/3 689/25/3
f 752/45/3 690/45/3 657/45/3
f 753/25/3 725/25/3 724/25/3
f 753/45/3 690/45/3 752/45/3
f 753/25/3 724/25/3 690/25/3
f 754/25/3 725/25/3 753/25/3
f 755/25/3 725/25/3 754/25/3
f 756/45/3 727/45/3 726/45/3
f 756/25/3 725/25/3 755/25/3
f 756/45/3 726/45/3 725/45/3
f 757/45/3 727/45/3 756/45/3
f 758/34/3 729/34/3 728/34/3
f 758/34/3 728/34/3 727/34/3
f 759/45/3 731/45/3 730/45/3
f 759/34/3 729/34/3 758/34/3
f 759/45/3 730/45/3 729/45/3
f 760/22/3 733/22/3 732/22/3
f 760/45/3 731/45/3 759/45/3
f 760/22/3 732/22/3 731/22/3
f 761/22/3 733/22/3 760/22/3
f 762/22/3 733/22/3 761/22/3
f 763/21/3 734/21/3 733/21/3
f 763/22/3 733/22/3 762/22/3
f 764/45/3 735/45/3 734/45/3
f 764/21/3 734/21/3 763/21/3
f 764/45/3 736/45/3 735/45/3
f 765/34/3 251/34/3 736/34/3
f 765/45/3 736/45/3 764/45/3
f 766/32/3 101/32/3 251/32/3
f 766/34/3 251/34/3 765/34/3
f 767/32/3 737/32/3 100/32/3
f 767/35/3 738/35/3 737/35/3
f 768/35/3 182/35/3 671/35/3
f 768/35/3 738/35/3 767/35/3
f 768/35/3 671/35/3 738/35/3
f 769/5/3 632/5/3 631/5/3
f 769/35/3 631/35/3 183/35/3
f 770/35/3 701/35/3 632/35/3
f 770/5/3 632/5/3 769/5/3
f 771/5/3 702/5/3 701/5/3
f 771/35/3 701/35/3 770/35/3
f 772/35/3 633/35/3 702/35/3
f 773/5/3 703/5/3 633/5/3
f 773/35/3 633/35/3 772/35/3
f 774/32/3 704/32/3 703/32/3
f 774/5/3 703/5/3 773/5/3
f 775/21/3 743/21/3 742/21/3
f 775/45/3 745/45/3 744/45/3
f 775/45/3 744/45/3 743/45/3
f 776/45/3 745/45/3 775/45/3
f 777/34/3 714/34/3 745/34/3
f 777/45/3 745/45/3 776/45/3
f 778/45/3 746/45/3 714/45/3
f 778/34/3 714/34/3 777/34/3
f 779/21/3 747/21/3 746/21/3
f 779/45/3 746/45/3 778/45/3
f 780/21/3 716/21/3 747/21/3
f 780/21/3 747/21/3 779/21/3
f 781/45/3 748/45/3 716/45/3
f 781/21/3 716/21/3 780/21/3
f 782/34/3 720/34/3 749/34/3
f 782/34/3 749/34/3 748/34/3
f 783/45/3 750/45/3 720/45/3
f 783/34/3 720/34/3 782/34/3
f 784/26/3 689/26/3 723/26/3
f 784/26/3 723/26/3 722/26/3
f 785/26/3 689/26/3 784/26/3
f 786/26/3 755/26/3 754/26/3
f 786/45/3 754/45/3 753/45/3
f 787/25/3 756/25/3 755/25/3
f 787/26/3 755/26/3 786/26/3
f 787/25/3 757/25/3 756/25/3
f 788/25/3 757/25/3 787/25/3
f 789/34/3 758/34/3 727/34/3
f 789/45/3 727/45/3 757/45/3
f 790/45/3 760/45/3 759/45/3
f 790/34/3 758/34/3 789/34/3
f 790/45/3 761/45/3 760/45/3
f 790/45/3 759/45/3 758/45/3
f 791/45/3 761/45/3 790/45/3
f 792/45/3 761/45/3 791/45/3
f 793/22/3 762/22/3 761/22/3
f 793/45/3 761/45/3 792/45/3
f 794/45/3 764/45/3 763/45/3
f 794/22/3 762/22/3 793/22/3
f 794/45/3 763/45/3 762/45/3
f 794/45/3 766/45/3 765/45/3
f 794/45/3 765/45/3 764/45/3
f 795/45/3 766/45/3 794/45/3
f 796/45/3 766/45/3 795/45/3
f 797/45/3 766/45/3 796/45/3
f 798/45/3 766/45/3 797/45/3
f 799/32/3 101/32/3 766/32/3
f 799/45/3 766/45/3 798/45/3
f 800/32/3 767/32/3 100/32/3
f 800/2/3 768/2/3 767/2/3
f 801/35/3 182/35/3 768/35/3
f 801/2/3 768/2/3 800/2/3
f 802/35/3 770/35/3 769/35/3
f 802/5/3 771/5/3 770/5/3
f 803/5/3 702/5/3 771/5/3
f 803/5/3 771/5/3 802/5/3
f 803/35/3 772/35/3 702/35/3
f 804/5/3 773/5/3 772/5/3
f 804/35/3 772/35/3 803/35/3
f 805/32/3 774/32/3 773/32/3
f 805/5/3 773/5/3 804/5/3
f 806/32/3 740/32/3 739/32/3
f 806/32/3 739/32/3 553/32/3
f 807/36/3 741/36/3 740/36/3
f 807/32/3 740/32/3 806/32/3
f 808/36/3 710/36/3 741/36/3
f 808/36/3 741/36/3 807/36/3
f 809/36/3 710/36/3 808/36/3
f 810/45/3 676/45/3 710/45/3
f 810/36/3 710/36/3 809/36/3
f 811/22/3 742/22/3 676/22/3
f 811/45/3 676/45/3 810/45/3
f 812/21/3 775/21/3 742/21/3
f 812/22/3 742/22/3 811/22/3
f 812/21/3 776/21/3 775/21/3
f 813/21/3 776/21/3 812/21/3
f 814/45/3 779/45/3 778/45/3
f 814/21/3 776/21/3 813/21/3
f 814/45/3 778/45/3 777/45/3
f 814/45/3 777/45/3 776/45/3
f 815/45/3 779/45/3 814/45/3
f 816/45/3 748/45/3 781/45/3
f 816/45/3 781/45/3 780/45/3
f 817/34/3 782/34/3 748/34/3
f 817/45/3 748/45/3 816/45/3
f 818/45/3 750/45/3 783/45/3
f 818/45/3 783/45/3 782/45/3
f 819/26/3 751/26/3 750/26/3
f 819/45/3 750/45/3 818/45/3
f 820/25/3 722/25/3 608/25/3
f 820/26/3 784/26/3 722/26/3
f 821/25/3 785/25/3 784/25/3
f 821/26/3 784/26/3 820/26/3
f 822/26/3 689/26/3 785/26/3
f 822/25/3 785/25/3 821/25/3
f 823/25/3 752/25/3 689/25/3
f 823/26/3 689/26/3 822/26/3
f 823/25/3 753/25/3 752/25/3
f 824/25/3 753/25/3 823/25/3
f 825/28/3 787/28/3 786/28/3
f 825/45/3 786/45/3 753/45/3
f 825/28/3 788/28/3 787/28/3
f 826/25/3 757/25/3 788/25/3
f 826/28/3 788/28/3 825/28/3
f 827/45/3 791/45/3 790/45/3
f 827/25/3 757/25/3 826/25/3
f 827/45/3 789/45/3 757/45/3
f 827/45/3 790/45/3 789/45/3
f 828/45/3 791/45/3 827/45/3
f 829/45/3 793/45/3 792/45/3
f 829/45/3 794/45/3 793/45/3
f 830/45/3 794/45/3 829/45/3
f 831/45/3 794/45/3 830/45/3
f 832/22/3 795/22/3 794/22/3
f 832/45/3 794/45/3 831/45/3
f 833/32/3 800/32/3 100/32/3
f 833/35/3 801/35/3 800/35/3
f 834/35/3 801/35/3 833/35/3
f 835/35/3 802/35/3 769/35/3
f 835/35/3 805/35/3 804/35/3
f 835/35/3 769/35/3 183/35/3
f 835/35/3 804/35/3 803/35/3
f 835/35/3 803/35/3 802/35/3
f 836/32/3 774/32/3 805/32/3
f 836/35/3 805/35/3 835/35/3
f 837/32/3 704/32/3 774/32/3
f 837/32/3 774/32/3 836/32/3
f 838/2/3 807/2/3 806/2/3
f 838/32/3 806/32/3 553/32/3
f 838/2/3 808/2/3 807/2/3
f 839/2/3 808/2/3 838/2/3
f 840/2/3 808/2/3 839/2/3
f 841/2/3 808/2/3 840/2/3
f 842/22/3 813/22/3 812/22/3
f 842/45/3 812/45/3 811/45/3
f 843/21/3 815/21/3 814/21/3
f 843/22/3 813/22/3 842/22/3
f 843/21/3 814/21/3 813/21/3
f 844/21/3 815/21/3 843/21/3
f 845/45/3 779/45/3 815/45/3
f 845/21/3 815/21/3 844/21/3
f 846/45/3 779/45/3 845/45/3
f 847/20/3 780/20/3 779/20/3
f 847/45/3 779/45/3 846/45/3
f 848/45/3 816/45/3 780/45/3
f 848/20/3 780/20/3 847/20/3
f 849/25/3 820/25/3 608/25/3
f 849/28/3 608/28/3 607/28/3
f 850/24/3 821/24/3 820/24/3
f 850/25/3 820/25/3 849/25/3
f 850/24/3 822/24/3 821/24/3
f 850/24/3 824/24/3 823/24/3
f 850/24/3 823/24/3 822/24/3
f 851/25/3 753/25/3 824/25/3
f 851/24/3 824/24/3 850/24/3
f 852/45/3 825/45/3 753/45/3
f 852/25/3 753/25/3 851/25/3
f 853/26/3 826/26/3 825/26/3
f 853/25/3 828/25/3 827/25/3
f 853/26/3 827/26/3 826/26/3
f 854/25/3 828/25/3 853/25/3
f 855/22/3 792/22/3 791/22/3
f 856/45/3 829/45/3 792/45/3
f 856/22/3 792/22/3 855/22/3
f 857/45/3 829/45/3 856/45/3
f 858/22/3 830/22/3 829/22/3
f 858/45/3 829/45/3 857/45/3
f 859/22/3 832/22/3 831/22/3
f 860/22/3 795/22/3 832/22/3
f 860/22/3 832/22/3 859/22/3
f 860/45/3 796/45/3 795/45/3
f 861/22/3 797/22/3 796/22/3
f 862/45/3 798/45/3 797/45/3
f 862/22/3 797/22/3 861/22/3
f 863/2/3 834/2/3 833/2/3
f 863/32/3 833/32/3 100/32/3
f 864/2/3 834/2/3 863/2/3
f 865/2/3 834/2/3 864/2/3
f 866/35/3 801/35/3 834/35/3
f 866/2/3 834/2/3 865/2/3
f 867/35/3 182/35/3 801/35/3
f 867/35/3 801/35/3 866/35/3
f 868/35/3 835/35/3 183/35/3
f 868/5/3 836/5/3 835/5/3
f 868/5/3 837/5/3 836/5/3
f 869/5/3 837/5/3 868/5/3
f 870/5/3 837/5/3 869/5/3
f 871/5/3 837/5/3 870/5/3
f 872/36/3 839/36/3 838/36/3
f 872/32/3 838/32/3 553/32/3
f 873/36/3 839/36/3 872/36/3
f 874/36/3 839/36/3 873/36/3
f 875/34/3 809/34/3 808/34/3
f 875/36/3 810/36/3 809/36/3
f 876/36/3 810/36/3 875/36/3
f 877/45/3 844/45/3 843/45/3
f 877/45/3 842/45/3 811/45/3
f 877/45/3 843/45/3 842/45/3
f 877/34/3 811/34/3 810/34/3
f 878/45/3 844/45/3 877/45/3
f 879/20/3 845/20/3 844/20/3
f 879/45/3 844/45/3 878/45/3
f 880/45/3 846/45/3 845/45/3
f 880/20/3 845/20/3 879/20/3
f 881/22/3 847/22/3 846/22/3
f 881/45/3 846/45/3 880/45/3
f 882/21/3 848/21/3 847/21/3
f 882/22/3 847/22/3 881/22/3
f 883/45/3 816/45/3 848/45/3
f 883/21/3 848/21/3 882/21/3
f 884/34/3 817/34/3 816/34/3
f 884/45/3 816/45/3 883/45/3
f 885/34/3 782/34/3 817/34/3
f 885/34/3 817/34/3 884/34/3
f 886/26/3 819/26/3 818/26/3
f 886/45/3 818/45/3 782/45/3
f 887/26/3 606/26/3 751/26/3
f 887/26/3 819/26/3 886/26/3
f 887/26/3 751/26/3 819/26/3
f 887/27/3 607/27/3 606/27/3
f 888/28/3 849/28/3 607/28/3
f 888/27/3 607/27/3 887/27/3
f 889/45/3 791/45/3 828/45/3
f 889/22/3 855/22/3 791/22/3
f 890/45/3 857/45/3 856/45/3
f 890/22/3 855/22/3 889/22/3
f 890/45/3 856/45/3 855/45/3
f 891/45/3 857/45/3 890/45/3
f 892/45/3 857/45/3 891/45/3
f 893/45/3 857/45/3 892/45/3
f 894/22/3 858/22/3 857/22/3
f 894/45/3 857/45/3 893/45/3
f 895/22/3 830/22/3 858/22/3
f 895/22/3 858/22/3 894/22/3
f 896/45/3 831/45/3 830/45/3
f 896/22/3 830/22/3 895/22/3
f 897/36/3 839/36/3 874/36/3
f 897/34/3 874/34/3 873/34/3
f 898/36/3 839/36/3 897/36/3
f 899/2/3 840/2/3 839/2/3
f 899/36/3 839/36/3 898/36/3
f 900/36/3 841/36/3 840/36/3
f 900/2/3 840/2/3 899/2/3
f 901/2/3 808/2/3 841/2/3
f 901/36/3 841/36/3 900/36/3
f 902/34/3 876/34/3 875/34/3
f 902/2/3 808/2/3 901/2/3
f 902/34/3 875/34/3 808/34/3
f 903/34/3 876/34/3 902/34/3
f 904/34/3 876/34/3 903/34/3
f 905/36/3 810/36/3 876/36/3
f 905/34/3 876/34/3 904/34/3
f 906/34/3 878/34/3 877/34/3
f 906/36/3 810/36/3 905/36/3
f 906/34/3 877/34/3 810/34/3
f 907/45/3 879/45/3 878/45/3
f 907/22/3 880/22/3 879/22/3
f 908/45/3 882/45/3 881/45/3
f 908/22/3 880/22/3 907/22/3
f 908/45/3 881/45/3 880/45/3
f 909/45/3 882/45/3 908/45/3
f 910/45/3 884/45/3 883/45/3
f 910/22/3 883/22/3 882/22/3
f 910/45/3 885/45/3 884/45/3
f 911/45/3 885/45/3 910/45/3
f 912/28/3 887/28/3 886/28/3
f 912/45/3 886/45/3 782/45/3
f 912/28/3 888/28/3 887/28/3
f 913/28/3 888/28/3 912/28/3
f 914/28/3 888/28/3 913/28/3
f 915/28/3 849/28/3 888/28/3
f 915/28/3 888/28/3 914/28/3
f 916/24/3 851/24/3 850/24/3
f 916/24/3 850/24/3 849/24/3
f 917/24/3 851/24/3 916/24/3
f 918/26/3 853/26/3 825/26/3
f 918/26/3 854/26/3 853/26/3
f 919/25/3 828/25/3 854/25/3
f 919/26/3 854/26/3 918/26/3
f 920/45/3 889/45/3 828/45/3
f 920/25/3 828/25/3 919/25/3
f 920/45/3 890/45/3 889/45/3
f 920/45/3 891/45/3 890/45/3
f 921/45/3 891/45/3 920/45/3
f 922/22/3 892/22/3 891/22/3
f 922/45/3 891/45/3 921/45/3
f 923/45/3 893/45/3 892/45/3
f 923/21/3 894/21/3 893/21/3
f 924/22/3 895/22/3 894/22/3
f 924/21/3 894/21/3 923/21/3
f 925/21/3 896/21/3 895/21/3
f 925/22/3 895/22/3 924/22/3
f 926/22/3 861/22/3 796/22/3
f 927/21/3 862/21/3 861/21/3
f 927/22/3 861/22/3 926/22/3
f 928/22/3 799/22/3 798/22/3
f 928/45/3 798/45/3 862/45/3
f 929/32/3 101/32/3 799/32/3
f 929/22/3 799/22/3 928/22/3
f 930/35/3 864/35/3 863/35/3
f 930/32/3 863/32/3 100/32/3
f 931/2/3 865/2/3 864/2/3
f 931/35/3 864/35/3 930/35/3
f 932/35/3 866/35/3 865/35/3
f 932/2/3 865/2/3 931/2/3
f 933/2/3 867/2/3 866/2/3
f 933/35/3 866/35/3 932/35/3
f 934/35/3 182/35/3 867/35/3
f 934/2/3 867/2/3 933/2/3
f 935/35/3 869/35/3 868/35/3
f 936/5/3 870/5/3 869/5/3
f 936/35/3 869/35/3 935/35/3
f 937/32/3 873/32/3 872/32/3
f 937/32/3 872/32/3 553/32/3
f 938/34/3 897/34/3 873/34/3
f 938/32/3 873/32/3 937/32/3
f 938/34/3 898/34/3 897/34/3
f 939/36/3 900/36/3 899/36/3
f 939/2/3 901/2/3 900/2/3
f 939/36/3 899/36/3 898/36/3
f 940/36/3 902/36/3 901/36/3
f 940/2/3 901/2/3 939/2/3
f 941/34/3 903/34/3 902/34/3
f 941/36/3 902/36/3 940/36/3
f 942/36/3 904/36/3 903/36/3
f 942/34/3 903/34/3 941/34/3
f 943/34/3 905/34/3 904/34/3
f 943/34/3 878/34/3 906/34/3
f 943/45/3 908/45/3 907/45/3
f 943/45/3 907/45/3 878/45/3
f 943/34/3 906/34/3 905/34/3
f 944/45/3 908/45/3 943/45/3
f 945/22/3 909/22/3 908/22/3
f 945/45/3 908/45/3 944/45/3
f 946/45/3 882/45/3 909/45/3
f 946/22/3 909/22/3 945/22/3
f 947/21/3 911/21/3 910/21/3
f 947/22/3 910/22/3 882/22/3
f 948/45/3 885/45/3 911/45/3
f 948/21/3 911/21/3 947/21/3
f 949/34/3 782/34/3 885/34/3
f 949/45/3 885/45/3 948/45/3
f 950/34/3 782/34/3 949/34/3
f 951/24/3 916/24/3 849/24/3
f 952/23/3 917/23/3 916/23/3
f 952/24/3 916/24/3 951/24/3
f 953/24/3 851/24/3 917/24/3
f 953/23/3 917/23/3 952/23/3
f 954/45/3 921/45/3 920/45/3
f 955/21/3 922/21/3 921/21/3
f 955/45/3 921/45/3 954/45/3
f 956/22/3 892/22/3 922/22/3
f 956/21/3 922/21/3 955/21/3
f 957/22/3 926/22/3 796/22/3
f 957/45/3 796/45/3 860/45/3
f 958/21/3 927/21/3 926/21/3
f 958/22/3 926/22/3 957/22/3
f 959/2/3 933/2/3 932/2/3
f 959/32/3 930/32/3 100/32/3
f 959/2/3 931/2/3 930/2/3
f 959/2/3 932/2/3 931/2/3
f 960/35/3 934/35/3 933/35/3
f 960/2/3 933/2/3 959/2/3
f 961/35/3 935/35/3 868/35/3
f 961/35/3 868/35/3 183/35/3
f 962/5/3 936/5/3 935/5/3
f 962/35/3 935/35/3 961/35/3
f 963/5/3 870/5/3 936/5/3
f 963/5/3 936/5/3 962/5/3
f 964/35/3 871/35/3 870/35/3
f 964/5/3 870/5/3 963/5/3
f 965/5/3 837/5/3 871/5/3
f 965/35/3 871/35/3 964/35/3
f 966/32/3 704/32/3 837/32/3
f 966/5/3 837/5/3 965/5/3
f 967/34/3 938/34/3 937/34/3
f 967/32/3 937/32/3 553/32/3
f 968/34/3 898/34/3 938/34/3
f 968/34/3 938/34/3 967/34/3
f 968/36/3 940/36/3 939/36/3
f 968/36/3 941/36/3 940/36/3
f 968/36/3 942/36/3 941/36/3
f 968/36/3 939/36/3 898/36/3
f 969/45/3 945/45/3 944/45/3
f 969/34/3 944/34/3 943/34/3
f 969/45/3 946/45/3 945/45/3
f 970/45/3 946/45/3 969/45/3
f 971/45/3 949/45/3 948/45/3
f 971/45/3 950/45/3 949/45/3
f 971/22/3 948/22/3 947/22/3
f 972/45/3 950/45/3 971/45/3
f 973/34/3 782/34/3 950/34/3
f 973/45/3 950/45/3 972/45/3
f 974/45/3 912/45/3 782/45/3
f 974/34/3 782/34/3 973/34/3
f 975/24/3 951/24/3 849/24/3
f 976/23/3 952/23/3 951/23/3
f 976/24/3 951/24/3 975/24/3
f 977/45/3 953/45/3 952/45/3
f 977/23/3 952/23/3 976/23/3
f 978/45/3 953/45/3 977/45/3
f 979/45/3 953/45/3 978/45/3
f 980/26/3 918/26/3 825/26/3
f 981/25/3 919/25/3 918/25/3
f 981/26/3 918/26/3 980/26/3
f 982/22/3 955/22/3 954/22/3
f 982/22/3 956/22/3 955/22/3
f 983/45/3 923/45/3 892/45/3
f 983/22/3 956/22/3 982/22/3
f 983/22/3 892/22/3 956/22/3
f 984/45/3 831/45/3 896/45/3
f 984/22/3 859/22/3 831/22/3
f 985/21/3 860/21/3 859/21/3
f 985/22/3 859/22/3 984/22/3
f 986/32/3 959/32/3 100/32/3
f 986/35/3 960/35/3 959/35/3
f 987/35/3 182/35/3 934/35/3
f 987/35/3 960/35/3 986/35/3
f 987/35/3 934/35/3 960/35/3
f 988/5/3 962/5/3 961/5/3
f 988/5/3 963/5/3 962/5/3
f 988/35/3 961/35/3 183/35/3
f 989/35/3 964/35/3 963/35/3
f 989/5/3 963/5/3 988/5/3
f 990/5/3 965/5/3 964/5/3
f 990/35/3 964/35/3 989/35/3
f 991/32/3 966/32/3 965/32/3
f 991/5/3 965/5/3 990/5/3
f 992/34/3 943/34/3 904/34/3
f 992/34/3 970/34/3 969/34/3
f 992/34/3 969/34/3 943/34/3
f 993/34/3 970/34/3 992/34/3
f 994/22/3 947/22/3 882/22/3
f 994/45/3 882/45/3 946/45/3
f 994/45/3 946/45/3 970/45/3
f 994/22/3 971/22/3 947/22/3
f 995/22/3 971/22/3 994/22/3
f 996/20/3 972/20/3 971/20/3
f 996/22/3 971/22/3 995/22/3
f 997/45/3 974/45/3 973/45/3
f 997/20/3 972/20/3 996/20/3
f 997/45/3 973/45/3 972/45/3
f 998/45/3 974/45/3 997/45/3
f 999/31/3 979/31/3 978/31/3
f 999/45/3 977/45/3 976/45/3
f 999/45/3 978/45/3 977/45/3
f 1000/45/3 953/45/3 979/45/3
f 1000/31/3 979/31/3 999/31/3
f 1001/24/3 851/24/3 953/24/3
f 1001/45/3 953/45/3 1000/45/3
f 1002/24/3 851/24/3 1001/24/3
f 1003/26/3 980/26/3 825/26/3
f 1004/25/3 981/25/3 980/25/3
f 1004/26/3 980/26/3 1003/26/3
f 1005/25/3 919/25/3 981/25/3
f 1005/25/3 981/25/3 1004/25/3
f 1006/23/3 920/23/3 919/23/3
f 1006/25/3 919/25/3 1005/25/3
f 1007/45/3 923/45/3 983/45/3
f 1007/22/3 924/22/3 923/22/3
f 1008/21/3 925/21/3 924/21/3
f 1008/22/3 924/22/3 1007/22/3
f 1009/21/3 896/21/3 925/21/3
f 1009/21/3 925/21/3 1008/21/3
f 1009/45/3 984/45/3 896/45/3
f 1010/21/3 985/21/3 984/21/3
f 1010/45/3 984/45/3 1009/45/3
f 1011/45/3 957/45/3 860/45/3
f 1011/21/3 985/21/3 1010/21/3
f 1011/21/3 860/21/3 985/21/3
f 1012/21/3 958/21/3 957/21/3
f 1012/45/3 957/45/3 1011/45/3
f 1013/21/3 927/21/3 958/21/3
f 1013/21/3 958/21/3 1012/21/3
f 1013/45/3 928/45/3 862/45/3
f 1013/21/3 862/21/3 927/21/3
f 1014/21/3 929/21/3 928/21/3
f 1014/45/3 928/45/3 1013/45/3
f 1015/32/3 101/32/3 929/32/3
f 1015/21/3 929/21/3 1014/21/3
f 1016/2/3 987/2/3 986/2/3
f 1016/32/3 986/32/3 100/32/3
f 1017/2/3 987/2/3 1016/2/3
f 1018/2/3 987/2/3 1017/2/3
f 1019/35/3 182/35/3 987/35/3
f 1019/2/3 987/2/3 1018/2/3
f 1020/36/3 904/36/3 942/36/3
f 1020/36/3 942/36/3 968/36/3
f 1020/36/3 968/36/3 967/36/3
f 1020/34/3 992/34/3 904/34/3
f 1021/34/3 992/34/3 1020/34/3
f 1022/34/3 992/34/3 1021/34/3
f 1023/34/3 992/34/3 1022/34/3
f 1024/34/3 970/34/3 993/34/3
f 1024/36/3 993/36/3 992/36/3
f 1025/45/3 994/45/3 970/45/3
f 1025/34/3 970/34/3 1024/34/3
f 1025/45/3 995/45/3 994/45/3
f 1026/45/3 995/45/3 1025/45/3
f 1027/22/3 996/22/3 995/22/3
f 1027/45/3 995/45/3 1026/45/3
f 1027/22/3 997/22/3 996/22/3
f 1028/21/3 998/21/3 997/21/3
f 1028/22/3 997/22/3 1027/22/3
f 1029/45/3 974/45/3 998/45/3
f 1029/21/3 998/21/3 1028/21/3
f 1030/45/3 912/45/3 974/45/3
f 1030/45/3 974/45/3 1029/45/3
f 1031/45/3 999/45/3 976/45/3
f 1032/18/3 1000/18/3 999/18/3
f 1032/45/3 999/45/3 1031/45/3
f 1033/18/3 1000/18/3 1032/18/3
f 1034/18/3 1000/18/3 1033/18/3
f 1035/18/3 1000/18/3 1034/18/3
f 1036/18/3 1000/18/3 1035/18/3
f 1037/45/3 1001/45/3 1000/45/3
f 1037/18/3 1000/18/3 1036/18/3
f 1037/45/3 1002/45/3 1001/45/3
f 1038/45/3 1002/45/3 1037/45/3
f 1039/45/3 825/45/3 852/45/3
f 1039/26/3 1003/26/3 825/26/3
f 1040/25/3 1004/25/3 1003/25/3
f 1040/26/3 1003/26/3 1039/26/3
f 1040/25/3 1005/25/3 1004/25/3
f 1041/25/3 1005/25/3 1040/25/3
f 1042/24/3 1006/24/3 1005/24/3
f 1042/25/3 1005/25/3 1041/25/3
f 1043/22/3 982/22/3 954/22/3
f 1043/45/3 954/45/3 920/45/3
f 1044/21/3 983/21/3 982/21/3
f 1044/22/3 982/22/3 1043/22/3
f 1045/21/3 983/21/3 1044/21/3
f 1046/45/3 1007/45/3 983/45/3
f 1046/21/3 983/21/3 1045/21/3
f 1047/19/3 1009/19/3 1008/19/3
f 1047/45/3 1007/45/3 1046/45/3
f 1047/19/3 1008/19/3 1007/19/3
f 1048/45/3 1010/45/3 1009/45/3
f 1048/19/3 1009/19/3 1047/19/3
f 1049/19/3 1011/19/3 1010/19/3
f 1049/45/3 1010/45/3 1048/45/3
f 1050/45/3 1012/45/3 1011/45/3
f 1050/19/3 1011/19/3 1049/19/3
f 1051/19/3 1013/19/3 1012/19/3
f 1051/45/3 1012/45/3 1050/45/3
f 1052/45/3 1014/45/3 1013/45/3
f 1052/19/3 1013/19/3 1051/19/3
f 1053/19/3 1015/19/3 1014/19/3
f 1053/45/3 1014/45/3 1052/45/3
f 1054/32/3 101/32/3 1015/32/3
f 1054/19/3 1015/19/3 1053/19/3
f 1055/35/3 1017/35/3 1016/35/3
f 1056/2/3 1018/2/3 1017/2/3
f 1056/35/3 1017/35/3 1055/35/3
f 1057/35/3 1019/35/3 1018/35/3
f 1057/2/3 1018/2/3 1056/2/3
f 1058/35/3 989/35/3 988/35/3
f 1058/35/3 991/35/3 990/35/3
f 1058/35/3 990/35/3 989/35/3
f 1058/35/3 988/35/3 183/35/3
f 1059/32/3 966/32/3 991/32/3
f 1059/35/3 991/35/3 1058/35/3
f 1060/22/3 1029/22/3 1028/22/3
f 1060/21/3 1030/21/3 1029/21/3
f 1061/45/3 912/45/3 1030/45/3
f 1061/21/3 1030/21/3 1060/21/3
f 1062/18/3 1033/18/3 1032/18/3
f 1063/17/3 1034/17/3 1033/17/3
f 1063/18/3 1033/18/3 1062/18/3
f 1064/18/3 1035/18/3 1034/18/3
f 1064/17/3 1034/17/3 1063/17/3
f 1065/17/3 1036/17/3 1035/17/3
f 1065/18/3 1035/18/3 1064/18/3
f 1066/18/3 1037/18/3 1036/18/3
f 1066/17/3 1036/17/3 1065/17/3
f 1067/18/3 1037/18/3 1066/18/3
f 1068/45/3 1039/45/3 852/45/3
f 1068/25/3 1040/25/3 1039/25/3
f 1068/25/3 1041/25/3 1040/25/3
f 1069/23/3 1042/23/3 1041/23/3
f 1069/25/3 1041/25/3 1068/25/3
f 1070/21/3 1044/21/3 1043/21/3
f 1070/21/3 1045/21/3 1044/21/3
f 1071/19/3 1046/19/3 1045/19/3
f 1071/21/3 1045/21/3 1070/21/3
f 1072/45/3 1049/45/3 1048/45/3
f 1072/45/3 1048/45/3 1047/45/3
f 1072/45/3 1050/45/3 1049/45/3
f 1072/45/3 1054/45/3 1053/45/3
f 1072/45/3 1047/45/3 1046/45/3
f 1072/45/3 1051/45/3 1050/45/3
f 1072/45/3 1053/45/3 1052/45/3
f 1072/45/3 1052/45/3 1051/45/3
f 1073/32/3 101/32/3 1054/32/3
f 1073/45/3 1054/45/3 1072/45/3
f 1074/2/3 1056/2/3 1055/2/3
f 1074/35/3 1055/35/3 1016/35/3
f 1075/35/3 1057/35/3 1056/35/3
f 1075/2/3 1056/2/3 1074/2/3
f 1076/35/3 1019/35/3 1057/35/3
f 1076/35/3 1057/35/3 1075/35/3
f 1077/35/3 1058/35/3 183/35/3
f 1077/5/3 1059/5/3 1058/5/3
f 1078/5/3 1059/5/3 1077/5/3
f 1079/5/3 1059/5/3 1078/5/3
f 1080/32/3 966/32/3 1059/32/3
f 1080/5/3 1059/5/3 1079/5/3
f 1081/32/3 704/32/3 966/32/3
f 1081/32/3 966/32/3 1080/32/3
f 1082/40/3 1021/40/3 1020/40/3
f 1082/36/3 1020/36/3 967/36/3
f 1083/34/3 1022/34/3 1021/34/3
f 1083/40/3 1021/40/3 1082/40/3
f 1084/36/3 1023/36/3 1022/36/3
f 1084/34/3 1022/34/3 1083/34/3
f 1085/22/3 1027/22/3 1026/22/3
f 1086/45/3 1028/45/3 1027/45/3
f 1086/22/3 1027/22/3 1085/22/3
f 1087/45/3 1028/45/3 1086/45/3
f 1088/22/3 1060/22/3 1028/22/3
f 1088/45/3 1028/45/3 1087/45/3
f 1088/22/3 1061/22/3 1060/22/3
f 1089/45/3 912/45/3 1061/45/3
f 1089/22/3 1061/22/3 1088/22/3
f 1090/24/3 975/24/3 849/24/3
f 1091/23/3 976/23/3 975/23/3
f 1091/24/3 975/24/3 1090/24/3
f 1092/45/3 1031/45/3 976/45/3
f 1092/23/3 976/23/3 1091/23/3
f 1093/17/3 1067/17/3 1066/17/3
f 1093/17/3 1065/17/3 1064/17/3
f 1093/17/3 1066/17/3 1065/17/3
f 1093/17/3 1064/17/3 1063/17/3
f 1093/17/3 1063/17/3 1062/17/3
f 1094/17/3 1067/17/3 1093/17/3
f 1095/18/3 1037/18/3 1067/18/3
f 1095/17/3 1067/17/3 1094/17/3
f 1096/18/3 1037/18/3 1095/18/3
f 1097/21/3 1070/21/3 1043/21/3
f 1097/45/3 1043/45/3 920/45/3
f 1098/19/3 1071/19/3 1070/19/3
f 1098/21/3 1070/21/3 1097/21/3
f 1099/19/3 1046/19/3 1071/19/3
f 1099/19/3 1071/19/3 1098/19/3
f 1100/45/3 1072/45/3 1046/45/3
f 1100/19/3 1046/19/3 1099/19/3
f 1101/34/3 1073/34/3 1072/34/3
f 1101/45/3 1072/45/3 1100/45/3
f 1102/34/3 1073/34/3 1101/34/3
f 1103/34/3 1073/34/3 1102/34/3
f 1104/34/3 1073/34/3 1103/34/3
f 1105/34/3 1073/34/3 1104/34/3
f 1106/34/3 1073/34/3 1105/34/3
f 1107/34/3 1073/34/3 1106/34/3
f 1108/34/3 1073/34/3 1107/34/3
f 1109/35/3 1075/35/3 1074/35/3
f 1109/32/3 1016/32/3 100/32/3
f 1109/35/3 1074/35/3 1016/35/3
f 1110/2/3 1076/2/3 1075/2/3
f 1110/35/3 1075/35/3 1109/35/3
f 1111/35/3 1019/35/3 1076/35/3
f 1111/2/3 1076/2/3 1110/2/3
f 1112/35/3 182/35/3 1019/35/3
f 1112/35/3 1019/35/3 1111/35/3
f 1113/36/3 1082/36/3 967/36/3
f 1114/36/3 1082/36/3 1113/36/3
f 1115/34/3 992/34/3 1023/34/3
f 1115/36/3 1084/36/3 1083/36/3
f 1115/36/3 1023/36/3 1084/36/3
f 1116/34/3 992/34/3 1115/34/3
f 1117/45/3 1087/45/3 1086/45/3
f 1117/34/3 1088/34/3 1087/34/3
f 1118/45/3 1089/45/3 1088/45/3
f 1118/34/3 1088/34/3 1117/34/3
f 1119/45/3 912/45/3 1089/45/3
f 1119/45/3 1089/45/3 1118/45/3
f 1120/17/3 1093/17/3 1062/17/3
f 1121/5/3 1094/5/3 1093/5/3
f 1121/17/3 1093/17/3 1120/17/3
f 1122/17/3 1096/17/3 1095/17/3
f 1122/5/3 1094/5/3 1121/5/3
f 1122/17/3 1095/17/3 1094/17/3
f 1123/17/3 1096/17/3 1122/17/3
f 1124/19/3 1098/19/3 1097/19/3
f 1124/19/3 1099/19/3 1098/19/3
f 1124/45/3 1097/45/3 920/45/3
f 1125/45/3 1100/45/3 1099/45/3
f 1125/19/3 1099/19/3 1124/19/3
f 1126/34/3 1101/34/3 1100/34/3
f 1126/45/3 1100/45/3 1125/45/3
f 1126/34/3 1102/34/3 1101/34/3
f 1127/34/3 1102/34/3 1126/34/3
f 1128/32/3 1103/32/3 1102/32/3
f 1128/34/3 1102/34/3 1127/34/3
f 1129/34/3 1104/34/3 1103/34/3
f 1129/32/3 1103/32/3 1128/32/3
f 1130/32/3 1105/32/3 1104/32/3
f 1130/34/3 1104/34/3 1129/34/3
f 1131/34/3 1106/34/3 1105/34/3
f 1131/32/3 1105/32/3 1130/32/3
f 1132/32/3 1107/32/3 1106/32/3
f 1132/34/3 1106/34/3 1131/34/3
f 1133/32/3 1107/32/3 1132/32/3
f 1134/29/3 1108/29/3 1107/29/3
f 1134/32/3 1107/32/3 1133/32/3
f 1135/2/3 1111/2/3 1110/2/3
f 1135/2/3 1110/2/3 1109/2/3
f 1135/32/3 1109/32/3 100/32/3
f 1135/2/3 1112/2/3 1111/2/3
f 1136/35/3 182/35/3 1112/35/3
f 1136/2/3 1112/2/3 1135/2/3
f 1137/36/3 1113/36/3 967/36/3
f 1138/36/3 1113/36/3 1137/36/3
f 1139/36/3 1082/36/3 1114/36/3
f 1139/34/3 1114/34/3 1113/34/3
f 1140/36/3 1082/36/3 1139/36/3
f 1141/34/3 1083/34/3 1082/34/3
f 1141/36/3 1116/36/3 1115/36/3
f 1141/36/3 1115/36/3 1083/36/3
f 1142/36/3 1116/36/3 1141/36/3
f 1143/36/3 1024/36/3 992/36/3
f 1143/36/3 1025/36/3 1024/36/3
f 1144/45/3 1026/45/3 1025/45/3
f 1144/36/3 1025/36/3 1143/36/3
f 1145/22/3 1085/22/3 1026/22/3
f 1145/45/3 1026/45/3 1144/45/3
f 1146/21/3 1086/21/3 1085/21/3
f 1146/22/3 1085/22/3 1145/22/3
f 1147/45/3 1117/45/3 1086/45/3
f 1147/21/3 1086/21/3 1146/21/3
f 1147/45/3 1118/45/3 1117/45/3
f 1148/45/3 1118/45/3 1147/45/3
f 1149/34/3 1119/34/3 1118/34/3
f 1149/45/3 1118/45/3 1148/45/3
f 1150/45/3 912/45/3 1119/45/3
f 1150/34/3 1119/34/3 1149/34/3
f 1151/17/3 1120/17/3 1062/17/3
f 1152/5/3 1123/5/3 1122/5/3
f 1152/17/3 1120/17/3 1151/17/3
f 1152/5/3 1121/5/3 1120/5/3
f 1152/5/3 1122/5/3 1121/5/3
f 1153/17/3 1096/17/3 1123/17/3
f 1153/5/3 1123/5/3 1152/5/3
f 1154/17/3 1096/17/3 1153/17/3
f 1155/23/3 1042/23/3 1069/23/3
f 1155/24/3 1069/24/3 1068/24/3
f 1156/24/3 1006/24/3 1042/24/3
f 1156/23/3 1042/23/3 1155/23/3
f 1157/45/3 1125/45/3 1124/45/3
f 1158/34/3 1127/34/3 1126/34/3
f 1158/45/3 1125/45/3 1157/45/3
f 1158/34/3 1126/34/3 1125/34/3
f 1159/34/3 1127/34/3 1158/34/3
f 1160/34/3 1127/34/3 1159/34/3
f 1161/32/3 1133/32/3 1132/32/3
f 1161/34/3 1127/34/3 1160/34/3
f 1161/32/3 1131/32/3 1130/32/3
f 1161/32/3 1132/32/3 1131/32/3
f 1161/32/3 1128/32/3 1127/32/3
f 1161/32/3 1129/32/3 1128/32/3
f 1161/32/3 1130/32/3 1129/32/3
f 1162/32/3 1133/32/3 1161/32/3
f 1163/32/3 1133/32/3 1162/32/3
f 1164/29/3 1108/29/3 1134/29/3
f 1164/29/3 1134/29/3 1133/29/3
f 1165/34/3 1073/34/3 1108/34/3
f 1165/29/3 1108/29/3 1164/29/3
f 1166/34/3 1073/34/3 1165/34/3
f 1167/32/3 101/32/3 1073/32/3
f 1167/34/3 1073/34/3 1166/34/3
f 1168/32/3 1135/32/3 100/32/3
f 1168/35/3 1136/35/3 1135/35/3
f 1169/35/3 182/35/3 1136/35/3
f 1169/35/3 1136/35/3 1168/35/3
f 1170/35/3 1078/35/3 1077/35/3
f 1170/35/3 1077/35/3 183/35/3
f 1171/5/3 1079/5/3 1078/5/3
f 1171/35/3 1078/35/3 1170/35/3
f 1172/35/3 1080/35/3 1079/35/3
f 1172/5/3 1079/5/3 1171/5/3
f 1173/5/3 1081/5/3 1080/5/3
f 1173/35/3 1080/35/3 1172/35/3
f 1174/32/3 704/32/3 1081/32/3
f 1174/5/3 1081/5/3 1173/5/3
f 1175/32/3 967/32/3 553/32/3
f 1175/35/3 553/35/3 704/35/3
f 1176/36/3 1137/36/3 967/36/3
f 1176/32/3 967/32/3 1175/32/3
f 1177/34/3 1138/34/3 1137/34/3
f 1177/36/3 1137/36/3 1176/36/3
f 1178/36/3 1113/36/3 1138/36/3
f 1178/34/3 1138/34/3 1177/34/3
f 1179/36/3 1113/36/3 1178/36/3
f 1180/34/3 1140/34/3 1139/34/3
f 1180/36/3 1113/36/3 1179/36/3
f 1180/34/3 1139/34/3 1113/34/3
f 1181/34/3 1140/34/3 1180/34/3
f 1182/36/3 1082/36/3 1140/36/3
f 1182/34/3 1140/34/3 1181/34/3
f 1183/36/3 1082/36/3 1182/36/3
f 1184/34/3 992/34/3 1116/34/3
f 1184/36/3 1116/36/3 1142/36/3
f 1185/36/3 1143/36/3 992/36/3
f 1185/34/3 992/34/3 1184/34/3
f 1186/45/3 1145/45/3 1144/45/3
f 1186/34/3 1144/34/3 1143/34/3
f 1186/45/3 1146/45/3 1145/45/3
f 1187/45/3 1146/45/3 1186/45/3
f 1188/21/3 1147/21/3 1146/21/3
f 1188/45/3 1146/45/3 1187/45/3
f 1188/21/3 1148/21/3 1147/21/3
f 1189/21/3 1148/21/3 1188/21/3
f 1190/45/3 1150/45/3 1149/45/3
f 1190/21/3 1148/21/3 1189/21/3
f 1190/45/3 1149/45/3 1148/45/3
f 1191/45/3 912/45/3 1150/45/3
f 1191/45/3 1150/45/3 1190/45/3
f 1192/17/3 1151/17/3 1062/17/3
f 1193/5/3 1152/5/3 1151/5/3
f 1193/17/3 1151/17/3 1192/17/3
f 1193/5/3 1154/5/3 1153/5/3
f 1193/5/3 1153/5/3 1152/5/3
f 1194/5/3 1154/5/3 1193/5/3
f 1195/5/3 1154/5/3 1194/5/3
f 1196/5/3 1154/5/3 1195/5/3
f 1197/17/3 1096/17/3 1154/17/3
f 1197/5/3 1154/5/3 1196/5/3
f 1198/17/3 1096/17/3 1197/17/3
f 1199/24/3 1155/24/3 1068/24/3
f 1199/24/3 1156/24/3 1155/24/3
f 1200/24/3 1006/24/3 1156/24/3
f 1200/24/3 1156/24/3 1199/24/3
f 1201/23/3 920/23/3 1006/23/3
f 1201/24/3 1006/24/3 1200/24/3
f 1202/45/3 1124/45/3 920/45/3
f 1202/23/3 920/23/3 1201/23/3
f 1202/45/3 1157/45/3 1124/45/3
f 1203/45/3 1157/45/3 1202/45/3
f 1204/34/3 1159/34/3 1158/34/3
f 1204/45/3 1157/45/3 1203/45/3
f 1204/34/3 1158/34/3 1157/34/3
f 1205/34/3 1159/34/3 1204/34/3
f 1206/32/3 1160/32/3 1159/32/3
f 1206/34/3 1159/34/3 1205/34/3
f 1207/37/3 1161/37/3 1160/37/3
f 1207/32/3 1160/32/3 1206/32/3
f 1207/37/3 1162/37/3 1161/37/3
f 1208/38/3 1163/38/3 1162/38/3
f 1208/37/3 1162/37/3 1207/37/3
f 1209/32/3 1133/32/3 1163/32/3
f 1209/38/3 1163/38/3 1208/38/3
f 1210/32/3 1168/32/3 100/32/3
f 1210/2/3 1169/2/3 1168/2/3
f 1211/2/3 1169/2/3 1210/2/3
f 1212/2/3 1169/2/3 1211/2/3
f 1213/2/3 1169/2/3 1212/2/3
f 1214/5/3 1171/5/3 1170/5/3
f 1214/5/3 1173/5/3 1172/5/3
f 1214/35/3 1170/35/3 183/35/3
f 1214/5/3 1172/5/3 1171/5/3
f 1215/32/3 1174/32/3 1173/32/3
f 1215/5/3 1173/5/3 1214/5/3
f 1216/36/3 1185/36/3 1184/36/3
f 1216/36/3 1184/36/3 1142/36/3
f 1216/34/3 1142/34/3 1141/34/3
f 1217/36/3 1143/36/3 1185/36/3
f 1217/36/3 1185/36/3 1216/36/3
f 1218/34/3 1187/34/3 1186/34/3
f 1218/36/3 1143/36/3 1217/36/3
f 1218/34/3 1186/34/3 1143/34/3
f 1219/45/3 1189/45/3 1188/45/3
f 1219/34/3 1187/34/3 1218/34/3
f 1219/45/3 1188/45/3 1187/45/3
f 1220/21/3 1190/21/3 1189/21/3
f 1220/45/3 1189/45/3 1219/45/3
f 1221/22/3 1191/22/3 1190/22/3
f 1221/21/3 1190/21/3 1220/21/3
f 1222/45/3 912/45/3 1191/45/3
f 1222/22/3 1191/22/3 1221/22/3
f 1223/17/3 1192/17/3 1062/17/3
f 1224/5/3 1194/5/3 1193/5/3
f 1224/17/3 1192/17/3 1223/17/3
f 1224/5/3 1193/5/3 1192/5/3
f 1225/3/3 1195/3/3 1194/3/3
f 1225/5/3 1194/5/3 1224/5/3
f 1226/4/3 1196/4/3 1195/4/3
f 1226/3/3 1195/3/3 1225/3/3
f 1227/5/3 1197/5/3 1196/5/3
f 1227/4/3 1196/4/3 1226/4/3
f 1227/5/3 1198/5/3 1197/5/3
f 1228/5/3 1198/5/3 1227/5/3
f 1229/17/3 1096/17/3 1198/17/3
f 1229/5/3 1198/5/3 1228/5/3
f 1230/17/3 1096/17/3 1229/17/3
f 1231/45/3 1068/45/3 852/45/3
f 1231/24/3 1199/24/3 1068/24/3
f 1232/23/3 1200/23/3 1199/23/3
f 1232/24/3 1199/24/3 1231/24/3
f 1233/23/3 1200/23/3 1232/23/3
f 1234/45/3 1203/45/3 1202/45/3
f 1234/23/3 1200/23/3 1233/23/3
f 1234/45/3 1201/45/3 1200/45/3
f 1234/45/3 1202/45/3 1201/45/3
f 1235/45/3 1203/45/3 1234/45/3
f 1236/45/3 1203/45/3 1235/45/3
f 1237/34/3 1205/34/3 1204/34/3
f 1237/45/3 1203/45/3 1236/45/3
f 1237/34/3 1204/34/3 1203/34/3
f 1238/32/3 1208/32/3 1207/32/3
f 1238/34/3 1205/34/3 1237/34/3
f 1238/32/3 1207/32/3 1206/32/3
f 1238/32/3 1209/32/3 1208/32/3
f 1238/32/3 1206/32/3 1205/32/3
f 1239/29/3 1164/29/3 1133/29/3
f 1239/34/3 1166/34/3 1165/34/3
f 1239/34/3 1165/34/3 1164/34/3
f 1240/34/3 1166/34/3 1239/34/3
f 1241/35/3 1214/35/3 183/35/3
f 1241/35/3 1215/35/3 1214/35/3
f 1242/32/3 1174/32/3 1215/32/3
f 1242/35/3 1215/35/3 1241/35/3
f 1243/32/3 704/32/3 1174/32/3
f 1243/32/3 1174/32/3 1242/32/3
f 1244/34/3 1177/34/3 1176/34/3
f 1244/36/3 1181/36/3 1180/36/3
f 1244/34/3 1179/34/3 1178/34/3
f 1244/34/3 1178/34/3 1177/34/3
f 1244/36/3 1180/36/3 1179/36/3
f 1245/36/3 1181/36/3 1244/36/3
f 1246/34/3 1217/34/3 1216/34/3
f 1247/45/3 1221/45/3 1220/45/3
f 1247/34/3 1217/34/3 1246/34/3
f 1247/45/3 1218/45/3 1217/45/3
f 1247/45/3 1220/45/3 1219/45/3
f 1247/45/3 1219/45/3 1218/45/3
f 1247/45/3 1222/45/3 1221/45/3
f 1248/45/3 1222/45/3 1247/45/3
f 1249/45/3 912/45/3 1222/45/3
f 1249/45/3 1222/45/3 1248/45/3
f 1250/17/3 1223/17/3 1062/17/3
f 1251/5/3 1225/5/3 1224/5/3
f 1251/17/3 1223/17/3 1250/17/3
f 1251/5/3 1224/5/3 1223/5/3
f 1252/4/3 1226/4/3 1225/4/3
f 1252/5/3 1225/5/3 1251/5/3
f 1253/3/3 1227/3/3 1226/3/3
f 1253/4/3 1226/4/3 1252/4/3
f 1254/4/3 1228/4/3 1227/4/3
f 1254/3/3 1227/3/3 1253/3/3
f 1255/5/3 1229/5/3 1228/5/3
f 1255/4/3 1228/4/3 1254/4/3
f 1255/5/3 1230/5/3 1229/5/3
f 1256/5/3 1230/5/3 1255/5/3
f 1257/17/3 1096/17/3 1230/17/3
f 1257/5/3 1230/5/3 1256/5/3
f 1258/17/3 1096/17/3 1257/17/3
f 1259/45/3 1231/45/3 852/45/3
f 1259/23/3 1233/23/3 1232/23/3
f 1259/23/3 1232/23/3 1231/23/3
f 1260/45/3 1234/45/3 1233/45/3
f 1260/23/3 1233/23/3 1259/23/3
f 1260/45/3 1235/45/3 1234/45/3
f 1261/45/3 1235/45/3 1260/45/3
f 1262/34/3 1236/34/3 1235/34/3
f 1262/45/3 1235/45/3 1261/45/3
f 1263/32/3 1237/32/3 1236/32/3
f 1263/34/3 1236/34/3 1262/34/3
f 1263/32/3 1238/32/3 1237/32/3
f 1264/32/3 1238/32/3 1263/32/3
f 1265/32/3 1209/32/3 1238/32/3
f 1265/32/3 1238/32/3 1264/32/3
f 1266/32/3 1133/32/3 1209/32/3
f 1266/32/3 1209/32/3 1265/32/3
f 1267/29/3 1239/29/3 1133/29/3
f 1267/29/3 1240/29/3 1239/29/3
f 1268/34/3 1166/34/3 1240/34/3
f 1268/29/3 1240/29/3 1267/29/3
f 1269/2/3 1212/2/3 1211/2/3
f 1269/35/3 1211/35/3 1210/35/3
f 1270/35/3 1213/35/3 1212/35/3
f 1270/2/3 1212/2/3 1269/2/3
f 1271/2/3 1169/2/3 1213/2/3
f 1271/35/3 1213/35/3 1270/35/3
f 1272/35/3 182/35/3 1169/35/3
f 1272/2/3 1169/2/3 1271/2/3
f 1273/5/3 1243/5/3 1242/5/3
f 1273/5/3 1242/5/3 1241/5/3
f 1274/5/3 1243/5/3 1273/5/3
f 1275/34/3 1245/34/3 1244/34/3
f 1275/34/3 1244/34/3 1176/34/3
f 1276/36/3 1181/36/3 1245/36/3
f 1276/34/3 1245/34/3 1275/34/3
f 1277/34/3 1182/34/3 1181/34/3
f 1277/36/3 1181/36/3 1276/36/3
f 1277/34/3 1183/34/3 1182/34/3
f 1278/45/3 1248/45/3 1247/45/3
f 1278/45/3 1247/45/3 1246/45/3
f 1279/22/3 1249/22/3 1248/22/3
f 1279/45/3 1248/45/3 1278/45/3
f 1280/22/3 1249/22/3 1279/22/3
f 1281/22/3 1249/22/3 1280/22/3
f 1282/45/3 912/45/3 1249/45/3
f 1282/22/3 1249/22/3 1281/22/3
f 1283/17/3 1250/17/3 1062/17/3
f 1284/5/3 1253/5/3 1252/5/3
f 1284/17/3 1250/17/3 1283/17/3
f 1284/5/3 1252/5/3 1251/5/3
f 1284/5/3 1251/5/3 1250/5/3
f 1285/4/3 1254/4/3 1253/4/3
f 1285/5/3 1253/5/3 1284/5/3
f 1286/3/3 1255/3/3 1254/3/3
f 1286/4/3 1254/4/3 1285/4/3
f 1287/4/3 1256/4/3 1255/4/3
f 1287/3/3 1255/3/3 1286/3/3
f 1288/5/3 1258/5/3 1257/5/3
f 1288/4/3 1256/4/3 1287/4/3
f 1288/5/3 1257/5/3 1256/5/3
f 1289/24/3 851/24/3 1002/24/3
f 1290/23/3 852/23/3 851/23/3
f 1290/24/3 851/24/3 1289/24/3
f 1291/45/3 1260/45/3 1259/45/3
f 1291/23/3 852/23/3 1290/23/3
f 1291/45/3 1261/45/3 1260/45/3
f 1291/45/3 1259/45/3 852/45/3
f 1292/45/3 1261/45/3 1291/45/3
f 1293/34/3 1262/34/3 1261/34/3
f 1293/45/3 1261/45/3 1292/45/3
f 1294/32/3 1263/32/3 1262/32/3
f 1294/34/3 1262/34/3 1293/34/3
f 1295/38/3 1264/38/3 1263/38/3
f 1295/32/3 1263/32/3 1294/32/3
f 1296/32/3 1265/32/3 1264/32/3
f 1296/38/3 1264/38/3 1295/38/3
f 1297/32/3 1265/32/3 1296/32/3
f 1298/32/3 1265/32/3 1297/32/3
f 1299/35/3 1270/35/3 1269/35/3
f 1299/2/3 1271/2/3 1270/2/3
f 1300/35/3 1272/35/3 1271/35/3
f 1300/2/3 1271/2/3 1299/2/3
f 1301/35/3 1274/35/3 1273/35/3
f 1302/5/3 1243/5/3 1274/5/3
f 1302/35/3 1274/35/3 1301/35/3
f 1303/36/3 1082/36/3 1183/36/3
f 1304/34/3 1246/34/3 1216/34/3
f 1304/36/3 1082/36/3 1303/36/3
f 1304/34/3 1216/34/3 1141/34/3
f 1304/34/3 1141/34/3 1082/34/3
f 1305/22/3 1279/22/3 1278/22/3
f 1306/21/3 1280/21/3 1279/21/3
f 1306/22/3 1279/22/3 1305/22/3
f 1307/20/3 1281/20/3 1280/20/3
f 1307/21/3 1280/21/3 1306/21/3
f 1308/45/3 1282/45/3 1281/45/3
f 1308/20/3 1281/20/3 1307/20/3
f 1309/45/3 1282/45/3 1308/45/3
f 1310/45/3 912/45/3 1282/45/3
f 1310/45/3 1282/45/3 1309/45/3
f 1311/17/3 1283/17/3 1062/17/3
f 1312/5/3 1286/5/3 1285/5/3
f 1312/17/3 1283/17/3 1311/17/3
f 1312/5/3 1284/5/3 1283/5/3
f 1312/5/3 1285/5/3 1284/5/3
f 1313/45/3 1292/45/3 1291/45/3
f 1313/45/3 1291/45/3 1290/45/3
f 1314/34/3 1293/34/3 1292/34/3
f 1314/45/3 1292/45/3 1313/45/3
f 1315/34/3 1293/34/3 1314/34/3
f 1316/32/3 1294/32/3 1293/32/3
f 1316/34/3 1293/34/3 1315/34/3
f 1316/32/3 1295/32/3 1294/32/3
f 1317/31/3 1296/31/3 1295/31/3
f 1317/38/3 1297/38/3 1296/38/3
f 1318/38/3 1297/38/3 1317/38/3
f 1319/37/3 1298/37/3 1297/37/3
f 1319/38/3 1297/38/3 1318/38/3
f 1320/32/3 1265/32/3 1298/32/3
f 1320/37/3 1298/37/3 1319/37/3
f 1321/32/3 1133/32/3 1266/32/3
f 1321/33/3 1266/33/3 1265/33/3
f 1322/29/3 1267/29/3 1133/29/3
f 1322/32/3 1133/32/3 1321/32/3
f 1323/32/3 704/32/3 1243/32/3
f 1323/5/3 1243/5/3 1302/5/3
f 1324/35/3 1176/35/3 1175/35/3
f 1324/32/3 704/32/3 1323/32/3
f 1324/35/3 1175/35/3 704/35/3
f 1325/34/3 1275/34/3 1176/34/3
f 1326/38/3 1276/38/3 1275/38/3
f 1326/34/3 1275/34/3 1325/34/3
f 1327/34/3 1246/34/3 1304/34/3
f 1327/34/3 1304/34/3 1303/34/3
f 1328/34/3 1246/34/3 1327/34/3
f 1329/21/3 1306/21/3 1305/21/3
f 1329/22/3 1305/22/3 1278/22/3
f 1330/20/3 1307/20/3 1306/20/3
f 1330/21/3 1306/21/3 1329/21/3
f 1331/45/3 1309/45/3 1308/45/3
f 1331/20/3 1307/20/3 1330/20/3
f 1331/45/3 1308/45/3 1307/45/3
f 1332/45/3 1309/45/3 1331/45/3
f 1333/34/3 1310/34/3 1309/34/3
f 1333/45/3 1309/45/3 1332/45/3
f 1334/17/3 1311/17/3 1062/17/3
f 1335/5/3 1312/5/3 1311/5/3
f 1335/17/3 1311/17/3 1334/17/3
f 1336/5/3 1286/5/3 1312/5/3
f 1336/5/3 1312/5/3 1335/5/3
f 1336/4/3 1287/4/3 1286/4/3
f 1337/3/3 1288/3/3 1287/3/3
f 1337/4/3 1287/4/3 1336/4/3
f 1338/5/3 1258/5/3 1288/5/3
f 1338/3/3 1288/3/3 1337/3/3
f 1339/5/3 1258/5/3 1338/5/3
f 1340/17/3 1096/17/3 1258/17/3
f 1340/5/3 1258/5/3 1339/5/3
f 1341/34/3 1315/34/3 1314/34/3
f 1341/45/3 1313/45/3 1290/45/3
f 1341/34/3 1314/34/3 1313/34/3
f 1342/34/3 1315/34/3 1341/34/3
f 1343/32/3 1316/32/3 1315/32/3
f 1343/34/3 1315/34/3 1342/34/3
f 1344/31/3 1318/31/3 1317/31/3
f 1344/32/3 1316/32/3 1343/32/3
f 1344/31/3 1317/31/3 1295/31/3
f 1344/32/3 1295/32/3 1316/32/3
f 1345/32/3 1319/32/3 1318/32/3
f 1345/31/3 1318/31/3 1344/31/3
f 1345/32/3 1320/32/3 1319/32/3
f 1346/32/3 1265/32/3 1320/32/3
f 1346/32/3 1320/32/3 1345/32/3
f 1347/33/3 1322/33/3 1321/33/3
f 1347/32/3 1265/32/3 1346/32/3
f 1347/33/3 1321/33/3 1265/33/3
f 1348/33/3 1322/33/3 1347/33/3
f 1349/29/3 1267/29/3 1322/29/3
f 1349/33/3 1322/33/3 1348/33/3
f 1350/34/3 1268/34/3 1267/34/3
f 1350/29/3 1267/29/3 1349/29/3
f 1351/34/3 1166/34/3 1268/34/3
f 1351/34/3 1268/34/3 1350/34/3
f 1352/35/3 1167/35/3 1166/35/3
f 1352/34/3 1166/34/3 1351/34/3
f 1353/32/3 101/32/3 1167/32/3
f 1353/35/3 1167/35/3 1352/35/3
f 1354/35/3 1241/35/3 183/35/3
f 1354/5/3 1273/5/3 1241/5/3
f 1355/35/3 1301/35/3 1273/35/3
f 1355/5/3 1273/5/3 1354/5/3
f 1356/33/3 1302/33/3 1301/33/3
f 1356/35/3 1301/35/3 1355/35/3
f 1357/5/3 1323/5/3 1302/5/3
f 1357/33/3 1302/33/3 1356/33/3
f 1358/35/3 1324/35/3 1323/35/3
f 1358/5/3 1323/5/3 1357/5/3
f 1359/20/3 1330/20/3 1329/20/3
f 1359/22/3 1329/22/3 1278/22/3
f 1360/45/3 1332/45/3 1331/45/3
f 1360/20/3 1330/20/3 1359/20/3
f 1360/45/3 1331/45/3 1330/45/3
f 1361/45/3 912/45/3 1310/45/3
f 1361/24/3 913/24/3 912/24/3
f 1362/24/3 913/24/3 1361/24/3
f 1363/17/3 1334/17/3 1062/17/3
f 1364/5/3 1335/5/3 1334/5/3
f 1364/17/3 1334/17/3 1363/17/3
f 1364/5/3 1336/5/3 1335/5/3
f 1364/5/3 1337/5/3 1336/5/3
f 1365/4/3 1338/4/3 1337/4/3
f 1365/5/3 1337/5/3 1364/5/3
f 1366/5/3 1339/5/3 1338/5/3
f 1366/4/3 1338/4/3 1365/4/3
f 1367/5/3 1339/5/3 1366/5/3
f 1368/17/3 1340/17/3 1339/17/3
f 1368/5/3 1339/5/3 1367/5/3
f 1369/32/3 1344/32/3 1343/32/3
f 1369/32/3 1345/32/3 1344/32/3
f 1369/31/3 1343/31/3 1342/31/3
f 1370/32/3 1345/32/3 1369/32/3
f 1371/32/3 1345/32/3 1370/32/3
f 1372/38/3 1346/38/3 1345/38/3
f 1372/32/3 1345/32/3 1371/32/3
f 1373/32/3 1348/32/3 1347/32/3
f 1373/38/3 1346/38/3 1372/38/3
f 1373/32/3 1347/32/3 1346/32/3
f 1374/29/3 1351/29/3 1350/29/3
f 1374/34/3 1353/34/3 1352/34/3
f 1374/34/3 1352/34/3 1351/34/3
f 1375/34/3 1353/34/3 1374/34/3
f 1376/35/3 1299/35/3 1269/35/3
f 1376/35/3 1269/35/3 1210/35/3
f 1376/35/3 1300/35/3 1299/35/3
f 1376/32/3 1210/32/3 100/32/3
f 1377/35/3 182/35/3 1272/35/3
f 1377/35/3 1300/35/3 1376/35/3
f 1377/35/3 1272/35/3 1300/35/3
f 1378/35/3 1355/35/3 1354/35/3
f 1378/5/3 1357/5/3 1356/5/3
f 1378/5/3 1356/5/3 1355/5/3
f 1379/5/3 1357/5/3 1378/5/3
f 1380/35/3 1358/35/3 1357/35/3
f 1380/5/3 1357/5/3 1379/5/3
f 1381/34/3 1325/34/3 1176/34/3
f 1382/38/3 1326/38/3 1325/38/3
f 1382/34/3 1325/34/3 1381/34/3
f 1383/38/3 1276/38/3 1326/38/3
f 1383/38/3 1326/38/3 1382/38/3
f 1384/36/3 1303/36/3 1183/36/3
f 1385/34/3 1327/34/3 1303/34/3
f 1385/36/3 1303/36/3 1384/36/3
f 1386/34/3 1246/34/3 1328/34/3
f 1386/36/3 1328/36/3 1327/36/3
f 1387/34/3 1246/34/3 1386/34/3
f 1388/45/3 1278/45/3 1246/45/3
f 1388/34/3 1246/34/3 1387/34/3
f 1389/22/3 1360/22/3 1359/22/3
f 1389/45/3 1278/45/3 1388/45/3
f 1389/22/3 1359/22/3 1278/22/3
f 1390/22/3 1360/22/3 1389/22/3
f 1391/45/3 1332/45/3 1360/45/3
f 1391/22/3 1360/22/3 1390/22/3
f 1392/45/3 1332/45/3 1391/45/3
f 1393/34/3 1333/34/3 1332/34/3
f 1393/45/3 1332/45/3 1392/45/3
f 1394/34/3 1333/34/3 1393/34/3
f 1395/45/3 1362/45/3 1361/45/3
f 1395/34/3 1333/34/3 1394/34/3
f 1395/45/3 1361/45/3 1310/45/3
f 1395/34/3 1310/34/3 1333/34/3
f 1396/45/3 1362/45/3 1395/45/3
f 1397/17/3 1363/17/3 1062/17/3
f 1398/5/3 1365/5/3 1364/5/3
f 1398/17/3 1363/17/3 1397/17/3
f 1398/5/3 1367/5/3 1366/5/3
f 1398/5/3 1364/5/3 1363/5/3
f 1398/5/3 1366/5/3 1365/5/3
f 1399/5/3 1367/5/3 1398/5/3
f 1400/17/3 1368/17/3 1367/17/3
f 1400/5/3 1367/5/3 1399/5/3
f 1401/32/3 1371/32/3 1370/32/3
f 1401/31/3 1370/31/3 1369/31/3
f 1402/32/3 1371/32/3 1401/32/3
f 1403/38/3 1372/38/3 1371/38/3
f 1403/32/3 1371/32/3 1402/32/3
f 1404/32/3 1373/32/3 1372/32/3
f 1404/38/3 1372/38/3 1403/38/3
f 1405/32/3 1348/32/3 1373/32/3
f 1405/32/3 1373/32/3 1404/32/3
f 1405/33/3 1349/33/3 1348/33/3
f 1406/32/3 1350/32/3 1349/32/3
f 1406/33/3 1349/33/3 1405/33/3
f 1407/29/3 1375/29/3 1374/29/3
f 1407/32/3 1350/32/3 1406/32/3
f 1407/29/3 1374/29/3 1350/29/3
f 1408/29/3 1375/29/3 1407/29/3
f 1409/2/3 1377/2/3 1376/2/3
f 1410/2/3 1377/2/3 1409/2/3
f 1411/2/3 1377/2/3 1410/2/3
f 1412/2/3 1377/2/3 1411/2/3
f 1413/35/3 1354/35/3 183/35/3
f 1413/35/3 1379/35/3 1378/35/3
f 1413/35/3 1378/35/3 1354/35/3
f 1414/33/3 1380/33/3 1379/33/3
f 1414/35/3 1379/35/3 1413/35/3
f 1415/35/3 1358/35/3 1380/35/3
f 1415/33/3 1380/33/3 1414/33/3
f 1416/35/3 1324/35/3 1358/35/3
f 1416/35/3 1358/35/3 1415/35/3
f 1417/35/3 1176/35/3 1324/35/3
f 1417/35/3 1324/35/3 1416/35/3
f 1418/34/3 1381/34/3 1176/34/3
f 1418/35/3 1176/35/3 1417/35/3
f 1419/34/3 1183/34/3 1277/34/3
f 1419/34/3 1277/34/3 1276/34/3
f 1420/34/3 1183/34/3 1419/34/3
f 1421/34/3 1327/34/3 1385/34/3
f 1421/34/3 1385/34/3 1384/34/3
f 1422/36/3 1386/36/3 1327/36/3
f 1422/34/3 1327/34/3 1421/34/3
f 1422/36/3 1387/36/3 1386/36/3
f 1423/45/3 1390/45/3 1389/45/3
f 1423/22/3 1392/22/3 1391/22/3
f 1423/22/3 1391/22/3 1390/22/3
f 1424/22/3 1392/22/3 1423/22/3
f 1425/45/3 1394/45/3 1393/45/3
f 1425/22/3 1392/22/3 1424/22/3
f 1425/45/3 1393/45/3 1392/45/3
f 1426/45/3 1394/45/3 1425/45/3
f 1427/34/3 1396/34/3 1395/34/3
f 1427/45/3 1394/45/3 1426/45/3
f 1427/34/3 1395/34/3 1394/34/3
f 1428/34/3 1396/34/3 1427/34/3
f 1429/34/3 1396/34/3 1428/34/3
f 1430/45/3 1362/45/3 1396/45/3
f 1430/34/3 1396/34/3 1429/34/3
f 1431/32/3 1404/32/3 1403/32/3
f 1431/32/3 1403/32/3 1402/32/3
f 1431/32/3 1406/32/3 1405/32/3
f 1431/32/3 1405/32/3 1404/32/3
f 1431/32/3 1407/32/3 1406/32/3
f 1431/32/3 1408/32/3 1407/32/3
f 1432/32/3 1408/32/3 1431/32/3
f 1433/29/3 1375/29/3 1408/29/3
f 1433/32/3 1408/32/3 1432/32/3
f 1434/34/3 1353/34/3 1375/34/3
f 1434/29/3 1375/29/3 1433/29/3
f 1435/5/3 1415/5/3 1414/5/3
f 1435/5/3 1416/5/3 1415/5/3
f 1435/5/3 1414/5/3 1413/5/3
f 1436/5/3 1416/5/3 1435/5/3
f 1437/5/3 1416/5/3 1436/5/3
f 1438/5/3 1416/5/3 1437/5/3
f 1439/5/3 1416/5/3 1438/5/3
f 1440/34/3 1381/34/3 1418/34/3
f 1440/34/3 1418/34/3 1417/34/3
f 1441/38/3 1382/38/3 1381/38/3
f 1441/34/3 1381/34/3 1440/34/3
f 1442/36/3 1384/36/3 1183/36/3
f 1443/34/3 1421/34/3 1384/34/3
f 1443/36/3 1384/36/3 1442/36/3
f 1444/45/3 1424/45/3 1423/45/3
f 1444/34/3 1388/34/3 1387/34/3
f 1444/45/3 1423/45/3 1389/45/3
f 1444/34/3 1389/34/3 1388/34/3
f 1445/45/3 1424/45/3 1444/45/3
f 1446/21/3 1425/21/3 1424/21/3
f 1446/45/3 1424/45/3 1445/45/3
f 1447/20/3 1426/20/3 1425/20/3
f 1447/21/3 1425/21/3 1446/21/3
f 1448/45/3 1428/45/3 1427/45/3
f 1448/20/3 1426/20/3 1447/20/3
f 1448/45/3 1427/45/3 1426/45/3
f 1449/45/3 1428/45/3 1448/45/3
f 1450/45/3 1428/45/3 1449/45/3
f 1451/45/3 1428/45/3 1450/45/3
f 1452/45/3 1428/45/3 1451/45/3
f 1453/34/3 1429/34/3 1428/34/3
f 1453/45/3 1428/45/3 1452/45/3
f 1454/45/3 1430/45/3 1429/45/3
f 1454/34/3 1429/34/3 1453/34/3
f 1455/17/3 1397/17/3 1062/17/3
f 1455/5/3 1399/5/3 1398/5/3
f 1455/5/3 1398/5/3 1397/5/3
f 1456/5/3 1399/5/3 1455/5/3
f 1457/31/3 1402/31/3 1401/31/3
f 1457/31/3 1401/31/3 1369/31/3
f 1458/32/3 1431/32/3 1402/32/3
f 1458/31/3 1402/31/3 1457/31/3
f 1459/40/3 1432/40/3 1431/40/3
f 1459/32/3 1431/32/3 1458/32/3
f 1460/39/3 1433/39/3 1432/39/3
f 1460/40/3 1432/40/3 1459/40/3
f 1461/32/3 1434/32/3 1433/32/3
f 1461/39/3 1433/39/3 1460/39/3
f 1462/32/3 1376/32/3 100/32/3
f 1462/2/3 1409/2/3 1376/2/3
f 1463/35/3 1410/35/3 1409/35/3
f 1463/2/3 1409/2/3 1462/2/3
f 1464/2/3 1411/2/3 1410/2/3
f 1464/35/3 1410/35/3 1463/35/3
f 1465/2/3 1411/2/3 1464/2/3
f 1466/35/3 1412/35/3 1411/35/3
f 1466/2/3 1411/2/3 1465/2/3
f 1467/2/3 1377/2/3 1412/2/3
f 1467/35/3 1412/35/3 1466/35/3
f 1468/35/3 182/35/3 1377/35/3
f 1468/2/3 1377/2/3 1467/2/3
f 1469/35/3 1417/35/3 1416/35/3
f 1469/34/3 1440/34/3 1417/34/3
f 1470/38/3 1441/38/3 1440/38/3
f 1470/34/3 1440/34/3 1469/34/3
f 1471/38/3 1382/38/3 1441/38/3
f 1471/38/3 1441/38/3 1470/38/3
f 1472/36/3 1442/36/3 1183/36/3
f 1472/34/3 1183/34/3 1420/34/3
f 1473/34/3 1443/34/3 1442/34/3
f 1473/36/3 1442/36/3 1472/36/3
f 1474/36/3 1387/36/3 1422/36/3
f 1474/36/3 1422/36/3 1421/36/3
f 1474/34/3 1445/34/3 1444/34/3
f 1474/34/3 1444/34/3 1387/34/3
f 1475/34/3 1445/34/3 1474/34/3
f 1476/45/3 1446/45/3 1445/45/3
f 1476/34/3 1445/34/3 1475/34/3
f 1476/45/3 1447/45/3 1446/45/3
f 1477/45/3 1447/45/3 1476/45/3
f 1478/22/3 1448/22/3 1447/22/3
f 1478/45/3 1447/45/3 1477/45/3
f 1478/22/3 1449/22/3 1448/22/3
f 1479/21/3 1450/21/3 1449/21/3
f 1479/22/3 1449/22/3 1478/22/3
f 1480/22/3 1451/22/3 1450/22/3
f 1480/21/3 1450/21/3 1479/21/3
f 1481/21/3 1452/21/3 1451/21/3
f 1481/22/3 1451/22/3 1480/22/3
f 1482/45/3 1454/45/3 1453/45/3
f 1482/21/3 1452/21/3 1481/21/3
f 1482/45/3 1453/45/3 1452/45/3
f 1483/45/3 1430/45/3 1454/45/3
f 1483/45/3 1454/45/3 1482/45/3
f 1483/45/3 1362/45/3 1430/45/3
f 1484/17/3 1455/17/3 1062/17/3
f 1484/6/3 1456/6/3 1455/6/3
f 1485/6/3 1456/6/3 1484/6/3
f 1486/5/3 1399/5/3 1456/5/3
f 1486/6/3 1456/6/3 1485/6/3
f 1487/5/3 1399/5/3 1486/5/3
f 1488/17/3 1400/17/3 1399/17/3
f 1488/5/3 1399/5/3 1487/5/3
f 1489/17/3 1368/17/3 1400/17/3
f 1489/17/3 1400/17/3 1488/17/3
f 1490/31/3 1457/31/3 1369/31/3
f 1490/31/3 1369/31/3 1342/31/3
f 1491/32/3 1460/32/3 1459/32/3
f 1491/31/3 1457/31/3 1490/31/3
f 1491/32/3 1459/32/3 1458/32/3
f 1491/32/3 1458/32/3 1457/32/3
f 1491/32/3 1461/32/3 1460/32/3
f 1492/32/3 1461/32/3 1491/32/3
f 1493/32/3 1434/32/3 1461/32/3
f 1493/32/3 1461/32/3 1492/32/3
f 1494/34/3 1353/34/3 1434/34/3
f 1494/32/3 1434/32/3 1493/32/3
f 1495/32/3 101/32/3 1353/32/3
f 1495/34/3 1353/34/3 1494/34/3
f 1496/2/3 1464/2/3 1463/2/3
f 1496/35/3 1463/35/3 1462/35/3
f 1497/35/3 1465/35/3 1464/35/3
f 1497/2/3 1464/2/3 1496/2/3
f 1498/2/3 1466/2/3 1465/2/3
f 1498/35/3 1465/35/3 1497/35/3
f 1498/2/3 1467/2/3 1466/2/3
f 1499/35/3 1468/35/3 1467/35/3
f 1499/2/3 1467/2/3 1498/2/3
f 1500/35/3 1438/35/3 1437/35/3
f 1500/32/3 1439/32/3 1438/32/3
f 1501/5/3 1416/5/3 1439/5/3
f 1501/32/3 1439/32/3 1500/32/3
f 1502/34/3 1419/34/3 1276/34/3
f 1502/36/3 1420/36/3 1419/36/3
f 1503/34/3 1473/34/3 1472/34/3
f 1503/36/3 1420/36/3 1502/36/3
f 1503/34/3 1472/34/3 1420/34/3
f 1504/34/3 1473/34/3 1503/34/3
f 1505/34/3 1443/34/3 1473/34/3
f 1505/34/3 1473/34/3 1504/34/3
f 1506/34/3 1421/34/3 1443/34/3
f 1506/34/3 1443/34/3 1505/34/3
f 1507/45/3 1480/45/3 1479/45/3
f 1507/34/3 1476/34/3 1475/34/3
f 1507/45/3 1478/45/3 1477/45/3
f 1507/45/3 1479/45/3 1478/45/3
f 1507/34/3 1477/34/3 1476/34/3
f 1508/45/3 1480/45/3 1507/45/3
f 1509/22/3 1482/22/3 1481/22/3
f 1509/45/3 1480/45/3 1508/45/3
f 1509/22/3 1481/22/3 1480/22/3
f 1509/22/3 1483/22/3 1482/22/3
f 1510/45/3 1362/45/3 1483/45/3
f 1510/22/3 1483/22/3 1509/22/3
f 1511/17/3 1485/17/3 1484/17/3
f 1511/6/3 1486/6/3 1485/6/3
f 1511/6/3 1487/6/3 1486/6/3
f 1512/6/3 1487/6/3 1511/6/3
f 1513/5/3 1488/5/3 1487/5/3
f 1513/6/3 1487/6/3 1512/6/3
f 1513/5/3 1489/5/3 1488/5/3
f 1514/5/3 1489/5/3 1513/5/3
f 1515/17/3 1368/17/3 1489/17/3
f 1515/5/3 1489/5/3 1514/5/3
f 1516/17/3 1340/17/3 1368/17/3
f 1516/17/3 1368/17/3 1515/17/3
f 1517/31/3 1490/31/3 1342/31/3
f 1517/33/3 1342/33/3 1341/33/3
f 1518/32/3 1492/32/3 1491/32/3
f 1518/31/3 1490/31/3 1517/31/3
f 1518/32/3 1491/32/3 1490/32/3
f 1519/32/3 1492/32/3 1518/32/3
f 1520/32/3 1492/32/3 1519/32/3
f 1521/32/3 1492/32/3 1520/32/3
f 1522/29/3 1493/29/3 1492/29/3
f 1522/32/3 1492/32/3 1521/32/3
f 1523/32/3 1494/32/3 1493/32/3
f 1523/29/3 1493/29/3 1522/29/3
f 1524/35/3 1495/35/3 1494/35/3
f 1524/32/3 1494/32/3 1523/32/3
f 1525/35/3 1497/35/3 1496/35/3
f 1525/35/3 1498/35/3 1497/35/3
f 1525/35/3 1496/35/3 1462/35/3
f 1525/35/3 1499/35/3 1498/35/3
f 1526/35/3 1468/35/3 1499/35/3
f 1526/35/3 1499/35/3 1525/35/3
f 1527/35/3 182/35/3 1468/35/3
f 1527/35/3 1468/35/3 1526/35/3
f 1527/5/3 183/5/3 182/5/3
f 1528/35/3 1413/35/3 183/35/3
f 1528/5/3 183/5/3 1527/5/3
f 1529/5/3 1435/5/3 1413/5/3
f 1529/35/3 1413/35/3 1528/35/3
f 1530/35/3 1436/35/3 1435/35/3
f 1530/5/3 1435/5/3 1529/5/3
f 1531/5/3 1437/5/3 1436/5/3
f 1531/35/3 1436/35/3 1530/35/3
f 1532/35/3 1500/35/3 1437/35/3
f 1532/5/3 1437/5/3 1531/5/3
f 1532/35/3 1501/35/3 1500/35/3
f 1533/5/3 1416/5/3 1501/5/3
f 1533/35/3 1501/35/3 1532/35/3
f 1534/35/3 1469/35/3 1416/35/3
f 1534/5/3 1416/5/3 1533/5/3
f 1535/35/3 1469/35/3 1534/35/3
f 1536/38/3 1470/38/3 1469/38/3
f 1536/35/3 1469/35/3 1535/35/3
f 1537/35/3 1471/35/3 1470/35/3
f 1537/38/3 1470/38/3 1536/38/3
f 1538/38/3 1276/38/3 1383/38/3
f 1538/32/3 1383/32/3 1382/32/3
f 1539/34/3 1504/34/3 1503/34/3
f 1539/38/3 1276/38/3 1538/38/3
f 1539/34/3 1502/34/3 1276/34/3
f 1539/34/3 1503/34/3 1502/34/3
f 1540/41/3 1505/41/3 1504/41/3
f 1540/34/3 1504/34/3 1539/34/3
f 1541/36/3 1506/36/3 1505/36/3
f 1541/41/3 1505/41/3 1540/41/3
f 1542/34/3 1421/34/3 1506/34/3
f 1542/36/3 1475/36/3 1474/36/3
f 1542/36/3 1474/36/3 1421/36/3
f 1543/36/3 1475/36/3 1542/36/3
f 1544/34/3 1508/34/3 1507/34/3
f 1545/45/3 1510/45/3 1509/45/3
f 1545/34/3 1508/34/3 1544/34/3
f 1545/45/3 1509/45/3 1508/45/3
f 1546/45/3 1510/45/3 1545/45/3
f 1547/45/3 1362/45/3 1510/45/3
f 1547/45/3 1510/45/3 1546/45/3
f 1548/25/3 914/25/3 913/25/3
f 1548/24/3 913/24/3 1362/24/3
f 1549/26/3 915/26/3 914/26/3
f 1549/25/3 914/25/3 1548/25/3
f 1550/17/3 1512/17/3 1511/17/3
f 1550/6/3 1513/6/3 1512/6/3
f 1550/6/3 1514/6/3 1513/6/3
f 1551/6/3 1514/6/3 1550/6/3
f 1552/5/3 1515/5/3 1514/5/3
f 1552/6/3 1514/6/3 1551/6/3
f 1552/5/3 1516/5/3 1515/5/3
f 1553/5/3 1516/5/3 1552/5/3
f 1554/17/3 1340/17/3 1516/17/3
f 1554/5/3 1516/5/3 1553/5/3
f 1555/17/3 1096/17/3 1340/17/3
f 1555/17/3 1340/17/3 1554/17/3
f 1556/17/3 1096/17/3 1555/17/3
f 1557/18/3 1037/18/3 1096/18/3
f 1557/17/3 1096/17/3 1556/17/3
f 1558/31/3 1038/31/3 1037/31/3
f 1558/18/3 1037/18/3 1557/18/3
f 1559/33/3 1517/33/3 1341/33/3
f 1559/45/3 1341/45/3 1290/45/3
f 1560/38/3 1518/38/3 1517/38/3
f 1560/33/3 1517/33/3 1559/33/3
f 1560/38/3 1519/38/3 1518/38/3
f 1561/37/3 1520/37/3 1519/37/3
f 1561/38/3 1519/38/3 1560/38/3
f 1562/32/3 1521/32/3 1520/32/3
f 1562/37/3 1520/37/3 1561/37/3
f 1563/32/3 1521/32/3 1562/32/3
f 1564/29/3 1522/29/3 1521/29/3
f 1564/32/3 1521/32/3 1563/32/3
f 1564/29/3 1523/29/3 1522/29/3
f 1565/29/3 1523/29/3 1564/29/3
f 1566/34/3 1524/34/3 1523/34/3
f 1566/29/3 1523/29/3 1565/29/3
f 1567/32/3 1462/32/3 100/32/3
f 1567/35/3 1525/35/3 1462/35/3
f 1568/2/3 1526/2/3 1525/2/3
f 1568/35/3 1525/35/3 1567/35/3
f 1569/35/3 1531/35/3 1530/35/3
f 1569/2/3 1526/2/3 1568/2/3
f 1569/35/3 1534/35/3 1533/35/3
f 1569/35/3 1530/35/3 1529/35/3
f 1569/35/3 1533/35/3 1532/35/3
f 1569/35/3 1529/35/3 1528/35/3
f 1569/35/3 1527/35/3 1526/35/3
f 1569/35/3 1535/35/3 1534/35/3
f 1569/35/3 1528/35/3 1527/35/3
f 1569/35/3 1532/35/3 1531/35/3
f 1570/35/3 1535/35/3 1569/35/3
f 1571/35/3 1535/35/3 1570/35/3
f 1572/38/3 1536/38/3 1535/38/3
f 1572/35/3 1535/35/3 1571/35/3
f 1573/34/3 1539/34/3 1538/34/3
f 1573/34/3 1540/34/3 1539/34/3
f 1574/36/3 1541/36/3 1540/36/3
f 1574/34/3 1540/34/3 1573/34/3
f 1575/36/3 1506/36/3 1541/36/3
f 1575/36/3 1541/36/3 1574/36/3
f 1575/34/3 1542/34/3 1506/34/3
f 1575/34/3 1543/34/3 1542/34/3
f 1576/34/3 1543/34/3 1575/34/3
f 1577/36/3 1475/36/3 1543/36/3
f 1578/34/3 1544/34/3 1507/34/3
f 1578/36/3 1475/36/3 1577/36/3
f 1578/34/3 1507/34/3 1475/34/3
f 1579/34/3 1544/34/3 1578/34/3
f 1580/45/3 1546/45/3 1545/45/3
f 1580/34/3 1544/34/3 1579/34/3
f 1580/45/3 1545/45/3 1544/45/3
f 1581/45/3 1546/45/3 1580/45/3
f 1582/22/3 1547/22/3 1546/22/3
f 1582/45/3 1546/45/3 1581/45/3
f 1583/22/3 1547/22/3 1582/22/3
f 1584/45/3 1362/45/3 1547/45/3
f 1584/22/3 1547/22/3 1583/22/3
f 1585/35/3 1549/35/3 1548/35/3
f 1585/24/3 1548/24/3 1362/24/3
f 1586/26/3 915/26/3 1549/26/3
f 1586/35/3 1549/35/3 1585/35/3
f 1587/6/3 1553/6/3 1552/6/3
f 1587/17/3 1551/17/3 1550/17/3
f 1587/6/3 1552/6/3 1551/6/3
f 1588/6/3 1553/6/3 1587/6/3
f 1589/5/3 1554/5/3 1553/5/3
f 1589/6/3 1553/6/3 1588/6/3
f 1589/5/3 1555/5/3 1554/5/3
f 1590/5/3 1555/5/3 1589/5/3
f 1591/31/3 1038/31/3 1558/31/3
f 1591/31/3 1558/31/3 1557/31/3
f 1592/45/3 1002/45/3 1038/45/3
f 1592/31/3 1038/31/3 1591/31/3
f 1593/32/3 1561/32/3 1560/32/3
f 1593/32/3 1563/32/3 1562/32/3
f 1593/32/3 1562/32/3 1561/32/3
f 1594/32/3 1563/32/3 1593/32/3
f 1595/32/3 1563/32/3 1594/32/3
f 1596/29/3 1564/29/3 1563/29/3
f 1596/29/3 1565/29/3 1564/29/3
f 1597/34/3 1566/34/3 1565/34/3
f 1597/29/3 1565/29/3 1596/29/3
f 1598/38/3 1536/38/3 1572/38/3
f 1598/38/3 1572/38/3 1571/38/3
f 1599/35/3 1537/35/3 1536/35/3
f 1599/38/3 1536/38/3 1598/38/3
f 1600/35/3 1471/35/3 1537/35/3
f 1600/35/3 1537/35/3 1599/35/3
f 1600/38/3 1382/38/3 1471/38/3
f 1601/32/3 1538/32/3 1382/32/3
f 1601/38/3 1382/38/3 1600/38/3
f 1602/34/3 1573/34/3 1538/34/3
f 1602/32/3 1538/32/3 1601/32/3
f 1603/36/3 1574/36/3 1573/36/3
f 1603/34/3 1573/34/3 1602/34/3
f 1603/36/3 1576/36/3 1575/36/3
f 1603/36/3 1575/36/3 1574/36/3
f 1604/34/3 1543/34/3 1576/34/3
f 1604/36/3 1576/36/3 1603/36/3
f 1605/34/3 1543/34/3 1604/34/3
f 1606/34/3 1579/34/3 1578/34/3
f 1606/34/3 1578/34/3 1577/34/3
f 1607/45/3 1581/45/3 1580/45/3
f 1607/34/3 1579/34/3 1606/34/3
f 1607/45/3 1580/45/3 1579/45/3
f 1608/45/3 1581/45/3 1607/45/3
f 1609/22/3 1583/22/3 1582/22/3
f 1609/45/3 1581/45/3 1608/45/3
f 1609/22/3 1582/22/3 1581/22/3
f 1610/22/3 1583/22/3 1609/22/3
f 1611/21/3 1584/21/3 1583/21/3
f 1611/22/3 1583/22/3 1610/22/3
f 1612/45/3 1362/45/3 1584/45/3
f 1612/21/3 1584/21/3 1611/21/3
f 1613/24/3 1585/24/3 1362/24/3
f 1613/25/3 1586/25/3 1585/25/3
f 1614/26/3 915/26/3 1586/26/3
f 1614/25/3 1586/25/3 1613/25/3
f 1615/17/3 1588/17/3 1587/17/3
f 1615/6/3 1589/6/3 1588/6/3
f 1615/6/3 1590/6/3 1589/6/3
f 1616/6/3 1590/6/3 1615/6/3
f 1617/5/3 1555/5/3 1590/5/3
f 1617/6/3 1590/6/3 1616/6/3
f 1618/5/3 1555/5/3 1617/5/3
f 1619/45/3 1002/45/3 1592/45/3
f 1619/45/3 1592/45/3 1591/45/3
f 1620/24/3 1289/24/3 1002/24/3
f 1620/45/3 1002/45/3 1619/45/3
f 1621/45/3 1559/45/3 1290/45/3
f 1621/31/3 1560/31/3 1559/31/3
f 1622/32/3 1593/32/3 1560/32/3
f 1622/31/3 1560/31/3 1621/31/3
f 1623/40/3 1594/40/3 1593/40/3
f 1623/32/3 1593/32/3 1622/32/3
f 1624/39/3 1595/39/3 1594/39/3
f 1624/40/3 1594/40/3 1623/40/3
f 1625/32/3 1563/32/3 1595/32/3
f 1625/39/3 1595/39/3 1624/39/3
f 1626/2/3 1568/2/3 1567/2/3
f 1626/32/3 1567/32/3 100/32/3
f 1627/35/3 1569/35/3 1568/35/3
f 1627/2/3 1568/2/3 1626/2/3
f 1628/2/3 1570/2/3 1569/2/3
f 1628/35/3 1569/35/3 1627/35/3
f 1629/35/3 1571/35/3 1570/35/3
f 1629/2/3 1570/2/3 1628/2/3
f 1630/35/3 1571/35/3 1629/35/3
f 1631/38/3 1598/38/3 1571/38/3
f 1631/35/3 1571/35/3 1630/35/3
f 1632/35/3 1599/35/3 1598/35/3
f 1632/38/3 1598/38/3 1631/38/3
f 1633/32/3 1602/32/3 1601/32/3
f 1633/35/3 1599/35/3 1632/35/3
f 1633/32/3 1603/32/3 1602/32/3
f 1633/32/3 1600/32/3 1599/32/3
f 1633/32/3 1601/32/3 1600/32/3
f 1634/32/3 1603/32/3 1633/32/3
f 1635/36/3 1605/36/3 1604/36/3
f 1635/32/3 1603/32/3 1634/32/3
f 1635/36/3 1604/36/3 1603/36/3
f 1636/36/3 1605/36/3 1635/36/3
f 1637/45/3 1608/45/3 1607/45/3
f 1637/45/3 1607/45/3 1606/45/3
f 1638/22/3 1610/22/3 1609/22/3
f 1638/45/3 1608/45/3 1637/45/3
f 1638/22/3 1609/22/3 1608/22/3
f 1639/22/3 1610/22/3 1638/22/3
f 1640/20/3 1611/20/3 1610/20/3
f 1640/22/3 1610/22/3 1639/22/3
f 1641/45/3 1612/45/3 1611/45/3
f 1642/45/3 1362/45/3 1612/45/3
f 1642/45/3 1612/45/3 1641/45/3
f 1643/17/3 1616/17/3 1615/17/3
f 1643/6/3 1617/6/3 1616/6/3
f 1643/6/3 1618/6/3 1617/6/3
f 1644/6/3 1618/6/3 1643/6/3
f 1645/5/3 1555/5/3 1618/5/3
f 1645/6/3 1618/6/3 1644/6/3
f 1646/5/3 1555/5/3 1645/5/3
f 1647/5/3 1555/5/3 1646/5/3
f 1648/5/3 1555/5/3 1647/5/3
f 1649/17/3 1556/17/3 1555/17/3
f 1649/5/3 1555/5/3 1648/5/3
f 1650/45/3 1621/45/3 1290/45/3
f 1650/32/3 1622/32/3 1621/32/3
f 1651/40/3 1623/40/3 1622/40/3
f 1651/32/3 1622/32/3 1650/32/3
f 1652/40/3 1623/40/3 1651/40/3
f 1653/32/3 1624/32/3 1623/32/3
f 1653/40/3 1623/40/3 1652/40/3
f 1653/32/3 1625/32/3 1624/32/3
f 1654/32/3 1563/32/3 1625/32/3
f 1654/32/3 1625/32/3 1653/32/3
f 1655/29/3 1596/29/3 1563/29/3
f 1655/32/3 1563/32/3 1654/32/3
f 1656/34/3 1597/34/3 1596/34/3
f 1656/29/3 1596/29/3 1655/29/3
f 1657/34/3 1566/34/3 1597/34/3
f 1657/34/3 1597/34/3 1656/34/3
f 1658/35/3 1495/35/3 1524/35/3
f 1658/34/3 1566/34/3 1657/34/3
f 1658/34/3 1524/34/3 1566/34/3
f 1659/32/3 101/32/3 1495/32/3
f 1659/35/3 1495/35/3 1658/35/3
f 1660/35/3 1627/35/3 1626/35/3
f 1660/2/3 1628/2/3 1627/2/3
f 1661/35/3 1629/35/3 1628/35/3
f 1661/2/3 1628/2/3 1660/2/3
f 1661/35/3 1630/35/3 1629/35/3
f 1662/35/3 1630/35/3 1661/35/3
f 1663/38/3 1631/38/3 1630/38/3
f 1663/35/3 1630/35/3 1662/35/3
f 1664/34/3 1636/34/3 1635/34/3
f 1664/32/3 1635/32/3 1634/32/3
f 1665/36/3 1605/36/3 1636/36/3
f 1665/34/3 1636/34/3 1664/34/3
f 1666/36/3 1605/36/3 1665/36/3
f 1667/34/3 1543/34/3 1605/34/3
f 1667/36/3 1605/36/3 1666/36/3
f 1668/36/3 1577/36/3 1543/36/3
f 1668/34/3 1543/34/3 1667/34/3
f 1669/34/3 1606/34/3 1577/34/3
f 1669/36/3 1577/36/3 1668/36/3
f 1670/34/3 1606/34/3 1669/34/3
f 1671/45/3 1637/45/3 1606/45/3
f 1671/34/3 1606/34/3 1670/34/3
f 1672/22/3 1639/22/3 1638/22/3
f 1672/22/3 1638/22/3 1637/22/3
f 1673/21/3 1640/21/3 1639/21/3
f 1673/22/3 1639/22/3 1672/22/3
f 1674/20/3 1611/20/3 1640/20/3
f 1674/21/3 1640/21/3 1673/21/3
f 1675/45/3 1641/45/3 1611/45/3
f 1675/20/3 1611/20/3 1674/20/3
f 1676/34/3 1642/34/3 1641/34/3
f 1676/45/3 1641/45/3 1675/45/3
f 1677/34/3 1642/34/3 1676/34/3
f 1678/45/3 1362/45/3 1642/45/3
f 1678/34/3 1642/34/3 1677/34/3
f 1679/17/3 1644/17/3 1643/17/3
f 1679/6/3 1646/6/3 1645/6/3
f 1679/6/3 1645/6/3 1644/6/3
f 1680/6/3 1646/6/3 1679/6/3
f 1681/5/3 1647/5/3 1646/5/3
f 1681/6/3 1646/6/3 1680/6/3
f 1682/5/3 1647/5/3 1681/5/3
f 1683/5/3 1647/5/3 1682/5/3
f 1684/6/3 1648/6/3 1647/6/3
f 1684/5/3 1647/5/3 1683/5/3
f 1685/17/3 1649/17/3 1648/17/3
f 1685/6/3 1648/6/3 1684/6/3
f 1686/37/3 1652/37/3 1651/37/3
f 1686/37/3 1651/37/3 1650/37/3
f 1686/45/3 1650/45/3 1290/45/3
f 1687/37/3 1652/37/3 1686/37/3
f 1688/38/3 1653/38/3 1652/38/3
f 1688/37/3 1652/37/3 1687/37/3
f 1688/38/3 1654/38/3 1653/38/3
f 1689/38/3 1654/38/3 1688/38/3
f 1690/32/3 1655/32/3 1654/32/3
f 1690/38/3 1654/38/3 1689/38/3
f 1691/35/3 1660/35/3 1626/35/3
f 1691/35/3 1662/35/3 1661/35/3
f 1691/35/3 1661/35/3 1660/35/3
f 1692/35/3 1662/35/3 1691/35/3
f 1693/35/3 1662/35/3 1692/35/3
f 1694/38/3 1663/38/3 1662/38/3
f 1694/35/3 1662/35/3 1693/35/3
f 1695/38/3 1631/38/3 1663/38/3
f 1695/38/3 1663/38/3 1694/38/3
f 1696/35/3 1632/35/3 1631/35/3
f 1696/38/3 1631/38/3 1695/38/3
f 1696/35/3 1634/35/3 1633/35/3
f 1696/35/3 1633/35/3 1632/35/3
f 1697/45/3 1637/45/3 1671/45/3
f 1697/45/3 1671/45/3 1670/45/3
f 1698/22/3 1672/22/3 1637/22/3
f 1698/45/3 1637/45/3 1697/45/3
f 1699/21/3 1673/21/3 1672/21/3
f 1699/22/3 1672/22/3 1698/22/3
f 1700/20/3 1674/20/3 1673/20/3
f 1700/21/3 1673/21/3 1699/21/3
f 1701/45/3 1675/45/3 1674/45/3
f 1701/20/3 1674/20/3 1700/20/3
f 1702/34/3 1677/34/3 1676/34/3
f 1702/45/3 1675/45/3 1701/45/3
f 1702/34/3 1676/34/3 1675/34/3
f 1703/45/3 1678/45/3 1677/45/3
f 1703/34/3 1677/34/3 1702/34/3
f 1704/45/3 1362/45/3 1678/45/3
f 1704/45/3 1678/45/3 1703/45/3
f 1705/24/3 1613/24/3 1362/24/3
f 1705/41/3 1614/41/3 1613/41/3
f 1706/26/3 915/26/3 1614/26/3
f 1706/41/3 1614/41/3 1705/41/3
f 1707/6/3 1682/6/3 1681/6/3
f 1707/17/3 1680/17/3 1679/17/3
f 1707/6/3 1681/6/3 1680/6/3
f 1708/6/3 1682/6/3 1707/6/3
f 1709/5/3 1683/5/3 1682/5/3
f 1709/6/3 1682/6/3 1708/6/3
f 1710/5/3 1683/5/3 1709/5/3
f 1711/5/3 1683/5/3 1710/5/3
f 1712/6/3 1684/6/3 1683/6/3
f 1712/5/3 1683/5/3 1711/5/3
f 1713/17/3 1685/17/3 1684/17/3
f 1713/6/3 1684/6/3 1712/6/3
f 1714/32/3 1690/32/3 1689/32/3
f 1714/33/3 1689/33/3 1688/33/3
f 1715/32/3 1690/32/3 1714/32/3
f 1716/32/3 1690/32/3 1715/32/3
f 1717/32/3 1690/32/3 1716/32/3
f 1718/32/3 1655/32/3 1690/32/3
f 1718/32/3 1690/32/3 1717/32/3
f 1719/33/3 1657/33/3 1656/33/3
f 1719/32/3 1655/32/3 1718/32/3
f 1719/33/3 1656/33/3 1655/33/3
f 1720/32/3 1626/32/3 100/32/3
f 1720/35/3 1691/35/3 1626/35/3
f 1721/2/3 1692/2/3 1691/2/3
f 1721/35/3 1691/35/3 1720/35/3
f 1722/35/3 1693/35/3 1692/35/3
f 1722/2/3 1692/2/3 1721/2/3
f 1723/35/3 1693/35/3 1722/35/3
f 1724/35/3 1693/35/3 1723/35/3
f 1725/38/3 1695/38/3 1694/38/3
f 1725/35/3 1693/35/3 1724/35/3
f 1725/38/3 1694/38/3 1693/38/3
f 1726/35/3 1634/35/3 1696/35/3
f 1726/35/3 1696/35/3 1695/35/3
f 1727/32/3 1664/32/3 1634/32/3
f 1727/35/3 1634/35/3 1726/35/3
f 1728/21/3 1699/21/3 1698/21/3
f 1728/21/3 1698/21/3 1697/21/3
f 1728/45/3 1697/45/3 1670/45/3
f 1729/45/3 1701/45/3 1700/45/3
f 1729/21/3 1699/21/3 1728/21/3
f 1729/45/3 1703/45/3 1702/45/3
f 1729/45/3 1700/45/3 1699/45/3
f 1729/45/3 1702/45/3 1701/45/3
f 1730/45/3 1703/45/3 1729/45/3
f 1731/22/3 1704/22/3 1703/22/3
f 1731/45/3 1703/45/3 1730/45/3
f 1732/24/3 1705/24/3 1362/24/3
f 1732/25/3 1706/25/3 1705/25/3
f 1733/26/3 915/26/3 1706/26/3
f 1733/25/3 1706/25/3 1732/25/3
f 1734/17/3 1708/17/3 1707/17/3
f 1734/6/3 1710/6/3 1709/6/3
f 1734/6/3 1709/6/3 1708/6/3
f 1735/6/3 1710/6/3 1734/6/3
f 1736/5/3 1711/5/3 1710/5/3
f 1736/6/3 1710/6/3 1735/6/3
f 1737/5/3 1711/5/3 1736/5/3
f 1738/5/3 1711/5/3 1737/5/3
f 1739/6/3 1712/6/3 1711/6/3
f 1739/5/3 1711/5/3 1738/5/3
f 1740/17/3 1713/17/3 1712/17/3
f 1740/6/3 1712/6/3 1739/6/3
f 1741/31/3 1687/31/3 1686/31/3
f 1741/45/3 1686/45/3 1290/45/3
f 1742/32/3 1688/32/3 1687/32/3
f 1742/31/3 1687/31/3 1741/31/3
f 1743/33/3 1717/33/3 1716/33/3
f 1743/32/3 1716/32/3 1715/32/3
f 1744/33/3 1717/33/3 1743/33/3
f 1745/33/3 1657/33/3 1719/33/3
f 1745/29/3 1719/29/3 1718/29/3
f 1746/33/3 1657/33/3 1745/33/3
f 1747/34/3 1658/34/3 1657/34/3
f 1747/33/3 1657/33/3 1746/33/3
f 1747/34/3 1659/34/3 1658/34/3
f 1748/34/3 1659/34/3 1747/34/3
f 1749/38/3 1695/38/3 1725/38/3
f 1749/38/3 1725/38/3 1724/38/3
f 1750/35/3 1726/35/3 1695/35/3
f 1750/38/3 1695/38/3 1749/38/3
f 1751/35/3 1726/35/3 1750/35/3
f 1752/32/3 1727/32/3 1726/32/3
f 1752/35/3 1726/35/3 1751/35/3
f 1753/32/3 1664/32/3 1727/32/3
f 1753/32/3 1727/32/3 1752/32/3
f 1754/32/3 1664/32/3 1753/32/3
f 1755/32/3 1664/32/3 1754/32/3
f 1756/32/3 1664/32/3 1755/32/3
f 1757/36/3 1666/36/3 1665/36/3
f 1757/32/3 1664/32/3 1756/32/3
f 1757/36/3 1665/36/3 1664/36/3
f 1758/36/3 1666/36/3 1757/36/3
f 1759/34/3 1667/34/3 1666/34/3
f 1759/36/3 1666/36/3 1758/36/3
f 1759/34/3 1670/34/3 1669/34/3
f 1759/34/3 1668/34/3 1667/34/3
f 1759/34/3 1669/34/3 1668/34/3
f 1760/34/3 1670/34/3 1759/34/3
f 1761/34/3 1670/34/3 1760/34/3
f 1762/45/3 1728/45/3 1670/45/3
f 1762/34/3 1670/34/3 1761/34/3
f 1762/45/3 1730/45/3 1729/45/3
f 1762/45/3 1729/45/3 1728/45/3
f 1763/45/3 1730/45/3 1762/45/3
f 1764/22/3 1731/22/3 1730/22/3
f 1764/45/3 1730/45/3 1763/45/3
f 1765/22/3 1731/22/3 1764/22/3
f 1766/22/3 1704/22/3 1731/22/3
f 1766/22/3 1731/22/3 1765/22/3
f 1766/45/3 1362/45/3 1704/45/3
f 1767/17/3 1735/17/3 1734/17/3
f 1767/6/3 1736/6/3 1735/6/3
f 1767/6/3 1737/6/3 1736/6/3
f 1768/5/3 1738/5/3 1737/5/3
f 1768/6/3 1737/6/3 1767/6/3
f 1769/6/3 1739/6/3 1738/6/3
f 1769/5/3 1738/5/3 1768/5/3
f 1770/17/3 1740/17/3 1739/17/3
f 1770/6/3 1739/6/3 1769/6/3
f 1771/33/3 1715/33/3 1714/33/3
f 1772/32/3 1744/32/3 1743/32/3
f 1772/33/3 1715/33/3 1771/33/3
f 1772/32/3 1743/32/3 1715/32/3
f 1773/32/3 1746/32/3 1745/32/3
f 1773/33/3 1747/33/3 1746/33/3
f 1774/29/3 1748/29/3 1747/29/3
f 1774/33/3 1747/33/3 1773/33/3
f 1775/32/3 1720/32/3 100/32/3
f 1775/2/3 1721/2/3 1720/2/3
f 1776/35/3 1722/35/3 1721/35/3
f 1776/2/3 1721/2/3 1775/2/3
f 1777/2/3 1723/2/3 1722/2/3
f 1777/35/3 1722/35/3 1776/35/3
f 1778/35/3 1724/35/3 1723/35/3
f 1778/2/3 1723/2/3 1777/2/3
f 1779/35/3 1724/35/3 1778/35/3
f 1780/38/3 1749/38/3 1724/38/3
f 1780/35/3 1724/35/3 1779/35/3
f 1781/35/3 1751/35/3 1750/35/3
f 1781/38/3 1749/38/3 1780/38/3
f 1781/35/3 1750/35/3 1749/35/3
f 1782/45/3 1763/45/3 1762/45/3
f 1782/45/3 1762/45/3 1761/45/3
f 1783/22/3 1765/22/3 1764/22/3
f 1783/45/3 1763/45/3 1782/45/3
f 1783/22/3 1764/22/3 1763/22/3
f 1784/22/3 1765/22/3 1783/22/3
f 1785/22/3 1765/22/3 1784/22/3
f 1786/21/3 1766/21/3 1765/21/3
f 1786/22/3 1765/22/3 1785/22/3
f 1787/21/3 1766/21/3 1786/21/3
f 1788/45/3 1362/45/3 1766/45/3
f 1788/21/3 1766/21/3 1787/21/3
f 1789/35/3 1733/35/3 1732/35/3
f 1789/24/3 1732/24/3 1362/24/3
f 1790/26/3 915/26/3 1733/26/3
f 1790/35/3 1733/35/3 1789/35/3
f 1791/17/3 1768/17/3 1767/17/3
f 1791/6/3 1769/6/3 1768/6/3
f 1792/17/3 1770/17/3 1769/17/3
f 1792/6/3 1769/6/3 1791/6/3
f 1793/17/3 1713/17/3 1740/17/3
f 1793/17/3 1770/17/3 1792/17/3
f 1793/17/3 1740/17/3 1770/17/3
f 1793/17/3 1685/17/3 1713/17/3
f 1793/17/3 1649/17/3 1685/17/3
f 1793/17/3 1556/17/3 1649/17/3
f 1794/18/3 1557/18/3 1556/18/3
f 1794/17/3 1556/17/3 1793/17/3
f 1795/32/3 1718/32/3 1717/32/3
f 1795/33/3 1717/33/3 1744/33/3
f 1796/32/3 1718/32/3 1795/32/3
f 1797/29/3 1745/29/3 1718/29/3
f 1797/32/3 1718/32/3 1796/32/3
f 1798/32/3 1774/32/3 1773/32/3
f 1798/29/3 1745/29/3 1797/29/3
f 1798/32/3 1773/32/3 1745/32/3
f 1799/34/3 1659/34/3 1748/34/3
f 1799/29/3 1748/29/3 1774/29/3
f 1800/32/3 101/32/3 1659/32/3
f 1800/34/3 1659/34/3 1799/34/3
f 1801/2/3 1777/2/3 1776/2/3
f 1801/35/3 1776/35/3 1775/35/3
f 1802/35/3 1779/35/3 1778/35/3
f 1802/2/3 1777/2/3 1801/2/3
f 1802/35/3 1778/35/3 1777/35/3
f 1803/40/3 1754/40/3 1753/40/3
f 1803/32/3 1753/32/3 1752/32/3
f 1804/32/3 1755/32/3 1754/32/3
f 1804/40/3 1754/40/3 1803/40/3
f 1805/38/3 1756/38/3 1755/38/3
f 1805/32/3 1755/32/3 1804/32/3
f 1806/34/3 1757/34/3 1756/34/3
f 1806/38/3 1756/38/3 1805/38/3
f 1807/36/3 1760/36/3 1759/36/3
f 1807/34/3 1759/34/3 1758/34/3
f 1808/34/3 1761/34/3 1760/34/3
f 1808/36/3 1760/36/3 1807/36/3
f 1809/34/3 1761/34/3 1808/34/3
f 1810/45/3 1782/45/3 1761/45/3
f 1810/34/3 1761/34/3 1809/34/3
f 1811/22/3 1784/22/3 1783/22/3
f 1811/22/3 1783/22/3 1782/22/3
f 1812/22/3 1784/22/3 1811/22/3
f 1813/21/3 1785/21/3 1784/21/3
f 1813/22/3 1784/22/3 1812/22/3
f 1814/20/3 1786/20/3 1785/20/3
f 1814/21/3 1785/21/3 1813/21/3
f 1814/20/3 1787/20/3 1786/20/3
f 1815/45/3 1788/45/3 1787/45/3
f 1815/20/3 1787/20/3 1814/20/3
f 1816/45/3 1788/45/3 1815/45/3
f 1817/45/3 1788/45/3 1816/45/3
f 1818/45/3 1362/45/3 1788/45/3
f 1818/45/3 1788/45/3 1817/45/3
f 1819/24/3 1789/24/3 1362/24/3
f 1819/45/3 1362/45/3 1818/45/3
f 1820/25/3 1790/25/3 1789/25/3
f 1820/24/3 1789/24/3 1819/24/3
f 1821/32/3 1688/32/3 1742/32/3
f 1821/33/3 1742/33/3 1741/33/3
f 1822/32/3 1688/32/3 1821/32/3
f 1823/32/3 1774/32/3 1798/32/3
f 1823/29/3 1800/29/3 1799/29/3
f 1823/29/3 1799/29/3 1774/29/3
f 1823/32/3 1798/32/3 1797/32/3
f 1823/32/3 1797/32/3 1796/32/3
f 1824/29/3 1800/29/3 1823/29/3
f 1825/35/3 1802/35/3 1801/35/3
f 1826/35/3 1779/35/3 1802/35/3
f 1826/35/3 1802/35/3 1825/35/3
f 1827/35/3 1779/35/3 1826/35/3
f 1828/38/3 1780/38/3 1779/38/3
f 1828/35/3 1779/35/3 1827/35/3
f 1829/35/3 1781/35/3 1780/35/3
f 1829/38/3 1780/38/3 1828/38/3
f 1830/35/3 1751/35/3 1781/35/3
f 1830/35/3 1781/35/3 1829/35/3
f 1831/35/3 1751/35/3 1830/35/3
f 1832/34/3 1757/34/3 1806/34/3
f 1832/34/3 1806/34/3 1805/34/3
f 1833/36/3 1758/36/3 1757/36/3
f 1833/34/3 1757/34/3 1832/34/3
f 1834/45/3 1782/45/3 1810/45/3
f 1834/45/3 1810/45/3 1809/45/3
f 1835/22/3 1811/22/3 1782/22/3
f 1835/45/3 1782/45/3 1834/45/3
f 1836/22/3 1811/22/3 1835/22/3
f 1837/21/3 1812/21/3 1811/21/3
f 1837/22/3 1811/22/3 1836/22/3
f 1838/20/3 1813/20/3 1812/20/3
f 1838/21/3 1812/21/3 1837/21/3
f 1838/20/3 1814/20/3 1813/20/3
f 1839/45/3 1816/45/3 1815/45/3
f 1839/20/3 1814/20/3 1838/20/3
f 1839/45/3 1815/45/3 1814/45/3
f 1840/45/3 1816/45/3 1839/45/3
f 1841/22/3 1817/22/3 1816/22/3
f 1841/45/3 1816/45/3 1840/45/3
f 1842/22/3 1817/22/3 1841/22/3
f 1843/21/3 1818/21/3 1817/21/3
f 1843/22/3 1817/22/3 1842/22/3
f 1844/45/3 1820/45/3 1819/45/3
f 1844/21/3 1818/21/3 1843/21/3
f 1844/45/3 1819/45/3 1818/45/3
f 1845/17/3 1792/17/3 1791/17/3
f 1845/17/3 1791/17/3 1767/17/3
f 1845/17/3 1615/17/3 1587/17/3
f 1845/18/3 1062/18/3 1032/18/3
f 1845/17/3 1767/17/3 1734/17/3
f 1845/17/3 1484/17/3 1062/17/3
f 1845/17/3 1793/17/3 1792/17/3
f 1845/17/3 1511/17/3 1484/17/3
f 1845/17/3 1587/17/3 1550/17/3
f 1845/17/3 1550/17/3 1511/17/3
f 1845/17/3 1734/17/3 1707/17/3
f 1845/17/3 1643/17/3 1615/17/3
f 1845/17/3 1707/17/3 1679/17/3
f 1845/17/3 1679/17/3 1643/17/3
f 1846/17/3 1793/17/3 1845/17/3
f 1847/17/3 1793/17/3 1846/17/3
f 1848/17/3 1793/17/3 1847/17/3
f 1849/33/3 1822/33/3 1821/33/3
f 1849/33/3 1821/33/3 1741/33/3
f 1850/33/3 1822/33/3 1849/33/3
f 1851/32/3 1688/32/3 1822/32/3
f 1851/33/3 1822/33/3 1850/33/3
f 1852/33/3 1714/33/3 1688/33/3
f 1852/32/3 1688/32/3 1851/32/3
f 1852/33/3 1771/33/3 1714/33/3
f 1853/33/3 1771/33/3 1852/33/3
f 1854/32/3 1772/32/3 1771/32/3
f 1854/32/3 1744/32/3 1772/32/3
f 1855/32/3 1744/32/3 1854/32/3
f 1856/32/3 1824/32/3 1823/32/3
f 1856/32/3 1823/32/3 1796/32/3
f 1857/32/3 1824/32/3 1856/32/3
f 1858/29/3 1800/29/3 1824/29/3
f 1858/32/3 1824/32/3 1857/32/3
f 1859/29/3 1800/29/3 1858/29/3
f 1860/35/3 1801/35/3 1775/35/3
f 1860/32/3 1775/32/3 100/32/3
f 1860/35/3 1825/35/3 1801/35/3
f 1861/35/3 1825/35/3 1860/35/3
f 1862/35/3 1825/35/3 1861/35/3
f 1863/2/3 1826/2/3 1825/2/3
f 1863/35/3 1825/35/3 1862/35/3
f 1864/35/3 1827/35/3 1826/35/3
f 1864/2/3 1826/2/3 1863/2/3
f 1865/35/3 1827/35/3 1864/35/3
f 1866/35/3 1829/35/3 1828/35/3
f 1866/35/3 1830/35/3 1829/35/3
f 1866/32/3 1831/32/3 1830/32/3
f 1867/35/3 1751/35/3 1831/35/3
f 1867/32/3 1831/32/3 1866/32/3
f 1868/33/3 1752/33/3 1751/33/3
f 1868/35/3 1751/35/3 1867/35/3
f 1869/32/3 1804/32/3 1803/32/3
f 1869/33/3 1752/33/3 1868/33/3
f 1869/32/3 1803/32/3 1752/32/3
f 1870/32/3 1804/32/3 1869/32/3
f 1871/38/3 1805/38/3 1804/38/3
f 1871/32/3 1804/32/3 1870/32/3
f 1872/34/3 1832/34/3 1805/34/3
f 1872/38/3 1805/38/3 1871/38/3
f 1873/36/3 1833/36/3 1832/36/3
f 1873/34/3 1832/34/3 1872/34/3
f 1874/22/3 1835/22/3 1834/22/3
f 1874/22/3 1836/22/3 1835/22/3
f 1875/21/3 1837/21/3 1836/21/3
f 1875/22/3 1836/22/3 1874/22/3
f 1876/20/3 1838/20/3 1837/20/3
f 1876/21/3 1837/21/3 1875/21/3
f 1877/45/3 1839/45/3 1838/45/3
f 1877/20/3 1838/20/3 1876/20/3
f 1877/45/3 1840/45/3 1839/45/3
f 1878/45/3 1840/45/3 1877/45/3
f 1879/45/3 1840/45/3 1878/45/3
f 1880/22/3 1842/22/3 1841/22/3
f 1880/22/3 1841/22/3 1840/22/3
f 1881/22/3 1842/22/3 1880/22/3
f 1882/45/3 1844/45/3 1843/45/3
f 1882/22/3 1842/22/3 1881/22/3
f 1882/45/3 1843/45/3 1842/45/3
f 1883/45/3 1844/45/3 1882/45/3
f 1884/45/3 1820/45/3 1844/45/3
f 1884/45/3 1844/45/3 1883/45/3
f 1885/24/3 1090/24/3 849/24/3
f 1885/23/3 1091/23/3 1090/23/3
f 1886/45/3 1092/45/3 1091/45/3
f 1886/23/3 1091/23/3 1885/23/3
f 1887/45/3 1031/45/3 1092/45/3
f 1887/45/3 1092/45/3 1886/45/3
f 1888/18/3 1846/18/3 1845/18/3
f 1888/17/3 1847/17/3 1846/17/3
f 1889/18/3 1848/18/3 1847/18/3
f 1889/17/3 1847/17/3 1888/17/3
f 1890/17/3 1793/17/3 1848/17/3
f 1890/18/3 1848/18/3 1889/18/3
f 1891/18/3 1794/18/3 1793/18/3
f 1891/17/3 1793/17/3 1890/17/3
f 1892/33/3 1849/33/3 1741/33/3
f 1892/45/3 1741/45/3 1290/45/3
f 1893/31/3 1850/31/3 1849/31/3
f 1893/33/3 1849/33/3 1892/33/3
f 1894/33/3 1771/33/3 1853/33/3
f 1895/32/3 1854/32/3 1771/32/3
f 1895/33/3 1771/33/3 1894/33/3
f 1896/41/3 1855/41/3 1854/41/3
f 1896/32/3 1854/32/3 1895/32/3
f 1897/32/3 1744/32/3 1855/32/3
f 1897/41/3 1855/41/3 1896/41/3
f 1898/33/3 1796/33/3 1795/33/3
f 1898/32/3 1744/32/3 1897/32/3
f 1898/33/3 1795/33/3 1744/33/3
f 1899/33/3 1796/33/3 1898/33/3
f 1900/40/3 1857/40/3 1856/40/3
f 1900/32/3 1856/32/3 1796/32/3
f 1901/39/3 1858/39/3 1857/39/3
f 1901/40/3 1857/40/3 1900/40/3
f 1902/32/3 1859/32/3 1858/32/3
f 1902/39/3 1858/39/3 1901/39/3
f 1903/35/3 1827/35/3 1865/35/3
f 1904/38/3 1828/38/3 1827/38/3
f 1904/35/3 1827/35/3 1903/35/3
f 1905/35/3 1866/35/3 1828/35/3
f 1905/38/3 1828/38/3 1904/38/3
f 1906/35/3 1866/35/3 1905/35/3
f 1907/34/3 1809/34/3 1808/34/3
f 1907/34/3 1808/34/3 1807/34/3
f 1908/45/3 1834/45/3 1809/45/3
f 1908/34/3 1809/34/3 1907/34/3
f 1909/22/3 1874/22/3 1834/22/3
f 1909/45/3 1834/45/3 1908/45/3
f 1910/21/3 1875/21/3 1874/21/3
f 1910/22/3 1874/22/3 1909/22/3
f 1911/20/3 1876/20/3 1875/20/3
f 1911/21/3 1875/21/3 1910/21/3
f 1912/45/3 1877/45/3 1876/45/3
f 1912/20/3 1876/20/3 1911/20/3
f 1912/45/3 1878/45/3 1877/45/3
f 1913/45/3 1878/45/3 1912/45/3
f 1914/11/3 1879/11/3 1878/11/3
f 1914/45/3 1878/45/3 1913/45/3
f 1915/45/3 1840/45/3 1879/45/3
f 1915/11/3 1879/11/3 1914/11/3
f 1916/22/3 1880/22/3 1840/22/3
f 1916/45/3 1840/45/3 1915/45/3
f 1917/21/3 1881/21/3 1880/21/3
f 1917/22/3 1880/22/3 1916/22/3
f 1918/45/3 1883/45/3 1882/45/3
f 1918/21/3 1881/21/3 1917/21/3
f 1918/45/3 1882/45/3 1881/45/3
f 1919/45/3 1883/45/3 1918/45/3
f 1920/35/3 1884/35/3 1883/35/3
f 1920/45/3 1883/45/3 1919/45/3
f 1921/18/3 1889/18/3 1888/18/3
f 1921/18/3 1888/18/3 1845/18/3
f 1921/31/3 1032/31/3 1031/31/3
f 1921/18/3 1890/18/3 1889/18/3
f 1921/18/3 1891/18/3 1890/18/3
f 1921/18/3 1845/18/3 1032/18/3
f 1922/31/3 1591/31/3 1557/31/3
f 1922/18/3 1891/18/3 1921/18/3
f 1922/18/3 1557/18/3 1794/18/3
f 1922/18/3 1794/18/3 1891/18/3
f 1923/45/3 1619/45/3 1591/45/3
f 1923/31/3 1591/31/3 1922/31/3
f 1924/31/3 1850/31/3 1893/31/3
f 1924/34/3 1893/34/3 1892/34/3
f 1925/33/3 1851/33/3 1850/33/3
f 1925/31/3 1850/31/3 1924/31/3
f 1925/33/3 1852/33/3 1851/33/3
f 1926/33/3 1852/33/3 1925/33/3
f 1927/32/3 1896/32/3 1895/32/3
f 1927/32/3 1895/32/3 1894/32/3
f 1927/32/3 1897/32/3 1896/32/3
f 1927/32/3 1898/32/3 1897/32/3
f 1927/32/3 1899/32/3 1898/32/3
f 1927/33/3 1894/33/3 1853/33/3
f 1928/32/3 1899/32/3 1927/32/3
f 1929/32/3 1899/32/3 1928/32/3
f 1930/33/3 1796/33/3 1899/33/3
f 1930/32/3 1899/32/3 1929/32/3
f 1931/32/3 1901/32/3 1900/32/3
f 1931/33/3 1796/33/3 1930/33/3
f 1931/32/3 1900/32/3 1796/32/3
f 1931/32/3 1902/32/3 1901/32/3
f 1932/2/3 1861/2/3 1860/2/3
f 1932/32/3 1860/32/3 100/32/3
f 1933/35/3 1862/35/3 1861/35/3
f 1933/2/3 1861/2/3 1932/2/3
f 1934/2/3 1863/2/3 1862/2/3
f 1934/35/3 1862/35/3 1933/35/3
f 1935/35/3 1864/35/3 1863/35/3
f 1935/2/3 1863/2/3 1934/2/3
f 1936/2/3 1865/2/3 1864/2/3
f 1936/35/3 1864/35/3 1935/35/3
f 1937/35/3 1903/35/3 1865/35/3
f 1937/2/3 1865/2/3 1936/2/3
f 1938/38/3 1904/38/3 1903/38/3
f 1938/35/3 1903/35/3 1937/35/3
f 1939/32/3 1905/32/3 1904/32/3
f 1939/38/3 1904/38/3 1938/38/3
f 1939/32/3 1906/32/3 1905/32/3
f 1940/32/3 1868/32/3 1867/32/3
f 1940/33/3 1867/33/3 1866/33/3
f 1940/32/3 1869/32/3 1868/32/3
f 1940/32/3 1870/32/3 1869/32/3
f 1941/32/3 1870/32/3 1940/32/3
f 1942/32/3 1870/32/3 1941/32/3
f 1943/38/3 1871/38/3 1870/38/3
f 1943/32/3 1870/32/3 1942/32/3
f 1944/34/3 1872/34/3 1871/34/3
f 1944/38/3 1871/38/3 1943/38/3
f 1945/36/3 1758/36/3 1833/36/3
f 1945/36/3 1833/36/3 1873/36/3
f 1945/36/3 1873/36/3 1872/36/3
f 1946/34/3 1807/34/3 1758/34/3
f 1946/36/3 1758/36/3 1945/36/3
f 1946/34/3 1907/34/3 1807/34/3
f 1947/22/3 1910/22/3 1909/22/3
f 1947/22/3 1909/22/3 1908/22/3
f 1948/20/3 1911/20/3 1910/20/3
f 1948/22/3 1910/22/3 1947/22/3
f 1949/45/3 1912/45/3 1911/45/3
f 1949/20/3 1911/20/3 1948/20/3
f 1949/45/3 1913/45/3 1912/45/3
f 1950/45/3 1913/45/3 1949/45/3
f 1951/34/3 1914/34/3 1913/34/3
f 1951/45/3 1913/45/3 1950/45/3
f 1952/22/3 1917/22/3 1916/22/3
f 1952/22/3 1916/22/3 1915/22/3
f 1953/45/3 1918/45/3 1917/45/3
f 1953/22/3 1917/22/3 1952/22/3
f 1953/45/3 1919/45/3 1918/45/3
f 1954/45/3 1919/45/3 1953/45/3
f 1955/35/3 1920/35/3 1919/35/3
f 1955/45/3 1919/45/3 1954/45/3
f 1956/35/3 1884/35/3 1920/35/3
f 1956/35/3 1920/35/3 1955/35/3
f 1957/45/3 1820/45/3 1884/45/3
f 1957/35/3 1884/35/3 1956/35/3
f 1958/25/3 1790/25/3 1820/25/3
f 1958/45/3 1820/45/3 1957/45/3
f 1959/26/3 915/26/3 1790/26/3
f 1959/25/3 1790/25/3 1958/25/3
f 1960/28/3 849/28/3 915/28/3
f 1960/26/3 915/26/3 1959/26/3
f 1961/24/3 1886/24/3 1885/24/3
f 1961/23/3 1887/23/3 1886/23/3
f 1962/45/3 1031/45/3 1887/45/3
f 1962/23/3 1887/23/3 1961/23/3
f 1963/31/3 1921/31/3 1031/31/3
f 1963/45/3 1031/45/3 1962/45/3
f 1963/31/3 1922/31/3 1921/31/3
f 1964/45/3 1923/45/3 1922/45/3
f 1964/31/3 1922/31/3 1963/31/3
f 1965/45/3 1619/45/3 1923/45/3
f 1965/45/3 1923/45/3 1964/45/3
f 1966/24/3 1620/24/3 1619/24/3
f 1966/45/3 1619/45/3 1965/45/3
f 1967/33/3 1928/33/3 1927/33/3
f 1967/32/3 1853/32/3 1852/32/3
f 1967/33/3 1927/33/3 1853/33/3
f 1968/32/3 1929/32/3 1928/32/3
f 1968/33/3 1928/33/3 1967/33/3
f 1969/32/3 1929/32/3 1968/32/3
f 1970/41/3 1930/41/3 1929/41/3
f 1970/32/3 1929/32/3 1969/32/3
f 1971/32/3 1931/32/3 1930/32/3
f 1971/41/3 1930/41/3 1970/41/3
f 1972/35/3 1933/35/3 1932/35/3
f 1972/2/3 1934/2/3 1933/2/3
f 1973/35/3 1938/35/3 1937/35/3
f 1973/2/3 1934/2/3 1972/2/3
f 1973/35/3 1937/35/3 1936/35/3
f 1973/35/3 1936/35/3 1935/35/3
f 1973/35/3 1935/35/3 1934/35/3
f 1974/32/3 1939/32/3 1938/32/3
f 1974/35/3 1938/35/3 1973/35/3
f 1975/32/3 1906/32/3 1939/32/3
f 1975/32/3 1939/32/3 1974/32/3
f 1976/32/3 1906/32/3 1975/32/3
f 1977/35/3 1866/35/3 1906/35/3
f 1977/32/3 1906/32/3 1976/32/3
f 1978/33/3 1940/33/3 1866/33/3
f 1978/35/3 1866/35/3 1977/35/3
f 1978/33/3 1941/33/3 1940/33/3
f 1979/33/3 1941/33/3 1978/33/3
f 1980/32/3 1942/32/3 1941/32/3
f 1980/33/3 1941/33/3 1979/33/3
f 1981/45/3 1950/45/3 1949/45/3
f 1981/45/3 1949/45/3 1948/45/3
f 1982/34/3 1951/34/3 1950/34/3
f 1982/45/3 1950/45/3 1981/45/3
f 1983/35/3 1956/35/3 1955/35/3
f 1983/35/3 1955/35/3 1954/35/3
f 1984/32/3 1957/32/3 1956/32/3
f 1984/35/3 1956/35/3 1983/35/3
f 1985/35/3 1959/35/3 1958/35/3
f 1985/35/3 1958/35/3 1957/35/3
f 1985/45/3 1960/45/3 1959/45/3
f 1986/28/3 849/28/3 1960/28/3
f 1986/45/3 1960/45/3 1985/45/3
f 1987/24/3 1962/24/3 1961/24/3
f 1987/28/3 849/28/3 1986/28/3
f 1987/24/3 1961/24/3 1885/24/3
f 1987/24/3 1885/24/3 849/24/3
f 1987/24/3 1963/24/3 1962/24/3
f 1988/45/3 1964/45/3 1963/45/3
f 1988/24/3 1963/24/3 1987/24/3
f 1988/45/3 1965/45/3 1964/45/3
f 1989/45/3 1965/45/3 1988/45/3
f 1990/45/3 1965/45/3 1989/45/3
f 1991/24/3 1966/24/3 1965/24/3
f 1991/45/3 1965/45/3 1990/45/3
f 1992/33/3 1852/33/3 1926/33/3
f 1992/31/3 1926/31/3 1925/31/3
f 1993/33/3 1852/33/3 1992/33/3
f 1994/32/3 1967/32/3 1852/32/3
f 1994/33/3 1852/33/3 1993/33/3
f 1995/38/3 1968/38/3 1967/38/3
f 1995/32/3 1967/32/3 1994/32/3
f 1996/37/3 1969/37/3 1968/37/3
f 1996/38/3 1968/38/3 1995/38/3
f 1997/32/3 1970/32/3 1969/32/3
f 1997/37/3 1969/37/3 1996/37/3
f 1997/32/3 1971/32/3 1970/32/3
f 1998/32/3 1971/32/3 1997/32/3
f 1999/32/3 1931/32/3 1971/32/3
f 1999/32/3 1971/32/3 1998/32/3
f 1999/32/3 1902/32/3 1931/32/3
f 2000/29/3 1800/29/3 1859/29/3
f 2000/32/3 1902/32/3 1999/32/3
f 2000/32/3 1859/32/3 1902/32/3
f 2001/35/3 1974/35/3 1973/35/3
f 2001/35/3 1973/35/3 1972/35/3
f 2002/35/3 1974/35/3 2001/35/3
f 2003/35/3 1974/35/3 2002/35/3
f 2004/33/3 1975/33/3 1974/33/3
f 2004/35/3 1974/35/3 2003/35/3
f 2005/32/3 1976/32/3 1975/32/3
f 2005/33/3 1975/33/3 2004/33/3
f 2006/35/3 1979/35/3 1978/35/3
f 2006/32/3 1976/32/3 2005/32/3
f 2006/35/3 1978/35/3 1977/35/3
f 2006/35/3 1977/35/3 1976/35/3
f 2007/32/3 1980/32/3 1979/32/3
f 2007/35/3 1979/35/3 2006/35/3
f 2008/32/3 1942/32/3 1980/32/3
f 2008/32/3 1980/32/3 2007/32/3
f 2009/36/3 1945/36/3 1872/36/3
f 2009/34/3 1872/34/3 1944/34/3
f 2010/36/3 1945/36/3 2009/36/3
f 2011/36/3 1945/36/3 2010/36/3
f 2012/34/3 1946/34/3 1945/34/3
f 2012/36/3 1945/36/3 2011/36/3
f 2013/45/3 1981/45/3 1948/45/3
f 2013/34/3 1982/34/3 1981/34/3
f 2014/34/3 1951/34/3 1982/34/3
f 2014/34/3 1982/34/3 2013/34/3
f 2015/45/3 1915/45/3 1914/45/3
f 2015/22/3 1952/22/3 1915/22/3
f 2016/20/3 1953/20/3 1952/20/3
f 2016/22/3 1952/22/3 2015/22/3
f 2017/45/3 1954/45/3 1953/45/3
f 2017/20/3 1953/20/3 2016/20/3
f 2018/35/3 1983/35/3 1954/35/3
f 2019/32/3 1984/32/3 1983/32/3
f 2019/35/3 1983/35/3 2018/35/3
f 2020/24/3 1989/24/3 1988/24/3
f 2020/45/3 1990/45/3 1989/45/3
f 2020/24/3 1988/24/3 1987/24/3
f 2021/24/3 1991/24/3 1990/24/3
f 2021/45/3 1990/45/3 2020/45/3
f 2022/31/3 1993/31/3 1992/31/3
f 2022/34/3 1925/34/3 1924/34/3
f 2022/31/3 1992/31/3 1925/31/3
f 2023/31/3 1993/31/3 2022/31/3
f 2024/33/3 1998/33/3 1997/33/3
f 2024/33/3 1995/33/3 1994/33/3
f 2024/33/3 1996/33/3 1995/33/3
f 2024/33/3 1994/33/3 1993/33/3
f 2024/33/3 1997/33/3 1996/33/3
f 2025/33/3 1998/33/3 2024/33/3
f 2026/32/3 1999/32/3 1998/32/3
f 2026/33/3 1998/33/3 2025/33/3
f 2027/40/3 2000/40/3 1999/40/3
f 2027/32/3 1999/32/3 2026/32/3
f 2028/40/3 2000/40/3 2027/40/3
f 2029/29/3 1800/29/3 2000/29/3
f 2029/40/3 2000/40/3 2028/40/3
f 2030/35/3 1972/35/3 1932/35/3
f 2030/32/3 1932/32/3 100/32/3
f 2030/35/3 2001/35/3 1972/35/3
f 2031/2/3 2002/2/3 2001/2/3
f 2031/35/3 2001/35/3 2030/35/3
f 2032/35/3 2003/35/3 2002/35/3
f 2033/32/3 2004/32/3 2003/32/3
f 2033/35/3 2003/35/3 2032/35/3
f 2034/33/3 2005/33/3 2004/33/3
f 2034/32/3 2004/32/3 2033/32/3
f 2035/35/3 2007/35/3 2006/35/3
f 2035/35/3 2008/35/3 2007/35/3
f 2035/35/3 2006/35/3 2005/35/3
f 2036/35/3 2008/35/3 2035/35/3
f 2037/35/3 2008/35/3 2036/35/3
f 2038/32/3 1942/32/3 2008/32/3
f 2038/35/3 2008/35/3 2037/35/3
f 2039/32/3 1942/32/3 2038/32/3
f 2040/38/3 1943/38/3 1942/38/3
f 2040/32/3 1942/32/3 2039/32/3
f 2041/35/3 1944/35/3 1943/35/3
f 2041/38/3 1943/38/3 2040/38/3
f 2042/34/3 2009/34/3 1944/34/3
f 2042/35/3 1944/35/3 2041/35/3
f 2042/34/3 2010/34/3 2009/34/3
f 2043/34/3 2010/34/3 2042/34/3
f 2044/36/3 2011/36/3 2010/36/3
f 2044/34/3 2010/34/3 2043/34/3
f 2045/45/3 2013/45/3 1948/45/3
f 2045/21/3 1948/21/3 1947/21/3
f 2045/45/3 2014/45/3 2013/45/3
f 2046/45/3 2014/45/3 2045/45/3
f 2047/45/3 2015/45/3 1914/45/3
f 2047/21/3 2016/21/3 2015/21/3
f 2048/45/3 2017/45/3 2016/45/3
f 2048/21/3 2016/21/3 2047/21/3
f 2049/45/3 1954/45/3 2017/45/3
f 2049/45/3 2017/45/3 2048/45/3
f 2050/35/3 2018/35/3 1954/35/3
f 2050/45/3 1954/45/3 2049/45/3
f 2051/32/3 1957/32/3 1984/32/3
f 2051/32/3 1984/32/3 2019/32/3
f 2051/32/3 2019/32/3 2018/32/3
f 2052/35/3 1986/35/3 1985/35/3
f 2052/32/3 1957/32/3 2051/32/3
f 2052/35/3 1985/35/3 1957/35/3
f 2053/35/3 1986/35/3 2052/35/3
f 2054/35/3 1986/35/3 2053/35/3
f 2055/45/3 1987/45/3 1986/45/3
f 2055/24/3 2020/24/3 1987/24/3
f 2055/24/3 2021/24/3 2020/24/3
f 2056/23/3 1290/23/3 1289/23/3
f 2056/24/3 2021/24/3 2055/24/3
f 2056/24/3 1966/24/3 1991/24/3
f 2056/24/3 1289/24/3 1620/24/3
f 2056/24/3 1620/24/3 1966/24/3
f 2056/24/3 1991/24/3 2021/24/3
f 2057/34/3 1924/34/3 1892/34/3
f 2057/45/3 1892/45/3 1290/45/3
f 2057/34/3 2022/34/3 1924/34/3
f 2058/33/3 2023/33/3 2022/33/3
f 2058/34/3 2022/34/3 2057/34/3
f 2059/31/3 1993/31/3 2023/31/3
f 2059/33/3 2023/33/3 2058/33/3
f 2060/33/3 2024/33/3 1993/33/3
f 2060/31/3 1993/31/3 2059/31/3
f 2061/33/3 2024/33/3 2060/33/3
f 2062/40/3 2025/40/3 2024/40/3
f 2062/33/3 2024/33/3 2061/33/3
f 2063/39/3 2026/39/3 2025/39/3
f 2063/40/3 2025/40/3 2062/40/3
f 2063/39/3 2027/39/3 2026/39/3
f 2064/32/3 2028/32/3 2027/32/3
f 2064/39/3 2027/39/3 2063/39/3
f 2065/32/3 2028/32/3 2064/32/3
f 2066/29/3 2029/29/3 2028/29/3
f 2066/32/3 2028/32/3 2065/32/3
f 2067/29/3 1800/29/3 2029/29/3
f 2067/29/3 2029/29/3 2066/29/3
f 2068/32/3 101/32/3 1800/32/3
f 2068/29/3 1800/29/3 2067/29/3
f 2069/32/3 2030/32/3 100/32/3
f 2069/2/3 2031/2/3 2030/2/3
f 2070/2/3 2002/2/3 2031/2/3
f 2070/2/3 2031/2/3 2069/2/3
f 2071/35/3 2032/35/3 2002/35/3
f 2071/32/3 2033/32/3 2032/32/3
f 2072/33/3 2034/33/3 2033/33/3
f 2072/32/3 2033/32/3 2071/32/3
f 2073/33/3 2005/33/3 2034/33/3
f 2073/33/3 2034/33/3 2072/33/3
f 2074/35/3 2035/35/3 2005/35/3
f 2074/33/3 2005/33/3 2073/33/3
f 2075/36/3 2011/36/3 2044/36/3
f 2075/36/3 2044/36/3 2043/36/3
f 2076/34/3 2012/34/3 2011/34/3
f 2076/36/3 2011/36/3 2075/36/3
f 2077/22/3 1947/22/3 1908/22/3
f 2077/21/3 2046/21/3 2045/21/3
f 2077/21/3 2045/21/3 1947/21/3
f 2078/21/3 2046/21/3 2077/21/3
f 2079/20/3 2048/20/3 2047/20/3
f 2079/45/3 2047/45/3 1914/45/3
f 2080/45/3 2049/45/3 2048/45/3
f 2080/20/3 2048/20/3 2079/20/3
f 2081/35/3 2018/35/3 2050/35/3
f 2081/35/3 2050/35/3 2049/35/3
f 2082/32/3 2051/32/3 2018/32/3
f 2082/35/3 2018/35/3 2081/35/3
f 2083/35/3 1986/35/3 2054/35/3
f 2083/34/3 2054/34/3 2053/34/3
f 2084/45/3 2055/45/3 1986/45/3
f 2084/35/3 1986/35/3 2083/35/3
f 2085/23/3 2056/23/3 2055/23/3
f 2085/45/3 2055/45/3 2084/45/3
f 2086/23/3 1290/23/3 2056/23/3
f 2086/23/3 2056/23/3 2085/23/3
f 2086/45/3 2057/45/3 1290/45/3
f 2087/40/3 2061/40/3 2060/40/3
f 2087/45/3 2057/45/3 2086/45/3
f 2087/40/3 2058/40/3 2057/40/3
f 2087/40/3 2059/40/3 2058/40/3
f 2087/40/3 2060/40/3 2059/40/3
f 2088/40/3 2061/40/3 2087/40/3
f 2089/40/3 2061/40/3 2088/40/3
f 2090/32/3 2063/32/3 2062/32/3
f 2090/40/3 2061/40/3 2089/40/3
f 2090/32/3 2062/32/3 2061/32/3
f 2090/32/3 2065/32/3 2064/32/3
f 2090/32/3 2064/32/3 2063/32/3
f 2091/32/3 2065/32/3 2090/32/3
f 2092/29/3 2067/29/3 2066/29/3
f 2092/32/3 2065/32/3 2091/32/3
f 2092/29/3 2066/29/3 2065/29/3
f 2093/29/3 2067/29/3 2092/29/3
f 2094/34/3 2068/34/3 2067/34/3
f 2094/29/3 2067/29/3 2093/29/3
f 2095/2/3 2002/2/3 2070/2/3
f 2095/35/3 2070/35/3 2069/35/3
f 2096/35/3 2071/35/3 2002/35/3
f 2096/2/3 2002/2/3 2095/2/3
f 2097/33/3 2072/33/3 2071/33/3
f 2097/33/3 2073/33/3 2072/33/3
f 2098/35/3 2074/35/3 2073/35/3
f 2098/33/3 2073/33/3 2097/33/3
f 2099/35/3 2037/35/3 2036/35/3
f 2099/33/3 2036/33/3 2035/33/3
f 2100/33/3 2039/33/3 2038/33/3
f 2100/35/3 2037/35/3 2099/35/3
f 2100/33/3 2038/33/3 2037/33/3
f 2101/33/3 2039/33/3 2100/33/3
f 2102/38/3 2040/38/3 2039/38/3
f 2102/33/3 2039/33/3 2101/33/3
f 2103/35/3 2041/35/3 2040/35/3
f 2103/38/3 2040/38/3 2102/38/3
f 2104/36/3 2075/36/3 2043/36/3
f 2104/34/3 2043/34/3 2042/34/3
f 2105/36/3 2075/36/3 2104/36/3
f 2106/34/3 2076/34/3 2075/34/3
f 2106/36/3 2075/36/3 2105/36/3
f 2107/34/3 2012/34/3 2076/34/3
f 2107/34/3 2076/34/3 2106/34/3
f 2108/45/3 1908/45/3 1907/45/3
f 2108/22/3 2077/22/3 1908/22/3
f 2108/22/3 2078/22/3 2077/22/3
f 2109/22/3 2078/22/3 2108/22/3
f 2110/45/3 2049/45/3 2080/45/3
f 2110/35/3 2081/35/3 2049/35/3
f 2111/32/3 2082/32/3 2081/32/3
f 2111/35/3 2081/35/3 2110/35/3
f 2112/32/3 2051/32/3 2082/32/3
f 2112/32/3 2082/32/3 2111/32/3
f 2113/35/3 2052/35/3 2051/35/3
f 2113/32/3 2051/32/3 2112/32/3
f 2113/35/3 2053/35/3 2052/35/3
f 2114/45/3 2086/45/3 2085/45/3
f 2114/45/3 2085/45/3 2084/45/3
f 2114/34/3 2084/34/3 2083/34/3
f 2114/45/3 2087/45/3 2086/45/3
f 2115/45/3 2087/45/3 2114/45/3
f 2116/45/3 2087/45/3 2115/45/3
f 2117/45/3 2087/45/3 2116/45/3
f 2118/45/3 2087/45/3 2117/45/3
f 2119/45/3 2087/45/3 2118/45/3
f 2120/45/3 2087/45/3 2119/45/3
f 2121/45/3 2087/45/3 2120/45/3
f 2122/45/3 2087/45/3 2121/45/3
f 2123/45/3 2087/45/3 2122/45/3
f 2124/45/3 2087/45/3 2123/45/3
f 2125/45/3 2087/45/3 2124/45/3
f 2126/45/3 2087/45/3 2125/45/3
f 2127/32/3 2088/32/3 2087/32/3
f 2127/45/3 2087/45/3 2126/45/3
f 2128/29/3 2089/29/3 2088/29/3
f 2128/32/3 2088/32/3 2127/32/3
f 2129/32/3 2091/32/3 2090/32/3
f 2129/29/3 2089/29/3 2128/29/3
f 2129/32/3 2090/32/3 2089/32/3
f 2130/32/3 2091/32/3 2129/32/3
f 2131/32/3 2091/32/3 2130/32/3
f 2132/29/3 2093/29/3 2092/29/3
f 2132/32/3 2091/32/3 2131/32/3
f 2132/29/3 2092/29/3 2091/29/3
f 2133/29/3 2093/29/3 2132/29/3
f 2134/34/3 2094/34/3 2093/34/3
f 2134/29/3 2093/29/3 2133/29/3
f 2135/35/3 2071/35/3 2096/35/3
f 2135/33/3 2097/33/3 2071/33/3
f 2135/35/3 2096/35/3 2095/35/3
f 2136/35/3 2098/35/3 2097/35/3
f 2136/33/3 2097/33/3 2135/33/3
f 2137/35/3 2041/35/3 2103/35/3
f 2137/35/3 2103/35/3 2102/35/3
f 2138/33/3 2042/33/3 2041/33/3
f 2138/35/3 2041/35/3 2137/35/3
f 2139/34/3 2105/34/3 2104/34/3
f 2139/34/3 2104/34/3 2042/34/3
f 2140/34/3 2105/34/3 2139/34/3
f 2141/34/3 2012/34/3 2107/34/3
f 2141/34/3 1946/34/3 2012/34/3
f 2141/34/3 1907/34/3 1946/34/3
f 2142/34/3 1907/34/3 2141/34/3
f 2143/45/3 2109/45/3 2108/45/3
f 2143/34/3 1907/34/3 2142/34/3
f 2143/45/3 2108/45/3 1907/45/3
f 2144/45/3 2109/45/3 2143/45/3
f 2145/22/3 2078/22/3 2109/22/3
f 2145/45/3 2109/45/3 2144/45/3
f 2146/21/3 2046/21/3 2078/21/3
f 2146/22/3 2078/22/3 2145/22/3
f 2147/45/3 2014/45/3 2046/45/3
f 2147/21/3 2046/21/3 2146/21/3
f 2148/45/3 2079/45/3 1914/45/3
f 2148/21/3 2080/21/3 2079/21/3
f 2149/45/3 2110/45/3 2080/45/3
f 2149/21/3 2080/21/3 2148/21/3
f 2150/32/3 2111/32/3 2110/32/3
f 2150/45/3 2110/45/3 2149/45/3
f 2150/32/3 2112/32/3 2111/32/3
f 2151/35/3 2113/35/3 2112/35/3
f 2151/32/3 2112/32/3 2150/32/3
f 2152/35/3 2053/35/3 2113/35/3
f 2152/35/3 2113/35/3 2151/35/3
f 2152/34/3 2083/34/3 2053/34/3
f 2152/34/3 2114/34/3 2083/34/3
f 2152/34/3 2115/34/3 2114/34/3
f 2153/34/3 2115/34/3 2152/34/3
f 2154/34/3 2117/34/3 2116/34/3
f 2155/34/3 2117/34/3 2154/34/3
f 2156/34/3 2117/34/3 2155/34/3
f 2157/34/3 2117/34/3 2156/34/3
f 2158/31/3 2118/31/3 2117/31/3
f 2158/34/3 2117/34/3 2157/34/3
f 2159/32/3 2119/32/3 2118/32/3
f 2159/31/3 2118/31/3 2158/31/3
f 2160/32/3 2119/32/3 2159/32/3
f 2161/34/3 2120/34/3 2119/34/3
f 2161/32/3 2119/32/3 2160/32/3
f 2162/31/3 2121/31/3 2120/31/3
f 2162/34/3 2120/34/3 2161/34/3
f 2163/34/3 2122/34/3 2121/34/3
f 2163/31/3 2121/31/3 2162/31/3
f 2164/31/3 2123/31/3 2122/31/3
f 2164/34/3 2122/34/3 2163/34/3
f 2165/32/3 2124/32/3 2123/32/3
f 2165/31/3 2123/31/3 2164/31/3
f 2166/32/3 2124/32/3 2165/32/3
f 2167/34/3 2125/34/3 2124/34/3
f 2167/32/3 2124/32/3 2166/32/3
f 2168/31/3 2126/31/3 2125/31/3
f 2168/34/3 2125/34/3 2167/34/3
f 2169/34/3 2127/34/3 2126/34/3
f 2169/34/3 2128/34/3 2127/34/3
f 2170/34/3 2128/34/3 2169/34/3
f 2171/29/3 2129/29/3 2128/29/3
f 2171/34/3 2128/34/3 2170/34/3
f 2171/29/3 2130/29/3 2129/29/3
f 2172/29/3 2130/29/3 2171/29/3
f 2173/32/3 2131/32/3 2130/32/3
f 2173/29/3 2130/29/3 2172/29/3
f 2174/29/3 2133/29/3 2132/29/3
f 2174/32/3 2131/32/3 2173/32/3
f 2174/29/3 2132/29/3 2131/29/3
f 2175/34/3 2134/34/3 2133/34/3
f 2175/29/3 2133/29/3 2174/29/3
f 2176/33/3 2100/33/3 2099/33/3
f 2176/33/3 2101/33/3 2100/33/3
f 2177/38/3 2102/38/3 2101/38/3
f 2177/33/3 2101/33/3 2176/33/3
f 2178/33/3 2042/33/3 2138/33/3
f 2178/33/3 2138/33/3 2137/33/3
f 2179/34/3 2139/34/3 2042/34/3
f 2179/33/3 2042/33/3 2178/33/3
f 2180/45/3 2145/45/3 2144/45/3
f 2180/34/3 2144/34/3 2143/34/3
f 2180/45/3 2146/45/3 2145/45/3
f 2180/34/3 2143/34/3 2142/34/3
f 2181/45/3 2146/45/3 2180/45/3
f 2182/34/3 1951/34/3 2014/34/3
f 2182/45/3 2014/45/3 2147/45/3
f 2183/34/3 1914/34/3 1951/34/3
f 2183/34/3 1951/34/3 2182/34/3
f 2183/45/3 2149/45/3 2148/45/3
f 2183/45/3 2148/45/3 1914/45/3
f 2184/35/3 2151/35/3 2150/35/3
f 2184/35/3 2150/35/3 2149/35/3
f 2184/34/3 2115/34/3 2153/34/3
f 2184/35/3 2152/35/3 2151/35/3
f 2184/35/3 2153/35/3 2152/35/3
f 2185/31/3 2116/31/3 2115/31/3
f 2185/34/3 2115/34/3 2184/34/3
f 2186/34/3 2154/34/3 2116/34/3
f 2186/31/3 2116/31/3 2185/31/3
f 2187/34/3 2154/34/3 2186/34/3
f 2188/30/3 2155/30/3 2154/30/3
f 2188/34/3 2154/34/3 2187/34/3
f 2189/35/3 2156/35/3 2155/35/3
f 2189/30/3 2155/30/3 2188/30/3
f 2190/7/3 2159/7/3 2158/7/3
f 2190/34/3 2160/34/3 2159/34/3
f 2191/31/3 2161/31/3 2160/31/3
f 2191/34/3 2160/34/3 2190/34/3
f 2192/7/3 2162/7/3 2161/7/3
f 2192/31/3 2161/31/3 2191/31/3
f 2193/31/3 2163/31/3 2162/31/3
f 2193/7/3 2162/7/3 2192/7/3
f 2194/35/3 2164/35/3 2163/35/3
f 2194/31/3 2163/31/3 2193/31/3
f 2195/41/3 2167/41/3 2166/41/3
f 2195/34/3 2166/34/3 2165/34/3
f 2196/32/3 2168/32/3 2167/32/3
f 2196/41/3 2167/41/3 2195/41/3
f 2197/31/3 2126/31/3 2168/31/3
f 2197/34/3 2169/34/3 2126/34/3
f 2198/31/3 2170/31/3 2169/31/3
f 2198/34/3 2169/34/3 2197/34/3
f 2199/34/3 2171/34/3 2170/34/3
f 2199/31/3 2170/31/3 2198/31/3
f 2200/34/3 2171/34/3 2199/34/3
f 2201/34/3 2171/34/3 2200/34/3
f 2202/32/3 2172/32/3 2171/32/3
f 2202/34/3 2171/34/3 2201/34/3
f 2203/34/3 2173/34/3 2172/34/3
f 2203/32/3 2172/32/3 2202/32/3
f 2203/34/3 2174/34/3 2173/34/3
f 2203/34/3 2175/34/3 2174/34/3
f 2204/34/3 2175/34/3 2203/34/3
f 2205/34/3 2175/34/3 2204/34/3
f 2206/34/3 2175/34/3 2205/34/3
f 2207/34/3 2175/34/3 2206/34/3
f 2208/34/3 2134/34/3 2175/34/3
f 2208/34/3 2175/34/3 2207/34/3
f 2209/34/3 2134/34/3 2208/34/3
f 2210/34/3 2068/34/3 2094/34/3
f 2210/34/3 2134/34/3 2209/34/3
f 2210/34/3 2094/34/3 2134/34/3
f 2210/32/3 101/32/3 2068/32/3
f 2211/35/3 2074/35/3 2098/35/3
f 2211/35/3 2035/35/3 2074/35/3
f 2211/35/3 2098/35/3 2136/35/3
f 2211/35/3 2136/35/3 2135/35/3
f 2212/33/3 2099/33/3 2035/33/3
f 2212/35/3 2035/35/3 2211/35/3
f 2212/33/3 2176/33/3 2099/33/3
f 2213/38/3 2102/38/3 2177/38/3
f 2213/38/3 2177/38/3 2176/38/3
f 2214/35/3 2137/35/3 2102/35/3
f 2214/38/3 2102/38/3 2213/38/3
f 2215/33/3 2178/33/3 2137/33/3
f 2215/35/3 2137/35/3 2214/35/3
f 2216/35/3 2179/35/3 2178/35/3
f 2216/33/3 2178/33/3 2215/33/3
f 2217/34/3 2139/34/3 2179/34/3
f 2217/35/3 2179/35/3 2216/35/3
f 2218/38/3 2140/38/3 2139/38/3
f 2218/34/3 2139/34/3 2217/34/3
f 2219/34/3 2105/34/3 2140/34/3
f 2219/38/3 2140/38/3 2218/38/3
f 2220/36/3 2106/36/3 2105/36/3
f 2220/41/3 2107/41/3 2106/41/3
f 2221/34/3 2141/34/3 2107/34/3
f 2221/41/3 2107/41/3 2220/41/3
f 2222/34/3 2141/34/3 2221/34/3
f 2223/36/3 2142/36/3 2141/36/3
f 2223/34/3 2181/34/3 2180/34/3
f 2223/34/3 2180/34/3 2142/34/3
f 2224/34/3 2181/34/3 2223/34/3
f 2225/45/3 2182/45/3 2147/45/3
f 2225/45/3 2183/45/3 2182/45/3
f 2225/22/3 2147/22/3 2146/22/3
f 2226/45/3 2183/45/3 2225/45/3
f 2227/45/3 2149/45/3 2183/45/3
f 2227/45/3 2183/45/3 2226/45/3
f 2228/35/3 2184/35/3 2149/35/3
f 2228/45/3 2149/45/3 2227/45/3
f 2228/35/3 2185/35/3 2184/35/3
f 2229/31/3 2187/31/3 2186/31/3
f 2229/35/3 2185/35/3 2228/35/3
f 2229/31/3 2186/31/3 2185/31/3
f 2230/35/3 2188/35/3 2187/35/3
f 2230/31/3 2187/31/3 2229/31/3
f 2231/35/3 2188/35/3 2230/35/3
f 2232/31/3 2189/31/3 2188/31/3
f 2232/35/3 2188/35/3 2231/35/3
f 2233/35/3 2156/35/3 2189/35/3
f 2233/31/3 2189/31/3 2232/31/3
f 2234/7/3 2190/7/3 2158/7/3
f 2234/7/3 2191/7/3 2190/7/3
f 2235/31/3 2193/31/3 2192/31/3
f 2235/7/3 2191/7/3 2234/7/3
f 2235/31/3 2192/31/3 2191/31/3
f 2236/31/3 2193/31/3 2235/31/3
f 2237/34/3 2195/34/3 2165/34/3
f 2237/30/3 2196/30/3 2195/30/3
f 2238/32/3 2168/32/3 2196/32/3
f 2238/30/3 2196/30/3 2237/30/3
f 2239/34/3 2205/34/3 2204/34/3
f 2239/35/3 2204/35/3 2203/35/3
f 2240/34/3 2205/34/3 2239/34/3
f 2241/34/3 2205/34/3 2240/34/3
f 2242/35/3 2206/35/3 2205/35/3
f 2242/34/3 2205/34/3 2241/34/3
f 2243/34/3 2207/34/3 2206/34/3
f 2243/35/3 2206/35/3 2242/35/3
f 2244/34/3 2207/34/3 2243/34/3
f 2245/31/3 2208/31/3 2207/31/3
f 2245/34/3 2207/34/3 2244/34/3
f 2246/34/3 2209/34/3 2208/34/3
f 2246/31/3 2208/31/3 2245/31/3
f 2247/34/3 2209/34/3 2246/34/3
f 2248/35/3 2210/35/3 2209/35/3
f 2248/34/3 2209/34/3 2247/34/3
f 2249/35/3 2210/35/3 2248/35/3
f 2250/32/3 101/32/3 2210/32/3
f 2250/35/3 2210/35/3 2249/35/3
f 2251/33/3 2176/33/3 2212/33/3
f 2251/33/3 2212/33/3 2211/33/3
f 2252/38/3 2213/38/3 2176/38/3
f 2252/33/3 2176/33/3 2251/33/3
f 2253/22/3 2226/22/3 2225/22/3
f 2253/45/3 2146/45/3 2181/45/3
f 2253/22/3 2225/22/3 2146/22/3
f 2254/22/3 2226/22/3 2253/22/3
f 2255/45/3 2227/45/3 2226/45/3
f 2255/22/3 2226/22/3 2254/22/3
f 2256/45/3 2227/45/3 2255/45/3
f 2257/12/3 2229/12/3 2228/12/3
f 2257/12/3 2230/12/3 2229/12/3
f 2257/12/3 2228/12/3 2227/12/3
f 2257/12/3 2231/12/3 2230/12/3
f 2258/12/3 2231/12/3 2257/12/3
f 2259/35/3 2232/35/3 2231/35/3
f 2259/35/3 2233/35/3 2232/35/3
f 2260/35/3 2156/35/3 2233/35/3
f 2260/35/3 2233/35/3 2259/35/3
f 2261/30/3 2157/30/3 2156/30/3
f 2261/35/3 2156/35/3 2260/35/3
f 2262/35/3 2158/35/3 2157/35/3
f 2262/30/3 2157/30/3 2261/30/3
f 2263/7/3 2236/7/3 2235/7/3
f 2263/31/3 2235/31/3 2234/31/3
f 2264/31/3 2193/31/3 2236/31/3
f 2264/7/3 2236/7/3 2263/7/3
f 2265/7/3 2194/7/3 2193/7/3
f 2265/31/3 2193/31/3 2264/31/3
f 2266/35/3 2164/35/3 2194/35/3
f 2266/7/3 2194/7/3 2265/7/3
f 2267/34/3 2237/34/3 2165/34/3
f 2267/41/3 2238/41/3 2237/41/3
f 2268/32/3 2168/32/3 2238/32/3
f 2268/41/3 2238/41/3 2267/41/3
f 2269/32/3 2200/32/3 2199/32/3
f 2269/31/3 2199/31/3 2198/31/3
f 2270/33/3 2201/33/3 2200/33/3
f 2270/32/3 2200/32/3 2269/32/3
f 2271/31/3 2202/31/3 2201/31/3
f 2271/31/3 2203/31/3 2202/31/3
f 2272/35/3 2239/35/3 2203/35/3
f 2272/31/3 2203/31/3 2271/31/3
f 2272/35/3 2240/35/3 2239/35/3
f 2273/34/3 2241/34/3 2240/34/3
f 2273/35/3 2240/35/3 2272/35/3
f 2274/35/3 2244/35/3 2243/35/3
f 2274/34/3 2241/34/3 2273/34/3
f 2274/35/3 2242/35/3 2241/35/3
f 2274/35/3 2243/35/3 2242/35/3
f 2275/34/3 2245/34/3 2244/34/3
f 2275/35/3 2244/35/3 2274/35/3
f 2276/30/3 2246/30/3 2245/30/3
f 2276/34/3 2245/34/3 2275/34/3
f 2276/30/3 2247/30/3 2246/30/3
f 2277/30/3 2247/30/3 2276/30/3
f 2278/38/3 2213/38/3 2252/38/3
f 2278/38/3 2252/38/3 2251/38/3
f 2279/35/3 2216/35/3 2215/35/3
f 2279/38/3 2213/38/3 2278/38/3
f 2279/35/3 2215/35/3 2214/35/3
f 2279/35/3 2217/35/3 2216/35/3
f 2279/35/3 2214/35/3 2213/35/3
f 2280/35/3 2217/35/3 2279/35/3
f 2281/38/3 2218/38/3 2217/38/3
f 2281/35/3 2217/35/3 2280/35/3
f 2282/34/3 2219/34/3 2218/34/3
f 2282/38/3 2218/38/3 2281/38/3
f 2283/34/3 2105/34/3 2219/34/3
f 2283/34/3 2219/34/3 2282/34/3
f 2284/36/3 2220/36/3 2105/36/3
f 2284/34/3 2105/34/3 2283/34/3
f 2285/34/3 2181/34/3 2224/34/3
f 2285/45/3 2254/45/3 2253/45/3
f 2285/45/3 2253/45/3 2181/45/3
f 2286/45/3 2254/45/3 2285/45/3
f 2287/22/3 2256/22/3 2255/22/3
f 2287/45/3 2254/45/3 2286/45/3
f 2287/22/3 2255/22/3 2254/22/3
f 2288/22/3 2256/22/3 2287/22/3
f 2289/45/3 2227/45/3 2256/45/3
f 2289/22/3 2256/22/3 2288/22/3
f 2290/12/3 2257/12/3 2227/12/3
f 2290/45/3 2227/45/3 2289/45/3
f 2291/12/3 2257/12/3 2290/12/3
f 2292/14/3 2258/14/3 2257/14/3
f 2292/12/3 2257/12/3 2291/12/3
f 2293/14/3 2258/14/3 2292/14/3
f 2294/12/3 2231/12/3 2258/12/3
f 2294/14/3 2258/14/3 2293/14/3
f 2295/35/3 2259/35/3 2231/35/3
f 2295/12/3 2231/12/3 2294/12/3
f 2296/35/3 2259/35/3 2295/35/3
f 2297/35/3 2158/35/3 2262/35/3
f 2297/7/3 2234/7/3 2158/7/3
f 2298/31/3 2263/31/3 2234/31/3
f 2298/7/3 2234/7/3 2297/7/3
f 2298/31/3 2264/31/3 2263/31/3
f 2299/31/3 2264/31/3 2298/31/3
f 2300/7/3 2265/7/3 2264/7/3
f 2300/31/3 2264/31/3 2299/31/3
f 2301/31/3 2266/31/3 2265/31/3
f 2301/7/3 2265/7/3 2300/7/3
f 2302/34/3 2267/34/3 2165/34/3
f 2302/30/3 2268/30/3 2267/30/3
f 2303/32/3 2168/32/3 2268/32/3
f 2303/30/3 2268/30/3 2302/30/3
f 2304/31/3 2269/31/3 2198/31/3
f 2305/33/3 2270/33/3 2269/33/3
f 2305/31/3 2269/31/3 2304/31/3
f 2306/31/3 2271/31/3 2201/31/3
f 2306/33/3 2270/33/3 2305/33/3
f 2306/33/3 2201/33/3 2270/33/3
f 2307/35/3 2274/35/3 2273/35/3
f 2307/31/3 2271/31/3 2306/31/3
f 2307/35/3 2273/35/3 2272/35/3
f 2307/35/3 2276/35/3 2275/35/3
f 2307/35/3 2275/35/3 2274/35/3
f 2307/35/3 2272/35/3 2271/35/3
f 2308/35/3 2249/35/3 2248/35/3
f 2308/35/3 2248/35/3 2247/35/3
f 2309/35/3 2249/35/3 2308/35/3
f 2310/33/3 2250/33/3 2249/33/3
f 2310/35/3 2249/35/3 2309/35/3
f 2311/32/3 101/32/3 2250/32/3
f 2311/33/3 2250/33/3 2310/33/3
f 2312/35/3 2211/35/3 2135/35/3
f 2313/33/3 2251/33/3 2211/33/3
f 2313/35/3 2211/35/3 2312/35/3
f 2314/33/3 2251/33/3 2313/33/3
f 2315/38/3 2278/38/3 2251/38/3
f 2315/33/3 2251/33/3 2314/33/3
f 2316/36/3 2220/36/3 2284/36/3
f 2316/38/3 2284/38/3 2283/38/3
f 2317/36/3 2220/36/3 2316/36/3
f 2318/36/3 2222/36/3 2221/36/3
f 2318/34/3 2221/34/3 2220/34/3
f 2319/34/3 2141/34/3 2222/34/3
f 2319/36/3 2222/36/3 2318/36/3
f 2320/22/3 2289/22/3 2288/22/3
f 2320/45/3 2288/45/3 2287/45/3
f 2320/45/3 2287/45/3 2286/45/3
f 2321/12/3 2290/12/3 2289/12/3
f 2321/22/3 2289/22/3 2320/22/3
f 2322/12/3 2292/12/3 2291/12/3
f 2322/16/3 2291/16/3 2290/16/3
f 2323/15/3 2293/15/3 2292/15/3
f 2323/12/3 2292/12/3 2322/12/3
f 2324/15/3 2293/15/3 2323/15/3
f 2325/15/3 2293/15/3 2324/15/3
f 2326/15/3 2293/15/3 2325/15/3
f 2327/15/3 2293/15/3 2326/15/3
f 2328/15/3 2293/15/3 2327/15/3
f 2329/31/3 2298/31/3 2297/31/3
f 2329/34/3 2299/34/3 2298/34/3
f 2330/41/3 2300/41/3 2299/41/3
f 2330/34/3 2299/34/3 2329/34/3
f 2331/32/3 2301/32/3 2300/32/3
f 2331/41/3 2300/41/3 2330/41/3
f 2332/31/3 2266/31/3 2301/31/3
f 2332/32/3 2301/32/3 2331/32/3
f 2333/31/3 2165/31/3 2164/31/3
f 2333/34/3 2302/34/3 2165/34/3
f 2334/41/3 2303/41/3 2302/41/3
f 2334/34/3 2302/34/3 2333/34/3
f 2335/32/3 2168/32/3 2303/32/3
f 2335/41/3 2303/41/3 2334/41/3
f 2336/31/3 2197/31/3 2168/31/3
f 2336/32/3 2168/32/3 2335/32/3
f 2337/33/3 2306/33/3 2305/33/3
f 2337/33/3 2307/33/3 2306/33/3
f 2338/35/3 2276/35/3 2307/35/3
f 2338/33/3 2307/33/3 2337/33/3
f 2339/35/3 2276/35/3 2338/35/3
f 2340/31/3 2277/31/3 2276/31/3
f 2340/35/3 2276/35/3 2339/35/3
f 2341/30/3 2247/30/3 2277/30/3
f 2341/31/3 2277/31/3 2340/31/3
f 2342/35/3 2308/35/3 2247/35/3
f 2342/30/3 2247/30/3 2341/30/3
f 2343/38/3 2278/38/3 2315/38/3
f 2343/38/3 2315/38/3 2314/38/3
f 2344/35/3 2280/35/3 2279/35/3
f 2344/38/3 2278/38/3 2343/38/3
f 2344/35/3 2279/35/3 2278/35/3
f 2345/35/3 2280/35/3 2344/35/3
f 2346/38/3 2281/38/3 2280/38/3
f 2346/35/3 2280/35/3 2345/35/3
f 2347/34/3 2282/34/3 2281/34/3
f 2347/38/3 2281/38/3 2346/38/3
f 2347/34/3 2283/34/3 2282/34/3
f 2348/34/3 2283/34/3 2347/34/3
f 2349/38/3 2316/38/3 2283/38/3
f 2349/34/3 2283/34/3 2348/34/3
f 2350/34/3 2317/34/3 2316/34/3
f 2350/38/3 2316/38/3 2349/38/3
f 2351/36/3 2220/36/3 2317/36/3
f 2351/34/3 2317/34/3 2350/34/3
f 2352/36/3 2220/36/3 2351/36/3
f 2353/34/3 2318/34/3 2220/34/3
f 2353/36/3 2220/36/3 2352/36/3
f 2353/34/3 2319/34/3 2318/34/3
f 2354/34/3 2319/34/3 2353/34/3
f 2355/34/3 2286/34/3 2285/34/3
f 2355/34/3 2285/34/3 2224/34/3
f 2356/45/3 2320/45/3 2286/45/3
f 2356/34/3 2286/34/3 2355/34/3
f 2356/45/3 2321/45/3 2320/45/3
f 2357/45/3 2321/45/3 2356/45/3
f 2358/12/3 2290/12/3 2321/12/3
f 2358/45/3 2321/45/3 2357/45/3
f 2359/16/3 2322/16/3 2290/16/3
f 2359/12/3 2290/12/3 2358/12/3
f 2359/16/3 2323/16/3 2322/16/3
f 2360/15/3 2325/15/3 2324/15/3
f 2361/10/3 2326/10/3 2325/10/3
f 2361/15/3 2325/15/3 2360/15/3
f 2362/10/3 2326/10/3 2361/10/3
f 2363/10/3 2326/10/3 2362/10/3
f 2364/15/3 2327/15/3 2326/15/3
f 2364/10/3 2326/10/3 2363/10/3
f 2365/15/3 2327/15/3 2364/15/3
f 2366/15/3 2327/15/3 2365/15/3
f 2367/10/3 2328/10/3 2327/10/3
f 2367/15/3 2327/15/3 2366/15/3
f 2368/10/3 2328/10/3 2367/10/3
f 2369/10/3 2328/10/3 2368/10/3
f 2370/15/3 2293/15/3 2328/15/3
f 2370/10/3 2328/10/3 2369/10/3
f 2371/15/3 2293/15/3 2370/15/3
f 2372/12/3 2294/12/3 2293/12/3
f 2372/15/3 2293/15/3 2371/15/3
f 2373/13/3 2295/13/3 2294/13/3
f 2373/12/3 2294/12/3 2372/12/3
f 2374/12/3 2296/12/3 2295/12/3
f 2374/13/3 2295/13/3 2373/13/3
f 2375/35/3 2259/35/3 2296/35/3
f 2375/12/3 2296/12/3 2374/12/3
f 2376/35/3 2259/35/3 2375/35/3
f 2377/31/3 2260/31/3 2259/31/3
f 2377/35/3 2259/35/3 2376/35/3
f 2378/35/3 2261/35/3 2260/35/3
f 2378/31/3 2260/31/3 2377/31/3
f 2379/35/3 2297/35/3 2262/35/3
f 2379/31/3 2329/31/3 2297/31/3
f 2380/7/3 2331/7/3 2330/7/3
f 2380/31/3 2329/31/3 2379/31/3
f 2380/7/3 2332/7/3 2331/7/3
f 2380/7/3 2330/7/3 2329/7/3
f 2381/7/3 2332/7/3 2380/7/3
f 2382/31/3 2266/31/3 2332/31/3
f 2382/7/3 2332/7/3 2381/7/3
f 2383/35/3 2164/35/3 2266/35/3
f 2383/31/3 2266/31/3 2382/31/3
f 2384/32/3 2335/32/3 2334/32/3
f 2384/31/3 2333/31/3 2164/31/3
f 2384/32/3 2334/32/3 2333/32/3
f 2385/34/3 2336/34/3 2335/34/3
f 2385/32/3 2335/32/3 2384/32/3
f 2386/31/3 2197/31/3 2336/31/3
f 2386/34/3 2336/34/3 2385/34/3
f 2387/35/3 2198/35/3 2197/35/3
f 2388/31/3 2304/31/3 2198/31/3
f 2388/35/3 2198/35/3 2387/35/3
f 2389/33/3 2337/33/3 2305/33/3
f 2390/30/3 2338/30/3 2337/30/3
f 2390/33/3 2337/33/3 2389/33/3
f 2391/35/3 2308/35/3 2342/35/3
f 2391/38/3 2309/38/3 2308/38/3
f 2391/35/3 2342/35/3 2341/35/3
f 2392/35/3 2310/35/3 2309/35/3
f 2392/38/3 2309/38/3 2391/38/3
f 2392/35/3 2311/35/3 2310/35/3
f 2393/35/3 2311/35/3 2392/35/3
f 2394/35/3 2312/35/3 2135/35/3
f 2395/33/3 2314/33/3 2313/33/3
f 2395/35/3 2312/35/3 2394/35/3
f 2395/33/3 2313/33/3 2312/33/3
f 2396/33/3 2314/33/3 2395/33/3
f 2397/38/3 2343/38/3 2314/38/3
f 2397/33/3 2314/33/3 2396/33/3
f 2398/34/3 2352/34/3 2351/34/3
f 2398/34/3 2350/34/3 2349/34/3
f 2398/34/3 2351/34/3 2350/34/3
f 2399/34/3 2352/34/3 2398/34/3
f 2400/34/3 2355/34/3 2224/34/3
f 2400/40/3 2356/40/3 2355/40/3
f 2401/34/3 2357/34/3 2356/34/3
f 2401/40/3 2356/40/3 2400/40/3
f 2402/12/3 2324/12/3 2323/12/3
f 2402/15/3 2360/15/3 2324/15/3
f 2403/10/3 2361/10/3 2360/10/3
f 2403/15/3 2360/15/3 2402/15/3
f 2403/10/3 2362/10/3 2361/10/3
f 2404/10/3 2362/10/3 2403/10/3
f 2405/10/3 2362/10/3 2404/10/3
f 2406/8/3 2363/8/3 2362/8/3
f 2406/10/3 2362/10/3 2405/10/3
f 2407/10/3 2364/10/3 2363/10/3
f 2407/8/3 2363/8/3 2406/8/3
f 2407/10/3 2365/10/3 2364/10/3
f 2408/10/3 2365/10/3 2407/10/3
f 2409/10/3 2365/10/3 2408/10/3
f 2410/15/3 2366/15/3 2365/15/3
f 2410/10/3 2365/10/3 2409/10/3
f 2411/10/3 2367/10/3 2366/10/3
f 2411/15/3 2366/15/3 2410/15/3
f 2411/10/3 2368/10/3 2367/10/3
f 2412/10/3 2368/10/3 2411/10/3
f 2413/10/3 2368/10/3 2412/10/3
f 2414/8/3 2369/8/3 2368/8/3
f 2414/10/3 2368/10/3 2413/10/3
f 2415/10/3 2370/10/3 2369/10/3
f 2415/8/3 2369/8/3 2414/8/3
f 2415/10/3 2371/10/3 2370/10/3
f 2416/10/3 2371/10/3 2415/10/3
f 2417/10/3 2371/10/3 2416/10/3
f 2418/35/3 2378/35/3 2377/35/3
f 2418/35/3 2377/35/3 2376/35/3
f 2419/35/3 2261/35/3 2378/35/3
f 2419/35/3 2378/35/3 2418/35/3
f 2420/34/3 2381/34/3 2380/34/3
f 2420/7/3 2380/7/3 2379/7/3
f 2421/31/3 2382/31/3 2381/31/3
f 2421/34/3 2381/34/3 2420/34/3
f 2422/34/3 2385/34/3 2384/34/3
f 2422/31/3 2384/31/3 2164/31/3
f 2423/31/3 2386/31/3 2385/31/3
f 2423/34/3 2385/34/3 2422/34/3
f 2424/31/3 2197/31/3 2386/31/3
f 2424/31/3 2386/31/3 2423/31/3
f 2425/35/3 2387/35/3 2197/35/3
f 2425/31/3 2197/31/3 2424/31/3
f 2426/31/3 2388/31/3 2387/31/3
f 2426/35/3 2387/35/3 2425/35/3
f 2427/31/3 2304/31/3 2388/31/3
f 2427/31/3 2388/31/3 2426/31/3
f 2427/35/3 2305/35/3 2304/35/3
f 2428/33/3 2340/33/3 2339/33/3
f 2428/31/3 2341/31/3 2340/31/3
f 2429/35/3 2391/35/3 2341/35/3
f 2429/31/3 2341/31/3 2428/31/3
f 2429/35/3 2392/35/3 2391/35/3
f 2430/35/3 2392/35/3 2429/35/3
f 2431/38/3 2343/38/3 2397/38/3
f 2431/38/3 2397/38/3 2396/38/3
f 2432/35/3 2345/35/3 2344/35/3
f 2432/38/3 2343/38/3 2431/38/3
f 2432/35/3 2344/35/3 2343/35/3
f 2433/34/3 2348/34/3 2347/34/3
f 2433/34/3 2347/34/3 2346/34/3
f 2434/38/3 2349/38/3 2348/38/3
f 2434/34/3 2348/34/3 2433/34/3
f 2435/34/3 2398/34/3 2349/34/3
f 2435/38/3 2349/38/3 2434/38/3
f 2436/34/3 2400/34/3 2224/34/3
f 2436/36/3 2224/36/3 2223/36/3
f 2436/34/3 2401/34/3 2400/34/3
f 2437/34/3 2401/34/3 2436/34/3
f 2438/34/3 2357/34/3 2401/34/3
f 2438/34/3 2401/34/3 2437/34/3
f 2439/12/3 2358/12/3 2357/12/3
f 2439/34/3 2357/34/3 2438/34/3
f 2440/16/3 2359/16/3 2358/16/3
f 2440/12/3 2358/12/3 2439/12/3
f 2441/16/3 2323/16/3 2359/16/3
f 2441/16/3 2359/16/3 2440/16/3
f 2441/12/3 2402/12/3 2323/12/3
f 2442/10/3 2404/10/3 2403/10/3
f 2442/12/3 2402/12/3 2441/12/3
f 2442/10/3 2403/10/3 2402/10/3
f 2443/10/3 2404/10/3 2442/10/3
f 2444/8/3 2405/8/3 2404/8/3
f 2444/10/3 2404/10/3 2443/10/3
f 2445/7/3 2406/7/3 2405/7/3
f 2445/8/3 2405/8/3 2444/8/3
f 2445/7/3 2408/7/3 2407/7/3
f 2445/7/3 2407/7/3 2406/7/3
f 2446/8/3 2409/8/3 2408/8/3
f 2446/10/3 2412/10/3 2411/10/3
f 2446/10/3 2411/10/3 2410/10/3
f 2446/10/3 2410/10/3 2409/10/3
f 2447/10/3 2412/10/3 2446/10/3
f 2448/8/3 2413/8/3 2412/8/3
f 2448/10/3 2412/10/3 2447/10/3
f 2449/9/3 2414/9/3 2413/9/3
f 2449/8/3 2413/8/3 2448/8/3
f 2450/7/3 2416/7/3 2415/7/3
f 2450/9/3 2414/9/3 2449/9/3
f 2450/7/3 2415/7/3 2414/7/3
f 2451/9/3 2417/9/3 2416/9/3
f 2451/7/3 2416/7/3 2450/7/3
f 2452/10/3 2371/10/3 2417/10/3
f 2452/9/3 2417/9/3 2451/9/3
f 2453/12/3 2372/12/3 2371/12/3
f 2453/10/3 2371/10/3 2452/10/3
f 2454/13/3 2375/13/3 2374/13/3
f 2454/12/3 2372/12/3 2453/12/3
f 2454/13/3 2374/13/3 2373/13/3
f 2454/13/3 2373/13/3 2372/13/3
f 2455/13/3 2375/13/3 2454/13/3
f 2456/35/3 2261/35/3 2419/35/3
f 2456/31/3 2419/31/3 2418/31/3
f 2457/31/3 2262/31/3 2261/31/3
f 2457/35/3 2261/35/3 2456/35/3
f 2458/7/3 2420/7/3 2379/7/3
f 2458/35/3 2379/35/3 2262/35/3
f 2459/31/3 2421/31/3 2420/31/3
f 2459/7/3 2420/7/3 2458/7/3
f 2460/31/3 2382/31/3 2421/31/3
f 2460/31/3 2421/31/3 2459/31/3
f 2460/7/3 2383/7/3 2382/7/3
f 2461/35/3 2164/35/3 2383/35/3
f 2461/7/3 2383/7/3 2460/7/3
f 2462/31/3 2423/31/3 2422/31/3
f 2462/35/3 2164/35/3 2461/35/3
f 2462/31/3 2424/31/3 2423/31/3
f 2462/31/3 2422/31/3 2164/31/3
f 2463/35/3 2426/35/3 2425/35/3
f 2463/31/3 2424/31/3 2462/31/3
f 2463/35/3 2425/35/3 2424/35/3
f 2463/35/3 2427/35/3 2426/35/3
f 2464/41/3 2390/41/3 2389/41/3
f 2464/33/3 2389/33/3 2305/33/3
f 2465/30/3 2338/30/3 2390/30/3
f 2465/41/3 2390/41/3 2464/41/3
f 2466/35/3 2339/35/3 2338/35/3
f 2467/35/3 2339/35/3 2466/35/3
f 2468/35/3 2339/35/3 2467/35/3
f 2469/33/3 2428/33/3 2339/33/3
f 2469/35/3 2339/35/3 2468/35/3
f 2469/33/3 2429/33/3 2428/33/3
f 2470/33/3 2429/33/3 2469/33/3
f 2471/31/3 2430/31/3 2429/31/3
f 2471/33/3 2429/33/3 2470/33/3
f 2472/35/3 2392/35/3 2430/35/3
f 2472/31/3 2430/31/3 2471/31/3
f 2473/38/3 2393/38/3 2392/38/3
f 2473/35/3 2392/35/3 2472/35/3
f 2474/35/3 2311/35/3 2393/35/3
f 2474/38/3 2393/38/3 2473/38/3
f 2475/32/3 101/32/3 2311/32/3
f 2475/35/3 2311/35/3 2474/35/3
f 2476/33/3 2396/33/3 2395/33/3
f 2476/33/3 2395/33/3 2394/33/3
f 2477/38/3 2431/38/3 2396/38/3
f 2477/33/3 2396/33/3 2476/33/3
f 2478/32/3 2432/32/3 2431/32/3
f 2478/38/3 2431/38/3 2477/38/3
f 2479/35/3 2345/35/3 2432/35/3
f 2479/32/3 2432/32/3 2478/32/3
f 2480/35/3 2345/35/3 2479/35/3
f 2481/35/3 2345/35/3 2480/35/3
f 2482/38/3 2346/38/3 2345/38/3
f 2482/35/3 2345/35/3 2481/35/3
f 2483/34/3 2433/34/3 2346/34/3
f 2483/38/3 2346/38/3 2482/38/3
f 2484/34/3 2398/34/3 2435/34/3
f 2484/34/3 2435/34/3 2434/34/3
f 2485/38/3 2399/38/3 2398/38/3
f 2485/34/3 2398/34/3 2484/34/3
f 2486/34/3 2352/34/3 2399/34/3
f 2486/38/3 2399/38/3 2485/38/3
f 2487/16/3 2441/16/3 2440/16/3
f 2487/16/3 2440/16/3 2439/16/3
f 2488/10/3 2442/10/3 2441/10/3
f 2488/16/3 2441/16/3 2487/16/3
f 2488/10/3 2443/10/3 2442/10/3
f 2489/10/3 2443/10/3 2488/10/3
f 2490/8/3 2444/8/3 2443/8/3
f 2490/10/3 2443/10/3 2489/10/3
f 2491/9/3 2445/9/3 2444/9/3
f 2491/8/3 2444/8/3 2490/8/3
f 2492/7/3 2408/7/3 2445/7/3
f 2492/9/3 2445/9/3 2491/9/3
f 2493/7/3 2408/7/3 2492/7/3
f 2494/8/3 2447/8/3 2446/8/3
f 2494/7/3 2408/7/3 2493/7/3
f 2494/8/3 2446/8/3 2408/8/3
f 2495/8/3 2447/8/3 2494/8/3
f 2496/10/3 2448/10/3 2447/10/3
f 2496/8/3 2447/8/3 2495/8/3
f 2497/10/3 2448/10/3 2496/10/3
f 2498/9/3 2449/9/3 2448/9/3
f 2498/10/3 2448/10/3 2497/10/3
f 2499/7/3 2451/7/3 2450/7/3
f 2499/9/3 2449/9/3 2498/9/3
f 2499/7/3 2450/7/3 2449/7/3
f 2500/8/3 2452/8/3 2451/8/3
f 2500/7/3 2451/7/3 2499/7/3
f 2500/8/3 2453/8/3 2452/8/3
f 2501/8/3 2453/8/3 2500/8/3
f 2502/14/3 2454/14/3 2453/14/3
f 2502/8/3 2453/8/3 2501/8/3
f 2503/10/3 2455/10/3 2454/10/3
f 2503/14/3 2454/14/3 2502/14/3
f 2504/13/3 2375/13/3 2455/13/3
f 2504/10/3 2455/10/3 2503/10/3
f 2505/13/3 2375/13/3 2504/13/3
f 2506/12/3 2376/12/3 2375/12/3
f 2506/13/3 2375/13/3 2505/13/3
f 2507/35/3 2418/35/3 2376/35/3
f 2507/12/3 2376/12/3 2506/12/3
f 2508/35/3 2418/35/3 2507/35/3
f 2509/31/3 2456/31/3 2418/31/3
f 2509/35/3 2418/35/3 2508/35/3
f 2509/31/3 2457/31/3 2456/31/3
f 2510/31/3 2262/31/3 2457/31/3
f 2510/31/3 2457/31/3 2509/31/3
f 2511/35/3 2459/35/3 2458/35/3
f 2511/7/3 2460/7/3 2459/7/3
f 2512/7/3 2460/7/3 2511/7/3
f 2513/31/3 2461/31/3 2460/31/3
f 2513/7/3 2460/7/3 2512/7/3
f 2514/35/3 2462/35/3 2461/35/3
f 2514/31/3 2461/31/3 2513/31/3
f 2514/35/3 2463/35/3 2462/35/3
f 2515/35/3 2463/35/3 2514/35/3
f 2516/33/3 2464/33/3 2305/33/3
f 2516/35/3 2463/35/3 2515/35/3
f 2516/35/3 2305/35/3 2427/35/3
f 2516/35/3 2427/35/3 2463/35/3
f 2516/33/3 2465/33/3 2464/33/3
f 2517/30/3 2338/30/3 2465/30/3
f 2517/33/3 2465/33/3 2516/33/3
f 2518/35/3 2466/35/3 2338/35/3
f 2518/30/3 2338/30/3 2517/30/3
f 2519/31/3 2467/31/3 2466/31/3
f 2519/35/3 2466/35/3 2518/35/3
f 2520/33/3 2468/33/3 2467/33/3
f 2520/31/3 2467/31/3 2519/31/3
f 2521/35/3 2470/35/3 2469/35/3
f 2521/33/3 2468/33/3 2520/33/3
f 2521/35/3 2469/35/3 2468/35/3
f 2522/33/3 2471/33/3 2470/33/3
f 2522/35/3 2470/35/3 2521/35/3
f 2523/33/3 2471/33/3 2522/33/3
f 2524/35/3 2474/35/3 2473/35/3
f 2524/33/3 2471/33/3 2523/33/3
f 2524/35/3 2473/35/3 2472/35/3
f 2524/35/3 2472/35/3 2471/35/3
f 2525/35/3 2474/35/3 2524/35/3
f 2526/35/3 2394/35/3 2135/35/3
f 2527/33/3 2476/33/3 2394/33/3
f 2527/35/3 2394/35/3 2526/35/3
f 2528/35/3 2483/35/3 2482/35/3
f 2528/38/3 2482/38/3 2481/38/3
f 2529/34/3 2433/34/3 2483/34/3
f 2529/35/3 2483/35/3 2528/35/3
f 2530/36/3 2436/36/3 2223/36/3
f 2530/36/3 2437/36/3 2436/36/3
f 2531/34/3 2438/34/3 2437/34/3
f 2531/36/3 2437/36/3 2530/36/3
f 2532/34/3 2438/34/3 2531/34/3
f 2533/12/3 2439/12/3 2438/12/3
f 2533/34/3 2438/34/3 2532/34/3
f 2534/16/3 2487/16/3 2439/16/3
f 2534/12/3 2439/12/3 2533/12/3
f 2535/10/3 2489/10/3 2488/10/3
f 2535/10/3 2488/10/3 2487/10/3
f 2536/8/3 2490/8/3 2489/8/3
f 2536/10/3 2489/10/3 2535/10/3
f 2537/9/3 2493/9/3 2492/9/3
f 2537/8/3 2490/8/3 2536/8/3
f 2537/9/3 2491/9/3 2490/9/3
f 2537/9/3 2492/9/3 2491/9/3
f 2538/7/3 2494/7/3 2493/7/3
f 2538/9/3 2493/9/3 2537/9/3
f 2539/9/3 2495/9/3 2494/9/3
f 2539/7/3 2494/7/3 2538/7/3
f 2540/10/3 2497/10/3 2496/10/3
f 2540/9/3 2495/9/3 2539/9/3
f 2540/10/3 2496/10/3 2495/10/3
f 2541/9/3 2499/9/3 2498/9/3
f 2541/9/3 2500/9/3 2499/9/3
f 2542/8/3 2501/8/3 2500/8/3
f 2542/9/3 2500/9/3 2541/9/3
f 2543/8/3 2503/8/3 2502/8/3
f 2543/10/3 2504/10/3 2503/10/3
f 2543/10/3 2505/10/3 2504/10/3
f 2544/10/3 2505/10/3 2543/10/3
f 2545/35/3 2509/35/3 2508/35/3
f 2545/35/3 2510/35/3 2509/35/3
f 2546/31/3 2262/31/3 2510/31/3
f 2546/35/3 2510/35/3 2545/35/3
f 2547/35/3 2512/35/3 2511/35/3
f 2547/35/3 2511/35/3 2458/35/3
f 2548/31/3 2514/31/3 2513/31/3
f 2548/35/3 2512/35/3 2547/35/3
f 2548/31/3 2513/31/3 2512/31/3
f 2549/31/3 2514/31/3 2548/31/3
f 2550/34/3 2515/34/3 2514/34/3
f 2551/24/3 2521/24/3 2520/24/3
f 2551/34/3 2515/34/3 2550/34/3
f 2551/24/3 2516/24/3 2515/24/3
f 2551/24/3 2523/24/3 2522/24/3
f 2551/24/3 2520/24/3 2519/24/3
f 2551/24/3 2517/24/3 2516/24/3
f 2551/24/3 2519/24/3 2518/24/3
f 2551/24/3 2518/24/3 2517/24/3
f 2551/24/3 2522/24/3 2521/24/3
f 2552/24/3 2523/24/3 2551/24/3
f 2553/24/3 2523/24/3 2552/24/3
f 2554/34/3 2525/34/3 2524/34/3
f 2554/24/3 2523/24/3 2553/24/3
f 2554/34/3 2524/34/3 2523/34/3
f 2555/34/3 2525/34/3 2554/34/3
f 2556/33/3 2476/33/3 2527/33/3
f 2556/33/3 2527/33/3 2526/33/3
f 2557/38/3 2477/38/3 2476/38/3
f 2557/33/3 2476/33/3 2556/33/3
f 2558/32/3 2480/32/3 2479/32/3
f 2558/38/3 2477/38/3 2557/38/3
f 2558/32/3 2478/32/3 2477/32/3
f 2558/32/3 2479/32/3 2478/32/3
f 2559/35/3 2481/35/3 2480/35/3
f 2560/38/3 2528/38/3 2481/38/3
f 2560/35/3 2481/35/3 2559/35/3
f 2561/32/3 2529/32/3 2528/32/3
f 2561/38/3 2528/38/3 2560/38/3
f 2562/34/3 2433/34/3 2529/34/3
f 2562/32/3 2529/32/3 2561/32/3
f 2563/38/3 2434/38/3 2433/38/3
f 2563/34/3 2433/34/3 2562/34/3
f 2564/34/3 2484/34/3 2434/34/3
f 2564/38/3 2434/38/3 2563/38/3
f 2565/38/3 2485/38/3 2484/38/3
f 2565/34/3 2484/34/3 2564/34/3
f 2566/34/3 2486/34/3 2485/34/3
f 2566/38/3 2485/38/3 2565/38/3
f 2567/9/3 2539/9/3 2538/9/3
f 2567/9/3 2537/9/3 2536/9/3
f 2567/9/3 2538/9/3 2537/9/3
f 2568/9/3 2539/9/3 2567/9/3
f 2569/9/3 2539/9/3 2568/9/3
f 2570/9/3 2539/9/3 2569/9/3
f 2571/10/3 2540/10/3 2539/10/3
f 2571/9/3 2539/9/3 2570/9/3
f 2572/10/3 2497/10/3 2540/10/3
f 2572/10/3 2540/10/3 2571/10/3
f 2573/8/3 2498/8/3 2497/8/3
f 2573/10/3 2497/10/3 2572/10/3
f 2574/9/3 2541/9/3 2498/9/3
f 2574/8/3 2498/8/3 2573/8/3
f 2575/9/3 2541/9/3 2574/9/3
f 2576/9/3 2541/9/3 2575/9/3
f 2577/8/3 2542/8/3 2541/8/3
f 2577/9/3 2541/9/3 2576/9/3
f 2578/8/3 2501/8/3 2542/8/3
f 2578/8/3 2542/8/3 2577/8/3
f 2579/12/3 2502/12/3 2501/12/3
f 2579/8/3 2501/8/3 2578/8/3
f 2580/8/3 2543/8/3 2502/8/3
f 2580/12/3 2502/12/3 2579/12/3
f 2580/8/3 2544/8/3 2543/8/3
f 2581/10/3 2505/10/3 2544/10/3
f 2581/13/3 2506/13/3 2505/13/3
f 2581/13/3 2507/13/3 2506/13/3
f 2582/13/3 2507/13/3 2581/13/3
f 2583/31/3 2262/31/3 2546/31/3
f 2583/31/3 2546/31/3 2545/31/3
f 2584/35/3 2547/35/3 2458/35/3
f 2584/31/3 2262/31/3 2583/31/3
f 2584/35/3 2458/35/3 2262/35/3
f 2585/35/3 2547/35/3 2584/35/3
f 2586/7/3 2549/7/3 2548/7/3
f 2586/35/3 2547/35/3 2585/35/3
f 2586/7/3 2548/7/3 2547/7/3
f 2587/31/3 2514/31/3 2549/31/3
f 2587/7/3 2549/7/3 2586/7/3
f 2588/34/3 2550/34/3 2514/34/3
f 2588/31/3 2514/31/3 2587/31/3
f 2589/24/3 2552/24/3 2551/24/3
f 2589/24/3 2551/24/3 2550/24/3
f 2590/35/3 2553/35/3 2552/35/3
f 2590/24/3 2552/24/3 2589/24/3
f 2591/35/3 2553/35/3 2590/35/3
f 2592/35/3 2553/35/3 2591/35/3
f 2593/24/3 2554/24/3 2553/24/3
f 2593/35/3 2553/35/3 2592/35/3
f 2594/1/3 2555/1/3 2554/1/3
f 2594/24/3 2554/24/3 2593/24/3
f 2595/35/3 2474/35/3 2525/35/3
f 2595/34/3 2525/34/3 2555/34/3
f 2596/35/3 2474/35/3 2595/35/3
f 2597/38/3 2475/38/3 2474/38/3
f 2597/35/3 2474/35/3 2596/35/3
f 2598/32/3 101/32/3 2475/32/3
f 2598/38/3 2475/38/3 2597/38/3
f 2599/33/3 2556/33/3 2526/33/3
f 2599/38/3 2557/38/3 2556/38/3
f 2600/32/3 2558/32/3 2557/32/3
f 2600/38/3 2557/38/3 2599/38/3
f 2601/32/3 2480/32/3 2558/32/3
f 2601/32/3 2558/32/3 2600/32/3
f 2602/32/3 2480/32/3 2601/32/3
f 2603/35/3 2559/35/3 2480/35/3
f 2603/32/3 2480/32/3 2602/32/3
f 2604/38/3 2560/38/3 2559/38/3
f 2604/35/3 2559/35/3 2603/35/3
f 2605/32/3 2561/32/3 2560/32/3
f 2605/32/3 2562/32/3 2561/32/3
f 2606/38/3 2563/38/3 2562/38/3
f 2606/32/3 2562/32/3 2605/32/3
f 2607/34/3 2319/34/3 2354/34/3
f 2607/36/3 2354/36/3 2353/36/3
f 2607/36/3 2353/36/3 2352/36/3
f 2608/34/3 2141/34/3 2319/34/3
f 2608/34/3 2319/34/3 2607/34/3
f 2608/36/3 2530/36/3 2223/36/3
f 2608/36/3 2223/36/3 2141/36/3
f 2609/34/3 2531/34/3 2530/34/3
f 2609/34/3 2532/34/3 2531/34/3
f 2610/12/3 2533/12/3 2532/12/3
f 2610/34/3 2532/34/3 2609/34/3
f 2611/16/3 2534/16/3 2533/16/3
f 2611/12/3 2533/12/3 2610/12/3
f 2612/9/3 2567/9/3 2536/9/3
f 2612/7/3 2568/7/3 2567/7/3
f 2613/9/3 2569/9/3 2568/9/3
f 2613/7/3 2568/7/3 2612/7/3
f 2614/7/3 2570/7/3 2569/7/3
f 2614/9/3 2569/9/3 2613/9/3
f 2615/10/3 2571/10/3 2570/10/3
f 2615/7/3 2570/7/3 2614/7/3
f 2615/10/3 2572/10/3 2571/10/3
f 2616/10/3 2572/10/3 2615/10/3
f 2617/8/3 2573/8/3 2572/8/3
f 2617/10/3 2572/10/3 2616/10/3
f 2618/8/3 2573/8/3 2617/8/3
f 2619/9/3 2574/9/3 2573/9/3
f 2619/8/3 2573/8/3 2618/8/3
f 2620/7/3 2575/7/3 2574/7/3
f 2620/9/3 2574/9/3 2619/9/3
f 2621/9/3 2576/9/3 2575/9/3
f 2621/7/3 2575/7/3 2620/7/3
f 2622/8/3 2544/8/3 2580/8/3
f 2622/8/3 2580/8/3 2579/8/3
f 2622/10/3 2582/10/3 2581/10/3
f 2622/10/3 2581/10/3 2544/10/3
f 2623/10/3 2582/10/3 2622/10/3
f 2624/12/3 2508/12/3 2507/12/3
f 2624/13/3 2507/13/3 2582/13/3
f 2625/35/3 2545/35/3 2508/35/3
f 2625/12/3 2508/12/3 2624/12/3
f 2626/35/3 2545/35/3 2625/35/3
f 2627/31/3 2583/31/3 2545/31/3
f 2627/35/3 2545/35/3 2626/35/3
f 2628/30/3 2584/30/3 2583/30/3
f 2628/31/3 2583/31/3 2627/31/3
f 2629/34/3 2550/34/3 2588/34/3
f 2630/24/3 2589/24/3 2550/24/3
f 2630/34/3 2550/34/3 2629/34/3
f 2631/35/3 2590/35/3 2589/35/3
f 2631/24/3 2589/24/3 2630/24/3
f 2631/35/3 2591/35/3 2590/35/3
f 2632/35/3 2594/35/3 2593/35/3
f 2632/35/3 2593/35/3 2592/35/3
f 2632/1/3 2592/1/3 2591/1/3
f 2633/35/3 2594/35/3 2632/35/3
f 2634/1/3 2555/1/3 2594/1/3
f 2635/34/3 2595/34/3 2555/34/3
f 2635/1/3 2555/1/3 2634/1/3
f 2636/34/3 2595/34/3 2635/34/3
f 2637/35/3 2526/35/3 2135/35/3
f 2637/33/3 2599/33/3 2526/33/3
f 2638/32/3 2600/32/3 2599/32/3
f 2638/33/3 2599/33/3 2637/33/3
f 2638/32/3 2601/32/3 2600/32/3
f 2639/32/3 2601/32/3 2638/32/3
f 2640/33/3 2602/33/3 2601/33/3
f 2640/32/3 2601/32/3 2639/32/3
f 2641/32/3 2603/32/3 2602/32/3
f 2641/33/3 2602/33/3 2640/33/3
f 2642/33/3 2604/33/3 2603/33/3
f 2642/32/3 2603/32/3 2641/32/3
f 2643/35/3 2606/35/3 2605/35/3
f 2643/32/3 2605/32/3 2560/32/3
f 2644/38/3 2563/38/3 2606/38/3
f 2644/35/3 2606/35/3 2643/35/3
f 2645/34/3 2564/34/3 2563/34/3
f 2645/38/3 2563/38/3 2644/38/3
f 2646/34/3 2486/34/3 2566/34/3
f 2646/34/3 2566/34/3 2565/34/3
f 2647/36/3 2607/36/3 2352/36/3
f 2647/34/3 2486/34/3 2646/34/3
f 2647/34/3 2352/34/3 2486/34/3
f 2647/36/3 2608/36/3 2607/36/3
f 2648/16/3 2534/16/3 2611/16/3
f 2648/16/3 2611/16/3 2610/16/3
f 2649/16/3 2487/16/3 2534/16/3
f 2649/16/3 2534/16/3 2648/16/3
f 2650/16/3 2487/16/3 2649/16/3
f 2651/10/3 2535/10/3 2487/10/3
f 2651/16/3 2487/16/3 2650/16/3
f 2652/8/3 2536/8/3 2535/8/3
f 2652/10/3 2535/10/3 2651/10/3
f 2653/9/3 2614/9/3 2613/9/3
f 2653/9/3 2613/9/3 2612/9/3
f 2653/9/3 2615/9/3 2614/9/3
f 2653/9/3 2612/9/3 2536/9/3
f 2654/9/3 2615/9/3 2653/9/3
f 2655/10/3 2616/10/3 2615/10/3
f 2655/9/3 2617/9/3 2616/9/3
f 2656/8/3 2618/8/3 2617/8/3
f 2656/9/3 2617/9/3 2655/9/3
f 2657/9/3 2621/9/3 2620/9/3
f 2657/9/3 2619/9/3 2618/9/3
f 2657/9/3 2620/9/3 2619/9/3
f 2658/9/3 2576/9/3 2621/9/3
f 2658/9/3 2621/9/3 2657/9/3
f 2659/8/3 2577/8/3 2576/8/3
f 2659/8/3 2578/8/3 2577/8/3
f 2660/12/3 2579/12/3 2578/12/3
f 2660/8/3 2578/8/3 2659/8/3
f 2661/8/3 2623/8/3 2622/8/3
f 2661/12/3 2579/12/3 2660/12/3
f 2661/8/3 2622/8/3 2579/8/3
f 2662/13/3 2624/13/3 2582/13/3
f 2662/10/3 2582/10/3 2623/10/3
f 2662/13/3 2625/13/3 2624/13/3
f 2663/13/3 2625/13/3 2662/13/3
f 2664/35/3 2627/35/3 2626/35/3
f 2664/35/3 2628/35/3 2627/35/3
f 2664/30/3 2584/30/3 2628/30/3
f 2665/35/3 2585/35/3 2584/35/3
f 2665/30/3 2584/30/3 2664/30/3
f 2666/7/3 2586/7/3 2585/7/3
f 2666/35/3 2585/35/3 2665/35/3
f 2667/31/3 2587/31/3 2586/31/3
f 2667/7/3 2586/7/3 2666/7/3
f 2668/7/3 2588/7/3 2587/7/3
f 2668/31/3 2587/31/3 2667/31/3
f 2669/34/3 2629/34/3 2588/34/3
f 2669/7/3 2588/7/3 2668/7/3
f 2670/35/3 2591/35/3 2631/35/3
f 2670/35/3 2631/35/3 2630/35/3
f 2671/35/3 2591/35/3 2670/35/3
f 2672/35/3 2591/35/3 2671/35/3
f 2673/35/3 2591/35/3 2672/35/3
f 2674/1/3 2632/1/3 2591/1/3
f 2674/35/3 2591/35/3 2673/35/3
f 2674/1/3 2633/1/3 2632/1/3
f 2675/1/3 2633/1/3 2674/1/3
f 2676/35/3 2637/35/3 2135/35/3
f 2676/35/3 2638/35/3 2637/35/3
f 2677/32/3 2639/32/3 2638/32/3
f 2677/35/3 2638/35/3 2676/35/3
f 2678/33/3 2604/33/3 2642/33/3
f 2678/33/3 2641/33/3 2640/33/3
f 2678/33/3 2642/33/3 2641/33/3
f 2679/38/3 2560/38/3 2604/38/3
f 2679/33/3 2604/33/3 2678/33/3
f 2680/32/3 2643/32/3 2560/32/3
f 2680/38/3 2560/38/3 2679/38/3
f 2681/38/3 2644/38/3 2643/38/3
f 2681/32/3 2643/32/3 2680/32/3
f 2682/34/3 2645/34/3 2644/34/3
f 2682/38/3 2644/38/3 2681/38/3
f 2683/34/3 2564/34/3 2645/34/3
f 2683/34/3 2645/34/3 2682/34/3
f 2684/38/3 2565/38/3 2564/38/3
f 2684/34/3 2564/34/3 2683/34/3
f 2685/34/3 2646/34/3 2565/34/3
f 2685/38/3 2565/38/3 2684/38/3
f 2686/32/3 2647/32/3 2646/32/3
f 2686/34/3 2646/34/3 2685/34/3
f 2687/34/3 2609/34/3 2530/34/3
f 2688/12/3 2610/12/3 2609/12/3
f 2688/34/3 2609/34/3 2687/34/3
f 2689/16/3 2648/16/3 2610/16/3
f 2689/12/3 2610/12/3 2688/12/3
f 2690/8/3 2536/8/3 2652/8/3
f 2690/8/3 2652/8/3 2651/8/3
f 2691/9/3 2653/9/3 2536/9/3
f 2691/8/3 2536/8/3 2690/8/3
f 2692/7/3 2654/7/3 2653/7/3
f 2692/9/3 2653/9/3 2691/9/3
f 2693/9/3 2615/9/3 2654/9/3
f 2693/7/3 2654/7/3 2692/7/3
f 2694/9/3 2615/9/3 2693/9/3
f 2695/10/3 2655/10/3 2615/10/3
f 2695/9/3 2615/9/3 2694/9/3
f 2696/8/3 2618/8/3 2656/8/3
f 2696/8/3 2656/8/3 2655/8/3
f 2697/9/3 2657/9/3 2618/9/3
f 2697/8/3 2618/8/3 2696/8/3
f 2698/9/3 2576/9/3 2658/9/3
f 2698/7/3 2658/7/3 2657/7/3
f 2699/8/3 2659/8/3 2576/8/3
f 2699/9/3 2576/9/3 2698/9/3
f 2700/8/3 2623/8/3 2661/8/3
f 2700/8/3 2661/8/3 2660/8/3
f 2700/10/3 2663/10/3 2662/10/3
f 2700/10/3 2662/10/3 2623/10/3
f 2701/10/3 2663/10/3 2700/10/3
f 2702/12/3 2626/12/3 2625/12/3
f 2702/13/3 2625/13/3 2663/13/3
f 2703/35/3 2665/35/3 2664/35/3
f 2703/12/3 2626/12/3 2702/12/3
f 2703/35/3 2666/35/3 2665/35/3
f 2703/35/3 2664/35/3 2626/35/3
f 2703/35/3 2667/35/3 2666/35/3
f 2704/35/3 2667/35/3 2703/35/3
f 2705/7/3 2668/7/3 2667/7/3
f 2705/35/3 2667/35/3 2704/35/3
f 2706/7/3 2668/7/3 2705/7/3
f 2707/7/3 2668/7/3 2706/7/3
f 2708/31/3 2669/31/3 2668/31/3
f 2708/7/3 2668/7/3 2707/7/3
f 2709/8/3 2671/8/3 2670/8/3
f 2709/35/3 2670/35/3 2630/35/3
f 2710/35/3 2672/35/3 2671/35/3
f 2710/8/3 2671/8/3 2709/8/3
f 2711/8/3 2673/8/3 2672/8/3
f 2711/35/3 2672/35/3 2710/35/3
f 2712/8/3 2673/8/3 2711/8/3
f 2713/32/3 2639/32/3 2677/32/3
f 2713/32/3 2677/32/3 2676/32/3
f 2714/35/3 2640/35/3 2639/35/3
f 2714/32/3 2639/32/3 2713/32/3
f 2715/35/3 2680/35/3 2679/35/3
f 2715/35/3 2681/35/3 2680/35/3
f 2716/32/3 2682/32/3 2681/32/3
f 2716/35/3 2681/35/3 2715/35/3
f 2717/38/3 2684/38/3 2683/38/3
f 2717/34/3 2685/34/3 2684/34/3
f 2718/32/3 2686/32/3 2685/32/3
f 2718/34/3 2685/34/3 2717/34/3
f 2719/36/3 2530/36/3 2608/36/3
f 2719/36/3 2608/36/3 2647/36/3
f 2720/34/3 2687/34/3 2530/34/3
f 2720/36/3 2530/36/3 2719/36/3
f 2721/16/3 2648/16/3 2689/16/3
f 2721/16/3 2689/16/3 2688/16/3
f 2721/12/3 2649/12/3 2648/12/3
f 2722/16/3 2650/16/3 2649/16/3
f 2722/12/3 2649/12/3 2721/12/3
f 2723/9/3 2692/9/3 2691/9/3
f 2723/9/3 2694/9/3 2693/9/3
f 2723/9/3 2693/9/3 2692/9/3
f 2723/9/3 2691/9/3 2690/9/3
f 2724/9/3 2694/9/3 2723/9/3
f 2725/10/3 2655/10/3 2695/10/3
f 2725/10/3 2695/10/3 2694/10/3
f 2726/8/3 2696/8/3 2655/8/3
f 2726/10/3 2655/10/3 2725/10/3
f 2727/7/3 2698/7/3 2657/7/3
f 2727/9/3 2657/9/3 2697/9/3
f 2727/9/3 2697/9/3 2696/9/3
f 2728/8/3 2699/8/3 2698/8/3
f 2728/7/3 2698/7/3 2727/7/3
f 2729/8/3 2659/8/3 2699/8/3
f 2729/8/3 2699/8/3 2728/8/3
f 2730/12/3 2660/12/3 2659/12/3
f 2730/8/3 2659/8/3 2729/8/3
f 2731/8/3 2700/8/3 2660/8/3
f 2731/12/3 2660/12/3 2730/12/3
f 2731/8/3 2701/8/3 2700/8/3
f 2732/33/3 2706/33/3 2705/33/3
f 2732/35/3 2705/35/3 2704/35/3
f 2733/31/3 2707/31/3 2706/31/3
f 2733/33/3 2706/33/3 2732/33/3
f 2734/33/3 2708/33/3 2707/33/3
f 2734/31/3 2707/31/3 2733/31/3
f 2735/31/3 2669/31/3 2708/31/3
f 2735/33/3 2708/33/3 2734/33/3
f 2736/34/3 2629/34/3 2669/34/3
f 2736/31/3 2669/31/3 2735/31/3
f 2737/8/3 2673/8/3 2712/8/3
f 2737/7/3 2712/7/3 2711/7/3
f 2738/8/3 2673/8/3 2737/8/3
f 2739/1/3 2633/1/3 2675/1/3
f 2740/35/3 2594/35/3 2633/35/3
f 2740/1/3 2633/1/3 2739/1/3
f 2741/34/3 2595/34/3 2636/34/3
f 2741/38/3 2596/38/3 2595/38/3
f 2742/35/3 2597/35/3 2596/35/3
f 2742/38/3 2596/38/3 2741/38/3
f 2742/35/3 2598/35/3 2597/35/3
f 2743/35/3 2598/35/3 2742/35/3
f 2744/32/3 2713/32/3 2676/32/3
f 2745/35/3 2714/35/3 2713/35/3
f 2745/32/3 2713/32/3 2744/32/3
f 2746/38/3 2679/38/3 2678/38/3
f 2746/33/3 2678/33/3 2640/33/3
f 2747/35/3 2715/35/3 2679/35/3
f 2747/38/3 2679/38/3 2746/38/3
f 2748/32/3 2682/32/3 2716/32/3
f 2748/34/3 2683/34/3 2682/34/3
f 2749/38/3 2717/38/3 2683/38/3
f 2749/34/3 2683/34/3 2748/34/3
f 2750/32/3 2718/32/3 2717/32/3
f 2750/38/3 2717/38/3 2749/38/3
f 2751/32/3 2686/32/3 2718/32/3
f 2751/32/3 2718/32/3 2750/32/3
f 2752/32/3 2647/32/3 2686/32/3
f 2752/32/3 2686/32/3 2751/32/3
f 2753/32/3 2647/32/3 2752/32/3
f 2754/36/3 2719/36/3 2647/36/3
f 2754/32/3 2647/32/3 2753/32/3
f 2755/34/3 2687/34/3 2720/34/3
f 2755/34/3 2720/34/3 2719/34/3
f 2756/12/3 2688/12/3 2687/12/3
f 2756/34/3 2687/34/3 2755/34/3
f 2757/16/3 2722/16/3 2721/16/3
f 2757/12/3 2688/12/3 2756/12/3
f 2757/16/3 2721/16/3 2688/16/3
f 2758/7/3 2724/7/3 2723/7/3
f 2759/9/3 2694/9/3 2724/9/3
f 2759/7/3 2724/7/3 2758/7/3
f 2760/9/3 2694/9/3 2759/9/3
f 2761/10/3 2725/10/3 2694/10/3
f 2761/9/3 2694/9/3 2760/9/3
f 2762/8/3 2696/8/3 2726/8/3
f 2762/8/3 2726/8/3 2725/8/3
f 2763/9/3 2728/9/3 2727/9/3
f 2763/8/3 2696/8/3 2762/8/3
f 2763/9/3 2727/9/3 2696/9/3
f 2764/35/3 2732/35/3 2704/35/3
f 2765/7/3 2735/7/3 2734/7/3
f 2765/35/3 2732/35/3 2764/35/3
f 2765/7/3 2734/7/3 2733/7/3
f 2765/7/3 2733/7/3 2732/7/3
f 2766/7/3 2735/7/3 2765/7/3
f 2767/7/3 2735/7/3 2766/7/3
f 2768/33/3 2736/33/3 2735/33/3
f 2768/7/3 2735/7/3 2767/7/3
f 2769/34/3 2629/34/3 2736/34/3
f 2769/33/3 2736/33/3 2768/33/3
f 2770/1/3 2739/1/3 2675/1/3
f 2770/35/3 2675/35/3 2674/35/3
f 2770/35/3 2674/35/3 2673/35/3
f 2771/35/3 2740/35/3 2739/35/3
f 2771/1/3 2739/1/3 2770/1/3
f 2772/35/3 2676/35/3 2135/35/3
f 2772/32/3 2744/32/3 2676/32/3
f 2773/35/3 2745/35/3 2744/35/3
f 2773/32/3 2744/32/3 2772/32/3
f 2774/33/3 2746/33/3 2640/33/3
f 2775/35/3 2747/35/3 2746/35/3
f 2775/33/3 2746/33/3 2774/33/3
f 2776/32/3 2751/32/3 2750/32/3
f 2776/41/3 2752/41/3 2751/41/3
f 2777/32/3 2753/32/3 2752/32/3
f 2777/41/3 2752/41/3 2776/41/3
f 2778/12/3 2756/12/3 2755/12/3
f 2778/16/3 2757/16/3 2756/16/3
f 2779/10/3 2651/10/3 2650/10/3
f 2779/16/3 2757/16/3 2778/16/3
f 2779/16/3 2722/16/3 2757/16/3
f 2779/16/3 2650/16/3 2722/16/3
f 2780/8/3 2690/8/3 2651/8/3
f 2780/10/3 2651/10/3 2779/10/3
f 2781/9/3 2723/9/3 2690/9/3
f 2781/8/3 2690/8/3 2780/8/3
f 2782/7/3 2758/7/3 2723/7/3
f 2782/9/3 2723/9/3 2781/9/3
f 2783/9/3 2760/9/3 2759/9/3
f 2783/7/3 2758/7/3 2782/7/3
f 2783/9/3 2759/9/3 2758/9/3
f 2784/7/3 2761/7/3 2760/7/3
f 2784/9/3 2760/9/3 2783/9/3
f 2785/10/3 2725/10/3 2761/10/3
f 2785/7/3 2761/7/3 2784/7/3
f 2786/8/3 2762/8/3 2725/8/3
f 2786/10/3 2725/10/3 2785/10/3
f 2787/9/3 2763/9/3 2762/9/3
f 2787/8/3 2762/8/3 2786/8/3
f 2788/9/3 2728/9/3 2763/9/3
f 2788/9/3 2763/9/3 2787/9/3
f 2788/8/3 2729/8/3 2728/8/3
f 2789/12/3 2730/12/3 2729/12/3
f 2789/8/3 2729/8/3 2788/8/3
f 2790/8/3 2731/8/3 2730/8/3
f 2790/12/3 2730/12/3 2789/12/3
f 2791/13/3 2702/13/3 2663/13/3
f 2791/10/3 2663/10/3 2701/10/3
f 2791/13/3 2703/13/3 2702/13/3
f 2792/13/3 2703/13/3 2791/13/3
f 2793/12/3 2704/12/3 2703/12/3
f 2793/13/3 2703/13/3 2792/13/3
f 2794/35/3 2764/35/3 2704/35/3
f 2794/12/3 2704/12/3 2793/12/3
f 2795/35/3 2764/35/3 2794/35/3
f 2796/7/3 2765/7/3 2764/7/3
f 2796/33/3 2766/33/3 2765/33/3
f 2797/31/3 2767/31/3 2766/31/3
f 2797/33/3 2766/33/3 2796/33/3
f 2798/35/3 2773/35/3 2772/35/3
f 2798/35/3 2745/35/3 2773/35/3
f 2798/35/3 2640/35/3 2714/35/3
f 2798/35/3 2714/35/3 2745/35/3
f 2798/33/3 2774/33/3 2640/33/3
f 2799/38/3 2775/38/3 2774/38/3
f 2799/33/3 2774/33/3 2798/33/3
f 2800/35/3 2747/35/3 2775/35/3
f 2800/38/3 2775/38/3 2799/38/3
f 2801/35/3 2715/35/3 2747/35/3
f 2801/35/3 2747/35/3 2800/35/3
f 2802/38/3 2716/38/3 2715/38/3
f 2802/35/3 2715/35/3 2801/35/3
f 2803/32/3 2748/32/3 2716/32/3
f 2803/38/3 2716/38/3 2802/38/3
f 2804/33/3 2750/33/3 2749/33/3
f 2804/32/3 2776/32/3 2750/32/3
f 2804/32/3 2777/32/3 2776/32/3
f 2805/32/3 2777/32/3 2804/32/3
f 2806/12/3 2778/12/3 2755/12/3
f 2806/12/3 2779/12/3 2778/12/3
f 2807/10/3 2780/10/3 2779/10/3
f 2807/12/3 2779/12/3 2806/12/3
f 2808/12/3 2785/12/3 2784/12/3
f 2808/10/3 2780/10/3 2807/10/3
f 2808/12/3 2782/12/3 2781/12/3
f 2808/12/3 2781/12/3 2780/12/3
f 2808/12/3 2784/12/3 2783/12/3
f 2808/12/3 2788/12/3 2787/12/3
f 2808/12/3 2783/12/3 2782/12/3
f 2808/12/3 2786/12/3 2785/12/3
f 2808/12/3 2787/12/3 2786/12/3
f 2808/12/3 2789/12/3 2788/12/3
f 2809/12/3 2789/12/3 2808/12/3
f 2810/12/3 2789/12/3 2809/12/3
f 2811/12/3 2789/12/3 2810/12/3
f 2812/12/3 2789/12/3 2811/12/3
f 2813/12/3 2789/12/3 2812/12/3
f 2814/12/3 2793/12/3 2792/12/3
f 2814/10/3 2792/10/3 2791/10/3
f 2815/13/3 2794/13/3 2793/13/3
f 2815/12/3 2793/12/3 2814/12/3
f 2816/35/3 2764/35/3 2795/35/3
f 2816/7/3 2796/7/3 2764/7/3
f 2817/31/3 2797/31/3 2796/31/3
f 2817/7/3 2796/7/3 2816/7/3
f 2818/31/3 2767/31/3 2797/31/3
f 2818/31/3 2797/31/3 2817/31/3
f 2818/33/3 2768/33/3 2767/33/3
f 2819/7/3 2769/7/3 2768/7/3
f 2819/33/3 2768/33/3 2818/33/3
f 2820/34/3 2629/34/3 2769/34/3
f 2820/7/3 2769/7/3 2819/7/3
f 2821/38/3 2743/38/3 2742/38/3
f 2821/35/3 2742/35/3 2741/35/3
f 2822/35/3 2598/35/3 2743/35/3
f 2822/38/3 2743/38/3 2821/38/3
f 2823/32/3 101/32/3 2598/32/3
f 2823/35/3 2598/35/3 2822/35/3
f 2824/32/3 2748/32/3 2803/32/3
f 2824/38/3 2749/38/3 2748/38/3
f 2824/32/3 2803/32/3 2802/32/3
f 2825/33/3 2804/33/3 2749/33/3
f 2825/38/3 2749/38/3 2824/38/3
f 2826/41/3 2805/41/3 2804/41/3
f 2826/33/3 2804/33/3 2825/33/3
f 2827/32/3 2777/32/3 2805/32/3
f 2827/41/3 2805/41/3 2826/41/3
f 2828/12/3 2806/12/3 2755/12/3
f 2828/34/3 2755/34/3 2719/34/3
f 2829/16/3 2807/16/3 2806/16/3
f 2829/12/3 2806/12/3 2828/12/3
f 2830/16/3 2807/16/3 2829/16/3
f 2831/10/3 2811/10/3 2810/10/3
f 2831/9/3 2810/9/3 2809/9/3
f 2832/10/3 2811/10/3 2831/10/3
f 2833/9/3 2813/9/3 2812/9/3
f 2834/12/3 2789/12/3 2813/12/3
f 2834/9/3 2813/9/3 2833/9/3
f 2835/8/3 2790/8/3 2789/8/3
f 2835/12/3 2789/12/3 2834/12/3
f 2836/8/3 2731/8/3 2790/8/3
f 2836/8/3 2790/8/3 2835/8/3
f 2837/10/3 2814/10/3 2791/10/3
f 2837/10/3 2791/10/3 2701/10/3
f 2838/13/3 2815/13/3 2814/13/3
f 2838/10/3 2814/10/3 2837/10/3
f 2839/35/3 2817/35/3 2816/35/3
f 2839/35/3 2816/35/3 2795/35/3
f 2840/7/3 2819/7/3 2818/7/3
f 2840/35/3 2817/35/3 2839/35/3
f 2840/7/3 2818/7/3 2817/7/3
f 2841/33/3 2820/33/3 2819/33/3
f 2841/7/3 2819/7/3 2840/7/3
f 2842/35/3 2821/35/3 2741/35/3
f 2842/34/3 2741/34/3 2636/34/3
f 2842/35/3 2822/35/3 2821/35/3
f 2843/35/3 2822/35/3 2842/35/3
f 2844/35/3 2798/35/3 2772/35/3
f 2845/38/3 2799/38/3 2798/38/3
f 2845/35/3 2798/35/3 2844/35/3
f 2846/35/3 2801/35/3 2800/35/3
f 2846/38/3 2799/38/3 2845/38/3
f 2846/35/3 2800/35/3 2799/35/3
f 2847/35/3 2801/35/3 2846/35/3
f 2848/38/3 2802/38/3 2801/38/3
f 2848/35/3 2801/35/3 2847/35/3
f 2849/32/3 2824/32/3 2802/32/3
f 2849/38/3 2802/38/3 2848/38/3
f 2849/32/3 2825/32/3 2824/32/3
f 2850/32/3 2825/32/3 2849/32/3
f 2851/32/3 2825/32/3 2850/32/3
f 2852/33/3 2826/33/3 2825/33/3
f 2852/32/3 2825/32/3 2851/32/3
f 2853/32/3 2827/32/3 2826/32/3
f 2853/33/3 2826/33/3 2852/33/3
f 2854/32/3 2753/32/3 2777/32/3
f 2854/32/3 2827/32/3 2853/32/3
f 2854/32/3 2777/32/3 2827/32/3
f 2855/36/3 2754/36/3 2753/36/3
f 2855/32/3 2753/32/3 2854/32/3
f 2856/9/3 2831/9/3 2809/9/3
f 2856/9/3 2832/9/3 2831/9/3
f 2857/9/3 2832/9/3 2856/9/3
f 2858/9/3 2832/9/3 2857/9/3
f 2859/9/3 2832/9/3 2858/9/3
f 2860/9/3 2833/9/3 2812/9/3
f 2861/7/3 2834/7/3 2833/7/3
f 2861/9/3 2833/9/3 2860/9/3
f 2862/9/3 2835/9/3 2834/9/3
f 2862/7/3 2834/7/3 2861/7/3
f 2863/8/3 2731/8/3 2836/8/3
f 2863/8/3 2701/8/3 2731/8/3
f 2864/10/3 2837/10/3 2701/10/3
f 2864/8/3 2701/8/3 2863/8/3
f 2865/13/3 2815/13/3 2838/13/3
f 2865/13/3 2838/13/3 2837/13/3
f 2865/13/3 2794/13/3 2815/13/3
f 2866/12/3 2795/12/3 2794/12/3
f 2866/13/3 2794/13/3 2865/13/3
f 2867/35/3 2839/35/3 2795/35/3
f 2867/12/3 2795/12/3 2866/12/3
f 2868/31/3 2841/31/3 2840/31/3
f 2868/31/3 2840/31/3 2839/31/3
f 2869/31/3 2841/31/3 2868/31/3
f 2870/35/3 2771/35/3 2770/35/3
f 2870/35/3 2770/35/3 2673/35/3
f 2871/35/3 2740/35/3 2771/35/3
f 2871/35/3 2771/35/3 2870/35/3
f 2872/35/3 2844/35/3 2772/35/3
f 2873/38/3 2845/38/3 2844/38/3
f 2873/35/3 2844/35/3 2872/35/3
f 2874/38/3 2851/38/3 2850/38/3
f 2874/32/3 2850/32/3 2849/32/3
f 2875/33/3 2852/33/3 2851/33/3
f 2875/38/3 2851/38/3 2874/38/3
f 2876/32/3 2853/32/3 2852/32/3
f 2876/32/3 2854/32/3 2853/32/3
f 2877/34/3 2855/34/3 2854/34/3
f 2877/32/3 2854/32/3 2876/32/3
f 2878/16/3 2807/16/3 2830/16/3
f 2879/16/3 2807/16/3 2878/16/3
f 2880/7/3 2859/7/3 2858/7/3
f 2880/9/3 2858/9/3 2857/9/3
f 2881/9/3 2832/9/3 2859/9/3
f 2881/7/3 2859/7/3 2880/7/3
f 2882/9/3 2860/9/3 2812/9/3
f 2882/8/3 2812/8/3 2811/8/3
f 2883/9/3 2860/9/3 2882/9/3
f 2884/7/3 2861/7/3 2860/7/3
f 2884/9/3 2860/9/3 2883/9/3
f 2885/10/3 2837/10/3 2864/10/3
f 2885/10/3 2864/10/3 2863/10/3
f 2886/13/3 2865/13/3 2837/13/3
f 2886/10/3 2837/10/3 2885/10/3
f 2887/7/3 2869/7/3 2868/7/3
f 2887/31/3 2868/31/3 2839/31/3
f 2888/7/3 2869/7/3 2887/7/3
f 2889/31/3 2841/31/3 2869/31/3
f 2889/7/3 2869/7/3 2888/7/3
f 2890/33/3 2820/33/3 2841/33/3
f 2890/31/3 2841/31/3 2889/31/3
f 2891/7/3 2737/7/3 2711/7/3
f 2891/7/3 2738/7/3 2737/7/3
f 2892/8/3 2673/8/3 2738/8/3
f 2892/7/3 2738/7/3 2891/7/3
f 2893/35/3 2870/35/3 2673/35/3
f 2894/1/3 2871/1/3 2870/1/3
f 2894/35/3 2870/35/3 2893/35/3
f 2895/35/3 2740/35/3 2871/35/3
f 2895/1/3 2871/1/3 2894/1/3
f 2896/35/3 2594/35/3 2740/35/3
f 2896/35/3 2740/35/3 2895/35/3
f 2897/33/3 2873/33/3 2872/33/3
f 2898/38/3 2845/38/3 2873/38/3
f 2898/33/3 2873/33/3 2897/33/3
f 2899/35/3 2846/35/3 2845/35/3
f 2899/38/3 2845/38/3 2898/38/3
f 2899/35/3 2847/35/3 2846/35/3
f 2900/32/3 2874/32/3 2849/32/3
f 2900/33/3 2849/33/3 2848/33/3
f 2901/35/3 2875/35/3 2874/35/3
f 2901/32/3 2874/32/3 2900/32/3
f 2902/32/3 2876/32/3 2852/32/3
f 2903/34/3 2877/34/3 2876/34/3
f 2903/32/3 2876/32/3 2902/32/3
f 2904/34/3 2855/34/3 2877/34/3
f 2904/34/3 2877/34/3 2903/34/3
f 2905/36/3 2754/36/3 2855/36/3
f 2905/34/3 2855/34/3 2904/34/3
f 2906/36/3 2719/36/3 2754/36/3
f 2906/36/3 2754/36/3 2905/36/3
f 2907/12/3 2830/12/3 2829/12/3
f 2907/36/3 2829/36/3 2828/36/3
f 2908/16/3 2878/16/3 2830/16/3
f 2908/12/3 2830/12/3 2907/12/3
f 2909/16/3 2878/16/3 2908/16/3
f 2910/10/3 2808/10/3 2807/10/3
f 2910/8/3 2809/8/3 2808/8/3
f 2911/9/3 2856/9/3 2809/9/3
f 2911/8/3 2809/8/3 2910/8/3
f 2912/7/3 2857/7/3 2856/7/3
f 2912/9/3 2856/9/3 2911/9/3
f 2913/9/3 2880/9/3 2857/9/3
f 2913/7/3 2857/7/3 2912/7/3
f 2913/9/3 2881/9/3 2880/9/3
f 2914/9/3 2881/9/3 2913/9/3
f 2915/8/3 2883/8/3 2882/8/3
f 2915/10/3 2811/10/3 2832/10/3
f 2915/8/3 2882/8/3 2811/8/3
f 2916/8/3 2883/8/3 2915/8/3
f 2917/7/3 2884/7/3 2883/7/3
f 2917/8/3 2883/8/3 2916/8/3
f 2918/7/3 2861/7/3 2884/7/3
f 2918/7/3 2884/7/3 2917/7/3
f 2918/9/3 2862/9/3 2861/9/3
f 2919/9/3 2835/9/3 2862/9/3
f 2919/9/3 2862/9/3 2918/9/3
f 2920/12/3 2836/12/3 2835/12/3
f 2920/9/3 2835/9/3 2919/9/3
f 2921/8/3 2863/8/3 2836/8/3
f 2921/12/3 2836/12/3 2920/12/3
f 2922/8/3 2863/8/3 2921/8/3
f 2923/8/3 2863/8/3 2922/8/3
f 2924/10/3 2885/10/3 2863/10/3
f 2924/8/3 2863/8/3 2923/8/3
f 2925/13/3 2865/13/3 2886/13/3
f 2925/13/3 2886/13/3 2885/13/3
f 2926/12/3 2866/12/3 2865/12/3
f 2926/13/3 2865/13/3 2925/13/3
f 2927/35/3 2867/35/3 2866/35/3
f 2927/12/3 2866/12/3 2926/12/3
f 2928/31/3 2888/31/3 2887/31/3
f 2928/31/3 2887/31/3 2839/31/3
f 2929/7/3 2889/7/3 2888/7/3
f 2929/31/3 2888/31/3 2928/31/3
f 2929/7/3 2890/7/3 2889/7/3
f 2930/35/3 2709/35/3 2630/35/3
f 2930/7/3 2710/7/3 2709/7/3
f 2931/35/3 2711/35/3 2710/35/3
f 2931/7/3 2710/7/3 2930/7/3
f 2932/7/3 2891/7/3 2711/7/3
f 2932/35/3 2711/35/3 2931/35/3
f 2933/8/3 2892/8/3 2891/8/3
f 2933/7/3 2891/7/3 2932/7/3
f 2934/38/3 2843/38/3 2842/38/3
f 2934/34/3 2842/34/3 2636/34/3
f 2935/35/3 2822/35/3 2843/35/3
f 2935/38/3 2843/38/3 2934/38/3
f 2936/38/3 2823/38/3 2822/38/3
f 2936/35/3 2822/35/3 2935/35/3
f 2937/32/3 101/32/3 2823/32/3
f 2937/38/3 2823/38/3 2936/38/3
f 2938/35/3 2872/35/3 2772/35/3
f 2938/35/3 2772/35/3 2135/35/3
f 2939/33/3 2897/33/3 2872/33/3
f 2939/35/3 2872/35/3 2938/35/3
f 2940/38/3 2898/38/3 2897/38/3
f 2940/33/3 2897/33/3 2939/33/3
f 2941/35/3 2899/35/3 2898/35/3
f 2941/38/3 2898/38/3 2940/38/3
f 2942/35/3 2847/35/3 2899/35/3
f 2942/35/3 2899/35/3 2941/35/3
f 2943/38/3 2848/38/3 2847/38/3
f 2943/35/3 2847/35/3 2942/35/3
f 2944/33/3 2900/33/3 2848/33/3
f 2944/38/3 2848/38/3 2943/38/3
f 2945/38/3 2901/38/3 2900/38/3
f 2945/33/3 2900/33/3 2944/33/3
f 2946/33/3 2852/33/3 2875/33/3
f 2946/32/3 2902/32/3 2852/32/3
f 2947/36/3 2904/36/3 2903/36/3
f 2947/32/3 2902/32/3 2946/32/3
f 2947/36/3 2903/36/3 2902/36/3
f 2948/36/3 2904/36/3 2947/36/3
f 2949/34/3 2905/34/3 2904/34/3
f 2949/36/3 2904/36/3 2948/36/3
f 2950/32/3 2906/32/3 2905/32/3
f 2950/34/3 2905/34/3 2949/34/3
f 2951/34/3 2828/34/3 2719/34/3
f 2951/36/3 2719/36/3 2906/36/3
f 2952/34/3 2828/34/3 2951/34/3
f 2953/36/3 2908/36/3 2907/36/3
f 2953/34/3 2828/34/3 2952/34/3
f 2953/36/3 2907/36/3 2828/36/3
f 2954/36/3 2908/36/3 2953/36/3
f 2955/16/3 2878/16/3 2909/16/3
f 2955/12/3 2879/12/3 2878/12/3
f 2956/16/3 2807/16/3 2879/16/3
f 2956/12/3 2879/12/3 2955/12/3
f 2957/10/3 2910/10/3 2807/10/3
f 2957/16/3 2807/16/3 2956/16/3
f 2957/10/3 2911/10/3 2910/10/3
f 2958/10/3 2911/10/3 2957/10/3
f 2959/8/3 2912/8/3 2911/8/3
f 2959/7/3 2914/7/3 2913/7/3
f 2959/7/3 2913/7/3 2912/7/3
f 2960/7/3 2914/7/3 2959/7/3
f 2961/9/3 2881/9/3 2914/9/3
f 2961/7/3 2914/7/3 2960/7/3
f 2962/9/3 2832/9/3 2881/9/3
f 2962/9/3 2881/9/3 2961/9/3
f 2962/10/3 2916/10/3 2915/10/3
f 2962/10/3 2915/10/3 2832/10/3
f 2963/10/3 2916/10/3 2962/10/3
f 2964/8/3 2917/8/3 2916/8/3
f 2964/9/3 2918/9/3 2917/9/3
f 2964/9/3 2919/9/3 2918/9/3
f 2965/9/3 2919/9/3 2964/9/3
f 2966/9/3 2919/9/3 2965/9/3
f 2967/7/3 2920/7/3 2919/7/3
f 2967/9/3 2919/9/3 2966/9/3
f 2968/10/3 2885/10/3 2924/10/3
f 2968/10/3 2924/10/3 2923/10/3
f 2969/13/3 2925/13/3 2885/13/3
f 2969/10/3 2885/10/3 2968/10/3
f 2970/31/3 2928/31/3 2839/31/3
f 2970/7/3 2929/7/3 2928/7/3
f 2971/7/3 2890/7/3 2929/7/3
f 2971/7/3 2929/7/3 2970/7/3
f 2972/8/3 2931/8/3 2930/8/3
f 2972/35/3 2930/35/3 2630/35/3
f 2973/35/3 2932/35/3 2931/35/3
f 2973/8/3 2931/8/3 2972/8/3
f 2974/8/3 2933/8/3 2932/8/3
f 2974/35/3 2932/35/3 2973/35/3
f 2975/8/3 2673/8/3 2892/8/3
f 2975/8/3 2933/8/3 2974/8/3
f 2975/8/3 2892/8/3 2933/8/3
f 2975/35/3 2893/35/3 2673/35/3
f 2976/1/3 2634/1/3 2594/1/3
f 2976/24/3 2635/24/3 2634/24/3
f 2977/1/3 2636/1/3 2635/1/3
f 2977/24/3 2635/24/3 2976/24/3
f 2978/33/3 2939/33/3 2938/33/3
f 2978/33/3 2940/33/3 2939/33/3
f 2979/32/3 2941/32/3 2940/32/3
f 2979/33/3 2940/33/3 2978/33/3
f 2980/38/3 2943/38/3 2942/38/3
f 2980/32/3 2945/32/3 2944/32/3
f 2980/32/3 2944/32/3 2943/32/3
f 2981/32/3 2945/32/3 2980/32/3
f 2982/38/3 2901/38/3 2945/38/3
f 2982/32/3 2945/32/3 2981/32/3
f 2983/35/3 2875/35/3 2901/35/3
f 2983/38/3 2901/38/3 2982/38/3
f 2984/33/3 2946/33/3 2875/33/3
f 2984/33/3 2947/33/3 2946/33/3
f 2985/36/3 2948/36/3 2947/36/3
f 2985/33/3 2947/33/3 2984/33/3
f 2986/34/3 2949/34/3 2948/34/3
f 2986/36/3 2948/36/3 2985/36/3
f 2987/32/3 2950/32/3 2949/32/3
f 2987/34/3 2949/34/3 2986/34/3
f 2988/36/3 2952/36/3 2951/36/3
f 2988/34/3 2953/34/3 2952/34/3
f 2988/34/3 2954/34/3 2953/34/3
f 2989/36/3 2908/36/3 2954/36/3
f 2989/34/3 2954/34/3 2988/34/3
f 2990/9/3 2960/9/3 2959/9/3
f 2990/7/3 2961/7/3 2960/7/3
f 2990/7/3 2962/7/3 2961/7/3
f 2991/9/3 2963/9/3 2962/9/3
f 2991/7/3 2962/7/3 2990/7/3
f 2992/10/3 2916/10/3 2963/10/3
f 2992/8/3 2965/8/3 2964/8/3
f 2992/8/3 2964/8/3 2916/8/3
f 2993/8/3 2965/8/3 2992/8/3
f 2994/9/3 2966/9/3 2965/9/3
f 2994/7/3 2967/7/3 2966/7/3
f 2995/7/3 2920/7/3 2967/7/3
f 2995/7/3 2967/7/3 2994/7/3
f 2995/9/3 2921/9/3 2920/9/3
f 2996/8/3 2923/8/3 2922/8/3
f 2997/10/3 2968/10/3 2923/10/3
f 2997/8/3 2923/8/3 2996/8/3
f 2998/35/3 2839/35/3 2867/35/3
f 2998/35/3 2867/35/3 2927/35/3
f 2998/31/3 2970/31/3 2839/31/3
f 2998/31/3 2971/31/3 2970/31/3
f 2998/35/3 2927/35/3 2926/35/3
f 2999/31/3 2971/31/3 2998/31/3
f 3000/7/3 2890/7/3 2971/7/3
f 3000/31/3 2971/31/3 2999/31/3
f 3001/7/3 2890/7/3 3000/7/3
f 3002/33/3 2820/33/3 2890/33/3
f 3002/7/3 2890/7/3 3001/7/3
f 3003/34/3 2629/34/3 2820/34/3
f 3003/33/3 2820/33/3 3002/33/3
f 3004/24/3 2630/24/3 2629/24/3
f 3004/34/3 2629/34/3 3003/34/3
f 3005/35/3 2974/35/3 2973/35/3
f 3005/24/3 2630/24/3 3004/24/3
f 3005/35/3 2972/35/3 2630/35/3
f 3005/35/3 2975/35/3 2974/35/3
f 3005/35/3 2973/35/3 2972/35/3
f 3006/35/3 2975/35/3 3005/35/3
f 3007/1/3 2895/1/3 2894/1/3
f 3007/35/3 2975/35/3 3006/35/3
f 3007/35/3 2893/35/3 2975/35/3
f 3007/1/3 2894/1/3 2893/1/3
f 3007/1/3 2896/1/3 2895/1/3
f 3008/1/3 2896/1/3 3007/1/3
f 3009/1/3 2896/1/3 3008/1/3
f 3010/35/3 2594/35/3 2896/35/3
f 3010/1/3 2896/1/3 3009/1/3
f 3011/1/3 2636/1/3 2977/1/3
f 3011/1/3 2977/1/3 2976/1/3
f 3012/34/3 2934/34/3 2636/34/3
f 3012/1/3 2636/1/3 3011/1/3
f 3013/35/3 2942/35/3 2941/35/3
f 3014/38/3 2980/38/3 2942/38/3
f 3014/35/3 2942/35/3 3013/35/3
f 3015/35/3 2981/35/3 2980/35/3
f 3015/38/3 2980/38/3 3014/38/3
f 3016/33/3 2984/33/3 2875/33/3
f 3016/35/3 2875/35/3 2983/35/3
f 3016/35/3 2983/35/3 2982/35/3
f 3017/36/3 2986/36/3 2985/36/3
f 3017/33/3 2984/33/3 3016/33/3
f 3017/36/3 2985/36/3 2984/36/3
f 3018/36/3 2986/36/3 3017/36/3
f 3019/32/3 2987/32/3 2986/32/3
f 3019/36/3 2986/36/3 3018/36/3
f 3020/32/3 2906/32/3 2950/32/3
f 3020/32/3 2987/32/3 3019/32/3
f 3020/36/3 2989/36/3 2988/36/3
f 3020/36/3 2951/36/3 2906/36/3
f 3020/32/3 2950/32/3 2987/32/3
f 3020/36/3 2988/36/3 2951/36/3
f 3021/36/3 2989/36/3 3020/36/3
f 3022/36/3 2908/36/3 2989/36/3
f 3022/36/3 2989/36/3 3021/36/3
f 3022/12/3 2909/12/3 2908/12/3
f 3023/16/3 2955/16/3 2909/16/3
f 3023/12/3 2909/12/3 3022/12/3
f 3023/16/3 2958/16/3 2957/16/3
f 3023/16/3 2956/16/3 2955/16/3
f 3023/16/3 2957/16/3 2956/16/3
f 3024/16/3 2958/16/3 3023/16/3
f 3025/10/3 2911/10/3 2958/10/3
f 3025/8/3 2959/8/3 2911/8/3
f 3026/9/3 2990/9/3 2959/9/3
f 3026/8/3 2959/8/3 3025/8/3
f 3026/9/3 2991/9/3 2990/9/3
f 3027/9/3 2963/9/3 2991/9/3
f 3027/9/3 2991/9/3 3026/9/3
f 3028/10/3 2992/10/3 2963/10/3
f 3028/9/3 2963/9/3 3027/9/3
f 3028/10/3 2993/10/3 2992/10/3
f 3029/10/3 2993/10/3 3028/10/3
f 3030/9/3 2995/9/3 2994/9/3
f 3030/9/3 2994/9/3 2965/9/3
f 3031/9/3 2995/9/3 3030/9/3
f 3032/9/3 2921/9/3 2995/9/3
f 3032/9/3 2995/9/3 3031/9/3
f 3033/12/3 2922/12/3 2921/12/3
f 3033/9/3 2921/9/3 3032/9/3
f 3034/8/3 2996/8/3 2922/8/3
f 3034/12/3 2922/12/3 3033/12/3
f 3035/8/3 2996/8/3 3034/8/3
f 3036/10/3 2968/10/3 2997/10/3
f 3036/10/3 2997/10/3 2996/10/3
f 3037/13/3 2969/13/3 2968/13/3
f 3037/10/3 2968/10/3 3036/10/3
f 3038/13/3 2925/13/3 2969/13/3
f 3038/13/3 2969/13/3 3037/13/3
f 3039/12/3 2926/12/3 2925/12/3
f 3039/13/3 2925/13/3 3038/13/3
f 3040/35/3 2999/35/3 2998/35/3
f 3040/12/3 2926/12/3 3039/12/3
f 3040/35/3 2998/35/3 2926/35/3
f 3041/35/3 2999/35/3 3040/35/3
f 3042/35/3 2999/35/3 3041/35/3
f 3043/7/3 3001/7/3 3000/7/3
f 3043/35/3 2999/35/3 3042/35/3
f 3043/7/3 3000/7/3 2999/7/3
f 3044/7/3 3001/7/3 3043/7/3
f 3045/33/3 3002/33/3 3001/33/3
f 3045/7/3 3001/7/3 3044/7/3
f 3046/24/3 3006/24/3 3005/24/3
f 3046/35/3 3007/35/3 3006/35/3
f 3046/35/3 3008/35/3 3007/35/3
f 3047/35/3 3008/35/3 3046/35/3
f 3048/1/3 3009/1/3 3008/1/3
f 3048/35/3 3008/35/3 3047/35/3
f 3049/35/3 3010/35/3 3009/35/3
f 3049/1/3 3009/1/3 3048/1/3
f 3050/35/3 2594/35/3 3010/35/3
f 3050/35/3 3010/35/3 3049/35/3
f 3051/1/3 2976/1/3 2594/1/3
f 3051/35/3 2594/35/3 3050/35/3
f 3051/1/3 3011/1/3 2976/1/3
f 3052/35/3 2981/35/3 3015/35/3
f 3052/35/3 3015/35/3 3014/35/3
f 3053/38/3 2982/38/3 2981/38/3
f 3053/35/3 2981/35/3 3052/35/3
f 3054/35/3 3017/35/3 3016/35/3
f 3054/38/3 2982/38/3 3053/38/3
f 3054/35/3 3016/35/3 2982/35/3
f 3055/36/3 3018/36/3 3017/36/3
f 3055/35/3 3017/35/3 3054/35/3
f 3056/34/3 3019/34/3 3018/34/3
f 3056/36/3 3018/36/3 3055/36/3
f 3057/32/3 3021/32/3 3020/32/3
f 3057/34/3 3019/34/3 3056/34/3
f 3057/32/3 3020/32/3 3019/32/3
f 3058/10/3 3026/10/3 3025/10/3
f 3058/16/3 2958/16/3 3024/16/3
f 3058/10/3 3025/10/3 2958/10/3
f 3059/10/3 3026/10/3 3058/10/3
f 3060/9/3 3027/9/3 3026/9/3
f 3060/10/3 3026/10/3 3059/10/3
f 3061/9/3 3027/9/3 3060/9/3
f 3062/9/3 3027/9/3 3061/9/3
f 3063/9/3 3027/9/3 3062/9/3
f 3064/9/3 3027/9/3 3063/9/3
f 3065/7/3 3028/7/3 3027/7/3
f 3065/9/3 3027/9/3 3064/9/3
f 3065/7/3 3029/7/3 3028/7/3
f 3066/7/3 3029/7/3 3065/7/3
f 3067/10/3 2993/10/3 3029/10/3
f 3067/7/3 3029/7/3 3066/7/3
f 3068/8/3 2965/8/3 2993/8/3
f 3068/10/3 2993/10/3 3067/10/3
f 3069/7/3 3031/7/3 3030/7/3
f 3069/9/3 3030/9/3 2965/9/3
f 3070/9/3 3032/9/3 3031/9/3
f 3070/7/3 3031/7/3 3069/7/3
f 3071/8/3 2996/8/3 3035/8/3
f 3072/10/3 3036/10/3 2996/10/3
f 3072/8/3 2996/8/3 3071/8/3
f 3073/35/3 3041/35/3 3040/35/3
f 3073/35/3 3040/35/3 3039/35/3
f 3074/31/3 3042/31/3 3041/31/3
f 3074/35/3 3041/35/3 3073/35/3
f 3075/30/3 3044/30/3 3043/30/3
f 3075/35/3 3043/35/3 3042/35/3
f 3076/31/3 3045/31/3 3044/31/3
f 3076/30/3 3044/30/3 3075/30/3
f 3077/33/3 3002/33/3 3045/33/3
f 3077/31/3 3045/31/3 3076/31/3
f 3078/31/3 3003/31/3 3002/31/3
f 3078/33/3 3002/33/3 3077/33/3
f 3079/34/3 3004/34/3 3003/34/3
f 3079/24/3 3047/24/3 3046/24/3
f 3079/34/3 3005/34/3 3004/34/3
f 3079/24/3 3046/24/3 3005/24/3
f 3080/24/3 3047/24/3 3079/24/3
f 3081/35/3 3050/35/3 3049/35/3
f 3081/24/3 3047/24/3 3080/24/3
f 3081/35/3 3049/35/3 3048/35/3
f 3081/35/3 3048/35/3 3047/35/3
f 3082/24/3 3051/24/3 3050/24/3
f 3082/35/3 3050/35/3 3081/35/3
f 3083/1/3 3011/1/3 3051/1/3
f 3083/24/3 3051/24/3 3082/24/3
f 3084/34/3 3012/34/3 3011/34/3
f 3084/1/3 3011/1/3 3083/1/3
f 3085/34/3 2934/34/3 3012/34/3
f 3085/34/3 3012/34/3 3084/34/3
f 3085/33/3 2935/33/3 2934/33/3
f 3086/38/3 2936/38/3 2935/38/3
f 3086/33/3 2935/33/3 3085/33/3
f 3087/35/3 2937/35/3 2936/35/3
f 3087/38/3 2936/38/3 3086/38/3
f 3088/32/3 101/32/3 2937/32/3
f 3088/35/3 2937/35/3 3087/35/3
f 3089/35/3 2938/35/3 2135/35/3
f 3089/33/3 2978/33/3 2938/33/3
f 3090/32/3 2979/32/3 2978/32/3
f 3090/33/3 2978/33/3 3089/33/3
f 3091/32/3 2941/32/3 2979/32/3
f 3091/32/3 2979/32/3 3090/32/3
f 3092/35/3 3013/35/3 2941/35/3
f 3092/32/3 2941/32/3 3091/32/3
f 3093/38/3 3014/38/3 3013/38/3
f 3093/35/3 3013/35/3 3092/35/3
f 3094/35/3 3052/35/3 3014/35/3
f 3094/38/3 3014/38/3 3093/38/3
f 3095/32/3 3021/32/3 3057/32/3
f 3095/33/3 3057/33/3 3056/33/3
f 3096/32/3 3021/32/3 3095/32/3
f 3097/12/3 3024/12/3 3023/12/3
f 3097/36/3 3023/36/3 3022/36/3
f 3097/36/3 3022/36/3 3021/36/3
f 3098/16/3 3059/16/3 3058/16/3
f 3098/12/3 3024/12/3 3097/12/3
f 3098/16/3 3058/16/3 3024/16/3
f 3099/16/3 3059/16/3 3098/16/3
f 3100/16/3 3059/16/3 3099/16/3
f 3101/10/3 3060/10/3 3059/10/3
f 3101/16/3 3059/16/3 3100/16/3
f 3102/8/3 3061/8/3 3060/8/3
f 3102/9/3 3062/9/3 3061/9/3
f 3103/9/3 3062/9/3 3102/9/3
f 3104/9/3 3064/9/3 3063/9/3
f 3104/7/3 3063/7/3 3062/7/3
f 3105/7/3 3066/7/3 3065/7/3
f 3105/9/3 3064/9/3 3104/9/3
f 3105/7/3 3065/7/3 3064/7/3
f 3106/7/3 3066/7/3 3105/7/3
f 3107/8/3 3067/8/3 3066/8/3
f 3107/7/3 3066/7/3 3106/7/3
f 3107/8/3 3068/8/3 3067/8/3
f 3108/8/3 2965/8/3 3068/8/3
f 3108/8/3 3068/8/3 3107/8/3
f 3109/9/3 3070/9/3 3069/9/3
f 3109/8/3 2965/8/3 3108/8/3
f 3109/9/3 3069/9/3 2965/9/3
f 3110/9/3 3070/9/3 3109/9/3
f 3111/7/3 3033/7/3 3032/7/3
f 3111/9/3 3070/9/3 3110/9/3
f 3111/9/3 3032/9/3 3070/9/3
f 3111/7/3 3034/7/3 3033/7/3
f 3112/12/3 3035/12/3 3034/12/3
f 3112/7/3 3034/7/3 3111/7/3
f 3113/8/3 3071/8/3 3035/8/3
f 3113/12/3 3035/12/3 3112/12/3
f 3114/10/3 3036/10/3 3072/10/3
f 3114/10/3 3072/10/3 3071/10/3
f 3115/13/3 3037/13/3 3036/13/3
f 3115/10/3 3036/10/3 3114/10/3
f 3115/13/3 3038/13/3 3037/13/3
f 3116/13/3 3038/13/3 3115/13/3
f 3117/12/3 3039/12/3 3038/12/3
f 3117/13/3 3038/13/3 3116/13/3
f 3118/35/3 3073/35/3 3039/35/3
f 3118/12/3 3039/12/3 3117/12/3
f 3119/31/3 3074/31/3 3073/31/3
f 3119/35/3 3073/35/3 3118/35/3
f 3120/31/3 3042/31/3 3074/31/3
f 3120/31/3 3074/31/3 3119/31/3
f 3120/35/3 3075/35/3 3042/35/3
f 3121/7/3 3078/7/3 3077/7/3
f 3121/35/3 3075/35/3 3120/35/3
f 3121/7/3 3076/7/3 3075/7/3
f 3121/7/3 3077/7/3 3076/7/3
f 3122/7/3 3078/7/3 3121/7/3
f 3123/7/3 3078/7/3 3122/7/3
f 3124/31/3 3003/31/3 3078/31/3
f 3124/7/3 3078/7/3 3123/7/3
f 3125/34/3 3080/34/3 3079/34/3
f 3125/31/3 3003/31/3 3124/31/3
f 3125/34/3 3079/34/3 3003/34/3
f 3126/34/3 3080/34/3 3125/34/3
f 3127/34/3 3080/34/3 3126/34/3
f 3128/24/3 3082/24/3 3081/24/3
f 3128/34/3 3080/34/3 3127/34/3
f 3128/24/3 3081/24/3 3080/24/3
f 3128/24/3 3083/24/3 3082/24/3
f 3129/24/3 3083/24/3 3128/24/3
f 3130/24/3 3083/24/3 3129/24/3
f 3131/24/3 3083/24/3 3130/24/3
f 3132/24/3 3083/24/3 3131/24/3
f 3133/24/3 3083/24/3 3132/24/3
f 3134/24/3 3083/24/3 3133/24/3
f 3135/24/3 3083/24/3 3134/24/3
f 3136/24/3 3083/24/3 3135/24/3
f 3137/24/3 3083/24/3 3136/24/3
f 3138/24/3 3083/24/3 3137/24/3
f 3139/24/3 3083/24/3 3138/24/3
f 3140/34/3 3084/34/3 3083/34/3
f 3140/24/3 3083/24/3 3139/24/3
f 3140/34/3 3085/34/3 3084/34/3
f 3141/35/3 3087/35/3 3086/35/3
f 3141/34/3 3085/34/3 3140/34/3
f 3141/35/3 3086/35/3 3085/35/3
f 3142/32/3 3090/32/3 3089/32/3
f 3142/32/3 3091/32/3 3090/32/3
f 3143/35/3 3092/35/3 3091/35/3
f 3143/32/3 3091/32/3 3142/32/3
f 3144/38/3 3093/38/3 3092/38/3
f 3144/35/3 3092/35/3 3143/35/3
f 3145/35/3 3094/35/3 3093/35/3
f 3145/38/3 3093/38/3 3144/38/3
f 3146/35/3 3055/35/3 3054/35/3
f 3146/35/3 3056/35/3 3055/35/3
f 3146/35/3 3054/35/3 3053/35/3
f 3147/33/3 3095/33/3 3056/33/3
f 3147/35/3 3056/35/3 3146/35/3
f 3148/41/3 3096/41/3 3095/41/3
f 3148/33/3 3095/33/3 3147/33/3
f 3149/32/3 3021/32/3 3096/32/3
f 3149/41/3 3096/41/3 3148/41/3
f 3150/32/3 3021/32/3 3149/32/3
f 3151/32/3 3021/32/3 3150/32/3
f 3152/10/3 3060/10/3 3101/10/3
f 3152/8/3 3103/8/3 3102/8/3
f 3152/8/3 3102/8/3 3060/8/3
f 3153/9/3 3062/9/3 3103/9/3
f 3153/8/3 3103/8/3 3152/8/3
f 3154/7/3 3104/7/3 3062/7/3
f 3154/9/3 3062/9/3 3153/9/3
f 3154/7/3 3105/7/3 3104/7/3
f 3155/9/3 3106/9/3 3105/9/3
f 3155/7/3 3105/7/3 3154/7/3
f 3156/8/3 3107/8/3 3106/8/3
f 3156/9/3 3106/9/3 3155/9/3
f 3157/10/3 3108/10/3 3107/10/3
f 3157/8/3 3107/8/3 3156/8/3
f 3158/10/3 3108/10/3 3157/10/3
f 3159/8/3 3110/8/3 3109/8/3
f 3159/10/3 3108/10/3 3158/10/3
f 3159/8/3 3109/8/3 3108/8/3
f 3160/9/3 3111/9/3 3110/9/3
f 3160/8/3 3110/8/3 3159/8/3
f 3160/9/3 3112/9/3 3111/9/3
f 3161/9/3 3112/9/3 3160/9/3
f 3162/8/3 3113/8/3 3112/8/3
f 3162/8/3 3071/8/3 3113/8/3
f 3163/10/3 3114/10/3 3071/10/3
f 3163/8/3 3071/8/3 3162/8/3
f 3164/13/3 3116/13/3 3115/13/3
f 3164/10/3 3114/10/3 3163/10/3
f 3164/13/3 3115/13/3 3114/13/3
f 3165/35/3 3119/35/3 3118/35/3
f 3165/35/3 3120/35/3 3119/35/3
f 3165/35/3 3118/35/3 3117/35/3
f 3165/35/3 3121/35/3 3120/35/3
f 3166/30/3 3122/30/3 3121/30/3
f 3166/35/3 3121/35/3 3165/35/3
f 3167/7/3 3123/7/3 3122/7/3
f 3167/30/3 3122/30/3 3166/30/3
f 3168/35/3 3135/35/3 3134/35/3
f 3168/33/3 3136/33/3 3135/33/3
f 3169/35/3 3137/35/3 3136/35/3
f 3169/33/3 3136/33/3 3168/33/3
f 3170/38/3 3138/38/3 3137/38/3
f 3170/35/3 3137/35/3 3169/35/3
f 3171/32/3 3139/32/3 3138/32/3
f 3171/38/3 3138/38/3 3170/38/3
f 3172/35/3 3140/35/3 3139/35/3
f 3172/32/3 3139/32/3 3171/32/3
f 3172/35/3 3141/35/3 3140/35/3
f 3173/35/3 3141/35/3 3172/35/3
f 3174/35/3 3087/35/3 3141/35/3
f 3174/35/3 3141/35/3 3173/35/3
f 3175/38/3 3088/38/3 3087/38/3
f 3175/35/3 3087/35/3 3174/35/3
f 3176/32/3 3142/32/3 3089/32/3
f 3176/35/3 3089/35/3 2135/35/3
f 3177/35/3 3143/35/3 3142/35/3
f 3177/32/3 3142/32/3 3176/32/3
f 3178/38/3 3144/38/3 3143/38/3
f 3178/35/3 3143/35/3 3177/35/3
f 3179/35/3 3145/35/3 3144/35/3
f 3179/38/3 3144/38/3 3178/38/3
f 3180/35/3 3094/35/3 3145/35/3
f 3180/35/3 3145/35/3 3179/35/3
f 3180/35/3 3052/35/3 3094/35/3
f 3181/38/3 3053/38/3 3052/38/3
f 3181/35/3 3052/35/3 3180/35/3
f 3182/35/3 3146/35/3 3053/35/3
f 3182/38/3 3053/38/3 3181/38/3
f 3183/33/3 3148/33/3 3147/33/3
f 3183/33/3 3147/33/3 3146/33/3
f 3184/32/3 3149/32/3 3148/32/3
f 3184/33/3 3148/33/3 3183/33/3
f 3184/32/3 3150/32/3 3149/32/3
f 3185/41/3 3151/41/3 3150/41/3
f 3185/32/3 3150/32/3 3184/32/3
f 3186/32/3 3021/32/3 3151/32/3
f 3186/41/3 3151/41/3 3185/41/3
f 3187/10/3 3152/10/3 3101/10/3
f 3187/10/3 3153/10/3 3152/10/3
f 3187/12/3 3101/12/3 3100/12/3
f 3188/10/3 3153/10/3 3187/10/3
f 3189/8/3 3155/8/3 3154/8/3
f 3189/10/3 3153/10/3 3188/10/3
f 3189/8/3 3154/8/3 3153/8/3
f 3189/8/3 3156/8/3 3155/8/3
f 3190/10/3 3158/10/3 3157/10/3
f 3190/8/3 3156/8/3 3189/8/3
f 3190/10/3 3157/10/3 3156/10/3
f 3191/10/3 3158/10/3 3190/10/3
f 3192/14/3 3159/14/3 3158/14/3
f 3192/10/3 3158/10/3 3191/10/3
f 3193/10/3 3160/10/3 3159/10/3
f 3193/14/3 3159/14/3 3192/14/3
f 3194/10/3 3160/10/3 3193/10/3
f 3195/8/3 3161/8/3 3160/8/3
f 3195/10/3 3160/10/3 3194/10/3
f 3196/9/3 3112/9/3 3161/9/3
f 3196/8/3 3161/8/3 3195/8/3
f 3197/8/3 3162/8/3 3112/8/3
f 3197/9/3 3112/9/3 3196/9/3
f 3198/12/3 3163/12/3 3162/12/3
f 3198/8/3 3162/8/3 3197/8/3
f 3199/33/3 3166/33/3 3165/33/3
f 3199/35/3 3165/35/3 3117/35/3
f 3200/31/3 3167/31/3 3166/31/3
f 3200/33/3 3166/33/3 3199/33/3
f 3201/7/3 3123/7/3 3167/7/3
f 3201/31/3 3167/31/3 3200/31/3
f 3202/31/3 3124/31/3 3123/31/3
f 3202/7/3 3123/7/3 3201/7/3
f 3203/7/3 3125/7/3 3124/7/3
f 3203/31/3 3124/31/3 3202/31/3
f 3204/31/3 3126/31/3 3125/31/3
f 3204/7/3 3125/7/3 3203/7/3
f 3205/44/3 3127/44/3 3126/44/3
f 3205/31/3 3126/31/3 3204/31/3
f 3206/42/3 3128/42/3 3127/42/3
f 3206/44/3 3127/44/3 3205/44/3
f 3207/33/3 3132/33/3 3131/33/3
f 3207/42/3 3133/42/3 3132/42/3
f 3208/33/3 3134/33/3 3133/33/3
f 3208/42/3 3133/42/3 3207/42/3
f 3209/35/3 3170/35/3 3169/35/3
f 3209/35/3 3169/35/3 3168/35/3
f 3210/35/3 3170/35/3 3209/35/3
f 3211/31/3 3171/31/3 3170/31/3
f 3211/35/3 3170/35/3 3210/35/3
f 3212/38/3 3172/38/3 3171/38/3
f 3212/31/3 3171/31/3 3211/31/3
f 3213/32/3 3185/32/3 3184/32/3
f 3213/32/3 3186/32/3 3185/32/3
f 3213/32/3 3184/32/3 3183/32/3
f 3213/33/3 3183/33/3 3146/33/3
f 3214/32/3 3186/32/3 3213/32/3
f 3215/32/3 3186/32/3 3214/32/3
f 3216/32/3 3186/32/3 3215/32/3
f 3217/32/3 3021/32/3 3186/32/3
f 3217/32/3 3186/32/3 3216/32/3
f 3217/36/3 3097/36/3 3021/36/3
f 3217/36/3 3098/36/3 3097/36/3
f 3218/36/3 3098/36/3 3217/36/3
f 3219/12/3 3099/12/3 3098/12/3
f 3219/36/3 3098/36/3 3218/36/3
f 3220/16/3 3100/16/3 3099/16/3
f 3220/12/3 3099/12/3 3219/12/3
f 3221/16/3 3100/16/3 3220/16/3
f 3222/16/3 3100/16/3 3221/16/3
f 3223/12/3 3187/12/3 3100/12/3
f 3223/16/3 3100/16/3 3222/16/3
f 3224/14/3 3188/14/3 3187/14/3
f 3224/12/3 3187/12/3 3223/12/3
f 3225/10/3 3189/10/3 3188/10/3
f 3225/14/3 3188/14/3 3224/14/3
f 3225/10/3 3191/10/3 3190/10/3
f 3225/10/3 3190/10/3 3189/10/3
f 3226/14/3 3193/14/3 3192/14/3
f 3226/10/3 3191/10/3 3225/10/3
f 3226/14/3 3192/14/3 3191/14/3
f 3226/14/3 3194/14/3 3193/14/3
f 3227/10/3 3196/10/3 3195/10/3
f 3227/14/3 3194/14/3 3226/14/3
f 3227/10/3 3197/10/3 3196/10/3
f 3227/10/3 3195/10/3 3194/10/3
f 3227/10/3 3198/10/3 3197/10/3
f 3228/10/3 3198/10/3 3227/10/3
f 3229/10/3 3198/10/3 3228/10/3
f 3230/12/3 3163/12/3 3198/12/3
f 3230/10/3 3198/10/3 3229/10/3
f 3231/13/3 3164/13/3 3163/13/3
f 3231/12/3 3163/12/3 3230/12/3
f 3232/13/3 3116/13/3 3164/13/3
f 3232/13/3 3164/13/3 3231/13/3
f 3233/13/3 3116/13/3 3232/13/3
f 3234/12/3 3117/12/3 3116/12/3
f 3234/13/3 3116/13/3 3233/13/3
f 3235/35/3 3199/35/3 3117/35/3
f 3235/12/3 3117/12/3 3234/12/3
f 3236/7/3 3201/7/3 3200/7/3
f 3236/7/3 3203/7/3 3202/7/3
f 3236/7/3 3202/7/3 3201/7/3
f 3236/30/3 3200/30/3 3199/30/3
f 3237/7/3 3203/7/3 3236/7/3
f 3238/33/3 3204/33/3 3203/33/3
f 3238/7/3 3203/7/3 3237/7/3
f 3239/35/3 3131/35/3 3130/35/3
f 3240/33/3 3208/33/3 3207/33/3
f 3240/35/3 3131/35/3 3239/35/3
f 3240/33/3 3207/33/3 3131/33/3
f 3241/38/3 3172/38/3 3212/38/3
f 3241/32/3 3212/32/3 3211/32/3
f 3242/32/3 3173/32/3 3172/32/3
f 3242/38/3 3172/38/3 3241/38/3
f 3243/35/3 3174/35/3 3173/35/3
f 3243/32/3 3173/32/3 3242/32/3
f 3244/38/3 3175/38/3 3174/38/3
f 3244/35/3 3174/35/3 3243/35/3
f 3245/38/3 3088/38/3 3175/38/3
f 3245/38/3 3175/38/3 3244/38/3
f 3246/35/3 3179/35/3 3178/35/3
f 3246/35/3 3178/35/3 3177/35/3
f 3246/35/3 3180/35/3 3179/35/3
f 3246/35/3 3177/35/3 3176/35/3
f 3247/35/3 3180/35/3 3246/35/3
f 3248/38/3 3181/38/3 3180/38/3
f 3248/35/3 3180/35/3 3247/35/3
f 3249/32/3 3182/32/3 3181/32/3
f 3249/38/3 3181/38/3 3248/38/3
f 3250/35/3 3146/35/3 3182/35/3
f 3250/32/3 3182/32/3 3249/32/3
f 3251/35/3 3146/35/3 3250/35/3
f 3252/35/3 3146/35/3 3251/35/3
f 3253/33/3 3213/33/3 3146/33/3
f 3253/35/3 3146/35/3 3252/35/3
f 3254/41/3 3214/41/3 3213/41/3
f 3254/33/3 3213/33/3 3253/33/3
f 3255/32/3 3215/32/3 3214/32/3
f 3255/41/3 3214/41/3 3254/41/3
f 3256/41/3 3216/41/3 3215/41/3
f 3256/32/3 3215/32/3 3255/32/3
f 3257/32/3 3218/32/3 3217/32/3
f 3257/41/3 3216/41/3 3256/41/3
f 3257/32/3 3217/32/3 3216/32/3
f 3258/34/3 3220/34/3 3219/34/3
f 3258/36/3 3219/36/3 3218/36/3
f 3259/12/3 3221/12/3 3220/12/3
f 3259/34/3 3220/34/3 3258/34/3
f 3260/14/3 3224/14/3 3223/14/3
f 3260/14/3 3226/14/3 3225/14/3
f 3260/14/3 3227/14/3 3226/14/3
f 3260/14/3 3225/14/3 3224/14/3
f 3260/14/3 3228/14/3 3227/14/3
f 3261/14/3 3228/14/3 3260/14/3
f 3262/10/3 3229/10/3 3228/10/3
f 3262/14/3 3228/14/3 3261/14/3
f 3263/14/3 3231/14/3 3230/14/3
f 3263/10/3 3229/10/3 3262/10/3
f 3263/14/3 3230/14/3 3229/14/3
f 3264/35/3 3199/35/3 3235/35/3
f 3264/35/3 3235/35/3 3234/35/3
f 3265/35/3 3199/35/3 3264/35/3
f 3266/30/3 3236/30/3 3199/30/3
f 3266/31/3 3237/31/3 3236/31/3
f 3267/33/3 3238/33/3 3237/33/3
f 3267/31/3 3237/31/3 3266/31/3
f 3268/31/3 3205/31/3 3204/31/3
f 3268/33/3 3238/33/3 3267/33/3
f 3268/33/3 3204/33/3 3238/33/3
f 3269/31/3 3129/31/3 3128/31/3
f 3270/31/3 3129/31/3 3269/31/3
f 3271/33/3 3208/33/3 3240/33/3
f 3271/31/3 3240/31/3 3239/31/3
f 3272/33/3 3208/33/3 3271/33/3
f 3273/35/3 3209/35/3 3168/35/3
f 3274/31/3 3210/31/3 3209/31/3
f 3274/35/3 3209/35/3 3273/35/3
f 3275/33/3 3247/33/3 3246/33/3
f 3276/38/3 3248/38/3 3247/38/3
f 3276/33/3 3247/33/3 3275/33/3
f 3277/32/3 3250/32/3 3249/32/3
f 3277/32/3 3249/32/3 3248/32/3
f 3277/32/3 3251/32/3 3250/32/3
f 3278/32/3 3251/32/3 3277/32/3
f 3279/32/3 3255/32/3 3254/32/3
f 3279/32/3 3257/32/3 3256/32/3
f 3279/32/3 3256/32/3 3255/32/3
f 3279/32/3 3254/32/3 3253/32/3
f 3280/32/3 3257/32/3 3279/32/3
f 3281/14/3 3262/14/3 3261/14/3
f 3281/14/3 3231/14/3 3263/14/3
f 3281/14/3 3263/14/3 3262/14/3
f 3282/14/3 3231/14/3 3281/14/3
f 3283/13/3 3233/13/3 3232/13/3
f 3284/12/3 3234/12/3 3233/12/3
f 3284/13/3 3233/13/3 3283/13/3
f 3285/35/3 3264/35/3 3234/35/3
f 3285/12/3 3234/12/3 3284/12/3
f 3286/35/3 3264/35/3 3285/35/3
f 3287/30/3 3265/30/3 3264/30/3
f 3287/35/3 3264/35/3 3286/35/3
f 3288/35/3 3199/35/3 3265/35/3
f 3288/30/3 3265/30/3 3287/30/3
f 3289/30/3 3266/30/3 3199/30/3
f 3289/35/3 3199/35/3 3288/35/3
f 3290/7/3 3267/7/3 3266/7/3
f 3290/30/3 3266/30/3 3289/30/3
f 3290/7/3 3268/7/3 3267/7/3
f 3291/7/3 3268/7/3 3290/7/3
f 3292/7/3 3268/7/3 3291/7/3
f 3293/7/3 3268/7/3 3292/7/3
f 3294/31/3 3205/31/3 3268/31/3
f 3294/7/3 3268/7/3 3293/7/3
f 3295/43/3 3206/43/3 3205/43/3
f 3295/42/3 3128/42/3 3206/42/3
f 3296/31/3 3269/31/3 3128/31/3
f 3296/42/3 3128/42/3 3295/42/3
f 3297/31/3 3129/31/3 3270/31/3
f 3297/30/3 3130/30/3 3129/30/3
f 3298/35/3 3239/35/3 3130/35/3
f 3298/30/3 3130/30/3 3297/30/3
f 3299/35/3 3239/35/3 3298/35/3
f 3300/33/3 3134/33/3 3208/33/3
f 3300/35/3 3273/35/3 3168/35/3
f 3300/33/3 3208/33/3 3272/33/3
f 3300/35/3 3168/35/3 3134/35/3
f 3301/35/3 3273/35/3 3300/35/3
f 3302/35/3 3211/35/3 3210/35/3
f 3302/32/3 3241/32/3 3211/32/3
f 3302/32/3 3242/32/3 3241/32/3
f 3303/32/3 3242/32/3 3302/32/3
f 3304/35/3 3246/35/3 3176/35/3
f 3305/33/3 3275/33/3 3246/33/3
f 3305/35/3 3246/35/3 3304/35/3
f 3306/38/3 3248/38/3 3276/38/3
f 3306/38/3 3276/38/3 3275/38/3
f 3307/32/3 3277/32/3 3248/32/3
f 3307/38/3 3248/38/3 3306/38/3
f 3308/32/3 3251/32/3 3278/32/3
f 3308/33/3 3278/33/3 3277/33/3
f 3309/35/3 3252/35/3 3251/35/3
f 3309/32/3 3251/32/3 3308/32/3
f 3310/33/3 3253/33/3 3252/33/3
f 3310/35/3 3252/35/3 3309/35/3
f 3311/32/3 3279/32/3 3253/32/3
f 3311/33/3 3253/33/3 3310/33/3
f 3312/32/3 3257/32/3 3280/32/3
f 3312/33/3 3280/33/3 3279/33/3
f 3313/32/3 3257/32/3 3312/32/3
f 3314/12/3 3221/12/3 3259/12/3
f 3314/36/3 3259/36/3 3258/36/3
f 3315/16/3 3222/16/3 3221/16/3
f 3315/12/3 3221/12/3 3314/12/3
f 3316/12/3 3223/12/3 3222/12/3
f 3316/16/3 3222/16/3 3315/16/3
f 3317/14/3 3260/14/3 3223/14/3
f 3317/12/3 3223/12/3 3316/12/3
f 3318/12/3 3261/12/3 3260/12/3
f 3318/14/3 3260/14/3 3317/14/3
f 3319/14/3 3281/14/3 3261/14/3
f 3319/12/3 3261/12/3 3318/12/3
f 3320/12/3 3282/12/3 3281/12/3
f 3320/14/3 3281/14/3 3319/14/3
f 3321/14/3 3231/14/3 3282/14/3
f 3321/12/3 3282/12/3 3320/12/3
f 3322/12/3 3232/12/3 3231/12/3
f 3322/14/3 3231/14/3 3321/14/3
f 3323/13/3 3283/13/3 3232/13/3
f 3323/12/3 3232/12/3 3322/12/3
f 3324/12/3 3284/12/3 3283/12/3
f 3324/13/3 3283/13/3 3323/13/3
f 3325/30/3 3287/30/3 3286/30/3
f 3325/30/3 3289/30/3 3288/30/3
f 3325/30/3 3288/30/3 3287/30/3
f 3325/30/3 3290/30/3 3289/30/3
f 3326/30/3 3290/30/3 3325/30/3
f 3327/30/3 3290/30/3 3326/30/3
f 3328/33/3 3291/33/3 3290/33/3
f 3328/30/3 3290/30/3 3327/30/3
f 3329/31/3 3292/31/3 3291/31/3
f 3329/33/3 3291/33/3 3328/33/3
f 3330/7/3 3293/7/3 3292/7/3
f 3330/31/3 3292/31/3 3329/31/3
f 3331/33/3 3294/33/3 3293/33/3
f 3331/7/3 3293/7/3 3330/7/3
f 3332/33/3 3300/33/3 3272/33/3
f 3332/31/3 3272/31/3 3271/31/3
f 3333/33/3 3300/33/3 3332/33/3
f 3334/31/3 3301/31/3 3300/31/3
f 3335/35/3 3273/35/3 3301/35/3
f 3335/31/3 3301/31/3 3334/31/3
f 3336/31/3 3274/31/3 3273/31/3
f 3336/35/3 3273/35/3 3335/35/3
f 3337/31/3 3210/31/3 3274/31/3
f 3337/31/3 3274/31/3 3336/31/3
f 3338/32/3 3242/32/3 3303/32/3
f 3338/31/3 3303/31/3 3302/31/3
f 3339/38/3 3243/38/3 3242/38/3
f 3339/32/3 3242/32/3 3338/32/3
f 3340/35/3 3245/35/3 3244/35/3
f 3340/38/3 3243/38/3 3339/38/3
f 3340/35/3 3244/35/3 3243/35/3
f 3341/35/3 3304/35/3 3176/35/3
f 3341/35/3 3176/35/3 2135/35/3
f 3342/33/3 3305/33/3 3304/33/3
f 3342/35/3 3304/35/3 3341/35/3
f 3343/33/3 3275/33/3 3305/33/3
f 3343/33/3 3305/33/3 3342/33/3
f 3344/38/3 3306/38/3 3275/38/3
f 3344/33/3 3275/33/3 3343/33/3
f 3345/32/3 3307/32/3 3306/32/3
f 3345/38/3 3306/38/3 3344/38/3
f 3346/32/3 3277/32/3 3307/32/3
f 3346/32/3 3307/32/3 3345/32/3
f 3347/33/3 3309/33/3 3308/33/3
f 3347/32/3 3277/32/3 3346/32/3
f 3347/33/3 3308/33/3 3277/33/3
f 3348/35/3 3310/35/3 3309/35/3
f 3349/32/3 3311/32/3 3310/32/3
f 3349/35/3 3310/35/3 3348/35/3
f 3350/32/3 3279/32/3 3311/32/3
f 3350/32/3 3311/32/3 3349/32/3
f 3351/32/3 3279/32/3 3350/32/3
f 3352/33/3 3313/33/3 3312/33/3
f 3352/32/3 3279/32/3 3351/32/3
f 3352/33/3 3312/33/3 3279/33/3
f 3353/32/3 3257/32/3 3313/32/3
f 3353/33/3 3313/33/3 3352/33/3
f 3354/32/3 3218/32/3 3257/32/3
f 3354/32/3 3257/32/3 3353/32/3
f 3355/34/3 3315/34/3 3314/34/3
f 3355/36/3 3314/36/3 3258/36/3
f 3356/12/3 3316/12/3 3315/12/3
f 3356/34/3 3315/34/3 3355/34/3
f 3357/14/3 3317/14/3 3316/14/3
f 3357/12/3 3316/12/3 3356/12/3
f 3357/14/3 3320/14/3 3319/14/3
f 3357/14/3 3322/14/3 3321/14/3
f 3357/14/3 3321/14/3 3320/14/3
f 3357/14/3 3323/14/3 3322/14/3
f 3357/14/3 3318/14/3 3317/14/3
f 3357/14/3 3319/14/3 3318/14/3
f 3358/12/3 3324/12/3 3323/12/3
f 3358/14/3 3323/14/3 3357/14/3
f 3359/12/3 3284/12/3 3324/12/3
f 3359/12/3 3324/12/3 3358/12/3
f 3360/35/3 3286/35/3 3285/35/3
f 3360/12/3 3284/12/3 3359/12/3
f 3360/35/3 3285/35/3 3284/35/3
f 3361/31/3 3326/31/3 3325/31/3
f 3361/30/3 3325/30/3 3286/30/3
f 3362/33/3 3327/33/3 3326/33/3
f 3362/31/3 3326/31/3 3361/31/3
f 3363/33/3 3327/33/3 3362/33/3
f 3364/31/3 3328/31/3 3327/31/3
f 3364/33/3 3327/33/3 3363/33/3
f 3365/7/3 3329/7/3 3328/7/3
f 3365/31/3 3328/31/3 3364/31/3
f 3365/7/3 3330/7/3 3329/7/3
f 3366/31/3 3331/31/3 3330/31/3
f 3366/7/3 3330/7/3 3365/7/3
f 3367/33/3 3294/33/3 3331/33/3
f 3367/31/3 3331/31/3 3366/31/3
f 3368/31/3 3205/31/3 3294/31/3
f 3368/33/3 3294/33/3 3367/33/3
f 3369/43/3 3295/43/3 3205/43/3
f 3369/31/3 3205/31/3 3368/31/3
f 3370/31/3 3269/31/3 3296/31/3
f 3370/44/3 3296/44/3 3295/44/3
f 3371/33/3 3270/33/3 3269/33/3
f 3371/31/3 3269/31/3 3370/31/3
f 3372/31/3 3297/31/3 3270/31/3
f 3372/33/3 3270/33/3 3371/33/3
f 3372/31/3 3298/31/3 3297/31/3
f 3373/31/3 3298/31/3 3372/31/3
f 3374/43/3 3333/43/3 3332/43/3
f 3374/31/3 3332/31/3 3271/31/3
f 3375/33/3 3300/33/3 3333/33/3
f 3375/43/3 3333/43/3 3374/43/3
f 3376/31/3 3334/31/3 3300/31/3
f 3376/33/3 3300/33/3 3375/33/3
f 3377/35/3 3336/35/3 3335/35/3
f 3377/35/3 3335/35/3 3334/35/3
f 3378/33/3 3337/33/3 3336/33/3
f 3378/35/3 3336/35/3 3377/35/3
f 3379/31/3 3210/31/3 3337/31/3
f 3379/33/3 3337/33/3 3378/33/3
f 3380/38/3 3339/38/3 3338/38/3
f 3380/32/3 3340/32/3 3339/32/3
f 3381/35/3 3245/35/3 3340/35/3
f 3381/32/3 3340/32/3 3380/32/3
f 3382/38/3 3088/38/3 3245/38/3
f 3382/35/3 3245/35/3 3381/35/3
f 3383/32/3 101/32/3 3088/32/3
f 3383/38/3 3088/38/3 3382/38/3
f 3384/35/3 2095/35/3 2069/35/3
f 3384/35/3 3341/35/3 2135/35/3
f 3384/32/3 2069/32/3 100/32/3
f 3384/35/3 2135/35/3 2095/35/3
f 3385/33/3 3342/33/3 3341/33/3
f 3385/35/3 3341/35/3 3384/35/3
f 3385/33/3 3343/33/3 3342/33/3
f 3386/38/3 3344/38/3 3343/38/3
f 3386/33/3 3343/33/3 3385/33/3
f 3387/35/3 3345/35/3 3344/35/3
f 3387/38/3 3344/38/3 3386/38/3
f 3388/32/3 3346/32/3 3345/32/3
f 3388/35/3 3345/35/3 3387/35/3
f 3389/33/3 3347/33/3 3346/33/3
f 3389/32/3 3346/32/3 3388/32/3
f 3390/35/3 3348/35/3 3309/35/3
f 3390/33/3 3347/33/3 3389/33/3
f 3390/33/3 3309/33/3 3347/33/3
f 3391/33/3 3349/33/3 3348/33/3
f 3391/35/3 3348/35/3 3390/35/3
f 3392/32/3 3350/32/3 3349/32/3
f 3392/33/3 3349/33/3 3391/33/3
f 3393/41/3 3351/41/3 3350/41/3
f 3393/32/3 3350/32/3 3392/32/3
f 3394/33/3 3352/33/3 3351/33/3
f 3394/41/3 3351/41/3 3393/41/3
f 3394/33/3 3354/33/3 3353/33/3
f 3394/33/3 3353/33/3 3352/33/3
f 3395/32/3 3218/32/3 3354/32/3
f 3395/33/3 3354/33/3 3394/33/3
f 3396/36/3 3356/36/3 3355/36/3
f 3396/32/3 3218/32/3 3395/32/3
f 3396/36/3 3258/36/3 3218/36/3
f 3396/36/3 3355/36/3 3258/36/3
f 3397/12/3 3358/12/3 3357/12/3
f 3397/36/3 3356/36/3 3396/36/3
f 3397/12/3 3357/12/3 3356/12/3
f 3397/12/3 3359/12/3 3358/12/3
f 3398/35/3 3360/35/3 3359/35/3
f 3398/12/3 3359/12/3 3397/12/3
f 3399/30/3 3361/30/3 3286/30/3
f 3399/35/3 3360/35/3 3398/35/3
f 3399/35/3 3286/35/3 3360/35/3
f 3400/33/3 3362/33/3 3361/33/3
f 3400/30/3 3361/30/3 3399/30/3
f 3400/33/3 3363/33/3 3362/33/3
f 3401/31/3 3365/31/3 3364/31/3
f 3401/33/3 3363/33/3 3400/33/3
f 3401/31/3 3364/31/3 3363/31/3
f 3401/31/3 3366/31/3 3365/31/3
f 3402/33/3 3367/33/3 3366/33/3
f 3402/31/3 3366/31/3 3401/31/3
f 3402/33/3 3368/33/3 3367/33/3
f 3402/33/3 3369/33/3 3368/33/3
f 3403/43/3 3295/43/3 3369/43/3
f 3403/33/3 3369/33/3 3402/33/3
f 3404/44/3 3370/44/3 3295/44/3
f 3404/43/3 3295/43/3 3403/43/3
f 3405/33/3 3371/33/3 3370/33/3
f 3405/44/3 3370/44/3 3404/44/3
f 3405/33/3 3372/33/3 3371/33/3
f 3405/33/3 3373/33/3 3372/33/3
f 3406/31/3 3298/31/3 3373/31/3
f 3406/33/3 3373/33/3 3405/33/3
f 3407/30/3 3299/30/3 3298/30/3
f 3407/31/3 3298/31/3 3406/31/3
f 3408/35/3 3239/35/3 3299/35/3
f 3408/30/3 3299/30/3 3407/30/3
f 3409/31/3 3374/31/3 3271/31/3
f 3409/35/3 3239/35/3 3408/35/3
f 3409/31/3 3271/31/3 3239/31/3
f 3410/44/3 3375/44/3 3374/44/3
f 3410/31/3 3374/31/3 3409/31/3
f 3411/32/3 3376/32/3 3375/32/3
f 3411/44/3 3375/44/3 3410/44/3
f 3412/31/3 3334/31/3 3376/31/3
f 3412/32/3 3376/32/3 3411/32/3
f 3413/35/3 3377/35/3 3334/35/3
f 3413/31/3 3334/31/3 3412/31/3
f 3414/33/3 3378/33/3 3377/33/3
f 3414/35/3 3377/35/3 3413/35/3
f 3415/31/3 3379/31/3 3378/31/3
f 3415/33/3 3378/33/3 3414/33/3
f 3416/31/3 3210/31/3 3379/31/3
f 3416/31/3 3379/31/3 3415/31/3
f 3416/35/3 3302/35/3 3210/35/3
f 3417/31/3 3338/31/3 3302/31/3
f 3417/35/3 3302/35/3 3416/35/3
f 3418/38/3 3380/38/3 3338/38/3
f 3418/31/3 3338/31/3 3417/31/3
f 3419/31/3 3381/31/3 3380/31/3
f 3419/38/3 3380/38/3 3418/38/3
f 3420/35/3 3382/35/3 3381/35/3
f 3420/31/3 3381/31/3 3419/31/3
f 3420/35/3 3383/35/3 3382/35/3
f 3421/32/3 101/32/3 3383/32/3
f 3421/35/3 3383/35/3 3420/35/3
f 3422/32/3 3418/32/3 3417/32/3
f 3422/32/3 3415/32/3 3414/32/3
f 3422/32/3 3421/32/3 3420/32/3
f 3422/32/3 3398/32/3 3397/32/3
f 3422/32/3 3412/32/3 3411/32/3
f 3422/32/3 3389/32/3 3388/32/3
f 3422/32/3 3410/32/3 3409/32/3
f 3422/32/3 3401/32/3 3400/32/3
f 3422/32/3 3403/32/3 3402/32/3
f 3422/32/3 3385/32/3 3384/32/3
f 3422/32/3 3400/32/3 3399/32/3
f 3422/32/3 3391/32/3 3390/32/3
f 3422/32/3 3408/32/3 3407/32/3
f 3422/32/3 3405/32/3 3404/32/3
f 3422/32/3 3388/32/3 3387/32/3
f 3422/32/3 3416/32/3 3415/32/3
f 3422/32/3 3387/32/3 3386/32/3
f 3422/32/3 3390/32/3 3389/32/3
f 3422/32/3 3413/32/3 3412/32/3
f 3422/32/3 3402/32/3 3401/32/3
f 3422/32/3 3411/32/3 3410/32/3
f 3422/32/3 3417/32/3 3416/32/3
f 3422/32/3 3386/32/3 3385/32/3
f 3422/32/3 3397/32/3 3396/32/3
f 3422/32/3 3384/32/3 100/32/3
f 3422/32/3 3414/32/3 3413/32/3
f 3422/32/3 3420/32/3 3419/32/3
f 3422/32/3 3394/32/3 3393/32/3
f 3422/32/3 3404/32/3 3403/32/3
f 3422/32/3 3395/32/3 3394/32/3
f 3422/32/3 3399/32/3 3398/32/3
f 3422/32/3 3409/32/3 3408/32/3
f 3422/32/3 3419/32/3 3418/32/3
f 3422/32/3 3392/32/3 3391/32/3
f 3422/32/3 3393/32/3 3392/32/3
f 3422/32/3 3406/32/3 3405/32/3
f 3422/32/3 3396/32/3 3395/32/3
f 3422/32/3 3407/32/3 3406/32/3
f 3423/32/3 101/32/3 3421/32/3
f 3423/32/3 3421/32/3 3422/32/3
f 3427/36/3 3425/36/3 3424/36/3
f 3428/34/3 3426/34/3 3425/34/3
f 3428/36/3 3425/36/3 3427/36/3
f 3429/34/3 3426/34/3 3428/34/3
f 3433/32/3 3431/32/3 3430/32/3
f 3434/34/3 3432/34/3 3431/34/3
f 3434/32/3 3431/32/3 3433/32/3
f 3435/34/3 3432/34/3 3434/34/3
f 3444/34/3 3439/34/3 3438/34/3
f 3445/2/3 3440/2/3 3439/2/3
f 3445/34/3 3439/34/3 3444/34/3
f 3446/34/3 3441/34/3 3440/34/3
f 3446/2/3 3440/2/3 3445/2/3
f 3447/2/3 3438/2/3 3437/2/3
f 3447/34/3 3444/34/3 3438/34/3
f 3448/2/3 3445/2/3 3444/2/3
f 3448/34/3 3444/34/3 3447/34/3
f 3449/34/3 3446/34/3 3445/34/3
f 3449/2/3 3445/2/3 3448/2/3
f 3450/34/3 3441/34/3 3446/34/3
f 3450/34/3 3446/34/3 3449/34/3
f 3451/2/3 3442/2/3 3441/2/3
f 3451/34/3 3441/34/3 3450/34/3
f 3452/34/3 3443/34/3 3442/34/3
f 3452/2/3 3442/2/3 3451/2/3
f 3453/36/3 3437/36/3 3436/36/3
f 3454/2/3 3448/2/3 3447/2/3
f 3454/36/3 3437/36/3 3453/36/3
f 3454/2/3 3447/2/3 3437/2/3
f 3455/34/3 3449/34/3 3448/34/3
f 3455/2/3 3448/2/3 3454/2/3
f 3455/34/3 3450/34/3 3449/34/3
f 3456/2/3 3451/2/3 3450/2/3
f 3456/34/3 3450/34/3 3455/34/3
f 3457/34/3 3452/34/3 3451/34/3
f 3457/2/3 3451/2/3 3456/2/3
f 3458/34/3 3443/34/3 3452/34/3
f 3458/34/3 3452/34/3 3457/34/3
f 3476/34/3 3461/34/3 3460/34/3
f 3476/35/3 3460/35/3 3459/35/3
f 3477/34/3 3461/34/3 3476/34/3
f 3478/35/3 3462/35/3 3461/35/3
f 3478/34/3 3463/34/3 3462/34/3
f 3479/35/3 3464/35/3 3463/35/3
f 3479/34/3 3463/34/3 3478/34/3
f 3480/34/3 3465/34/3 3464/34/3
f 3480/35/3 3464/35/3 3479/35/3
f 3481/35/3 3466/35/3 3465/35/3
f 3481/34/3 3465/34/3 3480/34/3
f 3482/34/3 3467/34/3 3466/34/3
f 3482/35/3 3466/35/3 3481/35/3
f 3483/35/3 3468/35/3 3467/35/3
f 3483/34/3 3467/34/3 3482/34/3
f 3484/34/3 3469/34/3 3468/34/3
f 3484/35/3 3468/35/3 3483/35/3
f 3485/35/3 3470/35/3 3469/35/3
f 3485/34/3 3469/34/3 3484/34/3
f 3486/34/3 3473/34/3 3472/34/3
f 3487/35/3 3474/35/3 3473/35/3
f 3487/34/3 3473/34/3 3486/34/3
f 3488/34/3 3475/34/3 3474/34/3
f 3489/34/3 3475/34/3 3488/34/3
f 3490/34/3 3475/34/3 3489/34/3
f 3491/34/3 3475/34/3 3490/34/3
f 3492/34/3 3461/34/3 3477/34/3
f 3492/35/3 3477/35/3 3476/35/3
f 3493/34/3 3461/34/3 3492/34/3
f 3494/35/3 3478/35/3 3461/35/3
f 3494/34/3 3461/34/3 3493/34/3
f 3494/35/3 3479/35/3 3478/35/3
f 3494/35/3 3480/35/3 3479/35/3
f 3494/35/3 3481/35/3 3480/35/3
f 3494/35/3 3482/35/3 3481/35/3
f 3494/35/3 3483/35/3 3482/35/3
f 3494/35/3 3484/35/3 3483/35/3
f 3494/35/3 3485/35/3 3484/35/3
f 3495/34/3 3471/34/3 3470/34/3
f 3495/35/3 3485/35/3 3494/35/3
f 3495/35/3 3470/35/3 3485/35/3
f 3496/34/3 3471/34/3 3495/34/3
f 3497/34/3 3471/34/3 3496/34/3
f 3498/35/3 3472/35/3 3471/35/3
f 3498/34/3 3471/34/3 3497/34/3
f 3499/35/3 3474/35/3 3487/35/3
f 3499/34/3 3488/34/3 3474/34/3
f 3499/35/3 3487/35/3 3486/35/3
f 3500/34/3 3488/34/3 3499/34/3
f 3501/36/3 3493/36/3 3492/36/3
f 3501/35/3 3492/35/3 3476/35/3
f 3502/35/3 3496/35/3 3495/35/3
f 3502/36/3 3493/36/3 3501/36/3
f 3502/35/3 3494/35/3 3493/35/3
f 3502/35/3 3495/35/3 3494/35/3
f 3503/34/3 3488/34/3 3500/34/3
f 3503/35/3 3500/35/3 3499/35/3
f 3504/34/3 3488/34/3 3503/34/3
f 3505/35/3 3496/35/3 3502/35/3
f 3505/35/3 3502/35/3 3501/35/3
f 3505/34/3 3497/34/3 3496/34/3
f 3506/34/3 3497/34/3 3505/34/3
f 3507/35/3 3472/35/3 3498/35/3
f 3507/34/3 3486/34/3 3472/34/3
f 3507/35/3 3498/35/3 3497/35/3
f 3508/35/3 3504/35/3 3503/35/3
f 3508/34/3 3486/34/3 3507/34/3
f 3508/35/3 3499/35/3 3486/35/3
f 3508/35/3 3503/35/3 3499/35/3
f 3509/34/3 3490/34/3 3489/34/3
f 3509/40/3 3489/40/3 3488/40/3
f 3510/35/3 3491/35/3 3490/35/3
f 3510/34/3 3490/34/3 3509/34/3
f 3511/35/3 3506/35/3 3505/35/3
f 3511/35/3 3505/35/3 3501/35/3
f 3511/35/3 3501/35/3 3476/35/3
f 3511/35/3 3476/35/3 3459/35/3
f 3512/34/3 3497/34/3 3506/34/3
f 3512/35/3 3506/35/3 3511/35/3
f 3513/35/3 3507/35/3 3497/35/3
f 3513/34/3 3497/34/3 3512/34/3
f 3513/35/3 3508/35/3 3507/35/3
f 3514/34/3 3488/34/3 3504/34/3
f 3514/35/3 3508/35/3 3513/35/3
f 3514/35/3 3504/35/3 3508/35/3
f 3515/40/3 3509/40/3 3488/40/3
f 3515/34/3 3488/34/3 3514/34/3
f 3516/35/3 3510/35/3 3509/35/3
f 3516/40/3 3509/40/3 3515/40/3
f 3517/35/3 3491/35/3 3510/35/3
f 3517/35/3 3510/35/3 3516/35/3
f 3518/35/4 3519/35/4 3520/35/4
f 3520/35/4 3519/35/4 3521/35/4
f 3522/35/4 3523/35/4 3524/35/4
f 3524/35/4 3523/35/4 3525/35/4
f 3526/35/4 3527/35/4 3528/35/4
f 3528/35/4 3527/35/4 3529/35/4
f 3530/35/4 3531/35/4 3532/35/4
f 3532/35/4 3531/35/4 3533/35/4
f 3534/32/4 3535/32/4 3536/32/4
f 3536/32/4 3535/32/4 3537/32/4
f 3537/32/4 3535/32/4 3538/32/4
f 3538/32/4 3535/32/4 3539/32/4
f 3539/32/4 3535/32/4 3540/32/4
f 3540/32/4 3535/32/4 3541/32/4
f 3541/32/4 3535/32/4 3542/32/4
f 3542/32/4 3535/32/4 3543/32/4
f 3543/32/4 3535/32/4 3544/32/4
f 3544/32/4 3535/32/4 3545/32/4
f 3545/32/4 3535/32/4 3546/32/4
f 3546/32/4 3535/32/4 3547/32/4
f 3547/32/4 3535/32/4 3548/32/4
f 3548/32/4 3535/32/4 3549/32/4
f 3549/32/4 3535/32/4 3550/32/4
f 3550/32/4 3535/32/4 3551/32/4
f 3551/32/4 3535/32/4 3552/32/4
f 3552/32/4 3535/32/4 3553/32/4
f 3553/32/4 3535/32/4 3554/32/4
f 3554/32/4 3535/32/4 3555/32/4
f 3555/32/4 3535/32/4 3556/32/4
f 3556/32/4 3535/32/4 3557/32/4
f 3557/32/4 3535/32/4 3558/32/4
f 3558/32/4 3535/32/4 3559/32/4
f 3559/32/4 3535/32/4 3560/32/4
f 3560/32/4 3535/32/4 3561/32/4
f 3561/32/4 3535/32/4 3562/32/4
f 3562/32/4 3535/32/4 3563/32/4
f 3563/32/4 3535/32/4 3564/32/4
f 3564/32/4 3535/32/4 3565/32/4
f 3565/32/4 3535/32/4 3566/32/4
f 3566/32/4 3535/32/4 3567/32/4
f 3567/32/4 3535/32/4 3568/32/4
f 3568/32/4 3535/32/4 3569/32/4
f 3569/32/4 3535/32/4 3570/32/4
f 3570/32/4 3535/32/4 3571/32/4
f 3571/32/4 3535/32/4 3572/32/4
f 3572/32/4 3535/32/4 3573/32/4
f 3573/32/4 3535/32/4 3574/32/4
f 3536/35/4 3537/35/4 3575/35/4
f 3537/33/4 3538/33/4 3575/33/4
f 3575/33/4 3538/33/4 3576/33/4
f 3538/38/4 3539/38/4 3577/38/4
f 3576/33/4 3538/33/4 3577/33/4
f 3539/35/4 3540/35/4 3578/35/4
f 3577/38/4 3539/38/4 3578/38/4
f 3540/32/4 3541/32/4 3579/32/4
f 3578/35/4 3540/35/4 3579/35/4
f 3541/33/4 3542/33/4 3580/33/4
f 3579/32/4 3541/32/4 3580/32/4
f 3580/33/4 3542/33/4 3581/33/4
f 3542/35/4 3543/35/4 3582/35/4
f 3543/33/4 3544/33/4 3582/33/4
f 3544/32/4 3545/32/4 3583/32/4
f 3582/33/4 3544/33/4 3583/33/4
f 3545/41/4 3546/41/4 3584/41/4
f 3583/32/4 3545/32/4 3584/32/4
f 3546/33/4 3547/33/4 3585/33/4
f 3584/41/4 3546/41/4 3585/41/4
f 3585/33/4 3547/33/4 3586/33/4
f 3586/33/4 3547/33/4 3587/33/4
f 3547/32/4 3548/32/4 3588/32/4
f 3587/33/4 3547/33/4 3588/33/4
f 3549/35/4 3550/35/4 3589/35/4
f 3550/36/4 3551/36/4 3589/36/4
f 3551/35/4 3552/35/4 3590/35/4
f 3589/36/4 3551/36/4 3590/36/4
f 3552/30/4 3553/30/4 3591/30/4
f 3553/33/4 3554/33/4 3591/33/4
f 3591/33/4 3554/33/4 3592/33/4
f 3554/31/4 3555/31/4 3593/31/4
f 3592/33/4 3554/33/4 3593/33/4
f 3593/31/4 3555/31/4 3594/31/4
f 3555/33/4 3556/33/4 3595/33/4
f 3594/31/4 3555/31/4 3595/31/4
f 3595/33/4 3556/33/4 3596/33/4
f 3596/33/4 3556/33/4 3597/33/4
f 3556/43/4 3557/43/4 3598/43/4
f 3597/33/4 3556/33/4 3598/33/4
f 3557/44/4 3558/44/4 3599/44/4
f 3558/33/4 3559/33/4 3599/33/4
f 3599/33/4 3559/33/4 3600/33/4
f 3600/33/4 3559/33/4 3601/33/4
f 3559/31/4 3560/31/4 3602/31/4
f 3601/33/4 3559/33/4 3602/33/4
f 3562/31/4 3563/31/4 3603/31/4
f 3563/44/4 3564/44/4 3603/44/4
f 3564/32/4 3565/32/4 3604/32/4
f 3603/44/4 3564/44/4 3604/44/4
f 3565/31/4 3566/31/4 3605/31/4
f 3604/32/4 3565/32/4 3605/32/4
f 3566/35/4 3567/35/4 3606/35/4
f 3567/33/4 3568/33/4 3606/33/4
f 3568/31/4 3569/31/4 3607/31/4
f 3606/33/4 3568/33/4 3607/33/4
f 3607/31/4 3569/31/4 3608/31/4
f 3571/38/4 3572/38/4 3609/38/4
f 3572/31/4 3573/31/4 3609/31/4
f 3573/35/4 3574/35/4 3610/35/4
f 3609/31/4 3573/31/4 3610/31/4
f 3610/35/4 3574/35/4 3611/35/4
f 3574/32/4 3535/32/4 3612/32/4
f 3611/35/4 3574/35/4 3612/35/4
f 3575/35/4 3576/35/4 3613/35/4
f 3576/33/4 3577/33/4 3613/33/4
f 3577/33/4 3578/33/4 3613/33/4
f 3613/33/4 3578/33/4 3614/33/4
f 3578/38/4 3579/38/4 3615/38/4
f 3580/32/4 3581/32/4 3615/32/4
f 3579/32/4 3580/32/4 3615/32/4
f 3615/32/4 3581/32/4 3616/32/4
f 3581/33/4 3542/33/4 3617/33/4
f 3542/35/4 3582/35/4 3618/35/4
f 3617/33/4 3542/33/4 3618/33/4
f 3582/35/4 3583/35/4 3618/35/4
f 3583/32/4 3584/32/4 3619/32/4
f 3618/35/4 3583/35/4 3619/35/4
f 3584/32/4 3585/32/4 3619/32/4
f 3585/32/4 3586/32/4 3619/32/4
f 3619/32/4 3586/32/4 3620/32/4
f 3586/33/4 3587/33/4 3621/33/4
f 3587/32/4 3588/32/4 3622/32/4
f 3621/33/4 3587/33/4 3622/33/4
f 3591/31/4 3592/31/4 3623/31/4
f 3552/30/4 3591/30/4 3623/30/4
f 3593/33/4 3594/33/4 3624/33/4
f 3623/31/4 3592/31/4 3624/31/4
f 3592/33/4 3593/33/4 3624/33/4
f 3594/31/4 3595/31/4 3625/31/4
f 3624/33/4 3594/33/4 3625/33/4
f 3595/31/4 3596/31/4 3625/31/4
f 3625/31/4 3596/31/4 3626/31/4
f 3626/31/4 3596/31/4 3627/31/4
f 3562/31/4 3603/31/4 3628/31/4
f 3603/43/4 3604/43/4 3628/43/4
f 3604/33/4 3605/33/4 3629/33/4
f 3628/43/4 3604/43/4 3629/43/4
f 3605/31/4 3566/31/4 3630/31/4
f 3566/35/4 3606/35/4 3630/35/4
f 3606/35/4 3607/35/4 3630/35/4
f 3630/35/4 3607/35/4 3631/35/4
f 3607/33/4 3608/33/4 3632/33/4
f 3631/35/4 3607/35/4 3632/35/4
f 3608/31/4 3569/31/4 3633/31/4
f 3632/33/4 3608/33/4 3633/33/4
f 3571/38/4 3609/38/4 3634/38/4
f 3570/31/4 3571/31/4 3634/31/4
f 3609/32/4 3610/32/4 3635/32/4
f 3634/38/4 3609/38/4 3635/38/4
f 3610/35/4 3611/35/4 3636/35/4
f 3635/32/4 3610/32/4 3636/32/4
f 3614/33/4 3578/33/4 3637/33/4
f 3615/38/4 3616/38/4 3637/38/4
f 3578/38/4 3615/38/4 3637/38/4
f 3637/38/4 3616/38/4 3638/38/4
f 3616/32/4 3581/32/4 3639/32/4
f 3581/33/4 3617/33/4 3639/33/4
f 3617/32/4 3618/32/4 3640/32/4
f 3639/33/4 3617/33/4 3640/33/4
f 3620/32/4 3586/32/4 3641/32/4
f 3586/33/4 3621/33/4 3641/33/4
f 3621/32/4 3622/32/4 3642/32/4
f 3641/33/4 3621/33/4 3642/33/4
f 3590/35/4 3552/35/4 3643/35/4
f 3589/35/4 3590/35/4 3643/35/4
f 3552/30/4 3623/30/4 3643/30/4
f 3625/30/4 3626/30/4 3643/30/4
f 3624/30/4 3625/30/4 3643/30/4
f 3623/30/4 3624/30/4 3643/30/4
f 3643/30/4 3626/30/4 3644/30/4
f 3644/30/4 3626/30/4 3645/30/4
f 3645/30/4 3626/30/4 3646/30/4
f 3598/43/4 3557/43/4 3647/43/4
f 3557/44/4 3599/44/4 3647/44/4
f 3599/31/4 3600/31/4 3648/31/4
f 3647/44/4 3599/44/4 3648/44/4
f 3602/31/4 3560/31/4 3649/31/4
f 3601/31/4 3602/31/4 3649/31/4
f 3560/30/4 3561/30/4 3650/30/4
f 3649/31/4 3560/31/4 3650/31/4
f 3561/35/4 3562/35/4 3651/35/4
f 3650/30/4 3561/30/4 3651/30/4
f 3629/33/4 3605/33/4 3652/33/4
f 3628/33/4 3629/33/4 3652/33/4
f 3630/31/4 3631/31/4 3652/31/4
f 3605/31/4 3630/31/4 3652/31/4
f 3631/35/4 3632/35/4 3653/35/4
f 3652/31/4 3631/31/4 3653/31/4
f 3570/31/4 3634/31/4 3654/31/4
f 3569/35/4 3570/35/4 3654/35/4
f 3634/32/4 3635/32/4 3655/32/4
f 3654/31/4 3634/31/4 3655/31/4
f 3613/35/4 3614/35/4 3656/35/4
f 3637/33/4 3638/33/4 3656/33/4
f 3614/33/4 3637/33/4 3656/33/4
f 3638/38/4 3616/38/4 3657/38/4
f 3656/33/4 3638/33/4 3657/33/4
f 3616/32/4 3639/32/4 3658/32/4
f 3657/38/4 3616/38/4 3658/38/4
f 3639/32/4 3640/32/4 3658/32/4
f 3658/32/4 3640/32/4 3659/32/4
f 3640/32/4 3618/32/4 3660/32/4
f 3659/32/4 3640/32/4 3660/32/4
f 3618/35/4 3619/35/4 3661/35/4
f 3660/32/4 3618/32/4 3661/32/4
f 3619/33/4 3620/33/4 3662/33/4
f 3661/35/4 3619/35/4 3662/35/4
f 3641/32/4 3642/32/4 3663/32/4
f 3662/33/4 3620/33/4 3663/33/4
f 3620/32/4 3641/32/4 3663/32/4
f 3663/32/4 3642/32/4 3664/32/4
f 3664/32/4 3642/32/4 3665/32/4
f 3642/32/4 3622/32/4 3666/32/4
f 3665/32/4 3642/32/4 3666/32/4
f 3622/32/4 3588/32/4 3666/32/4
f 3666/32/4 3588/32/4 3667/32/4
f 3644/30/4 3645/30/4 3668/30/4
f 3643/35/4 3644/35/4 3668/35/4
f 3645/35/4 3646/35/4 3669/35/4
f 3668/30/4 3645/30/4 3669/30/4
f 3600/33/4 3601/33/4 3670/33/4
f 3648/31/4 3600/31/4 3670/31/4
f 3601/31/4 3649/31/4 3671/31/4
f 3670/33/4 3601/33/4 3671/33/4
f 3562/31/4 3628/31/4 3672/31/4
f 3628/33/4 3652/33/4 3673/33/4
f 3672/31/4 3628/31/4 3673/31/4
f 3653/35/4 3632/35/4 3674/35/4
f 3652/35/4 3653/35/4 3674/35/4
f 3632/31/4 3633/31/4 3674/31/4
f 3633/31/4 3569/31/4 3675/31/4
f 3674/31/4 3633/31/4 3675/31/4
f 3664/41/4 3665/41/4 3676/41/4
f 3663/33/4 3664/33/4 3676/33/4
f 3665/32/4 3666/32/4 3677/32/4
f 3676/41/4 3665/41/4 3677/41/4
f 3666/41/4 3667/41/4 3678/41/4
f 3677/32/4 3666/32/4 3678/32/4
f 3667/32/4 3588/32/4 3679/32/4
f 3678/41/4 3667/41/4 3679/41/4
f 3588/32/4 3548/32/4 3680/32/4
f 3679/32/4 3588/32/4 3680/32/4
f 3548/36/4 3549/36/4 3681/36/4
f 3680/32/4 3548/32/4 3681/32/4
f 3646/30/4 3626/30/4 3682/30/4
f 3626/33/4 3627/33/4 3682/33/4
f 3627/31/4 3596/31/4 3683/31/4
f 3682/33/4 3627/33/4 3683/33/4
f 3651/35/4 3562/35/4 3684/35/4
f 3650/35/4 3651/35/4 3684/35/4
f 3562/31/4 3672/31/4 3684/31/4
f 3672/33/4 3673/33/4 3685/33/4
f 3684/31/4 3672/31/4 3685/31/4
f 3655/32/4 3635/32/4 3686/32/4
f 3654/32/4 3655/32/4 3686/32/4
f 3635/38/4 3636/38/4 3687/38/4
f 3686/32/4 3635/32/4 3687/32/4
f 3636/35/4 3611/35/4 3688/35/4
f 3687/38/4 3636/38/4 3688/38/4
f 3688/35/4 3611/35/4 3689/35/4
f 3611/38/4 3612/38/4 3690/38/4
f 3689/35/4 3611/35/4 3690/35/4
f 3613/35/4 3656/35/4 3691/35/4
f 3656/35/4 3657/35/4 3691/35/4
f 3536/35/4 3575/35/4 3691/35/4
f 3575/35/4 3613/35/4 3691/35/4
f 3657/35/4 3658/35/4 3691/35/4
f 3691/35/4 3658/35/4 3692/35/4
f 3692/35/4 3658/35/4 3693/35/4
f 3693/35/4 3658/35/4 3694/35/4
f 3658/38/4 3659/38/4 3695/38/4
f 3694/35/4 3658/35/4 3695/35/4
f 3659/32/4 3660/32/4 3696/32/4
f 3695/38/4 3659/38/4 3696/38/4
f 3661/35/4 3662/35/4 3697/35/4
f 3696/32/4 3660/32/4 3697/32/4
f 3662/35/4 3663/35/4 3697/35/4
f 3660/35/4 3661/35/4 3697/35/4
f 3679/32/4 3680/32/4 3698/32/4
f 3678/32/4 3679/32/4 3698/32/4
f 3663/33/4 3676/33/4 3698/33/4
f 3677/32/4 3678/32/4 3698/32/4
f 3676/32/4 3677/32/4 3698/32/4
f 3698/32/4 3680/32/4 3699/32/4
f 3699/32/4 3680/32/4 3700/32/4
f 3700/32/4 3680/32/4 3701/32/4
f 3669/35/4 3646/35/4 3702/35/4
f 3668/35/4 3669/35/4 3702/35/4
f 3646/30/4 3682/30/4 3702/30/4
f 3682/31/4 3683/31/4 3703/31/4
f 3702/30/4 3682/30/4 3703/30/4
f 3683/31/4 3596/31/4 3704/31/4
f 3703/31/4 3683/31/4 3704/31/4
f 3596/33/4 3597/33/4 3705/33/4
f 3704/31/4 3596/31/4 3705/31/4
f 3705/33/4 3597/33/4 3706/33/4
f 3597/31/4 3598/31/4 3707/31/4
f 3598/43/4 3647/43/4 3707/43/4
f 3647/42/4 3648/42/4 3708/42/4
f 3707/43/4 3647/43/4 3708/43/4
f 3673/33/4 3652/33/4 3709/33/4
f 3685/33/4 3673/33/4 3709/33/4
f 3709/33/4 3652/33/4 3710/33/4
f 3675/31/4 3569/31/4 3711/31/4
f 3674/35/4 3675/35/4 3711/35/4
f 3569/35/4 3654/35/4 3712/35/4
f 3711/31/4 3569/31/4 3712/31/4
f 3654/32/4 3686/32/4 3713/32/4
f 3712/35/4 3654/35/4 3713/35/4
f 3686/38/4 3687/38/4 3714/38/4
f 3713/32/4 3686/32/4 3714/32/4
f 3691/32/4 3692/32/4 3715/32/4
f 3692/35/4 3693/35/4 3715/35/4
f 3693/38/4 3694/38/4 3716/38/4
f 3715/35/4 3693/35/4 3716/35/4
f 3694/35/4 3695/35/4 3717/35/4
f 3716/38/4 3694/38/4 3717/38/4
f 3695/35/4 3696/35/4 3717/35/4
f 3717/35/4 3696/35/4 3718/35/4
f 3697/35/4 3663/35/4 3719/35/4
f 3663/33/4 3698/33/4 3719/33/4
f 3698/33/4 3699/33/4 3719/33/4
f 3719/33/4 3699/33/4 3720/33/4
f 3699/32/4 3700/32/4 3721/32/4
f 3720/33/4 3699/33/4 3721/33/4
f 3721/32/4 3700/32/4 3722/32/4
f 3700/41/4 3701/41/4 3723/41/4
f 3722/32/4 3700/32/4 3723/32/4
f 3701/32/4 3680/32/4 3724/32/4
f 3723/41/4 3701/41/4 3724/41/4
f 3703/33/4 3704/33/4 3725/33/4
f 3702/33/4 3703/33/4 3725/33/4
f 3668/35/4 3702/35/4 3725/35/4
f 3725/33/4 3704/33/4 3726/33/4
f 3705/31/4 3706/31/4 3727/31/4
f 3726/33/4 3704/33/4 3727/33/4
f 3704/31/4 3705/31/4 3727/31/4
f 3706/33/4 3597/33/4 3728/33/4
f 3727/31/4 3706/31/4 3728/31/4
f 3597/31/4 3707/31/4 3729/31/4
f 3728/33/4 3597/33/4 3729/33/4
f 3674/35/4 3711/35/4 3730/35/4
f 3652/35/4 3674/35/4 3730/35/4
f 3712/35/4 3713/35/4 3730/35/4
f 3711/35/4 3712/35/4 3730/35/4
f 3730/35/4 3713/35/4 3731/35/4
f 3713/31/4 3714/31/4 3732/31/4
f 3731/35/4 3713/35/4 3732/35/4
f 3714/38/4 3687/38/4 3733/38/4
f 3732/31/4 3714/31/4 3733/31/4
f 3687/32/4 3688/32/4 3734/32/4
f 3733/38/4 3687/38/4 3734/38/4
f 3688/35/4 3689/35/4 3735/35/4
f 3734/32/4 3688/32/4 3735/32/4
f 3689/38/4 3690/38/4 3736/38/4
f 3735/35/4 3689/35/4 3736/35/4
f 3690/38/4 3612/38/4 3737/38/4
f 3736/38/4 3690/38/4 3737/38/4
f 3691/32/4 3715/32/4 3738/32/4
f 3715/32/4 3716/32/4 3738/32/4
f 3536/35/4 3691/35/4 3738/35/4
f 3738/32/4 3716/32/4 3739/32/4
f 3716/35/4 3717/35/4 3740/35/4
f 3739/32/4 3716/32/4 3740/32/4
f 3717/38/4 3718/38/4 3741/38/4
f 3740/35/4 3717/35/4 3741/35/4
f 3718/35/4 3696/35/4 3742/35/4
f 3741/38/4 3718/38/4 3742/38/4
f 3742/35/4 3696/35/4 3743/35/4
f 3721/41/4 3722/41/4 3744/41/4
f 3720/33/4 3721/33/4 3744/33/4
f 3722/32/4 3723/32/4 3745/32/4
f 3744/41/4 3722/41/4 3745/41/4
f 3723/32/4 3724/32/4 3745/32/4
f 3668/35/4 3725/35/4 3746/35/4
f 3643/35/4 3668/35/4 3746/35/4
f 3725/35/4 3726/35/4 3746/35/4
f 3746/35/4 3726/35/4 3747/35/4
f 3685/33/4 3709/33/4 3748/33/4
f 3709/42/4 3710/42/4 3748/42/4
f 3710/33/4 3652/33/4 3749/33/4
f 3748/42/4 3710/42/4 3749/42/4
f 3652/35/4 3730/35/4 3750/35/4
f 3730/33/4 3731/33/4 3751/33/4
f 3750/35/4 3730/35/4 3751/35/4
f 3731/35/4 3732/35/4 3752/35/4
f 3751/33/4 3731/33/4 3752/33/4
f 3752/35/4 3732/35/4 3753/35/4
f 3732/38/4 3733/38/4 3754/38/4
f 3753/35/4 3732/35/4 3754/35/4
f 3733/32/4 3734/32/4 3755/32/4
f 3754/38/4 3733/38/4 3755/38/4
f 3735/35/4 3736/35/4 3756/35/4
f 3755/32/4 3734/32/4 3756/32/4
f 3734/35/4 3735/35/4 3756/35/4
f 3736/35/4 3737/35/4 3756/35/4
f 3696/38/4 3697/38/4 3757/38/4
f 3743/35/4 3696/35/4 3757/35/4
f 3697/35/4 3719/35/4 3758/35/4
f 3757/38/4 3697/38/4 3758/38/4
f 3719/35/4 3720/35/4 3758/35/4
f 3758/35/4 3720/35/4 3759/35/4
f 3759/35/4 3720/35/4 3760/35/4
f 3720/33/4 3744/33/4 3761/33/4
f 3760/35/4 3720/35/4 3761/35/4
f 3744/32/4 3745/32/4 3762/32/4
f 3761/33/4 3744/33/4 3762/33/4
f 3549/35/4 3589/35/4 3763/35/4
f 3589/35/4 3643/35/4 3763/35/4
f 3681/36/4 3549/36/4 3763/36/4
f 3643/35/4 3746/35/4 3763/35/4
f 3680/36/4 3681/36/4 3763/36/4
f 3763/35/4 3746/35/4 3764/35/4
f 3746/31/4 3747/31/4 3765/31/4
f 3764/35/4 3746/35/4 3765/35/4
f 3765/31/4 3747/31/4 3766/31/4
f 3728/31/4 3729/31/4 3767/31/4
f 3727/31/4 3728/31/4 3767/31/4
f 3729/31/4 3707/31/4 3768/31/4
f 3767/31/4 3729/31/4 3768/31/4
f 3748/44/4 3749/44/4 3769/44/4
f 3685/33/4 3748/33/4 3769/33/4
f 3749/33/4 3652/33/4 3770/33/4
f 3769/44/4 3749/44/4 3770/44/4
f 3751/33/4 3752/33/4 3771/33/4
f 3750/33/4 3751/33/4 3771/33/4
f 3752/33/4 3753/33/4 3771/33/4
f 3753/35/4 3754/35/4 3772/35/4
f 3771/33/4 3753/33/4 3772/33/4
f 3754/35/4 3755/35/4 3772/35/4
f 3755/35/4 3756/35/4 3772/35/4
f 3772/35/4 3756/35/4 3773/35/4
f 3773/35/4 3756/35/4 3774/35/4
f 3756/35/4 3737/35/4 3775/35/4
f 3774/35/4 3756/35/4 3775/35/4
f 3737/38/4 3612/38/4 3776/38/4
f 3775/35/4 3737/35/4 3776/35/4
f 3612/32/4 3535/32/4 3777/32/4
f 3776/38/4 3612/38/4 3777/38/4
f 3741/35/4 3742/35/4 3778/35/4
f 3742/38/4 3743/38/4 3778/38/4
f 3743/35/4 3757/35/4 3779/35/4
f 3778/38/4 3743/38/4 3779/38/4
f 3757/35/4 3758/35/4 3779/35/4
f 3779/35/4 3758/35/4 3780/35/4
f 3759/35/4 3760/35/4 3781/35/4
f 3760/36/4 3761/36/4 3782/36/4
f 3781/35/4 3760/35/4 3782/35/4
f 3761/34/4 3762/34/4 3783/34/4
f 3782/36/4 3761/36/4 3783/36/4
f 3762/32/4 3745/32/4 3784/32/4
f 3783/34/4 3762/34/4 3784/34/4
f 3745/32/4 3724/32/4 3785/32/4
f 3784/32/4 3745/32/4 3785/32/4
f 3680/36/4 3763/36/4 3786/36/4
f 3785/32/4 3724/32/4 3786/32/4
f 3763/36/4 3764/36/4 3786/36/4
f 3724/32/4 3680/32/4 3786/32/4
f 3766/31/4 3747/31/4 3787/31/4
f 3765/35/4 3766/35/4 3787/35/4
f 3764/35/4 3765/35/4 3787/35/4
f 3747/35/4 3726/35/4 3788/35/4
f 3787/31/4 3747/31/4 3788/31/4
f 3726/30/4 3727/30/4 3789/30/4
f 3788/35/4 3726/35/4 3789/35/4
f 3727/31/4 3767/31/4 3790/31/4
f 3789/30/4 3727/30/4 3790/30/4
f 3708/42/4 3648/42/4 3791/42/4
f 3648/31/4 3670/31/4 3791/31/4
f 3670/31/4 3671/31/4 3791/31/4
f 3791/31/4 3671/31/4 3792/31/4
f 3684/35/4 3685/35/4 3793/35/4
f 3650/35/4 3684/35/4 3793/35/4
f 3793/35/4 3685/35/4 3794/35/4
f 3770/33/4 3652/33/4 3795/33/4
f 3769/43/4 3770/43/4 3795/43/4
f 3652/35/4 3750/35/4 3796/35/4
f 3795/33/4 3652/33/4 3796/33/4
f 3773/35/4 3774/35/4 3797/35/4
f 3772/33/4 3773/33/4 3797/33/4
f 3797/35/4 3774/35/4 3798/35/4
f 3774/33/4 3775/33/4 3799/33/4
f 3798/35/4 3774/35/4 3799/35/4
f 3799/33/4 3775/33/4 3800/33/4
f 3740/32/4 3741/32/4 3801/32/4
f 3739/32/4 3740/32/4 3801/32/4
f 3738/33/4 3739/33/4 3801/33/4
f 3801/32/4 3741/32/4 3802/32/4
f 3779/38/4 3780/38/4 3803/38/4
f 3780/35/4 3758/35/4 3803/35/4
f 3758/38/4 3759/38/4 3804/38/4
f 3803/35/4 3758/35/4 3804/35/4
f 3759/35/4 3781/35/4 3805/35/4
f 3804/38/4 3759/38/4 3805/38/4
f 3805/35/4 3781/35/4 3806/35/4
f 3783/36/4 3784/36/4 3807/36/4
f 3782/36/4 3783/36/4 3807/36/4
f 3781/33/4 3782/33/4 3807/33/4
f 3807/36/4 3784/36/4 3808/36/4
f 3784/32/4 3785/32/4 3809/32/4
f 3808/36/4 3784/36/4 3809/36/4
f 3809/32/4 3785/32/4 3810/32/4
f 3788/35/4 3789/35/4 3811/35/4
f 3787/35/4 3788/35/4 3811/35/4
f 3789/31/4 3790/31/4 3812/31/4
f 3811/35/4 3789/35/4 3812/35/4
f 3790/31/4 3767/31/4 3813/31/4
f 3812/31/4 3790/31/4 3813/31/4
f 3813/31/4 3767/31/4 3814/31/4
f 3685/33/4 3769/33/4 3815/33/4
f 3769/43/4 3795/43/4 3815/43/4
f 3795/30/4 3796/30/4 3816/30/4
f 3815/43/4 3795/43/4 3816/43/4
f 3797/33/4 3798/33/4 3817/33/4
f 3771/32/4 3772/32/4 3817/32/4
f 3772/33/4 3797/33/4 3817/33/4
f 3817/33/4 3798/33/4 3818/33/4
f 3818/33/4 3798/33/4 3819/33/4
f 3799/32/4 3800/32/4 3820/32/4
f 3819/33/4 3798/33/4 3820/33/4
f 3798/32/4 3799/32/4 3820/32/4
f 3820/32/4 3800/32/4 3821/32/4
f 3821/32/4 3800/32/4 3822/32/4
f 3800/33/4 3775/33/4 3823/33/4
f 3822/32/4 3800/32/4 3823/32/4
f 3823/33/4 3775/33/4 3824/33/4
f 3824/33/4 3775/33/4 3825/33/4
f 3825/33/4 3775/33/4 3826/33/4
f 3801/33/4 3802/33/4 3827/33/4
f 3536/35/4 3738/35/4 3827/35/4
f 3738/33/4 3801/33/4 3827/33/4
f 3827/33/4 3802/33/4 3828/33/4
f 3802/32/4 3741/32/4 3829/32/4
f 3828/33/4 3802/33/4 3829/33/4
f 3741/35/4 3778/35/4 3830/35/4
f 3829/32/4 3741/32/4 3830/32/4
f 3778/35/4 3779/35/4 3830/35/4
f 3779/38/4 3803/38/4 3831/38/4
f 3830/35/4 3779/35/4 3831/35/4
f 3804/32/4 3805/32/4 3832/32/4
f 3831/38/4 3803/38/4 3832/38/4
f 3803/32/4 3804/32/4 3832/32/4
f 3832/32/4 3805/32/4 3833/32/4
f 3805/38/4 3806/38/4 3834/38/4
f 3833/32/4 3805/32/4 3834/32/4
f 3807/33/4 3808/33/4 3835/33/4
f 3781/33/4 3807/33/4 3835/33/4
f 3808/36/4 3809/36/4 3836/36/4
f 3835/33/4 3808/33/4 3836/33/4
f 3809/34/4 3810/34/4 3837/34/4
f 3836/36/4 3809/36/4 3837/36/4
f 3810/32/4 3785/32/4 3838/32/4
f 3837/34/4 3810/34/4 3838/34/4
f 3838/32/4 3785/32/4 3839/32/4
f 3786/36/4 3764/36/4 3840/36/4
f 3785/36/4 3786/36/4 3840/36/4
f 3764/35/4 3787/35/4 3841/35/4
f 3840/36/4 3764/36/4 3841/36/4
f 3787/35/4 3811/35/4 3841/35/4
f 3707/44/4 3708/44/4 3842/44/4
f 3768/31/4 3707/31/4 3842/31/4
f 3708/42/4 3791/42/4 3843/42/4
f 3842/44/4 3708/44/4 3843/44/4
f 3816/30/4 3796/30/4 3844/30/4
f 3796/35/4 3750/35/4 3844/35/4
f 3750/33/4 3771/33/4 3845/33/4
f 3844/35/4 3750/35/4 3845/35/4
f 3771/32/4 3817/32/4 3846/32/4
f 3845/33/4 3771/33/4 3846/33/4
f 3817/43/4 3818/43/4 3847/43/4
f 3846/32/4 3817/32/4 3847/32/4
f 3818/44/4 3819/44/4 3848/44/4
f 3847/43/4 3818/43/4 3848/43/4
f 3819/32/4 3820/32/4 3849/32/4
f 3848/44/4 3819/44/4 3849/44/4
f 3820/32/4 3821/32/4 3849/32/4
f 3821/42/4 3822/42/4 3850/42/4
f 3849/32/4 3821/32/4 3850/32/4
f 3823/43/4 3824/43/4 3851/43/4
f 3850/42/4 3822/42/4 3851/42/4
f 3822/43/4 3823/43/4 3851/43/4
f 3824/44/4 3825/44/4 3852/44/4
f 3851/43/4 3824/43/4 3852/43/4
f 3825/42/4 3826/42/4 3853/42/4
f 3852/44/4 3825/44/4 3853/44/4
f 3826/33/4 3775/33/4 3854/33/4
f 3853/42/4 3826/42/4 3854/42/4
f 3828/33/4 3829/33/4 3855/33/4
f 3829/38/4 3830/38/4 3855/38/4
f 3830/35/4 3831/35/4 3856/35/4
f 3855/38/4 3830/38/4 3856/38/4
f 3831/35/4 3832/35/4 3856/35/4
f 3856/35/4 3832/35/4 3857/35/4
f 3834/38/4 3806/38/4 3858/38/4
f 3833/33/4 3834/33/4 3858/33/4
f 3806/35/4 3781/35/4 3859/35/4
f 3858/38/4 3806/38/4 3859/38/4
f 3836/36/4 3837/36/4 3860/36/4
f 3835/32/4 3836/32/4 3860/32/4
f 3837/36/4 3838/36/4 3860/36/4
f 3860/36/4 3838/36/4 3861/36/4
f 3838/34/4 3839/34/4 3862/34/4
f 3861/36/4 3838/36/4 3862/36/4
f 3839/32/4 3785/32/4 3863/32/4
f 3862/34/4 3839/34/4 3863/34/4
f 3785/36/4 3840/36/4 3864/36/4
f 3863/32/4 3785/32/4 3864/32/4
f 3767/33/4 3768/33/4 3865/33/4
f 3768/31/4 3842/31/4 3865/31/4
f 3842/43/4 3843/43/4 3866/43/4
f 3865/31/4 3842/31/4 3866/31/4
f 3816/30/4 3844/30/4 3867/30/4
f 3844/33/4 3845/33/4 3867/33/4
f 3846/32/4 3847/32/4 3868/32/4
f 3867/33/4 3845/33/4 3868/33/4
f 3845/32/4 3846/32/4 3868/32/4
f 3868/32/4 3847/32/4 3869/32/4
f 3848/32/4 3849/32/4 3870/32/4
f 3853/32/4 3854/32/4 3870/32/4
f 3852/32/4 3853/32/4 3870/32/4
f 3851/32/4 3852/32/4 3870/32/4
f 3847/33/4 3848/33/4 3870/33/4
f 3849/32/4 3850/32/4 3870/32/4
f 3850/32/4 3851/32/4 3870/32/4
f 3870/32/4 3854/32/4 3871/32/4
f 3871/32/4 3854/32/4 3872/32/4
f 3872/32/4 3854/32/4 3873/32/4
f 3873/32/4 3854/32/4 3874/32/4
f 3874/32/4 3854/32/4 3875/32/4
f 3854/33/4 3775/33/4 3876/33/4
f 3875/32/4 3854/32/4 3876/32/4
f 3775/38/4 3776/38/4 3877/38/4
f 3876/33/4 3775/33/4 3877/33/4
f 3776/35/4 3777/35/4 3878/35/4
f 3877/38/4 3776/38/4 3878/38/4
f 3777/32/4 3535/32/4 3879/32/4
f 3878/35/4 3777/35/4 3879/35/4
f 3827/35/4 3828/35/4 3880/35/4
f 3828/33/4 3855/33/4 3880/33/4
f 3855/33/4 3856/33/4 3880/33/4
f 3856/38/4 3857/38/4 3881/38/4
f 3880/33/4 3856/33/4 3881/33/4
f 3859/35/4 3781/35/4 3882/35/4
f 3858/32/4 3859/32/4 3882/32/4
f 3781/33/4 3835/33/4 3883/33/4
f 3882/35/4 3781/35/4 3883/35/4
f 3861/34/4 3862/34/4 3884/34/4
f 3862/34/4 3863/34/4 3884/34/4
f 3860/32/4 3861/32/4 3884/32/4
f 3884/34/4 3863/34/4 3885/34/4
f 3866/43/4 3843/43/4 3886/43/4
f 3865/33/4 3866/33/4 3886/33/4
f 3843/42/4 3791/42/4 3887/42/4
f 3886/43/4 3843/43/4 3887/43/4
f 3791/41/4 3792/41/4 3888/41/4
f 3887/42/4 3791/42/4 3888/42/4
f 3792/31/4 3671/31/4 3889/31/4
f 3888/41/4 3792/41/4 3889/41/4
f 3671/31/4 3649/31/4 3890/31/4
f 3889/31/4 3671/31/4 3890/31/4
f 3649/30/4 3650/30/4 3891/30/4
f 3890/31/4 3649/31/4 3891/31/4
f 3650/35/4 3793/35/4 3892/35/4
f 3891/30/4 3650/30/4 3892/30/4
f 3847/33/4 3870/33/4 3893/33/4
f 3870/33/4 3871/33/4 3893/33/4
f 3871/32/4 3872/32/4 3894/32/4
f 3893/33/4 3871/33/4 3894/33/4
f 3872/31/4 3873/31/4 3895/31/4
f 3894/32/4 3872/32/4 3895/32/4
f 3873/32/4 3874/32/4 3896/32/4
f 3895/31/4 3873/31/4 3896/31/4
f 3874/31/4 3875/31/4 3897/31/4
f 3896/32/4 3874/32/4 3897/32/4
f 3875/32/4 3876/32/4 3898/32/4
f 3897/31/4 3875/31/4 3898/31/4
f 3881/38/4 3857/38/4 3899/38/4
f 3880/35/4 3881/35/4 3899/35/4
f 3857/35/4 3832/35/4 3900/35/4
f 3899/38/4 3857/38/4 3900/38/4
f 3900/35/4 3832/35/4 3901/35/4
f 3832/38/4 3833/38/4 3902/38/4
f 3901/35/4 3832/35/4 3902/35/4
f 3833/33/4 3858/33/4 3903/33/4
f 3902/38/4 3833/38/4 3903/38/4
f 3858/32/4 3882/32/4 3904/32/4
f 3903/33/4 3858/33/4 3904/33/4
f 3882/38/4 3883/38/4 3905/38/4
f 3904/32/4 3882/32/4 3905/32/4
f 3883/33/4 3835/33/4 3906/33/4
f 3905/38/4 3883/38/4 3906/38/4
f 3835/32/4 3860/32/4 3907/32/4
f 3906/33/4 3835/33/4 3907/33/4
f 3884/32/4 3885/32/4 3907/32/4
f 3860/32/4 3884/32/4 3907/32/4
f 3907/32/4 3885/32/4 3908/32/4
f 3885/34/4 3863/34/4 3909/34/4
f 3908/32/4 3885/32/4 3909/32/4
f 3863/36/4 3864/36/4 3910/36/4
f 3909/34/4 3863/34/4 3910/34/4
f 3865/33/4 3886/33/4 3911/33/4
f 3767/33/4 3865/33/4 3911/33/4
f 3887/31/4 3888/31/4 3912/31/4
f 3911/33/4 3886/33/4 3912/33/4
f 3889/31/4 3890/31/4 3912/31/4
f 3888/31/4 3889/31/4 3912/31/4
f 3886/31/4 3887/31/4 3912/31/4
f 3685/33/4 3815/33/4 3913/33/4
f 3815/33/4 3816/33/4 3913/33/4
f 3816/30/4 3867/30/4 3914/30/4
f 3913/33/4 3816/33/4 3914/33/4
f 3869/32/4 3847/32/4 3915/32/4
f 3868/33/4 3869/33/4 3915/33/4
f 3847/33/4 3893/33/4 3916/33/4
f 3915/32/4 3847/32/4 3916/32/4
f 3916/33/4 3893/33/4 3917/33/4
f 3896/32/4 3897/32/4 3918/32/4
f 3917/33/4 3893/33/4 3918/33/4
f 3895/32/4 3896/32/4 3918/32/4
f 3897/32/4 3898/32/4 3918/32/4
f 3894/32/4 3895/32/4 3918/32/4
f 3893/32/4 3894/32/4 3918/32/4
f 3918/32/4 3898/32/4 3919/32/4
f 3919/32/4 3898/32/4 3920/32/4
f 3920/32/4 3898/32/4 3921/32/4
f 3921/32/4 3898/32/4 3922/32/4
f 3898/32/4 3876/32/4 3923/32/4
f 3922/32/4 3898/32/4 3923/32/4
f 3904/32/4 3905/32/4 3924/32/4
f 3906/32/4 3907/32/4 3924/32/4
f 3905/32/4 3906/32/4 3924/32/4
f 3907/33/4 3908/33/4 3925/33/4
f 3924/32/4 3907/32/4 3925/32/4
f 3909/32/4 3910/32/4 3926/32/4
f 3925/33/4 3908/33/4 3926/33/4
f 3908/32/4 3909/32/4 3926/32/4
f 3926/32/4 3910/32/4 3927/32/4
f 3811/31/4 3812/31/4 3928/31/4
f 3841/35/4 3811/35/4 3928/35/4
f 3812/35/4 3813/35/4 3929/35/4
f 3928/31/4 3812/31/4 3929/31/4
f 3912/31/4 3890/31/4 3930/31/4
f 3911/31/4 3912/31/4 3930/31/4
f 3930/31/4 3890/31/4 3931/31/4
f 3931/31/4 3890/31/4 3932/31/4
f 3891/35/4 3892/35/4 3933/35/4
f 3890/30/4 3891/30/4 3933/30/4
f 3892/35/4 3793/35/4 3934/35/4
f 3933/35/4 3892/35/4 3934/35/4
f 3913/42/4 3914/42/4 3935/42/4
f 3685/33/4 3913/33/4 3935/33/4
f 3914/30/4 3867/30/4 3936/30/4
f 3935/42/4 3914/42/4 3936/42/4
f 3916/33/4 3917/33/4 3937/33/4
f 3915/33/4 3916/33/4 3937/33/4
f 3867/35/4 3868/35/4 3937/35/4
f 3868/33/4 3915/33/4 3937/33/4
f 3937/33/4 3917/33/4 3938/33/4
f 3917/43/4 3918/43/4 3939/43/4
f 3938/33/4 3917/33/4 3939/33/4
f 3918/43/4 3919/43/4 3939/43/4
f 3939/43/4 3919/43/4 3940/43/4
f 3919/42/4 3920/42/4 3941/42/4
f 3940/43/4 3919/43/4 3941/43/4
f 3920/43/4 3921/43/4 3942/43/4
f 3941/42/4 3920/42/4 3942/42/4
f 3921/44/4 3922/44/4 3943/44/4
f 3942/43/4 3921/43/4 3943/43/4
f 3922/42/4 3923/42/4 3944/42/4
f 3943/44/4 3922/44/4 3944/44/4
f 3923/32/4 3876/32/4 3945/32/4
f 3944/42/4 3923/42/4 3945/42/4
f 3876/38/4 3877/38/4 3946/38/4
f 3945/32/4 3876/32/4 3946/32/4
f 3877/35/4 3878/35/4 3947/35/4
f 3946/38/4 3877/38/4 3947/38/4
f 3900/38/4 3901/38/4 3948/38/4
f 3899/35/4 3900/35/4 3948/35/4
f 3901/35/4 3902/35/4 3949/35/4
f 3948/38/4 3901/38/4 3949/38/4
f 3902/35/4 3903/35/4 3949/35/4
f 3949/35/4 3903/35/4 3950/35/4
f 3903/38/4 3904/38/4 3951/38/4
f 3950/35/4 3903/35/4 3951/35/4
f 3904/32/4 3924/32/4 3952/32/4
f 3951/38/4 3904/38/4 3952/38/4
f 3952/32/4 3924/32/4 3953/32/4
f 3926/41/4 3927/41/4 3954/41/4
f 3925/33/4 3926/33/4 3954/33/4
f 3927/32/4 3910/32/4 3955/32/4
f 3954/41/4 3927/41/4 3955/41/4
f 3930/43/4 3931/43/4 3956/43/4
f 3911/31/4 3930/31/4 3956/31/4
f 3931/44/4 3932/44/4 3957/44/4
f 3956/43/4 3931/43/4 3957/43/4
f 3890/30/4 3933/30/4 3958/30/4
f 3933/30/4 3934/30/4 3958/30/4
f 3932/31/4 3890/31/4 3958/31/4
f 3958/30/4 3934/30/4 3959/30/4
f 3939/32/4 3940/32/4 3960/32/4
f 3941/31/4 3942/31/4 3961/31/4
f 3960/32/4 3940/32/4 3961/32/4
f 3940/31/4 3941/31/4 3961/31/4
f 3961/31/4 3942/31/4 3962/31/4
f 3943/32/4 3944/32/4 3963/32/4
f 3962/31/4 3942/31/4 3963/31/4
f 3942/32/4 3943/32/4 3963/32/4
f 3944/32/4 3945/32/4 3963/32/4
f 3963/32/4 3945/32/4 3964/32/4
f 3947/35/4 3878/35/4 3965/35/4
f 3946/35/4 3947/35/4 3965/35/4
f 3878/38/4 3879/38/4 3966/38/4
f 3965/35/4 3878/35/4 3966/35/4
f 3879/32/4 3535/32/4 3967/32/4
f 3966/38/4 3879/38/4 3967/38/4
f 3880/35/4 3899/35/4 3968/35/4
f 3899/35/4 3948/35/4 3968/35/4
f 3536/35/4 3827/35/4 3968/35/4
f 3827/35/4 3880/35/4 3968/35/4
f 3968/35/4 3948/35/4 3969/35/4
f 3949/38/4 3950/38/4 3970/38/4
f 3948/33/4 3949/33/4 3970/33/4
f 3950/35/4 3951/35/4 3971/35/4
f 3970/38/4 3950/38/4 3971/38/4
f 3951/35/4 3952/35/4 3971/35/4
f 3955/32/4 3910/32/4 3972/32/4
f 3954/32/4 3955/32/4 3972/32/4
f 3972/32/4 3910/32/4 3973/32/4
f 3956/42/4 3957/42/4 3974/42/4
f 3911/31/4 3956/31/4 3974/31/4
f 3957/44/4 3932/44/4 3975/44/4
f 3974/42/4 3957/42/4 3975/42/4
f 3958/31/4 3959/31/4 3976/31/4
f 3975/44/4 3932/44/4 3976/44/4
f 3932/31/4 3958/31/4 3976/31/4
f 3976/31/4 3959/31/4 3977/31/4
f 3959/30/4 3934/30/4 3978/30/4
f 3977/31/4 3959/31/4 3978/31/4
f 3935/33/4 3936/33/4 3979/33/4
f 3685/33/4 3935/33/4 3979/33/4
f 3936/30/4 3867/30/4 3980/30/4
f 3979/33/4 3936/33/4 3980/33/4
f 3937/35/4 3938/35/4 3981/35/4
f 3980/30/4 3867/30/4 3981/30/4
f 3867/35/4 3937/35/4 3981/35/4
f 3938/33/4 3939/33/4 3982/33/4
f 3981/35/4 3938/35/4 3982/35/4
f 3982/33/4 3939/33/4 3983/33/4
f 3983/33/4 3939/33/4 3984/33/4
f 3939/32/4 3960/32/4 3985/32/4
f 3984/33/4 3939/33/4 3985/33/4
f 3985/32/4 3960/32/4 3986/32/4
f 3960/31/4 3961/31/4 3987/31/4
f 3986/32/4 3960/32/4 3987/32/4
f 3961/32/4 3962/32/4 3988/32/4
f 3987/31/4 3961/31/4 3988/31/4
f 3962/31/4 3963/31/4 3989/31/4
f 3988/32/4 3962/32/4 3989/32/4
f 3963/31/4 3964/31/4 3989/31/4
f 3989/31/4 3964/31/4 3990/31/4
f 3964/32/4 3945/32/4 3991/32/4
f 3990/31/4 3964/31/4 3991/31/4
f 3991/32/4 3945/32/4 3992/32/4
f 3992/32/4 3945/32/4 3993/32/4
f 3969/35/4 3948/35/4 3994/35/4
f 3968/32/4 3969/32/4 3994/32/4
f 3994/35/4 3948/35/4 3995/35/4
f 3971/35/4 3952/35/4 3996/35/4
f 3970/33/4 3971/33/4 3996/33/4
f 3996/35/4 3952/35/4 3997/35/4
f 3953/32/4 3924/32/4 3998/32/4
f 3924/38/4 3925/38/4 3998/38/4
f 3925/33/4 3954/33/4 3999/33/4
f 3998/38/4 3925/38/4 3999/38/4
f 3954/32/4 3972/32/4 4000/32/4
f 3999/33/4 3954/33/4 4000/33/4
f 3972/41/4 3973/41/4 4001/41/4
f 4000/32/4 3972/32/4 4001/32/4
f 3973/32/4 3910/32/4 4002/32/4
f 4001/41/4 3973/41/4 4002/41/4
f 3910/36/4 3864/36/4 4003/36/4
f 4002/32/4 3910/32/4 4003/32/4
f 3864/36/4 3840/36/4 4004/36/4
f 4003/36/4 3864/36/4 4004/36/4
f 3985/43/4 3986/43/4 4005/43/4
f 3984/32/4 3985/32/4 4005/32/4
f 3986/42/4 3987/42/4 4006/42/4
f 4005/43/4 3986/43/4 4006/43/4
f 3987/44/4 3988/44/4 4007/44/4
f 4006/42/4 3987/42/4 4007/42/4
f 3989/43/4 3990/43/4 4008/43/4
f 4007/44/4 3988/44/4 4008/44/4
f 3988/43/4 3989/43/4 4008/43/4
f 4008/43/4 3990/43/4 4009/43/4
f 3990/44/4 3991/44/4 4010/44/4
f 4009/43/4 3990/43/4 4010/43/4
f 3991/44/4 3992/44/4 4010/44/4
f 3992/42/4 3993/42/4 4011/42/4
f 4010/44/4 3992/44/4 4011/44/4
f 4011/42/4 3993/42/4 4012/42/4
f 3993/32/4 3945/32/4 4013/32/4
f 4012/42/4 3993/42/4 4013/42/4
f 3945/38/4 3946/38/4 4014/38/4
f 4013/32/4 3945/32/4 4014/32/4
f 3946/35/4 3965/35/4 4015/35/4
f 4014/38/4 3946/38/4 4015/38/4
f 3995/35/4 3948/35/4 4016/35/4
f 3994/32/4 3995/32/4 4016/32/4
f 4016/35/4 3948/35/4 4017/35/4
f 3997/35/4 3952/35/4 4018/35/4
f 3952/38/4 3953/38/4 4018/38/4
f 3953/32/4 3998/32/4 4019/32/4
f 4018/38/4 3953/38/4 4019/38/4
f 4001/32/4 4002/32/4 4020/32/4
f 4002/32/4 4003/32/4 4020/32/4
f 4000/32/4 4001/32/4 4020/32/4
f 4003/32/4 4004/32/4 4020/32/4
f 3999/38/4 4000/38/4 4020/38/4
f 4020/32/4 4004/32/4 4021/32/4
f 3840/34/4 3841/34/4 4022/34/4
f 4004/36/4 3840/36/4 4022/36/4
f 3841/35/4 3928/35/4 4023/35/4
f 4022/34/4 3841/34/4 4023/34/4
f 3928/35/4 3929/35/4 4023/35/4
f 3978/30/4 3934/30/4 4024/30/4
f 3977/30/4 3978/30/4 4024/30/4
f 3934/35/4 3793/35/4 4025/35/4
f 4024/30/4 3934/30/4 4025/30/4
f 3685/33/4 3979/33/4 4026/33/4
f 3979/43/4 3980/43/4 4026/43/4
f 3980/33/4 3981/33/4 4027/33/4
f 4026/43/4 3980/43/4 4027/43/4
f 3981/35/4 3982/35/4 4028/35/4
f 3982/35/4 3983/35/4 4028/35/4
f 3983/33/4 3984/33/4 4029/33/4
f 4028/35/4 3983/35/4 4029/35/4
f 3984/32/4 4005/32/4 4030/32/4
f 4029/33/4 3984/33/4 4030/33/4
f 4006/32/4 4007/32/4 4030/32/4
f 4007/32/4 4008/32/4 4030/32/4
f 4008/32/4 4009/32/4 4030/32/4
f 4005/32/4 4006/32/4 4030/32/4
f 4011/36/4 4012/36/4 4031/36/4
f 4030/32/4 4009/32/4 4031/32/4
f 4009/36/4 4010/36/4 4031/36/4
f 4010/36/4 4011/36/4 4031/36/4
f 4012/32/4 4013/32/4 4032/32/4
f 4031/36/4 4012/36/4 4032/36/4
f 4013/38/4 4014/38/4 4033/38/4
f 4032/32/4 4013/32/4 4033/32/4
f 4015/35/4 3965/35/4 4034/35/4
f 4014/35/4 4015/35/4 4034/35/4
f 3965/38/4 3966/38/4 4035/38/4
f 4034/35/4 3965/35/4 4035/35/4
f 3966/35/4 3967/35/4 4036/35/4
f 4035/38/4 3966/38/4 4036/38/4
f 3994/32/4 4016/32/4 4037/32/4
f 3536/35/4 3968/35/4 4037/35/4
f 4016/32/4 4017/32/4 4037/32/4
f 3968/32/4 3994/32/4 4037/32/4
f 4037/32/4 4017/32/4 4038/32/4
f 3996/38/4 3997/38/4 4039/38/4
f 3970/33/4 3996/33/4 4039/33/4
f 3997/35/4 4018/35/4 4040/35/4
f 4039/38/4 3997/38/4 4040/38/4
f 4018/35/4 4019/35/4 4040/35/4
f 4040/35/4 4019/35/4 4041/35/4
f 4019/32/4 3998/32/4 4042/32/4
f 4041/35/4 4019/35/4 4042/35/4
f 3998/34/4 3999/34/4 4043/34/4
f 4042/32/4 3998/32/4 4043/32/4
f 3999/38/4 4020/38/4 4044/38/4
f 4043/34/4 3999/34/4 4044/34/4
f 4020/34/4 4021/34/4 4045/34/4
f 4044/38/4 4020/38/4 4045/38/4
f 4021/32/4 4004/32/4 4046/32/4
f 4045/34/4 4021/34/4 4046/34/4
f 4046/32/4 4004/32/4 4047/32/4
f 4022/36/4 4023/36/4 4048/36/4
f 4004/36/4 4022/36/4 4048/36/4
f 4023/35/4 3929/35/4 4049/35/4
f 4048/36/4 4023/36/4 4049/36/4
f 3929/35/4 3813/35/4 4050/35/4
f 4049/35/4 3929/35/4 4050/35/4
f 3813/33/4 3814/33/4 4051/33/4
f 4050/35/4 3813/35/4 4051/35/4
f 3814/31/4 3767/31/4 4052/31/4
f 4051/33/4 3814/33/4 4052/33/4
f 3767/33/4 3911/33/4 4053/33/4
f 4052/31/4 3767/31/4 4053/31/4
f 3911/31/4 3974/31/4 4054/31/4
f 4053/33/4 3911/33/4 4054/33/4
f 3974/31/4 3975/31/4 4054/31/4
f 3975/31/4 3976/31/4 4054/31/4
f 3976/31/4 3977/31/4 4054/31/4
f 4054/31/4 3977/31/4 4055/31/4
f 4055/31/4 3977/31/4 4056/31/4
f 4056/31/4 3977/31/4 4057/31/4
f 3977/30/4 4024/30/4 4058/30/4
f 4057/31/4 3977/31/4 4058/31/4
f 4026/44/4 4027/44/4 4059/44/4
f 3685/33/4 4026/33/4 4059/33/4
f 4027/33/4 3981/33/4 4060/33/4
f 4059/44/4 4027/44/4 4060/44/4
f 4028/33/4 4029/33/4 4061/33/4
f 4029/33/4 4030/33/4 4061/33/4
f 4031/35/4 4032/35/4 4062/35/4
f 4061/33/4 4030/33/4 4062/33/4
f 4030/35/4 4031/35/4 4062/35/4
f 4032/35/4 4033/35/4 4062/35/4
f 4033/38/4 4014/38/4 4063/38/4
f 4062/35/4 4033/35/4 4063/35/4
f 4014/35/4 4034/35/4 4064/35/4
f 4063/38/4 4014/38/4 4064/38/4
f 4037/35/4 4038/35/4 4065/35/4
f 3536/35/4 4037/35/4 4065/35/4
f 4038/32/4 4017/32/4 4066/32/4
f 4065/35/4 4038/35/4 4066/35/4
f 4017/35/4 3948/35/4 4067/35/4
f 4066/32/4 4017/32/4 4067/32/4
f 3948/33/4 3970/33/4 4068/33/4
f 4067/35/4 3948/35/4 4068/35/4
f 3970/33/4 4039/33/4 4068/33/4
f 4039/33/4 4040/33/4 4068/33/4
f 4068/33/4 4040/33/4 4069/33/4
f 4069/33/4 4040/33/4 4070/33/4
f 4041/32/4 4042/32/4 4071/32/4
f 4042/38/4 4043/38/4 4071/38/4
f 4044/34/4 4045/34/4 4072/34/4
f 4071/38/4 4043/38/4 4072/38/4
f 4043/34/4 4044/34/4 4072/34/4
f 4072/34/4 4045/34/4 4073/34/4
f 4047/32/4 4004/32/4 4074/32/4
f 4046/34/4 4047/34/4 4074/34/4
f 4004/36/4 4048/36/4 4075/36/4
f 4074/32/4 4004/32/4 4075/32/4
f 4048/35/4 4049/35/4 4076/35/4
f 4049/35/4 4050/35/4 4076/35/4
f 4076/35/4 4050/35/4 4077/35/4
f 4051/33/4 4052/33/4 4078/33/4
f 4077/35/4 4050/35/4 4078/35/4
f 4050/33/4 4051/33/4 4078/33/4
f 4078/33/4 4052/33/4 4079/33/4
f 4052/30/4 4053/30/4 4080/30/4
f 4079/33/4 4052/33/4 4080/33/4
f 4053/31/4 4054/31/4 4081/31/4
f 4080/30/4 4053/30/4 4081/30/4
f 4054/31/4 4055/31/4 4081/31/4
f 4081/31/4 4055/31/4 4082/31/4
f 4082/31/4 4055/31/4 4083/31/4
f 4055/30/4 4056/30/4 4084/30/4
f 4083/31/4 4055/31/4 4084/31/4
f 4056/31/4 4057/31/4 4085/31/4
f 4057/30/4 4058/30/4 4085/30/4
f 4058/30/4 4024/30/4 4086/30/4
f 4085/30/4 4058/30/4 4086/30/4
f 4024/35/4 4025/35/4 4086/35/4
f 4025/35/4 3793/35/4 4087/35/4
f 4086/35/4 4025/35/4 4087/35/4
f 3793/38/4 3794/38/4 4088/38/4
f 4087/35/4 3793/35/4 4088/35/4
f 4059/42/4 4060/42/4 4089/42/4
f 3685/33/4 4059/33/4 4089/33/4
f 4060/33/4 3981/33/4 4090/33/4
f 4089/42/4 4060/42/4 4090/42/4
f 3981/35/4 4028/35/4 4091/35/4
f 4090/33/4 3981/33/4 4091/33/4
f 4028/33/4 4061/33/4 4092/33/4
f 4091/35/4 4028/35/4 4092/35/4
f 4063/35/4 4064/35/4 4093/35/4
f 4092/33/4 4061/33/4 4093/33/4
f 4062/35/4 4063/35/4 4093/35/4
f 4061/35/4 4062/35/4 4093/35/4
f 4066/32/4 4067/32/4 4094/32/4
f 4065/33/4 4066/33/4 4094/33/4
f 4067/32/4 4068/32/4 4094/32/4
f 4094/32/4 4068/32/4 4095/32/4
f 4068/33/4 4069/33/4 4096/33/4
f 4095/32/4 4068/32/4 4096/32/4
f 4069/32/4 4070/32/4 4097/32/4
f 4096/33/4 4069/33/4 4097/33/4
f 4070/33/4 4040/33/4 4098/33/4
f 4097/32/4 4070/32/4 4098/32/4
f 4040/38/4 4041/38/4 4099/38/4
f 4098/33/4 4040/33/4 4099/33/4
f 4041/32/4 4071/32/4 4100/32/4
f 4071/35/4 4072/35/4 4100/35/4
f 4072/38/4 4073/38/4 4101/38/4
f 4100/35/4 4072/35/4 4101/35/4
f 4075/36/4 4048/36/4 4102/36/4
f 4102/36/4 4048/36/4 4103/36/4
f 4048/35/4 4076/35/4 4104/35/4
f 4103/36/4 4048/36/4 4104/36/4
f 4104/35/4 4076/35/4 4105/35/4
f 4076/30/4 4077/30/4 4106/30/4
f 4105/35/4 4076/35/4 4106/35/4
f 4078/31/4 4079/31/4 4107/31/4
f 4077/35/4 4078/35/4 4107/35/4
f 4079/30/4 4080/30/4 4108/30/4
f 4107/31/4 4079/31/4 4108/31/4
f 4080/30/4 4081/30/4 4108/30/4
f 4081/35/4 4082/35/4 4109/35/4
f 4108/30/4 4081/30/4 4109/30/4
f 4082/31/4 4083/31/4 4110/31/4
f 4109/35/4 4082/35/4 4110/35/4
f 4083/30/4 4084/30/4 4111/30/4
f 4110/31/4 4083/31/4 4111/31/4
f 4056/31/4 4085/31/4 4112/31/4
f 4111/30/4 4084/30/4 4112/30/4
f 4084/30/4 4056/30/4 4112/30/4
f 4085/35/4 4086/35/4 4113/35/4
f 4112/31/4 4085/31/4 4113/31/4
f 4086/35/4 4087/35/4 4113/35/4
f 4088/38/4 3794/38/4 4114/38/4
f 4087/38/4 4088/38/4 4114/38/4
f 3794/35/4 3685/35/4 4115/35/4
f 4114/38/4 3794/38/4 4115/38/4
f 4093/35/4 4064/35/4 4116/35/4
f 4092/35/4 4093/35/4 4116/35/4
f 4091/35/4 4092/35/4 4116/35/4
f 4116/35/4 4064/35/4 4117/35/4
f 4117/35/4 4064/35/4 4118/35/4
f 4065/33/4 4094/33/4 4119/33/4
f 4094/38/4 4095/38/4 4119/38/4
f 4097/32/4 4098/32/4 4120/32/4
f 4119/38/4 4095/38/4 4120/38/4
f 4096/32/4 4097/32/4 4120/32/4
f 4095/32/4 4096/32/4 4120/32/4
f 4120/32/4 4098/32/4 4121/32/4
f 4099/38/4 4041/38/4 4122/38/4
f 4098/35/4 4099/35/4 4122/35/4
f 4041/32/4 4100/32/4 4123/32/4
f 4122/38/4 4041/38/4 4123/38/4
f 4100/32/4 4101/32/4 4123/32/4
f 4123/32/4 4101/32/4 4124/32/4
f 4101/38/4 4073/38/4 4125/38/4
f 4124/32/4 4101/32/4 4125/32/4
f 4073/34/4 4045/34/4 4126/34/4
f 4125/38/4 4073/38/4 4126/38/4
f 4045/38/4 4046/38/4 4127/38/4
f 4126/34/4 4045/34/4 4127/34/4
f 4046/34/4 4074/34/4 4128/34/4
f 4127/38/4 4046/38/4 4128/38/4
f 4074/34/4 4075/34/4 4128/34/4
f 4128/34/4 4075/34/4 4129/34/4
f 4106/30/4 4077/30/4 4130/30/4
f 4105/31/4 4106/31/4 4130/31/4
f 4111/35/4 4112/35/4 4131/35/4
f 4130/30/4 4077/30/4 4131/30/4
f 4077/35/4 4107/35/4 4131/35/4
f 4110/35/4 4111/35/4 4131/35/4
f 4109/35/4 4110/35/4 4131/35/4
f 4112/35/4 4113/35/4 4131/35/4
f 4108/35/4 4109/35/4 4131/35/4
f 4107/35/4 4108/35/4 4131/35/4
f 4113/35/4 4087/35/4 4132/35/4
f 4131/35/4 4113/35/4 4132/35/4
f 4132/35/4 4087/35/4 4133/35/4
f 4087/38/4 4114/38/4 4134/38/4
f 4133/35/4 4087/35/4 4134/35/4
f 4114/35/4 4115/35/4 4135/35/4
f 4134/38/4 4114/38/4 4135/38/4
f 4091/35/4 4116/35/4 4136/35/4
f 4116/33/4 4117/33/4 4137/33/4
f 4136/35/4 4116/35/4 4137/35/4
f 4117/31/4 4118/31/4 4138/31/4
f 4137/33/4 4117/33/4 4138/33/4
f 4118/35/4 4064/35/4 4139/35/4
f 4138/31/4 4118/31/4 4139/31/4
f 4064/35/4 4034/35/4 4140/35/4
f 4139/35/4 4064/35/4 4140/35/4
f 4034/38/4 4035/38/4 4141/38/4
f 4140/35/4 4034/35/4 4141/35/4
f 4035/35/4 4036/35/4 4142/35/4
f 4141/38/4 4035/38/4 4142/38/4
f 4036/35/4 3967/35/4 4143/35/4
f 4142/35/4 4036/35/4 4143/35/4
f 3967/32/4 3535/32/4 4144/32/4
f 4143/35/4 3967/35/4 4144/35/4
f 4065/33/4 4119/33/4 4145/33/4
f 3536/35/4 4065/35/4 4145/35/4
f 4119/33/4 4120/33/4 4145/33/4
f 4145/33/4 4120/33/4 4146/33/4
f 4124/32/4 4125/32/4 4147/32/4
f 4123/38/4 4124/38/4 4147/38/4
f 4125/34/4 4126/34/4 4148/34/4
f 4147/32/4 4125/32/4 4148/32/4
f 4104/35/4 4105/35/4 4149/35/4
f 4103/35/4 4104/35/4 4149/35/4
f 4149/35/4 4105/35/4 4150/35/4
f 4105/31/4 4130/31/4 4151/31/4
f 4150/35/4 4105/35/4 4151/35/4
f 4130/31/4 4131/31/4 4151/31/4
f 4151/31/4 4131/31/4 4152/31/4
f 4132/31/4 4133/31/4 4153/31/4
f 4131/35/4 4132/35/4 4153/35/4
f 4133/35/4 4134/35/4 4154/35/4
f 4153/31/4 4133/31/4 4154/31/4
f 4134/35/4 4135/35/4 4154/35/4
f 4091/35/4 4136/35/4 4155/35/4
f 4155/35/4 4136/35/4 4156/35/4
f 4156/35/4 4136/35/4 4157/35/4
f 4138/33/4 4139/33/4 4158/33/4
f 4157/35/4 4136/35/4 4158/35/4
f 4137/33/4 4138/33/4 4158/33/4
f 4136/33/4 4137/33/4 4158/33/4
f 4158/33/4 4139/33/4 4159/33/4
f 4159/33/4 4139/33/4 4160/33/4
f 4139/35/4 4140/35/4 4161/35/4
f 4160/33/4 4139/33/4 4161/33/4
f 4161/35/4 4140/35/4 4162/35/4
f 4146/33/4 4120/33/4 4163/33/4
f 4120/38/4 4121/38/4 4163/38/4
f 4121/32/4 4098/32/4 4164/32/4
f 4163/38/4 4121/38/4 4164/38/4
f 4164/32/4 4098/32/4 4165/32/4
f 4165/32/4 4098/32/4 4166/32/4
f 4122/35/4 4123/35/4 4167/35/4
f 4166/32/4 4098/32/4 4167/32/4
f 4098/35/4 4122/35/4 4167/35/4
f 4123/38/4 4147/38/4 4168/38/4
f 4167/35/4 4123/35/4 4168/35/4
f 4147/35/4 4148/35/4 4169/35/4
f 4168/38/4 4147/38/4 4169/38/4
f 4148/34/4 4126/34/4 4170/34/4
f 4169/35/4 4148/35/4 4170/35/4
f 4127/34/4 4128/34/4 4171/34/4
f 4128/38/4 4129/38/4 4171/38/4
f 4129/34/4 4075/34/4 4172/34/4
f 4171/38/4 4129/38/4 4172/38/4
f 4172/34/4 4075/34/4 4173/34/4
f 4149/36/4 4150/36/4 4174/36/4
f 4103/35/4 4149/35/4 4174/35/4
f 4150/35/4 4151/35/4 4175/35/4
f 4174/36/4 4150/36/4 4175/36/4
f 4151/35/4 4152/35/4 4175/35/4
f 4175/35/4 4152/35/4 4176/35/4
f 4152/31/4 4131/31/4 4177/31/4
f 4176/35/4 4152/35/4 4177/35/4
f 4155/33/4 4156/33/4 4178/33/4
f 4091/35/4 4155/35/4 4178/35/4
f 4156/31/4 4157/31/4 4179/31/4
f 4178/33/4 4156/33/4 4179/33/4
f 4179/31/4 4157/31/4 4180/31/4
f 4157/33/4 4158/33/4 4181/33/4
f 4158/31/4 4159/31/4 4181/31/4
f 4159/33/4 4160/33/4 4182/33/4
f 4181/31/4 4159/31/4 4182/31/4
f 4160/30/4 4161/30/4 4183/30/4
f 4182/33/4 4160/33/4 4183/33/4
f 4161/33/4 4162/33/4 4184/33/4
f 4183/30/4 4161/30/4 4184/30/4
f 4162/35/4 4140/35/4 4185/35/4
f 4184/33/4 4162/33/4 4185/33/4
f 4185/35/4 4140/35/4 4186/35/4
f 4186/35/4 4140/35/4 4187/35/4
f 4140/38/4 4141/38/4 4188/38/4
f 4187/35/4 4140/35/4 4188/35/4
f 4142/35/4 4143/35/4 4189/35/4
f 4188/38/4 4141/38/4 4189/38/4
f 4141/35/4 4142/35/4 4189/35/4
f 4165/32/4 4166/32/4 4190/32/4
f 4164/38/4 4165/38/4 4190/38/4
f 4168/35/4 4169/35/4 4191/35/4
f 4190/32/4 4166/32/4 4191/32/4
f 4167/35/4 4168/35/4 4191/35/4
f 4166/35/4 4167/35/4 4191/35/4
f 4170/34/4 4126/34/4 4192/34/4
f 4126/38/4 4127/38/4 4192/38/4
f 4127/34/4 4171/34/4 4193/34/4
f 4192/38/4 4127/38/4 4193/38/4
f 4171/34/4 4172/34/4 4193/34/4
f 4193/34/4 4172/34/4 4194/34/4
f 4175/35/4 4176/35/4 4195/35/4
f 4103/35/4 4174/35/4 4195/35/4
f 4102/34/4 4103/34/4 4195/34/4
f 4174/35/4 4175/35/4 4195/35/4
f 4195/35/4 4176/35/4 4196/35/4
f 4176/31/4 4177/31/4 4197/31/4
f 4177/31/4 4131/31/4 4198/31/4
f 4197/31/4 4177/31/4 4198/31/4
f 4131/35/4 4153/35/4 4199/35/4
f 4153/35/4 4154/35/4 4199/35/4
f 4199/35/4 4154/35/4 4200/35/4
f 4200/35/4 4154/35/4 4201/35/4
f 4154/35/4 4135/35/4 4202/35/4
f 4201/35/4 4154/35/4 4202/35/4
f 4089/33/4 4090/33/4 4203/33/4
f 3685/33/4 4089/33/4 4203/33/4
f 4090/30/4 4091/30/4 4204/30/4
f 4203/33/4 4090/33/4 4204/33/4
f 4178/35/4 4179/35/4 4205/35/4
f 4180/31/4 4157/31/4 4205/31/4
f 4179/35/4 4180/35/4 4205/35/4
f 4157/33/4 4181/33/4 4206/33/4
f 4205/31/4 4157/31/4 4206/31/4
f 4183/35/4 4184/35/4 4207/35/4
f 4206/33/4 4181/33/4 4207/33/4
f 4184/35/4 4185/35/4 4207/35/4
f 4182/35/4 4183/35/4 4207/35/4
f 4185/35/4 4186/35/4 4207/35/4
f 4181/35/4 4182/35/4 4207/35/4
f 4207/35/4 4186/35/4 4208/35/4
f 4186/33/4 4187/33/4 4209/33/4
f 4208/35/4 4186/35/4 4209/35/4
f 4187/35/4 4188/35/4 4210/35/4
f 4209/33/4 4187/33/4 4210/33/4
f 4188/35/4 4189/35/4 4210/35/4
f 4210/35/4 4189/35/4 4211/35/4
f 4189/35/4 4143/35/4 4212/35/4
f 4211/35/4 4189/35/4 4212/35/4
f 4143/38/4 4144/38/4 4213/38/4
f 4212/35/4 4143/35/4 4213/35/4
f 4144/32/4 3535/32/4 4214/32/4
f 4213/38/4 4144/38/4 4214/38/4
f 4146/33/4 4163/33/4 4215/33/4
f 4145/35/4 4146/35/4 4215/35/4
f 4163/33/4 4164/33/4 4215/33/4
f 4215/33/4 4164/33/4 4216/33/4
f 4190/38/4 4191/38/4 4217/38/4
f 4216/33/4 4164/33/4 4217/33/4
f 4164/38/4 4190/38/4 4217/38/4
f 4217/38/4 4191/38/4 4218/38/4
f 4194/34/4 4172/34/4 4219/34/4
f 4172/38/4 4173/38/4 4219/38/4
f 4173/34/4 4075/34/4 4220/34/4
f 4219/38/4 4173/38/4 4220/38/4
f 4195/36/4 4196/36/4 4221/36/4
f 4196/35/4 4176/35/4 4221/35/4
f 4221/35/4 4176/35/4 4222/35/4
f 4176/31/4 4197/31/4 4223/31/4
f 4222/35/4 4176/35/4 4223/35/4
f 4197/35/4 4198/35/4 4224/35/4
f 4223/31/4 4197/31/4 4224/31/4
f 4131/35/4 4199/35/4 4225/35/4
f 4199/31/4 4200/31/4 4226/31/4
f 4225/35/4 4199/35/4 4226/35/4
f 4226/31/4 4200/31/4 4227/31/4
f 4200/35/4 4201/35/4 4228/35/4
f 4227/31/4 4200/31/4 4228/31/4
f 4228/35/4 4201/35/4 4229/35/4
f 4201/31/4 4202/31/4 4230/31/4
f 4230/31/4 4202/31/4 4231/31/4
f 4202/35/4 4135/35/4 4232/35/4
f 4231/31/4 4202/31/4 4232/31/4
f 4232/35/4 4135/35/4 4233/35/4
f 4135/35/4 4115/35/4 4234/35/4
f 4233/35/4 4135/35/4 4234/35/4
f 4115/35/4 3685/35/4 4235/35/4
f 4234/35/4 4115/35/4 4235/35/4
f 4208/33/4 4209/33/4 4236/33/4
f 4209/33/4 4210/33/4 4236/33/4
f 4210/31/4 4211/31/4 4237/31/4
f 4236/33/4 4210/33/4 4237/33/4
f 4211/35/4 4212/35/4 4238/35/4
f 4237/31/4 4211/31/4 4238/31/4
f 4191/35/4 4169/35/4 4239/35/4
f 4218/38/4 4191/38/4 4239/38/4
f 4239/35/4 4169/35/4 4240/35/4
f 4169/38/4 4170/38/4 4241/38/4
f 4240/35/4 4169/35/4 4241/35/4
f 4170/34/4 4192/34/4 4242/34/4
f 4241/38/4 4170/38/4 4242/38/4
f 4192/34/4 4193/34/4 4242/34/4
f 4242/34/4 4193/34/4 4243/34/4
f 4193/38/4 4194/38/4 4244/38/4
f 4243/34/4 4193/34/4 4244/34/4
f 4194/34/4 4219/34/4 4245/34/4
f 4244/38/4 4194/38/4 4245/38/4
f 4219/34/4 4220/34/4 4245/34/4
f 4245/34/4 4220/34/4 4246/34/4
f 4220/34/4 4075/34/4 4247/34/4
f 4246/34/4 4220/34/4 4247/34/4
f 4075/36/4 4102/36/4 4248/36/4
f 4247/34/4 4075/34/4 4248/34/4
f 4248/36/4 4102/36/4 4249/36/4
f 4102/34/4 4195/34/4 4250/34/4
f 4249/36/4 4102/36/4 4250/36/4
f 4221/36/4 4222/36/4 4251/36/4
f 4222/35/4 4223/35/4 4251/35/4
f 4223/35/4 4224/35/4 4251/35/4
f 4251/35/4 4224/35/4 4252/35/4
f 4252/35/4 4224/35/4 4253/35/4
f 4224/35/4 4198/35/4 4254/35/4
f 4253/35/4 4224/35/4 4254/35/4
f 4226/34/4 4227/34/4 4255/34/4
f 4225/31/4 4226/31/4 4255/31/4
f 4227/31/4 4228/31/4 4256/31/4
f 4255/34/4 4227/34/4 4256/34/4
f 4228/31/4 4229/31/4 4256/31/4
f 4256/31/4 4229/31/4 4257/31/4
f 4230/34/4 4231/34/4 4258/34/4
f 4201/31/4 4230/31/4 4258/31/4
f 4232/31/4 4233/31/4 4259/31/4
f 4258/34/4 4231/34/4 4259/34/4
f 4231/31/4 4232/31/4 4259/31/4
f 4259/31/4 4233/31/4 4260/31/4
f 4233/35/4 4234/35/4 4261/35/4
f 4234/31/4 4235/31/4 4261/31/4
f 4261/31/4 4235/31/4 4262/31/4
f 3685/33/4 4203/33/4 4263/33/4
f 4203/41/4 4204/41/4 4263/41/4
f 4204/30/4 4091/30/4 4264/30/4
f 4263/41/4 4204/41/4 4264/41/4
f 4238/35/4 4212/35/4 4265/35/4
f 4237/35/4 4238/35/4 4265/35/4
f 4212/38/4 4213/38/4 4266/38/4
f 4265/35/4 4212/35/4 4266/35/4
f 4213/35/4 4214/35/4 4267/35/4
f 4266/38/4 4213/38/4 4267/38/4
f 4215/35/4 4216/35/4 4268/35/4
f 4217/33/4 4218/33/4 4268/33/4
f 4216/33/4 4217/33/4 4268/33/4
f 4268/33/4 4218/33/4 4269/33/4
f 4239/38/4 4240/38/4 4270/38/4
f 4269/33/4 4218/33/4 4270/33/4
f 4218/38/4 4239/38/4 4270/38/4
f 4270/38/4 4240/38/4 4271/38/4
f 4246/34/4 4247/34/4 4272/34/4
f 4245/38/4 4246/38/4 4272/38/4
f 4248/36/4 4249/36/4 4273/36/4
f 4272/34/4 4247/34/4 4273/34/4
f 4247/36/4 4248/36/4 4273/36/4
f 4250/34/4 4195/34/4 4274/34/4
f 4249/34/4 4250/34/4 4274/34/4
f 4274/34/4 4195/34/4 4275/34/4
f 4252/35/4 4253/35/4 4276/35/4
f 4276/35/4 4253/35/4 4277/35/4
f 4225/31/4 4255/31/4 4278/31/4
f 4255/32/4 4256/32/4 4278/32/4
f 4278/32/4 4256/32/4 4279/32/4
f 4256/34/4 4257/34/4 4280/34/4
f 4279/32/4 4256/32/4 4280/32/4
f 4257/31/4 4229/31/4 4281/31/4
f 4280/34/4 4257/34/4 4281/34/4
f 4201/31/4 4258/31/4 4282/31/4
f 4258/32/4 4259/32/4 4282/32/4
f 4282/32/4 4259/32/4 4283/32/4
f 4259/34/4 4260/34/4 4284/34/4
f 4283/32/4 4259/32/4 4284/32/4
f 4260/31/4 4233/31/4 4285/31/4
f 4284/34/4 4260/34/4 4285/34/4
f 4264/30/4 4091/30/4 4286/30/4
f 4263/33/4 4264/33/4 4286/33/4
f 4178/35/4 4205/35/4 4287/35/4
f 4286/30/4 4091/30/4 4287/30/4
f 4205/35/4 4206/35/4 4287/35/4
f 4091/35/4 4178/35/4 4287/35/4
f 4206/35/4 4207/35/4 4287/35/4
f 4207/35/4 4208/35/4 4287/35/4
f 4208/33/4 4236/33/4 4288/33/4
f 4287/35/4 4208/35/4 4288/35/4
f 4236/31/4 4237/31/4 4289/31/4
f 4288/33/4 4236/33/4 4289/33/4
f 4237/35/4 4265/35/4 4290/35/4
f 4289/31/4 4237/31/4 4290/31/4
f 4290/35/4 4265/35/4 4291/35/4
f 4271/38/4 4240/38/4 4292/38/4
f 4240/35/4 4241/35/4 4292/35/4
f 4241/35/4 4242/35/4 4292/35/4
f 4292/35/4 4242/35/4 4293/35/4
f 4242/38/4 4243/38/4 4294/38/4
f 4293/35/4 4242/35/4 4294/35/4
f 4243/34/4 4244/34/4 4295/34/4
f 4294/38/4 4243/38/4 4295/38/4
f 4244/34/4 4245/34/4 4295/34/4
f 4295/34/4 4245/34/4 4296/34/4
f 4245/38/4 4272/38/4 4297/38/4
f 4296/34/4 4245/34/4 4297/34/4
f 4272/36/4 4273/36/4 4298/36/4
f 4297/38/4 4272/38/4 4298/38/4
f 4279/41/4 4280/41/4 4299/41/4
f 4278/34/4 4279/34/4 4299/34/4
f 4280/32/4 4281/32/4 4300/32/4
f 4299/41/4 4280/41/4 4300/41/4
f 4283/41/4 4284/41/4 4301/41/4
f 4282/34/4 4283/34/4 4301/34/4
f 4284/32/4 4285/32/4 4302/32/4
f 4301/41/4 4284/41/4 4302/41/4
f 4235/35/4 3685/35/4 4303/35/4
f 4262/31/4 4235/31/4 4303/31/4
f 4263/33/4 4286/33/4 4304/33/4
f 4303/35/4 3685/35/4 4304/35/4
f 4286/33/4 4287/33/4 4304/33/4
f 3685/33/4 4263/33/4 4304/33/4
f 4304/33/4 4287/33/4 4305/33/4
f 4288/35/4 4289/35/4 4306/35/4
f 4305/33/4 4287/33/4 4306/33/4
f 4287/35/4 4288/35/4 4306/35/4
f 4291/35/4 4265/35/4 4307/35/4
f 4265/38/4 4266/38/4 4307/38/4
f 4266/35/4 4267/35/4 4308/35/4
f 4307/38/4 4266/38/4 4308/38/4
f 4267/35/4 4214/35/4 4309/35/4
f 4308/35/4 4267/35/4 4309/35/4
f 4214/32/4 3535/32/4 4310/32/4
f 4309/35/4 4214/35/4 4310/35/4
f 4270/33/4 4271/33/4 4311/33/4
f 4292/38/4 4293/38/4 4311/38/4
f 4269/33/4 4270/33/4 4311/33/4
f 4271/38/4 4292/38/4 4311/38/4
f 4311/38/4 4293/38/4 4312/38/4
f 4251/36/4 4252/36/4 4313/36/4
f 4221/36/4 4251/36/4 4313/36/4
f 4252/35/4 4276/35/4 4314/35/4
f 4313/36/4 4252/36/4 4314/36/4
f 4277/35/4 4253/35/4 4315/35/4
f 4315/35/4 4253/35/4 4316/35/4
f 4316/35/4 4253/35/4 4317/35/4
f 4317/35/4 4253/35/4 4318/35/4
f 4318/35/4 4253/35/4 4319/35/4
f 4319/35/4 4253/35/4 4320/35/4
f 4253/31/4 4254/31/4 4321/31/4
f 4320/35/4 4253/35/4 4321/35/4
f 4254/35/4 4198/35/4 4322/35/4
f 4321/31/4 4254/31/4 4322/31/4
f 4198/31/4 4131/31/4 4323/31/4
f 4322/35/4 4198/35/4 4323/35/4
f 4131/35/4 4225/35/4 4324/35/4
f 4323/31/4 4131/31/4 4324/31/4
f 4299/30/4 4300/30/4 4325/30/4
f 4278/34/4 4299/34/4 4325/34/4
f 4300/32/4 4281/32/4 4326/32/4
f 4325/30/4 4300/30/4 4326/30/4
f 4282/34/4 4301/34/4 4327/34/4
f 4301/30/4 4302/30/4 4327/30/4
f 4302/32/4 4285/32/4 4328/32/4
f 4327/30/4 4302/30/4 4328/30/4
f 4304/33/4 4305/33/4 4329/33/4
f 4303/31/4 4304/31/4 4329/31/4
f 4329/33/4 4305/33/4 4330/33/4
f 4306/35/4 4289/35/4 4331/35/4
f 4305/31/4 4306/31/4 4331/31/4
f 4331/35/4 4289/35/4 4332/35/4
f 4332/35/4 4289/35/4 4333/35/4
f 4333/35/4 4289/35/4 4334/35/4
f 4334/35/4 4289/35/4 4335/35/4
f 4289/31/4 4290/31/4 4336/31/4
f 4335/35/4 4289/35/4 4336/35/4
f 4290/30/4 4291/30/4 4337/30/4
f 4336/31/4 4290/31/4 4337/31/4
f 4268/35/4 4269/35/4 4338/35/4
f 4311/33/4 4312/33/4 4338/33/4
f 4269/33/4 4311/33/4 4338/33/4
f 4338/33/4 4312/33/4 4339/33/4
f 4293/35/4 4294/35/4 4340/35/4
f 4294/35/4 4295/35/4 4340/35/4
f 4312/38/4 4293/38/4 4340/38/4
f 4340/35/4 4295/35/4 4341/35/4
f 4341/35/4 4295/35/4 4342/35/4
f 4342/35/4 4295/35/4 4343/35/4
f 4295/38/4 4296/38/4 4344/38/4
f 4343/35/4 4295/35/4 4344/35/4
f 4296/34/4 4297/34/4 4345/34/4
f 4344/38/4 4296/38/4 4345/38/4
f 4297/34/4 4298/34/4 4345/34/4
f 4345/34/4 4298/34/4 4346/34/4
f 4298/36/4 4273/36/4 4347/36/4
f 4273/36/4 4249/36/4 4347/36/4
f 4249/34/4 4274/34/4 4347/34/4
f 4274/36/4 4275/36/4 4348/36/4
f 4347/34/4 4274/34/4 4348/34/4
f 4275/34/4 4195/34/4 4349/34/4
f 4348/36/4 4275/36/4 4349/36/4
f 4221/36/4 4313/36/4 4350/36/4
f 4195/36/4 4221/36/4 4350/36/4
f 4313/35/4 4314/35/4 4351/35/4
f 4350/36/4 4313/36/4 4351/36/4
f 4276/34/4 4277/34/4 4352/34/4
f 4277/35/4 4315/35/4 4352/35/4
f 4352/35/4 4315/35/4 4353/35/4
f 4353/35/4 4315/35/4 4354/35/4
f 4354/35/4 4315/35/4 4355/35/4
f 4315/34/4 4316/34/4 4356/34/4
f 4355/35/4 4315/35/4 4356/35/4
f 4316/35/4 4317/35/4 4357/35/4
f 4356/34/4 4316/34/4 4357/34/4
f 4357/35/4 4317/35/4 4358/35/4
f 4317/32/4 4318/32/4 4359/32/4
f 4358/35/4 4317/35/4 4359/35/4
f 4318/35/4 4319/35/4 4360/35/4
f 4359/32/4 4318/32/4 4360/32/4
f 4360/35/4 4319/35/4 4361/35/4
f 4321/35/4 4322/35/4 4362/35/4
f 4320/35/4 4321/35/4 4362/35/4
f 4322/35/4 4323/35/4 4362/35/4
f 4319/34/4 4320/34/4 4362/34/4
f 4362/35/4 4323/35/4 4363/35/4
f 4363/35/4 4323/35/4 4364/35/4
f 4364/35/4 4323/35/4 4365/35/4
f 4365/35/4 4323/35/4 4366/35/4
f 4366/35/4 4323/35/4 4367/35/4
f 4278/34/4 4325/34/4 4368/34/4
f 4325/41/4 4326/41/4 4368/41/4
f 4326/32/4 4281/32/4 4369/32/4
f 4368/41/4 4326/41/4 4369/41/4
f 4282/34/4 4327/34/4 4370/34/4
f 4327/41/4 4328/41/4 4370/41/4
f 4328/32/4 4285/32/4 4371/32/4
f 4370/41/4 4328/41/4 4371/41/4
f 4332/35/4 4333/35/4 4372/35/4
f 4333/34/4 4334/34/4 4373/34/4
f 4372/35/4 4333/35/4 4373/35/4
f 4334/35/4 4335/35/4 4374/35/4
f 4373/34/4 4334/34/4 4374/34/4
f 4374/35/4 4335/35/4 4375/35/4
f 4375/35/4 4335/35/4 4376/35/4
f 4335/34/4 4336/34/4 4377/34/4
f 4376/35/4 4335/35/4 4377/35/4
f 4336/30/4 4337/30/4 4378/30/4
f 4377/34/4 4336/34/4 4378/34/4
f 4337/30/4 4291/30/4 4379/30/4
f 4378/30/4 4337/30/4 4379/30/4
f 4307/35/4 4308/35/4 4380/35/4
f 4379/30/4 4291/30/4 4380/30/4
f 4308/35/4 4309/35/4 4380/35/4
f 4291/35/4 4307/35/4 4380/35/4
f 4380/35/4 4309/35/4 4381/35/4
f 4309/33/4 4310/33/4 4382/33/4
f 4381/35/4 4309/35/4 4382/35/4
f 4310/32/4 3535/32/4 4383/32/4
f 4382/33/4 4310/33/4 4383/33/4
f 4339/33/4 4312/33/4 4384/33/4
f 4312/38/4 4340/38/4 4384/38/4
f 4340/38/4 4341/38/4 4384/38/4
f 4384/38/4 4341/38/4 4385/38/4
f 4342/33/4 4343/33/4 4386/33/4
f 4343/35/4 4344/35/4 4386/35/4
f 4344/34/4 4345/34/4 4387/34/4
f 4386/35/4 4344/35/4 4387/35/4
f 4314/35/4 4276/35/4 4388/35/4
f 4351/35/4 4314/35/4 4388/35/4
f 4276/34/4 4352/34/4 4389/34/4
f 4388/35/4 4276/35/4 4389/35/4
f 4352/32/4 4353/32/4 4390/32/4
f 4389/34/4 4352/34/4 4390/34/4
f 4353/34/4 4354/34/4 4391/34/4
f 4390/32/4 4353/32/4 4391/32/4
f 4391/34/4 4354/34/4 4392/34/4
f 4392/34/4 4354/34/4 4393/34/4
f 4354/35/4 4355/35/4 4394/35/4
f 4355/32/4 4356/32/4 4394/32/4
f 4356/34/4 4357/34/4 4395/34/4
f 4394/32/4 4356/32/4 4395/32/4
f 4319/34/4 4362/34/4 4396/34/4
f 4362/34/4 4363/34/4 4396/34/4
f 4363/36/4 4364/36/4 4397/36/4
f 4396/34/4 4363/34/4 4397/34/4
f 4365/35/4 4366/35/4 4398/35/4
f 4398/35/4 4366/35/4 4399/35/4
f 4366/31/4 4367/31/4 4400/31/4
f 4399/35/4 4366/35/4 4400/35/4
f 4367/35/4 4323/35/4 4401/35/4
f 4400/31/4 4367/31/4 4401/31/4
f 4278/34/4 4368/34/4 4402/34/4
f 4368/30/4 4369/30/4 4402/30/4
f 4369/32/4 4281/32/4 4403/32/4
f 4402/30/4 4369/30/4 4403/30/4
f 4282/34/4 4370/34/4 4404/34/4
f 4370/30/4 4371/30/4 4404/30/4
f 4371/32/4 4285/32/4 4405/32/4
f 4404/30/4 4371/30/4 4405/30/4
f 4285/31/4 4233/31/4 4406/31/4
f 4261/35/4 4262/35/4 4406/35/4
f 4233/35/4 4261/35/4 4406/35/4
f 4406/35/4 4262/35/4 4407/35/4
f 4262/31/4 4303/31/4 4408/31/4
f 4407/35/4 4262/35/4 4408/35/4
f 4303/31/4 4329/31/4 4408/31/4
f 4329/32/4 4330/32/4 4409/32/4
f 4408/31/4 4329/31/4 4409/31/4
f 4330/33/4 4305/33/4 4410/33/4
f 4409/32/4 4330/32/4 4410/32/4
f 4305/31/4 4331/31/4 4411/31/4
f 4410/33/4 4305/33/4 4411/33/4
f 4331/31/4 4332/31/4 4411/31/4
f 4411/31/4 4332/31/4 4412/31/4
f 4332/35/4 4372/35/4 4413/35/4
f 4412/31/4 4332/31/4 4413/31/4
f 4374/34/4 4375/34/4 4414/34/4
f 4413/35/4 4372/35/4 4414/35/4
f 4373/34/4 4374/34/4 4414/34/4
f 4372/34/4 4373/34/4 4414/34/4
f 4375/35/4 4376/35/4 4415/35/4
f 4414/34/4 4375/34/4 4415/34/4
f 4377/34/4 4378/34/4 4416/34/4
f 4415/35/4 4376/35/4 4416/35/4
f 4376/34/4 4377/34/4 4416/34/4
f 4378/31/4 4379/31/4 4417/31/4
f 4416/34/4 4378/34/4 4417/34/4
f 4380/34/4 4381/34/4 4418/34/4
f 4417/31/4 4379/31/4 4418/31/4
f 4379/34/4 4380/34/4 4418/34/4
f 4381/35/4 4382/35/4 4419/35/4
f 4418/34/4 4381/34/4 4419/34/4
f 4382/35/4 4383/35/4 4419/35/4
f 4383/32/4 3535/32/4 4420/32/4
f 4419/35/4 4383/35/4 4420/35/4
f 4342/33/4 4386/33/4 4421/33/4
f 4341/35/4 4342/35/4 4421/35/4
f 4386/33/4 4387/33/4 4421/33/4
f 4421/33/4 4387/33/4 4422/33/4
f 4345/38/4 4346/38/4 4423/38/4
f 4387/34/4 4345/34/4 4423/34/4
f 4346/34/4 4298/34/4 4424/34/4
f 4423/38/4 4346/38/4 4424/38/4
f 4349/34/4 4195/34/4 4425/34/4
f 4348/34/4 4349/34/4 4425/34/4
f 4195/36/4 4350/36/4 4425/36/4
f 4350/34/4 4351/34/4 4426/34/4
f 4425/36/4 4350/36/4 4426/36/4
f 4389/35/4 4390/35/4 4427/35/4
f 4391/34/4 4392/34/4 4428/34/4
f 4427/35/4 4390/35/4 4428/35/4
f 4390/34/4 4391/34/4 4428/34/4
f 4354/35/4 4394/35/4 4429/35/4
f 4393/34/4 4354/34/4 4429/34/4
f 4394/34/4 4395/34/4 4430/34/4
f 4429/35/4 4394/35/4 4430/35/4
f 4357/32/4 4358/32/4 4431/32/4
f 4358/34/4 4359/34/4 4431/34/4
f 4431/34/4 4359/34/4 4432/34/4
f 4360/34/4 4361/34/4 4433/34/4
f 4359/32/4 4360/32/4 4433/32/4
f 4433/34/4 4361/34/4 4434/34/4
f 4361/35/4 4319/35/4 4435/35/4
f 4319/34/4 4396/34/4 4436/34/4
f 4435/35/4 4319/35/4 4436/35/4
f 4436/34/4 4396/34/4 4437/34/4
f 4396/36/4 4397/36/4 4438/36/4
f 4437/34/4 4396/34/4 4438/34/4
f 4397/36/4 4364/36/4 4439/36/4
f 4438/36/4 4397/36/4 4439/36/4
f 4364/34/4 4365/34/4 4439/34/4
f 4365/35/4 4398/35/4 4440/35/4
f 4439/34/4 4365/34/4 4440/34/4
f 4398/34/4 4399/34/4 4441/34/4
f 4440/35/4 4398/35/4 4441/35/4
f 4399/35/4 4400/35/4 4442/35/4
f 4441/34/4 4399/34/4 4442/34/4
f 4400/30/4 4401/30/4 4443/30/4
f 4442/35/4 4400/35/4 4443/35/4
f 4401/35/4 4323/35/4 4444/35/4
f 4443/30/4 4401/30/4 4444/30/4
f 4323/30/4 4324/30/4 4445/30/4
f 4444/35/4 4323/35/4 4445/35/4
f 4324/35/4 4225/35/4 4446/35/4
f 4445/30/4 4324/30/4 4446/30/4
f 4225/31/4 4278/31/4 4447/31/4
f 4446/35/4 4225/35/4 4447/35/4
f 4278/34/4 4402/34/4 4448/34/4
f 4447/31/4 4278/31/4 4448/31/4
f 4402/41/4 4403/41/4 4449/41/4
f 4448/34/4 4402/34/4 4449/34/4
f 4403/32/4 4281/32/4 4450/32/4
f 4449/41/4 4403/41/4 4450/41/4
f 4281/31/4 4229/31/4 4451/31/4
f 4450/32/4 4281/32/4 4451/32/4
f 4229/35/4 4201/35/4 4452/35/4
f 4451/31/4 4229/31/4 4452/31/4
f 4201/31/4 4282/31/4 4453/31/4
f 4452/35/4 4201/35/4 4453/35/4
f 4282/34/4 4404/34/4 4454/34/4
f 4453/31/4 4282/31/4 4454/31/4
f 4404/41/4 4405/41/4 4455/41/4
f 4454/34/4 4404/34/4 4455/34/4
f 4405/32/4 4285/32/4 4456/32/4
f 4455/41/4 4405/41/4 4456/41/4
f 4285/31/4 4406/31/4 4457/31/4
f 4456/32/4 4285/32/4 4457/32/4
f 4408/31/4 4409/31/4 4458/31/4
f 4407/32/4 4408/32/4 4458/32/4
f 4410/34/4 4411/34/4 4459/34/4
f 4458/31/4 4409/31/4 4459/31/4
f 4411/34/4 4412/34/4 4459/34/4
f 4409/34/4 4410/34/4 4459/34/4
f 4412/32/4 4413/32/4 4460/32/4
f 4459/34/4 4412/34/4 4460/34/4
f 4418/34/4 4419/34/4 4461/34/4
f 4460/32/4 4413/32/4 4461/32/4
f 4415/34/4 4416/34/4 4461/34/4
f 4413/34/4 4414/34/4 4461/34/4
f 4417/34/4 4418/34/4 4461/34/4
f 4416/34/4 4417/34/4 4461/34/4
f 4414/34/4 4415/34/4 4461/34/4
f 4419/34/4 4420/34/4 4461/34/4
f 4461/34/4 4420/34/4 4462/34/4
f 4462/34/4 4420/34/4 4463/34/4
f 4463/34/4 4420/34/4 4464/34/4
f 3534/32/4 3536/32/4 4465/32/4
f 4145/35/4 4215/35/4 4465/35/4
f 4338/35/4 4339/35/4 4465/35/4
f 4215/35/4 4268/35/4 4465/35/4
f 3536/35/4 4145/35/4 4465/35/4
f 4268/35/4 4338/35/4 4465/35/4
f 4465/35/4 4339/35/4 4466/35/4
f 4384/33/4 4385/33/4 4467/33/4
f 4339/33/4 4384/33/4 4467/33/4
f 4467/33/4 4385/33/4 4468/33/4
f 4385/38/4 4341/38/4 4469/38/4
f 4468/33/4 4385/33/4 4469/33/4
f 4421/35/4 4422/35/4 4470/35/4
f 4469/38/4 4341/38/4 4470/38/4
f 4341/35/4 4421/35/4 4470/35/4
f 4470/35/4 4422/35/4 4471/35/4
f 4387/34/4 4423/34/4 4472/34/4
f 4423/34/4 4424/34/4 4472/34/4
f 4424/34/4 4298/34/4 4473/34/4
f 4472/34/4 4424/34/4 4473/34/4
f 4298/36/4 4347/36/4 4473/36/4
f 4347/41/4 4348/41/4 4474/41/4
f 4473/36/4 4347/36/4 4474/36/4
f 4425/34/4 4426/34/4 4475/34/4
f 4474/41/4 4348/41/4 4475/41/4
f 4348/34/4 4425/34/4 4475/34/4
f 4428/34/4 4392/34/4 4476/34/4
f 4427/34/4 4428/34/4 4476/34/4
f 4392/32/4 4393/32/4 4477/32/4
f 4476/34/4 4392/34/4 4477/34/4
f 4393/34/4 4429/34/4 4478/34/4
f 4477/32/4 4393/32/4 4478/32/4
f 4429/34/4 4430/34/4 4478/34/4
f 4434/34/4 4361/34/4 4479/34/4
f 4433/33/4 4434/33/4 4479/33/4
f 4361/35/4 4435/35/4 4480/35/4
f 4479/34/4 4361/34/4 4480/34/4
f 4435/34/4 4436/34/4 4481/34/4
f 4480/35/4 4435/35/4 4481/35/4
f 4436/34/4 4437/34/4 4481/34/4
f 4481/34/4 4437/34/4 4482/34/4
f 4439/36/4 4440/36/4 4483/36/4
f 4482/34/4 4437/34/4 4483/34/4
f 4438/36/4 4439/36/4 4483/36/4
f 4437/36/4 4438/36/4 4483/36/4
f 4483/36/4 4440/36/4 4484/36/4
f 4484/36/4 4440/36/4 4485/36/4
f 4442/35/4 4443/35/4 4486/35/4
f 4441/36/4 4442/36/4 4486/36/4
f 4486/35/4 4443/35/4 4487/35/4
f 4487/35/4 4443/35/4 4488/35/4
f 4446/34/4 4447/34/4 4489/34/4
f 4445/34/4 4446/34/4 4489/34/4
f 4444/34/4 4445/34/4 4489/34/4
f 4443/34/4 4444/34/4 4489/34/4
f 4447/31/4 4448/31/4 4489/31/4
f 4448/32/4 4449/32/4 4490/32/4
f 4489/31/4 4448/31/4 4490/31/4
f 4449/32/4 4450/32/4 4490/32/4
f 4450/34/4 4451/34/4 4491/34/4
f 4490/32/4 4450/32/4 4491/32/4
f 4451/31/4 4452/31/4 4492/31/4
f 4491/34/4 4451/34/4 4492/34/4
f 4452/34/4 4453/34/4 4493/34/4
f 4492/31/4 4452/31/4 4493/31/4
f 4453/31/4 4454/31/4 4494/31/4
f 4493/34/4 4453/34/4 4494/34/4
f 4454/32/4 4455/32/4 4495/32/4
f 4494/31/4 4454/31/4 4495/31/4
f 4455/32/4 4456/32/4 4495/32/4
f 4456/34/4 4457/34/4 4496/34/4
f 4495/32/4 4456/32/4 4496/32/4
f 4457/31/4 4406/31/4 4497/31/4
f 4496/34/4 4457/34/4 4497/34/4
f 4406/34/4 4407/34/4 4498/34/4
f 4497/31/4 4406/31/4 4498/31/4
f 4459/34/4 4460/34/4 4499/34/4
f 4458/34/4 4459/34/4 4499/34/4
f 4407/32/4 4458/32/4 4499/32/4
f 4499/34/4 4460/34/4 4500/34/4
f 4500/34/4 4460/34/4 4501/34/4
f 4461/29/4 4462/29/4 4502/29/4
f 4501/34/4 4460/34/4 4502/34/4
f 4460/29/4 4461/29/4 4502/29/4
f 4502/29/4 4462/29/4 4503/29/4
f 4462/32/4 4463/32/4 4504/32/4
f 4503/29/4 4462/29/4 4504/29/4
f 4463/29/4 4464/29/4 4505/29/4
f 4504/32/4 4463/32/4 4505/32/4
f 4505/29/4 4464/29/4 4506/29/4
f 4464/34/4 4420/34/4 4507/34/4
f 4506/29/4 4464/29/4 4507/29/4
f 4507/34/4 4420/34/4 4508/34/4
f 4465/33/4 4466/33/4 4509/33/4
f 4466/35/4 4339/35/4 4509/35/4
f 4509/35/4 4339/35/4 4510/35/4
f 4472/36/4 4473/36/4 4511/36/4
f 4473/36/4 4474/36/4 4511/36/4
f 4474/34/4 4475/34/4 4511/34/4
f 4475/34/4 4426/34/4 4512/34/4
f 4511/34/4 4475/34/4 4512/34/4
f 4389/35/4 4427/35/4 4513/35/4
f 4388/34/4 4389/34/4 4513/34/4
f 4427/34/4 4476/34/4 4514/34/4
f 4513/35/4 4427/35/4 4514/35/4
f 4432/34/4 4359/34/4 4515/34/4
f 4359/32/4 4433/32/4 4516/32/4
f 4515/34/4 4359/34/4 4516/34/4
f 4481/35/4 4482/35/4 4517/35/4
f 4480/34/4 4481/34/4 4517/34/4
f 4482/33/4 4483/33/4 4518/33/4
f 4517/35/4 4482/35/4 4518/35/4
f 4440/35/4 4441/35/4 4519/35/4
f 4485/36/4 4440/36/4 4519/36/4
f 4486/36/4 4487/36/4 4520/36/4
f 4519/35/4 4441/35/4 4520/35/4
f 4441/36/4 4486/36/4 4520/36/4
f 4520/36/4 4487/36/4 4521/36/4
f 4487/33/4 4488/33/4 4522/33/4
f 4521/36/4 4487/36/4 4522/36/4
f 4488/35/4 4443/35/4 4523/35/4
f 4522/33/4 4488/33/4 4523/33/4
f 4489/34/4 4490/34/4 4524/34/4
f 4493/34/4 4494/34/4 4524/34/4
f 4496/34/4 4497/34/4 4524/34/4
f 4443/34/4 4489/34/4 4524/34/4
f 4490/34/4 4491/34/4 4524/34/4
f 4497/34/4 4498/34/4 4524/34/4
f 4495/34/4 4496/34/4 4524/34/4
f 4494/34/4 4495/34/4 4524/34/4
f 4492/34/4 4493/34/4 4524/34/4
f 4491/34/4 4492/34/4 4524/34/4
f 4524/34/4 4498/34/4 4525/34/4
f 4498/34/4 4407/34/4 4526/34/4
f 4525/34/4 4498/34/4 4526/34/4
f 4407/32/4 4499/32/4 4527/32/4
f 4526/34/4 4407/34/4 4527/34/4
f 4499/32/4 4500/32/4 4527/32/4
f 4501/32/4 4502/32/4 4528/32/4
f 4500/34/4 4501/34/4 4528/34/4
f 4502/29/4 4503/29/4 4529/29/4
f 4528/32/4 4502/32/4 4529/32/4
f 4505/32/4 4506/32/4 4530/32/4
f 4529/29/4 4503/29/4 4530/29/4
f 4503/32/4 4504/32/4 4530/32/4
f 4504/32/4 4505/32/4 4530/32/4
f 4530/32/4 4506/32/4 4531/32/4
f 4506/29/4 4507/29/4 4532/29/4
f 4531/32/4 4506/32/4 4532/32/4
f 4507/29/4 4508/29/4 4532/29/4
f 4532/29/4 4508/29/4 4533/29/4
f 4508/34/4 4420/34/4 4534/34/4
f 4533/29/4 4508/29/4 4534/29/4
f 4534/34/4 4420/34/4 4535/34/4
f 4509/33/4 4510/33/4 4536/33/4
f 3534/32/4 4465/32/4 4536/32/4
f 4465/33/4 4509/33/4 4536/33/4
f 4536/33/4 4510/33/4 4537/33/4
f 4510/35/4 4339/35/4 4538/35/4
f 4339/33/4 4467/33/4 4538/33/4
f 4467/35/4 4468/35/4 4539/35/4
f 4538/33/4 4467/33/4 4539/33/4
f 4469/33/4 4470/33/4 4540/33/4
f 4539/35/4 4468/35/4 4540/35/4
f 4468/33/4 4469/33/4 4540/33/4
f 4540/33/4 4470/33/4 4541/33/4
f 4470/38/4 4471/38/4 4542/38/4
f 4541/33/4 4470/33/4 4542/33/4
f 4471/35/4 4422/35/4 4543/35/4
f 4542/38/4 4471/38/4 4543/38/4
f 4422/33/4 4387/33/4 4544/33/4
f 4543/35/4 4422/35/4 4544/35/4
f 4387/34/4 4472/34/4 4545/34/4
f 4544/33/4 4387/33/4 4545/33/4
f 4472/36/4 4511/36/4 4546/36/4
f 4545/34/4 4472/34/4 4546/34/4
f 4511/36/4 4512/36/4 4546/36/4
f 4546/36/4 4512/36/4 4547/36/4
f 4512/34/4 4426/34/4 4548/34/4
f 4351/35/4 4388/35/4 4548/35/4
f 4426/34/4 4351/34/4 4548/34/4
f 4388/34/4 4513/34/4 4549/34/4
f 4548/35/4 4388/35/4 4549/35/4
f 4513/34/4 4514/34/4 4549/34/4
f 4514/34/4 4476/34/4 4550/34/4
f 4549/34/4 4514/34/4 4550/34/4
f 4550/34/4 4476/34/4 4551/34/4
f 4478/34/4 4430/34/4 4552/34/4
f 4430/34/4 4395/34/4 4552/34/4
f 4395/34/4 4357/34/4 4552/34/4
f 4477/34/4 4478/34/4 4552/34/4
f 4357/32/4 4431/32/4 4553/32/4
f 4552/34/4 4357/34/4 4553/34/4
f 4431/36/4 4432/36/4 4554/36/4
f 4553/32/4 4431/32/4 4554/32/4
f 4432/34/4 4515/34/4 4555/34/4
f 4554/36/4 4432/36/4 4555/36/4
f 4515/36/4 4516/36/4 4556/36/4
f 4555/34/4 4515/34/4 4556/34/4
f 4517/34/4 4518/34/4 4557/34/4
f 4480/34/4 4517/34/4 4557/34/4
f 4518/33/4 4483/33/4 4558/33/4
f 4557/34/4 4518/34/4 4558/34/4
f 4484/33/4 4485/33/4 4559/33/4
f 4485/36/4 4519/36/4 4559/36/4
f 4519/34/4 4520/34/4 4560/34/4
f 4559/36/4 4519/36/4 4560/36/4
f 4520/34/4 4521/34/4 4560/34/4
f 4560/34/4 4521/34/4 4561/34/4
f 4521/36/4 4522/36/4 4562/36/4
f 4561/34/4 4521/34/4 4562/34/4
f 4523/35/4 4443/35/4 4563/35/4
f 4443/34/4 4524/34/4 4563/34/4
f 4563/34/4 4524/34/4 4564/34/4
f 4525/34/4 4526/34/4 4565/34/4
f 4565/34/4 4526/34/4 4566/34/4
f 4528/40/4 4529/40/4 4567/40/4
f 4530/40/4 4531/40/4 4567/40/4
f 4500/34/4 4528/34/4 4567/34/4
f 4529/40/4 4530/40/4 4567/40/4
f 4567/40/4 4531/40/4 4568/40/4
f 4568/40/4 4531/40/4 4569/40/4
f 4569/40/4 4531/40/4 4570/40/4
f 4532/32/4 4533/32/4 4571/32/4
f 4570/40/4 4531/40/4 4571/40/4
f 4531/32/4 4532/32/4 4571/32/4
f 4571/32/4 4533/32/4 4572/32/4
f 4572/32/4 4533/32/4 4573/32/4
f 4573/32/4 4533/32/4 4574/32/4
f 4534/29/4 4535/29/4 4575/29/4
f 4574/32/4 4533/32/4 4575/32/4
f 4533/29/4 4534/29/4 4575/29/4
f 4575/29/4 4535/29/4 4576/29/4
f 4535/34/4 4420/34/4 4577/34/4
f 4576/29/4 4535/29/4 4577/29/4
f 4420/32/4 3535/32/4 4578/32/4
f 4577/34/4 4420/34/4 4578/34/4
f 3534/32/4 4536/32/4 4579/32/4
f 4536/32/4 4537/32/4 4579/32/4
f 4537/33/4 4510/33/4 4580/33/4
f 4579/32/4 4537/32/4 4580/32/4
f 4510/35/4 4538/35/4 4581/35/4
f 4580/33/4 4510/33/4 4581/33/4
f 4538/35/4 4539/35/4 4581/35/4
f 4540/35/4 4541/35/4 4581/35/4
f 4539/35/4 4540/35/4 4581/35/4
f 4581/35/4 4541/35/4 4582/35/4
f 4582/35/4 4541/35/4 4583/35/4
f 4541/32/4 4542/32/4 4584/32/4
f 4583/35/4 4541/35/4 4584/35/4
f 4542/32/4 4543/32/4 4584/32/4
f 4546/34/4 4547/34/4 4585/34/4
f 4545/34/4 4546/34/4 4585/34/4
f 4547/36/4 4512/36/4 4586/36/4
f 4585/34/4 4547/34/4 4586/34/4
f 4512/34/4 4548/34/4 4587/34/4
f 4586/36/4 4512/36/4 4587/36/4
f 4549/34/4 4550/34/4 4587/34/4
f 4548/34/4 4549/34/4 4587/34/4
f 4587/34/4 4550/34/4 4588/34/4
f 4477/34/4 4552/34/4 4589/34/4
f 4476/32/4 4477/32/4 4589/32/4
f 4589/34/4 4552/34/4 4590/34/4
f 4553/32/4 4554/32/4 4591/32/4
f 4552/36/4 4553/36/4 4591/36/4
f 4554/32/4 4555/32/4 4591/32/4
f 4591/32/4 4555/32/4 4592/32/4
f 4558/33/4 4483/33/4 4593/33/4
f 4557/33/4 4558/33/4 4593/33/4
f 4483/36/4 4484/36/4 4593/36/4
f 4593/36/4 4484/36/4 4594/36/4
f 4522/34/4 4523/34/4 4595/34/4
f 4523/35/4 4563/35/4 4595/35/4
f 4595/35/4 4563/35/4 4596/35/4
f 4596/35/4 4563/35/4 4597/35/4
f 4563/33/4 4564/33/4 4598/33/4
f 4597/35/4 4563/35/4 4598/35/4
f 4566/34/4 4526/34/4 4599/34/4
f 4565/33/4 4566/33/4 4599/33/4
f 4599/34/4 4526/34/4 4600/34/4
f 4526/36/4 4527/36/4 4601/36/4
f 4600/34/4 4526/34/4 4601/34/4
f 4527/32/4 4500/32/4 4602/32/4
f 4601/36/4 4527/36/4 4602/36/4
f 4567/34/4 4568/34/4 4603/34/4
f 4568/33/4 4569/33/4 4603/33/4
f 4569/31/4 4570/31/4 4604/31/4
f 4603/33/4 4569/33/4 4604/33/4
f 4571/33/4 4572/33/4 4605/33/4
f 4570/33/4 4571/33/4 4605/33/4
f 4572/40/4 4573/40/4 4605/40/4
f 4573/39/4 4574/39/4 4606/39/4
f 4605/40/4 4573/40/4 4606/40/4
f 4606/39/4 4574/39/4 4607/39/4
f 4574/32/4 4575/32/4 4608/32/4
f 4607/39/4 4574/39/4 4608/39/4
f 4575/32/4 4576/32/4 4608/32/4
f 4576/29/4 4577/29/4 4609/29/4
f 4608/32/4 4576/32/4 4609/32/4
f 4577/29/4 4578/29/4 4609/29/4
f 4609/29/4 4578/29/4 4610/29/4
f 4579/35/4 4580/35/4 4611/35/4
f 4580/33/4 4581/33/4 4611/33/4
f 4581/32/4 4582/32/4 4612/32/4
f 4611/33/4 4581/33/4 4612/33/4
f 4582/35/4 4583/35/4 4613/35/4
f 4612/32/4 4582/32/4 4613/32/4
f 4613/35/4 4583/35/4 4614/35/4
f 4614/35/4 4583/35/4 4615/35/4
f 4583/32/4 4584/32/4 4616/32/4
f 4615/35/4 4583/35/4 4616/35/4
f 4584/32/4 4543/32/4 4617/32/4
f 4616/32/4 4584/32/4 4617/32/4
f 4588/34/4 4550/34/4 4618/34/4
f 4550/32/4 4551/32/4 4618/32/4
f 4551/34/4 4476/34/4 4619/34/4
f 4618/32/4 4551/32/4 4619/32/4
f 4589/32/4 4590/32/4 4620/32/4
f 4619/34/4 4476/34/4 4620/34/4
f 4476/32/4 4589/32/4 4620/32/4
f 4590/34/4 4552/34/4 4621/34/4
f 4620/32/4 4590/32/4 4621/32/4
f 4621/34/4 4552/34/4 4622/34/4
f 4622/34/4 4552/34/4 4623/34/4
f 4592/32/4 4555/32/4 4624/32/4
f 4591/36/4 4592/36/4 4624/36/4
f 4555/36/4 4556/36/4 4625/36/4
f 4624/32/4 4555/32/4 4625/32/4
f 4556/36/4 4516/36/4 4626/36/4
f 4625/36/4 4556/36/4 4626/36/4
f 4516/32/4 4433/32/4 4626/32/4
f 4433/33/4 4479/33/4 4627/33/4
f 4626/32/4 4433/32/4 4627/32/4
f 4479/35/4 4480/35/4 4628/35/4
f 4627/33/4 4479/33/4 4628/33/4
f 4480/34/4 4557/34/4 4629/34/4
f 4628/35/4 4480/35/4 4629/35/4
f 4557/33/4 4593/33/4 4630/33/4
f 4593/34/4 4594/34/4 4631/34/4
f 4630/33/4 4593/33/4 4631/33/4
f 4594/36/4 4484/36/4 4632/36/4
f 4631/34/4 4594/34/4 4632/34/4
f 4484/33/4 4559/33/4 4633/33/4
f 4632/36/4 4484/36/4 4633/36/4
f 4560/34/4 4561/34/4 4634/34/4
f 4633/33/4 4559/33/4 4634/33/4
f 4559/34/4 4560/34/4 4634/34/4
f 4524/32/4 4525/32/4 4635/32/4
f 4564/34/4 4524/34/4 4635/34/4
f 4525/34/4 4565/34/4 4636/34/4
f 4635/32/4 4525/32/4 4636/32/4
f 4636/34/4 4565/34/4 4637/34/4
f 4599/33/4 4600/33/4 4638/33/4
f 4637/34/4 4565/34/4 4638/34/4
f 4565/33/4 4599/33/4 4638/33/4
f 4638/33/4 4600/33/4 4639/33/4
f 4639/33/4 4600/33/4 4640/33/4
f 4600/34/4 4601/34/4 4641/34/4
f 4640/33/4 4600/33/4 4641/33/4
f 4641/34/4 4601/34/4 4642/34/4
f 4642/34/4 4601/34/4 4643/34/4
f 4643/34/4 4601/34/4 4644/34/4
f 4601/32/4 4602/32/4 4645/32/4
f 4644/34/4 4601/34/4 4645/34/4
f 4602/32/4 4500/32/4 4646/32/4
f 4645/32/4 4602/32/4 4646/32/4
f 4567/34/4 4603/34/4 4647/34/4
f 4646/32/4 4500/32/4 4647/32/4
f 4500/34/4 4567/34/4 4647/34/4
f 4604/31/4 4570/31/4 4648/31/4
f 4603/31/4 4604/31/4 4648/31/4
f 4570/33/4 4605/33/4 4649/33/4
f 4648/31/4 4570/31/4 4649/31/4
f 4606/33/4 4607/33/4 4649/33/4
f 4605/33/4 4606/33/4 4649/33/4
f 4649/33/4 4607/33/4 4650/33/4
f 4650/33/4 4607/33/4 4651/33/4
f 4651/33/4 4607/33/4 4652/33/4
f 4652/33/4 4607/33/4 4653/33/4
f 4607/32/4 4608/32/4 4654/32/4
f 4653/33/4 4607/33/4 4654/33/4
f 4609/40/4 4610/40/4 4655/40/4
f 4654/32/4 4608/32/4 4655/32/4
f 4608/40/4 4609/40/4 4655/40/4
f 4610/29/4 4578/29/4 4656/29/4
f 4655/40/4 4610/40/4 4656/40/4
f 4611/32/4 4612/32/4 4657/32/4
f 4579/35/4 4611/35/4 4657/35/4
f 4613/32/4 4614/32/4 4657/32/4
f 4612/32/4 4613/32/4 4657/32/4
f 4657/32/4 4614/32/4 4658/32/4
f 4616/33/4 4617/33/4 4659/33/4
f 4615/33/4 4616/33/4 4659/33/4
f 4617/32/4 4543/32/4 4660/32/4
f 4659/33/4 4617/33/4 4660/33/4
f 4543/38/4 4544/38/4 4661/38/4
f 4660/32/4 4543/32/4 4661/32/4
f 4544/35/4 4545/35/4 4662/35/4
f 4661/38/4 4544/38/4 4662/38/4
f 4545/34/4 4585/34/4 4663/34/4
f 4662/35/4 4545/35/4 4663/35/4
f 4588/34/4 4618/34/4 4664/34/4
f 4585/36/4 4586/36/4 4664/36/4
f 4619/34/4 4620/34/4 4664/34/4
f 4587/36/4 4588/36/4 4664/36/4
f 4618/34/4 4619/34/4 4664/34/4
f 4586/36/4 4587/36/4 4664/36/4
f 4664/34/4 4620/34/4 4665/34/4
f 4665/34/4 4620/34/4 4666/34/4
f 4666/34/4 4620/34/4 4667/34/4
f 4621/34/4 4622/34/4 4668/34/4
f 4622/36/4 4623/36/4 4668/36/4
f 4623/34/4 4552/34/4 4669/34/4
f 4668/36/4 4623/36/4 4669/36/4
f 4624/36/4 4625/36/4 4670/36/4
f 4669/34/4 4552/34/4 4670/34/4
f 4626/36/4 4627/36/4 4670/36/4
f 4625/36/4 4626/36/4 4670/36/4
f 4591/36/4 4624/36/4 4670/36/4
f 4552/36/4 4591/36/4 4670/36/4
f 4628/34/4 4629/34/4 4671/34/4
f 4629/34/4 4557/34/4 4671/34/4
f 4557/33/4 4630/33/4 4672/33/4
f 4671/34/4 4557/34/4 4672/34/4
f 4630/34/4 4631/34/4 4673/34/4
f 4672/33/4 4630/33/4 4673/33/4
f 4632/34/4 4633/34/4 4673/34/4
f 4631/34/4 4632/34/4 4673/34/4
f 4633/34/4 4634/34/4 4673/34/4
f 4673/34/4 4634/34/4 4674/34/4
f 4634/34/4 4561/34/4 4675/34/4
f 4674/34/4 4634/34/4 4675/34/4
f 4675/34/4 4561/34/4 4676/34/4
f 4561/33/4 4562/33/4 4677/33/4
f 4676/34/4 4561/34/4 4677/34/4
f 4597/34/4 4598/34/4 4678/34/4
f 4596/35/4 4597/35/4 4678/35/4
f 4598/33/4 4564/33/4 4679/33/4
f 4678/34/4 4598/34/4 4679/34/4
f 4636/34/4 4637/34/4 4680/34/4
f 4635/34/4 4636/34/4 4680/34/4
f 4637/32/4 4638/32/4 4681/32/4
f 4680/34/4 4637/34/4 4681/34/4
f 4638/33/4 4639/33/4 4682/33/4
f 4682/33/4 4639/33/4 4683/33/4
f 4639/32/4 4640/32/4 4684/32/4
f 4641/33/4 4642/33/4 4684/33/4
f 4640/33/4 4641/33/4 4684/33/4
f 4642/34/4 4643/34/4 4685/34/4
f 4684/33/4 4642/33/4 4685/33/4
f 4645/36/4 4646/36/4 4686/36/4
f 4644/34/4 4645/34/4 4686/34/4
f 4646/34/4 4647/34/4 4687/34/4
f 4686/36/4 4646/36/4 4687/36/4
f 4687/34/4 4647/34/4 4688/34/4
f 4688/34/4 4647/34/4 4689/34/4
f 4651/38/4 4652/38/4 4690/38/4
f 4650/32/4 4651/32/4 4690/32/4
f 4652/37/4 4653/37/4 4691/37/4
f 4690/38/4 4652/38/4 4691/38/4
f 4655/32/4 4656/32/4 4692/32/4
f 4691/37/4 4653/37/4 4692/37/4
f 4654/32/4 4655/32/4 4692/32/4
f 4653/32/4 4654/32/4 4692/32/4
f 4692/32/4 4656/32/4 4693/32/4
f 4693/32/4 4656/32/4 4694/32/4
f 4579/35/4 4657/35/4 4695/35/4
f 4657/38/4 4658/38/4 4695/38/4
f 4658/32/4 4614/32/4 4696/32/4
f 4695/38/4 4658/38/4 4696/38/4
f 4696/32/4 4614/32/4 4697/32/4
f 4614/35/4 4615/35/4 4698/35/4
f 4697/32/4 4614/32/4 4698/32/4
f 4667/34/4 4620/34/4 4699/34/4
f 4666/36/4 4667/36/4 4699/36/4
f 4699/34/4 4620/34/4 4700/34/4
f 4620/36/4 4621/36/4 4701/36/4
f 4700/34/4 4620/34/4 4701/34/4
f 4668/34/4 4669/34/4 4702/34/4
f 4701/36/4 4621/36/4 4702/36/4
f 4621/34/4 4668/34/4 4702/34/4
f 4674/34/4 4675/34/4 4703/34/4
f 4703/34/4 4675/34/4 4704/34/4
f 4677/33/4 4562/33/4 4705/33/4
f 4676/36/4 4677/36/4 4705/36/4
f 4562/36/4 4522/36/4 4706/36/4
f 4705/33/4 4562/33/4 4706/33/4
f 4522/34/4 4595/34/4 4707/34/4
f 4595/33/4 4596/33/4 4707/33/4
f 4596/35/4 4678/35/4 4708/35/4
f 4707/33/4 4596/33/4 4708/33/4
f 4678/33/4 4679/33/4 4709/33/4
f 4708/35/4 4678/35/4 4709/35/4
f 4679/33/4 4564/33/4 4710/33/4
f 4709/33/4 4679/33/4 4710/33/4
f 4564/34/4 4635/34/4 4711/34/4
f 4710/33/4 4564/33/4 4711/33/4
f 4635/34/4 4680/34/4 4711/34/4
f 4711/34/4 4680/34/4 4712/34/4
f 4683/33/4 4639/33/4 4713/33/4
f 4682/32/4 4683/32/4 4713/32/4
f 4639/32/4 4684/32/4 4714/32/4
f 4713/33/4 4639/33/4 4714/33/4
f 4684/34/4 4685/34/4 4715/34/4
f 4714/32/4 4684/32/4 4715/32/4
f 4715/34/4 4685/34/4 4716/34/4
f 4685/34/4 4643/34/4 4717/34/4
f 4716/34/4 4685/34/4 4717/34/4
f 4643/32/4 4644/32/4 4718/32/4
f 4717/34/4 4643/34/4 4718/34/4
f 4686/34/4 4687/34/4 4719/34/4
f 4718/32/4 4644/32/4 4719/32/4
f 4644/34/4 4686/34/4 4719/34/4
f 4719/34/4 4687/34/4 4720/34/4
f 4687/36/4 4688/36/4 4721/36/4
f 4720/34/4 4687/34/4 4721/34/4
f 4689/34/4 4647/34/4 4722/34/4
f 4647/34/4 4603/34/4 4722/34/4
f 4603/31/4 4648/31/4 4723/31/4
f 4722/34/4 4603/34/4 4723/34/4
f 4649/33/4 4650/33/4 4724/33/4
f 4723/31/4 4648/31/4 4724/31/4
f 4648/33/4 4649/33/4 4724/33/4
f 4690/33/4 4691/33/4 4725/33/4
f 4691/32/4 4692/32/4 4726/32/4
f 4725/33/4 4691/33/4 4726/33/4
f 4692/32/4 4693/32/4 4726/32/4
f 4693/41/4 4694/41/4 4727/41/4
f 4726/32/4 4693/32/4 4727/32/4
f 4694/32/4 4656/32/4 4728/32/4
f 4727/41/4 4694/41/4 4728/41/4
f 4728/32/4 4656/32/4 4729/32/4
f 4615/33/4 4659/33/4 4730/33/4
f 4698/35/4 4615/35/4 4730/35/4
f 4697/35/4 4698/35/4 4730/35/4
f 4661/32/4 4662/32/4 4731/32/4
f 4730/33/4 4659/33/4 4731/33/4
f 4659/32/4 4660/32/4 4731/32/4
f 4660/32/4 4661/32/4 4731/32/4
f 4731/32/4 4662/32/4 4732/32/4
f 4732/32/4 4662/32/4 4733/32/4
f 4662/38/4 4663/38/4 4734/38/4
f 4733/32/4 4662/32/4 4734/32/4
f 4663/34/4 4585/34/4 4735/34/4
f 4734/38/4 4663/38/4 4735/38/4
f 4664/36/4 4665/36/4 4736/36/4
f 4735/34/4 4585/34/4 4736/34/4
f 4585/36/4 4664/36/4 4736/36/4
f 4736/36/4 4665/36/4 4737/36/4
f 4666/36/4 4699/36/4 4738/36/4
f 4665/34/4 4666/34/4 4738/34/4
f 4699/36/4 4700/36/4 4738/36/4
f 4738/36/4 4700/36/4 4739/36/4
f 4700/34/4 4701/34/4 4740/34/4
f 4701/34/4 4702/34/4 4740/34/4
f 4702/34/4 4669/34/4 4741/34/4
f 4740/34/4 4702/34/4 4741/34/4
f 4741/34/4 4669/34/4 4742/34/4
f 4669/36/4 4670/36/4 4743/36/4
f 4742/34/4 4669/34/4 4743/34/4
f 4670/36/4 4627/36/4 4744/36/4
f 4743/36/4 4670/36/4 4744/36/4
f 4673/33/4 4674/33/4 4745/33/4
f 4671/33/4 4672/33/4 4745/33/4
f 4672/33/4 4673/33/4 4745/33/4
f 4745/33/4 4674/33/4 4746/33/4
f 4674/34/4 4703/34/4 4747/34/4
f 4746/33/4 4674/33/4 4747/33/4
f 4703/36/4 4704/36/4 4748/36/4
f 4747/34/4 4703/34/4 4748/34/4
f 4704/34/4 4675/34/4 4749/34/4
f 4748/36/4 4704/36/4 4749/36/4
f 4522/34/4 4707/34/4 4750/34/4
f 4706/36/4 4522/36/4 4750/36/4
f 4707/32/4 4708/32/4 4751/32/4
f 4750/34/4 4707/34/4 4751/34/4
f 4709/34/4 4710/34/4 4752/34/4
f 4751/32/4 4708/32/4 4752/32/4
f 4708/34/4 4709/34/4 4752/34/4
f 4681/32/4 4638/32/4 4753/32/4
f 4680/36/4 4681/36/4 4753/36/4
f 4753/32/4 4638/32/4 4754/32/4
f 4638/33/4 4682/33/4 4755/33/4
f 4754/32/4 4638/32/4 4755/32/4
f 4713/32/4 4714/32/4 4756/32/4
f 4755/33/4 4682/33/4 4756/33/4
f 4682/32/4 4713/32/4 4756/32/4
f 4715/34/4 4716/34/4 4757/34/4
f 4756/32/4 4714/32/4 4757/32/4
f 4714/34/4 4715/34/4 4757/34/4
f 4716/36/4 4717/36/4 4758/36/4
f 4757/34/4 4716/34/4 4758/34/4
f 4719/34/4 4720/34/4 4759/34/4
f 4718/34/4 4719/34/4 4759/34/4
f 4717/34/4 4718/34/4 4759/34/4
f 4720/36/4 4721/36/4 4760/36/4
f 4759/34/4 4720/34/4 4760/34/4
f 4721/36/4 4688/36/4 4761/36/4
f 4760/36/4 4721/36/4 4761/36/4
f 4688/32/4 4689/32/4 4761/32/4
f 4761/32/4 4689/32/4 4762/32/4
f 4689/34/4 4722/34/4 4763/34/4
f 4722/31/4 4723/31/4 4764/31/4
f 4763/34/4 4722/34/4 4764/34/4
f 4726/32/4 4727/32/4 4765/32/4
f 4727/32/4 4728/32/4 4765/32/4
f 4725/32/4 4726/32/4 4765/32/4
f 4690/33/4 4725/33/4 4765/33/4
f 4765/32/4 4728/32/4 4766/32/4
f 4766/32/4 4728/32/4 4767/32/4
f 4767/32/4 4728/32/4 4768/32/4
f 4768/32/4 4728/32/4 4769/32/4
f 4728/33/4 4729/33/4 4770/33/4
f 4769/32/4 4728/32/4 4770/32/4
f 4729/32/4 4656/32/4 4771/32/4
f 4771/32/4 4656/32/4 4772/32/4
f 4772/32/4 4656/32/4 4773/32/4
f 4695/35/4 4696/35/4 4774/35/4
f 4696/38/4 4697/38/4 4774/38/4
f 4697/35/4 4730/35/4 4775/35/4
f 4774/38/4 4697/38/4 4775/38/4
f 4775/35/4 4730/35/4 4776/35/4
f 4730/32/4 4731/32/4 4777/32/4
f 4776/35/4 4730/35/4 4777/35/4
f 4731/35/4 4732/35/4 4778/35/4
f 4777/32/4 4731/32/4 4778/32/4
f 4737/36/4 4665/36/4 4779/36/4
f 4736/34/4 4737/34/4 4779/34/4
f 4779/36/4 4665/36/4 4780/36/4
f 4738/34/4 4739/34/4 4781/34/4
f 4665/34/4 4738/34/4 4781/34/4
f 4781/34/4 4739/34/4 4782/34/4
f 4742/36/4 4743/36/4 4783/36/4
f 4741/34/4 4742/34/4 4783/34/4
f 4743/34/4 4744/34/4 4784/34/4
f 4783/36/4 4743/36/4 4784/36/4
f 4784/34/4 4744/34/4 4785/34/4
f 4744/36/4 4627/36/4 4786/36/4
f 4785/34/4 4744/34/4 4786/34/4
f 4627/33/4 4628/33/4 4787/33/4
f 4786/36/4 4627/36/4 4787/36/4
f 4747/33/4 4748/33/4 4788/33/4
f 4748/34/4 4749/34/4 4788/34/4
f 4746/33/4 4747/33/4 4788/33/4
f 4749/34/4 4675/34/4 4789/34/4
f 4788/34/4 4749/34/4 4789/34/4
f 4675/33/4 4676/33/4 4789/33/4
f 4789/33/4 4676/33/4 4790/33/4
f 4750/33/4 4751/33/4 4791/33/4
f 4706/36/4 4750/36/4 4791/36/4
f 4751/34/4 4752/34/4 4792/34/4
f 4791/33/4 4751/33/4 4792/33/4
f 4710/33/4 4711/33/4 4793/33/4
f 4711/33/4 4712/33/4 4793/33/4
f 4712/34/4 4680/34/4 4794/34/4
f 4793/33/4 4712/33/4 4794/33/4
f 4753/34/4 4754/34/4 4795/34/4
f 4680/36/4 4753/36/4 4795/36/4
f 4755/32/4 4756/32/4 4796/32/4
f 4795/34/4 4754/34/4 4796/34/4
f 4754/32/4 4755/32/4 4796/32/4
f 4756/32/4 4757/32/4 4796/32/4
f 4796/32/4 4757/32/4 4797/32/4
f 4797/32/4 4757/32/4 4798/32/4
f 4798/32/4 4757/32/4 4799/32/4
f 4757/36/4 4758/36/4 4800/36/4
f 4799/32/4 4757/32/4 4800/32/4
f 4758/36/4 4717/36/4 4801/36/4
f 4800/36/4 4758/36/4 4801/36/4
f 4717/34/4 4759/34/4 4801/34/4
f 4761/34/4 4762/34/4 4802/34/4
f 4760/36/4 4761/36/4 4802/36/4
f 4762/32/4 4689/32/4 4803/32/4
f 4802/34/4 4762/34/4 4803/34/4
f 4689/34/4 4763/34/4 4804/34/4
f 4803/32/4 4689/32/4 4804/32/4
f 4764/31/4 4723/31/4 4805/31/4
f 4763/33/4 4764/33/4 4805/33/4
f 4723/33/4 4724/33/4 4806/33/4
f 4805/31/4 4723/31/4 4806/31/4
f 4724/33/4 4650/33/4 4807/33/4
f 4806/33/4 4724/33/4 4807/33/4
f 4650/32/4 4690/32/4 4808/32/4
f 4807/33/4 4650/33/4 4808/33/4
f 4690/33/4 4765/33/4 4809/33/4
f 4808/32/4 4690/32/4 4809/32/4
f 4765/33/4 4766/33/4 4809/33/4
f 4766/32/4 4767/32/4 4810/32/4
f 4767/41/4 4768/41/4 4810/41/4
f 4768/32/4 4769/32/4 4811/32/4
f 4810/41/4 4768/41/4 4811/41/4
f 4729/32/4 4771/32/4 4812/32/4
f 4771/40/4 4772/40/4 4812/40/4
f 4772/39/4 4773/39/4 4813/39/4
f 4812/40/4 4772/40/4 4813/40/4
f 4773/32/4 4656/32/4 4814/32/4
f 4813/39/4 4773/39/4 4814/39/4
f 4656/29/4 4578/29/4 4815/29/4
f 4814/32/4 4656/32/4 4815/32/4
f 4733/32/4 4734/32/4 4816/32/4
f 4734/32/4 4735/32/4 4816/32/4
f 4735/38/4 4736/38/4 4817/38/4
f 4816/32/4 4735/32/4 4817/32/4
f 4736/34/4 4779/34/4 4818/34/4
f 4817/38/4 4736/38/4 4818/38/4
f 4779/34/4 4780/34/4 4818/34/4
f 4818/34/4 4780/34/4 4819/34/4
f 4665/34/4 4781/34/4 4820/34/4
f 4820/34/4 4781/34/4 4821/34/4
f 4739/36/4 4700/36/4 4822/36/4
f 4782/34/4 4739/34/4 4822/34/4
f 4700/34/4 4740/34/4 4823/34/4
f 4822/36/4 4700/36/4 4823/36/4
f 4740/36/4 4741/36/4 4824/36/4
f 4823/34/4 4740/34/4 4824/34/4
f 4824/36/4 4741/36/4 4825/36/4
f 4784/34/4 4785/34/4 4826/34/4
f 4783/34/4 4784/34/4 4826/34/4
f 4785/36/4 4786/36/4 4827/36/4
f 4826/34/4 4785/34/4 4827/34/4
f 4786/34/4 4787/34/4 4828/34/4
f 4828/34/4 4787/34/4 4829/34/4
f 4787/33/4 4628/33/4 4830/33/4
f 4829/34/4 4787/34/4 4830/34/4
f 4628/34/4 4671/34/4 4831/34/4
f 4830/33/4 4628/33/4 4831/33/4
f 4671/33/4 4745/33/4 4832/33/4
f 4831/34/4 4671/34/4 4832/34/4
f 4745/34/4 4746/34/4 4833/34/4
f 4832/33/4 4745/33/4 4833/33/4
f 4746/33/4 4788/33/4 4834/33/4
f 4833/34/4 4746/34/4 4834/34/4
f 4705/34/4 4706/34/4 4835/34/4
f 4706/36/4 4791/36/4 4835/36/4
f 4791/32/4 4792/32/4 4836/32/4
f 4835/36/4 4791/36/4 4836/36/4
f 4710/33/4 4793/33/4 4837/33/4
f 4793/34/4 4794/34/4 4837/34/4
f 4794/34/4 4680/34/4 4838/34/4
f 4837/34/4 4794/34/4 4838/34/4
f 4680/36/4 4795/36/4 4839/36/4
f 4838/34/4 4680/34/4 4839/34/4
f 4798/32/4 4799/32/4 4840/32/4
f 4797/34/4 4798/34/4 4840/34/4
f 4799/34/4 4800/34/4 4841/34/4
f 4840/32/4 4799/32/4 4841/32/4
f 4800/34/4 4801/34/4 4841/34/4
f 4841/34/4 4801/34/4 4842/34/4
f 4842/34/4 4801/34/4 4843/34/4
f 4802/36/4 4803/36/4 4844/36/4
f 4803/33/4 4804/33/4 4844/33/4
f 4804/34/4 4763/34/4 4845/34/4
f 4844/33/4 4804/33/4 4845/33/4
f 4845/34/4 4763/34/4 4846/34/4
f 4805/33/4 4806/33/4 4847/33/4
f 4806/33/4 4807/33/4 4847/33/4
f 4807/32/4 4808/32/4 4848/32/4
f 4847/33/4 4807/33/4 4848/33/4
f 4813/32/4 4814/32/4 4849/32/4
f 4812/32/4 4813/32/4 4849/32/4
f 4814/29/4 4815/29/4 4850/29/4
f 4849/32/4 4814/32/4 4850/32/4
f 4775/38/4 4776/38/4 4851/38/4
f 4774/35/4 4775/35/4 4851/35/4
f 4777/35/4 4778/35/4 4852/35/4
f 4851/38/4 4776/38/4 4852/38/4
f 4776/35/4 4777/35/4 4852/35/4
f 4852/35/4 4778/35/4 4853/35/4
f 4783/34/4 4826/34/4 4854/34/4
f 4826/32/4 4827/32/4 4854/32/4
f 4827/36/4 4786/36/4 4855/36/4
f 4854/32/4 4827/32/4 4855/32/4
f 4855/36/4 4786/36/4 4856/36/4
f 4834/33/4 4788/33/4 4857/33/4
f 4833/33/4 4834/33/4 4857/33/4
f 4857/33/4 4788/33/4 4858/33/4
f 4790/33/4 4676/33/4 4859/33/4
f 4788/36/4 4789/36/4 4859/36/4
f 4789/36/4 4790/36/4 4859/36/4
f 4676/36/4 4705/36/4 4860/36/4
f 4859/33/4 4676/33/4 4860/33/4
f 4705/34/4 4835/34/4 4861/34/4
f 4860/36/4 4705/36/4 4861/36/4
f 4835/34/4 4836/34/4 4861/34/4
f 4861/34/4 4836/34/4 4862/34/4
f 4836/32/4 4792/32/4 4863/32/4
f 4862/34/4 4836/34/4 4863/34/4
f 4792/34/4 4752/34/4 4864/34/4
f 4863/32/4 4792/32/4 4864/32/4
f 4752/34/4 4710/34/4 4865/34/4
f 4864/34/4 4752/34/4 4865/34/4
f 4865/34/4 4710/34/4 4866/34/4
f 4837/33/4 4838/33/4 4867/33/4
f 4866/34/4 4710/34/4 4867/34/4
f 4710/33/4 4837/33/4 4867/33/4
f 4797/34/4 4840/34/4 4868/34/4
f 4840/34/4 4841/34/4 4868/34/4
f 4841/34/4 4842/34/4 4868/34/4
f 4868/34/4 4842/34/4 4869/34/4
f 4869/34/4 4842/34/4 4870/34/4
f 4842/36/4 4843/36/4 4871/36/4
f 4870/34/4 4842/34/4 4871/34/4
f 4843/34/4 4801/34/4 4872/34/4
f 4871/36/4 4843/36/4 4872/36/4
f 4759/32/4 4760/32/4 4873/32/4
f 4760/36/4 4802/36/4 4874/36/4
f 4873/32/4 4760/32/4 4874/32/4
f 4802/36/4 4844/36/4 4874/36/4
f 4844/34/4 4845/34/4 4875/34/4
f 4845/32/4 4846/32/4 4875/32/4
f 4846/34/4 4763/34/4 4876/34/4
f 4875/32/4 4846/32/4 4876/32/4
f 4770/33/4 4729/33/4 4877/33/4
f 4769/33/4 4770/33/4 4877/33/4
f 4812/32/4 4849/32/4 4878/32/4
f 4877/33/4 4729/33/4 4878/33/4
f 4729/32/4 4812/32/4 4878/32/4
f 4878/32/4 4849/32/4 4879/32/4
f 4879/32/4 4849/32/4 4880/32/4
f 4850/29/4 4815/29/4 4881/29/4
f 4849/29/4 4850/29/4 4881/29/4
f 4815/29/4 4578/29/4 4882/29/4
f 4881/29/4 4815/29/4 4882/29/4
f 4578/32/4 3535/32/4 4882/32/4
f 4853/35/4 4778/35/4 4883/35/4
f 4852/38/4 4853/38/4 4883/38/4
f 4778/35/4 4732/35/4 4884/35/4
f 4883/35/4 4778/35/4 4884/35/4
f 4732/33/4 4733/33/4 4885/33/4
f 4884/35/4 4732/35/4 4885/35/4
f 4733/32/4 4816/32/4 4886/32/4
f 4885/33/4 4733/33/4 4886/33/4
f 4816/40/4 4817/40/4 4887/40/4
f 4886/32/4 4816/32/4 4887/32/4
f 4817/32/4 4818/32/4 4888/32/4
f 4887/40/4 4817/40/4 4888/40/4
f 4818/38/4 4819/38/4 4889/38/4
f 4888/32/4 4818/32/4 4889/32/4
f 4819/34/4 4780/34/4 4890/34/4
f 4889/38/4 4819/38/4 4890/38/4
f 4780/36/4 4665/36/4 4891/36/4
f 4890/34/4 4780/34/4 4891/34/4
f 4665/34/4 4820/34/4 4892/34/4
f 4891/36/4 4665/36/4 4892/36/4
f 4820/36/4 4821/36/4 4893/36/4
f 4892/34/4 4820/34/4 4893/34/4
f 4821/34/4 4781/34/4 4894/34/4
f 4893/36/4 4821/36/4 4894/36/4
f 4824/32/4 4825/32/4 4895/32/4
f 4822/34/4 4823/34/4 4895/34/4
f 4823/34/4 4824/34/4 4895/34/4
f 4825/36/4 4741/36/4 4896/36/4
f 4895/32/4 4825/32/4 4896/32/4
f 4828/36/4 4829/36/4 4897/36/4
f 4786/34/4 4828/34/4 4897/34/4
f 4832/34/4 4833/34/4 4898/34/4
f 4897/36/4 4829/36/4 4898/36/4
f 4830/34/4 4831/34/4 4898/34/4
f 4829/34/4 4830/34/4 4898/34/4
f 4831/34/4 4832/34/4 4898/34/4
f 4898/34/4 4833/34/4 4899/34/4
f 4899/34/4 4833/34/4 4900/34/4
f 4857/34/4 4858/34/4 4901/34/4
f 4833/33/4 4857/33/4 4901/33/4
f 4858/33/4 4788/33/4 4902/33/4
f 4901/34/4 4858/34/4 4902/34/4
f 4788/36/4 4859/36/4 4903/36/4
f 4859/32/4 4860/32/4 4903/32/4
f 4860/34/4 4861/34/4 4904/34/4
f 4903/32/4 4860/32/4 4904/32/4
f 4867/33/4 4838/33/4 4905/33/4
f 4838/36/4 4839/36/4 4905/36/4
f 4839/36/4 4795/36/4 4906/36/4
f 4905/36/4 4839/36/4 4906/36/4
f 4795/32/4 4796/32/4 4906/32/4
f 4796/32/4 4797/32/4 4906/32/4
f 4797/34/4 4868/34/4 4907/34/4
f 4906/32/4 4797/32/4 4907/32/4
f 4872/34/4 4801/34/4 4908/34/4
f 4871/34/4 4872/34/4 4908/34/4
f 4801/34/4 4759/34/4 4909/34/4
f 4908/34/4 4801/34/4 4909/34/4
f 4759/32/4 4873/32/4 4910/32/4
f 4909/34/4 4759/34/4 4910/34/4
f 4873/34/4 4874/34/4 4911/34/4
f 4910/32/4 4873/32/4 4911/32/4
f 4766/32/4 4810/32/4 4912/32/4
f 4809/33/4 4766/33/4 4912/33/4
f 4808/33/4 4809/33/4 4912/33/4
f 4810/32/4 4811/32/4 4912/32/4
f 4912/32/4 4811/32/4 4913/32/4
f 4880/32/4 4849/32/4 4914/32/4
f 4849/29/4 4881/29/4 4915/29/4
f 4914/32/4 4849/32/4 4915/32/4
f 4883/38/4 4884/38/4 4916/38/4
f 4852/38/4 4883/38/4 4916/38/4
f 4851/35/4 4852/35/4 4916/35/4
f 4916/38/4 4884/38/4 4917/38/4
f 4888/32/4 4889/32/4 4918/32/4
f 4885/35/4 4886/35/4 4918/35/4
f 4889/32/4 4890/32/4 4918/32/4
f 4884/35/4 4885/35/4 4918/35/4
f 4886/32/4 4887/32/4 4918/32/4
f 4887/32/4 4888/32/4 4918/32/4
f 4890/32/4 4891/32/4 4918/32/4
f 4918/32/4 4891/32/4 4919/32/4
f 4822/34/4 4895/34/4 4920/34/4
f 4781/32/4 4782/32/4 4920/32/4
f 4782/34/4 4822/34/4 4920/34/4
f 4895/34/4 4896/34/4 4920/34/4
f 4920/34/4 4896/34/4 4921/34/4
f 4896/36/4 4741/36/4 4922/36/4
f 4921/34/4 4896/34/4 4922/34/4
f 4741/34/4 4783/34/4 4923/34/4
f 4922/36/4 4741/36/4 4923/36/4
f 4783/34/4 4854/34/4 4923/34/4
f 4854/34/4 4855/34/4 4923/34/4
f 4855/34/4 4856/34/4 4923/34/4
f 4923/34/4 4856/34/4 4924/34/4
f 4924/34/4 4856/34/4 4925/34/4
f 4856/36/4 4786/36/4 4926/36/4
f 4925/34/4 4856/34/4 4926/34/4
f 4786/34/4 4897/34/4 4927/34/4
f 4926/36/4 4786/36/4 4927/36/4
f 4898/34/4 4899/34/4 4927/34/4
f 4897/34/4 4898/34/4 4927/34/4
f 4902/33/4 4788/33/4 4928/33/4
f 4901/36/4 4902/36/4 4928/36/4
f 4788/36/4 4903/36/4 4929/36/4
f 4928/33/4 4788/33/4 4929/33/4
f 4861/36/4 4862/36/4 4930/36/4
f 4904/34/4 4861/34/4 4930/34/4
f 4903/34/4 4904/34/4 4930/34/4
f 4862/32/4 4863/32/4 4931/32/4
f 4930/36/4 4862/36/4 4931/36/4
f 4863/34/4 4864/34/4 4932/34/4
f 4931/32/4 4863/32/4 4932/32/4
f 4867/33/4 4905/33/4 4933/33/4
f 4906/34/4 4907/34/4 4934/34/4
f 4933/33/4 4905/33/4 4934/33/4
f 4905/34/4 4906/34/4 4934/34/4
f 4934/34/4 4907/34/4 4935/34/4
f 4935/34/4 4907/34/4 4936/34/4
f 4936/34/4 4907/34/4 4937/34/4
f 4907/34/4 4868/34/4 4938/34/4
f 4937/34/4 4907/34/4 4938/34/4
f 4868/32/4 4869/32/4 4939/32/4
f 4938/34/4 4868/34/4 4939/34/4
f 4870/36/4 4871/36/4 4940/36/4
f 4869/34/4 4870/34/4 4940/34/4
f 4871/34/4 4908/34/4 4941/34/4
f 4940/36/4 4871/36/4 4941/36/4
f 4908/36/4 4909/36/4 4942/36/4
f 4941/34/4 4908/34/4 4942/34/4
f 4911/34/4 4874/34/4 4943/34/4
f 4874/36/4 4844/36/4 4943/36/4
f 4909/34/4 4910/34/4 4943/34/4
f 4910/34/4 4911/34/4 4943/34/4
f 4943/36/4 4844/36/4 4944/36/4
f 4944/36/4 4844/36/4 4945/36/4
f 4876/34/4 4763/34/4 4946/34/4
f 4763/33/4 4805/33/4 4946/33/4
f 4805/33/4 4847/33/4 4946/33/4
f 4847/32/4 4848/32/4 4947/32/4
f 4946/33/4 4847/33/4 4947/33/4
f 4913/32/4 4811/32/4 4948/32/4
f 4811/32/4 4769/32/4 4948/32/4
f 4769/33/4 4877/33/4 4949/33/4
f 4948/32/4 4769/32/4 4949/32/4
f 4880/32/4 4914/32/4 4950/32/4
f 4879/29/4 4880/29/4 4950/29/4
f 4914/33/4 4915/33/4 4951/33/4
f 4950/32/4 4914/32/4 4951/32/4
f 4915/29/4 4881/29/4 4952/29/4
f 4951/33/4 4915/33/4 4952/33/4
f 4881/34/4 4882/34/4 4953/34/4
f 4952/29/4 4881/29/4 4953/29/4
f 4917/38/4 4884/38/4 4954/38/4
f 4916/35/4 4917/35/4 4954/35/4
f 4954/38/4 4884/38/4 4955/38/4
f 4918/35/4 4919/35/4 4956/35/4
f 4955/38/4 4884/38/4 4956/38/4
f 4884/35/4 4918/35/4 4956/35/4
f 4956/35/4 4919/35/4 4957/35/4
f 4921/34/4 4922/34/4 4958/34/4
f 4923/34/4 4924/34/4 4958/34/4
f 4922/34/4 4923/34/4 4958/34/4
f 4958/34/4 4924/34/4 4959/34/4
f 4959/34/4 4924/34/4 4960/34/4
f 4924/33/4 4925/33/4 4961/33/4
f 4960/34/4 4924/34/4 4961/34/4
f 4833/33/4 4901/33/4 4962/33/4
f 4900/34/4 4833/34/4 4962/34/4
f 4901/36/4 4928/36/4 4963/36/4
f 4962/33/4 4901/33/4 4963/33/4
f 4929/36/4 4903/36/4 4964/36/4
f 4928/34/4 4929/34/4 4964/34/4
f 4964/36/4 4903/36/4 4965/36/4
f 4903/34/4 4930/34/4 4966/34/4
f 4930/34/4 4931/34/4 4966/34/4
f 4931/33/4 4932/33/4 4967/33/4
f 4966/34/4 4931/34/4 4967/34/4
f 4932/34/4 4864/34/4 4968/34/4
f 4967/33/4 4932/33/4 4968/33/4
f 4865/34/4 4866/34/4 4969/34/4
f 4864/32/4 4865/32/4 4969/32/4
f 4866/36/4 4867/36/4 4970/36/4
f 4969/34/4 4866/34/4 4970/34/4
f 4867/33/4 4933/33/4 4971/33/4
f 4970/36/4 4867/36/4 4971/36/4
f 4933/34/4 4934/34/4 4972/34/4
f 4971/33/4 4933/33/4 4972/33/4
f 4934/33/4 4935/33/4 4973/33/4
f 4972/34/4 4934/34/4 4973/34/4
f 4935/34/4 4936/34/4 4974/34/4
f 4973/33/4 4935/33/4 4974/33/4
f 4940/34/4 4941/34/4 4975/34/4
f 4869/34/4 4940/34/4 4975/34/4
f 4941/36/4 4942/36/4 4976/36/4
f 4975/34/4 4941/34/4 4976/34/4
f 4909/34/4 4943/34/4 4977/34/4
f 4977/34/4 4943/34/4 4978/34/4
f 4944/34/4 4945/34/4 4979/34/4
f 4943/33/4 4944/33/4 4979/33/4
f 4945/36/4 4844/36/4 4980/36/4
f 4979/34/4 4945/34/4 4980/34/4
f 4808/33/4 4912/33/4 4981/33/4
f 4912/33/4 4913/33/4 4981/33/4
f 4913/32/4 4948/32/4 4982/32/4
f 4981/33/4 4913/33/4 4982/33/4
f 4948/33/4 4949/33/4 4983/33/4
f 4982/32/4 4948/32/4 4983/32/4
f 4949/33/4 4877/33/4 4984/33/4
f 4983/33/4 4949/33/4 4984/33/4
f 4878/32/4 4879/32/4 4984/32/4
f 4877/32/4 4878/32/4 4984/32/4
f 4879/29/4 4950/29/4 4985/29/4
f 4984/32/4 4879/32/4 4985/32/4
f 4950/33/4 4951/33/4 4986/33/4
f 4985/29/4 4950/29/4 4986/29/4
f 4951/33/4 4952/33/4 4986/33/4
f 4956/38/4 4957/38/4 4987/38/4
f 4954/35/4 4955/35/4 4987/35/4
f 4955/38/4 4956/38/4 4987/38/4
f 4987/38/4 4957/38/4 4988/38/4
f 4919/32/4 4891/32/4 4989/32/4
f 4892/36/4 4893/36/4 4989/36/4
f 4891/36/4 4892/36/4 4989/36/4
f 4989/36/4 4893/36/4 4990/36/4
f 4893/34/4 4894/34/4 4991/34/4
f 4990/36/4 4893/36/4 4991/36/4
f 4894/34/4 4781/34/4 4992/34/4
f 4991/34/4 4894/34/4 4992/34/4
f 4920/32/4 4921/32/4 4993/32/4
f 4921/34/4 4958/34/4 4993/34/4
f 4993/34/4 4958/34/4 4994/34/4
f 4958/36/4 4959/36/4 4995/36/4
f 4959/33/4 4960/33/4 4996/33/4
f 4995/36/4 4959/36/4 4996/36/4
f 4960/32/4 4961/32/4 4997/32/4
f 4996/33/4 4960/33/4 4997/33/4
f 4961/33/4 4925/33/4 4998/33/4
f 4997/32/4 4961/32/4 4998/32/4
f 4925/34/4 4926/34/4 4999/34/4
f 4927/34/4 4899/34/4 4999/34/4
f 4926/34/4 4927/34/4 4999/34/4
f 4899/32/4 4900/32/4 4999/32/4
f 4962/34/4 4963/34/4 5000/34/4
f 4999/32/4 4900/32/4 5000/32/4
f 4900/34/4 4962/34/4 5000/34/4
f 5000/34/4 4963/34/4 5001/34/4
f 5001/34/4 4963/34/4 5002/34/4
f 4963/36/4 4928/36/4 5003/36/4
f 4964/34/4 4965/34/4 5003/34/4
f 4928/34/4 4964/34/4 5003/34/4
f 5003/34/4 4965/34/4 5004/34/4
f 4969/36/4 4970/36/4 5005/36/4
f 4864/32/4 4969/32/4 5005/32/4
f 4972/34/4 4973/34/4 5006/34/4
f 5005/36/4 4970/36/4 5006/36/4
f 4971/34/4 4972/34/4 5006/34/4
f 4970/34/4 4971/34/4 5006/34/4
f 5006/34/4 4973/34/4 5007/34/4
f 4973/36/4 4974/36/4 5008/36/4
f 5007/34/4 4973/34/4 5008/34/4
f 4974/34/4 4936/34/4 5009/34/4
f 5008/36/4 4974/36/4 5009/36/4
f 4936/32/4 4937/32/4 5010/32/4
f 5009/34/4 4936/34/4 5010/34/4
f 4937/34/4 4938/34/4 5011/34/4
f 5010/32/4 4937/32/4 5011/32/4
f 4938/36/4 4939/36/4 5012/36/4
f 5011/34/4 4938/34/4 5012/34/4
f 4939/32/4 4869/32/4 5013/32/4
f 5012/36/4 4939/36/4 5013/36/4
f 4869/34/4 4975/34/4 5014/34/4
f 5013/32/4 4869/32/4 5014/32/4
f 4975/33/4 4976/33/4 5015/33/4
f 5014/34/4 4975/34/4 5015/34/4
f 4980/36/4 4844/36/4 5016/36/4
f 4979/36/4 4980/36/4 5016/36/4
f 4844/34/4 4875/34/4 5017/34/4
f 5016/36/4 4844/36/4 5017/36/4
f 4875/33/4 4876/33/4 5018/33/4
f 5017/34/4 4875/34/4 5018/34/4
f 4876/34/4 4946/34/4 5019/34/4
f 4946/31/4 4947/31/4 5019/31/4
f 4947/32/4 4848/32/4 5020/32/4
f 5019/31/4 4947/31/4 5020/31/4
f 4848/32/4 4808/32/4 5021/32/4
f 5020/32/4 4848/32/4 5021/32/4
f 4808/33/4 4981/33/4 5021/33/4
f 4982/32/4 4983/32/4 5022/32/4
f 5021/33/4 4981/33/4 5022/33/4
f 4984/32/4 4985/32/4 5022/32/4
f 4983/32/4 4984/32/4 5022/32/4
f 4981/32/4 4982/32/4 5022/32/4
f 4985/32/4 4986/32/4 5022/32/4
f 5022/32/4 4986/32/4 5023/32/4
f 4988/38/4 4957/38/4 5024/38/4
f 4987/35/4 4988/35/4 5024/35/4
f 4957/35/4 4919/35/4 5025/35/4
f 5024/38/4 4957/38/4 5025/38/4
f 5025/35/4 4919/35/4 5026/35/4
f 5026/35/4 4919/35/4 5027/35/4
f 4919/32/4 4989/32/4 5028/32/4
f 5027/35/4 4919/35/4 5028/35/4
f 4989/34/4 4990/34/4 5029/34/4
f 5028/32/4 4989/32/4 5029/32/4
f 4991/36/4 4992/36/4 5030/36/4
f 5029/34/4 4990/34/4 5030/34/4
f 4990/36/4 4991/36/4 5030/36/4
f 5030/36/4 4992/36/4 5031/36/4
f 5031/36/4 4992/36/4 5032/36/4
f 4998/33/4 4925/33/4 5033/33/4
f 4997/33/4 4998/33/4 5033/33/4
f 4996/33/4 4997/33/4 5033/33/4
f 4925/34/4 4999/34/4 5034/34/4
f 5033/33/4 4925/33/4 5034/33/4
f 4999/34/4 5000/34/4 5034/34/4
f 5000/34/4 5001/34/4 5034/34/4
f 5034/34/4 5001/34/4 5035/34/4
f 5035/34/4 5001/34/4 5036/34/4
f 5036/34/4 5001/34/4 5037/34/4
f 5001/36/4 5002/36/4 5038/36/4
f 5037/34/4 5001/34/4 5038/34/4
f 5004/34/4 4965/34/4 5039/34/4
f 5003/36/4 5004/36/4 5039/36/4
f 4965/36/4 4903/36/4 5040/36/4
f 5039/34/4 4965/34/4 5040/34/4
f 4903/34/4 4966/34/4 5041/34/4
f 4966/33/4 4967/33/4 5042/33/4
f 5041/34/4 4966/34/4 5042/34/4
f 4968/34/4 4864/34/4 5043/34/4
f 4864/32/4 5005/32/4 5043/32/4
f 4967/34/4 4968/34/4 5043/34/4
f 5005/34/4 5006/34/4 5044/34/4
f 5043/32/4 5005/32/4 5044/32/4
f 5006/34/4 5007/34/4 5044/34/4
f 5008/33/4 5009/33/4 5045/33/4
f 5007/33/4 5008/33/4 5045/33/4
f 5010/33/4 5011/33/4 5045/33/4
f 5009/33/4 5010/33/4 5045/33/4
f 5011/36/4 5012/36/4 5046/36/4
f 5045/33/4 5011/33/4 5046/33/4
f 5012/36/4 5013/36/4 5046/36/4
f 4943/33/4 4979/33/4 5047/33/4
f 4979/36/4 5016/36/4 5047/36/4
f 5016/34/4 5017/34/4 5048/34/4
f 5047/36/4 5016/36/4 5048/36/4
f 5019/37/4 5020/37/4 5049/37/4
f 5020/37/4 5021/37/4 5049/37/4
f 4876/34/4 5019/34/4 5049/34/4
f 5049/37/4 5021/37/4 5050/37/4
f 5022/38/4 5023/38/4 5051/38/4
f 5050/37/4 5021/37/4 5051/37/4
f 5021/38/4 5022/38/4 5051/38/4
f 5051/38/4 5023/38/4 5052/38/4
f 5023/32/4 4986/32/4 5053/32/4
f 5052/38/4 5023/38/4 5053/38/4
f 4986/33/4 4952/33/4 5054/33/4
f 5053/32/4 4986/32/4 5054/32/4
f 5054/33/4 4952/33/4 5055/33/4
f 4952/34/4 4953/34/4 5056/34/4
f 5055/33/4 4952/33/4 5056/33/4
f 4953/34/4 4882/34/4 5057/34/4
f 5056/34/4 4953/34/4 5057/34/4
f 4882/32/4 3535/32/4 5058/32/4
f 5057/34/4 4882/34/4 5058/34/4
f 5025/38/4 5026/38/4 5059/38/4
f 5026/35/4 5027/35/4 5059/35/4
f 5028/32/4 5029/32/4 5060/32/4
f 5059/35/4 5027/35/4 5060/35/4
f 5027/32/4 5028/32/4 5060/32/4
f 5060/32/4 5029/32/4 5061/32/4
f 5061/32/4 5029/32/4 5062/32/4
f 5062/32/4 5029/32/4 5063/32/4
f 5030/36/4 5031/36/4 5064/36/4
f 5063/32/4 5029/32/4 5064/32/4
f 5029/36/4 5030/36/4 5064/36/4
f 5031/2/4 5032/2/4 5065/2/4
f 5064/36/4 5031/36/4 5065/36/4
f 5032/36/4 4992/36/4 5066/36/4
f 5065/2/4 5032/2/4 5066/2/4
f 5066/36/4 4992/36/4 5067/36/4
f 5067/36/4 4992/36/4 5068/36/4
f 4992/34/4 4781/34/4 5069/34/4
f 5068/36/4 4992/36/4 5069/36/4
f 4781/32/4 4920/32/4 5070/32/4
f 5069/34/4 4781/34/4 5070/34/4
f 4993/32/4 4994/32/4 5070/32/4
f 4920/32/4 4993/32/4 5070/32/4
f 5070/32/4 4994/32/4 5071/32/4
f 5034/34/4 5035/34/4 5072/34/4
f 5033/32/4 5034/32/4 5072/32/4
f 5072/34/4 5035/34/4 5073/34/4
f 5002/34/4 4963/34/4 5074/34/4
f 5003/36/4 5039/36/4 5074/36/4
f 5039/36/4 5040/36/4 5074/36/4
f 4963/36/4 5003/36/4 5074/36/4
f 5074/36/4 5040/36/4 5075/36/4
f 5041/32/4 5042/32/4 5076/32/4
f 4903/34/4 5041/34/4 5076/34/4
f 5042/33/4 4967/33/4 5077/33/4
f 5076/32/4 5042/32/4 5077/32/4
f 5043/34/4 5044/34/4 5078/34/4
f 5077/33/4 4967/33/4 5078/33/4
f 4967/34/4 5043/34/4 5078/34/4
f 5078/34/4 5044/34/4 5079/34/4
f 5007/33/4 5045/33/4 5080/33/4
f 5079/34/4 5044/34/4 5080/34/4
f 5044/34/4 5007/34/4 5080/34/4
f 5080/33/4 5045/33/4 5081/33/4
f 5046/36/4 5013/36/4 5082/36/4
f 5045/32/4 5046/32/4 5082/32/4
f 5082/36/4 5013/36/4 5083/36/4
f 4909/34/4 4977/34/4 5084/34/4
f 4977/32/4 4978/32/4 5084/32/4
f 4978/34/4 4943/34/4 5085/34/4
f 5084/32/4 4978/32/4 5085/32/4
f 4943/33/4 5047/33/4 5086/33/4
f 5085/34/4 4943/34/4 5086/34/4
f 5049/32/4 5050/32/4 5087/32/4
f 4876/34/4 5049/34/4 5087/34/4
f 5051/40/4 5052/40/4 5088/40/4
f 5087/32/4 5050/32/4 5088/32/4
f 5050/40/4 5051/40/4 5088/40/4
f 5052/32/4 5053/32/4 5089/32/4
f 5088/40/4 5052/40/4 5089/40/4
f 5053/32/4 5054/32/4 5089/32/4
f 5089/32/4 5054/32/4 5090/32/4
f 5090/32/4 5054/32/4 5091/32/4
f 5025/38/4 5059/38/4 5092/38/4
f 5024/35/4 5025/35/4 5092/35/4
f 5059/38/4 5060/38/4 5092/38/4
f 5092/38/4 5060/38/4 5093/38/4
f 5064/36/4 5065/36/4 5094/36/4
f 5063/34/4 5064/34/4 5094/34/4
f 5065/36/4 5066/36/4 5094/36/4
f 5094/36/4 5066/36/4 5095/36/4
f 5066/2/4 5067/2/4 5096/2/4
f 5095/36/4 5066/36/4 5096/36/4
f 5067/36/4 5068/36/4 5097/36/4
f 5096/2/4 5067/2/4 5097/2/4
f 5068/34/4 5069/34/4 5098/34/4
f 5097/36/4 5068/36/4 5098/36/4
f 5070/34/4 5071/34/4 5098/34/4
f 5069/34/4 5070/34/4 5098/34/4
f 5098/34/4 5071/34/4 5099/34/4
f 4996/33/4 5033/33/4 5100/33/4
f 5072/32/4 5073/32/4 5101/32/4
f 5100/33/4 5033/33/4 5101/33/4
f 5033/32/4 5072/32/4 5101/32/4
f 5073/34/4 5035/34/4 5102/34/4
f 5101/32/4 5073/32/4 5102/32/4
f 5102/34/4 5035/34/4 5103/34/4
f 5002/34/4 5074/34/4 5104/34/4
f 5038/36/4 5002/36/4 5104/36/4
f 5074/34/4 5075/34/4 5104/34/4
f 5104/34/4 5075/34/4 5105/34/4
f 5075/36/4 5040/36/4 5106/36/4
f 5040/36/4 4903/36/4 5107/36/4
f 5106/36/4 5040/36/4 5107/36/4
f 5081/33/4 5045/33/4 5108/33/4
f 5045/32/4 5082/32/4 5109/32/4
f 5108/33/4 5045/33/4 5109/33/4
f 5014/32/4 5015/32/4 5110/32/4
f 5013/34/4 5014/34/4 5110/34/4
f 5015/33/4 4976/33/4 5111/33/4
f 5110/32/4 5015/32/4 5111/32/4
f 5086/33/4 5047/33/4 5112/33/4
f 5085/32/4 5086/32/4 5112/32/4
f 5047/34/4 5048/34/4 5113/34/4
f 5112/33/4 5047/33/4 5113/33/4
f 5088/32/4 5089/32/4 5114/32/4
f 5089/40/4 5090/40/4 5114/40/4
f 5090/39/4 5091/39/4 5115/39/4
f 5114/40/4 5090/40/4 5115/40/4
f 5091/32/4 5054/32/4 5116/32/4
f 5115/39/4 5091/39/4 5116/39/4
f 5056/34/4 5057/34/4 5117/34/4
f 5055/34/4 5056/34/4 5117/34/4
f 5054/29/4 5055/29/4 5117/29/4
f 5117/34/4 5057/34/4 5118/34/4
f 5093/38/4 5060/38/4 5119/38/4
f 5092/35/4 5093/35/4 5119/35/4
f 5060/35/4 5061/35/4 5120/35/4
f 5119/38/4 5060/38/4 5120/38/4
f 5120/35/4 5061/35/4 5121/35/4
f 5062/32/4 5063/32/4 5122/32/4
f 5094/34/4 5095/34/4 5122/34/4
f 5063/34/4 5094/34/4 5122/34/4
f 5122/34/4 5095/34/4 5123/34/4
f 5095/2/4 5096/2/4 5124/2/4
f 5123/34/4 5095/34/4 5124/34/4
f 5096/2/4 5097/2/4 5124/2/4
f 5098/2/4 5099/2/4 5124/2/4
f 5097/2/4 5098/2/4 5124/2/4
f 5124/2/4 5099/2/4 5125/2/4
f 5125/2/4 5099/2/4 5126/2/4
f 5126/2/4 5099/2/4 5127/2/4
f 5099/34/4 5071/34/4 5128/34/4
f 5127/2/4 5099/2/4 5128/2/4
f 5071/32/4 4994/32/4 5129/32/4
f 5128/34/4 5071/34/4 5129/34/4
f 5129/32/4 4994/32/4 5130/32/4
f 5105/34/4 5075/34/4 5131/34/4
f 5075/36/4 5106/36/4 5132/36/4
f 5131/34/4 5075/34/4 5132/34/4
f 5078/33/4 5079/33/4 5133/33/4
f 5077/33/4 5078/33/4 5133/33/4
f 5076/34/4 5077/34/4 5133/34/4
f 5133/33/4 5079/33/4 5134/33/4
f 5080/34/4 5081/34/4 5135/34/4
f 5079/34/4 5080/34/4 5135/34/4
f 5081/33/4 5108/33/4 5135/33/4
f 5135/33/4 5108/33/4 5136/33/4
f 5109/32/4 5082/32/4 5137/32/4
f 5108/34/4 5109/34/4 5137/34/4
f 5082/34/4 5083/34/4 5138/34/4
f 5137/32/4 5082/32/4 5138/32/4
f 5048/34/4 5017/34/4 5139/34/4
f 5017/33/4 5018/33/4 5139/33/4
f 5113/34/4 5048/34/4 5139/34/4
f 5018/33/4 4876/33/4 5140/33/4
f 5139/33/4 5018/33/4 5140/33/4
f 4876/34/4 5087/34/4 5141/34/4
f 5087/31/4 5088/31/4 5141/31/4
f 5114/32/4 5115/32/4 5142/32/4
f 5141/31/4 5088/31/4 5142/31/4
f 5115/32/4 5116/32/4 5142/32/4
f 5088/32/4 5114/32/4 5142/32/4
f 5116/32/4 5054/32/4 5143/32/4
f 5142/32/4 5116/32/4 5143/32/4
f 5143/32/4 5054/32/4 5144/32/4
f 5117/29/4 5118/29/4 5145/29/4
f 5144/32/4 5054/32/4 5145/32/4
f 5054/29/4 5117/29/4 5145/29/4
f 5145/29/4 5118/29/4 5146/29/4
f 5118/34/4 5057/34/4 5147/34/4
f 5146/29/4 5118/29/4 5147/29/4
f 5147/34/4 5057/34/4 5148/34/4
f 4987/35/4 5024/35/4 5149/35/4
f 5119/35/4 5120/35/4 5149/35/4
f 5024/35/4 5092/35/4 5149/35/4
f 4954/35/4 4987/35/4 5149/35/4
f 5092/35/4 5119/35/4 5149/35/4
f 5149/35/4 5120/35/4 5150/35/4
f 5124/34/4 5125/34/4 5151/34/4
f 5123/34/4 5124/34/4 5151/34/4
f 5151/34/4 5125/34/4 5152/34/4
f 5125/41/4 5126/41/4 5153/41/4
f 5152/34/4 5125/34/4 5153/34/4
f 5126/36/4 5127/36/4 5154/36/4
f 5153/41/4 5126/41/4 5154/41/4
f 5129/34/4 5130/34/4 5155/34/4
f 5154/36/4 5127/36/4 5155/36/4
f 5127/34/4 5128/34/4 5155/34/4
f 5128/34/4 5129/34/4 5155/34/4
f 5155/34/4 5130/34/4 5156/34/4
f 4996/33/4 5100/33/4 5157/33/4
f 4995/34/4 4996/34/4 5157/34/4
f 5100/32/4 5101/32/4 5158/32/4
f 5157/33/4 5100/33/4 5158/33/4
f 5102/32/4 5103/32/4 5158/32/4
f 5101/32/4 5102/32/4 5158/32/4
f 5158/32/4 5103/32/4 5159/32/4
f 5159/32/4 5103/32/4 5160/32/4
f 5160/32/4 5103/32/4 5161/32/4
f 5103/34/4 5035/34/4 5162/34/4
f 5035/36/4 5036/36/4 5162/36/4
f 5036/34/4 5037/34/4 5163/34/4
f 5162/36/4 5036/36/4 5163/36/4
f 5163/34/4 5037/34/4 5164/34/4
f 5164/34/4 5037/34/4 5165/34/4
f 5107/36/4 4903/36/4 5166/36/4
f 5106/34/4 5107/34/4 5166/34/4
f 4903/34/4 5076/34/4 5167/34/4
f 5166/36/4 4903/36/4 5167/36/4
f 5133/34/4 5134/34/4 5167/34/4
f 5076/34/4 5133/34/4 5167/34/4
f 5136/33/4 5108/33/4 5168/33/4
f 5135/34/4 5136/34/4 5168/34/4
f 5137/34/4 5138/34/4 5169/34/4
f 5168/33/4 5108/33/4 5169/33/4
f 5108/34/4 5137/34/4 5169/34/4
f 5083/36/4 5013/36/4 5170/36/4
f 5013/34/4 5110/34/4 5170/34/4
f 5110/33/4 5111/33/4 5171/33/4
f 5170/34/4 5110/34/4 5171/34/4
f 5111/33/4 4976/33/4 5172/33/4
f 5171/33/4 5111/33/4 5172/33/4
f 4976/36/4 4942/36/4 5173/36/4
f 5172/33/4 4976/33/4 5173/33/4
f 5141/33/4 5142/33/4 5174/33/4
f 5142/38/4 5143/38/4 5174/38/4
f 5174/38/4 5143/38/4 5175/38/4
f 5143/37/4 5144/37/4 5176/37/4
f 5175/38/4 5143/38/4 5176/38/4
f 5145/32/4 5146/32/4 5177/32/4
f 5176/37/4 5144/37/4 5177/37/4
f 5144/32/4 5145/32/4 5177/32/4
f 5147/29/4 5148/29/4 5178/29/4
f 5177/32/4 5146/32/4 5178/32/4
f 5146/29/4 5147/29/4 5178/29/4
f 5178/29/4 5148/29/4 5179/29/4
f 5148/34/4 5057/34/4 5180/34/4
f 5179/29/4 5148/29/4 5180/29/4
f 5057/35/4 5058/35/4 5181/35/4
f 5180/34/4 5057/34/4 5181/34/4
f 5120/38/4 5121/38/4 5182/38/4
f 5150/35/4 5120/35/4 5182/35/4
f 5121/35/4 5061/35/4 5183/35/4
f 5182/38/4 5121/38/4 5183/38/4
f 5061/38/4 5062/38/4 5184/38/4
f 5183/35/4 5061/35/4 5184/35/4
f 5153/2/4 5154/2/4 5185/2/4
f 5152/2/4 5153/2/4 5185/2/4
f 5154/2/4 5155/2/4 5185/2/4
f 5155/2/4 5156/2/4 5185/2/4
f 5151/36/4 5152/36/4 5185/36/4
f 5185/2/4 5156/2/4 5186/2/4
f 5186/2/4 5156/2/4 5187/2/4
f 5156/34/4 5130/34/4 5188/34/4
f 5187/2/4 5156/2/4 5188/2/4
f 5188/34/4 5130/34/4 5189/34/4
f 5157/34/4 5158/34/4 5190/34/4
f 5158/34/4 5159/34/4 5190/34/4
f 5159/32/4 5160/32/4 5190/32/4
f 5160/36/4 5161/36/4 5191/36/4
f 5190/32/4 5160/32/4 5191/32/4
f 5165/34/4 5037/34/4 5192/34/4
f 5037/32/4 5038/32/4 5192/32/4
f 5038/36/4 5104/36/4 5193/36/4
f 5192/32/4 5038/32/4 5193/32/4
f 5104/36/4 5105/36/4 5193/36/4
f 5131/36/4 5132/36/4 5194/36/4
f 5105/34/4 5131/34/4 5194/34/4
f 5132/36/4 5106/36/4 5195/36/4
f 5194/36/4 5132/36/4 5195/36/4
f 5138/34/4 5083/34/4 5196/34/4
f 5169/34/4 5138/34/4 5196/34/4
f 5168/34/4 5169/34/4 5196/34/4
f 5083/36/4 5170/36/4 5197/36/4
f 5196/34/4 5083/34/4 5197/34/4
f 5173/36/4 4942/36/4 5198/36/4
f 5172/34/4 5173/34/4 5198/34/4
f 4942/36/4 4909/36/4 5199/36/4
f 5198/36/4 4942/36/4 5199/36/4
f 5084/34/4 5085/34/4 5199/34/4
f 4909/34/4 5084/34/4 5199/34/4
f 5085/32/4 5112/32/4 5200/32/4
f 5199/34/4 5085/34/4 5200/34/4
f 5112/32/4 5113/32/4 5200/32/4
f 5200/32/4 5113/32/4 5201/32/4
f 5113/34/4 5139/34/4 5202/34/4
f 5201/32/4 5113/32/4 5202/32/4
f 5139/34/4 5140/34/4 5202/34/4
f 5202/34/4 5140/34/4 5203/34/4
f 5175/32/4 5176/32/4 5204/32/4
f 5174/31/4 5175/31/4 5204/31/4
f 5178/32/4 5179/32/4 5204/32/4
f 5177/32/4 5178/32/4 5204/32/4
f 5176/32/4 5177/32/4 5204/32/4
f 5204/32/4 5179/32/4 5205/32/4
f 5179/29/4 5180/29/4 5206/29/4
f 5205/32/4 5179/32/4 5206/32/4
f 5180/32/4 5181/32/4 5207/32/4
f 5206/29/4 5180/29/4 5207/29/4
f 5181/35/4 5058/35/4 5208/35/4
f 5207/32/4 5181/32/4 5208/32/4
f 5058/32/4 3535/32/4 5209/32/4
f 5208/35/4 5058/35/4 5209/35/4
f 5183/38/4 5184/38/4 5210/38/4
f 5182/34/4 5183/34/4 5210/34/4
f 5184/38/4 5062/38/4 5211/38/4
f 5210/38/4 5184/38/4 5211/38/4
f 5186/2/4 5187/2/4 5212/2/4
f 5187/34/4 5188/34/4 5212/34/4
f 5212/34/4 5188/34/4 5213/34/4
f 4958/36/4 4995/36/4 5214/36/4
f 4994/34/4 4958/34/4 5214/34/4
f 4995/34/4 5157/34/4 5215/34/4
f 5214/36/4 4995/36/4 5215/36/4
f 5190/34/4 5191/34/4 5215/34/4
f 5157/34/4 5190/34/4 5215/34/4
f 5191/36/4 5161/36/4 5216/36/4
f 5215/34/4 5191/34/4 5216/34/4
f 5161/32/4 5103/32/4 5217/32/4
f 5216/36/4 5161/36/4 5217/36/4
f 5162/34/4 5163/34/4 5218/34/4
f 5217/32/4 5103/32/4 5218/32/4
f 5103/34/4 5162/34/4 5218/34/4
f 5163/34/4 5164/34/4 5218/34/4
f 5164/36/4 5165/36/4 5219/36/4
f 5218/34/4 5164/34/4 5219/34/4
f 5192/34/4 5193/34/4 5220/34/4
f 5219/36/4 5165/36/4 5220/36/4
f 5165/34/4 5192/34/4 5220/34/4
f 5193/36/4 5105/36/4 5221/36/4
f 5220/34/4 5193/34/4 5221/34/4
f 5105/34/4 5194/34/4 5222/34/4
f 5221/36/4 5105/36/4 5222/36/4
f 5194/34/4 5195/34/4 5222/34/4
f 5168/34/4 5196/34/4 5223/34/4
f 5196/36/4 5197/36/4 5223/36/4
f 5197/36/4 5170/36/4 5224/36/4
f 5223/36/4 5197/36/4 5224/36/4
f 5170/33/4 5171/33/4 5224/33/4
f 5171/33/4 5172/33/4 5224/33/4
f 5224/33/4 5172/33/4 5225/33/4
f 5198/34/4 5199/34/4 5226/34/4
f 5225/33/4 5172/33/4 5226/33/4
f 5172/34/4 5198/34/4 5226/34/4
f 5199/34/4 5200/34/4 5226/34/4
f 5200/36/4 5201/36/4 5227/36/4
f 5226/34/4 5200/34/4 5227/34/4
f 5201/34/4 5202/34/4 5228/34/4
f 5227/36/4 5201/36/4 5228/36/4
f 5202/32/4 5203/32/4 5229/32/4
f 5228/34/4 5202/34/4 5229/34/4
f 5203/34/4 5140/34/4 5230/34/4
f 5229/32/4 5203/32/4 5230/32/4
f 5140/33/4 4876/33/4 5231/33/4
f 5230/34/4 5140/34/4 5231/34/4
f 4876/34/4 5141/34/4 5232/34/4
f 5231/33/4 4876/33/4 5232/33/4
f 5205/32/4 5206/32/4 5233/32/4
f 5206/32/4 5207/32/4 5233/32/4
f 5207/32/4 5208/32/4 5233/32/4
f 5204/31/4 5205/31/4 5233/31/4
f 5233/32/4 5208/32/4 5234/32/4
f 5234/32/4 5208/32/4 5235/32/4
f 5235/32/4 5208/32/4 5236/32/4
f 5236/32/4 5208/32/4 5237/32/4
f 5149/32/4 5150/32/4 5238/32/4
f 4954/35/4 5149/35/4 5238/35/4
f 5150/35/4 5182/35/4 5239/35/4
f 5238/32/4 5150/32/4 5239/32/4
f 5182/34/4 5210/34/4 5240/34/4
f 5239/35/4 5182/35/4 5240/35/4
f 5210/34/4 5211/34/4 5240/34/4
f 5240/34/4 5211/34/4 5241/34/4
f 5123/34/4 5151/34/4 5242/34/4
f 5151/36/4 5185/36/4 5242/36/4
f 5185/34/4 5186/34/4 5243/34/4
f 5242/36/4 5185/36/4 5243/36/4
f 5186/2/4 5212/2/4 5244/2/4
f 5243/34/4 5186/34/4 5244/34/4
f 5212/36/4 5213/36/4 5245/36/4
f 5244/2/4 5212/2/4 5245/2/4
f 5213/34/4 5188/34/4 5246/34/4
f 5245/36/4 5213/36/4 5246/36/4
f 5188/2/4 5189/2/4 5247/2/4
f 5246/34/4 5188/34/4 5247/34/4
f 5189/34/4 5130/34/4 5248/34/4
f 5247/2/4 5189/2/4 5248/2/4
f 5224/33/4 5225/33/4 5249/33/4
f 5223/34/4 5224/34/4 5249/34/4
f 5228/34/4 5229/34/4 5250/34/4
f 5249/33/4 5225/33/4 5250/33/4
f 5227/34/4 5228/34/4 5250/34/4
f 5229/34/4 5230/34/4 5250/34/4
f 5226/34/4 5227/34/4 5250/34/4
f 5230/34/4 5231/34/4 5250/34/4
f 5231/34/4 5232/34/4 5250/34/4
f 5225/34/4 5226/34/4 5250/34/4
f 5232/34/4 5141/34/4 5251/34/4
f 5250/34/4 5232/34/4 5251/34/4
f 5141/33/4 5174/33/4 5251/33/4
f 5233/31/4 5234/31/4 5252/31/4
f 5251/33/4 5174/33/4 5252/33/4
f 5204/31/4 5233/31/4 5252/31/4
f 5174/31/4 5204/31/4 5252/31/4
f 5252/31/4 5234/31/4 5253/31/4
f 5234/32/4 5235/32/4 5254/32/4
f 5253/31/4 5234/31/4 5254/31/4
f 5235/40/4 5236/40/4 5255/40/4
f 5254/32/4 5235/32/4 5255/32/4
f 5236/39/4 5237/39/4 5256/39/4
f 5255/40/4 5236/40/4 5256/40/4
f 5237/32/4 5208/32/4 5257/32/4
f 5256/39/4 5237/39/4 5257/39/4
f 5208/34/4 5209/34/4 5258/34/4
f 5257/32/4 5208/32/4 5258/32/4
f 5211/38/4 5062/38/4 5259/38/4
f 5241/34/4 5211/34/4 5259/34/4
f 5062/32/4 5122/32/4 5260/32/4
f 5259/38/4 5062/38/4 5260/38/4
f 5122/38/4 5123/38/4 5261/38/4
f 5260/32/4 5122/32/4 5261/32/4
f 5244/2/4 5245/2/4 5262/2/4
f 5242/34/4 5243/34/4 5262/34/4
f 5246/2/4 5247/2/4 5262/2/4
f 5245/2/4 5246/2/4 5262/2/4
f 5243/2/4 5244/2/4 5262/2/4
f 5262/2/4 5247/2/4 5263/2/4
f 5247/34/4 5248/34/4 5264/34/4
f 5263/2/4 5247/2/4 5264/2/4
f 5248/34/4 5130/34/4 5265/34/4
f 5264/34/4 5248/34/4 5265/34/4
f 5130/32/4 4994/32/4 5265/32/4
f 5214/34/4 5215/34/4 5266/34/4
f 5265/32/4 4994/32/4 5266/32/4
f 5220/34/4 5221/34/4 5266/34/4
f 5219/34/4 5220/34/4 5266/34/4
f 4994/34/4 5214/34/4 5266/34/4
f 5215/34/4 5216/34/4 5266/34/4
f 5216/34/4 5217/34/4 5266/34/4
f 5217/34/4 5218/34/4 5266/34/4
f 5218/34/4 5219/34/4 5266/34/4
f 5221/34/4 5222/34/4 5266/34/4
f 5266/34/4 5222/34/4 5267/34/4
f 5195/36/4 5106/36/4 5268/36/4
f 5267/34/4 5222/34/4 5268/34/4
f 5222/34/4 5195/34/4 5268/34/4
f 5166/34/4 5167/34/4 5269/34/4
f 5268/36/4 5106/36/4 5269/36/4
f 5106/34/4 5166/34/4 5269/34/4
f 5134/33/4 5079/33/4 5270/33/4
f 5269/34/4 5167/34/4 5270/34/4
f 5167/34/4 5134/34/4 5270/34/4
f 5223/34/4 5249/34/4 5271/34/4
f 5270/33/4 5079/33/4 5271/33/4
f 5252/34/4 5253/34/4 5271/34/4
f 5168/34/4 5223/34/4 5271/34/4
f 5250/34/4 5251/34/4 5271/34/4
f 5079/34/4 5135/34/4 5271/34/4
f 5249/34/4 5250/34/4 5271/34/4
f 5251/34/4 5252/34/4 5271/34/4
f 5135/34/4 5168/34/4 5271/34/4
f 5271/34/4 5253/34/4 5272/34/4
f 5254/32/4 5255/32/4 5273/32/4
f 5256/32/4 5257/32/4 5273/32/4
f 5253/32/4 5254/32/4 5273/32/4
f 5255/32/4 5256/32/4 5273/32/4
f 5273/32/4 5257/32/4 5274/32/4
f 5274/32/4 5257/32/4 5275/32/4
f 5275/32/4 5257/32/4 5276/32/4
f 5276/32/4 5257/32/4 5277/32/4
f 5257/29/4 5258/29/4 5278/29/4
f 5277/32/4 5257/32/4 5278/32/4
f 5239/35/4 5240/35/4 5279/35/4
f 5238/33/4 5239/33/4 5279/33/4
f 5240/35/4 5241/35/4 5279/35/4
f 5279/35/4 5241/35/4 5280/35/4
f 5262/34/4 5263/34/4 5281/34/4
f 5242/34/4 5262/34/4 5281/34/4
f 5263/36/4 5264/36/4 5282/36/4
f 5281/34/4 5263/34/4 5282/34/4
f 5282/36/4 5264/36/4 5283/36/4
f 5269/24/4 5270/24/4 5284/24/4
f 5271/24/4 5272/24/4 5284/24/4
f 5270/24/4 5271/24/4 5284/24/4
f 5267/24/4 5268/24/4 5284/24/4
f 5268/24/4 5269/24/4 5284/24/4
f 5284/24/4 5272/24/4 5285/24/4
f 5272/34/4 5253/34/4 5286/34/4
f 5253/32/4 5273/32/4 5286/32/4
f 5286/32/4 5273/32/4 5287/32/4
f 5273/38/4 5274/38/4 5288/38/4
f 5287/32/4 5273/32/4 5288/32/4
f 5274/32/4 5275/32/4 5289/32/4
f 5288/38/4 5274/38/4 5289/38/4
f 5289/32/4 5275/32/4 5290/32/4
f 5278/29/4 5258/29/4 5291/29/4
f 5277/29/4 5278/29/4 5291/29/4
f 5258/34/4 5209/34/4 5292/34/4
f 5291/29/4 5258/29/4 5292/29/4
f 5280/35/4 5241/35/4 5293/35/4
f 5279/32/4 5280/32/4 5293/32/4
f 5293/35/4 5241/35/4 5294/35/4
f 5260/38/4 5261/38/4 5295/38/4
f 5259/34/4 5260/34/4 5295/34/4
f 5261/38/4 5123/38/4 5296/38/4
f 5295/38/4 5261/38/4 5296/38/4
f 5282/2/4 5283/2/4 5297/2/4
f 5242/34/4 5281/34/4 5297/34/4
f 5281/2/4 5282/2/4 5297/2/4
f 5297/2/4 5283/2/4 5298/2/4
f 5283/36/4 5264/36/4 5299/36/4
f 5298/2/4 5283/2/4 5299/2/4
f 5266/34/4 5267/34/4 5300/34/4
f 5299/36/4 5264/36/4 5300/36/4
f 5264/34/4 5265/34/4 5300/34/4
f 5265/34/4 5266/34/4 5300/34/4
f 5300/34/4 5267/34/4 5301/34/4
f 5267/24/4 5284/24/4 5302/24/4
f 5301/34/4 5267/34/4 5302/34/4
f 5284/34/4 5285/34/4 5303/34/4
f 5303/34/4 5285/34/4 5304/34/4
f 5285/24/4 5272/24/4 5305/24/4
f 5286/34/4 5287/34/4 5305/34/4
f 5272/34/4 5286/34/4 5305/34/4
f 5305/34/4 5287/34/4 5306/34/4
f 5287/32/4 5288/32/4 5307/32/4
f 5306/34/4 5287/34/4 5307/34/4
f 5288/32/4 5289/32/4 5307/32/4
f 5307/32/4 5289/32/4 5308/32/4
f 5308/32/4 5289/32/4 5309/32/4
f 5289/38/4 5290/38/4 5310/38/4
f 5309/32/4 5289/32/4 5310/32/4
f 5290/32/4 5275/32/4 5311/32/4
f 5310/38/4 5290/38/4 5311/38/4
f 5311/32/4 5275/32/4 5312/32/4
f 5275/33/4 5276/33/4 5313/33/4
f 5312/32/4 5275/32/4 5313/32/4
f 5276/32/4 5277/32/4 5314/32/4
f 5313/33/4 5276/33/4 5314/33/4
f 5277/29/4 5291/29/4 5315/29/4
f 5314/32/4 5277/32/4 5315/32/4
f 5291/34/4 5292/34/4 5316/34/4
f 5315/29/4 5291/29/4 5316/29/4
f 5292/34/4 5209/34/4 5317/34/4
f 5316/34/4 5292/34/4 5317/34/4
f 5209/32/4 3535/32/4 5318/32/4
f 5317/34/4 5209/34/4 5318/34/4
f 5238/33/4 5279/33/4 5319/33/4
f 4954/35/4 5238/35/4 5319/35/4
f 5279/32/4 5293/32/4 5320/32/4
f 5319/33/4 5279/33/4 5320/33/4
f 5293/32/4 5294/32/4 5320/32/4
f 5297/34/4 5298/34/4 5321/34/4
f 5242/34/4 5297/34/4 5321/34/4
f 5298/36/4 5299/36/4 5322/36/4
f 5321/34/4 5298/34/4 5322/34/4
f 5299/2/4 5300/2/4 5323/2/4
f 5322/36/4 5299/36/4 5323/36/4
f 5300/34/4 5301/34/4 5324/34/4
f 5323/2/4 5300/2/4 5324/2/4
f 5324/34/4 5301/34/4 5325/34/4
f 5302/24/4 5284/24/4 5326/24/4
f 5301/24/4 5302/24/4 5326/24/4
f 5284/34/4 5303/34/4 5327/34/4
f 5326/24/4 5284/24/4 5327/24/4
f 5327/34/4 5303/34/4 5328/34/4
f 5303/1/4 5304/1/4 5329/1/4
f 5328/34/4 5303/34/4 5329/34/4
f 5304/34/4 5285/34/4 5330/34/4
f 5329/1/4 5304/1/4 5330/1/4
f 5330/34/4 5285/34/4 5331/34/4
f 5285/24/4 5305/24/4 5332/24/4
f 5331/34/4 5285/34/4 5332/34/4
f 5305/1/4 5306/1/4 5333/1/4
f 5332/24/4 5305/24/4 5333/24/4
f 5309/31/4 5310/31/4 5334/31/4
f 5310/32/4 5311/32/4 5335/32/4
f 5334/31/4 5310/31/4 5335/31/4
f 5311/32/4 5312/32/4 5335/32/4
f 5335/32/4 5312/32/4 5336/32/4
f 5336/32/4 5312/32/4 5337/32/4
f 5312/33/4 5313/33/4 5338/33/4
f 5313/33/4 5314/33/4 5338/33/4
f 5314/29/4 5315/29/4 5339/29/4
f 5338/33/4 5314/33/4 5339/33/4
f 5296/38/4 5123/38/4 5340/38/4
f 5295/34/4 5296/34/4 5340/34/4
f 5242/34/4 5321/34/4 5341/34/4
f 5340/38/4 5123/38/4 5341/38/4
f 5123/34/4 5242/34/4 5341/34/4
f 5341/34/4 5321/34/4 5342/34/4
f 5322/2/4 5323/2/4 5343/2/4
f 5342/34/4 5321/34/4 5343/34/4
f 5321/2/4 5322/2/4 5343/2/4
f 5323/2/4 5324/2/4 5343/2/4
f 5343/2/4 5324/2/4 5344/2/4
f 5344/2/4 5324/2/4 5345/2/4
f 5308/32/4 5309/32/4 5346/32/4
f 5306/34/4 5307/34/4 5346/34/4
f 5307/34/4 5308/34/4 5346/34/4
f 5309/31/4 5334/31/4 5347/31/4
f 5346/32/4 5309/32/4 5347/32/4
f 5335/38/4 5336/38/4 5348/38/4
f 5347/31/4 5334/31/4 5348/31/4
f 5334/38/4 5335/38/4 5348/38/4
f 5336/37/4 5337/37/4 5349/37/4
f 5348/38/4 5336/38/4 5349/38/4
f 5337/32/4 5312/32/4 5350/32/4
f 5349/37/4 5337/37/4 5350/37/4
f 5295/34/4 5340/34/4 5351/34/4
f 5340/34/4 5341/34/4 5351/34/4
f 5341/36/4 5342/36/4 5352/36/4
f 5351/34/4 5341/34/4 5352/34/4
f 5343/34/4 5344/34/4 5353/34/4
f 5342/34/4 5343/34/4 5353/34/4
f 5344/36/4 5345/36/4 5354/36/4
f 5353/34/4 5344/34/4 5354/34/4
f 5345/2/4 5324/2/4 5355/2/4
f 5354/36/4 5345/36/4 5355/36/4
f 5324/36/4 5325/36/4 5356/36/4
f 5355/2/4 5324/2/4 5356/2/4
f 5325/34/4 5301/34/4 5357/34/4
f 5301/24/4 5326/24/4 5358/24/4
f 5357/34/4 5301/34/4 5358/34/4
f 5327/34/4 5328/34/4 5359/34/4
f 5358/24/4 5326/24/4 5359/24/4
f 5326/34/4 5327/34/4 5359/34/4
f 5333/1/4 5306/1/4 5360/1/4
f 5346/34/4 5347/34/4 5360/34/4
f 5306/34/4 5346/34/4 5360/34/4
f 5360/34/4 5347/34/4 5361/34/4
f 5347/38/4 5348/38/4 5362/38/4
f 5361/34/4 5347/34/4 5362/34/4
f 5348/32/4 5349/32/4 5363/32/4
f 5362/38/4 5348/38/4 5363/38/4
f 5349/32/4 5350/32/4 5363/32/4
f 5350/32/4 5312/32/4 5364/32/4
f 5363/32/4 5350/32/4 5364/32/4
f 5312/33/4 5338/33/4 5364/33/4
f 5338/32/4 5339/32/4 5365/32/4
f 5364/33/4 5338/33/4 5365/33/4
f 5339/29/4 5315/29/4 5366/29/4
f 5315/34/4 5316/34/4 5366/34/4
f 5316/34/4 5317/34/4 5366/34/4
f 5366/34/4 5317/34/4 5367/34/4
f 5353/2/4 5354/2/4 5368/2/4
f 5354/2/4 5355/2/4 5368/2/4
f 5342/34/4 5353/34/4 5368/34/4
f 5368/2/4 5355/2/4 5369/2/4
f 5355/36/4 5356/36/4 5370/36/4
f 5369/2/4 5355/2/4 5370/2/4
f 5358/34/4 5359/34/4 5371/34/4
f 5359/34/4 5328/34/4 5372/34/4
f 5371/34/4 5359/34/4 5372/34/4
f 5372/34/4 5328/34/4 5373/34/4
f 5373/34/4 5328/34/4 5374/34/4
f 5360/1/4 5361/1/4 5375/1/4
f 5333/1/4 5360/1/4 5375/1/4
f 5375/1/4 5361/1/4 5376/1/4
f 5366/29/4 5367/29/4 5377/29/4
f 5339/29/4 5366/29/4 5377/29/4
f 5367/34/4 5317/34/4 5378/34/4
f 5377/29/4 5367/29/4 5378/29/4
f 5294/35/4 5241/35/4 5379/35/4
f 5259/34/4 5295/34/4 5380/34/4
f 5379/35/4 5241/35/4 5380/35/4
f 5241/34/4 5259/34/4 5380/34/4
f 5295/34/4 5351/34/4 5380/34/4
f 5380/34/4 5351/34/4 5381/34/4
f 5351/36/4 5352/36/4 5382/36/4
f 5381/34/4 5351/34/4 5382/34/4
f 5352/36/4 5342/36/4 5383/36/4
f 5382/36/4 5352/36/4 5383/36/4
f 5368/34/4 5369/34/4 5384/34/4
f 5383/36/4 5342/36/4 5384/36/4
f 5342/34/4 5368/34/4 5384/34/4
f 5384/34/4 5369/34/4 5385/34/4
f 5369/36/4 5370/36/4 5386/36/4
f 5385/34/4 5369/34/4 5386/34/4
f 5358/34/4 5371/34/4 5387/34/4
f 5371/8/4 5372/8/4 5387/8/4
f 5372/34/4 5373/34/4 5388/34/4
f 5387/8/4 5372/8/4 5388/8/4
f 5373/8/4 5374/8/4 5389/8/4
f 5388/34/4 5373/34/4 5389/34/4
f 5389/8/4 5374/8/4 5390/8/4
f 5328/1/4 5329/1/4 5391/1/4
f 5329/1/4 5330/1/4 5391/1/4
f 5330/1/4 5331/1/4 5391/1/4
f 5374/34/4 5328/34/4 5391/34/4
f 5391/1/4 5331/1/4 5392/1/4
f 5392/1/4 5331/1/4 5393/1/4
f 5331/34/4 5332/34/4 5394/34/4
f 5393/1/4 5331/1/4 5394/1/4
f 5332/34/4 5333/34/4 5394/34/4
f 5362/32/4 5363/32/4 5395/32/4
f 5361/34/4 5362/34/4 5395/34/4
f 5363/32/4 5364/32/4 5395/32/4
f 5364/32/4 5365/32/4 5395/32/4
f 5395/32/4 5365/32/4 5396/32/4
f 5396/32/4 5365/32/4 5397/32/4
f 5397/32/4 5365/32/4 5398/32/4
f 5398/32/4 5365/32/4 5399/32/4
f 5365/32/4 5339/32/4 5400/32/4
f 5399/32/4 5365/32/4 5400/32/4
f 5380/34/4 5381/34/4 5401/34/4
f 5382/36/4 5383/36/4 5402/36/4
f 5401/34/4 5381/34/4 5402/34/4
f 5381/36/4 5382/36/4 5402/36/4
f 5383/34/4 5384/34/4 5403/34/4
f 5384/34/4 5385/34/4 5403/34/4
f 5385/36/4 5386/36/4 5404/36/4
f 5403/34/4 5385/34/4 5404/34/4
f 5386/36/4 5370/36/4 5405/36/4
f 5404/36/4 5386/36/4 5405/36/4
f 5370/36/4 5356/36/4 5406/36/4
f 5405/36/4 5370/36/4 5406/36/4
f 5356/36/4 5325/36/4 5406/36/4
f 5325/34/4 5357/34/4 5406/34/4
f 5390/8/4 5374/8/4 5407/8/4
f 5389/7/4 5390/7/4 5407/7/4
f 5407/8/4 5374/8/4 5408/8/4
f 5392/1/4 5393/1/4 5409/1/4
f 5391/34/4 5392/34/4 5409/34/4
f 5393/34/4 5394/34/4 5410/34/4
f 5409/1/4 5393/1/4 5410/1/4
f 5396/32/4 5397/32/4 5411/32/4
f 5395/34/4 5396/34/4 5411/34/4
f 5411/32/4 5397/32/4 5412/32/4
f 5398/37/4 5399/37/4 5413/37/4
f 5397/36/4 5398/36/4 5413/36/4
f 5413/37/4 5399/37/4 5414/37/4
f 5399/38/4 5400/38/4 5415/38/4
f 5414/37/4 5399/37/4 5415/37/4
f 5400/32/4 5339/32/4 5416/32/4
f 5415/38/4 5400/38/4 5416/38/4
f 5339/29/4 5377/29/4 5417/29/4
f 5377/34/4 5378/34/4 5417/34/4
f 5378/34/4 5317/34/4 5418/34/4
f 5417/34/4 5378/34/4 5418/34/4
f 5317/35/4 5318/35/4 5419/35/4
f 5418/34/4 5317/34/4 5419/34/4
f 5318/32/4 3535/32/4 5420/32/4
f 5419/35/4 5318/35/4 5420/35/4
f 5380/34/4 5401/34/4 5421/34/4
f 5379/32/4 5380/32/4 5421/32/4
f 5401/36/4 5402/36/4 5422/36/4
f 5421/34/4 5401/34/4 5422/34/4
f 5402/36/4 5383/36/4 5423/36/4
f 5422/36/4 5402/36/4 5423/36/4
f 5383/34/4 5403/34/4 5423/34/4
f 5403/36/4 5404/36/4 5424/36/4
f 5423/34/4 5403/34/4 5424/34/4
f 5404/36/4 5405/36/4 5424/36/4
f 5424/36/4 5405/36/4 5425/36/4
f 5405/2/4 5406/2/4 5426/2/4
f 5425/36/4 5405/36/4 5426/36/4
f 5406/34/4 5357/34/4 5427/34/4
f 5426/2/4 5406/2/4 5427/2/4
f 5427/34/4 5357/34/4 5428/34/4
f 5395/34/4 5411/34/4 5429/34/4
f 5411/34/4 5412/34/4 5429/34/4
f 5412/32/4 5397/32/4 5430/32/4
f 5429/34/4 5412/34/4 5430/34/4
f 5413/36/4 5414/36/4 5431/36/4
f 5397/36/4 5413/36/4 5431/36/4
f 5431/36/4 5414/36/4 5432/36/4
f 5415/32/4 5416/32/4 5433/32/4
f 5414/32/4 5415/32/4 5433/32/4
f 5433/32/4 5416/32/4 5434/32/4
f 5339/29/4 5417/29/4 5435/29/4
f 5434/32/4 5416/32/4 5435/32/4
f 5416/32/4 5339/32/4 5435/32/4
f 5417/29/4 5418/29/4 5435/29/4
f 5435/29/4 5418/29/4 5436/29/4
f 5418/34/4 5419/34/4 5437/34/4
f 5419/34/4 5420/34/4 5437/34/4
f 5420/32/4 3535/32/4 5438/32/4
f 5437/34/4 5420/34/4 5438/34/4
f 5422/36/4 5423/36/4 5439/36/4
f 5424/36/4 5425/36/4 5439/36/4
f 5421/36/4 5422/36/4 5439/36/4
f 5379/32/4 5421/32/4 5439/32/4
f 5423/36/4 5424/36/4 5439/36/4
f 5439/36/4 5425/36/4 5440/36/4
f 5440/36/4 5425/36/4 5441/36/4
f 5395/34/4 5429/34/4 5442/34/4
f 5429/32/4 5430/32/4 5442/32/4
f 5430/32/4 5397/32/4 5443/32/4
f 5442/32/4 5430/32/4 5443/32/4
f 5397/36/4 5431/36/4 5444/36/4
f 5431/34/4 5432/34/4 5444/34/4
f 5432/36/4 5414/36/4 5445/36/4
f 5444/34/4 5432/34/4 5445/34/4
f 5414/32/4 5433/32/4 5446/32/4
f 5445/36/4 5414/36/4 5446/36/4
f 5446/32/4 5433/32/4 5447/32/4
f 5433/34/4 5434/34/4 5448/34/4
f 5447/32/4 5433/32/4 5448/32/4
f 5434/32/4 5435/32/4 5449/32/4
f 5448/34/4 5434/34/4 5449/34/4
f 5435/32/4 5436/32/4 5449/32/4
f 5449/32/4 5436/32/4 5450/32/4
f 5450/32/4 5436/32/4 5451/32/4
f 5436/29/4 5418/29/4 5452/29/4
f 5451/32/4 5436/32/4 5452/32/4
f 5418/34/4 5437/34/4 5453/34/4
f 5452/29/4 5418/29/4 5453/29/4
f 5442/34/4 5443/34/4 5454/34/4
f 5395/34/4 5442/34/4 5454/34/4
f 5361/34/4 5395/34/4 5454/34/4
f 5454/34/4 5443/34/4 5455/34/4
f 5455/34/4 5443/34/4 5456/34/4
f 5456/34/4 5443/34/4 5457/34/4
f 5446/36/4 5447/36/4 5458/36/4
f 5444/32/4 5445/32/4 5458/32/4
f 5445/36/4 5446/36/4 5458/36/4
f 5458/36/4 5447/36/4 5459/36/4
f 5447/32/4 5448/32/4 5460/32/4
f 5448/32/4 5449/32/4 5460/32/4
f 5449/36/4 5450/36/4 5461/36/4
f 5460/32/4 5449/32/4 5461/32/4
f 5450/32/4 5451/32/4 5462/32/4
f 5451/34/4 5452/34/4 5462/34/4
f 5452/34/4 5453/34/4 5462/34/4
f 5462/34/4 5453/34/4 5463/34/4
f 5425/2/4 5426/2/4 5464/2/4
f 5441/36/4 5425/36/4 5464/36/4
f 5426/36/4 5427/36/4 5465/36/4
f 5464/2/4 5426/2/4 5465/2/4
f 5427/2/4 5428/2/4 5466/2/4
f 5465/36/4 5427/36/4 5466/36/4
f 5428/34/4 5357/34/4 5467/34/4
f 5466/2/4 5428/2/4 5467/2/4
f 5457/34/4 5443/34/4 5468/34/4
f 5456/32/4 5457/32/4 5468/32/4
f 5443/32/4 5397/32/4 5469/32/4
f 5468/34/4 5443/34/4 5469/34/4
f 5459/36/4 5447/36/4 5470/36/4
f 5447/32/4 5460/32/4 5470/32/4
f 5460/36/4 5461/36/4 5471/36/4
f 5470/32/4 5460/32/4 5471/32/4
f 5461/36/4 5450/36/4 5472/36/4
f 5471/36/4 5461/36/4 5472/36/4
f 5450/32/4 5462/32/4 5472/32/4
f 5472/32/4 5462/32/4 5473/32/4
f 5379/32/4 5439/32/4 5474/32/4
f 5439/35/4 5440/35/4 5474/35/4
f 5440/34/4 5441/34/4 5475/34/4
f 5474/35/4 5440/35/4 5475/35/4
f 5464/36/4 5465/36/4 5476/36/4
f 5475/34/4 5441/34/4 5476/34/4
f 5441/36/4 5464/36/4 5476/36/4
f 5465/2/4 5466/2/4 5477/2/4
f 5476/36/4 5465/36/4 5477/36/4
f 5466/34/4 5467/34/4 5478/34/4
f 5477/2/4 5466/2/4 5478/2/4
f 5469/32/4 5397/32/4 5479/32/4
f 5468/36/4 5469/36/4 5479/36/4
f 5397/36/4 5444/36/4 5480/36/4
f 5479/32/4 5397/32/4 5480/32/4
f 5444/32/4 5458/32/4 5481/32/4
f 5458/32/4 5459/32/4 5481/32/4
f 5459/36/4 5470/36/4 5482/36/4
f 5481/32/4 5459/32/4 5482/32/4
f 5470/34/4 5471/34/4 5483/34/4
f 5482/36/4 5470/36/4 5483/36/4
f 5471/36/4 5472/36/4 5484/36/4
f 5483/34/4 5471/34/4 5484/34/4
f 5472/36/4 5473/36/4 5484/36/4
f 5463/34/4 5453/34/4 5485/34/4
f 5453/34/4 5437/34/4 5485/34/4
f 5437/35/4 5438/35/4 5486/35/4
f 5485/34/4 5437/34/4 5486/34/4
f 5475/36/4 5476/36/4 5487/36/4
f 5476/36/4 5477/36/4 5487/36/4
f 5474/36/4 5475/36/4 5487/36/4
f 5379/32/4 5474/32/4 5487/32/4
f 5477/36/4 5478/36/4 5487/36/4
f 5487/36/4 5478/36/4 5488/36/4
f 5488/36/4 5478/36/4 5489/36/4
f 5478/34/4 5467/34/4 5490/34/4
f 5489/36/4 5478/36/4 5490/36/4
f 5456/32/4 5468/32/4 5491/32/4
f 5455/34/4 5456/34/4 5491/34/4
f 5468/36/4 5479/36/4 5492/36/4
f 5491/32/4 5468/32/4 5492/32/4
f 5479/36/4 5480/36/4 5492/36/4
f 5492/36/4 5480/36/4 5493/36/4
f 5483/36/4 5484/36/4 5494/36/4
f 5482/34/4 5483/34/4 5494/34/4
f 5484/36/4 5473/36/4 5495/36/4
f 5494/36/4 5484/36/4 5495/36/4
f 5462/36/4 5463/36/4 5496/36/4
f 5463/34/4 5485/34/4 5496/34/4
f 5485/35/4 5486/35/4 5497/35/4
f 5496/34/4 5485/34/4 5497/34/4
f 5487/34/4 5488/34/4 5498/34/4
f 5379/32/4 5487/32/4 5498/32/4
f 5498/34/4 5488/34/4 5499/34/4
f 5488/36/4 5489/36/4 5500/36/4
f 5489/2/4 5490/2/4 5501/2/4
f 5500/36/4 5489/36/4 5501/36/4
f 5501/2/4 5490/2/4 5502/2/4
f 5502/2/4 5490/2/4 5503/2/4
f 5490/34/4 5467/34/4 5504/34/4
f 5503/2/4 5490/2/4 5504/2/4
f 5467/34/4 5357/34/4 5505/34/4
f 5504/34/4 5467/34/4 5505/34/4
f 5481/36/4 5482/36/4 5506/36/4
f 5444/32/4 5481/32/4 5506/32/4
f 5482/34/4 5494/34/4 5507/34/4
f 5506/36/4 5482/36/4 5507/36/4
f 5494/34/4 5495/34/4 5507/34/4
f 5507/34/4 5495/34/4 5508/34/4
f 5495/36/4 5473/36/4 5509/36/4
f 5508/34/4 5495/34/4 5509/34/4
f 5509/36/4 5473/36/4 5510/36/4
f 5473/32/4 5462/32/4 5511/32/4
f 5510/36/4 5473/36/4 5511/36/4
f 5499/34/4 5488/34/4 5512/34/4
f 5488/36/4 5500/36/4 5513/36/4
f 5512/34/4 5488/34/4 5513/34/4
f 5503/36/4 5504/36/4 5514/36/4
f 5502/34/4 5503/34/4 5514/34/4
f 5504/2/4 5505/2/4 5515/2/4
f 5514/36/4 5504/36/4 5515/36/4
f 5493/36/4 5480/36/4 5516/36/4
f 5492/32/4 5493/32/4 5516/32/4
f 5516/36/4 5480/36/4 5517/36/4
f 5444/32/4 5506/32/4 5518/32/4
f 5517/36/4 5480/36/4 5518/36/4
f 5480/36/4 5444/36/4 5518/36/4
f 5506/32/4 5507/32/4 5518/32/4
f 5518/32/4 5507/32/4 5519/32/4
f 5462/36/4 5496/36/4 5520/36/4
f 5496/35/4 5497/35/4 5520/35/4
f 5497/35/4 5486/35/4 5521/35/4
f 5520/35/4 5497/35/4 5521/35/4
f 5379/32/4 5498/32/4 5522/32/4
f 5498/32/4 5499/32/4 5522/32/4
f 5499/34/4 5512/34/4 5523/34/4
f 5522/32/4 5499/32/4 5523/32/4
f 5512/36/4 5513/36/4 5524/36/4
f 5523/34/4 5512/34/4 5524/34/4
f 5513/36/4 5500/36/4 5525/36/4
f 5524/36/4 5513/36/4 5525/36/4
f 5500/2/4 5501/2/4 5525/2/4
f 5501/36/4 5502/36/4 5526/36/4
f 5525/2/4 5501/2/4 5526/2/4
f 5502/34/4 5514/34/4 5527/34/4
f 5526/36/4 5502/36/4 5527/36/4
f 5514/34/4 5515/34/4 5527/34/4
f 5515/2/4 5505/2/4 5528/2/4
f 5527/34/4 5515/34/4 5528/34/4
f 5505/34/4 5357/34/4 5529/34/4
f 5528/2/4 5505/2/4 5529/2/4
f 5391/34/4 5409/34/4 5530/34/4
f 5374/34/4 5391/34/4 5530/34/4
f 5409/34/4 5410/34/4 5530/34/4
f 5530/34/4 5410/34/4 5531/34/4
f 5455/34/4 5491/34/4 5532/34/4
f 5454/36/4 5455/36/4 5532/36/4
f 5491/34/4 5492/34/4 5532/34/4
f 5532/34/4 5492/34/4 5533/34/4
f 5507/36/4 5508/36/4 5534/36/4
f 5508/32/4 5509/32/4 5534/32/4
f 5509/36/4 5510/36/4 5535/36/4
f 5534/32/4 5509/32/4 5535/32/4
f 5535/36/4 5510/36/4 5536/36/4
f 5510/32/4 5511/32/4 5537/32/4
f 5536/36/4 5510/36/4 5537/36/4
f 5511/32/4 5462/32/4 5538/32/4
f 5537/32/4 5511/32/4 5538/32/4
f 5462/36/4 5520/36/4 5538/36/4
f 5520/34/4 5521/34/4 5539/34/4
f 5538/36/4 5520/36/4 5539/36/4
f 5521/35/4 5486/35/4 5540/35/4
f 5539/34/4 5521/34/4 5540/34/4
f 5523/36/4 5524/36/4 5541/36/4
f 5524/36/4 5525/36/4 5541/36/4
f 5522/36/4 5523/36/4 5541/36/4
f 5525/36/4 5526/36/4 5541/36/4
f 5379/32/4 5522/32/4 5541/32/4
f 5541/36/4 5526/36/4 5542/36/4
f 5527/2/4 5528/2/4 5543/2/4
f 5542/36/4 5526/36/4 5543/36/4
f 5526/2/4 5527/2/4 5543/2/4
f 5528/34/4 5529/34/4 5544/34/4
f 5543/2/4 5528/2/4 5544/2/4
f 5374/34/4 5530/34/4 5545/34/4
f 5530/1/4 5531/1/4 5546/1/4
f 5545/34/4 5530/34/4 5546/34/4
f 5531/34/4 5410/34/4 5547/34/4
f 5546/1/4 5531/1/4 5547/1/4
f 5410/34/4 5394/34/4 5548/34/4
f 5547/34/4 5410/34/4 5548/34/4
f 5536/32/4 5537/32/4 5549/32/4
f 5535/36/4 5536/36/4 5549/36/4
f 5537/36/4 5538/36/4 5550/36/4
f 5549/32/4 5537/32/4 5550/32/4
f 5538/34/4 5539/34/4 5551/34/4
f 5550/36/4 5538/36/4 5551/36/4
f 5539/35/4 5540/35/4 5552/35/4
f 5551/34/4 5539/34/4 5552/34/4
f 5542/36/4 5543/36/4 5553/36/4
f 5543/34/4 5544/34/4 5553/34/4
f 5544/34/4 5529/34/4 5554/34/4
f 5553/34/4 5544/34/4 5554/34/4
f 5516/34/4 5517/34/4 5555/34/4
f 5492/32/4 5516/32/4 5555/32/4
f 5517/36/4 5518/36/4 5556/36/4
f 5555/34/4 5517/34/4 5556/34/4
f 5518/36/4 5519/36/4 5556/36/4
f 5542/36/4 5553/36/4 5557/36/4
f 5553/2/4 5554/2/4 5558/2/4
f 5557/36/4 5553/36/4 5558/36/4
f 5554/34/4 5529/34/4 5559/34/4
f 5558/2/4 5554/2/4 5559/2/4
f 5529/34/4 5357/34/4 5560/34/4
f 5559/34/4 5529/34/4 5560/34/4
f 5407/7/4 5408/7/4 5561/7/4
f 5389/7/4 5407/7/4 5561/7/4
f 5408/8/4 5374/8/4 5562/8/4
f 5561/7/4 5408/7/4 5562/7/4
f 5533/34/4 5492/34/4 5563/34/4
f 5532/36/4 5533/36/4 5563/36/4
f 5563/34/4 5492/34/4 5564/34/4
f 5556/36/4 5519/36/4 5565/36/4
f 5555/36/4 5556/36/4 5565/36/4
f 5519/32/4 5507/32/4 5566/32/4
f 5565/36/4 5519/36/4 5566/36/4
f 5535/36/4 5549/36/4 5567/36/4
f 5534/34/4 5535/34/4 5567/34/4
f 5549/34/4 5550/34/4 5568/34/4
f 5567/36/4 5549/36/4 5568/36/4
f 5550/36/4 5551/36/4 5569/36/4
f 5568/34/4 5550/34/4 5569/34/4
f 5358/34/4 5387/34/4 5570/34/4
f 5387/7/4 5388/7/4 5570/7/4
f 5388/34/4 5389/34/4 5571/34/4
f 5570/7/4 5388/7/4 5571/7/4
f 5389/7/4 5561/7/4 5572/7/4
f 5571/34/4 5389/34/4 5572/34/4
f 5561/8/4 5562/8/4 5573/8/4
f 5572/7/4 5561/7/4 5573/7/4
f 5320/32/4 5294/32/4 5574/32/4
f 5319/35/4 5320/35/4 5574/35/4
f 5574/32/4 5294/32/4 5575/32/4
f 5294/35/4 5379/35/4 5576/35/4
f 5575/32/4 5294/32/4 5576/32/4
f 5541/32/4 5542/32/4 5577/32/4
f 5379/32/4 5541/32/4 5577/32/4
f 5542/36/4 5557/36/4 5578/36/4
f 5577/32/4 5542/32/4 5578/32/4
f 5557/2/4 5558/2/4 5579/2/4
f 5578/36/4 5557/36/4 5579/36/4
f 5558/34/4 5559/34/4 5580/34/4
f 5579/2/4 5558/2/4 5580/2/4
f 5559/2/4 5560/2/4 5581/2/4
f 5580/34/4 5559/34/4 5581/34/4
f 5560/34/4 5357/34/4 5582/34/4
f 5581/2/4 5560/2/4 5582/2/4
f 5570/8/4 5571/8/4 5583/8/4
f 5358/34/4 5570/34/4 5583/34/4
f 5571/34/4 5572/34/4 5584/34/4
f 5583/8/4 5571/8/4 5584/8/4
f 5572/8/4 5573/8/4 5585/8/4
f 5584/34/4 5572/34/4 5585/34/4
f 5573/8/4 5562/8/4 5586/8/4
f 5585/8/4 5573/8/4 5586/8/4
f 5562/8/4 5374/8/4 5586/8/4
f 5374/34/4 5545/34/4 5586/34/4
f 5586/34/4 5545/34/4 5587/34/4
f 5545/1/4 5546/1/4 5588/1/4
f 5587/34/4 5545/34/4 5588/34/4
f 5546/1/4 5547/1/4 5588/1/4
f 5547/1/4 5548/1/4 5588/1/4
f 5566/32/4 5507/32/4 5589/32/4
f 5565/32/4 5566/32/4 5589/32/4
f 5507/36/4 5534/36/4 5589/36/4
f 5534/34/4 5567/34/4 5590/34/4
f 5589/36/4 5534/36/4 5590/36/4
f 5552/35/4 5540/35/4 5591/35/4
f 5551/32/4 5552/32/4 5591/32/4
f 5540/35/4 5486/35/4 5592/35/4
f 5591/35/4 5540/35/4 5592/35/4
f 5577/36/4 5578/36/4 5593/36/4
f 5578/36/4 5579/36/4 5593/36/4
f 5580/2/4 5581/2/4 5593/2/4
f 5579/36/4 5580/36/4 5593/36/4
f 5581/34/4 5582/34/4 5594/34/4
f 5593/2/4 5581/2/4 5594/2/4
f 5584/34/4 5585/34/4 5595/34/4
f 5583/34/4 5584/34/4 5595/34/4
f 5586/34/4 5587/34/4 5595/34/4
f 5357/24/4 5358/24/4 5595/24/4
f 5585/34/4 5586/34/4 5595/34/4
f 5358/34/4 5583/34/4 5595/34/4
f 5595/34/4 5587/34/4 5596/34/4
f 5596/34/4 5587/34/4 5597/34/4
f 5587/1/4 5588/1/4 5598/1/4
f 5597/34/4 5587/34/4 5598/34/4
f 5333/1/4 5375/1/4 5599/1/4
f 5375/24/4 5376/24/4 5599/24/4
f 5376/1/4 5361/1/4 5600/1/4
f 5599/24/4 5376/24/4 5600/24/4
f 5555/36/4 5565/36/4 5601/36/4
f 5601/36/4 5565/36/4 5602/36/4
f 5565/32/4 5589/32/4 5603/32/4
f 5589/34/4 5590/34/4 5603/34/4
f 5590/34/4 5567/34/4 5604/34/4
f 5603/34/4 5590/34/4 5604/34/4
f 5577/36/4 5593/36/4 5605/36/4
f 5593/34/4 5594/34/4 5606/34/4
f 5605/36/4 5593/36/4 5606/36/4
f 5606/34/4 5594/34/4 5607/34/4
f 5594/34/4 5582/34/4 5608/34/4
f 5607/34/4 5594/34/4 5608/34/4
f 5582/34/4 5357/34/4 5609/34/4
f 5608/34/4 5582/34/4 5609/34/4
f 5357/24/4 5595/24/4 5609/24/4
f 5595/24/4 5596/24/4 5609/24/4
f 5609/24/4 5596/24/4 5610/24/4
f 5597/1/4 5598/1/4 5611/1/4
f 5596/34/4 5597/34/4 5611/34/4
f 5598/1/4 5588/1/4 5612/1/4
f 5611/1/4 5598/1/4 5612/1/4
f 5588/1/4 5548/1/4 5613/1/4
f 5612/1/4 5588/1/4 5613/1/4
f 5548/34/4 5394/34/4 5614/34/4
f 5613/1/4 5548/1/4 5614/1/4
f 5599/1/4 5600/1/4 5615/1/4
f 5600/1/4 5361/1/4 5616/1/4
f 5615/1/4 5600/1/4 5616/1/4
f 5361/34/4 5454/34/4 5616/34/4
f 5454/36/4 5532/36/4 5617/36/4
f 5563/36/4 5564/36/4 5617/36/4
f 5532/36/4 5563/36/4 5617/36/4
f 5617/36/4 5564/36/4 5618/36/4
f 5492/32/4 5555/32/4 5619/32/4
f 5555/36/4 5601/36/4 5619/36/4
f 5601/32/4 5602/32/4 5620/32/4
f 5619/36/4 5601/36/4 5620/36/4
f 5565/32/4 5603/32/4 5621/32/4
f 5603/36/4 5604/36/4 5622/36/4
f 5621/32/4 5603/32/4 5622/32/4
f 5604/34/4 5567/34/4 5623/34/4
f 5622/36/4 5604/36/4 5623/36/4
f 5567/32/4 5568/32/4 5624/32/4
f 5623/34/4 5567/34/4 5624/34/4
f 5568/36/4 5569/36/4 5625/36/4
f 5624/32/4 5568/32/4 5625/32/4
f 5569/36/4 5551/36/4 5626/36/4
f 5625/36/4 5569/36/4 5626/36/4
f 5551/32/4 5591/32/4 5627/32/4
f 5626/36/4 5551/36/4 5627/36/4
f 5592/35/4 5486/35/4 5628/35/4
f 5591/34/4 5592/34/4 5628/34/4
f 5486/35/4 5438/35/4 5629/35/4
f 5628/35/4 5486/35/4 5629/35/4
f 5577/36/4 5605/36/4 5630/36/4
f 5379/32/4 5577/32/4 5630/32/4
f 5630/36/4 5605/36/4 5631/36/4
f 5606/34/4 5607/34/4 5632/34/4
f 5607/2/4 5608/2/4 5633/2/4
f 5632/34/4 5607/34/4 5633/34/4
f 5608/34/4 5609/34/4 5634/34/4
f 5633/2/4 5608/2/4 5634/2/4
f 5609/34/4 5610/34/4 5634/34/4
f 5634/34/4 5610/34/4 5635/34/4
f 5596/34/4 5611/34/4 5636/34/4
f 5610/24/4 5596/24/4 5636/24/4
f 5611/34/4 5612/34/4 5636/34/4
f 5636/34/4 5612/34/4 5637/34/4
f 5612/1/4 5613/1/4 5638/1/4
f 5637/34/4 5612/34/4 5638/34/4
f 5613/34/4 5614/34/4 5639/34/4
f 5638/1/4 5613/1/4 5639/1/4
f 5394/34/4 5333/34/4 5640/34/4
f 5639/34/4 5614/34/4 5640/34/4
f 5614/34/4 5394/34/4 5640/34/4
f 5599/1/4 5615/1/4 5641/1/4
f 5640/34/4 5333/34/4 5641/34/4
f 5333/1/4 5599/1/4 5641/1/4
f 5618/36/4 5564/36/4 5642/36/4
f 5617/34/4 5618/34/4 5642/34/4
f 5564/34/4 5492/34/4 5643/34/4
f 5642/36/4 5564/36/4 5643/36/4
f 5492/32/4 5619/32/4 5644/32/4
f 5643/34/4 5492/34/4 5644/34/4
f 5619/32/4 5620/32/4 5644/32/4
f 5644/32/4 5620/32/4 5645/32/4
f 5620/32/4 5602/32/4 5646/32/4
f 5645/32/4 5620/32/4 5646/32/4
f 5624/32/4 5625/32/4 5647/32/4
f 5623/32/4 5624/32/4 5647/32/4
f 5625/34/4 5626/34/4 5648/34/4
f 5647/32/4 5625/32/4 5648/32/4
f 5626/32/4 5627/32/4 5649/32/4
f 5648/34/4 5626/34/4 5649/34/4
f 5649/32/4 5627/32/4 5650/32/4
f 5627/32/4 5591/32/4 5651/32/4
f 5650/32/4 5627/32/4 5651/32/4
f 5591/34/4 5628/34/4 5651/34/4
f 5628/34/4 5629/34/4 5651/34/4
f 5651/34/4 5629/34/4 5652/34/4
f 5576/35/4 5379/35/4 5653/35/4
f 5379/32/4 5630/32/4 5653/32/4
f 5630/32/4 5631/32/4 5653/32/4
f 5653/32/4 5631/32/4 5654/32/4
f 5606/34/4 5632/34/4 5655/34/4
f 5632/2/4 5633/2/4 5656/2/4
f 5655/34/4 5632/34/4 5656/34/4
f 5633/34/4 5634/34/4 5657/34/4
f 5656/2/4 5633/2/4 5657/2/4
f 5636/24/4 5637/24/4 5658/24/4
f 5635/34/4 5610/34/4 5658/34/4
f 5610/24/4 5636/24/4 5658/24/4
f 5658/24/4 5637/24/4 5659/24/4
f 5641/1/4 5615/1/4 5660/1/4
f 5640/24/4 5641/24/4 5660/24/4
f 5615/34/4 5616/34/4 5661/34/4
f 5660/1/4 5615/1/4 5661/1/4
f 5644/34/4 5645/34/4 5662/34/4
f 5617/34/4 5642/34/4 5662/34/4
f 5642/34/4 5643/34/4 5662/34/4
f 5643/34/4 5644/34/4 5662/34/4
f 5454/36/4 5617/36/4 5662/36/4
f 5662/34/4 5645/34/4 5663/34/4
f 5645/36/4 5646/36/4 5664/36/4
f 5663/34/4 5645/34/4 5664/34/4
f 5646/32/4 5602/32/4 5665/32/4
f 5664/36/4 5646/36/4 5665/36/4
f 5652/34/4 5629/34/4 5666/34/4
f 5651/32/4 5652/32/4 5666/32/4
f 5650/32/4 5651/32/4 5666/32/4
f 5629/35/4 5438/35/4 5667/35/4
f 5666/34/4 5629/34/4 5667/34/4
f 5606/34/4 5655/34/4 5668/34/4
f 5605/2/4 5606/2/4 5668/2/4
f 5655/2/4 5656/2/4 5669/2/4
f 5668/34/4 5655/34/4 5669/34/4
f 5656/34/4 5657/34/4 5670/34/4
f 5669/2/4 5656/2/4 5670/2/4
f 5657/34/4 5634/34/4 5671/34/4
f 5670/34/4 5657/34/4 5671/34/4
f 5634/2/4 5635/2/4 5672/2/4
f 5671/34/4 5634/34/4 5672/34/4
f 5635/34/4 5658/34/4 5673/34/4
f 5672/2/4 5635/2/4 5673/2/4
f 5658/34/4 5659/34/4 5673/34/4
f 5638/34/4 5639/34/4 5674/34/4
f 5639/34/4 5640/34/4 5674/34/4
f 5659/24/4 5637/24/4 5674/24/4
f 5637/34/4 5638/34/4 5674/34/4
f 5640/24/4 5660/24/4 5675/24/4
f 5674/34/4 5640/34/4 5675/34/4
f 5661/34/4 5616/34/4 5676/34/4
f 5660/34/4 5661/34/4 5676/34/4
f 5616/34/4 5454/34/4 5676/34/4
f 5662/36/4 5663/36/4 5676/36/4
f 5454/36/4 5662/36/4 5676/36/4
f 5676/36/4 5663/36/4 5677/36/4
f 5665/32/4 5602/32/4 5678/32/4
f 5602/36/4 5565/36/4 5678/36/4
f 5565/32/4 5621/32/4 5679/32/4
f 5678/36/4 5565/36/4 5679/36/4
f 5666/30/4 5667/30/4 5680/30/4
f 5667/35/4 5438/35/4 5680/35/4
f 5438/32/4 3535/32/4 5681/32/4
f 5680/35/4 5438/35/4 5681/35/4
f 5631/36/4 5605/36/4 5682/36/4
f 5668/2/4 5669/2/4 5682/2/4
f 5605/2/4 5668/2/4 5682/2/4
f 5682/2/4 5669/2/4 5683/2/4
f 5669/34/4 5670/34/4 5684/34/4
f 5683/2/4 5669/2/4 5684/2/4
f 5670/34/4 5671/34/4 5684/34/4
f 5671/2/4 5672/2/4 5685/2/4
f 5684/34/4 5671/34/4 5685/34/4
f 5672/34/4 5673/34/4 5686/34/4
f 5685/2/4 5672/2/4 5686/2/4
f 5673/34/4 5659/34/4 5687/34/4
f 5686/34/4 5673/34/4 5687/34/4
f 5674/24/4 5675/24/4 5687/24/4
f 5659/24/4 5674/24/4 5687/24/4
f 5675/24/4 5660/24/4 5688/24/4
f 5687/24/4 5675/24/4 5688/24/4
f 5660/34/4 5676/34/4 5688/34/4
f 5676/34/4 5677/34/4 5688/34/4
f 5663/34/4 5664/34/4 5689/34/4
f 5664/34/4 5665/34/4 5689/34/4
f 5665/32/4 5678/32/4 5690/32/4
f 5689/34/4 5665/34/4 5690/34/4
f 5679/32/4 5621/32/4 5691/32/4
f 5621/36/4 5622/36/4 5691/36/4
f 5622/34/4 5623/34/4 5692/34/4
f 5691/36/4 5622/36/4 5692/36/4
f 5654/32/4 5631/32/4 5693/32/4
f 5631/36/4 5682/36/4 5693/36/4
f 5682/36/4 5683/36/4 5693/36/4
f 5693/36/4 5683/36/4 5694/36/4
f 5685/34/4 5686/34/4 5695/34/4
f 5686/34/4 5687/34/4 5695/34/4
f 5684/34/4 5685/34/4 5695/34/4
f 5688/34/4 5677/34/4 5695/34/4
f 5687/34/4 5688/34/4 5695/34/4
f 5683/34/4 5684/34/4 5695/34/4
f 5695/34/4 5677/34/4 5696/34/4
f 5677/36/4 5663/36/4 5697/36/4
f 5696/34/4 5677/34/4 5697/34/4
f 5663/34/4 5689/34/4 5698/34/4
f 5697/36/4 5663/36/4 5698/36/4
f 5689/32/4 5690/32/4 5699/32/4
f 5698/34/4 5689/34/4 5699/34/4
f 5690/32/4 5678/32/4 5700/32/4
f 5699/32/4 5690/32/4 5700/32/4
f 5679/32/4 5691/32/4 5701/32/4
f 5691/34/4 5692/34/4 5701/34/4
f 5692/34/4 5623/34/4 5702/34/4
f 5701/34/4 5692/34/4 5702/34/4
f 5623/32/4 5647/32/4 5703/32/4
f 5702/34/4 5623/34/4 5703/34/4
f 5649/31/4 5650/31/4 5704/31/4
f 5648/39/4 5649/39/4 5704/39/4
f 5650/32/4 5666/32/4 5705/32/4
f 5704/31/4 5650/31/4 5705/31/4
f 5693/32/4 5694/32/4 5706/32/4
f 5654/32/4 5693/32/4 5706/32/4
f 5653/33/4 5654/33/4 5706/33/4
f 5706/32/4 5694/32/4 5707/32/4
f 5694/36/4 5683/36/4 5708/36/4
f 5707/32/4 5694/32/4 5708/32/4
f 5708/36/4 5683/36/4 5709/36/4
f 5683/34/4 5695/34/4 5710/34/4
f 5710/34/4 5695/34/4 5711/34/4
f 5711/34/4 5695/34/4 5712/34/4
f 5712/34/4 5695/34/4 5713/34/4
f 5713/34/4 5695/34/4 5714/34/4
f 5714/34/4 5695/34/4 5715/34/4
f 5699/34/4 5700/34/4 5716/34/4
f 5698/34/4 5699/34/4 5716/34/4
f 5697/34/4 5698/34/4 5716/34/4
f 5696/34/4 5697/34/4 5716/34/4
f 5716/34/4 5700/34/4 5717/34/4
f 5700/32/4 5678/32/4 5718/32/4
f 5678/34/4 5679/34/4 5718/34/4
f 5679/32/4 5701/32/4 5719/32/4
f 5718/34/4 5679/34/4 5719/34/4
f 5701/31/4 5702/31/4 5720/31/4
f 5719/32/4 5701/32/4 5720/32/4
f 5702/32/4 5703/32/4 5721/32/4
f 5720/31/4 5702/31/4 5721/31/4
f 5703/32/4 5647/32/4 5722/32/4
f 5721/32/4 5703/32/4 5722/32/4
f 5647/30/4 5648/30/4 5722/30/4
f 5648/39/4 5704/39/4 5723/39/4
f 5722/30/4 5648/30/4 5723/30/4
f 5704/32/4 5705/32/4 5724/32/4
f 5723/39/4 5704/39/4 5724/39/4
f 5705/32/4 5666/32/4 5725/32/4
f 5724/32/4 5705/32/4 5725/32/4
f 5709/36/4 5683/36/4 5726/36/4
f 5683/34/4 5710/34/4 5726/34/4
f 5726/34/4 5710/34/4 5727/34/4
f 5727/34/4 5710/34/4 5728/34/4
f 5710/35/4 5711/35/4 5729/35/4
f 5728/34/4 5710/34/4 5729/34/4
f 5713/34/4 5714/34/4 5730/34/4
f 5730/34/4 5714/34/4 5731/34/4
f 5731/34/4 5714/34/4 5732/34/4
f 5732/34/4 5714/34/4 5733/34/4
f 5717/34/4 5700/34/4 5734/34/4
f 5700/32/4 5718/32/4 5734/32/4
f 5718/31/4 5719/31/4 5735/31/4
f 5734/32/4 5718/32/4 5735/32/4
f 5720/32/4 5721/32/4 5736/32/4
f 5735/31/4 5719/31/4 5736/31/4
f 5719/32/4 5720/32/4 5736/32/4
f 5721/32/4 5722/32/4 5736/32/4
f 5722/32/4 5723/32/4 5736/32/4
f 5736/32/4 5723/32/4 5737/32/4
f 5723/39/4 5724/39/4 5738/39/4
f 5737/32/4 5723/32/4 5738/32/4
f 5724/38/4 5725/38/4 5739/38/4
f 5738/39/4 5724/39/4 5739/39/4
f 5708/35/4 5709/35/4 5740/35/4
f 5709/36/4 5726/36/4 5740/36/4
f 5726/36/4 5727/36/4 5740/36/4
f 5740/36/4 5727/36/4 5741/36/4
f 5727/34/4 5728/34/4 5742/34/4
f 5741/36/4 5727/36/4 5742/36/4
f 5742/34/4 5728/34/4 5743/34/4
f 5743/34/4 5728/34/4 5744/34/4
f 5744/34/4 5728/34/4 5745/34/4
f 5729/35/4 5711/35/4 5746/35/4
f 5711/34/4 5712/34/4 5746/34/4
f 5728/35/4 5729/35/4 5746/35/4
f 5746/34/4 5712/34/4 5747/34/4
f 5747/34/4 5712/34/4 5748/34/4
f 5712/35/4 5713/35/4 5749/35/4
f 5748/34/4 5712/34/4 5749/34/4
f 5713/34/4 5730/34/4 5750/34/4
f 5730/35/4 5731/35/4 5751/35/4
f 5750/34/4 5730/34/4 5751/34/4
f 5733/34/4 5714/34/4 5752/34/4
f 5752/34/4 5714/34/4 5753/34/4
f 5715/34/4 5695/34/4 5754/34/4
f 5754/34/4 5695/34/4 5755/34/4
f 5755/34/4 5695/34/4 5756/34/4
f 5695/37/4 5696/37/4 5757/37/4
f 5756/34/4 5695/34/4 5757/34/4
f 5696/34/4 5716/34/4 5758/34/4
f 5758/34/4 5716/34/4 5759/34/4
f 5734/38/4 5735/38/4 5760/38/4
f 5736/38/4 5737/38/4 5760/38/4
f 5717/34/4 5734/34/4 5760/34/4
f 5735/38/4 5736/38/4 5760/38/4
f 5760/38/4 5737/38/4 5761/38/4
f 5761/38/4 5737/38/4 5762/38/4
f 5666/30/4 5680/30/4 5763/30/4
f 5725/32/4 5666/32/4 5763/32/4
f 5680/34/4 5681/34/4 5764/34/4
f 5763/30/4 5680/30/4 5764/30/4
f 5741/36/4 5742/36/4 5765/36/4
f 5742/36/4 5743/36/4 5765/36/4
f 5743/34/4 5744/34/4 5766/34/4
f 5765/36/4 5743/36/4 5766/36/4
f 5766/34/4 5744/34/4 5767/34/4
f 5767/34/4 5744/34/4 5768/34/4
f 5745/34/4 5728/34/4 5769/34/4
f 5769/34/4 5728/34/4 5770/34/4
f 5770/34/4 5728/34/4 5771/34/4
f 5728/35/4 5746/35/4 5772/35/4
f 5771/34/4 5728/34/4 5772/34/4
f 5746/35/4 5747/35/4 5772/35/4
f 5713/34/4 5750/34/4 5773/34/4
f 5749/35/4 5713/35/4 5773/35/4
f 5748/35/4 5749/35/4 5773/35/4
f 5773/34/4 5750/34/4 5774/34/4
f 5731/34/4 5732/34/4 5775/34/4
f 5751/35/4 5731/35/4 5775/35/4
f 5750/35/4 5751/35/4 5775/35/4
f 5775/34/4 5732/34/4 5776/34/4
f 5732/35/4 5733/35/4 5777/35/4
f 5733/34/4 5752/34/4 5777/34/4
f 5777/34/4 5752/34/4 5778/34/4
f 5714/35/4 5715/35/4 5779/35/4
f 5715/34/4 5754/34/4 5779/34/4
f 5779/34/4 5754/34/4 5780/34/4
f 5716/38/4 5717/38/4 5781/38/4
f 5717/34/4 5760/34/4 5781/34/4
f 5760/34/4 5761/34/4 5781/34/4
f 5781/34/4 5761/34/4 5782/34/4
f 5782/34/4 5761/34/4 5783/34/4
f 5783/34/4 5761/34/4 5784/34/4
f 5784/34/4 5761/34/4 5785/34/4
f 5761/32/4 5762/32/4 5786/32/4
f 5785/34/4 5761/34/4 5786/34/4
f 5739/38/4 5725/38/4 5787/38/4
f 5738/40/4 5739/40/4 5787/40/4
f 5725/32/4 5763/32/4 5788/32/4
f 5787/38/4 5725/38/4 5788/38/4
f 5763/32/4 5764/32/4 5788/32/4
f 5788/32/4 5764/32/4 5789/32/4
f 5789/32/4 5764/32/4 5790/32/4
f 5764/34/4 5681/34/4 5791/34/4
f 5790/32/4 5764/32/4 5791/32/4
f 5740/35/4 5741/35/4 5792/35/4
f 5741/36/4 5765/36/4 5792/36/4
f 5765/35/4 5766/35/4 5793/35/4
f 5792/36/4 5765/36/4 5793/36/4
f 5766/36/4 5767/36/4 5794/36/4
f 5793/35/4 5766/35/4 5794/35/4
f 5767/35/4 5768/35/4 5795/35/4
f 5794/36/4 5767/36/4 5795/36/4
f 5768/34/4 5744/34/4 5796/34/4
f 5795/35/4 5768/35/4 5796/35/4
f 5744/35/4 5745/35/4 5797/35/4
f 5796/34/4 5744/34/4 5797/34/4
f 5745/34/4 5769/34/4 5798/34/4
f 5797/35/4 5745/35/4 5798/35/4
f 5769/35/4 5770/35/4 5799/35/4
f 5798/34/4 5769/34/4 5799/34/4
f 5770/34/4 5771/34/4 5800/34/4
f 5799/35/4 5770/35/4 5800/35/4
f 5771/35/4 5772/35/4 5801/35/4
f 5800/34/4 5771/34/4 5801/34/4
f 5776/34/4 5732/34/4 5802/34/4
f 5775/35/4 5776/35/4 5802/35/4
f 5802/34/4 5732/34/4 5803/34/4
f 5778/34/4 5752/34/4 5804/34/4
f 5804/34/4 5752/34/4 5805/34/4
f 5755/34/4 5756/34/4 5806/34/4
f 5754/35/4 5755/35/4 5806/35/4
f 5806/34/4 5756/34/4 5807/34/4
f 5757/37/4 5696/37/4 5808/37/4
f 5756/35/4 5757/35/4 5808/35/4
f 5696/34/4 5758/34/4 5809/34/4
f 5808/37/4 5696/37/4 5809/37/4
f 5758/40/4 5759/40/4 5810/40/4
f 5809/34/4 5758/34/4 5810/34/4
f 5759/34/4 5716/34/4 5811/34/4
f 5810/40/4 5759/40/4 5811/40/4
f 5784/34/4 5785/34/4 5812/34/4
f 5783/32/4 5784/32/4 5812/32/4
f 5785/38/4 5786/38/4 5813/38/4
f 5812/34/4 5785/34/4 5813/34/4
f 5762/38/4 5737/38/4 5814/38/4
f 5737/32/4 5738/32/4 5814/32/4
f 5738/40/4 5787/40/4 5815/40/4
f 5814/32/4 5738/32/4 5815/32/4
f 5772/35/4 5747/35/4 5816/35/4
f 5799/35/4 5800/35/4 5816/35/4
f 5801/35/4 5772/35/4 5816/35/4
f 5794/35/4 5795/35/4 5816/35/4
f 5747/34/4 5748/34/4 5816/34/4
f 5795/35/4 5796/35/4 5816/35/4
f 5798/35/4 5799/35/4 5816/35/4
f 5797/35/4 5798/35/4 5816/35/4
f 5796/35/4 5797/35/4 5816/35/4
f 5800/35/4 5801/35/4 5816/35/4
f 5792/35/4 5793/35/4 5816/35/4
f 5793/35/4 5794/35/4 5816/35/4
f 5816/34/4 5748/34/4 5817/34/4
f 5774/34/4 5750/34/4 5818/34/4
f 5773/35/4 5774/35/4 5818/35/4
f 5802/35/4 5803/35/4 5819/35/4
f 5818/34/4 5750/34/4 5819/34/4
f 5775/35/4 5802/35/4 5819/35/4
f 5750/35/4 5775/35/4 5819/35/4
f 5803/34/4 5732/34/4 5820/34/4
f 5819/35/4 5803/35/4 5820/35/4
f 5777/35/4 5778/35/4 5821/35/4
f 5820/34/4 5732/34/4 5821/34/4
f 5732/35/4 5777/35/4 5821/35/4
f 5778/34/4 5804/34/4 5822/34/4
f 5821/35/4 5778/35/4 5822/35/4
f 5804/35/4 5805/35/4 5823/35/4
f 5822/34/4 5804/34/4 5823/34/4
f 5805/34/4 5752/34/4 5824/34/4
f 5823/35/4 5805/35/4 5824/35/4
f 5752/35/4 5753/35/4 5825/35/4
f 5824/34/4 5752/34/4 5825/34/4
f 5780/34/4 5754/34/4 5826/34/4
f 5754/35/4 5806/35/4 5827/35/4
f 5826/34/4 5754/34/4 5827/34/4
f 5806/35/4 5807/35/4 5827/35/4
f 5807/34/4 5756/34/4 5828/34/4
f 5828/34/4 5756/34/4 5829/34/4
f 5829/34/4 5756/34/4 5830/34/4
f 5756/35/4 5808/35/4 5831/35/4
f 5830/34/4 5756/34/4 5831/34/4
f 5811/34/4 5716/34/4 5832/34/4
f 5716/38/4 5781/38/4 5832/38/4
f 5781/35/4 5782/35/4 5833/35/4
f 5832/38/4 5781/38/4 5833/38/4
f 5782/34/4 5783/34/4 5834/34/4
f 5833/35/4 5782/35/4 5834/35/4
f 5834/34/4 5783/34/4 5835/34/4
f 5812/32/4 5813/32/4 5836/32/4
f 5835/34/4 5783/34/4 5836/34/4
f 5783/32/4 5812/32/4 5836/32/4
f 5836/32/4 5813/32/4 5837/32/4
f 5837/32/4 5813/32/4 5838/32/4
f 5789/32/4 5790/32/4 5839/32/4
f 5788/31/4 5789/31/4 5839/31/4
f 5839/32/4 5790/32/4 5840/32/4
f 5791/34/4 5681/34/4 5841/34/4
f 5790/35/4 5791/35/4 5841/35/4
f 5681/32/4 3535/32/4 5842/32/4
f 5841/34/4 5681/34/4 5842/34/4
f 5817/34/4 5748/34/4 5843/34/4
f 5816/35/4 5817/35/4 5843/35/4
f 5843/34/4 5748/34/4 5844/34/4
f 5822/35/4 5823/35/4 5845/35/4
f 5844/34/4 5748/34/4 5845/34/4
f 5818/35/4 5819/35/4 5845/35/4
f 5820/35/4 5821/35/4 5845/35/4
f 5773/35/4 5818/35/4 5845/35/4
f 5824/35/4 5825/35/4 5845/35/4
f 5748/35/4 5773/35/4 5845/35/4
f 5823/35/4 5824/35/4 5845/35/4
f 5819/35/4 5820/35/4 5845/35/4
f 5821/35/4 5822/35/4 5845/35/4
f 5753/34/4 5714/34/4 5846/34/4
f 5845/35/4 5825/35/4 5846/35/4
f 5825/35/4 5753/35/4 5846/35/4
f 5846/34/4 5714/34/4 5847/34/4
f 5847/34/4 5714/34/4 5848/34/4
f 5779/35/4 5780/35/4 5849/35/4
f 5848/34/4 5714/34/4 5849/34/4
f 5714/35/4 5779/35/4 5849/35/4
f 5827/35/4 5807/35/4 5850/35/4
f 5807/34/4 5828/34/4 5850/34/4
f 5826/35/4 5827/35/4 5850/35/4
f 5850/34/4 5828/34/4 5851/34/4
f 5834/35/4 5835/35/4 5852/35/4
f 5833/35/4 5834/35/4 5852/35/4
f 5832/32/4 5833/32/4 5852/32/4
f 5852/35/4 5835/35/4 5853/35/4
f 5838/32/4 5813/32/4 5854/32/4
f 5837/31/4 5838/31/4 5854/31/4
f 5813/38/4 5786/38/4 5855/38/4
f 5854/32/4 5813/32/4 5855/32/4
f 5840/32/4 5790/32/4 5856/32/4
f 5790/35/4 5841/35/4 5857/35/4
f 5856/32/4 5790/32/4 5857/32/4
f 5841/35/4 5842/35/4 5857/35/4
f 5857/35/4 5842/35/4 5858/35/4
f 5843/36/4 5844/36/4 5859/36/4
f 5816/35/4 5843/35/4 5859/35/4
f 5844/35/4 5845/35/4 5860/35/4
f 5859/36/4 5844/36/4 5860/36/4
f 5845/35/4 5846/35/4 5860/35/4
f 5846/35/4 5847/35/4 5860/35/4
f 5851/34/4 5828/34/4 5861/34/4
f 5850/35/4 5851/35/4 5861/35/4
f 5861/34/4 5828/34/4 5862/34/4
f 5836/34/4 5837/34/4 5863/34/4
f 5835/34/4 5836/34/4 5863/34/4
f 5853/35/4 5835/35/4 5863/35/4
f 5863/34/4 5837/34/4 5864/34/4
f 5786/32/4 5762/32/4 5865/32/4
f 5855/38/4 5786/38/4 5865/38/4
f 5762/38/4 5814/38/4 5866/38/4
f 5865/32/4 5762/32/4 5866/32/4
f 5840/32/4 5856/32/4 5867/32/4
f 5857/30/4 5858/30/4 5867/30/4
f 5856/30/4 5857/30/4 5867/30/4
f 5867/30/4 5858/30/4 5868/30/4
f 5860/35/4 5847/35/4 5869/35/4
f 5859/35/4 5860/35/4 5869/35/4
f 5847/34/4 5848/34/4 5869/34/4
f 5869/34/4 5848/34/4 5870/34/4
f 5849/35/4 5780/35/4 5871/35/4
f 5780/34/4 5826/34/4 5871/34/4
f 5848/35/4 5849/35/4 5871/35/4
f 5861/35/4 5862/35/4 5872/35/4
f 5871/34/4 5826/34/4 5872/34/4
f 5850/35/4 5861/35/4 5872/35/4
f 5826/35/4 5850/35/4 5872/35/4
f 5829/34/4 5830/34/4 5873/34/4
f 5828/40/4 5829/40/4 5873/40/4
f 5830/35/4 5831/35/4 5874/35/4
f 5873/34/4 5830/34/4 5874/34/4
f 5809/34/4 5810/34/4 5875/34/4
f 5810/39/4 5811/39/4 5875/39/4
f 5811/34/4 5832/34/4 5876/34/4
f 5875/39/4 5811/39/4 5876/39/4
f 5832/32/4 5852/32/4 5877/32/4
f 5876/34/4 5832/34/4 5877/34/4
f 5852/38/4 5853/38/4 5878/38/4
f 5877/32/4 5852/32/4 5878/32/4
f 5864/34/4 5837/34/4 5879/34/4
f 5863/35/4 5864/35/4 5879/35/4
f 5837/31/4 5854/31/4 5880/31/4
f 5879/34/4 5837/34/4 5880/34/4
f 5854/31/4 5855/31/4 5880/31/4
f 5867/32/4 5868/32/4 5881/32/4
f 5839/31/4 5840/31/4 5881/31/4
f 5840/32/4 5867/32/4 5881/32/4
f 5881/32/4 5868/32/4 5882/32/4
f 5319/35/4 5574/35/4 5883/35/4
f 4579/35/4 4695/35/4 5883/35/4
f 4954/35/4 5319/35/4 5883/35/4
f 5574/35/4 5575/35/4 5883/35/4
f 4916/35/4 4954/35/4 5883/35/4
f 3534/32/4 4579/32/4 5883/32/4
f 4774/35/4 4851/35/4 5883/35/4
f 4851/35/4 4916/35/4 5883/35/4
f 4695/35/4 4774/35/4 5883/35/4
f 5575/33/4 5576/33/4 5884/33/4
f 5883/35/4 5575/35/4 5884/35/4
f 5576/35/4 5653/35/4 5885/35/4
f 5884/33/4 5576/33/4 5885/33/4
f 5653/33/4 5706/33/4 5886/33/4
f 5885/35/4 5653/35/4 5886/35/4
f 5706/35/4 5707/35/4 5887/35/4
f 5886/33/4 5706/33/4 5887/33/4
f 5707/32/4 5708/32/4 5888/32/4
f 5887/35/4 5707/35/4 5888/35/4
f 5859/35/4 5869/35/4 5889/35/4
f 5888/32/4 5708/32/4 5889/32/4
f 5869/35/4 5870/35/4 5889/35/4
f 5816/35/4 5859/35/4 5889/35/4
f 5740/35/4 5792/35/4 5889/35/4
f 5708/35/4 5740/35/4 5889/35/4
f 5792/35/4 5816/35/4 5889/35/4
f 5870/34/4 5848/34/4 5890/34/4
f 5889/35/4 5870/35/4 5890/35/4
f 5871/35/4 5872/35/4 5891/35/4
f 5890/34/4 5848/34/4 5891/34/4
f 5848/35/4 5871/35/4 5891/35/4
f 5872/35/4 5862/35/4 5892/35/4
f 5891/35/4 5872/35/4 5892/35/4
f 5862/34/4 5828/34/4 5892/34/4
f 5828/40/4 5873/40/4 5893/40/4
f 5892/34/4 5828/34/4 5893/34/4
f 5873/35/4 5874/35/4 5894/35/4
f 5893/40/4 5873/40/4 5894/40/4
f 5874/35/4 5831/35/4 5895/35/4
f 5894/35/4 5874/35/4 5895/35/4
f 5808/38/4 5809/38/4 5895/38/4
f 5831/35/4 5808/35/4 5895/35/4
f 5809/34/4 5875/34/4 5896/34/4
f 5895/38/4 5809/38/4 5896/38/4
f 5875/32/4 5876/32/4 5897/32/4
f 5896/34/4 5875/34/4 5897/34/4
f 5876/32/4 5877/32/4 5897/32/4
f 5877/31/4 5878/31/4 5898/31/4
f 5897/32/4 5877/32/4 5898/32/4
f 5878/38/4 5853/38/4 5899/38/4
f 5898/31/4 5878/31/4 5899/31/4
f 5863/35/4 5879/35/4 5900/35/4
f 5899/38/4 5853/38/4 5900/38/4
f 5853/35/4 5863/35/4 5900/35/4
f 5879/35/4 5880/35/4 5900/35/4
f 5880/31/4 5855/31/4 5901/31/4
f 5900/35/4 5880/35/4 5901/35/4
f 5855/38/4 5865/38/4 5902/38/4
f 5901/31/4 5855/31/4 5902/31/4
f 5865/31/4 5866/31/4 5903/31/4
f 5902/38/4 5865/38/4 5903/38/4
f 5866/38/4 5814/38/4 5904/38/4
f 5903/31/4 5866/31/4 5904/31/4
f 5814/31/4 5815/31/4 5905/31/4
f 5904/38/4 5814/38/4 5905/38/4
f 5815/40/4 5787/40/4 5906/40/4
f 5905/31/4 5815/31/4 5906/31/4
f 5787/37/4 5788/37/4 5907/37/4
f 5906/40/4 5787/40/4 5907/40/4
f 5881/31/4 5882/31/4 5908/31/4
f 5907/37/4 5788/37/4 5908/37/4
f 5839/31/4 5881/31/4 5908/31/4
f 5788/31/4 5839/31/4 5908/31/4
f 5882/32/4 5868/32/4 5909/32/4
f 5908/31/4 5882/31/4 5909/31/4
f 5868/30/4 5858/30/4 5910/30/4
f 5909/32/4 5868/32/4 5910/32/4
f 5858/35/4 5842/35/4 5911/35/4
f 5910/30/4 5858/30/4 5911/30/4
f 5842/32/4 3535/32/4 5912/32/4
f 5911/35/4 5842/35/4 5912/35/4
f 5902/32/4 5903/32/4 5913/32/4
f 5885/32/4 5886/32/4 5913/32/4
f 5911/32/4 5912/32/4 5913/32/4
f 5884/32/4 5885/32/4 5913/32/4
f 3534/32/4 5883/32/4 5913/32/4
f 5897/32/4 5898/32/4 5913/32/4
f 5908/32/4 5909/32/4 5913/32/4
f 5905/32/4 5906/32/4 5913/32/4
f 5886/32/4 5887/32/4 5913/32/4
f 5900/32/4 5901/32/4 5913/32/4
f 5901/32/4 5902/32/4 5913/32/4
f 5883/32/4 5884/32/4 5913/32/4
f 5889/32/4 5890/32/4 5913/32/4
f 5895/32/4 5896/32/4 5913/32/4
f 5892/32/4 5893/32/4 5913/32/4
f 5903/32/4 5904/32/4 5913/32/4
f 5909/32/4 5910/32/4 5913/32/4
f 5894/32/4 5895/32/4 5913/32/4
f 5887/32/4 5888/32/4 5913/32/4
f 5891/32/4 5892/32/4 5913/32/4
f 5890/32/4 5891/32/4 5913/32/4
f 5899/32/4 5900/32/4 5913/32/4
f 5906/32/4 5907/32/4 5913/32/4
f 5896/32/4 5897/32/4 5913/32/4
f 5907/32/4 5908/32/4 5913/32/4
f 5904/32/4 5905/32/4 5913/32/4
f 5910/32/4 5911/32/4 5913/32/4
f 5888/32/4 5889/32/4 5913/32/4
f 5893/32/4 5894/32/4 5913/32/4
f 5898/32/4 5899/32/4 5913/32/4
f 5912/32/4 3535/32/4 5914/32/4
f 5913/32/4 5912/32/4 5914/32/4
f 5917/32/5 5916/32/5 5915/32/5
f 5918/32/5 5916/32/5 5917/32/5
f 5919/32/5 5917/32/5 5915/32/5
f 5919/35/5 5918/35/5 5917/35/5
f 5920/32/5 5916/32/5 5918/32/5
f 5920/35/5 5918/35/5 5919/35/5
f 5921/32/5 5919/32/5 5915/32/5
f 5921/31/5 5920/31/5 5919/31/5
f 5922/32/5 5916/32/5 5920/32/5
f 5922/31/5 5920/31/5 5921/31/5
f 5923/32/5 5921/32/5 5915/32/5
f 5923/34/5 5922/34/5 5921/34/5
f 5924/32/5 5916/32/5 5922/32/5
f 5924/34/5 5922/34/5 5923/34/5
f 5925/32/5 5923/32/5 5915/32/5
f 5925/31/5 5924/31/5 5923/31/5
f 5926/32/5 5916/32/5 5924/32/5
f 5926/31/5 5924/31/5 5925/31/5
f 5927/32/5 5925/32/5 5915/32/5
f 5927/35/5 5926/35/5 5925/35/5
f 5928/32/5 5916/32/5 5926/32/5
f 5928/35/5 5926/35/5 5927/35/5
f 5929/32/5 5927/32/5 5915/32/5
f 5929/32/5 5928/32/5 5927/32/5
f 5930/32/5 5916/32/5 5928/32/5
f 5930/32/5 5928/32/5 5929/32/5
f 5935/11/5 5932/11/5 5931/11/5
f 5936/11/5 5932/11/5 5935/11/5
f 5937/11/5 5934/11/5 5933/11/5
f 5938/11/5 5934/11/5 5937/11/5
f 5941/34/5 5940/34/5 5939/34/5
f 5942/34/5 5940/34/5 5941/34/5
f 5945/11/5 5944/11/5 5943/11/5
f 5946/11/5 5944/11/5 5945/11/5
f 5947/11/5 5944/11/5 5946/11/5
f 5948/11/6 5949/11/6 5950/11/6
f 5950/11/6 5949/11/6 5951/11/6
f 5952/11/6 5953/11/6 5954/11/6
f 5954/11/6 5953/11/6 5955/11/6
f 5956/11/6 5957/11/6 5958/11/6
f 5958/11/6 5957/11/6 5959/11/6
f 5960/34/6 5961/34/6 5962/34/6
f 5962/34/6 5961/34/6 5963/34/6
f 5964/32/6 5965/32/6 5966/32/6
f 5966/32/6 5965/32/6 5967/32/6
f 5964/32/6 5966/32/6 5968/32/6
f 5966/35/6 5967/35/6 5968/35/6
f 5967/32/6 5965/32/6 5969/32/6
f 5968/35/6 5967/35/6 5969/35/6
f 5964/32/6 5968/32/6 5970/32/6
f 5968/31/6 5969/31/6 5970/31/6
f 5969/32/6 5965/32/6 5971/32/6
f 5970/31/6 5969/31/6 5971/31/6
f 5964/32/6 5970/32/6 5972/32/6
f 5970/34/6 5971/34/6 5972/34/6
f 5972/34/6 5971/34/6 5973/34/6
f 5964/32/6 5972/32/6 5974/32/6
f 5972/31/6 5973/31/6 5974/31/6
f 5973/34/6 5971/34/6 5975/34/6
f 5974/31/6 5973/31/6 5975/31/6
f 5971/32/6 5965/32/6 5976/32/6
f 5975/34/6 5971/34/6 5976/34/6
f 5974/35/6 5975/35/6 5977/35/6
f 5964/32/6 5974/32/6 5977/32/6
f 5975/35/6 5976/35/6 5977/35/6
f 5976/32/6 5965/32/6 5978/32/6
f 5977/35/6 5976/35/6 5978/35/6
f 5964/32/6 5977/32/6 5979/32/6
f 5977/32/6 5978/32/6 5979/32/6
f 5978/32/6 5965/32/6 5980/32/6
f 5979/32/6 5978/32/6 5980/32/6
