# MagicaVoxel @ Ephtracy

# group
o 

# material
mtllib ImagesHP_3000_mah.mtl
usemtl palette

# normals
vn -1 0 0
vn 1 0 0
vn 0 0 1
vn 0 0 -1
vn 0 -1 0
vn 0 1 0

# texcoords
vt 0.220703 0.5
vt 0.283203 0.5
vt 0.287109 0.5
vt 0.291016 0.5
vt 0.294922 0.5
vt 0.298828 0.5
vt 0.302734 0.5
vt 0.376953 0.5
vt 0.380859 0.5
vt 0.384766 0.5
vt 0.396484 0.5
vt 0.408203 0.5
vt 0.439453 0.5
vt 0.443359 0.5
vt 0.447266 0.5
vt 0.451172 0.5
vt 0.462891 0.5
vt 0.548828 0.5
vt 0.552734 0.5
vt 0.564453 0.5
vt 0.568359 0.5
vt 0.572266 0.5
vt 0.576172 0.5
vt 0.626953 0.5
vt 0.630859 0.5
vt 0.634766 0.5
vt 0.638672 0.5
vt 0.642578 0.5
vt 0.654297 0.5
vt 0.662109 0.5
vt 0.666016 0.5
vt 0.669922 0.5
vt 0.673828 0.5
vt 0.677734 0.5
vt 0.681641 0.5
vt 0.685547 0.5
vt 0.712891 0.5
vt 0.720703 0.5
vt 0.724609 0.5
vt 0.732422 0.5
vt 0.736328 0.5
vt 0.751953 0.5
vt 0.759766 0.5
vt 0.767578 0.5
vt 0.771484 0.5
vt 0.970703 0.5

# verts
v -5.4 -0.2 0.9
v -5.4 -0.2 -1.4
v -5.4 0.2 0.6
v -5.4 0.2 0
v -5.4 0.2 -0.1
v -5.4 0.2 -0.4
v -5.4 0.2 -0.5
v -5.4 0.2 -1.1
v -5.4 10.8 0.6
v -5.4 10.8 0
v -5.4 10.8 -0.1
v -5.4 10.8 -0.4
v -5.4 10.8 -0.5
v -5.4 10.8 -1.1
v -5.4 11.2 0.9
v -5.4 11.2 -1.4
v -0.8 1.6 -1.2
v -0.8 1.6 -1.3
v -0.8 2.2 -1.3
v -0.8 2.5 -1.2
v -0.8 2.5 -1.3
v -0.5 4.2 -1.2
v -0.5 4.2 -1.3
v -0.5 4.3 -1.3
v -0.5 4.4 -1.2
v -0.5 4.4 -1.3
v 3.5 1.5 -1.2
v 3.5 1.5 -1.3
v 3.5 1.7 -1.3
v 3.5 1.8 -1.3
v 3.5 1.9 -1.3
v 3.5 2.2 -1.3
v 3.5 2.3 -1.3
v 3.5 2.5 -1.2
v 3.5 2.5 -1.3
v 4.6 3 -1.2
v 4.6 3 -1.3
v 4.6 6.8 -1.3
v 4.6 6.9 -1.3
v 4.6 7.9 -1.3
v 4.6 8 -1.3
v 4.6 8.1 -1.3
v 4.6 8.3 -1.2
v 4.6 8.3 -1.3
v -1 1.6 -1.2
v -1 1.6 -1.3
v -1 2.2 -1.3
v -1 2.5 -1.2
v -1 2.5 -1.3
v -0.6 4.2 -1.2
v -0.6 4.2 -1.3
v -0.6 4.3 -1.3
v -0.6 4.4 -1.2
v -0.6 4.4 -1.3
v 3.2 1.5 -1.2
v 3.2 1.5 -1.3
v 3.2 1.7 -1.3
v 3.2 1.8 -1.3
v 3.2 2 -1.3
v 3.2 2.1 -1.3
v 3.2 2.3 -1.3
v 3.2 2.4 -1.3
v 3.2 2.5 -1.2
v 3.2 2.5 -1.3
v 4.1 3 -1.2
v 4.1 3 -1.3
v 4.1 4.1 -1.3
v 4.1 4.4 -1.3
v 4.1 4.9 -1.3
v 4.1 5.1 -1.3
v 4.1 5.5 -1.3
v 4.1 5.8 -1.3
v 4.1 6 -1.3
v 4.1 6.1 -1.3
v 4.1 6.3 -1.3
v 4.1 6.5 -1.3
v 4.1 6.6 -1.3
v 4.1 7 -1.3
v 4.1 7.2 -1.3
v 4.1 7.4 -1.3
v 4.1 7.7 -1.3
v 4.1 8.3 -1.2
v 4.1 8.3 -1.3
v 4.7 -0.2 0.9
v 4.7 -0.2 -1.4
v 4.7 0.2 0.6
v 4.7 0.2 0
v 4.7 0.2 -0.1
v 4.7 0.2 -0.5
v 4.7 0.2 -1.1
v 4.7 0.3 -0.4
v 4.7 0.3 -0.5
v 4.7 10.8 0.6
v 4.7 10.8 0
v 4.7 10.8 -0.1
v 4.7 10.8 -0.4
v 4.7 10.8 -0.5
v 4.7 10.8 -1.1
v 4.7 11.2 0.9
v 4.7 11.2 -1.4
v -5.4 -0.2 0.9
v -5.4 11.2 0.9
v -5.3 -0.1 0.9
v -5.3 1.5 0.9
v -5.3 1.6 0.9
v -5.3 1.7 0.9
v -5.3 1.8 0.9
v -5.3 1.9 0.9
v -5.3 2 0.9
v -5.3 4.5 0.9
v -5.3 4.7 0.9
v -5.3 5.6 0.9
v -5.3 5.9 0.9
v -5.3 6.1 0.9
v -5.3 6.6 0.9
v -5.3 6.7 0.9
v -5.3 6.9 0.9
v -5.3 7.2 0.9
v -5.3 8.1 0.9
v -5.3 8.2 0.9
v -5.3 8.3 0.9
v -5.3 8.7 0.9
v -5.3 8.8 0.9
v -5.3 8.9 0.9
v -5.3 9.1 0.9
v -5.3 9.2 0.9
v -5.3 9.3 0.9
v -5.3 9.7 0.9
v -5.3 9.9 0.9
v -5.3 10 0.9
v -5.3 10.1 0.9
v -5.3 10.2 0.9
v -5.3 10.3 0.9
v -5.3 10.4 0.9
v -5.3 10.5 0.9
v -5.3 10.8 0.9
v -5.3 10.9 0.9
v -5.3 11 0.9
v -5.3 11.1 0.9
v -5.2 4.4 0.9
v -5.2 4.5 0.9
v -5.2 4.7 0.9
v -5.2 4.8 0.9
v -5.2 5.4 0.9
v -5.2 5.6 0.9
v -5.2 5.8 0.9
v -5.2 5.9 0.9
v -5.2 6.1 0.9
v -5.2 6.4 0.9
v -5.2 6.6 0.9
v -5.2 6.7 0.9
v -5.2 6.9 0.9
v -5.2 7.2 0.9
v -5.2 7.8 0.9
v -5.2 8.3 0.9
v -5.2 8.4 0.9
v -5.2 8.9 0.9
v -5.2 9 0.9
v -5.2 9.1 0.9
v -5.2 9.2 0.9
v -5.2 9.6 0.9
v -5.2 9.7 0.9
v -5.2 10.7 0.9
v -5.2 10.8 0.9
v -5.1 4.8 0.9
v -5.1 4.9 0.9
v -5.1 5 0.9
v -5.1 5.2 0.9
v -5.1 5.4 0.9
v -5.1 5.8 0.9
v -5.1 6.4 0.9
v -5.1 7.4 0.9
v -5.1 8 0.9
v -5.1 8.1 0.9
v -5.1 9.5 0.9
v -5.1 9.6 0.9
v -5.1 10 0.9
v -5.1 10.1 0.9
v -5.1 10.8 0.9
v -5.1 10.9 0.9
v -5 -0.1 0.9
v -5 0.5 0.9
v -5 0.7 0.9
v -5 0.8 0.9
v -5 1 0.9
v -5 1.5 0.9
v -5 2.1 0.9
v -5 2.3 0.9
v -5 3.8 0.9
v -5 3.9 0.9
v -5 4.4 0.9
v -5 4.7 0.9
v -5 4.8 0.9
v -5 4.9 0.9
v -5 5 0.9
v -5 5.6 0.9
v -5 5.7 0.9
v -5 7.1 0.9
v -5 7.3 0.9
v -5 7.4 0.9
v -5 7.5 0.9
v -5 7.8 0.9
v -5 8 0.9
v -5 9.2 0.9
v -5 9.3 0.9
v -5 9.8 0.9
v -5 9.9 0.9
v -5 10.8 0.9
v -5 10.9 0.9
v -5 11 0.9
v -4.9 -0.1 0.9
v -4.9 0.3 0.9
v -4.9 0.4 0.9
v -4.9 0.5 0.9
v -4.9 0.9 0.9
v -4.9 1 0.9
v -4.9 1.5 0.9
v -4.9 2.4 0.9
v -4.9 2.5 0.9
v -4.9 2.7 0.9
v -4.9 2.8 0.9
v -4.9 3.3 0.9
v -4.9 3.8 0.9
v -4.9 3.9 0.9
v -4.9 4.6 0.9
v -4.9 4.7 0.9
v -4.9 5.3 0.9
v -4.9 5.4 0.9
v -4.9 5.5 0.9
v -4.9 5.6 0.9
v -4.9 5.7 0.9
v -4.9 7.1 0.9
v -4.9 7.2 0.9
v -4.9 7.3 0.9
v -4.9 7.4 0.9
v -4.9 7.5 0.9
v -4.9 7.6 0.9
v -4.9 8.2 0.9
v -4.9 8.3 0.9
v -4.9 8.4 0.9
v -4.9 8.5 0.9
v -4.9 9.1 0.9
v -4.9 9.2 0.9
v -4.9 9.4 0.9
v -4.9 9.5 0.9
v -4.9 9.6 0.9
v -4.9 9.7 0.9
v -4.9 9.8 0.9
v -4.9 10.6 0.9
v -4.9 10.7 0.9
v -4.9 11 0.9
v -4.9 11.1 0.9
v -4.8 0.2 0.9
v -4.8 0.3 0.9
v -4.8 0.4 0.9
v -4.8 2.3 0.9
v -4.8 2.4 0.9
v -4.8 2.5 0.9
v -4.8 2.7 0.9
v -4.8 2.8 0.9
v -4.8 2.9 0.9
v -4.8 3 0.9
v -4.8 3.3 0.9
v -4.8 3.8 0.9
v -4.8 3.9 0.9
v -4.8 4.9 0.9
v -4.8 5 0.9
v -4.8 5.1 0.9
v -4.8 5.2 0.9
v -4.8 5.3 0.9
v -4.8 5.4 0.9
v -4.8 5.5 0.9
v -4.8 5.6 0.9
v -4.8 7.2 0.9
v -4.8 7.3 0.9
v -4.8 7.4 0.9
v -4.8 7.5 0.9
v -4.8 7.6 0.9
v -4.8 7.7 0.9
v -4.8 8.7 0.9
v -4.8 8.8 0.9
v -4.8 8.9 0.9
v -4.8 9 0.9
v -4.8 9.8 0.9
v -4.8 9.9 0.9
v -4.8 10.2 0.9
v -4.8 10.3 0.9
v -4.7 0.2 0.9
v -4.7 0.3 0.9
v -4.7 0.4 0.9
v -4.7 1.8 0.9
v -4.7 1.9 0.9
v -4.7 2 0.9
v -4.7 2.1 0.9
v -4.7 2.3 0.9
v -4.7 2.6 0.9
v -4.7 2.8 0.9
v -4.7 2.9 0.9
v -4.7 3 0.9
v -4.7 3.7 0.9
v -4.7 3.9 0.9
v -4.7 4 0.9
v -4.7 4.8 0.9
v -4.7 5 0.9
v -4.7 5.1 0.9
v -4.7 5.2 0.9
v -4.7 5.4 0.9
v -4.7 7.5 0.9
v -4.7 7.6 0.9
v -4.7 7.7 0.9
v -4.7 7.8 0.9
v -4.7 9.2 0.9
v -4.7 9.4 0.9
v -4.7 9.6 0.9
v -4.7 9.8 0.9
v -4.7 9.9 0.9
v -4.7 10 0.9
v -4.7 10.4 0.9
v -4.7 10.5 0.9
v -4.7 10.6 0.9
v -4.7 10.9 0.9
v -4.7 11 0.9
v -4.6 -0.1 0.9
v -4.6 0.3 0.9
v -4.6 0.4 0.9
v -4.6 0.5 0.9
v -4.6 0.9 0.9
v -4.6 1 0.9
v -4.6 1.5 0.9
v -4.6 2.7 0.9
v -4.6 2.8 0.9
v -4.6 2.9 0.9
v -4.6 3 0.9
v -4.6 3.7 0.9
v -4.6 4 0.9
v -4.6 4.1 0.9
v -4.6 4.5 0.9
v -4.6 4.6 0.9
v -4.6 4.7 0.9
v -4.6 4.8 0.9
v -4.6 4.9 0.9
v -4.6 5.1 0.9
v -4.6 5.2 0.9
v -4.6 5.3 0.9
v -4.6 5.4 0.9
v -4.6 5.5 0.9
v -4.6 7.3 0.9
v -4.6 7.4 0.9
v -4.6 7.6 0.9
v -4.6 7.7 0.9
v -4.6 7.8 0.9
v -4.6 7.9 0.9
v -4.6 8.5 0.9
v -4.6 8.7 0.9
v -4.6 8.9 0.9
v -4.6 9 0.9
v -4.6 9.6 0.9
v -4.6 10 0.9
v -4.6 10.1 0.9
v -4.6 10.9 0.9
v -4.6 11 0.9
v -4.5 -0.1 0.9
v -4.5 0.5 0.9
v -4.5 1 0.9
v -4.5 1.5 0.9
v -4.5 2.8 0.9
v -4.5 2.9 0.9
v -4.5 3 0.9
v -4.5 3.1 0.9
v -4.5 3.6 0.9
v -4.5 3.7 0.9
v -4.5 3.9 0.9
v -4.5 4 0.9
v -4.5 4.1 0.9
v -4.5 4.3 0.9
v -4.5 4.8 0.9
v -4.5 4.9 0.9
v -4.5 5 0.9
v -4.5 5.1 0.9
v -4.5 5.2 0.9
v -4.5 5.3 0.9
v -4.5 5.4 0.9
v -4.5 7.4 0.9
v -4.5 7.5 0.9
v -4.5 7.7 0.9
v -4.5 7.8 0.9
v -4.5 7.9 0.9
v -4.5 8 0.9
v -4.5 8.8 0.9
v -4.5 9.1 0.9
v -4.5 9.6 0.9
v -4.5 9.7 0.9
v -4.5 9.9 0.9
v -4.5 10.2 0.9
v -4.5 10.3 0.9
v -4.5 10.4 0.9
v -4.4 -0.1 0.9
v -4.4 0.5 0.9
v -4.4 0.9 0.9
v -4.4 1.5 0.9
v -4.4 1.8 0.9
v -4.4 2 0.9
v -4.4 2.1 0.9
v -4.4 2.3 0.9
v -4.4 2.6 0.9
v -4.4 2.9 0.9
v -4.4 3 0.9
v -4.4 3.1 0.9
v -4.4 3.6 0.9
v -4.4 3.7 0.9
v -4.4 3.8 0.9
v -4.4 3.9 0.9
v -4.4 4.2 0.9
v -4.4 4.3 0.9
v -4.4 4.4 0.9
v -4.4 4.6 0.9
v -4.4 4.7 0.9
v -4.4 5.1 0.9
v -4.4 5.2 0.9
v -4.4 5.3 0.9
v -4.4 7.5 0.9
v -4.4 7.7 0.9
v -4.4 7.8 0.9
v -4.4 7.9 0.9
v -4.4 8 0.9
v -4.4 8.1 0.9
v -4.4 8.9 0.9
v -4.4 9.1 0.9
v -4.4 9.2 0.9
v -4.4 9.5 0.9
v -4.4 9.7 0.9
v -4.4 9.8 0.9
v -4.4 9.9 0.9
v -4.4 10 0.9
v -4.4 10.2 0.9
v -4.4 10.3 0.9
v -4.4 10.4 0.9
v -4.4 10.5 0.9
v -4.3 -0.1 0.9
v -4.3 0.5 0.9
v -4.3 0.9 0.9
v -4.3 1 0.9
v -4.3 1.1 0.9
v -4.3 1.4 0.9
v -4.3 1.9 0.9
v -4.3 2 0.9
v -4.3 2.6 0.9
v -4.3 2.7 0.9
v -4.3 2.8 0.9
v -4.3 3.1 0.9
v -4.3 3.7 0.9
v -4.3 3.8 0.9
v -4.3 3.9 0.9
v -4.3 4 0.9
v -4.3 4.2 0.9
v -4.3 4.3 0.9
v -4.3 4.4 0.9
v -4.3 4.5 0.9
v -4.3 4.6 0.9
v -4.3 4.7 0.9
v -4.3 4.8 0.9
v -4.3 4.9 0.9
v -4.3 5 0.9
v -4.3 5.1 0.9
v -4.3 5.2 0.9
v -4.3 7.7 0.9
v -4.3 7.8 0.9
v -4.3 7.9 0.9
v -4.3 8.1 0.9
v -4.3 8.3 0.9
v -4.3 8.6 0.9
v -4.3 8.7 0.9
v -4.3 8.8 0.9
v -4.3 8.9 0.9
v -4.3 9.1 0.9
v -4.3 9.4 0.9
v -4.3 9.5 0.9
v -4.3 9.6 0.9
v -4.3 9.8 0.9
v -4.3 10 0.9
v -4.3 10.1 0.9
v -4.3 10.4 0.9
v -4.3 10.5 0.9
v -4.2 -0.1 0.9
v -4.2 0.5 0.9
v -4.2 2.8 0.9
v -4.2 2.9 0.9
v -4.2 3 0.9
v -4.2 3.1 0.9
v -4.2 3.2 0.9
v -4.2 3.7 0.9
v -4.2 3.8 0.9
v -4.2 3.9 0.9
v -4.2 4 0.9
v -4.2 4.1 0.9
v -4.2 4.3 0.9
v -4.2 4.5 0.9
v -4.2 4.8 0.9
v -4.2 4.9 0.9
v -4.2 5 0.9
v -4.2 5.1 0.9
v -4.2 7.8 0.9
v -4.2 7.9 0.9
v -4.2 8.1 0.9
v -4.2 8.2 0.9
v -4.2 8.3 0.9
v -4.2 8.6 0.9
v -4.2 8.7 0.9
v -4.2 8.8 0.9
v -4.2 9.3 0.9
v -4.2 9.4 0.9
v -4.2 9.5 0.9
v -4.2 9.6 0.9
v -4.2 9.7 0.9
v -4.1 0 0.9
v -4.1 0.5 0.9
v -4.1 1 0.9
v -4.1 1.1 0.9
v -4.1 1.4 0.9
v -4.1 1.5 0.9
v -4.1 2.1 0.9
v -4.1 2.3 0.9
v -4.1 2.7 0.9
v -4.1 2.8 0.9
v -4.1 2.9 0.9
v -4.1 3 0.9
v -4.1 3.1 0.9
v -4.1 3.2 0.9
v -4.1 3.3 0.9
v -4.1 3.5 0.9
v -4.1 3.8 0.9
v -4.1 4.1 0.9
v -4.1 4.2 0.9
v -4.1 4.3 0.9
v -4.1 4.5 0.9
v -4.1 4.9 0.9
v -4.1 5 0.9
v -4.1 5.1 0.9
v -4.1 7.9 0.9
v -4.1 8.1 0.9
v -4.1 8.2 0.9
v -4.1 8.4 0.9
v -4.1 8.5 0.9
v -4.1 8.7 0.9
v -4.1 8.8 0.9
v -4.1 9.2 0.9
v -4.1 9.3 0.9
v -4.1 9.5 0.9
v -4.1 9.6 0.9
v -4.1 9.7 0.9
v -4.1 9.8 0.9
v -4 1.1 0.9
v -4 1.4 0.9
v -4 1.7 0.9
v -4 1.8 0.9
v -4 1.9 0.9
v -4 2.6 0.9
v -4 2.8 0.9
v -4 2.9 0.9
v -4 3 0.9
v -4 3.1 0.9
v -4 3.2 0.9
v -4 3.3 0.9
v -4 3.5 0.9
v -4 4.1 0.9
v -4 4.2 0.9
v -4 4.3 0.9
v -4 4.4 0.9
v -4 4.5 0.9
v -4 4.7 0.9
v -4 4.8 0.9
v -4 4.9 0.9
v -4 5 0.9
v -4 8.1 0.9
v -4 8.4 0.9
v -4 8.5 0.9
v -4 8.6 0.9
v -4 8.8 0.9
v -4 9.2 0.9
v -4 9.4 0.9
v -4 9.5 0.9
v -4 9.6 0.9
v -4 9.7 0.9
v -4 9.8 0.9
v -4 9.9 0.9
v -4 10.1 0.9
v -4 10.2 0.9
v -4 10.5 0.9
v -4 10.6 0.9
v -4 10.9 0.9
v -4 11 0.9
v -3.9 -0.1 0.9
v -3.9 0 0.9
v -3.9 1 0.9
v -3.9 1.4 0.9
v -3.9 1.8 0.9
v -3.9 2.7 0.9
v -3.9 2.9 0.9
v -3.9 3.1 0.9
v -3.9 3.4 0.9
v -3.9 3.5 0.9
v -3.9 3.7 0.9
v -3.9 3.9 0.9
v -3.9 4.1 0.9
v -3.9 4.4 0.9
v -3.9 4.6 0.9
v -3.9 4.7 0.9
v -3.9 4.8 0.9
v -3.9 4.9 0.9
v -3.9 6.5 0.9
v -3.9 6.7 0.9
v -3.9 8.4 0.9
v -3.9 8.5 0.9
v -3.9 8.6 0.9
v -3.9 8.7 0.9
v -3.9 9.2 0.9
v -3.9 9.4 0.9
v -3.9 9.5 0.9
v -3.9 9.6 0.9
v -3.9 9.7 0.9
v -3.9 9.8 0.9
v -3.9 9.9 0.9
v -3.9 10 0.9
v -3.9 10.2 0.9
v -3.9 10.3 0.9
v -3.9 10.4 0.9
v -3.9 10.5 0.9
v -3.9 10.6 0.9
v -3.9 10.9 0.9
v -3.8 -0.1 0.9
v -3.8 0.5 0.9
v -3.8 0.9 0.9
v -3.8 1 0.9
v -3.8 1.4 0.9
v -3.8 1.5 0.9
v -3.8 1.8 0.9
v -3.8 2.2 0.9
v -3.8 2.3 0.9
v -3.8 2.7 0.9
v -3.8 2.8 0.9
v -3.8 3 0.9
v -3.8 3.1 0.9
v -3.8 3.2 0.9
v -3.8 3.3 0.9
v -3.8 3.4 0.9
v -3.8 3.7 0.9
v -3.8 3.8 0.9
v -3.8 3.9 0.9
v -3.8 4 0.9
v -3.8 4.1 0.9
v -3.8 4.2 0.9
v -3.8 4.5 0.9
v -3.8 5.2 0.9
v -3.8 6.5 0.9
v -3.8 6.7 0.9
v -3.8 8.4 0.9
v -3.8 8.5 0.9
v -3.8 8.6 0.9
v -3.8 8.8 0.9
v -3.8 9 0.9
v -3.8 9.4 0.9
v -3.8 9.5 0.9
v -3.8 9.6 0.9
v -3.8 9.7 0.9
v -3.8 9.8 0.9
v -3.8 9.9 0.9
v -3.8 10 0.9
v -3.8 10.1 0.9
v -3.8 10.4 0.9
v -3.8 10.5 0.9
v -3.7 0 0.9
v -3.7 0.5 0.9
v -3.7 2.8 0.9
v -3.7 2.9 0.9
v -3.7 3 0.9
v -3.7 3.1 0.9
v -3.7 3.2 0.9
v -3.7 3.3 0.9
v -3.7 3.4 0.9
v -3.7 3.8 0.9
v -3.7 3.9 0.9
v -3.7 4 0.9
v -3.7 4.1 0.9
v -3.7 4.2 0.9
v -3.7 4.3 0.9
v -3.7 4.5 0.9
v -3.7 5.1 0.9
v -3.7 5.2 0.9
v -3.7 8.4 0.9
v -3.7 8.5 0.9
v -3.7 8.7 0.9
v -3.7 8.9 0.9
v -3.7 9 0.9
v -3.7 9.1 0.9
v -3.7 9.5 0.9
v -3.7 9.6 0.9
v -3.7 9.8 0.9
v -3.7 9.9 0.9
v -3.7 10 0.9
v -3.7 10.1 0.9
v -3.7 10.7 0.9
v -3.6 1.1 0.9
v -3.6 1.2 0.9
v -3.6 1.5 0.9
v -3.6 1.6 0.9
v -3.6 1.8 0.9
v -3.6 2.2 0.9
v -3.6 2.3 0.9
v -3.6 2.7 0.9
v -3.6 2.9 0.9
v -3.6 3.1 0.9
v -3.6 3.3 0.9
v -3.6 3.4 0.9
v -3.6 3.5 0.9
v -3.6 3.7 0.9
v -3.6 3.9 0.9
v -3.6 4 0.9
v -3.6 4.1 0.9
v -3.6 4.2 0.9
v -3.6 4.3 0.9
v -3.6 4.4 0.9
v -3.6 4.5 0.9
v -3.6 5 0.9
v -3.6 5.1 0.9
v -3.6 8.9 0.9
v -3.6 9 0.9
v -3.6 9.1 0.9
v -3.6 9.2 0.9
v -3.6 9.6 0.9
v -3.6 9.7 0.9
v -3.6 9.8 0.9
v -3.6 9.9 0.9
v -3.6 10 0.9
v -3.6 10.5 0.9
v -3.6 10.6 0.9
v -3.6 10.7 0.9
v -3.6 11 0.9
v -3.5 -0.1 0.9
v -3.5 0 0.9
v -3.5 1.8 0.9
v -3.5 1.9 0.9
v -3.5 2.7 0.9
v -3.5 3.3 0.9
v -3.5 3.4 0.9
v -3.5 3.5 0.9
v -3.5 3.6 0.9
v -3.5 3.8 0.9
v -3.5 3.9 0.9
v -3.5 4.1 0.9
v -3.5 4.2 0.9
v -3.5 4.5 0.9
v -3.5 4.6 0.9
v -3.5 8.6 0.9
v -3.5 8.7 0.9
v -3.5 8.8 0.9
v -3.5 8.9 0.9
v -3.5 9 0.9
v -3.5 9.1 0.9
v -3.5 9.3 0.9
v -3.5 9.7 0.9
v -3.5 9.9 0.9
v -3.5 10.2 0.9
v -3.5 10.4 0.9
v -3.5 10.5 0.9
v -3.5 10.6 0.9
v -3.5 11 0.9
v -3.5 11.1 0.9
v -3.4 -0.1 0.9
v -3.4 0.5 0.9
v -3.4 0.9 0.9
v -3.4 1 0.9
v -3.4 1.1 0.9
v -3.4 1.3 0.9
v -3.4 1.4 0.9
v -3.4 1.5 0.9
v -3.4 3.4 0.9
v -3.4 3.5 0.9
v -3.4 3.6 0.9
v -3.4 3.7 0.9
v -3.4 3.8 0.9
v -3.4 3.9 0.9
v -3.4 4 0.9
v -3.4 4.3 0.9
v -3.4 4.4 0.9
v -3.4 5.1 0.9
v -3.4 8.3 0.9
v -3.4 8.8 0.9
v -3.4 8.9 0.9
v -3.4 9 0.9
v -3.4 9.2 0.9
v -3.4 9.3 0.9
v -3.4 9.4 0.9
v -3.4 9.8 0.9
v -3.4 10.2 0.9
v -3.4 10.4 0.9
v -3.4 10.5 0.9
v -3.4 10.6 0.9
v -3.4 10.9 0.9
v -3.4 11 0.9
v -3.4 11.1 0.9
v -3.3 -0.1 0.9
v -3.3 0.5 0.9
v -3.3 1 0.9
v -3.3 1.2 0.9
v -3.3 1.3 0.9
v -3.3 1.4 0.9
v -3.3 1.8 0.9
v -3.3 1.9 0.9
v -3.3 2.7 0.9
v -3.3 2.9 0.9
v -3.3 3.1 0.9
v -3.3 3.2 0.9
v -3.3 3.3 0.9
v -3.3 3.4 0.9
v -3.3 3.5 0.9
v -3.3 3.6 0.9
v -3.3 4 0.9
v -3.3 4.1 0.9
v -3.3 4.4 0.9
v -3.3 4.5 0.9
v -3.3 5 0.9
v -3.3 5.1 0.9
v -3.3 8.3 0.9
v -3.3 8.5 0.9
v -3.3 8.6 0.9
v -3.3 8.8 0.9
v -3.3 9 0.9
v -3.3 9.1 0.9
v -3.3 9.3 0.9
v -3.3 10 0.9
v -3.3 10.1 0.9
v -3.3 10.2 0.9
v -3.3 10.4 0.9
v -3.2 -0.1 0.9
v -3.2 0.4 0.9
v -3.2 0.9 0.9
v -3.2 1.4 0.9
v -3.2 1.5 0.9
v -3.2 1.8 0.9
v -3.2 2.2 0.9
v -3.2 2.3 0.9
v -3.2 2.6 0.9
v -3.2 3.3 0.9
v -3.2 3.4 0.9
v -3.2 3.5 0.9
v -3.2 3.6 0.9
v -3.2 3.7 0.9
v -3.2 3.8 0.9
v -3.2 3.9 0.9
v -3.2 4.9 0.9
v -3.2 5 0.9
v -3.2 8.6 0.9
v -3.2 8.7 0.9
v -3.2 9.1 0.9
v -3.2 9.2 0.9
v -3.2 9.5 0.9
v -3.2 9.8 0.9
v -3.2 9.9 0.9
v -3.2 10 0.9
v -3.2 10.3 0.9
v -3.2 10.5 0.9
v -3.2 10.8 0.9
v -3.2 10.9 0.9
v -3.1 -0.1 0.9
v -3.1 0.1 0.9
v -3.1 0.2 0.9
v -3.1 0.4 0.9
v -3.1 0.5 0.9
v -3.1 0.9 0.9
v -3.1 1.1 0.9
v -3.1 1.2 0.9
v -3.1 1.4 0.9
v -3.1 1.8 0.9
v -3.1 1.9 0.9
v -3.1 2 0.9
v -3.1 2.9 0.9
v -3.1 3 0.9
v -3.1 3.2 0.9
v -3.1 3.4 0.9
v -3.1 3.5 0.9
v -3.1 3.6 0.9
v -3.1 3.7 0.9
v -3.1 3.8 0.9
v -3.1 3.9 0.9
v -3.1 4 0.9
v -3.1 4.1 0.9
v -3.1 4.4 0.9
v -3.1 4.7 0.9
v -3.1 4.8 0.9
v -3.1 9.4 0.9
v -3.1 9.5 0.9
v -3.1 9.6 0.9
v -3.1 9.7 0.9
v -3.1 9.8 0.9
v -3.1 9.9 0.9
v -3.1 10 0.9
v -3.1 10.1 0.9
v -3 2 0.9
v -3 2.1 0.9
v -3 2.2 0.9
v -3 2.3 0.9
v -3 2.6 0.9
v -3 2.7 0.9
v -3 2.8 0.9
v -3 2.9 0.9
v -3 3 0.9
v -3 3.1 0.9
v -3 3.5 0.9
v -3 3.6 0.9
v -3 3.7 0.9
v -3 3.9 0.9
v -3 4 0.9
v -3 4.4 0.9
v -3 4.6 0.9
v -3 4.7 0.9
v -3 4.8 0.9
v -3 5.3 0.9
v -3 8.1 0.9
v -3 9.1 0.9
v -3 9.2 0.9
v -3 9.3 0.9
v -3 9.5 0.9
v -3 9.6 0.9
v -3 9.8 0.9
v -3 9.9 0.9
v -3 10 0.9
v -3 10.7 0.9
v -3 10.8 0.9
v -3 11 0.9
v -3 11.1 0.9
v -2.9 -0.1 0.9
v -2.9 0.1 0.9
v -2.9 0.2 0.9
v -2.9 0.4 0.9
v -2.9 0.5 0.9
v -2.9 1 0.9
v -2.9 1.1 0.9
v -2.9 1.8 0.9
v -2.9 1.9 0.9
v -2.9 2.3 0.9
v -2.9 2.6 0.9
v -2.9 2.7 0.9
v -2.9 2.8 0.9
v -2.9 3.4 0.9
v -2.9 3.5 0.9
v -2.9 3.6 0.9
v -2.9 3.7 0.9
v -2.9 3.9 0.9
v -2.9 4 0.9
v -2.9 4.1 0.9
v -2.9 4.2 0.9
v -2.9 5.2 0.9
v -2.9 5.3 0.9
v -2.9 8.1 0.9
v -2.9 9.4 0.9
v -2.9 9.5 0.9
v -2.9 9.6 0.9
v -2.9 10.6 0.9
v -2.9 10.7 0.9
v -2.8 -0.1 0.9
v -2.8 0.4 0.9
v -2.8 0.9 0.9
v -2.8 1 0.9
v -2.8 1.1 0.9
v -2.8 1.2 0.9
v -2.8 1.4 0.9
v -2.8 1.5 0.9
v -2.8 1.8 0.9
v -2.8 2.1 0.9
v -2.8 3.5 0.9
v -2.8 3.6 0.9
v -2.8 4 0.9
v -2.8 4.1 0.9
v -2.8 4.2 0.9
v -2.8 4.3 0.9
v -2.8 5.1 0.9
v -2.8 5.2 0.9
v -2.8 5.3 0.9
v -2.8 5.4 0.9
v -2.8 8 0.9
v -2.8 9 0.9
v -2.8 9.1 0.9
v -2.8 9.5 0.9
v -2.8 9.7 0.9
v -2.8 10.2 0.9
v -2.8 10.3 0.9
v -2.7 -0.1 0.9
v -2.7 0.5 0.9
v -2.7 0.9 0.9
v -2.7 1.1 0.9
v -2.7 1.2 0.9
v -2.7 1.4 0.9
v -2.7 3.4 0.9
v -2.7 3.5 0.9
v -2.7 3.8 0.9
v -2.7 3.9 0.9
v -2.7 4 0.9
v -2.7 4.1 0.9
v -2.7 4.2 0.9
v -2.7 5.4 0.9
v -2.7 8 0.9
v -2.7 8.1 0.9
v -2.7 8.2 0.9
v -2.7 8.9 0.9
v -2.7 9 0.9
v -2.7 9.1 0.9
v -2.7 9.2 0.9
v -2.7 9.8 0.9
v -2.7 9.9 0.9
v -2.7 10.1 0.9
v -2.7 10.2 0.9
v -2.7 10.5 0.9
v -2.7 10.6 0.9
v -2.7 10.9 0.9
v -2.7 11 0.9
v -2.7 11.1 0.9
v -2.6 -0.1 0.9
v -2.6 0.3 0.9
v -2.6 0.4 0.9
v -2.6 0.5 0.9
v -2.6 2.9 0.9
v -2.6 3 0.9
v -2.6 3.1 0.9
v -2.6 3.2 0.9
v -2.6 3.5 0.9
v -2.6 3.6 0.9
v -2.6 3.7 0.9
v -2.6 3.9 0.9
v -2.6 4.1 0.9
v -2.6 4.2 0.9
v -2.6 4.3 0.9
v -2.6 5.3 0.9
v -2.6 5.4 0.9
v -2.6 5.6 0.9
v -2.6 6.4 0.9
v -2.6 7.1 0.9
v -2.6 7.7 0.9
v -2.6 8 0.9
v -2.6 8.1 0.9
v -2.6 8.8 0.9
v -2.6 8.9 0.9
v -2.6 9 0.9
v -2.6 9.1 0.9
v -2.6 9.4 0.9
v -2.6 9.5 0.9
v -2.6 9.6 0.9
v -2.6 9.7 0.9
v -2.6 9.8 0.9
v -2.6 10.1 0.9
v -2.6 10.2 0.9
v -2.6 10.5 0.9
v -2.6 10.6 0.9
v -2.6 10.9 0.9
v -2.6 11 0.9
v -2.6 11.1 0.9
v -2.5 0.2 0.9
v -2.5 0.3 0.9
v -2.5 0.4 0.9
v -2.5 0.9 0.9
v -2.5 1.4 0.9
v -2.5 4.2 0.9
v -2.5 4.3 0.9
v -2.5 5.5 0.9
v -2.5 5.6 0.9
v -2.5 6.4 0.9
v -2.5 7.1 0.9
v -2.5 7.7 0.9
v -2.5 7.8 0.9
v -2.5 8.8 0.9
v -2.5 9 0.9
v -2.5 9.5 0.9
v -2.5 9.6 0.9
v -2.5 9.9 0.9
v -2.5 11.1 0.9
v -2.4 0.2 0.9
v -2.4 0.3 0.9
v -2.4 0.4 0.9
v -2.4 0.9 0.9
v -2.4 1.1 0.9
v -2.4 1.2 0.9
v -2.4 1.4 0.9
v -2.4 1.5 0.9
v -2.4 2.9 0.9
v -2.4 3 0.9
v -2.4 3.1 0.9
v -2.4 3.8 0.9
v -2.4 3.9 0.9
v -2.4 4 0.9
v -2.4 4.1 0.9
v -2.4 4.3 0.9
v -2.4 5 0.9
v -2.4 5.1 0.9
v -2.4 5.2 0.9
v -2.4 6.7 0.9
v -2.4 7.2 0.9
v -2.4 7.8 0.9
v -2.4 7.9 0.9
v -2.4 9.4 0.9
v -2.4 9.5 0.9
v -2.4 9.6 0.9
v -2.4 9.7 0.9
v -2.4 9.9 0.9
v -2.4 10.1 0.9
v -2.4 10.2 0.9
v -2.4 10.3 0.9
v -2.4 10.4 0.9
v -2.4 10.6 0.9
v -2.4 10.8 0.9
v -2.4 10.9 0.9
v -2.3 -0.1 0.9
v -2.3 0.3 0.9
v -2.3 0.4 0.9
v -2.3 0.5 0.9
v -2.3 2.2 0.9
v -2.3 2.3 0.9
v -2.3 3.2 0.9
v -2.3 3.3 0.9
v -2.3 4 0.9
v -2.3 4.1 0.9
v -2.3 4.3 0.9
v -2.3 6.6 0.9
v -2.3 6.7 0.9
v -2.3 7.2 0.9
v -2.3 7.3 0.9
v -2.3 9.4 0.9
v -2.3 9.6 0.9
v -2.3 9.7 0.9
v -2.3 9.9 0.9
v -2.3 10.1 0.9
v -2.3 10.2 0.9
v -2.3 10.3 0.9
v -2.3 10.4 0.9
v -2.3 10.6 0.9
v -2.3 10.7 0.9
v -2.3 10.8 0.9
v -2.2 -0.1 0.9
v -2.2 0.5 0.9
v -2.2 1.9 0.9
v -2.2 2 0.9
v -2.2 2.3 0.9
v -2.2 2.4 0.9
v -2.2 3 0.9
v -2.2 3.1 0.9
v -2.2 3.5 0.9
v -2.2 3.6 0.9
v -2.2 3.7 0.9
v -2.2 3.8 0.9
v -2.2 3.9 0.9
v -2.2 4 0.9
v -2.2 4.1 0.9
v -2.2 4.3 0.9
v -2.2 6.5 0.9
v -2.2 6.6 0.9
v -2.2 7.3 0.9
v -2.2 7.4 0.9
v -2.2 9 0.9
v -2.2 9.1 0.9
v -2.2 9.5 0.9
v -2.2 9.6 0.9
v -2.2 9.7 0.9
v -2.2 9.8 0.9
v -2.2 9.9 0.9
v -2.2 10.1 0.9
v -2.2 10.6 0.9
v -2.2 10.8 0.9
v -2.2 10.9 0.9
v -2.2 11 0.9
v -2.2 11.1 0.9
v -2.1 -0.1 0.9
v -2.1 0.5 0.9
v -2.1 0.9 0.9
v -2.1 1.1 0.9
v -2.1 1.2 0.9
v -2.1 1.4 0.9
v -2.1 1.5 0.9
v -2.1 1.7 0.9
v -2.1 1.8 0.9
v -2.1 1.9 0.9
v -2.1 2 0.9
v -2.1 2.1 0.9
v -2.1 2.2 0.9
v -2.1 2.3 0.9
v -2.1 2.4 0.9
v -2.1 2.5 0.9
v -2.1 3.3 0.9
v -2.1 3.4 0.9
v -2.1 3.6 0.9
v -2.1 3.7 0.9
v -2.1 3.8 0.9
v -2.1 3.9 0.9
v -2.1 4 0.9
v -2.1 4.3 0.9
v -2.1 6.4 0.9
v -2.1 6.5 0.9
v -2.1 6.9 0.9
v -2.1 7.1 0.9
v -2.1 7.2 0.9
v -2.1 7.4 0.9
v -2.1 7.5 0.9
v -2.1 8.9 0.9
v -2.1 9.1 0.9
v -2.1 9.2 0.9
v -2.1 9.3 0.9
v -2.1 9.4 0.9
v -2.1 9.5 0.9
v -2.1 9.6 0.9
v -2.1 9.7 0.9
v -2.1 9.8 0.9
v -2.1 10.1 0.9
v -2.1 10.6 0.9
v -2 -0.1 0.9
v -2 0.1 0.9
v -2 0.2 0.9
v -2 0.4 0.9
v -2 0.9 0.9
v -2 1.4 0.9
v -2 3.1 0.9
v -2 3.4 0.9
v -2 3.5 0.9
v -2 3.7 0.9
v -2 3.9 0.9
v -2 4 0.9
v -2 4.3 0.9
v -2 6.3 0.9
v -2 6.4 0.9
v -2 6.9 0.9
v -2 7.1 0.9
v -2 7.2 0.9
v -2 7.3 0.9
v -2 7.5 0.9
v -2 7.6 0.9
v -2 8.8 0.9
v -2 8.9 0.9
v -2 9 0.9
v -2 9.1 0.9
v -2 9.2 0.9
v -2 9.3 0.9
v -2 9.4 0.9
v -2 9.6 0.9
v -2 10.8 0.9
v -2 10.9 0.9
v -1.9 0.9 0.9
v -1.9 1.4 0.9
v -1.9 1.5 0.9
v -1.9 2.1 0.9
v -1.9 2.2 0.9
v -1.9 3.2 0.9
v -1.9 3.4 0.9
v -1.9 3.5 0.9
v -1.9 4.3 0.9
v -1.9 6.2 0.9
v -1.9 6.3 0.9
v -1.9 6.9 0.9
v -1.9 7.1 0.9
v -1.9 7.2 0.9
v -1.9 7.3 0.9
v -1.9 7.4 0.9
v -1.9 7.6 0.9
v -1.9 7.7 0.9
v -1.9 8.8 0.9
v -1.9 9 0.9
v -1.9 9.1 0.9
v -1.9 9.2 0.9
v -1.9 9.3 0.9
v -1.9 9.4 0.9
v -1.9 10.5 0.9
v -1.9 10.6 0.9
v -1.9 10.8 0.9
v -1.9 10.9 0.9
v -1.8 0.1 0.9
v -1.8 0.2 0.9
v -1.8 0.4 0.9
v -1.8 0.5 0.9
v -1.8 1 0.9
v -1.8 1.4 0.9
v -1.8 2.1 0.9
v -1.8 2.2 0.9
v -1.8 2.3 0.9
v -1.8 3.3 0.9
v -1.8 3.5 0.9
v -1.8 3.6 0.9
v -1.8 3.8 0.9
v -1.8 4.3 0.9
v -1.8 6 0.9
v -1.8 6.2 0.9
v -1.8 7.1 0.9
v -1.8 7.2 0.9
v -1.8 7.3 0.9
v -1.8 7.4 0.9
v -1.8 8.5 0.9
v -1.8 8.6 0.9
v -1.8 8.7 0.9
v -1.8 8.8 0.9
v -1.8 9.1 0.9
v -1.8 9.2 0.9
v -1.8 9.3 0.9
v -1.8 9.4 0.9
v -1.8 10 0.9
v -1.8 10.4 0.9
v -1.7 0.2 0.9
v -1.7 0.4 0.9
v -1.7 1.3 0.9
v -1.7 1.4 0.9
v -1.7 2.8 0.9
v -1.7 2.9 0.9
v -1.7 3.4 0.9
v -1.7 3.5 0.9
v -1.7 3.6 0.9
v -1.7 3.8 0.9
v -1.7 3.9 0.9
v -1.7 4.3 0.9
v -1.7 5.9 0.9
v -1.7 6 0.9
v -1.7 8.7 0.9
v -1.7 8.8 0.9
v -1.7 8.9 0.9
v -1.7 9.1 0.9
v -1.7 9.4 0.9
v -1.7 9.9 0.9
v -1.7 10 0.9
v -1.7 10.4 0.9
v -1.7 10.6 0.9
v -1.7 10.7 0.9
v -1.6 1.5 0.9
v -1.6 1.6 0.9
v -1.6 2 0.9
v -1.6 2.1 0.9
v -1.6 2.9 0.9
v -1.6 3 0.9
v -1.6 3.4 0.9
v -1.6 3.5 0.9
v -1.6 3.6 0.9
v -1.6 3.7 0.9
v -1.6 3.9 0.9
v -1.6 5.8 0.9
v -1.6 5.9 0.9
v -1.6 7.2 0.9
v -1.6 7.3 0.9
v -1.6 7.4 0.9
v -1.6 7.6 0.9
v -1.6 7.7 0.9
v -1.6 8.7 0.9
v -1.6 8.8 0.9
v -1.6 8.9 0.9
v -1.6 9.3 0.9
v -1.6 9.9 0.9
v -1.6 10.4 0.9
v -1.6 10.5 0.9
v -1.6 10.6 0.9
v -1.6 10.7 0.9
v -1.6 10.8 0.9
v -1.6 10.9 0.9
v -1.6 11 0.9
v -1.6 11.1 0.9
v -1.5 0.9 0.9
v -1.5 1 0.9
v -1.5 1.3 0.9
v -1.5 1.4 0.9
v -1.5 1.5 0.9
v -1.5 3.4 0.9
v -1.5 3.5 0.9
v -1.5 4.4 0.9
v -1.5 4.5 0.9
v -1.5 5.7 0.9
v -1.5 5.8 0.9
v -1.5 7.3 0.9
v -1.5 7.4 0.9
v -1.5 7.5 0.9
v -1.5 7.6 0.9
v -1.5 8.9 0.9
v -1.5 9 0.9
v -1.5 9.4 0.9
v -1.5 9.9 0.9
v -1.5 10.4 0.9
v -1.5 10.9 0.9
v -1.5 11 0.9
v -1.4 -0.1 0.9
v -1.4 0.5 0.9
v -1.4 1 0.9
v -1.4 1.3 0.9
v -1.4 1.4 0.9
v -1.4 1.9 0.9
v -1.4 2 0.9
v -1.4 2.1 0.9
v -1.4 2.7 0.9
v -1.4 2.8 0.9
v -1.4 3 0.9
v -1.4 3.1 0.9
v -1.4 3.2 0.9
v -1.4 3.3 0.9
v -1.4 3.4 0.9
v -1.4 3.5 0.9
v -1.4 3.6 0.9
v -1.4 3.7 0.9
v -1.4 3.8 0.9
v -1.4 4.3 0.9
v -1.4 4.4 0.9
v -1.4 5.6 0.9
v -1.4 5.7 0.9
v -1.4 7.4 0.9
v -1.4 7.5 0.9
v -1.4 9 0.9
v -1.4 9.1 0.9
v -1.4 9.4 0.9
v -1.4 9.9 0.9
v -1.4 10.6 0.9
v -1.4 10.7 0.9
v -1.4 10.8 0.9
v -1.4 10.9 0.9
v -1.3 0 0.9
v -1.3 0.1 0.9
v -1.3 0.3 0.9
v -1.3 0.4 0.9
v -1.3 0.9 0.9
v -1.3 1.3 0.9
v -1.3 1.4 0.9
v -1.3 1.5 0.9
v -1.3 1.7 0.9
v -1.3 1.8 0.9
v -1.3 2.3 0.9
v -1.3 2.4 0.9
v -1.3 2.8 0.9
v -1.3 2.9 0.9
v -1.3 3.4 0.9
v -1.3 3.5 0.9
v -1.3 3.6 0.9
v -1.3 3.7 0.9
v -1.3 3.8 0.9
v -1.3 4.2 0.9
v -1.3 4.3 0.9
v -1.3 4.4 0.9
v -1.3 9.5 0.9
v -1.3 10.2 0.9
v -1.3 10.9 0.9
v -1.3 11 0.9
v -1.2 1 0.9
v -1.2 1.1 0.9
v -1.2 1.2 0.9
v -1.2 1.3 0.9
v -1.2 1.4 0.9
v -1.2 1.8 0.9
v -1.2 1.9 0.9
v -1.2 2.6 0.9
v -1.2 2.7 0.9
v -1.2 3.3 0.9
v -1.2 3.4 0.9
v -1.2 3.5 0.9
v -1.2 3.6 0.9
v -1.2 3.7 0.9
v -1.2 3.8 0.9
v -1.2 3.9 0.9
v -1.2 4 0.9
v -1.2 4.1 0.9
v -1.2 4.2 0.9
v -1.2 4.3 0.9
v -1.2 5.6 0.9
v -1.2 5.8 0.9
v -1.2 9 0.9
v -1.2 9.1 0.9
v -1.2 9.5 0.9
v -1.2 10.2 0.9
v -1.2 10.9 0.9
v -1.1 -0.1 0.9
v -1.1 0 0.9
v -1.1 0.1 0.9
v -1.1 0.2 0.9
v -1.1 0.3 0.9
v -1.1 0.4 0.9
v -1.1 0.5 0.9
v -1.1 1.7 0.9
v -1.1 1.8 0.9
v -1.1 1.9 0.9
v -1.1 2.5 0.9
v -1.1 2.6 0.9
v -1.1 3.1 0.9
v -1.1 3.3 0.9
v -1.1 3.4 0.9
v -1.1 3.5 0.9
v -1.1 3.6 0.9
v -1.1 3.8 0.9
v -1.1 3.9 0.9
v -1.1 4 0.9
v -1.1 4.1 0.9
v -1.1 4.4 0.9
v -1.1 5.6 0.9
v -1.1 5.7 0.9
v -1.1 5.8 0.9
v -1.1 5.9 0.9
v -1.1 7.4 0.9
v -1.1 7.5 0.9
v -1.1 8.9 0.9
v -1.1 9 0.9
v -1.1 10.8 0.9
v -1.1 10.9 0.9
v -1.1 11 0.9
v -1.1 11.1 0.9
v -1 0 0.9
v -1 0.1 0.9
v -1 0.2 0.9
v -1 0.4 0.9
v -1 1.3 0.9
v -1 1.4 0.9
v -1 2.3 0.9
v -1 2.4 0.9
v -1 2.5 0.9
v -1 2.6 0.9
v -1 2.7 0.9
v -1 3.5 0.9
v -1 3.8 0.9
v -1 3.9 0.9
v -1 4.4 0.9
v -1 5.7 0.9
v -1 5.8 0.9
v -1 5.9 0.9
v -1 6 0.9
v -1 7.5 0.9
v -1 7.6 0.9
v -1 8.8 0.9
v -1 8.9 0.9
v -1 9.8 0.9
v -1 10.5 0.9
v -1 10.7 0.9
v -1 10.8 0.9
v -1 10.9 0.9
v -1 11 0.9
v -0.9 0 0.9
v -0.9 0.4 0.9
v -0.9 0.7 0.9
v -0.9 0.8 0.9
v -0.9 0.9 0.9
v -0.9 1 0.9
v -0.9 1.1 0.9
v -0.9 1.2 0.9
v -0.9 1.4 0.9
v -0.9 1.5 0.9
v -0.9 1.6 0.9
v -0.9 1.7 0.9
v -0.9 1.8 0.9
v -0.9 2.1 0.9
v -0.9 2.2 0.9
v -0.9 2.5 0.9
v -0.9 2.6 0.9
v -0.9 2.8 0.9
v -0.9 3.1 0.9
v -0.9 3.7 0.9
v -0.9 3.8 0.9
v -0.9 3.9 0.9
v -0.9 4.4 0.9
v -0.9 4.6 0.9
v -0.9 4.7 0.9
v -0.9 5.8 0.9
v -0.9 5.9 0.9
v -0.9 6 0.9
v -0.9 6.1 0.9
v -0.9 7.6 0.9
v -0.9 7.7 0.9
v -0.9 7.8 0.9
v -0.9 7.9 0.9
v -0.9 8 0.9
v -0.9 8.7 0.9
v -0.9 8.8 0.9
v -0.9 9.8 0.9
v -0.9 10.5 0.9
v -0.9 10.6 0.9
v -0.9 10.7 0.9
v -0.9 10.8 0.9
v -0.9 10.9 0.9
v -0.8 -0.1 0.9
v -0.8 0 0.9
v -0.8 0.4 0.9
v -0.8 0.5 0.9
v -0.8 1.5 0.9
v -0.8 1.6 0.9
v -0.8 2.2 0.9
v -0.8 2.5 0.9
v -0.8 2.7 0.9
v -0.8 2.8 0.9
v -0.8 3.2 0.9
v -0.8 3.3 0.9
v -0.8 3.6 0.9
v -0.8 3.7 0.9
v -0.8 3.8 0.9
v -0.8 3.9 0.9
v -0.8 4 0.9
v -0.8 4.4 0.9
v -0.8 4.6 0.9
v -0.8 4.7 0.9
v -0.8 5.9 0.9
v -0.8 6 0.9
v -0.8 6.1 0.9
v -0.8 6.3 0.9
v -0.8 8 0.9
v -0.8 8.1 0.9
v -0.8 9.3 0.9
v -0.8 9.4 0.9
v -0.8 9.8 0.9
v -0.8 10.7 0.9
v -0.8 10.8 0.9
v -0.7 1.6 0.9
v -0.7 1.7 0.9
v -0.7 1.9 0.9
v -0.7 2 0.9
v -0.7 2.1 0.9
v -0.7 2.2 0.9
v -0.7 2.8 0.9
v -0.7 3 0.9
v -0.7 3.5 0.9
v -0.7 3.6 0.9
v -0.7 3.7 0.9
v -0.7 3.8 0.9
v -0.7 3.9 0.9
v -0.7 4 0.9
v -0.7 4.4 0.9
v -0.7 4.6 0.9
v -0.7 4.7 0.9
v -0.7 6 0.9
v -0.7 6.2 0.9
v -0.7 6.3 0.9
v -0.7 6.4 0.9
v -0.7 8.1 0.9
v -0.7 8.2 0.9
v -0.7 8.7 0.9
v -0.7 8.8 0.9
v -0.7 9.3 0.9
v -0.7 9.4 0.9
v -0.7 9.8 0.9
v -0.6 -0.1 0.9
v -0.6 0 0.9
v -0.6 0.4 0.9
v -0.6 0.5 0.9
v -0.6 1.4 0.9
v -0.6 1.5 0.9
v -0.6 1.6 0.9
v -0.6 1.7 0.9
v -0.6 1.8 0.9
v -0.6 2.2 0.9
v -0.6 2.3 0.9
v -0.6 3.6 0.9
v -0.6 3.7 0.9
v -0.6 3.8 0.9
v -0.6 3.9 0.9
v -0.6 4.1 0.9
v -0.6 4.4 0.9
v -0.6 6.2 0.9
v -0.6 6.3 0.9
v -0.6 6.4 0.9
v -0.6 6.5 0.9
v -0.6 7.5 0.9
v -0.6 7.6 0.9
v -0.6 7.7 0.9
v -0.6 8.7 0.9
v -0.6 8.8 0.9
v -0.6 9.2 0.9
v -0.6 9.3 0.9
v -0.6 10.4 0.9
v -0.6 10.6 0.9
v -0.6 10.7 0.9
v -0.6 10.8 0.9
v -0.6 11 0.9
v -0.6 11.1 0.9
v -0.5 0 0.9
v -0.5 0.4 0.9
v -0.5 1.3 0.9
v -0.5 1.4 0.9
v -0.5 2.2 0.9
v -0.5 2.3 0.9
v -0.5 2.9 0.9
v -0.5 3 0.9
v -0.5 3.1 0.9
v -0.5 3.2 0.9
v -0.5 3.4 0.9
v -0.5 3.5 0.9
v -0.5 3.7 0.9
v -0.5 3.8 0.9
v -0.5 3.9 0.9
v -0.5 4 0.9
v -0.5 4.1 0.9
v -0.5 4.3 0.9
v -0.5 4.4 0.9
v -0.5 6.3 0.9
v -0.5 6.4 0.9
v -0.5 6.5 0.9
v -0.5 6.6 0.9
v -0.5 7.4 0.9
v -0.5 7.5 0.9
v -0.5 7.6 0.9
v -0.5 8.7 0.9
v -0.5 8.9 0.9
v -0.5 9.2 0.9
v -0.5 9.3 0.9
v -0.5 10.4 0.9
v -0.4 0 0.9
v -0.4 0.4 0.9
v -0.4 1.2 0.9
v -0.4 1.3 0.9
v -0.4 1.4 0.9
v -0.4 1.5 0.9
v -0.4 3.5 0.9
v -0.4 3.6 0.9
v -0.4 3.7 0.9
v -0.4 3.8 0.9
v -0.4 3.9 0.9
v -0.4 4 0.9
v -0.4 4.3 0.9
v -0.4 4.4 0.9
v -0.4 4.6 0.9
v -0.4 4.7 0.9
v -0.4 6.4 0.9
v -0.4 6.5 0.9
v -0.4 6.6 0.9
v -0.4 6.7 0.9
v -0.4 7.3 0.9
v -0.4 7.4 0.9
v -0.4 7.5 0.9
v -0.4 9.3 0.9
v -0.4 9.6 0.9
v -0.4 9.8 0.9
v -0.4 10 0.9
v -0.4 10.5 0.9
v -0.4 10.6 0.9
v -0.2 -0.1 0.9
v -0.2 0 0.9
v -0.2 0.4 0.9
v -0.2 0.5 0.9
v -0.2 1.1 0.9
v -0.2 1.2 0.9
v -0.2 1.7 0.9
v -0.2 1.8 0.9
v -0.2 3.5 0.9
v -0.2 3.7 0.9
v -0.2 3.8 0.9
v -0.2 4.3 0.9
v -0.2 4.6 0.9
v -0.2 4.7 0.9
v -0.2 6.5 0.9
v -0.2 6.6 0.9
v -0.2 6.7 0.9
v -0.2 6.8 0.9
v -0.2 7.2 0.9
v -0.2 7.3 0.9
v -0.2 7.4 0.9
v -0.2 8.7 0.9
v -0.2 8.9 0.9
v -0.2 9.8 0.9
v -0.2 9.9 0.9
v -0.2 10.6 0.9
v -0.2 10.7 0.9
v -0.2 10.8 0.9
v -0.2 10.9 0.9
v -0.0999999 1.3 0.9
v -0.0999999 1.4 0.9
v -0.0999999 1.6 0.9
v -0.0999999 1.7 0.9
v -0.0999999 1.8 0.9
v -0.0999999 1.9 0.9
v -0.0999999 2 0.9
v -0.0999999 2.1 0.9
v -0.0999999 2.2 0.9
v -0.0999999 2.8 0.9
v -0.0999999 2.9 0.9
v -0.0999999 3 0.9
v -0.0999999 3.2 0.9
v -0.0999999 3.4 0.9
v -0.0999999 3.6 0.9
v -0.0999999 3.8 0.9
v -0.0999999 3.9 0.9
v -0.0999999 4.4 0.9
v -0.0999999 6.6 0.9
v -0.0999999 6.8 0.9
v -0.0999999 7.2 0.9
v -0.0999999 7.3 0.9
v -0.0999999 9.5 0.9
v -0.0999999 9.6 0.9
v -0.0999999 10.7 0.9
v -0.0999999 10.8 0.9
v 0 -0.1 0.9
v 0 0 0.9
v 0 0.4 0.9
v 0 0.5 0.9
v 0 1 0.9
v 0 1.1 0.9
v 0 1.3 0.9
v 0 3.3 0.9
v 0 3.6 0.9
v 0 3.7 0.9
v 0 3.8 0.9
v 0 3.9 0.9
v 0 4 0.9
v 0 4.4 0.9
v 0 4.6 0.9
v 0 4.7 0.9
v 0 6.8 0.9
v 0 7.2 0.9
v 0 7.7 0.9
v 0 7.8 0.9
v 0 10 0.9
v 0 10.2 0.9
v 0 10.5 0.9
v 0 10.6 0.9
v 0 10.9 0.9
v 0 11.1 0.9
v 0.0999999 0 0.9
v 0.0999999 0.4 0.9
v 0.0999999 1.8 0.9
v 0.0999999 1.9 0.9
v 0.0999999 2 0.9
v 0.0999999 2.1 0.9
v 0.0999999 2.9 0.9
v 0.0999999 3 0.9
v 0.0999999 3.1 0.9
v 0.0999999 3.2 0.9
v 0.0999999 3.5 0.9
v 0.0999999 3.6 0.9
v 0.0999999 3.7 0.9
v 0.0999999 3.8 0.9
v 0.0999999 4 0.9
v 0.0999999 4.1 0.9
v 0.0999999 4.3 0.9
v 0.0999999 4.4 0.9
v 0.0999999 4.5 0.9
v 0.0999999 4.6 0.9
v 0.0999999 8.9 0.9
v 0.0999999 9 0.9
v 0.0999999 10.8 0.9
v 0.0999999 10.9 0.9
v 0.2 0.2 0.9
v 0.2 0.4 0.9
v 0.2 0.9 0.9
v 0.2 1 0.9
v 0.2 1.1 0.9
v 0.2 1.3 0.9
v 0.2 1.4 0.9
v 0.2 2.1 0.9
v 0.2 2.2 0.9
v 0.2 3.2 0.9
v 0.2 3.3 0.9
v 0.2 3.4 0.9
v 0.2 3.5 0.9
v 0.2 3.6 0.9
v 0.2 3.8 0.9
v 0.2 3.9 0.9
v 0.2 4.1 0.9
v 0.2 4.2 0.9
v 0.2 4.3 0.9
v 0.2 4.4 0.9
v 0.2 5.5 0.9
v 0.2 5.6 0.9
v 0.2 6.8 0.9
v 0.2 7.2 0.9
v 0.2 8.8 0.9
v 0.2 8.9 0.9
v 0.2 9 0.9
v 0.2 9.2 0.9
v 0.2 9.3 0.9
v 0.2 9.6 0.9
v 0.2 9.7 0.9
v 0.2 10.3 0.9
v 0.2 10.5 0.9
v 0.2 10.9 0.9
v 0.2 11 0.9
v 0.3 -0.1 0.9
v 0.3 0 0.9
v 0.3 0.1 0.9
v 0.3 0.2 0.9
v 0.3 0.4 0.9
v 0.3 0.5 0.9
v 0.3 1.3 0.9
v 0.3 1.4 0.9
v 0.3 1.6 0.9
v 0.3 1.7 0.9
v 0.3 1.8 0.9
v 0.3 1.9 0.9
v 0.3 2 0.9
v 0.3 2.1 0.9
v 0.3 3.3 0.9
v 0.3 3.4 0.9
v 0.3 3.5 0.9
v 0.3 3.6 0.9
v 0.3 3.7 0.9
v 0.3 3.8 0.9
v 0.3 4 0.9
v 0.3 4.1 0.9
v 0.3 4.2 0.9
v 0.3 4.3 0.9
v 0.3 4.5 0.9
v 0.3 5 0.9
v 0.3 5.1 0.9
v 0.3 5.2 0.9
v 0.3 5.6 0.9
v 0.3 6.8 0.9
v 0.3 7.2 0.9
v 0.3 7.7 0.9
v 0.3 8.7 0.9
v 0.3 8.8 0.9
v 0.3 9.4 0.9
v 0.3 9.5 0.9
v 0.3 9.6 0.9
v 0.3 9.7 0.9
v 0.3 9.9 0.9
v 0.3 10 0.9
v 0.3 10.3 0.9
v 0.3 10.5 0.9
v 0.3 10.9 0.9
v 0.4 0.8 0.9
v 0.4 0.9 0.9
v 0.4 1 0.9
v 0.4 1.1 0.9
v 0.4 3 0.9
v 0.4 3.1 0.9
v 0.4 3.2 0.9
v 0.4 3.3 0.9
v 0.4 3.4 0.9
v 0.4 3.5 0.9
v 0.4 3.6 0.9
v 0.4 3.7 0.9
v 0.4 3.8 0.9
v 0.4 3.9 0.9
v 0.4 4 0.9
v 0.4 4.1 0.9
v 0.4 4.2 0.9
v 0.4 4.3 0.9
v 0.4 5.4 0.9
v 0.4 7.9 0.9
v 0.4 8 0.9
v 0.4 8.8 0.9
v 0.4 8.9 0.9
v 0.4 9 0.9
v 0.4 9.4 0.9
v 0.4 9.5 0.9
v 0.4 9.9 0.9
v 0.4 10 0.9
v 0.4 10.2 0.9
v 0.5 -0.1 0.9
v 0.5 0 0.9
v 0.5 0.1 0.9
v 0.5 0.2 0.9
v 0.5 0.4 0.9
v 0.5 0.5 0.9
v 0.5 0.8 0.9
v 0.5 0.9 0.9
v 0.5 1.4 0.9
v 0.5 1.5 0.9
v 0.5 1.7 0.9
v 0.5 1.8 0.9
v 0.5 1.9 0.9
v 0.5 2.7 0.9
v 0.5 2.8 0.9
v 0.5 3.2 0.9
v 0.5 3.3 0.9
v 0.5 3.4 0.9
v 0.5 3.5 0.9
v 0.5 3.6 0.9
v 0.5 3.9 0.9
v 0.5 4 0.9
v 0.5 4.1 0.9
v 0.5 4.2 0.9
v 0.5 4.4 0.9
v 0.5 4.5 0.9
v 0.5 4.6 0.9
v 0.5 4.7 0.9
v 0.5 4.8 0.9
v 0.5 5.1 0.9
v 0.5 5.2 0.9
v 0.5 5.3 0.9
v 0.5 7.9 0.9
v 0.5 8 0.9
v 0.5 8.1 0.9
v 0.5 9.3 0.9
v 0.5 9.5 0.9
v 0.5 9.7 0.9
v 0.5 9.9 0.9
v 0.5 10 0.9
v 0.6 0 0.9
v 0.6 0.1 0.9
v 0.6 0.8 0.9
v 0.6 0.9 0.9
v 0.6 1 0.9
v 0.6 1.1 0.9
v 0.6 1.3 0.9
v 0.6 1.4 0.9
v 0.6 1.5 0.9
v 0.6 3.4 0.9
v 0.6 3.5 0.9
v 0.6 4.3 0.9
v 0.6 4.4 0.9
v 0.6 4.7 0.9
v 0.6 4.8 0.9
v 0.6 4.9 0.9
v 0.6 5.3 0.9
v 0.6 5.5 0.9
v 0.6 7.3 0.9
v 0.6 8 0.9
v 0.6 9 0.9
v 0.6 9.1 0.9
v 0.6 9.2 0.9
v 0.6 9.3 0.9
v 0.6 9.5 0.9
v 0.6 9.7 0.9
v 0.6 9.9 0.9
v 0.6 10.4 0.9
v 0.6 11 0.9
v 0.7 0.4 0.9
v 0.7 0.5 0.9
v 0.7 0.7 0.9
v 0.7 0.8 0.9
v 0.7 0.9 0.9
v 0.7 1 0.9
v 0.7 1.4 0.9
v 0.7 1.5 0.9
v 0.7 2 0.9
v 0.7 2.1 0.9
v 0.7 2.6 0.9
v 0.7 2.7 0.9
v 0.7 3.4 0.9
v 0.7 3.5 0.9
v 0.7 3.8 0.9
v 0.7 3.9 0.9
v 0.7 4 0.9
v 0.7 4.2 0.9
v 0.7 4.3 0.9
v 0.7 5.5 0.9
v 0.7 7.3 0.9
v 0.7 8.9 0.9
v 0.7 9 0.9
v 0.7 9.4 0.9
v 0.7 9.6 0.9
v 0.7 9.9 0.9
v 0.7 10.4 0.9
v 0.7 10.9 0.9
v 0.7 11 0.9
v 0.8 -0.1 0.9
v 0.8 0.4 0.9
v 0.8 0.6 0.9
v 0.8 0.7 0.9
v 0.8 0.8 0.9
v 0.8 1.2 0.9
v 0.8 1.3 0.9
v 0.8 1.4 0.9
v 0.8 1.5 0.9
v 0.8 1.6 0.9
v 0.8 1.7 0.9
v 0.8 1.8 0.9
v 0.8 1.9 0.9
v 0.8 2 0.9
v 0.8 2.1 0.9
v 0.8 3.3 0.9
v 0.8 3.4 0.9
v 0.8 3.8 0.9
v 0.8 3.9 0.9
v 0.8 4 0.9
v 0.8 4.1 0.9
v 0.8 4.4 0.9
v 0.8 4.5 0.9
v 0.8 4.6 0.9
v 0.8 4.7 0.9
v 0.8 4.9 0.9
v 0.8 8.5 0.9
v 0.8 8.7 0.9
v 0.8 8.9 0.9
v 0.8 9 0.9
v 0.8 9.1 0.9
v 0.8 9.3 0.9
v 0.8 9.4 0.9
v 0.8 9.6 0.9
v 0.8 10.4 0.9
v 0.8 10.8 0.9
v 0.8 10.9 0.9
v 0.8 11 0.9
v 0.8 11.1 0.9
v 0.9 -0.1 0.9
v 0.9 0.4 0.9
v 0.9 0.6 0.9
v 0.9 0.7 0.9
v 0.9 0.8 0.9
v 0.9 0.9 0.9
v 0.9 2.5 0.9
v 0.9 2.6 0.9
v 0.9 3.2 0.9
v 0.9 3.3 0.9
v 0.9 3.8 0.9
v 0.9 3.9 0.9
v 0.9 4.1 0.9
v 0.9 4.2 0.9
v 0.9 4.7 0.9
v 0.9 4.8 0.9
v 0.9 4.9 0.9
v 0.9 8.6 0.9
v 0.9 8.7 0.9
v 0.9 8.8 0.9
v 0.9 8.9 0.9
v 0.9 9.3 0.9
v 0.9 10.3 0.9
v 0.9 10.8 0.9
v 0.9 10.9 0.9
v 0.9 11 0.9
v 1 0.4 0.9
v 1 0.5 0.9
v 1 0.7 0.9
v 1 0.8 0.9
v 1 1.3 0.9
v 1 1.4 0.9
v 1 1.5 0.9
v 1 1.6 0.9
v 1 1.7 0.9
v 1 2 0.9
v 1 2.2 0.9
v 1 2.5 0.9
v 1 2.6 0.9
v 1 3.1 0.9
v 1 3.2 0.9
v 1 4 0.9
v 1 4.1 0.9
v 1 4.2 0.9
v 1 4.4 0.9
v 1 4.8 0.9
v 1 5.5 0.9
v 1 5.6 0.9
v 1 6.9 0.9
v 1 7 0.9
v 1 7.2 0.9
v 1 7.3 0.9
v 1 7.4 0.9
v 1 7.5 0.9
v 1 7.6 0.9
v 1 7.8 0.9
v 1 7.9 0.9
v 1 8 0.9
v 1 8.7 0.9
v 1 8.8 0.9
v 1 8.9 0.9
v 1 9 0.9
v 1 9.7 0.9
v 1 10.3 0.9
v 1 10.5 0.9
v 1 10.9 0.9
v 1.1 0.6 0.9
v 1.1 0.7 0.9
v 1.1 1.7 0.9
v 1.1 1.8 0.9
v 1.1 2 0.9
v 1.1 2.1 0.9
v 1.1 2.8 0.9
v 1.1 2.9 0.9
v 1.1 3 0.9
v 1.1 3.1 0.9
v 1.1 3.2 0.9
v 1.1 3.3 0.9
v 1.1 3.4 0.9
v 1.1 3.8 0.9
v 1.1 3.9 0.9
v 1.1 4 0.9
v 1.1 4.2 0.9
v 1.1 4.6 0.9
v 1.1 4.7 0.9
v 1.1 6.5 0.9
v 1.1 6.6 0.9
v 1.1 6.7 0.9
v 1.1 6.8 0.9
v 1.1 6.9 0.9
v 1.1 7 0.9
v 1.1 7.1 0.9
v 1.1 7.2 0.9
v 1.1 7.3 0.9
v 1.1 7.4 0.9
v 1.1 7.5 0.9
v 1.1 7.6 0.9
v 1.1 7.7 0.9
v 1.1 7.8 0.9
v 1.1 7.9 0.9
v 1.1 8.3 0.9
v 1.1 8.5 0.9
v 1.1 8.8 0.9
v 1.1 8.9 0.9
v 1.1 9 0.9
v 1.1 9.7 0.9
v 1.1 10.5 0.9
v 1.2 1.4 0.9
v 1.2 1.5 0.9
v 1.2 1.8 0.9
v 1.2 1.9 0.9
v 1.2 3.1 0.9
v 1.2 3.2 0.9
v 1.2 3.5 0.9
v 1.2 3.7 0.9
v 1.2 4.7 0.9
v 1.2 5.5 0.9
v 1.2 5.6 0.9
v 1.2 5.7 0.9
v 1.2 6.5 0.9
v 1.2 6.6 0.9
v 1.2 6.9 0.9
v 1.2 7 0.9
v 1.2 7.1 0.9
v 1.2 7.2 0.9
v 1.2 7.3 0.9
v 1.2 7.4 0.9
v 1.2 7.7 0.9
v 1.2 7.8 0.9
v 1.2 8 0.9
v 1.2 8.3 0.9
v 1.2 8.5 0.9
v 1.2 8.6 0.9
v 1.2 8.7 0.9
v 1.2 8.8 0.9
v 1.2 8.9 0.9
v 1.2 9 0.9
v 1.2 9.8 0.9
v 1.2 10 0.9
v 1.2 10.3 0.9
v 1.2 10.5 0.9
v 1.2 10.7 0.9
v 1.2 11.1 0.9
v 1.3 1.1 0.9
v 1.3 1.2 0.9
v 1.3 1.5 0.9
v 1.3 1.6 0.9
v 1.3 1.7 0.9
v 1.3 1.8 0.9
v 1.3 1.9 0.9
v 1.3 2 0.9
v 1.3 2.1 0.9
v 1.3 2.5 0.9
v 1.3 2.6 0.9
v 1.3 2.7 0.9
v 1.3 2.9 0.9
v 1.3 3.1 0.9
v 1.3 3.4 0.9
v 1.3 3.6 0.9
v 1.3 3.8 0.9
v 1.3 3.9 0.9
v 1.3 5.5 0.9
v 1.3 5.7 0.9
v 1.3 6.1 0.9
v 1.3 6.5 0.9
v 1.3 6.6 0.9
v 1.3 7.1 0.9
v 1.3 7.2 0.9
v 1.3 7.7 0.9
v 1.3 7.8 0.9
v 1.3 9 0.9
v 1.3 9.1 0.9
v 1.3 9.3 0.9
v 1.3 9.8 0.9
v 1.3 10 0.9
v 1.3 10.2 0.9
v 1.3 10.3 0.9
v 1.3 10.5 0.9
v 1.3 10.6 0.9
v 1.3 10.7 0.9
v 1.3 11 0.9
v 1.3 11.1 0.9
v 1.4 1.3 0.9
v 1.4 1.4 0.9
v 1.4 3.3 0.9
v 1.4 3.4 0.9
v 1.4 3.6 0.9
v 1.4 3.7 0.9
v 1.4 4 0.9
v 1.4 6 0.9
v 1.4 6.5 0.9
v 1.4 6.6 0.9
v 1.4 6.7 0.9
v 1.4 6.8 0.9
v 1.4 6.9 0.9
v 1.4 7 0.9
v 1.4 7.1 0.9
v 1.4 7.2 0.9
v 1.4 7.3 0.9
v 1.4 7.4 0.9
v 1.4 7.7 0.9
v 1.4 7.8 0.9
v 1.4 8.5 0.9
v 1.4 8.6 0.9
v 1.4 8.8 0.9
v 1.4 8.9 0.9
v 1.4 9.1 0.9
v 1.4 9.3 0.9
v 1.4 10.2 0.9
v 1.4 10.3 0.9
v 1.4 10.5 0.9
v 1.5 1.4 0.9
v 1.5 1.5 0.9
v 1.5 1.8 0.9
v 1.5 1.9 0.9
v 1.5 2 0.9
v 1.5 2.1 0.9
v 1.5 2.2 0.9
v 1.5 3.2 0.9
v 1.5 3.3 0.9
v 1.5 3.4 0.9
v 1.5 3.5 0.9
v 1.5 3.7 0.9
v 1.5 3.8 0.9
v 1.5 3.9 0.9
v 1.5 4 0.9
v 1.5 5.9 0.9
v 1.5 6 0.9
v 1.5 6.1 0.9
v 1.5 6.2 0.9
v 1.5 7 0.9
v 1.5 7.1 0.9
v 1.5 7.2 0.9
v 1.5 7.3 0.9
v 1.5 7.7 0.9
v 1.5 7.8 0.9
v 1.5 8.4 0.9
v 1.5 8.5 0.9
v 1.5 8.7 0.9
v 1.5 8.8 0.9
v 1.5 10.8 0.9
v 1.5 10.9 0.9
v 1.5 11 0.9
v 1.5 11.1 0.9
v 1.6 1 0.9
v 1.6 1.1 0.9
v 1.6 1.2 0.9
v 1.6 1.3 0.9
v 1.6 2.2 0.9
v 1.6 2.3 0.9
v 1.6 2.6 0.9
v 1.6 2.7 0.9
v 1.6 3.5 0.9
v 1.6 3.7 0.9
v 1.6 3.9 0.9
v 1.6 4 0.9
v 1.6 4.1 0.9
v 1.6 4.5 0.9
v 1.6 4.8 0.9
v 1.6 5.3 0.9
v 1.6 5.6 0.9
v 1.6 7 0.9
v 1.6 7.1 0.9
v 1.6 7.2 0.9
v 1.6 7.3 0.9
v 1.6 7.6 0.9
v 1.6 7.7 0.9
v 1.6 7.8 0.9
v 1.6 7.9 0.9
v 1.6 8.7 0.9
v 1.6 8.8 0.9
v 1.6 10.2 0.9
v 1.6 10.3 0.9
v 1.6 10.5 0.9
v 1.6 10.6 0.9
v 1.7 1.3 0.9
v 1.7 1.4 0.9
v 1.7 1.7 0.9
v 1.7 1.8 0.9
v 1.7 1.9 0.9
v 1.7 2 0.9
v 1.7 2.1 0.9
v 1.7 2.2 0.9
v 1.7 2.3 0.9
v 1.7 2.4 0.9
v 1.7 2.5 0.9
v 1.7 2.6 0.9
v 1.7 3.2 0.9
v 1.7 3.3 0.9
v 1.7 3.6 0.9
v 1.7 3.7 0.9
v 1.7 3.8 0.9
v 1.7 4.3 0.9
v 1.7 4.5 0.9
v 1.7 4.6 0.9
v 1.7 4.7 0.9
v 1.7 4.8 0.9
v 1.7 5 0.9
v 1.7 5.1 0.9
v 1.7 5.3 0.9
v 1.7 5.4 0.9
v 1.7 5.5 0.9
v 1.7 5.6 0.9
v 1.7 5.8 0.9
v 1.7 5.9 0.9
v 1.7 6 0.9
v 1.7 6.1 0.9
v 1.7 6.2 0.9
v 1.7 6.3 0.9
v 1.7 6.5 0.9
v 1.7 6.6 0.9
v 1.7 6.9 0.9
v 1.7 7 0.9
v 1.7 7.2 0.9
v 1.7 7.3 0.9
v 1.7 7.4 0.9
v 1.7 7.6 0.9
v 1.7 7.8 0.9
v 1.7 7.9 0.9
v 1.7 8.2 0.9
v 1.7 8.3 0.9
v 1.7 8.6 0.9
v 1.7 8.7 0.9
v 1.7 10.8 0.9
v 1.7 10.9 0.9
v 1.7 11 0.9
v 1.8 0.9 0.9
v 1.8 1 0.9
v 1.8 1.1 0.9
v 1.8 1.2 0.9
v 1.8 2.2 0.9
v 1.8 2.3 0.9
v 1.8 3.2 0.9
v 1.8 3.3 0.9
v 1.8 4.1 0.9
v 1.8 4.3 0.9
v 1.8 4.4 0.9
v 1.8 4.5 0.9
v 1.8 4.6 0.9
v 1.8 4.7 0.9
v 1.8 4.8 0.9
v 1.8 4.9 0.9
v 1.8 5 0.9
v 1.8 5.1 0.9
v 1.8 5.2 0.9
v 1.8 5.3 0.9
v 1.8 5.4 0.9
v 1.8 5.5 0.9
v 1.8 5.6 0.9
v 1.8 5.7 0.9
v 1.8 6.5 0.9
v 1.8 6.6 0.9
v 1.8 7 0.9
v 1.8 7.2 0.9
v 1.8 7.6 0.9
v 1.8 7.8 0.9
v 1.8 7.9 0.9
v 1.8 8 0.9
v 1.8 8.2 0.9
v 1.8 8.4 0.9
v 1.8 10.3 0.9
v 1.8 10.5 0.9
v 1.8 10.6 0.9
v 1.9 1.2 0.9
v 1.9 1.3 0.9
v 1.9 1.9 0.9
v 1.9 2 0.9
v 1.9 2.1 0.9
v 1.9 3.1 0.9
v 1.9 3.2 0.9
v 1.9 3.5 0.9
v 1.9 3.6 0.9
v 1.9 3.7 0.9
v 1.9 4 0.9
v 1.9 4.1 0.9
v 1.9 4.2 0.9
v 1.9 4.4 0.9
v 1.9 4.5 0.9
v 1.9 4.9 0.9
v 1.9 5 0.9
v 1.9 5.2 0.9
v 1.9 5.3 0.9
v 1.9 5.4 0.9
v 1.9 5.6 0.9
v 1.9 5.7 0.9
v 1.9 5.8 0.9
v 1.9 5.9 0.9
v 1.9 6 0.9
v 1.9 6.6 0.9
v 1.9 6.7 0.9
v 1.9 6.9 0.9
v 1.9 7 0.9
v 1.9 7.3 0.9
v 1.9 7.4 0.9
v 1.9 7.5 0.9
v 1.9 7.9 0.9
v 1.9 8.6 0.9
v 1.9 8.7 0.9
v 1.9 9.1 0.9
v 1.9 9.2 0.9
v 1.9 9.3 0.9
v 1.9 10.2 0.9
v 1.9 10.3 0.9
v 1.9 10.5 0.9
v 1.9 10.6 0.9
v 1.9 10.9 0.9
v 1.9 11 0.9
v 1.9 11.1 0.9
v 2 1 0.9
v 2 1.1 0.9
v 2 1.2 0.9
v 2 1.3 0.9
v 2 1.4 0.9
v 2 1.6 0.9
v 2 1.7 0.9
v 2 1.8 0.9
v 2 2.1 0.9
v 2 2.2 0.9
v 2 2.3 0.9
v 2 3.9 0.9
v 2 4 0.9
v 2 4.1 0.9
v 2 4.2 0.9
v 2 4.4 0.9
v 2 4.5 0.9
v 2 4.6 0.9
v 2 4.8 0.9
v 2 4.9 0.9
v 2 5 0.9
v 2 5.1 0.9
v 2 5.2 0.9
v 2 5.3 0.9
v 2 5.6 0.9
v 2 5.7 0.9
v 2 5.8 0.9
v 2 5.9 0.9
v 2 6 0.9
v 2 6.1 0.9
v 2 6.2 0.9
v 2 6.3 0.9
v 2 6.4 0.9
v 2 6.5 0.9
v 2 6.7 0.9
v 2 7 0.9
v 2 7.1 0.9
v 2 7.3 0.9
v 2 7.4 0.9
v 2 7.7 0.9
v 2 8.5 0.9
v 2 8.7 0.9
v 2 8.8 0.9
v 2 9.1 0.9
v 2 9.2 0.9
v 2 9.3 0.9
v 2 10.3 0.9
v 2 10.4 0.9
v 2 10.5 0.9
v 2 10.8 0.9
v 2.1 0.8 0.9
v 2.1 0.9 0.9
v 2.1 1.7 0.9
v 2.1 1.8 0.9
v 2.1 3 0.9
v 2.1 3.2 0.9
v 2.1 3.4 0.9
v 2.1 3.5 0.9
v 2.1 3.6 0.9
v 2.1 4 0.9
v 2.1 4.1 0.9
v 2.1 4.2 0.9
v 2.1 4.6 0.9
v 2.1 4.8 0.9
v 2.1 4.9 0.9
v 2.1 5.5 0.9
v 2.1 5.6 0.9
v 2.1 5.9 0.9
v 2.1 6 0.9
v 2.1 6.6 0.9
v 2.1 6.7 0.9
v 2.1 7 0.9
v 2.1 7.1 0.9
v 2.1 7.3 0.9
v 2.1 7.6 0.9
v 2.1 7.7 0.9
v 2.1 7.8 0.9
v 2.1 10.3 0.9
v 2.1 10.4 0.9
v 2.1 10.6 0.9
v 2.2 0.9 0.9
v 2.2 1 0.9
v 2.2 1.1 0.9
v 2.2 1.5 0.9
v 2.2 1.6 0.9
v 2.2 1.7 0.9
v 2.2 1.8 0.9
v 2.2 1.9 0.9
v 2.2 2 0.9
v 2.2 2.1 0.9
v 2.2 2.2 0.9
v 2.2 4.3 0.9
v 2.2 4.5 0.9
v 2.2 4.6 0.9
v 2.2 4.7 0.9
v 2.2 4.8 0.9
v 2.2 4.9 0.9
v 2.2 5.1 0.9
v 2.2 5.2 0.9
v 2.2 5.3 0.9
v 2.2 5.4 0.9
v 2.2 5.5 0.9
v 2.2 5.6 0.9
v 2.2 5.7 0.9
v 2.2 5.8 0.9
v 2.2 6.1 0.9
v 2.2 6.2 0.9
v 2.2 6.7 0.9
v 2.2 6.8 0.9
v 2.2 6.9 0.9
v 2.2 7 0.9
v 2.2 7.3 0.9
v 2.2 7.4 0.9
v 2.2 7.7 0.9
v 2.2 7.8 0.9
v 2.2 10.3 0.9
v 2.2 10.4 0.9
v 2.2 10.8 0.9
v 2.2 10.9 0.9
v 2.2 11 0.9
v 2.2 11.1 0.9
v 2.3 0.9 0.9
v 2.3 1 0.9
v 2.3 1.2 0.9
v 2.3 1.3 0.9
v 2.3 1.4 0.9
v 2.3 1.5 0.9
v 2.3 1.7 0.9
v 2.3 1.8 0.9
v 2.3 2.6 0.9
v 2.3 2.8 0.9
v 2.3 3.3 0.9
v 2.3 3.4 0.9
v 2.3 3.5 0.9
v 2.3 4.3 0.9
v 2.3 4.5 0.9
v 2.3 4.6 0.9
v 2.3 4.7 0.9
v 2.3 4.8 0.9
v 2.3 4.9 0.9
v 2.3 5 0.9
v 2.3 5.1 0.9
v 2.3 5.2 0.9
v 2.3 5.3 0.9
v 2.3 6 0.9
v 2.3 6.1 0.9
v 2.3 6.3 0.9
v 2.3 6.4 0.9
v 2.3 6.5 0.9
v 2.3 6.6 0.9
v 2.3 6.7 0.9
v 2.3 7.5 0.9
v 2.3 7.6 0.9
v 2.3 7.7 0.9
v 2.3 8.8 0.9
v 2.3 10 0.9
v 2.3 10.5 0.9
v 2.3 10.6 0.9
v 2.3 10.7 0.9
v 2.4 0.8 0.9
v 2.4 0.9 0.9
v 2.4 1.1 0.9
v 2.4 1.2 0.9
v 2.4 1.3 0.9
v 2.4 1.4 0.9
v 2.4 1.7 0.9
v 2.4 1.8 0.9
v 2.4 1.9 0.9
v 2.4 2.2 0.9
v 2.4 2.4 0.9
v 2.4 3.5 0.9
v 2.4 3.7 0.9
v 2.4 3.8 0.9
v 2.4 3.9 0.9
v 2.4 4 0.9
v 2.4 4.3 0.9
v 2.4 4.4 0.9
v 2.4 4.8 0.9
v 2.4 4.9 0.9
v 2.4 5.1 0.9
v 2.4 5.3 0.9
v 2.4 5.5 0.9
v 2.4 5.6 0.9
v 2.4 5.7 0.9
v 2.4 6.2 0.9
v 2.4 6.3 0.9
v 2.4 6.7 0.9
v 2.4 6.8 0.9
v 2.4 6.9 0.9
v 2.4 7 0.9
v 2.4 7.3 0.9
v 2.4 7.4 0.9
v 2.4 7.7 0.9
v 2.4 8.8 0.9
v 2.4 8.9 0.9
v 2.4 10 0.9
v 2.4 10.1 0.9
v 2.4 10.3 0.9
v 2.5 0.8 0.9
v 2.5 0.9 0.9
v 2.5 1.4 0.9
v 2.5 1.5 0.9
v 2.5 1.6 0.9
v 2.5 1.7 0.9
v 2.5 1.8 0.9
v 2.5 1.9 0.9
v 2.5 2 0.9
v 2.5 2.1 0.9
v 2.5 2.2 0.9
v 2.5 3.2 0.9
v 2.5 3.3 0.9
v 2.5 3.4 0.9
v 2.5 4 0.9
v 2.5 4.1 0.9
v 2.5 4.3 0.9
v 2.5 4.4 0.9
v 2.5 4.6 0.9
v 2.5 4.7 0.9
v 2.5 4.9 0.9
v 2.5 5 0.9
v 2.5 5.3 0.9
v 2.5 5.4 0.9
v 2.5 6.1 0.9
v 2.5 6.2 0.9
v 2.5 6.4 0.9
v 2.5 6.5 0.9
v 2.5 6.6 0.9
v 2.5 7 0.9
v 2.5 7.1 0.9
v 2.5 7.2 0.9
v 2.5 7.3 0.9
v 2.5 8.6 0.9
v 2.5 8.8 0.9
v 2.5 8.9 0.9
v 2.5 9.8 0.9
v 2.6 1 0.9
v 2.6 1.1 0.9
v 2.6 1.6 0.9
v 2.6 1.7 0.9
v 2.6 2 0.9
v 2.6 2.1 0.9
v 2.6 2.9 0.9
v 2.6 3 0.9
v 2.6 3.5 0.9
v 2.6 3.7 0.9
v 2.6 4.1 0.9
v 2.6 4.3 0.9
v 2.6 4.7 0.9
v 2.6 4.8 0.9
v 2.6 5.1 0.9
v 2.6 5.3 0.9
v 2.6 5.4 0.9
v 2.6 5.5 0.9
v 2.6 5.6 0.9
v 2.6 7 0.9
v 2.6 7.1 0.9
v 2.6 7.2 0.9
v 2.6 7.3 0.9
v 2.6 7.4 0.9
v 2.6 8.5 0.9
v 2.6 8.6 0.9
v 2.6 8.8 0.9
v 2.6 9 0.9
v 2.6 10.8 0.9
v 2.6 10.9 0.9
v 2.6 11 0.9
v 2.7 0.9 0.9
v 2.7 1 0.9
v 2.7 1.4 0.9
v 2.7 1.5 0.9
v 2.7 1.8 0.9
v 2.7 1.9 0.9
v 2.7 2 0.9
v 2.7 2.1 0.9
v 2.7 2.2 0.9
v 2.7 2.3 0.9
v 2.7 2.4 0.9
v 2.7 3.1 0.9
v 2.7 3.2 0.9
v 2.7 3.3 0.9
v 2.7 4.2 0.9
v 2.7 4.3 0.9
v 2.7 4.4 0.9
v 2.7 4.6 0.9
v 2.7 4.8 0.9
v 2.7 4.9 0.9
v 2.7 6.9 0.9
v 2.7 7 0.9
v 2.7 7.1 0.9
v 2.7 7.2 0.9
v 2.7 7.3 0.9
v 2.7 7.4 0.9
v 2.7 7.8 0.9
v 2.7 7.9 0.9
v 2.7 8 0.9
v 2.7 8.1 0.9
v 2.7 8.6 0.9
v 2.7 8.7 0.9
v 2.7 8.8 0.9
v 2.7 9 0.9
v 2.7 9.2 0.9
v 2.7 9.8 0.9
v 2.7 9.9 0.9
v 2.7 10 0.9
v 2.7 10.1 0.9
v 2.8 0.8 0.9
v 2.8 0.9 0.9
v 2.8 1.3 0.9
v 2.8 1.4 0.9
v 2.8 2.1 0.9
v 2.8 2.2 0.9
v 2.8 3.2 0.9
v 2.8 3.8 0.9
v 2.8 3.9 0.9
v 2.8 4 0.9
v 2.8 4.1 0.9
v 2.8 4.2 0.9
v 2.8 4.4 0.9
v 2.8 4.6 0.9
v 2.8 4.7 0.9
v 2.8 4.8 0.9
v 2.8 5.3 0.9
v 2.8 5.4 0.9
v 2.8 5.5 0.9
v 2.8 6.3 0.9
v 2.8 6.4 0.9
v 2.8 6.5 0.9
v 2.8 6.6 0.9
v 2.8 6.7 0.9
v 2.8 7 0.9
v 2.8 7.1 0.9
v 2.8 7.9 0.9
v 2.8 8 0.9
v 2.8 8.1 0.9
v 2.8 8.2 0.9
v 2.8 8.3 0.9
v 2.8 8.5 0.9
v 2.8 8.6 0.9
v 2.8 8.8 0.9
v 2.8 8.9 0.9
v 2.8 9 0.9
v 2.8 9.2 0.9
v 2.8 9.3 0.9
v 2.8 9.4 0.9
v 2.8 9.9 0.9
v 2.8 10 0.9
v 2.9 1.2 0.9
v 2.9 1.3 0.9
v 2.9 1.4 0.9
v 2.9 1.5 0.9
v 2.9 1.6 0.9
v 2.9 1.7 0.9
v 2.9 2 0.9
v 2.9 2.1 0.9
v 2.9 3.2 0.9
v 2.9 3.8 0.9
v 2.9 3.9 0.9
v 2.9 4 0.9
v 2.9 4.6 0.9
v 2.9 4.8 0.9
v 2.9 4.9 0.9
v 2.9 5.3 0.9
v 2.9 6.4 0.9
v 2.9 6.5 0.9
v 2.9 6.9 0.9
v 2.9 7 0.9
v 2.9 7.2 0.9
v 2.9 7.3 0.9
v 2.9 7.4 0.9
v 2.9 7.8 0.9
v 2.9 8 0.9
v 2.9 8.2 0.9
v 2.9 8.3 0.9
v 2.9 8.4 0.9
v 2.9 8.5 0.9
v 2.9 8.6 0.9
v 2.9 8.7 0.9
v 2.9 8.8 0.9
v 2.9 8.9 0.9
v 2.9 9 0.9
v 2.9 9.2 0.9
v 2.9 9.3 0.9
v 2.9 9.4 0.9
v 2.9 9.5 0.9
v 2.9 9.6 0.9
v 2.9 10.9 0.9
v 2.9 11 0.9
v 2.9 11.1 0.9
v 3 1.8 0.9
v 3 1.9 0.9
v 3 2 0.9
v 3 2.1 0.9
v 3 3.1 0.9
v 3 3.2 0.9
v 3 3.3 0.9
v 3 4.6 0.9
v 3 4.7 0.9
v 3 5.2 0.9
v 3 5.3 0.9
v 3 5.4 0.9
v 3 5.5 0.9
v 3 6.3 0.9
v 3 6.4 0.9
v 3 6.8 0.9
v 3 7 0.9
v 3 7.3 0.9
v 3 8 0.9
v 3 8.2 0.9
v 3 8.4 0.9
v 3 8.5 0.9
v 3 8.6 0.9
v 3 8.7 0.9
v 3 8.9 0.9
v 3 9 0.9
v 3 9.2 0.9
v 3 9.3 0.9
v 3 9.4 0.9
v 3 9.5 0.9
v 3 9.6 0.9
v 3 9.7 0.9
v 3 9.8 0.9
v 3 10.8 0.9
v 3 10.9 0.9
v 3.1 1.1 0.9
v 3.1 1.2 0.9
v 3.1 1.3 0.9
v 3.1 1.4 0.9
v 3.1 1.5 0.9
v 3.1 1.6 0.9
v 3.1 1.7 0.9
v 3.1 1.8 0.9
v 3.1 1.9 0.9
v 3.1 2 0.9
v 3.1 2.2 0.9
v 3.1 2.3 0.9
v 3.1 4.1 0.9
v 3.1 4.3 0.9
v 3.1 4.4 0.9
v 3.1 4.6 0.9
v 3.1 5.1 0.9
v 3.1 5.2 0.9
v 3.1 5.3 0.9
v 3.1 6.1 0.9
v 3.1 6.2 0.9
v 3.1 6.5 0.9
v 3.1 6.6 0.9
v 3.1 6.7 0.9
v 3.1 6.9 0.9
v 3.1 7.2 0.9
v 3.1 8.2 0.9
v 3.1 8.4 0.9
v 3.1 8.6 0.9
v 3.1 8.8 0.9
v 3.1 8.9 0.9
v 3.1 9 0.9
v 3.1 9.4 0.9
v 3.1 9.5 0.9
v 3.1 9.6 0.9
v 3.1 9.7 0.9
v 3.1 9.8 0.9
v 3.1 10 0.9
v 3.2 0.9 0.9
v 3.2 1.1 0.9
v 3.2 1.7 0.9
v 3.2 1.8 0.9
v 3.2 2.1 0.9
v 3.2 2.2 0.9
v 3.2 3.5 0.9
v 3.2 3.6 0.9
v 3.2 4.4 0.9
v 3.2 4.6 0.9
v 3.2 4.9 0.9
v 3.2 5 0.9
v 3.2 5.1 0.9
v 3.2 6.2 0.9
v 3.2 6.3 0.9
v 3.2 6.9 0.9
v 3.2 7.1 0.9
v 3.2 7.2 0.9
v 3.2 7.3 0.9
v 3.2 8.4 0.9
v 3.2 8.6 0.9
v 3.2 8.8 0.9
v 3.2 8.9 0.9
v 3.2 9 0.9
v 3.2 9.1 0.9
v 3.2 9.6 0.9
v 3.2 9.8 0.9
v 3.2 9.9 0.9
v 3.2 10 0.9
v 3.2 10.2 0.9
v 3.3 1 0.9
v 3.3 1.1 0.9
v 3.3 1.2 0.9
v 3.3 1.6 0.9
v 3.3 1.7 0.9
v 3.3 2 0.9
v 3.3 2.1 0.9
v 3.3 2.2 0.9
v 3.3 2.3 0.9
v 3.3 2.4 0.9
v 3.3 3.2 0.9
v 3.3 3.3 0.9
v 3.3 3.4 0.9
v 3.3 3.9 0.9
v 3.3 4 0.9
v 3.3 4.1 0.9
v 3.3 4.3 0.9
v 3.3 4.4 0.9
v 3.3 4.8 0.9
v 3.3 4.9 0.9
v 3.3 5 0.9
v 3.3 5.2 0.9
v 3.3 5.3 0.9
v 3.3 5.4 0.9
v 3.3 5.5 0.9
v 3.3 5.6 0.9
v 3.3 6 0.9
v 3.3 6.1 0.9
v 3.3 6.4 0.9
v 3.3 6.5 0.9
v 3.3 6.6 0.9
v 3.3 6.9 0.9
v 3.3 7.1 0.9
v 3.3 8.6 0.9
v 3.3 8.8 0.9
v 3.3 9 0.9
v 3.3 9.1 0.9
v 3.3 9.8 0.9
v 3.3 9.9 0.9
v 3.3 10 0.9
v 3.3 10.1 0.9
v 3.3 10.2 0.9
v 3.3 10.8 0.9
v 3.3 10.9 0.9
v 3.3 11 0.9
v 3.3 11.1 0.9
v 3.4 0.8 0.9
v 3.4 0.9 0.9
v 3.4 1 0.9
v 3.4 1.1 0.9
v 3.4 1.3 0.9
v 3.4 1.4 0.9
v 3.4 1.5 0.9
v 3.4 1.6 0.9
v 3.4 1.9 0.9
v 3.4 2 0.9
v 3.4 2.1 0.9
v 3.4 2.2 0.9
v 3.4 2.3 0.9
v 3.4 2.9 0.9
v 3.4 3 0.9
v 3.4 3.1 0.9
v 3.4 3.2 0.9
v 3.4 3.5 0.9
v 3.4 3.6 0.9
v 3.4 3.8 0.9
v 3.4 3.9 0.9
v 3.4 4.1 0.9
v 3.4 4.2 0.9
v 3.4 4.4 0.9
v 3.4 4.7 0.9
v 3.4 4.8 0.9
v 3.4 5 0.9
v 3.4 5.1 0.9
v 3.4 5.2 0.9
v 3.4 5.3 0.9
v 3.4 6.1 0.9
v 3.4 6.2 0.9
v 3.4 6.9 0.9
v 3.4 7.1 0.9
v 3.4 7.7 0.9
v 3.4 9.8 0.9
v 3.4 10.1 0.9
v 3.4 10.3 0.9
v 3.4 10.5 0.9
v 3.4 10.6 0.9
v 3.5 0.9 0.9
v 3.5 1 0.9
v 3.5 1.4 0.9
v 3.5 1.5 0.9
v 3.5 1.6 0.9
v 3.5 1.7 0.9
v 3.5 1.9 0.9
v 3.5 2 0.9
v 3.5 2.1 0.9
v 3.5 2.2 0.9
v 3.5 3 0.9
v 3.5 3.2 0.9
v 3.5 4.2 0.9
v 3.5 4.7 0.9
v 3.5 4.9 0.9
v 3.5 5 0.9
v 3.5 5.2 0.9
v 3.5 5.4 0.9
v 3.5 5.9 0.9
v 3.5 6 0.9
v 3.5 6.8 0.9
v 3.5 6.9 0.9
v 3.5 7.1 0.9
v 3.5 7.2 0.9
v 3.5 7.3 0.9
v 3.5 7.4 0.9
v 3.5 7.5 0.9
v 3.5 7.6 0.9
v 3.5 7.7 0.9
v 3.5 9.8 0.9
v 3.5 9.9 0.9
v 3.5 10 0.9
v 3.5 10.1 0.9
v 3.5 10.6 0.9
v 3.5 10.7 0.9
v 3.6 1.2 0.9
v 3.6 1.3 0.9
v 3.6 1.4 0.9
v 3.6 1.8 0.9
v 3.6 1.9 0.9
v 3.6 2 0.9
v 3.6 2.1 0.9
v 3.6 2.4 0.9
v 3.6 2.6 0.9
v 3.6 3.3 0.9
v 3.6 3.4 0.9
v 3.6 3.5 0.9
v 3.6 4 0.9
v 3.6 4.1 0.9
v 3.6 4.7 0.9
v 3.6 4.8 0.9
v 3.6 4.9 0.9
v 3.6 5.2 0.9
v 3.6 5.3 0.9
v 3.6 5.4 0.9
v 3.6 5.5 0.9
v 3.6 5.6 0.9
v 3.6 5.7 0.9
v 3.6 6 0.9
v 3.6 6.1 0.9
v 3.6 6.3 0.9
v 3.6 6.4 0.9
v 3.6 6.5 0.9
v 3.6 6.6 0.9
v 3.6 6.7 0.9
v 3.6 6.9 0.9
v 3.6 7 0.9
v 3.6 7.2 0.9
v 3.6 7.7 0.9
v 3.6 7.8 0.9
v 3.6 9.9 0.9
v 3.6 10 0.9
v 3.6 10.3 0.9
v 3.6 10.4 0.9
v 3.7 1.4 0.9
v 3.7 1.5 0.9
v 3.7 1.6 0.9
v 3.7 1.9 0.9
v 3.7 2 0.9
v 3.7 2.1 0.9
v 3.7 3.9 0.9
v 3.7 4 0.9
v 3.7 4.1 0.9
v 3.7 4.2 0.9
v 3.7 4.4 0.9
v 3.7 4.5 0.9
v 3.7 4.6 0.9
v 3.7 4.7 0.9
v 3.7 4.8 0.9
v 3.7 4.9 0.9
v 3.7 5 0.9
v 3.7 5.2 0.9
v 3.7 5.3 0.9
v 3.7 5.8 0.9
v 3.7 5.9 0.9
v 3.7 6.5 0.9
v 3.7 6.6 0.9
v 3.7 6.9 0.9
v 3.7 7 0.9
v 3.7 7.2 0.9
v 3.7 7.3 0.9
v 3.7 7.6 0.9
v 3.7 7.7 0.9
v 3.7 7.8 0.9
v 3.7 10.3 0.9
v 3.7 10.4 0.9
v 3.7 10.6 0.9
v 3.7 10.8 0.9
v 3.7 10.9 0.9
v 3.7 11 0.9
v 3.7 11.1 0.9
v 3.8 0.8 0.9
v 3.8 0.9 0.9
v 3.8 1 0.9
v 3.8 1.1 0.9
v 3.8 1.2 0.9
v 3.8 1.3 0.9
v 3.8 2.1 0.9
v 3.8 2.2 0.9
v 3.8 3.4 0.9
v 3.8 3.5 0.9
v 3.8 3.6 0.9
v 3.8 3.9 0.9
v 3.8 4 0.9
v 3.8 4.2 0.9
v 3.8 4.3 0.9
v 3.8 4.5 0.9
v 3.8 4.6 0.9
v 3.8 4.7 0.9
v 3.8 4.8 0.9
v 3.8 5 0.9
v 3.8 5.1 0.9
v 3.8 5.2 0.9
v 3.8 5.4 0.9
v 3.8 5.6 0.9
v 3.8 5.7 0.9
v 3.8 5.9 0.9
v 3.8 6 0.9
v 3.8 6.2 0.9
v 3.8 6.3 0.9
v 3.8 6.4 0.9
v 3.8 6.5 0.9
v 3.8 6.7 0.9
v 3.8 6.9 0.9
v 3.8 7 0.9
v 3.8 7.1 0.9
v 3.8 7.3 0.9
v 3.8 7.4 0.9
v 3.8 7.5 0.9
v 3.8 7.6 0.9
v 3.8 7.7 0.9
v 3.8 8 0.9
v 3.8 8.1 0.9
v 3.8 8.5 0.9
v 3.8 8.6 0.9
v 3.8 8.7 0.9
v 3.8 8.8 0.9
v 3.8 9 0.9
v 3.8 9.1 0.9
v 3.8 10.1 0.9
v 3.8 10.2 0.9
v 3.8 10.3 0.9
v 3.8 10.4 0.9
v 3.8 10.8 0.9
v 3.9 0.9 0.9
v 3.9 1 0.9
v 3.9 1.1 0.9
v 3.9 1.2 0.9
v 3.9 1.9 0.9
v 3.9 2 0.9
v 3.9 2.1 0.9
v 3.9 2.2 0.9
v 3.9 2.4 0.9
v 3.9 2.5 0.9
v 3.9 4.1 0.9
v 3.9 4.3 0.9
v 3.9 4.4 0.9
v 3.9 4.6 0.9
v 3.9 4.7 0.9
v 3.9 4.8 0.9
v 3.9 4.9 0.9
v 3.9 5 0.9
v 3.9 5.2 0.9
v 3.9 5.4 0.9
v 3.9 5.7 0.9
v 3.9 5.8 0.9
v 3.9 5.9 0.9
v 3.9 6.8 0.9
v 3.9 6.9 0.9
v 3.9 7 0.9
v 3.9 9 0.9
v 3.9 9.1 0.9
v 3.9 10.1 0.9
v 3.9 10.2 0.9
v 3.9 10.3 0.9
v 3.9 10.4 0.9
v 3.9 10.9 0.9
v 3.9 11 0.9
v 4 0.8 0.9
v 4 0.9 0.9
v 4 1 0.9
v 4 1.1 0.9
v 4 1.3 0.9
v 4 1.4 0.9
v 4 1.5 0.9
v 4 2 0.9
v 4 2.1 0.9
v 4 2.4 0.9
v 4 2.5 0.9
v 4 4 0.9
v 4 4.2 0.9
v 4 4.3 0.9
v 4 4.7 0.9
v 4 4.8 0.9
v 4 4.9 0.9
v 4 5 0.9
v 4 5.1 0.9
v 4 5.2 0.9
v 4 5.4 0.9
v 4 5.6 0.9
v 4 5.7 0.9
v 4 6.8 0.9
v 4 6.9 0.9
v 4 7 0.9
v 4 7.1 0.9
v 4 7.3 0.9
v 4 7.4 0.9
v 4 7.5 0.9
v 4 7.6 0.9
v 4 8.6 0.9
v 4 8.7 0.9
v 4 9.8 0.9
v 4 9.9 0.9
v 4 10.1 0.9
v 4 10.2 0.9
v 4.1 2 0.9
v 4.1 2.1 0.9
v 4.1 2.3 0.9
v 4.1 2.4 0.9
v 4.1 2.6 0.9
v 4.1 2.7 0.9
v 4.1 3.5 0.9
v 4.1 3.6 0.9
v 4.1 3.7 0.9
v 4.1 3.8 0.9
v 4.1 3.9 0.9
v 4.1 4 0.9
v 4.1 4.2 0.9
v 4.1 4.8 0.9
v 4.1 5.1 0.9
v 4.1 5.2 0.9
v 4.1 5.4 0.9
v 4.1 5.7 0.9
v 4.1 5.8 0.9
v 4.1 5.9 0.9
v 4.1 6.1 0.9
v 4.1 6.2 0.9
v 4.1 6.3 0.9
v 4.1 6.9 0.9
v 4.1 7.2 0.9
v 4.1 7.3 0.9
v 4.1 8.4 0.9
v 4.1 8.5 0.9
v 4.1 10.2 0.9
v 4.1 10.3 0.9
v 4.1 10.4 0.9
v 4.1 10.9 0.9
v 4.1 11 0.9
v 4.2 1 0.9
v 4.2 1.2 0.9
v 4.2 1.3 0.9
v 4.2 1.4 0.9
v 4.2 1.5 0.9
v 4.2 1.6 0.9
v 4.2 1.8 0.9
v 4.2 1.9 0.9
v 4.2 2 0.9
v 4.2 2.1 0.9
v 4.2 2.3 0.9
v 4.2 2.4 0.9
v 4.2 3.5 0.9
v 4.2 3.6 0.9
v 4.2 4 0.9
v 4.2 4.2 0.9
v 4.2 5.2 0.9
v 4.2 5.4 0.9
v 4.2 6.6 0.9
v 4.2 6.7 0.9
v 4.2 6.9 0.9
v 4.2 7.2 0.9
v 4.2 7.4 0.9
v 4.2 7.8 0.9
v 4.2 7.9 0.9
v 4.2 8.5 0.9
v 4.2 8.6 0.9
v 4.2 9.7 0.9
v 4.2 9.8 0.9
v 4.3 1.1 0.9
v 4.3 1.2 0.9
v 4.3 1.4 0.9
v 4.3 1.5 0.9
v 4.3 2.1 0.9
v 4.3 2.2 0.9
v 4.3 5.5 0.9
v 4.3 5.6 0.9
v 4.3 6 0.9
v 4.3 6.1 0.9
v 4.3 6.2 0.9
v 4.3 6.4 0.9
v 4.3 6.6 0.9
v 4.3 6.7 0.9
v 4.3 6.8 0.9
v 4.3 6.9 0.9
v 4.3 7 0.9
v 4.3 7.1 0.9
v 4.3 7.2 0.9
v 4.3 7.4 0.9
v 4.3 7.6 0.9
v 4.3 7.7 0.9
v 4.3 8 0.9
v 4.3 8.1 0.9
v 4.3 8.2 0.9
v 4.3 8.8 0.9
v 4.3 9 0.9
v 4.3 10.1 0.9
v 4.3 10.2 0.9
v 4.4 0.9 0.9
v 4.4 1 0.9
v 4.4 1.2 0.9
v 4.4 1.3 0.9
v 4.4 1.5 0.9
v 4.4 1.6 0.9
v 4.4 1.8 0.9
v 4.4 1.9 0.9
v 4.4 2.2 0.9
v 4.4 2.3 0.9
v 4.4 3.6 0.9
v 4.4 3.7 0.9
v 4.4 3.8 0.9
v 4.4 3.9 0.9
v 4.4 4 0.9
v 4.4 4.2 0.9
v 4.4 5.5 0.9
v 4.4 5.6 0.9
v 4.4 5.8 0.9
v 4.4 5.9 0.9
v 4.4 6 0.9
v 4.4 6.5 0.9
v 4.4 6.6 0.9
v 4.4 6.8 0.9
v 4.4 6.9 0.9
v 4.4 7 0.9
v 4.4 7.1 0.9
v 4.4 7.2 0.9
v 4.4 8.6 0.9
v 4.4 8.7 0.9
v 4.4 8.9 0.9
v 4.4 9 0.9
v 4.4 9.7 0.9
v 4.4 9.8 0.9
v 4.4 10.2 0.9
v 4.4 10.3 0.9
v 4.4 10.4 0.9
v 4.5 0.8 0.9
v 4.5 0.9 0.9
v 4.5 1 0.9
v 4.5 1.1 0.9
v 4.5 1.2 0.9
v 4.5 1.3 0.9
v 4.5 1.4 0.9
v 4.5 1.7 0.9
v 4.5 1.8 0.9
v 4.5 1.9 0.9
v 4.5 2 0.9
v 4.5 2.1 0.9
v 4.5 2.3 0.9
v 4.5 2.5 0.9
v 4.5 3.6 0.9
v 4.5 3.7 0.9
v 4.5 3.8 0.9
v 4.5 5.9 0.9
v 4.5 6 0.9
v 4.5 6.1 0.9
v 4.5 6.5 0.9
v 4.5 6.6 0.9
v 4.5 6.7 0.9
v 4.5 6.8 0.9
v 4.5 6.9 0.9
v 4.5 7.1 0.9
v 4.5 7.2 0.9
v 4.5 7.4 0.9
v 4.5 7.5 0.9
v 4.5 7.7 0.9
v 4.5 7.8 0.9
v 4.5 7.9 0.9
v 4.5 8 0.9
v 4.5 8.6 0.9
v 4.5 8.7 0.9
v 4.5 8.8 0.9
v 4.5 9.6 0.9
v 4.5 9.7 0.9
v 4.5 9.8 0.9
v 4.5 10.3 0.9
v 4.5 10.4 0.9
v 4.5 11 0.9
v 4.5 11.1 0.9
v 4.6 -0.1 0.9
v 4.6 0.8 0.9
v 4.6 1 0.9
v 4.6 1.1 0.9
v 4.6 1.2 0.9
v 4.6 1.3 0.9
v 4.6 1.6 0.9
v 4.6 1.7 0.9
v 4.6 1.8 0.9
v 4.6 1.9 0.9
v 4.6 2 0.9
v 4.6 2.5 0.9
v 4.6 2.7 0.9
v 4.6 3.7 0.9
v 4.6 6 0.9
v 4.6 6.4 0.9
v 4.6 6.5 0.9
v 4.6 6.7 0.9
v 4.6 7.1 0.9
v 4.6 7.5 0.9
v 4.6 7.6 0.9
v 4.6 7.7 0.9
v 4.6 8 0.9
v 4.6 8.1 0.9
v 4.6 8.2 0.9
v 4.6 8.4 0.9
v 4.6 8.6 0.9
v 4.6 8.7 0.9
v 4.6 8.8 0.9
v 4.6 8.9 0.9
v 4.6 9.6 0.9
v 4.6 9.7 0.9
v 4.6 9.9 0.9
v 4.6 10.1 0.9
v 4.6 10.2 0.9
v 4.6 10.3 0.9
v 4.6 10.4 0.9
v 4.6 11.1 0.9
v 4.7 -0.2 0.9
v 4.7 11.2 0.9
v -1 1.6 -1.3
v -1 2.2 -1.3
v -1 2.5 -1.3
v -0.8 1.6 -1.3
v -0.8 2.2 -1.3
v -0.8 2.5 -1.3
v -0.6 4.2 -1.3
v -0.6 4.3 -1.3
v -0.6 4.4 -1.3
v -0.5 4.2 -1.3
v -0.5 4.3 -1.3
v -0.5 4.4 -1.3
v 3.2 1.5 -1.3
v 3.2 1.7 -1.3
v 3.2 1.8 -1.3
v 3.2 2 -1.3
v 3.2 2.1 -1.3
v 3.2 2.3 -1.3
v 3.2 2.4 -1.3
v 3.2 2.5 -1.3
v 3.4 1.7 -1.3
v 3.4 1.8 -1.3
v 3.4 1.9 -1.3
v 3.4 2 -1.3
v 3.4 2.1 -1.3
v 3.4 2.2 -1.3
v 3.4 2.3 -1.3
v 3.4 2.4 -1.3
v 3.5 1.5 -1.3
v 3.5 1.7 -1.3
v 3.5 1.8 -1.3
v 3.5 1.9 -1.3
v 3.5 2.2 -1.3
v 3.5 2.3 -1.3
v 3.5 2.5 -1.3
v 4.1 3 -1.3
v 4.1 4.1 -1.3
v 4.1 4.4 -1.3
v 4.1 4.9 -1.3
v 4.1 5.1 -1.3
v 4.1 5.5 -1.3
v 4.1 5.8 -1.3
v 4.1 6 -1.3
v 4.1 6.1 -1.3
v 4.1 6.3 -1.3
v 4.1 6.5 -1.3
v 4.1 6.6 -1.3
v 4.1 7 -1.3
v 4.1 7.2 -1.3
v 4.1 7.4 -1.3
v 4.1 7.7 -1.3
v 4.1 8.3 -1.3
v 4.2 4.1 -1.3
v 4.2 4.2 -1.3
v 4.2 4.9 -1.3
v 4.2 5.1 -1.3
v 4.2 5.5 -1.3
v 4.2 5.8 -1.3
v 4.2 6 -1.3
v 4.2 6.1 -1.3
v 4.2 6.3 -1.3
v 4.2 6.5 -1.3
v 4.2 7.3 -1.3
v 4.2 7.4 -1.3
v 4.2 8 -1.3
v 4.2 8.1 -1.3
v 4.2 8.2 -1.3
v 4.2 8.3 -1.3
v 4.3 4.2 -1.3
v 4.3 4.3 -1.3
v 4.3 4.4 -1.3
v 4.3 6.6 -1.3
v 4.3 6.7 -1.3
v 4.3 6.9 -1.3
v 4.3 7 -1.3
v 4.3 7.7 -1.3
v 4.3 7.8 -1.3
v 4.4 4.2 -1.3
v 4.4 4.3 -1.3
v 4.4 7.8 -1.3
v 4.4 7.9 -1.3
v 4.5 6.7 -1.3
v 4.5 6.8 -1.3
v 4.5 7.2 -1.3
v 4.5 7.3 -1.3
v 4.5 8.1 -1.3
v 4.5 8.2 -1.3
v 4.6 3 -1.3
v 4.6 6.8 -1.3
v 4.6 6.9 -1.3
v 4.6 7.9 -1.3
v 4.6 8 -1.3
v 4.6 8.1 -1.3
v 4.6 8.3 -1.3
v -1 1.6 -1.2
v -1 2.5 -1.2
v -0.8 1.6 -1.2
v -0.8 2.5 -1.2
v -0.6 4.2 -1.2
v -0.6 4.4 -1.2
v -0.5 4.2 -1.2
v -0.5 4.4 -1.2
v 3.2 1.5 -1.2
v 3.2 2.5 -1.2
v 3.5 1.5 -1.2
v 3.5 2.5 -1.2
v 4.1 3 -1.2
v 4.1 8.3 -1.2
v 4.6 3 -1.2
v 4.6 8.3 -1.2
v -5.4 -0.2 -1.4
v -5.4 11.2 -1.4
v -5.3 -0.1 -1.4
v -5.3 0 -1.4
v -5.3 0.2 -1.4
v -5.3 0.3 -1.4
v -5.3 0.4 -1.4
v -5.3 0.6 -1.4
v -5.3 0.9 -1.4
v -5.3 1 -1.4
v -5.3 1.1 -1.4
v -5.3 1.2 -1.4
v -5.3 1.3 -1.4
v -5.3 1.8 -1.4
v -5.3 2.1 -1.4
v -5.3 2.3 -1.4
v -5.3 2.4 -1.4
v -5.3 2.5 -1.4
v -5.3 6 -1.4
v -5.3 6.1 -1.4
v -5.3 6.4 -1.4
v -5.3 6.8 -1.4
v -5.3 7.2 -1.4
v -5.3 7.3 -1.4
v -5.3 7.4 -1.4
v -5.3 7.8 -1.4
v -5.3 7.9 -1.4
v -5.3 8 -1.4
v -5.3 8.2 -1.4
v -5.3 8.4 -1.4
v -5.3 8.5 -1.4
v -5.3 8.6 -1.4
v -5.3 8.7 -1.4
v -5.3 9.5 -1.4
v -5.3 9.6 -1.4
v -5.3 9.8 -1.4
v -5.3 10 -1.4
v -5.3 10.1 -1.4
v -5.3 10.2 -1.4
v -5.3 10.3 -1.4
v -5.3 11.1 -1.4
v -5.2 0 -1.4
v -5.2 0.1 -1.4
v -5.2 0.2 -1.4
v -5.2 0.3 -1.4
v -5.2 0.4 -1.4
v -5.2 0.6 -1.4
v -5.2 0.7 -1.4
v -5.2 1 -1.4
v -5.2 1.1 -1.4
v -5.2 1.2 -1.4
v -5.2 1.3 -1.4
v -5.2 1.4 -1.4
v -5.2 1.6 -1.4
v -5.2 1.8 -1.4
v -5.2 2.4 -1.4
v -5.2 2.5 -1.4
v -5.2 6.1 -1.4
v -5.2 6.3 -1.4
v -5.2 6.4 -1.4
v -5.2 6.5 -1.4
v -5.2 6.8 -1.4
v -5.2 6.9 -1.4
v -5.2 7.1 -1.4
v -5.2 7.2 -1.4
v -5.2 7.4 -1.4
v -5.2 7.5 -1.4
v -5.2 7.7 -1.4
v -5.2 7.8 -1.4
v -5.2 8.4 -1.4
v -5.2 8.5 -1.4
v -5.2 8.6 -1.4
v -5.2 9.5 -1.4
v -5.2 9.6 -1.4
v -5.2 9.7 -1.4
v -5.2 10.2 -1.4
v -5.2 10.3 -1.4
v -5.2 11 -1.4
v -5.2 11.1 -1.4
v -5.1 0.1 -1.4
v -5.1 0.2 -1.4
v -5.1 0.4 -1.4
v -5.1 0.6 -1.4
v -5.1 0.8 -1.4
v -5.1 0.9 -1.4
v -5.1 1.1 -1.4
v -5.1 1.2 -1.4
v -5.1 1.5 -1.4
v -5.1 1.6 -1.4
v -5.1 6.1 -1.4
v -5.1 6.3 -1.4
v -5.1 6.5 -1.4
v -5.1 6.6 -1.4
v -5.1 6.7 -1.4
v -5.1 8.4 -1.4
v -5.1 8.5 -1.4
v -5.1 8.7 -1.4
v -5.1 8.8 -1.4
v -5.1 9.6 -1.4
v -5.1 9.7 -1.4
v -5.1 10.1 -1.4
v -5.1 10.2 -1.4
v -5.1 10.3 -1.4
v -5 0.3 -1.4
v -5 0.4 -1.4
v -5 0.7 -1.4
v -5 0.8 -1.4
v -5 1.4 -1.4
v -5 1.5 -1.4
v -5 6 -1.4
v -5 6.3 -1.4
v -5 6.4 -1.4
v -5 6.5 -1.4
v -5 7.3 -1.4
v -5 7.4 -1.4
v -5 7.8 -1.4
v -5 7.9 -1.4
v -5 8 -1.4
v -5 8.6 -1.4
v -5 8.8 -1.4
v -5 10 -1.4
v -5 10.1 -1.4
v -4.9 0.2 -1.4
v -4.9 0.4 -1.4
v -4.9 0.6 -1.4
v -4.9 0.7 -1.4
v -4.9 0.8 -1.4
v -4.9 0.9 -1.4
v -4.9 1.1 -1.4
v -4.9 1.2 -1.4
v -4.9 1.3 -1.4
v -4.9 1.4 -1.4
v -4.9 1.6 -1.4
v -4.9 1.7 -1.4
v -4.9 6.3 -1.4
v -4.9 6.4 -1.4
v -4.9 7.5 -1.4
v -4.9 7.7 -1.4
v -4.9 8.3 -1.4
v -4.9 8.4 -1.4
v -4.9 9.6 -1.4
v -4.9 9.7 -1.4
v -4.8 1.3 -1.4
v -4.8 1.4 -1.4
v -4.8 1.6 -1.4
v -4.8 1.7 -1.4
v -4.8 2 -1.4
v -4.8 2.1 -1.4
v -4.8 6.6 -1.4
v -4.8 6.7 -1.4
v -4.8 8.2 -1.4
v -4.8 8.3 -1.4
v -4.8 10.1 -1.4
v -4.8 10.2 -1.4
v -4.8 10.3 -1.4
v -4.8 10.9 -1.4
v -4.8 11 -1.4
v -4.7 0 -1.4
v -4.7 0.1 -1.4
v -4.7 0.2 -1.4
v -4.7 0.3 -1.4
v -4.7 0.6 -1.4
v -4.7 0.7 -1.4
v -4.7 0.8 -1.4
v -4.7 1.3 -1.4
v -4.7 1.4 -1.4
v -4.7 1.7 -1.4
v -4.7 1.8 -1.4
v -4.7 6.5 -1.4
v -4.7 6.6 -1.4
v -4.7 6.7 -1.4
v -4.7 6.9 -1.4
v -4.7 7 -1.4
v -4.7 7.2 -1.4
v -4.7 7.3 -1.4
v -4.7 8.4 -1.4
v -4.7 8.5 -1.4
v -4.7 9.7 -1.4
v -4.7 9.8 -1.4
v -4.7 10 -1.4
v -4.7 10.1 -1.4
v -4.6 0.1 -1.4
v -4.6 0.2 -1.4
v -4.6 0.3 -1.4
v -4.6 0.4 -1.4
v -4.6 1.2 -1.4
v -4.6 1.3 -1.4
v -4.6 1.4 -1.4
v -4.6 1.5 -1.4
v -4.6 1.7 -1.4
v -4.6 1.8 -1.4
v -4.6 6.5 -1.4
v -4.6 6.6 -1.4
v -4.6 6.7 -1.4
v -4.6 7 -1.4
v -4.6 7.1 -1.4
v -4.6 8.8 -1.4
v -4.6 8.9 -1.4
v -4.6 10 -1.4
v -4.6 10.1 -1.4
v -4.6 10.2 -1.4
v -4.6 10.3 -1.4
v -4.6 10.9 -1.4
v -4.6 11 -1.4
v -4.5 0 -1.4
v -4.5 0.1 -1.4
v -4.5 0.2 -1.4
v -4.5 0.3 -1.4
v -4.5 0.4 -1.4
v -4.5 0.6 -1.4
v -4.5 1.4 -1.4
v -4.5 1.5 -1.4
v -4.5 6.1 -1.4
v -4.5 6.4 -1.4
v -4.5 8.4 -1.4
v -4.5 8.5 -1.4
v -4.5 8.7 -1.4
v -4.5 8.8 -1.4
v -4.5 8.9 -1.4
v -4.5 9 -1.4
v -4.5 10 -1.4
v -4.5 10.1 -1.4
v -4.5 10.2 -1.4
v -4.4 0.7 -1.4
v -4.4 0.8 -1.4
v -4.4 0.9 -1.4
v -4.4 1.2 -1.4
v -4.4 1.3 -1.4
v -4.4 1.4 -1.4
v -4.4 2.3 -1.4
v -4.4 2.4 -1.4
v -4.4 6.1 -1.4
v -4.4 6.3 -1.4
v -4.4 6.9 -1.4
v -4.4 7.1 -1.4
v -4.4 8.4 -1.4
v -4.4 8.5 -1.4
v -4.4 8.8 -1.4
v -4.4 9 -1.4
v -4.4 9.3 -1.4
v -4.4 9.9 -1.4
v -4.4 10.9 -1.4
v -4.4 11 -1.4
v -4.4 11.1 -1.4
v -4.3 0.4 -1.4
v -4.3 0.6 -1.4
v -4.3 0.7 -1.4
v -4.3 1.1 -1.4
v -4.3 1.2 -1.4
v -4.3 1.3 -1.4
v -4.3 1.4 -1.4
v -4.3 1.7 -1.4
v -4.3 2 -1.4
v -4.3 6.3 -1.4
v -4.3 6.4 -1.4
v -4.3 6.6 -1.4
v -4.3 6.7 -1.4
v -4.3 7.4 -1.4
v -4.3 7.5 -1.4
v -4.3 8 -1.4
v -4.3 8.1 -1.4
v -4.3 8.5 -1.4
v -4.3 8.6 -1.4
v -4.3 9.3 -1.4
v -4.3 9.7 -1.4
v -4.3 9.9 -1.4
v -4.3 10.3 -1.4
v -4.2 0.1 -1.4
v -4.2 0.2 -1.4
v -4.2 0.7 -1.4
v -4.2 0.8 -1.4
v -4.2 0.9 -1.4
v -4.2 1 -1.4
v -4.2 1.2 -1.4
v -4.2 1.3 -1.4
v -4.2 1.4 -1.4
v -4.2 1.5 -1.4
v -4.2 6.5 -1.4
v -4.2 6.6 -1.4
v -4.2 6.7 -1.4
v -4.2 6.8 -1.4
v -4.2 8.4 -1.4
v -4.2 8.5 -1.4
v -4.2 9 -1.4
v -4.2 9.3 -1.4
v -4.2 9.6 -1.4
v -4.2 9.7 -1.4
v -4.2 9.8 -1.4
v -4.2 9.9 -1.4
v -4.2 10.3 -1.4
v -4.2 10.4 -1.4
v -4.2 10.7 -1.4
v -4.2 10.8 -1.4
v -4.1 0 -1.4
v -4.1 0.1 -1.4
v -4.1 0.2 -1.4
v -4.1 0.3 -1.4
v -4.1 0.6 -1.4
v -4.1 0.7 -1.4
v -4.1 0.8 -1.4
v -4.1 0.9 -1.4
v -4.1 1.2 -1.4
v -4.1 1.3 -1.4
v -4.1 1.4 -1.4
v -4.1 1.5 -1.4
v -4.1 1.6 -1.4
v -4.1 2.3 -1.4
v -4.1 2.4 -1.4
v -4.1 7.2 -1.4
v -4.1 7.3 -1.4
v -4.1 8.6 -1.4
v -4.1 8.7 -1.4
v -4.1 8.8 -1.4
v -4.1 9 -1.4
v -4.1 9.3 -1.4
v -4.1 9.6 -1.4
v -4.1 9.8 -1.4
v -4.1 9.9 -1.4
v -4.1 10.4 -1.4
v -4.1 10.7 -1.4
v -4.1 10.8 -1.4
v -4 0.2 -1.4
v -4 0.3 -1.4
v -4 0.4 -1.4
v -4 0.9 -1.4
v -4 1 -1.4
v -4 1.3 -1.4
v -4 1.4 -1.4
v -4 1.5 -1.4
v -4 1.6 -1.4
v -4 1.7 -1.4
v -4 7.1 -1.4
v -4 7.2 -1.4
v -4 8.6 -1.4
v -4 8.7 -1.4
v -4 8.9 -1.4
v -4 9.3 -1.4
v -4 9.4 -1.4
v -4 9.6 -1.4
v -4 10 -1.4
v -4 10.2 -1.4
v -4 10.6 -1.4
v -4 10.8 -1.4
v -4 10.9 -1.4
v -4 11 -1.4
v -4 11.1 -1.4
v -3.9 0.1 -1.4
v -3.9 0.3 -1.4
v -3.9 1 -1.4
v -3.9 1.1 -1.4
v -3.9 1.4 -1.4
v -3.9 1.5 -1.4
v -3.9 7.2 -1.4
v -3.9 7.3 -1.4
v -3.9 7.4 -1.4
v -3.9 7.5 -1.4
v -3.9 7.7 -1.4
v -3.9 7.8 -1.4
v -3.9 7.9 -1.4
v -3.9 9.3 -1.4
v -3.9 9.4 -1.4
v -3.9 9.6 -1.4
v -3.9 10 -1.4
v -3.9 10.2 -1.4
v -3.9 10.6 -1.4
v -3.8 0.3 -1.4
v -3.8 0.4 -1.4
v -3.8 0.6 -1.4
v -3.8 0.7 -1.4
v -3.8 0.8 -1.4
v -3.8 0.9 -1.4
v -3.8 1 -1.4
v -3.8 1.1 -1.4
v -3.8 1.2 -1.4
v -3.8 1.3 -1.4
v -3.8 1.5 -1.4
v -3.8 1.6 -1.4
v -3.8 7.1 -1.4
v -3.8 7.2 -1.4
v -3.8 8.4 -1.4
v -3.8 8.5 -1.4
v -3.8 8.9 -1.4
v -3.8 9 -1.4
v -3.8 9.2 -1.4
v -3.8 9.3 -1.4
v -3.8 9.6 -1.4
v -3.8 9.7 -1.4
v -3.8 10.2 -1.4
v -3.8 10.4 -1.4
v -3.8 10.7 -1.4
v -3.7 1.1 -1.4
v -3.7 1.2 -1.4
v -3.7 1.3 -1.4
v -3.7 1.4 -1.4
v -3.7 6.5 -1.4
v -3.7 6.6 -1.4
v -3.7 7.2 -1.4
v -3.7 7.3 -1.4
v -3.7 7.4 -1.4
v -3.7 7.8 -1.4
v -3.7 7.9 -1.4
v -3.7 8.4 -1.4
v -3.7 8.5 -1.4
v -3.7 8.7 -1.4
v -3.7 8.8 -1.4
v -3.7 9.2 -1.4
v -3.7 9.5 -1.4
v -3.7 9.6 -1.4
v -3.7 9.7 -1.4
v -3.7 10.2 -1.4
v -3.7 10.4 -1.4
v -3.7 10.7 -1.4
v -3.7 10.8 -1.4
v -3.7 10.9 -1.4
v -3.6 0.4 -1.4
v -3.6 0.6 -1.4
v -3.6 0.7 -1.4
v -3.6 0.8 -1.4
v -3.6 0.9 -1.4
v -3.6 1 -1.4
v -3.6 1.3 -1.4
v -3.6 1.4 -1.4
v -3.6 7.2 -1.4
v -3.6 7.3 -1.4
v -3.6 7.7 -1.4
v -3.6 7.8 -1.4
v -3.6 9.4 -1.4
v -3.6 9.5 -1.4
v -3.6 9.6 -1.4
v -3.6 9.7 -1.4
v -3.6 10.2 -1.4
v -3.6 10.9 -1.4
v -3.6 11 -1.4
v -3.6 11.1 -1.4
v -3.5 0 -1.4
v -3.5 0.1 -1.4
v -3.5 0.6 -1.4
v -3.5 0.7 -1.4
v -3.5 1.4 -1.4
v -3.5 1.5 -1.4
v -3.5 7.2 -1.4
v -3.5 7.3 -1.4
v -3.5 7.4 -1.4
v -3.5 7.7 -1.4
v -3.5 7.8 -1.4
v -3.5 8.4 -1.4
v -3.5 8.5 -1.4
v -3.5 8.6 -1.4
v -3.5 8.8 -1.4
v -3.5 8.9 -1.4
v -3.5 9 -1.4
v -3.5 9.2 -1.4
v -3.5 9.3 -1.4
v -3.5 9.4 -1.4
v -3.5 9.5 -1.4
v -3.5 9.6 -1.4
v -3.5 10.1 -1.4
v -3.5 10.2 -1.4
v -3.5 10.3 -1.4
v -3.5 10.6 -1.4
v -3.4 0.1 -1.4
v -3.4 0.2 -1.4
v -3.4 0.7 -1.4
v -3.4 0.8 -1.4
v -3.4 1.1 -1.4
v -3.4 1.2 -1.4
v -3.4 1.3 -1.4
v -3.4 1.4 -1.4
v -3.4 1.5 -1.4
v -3.4 1.6 -1.4
v -3.4 1.7 -1.4
v -3.4 9.2 -1.4
v -3.4 9.3 -1.4
v -3.4 9.4 -1.4
v -3.4 9.5 -1.4
v -3.4 9.9 -1.4
v -3.4 10.1 -1.4
v -3.4 10.3 -1.4
v -3.4 10.4 -1.4
v -3.4 10.6 -1.4
v -3.4 10.7 -1.4
v -3.4 10.8 -1.4
v -3.3 0.2 -1.4
v -3.3 0.3 -1.4
v -3.3 0.9 -1.4
v -3.3 1 -1.4
v -3.3 1.3 -1.4
v -3.3 1.4 -1.4
v -3.3 2.3 -1.4
v -3.3 2.4 -1.4
v -3.3 7.8 -1.4
v -3.3 7.9 -1.4
v -3.3 8.4 -1.4
v -3.3 8.5 -1.4
v -3.3 8.8 -1.4
v -3.3 8.9 -1.4
v -3.3 9 -1.4
v -3.3 9.9 -1.4
v -3.3 10.4 -1.4
v -3.3 10.6 -1.4
v -3.3 10.8 -1.4
v -3.3 10.9 -1.4
v -3.3 11 -1.4
v -3.2 0 -1.4
v -3.2 0.1 -1.4
v -3.2 0.7 -1.4
v -3.2 0.8 -1.4
v -3.2 0.9 -1.4
v -3.2 1 -1.4
v -3.2 1.1 -1.4
v -3.2 1.2 -1.4
v -3.2 1.3 -1.4
v -3.2 1.4 -1.4
v -3.2 1.5 -1.4
v -3.2 2.3 -1.4
v -3.2 2.4 -1.4
v -3.2 6.6 -1.4
v -3.2 6.7 -1.4
v -3.2 6.8 -1.4
v -3.2 6.9 -1.4
v -3.2 7.1 -1.4
v -3.2 7.2 -1.4
v -3.2 7.3 -1.4
v -3.2 7.4 -1.4
v -3.2 7.7 -1.4
v -3.2 8.4 -1.4
v -3.2 8.5 -1.4
v -3.2 8.9 -1.4
v -3.2 9 -1.4
v -3.2 10.6 -1.4
v -3.2 10.7 -1.4
v -3.1 0 -1.4
v -3.1 0.1 -1.4
v -3.1 0.3 -1.4
v -3.1 0.4 -1.4
v -3.1 0.6 -1.4
v -3.1 0.7 -1.4
v -3.1 1 -1.4
v -3.1 1.1 -1.4
v -3.1 1.2 -1.4
v -3.1 1.5 -1.4
v -3.1 1.7 -1.4
v -3.1 6.4 -1.4
v -3.1 6.5 -1.4
v -3.1 6.6 -1.4
v -3.1 6.7 -1.4
v -3.1 6.8 -1.4
v -3.1 6.9 -1.4
v -3.1 7 -1.4
v -3.1 7.1 -1.4
v -3.1 7.2 -1.4
v -3.1 7.4 -1.4
v -3.1 7.8 -1.4
v -3.1 7.9 -1.4
v -3.1 8 -1.4
v -3.1 8.4 -1.4
v -3.1 8.5 -1.4
v -3.1 8.6 -1.4
v -3.1 8.8 -1.4
v -3.1 8.9 -1.4
v -3 0.1 -1.4
v -3 0.2 -1.4
v -3 0.4 -1.4
v -3 0.6 -1.4
v -3 0.7 -1.4
v -3 0.8 -1.4
v -3 1 -1.4
v -3 1.1 -1.4
v -3 2 -1.4
v -3 2.2 -1.4
v -3 2.3 -1.4
v -3 6.3 -1.4
v -3 6.4 -1.4
v -3 6.6 -1.4
v -3 6.7 -1.4
v -3 6.9 -1.4
v -3 7 -1.4
v -3 7.1 -1.4
v -3 7.3 -1.4
v -3 7.4 -1.4
v -3 8 -1.4
v -3 8.1 -1.4
v -3 9.5 -1.4
v -3 9.6 -1.4
v -3 9.9 -1.4
v -2.9 0.1 -1.4
v -2.9 0.2 -1.4
v -2.9 0.3 -1.4
v -2.9 0.8 -1.4
v -2.9 0.9 -1.4
v -2.9 1 -1.4
v -2.9 1.1 -1.4
v -2.9 1.2 -1.4
v -2.9 1.3 -1.4
v -2.9 1.4 -1.4
v -2.9 1.5 -1.4
v -2.9 6.4 -1.4
v -2.9 6.5 -1.4
v -2.9 7.4 -1.4
v -2.9 7.7 -1.4
v -2.9 7.9 -1.4
v -2.9 8 -1.4
v -2.9 9.2 -1.4
v -2.9 9.5 -1.4
v -2.9 9.6 -1.4
v -2.9 9.9 -1.4
v -2.9 10.7 -1.4
v -2.9 10.8 -1.4
v -2.9 10.9 -1.4
v -2.9 11 -1.4
v -2.9 11.1 -1.4
v -2.8 0 -1.4
v -2.8 0.1 -1.4
v -2.8 1 -1.4
v -2.8 1.1 -1.4
v -2.8 2.3 -1.4
v -2.8 2.4 -1.4
v -2.8 6.3 -1.4
v -2.8 6.4 -1.4
v -2.8 7.4 -1.4
v -2.8 7.7 -1.4
v -2.8 8.7 -1.4
v -2.8 8.8 -1.4
v -2.8 9 -1.4
v -2.8 9.2 -1.4
v -2.8 9.5 -1.4
v -2.8 9.6 -1.4
v -2.8 9.9 -1.4
v -2.8 10 -1.4
v -2.7 0.2 -1.4
v -2.7 0.3 -1.4
v -2.7 0.4 -1.4
v -2.7 0.6 -1.4
v -2.7 0.7 -1.4
v -2.7 0.9 -1.4
v -2.7 1 -1.4
v -2.7 1.1 -1.4
v -2.7 1.4 -1.4
v -2.7 1.5 -1.4
v -2.7 1.6 -1.4
v -2.7 2.3 -1.4
v -2.7 2.4 -1.4
v -2.7 6.1 -1.4
v -2.7 6.4 -1.4
v -2.7 8.7 -1.4
v -2.7 8.8 -1.4
v -2.7 8.9 -1.4
v -2.7 9.2 -1.4
v -2.7 9.5 -1.4
v -2.7 9.6 -1.4
v -2.7 9.9 -1.4
v -2.7 10 -1.4
v -2.7 10.2 -1.4
v -2.7 10.4 -1.4
v -2.7 10.7 -1.4
v -2.7 10.8 -1.4
v -2.6 0.4 -1.4
v -2.6 0.6 -1.4
v -2.6 1.2 -1.4
v -2.6 1.3 -1.4
v -2.6 1.4 -1.4
v -2.6 2.2 -1.4
v -2.6 2.3 -1.4
v -2.6 6.3 -1.4
v -2.6 6.4 -1.4
v -2.6 6.7 -1.4
v -2.6 7 -1.4
v -2.6 7.2 -1.4
v -2.6 7.7 -1.4
v -2.6 8.4 -1.4
v -2.6 8.5 -1.4
v -2.6 8.9 -1.4
v -2.6 9 -1.4
v -2.6 9.2 -1.4
v -2.6 10.1 -1.4
v -2.6 10.2 -1.4
v -2.6 10.4 -1.4
v -2.6 10.6 -1.4
v -2.6 10.9 -1.4
v -2.6 11 -1.4
v -2.6 11.1 -1.4
v -2.5 0.1 -1.4
v -2.5 0.2 -1.4
v -2.5 0.3 -1.4
v -2.5 0.4 -1.4
v -2.5 1.5 -1.4
v -2.5 1.6 -1.4
v -2.5 2.3 -1.4
v -2.5 2.4 -1.4
v -2.5 6.1 -1.4
v -2.5 6.3 -1.4
v -2.5 6.6 -1.4
v -2.5 6.7 -1.4
v -2.5 6.9 -1.4
v -2.5 7 -1.4
v -2.5 7.1 -1.4
v -2.5 7.3 -1.4
v -2.5 7.5 -1.4
v -2.5 7.7 -1.4
v -2.5 7.8 -1.4
v -2.5 8 -1.4
v -2.5 8.2 -1.4
v -2.5 10.2 -1.4
v -2.5 10.4 -1.4
v -2.5 10.6 -1.4
v -2.4 0.6 -1.4
v -2.4 0.7 -1.4
v -2.4 1 -1.4
v -2.4 1.1 -1.4
v -2.4 1.2 -1.4
v -2.4 1.3 -1.4
v -2.4 1.4 -1.4
v -2.4 1.5 -1.4
v -2.4 1.6 -1.4
v -2.4 1.7 -1.4
v -2.4 1.8 -1.4
v -2.4 2 -1.4
v -2.4 2.4 -1.4
v -2.4 2.5 -1.4
v -2.4 6.1 -1.4
v -2.4 6.3 -1.4
v -2.4 6.7 -1.4
v -2.4 6.9 -1.4
v -2.4 7 -1.4
v -2.4 7.3 -1.4
v -2.4 7.5 -1.4
v -2.4 7.7 -1.4
v -2.4 8 -1.4
v -2.4 8.1 -1.4
v -2.4 8.4 -1.4
v -2.4 8.5 -1.4
v -2.4 10.8 -1.4
v -2.4 10.9 -1.4
v -2.4 11 -1.4
v -2.3 0.2 -1.4
v -2.3 0.3 -1.4
v -2.3 0.4 -1.4
v -2.3 0.6 -1.4
v -2.3 1.5 -1.4
v -2.3 1.6 -1.4
v -2.3 2 -1.4
v -2.3 2.1 -1.4
v -2.3 2.7 -1.4
v -2.3 2.9 -1.4
v -2.3 6.7 -1.4
v -2.3 6.8 -1.4
v -2.3 6.9 -1.4
v -2.3 7 -1.4
v -2.3 7.3 -1.4
v -2.3 7.4 -1.4
v -2.3 7.5 -1.4
v -2.3 7.7 -1.4
v -2.3 8.5 -1.4
v -2.3 8.6 -1.4
v -2.3 10.1 -1.4
v -2.3 10.2 -1.4
v -2.3 10.4 -1.4
v -2.3 10.6 -1.4
v -2.2 0.7 -1.4
v -2.2 0.8 -1.4
v -2.2 1.1 -1.4
v -2.2 1.2 -1.4
v -2.2 1.3 -1.4
v -2.2 1.4 -1.4
v -2.2 1.5 -1.4
v -2.2 6.8 -1.4
v -2.2 6.9 -1.4
v -2.2 7.4 -1.4
v -2.2 7.5 -1.4
v -2.2 8.2 -1.4
v -2.2 8.3 -1.4
v -2.2 8.5 -1.4
v -2.2 8.6 -1.4
v -2.2 10.8 -1.4
v -2.2 10.9 -1.4
v -2.2 11 -1.4
v -2.2 11.1 -1.4
v -2.1 0.6 -1.4
v -2.1 0.7 -1.4
v -2.1 2.4 -1.4
v -2.1 2.5 -1.4
v -2.1 3.6 -1.4
v -2.1 3.7 -1.4
v -2.1 4.1 -1.4
v -2.1 4.2 -1.4
v -2.1 4.7 -1.4
v -2.1 5.1 -1.4
v -2.1 6.1 -1.4
v -2.1 6.3 -1.4
v -2.1 6.4 -1.4
v -2.1 6.5 -1.4
v -2.1 6.8 -1.4
v -2.1 6.9 -1.4
v -2.1 7.4 -1.4
v -2.1 7.5 -1.4
v -2.1 8.3 -1.4
v -2.1 8.4 -1.4
v -2.1 8.6 -1.4
v -2.1 8.7 -1.4
v -2.1 8.9 -1.4
v -2.1 9.2 -1.4
v -2.1 10.1 -1.4
v -2.1 10.2 -1.4
v -2.1 10.4 -1.4
v -2 0.3 -1.4
v -2 0.4 -1.4
v -2 0.8 -1.4
v -2 0.9 -1.4
v -2 1 -1.4
v -2 1.1 -1.4
v -2 1.2 -1.4
v -2 1.3 -1.4
v -2 1.4 -1.4
v -2 1.8 -1.4
v -2 2 -1.4
v -2 2.1 -1.4
v -2 2.3 -1.4
v -2 2.4 -1.4
v -2 2.9 -1.4
v -2 3 -1.4
v -2 3.3 -1.4
v -2 3.5 -1.4
v -2 3.6 -1.4
v -2 3.7 -1.4
v -2 3.8 -1.4
v -2 4.1 -1.4
v -2 4.2 -1.4
v -2 4.4 -1.4
v -2 5.1 -1.4
v -2 5.2 -1.4
v -2 5.3 -1.4
v -2 5.4 -1.4
v -2 6.1 -1.4
v -2 6.3 -1.4
v -2 6.8 -1.4
v -2 6.9 -1.4
v -2 7.4 -1.4
v -2 7.5 -1.4
v -2 8.8 -1.4
v -2 8.9 -1.4
v -2 9.2 -1.4
v -2 9.7 -1.4
v -2 9.9 -1.4
v -2 10.1 -1.4
v -2 10.2 -1.4
v -2 10.4 -1.4
v -2 10.6 -1.4
v -2 10.7 -1.4
v -2 11 -1.4
v -2 11.1 -1.4
v -1.9 0.7 -1.4
v -1.9 0.8 -1.4
v -1.9 1.1 -1.4
v -1.9 1.2 -1.4
v -1.9 2.6 -1.4
v -1.9 2.7 -1.4
v -1.9 2.9 -1.4
v -1.9 3 -1.4
v -1.9 3.1 -1.4
v -1.9 3.2 -1.4
v -1.9 3.5 -1.4
v -1.9 3.6 -1.4
v -1.9 5 -1.4
v -1.9 5.2 -1.4
v -1.9 5.5 -1.4
v -1.9 5.6 -1.4
v -1.9 6.1 -1.4
v -1.9 6.3 -1.4
v -1.9 6.8 -1.4
v -1.9 6.9 -1.4
v -1.9 7.4 -1.4
v -1.9 7.5 -1.4
v -1.9 7.8 -1.4
v -1.9 7.9 -1.4
v -1.9 8.1 -1.4
v -1.9 8.3 -1.4
v -1.9 8.4 -1.4
v -1.9 8.5 -1.4
v -1.9 8.6 -1.4
v -1.9 8.7 -1.4
v -1.9 8.8 -1.4
v -1.9 9.7 -1.4
v -1.9 9.9 -1.4
v -1.9 10.2 -1.4
v -1.9 10.4 -1.4
v -1.9 10.7 -1.4
v -1.9 11.1 -1.4
v -1.8 1 -1.4
v -1.8 1.1 -1.4
v -1.8 1.3 -1.4
v -1.8 1.4 -1.4
v -1.8 2.2 -1.4
v -1.8 2.3 -1.4
v -1.8 2.8 -1.4
v -1.8 2.9 -1.4
v -1.8 3.3 -1.4
v -1.8 3.5 -1.4
v -1.8 3.8 -1.4
v -1.8 3.9 -1.4
v -1.8 4.2 -1.4
v -1.8 4.3 -1.4
v -1.8 4.6 -1.4
v -1.8 4.7 -1.4
v -1.8 4.9 -1.4
v -1.8 5 -1.4
v -1.8 5.3 -1.4
v -1.8 5.4 -1.4
v -1.8 5.5 -1.4
v -1.8 5.6 -1.4
v -1.8 6.1 -1.4
v -1.8 6.3 -1.4
v -1.8 6.4 -1.4
v -1.8 6.5 -1.4
v -1.8 6.6 -1.4
v -1.8 6.7 -1.4
v -1.8 6.8 -1.4
v -1.8 6.9 -1.4
v -1.8 7 -1.4
v -1.8 7.1 -1.4
v -1.8 7.2 -1.4
v -1.8 7.3 -1.4
v -1.8 7.4 -1.4
v -1.8 7.5 -1.4
v -1.8 7.7 -1.4
v -1.8 8.1 -1.4
v -1.8 8.3 -1.4
v -1.8 8.6 -1.4
v -1.8 8.7 -1.4
v -1.8 8.8 -1.4
v -1.8 9.6 -1.4
v -1.8 10.4 -1.4
v -1.7 -0.1 -1.4
v -1.7 0 -1.4
v -1.7 0.6 -1.4
v -1.7 0.7 -1.4
v -1.7 0.8 -1.4
v -1.7 0.9 -1.4
v -1.7 1 -1.4
v -1.7 1.3 -1.4
v -1.7 1.5 -1.4
v -1.7 1.8 -1.4
v -1.7 2 -1.4
v -1.7 3 -1.4
v -1.7 3.1 -1.4
v -1.7 3.2 -1.4
v -1.7 4.3 -1.4
v -1.7 4.4 -1.4
v -1.7 4.6 -1.4
v -1.7 4.7 -1.4
v -1.7 4.9 -1.4
v -1.7 5.1 -1.4
v -1.7 5.2 -1.4
v -1.7 5.6 -1.4
v -1.7 5.7 -1.4
v -1.7 5.8 -1.4
v -1.7 6.6 -1.4
v -1.7 6.7 -1.4
v -1.7 6.9 -1.4
v -1.7 7 -1.4
v -1.7 7.1 -1.4
v -1.7 7.2 -1.4
v -1.7 7.3 -1.4
v -1.7 7.5 -1.4
v -1.7 7.7 -1.4
v -1.7 7.8 -1.4
v -1.7 8.1 -1.4
v -1.7 8.3 -1.4
v -1.7 8.5 -1.4
v -1.7 8.6 -1.4
v -1.7 8.7 -1.4
v -1.7 8.8 -1.4
v -1.7 9.6 -1.4
v -1.7 10.2 -1.4
v -1.7 10.4 -1.4
v -1.7 10.9 -1.4
v -1.6 0 -1.4
v -1.6 0.1 -1.4
v -1.6 1.8 -1.4
v -1.6 2 -1.4
v -1.6 2.7 -1.4
v -1.6 2.8 -1.4
v -1.6 4 -1.4
v -1.6 4.1 -1.4
v -1.6 4.6 -1.4
v -1.6 4.7 -1.4
v -1.6 5.4 -1.4
v -1.6 5.5 -1.4
v -1.6 5.6 -1.4
v -1.6 5.7 -1.4
v -1.6 5.8 -1.4
v -1.6 6.4 -1.4
v -1.6 6.5 -1.4
v -1.6 7.8 -1.4
v -1.6 7.9 -1.4
v -1.6 8.5 -1.4
v -1.6 8.6 -1.4
v -1.6 8.7 -1.4
v -1.6 9.2 -1.4
v -1.6 10.2 -1.4
v -1.6 10.8 -1.4
v -1.6 10.9 -1.4
v -1.6 11 -1.4
v -1.5 -0.1 -1.4
v -1.5 0 -1.4
v -1.5 0.4 -1.4
v -1.5 0.6 -1.4
v -1.5 0.7 -1.4
v -1.5 0.8 -1.4
v -1.5 0.9 -1.4
v -1.5 1 -1.4
v -1.5 1.1 -1.4
v -1.5 1.2 -1.4
v -1.5 1.3 -1.4
v -1.5 1.4 -1.4
v -1.5 2.4 -1.4
v -1.5 2.6 -1.4
v -1.5 2.8 -1.4
v -1.5 2.9 -1.4
v -1.5 3.6 -1.4
v -1.5 3.7 -1.4
v -1.5 3.8 -1.4
v -1.5 3.9 -1.4
v -1.5 4 -1.4
v -1.5 4.6 -1.4
v -1.5 4.7 -1.4
v -1.5 5.2 -1.4
v -1.5 5.4 -1.4
v -1.5 5.5 -1.4
v -1.5 5.6 -1.4
v -1.5 6.1 -1.4
v -1.5 6.3 -1.4
v -1.5 6.8 -1.4
v -1.5 6.9 -1.4
v -1.5 8.5 -1.4
v -1.5 8.7 -1.4
v -1.5 8.8 -1.4
v -1.5 8.9 -1.4
v -1.5 9.2 -1.4
v -1.5 9.3 -1.4
v -1.5 9.5 -1.4
v -1.5 10.3 -1.4
v -1.5 10.8 -1.4
v -1.5 10.9 -1.4
v -1.5 11 -1.4
v -1.5 11.1 -1.4
v -1.4 -0.1 -1.4
v -1.4 0 -1.4
v -1.4 0.1 -1.4
v -1.4 0.2 -1.4
v -1.4 0.7 -1.4
v -1.4 0.8 -1.4
v -1.4 1.3 -1.4
v -1.4 1.4 -1.4
v -1.4 2 -1.4
v -1.4 2.1 -1.4
v -1.4 3.1 -1.4
v -1.4 3.2 -1.4
v -1.4 3.7 -1.4
v -1.4 3.8 -1.4
v -1.4 4.9 -1.4
v -1.4 5 -1.4
v -1.4 5.8 -1.4
v -1.4 5.9 -1.4
v -1.4 6 -1.4
v -1.4 6.1 -1.4
v -1.4 6.9 -1.4
v -1.4 7.3 -1.4
v -1.4 7.8 -1.4
v -1.4 7.9 -1.4
v -1.4 8.7 -1.4
v -1.4 8.8 -1.4
v -1.4 9.3 -1.4
v -1.4 9.5 -1.4
v -1.4 9.8 -1.4
v -1.4 10.3 -1.4
v -1.4 10.9 -1.4
v -1.4 11 -1.4
v -1.3 0 -1.4
v -1.3 0.1 -1.4
v -1.3 0.2 -1.4
v -1.3 0.3 -1.4
v -1.3 0.6 -1.4
v -1.3 0.7 -1.4
v -1.3 0.8 -1.4
v -1.3 2.8 -1.4
v -1.3 2.9 -1.4
v -1.3 3 -1.4
v -1.3 3.2 -1.4
v -1.3 3.3 -1.4
v -1.3 3.5 -1.4
v -1.3 3.8 -1.4
v -1.3 3.9 -1.4
v -1.3 4.1 -1.4
v -1.3 4.2 -1.4
v -1.3 4.3 -1.4
v -1.3 4.4 -1.4
v -1.3 4.7 -1.4
v -1.3 4.9 -1.4
v -1.3 5 -1.4
v -1.3 5.1 -1.4
v -1.3 5.2 -1.4
v -1.3 6.4 -1.4
v -1.3 6.5 -1.4
v -1.3 6.6 -1.4
v -1.3 6.8 -1.4
v -1.3 7.1 -1.4
v -1.3 7.2 -1.4
v -1.3 7.3 -1.4
v -1.3 7.4 -1.4
v -1.3 7.5 -1.4
v -1.3 7.7 -1.4
v -1.3 7.8 -1.4
v -1.3 7.9 -1.4
v -1.3 8.3 -1.4
v -1.3 8.8 -1.4
v -1.3 8.9 -1.4
v -1.3 9 -1.4
v -1.3 9.2 -1.4
v -1.3 9.4 -1.4
v -1.3 9.6 -1.4
v -1.3 9.8 -1.4
v -1.3 10.3 -1.4
v -1.3 11 -1.4
v -1.2 0 -1.4
v -1.2 0.1 -1.4
v -1.2 0.7 -1.4
v -1.2 0.8 -1.4
v -1.2 1 -1.4
v -1.2 1.1 -1.4
v -1.2 1.2 -1.4
v -1.2 2.1 -1.4
v -1.2 2.2 -1.4
v -1.2 2.7 -1.4
v -1.2 2.8 -1.4
v -1.2 3.3 -1.4
v -1.2 3.5 -1.4
v -1.2 3.6 -1.4
v -1.2 4.5 -1.4
v -1.2 4.6 -1.4
v -1.2 4.7 -1.4
v -1.2 4.9 -1.4
v -1.2 5.2 -1.4
v -1.2 5.4 -1.4
v -1.2 5.5 -1.4
v -1.2 6 -1.4
v -1.2 6.1 -1.4
v -1.2 6.5 -1.4
v -1.2 6.6 -1.4
v -1.2 6.9 -1.4
v -1.2 7 -1.4
v -1.2 7.2 -1.4
v -1.2 7.4 -1.4
v -1.2 7.8 -1.4
v -1.2 7.9 -1.4
v -1.2 8 -1.4
v -1.2 8.2 -1.4
v -1.2 9.2 -1.4
v -1.2 9.4 -1.4
v -1.2 9.6 -1.4
v -1.2 9.8 -1.4
v -1.2 9.9 -1.4
v -1.1 0 -1.4
v -1.1 0.1 -1.4
v -1.1 0.2 -1.4
v -1.1 0.3 -1.4
v -1.1 2.8 -1.4
v -1.1 2.9 -1.4
v -1.1 3 -1.4
v -1.1 3.2 -1.4
v -1.1 5 -1.4
v -1.1 5.1 -1.4
v -1.1 5.5 -1.4
v -1.1 5.6 -1.4
v -1.1 5.8 -1.4
v -1.1 5.9 -1.4
v -1.1 6 -1.4
v -1.1 6.1 -1.4
v -1.1 6.3 -1.4
v -1.1 6.4 -1.4
v -1.1 7 -1.4
v -1.1 7.1 -1.4
v -1.1 7.2 -1.4
v -1.1 7.3 -1.4
v -1.1 7.4 -1.4
v -1.1 7.5 -1.4
v -1.1 7.7 -1.4
v -1.1 7.8 -1.4
v -1.1 7.9 -1.4
v -1.1 8.6 -1.4
v -1.1 8.7 -1.4
v -1.1 8.8 -1.4
v -1.1 9.3 -1.4
v -1.1 9.4 -1.4
v -1.1 9.8 -1.4
v -1.1 9.9 -1.4
v -1.1 10.1 -1.4
v -1 0.6 -1.4
v -1 0.7 -1.4
v -1 0.9 -1.4
v -1 1 -1.4
v -1 1.1 -1.4
v -1 1.2 -1.4
v -1 1.3 -1.4
v -1 1.4 -1.4
v -1 2.7 -1.4
v -1 2.8 -1.4
v -1 3 -1.4
v -1 3.2 -1.4
v -1 3.3 -1.4
v -1 3.5 -1.4
v -1 3.8 -1.4
v -1 4.6 -1.4
v -1 4.7 -1.4
v -1 4.9 -1.4
v -1 5 -1.4
v -1 5.1 -1.4
v -1 5.7 -1.4
v -1 5.8 -1.4
v -1 5.9 -1.4
v -1 6.6 -1.4
v -1 6.7 -1.4
v -1 6.8 -1.4
v -1 6.9 -1.4
v -1 7.1 -1.4
v -1 7.3 -1.4
v -1 7.5 -1.4
v -1 7.8 -1.4
v -1 8 -1.4
v -1 8.1 -1.4
v -1 8.5 -1.4
v -1 8.6 -1.4
v -1 9.3 -1.4
v -1 9.4 -1.4
v -1 9.5 -1.4
v -1 9.6 -1.4
v -1 9.8 -1.4
v -1 9.9 -1.4
v -1 10.2 -1.4
v -1 10.4 -1.4
v -1 10.9 -1.4
v -0.9 0.1 -1.4
v -0.9 0.2 -1.4
v -0.9 0.3 -1.4
v -0.9 0.6 -1.4
v -0.9 0.7 -1.4
v -0.9 1.4 -1.4
v -0.9 1.5 -1.4
v -0.9 2.5 -1.4
v -0.9 2.6 -1.4
v -0.9 3.3 -1.4
v -0.9 3.5 -1.4
v -0.9 3.6 -1.4
v -0.9 3.8 -1.4
v -0.9 4.2 -1.4
v -0.9 5 -1.4
v -0.9 5.2 -1.4
v -0.9 5.3 -1.4
v -0.9 5.7 -1.4
v -0.9 5.8 -1.4
v -0.9 6.3 -1.4
v -0.9 6.4 -1.4
v -0.9 6.6 -1.4
v -0.9 6.7 -1.4
v -0.9 6.8 -1.4
v -0.9 6.9 -1.4
v -0.9 7 -1.4
v -0.9 7.1 -1.4
v -0.9 7.4 -1.4
v -0.9 8 -1.4
v -0.9 8.1 -1.4
v -0.9 8.2 -1.4
v -0.9 8.6 -1.4
v -0.9 8.7 -1.4
v -0.9 8.8 -1.4
v -0.9 9 -1.4
v -0.9 9.2 -1.4
v -0.9 9.5 -1.4
v -0.9 9.6 -1.4
v -0.9 10.2 -1.4
v -0.9 10.4 -1.4
v -0.9 10.9 -1.4
v -0.9 11 -1.4
v -0.8 1.1 -1.4
v -0.8 1.2 -1.4
v -0.8 1.3 -1.4
v -0.8 1.4 -1.4
v -0.8 2.3 -1.4
v -0.8 2.4 -1.4
v -0.8 2.8 -1.4
v -0.8 2.9 -1.4
v -0.8 3 -1.4
v -0.8 3.1 -1.4
v -0.8 3.5 -1.4
v -0.8 3.6 -1.4
v -0.8 4 -1.4
v -0.8 4.1 -1.4
v -0.8 4.2 -1.4
v -0.8 4.3 -1.4
v -0.8 4.5 -1.4
v -0.8 4.6 -1.4
v -0.8 4.7 -1.4
v -0.8 5.6 -1.4
v -0.8 5.7 -1.4
v -0.8 6.3 -1.4
v -0.8 6.4 -1.4
v -0.8 6.5 -1.4
v -0.8 6.9 -1.4
v -0.8 7 -1.4
v -0.8 7.2 -1.4
v -0.8 7.3 -1.4
v -0.8 8.1 -1.4
v -0.8 8.2 -1.4
v -0.8 8.3 -1.4
v -0.8 8.7 -1.4
v -0.8 8.8 -1.4
v -0.8 10.8 -1.4
v -0.8 10.9 -1.4
v -0.7 0.2 -1.4
v -0.7 0.3 -1.4
v -0.7 0.6 -1.4
v -0.7 3.5 -1.4
v -0.7 3.6 -1.4
v -0.7 3.7 -1.4
v -0.7 4.7 -1.4
v -0.7 4.9 -1.4
v -0.7 5.3 -1.4
v -0.7 5.4 -1.4
v -0.7 5.5 -1.4
v -0.7 5.6 -1.4
v -0.7 5.7 -1.4
v -0.7 5.8 -1.4
v -0.7 5.9 -1.4
v -0.7 6 -1.4
v -0.7 6.1 -1.4
v -0.7 6.9 -1.4
v -0.7 7 -1.4
v -0.7 7.1 -1.4
v -0.7 7.2 -1.4
v -0.7 7.3 -1.4
v -0.7 7.7 -1.4
v -0.7 7.8 -1.4
v -0.7 8.2 -1.4
v -0.7 8.3 -1.4
v -0.7 9.9 -1.4
v -0.7 10.1 -1.4
v -0.7 10.4 -1.4
v -0.7 10.6 -1.4
v -0.7 10.9 -1.4
v -0.7 11.1 -1.4
v -0.6 0.6 -1.4
v -0.6 0.7 -1.4
v -0.6 0.9 -1.4
v -0.6 1 -1.4
v -0.6 1.1 -1.4
v -0.6 1.2 -1.4
v -0.6 1.3 -1.4
v -0.6 1.4 -1.4
v -0.6 1.5 -1.4
v -0.6 2.2 -1.4
v -0.6 2.3 -1.4
v -0.6 2.4 -1.4
v -0.6 3 -1.4
v -0.6 3.1 -1.4
v -0.6 4 -1.4
v -0.6 4.1 -1.4
v -0.6 4.2 -1.4
v -0.6 4.3 -1.4
v -0.6 4.7 -1.4
v -0.6 4.9 -1.4
v -0.6 5.3 -1.4
v -0.6 5.4 -1.4
v -0.6 6.4 -1.4
v -0.6 6.6 -1.4
v -0.6 6.8 -1.4
v -0.6 7.3 -1.4
v -0.6 7.4 -1.4
v -0.6 7.5 -1.4
v -0.6 7.7 -1.4
v -0.6 9.4 -1.4
v -0.6 9.5 -1.4
v -0.6 10.7 -1.4
v -0.6 10.8 -1.4
v -0.5 0.3 -1.4
v -0.5 0.4 -1.4
v -0.5 1 -1.4
v -0.5 1.1 -1.4
v -0.5 2.6 -1.4
v -0.5 2.7 -1.4
v -0.5 3.1 -1.4
v -0.5 3.2 -1.4
v -0.5 3.5 -1.4
v -0.5 3.6 -1.4
v -0.5 3.7 -1.4
v -0.5 3.8 -1.4
v -0.5 4.9 -1.4
v -0.5 5 -1.4
v -0.5 5.5 -1.4
v -0.5 5.6 -1.4
v -0.5 5.7 -1.4
v -0.5 6.3 -1.4
v -0.5 6.4 -1.4
v -0.5 6.5 -1.4
v -0.5 6.6 -1.4
v -0.5 6.7 -1.4
v -0.5 6.8 -1.4
v -0.5 6.9 -1.4
v -0.5 7.1 -1.4
v -0.5 7.2 -1.4
v -0.5 7.3 -1.4
v -0.5 7.8 -1.4
v -0.5 7.9 -1.4
v -0.5 8 -1.4
v -0.5 8.5 -1.4
v -0.5 8.7 -1.4
v -0.5 9.7 -1.4
v -0.5 9.8 -1.4
v -0.5 10.6 -1.4
v -0.5 10.7 -1.4
v -0.5 10.8 -1.4
v -0.5 10.9 -1.4
v -0.4 0.4 -1.4
v -0.4 0.6 -1.4
v -0.4 0.7 -1.4
v -0.4 0.8 -1.4
v -0.4 3 -1.4
v -0.4 3.2 -1.4
v -0.4 3.3 -1.4
v -0.4 3.5 -1.4
v -0.4 4.6 -1.4
v -0.4 4.7 -1.4
v -0.4 5 -1.4
v -0.4 5.1 -1.4
v -0.4 5.5 -1.4
v -0.4 5.6 -1.4
v -0.4 5.7 -1.4
v -0.4 5.9 -1.4
v -0.4 6 -1.4
v -0.4 6.1 -1.4
v -0.4 6.3 -1.4
v -0.4 6.4 -1.4
v -0.4 6.5 -1.4
v -0.4 7.1 -1.4
v -0.4 7.2 -1.4
v -0.4 7.5 -1.4
v -0.4 7.7 -1.4
v -0.4 7.9 -1.4
v -0.4 8 -1.4
v -0.4 9.2 -1.4
v -0.4 9.5 -1.4
v -0.4 9.7 -1.4
v -0.4 9.9 -1.4
v -0.4 10.4 -1.4
v -0.4 10.6 -1.4
v -0.2 0.6 -1.4
v -0.2 0.7 -1.4
v -0.2 1.5 -1.4
v -0.2 1.6 -1.4
v -0.2 2.3 -1.4
v -0.2 2.4 -1.4
v -0.2 2.7 -1.4
v -0.2 2.8 -1.4
v -0.2 3.1 -1.4
v -0.2 3.2 -1.4
v -0.2 3.3 -1.4
v -0.2 3.5 -1.4
v -0.2 4.2 -1.4
v -0.2 4.3 -1.4
v -0.2 4.4 -1.4
v -0.2 4.5 -1.4
v -0.2 4.9 -1.4
v -0.2 5 -1.4
v -0.2 5.9 -1.4
v -0.2 6 -1.4
v -0.2 6.1 -1.4
v -0.2 6.4 -1.4
v -0.2 6.5 -1.4
v -0.2 6.6 -1.4
v -0.2 6.7 -1.4
v -0.2 6.8 -1.4
v -0.2 6.9 -1.4
v -0.2 7 -1.4
v -0.2 7.1 -1.4
v -0.2 8 -1.4
v -0.2 8.1 -1.4
v -0.2 8.2 -1.4
v -0.2 8.5 -1.4
v -0.2 8.7 -1.4
v -0.2 9 -1.4
v -0.2 9.2 -1.4
v -0.2 10.3 -1.4
v -0.0999999 0.7 -1.4
v -0.0999999 0.8 -1.4
v -0.0999999 0.9 -1.4
v -0.0999999 1 -1.4
v -0.0999999 1.1 -1.4
v -0.0999999 1.5 -1.4
v -0.0999999 1.6 -1.4
v -0.0999999 1.7 -1.4
v -0.0999999 2 -1.4
v -0.0999999 3.5 -1.4
v -0.0999999 3.6 -1.4
v -0.0999999 3.9 -1.4
v -0.0999999 4 -1.4
v -0.0999999 4.3 -1.4
v -0.0999999 4.4 -1.4
v -0.0999999 5 -1.4
v -0.0999999 5.1 -1.4
v -0.0999999 5.4 -1.4
v -0.0999999 5.5 -1.4
v -0.0999999 5.8 -1.4
v -0.0999999 5.9 -1.4
v -0.0999999 6.6 -1.4
v -0.0999999 6.7 -1.4
v -0.0999999 7.9 -1.4
v -0.0999999 8 -1.4
v -0.0999999 8.5 -1.4
v -0.0999999 8.6 -1.4
v -0.0999999 9 -1.4
v -0.0999999 9.2 -1.4
v -0.0999999 10.3 -1.4
v -0.0999999 10.6 -1.4
v -0.0999999 10.7 -1.4
v -0.0999999 10.8 -1.4
v -0.0999999 11 -1.4
v -0.0999999 11.1 -1.4
v 0 0.9 -1.4
v 0 1 -1.4
v 0 1.2 -1.4
v 0 1.3 -1.4
v 0 1.4 -1.4
v 0 1.5 -1.4
v 0 1.7 -1.4
v 0 2 -1.4
v 0 2.1 -1.4
v 0 2.2 -1.4
v 0 2.4 -1.4
v 0 2.5 -1.4
v 0 2.6 -1.4
v 0 3.6 -1.4
v 0 3.7 -1.4
v 0 4.7 -1.4
v 0 4.9 -1.4
v 0 5.4 -1.4
v 0 5.5 -1.4
v 0 5.6 -1.4
v 0 5.7 -1.4
v 0 6.1 -1.4
v 0 6.3 -1.4
v 0 6.7 -1.4
v 0 6.8 -1.4
v 0 7.5 -1.4
v 0 7.7 -1.4
v 0 7.8 -1.4
v 0 8.5 -1.4
v 0 8.6 -1.4
v 0 9.2 -1.4
v 0 9.3 -1.4
v 0 9.7 -1.4
v 0.0999999 0.8 -1.4
v 0.0999999 0.9 -1.4
v 0.0999999 1.5 -1.4
v 0.0999999 1.7 -1.4
v 0.0999999 2 -1.4
v 0.0999999 2.1 -1.4
v 0.0999999 2.2 -1.4
v 0.0999999 2.3 -1.4
v 0.0999999 3.3 -1.4
v 0.0999999 3.5 -1.4
v 0.0999999 3.7 -1.4
v 0.0999999 3.8 -1.4
v 0.0999999 4.5 -1.4
v 0.0999999 4.6 -1.4
v 0.0999999 5 -1.4
v 0.0999999 5.1 -1.4
v 0.0999999 6.5 -1.4
v 0.0999999 6.6 -1.4
v 0.0999999 7 -1.4
v 0.0999999 7.1 -1.4
v 0.0999999 7.8 -1.4
v 0.0999999 7.9 -1.4
v 0.0999999 9.2 -1.4
v 0.0999999 9.3 -1.4
v 0.0999999 9.7 -1.4
v 0.0999999 10.7 -1.4
v 0.0999999 10.8 -1.4
v 0.2 0.9 -1.4
v 0.2 1 -1.4
v 0.2 1.1 -1.4
v 0.2 1.4 -1.4
v 0.2 1.5 -1.4
v 0.2 1.7 -1.4
v 0.2 1.8 -1.4
v 0.2 2 -1.4
v 0.2 2.1 -1.4
v 0.2 2.3 -1.4
v 0.2 2.6 -1.4
v 0.2 2.7 -1.4
v 0.2 4.7 -1.4
v 0.2 4.9 -1.4
v 0.2 5.5 -1.4
v 0.2 5.6 -1.4
v 0.2 6.3 -1.4
v 0.2 6.4 -1.4
v 0.2 6.6 -1.4
v 0.2 6.7 -1.4
v 0.2 8.1 -1.4
v 0.2 8.2 -1.4
v 0.2 8.5 -1.4
v 0.2 8.6 -1.4
v 0.2 9.7 -1.4
v 0.2 10.4 -1.4
v 0.2 10.6 -1.4
v 0.2 10.7 -1.4
v 0.2 10.8 -1.4
v 0.2 10.9 -1.4
v 0.3 0.6 -1.4
v 0.3 0.7 -1.4
v 0.3 1.6 -1.4
v 0.3 1.7 -1.4
v 0.3 1.8 -1.4
v 0.3 2 -1.4
v 0.3 2.1 -1.4
v 0.3 2.2 -1.4
v 0.3 3.2 -1.4
v 0.3 3.3 -1.4
v 0.3 3.5 -1.4
v 0.3 3.6 -1.4
v 0.3 3.7 -1.4
v 0.3 3.9 -1.4
v 0.3 4 -1.4
v 0.3 4.1 -1.4
v 0.3 4.2 -1.4
v 0.3 5.1 -1.4
v 0.3 5.3 -1.4
v 0.3 6.4 -1.4
v 0.3 6.5 -1.4
v 0.3 6.9 -1.4
v 0.3 7 -1.4
v 0.3 7.1 -1.4
v 0.3 7.2 -1.4
v 0.3 8.6 -1.4
v 0.3 8.7 -1.4
v 0.3 9.7 -1.4
v 0.3 10.4 -1.4
v 0.3 10.7 -1.4
v 0.3 10.8 -1.4
v 0.3 10.9 -1.4
v 0.3 11 -1.4
v 0.4 1 -1.4
v 0.4 1.1 -1.4
v 0.4 1.2 -1.4
v 0.4 1.7 -1.4
v 0.4 1.8 -1.4
v 0.4 2 -1.4
v 0.4 2.2 -1.4
v 0.4 2.3 -1.4
v 0.4 3.5 -1.4
v 0.4 3.6 -1.4
v 0.4 4.3 -1.4
v 0.4 4.4 -1.4
v 0.4 4.7 -1.4
v 0.4 4.9 -1.4
v 0.4 6.7 -1.4
v 0.4 6.8 -1.4
v 0.4 7.2 -1.4
v 0.4 7.4 -1.4
v 0.4 7.7 -1.4
v 0.4 7.8 -1.4
v 0.4 7.9 -1.4
v 0.4 8 -1.4
v 0.4 8.7 -1.4
v 0.4 8.8 -1.4
v 0.4 10.8 -1.4
v 0.4 10.9 -1.4
v 0.4 11 -1.4
v 0.4 11.1 -1.4
v 0.5 1.1 -1.4
v 0.5 1.2 -1.4
v 0.5 2 -1.4
v 0.5 2.1 -1.4
v 0.5 3 -1.4
v 0.5 3.1 -1.4
v 0.5 3.6 -1.4
v 0.5 3.7 -1.4
v 0.5 3.8 -1.4
v 0.5 4.1 -1.4
v 0.5 4.2 -1.4
v 0.5 4.4 -1.4
v 0.5 4.6 -1.4
v 0.5 6.7 -1.4
v 0.5 6.9 -1.4
v 0.5 7 -1.4
v 0.5 7.1 -1.4
v 0.5 7.7 -1.4
v 0.5 7.8 -1.4
v 0.5 7.9 -1.4
v 0.5 8 -1.4
v 0.5 8.2 -1.4
v 0.5 8.3 -1.4
v 0.5 8.8 -1.4
v 0.5 8.9 -1.4
v 0.5 9.4 -1.4
v 0.5 10.1 -1.4
v 0.5 10.9 -1.4
v 0.6 0.6 -1.4
v 0.6 0.7 -1.4
v 0.6 1 -1.4
v 0.6 1.1 -1.4
v 0.6 1.6 -1.4
v 0.6 1.7 -1.4
v 0.6 1.8 -1.4
v 0.6 2 -1.4
v 0.6 2.1 -1.4
v 0.6 2.2 -1.4
v 0.6 2.3 -1.4
v 0.6 6.9 -1.4
v 0.6 7 -1.4
v 0.6 8.5 -1.4
v 0.6 8.6 -1.4
v 0.6 8.8 -1.4
v 0.6 8.9 -1.4
v 0.6 9.4 -1.4
v 0.6 10.1 -1.4
v 0.6 10.9 -1.4
v 0.6 11 -1.4
v 0.7 1.2 -1.4
v 0.7 1.3 -1.4
v 0.7 1.4 -1.4
v 0.7 1.7 -1.4
v 0.7 1.8 -1.4
v 0.7 2.2 -1.4
v 0.7 2.7 -1.4
v 0.7 2.8 -1.4
v 0.7 3 -1.4
v 0.7 4.9 -1.4
v 0.7 5 -1.4
v 0.7 5.6 -1.4
v 0.7 5.7 -1.4
v 0.7 8.1 -1.4
v 0.7 9.3 -1.4
v 0.7 9.8 -1.4
v 0.7 10.6 -1.4
v 0.7 10.7 -1.4
v 0.7 10.8 -1.4
v 0.7 10.9 -1.4
v 0.8 0.7 -1.4
v 0.8 0.8 -1.4
v 0.8 1.7 -1.4
v 0.8 1.8 -1.4
v 0.8 2.1 -1.4
v 0.8 3.2 -1.4
v 0.8 7.9 -1.4
v 0.8 8.8 -1.4
v 0.8 8.9 -1.4
v 0.8 9.3 -1.4
v 0.8 9.8 -1.4
v 0.8 10.3 -1.4
v 0.8 10.9 -1.4
v 0.8 11 -1.4
v 0.9 0.8 -1.4
v 0.9 0.9 -1.4
v 0.9 1.3 -1.4
v 0.9 1.4 -1.4
v 0.9 1.7 -1.4
v 0.9 1.8 -1.4
v 0.9 2.1 -1.4
v 0.9 2.2 -1.4
v 0.9 2.8 -1.4
v 0.9 3 -1.4
v 0.9 7.4 -1.4
v 0.9 7.5 -1.4
v 0.9 8.1 -1.4
v 0.9 8.3 -1.4
v 0.9 8.9 -1.4
v 0.9 9 -1.4
v 0.9 9.2 -1.4
v 0.9 9.8 -1.4
v 0.9 10.3 -1.4
v 0.9 10.4 -1.4
v 0.9 10.6 -1.4
v 0.9 10.7 -1.4
v 0.9 10.8 -1.4
v 0.9 10.9 -1.4
v 0.9 11 -1.4
v 0.9 11.1 -1.4
v 1 0.6 -1.4
v 1 0.7 -1.4
v 1 1.7 -1.4
v 1 1.8 -1.4
v 1 2.1 -1.4
v 1 2.2 -1.4
v 1 2.3 -1.4
v 1 3 -1.4
v 1 3.2 -1.4
v 1 7.3 -1.4
v 1 7.4 -1.4
v 1 7.5 -1.4
v 1 7.7 -1.4
v 1 7.9 -1.4
v 1 8.1 -1.4
v 1 9.3 -1.4
v 1 9.8 -1.4
v 1 9.9 -1.4
v 1 10.3 -1.4
v 1 10.6 -1.4
v 1 10.7 -1.4
v 1.1 1.4 -1.4
v 1.1 1.5 -1.4
v 1.1 1.6 -1.4
v 1.1 1.7 -1.4
v 1.1 1.8 -1.4
v 1.1 2.1 -1.4
v 1.1 9 -1.4
v 1.1 9.2 -1.4
v 1.1 9.3 -1.4
v 1.1 9.9 -1.4
v 1.1 10.3 -1.4
v 1.2 1.4 -1.4
v 1.2 1.5 -1.4
v 1.2 1.7 -1.4
v 1.2 1.8 -1.4
v 1.2 2.1 -1.4
v 1.2 2.2 -1.4
v 1.2 2.6 -1.4
v 1.2 2.8 -1.4
v 1.2 3 -1.4
v 1.2 8.3 -1.4
v 1.2 8.6 -1.4
v 1.2 9.2 -1.4
v 1.2 9.3 -1.4
v 1.2 10.4 -1.4
v 1.2 10.6 -1.4
v 1.2 10.8 -1.4
v 1.2 10.9 -1.4
v 1.3 1.7 -1.4
v 1.3 1.8 -1.4
v 1.3 2.1 -1.4
v 1.3 2.9 -1.4
v 1.3 7.3 -1.4
v 1.3 8.2 -1.4
v 1.3 8.5 -1.4
v 1.3 10.8 -1.4
v 1.3 10.9 -1.4
v 1.4 1 -1.4
v 1.4 1.1 -1.4
v 1.4 1.3 -1.4
v 1.4 1.4 -1.4
v 1.4 1.5 -1.4
v 1.4 1.6 -1.4
v 1.4 1.7 -1.4
v 1.4 1.8 -1.4
v 1.4 5.5 -1.4
v 1.4 5.9 -1.4
v 1.4 7.3 -1.4
v 1.4 7.4 -1.4
v 1.4 7.5 -1.4
v 1.4 7.7 -1.4
v 1.4 8 -1.4
v 1.4 9.2 -1.4
v 1.4 9.4 -1.4
v 1.4 9.6 -1.4
v 1.4 9.7 -1.4
v 1.4 10 -1.4
v 1.4 10.6 -1.4
v 1.5 1.2 -1.4
v 1.5 1.3 -1.4
v 1.5 1.6 -1.4
v 1.5 1.7 -1.4
v 1.5 1.8 -1.4
v 1.5 2.3 -1.4
v 1.5 5.2 -1.4
v 1.5 5.5 -1.4
v 1.5 5.6 -1.4
v 1.5 5.7 -1.4
v 1.5 5.8 -1.4
v 1.5 5.9 -1.4
v 1.5 7.4 -1.4
v 1.5 7.5 -1.4
v 1.5 9.4 -1.4
v 1.5 9.5 -1.4
v 1.5 9.7 -1.4
v 1.5 9.9 -1.4
v 1.5 10 -1.4
v 1.5 10.6 -1.4
v 1.5 10.8 -1.4
v 1.5 10.9 -1.4
v 1.5 11 -1.4
v 1.5 11.1 -1.4
v 1.6 1.1 -1.4
v 1.6 1.2 -1.4
v 1.6 1.5 -1.4
v 1.6 1.6 -1.4
v 1.6 1.7 -1.4
v 1.6 1.8 -1.4
v 1.6 2.3 -1.4
v 1.6 2.4 -1.4
v 1.6 4.9 -1.4
v 1.6 5.2 -1.4
v 1.6 5.3 -1.4
v 1.6 5.6 -1.4
v 1.6 9.4 -1.4
v 1.6 9.5 -1.4
v 1.6 9.7 -1.4
v 1.6 9.8 -1.4
v 1.6 10.1 -1.4
v 1.6 10.2 -1.4
v 1.6 10.7 -1.4
v 1.6 10.8 -1.4
v 1.6 11 -1.4
v 1.6 11.1 -1.4
v 1.7 1.1 -1.4
v 1.7 1.2 -1.4
v 1.7 1.3 -1.4
v 1.7 4.6 -1.4
v 1.7 4.9 -1.4
v 1.7 5 -1.4
v 1.7 5.3 -1.4
v 1.7 5.5 -1.4
v 1.7 5.6 -1.4
v 1.7 5.7 -1.4
v 1.7 5.8 -1.4
v 1.7 9.4 -1.4
v 1.7 9.5 -1.4
v 1.7 9.7 -1.4
v 1.7 9.8 -1.4
v 1.7 9.9 -1.4
v 1.7 10 -1.4
v 1.7 10.1 -1.4
v 1.7 10.2 -1.4
v 1.7 10.3 -1.4
v 1.7 10.6 -1.4
v 1.7 10.8 -1.4
v 1.7 10.9 -1.4
v 1.8 4.3 -1.4
v 1.8 4.6 -1.4
v 1.8 4.7 -1.4
v 1.8 5 -1.4
v 1.8 5.3 -1.4
v 1.8 7.1 -1.4
v 1.8 7.8 -1.4
v 1.8 8.8 -1.4
v 1.8 8.9 -1.4
v 1.8 9.2 -1.4
v 1.8 9.3 -1.4
v 1.8 9.8 -1.4
v 1.8 9.9 -1.4
v 1.8 10.1 -1.4
v 1.8 10.2 -1.4
v 1.8 10.6 -1.4
v 1.8 10.7 -1.4
v 1.9 1.7 -1.4
v 1.9 1.8 -1.4
v 1.9 2.3 -1.4
v 1.9 2.4 -1.4
v 1.9 4 -1.4
v 1.9 4.3 -1.4
v 1.9 4.7 -1.4
v 1.9 5 -1.4
v 1.9 5.4 -1.4
v 1.9 5.5 -1.4
v 1.9 5.6 -1.4
v 1.9 5.7 -1.4
v 1.9 6.6 -1.4
v 1.9 7.1 -1.4
v 1.9 7.2 -1.4
v 1.9 7.5 -1.4
v 1.9 9.3 -1.4
v 1.9 9.5 -1.4
v 1.9 10 -1.4
v 1.9 10.1 -1.4
v 1.9 10.3 -1.4
v 1.9 10.4 -1.4
v 2 1.1 -1.4
v 2 1.2 -1.4
v 2 1.3 -1.4
v 2 1.8 -1.4
v 2 2.3 -1.4
v 2 3.7 -1.4
v 2 4 -1.4
v 2 4.3 -1.4
v 2 4.7 -1.4
v 2 5.1 -1.4
v 2 5.3 -1.4
v 2 5.4 -1.4
v 2 5.5 -1.4
v 2 5.6 -1.4
v 2 6.1 -1.4
v 2 6.6 -1.4
v 2 6.8 -1.4
v 2 7.2 -1.4
v 2 7.5 -1.4
v 2 7.6 -1.4
v 2 7.8 -1.4
v 2 9.5 -1.4
v 2 9.6 -1.4
v 2 9.8 -1.4
v 2 9.9 -1.4
v 2 10 -1.4
v 2 10.1 -1.4
v 2 10.9 -1.4
v 2 11 -1.4
v 2.1 1.1 -1.4
v 2.1 1.4 -1.4
v 2.1 1.8 -1.4
v 2.1 2.3 -1.4
v 2.1 3.4 -1.4
v 2.1 3.7 -1.4
v 2.1 4 -1.4
v 2.1 4.3 -1.4
v 2.1 4.7 -1.4
v 2.1 5.2 -1.4
v 2.1 5.3 -1.4
v 2.1 5.4 -1.4
v 2.1 5.6 -1.4
v 2.1 6.1 -1.4
v 2.1 6.3 -1.4
v 2.1 6.8 -1.4
v 2.1 7.2 -1.4
v 2.1 7.6 -1.4
v 2.1 9.2 -1.4
v 2.1 9.3 -1.4
v 2.1 9.4 -1.4
v 2.1 10 -1.4
v 2.1 10.1 -1.4
v 2.1 10.7 -1.4
v 2.1 10.9 -1.4
v 2.2 1.1 -1.4
v 2.2 1.2 -1.4
v 2.2 1.7 -1.4
v 2.2 1.8 -1.4
v 2.2 2.1 -1.4
v 2.2 2.2 -1.4
v 2.2 2.3 -1.4
v 2.2 2.4 -1.4
v 2.2 3.2 -1.4
v 2.2 3.4 -1.4
v 2.2 3.7 -1.4
v 2.2 4 -1.4
v 2.2 4.3 -1.4
v 2.2 5 -1.4
v 2.2 5.1 -1.4
v 2.2 5.5 -1.4
v 2.2 5.6 -1.4
v 2.2 5.8 -1.4
v 2.2 6.3 -1.4
v 2.2 6.8 -1.4
v 2.2 7.2 -1.4
v 2.2 9.8 -1.4
v 2.2 9.9 -1.4
v 2.2 10 -1.4
v 2.2 10.1 -1.4
v 2.2 10.3 -1.4
v 2.2 10.4 -1.4
v 2.3 1.3 -1.4
v 2.3 1.4 -1.4
v 2.3 2.2 -1.4
v 2.3 2.3 -1.4
v 2.3 3 -1.4
v 2.3 3.2 -1.4
v 2.3 3.4 -1.4
v 2.3 3.6 -1.4
v 2.3 3.7 -1.4
v 2.3 4 -1.4
v 2.3 4.9 -1.4
v 2.3 5 -1.4
v 2.3 5.1 -1.4
v 2.3 5.2 -1.4
v 2.3 5.3 -1.4
v 2.3 5.4 -1.4
v 2.3 5.8 -1.4
v 2.3 6.3 -1.4
v 2.3 6.4 -1.4
v 2.3 6.8 -1.4
v 2.3 9.4 -1.4
v 2.3 9.5 -1.4
v 2.3 9.7 -1.4
v 2.3 9.8 -1.4
v 2.3 10.7 -1.4
v 2.3 10.9 -1.4
v 2.4 1.1 -1.4
v 2.4 1.2 -1.4
v 2.4 1.3 -1.4
v 2.4 1.7 -1.4
v 2.4 1.8 -1.4
v 2.4 2.1 -1.4
v 2.4 2.3 -1.4
v 2.4 2.4 -1.4
v 2.4 3 -1.4
v 2.4 3.2 -1.4
v 2.4 3.4 -1.4
v 2.4 3.6 -1.4
v 2.4 5 -1.4
v 2.4 5.1 -1.4
v 2.4 5.2 -1.4
v 2.4 5.4 -1.4
v 2.4 5.8 -1.4
v 2.4 6 -1.4
v 2.4 6.4 -1.4
v 2.4 7.3 -1.4
v 2.4 7.4 -1.4
v 2.4 8.9 -1.4
v 2.4 9 -1.4
v 2.4 10 -1.4
v 2.4 10.1 -1.4
v 2.4 10.2 -1.4
v 2.4 10.3 -1.4
v 2.4 10.6 -1.4
v 2.4 10.7 -1.4
v 2.4 10.9 -1.4
v 2.5 1.1 -1.4
v 2.5 1.2 -1.4
v 2.5 1.8 -1.4
v 2.5 2.3 -1.4
v 2.5 4.8 -1.4
v 2.5 4.9 -1.4
v 2.5 5 -1.4
v 2.5 5.4 -1.4
v 2.5 5.6 -1.4
v 2.5 6 -1.4
v 2.5 7.2 -1.4
v 2.5 7.3 -1.4
v 2.5 7.4 -1.4
v 2.5 7.5 -1.4
v 2.5 10.2 -1.4
v 2.5 10.3 -1.4
v 2.5 10.6 -1.4
v 2.5 10.7 -1.4
v 2.6 1.8 -1.4
v 2.6 2.3 -1.4
v 2.6 5.2 -1.4
v 2.6 5.6 -1.4
v 2.6 9.4 -1.4
v 2.6 9.5 -1.4
v 2.7 1.7 -1.4
v 2.7 1.8 -1.4
v 2.7 2.3 -1.4
v 2.7 2.4 -1.4
v 2.7 4.8 -1.4
v 2.7 5.2 -1.4
v 2.7 9 -1.4
v 2.7 9.2 -1.4
v 2.7 9.7 -1.4
v 2.7 9.8 -1.4
v 2.7 10.1 -1.4
v 2.7 10.2 -1.4
v 2.7 10.3 -1.4
v 2.9 0.7 -1.4
v 2.9 0.8 -1.4
v 2.9 0.9 -1.4
v 2.9 1.1 -1.4
v 2.9 1.2 -1.4
v 2.9 1.7 -1.4
v 2.9 1.8 -1.4
v 2.9 2.3 -1.4
v 2.9 2.4 -1.4
v 2.9 2.9 -1.4
v 2.9 6.1 -1.4
v 2.9 7.2 -1.4
v 2.9 7.5 -1.4
v 2.9 8 -1.4
v 2.9 9.9 -1.4
v 2.9 10 -1.4
v 2.9 10.7 -1.4
v 2.9 10.9 -1.4
v 3 1.8 -1.4
v 3 2.3 -1.4
v 3 2.8 -1.4
v 3 3 -1.4
v 3 6 -1.4
v 3 6.1 -1.4
v 3 8.2 -1.4
v 3 8.5 -1.4
v 3 9.5 -1.4
v 3 9.6 -1.4
v 3 9.9 -1.4
v 3 10 -1.4
v 3.1 1.7 -1.4
v 3.1 1.8 -1.4
v 3.1 2.3 -1.4
v 3.1 2.6 -1.4
v 3.1 2.8 -1.4
v 3.1 6 -1.4
v 3.1 6.1 -1.4
v 3.1 7.4 -1.4
v 3.1 7.5 -1.4
v 3.1 8.3 -1.4
v 3.1 8.6 -1.4
v 3.1 8.9 -1.4
v 3.1 9 -1.4
v 3.1 9.4 -1.4
v 3.1 9.5 -1.4
v 3.1 9.8 -1.4
v 3.1 9.9 -1.4
v 3.1 10 -1.4
v 3.1 10.1 -1.4
v 3.1 10.2 -1.4
v 3.1 10.3 -1.4
v 3.1 10.6 -1.4
v 3.1 10.9 -1.4
v 3.1 11 -1.4
v 3.2 1.1 -1.4
v 3.2 1.2 -1.4
v 3.2 1.7 -1.4
v 3.2 1.8 -1.4
v 3.2 2 -1.4
v 3.2 2.1 -1.4
v 3.2 2.3 -1.4
v 3.2 2.4 -1.4
v 3.2 3 -1.4
v 3.2 3.2 -1.4
v 3.2 6.1 -1.4
v 3.2 7.4 -1.4
v 3.2 7.9 -1.4
v 3.2 8.1 -1.4
v 3.2 9 -1.4
v 3.2 9.2 -1.4
v 3.2 9.3 -1.4
v 3.2 9.4 -1.4
v 3.2 9.5 -1.4
v 3.2 10.1 -1.4
v 3.2 10.2 -1.4
v 3.2 10.3 -1.4
v 3.2 10.4 -1.4
v 3.2 10.7 -1.4
v 3.2 10.9 -1.4
v 3.3 1 -1.4
v 3.3 1.1 -1.4
v 3.3 2.8 -1.4
v 3.3 3 -1.4
v 3.3 8.1 -1.4
v 3.3 8.3 -1.4
v 3.3 8.9 -1.4
v 3.3 9 -1.4
v 3.3 9.4 -1.4
v 3.3 9.5 -1.4
v 3.3 10.9 -1.4
v 3.3 11 -1.4
v 3.4 1.7 -1.4
v 3.4 1.8 -1.4
v 3.4 1.9 -1.4
v 3.4 2 -1.4
v 3.4 2.1 -1.4
v 3.4 2.2 -1.4
v 3.4 2.3 -1.4
v 3.4 2.4 -1.4
v 3.4 3.2 -1.4
v 3.4 7.9 -1.4
v 3.4 8.8 -1.4
v 3.4 8.9 -1.4
v 3.4 9.6 -1.4
v 3.4 9.7 -1.4
v 3.4 11 -1.4
v 3.4 11.1 -1.4
v 3.5 1.7 -1.4
v 3.5 1.8 -1.4
v 3.5 1.9 -1.4
v 3.5 2.2 -1.4
v 3.5 2.3 -1.4
v 3.5 3 -1.4
v 3.5 8.1 -1.4
v 3.5 9.3 -1.4
v 3.5 9.5 -1.4
v 3.5 9.8 -1.4
v 3.5 9.9 -1.4
v 3.6 1.2 -1.4
v 3.6 1.3 -1.4
v 3.6 8.5 -1.4
v 3.6 8.6 -1.4
v 3.6 8.9 -1.4
v 3.6 9 -1.4
v 3.6 9.3 -1.4
v 3.6 9.5 -1.4
v 3.6 9.8 -1.4
v 3.6 9.9 -1.4
v 3.6 10 -1.4
v 3.6 10.3 -1.4
v 3.6 10.4 -1.4
v 3.7 1.1 -1.4
v 3.7 1.2 -1.4
v 3.7 1.3 -1.4
v 3.7 1.4 -1.4
v 3.7 3.9 -1.4
v 3.7 4 -1.4
v 3.7 4.5 -1.4
v 3.7 4.6 -1.4
v 3.7 7 -1.4
v 3.7 7.1 -1.4
v 3.7 8.9 -1.4
v 3.7 9 -1.4
v 3.7 9.6 -1.4
v 3.7 9.7 -1.4
v 3.7 9.8 -1.4
v 3.7 9.9 -1.4
v 3.7 10.1 -1.4
v 3.7 10.2 -1.4
v 3.7 10.3 -1.4
v 3.7 10.4 -1.4
v 3.8 1.8 -1.4
v 3.8 2.1 -1.4
v 3.8 3.8 -1.4
v 3.8 3.9 -1.4
v 3.8 5.2 -1.4
v 3.8 5.3 -1.4
v 3.8 5.8 -1.4
v 3.8 5.9 -1.4
v 3.8 9.5 -1.4
v 3.8 9.6 -1.4
v 3.8 9.7 -1.4
v 3.8 10.1 -1.4
v 3.8 10.2 -1.4
v 3.8 10.3 -1.4
v 3.9 1.4 -1.4
v 3.9 1.6 -1.4
v 3.9 2.1 -1.4
v 3.9 2.2 -1.4
v 3.9 2.7 -1.4
v 3.9 3.1 -1.4
v 3.9 4 -1.4
v 3.9 4.1 -1.4
v 3.9 4.4 -1.4
v 3.9 4.5 -1.4
v 3.9 5.1 -1.4
v 3.9 5.2 -1.4
v 3.9 6.5 -1.4
v 3.9 6.6 -1.4
v 3.9 7.4 -1.4
v 3.9 7.5 -1.4
v 3.9 8.3 -1.4
v 3.9 8.5 -1.4
v 3.9 8.7 -1.4
v 3.9 8.8 -1.4
v 3.9 9.5 -1.4
v 3.9 9.9 -1.4
v 3.9 10 -1.4
v 3.9 10.9 -1.4
v 3.9 11 -1.4
v 4 1.7 -1.4
v 4 2.2 -1.4
v 4 2.3 -1.4
v 4 2.4 -1.4
v 4 3.5 -1.4
v 4 3.6 -1.4
v 4 3.7 -1.4
v 4 3.8 -1.4
v 4 4.6 -1.4
v 4 4.9 -1.4
v 4 5.3 -1.4
v 4 5.4 -1.4
v 4 5.9 -1.4
v 4 6 -1.4
v 4 7.1 -1.4
v 4 7.2 -1.4
v 4 9 -1.4
v 4 9.3 -1.4
v 4 9.5 -1.4
v 4 9.7 -1.4
v 4 9.8 -1.4
v 4 9.9 -1.4
v 4 10.3 -1.4
v 4 10.4 -1.4
v 4 10.6 -1.4
v 4 10.9 -1.4
v 4 11 -1.4
v 4.1 1.6 -1.4
v 4.1 1.7 -1.4
v 4.1 2.2 -1.4
v 4.1 2.3 -1.4
v 4.1 2.4 -1.4
v 4.1 2.7 -1.4
v 4.1 3.1 -1.4
v 4.1 3.5 -1.4
v 4.1 3.6 -1.4
v 4.1 3.7 -1.4
v 4.1 5.4 -1.4
v 4.1 5.5 -1.4
v 4.1 6.1 -1.4
v 4.1 6.3 -1.4
v 4.1 7.5 -1.4
v 4.1 7.7 -1.4
v 4.1 8.5 -1.4
v 4.1 8.6 -1.4
v 4.1 8.7 -1.4
v 4.1 8.8 -1.4
v 4.1 9.7 -1.4
v 4.1 9.8 -1.4
v 4.1 10.1 -1.4
v 4.1 10.2 -1.4
v 4.2 4.1 -1.4
v 4.2 4.2 -1.4
v 4.2 4.9 -1.4
v 4.2 5.1 -1.4
v 4.2 5.5 -1.4
v 4.2 5.8 -1.4
v 4.2 6 -1.4
v 4.2 6.1 -1.4
v 4.2 6.3 -1.4
v 4.2 6.5 -1.4
v 4.2 7.3 -1.4
v 4.2 7.4 -1.4
v 4.2 8 -1.4
v 4.2 8.1 -1.4
v 4.2 8.2 -1.4
v 4.2 8.3 -1.4
v 4.2 8.9 -1.4
v 4.2 9 -1.4
v 4.2 9.3 -1.4
v 4.2 9.4 -1.4
v 4.2 9.5 -1.4
v 4.2 9.6 -1.4
v 4.2 9.7 -1.4
v 4.2 10.6 -1.4
v 4.2 10.7 -1.4
v 4.2 11 -1.4
v 4.2 11.1 -1.4
v 4.3 4.2 -1.4
v 4.3 4.3 -1.4
v 4.3 4.4 -1.4
v 4.3 6.6 -1.4
v 4.3 6.7 -1.4
v 4.3 6.9 -1.4
v 4.3 7 -1.4
v 4.3 7.7 -1.4
v 4.3 7.8 -1.4
v 4.3 9 -1.4
v 4.3 9.2 -1.4
v 4.3 9.7 -1.4
v 4.3 9.8 -1.4
v 4.3 10.8 -1.4
v 4.3 10.9 -1.4
v 4.3 11 -1.4
v 4.4 4.2 -1.4
v 4.4 4.3 -1.4
v 4.4 7.8 -1.4
v 4.4 7.9 -1.4
v 4.4 9.4 -1.4
v 4.4 9.5 -1.4
v 4.4 9.9 -1.4
v 4.4 10 -1.4
v 4.4 10.8 -1.4
v 4.4 10.9 -1.4
v 4.5 6.7 -1.4
v 4.5 6.8 -1.4
v 4.5 7.2 -1.4
v 4.5 7.3 -1.4
v 4.5 8.1 -1.4
v 4.5 8.2 -1.4
v 4.5 8.7 -1.4
v 4.5 8.8 -1.4
v 4.5 8.9 -1.4
v 4.5 9 -1.4
v 4.5 9.5 -1.4
v 4.5 9.6 -1.4
v 4.5 10.7 -1.4
v 4.5 10.8 -1.4
v 4.6 -0.1 -1.4
v 4.6 0.8 -1.4
v 4.6 0.9 -1.4
v 4.6 1 -1.4
v 4.6 1.1 -1.4
v 4.6 1.2 -1.4
v 4.6 1.3 -1.4
v 4.6 6.8 -1.4
v 4.6 6.9 -1.4
v 4.6 7.9 -1.4
v 4.6 8 -1.4
v 4.6 8.1 -1.4
v 4.6 8.5 -1.4
v 4.6 8.6 -1.4
v 4.6 8.7 -1.4
v 4.6 8.9 -1.4
v 4.6 9 -1.4
v 4.6 9.2 -1.4
v 4.6 9.6 -1.4
v 4.6 9.8 -1.4
v 4.6 9.9 -1.4
v 4.6 10 -1.4
v 4.6 10.1 -1.4
v 4.6 10.2 -1.4
v 4.6 10.3 -1.4
v 4.6 10.4 -1.4
v 4.6 10.8 -1.4
v 4.6 10.9 -1.4
v 4.6 11 -1.4
v 4.6 11.1 -1.4
v 4.7 -0.2 -1.4
v 4.7 11.2 -1.4
v -5.4 -0.2 0.9
v 4.7 -0.2 0.9
v -5 -0.2 0.6
v 4.3 -0.2 0.6
v -5 -0.2 0
v 4.3 -0.2 0
v -5 -0.2 -0.1
v 4.3 -0.2 -0.1
v -5 -0.2 -0.4
v 4.3 -0.2 -0.4
v -5 -0.2 -0.5
v 4.3 -0.2 -0.5
v -5 -0.2 -1.1
v 4.3 -0.2 -1.1
v -5.4 -0.2 -1.4
v 4.7 -0.2 -1.4
v -1 2.5 -1.2
v -0.8 2.5 -1.2
v 3.2 2.5 -1.2
v 3.5 2.5 -1.2
v -1 2.5 -1.3
v -0.8 2.5 -1.3
v 3.2 2.5 -1.3
v 3.5 2.5 -1.3
v -0.6 4.4 -1.2
v -0.5 4.4 -1.2
v -0.6 4.4 -1.3
v -0.5 4.4 -1.3
v 4.1 8.3 -1.2
v 4.6 8.3 -1.2
v 4.1 8.3 -1.3
v 4.2 8.3 -1.3
v 4.6 8.3 -1.3
v 3.2 1.5 -1.2
v 3.5 1.5 -1.2
v 3.2 1.5 -1.3
v 3.5 1.5 -1.3
v -1 1.6 -1.2
v -0.8 1.6 -1.2
v -1 1.6 -1.3
v -0.8 1.6 -1.3
v 4.1 3 -1.2
v 4.6 3 -1.2
v 4.1 3 -1.3
v 4.6 3 -1.3
v -0.6 4.2 -1.2
v -0.5 4.2 -1.2
v -0.6 4.2 -1.3
v -0.5 4.2 -1.3
v -5.4 11.2 0.9
v 4.7 11.2 0.9
v -5 11.2 0.6
v 4.2 11.2 0.6
v -5 11.2 0
v 4.2 11.2 0
v -5 11.2 -0.1
v 4.2 11.2 -0.1
v -5 11.2 -0.4
v 4.1 11.2 -0.4
v -5 11.2 -0.5
v 4.1 11.2 -0.5
v 4.2 11.2 -0.5
v -5 11.2 -1.1
v 4.2 11.2 -1.1
v -5.4 11.2 -1.4
v 4.7 11.2 -1.4

# faces
f 3/33/1 2/33/1 1/33/1
f 4/33/1 2/33/1 3/33/1
f 5/33/1 2/33/1 4/33/1
f 6/33/1 2/33/1 5/33/1
f 7/33/1 2/33/1 6/33/1
f 8/33/1 2/33/1 7/33/1
f 9/33/1 3/33/1 1/33/1
f 9/36/1 4/36/1 3/36/1
f 10/32/1 5/32/1 4/32/1
f 10/36/1 4/36/1 9/36/1
f 11/35/1 6/35/1 5/35/1
f 11/32/1 5/32/1 10/32/1
f 12/32/1 7/32/1 6/32/1
f 12/35/1 6/35/1 11/35/1
f 13/36/1 8/36/1 7/36/1
f 13/32/1 7/32/1 12/32/1
f 14/33/1 2/33/1 8/33/1
f 14/36/1 8/36/1 13/36/1
f 15/33/1 13/33/1 12/33/1
f 15/33/1 12/33/1 11/33/1
f 15/33/1 14/33/1 13/33/1
f 15/33/1 11/33/1 10/33/1
f 15/33/1 10/33/1 9/33/1
f 15/33/1 9/33/1 1/33/1
f 16/33/1 2/33/1 14/33/1
f 16/33/1 14/33/1 15/33/1
f 19/36/1 18/36/1 17/36/1
f 20/36/1 19/36/1 17/36/1
f 21/36/1 19/36/1 20/36/1
f 24/25/1 23/25/1 22/25/1
f 25/25/1 24/25/1 22/25/1
f 26/25/1 24/25/1 25/25/1
f 29/12/1 28/12/1 27/12/1
f 30/12/1 29/12/1 27/12/1
f 31/12/1 30/12/1 27/12/1
f 32/12/1 31/12/1 27/12/1
f 33/12/1 32/12/1 27/12/1
f 34/12/1 33/12/1 27/12/1
f 35/12/1 33/12/1 34/12/1
f 38/33/1 37/33/1 36/33/1
f 39/33/1 38/33/1 36/33/1
f 40/33/1 39/33/1 36/33/1
f 41/33/1 40/33/1 36/33/1
f 42/33/1 41/33/1 36/33/1
f 43/33/1 42/33/1 36/33/1
f 44/33/1 42/33/1 43/33/1
f 45/12/2 46/12/2 47/12/2
f 45/12/2 47/12/2 48/12/2
f 48/12/2 47/12/2 49/12/2
f 50/25/2 51/25/2 52/25/2
f 50/25/2 52/25/2 53/25/2
f 53/25/2 52/25/2 54/25/2
f 55/12/2 56/12/2 57/12/2
f 55/12/2 57/12/2 58/12/2
f 55/12/2 58/12/2 59/12/2
f 55/12/2 59/12/2 60/12/2
f 55/12/2 60/12/2 61/12/2
f 55/12/2 61/12/2 62/12/2
f 55/12/2 62/12/2 63/12/2
f 63/12/2 62/12/2 64/12/2
f 65/12/2 66/12/2 67/12/2
f 65/12/2 67/12/2 68/12/2
f 65/12/2 68/12/2 69/12/2
f 65/12/2 69/12/2 70/12/2
f 65/12/2 70/12/2 71/12/2
f 65/12/2 71/12/2 72/12/2
f 65/12/2 72/12/2 73/12/2
f 65/12/2 73/12/2 74/12/2
f 65/12/2 74/12/2 75/12/2
f 65/12/2 75/12/2 76/12/2
f 65/12/2 76/12/2 77/12/2
f 65/12/2 77/12/2 78/12/2
f 65/12/2 78/12/2 79/12/2
f 65/12/2 79/12/2 80/12/2
f 65/12/2 80/12/2 81/12/2
f 65/12/2 81/12/2 82/12/2
f 82/12/2 81/12/2 83/12/2
f 84/33/2 85/33/2 86/33/2
f 86/33/2 85/33/2 87/33/2
f 87/33/2 85/33/2 88/33/2
f 88/33/2 85/33/2 89/33/2
f 89/33/2 85/33/2 90/33/2
f 88/35/2 89/35/2 91/35/2
f 89/36/2 90/36/2 92/36/2
f 91/35/2 89/35/2 92/35/2
f 84/33/2 86/33/2 93/33/2
f 86/36/2 87/36/2 93/36/2
f 87/32/2 88/32/2 94/32/2
f 93/36/2 87/36/2 94/36/2
f 88/35/2 91/35/2 95/35/2
f 94/32/2 88/32/2 95/32/2
f 91/32/2 92/32/2 96/32/2
f 95/35/2 91/35/2 96/35/2
f 92/36/2 90/36/2 97/36/2
f 96/32/2 92/32/2 97/32/2
f 90/33/2 85/33/2 98/33/2
f 97/36/2 90/36/2 98/36/2
f 95/33/2 96/33/2 99/33/2
f 94/33/2 95/33/2 99/33/2
f 97/33/2 98/33/2 99/33/2
f 93/33/2 94/33/2 99/33/2
f 96/33/2 97/33/2 99/33/2
f 84/33/2 93/33/2 99/33/2
f 98/33/2 85/33/2 100/33/2
f 99/33/2 98/33/2 100/33/2
f 103/33/3 102/33/3 101/33/3
f 104/33/3 102/33/3 103/33/3
f 105/33/3 102/33/3 104/33/3
f 106/33/3 102/33/3 105/33/3
f 107/33/3 102/33/3 106/33/3
f 108/33/3 102/33/3 107/33/3
f 109/33/3 102/33/3 108/33/3
f 110/33/3 102/33/3 109/33/3
f 111/33/3 102/33/3 110/33/3
f 112/33/3 102/33/3 111/33/3
f 113/33/3 102/33/3 112/33/3
f 114/33/3 102/33/3 113/33/3
f 115/33/3 102/33/3 114/33/3
f 116/33/3 102/33/3 115/33/3
f 117/33/3 102/33/3 116/33/3
f 118/33/3 102/33/3 117/33/3
f 119/33/3 102/33/3 118/33/3
f 120/33/3 102/33/3 119/33/3
f 121/33/3 102/33/3 120/33/3
f 122/33/3 102/33/3 121/33/3
f 123/33/3 102/33/3 122/33/3
f 124/33/3 102/33/3 123/33/3
f 125/33/3 102/33/3 124/33/3
f 126/33/3 102/33/3 125/33/3
f 127/33/3 102/33/3 126/33/3
f 128/33/3 102/33/3 127/33/3
f 129/33/3 102/33/3 128/33/3
f 130/33/3 102/33/3 129/33/3
f 131/33/3 102/33/3 130/33/3
f 132/33/3 102/33/3 131/33/3
f 133/33/3 102/33/3 132/33/3
f 134/33/3 102/33/3 133/33/3
f 135/33/3 102/33/3 134/33/3
f 136/33/3 102/33/3 135/33/3
f 137/33/3 102/33/3 136/33/3
f 138/33/3 102/33/3 137/33/3
f 139/33/3 102/33/3 138/33/3
f 140/36/3 110/36/3 109/36/3
f 141/37/3 111/37/3 110/37/3
f 141/36/3 110/36/3 140/36/3
f 142/36/3 112/36/3 111/36/3
f 142/37/3 111/37/3 141/37/3
f 143/36/3 112/36/3 142/36/3
f 144/36/3 112/36/3 143/36/3
f 145/37/3 113/37/3 112/37/3
f 145/36/3 112/36/3 144/36/3
f 146/37/3 113/37/3 145/37/3
f 147/36/3 114/36/3 113/36/3
f 147/37/3 113/37/3 146/37/3
f 148/37/3 115/37/3 114/37/3
f 148/36/3 114/36/3 147/36/3
f 149/37/3 115/37/3 148/37/3
f 150/35/3 116/35/3 115/35/3
f 150/37/3 115/37/3 149/37/3
f 151/36/3 117/36/3 116/36/3
f 151/35/3 116/35/3 150/35/3
f 152/35/3 118/35/3 117/35/3
f 152/36/3 117/36/3 151/36/3
f 153/36/3 119/36/3 118/36/3
f 153/35/3 118/35/3 152/35/3
f 154/36/3 119/36/3 153/36/3
f 155/41/3 121/41/3 120/41/3
f 155/36/3 122/36/3 121/36/3
f 156/36/3 122/36/3 155/36/3
f 157/35/3 124/35/3 123/35/3
f 157/33/3 125/33/3 124/33/3
f 158/33/3 125/33/3 157/33/3
f 159/32/3 126/32/3 125/32/3
f 159/33/3 125/33/3 158/33/3
f 160/39/3 127/39/3 126/39/3
f 160/32/3 126/32/3 159/32/3
f 161/36/3 128/36/3 127/36/3
f 162/32/3 129/32/3 128/32/3
f 162/36/3 128/36/3 161/36/3
f 163/32/3 136/32/3 135/32/3
f 164/33/3 137/33/3 136/33/3
f 164/32/3 136/32/3 163/32/3
f 165/37/3 141/37/3 140/37/3
f 165/36/3 144/36/3 143/36/3
f 165/37/3 142/37/3 141/37/3
f 165/37/3 143/37/3 142/37/3
f 166/36/3 144/36/3 165/36/3
f 167/36/3 144/36/3 166/36/3
f 168/36/3 144/36/3 167/36/3
f 169/35/3 146/35/3 145/35/3
f 169/36/3 144/36/3 168/36/3
f 169/35/3 145/35/3 144/35/3
f 170/37/3 147/37/3 146/37/3
f 170/35/3 146/35/3 169/35/3
f 170/37/3 149/37/3 148/37/3
f 170/37/3 148/37/3 147/37/3
f 171/35/3 150/35/3 149/35/3
f 171/37/3 149/37/3 170/37/3
f 171/35/3 151/35/3 150/35/3
f 171/35/3 152/35/3 151/35/3
f 171/35/3 154/35/3 153/35/3
f 171/35/3 153/35/3 152/35/3
f 172/35/3 154/35/3 171/35/3
f 173/36/3 119/36/3 154/36/3
f 174/35/3 120/35/3 119/35/3
f 174/36/3 119/36/3 173/36/3
f 175/36/3 161/36/3 127/36/3
f 176/35/3 162/35/3 161/35/3
f 176/36/3 161/36/3 175/36/3
f 177/39/3 130/39/3 129/39/3
f 177/32/3 131/32/3 130/32/3
f 178/39/3 132/39/3 131/39/3
f 178/32/3 131/32/3 177/32/3
f 179/33/3 137/33/3 164/33/3
f 179/33/3 164/33/3 163/33/3
f 180/31/3 138/31/3 137/31/3
f 180/33/3 137/33/3 179/33/3
f 181/33/3 103/33/3 101/33/3
f 181/36/3 104/36/3 103/36/3
f 182/36/3 104/36/3 181/36/3
f 183/36/3 104/36/3 182/36/3
f 184/36/3 104/36/3 183/36/3
f 185/36/3 104/36/3 184/36/3
f 186/34/3 105/34/3 104/34/3
f 186/36/3 104/36/3 185/36/3
f 187/36/3 140/36/3 109/36/3
f 188/36/3 140/36/3 187/36/3
f 189/36/3 140/36/3 188/36/3
f 190/36/3 140/36/3 189/36/3
f 191/37/3 165/37/3 140/37/3
f 191/36/3 140/36/3 190/36/3
f 192/37/3 165/37/3 191/37/3
f 193/35/3 166/35/3 165/35/3
f 193/37/3 165/37/3 192/37/3
f 194/36/3 167/36/3 166/36/3
f 194/35/3 166/35/3 193/35/3
f 195/37/3 168/37/3 167/37/3
f 195/36/3 167/36/3 194/36/3
f 196/46/3 170/46/3 169/46/3
f 196/46/3 171/46/3 170/46/3
f 196/46/3 172/46/3 171/46/3
f 197/46/3 172/46/3 196/46/3
f 198/46/3 172/46/3 197/46/3
f 199/46/3 172/46/3 198/46/3
f 200/35/3 154/35/3 172/35/3
f 200/46/3 172/46/3 199/46/3
f 201/35/3 154/35/3 200/35/3
f 202/36/3 173/36/3 154/36/3
f 202/35/3 154/35/3 201/35/3
f 203/35/3 174/35/3 173/35/3
f 203/36/3 173/36/3 202/36/3
f 204/39/3 127/39/3 160/39/3
f 204/33/3 160/33/3 159/33/3
f 205/36/3 175/36/3 127/36/3
f 205/39/3 127/39/3 204/39/3
f 206/32/3 129/32/3 162/32/3
f 207/39/3 177/39/3 129/39/3
f 207/32/3 129/32/3 206/32/3
f 208/31/3 180/31/3 179/31/3
f 208/33/3 179/33/3 163/33/3
f 209/31/3 138/31/3 180/31/3
f 209/31/3 180/31/3 208/31/3
f 210/36/3 139/36/3 138/36/3
f 210/31/3 138/31/3 209/31/3
f 211/33/3 181/33/3 101/33/3
f 211/3/3 182/3/3 181/3/3
f 212/3/3 182/3/3 211/3/3
f 213/3/3 182/3/3 212/3/3
f 214/36/3 183/36/3 182/36/3
f 214/3/3 182/3/3 213/3/3
f 215/36/3 185/36/3 184/36/3
f 216/6/3 186/6/3 185/6/3
f 216/36/3 185/36/3 215/36/3
f 217/34/3 105/34/3 186/34/3
f 217/6/3 186/6/3 216/6/3
f 218/36/3 189/36/3 188/36/3
f 219/36/3 189/36/3 218/36/3
f 220/36/3 189/36/3 219/36/3
f 221/36/3 189/36/3 220/36/3
f 222/36/3 189/36/3 221/36/3
f 223/35/3 190/35/3 189/35/3
f 223/36/3 189/36/3 222/36/3
f 224/37/3 192/37/3 191/37/3
f 224/35/3 190/35/3 223/35/3
f 224/37/3 191/37/3 190/37/3
f 225/37/3 192/37/3 224/37/3
f 226/35/3 194/35/3 193/35/3
f 226/37/3 192/37/3 225/37/3
f 226/35/3 193/35/3 192/35/3
f 227/35/3 169/35/3 168/35/3
f 228/46/3 196/46/3 169/46/3
f 228/35/3 169/35/3 227/35/3
f 229/46/3 196/46/3 228/46/3
f 230/29/3 197/29/3 196/29/3
f 230/46/3 196/46/3 229/46/3
f 231/28/3 198/28/3 197/28/3
f 231/29/3 197/29/3 230/29/3
f 232/26/3 199/26/3 198/26/3
f 232/28/3 198/28/3 231/28/3
f 233/26/3 199/26/3 232/26/3
f 234/46/3 201/46/3 200/46/3
f 234/26/3 199/26/3 233/26/3
f 234/46/3 200/46/3 199/46/3
f 235/46/3 201/46/3 234/46/3
f 236/35/3 203/35/3 202/35/3
f 236/46/3 201/46/3 235/46/3
f 236/35/3 202/35/3 201/35/3
f 237/35/3 203/35/3 236/35/3
f 238/41/3 155/41/3 120/41/3
f 238/35/3 203/35/3 237/35/3
f 238/35/3 174/35/3 203/35/3
f 238/35/3 120/35/3 174/35/3
f 239/35/3 156/35/3 155/35/3
f 239/41/3 155/41/3 238/41/3
f 240/36/3 122/36/3 156/36/3
f 240/35/3 156/35/3 239/35/3
f 241/36/3 122/36/3 240/36/3
f 242/35/3 159/35/3 158/35/3
f 242/33/3 204/33/3 159/33/3
f 243/36/3 205/36/3 204/36/3
f 243/33/3 204/33/3 242/33/3
f 244/36/3 175/36/3 205/36/3
f 244/36/3 205/36/3 243/36/3
f 245/35/3 176/35/3 175/35/3
f 245/36/3 175/36/3 244/36/3
f 246/35/3 162/35/3 176/35/3
f 246/35/3 176/35/3 245/35/3
f 247/32/3 206/32/3 162/32/3
f 247/35/3 162/35/3 246/35/3
f 248/33/3 207/33/3 206/33/3
f 248/32/3 206/32/3 247/32/3
f 249/32/3 163/32/3 135/32/3
f 250/33/3 208/33/3 163/33/3
f 250/32/3 163/32/3 249/32/3
f 250/33/3 209/33/3 208/33/3
f 251/36/3 139/36/3 210/36/3
f 251/36/3 210/36/3 209/36/3
f 252/33/3 102/33/3 139/33/3
f 252/36/3 139/36/3 251/36/3
f 253/36/3 212/36/3 211/36/3
f 254/3/3 213/3/3 212/3/3
f 254/36/3 212/36/3 253/36/3
f 255/36/3 214/36/3 213/36/3
f 255/3/3 213/3/3 254/3/3
f 256/3/3 188/3/3 187/3/3
f 256/36/3 218/36/3 188/36/3
f 257/37/3 219/37/3 218/37/3
f 257/36/3 218/36/3 256/36/3
f 258/36/3 220/36/3 219/36/3
f 258/37/3 219/37/3 257/37/3
f 259/37/3 221/37/3 220/37/3
f 259/36/3 220/36/3 258/36/3
f 260/36/3 222/36/3 221/36/3
f 260/37/3 221/37/3 259/37/3
f 261/36/3 222/36/3 260/36/3
f 262/36/3 222/36/3 261/36/3
f 263/35/3 223/35/3 222/35/3
f 263/36/3 222/36/3 262/36/3
f 264/37/3 225/37/3 224/37/3
f 264/35/3 223/35/3 263/35/3
f 264/37/3 224/37/3 223/37/3
f 265/37/3 225/37/3 264/37/3
f 266/35/3 194/35/3 226/35/3
f 266/37/3 195/37/3 194/37/3
f 266/35/3 226/35/3 225/35/3
f 267/37/3 168/37/3 195/37/3
f 267/37/3 195/37/3 266/37/3
f 268/37/3 168/37/3 267/37/3
f 269/35/3 227/35/3 168/35/3
f 269/37/3 168/37/3 268/37/3
f 270/46/3 228/46/3 227/46/3
f 270/35/3 227/35/3 269/35/3
f 270/46/3 229/46/3 228/46/3
f 271/46/3 229/46/3 270/46/3
f 272/29/3 230/29/3 229/29/3
f 272/46/3 229/46/3 271/46/3
f 273/28/3 233/28/3 232/28/3
f 273/29/3 230/29/3 272/29/3
f 273/28/3 231/28/3 230/28/3
f 273/28/3 232/28/3 231/28/3
f 274/26/3 235/26/3 234/26/3
f 274/28/3 233/28/3 273/28/3
f 274/26/3 234/26/3 233/26/3
f 275/26/3 235/26/3 274/26/3
f 276/46/3 237/46/3 236/46/3
f 276/26/3 235/26/3 275/26/3
f 276/46/3 236/46/3 235/46/3
f 277/46/3 237/46/3 276/46/3
f 278/35/3 239/35/3 238/35/3
f 278/46/3 237/46/3 277/46/3
f 278/35/3 238/35/3 237/35/3
f 278/35/3 241/35/3 240/35/3
f 278/35/3 240/35/3 239/35/3
f 279/35/3 241/35/3 278/35/3
f 280/39/3 123/39/3 122/39/3
f 280/36/3 122/36/3 241/36/3
f 281/35/3 157/35/3 123/35/3
f 281/39/3 123/39/3 280/39/3
f 282/40/3 158/40/3 157/40/3
f 282/35/3 157/35/3 281/35/3
f 283/35/3 242/35/3 158/35/3
f 283/40/3 158/40/3 282/40/3
f 284/33/3 207/33/3 248/33/3
f 284/33/3 247/33/3 246/33/3
f 284/33/3 248/33/3 247/33/3
f 285/39/3 177/39/3 207/39/3
f 285/33/3 207/33/3 284/33/3
f 286/39/3 132/39/3 178/39/3
f 286/32/3 133/32/3 132/32/3
f 287/41/3 134/41/3 133/41/3
f 287/32/3 133/32/3 286/32/3
f 288/36/3 253/36/3 211/36/3
f 288/3/3 254/3/3 253/3/3
f 289/36/3 255/36/3 254/36/3
f 289/3/3 254/3/3 288/3/3
f 290/36/3 214/36/3 255/36/3
f 290/36/3 255/36/3 289/36/3
f 291/34/3 107/34/3 106/34/3
f 291/36/3 108/36/3 107/36/3
f 292/33/3 109/33/3 108/33/3
f 292/36/3 108/36/3 291/36/3
f 293/36/3 187/36/3 109/36/3
f 293/33/3 109/33/3 292/33/3
f 294/3/3 256/3/3 187/3/3
f 294/36/3 187/36/3 293/36/3
f 295/37/3 259/37/3 258/37/3
f 295/3/3 256/3/3 294/3/3
f 295/37/3 261/37/3 260/37/3
f 295/37/3 257/37/3 256/37/3
f 295/37/3 258/37/3 257/37/3
f 295/37/3 260/37/3 259/37/3
f 296/37/3 261/37/3 295/37/3
f 297/37/3 261/37/3 296/37/3
f 298/36/3 262/36/3 261/36/3
f 298/37/3 261/37/3 297/37/3
f 299/35/3 263/35/3 262/35/3
f 299/36/3 262/36/3 298/36/3
f 299/35/3 264/35/3 263/35/3
f 299/35/3 265/35/3 264/35/3
f 300/35/3 265/35/3 299/35/3
f 301/37/3 225/37/3 265/37/3
f 301/35/3 265/35/3 300/35/3
f 302/37/3 225/37/3 301/37/3
f 303/35/3 266/35/3 225/35/3
f 303/35/3 267/35/3 266/35/3
f 304/37/3 268/37/3 267/37/3
f 304/35/3 267/35/3 303/35/3
f 305/46/3 270/46/3 269/46/3
f 305/37/3 268/37/3 304/37/3
f 305/46/3 269/46/3 268/46/3
f 305/46/3 271/46/3 270/46/3
f 306/46/3 271/46/3 305/46/3
f 307/29/3 272/29/3 271/29/3
f 307/46/3 271/46/3 306/46/3
f 308/26/3 277/26/3 276/26/3
f 308/26/3 276/26/3 275/26/3
f 308/46/3 279/46/3 278/46/3
f 308/46/3 278/46/3 277/46/3
f 309/46/3 279/46/3 308/46/3
f 310/35/3 241/35/3 279/35/3
f 310/46/3 279/46/3 309/46/3
f 311/35/3 241/35/3 310/35/3
f 312/36/3 244/36/3 243/36/3
f 312/39/3 243/39/3 242/39/3
f 313/35/3 245/35/3 244/35/3
f 313/36/3 244/36/3 312/36/3
f 313/35/3 246/35/3 245/35/3
f 314/33/3 284/33/3 246/33/3
f 314/35/3 246/35/3 313/35/3
f 315/35/3 285/35/3 284/35/3
f 315/33/3 284/33/3 314/33/3
f 316/39/3 177/39/3 285/39/3
f 316/35/3 285/35/3 315/35/3
f 317/33/3 178/33/3 177/33/3
f 317/39/3 177/39/3 316/39/3
f 318/38/3 135/38/3 134/38/3
f 318/41/3 134/41/3 287/41/3
f 319/32/3 249/32/3 135/32/3
f 319/38/3 135/38/3 318/38/3
f 320/33/3 250/33/3 249/33/3
f 320/32/3 249/32/3 319/32/3
f 321/36/3 251/36/3 209/36/3
f 321/33/3 250/33/3 320/33/3
f 321/33/3 209/33/3 250/33/3
f 322/35/3 252/35/3 251/35/3
f 322/36/3 251/36/3 321/36/3
f 323/36/3 288/36/3 211/36/3
f 323/36/3 289/36/3 288/36/3
f 323/33/3 211/33/3 101/33/3
f 324/3/3 290/3/3 289/3/3
f 324/36/3 289/36/3 323/36/3
f 325/36/3 214/36/3 290/36/3
f 325/3/3 290/3/3 324/3/3
f 326/36/3 183/36/3 214/36/3
f 326/36/3 214/36/3 325/36/3
f 327/6/3 216/6/3 215/6/3
f 327/36/3 215/36/3 184/36/3
f 328/36/3 217/36/3 216/36/3
f 328/6/3 216/6/3 327/6/3
f 329/34/3 105/34/3 217/34/3
f 329/36/3 217/36/3 328/36/3
f 330/37/3 297/37/3 296/37/3
f 331/35/3 298/35/3 297/35/3
f 331/37/3 297/37/3 330/37/3
f 331/35/3 299/35/3 298/35/3
f 332/35/3 299/35/3 331/35/3
f 333/46/3 300/46/3 299/46/3
f 333/35/3 299/35/3 332/35/3
f 334/35/3 301/35/3 300/35/3
f 334/46/3 300/46/3 333/46/3
f 334/35/3 302/35/3 301/35/3
f 335/37/3 225/37/3 302/37/3
f 335/35/3 302/35/3 334/35/3
f 336/37/3 225/37/3 335/37/3
f 337/37/3 225/37/3 336/37/3
f 338/35/3 303/35/3 225/35/3
f 338/37/3 225/37/3 337/37/3
f 339/35/3 303/35/3 338/35/3
f 340/46/3 304/46/3 303/46/3
f 340/35/3 303/35/3 339/35/3
f 340/46/3 305/46/3 304/46/3
f 341/46/3 305/46/3 340/46/3
f 342/27/3 306/27/3 305/27/3
f 342/46/3 305/46/3 341/46/3
f 343/28/3 307/28/3 306/28/3
f 343/27/3 306/27/3 342/27/3
f 344/28/3 307/28/3 343/28/3
f 345/29/3 272/29/3 307/29/3
f 345/28/3 307/28/3 344/28/3
f 346/28/3 275/28/3 274/28/3
f 346/29/3 272/29/3 345/29/3
f 346/28/3 274/28/3 273/28/3
f 346/28/3 273/28/3 272/28/3
f 347/26/3 309/26/3 308/26/3
f 347/28/3 275/28/3 346/28/3
f 347/26/3 308/26/3 275/26/3
f 348/26/3 309/26/3 347/26/3
f 349/46/3 310/46/3 309/46/3
f 349/26/3 309/26/3 348/26/3
f 349/46/3 311/46/3 310/46/3
f 350/46/3 311/46/3 349/46/3
f 351/35/3 241/35/3 311/35/3
f 351/46/3 311/46/3 350/46/3
f 352/35/3 241/35/3 351/35/3
f 353/36/3 280/36/3 241/36/3
f 353/35/3 241/35/3 352/35/3
f 354/38/3 281/38/3 280/38/3
f 354/36/3 280/36/3 353/36/3
f 355/41/3 283/41/3 282/41/3
f 355/35/3 282/35/3 281/35/3
f 356/35/3 242/35/3 283/35/3
f 356/41/3 283/41/3 355/41/3
f 357/35/3 313/35/3 312/35/3
f 357/35/3 315/35/3 314/35/3
f 357/35/3 316/35/3 315/35/3
f 357/35/3 314/35/3 313/35/3
f 357/35/3 317/35/3 316/35/3
f 358/33/3 178/33/3 317/33/3
f 358/35/3 317/35/3 357/35/3
f 359/39/3 286/39/3 178/39/3
f 359/33/3 178/33/3 358/33/3
f 360/33/3 320/33/3 319/33/3
f 360/33/3 321/33/3 320/33/3
f 360/33/3 322/33/3 321/33/3
f 361/35/3 252/35/3 322/35/3
f 361/33/3 322/33/3 360/33/3
f 362/3/3 325/3/3 324/3/3
f 362/3/3 324/3/3 323/3/3
f 362/33/3 323/33/3 101/33/3
f 362/3/3 326/3/3 325/3/3
f 363/36/3 183/36/3 326/36/3
f 363/3/3 326/3/3 362/3/3
f 364/36/3 328/36/3 327/36/3
f 364/6/3 329/6/3 328/6/3
f 365/34/3 105/34/3 329/34/3
f 365/6/3 329/6/3 364/6/3
f 366/46/3 332/46/3 331/46/3
f 366/46/3 331/46/3 330/46/3
f 367/23/3 334/23/3 333/23/3
f 367/46/3 332/46/3 366/46/3
f 367/23/3 333/23/3 332/23/3
f 368/23/3 334/23/3 367/23/3
f 369/23/3 334/23/3 368/23/3
f 370/23/3 334/23/3 369/23/3
f 371/46/3 335/46/3 334/46/3
f 371/23/3 334/23/3 370/23/3
f 372/46/3 335/46/3 371/46/3
f 373/35/3 336/35/3 335/35/3
f 373/46/3 335/46/3 372/46/3
f 374/37/3 337/37/3 336/37/3
f 374/35/3 336/35/3 373/35/3
f 375/37/3 337/37/3 374/37/3
f 376/46/3 341/46/3 340/46/3
f 376/46/3 340/46/3 339/46/3
f 377/27/3 342/27/3 341/27/3
f 377/46/3 341/46/3 376/46/3
f 378/27/3 342/27/3 377/27/3
f 379/28/3 344/28/3 343/28/3
f 379/27/3 342/27/3 378/27/3
f 379/28/3 343/28/3 342/28/3
f 380/28/3 344/28/3 379/28/3
f 381/29/3 345/29/3 344/29/3
f 381/28/3 344/28/3 380/28/3
f 382/28/3 346/28/3 345/28/3
f 382/29/3 345/29/3 381/29/3
f 382/28/3 348/28/3 347/28/3
f 382/28/3 347/28/3 346/28/3
f 383/26/3 350/26/3 349/26/3
f 383/28/3 348/28/3 382/28/3
f 383/26/3 349/26/3 348/26/3
f 384/26/3 350/26/3 383/26/3
f 385/46/3 351/46/3 350/46/3
f 385/26/3 350/26/3 384/26/3
f 385/46/3 352/46/3 351/46/3
f 386/46/3 352/46/3 385/46/3
f 387/35/3 354/35/3 353/35/3
f 387/46/3 352/46/3 386/46/3
f 387/35/3 353/35/3 352/35/3
f 388/35/3 354/35/3 387/35/3
f 389/35/3 356/35/3 355/35/3
f 389/35/3 355/35/3 281/35/3
f 389/38/3 281/38/3 354/38/3
f 390/35/3 242/35/3 356/35/3
f 390/35/3 356/35/3 389/35/3
f 390/39/3 312/39/3 242/39/3
f 391/39/3 358/39/3 357/39/3
f 391/35/3 357/35/3 312/35/3
f 391/39/3 359/39/3 358/39/3
f 392/39/3 359/39/3 391/39/3
f 393/39/3 359/39/3 392/39/3
f 394/39/3 286/39/3 359/39/3
f 394/39/3 359/39/3 393/39/3
f 394/33/3 287/33/3 286/33/3
f 395/41/3 318/41/3 287/41/3
f 395/33/3 287/33/3 394/33/3
f 396/39/3 319/39/3 318/39/3
f 396/41/3 318/41/3 395/41/3
f 397/33/3 362/33/3 101/33/3
f 397/36/3 363/36/3 362/36/3
f 398/36/3 183/36/3 363/36/3
f 398/36/3 363/36/3 397/36/3
f 399/36/3 364/36/3 327/36/3
f 399/36/3 327/36/3 184/36/3
f 399/36/3 365/36/3 364/36/3
f 400/34/3 105/34/3 365/34/3
f 400/36/3 365/36/3 399/36/3
f 401/34/3 291/34/3 106/34/3
f 401/3/3 294/3/3 293/3/3
f 401/3/3 296/3/3 295/3/3
f 401/3/3 293/3/3 292/3/3
f 401/3/3 295/3/3 294/3/3
f 401/3/3 292/3/3 291/3/3
f 402/3/3 296/3/3 401/3/3
f 403/3/3 296/3/3 402/3/3
f 404/3/3 296/3/3 403/3/3
f 405/37/3 330/37/3 296/37/3
f 405/3/3 296/3/3 404/3/3
f 406/23/3 367/23/3 366/23/3
f 406/23/3 368/23/3 367/23/3
f 407/22/3 369/22/3 368/22/3
f 407/23/3 368/23/3 406/23/3
f 408/21/3 370/21/3 369/21/3
f 408/22/3 369/22/3 407/22/3
f 409/23/3 371/23/3 370/23/3
f 409/21/3 370/21/3 408/21/3
f 409/23/3 372/23/3 371/23/3
f 410/23/3 372/23/3 409/23/3
f 411/23/3 372/23/3 410/23/3
f 412/46/3 374/46/3 373/46/3
f 412/23/3 372/23/3 411/23/3
f 412/46/3 375/46/3 374/46/3
f 412/46/3 373/46/3 372/46/3
f 413/46/3 375/46/3 412/46/3
f 414/37/3 337/37/3 375/37/3
f 414/46/3 375/46/3 413/46/3
f 415/37/3 337/37/3 414/37/3
f 416/35/3 339/35/3 338/35/3
f 416/35/3 338/35/3 337/35/3
f 417/46/3 376/46/3 339/46/3
f 417/35/3 339/35/3 416/35/3
f 418/28/3 380/28/3 379/28/3
f 418/28/3 379/28/3 378/28/3
f 419/29/3 381/29/3 380/29/3
f 419/28/3 380/28/3 418/28/3
f 420/28/3 384/28/3 383/28/3
f 420/29/3 381/29/3 419/29/3
f 420/28/3 383/28/3 382/28/3
f 420/28/3 382/28/3 381/28/3
f 421/26/3 386/26/3 385/26/3
f 421/28/3 384/28/3 420/28/3
f 421/26/3 385/26/3 384/26/3
f 422/26/3 386/26/3 421/26/3
f 423/46/3 388/46/3 387/46/3
f 423/26/3 386/26/3 422/26/3
f 423/46/3 387/46/3 386/46/3
f 424/46/3 388/46/3 423/46/3
f 425/35/3 354/35/3 388/35/3
f 425/46/3 388/46/3 424/46/3
f 426/35/3 354/35/3 425/35/3
f 427/46/3 390/46/3 389/46/3
f 428/39/3 312/39/3 390/39/3
f 428/46/3 390/46/3 427/46/3
f 429/35/3 392/35/3 391/35/3
f 429/39/3 312/39/3 428/39/3
f 429/35/3 391/35/3 312/35/3
f 430/35/3 392/35/3 429/35/3
f 431/32/3 393/32/3 392/32/3
f 431/35/3 392/35/3 430/35/3
f 432/32/3 393/32/3 431/32/3
f 433/33/3 394/33/3 393/33/3
f 433/32/3 393/32/3 432/32/3
f 433/33/3 395/33/3 394/33/3
f 434/33/3 395/33/3 433/33/3
f 435/33/3 395/33/3 434/33/3
f 436/40/3 396/40/3 395/40/3
f 436/33/3 395/33/3 435/33/3
f 437/39/3 319/39/3 396/39/3
f 437/40/3 396/40/3 436/40/3
f 438/33/3 360/33/3 319/33/3
f 438/39/3 319/39/3 437/39/3
f 439/3/3 398/3/3 397/3/3
f 439/33/3 397/33/3 101/33/3
f 440/36/3 183/36/3 398/36/3
f 440/3/3 398/3/3 439/3/3
f 441/36/3 399/36/3 184/36/3
f 441/6/3 400/6/3 399/6/3
f 442/6/3 400/6/3 441/6/3
f 443/6/3 400/6/3 442/6/3
f 444/6/3 400/6/3 443/6/3
f 445/33/3 402/33/3 401/33/3
f 446/37/3 403/37/3 402/37/3
f 446/33/3 402/33/3 445/33/3
f 447/37/3 330/37/3 405/37/3
f 447/37/3 405/37/3 404/37/3
f 448/46/3 366/46/3 330/46/3
f 448/37/3 330/37/3 447/37/3
f 449/23/3 406/23/3 366/23/3
f 449/46/3 366/46/3 448/46/3
f 450/46/3 408/46/3 407/46/3
f 450/46/3 410/46/3 409/46/3
f 450/46/3 409/46/3 408/46/3
f 451/22/3 411/22/3 410/22/3
f 451/46/3 410/46/3 450/46/3
f 452/23/3 413/23/3 412/23/3
f 452/22/3 411/22/3 451/22/3
f 452/23/3 412/23/3 411/23/3
f 453/23/3 413/23/3 452/23/3
f 454/23/3 413/23/3 453/23/3
f 455/46/3 414/46/3 413/46/3
f 455/23/3 413/23/3 454/23/3
f 455/46/3 415/46/3 414/46/3
f 456/46/3 415/46/3 455/46/3
f 457/37/3 337/37/3 415/37/3
f 457/46/3 415/46/3 456/46/3
f 458/35/3 416/35/3 337/35/3
f 458/37/3 337/37/3 457/37/3
f 459/46/3 417/46/3 416/46/3
f 459/35/3 416/35/3 458/35/3
f 460/46/3 376/46/3 417/46/3
f 460/46/3 417/46/3 459/46/3
f 461/27/3 378/27/3 377/27/3
f 461/46/3 376/46/3 460/46/3
f 461/27/3 377/27/3 376/27/3
f 462/27/3 378/27/3 461/27/3
f 463/28/3 418/28/3 378/28/3
f 463/27/3 378/27/3 462/27/3
f 464/29/3 419/29/3 418/29/3
f 464/28/3 418/28/3 463/28/3
f 465/28/3 420/28/3 419/28/3
f 465/29/3 419/29/3 464/29/3
f 465/28/3 422/28/3 421/28/3
f 465/28/3 421/28/3 420/28/3
f 466/26/3 424/26/3 423/26/3
f 466/28/3 422/28/3 465/28/3
f 466/26/3 423/26/3 422/26/3
f 467/26/3 424/26/3 466/26/3
f 468/46/3 426/46/3 425/46/3
f 468/26/3 424/26/3 467/26/3
f 468/46/3 425/46/3 424/46/3
f 469/35/3 354/35/3 426/35/3
f 469/46/3 426/46/3 468/46/3
f 470/35/3 354/35/3 469/35/3
f 471/35/3 354/35/3 470/35/3
f 472/38/3 389/38/3 354/38/3
f 472/35/3 354/35/3 471/35/3
f 473/46/3 427/46/3 389/46/3
f 473/38/3 389/38/3 472/38/3
f 474/22/3 428/22/3 427/22/3
f 474/46/3 427/46/3 473/46/3
f 475/46/3 430/46/3 429/46/3
f 475/22/3 428/22/3 474/22/3
f 475/46/3 429/46/3 428/46/3
f 476/46/3 430/46/3 475/46/3
f 477/35/3 432/35/3 431/35/3
f 477/46/3 430/46/3 476/46/3
f 477/35/3 431/35/3 430/35/3
f 478/35/3 432/35/3 477/35/3
f 479/32/3 433/32/3 432/32/3
f 479/35/3 432/35/3 478/35/3
f 479/32/3 434/32/3 433/32/3
f 480/33/3 435/33/3 434/33/3
f 480/32/3 434/32/3 479/32/3
f 481/33/3 435/33/3 480/33/3
f 482/40/3 437/40/3 436/40/3
f 482/33/3 438/33/3 437/33/3
f 483/33/3 360/33/3 438/33/3
f 483/33/3 438/33/3 482/33/3
f 484/33/3 439/33/3 101/33/3
f 484/36/3 440/36/3 439/36/3
f 485/36/3 183/36/3 440/36/3
f 485/36/3 440/36/3 484/36/3
f 486/23/3 406/23/3 449/23/3
f 486/23/3 449/23/3 448/23/3
f 487/22/3 407/22/3 406/22/3
f 487/23/3 406/23/3 486/23/3
f 488/46/3 450/46/3 407/46/3
f 488/22/3 407/22/3 487/22/3
f 489/35/3 451/35/3 450/35/3
f 489/46/3 450/46/3 488/46/3
f 490/35/3 451/35/3 489/35/3
f 491/46/3 453/46/3 452/46/3
f 491/35/3 451/35/3 490/35/3
f 491/46/3 452/46/3 451/46/3
f 492/46/3 453/46/3 491/46/3
f 493/22/3 454/22/3 453/22/3
f 493/46/3 453/46/3 492/46/3
f 494/23/3 456/23/3 455/23/3
f 494/22/3 454/22/3 493/22/3
f 494/23/3 455/23/3 454/23/3
f 495/23/3 456/23/3 494/23/3
f 496/46/3 459/46/3 458/46/3
f 496/23/3 456/23/3 495/23/3
f 496/46/3 460/46/3 459/46/3
f 496/46/3 457/46/3 456/46/3
f 496/46/3 458/46/3 457/46/3
f 497/46/3 460/46/3 496/46/3
f 498/27/3 462/27/3 461/27/3
f 498/27/3 461/27/3 460/27/3
f 499/28/3 464/28/3 463/28/3
f 499/27/3 462/27/3 498/27/3
f 499/28/3 465/28/3 464/28/3
f 499/28/3 463/28/3 462/28/3
f 499/28/3 467/28/3 466/28/3
f 499/28/3 466/28/3 465/28/3
f 500/28/3 467/28/3 499/28/3
f 501/28/3 467/28/3 500/28/3
f 502/26/3 469/26/3 468/26/3
f 502/28/3 467/28/3 501/28/3
f 502/26/3 468/26/3 467/26/3
f 503/26/3 469/26/3 502/26/3
f 504/46/3 470/46/3 469/46/3
f 504/26/3 469/26/3 503/26/3
f 505/46/3 470/46/3 504/46/3
f 506/35/3 471/35/3 470/35/3
f 506/46/3 470/46/3 505/46/3
f 507/46/3 472/46/3 471/46/3
f 507/35/3 471/35/3 506/35/3
f 507/46/3 473/46/3 472/46/3
f 508/46/3 473/46/3 507/46/3
f 509/22/3 476/22/3 475/22/3
f 509/46/3 473/46/3 508/46/3
f 509/22/3 474/22/3 473/22/3
f 509/22/3 475/22/3 474/22/3
f 510/22/3 476/22/3 509/22/3
f 511/46/3 477/46/3 476/46/3
f 511/22/3 476/22/3 510/22/3
f 511/46/3 478/46/3 477/46/3
f 512/46/3 478/46/3 511/46/3
f 513/35/3 480/35/3 479/35/3
f 513/46/3 478/46/3 512/46/3
f 513/35/3 479/35/3 478/35/3
f 513/35/3 481/35/3 480/35/3
f 514/35/3 481/35/3 513/35/3
f 515/3/3 485/3/3 484/3/3
f 516/36/3 183/36/3 485/36/3
f 516/3/3 485/3/3 515/3/3
f 517/6/3 443/6/3 442/6/3
f 517/36/3 442/36/3 441/36/3
f 518/36/3 444/36/3 443/36/3
f 518/6/3 443/6/3 517/6/3
f 519/6/3 400/6/3 444/6/3
f 519/36/3 444/36/3 518/36/3
f 520/34/3 105/34/3 400/34/3
f 520/6/3 400/6/3 519/6/3
f 521/3/3 404/3/3 403/3/3
f 521/37/3 403/37/3 446/37/3
f 521/37/3 446/37/3 445/37/3
f 522/37/3 447/37/3 404/37/3
f 522/3/3 404/3/3 521/3/3
f 523/46/3 448/46/3 447/46/3
f 523/23/3 486/23/3 448/23/3
f 524/22/3 487/22/3 486/22/3
f 524/23/3 486/23/3 523/23/3
f 525/46/3 488/46/3 487/46/3
f 525/22/3 487/22/3 524/22/3
f 525/46/3 490/46/3 489/46/3
f 525/46/3 489/46/3 488/46/3
f 526/46/3 490/46/3 525/46/3
f 527/46/3 490/46/3 526/46/3
f 528/35/3 492/35/3 491/35/3
f 528/46/3 490/46/3 527/46/3
f 528/35/3 491/35/3 490/35/3
f 529/35/3 492/35/3 528/35/3
f 530/35/3 492/35/3 529/35/3
f 531/46/3 495/46/3 494/46/3
f 531/35/3 492/35/3 530/35/3
f 531/46/3 493/46/3 492/46/3
f 531/46/3 494/46/3 493/46/3
f 532/23/3 496/23/3 495/23/3
f 532/46/3 495/46/3 531/46/3
f 532/23/3 497/23/3 496/23/3
f 533/23/3 497/23/3 532/23/3
f 534/23/3 497/23/3 533/23/3
f 535/46/3 460/46/3 497/46/3
f 535/23/3 497/23/3 534/23/3
f 536/28/3 500/28/3 499/28/3
f 536/28/3 499/28/3 498/28/3
f 537/29/3 501/29/3 500/29/3
f 537/28/3 500/28/3 536/28/3
f 538/28/3 503/28/3 502/28/3
f 538/29/3 501/29/3 537/29/3
f 538/28/3 502/28/3 501/28/3
f 539/26/3 505/26/3 504/26/3
f 539/28/3 503/28/3 538/28/3
f 539/26/3 504/26/3 503/26/3
f 540/26/3 505/26/3 539/26/3
f 541/46/3 508/46/3 507/46/3
f 541/26/3 505/26/3 540/26/3
f 541/46/3 507/46/3 506/46/3
f 541/46/3 506/46/3 505/46/3
f 542/46/3 508/46/3 541/46/3
f 543/46/3 508/46/3 542/46/3
f 544/22/3 509/22/3 508/22/3
f 544/46/3 508/46/3 543/46/3
f 545/23/3 510/23/3 509/23/3
f 545/22/3 509/22/3 544/22/3
f 546/23/3 510/23/3 545/23/3
f 547/22/3 512/22/3 511/22/3
f 547/23/3 510/23/3 546/23/3
f 547/22/3 511/22/3 510/22/3
f 548/46/3 513/46/3 512/46/3
f 548/22/3 512/22/3 547/22/3
f 548/46/3 514/46/3 513/46/3
f 549/46/3 514/46/3 548/46/3
f 550/35/3 481/35/3 514/35/3
f 550/46/3 514/46/3 549/46/3
f 551/35/3 481/35/3 550/35/3
f 552/6/3 519/6/3 518/6/3
f 552/36/3 518/36/3 517/36/3
f 553/36/3 520/36/3 519/36/3
f 553/6/3 519/6/3 552/6/3
f 554/36/3 106/36/3 105/36/3
f 554/34/3 401/34/3 106/34/3
f 555/33/3 445/33/3 401/33/3
f 555/34/3 401/34/3 554/34/3
f 556/37/3 521/37/3 445/37/3
f 556/33/3 445/33/3 555/33/3
f 556/37/3 522/37/3 521/37/3
f 557/46/3 524/46/3 523/46/3
f 557/37/3 522/37/3 556/37/3
f 557/37/3 447/37/3 522/37/3
f 557/46/3 523/46/3 447/46/3
f 558/23/3 526/23/3 525/23/3
f 558/46/3 524/46/3 557/46/3
f 558/23/3 525/23/3 524/23/3
f 559/23/3 526/23/3 558/23/3
f 560/22/3 527/22/3 526/22/3
f 560/23/3 526/23/3 559/23/3
f 561/46/3 529/46/3 528/46/3
f 561/22/3 527/22/3 560/22/3
f 561/46/3 528/46/3 527/46/3
f 562/46/3 529/46/3 561/46/3
f 563/35/3 530/35/3 529/35/3
f 563/46/3 529/46/3 562/46/3
f 564/46/3 531/46/3 530/46/3
f 564/35/3 530/35/3 563/35/3
f 564/46/3 532/46/3 531/46/3
f 564/46/3 533/46/3 532/46/3
f 565/46/3 533/46/3 564/46/3
f 566/23/3 534/23/3 533/23/3
f 566/46/3 533/46/3 565/46/3
f 567/46/3 535/46/3 534/46/3
f 567/23/3 534/23/3 566/23/3
f 568/46/3 535/46/3 567/46/3
f 569/46/3 460/46/3 535/46/3
f 569/46/3 535/46/3 568/46/3
f 570/27/3 498/27/3 460/27/3
f 570/46/3 460/46/3 569/46/3
f 571/28/3 536/28/3 498/28/3
f 571/27/3 498/27/3 570/27/3
f 572/29/3 537/29/3 536/29/3
f 572/28/3 536/28/3 571/28/3
f 573/28/3 540/28/3 539/28/3
f 573/29/3 537/29/3 572/29/3
f 573/28/3 538/28/3 537/28/3
f 573/28/3 539/28/3 538/28/3
f 574/26/3 541/26/3 540/26/3
f 574/28/3 540/28/3 573/28/3
f 574/26/3 542/26/3 541/26/3
f 575/46/3 543/46/3 542/46/3
f 575/26/3 542/26/3 574/26/3
f 576/22/3 544/22/3 543/22/3
f 576/46/3 543/46/3 575/46/3
f 577/22/3 544/22/3 576/22/3
f 578/46/3 546/46/3 545/46/3
f 578/46/3 545/46/3 544/46/3
f 579/23/3 547/23/3 546/23/3
f 579/46/3 546/46/3 578/46/3
f 579/23/3 548/23/3 547/23/3
f 580/23/3 548/23/3 579/23/3
f 581/22/3 549/22/3 548/22/3
f 581/23/3 548/23/3 580/23/3
f 582/46/3 551/46/3 550/46/3
f 582/22/3 549/22/3 581/22/3
f 582/46/3 550/46/3 549/46/3
f 583/46/3 551/46/3 582/46/3
f 584/35/3 481/35/3 551/35/3
f 584/46/3 551/46/3 583/46/3
f 585/35/3 481/35/3 584/35/3
f 586/33/3 435/33/3 481/33/3
f 586/35/3 481/35/3 585/35/3
f 587/31/3 436/31/3 435/31/3
f 587/33/3 435/33/3 586/33/3
f 588/33/3 360/33/3 483/33/3
f 588/32/3 483/32/3 482/32/3
f 589/33/3 360/33/3 588/33/3
f 590/31/3 361/31/3 360/31/3
f 590/33/3 360/33/3 589/33/3
f 591/35/3 252/35/3 361/35/3
f 591/31/3 361/31/3 590/31/3
f 592/33/3 484/33/3 101/33/3
f 592/3/3 515/3/3 484/3/3
f 593/36/3 516/36/3 515/36/3
f 593/3/3 515/3/3 592/3/3
f 594/36/3 552/36/3 517/36/3
f 594/36/3 517/36/3 441/36/3
f 594/36/3 553/36/3 552/36/3
f 595/36/3 520/36/3 553/36/3
f 595/36/3 553/36/3 594/36/3
f 596/33/3 555/33/3 554/33/3
f 596/37/3 556/37/3 555/37/3
f 596/37/3 558/37/3 557/37/3
f 596/37/3 557/37/3 556/37/3
f 597/37/3 558/37/3 596/37/3
f 598/46/3 559/46/3 558/46/3
f 598/23/3 562/23/3 561/23/3
f 598/23/3 560/23/3 559/23/3
f 598/23/3 561/23/3 560/23/3
f 599/23/3 562/23/3 598/23/3
f 600/46/3 564/46/3 563/46/3
f 600/46/3 563/46/3 562/46/3
f 601/23/3 565/23/3 564/23/3
f 601/46/3 564/46/3 600/46/3
f 602/23/3 565/23/3 601/23/3
f 603/23/3 565/23/3 602/23/3
f 604/46/3 567/46/3 566/46/3
f 604/23/3 565/23/3 603/23/3
f 604/46/3 568/46/3 567/46/3
f 604/46/3 566/46/3 565/46/3
f 605/23/3 569/23/3 568/23/3
f 605/46/3 568/46/3 604/46/3
f 606/46/3 570/46/3 569/46/3
f 607/29/3 572/29/3 571/29/3
f 607/46/3 570/46/3 606/46/3
f 607/29/3 574/29/3 573/29/3
f 607/29/3 573/29/3 572/29/3
f 607/29/3 571/29/3 570/29/3
f 607/29/3 575/29/3 574/29/3
f 608/29/3 575/29/3 607/29/3
f 609/29/3 575/29/3 608/29/3
f 610/29/3 575/29/3 609/29/3
f 611/29/3 575/29/3 610/29/3
f 612/46/3 577/46/3 576/46/3
f 612/29/3 575/29/3 611/29/3
f 612/46/3 576/46/3 575/46/3
f 613/46/3 577/46/3 612/46/3
f 614/22/3 544/22/3 577/22/3
f 614/46/3 577/46/3 613/46/3
f 615/46/3 578/46/3 544/46/3
f 615/22/3 544/22/3 614/22/3
f 616/46/3 580/46/3 579/46/3
f 616/35/3 579/35/3 578/35/3
f 617/23/3 581/23/3 580/23/3
f 617/46/3 580/46/3 616/46/3
f 617/23/3 582/23/3 581/23/3
f 618/23/3 582/23/3 617/23/3
f 619/22/3 583/22/3 582/22/3
f 619/23/3 582/23/3 618/23/3
f 620/46/3 584/46/3 583/46/3
f 620/22/3 583/22/3 619/22/3
f 620/46/3 585/46/3 584/46/3
f 621/46/3 585/46/3 620/46/3
f 622/35/3 586/35/3 585/35/3
f 622/46/3 585/46/3 621/46/3
f 622/35/3 587/35/3 586/35/3
f 623/35/3 587/35/3 622/35/3
f 624/31/3 436/31/3 587/31/3
f 624/35/3 587/35/3 623/35/3
f 625/40/3 482/40/3 436/40/3
f 625/31/3 436/31/3 624/31/3
f 626/32/3 588/32/3 482/32/3
f 626/40/3 482/40/3 625/40/3
f 627/35/3 589/35/3 588/35/3
f 627/32/3 588/32/3 626/32/3
f 628/33/3 590/33/3 589/33/3
f 628/35/3 589/35/3 627/35/3
f 629/35/3 591/35/3 590/35/3
f 629/33/3 590/33/3 628/33/3
f 630/33/3 592/33/3 101/33/3
f 630/36/3 593/36/3 592/36/3
f 631/36/3 183/36/3 516/36/3
f 631/36/3 593/36/3 630/36/3
f 631/36/3 516/36/3 593/36/3
f 632/36/3 594/36/3 441/36/3
f 632/36/3 441/36/3 184/36/3
f 633/6/3 595/6/3 594/6/3
f 633/36/3 594/36/3 632/36/3
f 634/36/3 520/36/3 595/36/3
f 634/6/3 595/6/3 633/6/3
f 635/34/3 105/34/3 520/34/3
f 635/36/3 520/36/3 634/36/3
f 636/3/3 597/3/3 596/3/3
f 636/33/3 596/33/3 554/33/3
f 637/3/3 597/3/3 636/3/3
f 638/3/3 597/3/3 637/3/3
f 639/37/3 558/37/3 597/37/3
f 639/3/3 597/3/3 638/3/3
f 640/46/3 599/46/3 598/46/3
f 640/37/3 558/37/3 639/37/3
f 640/46/3 598/46/3 558/46/3
f 641/46/3 599/46/3 640/46/3
f 642/23/3 562/23/3 599/23/3
f 642/46/3 599/46/3 641/46/3
f 643/46/3 600/46/3 562/46/3
f 643/23/3 562/23/3 642/23/3
f 644/46/3 600/46/3 643/46/3
f 645/23/3 602/23/3 601/23/3
f 645/46/3 600/46/3 644/46/3
f 645/23/3 601/23/3 600/23/3
f 646/22/3 603/22/3 602/22/3
f 646/23/3 602/23/3 645/23/3
f 647/22/3 603/22/3 646/22/3
f 648/46/3 604/46/3 603/46/3
f 648/22/3 603/22/3 647/22/3
f 649/46/3 604/46/3 648/46/3
f 650/23/3 605/23/3 604/23/3
f 650/46/3 604/46/3 649/46/3
f 651/23/3 605/23/3 650/23/3
f 652/46/3 606/46/3 569/46/3
f 652/23/3 605/23/3 651/23/3
f 652/23/3 569/23/3 605/23/3
f 653/26/3 610/26/3 609/26/3
f 654/29/3 611/29/3 610/29/3
f 654/26/3 610/26/3 653/26/3
f 655/26/3 613/26/3 612/26/3
f 655/29/3 611/29/3 654/29/3
f 655/26/3 612/26/3 611/26/3
f 656/26/3 613/26/3 655/26/3
f 657/46/3 614/46/3 613/46/3
f 657/26/3 613/26/3 656/26/3
f 657/46/3 615/46/3 614/46/3
f 658/46/3 615/46/3 657/46/3
f 659/35/3 616/35/3 578/35/3
f 659/46/3 615/46/3 658/46/3
f 659/46/3 578/46/3 615/46/3
f 659/35/3 617/35/3 616/35/3
f 660/35/3 617/35/3 659/35/3
f 661/46/3 618/46/3 617/46/3
f 661/35/3 617/35/3 660/35/3
f 662/23/3 620/23/3 619/23/3
f 662/46/3 618/46/3 661/46/3
f 662/23/3 619/23/3 618/23/3
f 663/23/3 620/23/3 662/23/3
f 664/22/3 621/22/3 620/22/3
f 664/23/3 620/23/3 663/23/3
f 665/46/3 623/46/3 622/46/3
f 665/22/3 621/22/3 664/22/3
f 665/46/3 622/46/3 621/46/3
f 666/46/3 623/46/3 665/46/3
f 667/35/3 626/35/3 625/35/3
f 667/46/3 623/46/3 666/46/3
f 667/35/3 624/35/3 623/35/3
f 667/35/3 625/35/3 624/35/3
f 668/35/3 626/35/3 667/35/3
f 669/33/3 627/33/3 626/33/3
f 669/35/3 626/35/3 668/35/3
f 670/35/3 628/35/3 627/35/3
f 670/33/3 627/33/3 669/33/3
f 670/35/3 629/35/3 628/35/3
f 671/3/3 631/3/3 630/3/3
f 672/36/3 183/36/3 631/36/3
f 672/3/3 631/3/3 671/3/3
f 673/35/3 641/35/3 640/35/3
f 673/37/3 639/37/3 638/37/3
f 673/37/3 640/37/3 639/37/3
f 674/35/3 641/35/3 673/35/3
f 675/46/3 642/46/3 641/46/3
f 675/35/3 641/35/3 674/35/3
f 675/46/3 644/46/3 643/46/3
f 675/46/3 643/46/3 642/46/3
f 676/46/3 644/46/3 675/46/3
f 677/46/3 644/46/3 676/46/3
f 678/23/3 645/23/3 644/23/3
f 678/46/3 644/46/3 677/46/3
f 679/22/3 647/22/3 646/22/3
f 679/23/3 645/23/3 678/23/3
f 679/22/3 646/22/3 645/22/3
f 680/46/3 649/46/3 648/46/3
f 680/22/3 647/22/3 679/22/3
f 680/46/3 648/46/3 647/46/3
f 681/46/3 649/46/3 680/46/3
f 682/23/3 651/23/3 650/23/3
f 682/46/3 649/46/3 681/46/3
f 682/23/3 650/23/3 649/23/3
f 683/23/3 651/23/3 682/23/3
f 684/46/3 652/46/3 651/46/3
f 684/23/3 651/23/3 683/23/3
f 685/46/3 652/46/3 684/46/3
f 686/46/3 606/46/3 652/46/3
f 686/46/3 652/46/3 685/46/3
f 687/26/3 653/26/3 609/26/3
f 688/27/3 654/27/3 653/27/3
f 688/26/3 653/26/3 687/26/3
f 688/27/3 656/27/3 655/27/3
f 688/27/3 655/27/3 654/27/3
f 689/26/3 658/26/3 657/26/3
f 689/27/3 656/27/3 688/27/3
f 689/26/3 657/26/3 656/26/3
f 690/26/3 658/26/3 689/26/3
f 691/46/3 660/46/3 659/46/3
f 691/46/3 659/46/3 658/46/3
f 692/46/3 660/46/3 691/46/3
f 693/35/3 661/35/3 660/35/3
f 693/46/3 660/46/3 692/46/3
f 693/35/3 662/35/3 661/35/3
f 694/35/3 662/35/3 693/35/3
f 695/46/3 663/46/3 662/46/3
f 695/35/3 662/35/3 694/35/3
f 696/23/3 666/23/3 665/23/3
f 696/46/3 663/46/3 695/46/3
f 696/23/3 664/23/3 663/23/3
f 696/23/3 665/23/3 664/23/3
f 697/23/3 666/23/3 696/23/3
f 698/46/3 668/46/3 667/46/3
f 698/23/3 666/23/3 697/23/3
f 698/46/3 667/46/3 666/46/3
f 699/46/3 668/46/3 698/46/3
f 700/35/3 669/35/3 668/35/3
f 700/46/3 668/46/3 699/46/3
f 700/35/3 670/35/3 669/35/3
f 701/35/3 629/35/3 670/35/3
f 701/35/3 670/35/3 700/35/3
f 702/36/3 634/36/3 633/36/3
f 703/36/3 634/36/3 702/36/3
f 704/34/3 105/34/3 635/34/3
f 704/6/3 635/6/3 634/6/3
f 705/36/3 554/36/3 105/36/3
f 705/34/3 105/34/3 704/34/3
f 706/37/3 637/37/3 636/37/3
f 706/33/3 636/33/3 554/33/3
f 707/3/3 638/3/3 637/3/3
f 707/37/3 637/37/3 706/37/3
f 708/37/3 674/37/3 673/37/3
f 708/3/3 638/3/3 707/3/3
f 708/37/3 673/37/3 638/37/3
f 709/37/3 674/37/3 708/37/3
f 710/35/3 675/35/3 674/35/3
f 710/37/3 674/37/3 709/37/3
f 710/35/3 676/35/3 675/35/3
f 711/46/3 677/46/3 676/46/3
f 711/35/3 676/35/3 710/35/3
f 712/23/3 678/23/3 677/23/3
f 712/22/3 679/22/3 678/22/3
f 713/46/3 681/46/3 680/46/3
f 713/22/3 679/22/3 712/22/3
f 713/46/3 680/46/3 679/46/3
f 714/46/3 681/46/3 713/46/3
f 715/46/3 681/46/3 714/46/3
f 716/23/3 683/23/3 682/23/3
f 716/46/3 681/46/3 715/46/3
f 716/23/3 682/23/3 681/23/3
f 717/23/3 683/23/3 716/23/3
f 718/46/3 685/46/3 684/46/3
f 718/23/3 683/23/3 717/23/3
f 718/46/3 684/46/3 683/46/3
f 719/46/3 685/46/3 718/46/3
f 720/35/3 686/35/3 685/35/3
f 720/46/3 685/46/3 719/46/3
f 721/35/3 686/35/3 720/35/3
f 722/46/3 606/46/3 686/46/3
f 722/35/3 686/35/3 721/35/3
f 723/26/3 687/26/3 609/26/3
f 724/27/3 690/27/3 689/27/3
f 724/26/3 687/26/3 723/26/3
f 724/27/3 688/27/3 687/27/3
f 724/27/3 689/27/3 688/27/3
f 725/46/3 694/46/3 693/46/3
f 725/46/3 693/46/3 692/46/3
f 725/26/3 692/26/3 691/26/3
f 726/46/3 694/46/3 725/46/3
f 727/35/3 695/35/3 694/35/3
f 727/46/3 694/46/3 726/46/3
f 727/35/3 696/35/3 695/35/3
f 728/35/3 696/35/3 727/35/3
f 729/46/3 697/46/3 696/46/3
f 729/35/3 696/35/3 728/35/3
f 730/46/3 697/46/3 729/46/3
f 731/23/3 699/23/3 698/23/3
f 731/46/3 697/46/3 730/46/3
f 731/23/3 698/23/3 697/23/3
f 732/23/3 699/23/3 731/23/3
f 733/46/3 700/46/3 699/46/3
f 733/23/3 699/23/3 732/23/3
f 733/46/3 701/46/3 700/46/3
f 734/46/3 701/46/3 733/46/3
f 735/46/3 701/46/3 734/46/3
f 736/35/3 629/35/3 701/35/3
f 736/46/3 701/46/3 735/46/3
f 737/35/3 252/35/3 591/35/3
f 737/35/3 629/35/3 736/35/3
f 737/35/3 591/35/3 629/35/3
f 738/3/3 671/3/3 630/3/3
f 738/33/3 630/33/3 101/33/3
f 739/36/3 672/36/3 671/36/3
f 739/3/3 671/3/3 738/3/3
f 740/33/3 706/33/3 554/33/3
f 740/3/3 707/3/3 706/3/3
f 740/3/3 709/3/3 708/3/3
f 740/3/3 708/3/3 707/3/3
f 741/3/3 709/3/3 740/3/3
f 742/37/3 710/37/3 709/37/3
f 742/3/3 709/3/3 741/3/3
f 742/37/3 711/37/3 710/37/3
f 743/23/3 712/23/3 677/23/3
f 743/21/3 713/21/3 712/21/3
f 744/46/3 714/46/3 713/46/3
f 744/21/3 713/21/3 743/21/3
f 745/35/3 715/35/3 714/35/3
f 745/46/3 714/46/3 744/46/3
f 746/35/3 715/35/3 745/35/3
f 747/46/3 716/46/3 715/46/3
f 748/22/3 717/22/3 716/22/3
f 748/46/3 716/46/3 747/46/3
f 749/46/3 718/46/3 717/46/3
f 749/46/3 719/46/3 718/46/3
f 750/35/3 721/35/3 720/35/3
f 750/46/3 719/46/3 749/46/3
f 750/35/3 720/35/3 719/35/3
f 751/46/3 606/46/3 722/46/3
f 751/46/3 722/46/3 721/46/3
f 752/27/3 607/27/3 606/27/3
f 752/46/3 606/46/3 751/46/3
f 753/26/3 658/26/3 690/26/3
f 753/46/3 691/46/3 658/46/3
f 754/26/3 726/26/3 725/26/3
f 754/46/3 691/46/3 753/46/3
f 754/26/3 725/26/3 691/26/3
f 755/26/3 726/26/3 754/26/3
f 756/26/3 726/26/3 755/26/3
f 757/46/3 728/46/3 727/46/3
f 757/26/3 726/26/3 756/26/3
f 757/46/3 727/46/3 726/46/3
f 758/46/3 728/46/3 757/46/3
f 759/35/3 730/35/3 729/35/3
f 759/35/3 729/35/3 728/35/3
f 760/46/3 732/46/3 731/46/3
f 760/35/3 730/35/3 759/35/3
f 760/46/3 731/46/3 730/46/3
f 761/23/3 734/23/3 733/23/3
f 761/46/3 732/46/3 760/46/3
f 761/23/3 733/23/3 732/23/3
f 762/23/3 734/23/3 761/23/3
f 763/23/3 734/23/3 762/23/3
f 764/22/3 735/22/3 734/22/3
f 764/23/3 734/23/3 763/23/3
f 765/46/3 736/46/3 735/46/3
f 765/22/3 735/22/3 764/22/3
f 765/46/3 737/46/3 736/46/3
f 766/35/3 252/35/3 737/35/3
f 766/46/3 737/46/3 765/46/3
f 767/33/3 102/33/3 252/33/3
f 767/35/3 252/35/3 766/35/3
f 768/33/3 738/33/3 101/33/3
f 768/36/3 739/36/3 738/36/3
f 769/36/3 183/36/3 672/36/3
f 769/36/3 739/36/3 768/36/3
f 769/36/3 672/36/3 739/36/3
f 770/6/3 633/6/3 632/6/3
f 770/36/3 632/36/3 184/36/3
f 771/36/3 702/36/3 633/36/3
f 771/6/3 633/6/3 770/6/3
f 772/6/3 703/6/3 702/6/3
f 772/36/3 702/36/3 771/36/3
f 773/36/3 634/36/3 703/36/3
f 774/6/3 704/6/3 634/6/3
f 774/36/3 634/36/3 773/36/3
f 775/33/3 705/33/3 704/33/3
f 775/6/3 704/6/3 774/6/3
f 776/22/3 744/22/3 743/22/3
f 776/46/3 746/46/3 745/46/3
f 776/46/3 745/46/3 744/46/3
f 777/46/3 746/46/3 776/46/3
f 778/35/3 715/35/3 746/35/3
f 778/46/3 746/46/3 777/46/3
f 779/46/3 747/46/3 715/46/3
f 779/35/3 715/35/3 778/35/3
f 780/22/3 748/22/3 747/22/3
f 780/46/3 747/46/3 779/46/3
f 781/22/3 717/22/3 748/22/3
f 781/22/3 748/22/3 780/22/3
f 782/46/3 749/46/3 717/46/3
f 782/22/3 717/22/3 781/22/3
f 783/35/3 721/35/3 750/35/3
f 783/35/3 750/35/3 749/35/3
f 784/46/3 751/46/3 721/46/3
f 784/35/3 721/35/3 783/35/3
f 785/27/3 690/27/3 724/27/3
f 785/27/3 724/27/3 723/27/3
f 786/27/3 690/27/3 785/27/3
f 787/27/3 756/27/3 755/27/3
f 787/46/3 755/46/3 754/46/3
f 788/26/3 757/26/3 756/26/3
f 788/27/3 756/27/3 787/27/3
f 788/26/3 758/26/3 757/26/3
f 789/26/3 758/26/3 788/26/3
f 790/35/3 759/35/3 728/35/3
f 790/46/3 728/46/3 758/46/3
f 791/46/3 761/46/3 760/46/3
f 791/35/3 759/35/3 790/35/3
f 791/46/3 762/46/3 761/46/3
f 791/46/3 760/46/3 759/46/3
f 792/46/3 762/46/3 791/46/3
f 793/46/3 762/46/3 792/46/3
f 794/23/3 763/23/3 762/23/3
f 794/46/3 762/46/3 793/46/3
f 795/46/3 765/46/3 764/46/3
f 795/23/3 763/23/3 794/23/3
f 795/46/3 764/46/3 763/46/3
f 795/46/3 767/46/3 766/46/3
f 795/46/3 766/46/3 765/46/3
f 796/46/3 767/46/3 795/46/3
f 797/46/3 767/46/3 796/46/3
f 798/46/3 767/46/3 797/46/3
f 799/46/3 767/46/3 798/46/3
f 800/33/3 102/33/3 767/33/3
f 800/46/3 767/46/3 799/46/3
f 801/33/3 768/33/3 101/33/3
f 801/3/3 769/3/3 768/3/3
f 802/36/3 183/36/3 769/36/3
f 802/3/3 769/3/3 801/3/3
f 803/36/3 771/36/3 770/36/3
f 803/6/3 772/6/3 771/6/3
f 804/6/3 703/6/3 772/6/3
f 804/6/3 772/6/3 803/6/3
f 804/36/3 773/36/3 703/36/3
f 805/6/3 774/6/3 773/6/3
f 805/36/3 773/36/3 804/36/3
f 806/33/3 775/33/3 774/33/3
f 806/6/3 774/6/3 805/6/3
f 807/33/3 741/33/3 740/33/3
f 807/33/3 740/33/3 554/33/3
f 808/37/3 742/37/3 741/37/3
f 808/33/3 741/33/3 807/33/3
f 809/37/3 711/37/3 742/37/3
f 809/37/3 742/37/3 808/37/3
f 810/37/3 711/37/3 809/37/3
f 811/46/3 677/46/3 711/46/3
f 811/37/3 711/37/3 810/37/3
f 812/23/3 743/23/3 677/23/3
f 812/46/3 677/46/3 811/46/3
f 813/22/3 776/22/3 743/22/3
f 813/23/3 743/23/3 812/23/3
f 813/22/3 777/22/3 776/22/3
f 814/22/3 777/22/3 813/22/3
f 815/46/3 780/46/3 779/46/3
f 815/22/3 777/22/3 814/22/3
f 815/46/3 779/46/3 778/46/3
f 815/46/3 778/46/3 777/46/3
f 816/46/3 780/46/3 815/46/3
f 817/46/3 749/46/3 782/46/3
f 817/46/3 782/46/3 781/46/3
f 818/35/3 783/35/3 749/35/3
f 818/46/3 749/46/3 817/46/3
f 819/46/3 751/46/3 784/46/3
f 819/46/3 784/46/3 783/46/3
f 820/27/3 752/27/3 751/27/3
f 820/46/3 751/46/3 819/46/3
f 821/26/3 723/26/3 609/26/3
f 821/27/3 785/27/3 723/27/3
f 822/26/3 786/26/3 785/26/3
f 822/27/3 785/27/3 821/27/3
f 823/27/3 690/27/3 786/27/3
f 823/26/3 786/26/3 822/26/3
f 824/26/3 753/26/3 690/26/3
f 824/27/3 690/27/3 823/27/3
f 824/26/3 754/26/3 753/26/3
f 825/26/3 754/26/3 824/26/3
f 826/29/3 788/29/3 787/29/3
f 826/46/3 787/46/3 754/46/3
f 826/29/3 789/29/3 788/29/3
f 827/26/3 758/26/3 789/26/3
f 827/29/3 789/29/3 826/29/3
f 828/46/3 792/46/3 791/46/3
f 828/26/3 758/26/3 827/26/3
f 828/46/3 790/46/3 758/46/3
f 828/46/3 791/46/3 790/46/3
f 829/46/3 792/46/3 828/46/3
f 830/46/3 794/46/3 793/46/3
f 830/46/3 795/46/3 794/46/3
f 831/46/3 795/46/3 830/46/3
f 832/46/3 795/46/3 831/46/3
f 833/23/3 796/23/3 795/23/3
f 833/46/3 795/46/3 832/46/3
f 834/33/3 801/33/3 101/33/3
f 834/36/3 802/36/3 801/36/3
f 835/36/3 802/36/3 834/36/3
f 836/36/3 803/36/3 770/36/3
f 836/36/3 806/36/3 805/36/3
f 836/36/3 770/36/3 184/36/3
f 836/36/3 805/36/3 804/36/3
f 836/36/3 804/36/3 803/36/3
f 837/33/3 775/33/3 806/33/3
f 837/36/3 806/36/3 836/36/3
f 838/33/3 705/33/3 775/33/3
f 838/33/3 775/33/3 837/33/3
f 839/3/3 808/3/3 807/3/3
f 839/33/3 807/33/3 554/33/3
f 839/3/3 809/3/3 808/3/3
f 840/3/3 809/3/3 839/3/3
f 841/3/3 809/3/3 840/3/3
f 842/3/3 809/3/3 841/3/3
f 843/23/3 814/23/3 813/23/3
f 843/46/3 813/46/3 812/46/3
f 844/22/3 816/22/3 815/22/3
f 844/23/3 814/23/3 843/23/3
f 844/22/3 815/22/3 814/22/3
f 845/22/3 816/22/3 844/22/3
f 846/46/3 780/46/3 816/46/3
f 846/22/3 816/22/3 845/22/3
f 847/46/3 780/46/3 846/46/3
f 848/21/3 781/21/3 780/21/3
f 848/46/3 780/46/3 847/46/3
f 849/46/3 817/46/3 781/46/3
f 849/21/3 781/21/3 848/21/3
f 850/26/3 821/26/3 609/26/3
f 850/29/3 609/29/3 608/29/3
f 851/25/3 822/25/3 821/25/3
f 851/26/3 821/26/3 850/26/3
f 851/25/3 823/25/3 822/25/3
f 851/25/3 825/25/3 824/25/3
f 851/25/3 824/25/3 823/25/3
f 852/26/3 754/26/3 825/26/3
f 852/25/3 825/25/3 851/25/3
f 853/46/3 826/46/3 754/46/3
f 853/26/3 754/26/3 852/26/3
f 854/27/3 827/27/3 826/27/3
f 854/26/3 829/26/3 828/26/3
f 854/27/3 828/27/3 827/27/3
f 855/26/3 829/26/3 854/26/3
f 856/23/3 793/23/3 792/23/3
f 857/46/3 830/46/3 793/46/3
f 857/23/3 793/23/3 856/23/3
f 858/46/3 830/46/3 857/46/3
f 859/23/3 831/23/3 830/23/3
f 859/46/3 830/46/3 858/46/3
f 860/23/3 833/23/3 832/23/3
f 861/23/3 796/23/3 833/23/3
f 861/23/3 833/23/3 860/23/3
f 861/46/3 797/46/3 796/46/3
f 862/23/3 798/23/3 797/23/3
f 863/46/3 799/46/3 798/46/3
f 863/23/3 798/23/3 862/23/3
f 864/3/3 835/3/3 834/3/3
f 864/33/3 834/33/3 101/33/3
f 865/3/3 835/3/3 864/3/3
f 866/3/3 835/3/3 865/3/3
f 867/36/3 802/36/3 835/36/3
f 867/3/3 835/3/3 866/3/3
f 868/36/3 183/36/3 802/36/3
f 868/36/3 802/36/3 867/36/3
f 869/36/3 836/36/3 184/36/3
f 869/6/3 837/6/3 836/6/3
f 869/6/3 838/6/3 837/6/3
f 870/6/3 838/6/3 869/6/3
f 871/6/3 838/6/3 870/6/3
f 872/6/3 838/6/3 871/6/3
f 873/37/3 840/37/3 839/37/3
f 873/33/3 839/33/3 554/33/3
f 874/37/3 840/37/3 873/37/3
f 875/37/3 840/37/3 874/37/3
f 876/35/3 810/35/3 809/35/3
f 876/37/3 811/37/3 810/37/3
f 877/37/3 811/37/3 876/37/3
f 878/46/3 845/46/3 844/46/3
f 878/46/3 843/46/3 812/46/3
f 878/46/3 844/46/3 843/46/3
f 878/35/3 812/35/3 811/35/3
f 879/46/3 845/46/3 878/46/3
f 880/21/3 846/21/3 845/21/3
f 880/46/3 845/46/3 879/46/3
f 881/46/3 847/46/3 846/46/3
f 881/21/3 846/21/3 880/21/3
f 882/23/3 848/23/3 847/23/3
f 882/46/3 847/46/3 881/46/3
f 883/22/3 849/22/3 848/22/3
f 883/23/3 848/23/3 882/23/3
f 884/46/3 817/46/3 849/46/3
f 884/22/3 849/22/3 883/22/3
f 885/35/3 818/35/3 817/35/3
f 885/46/3 817/46/3 884/46/3
f 886/35/3 783/35/3 818/35/3
f 886/35/3 818/35/3 885/35/3
f 887/27/3 820/27/3 819/27/3
f 887/46/3 819/46/3 783/46/3
f 888/27/3 607/27/3 752/27/3
f 888/27/3 820/27/3 887/27/3
f 888/27/3 752/27/3 820/27/3
f 888/28/3 608/28/3 607/28/3
f 889/29/3 850/29/3 608/29/3
f 889/28/3 608/28/3 888/28/3
f 890/46/3 792/46/3 829/46/3
f 890/23/3 856/23/3 792/23/3
f 891/46/3 858/46/3 857/46/3
f 891/23/3 856/23/3 890/23/3
f 891/46/3 857/46/3 856/46/3
f 892/46/3 858/46/3 891/46/3
f 893/46/3 858/46/3 892/46/3
f 894/46/3 858/46/3 893/46/3
f 895/23/3 859/23/3 858/23/3
f 895/46/3 858/46/3 894/46/3
f 896/23/3 831/23/3 859/23/3
f 896/23/3 859/23/3 895/23/3
f 897/46/3 832/46/3 831/46/3
f 897/23/3 831/23/3 896/23/3
f 898/37/3 840/37/3 875/37/3
f 898/35/3 875/35/3 874/35/3
f 899/37/3 840/37/3 898/37/3
f 900/3/3 841/3/3 840/3/3
f 900/37/3 840/37/3 899/37/3
f 901/37/3 842/37/3 841/37/3
f 901/3/3 841/3/3 900/3/3
f 902/3/3 809/3/3 842/3/3
f 902/37/3 842/37/3 901/37/3
f 903/35/3 877/35/3 876/35/3
f 903/3/3 809/3/3 902/3/3
f 903/35/3 876/35/3 809/35/3
f 904/35/3 877/35/3 903/35/3
f 905/35/3 877/35/3 904/35/3
f 906/37/3 811/37/3 877/37/3
f 906/35/3 877/35/3 905/35/3
f 907/35/3 879/35/3 878/35/3
f 907/37/3 811/37/3 906/37/3
f 907/35/3 878/35/3 811/35/3
f 908/46/3 880/46/3 879/46/3
f 908/23/3 881/23/3 880/23/3
f 909/46/3 883/46/3 882/46/3
f 909/23/3 881/23/3 908/23/3
f 909/46/3 882/46/3 881/46/3
f 910/46/3 883/46/3 909/46/3
f 911/46/3 885/46/3 884/46/3
f 911/23/3 884/23/3 883/23/3
f 911/46/3 886/46/3 885/46/3
f 912/46/3 886/46/3 911/46/3
f 913/29/3 888/29/3 887/29/3
f 913/46/3 887/46/3 783/46/3
f 913/29/3 889/29/3 888/29/3
f 914/29/3 889/29/3 913/29/3
f 915/29/3 889/29/3 914/29/3
f 916/29/3 850/29/3 889/29/3
f 916/29/3 889/29/3 915/29/3
f 917/25/3 852/25/3 851/25/3
f 917/25/3 851/25/3 850/25/3
f 918/25/3 852/25/3 917/25/3
f 919/27/3 854/27/3 826/27/3
f 919/27/3 855/27/3 854/27/3
f 920/26/3 829/26/3 855/26/3
f 920/27/3 855/27/3 919/27/3
f 921/46/3 890/46/3 829/46/3
f 921/26/3 829/26/3 920/26/3
f 921/46/3 891/46/3 890/46/3
f 921/46/3 892/46/3 891/46/3
f 922/46/3 892/46/3 921/46/3
f 923/23/3 893/23/3 892/23/3
f 923/46/3 892/46/3 922/46/3
f 924/46/3 894/46/3 893/46/3
f 924/22/3 895/22/3 894/22/3
f 925/23/3 896/23/3 895/23/3
f 925/22/3 895/22/3 924/22/3
f 926/22/3 897/22/3 896/22/3
f 926/23/3 896/23/3 925/23/3
f 927/23/3 862/23/3 797/23/3
f 928/22/3 863/22/3 862/22/3
f 928/23/3 862/23/3 927/23/3
f 929/23/3 800/23/3 799/23/3
f 929/46/3 799/46/3 863/46/3
f 930/33/3 102/33/3 800/33/3
f 930/23/3 800/23/3 929/23/3
f 931/36/3 865/36/3 864/36/3
f 931/33/3 864/33/3 101/33/3
f 932/3/3 866/3/3 865/3/3
f 932/36/3 865/36/3 931/36/3
f 933/36/3 867/36/3 866/36/3
f 933/3/3 866/3/3 932/3/3
f 934/3/3 868/3/3 867/3/3
f 934/36/3 867/36/3 933/36/3
f 935/36/3 183/36/3 868/36/3
f 935/3/3 868/3/3 934/3/3
f 936/36/3 870/36/3 869/36/3
f 937/6/3 871/6/3 870/6/3
f 937/36/3 870/36/3 936/36/3
f 938/33/3 874/33/3 873/33/3
f 938/33/3 873/33/3 554/33/3
f 939/35/3 898/35/3 874/35/3
f 939/33/3 874/33/3 938/33/3
f 939/35/3 899/35/3 898/35/3
f 940/37/3 901/37/3 900/37/3
f 940/3/3 902/3/3 901/3/3
f 940/37/3 900/37/3 899/37/3
f 941/37/3 903/37/3 902/37/3
f 941/3/3 902/3/3 940/3/3
f 942/35/3 904/35/3 903/35/3
f 942/37/3 903/37/3 941/37/3
f 943/37/3 905/37/3 904/37/3
f 943/35/3 904/35/3 942/35/3
f 944/35/3 906/35/3 905/35/3
f 944/35/3 879/35/3 907/35/3
f 944/46/3 909/46/3 908/46/3
f 944/46/3 908/46/3 879/46/3
f 944/35/3 907/35/3 906/35/3
f 945/46/3 909/46/3 944/46/3
f 946/23/3 910/23/3 909/23/3
f 946/46/3 909/46/3 945/46/3
f 947/46/3 883/46/3 910/46/3
f 947/23/3 910/23/3 946/23/3
f 948/22/3 912/22/3 911/22/3
f 948/23/3 911/23/3 883/23/3
f 949/46/3 886/46/3 912/46/3
f 949/22/3 912/22/3 948/22/3
f 950/35/3 783/35/3 886/35/3
f 950/46/3 886/46/3 949/46/3
f 951/35/3 783/35/3 950/35/3
f 952/25/3 917/25/3 850/25/3
f 953/24/3 918/24/3 917/24/3
f 953/25/3 917/25/3 952/25/3
f 954/25/3 852/25/3 918/25/3
f 954/24/3 918/24/3 953/24/3
f 955/46/3 922/46/3 921/46/3
f 956/22/3 923/22/3 922/22/3
f 956/46/3 922/46/3 955/46/3
f 957/23/3 893/23/3 923/23/3
f 957/22/3 923/22/3 956/22/3
f 958/23/3 927/23/3 797/23/3
f 958/46/3 797/46/3 861/46/3
f 959/22/3 928/22/3 927/22/3
f 959/23/3 927/23/3 958/23/3
f 960/3/3 934/3/3 933/3/3
f 960/33/3 931/33/3 101/33/3
f 960/3/3 932/3/3 931/3/3
f 960/3/3 933/3/3 932/3/3
f 961/36/3 935/36/3 934/36/3
f 961/3/3 934/3/3 960/3/3
f 962/36/3 936/36/3 869/36/3
f 962/36/3 869/36/3 184/36/3
f 963/6/3 937/6/3 936/6/3
f 963/36/3 936/36/3 962/36/3
f 964/6/3 871/6/3 937/6/3
f 964/6/3 937/6/3 963/6/3
f 965/36/3 872/36/3 871/36/3
f 965/6/3 871/6/3 964/6/3
f 966/6/3 838/6/3 872/6/3
f 966/36/3 872/36/3 965/36/3
f 967/33/3 705/33/3 838/33/3
f 967/6/3 838/6/3 966/6/3
f 968/35/3 939/35/3 938/35/3
f 968/33/3 938/33/3 554/33/3
f 969/35/3 899/35/3 939/35/3
f 969/35/3 939/35/3 968/35/3
f 969/37/3 941/37/3 940/37/3
f 969/37/3 942/37/3 941/37/3
f 969/37/3 943/37/3 942/37/3
f 969/37/3 940/37/3 899/37/3
f 970/46/3 946/46/3 945/46/3
f 970/35/3 945/35/3 944/35/3
f 970/46/3 947/46/3 946/46/3
f 971/46/3 947/46/3 970/46/3
f 972/46/3 950/46/3 949/46/3
f 972/46/3 951/46/3 950/46/3
f 972/23/3 949/23/3 948/23/3
f 973/46/3 951/46/3 972/46/3
f 974/35/3 783/35/3 951/35/3
f 974/46/3 951/46/3 973/46/3
f 975/46/3 913/46/3 783/46/3
f 975/35/3 783/35/3 974/35/3
f 976/25/3 952/25/3 850/25/3
f 977/24/3 953/24/3 952/24/3
f 977/25/3 952/25/3 976/25/3
f 978/46/3 954/46/3 953/46/3
f 978/24/3 953/24/3 977/24/3
f 979/46/3 954/46/3 978/46/3
f 980/46/3 954/46/3 979/46/3
f 981/27/3 919/27/3 826/27/3
f 982/26/3 920/26/3 919/26/3
f 982/27/3 919/27/3 981/27/3
f 983/23/3 956/23/3 955/23/3
f 983/23/3 957/23/3 956/23/3
f 984/46/3 924/46/3 893/46/3
f 984/23/3 957/23/3 983/23/3
f 984/23/3 893/23/3 957/23/3
f 985/46/3 832/46/3 897/46/3
f 985/23/3 860/23/3 832/23/3
f 986/22/3 861/22/3 860/22/3
f 986/23/3 860/23/3 985/23/3
f 987/33/3 960/33/3 101/33/3
f 987/36/3 961/36/3 960/36/3
f 988/36/3 183/36/3 935/36/3
f 988/36/3 961/36/3 987/36/3
f 988/36/3 935/36/3 961/36/3
f 989/6/3 963/6/3 962/6/3
f 989/6/3 964/6/3 963/6/3
f 989/36/3 962/36/3 184/36/3
f 990/36/3 965/36/3 964/36/3
f 990/6/3 964/6/3 989/6/3
f 991/6/3 966/6/3 965/6/3
f 991/36/3 965/36/3 990/36/3
f 992/33/3 967/33/3 966/33/3
f 992/6/3 966/6/3 991/6/3
f 993/35/3 944/35/3 905/35/3
f 993/35/3 971/35/3 970/35/3
f 993/35/3 970/35/3 944/35/3
f 994/35/3 971/35/3 993/35/3
f 995/23/3 948/23/3 883/23/3
f 995/46/3 883/46/3 947/46/3
f 995/46/3 947/46/3 971/46/3
f 995/23/3 972/23/3 948/23/3
f 996/23/3 972/23/3 995/23/3
f 997/21/3 973/21/3 972/21/3
f 997/23/3 972/23/3 996/23/3
f 998/46/3 975/46/3 974/46/3
f 998/21/3 973/21/3 997/21/3
f 998/46/3 974/46/3 973/46/3
f 999/46/3 975/46/3 998/46/3
f 1000/32/3 980/32/3 979/32/3
f 1000/46/3 978/46/3 977/46/3
f 1000/46/3 979/46/3 978/46/3
f 1001/46/3 954/46/3 980/46/3
f 1001/32/3 980/32/3 1000/32/3
f 1002/25/3 852/25/3 954/25/3
f 1002/46/3 954/46/3 1001/46/3
f 1003/25/3 852/25/3 1002/25/3
f 1004/27/3 981/27/3 826/27/3
f 1005/26/3 982/26/3 981/26/3
f 1005/27/3 981/27/3 1004/27/3
f 1006/26/3 920/26/3 982/26/3
f 1006/26/3 982/26/3 1005/26/3
f 1007/24/3 921/24/3 920/24/3
f 1007/26/3 920/26/3 1006/26/3
f 1008/46/3 924/46/3 984/46/3
f 1008/23/3 925/23/3 924/23/3
f 1009/22/3 926/22/3 925/22/3
f 1009/23/3 925/23/3 1008/23/3
f 1010/22/3 897/22/3 926/22/3
f 1010/22/3 926/22/3 1009/22/3
f 1010/46/3 985/46/3 897/46/3
f 1011/22/3 986/22/3 985/22/3
f 1011/46/3 985/46/3 1010/46/3
f 1012/46/3 958/46/3 861/46/3
f 1012/22/3 986/22/3 1011/22/3
f 1012/22/3 861/22/3 986/22/3
f 1013/22/3 959/22/3 958/22/3
f 1013/46/3 958/46/3 1012/46/3
f 1014/22/3 928/22/3 959/22/3
f 1014/22/3 959/22/3 1013/22/3
f 1014/46/3 929/46/3 863/46/3
f 1014/22/3 863/22/3 928/22/3
f 1015/22/3 930/22/3 929/22/3
f 1015/46/3 929/46/3 1014/46/3
f 1016/33/3 102/33/3 930/33/3
f 1016/22/3 930/22/3 1015/22/3
f 1017/3/3 988/3/3 987/3/3
f 1017/33/3 987/33/3 101/33/3
f 1018/3/3 988/3/3 1017/3/3
f 1019/3/3 988/3/3 1018/3/3
f 1020/36/3 183/36/3 988/36/3
f 1020/3/3 988/3/3 1019/3/3
f 1021/37/3 905/37/3 943/37/3
f 1021/37/3 943/37/3 969/37/3
f 1021/37/3 969/37/3 968/37/3
f 1021/35/3 993/35/3 905/35/3
f 1022/35/3 993/35/3 1021/35/3
f 1023/35/3 993/35/3 1022/35/3
f 1024/35/3 993/35/3 1023/35/3
f 1025/35/3 971/35/3 994/35/3
f 1025/37/3 994/37/3 993/37/3
f 1026/46/3 995/46/3 971/46/3
f 1026/35/3 971/35/3 1025/35/3
f 1026/46/3 996/46/3 995/46/3
f 1027/46/3 996/46/3 1026/46/3
f 1028/23/3 997/23/3 996/23/3
f 1028/46/3 996/46/3 1027/46/3
f 1028/23/3 998/23/3 997/23/3
f 1029/22/3 999/22/3 998/22/3
f 1029/23/3 998/23/3 1028/23/3
f 1030/46/3 975/46/3 999/46/3
f 1030/22/3 999/22/3 1029/22/3
f 1031/46/3 913/46/3 975/46/3
f 1031/46/3 975/46/3 1030/46/3
f 1032/46/3 1000/46/3 977/46/3
f 1033/19/3 1001/19/3 1000/19/3
f 1033/46/3 1000/46/3 1032/46/3
f 1034/19/3 1001/19/3 1033/19/3
f 1035/19/3 1001/19/3 1034/19/3
f 1036/19/3 1001/19/3 1035/19/3
f 1037/19/3 1001/19/3 1036/19/3
f 1038/46/3 1002/46/3 1001/46/3
f 1038/19/3 1001/19/3 1037/19/3
f 1038/46/3 1003/46/3 1002/46/3
f 1039/46/3 1003/46/3 1038/46/3
f 1040/46/3 826/46/3 853/46/3
f 1040/27/3 1004/27/3 826/27/3
f 1041/26/3 1005/26/3 1004/26/3
f 1041/27/3 1004/27/3 1040/27/3
f 1041/26/3 1006/26/3 1005/26/3
f 1042/26/3 1006/26/3 1041/26/3
f 1043/25/3 1007/25/3 1006/25/3
f 1043/26/3 1006/26/3 1042/26/3
f 1044/23/3 983/23/3 955/23/3
f 1044/46/3 955/46/3 921/46/3
f 1045/22/3 984/22/3 983/22/3
f 1045/23/3 983/23/3 1044/23/3
f 1046/22/3 984/22/3 1045/22/3
f 1047/46/3 1008/46/3 984/46/3
f 1047/22/3 984/22/3 1046/22/3
f 1048/20/3 1010/20/3 1009/20/3
f 1048/46/3 1008/46/3 1047/46/3
f 1048/20/3 1009/20/3 1008/20/3
f 1049/46/3 1011/46/3 1010/46/3
f 1049/20/3 1010/20/3 1048/20/3
f 1050/20/3 1012/20/3 1011/20/3
f 1050/46/3 1011/46/3 1049/46/3
f 1051/46/3 1013/46/3 1012/46/3
f 1051/20/3 1012/20/3 1050/20/3
f 1052/20/3 1014/20/3 1013/20/3
f 1052/46/3 1013/46/3 1051/46/3
f 1053/46/3 1015/46/3 1014/46/3
f 1053/20/3 1014/20/3 1052/20/3
f 1054/20/3 1016/20/3 1015/20/3
f 1054/46/3 1015/46/3 1053/46/3
f 1055/33/3 102/33/3 1016/33/3
f 1055/20/3 1016/20/3 1054/20/3
f 1056/36/3 1018/36/3 1017/36/3
f 1057/3/3 1019/3/3 1018/3/3
f 1057/36/3 1018/36/3 1056/36/3
f 1058/36/3 1020/36/3 1019/36/3
f 1058/3/3 1019/3/3 1057/3/3
f 1059/36/3 990/36/3 989/36/3
f 1059/36/3 992/36/3 991/36/3
f 1059/36/3 991/36/3 990/36/3
f 1059/36/3 989/36/3 184/36/3
f 1060/33/3 967/33/3 992/33/3
f 1060/36/3 992/36/3 1059/36/3
f 1061/23/3 1030/23/3 1029/23/3
f 1061/22/3 1031/22/3 1030/22/3
f 1062/46/3 913/46/3 1031/46/3
f 1062/22/3 1031/22/3 1061/22/3
f 1063/19/3 1034/19/3 1033/19/3
f 1064/18/3 1035/18/3 1034/18/3
f 1064/19/3 1034/19/3 1063/19/3
f 1065/19/3 1036/19/3 1035/19/3
f 1065/18/3 1035/18/3 1064/18/3
f 1066/18/3 1037/18/3 1036/18/3
f 1066/19/3 1036/19/3 1065/19/3
f 1067/19/3 1038/19/3 1037/19/3
f 1067/18/3 1037/18/3 1066/18/3
f 1068/19/3 1038/19/3 1067/19/3
f 1069/46/3 1040/46/3 853/46/3
f 1069/26/3 1041/26/3 1040/26/3
f 1069/26/3 1042/26/3 1041/26/3
f 1070/24/3 1043/24/3 1042/24/3
f 1070/26/3 1042/26/3 1069/26/3
f 1071/22/3 1045/22/3 1044/22/3
f 1071/22/3 1046/22/3 1045/22/3
f 1072/20/3 1047/20/3 1046/20/3
f 1072/22/3 1046/22/3 1071/22/3
f 1073/46/3 1050/46/3 1049/46/3
f 1073/46/3 1049/46/3 1048/46/3
f 1073/46/3 1051/46/3 1050/46/3
f 1073/46/3 1055/46/3 1054/46/3
f 1073/46/3 1048/46/3 1047/46/3
f 1073/46/3 1052/46/3 1051/46/3
f 1073/46/3 1054/46/3 1053/46/3
f 1073/46/3 1053/46/3 1052/46/3
f 1074/33/3 102/33/3 1055/33/3
f 1074/46/3 1055/46/3 1073/46/3
f 1075/3/3 1057/3/3 1056/3/3
f 1075/36/3 1056/36/3 1017/36/3
f 1076/36/3 1058/36/3 1057/36/3
f 1076/3/3 1057/3/3 1075/3/3
f 1077/36/3 1020/36/3 1058/36/3
f 1077/36/3 1058/36/3 1076/36/3
f 1078/36/3 1059/36/3 184/36/3
f 1078/6/3 1060/6/3 1059/6/3
f 1079/6/3 1060/6/3 1078/6/3
f 1080/6/3 1060/6/3 1079/6/3
f 1081/33/3 967/33/3 1060/33/3
f 1081/6/3 1060/6/3 1080/6/3
f 1082/33/3 705/33/3 967/33/3
f 1082/33/3 967/33/3 1081/33/3
f 1083/41/3 1022/41/3 1021/41/3
f 1083/37/3 1021/37/3 968/37/3
f 1084/35/3 1023/35/3 1022/35/3
f 1084/41/3 1022/41/3 1083/41/3
f 1085/37/3 1024/37/3 1023/37/3
f 1085/35/3 1023/35/3 1084/35/3
f 1086/23/3 1028/23/3 1027/23/3
f 1087/46/3 1029/46/3 1028/46/3
f 1087/23/3 1028/23/3 1086/23/3
f 1088/46/3 1029/46/3 1087/46/3
f 1089/23/3 1061/23/3 1029/23/3
f 1089/46/3 1029/46/3 1088/46/3
f 1089/23/3 1062/23/3 1061/23/3
f 1090/46/3 913/46/3 1062/46/3
f 1090/23/3 1062/23/3 1089/23/3
f 1091/25/3 976/25/3 850/25/3
f 1092/24/3 977/24/3 976/24/3
f 1092/25/3 976/25/3 1091/25/3
f 1093/46/3 1032/46/3 977/46/3
f 1093/24/3 977/24/3 1092/24/3
f 1094/18/3 1068/18/3 1067/18/3
f 1094/18/3 1066/18/3 1065/18/3
f 1094/18/3 1067/18/3 1066/18/3
f 1094/18/3 1065/18/3 1064/18/3
f 1094/18/3 1064/18/3 1063/18/3
f 1095/18/3 1068/18/3 1094/18/3
f 1096/19/3 1038/19/3 1068/19/3
f 1096/18/3 1068/18/3 1095/18/3
f 1097/19/3 1038/19/3 1096/19/3
f 1098/22/3 1071/22/3 1044/22/3
f 1098/46/3 1044/46/3 921/46/3
f 1099/20/3 1072/20/3 1071/20/3
f 1099/22/3 1071/22/3 1098/22/3
f 1100/20/3 1047/20/3 1072/20/3
f 1100/20/3 1072/20/3 1099/20/3
f 1101/46/3 1073/46/3 1047/46/3
f 1101/20/3 1047/20/3 1100/20/3
f 1102/35/3 1074/35/3 1073/35/3
f 1102/46/3 1073/46/3 1101/46/3
f 1103/35/3 1074/35/3 1102/35/3
f 1104/35/3 1074/35/3 1103/35/3
f 1105/35/3 1074/35/3 1104/35/3
f 1106/35/3 1074/35/3 1105/35/3
f 1107/35/3 1074/35/3 1106/35/3
f 1108/35/3 1074/35/3 1107/35/3
f 1109/35/3 1074/35/3 1108/35/3
f 1110/36/3 1076/36/3 1075/36/3
f 1110/33/3 1017/33/3 101/33/3
f 1110/36/3 1075/36/3 1017/36/3
f 1111/3/3 1077/3/3 1076/3/3
f 1111/36/3 1076/36/3 1110/36/3
f 1112/36/3 1020/36/3 1077/36/3
f 1112/3/3 1077/3/3 1111/3/3
f 1113/36/3 183/36/3 1020/36/3
f 1113/36/3 1020/36/3 1112/36/3
f 1114/37/3 1083/37/3 968/37/3
f 1115/37/3 1083/37/3 1114/37/3
f 1116/35/3 993/35/3 1024/35/3
f 1116/37/3 1085/37/3 1084/37/3
f 1116/37/3 1024/37/3 1085/37/3
f 1117/35/3 993/35/3 1116/35/3
f 1118/46/3 1088/46/3 1087/46/3
f 1118/35/3 1089/35/3 1088/35/3
f 1119/46/3 1090/46/3 1089/46/3
f 1119/35/3 1089/35/3 1118/35/3
f 1120/46/3 913/46/3 1090/46/3
f 1120/46/3 1090/46/3 1119/46/3
f 1121/18/3 1094/18/3 1063/18/3
f 1122/6/3 1095/6/3 1094/6/3
f 1122/18/3 1094/18/3 1121/18/3
f 1123/18/3 1097/18/3 1096/18/3
f 1123/6/3 1095/6/3 1122/6/3
f 1123/18/3 1096/18/3 1095/18/3
f 1124/18/3 1097/18/3 1123/18/3
f 1125/20/3 1099/20/3 1098/20/3
f 1125/20/3 1100/20/3 1099/20/3
f 1125/46/3 1098/46/3 921/46/3
f 1126/46/3 1101/46/3 1100/46/3
f 1126/20/3 1100/20/3 1125/20/3
f 1127/35/3 1102/35/3 1101/35/3
f 1127/46/3 1101/46/3 1126/46/3
f 1127/35/3 1103/35/3 1102/35/3
f 1128/35/3 1103/35/3 1127/35/3
f 1129/33/3 1104/33/3 1103/33/3
f 1129/35/3 1103/35/3 1128/35/3
f 1130/35/3 1105/35/3 1104/35/3
f 1130/33/3 1104/33/3 1129/33/3
f 1131/33/3 1106/33/3 1105/33/3
f 1131/35/3 1105/35/3 1130/35/3
f 1132/35/3 1107/35/3 1106/35/3
f 1132/33/3 1106/33/3 1131/33/3
f 1133/33/3 1108/33/3 1107/33/3
f 1133/35/3 1107/35/3 1132/35/3
f 1134/33/3 1108/33/3 1133/33/3
f 1135/30/3 1109/30/3 1108/30/3
f 1135/33/3 1108/33/3 1134/33/3
f 1136/3/3 1112/3/3 1111/3/3
f 1136/3/3 1111/3/3 1110/3/3
f 1136/33/3 1110/33/3 101/33/3
f 1136/3/3 1113/3/3 1112/3/3
f 1137/36/3 183/36/3 1113/36/3
f 1137/3/3 1113/3/3 1136/3/3
f 1138/37/3 1114/37/3 968/37/3
f 1139/37/3 1114/37/3 1138/37/3
f 1140/37/3 1083/37/3 1115/37/3
f 1140/35/3 1115/35/3 1114/35/3
f 1141/37/3 1083/37/3 1140/37/3
f 1142/35/3 1084/35/3 1083/35/3
f 1142/37/3 1117/37/3 1116/37/3
f 1142/37/3 1116/37/3 1084/37/3
f 1143/37/3 1117/37/3 1142/37/3
f 1144/37/3 1025/37/3 993/37/3
f 1144/37/3 1026/37/3 1025/37/3
f 1145/46/3 1027/46/3 1026/46/3
f 1145/37/3 1026/37/3 1144/37/3
f 1146/23/3 1086/23/3 1027/23/3
f 1146/46/3 1027/46/3 1145/46/3
f 1147/22/3 1087/22/3 1086/22/3
f 1147/23/3 1086/23/3 1146/23/3
f 1148/46/3 1118/46/3 1087/46/3
f 1148/22/3 1087/22/3 1147/22/3
f 1148/46/3 1119/46/3 1118/46/3
f 1149/46/3 1119/46/3 1148/46/3
f 1150/35/3 1120/35/3 1119/35/3
f 1150/46/3 1119/46/3 1149/46/3
f 1151/46/3 913/46/3 1120/46/3
f 1151/35/3 1120/35/3 1150/35/3
f 1152/18/3 1121/18/3 1063/18/3
f 1153/6/3 1124/6/3 1123/6/3
f 1153/18/3 1121/18/3 1152/18/3
f 1153/6/3 1122/6/3 1121/6/3
f 1153/6/3 1123/6/3 1122/6/3
f 1154/18/3 1097/18/3 1124/18/3
f 1154/6/3 1124/6/3 1153/6/3
f 1155/18/3 1097/18/3 1154/18/3
f 1156/24/3 1043/24/3 1070/24/3
f 1156/25/3 1070/25/3 1069/25/3
f 1157/25/3 1007/25/3 1043/25/3
f 1157/24/3 1043/24/3 1156/24/3
f 1158/46/3 1126/46/3 1125/46/3
f 1159/35/3 1128/35/3 1127/35/3
f 1159/46/3 1126/46/3 1158/46/3
f 1159/35/3 1127/35/3 1126/35/3
f 1160/35/3 1128/35/3 1159/35/3
f 1161/35/3 1128/35/3 1160/35/3
f 1162/33/3 1134/33/3 1133/33/3
f 1162/35/3 1128/35/3 1161/35/3
f 1162/33/3 1132/33/3 1131/33/3
f 1162/33/3 1133/33/3 1132/33/3
f 1162/33/3 1129/33/3 1128/33/3
f 1162/33/3 1130/33/3 1129/33/3
f 1162/33/3 1131/33/3 1130/33/3
f 1163/33/3 1134/33/3 1162/33/3
f 1164/33/3 1134/33/3 1163/33/3
f 1165/30/3 1109/30/3 1135/30/3
f 1165/30/3 1135/30/3 1134/30/3
f 1166/35/3 1074/35/3 1109/35/3
f 1166/30/3 1109/30/3 1165/30/3
f 1167/35/3 1074/35/3 1166/35/3
f 1168/33/3 102/33/3 1074/33/3
f 1168/35/3 1074/35/3 1167/35/3
f 1169/33/3 1136/33/3 101/33/3
f 1169/36/3 1137/36/3 1136/36/3
f 1170/36/3 183/36/3 1137/36/3
f 1170/36/3 1137/36/3 1169/36/3
f 1171/36/3 1079/36/3 1078/36/3
f 1171/36/3 1078/36/3 184/36/3
f 1172/6/3 1080/6/3 1079/6/3
f 1172/36/3 1079/36/3 1171/36/3
f 1173/36/3 1081/36/3 1080/36/3
f 1173/6/3 1080/6/3 1172/6/3
f 1174/6/3 1082/6/3 1081/6/3
f 1174/36/3 1081/36/3 1173/36/3
f 1175/33/3 705/33/3 1082/33/3
f 1175/6/3 1082/6/3 1174/6/3
f 1176/33/3 968/33/3 554/33/3
f 1176/36/3 554/36/3 705/36/3
f 1177/37/3 1138/37/3 968/37/3
f 1177/33/3 968/33/3 1176/33/3
f 1178/35/3 1139/35/3 1138/35/3
f 1178/37/3 1138/37/3 1177/37/3
f 1179/37/3 1114/37/3 1139/37/3
f 1179/35/3 1139/35/3 1178/35/3
f 1180/37/3 1114/37/3 1179/37/3
f 1181/35/3 1141/35/3 1140/35/3
f 1181/37/3 1114/37/3 1180/37/3
f 1181/35/3 1140/35/3 1114/35/3
f 1182/35/3 1141/35/3 1181/35/3
f 1183/37/3 1083/37/3 1141/37/3
f 1183/35/3 1141/35/3 1182/35/3
f 1184/37/3 1083/37/3 1183/37/3
f 1185/35/3 993/35/3 1117/35/3
f 1185/37/3 1117/37/3 1143/37/3
f 1186/37/3 1144/37/3 993/37/3
f 1186/35/3 993/35/3 1185/35/3
f 1187/46/3 1146/46/3 1145/46/3
f 1187/35/3 1145/35/3 1144/35/3
f 1187/46/3 1147/46/3 1146/46/3
f 1188/46/3 1147/46/3 1187/46/3
f 1189/22/3 1148/22/3 1147/22/3
f 1189/46/3 1147/46/3 1188/46/3
f 1189/22/3 1149/22/3 1148/22/3
f 1190/22/3 1149/22/3 1189/22/3
f 1191/46/3 1151/46/3 1150/46/3
f 1191/22/3 1149/22/3 1190/22/3
f 1191/46/3 1150/46/3 1149/46/3
f 1192/46/3 913/46/3 1151/46/3
f 1192/46/3 1151/46/3 1191/46/3
f 1193/18/3 1152/18/3 1063/18/3
f 1194/6/3 1153/6/3 1152/6/3
f 1194/18/3 1152/18/3 1193/18/3
f 1194/6/3 1155/6/3 1154/6/3
f 1194/6/3 1154/6/3 1153/6/3
f 1195/6/3 1155/6/3 1194/6/3
f 1196/6/3 1155/6/3 1195/6/3
f 1197/6/3 1155/6/3 1196/6/3
f 1198/18/3 1097/18/3 1155/18/3
f 1198/6/3 1155/6/3 1197/6/3
f 1199/18/3 1097/18/3 1198/18/3
f 1200/25/3 1156/25/3 1069/25/3
f 1200/25/3 1157/25/3 1156/25/3
f 1201/25/3 1007/25/3 1157/25/3
f 1201/25/3 1157/25/3 1200/25/3
f 1202/24/3 921/24/3 1007/24/3
f 1202/25/3 1007/25/3 1201/25/3
f 1203/46/3 1125/46/3 921/46/3
f 1203/24/3 921/24/3 1202/24/3
f 1203/46/3 1158/46/3 1125/46/3
f 1204/46/3 1158/46/3 1203/46/3
f 1205/35/3 1160/35/3 1159/35/3
f 1205/46/3 1158/46/3 1204/46/3
f 1205/35/3 1159/35/3 1158/35/3
f 1206/35/3 1160/35/3 1205/35/3
f 1207/33/3 1161/33/3 1160/33/3
f 1207/35/3 1160/35/3 1206/35/3
f 1208/38/3 1162/38/3 1161/38/3
f 1208/33/3 1161/33/3 1207/33/3
f 1208/38/3 1163/38/3 1162/38/3
f 1209/39/3 1164/39/3 1163/39/3
f 1209/38/3 1163/38/3 1208/38/3
f 1210/33/3 1134/33/3 1164/33/3
f 1210/39/3 1164/39/3 1209/39/3
f 1211/33/3 1169/33/3 101/33/3
f 1211/3/3 1170/3/3 1169/3/3
f 1212/3/3 1170/3/3 1211/3/3
f 1213/3/3 1170/3/3 1212/3/3
f 1214/3/3 1170/3/3 1213/3/3
f 1215/6/3 1172/6/3 1171/6/3
f 1215/6/3 1174/6/3 1173/6/3
f 1215/36/3 1171/36/3 184/36/3
f 1215/6/3 1173/6/3 1172/6/3
f 1216/33/3 1175/33/3 1174/33/3
f 1216/6/3 1174/6/3 1215/6/3
f 1217/37/3 1186/37/3 1185/37/3
f 1217/37/3 1185/37/3 1143/37/3
f 1217/35/3 1143/35/3 1142/35/3
f 1218/37/3 1144/37/3 1186/37/3
f 1218/37/3 1186/37/3 1217/37/3
f 1219/35/3 1188/35/3 1187/35/3
f 1219/37/3 1144/37/3 1218/37/3
f 1219/35/3 1187/35/3 1144/35/3
f 1220/46/3 1190/46/3 1189/46/3
f 1220/35/3 1188/35/3 1219/35/3
f 1220/46/3 1189/46/3 1188/46/3
f 1221/22/3 1191/22/3 1190/22/3
f 1221/46/3 1190/46/3 1220/46/3
f 1222/23/3 1192/23/3 1191/23/3
f 1222/22/3 1191/22/3 1221/22/3
f 1223/46/3 913/46/3 1192/46/3
f 1223/23/3 1192/23/3 1222/23/3
f 1224/18/3 1193/18/3 1063/18/3
f 1225/6/3 1195/6/3 1194/6/3
f 1225/18/3 1193/18/3 1224/18/3
f 1225/6/3 1194/6/3 1193/6/3
f 1226/4/3 1196/4/3 1195/4/3
f 1226/6/3 1195/6/3 1225/6/3
f 1227/5/3 1197/5/3 1196/5/3
f 1227/4/3 1196/4/3 1226/4/3
f 1228/6/3 1198/6/3 1197/6/3
f 1228/5/3 1197/5/3 1227/5/3
f 1228/6/3 1199/6/3 1198/6/3
f 1229/6/3 1199/6/3 1228/6/3
f 1230/18/3 1097/18/3 1199/18/3
f 1230/6/3 1199/6/3 1229/6/3
f 1231/18/3 1097/18/3 1230/18/3
f 1232/46/3 1069/46/3 853/46/3
f 1232/25/3 1200/25/3 1069/25/3
f 1233/24/3 1201/24/3 1200/24/3
f 1233/25/3 1200/25/3 1232/25/3
f 1234/24/3 1201/24/3 1233/24/3
f 1235/46/3 1204/46/3 1203/46/3
f 1235/24/3 1201/24/3 1234/24/3
f 1235/46/3 1202/46/3 1201/46/3
f 1235/46/3 1203/46/3 1202/46/3
f 1236/46/3 1204/46/3 1235/46/3
f 1237/46/3 1204/46/3 1236/46/3
f 1238/35/3 1206/35/3 1205/35/3
f 1238/46/3 1204/46/3 1237/46/3
f 1238/35/3 1205/35/3 1204/35/3
f 1239/33/3 1209/33/3 1208/33/3
f 1239/35/3 1206/35/3 1238/35/3
f 1239/33/3 1208/33/3 1207/33/3
f 1239/33/3 1210/33/3 1209/33/3
f 1239/33/3 1207/33/3 1206/33/3
f 1240/30/3 1165/30/3 1134/30/3
f 1240/35/3 1167/35/3 1166/35/3
f 1240/35/3 1166/35/3 1165/35/3
f 1241/35/3 1167/35/3 1240/35/3
f 1242/36/3 1215/36/3 184/36/3
f 1242/36/3 1216/36/3 1215/36/3
f 1243/33/3 1175/33/3 1216/33/3
f 1243/36/3 1216/36/3 1242/36/3
f 1244/33/3 705/33/3 1175/33/3
f 1244/33/3 1175/33/3 1243/33/3
f 1245/35/3 1178/35/3 1177/35/3
f 1245/37/3 1182/37/3 1181/37/3
f 1245/35/3 1180/35/3 1179/35/3
f 1245/35/3 1179/35/3 1178/35/3
f 1245/37/3 1181/37/3 1180/37/3
f 1246/37/3 1182/37/3 1245/37/3
f 1247/35/3 1218/35/3 1217/35/3
f 1248/46/3 1222/46/3 1221/46/3
f 1248/35/3 1218/35/3 1247/35/3
f 1248/46/3 1219/46/3 1218/46/3
f 1248/46/3 1221/46/3 1220/46/3
f 1248/46/3 1220/46/3 1219/46/3
f 1248/46/3 1223/46/3 1222/46/3
f 1249/46/3 1223/46/3 1248/46/3
f 1250/46/3 913/46/3 1223/46/3
f 1250/46/3 1223/46/3 1249/46/3
f 1251/18/3 1224/18/3 1063/18/3
f 1252/6/3 1226/6/3 1225/6/3
f 1252/18/3 1224/18/3 1251/18/3
f 1252/6/3 1225/6/3 1224/6/3
f 1253/5/3 1227/5/3 1226/5/3
f 1253/6/3 1226/6/3 1252/6/3
f 1254/4/3 1228/4/3 1227/4/3
f 1254/5/3 1227/5/3 1253/5/3
f 1255/5/3 1229/5/3 1228/5/3
f 1255/4/3 1228/4/3 1254/4/3
f 1256/6/3 1230/6/3 1229/6/3
f 1256/5/3 1229/5/3 1255/5/3
f 1256/6/3 1231/6/3 1230/6/3
f 1257/6/3 1231/6/3 1256/6/3
f 1258/18/3 1097/18/3 1231/18/3
f 1258/6/3 1231/6/3 1257/6/3
f 1259/18/3 1097/18/3 1258/18/3
f 1260/46/3 1232/46/3 853/46/3
f 1260/24/3 1234/24/3 1233/24/3
f 1260/24/3 1233/24/3 1232/24/3
f 1261/46/3 1235/46/3 1234/46/3
f 1261/24/3 1234/24/3 1260/24/3
f 1261/46/3 1236/46/3 1235/46/3
f 1262/46/3 1236/46/3 1261/46/3
f 1263/35/3 1237/35/3 1236/35/3
f 1263/46/3 1236/46/3 1262/46/3
f 1264/33/3 1238/33/3 1237/33/3
f 1264/35/3 1237/35/3 1263/35/3
f 1264/33/3 1239/33/3 1238/33/3
f 1265/33/3 1239/33/3 1264/33/3
f 1266/33/3 1210/33/3 1239/33/3
f 1266/33/3 1239/33/3 1265/33/3
f 1267/33/3 1134/33/3 1210/33/3
f 1267/33/3 1210/33/3 1266/33/3
f 1268/30/3 1240/30/3 1134/30/3
f 1268/30/3 1241/30/3 1240/30/3
f 1269/35/3 1167/35/3 1241/35/3
f 1269/30/3 1241/30/3 1268/30/3
f 1270/3/3 1213/3/3 1212/3/3
f 1270/36/3 1212/36/3 1211/36/3
f 1271/36/3 1214/36/3 1213/36/3
f 1271/3/3 1213/3/3 1270/3/3
f 1272/3/3 1170/3/3 1214/3/3
f 1272/36/3 1214/36/3 1271/36/3
f 1273/36/3 183/36/3 1170/36/3
f 1273/3/3 1170/3/3 1272/3/3
f 1274/6/3 1244/6/3 1243/6/3
f 1274/6/3 1243/6/3 1242/6/3
f 1275/6/3 1244/6/3 1274/6/3
f 1276/35/3 1246/35/3 1245/35/3
f 1276/35/3 1245/35/3 1177/35/3
f 1277/37/3 1182/37/3 1246/37/3
f 1277/35/3 1246/35/3 1276/35/3
f 1278/35/3 1183/35/3 1182/35/3
f 1278/37/3 1182/37/3 1277/37/3
f 1278/35/3 1184/35/3 1183/35/3
f 1279/46/3 1249/46/3 1248/46/3
f 1279/46/3 1248/46/3 1247/46/3
f 1280/23/3 1250/23/3 1249/23/3
f 1280/46/3 1249/46/3 1279/46/3
f 1281/23/3 1250/23/3 1280/23/3
f 1282/23/3 1250/23/3 1281/23/3
f 1283/46/3 913/46/3 1250/46/3
f 1283/23/3 1250/23/3 1282/23/3
f 1284/18/3 1251/18/3 1063/18/3
f 1285/6/3 1254/6/3 1253/6/3
f 1285/18/3 1251/18/3 1284/18/3
f 1285/6/3 1253/6/3 1252/6/3
f 1285/6/3 1252/6/3 1251/6/3
f 1286/5/3 1255/5/3 1254/5/3
f 1286/6/3 1254/6/3 1285/6/3
f 1287/4/3 1256/4/3 1255/4/3
f 1287/5/3 1255/5/3 1286/5/3
f 1288/5/3 1257/5/3 1256/5/3
f 1288/4/3 1256/4/3 1287/4/3
f 1289/6/3 1259/6/3 1258/6/3
f 1289/5/3 1257/5/3 1288/5/3
f 1289/6/3 1258/6/3 1257/6/3
f 1290/25/3 852/25/3 1003/25/3
f 1291/24/3 853/24/3 852/24/3
f 1291/25/3 852/25/3 1290/25/3
f 1292/46/3 1261/46/3 1260/46/3
f 1292/24/3 853/24/3 1291/24/3
f 1292/46/3 1262/46/3 1261/46/3
f 1292/46/3 1260/46/3 853/46/3
f 1293/46/3 1262/46/3 1292/46/3
f 1294/35/3 1263/35/3 1262/35/3
f 1294/46/3 1262/46/3 1293/46/3
f 1295/33/3 1264/33/3 1263/33/3
f 1295/35/3 1263/35/3 1294/35/3
f 1296/39/3 1265/39/3 1264/39/3
f 1296/33/3 1264/33/3 1295/33/3
f 1297/33/3 1266/33/3 1265/33/3
f 1297/39/3 1265/39/3 1296/39/3
f 1298/33/3 1266/33/3 1297/33/3
f 1299/33/3 1266/33/3 1298/33/3
f 1300/36/3 1271/36/3 1270/36/3
f 1300/3/3 1272/3/3 1271/3/3
f 1301/36/3 1273/36/3 1272/36/3
f 1301/3/3 1272/3/3 1300/3/3
f 1302/36/3 1275/36/3 1274/36/3
f 1303/6/3 1244/6/3 1275/6/3
f 1303/36/3 1275/36/3 1302/36/3
f 1304/37/3 1083/37/3 1184/37/3
f 1305/35/3 1247/35/3 1217/35/3
f 1305/37/3 1083/37/3 1304/37/3
f 1305/35/3 1217/35/3 1142/35/3
f 1305/35/3 1142/35/3 1083/35/3
f 1306/23/3 1280/23/3 1279/23/3
f 1307/22/3 1281/22/3 1280/22/3
f 1307/23/3 1280/23/3 1306/23/3
f 1308/21/3 1282/21/3 1281/21/3
f 1308/22/3 1281/22/3 1307/22/3
f 1309/46/3 1283/46/3 1282/46/3
f 1309/21/3 1282/21/3 1308/21/3
f 1310/46/3 1283/46/3 1309/46/3
f 1311/46/3 913/46/3 1283/46/3
f 1311/46/3 1283/46/3 1310/46/3
f 1312/18/3 1284/18/3 1063/18/3
f 1313/6/3 1287/6/3 1286/6/3
f 1313/18/3 1284/18/3 1312/18/3
f 1313/6/3 1285/6/3 1284/6/3
f 1313/6/3 1286/6/3 1285/6/3
f 1314/46/3 1293/46/3 1292/46/3
f 1314/46/3 1292/46/3 1291/46/3
f 1315/35/3 1294/35/3 1293/35/3
f 1315/46/3 1293/46/3 1314/46/3
f 1316/35/3 1294/35/3 1315/35/3
f 1317/33/3 1295/33/3 1294/33/3
f 1317/35/3 1294/35/3 1316/35/3
f 1317/33/3 1296/33/3 1295/33/3
f 1318/32/3 1297/32/3 1296/32/3
f 1318/39/3 1298/39/3 1297/39/3
f 1319/39/3 1298/39/3 1318/39/3
f 1320/38/3 1299/38/3 1298/38/3
f 1320/39/3 1298/39/3 1319/39/3
f 1321/33/3 1266/33/3 1299/33/3
f 1321/38/3 1299/38/3 1320/38/3
f 1322/33/3 1134/33/3 1267/33/3
f 1322/34/3 1267/34/3 1266/34/3
f 1323/30/3 1268/30/3 1134/30/3
f 1323/33/3 1134/33/3 1322/33/3
f 1324/33/3 705/33/3 1244/33/3
f 1324/6/3 1244/6/3 1303/6/3
f 1325/36/3 1177/36/3 1176/36/3
f 1325/33/3 705/33/3 1324/33/3
f 1325/36/3 1176/36/3 705/36/3
f 1326/35/3 1276/35/3 1177/35/3
f 1327/39/3 1277/39/3 1276/39/3
f 1327/35/3 1276/35/3 1326/35/3
f 1328/35/3 1247/35/3 1305/35/3
f 1328/35/3 1305/35/3 1304/35/3
f 1329/35/3 1247/35/3 1328/35/3
f 1330/22/3 1307/22/3 1306/22/3
f 1330/23/3 1306/23/3 1279/23/3
f 1331/21/3 1308/21/3 1307/21/3
f 1331/22/3 1307/22/3 1330/22/3
f 1332/46/3 1310/46/3 1309/46/3
f 1332/21/3 1308/21/3 1331/21/3
f 1332/46/3 1309/46/3 1308/46/3
f 1333/46/3 1310/46/3 1332/46/3
f 1334/35/3 1311/35/3 1310/35/3
f 1334/46/3 1310/46/3 1333/46/3
f 1335/18/3 1312/18/3 1063/18/3
f 1336/6/3 1313/6/3 1312/6/3
f 1336/18/3 1312/18/3 1335/18/3
f 1337/6/3 1287/6/3 1313/6/3
f 1337/6/3 1313/6/3 1336/6/3
f 1337/5/3 1288/5/3 1287/5/3
f 1338/4/3 1289/4/3 1288/4/3
f 1338/5/3 1288/5/3 1337/5/3
f 1339/6/3 1259/6/3 1289/6/3
f 1339/4/3 1289/4/3 1338/4/3
f 1340/6/3 1259/6/3 1339/6/3
f 1341/18/3 1097/18/3 1259/18/3
f 1341/6/3 1259/6/3 1340/6/3
f 1342/35/3 1316/35/3 1315/35/3
f 1342/46/3 1314/46/3 1291/46/3
f 1342/35/3 1315/35/3 1314/35/3
f 1343/35/3 1316/35/3 1342/35/3
f 1344/33/3 1317/33/3 1316/33/3
f 1344/35/3 1316/35/3 1343/35/3
f 1345/32/3 1319/32/3 1318/32/3
f 1345/33/3 1317/33/3 1344/33/3
f 1345/32/3 1318/32/3 1296/32/3
f 1345/33/3 1296/33/3 1317/33/3
f 1346/33/3 1320/33/3 1319/33/3
f 1346/32/3 1319/32/3 1345/32/3
f 1346/33/3 1321/33/3 1320/33/3
f 1347/33/3 1266/33/3 1321/33/3
f 1347/33/3 1321/33/3 1346/33/3
f 1348/34/3 1323/34/3 1322/34/3
f 1348/33/3 1266/33/3 1347/33/3
f 1348/34/3 1322/34/3 1266/34/3
f 1349/34/3 1323/34/3 1348/34/3
f 1350/30/3 1268/30/3 1323/30/3
f 1350/34/3 1323/34/3 1349/34/3
f 1351/35/3 1269/35/3 1268/35/3
f 1351/30/3 1268/30/3 1350/30/3
f 1352/35/3 1167/35/3 1269/35/3
f 1352/35/3 1269/35/3 1351/35/3
f 1353/36/3 1168/36/3 1167/36/3
f 1353/35/3 1167/35/3 1352/35/3
f 1354/33/3 102/33/3 1168/33/3
f 1354/36/3 1168/36/3 1353/36/3
f 1355/36/3 1242/36/3 184/36/3
f 1355/6/3 1274/6/3 1242/6/3
f 1356/36/3 1302/36/3 1274/36/3
f 1356/6/3 1274/6/3 1355/6/3
f 1357/34/3 1303/34/3 1302/34/3
f 1357/36/3 1302/36/3 1356/36/3
f 1358/6/3 1324/6/3 1303/6/3
f 1358/34/3 1303/34/3 1357/34/3
f 1359/36/3 1325/36/3 1324/36/3
f 1359/6/3 1324/6/3 1358/6/3
f 1360/21/3 1331/21/3 1330/21/3
f 1360/23/3 1330/23/3 1279/23/3
f 1361/46/3 1333/46/3 1332/46/3
f 1361/21/3 1331/21/3 1360/21/3
f 1361/46/3 1332/46/3 1331/46/3
f 1362/46/3 913/46/3 1311/46/3
f 1362/25/3 914/25/3 913/25/3
f 1363/25/3 914/25/3 1362/25/3
f 1364/18/3 1335/18/3 1063/18/3
f 1365/6/3 1336/6/3 1335/6/3
f 1365/18/3 1335/18/3 1364/18/3
f 1365/6/3 1337/6/3 1336/6/3
f 1365/6/3 1338/6/3 1337/6/3
f 1366/5/3 1339/5/3 1338/5/3
f 1366/6/3 1338/6/3 1365/6/3
f 1367/6/3 1340/6/3 1339/6/3
f 1367/5/3 1339/5/3 1366/5/3
f 1368/6/3 1340/6/3 1367/6/3
f 1369/18/3 1341/18/3 1340/18/3
f 1369/6/3 1340/6/3 1368/6/3
f 1370/33/3 1345/33/3 1344/33/3
f 1370/33/3 1346/33/3 1345/33/3
f 1370/32/3 1344/32/3 1343/32/3
f 1371/33/3 1346/33/3 1370/33/3
f 1372/33/3 1346/33/3 1371/33/3
f 1373/39/3 1347/39/3 1346/39/3
f 1373/33/3 1346/33/3 1372/33/3
f 1374/33/3 1349/33/3 1348/33/3
f 1374/39/3 1347/39/3 1373/39/3
f 1374/33/3 1348/33/3 1347/33/3
f 1375/30/3 1352/30/3 1351/30/3
f 1375/35/3 1354/35/3 1353/35/3
f 1375/35/3 1353/35/3 1352/35/3
f 1376/35/3 1354/35/3 1375/35/3
f 1377/36/3 1300/36/3 1270/36/3
f 1377/36/3 1270/36/3 1211/36/3
f 1377/36/3 1301/36/3 1300/36/3
f 1377/33/3 1211/33/3 101/33/3
f 1378/36/3 183/36/3 1273/36/3
f 1378/36/3 1301/36/3 1377/36/3
f 1378/36/3 1273/36/3 1301/36/3
f 1379/36/3 1356/36/3 1355/36/3
f 1379/6/3 1358/6/3 1357/6/3
f 1379/6/3 1357/6/3 1356/6/3
f 1380/6/3 1358/6/3 1379/6/3
f 1381/36/3 1359/36/3 1358/36/3
f 1381/6/3 1358/6/3 1380/6/3
f 1382/35/3 1326/35/3 1177/35/3
f 1383/39/3 1327/39/3 1326/39/3
f 1383/35/3 1326/35/3 1382/35/3
f 1384/39/3 1277/39/3 1327/39/3
f 1384/39/3 1327/39/3 1383/39/3
f 1385/37/3 1304/37/3 1184/37/3
f 1386/35/3 1328/35/3 1304/35/3
f 1386/37/3 1304/37/3 1385/37/3
f 1387/35/3 1247/35/3 1329/35/3
f 1387/37/3 1329/37/3 1328/37/3
f 1388/35/3 1247/35/3 1387/35/3
f 1389/46/3 1279/46/3 1247/46/3
f 1389/35/3 1247/35/3 1388/35/3
f 1390/23/3 1361/23/3 1360/23/3
f 1390/46/3 1279/46/3 1389/46/3
f 1390/23/3 1360/23/3 1279/23/3
f 1391/23/3 1361/23/3 1390/23/3
f 1392/46/3 1333/46/3 1361/46/3
f 1392/23/3 1361/23/3 1391/23/3
f 1393/46/3 1333/46/3 1392/46/3
f 1394/35/3 1334/35/3 1333/35/3
f 1394/46/3 1333/46/3 1393/46/3
f 1395/35/3 1334/35/3 1394/35/3
f 1396/46/3 1363/46/3 1362/46/3
f 1396/35/3 1334/35/3 1395/35/3
f 1396/46/3 1362/46/3 1311/46/3
f 1396/35/3 1311/35/3 1334/35/3
f 1397/46/3 1363/46/3 1396/46/3
f 1398/18/3 1364/18/3 1063/18/3
f 1399/6/3 1366/6/3 1365/6/3
f 1399/18/3 1364/18/3 1398/18/3
f 1399/6/3 1368/6/3 1367/6/3
f 1399/6/3 1365/6/3 1364/6/3
f 1399/6/3 1367/6/3 1366/6/3
f 1400/6/3 1368/6/3 1399/6/3
f 1401/18/3 1369/18/3 1368/18/3
f 1401/6/3 1368/6/3 1400/6/3
f 1402/33/3 1372/33/3 1371/33/3
f 1402/32/3 1371/32/3 1370/32/3
f 1403/33/3 1372/33/3 1402/33/3
f 1404/39/3 1373/39/3 1372/39/3
f 1404/33/3 1372/33/3 1403/33/3
f 1405/33/3 1374/33/3 1373/33/3
f 1405/39/3 1373/39/3 1404/39/3
f 1406/33/3 1349/33/3 1374/33/3
f 1406/33/3 1374/33/3 1405/33/3
f 1406/34/3 1350/34/3 1349/34/3
f 1407/33/3 1351/33/3 1350/33/3
f 1407/34/3 1350/34/3 1406/34/3
f 1408/30/3 1376/30/3 1375/30/3
f 1408/33/3 1351/33/3 1407/33/3
f 1408/30/3 1375/30/3 1351/30/3
f 1409/30/3 1376/30/3 1408/30/3
f 1410/3/3 1378/3/3 1377/3/3
f 1411/3/3 1378/3/3 1410/3/3
f 1412/3/3 1378/3/3 1411/3/3
f 1413/3/3 1378/3/3 1412/3/3
f 1414/36/3 1355/36/3 184/36/3
f 1414/36/3 1380/36/3 1379/36/3
f 1414/36/3 1379/36/3 1355/36/3
f 1415/34/3 1381/34/3 1380/34/3
f 1415/36/3 1380/36/3 1414/36/3
f 1416/36/3 1359/36/3 1381/36/3
f 1416/34/3 1381/34/3 1415/34/3
f 1417/36/3 1325/36/3 1359/36/3
f 1417/36/3 1359/36/3 1416/36/3
f 1418/36/3 1177/36/3 1325/36/3
f 1418/36/3 1325/36/3 1417/36/3
f 1419/35/3 1382/35/3 1177/35/3
f 1419/36/3 1177/36/3 1418/36/3
f 1420/35/3 1184/35/3 1278/35/3
f 1420/35/3 1278/35/3 1277/35/3
f 1421/35/3 1184/35/3 1420/35/3
f 1422/35/3 1328/35/3 1386/35/3
f 1422/35/3 1386/35/3 1385/35/3
f 1423/37/3 1387/37/3 1328/37/3
f 1423/35/3 1328/35/3 1422/35/3
f 1423/37/3 1388/37/3 1387/37/3
f 1424/46/3 1391/46/3 1390/46/3
f 1424/23/3 1393/23/3 1392/23/3
f 1424/23/3 1392/23/3 1391/23/3
f 1425/23/3 1393/23/3 1424/23/3
f 1426/46/3 1395/46/3 1394/46/3
f 1426/23/3 1393/23/3 1425/23/3
f 1426/46/3 1394/46/3 1393/46/3
f 1427/46/3 1395/46/3 1426/46/3
f 1428/35/3 1397/35/3 1396/35/3
f 1428/46/3 1395/46/3 1427/46/3
f 1428/35/3 1396/35/3 1395/35/3
f 1429/35/3 1397/35/3 1428/35/3
f 1430/35/3 1397/35/3 1429/35/3
f 1431/46/3 1363/46/3 1397/46/3
f 1431/35/3 1397/35/3 1430/35/3
f 1432/33/3 1405/33/3 1404/33/3
f 1432/33/3 1404/33/3 1403/33/3
f 1432/33/3 1407/33/3 1406/33/3
f 1432/33/3 1406/33/3 1405/33/3
f 1432/33/3 1408/33/3 1407/33/3
f 1432/33/3 1409/33/3 1408/33/3
f 1433/33/3 1409/33/3 1432/33/3
f 1434/30/3 1376/30/3 1409/30/3
f 1434/33/3 1409/33/3 1433/33/3
f 1435/35/3 1354/35/3 1376/35/3
f 1435/30/3 1376/30/3 1434/30/3
f 1436/6/3 1416/6/3 1415/6/3
f 1436/6/3 1417/6/3 1416/6/3
f 1436/6/3 1415/6/3 1414/6/3
f 1437/6/3 1417/6/3 1436/6/3
f 1438/6/3 1417/6/3 1437/6/3
f 1439/6/3 1417/6/3 1438/6/3
f 1440/6/3 1417/6/3 1439/6/3
f 1441/35/3 1382/35/3 1419/35/3
f 1441/35/3 1419/35/3 1418/35/3
f 1442/39/3 1383/39/3 1382/39/3
f 1442/35/3 1382/35/3 1441/35/3
f 1443/37/3 1385/37/3 1184/37/3
f 1444/35/3 1422/35/3 1385/35/3
f 1444/37/3 1385/37/3 1443/37/3
f 1445/46/3 1425/46/3 1424/46/3
f 1445/35/3 1389/35/3 1388/35/3
f 1445/46/3 1424/46/3 1390/46/3
f 1445/35/3 1390/35/3 1389/35/3
f 1446/46/3 1425/46/3 1445/46/3
f 1447/22/3 1426/22/3 1425/22/3
f 1447/46/3 1425/46/3 1446/46/3
f 1448/21/3 1427/21/3 1426/21/3
f 1448/22/3 1426/22/3 1447/22/3
f 1449/46/3 1429/46/3 1428/46/3
f 1449/21/3 1427/21/3 1448/21/3
f 1449/46/3 1428/46/3 1427/46/3
f 1450/46/3 1429/46/3 1449/46/3
f 1451/46/3 1429/46/3 1450/46/3
f 1452/46/3 1429/46/3 1451/46/3
f 1453/46/3 1429/46/3 1452/46/3
f 1454/35/3 1430/35/3 1429/35/3
f 1454/46/3 1429/46/3 1453/46/3
f 1455/46/3 1431/46/3 1430/46/3
f 1455/35/3 1430/35/3 1454/35/3
f 1456/18/3 1398/18/3 1063/18/3
f 1456/6/3 1400/6/3 1399/6/3
f 1456/6/3 1399/6/3 1398/6/3
f 1457/6/3 1400/6/3 1456/6/3
f 1458/32/3 1403/32/3 1402/32/3
f 1458/32/3 1402/32/3 1370/32/3
f 1459/33/3 1432/33/3 1403/33/3
f 1459/32/3 1403/32/3 1458/32/3
f 1460/41/3 1433/41/3 1432/41/3
f 1460/33/3 1432/33/3 1459/33/3
f 1461/40/3 1434/40/3 1433/40/3
f 1461/41/3 1433/41/3 1460/41/3
f 1462/33/3 1435/33/3 1434/33/3
f 1462/40/3 1434/40/3 1461/40/3
f 1463/33/3 1377/33/3 101/33/3
f 1463/3/3 1410/3/3 1377/3/3
f 1464/36/3 1411/36/3 1410/36/3
f 1464/3/3 1410/3/3 1463/3/3
f 1465/3/3 1412/3/3 1411/3/3
f 1465/36/3 1411/36/3 1464/36/3
f 1466/3/3 1412/3/3 1465/3/3
f 1467/36/3 1413/36/3 1412/36/3
f 1467/3/3 1412/3/3 1466/3/3
f 1468/3/3 1378/3/3 1413/3/3
f 1468/36/3 1413/36/3 1467/36/3
f 1469/36/3 183/36/3 1378/36/3
f 1469/3/3 1378/3/3 1468/3/3
f 1470/36/3 1418/36/3 1417/36/3
f 1470/35/3 1441/35/3 1418/35/3
f 1471/39/3 1442/39/3 1441/39/3
f 1471/35/3 1441/35/3 1470/35/3
f 1472/39/3 1383/39/3 1442/39/3
f 1472/39/3 1442/39/3 1471/39/3
f 1473/37/3 1443/37/3 1184/37/3
f 1473/35/3 1184/35/3 1421/35/3
f 1474/35/3 1444/35/3 1443/35/3
f 1474/37/3 1443/37/3 1473/37/3
f 1475/37/3 1388/37/3 1423/37/3
f 1475/37/3 1423/37/3 1422/37/3
f 1475/35/3 1446/35/3 1445/35/3
f 1475/35/3 1445/35/3 1388/35/3
f 1476/35/3 1446/35/3 1475/35/3
f 1477/46/3 1447/46/3 1446/46/3
f 1477/35/3 1446/35/3 1476/35/3
f 1477/46/3 1448/46/3 1447/46/3
f 1478/46/3 1448/46/3 1477/46/3
f 1479/23/3 1449/23/3 1448/23/3
f 1479/46/3 1448/46/3 1478/46/3
f 1479/23/3 1450/23/3 1449/23/3
f 1480/22/3 1451/22/3 1450/22/3
f 1480/23/3 1450/23/3 1479/23/3
f 1481/23/3 1452/23/3 1451/23/3
f 1481/22/3 1451/22/3 1480/22/3
f 1482/22/3 1453/22/3 1452/22/3
f 1482/23/3 1452/23/3 1481/23/3
f 1483/46/3 1455/46/3 1454/46/3
f 1483/22/3 1453/22/3 1482/22/3
f 1483/46/3 1454/46/3 1453/46/3
f 1484/46/3 1431/46/3 1455/46/3
f 1484/46/3 1455/46/3 1483/46/3
f 1484/46/3 1363/46/3 1431/46/3
f 1485/18/3 1456/18/3 1063/18/3
f 1485/7/3 1457/7/3 1456/7/3
f 1486/7/3 1457/7/3 1485/7/3
f 1487/6/3 1400/6/3 1457/6/3
f 1487/7/3 1457/7/3 1486/7/3
f 1488/6/3 1400/6/3 1487/6/3
f 1489/18/3 1401/18/3 1400/18/3
f 1489/6/3 1400/6/3 1488/6/3
f 1490/18/3 1369/18/3 1401/18/3
f 1490/18/3 1401/18/3 1489/18/3
f 1491/32/3 1458/32/3 1370/32/3
f 1491/32/3 1370/32/3 1343/32/3
f 1492/33/3 1461/33/3 1460/33/3
f 1492/32/3 1458/32/3 1491/32/3
f 1492/33/3 1460/33/3 1459/33/3
f 1492/33/3 1459/33/3 1458/33/3
f 1492/33/3 1462/33/3 1461/33/3
f 1493/33/3 1462/33/3 1492/33/3
f 1494/33/3 1435/33/3 1462/33/3
f 1494/33/3 1462/33/3 1493/33/3
f 1495/35/3 1354/35/3 1435/35/3
f 1495/33/3 1435/33/3 1494/33/3
f 1496/33/3 102/33/3 1354/33/3
f 1496/35/3 1354/35/3 1495/35/3
f 1497/3/3 1465/3/3 1464/3/3
f 1497/36/3 1464/36/3 1463/36/3
f 1498/36/3 1466/36/3 1465/36/3
f 1498/3/3 1465/3/3 1497/3/3
f 1499/3/3 1467/3/3 1466/3/3
f 1499/36/3 1466/36/3 1498/36/3
f 1499/3/3 1468/3/3 1467/3/3
f 1500/36/3 1469/36/3 1468/36/3
f 1500/3/3 1468/3/3 1499/3/3
f 1501/36/3 1439/36/3 1438/36/3
f 1501/33/3 1440/33/3 1439/33/3
f 1502/6/3 1417/6/3 1440/6/3
f 1502/33/3 1440/33/3 1501/33/3
f 1503/35/3 1420/35/3 1277/35/3
f 1503/37/3 1421/37/3 1420/37/3
f 1504/35/3 1474/35/3 1473/35/3
f 1504/37/3 1421/37/3 1503/37/3
f 1504/35/3 1473/35/3 1421/35/3
f 1505/35/3 1474/35/3 1504/35/3
f 1506/35/3 1444/35/3 1474/35/3
f 1506/35/3 1474/35/3 1505/35/3
f 1507/35/3 1422/35/3 1444/35/3
f 1507/35/3 1444/35/3 1506/35/3
f 1508/46/3 1481/46/3 1480/46/3
f 1508/35/3 1477/35/3 1476/35/3
f 1508/46/3 1479/46/3 1478/46/3
f 1508/46/3 1480/46/3 1479/46/3
f 1508/35/3 1478/35/3 1477/35/3
f 1509/46/3 1481/46/3 1508/46/3
f 1510/23/3 1483/23/3 1482/23/3
f 1510/46/3 1481/46/3 1509/46/3
f 1510/23/3 1482/23/3 1481/23/3
f 1510/23/3 1484/23/3 1483/23/3
f 1511/46/3 1363/46/3 1484/46/3
f 1511/23/3 1484/23/3 1510/23/3
f 1512/18/3 1486/18/3 1485/18/3
f 1512/7/3 1487/7/3 1486/7/3
f 1512/7/3 1488/7/3 1487/7/3
f 1513/7/3 1488/7/3 1512/7/3
f 1514/6/3 1489/6/3 1488/6/3
f 1514/7/3 1488/7/3 1513/7/3
f 1514/6/3 1490/6/3 1489/6/3
f 1515/6/3 1490/6/3 1514/6/3
f 1516/18/3 1369/18/3 1490/18/3
f 1516/6/3 1490/6/3 1515/6/3
f 1517/18/3 1341/18/3 1369/18/3
f 1517/18/3 1369/18/3 1516/18/3
f 1518/32/3 1491/32/3 1343/32/3
f 1518/34/3 1343/34/3 1342/34/3
f 1519/33/3 1493/33/3 1492/33/3
f 1519/32/3 1491/32/3 1518/32/3
f 1519/33/3 1492/33/3 1491/33/3
f 1520/33/3 1493/33/3 1519/33/3
f 1521/33/3 1493/33/3 1520/33/3
f 1522/33/3 1493/33/3 1521/33/3
f 1523/30/3 1494/30/3 1493/30/3
f 1523/33/3 1493/33/3 1522/33/3
f 1524/33/3 1495/33/3 1494/33/3
f 1524/30/3 1494/30/3 1523/30/3
f 1525/36/3 1496/36/3 1495/36/3
f 1525/33/3 1495/33/3 1524/33/3
f 1526/36/3 1498/36/3 1497/36/3
f 1526/36/3 1499/36/3 1498/36/3
f 1526/36/3 1497/36/3 1463/36/3
f 1526/36/3 1500/36/3 1499/36/3
f 1527/36/3 1469/36/3 1500/36/3
f 1527/36/3 1500/36/3 1526/36/3
f 1528/36/3 183/36/3 1469/36/3
f 1528/36/3 1469/36/3 1527/36/3
f 1528/6/3 184/6/3 183/6/3
f 1529/36/3 1414/36/3 184/36/3
f 1529/6/3 184/6/3 1528/6/3
f 1530/6/3 1436/6/3 1414/6/3
f 1530/36/3 1414/36/3 1529/36/3
f 1531/36/3 1437/36/3 1436/36/3
f 1531/6/3 1436/6/3 1530/6/3
f 1532/6/3 1438/6/3 1437/6/3
f 1532/36/3 1437/36/3 1531/36/3
f 1533/36/3 1501/36/3 1438/36/3
f 1533/6/3 1438/6/3 1532/6/3
f 1533/36/3 1502/36/3 1501/36/3
f 1534/6/3 1417/6/3 1502/6/3
f 1534/36/3 1502/36/3 1533/36/3
f 1535/36/3 1470/36/3 1417/36/3
f 1535/6/3 1417/6/3 1534/6/3
f 1536/36/3 1470/36/3 1535/36/3
f 1537/39/3 1471/39/3 1470/39/3
f 1537/36/3 1470/36/3 1536/36/3
f 1538/36/3 1472/36/3 1471/36/3
f 1538/39/3 1471/39/3 1537/39/3
f 1539/39/3 1277/39/3 1384/39/3
f 1539/33/3 1384/33/3 1383/33/3
f 1540/35/3 1505/35/3 1504/35/3
f 1540/39/3 1277/39/3 1539/39/3
f 1540/35/3 1503/35/3 1277/35/3
f 1540/35/3 1504/35/3 1503/35/3
f 1541/42/3 1506/42/3 1505/42/3
f 1541/35/3 1505/35/3 1540/35/3
f 1542/37/3 1507/37/3 1506/37/3
f 1542/42/3 1506/42/3 1541/42/3
f 1543/35/3 1422/35/3 1507/35/3
f 1543/37/3 1476/37/3 1475/37/3
f 1543/37/3 1475/37/3 1422/37/3
f 1544/37/3 1476/37/3 1543/37/3
f 1545/35/3 1509/35/3 1508/35/3
f 1546/46/3 1511/46/3 1510/46/3
f 1546/35/3 1509/35/3 1545/35/3
f 1546/46/3 1510/46/3 1509/46/3
f 1547/46/3 1511/46/3 1546/46/3
f 1548/46/3 1363/46/3 1511/46/3
f 1548/46/3 1511/46/3 1547/46/3
f 1549/26/3 915/26/3 914/26/3
f 1549/25/3 914/25/3 1363/25/3
f 1550/27/3 916/27/3 915/27/3
f 1550/26/3 915/26/3 1549/26/3
f 1551/18/3 1513/18/3 1512/18/3
f 1551/7/3 1514/7/3 1513/7/3
f 1551/7/3 1515/7/3 1514/7/3
f 1552/7/3 1515/7/3 1551/7/3
f 1553/6/3 1516/6/3 1515/6/3
f 1553/7/3 1515/7/3 1552/7/3
f 1553/6/3 1517/6/3 1516/6/3
f 1554/6/3 1517/6/3 1553/6/3
f 1555/18/3 1341/18/3 1517/18/3
f 1555/6/3 1517/6/3 1554/6/3
f 1556/18/3 1097/18/3 1341/18/3
f 1556/18/3 1341/18/3 1555/18/3
f 1557/18/3 1097/18/3 1556/18/3
f 1558/19/3 1038/19/3 1097/19/3
f 1558/18/3 1097/18/3 1557/18/3
f 1559/32/3 1039/32/3 1038/32/3
f 1559/19/3 1038/19/3 1558/19/3
f 1560/34/3 1518/34/3 1342/34/3
f 1560/46/3 1342/46/3 1291/46/3
f 1561/39/3 1519/39/3 1518/39/3
f 1561/34/3 1518/34/3 1560/34/3
f 1561/39/3 1520/39/3 1519/39/3
f 1562/38/3 1521/38/3 1520/38/3
f 1562/39/3 1520/39/3 1561/39/3
f 1563/33/3 1522/33/3 1521/33/3
f 1563/38/3 1521/38/3 1562/38/3
f 1564/33/3 1522/33/3 1563/33/3
f 1565/30/3 1523/30/3 1522/30/3
f 1565/33/3 1522/33/3 1564/33/3
f 1565/30/3 1524/30/3 1523/30/3
f 1566/30/3 1524/30/3 1565/30/3
f 1567/35/3 1525/35/3 1524/35/3
f 1567/30/3 1524/30/3 1566/30/3
f 1568/33/3 1463/33/3 101/33/3
f 1568/36/3 1526/36/3 1463/36/3
f 1569/3/3 1527/3/3 1526/3/3
f 1569/36/3 1526/36/3 1568/36/3
f 1570/36/3 1532/36/3 1531/36/3
f 1570/3/3 1527/3/3 1569/3/3
f 1570/36/3 1535/36/3 1534/36/3
f 1570/36/3 1531/36/3 1530/36/3
f 1570/36/3 1534/36/3 1533/36/3
f 1570/36/3 1530/36/3 1529/36/3
f 1570/36/3 1528/36/3 1527/36/3
f 1570/36/3 1536/36/3 1535/36/3
f 1570/36/3 1529/36/3 1528/36/3
f 1570/36/3 1533/36/3 1532/36/3
f 1571/36/3 1536/36/3 1570/36/3
f 1572/36/3 1536/36/3 1571/36/3
f 1573/39/3 1537/39/3 1536/39/3
f 1573/36/3 1536/36/3 1572/36/3
f 1574/35/3 1540/35/3 1539/35/3
f 1574/35/3 1541/35/3 1540/35/3
f 1575/37/3 1542/37/3 1541/37/3
f 1575/35/3 1541/35/3 1574/35/3
f 1576/37/3 1507/37/3 1542/37/3
f 1576/37/3 1542/37/3 1575/37/3
f 1576/35/3 1543/35/3 1507/35/3
f 1576/35/3 1544/35/3 1543/35/3
f 1577/35/3 1544/35/3 1576/35/3
f 1578/37/3 1476/37/3 1544/37/3
f 1579/35/3 1545/35/3 1508/35/3
f 1579/37/3 1476/37/3 1578/37/3
f 1579/35/3 1508/35/3 1476/35/3
f 1580/35/3 1545/35/3 1579/35/3
f 1581/46/3 1547/46/3 1546/46/3
f 1581/35/3 1545/35/3 1580/35/3
f 1581/46/3 1546/46/3 1545/46/3
f 1582/46/3 1547/46/3 1581/46/3
f 1583/23/3 1548/23/3 1547/23/3
f 1583/46/3 1547/46/3 1582/46/3
f 1584/23/3 1548/23/3 1583/23/3
f 1585/46/3 1363/46/3 1548/46/3
f 1585/23/3 1548/23/3 1584/23/3
f 1586/36/3 1550/36/3 1549/36/3
f 1586/25/3 1549/25/3 1363/25/3
f 1587/27/3 916/27/3 1550/27/3
f 1587/36/3 1550/36/3 1586/36/3
f 1588/7/3 1554/7/3 1553/7/3
f 1588/18/3 1552/18/3 1551/18/3
f 1588/7/3 1553/7/3 1552/7/3
f 1589/7/3 1554/7/3 1588/7/3
f 1590/6/3 1555/6/3 1554/6/3
f 1590/7/3 1554/7/3 1589/7/3
f 1590/6/3 1556/6/3 1555/6/3
f 1591/6/3 1556/6/3 1590/6/3
f 1592/32/3 1039/32/3 1559/32/3
f 1592/32/3 1559/32/3 1558/32/3
f 1593/46/3 1003/46/3 1039/46/3
f 1593/32/3 1039/32/3 1592/32/3
f 1594/33/3 1562/33/3 1561/33/3
f 1594/33/3 1564/33/3 1563/33/3
f 1594/33/3 1563/33/3 1562/33/3
f 1595/33/3 1564/33/3 1594/33/3
f 1596/33/3 1564/33/3 1595/33/3
f 1597/30/3 1565/30/3 1564/30/3
f 1597/30/3 1566/30/3 1565/30/3
f 1598/35/3 1567/35/3 1566/35/3
f 1598/30/3 1566/30/3 1597/30/3
f 1599/39/3 1537/39/3 1573/39/3
f 1599/39/3 1573/39/3 1572/39/3
f 1600/36/3 1538/36/3 1537/36/3
f 1600/39/3 1537/39/3 1599/39/3
f 1601/36/3 1472/36/3 1538/36/3
f 1601/36/3 1538/36/3 1600/36/3
f 1601/39/3 1383/39/3 1472/39/3
f 1602/33/3 1539/33/3 1383/33/3
f 1602/39/3 1383/39/3 1601/39/3
f 1603/35/3 1574/35/3 1539/35/3
f 1603/33/3 1539/33/3 1602/33/3
f 1604/37/3 1575/37/3 1574/37/3
f 1604/35/3 1574/35/3 1603/35/3
f 1604/37/3 1577/37/3 1576/37/3
f 1604/37/3 1576/37/3 1575/37/3
f 1605/35/3 1544/35/3 1577/35/3
f 1605/37/3 1577/37/3 1604/37/3
f 1606/35/3 1544/35/3 1605/35/3
f 1607/35/3 1580/35/3 1579/35/3
f 1607/35/3 1579/35/3 1578/35/3
f 1608/46/3 1582/46/3 1581/46/3
f 1608/35/3 1580/35/3 1607/35/3
f 1608/46/3 1581/46/3 1580/46/3
f 1609/46/3 1582/46/3 1608/46/3
f 1610/23/3 1584/23/3 1583/23/3
f 1610/46/3 1582/46/3 1609/46/3
f 1610/23/3 1583/23/3 1582/23/3
f 1611/23/3 1584/23/3 1610/23/3
f 1612/22/3 1585/22/3 1584/22/3
f 1612/23/3 1584/23/3 1611/23/3
f 1613/46/3 1363/46/3 1585/46/3
f 1613/22/3 1585/22/3 1612/22/3
f 1614/25/3 1586/25/3 1363/25/3
f 1614/26/3 1587/26/3 1586/26/3
f 1615/27/3 916/27/3 1587/27/3
f 1615/26/3 1587/26/3 1614/26/3
f 1616/18/3 1589/18/3 1588/18/3
f 1616/7/3 1590/7/3 1589/7/3
f 1616/7/3 1591/7/3 1590/7/3
f 1617/7/3 1591/7/3 1616/7/3
f 1618/6/3 1556/6/3 1591/6/3
f 1618/7/3 1591/7/3 1617/7/3
f 1619/6/3 1556/6/3 1618/6/3
f 1620/46/3 1003/46/3 1593/46/3
f 1620/46/3 1593/46/3 1592/46/3
f 1621/25/3 1290/25/3 1003/25/3
f 1621/46/3 1003/46/3 1620/46/3
f 1622/46/3 1560/46/3 1291/46/3
f 1622/32/3 1561/32/3 1560/32/3
f 1623/33/3 1594/33/3 1561/33/3
f 1623/32/3 1561/32/3 1622/32/3
f 1624/41/3 1595/41/3 1594/41/3
f 1624/33/3 1594/33/3 1623/33/3
f 1625/40/3 1596/40/3 1595/40/3
f 1625/41/3 1595/41/3 1624/41/3
f 1626/33/3 1564/33/3 1596/33/3
f 1626/40/3 1596/40/3 1625/40/3
f 1627/3/3 1569/3/3 1568/3/3
f 1627/33/3 1568/33/3 101/33/3
f 1628/36/3 1570/36/3 1569/36/3
f 1628/3/3 1569/3/3 1627/3/3
f 1629/3/3 1571/3/3 1570/3/3
f 1629/36/3 1570/36/3 1628/36/3
f 1630/36/3 1572/36/3 1571/36/3
f 1630/3/3 1571/3/3 1629/3/3
f 1631/36/3 1572/36/3 1630/36/3
f 1632/39/3 1599/39/3 1572/39/3
f 1632/36/3 1572/36/3 1631/36/3
f 1633/36/3 1600/36/3 1599/36/3
f 1633/39/3 1599/39/3 1632/39/3
f 1634/33/3 1603/33/3 1602/33/3
f 1634/36/3 1600/36/3 1633/36/3
f 1634/33/3 1604/33/3 1603/33/3
f 1634/33/3 1601/33/3 1600/33/3
f 1634/33/3 1602/33/3 1601/33/3
f 1635/33/3 1604/33/3 1634/33/3
f 1636/37/3 1606/37/3 1605/37/3
f 1636/33/3 1604/33/3 1635/33/3
f 1636/37/3 1605/37/3 1604/37/3
f 1637/37/3 1606/37/3 1636/37/3
f 1638/46/3 1609/46/3 1608/46/3
f 1638/46/3 1608/46/3 1607/46/3
f 1639/23/3 1611/23/3 1610/23/3
f 1639/46/3 1609/46/3 1638/46/3
f 1639/23/3 1610/23/3 1609/23/3
f 1640/23/3 1611/23/3 1639/23/3
f 1641/21/3 1612/21/3 1611/21/3
f 1641/23/3 1611/23/3 1640/23/3
f 1642/46/3 1613/46/3 1612/46/3
f 1643/46/3 1363/46/3 1613/46/3
f 1643/46/3 1613/46/3 1642/46/3
f 1644/18/3 1617/18/3 1616/18/3
f 1644/7/3 1618/7/3 1617/7/3
f 1644/7/3 1619/7/3 1618/7/3
f 1645/7/3 1619/7/3 1644/7/3
f 1646/6/3 1556/6/3 1619/6/3
f 1646/7/3 1619/7/3 1645/7/3
f 1647/6/3 1556/6/3 1646/6/3
f 1648/6/3 1556/6/3 1647/6/3
f 1649/6/3 1556/6/3 1648/6/3
f 1650/18/3 1557/18/3 1556/18/3
f 1650/6/3 1556/6/3 1649/6/3
f 1651/46/3 1622/46/3 1291/46/3
f 1651/33/3 1623/33/3 1622/33/3
f 1652/41/3 1624/41/3 1623/41/3
f 1652/33/3 1623/33/3 1651/33/3
f 1653/41/3 1624/41/3 1652/41/3
f 1654/33/3 1625/33/3 1624/33/3
f 1654/41/3 1624/41/3 1653/41/3
f 1654/33/3 1626/33/3 1625/33/3
f 1655/33/3 1564/33/3 1626/33/3
f 1655/33/3 1626/33/3 1654/33/3
f 1656/30/3 1597/30/3 1564/30/3
f 1656/33/3 1564/33/3 1655/33/3
f 1657/35/3 1598/35/3 1597/35/3
f 1657/30/3 1597/30/3 1656/30/3
f 1658/35/3 1567/35/3 1598/35/3
f 1658/35/3 1598/35/3 1657/35/3
f 1659/36/3 1496/36/3 1525/36/3
f 1659/35/3 1567/35/3 1658/35/3
f 1659/35/3 1525/35/3 1567/35/3
f 1660/33/3 102/33/3 1496/33/3
f 1660/36/3 1496/36/3 1659/36/3
f 1661/36/3 1628/36/3 1627/36/3
f 1661/3/3 1629/3/3 1628/3/3
f 1662/36/3 1630/36/3 1629/36/3
f 1662/3/3 1629/3/3 1661/3/3
f 1662/36/3 1631/36/3 1630/36/3
f 1663/36/3 1631/36/3 1662/36/3
f 1664/39/3 1632/39/3 1631/39/3
f 1664/36/3 1631/36/3 1663/36/3
f 1665/35/3 1637/35/3 1636/35/3
f 1665/33/3 1636/33/3 1635/33/3
f 1666/37/3 1606/37/3 1637/37/3
f 1666/35/3 1637/35/3 1665/35/3
f 1667/37/3 1606/37/3 1666/37/3
f 1668/35/3 1544/35/3 1606/35/3
f 1668/37/3 1606/37/3 1667/37/3
f 1669/37/3 1578/37/3 1544/37/3
f 1669/35/3 1544/35/3 1668/35/3
f 1670/35/3 1607/35/3 1578/35/3
f 1670/37/3 1578/37/3 1669/37/3
f 1671/35/3 1607/35/3 1670/35/3
f 1672/46/3 1638/46/3 1607/46/3
f 1672/35/3 1607/35/3 1671/35/3
f 1673/23/3 1640/23/3 1639/23/3
f 1673/23/3 1639/23/3 1638/23/3
f 1674/22/3 1641/22/3 1640/22/3
f 1674/23/3 1640/23/3 1673/23/3
f 1675/21/3 1612/21/3 1641/21/3
f 1675/22/3 1641/22/3 1674/22/3
f 1676/46/3 1642/46/3 1612/46/3
f 1676/21/3 1612/21/3 1675/21/3
f 1677/35/3 1643/35/3 1642/35/3
f 1677/46/3 1642/46/3 1676/46/3
f 1678/35/3 1643/35/3 1677/35/3
f 1679/46/3 1363/46/3 1643/46/3
f 1679/35/3 1643/35/3 1678/35/3
f 1680/18/3 1645/18/3 1644/18/3
f 1680/7/3 1647/7/3 1646/7/3
f 1680/7/3 1646/7/3 1645/7/3
f 1681/7/3 1647/7/3 1680/7/3
f 1682/6/3 1648/6/3 1647/6/3
f 1682/7/3 1647/7/3 1681/7/3
f 1683/6/3 1648/6/3 1682/6/3
f 1684/6/3 1648/6/3 1683/6/3
f 1685/7/3 1649/7/3 1648/7/3
f 1685/6/3 1648/6/3 1684/6/3
f 1686/18/3 1650/18/3 1649/18/3
f 1686/7/3 1649/7/3 1685/7/3
f 1687/38/3 1653/38/3 1652/38/3
f 1687/38/3 1652/38/3 1651/38/3
f 1687/46/3 1651/46/3 1291/46/3
f 1688/38/3 1653/38/3 1687/38/3
f 1689/39/3 1654/39/3 1653/39/3
f 1689/38/3 1653/38/3 1688/38/3
f 1689/39/3 1655/39/3 1654/39/3
f 1690/39/3 1655/39/3 1689/39/3
f 1691/33/3 1656/33/3 1655/33/3
f 1691/39/3 1655/39/3 1690/39/3
f 1692/36/3 1661/36/3 1627/36/3
f 1692/36/3 1663/36/3 1662/36/3
f 1692/36/3 1662/36/3 1661/36/3
f 1693/36/3 1663/36/3 1692/36/3
f 1694/36/3 1663/36/3 1693/36/3
f 1695/39/3 1664/39/3 1663/39/3
f 1695/36/3 1663/36/3 1694/36/3
f 1696/39/3 1632/39/3 1664/39/3
f 1696/39/3 1664/39/3 1695/39/3
f 1697/36/3 1633/36/3 1632/36/3
f 1697/39/3 1632/39/3 1696/39/3
f 1697/36/3 1635/36/3 1634/36/3
f 1697/36/3 1634/36/3 1633/36/3
f 1698/46/3 1638/46/3 1672/46/3
f 1698/46/3 1672/46/3 1671/46/3
f 1699/23/3 1673/23/3 1638/23/3
f 1699/46/3 1638/46/3 1698/46/3
f 1700/22/3 1674/22/3 1673/22/3
f 1700/23/3 1673/23/3 1699/23/3
f 1701/21/3 1675/21/3 1674/21/3
f 1701/22/3 1674/22/3 1700/22/3
f 1702/46/3 1676/46/3 1675/46/3
f 1702/21/3 1675/21/3 1701/21/3
f 1703/35/3 1678/35/3 1677/35/3
f 1703/46/3 1676/46/3 1702/46/3
f 1703/35/3 1677/35/3 1676/35/3
f 1704/46/3 1679/46/3 1678/46/3
f 1704/35/3 1678/35/3 1703/35/3
f 1705/46/3 1363/46/3 1679/46/3
f 1705/46/3 1679/46/3 1704/46/3
f 1706/25/3 1614/25/3 1363/25/3
f 1706/42/3 1615/42/3 1614/42/3
f 1707/27/3 916/27/3 1615/27/3
f 1707/42/3 1615/42/3 1706/42/3
f 1708/7/3 1683/7/3 1682/7/3
f 1708/18/3 1681/18/3 1680/18/3
f 1708/7/3 1682/7/3 1681/7/3
f 1709/7/3 1683/7/3 1708/7/3
f 1710/6/3 1684/6/3 1683/6/3
f 1710/7/3 1683/7/3 1709/7/3
f 1711/6/3 1684/6/3 1710/6/3
f 1712/6/3 1684/6/3 1711/6/3
f 1713/7/3 1685/7/3 1684/7/3
f 1713/6/3 1684/6/3 1712/6/3
f 1714/18/3 1686/18/3 1685/18/3
f 1714/7/3 1685/7/3 1713/7/3
f 1715/33/3 1691/33/3 1690/33/3
f 1715/34/3 1690/34/3 1689/34/3
f 1716/33/3 1691/33/3 1715/33/3
f 1717/33/3 1691/33/3 1716/33/3
f 1718/33/3 1691/33/3 1717/33/3
f 1719/33/3 1656/33/3 1691/33/3
f 1719/33/3 1691/33/3 1718/33/3
f 1720/34/3 1658/34/3 1657/34/3
f 1720/33/3 1656/33/3 1719/33/3
f 1720/34/3 1657/34/3 1656/34/3
f 1721/33/3 1627/33/3 101/33/3
f 1721/36/3 1692/36/3 1627/36/3
f 1722/3/3 1693/3/3 1692/3/3
f 1722/36/3 1692/36/3 1721/36/3
f 1723/36/3 1694/36/3 1693/36/3
f 1723/3/3 1693/3/3 1722/3/3
f 1724/36/3 1694/36/3 1723/36/3
f 1725/36/3 1694/36/3 1724/36/3
f 1726/39/3 1696/39/3 1695/39/3
f 1726/36/3 1694/36/3 1725/36/3
f 1726/39/3 1695/39/3 1694/39/3
f 1727/36/3 1635/36/3 1697/36/3
f 1727/36/3 1697/36/3 1696/36/3
f 1728/33/3 1665/33/3 1635/33/3
f 1728/36/3 1635/36/3 1727/36/3
f 1729/22/3 1700/22/3 1699/22/3
f 1729/22/3 1699/22/3 1698/22/3
f 1729/46/3 1698/46/3 1671/46/3
f 1730/46/3 1702/46/3 1701/46/3
f 1730/22/3 1700/22/3 1729/22/3
f 1730/46/3 1704/46/3 1703/46/3
f 1730/46/3 1701/46/3 1700/46/3
f 1730/46/3 1703/46/3 1702/46/3
f 1731/46/3 1704/46/3 1730/46/3
f 1732/23/3 1705/23/3 1704/23/3
f 1732/46/3 1704/46/3 1731/46/3
f 1733/25/3 1706/25/3 1363/25/3
f 1733/26/3 1707/26/3 1706/26/3
f 1734/27/3 916/27/3 1707/27/3
f 1734/26/3 1707/26/3 1733/26/3
f 1735/18/3 1709/18/3 1708/18/3
f 1735/7/3 1711/7/3 1710/7/3
f 1735/7/3 1710/7/3 1709/7/3
f 1736/7/3 1711/7/3 1735/7/3
f 1737/6/3 1712/6/3 1711/6/3
f 1737/7/3 1711/7/3 1736/7/3
f 1738/6/3 1712/6/3 1737/6/3
f 1739/6/3 1712/6/3 1738/6/3
f 1740/7/3 1713/7/3 1712/7/3
f 1740/6/3 1712/6/3 1739/6/3
f 1741/18/3 1714/18/3 1713/18/3
f 1741/7/3 1713/7/3 1740/7/3
f 1742/32/3 1688/32/3 1687/32/3
f 1742/46/3 1687/46/3 1291/46/3
f 1743/33/3 1689/33/3 1688/33/3
f 1743/32/3 1688/32/3 1742/32/3
f 1744/34/3 1718/34/3 1717/34/3
f 1744/33/3 1717/33/3 1716/33/3
f 1745/34/3 1718/34/3 1744/34/3
f 1746/34/3 1658/34/3 1720/34/3
f 1746/30/3 1720/30/3 1719/30/3
f 1747/34/3 1658/34/3 1746/34/3
f 1748/35/3 1659/35/3 1658/35/3
f 1748/34/3 1658/34/3 1747/34/3
f 1748/35/3 1660/35/3 1659/35/3
f 1749/35/3 1660/35/3 1748/35/3
f 1750/39/3 1696/39/3 1726/39/3
f 1750/39/3 1726/39/3 1725/39/3
f 1751/36/3 1727/36/3 1696/36/3
f 1751/39/3 1696/39/3 1750/39/3
f 1752/36/3 1727/36/3 1751/36/3
f 1753/33/3 1728/33/3 1727/33/3
f 1753/36/3 1727/36/3 1752/36/3
f 1754/33/3 1665/33/3 1728/33/3
f 1754/33/3 1728/33/3 1753/33/3
f 1755/33/3 1665/33/3 1754/33/3
f 1756/33/3 1665/33/3 1755/33/3
f 1757/33/3 1665/33/3 1756/33/3
f 1758/37/3 1667/37/3 1666/37/3
f 1758/33/3 1665/33/3 1757/33/3
f 1758/37/3 1666/37/3 1665/37/3
f 1759/37/3 1667/37/3 1758/37/3
f 1760/35/3 1668/35/3 1667/35/3
f 1760/37/3 1667/37/3 1759/37/3
f 1760/35/3 1671/35/3 1670/35/3
f 1760/35/3 1669/35/3 1668/35/3
f 1760/35/3 1670/35/3 1669/35/3
f 1761/35/3 1671/35/3 1760/35/3
f 1762/35/3 1671/35/3 1761/35/3
f 1763/46/3 1729/46/3 1671/46/3
f 1763/35/3 1671/35/3 1762/35/3
f 1763/46/3 1731/46/3 1730/46/3
f 1763/46/3 1730/46/3 1729/46/3
f 1764/46/3 1731/46/3 1763/46/3
f 1765/23/3 1732/23/3 1731/23/3
f 1765/46/3 1731/46/3 1764/46/3
f 1766/23/3 1732/23/3 1765/23/3
f 1767/23/3 1705/23/3 1732/23/3
f 1767/23/3 1732/23/3 1766/23/3
f 1767/46/3 1363/46/3 1705/46/3
f 1768/18/3 1736/18/3 1735/18/3
f 1768/7/3 1737/7/3 1736/7/3
f 1768/7/3 1738/7/3 1737/7/3
f 1769/6/3 1739/6/3 1738/6/3
f 1769/7/3 1738/7/3 1768/7/3
f 1770/7/3 1740/7/3 1739/7/3
f 1770/6/3 1739/6/3 1769/6/3
f 1771/18/3 1741/18/3 1740/18/3
f 1771/7/3 1740/7/3 1770/7/3
f 1772/34/3 1716/34/3 1715/34/3
f 1773/33/3 1745/33/3 1744/33/3
f 1773/34/3 1716/34/3 1772/34/3
f 1773/33/3 1744/33/3 1716/33/3
f 1774/33/3 1747/33/3 1746/33/3
f 1774/34/3 1748/34/3 1747/34/3
f 1775/30/3 1749/30/3 1748/30/3
f 1775/34/3 1748/34/3 1774/34/3
f 1776/33/3 1721/33/3 101/33/3
f 1776/3/3 1722/3/3 1721/3/3
f 1777/36/3 1723/36/3 1722/36/3
f 1777/3/3 1722/3/3 1776/3/3
f 1778/3/3 1724/3/3 1723/3/3
f 1778/36/3 1723/36/3 1777/36/3
f 1779/36/3 1725/36/3 1724/36/3
f 1779/3/3 1724/3/3 1778/3/3
f 1780/36/3 1725/36/3 1779/36/3
f 1781/39/3 1750/39/3 1725/39/3
f 1781/36/3 1725/36/3 1780/36/3
f 1782/36/3 1752/36/3 1751/36/3
f 1782/39/3 1750/39/3 1781/39/3
f 1782/36/3 1751/36/3 1750/36/3
f 1783/46/3 1764/46/3 1763/46/3
f 1783/46/3 1763/46/3 1762/46/3
f 1784/23/3 1766/23/3 1765/23/3
f 1784/46/3 1764/46/3 1783/46/3
f 1784/23/3 1765/23/3 1764/23/3
f 1785/23/3 1766/23/3 1784/23/3
f 1786/23/3 1766/23/3 1785/23/3
f 1787/22/3 1767/22/3 1766/22/3
f 1787/23/3 1766/23/3 1786/23/3
f 1788/22/3 1767/22/3 1787/22/3
f 1789/46/3 1363/46/3 1767/46/3
f 1789/22/3 1767/22/3 1788/22/3
f 1790/36/3 1734/36/3 1733/36/3
f 1790/25/3 1733/25/3 1363/25/3
f 1791/27/3 916/27/3 1734/27/3
f 1791/36/3 1734/36/3 1790/36/3
f 1792/18/3 1769/18/3 1768/18/3
f 1792/7/3 1770/7/3 1769/7/3
f 1793/18/3 1771/18/3 1770/18/3
f 1793/7/3 1770/7/3 1792/7/3
f 1794/18/3 1714/18/3 1741/18/3
f 1794/18/3 1771/18/3 1793/18/3
f 1794/18/3 1741/18/3 1771/18/3
f 1794/18/3 1686/18/3 1714/18/3
f 1794/18/3 1650/18/3 1686/18/3
f 1794/18/3 1557/18/3 1650/18/3
f 1795/19/3 1558/19/3 1557/19/3
f 1795/18/3 1557/18/3 1794/18/3
f 1796/33/3 1719/33/3 1718/33/3
f 1796/34/3 1718/34/3 1745/34/3
f 1797/33/3 1719/33/3 1796/33/3
f 1798/30/3 1746/30/3 1719/30/3
f 1798/33/3 1719/33/3 1797/33/3
f 1799/33/3 1775/33/3 1774/33/3
f 1799/30/3 1746/30/3 1798/30/3
f 1799/33/3 1774/33/3 1746/33/3
f 1800/35/3 1660/35/3 1749/35/3
f 1800/30/3 1749/30/3 1775/30/3
f 1801/33/3 102/33/3 1660/33/3
f 1801/35/3 1660/35/3 1800/35/3
f 1802/3/3 1778/3/3 1777/3/3
f 1802/36/3 1777/36/3 1776/36/3
f 1803/36/3 1780/36/3 1779/36/3
f 1803/3/3 1778/3/3 1802/3/3
f 1803/36/3 1779/36/3 1778/36/3
f 1804/41/3 1755/41/3 1754/41/3
f 1804/33/3 1754/33/3 1753/33/3
f 1805/33/3 1756/33/3 1755/33/3
f 1805/41/3 1755/41/3 1804/41/3
f 1806/39/3 1757/39/3 1756/39/3
f 1806/33/3 1756/33/3 1805/33/3
f 1807/35/3 1758/35/3 1757/35/3
f 1807/39/3 1757/39/3 1806/39/3
f 1808/37/3 1761/37/3 1760/37/3
f 1808/35/3 1760/35/3 1759/35/3
f 1809/35/3 1762/35/3 1761/35/3
f 1809/37/3 1761/37/3 1808/37/3
f 1810/35/3 1762/35/3 1809/35/3
f 1811/46/3 1783/46/3 1762/46/3
f 1811/35/3 1762/35/3 1810/35/3
f 1812/23/3 1785/23/3 1784/23/3
f 1812/23/3 1784/23/3 1783/23/3
f 1813/23/3 1785/23/3 1812/23/3
f 1814/22/3 1786/22/3 1785/22/3
f 1814/23/3 1785/23/3 1813/23/3
f 1815/21/3 1787/21/3 1786/21/3
f 1815/22/3 1786/22/3 1814/22/3
f 1815/21/3 1788/21/3 1787/21/3
f 1816/46/3 1789/46/3 1788/46/3
f 1816/21/3 1788/21/3 1815/21/3
f 1817/46/3 1789/46/3 1816/46/3
f 1818/46/3 1789/46/3 1817/46/3
f 1819/46/3 1363/46/3 1789/46/3
f 1819/46/3 1789/46/3 1818/46/3
f 1820/25/3 1790/25/3 1363/25/3
f 1820/46/3 1363/46/3 1819/46/3
f 1821/26/3 1791/26/3 1790/26/3
f 1821/25/3 1790/25/3 1820/25/3
f 1822/33/3 1689/33/3 1743/33/3
f 1822/34/3 1743/34/3 1742/34/3
f 1823/33/3 1689/33/3 1822/33/3
f 1824/33/3 1775/33/3 1799/33/3
f 1824/30/3 1801/30/3 1800/30/3
f 1824/30/3 1800/30/3 1775/30/3
f 1824/33/3 1799/33/3 1798/33/3
f 1824/33/3 1798/33/3 1797/33/3
f 1825/30/3 1801/30/3 1824/30/3
f 1826/36/3 1803/36/3 1802/36/3
f 1827/36/3 1780/36/3 1803/36/3
f 1827/36/3 1803/36/3 1826/36/3
f 1828/36/3 1780/36/3 1827/36/3
f 1829/39/3 1781/39/3 1780/39/3
f 1829/36/3 1780/36/3 1828/36/3
f 1830/36/3 1782/36/3 1781/36/3
f 1830/39/3 1781/39/3 1829/39/3
f 1831/36/3 1752/36/3 1782/36/3
f 1831/36/3 1782/36/3 1830/36/3
f 1832/36/3 1752/36/3 1831/36/3
f 1833/35/3 1758/35/3 1807/35/3
f 1833/35/3 1807/35/3 1806/35/3
f 1834/37/3 1759/37/3 1758/37/3
f 1834/35/3 1758/35/3 1833/35/3
f 1835/46/3 1783/46/3 1811/46/3
f 1835/46/3 1811/46/3 1810/46/3
f 1836/23/3 1812/23/3 1783/23/3
f 1836/46/3 1783/46/3 1835/46/3
f 1837/23/3 1812/23/3 1836/23/3
f 1838/22/3 1813/22/3 1812/22/3
f 1838/23/3 1812/23/3 1837/23/3
f 1839/21/3 1814/21/3 1813/21/3
f 1839/22/3 1813/22/3 1838/22/3
f 1839/21/3 1815/21/3 1814/21/3
f 1840/46/3 1817/46/3 1816/46/3
f 1840/21/3 1815/21/3 1839/21/3
f 1840/46/3 1816/46/3 1815/46/3
f 1841/46/3 1817/46/3 1840/46/3
f 1842/23/3 1818/23/3 1817/23/3
f 1842/46/3 1817/46/3 1841/46/3
f 1843/23/3 1818/23/3 1842/23/3
f 1844/22/3 1819/22/3 1818/22/3
f 1844/23/3 1818/23/3 1843/23/3
f 1845/46/3 1821/46/3 1820/46/3
f 1845/22/3 1819/22/3 1844/22/3
f 1845/46/3 1820/46/3 1819/46/3
f 1846/18/3 1793/18/3 1792/18/3
f 1846/18/3 1792/18/3 1768/18/3
f 1846/18/3 1616/18/3 1588/18/3
f 1846/19/3 1063/19/3 1033/19/3
f 1846/18/3 1768/18/3 1735/18/3
f 1846/18/3 1485/18/3 1063/18/3
f 1846/18/3 1794/18/3 1793/18/3
f 1846/18/3 1512/18/3 1485/18/3
f 1846/18/3 1588/18/3 1551/18/3
f 1846/18/3 1551/18/3 1512/18/3
f 1846/18/3 1735/18/3 1708/18/3
f 1846/18/3 1644/18/3 1616/18/3
f 1846/18/3 1708/18/3 1680/18/3
f 1846/18/3 1680/18/3 1644/18/3
f 1847/18/3 1794/18/3 1846/18/3
f 1848/18/3 1794/18/3 1847/18/3
f 1849/18/3 1794/18/3 1848/18/3
f 1850/34/3 1823/34/3 1822/34/3
f 1850/34/3 1822/34/3 1742/34/3
f 1851/34/3 1823/34/3 1850/34/3
f 1852/33/3 1689/33/3 1823/33/3
f 1852/34/3 1823/34/3 1851/34/3
f 1853/34/3 1715/34/3 1689/34/3
f 1853/33/3 1689/33/3 1852/33/3
f 1853/34/3 1772/34/3 1715/34/3
f 1854/34/3 1772/34/3 1853/34/3
f 1855/33/3 1773/33/3 1772/33/3
f 1855/33/3 1745/33/3 1773/33/3
f 1856/33/3 1745/33/3 1855/33/3
f 1857/33/3 1825/33/3 1824/33/3
f 1857/33/3 1824/33/3 1797/33/3
f 1858/33/3 1825/33/3 1857/33/3
f 1859/30/3 1801/30/3 1825/30/3
f 1859/33/3 1825/33/3 1858/33/3
f 1860/30/3 1801/30/3 1859/30/3
f 1861/36/3 1802/36/3 1776/36/3
f 1861/33/3 1776/33/3 101/33/3
f 1861/36/3 1826/36/3 1802/36/3
f 1862/36/3 1826/36/3 1861/36/3
f 1863/36/3 1826/36/3 1862/36/3
f 1864/3/3 1827/3/3 1826/3/3
f 1864/36/3 1826/36/3 1863/36/3
f 1865/36/3 1828/36/3 1827/36/3
f 1865/3/3 1827/3/3 1864/3/3
f 1866/36/3 1828/36/3 1865/36/3
f 1867/36/3 1830/36/3 1829/36/3
f 1867/36/3 1831/36/3 1830/36/3
f 1867/33/3 1832/33/3 1831/33/3
f 1868/36/3 1752/36/3 1832/36/3
f 1868/33/3 1832/33/3 1867/33/3
f 1869/34/3 1753/34/3 1752/34/3
f 1869/36/3 1752/36/3 1868/36/3
f 1870/33/3 1805/33/3 1804/33/3
f 1870/34/3 1753/34/3 1869/34/3
f 1870/33/3 1804/33/3 1753/33/3
f 1871/33/3 1805/33/3 1870/33/3
f 1872/39/3 1806/39/3 1805/39/3
f 1872/33/3 1805/33/3 1871/33/3
f 1873/35/3 1833/35/3 1806/35/3
f 1873/39/3 1806/39/3 1872/39/3
f 1874/37/3 1834/37/3 1833/37/3
f 1874/35/3 1833/35/3 1873/35/3
f 1875/23/3 1836/23/3 1835/23/3
f 1875/23/3 1837/23/3 1836/23/3
f 1876/22/3 1838/22/3 1837/22/3
f 1876/23/3 1837/23/3 1875/23/3
f 1877/21/3 1839/21/3 1838/21/3
f 1877/22/3 1838/22/3 1876/22/3
f 1878/46/3 1840/46/3 1839/46/3
f 1878/21/3 1839/21/3 1877/21/3
f 1878/46/3 1841/46/3 1840/46/3
f 1879/46/3 1841/46/3 1878/46/3
f 1880/46/3 1841/46/3 1879/46/3
f 1881/23/3 1843/23/3 1842/23/3
f 1881/23/3 1842/23/3 1841/23/3
f 1882/23/3 1843/23/3 1881/23/3
f 1883/46/3 1845/46/3 1844/46/3
f 1883/23/3 1843/23/3 1882/23/3
f 1883/46/3 1844/46/3 1843/46/3
f 1884/46/3 1845/46/3 1883/46/3
f 1885/46/3 1821/46/3 1845/46/3
f 1885/46/3 1845/46/3 1884/46/3
f 1886/25/3 1091/25/3 850/25/3
f 1886/24/3 1092/24/3 1091/24/3
f 1887/46/3 1093/46/3 1092/46/3
f 1887/24/3 1092/24/3 1886/24/3
f 1888/46/3 1032/46/3 1093/46/3
f 1888/46/3 1093/46/3 1887/46/3
f 1889/19/3 1847/19/3 1846/19/3
f 1889/18/3 1848/18/3 1847/18/3
f 1890/19/3 1849/19/3 1848/19/3
f 1890/18/3 1848/18/3 1889/18/3
f 1891/18/3 1794/18/3 1849/18/3
f 1891/19/3 1849/19/3 1890/19/3
f 1892/19/3 1795/19/3 1794/19/3
f 1892/18/3 1794/18/3 1891/18/3
f 1893/34/3 1850/34/3 1742/34/3
f 1893/46/3 1742/46/3 1291/46/3
f 1894/32/3 1851/32/3 1850/32/3
f 1894/34/3 1850/34/3 1893/34/3
f 1895/34/3 1772/34/3 1854/34/3
f 1896/33/3 1855/33/3 1772/33/3
f 1896/34/3 1772/34/3 1895/34/3
f 1897/42/3 1856/42/3 1855/42/3
f 1897/33/3 1855/33/3 1896/33/3
f 1898/33/3 1745/33/3 1856/33/3
f 1898/42/3 1856/42/3 1897/42/3
f 1899/34/3 1797/34/3 1796/34/3
f 1899/33/3 1745/33/3 1898/33/3
f 1899/34/3 1796/34/3 1745/34/3
f 1900/34/3 1797/34/3 1899/34/3
f 1901/41/3 1858/41/3 1857/41/3
f 1901/33/3 1857/33/3 1797/33/3
f 1902/40/3 1859/40/3 1858/40/3
f 1902/41/3 1858/41/3 1901/41/3
f 1903/33/3 1860/33/3 1859/33/3
f 1903/40/3 1859/40/3 1902/40/3
f 1904/36/3 1828/36/3 1866/36/3
f 1905/39/3 1829/39/3 1828/39/3
f 1905/36/3 1828/36/3 1904/36/3
f 1906/36/3 1867/36/3 1829/36/3
f 1906/39/3 1829/39/3 1905/39/3
f 1907/36/3 1867/36/3 1906/36/3
f 1908/35/3 1810/35/3 1809/35/3
f 1908/35/3 1809/35/3 1808/35/3
f 1909/46/3 1835/46/3 1810/46/3
f 1909/35/3 1810/35/3 1908/35/3
f 1910/23/3 1875/23/3 1835/23/3
f 1910/46/3 1835/46/3 1909/46/3
f 1911/22/3 1876/22/3 1875/22/3
f 1911/23/3 1875/23/3 1910/23/3
f 1912/21/3 1877/21/3 1876/21/3
f 1912/22/3 1876/22/3 1911/22/3
f 1913/46/3 1878/46/3 1877/46/3
f 1913/21/3 1877/21/3 1912/21/3
f 1913/46/3 1879/46/3 1878/46/3
f 1914/46/3 1879/46/3 1913/46/3
f 1915/12/3 1880/12/3 1879/12/3
f 1915/46/3 1879/46/3 1914/46/3
f 1916/46/3 1841/46/3 1880/46/3
f 1916/12/3 1880/12/3 1915/12/3
f 1917/23/3 1881/23/3 1841/23/3
f 1917/46/3 1841/46/3 1916/46/3
f 1918/22/3 1882/22/3 1881/22/3
f 1918/23/3 1881/23/3 1917/23/3
f 1919/46/3 1884/46/3 1883/46/3
f 1919/22/3 1882/22/3 1918/22/3
f 1919/46/3 1883/46/3 1882/46/3
f 1920/46/3 1884/46/3 1919/46/3
f 1921/36/3 1885/36/3 1884/36/3
f 1921/46/3 1884/46/3 1920/46/3
f 1922/19/3 1890/19/3 1889/19/3
f 1922/19/3 1889/19/3 1846/19/3
f 1922/32/3 1033/32/3 1032/32/3
f 1922/19/3 1891/19/3 1890/19/3
f 1922/19/3 1892/19/3 1891/19/3
f 1922/19/3 1846/19/3 1033/19/3
f 1923/32/3 1592/32/3 1558/32/3
f 1923/19/3 1892/19/3 1922/19/3
f 1923/19/3 1558/19/3 1795/19/3
f 1923/19/3 1795/19/3 1892/19/3
f 1924/46/3 1620/46/3 1592/46/3
f 1924/32/3 1592/32/3 1923/32/3
f 1925/32/3 1851/32/3 1894/32/3
f 1925/35/3 1894/35/3 1893/35/3
f 1926/34/3 1852/34/3 1851/34/3
f 1926/32/3 1851/32/3 1925/32/3
f 1926/34/3 1853/34/3 1852/34/3
f 1927/34/3 1853/34/3 1926/34/3
f 1928/33/3 1897/33/3 1896/33/3
f 1928/33/3 1896/33/3 1895/33/3
f 1928/33/3 1898/33/3 1897/33/3
f 1928/33/3 1899/33/3 1898/33/3
f 1928/33/3 1900/33/3 1899/33/3
f 1928/34/3 1895/34/3 1854/34/3
f 1929/33/3 1900/33/3 1928/33/3
f 1930/33/3 1900/33/3 1929/33/3
f 1931/34/3 1797/34/3 1900/34/3
f 1931/33/3 1900/33/3 1930/33/3
f 1932/33/3 1902/33/3 1901/33/3
f 1932/34/3 1797/34/3 1931/34/3
f 1932/33/3 1901/33/3 1797/33/3
f 1932/33/3 1903/33/3 1902/33/3
f 1933/3/3 1862/3/3 1861/3/3
f 1933/33/3 1861/33/3 101/33/3
f 1934/36/3 1863/36/3 1862/36/3
f 1934/3/3 1862/3/3 1933/3/3
f 1935/3/3 1864/3/3 1863/3/3
f 1935/36/3 1863/36/3 1934/36/3
f 1936/36/3 1865/36/3 1864/36/3
f 1936/3/3 1864/3/3 1935/3/3
f 1937/3/3 1866/3/3 1865/3/3
f 1937/36/3 1865/36/3 1936/36/3
f 1938/36/3 1904/36/3 1866/36/3
f 1938/3/3 1866/3/3 1937/3/3
f 1939/39/3 1905/39/3 1904/39/3
f 1939/36/3 1904/36/3 1938/36/3
f 1940/33/3 1906/33/3 1905/33/3
f 1940/39/3 1905/39/3 1939/39/3
f 1940/33/3 1907/33/3 1906/33/3
f 1941/33/3 1869/33/3 1868/33/3
f 1941/34/3 1868/34/3 1867/34/3
f 1941/33/3 1870/33/3 1869/33/3
f 1941/33/3 1871/33/3 1870/33/3
f 1942/33/3 1871/33/3 1941/33/3
f 1943/33/3 1871/33/3 1942/33/3
f 1944/39/3 1872/39/3 1871/39/3
f 1944/33/3 1871/33/3 1943/33/3
f 1945/35/3 1873/35/3 1872/35/3
f 1945/39/3 1872/39/3 1944/39/3
f 1946/37/3 1759/37/3 1834/37/3
f 1946/37/3 1834/37/3 1874/37/3
f 1946/37/3 1874/37/3 1873/37/3
f 1947/35/3 1808/35/3 1759/35/3
f 1947/37/3 1759/37/3 1946/37/3
f 1947/35/3 1908/35/3 1808/35/3
f 1948/23/3 1911/23/3 1910/23/3
f 1948/23/3 1910/23/3 1909/23/3
f 1949/21/3 1912/21/3 1911/21/3
f 1949/23/3 1911/23/3 1948/23/3
f 1950/46/3 1913/46/3 1912/46/3
f 1950/21/3 1912/21/3 1949/21/3
f 1950/46/3 1914/46/3 1913/46/3
f 1951/46/3 1914/46/3 1950/46/3
f 1952/35/3 1915/35/3 1914/35/3
f 1952/46/3 1914/46/3 1951/46/3
f 1953/23/3 1918/23/3 1917/23/3
f 1953/23/3 1917/23/3 1916/23/3
f 1954/46/3 1919/46/3 1918/46/3
f 1954/23/3 1918/23/3 1953/23/3
f 1954/46/3 1920/46/3 1919/46/3
f 1955/46/3 1920/46/3 1954/46/3
f 1956/36/3 1921/36/3 1920/36/3
f 1956/46/3 1920/46/3 1955/46/3
f 1957/36/3 1885/36/3 1921/36/3
f 1957/36/3 1921/36/3 1956/36/3
f 1958/46/3 1821/46/3 1885/46/3
f 1958/36/3 1885/36/3 1957/36/3
f 1959/26/3 1791/26/3 1821/26/3
f 1959/46/3 1821/46/3 1958/46/3
f 1960/27/3 916/27/3 1791/27/3
f 1960/26/3 1791/26/3 1959/26/3
f 1961/29/3 850/29/3 916/29/3
f 1961/27/3 916/27/3 1960/27/3
f 1962/25/3 1887/25/3 1886/25/3
f 1962/24/3 1888/24/3 1887/24/3
f 1963/46/3 1032/46/3 1888/46/3
f 1963/24/3 1888/24/3 1962/24/3
f 1964/32/3 1922/32/3 1032/32/3
f 1964/46/3 1032/46/3 1963/46/3
f 1964/32/3 1923/32/3 1922/32/3
f 1965/46/3 1924/46/3 1923/46/3
f 1965/32/3 1923/32/3 1964/32/3
f 1966/46/3 1620/46/3 1924/46/3
f 1966/46/3 1924/46/3 1965/46/3
f 1967/25/3 1621/25/3 1620/25/3
f 1967/46/3 1620/46/3 1966/46/3
f 1968/34/3 1929/34/3 1928/34/3
f 1968/33/3 1854/33/3 1853/33/3
f 1968/34/3 1928/34/3 1854/34/3
f 1969/33/3 1930/33/3 1929/33/3
f 1969/34/3 1929/34/3 1968/34/3
f 1970/33/3 1930/33/3 1969/33/3
f 1971/42/3 1931/42/3 1930/42/3
f 1971/33/3 1930/33/3 1970/33/3
f 1972/33/3 1932/33/3 1931/33/3
f 1972/42/3 1931/42/3 1971/42/3
f 1973/36/3 1934/36/3 1933/36/3
f 1973/3/3 1935/3/3 1934/3/3
f 1974/36/3 1939/36/3 1938/36/3
f 1974/3/3 1935/3/3 1973/3/3
f 1974/36/3 1938/36/3 1937/36/3
f 1974/36/3 1937/36/3 1936/36/3
f 1974/36/3 1936/36/3 1935/36/3
f 1975/33/3 1940/33/3 1939/33/3
f 1975/36/3 1939/36/3 1974/36/3
f 1976/33/3 1907/33/3 1940/33/3
f 1976/33/3 1940/33/3 1975/33/3
f 1977/33/3 1907/33/3 1976/33/3
f 1978/36/3 1867/36/3 1907/36/3
f 1978/33/3 1907/33/3 1977/33/3
f 1979/34/3 1941/34/3 1867/34/3
f 1979/36/3 1867/36/3 1978/36/3
f 1979/34/3 1942/34/3 1941/34/3
f 1980/34/3 1942/34/3 1979/34/3
f 1981/33/3 1943/33/3 1942/33/3
f 1981/34/3 1942/34/3 1980/34/3
f 1982/46/3 1951/46/3 1950/46/3
f 1982/46/3 1950/46/3 1949/46/3
f 1983/35/3 1952/35/3 1951/35/3
f 1983/46/3 1951/46/3 1982/46/3
f 1984/36/3 1957/36/3 1956/36/3
f 1984/36/3 1956/36/3 1955/36/3
f 1985/33/3 1958/33/3 1957/33/3
f 1985/36/3 1957/36/3 1984/36/3
f 1986/36/3 1960/36/3 1959/36/3
f 1986/36/3 1959/36/3 1958/36/3
f 1986/46/3 1961/46/3 1960/46/3
f 1987/29/3 850/29/3 1961/29/3
f 1987/46/3 1961/46/3 1986/46/3
f 1988/25/3 1963/25/3 1962/25/3
f 1988/29/3 850/29/3 1987/29/3
f 1988/25/3 1962/25/3 1886/25/3
f 1988/25/3 1886/25/3 850/25/3
f 1988/25/3 1964/25/3 1963/25/3
f 1989/46/3 1965/46/3 1964/46/3
f 1989/25/3 1964/25/3 1988/25/3
f 1989/46/3 1966/46/3 1965/46/3
f 1990/46/3 1966/46/3 1989/46/3
f 1991/46/3 1966/46/3 1990/46/3
f 1992/25/3 1967/25/3 1966/25/3
f 1992/46/3 1966/46/3 1991/46/3
f 1993/34/3 1853/34/3 1927/34/3
f 1993/32/3 1927/32/3 1926/32/3
f 1994/34/3 1853/34/3 1993/34/3
f 1995/33/3 1968/33/3 1853/33/3
f 1995/34/3 1853/34/3 1994/34/3
f 1996/39/3 1969/39/3 1968/39/3
f 1996/33/3 1968/33/3 1995/33/3
f 1997/38/3 1970/38/3 1969/38/3
f 1997/39/3 1969/39/3 1996/39/3
f 1998/33/3 1971/33/3 1970/33/3
f 1998/38/3 1970/38/3 1997/38/3
f 1998/33/3 1972/33/3 1971/33/3
f 1999/33/3 1972/33/3 1998/33/3
f 2000/33/3 1932/33/3 1972/33/3
f 2000/33/3 1972/33/3 1999/33/3
f 2000/33/3 1903/33/3 1932/33/3
f 2001/30/3 1801/30/3 1860/30/3
f 2001/33/3 1903/33/3 2000/33/3
f 2001/33/3 1860/33/3 1903/33/3
f 2002/36/3 1975/36/3 1974/36/3
f 2002/36/3 1974/36/3 1973/36/3
f 2003/36/3 1975/36/3 2002/36/3
f 2004/36/3 1975/36/3 2003/36/3
f 2005/34/3 1976/34/3 1975/34/3
f 2005/36/3 1975/36/3 2004/36/3
f 2006/33/3 1977/33/3 1976/33/3
f 2006/34/3 1976/34/3 2005/34/3
f 2007/36/3 1980/36/3 1979/36/3
f 2007/33/3 1977/33/3 2006/33/3
f 2007/36/3 1979/36/3 1978/36/3
f 2007/36/3 1978/36/3 1977/36/3
f 2008/33/3 1981/33/3 1980/33/3
f 2008/36/3 1980/36/3 2007/36/3
f 2009/33/3 1943/33/3 1981/33/3
f 2009/33/3 1981/33/3 2008/33/3
f 2010/37/3 1946/37/3 1873/37/3
f 2010/35/3 1873/35/3 1945/35/3
f 2011/37/3 1946/37/3 2010/37/3
f 2012/37/3 1946/37/3 2011/37/3
f 2013/35/3 1947/35/3 1946/35/3
f 2013/37/3 1946/37/3 2012/37/3
f 2014/46/3 1982/46/3 1949/46/3
f 2014/35/3 1983/35/3 1982/35/3
f 2015/35/3 1952/35/3 1983/35/3
f 2015/35/3 1983/35/3 2014/35/3
f 2016/46/3 1916/46/3 1915/46/3
f 2016/23/3 1953/23/3 1916/23/3
f 2017/21/3 1954/21/3 1953/21/3
f 2017/23/3 1953/23/3 2016/23/3
f 2018/46/3 1955/46/3 1954/46/3
f 2018/21/3 1954/21/3 2017/21/3
f 2019/36/3 1984/36/3 1955/36/3
f 2020/33/3 1985/33/3 1984/33/3
f 2020/36/3 1984/36/3 2019/36/3
f 2021/25/3 1990/25/3 1989/25/3
f 2021/46/3 1991/46/3 1990/46/3
f 2021/25/3 1989/25/3 1988/25/3
f 2022/25/3 1992/25/3 1991/25/3
f 2022/46/3 1991/46/3 2021/46/3
f 2023/32/3 1994/32/3 1993/32/3
f 2023/35/3 1926/35/3 1925/35/3
f 2023/32/3 1993/32/3 1926/32/3
f 2024/32/3 1994/32/3 2023/32/3
f 2025/34/3 1999/34/3 1998/34/3
f 2025/34/3 1996/34/3 1995/34/3
f 2025/34/3 1997/34/3 1996/34/3
f 2025/34/3 1995/34/3 1994/34/3
f 2025/34/3 1998/34/3 1997/34/3
f 2026/34/3 1999/34/3 2025/34/3
f 2027/33/3 2000/33/3 1999/33/3
f 2027/34/3 1999/34/3 2026/34/3
f 2028/41/3 2001/41/3 2000/41/3
f 2028/33/3 2000/33/3 2027/33/3
f 2029/41/3 2001/41/3 2028/41/3
f 2030/30/3 1801/30/3 2001/30/3
f 2030/41/3 2001/41/3 2029/41/3
f 2031/36/3 1973/36/3 1933/36/3
f 2031/33/3 1933/33/3 101/33/3
f 2031/36/3 2002/36/3 1973/36/3
f 2032/3/3 2003/3/3 2002/3/3
f 2032/36/3 2002/36/3 2031/36/3
f 2033/36/3 2004/36/3 2003/36/3
f 2034/33/3 2005/33/3 2004/33/3
f 2034/36/3 2004/36/3 2033/36/3
f 2035/34/3 2006/34/3 2005/34/3
f 2035/33/3 2005/33/3 2034/33/3
f 2036/36/3 2008/36/3 2007/36/3
f 2036/36/3 2009/36/3 2008/36/3
f 2036/36/3 2007/36/3 2006/36/3
f 2037/36/3 2009/36/3 2036/36/3
f 2038/36/3 2009/36/3 2037/36/3
f 2039/33/3 1943/33/3 2009/33/3
f 2039/36/3 2009/36/3 2038/36/3
f 2040/33/3 1943/33/3 2039/33/3
f 2041/39/3 1944/39/3 1943/39/3
f 2041/33/3 1943/33/3 2040/33/3
f 2042/36/3 1945/36/3 1944/36/3
f 2042/39/3 1944/39/3 2041/39/3
f 2043/35/3 2010/35/3 1945/35/3
f 2043/36/3 1945/36/3 2042/36/3
f 2043/35/3 2011/35/3 2010/35/3
f 2044/35/3 2011/35/3 2043/35/3
f 2045/37/3 2012/37/3 2011/37/3
f 2045/35/3 2011/35/3 2044/35/3
f 2046/46/3 2014/46/3 1949/46/3
f 2046/22/3 1949/22/3 1948/22/3
f 2046/46/3 2015/46/3 2014/46/3
f 2047/46/3 2015/46/3 2046/46/3
f 2048/46/3 2016/46/3 1915/46/3
f 2048/22/3 2017/22/3 2016/22/3
f 2049/46/3 2018/46/3 2017/46/3
f 2049/22/3 2017/22/3 2048/22/3
f 2050/46/3 1955/46/3 2018/46/3
f 2050/46/3 2018/46/3 2049/46/3
f 2051/36/3 2019/36/3 1955/36/3
f 2051/46/3 1955/46/3 2050/46/3
f 2052/33/3 1958/33/3 1985/33/3
f 2052/33/3 1985/33/3 2020/33/3
f 2052/33/3 2020/33/3 2019/33/3
f 2053/36/3 1987/36/3 1986/36/3
f 2053/33/3 1958/33/3 2052/33/3
f 2053/36/3 1986/36/3 1958/36/3
f 2054/36/3 1987/36/3 2053/36/3
f 2055/36/3 1987/36/3 2054/36/3
f 2056/46/3 1988/46/3 1987/46/3
f 2056/25/3 2021/25/3 1988/25/3
f 2056/25/3 2022/25/3 2021/25/3
f 2057/24/3 1291/24/3 1290/24/3
f 2057/25/3 2022/25/3 2056/25/3
f 2057/25/3 1967/25/3 1992/25/3
f 2057/25/3 1290/25/3 1621/25/3
f 2057/25/3 1621/25/3 1967/25/3
f 2057/25/3 1992/25/3 2022/25/3
f 2058/35/3 1925/35/3 1893/35/3
f 2058/46/3 1893/46/3 1291/46/3
f 2058/35/3 2023/35/3 1925/35/3
f 2059/34/3 2024/34/3 2023/34/3
f 2059/35/3 2023/35/3 2058/35/3
f 2060/32/3 1994/32/3 2024/32/3
f 2060/34/3 2024/34/3 2059/34/3
f 2061/34/3 2025/34/3 1994/34/3
f 2061/32/3 1994/32/3 2060/32/3
f 2062/34/3 2025/34/3 2061/34/3
f 2063/41/3 2026/41/3 2025/41/3
f 2063/34/3 2025/34/3 2062/34/3
f 2064/40/3 2027/40/3 2026/40/3
f 2064/41/3 2026/41/3 2063/41/3
f 2064/40/3 2028/40/3 2027/40/3
f 2065/33/3 2029/33/3 2028/33/3
f 2065/40/3 2028/40/3 2064/40/3
f 2066/33/3 2029/33/3 2065/33/3
f 2067/30/3 2030/30/3 2029/30/3
f 2067/33/3 2029/33/3 2066/33/3
f 2068/30/3 1801/30/3 2030/30/3
f 2068/30/3 2030/30/3 2067/30/3
f 2069/33/3 102/33/3 1801/33/3
f 2069/30/3 1801/30/3 2068/30/3
f 2070/33/3 2031/33/3 101/33/3
f 2070/3/3 2032/3/3 2031/3/3
f 2071/3/3 2003/3/3 2032/3/3
f 2071/3/3 2032/3/3 2070/3/3
f 2072/36/3 2033/36/3 2003/36/3
f 2072/33/3 2034/33/3 2033/33/3
f 2073/34/3 2035/34/3 2034/34/3
f 2073/33/3 2034/33/3 2072/33/3
f 2074/34/3 2006/34/3 2035/34/3
f 2074/34/3 2035/34/3 2073/34/3
f 2075/36/3 2036/36/3 2006/36/3
f 2075/34/3 2006/34/3 2074/34/3
f 2076/37/3 2012/37/3 2045/37/3
f 2076/37/3 2045/37/3 2044/37/3
f 2077/35/3 2013/35/3 2012/35/3
f 2077/37/3 2012/37/3 2076/37/3
f 2078/23/3 1948/23/3 1909/23/3
f 2078/22/3 2047/22/3 2046/22/3
f 2078/22/3 2046/22/3 1948/22/3
f 2079/22/3 2047/22/3 2078/22/3
f 2080/21/3 2049/21/3 2048/21/3
f 2080/46/3 2048/46/3 1915/46/3
f 2081/46/3 2050/46/3 2049/46/3
f 2081/21/3 2049/21/3 2080/21/3
f 2082/36/3 2019/36/3 2051/36/3
f 2082/36/3 2051/36/3 2050/36/3
f 2083/33/3 2052/33/3 2019/33/3
f 2083/36/3 2019/36/3 2082/36/3
f 2084/36/3 1987/36/3 2055/36/3
f 2084/35/3 2055/35/3 2054/35/3
f 2085/46/3 2056/46/3 1987/46/3
f 2085/36/3 1987/36/3 2084/36/3
f 2086/24/3 2057/24/3 2056/24/3
f 2086/46/3 2056/46/3 2085/46/3
f 2087/24/3 1291/24/3 2057/24/3
f 2087/24/3 2057/24/3 2086/24/3
f 2087/46/3 2058/46/3 1291/46/3
f 2088/41/3 2062/41/3 2061/41/3
f 2088/46/3 2058/46/3 2087/46/3
f 2088/41/3 2059/41/3 2058/41/3
f 2088/41/3 2060/41/3 2059/41/3
f 2088/41/3 2061/41/3 2060/41/3
f 2089/41/3 2062/41/3 2088/41/3
f 2090/41/3 2062/41/3 2089/41/3
f 2091/33/3 2064/33/3 2063/33/3
f 2091/41/3 2062/41/3 2090/41/3
f 2091/33/3 2063/33/3 2062/33/3
f 2091/33/3 2066/33/3 2065/33/3
f 2091/33/3 2065/33/3 2064/33/3
f 2092/33/3 2066/33/3 2091/33/3
f 2093/30/3 2068/30/3 2067/30/3
f 2093/33/3 2066/33/3 2092/33/3
f 2093/30/3 2067/30/3 2066/30/3
f 2094/30/3 2068/30/3 2093/30/3
f 2095/35/3 2069/35/3 2068/35/3
f 2095/30/3 2068/30/3 2094/30/3
f 2096/3/3 2003/3/3 2071/3/3
f 2096/36/3 2071/36/3 2070/36/3
f 2097/36/3 2072/36/3 2003/36/3
f 2097/3/3 2003/3/3 2096/3/3
f 2098/34/3 2073/34/3 2072/34/3
f 2098/34/3 2074/34/3 2073/34/3
f 2099/36/3 2075/36/3 2074/36/3
f 2099/34/3 2074/34/3 2098/34/3
f 2100/36/3 2038/36/3 2037/36/3
f 2100/34/3 2037/34/3 2036/34/3
f 2101/34/3 2040/34/3 2039/34/3
f 2101/36/3 2038/36/3 2100/36/3
f 2101/34/3 2039/34/3 2038/34/3
f 2102/34/3 2040/34/3 2101/34/3
f 2103/39/3 2041/39/3 2040/39/3
f 2103/34/3 2040/34/3 2102/34/3
f 2104/36/3 2042/36/3 2041/36/3
f 2104/39/3 2041/39/3 2103/39/3
f 2105/37/3 2076/37/3 2044/37/3
f 2105/35/3 2044/35/3 2043/35/3
f 2106/37/3 2076/37/3 2105/37/3
f 2107/35/3 2077/35/3 2076/35/3
f 2107/37/3 2076/37/3 2106/37/3
f 2108/35/3 2013/35/3 2077/35/3
f 2108/35/3 2077/35/3 2107/35/3
f 2109/46/3 1909/46/3 1908/46/3
f 2109/23/3 2078/23/3 1909/23/3
f 2109/23/3 2079/23/3 2078/23/3
f 2110/23/3 2079/23/3 2109/23/3
f 2111/46/3 2050/46/3 2081/46/3
f 2111/36/3 2082/36/3 2050/36/3
f 2112/33/3 2083/33/3 2082/33/3
f 2112/36/3 2082/36/3 2111/36/3
f 2113/33/3 2052/33/3 2083/33/3
f 2113/33/3 2083/33/3 2112/33/3
f 2114/36/3 2053/36/3 2052/36/3
f 2114/33/3 2052/33/3 2113/33/3
f 2114/36/3 2054/36/3 2053/36/3
f 2115/46/3 2087/46/3 2086/46/3
f 2115/46/3 2086/46/3 2085/46/3
f 2115/35/3 2085/35/3 2084/35/3
f 2115/46/3 2088/46/3 2087/46/3
f 2116/46/3 2088/46/3 2115/46/3
f 2117/46/3 2088/46/3 2116/46/3
f 2118/46/3 2088/46/3 2117/46/3
f 2119/46/3 2088/46/3 2118/46/3
f 2120/46/3 2088/46/3 2119/46/3
f 2121/46/3 2088/46/3 2120/46/3
f 2122/46/3 2088/46/3 2121/46/3
f 2123/46/3 2088/46/3 2122/46/3
f 2124/46/3 2088/46/3 2123/46/3
f 2125/46/3 2088/46/3 2124/46/3
f 2126/46/3 2088/46/3 2125/46/3
f 2127/46/3 2088/46/3 2126/46/3
f 2128/33/3 2089/33/3 2088/33/3
f 2128/46/3 2088/46/3 2127/46/3
f 2129/30/3 2090/30/3 2089/30/3
f 2129/33/3 2089/33/3 2128/33/3
f 2130/33/3 2092/33/3 2091/33/3
f 2130/30/3 2090/30/3 2129/30/3
f 2130/33/3 2091/33/3 2090/33/3
f 2131/33/3 2092/33/3 2130/33/3
f 2132/33/3 2092/33/3 2131/33/3
f 2133/30/3 2094/30/3 2093/30/3
f 2133/33/3 2092/33/3 2132/33/3
f 2133/30/3 2093/30/3 2092/30/3
f 2134/30/3 2094/30/3 2133/30/3
f 2135/35/3 2095/35/3 2094/35/3
f 2135/30/3 2094/30/3 2134/30/3
f 2136/36/3 2072/36/3 2097/36/3
f 2136/34/3 2098/34/3 2072/34/3
f 2136/36/3 2097/36/3 2096/36/3
f 2137/36/3 2099/36/3 2098/36/3
f 2137/34/3 2098/34/3 2136/34/3
f 2138/36/3 2042/36/3 2104/36/3
f 2138/36/3 2104/36/3 2103/36/3
f 2139/34/3 2043/34/3 2042/34/3
f 2139/36/3 2042/36/3 2138/36/3
f 2140/35/3 2106/35/3 2105/35/3
f 2140/35/3 2105/35/3 2043/35/3
f 2141/35/3 2106/35/3 2140/35/3
f 2142/35/3 2013/35/3 2108/35/3
f 2142/35/3 1947/35/3 2013/35/3
f 2142/35/3 1908/35/3 1947/35/3
f 2143/35/3 1908/35/3 2142/35/3
f 2144/46/3 2110/46/3 2109/46/3
f 2144/35/3 1908/35/3 2143/35/3
f 2144/46/3 2109/46/3 1908/46/3
f 2145/46/3 2110/46/3 2144/46/3
f 2146/23/3 2079/23/3 2110/23/3
f 2146/46/3 2110/46/3 2145/46/3
f 2147/22/3 2047/22/3 2079/22/3
f 2147/23/3 2079/23/3 2146/23/3
f 2148/46/3 2015/46/3 2047/46/3
f 2148/22/3 2047/22/3 2147/22/3
f 2149/46/3 2080/46/3 1915/46/3
f 2149/22/3 2081/22/3 2080/22/3
f 2150/46/3 2111/46/3 2081/46/3
f 2150/22/3 2081/22/3 2149/22/3
f 2151/33/3 2112/33/3 2111/33/3
f 2151/46/3 2111/46/3 2150/46/3
f 2151/33/3 2113/33/3 2112/33/3
f 2152/36/3 2114/36/3 2113/36/3
f 2152/33/3 2113/33/3 2151/33/3
f 2153/36/3 2054/36/3 2114/36/3
f 2153/36/3 2114/36/3 2152/36/3
f 2153/35/3 2084/35/3 2054/35/3
f 2153/35/3 2115/35/3 2084/35/3
f 2153/35/3 2116/35/3 2115/35/3
f 2154/35/3 2116/35/3 2153/35/3
f 2155/35/3 2118/35/3 2117/35/3
f 2156/35/3 2118/35/3 2155/35/3
f 2157/35/3 2118/35/3 2156/35/3
f 2158/35/3 2118/35/3 2157/35/3
f 2159/32/3 2119/32/3 2118/32/3
f 2159/35/3 2118/35/3 2158/35/3
f 2160/33/3 2120/33/3 2119/33/3
f 2160/32/3 2119/32/3 2159/32/3
f 2161/33/3 2120/33/3 2160/33/3
f 2162/35/3 2121/35/3 2120/35/3
f 2162/33/3 2120/33/3 2161/33/3
f 2163/32/3 2122/32/3 2121/32/3
f 2163/35/3 2121/35/3 2162/35/3
f 2164/35/3 2123/35/3 2122/35/3
f 2164/32/3 2122/32/3 2163/32/3
f 2165/32/3 2124/32/3 2123/32/3
f 2165/35/3 2123/35/3 2164/35/3
f 2166/33/3 2125/33/3 2124/33/3
f 2166/32/3 2124/32/3 2165/32/3
f 2167/33/3 2125/33/3 2166/33/3
f 2168/35/3 2126/35/3 2125/35/3
f 2168/33/3 2125/33/3 2167/33/3
f 2169/32/3 2127/32/3 2126/32/3
f 2169/35/3 2126/35/3 2168/35/3
f 2170/35/3 2128/35/3 2127/35/3
f 2170/35/3 2129/35/3 2128/35/3
f 2171/35/3 2129/35/3 2170/35/3
f 2172/30/3 2130/30/3 2129/30/3
f 2172/35/3 2129/35/3 2171/35/3
f 2172/30/3 2131/30/3 2130/30/3
f 2173/30/3 2131/30/3 2172/30/3
f 2174/33/3 2132/33/3 2131/33/3
f 2174/30/3 2131/30/3 2173/30/3
f 2175/30/3 2134/30/3 2133/30/3
f 2175/33/3 2132/33/3 2174/33/3
f 2175/30/3 2133/30/3 2132/30/3
f 2176/35/3 2135/35/3 2134/35/3
f 2176/30/3 2134/30/3 2175/30/3
f 2177/34/3 2101/34/3 2100/34/3
f 2177/34/3 2102/34/3 2101/34/3
f 2178/39/3 2103/39/3 2102/39/3
f 2178/34/3 2102/34/3 2177/34/3
f 2179/34/3 2043/34/3 2139/34/3
f 2179/34/3 2139/34/3 2138/34/3
f 2180/35/3 2140/35/3 2043/35/3
f 2180/34/3 2043/34/3 2179/34/3
f 2181/46/3 2146/46/3 2145/46/3
f 2181/35/3 2145/35/3 2144/35/3
f 2181/46/3 2147/46/3 2146/46/3
f 2181/35/3 2144/35/3 2143/35/3
f 2182/46/3 2147/46/3 2181/46/3
f 2183/35/3 1952/35/3 2015/35/3
f 2183/46/3 2015/46/3 2148/46/3
f 2184/35/3 1915/35/3 1952/35/3
f 2184/35/3 1952/35/3 2183/35/3
f 2184/46/3 2150/46/3 2149/46/3
f 2184/46/3 2149/46/3 1915/46/3
f 2185/36/3 2152/36/3 2151/36/3
f 2185/36/3 2151/36/3 2150/36/3
f 2185/35/3 2116/35/3 2154/35/3
f 2185/36/3 2153/36/3 2152/36/3
f 2185/36/3 2154/36/3 2153/36/3
f 2186/32/3 2117/32/3 2116/32/3
f 2186/35/3 2116/35/3 2185/35/3
f 2187/35/3 2155/35/3 2117/35/3
f 2187/32/3 2117/32/3 2186/32/3
f 2188/35/3 2155/35/3 2187/35/3
f 2189/31/3 2156/31/3 2155/31/3
f 2189/35/3 2155/35/3 2188/35/3
f 2190/36/3 2157/36/3 2156/36/3
f 2190/31/3 2156/31/3 2189/31/3
f 2191/32/3 2160/32/3 2159/32/3
f 2191/36/3 2159/36/3 2158/36/3
f 2192/8/3 2161/8/3 2160/8/3
f 2192/32/3 2160/32/3 2191/32/3
f 2193/32/3 2162/32/3 2161/32/3
f 2193/8/3 2161/8/3 2192/8/3
f 2194/8/3 2163/8/3 2162/8/3
f 2194/32/3 2162/32/3 2193/32/3
f 2195/32/3 2164/32/3 2163/32/3
f 2195/8/3 2163/8/3 2194/8/3
f 2196/36/3 2165/36/3 2164/36/3
f 2196/32/3 2164/32/3 2195/32/3
f 2197/42/3 2168/42/3 2167/42/3
f 2197/35/3 2167/35/3 2166/35/3
f 2198/33/3 2169/33/3 2168/33/3
f 2198/42/3 2168/42/3 2197/42/3
f 2199/32/3 2127/32/3 2169/32/3
f 2199/35/3 2170/35/3 2127/35/3
f 2200/32/3 2171/32/3 2170/32/3
f 2200/35/3 2170/35/3 2199/35/3
f 2201/35/3 2172/35/3 2171/35/3
f 2201/32/3 2171/32/3 2200/32/3
f 2202/35/3 2172/35/3 2201/35/3
f 2203/35/3 2172/35/3 2202/35/3
f 2204/33/3 2173/33/3 2172/33/3
f 2204/35/3 2172/35/3 2203/35/3
f 2205/35/3 2174/35/3 2173/35/3
f 2205/33/3 2173/33/3 2204/33/3
f 2205/35/3 2175/35/3 2174/35/3
f 2205/35/3 2176/35/3 2175/35/3
f 2206/35/3 2176/35/3 2205/35/3
f 2207/35/3 2176/35/3 2206/35/3
f 2208/35/3 2176/35/3 2207/35/3
f 2209/35/3 2176/35/3 2208/35/3
f 2210/35/3 2135/35/3 2176/35/3
f 2210/35/3 2176/35/3 2209/35/3
f 2211/35/3 2135/35/3 2210/35/3
f 2212/35/3 2069/35/3 2095/35/3
f 2212/35/3 2135/35/3 2211/35/3
f 2212/35/3 2095/35/3 2135/35/3
f 2212/33/3 102/33/3 2069/33/3
f 2213/36/3 2075/36/3 2099/36/3
f 2213/36/3 2036/36/3 2075/36/3
f 2213/36/3 2099/36/3 2137/36/3
f 2213/36/3 2137/36/3 2136/36/3
f 2214/34/3 2100/34/3 2036/34/3
f 2214/36/3 2036/36/3 2213/36/3
f 2214/34/3 2177/34/3 2100/34/3
f 2215/39/3 2103/39/3 2178/39/3
f 2215/39/3 2178/39/3 2177/39/3
f 2216/36/3 2138/36/3 2103/36/3
f 2216/39/3 2103/39/3 2215/39/3
f 2217/34/3 2179/34/3 2138/34/3
f 2217/36/3 2138/36/3 2216/36/3
f 2218/36/3 2180/36/3 2179/36/3
f 2218/34/3 2179/34/3 2217/34/3
f 2219/35/3 2140/35/3 2180/35/3
f 2219/36/3 2180/36/3 2218/36/3
f 2220/39/3 2141/39/3 2140/39/3
f 2220/35/3 2140/35/3 2219/35/3
f 2221/35/3 2106/35/3 2141/35/3
f 2221/39/3 2141/39/3 2220/39/3
f 2222/37/3 2107/37/3 2106/37/3
f 2222/42/3 2108/42/3 2107/42/3
f 2223/35/3 2142/35/3 2108/35/3
f 2223/42/3 2108/42/3 2222/42/3
f 2224/35/3 2142/35/3 2223/35/3
f 2225/37/3 2143/37/3 2142/37/3
f 2225/35/3 2182/35/3 2181/35/3
f 2225/35/3 2181/35/3 2143/35/3
f 2226/35/3 2182/35/3 2225/35/3
f 2227/46/3 2183/46/3 2148/46/3
f 2227/46/3 2184/46/3 2183/46/3
f 2227/23/3 2148/23/3 2147/23/3
f 2228/46/3 2184/46/3 2227/46/3
f 2229/46/3 2150/46/3 2184/46/3
f 2229/46/3 2184/46/3 2228/46/3
f 2230/36/3 2185/36/3 2150/36/3
f 2230/46/3 2150/46/3 2229/46/3
f 2230/36/3 2186/36/3 2185/36/3
f 2231/32/3 2188/32/3 2187/32/3
f 2231/36/3 2186/36/3 2230/36/3
f 2231/32/3 2187/32/3 2186/32/3
f 2232/36/3 2189/36/3 2188/36/3
f 2232/32/3 2188/32/3 2231/32/3
f 2233/36/3 2189/36/3 2232/36/3
f 2234/32/3 2190/32/3 2189/32/3
f 2234/36/3 2189/36/3 2233/36/3
f 2235/36/3 2157/36/3 2190/36/3
f 2235/32/3 2190/32/3 2234/32/3
f 2236/32/3 2195/32/3 2194/32/3
f 2236/32/3 2194/32/3 2193/32/3
f 2236/32/3 2193/32/3 2192/32/3
f 2237/32/3 2195/32/3 2236/32/3
f 2238/35/3 2197/35/3 2166/35/3
f 2238/31/3 2198/31/3 2197/31/3
f 2239/33/3 2169/33/3 2198/33/3
f 2239/31/3 2198/31/3 2238/31/3
f 2240/35/3 2207/35/3 2206/35/3
f 2240/36/3 2206/36/3 2205/36/3
f 2241/35/3 2207/35/3 2240/35/3
f 2242/35/3 2207/35/3 2241/35/3
f 2243/36/3 2208/36/3 2207/36/3
f 2243/35/3 2207/35/3 2242/35/3
f 2244/35/3 2209/35/3 2208/35/3
f 2244/36/3 2208/36/3 2243/36/3
f 2245/35/3 2209/35/3 2244/35/3
f 2246/32/3 2210/32/3 2209/32/3
f 2246/35/3 2209/35/3 2245/35/3
f 2247/35/3 2211/35/3 2210/35/3
f 2247/32/3 2210/32/3 2246/32/3
f 2248/35/3 2211/35/3 2247/35/3
f 2249/36/3 2212/36/3 2211/36/3
f 2249/35/3 2211/35/3 2248/35/3
f 2250/36/3 2212/36/3 2249/36/3
f 2251/33/3 102/33/3 2212/33/3
f 2251/36/3 2212/36/3 2250/36/3
f 2252/34/3 2177/34/3 2214/34/3
f 2252/34/3 2214/34/3 2213/34/3
f 2253/39/3 2215/39/3 2177/39/3
f 2253/34/3 2177/34/3 2252/34/3
f 2254/23/3 2228/23/3 2227/23/3
f 2254/46/3 2147/46/3 2182/46/3
f 2254/23/3 2227/23/3 2147/23/3
f 2255/23/3 2228/23/3 2254/23/3
f 2256/46/3 2229/46/3 2228/46/3
f 2256/23/3 2228/23/3 2255/23/3
f 2257/46/3 2229/46/3 2256/46/3
f 2258/13/3 2231/13/3 2230/13/3
f 2258/13/3 2230/13/3 2229/13/3
f 2258/13/3 2233/13/3 2232/13/3
f 2258/13/3 2232/13/3 2231/13/3
f 2259/13/3 2233/13/3 2258/13/3
f 2260/36/3 2234/36/3 2233/36/3
f 2260/36/3 2235/36/3 2234/36/3
f 2261/36/3 2157/36/3 2235/36/3
f 2261/36/3 2235/36/3 2260/36/3
f 2262/31/3 2158/31/3 2157/31/3
f 2262/36/3 2157/36/3 2261/36/3
f 2263/36/3 2191/36/3 2158/36/3
f 2263/31/3 2158/31/3 2262/31/3
f 2264/8/3 2192/8/3 2191/8/3
f 2264/36/3 2191/36/3 2263/36/3
f 2265/32/3 2236/32/3 2192/32/3
f 2265/8/3 2192/8/3 2264/8/3
f 2266/8/3 2237/8/3 2236/8/3
f 2266/32/3 2236/32/3 2265/32/3
f 2267/32/3 2195/32/3 2237/32/3
f 2267/8/3 2237/8/3 2266/8/3
f 2268/8/3 2196/8/3 2195/8/3
f 2268/32/3 2195/32/3 2267/32/3
f 2269/36/3 2165/36/3 2196/36/3
f 2269/8/3 2196/8/3 2268/8/3
f 2270/35/3 2238/35/3 2166/35/3
f 2270/42/3 2239/42/3 2238/42/3
f 2271/33/3 2169/33/3 2239/33/3
f 2271/42/3 2239/42/3 2270/42/3
f 2272/33/3 2202/33/3 2201/33/3
f 2272/32/3 2201/32/3 2200/32/3
f 2273/34/3 2203/34/3 2202/34/3
f 2273/33/3 2202/33/3 2272/33/3
f 2274/32/3 2204/32/3 2203/32/3
f 2274/32/3 2205/32/3 2204/32/3
f 2275/36/3 2240/36/3 2205/36/3
f 2275/32/3 2205/32/3 2274/32/3
f 2275/36/3 2241/36/3 2240/36/3
f 2276/35/3 2242/35/3 2241/35/3
f 2276/36/3 2241/36/3 2275/36/3
f 2277/36/3 2245/36/3 2244/36/3
f 2277/35/3 2242/35/3 2276/35/3
f 2277/36/3 2243/36/3 2242/36/3
f 2277/36/3 2244/36/3 2243/36/3
f 2278/35/3 2246/35/3 2245/35/3
f 2278/36/3 2245/36/3 2277/36/3
f 2279/31/3 2247/31/3 2246/31/3
f 2279/35/3 2246/35/3 2278/35/3
f 2279/31/3 2248/31/3 2247/31/3
f 2280/31/3 2248/31/3 2279/31/3
f 2281/39/3 2215/39/3 2253/39/3
f 2281/39/3 2253/39/3 2252/39/3
f 2282/36/3 2218/36/3 2217/36/3
f 2282/39/3 2215/39/3 2281/39/3
f 2282/36/3 2217/36/3 2216/36/3
f 2282/36/3 2219/36/3 2218/36/3
f 2282/36/3 2216/36/3 2215/36/3
f 2283/36/3 2219/36/3 2282/36/3
f 2284/39/3 2220/39/3 2219/39/3
f 2284/36/3 2219/36/3 2283/36/3
f 2285/35/3 2221/35/3 2220/35/3
f 2285/39/3 2220/39/3 2284/39/3
f 2286/35/3 2106/35/3 2221/35/3
f 2286/35/3 2221/35/3 2285/35/3
f 2287/37/3 2222/37/3 2106/37/3
f 2287/35/3 2106/35/3 2286/35/3
f 2288/35/3 2182/35/3 2226/35/3
f 2288/46/3 2255/46/3 2254/46/3
f 2288/46/3 2254/46/3 2182/46/3
f 2289/46/3 2255/46/3 2288/46/3
f 2290/23/3 2257/23/3 2256/23/3
f 2290/46/3 2255/46/3 2289/46/3
f 2290/23/3 2256/23/3 2255/23/3
f 2291/23/3 2257/23/3 2290/23/3
f 2292/46/3 2229/46/3 2257/46/3
f 2292/23/3 2257/23/3 2291/23/3
f 2293/13/3 2258/13/3 2229/13/3
f 2293/46/3 2229/46/3 2292/46/3
f 2294/13/3 2258/13/3 2293/13/3
f 2295/15/3 2259/15/3 2258/15/3
f 2295/13/3 2258/13/3 2294/13/3
f 2296/15/3 2259/15/3 2295/15/3
f 2297/13/3 2233/13/3 2259/13/3
f 2297/15/3 2259/15/3 2296/15/3
f 2298/36/3 2260/36/3 2233/36/3
f 2298/13/3 2233/13/3 2297/13/3
f 2299/36/3 2260/36/3 2298/36/3
f 2300/8/3 2266/8/3 2265/8/3
f 2300/8/3 2268/8/3 2267/8/3
f 2300/8/3 2267/8/3 2266/8/3
f 2300/32/3 2265/32/3 2264/32/3
f 2301/8/3 2268/8/3 2300/8/3
f 2302/8/3 2268/8/3 2301/8/3
f 2303/32/3 2269/32/3 2268/32/3
f 2303/8/3 2268/8/3 2302/8/3
f 2304/35/3 2270/35/3 2166/35/3
f 2304/31/3 2271/31/3 2270/31/3
f 2305/33/3 2169/33/3 2271/33/3
f 2305/31/3 2271/31/3 2304/31/3
f 2306/32/3 2272/32/3 2200/32/3
f 2307/34/3 2273/34/3 2272/34/3
f 2307/32/3 2272/32/3 2306/32/3
f 2308/32/3 2274/32/3 2203/32/3
f 2308/34/3 2273/34/3 2307/34/3
f 2308/34/3 2203/34/3 2273/34/3
f 2309/36/3 2277/36/3 2276/36/3
f 2309/32/3 2274/32/3 2308/32/3
f 2309/36/3 2276/36/3 2275/36/3
f 2309/36/3 2279/36/3 2278/36/3
f 2309/36/3 2278/36/3 2277/36/3
f 2309/36/3 2275/36/3 2274/36/3
f 2310/36/3 2250/36/3 2249/36/3
f 2310/36/3 2249/36/3 2248/36/3
f 2311/36/3 2250/36/3 2310/36/3
f 2312/34/3 2251/34/3 2250/34/3
f 2312/36/3 2250/36/3 2311/36/3
f 2313/33/3 102/33/3 2251/33/3
f 2313/34/3 2251/34/3 2312/34/3
f 2314/36/3 2213/36/3 2136/36/3
f 2315/34/3 2252/34/3 2213/34/3
f 2315/36/3 2213/36/3 2314/36/3
f 2316/34/3 2252/34/3 2315/34/3
f 2317/39/3 2281/39/3 2252/39/3
f 2317/34/3 2252/34/3 2316/34/3
f 2318/37/3 2222/37/3 2287/37/3
f 2318/39/3 2287/39/3 2286/39/3
f 2319/37/3 2222/37/3 2318/37/3
f 2320/37/3 2224/37/3 2223/37/3
f 2320/35/3 2223/35/3 2222/35/3
f 2321/35/3 2142/35/3 2224/35/3
f 2321/37/3 2224/37/3 2320/37/3
f 2322/23/3 2292/23/3 2291/23/3
f 2322/46/3 2291/46/3 2290/46/3
f 2322/46/3 2290/46/3 2289/46/3
f 2323/13/3 2293/13/3 2292/13/3
f 2323/23/3 2292/23/3 2322/23/3
f 2324/13/3 2295/13/3 2294/13/3
f 2324/17/3 2294/17/3 2293/17/3
f 2325/16/3 2296/16/3 2295/16/3
f 2325/13/3 2295/13/3 2324/13/3
f 2326/16/3 2296/16/3 2325/16/3
f 2327/16/3 2296/16/3 2326/16/3
f 2328/16/3 2296/16/3 2327/16/3
f 2329/16/3 2296/16/3 2328/16/3
f 2330/16/3 2296/16/3 2329/16/3
f 2331/35/3 2301/35/3 2300/35/3
f 2331/32/3 2300/32/3 2264/32/3
f 2332/42/3 2302/42/3 2301/42/3
f 2332/35/3 2301/35/3 2331/35/3
f 2333/33/3 2303/33/3 2302/33/3
f 2333/42/3 2302/42/3 2332/42/3
f 2334/32/3 2269/32/3 2303/32/3
f 2334/33/3 2303/33/3 2333/33/3
f 2335/32/3 2166/32/3 2165/32/3
f 2335/35/3 2304/35/3 2166/35/3
f 2336/42/3 2305/42/3 2304/42/3
f 2336/35/3 2304/35/3 2335/35/3
f 2337/33/3 2169/33/3 2305/33/3
f 2337/42/3 2305/42/3 2336/42/3
f 2338/32/3 2199/32/3 2169/32/3
f 2338/33/3 2169/33/3 2337/33/3
f 2339/34/3 2308/34/3 2307/34/3
f 2339/34/3 2309/34/3 2308/34/3
f 2340/36/3 2279/36/3 2309/36/3
f 2340/34/3 2309/34/3 2339/34/3
f 2341/36/3 2279/36/3 2340/36/3
f 2342/32/3 2280/32/3 2279/32/3
f 2342/36/3 2279/36/3 2341/36/3
f 2343/31/3 2248/31/3 2280/31/3
f 2343/32/3 2280/32/3 2342/32/3
f 2344/36/3 2310/36/3 2248/36/3
f 2344/31/3 2248/31/3 2343/31/3
f 2345/39/3 2281/39/3 2317/39/3
f 2345/39/3 2317/39/3 2316/39/3
f 2346/36/3 2283/36/3 2282/36/3
f 2346/39/3 2281/39/3 2345/39/3
f 2346/36/3 2282/36/3 2281/36/3
f 2347/36/3 2283/36/3 2346/36/3
f 2348/39/3 2284/39/3 2283/39/3
f 2348/36/3 2283/36/3 2347/36/3
f 2349/35/3 2285/35/3 2284/35/3
f 2349/39/3 2284/39/3 2348/39/3
f 2349/35/3 2286/35/3 2285/35/3
f 2350/35/3 2286/35/3 2349/35/3
f 2351/39/3 2318/39/3 2286/39/3
f 2351/35/3 2286/35/3 2350/35/3
f 2352/35/3 2319/35/3 2318/35/3
f 2352/39/3 2318/39/3 2351/39/3
f 2353/37/3 2222/37/3 2319/37/3
f 2353/35/3 2319/35/3 2352/35/3
f 2354/37/3 2222/37/3 2353/37/3
f 2355/35/3 2320/35/3 2222/35/3
f 2355/37/3 2222/37/3 2354/37/3
f 2355/35/3 2321/35/3 2320/35/3
f 2356/35/3 2321/35/3 2355/35/3
f 2357/35/3 2289/35/3 2288/35/3
f 2357/35/3 2288/35/3 2226/35/3
f 2358/46/3 2322/46/3 2289/46/3
f 2358/35/3 2289/35/3 2357/35/3
f 2358/46/3 2323/46/3 2322/46/3
f 2359/46/3 2323/46/3 2358/46/3
f 2360/13/3 2293/13/3 2323/13/3
f 2360/46/3 2323/46/3 2359/46/3
f 2361/17/3 2324/17/3 2293/17/3
f 2361/13/3 2293/13/3 2360/13/3
f 2361/17/3 2325/17/3 2324/17/3
f 2362/16/3 2327/16/3 2326/16/3
f 2363/11/3 2328/11/3 2327/11/3
f 2363/16/3 2327/16/3 2362/16/3
f 2364/11/3 2328/11/3 2363/11/3
f 2365/11/3 2328/11/3 2364/11/3
f 2366/16/3 2329/16/3 2328/16/3
f 2366/11/3 2328/11/3 2365/11/3
f 2367/16/3 2329/16/3 2366/16/3
f 2368/16/3 2329/16/3 2367/16/3
f 2369/11/3 2330/11/3 2329/11/3
f 2369/16/3 2329/16/3 2368/16/3
f 2370/11/3 2330/11/3 2369/11/3
f 2371/11/3 2330/11/3 2370/11/3
f 2372/16/3 2296/16/3 2330/16/3
f 2372/11/3 2330/11/3 2371/11/3
f 2373/16/3 2296/16/3 2372/16/3
f 2374/13/3 2297/13/3 2296/13/3
f 2374/16/3 2296/16/3 2373/16/3
f 2375/14/3 2298/14/3 2297/14/3
f 2375/13/3 2297/13/3 2374/13/3
f 2376/13/3 2299/13/3 2298/13/3
f 2376/14/3 2298/14/3 2375/14/3
f 2377/36/3 2260/36/3 2299/36/3
f 2377/13/3 2299/13/3 2376/13/3
f 2378/36/3 2260/36/3 2377/36/3
f 2379/32/3 2261/32/3 2260/32/3
f 2379/36/3 2260/36/3 2378/36/3
f 2380/36/3 2262/36/3 2261/36/3
f 2380/32/3 2261/32/3 2379/32/3
f 2381/36/3 2264/36/3 2263/36/3
f 2381/32/3 2331/32/3 2264/32/3
f 2382/8/3 2333/8/3 2332/8/3
f 2382/32/3 2331/32/3 2381/32/3
f 2382/8/3 2334/8/3 2333/8/3
f 2382/8/3 2332/8/3 2331/8/3
f 2383/8/3 2334/8/3 2382/8/3
f 2384/32/3 2269/32/3 2334/32/3
f 2384/8/3 2334/8/3 2383/8/3
f 2385/36/3 2165/36/3 2269/36/3
f 2385/32/3 2269/32/3 2384/32/3
f 2386/33/3 2337/33/3 2336/33/3
f 2386/32/3 2335/32/3 2165/32/3
f 2386/33/3 2336/33/3 2335/33/3
f 2387/35/3 2338/35/3 2337/35/3
f 2387/33/3 2337/33/3 2386/33/3
f 2388/32/3 2199/32/3 2338/32/3
f 2388/35/3 2338/35/3 2387/35/3
f 2389/36/3 2200/36/3 2199/36/3
f 2390/32/3 2306/32/3 2200/32/3
f 2390/36/3 2200/36/3 2389/36/3
f 2391/34/3 2339/34/3 2307/34/3
f 2392/31/3 2340/31/3 2339/31/3
f 2392/34/3 2339/34/3 2391/34/3
f 2393/36/3 2310/36/3 2344/36/3
f 2393/39/3 2311/39/3 2310/39/3
f 2393/36/3 2344/36/3 2343/36/3
f 2394/36/3 2312/36/3 2311/36/3
f 2394/39/3 2311/39/3 2393/39/3
f 2394/36/3 2313/36/3 2312/36/3
f 2395/36/3 2313/36/3 2394/36/3
f 2396/36/3 2314/36/3 2136/36/3
f 2397/34/3 2316/34/3 2315/34/3
f 2397/36/3 2314/36/3 2396/36/3
f 2397/34/3 2315/34/3 2314/34/3
f 2398/34/3 2316/34/3 2397/34/3
f 2399/39/3 2345/39/3 2316/39/3
f 2399/34/3 2316/34/3 2398/34/3
f 2400/35/3 2354/35/3 2353/35/3
f 2400/35/3 2352/35/3 2351/35/3
f 2400/35/3 2353/35/3 2352/35/3
f 2401/35/3 2354/35/3 2400/35/3
f 2402/35/3 2357/35/3 2226/35/3
f 2402/41/3 2358/41/3 2357/41/3
f 2403/35/3 2359/35/3 2358/35/3
f 2403/41/3 2358/41/3 2402/41/3
f 2404/13/3 2326/13/3 2325/13/3
f 2404/16/3 2362/16/3 2326/16/3
f 2405/11/3 2363/11/3 2362/11/3
f 2405/16/3 2362/16/3 2404/16/3
f 2405/11/3 2364/11/3 2363/11/3
f 2406/11/3 2364/11/3 2405/11/3
f 2407/11/3 2364/11/3 2406/11/3
f 2408/9/3 2365/9/3 2364/9/3
f 2408/11/3 2364/11/3 2407/11/3
f 2409/11/3 2366/11/3 2365/11/3
f 2409/9/3 2365/9/3 2408/9/3
f 2409/11/3 2367/11/3 2366/11/3
f 2410/11/3 2367/11/3 2409/11/3
f 2411/11/3 2367/11/3 2410/11/3
f 2412/16/3 2368/16/3 2367/16/3
f 2412/11/3 2367/11/3 2411/11/3
f 2413/11/3 2369/11/3 2368/11/3
f 2413/16/3 2368/16/3 2412/16/3
f 2413/11/3 2370/11/3 2369/11/3
f 2414/11/3 2370/11/3 2413/11/3
f 2415/11/3 2370/11/3 2414/11/3
f 2416/9/3 2371/9/3 2370/9/3
f 2416/11/3 2370/11/3 2415/11/3
f 2417/11/3 2372/11/3 2371/11/3
f 2417/9/3 2371/9/3 2416/9/3
f 2417/11/3 2373/11/3 2372/11/3
f 2418/11/3 2373/11/3 2417/11/3
f 2419/11/3 2373/11/3 2418/11/3
f 2420/36/3 2380/36/3 2379/36/3
f 2420/36/3 2379/36/3 2378/36/3
f 2421/36/3 2262/36/3 2380/36/3
f 2421/36/3 2380/36/3 2420/36/3
f 2422/35/3 2383/35/3 2382/35/3
f 2422/8/3 2382/8/3 2381/8/3
f 2423/32/3 2384/32/3 2383/32/3
f 2423/35/3 2383/35/3 2422/35/3
f 2424/35/3 2387/35/3 2386/35/3
f 2424/32/3 2386/32/3 2165/32/3
f 2425/32/3 2388/32/3 2387/32/3
f 2425/35/3 2387/35/3 2424/35/3
f 2426/32/3 2199/32/3 2388/32/3
f 2426/32/3 2388/32/3 2425/32/3
f 2427/36/3 2389/36/3 2199/36/3
f 2427/32/3 2199/32/3 2426/32/3
f 2428/32/3 2390/32/3 2389/32/3
f 2428/36/3 2389/36/3 2427/36/3
f 2429/32/3 2306/32/3 2390/32/3
f 2429/32/3 2390/32/3 2428/32/3
f 2429/36/3 2307/36/3 2306/36/3
f 2430/34/3 2342/34/3 2341/34/3
f 2430/32/3 2343/32/3 2342/32/3
f 2431/36/3 2393/36/3 2343/36/3
f 2431/32/3 2343/32/3 2430/32/3
f 2431/36/3 2394/36/3 2393/36/3
f 2432/36/3 2394/36/3 2431/36/3
f 2433/39/3 2345/39/3 2399/39/3
f 2433/39/3 2399/39/3 2398/39/3
f 2434/36/3 2347/36/3 2346/36/3
f 2434/39/3 2345/39/3 2433/39/3
f 2434/36/3 2346/36/3 2345/36/3
f 2435/35/3 2350/35/3 2349/35/3
f 2435/35/3 2349/35/3 2348/35/3
f 2436/39/3 2351/39/3 2350/39/3
f 2436/35/3 2350/35/3 2435/35/3
f 2437/35/3 2400/35/3 2351/35/3
f 2437/39/3 2351/39/3 2436/39/3
f 2438/37/3 2226/37/3 2225/37/3
f 2438/35/3 2402/35/3 2226/35/3
f 2438/35/3 2403/35/3 2402/35/3
f 2439/35/3 2403/35/3 2438/35/3
f 2440/35/3 2359/35/3 2403/35/3
f 2440/35/3 2403/35/3 2439/35/3
f 2441/13/3 2360/13/3 2359/13/3
f 2441/35/3 2359/35/3 2440/35/3
f 2442/17/3 2361/17/3 2360/17/3
f 2442/13/3 2360/13/3 2441/13/3
f 2443/17/3 2325/17/3 2361/17/3
f 2443/17/3 2361/17/3 2442/17/3
f 2443/13/3 2404/13/3 2325/13/3
f 2444/11/3 2406/11/3 2405/11/3
f 2444/13/3 2404/13/3 2443/13/3
f 2444/11/3 2405/11/3 2404/11/3
f 2445/11/3 2406/11/3 2444/11/3
f 2446/9/3 2407/9/3 2406/9/3
f 2446/11/3 2406/11/3 2445/11/3
f 2447/8/3 2408/8/3 2407/8/3
f 2447/9/3 2407/9/3 2446/9/3
f 2447/8/3 2410/8/3 2409/8/3
f 2447/8/3 2409/8/3 2408/8/3
f 2448/9/3 2411/9/3 2410/9/3
f 2448/11/3 2414/11/3 2413/11/3
f 2448/11/3 2413/11/3 2412/11/3
f 2448/11/3 2412/11/3 2411/11/3
f 2449/11/3 2414/11/3 2448/11/3
f 2450/9/3 2415/9/3 2414/9/3
f 2450/11/3 2414/11/3 2449/11/3
f 2451/10/3 2416/10/3 2415/10/3
f 2451/9/3 2415/9/3 2450/9/3
f 2452/8/3 2418/8/3 2417/8/3
f 2452/10/3 2416/10/3 2451/10/3
f 2452/8/3 2417/8/3 2416/8/3
f 2453/10/3 2419/10/3 2418/10/3
f 2453/8/3 2418/8/3 2452/8/3
f 2454/11/3 2373/11/3 2419/11/3
f 2454/10/3 2419/10/3 2453/10/3
f 2455/13/3 2374/13/3 2373/13/3
f 2455/11/3 2373/11/3 2454/11/3
f 2456/14/3 2376/14/3 2375/14/3
f 2456/13/3 2374/13/3 2455/13/3
f 2456/14/3 2375/14/3 2374/14/3
f 2456/14/3 2377/14/3 2376/14/3
f 2457/14/3 2377/14/3 2456/14/3
f 2458/36/3 2262/36/3 2421/36/3
f 2458/32/3 2421/32/3 2420/32/3
f 2459/32/3 2263/32/3 2262/32/3
f 2459/36/3 2262/36/3 2458/36/3
f 2460/8/3 2422/8/3 2381/8/3
f 2460/36/3 2381/36/3 2263/36/3
f 2461/32/3 2423/32/3 2422/32/3
f 2461/8/3 2422/8/3 2460/8/3
f 2462/32/3 2384/32/3 2423/32/3
f 2462/32/3 2423/32/3 2461/32/3
f 2462/8/3 2385/8/3 2384/8/3
f 2463/36/3 2165/36/3 2385/36/3
f 2463/8/3 2385/8/3 2462/8/3
f 2464/32/3 2425/32/3 2424/32/3
f 2464/36/3 2165/36/3 2463/36/3
f 2464/32/3 2426/32/3 2425/32/3
f 2464/32/3 2424/32/3 2165/32/3
f 2465/36/3 2428/36/3 2427/36/3
f 2465/32/3 2426/32/3 2464/32/3
f 2465/36/3 2427/36/3 2426/36/3
f 2465/36/3 2429/36/3 2428/36/3
f 2466/42/3 2392/42/3 2391/42/3
f 2466/34/3 2391/34/3 2307/34/3
f 2467/31/3 2340/31/3 2392/31/3
f 2467/42/3 2392/42/3 2466/42/3
f 2468/36/3 2341/36/3 2340/36/3
f 2469/36/3 2341/36/3 2468/36/3
f 2470/36/3 2341/36/3 2469/36/3
f 2471/34/3 2430/34/3 2341/34/3
f 2471/36/3 2341/36/3 2470/36/3
f 2471/34/3 2431/34/3 2430/34/3
f 2472/34/3 2431/34/3 2471/34/3
f 2473/32/3 2432/32/3 2431/32/3
f 2473/34/3 2431/34/3 2472/34/3
f 2474/36/3 2394/36/3 2432/36/3
f 2474/32/3 2432/32/3 2473/32/3
f 2475/39/3 2395/39/3 2394/39/3
f 2475/36/3 2394/36/3 2474/36/3
f 2476/36/3 2313/36/3 2395/36/3
f 2476/39/3 2395/39/3 2475/39/3
f 2477/33/3 102/33/3 2313/33/3
f 2477/36/3 2313/36/3 2476/36/3
f 2478/34/3 2398/34/3 2397/34/3
f 2478/34/3 2397/34/3 2396/34/3
f 2479/39/3 2433/39/3 2398/39/3
f 2479/34/3 2398/34/3 2478/34/3
f 2480/33/3 2434/33/3 2433/33/3
f 2480/39/3 2433/39/3 2479/39/3
f 2481/36/3 2347/36/3 2434/36/3
f 2481/33/3 2434/33/3 2480/33/3
f 2482/36/3 2347/36/3 2481/36/3
f 2483/36/3 2347/36/3 2482/36/3
f 2484/39/3 2348/39/3 2347/39/3
f 2484/36/3 2347/36/3 2483/36/3
f 2485/35/3 2435/35/3 2348/35/3
f 2485/39/3 2348/39/3 2484/39/3
f 2486/35/3 2400/35/3 2437/35/3
f 2486/35/3 2437/35/3 2436/35/3
f 2487/39/3 2401/39/3 2400/39/3
f 2487/35/3 2400/35/3 2486/35/3
f 2488/35/3 2354/35/3 2401/35/3
f 2488/39/3 2401/39/3 2487/39/3
f 2489/17/3 2443/17/3 2442/17/3
f 2489/17/3 2442/17/3 2441/17/3
f 2490/11/3 2444/11/3 2443/11/3
f 2490/17/3 2443/17/3 2489/17/3
f 2490/11/3 2445/11/3 2444/11/3
f 2491/11/3 2445/11/3 2490/11/3
f 2492/9/3 2446/9/3 2445/9/3
f 2492/11/3 2445/11/3 2491/11/3
f 2493/10/3 2447/10/3 2446/10/3
f 2493/9/3 2446/9/3 2492/9/3
f 2494/8/3 2410/8/3 2447/8/3
f 2494/10/3 2447/10/3 2493/10/3
f 2495/8/3 2410/8/3 2494/8/3
f 2496/9/3 2449/9/3 2448/9/3
f 2496/8/3 2410/8/3 2495/8/3
f 2496/9/3 2448/9/3 2410/9/3
f 2497/9/3 2449/9/3 2496/9/3
f 2498/11/3 2450/11/3 2449/11/3
f 2498/9/3 2449/9/3 2497/9/3
f 2499/11/3 2450/11/3 2498/11/3
f 2500/10/3 2451/10/3 2450/10/3
f 2500/11/3 2450/11/3 2499/11/3
f 2501/8/3 2453/8/3 2452/8/3
f 2501/10/3 2451/10/3 2500/10/3
f 2501/8/3 2452/8/3 2451/8/3
f 2502/9/3 2455/9/3 2454/9/3
f 2502/8/3 2453/8/3 2501/8/3
f 2502/9/3 2454/9/3 2453/9/3
f 2503/9/3 2455/9/3 2502/9/3
f 2504/15/3 2456/15/3 2455/15/3
f 2504/9/3 2455/9/3 2503/9/3
f 2505/11/3 2457/11/3 2456/11/3
f 2505/15/3 2456/15/3 2504/15/3
f 2506/14/3 2377/14/3 2457/14/3
f 2506/11/3 2457/11/3 2505/11/3
f 2507/14/3 2377/14/3 2506/14/3
f 2508/13/3 2378/13/3 2377/13/3
f 2508/14/3 2377/14/3 2507/14/3
f 2509/36/3 2420/36/3 2378/36/3
f 2509/13/3 2378/13/3 2508/13/3
f 2510/36/3 2420/36/3 2509/36/3
f 2511/32/3 2459/32/3 2458/32/3
f 2511/36/3 2420/36/3 2510/36/3
f 2511/32/3 2458/32/3 2420/32/3
f 2512/32/3 2263/32/3 2459/32/3
f 2512/32/3 2459/32/3 2511/32/3
f 2513/36/3 2461/36/3 2460/36/3
f 2513/8/3 2462/8/3 2461/8/3
f 2514/8/3 2462/8/3 2513/8/3
f 2515/32/3 2463/32/3 2462/32/3
f 2515/8/3 2462/8/3 2514/8/3
f 2516/36/3 2464/36/3 2463/36/3
f 2516/32/3 2463/32/3 2515/32/3
f 2516/36/3 2465/36/3 2464/36/3
f 2517/36/3 2465/36/3 2516/36/3
f 2518/34/3 2466/34/3 2307/34/3
f 2518/36/3 2465/36/3 2517/36/3
f 2518/36/3 2307/36/3 2429/36/3
f 2518/36/3 2429/36/3 2465/36/3
f 2518/34/3 2467/34/3 2466/34/3
f 2519/31/3 2340/31/3 2467/31/3
f 2519/34/3 2467/34/3 2518/34/3
f 2520/36/3 2468/36/3 2340/36/3
f 2520/31/3 2340/31/3 2519/31/3
f 2521/32/3 2469/32/3 2468/32/3
f 2521/36/3 2468/36/3 2520/36/3
f 2522/34/3 2470/34/3 2469/34/3
f 2522/32/3 2469/32/3 2521/32/3
f 2523/36/3 2472/36/3 2471/36/3
f 2523/34/3 2470/34/3 2522/34/3
f 2523/36/3 2471/36/3 2470/36/3
f 2524/34/3 2473/34/3 2472/34/3
f 2524/36/3 2472/36/3 2523/36/3
f 2525/34/3 2473/34/3 2524/34/3
f 2526/36/3 2476/36/3 2475/36/3
f 2526/34/3 2473/34/3 2525/34/3
f 2526/36/3 2475/36/3 2474/36/3
f 2526/36/3 2474/36/3 2473/36/3
f 2527/36/3 2476/36/3 2526/36/3
f 2528/36/3 2396/36/3 2136/36/3
f 2529/34/3 2478/34/3 2396/34/3
f 2529/36/3 2396/36/3 2528/36/3
f 2530/39/3 2484/39/3 2483/39/3
f 2530/36/3 2485/36/3 2484/36/3
f 2531/35/3 2435/35/3 2485/35/3
f 2531/36/3 2485/36/3 2530/36/3
f 2532/37/3 2438/37/3 2225/37/3
f 2532/37/3 2439/37/3 2438/37/3
f 2533/35/3 2440/35/3 2439/35/3
f 2533/37/3 2439/37/3 2532/37/3
f 2534/35/3 2440/35/3 2533/35/3
f 2535/13/3 2441/13/3 2440/13/3
f 2535/35/3 2440/35/3 2534/35/3
f 2536/17/3 2489/17/3 2441/17/3
f 2536/13/3 2441/13/3 2535/13/3
f 2537/11/3 2491/11/3 2490/11/3
f 2537/11/3 2490/11/3 2489/11/3
f 2538/9/3 2492/9/3 2491/9/3
f 2538/11/3 2491/11/3 2537/11/3
f 2539/10/3 2495/10/3 2494/10/3
f 2539/9/3 2492/9/3 2538/9/3
f 2539/10/3 2493/10/3 2492/10/3
f 2539/10/3 2494/10/3 2493/10/3
f 2540/8/3 2496/8/3 2495/8/3
f 2540/10/3 2495/10/3 2539/10/3
f 2541/10/3 2497/10/3 2496/10/3
f 2541/8/3 2496/8/3 2540/8/3
f 2542/11/3 2499/11/3 2498/11/3
f 2542/10/3 2497/10/3 2541/10/3
f 2542/11/3 2498/11/3 2497/11/3
f 2543/10/3 2501/10/3 2500/10/3
f 2543/10/3 2502/10/3 2501/10/3
f 2544/9/3 2503/9/3 2502/9/3
f 2544/10/3 2502/10/3 2543/10/3
f 2545/9/3 2505/9/3 2504/9/3
f 2545/11/3 2506/11/3 2505/11/3
f 2545/11/3 2507/11/3 2506/11/3
f 2546/11/3 2507/11/3 2545/11/3
f 2547/36/3 2511/36/3 2510/36/3
f 2547/36/3 2512/36/3 2511/36/3
f 2548/32/3 2263/32/3 2512/32/3
f 2548/36/3 2512/36/3 2547/36/3
f 2549/36/3 2514/36/3 2513/36/3
f 2549/36/3 2513/36/3 2460/36/3
f 2550/32/3 2516/32/3 2515/32/3
f 2550/36/3 2514/36/3 2549/36/3
f 2550/32/3 2515/32/3 2514/32/3
f 2551/32/3 2516/32/3 2550/32/3
f 2552/35/3 2517/35/3 2516/35/3
f 2553/25/3 2523/25/3 2522/25/3
f 2553/35/3 2517/35/3 2552/35/3
f 2553/25/3 2518/25/3 2517/25/3
f 2553/25/3 2525/25/3 2524/25/3
f 2553/25/3 2522/25/3 2521/25/3
f 2553/25/3 2519/25/3 2518/25/3
f 2553/25/3 2521/25/3 2520/25/3
f 2553/25/3 2520/25/3 2519/25/3
f 2553/25/3 2524/25/3 2523/25/3
f 2554/25/3 2525/25/3 2553/25/3
f 2555/25/3 2525/25/3 2554/25/3
f 2556/35/3 2527/35/3 2526/35/3
f 2556/25/3 2525/25/3 2555/25/3
f 2556/35/3 2526/35/3 2525/35/3
f 2557/35/3 2527/35/3 2556/35/3
f 2558/34/3 2478/34/3 2529/34/3
f 2558/34/3 2529/34/3 2528/34/3
f 2559/39/3 2479/39/3 2478/39/3
f 2559/34/3 2478/34/3 2558/34/3
f 2560/33/3 2482/33/3 2481/33/3
f 2560/39/3 2479/39/3 2559/39/3
f 2560/33/3 2480/33/3 2479/33/3
f 2560/33/3 2481/33/3 2480/33/3
f 2561/36/3 2483/36/3 2482/36/3
f 2562/39/3 2530/39/3 2483/39/3
f 2562/36/3 2483/36/3 2561/36/3
f 2563/33/3 2531/33/3 2530/33/3
f 2563/39/3 2530/39/3 2562/39/3
f 2564/35/3 2435/35/3 2531/35/3
f 2564/33/3 2531/33/3 2563/33/3
f 2565/39/3 2436/39/3 2435/39/3
f 2565/35/3 2435/35/3 2564/35/3
f 2566/35/3 2486/35/3 2436/35/3
f 2566/39/3 2436/39/3 2565/39/3
f 2567/39/3 2487/39/3 2486/39/3
f 2567/35/3 2486/35/3 2566/35/3
f 2568/35/3 2488/35/3 2487/35/3
f 2568/39/3 2487/39/3 2567/39/3
f 2569/10/3 2539/10/3 2538/10/3
f 2569/10/3 2541/10/3 2540/10/3
f 2569/10/3 2540/10/3 2539/10/3
f 2570/10/3 2541/10/3 2569/10/3
f 2571/10/3 2541/10/3 2570/10/3
f 2572/10/3 2541/10/3 2571/10/3
f 2573/11/3 2542/11/3 2541/11/3
f 2573/10/3 2541/10/3 2572/10/3
f 2574/11/3 2499/11/3 2542/11/3
f 2574/11/3 2542/11/3 2573/11/3
f 2575/9/3 2500/9/3 2499/9/3
f 2575/11/3 2499/11/3 2574/11/3
f 2576/10/3 2543/10/3 2500/10/3
f 2576/9/3 2500/9/3 2575/9/3
f 2577/10/3 2543/10/3 2576/10/3
f 2578/10/3 2543/10/3 2577/10/3
f 2579/9/3 2544/9/3 2543/9/3
f 2579/10/3 2543/10/3 2578/10/3
f 2580/9/3 2503/9/3 2544/9/3
f 2580/9/3 2544/9/3 2579/9/3
f 2581/13/3 2504/13/3 2503/13/3
f 2581/9/3 2503/9/3 2580/9/3
f 2582/9/3 2545/9/3 2504/9/3
f 2582/13/3 2504/13/3 2581/13/3
f 2582/9/3 2546/9/3 2545/9/3
f 2583/11/3 2507/11/3 2546/11/3
f 2583/14/3 2508/14/3 2507/14/3
f 2583/14/3 2509/14/3 2508/14/3
f 2584/14/3 2509/14/3 2583/14/3
f 2585/32/3 2263/32/3 2548/32/3
f 2585/32/3 2548/32/3 2547/32/3
f 2586/36/3 2549/36/3 2460/36/3
f 2586/32/3 2263/32/3 2585/32/3
f 2586/36/3 2460/36/3 2263/36/3
f 2587/36/3 2549/36/3 2586/36/3
f 2588/8/3 2551/8/3 2550/8/3
f 2588/36/3 2549/36/3 2587/36/3
f 2588/8/3 2550/8/3 2549/8/3
f 2589/32/3 2516/32/3 2551/32/3
f 2589/8/3 2551/8/3 2588/8/3
f 2590/35/3 2552/35/3 2516/35/3
f 2590/32/3 2516/32/3 2589/32/3
f 2591/25/3 2554/25/3 2553/25/3
f 2591/25/3 2553/25/3 2552/25/3
f 2592/36/3 2555/36/3 2554/36/3
f 2592/25/3 2554/25/3 2591/25/3
f 2593/25/3 2556/25/3 2555/25/3
f 2593/36/3 2555/36/3 2592/36/3
f 2594/1/3 2557/1/3 2556/1/3
f 2594/25/3 2556/25/3 2593/25/3
f 2595/36/3 2476/36/3 2527/36/3
f 2595/35/3 2527/35/3 2557/35/3
f 2596/36/3 2476/36/3 2595/36/3
f 2597/39/3 2477/39/3 2476/39/3
f 2597/36/3 2476/36/3 2596/36/3
f 2598/33/3 102/33/3 2477/33/3
f 2598/39/3 2477/39/3 2597/39/3
f 2599/34/3 2558/34/3 2528/34/3
f 2599/39/3 2559/39/3 2558/39/3
f 2600/33/3 2560/33/3 2559/33/3
f 2600/39/3 2559/39/3 2599/39/3
f 2601/33/3 2482/33/3 2560/33/3
f 2601/33/3 2560/33/3 2600/33/3
f 2602/33/3 2482/33/3 2601/33/3
f 2603/36/3 2561/36/3 2482/36/3
f 2603/33/3 2482/33/3 2602/33/3
f 2604/39/3 2562/39/3 2561/39/3
f 2604/36/3 2561/36/3 2603/36/3
f 2605/33/3 2563/33/3 2562/33/3
f 2605/33/3 2564/33/3 2563/33/3
f 2606/39/3 2565/39/3 2564/39/3
f 2606/33/3 2564/33/3 2605/33/3
f 2607/37/3 2355/37/3 2354/37/3
f 2607/35/3 2321/35/3 2356/35/3
f 2607/37/3 2356/37/3 2355/37/3
f 2608/35/3 2142/35/3 2321/35/3
f 2608/35/3 2321/35/3 2607/35/3
f 2608/37/3 2532/37/3 2225/37/3
f 2608/37/3 2225/37/3 2142/37/3
f 2609/35/3 2533/35/3 2532/35/3
f 2609/35/3 2534/35/3 2533/35/3
f 2610/13/3 2535/13/3 2534/13/3
f 2610/35/3 2534/35/3 2609/35/3
f 2611/17/3 2536/17/3 2535/17/3
f 2611/13/3 2535/13/3 2610/13/3
f 2612/10/3 2569/10/3 2538/10/3
f 2612/8/3 2570/8/3 2569/8/3
f 2613/10/3 2571/10/3 2570/10/3
f 2613/8/3 2570/8/3 2612/8/3
f 2614/8/3 2572/8/3 2571/8/3
f 2614/10/3 2571/10/3 2613/10/3
f 2615/11/3 2573/11/3 2572/11/3
f 2615/8/3 2572/8/3 2614/8/3
f 2615/11/3 2574/11/3 2573/11/3
f 2616/11/3 2574/11/3 2615/11/3
f 2617/9/3 2575/9/3 2574/9/3
f 2617/11/3 2574/11/3 2616/11/3
f 2618/9/3 2575/9/3 2617/9/3
f 2619/10/3 2576/10/3 2575/10/3
f 2619/9/3 2575/9/3 2618/9/3
f 2620/8/3 2577/8/3 2576/8/3
f 2620/10/3 2576/10/3 2619/10/3
f 2621/10/3 2578/10/3 2577/10/3
f 2621/8/3 2577/8/3 2620/8/3
f 2622/9/3 2546/9/3 2582/9/3
f 2622/9/3 2582/9/3 2581/9/3
f 2622/11/3 2584/11/3 2583/11/3
f 2622/11/3 2583/11/3 2546/11/3
f 2623/11/3 2584/11/3 2622/11/3
f 2624/13/3 2510/13/3 2509/13/3
f 2624/14/3 2509/14/3 2584/14/3
f 2625/36/3 2547/36/3 2510/36/3
f 2625/13/3 2510/13/3 2624/13/3
f 2626/36/3 2547/36/3 2625/36/3
f 2627/32/3 2585/32/3 2547/32/3
f 2627/36/3 2547/36/3 2626/36/3
f 2628/31/3 2586/31/3 2585/31/3
f 2628/32/3 2585/32/3 2627/32/3
f 2629/35/3 2552/35/3 2590/35/3
f 2630/25/3 2591/25/3 2552/25/3
f 2630/35/3 2552/35/3 2629/35/3
f 2631/36/3 2594/36/3 2593/36/3
f 2631/25/3 2591/25/3 2630/25/3
f 2631/36/3 2592/36/3 2591/36/3
f 2631/36/3 2593/36/3 2592/36/3
f 2632/36/3 2594/36/3 2631/36/3
f 2633/36/3 2594/36/3 2632/36/3
f 2634/1/3 2557/1/3 2594/1/3
f 2635/35/3 2595/35/3 2557/35/3
f 2635/1/3 2557/1/3 2634/1/3
f 2636/35/3 2595/35/3 2635/35/3
f 2637/36/3 2528/36/3 2136/36/3
f 2637/34/3 2599/34/3 2528/34/3
f 2638/33/3 2600/33/3 2599/33/3
f 2638/34/3 2599/34/3 2637/34/3
f 2638/33/3 2601/33/3 2600/33/3
f 2639/33/3 2601/33/3 2638/33/3
f 2640/34/3 2602/34/3 2601/34/3
f 2640/33/3 2601/33/3 2639/33/3
f 2641/33/3 2603/33/3 2602/33/3
f 2641/34/3 2602/34/3 2640/34/3
f 2642/34/3 2604/34/3 2603/34/3
f 2642/33/3 2603/33/3 2641/33/3
f 2643/36/3 2606/36/3 2605/36/3
f 2643/33/3 2605/33/3 2562/33/3
f 2644/39/3 2565/39/3 2606/39/3
f 2644/36/3 2606/36/3 2643/36/3
f 2645/35/3 2566/35/3 2565/35/3
f 2645/39/3 2565/39/3 2644/39/3
f 2646/35/3 2488/35/3 2568/35/3
f 2646/35/3 2568/35/3 2567/35/3
f 2647/37/3 2607/37/3 2354/37/3
f 2647/35/3 2488/35/3 2646/35/3
f 2647/35/3 2354/35/3 2488/35/3
f 2647/37/3 2608/37/3 2607/37/3
f 2648/17/3 2611/17/3 2610/17/3
f 2648/17/3 2536/17/3 2611/17/3
f 2649/17/3 2489/17/3 2536/17/3
f 2649/17/3 2536/17/3 2648/17/3
f 2650/17/3 2489/17/3 2649/17/3
f 2651/11/3 2537/11/3 2489/11/3
f 2651/17/3 2489/17/3 2650/17/3
f 2652/9/3 2538/9/3 2537/9/3
f 2652/11/3 2537/11/3 2651/11/3
f 2653/10/3 2614/10/3 2613/10/3
f 2653/10/3 2613/10/3 2612/10/3
f 2653/10/3 2612/10/3 2538/10/3
f 2653/10/3 2615/10/3 2614/10/3
f 2654/10/3 2615/10/3 2653/10/3
f 2655/11/3 2616/11/3 2615/11/3
f 2655/10/3 2617/10/3 2616/10/3
f 2656/9/3 2618/9/3 2617/9/3
f 2656/10/3 2617/10/3 2655/10/3
f 2657/10/3 2619/10/3 2618/10/3
f 2657/10/3 2621/10/3 2620/10/3
f 2657/10/3 2620/10/3 2619/10/3
f 2658/10/3 2578/10/3 2621/10/3
f 2658/10/3 2621/10/3 2657/10/3
f 2659/9/3 2579/9/3 2578/9/3
f 2659/9/3 2580/9/3 2579/9/3
f 2660/13/3 2581/13/3 2580/13/3
f 2660/9/3 2580/9/3 2659/9/3
f 2661/9/3 2623/9/3 2622/9/3
f 2661/13/3 2581/13/3 2660/13/3
f 2661/9/3 2622/9/3 2581/9/3
f 2662/14/3 2624/14/3 2584/14/3
f 2662/11/3 2584/11/3 2623/11/3
f 2662/14/3 2625/14/3 2624/14/3
f 2663/14/3 2625/14/3 2662/14/3
f 2664/36/3 2627/36/3 2626/36/3
f 2664/36/3 2628/36/3 2627/36/3
f 2664/31/3 2586/31/3 2628/31/3
f 2665/36/3 2587/36/3 2586/36/3
f 2665/31/3 2586/31/3 2664/31/3
f 2666/8/3 2588/8/3 2587/8/3
f 2666/36/3 2587/36/3 2665/36/3
f 2667/32/3 2589/32/3 2588/32/3
f 2667/8/3 2588/8/3 2666/8/3
f 2668/8/3 2590/8/3 2589/8/3
f 2668/32/3 2589/32/3 2667/32/3
f 2669/35/3 2629/35/3 2590/35/3
f 2669/8/3 2590/8/3 2668/8/3
f 2670/36/3 2631/36/3 2630/36/3
f 2670/36/3 2632/36/3 2631/36/3
f 2671/1/3 2633/1/3 2632/1/3
f 2671/36/3 2632/36/3 2670/36/3
f 2672/1/3 2633/1/3 2671/1/3
f 2673/36/3 2594/36/3 2633/36/3
f 2673/1/3 2633/1/3 2672/1/3
f 2674/36/3 2594/36/3 2673/36/3
f 2675/36/3 2594/36/3 2674/36/3
f 2676/36/3 2637/36/3 2136/36/3
f 2676/36/3 2638/36/3 2637/36/3
f 2677/33/3 2639/33/3 2638/33/3
f 2677/36/3 2638/36/3 2676/36/3
f 2678/34/3 2604/34/3 2642/34/3
f 2678/34/3 2641/34/3 2640/34/3
f 2678/34/3 2642/34/3 2641/34/3
f 2679/39/3 2562/39/3 2604/39/3
f 2679/34/3 2604/34/3 2678/34/3
f 2680/33/3 2643/33/3 2562/33/3
f 2680/39/3 2562/39/3 2679/39/3
f 2681/39/3 2644/39/3 2643/39/3
f 2681/33/3 2643/33/3 2680/33/3
f 2682/35/3 2645/35/3 2644/35/3
f 2682/39/3 2644/39/3 2681/39/3
f 2683/35/3 2566/35/3 2645/35/3
f 2683/35/3 2645/35/3 2682/35/3
f 2684/39/3 2567/39/3 2566/39/3
f 2684/35/3 2566/35/3 2683/35/3
f 2685/35/3 2646/35/3 2567/35/3
f 2685/39/3 2567/39/3 2684/39/3
f 2686/33/3 2647/33/3 2646/33/3
f 2686/35/3 2646/35/3 2685/35/3
f 2687/35/3 2609/35/3 2532/35/3
f 2688/13/3 2610/13/3 2609/13/3
f 2688/35/3 2609/35/3 2687/35/3
f 2689/17/3 2648/17/3 2610/17/3
f 2689/13/3 2610/13/3 2688/13/3
f 2690/9/3 2538/9/3 2652/9/3
f 2690/9/3 2652/9/3 2651/9/3
f 2691/10/3 2653/10/3 2538/10/3
f 2691/9/3 2538/9/3 2690/9/3
f 2692/8/3 2654/8/3 2653/8/3
f 2692/10/3 2653/10/3 2691/10/3
f 2693/10/3 2615/10/3 2654/10/3
f 2693/8/3 2654/8/3 2692/8/3
f 2694/10/3 2615/10/3 2693/10/3
f 2695/11/3 2655/11/3 2615/11/3
f 2695/10/3 2615/10/3 2694/10/3
f 2696/9/3 2618/9/3 2656/9/3
f 2696/9/3 2656/9/3 2655/9/3
f 2697/10/3 2657/10/3 2618/10/3
f 2697/9/3 2618/9/3 2696/9/3
f 2698/10/3 2578/10/3 2658/10/3
f 2698/8/3 2658/8/3 2657/8/3
f 2699/9/3 2659/9/3 2578/9/3
f 2699/10/3 2578/10/3 2698/10/3
f 2700/9/3 2623/9/3 2661/9/3
f 2700/9/3 2661/9/3 2660/9/3
f 2700/11/3 2663/11/3 2662/11/3
f 2700/11/3 2662/11/3 2623/11/3
f 2701/11/3 2663/11/3 2700/11/3
f 2702/13/3 2626/13/3 2625/13/3
f 2702/14/3 2625/14/3 2663/14/3
f 2703/36/3 2665/36/3 2664/36/3
f 2703/13/3 2626/13/3 2702/13/3
f 2703/36/3 2666/36/3 2665/36/3
f 2703/36/3 2664/36/3 2626/36/3
f 2703/36/3 2667/36/3 2666/36/3
f 2704/36/3 2667/36/3 2703/36/3
f 2705/8/3 2668/8/3 2667/8/3
f 2705/36/3 2667/36/3 2704/36/3
f 2706/8/3 2668/8/3 2705/8/3
f 2707/8/3 2668/8/3 2706/8/3
f 2708/32/3 2669/32/3 2668/32/3
f 2708/8/3 2668/8/3 2707/8/3
f 2709/9/3 2672/9/3 2671/9/3
f 2709/9/3 2671/9/3 2670/9/3
f 2710/9/3 2672/9/3 2709/9/3
f 2711/1/3 2673/1/3 2672/1/3
f 2711/9/3 2672/9/3 2710/9/3
f 2711/1/3 2674/1/3 2673/1/3
f 2712/1/3 2674/1/3 2711/1/3
f 2713/33/3 2639/33/3 2677/33/3
f 2713/33/3 2677/33/3 2676/33/3
f 2714/36/3 2640/36/3 2639/36/3
f 2714/33/3 2639/33/3 2713/33/3
f 2715/36/3 2681/36/3 2680/36/3
f 2715/36/3 2680/36/3 2679/36/3
f 2716/33/3 2682/33/3 2681/33/3
f 2716/36/3 2681/36/3 2715/36/3
f 2717/39/3 2684/39/3 2683/39/3
f 2717/35/3 2685/35/3 2684/35/3
f 2718/33/3 2686/33/3 2685/33/3
f 2718/35/3 2685/35/3 2717/35/3
f 2719/37/3 2532/37/3 2608/37/3
f 2719/37/3 2608/37/3 2647/37/3
f 2720/35/3 2687/35/3 2532/35/3
f 2720/37/3 2532/37/3 2719/37/3
f 2721/17/3 2648/17/3 2689/17/3
f 2721/17/3 2689/17/3 2688/17/3
f 2721/13/3 2649/13/3 2648/13/3
f 2722/17/3 2650/17/3 2649/17/3
f 2722/13/3 2649/13/3 2721/13/3
f 2723/10/3 2692/10/3 2691/10/3
f 2723/10/3 2693/10/3 2692/10/3
f 2723/10/3 2694/10/3 2693/10/3
f 2723/10/3 2691/10/3 2690/10/3
f 2724/10/3 2694/10/3 2723/10/3
f 2725/11/3 2655/11/3 2695/11/3
f 2725/11/3 2695/11/3 2694/11/3
f 2726/9/3 2696/9/3 2655/9/3
f 2726/11/3 2655/11/3 2725/11/3
f 2727/8/3 2698/8/3 2657/8/3
f 2727/10/3 2657/10/3 2697/10/3
f 2727/10/3 2697/10/3 2696/10/3
f 2728/9/3 2699/9/3 2698/9/3
f 2728/8/3 2698/8/3 2727/8/3
f 2729/9/3 2659/9/3 2699/9/3
f 2729/9/3 2699/9/3 2728/9/3
f 2730/13/3 2660/13/3 2659/13/3
f 2730/9/3 2659/9/3 2729/9/3
f 2731/9/3 2700/9/3 2660/9/3
f 2731/13/3 2660/13/3 2730/13/3
f 2731/9/3 2701/9/3 2700/9/3
f 2732/34/3 2706/34/3 2705/34/3
f 2732/36/3 2705/36/3 2704/36/3
f 2733/32/3 2707/32/3 2706/32/3
f 2733/34/3 2706/34/3 2732/34/3
f 2734/34/3 2708/34/3 2707/34/3
f 2734/32/3 2707/32/3 2733/32/3
f 2735/32/3 2669/32/3 2708/32/3
f 2735/34/3 2708/34/3 2734/34/3
f 2736/35/3 2629/35/3 2669/35/3
f 2736/32/3 2669/32/3 2735/32/3
f 2737/9/3 2709/9/3 2670/9/3
f 2738/8/3 2710/8/3 2709/8/3
f 2738/9/3 2709/9/3 2737/9/3
f 2739/9/3 2711/9/3 2710/9/3
f 2739/8/3 2710/8/3 2738/8/3
f 2739/9/3 2712/9/3 2711/9/3
f 2740/9/3 2712/9/3 2739/9/3
f 2741/35/3 2595/35/3 2636/35/3
f 2741/39/3 2596/39/3 2595/39/3
f 2742/36/3 2597/36/3 2596/36/3
f 2742/39/3 2596/39/3 2741/39/3
f 2742/36/3 2598/36/3 2597/36/3
f 2743/36/3 2598/36/3 2742/36/3
f 2744/33/3 2713/33/3 2676/33/3
f 2745/36/3 2714/36/3 2713/36/3
f 2745/33/3 2713/33/3 2744/33/3
f 2746/39/3 2679/39/3 2678/39/3
f 2746/34/3 2678/34/3 2640/34/3
f 2747/36/3 2715/36/3 2679/36/3
f 2747/39/3 2679/39/3 2746/39/3
f 2748/33/3 2682/33/3 2716/33/3
f 2748/35/3 2683/35/3 2682/35/3
f 2749/39/3 2717/39/3 2683/39/3
f 2749/35/3 2683/35/3 2748/35/3
f 2750/33/3 2718/33/3 2717/33/3
f 2750/39/3 2717/39/3 2749/39/3
f 2751/33/3 2686/33/3 2718/33/3
f 2751/33/3 2718/33/3 2750/33/3
f 2752/33/3 2647/33/3 2686/33/3
f 2752/33/3 2686/33/3 2751/33/3
f 2753/33/3 2647/33/3 2752/33/3
f 2754/37/3 2719/37/3 2647/37/3
f 2754/33/3 2647/33/3 2753/33/3
f 2755/35/3 2687/35/3 2720/35/3
f 2755/35/3 2720/35/3 2719/35/3
f 2756/13/3 2688/13/3 2687/13/3
f 2756/35/3 2687/35/3 2755/35/3
f 2757/17/3 2722/17/3 2721/17/3
f 2757/13/3 2688/13/3 2756/13/3
f 2757/17/3 2721/17/3 2688/17/3
f 2758/8/3 2724/8/3 2723/8/3
f 2759/10/3 2694/10/3 2724/10/3
f 2759/8/3 2724/8/3 2758/8/3
f 2760/10/3 2694/10/3 2759/10/3
f 2761/11/3 2725/11/3 2694/11/3
f 2761/10/3 2694/10/3 2760/10/3
f 2762/9/3 2696/9/3 2726/9/3
f 2762/9/3 2726/9/3 2725/9/3
f 2763/10/3 2728/10/3 2727/10/3
f 2763/9/3 2696/9/3 2762/9/3
f 2763/10/3 2727/10/3 2696/10/3
f 2764/36/3 2732/36/3 2704/36/3
f 2765/8/3 2734/8/3 2733/8/3
f 2765/36/3 2732/36/3 2764/36/3
f 2765/8/3 2735/8/3 2734/8/3
f 2765/8/3 2733/8/3 2732/8/3
f 2766/8/3 2735/8/3 2765/8/3
f 2767/8/3 2735/8/3 2766/8/3
f 2768/34/3 2736/34/3 2735/34/3
f 2768/8/3 2735/8/3 2767/8/3
f 2769/35/3 2629/35/3 2736/35/3
f 2769/34/3 2736/34/3 2768/34/3
f 2770/9/3 2737/9/3 2670/9/3
f 2771/9/3 2737/9/3 2770/9/3
f 2772/9/3 2737/9/3 2771/9/3
f 2773/9/3 2737/9/3 2772/9/3
f 2774/8/3 2738/8/3 2737/8/3
f 2774/2/3 2739/2/3 2738/2/3
f 2775/2/3 2739/2/3 2774/2/3
f 2776/8/3 2740/8/3 2739/8/3
f 2776/2/3 2739/2/3 2775/2/3
f 2777/9/3 2712/9/3 2740/9/3
f 2777/8/3 2740/8/3 2776/8/3
f 2778/9/3 2712/9/3 2777/9/3
f 2779/1/3 2674/1/3 2712/1/3
f 2779/9/3 2712/9/3 2778/9/3
f 2780/1/3 2674/1/3 2779/1/3
f 2781/1/3 2674/1/3 2780/1/3
f 2782/9/3 2675/9/3 2674/9/3
f 2782/1/3 2674/1/3 2781/1/3
f 2783/36/3 2676/36/3 2136/36/3
f 2783/33/3 2744/33/3 2676/33/3
f 2784/36/3 2745/36/3 2744/36/3
f 2784/33/3 2744/33/3 2783/33/3
f 2785/34/3 2746/34/3 2640/34/3
f 2786/36/3 2747/36/3 2746/36/3
f 2786/34/3 2746/34/3 2785/34/3
f 2787/33/3 2751/33/3 2750/33/3
f 2787/42/3 2752/42/3 2751/42/3
f 2788/33/3 2753/33/3 2752/33/3
f 2788/42/3 2752/42/3 2787/42/3
f 2789/13/3 2756/13/3 2755/13/3
f 2789/17/3 2757/17/3 2756/17/3
f 2790/11/3 2651/11/3 2650/11/3
f 2790/17/3 2757/17/3 2789/17/3
f 2790/17/3 2650/17/3 2722/17/3
f 2790/17/3 2722/17/3 2757/17/3
f 2791/9/3 2690/9/3 2651/9/3
f 2791/11/3 2651/11/3 2790/11/3
f 2792/10/3 2723/10/3 2690/10/3
f 2792/9/3 2690/9/3 2791/9/3
f 2793/8/3 2758/8/3 2723/8/3
f 2793/10/3 2723/10/3 2792/10/3
f 2794/10/3 2760/10/3 2759/10/3
f 2794/8/3 2758/8/3 2793/8/3
f 2794/10/3 2759/10/3 2758/10/3
f 2795/8/3 2761/8/3 2760/8/3
f 2795/10/3 2760/10/3 2794/10/3
f 2796/11/3 2725/11/3 2761/11/3
f 2796/8/3 2761/8/3 2795/8/3
f 2797/9/3 2762/9/3 2725/9/3
f 2797/11/3 2725/11/3 2796/11/3
f 2798/10/3 2763/10/3 2762/10/3
f 2798/9/3 2762/9/3 2797/9/3
f 2799/9/3 2729/9/3 2728/9/3
f 2799/10/3 2763/10/3 2798/10/3
f 2799/10/3 2728/10/3 2763/10/3
f 2800/13/3 2730/13/3 2729/13/3
f 2800/9/3 2729/9/3 2799/9/3
f 2801/9/3 2731/9/3 2730/9/3
f 2801/13/3 2730/13/3 2800/13/3
f 2802/14/3 2702/14/3 2663/14/3
f 2802/11/3 2663/11/3 2701/11/3
f 2802/14/3 2703/14/3 2702/14/3
f 2803/14/3 2703/14/3 2802/14/3
f 2804/13/3 2704/13/3 2703/13/3
f 2804/14/3 2703/14/3 2803/14/3
f 2805/36/3 2764/36/3 2704/36/3
f 2805/13/3 2704/13/3 2804/13/3
f 2806/36/3 2764/36/3 2805/36/3
f 2807/8/3 2765/8/3 2764/8/3
f 2807/34/3 2766/34/3 2765/34/3
f 2808/32/3 2767/32/3 2766/32/3
f 2808/34/3 2766/34/3 2807/34/3
f 2809/8/3 2771/8/3 2770/8/3
f 2809/2/3 2772/2/3 2771/2/3
f 2810/8/3 2773/8/3 2772/8/3
f 2810/2/3 2772/2/3 2809/2/3
f 2811/9/3 2737/9/3 2773/9/3
f 2811/8/3 2773/8/3 2810/8/3
f 2812/9/3 2737/9/3 2811/9/3
f 2813/9/3 2737/9/3 2812/9/3
f 2814/8/3 2774/8/3 2737/8/3
f 2814/9/3 2737/9/3 2813/9/3
f 2814/8/3 2775/8/3 2774/8/3
f 2815/8/3 2775/8/3 2814/8/3
f 2816/2/3 2776/2/3 2775/2/3
f 2816/2/3 2777/2/3 2776/2/3
f 2817/2/3 2777/2/3 2816/2/3
f 2818/8/3 2778/8/3 2777/8/3
f 2818/2/3 2777/2/3 2817/2/3
f 2819/9/3 2780/9/3 2779/9/3
f 2819/8/3 2778/8/3 2818/8/3
f 2819/9/3 2779/9/3 2778/9/3
f 2820/9/3 2780/9/3 2819/9/3
f 2821/9/3 2780/9/3 2820/9/3
f 2822/1/3 2781/1/3 2780/1/3
f 2822/9/3 2780/9/3 2821/9/3
f 2823/9/3 2782/9/3 2781/9/3
f 2823/1/3 2781/1/3 2822/1/3
f 2824/36/3 2745/36/3 2784/36/3
f 2824/36/3 2640/36/3 2714/36/3
f 2824/36/3 2784/36/3 2783/36/3
f 2824/36/3 2714/36/3 2745/36/3
f 2824/34/3 2785/34/3 2640/34/3
f 2825/39/3 2786/39/3 2785/39/3
f 2825/34/3 2785/34/3 2824/34/3
f 2826/36/3 2747/36/3 2786/36/3
f 2826/39/3 2786/39/3 2825/39/3
f 2827/36/3 2715/36/3 2747/36/3
f 2827/36/3 2747/36/3 2826/36/3
f 2828/39/3 2716/39/3 2715/39/3
f 2828/36/3 2715/36/3 2827/36/3
f 2829/33/3 2748/33/3 2716/33/3
f 2829/39/3 2716/39/3 2828/39/3
f 2830/34/3 2750/34/3 2749/34/3
f 2830/33/3 2787/33/3 2750/33/3
f 2830/33/3 2788/33/3 2787/33/3
f 2831/33/3 2788/33/3 2830/33/3
f 2832/13/3 2789/13/3 2755/13/3
f 2832/13/3 2790/13/3 2789/13/3
f 2833/11/3 2791/11/3 2790/11/3
f 2833/13/3 2790/13/3 2832/13/3
f 2834/13/3 2796/13/3 2795/13/3
f 2834/11/3 2791/11/3 2833/11/3
f 2834/13/3 2793/13/3 2792/13/3
f 2834/13/3 2795/13/3 2794/13/3
f 2834/13/3 2792/13/3 2791/13/3
f 2834/13/3 2799/13/3 2798/13/3
f 2834/13/3 2794/13/3 2793/13/3
f 2834/13/3 2798/13/3 2797/13/3
f 2834/13/3 2797/13/3 2796/13/3
f 2834/13/3 2800/13/3 2799/13/3
f 2835/13/3 2800/13/3 2834/13/3
f 2836/13/3 2800/13/3 2835/13/3
f 2837/13/3 2800/13/3 2836/13/3
f 2838/13/3 2800/13/3 2837/13/3
f 2839/13/3 2800/13/3 2838/13/3
f 2840/13/3 2804/13/3 2803/13/3
f 2840/11/3 2803/11/3 2802/11/3
f 2841/14/3 2805/14/3 2804/14/3
f 2841/13/3 2804/13/3 2840/13/3
f 2842/8/3 2807/8/3 2764/8/3
f 2842/36/3 2764/36/3 2806/36/3
f 2843/32/3 2808/32/3 2807/32/3
f 2843/8/3 2807/8/3 2842/8/3
f 2844/32/3 2767/32/3 2808/32/3
f 2844/32/3 2808/32/3 2843/32/3
f 2844/34/3 2768/34/3 2767/34/3
f 2845/8/3 2769/8/3 2768/8/3
f 2845/34/3 2768/34/3 2844/34/3
f 2846/35/3 2629/35/3 2769/35/3
f 2846/8/3 2769/8/3 2845/8/3
f 2847/9/3 2770/9/3 2670/9/3
f 2847/8/3 2810/8/3 2809/8/3
f 2847/8/3 2809/8/3 2770/8/3
f 2848/2/3 2812/2/3 2811/2/3
f 2848/8/3 2810/8/3 2847/8/3
f 2848/2/3 2811/2/3 2810/2/3
f 2849/8/3 2813/8/3 2812/8/3
f 2849/2/3 2812/2/3 2848/2/3
f 2850/9/3 2815/9/3 2814/9/3
f 2850/8/3 2813/8/3 2849/8/3
f 2850/9/3 2814/9/3 2813/9/3
f 2851/9/3 2815/9/3 2850/9/3
f 2852/9/3 2815/9/3 2851/9/3
f 2853/8/3 2775/8/3 2815/8/3
f 2853/9/3 2815/9/3 2852/9/3
f 2854/2/3 2816/2/3 2775/2/3
f 2854/8/3 2775/8/3 2853/8/3
f 2855/8/3 2817/8/3 2816/8/3
f 2855/2/3 2816/2/3 2854/2/3
f 2856/9/3 2818/9/3 2817/9/3
f 2856/8/3 2817/8/3 2855/8/3
f 2857/2/3 2820/2/3 2819/2/3
f 2857/9/3 2818/9/3 2856/9/3
f 2857/2/3 2819/2/3 2818/2/3
f 2858/2/3 2820/2/3 2857/2/3
f 2859/8/3 2821/8/3 2820/8/3
f 2859/2/3 2820/2/3 2858/2/3
f 2860/9/3 2823/9/3 2822/9/3
f 2860/8/3 2821/8/3 2859/8/3
f 2860/9/3 2822/9/3 2821/9/3
f 2861/9/3 2823/9/3 2860/9/3
f 2862/9/3 2823/9/3 2861/9/3
f 2863/36/3 2742/36/3 2741/36/3
f 2863/39/3 2743/39/3 2742/39/3
f 2864/36/3 2598/36/3 2743/36/3
f 2864/39/3 2743/39/3 2863/39/3
f 2865/33/3 102/33/3 2598/33/3
f 2865/36/3 2598/36/3 2864/36/3
f 2866/33/3 2748/33/3 2829/33/3
f 2866/39/3 2749/39/3 2748/39/3
f 2866/33/3 2829/33/3 2828/33/3
f 2867/34/3 2830/34/3 2749/34/3
f 2867/39/3 2749/39/3 2866/39/3
f 2868/42/3 2831/42/3 2830/42/3
f 2868/34/3 2830/34/3 2867/34/3
f 2869/33/3 2788/33/3 2831/33/3
f 2869/42/3 2831/42/3 2868/42/3
f 2870/13/3 2832/13/3 2755/13/3
f 2870/35/3 2755/35/3 2719/35/3
f 2871/17/3 2833/17/3 2832/17/3
f 2871/13/3 2832/13/3 2870/13/3
f 2872/17/3 2833/17/3 2871/17/3
f 2873/11/3 2837/11/3 2836/11/3
f 2873/10/3 2836/10/3 2835/10/3
f 2874/11/3 2837/11/3 2873/11/3
f 2875/10/3 2839/10/3 2838/10/3
f 2876/13/3 2800/13/3 2839/13/3
f 2876/10/3 2839/10/3 2875/10/3
f 2877/9/3 2801/9/3 2800/9/3
f 2877/13/3 2800/13/3 2876/13/3
f 2878/9/3 2731/9/3 2801/9/3
f 2878/9/3 2801/9/3 2877/9/3
f 2879/11/3 2840/11/3 2802/11/3
f 2879/11/3 2802/11/3 2701/11/3
f 2880/14/3 2841/14/3 2840/14/3
f 2880/11/3 2840/11/3 2879/11/3
f 2881/36/3 2842/36/3 2806/36/3
f 2881/36/3 2843/36/3 2842/36/3
f 2882/8/3 2845/8/3 2844/8/3
f 2882/36/3 2843/36/3 2881/36/3
f 2882/8/3 2844/8/3 2843/8/3
f 2883/34/3 2846/34/3 2845/34/3
f 2883/8/3 2845/8/3 2882/8/3
f 2884/9/3 2848/9/3 2847/9/3
f 2884/8/3 2849/8/3 2848/8/3
f 2885/2/3 2851/2/3 2850/2/3
f 2885/8/3 2849/8/3 2884/8/3
f 2885/2/3 2850/2/3 2849/2/3
f 2886/8/3 2852/8/3 2851/8/3
f 2886/2/3 2851/2/3 2885/2/3
f 2887/9/3 2853/9/3 2852/9/3
f 2887/8/3 2852/8/3 2886/8/3
f 2887/9/3 2854/9/3 2853/9/3
f 2888/9/3 2854/9/3 2887/9/3
f 2889/8/3 2855/8/3 2854/8/3
f 2889/9/3 2854/9/3 2888/9/3
f 2890/9/3 2857/9/3 2856/9/3
f 2890/2/3 2856/2/3 2855/2/3
f 2890/9/3 2858/9/3 2857/9/3
f 2891/9/3 2858/9/3 2890/9/3
f 2892/8/3 2859/8/3 2858/8/3
f 2892/9/3 2858/9/3 2891/9/3
f 2893/2/3 2861/2/3 2860/2/3
f 2893/8/3 2859/8/3 2892/8/3
f 2893/2/3 2860/2/3 2859/2/3
f 2894/2/3 2861/2/3 2893/2/3
f 2895/8/3 2862/8/3 2861/8/3
f 2895/2/3 2861/2/3 2894/2/3
f 2896/9/3 2823/9/3 2862/9/3
f 2896/8/3 2862/8/3 2895/8/3
f 2897/9/3 2823/9/3 2896/9/3
f 2898/9/3 2823/9/3 2897/9/3
f 2899/35/3 2741/35/3 2636/35/3
f 2899/36/3 2864/36/3 2863/36/3
f 2899/36/3 2863/36/3 2741/36/3
f 2900/36/3 2864/36/3 2899/36/3
f 2901/36/3 2824/36/3 2783/36/3
f 2902/39/3 2825/39/3 2824/39/3
f 2902/36/3 2824/36/3 2901/36/3
f 2903/36/3 2826/36/3 2825/36/3
f 2903/39/3 2825/39/3 2902/39/3
f 2903/36/3 2827/36/3 2826/36/3
f 2904/36/3 2827/36/3 2903/36/3
f 2905/39/3 2828/39/3 2827/39/3
f 2905/36/3 2827/36/3 2904/36/3
f 2906/33/3 2866/33/3 2828/33/3
f 2906/39/3 2828/39/3 2905/39/3
f 2906/33/3 2867/33/3 2866/33/3
f 2907/33/3 2867/33/3 2906/33/3
f 2908/33/3 2867/33/3 2907/33/3
f 2909/34/3 2868/34/3 2867/34/3
f 2909/33/3 2867/33/3 2908/33/3
f 2910/33/3 2869/33/3 2868/33/3
f 2910/34/3 2868/34/3 2909/34/3
f 2911/33/3 2788/33/3 2869/33/3
f 2911/33/3 2869/33/3 2910/33/3
f 2911/33/3 2753/33/3 2788/33/3
f 2912/37/3 2754/37/3 2753/37/3
f 2912/33/3 2753/33/3 2911/33/3
f 2913/10/3 2874/10/3 2873/10/3
f 2913/10/3 2873/10/3 2835/10/3
f 2914/10/3 2874/10/3 2913/10/3
f 2915/10/3 2874/10/3 2914/10/3
f 2916/10/3 2874/10/3 2915/10/3
f 2917/10/3 2875/10/3 2838/10/3
f 2918/8/3 2876/8/3 2875/8/3
f 2918/10/3 2875/10/3 2917/10/3
f 2919/10/3 2877/10/3 2876/10/3
f 2919/8/3 2876/8/3 2918/8/3
f 2920/9/3 2731/9/3 2878/9/3
f 2920/9/3 2701/9/3 2731/9/3
f 2921/11/3 2879/11/3 2701/11/3
f 2921/9/3 2701/9/3 2920/9/3
f 2922/14/3 2841/14/3 2880/14/3
f 2922/14/3 2880/14/3 2879/14/3
f 2922/14/3 2805/14/3 2841/14/3
f 2923/13/3 2806/13/3 2805/13/3
f 2923/14/3 2805/14/3 2922/14/3
f 2924/36/3 2881/36/3 2806/36/3
f 2924/13/3 2806/13/3 2923/13/3
f 2925/32/3 2882/32/3 2881/32/3
f 2925/32/3 2883/32/3 2882/32/3
f 2926/32/3 2883/32/3 2925/32/3
f 2927/8/3 2886/8/3 2885/8/3
f 2927/9/3 2885/9/3 2884/9/3
f 2928/2/3 2888/2/3 2887/2/3
f 2928/8/3 2886/8/3 2927/8/3
f 2928/2/3 2887/2/3 2886/2/3
f 2929/8/3 2889/8/3 2888/8/3
f 2929/2/3 2888/2/3 2928/2/3
f 2930/8/3 2855/8/3 2889/8/3
f 2930/8/3 2889/8/3 2929/8/3
f 2930/2/3 2890/2/3 2855/2/3
f 2931/8/3 2891/8/3 2890/8/3
f 2931/2/3 2890/2/3 2930/2/3
f 2932/9/3 2892/9/3 2891/9/3
f 2932/8/3 2891/8/3 2931/8/3
f 2932/9/3 2894/9/3 2893/9/3
f 2932/9/3 2893/9/3 2892/9/3
f 2933/8/3 2895/8/3 2894/8/3
f 2933/9/3 2894/9/3 2932/9/3
f 2934/2/3 2897/2/3 2896/2/3
f 2934/8/3 2895/8/3 2933/8/3
f 2934/2/3 2896/2/3 2895/2/3
f 2935/2/3 2897/2/3 2934/2/3
f 2936/8/3 2898/8/3 2897/8/3
f 2936/2/3 2897/2/3 2935/2/3
f 2937/9/3 2823/9/3 2898/9/3
f 2937/8/3 2898/8/3 2936/8/3
f 2938/9/3 2782/9/3 2823/9/3
f 2938/9/3 2823/9/3 2937/9/3
f 2939/36/3 2901/36/3 2783/36/3
f 2940/39/3 2902/39/3 2901/39/3
f 2940/36/3 2901/36/3 2939/36/3
f 2941/39/3 2908/39/3 2907/39/3
f 2941/33/3 2907/33/3 2906/33/3
f 2942/34/3 2909/34/3 2908/34/3
f 2942/39/3 2908/39/3 2941/39/3
f 2943/33/3 2911/33/3 2910/33/3
f 2943/33/3 2910/33/3 2909/33/3
f 2944/35/3 2912/35/3 2911/35/3
f 2944/33/3 2911/33/3 2943/33/3
f 2945/17/3 2833/17/3 2872/17/3
f 2946/17/3 2833/17/3 2945/17/3
f 2947/8/3 2916/8/3 2915/8/3
f 2947/10/3 2915/10/3 2914/10/3
f 2948/10/3 2874/10/3 2916/10/3
f 2948/8/3 2916/8/3 2947/8/3
f 2949/10/3 2917/10/3 2838/10/3
f 2949/9/3 2838/9/3 2837/9/3
f 2950/10/3 2917/10/3 2949/10/3
f 2951/8/3 2918/8/3 2917/8/3
f 2951/10/3 2917/10/3 2950/10/3
f 2952/11/3 2879/11/3 2921/11/3
f 2952/11/3 2921/11/3 2920/11/3
f 2953/14/3 2922/14/3 2879/14/3
f 2953/11/3 2879/11/3 2952/11/3
f 2954/32/3 2925/32/3 2881/32/3
f 2954/8/3 2926/8/3 2925/8/3
f 2955/8/3 2926/8/3 2954/8/3
f 2956/32/3 2883/32/3 2926/32/3
f 2956/8/3 2926/8/3 2955/8/3
f 2957/34/3 2846/34/3 2883/34/3
f 2957/32/3 2883/32/3 2956/32/3
f 2958/8/3 2929/8/3 2928/8/3
f 2958/9/3 2928/9/3 2927/9/3
f 2959/2/3 2930/2/3 2929/2/3
f 2959/8/3 2929/8/3 2958/8/3
f 2960/8/3 2931/8/3 2930/8/3
f 2960/2/3 2930/2/3 2959/2/3
f 2961/2/3 2932/2/3 2931/2/3
f 2961/8/3 2931/8/3 2960/8/3
f 2962/9/3 2935/9/3 2934/9/3
f 2962/2/3 2932/2/3 2961/2/3
f 2962/9/3 2933/9/3 2932/9/3
f 2962/9/3 2934/9/3 2933/9/3
f 2963/9/3 2935/9/3 2962/9/3
f 2964/8/3 2936/8/3 2935/8/3
f 2964/9/3 2935/9/3 2963/9/3
f 2964/8/3 2937/8/3 2936/8/3
f 2964/8/3 2938/8/3 2937/8/3
f 2965/8/3 2938/8/3 2964/8/3
f 2966/8/3 2938/8/3 2965/8/3
f 2967/9/3 2782/9/3 2938/9/3
f 2967/8/3 2938/8/3 2966/8/3
f 2968/9/3 2675/9/3 2782/9/3
f 2968/9/3 2782/9/3 2967/9/3
f 2969/34/3 2940/34/3 2939/34/3
f 2970/39/3 2902/39/3 2940/39/3
f 2970/34/3 2940/34/3 2969/34/3
f 2971/36/3 2903/36/3 2902/36/3
f 2971/39/3 2902/39/3 2970/39/3
f 2971/36/3 2904/36/3 2903/36/3
f 2972/33/3 2941/33/3 2906/33/3
f 2972/34/3 2906/34/3 2905/34/3
f 2973/36/3 2942/36/3 2941/36/3
f 2973/33/3 2941/33/3 2972/33/3
f 2974/33/3 2943/33/3 2909/33/3
f 2975/35/3 2944/35/3 2943/35/3
f 2975/33/3 2943/33/3 2974/33/3
f 2976/35/3 2912/35/3 2944/35/3
f 2976/35/3 2944/35/3 2975/35/3
f 2977/37/3 2754/37/3 2912/37/3
f 2977/35/3 2912/35/3 2976/35/3
f 2978/37/3 2719/37/3 2754/37/3
f 2978/37/3 2754/37/3 2977/37/3
f 2979/37/3 2871/37/3 2870/37/3
f 2979/13/3 2872/13/3 2871/13/3
f 2980/17/3 2945/17/3 2872/17/3
f 2980/13/3 2872/13/3 2979/13/3
f 2981/17/3 2945/17/3 2980/17/3
f 2982/9/3 2835/9/3 2834/9/3
f 2982/11/3 2834/11/3 2833/11/3
f 2983/10/3 2913/10/3 2835/10/3
f 2983/9/3 2835/9/3 2982/9/3
f 2984/8/3 2914/8/3 2913/8/3
f 2984/10/3 2913/10/3 2983/10/3
f 2985/10/3 2947/10/3 2914/10/3
f 2985/8/3 2914/8/3 2984/8/3
f 2985/10/3 2948/10/3 2947/10/3
f 2986/10/3 2948/10/3 2985/10/3
f 2987/9/3 2950/9/3 2949/9/3
f 2987/11/3 2837/11/3 2874/11/3
f 2987/9/3 2949/9/3 2837/9/3
f 2988/9/3 2950/9/3 2987/9/3
f 2989/8/3 2951/8/3 2950/8/3
f 2989/9/3 2950/9/3 2988/9/3
f 2990/8/3 2918/8/3 2951/8/3
f 2990/8/3 2951/8/3 2989/8/3
f 2990/10/3 2919/10/3 2918/10/3
f 2991/10/3 2877/10/3 2919/10/3
f 2991/10/3 2919/10/3 2990/10/3
f 2992/13/3 2878/13/3 2877/13/3
f 2992/10/3 2877/10/3 2991/10/3
f 2993/9/3 2920/9/3 2878/9/3
f 2993/13/3 2878/13/3 2992/13/3
f 2994/9/3 2920/9/3 2993/9/3
f 2995/9/3 2920/9/3 2994/9/3
f 2996/11/3 2952/11/3 2920/11/3
f 2996/9/3 2920/9/3 2995/9/3
f 2997/14/3 2922/14/3 2953/14/3
f 2997/14/3 2953/14/3 2952/14/3
f 2998/13/3 2923/13/3 2922/13/3
f 2998/14/3 2922/14/3 2997/14/3
f 2999/36/3 2924/36/3 2923/36/3
f 2999/13/3 2923/13/3 2998/13/3
f 3000/32/3 2955/32/3 2954/32/3
f 3000/32/3 2954/32/3 2881/32/3
f 3001/8/3 2957/8/3 2956/8/3
f 3001/32/3 2955/32/3 3000/32/3
f 3001/8/3 2956/8/3 2955/8/3
f 3002/9/3 2959/9/3 2958/9/3
f 3002/8/3 2960/8/3 2959/8/3
f 3003/2/3 2962/2/3 2961/2/3
f 3003/8/3 2960/8/3 3002/8/3
f 3003/2/3 2961/2/3 2960/2/3
f 3004/8/3 2963/8/3 2962/8/3
f 3004/2/3 2962/2/3 3003/2/3
f 3005/9/3 2964/9/3 2963/9/3
f 3005/8/3 2963/8/3 3004/8/3
f 3005/9/3 2965/9/3 2964/9/3
f 3006/8/3 2966/8/3 2965/8/3
f 3006/9/3 2965/9/3 3005/9/3
f 3007/1/3 2967/1/3 2966/1/3
f 3007/8/3 2966/8/3 3006/8/3
f 3008/8/3 2968/8/3 2967/8/3
f 3008/1/3 2967/1/3 3007/1/3
f 3009/8/3 2968/8/3 3008/8/3
f 3010/9/3 2675/9/3 2968/9/3
f 3010/8/3 2968/8/3 3009/8/3
f 3011/39/3 2900/39/3 2899/39/3
f 3011/35/3 2899/35/3 2636/35/3
f 3012/36/3 2864/36/3 2900/36/3
f 3012/39/3 2900/39/3 3011/39/3
f 3013/39/3 2865/39/3 2864/39/3
f 3013/36/3 2864/36/3 3012/36/3
f 3014/33/3 102/33/3 2865/33/3
f 3014/39/3 2865/39/3 3013/39/3
f 3015/36/3 2939/36/3 2783/36/3
f 3015/36/3 2783/36/3 2136/36/3
f 3016/34/3 2969/34/3 2939/34/3
f 3016/36/3 2939/36/3 3015/36/3
f 3017/39/3 2970/39/3 2969/39/3
f 3017/34/3 2969/34/3 3016/34/3
f 3018/36/3 2971/36/3 2970/36/3
f 3018/39/3 2970/39/3 3017/39/3
f 3019/36/3 2904/36/3 2971/36/3
f 3019/36/3 2971/36/3 3018/36/3
f 3020/39/3 2905/39/3 2904/39/3
f 3020/36/3 2904/36/3 3019/36/3
f 3021/34/3 2972/34/3 2905/34/3
f 3021/39/3 2905/39/3 3020/39/3
f 3022/39/3 2973/39/3 2972/39/3
f 3022/34/3 2972/34/3 3021/34/3
f 3023/34/3 2909/34/3 2942/34/3
f 3023/33/3 2974/33/3 2909/33/3
f 3024/37/3 2975/37/3 2974/37/3
f 3024/33/3 2974/33/3 3023/33/3
f 3024/37/3 2976/37/3 2975/37/3
f 3025/37/3 2976/37/3 3024/37/3
f 3026/35/3 2977/35/3 2976/35/3
f 3026/37/3 2976/37/3 3025/37/3
f 3027/33/3 2978/33/3 2977/33/3
f 3027/35/3 2977/35/3 3026/35/3
f 3028/35/3 2870/35/3 2719/35/3
f 3028/37/3 2719/37/3 2978/37/3
f 3029/35/3 2870/35/3 3028/35/3
f 3030/37/3 2980/37/3 2979/37/3
f 3030/35/3 2870/35/3 3029/35/3
f 3030/37/3 2979/37/3 2870/37/3
f 3031/37/3 2980/37/3 3030/37/3
f 3032/17/3 2945/17/3 2981/17/3
f 3032/13/3 2946/13/3 2945/13/3
f 3033/17/3 2833/17/3 2946/17/3
f 3033/13/3 2946/13/3 3032/13/3
f 3034/11/3 2983/11/3 2982/11/3
f 3034/17/3 2833/17/3 3033/17/3
f 3034/11/3 2982/11/3 2833/11/3
f 3035/11/3 2983/11/3 3034/11/3
f 3036/9/3 2984/9/3 2983/9/3
f 3036/8/3 2986/8/3 2985/8/3
f 3036/8/3 2985/8/3 2984/8/3
f 3037/8/3 2986/8/3 3036/8/3
f 3038/10/3 2948/10/3 2986/10/3
f 3038/8/3 2986/8/3 3037/8/3
f 3039/10/3 2874/10/3 2948/10/3
f 3039/10/3 2948/10/3 3038/10/3
f 3039/11/3 2988/11/3 2987/11/3
f 3039/11/3 2987/11/3 2874/11/3
f 3040/11/3 2988/11/3 3039/11/3
f 3041/10/3 2990/10/3 2989/10/3
f 3041/10/3 2991/10/3 2990/10/3
f 3041/9/3 2989/9/3 2988/9/3
f 3042/10/3 2991/10/3 3041/10/3
f 3043/10/3 2991/10/3 3042/10/3
f 3044/8/3 2992/8/3 2991/8/3
f 3044/10/3 2991/10/3 3043/10/3
f 3045/11/3 2952/11/3 2996/11/3
f 3045/11/3 2996/11/3 2995/11/3
f 3046/14/3 2997/14/3 2952/14/3
f 3046/11/3 2952/11/3 3045/11/3
f 3047/32/3 3000/32/3 2881/32/3
f 3047/8/3 3001/8/3 3000/8/3
f 3048/8/3 2957/8/3 3001/8/3
f 3048/8/3 3001/8/3 3047/8/3
f 3049/9/3 3003/9/3 3002/9/3
f 3049/9/3 3005/9/3 3004/9/3
f 3049/9/3 3002/9/3 2958/9/3
f 3049/9/3 3006/9/3 3005/9/3
f 3049/9/3 2958/9/3 2927/9/3
f 3049/9/3 2927/9/3 2884/9/3
f 3049/9/3 3004/9/3 3003/9/3
f 3049/9/3 2847/9/3 2670/9/3
f 3049/9/3 2884/9/3 2847/9/3
f 3049/36/3 2670/36/3 2630/36/3
f 3050/1/3 3009/1/3 3008/1/3
f 3050/9/3 3006/9/3 3049/9/3
f 3050/1/3 3008/1/3 3007/1/3
f 3050/1/3 3007/1/3 3006/1/3
f 3051/9/3 3010/9/3 3009/9/3
f 3051/1/3 3009/1/3 3050/1/3
f 3052/36/3 2594/36/3 2675/36/3
f 3052/9/3 3010/9/3 3051/9/3
f 3052/9/3 2675/9/3 3010/9/3
f 3053/1/3 2634/1/3 2594/1/3
f 3053/25/3 2635/25/3 2634/25/3
f 3054/1/3 2636/1/3 2635/1/3
f 3054/25/3 2635/25/3 3053/25/3
f 3055/34/3 3016/34/3 3015/34/3
f 3055/34/3 3017/34/3 3016/34/3
f 3056/33/3 3018/33/3 3017/33/3
f 3056/34/3 3017/34/3 3055/34/3
f 3057/33/3 3021/33/3 3020/33/3
f 3057/33/3 3022/33/3 3021/33/3
f 3057/39/3 3020/39/3 3019/39/3
f 3058/33/3 3022/33/3 3057/33/3
f 3059/39/3 2973/39/3 3022/39/3
f 3059/33/3 3022/33/3 3058/33/3
f 3060/36/3 2942/36/3 2973/36/3
f 3060/39/3 2973/39/3 3059/39/3
f 3061/34/3 3023/34/3 2942/34/3
f 3061/34/3 3024/34/3 3023/34/3
f 3062/37/3 3025/37/3 3024/37/3
f 3062/34/3 3024/34/3 3061/34/3
f 3063/35/3 3026/35/3 3025/35/3
f 3063/37/3 3025/37/3 3062/37/3
f 3064/33/3 3027/33/3 3026/33/3
f 3064/35/3 3026/35/3 3063/35/3
f 3065/35/3 3030/35/3 3029/35/3
f 3065/37/3 3029/37/3 3028/37/3
f 3065/35/3 3031/35/3 3030/35/3
f 3066/37/3 2980/37/3 3031/37/3
f 3066/35/3 3031/35/3 3065/35/3
f 3067/10/3 3037/10/3 3036/10/3
f 3067/8/3 3038/8/3 3037/8/3
f 3067/8/3 3039/8/3 3038/8/3
f 3068/10/3 3040/10/3 3039/10/3
f 3068/8/3 3039/8/3 3067/8/3
f 3069/11/3 2988/11/3 3040/11/3
f 3069/9/3 3042/9/3 3041/9/3
f 3069/9/3 3041/9/3 2988/9/3
f 3070/9/3 3042/9/3 3069/9/3
f 3071/10/3 3043/10/3 3042/10/3
f 3071/8/3 3044/8/3 3043/8/3
f 3072/8/3 2992/8/3 3044/8/3
f 3072/8/3 3044/8/3 3071/8/3
f 3072/10/3 2993/10/3 2992/10/3
f 3073/9/3 2995/9/3 2994/9/3
f 3074/11/3 3045/11/3 2995/11/3
f 3074/9/3 2995/9/3 3073/9/3
f 3075/32/3 3048/32/3 3047/32/3
f 3075/36/3 2924/36/3 2999/36/3
f 3075/36/3 2881/36/3 2924/36/3
f 3075/32/3 3047/32/3 2881/32/3
f 3075/36/3 2999/36/3 2998/36/3
f 3076/32/3 3048/32/3 3075/32/3
f 3077/8/3 2957/8/3 3048/8/3
f 3077/32/3 3048/32/3 3076/32/3
f 3078/8/3 2957/8/3 3077/8/3
f 3079/34/3 2846/34/3 2957/34/3
f 3079/8/3 2957/8/3 3078/8/3
f 3080/35/3 2629/35/3 2846/35/3
f 3080/34/3 2846/34/3 3079/34/3
f 3081/25/3 2630/25/3 2629/25/3
f 3081/35/3 2629/35/3 3080/35/3
f 3082/36/3 3049/36/3 2630/36/3
f 3082/25/3 2630/25/3 3081/25/3
f 3082/36/3 3050/36/3 3049/36/3
f 3083/36/3 3050/36/3 3082/36/3
f 3084/1/3 3051/1/3 3050/1/3
f 3084/36/3 3050/36/3 3083/36/3
f 3085/1/3 3051/1/3 3084/1/3
f 3086/1/3 3051/1/3 3085/1/3
f 3087/36/3 3052/36/3 3051/36/3
f 3087/1/3 3051/1/3 3086/1/3
f 3088/1/3 2636/1/3 3054/1/3
f 3088/1/3 3054/1/3 3053/1/3
f 3089/35/3 3011/35/3 2636/35/3
f 3089/1/3 2636/1/3 3088/1/3
f 3090/36/3 3019/36/3 3018/36/3
f 3091/39/3 3057/39/3 3019/39/3
f 3091/36/3 3019/36/3 3090/36/3
f 3092/36/3 3058/36/3 3057/36/3
f 3092/39/3 3057/39/3 3091/39/3
f 3093/34/3 3061/34/3 2942/34/3
f 3093/36/3 2942/36/3 3060/36/3
f 3093/36/3 3060/36/3 3059/36/3
f 3094/37/3 3063/37/3 3062/37/3
f 3094/34/3 3061/34/3 3093/34/3
f 3094/37/3 3062/37/3 3061/37/3
f 3095/37/3 3063/37/3 3094/37/3
f 3096/33/3 3064/33/3 3063/33/3
f 3096/37/3 3063/37/3 3095/37/3
f 3097/33/3 2978/33/3 3027/33/3
f 3097/33/3 3064/33/3 3096/33/3
f 3097/37/3 3066/37/3 3065/37/3
f 3097/37/3 3028/37/3 2978/37/3
f 3097/33/3 3027/33/3 3064/33/3
f 3097/37/3 3065/37/3 3028/37/3
f 3098/37/3 3066/37/3 3097/37/3
f 3099/37/3 2980/37/3 3066/37/3
f 3099/37/3 3066/37/3 3098/37/3
f 3099/13/3 2981/13/3 2980/13/3
f 3100/17/3 3035/17/3 3034/17/3
f 3100/13/3 2981/13/3 3099/13/3
f 3100/17/3 3034/17/3 3033/17/3
f 3100/17/3 3033/17/3 3032/17/3
f 3100/17/3 3032/17/3 2981/17/3
f 3101/17/3 3035/17/3 3100/17/3
f 3102/11/3 2983/11/3 3035/11/3
f 3102/9/3 3036/9/3 2983/9/3
f 3103/10/3 3067/10/3 3036/10/3
f 3103/9/3 3036/9/3 3102/9/3
f 3103/10/3 3068/10/3 3067/10/3
f 3104/10/3 3040/10/3 3068/10/3
f 3104/10/3 3068/10/3 3103/10/3
f 3105/11/3 3070/11/3 3069/11/3
f 3105/10/3 3040/10/3 3104/10/3
f 3105/11/3 3069/11/3 3040/11/3
f 3106/11/3 3070/11/3 3105/11/3
f 3107/10/3 3071/10/3 3042/10/3
f 3107/10/3 3072/10/3 3071/10/3
f 3108/10/3 3072/10/3 3107/10/3
f 3109/10/3 2993/10/3 3072/10/3
f 3109/10/3 3072/10/3 3108/10/3
f 3110/13/3 2994/13/3 2993/13/3
f 3110/10/3 2993/10/3 3109/10/3
f 3111/9/3 3073/9/3 2994/9/3
f 3111/13/3 2994/13/3 3110/13/3
f 3112/9/3 3073/9/3 3111/9/3
f 3113/11/3 3045/11/3 3074/11/3
f 3113/11/3 3074/11/3 3073/11/3
f 3114/14/3 3046/14/3 3045/14/3
f 3114/11/3 3045/11/3 3113/11/3
f 3115/14/3 2997/14/3 3046/14/3
f 3115/14/3 3046/14/3 3114/14/3
f 3116/13/3 2998/13/3 2997/13/3
f 3116/14/3 2997/14/3 3115/14/3
f 3117/36/3 3076/36/3 3075/36/3
f 3117/13/3 2998/13/3 3116/13/3
f 3117/36/3 3075/36/3 2998/36/3
f 3118/36/3 3076/36/3 3117/36/3
f 3119/36/3 3076/36/3 3118/36/3
f 3120/8/3 3078/8/3 3077/8/3
f 3120/36/3 3076/36/3 3119/36/3
f 3120/8/3 3077/8/3 3076/8/3
f 3121/8/3 3078/8/3 3120/8/3
f 3122/34/3 3079/34/3 3078/34/3
f 3122/8/3 3078/8/3 3121/8/3
f 3123/25/3 3083/25/3 3082/25/3
f 3123/36/3 3084/36/3 3083/36/3
f 3123/36/3 3085/36/3 3084/36/3
f 3124/36/3 3085/36/3 3123/36/3
f 3125/1/3 3086/1/3 3085/1/3
f 3125/36/3 3085/36/3 3124/36/3
f 3126/36/3 3087/36/3 3086/36/3
f 3126/1/3 3086/1/3 3125/1/3
f 3127/36/3 2594/36/3 3052/36/3
f 3127/36/3 3087/36/3 3126/36/3
f 3127/36/3 3052/36/3 3087/36/3
f 3128/1/3 3053/1/3 2594/1/3
f 3128/36/3 2594/36/3 3127/36/3
f 3128/1/3 3088/1/3 3053/1/3
f 3129/36/3 3058/36/3 3092/36/3
f 3129/36/3 3092/36/3 3091/36/3
f 3130/39/3 3059/39/3 3058/39/3
f 3130/36/3 3058/36/3 3129/36/3
f 3131/36/3 3094/36/3 3093/36/3
f 3131/39/3 3059/39/3 3130/39/3
f 3131/36/3 3093/36/3 3059/36/3
f 3132/37/3 3095/37/3 3094/37/3
f 3132/36/3 3094/36/3 3131/36/3
f 3133/35/3 3096/35/3 3095/35/3
f 3133/37/3 3095/37/3 3132/37/3
f 3134/33/3 3098/33/3 3097/33/3
f 3134/35/3 3096/35/3 3133/35/3
f 3134/33/3 3097/33/3 3096/33/3
f 3135/17/3 3035/17/3 3101/17/3
f 3135/11/3 3103/11/3 3102/11/3
f 3135/11/3 3102/11/3 3035/11/3
f 3136/11/3 3103/11/3 3135/11/3
f 3137/10/3 3104/10/3 3103/10/3
f 3137/11/3 3103/11/3 3136/11/3
f 3138/10/3 3104/10/3 3137/10/3
f 3139/10/3 3104/10/3 3138/10/3
f 3140/10/3 3104/10/3 3139/10/3
f 3141/10/3 3104/10/3 3140/10/3
f 3142/8/3 3105/8/3 3104/8/3
f 3142/10/3 3104/10/3 3141/10/3
f 3142/8/3 3106/8/3 3105/8/3
f 3143/8/3 3106/8/3 3142/8/3
f 3144/11/3 3070/11/3 3106/11/3
f 3144/8/3 3106/8/3 3143/8/3
f 3145/9/3 3042/9/3 3070/9/3
f 3145/11/3 3070/11/3 3144/11/3
f 3146/10/3 3107/10/3 3042/10/3
f 3146/8/3 3108/8/3 3107/8/3
f 3147/10/3 3109/10/3 3108/10/3
f 3147/8/3 3108/8/3 3146/8/3
f 3148/9/3 3073/9/3 3112/9/3
f 3149/11/3 3113/11/3 3073/11/3
f 3149/9/3 3073/9/3 3148/9/3
f 3150/36/3 3117/36/3 3116/36/3
f 3150/36/3 3118/36/3 3117/36/3
f 3151/32/3 3119/32/3 3118/32/3
f 3151/36/3 3118/36/3 3150/36/3
f 3152/36/3 3120/36/3 3119/36/3
f 3152/31/3 3121/31/3 3120/31/3
f 3153/32/3 3122/32/3 3121/32/3
f 3153/31/3 3121/31/3 3152/31/3
f 3154/34/3 3079/34/3 3122/34/3
f 3154/32/3 3122/32/3 3153/32/3
f 3155/32/3 3080/32/3 3079/32/3
f 3155/34/3 3079/34/3 3154/34/3
f 3156/25/3 3123/25/3 3082/25/3
f 3156/35/3 3081/35/3 3080/35/3
f 3156/25/3 3124/25/3 3123/25/3
f 3156/35/3 3082/35/3 3081/35/3
f 3157/25/3 3124/25/3 3156/25/3
f 3158/36/3 3126/36/3 3125/36/3
f 3158/25/3 3124/25/3 3157/25/3
f 3158/36/3 3127/36/3 3126/36/3
f 3158/36/3 3125/36/3 3124/36/3
f 3159/25/3 3128/25/3 3127/25/3
f 3159/36/3 3127/36/3 3158/36/3
f 3160/1/3 3088/1/3 3128/1/3
f 3160/25/3 3128/25/3 3159/25/3
f 3161/35/3 3089/35/3 3088/35/3
f 3161/1/3 3088/1/3 3160/1/3
f 3162/35/3 3011/35/3 3089/35/3
f 3162/35/3 3089/35/3 3161/35/3
f 3162/34/3 3012/34/3 3011/34/3
f 3163/39/3 3013/39/3 3012/39/3
f 3163/34/3 3012/34/3 3162/34/3
f 3164/36/3 3014/36/3 3013/36/3
f 3164/39/3 3013/39/3 3163/39/3
f 3165/33/3 102/33/3 3014/33/3
f 3165/36/3 3014/36/3 3164/36/3
f 3166/36/3 3015/36/3 2136/36/3
f 3166/34/3 3055/34/3 3015/34/3
f 3167/33/3 3056/33/3 3055/33/3
f 3167/34/3 3055/34/3 3166/34/3
f 3168/33/3 3018/33/3 3056/33/3
f 3168/33/3 3056/33/3 3167/33/3
f 3169/36/3 3090/36/3 3018/36/3
f 3169/33/3 3018/33/3 3168/33/3
f 3170/39/3 3091/39/3 3090/39/3
f 3170/36/3 3090/36/3 3169/36/3
f 3171/36/3 3129/36/3 3091/36/3
f 3171/39/3 3091/39/3 3170/39/3
f 3172/33/3 3098/33/3 3134/33/3
f 3172/34/3 3134/34/3 3133/34/3
f 3173/33/3 3098/33/3 3172/33/3
f 3174/37/3 3100/37/3 3099/37/3
f 3174/13/3 3101/13/3 3100/13/3
f 3174/37/3 3099/37/3 3098/37/3
f 3175/17/3 3136/17/3 3135/17/3
f 3175/13/3 3101/13/3 3174/13/3
f 3175/17/3 3135/17/3 3101/17/3
f 3176/17/3 3136/17/3 3175/17/3
f 3177/17/3 3136/17/3 3176/17/3
f 3178/11/3 3137/11/3 3136/11/3
f 3178/17/3 3136/17/3 3177/17/3
f 3179/9/3 3138/9/3 3137/9/3
f 3179/10/3 3139/10/3 3138/10/3
f 3180/10/3 3139/10/3 3179/10/3
f 3181/10/3 3141/10/3 3140/10/3
f 3181/8/3 3140/8/3 3139/8/3
f 3182/8/3 3143/8/3 3142/8/3
f 3182/10/3 3141/10/3 3181/10/3
f 3182/8/3 3142/8/3 3141/8/3
f 3183/8/3 3143/8/3 3182/8/3
f 3184/9/3 3144/9/3 3143/9/3
f 3184/8/3 3143/8/3 3183/8/3
f 3184/9/3 3145/9/3 3144/9/3
f 3185/9/3 3042/9/3 3145/9/3
f 3185/9/3 3145/9/3 3184/9/3
f 3186/10/3 3146/10/3 3042/10/3
f 3186/9/3 3042/9/3 3185/9/3
f 3186/10/3 3147/10/3 3146/10/3
f 3187/10/3 3147/10/3 3186/10/3
f 3188/10/3 3109/10/3 3147/10/3
f 3188/10/3 3147/10/3 3187/10/3
f 3188/8/3 3110/8/3 3109/8/3
f 3188/8/3 3111/8/3 3110/8/3
f 3189/13/3 3112/13/3 3111/13/3
f 3189/8/3 3111/8/3 3188/8/3
f 3190/9/3 3148/9/3 3112/9/3
f 3190/13/3 3112/13/3 3189/13/3
f 3191/11/3 3113/11/3 3149/11/3
f 3191/11/3 3149/11/3 3148/11/3
f 3192/14/3 3114/14/3 3113/14/3
f 3192/11/3 3113/11/3 3191/11/3
f 3192/14/3 3115/14/3 3114/14/3
f 3193/14/3 3115/14/3 3192/14/3
f 3194/13/3 3116/13/3 3115/13/3
f 3194/14/3 3115/14/3 3193/14/3
f 3195/36/3 3150/36/3 3116/36/3
f 3195/13/3 3116/13/3 3194/13/3
f 3196/32/3 3151/32/3 3150/32/3
f 3196/36/3 3150/36/3 3195/36/3
f 3197/32/3 3119/32/3 3151/32/3
f 3197/32/3 3151/32/3 3196/32/3
f 3197/36/3 3152/36/3 3119/36/3
f 3198/8/3 3153/8/3 3152/8/3
f 3198/36/3 3152/36/3 3197/36/3
f 3198/8/3 3154/8/3 3153/8/3
f 3198/8/3 3155/8/3 3154/8/3
f 3199/8/3 3155/8/3 3198/8/3
f 3200/8/3 3155/8/3 3199/8/3
f 3201/32/3 3080/32/3 3155/32/3
f 3201/8/3 3155/8/3 3200/8/3
f 3202/35/3 3157/35/3 3156/35/3
f 3202/32/3 3080/32/3 3201/32/3
f 3202/35/3 3156/35/3 3080/35/3
f 3203/35/3 3157/35/3 3202/35/3
f 3204/35/3 3157/35/3 3203/35/3
f 3205/25/3 3159/25/3 3158/25/3
f 3205/35/3 3157/35/3 3204/35/3
f 3205/25/3 3158/25/3 3157/25/3
f 3205/25/3 3160/25/3 3159/25/3
f 3206/25/3 3160/25/3 3205/25/3
f 3207/25/3 3160/25/3 3206/25/3
f 3208/25/3 3160/25/3 3207/25/3
f 3209/25/3 3160/25/3 3208/25/3
f 3210/25/3 3160/25/3 3209/25/3
f 3211/25/3 3160/25/3 3210/25/3
f 3212/25/3 3160/25/3 3211/25/3
f 3213/25/3 3160/25/3 3212/25/3
f 3214/25/3 3160/25/3 3213/25/3
f 3215/25/3 3160/25/3 3214/25/3
f 3216/25/3 3160/25/3 3215/25/3
f 3217/35/3 3161/35/3 3160/35/3
f 3217/25/3 3160/25/3 3216/25/3
f 3217/35/3 3162/35/3 3161/35/3
f 3218/36/3 3164/36/3 3163/36/3
f 3218/35/3 3162/35/3 3217/35/3
f 3218/36/3 3163/36/3 3162/36/3
f 3219/33/3 3167/33/3 3166/33/3
f 3219/33/3 3168/33/3 3167/33/3
f 3220/36/3 3169/36/3 3168/36/3
f 3220/33/3 3168/33/3 3219/33/3
f 3221/39/3 3170/39/3 3169/39/3
f 3221/36/3 3169/36/3 3220/36/3
f 3222/36/3 3171/36/3 3170/36/3
f 3222/39/3 3170/39/3 3221/39/3
f 3223/36/3 3132/36/3 3131/36/3
f 3223/36/3 3133/36/3 3132/36/3
f 3223/36/3 3131/36/3 3130/36/3
f 3224/34/3 3172/34/3 3133/34/3
f 3224/36/3 3133/36/3 3223/36/3
f 3225/42/3 3173/42/3 3172/42/3
f 3225/34/3 3172/34/3 3224/34/3
f 3226/33/3 3098/33/3 3173/33/3
f 3226/42/3 3173/42/3 3225/42/3
f 3227/33/3 3098/33/3 3226/33/3
f 3228/33/3 3098/33/3 3227/33/3
f 3229/11/3 3137/11/3 3178/11/3
f 3229/9/3 3180/9/3 3179/9/3
f 3229/9/3 3179/9/3 3137/9/3
f 3230/10/3 3139/10/3 3180/10/3
f 3230/9/3 3180/9/3 3229/9/3
f 3231/8/3 3181/8/3 3139/8/3
f 3231/10/3 3139/10/3 3230/10/3
f 3231/8/3 3182/8/3 3181/8/3
f 3232/10/3 3183/10/3 3182/10/3
f 3232/8/3 3182/8/3 3231/8/3
f 3233/9/3 3184/9/3 3183/9/3
f 3233/10/3 3183/10/3 3232/10/3
f 3234/11/3 3185/11/3 3184/11/3
f 3234/9/3 3184/9/3 3233/9/3
f 3235/11/3 3185/11/3 3234/11/3
f 3236/9/3 3187/9/3 3186/9/3
f 3236/11/3 3185/11/3 3235/11/3
f 3236/9/3 3186/9/3 3185/9/3
f 3237/10/3 3188/10/3 3187/10/3
f 3237/9/3 3187/9/3 3236/9/3
f 3237/10/3 3189/10/3 3188/10/3
f 3238/10/3 3189/10/3 3237/10/3
f 3239/9/3 3190/9/3 3189/9/3
f 3239/9/3 3148/9/3 3190/9/3
f 3240/11/3 3191/11/3 3148/11/3
f 3240/9/3 3148/9/3 3239/9/3
f 3241/14/3 3193/14/3 3192/14/3
f 3241/11/3 3191/11/3 3240/11/3
f 3241/14/3 3192/14/3 3191/14/3
f 3242/36/3 3196/36/3 3195/36/3
f 3242/36/3 3197/36/3 3196/36/3
f 3242/36/3 3195/36/3 3194/36/3
f 3242/36/3 3198/36/3 3197/36/3
f 3243/31/3 3199/31/3 3198/31/3
f 3243/36/3 3198/36/3 3242/36/3
f 3244/8/3 3200/8/3 3199/8/3
f 3244/31/3 3199/31/3 3243/31/3
f 3245/36/3 3212/36/3 3211/36/3
f 3245/34/3 3213/34/3 3212/34/3
f 3246/36/3 3214/36/3 3213/36/3
f 3246/34/3 3213/34/3 3245/34/3
f 3247/39/3 3215/39/3 3214/39/3
f 3247/36/3 3214/36/3 3246/36/3
f 3248/33/3 3216/33/3 3215/33/3
f 3248/39/3 3215/39/3 3247/39/3
f 3249/36/3 3217/36/3 3216/36/3
f 3249/33/3 3216/33/3 3248/33/3
f 3249/36/3 3218/36/3 3217/36/3
f 3250/36/3 3218/36/3 3249/36/3
f 3251/36/3 3164/36/3 3218/36/3
f 3251/36/3 3218/36/3 3250/36/3
f 3252/39/3 3165/39/3 3164/39/3
f 3252/36/3 3164/36/3 3251/36/3
f 3253/36/3 3166/36/3 2136/36/3
f 3253/33/3 3219/33/3 3166/33/3
f 3254/36/3 3220/36/3 3219/36/3
f 3254/33/3 3219/33/3 3253/33/3
f 3255/39/3 3221/39/3 3220/39/3
f 3255/36/3 3220/36/3 3254/36/3
f 3256/36/3 3222/36/3 3221/36/3
f 3256/39/3 3221/39/3 3255/39/3
f 3257/36/3 3171/36/3 3222/36/3
f 3257/36/3 3222/36/3 3256/36/3
f 3257/36/3 3129/36/3 3171/36/3
f 3258/39/3 3130/39/3 3129/39/3
f 3258/36/3 3129/36/3 3257/36/3
f 3259/36/3 3223/36/3 3130/36/3
f 3259/39/3 3130/39/3 3258/39/3
f 3260/34/3 3225/34/3 3224/34/3
f 3260/34/3 3224/34/3 3223/34/3
f 3261/33/3 3227/33/3 3226/33/3
f 3261/34/3 3225/34/3 3260/34/3
f 3261/33/3 3226/33/3 3225/33/3
f 3262/42/3 3228/42/3 3227/42/3
f 3262/33/3 3227/33/3 3261/33/3
f 3263/33/3 3098/33/3 3228/33/3
f 3263/42/3 3228/42/3 3262/42/3
f 3264/11/3 3229/11/3 3178/11/3
f 3264/11/3 3230/11/3 3229/11/3
f 3264/13/3 3178/13/3 3177/13/3
f 3265/11/3 3230/11/3 3264/11/3
f 3266/9/3 3231/9/3 3230/9/3
f 3266/11/3 3230/11/3 3265/11/3
f 3266/9/3 3233/9/3 3232/9/3
f 3266/9/3 3232/9/3 3231/9/3
f 3267/11/3 3235/11/3 3234/11/3
f 3267/9/3 3233/9/3 3266/9/3
f 3267/11/3 3234/11/3 3233/11/3
f 3268/11/3 3235/11/3 3267/11/3
f 3269/15/3 3236/15/3 3235/15/3
f 3269/11/3 3235/11/3 3268/11/3
f 3270/11/3 3237/11/3 3236/11/3
f 3270/15/3 3236/15/3 3269/15/3
f 3271/11/3 3237/11/3 3270/11/3
f 3272/9/3 3238/9/3 3237/9/3
f 3272/11/3 3237/11/3 3271/11/3
f 3273/10/3 3189/10/3 3238/10/3
f 3273/9/3 3238/9/3 3272/9/3
f 3274/9/3 3239/9/3 3189/9/3
f 3274/10/3 3189/10/3 3273/10/3
f 3275/13/3 3240/13/3 3239/13/3
f 3275/9/3 3239/9/3 3274/9/3
f 3276/36/3 3242/36/3 3194/36/3
f 3276/34/3 3243/34/3 3242/34/3
f 3277/32/3 3244/32/3 3243/32/3
f 3277/34/3 3243/34/3 3276/34/3
f 3278/8/3 3200/8/3 3244/8/3
f 3278/32/3 3244/32/3 3277/32/3
f 3279/32/3 3201/32/3 3200/32/3
f 3279/8/3 3200/8/3 3278/8/3
f 3280/8/3 3202/8/3 3201/8/3
f 3280/32/3 3201/32/3 3279/32/3
f 3281/32/3 3203/32/3 3202/32/3
f 3281/8/3 3202/8/3 3280/8/3
f 3282/45/3 3204/45/3 3203/45/3
f 3282/32/3 3203/32/3 3281/32/3
f 3283/43/3 3205/43/3 3204/43/3
f 3283/45/3 3204/45/3 3282/45/3
f 3284/34/3 3209/34/3 3208/34/3
f 3284/43/3 3210/43/3 3209/43/3
f 3285/34/3 3211/34/3 3210/34/3
f 3285/43/3 3210/43/3 3284/43/3
f 3286/36/3 3247/36/3 3246/36/3
f 3286/36/3 3246/36/3 3245/36/3
f 3287/36/3 3247/36/3 3286/36/3
f 3288/32/3 3248/32/3 3247/32/3
f 3288/36/3 3247/36/3 3287/36/3
f 3289/39/3 3249/39/3 3248/39/3
f 3289/32/3 3248/32/3 3288/32/3
f 3290/33/3 3263/33/3 3262/33/3
f 3290/33/3 3262/33/3 3261/33/3
f 3290/33/3 3261/33/3 3260/33/3
f 3290/34/3 3260/34/3 3223/34/3
f 3291/33/3 3263/33/3 3290/33/3
f 3292/33/3 3263/33/3 3291/33/3
f 3293/33/3 3263/33/3 3292/33/3
f 3294/33/3 3098/33/3 3263/33/3
f 3294/33/3 3263/33/3 3293/33/3
f 3294/37/3 3174/37/3 3098/37/3
f 3294/37/3 3175/37/3 3174/37/3
f 3295/37/3 3175/37/3 3294/37/3
f 3296/13/3 3176/13/3 3175/13/3
f 3296/37/3 3175/37/3 3295/37/3
f 3297/17/3 3177/17/3 3176/17/3
f 3297/13/3 3176/13/3 3296/13/3
f 3298/17/3 3177/17/3 3297/17/3
f 3299/17/3 3177/17/3 3298/17/3
f 3300/13/3 3264/13/3 3177/13/3
f 3300/17/3 3177/17/3 3299/17/3
f 3301/15/3 3265/15/3 3264/15/3
f 3301/13/3 3264/13/3 3300/13/3
f 3302/11/3 3266/11/3 3265/11/3
f 3302/15/3 3265/15/3 3301/15/3
f 3302/11/3 3268/11/3 3267/11/3
f 3302/11/3 3267/11/3 3266/11/3
f 3303/15/3 3269/15/3 3268/15/3
f 3303/11/3 3268/11/3 3302/11/3
f 3303/15/3 3271/15/3 3270/15/3
f 3303/15/3 3270/15/3 3269/15/3
f 3304/11/3 3274/11/3 3273/11/3
f 3304/15/3 3271/15/3 3303/15/3
f 3304/11/3 3273/11/3 3272/11/3
f 3304/11/3 3275/11/3 3274/11/3
f 3304/11/3 3272/11/3 3271/11/3
f 3305/11/3 3275/11/3 3304/11/3
f 3306/11/3 3275/11/3 3305/11/3
f 3307/13/3 3240/13/3 3275/13/3
f 3307/11/3 3275/11/3 3306/11/3
f 3308/14/3 3241/14/3 3240/14/3
f 3308/13/3 3240/13/3 3307/13/3
f 3309/14/3 3193/14/3 3241/14/3
f 3309/14/3 3241/14/3 3308/14/3
f 3310/14/3 3193/14/3 3309/14/3
f 3311/13/3 3194/13/3 3193/13/3
f 3311/14/3 3193/14/3 3310/14/3
f 3312/36/3 3276/36/3 3194/36/3
f 3312/13/3 3194/13/3 3311/13/3
f 3313/31/3 3277/31/3 3276/31/3
f 3313/8/3 3278/8/3 3277/8/3
f 3313/8/3 3280/8/3 3279/8/3
f 3313/8/3 3279/8/3 3278/8/3
f 3314/8/3 3280/8/3 3313/8/3
f 3315/34/3 3281/34/3 3280/34/3
f 3315/8/3 3280/8/3 3314/8/3
f 3316/36/3 3208/36/3 3207/36/3
f 3317/34/3 3285/34/3 3284/34/3
f 3317/36/3 3208/36/3 3316/36/3
f 3317/34/3 3284/34/3 3208/34/3
f 3318/39/3 3249/39/3 3289/39/3
f 3318/33/3 3289/33/3 3288/33/3
f 3319/33/3 3250/33/3 3249/33/3
f 3319/39/3 3249/39/3 3318/39/3
f 3320/36/3 3251/36/3 3250/36/3
f 3320/33/3 3250/33/3 3319/33/3
f 3321/39/3 3252/39/3 3251/39/3
f 3321/36/3 3251/36/3 3320/36/3
f 3322/39/3 3165/39/3 3252/39/3
f 3322/39/3 3252/39/3 3321/39/3
f 3323/36/3 3256/36/3 3255/36/3
f 3323/36/3 3255/36/3 3254/36/3
f 3323/36/3 3257/36/3 3256/36/3
f 3323/36/3 3254/36/3 3253/36/3
f 3324/36/3 3257/36/3 3323/36/3
f 3325/39/3 3258/39/3 3257/39/3
f 3325/36/3 3257/36/3 3324/36/3
f 3326/33/3 3259/33/3 3258/33/3
f 3326/39/3 3258/39/3 3325/39/3
f 3327/36/3 3223/36/3 3259/36/3
f 3327/33/3 3259/33/3 3326/33/3
f 3328/36/3 3223/36/3 3327/36/3
f 3329/36/3 3223/36/3 3328/36/3
f 3330/34/3 3290/34/3 3223/34/3
f 3330/36/3 3223/36/3 3329/36/3
f 3331/42/3 3291/42/3 3290/42/3
f 3331/34/3 3290/34/3 3330/34/3
f 3332/33/3 3292/33/3 3291/33/3
f 3332/42/3 3291/42/3 3331/42/3
f 3333/42/3 3293/42/3 3292/42/3
f 3333/33/3 3292/33/3 3332/33/3
f 3334/33/3 3294/33/3 3293/33/3
f 3334/42/3 3293/42/3 3333/42/3
f 3334/33/3 3295/33/3 3294/33/3
f 3335/35/3 3297/35/3 3296/35/3
f 3335/37/3 3296/37/3 3295/37/3
f 3336/13/3 3298/13/3 3297/13/3
f 3336/35/3 3297/35/3 3335/35/3
f 3337/15/3 3304/15/3 3303/15/3
f 3337/15/3 3303/15/3 3302/15/3
f 3337/15/3 3301/15/3 3300/15/3
f 3337/15/3 3302/15/3 3301/15/3
f 3337/15/3 3305/15/3 3304/15/3
f 3338/15/3 3305/15/3 3337/15/3
f 3339/11/3 3306/11/3 3305/11/3
f 3339/15/3 3305/15/3 3338/15/3
f 3340/15/3 3308/15/3 3307/15/3
f 3340/11/3 3306/11/3 3339/11/3
f 3340/15/3 3307/15/3 3306/15/3
f 3341/36/3 3276/36/3 3312/36/3
f 3341/36/3 3312/36/3 3311/36/3
f 3342/36/3 3276/36/3 3341/36/3
f 3343/31/3 3313/31/3 3276/31/3
f 3343/32/3 3314/32/3 3313/32/3
f 3344/34/3 3315/34/3 3314/34/3
f 3344/32/3 3314/32/3 3343/32/3
f 3345/32/3 3282/32/3 3281/32/3
f 3345/34/3 3315/34/3 3344/34/3
f 3345/34/3 3281/34/3 3315/34/3
f 3346/32/3 3206/32/3 3205/32/3
f 3347/32/3 3206/32/3 3346/32/3
f 3348/34/3 3285/34/3 3317/34/3
f 3348/32/3 3317/32/3 3316/32/3
f 3349/34/3 3285/34/3 3348/34/3
f 3350/36/3 3286/36/3 3245/36/3
f 3351/32/3 3287/32/3 3286/32/3
f 3351/36/3 3286/36/3 3350/36/3
f 3352/34/3 3324/34/3 3323/34/3
f 3353/39/3 3325/39/3 3324/39/3
f 3353/34/3 3324/34/3 3352/34/3
f 3354/33/3 3327/33/3 3326/33/3
f 3354/33/3 3326/33/3 3325/33/3
f 3354/33/3 3328/33/3 3327/33/3
f 3355/33/3 3328/33/3 3354/33/3
f 3356/33/3 3332/33/3 3331/33/3
f 3356/33/3 3331/33/3 3330/33/3
f 3356/33/3 3334/33/3 3333/33/3
f 3356/33/3 3333/33/3 3332/33/3
f 3357/33/3 3334/33/3 3356/33/3
f 3358/15/3 3339/15/3 3338/15/3
f 3358/15/3 3308/15/3 3340/15/3
f 3358/15/3 3340/15/3 3339/15/3
f 3359/15/3 3308/15/3 3358/15/3
f 3360/14/3 3310/14/3 3309/14/3
f 3361/13/3 3311/13/3 3310/13/3
f 3361/14/3 3310/14/3 3360/14/3
f 3362/36/3 3341/36/3 3311/36/3
f 3362/13/3 3311/13/3 3361/13/3
f 3363/36/3 3341/36/3 3362/36/3
f 3364/31/3 3342/31/3 3341/31/3
f 3364/36/3 3341/36/3 3363/36/3
f 3365/36/3 3276/36/3 3342/36/3
f 3365/31/3 3342/31/3 3364/31/3
f 3366/31/3 3343/31/3 3276/31/3
f 3366/36/3 3276/36/3 3365/36/3
f 3367/8/3 3344/8/3 3343/8/3
f 3367/31/3 3343/31/3 3366/31/3
f 3367/8/3 3345/8/3 3344/8/3
f 3368/8/3 3345/8/3 3367/8/3
f 3369/8/3 3345/8/3 3368/8/3
f 3370/8/3 3345/8/3 3369/8/3
f 3371/32/3 3282/32/3 3345/32/3
f 3371/8/3 3345/8/3 3370/8/3
f 3372/44/3 3283/44/3 3282/44/3
f 3372/43/3 3205/43/3 3283/43/3
f 3373/32/3 3346/32/3 3205/32/3
f 3373/43/3 3205/43/3 3372/43/3
f 3374/32/3 3206/32/3 3347/32/3
f 3374/31/3 3207/31/3 3206/31/3
f 3375/36/3 3316/36/3 3207/36/3
f 3375/31/3 3207/31/3 3374/31/3
f 3376/36/3 3316/36/3 3375/36/3
f 3377/34/3 3211/34/3 3285/34/3
f 3377/36/3 3350/36/3 3245/36/3
f 3377/34/3 3285/34/3 3349/34/3
f 3377/36/3 3245/36/3 3211/36/3
f 3378/36/3 3350/36/3 3377/36/3
f 3379/36/3 3288/36/3 3287/36/3
f 3379/33/3 3318/33/3 3288/33/3
f 3379/33/3 3319/33/3 3318/33/3
f 3380/33/3 3319/33/3 3379/33/3
f 3381/36/3 3323/36/3 3253/36/3
f 3382/34/3 3352/34/3 3323/34/3
f 3382/36/3 3323/36/3 3381/36/3
f 3383/39/3 3325/39/3 3353/39/3
f 3383/39/3 3353/39/3 3352/39/3
f 3384/33/3 3354/33/3 3325/33/3
f 3384/39/3 3325/39/3 3383/39/3
f 3385/33/3 3328/33/3 3355/33/3
f 3385/34/3 3355/34/3 3354/34/3
f 3386/36/3 3329/36/3 3328/36/3
f 3386/33/3 3328/33/3 3385/33/3
f 3387/34/3 3330/34/3 3329/34/3
f 3387/36/3 3329/36/3 3386/36/3
f 3388/33/3 3356/33/3 3330/33/3
f 3388/34/3 3330/34/3 3387/34/3
f 3389/33/3 3334/33/3 3357/33/3
f 3389/34/3 3357/34/3 3356/34/3
f 3390/33/3 3334/33/3 3389/33/3
f 3391/13/3 3298/13/3 3336/13/3
f 3391/37/3 3336/37/3 3335/37/3
f 3392/17/3 3299/17/3 3298/17/3
f 3392/13/3 3298/13/3 3391/13/3
f 3393/13/3 3300/13/3 3299/13/3
f 3393/17/3 3299/17/3 3392/17/3
f 3394/15/3 3337/15/3 3300/15/3
f 3394/13/3 3300/13/3 3393/13/3
f 3395/13/3 3338/13/3 3337/13/3
f 3395/15/3 3337/15/3 3394/15/3
f 3396/15/3 3358/15/3 3338/15/3
f 3396/13/3 3338/13/3 3395/13/3
f 3397/13/3 3359/13/3 3358/13/3
f 3397/15/3 3358/15/3 3396/15/3
f 3398/15/3 3308/15/3 3359/15/3
f 3398/13/3 3359/13/3 3397/13/3
f 3399/13/3 3309/13/3 3308/13/3
f 3399/15/3 3308/15/3 3398/15/3
f 3400/14/3 3360/14/3 3309/14/3
f 3400/13/3 3309/13/3 3399/13/3
f 3401/13/3 3361/13/3 3360/13/3
f 3401/14/3 3360/14/3 3400/14/3
f 3402/31/3 3364/31/3 3363/31/3
f 3402/31/3 3366/31/3 3365/31/3
f 3402/31/3 3365/31/3 3364/31/3
f 3402/31/3 3367/31/3 3366/31/3
f 3403/31/3 3367/31/3 3402/31/3
f 3404/31/3 3367/31/3 3403/31/3
f 3405/34/3 3368/34/3 3367/34/3
f 3405/31/3 3367/31/3 3404/31/3
f 3406/32/3 3369/32/3 3368/32/3
f 3406/34/3 3368/34/3 3405/34/3
f 3407/8/3 3370/8/3 3369/8/3
f 3407/32/3 3369/32/3 3406/32/3
f 3408/34/3 3371/34/3 3370/34/3
f 3408/8/3 3370/8/3 3407/8/3
f 3409/34/3 3377/34/3 3349/34/3
f 3409/32/3 3349/32/3 3348/32/3
f 3410/34/3 3377/34/3 3409/34/3
f 3411/32/3 3378/32/3 3377/32/3
f 3412/36/3 3350/36/3 3378/36/3
f 3412/32/3 3378/32/3 3411/32/3
f 3413/32/3 3351/32/3 3350/32/3
f 3413/36/3 3350/36/3 3412/36/3
f 3414/32/3 3287/32/3 3351/32/3
f 3414/32/3 3351/32/3 3413/32/3
f 3415/33/3 3319/33/3 3380/33/3
f 3415/32/3 3380/32/3 3379/32/3
f 3416/39/3 3320/39/3 3319/39/3
f 3416/33/3 3319/33/3 3415/33/3
f 3417/36/3 3322/36/3 3321/36/3
f 3417/39/3 3320/39/3 3416/39/3
f 3417/36/3 3321/36/3 3320/36/3
f 3418/36/3 3381/36/3 3253/36/3
f 3418/36/3 3253/36/3 2136/36/3
f 3419/34/3 3382/34/3 3381/34/3
f 3419/36/3 3381/36/3 3418/36/3
f 3420/34/3 3352/34/3 3382/34/3
f 3420/34/3 3382/34/3 3419/34/3
f 3421/39/3 3383/39/3 3352/39/3
f 3421/34/3 3352/34/3 3420/34/3
f 3422/33/3 3384/33/3 3383/33/3
f 3422/39/3 3383/39/3 3421/39/3
f 3423/33/3 3354/33/3 3384/33/3
f 3423/33/3 3384/33/3 3422/33/3
f 3424/34/3 3386/34/3 3385/34/3
f 3424/33/3 3354/33/3 3423/33/3
f 3424/34/3 3385/34/3 3354/34/3
f 3425/36/3 3387/36/3 3386/36/3
f 3426/33/3 3388/33/3 3387/33/3
f 3426/36/3 3387/36/3 3425/36/3
f 3427/33/3 3356/33/3 3388/33/3
f 3427/33/3 3388/33/3 3426/33/3
f 3428/33/3 3356/33/3 3427/33/3
f 3429/34/3 3390/34/3 3389/34/3
f 3429/33/3 3356/33/3 3428/33/3
f 3429/34/3 3389/34/3 3356/34/3
f 3430/33/3 3334/33/3 3390/33/3
f 3430/34/3 3390/34/3 3429/34/3
f 3431/33/3 3295/33/3 3334/33/3
f 3431/33/3 3334/33/3 3430/33/3
f 3432/35/3 3392/35/3 3391/35/3
f 3432/37/3 3391/37/3 3335/37/3
f 3433/13/3 3393/13/3 3392/13/3
f 3433/35/3 3392/35/3 3432/35/3
f 3434/15/3 3397/15/3 3396/15/3
f 3434/13/3 3393/13/3 3433/13/3
f 3434/15/3 3394/15/3 3393/15/3
f 3434/15/3 3399/15/3 3398/15/3
f 3434/15/3 3398/15/3 3397/15/3
f 3434/15/3 3400/15/3 3399/15/3
f 3434/15/3 3395/15/3 3394/15/3
f 3434/15/3 3396/15/3 3395/15/3
f 3435/13/3 3401/13/3 3400/13/3
f 3435/15/3 3400/15/3 3434/15/3
f 3436/13/3 3361/13/3 3401/13/3
f 3436/13/3 3401/13/3 3435/13/3
f 3437/36/3 3363/36/3 3362/36/3
f 3437/13/3 3361/13/3 3436/13/3
f 3437/36/3 3362/36/3 3361/36/3
f 3438/32/3 3403/32/3 3402/32/3
f 3438/31/3 3402/31/3 3363/31/3
f 3439/34/3 3404/34/3 3403/34/3
f 3439/32/3 3403/32/3 3438/32/3
f 3440/34/3 3404/34/3 3439/34/3
f 3441/32/3 3405/32/3 3404/32/3
f 3441/34/3 3404/34/3 3440/34/3
f 3442/8/3 3407/8/3 3406/8/3
f 3442/32/3 3405/32/3 3441/32/3
f 3442/8/3 3406/8/3 3405/8/3
f 3443/32/3 3408/32/3 3407/32/3
f 3443/8/3 3407/8/3 3442/8/3
f 3444/34/3 3371/34/3 3408/34/3
f 3444/32/3 3408/32/3 3443/32/3
f 3445/32/3 3282/32/3 3371/32/3
f 3445/34/3 3371/34/3 3444/34/3
f 3446/44/3 3372/44/3 3282/44/3
f 3446/32/3 3282/32/3 3445/32/3
f 3447/32/3 3346/32/3 3373/32/3
f 3447/45/3 3373/45/3 3372/45/3
f 3448/34/3 3347/34/3 3346/34/3
f 3448/32/3 3346/32/3 3447/32/3
f 3449/32/3 3374/32/3 3347/32/3
f 3449/34/3 3347/34/3 3448/34/3
f 3449/32/3 3375/32/3 3374/32/3
f 3450/32/3 3375/32/3 3449/32/3
f 3451/44/3 3410/44/3 3409/44/3
f 3451/32/3 3409/32/3 3348/32/3
f 3452/34/3 3377/34/3 3410/34/3
f 3452/44/3 3410/44/3 3451/44/3
f 3453/32/3 3411/32/3 3377/32/3
f 3453/34/3 3377/34/3 3452/34/3
f 3454/36/3 3413/36/3 3412/36/3
f 3454/36/3 3412/36/3 3411/36/3
f 3455/34/3 3414/34/3 3413/34/3
f 3455/36/3 3413/36/3 3454/36/3
f 3456/32/3 3287/32/3 3414/32/3
f 3456/34/3 3414/34/3 3455/34/3
f 3457/39/3 3416/39/3 3415/39/3
f 3457/33/3 3417/33/3 3416/33/3
f 3458/36/3 3322/36/3 3417/36/3
f 3458/33/3 3417/33/3 3457/33/3
f 3459/39/3 3165/39/3 3322/39/3
f 3459/36/3 3322/36/3 3458/36/3
f 3460/33/3 102/33/3 3165/33/3
f 3460/39/3 3165/39/3 3459/39/3
f 3461/36/3 2096/36/3 2070/36/3
f 3461/36/3 3418/36/3 2136/36/3
f 3461/33/3 2070/33/3 101/33/3
f 3461/36/3 2136/36/3 2096/36/3
f 3462/34/3 3419/34/3 3418/34/3
f 3462/36/3 3418/36/3 3461/36/3
f 3462/34/3 3420/34/3 3419/34/3
f 3463/39/3 3421/39/3 3420/39/3
f 3463/34/3 3420/34/3 3462/34/3
f 3464/36/3 3422/36/3 3421/36/3
f 3464/39/3 3421/39/3 3463/39/3
f 3465/33/3 3423/33/3 3422/33/3
f 3465/36/3 3422/36/3 3464/36/3
f 3466/34/3 3424/34/3 3423/34/3
f 3466/33/3 3423/33/3 3465/33/3
f 3467/36/3 3425/36/3 3386/36/3
f 3467/34/3 3424/34/3 3466/34/3
f 3467/34/3 3386/34/3 3424/34/3
f 3468/34/3 3426/34/3 3425/34/3
f 3468/36/3 3425/36/3 3467/36/3
f 3469/33/3 3427/33/3 3426/33/3
f 3469/34/3 3426/34/3 3468/34/3
f 3470/42/3 3428/42/3 3427/42/3
f 3470/33/3 3427/33/3 3469/33/3
f 3471/34/3 3429/34/3 3428/34/3
f 3471/42/3 3428/42/3 3470/42/3
f 3471/34/3 3430/34/3 3429/34/3
f 3471/34/3 3431/34/3 3430/34/3
f 3472/33/3 3295/33/3 3431/33/3
f 3472/34/3 3431/34/3 3471/34/3
f 3473/37/3 3433/37/3 3432/37/3
f 3473/33/3 3295/33/3 3472/33/3
f 3473/37/3 3432/37/3 3335/37/3
f 3473/37/3 3335/37/3 3295/37/3
f 3474/13/3 3435/13/3 3434/13/3
f 3474/37/3 3433/37/3 3473/37/3
f 3474/13/3 3436/13/3 3435/13/3
f 3474/13/3 3434/13/3 3433/13/3
f 3475/36/3 3437/36/3 3436/36/3
f 3475/13/3 3436/13/3 3474/13/3
f 3476/36/3 3363/36/3 3437/36/3
f 3476/36/3 3437/36/3 3475/36/3
f 3476/31/3 3438/31/3 3363/31/3
f 3477/34/3 3439/34/3 3438/34/3
f 3477/31/3 3438/31/3 3476/31/3
f 3477/34/3 3440/34/3 3439/34/3
f 3478/32/3 3442/32/3 3441/32/3
f 3478/34/3 3440/34/3 3477/34/3
f 3478/32/3 3441/32/3 3440/32/3
f 3478/32/3 3443/32/3 3442/32/3
f 3479/34/3 3444/34/3 3443/34/3
f 3479/32/3 3443/32/3 3478/32/3
f 3479/34/3 3446/34/3 3445/34/3
f 3479/34/3 3445/34/3 3444/34/3
f 3480/44/3 3372/44/3 3446/44/3
f 3480/34/3 3446/34/3 3479/34/3
f 3481/45/3 3447/45/3 3372/45/3
f 3481/44/3 3372/44/3 3480/44/3
f 3482/34/3 3448/34/3 3447/34/3
f 3482/45/3 3447/45/3 3481/45/3
f 3482/34/3 3449/34/3 3448/34/3
f 3482/34/3 3450/34/3 3449/34/3
f 3483/32/3 3375/32/3 3450/32/3
f 3483/34/3 3450/34/3 3482/34/3
f 3484/31/3 3376/31/3 3375/31/3
f 3484/32/3 3375/32/3 3483/32/3
f 3485/36/3 3316/36/3 3376/36/3
f 3485/31/3 3376/31/3 3484/31/3
f 3486/32/3 3451/32/3 3348/32/3
f 3486/36/3 3316/36/3 3485/36/3
f 3486/32/3 3348/32/3 3316/32/3
f 3487/45/3 3452/45/3 3451/45/3
f 3487/32/3 3451/32/3 3486/32/3
f 3488/33/3 3453/33/3 3452/33/3
f 3488/45/3 3452/45/3 3487/45/3
f 3489/32/3 3411/32/3 3453/32/3
f 3489/33/3 3453/33/3 3488/33/3
f 3490/36/3 3454/36/3 3411/36/3
f 3490/32/3 3411/32/3 3489/32/3
f 3491/34/3 3455/34/3 3454/34/3
f 3491/36/3 3454/36/3 3490/36/3
f 3492/32/3 3456/32/3 3455/32/3
f 3492/34/3 3455/34/3 3491/34/3
f 3493/32/3 3287/32/3 3456/32/3
f 3493/32/3 3456/32/3 3492/32/3
f 3493/36/3 3379/36/3 3287/36/3
f 3494/32/3 3415/32/3 3379/32/3
f 3494/36/3 3379/36/3 3493/36/3
f 3495/39/3 3457/39/3 3415/39/3
f 3495/32/3 3415/32/3 3494/32/3
f 3496/32/3 3458/32/3 3457/32/3
f 3496/39/3 3457/39/3 3495/39/3
f 3497/36/3 3459/36/3 3458/36/3
f 3497/32/3 3458/32/3 3496/32/3
f 3497/36/3 3460/36/3 3459/36/3
f 3498/33/3 102/33/3 3460/33/3
f 3498/36/3 3460/36/3 3497/36/3
f 3499/33/3 3495/33/3 3494/33/3
f 3499/33/3 3492/33/3 3491/33/3
f 3499/33/3 3498/33/3 3497/33/3
f 3499/33/3 3490/33/3 3489/33/3
f 3499/33/3 3475/33/3 3474/33/3
f 3499/33/3 3465/33/3 3464/33/3
f 3499/33/3 3489/33/3 3488/33/3
f 3499/33/3 3462/33/3 3461/33/3
f 3499/33/3 3466/33/3 3465/33/3
f 3499/33/3 3468/33/3 3467/33/3
f 3499/33/3 3491/33/3 3490/33/3
f 3499/33/3 3479/33/3 3478/33/3
f 3499/33/3 3493/33/3 3492/33/3
f 3499/33/3 3464/33/3 3463/33/3
f 3499/33/3 3488/33/3 3487/33/3
f 3499/33/3 3487/33/3 3486/33/3
f 3499/33/3 3474/33/3 3473/33/3
f 3499/33/3 3482/33/3 3481/33/3
f 3499/33/3 3477/33/3 3476/33/3
f 3499/33/3 3494/33/3 3493/33/3
f 3499/33/3 3480/33/3 3479/33/3
f 3499/33/3 3483/33/3 3482/33/3
f 3499/33/3 3472/33/3 3471/33/3
f 3499/33/3 3485/33/3 3484/33/3
f 3499/33/3 3471/33/3 3470/33/3
f 3499/33/3 3478/33/3 3477/33/3
f 3499/33/3 3497/33/3 3496/33/3
f 3499/33/3 3463/33/3 3462/33/3
f 3499/33/3 3461/33/3 101/33/3
f 3499/33/3 3481/33/3 3480/33/3
f 3499/33/3 3469/33/3 3468/33/3
f 3499/33/3 3467/33/3 3466/33/3
f 3499/33/3 3496/33/3 3495/33/3
f 3499/33/3 3470/33/3 3469/33/3
f 3499/33/3 3486/33/3 3485/33/3
f 3499/33/3 3476/33/3 3475/33/3
f 3499/33/3 3473/33/3 3472/33/3
f 3499/33/3 3484/33/3 3483/33/3
f 3500/33/3 102/33/3 3498/33/3
f 3500/33/3 3498/33/3 3499/33/3
f 3504/37/3 3502/37/3 3501/37/3
f 3505/35/3 3503/35/3 3502/35/3
f 3505/37/3 3502/37/3 3504/37/3
f 3506/35/3 3503/35/3 3505/35/3
f 3510/33/3 3508/33/3 3507/33/3
f 3511/35/3 3509/35/3 3508/35/3
f 3511/33/3 3508/33/3 3510/33/3
f 3512/35/3 3509/35/3 3511/35/3
f 3521/37/3 3514/37/3 3513/37/3
f 3521/3/3 3515/3/3 3514/3/3
f 3522/35/3 3516/35/3 3515/35/3
f 3522/3/3 3515/3/3 3521/3/3
f 3523/35/3 3516/35/3 3522/35/3
f 3524/3/3 3517/3/3 3516/3/3
f 3524/35/3 3516/35/3 3523/35/3
f 3525/35/3 3518/35/3 3517/35/3
f 3525/3/3 3517/3/3 3524/3/3
f 3526/35/3 3518/35/3 3525/35/3
f 3527/3/3 3519/3/3 3518/3/3
f 3527/35/3 3518/35/3 3526/35/3
f 3528/35/3 3520/35/3 3519/35/3
f 3528/3/3 3519/3/3 3527/3/3
f 3529/37/3 3521/37/3 3513/37/3
f 3530/35/3 3522/35/3 3521/35/3
f 3530/37/3 3521/37/3 3529/37/3
f 3531/3/3 3523/3/3 3522/3/3
f 3531/35/3 3522/35/3 3530/35/3
f 3532/35/3 3526/35/3 3525/35/3
f 3532/3/3 3523/3/3 3531/3/3
f 3532/35/3 3524/35/3 3523/35/3
f 3532/35/3 3525/35/3 3524/35/3
f 3533/3/3 3527/3/3 3526/3/3
f 3533/35/3 3526/35/3 3532/35/3
f 3534/35/3 3528/35/3 3527/35/3
f 3534/3/3 3527/3/3 3533/3/3
f 3535/35/3 3520/35/3 3528/35/3
f 3535/35/3 3528/35/3 3534/35/3
f 3553/35/3 3538/35/3 3537/35/3
f 3553/36/3 3537/36/3 3536/36/3
f 3554/35/3 3538/35/3 3553/35/3
f 3555/36/3 3539/36/3 3538/36/3
f 3555/35/3 3540/35/3 3539/35/3
f 3556/36/3 3541/36/3 3540/36/3
f 3556/35/3 3540/35/3 3555/35/3
f 3557/35/3 3542/35/3 3541/35/3
f 3557/36/3 3541/36/3 3556/36/3
f 3558/36/3 3543/36/3 3542/36/3
f 3558/35/3 3542/35/3 3557/35/3
f 3559/35/3 3544/35/3 3543/35/3
f 3559/36/3 3543/36/3 3558/36/3
f 3560/36/3 3545/36/3 3544/36/3
f 3560/35/3 3544/35/3 3559/35/3
f 3561/35/3 3546/35/3 3545/35/3
f 3561/36/3 3545/36/3 3560/36/3
f 3562/36/3 3547/36/3 3546/36/3
f 3562/35/3 3546/35/3 3561/35/3
f 3563/35/3 3550/35/3 3549/35/3
f 3564/36/3 3551/36/3 3550/36/3
f 3564/35/3 3550/35/3 3563/35/3
f 3565/35/3 3552/35/3 3551/35/3
f 3566/35/3 3552/35/3 3565/35/3
f 3567/35/3 3552/35/3 3566/35/3
f 3568/35/3 3552/35/3 3567/35/3
f 3569/35/3 3538/35/3 3554/35/3
f 3569/36/3 3554/36/3 3553/36/3
f 3570/35/3 3538/35/3 3569/35/3
f 3571/36/3 3555/36/3 3538/36/3
f 3571/35/3 3538/35/3 3570/35/3
f 3571/36/3 3556/36/3 3555/36/3
f 3571/36/3 3557/36/3 3556/36/3
f 3571/36/3 3558/36/3 3557/36/3
f 3571/36/3 3559/36/3 3558/36/3
f 3571/36/3 3560/36/3 3559/36/3
f 3571/36/3 3561/36/3 3560/36/3
f 3571/36/3 3562/36/3 3561/36/3
f 3572/35/3 3548/35/3 3547/35/3
f 3572/36/3 3562/36/3 3571/36/3
f 3572/36/3 3547/36/3 3562/36/3
f 3573/35/3 3548/35/3 3572/35/3
f 3574/35/3 3548/35/3 3573/35/3
f 3575/36/3 3549/36/3 3548/36/3
f 3575/35/3 3548/35/3 3574/35/3
f 3576/36/3 3551/36/3 3564/36/3
f 3576/35/3 3565/35/3 3551/35/3
f 3576/36/3 3564/36/3 3563/36/3
f 3577/35/3 3565/35/3 3576/35/3
f 3578/37/3 3570/37/3 3569/37/3
f 3578/36/3 3569/36/3 3553/36/3
f 3579/36/3 3573/36/3 3572/36/3
f 3579/37/3 3570/37/3 3578/37/3
f 3579/36/3 3571/36/3 3570/36/3
f 3579/36/3 3572/36/3 3571/36/3
f 3580/35/3 3565/35/3 3577/35/3
f 3580/36/3 3577/36/3 3576/36/3
f 3581/35/3 3565/35/3 3580/35/3
f 3582/36/3 3573/36/3 3579/36/3
f 3582/36/3 3579/36/3 3578/36/3
f 3582/35/3 3574/35/3 3573/35/3
f 3583/35/3 3574/35/3 3582/35/3
f 3584/36/3 3549/36/3 3575/36/3
f 3584/35/3 3563/35/3 3549/35/3
f 3584/36/3 3575/36/3 3574/36/3
f 3585/36/3 3581/36/3 3580/36/3
f 3585/35/3 3563/35/3 3584/35/3
f 3585/36/3 3576/36/3 3563/36/3
f 3585/36/3 3580/36/3 3576/36/3
f 3586/35/3 3567/35/3 3566/35/3
f 3586/41/3 3566/41/3 3565/41/3
f 3587/36/3 3568/36/3 3567/36/3
f 3587/35/3 3567/35/3 3586/35/3
f 3588/36/3 3583/36/3 3582/36/3
f 3588/36/3 3582/36/3 3578/36/3
f 3588/36/3 3578/36/3 3553/36/3
f 3588/36/3 3553/36/3 3536/36/3
f 3589/35/3 3574/35/3 3583/35/3
f 3589/36/3 3583/36/3 3588/36/3
f 3590/36/3 3584/36/3 3574/36/3
f 3590/35/3 3574/35/3 3589/35/3
f 3590/36/3 3585/36/3 3584/36/3
f 3591/35/3 3565/35/3 3581/35/3
f 3591/36/3 3585/36/3 3590/36/3
f 3591/36/3 3581/36/3 3585/36/3
f 3592/41/3 3586/41/3 3565/41/3
f 3592/35/3 3565/35/3 3591/35/3
f 3593/36/3 3587/36/3 3586/36/3
f 3593/41/3 3586/41/3 3592/41/3
f 3594/36/3 3568/36/3 3587/36/3
f 3594/36/3 3587/36/3 3593/36/3
f 3595/36/4 3596/36/4 3597/36/4
f 3597/36/4 3596/36/4 3598/36/4
f 3599/36/4 3600/36/4 3601/36/4
f 3601/36/4 3600/36/4 3602/36/4
f 3603/36/4 3604/36/4 3605/36/4
f 3605/36/4 3604/36/4 3606/36/4
f 3607/36/4 3608/36/4 3609/36/4
f 3609/36/4 3608/36/4 3610/36/4
f 3611/33/4 3612/33/4 3613/33/4
f 3613/33/4 3612/33/4 3614/33/4
f 3614/33/4 3612/33/4 3615/33/4
f 3615/33/4 3612/33/4 3616/33/4
f 3616/33/4 3612/33/4 3617/33/4
f 3617/33/4 3612/33/4 3618/33/4
f 3618/33/4 3612/33/4 3619/33/4
f 3619/33/4 3612/33/4 3620/33/4
f 3620/33/4 3612/33/4 3621/33/4
f 3621/33/4 3612/33/4 3622/33/4
f 3622/33/4 3612/33/4 3623/33/4
f 3623/33/4 3612/33/4 3624/33/4
f 3624/33/4 3612/33/4 3625/33/4
f 3625/33/4 3612/33/4 3626/33/4
f 3626/33/4 3612/33/4 3627/33/4
f 3627/33/4 3612/33/4 3628/33/4
f 3628/33/4 3612/33/4 3629/33/4
f 3629/33/4 3612/33/4 3630/33/4
f 3630/33/4 3612/33/4 3631/33/4
f 3631/33/4 3612/33/4 3632/33/4
f 3632/33/4 3612/33/4 3633/33/4
f 3633/33/4 3612/33/4 3634/33/4
f 3634/33/4 3612/33/4 3635/33/4
f 3635/33/4 3612/33/4 3636/33/4
f 3636/33/4 3612/33/4 3637/33/4
f 3637/33/4 3612/33/4 3638/33/4
f 3638/33/4 3612/33/4 3639/33/4
f 3639/33/4 3612/33/4 3640/33/4
f 3640/33/4 3612/33/4 3641/33/4
f 3641/33/4 3612/33/4 3642/33/4
f 3642/33/4 3612/33/4 3643/33/4
f 3643/33/4 3612/33/4 3644/33/4
f 3644/33/4 3612/33/4 3645/33/4
f 3645/33/4 3612/33/4 3646/33/4
f 3646/33/4 3612/33/4 3647/33/4
f 3647/33/4 3612/33/4 3648/33/4
f 3648/33/4 3612/33/4 3649/33/4
f 3649/33/4 3612/33/4 3650/33/4
f 3650/33/4 3612/33/4 3651/33/4
f 3613/36/4 3614/36/4 3652/36/4
f 3614/34/4 3615/34/4 3652/34/4
f 3652/34/4 3615/34/4 3653/34/4
f 3615/39/4 3616/39/4 3654/39/4
f 3653/34/4 3615/34/4 3654/34/4
f 3616/36/4 3617/36/4 3655/36/4
f 3654/39/4 3616/39/4 3655/39/4
f 3617/33/4 3618/33/4 3656/33/4
f 3655/36/4 3617/36/4 3656/36/4
f 3618/34/4 3619/34/4 3657/34/4
f 3656/33/4 3618/33/4 3657/33/4
f 3657/34/4 3619/34/4 3658/34/4
f 3619/36/4 3620/36/4 3659/36/4
f 3620/34/4 3621/34/4 3659/34/4
f 3621/33/4 3622/33/4 3660/33/4
f 3659/34/4 3621/34/4 3660/34/4
f 3622/42/4 3623/42/4 3661/42/4
f 3660/33/4 3622/33/4 3661/33/4
f 3623/34/4 3624/34/4 3662/34/4
f 3661/42/4 3623/42/4 3662/42/4
f 3662/34/4 3624/34/4 3663/34/4
f 3663/34/4 3624/34/4 3664/34/4
f 3624/33/4 3625/33/4 3665/33/4
f 3664/34/4 3624/34/4 3665/34/4
f 3626/36/4 3627/36/4 3666/36/4
f 3627/37/4 3628/37/4 3666/37/4
f 3628/36/4 3629/36/4 3667/36/4
f 3666/37/4 3628/37/4 3667/37/4
f 3629/31/4 3630/31/4 3668/31/4
f 3630/34/4 3631/34/4 3668/34/4
f 3668/34/4 3631/34/4 3669/34/4
f 3631/32/4 3632/32/4 3670/32/4
f 3669/34/4 3631/34/4 3670/34/4
f 3670/32/4 3632/32/4 3671/32/4
f 3632/34/4 3633/34/4 3672/34/4
f 3671/32/4 3632/32/4 3672/32/4
f 3672/34/4 3633/34/4 3673/34/4
f 3673/34/4 3633/34/4 3674/34/4
f 3633/44/4 3634/44/4 3675/44/4
f 3674/34/4 3633/34/4 3675/34/4
f 3634/45/4 3635/45/4 3676/45/4
f 3635/34/4 3636/34/4 3676/34/4
f 3676/34/4 3636/34/4 3677/34/4
f 3677/34/4 3636/34/4 3678/34/4
f 3636/32/4 3637/32/4 3679/32/4
f 3678/34/4 3636/34/4 3679/34/4
f 3639/32/4 3640/32/4 3680/32/4
f 3640/45/4 3641/45/4 3680/45/4
f 3641/33/4 3642/33/4 3681/33/4
f 3680/45/4 3641/45/4 3681/45/4
f 3642/32/4 3643/32/4 3682/32/4
f 3681/33/4 3642/33/4 3682/33/4
f 3643/36/4 3644/36/4 3683/36/4
f 3644/34/4 3645/34/4 3683/34/4
f 3645/32/4 3646/32/4 3684/32/4
f 3683/34/4 3645/34/4 3684/34/4
f 3684/32/4 3646/32/4 3685/32/4
f 3648/39/4 3649/39/4 3686/39/4
f 3649/32/4 3650/32/4 3686/32/4
f 3650/36/4 3651/36/4 3687/36/4
f 3686/32/4 3650/32/4 3687/32/4
f 3687/36/4 3651/36/4 3688/36/4
f 3651/33/4 3612/33/4 3689/33/4
f 3688/36/4 3651/36/4 3689/36/4
f 3652/36/4 3653/36/4 3690/36/4
f 3653/34/4 3654/34/4 3690/34/4
f 3654/34/4 3655/34/4 3690/34/4
f 3690/34/4 3655/34/4 3691/34/4
f 3655/39/4 3656/39/4 3692/39/4
f 3657/33/4 3658/33/4 3692/33/4
f 3656/33/4 3657/33/4 3692/33/4
f 3692/33/4 3658/33/4 3693/33/4
f 3658/34/4 3619/34/4 3694/34/4
f 3619/36/4 3659/36/4 3695/36/4
f 3694/34/4 3619/34/4 3695/34/4
f 3659/36/4 3660/36/4 3695/36/4
f 3660/33/4 3661/33/4 3696/33/4
f 3695/36/4 3660/36/4 3696/36/4
f 3661/33/4 3662/33/4 3696/33/4
f 3662/33/4 3663/33/4 3696/33/4
f 3696/33/4 3663/33/4 3697/33/4
f 3663/34/4 3664/34/4 3698/34/4
f 3664/33/4 3665/33/4 3699/33/4
f 3698/34/4 3664/34/4 3699/34/4
f 3668/32/4 3669/32/4 3700/32/4
f 3629/31/4 3668/31/4 3700/31/4
f 3670/34/4 3671/34/4 3701/34/4
f 3700/32/4 3669/32/4 3701/32/4
f 3669/34/4 3670/34/4 3701/34/4
f 3671/32/4 3672/32/4 3702/32/4
f 3701/34/4 3671/34/4 3702/34/4
f 3672/32/4 3673/32/4 3702/32/4
f 3702/32/4 3673/32/4 3703/32/4
f 3703/32/4 3673/32/4 3704/32/4
f 3639/32/4 3680/32/4 3705/32/4
f 3680/44/4 3681/44/4 3705/44/4
f 3681/34/4 3682/34/4 3706/34/4
f 3705/44/4 3681/44/4 3706/44/4
f 3682/32/4 3643/32/4 3707/32/4
f 3643/36/4 3683/36/4 3707/36/4
f 3683/36/4 3684/36/4 3707/36/4
f 3707/36/4 3684/36/4 3708/36/4
f 3684/34/4 3685/34/4 3709/34/4
f 3708/36/4 3684/36/4 3709/36/4
f 3685/32/4 3646/32/4 3710/32/4
f 3709/34/4 3685/34/4 3710/34/4
f 3648/39/4 3686/39/4 3711/39/4
f 3647/32/4 3648/32/4 3711/32/4
f 3686/33/4 3687/33/4 3712/33/4
f 3711/39/4 3686/39/4 3712/39/4
f 3687/36/4 3688/36/4 3713/36/4
f 3712/33/4 3687/33/4 3713/33/4
f 3691/34/4 3655/34/4 3714/34/4
f 3692/39/4 3693/39/4 3714/39/4
f 3655/39/4 3692/39/4 3714/39/4
f 3714/39/4 3693/39/4 3715/39/4
f 3693/33/4 3658/33/4 3716/33/4
f 3658/34/4 3694/34/4 3716/34/4
f 3694/33/4 3695/33/4 3717/33/4
f 3716/34/4 3694/34/4 3717/34/4
f 3697/33/4 3663/33/4 3718/33/4
f 3663/34/4 3698/34/4 3718/34/4
f 3698/33/4 3699/33/4 3719/33/4
f 3718/34/4 3698/34/4 3719/34/4
f 3667/36/4 3629/36/4 3720/36/4
f 3666/36/4 3667/36/4 3720/36/4
f 3629/31/4 3700/31/4 3720/31/4
f 3702/31/4 3703/31/4 3720/31/4
f 3701/31/4 3702/31/4 3720/31/4
f 3700/31/4 3701/31/4 3720/31/4
f 3720/31/4 3703/31/4 3721/31/4
f 3721/31/4 3703/31/4 3722/31/4
f 3722/31/4 3703/31/4 3723/31/4
f 3675/44/4 3634/44/4 3724/44/4
f 3634/45/4 3676/45/4 3724/45/4
f 3676/32/4 3677/32/4 3725/32/4
f 3724/45/4 3676/45/4 3725/45/4
f 3679/32/4 3637/32/4 3726/32/4
f 3678/32/4 3679/32/4 3726/32/4
f 3637/31/4 3638/31/4 3727/31/4
f 3726/32/4 3637/32/4 3727/32/4
f 3638/36/4 3639/36/4 3728/36/4
f 3727/31/4 3638/31/4 3728/31/4
f 3706/34/4 3682/34/4 3729/34/4
f 3705/34/4 3706/34/4 3729/34/4
f 3707/32/4 3708/32/4 3729/32/4
f 3682/32/4 3707/32/4 3729/32/4
f 3708/36/4 3709/36/4 3730/36/4
f 3729/32/4 3708/32/4 3730/32/4
f 3647/32/4 3711/32/4 3731/32/4
f 3646/36/4 3647/36/4 3731/36/4
f 3711/33/4 3712/33/4 3732/33/4
f 3731/32/4 3711/32/4 3732/32/4
f 3690/36/4 3691/36/4 3733/36/4
f 3714/34/4 3715/34/4 3733/34/4
f 3691/34/4 3714/34/4 3733/34/4
f 3715/39/4 3693/39/4 3734/39/4
f 3733/34/4 3715/34/4 3734/34/4
f 3693/33/4 3716/33/4 3735/33/4
f 3734/39/4 3693/39/4 3735/39/4
f 3716/33/4 3717/33/4 3735/33/4
f 3735/33/4 3717/33/4 3736/33/4
f 3717/33/4 3695/33/4 3737/33/4
f 3736/33/4 3717/33/4 3737/33/4
f 3695/36/4 3696/36/4 3738/36/4
f 3737/33/4 3695/33/4 3738/33/4
f 3696/34/4 3697/34/4 3739/34/4
f 3738/36/4 3696/36/4 3739/36/4
f 3718/33/4 3719/33/4 3740/33/4
f 3739/34/4 3697/34/4 3740/34/4
f 3697/33/4 3718/33/4 3740/33/4
f 3740/33/4 3719/33/4 3741/33/4
f 3741/33/4 3719/33/4 3742/33/4
f 3719/33/4 3699/33/4 3743/33/4
f 3742/33/4 3719/33/4 3743/33/4
f 3699/33/4 3665/33/4 3743/33/4
f 3743/33/4 3665/33/4 3744/33/4
f 3721/31/4 3722/31/4 3745/31/4
f 3720/36/4 3721/36/4 3745/36/4
f 3722/36/4 3723/36/4 3746/36/4
f 3745/31/4 3722/31/4 3746/31/4
f 3677/34/4 3678/34/4 3747/34/4
f 3725/32/4 3677/32/4 3747/32/4
f 3678/32/4 3726/32/4 3748/32/4
f 3747/34/4 3678/34/4 3748/34/4
f 3639/32/4 3705/32/4 3749/32/4
f 3705/34/4 3729/34/4 3750/34/4
f 3749/32/4 3705/32/4 3750/32/4
f 3730/36/4 3709/36/4 3751/36/4
f 3729/36/4 3730/36/4 3751/36/4
f 3709/32/4 3710/32/4 3751/32/4
f 3710/32/4 3646/32/4 3752/32/4
f 3751/32/4 3710/32/4 3752/32/4
f 3741/42/4 3742/42/4 3753/42/4
f 3740/34/4 3741/34/4 3753/34/4
f 3742/33/4 3743/33/4 3754/33/4
f 3753/42/4 3742/42/4 3754/42/4
f 3743/42/4 3744/42/4 3755/42/4
f 3754/33/4 3743/33/4 3755/33/4
f 3744/33/4 3665/33/4 3756/33/4
f 3755/42/4 3744/42/4 3756/42/4
f 3665/33/4 3625/33/4 3757/33/4
f 3756/33/4 3665/33/4 3757/33/4
f 3625/37/4 3626/37/4 3758/37/4
f 3757/33/4 3625/33/4 3758/33/4
f 3723/31/4 3703/31/4 3759/31/4
f 3703/34/4 3704/34/4 3759/34/4
f 3704/32/4 3673/32/4 3760/32/4
f 3759/34/4 3704/34/4 3760/34/4
f 3728/36/4 3639/36/4 3761/36/4
f 3727/36/4 3728/36/4 3761/36/4
f 3639/32/4 3749/32/4 3761/32/4
f 3749/34/4 3750/34/4 3762/34/4
f 3761/32/4 3749/32/4 3762/32/4
f 3732/33/4 3712/33/4 3763/33/4
f 3731/33/4 3732/33/4 3763/33/4
f 3712/39/4 3713/39/4 3764/39/4
f 3763/33/4 3712/33/4 3764/33/4
f 3713/36/4 3688/36/4 3765/36/4
f 3764/39/4 3713/39/4 3765/39/4
f 3765/36/4 3688/36/4 3766/36/4
f 3688/39/4 3689/39/4 3767/39/4
f 3766/36/4 3688/36/4 3767/36/4
f 3690/36/4 3733/36/4 3768/36/4
f 3733/36/4 3734/36/4 3768/36/4
f 3613/36/4 3652/36/4 3768/36/4
f 3652/36/4 3690/36/4 3768/36/4
f 3734/36/4 3735/36/4 3768/36/4
f 3768/36/4 3735/36/4 3769/36/4
f 3769/36/4 3735/36/4 3770/36/4
f 3770/36/4 3735/36/4 3771/36/4
f 3735/39/4 3736/39/4 3772/39/4
f 3771/36/4 3735/36/4 3772/36/4
f 3736/33/4 3737/33/4 3773/33/4
f 3772/39/4 3736/39/4 3773/39/4
f 3738/36/4 3739/36/4 3774/36/4
f 3773/33/4 3737/33/4 3774/33/4
f 3739/36/4 3740/36/4 3774/36/4
f 3737/36/4 3738/36/4 3774/36/4
f 3756/33/4 3757/33/4 3775/33/4
f 3755/33/4 3756/33/4 3775/33/4
f 3740/34/4 3753/34/4 3775/34/4
f 3754/33/4 3755/33/4 3775/33/4
f 3753/33/4 3754/33/4 3775/33/4
f 3775/33/4 3757/33/4 3776/33/4
f 3776/33/4 3757/33/4 3777/33/4
f 3777/33/4 3757/33/4 3778/33/4
f 3746/36/4 3723/36/4 3779/36/4
f 3745/36/4 3746/36/4 3779/36/4
f 3723/31/4 3759/31/4 3779/31/4
f 3759/32/4 3760/32/4 3780/32/4
f 3779/31/4 3759/31/4 3780/31/4
f 3760/32/4 3673/32/4 3781/32/4
f 3780/32/4 3760/32/4 3781/32/4
f 3673/34/4 3674/34/4 3782/34/4
f 3781/32/4 3673/32/4 3782/32/4
f 3782/34/4 3674/34/4 3783/34/4
f 3674/32/4 3675/32/4 3784/32/4
f 3675/44/4 3724/44/4 3784/44/4
f 3724/43/4 3725/43/4 3785/43/4
f 3784/44/4 3724/44/4 3785/44/4
f 3750/34/4 3729/34/4 3786/34/4
f 3762/34/4 3750/34/4 3786/34/4
f 3786/34/4 3729/34/4 3787/34/4
f 3752/32/4 3646/32/4 3788/32/4
f 3751/36/4 3752/36/4 3788/36/4
f 3646/36/4 3731/36/4 3789/36/4
f 3788/32/4 3646/32/4 3789/32/4
f 3731/33/4 3763/33/4 3790/33/4
f 3789/36/4 3731/36/4 3790/36/4
f 3763/39/4 3764/39/4 3791/39/4
f 3790/33/4 3763/33/4 3791/33/4
f 3768/33/4 3769/33/4 3792/33/4
f 3769/36/4 3770/36/4 3792/36/4
f 3770/39/4 3771/39/4 3793/39/4
f 3792/36/4 3770/36/4 3793/36/4
f 3771/36/4 3772/36/4 3794/36/4
f 3793/39/4 3771/39/4 3794/39/4
f 3772/36/4 3773/36/4 3794/36/4
f 3794/36/4 3773/36/4 3795/36/4
f 3774/36/4 3740/36/4 3796/36/4
f 3740/34/4 3775/34/4 3796/34/4
f 3775/34/4 3776/34/4 3796/34/4
f 3796/34/4 3776/34/4 3797/34/4
f 3776/33/4 3777/33/4 3798/33/4
f 3797/34/4 3776/34/4 3798/34/4
f 3798/33/4 3777/33/4 3799/33/4
f 3777/42/4 3778/42/4 3800/42/4
f 3799/33/4 3777/33/4 3800/33/4
f 3778/33/4 3757/33/4 3801/33/4
f 3800/42/4 3778/42/4 3801/42/4
f 3780/34/4 3781/34/4 3802/34/4
f 3779/34/4 3780/34/4 3802/34/4
f 3745/36/4 3779/36/4 3802/36/4
f 3802/34/4 3781/34/4 3803/34/4
f 3782/32/4 3783/32/4 3804/32/4
f 3803/34/4 3781/34/4 3804/34/4
f 3781/32/4 3782/32/4 3804/32/4
f 3783/34/4 3674/34/4 3805/34/4
f 3804/32/4 3783/32/4 3805/32/4
f 3674/32/4 3784/32/4 3806/32/4
f 3805/34/4 3674/34/4 3806/34/4
f 3751/36/4 3788/36/4 3807/36/4
f 3729/36/4 3751/36/4 3807/36/4
f 3789/36/4 3790/36/4 3807/36/4
f 3788/36/4 3789/36/4 3807/36/4
f 3807/36/4 3790/36/4 3808/36/4
f 3790/32/4 3791/32/4 3809/32/4
f 3808/36/4 3790/36/4 3809/36/4
f 3791/39/4 3764/39/4 3810/39/4
f 3809/32/4 3791/32/4 3810/32/4
f 3764/33/4 3765/33/4 3811/33/4
f 3810/39/4 3764/39/4 3811/39/4
f 3765/36/4 3766/36/4 3812/36/4
f 3811/33/4 3765/33/4 3812/33/4
f 3766/39/4 3767/39/4 3813/39/4
f 3812/36/4 3766/36/4 3813/36/4
f 3767/39/4 3689/39/4 3814/39/4
f 3813/39/4 3767/39/4 3814/39/4
f 3768/33/4 3792/33/4 3815/33/4
f 3792/33/4 3793/33/4 3815/33/4
f 3613/36/4 3768/36/4 3815/36/4
f 3815/33/4 3793/33/4 3816/33/4
f 3793/36/4 3794/36/4 3817/36/4
f 3816/33/4 3793/33/4 3817/33/4
f 3794/39/4 3795/39/4 3818/39/4
f 3817/36/4 3794/36/4 3818/36/4
f 3795/36/4 3773/36/4 3819/36/4
f 3818/39/4 3795/39/4 3819/39/4
f 3819/36/4 3773/36/4 3820/36/4
f 3798/42/4 3799/42/4 3821/42/4
f 3797/34/4 3798/34/4 3821/34/4
f 3799/33/4 3800/33/4 3822/33/4
f 3821/42/4 3799/42/4 3822/42/4
f 3800/33/4 3801/33/4 3822/33/4
f 3745/36/4 3802/36/4 3823/36/4
f 3720/36/4 3745/36/4 3823/36/4
f 3802/36/4 3803/36/4 3823/36/4
f 3823/36/4 3803/36/4 3824/36/4
f 3762/34/4 3786/34/4 3825/34/4
f 3786/43/4 3787/43/4 3825/43/4
f 3787/34/4 3729/34/4 3826/34/4
f 3825/43/4 3787/43/4 3826/43/4
f 3729/36/4 3807/36/4 3827/36/4
f 3807/34/4 3808/34/4 3828/34/4
f 3827/36/4 3807/36/4 3828/36/4
f 3808/36/4 3809/36/4 3829/36/4
f 3828/34/4 3808/34/4 3829/34/4
f 3829/36/4 3809/36/4 3830/36/4
f 3809/39/4 3810/39/4 3831/39/4
f 3830/36/4 3809/36/4 3831/36/4
f 3810/33/4 3811/33/4 3832/33/4
f 3831/39/4 3810/39/4 3832/39/4
f 3812/36/4 3813/36/4 3833/36/4
f 3832/33/4 3811/33/4 3833/33/4
f 3811/36/4 3812/36/4 3833/36/4
f 3813/36/4 3814/36/4 3833/36/4
f 3773/39/4 3774/39/4 3834/39/4
f 3820/36/4 3773/36/4 3834/36/4
f 3774/36/4 3796/36/4 3835/36/4
f 3834/39/4 3774/39/4 3835/39/4
f 3796/36/4 3797/36/4 3835/36/4
f 3835/36/4 3797/36/4 3836/36/4
f 3836/36/4 3797/36/4 3837/36/4
f 3797/34/4 3821/34/4 3838/34/4
f 3837/36/4 3797/36/4 3838/36/4
f 3821/33/4 3822/33/4 3839/33/4
f 3838/34/4 3821/34/4 3839/34/4
f 3626/36/4 3666/36/4 3840/36/4
f 3666/36/4 3720/36/4 3840/36/4
f 3758/37/4 3626/37/4 3840/37/4
f 3720/36/4 3823/36/4 3840/36/4
f 3757/37/4 3758/37/4 3840/37/4
f 3840/36/4 3823/36/4 3841/36/4
f 3823/32/4 3824/32/4 3842/32/4
f 3841/36/4 3823/36/4 3842/36/4
f 3842/32/4 3824/32/4 3843/32/4
f 3805/32/4 3806/32/4 3844/32/4
f 3804/32/4 3805/32/4 3844/32/4
f 3806/32/4 3784/32/4 3845/32/4
f 3844/32/4 3806/32/4 3845/32/4
f 3825/45/4 3826/45/4 3846/45/4
f 3762/34/4 3825/34/4 3846/34/4
f 3826/34/4 3729/34/4 3847/34/4
f 3846/45/4 3826/45/4 3847/45/4
f 3828/34/4 3829/34/4 3848/34/4
f 3827/34/4 3828/34/4 3848/34/4
f 3829/34/4 3830/34/4 3848/34/4
f 3830/36/4 3831/36/4 3849/36/4
f 3848/34/4 3830/34/4 3849/34/4
f 3831/36/4 3832/36/4 3849/36/4
f 3832/36/4 3833/36/4 3849/36/4
f 3849/36/4 3833/36/4 3850/36/4
f 3850/36/4 3833/36/4 3851/36/4
f 3833/36/4 3814/36/4 3852/36/4
f 3851/36/4 3833/36/4 3852/36/4
f 3814/39/4 3689/39/4 3853/39/4
f 3852/36/4 3814/36/4 3853/36/4
f 3689/33/4 3612/33/4 3854/33/4
f 3853/39/4 3689/39/4 3854/39/4
f 3818/36/4 3819/36/4 3855/36/4
f 3819/39/4 3820/39/4 3855/39/4
f 3820/36/4 3834/36/4 3856/36/4
f 3855/39/4 3820/39/4 3856/39/4
f 3834/36/4 3835/36/4 3856/36/4
f 3856/36/4 3835/36/4 3857/36/4
f 3836/36/4 3837/36/4 3858/36/4
f 3837/37/4 3838/37/4 3859/37/4
f 3858/36/4 3837/36/4 3859/36/4
f 3838/35/4 3839/35/4 3860/35/4
f 3859/37/4 3838/37/4 3860/37/4
f 3839/33/4 3822/33/4 3861/33/4
f 3860/35/4 3839/35/4 3861/35/4
f 3822/33/4 3801/33/4 3862/33/4
f 3861/33/4 3822/33/4 3862/33/4
f 3757/37/4 3840/37/4 3863/37/4
f 3862/33/4 3801/33/4 3863/33/4
f 3840/37/4 3841/37/4 3863/37/4
f 3801/33/4 3757/33/4 3863/33/4
f 3843/32/4 3824/32/4 3864/32/4
f 3842/36/4 3843/36/4 3864/36/4
f 3841/36/4 3842/36/4 3864/36/4
f 3824/36/4 3803/36/4 3865/36/4
f 3864/32/4 3824/32/4 3865/32/4
f 3803/31/4 3804/31/4 3866/31/4
f 3865/36/4 3803/36/4 3866/36/4
f 3804/32/4 3844/32/4 3867/32/4
f 3866/31/4 3804/31/4 3867/31/4
f 3785/43/4 3725/43/4 3868/43/4
f 3725/32/4 3747/32/4 3868/32/4
f 3747/32/4 3748/32/4 3868/32/4
f 3868/32/4 3748/32/4 3869/32/4
f 3761/36/4 3762/36/4 3870/36/4
f 3727/36/4 3761/36/4 3870/36/4
f 3870/36/4 3762/36/4 3871/36/4
f 3847/34/4 3729/34/4 3872/34/4
f 3846/44/4 3847/44/4 3872/44/4
f 3729/36/4 3827/36/4 3873/36/4
f 3872/34/4 3729/34/4 3873/34/4
f 3850/36/4 3851/36/4 3874/36/4
f 3849/34/4 3850/34/4 3874/34/4
f 3874/36/4 3851/36/4 3875/36/4
f 3851/34/4 3852/34/4 3876/34/4
f 3875/36/4 3851/36/4 3876/36/4
f 3876/34/4 3852/34/4 3877/34/4
f 3817/33/4 3818/33/4 3878/33/4
f 3816/33/4 3817/33/4 3878/33/4
f 3815/34/4 3816/34/4 3878/34/4
f 3878/33/4 3818/33/4 3879/33/4
f 3856/39/4 3857/39/4 3880/39/4
f 3857/36/4 3835/36/4 3880/36/4
f 3835/39/4 3836/39/4 3881/39/4
f 3880/36/4 3835/36/4 3881/36/4
f 3836/36/4 3858/36/4 3882/36/4
f 3881/39/4 3836/39/4 3882/39/4
f 3882/36/4 3858/36/4 3883/36/4
f 3860/37/4 3861/37/4 3884/37/4
f 3859/37/4 3860/37/4 3884/37/4
f 3858/34/4 3859/34/4 3884/34/4
f 3884/37/4 3861/37/4 3885/37/4
f 3861/33/4 3862/33/4 3886/33/4
f 3885/37/4 3861/37/4 3886/37/4
f 3886/33/4 3862/33/4 3887/33/4
f 3865/36/4 3866/36/4 3888/36/4
f 3864/36/4 3865/36/4 3888/36/4
f 3866/32/4 3867/32/4 3889/32/4
f 3888/36/4 3866/36/4 3889/36/4
f 3867/32/4 3844/32/4 3890/32/4
f 3889/32/4 3867/32/4 3890/32/4
f 3890/32/4 3844/32/4 3891/32/4
f 3762/34/4 3846/34/4 3892/34/4
f 3846/44/4 3872/44/4 3892/44/4
f 3872/31/4 3873/31/4 3893/31/4
f 3892/44/4 3872/44/4 3893/44/4
f 3874/34/4 3875/34/4 3894/34/4
f 3848/33/4 3849/33/4 3894/33/4
f 3849/34/4 3874/34/4 3894/34/4
f 3894/34/4 3875/34/4 3895/34/4
f 3895/34/4 3875/34/4 3896/34/4
f 3876/33/4 3877/33/4 3897/33/4
f 3896/34/4 3875/34/4 3897/34/4
f 3875/33/4 3876/33/4 3897/33/4
f 3897/33/4 3877/33/4 3898/33/4
f 3898/33/4 3877/33/4 3899/33/4
f 3877/34/4 3852/34/4 3900/34/4
f 3899/33/4 3877/33/4 3900/33/4
f 3900/34/4 3852/34/4 3901/34/4
f 3901/34/4 3852/34/4 3902/34/4
f 3902/34/4 3852/34/4 3903/34/4
f 3878/34/4 3879/34/4 3904/34/4
f 3613/36/4 3815/36/4 3904/36/4
f 3815/34/4 3878/34/4 3904/34/4
f 3904/34/4 3879/34/4 3905/34/4
f 3879/33/4 3818/33/4 3906/33/4
f 3905/34/4 3879/34/4 3906/34/4
f 3818/36/4 3855/36/4 3907/36/4
f 3906/33/4 3818/33/4 3907/33/4
f 3855/36/4 3856/36/4 3907/36/4
f 3856/39/4 3880/39/4 3908/39/4
f 3907/36/4 3856/36/4 3908/36/4
f 3881/33/4 3882/33/4 3909/33/4
f 3908/39/4 3880/39/4 3909/39/4
f 3880/33/4 3881/33/4 3909/33/4
f 3909/33/4 3882/33/4 3910/33/4
f 3882/39/4 3883/39/4 3911/39/4
f 3910/33/4 3882/33/4 3911/33/4
f 3884/34/4 3885/34/4 3912/34/4
f 3858/34/4 3884/34/4 3912/34/4
f 3885/37/4 3886/37/4 3913/37/4
f 3912/34/4 3885/34/4 3913/34/4
f 3886/35/4 3887/35/4 3914/35/4
f 3913/37/4 3886/37/4 3914/37/4
f 3887/33/4 3862/33/4 3915/33/4
f 3914/35/4 3887/35/4 3915/35/4
f 3915/33/4 3862/33/4 3916/33/4
f 3863/37/4 3841/37/4 3917/37/4
f 3862/37/4 3863/37/4 3917/37/4
f 3841/36/4 3864/36/4 3918/36/4
f 3917/37/4 3841/37/4 3918/37/4
f 3864/36/4 3888/36/4 3918/36/4
f 3784/45/4 3785/45/4 3919/45/4
f 3845/32/4 3784/32/4 3919/32/4
f 3785/43/4 3868/43/4 3920/43/4
f 3919/45/4 3785/45/4 3920/45/4
f 3893/31/4 3873/31/4 3921/31/4
f 3873/36/4 3827/36/4 3921/36/4
f 3827/34/4 3848/34/4 3922/34/4
f 3921/36/4 3827/36/4 3922/36/4
f 3848/33/4 3894/33/4 3923/33/4
f 3922/34/4 3848/34/4 3923/34/4
f 3894/44/4 3895/44/4 3924/44/4
f 3923/33/4 3894/33/4 3924/33/4
f 3895/45/4 3896/45/4 3925/45/4
f 3924/44/4 3895/44/4 3925/44/4
f 3896/33/4 3897/33/4 3926/33/4
f 3925/45/4 3896/45/4 3926/45/4
f 3897/33/4 3898/33/4 3926/33/4
f 3898/43/4 3899/43/4 3927/43/4
f 3926/33/4 3898/33/4 3927/33/4
f 3900/44/4 3901/44/4 3928/44/4
f 3927/43/4 3899/43/4 3928/43/4
f 3899/44/4 3900/44/4 3928/44/4
f 3901/45/4 3902/45/4 3929/45/4
f 3928/44/4 3901/44/4 3929/44/4
f 3902/43/4 3903/43/4 3930/43/4
f 3929/45/4 3902/45/4 3930/45/4
f 3903/34/4 3852/34/4 3931/34/4
f 3930/43/4 3903/43/4 3931/43/4
f 3905/34/4 3906/34/4 3932/34/4
f 3906/39/4 3907/39/4 3932/39/4
f 3907/36/4 3908/36/4 3933/36/4
f 3932/39/4 3907/39/4 3933/39/4
f 3908/36/4 3909/36/4 3933/36/4
f 3933/36/4 3909/36/4 3934/36/4
f 3911/39/4 3883/39/4 3935/39/4
f 3910/34/4 3911/34/4 3935/34/4
f 3883/36/4 3858/36/4 3936/36/4
f 3935/39/4 3883/39/4 3936/39/4
f 3913/37/4 3914/37/4 3937/37/4
f 3912/33/4 3913/33/4 3937/33/4
f 3914/37/4 3915/37/4 3937/37/4
f 3937/37/4 3915/37/4 3938/37/4
f 3915/35/4 3916/35/4 3939/35/4
f 3938/37/4 3915/37/4 3939/37/4
f 3916/33/4 3862/33/4 3940/33/4
f 3939/35/4 3916/35/4 3940/35/4
f 3862/37/4 3917/37/4 3941/37/4
f 3940/33/4 3862/33/4 3941/33/4
f 3844/34/4 3845/34/4 3942/34/4
f 3845/32/4 3919/32/4 3942/32/4
f 3919/44/4 3920/44/4 3943/44/4
f 3942/32/4 3919/32/4 3943/32/4
f 3893/31/4 3921/31/4 3944/31/4
f 3921/34/4 3922/34/4 3944/34/4
f 3923/33/4 3924/33/4 3945/33/4
f 3944/34/4 3922/34/4 3945/34/4
f 3922/33/4 3923/33/4 3945/33/4
f 3945/33/4 3924/33/4 3946/33/4
f 3925/33/4 3926/33/4 3947/33/4
f 3930/33/4 3931/33/4 3947/33/4
f 3929/33/4 3930/33/4 3947/33/4
f 3928/33/4 3929/33/4 3947/33/4
f 3924/34/4 3925/34/4 3947/34/4
f 3926/33/4 3927/33/4 3947/33/4
f 3927/33/4 3928/33/4 3947/33/4
f 3947/33/4 3931/33/4 3948/33/4
f 3948/33/4 3931/33/4 3949/33/4
f 3949/33/4 3931/33/4 3950/33/4
f 3950/33/4 3931/33/4 3951/33/4
f 3951/33/4 3931/33/4 3952/33/4
f 3931/34/4 3852/34/4 3953/34/4
f 3952/33/4 3931/33/4 3953/33/4
f 3852/39/4 3853/39/4 3954/39/4
f 3953/34/4 3852/34/4 3954/34/4
f 3853/36/4 3854/36/4 3955/36/4
f 3954/39/4 3853/39/4 3955/39/4
f 3854/33/4 3612/33/4 3956/33/4
f 3955/36/4 3854/36/4 3956/36/4
f 3904/36/4 3905/36/4 3957/36/4
f 3905/34/4 3932/34/4 3957/34/4
f 3932/34/4 3933/34/4 3957/34/4
f 3933/39/4 3934/39/4 3958/39/4
f 3957/34/4 3933/34/4 3958/34/4
f 3936/36/4 3858/36/4 3959/36/4
f 3935/33/4 3936/33/4 3959/33/4
f 3858/34/4 3912/34/4 3960/34/4
f 3959/36/4 3858/36/4 3960/36/4
f 3938/35/4 3939/35/4 3961/35/4
f 3939/35/4 3940/35/4 3961/35/4
f 3937/33/4 3938/33/4 3961/33/4
f 3961/35/4 3940/35/4 3962/35/4
f 3943/44/4 3920/44/4 3963/44/4
f 3942/34/4 3943/34/4 3963/34/4
f 3920/43/4 3868/43/4 3964/43/4
f 3963/44/4 3920/44/4 3964/44/4
f 3868/42/4 3869/42/4 3965/42/4
f 3964/43/4 3868/43/4 3965/43/4
f 3869/32/4 3748/32/4 3966/32/4
f 3965/42/4 3869/42/4 3966/42/4
f 3748/32/4 3726/32/4 3967/32/4
f 3966/32/4 3748/32/4 3967/32/4
f 3726/31/4 3727/31/4 3968/31/4
f 3967/32/4 3726/32/4 3968/32/4
f 3727/36/4 3870/36/4 3969/36/4
f 3968/31/4 3727/31/4 3969/31/4
f 3924/34/4 3947/34/4 3970/34/4
f 3947/34/4 3948/34/4 3970/34/4
f 3948/33/4 3949/33/4 3971/33/4
f 3970/34/4 3948/34/4 3971/34/4
f 3949/32/4 3950/32/4 3972/32/4
f 3971/33/4 3949/33/4 3972/33/4
f 3950/33/4 3951/33/4 3973/33/4
f 3972/32/4 3950/32/4 3973/32/4
f 3951/32/4 3952/32/4 3974/32/4
f 3973/33/4 3951/33/4 3974/33/4
f 3952/33/4 3953/33/4 3975/33/4
f 3974/32/4 3952/32/4 3975/32/4
f 3958/39/4 3934/39/4 3976/39/4
f 3957/36/4 3958/36/4 3976/36/4
f 3934/36/4 3909/36/4 3977/36/4
f 3976/39/4 3934/39/4 3977/39/4
f 3977/36/4 3909/36/4 3978/36/4
f 3909/39/4 3910/39/4 3979/39/4
f 3978/36/4 3909/36/4 3979/36/4
f 3910/34/4 3935/34/4 3980/34/4
f 3979/39/4 3910/39/4 3980/39/4
f 3935/33/4 3959/33/4 3981/33/4
f 3980/34/4 3935/34/4 3981/34/4
f 3959/39/4 3960/39/4 3982/39/4
f 3981/33/4 3959/33/4 3982/33/4
f 3960/34/4 3912/34/4 3983/34/4
f 3982/39/4 3960/39/4 3983/39/4
f 3912/33/4 3937/33/4 3984/33/4
f 3983/34/4 3912/34/4 3984/34/4
f 3961/33/4 3962/33/4 3984/33/4
f 3937/33/4 3961/33/4 3984/33/4
f 3984/33/4 3962/33/4 3985/33/4
f 3962/35/4 3940/35/4 3986/35/4
f 3985/33/4 3962/33/4 3986/33/4
f 3940/37/4 3941/37/4 3987/37/4
f 3986/35/4 3940/35/4 3987/35/4
f 3942/34/4 3963/34/4 3988/34/4
f 3844/34/4 3942/34/4 3988/34/4
f 3964/32/4 3965/32/4 3989/32/4
f 3988/34/4 3963/34/4 3989/34/4
f 3966/32/4 3967/32/4 3989/32/4
f 3965/32/4 3966/32/4 3989/32/4
f 3963/32/4 3964/32/4 3989/32/4
f 3762/34/4 3892/34/4 3990/34/4
f 3892/34/4 3893/34/4 3990/34/4
f 3893/31/4 3944/31/4 3991/31/4
f 3990/34/4 3893/34/4 3991/34/4
f 3946/33/4 3924/33/4 3992/33/4
f 3945/34/4 3946/34/4 3992/34/4
f 3924/34/4 3970/34/4 3993/34/4
f 3992/33/4 3924/33/4 3993/33/4
f 3993/34/4 3970/34/4 3994/34/4
f 3973/33/4 3974/33/4 3995/33/4
f 3994/34/4 3970/34/4 3995/34/4
f 3972/33/4 3973/33/4 3995/33/4
f 3974/33/4 3975/33/4 3995/33/4
f 3971/33/4 3972/33/4 3995/33/4
f 3970/33/4 3971/33/4 3995/33/4
f 3995/33/4 3975/33/4 3996/33/4
f 3996/33/4 3975/33/4 3997/33/4
f 3997/33/4 3975/33/4 3998/33/4
f 3998/33/4 3975/33/4 3999/33/4
f 3975/33/4 3953/33/4 4000/33/4
f 3999/33/4 3975/33/4 4000/33/4
f 3981/33/4 3982/33/4 4001/33/4
f 3983/33/4 3984/33/4 4001/33/4
f 3982/33/4 3983/33/4 4001/33/4
f 3984/34/4 3985/34/4 4002/34/4
f 4001/33/4 3984/33/4 4002/33/4
f 3986/33/4 3987/33/4 4003/33/4
f 4002/34/4 3985/34/4 4003/34/4
f 3985/33/4 3986/33/4 4003/33/4
f 4003/33/4 3987/33/4 4004/33/4
f 3888/32/4 3889/32/4 4005/32/4
f 3918/36/4 3888/36/4 4005/36/4
f 3889/36/4 3890/36/4 4006/36/4
f 4005/32/4 3889/32/4 4006/32/4
f 3989/32/4 3967/32/4 4007/32/4
f 3988/32/4 3989/32/4 4007/32/4
f 4007/32/4 3967/32/4 4008/32/4
f 4008/32/4 3967/32/4 4009/32/4
f 3968/36/4 3969/36/4 4010/36/4
f 3967/31/4 3968/31/4 4010/31/4
f 3969/36/4 3870/36/4 4011/36/4
f 4010/36/4 3969/36/4 4011/36/4
f 3990/43/4 3991/43/4 4012/43/4
f 3762/34/4 3990/34/4 4012/34/4
f 3991/31/4 3944/31/4 4013/31/4
f 4012/43/4 3991/43/4 4013/43/4
f 3993/34/4 3994/34/4 4014/34/4
f 3992/34/4 3993/34/4 4014/34/4
f 3944/36/4 3945/36/4 4014/36/4
f 3945/34/4 3992/34/4 4014/34/4
f 4014/34/4 3994/34/4 4015/34/4
f 3994/44/4 3995/44/4 4016/44/4
f 4015/34/4 3994/34/4 4016/34/4
f 3995/44/4 3996/44/4 4016/44/4
f 4016/44/4 3996/44/4 4017/44/4
f 3996/43/4 3997/43/4 4018/43/4
f 4017/44/4 3996/44/4 4018/44/4
f 3997/44/4 3998/44/4 4019/44/4
f 4018/43/4 3997/43/4 4019/43/4
f 3998/45/4 3999/45/4 4020/45/4
f 4019/44/4 3998/44/4 4020/44/4
f 3999/43/4 4000/43/4 4021/43/4
f 4020/45/4 3999/45/4 4021/45/4
f 4000/33/4 3953/33/4 4022/33/4
f 4021/43/4 4000/43/4 4022/43/4
f 3953/39/4 3954/39/4 4023/39/4
f 4022/33/4 3953/33/4 4023/33/4
f 3954/36/4 3955/36/4 4024/36/4
f 4023/39/4 3954/39/4 4024/39/4
f 3977/39/4 3978/39/4 4025/39/4
f 3976/36/4 3977/36/4 4025/36/4
f 3978/36/4 3979/36/4 4026/36/4
f 4025/39/4 3978/39/4 4026/39/4
f 3979/36/4 3980/36/4 4026/36/4
f 4026/36/4 3980/36/4 4027/36/4
f 3980/39/4 3981/39/4 4028/39/4
f 4027/36/4 3980/36/4 4028/36/4
f 3981/33/4 4001/33/4 4029/33/4
f 4028/39/4 3981/39/4 4029/39/4
f 4029/33/4 4001/33/4 4030/33/4
f 4003/42/4 4004/42/4 4031/42/4
f 4002/34/4 4003/34/4 4031/34/4
f 4004/33/4 3987/33/4 4032/33/4
f 4031/42/4 4004/42/4 4032/42/4
f 4007/44/4 4008/44/4 4033/44/4
f 3988/32/4 4007/32/4 4033/32/4
f 4008/45/4 4009/45/4 4034/45/4
f 4033/44/4 4008/44/4 4034/44/4
f 3967/31/4 4010/31/4 4035/31/4
f 4010/31/4 4011/31/4 4035/31/4
f 4009/32/4 3967/32/4 4035/32/4
f 4035/31/4 4011/31/4 4036/31/4
f 4016/33/4 4017/33/4 4037/33/4
f 4018/32/4 4019/32/4 4038/32/4
f 4037/33/4 4017/33/4 4038/33/4
f 4017/32/4 4018/32/4 4038/32/4
f 4038/32/4 4019/32/4 4039/32/4
f 4020/33/4 4021/33/4 4040/33/4
f 4039/32/4 4019/32/4 4040/32/4
f 4019/33/4 4020/33/4 4040/33/4
f 4021/33/4 4022/33/4 4040/33/4
f 4040/33/4 4022/33/4 4041/33/4
f 4024/36/4 3955/36/4 4042/36/4
f 4023/36/4 4024/36/4 4042/36/4
f 3955/39/4 3956/39/4 4043/39/4
f 4042/36/4 3955/36/4 4043/36/4
f 3956/33/4 3612/33/4 4044/33/4
f 4043/39/4 3956/39/4 4044/39/4
f 3957/36/4 3976/36/4 4045/36/4
f 3976/36/4 4025/36/4 4045/36/4
f 3613/36/4 3904/36/4 4045/36/4
f 3904/36/4 3957/36/4 4045/36/4
f 4045/36/4 4025/36/4 4046/36/4
f 4026/39/4 4027/39/4 4047/39/4
f 4025/34/4 4026/34/4 4047/34/4
f 4027/36/4 4028/36/4 4048/36/4
f 4047/39/4 4027/39/4 4048/39/4
f 4028/36/4 4029/36/4 4048/36/4
f 4032/33/4 3987/33/4 4049/33/4
f 4031/33/4 4032/33/4 4049/33/4
f 4049/33/4 3987/33/4 4050/33/4
f 4033/43/4 4034/43/4 4051/43/4
f 3988/32/4 4033/32/4 4051/32/4
f 4034/45/4 4009/45/4 4052/45/4
f 4051/43/4 4034/43/4 4052/43/4
f 4035/32/4 4036/32/4 4053/32/4
f 4052/45/4 4009/45/4 4053/45/4
f 4009/32/4 4035/32/4 4053/32/4
f 4053/32/4 4036/32/4 4054/32/4
f 4036/31/4 4011/31/4 4055/31/4
f 4054/32/4 4036/32/4 4055/32/4
f 4012/34/4 4013/34/4 4056/34/4
f 3762/34/4 4012/34/4 4056/34/4
f 4013/31/4 3944/31/4 4057/31/4
f 4056/34/4 4013/34/4 4057/34/4
f 4014/36/4 4015/36/4 4058/36/4
f 4057/31/4 3944/31/4 4058/31/4
f 3944/36/4 4014/36/4 4058/36/4
f 4015/34/4 4016/34/4 4059/34/4
f 4058/36/4 4015/36/4 4059/36/4
f 4059/34/4 4016/34/4 4060/34/4
f 4060/34/4 4016/34/4 4061/34/4
f 4016/33/4 4037/33/4 4062/33/4
f 4061/34/4 4016/34/4 4062/34/4
f 4062/33/4 4037/33/4 4063/33/4
f 4037/32/4 4038/32/4 4064/32/4
f 4063/33/4 4037/33/4 4064/33/4
f 4038/33/4 4039/33/4 4065/33/4
f 4064/32/4 4038/32/4 4065/32/4
f 4039/32/4 4040/32/4 4066/32/4
f 4065/33/4 4039/33/4 4066/33/4
f 4040/32/4 4041/32/4 4066/32/4
f 4066/32/4 4041/32/4 4067/32/4
f 4041/33/4 4022/33/4 4068/33/4
f 4067/32/4 4041/32/4 4068/32/4
f 4068/33/4 4022/33/4 4069/33/4
f 4069/33/4 4022/33/4 4070/33/4
f 4046/36/4 4025/36/4 4071/36/4
f 4045/33/4 4046/33/4 4071/33/4
f 4071/36/4 4025/36/4 4072/36/4
f 4048/36/4 4029/36/4 4073/36/4
f 4047/34/4 4048/34/4 4073/34/4
f 4073/36/4 4029/36/4 4074/36/4
f 4030/33/4 4001/33/4 4075/33/4
f 4001/39/4 4002/39/4 4075/39/4
f 4002/34/4 4031/34/4 4076/34/4
f 4075/39/4 4002/39/4 4076/39/4
f 4031/33/4 4049/33/4 4077/33/4
f 4076/34/4 4031/34/4 4077/34/4
f 4049/42/4 4050/42/4 4078/42/4
f 4077/33/4 4049/33/4 4078/33/4
f 4050/33/4 3987/33/4 4079/33/4
f 4078/42/4 4050/42/4 4079/42/4
f 3987/37/4 3941/37/4 4080/37/4
f 4079/33/4 3987/33/4 4080/33/4
f 3941/37/4 3917/37/4 4081/37/4
f 4080/37/4 3941/37/4 4081/37/4
f 4062/44/4 4063/44/4 4082/44/4
f 4061/33/4 4062/33/4 4082/33/4
f 4063/43/4 4064/43/4 4083/43/4
f 4082/44/4 4063/44/4 4083/44/4
f 4064/45/4 4065/45/4 4084/45/4
f 4083/43/4 4064/43/4 4084/43/4
f 4066/44/4 4067/44/4 4085/44/4
f 4084/45/4 4065/45/4 4085/45/4
f 4065/44/4 4066/44/4 4085/44/4
f 4085/44/4 4067/44/4 4086/44/4
f 4067/45/4 4068/45/4 4087/45/4
f 4086/44/4 4067/44/4 4087/44/4
f 4068/45/4 4069/45/4 4087/45/4
f 4069/43/4 4070/43/4 4088/43/4
f 4087/45/4 4069/45/4 4088/45/4
f 4088/43/4 4070/43/4 4089/43/4
f 4070/33/4 4022/33/4 4090/33/4
f 4089/43/4 4070/43/4 4090/43/4
f 4022/39/4 4023/39/4 4091/39/4
f 4090/33/4 4022/33/4 4091/33/4
f 4023/36/4 4042/36/4 4092/36/4
f 4091/39/4 4023/39/4 4092/39/4
f 4072/36/4 4025/36/4 4093/36/4
f 4071/33/4 4072/33/4 4093/33/4
f 4093/36/4 4025/36/4 4094/36/4
f 4074/36/4 4029/36/4 4095/36/4
f 4029/39/4 4030/39/4 4095/39/4
f 4030/33/4 4075/33/4 4096/33/4
f 4095/39/4 4030/39/4 4096/39/4
f 4078/33/4 4079/33/4 4097/33/4
f 4079/33/4 4080/33/4 4097/33/4
f 4077/33/4 4078/33/4 4097/33/4
f 4080/33/4 4081/33/4 4097/33/4
f 4076/39/4 4077/39/4 4097/39/4
f 4097/33/4 4081/33/4 4098/33/4
f 3917/35/4 3918/35/4 4099/35/4
f 4081/37/4 3917/37/4 4099/37/4
f 3918/36/4 4005/36/4 4100/36/4
f 4099/35/4 3918/35/4 4100/35/4
f 4005/36/4 4006/36/4 4100/36/4
f 4055/31/4 4011/31/4 4101/31/4
f 4054/31/4 4055/31/4 4101/31/4
f 4011/36/4 3870/36/4 4102/36/4
f 4101/31/4 4011/31/4 4102/31/4
f 3762/34/4 4056/34/4 4103/34/4
f 4056/44/4 4057/44/4 4103/44/4
f 4057/34/4 4058/34/4 4104/34/4
f 4103/44/4 4057/44/4 4104/44/4
f 4058/36/4 4059/36/4 4105/36/4
f 4059/36/4 4060/36/4 4105/36/4
f 4060/34/4 4061/34/4 4106/34/4
f 4105/36/4 4060/36/4 4106/36/4
f 4061/33/4 4082/33/4 4107/33/4
f 4106/34/4 4061/34/4 4107/34/4
f 4083/33/4 4084/33/4 4107/33/4
f 4084/33/4 4085/33/4 4107/33/4
f 4085/33/4 4086/33/4 4107/33/4
f 4082/33/4 4083/33/4 4107/33/4
f 4088/37/4 4089/37/4 4108/37/4
f 4107/33/4 4086/33/4 4108/33/4
f 4086/37/4 4087/37/4 4108/37/4
f 4087/37/4 4088/37/4 4108/37/4
f 4089/33/4 4090/33/4 4109/33/4
f 4108/37/4 4089/37/4 4109/37/4
f 4090/39/4 4091/39/4 4110/39/4
f 4109/33/4 4090/33/4 4110/33/4
f 4092/36/4 4042/36/4 4111/36/4
f 4091/36/4 4092/36/4 4111/36/4
f 4042/39/4 4043/39/4 4112/39/4
f 4111/36/4 4042/36/4 4112/36/4
f 4043/36/4 4044/36/4 4113/36/4
f 4112/39/4 4043/39/4 4113/39/4
f 4071/33/4 4093/33/4 4114/33/4
f 3613/36/4 4045/36/4 4114/36/4
f 4093/33/4 4094/33/4 4114/33/4
f 4045/33/4 4071/33/4 4114/33/4
f 4114/33/4 4094/33/4 4115/33/4
f 4073/39/4 4074/39/4 4116/39/4
f 4047/34/4 4073/34/4 4116/34/4
f 4074/36/4 4095/36/4 4117/36/4
f 4116/39/4 4074/39/4 4117/39/4
f 4095/36/4 4096/36/4 4117/36/4
f 4117/36/4 4096/36/4 4118/36/4
f 4096/33/4 4075/33/4 4119/33/4
f 4118/36/4 4096/36/4 4119/36/4
f 4075/35/4 4076/35/4 4120/35/4
f 4119/33/4 4075/33/4 4120/33/4
f 4076/39/4 4097/39/4 4121/39/4
f 4120/35/4 4076/35/4 4121/35/4
f 4097/35/4 4098/35/4 4122/35/4
f 4121/39/4 4097/39/4 4122/39/4
f 4098/33/4 4081/33/4 4123/33/4
f 4122/35/4 4098/35/4 4123/35/4
f 4123/33/4 4081/33/4 4124/33/4
f 4099/37/4 4100/37/4 4125/37/4
f 4081/37/4 4099/37/4 4125/37/4
f 4100/36/4 4006/36/4 4126/36/4
f 4125/37/4 4100/37/4 4126/37/4
f 4006/36/4 3890/36/4 4127/36/4
f 4126/36/4 4006/36/4 4127/36/4
f 3890/34/4 3891/34/4 4128/34/4
f 4127/36/4 3890/36/4 4128/36/4
f 3891/32/4 3844/32/4 4129/32/4
f 4128/34/4 3891/34/4 4129/34/4
f 3844/34/4 3988/34/4 4130/34/4
f 4129/32/4 3844/32/4 4130/32/4
f 3988/32/4 4051/32/4 4131/32/4
f 4130/34/4 3988/34/4 4131/34/4
f 4051/32/4 4052/32/4 4131/32/4
f 4052/32/4 4053/32/4 4131/32/4
f 4053/32/4 4054/32/4 4131/32/4
f 4131/32/4 4054/32/4 4132/32/4
f 4132/32/4 4054/32/4 4133/32/4
f 4133/32/4 4054/32/4 4134/32/4
f 4054/31/4 4101/31/4 4135/31/4
f 4134/32/4 4054/32/4 4135/32/4
f 4103/45/4 4104/45/4 4136/45/4
f 3762/34/4 4103/34/4 4136/34/4
f 4104/34/4 4058/34/4 4137/34/4
f 4136/45/4 4104/45/4 4137/45/4
f 4105/34/4 4106/34/4 4138/34/4
f 4106/34/4 4107/34/4 4138/34/4
f 4108/36/4 4109/36/4 4139/36/4
f 4138/34/4 4107/34/4 4139/34/4
f 4107/36/4 4108/36/4 4139/36/4
f 4109/36/4 4110/36/4 4139/36/4
f 4110/39/4 4091/39/4 4140/39/4
f 4139/36/4 4110/36/4 4140/36/4
f 4091/36/4 4111/36/4 4141/36/4
f 4140/39/4 4091/39/4 4141/39/4
f 4114/36/4 4115/36/4 4142/36/4
f 3613/36/4 4114/36/4 4142/36/4
f 4115/33/4 4094/33/4 4143/33/4
f 4142/36/4 4115/36/4 4143/36/4
f 4094/36/4 4025/36/4 4144/36/4
f 4143/33/4 4094/33/4 4144/33/4
f 4025/34/4 4047/34/4 4145/34/4
f 4144/36/4 4025/36/4 4145/36/4
f 4047/34/4 4116/34/4 4145/34/4
f 4116/34/4 4117/34/4 4145/34/4
f 4145/34/4 4117/34/4 4146/34/4
f 4146/34/4 4117/34/4 4147/34/4
f 4118/33/4 4119/33/4 4148/33/4
f 4119/39/4 4120/39/4 4148/39/4
f 4121/35/4 4122/35/4 4149/35/4
f 4148/39/4 4120/39/4 4149/39/4
f 4120/35/4 4121/35/4 4149/35/4
f 4149/35/4 4122/35/4 4150/35/4
f 4124/33/4 4081/33/4 4151/33/4
f 4123/35/4 4124/35/4 4151/35/4
f 4081/37/4 4125/37/4 4152/37/4
f 4151/33/4 4081/33/4 4152/33/4
f 4125/36/4 4126/36/4 4153/36/4
f 4126/36/4 4127/36/4 4153/36/4
f 4153/36/4 4127/36/4 4154/36/4
f 4128/34/4 4129/34/4 4155/34/4
f 4154/36/4 4127/36/4 4155/36/4
f 4127/34/4 4128/34/4 4155/34/4
f 4155/34/4 4129/34/4 4156/34/4
f 4129/31/4 4130/31/4 4157/31/4
f 4156/34/4 4129/34/4 4157/34/4
f 4130/32/4 4131/32/4 4158/32/4
f 4157/31/4 4130/31/4 4158/31/4
f 4131/32/4 4132/32/4 4158/32/4
f 4158/32/4 4132/32/4 4159/32/4
f 4159/32/4 4132/32/4 4160/32/4
f 4132/31/4 4133/31/4 4161/31/4
f 4160/32/4 4132/32/4 4161/32/4
f 4133/32/4 4134/32/4 4162/32/4
f 4134/31/4 4135/31/4 4162/31/4
f 4135/31/4 4101/31/4 4163/31/4
f 4162/31/4 4135/31/4 4163/31/4
f 4101/36/4 4102/36/4 4163/36/4
f 4102/36/4 3870/36/4 4164/36/4
f 4163/36/4 4102/36/4 4164/36/4
f 3870/39/4 3871/39/4 4165/39/4
f 4164/36/4 3870/36/4 4165/36/4
f 4136/43/4 4137/43/4 4166/43/4
f 3762/34/4 4136/34/4 4166/34/4
f 4137/34/4 4058/34/4 4167/34/4
f 4166/43/4 4137/43/4 4167/43/4
f 4058/36/4 4105/36/4 4168/36/4
f 4167/34/4 4058/34/4 4168/34/4
f 4105/34/4 4138/34/4 4169/34/4
f 4168/36/4 4105/36/4 4169/36/4
f 4140/36/4 4141/36/4 4170/36/4
f 4169/34/4 4138/34/4 4170/34/4
f 4139/36/4 4140/36/4 4170/36/4
f 4138/36/4 4139/36/4 4170/36/4
f 4143/33/4 4144/33/4 4171/33/4
f 4142/34/4 4143/34/4 4171/34/4
f 4144/33/4 4145/33/4 4171/33/4
f 4171/33/4 4145/33/4 4172/33/4
f 4145/34/4 4146/34/4 4173/34/4
f 4172/33/4 4145/33/4 4173/33/4
f 4146/33/4 4147/33/4 4174/33/4
f 4173/34/4 4146/34/4 4174/34/4
f 4147/34/4 4117/34/4 4175/34/4
f 4174/33/4 4147/33/4 4175/33/4
f 4117/39/4 4118/39/4 4176/39/4
f 4175/34/4 4117/34/4 4176/34/4
f 4118/33/4 4148/33/4 4177/33/4
f 4148/36/4 4149/36/4 4177/36/4
f 4149/39/4 4150/39/4 4178/39/4
f 4177/36/4 4149/36/4 4178/36/4
f 4152/37/4 4125/37/4 4179/37/4
f 4179/37/4 4125/37/4 4180/37/4
f 4125/36/4 4153/36/4 4181/36/4
f 4180/37/4 4125/37/4 4181/37/4
f 4181/36/4 4153/36/4 4182/36/4
f 4153/31/4 4154/31/4 4183/31/4
f 4182/36/4 4153/36/4 4183/36/4
f 4155/32/4 4156/32/4 4184/32/4
f 4154/36/4 4155/36/4 4184/36/4
f 4156/31/4 4157/31/4 4185/31/4
f 4184/32/4 4156/32/4 4185/32/4
f 4157/31/4 4158/31/4 4185/31/4
f 4158/36/4 4159/36/4 4186/36/4
f 4185/31/4 4158/31/4 4186/31/4
f 4159/32/4 4160/32/4 4187/32/4
f 4186/36/4 4159/36/4 4187/36/4
f 4160/31/4 4161/31/4 4188/31/4
f 4187/32/4 4160/32/4 4188/32/4
f 4133/32/4 4162/32/4 4189/32/4
f 4188/31/4 4161/31/4 4189/31/4
f 4161/31/4 4133/31/4 4189/31/4
f 4162/36/4 4163/36/4 4190/36/4
f 4189/32/4 4162/32/4 4190/32/4
f 4163/36/4 4164/36/4 4190/36/4
f 4165/39/4 3871/39/4 4191/39/4
f 4164/39/4 4165/39/4 4191/39/4
f 3871/36/4 3762/36/4 4192/36/4
f 4191/39/4 3871/39/4 4192/39/4
f 4170/36/4 4141/36/4 4193/36/4
f 4169/36/4 4170/36/4 4193/36/4
f 4168/36/4 4169/36/4 4193/36/4
f 4193/36/4 4141/36/4 4194/36/4
f 4194/36/4 4141/36/4 4195/36/4
f 4142/34/4 4171/34/4 4196/34/4
f 4171/39/4 4172/39/4 4196/39/4
f 4174/33/4 4175/33/4 4197/33/4
f 4196/39/4 4172/39/4 4197/39/4
f 4173/33/4 4174/33/4 4197/33/4
f 4172/33/4 4173/33/4 4197/33/4
f 4197/33/4 4175/33/4 4198/33/4
f 4176/39/4 4118/39/4 4199/39/4
f 4175/36/4 4176/36/4 4199/36/4
f 4118/33/4 4177/33/4 4200/33/4
f 4199/39/4 4118/39/4 4200/39/4
f 4177/33/4 4178/33/4 4200/33/4
f 4200/33/4 4178/33/4 4201/33/4
f 4178/39/4 4150/39/4 4202/39/4
f 4201/33/4 4178/33/4 4202/33/4
f 4150/35/4 4122/35/4 4203/35/4
f 4202/39/4 4150/39/4 4203/39/4
f 4122/39/4 4123/39/4 4204/39/4
f 4203/35/4 4122/35/4 4204/35/4
f 4123/35/4 4151/35/4 4205/35/4
f 4204/39/4 4123/39/4 4205/39/4
f 4151/35/4 4152/35/4 4205/35/4
f 4205/35/4 4152/35/4 4206/35/4
f 4183/31/4 4154/31/4 4207/31/4
f 4182/32/4 4183/32/4 4207/32/4
f 4188/36/4 4189/36/4 4208/36/4
f 4207/31/4 4154/31/4 4208/31/4
f 4154/36/4 4184/36/4 4208/36/4
f 4187/36/4 4188/36/4 4208/36/4
f 4186/36/4 4187/36/4 4208/36/4
f 4189/36/4 4190/36/4 4208/36/4
f 4185/36/4 4186/36/4 4208/36/4
f 4184/36/4 4185/36/4 4208/36/4
f 4190/36/4 4164/36/4 4209/36/4
f 4208/36/4 4190/36/4 4209/36/4
f 4209/36/4 4164/36/4 4210/36/4
f 4164/39/4 4191/39/4 4211/39/4
f 4210/36/4 4164/36/4 4211/36/4
f 4191/36/4 4192/36/4 4212/36/4
f 4211/39/4 4191/39/4 4212/39/4
f 4168/36/4 4193/36/4 4213/36/4
f 4193/34/4 4194/34/4 4214/34/4
f 4213/36/4 4193/36/4 4214/36/4
f 4194/32/4 4195/32/4 4215/32/4
f 4214/34/4 4194/34/4 4215/34/4
f 4195/36/4 4141/36/4 4216/36/4
f 4215/32/4 4195/32/4 4216/32/4
f 4141/36/4 4111/36/4 4217/36/4
f 4216/36/4 4141/36/4 4217/36/4
f 4111/39/4 4112/39/4 4218/39/4
f 4217/36/4 4111/36/4 4218/36/4
f 4112/36/4 4113/36/4 4219/36/4
f 4218/39/4 4112/39/4 4219/39/4
f 4113/36/4 4044/36/4 4220/36/4
f 4219/36/4 4113/36/4 4220/36/4
f 4044/33/4 3612/33/4 4221/33/4
f 4220/36/4 4044/36/4 4221/36/4
f 4142/34/4 4196/34/4 4222/34/4
f 3613/36/4 4142/36/4 4222/36/4
f 4196/34/4 4197/34/4 4222/34/4
f 4222/34/4 4197/34/4 4223/34/4
f 4201/33/4 4202/33/4 4224/33/4
f 4200/39/4 4201/39/4 4224/39/4
f 4202/35/4 4203/35/4 4225/35/4
f 4224/33/4 4202/33/4 4225/33/4
f 4181/36/4 4182/36/4 4226/36/4
f 4180/36/4 4181/36/4 4226/36/4
f 4226/36/4 4182/36/4 4227/36/4
f 4182/32/4 4207/32/4 4228/32/4
f 4227/36/4 4182/36/4 4228/36/4
f 4207/32/4 4208/32/4 4228/32/4
f 4228/32/4 4208/32/4 4229/32/4
f 4209/32/4 4210/32/4 4230/32/4
f 4208/36/4 4209/36/4 4230/36/4
f 4210/36/4 4211/36/4 4231/36/4
f 4230/32/4 4210/32/4 4231/32/4
f 4211/36/4 4212/36/4 4231/36/4
f 4168/36/4 4213/36/4 4232/36/4
f 4232/36/4 4213/36/4 4233/36/4
f 4233/36/4 4213/36/4 4234/36/4
f 4215/34/4 4216/34/4 4235/34/4
f 4234/36/4 4213/36/4 4235/36/4
f 4214/34/4 4215/34/4 4235/34/4
f 4213/34/4 4214/34/4 4235/34/4
f 4235/34/4 4216/34/4 4236/34/4
f 4236/34/4 4216/34/4 4237/34/4
f 4216/36/4 4217/36/4 4238/36/4
f 4237/34/4 4216/34/4 4238/34/4
f 4238/36/4 4217/36/4 4239/36/4
f 4223/34/4 4197/34/4 4240/34/4
f 4197/39/4 4198/39/4 4240/39/4
f 4198/33/4 4175/33/4 4241/33/4
f 4240/39/4 4198/39/4 4241/39/4
f 4241/33/4 4175/33/4 4242/33/4
f 4242/33/4 4175/33/4 4243/33/4
f 4199/36/4 4200/36/4 4244/36/4
f 4243/33/4 4175/33/4 4244/33/4
f 4175/36/4 4199/36/4 4244/36/4
f 4200/39/4 4224/39/4 4245/39/4
f 4244/36/4 4200/36/4 4245/36/4
f 4224/36/4 4225/36/4 4246/36/4
f 4245/39/4 4224/39/4 4246/39/4
f 4225/35/4 4203/35/4 4247/35/4
f 4246/36/4 4225/36/4 4247/36/4
f 4204/35/4 4205/35/4 4248/35/4
f 4205/39/4 4206/39/4 4248/39/4
f 4206/35/4 4152/35/4 4249/35/4
f 4248/39/4 4206/39/4 4249/39/4
f 4249/35/4 4152/35/4 4250/35/4
f 4226/37/4 4227/37/4 4251/37/4
f 4180/36/4 4226/36/4 4251/36/4
f 4227/36/4 4228/36/4 4252/36/4
f 4251/37/4 4227/37/4 4252/37/4
f 4228/36/4 4229/36/4 4252/36/4
f 4252/36/4 4229/36/4 4253/36/4
f 4229/32/4 4208/32/4 4254/32/4
f 4253/36/4 4229/36/4 4254/36/4
f 4232/34/4 4233/34/4 4255/34/4
f 4168/36/4 4232/36/4 4255/36/4
f 4233/32/4 4234/32/4 4256/32/4
f 4255/34/4 4233/34/4 4256/34/4
f 4256/32/4 4234/32/4 4257/32/4
f 4234/34/4 4235/34/4 4258/34/4
f 4235/32/4 4236/32/4 4258/32/4
f 4236/34/4 4237/34/4 4259/34/4
f 4258/32/4 4236/32/4 4259/32/4
f 4237/31/4 4238/31/4 4260/31/4
f 4259/34/4 4237/34/4 4260/34/4
f 4238/34/4 4239/34/4 4261/34/4
f 4260/31/4 4238/31/4 4261/31/4
f 4239/36/4 4217/36/4 4262/36/4
f 4261/34/4 4239/34/4 4262/34/4
f 4262/36/4 4217/36/4 4263/36/4
f 4263/36/4 4217/36/4 4264/36/4
f 4217/39/4 4218/39/4 4265/39/4
f 4264/36/4 4217/36/4 4265/36/4
f 4219/36/4 4220/36/4 4266/36/4
f 4265/39/4 4218/39/4 4266/39/4
f 4218/36/4 4219/36/4 4266/36/4
f 4242/33/4 4243/33/4 4267/33/4
f 4241/39/4 4242/39/4 4267/39/4
f 4245/36/4 4246/36/4 4268/36/4
f 4267/33/4 4243/33/4 4268/33/4
f 4244/36/4 4245/36/4 4268/36/4
f 4243/36/4 4244/36/4 4268/36/4
f 4247/35/4 4203/35/4 4269/35/4
f 4203/39/4 4204/39/4 4269/39/4
f 4204/35/4 4248/35/4 4270/35/4
f 4269/39/4 4204/39/4 4270/39/4
f 4248/35/4 4249/35/4 4270/35/4
f 4270/35/4 4249/35/4 4271/35/4
f 4252/36/4 4253/36/4 4272/36/4
f 4180/36/4 4251/36/4 4272/36/4
f 4179/35/4 4180/35/4 4272/35/4
f 4251/36/4 4252/36/4 4272/36/4
f 4272/36/4 4253/36/4 4273/36/4
f 4253/32/4 4254/32/4 4274/32/4
f 4254/32/4 4208/32/4 4275/32/4
f 4274/32/4 4254/32/4 4275/32/4
f 4208/36/4 4230/36/4 4276/36/4
f 4230/36/4 4231/36/4 4276/36/4
f 4276/36/4 4231/36/4 4277/36/4
f 4277/36/4 4231/36/4 4278/36/4
f 4231/36/4 4212/36/4 4279/36/4
f 4278/36/4 4231/36/4 4279/36/4
f 4166/34/4 4167/34/4 4280/34/4
f 3762/34/4 4166/34/4 4280/34/4
f 4167/31/4 4168/31/4 4281/31/4
f 4280/34/4 4167/34/4 4281/34/4
f 4255/36/4 4256/36/4 4282/36/4
f 4257/32/4 4234/32/4 4282/32/4
f 4256/36/4 4257/36/4 4282/36/4
f 4234/34/4 4258/34/4 4283/34/4
f 4282/32/4 4234/32/4 4283/32/4
f 4260/36/4 4261/36/4 4284/36/4
f 4283/34/4 4258/34/4 4284/34/4
f 4261/36/4 4262/36/4 4284/36/4
f 4259/36/4 4260/36/4 4284/36/4
f 4262/36/4 4263/36/4 4284/36/4
f 4258/36/4 4259/36/4 4284/36/4
f 4284/36/4 4263/36/4 4285/36/4
f 4263/34/4 4264/34/4 4286/34/4
f 4285/36/4 4263/36/4 4286/36/4
f 4264/36/4 4265/36/4 4287/36/4
f 4286/34/4 4264/34/4 4287/34/4
f 4265/36/4 4266/36/4 4287/36/4
f 4287/36/4 4266/36/4 4288/36/4
f 4266/36/4 4220/36/4 4289/36/4
f 4288/36/4 4266/36/4 4289/36/4
f 4220/39/4 4221/39/4 4290/39/4
f 4289/36/4 4220/36/4 4290/36/4
f 4221/33/4 3612/33/4 4291/33/4
f 4290/39/4 4221/39/4 4291/39/4
f 4223/34/4 4240/34/4 4292/34/4
f 4222/36/4 4223/36/4 4292/36/4
f 4240/34/4 4241/34/4 4292/34/4
f 4292/34/4 4241/34/4 4293/34/4
f 4267/39/4 4268/39/4 4294/39/4
f 4293/34/4 4241/34/4 4294/34/4
f 4241/39/4 4267/39/4 4294/39/4
f 4294/39/4 4268/39/4 4295/39/4
f 4271/35/4 4249/35/4 4296/35/4
f 4249/39/4 4250/39/4 4296/39/4
f 4250/35/4 4152/35/4 4297/35/4
f 4296/39/4 4250/39/4 4297/39/4
f 4272/37/4 4273/37/4 4298/37/4
f 4273/36/4 4253/36/4 4298/36/4
f 4298/36/4 4253/36/4 4299/36/4
f 4253/32/4 4274/32/4 4300/32/4
f 4299/36/4 4253/36/4 4300/36/4
f 4274/36/4 4275/36/4 4301/36/4
f 4300/32/4 4274/32/4 4301/32/4
f 4208/36/4 4276/36/4 4302/36/4
f 4276/32/4 4277/32/4 4303/32/4
f 4302/36/4 4276/36/4 4303/36/4
f 4303/32/4 4277/32/4 4304/32/4
f 4277/36/4 4278/36/4 4305/36/4
f 4304/32/4 4277/32/4 4305/32/4
f 4305/36/4 4278/36/4 4306/36/4
f 4278/32/4 4279/32/4 4307/32/4
f 4307/32/4 4279/32/4 4308/32/4
f 4279/36/4 4212/36/4 4309/36/4
f 4308/32/4 4279/32/4 4309/32/4
f 4309/36/4 4212/36/4 4310/36/4
f 4212/36/4 4192/36/4 4311/36/4
f 4310/36/4 4212/36/4 4311/36/4
f 4192/36/4 3762/36/4 4312/36/4
f 4311/36/4 4192/36/4 4312/36/4
f 4285/34/4 4286/34/4 4313/34/4
f 4286/34/4 4287/34/4 4313/34/4
f 4287/32/4 4288/32/4 4314/32/4
f 4313/34/4 4287/34/4 4314/34/4
f 4288/36/4 4289/36/4 4315/36/4
f 4314/32/4 4288/32/4 4315/32/4
f 4268/36/4 4246/36/4 4316/36/4
f 4295/39/4 4268/39/4 4316/39/4
f 4316/36/4 4246/36/4 4317/36/4
f 4246/39/4 4247/39/4 4318/39/4
f 4317/36/4 4246/36/4 4318/36/4
f 4247/35/4 4269/35/4 4319/35/4
f 4318/39/4 4247/39/4 4319/39/4
f 4269/35/4 4270/35/4 4319/35/4
f 4319/35/4 4270/35/4 4320/35/4
f 4270/39/4 4271/39/4 4321/39/4
f 4320/35/4 4270/35/4 4321/35/4
f 4271/35/4 4296/35/4 4322/35/4
f 4321/39/4 4271/39/4 4322/39/4
f 4296/35/4 4297/35/4 4322/35/4
f 4322/35/4 4297/35/4 4323/35/4
f 4297/35/4 4152/35/4 4324/35/4
f 4323/35/4 4297/35/4 4324/35/4
f 4152/37/4 4179/37/4 4325/37/4
f 4324/35/4 4152/35/4 4325/35/4
f 4325/37/4 4179/37/4 4326/37/4
f 4179/35/4 4272/35/4 4327/35/4
f 4326/37/4 4179/37/4 4327/37/4
f 4298/37/4 4299/37/4 4328/37/4
f 4299/36/4 4300/36/4 4328/36/4
f 4300/36/4 4301/36/4 4328/36/4
f 4328/36/4 4301/36/4 4329/36/4
f 4329/36/4 4301/36/4 4330/36/4
f 4301/36/4 4275/36/4 4331/36/4
f 4330/36/4 4301/36/4 4331/36/4
f 4303/35/4 4304/35/4 4332/35/4
f 4302/32/4 4303/32/4 4332/32/4
f 4304/32/4 4305/32/4 4333/32/4
f 4332/35/4 4304/35/4 4333/35/4
f 4305/32/4 4306/32/4 4333/32/4
f 4333/32/4 4306/32/4 4334/32/4
f 4307/35/4 4308/35/4 4335/35/4
f 4278/32/4 4307/32/4 4335/32/4
f 4309/32/4 4310/32/4 4336/32/4
f 4335/35/4 4308/35/4 4336/35/4
f 4308/32/4 4309/32/4 4336/32/4
f 4336/32/4 4310/32/4 4337/32/4
f 4310/36/4 4311/36/4 4338/36/4
f 4311/32/4 4312/32/4 4338/32/4
f 4338/32/4 4312/32/4 4339/32/4
f 3762/34/4 4280/34/4 4340/34/4
f 4280/42/4 4281/42/4 4340/42/4
f 4281/31/4 4168/31/4 4341/31/4
f 4340/42/4 4281/42/4 4341/42/4
f 4315/36/4 4289/36/4 4342/36/4
f 4314/36/4 4315/36/4 4342/36/4
f 4289/39/4 4290/39/4 4343/39/4
f 4342/36/4 4289/36/4 4343/36/4
f 4290/36/4 4291/36/4 4344/36/4
f 4343/39/4 4290/39/4 4344/39/4
f 4292/36/4 4293/36/4 4345/36/4
f 4294/34/4 4295/34/4 4345/34/4
f 4293/34/4 4294/34/4 4345/34/4
f 4345/34/4 4295/34/4 4346/34/4
f 4316/39/4 4317/39/4 4347/39/4
f 4346/34/4 4295/34/4 4347/34/4
f 4295/39/4 4316/39/4 4347/39/4
f 4347/39/4 4317/39/4 4348/39/4
f 4323/35/4 4324/35/4 4349/35/4
f 4322/39/4 4323/39/4 4349/39/4
f 4325/37/4 4326/37/4 4350/37/4
f 4349/35/4 4324/35/4 4350/35/4
f 4324/37/4 4325/37/4 4350/37/4
f 4327/35/4 4272/35/4 4351/35/4
f 4326/35/4 4327/35/4 4351/35/4
f 4351/35/4 4272/35/4 4352/35/4
f 4329/36/4 4330/36/4 4353/36/4
f 4353/36/4 4330/36/4 4354/36/4
f 4302/32/4 4332/32/4 4355/32/4
f 4332/33/4 4333/33/4 4355/33/4
f 4355/33/4 4333/33/4 4356/33/4
f 4333/35/4 4334/35/4 4357/35/4
f 4356/33/4 4333/33/4 4357/33/4
f 4334/32/4 4306/32/4 4358/32/4
f 4357/35/4 4334/35/4 4358/35/4
f 4278/32/4 4335/32/4 4359/32/4
f 4335/33/4 4336/33/4 4359/33/4
f 4359/33/4 4336/33/4 4360/33/4
f 4336/35/4 4337/35/4 4361/35/4
f 4360/33/4 4336/33/4 4361/33/4
f 4337/32/4 4310/32/4 4362/32/4
f 4361/35/4 4337/35/4 4362/35/4
f 4341/31/4 4168/31/4 4363/31/4
f 4340/34/4 4341/34/4 4363/34/4
f 4255/36/4 4282/36/4 4364/36/4
f 4363/31/4 4168/31/4 4364/31/4
f 4282/36/4 4283/36/4 4364/36/4
f 4168/36/4 4255/36/4 4364/36/4
f 4283/36/4 4284/36/4 4364/36/4
f 4284/36/4 4285/36/4 4364/36/4
f 4285/34/4 4313/34/4 4365/34/4
f 4364/36/4 4285/36/4 4365/36/4
f 4313/32/4 4314/32/4 4366/32/4
f 4365/34/4 4313/34/4 4366/34/4
f 4314/36/4 4342/36/4 4367/36/4
f 4366/32/4 4314/32/4 4367/32/4
f 4367/36/4 4342/36/4 4368/36/4
f 4348/39/4 4317/39/4 4369/39/4
f 4317/36/4 4318/36/4 4369/36/4
f 4318/36/4 4319/36/4 4369/36/4
f 4369/36/4 4319/36/4 4370/36/4
f 4319/39/4 4320/39/4 4371/39/4
f 4370/36/4 4319/36/4 4371/36/4
f 4320/35/4 4321/35/4 4372/35/4
f 4371/39/4 4320/39/4 4372/39/4
f 4321/35/4 4322/35/4 4372/35/4
f 4372/35/4 4322/35/4 4373/35/4
f 4322/39/4 4349/39/4 4374/39/4
f 4373/35/4 4322/35/4 4374/35/4
f 4349/37/4 4350/37/4 4375/37/4
f 4374/39/4 4349/39/4 4375/39/4
f 4356/42/4 4357/42/4 4376/42/4
f 4355/35/4 4356/35/4 4376/35/4
f 4357/33/4 4358/33/4 4377/33/4
f 4376/42/4 4357/42/4 4377/42/4
f 4360/42/4 4361/42/4 4378/42/4
f 4359/35/4 4360/35/4 4378/35/4
f 4361/33/4 4362/33/4 4379/33/4
f 4378/42/4 4361/42/4 4379/42/4
f 4312/36/4 3762/36/4 4380/36/4
f 4339/32/4 4312/32/4 4380/32/4
f 4340/34/4 4363/34/4 4381/34/4
f 4380/36/4 3762/36/4 4381/36/4
f 4363/34/4 4364/34/4 4381/34/4
f 3762/34/4 4340/34/4 4381/34/4
f 4381/34/4 4364/34/4 4382/34/4
f 4365/36/4 4366/36/4 4383/36/4
f 4382/34/4 4364/34/4 4383/34/4
f 4364/36/4 4365/36/4 4383/36/4
f 4368/36/4 4342/36/4 4384/36/4
f 4342/39/4 4343/39/4 4384/39/4
f 4343/36/4 4344/36/4 4385/36/4
f 4384/39/4 4343/39/4 4385/39/4
f 4344/36/4 4291/36/4 4386/36/4
f 4385/36/4 4344/36/4 4386/36/4
f 4291/33/4 3612/33/4 4387/33/4
f 4386/36/4 4291/36/4 4387/36/4
f 4347/34/4 4348/34/4 4388/34/4
f 4369/39/4 4370/39/4 4388/39/4
f 4346/34/4 4347/34/4 4388/34/4
f 4348/39/4 4369/39/4 4388/39/4
f 4388/39/4 4370/39/4 4389/39/4
f 4328/37/4 4329/37/4 4390/37/4
f 4298/37/4 4328/37/4 4390/37/4
f 4329/36/4 4353/36/4 4391/36/4
f 4390/37/4 4329/37/4 4391/37/4
f 4354/36/4 4330/36/4 4392/36/4
f 4392/36/4 4330/36/4 4393/36/4
f 4393/36/4 4330/36/4 4394/36/4
f 4394/36/4 4330/36/4 4395/36/4
f 4395/36/4 4330/36/4 4396/36/4
f 4396/36/4 4330/36/4 4397/36/4
f 4330/32/4 4331/32/4 4398/32/4
f 4397/36/4 4330/36/4 4398/36/4
f 4331/36/4 4275/36/4 4399/36/4
f 4398/32/4 4331/32/4 4399/32/4
f 4275/32/4 4208/32/4 4400/32/4
f 4399/36/4 4275/36/4 4400/36/4
f 4208/36/4 4302/36/4 4401/36/4
f 4400/32/4 4208/32/4 4401/32/4
f 4376/31/4 4377/31/4 4402/31/4
f 4355/35/4 4376/35/4 4402/35/4
f 4377/33/4 4358/33/4 4403/33/4
f 4402/31/4 4377/31/4 4403/31/4
f 4359/35/4 4378/35/4 4404/35/4
f 4378/31/4 4379/31/4 4404/31/4
f 4379/33/4 4362/33/4 4405/33/4
f 4404/31/4 4379/31/4 4405/31/4
f 4381/34/4 4382/34/4 4406/34/4
f 4380/32/4 4381/32/4 4406/32/4
f 4406/34/4 4382/34/4 4407/34/4
f 4383/36/4 4366/36/4 4408/36/4
f 4382/32/4 4383/32/4 4408/32/4
f 4408/36/4 4366/36/4 4409/36/4
f 4409/36/4 4366/36/4 4410/36/4
f 4410/36/4 4366/36/4 4411/36/4
f 4411/36/4 4366/36/4 4412/36/4
f 4366/32/4 4367/32/4 4413/32/4
f 4412/36/4 4366/36/4 4413/36/4
f 4367/31/4 4368/31/4 4414/31/4
f 4413/32/4 4367/32/4 4414/32/4
f 4345/36/4 4346/36/4 4415/36/4
f 4388/34/4 4389/34/4 4415/34/4
f 4346/34/4 4388/34/4 4415/34/4
f 4415/34/4 4389/34/4 4416/34/4
f 4370/36/4 4371/36/4 4417/36/4
f 4371/36/4 4372/36/4 4417/36/4
f 4389/39/4 4370/39/4 4417/39/4
f 4417/36/4 4372/36/4 4418/36/4
f 4418/36/4 4372/36/4 4419/36/4
f 4419/36/4 4372/36/4 4420/36/4
f 4372/39/4 4373/39/4 4421/39/4
f 4420/36/4 4372/36/4 4421/36/4
f 4373/35/4 4374/35/4 4422/35/4
f 4421/39/4 4373/39/4 4422/39/4
f 4374/35/4 4375/35/4 4422/35/4
f 4422/35/4 4375/35/4 4423/35/4
f 4375/37/4 4350/37/4 4424/37/4
f 4350/37/4 4326/37/4 4424/37/4
f 4326/35/4 4351/35/4 4424/35/4
f 4351/37/4 4352/37/4 4425/37/4
f 4424/35/4 4351/35/4 4425/35/4
f 4352/35/4 4272/35/4 4426/35/4
f 4425/37/4 4352/37/4 4426/37/4
f 4298/37/4 4390/37/4 4427/37/4
f 4272/37/4 4298/37/4 4427/37/4
f 4390/36/4 4391/36/4 4428/36/4
f 4427/37/4 4390/37/4 4428/37/4
f 4353/35/4 4354/35/4 4429/35/4
f 4354/36/4 4392/36/4 4429/36/4
f 4429/36/4 4392/36/4 4430/36/4
f 4430/36/4 4392/36/4 4431/36/4
f 4431/36/4 4392/36/4 4432/36/4
f 4392/35/4 4393/35/4 4433/35/4
f 4432/36/4 4392/36/4 4433/36/4
f 4393/36/4 4394/36/4 4434/36/4
f 4433/35/4 4393/35/4 4434/35/4
f 4434/36/4 4394/36/4 4435/36/4
f 4394/33/4 4395/33/4 4436/33/4
f 4435/36/4 4394/36/4 4436/36/4
f 4395/36/4 4396/36/4 4437/36/4
f 4436/33/4 4395/33/4 4437/33/4
f 4437/36/4 4396/36/4 4438/36/4
f 4398/36/4 4399/36/4 4439/36/4
f 4397/36/4 4398/36/4 4439/36/4
f 4399/36/4 4400/36/4 4439/36/4
f 4396/35/4 4397/35/4 4439/35/4
f 4439/36/4 4400/36/4 4440/36/4
f 4440/36/4 4400/36/4 4441/36/4
f 4441/36/4 4400/36/4 4442/36/4
f 4442/36/4 4400/36/4 4443/36/4
f 4443/36/4 4400/36/4 4444/36/4
f 4355/35/4 4402/35/4 4445/35/4
f 4402/42/4 4403/42/4 4445/42/4
f 4403/33/4 4358/33/4 4446/33/4
f 4445/42/4 4403/42/4 4446/42/4
f 4359/35/4 4404/35/4 4447/35/4
f 4404/42/4 4405/42/4 4447/42/4
f 4405/33/4 4362/33/4 4448/33/4
f 4447/42/4 4405/42/4 4448/42/4
f 4409/36/4 4410/36/4 4449/36/4
f 4410/35/4 4411/35/4 4450/35/4
f 4449/36/4 4410/36/4 4450/36/4
f 4411/36/4 4412/36/4 4451/36/4
f 4450/35/4 4411/35/4 4451/35/4
f 4451/36/4 4412/36/4 4452/36/4
f 4452/36/4 4412/36/4 4453/36/4
f 4412/35/4 4413/35/4 4454/35/4
f 4453/36/4 4412/36/4 4454/36/4
f 4413/31/4 4414/31/4 4455/31/4
f 4454/35/4 4413/35/4 4455/35/4
f 4414/31/4 4368/31/4 4456/31/4
f 4455/31/4 4414/31/4 4456/31/4
f 4384/36/4 4385/36/4 4457/36/4
f 4456/31/4 4368/31/4 4457/31/4
f 4385/36/4 4386/36/4 4457/36/4
f 4368/36/4 4384/36/4 4457/36/4
f 4457/36/4 4386/36/4 4458/36/4
f 4386/34/4 4387/34/4 4459/34/4
f 4458/36/4 4386/36/4 4459/36/4
f 4387/33/4 3612/33/4 4460/33/4
f 4459/34/4 4387/34/4 4460/34/4
f 4416/34/4 4389/34/4 4461/34/4
f 4389/39/4 4417/39/4 4461/39/4
f 4417/39/4 4418/39/4 4461/39/4
f 4461/39/4 4418/39/4 4462/39/4
f 4419/34/4 4420/34/4 4463/34/4
f 4420/36/4 4421/36/4 4463/36/4
f 4421/35/4 4422/35/4 4464/35/4
f 4463/36/4 4421/36/4 4464/36/4
f 4391/36/4 4353/36/4 4465/36/4
f 4428/36/4 4391/36/4 4465/36/4
f 4353/35/4 4429/35/4 4466/35/4
f 4465/36/4 4353/36/4 4466/36/4
f 4429/33/4 4430/33/4 4467/33/4
f 4466/35/4 4429/35/4 4467/35/4
f 4430/35/4 4431/35/4 4468/35/4
f 4467/33/4 4430/33/4 4468/33/4
f 4468/35/4 4431/35/4 4469/35/4
f 4469/35/4 4431/35/4 4470/35/4
f 4431/36/4 4432/36/4 4471/36/4
f 4432/33/4 4433/33/4 4471/33/4
f 4433/35/4 4434/35/4 4472/35/4
f 4471/33/4 4433/33/4 4472/33/4
f 4396/35/4 4439/35/4 4473/35/4
f 4439/35/4 4440/35/4 4473/35/4
f 4440/37/4 4441/37/4 4474/37/4
f 4473/35/4 4440/35/4 4474/35/4
f 4442/36/4 4443/36/4 4475/36/4
f 4475/36/4 4443/36/4 4476/36/4
f 4443/32/4 4444/32/4 4477/32/4
f 4476/36/4 4443/36/4 4477/36/4
f 4444/36/4 4400/36/4 4478/36/4
f 4477/32/4 4444/32/4 4478/32/4
f 4355/35/4 4445/35/4 4479/35/4
f 4445/31/4 4446/31/4 4479/31/4
f 4446/33/4 4358/33/4 4480/33/4
f 4479/31/4 4446/31/4 4480/31/4
f 4359/35/4 4447/35/4 4481/35/4
f 4447/31/4 4448/31/4 4481/31/4
f 4448/33/4 4362/33/4 4482/33/4
f 4481/31/4 4448/31/4 4482/31/4
f 4362/32/4 4310/32/4 4483/32/4
f 4338/36/4 4339/36/4 4483/36/4
f 4310/36/4 4338/36/4 4483/36/4
f 4483/36/4 4339/36/4 4484/36/4
f 4339/32/4 4380/32/4 4485/32/4
f 4484/36/4 4339/36/4 4485/36/4
f 4380/32/4 4406/32/4 4485/32/4
f 4406/33/4 4407/33/4 4486/33/4
f 4485/32/4 4406/32/4 4486/32/4
f 4407/34/4 4382/34/4 4487/34/4
f 4486/33/4 4407/33/4 4487/33/4
f 4382/32/4 4408/32/4 4488/32/4
f 4487/34/4 4382/34/4 4488/34/4
f 4408/32/4 4409/32/4 4488/32/4
f 4488/32/4 4409/32/4 4489/32/4
f 4409/36/4 4449/36/4 4490/36/4
f 4489/32/4 4409/32/4 4490/32/4
f 4451/35/4 4452/35/4 4491/35/4
f 4490/36/4 4449/36/4 4491/36/4
f 4450/35/4 4451/35/4 4491/35/4
f 4449/35/4 4450/35/4 4491/35/4
f 4452/36/4 4453/36/4 4492/36/4
f 4491/35/4 4452/35/4 4492/35/4
f 4454/35/4 4455/35/4 4493/35/4
f 4492/36/4 4453/36/4 4493/36/4
f 4453/35/4 4454/35/4 4493/35/4
f 4455/32/4 4456/32/4 4494/32/4
f 4493/35/4 4455/35/4 4494/35/4
f 4457/35/4 4458/35/4 4495/35/4
f 4494/32/4 4456/32/4 4495/32/4
f 4456/35/4 4457/35/4 4495/35/4
f 4458/36/4 4459/36/4 4496/36/4
f 4495/35/4 4458/35/4 4496/35/4
f 4459/36/4 4460/36/4 4496/36/4
f 4460/33/4 3612/33/4 4497/33/4
f 4496/36/4 4460/36/4 4497/36/4
f 4419/34/4 4463/34/4 4498/34/4
f 4418/36/4 4419/36/4 4498/36/4
f 4463/34/4 4464/34/4 4498/34/4
f 4498/34/4 4464/34/4 4499/34/4
f 4422/39/4 4423/39/4 4500/39/4
f 4464/35/4 4422/35/4 4500/35/4
f 4423/35/4 4375/35/4 4501/35/4
f 4500/39/4 4423/39/4 4501/39/4
f 4426/35/4 4272/35/4 4502/35/4
f 4425/35/4 4426/35/4 4502/35/4
f 4272/37/4 4427/37/4 4502/37/4
f 4427/35/4 4428/35/4 4503/35/4
f 4502/37/4 4427/37/4 4503/37/4
f 4466/36/4 4467/36/4 4504/36/4
f 4468/35/4 4469/35/4 4505/35/4
f 4504/36/4 4467/36/4 4505/36/4
f 4467/35/4 4468/35/4 4505/35/4
f 4431/36/4 4471/36/4 4506/36/4
f 4470/35/4 4431/35/4 4506/35/4
f 4471/35/4 4472/35/4 4507/35/4
f 4506/36/4 4471/36/4 4507/36/4
f 4434/33/4 4435/33/4 4508/33/4
f 4435/35/4 4436/35/4 4508/35/4
f 4508/35/4 4436/35/4 4509/35/4
f 4437/35/4 4438/35/4 4510/35/4
f 4436/33/4 4437/33/4 4510/33/4
f 4510/35/4 4438/35/4 4511/35/4
f 4438/36/4 4396/36/4 4512/36/4
f 4396/35/4 4473/35/4 4513/35/4
f 4512/36/4 4396/36/4 4513/36/4
f 4513/35/4 4473/35/4 4514/35/4
f 4473/37/4 4474/37/4 4515/37/4
f 4514/35/4 4473/35/4 4515/35/4
f 4474/37/4 4441/37/4 4516/37/4
f 4515/37/4 4474/37/4 4516/37/4
f 4441/35/4 4442/35/4 4516/35/4
f 4442/36/4 4475/36/4 4517/36/4
f 4516/35/4 4442/35/4 4517/35/4
f 4475/35/4 4476/35/4 4518/35/4
f 4517/36/4 4475/36/4 4518/36/4
f 4476/36/4 4477/36/4 4519/36/4
f 4518/35/4 4476/35/4 4519/35/4
f 4477/31/4 4478/31/4 4520/31/4
f 4519/36/4 4477/36/4 4520/36/4
f 4478/36/4 4400/36/4 4521/36/4
f 4520/31/4 4478/31/4 4521/31/4
f 4400/31/4 4401/31/4 4522/31/4
f 4521/36/4 4400/36/4 4522/36/4
f 4401/36/4 4302/36/4 4523/36/4
f 4522/31/4 4401/31/4 4523/31/4
f 4302/32/4 4355/32/4 4524/32/4
f 4523/36/4 4302/36/4 4524/36/4
f 4355/35/4 4479/35/4 4525/35/4
f 4524/32/4 4355/32/4 4525/32/4
f 4479/42/4 4480/42/4 4526/42/4
f 4525/35/4 4479/35/4 4526/35/4
f 4480/33/4 4358/33/4 4527/33/4
f 4526/42/4 4480/42/4 4527/42/4
f 4358/32/4 4306/32/4 4528/32/4
f 4527/33/4 4358/33/4 4528/33/4
f 4306/36/4 4278/36/4 4529/36/4
f 4528/32/4 4306/32/4 4529/32/4
f 4278/32/4 4359/32/4 4530/32/4
f 4529/36/4 4278/36/4 4530/36/4
f 4359/35/4 4481/35/4 4531/35/4
f 4530/32/4 4359/32/4 4531/32/4
f 4481/42/4 4482/42/4 4532/42/4
f 4531/35/4 4481/35/4 4532/35/4
f 4482/33/4 4362/33/4 4533/33/4
f 4532/42/4 4482/42/4 4533/42/4
f 4362/32/4 4483/32/4 4534/32/4
f 4533/33/4 4362/33/4 4534/33/4
f 4485/32/4 4486/32/4 4535/32/4
f 4484/33/4 4485/33/4 4535/33/4
f 4487/35/4 4488/35/4 4536/35/4
f 4535/32/4 4486/32/4 4536/32/4
f 4488/35/4 4489/35/4 4536/35/4
f 4486/35/4 4487/35/4 4536/35/4
f 4489/33/4 4490/33/4 4537/33/4
f 4536/35/4 4489/35/4 4537/35/4
f 4495/35/4 4496/35/4 4538/35/4
f 4537/33/4 4490/33/4 4538/33/4
f 4492/35/4 4493/35/4 4538/35/4
f 4490/35/4 4491/35/4 4538/35/4
f 4494/35/4 4495/35/4 4538/35/4
f 4493/35/4 4494/35/4 4538/35/4
f 4491/35/4 4492/35/4 4538/35/4
f 4496/35/4 4497/35/4 4538/35/4
f 4538/35/4 4497/35/4 4539/35/4
f 4539/35/4 4497/35/4 4540/35/4
f 4540/35/4 4497/35/4 4541/35/4
f 3611/33/4 3613/33/4 4542/33/4
f 4222/36/4 4292/36/4 4542/36/4
f 4415/36/4 4416/36/4 4542/36/4
f 4292/36/4 4345/36/4 4542/36/4
f 3613/36/4 4222/36/4 4542/36/4
f 4345/36/4 4415/36/4 4542/36/4
f 4542/36/4 4416/36/4 4543/36/4
f 4461/34/4 4462/34/4 4544/34/4
f 4416/34/4 4461/34/4 4544/34/4
f 4544/34/4 4462/34/4 4545/34/4
f 4462/39/4 4418/39/4 4546/39/4
f 4545/34/4 4462/34/4 4546/34/4
f 4498/36/4 4499/36/4 4547/36/4
f 4546/39/4 4418/39/4 4547/39/4
f 4418/36/4 4498/36/4 4547/36/4
f 4547/36/4 4499/36/4 4548/36/4
f 4464/35/4 4500/35/4 4549/35/4
f 4500/35/4 4501/35/4 4549/35/4
f 4501/35/4 4375/35/4 4550/35/4
f 4549/35/4 4501/35/4 4550/35/4
f 4375/37/4 4424/37/4 4550/37/4
f 4424/42/4 4425/42/4 4551/42/4
f 4550/37/4 4424/37/4 4551/37/4
f 4502/35/4 4503/35/4 4552/35/4
f 4551/42/4 4425/42/4 4552/42/4
f 4425/35/4 4502/35/4 4552/35/4
f 4505/35/4 4469/35/4 4553/35/4
f 4504/35/4 4505/35/4 4553/35/4
f 4469/33/4 4470/33/4 4554/33/4
f 4553/35/4 4469/35/4 4554/35/4
f 4470/35/4 4506/35/4 4555/35/4
f 4554/33/4 4470/33/4 4555/33/4
f 4506/35/4 4507/35/4 4555/35/4
f 4511/35/4 4438/35/4 4556/35/4
f 4510/34/4 4511/34/4 4556/34/4
f 4438/36/4 4512/36/4 4557/36/4
f 4556/35/4 4438/35/4 4557/35/4
f 4512/35/4 4513/35/4 4558/35/4
f 4557/36/4 4512/36/4 4558/36/4
f 4513/35/4 4514/35/4 4558/35/4
f 4558/35/4 4514/35/4 4559/35/4
f 4516/37/4 4517/37/4 4560/37/4
f 4559/35/4 4514/35/4 4560/35/4
f 4515/37/4 4516/37/4 4560/37/4
f 4514/37/4 4515/37/4 4560/37/4
f 4560/37/4 4517/37/4 4561/37/4
f 4561/37/4 4517/37/4 4562/37/4
f 4519/36/4 4520/36/4 4563/36/4
f 4518/37/4 4519/37/4 4563/37/4
f 4563/36/4 4520/36/4 4564/36/4
f 4564/36/4 4520/36/4 4565/36/4
f 4523/35/4 4524/35/4 4566/35/4
f 4522/35/4 4523/35/4 4566/35/4
f 4521/35/4 4522/35/4 4566/35/4
f 4520/35/4 4521/35/4 4566/35/4
f 4524/32/4 4525/32/4 4566/32/4
f 4525/33/4 4526/33/4 4567/33/4
f 4566/32/4 4525/32/4 4567/32/4
f 4526/33/4 4527/33/4 4567/33/4
f 4527/35/4 4528/35/4 4568/35/4
f 4567/33/4 4527/33/4 4568/33/4
f 4528/32/4 4529/32/4 4569/32/4
f 4568/35/4 4528/35/4 4569/35/4
f 4529/35/4 4530/35/4 4570/35/4
f 4569/32/4 4529/32/4 4570/32/4
f 4530/32/4 4531/32/4 4571/32/4
f 4570/35/4 4530/35/4 4571/35/4
f 4531/33/4 4532/33/4 4572/33/4
f 4571/32/4 4531/32/4 4572/32/4
f 4532/33/4 4533/33/4 4572/33/4
f 4533/35/4 4534/35/4 4573/35/4
f 4572/33/4 4533/33/4 4573/33/4
f 4534/32/4 4483/32/4 4574/32/4
f 4573/35/4 4534/35/4 4574/35/4
f 4483/35/4 4484/35/4 4575/35/4
f 4574/32/4 4483/32/4 4575/32/4
f 4536/35/4 4537/35/4 4576/35/4
f 4535/35/4 4536/35/4 4576/35/4
f 4484/33/4 4535/33/4 4576/33/4
f 4576/35/4 4537/35/4 4577/35/4
f 4577/35/4 4537/35/4 4578/35/4
f 4538/30/4 4539/30/4 4579/30/4
f 4578/35/4 4537/35/4 4579/35/4
f 4537/30/4 4538/30/4 4579/30/4
f 4579/30/4 4539/30/4 4580/30/4
f 4539/33/4 4540/33/4 4581/33/4
f 4580/30/4 4539/30/4 4581/30/4
f 4540/30/4 4541/30/4 4582/30/4
f 4581/33/4 4540/33/4 4582/33/4
f 4582/30/4 4541/30/4 4583/30/4
f 4541/35/4 4497/35/4 4584/35/4
f 4583/30/4 4541/30/4 4584/30/4
f 4584/35/4 4497/35/4 4585/35/4
f 4542/34/4 4543/34/4 4586/34/4
f 4543/36/4 4416/36/4 4586/36/4
f 4586/36/4 4416/36/4 4587/36/4
f 4549/37/4 4550/37/4 4588/37/4
f 4550/37/4 4551/37/4 4588/37/4
f 4551/35/4 4552/35/4 4588/35/4
f 4552/35/4 4503/35/4 4589/35/4
f 4588/35/4 4552/35/4 4589/35/4
f 4466/36/4 4504/36/4 4590/36/4
f 4465/35/4 4466/35/4 4590/35/4
f 4504/35/4 4553/35/4 4591/35/4
f 4590/36/4 4504/36/4 4591/36/4
f 4509/35/4 4436/35/4 4592/35/4
f 4436/33/4 4510/33/4 4593/33/4
f 4592/35/4 4436/35/4 4593/35/4
f 4558/36/4 4559/36/4 4594/36/4
f 4557/35/4 4558/35/4 4594/35/4
f 4559/34/4 4560/34/4 4595/34/4
f 4594/36/4 4559/36/4 4595/36/4
f 4517/36/4 4518/36/4 4596/36/4
f 4562/37/4 4517/37/4 4596/37/4
f 4563/37/4 4564/37/4 4597/37/4
f 4596/36/4 4518/36/4 4597/36/4
f 4518/37/4 4563/37/4 4597/37/4
f 4597/37/4 4564/37/4 4598/37/4
f 4564/34/4 4565/34/4 4599/34/4
f 4598/37/4 4564/37/4 4599/37/4
f 4565/36/4 4520/36/4 4600/36/4
f 4599/34/4 4565/34/4 4600/34/4
f 4566/35/4 4567/35/4 4601/35/4
f 4570/35/4 4571/35/4 4601/35/4
f 4573/35/4 4574/35/4 4601/35/4
f 4520/35/4 4566/35/4 4601/35/4
f 4567/35/4 4568/35/4 4601/35/4
f 4574/35/4 4575/35/4 4601/35/4
f 4572/35/4 4573/35/4 4601/35/4
f 4571/35/4 4572/35/4 4601/35/4
f 4569/35/4 4570/35/4 4601/35/4
f 4568/35/4 4569/35/4 4601/35/4
f 4601/35/4 4575/35/4 4602/35/4
f 4575/35/4 4484/35/4 4603/35/4
f 4602/35/4 4575/35/4 4603/35/4
f 4484/33/4 4576/33/4 4604/33/4
f 4603/35/4 4484/35/4 4604/35/4
f 4576/33/4 4577/33/4 4604/33/4
f 4578/33/4 4579/33/4 4605/33/4
f 4577/35/4 4578/35/4 4605/35/4
f 4579/30/4 4580/30/4 4606/30/4
f 4605/33/4 4579/33/4 4606/33/4
f 4582/33/4 4583/33/4 4607/33/4
f 4606/30/4 4580/30/4 4607/30/4
f 4580/33/4 4581/33/4 4607/33/4
f 4581/33/4 4582/33/4 4607/33/4
f 4607/33/4 4583/33/4 4608/33/4
f 4583/30/4 4584/30/4 4609/30/4
f 4608/33/4 4583/33/4 4609/33/4
f 4584/30/4 4585/30/4 4609/30/4
f 4609/30/4 4585/30/4 4610/30/4
f 4585/35/4 4497/35/4 4611/35/4
f 4610/30/4 4585/30/4 4611/30/4
f 4611/35/4 4497/35/4 4612/35/4
f 4586/34/4 4587/34/4 4613/34/4
f 3611/33/4 4542/33/4 4613/33/4
f 4542/34/4 4586/34/4 4613/34/4
f 4613/34/4 4587/34/4 4614/34/4
f 4587/36/4 4416/36/4 4615/36/4
f 4416/34/4 4544/34/4 4615/34/4
f 4544/36/4 4545/36/4 4616/36/4
f 4615/34/4 4544/34/4 4616/34/4
f 4546/34/4 4547/34/4 4617/34/4
f 4616/36/4 4545/36/4 4617/36/4
f 4545/34/4 4546/34/4 4617/34/4
f 4617/34/4 4547/34/4 4618/34/4
f 4547/39/4 4548/39/4 4619/39/4
f 4618/34/4 4547/34/4 4619/34/4
f 4548/36/4 4499/36/4 4620/36/4
f 4619/39/4 4548/39/4 4620/39/4
f 4499/34/4 4464/34/4 4621/34/4
f 4620/36/4 4499/36/4 4621/36/4
f 4464/35/4 4549/35/4 4622/35/4
f 4621/34/4 4464/34/4 4622/34/4
f 4549/37/4 4588/37/4 4623/37/4
f 4622/35/4 4549/35/4 4623/35/4
f 4588/37/4 4589/37/4 4623/37/4
f 4623/37/4 4589/37/4 4624/37/4
f 4589/35/4 4503/35/4 4625/35/4
f 4428/36/4 4465/36/4 4625/36/4
f 4503/35/4 4428/35/4 4625/35/4
f 4465/35/4 4590/35/4 4626/35/4
f 4625/36/4 4465/36/4 4626/36/4
f 4590/35/4 4591/35/4 4626/35/4
f 4591/35/4 4553/35/4 4627/35/4
f 4626/35/4 4591/35/4 4627/35/4
f 4627/35/4 4553/35/4 4628/35/4
f 4555/35/4 4507/35/4 4629/35/4
f 4507/35/4 4472/35/4 4629/35/4
f 4472/35/4 4434/35/4 4629/35/4
f 4554/35/4 4555/35/4 4629/35/4
f 4434/33/4 4508/33/4 4630/33/4
f 4629/35/4 4434/35/4 4630/35/4
f 4508/37/4 4509/37/4 4631/37/4
f 4630/33/4 4508/33/4 4631/33/4
f 4509/35/4 4592/35/4 4632/35/4
f 4631/37/4 4509/37/4 4632/37/4
f 4592/37/4 4593/37/4 4633/37/4
f 4632/35/4 4592/35/4 4633/35/4
f 4594/35/4 4595/35/4 4634/35/4
f 4557/35/4 4594/35/4 4634/35/4
f 4595/34/4 4560/34/4 4635/34/4
f 4634/35/4 4595/35/4 4635/35/4
f 4561/34/4 4562/34/4 4636/34/4
f 4562/37/4 4596/37/4 4636/37/4
f 4596/35/4 4597/35/4 4637/35/4
f 4636/37/4 4596/37/4 4637/37/4
f 4597/35/4 4598/35/4 4637/35/4
f 4637/35/4 4598/35/4 4638/35/4
f 4598/37/4 4599/37/4 4639/37/4
f 4638/35/4 4598/35/4 4639/35/4
f 4600/36/4 4520/36/4 4640/36/4
f 4520/35/4 4601/35/4 4640/35/4
f 4640/35/4 4601/35/4 4641/35/4
f 4602/35/4 4603/35/4 4642/35/4
f 4642/35/4 4603/35/4 4643/35/4
f 4605/41/4 4606/41/4 4644/41/4
f 4607/41/4 4608/41/4 4644/41/4
f 4577/35/4 4605/35/4 4644/35/4
f 4606/41/4 4607/41/4 4644/41/4
f 4644/41/4 4608/41/4 4645/41/4
f 4645/41/4 4608/41/4 4646/41/4
f 4646/41/4 4608/41/4 4647/41/4
f 4609/33/4 4610/33/4 4648/33/4
f 4647/41/4 4608/41/4 4648/41/4
f 4608/33/4 4609/33/4 4648/33/4
f 4648/33/4 4610/33/4 4649/33/4
f 4649/33/4 4610/33/4 4650/33/4
f 4650/33/4 4610/33/4 4651/33/4
f 4611/30/4 4612/30/4 4652/30/4
f 4651/33/4 4610/33/4 4652/33/4
f 4610/30/4 4611/30/4 4652/30/4
f 4652/30/4 4612/30/4 4653/30/4
f 4612/35/4 4497/35/4 4654/35/4
f 4653/30/4 4612/30/4 4654/30/4
f 4497/33/4 3612/33/4 4655/33/4
f 4654/35/4 4497/35/4 4655/35/4
f 3611/33/4 4613/33/4 4656/33/4
f 4613/33/4 4614/33/4 4656/33/4
f 4614/34/4 4587/34/4 4657/34/4
f 4656/33/4 4614/33/4 4657/33/4
f 4587/36/4 4615/36/4 4658/36/4
f 4657/34/4 4587/34/4 4658/34/4
f 4615/36/4 4616/36/4 4658/36/4
f 4617/36/4 4618/36/4 4658/36/4
f 4616/36/4 4617/36/4 4658/36/4
f 4658/36/4 4618/36/4 4659/36/4
f 4659/36/4 4618/36/4 4660/36/4
f 4618/33/4 4619/33/4 4661/33/4
f 4660/36/4 4618/36/4 4661/36/4
f 4619/33/4 4620/33/4 4661/33/4
f 4623/35/4 4624/35/4 4662/35/4
f 4622/35/4 4623/35/4 4662/35/4
f 4624/37/4 4589/37/4 4663/37/4
f 4662/35/4 4624/35/4 4663/35/4
f 4589/35/4 4625/35/4 4664/35/4
f 4663/37/4 4589/37/4 4664/37/4
f 4626/35/4 4627/35/4 4664/35/4
f 4625/35/4 4626/35/4 4664/35/4
f 4664/35/4 4627/35/4 4665/35/4
f 4554/35/4 4629/35/4 4666/35/4
f 4553/33/4 4554/33/4 4666/33/4
f 4666/35/4 4629/35/4 4667/35/4
f 4630/33/4 4631/33/4 4668/33/4
f 4629/37/4 4630/37/4 4668/37/4
f 4631/33/4 4632/33/4 4668/33/4
f 4668/33/4 4632/33/4 4669/33/4
f 4635/34/4 4560/34/4 4670/34/4
f 4634/34/4 4635/34/4 4670/34/4
f 4560/37/4 4561/37/4 4670/37/4
f 4670/37/4 4561/37/4 4671/37/4
f 4599/35/4 4600/35/4 4672/35/4
f 4600/36/4 4640/36/4 4672/36/4
f 4672/36/4 4640/36/4 4673/36/4
f 4673/36/4 4640/36/4 4674/36/4
f 4640/34/4 4641/34/4 4675/34/4
f 4674/36/4 4640/36/4 4675/36/4
f 4643/35/4 4603/35/4 4676/35/4
f 4642/34/4 4643/34/4 4676/34/4
f 4676/35/4 4603/35/4 4677/35/4
f 4603/37/4 4604/37/4 4678/37/4
f 4677/35/4 4603/35/4 4678/35/4
f 4604/33/4 4577/33/4 4679/33/4
f 4678/37/4 4604/37/4 4679/37/4
f 4644/35/4 4645/35/4 4680/35/4
f 4645/34/4 4646/34/4 4680/34/4
f 4646/32/4 4647/32/4 4681/32/4
f 4680/34/4 4646/34/4 4681/34/4
f 4648/34/4 4649/34/4 4682/34/4
f 4647/34/4 4648/34/4 4682/34/4
f 4649/41/4 4650/41/4 4682/41/4
f 4650/40/4 4651/40/4 4683/40/4
f 4682/41/4 4650/41/4 4683/41/4
f 4683/40/4 4651/40/4 4684/40/4
f 4651/33/4 4652/33/4 4685/33/4
f 4684/40/4 4651/40/4 4685/40/4
f 4652/33/4 4653/33/4 4685/33/4
f 4653/30/4 4654/30/4 4686/30/4
f 4685/33/4 4653/33/4 4686/33/4
f 4654/30/4 4655/30/4 4686/30/4
f 4686/30/4 4655/30/4 4687/30/4
f 4656/36/4 4657/36/4 4688/36/4
f 4657/34/4 4658/34/4 4688/34/4
f 4658/33/4 4659/33/4 4689/33/4
f 4688/34/4 4658/34/4 4689/34/4
f 4659/36/4 4660/36/4 4690/36/4
f 4689/33/4 4659/33/4 4690/33/4
f 4690/36/4 4660/36/4 4691/36/4
f 4691/36/4 4660/36/4 4692/36/4
f 4660/33/4 4661/33/4 4693/33/4
f 4692/36/4 4660/36/4 4693/36/4
f 4661/33/4 4620/33/4 4694/33/4
f 4693/33/4 4661/33/4 4694/33/4
f 4665/35/4 4627/35/4 4695/35/4
f 4627/33/4 4628/33/4 4695/33/4
f 4628/35/4 4553/35/4 4696/35/4
f 4695/33/4 4628/33/4 4696/33/4
f 4666/33/4 4667/33/4 4697/33/4
f 4696/35/4 4553/35/4 4697/35/4
f 4553/33/4 4666/33/4 4697/33/4
f 4667/35/4 4629/35/4 4698/35/4
f 4697/33/4 4667/33/4 4698/33/4
f 4698/35/4 4629/35/4 4699/35/4
f 4699/35/4 4629/35/4 4700/35/4
f 4669/33/4 4632/33/4 4701/33/4
f 4668/37/4 4669/37/4 4701/37/4
f 4632/37/4 4633/37/4 4702/37/4
f 4701/33/4 4632/33/4 4702/33/4
f 4633/37/4 4593/37/4 4703/37/4
f 4702/37/4 4633/37/4 4703/37/4
f 4593/33/4 4510/33/4 4703/33/4
f 4510/34/4 4556/34/4 4704/34/4
f 4703/33/4 4510/33/4 4704/33/4
f 4556/36/4 4557/36/4 4705/36/4
f 4704/34/4 4556/34/4 4705/34/4
f 4557/35/4 4634/35/4 4706/35/4
f 4705/36/4 4557/36/4 4706/36/4
f 4634/34/4 4670/34/4 4707/34/4
f 4670/35/4 4671/35/4 4708/35/4
f 4707/34/4 4670/34/4 4708/34/4
f 4671/37/4 4561/37/4 4709/37/4
f 4708/35/4 4671/35/4 4709/35/4
f 4561/34/4 4636/34/4 4710/34/4
f 4709/37/4 4561/37/4 4710/37/4
f 4637/35/4 4638/35/4 4711/35/4
f 4710/34/4 4636/34/4 4711/34/4
f 4636/35/4 4637/35/4 4711/35/4
f 4601/33/4 4602/33/4 4712/33/4
f 4641/35/4 4601/35/4 4712/35/4
f 4602/35/4 4642/35/4 4713/35/4
f 4712/33/4 4602/33/4 4713/33/4
f 4713/35/4 4642/35/4 4714/35/4
f 4676/34/4 4677/34/4 4715/34/4
f 4714/35/4 4642/35/4 4715/35/4
f 4642/34/4 4676/34/4 4715/34/4
f 4715/34/4 4677/34/4 4716/34/4
f 4716/34/4 4677/34/4 4717/34/4
f 4677/35/4 4678/35/4 4718/35/4
f 4717/34/4 4677/34/4 4718/34/4
f 4718/35/4 4678/35/4 4719/35/4
f 4719/35/4 4678/35/4 4720/35/4
f 4720/35/4 4678/35/4 4721/35/4
f 4678/33/4 4679/33/4 4722/33/4
f 4721/35/4 4678/35/4 4722/35/4
f 4679/33/4 4577/33/4 4723/33/4
f 4722/33/4 4679/33/4 4723/33/4
f 4644/35/4 4680/35/4 4724/35/4
f 4723/33/4 4577/33/4 4724/33/4
f 4577/35/4 4644/35/4 4724/35/4
f 4681/32/4 4647/32/4 4725/32/4
f 4680/32/4 4681/32/4 4725/32/4
f 4647/34/4 4682/34/4 4726/34/4
f 4725/32/4 4647/32/4 4726/32/4
f 4683/34/4 4684/34/4 4726/34/4
f 4682/34/4 4683/34/4 4726/34/4
f 4726/34/4 4684/34/4 4727/34/4
f 4727/34/4 4684/34/4 4728/34/4
f 4728/34/4 4684/34/4 4729/34/4
f 4729/34/4 4684/34/4 4730/34/4
f 4684/33/4 4685/33/4 4731/33/4
f 4730/34/4 4684/34/4 4731/34/4
f 4686/41/4 4687/41/4 4732/41/4
f 4731/33/4 4685/33/4 4732/33/4
f 4685/41/4 4686/41/4 4732/41/4
f 4687/30/4 4655/30/4 4733/30/4
f 4732/41/4 4687/41/4 4733/41/4
f 4688/33/4 4689/33/4 4734/33/4
f 4656/36/4 4688/36/4 4734/36/4
f 4690/33/4 4691/33/4 4734/33/4
f 4689/33/4 4690/33/4 4734/33/4
f 4734/33/4 4691/33/4 4735/33/4
f 4693/34/4 4694/34/4 4736/34/4
f 4692/34/4 4693/34/4 4736/34/4
f 4694/33/4 4620/33/4 4737/33/4
f 4736/34/4 4694/34/4 4737/34/4
f 4620/39/4 4621/39/4 4738/39/4
f 4737/33/4 4620/33/4 4738/33/4
f 4621/36/4 4622/36/4 4739/36/4
f 4738/39/4 4621/39/4 4739/39/4
f 4622/35/4 4662/35/4 4740/35/4
f 4739/36/4 4622/36/4 4740/36/4
f 4665/35/4 4695/35/4 4741/35/4
f 4662/37/4 4663/37/4 4741/37/4
f 4696/35/4 4697/35/4 4741/35/4
f 4664/37/4 4665/37/4 4741/37/4
f 4695/35/4 4696/35/4 4741/35/4
f 4663/37/4 4664/37/4 4741/37/4
f 4741/35/4 4697/35/4 4742/35/4
f 4742/35/4 4697/35/4 4743/35/4
f 4743/35/4 4697/35/4 4744/35/4
f 4698/35/4 4699/35/4 4745/35/4
f 4699/37/4 4700/37/4 4745/37/4
f 4700/35/4 4629/35/4 4746/35/4
f 4745/37/4 4700/37/4 4746/37/4
f 4701/37/4 4702/37/4 4747/37/4
f 4746/35/4 4629/35/4 4747/35/4
f 4703/37/4 4704/37/4 4747/37/4
f 4702/37/4 4703/37/4 4747/37/4
f 4668/37/4 4701/37/4 4747/37/4
f 4629/37/4 4668/37/4 4747/37/4
f 4705/35/4 4706/35/4 4748/35/4
f 4706/35/4 4634/35/4 4748/35/4
f 4634/34/4 4707/34/4 4749/34/4
f 4748/35/4 4634/35/4 4749/35/4
f 4707/35/4 4708/35/4 4750/35/4
f 4749/34/4 4707/34/4 4750/34/4
f 4709/35/4 4710/35/4 4750/35/4
f 4708/35/4 4709/35/4 4750/35/4
f 4710/35/4 4711/35/4 4750/35/4
f 4750/35/4 4711/35/4 4751/35/4
f 4711/35/4 4638/35/4 4752/35/4
f 4751/35/4 4711/35/4 4752/35/4
f 4752/35/4 4638/35/4 4753/35/4
f 4638/34/4 4639/34/4 4754/34/4
f 4753/35/4 4638/35/4 4754/35/4
f 4674/35/4 4675/35/4 4755/35/4
f 4673/36/4 4674/36/4 4755/36/4
f 4675/34/4 4641/34/4 4756/34/4
f 4755/35/4 4675/35/4 4756/35/4
f 4713/35/4 4714/35/4 4757/35/4
f 4712/35/4 4713/35/4 4757/35/4
f 4714/33/4 4715/33/4 4758/33/4
f 4757/35/4 4714/35/4 4758/35/4
f 4715/34/4 4716/34/4 4759/34/4
f 4759/34/4 4716/34/4 4760/34/4
f 4716/33/4 4717/33/4 4761/33/4
f 4718/34/4 4719/34/4 4761/34/4
f 4717/34/4 4718/34/4 4761/34/4
f 4719/35/4 4720/35/4 4762/35/4
f 4761/34/4 4719/34/4 4762/34/4
f 4722/37/4 4723/37/4 4763/37/4
f 4721/35/4 4722/35/4 4763/35/4
f 4723/35/4 4724/35/4 4764/35/4
f 4763/37/4 4723/37/4 4764/37/4
f 4764/35/4 4724/35/4 4765/35/4
f 4765/35/4 4724/35/4 4766/35/4
f 4728/39/4 4729/39/4 4767/39/4
f 4727/33/4 4728/33/4 4767/33/4
f 4729/38/4 4730/38/4 4768/38/4
f 4767/39/4 4729/39/4 4768/39/4
f 4732/33/4 4733/33/4 4769/33/4
f 4768/38/4 4730/38/4 4769/38/4
f 4731/33/4 4732/33/4 4769/33/4
f 4730/33/4 4731/33/4 4769/33/4
f 4769/33/4 4733/33/4 4770/33/4
f 4770/33/4 4733/33/4 4771/33/4
f 4656/36/4 4734/36/4 4772/36/4
f 4734/39/4 4735/39/4 4772/39/4
f 4735/33/4 4691/33/4 4773/33/4
f 4772/39/4 4735/39/4 4773/39/4
f 4773/33/4 4691/33/4 4774/33/4
f 4691/36/4 4692/36/4 4775/36/4
f 4774/33/4 4691/33/4 4775/33/4
f 4744/35/4 4697/35/4 4776/35/4
f 4743/37/4 4744/37/4 4776/37/4
f 4776/35/4 4697/35/4 4777/35/4
f 4697/37/4 4698/37/4 4778/37/4
f 4777/35/4 4697/35/4 4778/35/4
f 4745/35/4 4746/35/4 4779/35/4
f 4778/37/4 4698/37/4 4779/37/4
f 4698/35/4 4745/35/4 4779/35/4
f 4751/35/4 4752/35/4 4780/35/4
f 4780/35/4 4752/35/4 4781/35/4
f 4754/34/4 4639/34/4 4782/34/4
f 4753/37/4 4754/37/4 4782/37/4
f 4639/37/4 4599/37/4 4783/37/4
f 4782/34/4 4639/34/4 4783/34/4
f 4599/35/4 4672/35/4 4784/35/4
f 4672/34/4 4673/34/4 4784/34/4
f 4673/36/4 4755/36/4 4785/36/4
f 4784/34/4 4673/34/4 4785/34/4
f 4755/34/4 4756/34/4 4786/34/4
f 4785/36/4 4755/36/4 4786/36/4
f 4756/34/4 4641/34/4 4787/34/4
f 4786/34/4 4756/34/4 4787/34/4
f 4641/35/4 4712/35/4 4788/35/4
f 4787/34/4 4641/34/4 4788/34/4
f 4712/35/4 4757/35/4 4788/35/4
f 4788/35/4 4757/35/4 4789/35/4
f 4760/34/4 4716/34/4 4790/34/4
f 4759/33/4 4760/33/4 4790/33/4
f 4716/33/4 4761/33/4 4791/33/4
f 4790/34/4 4716/34/4 4791/34/4
f 4761/35/4 4762/35/4 4792/35/4
f 4791/33/4 4761/33/4 4792/33/4
f 4792/35/4 4762/35/4 4793/35/4
f 4762/35/4 4720/35/4 4794/35/4
f 4793/35/4 4762/35/4 4794/35/4
f 4720/33/4 4721/33/4 4795/33/4
f 4794/35/4 4720/35/4 4795/35/4
f 4763/35/4 4764/35/4 4796/35/4
f 4795/33/4 4721/33/4 4796/33/4
f 4721/35/4 4763/35/4 4796/35/4
f 4796/35/4 4764/35/4 4797/35/4
f 4764/37/4 4765/37/4 4798/37/4
f 4797/35/4 4764/35/4 4798/35/4
f 4766/35/4 4724/35/4 4799/35/4
f 4724/35/4 4680/35/4 4799/35/4
f 4680/32/4 4725/32/4 4800/32/4
f 4799/35/4 4680/35/4 4800/35/4
f 4726/34/4 4727/34/4 4801/34/4
f 4800/32/4 4725/32/4 4801/32/4
f 4725/34/4 4726/34/4 4801/34/4
f 4767/34/4 4768/34/4 4802/34/4
f 4768/33/4 4769/33/4 4803/33/4
f 4802/34/4 4768/34/4 4803/34/4
f 4769/33/4 4770/33/4 4803/33/4
f 4770/42/4 4771/42/4 4804/42/4
f 4803/33/4 4770/33/4 4804/33/4
f 4771/33/4 4733/33/4 4805/33/4
f 4804/42/4 4771/42/4 4805/42/4
f 4805/33/4 4733/33/4 4806/33/4
f 4692/34/4 4736/34/4 4807/34/4
f 4775/36/4 4692/36/4 4807/36/4
f 4774/36/4 4775/36/4 4807/36/4
f 4738/33/4 4739/33/4 4808/33/4
f 4807/34/4 4736/34/4 4808/34/4
f 4736/33/4 4737/33/4 4808/33/4
f 4737/33/4 4738/33/4 4808/33/4
f 4808/33/4 4739/33/4 4809/33/4
f 4809/33/4 4739/33/4 4810/33/4
f 4739/39/4 4740/39/4 4811/39/4
f 4810/33/4 4739/33/4 4811/33/4
f 4740/35/4 4662/35/4 4812/35/4
f 4811/39/4 4740/39/4 4812/39/4
f 4741/37/4 4742/37/4 4813/37/4
f 4812/35/4 4662/35/4 4813/35/4
f 4662/37/4 4741/37/4 4813/37/4
f 4813/37/4 4742/37/4 4814/37/4
f 4743/37/4 4776/37/4 4815/37/4
f 4742/35/4 4743/35/4 4815/35/4
f 4776/37/4 4777/37/4 4815/37/4
f 4815/37/4 4777/37/4 4816/37/4
f 4777/35/4 4778/35/4 4817/35/4
f 4778/35/4 4779/35/4 4817/35/4
f 4779/35/4 4746/35/4 4818/35/4
f 4817/35/4 4779/35/4 4818/35/4
f 4818/35/4 4746/35/4 4819/35/4
f 4746/37/4 4747/37/4 4820/37/4
f 4819/35/4 4746/35/4 4820/35/4
f 4747/37/4 4704/37/4 4821/37/4
f 4820/37/4 4747/37/4 4821/37/4
f 4750/34/4 4751/34/4 4822/34/4
f 4748/34/4 4749/34/4 4822/34/4
f 4749/34/4 4750/34/4 4822/34/4
f 4822/34/4 4751/34/4 4823/34/4
f 4751/35/4 4780/35/4 4824/35/4
f 4823/34/4 4751/34/4 4824/34/4
f 4780/37/4 4781/37/4 4825/37/4
f 4824/35/4 4780/35/4 4825/35/4
f 4781/35/4 4752/35/4 4826/35/4
f 4825/37/4 4781/37/4 4826/37/4
f 4599/35/4 4784/35/4 4827/35/4
f 4783/37/4 4599/37/4 4827/37/4
f 4784/33/4 4785/33/4 4828/33/4
f 4827/35/4 4784/35/4 4828/35/4
f 4786/35/4 4787/35/4 4829/35/4
f 4828/33/4 4785/33/4 4829/33/4
f 4785/35/4 4786/35/4 4829/35/4
f 4758/33/4 4715/33/4 4830/33/4
f 4757/37/4 4758/37/4 4830/37/4
f 4830/33/4 4715/33/4 4831/33/4
f 4715/34/4 4759/34/4 4832/34/4
f 4831/33/4 4715/33/4 4832/33/4
f 4790/33/4 4791/33/4 4833/33/4
f 4832/34/4 4759/34/4 4833/34/4
f 4759/33/4 4790/33/4 4833/33/4
f 4792/35/4 4793/35/4 4834/35/4
f 4833/33/4 4791/33/4 4834/33/4
f 4791/35/4 4792/35/4 4834/35/4
f 4793/37/4 4794/37/4 4835/37/4
f 4834/35/4 4793/35/4 4835/35/4
f 4796/35/4 4797/35/4 4836/35/4
f 4795/35/4 4796/35/4 4836/35/4
f 4794/35/4 4795/35/4 4836/35/4
f 4797/37/4 4798/37/4 4837/37/4
f 4836/35/4 4797/35/4 4837/35/4
f 4798/37/4 4765/37/4 4838/37/4
f 4837/37/4 4798/37/4 4838/37/4
f 4765/33/4 4766/33/4 4838/33/4
f 4838/33/4 4766/33/4 4839/33/4
f 4766/35/4 4799/35/4 4840/35/4
f 4799/32/4 4800/32/4 4841/32/4
f 4840/35/4 4799/35/4 4841/35/4
f 4803/33/4 4804/33/4 4842/33/4
f 4804/33/4 4805/33/4 4842/33/4
f 4802/33/4 4803/33/4 4842/33/4
f 4767/34/4 4802/34/4 4842/34/4
f 4842/33/4 4805/33/4 4843/33/4
f 4843/33/4 4805/33/4 4844/33/4
f 4844/33/4 4805/33/4 4845/33/4
f 4845/33/4 4805/33/4 4846/33/4
f 4805/34/4 4806/34/4 4847/34/4
f 4846/33/4 4805/33/4 4847/33/4
f 4806/33/4 4733/33/4 4848/33/4
f 4848/33/4 4733/33/4 4849/33/4
f 4849/33/4 4733/33/4 4850/33/4
f 4772/36/4 4773/36/4 4851/36/4
f 4773/39/4 4774/39/4 4851/39/4
f 4774/36/4 4807/36/4 4852/36/4
f 4851/39/4 4774/39/4 4852/39/4
f 4852/36/4 4807/36/4 4853/36/4
f 4807/33/4 4808/33/4 4854/33/4
f 4853/36/4 4807/36/4 4854/36/4
f 4808/36/4 4809/36/4 4855/36/4
f 4854/33/4 4808/33/4 4855/33/4
f 4814/37/4 4742/37/4 4856/37/4
f 4813/35/4 4814/35/4 4856/35/4
f 4856/37/4 4742/37/4 4857/37/4
f 4815/35/4 4816/35/4 4858/35/4
f 4742/35/4 4815/35/4 4858/35/4
f 4858/35/4 4816/35/4 4859/35/4
f 4819/37/4 4820/37/4 4860/37/4
f 4818/35/4 4819/35/4 4860/35/4
f 4820/35/4 4821/35/4 4861/35/4
f 4860/37/4 4820/37/4 4861/37/4
f 4861/35/4 4821/35/4 4862/35/4
f 4821/37/4 4704/37/4 4863/37/4
f 4862/35/4 4821/35/4 4863/35/4
f 4704/34/4 4705/34/4 4864/34/4
f 4863/37/4 4704/37/4 4864/37/4
f 4824/34/4 4825/34/4 4865/34/4
f 4825/35/4 4826/35/4 4865/35/4
f 4823/34/4 4824/34/4 4865/34/4
f 4826/35/4 4752/35/4 4866/35/4
f 4865/35/4 4826/35/4 4866/35/4
f 4752/34/4 4753/34/4 4866/34/4
f 4866/34/4 4753/34/4 4867/34/4
f 4827/34/4 4828/34/4 4868/34/4
f 4783/37/4 4827/37/4 4868/37/4
f 4828/35/4 4829/35/4 4869/35/4
f 4868/34/4 4828/34/4 4869/34/4
f 4787/34/4 4788/34/4 4870/34/4
f 4788/34/4 4789/34/4 4870/34/4
f 4789/35/4 4757/35/4 4871/35/4
f 4870/34/4 4789/34/4 4871/34/4
f 4830/35/4 4831/35/4 4872/35/4
f 4757/37/4 4830/37/4 4872/37/4
f 4832/33/4 4833/33/4 4873/33/4
f 4872/35/4 4831/35/4 4873/35/4
f 4831/33/4 4832/33/4 4873/33/4
f 4833/33/4 4834/33/4 4873/33/4
f 4873/33/4 4834/33/4 4874/33/4
f 4874/33/4 4834/33/4 4875/33/4
f 4875/33/4 4834/33/4 4876/33/4
f 4834/37/4 4835/37/4 4877/37/4
f 4876/33/4 4834/33/4 4877/33/4
f 4835/37/4 4794/37/4 4878/37/4
f 4877/37/4 4835/37/4 4878/37/4
f 4794/35/4 4836/35/4 4878/35/4
f 4838/35/4 4839/35/4 4879/35/4
f 4837/37/4 4838/37/4 4879/37/4
f 4839/33/4 4766/33/4 4880/33/4
f 4879/35/4 4839/35/4 4880/35/4
f 4766/35/4 4840/35/4 4881/35/4
f 4880/33/4 4766/33/4 4881/33/4
f 4841/32/4 4800/32/4 4882/32/4
f 4840/34/4 4841/34/4 4882/34/4
f 4800/34/4 4801/34/4 4883/34/4
f 4882/32/4 4800/32/4 4883/32/4
f 4801/34/4 4727/34/4 4884/34/4
f 4883/34/4 4801/34/4 4884/34/4
f 4727/33/4 4767/33/4 4885/33/4
f 4884/34/4 4727/34/4 4885/34/4
f 4767/34/4 4842/34/4 4886/34/4
f 4885/33/4 4767/33/4 4886/33/4
f 4842/34/4 4843/34/4 4886/34/4
f 4843/33/4 4844/33/4 4887/33/4
f 4844/42/4 4845/42/4 4887/42/4
f 4845/33/4 4846/33/4 4888/33/4
f 4887/42/4 4845/42/4 4888/42/4
f 4806/33/4 4848/33/4 4889/33/4
f 4848/41/4 4849/41/4 4889/41/4
f 4849/40/4 4850/40/4 4890/40/4
f 4889/41/4 4849/41/4 4890/41/4
f 4850/33/4 4733/33/4 4891/33/4
f 4890/40/4 4850/40/4 4891/40/4
f 4733/30/4 4655/30/4 4892/30/4
f 4891/33/4 4733/33/4 4892/33/4
f 4810/33/4 4811/33/4 4893/33/4
f 4811/33/4 4812/33/4 4893/33/4
f 4812/39/4 4813/39/4 4894/39/4
f 4893/33/4 4812/33/4 4894/33/4
f 4813/35/4 4856/35/4 4895/35/4
f 4894/39/4 4813/39/4 4895/39/4
f 4856/35/4 4857/35/4 4895/35/4
f 4895/35/4 4857/35/4 4896/35/4
f 4742/35/4 4858/35/4 4897/35/4
f 4897/35/4 4858/35/4 4898/35/4
f 4816/37/4 4777/37/4 4899/37/4
f 4859/35/4 4816/35/4 4899/35/4
f 4777/35/4 4817/35/4 4900/35/4
f 4899/37/4 4777/37/4 4900/37/4
f 4817/37/4 4818/37/4 4901/37/4
f 4900/35/4 4817/35/4 4901/35/4
f 4901/37/4 4818/37/4 4902/37/4
f 4861/35/4 4862/35/4 4903/35/4
f 4860/35/4 4861/35/4 4903/35/4
f 4862/37/4 4863/37/4 4904/37/4
f 4903/35/4 4862/35/4 4904/35/4
f 4863/35/4 4864/35/4 4905/35/4
f 4905/35/4 4864/35/4 4906/35/4
f 4864/34/4 4705/34/4 4907/34/4
f 4906/35/4 4864/35/4 4907/35/4
f 4705/35/4 4748/35/4 4908/35/4
f 4907/34/4 4705/34/4 4908/34/4
f 4748/34/4 4822/34/4 4909/34/4
f 4908/35/4 4748/35/4 4909/35/4
f 4822/35/4 4823/35/4 4910/35/4
f 4909/34/4 4822/34/4 4910/34/4
f 4823/34/4 4865/34/4 4911/34/4
f 4910/35/4 4823/35/4 4911/35/4
f 4782/35/4 4783/35/4 4912/35/4
f 4783/37/4 4868/37/4 4912/37/4
f 4868/33/4 4869/33/4 4913/33/4
f 4912/37/4 4868/37/4 4913/37/4
f 4787/34/4 4870/34/4 4914/34/4
f 4870/35/4 4871/35/4 4914/35/4
f 4871/35/4 4757/35/4 4915/35/4
f 4914/35/4 4871/35/4 4915/35/4
f 4757/37/4 4872/37/4 4916/37/4
f 4915/35/4 4757/35/4 4916/35/4
f 4875/33/4 4876/33/4 4917/33/4
f 4874/35/4 4875/35/4 4917/35/4
f 4876/35/4 4877/35/4 4918/35/4
f 4917/33/4 4876/33/4 4918/33/4
f 4877/35/4 4878/35/4 4918/35/4
f 4918/35/4 4878/35/4 4919/35/4
f 4919/35/4 4878/35/4 4920/35/4
f 4879/37/4 4880/37/4 4921/37/4
f 4880/34/4 4881/34/4 4921/34/4
f 4881/35/4 4840/35/4 4922/35/4
f 4921/34/4 4881/34/4 4922/34/4
f 4922/35/4 4840/35/4 4923/35/4
f 4882/34/4 4883/34/4 4924/34/4
f 4883/34/4 4884/34/4 4924/34/4
f 4884/33/4 4885/33/4 4925/33/4
f 4924/34/4 4884/34/4 4925/34/4
f 4890/33/4 4891/33/4 4926/33/4
f 4889/33/4 4890/33/4 4926/33/4
f 4891/30/4 4892/30/4 4927/30/4
f 4926/33/4 4891/33/4 4927/33/4
f 4852/39/4 4853/39/4 4928/39/4
f 4851/36/4 4852/36/4 4928/36/4
f 4854/36/4 4855/36/4 4929/36/4
f 4928/39/4 4853/39/4 4929/39/4
f 4853/36/4 4854/36/4 4929/36/4
f 4929/36/4 4855/36/4 4930/36/4
f 4860/35/4 4903/35/4 4931/35/4
f 4903/33/4 4904/33/4 4931/33/4
f 4904/37/4 4863/37/4 4932/37/4
f 4931/33/4 4904/33/4 4932/33/4
f 4932/37/4 4863/37/4 4933/37/4
f 4911/34/4 4865/34/4 4934/34/4
f 4910/34/4 4911/34/4 4934/34/4
f 4934/34/4 4865/34/4 4935/34/4
f 4867/34/4 4753/34/4 4936/34/4
f 4865/37/4 4866/37/4 4936/37/4
f 4866/37/4 4867/37/4 4936/37/4
f 4753/37/4 4782/37/4 4937/37/4
f 4936/34/4 4753/34/4 4937/34/4
f 4782/35/4 4912/35/4 4938/35/4
f 4937/37/4 4782/37/4 4938/37/4
f 4912/35/4 4913/35/4 4938/35/4
f 4938/35/4 4913/35/4 4939/35/4
f 4913/33/4 4869/33/4 4940/33/4
f 4939/35/4 4913/35/4 4940/35/4
f 4869/35/4 4829/35/4 4941/35/4
f 4940/33/4 4869/33/4 4941/33/4
f 4829/35/4 4787/35/4 4942/35/4
f 4941/35/4 4829/35/4 4942/35/4
f 4942/35/4 4787/35/4 4943/35/4
f 4914/34/4 4915/34/4 4944/34/4
f 4943/35/4 4787/35/4 4944/35/4
f 4787/34/4 4914/34/4 4944/34/4
f 4874/35/4 4917/35/4 4945/35/4
f 4917/35/4 4918/35/4 4945/35/4
f 4918/35/4 4919/35/4 4945/35/4
f 4945/35/4 4919/35/4 4946/35/4
f 4946/35/4 4919/35/4 4947/35/4
f 4919/37/4 4920/37/4 4948/37/4
f 4947/35/4 4919/35/4 4948/35/4
f 4920/35/4 4878/35/4 4949/35/4
f 4948/37/4 4920/37/4 4949/37/4
f 4836/33/4 4837/33/4 4950/33/4
f 4837/37/4 4879/37/4 4951/37/4
f 4950/33/4 4837/33/4 4951/33/4
f 4879/37/4 4921/37/4 4951/37/4
f 4921/35/4 4922/35/4 4952/35/4
f 4922/33/4 4923/33/4 4952/33/4
f 4923/35/4 4840/35/4 4953/35/4
f 4952/33/4 4923/33/4 4953/33/4
f 4847/34/4 4806/34/4 4954/34/4
f 4846/34/4 4847/34/4 4954/34/4
f 4889/33/4 4926/33/4 4955/33/4
f 4954/34/4 4806/34/4 4955/34/4
f 4806/33/4 4889/33/4 4955/33/4
f 4955/33/4 4926/33/4 4956/33/4
f 4956/33/4 4926/33/4 4957/33/4
f 4927/30/4 4892/30/4 4958/30/4
f 4926/30/4 4927/30/4 4958/30/4
f 4892/30/4 4655/30/4 4959/30/4
f 4958/30/4 4892/30/4 4959/30/4
f 4655/33/4 3612/33/4 4959/33/4
f 4930/36/4 4855/36/4 4960/36/4
f 4929/39/4 4930/39/4 4960/39/4
f 4855/36/4 4809/36/4 4961/36/4
f 4960/36/4 4855/36/4 4961/36/4
f 4809/34/4 4810/34/4 4962/34/4
f 4961/36/4 4809/36/4 4962/36/4
f 4810/33/4 4893/33/4 4963/33/4
f 4962/34/4 4810/34/4 4963/34/4
f 4893/41/4 4894/41/4 4964/41/4
f 4963/33/4 4893/33/4 4964/33/4
f 4894/33/4 4895/33/4 4965/33/4
f 4964/41/4 4894/41/4 4965/41/4
f 4895/39/4 4896/39/4 4966/39/4
f 4965/33/4 4895/33/4 4966/33/4
f 4896/35/4 4857/35/4 4967/35/4
f 4966/39/4 4896/39/4 4967/39/4
f 4857/37/4 4742/37/4 4968/37/4
f 4967/35/4 4857/35/4 4968/35/4
f 4742/35/4 4897/35/4 4969/35/4
f 4968/37/4 4742/37/4 4969/37/4
f 4897/37/4 4898/37/4 4970/37/4
f 4969/35/4 4897/35/4 4970/35/4
f 4898/35/4 4858/35/4 4971/35/4
f 4970/37/4 4898/37/4 4971/37/4
f 4901/33/4 4902/33/4 4972/33/4
f 4899/35/4 4900/35/4 4972/35/4
f 4900/35/4 4901/35/4 4972/35/4
f 4902/37/4 4818/37/4 4973/37/4
f 4972/33/4 4902/33/4 4973/33/4
f 4905/37/4 4906/37/4 4974/37/4
f 4863/35/4 4905/35/4 4974/35/4
f 4909/35/4 4910/35/4 4975/35/4
f 4974/37/4 4906/37/4 4975/37/4
f 4907/35/4 4908/35/4 4975/35/4
f 4906/35/4 4907/35/4 4975/35/4
f 4908/35/4 4909/35/4 4975/35/4
f 4975/35/4 4910/35/4 4976/35/4
f 4976/35/4 4910/35/4 4977/35/4
f 4934/35/4 4935/35/4 4978/35/4
f 4910/34/4 4934/34/4 4978/34/4
f 4935/34/4 4865/34/4 4979/34/4
f 4978/35/4 4935/35/4 4979/35/4
f 4865/37/4 4936/37/4 4980/37/4
f 4936/33/4 4937/33/4 4980/33/4
f 4937/35/4 4938/35/4 4981/35/4
f 4980/33/4 4937/33/4 4981/33/4
f 4944/34/4 4915/34/4 4982/34/4
f 4915/37/4 4916/37/4 4982/37/4
f 4916/37/4 4872/37/4 4983/37/4
f 4982/37/4 4916/37/4 4983/37/4
f 4872/33/4 4873/33/4 4983/33/4
f 4873/33/4 4874/33/4 4983/33/4
f 4874/35/4 4945/35/4 4984/35/4
f 4983/33/4 4874/33/4 4984/33/4
f 4949/35/4 4878/35/4 4985/35/4
f 4948/35/4 4949/35/4 4985/35/4
f 4878/35/4 4836/35/4 4986/35/4
f 4985/35/4 4878/35/4 4986/35/4
f 4836/33/4 4950/33/4 4987/33/4
f 4986/35/4 4836/35/4 4987/35/4
f 4950/35/4 4951/35/4 4988/35/4
f 4987/33/4 4950/33/4 4988/33/4
f 4843/33/4 4887/33/4 4989/33/4
f 4886/34/4 4843/34/4 4989/34/4
f 4885/34/4 4886/34/4 4989/34/4
f 4887/33/4 4888/33/4 4989/33/4
f 4989/33/4 4888/33/4 4990/33/4
f 4957/33/4 4926/33/4 4991/33/4
f 4926/30/4 4958/30/4 4992/30/4
f 4991/33/4 4926/33/4 4992/33/4
f 4960/39/4 4961/39/4 4993/39/4
f 4929/39/4 4960/39/4 4993/39/4
f 4928/36/4 4929/36/4 4993/36/4
f 4993/39/4 4961/39/4 4994/39/4
f 4965/33/4 4966/33/4 4995/33/4
f 4962/36/4 4963/36/4 4995/36/4
f 4966/33/4 4967/33/4 4995/33/4
f 4961/36/4 4962/36/4 4995/36/4
f 4963/33/4 4964/33/4 4995/33/4
f 4964/33/4 4965/33/4 4995/33/4
f 4967/33/4 4968/33/4 4995/33/4
f 4995/33/4 4968/33/4 4996/33/4
f 4899/35/4 4972/35/4 4997/35/4
f 4858/33/4 4859/33/4 4997/33/4
f 4859/35/4 4899/35/4 4997/35/4
f 4972/35/4 4973/35/4 4997/35/4
f 4997/35/4 4973/35/4 4998/35/4
f 4973/37/4 4818/37/4 4999/37/4
f 4998/35/4 4973/35/4 4999/35/4
f 4818/35/4 4860/35/4 5000/35/4
f 4999/37/4 4818/37/4 5000/37/4
f 4860/35/4 4931/35/4 5000/35/4
f 4931/35/4 4932/35/4 5000/35/4
f 4932/35/4 4933/35/4 5000/35/4
f 5000/35/4 4933/35/4 5001/35/4
f 5001/35/4 4933/35/4 5002/35/4
f 4933/37/4 4863/37/4 5003/37/4
f 5002/35/4 4933/35/4 5003/35/4
f 4863/35/4 4974/35/4 5004/35/4
f 5003/37/4 4863/37/4 5004/37/4
f 4975/35/4 4976/35/4 5004/35/4
f 4974/35/4 4975/35/4 5004/35/4
f 4979/34/4 4865/34/4 5005/34/4
f 4978/37/4 4979/37/4 5005/37/4
f 4865/37/4 4980/37/4 5006/37/4
f 5005/34/4 4865/34/4 5006/34/4
f 4938/37/4 4939/37/4 5007/37/4
f 4981/35/4 4938/35/4 5007/35/4
f 4980/35/4 4981/35/4 5007/35/4
f 4939/33/4 4940/33/4 5008/33/4
f 5007/37/4 4939/37/4 5008/37/4
f 4940/35/4 4941/35/4 5009/35/4
f 5008/33/4 4940/33/4 5009/33/4
f 4944/34/4 4982/34/4 5010/34/4
f 4983/35/4 4984/35/4 5011/35/4
f 5010/34/4 4982/34/4 5011/34/4
f 4982/35/4 4983/35/4 5011/35/4
f 5011/35/4 4984/35/4 5012/35/4
f 5012/35/4 4984/35/4 5013/35/4
f 5013/35/4 4984/35/4 5014/35/4
f 4984/35/4 4945/35/4 5015/35/4
f 5014/35/4 4984/35/4 5015/35/4
f 4945/33/4 4946/33/4 5016/33/4
f 5015/35/4 4945/35/4 5016/35/4
f 4947/37/4 4948/37/4 5017/37/4
f 4946/35/4 4947/35/4 5017/35/4
f 4948/35/4 4985/35/4 5018/35/4
f 5017/37/4 4948/37/4 5018/37/4
f 4985/37/4 4986/37/4 5019/37/4
f 5018/35/4 4985/35/4 5019/35/4
f 4988/35/4 4951/35/4 5020/35/4
f 4951/37/4 4921/37/4 5020/37/4
f 4986/35/4 4987/35/4 5020/35/4
f 4987/35/4 4988/35/4 5020/35/4
f 5020/37/4 4921/37/4 5021/37/4
f 5021/37/4 4921/37/4 5022/37/4
f 4953/35/4 4840/35/4 5023/35/4
f 4840/34/4 4882/34/4 5023/34/4
f 4882/34/4 4924/34/4 5023/34/4
f 4924/33/4 4925/33/4 5024/33/4
f 5023/34/4 4924/34/4 5024/34/4
f 4990/33/4 4888/33/4 5025/33/4
f 4888/33/4 4846/33/4 5025/33/4
f 4846/34/4 4954/34/4 5026/34/4
f 5025/33/4 4846/33/4 5026/33/4
f 4957/33/4 4991/33/4 5027/33/4
f 4956/30/4 4957/30/4 5027/30/4
f 4991/34/4 4992/34/4 5028/34/4
f 5027/33/4 4991/33/4 5028/33/4
f 4992/30/4 4958/30/4 5029/30/4
f 5028/34/4 4992/34/4 5029/34/4
f 4958/35/4 4959/35/4 5030/35/4
f 5029/30/4 4958/30/4 5030/30/4
f 4994/39/4 4961/39/4 5031/39/4
f 4993/36/4 4994/36/4 5031/36/4
f 5031/39/4 4961/39/4 5032/39/4
f 4995/36/4 4996/36/4 5033/36/4
f 5032/39/4 4961/39/4 5033/39/4
f 4961/36/4 4995/36/4 5033/36/4
f 5033/36/4 4996/36/4 5034/36/4
f 4998/35/4 4999/35/4 5035/35/4
f 5000/35/4 5001/35/4 5035/35/4
f 4999/35/4 5000/35/4 5035/35/4
f 5035/35/4 5001/35/4 5036/35/4
f 5036/35/4 5001/35/4 5037/35/4
f 5001/34/4 5002/34/4 5038/34/4
f 5037/35/4 5001/35/4 5038/35/4
f 4910/34/4 4978/34/4 5039/34/4
f 4977/35/4 4910/35/4 5039/35/4
f 4978/37/4 5005/37/4 5040/37/4
f 5039/34/4 4978/34/4 5040/34/4
f 5006/37/4 4980/37/4 5041/37/4
f 5005/35/4 5006/35/4 5041/35/4
f 5041/37/4 4980/37/4 5042/37/4
f 4980/35/4 5007/35/4 5043/35/4
f 5007/35/4 5008/35/4 5043/35/4
f 5008/34/4 5009/34/4 5044/34/4
f 5043/35/4 5008/35/4 5044/35/4
f 5009/35/4 4941/35/4 5045/35/4
f 5044/34/4 5009/34/4 5045/34/4
f 4942/35/4 4943/35/4 5046/35/4
f 4941/33/4 4942/33/4 5046/33/4
f 4943/37/4 4944/37/4 5047/37/4
f 5046/35/4 4943/35/4 5047/35/4
f 4944/34/4 5010/34/4 5048/34/4
f 5047/37/4 4944/37/4 5048/37/4
f 5010/35/4 5011/35/4 5049/35/4
f 5048/34/4 5010/34/4 5049/34/4
f 5011/34/4 5012/34/4 5050/34/4
f 5049/35/4 5011/35/4 5050/35/4
f 5012/35/4 5013/35/4 5051/35/4
f 5050/34/4 5012/34/4 5051/34/4
f 5017/35/4 5018/35/4 5052/35/4
f 4946/35/4 5017/35/4 5052/35/4
f 5018/37/4 5019/37/4 5053/37/4
f 5052/35/4 5018/35/4 5053/35/4
f 4986/35/4 5020/35/4 5054/35/4
f 5054/35/4 5020/35/4 5055/35/4
f 5021/35/4 5022/35/4 5056/35/4
f 5020/34/4 5021/34/4 5056/34/4
f 5022/37/4 4921/37/4 5057/37/4
f 5056/35/4 5022/35/4 5057/35/4
f 4885/34/4 4989/34/4 5058/34/4
f 4989/34/4 4990/34/4 5058/34/4
f 4990/33/4 5025/33/4 5059/33/4
f 5058/34/4 4990/34/4 5059/34/4
f 5025/34/4 5026/34/4 5060/34/4
f 5059/33/4 5025/33/4 5060/33/4
f 5026/34/4 4954/34/4 5061/34/4
f 5060/34/4 5026/34/4 5061/34/4
f 4955/33/4 4956/33/4 5061/33/4
f 4954/33/4 4955/33/4 5061/33/4
f 4956/30/4 5027/30/4 5062/30/4
f 5061/33/4 4956/33/4 5062/33/4
f 5027/34/4 5028/34/4 5063/34/4
f 5062/30/4 5027/30/4 5063/30/4
f 5028/34/4 5029/34/4 5063/34/4
f 5033/39/4 5034/39/4 5064/39/4
f 5031/36/4 5032/36/4 5064/36/4
f 5032/39/4 5033/39/4 5064/39/4
f 5064/39/4 5034/39/4 5065/39/4
f 4996/33/4 4968/33/4 5066/33/4
f 4969/37/4 4970/37/4 5066/37/4
f 4968/37/4 4969/37/4 5066/37/4
f 5066/37/4 4970/37/4 5067/37/4
f 4970/35/4 4971/35/4 5068/35/4
f 5067/37/4 4970/37/4 5068/37/4
f 4971/35/4 4858/35/4 5069/35/4
f 5068/35/4 4971/35/4 5069/35/4
f 4997/33/4 4998/33/4 5070/33/4
f 4998/35/4 5035/35/4 5070/35/4
f 5070/35/4 5035/35/4 5071/35/4
f 5035/37/4 5036/37/4 5072/37/4
f 5036/34/4 5037/34/4 5073/34/4
f 5072/37/4 5036/37/4 5073/37/4
f 5037/33/4 5038/33/4 5074/33/4
f 5073/34/4 5037/34/4 5074/34/4
f 5038/34/4 5002/34/4 5075/34/4
f 5074/33/4 5038/33/4 5075/33/4
f 5002/35/4 5003/35/4 5076/35/4
f 5004/35/4 4976/35/4 5076/35/4
f 5003/35/4 5004/35/4 5076/35/4
f 4976/33/4 4977/33/4 5076/33/4
f 5039/35/4 5040/35/4 5077/35/4
f 5076/33/4 4977/33/4 5077/33/4
f 4977/35/4 5039/35/4 5077/35/4
f 5077/35/4 5040/35/4 5078/35/4
f 5078/35/4 5040/35/4 5079/35/4
f 5040/37/4 5005/37/4 5080/37/4
f 5041/35/4 5042/35/4 5080/35/4
f 5005/35/4 5041/35/4 5080/35/4
f 5080/35/4 5042/35/4 5081/35/4
f 5046/37/4 5047/37/4 5082/37/4
f 4941/33/4 5046/33/4 5082/33/4
f 5049/35/4 5050/35/4 5083/35/4
f 5082/37/4 5047/37/4 5083/37/4
f 5048/35/4 5049/35/4 5083/35/4
f 5047/35/4 5048/35/4 5083/35/4
f 5083/35/4 5050/35/4 5084/35/4
f 5050/37/4 5051/37/4 5085/37/4
f 5084/35/4 5050/35/4 5085/35/4
f 5051/35/4 5013/35/4 5086/35/4
f 5085/37/4 5051/37/4 5086/37/4
f 5013/33/4 5014/33/4 5087/33/4
f 5086/35/4 5013/35/4 5087/35/4
f 5014/35/4 5015/35/4 5088/35/4
f 5087/33/4 5014/33/4 5088/33/4
f 5015/37/4 5016/37/4 5089/37/4
f 5088/35/4 5015/35/4 5089/35/4
f 5016/33/4 4946/33/4 5090/33/4
f 5089/37/4 5016/37/4 5090/37/4
f 4946/35/4 5052/35/4 5091/35/4
f 5090/33/4 4946/33/4 5091/33/4
f 5052/34/4 5053/34/4 5092/34/4
f 5091/35/4 5052/35/4 5092/35/4
f 5057/37/4 4921/37/4 5093/37/4
f 5056/37/4 5057/37/4 5093/37/4
f 4921/35/4 4952/35/4 5094/35/4
f 5093/37/4 4921/37/4 5094/37/4
f 4952/34/4 4953/34/4 5095/34/4
f 5094/35/4 4952/35/4 5095/35/4
f 4953/35/4 5023/35/4 5096/35/4
f 5023/32/4 5024/32/4 5096/32/4
f 5024/33/4 4925/33/4 5097/33/4
f 5096/32/4 5024/32/4 5097/32/4
f 4925/33/4 4885/33/4 5098/33/4
f 5097/33/4 4925/33/4 5098/33/4
f 4885/34/4 5058/34/4 5098/34/4
f 5059/33/4 5060/33/4 5099/33/4
f 5098/34/4 5058/34/4 5099/34/4
f 5061/33/4 5062/33/4 5099/33/4
f 5060/33/4 5061/33/4 5099/33/4
f 5058/33/4 5059/33/4 5099/33/4
f 5062/33/4 5063/33/4 5099/33/4
f 5099/33/4 5063/33/4 5100/33/4
f 5065/39/4 5034/39/4 5101/39/4
f 5064/36/4 5065/36/4 5101/36/4
f 5034/36/4 4996/36/4 5102/36/4
f 5101/39/4 5034/39/4 5102/39/4
f 5102/36/4 4996/36/4 5103/36/4
f 5103/36/4 4996/36/4 5104/36/4
f 4996/33/4 5066/33/4 5105/33/4
f 5104/36/4 4996/36/4 5105/36/4
f 5066/35/4 5067/35/4 5106/35/4
f 5105/33/4 5066/33/4 5106/33/4
f 5068/37/4 5069/37/4 5107/37/4
f 5106/35/4 5067/35/4 5107/35/4
f 5067/37/4 5068/37/4 5107/37/4
f 5107/37/4 5069/37/4 5108/37/4
f 5108/37/4 5069/37/4 5109/37/4
f 5075/34/4 5002/34/4 5110/34/4
f 5074/34/4 5075/34/4 5110/34/4
f 5073/34/4 5074/34/4 5110/34/4
f 5002/35/4 5076/35/4 5111/35/4
f 5110/34/4 5002/34/4 5111/34/4
f 5076/35/4 5077/35/4 5111/35/4
f 5077/35/4 5078/35/4 5111/35/4
f 5111/35/4 5078/35/4 5112/35/4
f 5112/35/4 5078/35/4 5113/35/4
f 5113/35/4 5078/35/4 5114/35/4
f 5078/37/4 5079/37/4 5115/37/4
f 5114/35/4 5078/35/4 5115/35/4
f 5081/35/4 5042/35/4 5116/35/4
f 5080/37/4 5081/37/4 5116/37/4
f 5042/37/4 4980/37/4 5117/37/4
f 5116/35/4 5042/35/4 5117/35/4
f 4980/35/4 5043/35/4 5118/35/4
f 5043/34/4 5044/34/4 5119/34/4
f 5118/35/4 5043/35/4 5119/35/4
f 5045/35/4 4941/35/4 5120/35/4
f 4941/33/4 5082/33/4 5120/33/4
f 5044/35/4 5045/35/4 5120/35/4
f 5082/35/4 5083/35/4 5121/35/4
f 5120/33/4 5082/33/4 5121/33/4
f 5083/35/4 5084/35/4 5121/35/4
f 5085/34/4 5086/34/4 5122/34/4
f 5084/34/4 5085/34/4 5122/34/4
f 5087/34/4 5088/34/4 5122/34/4
f 5086/34/4 5087/34/4 5122/34/4
f 5088/37/4 5089/37/4 5123/37/4
f 5122/34/4 5088/34/4 5123/34/4
f 5089/37/4 5090/37/4 5123/37/4
f 5020/34/4 5056/34/4 5124/34/4
f 5056/37/4 5093/37/4 5124/37/4
f 5093/35/4 5094/35/4 5125/35/4
f 5124/37/4 5093/37/4 5125/37/4
f 5096/38/4 5097/38/4 5126/38/4
f 5097/38/4 5098/38/4 5126/38/4
f 4953/35/4 5096/35/4 5126/35/4
f 5126/38/4 5098/38/4 5127/38/4
f 5099/39/4 5100/39/4 5128/39/4
f 5127/38/4 5098/38/4 5128/38/4
f 5098/39/4 5099/39/4 5128/39/4
f 5128/39/4 5100/39/4 5129/39/4
f 5100/33/4 5063/33/4 5130/33/4
f 5129/39/4 5100/39/4 5130/39/4
f 5063/34/4 5029/34/4 5131/34/4
f 5130/33/4 5063/33/4 5131/33/4
f 5131/34/4 5029/34/4 5132/34/4
f 5029/35/4 5030/35/4 5133/35/4
f 5132/34/4 5029/34/4 5133/34/4
f 5030/35/4 4959/35/4 5134/35/4
f 5133/35/4 5030/35/4 5134/35/4
f 4959/33/4 3612/33/4 5135/33/4
f 5134/35/4 4959/35/4 5135/35/4
f 5102/39/4 5103/39/4 5136/39/4
f 5103/36/4 5104/36/4 5136/36/4
f 5105/33/4 5106/33/4 5137/33/4
f 5136/36/4 5104/36/4 5137/36/4
f 5104/33/4 5105/33/4 5137/33/4
f 5137/33/4 5106/33/4 5138/33/4
f 5138/33/4 5106/33/4 5139/33/4
f 5139/33/4 5106/33/4 5140/33/4
f 5107/37/4 5108/37/4 5141/37/4
f 5140/33/4 5106/33/4 5141/33/4
f 5106/37/4 5107/37/4 5141/37/4
f 5108/3/4 5109/3/4 5142/3/4
f 5141/37/4 5108/37/4 5142/37/4
f 5109/37/4 5069/37/4 5143/37/4
f 5142/3/4 5109/3/4 5143/3/4
f 5143/37/4 5069/37/4 5144/37/4
f 5144/37/4 5069/37/4 5145/37/4
f 5069/35/4 4858/35/4 5146/35/4
f 5145/37/4 5069/37/4 5146/37/4
f 4858/33/4 4997/33/4 5147/33/4
f 5146/35/4 4858/35/4 5147/35/4
f 5070/33/4 5071/33/4 5147/33/4
f 4997/33/4 5070/33/4 5147/33/4
f 5147/33/4 5071/33/4 5148/33/4
f 5111/35/4 5112/35/4 5149/35/4
f 5110/33/4 5111/33/4 5149/33/4
f 5149/35/4 5112/35/4 5150/35/4
f 5079/35/4 5040/35/4 5151/35/4
f 5080/37/4 5116/37/4 5151/37/4
f 5116/37/4 5117/37/4 5151/37/4
f 5040/37/4 5080/37/4 5151/37/4
f 5151/37/4 5117/37/4 5152/37/4
f 5118/33/4 5119/33/4 5153/33/4
f 4980/35/4 5118/35/4 5153/35/4
f 5119/34/4 5044/34/4 5154/34/4
f 5153/33/4 5119/33/4 5154/33/4
f 5120/35/4 5121/35/4 5155/35/4
f 5154/34/4 5044/34/4 5155/34/4
f 5044/35/4 5120/35/4 5155/35/4
f 5155/35/4 5121/35/4 5156/35/4
f 5084/34/4 5122/34/4 5157/34/4
f 5156/35/4 5121/35/4 5157/35/4
f 5121/35/4 5084/35/4 5157/35/4
f 5157/34/4 5122/34/4 5158/34/4
f 5123/37/4 5090/37/4 5159/37/4
f 5122/33/4 5123/33/4 5159/33/4
f 5159/37/4 5090/37/4 5160/37/4
f 4986/35/4 5054/35/4 5161/35/4
f 5054/33/4 5055/33/4 5161/33/4
f 5055/35/4 5020/35/4 5162/35/4
f 5161/33/4 5055/33/4 5162/33/4
f 5020/34/4 5124/34/4 5163/34/4
f 5162/35/4 5020/35/4 5163/35/4
f 5126/33/4 5127/33/4 5164/33/4
f 4953/35/4 5126/35/4 5164/35/4
f 5128/41/4 5129/41/4 5165/41/4
f 5164/33/4 5127/33/4 5165/33/4
f 5127/41/4 5128/41/4 5165/41/4
f 5129/33/4 5130/33/4 5166/33/4
f 5165/41/4 5129/41/4 5166/41/4
f 5130/33/4 5131/33/4 5166/33/4
f 5166/33/4 5131/33/4 5167/33/4
f 5167/33/4 5131/33/4 5168/33/4
f 5102/39/4 5136/39/4 5169/39/4
f 5101/36/4 5102/36/4 5169/36/4
f 5136/39/4 5137/39/4 5169/39/4
f 5169/39/4 5137/39/4 5170/39/4
f 5141/37/4 5142/37/4 5171/37/4
f 5140/35/4 5141/35/4 5171/35/4
f 5142/37/4 5143/37/4 5171/37/4
f 5171/37/4 5143/37/4 5172/37/4
f 5143/3/4 5144/3/4 5173/3/4
f 5172/37/4 5143/37/4 5173/37/4
f 5144/37/4 5145/37/4 5174/37/4
f 5173/3/4 5144/3/4 5174/3/4
f 5145/35/4 5146/35/4 5175/35/4
f 5174/37/4 5145/37/4 5175/37/4
f 5147/35/4 5148/35/4 5175/35/4
f 5146/35/4 5147/35/4 5175/35/4
f 5175/35/4 5148/35/4 5176/35/4
f 5073/34/4 5110/34/4 5177/34/4
f 5149/33/4 5150/33/4 5178/33/4
f 5177/34/4 5110/34/4 5178/34/4
f 5110/33/4 5149/33/4 5178/33/4
f 5150/35/4 5112/35/4 5179/35/4
f 5178/33/4 5150/33/4 5179/33/4
f 5179/35/4 5112/35/4 5180/35/4
f 5079/35/4 5151/35/4 5181/35/4
f 5115/37/4 5079/37/4 5181/37/4
f 5151/35/4 5152/35/4 5181/35/4
f 5181/35/4 5152/35/4 5182/35/4
f 5152/37/4 5117/37/4 5183/37/4
f 5117/37/4 4980/37/4 5184/37/4
f 5183/37/4 5117/37/4 5184/37/4
f 5158/34/4 5122/34/4 5185/34/4
f 5122/33/4 5159/33/4 5186/33/4
f 5185/34/4 5122/34/4 5186/34/4
f 5091/33/4 5092/33/4 5187/33/4
f 5090/35/4 5091/35/4 5187/35/4
f 5092/34/4 5053/34/4 5188/34/4
f 5187/33/4 5092/33/4 5188/33/4
f 5163/34/4 5124/34/4 5189/34/4
f 5162/33/4 5163/33/4 5189/33/4
f 5124/35/4 5125/35/4 5190/35/4
f 5189/34/4 5124/34/4 5190/34/4
f 5165/33/4 5166/33/4 5191/33/4
f 5166/41/4 5167/41/4 5191/41/4
f 5167/40/4 5168/40/4 5192/40/4
f 5191/41/4 5167/41/4 5192/41/4
f 5168/33/4 5131/33/4 5193/33/4
f 5192/40/4 5168/40/4 5193/40/4
f 5133/35/4 5134/35/4 5194/35/4
f 5132/35/4 5133/35/4 5194/35/4
f 5131/30/4 5132/30/4 5194/30/4
f 5194/35/4 5134/35/4 5195/35/4
f 5170/39/4 5137/39/4 5196/39/4
f 5169/36/4 5170/36/4 5196/36/4
f 5137/36/4 5138/36/4 5197/36/4
f 5196/39/4 5137/39/4 5197/39/4
f 5197/36/4 5138/36/4 5198/36/4
f 5139/33/4 5140/33/4 5199/33/4
f 5171/35/4 5172/35/4 5199/35/4
f 5140/35/4 5171/35/4 5199/35/4
f 5199/35/4 5172/35/4 5200/35/4
f 5172/3/4 5173/3/4 5201/3/4
f 5200/35/4 5172/35/4 5201/35/4
f 5173/3/4 5174/3/4 5201/3/4
f 5175/3/4 5176/3/4 5201/3/4
f 5174/3/4 5175/3/4 5201/3/4
f 5201/3/4 5176/3/4 5202/3/4
f 5202/3/4 5176/3/4 5203/3/4
f 5203/3/4 5176/3/4 5204/3/4
f 5176/35/4 5148/35/4 5205/35/4
f 5204/3/4 5176/3/4 5205/3/4
f 5148/33/4 5071/33/4 5206/33/4
f 5205/35/4 5148/35/4 5206/35/4
f 5206/33/4 5071/33/4 5207/33/4
f 5182/35/4 5152/35/4 5208/35/4
f 5152/37/4 5183/37/4 5209/37/4
f 5208/35/4 5152/35/4 5209/35/4
f 5155/34/4 5156/34/4 5210/34/4
f 5154/34/4 5155/34/4 5210/34/4
f 5153/35/4 5154/35/4 5210/35/4
f 5210/34/4 5156/34/4 5211/34/4
f 5157/35/4 5158/35/4 5212/35/4
f 5156/35/4 5157/35/4 5212/35/4
f 5158/34/4 5185/34/4 5212/34/4
f 5212/34/4 5185/34/4 5213/34/4
f 5186/33/4 5159/33/4 5214/33/4
f 5185/35/4 5186/35/4 5214/35/4
f 5159/35/4 5160/35/4 5215/35/4
f 5214/33/4 5159/33/4 5215/33/4
f 5125/35/4 5094/35/4 5216/35/4
f 5094/34/4 5095/34/4 5216/34/4
f 5190/35/4 5125/35/4 5216/35/4
f 5095/34/4 4953/34/4 5217/34/4
f 5216/34/4 5095/34/4 5217/34/4
f 4953/35/4 5164/35/4 5218/35/4
f 5164/32/4 5165/32/4 5218/32/4
f 5191/33/4 5192/33/4 5219/33/4
f 5218/32/4 5165/32/4 5219/32/4
f 5192/33/4 5193/33/4 5219/33/4
f 5165/33/4 5191/33/4 5219/33/4
f 5193/33/4 5131/33/4 5220/33/4
f 5219/33/4 5193/33/4 5220/33/4
f 5220/33/4 5131/33/4 5221/33/4
f 5194/30/4 5195/30/4 5222/30/4
f 5221/33/4 5131/33/4 5222/33/4
f 5131/30/4 5194/30/4 5222/30/4
f 5222/30/4 5195/30/4 5223/30/4
f 5195/35/4 5134/35/4 5224/35/4
f 5223/30/4 5195/30/4 5224/30/4
f 5224/35/4 5134/35/4 5225/35/4
f 5064/36/4 5101/36/4 5226/36/4
f 5196/36/4 5197/36/4 5226/36/4
f 5101/36/4 5169/36/4 5226/36/4
f 5031/36/4 5064/36/4 5226/36/4
f 5169/36/4 5196/36/4 5226/36/4
f 5226/36/4 5197/36/4 5227/36/4
f 5201/35/4 5202/35/4 5228/35/4
f 5200/35/4 5201/35/4 5228/35/4
f 5228/35/4 5202/35/4 5229/35/4
f 5202/42/4 5203/42/4 5230/42/4
f 5229/35/4 5202/35/4 5230/35/4
f 5203/37/4 5204/37/4 5231/37/4
f 5230/42/4 5203/42/4 5231/42/4
f 5206/35/4 5207/35/4 5232/35/4
f 5231/37/4 5204/37/4 5232/37/4
f 5204/35/4 5205/35/4 5232/35/4
f 5205/35/4 5206/35/4 5232/35/4
f 5232/35/4 5207/35/4 5233/35/4
f 5073/34/4 5177/34/4 5234/34/4
f 5072/35/4 5073/35/4 5234/35/4
f 5177/33/4 5178/33/4 5235/33/4
f 5234/34/4 5177/34/4 5235/34/4
f 5179/33/4 5180/33/4 5235/33/4
f 5178/33/4 5179/33/4 5235/33/4
f 5235/33/4 5180/33/4 5236/33/4
f 5236/33/4 5180/33/4 5237/33/4
f 5237/33/4 5180/33/4 5238/33/4
f 5180/35/4 5112/35/4 5239/35/4
f 5112/37/4 5113/37/4 5239/37/4
f 5113/35/4 5114/35/4 5240/35/4
f 5239/37/4 5113/37/4 5240/37/4
f 5240/35/4 5114/35/4 5241/35/4
f 5241/35/4 5114/35/4 5242/35/4
f 5184/37/4 4980/37/4 5243/37/4
f 5183/35/4 5184/35/4 5243/35/4
f 4980/35/4 5153/35/4 5244/35/4
f 5243/37/4 4980/37/4 5244/37/4
f 5210/35/4 5211/35/4 5244/35/4
f 5153/35/4 5210/35/4 5244/35/4
f 5213/34/4 5185/34/4 5245/34/4
f 5212/35/4 5213/35/4 5245/35/4
f 5214/35/4 5215/35/4 5246/35/4
f 5245/34/4 5185/34/4 5246/34/4
f 5185/35/4 5214/35/4 5246/35/4
f 5160/37/4 5090/37/4 5247/37/4
f 5090/35/4 5187/35/4 5247/35/4
f 5187/34/4 5188/34/4 5248/34/4
f 5247/35/4 5187/35/4 5248/35/4
f 5188/34/4 5053/34/4 5249/34/4
f 5248/34/4 5188/34/4 5249/34/4
f 5053/37/4 5019/37/4 5250/37/4
f 5249/34/4 5053/34/4 5250/34/4
f 5218/34/4 5219/34/4 5251/34/4
f 5219/39/4 5220/39/4 5251/39/4
f 5251/39/4 5220/39/4 5252/39/4
f 5220/38/4 5221/38/4 5253/38/4
f 5252/39/4 5220/39/4 5253/39/4
f 5222/33/4 5223/33/4 5254/33/4
f 5253/38/4 5221/38/4 5254/38/4
f 5221/33/4 5222/33/4 5254/33/4
f 5224/30/4 5225/30/4 5255/30/4
f 5254/33/4 5223/33/4 5255/33/4
f 5223/30/4 5224/30/4 5255/30/4
f 5255/30/4 5225/30/4 5256/30/4
f 5225/35/4 5134/35/4 5257/35/4
f 5256/30/4 5225/30/4 5257/30/4
f 5134/36/4 5135/36/4 5258/36/4
f 5257/35/4 5134/35/4 5258/35/4
f 5197/39/4 5198/39/4 5259/39/4
f 5227/36/4 5197/36/4 5259/36/4
f 5198/36/4 5138/36/4 5260/36/4
f 5259/39/4 5198/39/4 5260/39/4
f 5138/39/4 5139/39/4 5261/39/4
f 5260/36/4 5138/36/4 5261/36/4
f 5230/3/4 5231/3/4 5262/3/4
f 5229/3/4 5230/3/4 5262/3/4
f 5231/3/4 5232/3/4 5262/3/4
f 5232/3/4 5233/3/4 5262/3/4
f 5228/37/4 5229/37/4 5262/37/4
f 5262/3/4 5233/3/4 5263/3/4
f 5263/3/4 5233/3/4 5264/3/4
f 5233/35/4 5207/35/4 5265/35/4
f 5264/3/4 5233/3/4 5265/3/4
f 5265/35/4 5207/35/4 5266/35/4
f 5234/35/4 5235/35/4 5267/35/4
f 5235/35/4 5236/35/4 5267/35/4
f 5236/33/4 5237/33/4 5267/33/4
f 5237/37/4 5238/37/4 5268/37/4
f 5267/33/4 5237/33/4 5268/33/4
f 5242/35/4 5114/35/4 5269/35/4
f 5114/33/4 5115/33/4 5269/33/4
f 5115/37/4 5181/37/4 5270/37/4
f 5269/33/4 5115/33/4 5270/33/4
f 5181/37/4 5182/37/4 5270/37/4
f 5208/37/4 5209/37/4 5271/37/4
f 5182/35/4 5208/35/4 5271/35/4
f 5209/37/4 5183/37/4 5272/37/4
f 5271/37/4 5209/37/4 5272/37/4
f 5215/35/4 5160/35/4 5273/35/4
f 5246/35/4 5215/35/4 5273/35/4
f 5245/35/4 5246/35/4 5273/35/4
f 5160/37/4 5247/37/4 5274/37/4
f 5273/35/4 5160/35/4 5274/35/4
f 5250/37/4 5019/37/4 5275/37/4
f 5249/35/4 5250/35/4 5275/35/4
f 5019/37/4 4986/37/4 5276/37/4
f 5275/37/4 5019/37/4 5276/37/4
f 5161/35/4 5162/35/4 5276/35/4
f 4986/35/4 5161/35/4 5276/35/4
f 5162/33/4 5189/33/4 5277/33/4
f 5276/35/4 5162/35/4 5277/35/4
f 5189/33/4 5190/33/4 5277/33/4
f 5277/33/4 5190/33/4 5278/33/4
f 5190/35/4 5216/35/4 5279/35/4
f 5278/33/4 5190/33/4 5279/33/4
f 5216/35/4 5217/35/4 5279/35/4
f 5279/35/4 5217/35/4 5280/35/4
f 5252/33/4 5253/33/4 5281/33/4
f 5251/32/4 5252/32/4 5281/32/4
f 5255/33/4 5256/33/4 5281/33/4
f 5254/33/4 5255/33/4 5281/33/4
f 5253/33/4 5254/33/4 5281/33/4
f 5281/33/4 5256/33/4 5282/33/4
f 5256/30/4 5257/30/4 5283/30/4
f 5282/33/4 5256/33/4 5283/33/4
f 5257/33/4 5258/33/4 5284/33/4
f 5283/30/4 5257/30/4 5284/30/4
f 5258/36/4 5135/36/4 5285/36/4
f 5284/33/4 5258/33/4 5285/33/4
f 5135/33/4 3612/33/4 5286/33/4
f 5285/36/4 5135/36/4 5286/36/4
f 5260/39/4 5261/39/4 5287/39/4
f 5259/35/4 5260/35/4 5287/35/4
f 5261/39/4 5139/39/4 5288/39/4
f 5287/39/4 5261/39/4 5288/39/4
f 5263/3/4 5264/3/4 5289/3/4
f 5264/35/4 5265/35/4 5289/35/4
f 5289/35/4 5265/35/4 5290/35/4
f 5035/37/4 5072/37/4 5291/37/4
f 5071/35/4 5035/35/4 5291/35/4
f 5072/35/4 5234/35/4 5292/35/4
f 5291/37/4 5072/37/4 5292/37/4
f 5267/35/4 5268/35/4 5292/35/4
f 5234/35/4 5267/35/4 5292/35/4
f 5268/37/4 5238/37/4 5293/37/4
f 5292/35/4 5268/35/4 5293/35/4
f 5238/33/4 5180/33/4 5294/33/4
f 5293/37/4 5238/37/4 5294/37/4
f 5239/35/4 5240/35/4 5295/35/4
f 5294/33/4 5180/33/4 5295/33/4
f 5180/35/4 5239/35/4 5295/35/4
f 5240/35/4 5241/35/4 5295/35/4
f 5241/37/4 5242/37/4 5296/37/4
f 5295/35/4 5241/35/4 5296/35/4
f 5269/35/4 5270/35/4 5297/35/4
f 5296/37/4 5242/37/4 5297/37/4
f 5242/35/4 5269/35/4 5297/35/4
f 5270/37/4 5182/37/4 5298/37/4
f 5297/35/4 5270/35/4 5298/35/4
f 5182/35/4 5271/35/4 5299/35/4
f 5298/37/4 5182/37/4 5299/37/4
f 5271/35/4 5272/35/4 5299/35/4
f 5245/35/4 5273/35/4 5300/35/4
f 5273/37/4 5274/37/4 5300/37/4
f 5274/37/4 5247/37/4 5301/37/4
f 5300/37/4 5274/37/4 5301/37/4
f 5247/34/4 5248/34/4 5301/34/4
f 5248/34/4 5249/34/4 5301/34/4
f 5301/34/4 5249/34/4 5302/34/4
f 5275/35/4 5276/35/4 5303/35/4
f 5302/34/4 5249/34/4 5303/34/4
f 5249/35/4 5275/35/4 5303/35/4
f 5276/35/4 5277/35/4 5303/35/4
f 5277/37/4 5278/37/4 5304/37/4
f 5303/35/4 5277/35/4 5304/35/4
f 5278/35/4 5279/35/4 5305/35/4
f 5304/37/4 5278/37/4 5305/37/4
f 5279/33/4 5280/33/4 5306/33/4
f 5305/35/4 5279/35/4 5306/35/4
f 5280/35/4 5217/35/4 5307/35/4
f 5306/33/4 5280/33/4 5307/33/4
f 5217/34/4 4953/34/4 5308/34/4
f 5307/35/4 5217/35/4 5308/35/4
f 4953/35/4 5218/35/4 5309/35/4
f 5308/34/4 4953/34/4 5309/34/4
f 5282/33/4 5283/33/4 5310/33/4
f 5283/33/4 5284/33/4 5310/33/4
f 5284/33/4 5285/33/4 5310/33/4
f 5281/32/4 5282/32/4 5310/32/4
f 5310/33/4 5285/33/4 5311/33/4
f 5311/33/4 5285/33/4 5312/33/4
f 5312/33/4 5285/33/4 5313/33/4
f 5313/33/4 5285/33/4 5314/33/4
f 5226/33/4 5227/33/4 5315/33/4
f 5031/36/4 5226/36/4 5315/36/4
f 5227/36/4 5259/36/4 5316/36/4
f 5315/33/4 5227/33/4 5316/33/4
f 5259/35/4 5287/35/4 5317/35/4
f 5316/36/4 5259/36/4 5317/36/4
f 5287/35/4 5288/35/4 5317/35/4
f 5317/35/4 5288/35/4 5318/35/4
f 5200/35/4 5228/35/4 5319/35/4
f 5228/37/4 5262/37/4 5319/37/4
f 5262/35/4 5263/35/4 5320/35/4
f 5319/37/4 5262/37/4 5320/37/4
f 5263/3/4 5289/3/4 5321/3/4
f 5320/35/4 5263/35/4 5321/35/4
f 5289/37/4 5290/37/4 5322/37/4
f 5321/3/4 5289/3/4 5322/3/4
f 5290/35/4 5265/35/4 5323/35/4
f 5322/37/4 5290/37/4 5323/37/4
f 5265/3/4 5266/3/4 5324/3/4
f 5323/35/4 5265/35/4 5324/35/4
f 5266/35/4 5207/35/4 5325/35/4
f 5324/3/4 5266/3/4 5325/3/4
f 5301/34/4 5302/34/4 5326/34/4
f 5300/35/4 5301/35/4 5326/35/4
f 5305/35/4 5306/35/4 5327/35/4
f 5326/34/4 5302/34/4 5327/34/4
f 5304/35/4 5305/35/4 5327/35/4
f 5306/35/4 5307/35/4 5327/35/4
f 5303/35/4 5304/35/4 5327/35/4
f 5307/35/4 5308/35/4 5327/35/4
f 5308/35/4 5309/35/4 5327/35/4
f 5302/35/4 5303/35/4 5327/35/4
f 5309/35/4 5218/35/4 5328/35/4
f 5327/35/4 5309/35/4 5328/35/4
f 5218/34/4 5251/34/4 5328/34/4
f 5310/32/4 5311/32/4 5329/32/4
f 5328/34/4 5251/34/4 5329/34/4
f 5281/32/4 5310/32/4 5329/32/4
f 5251/32/4 5281/32/4 5329/32/4
f 5329/32/4 5311/32/4 5330/32/4
f 5311/33/4 5312/33/4 5331/33/4
f 5330/32/4 5311/32/4 5331/32/4
f 5312/41/4 5313/41/4 5332/41/4
f 5331/33/4 5312/33/4 5332/33/4
f 5313/40/4 5314/40/4 5333/40/4
f 5332/41/4 5313/41/4 5333/41/4
f 5314/33/4 5285/33/4 5334/33/4
f 5333/40/4 5314/40/4 5334/40/4
f 5285/35/4 5286/35/4 5335/35/4
f 5334/33/4 5285/33/4 5335/33/4
f 5288/39/4 5139/39/4 5336/39/4
f 5318/35/4 5288/35/4 5336/35/4
f 5139/33/4 5199/33/4 5337/33/4
f 5336/39/4 5139/39/4 5337/39/4
f 5199/39/4 5200/39/4 5338/39/4
f 5337/33/4 5199/33/4 5338/33/4
f 5321/3/4 5322/3/4 5339/3/4
f 5319/35/4 5320/35/4 5339/35/4
f 5323/3/4 5324/3/4 5339/3/4
f 5322/3/4 5323/3/4 5339/3/4
f 5320/3/4 5321/3/4 5339/3/4
f 5339/3/4 5324/3/4 5340/3/4
f 5324/35/4 5325/35/4 5341/35/4
f 5340/3/4 5324/3/4 5341/3/4
f 5325/35/4 5207/35/4 5342/35/4
f 5341/35/4 5325/35/4 5342/35/4
f 5207/33/4 5071/33/4 5342/33/4
f 5291/35/4 5292/35/4 5343/35/4
f 5342/33/4 5071/33/4 5343/33/4
f 5297/35/4 5298/35/4 5343/35/4
f 5296/35/4 5297/35/4 5343/35/4
f 5071/35/4 5291/35/4 5343/35/4
f 5292/35/4 5293/35/4 5343/35/4
f 5293/35/4 5294/35/4 5343/35/4
f 5294/35/4 5295/35/4 5343/35/4
f 5295/35/4 5296/35/4 5343/35/4
f 5298/35/4 5299/35/4 5343/35/4
f 5343/35/4 5299/35/4 5344/35/4
f 5272/37/4 5183/37/4 5345/37/4
f 5344/35/4 5299/35/4 5345/35/4
f 5299/35/4 5272/35/4 5345/35/4
f 5243/35/4 5244/35/4 5346/35/4
f 5345/37/4 5183/37/4 5346/37/4
f 5183/35/4 5243/35/4 5346/35/4
f 5211/34/4 5156/34/4 5347/34/4
f 5346/35/4 5244/35/4 5347/35/4
f 5244/35/4 5211/35/4 5347/35/4
f 5300/35/4 5326/35/4 5348/35/4
f 5347/34/4 5156/34/4 5348/34/4
f 5329/35/4 5330/35/4 5348/35/4
f 5245/35/4 5300/35/4 5348/35/4
f 5327/35/4 5328/35/4 5348/35/4
f 5156/35/4 5212/35/4 5348/35/4
f 5326/35/4 5327/35/4 5348/35/4
f 5328/35/4 5329/35/4 5348/35/4
f 5212/35/4 5245/35/4 5348/35/4
f 5348/35/4 5330/35/4 5349/35/4
f 5331/33/4 5332/33/4 5350/33/4
f 5333/33/4 5334/33/4 5350/33/4
f 5330/33/4 5331/33/4 5350/33/4
f 5332/33/4 5333/33/4 5350/33/4
f 5350/33/4 5334/33/4 5351/33/4
f 5351/33/4 5334/33/4 5352/33/4
f 5352/33/4 5334/33/4 5353/33/4
f 5353/33/4 5334/33/4 5354/33/4
f 5334/30/4 5335/30/4 5355/30/4
f 5354/33/4 5334/33/4 5355/33/4
f 5316/36/4 5317/36/4 5356/36/4
f 5315/34/4 5316/34/4 5356/34/4
f 5317/36/4 5318/36/4 5356/36/4
f 5356/36/4 5318/36/4 5357/36/4
f 5339/35/4 5340/35/4 5358/35/4
f 5319/35/4 5339/35/4 5358/35/4
f 5340/37/4 5341/37/4 5359/37/4
f 5358/35/4 5340/35/4 5359/35/4
f 5359/37/4 5341/37/4 5360/37/4
f 5346/25/4 5347/25/4 5361/25/4
f 5348/25/4 5349/25/4 5361/25/4
f 5347/25/4 5348/25/4 5361/25/4
f 5344/25/4 5345/25/4 5361/25/4
f 5345/25/4 5346/25/4 5361/25/4
f 5361/25/4 5349/25/4 5362/25/4
f 5349/35/4 5330/35/4 5363/35/4
f 5330/33/4 5350/33/4 5363/33/4
f 5363/33/4 5350/33/4 5364/33/4
f 5350/39/4 5351/39/4 5365/39/4
f 5364/33/4 5350/33/4 5365/33/4
f 5351/33/4 5352/33/4 5366/33/4
f 5365/39/4 5351/39/4 5366/39/4
f 5366/33/4 5352/33/4 5367/33/4
f 5355/30/4 5335/30/4 5368/30/4
f 5354/30/4 5355/30/4 5368/30/4
f 5335/35/4 5286/35/4 5369/35/4
f 5368/30/4 5335/30/4 5369/30/4
f 5357/36/4 5318/36/4 5370/36/4
f 5356/33/4 5357/33/4 5370/33/4
f 5370/36/4 5318/36/4 5371/36/4
f 5337/39/4 5338/39/4 5372/39/4
f 5336/35/4 5337/35/4 5372/35/4
f 5338/39/4 5200/39/4 5373/39/4
f 5372/39/4 5338/39/4 5373/39/4
f 5359/3/4 5360/3/4 5374/3/4
f 5319/35/4 5358/35/4 5374/35/4
f 5358/3/4 5359/3/4 5374/3/4
f 5374/3/4 5360/3/4 5375/3/4
f 5360/37/4 5341/37/4 5376/37/4
f 5375/3/4 5360/3/4 5376/3/4
f 5343/35/4 5344/35/4 5377/35/4
f 5376/37/4 5341/37/4 5377/37/4
f 5341/35/4 5342/35/4 5377/35/4
f 5342/35/4 5343/35/4 5377/35/4
f 5377/35/4 5344/35/4 5378/35/4
f 5344/25/4 5361/25/4 5379/25/4
f 5378/35/4 5344/35/4 5379/35/4
f 5361/35/4 5362/35/4 5380/35/4
f 5380/35/4 5362/35/4 5381/35/4
f 5362/25/4 5349/25/4 5382/25/4
f 5363/35/4 5364/35/4 5382/35/4
f 5349/35/4 5363/35/4 5382/35/4
f 5382/35/4 5364/35/4 5383/35/4
f 5364/33/4 5365/33/4 5384/33/4
f 5383/35/4 5364/35/4 5384/35/4
f 5365/33/4 5366/33/4 5384/33/4
f 5384/33/4 5366/33/4 5385/33/4
f 5385/33/4 5366/33/4 5386/33/4
f 5366/39/4 5367/39/4 5387/39/4
f 5386/33/4 5366/33/4 5387/33/4
f 5367/33/4 5352/33/4 5388/33/4
f 5387/39/4 5367/39/4 5388/39/4
f 5388/33/4 5352/33/4 5389/33/4
f 5352/34/4 5353/34/4 5390/34/4
f 5389/33/4 5352/33/4 5390/33/4
f 5353/33/4 5354/33/4 5391/33/4
f 5390/34/4 5353/34/4 5391/34/4
f 5354/30/4 5368/30/4 5392/30/4
f 5391/33/4 5354/33/4 5392/33/4
f 5368/35/4 5369/35/4 5393/35/4
f 5392/30/4 5368/30/4 5393/30/4
f 5369/35/4 5286/35/4 5394/35/4
f 5393/35/4 5369/35/4 5394/35/4
f 5286/33/4 3612/33/4 5395/33/4
f 5394/35/4 5286/35/4 5395/35/4
f 5315/34/4 5356/34/4 5396/34/4
f 5031/36/4 5315/36/4 5396/36/4
f 5356/33/4 5370/33/4 5397/33/4
f 5396/34/4 5356/34/4 5397/34/4
f 5370/33/4 5371/33/4 5397/33/4
f 5374/35/4 5375/35/4 5398/35/4
f 5319/35/4 5374/35/4 5398/35/4
f 5375/37/4 5376/37/4 5399/37/4
f 5398/35/4 5375/35/4 5399/35/4
f 5376/3/4 5377/3/4 5400/3/4
f 5399/37/4 5376/37/4 5400/37/4
f 5377/35/4 5378/35/4 5401/35/4
f 5400/3/4 5377/3/4 5401/3/4
f 5401/35/4 5378/35/4 5402/35/4
f 5379/25/4 5361/25/4 5403/25/4
f 5378/25/4 5379/25/4 5403/25/4
f 5361/35/4 5380/35/4 5404/35/4
f 5403/25/4 5361/25/4 5404/25/4
f 5404/35/4 5380/35/4 5405/35/4
f 5380/1/4 5381/1/4 5406/1/4
f 5405/35/4 5380/35/4 5406/35/4
f 5381/35/4 5362/35/4 5407/35/4
f 5406/1/4 5381/1/4 5407/1/4
f 5407/35/4 5362/35/4 5408/35/4
f 5362/25/4 5382/25/4 5409/25/4
f 5408/35/4 5362/35/4 5409/35/4
f 5382/1/4 5383/1/4 5410/1/4
f 5409/25/4 5382/25/4 5410/25/4
f 5386/32/4 5387/32/4 5411/32/4
f 5387/33/4 5388/33/4 5412/33/4
f 5411/32/4 5387/32/4 5412/32/4
f 5388/33/4 5389/33/4 5412/33/4
f 5412/33/4 5389/33/4 5413/33/4
f 5413/33/4 5389/33/4 5414/33/4
f 5389/34/4 5390/34/4 5415/34/4
f 5390/34/4 5391/34/4 5415/34/4
f 5391/30/4 5392/30/4 5416/30/4
f 5415/34/4 5391/34/4 5416/34/4
f 5373/39/4 5200/39/4 5417/39/4
f 5372/35/4 5373/35/4 5417/35/4
f 5319/35/4 5398/35/4 5418/35/4
f 5417/39/4 5200/39/4 5418/39/4
f 5200/35/4 5319/35/4 5418/35/4
f 5418/35/4 5398/35/4 5419/35/4
f 5399/3/4 5400/3/4 5420/3/4
f 5419/35/4 5398/35/4 5420/35/4
f 5398/3/4 5399/3/4 5420/3/4
f 5400/3/4 5401/3/4 5420/3/4
f 5420/3/4 5401/3/4 5421/3/4
f 5421/3/4 5401/3/4 5422/3/4
f 5385/33/4 5386/33/4 5423/33/4
f 5383/35/4 5384/35/4 5423/35/4
f 5384/35/4 5385/35/4 5423/35/4
f 5386/32/4 5411/32/4 5424/32/4
f 5423/33/4 5386/33/4 5424/33/4
f 5412/39/4 5413/39/4 5425/39/4
f 5424/32/4 5411/32/4 5425/32/4
f 5411/39/4 5412/39/4 5425/39/4
f 5413/38/4 5414/38/4 5426/38/4
f 5425/39/4 5413/39/4 5426/39/4
f 5414/33/4 5389/33/4 5427/33/4
f 5426/38/4 5414/38/4 5427/38/4
f 5372/35/4 5417/35/4 5428/35/4
f 5417/35/4 5418/35/4 5428/35/4
f 5418/37/4 5419/37/4 5429/37/4
f 5428/35/4 5418/35/4 5429/35/4
f 5420/35/4 5421/35/4 5430/35/4
f 5419/35/4 5420/35/4 5430/35/4
f 5421/37/4 5422/37/4 5431/37/4
f 5430/35/4 5421/35/4 5431/35/4
f 5422/3/4 5401/3/4 5432/3/4
f 5431/37/4 5422/37/4 5432/37/4
f 5401/37/4 5402/37/4 5433/37/4
f 5432/3/4 5401/3/4 5433/3/4
f 5402/35/4 5378/35/4 5434/35/4
f 5378/25/4 5403/25/4 5435/25/4
f 5434/35/4 5378/35/4 5435/35/4
f 5404/35/4 5405/35/4 5436/35/4
f 5435/25/4 5403/25/4 5436/25/4
f 5403/35/4 5404/35/4 5436/35/4
f 5410/1/4 5383/1/4 5437/1/4
f 5423/35/4 5424/35/4 5437/35/4
f 5383/35/4 5423/35/4 5437/35/4
f 5437/35/4 5424/35/4 5438/35/4
f 5424/39/4 5425/39/4 5439/39/4
f 5438/35/4 5424/35/4 5439/35/4
f 5425/33/4 5426/33/4 5440/33/4
f 5439/39/4 5425/39/4 5440/39/4
f 5426/33/4 5427/33/4 5440/33/4
f 5427/33/4 5389/33/4 5441/33/4
f 5440/33/4 5427/33/4 5441/33/4
f 5389/34/4 5415/34/4 5441/34/4
f 5415/33/4 5416/33/4 5442/33/4
f 5441/34/4 5415/34/4 5442/34/4
f 5416/30/4 5392/30/4 5443/30/4
f 5392/35/4 5393/35/4 5443/35/4
f 5393/35/4 5394/35/4 5443/35/4
f 5443/35/4 5394/35/4 5444/35/4
f 5430/3/4 5431/3/4 5445/3/4
f 5431/3/4 5432/3/4 5445/3/4
f 5419/35/4 5430/35/4 5445/35/4
f 5445/3/4 5432/3/4 5446/3/4
f 5432/37/4 5433/37/4 5447/37/4
f 5446/3/4 5432/3/4 5447/3/4
f 5435/35/4 5436/35/4 5448/35/4
f 5436/35/4 5405/35/4 5449/35/4
f 5448/35/4 5436/35/4 5449/35/4
f 5405/1/4 5406/1/4 5449/1/4
f 5406/1/4 5407/1/4 5449/1/4
f 5407/1/4 5408/1/4 5449/1/4
f 5437/1/4 5438/1/4 5450/1/4
f 5410/1/4 5437/1/4 5450/1/4
f 5450/1/4 5438/1/4 5451/1/4
f 5443/30/4 5444/30/4 5452/30/4
f 5416/30/4 5443/30/4 5452/30/4
f 5444/35/4 5394/35/4 5453/35/4
f 5452/30/4 5444/30/4 5453/30/4
f 5371/36/4 5318/36/4 5454/36/4
f 5336/35/4 5372/35/4 5455/35/4
f 5454/36/4 5318/36/4 5455/36/4
f 5318/35/4 5336/35/4 5455/35/4
f 5372/35/4 5428/35/4 5455/35/4
f 5455/35/4 5428/35/4 5456/35/4
f 5428/37/4 5429/37/4 5457/37/4
f 5456/35/4 5428/35/4 5457/35/4
f 5429/37/4 5419/37/4 5458/37/4
f 5457/37/4 5429/37/4 5458/37/4
f 5419/35/4 5445/35/4 5459/35/4
f 5458/37/4 5419/37/4 5459/37/4
f 5445/35/4 5446/35/4 5459/35/4
f 5459/35/4 5446/35/4 5460/35/4
f 5446/37/4 5447/37/4 5461/37/4
f 5460/35/4 5446/35/4 5461/35/4
f 5448/9/4 5449/9/4 5462/9/4
f 5462/9/4 5449/9/4 5463/9/4
f 5449/1/4 5408/1/4 5464/1/4
f 5463/9/4 5449/9/4 5464/9/4
f 5464/1/4 5408/1/4 5465/1/4
f 5465/1/4 5408/1/4 5466/1/4
f 5408/35/4 5409/35/4 5467/35/4
f 5466/1/4 5408/1/4 5467/1/4
f 5409/35/4 5410/35/4 5467/35/4
f 5467/35/4 5410/35/4 5468/35/4
f 5439/33/4 5440/33/4 5469/33/4
f 5438/35/4 5439/35/4 5469/35/4
f 5440/33/4 5441/33/4 5469/33/4
f 5441/33/4 5442/33/4 5469/33/4
f 5469/33/4 5442/33/4 5470/33/4
f 5470/33/4 5442/33/4 5471/33/4
f 5471/33/4 5442/33/4 5472/33/4
f 5472/33/4 5442/33/4 5473/33/4
f 5442/33/4 5416/33/4 5474/33/4
f 5473/33/4 5442/33/4 5474/33/4
f 5455/35/4 5456/35/4 5475/35/4
f 5457/37/4 5458/37/4 5476/37/4
f 5475/35/4 5456/35/4 5476/35/4
f 5456/37/4 5457/37/4 5476/37/4
f 5459/35/4 5460/35/4 5477/35/4
f 5458/35/4 5459/35/4 5477/35/4
f 5460/37/4 5461/37/4 5478/37/4
f 5477/35/4 5460/35/4 5478/35/4
f 5461/37/4 5447/37/4 5479/37/4
f 5478/37/4 5461/37/4 5479/37/4
f 5447/37/4 5433/37/4 5480/37/4
f 5479/37/4 5447/37/4 5480/37/4
f 5433/37/4 5402/37/4 5480/37/4
f 5402/35/4 5434/35/4 5480/35/4
f 5448/9/4 5462/9/4 5481/9/4
f 5462/8/4 5463/8/4 5482/8/4
f 5481/9/4 5462/9/4 5482/9/4
f 5482/8/4 5463/8/4 5483/8/4
f 5483/8/4 5463/8/4 5484/8/4
f 5484/8/4 5463/8/4 5485/8/4
f 5464/9/4 5465/9/4 5486/9/4
f 5485/8/4 5463/8/4 5486/8/4
f 5463/9/4 5464/9/4 5486/9/4
f 5465/1/4 5466/1/4 5487/1/4
f 5486/9/4 5465/9/4 5487/9/4
f 5467/9/4 5468/9/4 5488/9/4
f 5487/1/4 5466/1/4 5488/1/4
f 5466/9/4 5467/9/4 5488/9/4
f 5470/33/4 5471/33/4 5489/33/4
f 5469/35/4 5470/35/4 5489/35/4
f 5489/33/4 5471/33/4 5490/33/4
f 5472/38/4 5473/38/4 5491/38/4
f 5471/37/4 5472/37/4 5491/37/4
f 5491/38/4 5473/38/4 5492/38/4
f 5473/39/4 5474/39/4 5493/39/4
f 5492/38/4 5473/38/4 5493/38/4
f 5474/33/4 5416/33/4 5494/33/4
f 5493/39/4 5474/39/4 5494/39/4
f 5416/30/4 5452/30/4 5495/30/4
f 5452/35/4 5453/35/4 5495/35/4
f 5453/35/4 5394/35/4 5496/35/4
f 5495/35/4 5453/35/4 5496/35/4
f 5394/36/4 5395/36/4 5497/36/4
f 5496/35/4 5394/35/4 5497/35/4
f 5395/33/4 3612/33/4 5498/33/4
f 5497/36/4 5395/36/4 5498/36/4
f 5455/35/4 5475/35/4 5499/35/4
f 5454/33/4 5455/33/4 5499/33/4
f 5475/37/4 5476/37/4 5500/37/4
f 5499/35/4 5475/35/4 5500/35/4
f 5476/37/4 5458/37/4 5501/37/4
f 5500/37/4 5476/37/4 5501/37/4
f 5458/35/4 5477/35/4 5501/35/4
f 5478/37/4 5479/37/4 5502/37/4
f 5501/35/4 5477/35/4 5502/35/4
f 5477/37/4 5478/37/4 5502/37/4
f 5502/37/4 5479/37/4 5503/37/4
f 5479/3/4 5480/3/4 5504/3/4
f 5503/37/4 5479/37/4 5504/37/4
f 5480/35/4 5434/35/4 5505/35/4
f 5504/3/4 5480/3/4 5505/3/4
f 5505/35/4 5434/35/4 5506/35/4
f 5448/9/4 5481/9/4 5507/9/4
f 5482/8/4 5483/8/4 5508/8/4
f 5507/9/4 5481/9/4 5508/9/4
f 5481/8/4 5482/8/4 5508/8/4
f 5508/8/4 5483/8/4 5509/8/4
f 5483/1/4 5484/1/4 5510/1/4
f 5509/8/4 5483/8/4 5510/8/4
f 5489/35/4 5490/35/4 5511/35/4
f 5469/35/4 5489/35/4 5511/35/4
f 5490/33/4 5471/33/4 5512/33/4
f 5511/35/4 5490/35/4 5512/35/4
f 5491/37/4 5492/37/4 5513/37/4
f 5471/37/4 5491/37/4 5513/37/4
f 5513/37/4 5492/37/4 5514/37/4
f 5493/33/4 5494/33/4 5515/33/4
f 5492/33/4 5493/33/4 5515/33/4
f 5515/33/4 5494/33/4 5516/33/4
f 5416/30/4 5495/30/4 5517/30/4
f 5516/33/4 5494/33/4 5517/33/4
f 5494/33/4 5416/33/4 5517/33/4
f 5495/30/4 5496/30/4 5517/30/4
f 5517/30/4 5496/30/4 5518/30/4
f 5496/35/4 5497/35/4 5519/35/4
f 5497/35/4 5498/35/4 5519/35/4
f 5498/33/4 3612/33/4 5520/33/4
f 5519/35/4 5498/35/4 5520/35/4
f 5499/37/4 5500/37/4 5521/37/4
f 5500/37/4 5501/37/4 5521/37/4
f 5454/33/4 5499/33/4 5521/33/4
f 5502/37/4 5503/37/4 5521/37/4
f 5501/37/4 5502/37/4 5521/37/4
f 5521/37/4 5503/37/4 5522/37/4
f 5522/37/4 5503/37/4 5523/37/4
f 5448/9/4 5507/9/4 5524/9/4
f 5508/8/4 5509/8/4 5525/8/4
f 5524/9/4 5507/9/4 5525/9/4
f 5507/8/4 5508/8/4 5525/8/4
f 5525/8/4 5509/8/4 5526/8/4
f 5509/1/4 5510/1/4 5527/1/4
f 5526/8/4 5509/8/4 5527/8/4
f 5527/1/4 5510/1/4 5528/1/4
f 5510/1/4 5484/1/4 5529/1/4
f 5528/1/4 5510/1/4 5529/1/4
f 5484/8/4 5485/8/4 5530/8/4
f 5529/1/4 5484/1/4 5530/1/4
f 5486/9/4 5487/9/4 5531/9/4
f 5530/8/4 5485/8/4 5531/8/4
f 5485/9/4 5486/9/4 5531/9/4
f 5487/9/4 5488/9/4 5531/9/4
f 5469/35/4 5511/35/4 5532/35/4
f 5511/33/4 5512/33/4 5532/33/4
f 5512/33/4 5471/33/4 5533/33/4
f 5532/33/4 5512/33/4 5533/33/4
f 5471/37/4 5513/37/4 5534/37/4
f 5513/35/4 5514/35/4 5534/35/4
f 5514/37/4 5492/37/4 5535/37/4
f 5534/35/4 5514/35/4 5535/35/4
f 5492/33/4 5515/33/4 5536/33/4
f 5535/37/4 5492/37/4 5536/37/4
f 5536/33/4 5515/33/4 5537/33/4
f 5515/35/4 5516/35/4 5538/35/4
f 5537/33/4 5515/33/4 5538/33/4
f 5517/33/4 5518/33/4 5539/33/4
f 5538/35/4 5516/35/4 5539/35/4
f 5516/33/4 5517/33/4 5539/33/4
f 5539/33/4 5518/33/4 5540/33/4
f 5540/33/4 5518/33/4 5541/33/4
f 5518/30/4 5496/30/4 5542/30/4
f 5541/33/4 5518/33/4 5542/33/4
f 5496/35/4 5519/35/4 5543/35/4
f 5542/30/4 5496/30/4 5543/30/4
f 5448/9/4 5524/9/4 5544/9/4
f 5525/8/4 5526/8/4 5545/8/4
f 5544/9/4 5524/9/4 5545/9/4
f 5524/8/4 5525/8/4 5545/8/4
f 5545/8/4 5526/8/4 5546/8/4
f 5526/1/4 5527/1/4 5547/1/4
f 5546/8/4 5526/8/4 5547/8/4
f 5527/8/4 5528/8/4 5548/8/4
f 5547/1/4 5527/1/4 5548/1/4
f 5531/9/4 5488/9/4 5549/9/4
f 5530/9/4 5531/9/4 5549/9/4
f 5488/9/4 5468/9/4 5550/9/4
f 5549/9/4 5488/9/4 5550/9/4
f 5469/35/4 5532/35/4 5551/35/4
f 5532/35/4 5533/35/4 5551/35/4
f 5438/35/4 5469/35/4 5551/35/4
f 5551/35/4 5533/35/4 5552/35/4
f 5552/35/4 5533/35/4 5553/35/4
f 5553/35/4 5533/35/4 5554/35/4
f 5536/37/4 5537/37/4 5555/37/4
f 5534/33/4 5535/33/4 5555/33/4
f 5535/37/4 5536/37/4 5555/37/4
f 5555/37/4 5537/37/4 5556/37/4
f 5537/33/4 5538/33/4 5557/33/4
f 5538/33/4 5539/33/4 5557/33/4
f 5539/37/4 5540/37/4 5558/37/4
f 5557/33/4 5539/33/4 5558/33/4
f 5541/35/4 5542/35/4 5559/35/4
f 5540/33/4 5541/33/4 5559/33/4
f 5542/35/4 5543/35/4 5559/35/4
f 5559/35/4 5543/35/4 5560/35/4
f 5523/37/4 5503/37/4 5561/37/4
f 5503/3/4 5504/3/4 5561/3/4
f 5504/37/4 5505/37/4 5562/37/4
f 5561/3/4 5504/3/4 5562/3/4
f 5505/3/4 5506/3/4 5563/3/4
f 5562/37/4 5505/37/4 5563/37/4
f 5506/35/4 5434/35/4 5564/35/4
f 5563/3/4 5506/3/4 5564/3/4
f 5448/9/4 5544/9/4 5565/9/4
f 5545/8/4 5546/8/4 5566/8/4
f 5565/9/4 5544/9/4 5566/9/4
f 5544/8/4 5545/8/4 5566/8/4
f 5546/1/4 5547/1/4 5567/1/4
f 5566/8/4 5546/8/4 5567/8/4
f 5547/8/4 5548/8/4 5568/8/4
f 5567/1/4 5547/1/4 5568/1/4
f 5548/8/4 5528/8/4 5569/8/4
f 5568/8/4 5548/8/4 5569/8/4
f 5528/1/4 5529/1/4 5570/1/4
f 5569/8/4 5528/8/4 5570/8/4
f 5529/8/4 5530/8/4 5571/8/4
f 5570/1/4 5529/1/4 5571/1/4
f 5530/9/4 5549/9/4 5572/9/4
f 5571/8/4 5530/8/4 5572/8/4
f 5572/9/4 5549/9/4 5573/9/4
f 5549/8/4 5550/8/4 5574/8/4
f 5573/9/4 5549/9/4 5574/9/4
f 5574/8/4 5550/8/4 5575/8/4
f 5575/8/4 5550/8/4 5576/8/4
f 5554/35/4 5533/35/4 5577/35/4
f 5553/33/4 5554/33/4 5577/33/4
f 5533/33/4 5471/33/4 5578/33/4
f 5577/35/4 5533/35/4 5578/35/4
f 5556/37/4 5537/37/4 5579/37/4
f 5537/33/4 5557/33/4 5579/33/4
f 5557/37/4 5558/37/4 5580/37/4
f 5579/33/4 5557/33/4 5580/33/4
f 5558/37/4 5540/37/4 5581/37/4
f 5580/37/4 5558/37/4 5581/37/4
f 5540/33/4 5559/33/4 5581/33/4
f 5581/33/4 5559/33/4 5582/33/4
f 5454/33/4 5521/33/4 5583/33/4
f 5521/36/4 5522/36/4 5583/36/4
f 5522/35/4 5523/35/4 5584/35/4
f 5583/36/4 5522/36/4 5584/36/4
f 5561/37/4 5562/37/4 5585/37/4
f 5584/35/4 5523/35/4 5585/35/4
f 5523/37/4 5561/37/4 5585/37/4
f 5562/3/4 5563/3/4 5586/3/4
f 5585/37/4 5562/37/4 5586/37/4
f 5563/35/4 5564/35/4 5587/35/4
f 5586/3/4 5563/3/4 5587/3/4
f 5448/9/4 5565/9/4 5588/9/4
f 5565/8/4 5566/8/4 5589/8/4
f 5588/9/4 5565/9/4 5589/9/4
f 5566/1/4 5567/1/4 5590/1/4
f 5589/8/4 5566/8/4 5590/8/4
f 5567/8/4 5568/8/4 5591/8/4
f 5590/1/4 5567/1/4 5591/1/4
f 5568/8/4 5569/8/4 5591/8/4
f 5591/8/4 5569/8/4 5592/8/4
f 5592/8/4 5569/8/4 5593/8/4
f 5569/1/4 5570/1/4 5594/1/4
f 5593/8/4 5569/8/4 5594/8/4
f 5570/8/4 5571/8/4 5595/8/4
f 5594/1/4 5570/1/4 5595/1/4
f 5572/9/4 5573/9/4 5596/9/4
f 5595/8/4 5571/8/4 5596/8/4
f 5571/9/4 5572/9/4 5596/9/4
f 5596/9/4 5573/9/4 5597/9/4
f 5574/8/4 5575/8/4 5598/8/4
f 5597/9/4 5573/9/4 5598/9/4
f 5573/8/4 5574/8/4 5598/8/4
f 5598/8/4 5575/8/4 5599/8/4
f 5575/1/4 5576/1/4 5600/1/4
f 5599/8/4 5575/8/4 5600/8/4
f 5576/8/4 5550/8/4 5601/8/4
f 5600/1/4 5576/1/4 5601/1/4
f 5601/8/4 5550/8/4 5602/8/4
f 5550/9/4 5468/9/4 5603/9/4
f 5602/8/4 5550/8/4 5603/8/4
f 5578/33/4 5471/33/4 5604/33/4
f 5577/37/4 5578/37/4 5604/37/4
f 5471/37/4 5534/37/4 5605/37/4
f 5604/33/4 5471/33/4 5605/33/4
f 5534/33/4 5555/33/4 5606/33/4
f 5555/33/4 5556/33/4 5606/33/4
f 5556/37/4 5579/37/4 5607/37/4
f 5606/33/4 5556/33/4 5607/33/4
f 5579/35/4 5580/35/4 5608/35/4
f 5607/37/4 5579/37/4 5608/37/4
f 5580/37/4 5581/37/4 5609/37/4
f 5608/35/4 5580/35/4 5609/35/4
f 5581/37/4 5582/37/4 5609/37/4
f 5560/35/4 5543/35/4 5610/35/4
f 5543/35/4 5519/35/4 5610/35/4
f 5519/36/4 5520/36/4 5611/36/4
f 5610/35/4 5519/35/4 5611/35/4
f 5586/37/4 5587/37/4 5612/37/4
f 5584/37/4 5585/37/4 5612/37/4
f 5585/37/4 5586/37/4 5612/37/4
f 5454/33/4 5583/33/4 5612/33/4
f 5583/37/4 5584/37/4 5612/37/4
f 5612/37/4 5587/37/4 5613/37/4
f 5613/37/4 5587/37/4 5614/37/4
f 5587/35/4 5564/35/4 5615/35/4
f 5614/37/4 5587/37/4 5615/37/4
f 5448/9/4 5588/9/4 5616/9/4
f 5588/8/4 5589/8/4 5617/8/4
f 5616/9/4 5588/9/4 5617/9/4
f 5589/1/4 5590/1/4 5618/1/4
f 5617/8/4 5589/8/4 5618/8/4
f 5590/8/4 5591/8/4 5619/8/4
f 5618/1/4 5590/1/4 5619/1/4
f 5591/9/4 5592/9/4 5620/9/4
f 5619/8/4 5591/8/4 5620/8/4
f 5592/8/4 5593/8/4 5621/8/4
f 5593/1/4 5594/1/4 5622/1/4
f 5621/8/4 5593/8/4 5622/8/4
f 5594/8/4 5595/8/4 5623/8/4
f 5622/1/4 5594/1/4 5623/1/4
f 5595/9/4 5596/9/4 5624/9/4
f 5596/9/4 5597/9/4 5624/9/4
f 5598/8/4 5599/8/4 5625/8/4
f 5624/9/4 5597/9/4 5625/9/4
f 5597/8/4 5598/8/4 5625/8/4
f 5625/8/4 5599/8/4 5626/8/4
f 5599/1/4 5600/1/4 5627/1/4
f 5626/8/4 5599/8/4 5627/8/4
f 5601/8/4 5602/8/4 5628/8/4
f 5627/1/4 5600/1/4 5628/1/4
f 5600/8/4 5601/8/4 5628/8/4
f 5602/9/4 5603/9/4 5629/9/4
f 5628/8/4 5602/8/4 5629/8/4
f 5553/33/4 5577/33/4 5630/33/4
f 5552/35/4 5553/35/4 5630/35/4
f 5577/37/4 5604/37/4 5631/37/4
f 5630/33/4 5577/33/4 5631/33/4
f 5604/37/4 5605/37/4 5631/37/4
f 5631/37/4 5605/37/4 5632/37/4
f 5608/37/4 5609/37/4 5633/37/4
f 5607/35/4 5608/35/4 5633/35/4
f 5609/37/4 5582/37/4 5634/37/4
f 5633/37/4 5609/37/4 5634/37/4
f 5560/35/4 5610/35/4 5635/35/4
f 5559/37/4 5560/37/4 5635/37/4
f 5610/36/4 5611/36/4 5636/36/4
f 5635/35/4 5610/35/4 5636/35/4
f 5454/33/4 5612/33/4 5637/33/4
f 5612/35/4 5613/35/4 5637/35/4
f 5637/35/4 5613/35/4 5638/35/4
f 5613/37/4 5614/37/4 5639/37/4
f 5614/3/4 5615/3/4 5640/3/4
f 5639/37/4 5614/37/4 5640/37/4
f 5640/3/4 5615/3/4 5641/3/4
f 5641/3/4 5615/3/4 5642/3/4
f 5615/35/4 5564/35/4 5643/35/4
f 5642/3/4 5615/3/4 5643/3/4
f 5564/35/4 5434/35/4 5644/35/4
f 5643/35/4 5564/35/4 5644/35/4
f 5448/9/4 5616/9/4 5645/9/4
f 5616/8/4 5617/8/4 5646/8/4
f 5645/9/4 5616/9/4 5646/9/4
f 5617/1/4 5618/1/4 5647/1/4
f 5646/8/4 5617/8/4 5647/8/4
f 5618/8/4 5619/8/4 5648/8/4
f 5647/1/4 5618/1/4 5648/1/4
f 5619/9/4 5620/9/4 5649/9/4
f 5648/8/4 5619/8/4 5649/8/4
f 5620/9/4 5592/9/4 5650/9/4
f 5649/9/4 5620/9/4 5650/9/4
f 5592/8/4 5621/8/4 5651/8/4
f 5650/9/4 5592/9/4 5651/9/4
f 5595/9/4 5624/9/4 5652/9/4
f 5623/8/4 5595/8/4 5652/8/4
f 5622/8/4 5623/8/4 5652/8/4
f 5625/8/4 5626/8/4 5653/8/4
f 5652/9/4 5624/9/4 5653/9/4
f 5624/8/4 5625/8/4 5653/8/4
f 5653/8/4 5626/8/4 5654/8/4
f 5626/1/4 5627/1/4 5655/1/4
f 5654/8/4 5626/8/4 5655/8/4
f 5627/8/4 5628/8/4 5656/8/4
f 5655/1/4 5627/1/4 5656/1/4
f 5628/9/4 5629/9/4 5657/9/4
f 5656/8/4 5628/8/4 5657/8/4
f 5606/37/4 5607/37/4 5658/37/4
f 5534/33/4 5606/33/4 5658/33/4
f 5607/35/4 5633/35/4 5659/35/4
f 5658/37/4 5607/37/4 5659/37/4
f 5633/35/4 5634/35/4 5659/35/4
f 5659/35/4 5634/35/4 5660/35/4
f 5634/37/4 5582/37/4 5661/37/4
f 5660/35/4 5634/35/4 5661/35/4
f 5661/37/4 5582/37/4 5662/37/4
f 5582/33/4 5559/33/4 5663/33/4
f 5662/37/4 5582/37/4 5663/37/4
f 5638/35/4 5613/35/4 5664/35/4
f 5613/37/4 5639/37/4 5665/37/4
f 5664/35/4 5613/35/4 5665/35/4
f 5641/35/4 5642/35/4 5666/35/4
f 5642/37/4 5643/37/4 5666/37/4
f 5643/3/4 5644/3/4 5667/3/4
f 5666/37/4 5643/37/4 5667/37/4
f 5448/9/4 5645/9/4 5668/9/4
f 5645/8/4 5646/8/4 5669/8/4
f 5668/9/4 5645/9/4 5669/9/4
f 5646/1/4 5647/1/4 5670/1/4
f 5669/8/4 5646/8/4 5670/8/4
f 5670/1/4 5647/1/4 5671/1/4
f 5647/8/4 5648/8/4 5672/8/4
f 5671/1/4 5647/1/4 5672/1/4
f 5648/9/4 5649/9/4 5673/9/4
f 5672/8/4 5648/8/4 5673/8/4
f 5649/9/4 5650/9/4 5673/9/4
f 5673/9/4 5650/9/4 5674/9/4
f 5650/8/4 5651/8/4 5675/8/4
f 5674/9/4 5650/9/4 5675/9/4
f 5651/8/4 5621/8/4 5676/8/4
f 5675/8/4 5651/8/4 5676/8/4
f 5621/1/4 5622/1/4 5677/1/4
f 5676/8/4 5621/8/4 5677/8/4
f 5622/8/4 5652/8/4 5678/8/4
f 5677/1/4 5622/1/4 5678/1/4
f 5653/8/4 5654/8/4 5678/8/4
f 5652/8/4 5653/8/4 5678/8/4
f 5678/8/4 5654/8/4 5679/8/4
f 5654/1/4 5655/1/4 5680/1/4
f 5679/8/4 5654/8/4 5680/8/4
f 5655/8/4 5656/8/4 5681/8/4
f 5680/1/4 5655/1/4 5681/1/4
f 5681/8/4 5656/8/4 5682/8/4
f 5656/9/4 5657/9/4 5683/9/4
f 5682/8/4 5656/8/4 5683/8/4
f 5632/37/4 5605/37/4 5684/37/4
f 5631/33/4 5632/33/4 5684/33/4
f 5684/37/4 5605/37/4 5685/37/4
f 5534/33/4 5658/33/4 5686/33/4
f 5685/37/4 5605/37/4 5686/37/4
f 5605/37/4 5534/37/4 5686/37/4
f 5658/33/4 5659/33/4 5686/33/4
f 5686/33/4 5659/33/4 5687/33/4
f 5559/37/4 5635/37/4 5688/37/4
f 5635/36/4 5636/36/4 5688/36/4
f 5636/36/4 5611/36/4 5689/36/4
f 5688/36/4 5636/36/4 5689/36/4
f 5454/33/4 5637/33/4 5690/33/4
f 5637/33/4 5638/33/4 5690/33/4
f 5638/35/4 5664/35/4 5691/35/4
f 5690/33/4 5638/33/4 5691/33/4
f 5664/37/4 5665/37/4 5692/37/4
f 5691/35/4 5664/35/4 5692/35/4
f 5665/37/4 5639/37/4 5693/37/4
f 5692/37/4 5665/37/4 5693/37/4
f 5639/3/4 5640/3/4 5693/3/4
f 5640/37/4 5641/37/4 5694/37/4
f 5693/3/4 5640/3/4 5694/3/4
f 5666/35/4 5667/35/4 5695/35/4
f 5694/37/4 5641/37/4 5695/37/4
f 5641/35/4 5666/35/4 5695/35/4
f 5667/3/4 5644/3/4 5696/3/4
f 5695/35/4 5667/35/4 5696/35/4
f 5644/35/4 5434/35/4 5697/35/4
f 5696/3/4 5644/3/4 5697/3/4
f 5448/9/4 5668/9/4 5698/9/4
f 5668/8/4 5669/8/4 5698/8/4
f 5669/1/4 5670/1/4 5699/1/4
f 5698/8/4 5669/8/4 5699/8/4
f 5670/8/4 5671/8/4 5700/8/4
f 5699/1/4 5670/1/4 5700/1/4
f 5671/9/4 5672/9/4 5701/9/4
f 5700/8/4 5671/8/4 5701/8/4
f 5672/9/4 5673/9/4 5701/9/4
f 5673/9/4 5674/9/4 5701/9/4
f 5674/8/4 5675/8/4 5702/8/4
f 5675/8/4 5676/8/4 5702/8/4
f 5676/1/4 5677/1/4 5703/1/4
f 5702/8/4 5676/8/4 5703/8/4
f 5678/8/4 5679/8/4 5704/8/4
f 5703/1/4 5677/1/4 5704/1/4
f 5677/8/4 5678/8/4 5704/8/4
f 5679/1/4 5680/1/4 5705/1/4
f 5704/8/4 5679/8/4 5705/8/4
f 5681/8/4 5682/8/4 5706/8/4
f 5705/1/4 5680/1/4 5706/1/4
f 5680/8/4 5681/8/4 5706/8/4
f 5706/8/4 5682/8/4 5707/8/4
f 5682/9/4 5683/9/4 5708/9/4
f 5707/8/4 5682/8/4 5708/8/4
f 5657/9/4 5629/9/4 5709/9/4
f 5708/9/4 5683/9/4 5709/9/4
f 5683/9/4 5657/9/4 5709/9/4
f 5709/9/4 5629/9/4 5710/9/4
f 5552/35/4 5630/35/4 5711/35/4
f 5551/37/4 5552/37/4 5711/37/4
f 5630/35/4 5631/35/4 5711/35/4
f 5711/35/4 5631/35/4 5712/35/4
f 5659/37/4 5660/37/4 5713/37/4
f 5660/33/4 5661/33/4 5713/33/4
f 5661/37/4 5662/37/4 5714/37/4
f 5713/33/4 5661/33/4 5714/33/4
f 5714/37/4 5662/37/4 5715/37/4
f 5662/33/4 5663/33/4 5716/33/4
f 5715/37/4 5662/37/4 5716/37/4
f 5663/33/4 5559/33/4 5717/33/4
f 5716/33/4 5663/33/4 5717/33/4
f 5559/37/4 5688/37/4 5717/37/4
f 5688/35/4 5689/35/4 5718/35/4
f 5717/37/4 5688/37/4 5718/37/4
f 5689/36/4 5611/36/4 5719/36/4
f 5718/35/4 5689/35/4 5719/35/4
f 5691/37/4 5692/37/4 5720/37/4
f 5690/37/4 5691/37/4 5720/37/4
f 5693/37/4 5694/37/4 5720/37/4
f 5692/37/4 5693/37/4 5720/37/4
f 5454/33/4 5690/33/4 5720/33/4
f 5720/37/4 5694/37/4 5721/37/4
f 5694/3/4 5695/3/4 5722/3/4
f 5721/37/4 5694/37/4 5722/37/4
f 5695/3/4 5696/3/4 5722/3/4
f 5696/35/4 5697/35/4 5723/35/4
f 5722/3/4 5696/3/4 5723/3/4
f 5699/9/4 5700/9/4 5724/9/4
f 5701/9/4 5674/9/4 5724/9/4
f 5700/9/4 5701/9/4 5724/9/4
f 5698/9/4 5699/9/4 5724/9/4
f 5674/8/4 5702/8/4 5725/8/4
f 5724/9/4 5674/9/4 5725/9/4
f 5704/1/4 5705/1/4 5726/1/4
f 5725/8/4 5702/8/4 5726/8/4
f 5703/1/4 5704/1/4 5726/1/4
f 5702/1/4 5703/1/4 5726/1/4
f 5705/8/4 5706/8/4 5727/8/4
f 5726/1/4 5705/1/4 5727/1/4
f 5706/8/4 5707/8/4 5727/8/4
f 5727/8/4 5707/8/4 5728/8/4
f 5707/9/4 5708/9/4 5729/9/4
f 5728/8/4 5707/8/4 5729/8/4
f 5708/9/4 5709/9/4 5729/9/4
f 5729/9/4 5709/9/4 5730/9/4
f 5709/1/4 5710/1/4 5731/1/4
f 5730/9/4 5709/9/4 5731/9/4
f 5710/9/4 5629/9/4 5732/9/4
f 5731/1/4 5710/1/4 5732/1/4
f 5732/9/4 5629/9/4 5733/9/4
f 5715/33/4 5716/33/4 5734/33/4
f 5714/37/4 5715/37/4 5734/37/4
f 5716/37/4 5717/37/4 5735/37/4
f 5734/33/4 5716/33/4 5735/33/4
f 5717/35/4 5718/35/4 5736/35/4
f 5735/37/4 5717/37/4 5736/37/4
f 5718/36/4 5719/36/4 5737/36/4
f 5736/35/4 5718/35/4 5737/35/4
f 5722/35/4 5723/35/4 5738/35/4
f 5721/37/4 5722/37/4 5738/37/4
f 5723/35/4 5697/35/4 5739/35/4
f 5738/35/4 5723/35/4 5739/35/4
f 5727/8/4 5728/8/4 5740/8/4
f 5724/8/4 5725/8/4 5740/8/4
f 5725/8/4 5726/8/4 5740/8/4
f 5726/8/4 5727/8/4 5740/8/4
f 5728/9/4 5729/9/4 5741/9/4
f 5740/8/4 5728/8/4 5741/8/4
f 5729/9/4 5730/9/4 5741/9/4
f 5684/35/4 5685/35/4 5742/35/4
f 5631/33/4 5684/33/4 5742/33/4
f 5686/37/4 5687/37/4 5743/37/4
f 5742/35/4 5685/35/4 5743/35/4
f 5685/37/4 5686/37/4 5743/37/4
f 5721/37/4 5738/37/4 5744/37/4
f 5738/3/4 5739/3/4 5745/3/4
f 5744/37/4 5738/37/4 5745/37/4
f 5739/35/4 5697/35/4 5746/35/4
f 5745/3/4 5739/3/4 5746/3/4
f 5697/35/4 5434/35/4 5747/35/4
f 5746/35/4 5697/35/4 5747/35/4
f 5698/9/4 5724/9/4 5748/9/4
f 5724/8/4 5740/8/4 5748/8/4
f 5740/9/4 5741/9/4 5749/9/4
f 5748/8/4 5740/8/4 5749/8/4
f 5712/35/4 5631/35/4 5750/35/4
f 5711/37/4 5712/37/4 5750/37/4
f 5750/35/4 5631/35/4 5751/35/4
f 5743/37/4 5687/37/4 5752/37/4
f 5742/37/4 5743/37/4 5752/37/4
f 5687/33/4 5659/33/4 5753/33/4
f 5752/37/4 5687/37/4 5753/37/4
f 5713/35/4 5714/35/4 5754/35/4
f 5714/37/4 5734/37/4 5754/37/4
f 5734/35/4 5735/35/4 5755/35/4
f 5754/37/4 5734/37/4 5755/37/4
f 5735/37/4 5736/37/4 5756/37/4
f 5755/35/4 5735/35/4 5756/35/4
f 5397/33/4 5371/33/4 5757/33/4
f 5396/36/4 5397/36/4 5757/36/4
f 5757/33/4 5371/33/4 5758/33/4
f 5371/36/4 5454/36/4 5759/36/4
f 5758/33/4 5371/33/4 5759/33/4
f 5720/33/4 5721/33/4 5760/33/4
f 5454/33/4 5720/33/4 5760/33/4
f 5721/37/4 5744/37/4 5761/37/4
f 5760/33/4 5721/33/4 5761/33/4
f 5744/3/4 5745/3/4 5762/3/4
f 5761/37/4 5744/37/4 5762/37/4
f 5745/35/4 5746/35/4 5763/35/4
f 5762/3/4 5745/3/4 5763/3/4
f 5746/3/4 5747/3/4 5764/3/4
f 5763/35/4 5746/35/4 5764/35/4
f 5747/35/4 5434/35/4 5765/35/4
f 5764/3/4 5747/3/4 5765/3/4
f 5435/35/4 5448/35/4 5766/35/4
f 5448/9/4 5698/9/4 5766/9/4
f 5698/9/4 5748/9/4 5766/9/4
f 5748/9/4 5749/9/4 5766/9/4
f 5749/9/4 5741/9/4 5767/9/4
f 5766/9/4 5749/9/4 5767/9/4
f 5741/9/4 5730/9/4 5767/9/4
f 5731/1/4 5732/1/4 5768/1/4
f 5767/9/4 5730/9/4 5768/9/4
f 5730/1/4 5731/1/4 5768/1/4
f 5732/1/4 5733/1/4 5768/1/4
f 5733/9/4 5629/9/4 5769/9/4
f 5768/1/4 5733/1/4 5769/1/4
f 5468/35/4 5410/35/4 5770/35/4
f 5769/9/4 5629/9/4 5770/9/4
f 5629/9/4 5603/9/4 5770/9/4
f 5603/9/4 5468/9/4 5770/9/4
f 5752/33/4 5753/33/4 5771/33/4
f 5659/37/4 5713/37/4 5771/37/4
f 5753/33/4 5659/33/4 5771/33/4
f 5713/35/4 5754/35/4 5772/35/4
f 5771/37/4 5713/37/4 5772/37/4
f 5737/36/4 5719/36/4 5773/36/4
f 5736/33/4 5737/33/4 5773/33/4
f 5719/36/4 5611/36/4 5774/36/4
f 5773/36/4 5719/36/4 5774/36/4
f 5763/3/4 5764/3/4 5775/3/4
f 5760/37/4 5761/37/4 5775/37/4
f 5762/37/4 5763/37/4 5775/37/4
f 5761/37/4 5762/37/4 5775/37/4
f 5764/35/4 5765/35/4 5776/35/4
f 5775/3/4 5764/3/4 5776/3/4
f 5435/35/4 5766/35/4 5777/35/4
f 5766/35/4 5767/35/4 5777/35/4
f 5434/25/4 5435/25/4 5777/25/4
f 5777/35/4 5767/35/4 5778/35/4
f 5778/35/4 5767/35/4 5779/35/4
f 5768/1/4 5769/1/4 5780/1/4
f 5779/35/4 5767/35/4 5780/35/4
f 5767/1/4 5768/1/4 5780/1/4
f 5410/1/4 5450/1/4 5781/1/4
f 5450/25/4 5451/25/4 5781/25/4
f 5451/1/4 5438/1/4 5782/1/4
f 5781/25/4 5451/25/4 5782/25/4
f 5742/37/4 5752/37/4 5783/37/4
f 5783/37/4 5752/37/4 5784/37/4
f 5771/35/4 5772/35/4 5785/35/4
f 5752/33/4 5771/33/4 5785/33/4
f 5772/35/4 5754/35/4 5786/35/4
f 5785/35/4 5772/35/4 5786/35/4
f 5760/37/4 5775/37/4 5787/37/4
f 5775/35/4 5776/35/4 5788/35/4
f 5787/37/4 5775/37/4 5788/37/4
f 5776/35/4 5765/35/4 5789/35/4
f 5788/35/4 5776/35/4 5789/35/4
f 5765/35/4 5434/35/4 5790/35/4
f 5789/35/4 5765/35/4 5790/35/4
f 5777/25/4 5778/25/4 5790/25/4
f 5434/25/4 5777/25/4 5790/25/4
f 5790/25/4 5778/25/4 5791/25/4
f 5778/35/4 5779/35/4 5792/35/4
f 5779/1/4 5780/1/4 5792/1/4
f 5780/1/4 5769/1/4 5793/1/4
f 5792/1/4 5780/1/4 5793/1/4
f 5793/1/4 5769/1/4 5794/1/4
f 5769/35/4 5770/35/4 5795/35/4
f 5794/1/4 5769/1/4 5795/1/4
f 5781/1/4 5782/1/4 5796/1/4
f 5782/1/4 5438/1/4 5797/1/4
f 5796/1/4 5782/1/4 5797/1/4
f 5438/35/4 5551/35/4 5797/35/4
f 5750/37/4 5751/37/4 5798/37/4
f 5711/37/4 5750/37/4 5798/37/4
f 5551/37/4 5711/37/4 5798/37/4
f 5798/37/4 5751/37/4 5799/37/4
f 5631/33/4 5742/33/4 5800/33/4
f 5742/37/4 5783/37/4 5800/37/4
f 5783/33/4 5784/33/4 5801/33/4
f 5800/37/4 5783/37/4 5801/37/4
f 5752/33/4 5785/33/4 5802/33/4
f 5785/37/4 5786/37/4 5803/37/4
f 5802/33/4 5785/33/4 5803/33/4
f 5786/35/4 5754/35/4 5804/35/4
f 5803/37/4 5786/37/4 5804/37/4
f 5754/33/4 5755/33/4 5805/33/4
f 5804/35/4 5754/35/4 5805/35/4
f 5755/37/4 5756/37/4 5806/37/4
f 5805/33/4 5755/33/4 5806/33/4
f 5756/37/4 5736/37/4 5807/37/4
f 5806/37/4 5756/37/4 5807/37/4
f 5736/33/4 5773/33/4 5808/33/4
f 5807/37/4 5736/37/4 5808/37/4
f 5774/36/4 5611/36/4 5809/36/4
f 5773/35/4 5774/35/4 5809/35/4
f 5611/36/4 5520/36/4 5810/36/4
f 5809/36/4 5611/36/4 5810/36/4
f 5454/33/4 5760/33/4 5811/33/4
f 5760/37/4 5787/37/4 5811/37/4
f 5811/37/4 5787/37/4 5812/37/4
f 5787/35/4 5788/35/4 5813/35/4
f 5812/37/4 5787/37/4 5813/37/4
f 5788/3/4 5789/3/4 5814/3/4
f 5813/35/4 5788/35/4 5814/35/4
f 5814/3/4 5789/3/4 5815/3/4
f 5815/3/4 5789/3/4 5816/3/4
f 5790/35/4 5791/35/4 5817/35/4
f 5816/3/4 5789/3/4 5817/3/4
f 5789/35/4 5790/35/4 5817/35/4
f 5817/35/4 5791/35/4 5818/35/4
f 5791/25/4 5778/25/4 5819/25/4
f 5778/35/4 5792/35/4 5819/35/4
f 5792/35/4 5793/35/4 5819/35/4
f 5819/35/4 5793/35/4 5820/35/4
f 5793/1/4 5794/1/4 5821/1/4
f 5820/35/4 5793/35/4 5821/35/4
f 5794/35/4 5795/35/4 5822/35/4
f 5821/1/4 5794/1/4 5822/1/4
f 5795/35/4 5770/35/4 5823/35/4
f 5822/35/4 5795/35/4 5823/35/4
f 5770/35/4 5410/35/4 5824/35/4
f 5823/35/4 5770/35/4 5824/35/4
f 5781/1/4 5796/1/4 5824/1/4
f 5410/1/4 5781/1/4 5824/1/4
f 5799/37/4 5751/37/4 5825/37/4
f 5798/35/4 5799/35/4 5825/35/4
f 5751/35/4 5631/35/4 5826/35/4
f 5825/37/4 5751/37/4 5826/37/4
f 5631/33/4 5800/33/4 5827/33/4
f 5826/35/4 5631/35/4 5827/35/4
f 5800/33/4 5801/33/4 5827/33/4
f 5827/33/4 5801/33/4 5828/33/4
f 5801/33/4 5784/33/4 5829/33/4
f 5828/33/4 5801/33/4 5829/33/4
f 5805/33/4 5806/33/4 5830/33/4
f 5804/33/4 5805/33/4 5830/33/4
f 5806/35/4 5807/35/4 5831/35/4
f 5830/33/4 5806/33/4 5831/33/4
f 5807/33/4 5808/33/4 5832/33/4
f 5831/35/4 5807/35/4 5832/35/4
f 5832/33/4 5808/33/4 5833/33/4
f 5808/33/4 5773/33/4 5834/33/4
f 5833/33/4 5808/33/4 5834/33/4
f 5773/35/4 5809/35/4 5834/35/4
f 5809/35/4 5810/35/4 5834/35/4
f 5834/35/4 5810/35/4 5835/35/4
f 5811/33/4 5812/33/4 5836/33/4
f 5759/36/4 5454/36/4 5836/36/4
f 5454/33/4 5811/33/4 5836/33/4
f 5836/33/4 5812/33/4 5837/33/4
f 5818/35/4 5791/35/4 5838/35/4
f 5791/25/4 5819/25/4 5838/25/4
f 5819/25/4 5820/25/4 5838/25/4
f 5838/25/4 5820/25/4 5839/25/4
f 5824/1/4 5796/1/4 5840/1/4
f 5823/25/4 5824/25/4 5840/25/4
f 5796/35/4 5797/35/4 5841/35/4
f 5840/1/4 5796/1/4 5841/1/4
f 5798/35/4 5825/35/4 5842/35/4
f 5827/35/4 5828/35/4 5842/35/4
f 5826/35/4 5827/35/4 5842/35/4
f 5825/35/4 5826/35/4 5842/35/4
f 5551/37/4 5798/37/4 5842/37/4
f 5842/35/4 5828/35/4 5843/35/4
f 5828/37/4 5829/37/4 5844/37/4
f 5843/35/4 5828/35/4 5844/35/4
f 5829/33/4 5784/33/4 5845/33/4
f 5844/37/4 5829/37/4 5845/37/4
f 5835/35/4 5810/35/4 5846/35/4
f 5834/33/4 5835/33/4 5846/33/4
f 5833/33/4 5834/33/4 5846/33/4
f 5810/36/4 5520/36/4 5847/36/4
f 5846/35/4 5810/35/4 5847/35/4
f 5812/37/4 5813/37/4 5848/37/4
f 5813/3/4 5814/3/4 5848/3/4
f 5814/35/4 5815/35/4 5849/35/4
f 5848/3/4 5814/3/4 5849/3/4
f 5849/35/4 5815/35/4 5850/35/4
f 5815/3/4 5816/3/4 5851/3/4
f 5850/35/4 5815/35/4 5851/35/4
f 5816/35/4 5817/35/4 5852/35/4
f 5851/3/4 5816/3/4 5852/3/4
f 5852/35/4 5817/35/4 5853/35/4
f 5817/3/4 5818/3/4 5854/3/4
f 5853/35/4 5817/35/4 5854/35/4
f 5818/35/4 5838/35/4 5855/35/4
f 5854/3/4 5818/3/4 5855/3/4
f 5838/35/4 5839/35/4 5855/35/4
f 5822/35/4 5823/35/4 5856/35/4
f 5820/35/4 5821/35/4 5856/35/4
f 5839/25/4 5820/25/4 5856/25/4
f 5821/35/4 5822/35/4 5856/35/4
f 5823/25/4 5840/25/4 5857/25/4
f 5856/35/4 5823/35/4 5857/35/4
f 5841/35/4 5797/35/4 5858/35/4
f 5842/37/4 5843/37/4 5858/37/4
f 5797/35/4 5551/35/4 5858/35/4
f 5840/35/4 5841/35/4 5858/35/4
f 5551/37/4 5842/37/4 5858/37/4
f 5858/37/4 5843/37/4 5859/37/4
f 5845/33/4 5784/33/4 5860/33/4
f 5784/37/4 5752/37/4 5860/37/4
f 5752/33/4 5802/33/4 5861/33/4
f 5860/37/4 5752/37/4 5861/37/4
f 5847/36/4 5520/36/4 5862/36/4
f 5846/31/4 5847/31/4 5862/31/4
f 5520/33/4 3612/33/4 5863/33/4
f 5862/36/4 5520/36/4 5863/36/4
f 5812/37/4 5848/37/4 5864/37/4
f 5848/35/4 5849/35/4 5864/35/4
f 5849/3/4 5850/3/4 5865/3/4
f 5864/35/4 5849/35/4 5865/35/4
f 5851/35/4 5852/35/4 5866/35/4
f 5865/3/4 5850/3/4 5866/3/4
f 5852/35/4 5853/35/4 5866/35/4
f 5850/35/4 5851/35/4 5866/35/4
f 5853/3/4 5854/3/4 5867/3/4
f 5866/35/4 5853/35/4 5867/35/4
f 5854/35/4 5855/35/4 5868/35/4
f 5867/3/4 5854/3/4 5868/3/4
f 5856/25/4 5857/25/4 5869/25/4
f 5868/35/4 5855/35/4 5869/35/4
f 5855/35/4 5839/35/4 5869/35/4
f 5839/25/4 5856/25/4 5869/25/4
f 5857/25/4 5840/25/4 5870/25/4
f 5869/25/4 5857/25/4 5870/25/4
f 5858/35/4 5859/35/4 5870/35/4
f 5840/35/4 5858/35/4 5870/35/4
f 5843/35/4 5844/35/4 5871/35/4
f 5844/35/4 5845/35/4 5871/35/4
f 5845/33/4 5860/33/4 5872/33/4
f 5871/35/4 5845/35/4 5872/35/4
f 5861/33/4 5802/33/4 5873/33/4
f 5802/37/4 5803/37/4 5873/37/4
f 5803/35/4 5804/35/4 5874/35/4
f 5873/37/4 5803/37/4 5874/37/4
f 5837/33/4 5812/33/4 5875/33/4
f 5864/37/4 5865/37/4 5875/37/4
f 5812/37/4 5864/37/4 5875/37/4
f 5875/37/4 5865/37/4 5876/37/4
f 5870/35/4 5859/35/4 5877/35/4
f 5868/35/4 5869/35/4 5877/35/4
f 5867/35/4 5868/35/4 5877/35/4
f 5869/35/4 5870/35/4 5877/35/4
f 5865/35/4 5866/35/4 5877/35/4
f 5866/35/4 5867/35/4 5877/35/4
f 5877/35/4 5859/35/4 5878/35/4
f 5859/37/4 5843/37/4 5879/37/4
f 5878/35/4 5859/35/4 5879/35/4
f 5843/35/4 5871/35/4 5880/35/4
f 5879/37/4 5843/37/4 5880/37/4
f 5871/33/4 5872/33/4 5881/33/4
f 5880/35/4 5871/35/4 5881/35/4
f 5872/33/4 5860/33/4 5882/33/4
f 5881/33/4 5872/33/4 5882/33/4
f 5873/35/4 5874/35/4 5883/35/4
f 5861/33/4 5873/33/4 5883/33/4
f 5874/35/4 5804/35/4 5884/35/4
f 5883/35/4 5874/35/4 5884/35/4
f 5804/33/4 5830/33/4 5885/33/4
f 5884/35/4 5804/35/4 5885/35/4
f 5832/32/4 5833/32/4 5886/32/4
f 5831/40/4 5832/40/4 5886/40/4
f 5833/33/4 5846/33/4 5887/33/4
f 5886/32/4 5833/32/4 5887/32/4
f 5875/33/4 5876/33/4 5888/33/4
f 5837/33/4 5875/33/4 5888/33/4
f 5836/34/4 5837/34/4 5888/34/4
f 5888/33/4 5876/33/4 5889/33/4
f 5876/37/4 5865/37/4 5890/37/4
f 5889/33/4 5876/33/4 5890/33/4
f 5890/37/4 5865/37/4 5891/37/4
f 5865/35/4 5877/35/4 5892/35/4
f 5892/35/4 5877/35/4 5893/35/4
f 5893/35/4 5877/35/4 5894/35/4
f 5894/35/4 5877/35/4 5895/35/4
f 5895/35/4 5877/35/4 5896/35/4
f 5896/35/4 5877/35/4 5897/35/4
f 5880/35/4 5881/35/4 5898/35/4
f 5879/35/4 5880/35/4 5898/35/4
f 5878/35/4 5879/35/4 5898/35/4
f 5881/35/4 5882/35/4 5898/35/4
f 5898/35/4 5882/35/4 5899/35/4
f 5882/33/4 5860/33/4 5900/33/4
f 5860/35/4 5861/35/4 5900/35/4
f 5861/33/4 5883/33/4 5901/33/4
f 5900/35/4 5861/35/4 5901/35/4
f 5883/32/4 5884/32/4 5902/32/4
f 5901/33/4 5883/33/4 5902/33/4
f 5884/33/4 5885/33/4 5903/33/4
f 5902/32/4 5884/32/4 5903/32/4
f 5885/33/4 5830/33/4 5904/33/4
f 5903/33/4 5885/33/4 5904/33/4
f 5830/31/4 5831/31/4 5904/31/4
f 5831/40/4 5886/40/4 5905/40/4
f 5904/31/4 5831/31/4 5905/31/4
f 5886/33/4 5887/33/4 5906/33/4
f 5905/40/4 5886/40/4 5906/40/4
f 5887/33/4 5846/33/4 5907/33/4
f 5906/33/4 5887/33/4 5907/33/4
f 5891/37/4 5865/37/4 5908/37/4
f 5865/35/4 5892/35/4 5908/35/4
f 5908/35/4 5892/35/4 5909/35/4
f 5909/35/4 5892/35/4 5910/35/4
f 5892/36/4 5893/36/4 5911/36/4
f 5910/35/4 5892/35/4 5911/35/4
f 5895/35/4 5896/35/4 5912/35/4
f 5912/35/4 5896/35/4 5913/35/4
f 5913/35/4 5896/35/4 5914/35/4
f 5914/35/4 5896/35/4 5915/35/4
f 5882/33/4 5900/33/4 5916/33/4
f 5899/35/4 5882/35/4 5916/35/4
f 5900/32/4 5901/32/4 5917/32/4
f 5916/33/4 5900/33/4 5917/33/4
f 5904/33/4 5905/33/4 5918/33/4
f 5917/32/4 5901/32/4 5918/32/4
f 5902/33/4 5903/33/4 5918/33/4
f 5903/33/4 5904/33/4 5918/33/4
f 5901/33/4 5902/33/4 5918/33/4
f 5918/33/4 5905/33/4 5919/33/4
f 5905/40/4 5906/40/4 5920/40/4
f 5919/33/4 5905/33/4 5920/33/4
f 5906/39/4 5907/39/4 5921/39/4
f 5920/40/4 5906/40/4 5921/40/4
f 5890/36/4 5891/36/4 5922/36/4
f 5891/37/4 5908/37/4 5922/37/4
f 5908/37/4 5909/37/4 5922/37/4
f 5922/37/4 5909/37/4 5923/37/4
f 5909/35/4 5910/35/4 5924/35/4
f 5923/37/4 5909/37/4 5924/37/4
f 5924/35/4 5910/35/4 5925/35/4
f 5925/35/4 5910/35/4 5926/35/4
f 5926/35/4 5910/35/4 5927/35/4
f 5911/36/4 5893/36/4 5928/36/4
f 5893/35/4 5894/35/4 5928/35/4
f 5910/36/4 5911/36/4 5928/36/4
f 5928/35/4 5894/35/4 5929/35/4
f 5929/35/4 5894/35/4 5930/35/4
f 5894/36/4 5895/36/4 5931/36/4
f 5930/35/4 5894/35/4 5931/35/4
f 5895/35/4 5912/35/4 5932/35/4
f 5912/36/4 5913/36/4 5933/36/4
f 5932/35/4 5912/35/4 5933/35/4
f 5915/35/4 5896/35/4 5934/35/4
f 5934/35/4 5896/35/4 5935/35/4
f 5897/35/4 5877/35/4 5936/35/4
f 5936/35/4 5877/35/4 5937/35/4
f 5937/35/4 5877/35/4 5938/35/4
f 5877/38/4 5878/38/4 5939/38/4
f 5938/35/4 5877/35/4 5939/35/4
f 5878/35/4 5898/35/4 5940/35/4
f 5940/35/4 5898/35/4 5941/35/4
f 5918/39/4 5919/39/4 5942/39/4
f 5916/39/4 5917/39/4 5942/39/4
f 5899/35/4 5916/35/4 5942/35/4
f 5917/39/4 5918/39/4 5942/39/4
f 5942/39/4 5919/39/4 5943/39/4
f 5943/39/4 5919/39/4 5944/39/4
f 5846/31/4 5862/31/4 5945/31/4
f 5907/33/4 5846/33/4 5945/33/4
f 5862/35/4 5863/35/4 5946/35/4
f 5945/31/4 5862/31/4 5946/31/4
f 5923/37/4 5924/37/4 5947/37/4
f 5924/37/4 5925/37/4 5947/37/4
f 5925/35/4 5926/35/4 5948/35/4
f 5947/37/4 5925/37/4 5948/37/4
f 5948/35/4 5926/35/4 5949/35/4
f 5949/35/4 5926/35/4 5950/35/4
f 5927/35/4 5910/35/4 5951/35/4
f 5951/35/4 5910/35/4 5952/35/4
f 5952/35/4 5910/35/4 5953/35/4
f 5910/36/4 5928/36/4 5954/36/4
f 5953/35/4 5910/35/4 5954/35/4
f 5928/36/4 5929/36/4 5954/36/4
f 5895/35/4 5932/35/4 5955/35/4
f 5931/36/4 5895/36/4 5955/36/4
f 5930/36/4 5931/36/4 5955/36/4
f 5955/35/4 5932/35/4 5956/35/4
f 5933/36/4 5913/36/4 5957/36/4
f 5913/35/4 5914/35/4 5957/35/4
f 5932/36/4 5933/36/4 5957/36/4
f 5957/35/4 5914/35/4 5958/35/4
f 5914/36/4 5915/36/4 5959/36/4
f 5915/35/4 5934/35/4 5959/35/4
f 5959/35/4 5934/35/4 5960/35/4
f 5896/36/4 5897/36/4 5961/36/4
f 5897/35/4 5936/35/4 5961/35/4
f 5961/35/4 5936/35/4 5962/35/4
f 5898/39/4 5899/39/4 5963/39/4
f 5899/35/4 5942/35/4 5963/35/4
f 5942/35/4 5943/35/4 5963/35/4
f 5963/35/4 5943/35/4 5964/35/4
f 5964/35/4 5943/35/4 5965/35/4
f 5965/35/4 5943/35/4 5966/35/4
f 5966/35/4 5943/35/4 5967/35/4
f 5943/33/4 5944/33/4 5968/33/4
f 5967/35/4 5943/35/4 5968/35/4
f 5921/39/4 5907/39/4 5969/39/4
f 5920/41/4 5921/41/4 5969/41/4
f 5907/33/4 5945/33/4 5970/33/4
f 5969/39/4 5907/39/4 5970/39/4
f 5945/33/4 5946/33/4 5970/33/4
f 5970/33/4 5946/33/4 5971/33/4
f 5971/33/4 5946/33/4 5972/33/4
f 5946/35/4 5863/35/4 5973/35/4
f 5972/33/4 5946/33/4 5973/33/4
f 5922/36/4 5923/36/4 5974/36/4
f 5923/37/4 5947/37/4 5974/37/4
f 5947/36/4 5948/36/4 5975/36/4
f 5974/37/4 5947/37/4 5975/37/4
f 5948/37/4 5949/37/4 5976/37/4
f 5975/36/4 5948/36/4 5976/36/4
f 5949/36/4 5950/36/4 5977/36/4
f 5976/37/4 5949/37/4 5977/37/4
f 5950/35/4 5926/35/4 5978/35/4
f 5977/36/4 5950/36/4 5978/36/4
f 5926/36/4 5927/36/4 5979/36/4
f 5978/35/4 5926/35/4 5979/35/4
f 5927/35/4 5951/35/4 5980/35/4
f 5979/36/4 5927/36/4 5980/36/4
f 5951/36/4 5952/36/4 5981/36/4
f 5980/35/4 5951/35/4 5981/35/4
f 5952/35/4 5953/35/4 5982/35/4
f 5981/36/4 5952/36/4 5982/36/4
f 5953/36/4 5954/36/4 5983/36/4
f 5982/35/4 5953/35/4 5983/35/4
f 5958/35/4 5914/35/4 5984/35/4
f 5957/36/4 5958/36/4 5984/36/4
f 5984/35/4 5914/35/4 5985/35/4
f 5960/35/4 5934/35/4 5986/35/4
f 5986/35/4 5934/35/4 5987/35/4
f 5937/35/4 5938/35/4 5988/35/4
f 5936/36/4 5937/36/4 5988/36/4
f 5988/35/4 5938/35/4 5989/35/4
f 5939/38/4 5878/38/4 5990/38/4
f 5938/36/4 5939/36/4 5990/36/4
f 5878/35/4 5940/35/4 5991/35/4
f 5990/38/4 5878/38/4 5991/38/4
f 5940/41/4 5941/41/4 5992/41/4
f 5991/35/4 5940/35/4 5992/35/4
f 5941/35/4 5898/35/4 5993/35/4
f 5992/41/4 5941/41/4 5993/41/4
f 5966/35/4 5967/35/4 5994/35/4
f 5965/33/4 5966/33/4 5994/33/4
f 5967/39/4 5968/39/4 5995/39/4
f 5994/35/4 5967/35/4 5995/35/4
f 5944/39/4 5919/39/4 5996/39/4
f 5919/33/4 5920/33/4 5996/33/4
f 5920/41/4 5969/41/4 5997/41/4
f 5996/33/4 5920/33/4 5997/33/4
f 5954/36/4 5929/36/4 5998/36/4
f 5983/36/4 5954/36/4 5998/36/4
f 5976/36/4 5977/36/4 5998/36/4
f 5981/36/4 5982/36/4 5998/36/4
f 5929/35/4 5930/35/4 5998/35/4
f 5977/36/4 5978/36/4 5998/36/4
f 5980/36/4 5981/36/4 5998/36/4
f 5979/36/4 5980/36/4 5998/36/4
f 5978/36/4 5979/36/4 5998/36/4
f 5982/36/4 5983/36/4 5998/36/4
f 5974/36/4 5975/36/4 5998/36/4
f 5975/36/4 5976/36/4 5998/36/4
f 5998/35/4 5930/35/4 5999/35/4
f 5956/35/4 5932/35/4 6000/35/4
f 5955/36/4 5956/36/4 6000/36/4
f 5984/36/4 5985/36/4 6001/36/4
f 6000/35/4 5932/35/4 6001/35/4
f 5957/36/4 5984/36/4 6001/36/4
f 5932/36/4 5957/36/4 6001/36/4
f 5985/35/4 5914/35/4 6002/35/4
f 6001/36/4 5985/36/4 6002/36/4
f 5959/36/4 5960/36/4 6003/36/4
f 6002/35/4 5914/35/4 6003/35/4
f 5914/36/4 5959/36/4 6003/36/4
f 5960/35/4 5986/35/4 6004/35/4
f 6003/36/4 5960/36/4 6004/36/4
f 5986/36/4 5987/36/4 6005/36/4
f 6004/35/4 5986/35/4 6005/35/4
f 5987/35/4 5934/35/4 6006/35/4
f 6005/36/4 5987/36/4 6006/36/4
f 5934/36/4 5935/36/4 6007/36/4
f 6006/35/4 5934/35/4 6007/35/4
f 5962/35/4 5936/35/4 6008/35/4
f 5936/36/4 5988/36/4 6009/36/4
f 6008/35/4 5936/35/4 6009/35/4
f 5988/36/4 5989/36/4 6009/36/4
f 5989/35/4 5938/35/4 6010/35/4
f 6010/35/4 5938/35/4 6011/35/4
f 6011/35/4 5938/35/4 6012/35/4
f 5938/36/4 5990/36/4 6013/36/4
f 6012/35/4 5938/35/4 6013/35/4
f 5993/35/4 5898/35/4 6014/35/4
f 5898/39/4 5963/39/4 6014/39/4
f 5963/36/4 5964/36/4 6015/36/4
f 6014/39/4 5963/39/4 6015/39/4
f 5964/35/4 5965/35/4 6016/35/4
f 6015/36/4 5964/36/4 6016/36/4
f 6016/35/4 5965/35/4 6017/35/4
f 5994/33/4 5995/33/4 6018/33/4
f 6017/35/4 5965/35/4 6018/35/4
f 5965/33/4 5994/33/4 6018/33/4
f 6018/33/4 5995/33/4 6019/33/4
f 6019/33/4 5995/33/4 6020/33/4
f 5971/33/4 5972/33/4 6021/33/4
f 5970/32/4 5971/32/4 6021/32/4
f 6021/33/4 5972/33/4 6022/33/4
f 5973/35/4 5863/35/4 6023/35/4
f 5972/36/4 5973/36/4 6023/36/4
f 5863/33/4 3612/33/4 6024/33/4
f 6023/35/4 5863/35/4 6024/35/4
f 5999/35/4 5930/35/4 6025/35/4
f 5998/36/4 5999/36/4 6025/36/4
f 6025/35/4 5930/35/4 6026/35/4
f 6004/36/4 6005/36/4 6027/36/4
f 6026/35/4 5930/35/4 6027/35/4
f 6000/36/4 6001/36/4 6027/36/4
f 6002/36/4 6003/36/4 6027/36/4
f 5955/36/4 6000/36/4 6027/36/4
f 6006/36/4 6007/36/4 6027/36/4
f 5930/36/4 5955/36/4 6027/36/4
f 6005/36/4 6006/36/4 6027/36/4
f 6001/36/4 6002/36/4 6027/36/4
f 6003/36/4 6004/36/4 6027/36/4
f 5935/35/4 5896/35/4 6028/35/4
f 6027/36/4 6007/36/4 6028/36/4
f 6007/36/4 5935/36/4 6028/36/4
f 6028/35/4 5896/35/4 6029/35/4
f 6029/35/4 5896/35/4 6030/35/4
f 5961/36/4 5962/36/4 6031/36/4
f 6030/35/4 5896/35/4 6031/35/4
f 5896/36/4 5961/36/4 6031/36/4
f 6009/36/4 5989/36/4 6032/36/4
f 5989/35/4 6010/35/4 6032/35/4
f 6008/36/4 6009/36/4 6032/36/4
f 6032/35/4 6010/35/4 6033/35/4
f 6016/36/4 6017/36/4 6034/36/4
f 6015/36/4 6016/36/4 6034/36/4
f 6014/33/4 6015/33/4 6034/33/4
f 6034/36/4 6017/36/4 6035/36/4
f 6020/33/4 5995/33/4 6036/33/4
f 6019/32/4 6020/32/4 6036/32/4
f 5995/39/4 5968/39/4 6037/39/4
f 6036/33/4 5995/33/4 6037/33/4
f 6022/33/4 5972/33/4 6038/33/4
f 5972/36/4 6023/36/4 6039/36/4
f 6038/33/4 5972/33/4 6039/33/4
f 6023/36/4 6024/36/4 6039/36/4
f 6039/36/4 6024/36/4 6040/36/4
f 6025/37/4 6026/37/4 6041/37/4
f 5998/36/4 6025/36/4 6041/36/4
f 6026/36/4 6027/36/4 6042/36/4
f 6041/37/4 6026/37/4 6042/37/4
f 6027/36/4 6028/36/4 6042/36/4
f 6028/36/4 6029/36/4 6042/36/4
f 6033/35/4 6010/35/4 6043/35/4
f 6032/36/4 6033/36/4 6043/36/4
f 6043/35/4 6010/35/4 6044/35/4
f 6018/35/4 6019/35/4 6045/35/4
f 6017/35/4 6018/35/4 6045/35/4
f 6035/36/4 6017/36/4 6045/36/4
f 6045/35/4 6019/35/4 6046/35/4
f 5968/33/4 5944/33/4 6047/33/4
f 6037/39/4 5968/39/4 6047/39/4
f 5944/39/4 5996/39/4 6048/39/4
f 6047/33/4 5944/33/4 6048/33/4
f 6039/31/4 6040/31/4 6049/31/4
f 6022/33/4 6038/33/4 6049/33/4
f 6038/31/4 6039/31/4 6049/31/4
f 6049/31/4 6040/31/4 6050/31/4
f 6042/36/4 6029/36/4 6051/36/4
f 6041/36/4 6042/36/4 6051/36/4
f 6029/35/4 6030/35/4 6051/35/4
f 6051/35/4 6030/35/4 6052/35/4
f 6031/36/4 5962/36/4 6053/36/4
f 5962/35/4 6008/35/4 6053/35/4
f 6030/36/4 6031/36/4 6053/36/4
f 6043/36/4 6044/36/4 6054/36/4
f 6053/35/4 6008/35/4 6054/35/4
f 6032/36/4 6043/36/4 6054/36/4
f 6008/36/4 6032/36/4 6054/36/4
f 6011/35/4 6012/35/4 6055/35/4
f 6010/41/4 6011/41/4 6055/41/4
f 6012/36/4 6013/36/4 6056/36/4
f 6055/35/4 6012/35/4 6056/35/4
f 5991/35/4 5992/35/4 6057/35/4
f 5992/40/4 5993/40/4 6057/40/4
f 5993/35/4 6014/35/4 6058/35/4
f 6057/40/4 5993/40/4 6058/40/4
f 6014/33/4 6034/33/4 6059/33/4
f 6058/35/4 6014/35/4 6059/35/4
f 6034/39/4 6035/39/4 6060/39/4
f 6059/33/4 6034/33/4 6060/33/4
f 6046/35/4 6019/35/4 6061/35/4
f 6045/36/4 6046/36/4 6061/36/4
f 6019/32/4 6036/32/4 6062/32/4
f 6061/35/4 6019/35/4 6062/35/4
f 6036/32/4 6037/32/4 6062/32/4
f 6049/33/4 6050/33/4 6063/33/4
f 6021/32/4 6022/32/4 6063/32/4
f 6022/33/4 6049/33/4 6063/33/4
f 6063/33/4 6050/33/4 6064/33/4
f 4656/36/4 4772/36/4 6065/36/4
f 5031/36/4 5396/36/4 6065/36/4
f 5757/36/4 5758/36/4 6065/36/4
f 4993/36/4 5031/36/4 6065/36/4
f 3611/33/4 4656/33/4 6065/33/4
f 4851/36/4 4928/36/4 6065/36/4
f 4928/36/4 4993/36/4 6065/36/4
f 4772/36/4 4851/36/4 6065/36/4
f 5396/36/4 5757/36/4 6065/36/4
f 5758/34/4 5759/34/4 6066/34/4
f 6065/36/4 5758/36/4 6066/36/4
f 5759/36/4 5836/36/4 6067/36/4
f 6066/34/4 5759/34/4 6067/34/4
f 5836/34/4 5888/34/4 6068/34/4
f 6067/36/4 5836/36/4 6068/36/4
f 5888/36/4 5889/36/4 6069/36/4
f 6068/34/4 5888/34/4 6069/34/4
f 5889/33/4 5890/33/4 6070/33/4
f 6069/36/4 5889/36/4 6070/36/4
f 5998/36/4 6041/36/4 6071/36/4
f 6070/33/4 5890/33/4 6071/33/4
f 6041/36/4 6051/36/4 6071/36/4
f 6051/36/4 6052/36/4 6071/36/4
f 5922/36/4 5974/36/4 6071/36/4
f 5890/36/4 5922/36/4 6071/36/4
f 5974/36/4 5998/36/4 6071/36/4
f 6052/35/4 6030/35/4 6072/35/4
f 6071/36/4 6052/36/4 6072/36/4
f 6053/36/4 6054/36/4 6073/36/4
f 6072/35/4 6030/35/4 6073/35/4
f 6030/36/4 6053/36/4 6073/36/4
f 6044/35/4 6010/35/4 6074/35/4
f 6073/36/4 6054/36/4 6074/36/4
f 6054/36/4 6044/36/4 6074/36/4
f 6010/41/4 6055/41/4 6075/41/4
f 6074/35/4 6010/35/4 6075/35/4
f 6055/36/4 6056/36/4 6076/36/4
f 6075/41/4 6055/41/4 6076/41/4
f 6056/36/4 6013/36/4 6077/36/4
f 6076/36/4 6056/36/4 6077/36/4
f 5990/39/4 5991/39/4 6077/39/4
f 6013/36/4 5990/36/4 6077/36/4
f 5991/35/4 6057/35/4 6078/35/4
f 6077/39/4 5991/39/4 6078/39/4
f 6057/33/4 6058/33/4 6079/33/4
f 6078/35/4 6057/35/4 6079/35/4
f 6058/33/4 6059/33/4 6079/33/4
f 6059/32/4 6060/32/4 6080/32/4
f 6079/33/4 6059/33/4 6080/33/4
f 6060/39/4 6035/39/4 6081/39/4
f 6080/32/4 6060/32/4 6081/32/4
f 6045/36/4 6061/36/4 6082/36/4
f 6081/39/4 6035/39/4 6082/39/4
f 6061/36/4 6062/36/4 6082/36/4
f 6035/36/4 6045/36/4 6082/36/4
f 6062/32/4 6037/32/4 6083/32/4
f 6082/36/4 6062/36/4 6083/36/4
f 6037/39/4 6047/39/4 6084/39/4
f 6083/32/4 6037/32/4 6084/32/4
f 6047/32/4 6048/32/4 6085/32/4
f 6084/39/4 6047/39/4 6085/39/4
f 6048/39/4 5996/39/4 6086/39/4
f 6085/32/4 6048/32/4 6086/32/4
f 5996/32/4 5997/32/4 6087/32/4
f 6086/39/4 5996/39/4 6087/39/4
f 5997/41/4 5969/41/4 6088/41/4
f 6087/32/4 5997/32/4 6088/32/4
f 5969/38/4 5970/38/4 6089/38/4
f 6088/41/4 5969/41/4 6089/41/4
f 6063/32/4 6064/32/4 6090/32/4
f 6089/38/4 5970/38/4 6090/38/4
f 6021/32/4 6063/32/4 6090/32/4
f 5970/32/4 6021/32/4 6090/32/4
f 6064/33/4 6050/33/4 6091/33/4
f 6090/32/4 6064/32/4 6091/32/4
f 6050/31/4 6040/31/4 6092/31/4
f 6091/33/4 6050/33/4 6092/33/4
f 6040/36/4 6024/36/4 6093/36/4
f 6092/31/4 6040/31/4 6093/31/4
f 6024/33/4 3612/33/4 6094/33/4
f 6093/36/4 6024/36/4 6094/36/4
f 6067/33/4 6068/33/4 6095/33/4
f 6092/33/4 6093/33/4 6095/33/4
f 6093/33/4 6094/33/4 6095/33/4
f 6090/33/4 6091/33/4 6095/33/4
f 6079/33/4 6080/33/4 6095/33/4
f 6087/33/4 6088/33/4 6095/33/4
f 6082/33/4 6083/33/4 6095/33/4
f 6066/33/4 6067/33/4 6095/33/4
f 6071/33/4 6072/33/4 6095/33/4
f 6072/33/4 6073/33/4 6095/33/4
f 3611/33/4 6065/33/4 6095/33/4
f 6068/33/4 6069/33/4 6095/33/4
f 6076/33/4 6077/33/4 6095/33/4
f 6065/33/4 6066/33/4 6095/33/4
f 6077/33/4 6078/33/4 6095/33/4
f 6085/33/4 6086/33/4 6095/33/4
f 6086/33/4 6087/33/4 6095/33/4
f 6074/33/4 6075/33/4 6095/33/4
f 6081/33/4 6082/33/4 6095/33/4
f 6070/33/4 6071/33/4 6095/33/4
f 6073/33/4 6074/33/4 6095/33/4
f 6088/33/4 6089/33/4 6095/33/4
f 6089/33/4 6090/33/4 6095/33/4
f 6083/33/4 6084/33/4 6095/33/4
f 6084/33/4 6085/33/4 6095/33/4
f 6078/33/4 6079/33/4 6095/33/4
f 6091/33/4 6092/33/4 6095/33/4
f 6075/33/4 6076/33/4 6095/33/4
f 6080/33/4 6081/33/4 6095/33/4
f 6069/33/4 6070/33/4 6095/33/4
f 6094/33/4 3612/33/4 6096/33/4
f 6095/33/4 6094/33/4 6096/33/4
f 6099/33/5 6098/33/5 6097/33/5
f 6100/33/5 6098/33/5 6099/33/5
f 6101/33/5 6099/33/5 6097/33/5
f 6101/36/5 6100/36/5 6099/36/5
f 6102/33/5 6098/33/5 6100/33/5
f 6102/36/5 6100/36/5 6101/36/5
f 6103/33/5 6101/33/5 6097/33/5
f 6103/32/5 6102/32/5 6101/32/5
f 6104/33/5 6098/33/5 6102/33/5
f 6104/32/5 6102/32/5 6103/32/5
f 6105/33/5 6103/33/5 6097/33/5
f 6105/35/5 6104/35/5 6103/35/5
f 6106/33/5 6098/33/5 6104/33/5
f 6106/35/5 6104/35/5 6105/35/5
f 6107/33/5 6105/33/5 6097/33/5
f 6107/32/5 6106/32/5 6105/32/5
f 6108/33/5 6098/33/5 6106/33/5
f 6108/32/5 6106/32/5 6107/32/5
f 6109/33/5 6107/33/5 6097/33/5
f 6109/36/5 6108/36/5 6107/36/5
f 6110/33/5 6098/33/5 6108/33/5
f 6110/36/5 6108/36/5 6109/36/5
f 6111/33/5 6109/33/5 6097/33/5
f 6111/33/5 6110/33/5 6109/33/5
f 6112/33/5 6098/33/5 6110/33/5
f 6112/33/5 6110/33/5 6111/33/5
f 6117/12/5 6114/12/5 6113/12/5
f 6118/12/5 6114/12/5 6117/12/5
f 6119/12/5 6116/12/5 6115/12/5
f 6120/12/5 6116/12/5 6119/12/5
f 6123/35/5 6122/35/5 6121/35/5
f 6124/35/5 6122/35/5 6123/35/5
f 6127/12/5 6126/12/5 6125/12/5
f 6128/12/5 6126/12/5 6127/12/5
f 6129/12/5 6126/12/5 6128/12/5
f 6130/12/6 6131/12/6 6132/12/6
f 6132/12/6 6131/12/6 6133/12/6
f 6134/12/6 6135/12/6 6136/12/6
f 6136/12/6 6135/12/6 6137/12/6
f 6138/12/6 6139/12/6 6140/12/6
f 6140/12/6 6139/12/6 6141/12/6
f 6142/35/6 6143/35/6 6144/35/6
f 6144/35/6 6143/35/6 6145/35/6
f 6146/33/6 6147/33/6 6148/33/6
f 6148/33/6 6147/33/6 6149/33/6
f 6146/33/6 6148/33/6 6150/33/6
f 6148/36/6 6149/36/6 6150/36/6
f 6149/33/6 6147/33/6 6151/33/6
f 6150/36/6 6149/36/6 6151/36/6
f 6146/33/6 6150/33/6 6152/33/6
f 6150/32/6 6151/32/6 6152/32/6
f 6151/33/6 6147/33/6 6153/33/6
f 6152/32/6 6151/32/6 6153/32/6
f 6146/33/6 6152/33/6 6154/33/6
f 6152/35/6 6153/35/6 6154/35/6
f 6154/35/6 6153/35/6 6155/35/6
f 6146/33/6 6154/33/6 6156/33/6
f 6154/32/6 6155/32/6 6156/32/6
f 6155/35/6 6153/35/6 6157/35/6
f 6156/32/6 6155/32/6 6157/32/6
f 6153/33/6 6147/33/6 6158/33/6
f 6157/35/6 6153/35/6 6158/35/6
f 6156/36/6 6157/36/6 6159/36/6
f 6146/33/6 6156/33/6 6159/33/6
f 6157/36/6 6158/36/6 6159/36/6
f 6158/33/6 6147/33/6 6160/33/6
f 6159/36/6 6158/36/6 6160/36/6
f 6146/33/6 6159/33/6 6161/33/6
f 6159/33/6 6160/33/6 6161/33/6
f 6160/33/6 6147/33/6 6162/33/6
f 6161/33/6 6160/33/6 6162/33/6
