# MagicaVoxel @ Ephtracy

# group
o 

# material
mtllib trans_9.mtl
usemtl palette

# normals
vn -1 0 0
vn 1 0 0
vn 0 0 1
vn 0 0 -1
vn 0 -1 0
vn 0 1 0

# texcoords
vt 0.0644531 0.5
vt 0.0683594 0.5
vt 0.0722656 0.5
vt 0.0761719 0.5
vt 0.0800781 0.5
vt 0.994141 0.5

# verts
v -0.9 0.1 -0.2
v -0.9 0.1 -0.3
v -0.9 0.1 -0.5
v -0.9 0.2 0.1
v -0.9 0.2 -0.1
v -0.9 0.2 -0.2
v -0.9 0.2 -0.3
v -0.9 0.2 -0.5
v -0.9 0.3 0.1
v -0.9 0.3 -0.1
v -0.9 0.3 -0.2
v -0.9 0.4 0.1
v -0.9 0.4 -0.2
v -0.9 0.4 -0.5
v -0.9 0.5 0.1
v -0.9 0.5 -0.2
v -0.9 0.5 -0.5
v -0.9 0.6 -0.2
v -0.9 0.6 -0.3
v -0.9 0.6 -0.5
v -0.9 0.7 0.1
v -0.9 0.7 0
v -0.9 0.7 -0.2
v -0.9 0.7 -0.3
v -0.9 0.7 -0.5
v -0.9 0.8 0.1
v -0.9 0.8 0
v -0.9 0.8 -0.2
v -0.9 0.9 -0.2
v -0.9 0.9 -0.4
v -0.9 0.9 -0.5
v -0.9 1 0.1
v -0.9 1 -0.1
v -0.9 1 -0.2
v -0.9 1 -0.4
v -0.9 1 -0.5
v -0.9 1.1 0.1
v -0.9 1.1 -0.1
v -0.9 1.1 -0.2
v -0.9 1.2 -0.2
v -0.9 1.2 -0.5
v -0.9 1.3 0.1
v -0.9 1.3 -0.1
v -0.9 1.3 -0.2
v -0.9 1.3 -0.5
v -0.9 1.4 0.1
v -0.9 1.4 -0.1
v -0.9 1.4 -0.2
v -0.9 1.4 -0.3
v -0.9 1.4 -0.4
v -0.9 1.4 -0.5
v -0.9 1.5 -0.1
v -0.9 1.5 -0.3
v -0.9 1.5 -0.4
v -0.9 1.5 -0.5
v -0.9 1.6 0.1
v -0.9 1.6 0
v -0.9 1.6 -0.1
v -0.9 1.6 -0.3
v -0.9 1.7 0.1
v -0.9 1.7 0
v -0.9 1.7 -0.1
v -0.8 0 0.1
v -0.8 0 -0.5
v -0.8 0.1 -0.2
v -0.8 0.1 -0.3
v -0.8 0.1 -0.5
v -0.8 0.1 -0.6
v -0.8 0.1 -0.7
v -0.8 0.2 0.3
v -0.8 0.2 0.1
v -0.8 0.2 -0.1
v -0.8 0.2 -0.2
v -0.8 0.2 -0.3
v -0.8 0.2 -0.4
v -0.8 0.2 -0.5
v -0.8 0.2 -0.6
v -0.8 0.2 -0.7
v -0.8 0.3 0.3
v -0.8 0.3 0.1
v -0.8 0.3 -0.1
v -0.8 0.3 -0.2
v -0.8 0.3 -0.4
v -0.8 0.3 -0.5
v -0.8 0.3 -0.6
v -0.8 0.3 -0.7
v -0.8 0.4 0.3
v -0.8 0.4 0.1
v -0.8 0.4 -0.2
v -0.8 0.4 -0.5
v -0.8 0.4 -0.6
v -0.8 0.4 -0.7
v -0.8 0.5 0.3
v -0.8 0.5 0.1
v -0.8 0.5 -0.2
v -0.8 0.5 -0.5
v -0.8 0.5 -0.6
v -0.8 0.5 -0.7
v -0.8 0.6 0.1
v -0.8 0.6 -0.2
v -0.8 0.6 -0.3
v -0.8 0.6 -0.5
v -0.8 0.6 -0.6
v -0.8 0.6 -0.7
v -0.8 0.7 0.3
v -0.8 0.7 0.1
v -0.8 0.7 0
v -0.8 0.7 -0.2
v -0.8 0.7 -0.3
v -0.8 0.7 -0.5
v -0.8 0.7 -0.6
v -0.8 0.8 0.3
v -0.8 0.8 0.1
v -0.8 0.8 0
v -0.8 0.8 -0.2
v -0.8 0.8 -0.5
v -0.8 0.8 -0.7
v -0.8 0.9 0.1
v -0.8 0.9 0
v -0.8 0.9 -0.2
v -0.8 0.9 -0.4
v -0.8 0.9 -0.5
v -0.8 0.9 -0.6
v -0.8 0.9 -0.7
v -0.8 1 0.2
v -0.8 1 0.1
v -0.8 1 0
v -0.8 1 -0.1
v -0.8 1 -0.2
v -0.8 1 -0.4
v -0.8 1 -0.5
v -0.8 1 -0.6
v -0.8 1.1 0.3
v -0.8 1.1 0.2
v -0.8 1.1 0.1
v -0.8 1.1 -0.1
v -0.8 1.1 -0.2
v -0.8 1.1 -0.4
v -0.8 1.1 -0.6
v -0.8 1.1 -0.7
v -0.8 1.2 0.3
v -0.8 1.2 0.2
v -0.8 1.2 0.1
v -0.8 1.2 0
v -0.8 1.2 -0.2
v -0.8 1.2 -0.5
v -0.8 1.2 -0.6
v -0.8 1.2 -0.7
v -0.8 1.3 0.2
v -0.8 1.3 0.1
v -0.8 1.3 0
v -0.8 1.3 -0.1
v -0.8 1.3 -0.2
v -0.8 1.3 -0.5
v -0.8 1.3 -0.6
v -0.8 1.4 0.3
v -0.8 1.4 0.2
v -0.8 1.4 0.1
v -0.8 1.4 -0.1
v -0.8 1.4 -0.2
v -0.8 1.4 -0.3
v -0.8 1.4 -0.4
v -0.8 1.4 -0.5
v -0.8 1.4 -0.6
v -0.8 1.4 -0.7
v -0.8 1.5 0.3
v -0.8 1.5 0.2
v -0.8 1.5 -0.1
v -0.8 1.5 -0.3
v -0.8 1.5 -0.4
v -0.8 1.5 -0.5
v -0.8 1.5 -0.6
v -0.8 1.5 -0.7
v -0.8 1.6 0.3
v -0.8 1.6 0.1
v -0.8 1.6 0
v -0.8 1.6 -0.1
v -0.8 1.6 -0.2
v -0.8 1.6 -0.3
v -0.8 1.6 -0.5
v -0.8 1.7 0.3
v -0.8 1.7 0.1
v -0.8 1.7 0
v -0.8 1.7 -0.1
v -0.8 1.7 -0.2
v -0.8 1.8 -0.3
v -0.8 1.8 -0.5
v -0.8 1.9 -0.3
v -0.8 1.9 -0.4
v -0.8 1.9 -0.5
v -0.8 1.9 -0.6
v -0.8 1.9 -0.7
v -0.8 2 0.1
v -0.8 2 -0.4
v -0.8 2 -0.5
v -0.8 2 -0.6
v -0.8 2 -0.7
v -0.7 0 0.3
v -0.7 0 0.1
v -0.7 0 -0.5
v -0.7 0 -0.7
v -0.7 0.1 -0.5
v -0.7 0.1 -0.6
v -0.7 0.1 -0.7
v -0.7 0.1 -0.8
v -0.7 0.2 0.4
v -0.7 0.2 0.3
v -0.7 0.2 0.1
v -0.7 0.2 -0.5
v -0.7 0.2 -0.6
v -0.7 0.2 -0.7
v -0.7 0.2 -0.8
v -0.7 0.3 0.4
v -0.7 0.3 0.3
v -0.7 0.3 0.2
v -0.7 0.3 0.1
v -0.7 0.3 -0.5
v -0.7 0.3 -0.6
v -0.7 0.3 -0.7
v -0.7 0.3 -0.8
v -0.7 0.4 0.4
v -0.7 0.4 0.3
v -0.7 0.4 0.2
v -0.7 0.4 0.1
v -0.7 0.4 -0.6
v -0.7 0.4 -0.7
v -0.7 0.4 -0.8
v -0.7 0.5 0.4
v -0.7 0.5 0.3
v -0.7 0.5 0.1
v -0.7 0.5 -0.5
v -0.7 0.5 -0.6
v -0.7 0.5 -0.7
v -0.7 0.5 -0.8
v -0.7 0.6 0.3
v -0.7 0.6 0.1
v -0.7 0.6 -0.5
v -0.7 0.6 -0.6
v -0.7 0.6 -0.7
v -0.7 0.6 -0.8
v -0.7 0.7 0.4
v -0.7 0.7 0.3
v -0.7 0.7 0.1
v -0.7 0.7 -0.5
v -0.7 0.7 -0.6
v -0.7 0.8 0.4
v -0.7 0.8 0.3
v -0.7 0.8 0.1
v -0.7 0.8 -0.5
v -0.7 0.8 -0.7
v -0.7 0.8 -0.8
v -0.7 0.9 0.3
v -0.7 0.9 0.1
v -0.7 0.9 -0.6
v -0.7 0.9 -0.7
v -0.7 0.9 -0.8
v -0.7 1 0.3
v -0.7 1 0.2
v -0.7 1 0.1
v -0.7 1 -0.5
v -0.7 1 -0.6
v -0.7 1 -0.7
v -0.7 1.1 0.4
v -0.7 1.1 0.3
v -0.7 1.1 0.2
v -0.7 1.1 0.1
v -0.7 1.1 -0.6
v -0.7 1.1 -0.7
v -0.7 1.1 -0.8
v -0.7 1.2 0.4
v -0.7 1.2 0.3
v -0.7 1.2 0.2
v -0.7 1.2 0.1
v -0.7 1.2 -0.5
v -0.7 1.2 -0.6
v -0.7 1.2 -0.7
v -0.7 1.2 -0.8
v -0.7 1.3 0.2
v -0.7 1.3 0.1
v -0.7 1.3 -0.5
v -0.7 1.3 -0.6
v -0.7 1.3 -0.7
v -0.7 1.3 -0.8
v -0.7 1.4 0.4
v -0.7 1.4 0.3
v -0.7 1.4 0.2
v -0.7 1.4 0.1
v -0.7 1.4 -0.5
v -0.7 1.4 -0.6
v -0.7 1.4 -0.7
v -0.7 1.5 0.4
v -0.7 1.5 0.3
v -0.7 1.5 0.2
v -0.7 1.5 -0.5
v -0.7 1.5 -0.6
v -0.7 1.5 -0.7
v -0.7 1.5 -0.8
v -0.7 1.6 0.4
v -0.7 1.6 0.3
v -0.7 1.6 0.1
v -0.7 1.6 -0.5
v -0.7 1.7 0.4
v -0.7 1.7 0.3
v -0.7 1.7 0.2
v -0.7 1.7 0.1
v -0.7 1.8 0.3
v -0.7 1.8 0.2
v -0.7 1.8 -0.5
v -0.7 1.8 -0.7
v -0.7 1.9 -0.5
v -0.7 1.9 -0.6
v -0.7 1.9 -0.7
v -0.7 1.9 -0.8
v -0.7 2 0.3
v -0.7 2 0.1
v -0.7 2 -0.7
v -0.7 2 -0.8
v -0.6 0 0.4
v -0.6 0 0.3
v -0.6 0 -0.7
v -0.6 0 -0.8
v -0.6 0.1 -0.7
v -0.6 0.1 -0.8
v -0.6 0.1 -0.9
v -0.6 0.2 0.5
v -0.6 0.2 0.4
v -0.6 0.2 0.3
v -0.6 0.2 -0.7
v -0.6 0.2 -0.8
v -0.6 0.2 -0.9
v -0.6 0.3 0.5
v -0.6 0.3 0.4
v -0.6 0.3 0.3
v -0.6 0.3 -0.7
v -0.6 0.3 -0.8
v -0.6 0.3 -0.9
v -0.6 0.4 0.5
v -0.6 0.4 0.4
v -0.6 0.4 0.3
v -0.6 0.4 -0.7
v -0.6 0.4 -0.8
v -0.6 0.4 -0.9
v -0.6 0.5 0.5
v -0.6 0.5 0.4
v -0.6 0.5 0.3
v -0.6 0.5 -0.7
v -0.6 0.5 -0.8
v -0.6 0.5 -0.9
v -0.6 0.6 0.5
v -0.6 0.6 0.4
v -0.6 0.6 0.3
v -0.6 0.6 -0.7
v -0.6 0.6 -0.8
v -0.6 0.6 -0.9
v -0.6 0.7 0.5
v -0.6 0.7 0.4
v -0.6 0.7 0.3
v -0.6 0.8 0.5
v -0.6 0.8 0.4
v -0.6 0.8 0.3
v -0.6 0.8 -0.7
v -0.6 0.8 -0.8
v -0.6 0.8 -0.9
v -0.6 0.9 0.4
v -0.6 0.9 0.3
v -0.6 0.9 -0.7
v -0.6 0.9 -0.8
v -0.6 0.9 -0.9
v -0.6 1 0.4
v -0.6 1 0.3
v -0.6 1 -0.7
v -0.6 1 -0.8
v -0.6 1 -0.9
v -0.6 1.1 0.5
v -0.6 1.1 0.4
v -0.6 1.1 0.3
v -0.6 1.1 -0.7
v -0.6 1.1 -0.8
v -0.6 1.2 0.5
v -0.6 1.2 0.4
v -0.6 1.2 0.3
v -0.6 1.2 -0.7
v -0.6 1.2 -0.8
v -0.6 1.2 -0.9
v -0.6 1.3 -0.7
v -0.6 1.3 -0.8
v -0.6 1.3 -0.9
v -0.6 1.4 0.5
v -0.6 1.4 0.4
v -0.6 1.4 0.3
v -0.6 1.4 -0.8
v -0.6 1.4 -0.9
v -0.6 1.5 0.5
v -0.6 1.5 0.4
v -0.6 1.5 0.3
v -0.6 1.5 -0.7
v -0.6 1.5 -0.8
v -0.6 1.6 0.5
v -0.6 1.6 0.4
v -0.6 1.6 0.3
v -0.6 1.6 -0.7
v -0.6 1.6 -0.8
v -0.6 1.7 0.5
v -0.6 1.7 0.4
v -0.6 1.7 0.3
v -0.6 1.8 0.4
v -0.6 1.8 0.3
v -0.6 1.8 -0.7
v -0.6 1.8 -0.8
v -0.6 1.8 -0.9
v -0.6 1.9 -0.7
v -0.6 1.9 -0.8
v -0.6 1.9 -0.9
v -0.6 2 0.4
v -0.6 2 0.3
v -0.5 0 0.5
v -0.5 0 0.4
v -0.5 0 -0.8
v -0.5 0 -0.9
v -0.5 0 -1
v -0.5 0.1 -0.8
v -0.5 0.1 -0.9
v -0.5 0.1 -1
v -0.5 0.2 0.6
v -0.5 0.2 0.5
v -0.5 0.2 0.4
v -0.5 0.2 -0.8
v -0.5 0.2 -0.9
v -0.5 0.2 -1
v -0.5 0.3 0.6
v -0.5 0.3 0.5
v -0.5 0.3 0.4
v -0.5 0.3 -0.8
v -0.5 0.3 -0.9
v -0.5 0.4 0.5
v -0.5 0.4 0.4
v -0.5 0.4 -0.8
v -0.5 0.4 -0.9
v -0.5 0.4 -1
v -0.5 0.5 0.6
v -0.5 0.5 0.5
v -0.5 0.5 -0.8
v -0.5 0.5 -0.9
v -0.5 0.5 -1
v -0.5 0.6 0.6
v -0.5 0.6 0.5
v -0.5 0.6 0.4
v -0.5 0.6 -0.8
v -0.5 0.6 -0.9
v -0.5 0.6 -1
v -0.5 0.7 0.6
v -0.5 0.7 0.5
v -0.5 0.7 0.4
v -0.5 0.8 0.5
v -0.5 0.8 0.4
v -0.5 0.8 -0.8
v -0.5 0.8 -0.9
v -0.5 0.8 -1
v -0.5 0.9 0.6
v -0.5 0.9 0.5
v -0.5 0.9 0.4
v -0.5 0.9 -0.8
v -0.5 0.9 -0.9
v -0.5 0.9 -1
v -0.5 1 0.4
v -0.5 1 -0.8
v -0.5 1 -0.9
v -0.5 1 -1
v -0.5 1.1 0.6
v -0.5 1.1 0.5
v -0.5 1.1 0.4
v -0.5 1.1 -0.9
v -0.5 1.1 -1
v -0.5 1.2 0.5
v -0.5 1.2 0.4
v -0.5 1.2 -0.8
v -0.5 1.2 -0.9
v -0.5 1.3 0.6
v -0.5 1.3 0.5
v -0.5 1.3 -0.8
v -0.5 1.3 -0.9
v -0.5 1.3 -1
v -0.5 1.4 0.6
v -0.5 1.4 0.5
v -0.5 1.4 0.4
v -0.5 1.4 -0.8
v -0.5 1.4 -0.9
v -0.5 1.4 -1
v -0.5 1.5 0.6
v -0.5 1.5 0.5
v -0.5 1.5 0.4
v -0.5 1.5 -0.8
v -0.5 1.5 -0.9
v -0.5 1.6 0.6
v -0.5 1.6 0.5
v -0.5 1.6 0.4
v -0.5 1.6 -0.8
v -0.5 1.6 -0.9
v -0.5 1.7 0.5
v -0.5 1.7 0.4
v -0.5 1.8 0.6
v -0.5 1.8 0.5
v -0.5 1.8 0.4
v -0.5 1.8 -0.8
v -0.5 1.8 -0.9
v -0.5 1.8 -1
v -0.5 1.9 -0.8
v -0.5 1.9 -0.9
v -0.5 1.9 -1
v -0.5 2 0.5
v -0.5 2 0.4
v -0.5 2 -0.8
v -0.5 2 -0.9
v -0.4 0 0.6
v -0.4 0 0.5
v -0.4 0 -1
v -0.4 0 -1.1
v -0.4 0.1 -0.9
v -0.4 0.1 -1
v -0.4 0.1 -1.1
v -0.4 0.2 0.7
v -0.4 0.2 0.6
v -0.4 0.2 0.5
v -0.4 0.2 -0.9
v -0.4 0.2 -1
v -0.4 0.2 -1.1
v -0.4 0.3 0.7
v -0.4 0.3 0.6
v -0.4 0.3 0.5
v -0.4 0.3 -1
v -0.4 0.3 -1.1
v -0.4 0.4 -0.9
v -0.4 0.4 -1
v -0.4 0.5 0.7
v -0.4 0.5 0.6
v -0.4 0.5 0.5
v -0.4 0.5 -0.9
v -0.4 0.5 -1
v -0.4 0.5 -1.1
v -0.4 0.6 0.7
v -0.4 0.6 0.6
v -0.4 0.6 0.5
v -0.4 0.6 -0.9
v -0.4 0.6 -1
v -0.4 0.6 -1.1
v -0.4 0.7 0.6
v -0.4 0.7 0.5
v -0.4 0.7 -0.9
v -0.4 0.7 -1
v -0.4 0.8 0.7
v -0.4 0.8 0.6
v -0.4 0.8 -0.9
v -0.4 0.8 -1
v -0.4 0.8 -1.1
v -0.4 0.9 0.7
v -0.4 0.9 0.6
v -0.4 0.9 0.5
v -0.4 0.9 -0.9
v -0.4 0.9 -1
v -0.4 0.9 -1.1
v -0.4 1 0.6
v -0.4 1 0.5
v -0.4 1 -0.9
v -0.4 1 -1
v -0.4 1.1 0.6
v -0.4 1.1 0.5
v -0.4 1.1 -0.9
v -0.4 1.1 -1
v -0.4 1.2 0.7
v -0.4 1.2 0.6
v -0.4 1.3 0.7
v -0.4 1.3 0.6
v -0.4 1.3 0.5
v -0.4 1.3 -0.9
v -0.4 1.3 -1
v -0.4 1.3 -1.1
v -0.4 1.4 0.7
v -0.4 1.4 0.6
v -0.4 1.4 0.5
v -0.4 1.4 -0.9
v -0.4 1.4 -1
v -0.4 1.4 -1.1
v -0.4 1.5 0.7
v -0.4 1.5 0.6
v -0.4 1.5 0.5
v -0.4 1.5 -0.9
v -0.4 1.6 0.6
v -0.4 1.6 0.5
v -0.4 1.6 -0.9
v -0.4 1.6 -1
v -0.4 1.7 0.7
v -0.4 1.7 0.6
v -0.4 1.7 -1
v -0.4 1.7 -1.1
v -0.4 1.8 0.7
v -0.4 1.8 0.6
v -0.4 1.8 0.5
v -0.4 1.8 -0.9
v -0.4 1.8 -1
v -0.4 1.8 -1.1
v -0.4 1.9 0.6
v -0.4 1.9 0.5
v -0.4 1.9 -0.9
v -0.4 1.9 -1
v -0.4 2 0.6
v -0.4 2 0.5
v -0.4 2 -0.9
v -0.4 2 -1
v -0.3 0.3 0.7
v -0.3 0.3 0.6
v -0.3 0.4 0.7
v -0.3 0.4 0.6
v -0.3 0.4 -1
v -0.3 0.4 -1.1
v -0.3 0.5 -1
v -0.3 0.5 -1.1
v -0.3 0.7 -1
v -0.3 0.7 -1.1
v -0.3 0.8 -1
v -0.3 0.8 -1.1
v -0.3 0.9 0.7
v -0.3 0.9 0.6
v -0.3 1 0.7
v -0.3 1 0.6
v -0.3 1 -1
v -0.3 1 -1.1
v -0.3 1.1 -1
v -0.3 1.1 -1.1
v -0.3 1.2 -1
v -0.3 1.2 -1.1
v -0.3 1.3 -1
v -0.3 1.3 -1.1
v -0.3 1.6 -1
v -0.3 1.6 -1.1
v -0.3 1.7 -1
v -0.3 1.7 -1.1
v -0.3 1.9 -1
v -0.3 1.9 -1.1
v -0.3 2 -1
v -0.3 2 -1.1
v -0.2 0 1
v -0.2 0 0.8
v -0.2 0 0.7
v -0.2 0 0.6
v -0.2 0 -1.1
v -0.2 0 -1.2
v -0.2 0 -1.5
v -0.2 0.1 -1
v -0.2 0.1 -1.1
v -0.2 0.1 -1.2
v -0.2 0.2 -1
v -0.2 0.2 -1.1
v -0.2 0.2 -1.2
v -0.2 0.3 0.8
v -0.2 0.3 0.7
v -0.2 0.3 0.6
v -0.2 0.3 -1
v -0.2 0.3 -1.1
v -0.2 0.3 -1.2
v -0.2 0.4 0.8
v -0.2 0.4 0.7
v -0.2 0.4 0.6
v -0.2 0.4 -1
v -0.2 0.4 -1.1
v -0.2 0.4 -1.2
v -0.2 0.5 0.7
v -0.2 0.5 0.6
v -0.2 0.5 -1
v -0.2 0.5 -1.1
v -0.2 0.5 -1.2
v -0.2 0.6 0.8
v -0.2 0.6 0.7
v -0.2 0.6 0.6
v -0.2 0.6 -1
v -0.2 0.6 -1.1
v -0.2 0.7 0.8
v -0.2 0.7 0.7
v -0.2 0.7 0.6
v -0.2 0.7 -1
v -0.2 0.7 -1.1
v -0.2 0.7 -1.2
v -0.2 0.8 0.7
v -0.2 0.8 0.6
v -0.2 0.8 -1
v -0.2 0.8 -1.1
v -0.2 0.8 -1.2
v -0.2 0.9 0.8
v -0.2 0.9 0.7
v -0.2 1 0.8
v -0.2 1 0.7
v -0.2 1 0.6
v -0.2 1 -1
v -0.2 1 -1.1
v -0.2 1 -1.2
v -0.2 1.1 0.7
v -0.2 1.1 0.6
v -0.2 1.1 -1
v -0.2 1.1 -1.1
v -0.2 1.1 -1.2
v -0.2 1.2 0.8
v -0.2 1.2 0.7
v -0.2 1.2 0.6
v -0.2 1.2 -1
v -0.2 1.2 -1.1
v -0.2 1.2 -1.2
v -0.2 1.3 0.8
v -0.2 1.3 0.7
v -0.2 1.3 0.6
v -0.2 1.3 -1
v -0.2 1.3 -1.1
v -0.2 1.3 -1.2
v -0.2 1.4 0.8
v -0.2 1.4 0.7
v -0.2 1.4 0.6
v -0.2 1.4 -1
v -0.2 1.4 -1.1
v -0.2 1.5 0.8
v -0.2 1.5 0.7
v -0.2 1.5 0.6
v -0.2 1.5 -1
v -0.2 1.5 -1.1
v -0.2 1.6 -1
v -0.2 1.6 -1.1
v -0.2 1.6 -1.2
v -0.2 1.7 0.8
v -0.2 1.7 0.7
v -0.2 1.7 0.6
v -0.2 1.7 -1
v -0.2 1.7 -1.1
v -0.2 1.7 -1.2
v -0.2 1.8 0.8
v -0.2 1.8 0.7
v -0.2 1.8 0.6
v -0.2 1.9 -1
v -0.2 1.9 -1.1
v -0.2 1.9 -1.2
v -0.2 2 0.8
v -0.2 2 0.7
v -0.2 2 0.6
v -0.2 2 -1
v -0.2 2 -1.1
v -0.2 2 -1.2
v -0.2 2.3 1
v -0.2 2.3 -1.5
v -0.1 0 1.1
v -0.1 0 1
v -0.1 1.5 0.8
v -0.1 1.5 0.7
v -0.1 1.5 -1.1
v -0.1 1.5 -1.2
v -0.1 1.6 0.8
v -0.1 1.6 0.7
v -0.1 1.6 -1.1
v -0.1 1.6 -1.2
v -0.1 1.8 -1.1
v -0.1 1.8 -1.2
v -0.1 1.9 -1.1
v -0.1 1.9 -1.2
v -0.1 2.3 1.1
v -0.1 2.3 1
v 0 0.1 -1.1
v 0 0.1 -1.2
v 0 0.2 -1.1
v 0 0.2 -1.2
v 0 0.4 0.8
v 0 0.4 0.7
v 0 0.5 0.8
v 0 0.5 0.7
v 0 0.6 -1.1
v 0 0.6 -1.2
v 0 0.7 0.8
v 0 0.7 0.7
v 0 0.7 -1.1
v 0 0.7 -1.2
v 0 0.8 0.8
v 0 0.8 0.7
v 0 0.9 -1.1
v 0 0.9 -1.2
v 0 1 0.8
v 0 1 0.7
v 0 1 -1.1
v 0 1 -1.2
v 0 1.1 0.8
v 0 1.1 0.7
v 0 1.3 0.8
v 0 1.3 0.7
v 0 1.4 0.8
v 0 1.4 0.7
v 0 1.8 0.8
v 0 1.8 0.7
v 0 1.9 0.8
v 0 1.9 0.7
v 0.1 0.3 -1.1
v 0.1 0.3 -1.2
v 0.1 0.4 -1.1
v 0.1 0.4 -1.2
v 0.1 1.1 -1.1
v 0.1 1.1 -1.2
v 0.1 1.2 -1.1
v 0.1 1.2 -1.2
v 0.1 1.4 -1.1
v 0.1 1.4 -1.2
v 0.1 1.5 -1.1
v 0.1 1.5 -1.2
v 0.1 1.6 0.8
v 0.1 1.6 0.7
v 0.1 1.7 0.8
v 0.1 1.7 0.7
v 0.1 1.7 -1.1
v 0.1 1.7 -1.2
v 0.1 1.8 -1.1
v 0.1 1.8 -1.2
v 0.2 0.5 0.8
v 0.2 0.5 0.7
v 0.2 0.6 0.8
v 0.2 0.6 0.7
v 0.2 0.8 0.8
v 0.2 0.8 0.7
v 0.2 0.8 -1.1
v 0.2 0.8 -1.2
v 0.2 0.9 0.8
v 0.2 0.9 0.7
v 0.2 0.9 -1.1
v 0.2 0.9 -1.2
v 0.2 1.1 0.8
v 0.2 1.1 0.7
v 0.2 1.2 0.8
v 0.2 1.2 0.7
v 0.2 1.4 0.8
v 0.2 1.4 0.7
v 0.2 1.5 0.8
v 0.2 1.5 0.7
v 0.2 1.9 0.8
v 0.2 1.9 0.7
v 0.2 1.9 -1.1
v 0.2 1.9 -1.2
v 0.2 2 0.8
v 0.2 2 0.7
v 0.2 2 -1.1
v 0.2 2 -1.2
v 0.3 0.5 -1.1
v 0.3 0.5 -1.2
v 0.3 0.6 -1.1
v 0.3 0.6 -1.2
v 0.3 1.3 -1.1
v 0.3 1.3 -1.2
v 0.3 1.4 -1.1
v 0.3 1.4 -1.2
v 0.3 1.6 -1.1
v 0.3 1.6 -1.2
v 0.3 1.7 0.8
v 0.3 1.7 0.7
v 0.3 1.7 -1.1
v 0.3 1.7 -1.2
v 0.3 1.8 0.8
v 0.3 1.8 0.7
v 0.5 0.1 0.7
v 0.5 0.1 0.6
v 0.5 0.2 0.7
v 0.5 0.2 0.6
v 0.5 0.2 -1
v 0.5 0.2 -1.1
v 0.5 0.3 -1
v 0.5 0.3 -1.1
v 0.5 0.6 0.7
v 0.5 0.6 0.6
v 0.5 0.7 0.7
v 0.5 0.7 0.6
v 0.5 0.7 -1
v 0.5 0.7 -1.1
v 0.5 0.8 -1
v 0.5 0.8 -1.1
v 0.5 0.9 0.7
v 0.5 0.9 0.6
v 0.5 1 0.7
v 0.5 1 0.6
v 0.5 1.2 0.7
v 0.5 1.2 0.6
v 0.5 1.2 -1
v 0.5 1.2 -1.1
v 0.5 1.3 0.7
v 0.5 1.3 0.6
v 0.5 1.3 -1
v 0.5 1.3 -1.1
v 0.5 1.5 0.7
v 0.5 1.5 0.6
v 0.5 1.5 -1
v 0.5 1.5 -1.1
v 0.5 1.6 0.7
v 0.5 1.6 0.6
v 0.5 1.6 -1
v 0.5 1.6 -1.1
v 0.5 1.8 0.7
v 0.5 1.8 0.6
v 0.5 1.9 0.7
v 0.5 1.9 0.6
v -0.3 0.2 0.7
v -0.3 0.2 0.6
v -0.3 0.3 0.7
v -0.3 0.3 0.6
v -0.3 0.5 -1
v -0.3 0.5 -1.1
v -0.3 0.6 -1
v -0.3 0.6 -1.1
v -0.3 0.8 -1
v -0.3 0.8 -1.1
v -0.3 0.9 -1
v -0.3 0.9 -1.1
v -0.3 1.3 -1
v -0.3 1.3 -1.1
v -0.3 1.4 -1
v -0.3 1.4 -1.1
v -0.3 1.7 -1
v -0.3 1.7 -1.1
v -0.3 1.8 -1
v -0.3 1.8 -1.1
v -0.1 1.4 0.8
v -0.1 1.4 0.7
v -0.1 1.5 0.8
v -0.1 1.5 0.7
v -0.1 1.6 -1.1
v -0.1 1.6 -1.2
v -0.1 1.7 -1.1
v -0.1 1.7 -1.2
v -0.1 1.9 -1.1
v -0.1 1.9 -1.2
v -0.1 2 -1.1
v -0.1 2 -1.2
v 0 0.2 -1.1
v 0 0.2 -1.2
v 0 0.3 0.8
v 0 0.3 0.7
v 0 0.3 -1.1
v 0 0.3 -1.2
v 0 0.4 0.8
v 0 0.4 0.7
v 0 0.6 0.8
v 0 0.6 0.7
v 0 0.7 0.8
v 0 0.7 0.7
v 0 0.7 -1.1
v 0 0.7 -1.2
v 0 0.8 -1.1
v 0 0.8 -1.2
v 0 0.9 0.8
v 0 0.9 0.7
v 0 1 0.8
v 0 1 0.7
v 0 1 -1.1
v 0 1 -1.2
v 0 1.1 -1.1
v 0 1.1 -1.2
v 0 1.2 0.8
v 0 1.2 0.7
v 0 1.3 0.8
v 0 1.3 0.7
v 0 1.7 0.8
v 0 1.7 0.7
v 0 1.8 0.8
v 0 1.8 0.7
v 0.1 0.4 -1.1
v 0.1 0.4 -1.2
v 0.1 0.5 -1.1
v 0.1 0.5 -1.2
v 0.1 1.2 -1.1
v 0.1 1.2 -1.2
v 0.1 1.3 -1.1
v 0.1 1.3 -1.2
v 0.1 1.5 0.8
v 0.1 1.5 0.7
v 0.1 1.5 -1.1
v 0.1 1.5 -1.2
v 0.1 1.6 0.8
v 0.1 1.6 0.7
v 0.1 1.6 -1.1
v 0.1 1.6 -1.2
v 0.1 1.8 -1.1
v 0.1 1.8 -1.2
v 0.1 1.9 -1.1
v 0.1 1.9 -1.2
v 0.2 0 -1.1
v 0.2 0 -1.2
v 0.2 0.1 -1.1
v 0.2 0.1 -1.2
v 0.2 0.4 0.8
v 0.2 0.4 0.7
v 0.2 0.5 0.8
v 0.2 0.5 0.7
v 0.2 0.7 0.8
v 0.2 0.7 0.7
v 0.2 0.8 0.8
v 0.2 0.8 0.7
v 0.2 0.9 -1.1
v 0.2 0.9 -1.2
v 0.2 1 0.8
v 0.2 1 0.7
v 0.2 1 -1.1
v 0.2 1 -1.2
v 0.2 1.1 0.8
v 0.2 1.1 0.7
v 0.2 1.3 0.8
v 0.2 1.3 0.7
v 0.2 1.4 0.8
v 0.2 1.4 0.7
v 0.2 1.8 0.8
v 0.2 1.8 0.7
v 0.2 1.9 0.8
v 0.2 1.9 0.7
v 0.3 0.6 -1.1
v 0.3 0.6 -1.2
v 0.3 0.7 -1.1
v 0.3 0.7 -1.2
v 0.3 1.4 -1.1
v 0.3 1.4 -1.2
v 0.3 1.5 -1.1
v 0.3 1.5 -1.2
v 0.3 1.6 0.8
v 0.3 1.6 0.7
v 0.3 1.7 0.8
v 0.3 1.7 0.7
v 0.3 1.7 -1.1
v 0.3 1.7 -1.2
v 0.3 1.8 -1.1
v 0.3 1.8 -1.2
v 0.4 0 1.1
v 0.4 0 0.8
v 0.4 0 -1.2
v 0.4 0 -1.5
v 0.4 0.1 0.7
v 0.4 0.1 0.6
v 0.4 0.1 -1.1
v 0.4 0.1 -1.2
v 0.4 0.2 0.7
v 0.4 0.2 0.6
v 0.4 0.2 -1
v 0.4 0.2 -1.1
v 0.4 0.2 -1.2
v 0.4 0.3 0.6
v 0.4 0.3 -1
v 0.4 0.3 -1.1
v 0.4 0.3 -1.2
v 0.4 0.4 0.7
v 0.4 0.4 0.6
v 0.4 0.4 -1
v 0.4 0.4 -1.1
v 0.4 0.4 -1.2
v 0.4 0.5 0.8
v 0.4 0.5 0.7
v 0.4 0.5 0.6
v 0.4 0.5 -1
v 0.4 0.5 -1.1
v 0.4 0.5 -1.2
v 0.4 0.6 0.8
v 0.4 0.6 0.7
v 0.4 0.6 0.6
v 0.4 0.6 -1
v 0.4 0.6 -1.1
v 0.4 0.6 -1.2
v 0.4 0.7 0.7
v 0.4 0.7 0.6
v 0.4 0.8 0.8
v 0.4 0.8 0.7
v 0.4 0.8 0.6
v 0.4 0.8 -1
v 0.4 0.8 -1.1
v 0.4 0.8 -1.2
v 0.4 0.9 0.8
v 0.4 0.9 0.7
v 0.4 0.9 0.6
v 0.4 0.9 -1
v 0.4 0.9 -1.1
v 0.4 0.9 -1.2
v 0.4 1 -1
v 0.4 1 -1.1
v 0.4 1.1 0.8
v 0.4 1.1 0.7
v 0.4 1.1 0.6
v 0.4 1.1 -1.1
v 0.4 1.1 -1.2
v 0.4 1.2 0.8
v 0.4 1.2 0.7
v 0.4 1.2 0.6
v 0.4 1.2 -1
v 0.4 1.2 -1.1
v 0.4 1.2 -1.2
v 0.4 1.3 -1
v 0.4 1.3 -1.1
v 0.4 1.3 -1.2
v 0.4 1.4 0.8
v 0.4 1.4 0.7
v 0.4 1.4 0.6
v 0.4 1.4 -1
v 0.4 1.4 -1.1
v 0.4 1.4 -1.2
v 0.4 1.5 0.8
v 0.4 1.5 0.7
v 0.4 1.5 0.6
v 0.4 1.6 -1
v 0.4 1.6 -1.1
v 0.4 1.6 -1.2
v 0.4 1.7 0.8
v 0.4 1.7 0.7
v 0.4 1.7 0.6
v 0.4 1.7 -1
v 0.4 1.7 -1.1
v 0.4 1.7 -1.2
v 0.4 1.8 0.8
v 0.4 1.8 0.7
v 0.4 1.8 0.6
v 0.4 1.8 -1
v 0.4 1.8 -1.1
v 0.4 1.9 0.8
v 0.4 1.9 0.7
v 0.4 1.9 -1.1
v 0.4 1.9 -1.2
v 0.4 2 0.8
v 0.4 2 0.7
v 0.4 2 0.6
v 0.4 2 -1
v 0.4 2 -1.1
v 0.4 2 -1.2
v 0.4 2.3 1.1
v 0.4 2.3 -1.5
v 0.5 0 0.7
v 0.5 0 0.6
v 0.5 0.1 0.7
v 0.5 0.1 0.6
v 0.5 0.1 -1
v 0.5 0.1 -1.1
v 0.5 0.2 -1
v 0.5 0.2 -1.1
v 0.5 0.3 -1
v 0.5 0.3 -1.1
v 0.5 0.4 -1
v 0.5 0.4 -1.1
v 0.5 0.5 0.7
v 0.5 0.5 0.6
v 0.5 0.5 -1.1
v 0.5 0.5 -1.2
v 0.5 0.6 0.7
v 0.5 0.6 0.6
v 0.5 0.6 -1.1
v 0.5 0.6 -1.2
v 0.5 0.8 0.7
v 0.5 0.8 0.6
v 0.5 0.8 -1
v 0.5 0.8 -1.1
v 0.5 0.9 0.7
v 0.5 0.9 0.6
v 0.5 0.9 -1
v 0.5 0.9 -1.1
v 0.5 1.1 0.7
v 0.5 1.1 0.6
v 0.5 1.1 -1
v 0.5 1.1 -1.1
v 0.5 1.2 0.7
v 0.5 1.2 0.6
v 0.5 1.2 -1
v 0.5 1.2 -1.1
v 0.5 1.3 -1
v 0.5 1.3 -1.1
v 0.5 1.4 0.7
v 0.5 1.4 0.6
v 0.5 1.4 -1
v 0.5 1.4 -1.1
v 0.5 1.5 0.7
v 0.5 1.5 0.6
v 0.5 1.6 -1
v 0.5 1.6 -1.1
v 0.5 1.7 0.7
v 0.5 1.7 0.6
v 0.5 1.7 -1
v 0.5 1.7 -1.1
v 0.5 1.8 0.7
v 0.5 1.8 0.6
v 0.5 1.9 -1
v 0.5 1.9 -1.1
v 0.5 2 -1
v 0.5 2 -1.1
v 0.6 0 0.6
v 0.6 0 0.5
v 0.6 0 -1
v 0.6 0 -1.1
v 0.6 0.1 0.7
v 0.6 0.1 0.6
v 0.6 0.1 0.5
v 0.6 0.1 -0.9
v 0.6 0.1 -1
v 0.6 0.1 -1.1
v 0.6 0.2 0.7
v 0.6 0.2 0.6
v 0.6 0.2 -0.9
v 0.6 0.2 -1
v 0.6 0.2 -1.1
v 0.6 0.3 0.6
v 0.6 0.3 0.5
v 0.6 0.3 -0.9
v 0.6 0.3 -1
v 0.6 0.3 -1.1
v 0.6 0.4 0.6
v 0.6 0.4 0.5
v 0.6 0.5 0.6
v 0.6 0.5 0.5
v 0.6 0.5 -0.9
v 0.6 0.5 -1
v 0.6 0.5 -1.1
v 0.6 0.6 0.7
v 0.6 0.6 0.6
v 0.6 0.6 0.5
v 0.6 0.6 -0.9
v 0.6 0.6 -1
v 0.6 0.6 -1.1
v 0.6 0.7 0.7
v 0.6 0.7 0.6
v 0.6 0.7 0.5
v 0.6 0.7 -0.9
v 0.6 0.7 -1
v 0.6 0.7 -1.1
v 0.6 0.8 0.6
v 0.6 0.8 0.5
v 0.6 0.8 -0.9
v 0.6 0.8 -1
v 0.6 0.8 -1.1
v 0.6 0.9 0.7
v 0.6 0.9 0.6
v 0.6 0.9 0.5
v 0.6 0.9 -0.9
v 0.6 0.9 -1
v 0.6 1 0.7
v 0.6 1 0.6
v 0.6 1 -1
v 0.6 1 -1.1
v 0.6 1.1 0.6
v 0.6 1.1 0.5
v 0.6 1.1 -0.9
v 0.6 1.1 -1
v 0.6 1.1 -1.1
v 0.6 1.2 0.7
v 0.6 1.2 0.6
v 0.6 1.2 0.5
v 0.6 1.2 -0.9
v 0.6 1.2 -1
v 0.6 1.2 -1.1
v 0.6 1.3 0.7
v 0.6 1.3 0.6
v 0.6 1.3 0.5
v 0.6 1.3 -0.9
v 0.6 1.3 -1
v 0.6 1.3 -1.1
v 0.6 1.4 0.6
v 0.6 1.4 0.5
v 0.6 1.5 0.7
v 0.6 1.5 0.6
v 0.6 1.5 0.5
v 0.6 1.5 -0.9
v 0.6 1.5 -1
v 0.6 1.5 -1.1
v 0.6 1.6 0.7
v 0.6 1.6 0.6
v 0.6 1.6 -0.9
v 0.6 1.6 -1
v 0.6 1.6 -1.1
v 0.6 1.7 0.6
v 0.6 1.7 0.5
v 0.6 1.7 -0.9
v 0.6 1.7 -1
v 0.6 1.8 0.7
v 0.6 1.8 0.6
v 0.6 1.8 0.5
v 0.6 1.8 -1
v 0.6 1.8 -1.1
v 0.6 1.9 0.7
v 0.6 1.9 0.6
v 0.6 1.9 0.5
v 0.6 1.9 -0.9
v 0.6 1.9 -1
v 0.6 1.9 -1.1
v 0.6 2 0.6
v 0.6 2 0.5
v 0.6 2 -0.9
v 0.6 2 -1
v 0.7 0 0.5
v 0.7 0 0.4
v 0.7 0 -0.8
v 0.7 0 -0.9
v 0.7 0 -1
v 0.7 0.1 0.6
v 0.7 0.1 0.5
v 0.7 0.1 0.4
v 0.7 0.1 -0.8
v 0.7 0.1 -0.9
v 0.7 0.1 -1
v 0.7 0.2 0.5
v 0.7 0.2 0.4
v 0.7 0.2 -0.9
v 0.7 0.2 -1
v 0.7 0.3 0.6
v 0.7 0.3 0.5
v 0.7 0.3 -0.8
v 0.7 0.3 -0.9
v 0.7 0.3 -1
v 0.7 0.4 0.5
v 0.7 0.4 0.4
v 0.7 0.4 -0.8
v 0.7 0.4 -0.9
v 0.7 0.5 0.4
v 0.7 0.5 -0.8
v 0.7 0.5 -0.9
v 0.7 0.5 -1
v 0.7 0.6 0.6
v 0.7 0.6 0.5
v 0.7 0.6 0.4
v 0.7 0.6 -0.8
v 0.7 0.6 -0.9
v 0.7 0.6 -1
v 0.7 0.7 0.6
v 0.7 0.7 0.5
v 0.7 0.7 0.4
v 0.7 0.7 -0.9
v 0.7 0.7 -1
v 0.7 0.8 0.5
v 0.7 0.8 0.4
v 0.7 0.8 -0.8
v 0.7 0.8 -0.9
v 0.7 0.8 -1
v 0.7 0.9 0.6
v 0.7 0.9 0.5
v 0.7 0.9 0.4
v 0.7 0.9 -0.8
v 0.7 0.9 -0.9
v 0.7 0.9 -1
v 0.7 1 0.6
v 0.7 1 0.5
v 0.7 1 0.4
v 0.7 1 -0.8
v 0.7 1 -0.9
v 0.7 1 -1
v 0.7 1.1 0.6
v 0.7 1.1 0.5
v 0.7 1.1 0.4
v 0.7 1.1 -0.8
v 0.7 1.1 -0.9
v 0.7 1.1 -1
v 0.7 1.2 0.6
v 0.7 1.2 0.5
v 0.7 1.2 -0.8
v 0.7 1.2 -0.9
v 0.7 1.2 -1
v 0.7 1.3 0.6
v 0.7 1.3 0.5
v 0.7 1.3 0.4
v 0.7 1.3 -0.8
v 0.7 1.3 -0.9
v 0.7 1.3 -1
v 0.7 1.4 0.5
v 0.7 1.4 0.4
v 0.7 1.4 -0.8
v 0.7 1.4 -0.9
v 0.7 1.5 0.6
v 0.7 1.5 0.5
v 0.7 1.5 0.4
v 0.7 1.5 -0.9
v 0.7 1.5 -1
v 0.7 1.6 0.5
v 0.7 1.6 0.4
v 0.7 1.6 -0.8
v 0.7 1.6 -0.9
v 0.7 1.6 -1
v 0.7 1.7 0.6
v 0.7 1.7 0.5
v 0.7 1.7 0.4
v 0.7 1.7 -0.8
v 0.7 1.7 -0.9
v 0.7 1.7 -1
v 0.7 1.8 0.6
v 0.7 1.8 0.5
v 0.7 1.8 0.4
v 0.7 1.8 -0.8
v 0.7 1.8 -0.9
v 0.7 1.9 0.6
v 0.7 1.9 0.5
v 0.7 1.9 0.4
v 0.7 1.9 -0.8
v 0.7 1.9 -0.9
v 0.7 1.9 -1
v 0.7 2 0.5
v 0.7 2 0.4
v 0.7 2 -0.8
v 0.7 2 -0.9
v 0.8 0.1 0.4
v 0.8 0.1 0.3
v 0.8 0.1 -0.8
v 0.8 0.1 -0.9
v 0.8 0.2 0.5
v 0.8 0.2 0.4
v 0.8 0.2 0.3
v 0.8 0.2 -0.7
v 0.8 0.2 -0.8
v 0.8 0.2 -0.9
v 0.8 0.3 0.4
v 0.8 0.3 0.3
v 0.8 0.3 -0.8
v 0.8 0.3 -0.9
v 0.8 0.4 0.5
v 0.8 0.4 0.4
v 0.8 0.4 -0.7
v 0.8 0.4 -0.8
v 0.8 0.4 -0.9
v 0.8 0.5 0.4
v 0.8 0.5 0.3
v 0.8 0.5 -0.7
v 0.8 0.5 -0.8
v 0.8 0.5 -0.9
v 0.8 0.6 0.4
v 0.8 0.6 0.3
v 0.8 0.6 -0.7
v 0.8 0.6 -0.8
v 0.8 0.6 -0.9
v 0.8 0.7 0.5
v 0.8 0.7 0.4
v 0.8 0.7 0.3
v 0.8 0.7 -0.7
v 0.8 0.7 -0.8
v 0.8 0.7 -0.9
v 0.8 0.8 0.5
v 0.8 0.8 0.4
v 0.8 0.8 0.3
v 0.8 0.8 -0.7
v 0.8 0.8 -0.8
v 0.8 0.8 -0.9
v 0.8 0.9 0.3
v 0.8 0.9 -0.8
v 0.8 0.9 -0.9
v 0.8 1 0.5
v 0.8 1 0.4
v 0.8 1 0.3
v 0.8 1 -0.7
v 0.8 1 -0.8
v 0.8 1 -0.9
v 0.8 1.1 0.5
v 0.8 1.1 0.4
v 0.8 1.1 -0.7
v 0.8 1.1 -0.8
v 0.8 1.1 -0.9
v 0.8 1.2 0.4
v 0.8 1.2 0.3
v 0.8 1.2 -0.7
v 0.8 1.2 -0.8
v 0.8 1.2 -0.9
v 0.8 1.3 0.5
v 0.8 1.3 0.4
v 0.8 1.3 0.3
v 0.8 1.3 -0.7
v 0.8 1.3 -0.8
v 0.8 1.4 0.5
v 0.8 1.4 0.4
v 0.8 1.4 0.3
v 0.8 1.4 -0.7
v 0.8 1.4 -0.8
v 0.8 1.4 -0.9
v 0.8 1.5 0.3
v 0.8 1.5 -0.7
v 0.8 1.5 -0.8
v 0.8 1.5 -0.9
v 0.8 1.6 0.5
v 0.8 1.6 0.4
v 0.8 1.6 0.3
v 0.8 1.6 -0.8
v 0.8 1.6 -0.9
v 0.8 1.7 0.5
v 0.8 1.7 0.4
v 0.8 1.7 0.3
v 0.8 1.7 -0.7
v 0.8 1.7 -0.8
v 0.8 1.7 -0.9
v 0.8 1.8 0.5
v 0.8 1.8 0.4
v 0.8 1.8 0.3
v 0.8 1.8 -0.7
v 0.8 1.8 -0.8
v 0.8 1.8 -0.9
v 0.8 1.9 0.5
v 0.8 1.9 0.4
v 0.8 1.9 0.3
v 0.8 1.9 -0.7
v 0.8 1.9 -0.8
v 0.8 2 -0.7
v 0.8 2 -0.8
v 0.9 0 0.4
v 0.9 0 0.3
v 0.9 0 0.2
v 0.9 0 0.1
v 0.9 0 -0.7
v 0.9 0 -0.8
v 0.9 0.1 0.4
v 0.9 0.1 0.3
v 0.9 0.1 0.2
v 0.9 0.1 0.1
v 0.9 0.1 -0.5
v 0.9 0.1 -0.6
v 0.9 0.1 -0.7
v 0.9 0.1 -0.8
v 0.9 0.2 0.2
v 0.9 0.2 -0.5
v 0.9 0.2 -0.6
v 0.9 0.2 -0.7
v 0.9 0.2 -0.8
v 0.9 0.3 0.4
v 0.9 0.3 0.3
v 0.9 0.3 0.2
v 0.9 0.3 0.1
v 0.9 0.3 -0.5
v 0.9 0.3 -0.6
v 0.9 0.3 -0.7
v 0.9 0.4 0.3
v 0.9 0.4 0.1
v 0.9 0.4 -0.6
v 0.9 0.4 -0.7
v 0.9 0.4 -0.8
v 0.9 0.5 0.4
v 0.9 0.5 0.3
v 0.9 0.5 0.2
v 0.9 0.5 -0.5
v 0.9 0.5 -0.6
v 0.9 0.5 -0.7
v 0.9 0.5 -0.8
v 0.9 0.6 0.2
v 0.9 0.6 0.1
v 0.9 0.6 -0.5
v 0.9 0.6 -0.6
v 0.9 0.6 -0.7
v 0.9 0.6 -0.8
v 0.9 0.7 0.4
v 0.9 0.7 0.3
v 0.9 0.7 0.2
v 0.9 0.7 0.1
v 0.9 0.7 -0.5
v 0.9 0.7 -0.6
v 0.9 0.7 -0.7
v 0.9 0.7 -0.8
v 0.9 0.8 0.4
v 0.9 0.8 0.3
v 0.9 0.8 0.2
v 0.9 0.8 0.1
v 0.9 0.8 -0.6
v 0.9 0.8 -0.7
v 0.9 0.8 -0.8
v 0.9 0.9 0.3
v 0.9 0.9 0.2
v 0.9 0.9 0.1
v 0.9 0.9 -0.5
v 0.9 0.9 -0.6
v 0.9 0.9 -0.7
v 0.9 0.9 -0.8
v 0.9 1 0.4
v 0.9 1 0.3
v 0.9 1 0.1
v 0.9 1 -0.5
v 0.9 1 -0.6
v 0.9 1 -0.7
v 0.9 1 -0.8
v 0.9 1.1 0.4
v 0.9 1.1 0.3
v 0.9 1.1 0.1
v 0.9 1.1 -0.5
v 0.9 1.1 -0.6
v 0.9 1.1 -0.7
v 0.9 1.1 -0.8
v 0.9 1.2 0.4
v 0.9 1.2 0.3
v 0.9 1.2 0.2
v 0.9 1.2 0.1
v 0.9 1.2 -0.5
v 0.9 1.2 -0.6
v 0.9 1.2 -0.7
v 0.9 1.2 -0.8
v 0.9 1.3 0.4
v 0.9 1.3 0.3
v 0.9 1.3 0.2
v 0.9 1.3 0.1
v 0.9 1.3 -0.5
v 0.9 1.3 -0.6
v 0.9 1.3 -0.7
v 0.9 1.4 0.4
v 0.9 1.4 0.3
v 0.9 1.4 0.2
v 0.9 1.4 0.1
v 0.9 1.4 -0.5
v 0.9 1.4 -0.6
v 0.9 1.4 -0.7
v 0.9 1.4 -0.8
v 0.9 1.5 0.3
v 0.9 1.5 0.2
v 0.9 1.5 0.1
v 0.9 1.5 -0.5
v 0.9 1.5 -0.6
v 0.9 1.5 -0.7
v 0.9 1.5 -0.8
v 0.9 1.6 0.4
v 0.9 1.6 0.3
v 0.9 1.6 0.2
v 0.9 1.6 -0.5
v 0.9 1.6 -0.6
v 0.9 1.7 0.4
v 0.9 1.7 0.3
v 0.9 1.7 0.2
v 0.9 1.7 0.1
v 0.9 1.7 -0.5
v 0.9 1.7 -0.6
v 0.9 1.7 -0.7
v 0.9 1.7 -0.8
v 0.9 1.8 0.3
v 0.9 1.8 0.1
v 0.9 1.8 -0.5
v 0.9 1.8 -0.6
v 0.9 1.8 -0.7
v 0.9 1.8 -0.8
v 0.9 1.9 0.4
v 0.9 1.9 0.3
v 0.9 1.9 0.1
v 0.9 1.9 -0.5
v 0.9 1.9 -0.7
v 0.9 2 0.4
v 0.9 2 0.3
v 1 0 0.3
v 1 0 0.2
v 1 0 0.1
v 1 0 0
v 1 0 -0.1
v 1 0 -0.5
v 1 0 -0.6
v 1 0 -0.7
v 1 0.1 0.3
v 1 0.1 0.2
v 1 0.1 0.1
v 1 0.1 0
v 1 0.1 -0.1
v 1 0.1 -0.3
v 1 0.1 -0.5
v 1 0.1 -0.6
v 1 0.1 -0.7
v 1 0.2 0.2
v 1 0.2 0.1
v 1 0.2 0
v 1 0.2 -0.1
v 1 0.2 -0.3
v 1 0.2 -0.5
v 1 0.2 -0.6
v 1 0.3 0.2
v 1 0.3 0.1
v 1 0.3 0
v 1 0.3 -0.2
v 1 0.3 -0.3
v 1 0.3 -0.5
v 1 0.3 -0.6
v 1 0.3 -0.7
v 1 0.4 0.3
v 1 0.4 0.1
v 1 0.4 0
v 1 0.4 -0.2
v 1 0.4 -0.4
v 1 0.4 -0.6
v 1 0.4 -0.7
v 1 0.5 0.3
v 1 0.5 0.2
v 1 0.5 0.1
v 1 0.5 0
v 1 0.5 -0.1
v 1 0.5 -0.2
v 1 0.5 -0.3
v 1 0.5 -0.4
v 1 0.5 -0.5
v 1 0.5 -0.6
v 1 0.6 0.2
v 1 0.6 0.1
v 1 0.6 0
v 1 0.6 -0.1
v 1 0.6 -0.2
v 1 0.6 -0.3
v 1 0.6 -0.4
v 1 0.6 -0.5
v 1 0.6 -0.6
v 1 0.6 -0.7
v 1 0.7 0.3
v 1 0.7 0.2
v 1 0.7 0.1
v 1 0.7 0
v 1 0.7 -0.1
v 1 0.7 -0.2
v 1 0.7 -0.3
v 1 0.7 -0.5
v 1 0.7 -0.6
v 1 0.7 -0.7
v 1 0.8 0.3
v 1 0.8 0.2
v 1 0.8 0.1
v 1 0.8 -0.1
v 1 0.8 -0.2
v 1 0.8 -0.5
v 1 0.8 -0.6
v 1 0.8 -0.7
v 1 0.9 0.2
v 1 0.9 0.1
v 1 0.9 0
v 1 0.9 -0.1
v 1 0.9 -0.2
v 1 0.9 -0.3
v 1 0.9 -0.5
v 1 0.9 -0.6
v 1 0.9 -0.7
v 1 1 -0.1
v 1 1 -0.2
v 1 1 -0.3
v 1 1 -0.4
v 1 1 -0.5
v 1 1 -0.6
v 1 1.1 0.3
v 1 1.1 0.1
v 1 1.1 0
v 1 1.1 -0.1
v 1 1.1 -0.2
v 1 1.1 -0.3
v 1 1.1 -0.4
v 1 1.1 -0.5
v 1 1.1 -0.6
v 1 1.1 -0.7
v 1 1.2 0.3
v 1 1.2 0.1
v 1 1.2 0
v 1 1.2 -0.1
v 1 1.2 -0.2
v 1 1.2 -0.3
v 1 1.2 -0.4
v 1 1.2 -0.6
v 1 1.2 -0.7
v 1 1.3 0.3
v 1 1.3 0.2
v 1 1.3 0.1
v 1 1.3 -0.1
v 1 1.3 -0.2
v 1 1.3 -0.3
v 1 1.3 -0.4
v 1 1.3 -0.5
v 1 1.3 -0.6
v 1 1.4 0.3
v 1 1.4 0.2
v 1 1.4 0.1
v 1 1.4 -0.1
v 1 1.4 -0.2
v 1 1.4 -0.3
v 1 1.4 -0.4
v 1 1.4 -0.5
v 1 1.4 -0.6
v 1 1.4 -0.7
v 1 1.5 0.2
v 1 1.5 0.1
v 1 1.5 0
v 1 1.5 -0.1
v 1 1.5 -0.2
v 1 1.5 -0.3
v 1 1.5 -0.5
v 1 1.5 -0.6
v 1 1.5 -0.7
v 1 1.6 0
v 1 1.6 -0.1
v 1 1.6 -0.2
v 1 1.6 -0.3
v 1 1.6 -0.5
v 1 1.6 -0.6
v 1 1.7 0.3
v 1 1.7 0.2
v 1 1.7 0.1
v 1 1.7 0
v 1 1.7 -0.3
v 1 1.7 -0.4
v 1 1.7 -0.5
v 1 1.7 -0.6
v 1 1.7 -0.7
v 1 1.8 0.3
v 1 1.8 0.2
v 1 1.8 0.1
v 1 1.8 0
v 1 1.8 -0.1
v 1 1.8 -0.3
v 1 1.8 -0.4
v 1 1.8 -0.5
v 1 1.8 -0.6
v 1 1.8 -0.7
v 1 1.9 0.3
v 1 1.9 0.1
v 1 1.9 0
v 1 1.9 -0.1
v 1 1.9 -0.3
v 1 1.9 -0.5
v 1 1.9 -0.7
v 1 2 0.3
v 1 2 0.1
v 1 2 -0.1
v 1 2 -0.3
v 1 2 -0.5
v 1 2 -0.7
v 1.1 0 0
v 1.1 0 -0.1
v 1.1 0.1 0
v 1.1 0.1 -0.1
v 1.1 0.1 -0.3
v 1.1 0.2 0.1
v 1.1 0.2 0
v 1.1 0.2 -0.1
v 1.1 0.2 -0.3
v 1.1 0.2 -0.5
v 1.1 0.3 0.1
v 1.1 0.3 0
v 1.1 0.3 -0.2
v 1.1 0.3 -0.3
v 1.1 0.3 -0.5
v 1.1 0.4 0
v 1.1 0.4 -0.2
v 1.1 0.4 -0.4
v 1.1 0.5 0.1
v 1.1 0.5 0
v 1.1 0.5 -0.2
v 1.1 0.5 -0.4
v 1.1 0.5 -0.5
v 1.1 0.6 0.1
v 1.1 0.6 0
v 1.1 0.6 -0.2
v 1.1 0.6 -0.4
v 1.1 0.6 -0.5
v 1.1 0.7 0
v 1.1 0.7 -0.2
v 1.1 0.7 -0.5
v 1.1 0.8 0.1
v 1.1 0.8 -0.1
v 1.1 0.8 -0.2
v 1.1 0.8 -0.5
v 1.1 0.9 0.1
v 1.1 0.9 -0.1
v 1.1 0.9 -0.2
v 1.1 0.9 -0.3
v 1.1 1 -0.1
v 1.1 1 -0.2
v 1.1 1 -0.3
v 1.1 1 -0.4
v 1.1 1 -0.5
v 1.1 1.1 0.1
v 1.1 1.1 0
v 1.1 1.1 -0.1
v 1.1 1.1 -0.3
v 1.1 1.1 -0.4
v 1.1 1.1 -0.5
v 1.1 1.2 0.1
v 1.1 1.2 0
v 1.1 1.2 -0.1
v 1.1 1.2 -0.3
v 1.1 1.3 -0.1
v 1.1 1.3 -0.3
v 1.1 1.3 -0.4
v 1.1 1.3 -0.5
v 1.1 1.4 0.1
v 1.1 1.4 -0.1
v 1.1 1.4 -0.3
v 1.1 1.4 -0.4
v 1.1 1.4 -0.5
v 1.1 1.5 0.1
v 1.1 1.5 -0.1
v 1.1 1.5 -0.2
v 1.1 1.5 -0.3
v 1.1 1.6 -0.1
v 1.1 1.6 -0.2
v 1.1 1.6 -0.3
v 1.1 1.6 -0.5
v 1.1 1.7 0.2
v 1.1 1.7 0
v 1.1 1.7 -0.3
v 1.1 1.7 -0.5
v 1.1 1.8 0.2
v 1.1 1.8 0
v 1.1 1.8 -0.3
v 1.1 1.9 0
v 1.1 1.9 -0.3
v 1.1 1.9 -0.5
v 1.1 2 -0.3
v 1.1 2 -0.5
v -0.1 0 1.1
v -0.1 2.3 1.1
v 0.4 0 1.1
v 0.4 2.3 1.1
v -0.2 0 1
v -0.2 2.3 1
v -0.1 0 1
v -0.1 2.3 1
v -0.4 0.2 0.7
v -0.4 0.3 0.7
v -0.4 0.5 0.7
v -0.4 0.6 0.7
v -0.4 0.8 0.7
v -0.4 0.9 0.7
v -0.4 1.2 0.7
v -0.4 1.3 0.7
v -0.4 1.4 0.7
v -0.4 1.5 0.7
v -0.4 1.7 0.7
v -0.4 1.8 0.7
v -0.3 0.2 0.7
v -0.3 0.3 0.7
v -0.3 0.4 0.7
v -0.3 0.5 0.7
v -0.3 0.6 0.7
v -0.3 0.9 0.7
v -0.3 1 0.7
v -0.2 0 0.7
v -0.2 0.3 0.7
v -0.2 0.4 0.7
v -0.2 0.5 0.7
v -0.2 0.6 0.7
v -0.2 0.7 0.7
v -0.2 0.8 0.7
v -0.2 0.9 0.7
v -0.2 1 0.7
v -0.2 1.1 0.7
v -0.2 1.2 0.7
v -0.2 1.3 0.7
v -0.2 1.4 0.7
v -0.2 1.5 0.7
v -0.2 1.7 0.7
v -0.2 1.8 0.7
v -0.2 2 0.7
v -0.1 0.3 0.7
v -0.1 0.4 0.7
v -0.1 1.1 0.7
v -0.1 1.2 0.7
v -0.1 1.4 0.7
v -0.1 1.5 0.7
v -0.1 1.6 0.7
v 0 0.3 0.7
v 0 0.4 0.7
v 0 0.5 0.7
v 0 0.6 0.7
v 0 0.7 0.7
v 0 0.8 0.7
v 0 0.9 0.7
v 0 1 0.7
v 0 1.1 0.7
v 0 1.2 0.7
v 0 1.3 0.7
v 0 1.4 0.7
v 0 1.7 0.7
v 0 1.8 0.7
v 0 1.9 0.7
v 0.1 1 0.7
v 0.1 1.1 0.7
v 0.1 1.5 0.7
v 0.1 1.6 0.7
v 0.1 1.7 0.7
v 0.1 1.8 0.7
v 0.1 1.9 0.7
v 0.2 0.4 0.7
v 0.2 0.5 0.7
v 0.2 0.6 0.7
v 0.2 0.7 0.7
v 0.2 0.8 0.7
v 0.2 0.9 0.7
v 0.2 1 0.7
v 0.2 1.1 0.7
v 0.2 1.2 0.7
v 0.2 1.3 0.7
v 0.2 1.4 0.7
v 0.2 1.5 0.7
v 0.2 1.8 0.7
v 0.2 1.9 0.7
v 0.2 2 0.7
v 0.3 0.2 0.7
v 0.3 0.4 0.7
v 0.3 0.5 0.7
v 0.3 0.6 0.7
v 0.3 0.7 0.7
v 0.3 0.8 0.7
v 0.3 1.4 0.7
v 0.3 1.5 0.7
v 0.3 1.6 0.7
v 0.3 1.7 0.7
v 0.3 1.8 0.7
v 0.3 1.9 0.7
v 0.4 0 0.7
v 0.4 0.1 0.7
v 0.4 0.2 0.7
v 0.4 0.4 0.7
v 0.4 0.5 0.7
v 0.4 0.6 0.7
v 0.4 0.7 0.7
v 0.4 0.8 0.7
v 0.4 0.9 0.7
v 0.4 1.1 0.7
v 0.4 1.2 0.7
v 0.4 1.4 0.7
v 0.4 1.5 0.7
v 0.4 1.7 0.7
v 0.4 1.8 0.7
v 0.4 1.9 0.7
v 0.5 0 0.7
v 0.5 0.1 0.7
v 0.5 0.2 0.7
v 0.5 0.5 0.7
v 0.5 0.6 0.7
v 0.5 0.7 0.7
v 0.5 0.8 0.7
v 0.5 0.9 0.7
v 0.5 1 0.7
v 0.5 1.1 0.7
v 0.5 1.2 0.7
v 0.5 1.3 0.7
v 0.5 1.4 0.7
v 0.5 1.5 0.7
v 0.5 1.6 0.7
v 0.5 1.7 0.7
v 0.5 1.8 0.7
v 0.5 1.9 0.7
v 0.6 0.1 0.7
v 0.6 0.2 0.7
v 0.6 0.6 0.7
v 0.6 0.7 0.7
v 0.6 0.9 0.7
v 0.6 1 0.7
v 0.6 1.2 0.7
v 0.6 1.3 0.7
v 0.6 1.5 0.7
v 0.6 1.6 0.7
v 0.6 1.8 0.7
v 0.6 1.9 0.7
v -0.5 0.2 0.6
v -0.5 0.3 0.6
v -0.5 0.5 0.6
v -0.5 0.6 0.6
v -0.5 0.7 0.6
v -0.5 0.9 0.6
v -0.5 1.1 0.6
v -0.5 1.3 0.6
v -0.5 1.4 0.6
v -0.5 1.5 0.6
v -0.5 1.6 0.6
v -0.5 1.8 0.6
v -0.4 0 0.6
v -0.4 0.2 0.6
v -0.4 0.3 0.6
v -0.4 0.5 0.6
v -0.4 0.6 0.6
v -0.4 0.7 0.6
v -0.4 0.8 0.6
v -0.4 0.9 0.6
v -0.4 1 0.6
v -0.4 1.1 0.6
v -0.4 1.2 0.6
v -0.4 1.3 0.6
v -0.4 1.4 0.6
v -0.4 1.5 0.6
v -0.4 1.6 0.6
v -0.4 1.7 0.6
v -0.4 1.8 0.6
v -0.4 1.9 0.6
v -0.4 2 0.6
v -0.3 0.2 0.6
v -0.3 0.3 0.6
v -0.3 0.4 0.6
v -0.3 0.5 0.6
v -0.3 0.6 0.6
v -0.3 0.9 0.6
v -0.3 1 0.6
v -0.3 1.9 0.6
v -0.3 2 0.6
v -0.2 0 0.6
v -0.2 0.3 0.6
v -0.2 0.4 0.6
v -0.2 0.5 0.6
v -0.2 0.6 0.6
v -0.2 0.7 0.6
v -0.2 0.8 0.6
v -0.2 1 0.6
v -0.2 1.1 0.6
v -0.2 1.2 0.6
v -0.2 1.3 0.6
v -0.2 1.4 0.6
v -0.2 1.5 0.6
v -0.2 1.7 0.6
v -0.2 1.8 0.6
v -0.2 2 0.6
v 0.4 0.1 0.6
v 0.4 0.2 0.6
v 0.4 0.3 0.6
v 0.4 0.4 0.6
v 0.4 0.5 0.6
v 0.4 0.6 0.6
v 0.4 0.7 0.6
v 0.4 0.8 0.6
v 0.4 0.9 0.6
v 0.4 1.1 0.6
v 0.4 1.2 0.6
v 0.4 1.4 0.6
v 0.4 1.5 0.6
v 0.4 1.7 0.6
v 0.4 1.8 0.6
v 0.4 2 0.6
v 0.5 0 0.6
v 0.5 0.1 0.6
v 0.5 0.2 0.6
v 0.5 0.3 0.6
v 0.5 0.4 0.6
v 0.5 0.5 0.6
v 0.5 0.6 0.6
v 0.5 0.7 0.6
v 0.5 0.8 0.6
v 0.5 0.9 0.6
v 0.5 1 0.6
v 0.5 1.1 0.6
v 0.5 1.2 0.6
v 0.5 1.3 0.6
v 0.5 1.4 0.6
v 0.5 1.5 0.6
v 0.5 1.6 0.6
v 0.5 1.7 0.6
v 0.5 1.8 0.6
v 0.5 1.9 0.6
v 0.6 0 0.6
v 0.6 0.1 0.6
v 0.6 0.2 0.6
v 0.6 0.3 0.6
v 0.6 0.4 0.6
v 0.6 0.5 0.6
v 0.6 0.6 0.6
v 0.6 0.7 0.6
v 0.6 0.8 0.6
v 0.6 0.9 0.6
v 0.6 1 0.6
v 0.6 1.1 0.6
v 0.6 1.2 0.6
v 0.6 1.3 0.6
v 0.6 1.4 0.6
v 0.6 1.5 0.6
v 0.6 1.6 0.6
v 0.6 1.7 0.6
v 0.6 1.8 0.6
v 0.6 1.9 0.6
v 0.6 2 0.6
v 0.7 0.1 0.6
v 0.7 0.3 0.6
v 0.7 0.6 0.6
v 0.7 0.7 0.6
v 0.7 0.9 0.6
v 0.7 1 0.6
v 0.7 1.1 0.6
v 0.7 1.2 0.6
v 0.7 1.3 0.6
v 0.7 1.5 0.6
v 0.7 1.7 0.6
v 0.7 1.8 0.6
v 0.7 1.9 0.6
v -0.6 0.2 0.5
v -0.6 0.3 0.5
v -0.6 0.4 0.5
v -0.6 0.5 0.5
v -0.6 0.6 0.5
v -0.6 0.7 0.5
v -0.6 0.8 0.5
v -0.6 1.1 0.5
v -0.6 1.2 0.5
v -0.6 1.4 0.5
v -0.6 1.5 0.5
v -0.6 1.6 0.5
v -0.6 1.7 0.5
v -0.5 0 0.5
v -0.5 0.2 0.5
v -0.5 0.3 0.5
v -0.5 0.4 0.5
v -0.5 0.5 0.5
v -0.5 0.6 0.5
v -0.5 0.7 0.5
v -0.5 0.8 0.5
v -0.5 0.9 0.5
v -0.5 1.1 0.5
v -0.5 1.2 0.5
v -0.5 1.3 0.5
v -0.5 1.4 0.5
v -0.5 1.5 0.5
v -0.5 1.6 0.5
v -0.5 1.7 0.5
v -0.5 1.8 0.5
v -0.5 2 0.5
v -0.4 0 0.5
v -0.4 0.2 0.5
v -0.4 0.3 0.5
v -0.4 0.5 0.5
v -0.4 0.6 0.5
v -0.4 0.7 0.5
v -0.4 0.9 0.5
v -0.4 1 0.5
v -0.4 1.1 0.5
v -0.4 1.3 0.5
v -0.4 1.4 0.5
v -0.4 1.5 0.5
v -0.4 1.6 0.5
v -0.4 1.8 0.5
v -0.4 1.9 0.5
v -0.4 2 0.5
v 0.6 0 0.5
v 0.6 0.1 0.5
v 0.6 0.3 0.5
v 0.6 0.4 0.5
v 0.6 0.5 0.5
v 0.6 0.6 0.5
v 0.6 0.7 0.5
v 0.6 0.8 0.5
v 0.6 0.9 0.5
v 0.6 1.1 0.5
v 0.6 1.2 0.5
v 0.6 1.3 0.5
v 0.6 1.4 0.5
v 0.6 1.5 0.5
v 0.6 1.7 0.5
v 0.6 1.8 0.5
v 0.6 1.9 0.5
v 0.6 2 0.5
v 0.7 0 0.5
v 0.7 0.1 0.5
v 0.7 0.2 0.5
v 0.7 0.3 0.5
v 0.7 0.4 0.5
v 0.7 0.6 0.5
v 0.7 0.7 0.5
v 0.7 0.8 0.5
v 0.7 0.9 0.5
v 0.7 1 0.5
v 0.7 1.1 0.5
v 0.7 1.2 0.5
v 0.7 1.3 0.5
v 0.7 1.4 0.5
v 0.7 1.5 0.5
v 0.7 1.6 0.5
v 0.7 1.7 0.5
v 0.7 1.8 0.5
v 0.7 1.9 0.5
v 0.7 2 0.5
v 0.8 0.2 0.5
v 0.8 0.4 0.5
v 0.8 0.7 0.5
v 0.8 0.8 0.5
v 0.8 1 0.5
v 0.8 1.1 0.5
v 0.8 1.3 0.5
v 0.8 1.4 0.5
v 0.8 1.6 0.5
v 0.8 1.7 0.5
v 0.8 1.8 0.5
v 0.8 1.9 0.5
v -0.7 0.2 0.4
v -0.7 0.3 0.4
v -0.7 0.4 0.4
v -0.7 0.5 0.4
v -0.7 0.7 0.4
v -0.7 0.8 0.4
v -0.7 1.1 0.4
v -0.7 1.2 0.4
v -0.7 1.4 0.4
v -0.7 1.5 0.4
v -0.7 1.6 0.4
v -0.7 1.7 0.4
v -0.6 0 0.4
v -0.6 0.2 0.4
v -0.6 0.3 0.4
v -0.6 0.4 0.4
v -0.6 0.5 0.4
v -0.6 0.6 0.4
v -0.6 0.7 0.4
v -0.6 0.8 0.4
v -0.6 0.9 0.4
v -0.6 1 0.4
v -0.6 1.1 0.4
v -0.6 1.2 0.4
v -0.6 1.4 0.4
v -0.6 1.5 0.4
v -0.6 1.6 0.4
v -0.6 1.7 0.4
v -0.6 1.8 0.4
v -0.6 2 0.4
v -0.5 0 0.4
v -0.5 0.2 0.4
v -0.5 0.3 0.4
v -0.5 0.4 0.4
v -0.5 0.6 0.4
v -0.5 0.7 0.4
v -0.5 0.8 0.4
v -0.5 0.9 0.4
v -0.5 1 0.4
v -0.5 1.1 0.4
v -0.5 1.2 0.4
v -0.5 1.4 0.4
v -0.5 1.5 0.4
v -0.5 1.6 0.4
v -0.5 1.7 0.4
v -0.5 1.8 0.4
v -0.5 2 0.4
v 0.7 0 0.4
v 0.7 0.1 0.4
v 0.7 0.2 0.4
v 0.7 0.4 0.4
v 0.7 0.5 0.4
v 0.7 0.6 0.4
v 0.7 0.7 0.4
v 0.7 0.8 0.4
v 0.7 0.9 0.4
v 0.7 1 0.4
v 0.7 1.1 0.4
v 0.7 1.3 0.4
v 0.7 1.4 0.4
v 0.7 1.5 0.4
v 0.7 1.6 0.4
v 0.7 1.7 0.4
v 0.7 1.8 0.4
v 0.7 1.9 0.4
v 0.7 2 0.4
v 0.8 0 0.4
v 0.8 0.1 0.4
v 0.8 0.2 0.4
v 0.8 0.3 0.4
v 0.8 0.4 0.4
v 0.8 0.5 0.4
v 0.8 0.6 0.4
v 0.8 0.7 0.4
v 0.8 0.8 0.4
v 0.8 1 0.4
v 0.8 1.1 0.4
v 0.8 1.2 0.4
v 0.8 1.3 0.4
v 0.8 1.4 0.4
v 0.8 1.6 0.4
v 0.8 1.7 0.4
v 0.8 1.8 0.4
v 0.8 1.9 0.4
v 0.8 2 0.4
v 0.9 0 0.4
v 0.9 0.1 0.4
v 0.9 0.3 0.4
v 0.9 0.5 0.4
v 0.9 0.7 0.4
v 0.9 0.8 0.4
v 0.9 1 0.4
v 0.9 1.1 0.4
v 0.9 1.2 0.4
v 0.9 1.3 0.4
v 0.9 1.4 0.4
v 0.9 1.6 0.4
v 0.9 1.7 0.4
v 0.9 1.9 0.4
v 0.9 2 0.4
v -0.8 0.2 0.3
v -0.8 0.3 0.3
v -0.8 0.4 0.3
v -0.8 0.5 0.3
v -0.8 0.7 0.3
v -0.8 0.8 0.3
v -0.8 1.1 0.3
v -0.8 1.2 0.3
v -0.8 1.4 0.3
v -0.8 1.5 0.3
v -0.8 1.6 0.3
v -0.8 1.7 0.3
v -0.7 0 0.3
v -0.7 0.2 0.3
v -0.7 0.3 0.3
v -0.7 0.4 0.3
v -0.7 0.5 0.3
v -0.7 0.6 0.3
v -0.7 0.7 0.3
v -0.7 0.8 0.3
v -0.7 0.9 0.3
v -0.7 1 0.3
v -0.7 1.1 0.3
v -0.7 1.2 0.3
v -0.7 1.4 0.3
v -0.7 1.5 0.3
v -0.7 1.6 0.3
v -0.7 1.7 0.3
v -0.7 1.8 0.3
v -0.7 2 0.3
v -0.6 0 0.3
v -0.6 0.2 0.3
v -0.6 0.3 0.3
v -0.6 0.4 0.3
v -0.6 0.5 0.3
v -0.6 0.6 0.3
v -0.6 0.7 0.3
v -0.6 0.8 0.3
v -0.6 0.9 0.3
v -0.6 1 0.3
v -0.6 1.1 0.3
v -0.6 1.2 0.3
v -0.6 1.4 0.3
v -0.6 1.5 0.3
v -0.6 1.6 0.3
v -0.6 1.7 0.3
v -0.6 1.8 0.3
v -0.6 2 0.3
v 0.8 0.1 0.3
v 0.8 0.2 0.3
v 0.8 0.3 0.3
v 0.8 0.5 0.3
v 0.8 0.6 0.3
v 0.8 0.7 0.3
v 0.8 0.8 0.3
v 0.8 0.9 0.3
v 0.8 1 0.3
v 0.8 1.2 0.3
v 0.8 1.3 0.3
v 0.8 1.4 0.3
v 0.8 1.5 0.3
v 0.8 1.6 0.3
v 0.8 1.7 0.3
v 0.8 1.8 0.3
v 0.8 1.9 0.3
v 0.9 0 0.3
v 0.9 0.1 0.3
v 0.9 0.3 0.3
v 0.9 0.4 0.3
v 0.9 0.5 0.3
v 0.9 0.7 0.3
v 0.9 0.8 0.3
v 0.9 0.9 0.3
v 0.9 1 0.3
v 0.9 1.1 0.3
v 0.9 1.2 0.3
v 0.9 1.3 0.3
v 0.9 1.4 0.3
v 0.9 1.5 0.3
v 0.9 1.6 0.3
v 0.9 1.7 0.3
v 0.9 1.8 0.3
v 0.9 1.9 0.3
v 0.9 2 0.3
v 1 0 0.3
v 1 0.1 0.3
v 1 0.4 0.3
v 1 0.5 0.3
v 1 0.7 0.3
v 1 0.8 0.3
v 1 1.1 0.3
v 1 1.2 0.3
v 1 1.3 0.3
v 1 1.4 0.3
v 1 1.7 0.3
v 1 1.8 0.3
v 1 1.9 0.3
v 1 2 0.3
v -0.8 1 0.2
v -0.8 1.1 0.2
v -0.8 1.3 0.2
v -0.8 1.4 0.2
v -0.7 1 0.2
v -0.7 1.1 0.2
v -0.7 1.3 0.2
v -0.7 1.4 0.2
v 0.9 0.1 0.2
v 0.9 0.2 0.2
v 0.9 0.3 0.2
v 0.9 0.5 0.2
v 0.9 0.6 0.2
v 0.9 0.8 0.2
v 0.9 0.9 0.2
v 0.9 1.4 0.2
v 0.9 1.5 0.2
v 1 0.1 0.2
v 1 0.2 0.2
v 1 0.3 0.2
v 1 0.5 0.2
v 1 0.6 0.2
v 1 0.8 0.2
v 1 0.9 0.2
v 1 1.4 0.2
v 1 1.5 0.2
v 1 1.7 0.2
v 1 1.8 0.2
v 1.1 1.7 0.2
v 1.1 1.8 0.2
v -0.9 0.2 0.1
v -0.9 0.3 0.1
v -0.9 0.4 0.1
v -0.9 0.5 0.1
v -0.9 0.7 0.1
v -0.9 0.8 0.1
v -0.9 1 0.1
v -0.9 1.1 0.1
v -0.9 1.3 0.1
v -0.9 1.4 0.1
v -0.9 1.6 0.1
v -0.9 1.7 0.1
v -0.8 0 0.1
v -0.8 0.2 0.1
v -0.8 0.3 0.1
v -0.8 0.4 0.1
v -0.8 0.5 0.1
v -0.8 0.6 0.1
v -0.8 0.7 0.1
v -0.8 0.8 0.1
v -0.8 0.9 0.1
v -0.8 1 0.1
v -0.8 1.1 0.1
v -0.8 1.2 0.1
v -0.8 1.3 0.1
v -0.8 1.4 0.1
v -0.8 1.6 0.1
v -0.8 1.7 0.1
v -0.8 2 0.1
v -0.7 0 0.1
v -0.7 0.2 0.1
v -0.7 0.3 0.1
v -0.7 0.4 0.1
v -0.7 0.5 0.1
v -0.7 0.6 0.1
v -0.7 0.7 0.1
v -0.7 0.8 0.1
v -0.7 0.9 0.1
v -0.7 1 0.1
v -0.7 1.1 0.1
v -0.7 1.2 0.1
v -0.7 1.3 0.1
v -0.7 1.4 0.1
v -0.7 1.6 0.1
v -0.7 1.7 0.1
v -0.7 2 0.1
v 0.9 0 0.1
v 0.9 0.1 0.1
v 0.9 0.3 0.1
v 0.9 0.4 0.1
v 0.9 0.6 0.1
v 0.9 0.7 0.1
v 0.9 0.8 0.1
v 0.9 0.9 0.1
v 0.9 1 0.1
v 0.9 1.1 0.1
v 0.9 1.2 0.1
v 0.9 1.3 0.1
v 0.9 1.4 0.1
v 0.9 1.5 0.1
v 0.9 1.7 0.1
v 0.9 1.8 0.1
v 0.9 1.9 0.1
v 1 0 0.1
v 1 0.1 0.1
v 1 0.2 0.1
v 1 0.3 0.1
v 1 0.4 0.1
v 1 0.5 0.1
v 1 0.6 0.1
v 1 0.7 0.1
v 1 0.8 0.1
v 1 0.9 0.1
v 1 1.1 0.1
v 1 1.2 0.1
v 1 1.3 0.1
v 1 1.4 0.1
v 1 1.5 0.1
v 1 1.7 0.1
v 1 1.8 0.1
v 1 1.9 0.1
v 1.1 0.2 0.1
v 1.1 0.3 0.1
v 1.1 0.5 0.1
v 1.1 0.6 0.1
v 1.1 0.8 0.1
v 1.1 0.9 0.1
v 1.1 1.1 0.1
v 1.1 1.2 0.1
v 1.1 1.4 0.1
v 1.1 1.5 0.1
v 1 0 0
v 1 0.1 0
v 1 0.3 0
v 1 0.4 0
v 1 0.6 0
v 1 0.7 0
v 1 1.8 0
v 1 1.9 0
v 1.1 0 0
v 1.1 0.1 0
v 1.1 0.3 0
v 1.1 0.4 0
v 1.1 0.6 0
v 1.1 0.7 0
v 1.1 1.8 0
v 1.1 1.9 0
v -0.9 1.5 -0.1
v -0.9 1.6 -0.1
v -0.8 1.5 -0.1
v -0.8 1.6 -0.1
v 1 0.1 -0.1
v 1 0.2 -0.1
v 1 0.9 -0.1
v 1 1 -0.1
v 1 1.2 -0.1
v 1 1.3 -0.1
v 1 1.5 -0.1
v 1 1.6 -0.1
v 1.1 0.1 -0.1
v 1.1 0.2 -0.1
v 1.1 0.9 -0.1
v 1.1 1 -0.1
v 1.1 1.2 -0.1
v 1.1 1.3 -0.1
v 1.1 1.5 -0.1
v 1.1 1.6 -0.1
v -0.9 0.1 -0.2
v -0.9 0.2 -0.2
v -0.9 0.6 -0.2
v -0.9 0.7 -0.2
v -0.9 0.9 -0.2
v -0.9 1 -0.2
v -0.9 1.2 -0.2
v -0.9 1.3 -0.2
v -0.8 0.1 -0.2
v -0.8 0.2 -0.2
v -0.8 0.6 -0.2
v -0.8 0.7 -0.2
v -0.8 0.9 -0.2
v -0.8 1 -0.2
v -0.8 1.2 -0.2
v -0.8 1.3 -0.2
v 1 0.4 -0.2
v 1 0.5 -0.2
v 1 0.7 -0.2
v 1 0.8 -0.2
v 1.1 0.4 -0.2
v 1.1 0.5 -0.2
v 1.1 0.7 -0.2
v 1.1 0.8 -0.2
v -0.9 1.4 -0.3
v -0.9 1.5 -0.3
v -0.8 1.4 -0.3
v -0.8 1.5 -0.3
v 1 0.2 -0.3
v 1 0.3 -0.3
v 1 1 -0.3
v 1 1.1 -0.3
v 1 1.3 -0.3
v 1 1.4 -0.3
v 1 1.6 -0.3
v 1 1.7 -0.3
v 1 1.9 -0.3
v 1 2 -0.3
v 1.1 0.2 -0.3
v 1.1 0.3 -0.3
v 1.1 1 -0.3
v 1.1 1.1 -0.3
v 1.1 1.3 -0.3
v 1.1 1.4 -0.3
v 1.1 1.6 -0.3
v 1.1 1.7 -0.3
v 1.1 1.9 -0.3
v 1.1 2 -0.3
v 1 0.5 -0.4
v 1 0.6 -0.4
v 1.1 0.5 -0.4
v 1.1 0.6 -0.4
v -0.8 0.5 -0.6
v -0.8 0.6 -0.6
v -0.8 1.1 -0.6
v -0.8 1.2 -0.6
v -0.7 0.5 -0.6
v -0.7 0.6 -0.6
v -0.7 1.1 -0.6
v -0.7 1.2 -0.6
v 0.9 0.3 -0.6
v 0.9 0.4 -0.6
v 0.9 0.6 -0.6
v 0.9 0.7 -0.6
v 0.9 1.1 -0.6
v 0.9 1.2 -0.6
v 0.9 1.4 -0.6
v 0.9 1.5 -0.6
v 0.9 1.7 -0.6
v 0.9 1.8 -0.6
v 1 0.3 -0.6
v 1 0.4 -0.6
v 1 0.6 -0.6
v 1 0.7 -0.6
v 1 1.1 -0.6
v 1 1.2 -0.6
v 1 1.4 -0.6
v 1 1.5 -0.6
v 1 1.7 -0.6
v 1 1.8 -0.6
v -0.2 0.1 -1.2
v -0.2 0.2 -1.2
v -0.2 0.3 -1.2
v -0.2 0.4 -1.2
v -0.2 0.5 -1.2
v -0.2 0.7 -1.2
v -0.2 0.8 -1.2
v -0.2 1 -1.2
v -0.2 1.1 -1.2
v -0.2 1.2 -1.2
v -0.2 1.3 -1.2
v -0.2 1.6 -1.2
v -0.2 1.7 -1.2
v -0.2 1.9 -1.2
v -0.1 0.1 -1.2
v -0.1 0.2 -1.2
v -0.1 0.3 -1.2
v -0.1 1 -1.2
v -0.1 1.1 -1.2
v -0.1 1.5 -1.2
v -0.1 1.6 -1.2
v -0.1 1.7 -1.2
v -0.1 1.8 -1.2
v -0.1 1.9 -1.2
v -0.1 2 -1.2
v 0 0.1 -1.2
v 0 0.2 -1.2
v 0 0.3 -1.2
v 0 0.4 -1.2
v 0 0.5 -1.2
v 0 0.6 -1.2
v 0 0.7 -1.2
v 0 0.8 -1.2
v 0 0.9 -1.2
v 0 1 -1.2
v 0 1.1 -1.2
v 0 1.2 -1.2
v 0 1.3 -1.2
v 0 1.5 -1.2
v 0 1.6 -1.2
v 0.1 0.3 -1.2
v 0.1 0.4 -1.2
v 0.1 0.5 -1.2
v 0.1 1.1 -1.2
v 0.1 1.2 -1.2
v 0.1 1.3 -1.2
v 0.1 1.4 -1.2
v 0.1 1.5 -1.2
v 0.1 1.6 -1.2
v 0.1 1.7 -1.2
v 0.1 1.8 -1.2
v 0.1 1.9 -1.2
v 0.2 0 -1.2
v 0.2 0.1 -1.2
v 0.2 0.3 -1.2
v 0.2 0.4 -1.2
v 0.2 0.6 -1.2
v 0.2 0.7 -1.2
v 0.2 0.8 -1.2
v 0.2 0.9 -1.2
v 0.2 1 -1.2
v 0.2 1.4 -1.2
v 0.2 1.5 -1.2
v 0.2 1.9 -1.2
v 0.2 2 -1.2
v 0.3 0.5 -1.2
v 0.3 0.6 -1.2
v 0.3 0.7 -1.2
v 0.3 1.3 -1.2
v 0.3 1.4 -1.2
v 0.3 1.5 -1.2
v 0.3 1.6 -1.2
v 0.3 1.7 -1.2
v 0.3 1.8 -1.2
v 0.3 1.9 -1.2
v 0.4 0 -1.2
v 0.4 0.1 -1.2
v 0.4 0.2 -1.2
v 0.4 0.3 -1.2
v 0.4 0.4 -1.2
v 0.4 0.5 -1.2
v 0.4 0.6 -1.2
v 0.4 0.8 -1.2
v 0.4 0.9 -1.2
v 0.4 1.1 -1.2
v 0.4 1.2 -1.2
v 0.4 1.3 -1.2
v 0.4 1.4 -1.2
v 0.4 1.6 -1.2
v 0.4 1.7 -1.2
v 0.4 1.9 -1.2
v -0.2 0 0.8
v -0.2 0.3 0.8
v -0.2 0.4 0.8
v -0.2 0.6 0.8
v -0.2 0.7 0.8
v -0.2 0.9 0.8
v -0.2 1 0.8
v -0.2 1.2 0.8
v -0.2 1.3 0.8
v -0.2 1.4 0.8
v -0.2 1.5 0.8
v -0.2 1.7 0.8
v -0.2 1.8 0.8
v -0.2 2 0.8
v -0.1 0.3 0.8
v -0.1 0.4 0.8
v -0.1 1.4 0.8
v -0.1 1.5 0.8
v -0.1 1.6 0.8
v 0 0.3 0.8
v 0 0.4 0.8
v 0 0.5 0.8
v 0 0.6 0.8
v 0 0.7 0.8
v 0 0.8 0.8
v 0 0.9 0.8
v 0 1 0.8
v 0 1.1 0.8
v 0 1.2 0.8
v 0 1.3 0.8
v 0 1.4 0.8
v 0 1.7 0.8
v 0 1.8 0.8
v 0 1.9 0.8
v 0.1 1 0.8
v 0.1 1.1 0.8
v 0.1 1.5 0.8
v 0.1 1.6 0.8
v 0.1 1.7 0.8
v 0.1 1.8 0.8
v 0.1 1.9 0.8
v 0.2 0.4 0.8
v 0.2 0.5 0.8
v 0.2 0.6 0.8
v 0.2 0.7 0.8
v 0.2 0.8 0.8
v 0.2 0.9 0.8
v 0.2 1 0.8
v 0.2 1.1 0.8
v 0.2 1.2 0.8
v 0.2 1.3 0.8
v 0.2 1.4 0.8
v 0.2 1.5 0.8
v 0.2 1.8 0.8
v 0.2 1.9 0.8
v 0.2 2 0.8
v 0.3 0.5 0.8
v 0.3 0.6 0.8
v 0.3 1.4 0.8
v 0.3 1.5 0.8
v 0.3 1.6 0.8
v 0.3 1.7 0.8
v 0.3 1.8 0.8
v 0.3 1.9 0.8
v 0.4 0 0.8
v 0.4 0.5 0.8
v 0.4 0.6 0.8
v 0.4 0.8 0.8
v 0.4 0.9 0.8
v 0.4 1.1 0.8
v 0.4 1.2 0.8
v 0.4 1.4 0.8
v 0.4 1.5 0.8
v 0.4 1.7 0.8
v 0.4 1.8 0.8
v 0.4 1.9 0.8
v -0.8 1.1 0.2
v -0.8 1.2 0.2
v -0.8 1.4 0.2
v -0.8 1.5 0.2
v -0.7 1.1 0.2
v -0.7 1.2 0.2
v -0.7 1.4 0.2
v -0.7 1.5 0.2
v 0.9 0 0.2
v 0.9 0.1 0.2
v 0.9 0.7 0.2
v 0.9 0.8 0.2
v 0.9 1.3 0.2
v 0.9 1.4 0.2
v 1 0 0.2
v 1 0.1 0.2
v 1 0.7 0.2
v 1 0.8 0.2
v 1 1.3 0.2
v 1 1.4 0.2
v 1 0.2 0
v 1 0.3 0
v 1 0.5 0
v 1 0.6 0
v 1 1.7 0
v 1 1.8 0
v 1.1 0.2 0
v 1.1 0.3 0
v 1.1 0.5 0
v 1.1 0.6 0
v 1.1 1.7 0
v 1.1 1.8 0
v -0.9 1.6 -0.1
v -0.9 1.7 -0.1
v -0.8 1.6 -0.1
v -0.8 1.7 -0.1
v 1 0 -0.1
v 1 0.1 -0.1
v 1 0.8 -0.1
v 1 0.9 -0.1
v 1 1.1 -0.1
v 1 1.2 -0.1
v 1 1.4 -0.1
v 1 1.5 -0.1
v 1.1 0 -0.1
v 1.1 0.1 -0.1
v 1.1 0.8 -0.1
v 1.1 0.9 -0.1
v 1.1 1.1 -0.1
v 1.1 1.2 -0.1
v 1.1 1.4 -0.1
v 1.1 1.5 -0.1
v -0.9 0.2 -0.2
v -0.9 0.3 -0.2
v -0.9 0.7 -0.2
v -0.9 0.8 -0.2
v -0.9 1 -0.2
v -0.9 1.1 -0.2
v -0.9 1.3 -0.2
v -0.9 1.4 -0.2
v -0.8 0.2 -0.2
v -0.8 0.3 -0.2
v -0.8 0.7 -0.2
v -0.8 0.8 -0.2
v -0.8 1 -0.2
v -0.8 1.1 -0.2
v -0.8 1.3 -0.2
v -0.8 1.4 -0.2
v 1 0.3 -0.2
v 1 0.4 -0.2
v 1 0.6 -0.2
v 1 0.7 -0.2
v 1.1 0.3 -0.2
v 1.1 0.4 -0.2
v 1.1 0.6 -0.2
v 1.1 0.7 -0.2
v -0.9 1.5 -0.3
v -0.9 1.6 -0.3
v -0.8 1.5 -0.3
v -0.8 1.6 -0.3
v 1 0.1 -0.3
v 1 0.2 -0.3
v 1 0.9 -0.3
v 1 1 -0.3
v 1 1.2 -0.3
v 1 1.3 -0.3
v 1 1.5 -0.3
v 1 1.6 -0.3
v 1 1.8 -0.3
v 1 1.9 -0.3
v 1.1 0.1 -0.3
v 1.1 0.2 -0.3
v 1.1 0.9 -0.3
v 1.1 1 -0.3
v 1.1 1.2 -0.3
v 1.1 1.3 -0.3
v 1.1 1.5 -0.3
v 1.1 1.6 -0.3
v 1.1 1.8 -0.3
v 1.1 1.9 -0.3
v 1 0.4 -0.4
v 1 0.5 -0.4
v 1.1 0.4 -0.4
v 1.1 0.5 -0.4
v -0.9 0.1 -0.5
v -0.9 0.2 -0.5
v -0.9 0.4 -0.5
v -0.9 0.5 -0.5
v -0.9 0.6 -0.5
v -0.9 0.7 -0.5
v -0.9 0.9 -0.5
v -0.9 1 -0.5
v -0.9 1.2 -0.5
v -0.9 1.3 -0.5
v -0.9 1.4 -0.5
v -0.9 1.5 -0.5
v -0.8 0 -0.5
v -0.8 0.1 -0.5
v -0.8 0.2 -0.5
v -0.8 0.3 -0.5
v -0.8 0.4 -0.5
v -0.8 0.5 -0.5
v -0.8 0.6 -0.5
v -0.8 0.7 -0.5
v -0.8 0.8 -0.5
v -0.8 0.9 -0.5
v -0.8 1 -0.5
v -0.8 1.2 -0.5
v -0.8 1.3 -0.5
v -0.8 1.4 -0.5
v -0.8 1.5 -0.5
v -0.8 1.6 -0.5
v -0.8 1.8 -0.5
v -0.8 1.9 -0.5
v -0.7 0 -0.5
v -0.7 0.1 -0.5
v -0.7 0.2 -0.5
v -0.7 0.3 -0.5
v -0.7 0.5 -0.5
v -0.7 0.6 -0.5
v -0.7 0.7 -0.5
v -0.7 0.8 -0.5
v -0.7 1 -0.5
v -0.7 1.2 -0.5
v -0.7 1.3 -0.5
v -0.7 1.4 -0.5
v -0.7 1.5 -0.5
v -0.7 1.6 -0.5
v -0.7 1.8 -0.5
v -0.7 1.9 -0.5
v 0.9 0.1 -0.5
v 0.9 0.2 -0.5
v 0.9 0.3 -0.5
v 0.9 0.5 -0.5
v 0.9 0.6 -0.5
v 0.9 0.7 -0.5
v 0.9 0.9 -0.5
v 0.9 1 -0.5
v 0.9 1.1 -0.5
v 0.9 1.2 -0.5
v 0.9 1.3 -0.5
v 0.9 1.4 -0.5
v 0.9 1.5 -0.5
v 0.9 1.6 -0.5
v 0.9 1.7 -0.5
v 0.9 1.8 -0.5
v 0.9 1.9 -0.5
v 1 0.1 -0.5
v 1 0.2 -0.5
v 1 0.3 -0.5
v 1 0.5 -0.5
v 1 0.6 -0.5
v 1 0.7 -0.5
v 1 0.8 -0.5
v 1 0.9 -0.5
v 1 1 -0.5
v 1 1.1 -0.5
v 1 1.3 -0.5
v 1 1.4 -0.5
v 1 1.5 -0.5
v 1 1.6 -0.5
v 1 1.7 -0.5
v 1 1.8 -0.5
v 1 1.9 -0.5
v 1 2 -0.5
v 1.1 0.2 -0.5
v 1.1 0.3 -0.5
v 1.1 0.5 -0.5
v 1.1 0.6 -0.5
v 1.1 0.7 -0.5
v 1.1 0.8 -0.5
v 1.1 1 -0.5
v 1.1 1.1 -0.5
v 1.1 1.3 -0.5
v 1.1 1.4 -0.5
v 1.1 1.6 -0.5
v 1.1 1.7 -0.5
v 1.1 1.9 -0.5
v 1.1 2 -0.5
v -0.8 0.4 -0.6
v -0.8 0.5 -0.6
v -0.8 0.6 -0.6
v -0.8 0.7 -0.6
v -0.8 0.9 -0.6
v -0.8 1 -0.6
v -0.8 1.2 -0.6
v -0.8 1.3 -0.6
v -0.7 0.4 -0.6
v -0.7 0.5 -0.6
v -0.7 0.6 -0.6
v -0.7 0.7 -0.6
v -0.7 0.9 -0.6
v -0.7 1 -0.6
v -0.7 1.2 -0.6
v -0.7 1.3 -0.6
v 0.9 0.2 -0.6
v 0.9 0.3 -0.6
v 0.9 0.5 -0.6
v 0.9 0.6 -0.6
v 0.9 0.7 -0.6
v 0.9 0.8 -0.6
v 0.9 1 -0.6
v 0.9 1.1 -0.6
v 0.9 1.3 -0.6
v 0.9 1.4 -0.6
v 0.9 1.6 -0.6
v 0.9 1.7 -0.6
v 1 0.2 -0.6
v 1 0.3 -0.6
v 1 0.5 -0.6
v 1 0.6 -0.6
v 1 0.7 -0.6
v 1 0.8 -0.6
v 1 1 -0.6
v 1 1.1 -0.6
v 1 1.3 -0.6
v 1 1.4 -0.6
v 1 1.6 -0.6
v 1 1.7 -0.6
v -0.8 0.1 -0.7
v -0.8 0.2 -0.7
v -0.8 0.3 -0.7
v -0.8 0.4 -0.7
v -0.8 0.5 -0.7
v -0.8 0.6 -0.7
v -0.8 0.8 -0.7
v -0.8 0.9 -0.7
v -0.8 1.1 -0.7
v -0.8 1.2 -0.7
v -0.8 1.4 -0.7
v -0.8 1.5 -0.7
v -0.8 1.9 -0.7
v -0.8 2 -0.7
v -0.7 0 -0.7
v -0.7 0.1 -0.7
v -0.7 0.2 -0.7
v -0.7 0.3 -0.7
v -0.7 0.4 -0.7
v -0.7 0.5 -0.7
v -0.7 0.6 -0.7
v -0.7 0.8 -0.7
v -0.7 0.9 -0.7
v -0.7 1 -0.7
v -0.7 1.1 -0.7
v -0.7 1.2 -0.7
v -0.7 1.3 -0.7
v -0.7 1.4 -0.7
v -0.7 1.5 -0.7
v -0.7 1.8 -0.7
v -0.7 1.9 -0.7
v -0.7 2 -0.7
v -0.6 0 -0.7
v -0.6 0.1 -0.7
v -0.6 0.2 -0.7
v -0.6 0.3 -0.7
v -0.6 0.4 -0.7
v -0.6 0.5 -0.7
v -0.6 0.6 -0.7
v -0.6 0.8 -0.7
v -0.6 0.9 -0.7
v -0.6 1 -0.7
v -0.6 1.1 -0.7
v -0.6 1.2 -0.7
v -0.6 1.3 -0.7
v -0.6 1.5 -0.7
v -0.6 1.6 -0.7
v -0.6 1.8 -0.7
v -0.6 1.9 -0.7
v 0.8 0.2 -0.7
v 0.8 0.4 -0.7
v 0.8 0.5 -0.7
v 0.8 0.6 -0.7
v 0.8 0.7 -0.7
v 0.8 0.8 -0.7
v 0.8 1 -0.7
v 0.8 1.1 -0.7
v 0.8 1.2 -0.7
v 0.8 1.3 -0.7
v 0.8 1.4 -0.7
v 0.8 1.5 -0.7
v 0.8 1.7 -0.7
v 0.8 1.8 -0.7
v 0.8 1.9 -0.7
v 0.8 2 -0.7
v 0.9 0 -0.7
v 0.9 0.1 -0.7
v 0.9 0.2 -0.7
v 0.9 0.3 -0.7
v 0.9 0.4 -0.7
v 0.9 0.5 -0.7
v 0.9 0.6 -0.7
v 0.9 0.7 -0.7
v 0.9 0.8 -0.7
v 0.9 0.9 -0.7
v 0.9 1 -0.7
v 0.9 1.1 -0.7
v 0.9 1.2 -0.7
v 0.9 1.3 -0.7
v 0.9 1.4 -0.7
v 0.9 1.5 -0.7
v 0.9 1.7 -0.7
v 0.9 1.8 -0.7
v 0.9 1.9 -0.7
v 0.9 2 -0.7
v 1 0 -0.7
v 1 0.1 -0.7
v 1 0.3 -0.7
v 1 0.4 -0.7
v 1 0.6 -0.7
v 1 0.7 -0.7
v 1 0.8 -0.7
v 1 0.9 -0.7
v 1 1.1 -0.7
v 1 1.2 -0.7
v 1 1.4 -0.7
v 1 1.5 -0.7
v 1 1.7 -0.7
v 1 1.8 -0.7
v 1 1.9 -0.7
v 1 2 -0.7
v -0.7 0.1 -0.8
v -0.7 0.2 -0.8
v -0.7 0.3 -0.8
v -0.7 0.4 -0.8
v -0.7 0.5 -0.8
v -0.7 0.6 -0.8
v -0.7 0.8 -0.8
v -0.7 0.9 -0.8
v -0.7 1.1 -0.8
v -0.7 1.2 -0.8
v -0.7 1.3 -0.8
v -0.7 1.5 -0.8
v -0.7 1.9 -0.8
v -0.7 2 -0.8
v -0.6 0 -0.8
v -0.6 0.1 -0.8
v -0.6 0.2 -0.8
v -0.6 0.3 -0.8
v -0.6 0.4 -0.8
v -0.6 0.5 -0.8
v -0.6 0.6 -0.8
v -0.6 0.8 -0.8
v -0.6 0.9 -0.8
v -0.6 1 -0.8
v -0.6 1.1 -0.8
v -0.6 1.2 -0.8
v -0.6 1.3 -0.8
v -0.6 1.4 -0.8
v -0.6 1.5 -0.8
v -0.6 1.6 -0.8
v -0.6 1.8 -0.8
v -0.6 1.9 -0.8
v -0.6 2 -0.8
v -0.5 0 -0.8
v -0.5 0.1 -0.8
v -0.5 0.2 -0.8
v -0.5 0.3 -0.8
v -0.5 0.4 -0.8
v -0.5 0.5 -0.8
v -0.5 0.6 -0.8
v -0.5 0.8 -0.8
v -0.5 0.9 -0.8
v -0.5 1 -0.8
v -0.5 1.2 -0.8
v -0.5 1.3 -0.8
v -0.5 1.4 -0.8
v -0.5 1.5 -0.8
v -0.5 1.6 -0.8
v -0.5 1.8 -0.8
v -0.5 1.9 -0.8
v -0.5 2 -0.8
v 0.7 0 -0.8
v 0.7 0.1 -0.8
v 0.7 0.3 -0.8
v 0.7 0.4 -0.8
v 0.7 0.5 -0.8
v 0.7 0.6 -0.8
v 0.7 0.8 -0.8
v 0.7 0.9 -0.8
v 0.7 1 -0.8
v 0.7 1.1 -0.8
v 0.7 1.2 -0.8
v 0.7 1.3 -0.8
v 0.7 1.4 -0.8
v 0.7 1.6 -0.8
v 0.7 1.7 -0.8
v 0.7 1.8 -0.8
v 0.7 1.9 -0.8
v 0.7 2 -0.8
v 0.8 0 -0.8
v 0.8 0.1 -0.8
v 0.8 0.2 -0.8
v 0.8 0.3 -0.8
v 0.8 0.4 -0.8
v 0.8 0.5 -0.8
v 0.8 0.6 -0.8
v 0.8 0.7 -0.8
v 0.8 0.8 -0.8
v 0.8 0.9 -0.8
v 0.8 1 -0.8
v 0.8 1.1 -0.8
v 0.8 1.2 -0.8
v 0.8 1.3 -0.8
v 0.8 1.4 -0.8
v 0.8 1.5 -0.8
v 0.8 1.6 -0.8
v 0.8 1.7 -0.8
v 0.8 1.8 -0.8
v 0.8 1.9 -0.8
v 0.8 2 -0.8
v 0.9 0 -0.8
v 0.9 0.1 -0.8
v 0.9 0.2 -0.8
v 0.9 0.4 -0.8
v 0.9 0.5 -0.8
v 0.9 0.6 -0.8
v 0.9 0.7 -0.8
v 0.9 0.8 -0.8
v 0.9 0.9 -0.8
v 0.9 1 -0.8
v 0.9 1.1 -0.8
v 0.9 1.2 -0.8
v 0.9 1.4 -0.8
v 0.9 1.5 -0.8
v 0.9 1.7 -0.8
v 0.9 1.8 -0.8
v -0.6 0.1 -0.9
v -0.6 0.2 -0.9
v -0.6 0.3 -0.9
v -0.6 0.4 -0.9
v -0.6 0.5 -0.9
v -0.6 0.6 -0.9
v -0.6 0.8 -0.9
v -0.6 0.9 -0.9
v -0.6 1 -0.9
v -0.6 1.2 -0.9
v -0.6 1.3 -0.9
v -0.6 1.4 -0.9
v -0.6 1.8 -0.9
v -0.6 1.9 -0.9
v -0.5 0.1 -0.9
v -0.5 0.2 -0.9
v -0.5 0.3 -0.9
v -0.5 0.4 -0.9
v -0.5 0.5 -0.9
v -0.5 0.6 -0.9
v -0.5 0.8 -0.9
v -0.5 0.9 -0.9
v -0.5 1 -0.9
v -0.5 1.1 -0.9
v -0.5 1.2 -0.9
v -0.5 1.3 -0.9
v -0.5 1.4 -0.9
v -0.5 1.5 -0.9
v -0.5 1.6 -0.9
v -0.5 1.8 -0.9
v -0.5 1.9 -0.9
v -0.5 2 -0.9
v -0.4 0.1 -0.9
v -0.4 0.2 -0.9
v -0.4 0.4 -0.9
v -0.4 0.5 -0.9
v -0.4 0.6 -0.9
v -0.4 0.7 -0.9
v -0.4 0.8 -0.9
v -0.4 0.9 -0.9
v -0.4 1 -0.9
v -0.4 1.1 -0.9
v -0.4 1.3 -0.9
v -0.4 1.4 -0.9
v -0.4 1.5 -0.9
v -0.4 1.6 -0.9
v -0.4 1.8 -0.9
v -0.4 1.9 -0.9
v -0.4 2 -0.9
v 0.6 0.1 -0.9
v 0.6 0.2 -0.9
v 0.6 0.3 -0.9
v 0.6 0.5 -0.9
v 0.6 0.6 -0.9
v 0.6 0.7 -0.9
v 0.6 0.8 -0.9
v 0.6 0.9 -0.9
v 0.6 1.1 -0.9
v 0.6 1.2 -0.9
v 0.6 1.3 -0.9
v 0.6 1.5 -0.9
v 0.6 1.6 -0.9
v 0.6 1.7 -0.9
v 0.6 1.9 -0.9
v 0.6 2 -0.9
v 0.7 0.1 -0.9
v 0.7 0.2 -0.9
v 0.7 0.3 -0.9
v 0.7 0.4 -0.9
v 0.7 0.5 -0.9
v 0.7 0.6 -0.9
v 0.7 0.7 -0.9
v 0.7 0.8 -0.9
v 0.7 0.9 -0.9
v 0.7 1 -0.9
v 0.7 1.1 -0.9
v 0.7 1.2 -0.9
v 0.7 1.3 -0.9
v 0.7 1.4 -0.9
v 0.7 1.5 -0.9
v 0.7 1.6 -0.9
v 0.7 1.7 -0.9
v 0.7 1.8 -0.9
v 0.7 1.9 -0.9
v 0.7 2 -0.9
v 0.8 0.1 -0.9
v 0.8 0.2 -0.9
v 0.8 0.3 -0.9
v 0.8 0.4 -0.9
v 0.8 0.5 -0.9
v 0.8 0.6 -0.9
v 0.8 0.7 -0.9
v 0.8 0.8 -0.9
v 0.8 0.9 -0.9
v 0.8 1 -0.9
v 0.8 1.1 -0.9
v 0.8 1.2 -0.9
v 0.8 1.4 -0.9
v 0.8 1.5 -0.9
v 0.8 1.6 -0.9
v 0.8 1.7 -0.9
v 0.8 1.8 -0.9
v -0.5 0 -1
v -0.5 0.1 -1
v -0.5 0.2 -1
v -0.5 0.4 -1
v -0.5 0.5 -1
v -0.5 0.6 -1
v -0.5 0.8 -1
v -0.5 0.9 -1
v -0.5 1 -1
v -0.5 1.1 -1
v -0.5 1.3 -1
v -0.5 1.4 -1
v -0.5 1.8 -1
v -0.5 1.9 -1
v -0.4 0 -1
v -0.4 0.1 -1
v -0.4 0.2 -1
v -0.4 0.3 -1
v -0.4 0.4 -1
v -0.4 0.5 -1
v -0.4 0.6 -1
v -0.4 0.7 -1
v -0.4 0.8 -1
v -0.4 0.9 -1
v -0.4 1 -1
v -0.4 1.1 -1
v -0.4 1.3 -1
v -0.4 1.4 -1
v -0.4 1.6 -1
v -0.4 1.7 -1
v -0.4 1.8 -1
v -0.4 1.9 -1
v -0.4 2 -1
v -0.3 0.1 -1
v -0.3 0.2 -1
v -0.3 0.3 -1
v -0.3 0.4 -1
v -0.3 0.5 -1
v -0.3 0.6 -1
v -0.3 0.7 -1
v -0.3 0.8 -1
v -0.3 0.9 -1
v -0.3 1 -1
v -0.3 1.1 -1
v -0.3 1.2 -1
v -0.3 1.3 -1
v -0.3 1.4 -1
v -0.3 1.6 -1
v -0.3 1.7 -1
v -0.3 1.8 -1
v -0.3 1.9 -1
v -0.3 2 -1
v -0.2 0.1 -1
v -0.2 0.2 -1
v -0.2 0.3 -1
v -0.2 0.4 -1
v -0.2 0.5 -1
v -0.2 0.6 -1
v -0.2 0.7 -1
v -0.2 0.8 -1
v -0.2 1 -1
v -0.2 1.1 -1
v -0.2 1.2 -1
v -0.2 1.3 -1
v -0.2 1.4 -1
v -0.2 1.5 -1
v -0.2 1.6 -1
v -0.2 1.7 -1
v -0.2 1.9 -1
v 0.4 0.2 -1
v 0.4 0.3 -1
v 0.4 0.4 -1
v 0.4 0.5 -1
v 0.4 0.6 -1
v 0.4 0.8 -1
v 0.4 0.9 -1
v 0.4 1 -1
v 0.4 1.2 -1
v 0.4 1.3 -1
v 0.4 1.4 -1
v 0.4 1.6 -1
v 0.4 1.7 -1
v 0.4 1.8 -1
v 0.5 0.1 -1
v 0.5 0.2 -1
v 0.5 0.3 -1
v 0.5 0.4 -1
v 0.5 0.7 -1
v 0.5 0.8 -1
v 0.5 0.9 -1
v 0.5 1 -1
v 0.5 1.1 -1
v 0.5 1.2 -1
v 0.5 1.3 -1
v 0.5 1.4 -1
v 0.5 1.5 -1
v 0.5 1.6 -1
v 0.5 1.7 -1
v 0.5 1.9 -1
v 0.5 2 -1
v 0.6 0 -1
v 0.6 0.1 -1
v 0.6 0.2 -1
v 0.6 0.3 -1
v 0.6 0.5 -1
v 0.6 0.6 -1
v 0.6 0.7 -1
v 0.6 0.8 -1
v 0.6 0.9 -1
v 0.6 1 -1
v 0.6 1.1 -1
v 0.6 1.2 -1
v 0.6 1.3 -1
v 0.6 1.5 -1
v 0.6 1.6 -1
v 0.6 1.7 -1
v 0.6 1.8 -1
v 0.6 1.9 -1
v 0.6 2 -1
v 0.7 0 -1
v 0.7 0.1 -1
v 0.7 0.2 -1
v 0.7 0.3 -1
v 0.7 0.5 -1
v 0.7 0.6 -1
v 0.7 0.7 -1
v 0.7 0.8 -1
v 0.7 0.9 -1
v 0.7 1 -1
v 0.7 1.1 -1
v 0.7 1.2 -1
v 0.7 1.3 -1
v 0.7 1.5 -1
v 0.7 1.6 -1
v 0.7 1.7 -1
v 0.7 1.9 -1
v -0.4 0 -1.1
v -0.4 0.1 -1.1
v -0.4 0.2 -1.1
v -0.4 0.3 -1.1
v -0.4 0.5 -1.1
v -0.4 0.6 -1.1
v -0.4 0.8 -1.1
v -0.4 0.9 -1.1
v -0.4 1.3 -1.1
v -0.4 1.4 -1.1
v -0.4 1.7 -1.1
v -0.4 1.8 -1.1
v -0.3 0 -1.1
v -0.3 0.1 -1.1
v -0.3 0.2 -1.1
v -0.3 0.3 -1.1
v -0.3 0.4 -1.1
v -0.3 0.5 -1.1
v -0.3 0.6 -1.1
v -0.3 0.7 -1.1
v -0.3 0.8 -1.1
v -0.3 0.9 -1.1
v -0.3 1 -1.1
v -0.3 1.1 -1.1
v -0.3 1.2 -1.1
v -0.3 1.3 -1.1
v -0.3 1.4 -1.1
v -0.3 1.6 -1.1
v -0.3 1.7 -1.1
v -0.3 1.8 -1.1
v -0.3 1.9 -1.1
v -0.3 2 -1.1
v -0.2 0 -1.1
v -0.2 0.1 -1.1
v -0.2 0.2 -1.1
v -0.2 0.3 -1.1
v -0.2 0.4 -1.1
v -0.2 0.5 -1.1
v -0.2 0.6 -1.1
v -0.2 0.7 -1.1
v -0.2 0.8 -1.1
v -0.2 1 -1.1
v -0.2 1.1 -1.1
v -0.2 1.2 -1.1
v -0.2 1.3 -1.1
v -0.2 1.4 -1.1
v -0.2 1.5 -1.1
v -0.2 1.6 -1.1
v -0.2 1.7 -1.1
v -0.2 1.9 -1.1
v -0.2 2 -1.1
v -0.1 0.1 -1.1
v -0.1 0.2 -1.1
v -0.1 0.3 -1.1
v -0.1 0.4 -1.1
v -0.1 0.5 -1.1
v -0.1 0.6 -1.1
v -0.1 1 -1.1
v -0.1 1.1 -1.1
v -0.1 1.4 -1.1
v -0.1 1.5 -1.1
v -0.1 1.6 -1.1
v -0.1 1.7 -1.1
v -0.1 1.8 -1.1
v -0.1 1.9 -1.1
v -0.1 2 -1.1
v 0 0.1 -1.1
v 0 0.2 -1.1
v 0 0.3 -1.1
v 0 0.4 -1.1
v 0 0.5 -1.1
v 0 0.6 -1.1
v 0 0.7 -1.1
v 0 0.8 -1.1
v 0 0.9 -1.1
v 0 1 -1.1
v 0 1.1 -1.1
v 0 1.2 -1.1
v 0 1.3 -1.1
v 0 1.5 -1.1
v 0 1.6 -1.1
v 0.1 0.3 -1.1
v 0.1 0.4 -1.1
v 0.1 0.5 -1.1
v 0.1 1.1 -1.1
v 0.1 1.2 -1.1
v 0.1 1.3 -1.1
v 0.1 1.4 -1.1
v 0.1 1.5 -1.1
v 0.1 1.6 -1.1
v 0.1 1.7 -1.1
v 0.1 1.8 -1.1
v 0.1 1.9 -1.1
v 0.2 0 -1.1
v 0.2 0.1 -1.1
v 0.2 0.3 -1.1
v 0.2 0.4 -1.1
v 0.2 0.6 -1.1
v 0.2 0.7 -1.1
v 0.2 0.8 -1.1
v 0.2 0.9 -1.1
v 0.2 1 -1.1
v 0.2 1.4 -1.1
v 0.2 1.5 -1.1
v 0.2 1.9 -1.1
v 0.2 2 -1.1
v 0.3 0.5 -1.1
v 0.3 0.6 -1.1
v 0.3 0.7 -1.1
v 0.3 0.9 -1.1
v 0.3 1 -1.1
v 0.3 1.3 -1.1
v 0.3 1.4 -1.1
v 0.3 1.5 -1.1
v 0.3 1.6 -1.1
v 0.3 1.7 -1.1
v 0.3 1.8 -1.1
v 0.3 1.9 -1.1
v 0.4 0 -1.1
v 0.4 0.1 -1.1
v 0.4 0.2 -1.1
v 0.4 0.3 -1.1
v 0.4 0.4 -1.1
v 0.4 0.5 -1.1
v 0.4 0.6 -1.1
v 0.4 0.8 -1.1
v 0.4 0.9 -1.1
v 0.4 1 -1.1
v 0.4 1.1 -1.1
v 0.4 1.2 -1.1
v 0.4 1.3 -1.1
v 0.4 1.4 -1.1
v 0.4 1.6 -1.1
v 0.4 1.7 -1.1
v 0.4 1.8 -1.1
v 0.4 1.9 -1.1
v 0.4 2 -1.1
v 0.5 0.1 -1.1
v 0.5 0.2 -1.1
v 0.5 0.3 -1.1
v 0.5 0.4 -1.1
v 0.5 0.5 -1.1
v 0.5 0.6 -1.1
v 0.5 0.7 -1.1
v 0.5 0.8 -1.1
v 0.5 0.9 -1.1
v 0.5 1.1 -1.1
v 0.5 1.2 -1.1
v 0.5 1.3 -1.1
v 0.5 1.4 -1.1
v 0.5 1.5 -1.1
v 0.5 1.6 -1.1
v 0.5 1.7 -1.1
v 0.5 1.9 -1.1
v 0.5 2 -1.1
v 0.6 0 -1.1
v 0.6 0.1 -1.1
v 0.6 0.2 -1.1
v 0.6 0.3 -1.1
v 0.6 0.5 -1.1
v 0.6 0.6 -1.1
v 0.6 0.7 -1.1
v 0.6 0.8 -1.1
v 0.6 1 -1.1
v 0.6 1.1 -1.1
v 0.6 1.2 -1.1
v 0.6 1.3 -1.1
v 0.6 1.5 -1.1
v 0.6 1.6 -1.1
v 0.6 1.8 -1.1
v 0.6 1.9 -1.1
v 0.4 0.5 -1.2
v 0.4 0.6 -1.2
v 0.5 0.5 -1.2
v 0.5 0.6 -1.2
v -0.2 0 -1.5
v -0.2 2.3 -1.5
v 0.4 0 -1.5
v 0.4 2.3 -1.5
v -0.1 0 1.1
v 0.4 0 1.1
v -0.2 0 1
v -0.1 0 1
v -0.2 0 0.8
v 0.4 0 0.8
v -0.2 0 0.7
v 0.4 0 0.7
v 0.5 0 0.7
v -0.4 0 0.6
v -0.2 0 0.6
v 0.4 0 0.6
v 0.5 0 0.6
v 0.6 0 0.6
v -0.5 0 0.5
v -0.4 0 0.5
v 0.6 0 0.5
v 0.7 0 0.5
v -0.6 0 0.4
v -0.5 0 0.4
v 0.7 0 0.4
v 0.8 0 0.4
v 0.9 0 0.4
v -0.7 0 0.3
v -0.6 0 0.3
v 0.8 0 0.3
v 0.9 0 0.3
v 1 0 0.3
v 0.9 0 0.2
v 1 0 0.2
v -0.8 0 0.1
v -0.7 0 0.1
v 0.9 0 0.1
v 1 0 0.1
v 1 0 0
v 1.1 0 0
v 1 0 -0.1
v 1.1 0 -0.1
v -0.8 0 -0.5
v -0.7 0 -0.5
v 0.9 0 -0.5
v 1 0 -0.5
v 0.9 0 -0.6
v 1 0 -0.6
v -0.7 0 -0.7
v -0.6 0 -0.7
v 0.8 0 -0.7
v 0.9 0 -0.7
v 1 0 -0.7
v -0.6 0 -0.8
v -0.5 0 -0.8
v 0.7 0 -0.8
v 0.8 0 -0.8
v 0.9 0 -0.8
v -0.5 0 -0.9
v -0.4 0 -0.9
v 0.6 0 -0.9
v 0.7 0 -0.9
v -0.5 0 -1
v -0.4 0 -1
v -0.3 0 -1
v -0.2 0 -1
v 0.4 0 -1
v 0.6 0 -1
v 0.7 0 -1
v -0.4 0 -1.1
v -0.3 0 -1.1
v -0.2 0 -1.1
v -0.1 0 -1.1
v 0.2 0 -1.1
v 0.4 0 -1.1
v 0.6 0 -1.1
v -0.2 0 -1.2
v -0.1 0 -1.2
v 0.2 0 -1.2
v 0.4 0 -1.2
v -0.2 0 -1.5
v 0.4 0 -1.5
v 0.5 0.1 0.7
v 0.6 0.1 0.7
v 0.5 0.1 0.6
v 0.6 0.1 0.6
v 0.7 0.1 0.6
v 0.6 0.1 0.5
v 0.7 0.1 0.5
v 0.9 0.1 0.2
v 1 0.1 0.2
v 0.9 0.1 0.1
v 1 0.1 0.1
v 1 0.1 -0.1
v 1.1 0.1 -0.1
v -0.9 0.1 -0.2
v -0.8 0.1 -0.2
v -0.9 0.1 -0.3
v -0.8 0.1 -0.3
v 1 0.1 -0.3
v 1.1 0.1 -0.3
v -0.9 0.1 -0.5
v -0.8 0.1 -0.5
v -0.7 0.1 -0.5
v -0.8 0.1 -0.6
v -0.7 0.1 -0.6
v -0.8 0.1 -0.7
v -0.7 0.1 -0.7
v -0.6 0.1 -0.7
v -0.7 0.1 -0.8
v -0.6 0.1 -0.8
v -0.5 0.1 -0.8
v 0.7 0.1 -0.8
v 0.8 0.1 -0.8
v -0.6 0.1 -0.9
v -0.5 0.1 -0.9
v 0.7 0.1 -0.9
v 0.8 0.1 -0.9
v 0.2 0.1 -1.1
v 0.4 0.1 -1.1
v 0.2 0.1 -1.2
v 0.4 0.1 -1.2
v -0.4 0.2 0.7
v -0.3 0.2 0.7
v -0.5 0.2 0.6
v -0.4 0.2 0.6
v -0.3 0.2 0.6
v -0.6 0.2 0.5
v -0.5 0.2 0.5
v -0.4 0.2 0.5
v 0.7 0.2 0.5
v 0.8 0.2 0.5
v -0.7 0.2 0.4
v -0.6 0.2 0.4
v -0.5 0.2 0.4
v 0.7 0.2 0.4
v 0.8 0.2 0.4
v -0.8 0.2 0.3
v -0.7 0.2 0.3
v -0.6 0.2 0.3
v -0.9 0.2 0.1
v -0.8 0.2 0.1
v -0.7 0.2 0.1
v 1 0.2 0.1
v 1.1 0.2 0.1
v 1 0.2 0
v 1.1 0.2 0
v -0.9 0.2 -0.1
v -0.8 0.2 -0.1
v -0.9 0.2 -0.2
v -0.8 0.2 -0.2
v 1 0.2 -0.3
v 1.1 0.2 -0.3
v 0.9 0.2 -0.5
v 1 0.2 -0.5
v 1.1 0.2 -0.5
v 0.9 0.2 -0.6
v 1 0.2 -0.6
v -0.5 0.2 -0.9
v -0.4 0.2 -0.9
v 0.6 0.2 -0.9
v 0.7 0.2 -0.9
v -0.5 0.2 -1
v -0.4 0.2 -1
v -0.3 0.2 -1
v -0.2 0.2 -1
v 0.5 0.2 -1
v 0.6 0.2 -1
v 0.7 0.2 -1
v -0.4 0.2 -1.1
v -0.3 0.2 -1.1
v -0.2 0.2 -1.1
v -0.1 0.2 -1.1
v 0 0.2 -1.1
v 0.5 0.2 -1.1
v 0.6 0.2 -1.1
v -0.2 0.2 -1.2
v -0.1 0.2 -1.2
v 0 0.2 -1.2
v -0.2 0.3 0.8
v -0.1 0.3 0.8
v 0 0.3 0.8
v -0.3 0.3 0.7
v -0.2 0.3 0.7
v -0.1 0.3 0.7
v 0 0.3 0.7
v -0.3 0.3 0.6
v -0.2 0.3 0.6
v 0.8 0.3 0.4
v 0.9 0.3 0.4
v 0.8 0.3 0.3
v 0.9 0.3 0.3
v 1 0.3 0
v 1.1 0.3 0
v 1 0.3 -0.2
v 1.1 0.3 -0.2
v -0.8 0.3 -0.5
v -0.7 0.3 -0.5
v -0.8 0.3 -0.6
v -0.7 0.3 -0.6
v 0.9 0.3 -0.6
v 1 0.3 -0.6
v -0.8 0.3 -0.7
v -0.7 0.3 -0.7
v -0.6 0.3 -0.7
v 0.9 0.3 -0.7
v 1 0.3 -0.7
v -0.7 0.3 -0.8
v -0.6 0.3 -0.8
v -0.5 0.3 -0.8
v -0.6 0.3 -0.9
v -0.5 0.3 -0.9
v 0.4 0.3 -1
v 0.5 0.3 -1
v 0.1 0.3 -1.1
v 0.2 0.3 -1.1
v 0.4 0.3 -1.1
v 0.5 0.3 -1.1
v 0.1 0.3 -1.2
v 0.2 0.3 -1.2
v 0.4 0.3 -1.2
v 0 0.4 0.8
v 0.2 0.4 0.8
v 0 0.4 0.7
v 0.2 0.4 0.7
v -0.6 0.4 0.5
v -0.5 0.4 0.5
v -0.7 0.4 0.4
v -0.6 0.4 0.4
v -0.5 0.4 0.4
v -0.8 0.4 0.3
v -0.7 0.4 0.3
v -0.6 0.4 0.3
v 0.9 0.4 0.3
v 1 0.4 0.3
v -0.7 0.4 0.2
v -0.9 0.4 0.1
v -0.8 0.4 0.1
v -0.7 0.4 0.1
v 0.9 0.4 0.1
v 1 0.4 0.1
v -0.9 0.4 -0.2
v -0.8 0.4 -0.2
v 1 0.4 -0.2
v 1.1 0.4 -0.2
v 1 0.4 -0.4
v 1.1 0.4 -0.4
v -0.9 0.4 -0.5
v -0.8 0.4 -0.5
v 0.8 0.4 -0.7
v 0.9 0.4 -0.7
v 0.7 0.4 -0.8
v 0.8 0.4 -0.8
v 0.9 0.4 -0.8
v 0.7 0.4 -0.9
v 0.8 0.4 -0.9
v -0.3 0.4 -1
v -0.2 0.4 -1
v -0.3 0.4 -1.1
v -0.2 0.4 -1.1
v -0.1 0.4 -1.1
v 0 0.4 -1.1
v 0.1 0.4 -1.1
v -0.2 0.4 -1.2
v 0 0.4 -1.2
v 0.1 0.4 -1.2
v 0.2 0.5 0.8
v 0.3 0.5 0.8
v 0.4 0.5 0.8
v -0.4 0.5 0.7
v -0.3 0.5 0.7
v -0.2 0.5 0.7
v 0.2 0.5 0.7
v 0.3 0.5 0.7
v 0.4 0.5 0.7
v 0.5 0.5 0.7
v -0.5 0.5 0.6
v -0.4 0.5 0.6
v -0.3 0.5 0.6
v -0.2 0.5 0.6
v 0.4 0.5 0.6
v 0.5 0.5 0.6
v -0.5 0.5 0.5
v -0.4 0.5 0.5
v 1 0.5 0.1
v 1.1 0.5 0.1
v 1 0.5 0
v 1.1 0.5 0
v 1 0.5 -0.4
v 1.1 0.5 -0.4
v 0.9 0.5 -0.5
v 1 0.5 -0.5
v 1.1 0.5 -0.5
v -0.8 0.5 -0.6
v -0.7 0.5 -0.6
v 0.9 0.5 -0.6
v 1 0.5 -0.6
v -0.8 0.5 -0.7
v -0.7 0.5 -0.7
v -0.6 0.5 -0.7
v -0.7 0.5 -0.8
v -0.6 0.5 -0.8
v -0.5 0.5 -0.8
v -0.6 0.5 -0.9
v -0.5 0.5 -0.9
v -0.4 0.5 -0.9
v 0.6 0.5 -0.9
v 0.7 0.5 -0.9
v -0.5 0.5 -1
v -0.4 0.5 -1
v -0.3 0.5 -1
v 0.4 0.5 -1
v 0.6 0.5 -1
v 0.7 0.5 -1
v -0.4 0.5 -1.1
v -0.3 0.5 -1.1
v 0.3 0.5 -1.1
v 0.4 0.5 -1.1
v 0.5 0.5 -1.1
v 0.6 0.5 -1.1
v 0.3 0.5 -1.2
v 0.4 0.5 -1.2
v 0.5 0.5 -1.2
v -0.2 0.6 0.8
v 0 0.6 0.8
v -0.2 0.6 0.7
v 0 0.6 0.7
v 0.5 0.6 0.7
v 0.6 0.6 0.7
v 0.5 0.6 0.6
v 0.6 0.6 0.6
v 0.7 0.6 0.6
v 0.6 0.6 0.5
v 0.7 0.6 0.5
v 1 0.6 0
v 1.1 0.6 0
v 1 0.6 -0.1
v -0.9 0.6 -0.2
v -0.8 0.6 -0.2
v 1 0.6 -0.2
v 1.1 0.6 -0.2
v -0.9 0.6 -0.3
v -0.8 0.6 -0.3
v -0.9 0.6 -0.5
v -0.8 0.6 -0.5
v -0.7 0.6 -0.5
v -0.8 0.6 -0.6
v -0.7 0.6 -0.6
v 0.9 0.6 -0.6
v 1 0.6 -0.6
v 0.8 0.6 -0.7
v 0.9 0.6 -0.7
v 1 0.6 -0.7
v 0.7 0.6 -0.8
v 0.8 0.6 -0.8
v 0.9 0.6 -0.8
v 0.7 0.6 -0.9
v 0.8 0.6 -0.9
v 0 0.6 -1.1
v 0.2 0.6 -1.1
v 0.3 0.6 -1.1
v 0 0.6 -1.2
v 0.2 0.6 -1.2
v 0.3 0.6 -1.2
v 0 0.7 0.8
v 0.2 0.7 0.8
v 0 0.7 0.7
v 0.2 0.7 0.7
v -0.5 0.7 0.6
v -0.4 0.7 0.6
v -0.6 0.7 0.5
v -0.5 0.7 0.5
v -0.4 0.7 0.5
v 0.7 0.7 0.5
v 0.8 0.7 0.5
v -0.7 0.7 0.4
v -0.6 0.7 0.4
v -0.5 0.7 0.4
v 0.7 0.7 0.4
v 0.8 0.7 0.4
v 0.9 0.7 0.4
v -0.8 0.7 0.3
v -0.7 0.7 0.3
v -0.6 0.7 0.3
v 0.8 0.7 0.3
v 0.9 0.7 0.3
v 1 0.7 0.3
v 0.9 0.7 0.2
v 1 0.7 0.2
v -0.9 0.7 0.1
v -0.8 0.7 0.1
v -0.7 0.7 0.1
v -0.9 0.7 0
v -0.8 0.7 0
v -0.9 0.7 -0.2
v -0.8 0.7 -0.2
v 1 0.7 -0.2
v 1.1 0.7 -0.2
v 1 0.7 -0.3
v 0.9 0.7 -0.5
v 1 0.7 -0.5
v 1.1 0.7 -0.5
v 0.9 0.7 -0.6
v 1 0.7 -0.6
v 0.6 0.7 -0.9
v 0.7 0.7 -0.9
v -0.3 0.7 -1
v -0.2 0.7 -1
v 0.5 0.7 -1
v 0.6 0.7 -1
v 0.7 0.7 -1
v -0.3 0.7 -1.1
v -0.2 0.7 -1.1
v 0 0.7 -1.1
v 0.5 0.7 -1.1
v 0.6 0.7 -1.1
v -0.2 0.7 -1.2
v 0 0.7 -1.2
v 0.2 0.8 0.8
v 0.4 0.8 0.8
v -0.4 0.8 0.7
v -0.2 0.8 0.7
v 0.2 0.8 0.7
v 0.3 0.8 0.7
v 0.4 0.8 0.7
v 0.5 0.8 0.7
v -0.4 0.8 0.6
v -0.2 0.8 0.6
v 0.4 0.8 0.6
v 0.5 0.8 0.6
v 0.9 0.8 0.2
v 1 0.8 0.2
v 0.9 0.8 0.1
v 1 0.8 0.1
v 1.1 0.8 0.1
v 1 0.8 -0.1
v 1.1 0.8 -0.1
v -0.8 0.8 -0.5
v -0.7 0.8 -0.5
v 0.9 0.8 -0.6
v 1 0.8 -0.6
v -0.8 0.8 -0.7
v -0.7 0.8 -0.7
v -0.6 0.8 -0.7
v 0.8 0.8 -0.7
v 0.9 0.8 -0.7
v 1 0.8 -0.7
v -0.7 0.8 -0.8
v -0.6 0.8 -0.8
v -0.5 0.8 -0.8
v 0.8 0.8 -0.8
v 0.9 0.8 -0.8
v -0.6 0.8 -0.9
v -0.5 0.8 -0.9
v -0.4 0.8 -0.9
v -0.5 0.8 -1
v -0.4 0.8 -1
v -0.3 0.8 -1
v 0.4 0.8 -1
v 0.5 0.8 -1
v -0.4 0.8 -1.1
v -0.3 0.8 -1.1
v 0.2 0.8 -1.1
v 0.4 0.8 -1.1
v 0.5 0.8 -1.1
v 0.2 0.8 -1.2
v 0.4 0.8 -1.2
v -0.2 0.9 0.8
v 0 0.9 0.8
v -0.2 0.9 0.7
v 0 0.9 0.7
v 0.5 0.9 0.7
v 0.6 0.9 0.7
v 0.5 0.9 0.6
v 0.6 0.9 0.6
v 0.7 0.9 0.6
v 0.6 0.9 0.5
v 0.7 0.9 0.5
v 1 0.9 -0.1
v 1.1 0.9 -0.1
v -0.9 0.9 -0.2
v -0.8 0.9 -0.2
v 1 0.9 -0.2
v 1.1 0.9 -0.2
v 1 0.9 -0.3
v 1.1 0.9 -0.3
v -0.9 0.9 -0.4
v -0.8 0.9 -0.4
v -0.9 0.9 -0.5
v -0.8 0.9 -0.5
v 0.7 0.9 -0.8
v 0.8 0.9 -0.8
v 0.6 0.9 -0.9
v 0.7 0.9 -0.9
v 0.8 0.9 -0.9
v 0.6 0.9 -1
v 0.7 0.9 -1
v 0 0.9 -1.1
v 0.2 0.9 -1.1
v 0 0.9 -1.2
v 0.2 0.9 -1.2
v 0 1 0.8
v 0.1 1 0.8
v 0.2 1 0.8
v 0 1 0.7
v 0.1 1 0.7
v 0.2 1 0.7
v 0.7 1 0.5
v 0.8 1 0.5
v 0.7 1 0.4
v 0.8 1 0.4
v 0.9 1 0.4
v 0.8 1 0.3
v 0.9 1 0.3
v -0.8 1 0.2
v -0.7 1 0.2
v -0.9 1 0.1
v -0.8 1 0.1
v -0.7 1 0.1
v -0.8 1 0
v -0.9 1 -0.1
v -0.8 1 -0.1
v -0.9 1 -0.2
v -0.8 1 -0.2
v 1 1 -0.3
v 1.1 1 -0.3
v 1 1 -0.4
v 1.1 1 -0.4
v 0.9 1 -0.5
v 1 1 -0.5
v 1.1 1 -0.5
v 0.9 1 -0.6
v 1 1 -0.6
v -0.6 1 -0.8
v -0.5 1 -0.8
v -0.6 1 -0.9
v -0.5 1 -0.9
v -0.4 1 -0.9
v -0.5 1 -1
v -0.4 1 -1
v -0.3 1 -1
v -0.2 1 -1
v 0.4 1 -1
v 0.5 1 -1
v 0.6 1 -1
v -0.3 1 -1.1
v -0.2 1 -1.1
v -0.1 1 -1.1
v 0 1 -1.1
v 0.4 1 -1.1
v 0.6 1 -1.1
v -0.2 1 -1.2
v -0.1 1 -1.2
v 0 1 -1.2
v 0.2 1.1 0.8
v 0.4 1.1 0.8
v 0.2 1.1 0.7
v 0.4 1.1 0.7
v 0.5 1.1 0.7
v -0.5 1.1 0.6
v -0.4 1.1 0.6
v 0.4 1.1 0.6
v 0.5 1.1 0.6
v -0.6 1.1 0.5
v -0.5 1.1 0.5
v -0.4 1.1 0.5
v -0.7 1.1 0.4
v -0.6 1.1 0.4
v -0.5 1.1 0.4
v -0.8 1.1 0.3
v -0.7 1.1 0.3
v -0.6 1.1 0.3
v 0.9 1.1 0.3
v 1 1.1 0.3
v -0.8 1.1 0.2
v -0.7 1.1 0.2
v 0.9 1.1 0.1
v 1 1.1 0.1
v 1.1 1.1 0.1
v 1 1.1 0
v 1.1 1.1 0
v 1 1.1 -0.1
v 1.1 1.1 -0.1
v -0.8 1.1 -0.6
v -0.7 1.1 -0.6
v 0.9 1.1 -0.6
v 1 1.1 -0.6
v -0.8 1.1 -0.7
v -0.7 1.1 -0.7
v -0.6 1.1 -0.7
v 0.8 1.1 -0.7
v 0.9 1.1 -0.7
v 1 1.1 -0.7
v -0.7 1.1 -0.8
v -0.6 1.1 -0.8
v 0.7 1.1 -0.8
v 0.8 1.1 -0.8
v 0.9 1.1 -0.8
v 0.7 1.1 -0.9
v 0.8 1.1 -0.9
v 0.1 1.1 -1.1
v 0.4 1.1 -1.1
v 0.1 1.1 -1.2
v 0.4 1.1 -1.2
v -0.2 1.2 0.8
v 0 1.2 0.8
v -0.4 1.2 0.7
v -0.2 1.2 0.7
v -0.1 1.2 0.7
v 0 1.2 0.7
v 0.5 1.2 0.7
v 0.6 1.2 0.7
v -0.4 1.2 0.6
v -0.2 1.2 0.6
v 0.5 1.2 0.6
v 0.6 1.2 0.6
v 0.7 1.2 0.6
v 0.6 1.2 0.5
v 0.7 1.2 0.5
v 1 1.2 -0.1
v 1.1 1.2 -0.1
v -0.9 1.2 -0.2
v -0.8 1.2 -0.2
v 1 1.2 -0.2
v 1 1.2 -0.3
v 1.1 1.2 -0.3
v -0.9 1.2 -0.5
v -0.8 1.2 -0.5
v -0.7 1.2 -0.5
v -0.8 1.2 -0.6
v -0.7 1.2 -0.6
v 0.6 1.2 -0.9
v 0.7 1.2 -0.9
v -0.3 1.2 -1
v -0.2 1.2 -1
v 0.5 1.2 -1
v 0.6 1.2 -1
v 0.7 1.2 -1
v -0.3 1.2 -1.1
v -0.2 1.2 -1.1
v 0 1.2 -1.1
v 0.1 1.2 -1.1
v 0.5 1.2 -1.1
v 0.6 1.2 -1.1
v -0.2 1.2 -1.2
v 0 1.2 -1.2
v 0.1 1.2 -1.2
v 0 1.3 0.8
v 0.2 1.3 0.8
v 0 1.3 0.7
v 0.2 1.3 0.7
v 0.7 1.3 0.5
v 0.8 1.3 0.5
v 0.7 1.3 0.4
v 0.8 1.3 0.4
v 0.9 1.3 0.4
v 0.8 1.3 0.3
v 0.9 1.3 0.3
v 1 1.3 0.3
v -0.8 1.3 0.2
v -0.7 1.3 0.2
v 0.9 1.3 0.2
v 1 1.3 0.2
v -0.9 1.3 0.1
v -0.8 1.3 0.1
v -0.7 1.3 0.1
v -0.8 1.3 0
v -0.9 1.3 -0.1
v -0.8 1.3 -0.1
v -0.9 1.3 -0.2
v -0.8 1.3 -0.2
v 1 1.3 -0.3
v 1.1 1.3 -0.3
v 1 1.3 -0.4
v 1.1 1.3 -0.4
v 0.9 1.3 -0.5
v 1 1.3 -0.5
v 1.1 1.3 -0.5
v 0.9 1.3 -0.6
v 1 1.3 -0.6
v -0.7 1.3 -0.7
v -0.6 1.3 -0.7
v -0.7 1.3 -0.8
v -0.6 1.3 -0.8
v -0.5 1.3 -0.8
v -0.6 1.3 -0.9
v -0.5 1.3 -0.9
v -0.4 1.3 -0.9
v -0.5 1.3 -1
v -0.4 1.3 -1
v -0.3 1.3 -1
v 0.4 1.3 -1
v 0.5 1.3 -1
v -0.4 1.3 -1.1
v -0.3 1.3 -1.1
v 0.3 1.3 -1.1
v 0.4 1.3 -1.1
v 0.5 1.3 -1.1
v 0.3 1.3 -1.2
v 0.4 1.3 -1.2
v -0.2 1.4 0.8
v -0.1 1.4 0.8
v 0.2 1.4 0.8
v 0.3 1.4 0.8
v 0.4 1.4 0.8
v -0.4 1.4 0.7
v -0.2 1.4 0.7
v -0.1 1.4 0.7
v 0.2 1.4 0.7
v 0.3 1.4 0.7
v 0.4 1.4 0.7
v 0.5 1.4 0.7
v -0.5 1.4 0.6
v -0.4 1.4 0.6
v -0.2 1.4 0.6
v 0.4 1.4 0.6
v 0.5 1.4 0.6
v -0.6 1.4 0.5
v -0.5 1.4 0.5
v -0.4 1.4 0.5
v -0.7 1.4 0.4
v -0.6 1.4 0.4
v -0.5 1.4 0.4
v -0.8 1.4 0.3
v -0.7 1.4 0.3
v -0.6 1.4 0.3
v -0.8 1.4 0.2
v -0.7 1.4 0.2
v 0.9 1.4 0.2
v 1 1.4 0.2
v 0.9 1.4 0.1
v 1 1.4 0.1
v 1.1 1.4 0.1
v 1 1.4 -0.1
v 1.1 1.4 -0.1
v -0.9 1.4 -0.3
v -0.8 1.4 -0.3
v -0.9 1.4 -0.4
v -0.8 1.4 -0.4
v -0.9 1.4 -0.5
v -0.8 1.4 -0.5
v -0.7 1.4 -0.5
v -0.8 1.4 -0.6
v -0.7 1.4 -0.6
v 0.9 1.4 -0.6
v 1 1.4 -0.6
v -0.8 1.4 -0.7
v -0.7 1.4 -0.7
v 0.8 1.4 -0.7
v 0.9 1.4 -0.7
v 1 1.4 -0.7
v 0.7 1.4 -0.8
v 0.8 1.4 -0.8
v 0.9 1.4 -0.8
v 0.7 1.4 -0.9
v 0.8 1.4 -0.9
v 0.1 1.4 -1.1
v 0.2 1.4 -1.1
v 0.3 1.4 -1.1
v 0.1 1.4 -1.2
v 0.2 1.4 -1.2
v 0.3 1.4 -1.2
v -0.1 1.5 0.8
v 0.1 1.5 0.8
v -0.1 1.5 0.7
v 0.1 1.5 0.7
v 0.5 1.5 0.7
v 0.6 1.5 0.7
v 0.5 1.5 0.6
v 0.6 1.5 0.6
v 0.7 1.5 0.6
v 0.6 1.5 0.5
v 0.7 1.5 0.5
v -0.9 1.5 -0.1
v -0.8 1.5 -0.1
v 1 1.5 -0.1
v 1.1 1.5 -0.1
v 1 1.5 -0.2
v 1.1 1.5 -0.2
v -0.9 1.5 -0.3
v -0.8 1.5 -0.3
v 1 1.5 -0.3
v 1.1 1.5 -0.3
v 0.6 1.5 -0.9
v 0.7 1.5 -0.9
v 0.5 1.5 -1
v 0.6 1.5 -1
v 0.7 1.5 -1
v -0.1 1.5 -1.1
v 0 1.5 -1.1
v 0.1 1.5 -1.1
v 0.5 1.5 -1.1
v 0.6 1.5 -1.1
v -0.1 1.5 -1.2
v 0 1.5 -1.2
v 0.1 1.5 -1.2
v 0.1 1.6 0.8
v 0.3 1.6 0.8
v 0.1 1.6 0.7
v 0.3 1.6 0.7
v -0.5 1.6 0.6
v -0.4 1.6 0.6
v -0.6 1.6 0.5
v -0.5 1.6 0.5
v -0.4 1.6 0.5
v 0.7 1.6 0.5
v 0.8 1.6 0.5
v -0.7 1.6 0.4
v -0.6 1.6 0.4
v -0.5 1.6 0.4
v 0.7 1.6 0.4
v 0.8 1.6 0.4
v 0.9 1.6 0.4
v -0.8 1.6 0.3
v -0.7 1.6 0.3
v -0.6 1.6 0.3
v 0.8 1.6 0.3
v 0.9 1.6 0.3
v -0.9 1.6 0.1
v -0.8 1.6 0.1
v -0.7 1.6 0.1
v -0.9 1.6 0
v -0.8 1.6 0
v -0.9 1.6 -0.1
v -0.8 1.6 -0.1
v 1 1.6 -0.3
v 1.1 1.6 -0.3
v 0.9 1.6 -0.5
v 1 1.6 -0.5
v 1.1 1.6 -0.5
v 0.9 1.6 -0.6
v 1 1.6 -0.6
v -0.3 1.6 -1
v -0.2 1.6 -1
v 0.4 1.6 -1
v 0.5 1.6 -1
v -0.3 1.6 -1.1
v -0.2 1.6 -1.1
v -0.1 1.6 -1.1
v 0.3 1.6 -1.1
v 0.4 1.6 -1.1
v 0.5 1.6 -1.1
v -0.2 1.6 -1.2
v -0.1 1.6 -1.2
v 0.3 1.6 -1.2
v 0.4 1.6 -1.2
v -0.2 1.7 0.8
v 0 1.7 0.8
v 0.3 1.7 0.8
v 0.4 1.7 0.8
v -0.4 1.7 0.7
v -0.2 1.7 0.7
v 0 1.7 0.7
v 0.3 1.7 0.7
v 0.4 1.7 0.7
v 0.5 1.7 0.7
v -0.4 1.7 0.6
v -0.2 1.7 0.6
v 0.4 1.7 0.6
v 0.5 1.7 0.6
v 0.9 1.7 0.3
v 1 1.7 0.3
v 0.9 1.7 0.2
v 1 1.7 0.2
v 1.1 1.7 0.2
v 0.9 1.7 0.1
v 1 1.7 0.1
v 1 1.7 0
v 1.1 1.7 0
v 0.9 1.7 -0.6
v 1 1.7 -0.6
v 0.8 1.7 -0.7
v 0.9 1.7 -0.7
v 1 1.7 -0.7
v 0.7 1.7 -0.8
v 0.8 1.7 -0.8
v 0.9 1.7 -0.8
v 0.6 1.7 -0.9
v 0.7 1.7 -0.9
v 0.8 1.7 -0.9
v -0.4 1.7 -1
v -0.3 1.7 -1
v 0.6 1.7 -1
v 0.7 1.7 -1
v -0.4 1.7 -1.1
v -0.3 1.7 -1.1
v 0.1 1.7 -1.1
v 0.3 1.7 -1.1
v 0.1 1.7 -1.2
v 0.3 1.7 -1.2
v 0 1.8 0.8
v 0.1 1.8 0.8
v 0.2 1.8 0.8
v 0 1.8 0.7
v 0.1 1.8 0.7
v 0.2 1.8 0.7
v 0.5 1.8 0.7
v 0.6 1.8 0.7
v 0.5 1.8 0.6
v 0.6 1.8 0.6
v 0.7 1.8 0.6
v 0.6 1.8 0.5
v 0.7 1.8 0.5
v 0.8 1.8 0.5
v 0.7 1.8 0.4
v 0.8 1.8 0.4
v 1 1.8 0
v 1.1 1.8 0
v 1 1.8 -0.1
v 1 1.8 -0.3
v 1.1 1.8 -0.3
v -0.6 1.8 -0.8
v -0.5 1.8 -0.8
v -0.6 1.8 -0.9
v -0.5 1.8 -0.9
v -0.4 1.8 -0.9
v -0.5 1.8 -1
v -0.4 1.8 -1
v 0.4 1.8 -1
v 0.6 1.8 -1
v -0.1 1.8 -1.1
v 0.1 1.8 -1.1
v 0.4 1.8 -1.1
v 0.6 1.8 -1.1
v -0.1 1.8 -1.2
v 0.1 1.8 -1.2
v 0.2 1.9 0.8
v 0.3 1.9 0.8
v 0.4 1.9 0.8
v 0.2 1.9 0.7
v 0.3 1.9 0.7
v 0.4 1.9 0.7
v 0.8 1.9 0.4
v 0.9 1.9 0.4
v 0.8 1.9 0.3
v 0.9 1.9 0.3
v 1 1.9 0.3
v 0.9 1.9 0.1
v 1 1.9 0.1
v 1 1.9 -0.3
v 1.1 1.9 -0.3
v -0.8 1.9 -0.5
v -0.7 1.9 -0.5
v 0.9 1.9 -0.5
v 1 1.9 -0.5
v 1.1 1.9 -0.5
v -0.8 1.9 -0.6
v -0.7 1.9 -0.6
v -0.8 1.9 -0.7
v -0.7 1.9 -0.7
v -0.6 1.9 -0.7
v 0.9 1.9 -0.7
v 1 1.9 -0.7
v -0.7 1.9 -0.8
v -0.6 1.9 -0.8
v -0.3 1.9 -1
v -0.2 1.9 -1
v -0.3 1.9 -1.1
v -0.2 1.9 -1.1
v -0.1 1.9 -1.1
v 0.2 1.9 -1.1
v 0.3 1.9 -1.1
v 0.4 1.9 -1.1
v -0.2 1.9 -1.2
v -0.1 1.9 -1.2
v 0.2 1.9 -1.2
v 0.3 1.9 -1.2
v 0.4 1.9 -1.2
v -0.2 2 0.8
v 0.2 2 0.8
v -0.2 2 0.7
v 0.2 2 0.7
v -0.1 2 -1.1
v 0.2 2 -1.1
v -0.1 2 -1.2
v 0.2 2 -1.2
v 0.4 0.1 0.7
v 0.5 0.1 0.7
v 0.4 0.1 0.6
v 0.5 0.1 0.6
v 0.8 0.1 0.4
v 0.9 0.1 0.4
v 0.8 0.1 0.3
v 0.9 0.1 0.3
v 1 0.1 0.3
v 0.9 0.1 0.2
v 1 0.1 0.2
v 1 0.1 0
v 1.1 0.1 0
v 1 0.1 -0.1
v 1.1 0.1 -0.1
v 0.9 0.1 -0.5
v 1 0.1 -0.5
v 0.9 0.1 -0.6
v 1 0.1 -0.6
v 0.9 0.1 -0.7
v 1 0.1 -0.7
v -0.5 0.1 -0.9
v -0.4 0.1 -0.9
v 0.6 0.1 -0.9
v 0.7 0.1 -0.9
v -0.5 0.1 -1
v -0.4 0.1 -1
v -0.3 0.1 -1
v -0.2 0.1 -1
v 0.5 0.1 -1
v 0.6 0.1 -1
v 0.7 0.1 -1
v -0.4 0.1 -1.1
v -0.3 0.1 -1.1
v -0.2 0.1 -1.1
v -0.1 0.1 -1.1
v 0 0.1 -1.1
v 0.5 0.1 -1.1
v 0.6 0.1 -1.1
v -0.2 0.1 -1.2
v -0.1 0.1 -1.2
v 0 0.1 -1.2
v 0.5 0.2 0.7
v 0.6 0.2 0.7
v 0.5 0.2 0.6
v 0.6 0.2 0.6
v 1 0.2 -0.1
v 1.1 0.2 -0.1
v -0.9 0.2 -0.2
v -0.8 0.2 -0.2
v -0.9 0.2 -0.3
v -0.8 0.2 -0.3
v 1 0.2 -0.3
v 1.1 0.2 -0.3
v -0.8 0.2 -0.4
v -0.9 0.2 -0.5
v -0.8 0.2 -0.5
v -0.7 0.2 -0.5
v -0.8 0.2 -0.6
v -0.7 0.2 -0.6
v -0.8 0.2 -0.7
v -0.7 0.2 -0.7
v -0.6 0.2 -0.7
v 0.8 0.2 -0.7
v 0.9 0.2 -0.7
v -0.7 0.2 -0.8
v -0.6 0.2 -0.8
v -0.5 0.2 -0.8
v 0.8 0.2 -0.8
v 0.9 0.2 -0.8
v -0.6 0.2 -0.9
v -0.5 0.2 -0.9
v 0.4 0.2 -1
v 0.5 0.2 -1
v 0 0.2 -1.1
v 0.4 0.2 -1.1
v 0.5 0.2 -1.1
v 0 0.2 -1.2
v 0.4 0.2 -1.2
v -0.4 0.3 0.7
v -0.3 0.3 0.7
v -0.5 0.3 0.6
v -0.4 0.3 0.6
v -0.3 0.3 0.6
v 0.6 0.3 0.6
v 0.7 0.3 0.6
v -0.6 0.3 0.5
v -0.5 0.3 0.5
v -0.4 0.3 0.5
v 0.6 0.3 0.5
v 0.7 0.3 0.5
v -0.7 0.3 0.4
v -0.6 0.3 0.4
v -0.5 0.3 0.4
v -0.8 0.3 0.3
v -0.7 0.3 0.3
v -0.6 0.3 0.3
v -0.7 0.3 0.2
v 0.9 0.3 0.2
v 1 0.3 0.2
v -0.9 0.3 0.1
v -0.8 0.3 0.1
v -0.7 0.3 0.1
v 0.9 0.3 0.1
v 1 0.3 0.1
v 1.1 0.3 0.1
v 1 0.3 0
v 1.1 0.3 0
v -0.9 0.3 -0.1
v -0.8 0.3 -0.1
v -0.9 0.3 -0.2
v -0.8 0.3 -0.2
v 1 0.3 -0.3
v 1.1 0.3 -0.3
v 0.9 0.3 -0.5
v 1 0.3 -0.5
v 1.1 0.3 -0.5
v 0.9 0.3 -0.6
v 1 0.3 -0.6
v 0.7 0.3 -0.8
v 0.8 0.3 -0.8
v 0.6 0.3 -0.9
v 0.7 0.3 -0.9
v 0.8 0.3 -0.9
v -0.4 0.3 -1
v -0.3 0.3 -1
v -0.2 0.3 -1
v 0.5 0.3 -1
v 0.6 0.3 -1
v 0.7 0.3 -1
v -0.4 0.3 -1.1
v -0.3 0.3 -1.1
v -0.2 0.3 -1.1
v -0.1 0.3 -1.1
v 0 0.3 -1.1
v 0.5 0.3 -1.1
v 0.6 0.3 -1.1
v -0.2 0.3 -1.2
v -0.1 0.3 -1.2
v 0 0.3 -1.2
v -0.2 0.4 0.8
v -0.1 0.4 0.8
v 0 0.4 0.8
v -0.3 0.4 0.7
v -0.2 0.4 0.7
v -0.1 0.4 0.7
v 0 0.4 0.7
v -0.3 0.4 0.6
v -0.2 0.4 0.6
v 0.7 0.4 0.5
v 0.8 0.4 0.5
v 0.7 0.4 0.4
v 0.8 0.4 0.4
v 1 0.4 0
v 1.1 0.4 0
v 1 0.4 -0.2
v 1.1 0.4 -0.2
v -0.8 0.4 -0.6
v -0.7 0.4 -0.6
v 0.9 0.4 -0.6
v 1 0.4 -0.6
v -0.8 0.4 -0.7
v -0.7 0.4 -0.7
v -0.6 0.4 -0.7
v 0.9 0.4 -0.7
v 1 0.4 -0.7
v -0.7 0.4 -0.8
v -0.6 0.4 -0.8
v -0.5 0.4 -0.8
v -0.6 0.4 -0.9
v -0.5 0.4 -0.9
v -0.4 0.4 -0.9
v -0.5 0.4 -1
v -0.4 0.4 -1
v 0.4 0.4 -1
v 0.5 0.4 -1
v 0.1 0.4 -1.1
v 0.2 0.4 -1.1
v 0.4 0.4 -1.1
v 0.5 0.4 -1.1
v 0.1 0.4 -1.2
v 0.2 0.4 -1.2
v 0.4 0.4 -1.2
v 0 0.5 0.8
v 0.2 0.5 0.8
v 0 0.5 0.7
v 0.2 0.5 0.7
v -0.7 0.5 0.4
v -0.6 0.5 0.4
v 0.8 0.5 0.4
v 0.9 0.5 0.4
v -0.8 0.5 0.3
v -0.7 0.5 0.3
v -0.6 0.5 0.3
v 0.8 0.5 0.3
v 0.9 0.5 0.3
v 1 0.5 0.3
v 0.9 0.5 0.2
v 1 0.5 0.2
v -0.9 0.5 0.1
v -0.8 0.5 0.1
v -0.7 0.5 0.1
v -0.9 0.5 -0.2
v -0.8 0.5 -0.2
v 1 0.5 -0.2
v 1.1 0.5 -0.2
v 1 0.5 -0.3
v 1 0.5 -0.4
v 1.1 0.5 -0.4
v -0.9 0.5 -0.5
v -0.8 0.5 -0.5
v -0.7 0.5 -0.5
v -0.8 0.5 -0.6
v -0.7 0.5 -0.6
v 0.8 0.5 -0.7
v 0.9 0.5 -0.7
v 0.7 0.5 -0.8
v 0.8 0.5 -0.8
v 0.9 0.5 -0.8
v 0.7 0.5 -0.9
v 0.8 0.5 -0.9
v -0.3 0.5 -1
v -0.2 0.5 -1
v -0.3 0.5 -1.1
v -0.2 0.5 -1.1
v -0.1 0.5 -1.1
v 0 0.5 -1.1
v 0.1 0.5 -1.1
v -0.2 0.5 -1.2
v 0 0.5 -1.2
v 0.1 0.5 -1.2
v 0.2 0.6 0.8
v 0.3 0.6 0.8
v 0.4 0.6 0.8
v -0.4 0.6 0.7
v -0.3 0.6 0.7
v -0.2 0.6 0.7
v 0.2 0.6 0.7
v 0.3 0.6 0.7
v 0.4 0.6 0.7
v 0.5 0.6 0.7
v -0.5 0.6 0.6
v -0.4 0.6 0.6
v -0.3 0.6 0.6
v -0.2 0.6 0.6
v 0.4 0.6 0.6
v 0.5 0.6 0.6
v -0.6 0.6 0.5
v -0.5 0.6 0.5
v -0.4 0.6 0.5
v -0.6 0.6 0.4
v -0.5 0.6 0.4
v 0.9 0.6 0.2
v 1 0.6 0.2
v 0.9 0.6 0.1
v 1 0.6 0.1
v 1.1 0.6 0.1
v 1 0.6 0
v 1.1 0.6 0
v 1 0.6 -0.4
v 1.1 0.6 -0.4
v 0.9 0.6 -0.5
v 1 0.6 -0.5
v 1.1 0.6 -0.5
v -0.8 0.6 -0.6
v -0.7 0.6 -0.6
v 0.9 0.6 -0.6
v 1 0.6 -0.6
v -0.8 0.6 -0.7
v -0.7 0.6 -0.7
v -0.6 0.6 -0.7
v -0.7 0.6 -0.8
v -0.6 0.6 -0.8
v -0.5 0.6 -0.8
v -0.6 0.6 -0.9
v -0.5 0.6 -0.9
v -0.4 0.6 -0.9
v 0.6 0.6 -0.9
v 0.7 0.6 -0.9
v -0.5 0.6 -1
v -0.4 0.6 -1
v -0.3 0.6 -1
v 0.4 0.6 -1
v 0.6 0.6 -1
v 0.7 0.6 -1
v -0.4 0.6 -1.1
v -0.3 0.6 -1.1
v 0.3 0.6 -1.1
v 0.4 0.6 -1.1
v 0.5 0.6 -1.1
v 0.6 0.6 -1.1
v 0.3 0.6 -1.2
v 0.4 0.6 -1.2
v 0.5 0.6 -1.2
v -0.2 0.7 0.8
v 0 0.7 0.8
v -0.2 0.7 0.7
v 0 0.7 0.7
v 0.5 0.7 0.7
v 0.6 0.7 0.7
v 0.5 0.7 0.6
v 0.6 0.7 0.6
v 0.7 0.7 0.6
v 0.6 0.7 0.5
v 0.7 0.7 0.5
v 1 0.7 0
v 1.1 0.7 0
v 1 0.7 -0.1
v -0.9 0.7 -0.2
v -0.8 0.7 -0.2
v 1 0.7 -0.2
v 1.1 0.7 -0.2
v -0.9 0.7 -0.3
v -0.8 0.7 -0.3
v -0.9 0.7 -0.5
v -0.8 0.7 -0.5
v -0.7 0.7 -0.5
v -0.8 0.7 -0.6
v -0.7 0.7 -0.6
v 0.9 0.7 -0.6
v 1 0.7 -0.6
v 0.8 0.7 -0.7
v 0.9 0.7 -0.7
v 1 0.7 -0.7
v 0.8 0.7 -0.8
v 0.9 0.7 -0.8
v 0 0.7 -1.1
v 0.2 0.7 -1.1
v 0.3 0.7 -1.1
v 0 0.7 -1.2
v 0.2 0.7 -1.2
v 0.3 0.7 -1.2
v 0 0.8 0.8
v 0.2 0.8 0.8
v 0 0.8 0.7
v 0.2 0.8 0.7
v -0.6 0.8 0.5
v -0.5 0.8 0.5
v 0.7 0.8 0.5
v 0.8 0.8 0.5
v -0.7 0.8 0.4
v -0.6 0.8 0.4
v -0.5 0.8 0.4
v 0.7 0.8 0.4
v 0.8 0.8 0.4
v 0.9 0.8 0.4
v -0.8 0.8 0.3
v -0.7 0.8 0.3
v -0.6 0.8 0.3
v 0.8 0.8 0.3
v 0.9 0.8 0.3
v 1 0.8 0.3
v 0.9 0.8 0.2
v 1 0.8 0.2
v -0.9 0.8 0.1
v -0.8 0.8 0.1
v -0.7 0.8 0.1
v -0.9 0.8 0
v -0.8 0.8 0
v -0.9 0.8 -0.2
v -0.8 0.8 -0.2
v 1 0.8 -0.2
v 1.1 0.8 -0.2
v 1 0.8 -0.5
v 1.1 0.8 -0.5
v 0.7 0.8 -0.8
v 0.8 0.8 -0.8
v 0.6 0.8 -0.9
v 0.7 0.8 -0.9
v 0.8 0.8 -0.9
v -0.3 0.8 -1
v -0.2 0.8 -1
v 0.5 0.8 -1
v 0.6 0.8 -1
v 0.7 0.8 -1
v -0.3 0.8 -1.1
v -0.2 0.8 -1.1
v 0 0.8 -1.1
v 0.5 0.8 -1.1
v 0.6 0.8 -1.1
v -0.2 0.8 -1.2
v 0 0.8 -1.2
v 0.2 0.9 0.8
v 0.4 0.9 0.8
v -0.4 0.9 0.7
v -0.3 0.9 0.7
v 0.2 0.9 0.7
v 0.4 0.9 0.7
v 0.5 0.9 0.7
v -0.5 0.9 0.6
v -0.4 0.9 0.6
v -0.3 0.9 0.6
v 0.4 0.9 0.6
v 0.5 0.9 0.6
v -0.5 0.9 0.5
v -0.4 0.9 0.5
v 0.9 0.9 0.2
v 1 0.9 0.2
v 0.9 0.9 0.1
v 1 0.9 0.1
v 1.1 0.9 0.1
v 1 0.9 0
v 1 0.9 -0.1
v 1.1 0.9 -0.1
v 0.9 0.9 -0.5
v 1 0.9 -0.5
v -0.8 0.9 -0.6
v -0.7 0.9 -0.6
v 0.9 0.9 -0.6
v 1 0.9 -0.6
v -0.8 0.9 -0.7
v -0.7 0.9 -0.7
v -0.6 0.9 -0.7
v 0.9 0.9 -0.7
v 1 0.9 -0.7
v -0.7 0.9 -0.8
v -0.6 0.9 -0.8
v -0.5 0.9 -0.8
v -0.6 0.9 -0.9
v -0.5 0.9 -0.9
v -0.4 0.9 -0.9
v -0.5 0.9 -1
v -0.4 0.9 -1
v -0.3 0.9 -1
v 0.4 0.9 -1
v 0.5 0.9 -1
v -0.4 0.9 -1.1
v -0.3 0.9 -1.1
v 0.2 0.9 -1.1
v 0.3 0.9 -1.1
v 0.4 0.9 -1.1
v 0.5 0.9 -1.1
v 0.2 0.9 -1.2
v 0.4 0.9 -1.2
v -0.2 1 0.8
v 0 1 0.8
v -0.3 1 0.7
v -0.2 1 0.7
v 0 1 0.7
v 0.5 1 0.7
v 0.6 1 0.7
v -0.3 1 0.6
v -0.2 1 0.6
v 0.5 1 0.6
v 0.6 1 0.6
v 1 1 -0.1
v 1.1 1 -0.1
v -0.9 1 -0.2
v -0.8 1 -0.2
v 1 1 -0.2
v 1.1 1 -0.2
v 1 1 -0.3
v 1.1 1 -0.3
v -0.9 1 -0.4
v -0.8 1 -0.4
v -0.9 1 -0.5
v -0.8 1 -0.5
v -0.7 1 -0.5
v -0.8 1 -0.6
v -0.7 1 -0.6
v 0.8 1 -0.7
v 0.9 1 -0.7
v 0.7 1 -0.8
v 0.8 1 -0.8
v 0.9 1 -0.8
v 0.7 1 -0.9
v 0.8 1 -0.9
v 0 1 -1.1
v 0.2 1 -1.1
v 0 1 -1.2
v 0.2 1 -1.2
v 0 1.1 0.8
v 0.1 1.1 0.8
v 0.2 1.1 0.8
v 0 1.1 0.7
v 0.1 1.1 0.7
v 0.2 1.1 0.7
v 0.6 1.1 0.6
v 0.7 1.1 0.6
v 0.6 1.1 0.5
v 0.7 1.1 0.5
v 0.8 1.1 0.5
v 0.7 1.1 0.4
v 0.8 1.1 0.4
v -0.8 1.1 0.2
v -0.7 1.1 0.2
v -0.9 1.1 0.1
v -0.8 1.1 0.1
v -0.7 1.1 0.1
v -0.9 1.1 -0.1
v -0.8 1.1 -0.1
v -0.9 1.1 -0.2
v -0.8 1.1 -0.2
v 1 1.1 -0.3
v 1.1 1.1 -0.3
v 1 1.1 -0.4
v 1.1 1.1 -0.4
v 0.9 1.1 -0.5
v 1 1.1 -0.5
v 1.1 1.1 -0.5
v 0.9 1.1 -0.6
v 1 1.1 -0.6
v -0.5 1.1 -0.9
v -0.4 1.1 -0.9
v 0.6 1.1 -0.9
v 0.7 1.1 -0.9
v -0.5 1.1 -1
v -0.4 1.1 -1
v -0.3 1.1 -1
v -0.2 1.1 -1
v 0.5 1.1 -1
v 0.6 1.1 -1
v 0.7 1.1 -1
v -0.3 1.1 -1.1
v -0.2 1.1 -1.1
v -0.1 1.1 -1.1
v 0 1.1 -1.1
v 0.5 1.1 -1.1
v 0.6 1.1 -1.1
v -0.2 1.1 -1.2
v -0.1 1.1 -1.2
v 0 1.1 -1.2
v 0.2 1.2 0.8
v 0.4 1.2 0.8
v 0.2 1.2 0.7
v 0.4 1.2 0.7
v 0.5 1.2 0.7
v 0.4 1.2 0.6
v 0.5 1.2 0.6
v -0.6 1.2 0.5
v -0.5 1.2 0.5
v -0.7 1.2 0.4
v -0.6 1.2 0.4
v -0.5 1.2 0.4
v 0.8 1.2 0.4
v 0.9 1.2 0.4
v -0.8 1.2 0.3
v -0.7 1.2 0.3
v -0.6 1.2 0.3
v 0.8 1.2 0.3
v 0.9 1.2 0.3
v 1 1.2 0.3
v -0.8 1.2 0.2
v -0.7 1.2 0.2
v 0.9 1.2 0.2
v 0.9 1.2 0.1
v 1 1.2 0.1
v 1.1 1.2 0.1
v 1 1.2 0
v 1.1 1.2 0
v 1 1.2 -0.1
v 1.1 1.2 -0.1
v -0.8 1.2 -0.6
v -0.7 1.2 -0.6
v 0.9 1.2 -0.6
v 1 1.2 -0.6
v -0.8 1.2 -0.7
v -0.7 1.2 -0.7
v -0.6 1.2 -0.7
v 0.8 1.2 -0.7
v 0.9 1.2 -0.7
v 1 1.2 -0.7
v -0.7 1.2 -0.8
v -0.6 1.2 -0.8
v -0.5 1.2 -0.8
v 0.7 1.2 -0.8
v 0.8 1.2 -0.8
v 0.9 1.2 -0.8
v -0.6 1.2 -0.9
v -0.5 1.2 -0.9
v 0.7 1.2 -0.9
v 0.8 1.2 -0.9
v 0.4 1.2 -1
v 0.5 1.2 -1
v 0.1 1.2 -1.1
v 0.4 1.2 -1.1
v 0.5 1.2 -1.1
v 0.1 1.2 -1.2
v 0.4 1.2 -1.2
v -0.2 1.3 0.8
v 0 1.3 0.8
v -0.4 1.3 0.7
v -0.2 1.3 0.7
v 0 1.3 0.7
v 0.5 1.3 0.7
v 0.6 1.3 0.7
v -0.5 1.3 0.6
v -0.4 1.3 0.6
v -0.2 1.3 0.6
v 0.5 1.3 0.6
v 0.6 1.3 0.6
v 0.7 1.3 0.6
v -0.5 1.3 0.5
v -0.4 1.3 0.5
v 0.6 1.3 0.5
v 0.7 1.3 0.5
v 1 1.3 -0.1
v 1.1 1.3 -0.1
v -0.9 1.3 -0.2
v -0.8 1.3 -0.2
v 1 1.3 -0.2
v 1 1.3 -0.3
v 1.1 1.3 -0.3
v -0.9 1.3 -0.5
v -0.8 1.3 -0.5
v -0.7 1.3 -0.5
v -0.8 1.3 -0.6
v -0.7 1.3 -0.6
v 0.6 1.3 -0.9
v 0.7 1.3 -0.9
v -0.3 1.3 -1
v -0.2 1.3 -1
v 0.5 1.3 -1
v 0.6 1.3 -1
v 0.7 1.3 -1
v -0.3 1.3 -1.1
v -0.2 1.3 -1.1
v 0 1.3 -1.1
v 0.1 1.3 -1.1
v 0.5 1.3 -1.1
v 0.6 1.3 -1.1
v -0.2 1.3 -1.2
v 0 1.3 -1.2
v 0.1 1.3 -1.2
v 0 1.4 0.8
v 0.2 1.4 0.8
v 0 1.4 0.7
v 0.2 1.4 0.7
v 0.7 1.4 0.5
v 0.8 1.4 0.5
v 0.7 1.4 0.4
v 0.8 1.4 0.4
v 0.9 1.4 0.4
v 0.8 1.4 0.3
v 0.9 1.4 0.3
v 1 1.4 0.3
v -0.8 1.4 0.2
v -0.7 1.4 0.2
v 0.9 1.4 0.2
v 1 1.4 0.2
v -0.9 1.4 0.1
v -0.8 1.4 0.1
v -0.7 1.4 0.1
v -0.9 1.4 -0.1
v -0.8 1.4 -0.1
v -0.9 1.4 -0.2
v -0.8 1.4 -0.2
v 1 1.4 -0.3
v 1.1 1.4 -0.3
v 1 1.4 -0.4
v 1.1 1.4 -0.4
v 0.9 1.4 -0.5
v 1 1.4 -0.5
v 1.1 1.4 -0.5
v 0.9 1.4 -0.6
v 1 1.4 -0.6
v -0.6 1.4 -0.8
v -0.5 1.4 -0.8
v -0.6 1.4 -0.9
v -0.5 1.4 -0.9
v -0.4 1.4 -0.9
v -0.5 1.4 -1
v -0.4 1.4 -1
v -0.3 1.4 -1
v 0.4 1.4 -1
v 0.5 1.4 -1
v -0.4 1.4 -1.1
v -0.3 1.4 -1.1
v 0.3 1.4 -1.1
v 0.4 1.4 -1.1
v 0.5 1.4 -1.1
v 0.3 1.4 -1.2
v 0.4 1.4 -1.2
v -0.2 1.5 0.8
v -0.1 1.5 0.8
v 0.2 1.5 0.8
v 0.3 1.5 0.8
v 0.4 1.5 0.8
v -0.4 1.5 0.7
v -0.2 1.5 0.7
v -0.1 1.5 0.7
v 0.2 1.5 0.7
v 0.3 1.5 0.7
v 0.4 1.5 0.7
v 0.5 1.5 0.7
v -0.5 1.5 0.6
v -0.4 1.5 0.6
v -0.2 1.5 0.6
v 0.4 1.5 0.6
v 0.5 1.5 0.6
v -0.6 1.5 0.5
v -0.5 1.5 0.5
v -0.4 1.5 0.5
v -0.7 1.5 0.4
v -0.6 1.5 0.4
v -0.5 1.5 0.4
v -0.8 1.5 0.3
v -0.7 1.5 0.3
v -0.6 1.5 0.3
v -0.8 1.5 0.2
v -0.7 1.5 0.2
v 0.9 1.5 0.2
v 1 1.5 0.2
v 0.9 1.5 0.1
v 1 1.5 0.1
v 1.1 1.5 0.1
v 1 1.5 0
v 1 1.5 -0.1
v 1.1 1.5 -0.1
v -0.9 1.5 -0.3
v -0.8 1.5 -0.3
v -0.9 1.5 -0.4
v -0.8 1.5 -0.4
v -0.9 1.5 -0.5
v -0.8 1.5 -0.5
v -0.7 1.5 -0.5
v -0.8 1.5 -0.6
v -0.7 1.5 -0.6
v 0.9 1.5 -0.6
v 1 1.5 -0.6
v -0.8 1.5 -0.7
v -0.7 1.5 -0.7
v -0.6 1.5 -0.7
v 0.8 1.5 -0.7
v 0.9 1.5 -0.7
v 1 1.5 -0.7
v -0.7 1.5 -0.8
v -0.6 1.5 -0.8
v 0.8 1.5 -0.8
v 0.9 1.5 -0.8
v 0.1 1.5 -1.1
v 0.2 1.5 -1.1
v 0.3 1.5 -1.1
v 0.1 1.5 -1.2
v 0.2 1.5 -1.2
v 0.3 1.5 -1.2
v -0.1 1.6 0.8
v 0.1 1.6 0.8
v -0.1 1.6 0.7
v 0.1 1.6 0.7
v 0.5 1.6 0.7
v 0.6 1.6 0.7
v 0.5 1.6 0.6
v 0.6 1.6 0.6
v -0.9 1.6 -0.1
v -0.8 1.6 -0.1
v 1 1.6 -0.1
v 1.1 1.6 -0.1
v -0.8 1.6 -0.2
v 1 1.6 -0.2
v 1.1 1.6 -0.2
v -0.9 1.6 -0.3
v -0.8 1.6 -0.3
v 1 1.6 -0.3
v 1.1 1.6 -0.3
v 0.7 1.6 -0.8
v 0.8 1.6 -0.8
v 0.6 1.6 -0.9
v 0.7 1.6 -0.9
v 0.8 1.6 -0.9
v 0.5 1.6 -1
v 0.6 1.6 -1
v 0.7 1.6 -1
v -0.1 1.6 -1.1
v 0 1.6 -1.1
v 0.1 1.6 -1.1
v 0.5 1.6 -1.1
v 0.6 1.6 -1.1
v -0.1 1.6 -1.2
v 0 1.6 -1.2
v 0.1 1.6 -1.2
v 0.1 1.7 0.8
v 0.3 1.7 0.8
v 0.1 1.7 0.7
v 0.3 1.7 0.7
v 0.6 1.7 0.6
v 0.7 1.7 0.6
v -0.6 1.7 0.5
v -0.5 1.7 0.5
v 0.6 1.7 0.5
v 0.7 1.7 0.5
v 0.8 1.7 0.5
v -0.7 1.7 0.4
v -0.6 1.7 0.4
v -0.5 1.7 0.4
v 0.7 1.7 0.4
v 0.8 1.7 0.4
v 0.9 1.7 0.4
v -0.8 1.7 0.3
v -0.7 1.7 0.3
v -0.6 1.7 0.3
v 0.8 1.7 0.3
v 0.9 1.7 0.3
v -0.7 1.7 0.2
v -0.9 1.7 0.1
v -0.8 1.7 0.1
v -0.7 1.7 0.1
v -0.9 1.7 0
v -0.8 1.7 0
v -0.9 1.7 -0.1
v -0.8 1.7 -0.1
v 1 1.7 -0.3
v 1.1 1.7 -0.3
v 1 1.7 -0.4
v 0.9 1.7 -0.5
v 1 1.7 -0.5
v 1.1 1.7 -0.5
v 0.9 1.7 -0.6
v 1 1.7 -0.6
v -0.3 1.7 -1
v -0.2 1.7 -1
v 0.4 1.7 -1
v 0.5 1.7 -1
v -0.3 1.7 -1.1
v -0.2 1.7 -1.1
v -0.1 1.7 -1.1
v 0.3 1.7 -1.1
v 0.4 1.7 -1.1
v 0.5 1.7 -1.1
v -0.2 1.7 -1.2
v -0.1 1.7 -1.2
v 0.3 1.7 -1.2
v 0.4 1.7 -1.2
v -0.2 1.8 0.8
v 0 1.8 0.8
v 0.3 1.8 0.8
v 0.4 1.8 0.8
v -0.4 1.8 0.7
v -0.2 1.8 0.7
v 0 1.8 0.7
v 0.3 1.8 0.7
v 0.4 1.8 0.7
v 0.5 1.8 0.7
v -0.5 1.8 0.6
v -0.4 1.8 0.6
v -0.2 1.8 0.6
v 0.4 1.8 0.6
v 0.5 1.8 0.6
v -0.5 1.8 0.5
v -0.4 1.8 0.5
v 0.9 1.8 0.3
v 1 1.8 0.3
v 1 1.8 0.2
v 1.1 1.8 0.2
v 0.9 1.8 0.1
v 1 1.8 0.1
v 1 1.8 0
v 1.1 1.8 0
v 0.9 1.8 -0.6
v 1 1.8 -0.6
v 0.8 1.8 -0.7
v 0.9 1.8 -0.7
v 1 1.8 -0.7
v 0.7 1.8 -0.8
v 0.8 1.8 -0.8
v 0.9 1.8 -0.8
v 0.7 1.8 -0.9
v 0.8 1.8 -0.9
v -0.4 1.8 -1
v -0.3 1.8 -1
v -0.4 1.8 -1.1
v -0.3 1.8 -1.1
v 0.1 1.8 -1.1
v 0.3 1.8 -1.1
v 0.1 1.8 -1.2
v 0.3 1.8 -1.2
v 0 1.9 0.8
v 0.1 1.9 0.8
v 0.2 1.9 0.8
v 0 1.9 0.7
v 0.1 1.9 0.7
v 0.2 1.9 0.7
v 0.5 1.9 0.7
v 0.6 1.9 0.7
v 0.5 1.9 0.6
v 0.6 1.9 0.6
v 0.7 1.9 0.6
v 0.6 1.9 0.5
v 0.7 1.9 0.5
v 0.8 1.9 0.5
v 0.7 1.9 0.4
v 0.8 1.9 0.4
v 1 1.9 0
v 1.1 1.9 0
v 1 1.9 -0.1
v 1 1.9 -0.3
v 1.1 1.9 -0.3
v -0.6 1.9 -0.8
v -0.5 1.9 -0.8
v -0.6 1.9 -0.9
v -0.5 1.9 -0.9
v -0.4 1.9 -0.9
v 0.6 1.9 -0.9
v 0.7 1.9 -0.9
v -0.5 1.9 -1
v -0.4 1.9 -1
v 0.5 1.9 -1
v 0.6 1.9 -1
v 0.7 1.9 -1
v -0.1 1.9 -1.1
v 0.1 1.9 -1.1
v 0.5 1.9 -1.1
v 0.6 1.9 -1.1
v -0.1 1.9 -1.2
v 0.1 1.9 -1.2
v -0.4 2 0.6
v -0.3 2 0.6
v -0.2 2 0.6
v 0.4 2 0.6
v 0.6 2 0.6
v -0.5 2 0.5
v -0.4 2 0.5
v -0.3 2 0.5
v 0.6 2 0.5
v 0.7 2 0.5
v -0.6 2 0.4
v -0.5 2 0.4
v -0.4 2 0.4
v 0.7 2 0.4
v 0.8 2 0.4
v 0.9 2 0.4
v -0.7 2 0.3
v -0.6 2 0.3
v -0.5 2 0.3
v 0.8 2 0.3
v 0.9 2 0.3
v 1 2 0.3
v -0.8 2 0.1
v -0.7 2 0.1
v -0.6 2 0.1
v 0.9 2 0.1
v 1 2 0.1
v 0.9 2 -0.1
v 1 2 -0.1
v 1 2 -0.3
v 1.1 2 -0.3
v -0.8 2 -0.4
v -0.7 2 -0.4
v -0.8 2 -0.5
v -0.7 2 -0.5
v 0.9 2 -0.5
v 1 2 -0.5
v 1.1 2 -0.5
v -0.8 2 -0.6
v -0.7 2 -0.6
v -0.8 2 -0.7
v -0.7 2 -0.7
v -0.6 2 -0.7
v 0.7 2 -0.7
v 0.8 2 -0.7
v 0.9 2 -0.7
v 1 2 -0.7
v -0.7 2 -0.8
v -0.6 2 -0.8
v -0.5 2 -0.8
v 0.6 2 -0.8
v 0.7 2 -0.8
v 0.8 2 -0.8
v -0.5 2 -0.9
v -0.4 2 -0.9
v 0.5 2 -0.9
v 0.6 2 -0.9
v 0.7 2 -0.9
v -0.4 2 -1
v -0.3 2 -1
v -0.2 2 -1
v 0.4 2 -1
v 0.5 2 -1
v 0.6 2 -1
v -0.3 2 -1.1
v -0.2 2 -1.1
v 0.4 2 -1.1
v 0.5 2 -1.1
v -0.1 2.3 1.1
v 0.4 2.3 1.1
v -0.2 2.3 1
v -0.1 2.3 1
v -0.2 2.3 -1.5
v 0.4 2.3 -1.5

# faces
f 6/3/1 2/3/1 1/3/1
f 7/1/1 3/1/1 2/1/1
f 7/3/1 2/3/1 6/3/1
f 8/1/1 3/1/1 7/1/1
f 9/2/1 5/2/1 4/2/1
f 10/3/1 6/3/1 5/3/1
f 10/2/1 5/2/1 9/2/1
f 11/3/1 6/3/1 10/3/1
f 15/2/1 13/2/1 12/2/1
f 16/3/1 14/3/1 13/3/1
f 16/2/1 13/2/1 15/2/1
f 17/3/1 14/3/1 16/3/1
f 23/3/1 19/3/1 18/3/1
f 24/2/1 20/2/1 19/2/1
f 24/3/1 19/3/1 23/3/1
f 25/2/1 20/2/1 24/2/1
f 26/2/1 22/2/1 21/2/1
f 27/3/1 23/3/1 22/3/1
f 27/2/1 22/2/1 26/2/1
f 28/3/1 23/3/1 27/3/1
f 34/3/1 30/3/1 29/3/1
f 35/1/1 31/1/1 30/1/1
f 35/3/1 30/3/1 34/3/1
f 36/1/1 31/1/1 35/1/1
f 37/2/1 33/2/1 32/2/1
f 38/3/1 34/3/1 33/3/1
f 38/2/1 33/2/1 37/2/1
f 39/3/1 34/3/1 38/3/1
f 44/3/1 41/3/1 40/3/1
f 45/3/1 41/3/1 44/3/1
f 46/1/1 43/1/1 42/1/1
f 47/3/1 44/3/1 43/3/1
f 47/1/1 43/1/1 46/1/1
f 48/3/1 44/3/1 47/3/1
f 53/3/1 50/3/1 49/3/1
f 54/2/1 51/2/1 50/2/1
f 54/3/1 50/3/1 53/3/1
f 55/2/1 51/2/1 54/2/1
f 58/3/1 53/3/1 52/3/1
f 59/3/1 53/3/1 58/3/1
f 60/2/1 57/2/1 56/2/1
f 61/3/1 58/3/1 57/3/1
f 61/2/1 57/2/1 60/2/1
f 62/3/1 58/3/1 61/3/1
f 65/4/1 64/4/1 63/4/1
f 66/4/1 64/4/1 65/4/1
f 67/4/1 64/4/1 66/4/1
f 71/4/1 65/4/1 63/4/1
f 72/4/1 65/4/1 71/4/1
f 73/4/1 65/4/1 72/4/1
f 76/1/1 68/1/1 67/1/1
f 77/2/1 69/2/1 68/2/1
f 77/1/1 68/1/1 76/1/1
f 78/2/1 69/2/1 77/2/1
f 79/1/1 71/1/1 70/1/1
f 80/1/1 71/1/1 79/1/1
f 82/4/1 75/4/1 74/4/1
f 82/4/1 74/4/1 73/4/1
f 83/5/1 76/5/1 75/5/1
f 83/4/1 75/4/1 82/4/1
f 84/5/1 76/5/1 83/5/1
f 88/5/1 81/5/1 80/5/1
f 88/5/1 82/5/1 81/5/1
f 89/4/1 84/4/1 83/4/1
f 89/4/1 83/4/1 82/4/1
f 89/5/1 82/5/1 88/5/1
f 90/3/1 85/3/1 84/3/1
f 90/4/1 84/4/1 89/4/1
f 91/2/1 86/2/1 85/2/1
f 91/3/1 85/3/1 90/3/1
f 92/2/1 86/2/1 91/2/1
f 93/3/1 88/3/1 87/3/1
f 94/3/1 88/3/1 93/3/1
f 96/3/1 91/3/1 90/3/1
f 97/3/1 91/3/1 96/3/1
f 99/5/1 95/5/1 94/5/1
f 100/4/1 96/4/1 95/4/1
f 100/5/1 95/5/1 99/5/1
f 101/4/1 96/4/1 100/4/1
f 102/4/1 96/4/1 101/4/1
f 103/3/1 98/3/1 97/3/1
f 104/3/1 98/3/1 103/3/1
f 106/4/1 100/4/1 99/4/1
f 107/4/1 100/4/1 106/4/1
f 108/4/1 100/4/1 107/4/1
f 110/2/1 103/2/1 102/2/1
f 111/2/1 103/2/1 110/2/1
f 112/2/1 106/2/1 105/2/1
f 113/2/1 106/2/1 112/2/1
f 115/4/1 109/4/1 108/4/1
f 115/4/1 110/4/1 109/4/1
f 116/4/1 110/4/1 115/4/1
f 118/4/1 114/4/1 113/4/1
f 118/4/1 116/4/1 115/4/1
f 118/4/1 115/4/1 114/4/1
f 119/4/1 116/4/1 118/4/1
f 120/4/1 116/4/1 119/4/1
f 121/4/1 116/4/1 120/4/1
f 122/2/1 117/2/1 116/2/1
f 122/4/1 116/4/1 121/4/1
f 123/2/1 117/2/1 122/2/1
f 124/2/1 117/2/1 123/2/1
f 126/5/1 119/5/1 118/5/1
f 127/4/1 120/4/1 119/4/1
f 127/5/1 119/5/1 126/5/1
f 128/4/1 120/4/1 127/4/1
f 129/4/1 120/4/1 128/4/1
f 131/1/1 123/1/1 122/1/1
f 132/1/1 123/1/1 131/1/1
f 134/2/1 126/2/1 125/2/1
f 135/2/1 126/2/1 134/2/1
f 137/4/1 130/4/1 129/4/1
f 138/5/1 131/5/1 130/5/1
f 138/4/1 130/4/1 137/4/1
f 141/3/1 134/3/1 133/3/1
f 142/3/1 134/3/1 141/3/1
f 143/4/1 136/4/1 135/4/1
f 143/4/1 137/4/1 136/4/1
f 144/4/1 137/4/1 143/4/1
f 145/5/1 138/5/1 137/5/1
f 145/4/1 137/4/1 144/4/1
f 146/5/1 131/5/1 138/5/1
f 146/5/1 138/5/1 145/5/1
f 147/3/1 140/3/1 139/3/1
f 148/3/1 140/3/1 147/3/1
f 150/5/1 144/5/1 143/5/1
f 151/4/1 145/4/1 144/4/1
f 151/5/1 144/5/1 150/5/1
f 152/4/1 145/4/1 151/4/1
f 153/4/1 145/4/1 152/4/1
f 154/3/1 147/3/1 146/3/1
f 155/3/1 147/3/1 154/3/1
f 157/3/1 150/3/1 149/3/1
f 158/3/1 150/3/1 157/3/1
f 160/4/1 154/4/1 153/4/1
f 161/4/1 154/4/1 160/4/1
f 162/4/1 154/4/1 161/4/1
f 163/4/1 154/4/1 162/4/1
f 166/3/1 157/3/1 156/3/1
f 167/3/1 157/3/1 166/3/1
f 168/4/1 159/4/1 158/4/1
f 168/4/1 161/4/1 160/4/1
f 168/4/1 160/4/1 159/4/1
f 169/4/1 161/4/1 168/4/1
f 171/2/1 164/2/1 163/2/1
f 172/3/1 165/3/1 164/3/1
f 172/2/1 164/2/1 171/2/1
f 173/3/1 165/3/1 172/3/1
f 175/4/1 168/4/1 158/4/1
f 176/4/1 168/4/1 175/4/1
f 177/4/1 168/4/1 176/4/1
f 179/4/1 170/4/1 169/4/1
f 179/4/1 171/4/1 170/4/1
f 180/4/1 171/4/1 179/4/1
f 181/2/1 175/2/1 174/2/1
f 182/2/1 175/2/1 181/2/1
f 184/4/1 178/4/1 177/4/1
f 185/5/1 180/5/1 179/5/1
f 185/5/1 179/5/1 178/5/1
f 185/4/1 178/4/1 184/4/1
f 186/5/1 183/5/1 182/5/1
f 186/5/1 180/5/1 185/5/1
f 186/5/1 185/5/1 184/5/1
f 186/5/1 184/5/1 183/5/1
f 187/5/1 180/5/1 186/5/1
f 188/5/1 186/5/1 182/5/1
f 188/4/1 187/4/1 186/4/1
f 189/4/1 187/4/1 188/4/1
f 190/4/1 187/4/1 189/4/1
f 193/5/1 189/5/1 188/5/1
f 193/5/1 188/5/1 182/5/1
f 194/4/1 190/4/1 189/4/1
f 194/5/1 189/5/1 193/5/1
f 195/3/1 191/3/1 190/3/1
f 195/4/1 190/4/1 194/4/1
f 196/2/1 192/2/1 191/2/1
f 196/3/1 191/3/1 195/3/1
f 197/2/1 192/2/1 196/2/1
f 202/4/1 201/4/1 200/4/1
f 203/4/1 201/4/1 202/4/1
f 204/4/1 201/4/1 203/4/1
f 207/4/1 199/4/1 198/4/1
f 208/4/1 199/4/1 207/4/1
f 211/2/1 205/2/1 204/2/1
f 212/2/1 205/2/1 211/2/1
f 213/3/1 207/3/1 206/3/1
f 214/3/1 207/3/1 213/3/1
f 217/5/1 210/5/1 209/5/1
f 217/5/1 211/5/1 210/5/1
f 218/5/1 211/5/1 217/5/1
f 219/5/1 211/5/1 218/5/1
f 222/4/1 215/4/1 214/4/1
f 223/5/1 216/5/1 215/5/1
f 223/4/1 215/4/1 222/4/1
f 224/5/1 216/5/1 223/5/1
f 226/2/1 220/2/1 219/2/1
f 227/2/1 220/2/1 226/2/1
f 228/3/1 222/3/1 221/3/1
f 229/3/1 222/3/1 228/3/1
f 232/4/1 226/4/1 225/4/1
f 233/4/1 226/4/1 232/4/1
f 235/5/1 230/5/1 229/5/1
f 236/5/1 230/5/1 235/5/1
f 237/4/1 232/4/1 231/4/1
f 238/4/1 232/4/1 237/4/1
f 239/2/1 234/2/1 233/2/1
f 240/2/1 234/2/1 239/2/1
f 242/4/1 236/4/1 235/4/1
f 243/4/1 236/4/1 242/4/1
f 245/4/1 239/4/1 238/4/1
f 246/3/1 242/3/1 241/3/1
f 247/3/1 242/3/1 246/3/1
f 249/4/1 245/4/1 244/4/1
f 250/4/1 239/4/1 245/4/1
f 250/4/1 245/4/1 249/4/1
f 252/4/1 248/4/1 247/4/1
f 253/4/1 248/4/1 252/4/1
f 255/2/1 251/2/1 250/2/1
f 256/2/1 251/2/1 255/2/1
f 257/5/1 253/5/1 252/5/1
f 258/5/1 253/5/1 257/5/1
f 259/5/1 253/5/1 258/5/1
f 261/4/1 255/4/1 254/4/1
f 262/4/1 255/4/1 261/4/1
f 264/4/1 258/4/1 257/4/1
f 265/4/1 258/4/1 264/4/1
f 267/5/1 262/5/1 261/5/1
f 267/4/1 261/4/1 260/4/1
f 268/5/1 262/5/1 267/5/1
f 270/2/1 264/2/1 263/2/1
f 271/2/1 264/2/1 270/2/1
f 272/4/1 266/4/1 265/4/1
f 273/4/1 266/4/1 272/4/1
f 274/4/1 267/4/1 260/4/1
f 275/4/1 267/4/1 274/4/1
f 276/1/1 269/1/1 268/1/1
f 277/1/1 269/1/1 276/1/1
f 278/5/1 273/5/1 272/5/1
f 278/4/1 272/4/1 271/4/1
f 279/5/1 273/5/1 278/5/1
f 281/4/1 276/4/1 275/4/1
f 282/4/1 276/4/1 281/4/1
f 285/4/1 278/4/1 271/4/1
f 286/4/1 278/4/1 285/4/1
f 288/4/1 282/4/1 281/4/1
f 288/4/1 281/4/1 280/4/1
f 289/4/1 282/4/1 288/4/1
f 290/2/1 283/2/1 282/2/1
f 290/4/1 282/4/1 289/4/1
f 291/1/1 285/1/1 284/1/1
f 292/1/1 285/1/1 291/1/1
f 293/4/1 287/4/1 286/4/1
f 296/2/1 283/2/1 290/2/1
f 297/2/1 283/2/1 296/2/1
f 299/4/1 293/4/1 292/4/1
f 300/4/1 287/4/1 293/4/1
f 300/4/1 293/4/1 299/4/1
f 301/5/1 295/5/1 294/5/1
f 301/5/1 296/5/1 295/5/1
f 302/2/1 299/2/1 298/2/1
f 303/2/1 299/2/1 302/2/1
f 306/4/1 304/4/1 303/4/1
f 307/5/1 305/5/1 304/5/1
f 307/4/1 304/4/1 306/4/1
f 308/5/1 296/5/1 301/5/1
f 309/5/1 296/5/1 308/5/1
f 310/4/1 309/4/1 308/4/1
f 311/4/1 309/4/1 310/4/1
f 312/4/1 309/4/1 311/4/1
f 314/5/1 307/5/1 306/5/1
f 315/5/1 305/5/1 307/5/1
f 315/5/1 307/5/1 314/5/1
f 316/2/1 313/2/1 312/2/1
f 317/2/1 313/2/1 316/2/1
f 322/4/1 321/4/1 320/4/1
f 323/4/1 321/4/1 322/4/1
f 326/4/1 319/4/1 318/4/1
f 327/4/1 319/4/1 326/4/1
f 329/2/1 324/2/1 323/2/1
f 330/2/1 324/2/1 329/2/1
f 331/3/1 326/3/1 325/3/1
f 332/3/1 326/3/1 331/3/1
f 334/5/1 329/5/1 328/5/1
f 335/5/1 329/5/1 334/5/1
f 338/4/1 333/4/1 332/4/1
f 339/4/1 333/4/1 338/4/1
f 341/3/1 336/3/1 335/3/1
f 342/3/1 336/3/1 341/3/1
f 343/3/1 338/3/1 337/3/1
f 344/3/1 338/3/1 343/3/1
f 346/5/1 341/5/1 340/5/1
f 347/5/1 341/5/1 346/5/1
f 349/2/1 344/2/1 343/2/1
f 350/4/1 345/4/1 344/4/1
f 350/2/1 344/2/1 349/2/1
f 351/4/1 345/4/1 350/4/1
f 353/2/1 348/2/1 347/2/1
f 354/2/1 348/2/1 353/2/1
f 356/5/1 351/5/1 350/5/1
f 357/5/1 351/5/1 356/5/1
f 358/3/1 356/3/1 355/3/1
f 359/3/1 356/3/1 358/3/1
f 361/4/1 353/4/1 352/4/1
f 362/4/1 353/4/1 361/4/1
f 364/4/1 360/4/1 359/4/1
f 365/4/1 360/4/1 364/4/1
f 367/2/1 363/2/1 362/2/1
f 368/2/1 363/2/1 367/2/1
f 369/5/1 365/5/1 364/5/1
f 370/5/1 365/5/1 369/5/1
f 371/5/1 367/5/1 366/5/1
f 372/5/1 367/5/1 371/5/1
f 375/4/1 370/4/1 369/4/1
f 376/4/1 370/4/1 375/4/1
f 377/4/1 372/4/1 371/4/1
f 378/3/1 373/3/1 372/3/1
f 378/4/1 372/4/1 377/4/1
f 379/2/1 375/2/1 374/2/1
f 380/2/1 375/2/1 379/2/1
f 383/3/1 373/3/1 378/3/1
f 384/3/1 373/3/1 383/3/1
f 385/4/1 383/4/1 382/4/1
f 386/4/1 383/4/1 385/4/1
f 389/4/1 381/4/1 380/4/1
f 390/4/1 381/4/1 389/4/1
f 391/2/1 387/2/1 386/2/1
f 392/2/1 387/2/1 391/2/1
f 393/1/1 389/1/1 388/1/1
f 394/1/1 389/1/1 393/1/1
f 399/4/1 395/4/1 394/4/1
f 400/4/1 395/4/1 399/4/1
f 401/5/1 397/5/1 396/5/1
f 402/5/1 397/5/1 401/5/1
f 403/3/1 399/3/1 398/3/1
f 404/3/1 399/3/1 403/3/1
f 406/4/1 405/4/1 404/4/1
f 407/4/1 405/4/1 406/4/1
f 408/4/1 402/4/1 401/4/1
f 409/4/1 402/4/1 408/4/1
f 411/4/1 409/4/1 408/4/1
f 412/3/1 410/3/1 409/3/1
f 412/4/1 409/4/1 411/4/1
f 413/3/1 410/3/1 412/3/1
f 414/5/1 407/5/1 406/5/1
f 415/5/1 407/5/1 414/5/1
f 421/4/1 419/4/1 418/4/1
f 422/1/1 420/1/1 419/1/1
f 422/4/1 419/4/1 421/4/1
f 423/1/1 420/1/1 422/1/1
f 425/4/1 417/4/1 416/4/1
f 426/4/1 417/4/1 425/4/1
f 430/2/1 425/2/1 424/2/1
f 431/2/1 425/2/1 430/2/1
f 433/4/1 428/4/1 427/4/1
f 434/3/1 429/3/1 428/3/1
f 434/4/1 428/4/1 433/4/1
f 435/4/1 432/4/1 431/4/1
f 436/4/1 432/4/1 435/4/1
f 438/3/1 429/3/1 434/3/1
f 439/3/1 429/3/1 438/3/1
f 442/5/1 438/5/1 437/5/1
f 443/5/1 438/5/1 442/5/1
f 445/2/1 441/2/1 440/2/1
f 446/2/1 441/2/1 445/2/1
f 449/2/1 444/2/1 443/2/1
f 450/2/1 444/2/1 449/2/1
f 452/5/1 447/5/1 446/5/1
f 453/5/1 447/5/1 452/5/1
f 454/3/1 452/3/1 451/3/1
f 456/5/1 449/5/1 448/5/1
f 457/5/1 449/5/1 456/5/1
f 459/3/1 454/3/1 451/3/1
f 460/4/1 455/4/1 454/4/1
f 460/3/1 454/3/1 459/3/1
f 461/4/1 455/4/1 460/4/1
f 463/1/1 458/1/1 457/1/1
f 464/1/1 458/1/1 463/1/1
f 465/5/1 461/5/1 460/5/1
f 466/4/1 463/4/1 462/4/1
f 467/4/1 463/4/1 466/4/1
f 470/5/1 465/5/1 460/5/1
f 471/5/1 465/5/1 470/5/1
f 472/3/1 468/3/1 467/3/1
f 473/3/1 468/3/1 472/3/1
f 474/2/1 470/2/1 469/2/1
f 478/2/1 474/2/1 469/2/1
f 479/4/1 475/4/1 474/4/1
f 479/2/1 474/2/1 478/2/1
f 480/4/1 477/4/1 476/4/1
f 481/4/1 477/4/1 480/4/1
f 484/4/1 475/4/1 479/4/1
f 485/4/1 475/4/1 484/4/1
f 487/3/1 482/3/1 481/3/1
f 488/3/1 482/3/1 487/3/1
f 489/1/1 484/1/1 483/1/1
f 490/1/1 484/1/1 489/1/1
f 492/4/1 487/4/1 486/4/1
f 493/4/1 487/4/1 492/4/1
f 495/4/1 491/4/1 490/4/1
f 496/4/1 491/4/1 495/4/1
f 497/5/1 493/5/1 492/5/1
f 498/5/1 493/5/1 497/5/1
f 499/3/1 495/3/1 494/3/1
f 501/3/1 499/3/1 494/3/1
f 502/4/1 500/4/1 499/4/1
f 502/3/1 499/3/1 501/3/1
f 503/4/1 500/4/1 502/4/1
f 504/4/1 498/4/1 497/4/1
f 505/4/1 498/4/1 504/4/1
f 508/1/1 506/1/1 505/1/1
f 509/1/1 506/1/1 508/1/1
f 510/5/1 503/5/1 502/5/1
f 511/5/1 503/5/1 510/5/1
f 512/4/1 508/4/1 507/4/1
f 513/4/1 508/4/1 512/4/1
f 519/1/1 517/1/1 516/1/1
f 520/1/1 517/1/1 519/1/1
f 522/4/1 515/4/1 514/4/1
f 523/4/1 515/4/1 522/4/1
f 524/4/1 519/4/1 518/4/1
f 525/4/1 519/4/1 524/4/1
f 527/2/1 522/2/1 521/2/1
f 528/2/1 522/2/1 527/2/1
f 530/3/1 526/3/1 525/3/1
f 531/3/1 526/3/1 530/3/1
f 535/4/1 529/4/1 528/4/1
f 536/4/1 529/4/1 535/4/1
f 537/5/1 533/5/1 532/5/1
f 538/5/1 533/5/1 537/5/1
f 540/2/1 535/2/1 534/2/1
f 541/2/1 535/2/1 540/2/1
f 544/3/1 539/3/1 538/3/1
f 545/3/1 539/3/1 544/3/1
f 546/5/1 542/5/1 541/5/1
f 547/5/1 542/5/1 546/5/1
f 548/5/1 544/5/1 543/5/1
f 549/5/1 544/5/1 548/5/1
f 552/4/1 549/4/1 548/4/1
f 553/4/1 549/4/1 552/4/1
f 555/2/1 551/2/1 550/2/1
f 556/2/1 551/2/1 555/2/1
f 559/1/1 554/1/1 553/1/1
f 560/1/1 554/1/1 559/1/1
f 561/4/1 557/4/1 556/4/1
f 562/4/1 557/4/1 561/4/1
f 563/4/1 559/4/1 558/4/1
f 564/4/1 559/4/1 563/4/1
f 565/5/1 562/5/1 561/5/1
f 566/5/1 562/5/1 565/5/1
f 571/2/1 570/2/1 569/2/1
f 572/2/1 570/2/1 571/2/1
f 574/4/1 568/4/1 567/4/1
f 575/4/1 568/4/1 574/4/1
f 578/4/1 573/4/1 572/4/1
f 579/4/1 573/4/1 578/4/1
f 581/3/1 576/3/1 575/3/1
f 582/3/1 576/3/1 581/3/1
f 583/3/1 578/3/1 577/3/1
f 584/3/1 578/3/1 583/3/1
f 586/5/1 581/5/1 580/5/1
f 587/4/1 585/4/1 584/4/1
f 588/4/1 585/4/1 587/4/1
f 589/5/1 581/5/1 586/5/1
f 590/5/1 581/5/1 589/5/1
f 593/4/1 590/4/1 589/4/1
f 595/2/1 592/2/1 591/2/1
f 596/2/1 592/2/1 595/2/1
f 598/4/1 593/4/1 589/4/1
f 599/2/1 594/2/1 593/2/1
f 599/4/1 593/4/1 598/4/1
f 600/2/1 594/2/1 599/2/1
f 601/4/1 597/4/1 596/4/1
f 602/4/1 597/4/1 601/4/1
f 605/5/1 602/5/1 601/5/1
f 606/5/1 602/5/1 605/5/1
f 607/4/1 604/4/1 603/4/1
f 608/4/1 604/4/1 607/4/1
f 611/1/1 610/1/1 609/1/1
f 612/1/1 610/1/1 611/1/1
f 615/3/1 614/3/1 613/3/1
f 616/3/1 614/3/1 615/3/1
f 619/2/1 618/2/1 617/2/1
f 620/2/1 618/2/1 619/2/1
f 623/3/1 622/3/1 621/3/1
f 624/3/1 622/3/1 623/3/1
f 627/3/1 626/3/1 625/3/1
f 628/3/1 626/3/1 627/3/1
f 631/2/1 630/2/1 629/2/1
f 632/2/1 630/2/1 631/2/1
f 635/2/1 634/2/1 633/2/1
f 636/2/1 634/2/1 635/2/1
f 639/2/1 638/2/1 637/2/1
f 640/2/1 638/2/1 639/2/1
f 649/3/1 646/3/1 645/3/1
f 650/6/1 647/6/1 646/6/1
f 650/3/1 646/3/1 649/3/1
f 651/4/1 649/4/1 648/4/1
f 652/4/1 649/4/1 651/4/1
f 653/6/1 647/6/1 650/6/1
f 654/6/1 642/6/1 641/6/1
f 655/4/1 644/4/1 643/4/1
f 656/4/1 644/4/1 655/4/1
f 658/2/1 653/2/1 652/2/1
f 659/6/1 647/6/1 653/6/1
f 659/2/1 653/2/1 658/2/1
f 660/6/1 654/6/1 641/6/1
f 660/1/1 655/1/1 654/1/1
f 661/1/1 655/1/1 660/1/1
f 663/5/1 658/5/1 657/5/1
f 664/5/1 658/5/1 663/5/1
f 665/6/1 647/6/1 659/6/1
f 666/4/1 662/4/1 661/4/1
f 667/4/1 662/4/1 666/4/1
f 669/2/1 665/2/1 664/2/1
f 670/6/1 647/6/1 665/6/1
f 670/2/1 665/2/1 669/2/1
f 671/6/1 660/6/1 641/6/1
f 674/5/1 669/5/1 668/5/1
f 675/5/1 669/5/1 674/5/1
f 676/6/1 671/6/1 641/6/1
f 676/3/1 672/3/1 671/3/1
f 677/4/1 673/4/1 672/4/1
f 677/3/1 672/3/1 676/3/1
f 678/4/1 673/4/1 677/4/1
f 679/4/1 675/4/1 674/4/1
f 680/4/1 675/4/1 679/4/1
f 681/6/1 647/6/1 670/6/1
f 682/4/1 678/4/1 677/4/1
f 683/4/1 678/4/1 682/4/1
f 685/2/1 681/2/1 680/2/1
f 686/6/1 647/6/1 681/6/1
f 686/2/1 681/2/1 685/2/1
f 687/6/1 676/6/1 641/6/1
f 689/6/1 687/6/1 641/6/1
f 689/2/1 688/2/1 687/2/1
f 690/2/1 688/2/1 689/2/1
f 692/4/1 685/4/1 684/4/1
f 693/4/1 685/4/1 692/4/1
f 694/6/1 647/6/1 686/6/1
f 695/4/1 691/4/1 690/4/1
f 696/4/1 691/4/1 695/4/1
f 698/3/1 694/3/1 693/3/1
f 699/6/1 647/6/1 694/6/1
f 699/3/1 694/3/1 698/3/1
f 700/6/1 689/6/1 641/6/1
f 701/5/1 696/5/1 695/5/1
f 702/5/1 696/5/1 701/5/1
f 703/4/1 698/4/1 697/4/1
f 704/4/1 698/4/1 703/4/1
f 705/6/1 647/6/1 699/6/1
f 706/6/1 700/6/1 641/6/1
f 706/1/1 701/1/1 700/1/1
f 707/1/1 701/1/1 706/1/1
f 710/2/1 705/2/1 704/2/1
f 711/6/1 647/6/1 705/6/1
f 711/2/1 705/2/1 710/2/1
f 712/6/1 706/6/1 641/6/1
f 713/4/1 708/4/1 707/4/1
f 714/4/1 708/4/1 713/4/1
f 715/4/1 710/4/1 709/4/1
f 716/4/1 710/4/1 715/4/1
f 717/6/1 712/6/1 641/6/1
f 717/3/1 713/3/1 712/3/1
f 718/3/1 713/3/1 717/3/1
f 720/5/1 716/5/1 715/5/1
f 721/5/1 716/5/1 720/5/1
f 722/4/1 721/4/1 720/4/1
f 723/4/1 721/4/1 722/4/1
f 724/6/1 647/6/1 711/6/1
f 725/6/1 717/6/1 641/6/1
f 726/4/1 719/4/1 718/4/1
f 727/4/1 719/4/1 726/4/1
f 729/2/1 724/2/1 723/2/1
f 730/6/1 647/6/1 724/6/1
f 730/2/1 724/2/1 729/2/1
f 731/6/1 725/6/1 641/6/1
f 731/3/1 726/3/1 725/3/1
f 732/3/1 726/3/1 731/3/1
f 734/4/1 729/4/1 728/4/1
f 735/4/1 729/4/1 734/4/1
f 736/6/1 647/6/1 730/6/1
f 737/6/1 731/6/1 641/6/1
f 738/4/1 733/4/1 732/4/1
f 739/4/1 733/4/1 738/4/1
f 741/2/1 736/2/1 735/2/1
f 742/6/1 647/6/1 736/6/1
f 742/2/1 736/2/1 741/2/1
f 743/6/1 740/6/1 739/6/1
f 743/6/1 737/6/1 641/6/1
f 743/6/1 742/6/1 741/6/1
f 743/6/1 741/6/1 740/6/1
f 743/6/1 739/6/1 738/6/1
f 743/6/1 738/6/1 737/6/1
f 744/6/1 647/6/1 742/6/1
f 744/6/1 742/6/1 743/6/1
f 751/1/1 748/1/1 747/1/1
f 752/1/1 748/1/1 751/1/1
f 753/1/1 750/1/1 749/1/1
f 754/1/1 750/1/1 753/1/1
f 757/3/1 756/3/1 755/3/1
f 758/3/1 756/3/1 757/3/1
f 759/6/1 746/6/1 745/6/1
f 760/6/1 746/6/1 759/6/1
f 763/3/1 762/3/1 761/3/1
f 764/3/1 762/3/1 763/3/1
f 767/2/1 766/2/1 765/2/1
f 768/2/1 766/2/1 767/2/1
f 773/2/1 770/2/1 769/2/1
f 774/2/1 770/2/1 773/2/1
f 775/2/1 772/2/1 771/2/1
f 776/2/1 772/2/1 775/2/1
f 781/1/1 778/1/1 777/1/1
f 782/1/1 778/1/1 781/1/1
f 783/1/1 780/1/1 779/1/1
f 784/1/1 780/1/1 783/1/1
f 787/3/1 786/3/1 785/3/1
f 788/3/1 786/3/1 787/3/1
f 791/3/1 790/3/1 789/3/1
f 792/3/1 790/3/1 791/3/1
f 795/3/1 794/3/1 793/3/1
f 796/3/1 794/3/1 795/3/1
f 799/3/1 798/3/1 797/3/1
f 800/3/1 798/3/1 799/3/1
f 803/1/1 802/1/1 801/1/1
f 804/1/1 802/1/1 803/1/1
f 807/3/1 806/3/1 805/3/1
f 808/3/1 806/3/1 807/3/1
f 811/3/1 810/3/1 809/3/1
f 812/3/1 810/3/1 811/3/1
f 815/2/1 814/2/1 813/2/1
f 816/2/1 814/2/1 815/2/1
f 821/3/1 818/3/1 817/3/1
f 822/3/1 818/3/1 821/3/1
f 823/3/1 820/3/1 819/3/1
f 824/3/1 820/3/1 823/3/1
f 827/3/1 826/3/1 825/3/1
f 828/3/1 826/3/1 827/3/1
f 831/3/1 830/3/1 829/3/1
f 832/3/1 830/3/1 831/3/1
f 837/3/1 834/3/1 833/3/1
f 838/3/1 834/3/1 837/3/1
f 839/3/1 836/3/1 835/3/1
f 840/3/1 836/3/1 839/3/1
f 843/1/1 842/1/1 841/1/1
f 844/1/1 842/1/1 843/1/1
f 847/1/1 846/1/1 845/1/1
f 848/1/1 846/1/1 847/1/1
f 853/2/1 850/2/1 849/2/1
f 854/2/1 850/2/1 853/2/1
f 855/1/1 852/1/1 851/1/1
f 856/1/1 852/1/1 855/1/1
f 859/2/1 858/2/1 857/2/1
f 860/2/1 858/2/1 859/2/1
f 863/3/1 862/3/1 861/3/1
f 864/3/1 862/3/1 863/3/1
f 867/3/1 866/3/1 865/3/1
f 868/3/1 866/3/1 867/3/1
f 871/3/1 870/3/1 869/3/1
f 872/3/1 870/3/1 871/3/1
f 875/3/1 874/3/1 873/3/1
f 876/3/1 874/3/1 875/3/1
f 881/2/1 878/2/1 877/2/1
f 882/2/1 878/2/1 881/2/1
f 883/2/1 880/2/1 879/2/1
f 884/2/1 880/2/1 883/2/1
f 889/2/1 886/2/1 885/2/1
f 890/2/1 886/2/1 889/2/1
f 891/3/1 888/3/1 887/3/1
f 892/3/1 888/3/1 891/3/1
f 895/1/1 894/1/1 893/1/1
f 896/1/1 894/1/1 895/1/1
f 897/2/2 898/2/2 899/2/2
f 899/2/2 898/2/2 900/2/2
f 901/3/2 902/3/2 903/3/2
f 903/3/2 902/3/2 904/3/2
f 905/1/2 906/1/2 907/1/2
f 907/1/2 906/1/2 908/1/2
f 909/3/2 910/3/2 911/3/2
f 911/3/2 910/3/2 912/3/2
f 913/2/2 914/2/2 915/2/2
f 915/2/2 914/2/2 916/2/2
f 917/3/2 918/3/2 919/3/2
f 919/3/2 918/3/2 920/3/2
f 921/2/2 922/2/2 923/2/2
f 923/2/2 922/2/2 924/2/2
f 925/2/2 926/2/2 927/2/2
f 927/2/2 926/2/2 928/2/2
f 929/3/2 930/3/2 933/3/2
f 933/3/2 930/3/2 934/3/2
f 931/2/2 932/2/2 935/2/2
f 935/2/2 932/2/2 936/2/2
f 937/3/2 938/3/2 939/3/2
f 939/3/2 938/3/2 940/3/2
f 941/2/2 942/2/2 943/2/2
f 943/2/2 942/2/2 944/2/2
f 945/2/2 946/2/2 947/2/2
f 947/2/2 946/2/2 948/2/2
f 949/1/2 950/1/2 951/1/2
f 951/1/2 950/1/2 952/1/2
f 953/1/2 954/1/2 955/1/2
f 955/1/2 954/1/2 956/1/2
f 957/3/2 958/3/2 959/3/2
f 959/3/2 958/3/2 960/3/2
f 961/3/2 962/3/2 963/3/2
f 963/3/2 962/3/2 964/3/2
f 965/3/2 966/3/2 967/3/2
f 967/3/2 966/3/2 968/3/2
f 969/1/2 970/1/2 973/1/2
f 973/1/2 970/1/2 974/1/2
f 971/2/2 972/2/2 975/2/2
f 975/2/2 972/2/2 976/2/2
f 977/3/2 978/3/2 979/3/2
f 979/3/2 978/3/2 980/3/2
f 981/2/2 982/2/2 983/2/2
f 983/2/2 982/2/2 984/2/2
f 985/2/2 986/2/2 987/2/2
f 987/2/2 986/2/2 988/2/2
f 989/2/2 990/2/2 991/2/2
f 991/2/2 990/2/2 992/2/2
f 993/1/2 994/1/2 997/1/2
f 997/1/2 994/1/2 998/1/2
f 995/3/2 996/3/2 999/3/2
f 999/3/2 996/3/2 1000/3/2
f 1001/3/2 1002/3/2 1003/3/2
f 1003/3/2 1002/3/2 1004/3/2
f 1005/2/2 1006/2/2 1007/2/2
f 1007/2/2 1006/2/2 1008/2/2
f 1009/1/2 1010/1/2 1011/1/2
f 1011/1/2 1010/1/2 1012/1/2
f 1013/2/2 1014/2/2 1015/2/2
f 1015/2/2 1014/2/2 1016/2/2
f 1017/3/2 1018/3/2 1019/3/2
f 1019/3/2 1018/3/2 1020/3/2
f 1021/3/2 1022/3/2 1023/3/2
f 1023/3/2 1022/3/2 1024/3/2
f 1027/6/2 1028/6/2 1032/6/2
f 1029/4/2 1030/4/2 1033/4/2
f 1033/4/2 1030/4/2 1034/4/2
f 1031/3/2 1032/3/2 1036/3/2
f 1032/6/2 1028/6/2 1037/6/2
f 1036/3/2 1032/3/2 1037/3/2
f 1033/5/2 1034/5/2 1038/5/2
f 1035/4/2 1036/4/2 1039/4/2
f 1039/4/2 1036/4/2 1040/4/2
f 1037/6/2 1028/6/2 1041/6/2
f 1033/5/2 1038/5/2 1042/5/2
f 1042/5/2 1038/5/2 1043/5/2
f 1040/2/2 1041/2/2 1045/2/2
f 1041/6/2 1028/6/2 1046/6/2
f 1045/2/2 1041/2/2 1046/2/2
f 1025/6/2 1026/6/2 1047/6/2
f 1042/4/2 1043/4/2 1048/4/2
f 1048/4/2 1043/4/2 1049/4/2
f 1044/4/2 1045/4/2 1050/4/2
f 1050/4/2 1045/4/2 1051/4/2
f 1046/6/2 1028/6/2 1052/6/2
f 1025/6/2 1047/6/2 1053/6/2
f 1047/1/2 1048/1/2 1053/1/2
f 1053/1/2 1048/1/2 1054/1/2
f 1052/6/2 1028/6/2 1058/6/2
f 1054/4/2 1055/4/2 1059/4/2
f 1059/4/2 1055/4/2 1060/4/2
f 1025/6/2 1053/6/2 1061/6/2
f 1059/5/2 1060/5/2 1062/5/2
f 1062/5/2 1060/5/2 1063/5/2
f 1056/4/2 1057/4/2 1064/4/2
f 1064/4/2 1057/4/2 1065/4/2
f 1058/6/2 1028/6/2 1066/6/2
f 1061/3/2 1062/3/2 1067/3/2
f 1025/6/2 1061/6/2 1067/6/2
f 1067/3/2 1062/3/2 1068/3/2
f 1065/3/2 1066/3/2 1071/3/2
f 1066/6/2 1028/6/2 1072/6/2
f 1071/3/2 1066/3/2 1072/3/2
f 1070/5/2 1071/5/2 1073/5/2
f 1073/5/2 1071/5/2 1074/5/2
f 1025/6/2 1067/6/2 1075/6/2
f 1068/4/2 1069/4/2 1076/4/2
f 1076/4/2 1069/4/2 1077/4/2
f 1072/6/2 1028/6/2 1079/6/2
f 1025/6/2 1075/6/2 1080/6/2
f 1075/3/2 1076/3/2 1080/3/2
f 1080/3/2 1076/3/2 1081/3/2
f 1078/3/2 1079/3/2 1084/3/2
f 1079/6/2 1028/6/2 1085/6/2
f 1084/3/2 1079/3/2 1085/3/2
f 1083/4/2 1084/4/2 1086/4/2
f 1086/4/2 1084/4/2 1087/4/2
f 1085/6/2 1028/6/2 1088/6/2
f 1025/6/2 1080/6/2 1089/6/2
f 1081/4/2 1082/4/2 1090/4/2
f 1090/4/2 1082/4/2 1091/4/2
f 1087/1/2 1088/1/2 1093/1/2
f 1088/6/2 1028/6/2 1094/6/2
f 1093/1/2 1088/1/2 1094/1/2
f 1025/6/2 1089/6/2 1095/6/2
f 1089/2/2 1090/2/2 1095/2/2
f 1095/2/2 1090/2/2 1096/2/2
f 1092/4/2 1093/4/2 1098/4/2
f 1098/4/2 1093/4/2 1099/4/2
f 1094/6/2 1028/6/2 1100/6/2
f 1025/6/2 1095/6/2 1101/6/2
f 1096/4/2 1097/4/2 1102/4/2
f 1102/4/2 1097/4/2 1103/4/2
f 1099/2/2 1100/2/2 1105/2/2
f 1100/6/2 1028/6/2 1106/6/2
f 1105/2/2 1100/2/2 1106/2/2
f 1025/6/2 1101/6/2 1107/6/2
f 1101/1/2 1102/1/2 1107/1/2
f 1107/1/2 1102/1/2 1108/1/2
f 1104/4/2 1105/4/2 1110/4/2
f 1110/4/2 1105/4/2 1111/4/2
f 1025/6/2 1107/6/2 1112/6/2
f 1108/4/2 1109/4/2 1113/4/2
f 1106/6/2 1028/6/2 1115/6/2
f 1112/2/2 1113/2/2 1116/2/2
f 1025/6/2 1112/6/2 1116/6/2
f 1113/4/2 1109/4/2 1117/4/2
f 1116/2/2 1113/2/2 1117/2/2
f 1117/4/2 1109/4/2 1118/4/2
f 1114/2/2 1115/2/2 1120/2/2
f 1115/6/2 1028/6/2 1121/6/2
f 1120/2/2 1115/2/2 1121/2/2
f 1118/6/2 1119/6/2 1122/6/2
f 1119/6/2 1120/6/2 1122/6/2
f 1120/6/2 1121/6/2 1122/6/2
f 1025/6/2 1116/6/2 1122/6/2
f 1117/6/2 1118/6/2 1122/6/2
f 1116/6/2 1117/6/2 1122/6/2
f 1121/6/2 1028/6/2 1123/6/2
f 1122/6/2 1121/6/2 1123/6/2
f 1124/2/2 1125/2/2 1126/2/2
f 1126/2/2 1125/2/2 1127/2/2
f 1128/3/2 1129/3/2 1130/3/2
f 1130/3/2 1129/3/2 1131/3/2
f 1132/2/2 1133/2/2 1134/2/2
f 1134/2/2 1133/2/2 1135/2/2
f 1136/1/2 1137/1/2 1140/1/2
f 1140/1/2 1137/1/2 1141/1/2
f 1138/1/2 1139/1/2 1142/1/2
f 1142/1/2 1139/1/2 1143/1/2
f 1144/2/2 1145/2/2 1148/2/2
f 1148/2/2 1145/2/2 1149/2/2
f 1146/3/2 1147/3/2 1150/3/2
f 1150/3/2 1147/3/2 1151/3/2
f 1152/2/2 1153/2/2 1156/2/2
f 1156/2/2 1153/2/2 1157/2/2
f 1154/3/2 1155/3/2 1158/3/2
f 1158/3/2 1155/3/2 1159/3/2
f 1160/2/2 1161/2/2 1164/2/2
f 1164/2/2 1161/2/2 1165/2/2
f 1162/2/2 1163/2/2 1166/2/2
f 1166/2/2 1163/2/2 1167/2/2
f 1168/2/2 1169/2/2 1172/2/2
f 1172/2/2 1169/2/2 1173/2/2
f 1170/1/2 1171/1/2 1174/1/2
f 1174/1/2 1171/1/2 1175/1/2
f 1176/2/2 1177/2/2 1178/2/2
f 1178/2/2 1177/2/2 1179/2/2
f 1180/4/2 1181/4/2 1185/4/2
f 1185/4/2 1181/4/2 1186/4/2
f 1182/3/2 1183/3/2 1188/3/2
f 1188/3/2 1183/3/2 1189/3/2
f 1184/2/2 1185/2/2 1190/2/2
f 1190/2/2 1185/2/2 1191/2/2
f 1187/4/2 1188/4/2 1192/4/2
f 1192/4/2 1188/4/2 1193/4/2
f 1193/3/2 1194/3/2 1198/3/2
f 1198/3/2 1194/3/2 1199/3/2
f 1195/4/2 1196/4/2 1200/4/2
f 1200/4/2 1196/4/2 1201/4/2
f 1200/5/2 1201/5/2 1202/5/2
f 1202/5/2 1201/5/2 1203/5/2
f 1197/4/2 1198/4/2 1204/4/2
f 1204/4/2 1198/4/2 1205/4/2
f 1202/4/2 1203/4/2 1208/4/2
f 1208/4/2 1203/4/2 1209/4/2
f 1205/3/2 1206/3/2 1211/3/2
f 1211/3/2 1206/3/2 1212/3/2
f 1207/3/2 1208/3/2 1213/3/2
f 1213/3/2 1208/3/2 1214/3/2
f 1210/4/2 1211/4/2 1216/4/2
f 1216/4/2 1211/4/2 1217/4/2
f 1214/5/2 1215/5/2 1219/5/2
f 1219/5/2 1215/5/2 1220/5/2
f 1217/3/2 1218/3/2 1222/3/2
f 1222/3/2 1218/3/2 1223/3/2
f 1219/4/2 1220/4/2 1225/4/2
f 1225/4/2 1220/4/2 1226/4/2
f 1221/5/2 1222/5/2 1227/5/2
f 1227/5/2 1222/5/2 1228/5/2
f 1224/3/2 1225/3/2 1229/3/2
f 1229/3/2 1225/3/2 1230/3/2
f 1231/2/2 1232/2/2 1236/2/2
f 1236/2/2 1232/2/2 1237/2/2
f 1233/4/2 1234/4/2 1239/4/2
f 1239/4/2 1234/4/2 1240/4/2
f 1235/4/2 1236/4/2 1241/4/2
f 1241/4/2 1236/4/2 1242/4/2
f 1238/2/2 1239/2/2 1244/2/2
f 1244/2/2 1239/2/2 1245/2/2
f 1242/2/2 1243/2/2 1248/2/2
f 1248/2/2 1243/2/2 1249/2/2
f 1245/4/2 1246/4/2 1250/4/2
f 1250/4/2 1246/4/2 1251/4/2
f 1250/5/2 1251/5/2 1253/5/2
f 1253/5/2 1251/5/2 1254/5/2
f 1247/4/2 1248/4/2 1255/4/2
f 1255/4/2 1248/4/2 1256/4/2
f 1252/2/2 1253/2/2 1258/2/2
f 1258/2/2 1253/2/2 1259/2/2
f 1256/3/2 1257/3/2 1261/3/2
f 1261/3/2 1257/3/2 1262/3/2
f 1260/4/2 1261/4/2 1265/4/2
f 1265/4/2 1261/4/2 1266/4/2
f 1263/5/2 1264/5/2 1268/5/2
f 1268/5/2 1264/5/2 1269/5/2
f 1267/1/2 1268/1/2 1272/1/2
f 1272/1/2 1268/1/2 1273/1/2
f 1270/3/2 1271/3/2 1276/3/2
f 1276/3/2 1271/3/2 1277/3/2
f 1273/4/2 1274/4/2 1278/4/2
f 1278/4/2 1274/4/2 1279/4/2
f 1275/5/2 1276/5/2 1280/5/2
f 1280/5/2 1276/5/2 1281/5/2
f 1282/4/2 1283/4/2 1288/4/2
f 1288/4/2 1283/4/2 1289/4/2
f 1284/4/2 1285/4/2 1290/4/2
f 1285/3/2 1286/3/2 1291/3/2
f 1290/4/2 1285/4/2 1291/4/2
f 1291/3/2 1286/3/2 1292/3/2
f 1288/4/2 1289/4/2 1293/4/2
f 1287/2/2 1288/2/2 1293/2/2
f 1293/4/2 1289/4/2 1294/4/2
f 1287/2/2 1293/2/2 1297/2/2
f 1297/2/2 1293/2/2 1298/2/2
f 1295/2/2 1296/2/2 1300/2/2
f 1300/2/2 1296/2/2 1301/2/2
f 1299/4/2 1300/4/2 1304/4/2
f 1304/4/2 1300/4/2 1305/4/2
f 1302/5/2 1303/5/2 1306/5/2
f 1302/5/2 1306/5/2 1311/5/2
f 1311/5/2 1306/5/2 1312/5/2
f 1307/4/2 1308/4/2 1313/4/2
f 1308/3/2 1309/3/2 1314/3/2
f 1313/4/2 1308/4/2 1314/4/2
f 1314/3/2 1309/3/2 1315/3/2
f 1310/3/2 1311/3/2 1316/3/2
f 1311/4/2 1312/4/2 1317/4/2
f 1316/3/2 1311/3/2 1317/3/2
f 1317/4/2 1312/4/2 1318/4/2
f 1319/3/2 1320/3/2 1324/3/2
f 1324/3/2 1320/3/2 1325/3/2
f 1321/5/2 1322/5/2 1327/5/2
f 1327/5/2 1322/5/2 1328/5/2
f 1323/5/2 1324/5/2 1329/5/2
f 1329/5/2 1324/5/2 1330/5/2
f 1326/2/2 1327/2/2 1332/2/2
f 1327/4/2 1328/4/2 1333/4/2
f 1332/2/2 1327/2/2 1333/2/2
f 1333/4/2 1328/4/2 1334/4/2
f 1330/3/2 1331/3/2 1336/3/2
f 1336/3/2 1331/3/2 1337/3/2
f 1332/3/2 1333/3/2 1338/3/2
f 1338/3/2 1333/3/2 1339/3/2
f 1335/4/2 1336/4/2 1341/4/2
f 1336/2/2 1337/2/2 1342/2/2
f 1341/4/2 1336/4/2 1342/4/2
f 1342/2/2 1337/2/2 1343/2/2
f 1339/4/2 1340/4/2 1345/4/2
f 1344/2/2 1345/2/2 1349/2/2
f 1345/4/2 1340/4/2 1350/4/2
f 1349/2/2 1345/2/2 1350/2/2
f 1350/4/2 1340/4/2 1351/4/2
f 1346/4/2 1347/4/2 1352/4/2
f 1347/2/2 1348/2/2 1353/2/2
f 1352/4/2 1347/4/2 1353/4/2
f 1353/2/2 1348/2/2 1354/2/2
f 1352/4/2 1353/4/2 1357/4/2
f 1357/4/2 1353/4/2 1358/4/2
f 1355/5/2 1356/5/2 1360/5/2
f 1360/5/2 1356/5/2 1361/5/2
f 1360/4/2 1361/4/2 1364/4/2
f 1359/1/2 1360/1/2 1364/1/2
f 1364/4/2 1361/4/2 1365/4/2
f 1362/3/2 1363/3/2 1367/3/2
f 1367/3/2 1363/3/2 1368/3/2
f 1359/1/2 1364/1/2 1369/1/2
f 1369/1/2 1364/1/2 1370/1/2
f 1366/4/2 1367/4/2 1372/4/2
f 1372/4/2 1367/4/2 1373/4/2
f 1370/5/2 1371/5/2 1376/5/2
f 1376/5/2 1371/5/2 1377/5/2
f 1373/3/2 1374/3/2 1379/3/2
f 1375/3/2 1376/3/2 1380/3/2
f 1380/3/2 1376/3/2 1381/3/2
f 1378/4/2 1379/4/2 1383/4/2
f 1379/3/2 1374/3/2 1384/3/2
f 1383/4/2 1379/4/2 1384/4/2
f 1384/3/2 1374/3/2 1385/3/2
f 1381/4/2 1382/4/2 1386/4/2
f 1386/4/2 1382/4/2 1387/4/2
f 1383/5/2 1384/5/2 1388/5/2
f 1388/5/2 1384/5/2 1389/5/2
f 1390/5/2 1391/5/2 1395/5/2
f 1395/5/2 1391/5/2 1396/5/2
f 1392/1/2 1393/1/2 1398/1/2
f 1398/1/2 1393/1/2 1399/1/2
f 1395/4/2 1396/4/2 1400/4/2
f 1394/1/2 1395/1/2 1400/1/2
f 1400/4/2 1396/4/2 1401/4/2
f 1398/2/2 1399/2/2 1402/2/2
f 1397/4/2 1398/4/2 1402/4/2
f 1402/2/2 1399/2/2 1403/2/2
f 1394/1/2 1400/1/2 1404/1/2
f 1404/1/2 1400/1/2 1405/1/2
f 1397/4/2 1402/4/2 1406/4/2
f 1406/4/2 1402/4/2 1407/4/2
f 1407/2/2 1408/2/2 1412/2/2
f 1412/2/2 1408/2/2 1413/2/2
f 1409/5/2 1410/5/2 1414/5/2
f 1414/5/2 1410/5/2 1415/5/2
f 1411/4/2 1412/4/2 1416/4/2
f 1416/4/2 1412/4/2 1417/4/2
f 1414/4/2 1415/4/2 1420/4/2
f 1420/4/2 1415/4/2 1421/4/2
f 1417/1/2 1418/1/2 1423/1/2
f 1423/1/2 1418/1/2 1424/1/2
f 1419/2/2 1420/2/2 1425/2/2
f 1425/2/2 1420/2/2 1426/2/2
f 1422/5/2 1423/5/2 1428/5/2
f 1423/3/2 1424/3/2 1429/3/2
f 1428/5/2 1423/5/2 1429/5/2
f 1429/3/2 1424/3/2 1430/3/2
f 1426/5/2 1427/5/2 1431/5/2
f 1426/5/2 1431/5/2 1435/5/2
f 1435/5/2 1431/5/2 1436/5/2
f 1432/3/2 1433/3/2 1438/3/2
f 1438/3/2 1433/3/2 1439/3/2
f 1434/2/2 1435/2/2 1440/2/2
f 1440/2/2 1435/2/2 1441/2/2
f 1437/4/2 1438/4/2 1442/4/2
f 1442/4/2 1438/4/2 1443/4/2
f 1443/3/2 1444/3/2 1448/3/2
f 1448/3/2 1444/3/2 1449/3/2
f 1445/4/2 1446/4/2 1451/4/2
f 1451/4/2 1446/4/2 1452/4/2
f 1447/5/2 1448/5/2 1453/5/2
f 1453/5/2 1448/5/2 1454/5/2
f 1450/1/2 1451/1/2 1455/1/2
f 1455/1/2 1451/1/2 1456/1/2
f 1453/4/2 1454/4/2 1458/4/2
f 1458/4/2 1454/4/2 1459/4/2
f 1456/5/2 1457/5/2 1461/5/2
f 1459/2/2 1460/2/2 1463/2/2
f 1463/2/2 1460/2/2 1464/2/2
f 1456/5/2 1461/5/2 1466/5/2
f 1466/5/2 1461/5/2 1467/5/2
f 1462/5/2 1463/5/2 1468/5/2
f 1463/3/2 1464/3/2 1468/3/2
f 1468/3/2 1464/3/2 1469/3/2
f 1465/1/2 1466/1/2 1470/1/2
f 1470/1/2 1466/1/2 1471/1/2
f 1462/5/2 1468/5/2 1473/5/2
f 1473/5/2 1468/5/2 1474/5/2
f 1471/5/2 1472/5/2 1477/5/2
f 1477/5/2 1472/5/2 1478/5/2
f 1474/2/2 1475/2/2 1480/2/2
f 1480/2/2 1475/2/2 1481/2/2
f 1476/3/2 1477/3/2 1482/3/2
f 1477/4/2 1478/4/2 1483/4/2
f 1482/3/2 1477/3/2 1483/3/2
f 1483/4/2 1478/4/2 1484/4/2
f 1479/4/2 1480/4/2 1485/4/2
f 1485/4/2 1480/4/2 1486/4/2
f 1485/5/2 1486/5/2 1487/5/2
f 1487/5/2 1486/5/2 1488/5/2
f 1489/1/2 1490/1/2 1495/1/2
f 1495/1/2 1490/1/2 1496/1/2
f 1491/4/2 1492/4/2 1497/4/2
f 1497/4/2 1492/4/2 1498/4/2
f 1493/2/2 1494/2/2 1501/2/2
f 1501/2/2 1494/2/2 1502/2/2
f 1496/5/2 1497/5/2 1503/5/2
f 1499/4/2 1500/4/2 1504/4/2
f 1500/4/2 1501/4/2 1504/4/2
f 1504/4/2 1501/4/2 1505/4/2
f 1501/1/2 1502/1/2 1506/1/2
f 1505/4/2 1501/4/2 1506/4/2
f 1506/1/2 1502/1/2 1507/1/2
f 1496/5/2 1503/5/2 1509/5/2
f 1509/5/2 1503/5/2 1510/5/2
f 1505/4/2 1506/4/2 1513/4/2
f 1513/4/2 1506/4/2 1514/4/2
f 1510/5/2 1511/5/2 1515/5/2
f 1508/1/2 1509/1/2 1515/1/2
f 1509/5/2 1510/5/2 1515/5/2
f 1515/5/2 1511/5/2 1516/5/2
f 1512/4/2 1513/4/2 1517/4/2
f 1508/1/2 1515/1/2 1520/1/2
f 1520/1/2 1515/1/2 1521/1/2
f 1517/4/2 1518/4/2 1523/4/2
f 1512/4/2 1517/4/2 1523/4/2
f 1523/4/2 1518/4/2 1524/4/2
f 1518/2/2 1519/2/2 1525/2/2
f 1524/4/2 1518/4/2 1525/4/2
f 1525/2/2 1519/2/2 1526/2/2
f 1521/5/2 1522/5/2 1527/5/2
f 1524/4/2 1525/4/2 1530/4/2
f 1530/4/2 1525/4/2 1531/4/2
f 1521/5/2 1527/5/2 1534/5/2
f 1527/4/2 1528/4/2 1535/4/2
f 1534/5/2 1527/5/2 1535/5/2
f 1535/4/2 1528/4/2 1536/4/2
f 1529/4/2 1530/4/2 1537/4/2
f 1537/4/2 1530/4/2 1538/4/2
f 1531/1/2 1532/1/2 1539/1/2
f 1539/1/2 1532/1/2 1540/1/2
f 1533/2/2 1534/2/2 1541/2/2
f 1541/2/2 1534/2/2 1542/2/2
f 1535/4/2 1536/4/2 1543/4/2
f 1543/4/2 1536/4/2 1544/4/2
f 1538/5/2 1539/5/2 1545/5/2
f 1545/5/2 1539/5/2 1546/5/2
f 1542/4/2 1543/4/2 1548/4/2
f 1548/4/2 1543/4/2 1549/4/2
f 1546/2/2 1547/2/2 1553/2/2
f 1553/2/2 1547/2/2 1554/2/2
f 1548/5/2 1549/5/2 1556/5/2
f 1549/5/2 1550/5/2 1556/5/2
f 1556/5/2 1550/5/2 1557/5/2
f 1551/4/2 1552/4/2 1558/4/2
f 1552/4/2 1553/4/2 1558/4/2
f 1558/4/2 1553/4/2 1559/4/2
f 1553/3/2 1554/3/2 1560/3/2
f 1559/4/2 1553/4/2 1560/4/2
f 1560/3/2 1554/3/2 1561/3/2
f 1555/2/2 1556/2/2 1562/2/2
f 1556/4/2 1557/4/2 1563/4/2
f 1562/2/2 1556/2/2 1563/2/2
f 1563/4/2 1557/4/2 1564/4/2
f 1559/4/2 1560/4/2 1566/4/2
f 1566/4/2 1560/4/2 1567/4/2
f 1562/3/2 1563/3/2 1569/3/2
f 1569/3/2 1563/3/2 1570/3/2
f 1565/4/2 1566/4/2 1573/4/2
f 1573/4/2 1566/4/2 1574/4/2
f 1567/2/2 1568/2/2 1575/2/2
f 1575/2/2 1568/2/2 1576/2/2
f 1570/4/2 1571/4/2 1578/4/2
f 1571/5/2 1572/5/2 1579/5/2
f 1578/4/2 1571/4/2 1579/4/2
f 1579/5/2 1572/5/2 1580/5/2
f 1573/5/2 1574/5/2 1581/5/2
f 1574/5/2 1575/5/2 1581/5/2
f 1581/5/2 1575/5/2 1582/5/2
f 1582/5/2 1575/5/2 1583/5/2
f 1577/1/2 1578/1/2 1584/1/2
f 1584/1/2 1578/1/2 1585/1/2
f 1579/4/2 1580/4/2 1586/4/2
f 1586/4/2 1580/4/2 1587/4/2
f 1582/4/2 1583/4/2 1589/4/2
f 1589/4/2 1583/4/2 1590/4/2
f 1585/4/2 1586/4/2 1592/4/2
f 1592/4/2 1586/4/2 1593/4/2
f 1588/4/2 1589/4/2 1595/4/2
f 1595/4/2 1589/4/2 1596/4/2
f 1590/2/2 1591/2/2 1597/2/2
f 1597/2/2 1591/2/2 1598/2/2
f 1593/5/2 1594/5/2 1600/5/2
f 1592/5/2 1593/5/2 1600/5/2
f 1600/5/2 1594/5/2 1601/5/2
f 1595/4/2 1596/4/2 1602/4/2
f 1596/5/2 1597/5/2 1603/5/2
f 1602/4/2 1596/4/2 1603/4/2
f 1599/3/2 1600/3/2 1604/3/2
f 1600/4/2 1601/4/2 1605/4/2
f 1604/3/2 1600/3/2 1605/3/2
f 1601/5/2 1594/5/2 1606/5/2
f 1605/4/2 1601/4/2 1606/4/2
f 1606/5/2 1594/5/2 1607/5/2
f 1603/5/2 1597/5/2 1609/5/2
f 1609/5/2 1597/5/2 1610/5/2
f 1608/5/2 1609/5/2 1614/5/2
f 1614/5/2 1609/5/2 1615/5/2
f 1610/2/2 1611/2/2 1616/2/2
f 1616/2/2 1611/2/2 1617/2/2
f 1612/5/2 1613/5/2 1619/5/2
f 1619/5/2 1613/5/2 1620/5/2
f 1614/5/2 1615/5/2 1621/5/2
f 1615/5/2 1616/5/2 1621/5/2
f 1621/5/2 1616/5/2 1622/5/2
f 1618/3/2 1619/3/2 1623/3/2
f 1623/3/2 1619/3/2 1624/3/2
f 1625/1/2 1626/1/2 1633/1/2
f 1633/1/2 1626/1/2 1634/1/2
f 1627/4/2 1628/4/2 1635/4/2
f 1635/4/2 1628/4/2 1636/4/2
f 1629/4/2 1630/4/2 1637/4/2
f 1637/4/2 1630/4/2 1638/4/2
f 1630/3/2 1631/3/2 1639/3/2
f 1638/4/2 1630/4/2 1639/4/2
f 1631/2/2 1632/2/2 1640/2/2
f 1639/3/2 1631/3/2 1640/3/2
f 1640/2/2 1632/2/2 1641/2/2
f 1634/1/2 1635/1/2 1642/1/2
f 1635/4/2 1636/4/2 1643/4/2
f 1642/1/2 1635/1/2 1643/1/2
f 1636/4/2 1637/4/2 1643/4/2
f 1643/4/2 1637/4/2 1644/4/2
f 1644/4/2 1637/4/2 1645/4/2
f 1638/4/2 1639/4/2 1646/4/2
f 1646/4/2 1639/4/2 1647/4/2
f 1642/3/2 1643/3/2 1649/3/2
f 1649/3/2 1643/3/2 1650/3/2
f 1644/4/2 1645/4/2 1651/4/2
f 1645/4/2 1646/4/2 1651/4/2
f 1651/4/2 1646/4/2 1652/4/2
f 1652/4/2 1646/4/2 1653/4/2
f 1647/3/2 1648/3/2 1654/3/2
f 1654/3/2 1648/3/2 1655/3/2
f 1650/4/2 1651/4/2 1658/4/2
f 1658/4/2 1651/4/2 1659/4/2
f 1652/4/2 1653/4/2 1660/4/2
f 1653/4/2 1654/4/2 1660/4/2
f 1660/4/2 1654/4/2 1661/4/2
f 1655/3/2 1656/3/2 1662/3/2
f 1662/3/2 1656/3/2 1663/3/2
f 1657/3/2 1658/3/2 1664/3/2
f 1664/3/2 1658/3/2 1665/3/2
f 1658/4/2 1659/4/2 1666/4/2
f 1665/3/2 1658/3/2 1666/3/2
f 1659/4/2 1660/4/2 1666/4/2
f 1666/4/2 1660/4/2 1667/4/2
f 1667/4/2 1660/4/2 1668/4/2
f 1668/4/2 1660/4/2 1669/4/2
f 1661/4/2 1654/4/2 1671/4/2
f 1671/4/2 1654/4/2 1672/4/2
f 1665/2/2 1666/2/2 1674/2/2
f 1674/2/2 1666/2/2 1675/2/2
f 1667/4/2 1668/4/2 1676/4/2
f 1669/5/2 1670/5/2 1677/5/2
f 1668/5/2 1669/5/2 1677/5/2
f 1676/4/2 1668/4/2 1677/4/2
f 1677/5/2 1670/5/2 1678/5/2
f 1670/4/2 1671/4/2 1679/4/2
f 1678/5/2 1670/5/2 1679/5/2
f 1679/4/2 1671/4/2 1680/4/2
f 1672/3/2 1673/3/2 1681/3/2
f 1681/3/2 1673/3/2 1682/3/2
f 1675/4/2 1676/4/2 1686/4/2
f 1686/4/2 1676/4/2 1687/4/2
f 1678/4/2 1679/4/2 1689/4/2
f 1679/5/2 1680/5/2 1690/5/2
f 1680/5/2 1681/5/2 1690/5/2
f 1689/4/2 1679/4/2 1690/4/2
f 1690/5/2 1681/5/2 1691/5/2
f 1682/1/2 1683/1/2 1692/1/2
f 1692/1/2 1683/1/2 1693/1/2
f 1684/2/2 1685/2/2 1694/2/2
f 1694/2/2 1685/2/2 1695/2/2
f 1687/5/2 1688/5/2 1696/5/2
f 1686/5/2 1687/5/2 1696/5/2
f 1688/4/2 1689/4/2 1697/4/2
f 1696/5/2 1688/5/2 1697/5/2
f 1697/4/2 1689/4/2 1698/4/2
f 1691/2/2 1692/2/2 1699/2/2
f 1699/2/2 1692/2/2 1700/2/2
f 1695/2/2 1696/2/2 1702/2/2
f 1702/2/2 1696/2/2 1703/2/2
f 1697/4/2 1698/4/2 1705/4/2
f 1698/4/2 1699/4/2 1705/4/2
f 1705/4/2 1699/4/2 1706/4/2
f 1706/4/2 1699/4/2 1707/4/2
f 1699/3/2 1700/3/2 1708/3/2
f 1707/4/2 1699/4/2 1708/4/2
f 1700/2/2 1701/2/2 1709/2/2
f 1708/3/2 1700/3/2 1709/3/2
f 1709/2/2 1701/2/2 1710/2/2
f 1704/4/2 1705/4/2 1711/4/2
f 1707/4/2 1708/4/2 1713/4/2
f 1713/4/2 1708/4/2 1714/4/2
f 1714/4/2 1708/4/2 1715/4/2
f 1703/5/2 1704/5/2 1718/5/2
f 1711/4/2 1712/4/2 1719/4/2
f 1704/4/2 1711/4/2 1719/4/2
f 1718/5/2 1704/5/2 1719/5/2
f 1712/4/2 1713/4/2 1719/4/2
f 1719/4/2 1713/4/2 1720/4/2
f 1720/4/2 1713/4/2 1721/4/2
f 1721/4/2 1713/4/2 1722/4/2
f 1715/2/2 1716/2/2 1724/2/2
f 1724/2/2 1716/2/2 1725/2/2
f 1717/2/2 1718/2/2 1727/2/2
f 1727/2/2 1718/2/2 1728/2/2
f 1720/4/2 1721/4/2 1730/4/2
f 1722/5/2 1723/5/2 1731/5/2
f 1723/5/2 1724/5/2 1731/5/2
f 1730/4/2 1721/4/2 1731/4/2
f 1721/5/2 1722/5/2 1731/5/2
f 1731/5/2 1724/5/2 1732/5/2
f 1732/5/2 1724/5/2 1733/5/2
f 1725/2/2 1726/2/2 1734/2/2
f 1734/2/2 1726/2/2 1735/2/2
f 1729/5/2 1730/5/2 1738/5/2
f 1728/5/2 1729/5/2 1738/5/2
f 1738/5/2 1730/5/2 1739/5/2
f 1732/4/2 1733/4/2 1741/4/2
f 1733/5/2 1724/5/2 1742/5/2
f 1741/4/2 1733/4/2 1742/4/2
f 1742/5/2 1724/5/2 1743/5/2
f 1736/3/2 1737/3/2 1745/3/2
f 1745/3/2 1737/3/2 1746/3/2
f 1738/4/2 1739/4/2 1747/4/2
f 1739/5/2 1740/5/2 1748/5/2
f 1747/4/2 1739/4/2 1748/4/2
f 1740/4/2 1741/4/2 1749/4/2
f 1748/5/2 1740/5/2 1749/5/2
f 1749/4/2 1741/4/2 1750/4/2
f 1743/3/2 1744/3/2 1752/3/2
f 1752/3/2 1744/3/2 1753/3/2
f 1746/3/2 1747/3/2 1755/3/2
f 1755/3/2 1747/3/2 1756/3/2
f 1750/5/2 1751/5/2 1758/5/2
f 1751/5/2 1752/5/2 1758/5/2
f 1748/5/2 1749/5/2 1758/5/2
f 1749/5/2 1750/5/2 1758/5/2
f 1758/5/2 1752/5/2 1759/5/2
f 1759/5/2 1752/5/2 1760/5/2
f 1760/5/2 1752/5/2 1761/5/2
f 1753/3/2 1754/3/2 1762/3/2
f 1762/3/2 1754/3/2 1763/3/2
f 1756/5/2 1757/5/2 1764/5/2
f 1757/4/2 1758/4/2 1764/4/2
f 1764/4/2 1758/4/2 1765/4/2
f 1760/4/2 1761/4/2 1767/4/2
f 1767/4/2 1761/4/2 1768/4/2
f 1756/5/2 1764/5/2 1772/5/2
f 1764/5/2 1765/5/2 1772/5/2
f 1772/5/2 1765/5/2 1773/5/2
f 1765/4/2 1766/4/2 1774/4/2
f 1766/4/2 1767/4/2 1774/4/2
f 1768/3/2 1769/3/2 1776/3/2
f 1776/3/2 1769/3/2 1777/3/2
f 1770/3/2 1771/3/2 1779/3/2
f 1779/3/2 1771/3/2 1780/3/2
f 1773/5/2 1765/5/2 1782/5/2
f 1774/4/2 1775/4/2 1783/4/2
f 1765/4/2 1774/4/2 1783/4/2
f 1782/5/2 1765/5/2 1783/5/2
f 1783/4/2 1775/4/2 1784/4/2
f 1775/5/2 1776/5/2 1785/5/2
f 1784/4/2 1775/4/2 1785/4/2
f 1785/5/2 1776/5/2 1786/5/2
f 1777/2/2 1778/2/2 1787/2/2
f 1787/2/2 1778/2/2 1788/2/2
f 1781/5/2 1782/5/2 1790/5/2
f 1790/5/2 1782/5/2 1791/5/2
f 1785/4/2 1786/4/2 1793/4/2
f 1784/4/2 1785/4/2 1793/4/2
f 1793/4/2 1786/4/2 1794/4/2
f 1789/1/2 1790/1/2 1796/1/2
f 1791/5/2 1792/5/2 1797/5/2
f 1796/1/2 1790/1/2 1797/1/2
f 1790/5/2 1791/5/2 1797/5/2
f 1792/4/2 1793/4/2 1798/4/2
f 1797/5/2 1792/5/2 1798/5/2
f 1798/4/2 1793/4/2 1799/4/2
f 1794/3/2 1795/3/2 1800/3/2
f 1800/3/2 1795/3/2 1801/3/2
f 1802/3/2 1803/3/2 1804/3/2
f 1804/3/2 1803/3/2 1805/3/2
f 1805/2/2 1806/2/2 1809/2/2
f 1809/2/2 1806/2/2 1810/2/2
f 1807/3/2 1808/3/2 1812/3/2
f 1812/3/2 1808/3/2 1813/3/2
f 1810/3/2 1811/3/2 1815/3/2
f 1815/3/2 1811/3/2 1816/3/2
f 1813/3/2 1814/3/2 1817/3/2
f 1817/3/2 1814/3/2 1818/3/2
f 1818/3/2 1819/3/2 1822/3/2
f 1822/3/2 1819/3/2 1823/3/2
f 1820/2/2 1821/2/2 1825/2/2
f 1825/2/2 1821/2/2 1826/2/2
f 1823/3/2 1824/3/2 1828/3/2
f 1828/3/2 1824/3/2 1829/3/2
f 1826/3/2 1827/3/2 1830/3/2
f 1830/3/2 1827/3/2 1831/3/2
f 1831/3/2 1832/3/2 1835/3/2
f 1835/3/2 1832/3/2 1836/3/2
f 1833/1/2 1834/1/2 1837/1/2
f 1837/1/2 1834/1/2 1838/1/2
f 1838/1/2 1839/1/2 1841/1/2
f 1839/3/2 1840/3/2 1842/3/2
f 1841/1/2 1839/1/2 1842/1/2
f 1842/3/2 1840/3/2 1843/3/2
f 1843/3/2 1844/3/2 1849/3/2
f 1844/2/2 1845/2/2 1850/2/2
f 1849/3/2 1844/3/2 1850/3/2
f 1850/2/2 1845/2/2 1851/2/2
f 1846/2/2 1847/2/2 1852/2/2
f 1847/3/2 1848/3/2 1853/3/2
f 1852/2/2 1847/2/2 1853/2/2
f 1853/3/2 1848/3/2 1854/3/2
f 1854/3/2 1855/3/2 1856/3/2
f 1856/3/2 1855/3/2 1857/3/2
f 1857/3/2 1858/3/2 1862/3/2
f 1858/2/2 1859/2/2 1863/2/2
f 1862/3/2 1858/3/2 1863/3/2
f 1863/2/2 1859/2/2 1864/2/2
f 1860/3/2 1861/3/2 1865/3/2
f 1865/3/2 1861/3/2 1866/3/2
f 1866/2/2 1867/2/2 1869/2/2
f 1867/3/2 1868/3/2 1870/3/2
f 1869/2/2 1867/2/2 1870/2/2
f 1870/3/2 1868/3/2 1871/3/2
f 1871/3/2 1872/3/2 1875/3/2
f 1875/3/2 1872/3/2 1876/3/2
f 1873/3/2 1874/3/2 1877/3/2
f 1877/3/2 1874/3/2 1878/3/2
f 1878/2/2 1879/2/2 1880/2/2
f 1880/2/2 1879/2/2 1881/2/2
f 1881/2/2 1882/2/2 1883/2/2
f 1883/2/2 1882/2/2 1884/2/2
f 1887/6/3 1886/6/3 1885/6/3
f 1888/6/3 1886/6/3 1887/6/3
f 1891/6/3 1890/6/3 1889/6/3
f 1892/6/3 1890/6/3 1891/6/3
f 1905/2/3 1894/2/3 1893/2/3
f 1906/2/3 1894/2/3 1905/2/3
f 1908/2/3 1896/2/3 1895/2/3
f 1909/2/3 1896/2/3 1908/2/3
f 1910/2/3 1898/2/3 1897/2/3
f 1913/1/3 1907/1/3 1906/1/3
f 1914/1/3 1907/1/3 1913/1/3
f 1915/3/3 1909/3/3 1908/3/3
f 1916/3/3 1909/3/3 1915/3/3
f 1918/2/3 1910/2/3 1897/2/3
f 1919/3/3 1911/3/3 1910/3/3
f 1919/2/3 1910/2/3 1918/2/3
f 1920/3/3 1911/3/3 1919/3/3
f 1922/2/3 1900/2/3 1899/2/3
f 1923/2/3 1900/2/3 1922/2/3
f 1924/3/3 1902/3/3 1901/3/3
f 1925/3/3 1902/3/3 1924/3/3
f 1926/2/3 1904/2/3 1903/2/3
f 1927/2/3 1904/2/3 1926/2/3
f 1929/4/3 1913/4/3 1912/4/3
f 1930/4/3 1916/4/3 1915/4/3
f 1930/4/3 1915/4/3 1914/4/3
f 1931/4/3 1921/4/3 1920/4/3
f 1931/5/3 1922/5/3 1921/5/3
f 1932/5/3 1922/5/3 1931/5/3
f 1933/4/3 1924/4/3 1923/4/3
f 1934/4/3 1926/4/3 1925/4/3
f 1935/4/3 1926/4/3 1934/4/3
f 1936/4/3 1929/4/3 1912/4/3
f 1937/4/3 1916/4/3 1930/4/3
f 1938/4/3 1916/4/3 1937/4/3
f 1939/4/3 1916/4/3 1938/4/3
f 1940/4/3 1918/4/3 1917/4/3
f 1940/4/3 1919/4/3 1918/4/3
f 1941/4/3 1919/4/3 1940/4/3
f 1942/4/3 1919/4/3 1941/4/3
f 1943/4/3 1932/4/3 1931/4/3
f 1943/4/3 1931/4/3 1920/4/3
f 1944/4/3 1932/4/3 1943/4/3
f 1945/4/3 1932/4/3 1944/4/3
f 1946/4/3 1933/4/3 1923/4/3
f 1946/4/3 1934/4/3 1933/4/3
f 1947/4/3 1934/4/3 1946/4/3
f 1948/4/3 1926/4/3 1935/4/3
f 1949/4/3 1928/4/3 1927/4/3
f 1950/4/3 1928/4/3 1949/4/3
f 1951/4/3 1942/4/3 1941/4/3
f 1951/4/3 1943/4/3 1942/4/3
f 1952/4/3 1945/4/3 1944/4/3
f 1952/4/3 1946/4/3 1945/4/3
f 1953/4/3 1934/4/3 1947/4/3
f 1954/4/3 1948/4/3 1935/4/3
f 1954/4/3 1949/4/3 1948/4/3
f 1955/4/3 1949/4/3 1954/4/3
f 1956/4/3 1949/4/3 1955/4/3
f 1957/4/3 1928/4/3 1950/4/3
f 1958/4/3 1937/4/3 1936/4/3
f 1959/4/3 1939/4/3 1938/4/3
f 1959/4/3 1940/4/3 1939/4/3
f 1960/4/3 1940/4/3 1959/4/3
f 1961/4/3 1940/4/3 1960/4/3
f 1962/4/3 1951/4/3 1941/4/3
f 1963/4/3 1951/4/3 1962/4/3
f 1964/4/3 1951/4/3 1963/4/3
f 1965/4/3 1946/4/3 1952/4/3
f 1966/4/3 1946/4/3 1965/4/3
f 1967/4/3 1946/4/3 1966/4/3
f 1968/4/3 1953/4/3 1947/4/3
f 1968/4/3 1954/4/3 1953/4/3
f 1969/4/3 1954/4/3 1968/4/3
f 1970/4/3 1956/4/3 1955/4/3
f 1971/4/3 1928/4/3 1957/4/3
f 1972/4/3 1928/4/3 1971/4/3
f 1973/4/3 1936/4/3 1912/4/3
f 1973/4/3 1958/4/3 1936/4/3
f 1973/4/3 1959/4/3 1958/4/3
f 1974/4/3 1959/4/3 1973/4/3
f 1975/4/3 1959/4/3 1974/4/3
f 1976/4/3 1961/4/3 1960/4/3
f 1976/4/3 1962/4/3 1961/4/3
f 1977/4/3 1962/4/3 1976/4/3
f 1978/4/3 1962/4/3 1977/4/3
f 1979/4/3 1967/4/3 1966/4/3
f 1979/4/3 1968/4/3 1967/4/3
f 1980/4/3 1954/4/3 1969/4/3
f 1981/4/3 1954/4/3 1980/4/3
f 1982/4/3 1971/4/3 1970/4/3
f 1982/4/3 1970/4/3 1955/4/3
f 1983/4/3 1971/4/3 1982/4/3
f 1984/4/3 1971/4/3 1983/4/3
f 1985/4/3 1973/4/3 1912/4/3
f 1986/4/3 1973/4/3 1985/4/3
f 1987/5/3 1974/5/3 1973/5/3
f 1987/4/3 1973/4/3 1986/4/3
f 1988/4/3 1975/4/3 1974/4/3
f 1988/5/3 1974/5/3 1987/5/3
f 1989/4/3 1975/4/3 1988/4/3
f 1990/4/3 1977/4/3 1976/4/3
f 1991/5/3 1978/5/3 1977/5/3
f 1991/4/3 1977/4/3 1990/4/3
f 1992/5/3 1978/5/3 1991/5/3
f 1993/4/3 1964/4/3 1963/4/3
f 1993/4/3 1965/4/3 1964/4/3
f 1994/4/3 1965/4/3 1993/4/3
f 1995/4/3 1979/4/3 1966/4/3
f 1996/4/3 1979/4/3 1995/4/3
f 1997/4/3 1981/4/3 1980/4/3
f 1997/4/3 1982/4/3 1981/4/3
f 1998/4/3 1982/4/3 1997/4/3
f 1999/4/3 1984/4/3 1983/4/3
f 2000/4/3 1984/4/3 1999/4/3
f 2001/2/3 1986/2/3 1985/2/3
f 2002/2/3 1986/2/3 2001/2/3
f 2004/1/3 1990/1/3 1989/1/3
f 2005/1/3 1990/1/3 2004/1/3
f 2007/2/3 1993/2/3 1992/2/3
f 2008/2/3 1993/2/3 2007/2/3
f 2010/2/3 1995/2/3 1994/2/3
f 2011/2/3 1995/2/3 2010/2/3
f 2013/2/3 1997/2/3 1996/2/3
f 2014/2/3 1997/2/3 2013/2/3
f 2016/1/3 1999/1/3 1998/1/3
f 2017/1/3 1999/1/3 2016/1/3
f 2019/2/3 2003/2/3 2002/2/3
f 2020/2/3 2003/2/3 2019/2/3
f 2021/3/3 2006/3/3 2005/3/3
f 2022/3/3 2006/3/3 2021/3/3
f 2023/3/3 2009/3/3 2008/3/3
f 2024/3/3 2009/3/3 2023/3/3
f 2025/2/3 2012/2/3 2011/2/3
f 2026/2/3 2012/2/3 2025/2/3
f 2027/2/3 2015/2/3 2014/2/3
f 2028/2/3 2015/2/3 2027/2/3
f 2029/1/3 2018/1/3 2017/1/3
f 2030/1/3 2018/1/3 2029/1/3
f 2044/2/3 2032/2/3 2031/2/3
f 2045/2/3 2032/2/3 2044/2/3
f 2046/2/3 2034/2/3 2033/2/3
f 2047/2/3 2034/2/3 2046/2/3
f 2048/3/3 2036/3/3 2035/3/3
f 2049/3/3 2036/3/3 2048/3/3
f 2050/3/3 2036/3/3 2049/3/3
f 2052/2/3 2038/2/3 2037/2/3
f 2053/2/3 2038/2/3 2052/2/3
f 2054/2/3 2038/2/3 2053/2/3
f 2055/1/3 2040/1/3 2039/1/3
f 2056/1/3 2040/1/3 2055/1/3
f 2057/3/3 2042/3/3 2041/3/3
f 2058/3/3 2042/3/3 2057/3/3
f 2059/3/3 2042/3/3 2058/3/3
f 2062/4/3 2044/4/3 2043/4/3
f 2063/4/3 2046/4/3 2045/4/3
f 2064/4/3 2046/4/3 2063/4/3
f 2065/4/3 2046/4/3 2064/4/3
f 2066/5/3 2048/5/3 2047/5/3
f 2067/4/3 2051/4/3 2050/4/3
f 2068/5/3 2052/5/3 2051/5/3
f 2068/4/3 2051/4/3 2067/4/3
f 2069/5/3 2061/5/3 2060/5/3
f 2069/4/3 2060/4/3 2059/4/3
f 2070/5/3 2061/5/3 2069/5/3
f 2071/4/3 2062/4/3 2043/4/3
f 2071/4/3 2063/4/3 2062/4/3
f 2072/4/3 2063/4/3 2071/4/3
f 2073/4/3 2065/4/3 2064/4/3
f 2074/4/3 2065/4/3 2073/4/3
f 2075/5/3 2048/5/3 2066/5/3
f 2076/4/3 2049/4/3 2048/4/3
f 2076/5/3 2048/5/3 2075/5/3
f 2077/4/3 2049/4/3 2076/4/3
f 2078/5/3 2052/5/3 2068/5/3
f 2079/4/3 2053/4/3 2052/4/3
f 2079/5/3 2052/5/3 2078/5/3
f 2080/4/3 2053/4/3 2079/4/3
f 2081/4/3 2055/4/3 2054/4/3
f 2082/4/3 2055/4/3 2081/4/3
f 2083/4/3 2058/4/3 2057/4/3
f 2083/4/3 2057/4/3 2056/4/3
f 2084/4/3 2058/4/3 2083/4/3
f 2085/4/3 2070/4/3 2069/4/3
f 2085/4/3 2069/4/3 2059/4/3
f 2086/4/3 2070/4/3 2085/4/3
f 2104/4/3 2088/4/3 2087/4/3
f 2104/4/3 2089/4/3 2088/4/3
f 2105/4/3 2089/4/3 2104/4/3
f 2106/5/3 2090/5/3 2089/5/3
f 2106/4/3 2089/4/3 2105/4/3
f 2107/4/3 2091/4/3 2090/4/3
f 2107/5/3 2090/5/3 2106/5/3
f 2108/4/3 2091/4/3 2107/4/3
f 2109/4/3 2093/4/3 2092/4/3
f 2110/5/3 2094/5/3 2093/5/3
f 2110/4/3 2093/4/3 2109/4/3
f 2111/5/3 2094/5/3 2110/5/3
f 2112/4/3 2096/4/3 2095/4/3
f 2113/4/3 2096/4/3 2112/4/3
f 2114/4/3 2096/4/3 2113/4/3
f 2115/4/3 2098/4/3 2097/4/3
f 2116/4/3 2098/4/3 2115/4/3
f 2117/4/3 2098/4/3 2116/4/3
f 2118/4/3 2100/4/3 2099/4/3
f 2119/4/3 2100/4/3 2118/4/3
f 2120/4/3 2100/4/3 2119/4/3
f 2121/4/3 2102/4/3 2101/4/3
f 2122/4/3 2102/4/3 2121/4/3
f 2123/4/3 2104/4/3 2103/4/3
f 2124/4/3 2104/4/3 2123/4/3
f 2125/4/3 2106/4/3 2105/4/3
f 2125/4/3 2107/4/3 2106/4/3
f 2126/4/3 2107/4/3 2125/4/3
f 2127/5/3 2108/5/3 2107/5/3
f 2127/4/3 2107/4/3 2126/4/3
f 2128/4/3 2109/4/3 2108/4/3
f 2128/5/3 2108/5/3 2127/5/3
f 2129/4/3 2109/4/3 2128/4/3
f 2130/5/3 2111/5/3 2110/5/3
f 2131/4/3 2112/4/3 2111/4/3
f 2131/5/3 2111/5/3 2130/5/3
f 2132/4/3 2112/4/3 2131/4/3
f 2133/4/3 2114/4/3 2113/4/3
f 2133/4/3 2115/4/3 2114/4/3
f 2134/4/3 2115/4/3 2133/4/3
f 2135/4/3 2115/4/3 2134/4/3
f 2136/4/3 2117/4/3 2116/4/3
f 2137/5/3 2118/5/3 2117/5/3
f 2137/4/3 2117/4/3 2136/4/3
f 2138/5/3 2118/5/3 2137/5/3
f 2139/4/3 2120/4/3 2119/4/3
f 2140/5/3 2121/5/3 2120/5/3
f 2140/4/3 2120/4/3 2139/4/3
f 2141/5/3 2121/5/3 2140/5/3
f 2142/4/3 2102/4/3 2122/4/3
f 2143/4/3 2102/4/3 2142/4/3
f 2144/2/3 2126/2/3 2125/2/3
f 2144/2/3 2125/2/3 2124/2/3
f 2145/2/3 2126/2/3 2144/2/3
f 2146/3/3 2130/3/3 2129/3/3
f 2147/3/3 2130/3/3 2146/3/3
f 2148/2/3 2133/2/3 2132/2/3
f 2149/3/3 2134/3/3 2133/3/3
f 2149/2/3 2133/2/3 2148/2/3
f 2150/3/3 2134/3/3 2149/3/3
f 2151/2/3 2136/2/3 2135/2/3
f 2152/2/3 2136/2/3 2151/2/3
f 2153/1/3 2140/1/3 2139/1/3
f 2153/1/3 2139/1/3 2138/1/3
f 2154/1/3 2140/1/3 2153/1/3
f 2155/3/3 2142/3/3 2141/3/3
f 2156/3/3 2142/3/3 2155/3/3
f 2171/3/3 2158/3/3 2157/3/3
f 2172/3/3 2158/3/3 2171/3/3
f 2173/3/3 2160/3/3 2159/3/3
f 2174/2/3 2161/2/3 2160/2/3
f 2174/3/3 2160/3/3 2173/3/3
f 2175/2/3 2161/2/3 2174/2/3
f 2176/3/3 2163/3/3 2162/3/3
f 2177/3/3 2163/3/3 2176/3/3
f 2179/2/3 2165/2/3 2164/2/3
f 2180/2/3 2165/2/3 2179/2/3
f 2182/1/3 2167/1/3 2166/1/3
f 2183/1/3 2167/1/3 2182/1/3
f 2184/3/3 2169/3/3 2168/3/3
f 2185/3/3 2169/3/3 2184/3/3
f 2188/4/3 2171/4/3 2170/4/3
f 2189/4/3 2171/4/3 2188/4/3
f 2190/4/3 2173/4/3 2172/4/3
f 2190/4/3 2174/4/3 2173/4/3
f 2191/4/3 2174/4/3 2190/4/3
f 2192/5/3 2176/5/3 2175/5/3
f 2193/5/3 2176/5/3 2192/5/3
f 2194/5/3 2179/5/3 2178/5/3
f 2195/5/3 2179/5/3 2194/5/3
f 2196/5/3 2179/5/3 2195/5/3
f 2197/4/3 2182/4/3 2181/4/3
f 2198/4/3 2182/4/3 2197/4/3
f 2199/4/3 2184/4/3 2183/4/3
f 2200/4/3 2184/4/3 2199/4/3
f 2201/5/3 2187/5/3 2186/5/3
f 2202/5/3 2187/5/3 2201/5/3
f 2203/5/3 2187/5/3 2202/5/3
f 2222/4/3 2205/4/3 2204/4/3
f 2223/4/3 2205/4/3 2222/4/3
f 2225/4/3 2207/4/3 2206/4/3
f 2226/5/3 2208/5/3 2207/5/3
f 2226/5/3 2209/5/3 2208/5/3
f 2226/4/3 2207/4/3 2225/4/3
f 2227/5/3 2209/5/3 2226/5/3
f 2228/4/3 2211/4/3 2210/4/3
f 2229/5/3 2212/5/3 2211/5/3
f 2229/4/3 2211/4/3 2228/4/3
f 2230/5/3 2212/5/3 2229/5/3
f 2232/4/3 2214/4/3 2213/4/3
f 2233/4/3 2214/4/3 2232/4/3
f 2234/4/3 2216/4/3 2215/4/3
f 2235/5/3 2217/5/3 2216/5/3
f 2235/4/3 2216/4/3 2234/4/3
f 2236/5/3 2217/5/3 2235/5/3
f 2238/5/3 2219/5/3 2218/5/3
f 2239/5/3 2219/5/3 2238/5/3
f 2240/4/3 2221/4/3 2220/4/3
f 2241/4/3 2221/4/3 2240/4/3
f 2242/1/3 2225/1/3 2224/1/3
f 2242/1/3 2226/1/3 2225/1/3
f 2243/1/3 2226/1/3 2242/1/3
f 2244/2/3 2229/2/3 2228/2/3
f 2245/2/3 2229/2/3 2244/2/3
f 2246/2/3 2232/2/3 2231/2/3
f 2247/2/3 2232/2/3 2246/2/3
f 2248/1/3 2235/1/3 2234/1/3
f 2249/1/3 2235/1/3 2248/1/3
f 2250/1/3 2238/1/3 2237/1/3
f 2251/1/3 2238/1/3 2250/1/3
f 2252/3/3 2240/3/3 2239/3/3
f 2253/3/3 2240/3/3 2252/3/3
f 2267/3/3 2255/3/3 2254/3/3
f 2268/3/3 2255/3/3 2267/3/3
f 2269/3/3 2257/3/3 2256/3/3
f 2270/3/3 2257/3/3 2269/3/3
f 2272/3/3 2259/3/3 2258/3/3
f 2273/3/3 2259/3/3 2272/3/3
f 2276/2/3 2261/2/3 2260/2/3
f 2277/2/3 2261/2/3 2276/2/3
f 2278/1/3 2263/1/3 2262/1/3
f 2279/1/3 2263/1/3 2278/1/3
f 2280/2/3 2265/2/3 2264/2/3
f 2281/2/3 2265/2/3 2280/2/3
f 2284/4/3 2267/4/3 2266/4/3
f 2285/4/3 2267/4/3 2284/4/3
f 2286/4/3 2269/4/3 2268/4/3
f 2287/4/3 2269/4/3 2286/4/3
f 2288/5/3 2272/5/3 2271/5/3
f 2289/5/3 2272/5/3 2288/5/3
f 2290/4/3 2274/4/3 2273/4/3
f 2291/5/3 2275/5/3 2274/5/3
f 2291/4/3 2274/4/3 2290/4/3
f 2292/4/3 2276/4/3 2275/4/3
f 2292/5/3 2275/5/3 2291/5/3
f 2293/4/3 2276/4/3 2292/4/3
f 2294/4/3 2278/4/3 2277/4/3
f 2295/4/3 2278/4/3 2294/4/3
f 2296/4/3 2280/4/3 2279/4/3
f 2297/4/3 2280/4/3 2296/4/3
f 2298/4/3 2282/4/3 2281/4/3
f 2299/5/3 2283/5/3 2282/5/3
f 2299/4/3 2282/4/3 2298/4/3
f 2300/5/3 2283/5/3 2299/5/3
f 2320/4/3 2302/4/3 2301/4/3
f 2321/5/3 2303/5/3 2302/5/3
f 2321/4/3 2302/4/3 2320/4/3
f 2322/5/3 2303/5/3 2321/5/3
f 2324/4/3 2305/4/3 2304/4/3
f 2325/5/3 2306/5/3 2305/5/3
f 2325/4/3 2305/4/3 2324/4/3
f 2326/4/3 2307/4/3 2306/4/3
f 2326/5/3 2306/5/3 2325/5/3
f 2327/4/3 2307/4/3 2326/4/3
f 2328/5/3 2309/5/3 2308/5/3
f 2328/5/3 2310/5/3 2309/5/3
f 2329/5/3 2310/5/3 2328/5/3
f 2330/4/3 2312/4/3 2311/4/3
f 2331/4/3 2312/4/3 2330/4/3
f 2332/4/3 2312/4/3 2331/4/3
f 2333/5/3 2314/5/3 2313/5/3
f 2333/5/3 2315/5/3 2314/5/3
f 2334/5/3 2315/5/3 2333/5/3
f 2335/5/3 2317/5/3 2316/5/3
f 2336/5/3 2317/5/3 2335/5/3
f 2337/4/3 2319/4/3 2318/4/3
f 2338/4/3 2319/4/3 2337/4/3
f 2339/1/3 2321/1/3 2320/1/3
f 2340/1/3 2321/1/3 2339/1/3
f 2341/1/3 2324/1/3 2323/1/3
f 2341/1/3 2325/1/3 2324/1/3
f 2342/1/3 2325/1/3 2341/1/3
f 2343/2/3 2328/2/3 2327/2/3
f 2344/2/3 2328/2/3 2343/2/3
f 2345/2/3 2330/2/3 2329/2/3
f 2346/3/3 2331/3/3 2330/3/3
f 2346/2/3 2330/2/3 2345/2/3
f 2347/3/3 2331/3/3 2346/3/3
f 2348/1/3 2333/1/3 2332/1/3
f 2349/1/3 2333/1/3 2348/1/3
f 2350/3/3 2335/3/3 2334/3/3
f 2351/3/3 2335/3/3 2350/3/3
f 2352/3/3 2338/3/3 2337/3/3
f 2353/3/3 2338/3/3 2352/3/3
f 2367/1/3 2355/1/3 2354/1/3
f 2368/1/3 2355/1/3 2367/1/3
f 2369/3/3 2357/3/3 2356/3/3
f 2370/3/3 2357/3/3 2369/3/3
f 2372/2/3 2359/2/3 2358/2/3
f 2373/2/3 2359/2/3 2372/2/3
f 2376/3/3 2361/3/3 2360/3/3
f 2377/3/3 2361/3/3 2376/3/3
f 2378/3/3 2363/3/3 2362/3/3
f 2379/3/3 2363/3/3 2378/3/3
f 2380/2/3 2365/2/3 2364/2/3
f 2381/2/3 2365/2/3 2380/2/3
f 2384/4/3 2367/4/3 2366/4/3
f 2385/4/3 2367/4/3 2384/4/3
f 2386/4/3 2369/4/3 2368/4/3
f 2387/4/3 2369/4/3 2386/4/3
f 2388/5/3 2371/5/3 2370/5/3
f 2389/4/3 2372/4/3 2371/4/3
f 2389/5/3 2371/5/3 2388/5/3
f 2390/4/3 2372/4/3 2389/4/3
f 2391/4/3 2374/4/3 2373/4/3
f 2392/5/3 2375/5/3 2374/5/3
f 2392/4/3 2374/4/3 2391/4/3
f 2393/4/3 2376/4/3 2375/4/3
f 2393/5/3 2375/5/3 2392/5/3
f 2394/4/3 2376/4/3 2393/4/3
f 2395/4/3 2378/4/3 2377/4/3
f 2396/4/3 2378/4/3 2395/4/3
f 2397/4/3 2380/4/3 2379/4/3
f 2398/4/3 2380/4/3 2397/4/3
f 2399/4/3 2382/4/3 2381/4/3
f 2400/5/3 2383/5/3 2382/5/3
f 2400/4/3 2382/4/3 2399/4/3
f 2401/5/3 2383/5/3 2400/5/3
f 2420/5/3 2403/5/3 2402/5/3
f 2420/5/3 2404/5/3 2403/5/3
f 2421/5/3 2404/5/3 2420/5/3
f 2423/5/3 2406/5/3 2405/5/3
f 2423/5/3 2407/5/3 2406/5/3
f 2424/5/3 2407/5/3 2423/5/3
f 2425/4/3 2409/4/3 2408/4/3
f 2426/5/3 2410/5/3 2409/5/3
f 2426/4/3 2409/4/3 2425/4/3
f 2427/5/3 2410/5/3 2426/5/3
f 2429/4/3 2412/4/3 2411/4/3
f 2430/4/3 2412/4/3 2429/4/3
f 2431/4/3 2414/4/3 2413/4/3
f 2432/5/3 2415/5/3 2414/5/3
f 2432/4/3 2414/4/3 2431/4/3
f 2433/5/3 2415/5/3 2432/5/3
f 2434/4/3 2417/4/3 2416/4/3
f 2435/5/3 2418/5/3 2417/5/3
f 2435/4/3 2417/4/3 2434/4/3
f 2436/5/3 2418/5/3 2435/5/3
f 2438/1/3 2420/1/3 2419/1/3
f 2439/1/3 2420/1/3 2438/1/3
f 2440/3/3 2423/3/3 2422/3/3
f 2441/3/3 2423/3/3 2440/3/3
f 2442/2/3 2425/2/3 2424/2/3
f 2443/2/3 2425/2/3 2442/2/3
f 2444/2/3 2429/2/3 2428/2/3
f 2445/2/3 2429/2/3 2444/2/3
f 2446/3/3 2431/3/3 2430/3/3
f 2447/3/3 2431/3/3 2446/3/3
f 2448/3/3 2435/3/3 2434/3/3
f 2449/3/3 2435/3/3 2448/3/3
f 2450/1/3 2437/1/3 2436/1/3
f 2451/1/3 2437/1/3 2450/1/3
f 2456/2/3 2453/2/3 2452/2/3
f 2457/2/3 2453/2/3 2456/2/3
f 2458/3/3 2455/3/3 2454/3/3
f 2459/3/3 2455/3/3 2458/3/3
f 2469/1/3 2461/1/3 2460/1/3
f 2470/3/3 2462/3/3 2461/3/3
f 2470/1/3 2461/1/3 2469/1/3
f 2471/3/3 2462/3/3 2470/3/3
f 2472/2/3 2464/2/3 2463/2/3
f 2473/2/3 2464/2/3 2472/2/3
f 2474/2/3 2466/2/3 2465/2/3
f 2475/2/3 2466/2/3 2474/2/3
f 2476/3/3 2468/3/3 2467/3/3
f 2477/3/3 2468/3/3 2476/3/3
f 2480/3/3 2479/3/3 2478/3/3
f 2481/3/3 2479/3/3 2480/3/3
f 2495/2/3 2483/2/3 2482/2/3
f 2496/2/3 2483/2/3 2495/2/3
f 2497/2/3 2485/2/3 2484/2/3
f 2498/2/3 2485/2/3 2497/2/3
f 2500/2/3 2487/2/3 2486/2/3
f 2501/2/3 2487/2/3 2500/2/3
f 2503/2/3 2489/2/3 2488/2/3
f 2504/2/3 2489/2/3 2503/2/3
f 2506/1/3 2491/1/3 2490/1/3
f 2507/1/3 2491/1/3 2506/1/3
f 2508/2/3 2493/2/3 2492/2/3
f 2509/2/3 2493/2/3 2508/2/3
f 2511/4/3 2495/4/3 2494/4/3
f 2512/4/3 2495/4/3 2511/4/3
f 2513/5/3 2497/5/3 2496/5/3
f 2514/5/3 2497/5/3 2513/5/3
f 2515/5/3 2499/5/3 2498/5/3
f 2516/4/3 2500/4/3 2499/4/3
f 2516/5/3 2499/5/3 2515/5/3
f 2517/4/3 2500/4/3 2516/4/3
f 2518/4/3 2502/4/3 2501/4/3
f 2519/5/3 2503/5/3 2502/5/3
f 2519/4/3 2502/4/3 2518/4/3
f 2520/5/3 2503/5/3 2519/5/3
f 2521/4/3 2505/4/3 2504/4/3
f 2522/5/3 2506/5/3 2505/5/3
f 2522/4/3 2505/4/3 2521/4/3
f 2523/5/3 2506/5/3 2522/5/3
f 2524/4/3 2508/4/3 2507/4/3
f 2525/4/3 2508/4/3 2524/4/3
f 2526/5/3 2510/5/3 2509/5/3
f 2527/5/3 2510/5/3 2526/5/3
f 2545/4/3 2529/4/3 2528/4/3
f 2546/4/3 2529/4/3 2545/4/3
f 2548/4/3 2531/4/3 2530/4/3
f 2549/4/3 2531/4/3 2548/4/3
f 2551/4/3 2533/4/3 2532/4/3
f 2552/5/3 2534/5/3 2533/5/3
f 2552/4/3 2533/4/3 2551/4/3
f 2553/5/3 2534/5/3 2552/5/3
f 2554/5/3 2536/5/3 2535/5/3
f 2554/5/3 2537/5/3 2536/5/3
f 2555/5/3 2537/5/3 2554/5/3
f 2556/5/3 2539/5/3 2538/5/3
f 2557/4/3 2540/4/3 2539/4/3
f 2557/5/3 2539/5/3 2556/5/3
f 2558/4/3 2540/4/3 2557/4/3
f 2559/5/3 2542/5/3 2541/5/3
f 2560/5/3 2542/5/3 2559/5/3
f 2561/5/3 2544/5/3 2543/5/3
f 2562/5/3 2544/5/3 2561/5/3
f 2563/3/3 2548/3/3 2547/3/3
f 2564/3/3 2548/3/3 2563/3/3
f 2565/2/3 2551/2/3 2550/2/3
f 2566/2/3 2551/2/3 2565/2/3
f 2567/1/3 2554/1/3 2553/1/3
f 2568/1/3 2554/1/3 2567/1/3
f 2569/2/3 2556/2/3 2555/2/3
f 2570/2/3 2556/2/3 2569/2/3
f 2571/3/3 2559/3/3 2558/3/3
f 2572/3/3 2559/3/3 2571/3/3
f 2581/3/3 2574/3/3 2573/3/3
f 2582/3/3 2574/3/3 2581/3/3
f 2583/3/3 2576/3/3 2575/3/3
f 2584/3/3 2576/3/3 2583/3/3
f 2585/3/3 2578/3/3 2577/3/3
f 2586/3/3 2578/3/3 2585/3/3
f 2587/2/3 2580/2/3 2579/2/3
f 2588/2/3 2580/2/3 2587/2/3
f 2591/3/3 2590/3/3 2589/3/3
f 2592/3/3 2590/3/3 2591/3/3
f 2601/2/3 2594/2/3 2593/2/3
f 2602/2/3 2594/2/3 2601/2/3
f 2603/1/3 2596/1/3 2595/1/3
f 2604/1/3 2596/1/3 2603/1/3
f 2605/3/3 2598/3/3 2597/3/3
f 2606/3/3 2598/3/3 2605/3/3
f 2607/2/3 2600/2/3 2599/2/3
f 2608/2/3 2600/2/3 2607/2/3
f 2617/3/3 2610/3/3 2609/3/3
f 2618/3/3 2610/3/3 2617/3/3
f 2619/3/3 2612/3/3 2611/3/3
f 2620/3/3 2612/3/3 2619/3/3
f 2621/3/3 2614/3/3 2613/3/3
f 2622/3/3 2614/3/3 2621/3/3
f 2623/3/3 2616/3/3 2615/3/3
f 2624/3/3 2616/3/3 2623/3/3
f 2629/3/3 2626/3/3 2625/3/3
f 2630/3/3 2626/3/3 2629/3/3
f 2631/3/3 2628/3/3 2627/3/3
f 2632/3/3 2628/3/3 2631/3/3
f 2635/3/3 2634/3/3 2633/3/3
f 2636/3/3 2634/3/3 2635/3/3
f 2647/3/3 2638/3/3 2637/3/3
f 2648/3/3 2638/3/3 2647/3/3
f 2649/3/3 2640/3/3 2639/3/3
f 2650/3/3 2640/3/3 2649/3/3
f 2651/3/3 2642/3/3 2641/3/3
f 2652/3/3 2642/3/3 2651/3/3
f 2653/3/3 2644/3/3 2643/3/3
f 2654/3/3 2644/3/3 2653/3/3
f 2655/2/3 2646/2/3 2645/2/3
f 2656/2/3 2646/2/3 2655/2/3
f 2659/3/3 2658/3/3 2657/3/3
f 2660/3/3 2658/3/3 2659/3/3
f 2665/3/3 2662/3/3 2661/3/3
f 2666/3/3 2662/3/3 2665/3/3
f 2667/3/3 2664/3/3 2663/3/3
f 2668/3/3 2664/3/3 2667/3/3
f 2679/3/3 2670/3/3 2669/3/3
f 2680/3/3 2670/3/3 2679/3/3
f 2681/1/3 2672/1/3 2671/1/3
f 2682/1/3 2672/1/3 2681/1/3
f 2683/2/3 2674/2/3 2673/2/3
f 2684/2/3 2674/2/3 2683/2/3
f 2685/3/3 2676/3/3 2675/3/3
f 2686/3/3 2676/3/3 2685/3/3
f 2687/2/3 2678/2/3 2677/2/3
f 2688/2/3 2678/2/3 2687/2/3
f 2703/6/3 2690/6/3 2689/6/3
f 2704/6/3 2690/6/3 2703/6/3
f 2705/6/3 2692/6/3 2691/6/3
f 2706/6/3 2696/6/3 2695/6/3
f 2707/6/3 2698/6/3 2697/6/3
f 2708/6/3 2700/6/3 2699/6/3
f 2709/6/3 2700/6/3 2708/6/3
f 2710/6/3 2702/6/3 2701/6/3
f 2711/6/3 2702/6/3 2710/6/3
f 2712/6/3 2702/6/3 2711/6/3
f 2714/6/3 2704/6/3 2703/6/3
f 2715/6/3 2704/6/3 2714/6/3
f 2716/6/3 2692/6/3 2705/6/3
f 2717/6/3 2692/6/3 2716/6/3
f 2718/6/3 2694/6/3 2693/6/3
f 2719/6/3 2694/6/3 2718/6/3
f 2720/6/3 2694/6/3 2719/6/3
f 2721/6/3 2706/6/3 2695/6/3
f 2722/6/3 2706/6/3 2721/6/3
f 2723/6/3 2706/6/3 2722/6/3
f 2724/6/3 2698/6/3 2707/6/3
f 2725/6/3 2698/6/3 2724/6/3
f 2726/6/3 2708/6/3 2699/6/3
f 2727/6/3 2708/6/3 2726/6/3
f 2728/6/3 2711/6/3 2710/6/3
f 2728/6/3 2710/6/3 2709/6/3
f 2729/6/3 2717/6/3 2716/6/3
f 2729/6/3 2716/6/3 2715/6/3
f 2730/6/3 2717/6/3 2729/6/3
f 2731/6/3 2719/6/3 2718/6/3
f 2732/6/3 2724/6/3 2723/6/3
f 2732/6/3 2725/6/3 2724/6/3
f 2733/6/3 2725/6/3 2732/6/3
f 2734/6/3 2727/6/3 2726/6/3
f 2735/6/3 2727/6/3 2734/6/3
f 2736/6/3 2727/6/3 2735/6/3
f 2737/6/3 2711/6/3 2728/6/3
f 2738/6/3 2711/6/3 2737/6/3
f 2739/6/3 2711/6/3 2738/6/3
f 2740/6/3 2713/6/3 2712/6/3
f 2743/6/3 2729/6/3 2715/6/3
f 2744/6/3 2731/6/3 2730/6/3
f 2745/6/3 2719/6/3 2731/6/3
f 2745/6/3 2731/6/3 2744/6/3
f 2746/6/3 2722/6/3 2721/6/3
f 2746/6/3 2721/6/3 2720/6/3
f 2747/6/3 2722/6/3 2746/6/3
f 2748/6/3 2722/6/3 2747/6/3
f 2749/6/3 2732/6/3 2723/6/3
f 2750/6/3 2734/6/3 2733/6/3
f 2750/6/3 2735/6/3 2734/6/3
f 2751/6/3 2738/6/3 2737/6/3
f 2751/6/3 2737/6/3 2736/6/3
f 2752/6/3 2740/6/3 2739/6/3
f 2752/6/3 2713/6/3 2740/6/3
f 2753/6/3 2713/6/3 2752/6/3
f 2754/6/3 2745/6/3 2744/6/3
f 2755/6/3 2745/6/3 2754/6/3
f 2756/6/3 2747/6/3 2746/6/3
f 2757/6/3 2750/6/3 2733/6/3
f 2758/6/3 2750/6/3 2757/6/3
f 2759/6/3 2738/6/3 2751/6/3
f 2760/6/3 2738/6/3 2759/6/3
f 2761/6/3 2738/6/3 2760/6/3
f 2762/6/3 2752/6/3 2739/6/3
f 2763/6/3 2752/6/3 2762/6/3
f 2764/6/3 2742/6/3 2741/6/3
f 2765/6/3 2742/6/3 2764/6/3
f 2766/6/3 2743/6/3 2715/6/3
f 2767/6/3 2743/6/3 2766/6/3
f 2768/6/3 2754/6/3 2744/6/3
f 2769/6/3 2754/6/3 2768/6/3
f 2770/6/3 2756/6/3 2755/6/3
f 2771/6/3 2747/6/3 2756/6/3
f 2771/6/3 2756/6/3 2770/6/3
f 2772/6/3 2749/6/3 2748/6/3
f 2773/6/3 2732/6/3 2749/6/3
f 2773/6/3 2749/6/3 2772/6/3
f 2774/6/3 2757/6/3 2733/6/3
f 2775/6/3 2757/6/3 2774/6/3
f 2776/6/3 2759/6/3 2758/6/3
f 2776/6/3 2760/6/3 2759/6/3
f 2777/6/3 2760/6/3 2776/6/3
f 2778/6/3 2763/6/3 2762/6/3
f 2778/6/3 2762/6/3 2761/6/3
f 2779/6/3 2763/6/3 2778/6/3
f 2780/6/4 2781/6/4 2794/6/4
f 2782/6/4 2783/6/4 2795/6/4
f 2788/6/4 2789/6/4 2796/6/4
f 2790/6/4 2791/6/4 2797/6/4
f 2797/6/4 2791/6/4 2798/6/4
f 2780/6/4 2794/6/4 2799/6/4
f 2795/6/4 2783/6/4 2800/6/4
f 2800/6/4 2783/6/4 2801/6/4
f 2801/6/4 2783/6/4 2802/6/4
f 2784/6/4 2785/6/4 2803/6/4
f 2803/6/4 2785/6/4 2804/6/4
f 2804/6/4 2785/6/4 2805/6/4
f 2786/6/4 2787/6/4 2806/6/4
f 2806/6/4 2787/6/4 2807/6/4
f 2807/6/4 2787/6/4 2808/6/4
f 2788/6/4 2796/6/4 2809/6/4
f 2796/6/4 2797/6/4 2809/6/4
f 2809/6/4 2797/6/4 2810/6/4
f 2798/6/4 2791/6/4 2811/6/4
f 2792/6/4 2793/6/4 2812/6/4
f 2812/6/4 2793/6/4 2813/6/4
f 2804/6/4 2805/6/4 2814/6/4
f 2805/6/4 2806/6/4 2814/6/4
f 2807/6/4 2808/6/4 2815/6/4
f 2808/6/4 2809/6/4 2815/6/4
f 2810/6/4 2797/6/4 2816/6/4
f 2798/6/4 2811/6/4 2817/6/4
f 2811/6/4 2812/6/4 2817/6/4
f 2817/6/4 2812/6/4 2818/6/4
f 2818/6/4 2812/6/4 2819/6/4
f 2813/6/4 2793/6/4 2820/6/4
f 2799/6/4 2800/6/4 2821/6/4
f 2801/6/4 2802/6/4 2822/6/4
f 2802/6/4 2803/6/4 2822/6/4
f 2822/6/4 2803/6/4 2823/6/4
f 2823/6/4 2803/6/4 2824/6/4
f 2804/6/4 2814/6/4 2825/6/4
f 2825/6/4 2814/6/4 2826/6/4
f 2826/6/4 2814/6/4 2827/6/4
f 2815/6/4 2809/6/4 2828/6/4
f 2828/6/4 2809/6/4 2829/6/4
f 2829/6/4 2809/6/4 2830/6/4
f 2810/6/4 2816/6/4 2831/6/4
f 2816/6/4 2817/6/4 2831/6/4
f 2831/6/4 2817/6/4 2832/6/4
f 2818/6/4 2819/6/4 2833/6/4
f 2820/6/4 2793/6/4 2834/6/4
f 2834/6/4 2793/6/4 2835/6/4
f 2821/6/4 2822/6/4 2836/6/4
f 2823/6/4 2824/6/4 2837/6/4
f 2824/6/4 2825/6/4 2837/6/4
f 2829/6/4 2830/6/4 2838/6/4
f 2830/6/4 2831/6/4 2838/6/4
f 2832/6/4 2817/6/4 2839/6/4
f 2839/6/4 2817/6/4 2840/6/4
f 2818/6/4 2833/6/4 2841/6/4
f 2833/6/4 2834/6/4 2841/6/4
f 2841/6/4 2834/6/4 2842/6/4
f 2842/6/4 2834/6/4 2843/6/4
f 2799/6/4 2821/6/4 2844/6/4
f 2780/6/4 2799/6/4 2844/6/4
f 2821/6/4 2836/6/4 2844/6/4
f 2844/6/4 2836/6/4 2845/6/4
f 2837/6/4 2825/6/4 2846/6/4
f 2846/6/4 2825/6/4 2847/6/4
f 2826/6/4 2827/6/4 2848/6/4
f 2827/6/4 2828/6/4 2848/6/4
f 2848/6/4 2828/6/4 2849/6/4
f 2829/6/4 2838/6/4 2850/6/4
f 2850/6/4 2838/6/4 2851/6/4
f 2840/6/4 2841/6/4 2852/6/4
f 2839/6/4 2840/6/4 2852/6/4
f 2852/6/4 2841/6/4 2853/6/4
f 2842/6/4 2843/6/4 2854/6/4
f 2854/6/4 2843/6/4 2855/6/4
f 2856/3/4 2857/3/4 2860/3/4
f 2860/3/4 2857/3/4 2861/3/4
f 2858/3/4 2859/3/4 2862/3/4
f 2862/3/4 2859/3/4 2863/3/4
f 2864/1/4 2865/1/4 2870/1/4
f 2870/1/4 2865/1/4 2871/1/4
f 2866/2/4 2867/2/4 2872/2/4
f 2872/2/4 2867/2/4 2873/2/4
f 2868/3/4 2869/3/4 2874/3/4
f 2874/3/4 2869/3/4 2875/3/4
f 2876/3/4 2877/3/4 2882/3/4
f 2882/3/4 2877/3/4 2883/3/4
f 2878/2/4 2879/2/4 2884/2/4
f 2884/2/4 2879/2/4 2885/2/4
f 2880/3/4 2881/3/4 2886/3/4
f 2886/3/4 2881/3/4 2887/3/4
f 2888/3/4 2889/3/4 2890/3/4
f 2890/3/4 2889/3/4 2891/3/4
f 2892/3/4 2893/3/4 2900/3/4
f 2900/3/4 2893/3/4 2901/3/4
f 2894/1/4 2895/1/4 2902/1/4
f 2902/1/4 2895/1/4 2903/1/4
f 2896/3/4 2897/3/4 2904/3/4
f 2904/3/4 2897/3/4 2905/3/4
f 2898/3/4 2899/3/4 2906/3/4
f 2906/3/4 2899/3/4 2907/3/4
f 2908/3/4 2909/3/4 2916/3/4
f 2916/3/4 2909/3/4 2917/3/4
f 2910/3/4 2911/3/4 2918/3/4
f 2918/3/4 2911/3/4 2919/3/4
f 2912/3/4 2913/3/4 2920/3/4
f 2920/3/4 2913/3/4 2921/3/4
f 2914/3/4 2915/3/4 2922/3/4
f 2922/3/4 2915/3/4 2923/3/4
f 2924/3/4 2925/3/4 2928/3/4
f 2928/3/4 2925/3/4 2929/3/4
f 2926/3/4 2927/3/4 2930/3/4
f 2930/3/4 2927/3/4 2931/3/4
f 2932/3/4 2933/3/4 2934/3/4
f 2934/3/4 2933/3/4 2935/3/4
f 2936/2/4 2937/2/4 2946/2/4
f 2946/2/4 2937/2/4 2947/2/4
f 2938/3/4 2939/3/4 2948/3/4
f 2948/3/4 2939/3/4 2949/3/4
f 2940/3/4 2941/3/4 2950/3/4
f 2950/3/4 2941/3/4 2951/3/4
f 2942/3/4 2943/3/4 2952/3/4
f 2952/3/4 2943/3/4 2953/3/4
f 2944/2/4 2945/2/4 2954/2/4
f 2954/2/4 2945/2/4 2955/2/4
f 2956/3/4 2957/3/4 2958/3/4
f 2958/3/4 2957/3/4 2959/3/4
f 2960/1/4 2961/1/4 2973/1/4
f 2973/1/4 2961/1/4 2974/1/4
f 2962/3/4 2963/3/4 2976/3/4
f 2976/3/4 2963/3/4 2977/3/4
f 2964/2/4 2965/2/4 2978/2/4
f 2978/2/4 2965/2/4 2979/2/4
f 2966/1/4 2967/1/4 2981/1/4
f 2981/1/4 2967/1/4 2982/1/4
f 2968/3/4 2969/3/4 2983/3/4
f 2983/3/4 2969/3/4 2984/3/4
f 2970/2/4 2971/2/4 2985/2/4
f 2985/2/4 2971/2/4 2986/2/4
f 2972/4/4 2973/4/4 2990/4/4
f 2990/4/4 2973/4/4 2991/4/4
f 2974/5/4 2975/5/4 2992/5/4
f 2992/5/4 2975/5/4 2993/5/4
f 2977/4/4 2978/4/4 2994/4/4
f 2994/4/4 2978/4/4 2995/4/4
f 2979/4/4 2980/4/4 2996/4/4
f 2996/4/4 2980/4/4 2997/4/4
f 2982/5/4 2983/5/4 2998/5/4
f 2998/5/4 2983/5/4 2999/5/4
f 2984/4/4 2985/4/4 3000/4/4
f 3000/4/4 2985/4/4 3001/4/4
f 2986/4/4 2987/4/4 3002/4/4
f 2987/5/4 2988/5/4 3003/5/4
f 3002/4/4 2987/4/4 3003/4/4
f 2988/4/4 2989/4/4 3004/4/4
f 3003/5/4 2988/5/4 3004/5/4
f 3004/4/4 2989/4/4 3005/4/4
f 3006/4/4 3007/4/4 3023/4/4
f 3023/4/4 3007/4/4 3024/4/4
f 3008/4/4 3009/4/4 3025/4/4
f 3025/4/4 3009/4/4 3026/4/4
f 3010/5/4 3011/5/4 3027/5/4
f 3027/5/4 3011/5/4 3028/5/4
f 3012/4/4 3013/4/4 3030/4/4
f 3030/4/4 3013/4/4 3031/4/4
f 3014/5/4 3015/5/4 3032/5/4
f 3015/5/4 3016/5/4 3032/5/4
f 3032/5/4 3016/5/4 3033/5/4
f 3017/5/4 3018/5/4 3034/5/4
f 3018/4/4 3019/4/4 3035/4/4
f 3034/5/4 3018/5/4 3035/5/4
f 3035/4/4 3019/4/4 3036/4/4
f 3020/5/4 3021/5/4 3037/5/4
f 3021/4/4 3022/4/4 3038/4/4
f 3037/5/4 3021/5/4 3038/5/4
f 3038/4/4 3022/4/4 3039/4/4
f 3024/3/4 3025/3/4 3041/3/4
f 3041/3/4 3025/3/4 3042/3/4
f 3026/3/4 3027/3/4 3043/3/4
f 3043/3/4 3027/3/4 3044/3/4
f 3028/3/4 3029/3/4 3045/3/4
f 3045/3/4 3029/3/4 3046/3/4
f 3031/2/4 3032/2/4 3047/2/4
f 3047/2/4 3032/2/4 3048/2/4
f 3033/2/4 3034/2/4 3049/2/4
f 3049/2/4 3034/2/4 3050/2/4
f 3036/3/4 3037/3/4 3051/3/4
f 3051/3/4 3037/3/4 3052/3/4
f 3039/2/4 3040/2/4 3053/2/4
f 3053/2/4 3040/2/4 3054/2/4
f 3055/3/4 3056/3/4 3063/3/4
f 3063/3/4 3056/3/4 3064/3/4
f 3057/2/4 3058/2/4 3065/2/4
f 3065/2/4 3058/2/4 3066/2/4
f 3059/1/4 3060/1/4 3067/1/4
f 3067/1/4 3060/1/4 3068/1/4
f 3061/3/4 3062/3/4 3069/3/4
f 3069/3/4 3062/3/4 3070/3/4
f 3071/3/4 3072/3/4 3083/3/4
f 3083/3/4 3072/3/4 3084/3/4
f 3073/3/4 3074/3/4 3085/3/4
f 3085/3/4 3074/3/4 3086/3/4
f 3075/2/4 3076/2/4 3087/2/4
f 3087/2/4 3076/2/4 3088/2/4
f 3077/2/4 3078/2/4 3089/2/4
f 3089/2/4 3078/2/4 3090/2/4
f 3079/3/4 3080/3/4 3091/3/4
f 3091/3/4 3080/3/4 3092/3/4
f 3081/3/4 3082/3/4 3093/3/4
f 3093/3/4 3082/3/4 3094/3/4
f 3095/2/4 3096/2/4 3110/2/4
f 3110/2/4 3096/2/4 3111/2/4
f 3097/2/4 3098/2/4 3112/2/4
f 3112/2/4 3098/2/4 3113/2/4
f 3099/3/4 3100/3/4 3114/3/4
f 3114/3/4 3100/3/4 3115/3/4
f 3101/2/4 3102/2/4 3116/2/4
f 3116/2/4 3102/2/4 3117/2/4
f 3103/3/4 3104/3/4 3119/3/4
f 3119/3/4 3104/3/4 3120/3/4
f 3105/3/4 3106/3/4 3122/3/4
f 3122/3/4 3106/3/4 3123/3/4
f 3107/2/4 3108/2/4 3125/2/4
f 3125/2/4 3108/2/4 3126/2/4
f 3109/4/4 3110/4/4 3127/4/4
f 3127/4/4 3110/4/4 3128/4/4
f 3111/5/4 3112/5/4 3129/5/4
f 3129/5/4 3112/5/4 3130/5/4
f 3113/4/4 3114/4/4 3131/4/4
f 3131/4/4 3114/4/4 3132/4/4
f 3115/4/4 3116/4/4 3133/4/4
f 3133/4/4 3116/4/4 3134/4/4
f 3117/4/4 3118/4/4 3135/4/4
f 3118/5/4 3119/5/4 3136/5/4
f 3135/4/4 3118/4/4 3136/4/4
f 3136/5/4 3119/5/4 3137/5/4
f 3120/4/4 3121/4/4 3138/4/4
f 3138/4/4 3121/4/4 3139/4/4
f 3123/5/4 3124/5/4 3140/5/4
f 3140/5/4 3124/5/4 3141/5/4
f 3124/4/4 3125/4/4 3142/4/4
f 3141/5/4 3124/5/4 3142/5/4
f 3142/4/4 3125/4/4 3143/4/4
f 3144/4/4 3145/4/4 3162/4/4
f 3162/4/4 3145/4/4 3163/4/4
f 3163/4/4 3145/4/4 3164/4/4
f 3146/4/4 3147/4/4 3165/4/4
f 3165/4/4 3147/4/4 3166/4/4
f 3148/5/4 3149/5/4 3167/5/4
f 3167/5/4 3149/5/4 3168/5/4
f 3150/4/4 3151/4/4 3170/4/4
f 3170/4/4 3151/4/4 3171/4/4
f 3152/5/4 3153/5/4 3172/5/4
f 3153/4/4 3154/4/4 3173/4/4
f 3172/5/4 3153/5/4 3173/5/4
f 3173/4/4 3154/4/4 3174/4/4
f 3155/5/4 3156/5/4 3175/5/4
f 3175/5/4 3156/5/4 3176/5/4
f 3157/5/4 3158/5/4 3177/5/4
f 3158/4/4 3159/4/4 3178/4/4
f 3177/5/4 3158/5/4 3178/5/4
f 3178/4/4 3159/4/4 3179/4/4
f 3160/2/4 3161/2/4 3180/2/4
f 3180/2/4 3161/2/4 3181/2/4
f 3163/3/4 3164/3/4 3182/3/4
f 3182/3/4 3164/3/4 3183/3/4
f 3166/1/4 3167/1/4 3184/1/4
f 3184/1/4 3167/1/4 3185/1/4
f 3168/2/4 3169/2/4 3186/2/4
f 3186/2/4 3169/2/4 3187/2/4
f 3171/2/4 3172/2/4 3188/2/4
f 3188/2/4 3172/2/4 3189/2/4
f 3174/3/4 3175/3/4 3190/3/4
f 3190/3/4 3175/3/4 3191/3/4
f 3176/2/4 3177/2/4 3192/2/4
f 3192/2/4 3177/2/4 3193/2/4
f 3178/3/4 3179/3/4 3194/3/4
f 3194/3/4 3179/3/4 3195/3/4
f 3196/2/4 3197/2/4 3211/2/4
f 3211/2/4 3197/2/4 3212/2/4
f 3198/2/4 3199/2/4 3213/2/4
f 3213/2/4 3199/2/4 3214/2/4
f 3200/2/4 3201/2/4 3215/2/4
f 3215/2/4 3201/2/4 3216/2/4
f 3202/2/4 3203/2/4 3217/2/4
f 3217/2/4 3203/2/4 3218/2/4
f 3204/1/4 3205/1/4 3220/1/4
f 3220/1/4 3205/1/4 3221/1/4
f 3206/2/4 3207/2/4 3222/2/4
f 3222/2/4 3207/2/4 3223/2/4
f 3223/2/4 3207/2/4 3224/2/4
f 3208/2/4 3209/2/4 3227/2/4
f 3227/2/4 3209/2/4 3228/2/4
f 3210/4/4 3211/4/4 3229/4/4
f 3229/4/4 3211/4/4 3230/4/4
f 3212/5/4 3213/5/4 3231/5/4
f 3231/5/4 3213/5/4 3232/5/4
f 3214/5/4 3215/5/4 3233/5/4
f 3233/5/4 3215/5/4 3234/5/4
f 3216/4/4 3217/4/4 3235/4/4
f 3235/4/4 3217/4/4 3236/4/4
f 3218/5/4 3219/5/4 3237/5/4
f 3237/5/4 3219/5/4 3238/5/4
f 3221/4/4 3222/4/4 3239/4/4
f 3239/4/4 3222/4/4 3240/4/4
f 3223/4/4 3224/4/4 3241/4/4
f 3224/5/4 3225/5/4 3242/5/4
f 3241/4/4 3224/4/4 3242/4/4
f 3225/4/4 3226/4/4 3243/4/4
f 3242/5/4 3225/5/4 3243/5/4
f 3243/4/4 3226/4/4 3244/4/4
f 3227/4/4 3228/4/4 3245/4/4
f 3245/4/4 3228/4/4 3246/4/4
f 3247/4/4 3248/4/4 3265/4/4
f 3265/4/4 3248/4/4 3266/4/4
f 3249/4/4 3250/4/4 3268/4/4
f 3268/4/4 3250/4/4 3269/4/4
f 3251/4/4 3252/4/4 3270/4/4
f 3270/4/4 3252/4/4 3271/4/4
f 3253/4/4 3254/4/4 3273/4/4
f 3273/4/4 3254/4/4 3274/4/4
f 3255/4/4 3256/4/4 3275/4/4
f 3275/4/4 3256/4/4 3276/4/4
f 3257/5/4 3258/5/4 3277/5/4
f 3258/4/4 3259/4/4 3278/4/4
f 3277/5/4 3258/5/4 3278/5/4
f 3278/4/4 3259/4/4 3279/4/4
f 3260/5/4 3261/5/4 3281/5/4
f 3281/5/4 3261/5/4 3282/5/4
f 3262/4/4 3263/4/4 3283/4/4
f 3263/5/4 3264/5/4 3284/5/4
f 3283/4/4 3263/4/4 3284/4/4
f 3284/5/4 3264/5/4 3285/5/4
f 3265/2/4 3266/2/4 3286/2/4
f 3266/1/4 3267/1/4 3287/1/4
f 3286/2/4 3266/2/4 3287/2/4
f 3287/1/4 3267/1/4 3288/1/4
f 3269/2/4 3270/2/4 3289/2/4
f 3289/2/4 3270/2/4 3290/2/4
f 3271/1/4 3272/1/4 3291/1/4
f 3291/1/4 3272/1/4 3292/1/4
f 3273/2/4 3274/2/4 3293/2/4
f 3274/3/4 3275/3/4 3294/3/4
f 3293/2/4 3274/2/4 3294/2/4
f 3294/3/4 3275/3/4 3295/3/4
f 3276/2/4 3277/2/4 3296/2/4
f 3296/2/4 3277/2/4 3297/2/4
f 3279/2/4 3280/2/4 3298/2/4
f 3298/2/4 3280/2/4 3299/2/4
f 3282/2/4 3283/2/4 3300/2/4
f 3300/2/4 3283/2/4 3301/2/4
f 3302/2/4 3303/2/4 3316/2/4
f 3316/2/4 3303/2/4 3317/2/4
f 3304/3/4 3305/3/4 3318/3/4
f 3318/3/4 3305/3/4 3319/3/4
f 3306/2/4 3307/2/4 3320/2/4
f 3320/2/4 3307/2/4 3321/2/4
f 3308/2/4 3309/2/4 3322/2/4
f 3322/2/4 3309/2/4 3323/2/4
f 3310/3/4 3311/3/4 3324/3/4
f 3324/3/4 3311/3/4 3325/3/4
f 3325/3/4 3311/3/4 3326/3/4
f 3312/2/4 3313/2/4 3327/2/4
f 3327/2/4 3313/2/4 3328/2/4
f 3314/3/4 3315/3/4 3331/3/4
f 3331/3/4 3315/3/4 3332/3/4
f 3316/4/4 3317/4/4 3334/4/4
f 3334/4/4 3317/4/4 3335/4/4
f 3319/5/4 3320/5/4 3336/5/4
f 3336/5/4 3320/5/4 3337/5/4
f 3321/5/4 3322/5/4 3338/5/4
f 3338/5/4 3322/5/4 3339/5/4
f 3339/5/4 3322/5/4 3340/5/4
f 3323/4/4 3324/4/4 3341/4/4
f 3341/4/4 3324/4/4 3342/4/4
f 3325/4/4 3326/4/4 3343/4/4
f 3326/4/4 3327/4/4 3343/4/4
f 3343/4/4 3327/4/4 3344/4/4
f 3328/4/4 3329/4/4 3345/4/4
f 3329/5/4 3330/5/4 3346/5/4
f 3345/4/4 3329/4/4 3346/4/4
f 3330/4/4 3331/4/4 3347/4/4
f 3346/5/4 3330/5/4 3347/5/4
f 3347/4/4 3331/4/4 3348/4/4
f 3332/4/4 3333/4/4 3349/4/4
f 3349/4/4 3333/4/4 3350/4/4
f 3351/4/4 3352/4/4 3367/4/4
f 3367/4/4 3352/4/4 3368/4/4
f 3353/4/4 3354/4/4 3369/4/4
f 3369/4/4 3354/4/4 3370/4/4
f 3370/4/4 3354/4/4 3371/4/4
f 3355/4/4 3356/4/4 3372/4/4
f 3372/4/4 3356/4/4 3373/4/4
f 3357/5/4 3358/5/4 3374/5/4
f 3374/5/4 3358/5/4 3375/5/4
f 3359/4/4 3360/4/4 3377/4/4
f 3377/4/4 3360/4/4 3378/4/4
f 3361/4/4 3362/4/4 3379/4/4
f 3379/4/4 3362/4/4 3380/4/4
f 3380/4/4 3362/4/4 3381/4/4
f 3363/4/4 3364/4/4 3382/4/4
f 3382/4/4 3364/4/4 3383/4/4
f 3365/5/4 3366/5/4 3385/5/4
f 3385/5/4 3366/5/4 3386/5/4
f 3367/1/4 3368/1/4 3387/1/4
f 3368/2/4 3369/2/4 3388/2/4
f 3387/1/4 3368/1/4 3388/1/4
f 3388/2/4 3369/2/4 3389/2/4
f 3370/2/4 3371/2/4 3390/2/4
f 3390/2/4 3371/2/4 3391/2/4
f 3372/1/4 3373/1/4 3392/1/4
f 3373/3/4 3374/3/4 3393/3/4
f 3392/1/4 3373/1/4 3393/1/4
f 3393/3/4 3374/3/4 3394/3/4
f 3375/3/4 3376/3/4 3395/3/4
f 3395/3/4 3376/3/4 3396/3/4
f 3377/3/4 3378/3/4 3397/3/4
f 3397/3/4 3378/3/4 3398/3/4
f 3380/2/4 3381/2/4 3399/2/4
f 3381/3/4 3382/3/4 3400/3/4
f 3399/2/4 3381/2/4 3400/2/4
f 3400/3/4 3382/3/4 3401/3/4
f 3383/2/4 3384/2/4 3402/2/4
f 3402/2/4 3384/2/4 3403/2/4
f 3404/1/4 3405/1/4 3418/1/4
f 3418/1/4 3405/1/4 3419/1/4
f 3406/3/4 3407/3/4 3420/3/4
f 3420/3/4 3407/3/4 3421/3/4
f 3421/3/4 3407/3/4 3422/3/4
f 3408/2/4 3409/2/4 3423/2/4
f 3423/2/4 3409/2/4 3424/2/4
f 3410/1/4 3411/1/4 3426/1/4
f 3426/1/4 3411/1/4 3427/1/4
f 3412/3/4 3413/3/4 3428/3/4
f 3428/3/4 3413/3/4 3429/3/4
f 3414/3/4 3415/3/4 3430/3/4
f 3430/3/4 3415/3/4 3431/3/4
f 3416/1/4 3417/1/4 3434/1/4
f 3434/1/4 3417/1/4 3435/1/4
f 3419/4/4 3420/4/4 3437/4/4
f 3437/4/4 3420/4/4 3438/4/4
f 3421/4/4 3422/4/4 3439/4/4
f 3422/5/4 3423/5/4 3440/5/4
f 3439/4/4 3422/4/4 3440/4/4
f 3440/5/4 3423/5/4 3441/5/4
f 3424/5/4 3425/5/4 3442/5/4
f 3425/4/4 3426/4/4 3443/4/4
f 3442/5/4 3425/5/4 3443/5/4
f 3443/4/4 3426/4/4 3444/4/4
f 3428/4/4 3429/4/4 3445/4/4
f 3429/4/4 3430/4/4 3445/4/4
f 3427/4/4 3428/4/4 3445/4/4
f 3445/4/4 3430/4/4 3446/4/4
f 3446/4/4 3430/4/4 3447/4/4
f 3447/4/4 3430/4/4 3448/4/4
f 3448/4/4 3430/4/4 3449/4/4
f 3431/5/4 3432/5/4 3450/5/4
f 3432/4/4 3433/4/4 3451/4/4
f 3450/5/4 3432/5/4 3451/5/4
f 3451/4/4 3433/4/4 3452/4/4
f 3435/4/4 3436/4/4 3453/4/4
f 3434/4/4 3435/4/4 3453/4/4
f 3453/4/4 3436/4/4 3454/4/4
f 3454/4/4 3436/4/4 3455/4/4
f 3437/4/4 3438/4/4 3456/4/4
f 3456/4/4 3438/4/4 3457/4/4
f 3439/5/4 3440/5/4 3458/5/4
f 3458/5/4 3440/5/4 3459/5/4
f 3442/4/4 3443/4/4 3460/4/4
f 3441/4/4 3442/4/4 3460/4/4
f 3460/4/4 3443/4/4 3461/4/4
f 3461/4/4 3443/4/4 3462/4/4
f 3444/4/4 3445/4/4 3463/4/4
f 3445/4/4 3446/4/4 3463/4/4
f 3463/4/4 3446/4/4 3464/4/4
f 3447/4/4 3448/4/4 3465/4/4
f 3465/4/4 3448/4/4 3466/4/4
f 3449/4/4 3450/4/4 3467/4/4
f 3450/5/4 3451/5/4 3468/5/4
f 3467/4/4 3450/4/4 3468/4/4
f 3468/5/4 3451/5/4 3469/5/4
f 3469/5/4 3451/5/4 3470/5/4
f 3453/4/4 3454/4/4 3471/4/4
f 3452/4/4 3453/4/4 3471/4/4
f 3471/4/4 3454/4/4 3472/4/4
f 3473/4/4 3474/4/4 3488/4/4
f 3488/4/4 3474/4/4 3489/4/4
f 3475/4/4 3476/4/4 3490/4/4
f 3477/4/4 3478/4/4 3491/4/4
f 3491/4/4 3478/4/4 3492/4/4
f 3479/5/4 3480/5/4 3493/5/4
f 3493/5/4 3480/5/4 3494/5/4
f 3481/4/4 3482/4/4 3496/4/4
f 3496/4/4 3482/4/4 3497/4/4
f 3483/4/4 3484/4/4 3498/4/4
f 3498/4/4 3484/4/4 3499/4/4
f 3499/4/4 3484/4/4 3500/4/4
f 3485/4/4 3486/4/4 3501/4/4
f 3487/4/4 3488/4/4 3505/4/4
f 3505/4/4 3488/4/4 3506/4/4
f 3489/4/4 3490/4/4 3507/4/4
f 3490/4/4 3476/4/4 3508/4/4
f 3507/4/4 3490/4/4 3508/4/4
f 3477/4/4 3491/4/4 3509/4/4
f 3509/4/4 3491/4/4 3510/4/4
f 3492/5/4 3493/5/4 3511/5/4
f 3493/4/4 3494/4/4 3512/4/4
f 3511/5/4 3493/5/4 3512/5/4
f 3512/4/4 3494/4/4 3513/4/4
f 3495/4/4 3496/4/4 3514/4/4
f 3514/4/4 3496/4/4 3515/4/4
f 3498/4/4 3499/4/4 3516/4/4
f 3497/4/4 3498/4/4 3516/4/4
f 3516/4/4 3499/4/4 3517/4/4
f 3500/4/4 3501/4/4 3518/4/4
f 3501/4/4 3486/4/4 3519/4/4
f 3518/4/4 3501/4/4 3519/4/4
f 3519/4/4 3486/4/4 3520/4/4
f 3502/5/4 3503/5/4 3521/5/4
f 3521/5/4 3503/5/4 3522/5/4
f 3504/3/4 3505/3/4 3523/3/4
f 3523/3/4 3505/3/4 3524/3/4
f 3506/2/4 3507/2/4 3525/2/4
f 3525/2/4 3507/2/4 3526/2/4
f 3508/3/4 3509/3/4 3527/3/4
f 3527/3/4 3509/3/4 3528/3/4
f 3510/3/4 3511/3/4 3529/3/4
f 3529/3/4 3511/3/4 3530/3/4
f 3512/3/4 3513/3/4 3531/3/4
f 3513/2/4 3514/2/4 3532/2/4
f 3531/3/4 3513/3/4 3532/3/4
f 3532/2/4 3514/2/4 3533/2/4
f 3515/2/4 3516/2/4 3534/2/4
f 3534/2/4 3516/2/4 3535/2/4
f 3517/3/4 3518/3/4 3536/3/4
f 3536/3/4 3518/3/4 3537/3/4
f 3519/3/4 3520/3/4 3538/3/4
f 3520/3/4 3521/3/4 3538/3/4
f 3538/3/4 3521/3/4 3539/3/4
f 3540/1/4 3541/1/4 3552/1/4
f 3552/1/4 3541/1/4 3553/1/4
f 3542/3/4 3543/3/4 3554/3/4
f 3554/3/4 3543/3/4 3555/3/4
f 3544/3/4 3545/3/4 3557/3/4
f 3557/3/4 3545/3/4 3558/3/4
f 3546/1/4 3547/1/4 3560/1/4
f 3560/1/4 3547/1/4 3561/1/4
f 3548/3/4 3549/3/4 3565/3/4
f 3565/3/4 3549/3/4 3566/3/4
f 3550/2/4 3551/2/4 3568/2/4
f 3568/2/4 3551/2/4 3569/2/4
f 3552/3/4 3553/3/4 3572/3/4
f 3572/3/4 3553/3/4 3573/3/4
f 3554/2/4 3555/2/4 3574/2/4
f 3574/2/4 3555/2/4 3575/2/4
f 3556/3/4 3557/3/4 3576/3/4
f 3576/3/4 3557/3/4 3577/3/4
f 3559/2/4 3560/2/4 3579/2/4
f 3579/2/4 3560/2/4 3580/2/4
f 3562/3/4 3563/3/4 3581/3/4
f 3581/3/4 3563/3/4 3582/3/4
f 3564/2/4 3565/2/4 3583/2/4
f 3583/2/4 3565/2/4 3584/2/4
f 3567/2/4 3568/2/4 3587/2/4
f 3587/2/4 3568/2/4 3588/2/4
f 3570/2/4 3571/2/4 3589/2/4
f 3589/2/4 3571/2/4 3590/2/4
f 3573/4/4 3574/4/4 3591/4/4
f 3591/4/4 3574/4/4 3592/4/4
f 3575/5/4 3576/5/4 3593/5/4
f 3593/5/4 3576/5/4 3594/5/4
f 3577/5/4 3578/5/4 3595/5/4
f 3578/4/4 3579/4/4 3596/4/4
f 3595/5/4 3578/5/4 3596/5/4
f 3580/4/4 3581/4/4 3597/4/4
f 3582/4/4 3583/4/4 3598/4/4
f 3585/5/4 3586/5/4 3599/5/4
f 3584/4/4 3585/4/4 3599/4/4
f 3586/4/4 3587/4/4 3600/4/4
f 3599/5/4 3586/5/4 3600/5/4
f 3600/4/4 3587/4/4 3601/4/4
f 3588/4/4 3589/4/4 3602/4/4
f 3602/4/4 3589/4/4 3603/4/4
f 3603/4/4 3589/4/4 3604/4/4
f 3591/4/4 3592/4/4 3606/4/4
f 3606/4/4 3592/4/4 3607/4/4
f 3593/4/4 3594/4/4 3608/4/4
f 3608/4/4 3594/4/4 3609/4/4
f 3595/4/4 3596/4/4 3610/4/4
f 3596/4/4 3579/4/4 3611/4/4
f 3610/4/4 3596/4/4 3611/4/4
f 3611/4/4 3579/4/4 3612/4/4
f 3580/4/4 3597/4/4 3613/4/4
f 3613/4/4 3597/4/4 3614/4/4
f 3614/4/4 3597/4/4 3615/4/4
f 3598/4/4 3583/4/4 3616/4/4
f 3616/4/4 3583/4/4 3617/4/4
f 3584/4/4 3599/4/4 3618/4/4
f 3599/4/4 3600/4/4 3618/4/4
f 3618/4/4 3600/4/4 3619/4/4
f 3602/4/4 3603/4/4 3620/4/4
f 3601/4/4 3602/4/4 3620/4/4
f 3608/4/4 3609/4/4 3621/4/4
f 3607/4/4 3608/4/4 3621/4/4
f 3621/4/4 3609/4/4 3622/4/4
f 3610/4/4 3611/4/4 3623/4/4
f 3616/4/4 3617/4/4 3624/4/4
f 3615/4/4 3616/4/4 3624/4/4
f 3624/4/4 3617/4/4 3625/4/4
f 3618/4/4 3619/4/4 3626/4/4
f 3626/4/4 3619/4/4 3627/4/4
f 3627/4/4 3619/4/4 3628/4/4
f 3620/4/4 3603/4/4 3629/4/4
f 3629/4/4 3603/4/4 3630/4/4
f 3630/4/4 3603/4/4 3631/4/4
f 3604/4/4 3605/4/4 3632/4/4
f 3607/4/4 3621/4/4 3635/4/4
f 3622/4/4 3623/4/4 3636/4/4
f 3623/4/4 3611/4/4 3637/4/4
f 3636/4/4 3623/4/4 3637/4/4
f 3613/4/4 3614/4/4 3638/4/4
f 3612/4/4 3613/4/4 3638/4/4
f 3638/4/4 3614/4/4 3639/4/4
f 3639/4/4 3614/4/4 3640/4/4
f 3615/4/4 3624/4/4 3641/4/4
f 3625/4/4 3626/4/4 3642/4/4
f 3626/4/4 3627/4/4 3642/4/4
f 3628/4/4 3629/4/4 3643/4/4
f 3629/4/4 3630/4/4 3643/4/4
f 3631/4/4 3632/4/4 3644/4/4
f 3632/4/4 3605/4/4 3644/4/4
f 3644/4/4 3605/4/4 3645/4/4
f 3636/4/4 3637/4/4 3646/4/4
f 3646/4/4 3637/4/4 3647/4/4
f 3638/4/4 3639/4/4 3648/4/4
f 3640/4/4 3641/4/4 3649/4/4
f 3641/4/4 3624/4/4 3650/4/4
f 3649/4/4 3641/4/4 3650/4/4
f 3625/4/4 3642/4/4 3651/4/4
f 3651/4/4 3642/4/4 3652/4/4
f 3643/4/4 3630/4/4 3653/4/4
f 3653/4/4 3630/4/4 3654/4/4
f 3654/4/4 3630/4/4 3655/4/4
f 3631/4/4 3644/4/4 3656/4/4
f 3656/4/4 3644/4/4 3657/4/4
f 3633/4/4 3634/4/4 3658/4/4
f 3658/4/4 3634/4/4 3659/4/4
f 3607/4/4 3635/4/4 3660/4/4
f 3660/4/4 3635/4/4 3661/4/4
f 3636/4/4 3646/4/4 3662/4/4
f 3662/4/4 3646/4/4 3663/4/4
f 3647/4/4 3648/4/4 3664/4/4
f 3648/4/4 3639/4/4 3665/4/4
f 3664/4/4 3648/4/4 3665/4/4
f 3649/5/4 3650/5/4 3666/5/4
f 3650/4/4 3624/4/4 3667/4/4
f 3666/5/4 3650/5/4 3667/5/4
f 3667/4/4 3624/4/4 3668/4/4
f 3625/4/4 3651/4/4 3669/4/4
f 3669/4/4 3651/4/4 3670/4/4
f 3652/4/4 3653/4/4 3671/4/4
f 3653/4/4 3654/4/4 3671/4/4
f 3671/4/4 3654/4/4 3672/4/4
f 3656/4/4 3657/4/4 3673/4/4
f 3655/4/4 3656/4/4 3673/4/4
f 3673/4/4 3657/4/4 3674/4/4
f 3674/4/4 3657/4/4 3675/4/4
f 3658/3/4 3659/3/4 3677/3/4
f 3659/3/4 3660/3/4 3677/3/4
f 3677/3/4 3660/3/4 3678/3/4
f 3661/2/4 3662/2/4 3679/2/4
f 3679/2/4 3662/2/4 3680/2/4
f 3665/3/4 3666/3/4 3684/3/4
f 3684/3/4 3666/3/4 3685/3/4
f 3667/2/4 3668/2/4 3686/2/4
f 3668/3/4 3669/3/4 3686/3/4
f 3686/3/4 3669/3/4 3687/3/4
f 3670/2/4 3671/2/4 3688/2/4
f 3688/2/4 3671/2/4 3689/2/4
f 3672/2/4 3673/2/4 3691/2/4
f 3691/2/4 3673/2/4 3692/2/4
f 3674/3/4 3675/3/4 3693/3/4
f 3675/2/4 3676/2/4 3693/2/4
f 3693/2/4 3676/2/4 3694/2/4
f 3658/3/4 3677/3/4 3695/3/4
f 3695/3/4 3677/3/4 3696/3/4
f 3678/3/4 3679/3/4 3697/3/4
f 3697/3/4 3679/3/4 3698/3/4
f 3681/3/4 3682/3/4 3699/3/4
f 3699/3/4 3682/3/4 3700/3/4
f 3683/3/4 3684/3/4 3701/3/4
f 3701/3/4 3684/3/4 3702/3/4
f 3667/2/4 3686/2/4 3703/2/4
f 3703/2/4 3686/2/4 3704/2/4
f 3687/2/4 3688/2/4 3705/2/4
f 3705/2/4 3688/2/4 3706/2/4
f 3690/3/4 3691/3/4 3707/3/4
f 3707/3/4 3691/3/4 3708/3/4
f 3674/3/4 3693/3/4 3709/3/4
f 3709/3/4 3693/3/4 3710/3/4
f 3711/1/4 3712/1/4 3713/1/4
f 3713/1/4 3712/1/4 3714/1/4
f 3715/6/4 3716/6/4 3717/6/4
f 3717/6/4 3716/6/4 3718/6/4
f 3722/6/5 3720/6/5 3719/6/5
f 3723/6/5 3722/6/5 3721/6/5
f 3724/6/5 3720/6/5 3722/6/5
f 3724/6/5 3722/6/5 3723/6/5
f 3729/4/5 3726/4/5 3725/4/5
f 3730/2/5 3727/2/5 3726/2/5
f 3730/4/5 3726/4/5 3729/4/5
f 3731/2/5 3727/2/5 3730/2/5
f 3734/4/5 3729/4/5 3728/4/5
f 3734/4/5 3732/4/5 3731/4/5
f 3734/4/5 3731/4/5 3730/4/5
f 3734/4/5 3730/4/5 3729/4/5
f 3735/4/5 3732/4/5 3734/4/5
f 3738/4/5 3734/4/5 3733/4/5
f 3738/4/5 3736/4/5 3735/4/5
f 3738/4/5 3735/4/5 3734/4/5
f 3739/4/5 3736/4/5 3738/4/5
f 3743/4/5 3738/4/5 3737/4/5
f 3743/4/5 3739/4/5 3738/4/5
f 3743/4/5 3740/4/5 3739/4/5
f 3744/1/5 3741/1/5 3740/1/5
f 3744/4/5 3740/4/5 3743/4/5
f 3745/1/5 3741/1/5 3744/1/5
f 3747/4/5 3743/4/5 3742/4/5
f 3747/1/5 3746/1/5 3745/1/5
f 3747/4/5 3745/4/5 3744/4/5
f 3747/4/5 3744/4/5 3743/4/5
f 3748/1/5 3746/1/5 3747/1/5
f 3750/4/5 3747/4/5 3742/4/5
f 3751/4/5 3747/4/5 3750/4/5
f 3753/4/5 3750/4/5 3749/4/5
f 3753/4/5 3752/4/5 3751/4/5
f 3753/4/5 3751/4/5 3750/4/5
f 3755/4/5 3753/4/5 3749/4/5
f 3755/3/5 3754/3/5 3753/3/5
f 3756/3/5 3754/3/5 3755/3/5
f 3757/4/5 3755/4/5 3749/4/5
f 3758/4/5 3755/4/5 3757/4/5
f 3759/4/5 3755/4/5 3758/4/5
f 3760/4/5 3755/4/5 3759/4/5
f 3761/4/5 3759/4/5 3758/4/5
f 3761/3/5 3760/3/5 3759/3/5
f 3762/3/5 3760/3/5 3761/3/5
f 3763/4/5 3761/4/5 3758/4/5
f 3764/4/5 3761/4/5 3763/4/5
f 3765/4/5 3761/4/5 3764/4/5
f 3766/2/5 3762/2/5 3761/2/5
f 3766/4/5 3761/4/5 3765/4/5
f 3767/2/5 3762/2/5 3766/2/5
f 3768/4/5 3765/4/5 3764/4/5
f 3769/4/5 3765/4/5 3768/4/5
f 3770/4/5 3765/4/5 3769/4/5
f 3771/2/5 3766/2/5 3765/2/5
f 3771/4/5 3765/4/5 3770/4/5
f 3772/2/5 3766/2/5 3771/2/5
f 3773/4/5 3770/4/5 3769/4/5
f 3774/4/5 3770/4/5 3773/4/5
f 3775/4/5 3770/4/5 3774/4/5
f 3776/4/5 3770/4/5 3775/4/5
f 3777/1/5 3774/1/5 3773/1/5
f 3778/4/5 3775/4/5 3774/4/5
f 3778/1/5 3774/1/5 3777/1/5
f 3779/4/5 3775/4/5 3778/4/5
f 3780/4/5 3775/4/5 3779/4/5
f 3781/4/5 3775/4/5 3780/4/5
f 3782/3/5 3776/3/5 3775/3/5
f 3782/4/5 3775/4/5 3781/4/5
f 3783/3/5 3776/3/5 3782/3/5
f 3784/1/5 3779/1/5 3778/1/5
f 3785/3/5 3780/3/5 3779/3/5
f 3785/1/5 3779/1/5 3784/1/5
f 3786/4/5 3781/4/5 3780/4/5
f 3786/3/5 3780/3/5 3785/3/5
f 3787/4/5 3781/4/5 3786/4/5
f 3788/4/5 3781/4/5 3787/4/5
f 3789/3/5 3782/3/5 3781/3/5
f 3789/4/5 3781/4/5 3788/4/5
f 3790/3/5 3782/3/5 3789/3/5
f 3791/3/5 3787/3/5 3786/3/5
f 3792/2/5 3788/2/5 3787/2/5
f 3792/3/5 3787/3/5 3791/3/5
f 3793/2/5 3788/2/5 3792/2/5
f 3795/6/5 3792/6/5 3791/6/5
f 3795/6/5 3794/6/5 3793/6/5
f 3795/6/5 3793/6/5 3792/6/5
f 3796/6/5 3794/6/5 3795/6/5
f 3799/2/5 3798/2/5 3797/2/5
f 3800/2/5 3798/2/5 3799/2/5
f 3802/2/5 3801/2/5 3800/2/5
f 3803/2/5 3801/2/5 3802/2/5
f 3806/1/5 3805/1/5 3804/1/5
f 3807/1/5 3805/1/5 3806/1/5
f 3812/3/5 3811/3/5 3810/3/5
f 3813/3/5 3811/3/5 3812/3/5
f 3814/2/5 3809/2/5 3808/2/5
f 3815/2/5 3809/2/5 3814/2/5
f 3816/1/5 3813/1/5 3812/1/5
f 3817/1/5 3813/1/5 3816/1/5
f 3819/1/5 3818/1/5 3817/1/5
f 3820/1/5 3818/1/5 3819/1/5
f 3821/2/5 3820/2/5 3819/2/5
f 3822/2/5 3820/2/5 3821/2/5
f 3824/2/5 3823/2/5 3822/2/5
f 3825/2/5 3823/2/5 3824/2/5
f 3829/2/5 3826/2/5 3825/2/5
f 3830/2/5 3826/2/5 3829/2/5
f 3831/1/5 3828/1/5 3827/1/5
f 3832/1/5 3828/1/5 3831/1/5
f 3835/3/5 3834/3/5 3833/3/5
f 3836/3/5 3834/3/5 3835/3/5
f 3840/2/5 3838/2/5 3837/2/5
f 3841/2/5 3838/2/5 3840/2/5
f 3843/2/5 3840/2/5 3839/2/5
f 3844/2/5 3840/2/5 3843/2/5
f 3848/3/5 3843/3/5 3842/3/5
f 3849/3/5 3843/3/5 3848/3/5
f 3850/1/5 3846/1/5 3845/1/5
f 3851/1/5 3846/1/5 3850/1/5
f 3853/3/5 3848/3/5 3847/3/5
f 3854/3/5 3848/3/5 3853/3/5
f 3856/1/5 3853/1/5 3852/1/5
f 3857/1/5 3853/1/5 3856/1/5
f 3860/3/5 3859/3/5 3858/3/5
f 3861/3/5 3859/3/5 3860/3/5
f 3862/2/5 3856/2/5 3855/2/5
f 3863/2/5 3856/2/5 3862/2/5
f 3864/3/5 3863/3/5 3862/3/5
f 3865/3/5 3863/3/5 3864/3/5
f 3869/3/5 3867/3/5 3866/3/5
f 3870/3/5 3867/3/5 3869/3/5
f 3871/3/5 3869/3/5 3868/3/5
f 3872/3/5 3869/3/5 3871/3/5
f 3877/3/5 3874/3/5 3873/3/5
f 3878/3/5 3874/3/5 3877/3/5
f 3882/2/5 3876/2/5 3875/2/5
f 3883/2/5 3876/2/5 3882/2/5
f 3884/3/5 3879/3/5 3878/3/5
f 3885/2/5 3880/2/5 3879/2/5
f 3885/3/5 3879/3/5 3884/3/5
f 3886/2/5 3880/2/5 3885/2/5
f 3889/3/5 3882/3/5 3881/3/5
f 3890/3/5 3882/3/5 3889/3/5
f 3891/2/5 3887/2/5 3886/2/5
f 3892/3/5 3888/3/5 3887/3/5
f 3892/2/5 3887/2/5 3891/2/5
f 3893/3/5 3888/3/5 3892/3/5
f 3898/1/5 3895/1/5 3894/1/5
f 3899/2/5 3896/2/5 3895/2/5
f 3899/1/5 3895/1/5 3898/1/5
f 3900/2/5 3896/2/5 3899/2/5
f 3901/1/5 3898/1/5 3897/1/5
f 3902/1/5 3898/1/5 3901/1/5
f 3905/1/5 3904/1/5 3903/1/5
f 3906/1/5 3904/1/5 3905/1/5
f 3909/3/5 3908/3/5 3907/3/5
f 3910/3/5 3908/3/5 3909/3/5
f 3913/3/5 3912/3/5 3911/3/5
f 3914/3/5 3912/3/5 3913/3/5
f 3917/2/5 3914/2/5 3913/2/5
f 3918/2/5 3914/2/5 3917/2/5
f 3920/3/5 3916/3/5 3915/3/5
f 3921/3/5 3916/3/5 3920/3/5
f 3922/2/5 3919/2/5 3918/2/5
f 3923/2/5 3919/2/5 3922/2/5
f 3925/3/5 3924/3/5 3923/3/5
f 3926/3/5 3924/3/5 3925/3/5
f 3931/2/5 3928/2/5 3927/2/5
f 3932/2/5 3928/2/5 3931/2/5
f 3933/3/5 3930/3/5 3929/3/5
f 3934/2/5 3931/2/5 3930/2/5
f 3934/3/5 3930/3/5 3933/3/5
f 3935/2/5 3931/2/5 3934/2/5
f 3938/2/5 3937/2/5 3936/2/5
f 3939/2/5 3937/2/5 3938/2/5
f 3943/3/5 3941/3/5 3940/3/5
f 3944/3/5 3941/3/5 3943/3/5
f 3946/3/5 3943/3/5 3942/3/5
f 3947/3/5 3943/3/5 3946/3/5
f 3950/3/5 3946/3/5 3945/3/5
f 3952/3/5 3950/3/5 3945/3/5
f 3953/3/5 3950/3/5 3952/3/5
f 3954/3/5 3949/3/5 3948/3/5
f 3955/3/5 3949/3/5 3954/3/5
f 3956/2/5 3952/2/5 3951/2/5
f 3957/2/5 3952/2/5 3956/2/5
f 3960/3/5 3959/3/5 3958/3/5
f 3961/3/5 3959/3/5 3960/3/5
f 3962/3/5 3957/3/5 3956/3/5
f 3963/3/5 3957/3/5 3962/3/5
f 3967/2/5 3965/2/5 3964/2/5
f 3968/2/5 3965/2/5 3967/2/5
f 3969/2/5 3967/2/5 3966/2/5
f 3970/2/5 3967/2/5 3969/2/5
f 3973/3/5 3972/3/5 3971/3/5
f 3974/3/5 3972/3/5 3973/3/5
f 3978/2/5 3975/2/5 3974/2/5
f 3978/2/5 3976/2/5 3975/2/5
f 3979/3/5 3977/3/5 3976/3/5
f 3979/2/5 3976/2/5 3978/2/5
f 3980/3/5 3977/3/5 3979/3/5
f 3987/2/5 3982/2/5 3981/2/5
f 3988/1/5 3983/1/5 3982/1/5
f 3988/2/5 3982/2/5 3987/2/5
f 3989/1/5 3983/1/5 3988/1/5
f 3992/2/5 3985/2/5 3984/2/5
f 3993/3/5 3986/3/5 3985/3/5
f 3993/2/5 3985/2/5 3992/2/5
f 3994/3/5 3986/3/5 3993/3/5
f 3995/1/5 3990/1/5 3989/1/5
f 3996/1/5 3990/1/5 3995/1/5
f 3997/2/5 3992/2/5 3991/2/5
f 3998/2/5 3992/2/5 3997/2/5
f 4001/2/5 4000/2/5 3999/2/5
f 4002/2/5 4000/2/5 4001/2/5
f 4006/3/5 4004/3/5 4003/3/5
f 4007/3/5 4004/3/5 4006/3/5
f 4010/3/5 4006/3/5 4005/3/5
f 4011/3/5 4006/3/5 4010/3/5
f 4012/3/5 4009/3/5 4008/3/5
f 4013/3/5 4009/3/5 4012/3/5
f 4015/2/5 4014/2/5 4013/2/5
f 4016/2/5 4014/2/5 4015/2/5
f 4018/2/5 4017/2/5 4016/2/5
f 4019/2/5 4017/2/5 4018/2/5
f 4023/2/5 4020/2/5 4019/2/5
f 4024/2/5 4020/2/5 4023/2/5
f 4027/3/5 4022/3/5 4021/3/5
f 4028/3/5 4022/3/5 4027/3/5
f 4029/3/5 4025/3/5 4024/3/5
f 4030/3/5 4025/3/5 4029/3/5
f 4032/3/5 4027/3/5 4026/3/5
f 4033/3/5 4027/3/5 4032/3/5
f 4034/3/5 4027/3/5 4033/3/5
f 4035/1/5 4032/1/5 4031/1/5
f 4035/1/5 4033/1/5 4032/1/5
f 4036/1/5 4033/1/5 4035/1/5
f 4037/1/5 4033/1/5 4036/1/5
f 4040/3/5 4039/3/5 4038/3/5
f 4041/3/5 4039/3/5 4040/3/5
f 4044/3/5 4043/3/5 4042/3/5
f 4045/3/5 4043/3/5 4044/3/5
f 4047/3/5 4046/3/5 4045/3/5
f 4048/3/5 4046/3/5 4047/3/5
f 4051/3/5 4050/3/5 4049/3/5
f 4054/3/5 4050/3/5 4051/3/5
f 4055/3/5 4050/3/5 4054/3/5
f 4056/3/5 4053/3/5 4052/3/5
f 4057/3/5 4053/3/5 4056/3/5
f 4058/2/5 4057/2/5 4056/2/5
f 4059/2/5 4057/2/5 4058/2/5
f 4061/2/5 4060/2/5 4059/2/5
f 4062/2/5 4060/2/5 4061/2/5
f 4066/1/5 4064/1/5 4063/1/5
f 4067/1/5 4064/1/5 4066/1/5
f 4069/1/5 4066/1/5 4065/1/5
f 4070/1/5 4066/1/5 4069/1/5
f 4071/1/5 4069/1/5 4068/1/5
f 4072/1/5 4069/1/5 4071/1/5
f 4076/2/5 4074/2/5 4073/2/5
f 4077/1/5 4075/1/5 4074/1/5
f 4077/2/5 4074/2/5 4076/2/5
f 4078/1/5 4075/1/5 4077/1/5
f 4081/2/5 4080/2/5 4079/2/5
f 4082/2/5 4080/2/5 4081/2/5
f 4086/3/5 4084/3/5 4083/3/5
f 4087/3/5 4084/3/5 4086/3/5
f 4091/3/5 4086/3/5 4085/3/5
f 4092/3/5 4086/3/5 4091/3/5
f 4093/2/5 4089/2/5 4088/2/5
f 4094/2/5 4089/2/5 4093/2/5
f 4097/3/5 4091/3/5 4090/3/5
f 4098/3/5 4091/3/5 4097/3/5
f 4099/2/5 4095/2/5 4094/2/5
f 4100/2/5 4095/2/5 4099/2/5
f 4102/2/5 4101/2/5 4100/2/5
f 4103/2/5 4101/2/5 4102/2/5
f 4105/2/5 4097/2/5 4096/2/5
f 4106/2/5 4097/2/5 4105/2/5
f 4107/2/5 4105/2/5 4104/2/5
f 4108/2/5 4105/2/5 4107/2/5
f 4109/3/5 4108/3/5 4107/3/5
f 4110/3/5 4108/3/5 4109/3/5
f 4113/3/5 4112/3/5 4111/3/5
f 4115/3/5 4112/3/5 4113/3/5
f 4116/3/5 4112/3/5 4115/3/5
f 4117/2/5 4115/2/5 4114/2/5
f 4118/2/5 4115/2/5 4117/2/5
f 4124/3/5 4120/3/5 4119/3/5
f 4125/3/5 4120/3/5 4124/3/5
f 4126/2/5 4122/2/5 4121/2/5
f 4127/2/5 4122/2/5 4126/2/5
f 4129/3/5 4124/3/5 4123/3/5
f 4130/3/5 4124/3/5 4129/3/5
f 4131/2/5 4128/2/5 4127/2/5
f 4132/2/5 4128/2/5 4131/2/5
f 4137/3/5 4134/3/5 4133/3/5
f 4138/3/5 4134/3/5 4137/3/5
f 4139/3/5 4134/3/5 4138/3/5
f 4141/2/5 4136/2/5 4135/2/5
f 4142/2/5 4136/2/5 4141/2/5
f 4143/2/5 4140/2/5 4139/2/5
f 4144/2/5 4140/2/5 4143/2/5
f 4147/2/5 4146/2/5 4145/2/5
f 4148/2/5 4146/2/5 4147/2/5
f 4150/1/5 4149/1/5 4148/1/5
f 4151/1/5 4149/1/5 4150/1/5
f 4156/2/5 4153/2/5 4152/2/5
f 4157/2/5 4153/2/5 4156/2/5
f 4160/2/5 4155/2/5 4154/2/5
f 4161/2/5 4155/2/5 4160/2/5
f 4162/2/5 4158/2/5 4157/2/5
f 4163/2/5 4158/2/5 4162/2/5
f 4165/2/5 4160/2/5 4159/2/5
f 4166/2/5 4160/2/5 4165/2/5
f 4167/2/5 4164/2/5 4163/2/5
f 4168/2/5 4164/2/5 4167/2/5
f 4170/1/5 4169/1/5 4168/1/5
f 4171/1/5 4169/1/5 4170/1/5
f 4175/1/5 4172/1/5 4171/1/5
f 4176/1/5 4172/1/5 4175/1/5
f 4178/3/5 4174/3/5 4173/3/5
f 4179/3/5 4174/3/5 4178/3/5
f 4180/3/5 4178/3/5 4177/3/5
f 4181/3/5 4178/3/5 4180/3/5
f 4184/2/5 4183/2/5 4182/2/5
f 4185/2/5 4183/2/5 4184/2/5
f 4188/3/5 4187/3/5 4186/3/5
f 4189/3/5 4187/3/5 4188/3/5
f 4191/2/5 4190/2/5 4189/2/5
f 4192/2/5 4190/2/5 4191/2/5
f 4197/1/5 4194/1/5 4193/1/5
f 4198/1/5 4194/1/5 4197/1/5
f 4199/3/5 4198/3/5 4197/3/5
f 4200/3/5 4198/3/5 4199/3/5
f 4201/3/5 4196/3/5 4195/3/5
f 4202/3/5 4196/3/5 4201/3/5
f 4203/1/5 4202/1/5 4201/1/5
f 4204/1/5 4202/1/5 4203/1/5
f 4208/3/5 4206/3/5 4205/3/5
f 4209/3/5 4206/3/5 4208/3/5
f 4210/3/5 4208/3/5 4207/3/5
f 4211/3/5 4208/3/5 4210/3/5
f 4214/1/5 4213/1/5 4212/1/5
f 4215/1/5 4213/1/5 4214/1/5
f 4219/1/5 4217/1/5 4216/1/5
f 4220/3/5 4218/3/5 4217/3/5
f 4220/1/5 4217/1/5 4219/1/5
f 4221/3/5 4218/3/5 4220/3/5
f 4224/2/5 4223/2/5 4222/2/5
f 4225/2/5 4223/2/5 4224/2/5
f 4227/2/5 4226/2/5 4225/2/5
f 4228/2/5 4226/2/5 4227/2/5
f 4232/2/5 4230/2/5 4229/2/5
f 4233/2/5 4230/2/5 4232/2/5
f 4234/2/5 4232/2/5 4231/2/5
f 4235/2/5 4234/2/5 4231/2/5
f 4236/2/5 4234/2/5 4235/2/5
f 4237/3/5 4236/3/5 4235/3/5
f 4238/3/5 4236/3/5 4237/3/5
f 4241/3/5 4240/3/5 4239/3/5
f 4242/3/5 4240/3/5 4241/3/5
f 4244/2/5 4242/2/5 4241/2/5
f 4245/2/5 4242/2/5 4244/2/5
f 4246/2/5 4244/2/5 4243/2/5
f 4247/2/5 4244/2/5 4246/2/5
f 4250/3/5 4249/3/5 4248/3/5
f 4251/3/5 4249/3/5 4250/3/5
f 4253/3/5 4252/3/5 4251/3/5
f 4254/3/5 4252/3/5 4253/3/5
f 4260/3/5 4256/3/5 4255/3/5
f 4261/3/5 4256/3/5 4260/3/5
f 4264/2/5 4259/2/5 4258/2/5
f 4264/2/5 4258/2/5 4257/2/5
f 4265/2/5 4259/2/5 4264/2/5
f 4266/3/5 4262/3/5 4261/3/5
f 4267/1/5 4263/1/5 4262/1/5
f 4267/3/5 4262/3/5 4266/3/5
f 4268/1/5 4263/1/5 4267/1/5
f 4271/3/5 4270/3/5 4269/3/5
f 4272/3/5 4270/3/5 4271/3/5
f 4276/2/5 4273/2/5 4272/2/5
f 4277/2/5 4273/2/5 4276/2/5
f 4279/2/5 4275/2/5 4274/2/5
f 4280/2/5 4275/2/5 4279/2/5
f 4282/2/5 4279/2/5 4278/2/5
f 4283/2/5 4279/2/5 4282/2/5
f 4285/2/5 4282/2/5 4281/2/5
f 4286/2/5 4282/2/5 4285/2/5
f 4289/3/5 4285/3/5 4284/3/5
f 4290/3/5 4285/3/5 4289/3/5
f 4291/2/5 4288/2/5 4287/2/5
f 4292/2/5 4288/2/5 4291/2/5
f 4294/2/5 4293/2/5 4292/2/5
f 4295/2/5 4293/2/5 4294/2/5
f 4296/3/5 4295/3/5 4294/3/5
f 4297/3/5 4295/3/5 4296/3/5
f 4302/3/5 4299/3/5 4298/3/5
f 4303/3/5 4299/3/5 4302/3/5
f 4306/2/5 4301/2/5 4300/2/5
f 4307/2/5 4301/2/5 4306/2/5
f 4308/1/5 4304/1/5 4303/1/5
f 4309/1/5 4304/1/5 4308/1/5
f 4311/2/5 4306/2/5 4305/2/5
f 4312/2/5 4306/2/5 4311/2/5
f 4313/3/5 4311/3/5 4310/3/5
f 4314/3/5 4311/3/5 4313/3/5
f 4317/3/5 4316/3/5 4315/3/5
f 4318/3/5 4316/3/5 4317/3/5
f 4322/1/5 4320/1/5 4319/1/5
f 4323/1/5 4320/1/5 4322/1/5
f 4324/1/5 4320/1/5 4323/1/5
f 4327/2/5 4322/2/5 4321/2/5
f 4328/2/5 4322/2/5 4327/2/5
f 4329/2/5 4326/2/5 4325/2/5
f 4330/2/5 4326/2/5 4329/2/5
f 4332/2/5 4331/2/5 4330/2/5
f 4333/2/5 4331/2/5 4332/2/5
f 4338/3/5 4335/3/5 4334/3/5
f 4339/3/5 4335/3/5 4338/3/5
f 4340/3/5 4335/3/5 4339/3/5
f 4341/3/5 4337/3/5 4336/3/5
f 4342/3/5 4337/3/5 4341/3/5
f 4344/3/5 4343/3/5 4342/3/5
f 4345/3/5 4343/3/5 4344/3/5
f 4351/2/5 4347/2/5 4346/2/5
f 4352/2/5 4347/2/5 4351/2/5
f 4353/2/5 4349/2/5 4348/2/5
f 4354/2/5 4349/2/5 4353/2/5
f 4357/2/5 4351/2/5 4350/2/5
f 4358/2/5 4351/2/5 4357/2/5
f 4359/2/5 4355/2/5 4354/2/5
f 4360/3/5 4356/3/5 4355/3/5
f 4360/2/5 4355/2/5 4359/2/5
f 4361/3/5 4356/3/5 4360/3/5
f 4364/3/5 4363/3/5 4362/3/5
f 4365/3/5 4363/3/5 4364/3/5
f 4368/1/5 4367/1/5 4366/1/5
f 4369/1/5 4367/1/5 4368/1/5
f 4371/1/5 4370/1/5 4369/1/5
f 4372/1/5 4370/1/5 4371/1/5
f 4376/3/5 4373/3/5 4372/3/5
f 4377/3/5 4373/3/5 4376/3/5
f 4379/3/5 4375/3/5 4374/3/5
f 4380/3/5 4375/3/5 4379/3/5
f 4381/1/5 4379/1/5 4378/1/5
f 4382/1/5 4381/1/5 4378/1/5
f 4383/1/5 4381/1/5 4382/1/5
f 4384/3/5 4383/3/5 4382/3/5
f 4385/3/5 4383/3/5 4384/3/5
f 4388/3/5 4387/3/5 4386/3/5
f 4389/3/5 4387/3/5 4388/3/5
f 4391/2/5 4389/2/5 4388/2/5
f 4392/2/5 4389/2/5 4391/2/5
f 4393/3/5 4391/3/5 4390/3/5
f 4394/3/5 4391/3/5 4393/3/5
f 4397/2/5 4396/2/5 4395/2/5
f 4398/2/5 4396/2/5 4397/2/5
f 4400/2/5 4399/2/5 4398/2/5
f 4401/2/5 4399/2/5 4400/2/5
f 4403/3/5 4402/3/5 4401/3/5
f 4404/3/5 4402/3/5 4403/3/5
f 4408/3/5 4405/3/5 4404/3/5
f 4409/3/5 4405/3/5 4408/3/5
f 4411/2/5 4407/2/5 4406/2/5
f 4412/2/5 4407/2/5 4411/2/5
f 4413/1/5 4411/1/5 4410/1/5
f 4414/1/5 4411/1/5 4413/1/5
f 4421/3/5 4416/3/5 4415/3/5
f 4422/3/5 4416/3/5 4421/3/5
f 4423/3/5 4418/3/5 4417/3/5
f 4424/2/5 4419/2/5 4418/2/5
f 4424/3/5 4418/3/5 4423/3/5
f 4425/2/5 4419/2/5 4424/2/5
f 4428/3/5 4421/3/5 4420/3/5
f 4429/3/5 4421/3/5 4428/3/5
f 4430/2/5 4426/2/5 4425/2/5
f 4431/2/5 4426/2/5 4430/2/5
f 4433/1/5 4428/1/5 4427/1/5
f 4434/1/5 4428/1/5 4433/1/5
f 4436/1/5 4433/1/5 4432/1/5
f 4437/1/5 4433/1/5 4436/1/5
f 4439/1/5 4436/1/5 4435/1/5
f 4440/1/5 4436/1/5 4439/1/5
f 4441/3/5 4439/3/5 4438/3/5
f 4442/3/5 4439/3/5 4441/3/5
f 4445/3/5 4444/3/5 4443/3/5
f 4446/3/5 4444/3/5 4445/3/5
f 4448/3/5 4447/3/5 4446/3/5
f 4449/3/5 4447/3/5 4448/3/5
f 4452/3/5 4451/3/5 4450/3/5
f 4453/3/5 4451/3/5 4452/3/5
f 4454/2/5 4453/2/5 4452/2/5
f 4455/2/5 4453/2/5 4454/2/5
f 4457/2/5 4456/2/5 4455/2/5
f 4458/2/5 4456/2/5 4457/2/5
f 4461/3/5 4458/3/5 4457/3/5
f 4462/3/5 4458/3/5 4461/3/5
f 4464/3/5 4460/3/5 4459/3/5
f 4465/3/5 4460/3/5 4464/3/5
f 4467/2/5 4464/2/5 4463/2/5
f 4468/2/5 4464/2/5 4467/2/5
f 4469/2/5 4467/2/5 4466/2/5
f 4470/2/5 4467/2/5 4469/2/5
f 4474/1/5 4472/1/5 4471/1/5
f 4475/2/5 4473/2/5 4472/2/5
f 4475/1/5 4472/1/5 4474/1/5
f 4476/2/5 4473/2/5 4475/2/5
f 4479/1/5 4478/1/5 4477/1/5
f 4480/1/5 4478/1/5 4479/1/5
f 4483/2/5 4482/2/5 4481/2/5
f 4484/2/5 4482/2/5 4483/2/5
f 4486/1/5 4485/1/5 4484/1/5
f 4487/1/5 4485/1/5 4486/1/5
f 4492/2/5 4491/2/5 4490/2/5
f 4493/2/5 4491/2/5 4492/2/5
f 4494/3/5 4489/3/5 4488/3/5
f 4495/3/5 4489/3/5 4494/3/5
f 4496/3/5 4493/3/5 4492/3/5
f 4497/3/5 4493/3/5 4496/3/5
f 4501/3/5 4499/3/5 4498/3/5
f 4502/3/5 4499/3/5 4501/3/5
f 4506/3/5 4501/3/5 4500/3/5
f 4507/3/5 4501/3/5 4506/3/5
f 4508/1/5 4504/1/5 4503/1/5
f 4509/2/5 4505/2/5 4504/2/5
f 4509/1/5 4504/1/5 4508/1/5
f 4510/2/5 4505/2/5 4509/2/5
f 4513/3/5 4512/3/5 4511/3/5
f 4514/3/5 4512/3/5 4513/3/5
f 4518/3/5 4516/3/5 4515/3/5
f 4519/3/5 4516/3/5 4518/3/5
f 4523/3/5 4518/3/5 4517/3/5
f 4524/3/5 4518/3/5 4523/3/5
f 4525/1/5 4521/1/5 4520/1/5
f 4526/1/5 4521/1/5 4525/1/5
f 4529/2/5 4523/2/5 4522/2/5
f 4530/2/5 4523/2/5 4529/2/5
f 4531/3/5 4527/3/5 4526/3/5
f 4532/3/5 4527/3/5 4531/3/5
f 4534/2/5 4529/2/5 4528/2/5
f 4535/2/5 4529/2/5 4534/2/5
f 4536/2/5 4534/2/5 4533/2/5
f 4537/2/5 4534/2/5 4536/2/5
f 4538/3/5 4537/3/5 4536/3/5
f 4539/3/5 4537/3/5 4538/3/5
f 4543/3/5 4541/3/5 4540/3/5
f 4544/3/5 4541/3/5 4543/3/5
f 4545/3/5 4543/3/5 4542/3/5
f 4546/3/5 4543/3/5 4545/3/5
f 4551/2/5 4548/2/5 4547/2/5
f 4552/2/5 4548/2/5 4551/2/5
f 4555/2/5 4550/2/5 4549/2/5
f 4556/2/5 4550/2/5 4555/2/5
f 4557/2/5 4553/2/5 4552/2/5
f 4558/2/5 4553/2/5 4557/2/5
f 4559/2/5 4555/2/5 4554/2/5
f 4560/2/5 4555/2/5 4559/2/5
f 4566/3/5 4562/3/5 4561/3/5
f 4567/3/5 4562/3/5 4566/3/5
f 4568/1/5 4564/1/5 4563/1/5
f 4569/1/5 4564/1/5 4568/1/5
f 4571/2/5 4566/2/5 4565/2/5
f 4572/2/5 4566/2/5 4571/2/5
f 4573/1/5 4570/1/5 4569/1/5
f 4574/1/5 4570/1/5 4573/1/5
f 4577/3/5 4576/3/5 4575/3/5
f 4578/3/5 4576/3/5 4577/3/5
f 4580/3/5 4578/3/5 4577/3/5
f 4580/3/5 4579/3/5 4578/3/5
f 4581/3/5 4579/3/5 4580/3/5
f 4582/3/5 4579/3/5 4581/3/5
f 4583/3/5 4579/3/5 4582/3/5
f 4587/2/5 4585/2/5 4584/2/5
f 4588/2/5 4585/2/5 4587/2/5
f 4590/2/5 4587/2/5 4586/2/5
f 4591/2/5 4587/2/5 4590/2/5
f 4593/2/5 4590/2/5 4589/2/5
f 4594/2/5 4590/2/5 4593/2/5
f 4597/3/5 4593/3/5 4592/3/5
f 4598/3/5 4593/3/5 4597/3/5
f 4599/2/5 4596/2/5 4595/2/5
f 4600/2/5 4596/2/5 4599/2/5
f 4603/3/5 4602/3/5 4601/3/5
f 4604/3/5 4602/3/5 4603/3/5
f 4608/3/5 4606/3/5 4605/3/5
f 4609/2/5 4607/2/5 4606/2/5
f 4609/3/5 4606/3/5 4608/3/5
f 4610/2/5 4607/2/5 4609/2/5
f 4613/1/5 4612/1/5 4611/1/5
f 4614/1/5 4612/1/5 4613/1/5
f 4616/3/5 4615/3/5 4614/3/5
f 4617/3/5 4615/3/5 4616/3/5
f 4619/3/5 4618/3/5 4617/3/5
f 4620/3/5 4618/3/5 4619/3/5
f 4623/2/5 4622/2/5 4621/2/5
f 4624/2/5 4622/2/5 4623/2/5
f 4625/2/5 4622/2/5 4624/2/5
f 4628/3/5 4627/3/5 4626/3/5
f 4629/3/5 4627/3/5 4628/3/5
f 4631/1/5 4630/1/5 4629/1/5
f 4632/1/5 4630/1/5 4631/1/5
f 4637/3/5 4634/3/5 4633/3/5
f 4638/3/5 4634/3/5 4637/3/5
f 4639/3/5 4636/3/5 4635/3/5
f 4640/3/5 4636/3/5 4639/3/5
f 4644/3/5 4642/3/5 4641/3/5
f 4645/2/5 4643/2/5 4642/2/5
f 4645/3/5 4642/3/5 4644/3/5
f 4646/2/5 4643/2/5 4645/2/5
f 4649/3/5 4648/3/5 4647/3/5
f 4650/3/5 4648/3/5 4649/3/5
f 4652/1/5 4651/1/5 4650/1/5
f 4653/1/5 4651/1/5 4652/1/5
f 4659/2/5 4655/2/5 4654/2/5
f 4660/2/5 4655/2/5 4659/2/5
f 4661/3/5 4657/3/5 4656/3/5
f 4662/3/5 4657/3/5 4661/3/5
f 4663/2/5 4662/2/5 4661/2/5
f 4664/2/5 4662/2/5 4663/2/5
f 4666/3/5 4659/3/5 4658/3/5
f 4667/3/5 4659/3/5 4666/3/5
f 4668/2/5 4665/2/5 4664/2/5
f 4669/2/5 4665/2/5 4668/2/5
f 4672/2/5 4671/2/5 4670/2/5
f 4673/2/5 4671/2/5 4672/2/5
f 4678/2/5 4674/2/5 4673/2/5
f 4679/2/5 4674/2/5 4678/2/5
f 4680/3/5 4676/3/5 4675/3/5
f 4681/2/5 4677/2/5 4676/2/5
f 4681/3/5 4676/3/5 4680/3/5
f 4682/2/5 4677/2/5 4681/2/5
f 4685/6/5 4684/6/5 4683/6/5
f 4686/6/5 4684/6/5 4685/6/5
f 4689/6/5 4688/6/5 4687/6/5
f 4690/6/5 4688/6/5 4689/6/5
f 4691/2/6 4692/2/6 4693/2/6
f 4693/2/6 4692/2/6 4694/2/6
f 4695/1/6 4696/1/6 4697/1/6
f 4697/1/6 4696/1/6 4698/1/6
f 4698/1/6 4699/1/6 4700/1/6
f 4700/1/6 4699/1/6 4701/1/6
f 4702/3/6 4703/3/6 4704/3/6
f 4704/3/6 4703/3/6 4705/3/6
f 4706/3/6 4707/3/6 4708/3/6
f 4708/3/6 4707/3/6 4709/3/6
f 4708/2/6 4709/2/6 4710/2/6
f 4710/2/6 4709/2/6 4711/2/6
f 4712/1/6 4713/1/6 4716/1/6
f 4716/1/6 4713/1/6 4717/1/6
f 4714/3/6 4715/3/6 4721/3/6
f 4721/3/6 4715/3/6 4722/3/6
f 4717/1/6 4718/1/6 4723/1/6
f 4718/3/6 4719/3/6 4724/3/6
f 4723/1/6 4718/1/6 4724/1/6
f 4724/3/6 4719/3/6 4725/3/6
f 4720/3/6 4721/3/6 4728/3/6
f 4728/3/6 4721/3/6 4729/3/6
f 4725/3/6 4726/3/6 4730/3/6
f 4726/2/6 4727/2/6 4731/2/6
f 4730/3/6 4726/3/6 4731/3/6
f 4731/2/6 4727/2/6 4732/2/6
f 4733/2/6 4734/2/6 4735/2/6
f 4735/2/6 4734/2/6 4736/2/6
f 4739/3/6 4740/3/6 4741/3/6
f 4741/3/6 4740/3/6 4742/3/6
f 4737/2/6 4738/2/6 4743/2/6
f 4743/2/6 4738/2/6 4744/2/6
f 4741/1/6 4742/1/6 4745/1/6
f 4741/1/6 4745/1/6 4746/1/6
f 4746/1/6 4745/1/6 4747/1/6
f 4747/1/6 4748/1/6 4749/1/6
f 4749/1/6 4748/1/6 4750/1/6
f 4749/2/6 4750/2/6 4751/2/6
f 4751/2/6 4750/2/6 4752/2/6
f 4752/2/6 4753/2/6 4756/2/6
f 4756/2/6 4753/2/6 4757/2/6
f 4754/1/6 4755/1/6 4759/1/6
f 4759/1/6 4755/1/6 4760/1/6
f 4757/2/6 4758/2/6 4761/2/6
f 4761/2/6 4758/2/6 4762/2/6
f 4763/3/6 4764/3/6 4766/3/6
f 4766/3/6 4764/3/6 4767/3/6
f 4765/3/6 4766/3/6 4768/3/6
f 4768/3/6 4766/3/6 4769/3/6
f 4770/2/6 4771/2/6 4773/2/6
f 4773/2/6 4771/2/6 4774/2/6
f 4772/2/6 4773/2/6 4778/2/6
f 4778/2/6 4773/2/6 4779/2/6
f 4775/2/6 4776/2/6 4780/2/6
f 4780/2/6 4776/2/6 4781/2/6
f 4777/3/6 4778/3/6 4783/3/6
f 4783/3/6 4778/3/6 4784/3/6
f 4782/3/6 4783/3/6 4786/3/6
f 4786/3/6 4783/3/6 4787/3/6
f 4785/1/6 4786/1/6 4788/1/6
f 4785/1/6 4788/1/6 4792/1/6
f 4792/1/6 4788/1/6 4793/1/6
f 4789/3/6 4790/3/6 4794/3/6
f 4794/3/6 4790/3/6 4795/3/6
f 4795/3/6 4796/3/6 4797/3/6
f 4797/3/6 4796/3/6 4798/3/6
f 4791/2/6 4792/2/6 4799/2/6
f 4799/2/6 4792/2/6 4800/2/6
f 4799/3/6 4800/3/6 4801/3/6
f 4801/3/6 4800/3/6 4802/3/6
f 4803/3/6 4804/3/6 4806/3/6
f 4806/3/6 4804/3/6 4807/3/6
f 4805/3/6 4806/3/6 4808/3/6
f 4808/3/6 4806/3/6 4809/3/6
f 4810/2/6 4811/2/6 4813/2/6
f 4813/2/6 4811/2/6 4814/2/6
f 4812/2/6 4813/2/6 4819/2/6
f 4819/2/6 4813/2/6 4820/2/6
f 4815/3/6 4816/3/6 4821/3/6
f 4816/2/6 4817/2/6 4822/2/6
f 4821/3/6 4816/3/6 4822/3/6
f 4822/2/6 4817/2/6 4823/2/6
f 4818/3/6 4819/3/6 4826/3/6
f 4826/3/6 4819/3/6 4827/3/6
f 4823/2/6 4824/2/6 4828/2/6
f 4824/3/6 4825/3/6 4829/3/6
f 4828/2/6 4824/2/6 4829/2/6
f 4829/3/6 4825/3/6 4830/3/6
f 4831/1/6 4832/1/6 4835/1/6
f 4832/2/6 4833/2/6 4836/2/6
f 4835/1/6 4832/1/6 4836/1/6
f 4836/2/6 4833/2/6 4837/2/6
f 4834/1/6 4835/1/6 4838/1/6
f 4838/1/6 4835/1/6 4839/1/6
f 4840/1/6 4841/1/6 4842/1/6
f 4842/1/6 4841/1/6 4843/1/6
f 4844/3/6 4845/3/6 4846/3/6
f 4846/3/6 4845/3/6 4847/3/6
f 4848/2/6 4849/2/6 4852/2/6
f 4852/2/6 4849/2/6 4853/2/6
f 4850/3/6 4851/3/6 4855/3/6
f 4855/3/6 4851/3/6 4856/3/6
f 4853/2/6 4854/2/6 4857/2/6
f 4857/2/6 4854/2/6 4858/2/6
f 4858/3/6 4859/3/6 4860/3/6
f 4860/3/6 4859/3/6 4861/3/6
f 4861/3/6 4862/3/6 4863/3/6
f 4863/3/6 4862/3/6 4864/3/6
f 4865/2/6 4866/2/6 4869/2/6
f 4869/2/6 4866/2/6 4870/2/6
f 4867/3/6 4868/3/6 4871/3/6
f 4868/2/6 4869/2/6 4872/2/6
f 4871/3/6 4868/3/6 4872/3/6
f 4872/2/6 4869/2/6 4873/2/6
f 4874/2/6 4875/2/6 4876/2/6
f 4876/2/6 4875/2/6 4877/2/6
f 4878/3/6 4879/3/6 4883/3/6
f 4883/3/6 4879/3/6 4884/3/6
f 4880/1/6 4881/1/6 4885/1/6
f 4885/1/6 4881/1/6 4886/1/6
f 4886/3/6 4887/3/6 4888/3/6
f 4888/3/6 4887/3/6 4889/3/6
f 4882/3/6 4883/3/6 4891/3/6
f 4891/3/6 4883/3/6 4892/3/6
f 4890/2/6 4891/2/6 4893/2/6
f 4893/2/6 4891/2/6 4894/2/6
f 4895/3/6 4896/3/6 4897/3/6
f 4897/3/6 4896/3/6 4898/3/6
f 4898/3/6 4896/3/6 4899/3/6
f 4893/3/6 4894/3/6 4900/3/6
f 4900/3/6 4894/3/6 4901/3/6
f 4901/3/6 4902/3/6 4903/3/6
f 4903/3/6 4902/3/6 4904/3/6
f 4905/2/6 4906/2/6 4908/2/6
f 4908/2/6 4906/2/6 4909/2/6
f 4907/2/6 4908/2/6 4910/2/6
f 4910/2/6 4908/2/6 4911/2/6
f 4912/3/6 4913/3/6 4914/3/6
f 4914/3/6 4913/3/6 4915/3/6
f 4915/2/6 4916/2/6 4919/2/6
f 4916/2/6 4917/2/6 4919/2/6
f 4917/3/6 4918/3/6 4920/3/6
f 4919/2/6 4917/2/6 4920/2/6
f 4920/3/6 4918/3/6 4921/3/6
f 4922/2/6 4923/2/6 4928/2/6
f 4923/1/6 4924/1/6 4929/1/6
f 4928/2/6 4923/2/6 4929/2/6
f 4929/1/6 4924/1/6 4930/1/6
f 4925/2/6 4926/2/6 4933/2/6
f 4926/3/6 4927/3/6 4934/3/6
f 4933/2/6 4926/2/6 4934/2/6
f 4934/3/6 4927/3/6 4935/3/6
f 4930/1/6 4931/1/6 4936/1/6
f 4936/1/6 4931/1/6 4937/1/6
f 4932/2/6 4933/2/6 4939/2/6
f 4939/2/6 4933/2/6 4940/2/6
f 4938/2/6 4939/2/6 4941/2/6
f 4941/2/6 4939/2/6 4942/2/6
f 4943/2/6 4944/2/6 4945/2/6
f 4945/2/6 4944/2/6 4946/2/6
f 4946/2/6 4947/2/6 4948/2/6
f 4948/2/6 4947/2/6 4949/2/6
f 4950/3/6 4951/3/6 4953/3/6
f 4953/3/6 4951/3/6 4954/3/6
f 4952/3/6 4953/3/6 4957/3/6
f 4957/3/6 4953/3/6 4958/3/6
f 4955/3/6 4956/3/6 4959/3/6
f 4959/3/6 4956/3/6 4960/3/6
f 4960/2/6 4961/2/6 4962/2/6
f 4962/2/6 4961/2/6 4963/2/6
f 4963/2/6 4964/2/6 4965/2/6
f 4965/2/6 4964/2/6 4966/2/6
f 4966/2/6 4967/2/6 4970/2/6
f 4970/2/6 4967/2/6 4971/2/6
f 4968/3/6 4969/3/6 4974/3/6
f 4974/3/6 4969/3/6 4975/3/6
f 4971/3/6 4972/3/6 4976/3/6
f 4976/3/6 4972/3/6 4977/3/6
f 4973/3/6 4974/3/6 4979/3/6
f 4979/3/6 4974/3/6 4980/3/6
f 4980/3/6 4974/3/6 4981/3/6
f 4978/1/6 4979/1/6 4982/1/6
f 4979/1/6 4980/1/6 4982/1/6
f 4982/1/6 4980/1/6 4983/1/6
f 4983/1/6 4980/1/6 4984/1/6
f 4985/3/6 4986/3/6 4987/3/6
f 4987/3/6 4986/3/6 4988/3/6
f 4989/3/6 4990/3/6 4991/3/6
f 4991/3/6 4990/3/6 4992/3/6
f 4992/3/6 4993/3/6 4994/3/6
f 4994/3/6 4993/3/6 4995/3/6
f 4996/3/6 4997/3/6 4998/3/6
f 4998/3/6 4997/3/6 5001/3/6
f 5001/3/6 4997/3/6 5002/3/6
f 4999/3/6 5000/3/6 5003/3/6
f 5003/3/6 5000/3/6 5004/3/6
f 5003/2/6 5004/2/6 5005/2/6
f 5005/2/6 5004/2/6 5006/2/6
f 5006/2/6 5007/2/6 5008/2/6
f 5008/2/6 5007/2/6 5009/2/6
f 5010/1/6 5011/1/6 5013/1/6
f 5013/1/6 5011/1/6 5014/1/6
f 5012/1/6 5013/1/6 5015/1/6
f 5015/1/6 5013/1/6 5016/1/6
f 5017/2/6 5018/2/6 5020/2/6
f 5018/1/6 5019/1/6 5021/1/6
f 5020/2/6 5018/2/6 5021/2/6
f 5021/1/6 5019/1/6 5022/1/6
f 5023/2/6 5024/2/6 5025/2/6
f 5025/2/6 5024/2/6 5026/2/6
f 5027/3/6 5028/3/6 5032/3/6
f 5032/3/6 5028/3/6 5033/3/6
f 5029/2/6 5030/2/6 5034/2/6
f 5034/2/6 5030/2/6 5035/2/6
f 5031/3/6 5032/3/6 5038/3/6
f 5038/3/6 5032/3/6 5039/3/6
f 5035/2/6 5036/2/6 5040/2/6
f 5040/2/6 5036/2/6 5041/2/6
f 5041/2/6 5042/2/6 5043/2/6
f 5043/2/6 5042/2/6 5044/2/6
f 5037/2/6 5038/2/6 5046/2/6
f 5046/2/6 5038/2/6 5047/2/6
f 5045/2/6 5046/2/6 5048/2/6
f 5048/2/6 5046/2/6 5049/2/6
f 5048/3/6 5049/3/6 5050/3/6
f 5050/3/6 5049/3/6 5051/3/6
f 5052/3/6 5053/3/6 5054/3/6
f 5054/3/6 5053/3/6 5055/3/6
f 5056/3/6 5057/3/6 5059/3/6
f 5059/3/6 5057/3/6 5060/3/6
f 5058/3/6 5059/3/6 5064/3/6
f 5064/3/6 5059/3/6 5065/3/6
f 5061/2/6 5062/2/6 5066/2/6
f 5066/2/6 5062/2/6 5067/2/6
f 5063/3/6 5064/3/6 5069/3/6
f 5069/3/6 5064/3/6 5070/3/6
f 5067/2/6 5068/2/6 5071/2/6
f 5071/2/6 5068/2/6 5072/2/6
f 5073/3/6 5074/3/6 5077/3/6
f 5077/3/6 5074/3/6 5078/3/6
f 5075/2/6 5076/2/6 5081/2/6
f 5081/2/6 5076/2/6 5082/2/6
f 5078/2/6 5079/2/6 5083/2/6
f 5083/2/6 5079/2/6 5084/2/6
f 5080/3/6 5081/3/6 5085/3/6
f 5085/3/6 5081/3/6 5086/3/6
f 5087/2/6 5088/2/6 5089/2/6
f 5089/2/6 5088/2/6 5090/2/6
f 5090/1/6 5091/1/6 5092/1/6
f 5092/1/6 5091/1/6 5093/1/6
f 5093/1/6 5091/1/6 5094/1/6
f 5095/3/6 5096/3/6 5099/3/6
f 5099/3/6 5096/3/6 5100/3/6
f 5097/2/6 5098/2/6 5101/2/6
f 5101/2/6 5098/2/6 5102/2/6
f 5099/2/6 5100/2/6 5104/2/6
f 5104/2/6 5100/2/6 5105/2/6
f 5102/2/6 5103/2/6 5106/2/6
f 5106/2/6 5103/2/6 5107/2/6
f 5107/2/6 5108/2/6 5109/2/6
f 5109/2/6 5108/2/6 5110/2/6
f 5110/1/6 5111/1/6 5112/1/6
f 5112/1/6 5111/1/6 5113/1/6
f 5113/1/6 5114/1/6 5117/1/6
f 5117/1/6 5114/1/6 5118/1/6
f 5115/3/6 5116/3/6 5121/3/6
f 5121/3/6 5116/3/6 5122/3/6
f 5119/3/6 5120/3/6 5123/3/6
f 5120/3/6 5121/3/6 5123/3/6
f 5123/3/6 5121/3/6 5124/3/6
f 5125/2/6 5126/2/6 5128/2/6
f 5128/2/6 5126/2/6 5129/2/6
f 5127/3/6 5128/3/6 5132/3/6
f 5132/3/6 5128/3/6 5133/3/6
f 5130/3/6 5131/3/6 5134/3/6
f 5134/3/6 5131/3/6 5135/3/6
f 5136/1/6 5137/1/6 5140/1/6
f 5140/1/6 5137/1/6 5141/1/6
f 5140/3/6 5141/3/6 5142/3/6
f 5142/3/6 5141/3/6 5143/3/6
f 5138/3/6 5139/3/6 5144/3/6
f 5144/3/6 5139/3/6 5145/3/6
f 5144/1/6 5145/1/6 5146/1/6
f 5146/1/6 5145/1/6 5147/1/6
f 5147/1/6 5148/1/6 5149/1/6
f 5149/1/6 5148/1/6 5150/1/6
f 5151/3/6 5152/3/6 5154/3/6
f 5154/3/6 5152/3/6 5155/3/6
f 5153/3/6 5154/3/6 5156/3/6
f 5156/3/6 5154/3/6 5157/3/6
f 5158/1/6 5159/1/6 5160/1/6
f 5160/1/6 5159/1/6 5161/1/6
f 5162/1/6 5163/1/6 5165/1/6
f 5163/3/6 5164/3/6 5166/3/6
f 5165/1/6 5163/1/6 5166/1/6
f 5166/3/6 5164/3/6 5167/3/6
f 5168/3/6 5169/3/6 5170/3/6
f 5170/3/6 5169/3/6 5171/3/6
f 5171/2/6 5172/2/6 5173/2/6
f 5173/2/6 5172/2/6 5174/2/6
f 5175/2/6 5176/2/6 5178/2/6
f 5178/2/6 5176/2/6 5179/2/6
f 5177/2/6 5178/2/6 5180/2/6
f 5180/2/6 5178/2/6 5181/2/6
f 5180/3/6 5181/3/6 5182/3/6
f 5182/3/6 5181/3/6 5183/3/6
f 5184/3/6 5185/3/6 5186/3/6
f 5186/3/6 5185/3/6 5187/3/6
f 5186/2/6 5187/2/6 5189/2/6
f 5189/2/6 5187/2/6 5190/2/6
f 5188/2/6 5189/2/6 5191/2/6
f 5191/2/6 5189/2/6 5192/2/6
f 5193/3/6 5194/3/6 5197/3/6
f 5197/3/6 5194/3/6 5198/3/6
f 5195/2/6 5196/2/6 5202/2/6
f 5202/2/6 5196/2/6 5203/2/6
f 5199/3/6 5200/3/6 5204/3/6
f 5204/3/6 5200/3/6 5205/3/6
f 5201/2/6 5202/2/6 5208/2/6
f 5208/2/6 5202/2/6 5209/2/6
f 5205/3/6 5206/3/6 5210/3/6
f 5206/1/6 5207/1/6 5211/1/6
f 5210/3/6 5206/3/6 5211/3/6
f 5211/1/6 5207/1/6 5212/1/6
f 5213/3/6 5214/3/6 5215/3/6
f 5215/3/6 5214/3/6 5216/3/6
f 5216/2/6 5217/2/6 5218/2/6
f 5218/2/6 5217/2/6 5219/2/6
f 5220/2/6 5221/2/6 5223/2/6
f 5223/2/6 5221/2/6 5224/2/6
f 5222/2/6 5223/2/6 5228/2/6
f 5228/2/6 5223/2/6 5229/2/6
f 5225/3/6 5226/3/6 5230/3/6
f 5230/3/6 5226/3/6 5231/3/6
f 5227/3/6 5228/3/6 5233/3/6
f 5233/3/6 5228/3/6 5234/3/6
f 5231/2/6 5232/2/6 5235/2/6
f 5235/2/6 5232/2/6 5236/2/6
f 5236/2/6 5232/2/6 5237/2/6
f 5237/2/6 5238/2/6 5239/2/6
f 5239/2/6 5238/2/6 5240/2/6
f 5239/3/6 5240/3/6 5241/3/6
f 5241/3/6 5240/3/6 5242/3/6
f 5243/3/6 5244/3/6 5247/3/6
f 5247/3/6 5244/3/6 5248/3/6
f 5245/2/6 5246/2/6 5251/2/6
f 5251/2/6 5246/2/6 5252/2/6
f 5248/1/6 5249/1/6 5253/1/6
f 5253/1/6 5249/1/6 5254/1/6
f 5250/2/6 5251/2/6 5257/2/6
f 5257/2/6 5251/2/6 5258/2/6
f 5254/3/6 5255/3/6 5259/3/6
f 5259/3/6 5255/3/6 5260/3/6
f 5256/3/6 5257/3/6 5261/3/6
f 5261/3/6 5257/3/6 5262/3/6
f 5263/3/6 5264/3/6 5266/3/6
f 5266/3/6 5264/3/6 5267/3/6
f 5265/3/6 5266/3/6 5268/3/6
f 5268/3/6 5266/3/6 5269/3/6
f 5270/1/6 5271/1/6 5273/1/6
f 5273/1/6 5271/1/6 5274/1/6
f 5272/2/6 5273/2/6 5278/2/6
f 5278/2/6 5273/2/6 5279/2/6
f 5275/2/6 5276/2/6 5280/2/6
f 5280/2/6 5276/2/6 5281/2/6
f 5277/2/6 5278/2/6 5283/2/6
f 5283/2/6 5278/2/6 5284/2/6
f 5281/2/6 5282/2/6 5285/2/6
f 5285/2/6 5282/2/6 5286/2/6
f 5287/3/6 5288/3/6 5291/3/6
f 5291/3/6 5288/3/6 5292/3/6
f 5292/3/6 5288/3/6 5293/3/6
f 5289/3/6 5290/3/6 5294/3/6
f 5294/3/6 5290/3/6 5295/3/6
f 5295/3/6 5296/3/6 5297/3/6
f 5297/3/6 5296/3/6 5298/3/6
f 5299/2/6 5300/2/6 5304/2/6
f 5304/2/6 5300/2/6 5305/2/6
f 5301/2/6 5302/2/6 5306/2/6
f 5306/2/6 5302/2/6 5307/2/6
f 5303/2/6 5304/2/6 5310/2/6
f 5310/2/6 5304/2/6 5311/2/6
f 5307/2/6 5308/2/6 5312/2/6
f 5308/3/6 5309/3/6 5313/3/6
f 5312/2/6 5308/2/6 5313/2/6
f 5313/3/6 5309/3/6 5314/3/6
f 5315/3/6 5316/3/6 5317/3/6
f 5317/3/6 5316/3/6 5318/3/6
f 5319/1/6 5320/1/6 5321/1/6
f 5321/1/6 5320/1/6 5322/1/6
f 5322/1/6 5323/1/6 5324/1/6
f 5324/1/6 5323/1/6 5325/1/6
f 5325/3/6 5326/3/6 5329/3/6
f 5329/3/6 5326/3/6 5330/3/6
f 5327/3/6 5328/3/6 5332/3/6
f 5332/3/6 5328/3/6 5333/3/6
f 5331/1/6 5332/1/6 5334/1/6
f 5334/1/6 5332/1/6 5335/1/6
f 5334/3/6 5335/3/6 5336/3/6
f 5336/3/6 5335/3/6 5337/3/6
f 5338/3/6 5339/3/6 5340/3/6
f 5340/3/6 5339/3/6 5341/3/6
f 5340/2/6 5341/2/6 5343/2/6
f 5343/2/6 5341/2/6 5344/2/6
f 5342/3/6 5343/3/6 5345/3/6
f 5345/3/6 5343/3/6 5346/3/6
f 5347/2/6 5348/2/6 5349/2/6
f 5349/2/6 5348/2/6 5350/2/6
f 5350/3/6 5351/3/6 5352/3/6
f 5352/3/6 5351/3/6 5353/3/6
f 5353/3/6 5354/3/6 5357/3/6
f 5357/3/6 5354/3/6 5358/3/6
f 5355/2/6 5356/2/6 5360/2/6
f 5360/2/6 5356/2/6 5361/2/6
f 5359/1/6 5360/1/6 5362/1/6
f 5362/1/6 5360/1/6 5363/1/6
f 5364/3/6 5365/3/6 5370/3/6
f 5370/3/6 5365/3/6 5371/3/6
f 5366/3/6 5367/3/6 5372/3/6
f 5367/2/6 5368/2/6 5373/2/6
f 5372/3/6 5367/3/6 5373/3/6
f 5373/2/6 5368/2/6 5374/2/6
f 5369/3/6 5370/3/6 5377/3/6
f 5377/3/6 5370/3/6 5378/3/6
f 5374/2/6 5375/2/6 5379/2/6
f 5379/2/6 5375/2/6 5380/2/6
f 5376/1/6 5377/1/6 5382/1/6
f 5382/1/6 5377/1/6 5383/1/6
f 5381/1/6 5382/1/6 5385/1/6
f 5385/1/6 5382/1/6 5386/1/6
f 5384/1/6 5385/1/6 5388/1/6
f 5388/1/6 5385/1/6 5389/1/6
f 5387/3/6 5388/3/6 5390/3/6
f 5390/3/6 5388/3/6 5391/3/6
f 5392/3/6 5393/3/6 5394/3/6
f 5394/3/6 5393/3/6 5395/3/6
f 5395/3/6 5396/3/6 5397/3/6
f 5397/3/6 5396/3/6 5398/3/6
f 5398/3/6 5396/3/6 5399/3/6
f 5400/3/6 5401/3/6 5402/3/6
f 5402/3/6 5401/3/6 5403/3/6
f 5402/2/6 5403/2/6 5404/2/6
f 5404/2/6 5403/2/6 5405/2/6
f 5405/2/6 5406/2/6 5407/2/6
f 5407/2/6 5406/2/6 5408/2/6
f 5407/3/6 5408/3/6 5411/3/6
f 5411/3/6 5408/3/6 5412/3/6
f 5409/3/6 5410/3/6 5415/3/6
f 5415/3/6 5410/3/6 5416/3/6
f 5412/2/6 5413/2/6 5417/2/6
f 5417/2/6 5413/2/6 5418/2/6
f 5414/2/6 5415/2/6 5419/2/6
f 5419/2/6 5415/2/6 5420/2/6
f 5421/1/6 5422/1/6 5424/1/6
f 5422/2/6 5423/2/6 5425/2/6
f 5424/1/6 5422/1/6 5425/1/6
f 5425/2/6 5423/2/6 5426/2/6
f 5427/1/6 5428/1/6 5429/1/6
f 5429/1/6 5428/1/6 5430/1/6
f 5431/2/6 5432/2/6 5433/2/6
f 5433/2/6 5432/2/6 5434/2/6
f 5435/3/6 5436/3/6 5439/3/6
f 5437/2/6 5438/2/6 5440/2/6
f 5440/2/6 5438/2/6 5441/2/6
f 5435/3/6 5439/3/6 5442/3/6
f 5442/3/6 5439/3/6 5443/3/6
f 5440/3/6 5441/3/6 5444/3/6
f 5444/3/6 5441/3/6 5445/3/6
f 5446/3/6 5447/3/6 5449/3/6
f 5449/3/6 5447/3/6 5450/3/6
f 5448/3/6 5449/3/6 5452/3/6
f 5452/3/6 5449/3/6 5453/3/6
f 5451/3/6 5452/3/6 5457/3/6
f 5457/3/6 5452/3/6 5458/3/6
f 5454/1/6 5455/1/6 5459/1/6
f 5455/2/6 5456/2/6 5460/2/6
f 5459/1/6 5455/1/6 5460/1/6
f 5460/2/6 5456/2/6 5461/2/6
f 5462/3/6 5463/3/6 5464/3/6
f 5464/3/6 5463/3/6 5465/3/6
f 5466/1/6 5467/1/6 5470/1/6
f 5470/1/6 5467/1/6 5471/1/6
f 5468/3/6 5469/3/6 5474/3/6
f 5474/3/6 5469/3/6 5475/3/6
f 5471/1/6 5472/1/6 5476/1/6
f 5476/1/6 5472/1/6 5477/1/6
f 5473/2/6 5474/2/6 5480/2/6
f 5480/2/6 5474/2/6 5481/2/6
f 5477/3/6 5478/3/6 5482/3/6
f 5482/3/6 5478/3/6 5483/3/6
f 5479/2/6 5480/2/6 5484/2/6
f 5479/2/6 5484/2/6 5486/2/6
f 5486/2/6 5484/2/6 5487/2/6
f 5485/2/6 5486/2/6 5488/2/6
f 5488/2/6 5486/2/6 5489/2/6
f 5488/3/6 5489/3/6 5490/3/6
f 5490/3/6 5489/3/6 5491/3/6
f 5492/3/6 5493/3/6 5494/3/6
f 5494/3/6 5493/3/6 5496/3/6
f 5496/3/6 5493/3/6 5497/3/6
f 5495/3/6 5496/3/6 5498/3/6
f 5498/3/6 5496/3/6 5499/3/6
f 5500/2/6 5501/2/6 5504/2/6
f 5504/2/6 5501/2/6 5505/2/6
f 5502/2/6 5503/2/6 5508/2/6
f 5508/2/6 5503/2/6 5509/2/6
f 5505/2/6 5506/2/6 5510/2/6
f 5510/2/6 5506/2/6 5511/2/6
f 5507/2/6 5508/2/6 5512/2/6
f 5512/2/6 5508/2/6 5513/2/6
f 5514/3/6 5515/3/6 5519/3/6
f 5519/3/6 5515/3/6 5520/3/6
f 5516/1/6 5517/1/6 5521/1/6
f 5521/1/6 5517/1/6 5522/1/6
f 5518/2/6 5519/2/6 5525/2/6
f 5525/2/6 5519/2/6 5526/2/6
f 5522/1/6 5523/1/6 5527/1/6
f 5527/1/6 5523/1/6 5528/1/6
f 5524/3/6 5525/3/6 5529/3/6
f 5529/3/6 5525/3/6 5530/3/6
f 5531/3/6 5532/3/6 5533/3/6
f 5531/3/6 5533/3/6 5535/3/6
f 5533/3/6 5534/3/6 5535/3/6
f 5535/3/6 5534/3/6 5536/3/6
f 5536/3/6 5534/3/6 5537/3/6
f 5537/3/6 5534/3/6 5538/3/6
f 5539/2/6 5540/2/6 5542/2/6
f 5542/2/6 5540/2/6 5543/2/6
f 5541/2/6 5542/2/6 5545/2/6
f 5545/2/6 5542/2/6 5546/2/6
f 5544/2/6 5545/2/6 5547/2/6
f 5547/2/6 5545/2/6 5548/2/6
f 5549/2/6 5550/2/6 5551/2/6
f 5551/2/6 5550/2/6 5552/2/6
f 5553/3/6 5554/3/6 5555/3/6
f 5555/3/6 5554/3/6 5556/3/6
f 5557/3/6 5558/3/6 5560/3/6
f 5558/2/6 5559/2/6 5561/2/6
f 5560/3/6 5558/3/6 5561/3/6
f 5561/2/6 5559/2/6 5562/2/6
f 5563/1/6 5564/1/6 5565/1/6
f 5565/1/6 5564/1/6 5566/1/6
f 5566/3/6 5567/3/6 5568/3/6
f 5568/3/6 5567/3/6 5569/3/6
f 5569/3/6 5570/3/6 5571/3/6
f 5571/3/6 5570/3/6 5572/3/6
f 5573/2/6 5574/2/6 5575/2/6
f 5575/2/6 5574/2/6 5576/2/6
f 5576/2/6 5574/2/6 5577/2/6
f 5578/3/6 5579/3/6 5580/3/6
f 5580/3/6 5579/3/6 5581/3/6
f 5581/1/6 5582/1/6 5585/1/6
f 5585/1/6 5582/1/6 5586/1/6
f 5583/3/6 5584/3/6 5588/3/6
f 5588/3/6 5584/3/6 5589/3/6
f 5587/3/6 5588/3/6 5592/3/6
f 5592/3/6 5588/3/6 5593/3/6
f 5590/3/6 5591/3/6 5594/3/6
f 5594/3/6 5591/3/6 5595/3/6
f 5596/5/6 5597/5/6 5602/5/6
f 5597/4/6 5598/4/6 5603/4/6
f 5602/5/6 5597/5/6 5603/5/6
f 5599/4/6 5600/4/6 5604/4/6
f 5601/5/6 5602/5/6 5607/5/6
f 5602/4/6 5603/4/6 5608/4/6
f 5607/5/6 5602/5/6 5608/5/6
f 5604/4/6 5605/4/6 5609/4/6
f 5606/5/6 5607/5/6 5613/5/6
f 5607/4/6 5608/4/6 5614/4/6
f 5613/5/6 5607/5/6 5614/5/6
f 5610/3/6 5611/3/6 5615/3/6
f 5609/4/6 5610/4/6 5615/4/6
f 5615/3/6 5611/3/6 5616/3/6
f 5612/5/6 5613/5/6 5619/5/6
f 5613/4/6 5614/4/6 5620/4/6
f 5619/5/6 5613/5/6 5620/5/6
f 5616/1/6 5617/1/6 5621/1/6
f 5615/4/6 5616/4/6 5621/4/6
f 5621/1/6 5617/1/6 5622/1/6
f 5615/4/6 5621/4/6 5623/4/6
f 5621/5/6 5622/5/6 5623/5/6
f 5623/5/6 5622/5/6 5624/5/6
f 5623/4/6 5624/4/6 5625/4/6
f 5618/5/6 5619/5/6 5627/5/6
f 5619/4/6 5620/4/6 5628/4/6
f 5627/5/6 5619/5/6 5628/5/6
f 5627/4/6 5628/4/6 5629/4/6
f 5628/4/6 5620/4/6 5630/4/6
f 5629/4/6 5628/4/6 5630/4/6
f 5623/4/6 5625/4/6 5631/4/6
f 5615/4/6 5623/4/6 5631/4/6
f 5625/2/6 5626/2/6 5632/2/6
f 5631/4/6 5625/4/6 5632/4/6
f 5632/2/6 5626/2/6 5633/2/6
f 5629/3/6 5630/3/6 5634/3/6
f 5630/4/6 5620/4/6 5635/4/6
f 5634/3/6 5630/3/6 5635/3/6
f 5634/2/6 5635/2/6 5636/2/6
f 5635/4/6 5620/4/6 5637/4/6
f 5636/2/6 5635/2/6 5637/2/6
f 5620/4/6 5614/4/6 5638/4/6
f 5637/4/6 5620/4/6 5638/4/6
f 5604/4/6 5609/4/6 5639/4/6
f 5615/4/6 5631/4/6 5639/4/6
f 5609/4/6 5615/4/6 5639/4/6
f 5639/4/6 5631/4/6 5640/4/6
f 5631/3/6 5632/3/6 5641/3/6
f 5640/4/6 5631/4/6 5641/4/6
f 5641/3/6 5632/3/6 5642/3/6
f 5637/2/6 5638/2/6 5643/2/6
f 5638/4/6 5614/4/6 5644/4/6
f 5643/2/6 5638/2/6 5644/2/6
f 5614/4/6 5608/4/6 5645/4/6
f 5644/4/6 5614/4/6 5645/4/6
f 5599/4/6 5604/4/6 5646/4/6
f 5604/4/6 5639/4/6 5646/4/6
f 5639/5/6 5640/5/6 5647/5/6
f 5646/4/6 5639/4/6 5647/4/6
f 5647/5/6 5640/5/6 5648/5/6
f 5645/4/6 5608/4/6 5649/4/6
f 5608/4/6 5603/4/6 5650/4/6
f 5649/4/6 5608/4/6 5650/4/6
f 5599/4/6 5646/4/6 5651/4/6
f 5646/5/6 5647/5/6 5652/5/6
f 5651/4/6 5646/4/6 5652/4/6
f 5652/5/6 5647/5/6 5653/5/6
f 5650/4/6 5603/4/6 5654/4/6
f 5603/4/6 5598/4/6 5655/4/6
f 5654/4/6 5603/4/6 5655/4/6
f 5655/4/6 5598/4/6 5656/4/6
f 5599/4/6 5651/4/6 5657/4/6
f 5651/5/6 5652/5/6 5658/5/6
f 5657/4/6 5651/4/6 5658/4/6
f 5658/5/6 5652/5/6 5659/5/6
f 5655/2/6 5656/2/6 5660/2/6
f 5660/2/6 5656/2/6 5661/2/6
f 5657/2/6 5658/2/6 5662/2/6
f 5662/2/6 5658/2/6 5663/2/6
f 5664/6/6 5665/6/6 5667/6/6
f 5666/6/6 5667/6/6 5668/6/6
f 5667/6/6 5665/6/6 5669/6/6
f 5668/6/6 5667/6/6 5669/6/6
