# MagicaVoxel @ Ephtracy

# group
o 

# material
mtllib ImagesATK_300_Ghz.mtl
usemtl palette

# normals
vn -1 0 0
vn 1 0 0
vn 0 0 1
vn 0 0 -1
vn 0 -1 0
vn 0 1 0

# texcoords
vt 0.220703 0.5
vt 0.283203 0.5
vt 0.287109 0.5
vt 0.298828 0.5
vt 0.376953 0.5
vt 0.380859 0.5
vt 0.384766 0.5
vt 0.396484 0.5
vt 0.408203 0.5
vt 0.439453 0.5
vt 0.443359 0.5
vt 0.447266 0.5
vt 0.451172 0.5
vt 0.462891 0.5
vt 0.548828 0.5
vt 0.552734 0.5
vt 0.564453 0.5
vt 0.568359 0.5
vt 0.572266 0.5
vt 0.576172 0.5
vt 0.626953 0.5
vt 0.630859 0.5
vt 0.634766 0.5
vt 0.638672 0.5
vt 0.642578 0.5
vt 0.654297 0.5
vt 0.662109 0.5
vt 0.666016 0.5
vt 0.669922 0.5
vt 0.673828 0.5
vt 0.677734 0.5
vt 0.681641 0.5
vt 0.685547 0.5
vt 0.712891 0.5
vt 0.720703 0.5
vt 0.724609 0.5
vt 0.732422 0.5
vt 0.736328 0.5
vt 0.751953 0.5
vt 0.759766 0.5
vt 0.767578 0.5
vt 0.771484 0.5
vt 0.970703 0.5

# verts
v -5.1 0.2 1.3
v -5.1 0.2 -1
v -5.1 0.6 1
v -5.1 0.6 0.4
v -5.1 0.6 0.3
v -5.1 0.6 1.19209e-07
v -5.1 0.6 -0.0999999
v -5.1 0.6 -0.7
v -5.1 1.9 1.3
v -5.1 1.9 1.2
v -5.1 2 1.3
v -5.1 2 1.2
v -5.1 2.1 1.3
v -5.1 2.1 1.2
v -5.1 2.2 1.3
v -5.1 2.2 1.2
v -5.1 2.3 1.3
v -5.1 2.3 1.2
v -5.1 2.4 1.3
v -5.1 2.4 1.2
v -5.1 11.2 1
v -5.1 11.2 0.4
v -5.1 11.2 0.3
v -5.1 11.2 1.19209e-07
v -5.1 11.2 -0.0999999
v -5.1 11.2 -0.7
v -5.1 11.6 1.3
v -5.1 11.6 -1
v -5 1.9 1.3
v -5 1.9 1.2
v -5 2 1.3
v -5 2 1.2
v -5 2.1 1.3
v -5 2.1 1.2
v -5 2.2 1.3
v -5 2.2 1.2
v -5 2.3 1.3
v -5 2.3 1.2
v -5 2.4 1.3
v -5 2.4 1.2
v -0.5 2 -0.8
v -0.5 2 -0.9
v -0.5 2.2 -0.9
v -0.5 2.9 -0.8
v -0.5 2.9 -0.9
v -0.2 4.6 -0.8
v -0.2 4.6 -0.9
v -0.2 4.8 -0.8
v -0.2 4.8 -0.9
v 3.8 1.9 -0.8
v 3.8 1.9 -0.9
v 3.8 2.9 -0.8
v 3.8 2.9 -0.9
v 4.9 3.4 -0.8
v 4.9 3.4 -0.9
v 4.9 5 -0.9
v 4.9 5.1 -0.9
v 4.9 7 -0.9
v 4.9 7.1 -0.9
v 4.9 8.7 -0.8
v 4.9 8.7 -0.9
v -0.7 2 -0.8
v -0.7 2 -0.9
v -0.7 2.1 -0.9
v -0.7 2.9 -0.8
v -0.7 2.9 -0.9
v -0.3 4.6 -0.8
v -0.3 4.6 -0.9
v -0.3 4.8 -0.8
v -0.3 4.8 -0.9
v 3.5 1.9 -0.8
v 3.5 1.9 -0.9
v 3.5 2.9 -0.8
v 3.5 2.9 -0.9
v 4.4 3.4 -0.8
v 4.4 3.4 -0.9
v 4.4 4.3 -0.9
v 4.4 6.8 -0.9
v 4.4 7 -0.9
v 4.4 7.2 -0.9
v 4.4 7.5 -0.9
v 4.4 7.7 -0.9
v 4.4 8.7 -0.8
v 4.4 8.7 -0.9
v 5 0.2 1.3
v 5 0.2 -1
v 5 0.6 1
v 5 0.6 0.4
v 5 0.6 0.3
v 5 0.6 -0.0999999
v 5 0.6 -0.7
v 5 0.7 1.19209e-07
v 5 0.7 -0.0999999
v 5 11.2 1
v 5 11.2 0.4
v 5 11.2 0.3
v 5 11.2 1.19209e-07
v 5 11.2 -0.0999999
v 5 11.2 -0.7
v 5 11.6 1.3
v 5 11.6 -1
v -5.1 0.2 1.3
v -5.1 1.9 1.3
v -5.1 2 1.3
v -5.1 2.1 1.3
v -5.1 2.2 1.3
v -5.1 2.3 1.3
v -5.1 2.4 1.3
v -5.1 11.6 1.3
v -5 0.3 1.3
v -5 1.9 1.3
v -5 2 1.3
v -5 2.1 1.3
v -5 2.2 1.3
v -5 2.3 1.3
v -5 2.4 1.3
v -5 9.1 1.3
v -5 9.2 1.3
v -5 9.4 1.3
v -5 9.6 1.3
v -5 9.7 1.3
v -5 10.2 1.3
v -5 10.3 1.3
v -5 10.4 1.3
v -5 10.5 1.3
v -5 10.6 1.3
v -5 10.7 1.3
v -5 10.8 1.3
v -5 10.9 1.3
v -5 11.3 1.3
v -5 11.4 1.3
v -5 11.5 1.3
v -4.9 1.9 1.3
v -4.9 2 1.3
v -4.9 2.1 1.3
v -4.9 2.2 1.3
v -4.9 4.9 1.3
v -4.9 5.1 1.3
v -4.9 6 1.3
v -4.9 6.3 1.3
v -4.9 6.5 1.3
v -4.9 7 1.3
v -4.9 7.1 1.3
v -4.9 7.3 1.3
v -4.9 7.6 1.3
v -4.9 8.5 1.3
v -4.9 8.6 1.3
v -4.9 8.7 1.3
v -4.9 9.2 1.3
v -4.9 9.3 1.3
v -4.9 9.4 1.3
v -4.9 9.5 1.3
v -4.9 10.1 1.3
v -4.9 10.2 1.3
v -4.9 11.2 1.3
v -4.9 11.3 1.3
v -4.8 4.8 1.3
v -4.8 4.9 1.3
v -4.8 5.1 1.3
v -4.8 5.2 1.3
v -4.8 5.8 1.3
v -4.8 6 1.3
v -4.8 6.2 1.3
v -4.8 6.3 1.3
v -4.8 6.5 1.3
v -4.8 6.8 1.3
v -4.8 7 1.3
v -4.8 7.1 1.3
v -4.8 7.3 1.3
v -4.8 7.6 1.3
v -4.8 8.2 1.3
v -4.8 8.7 1.3
v -4.8 8.8 1.3
v -4.8 9.3 1.3
v -4.8 9.4 1.3
v -4.8 9.5 1.3
v -4.8 9.6 1.3
v -4.8 10 1.3
v -4.8 10.1 1.3
v -4.8 11.1 1.3
v -4.8 11.2 1.3
v -4.7 5.2 1.3
v -4.7 5.3 1.3
v -4.7 5.4 1.3
v -4.7 5.6 1.3
v -4.7 5.8 1.3
v -4.7 6.2 1.3
v -4.7 6.8 1.3
v -4.7 7.8 1.3
v -4.7 8.4 1.3
v -4.7 8.5 1.3
v -4.7 9.9 1.3
v -4.7 10 1.3
v -4.7 10.4 1.3
v -4.7 10.5 1.3
v -4.7 11.2 1.3
v -4.7 11.3 1.3
v -4.6 0.5 1.3
v -4.6 0.9 1.3
v -4.6 1.1 1.3
v -4.6 1.2 1.3
v -4.6 1.4 1.3
v -4.6 1.9 1.3
v -4.6 2.5 1.3
v -4.6 2.7 1.3
v -4.6 4.2 1.3
v -4.6 4.3 1.3
v -4.6 4.8 1.3
v -4.6 5.1 1.3
v -4.6 5.2 1.3
v -4.6 5.3 1.3
v -4.6 5.4 1.3
v -4.6 6 1.3
v -4.6 6.1 1.3
v -4.6 7.5 1.3
v -4.6 7.7 1.3
v -4.6 7.8 1.3
v -4.6 7.9 1.3
v -4.6 8.2 1.3
v -4.6 8.4 1.3
v -4.6 9.6 1.3
v -4.6 9.7 1.3
v -4.6 10.2 1.3
v -4.6 10.3 1.3
v -4.6 11.2 1.3
v -4.6 11.3 1.3
v -4.6 11.4 1.3
v -4.5 0.4 1.3
v -4.5 0.5 1.3
v -4.5 0.9 1.3
v -4.5 1 1.3
v -4.5 1.3 1.3
v -4.5 1.4 1.3
v -4.5 1.9 1.3
v -4.5 2.8 1.3
v -4.5 2.9 1.3
v -4.5 3.1 1.3
v -4.5 3.2 1.3
v -4.5 3.7 1.3
v -4.5 4.2 1.3
v -4.5 4.3 1.3
v -4.5 5 1.3
v -4.5 5.1 1.3
v -4.5 5.7 1.3
v -4.5 5.8 1.3
v -4.5 5.9 1.3
v -4.5 6 1.3
v -4.5 6.1 1.3
v -4.5 7.5 1.3
v -4.5 7.6 1.3
v -4.5 7.7 1.3
v -4.5 7.8 1.3
v -4.5 7.9 1.3
v -4.5 8 1.3
v -4.5 8.6 1.3
v -4.5 8.7 1.3
v -4.5 8.8 1.3
v -4.5 8.9 1.3
v -4.5 9.5 1.3
v -4.5 9.6 1.3
v -4.5 9.8 1.3
v -4.5 9.9 1.3
v -4.5 10 1.3
v -4.5 10.1 1.3
v -4.5 10.2 1.3
v -4.5 11 1.3
v -4.5 11.1 1.3
v -4.5 11.4 1.3
v -4.5 11.5 1.3
v -4.4 2.7 1.3
v -4.4 2.8 1.3
v -4.4 2.9 1.3
v -4.4 3.1 1.3
v -4.4 3.2 1.3
v -4.4 3.3 1.3
v -4.4 3.4 1.3
v -4.4 3.7 1.3
v -4.4 4.2 1.3
v -4.4 4.3 1.3
v -4.4 5.3 1.3
v -4.4 5.4 1.3
v -4.4 5.5 1.3
v -4.4 5.6 1.3
v -4.4 5.7 1.3
v -4.4 5.8 1.3
v -4.4 5.9 1.3
v -4.4 6 1.3
v -4.4 7.6 1.3
v -4.4 7.7 1.3
v -4.4 7.8 1.3
v -4.4 7.9 1.3
v -4.4 8 1.3
v -4.4 8.1 1.3
v -4.4 9.1 1.3
v -4.4 9.2 1.3
v -4.4 9.3 1.3
v -4.4 9.4 1.3
v -4.4 10.2 1.3
v -4.4 10.3 1.3
v -4.4 10.6 1.3
v -4.4 10.7 1.3
v -4.3 0.4 1.3
v -4.3 0.5 1.3
v -4.3 0.6 1.3
v -4.3 0.8 1.3
v -4.3 0.9 1.3
v -4.3 1 1.3
v -4.3 2.2 1.3
v -4.3 2.3 1.3
v -4.3 2.4 1.3
v -4.3 2.5 1.3
v -4.3 2.7 1.3
v -4.3 3 1.3
v -4.3 3.2 1.3
v -4.3 3.3 1.3
v -4.3 3.4 1.3
v -4.3 4.1 1.3
v -4.3 4.3 1.3
v -4.3 4.4 1.3
v -4.3 5.2 1.3
v -4.3 5.4 1.3
v -4.3 5.5 1.3
v -4.3 5.6 1.3
v -4.3 5.8 1.3
v -4.3 7.9 1.3
v -4.3 8 1.3
v -4.3 8.1 1.3
v -4.3 8.2 1.3
v -4.3 9.6 1.3
v -4.3 9.8 1.3
v -4.3 10 1.3
v -4.3 10.2 1.3
v -4.3 10.3 1.3
v -4.3 10.4 1.3
v -4.3 10.8 1.3
v -4.3 10.9 1.3
v -4.3 11 1.3
v -4.3 11.3 1.3
v -4.3 11.4 1.3
v -4.2 0.5 1.3
v -4.2 0.6 1.3
v -4.2 0.8 1.3
v -4.2 0.9 1.3
v -4.2 1.3 1.3
v -4.2 1.4 1.3
v -4.2 1.9 1.3
v -4.2 3.1 1.3
v -4.2 3.2 1.3
v -4.2 3.3 1.3
v -4.2 3.4 1.3
v -4.2 4.1 1.3
v -4.2 4.4 1.3
v -4.2 4.5 1.3
v -4.2 4.9 1.3
v -4.2 5 1.3
v -4.2 5.1 1.3
v -4.2 5.2 1.3
v -4.2 5.3 1.3
v -4.2 5.5 1.3
v -4.2 5.6 1.3
v -4.2 5.7 1.3
v -4.2 5.8 1.3
v -4.2 5.9 1.3
v -4.2 7.7 1.3
v -4.2 7.8 1.3
v -4.2 8 1.3
v -4.2 8.1 1.3
v -4.2 8.2 1.3
v -4.2 8.3 1.3
v -4.2 8.9 1.3
v -4.2 9.1 1.3
v -4.2 9.3 1.3
v -4.2 9.4 1.3
v -4.2 10 1.3
v -4.2 10.4 1.3
v -4.2 10.5 1.3
v -4.2 11.3 1.3
v -4.2 11.4 1.3
v -4.1 0.5 1.3
v -4.1 0.9 1.3
v -4.1 1.4 1.3
v -4.1 1.9 1.3
v -4.1 3.2 1.3
v -4.1 3.3 1.3
v -4.1 3.4 1.3
v -4.1 3.5 1.3
v -4.1 4 1.3
v -4.1 4.1 1.3
v -4.1 4.3 1.3
v -4.1 4.4 1.3
v -4.1 4.5 1.3
v -4.1 4.7 1.3
v -4.1 5.2 1.3
v -4.1 5.3 1.3
v -4.1 5.4 1.3
v -4.1 5.5 1.3
v -4.1 5.6 1.3
v -4.1 5.7 1.3
v -4.1 5.8 1.3
v -4.1 7.8 1.3
v -4.1 7.9 1.3
v -4.1 8.1 1.3
v -4.1 8.2 1.3
v -4.1 8.3 1.3
v -4.1 8.4 1.3
v -4.1 9.2 1.3
v -4.1 9.5 1.3
v -4.1 10 1.3
v -4.1 10.1 1.3
v -4.1 10.3 1.3
v -4.1 10.6 1.3
v -4.1 10.7 1.3
v -4.1 10.8 1.3
v -4 0.4 1.3
v -4 0.5 1.3
v -4 0.9 1.3
v -4 1 1.3
v -4 1.3 1.3
v -4 1.9 1.3
v -4 2.2 1.3
v -4 2.4 1.3
v -4 2.5 1.3
v -4 2.7 1.3
v -4 3 1.3
v -4 3.3 1.3
v -4 3.4 1.3
v -4 3.5 1.3
v -4 4 1.3
v -4 4.1 1.3
v -4 4.2 1.3
v -4 4.3 1.3
v -4 4.6 1.3
v -4 4.7 1.3
v -4 4.8 1.3
v -4 5 1.3
v -4 5.1 1.3
v -4 5.5 1.3
v -4 5.6 1.3
v -4 5.7 1.3
v -4 7.9 1.3
v -4 8.1 1.3
v -4 8.2 1.3
v -4 8.3 1.3
v -4 8.4 1.3
v -4 8.5 1.3
v -4 9.3 1.3
v -4 9.5 1.3
v -4 9.6 1.3
v -4 9.9 1.3
v -4 10.1 1.3
v -4 10.2 1.3
v -4 10.3 1.3
v -4 10.4 1.3
v -4 10.6 1.3
v -4 10.7 1.3
v -4 10.8 1.3
v -4 10.9 1.3
v -3.9 1.3 1.3
v -3.9 1.4 1.3
v -3.9 1.5 1.3
v -3.9 1.8 1.3
v -3.9 2.3 1.3
v -3.9 2.4 1.3
v -3.9 3 1.3
v -3.9 3.1 1.3
v -3.9 3.2 1.3
v -3.9 3.5 1.3
v -3.9 4.1 1.3
v -3.9 4.2 1.3
v -3.9 4.3 1.3
v -3.9 4.4 1.3
v -3.9 4.6 1.3
v -3.9 4.7 1.3
v -3.9 4.8 1.3
v -3.9 4.9 1.3
v -3.9 5 1.3
v -3.9 5.1 1.3
v -3.9 5.2 1.3
v -3.9 5.3 1.3
v -3.9 5.4 1.3
v -3.9 5.5 1.3
v -3.9 5.6 1.3
v -3.9 8.1 1.3
v -3.9 8.2 1.3
v -3.9 8.3 1.3
v -3.9 8.5 1.3
v -3.9 8.7 1.3
v -3.9 9 1.3
v -3.9 9.1 1.3
v -3.9 9.2 1.3
v -3.9 9.3 1.3
v -3.9 9.5 1.3
v -3.9 9.8 1.3
v -3.9 9.9 1.3
v -3.9 10 1.3
v -3.9 10.2 1.3
v -3.9 10.4 1.3
v -3.9 10.5 1.3
v -3.9 10.8 1.3
v -3.9 10.9 1.3
v -3.8 0.4 1.3
v -3.8 0.5 1.3
v -3.8 0.9 1.3
v -3.8 1 1.3
v -3.8 3.2 1.3
v -3.8 3.3 1.3
v -3.8 3.4 1.3
v -3.8 3.5 1.3
v -3.8 3.6 1.3
v -3.8 4.1 1.3
v -3.8 4.2 1.3
v -3.8 4.3 1.3
v -3.8 4.4 1.3
v -3.8 4.5 1.3
v -3.8 4.7 1.3
v -3.8 4.9 1.3
v -3.8 5.2 1.3
v -3.8 5.3 1.3
v -3.8 5.4 1.3
v -3.8 5.5 1.3
v -3.8 8.2 1.3
v -3.8 8.3 1.3
v -3.8 8.5 1.3
v -3.8 8.6 1.3
v -3.8 8.7 1.3
v -3.8 9 1.3
v -3.8 9.1 1.3
v -3.8 9.2 1.3
v -3.8 9.7 1.3
v -3.8 9.8 1.3
v -3.8 9.9 1.3
v -3.8 10 1.3
v -3.8 10.1 1.3
v -3.7 0.5 1.3
v -3.7 0.9 1.3
v -3.7 1.4 1.3
v -3.7 1.5 1.3
v -3.7 1.8 1.3
v -3.7 1.9 1.3
v -3.7 2.5 1.3
v -3.7 2.7 1.3
v -3.7 3.1 1.3
v -3.7 3.2 1.3
v -3.7 3.3 1.3
v -3.7 3.4 1.3
v -3.7 3.5 1.3
v -3.7 3.6 1.3
v -3.7 3.7 1.3
v -3.7 3.9 1.3
v -3.7 4.2 1.3
v -3.7 4.5 1.3
v -3.7 4.6 1.3
v -3.7 4.7 1.3
v -3.7 4.9 1.3
v -3.7 5.3 1.3
v -3.7 5.4 1.3
v -3.7 5.5 1.3
v -3.7 8.3 1.3
v -3.7 8.5 1.3
v -3.7 8.6 1.3
v -3.7 8.8 1.3
v -3.7 8.9 1.3
v -3.7 9.1 1.3
v -3.7 9.2 1.3
v -3.7 9.6 1.3
v -3.7 9.7 1.3
v -3.7 9.9 1.3
v -3.7 10 1.3
v -3.7 10.1 1.3
v -3.7 10.2 1.3
v -3.6 0.4 1.3
v -3.6 1 1.3
v -3.6 1.5 1.3
v -3.6 1.8 1.3
v -3.6 2.1 1.3
v -3.6 2.2 1.3
v -3.6 2.3 1.3
v -3.6 3 1.3
v -3.6 3.2 1.3
v -3.6 3.3 1.3
v -3.6 3.4 1.3
v -3.6 3.5 1.3
v -3.6 3.6 1.3
v -3.6 3.7 1.3
v -3.6 3.9 1.3
v -3.6 4.5 1.3
v -3.6 4.6 1.3
v -3.6 4.7 1.3
v -3.6 4.8 1.3
v -3.6 4.9 1.3
v -3.6 5.1 1.3
v -3.6 5.2 1.3
v -3.6 5.3 1.3
v -3.6 5.4 1.3
v -3.6 8.5 1.3
v -3.6 8.8 1.3
v -3.6 8.9 1.3
v -3.6 9 1.3
v -3.6 9.2 1.3
v -3.6 9.6 1.3
v -3.6 9.8 1.3
v -3.6 9.9 1.3
v -3.6 10 1.3
v -3.6 10.1 1.3
v -3.6 10.2 1.3
v -3.6 10.3 1.3
v -3.6 10.5 1.3
v -3.6 10.6 1.3
v -3.6 10.9 1.3
v -3.6 11 1.3
v -3.6 11.3 1.3
v -3.6 11.4 1.3
v -3.5 0.4 1.3
v -3.5 0.8 1.3
v -3.5 0.9 1.3
v -3.5 1 1.3
v -3.5 1.4 1.3
v -3.5 1.8 1.3
v -3.5 2.2 1.3
v -3.5 2.5 1.3
v -3.5 2.6 1.3
v -3.5 3 1.3
v -3.5 3.1 1.3
v -3.5 3.3 1.3
v -3.5 3.5 1.3
v -3.5 3.8 1.3
v -3.5 3.9 1.3
v -3.5 4.1 1.3
v -3.5 4.3 1.3
v -3.5 4.5 1.3
v -3.5 4.8 1.3
v -3.5 5 1.3
v -3.5 5.1 1.3
v -3.5 5.2 1.3
v -3.5 5.3 1.3
v -3.5 6.9 1.3
v -3.5 7.1 1.3
v -3.5 8.8 1.3
v -3.5 8.9 1.3
v -3.5 9 1.3
v -3.5 9.1 1.3
v -3.5 9.6 1.3
v -3.5 9.8 1.3
v -3.5 9.9 1.3
v -3.5 10 1.3
v -3.5 10.1 1.3
v -3.5 10.2 1.3
v -3.5 10.3 1.3
v -3.5 10.4 1.3
v -3.5 10.6 1.3
v -3.5 10.7 1.3
v -3.5 10.8 1.3
v -3.5 10.9 1.3
v -3.5 11 1.3
v -3.5 11.3 1.3
v -3.4 0.7 1.3
v -3.4 0.8 1.3
v -3.4 0.9 1.3
v -3.4 1.3 1.3
v -3.4 1.4 1.3
v -3.4 1.8 1.3
v -3.4 1.9 1.3
v -3.4 3.2 1.3
v -3.4 3.4 1.3
v -3.4 3.5 1.3
v -3.4 3.6 1.3
v -3.4 3.7 1.3
v -3.4 3.8 1.3
v -3.4 4.1 1.3
v -3.4 4.2 1.3
v -3.4 4.3 1.3
v -3.4 4.4 1.3
v -3.4 4.5 1.3
v -3.4 4.6 1.3
v -3.4 4.9 1.3
v -3.4 5.6 1.3
v -3.4 6.9 1.3
v -3.4 7.1 1.3
v -3.4 8.8 1.3
v -3.4 8.9 1.3
v -3.4 9 1.3
v -3.4 9.2 1.3
v -3.4 9.4 1.3
v -3.4 9.8 1.3
v -3.4 9.9 1.3
v -3.4 10 1.3
v -3.4 10.1 1.3
v -3.4 10.2 1.3
v -3.4 10.3 1.3
v -3.4 10.4 1.3
v -3.4 10.5 1.3
v -3.4 10.8 1.3
v -3.4 10.9 1.3
v -3.3 0.7 1.3
v -3.3 0.8 1.3
v -3.3 0.9 1.3
v -3.3 3.2 1.3
v -3.3 3.3 1.3
v -3.3 3.4 1.3
v -3.3 3.5 1.3
v -3.3 3.6 1.3
v -3.3 3.7 1.3
v -3.3 3.8 1.3
v -3.3 4.2 1.3
v -3.3 4.3 1.3
v -3.3 4.4 1.3
v -3.3 4.5 1.3
v -3.3 4.6 1.3
v -3.3 4.7 1.3
v -3.3 4.9 1.3
v -3.3 5.5 1.3
v -3.3 5.6 1.3
v -3.3 8.8 1.3
v -3.3 8.9 1.3
v -3.3 9.1 1.3
v -3.3 9.3 1.3
v -3.3 9.4 1.3
v -3.3 9.5 1.3
v -3.3 9.9 1.3
v -3.3 10 1.3
v -3.3 10.2 1.3
v -3.3 10.3 1.3
v -3.3 10.4 1.3
v -3.3 10.5 1.3
v -3.3 11.1 1.3
v -3.2 0.4 1.3
v -3.2 0.8 1.3
v -3.2 0.9 1.3
v -3.2 1 1.3
v -3.2 1.5 1.3
v -3.2 1.6 1.3
v -3.2 1.9 1.3
v -3.2 2 1.3
v -3.2 2.2 1.3
v -3.2 2.5 1.3
v -3.2 2.6 1.3
v -3.2 3 1.3
v -3.2 3.1 1.3
v -3.2 3.3 1.3
v -3.2 3.5 1.3
v -3.2 3.7 1.3
v -3.2 3.8 1.3
v -3.2 3.9 1.3
v -3.2 4.1 1.3
v -3.2 4.3 1.3
v -3.2 4.4 1.3
v -3.2 4.5 1.3
v -3.2 4.6 1.3
v -3.2 4.7 1.3
v -3.2 4.8 1.3
v -3.2 4.9 1.3
v -3.2 5.4 1.3
v -3.2 5.5 1.3
v -3.2 9.3 1.3
v -3.2 9.4 1.3
v -3.2 9.5 1.3
v -3.2 9.6 1.3
v -3.2 10 1.3
v -3.2 10.1 1.3
v -3.2 10.2 1.3
v -3.2 10.3 1.3
v -3.2 10.4 1.3
v -3.2 10.9 1.3
v -3.2 11 1.3
v -3.2 11.1 1.3
v -3.2 11.4 1.3
v -3.1 0.4 1.3
v -3.1 1 1.3
v -3.1 2.2 1.3
v -3.1 2.3 1.3
v -3.1 3 1.3
v -3.1 3.7 1.3
v -3.1 3.8 1.3
v -3.1 3.9 1.3
v -3.1 4 1.3
v -3.1 4.2 1.3
v -3.1 4.3 1.3
v -3.1 4.5 1.3
v -3.1 4.6 1.3
v -3.1 4.9 1.3
v -3.1 5 1.3
v -3.1 9 1.3
v -3.1 9.1 1.3
v -3.1 9.2 1.3
v -3.1 9.3 1.3
v -3.1 9.4 1.3
v -3.1 9.5 1.3
v -3.1 9.7 1.3
v -3.1 10.1 1.3
v -3.1 10.3 1.3
v -3.1 10.6 1.3
v -3.1 10.8 1.3
v -3.1 10.9 1.3
v -3.1 11 1.3
v -3.1 11.4 1.3
v -3.1 11.5 1.3
v -3 0.4 1.3
v -3 1 1.3
v -3 1.3 1.3
v -3 1.4 1.3
v -3 1.5 1.3
v -3 1.7 1.3
v -3 1.8 1.3
v -3 1.9 1.3
v -3 3 1.3
v -3 3.1 1.3
v -3 3.8 1.3
v -3 3.9 1.3
v -3 4 1.3
v -3 4.1 1.3
v -3 4.2 1.3
v -3 4.3 1.3
v -3 4.4 1.3
v -3 4.7 1.3
v -3 4.8 1.3
v -3 5.5 1.3
v -3 8.7 1.3
v -3 9.2 1.3
v -3 9.3 1.3
v -3 9.4 1.3
v -3 9.6 1.3
v -3 9.7 1.3
v -3 9.8 1.3
v -3 10.2 1.3
v -3 10.6 1.3
v -3 10.8 1.3
v -3 10.9 1.3
v -3 11 1.3
v -3 11.3 1.3
v -3 11.4 1.3
v -3 11.5 1.3
v -2.9 0.4 1.3
v -2.9 0.6 1.3
v -2.9 0.7 1.3
v -2.9 0.9 1.3
v -2.9 1.4 1.3
v -2.9 1.6 1.3
v -2.9 1.7 1.3
v -2.9 1.8 1.3
v -2.9 3.1 1.3
v -2.9 3.3 1.3
v -2.9 3.5 1.3
v -2.9 3.6 1.3
v -2.9 3.7 1.3
v -2.9 3.8 1.3
v -2.9 3.9 1.3
v -2.9 4 1.3
v -2.9 4.4 1.3
v -2.9 4.5 1.3
v -2.9 4.8 1.3
v -2.9 4.9 1.3
v -2.9 5.4 1.3
v -2.9 5.5 1.3
v -2.9 8.7 1.3
v -2.9 8.9 1.3
v -2.9 9 1.3
v -2.9 9.2 1.3
v -2.9 9.4 1.3
v -2.9 9.5 1.3
v -2.9 9.7 1.3
v -2.9 10.4 1.3
v -2.9 10.5 1.3
v -2.9 10.6 1.3
v -2.9 10.8 1.3
v -2.8 1.3 1.3
v -2.8 1.8 1.3
v -2.8 1.9 1.3
v -2.8 2.2 1.3
v -2.8 2.3 1.3
v -2.8 3 1.3
v -2.8 3.7 1.3
v -2.8 3.8 1.3
v -2.8 3.9 1.3
v -2.8 4 1.3
v -2.8 4.1 1.3
v -2.8 4.2 1.3
v -2.8 4.3 1.3
v -2.8 5.3 1.3
v -2.8 5.4 1.3
v -2.8 9 1.3
v -2.8 9.1 1.3
v -2.8 9.5 1.3
v -2.8 9.6 1.3
v -2.8 9.9 1.3
v -2.8 10.2 1.3
v -2.8 10.3 1.3
v -2.8 10.4 1.3
v -2.8 10.7 1.3
v -2.8 10.9 1.3
v -2.8 11.2 1.3
v -2.8 11.3 1.3
v -2.7 0.6 1.3
v -2.7 0.7 1.3
v -2.7 0.9 1.3
v -2.7 1 1.3
v -2.7 1.3 1.3
v -2.7 1.5 1.3
v -2.7 1.6 1.3
v -2.7 1.8 1.3
v -2.7 2.2 1.3
v -2.7 2.3 1.3
v -2.7 2.4 1.3
v -2.7 3 1.3
v -2.7 3.3 1.3
v -2.7 3.4 1.3
v -2.7 3.6 1.3
v -2.7 3.8 1.3
v -2.7 3.9 1.3
v -2.7 4 1.3
v -2.7 4.1 1.3
v -2.7 4.2 1.3
v -2.7 4.3 1.3
v -2.7 4.4 1.3
v -2.7 4.5 1.3
v -2.7 4.8 1.3
v -2.7 5.1 1.3
v -2.7 5.2 1.3
v -2.7 9.8 1.3
v -2.7 9.9 1.3
v -2.7 10 1.3
v -2.7 10.1 1.3
v -2.7 10.2 1.3
v -2.7 10.3 1.3
v -2.7 10.4 1.3
v -2.7 10.5 1.3
v -2.6 0.7 1.3
v -2.6 0.9 1.3
v -2.6 2.4 1.3
v -2.6 2.5 1.3
v -2.6 3.2 1.3
v -2.6 3.3 1.3
v -2.6 3.4 1.3
v -2.6 3.5 1.3
v -2.6 3.9 1.3
v -2.6 4 1.3
v -2.6 4.1 1.3
v -2.6 4.3 1.3
v -2.6 4.4 1.3
v -2.6 4.8 1.3
v -2.6 5 1.3
v -2.6 5.1 1.3
v -2.6 5.2 1.3
v -2.6 5.7 1.3
v -2.6 8.5 1.3
v -2.6 9.5 1.3
v -2.6 9.6 1.3
v -2.6 9.7 1.3
v -2.6 9.9 1.3
v -2.6 10 1.3
v -2.6 10.2 1.3
v -2.6 10.3 1.3
v -2.6 10.4 1.3
v -2.6 11.1 1.3
v -2.6 11.2 1.3
v -2.6 11.4 1.3
v -2.6 11.5 1.3
v -2.5 0.5 1.3
v -2.5 1 1.3
v -2.5 1.4 1.3
v -2.5 1.5 1.3
v -2.5 2.2 1.3
v -2.5 2.3 1.3
v -2.5 3 1.3
v -2.5 3.1 1.3
v -2.5 3.2 1.3
v -2.5 3.8 1.3
v -2.5 3.9 1.3
v -2.5 4 1.3
v -2.5 4.1 1.3
v -2.5 4.3 1.3
v -2.5 4.4 1.3
v -2.5 4.5 1.3
v -2.5 4.6 1.3
v -2.5 5.6 1.3
v -2.5 5.7 1.3
v -2.5 8.5 1.3
v -2.5 9.8 1.3
v -2.5 9.9 1.3
v -2.5 10 1.3
v -2.5 11 1.3
v -2.5 11.1 1.3
v -2.4 0.4 1.3
v -2.4 0.5 1.3
v -2.4 1 1.3
v -2.4 1.3 1.3
v -2.4 1.4 1.3
v -2.4 1.5 1.3
v -2.4 1.6 1.3
v -2.4 1.8 1.3
v -2.4 1.9 1.3
v -2.4 2.2 1.3
v -2.4 2.5 1.3
v -2.4 3.1 1.3
v -2.4 3.9 1.3
v -2.4 4 1.3
v -2.4 4.4 1.3
v -2.4 4.5 1.3
v -2.4 4.6 1.3
v -2.4 4.7 1.3
v -2.4 5.5 1.3
v -2.4 5.6 1.3
v -2.4 5.7 1.3
v -2.4 5.8 1.3
v -2.4 8.4 1.3
v -2.4 9.4 1.3
v -2.4 9.5 1.3
v -2.4 9.9 1.3
v -2.4 10.1 1.3
v -2.4 10.6 1.3
v -2.4 10.7 1.3
v -2.3 1.3 1.3
v -2.3 1.5 1.3
v -2.3 1.6 1.3
v -2.3 1.8 1.3
v -2.3 2.2 1.3
v -2.3 2.3 1.3
v -2.3 2.4 1.3
v -2.3 2.6 1.3
v -2.3 2.8 1.3
v -2.3 3.1 1.3
v -2.3 3.8 1.3
v -2.3 3.9 1.3
v -2.3 4.2 1.3
v -2.3 4.3 1.3
v -2.3 4.4 1.3
v -2.3 4.5 1.3
v -2.3 4.6 1.3
v -2.3 5.8 1.3
v -2.3 8.4 1.3
v -2.3 8.5 1.3
v -2.3 8.6 1.3
v -2.3 9.3 1.3
v -2.3 9.4 1.3
v -2.3 9.5 1.3
v -2.3 9.6 1.3
v -2.3 10.2 1.3
v -2.3 10.3 1.3
v -2.3 10.5 1.3
v -2.3 10.6 1.3
v -2.3 10.9 1.3
v -2.3 11 1.3
v -2.3 11.3 1.3
v -2.3 11.4 1.3
v -2.3 11.5 1.3
v -2.2 0.4 1.3
v -2.2 0.5 1.3
v -2.2 1 1.3
v -2.2 2.5 1.3
v -2.2 2.6 1.3
v -2.2 2.8 1.3
v -2.2 2.9 1.3
v -2.2 3.3 1.3
v -2.2 3.4 1.3
v -2.2 3.5 1.3
v -2.2 3.6 1.3
v -2.2 3.9 1.3
v -2.2 4 1.3
v -2.2 4.1 1.3
v -2.2 4.3 1.3
v -2.2 4.5 1.3
v -2.2 4.6 1.3
v -2.2 4.7 1.3
v -2.2 5.7 1.3
v -2.2 5.8 1.3
v -2.2 6 1.3
v -2.2 6.8 1.3
v -2.2 7.5 1.3
v -2.2 8.1 1.3
v -2.2 8.4 1.3
v -2.2 8.5 1.3
v -2.2 9.2 1.3
v -2.2 9.3 1.3
v -2.2 9.4 1.3
v -2.2 9.5 1.3
v -2.2 9.8 1.3
v -2.2 9.9 1.3
v -2.2 10 1.3
v -2.2 10.1 1.3
v -2.2 10.2 1.3
v -2.2 10.5 1.3
v -2.2 10.6 1.3
v -2.2 10.9 1.3
v -2.2 11 1.3
v -2.2 11.3 1.3
v -2.2 11.4 1.3
v -2.2 11.5 1.3
v -2.1 0.5 1.3
v -2.1 1 1.3
v -2.1 1.3 1.3
v -2.1 1.8 1.3
v -2.1 2.4 1.3
v -2.1 2.5 1.3
v -2.1 2.6 1.3
v -2.1 2.8 1.3
v -2.1 2.9 1.3
v -2.1 3 1.3
v -2.1 4.6 1.3
v -2.1 4.7 1.3
v -2.1 5.9 1.3
v -2.1 6 1.3
v -2.1 6.3 1.3
v -2.1 6.6 1.3
v -2.1 6.8 1.3
v -2.1 7.5 1.3
v -2.1 8.1 1.3
v -2.1 8.2 1.3
v -2.1 9.2 1.3
v -2.1 9.4 1.3
v -2.1 9.9 1.3
v -2.1 10 1.3
v -2.1 10.3 1.3
v -2.1 11.5 1.3
v -2 0.9 1.3
v -2 1 1.3
v -2 1.3 1.3
v -2 1.5 1.3
v -2 1.6 1.3
v -2 1.8 1.3
v -2 1.9 1.3
v -2 2.2 1.3
v -2 2.3 1.3
v -2 2.4 1.3
v -2 2.5 1.3
v -2 2.6 1.3
v -2 2.8 1.3
v -2 2.9 1.3
v -2 3 1.3
v -2 3.1 1.3
v -2 3.3 1.3
v -2 3.4 1.3
v -2 3.5 1.3
v -2 4.2 1.3
v -2 4.3 1.3
v -2 4.4 1.3
v -2 4.5 1.3
v -2 4.7 1.3
v -2 5.4 1.3
v -2 5.5 1.3
v -2 5.6 1.3
v -2 6.2 1.3
v -2 6.3 1.3
v -2 6.6 1.3
v -2 7.4 1.3
v -2 8.2 1.3
v -2 8.3 1.3
v -2 9.8 1.3
v -2 9.9 1.3
v -2 10 1.3
v -2 10.1 1.3
v -2 10.3 1.3
v -2 10.5 1.3
v -2 10.6 1.3
v -2 10.7 1.3
v -2 10.8 1.3
v -2 11 1.3
v -2 11.2 1.3
v -2 11.3 1.3
v -1.9 0.4 1.3
v -1.9 0.9 1.3
v -1.9 2.2 1.3
v -1.9 2.3 1.3
v -1.9 2.4 1.3
v -1.9 2.5 1.3
v -1.9 2.6 1.3
v -1.9 2.7 1.3
v -1.9 2.9 1.3
v -1.9 3 1.3
v -1.9 3.6 1.3
v -1.9 3.7 1.3
v -1.9 4.4 1.3
v -1.9 4.5 1.3
v -1.9 4.7 1.3
v -1.9 7.4 1.3
v -1.9 7.7 1.3
v -1.9 9.8 1.3
v -1.9 10 1.3
v -1.9 10.1 1.3
v -1.9 10.3 1.3
v -1.9 10.5 1.3
v -1.9 10.6 1.3
v -1.9 10.7 1.3
v -1.9 10.8 1.3
v -1.9 11 1.3
v -1.9 11.1 1.3
v -1.9 11.2 1.3
v -1.8 0.4 1.3
v -1.8 0.9 1.3
v -1.8 2.3 1.3
v -1.8 2.4 1.3
v -1.8 2.7 1.3
v -1.8 2.8 1.3
v -1.8 3 1.3
v -1.8 3.1 1.3
v -1.8 3.4 1.3
v -1.8 3.5 1.3
v -1.8 3.9 1.3
v -1.8 4 1.3
v -1.8 4.1 1.3
v -1.8 4.2 1.3
v -1.8 4.3 1.3
v -1.8 4.4 1.3
v -1.8 4.5 1.3
v -1.8 4.7 1.3
v -1.8 6.1 1.3
v -1.8 6.2 1.3
v -1.8 6.5 1.3
v -1.8 7.1 1.3
v -1.8 7.7 1.3
v -1.8 7.9 1.3
v -1.8 9.4 1.3
v -1.8 9.5 1.3
v -1.8 9.9 1.3
v -1.8 10 1.3
v -1.8 10.1 1.3
v -1.8 10.2 1.3
v -1.8 10.3 1.3
v -1.8 10.5 1.3
v -1.8 11 1.3
v -1.8 11.2 1.3
v -1.8 11.3 1.3
v -1.8 11.4 1.3
v -1.8 11.5 1.3
v -1.7 0.9 1.3
v -1.7 1 1.3
v -1.7 1.3 1.3
v -1.7 1.5 1.3
v -1.7 1.6 1.3
v -1.7 1.8 1.3
v -1.7 1.9 1.3
v -1.7 2.1 1.3
v -1.7 2.2 1.3
v -1.7 2.3 1.3
v -1.7 2.4 1.3
v -1.7 2.5 1.3
v -1.7 2.6 1.3
v -1.7 2.7 1.3
v -1.7 2.8 1.3
v -1.7 2.9 1.3
v -1.7 3.7 1.3
v -1.7 3.8 1.3
v -1.7 4 1.3
v -1.7 4.1 1.3
v -1.7 4.2 1.3
v -1.7 4.3 1.3
v -1.7 4.4 1.3
v -1.7 4.7 1.3
v -1.7 6.5 1.3
v -1.7 7 1.3
v -1.7 7.1 1.3
v -1.7 7.4 1.3
v -1.7 7.9 1.3
v -1.7 8.1 1.3
v -1.7 9.3 1.3
v -1.7 9.5 1.3
v -1.7 9.6 1.3
v -1.7 9.7 1.3
v -1.7 9.8 1.3
v -1.7 9.9 1.3
v -1.7 10 1.3
v -1.7 10.1 1.3
v -1.7 10.2 1.3
v -1.7 10.5 1.3
v -1.7 11 1.3
v -1.6 0.4 1.3
v -1.6 1 1.3
v -1.6 1.3 1.3
v -1.6 1.8 1.3
v -1.6 3.5 1.3
v -1.6 3.8 1.3
v -1.6 3.9 1.3
v -1.6 4.1 1.3
v -1.6 4.3 1.3
v -1.6 4.4 1.3
v -1.6 4.7 1.3
v -1.6 7 1.3
v -1.6 7.4 1.3
v -1.6 7.7 1.3
v -1.6 7.8 1.3
v -1.6 8.1 1.3
v -1.6 8.2 1.3
v -1.6 9.2 1.3
v -1.6 9.3 1.3
v -1.6 9.4 1.3
v -1.6 9.5 1.3
v -1.6 9.6 1.3
v -1.6 9.7 1.3
v -1.6 9.8 1.3
v -1.6 10 1.3
v -1.6 11.2 1.3
v -1.6 11.3 1.3
v -1.5 0.5 1.3
v -1.5 0.7 1.3
v -1.5 0.8 1.3
v -1.5 0.9 1.3
v -1.5 1.3 1.3
v -1.5 1.8 1.3
v -1.5 1.9 1.3
v -1.5 2.5 1.3
v -1.5 2.6 1.3
v -1.5 3.6 1.3
v -1.5 3.8 1.3
v -1.5 3.9 1.3
v -1.5 4.7 1.3
v -1.5 9.2 1.3
v -1.5 9.4 1.3
v -1.5 9.5 1.3
v -1.5 9.6 1.3
v -1.5 9.7 1.3
v -1.5 9.8 1.3
v -1.5 10.9 1.3
v -1.5 11 1.3
v -1.5 11.2 1.3
v -1.5 11.3 1.3
v -1.4 1.4 1.3
v -1.4 1.8 1.3
v -1.4 2.5 1.3
v -1.4 2.6 1.3
v -1.4 2.7 1.3
v -1.4 3.7 1.3
v -1.4 3.9 1.3
v -1.4 4 1.3
v -1.4 4.2 1.3
v -1.4 4.7 1.3
v -1.4 6.6 1.3
v -1.4 6.8 1.3
v -1.4 7.4 1.3
v -1.4 7.6 1.3
v -1.4 8.9 1.3
v -1.4 9 1.3
v -1.4 9.1 1.3
v -1.4 9.2 1.3
v -1.4 9.5 1.3
v -1.4 9.6 1.3
v -1.4 9.7 1.3
v -1.4 9.8 1.3
v -1.4 10.4 1.3
v -1.4 10.8 1.3
v -1.3 0.4 1.3
v -1.3 0.5 1.3
v -1.3 0.7 1.3
v -1.3 0.8 1.3
v -1.3 0.9 1.3
v -1.3 1 1.3
v -1.3 1.7 1.3
v -1.3 1.8 1.3
v -1.3 3.2 1.3
v -1.3 3.3 1.3
v -1.3 3.8 1.3
v -1.3 3.9 1.3
v -1.3 4 1.3
v -1.3 4.2 1.3
v -1.3 4.3 1.3
v -1.3 4.7 1.3
v -1.3 6.4 1.3
v -1.3 6.5 1.3
v -1.3 6.6 1.3
v -1.3 6.7 1.3
v -1.3 6.8 1.3
v -1.3 6.9 1.3
v -1.3 7.3 1.3
v -1.3 7.4 1.3
v -1.3 7.7 1.3
v -1.3 7.8 1.3
v -1.3 9.1 1.3
v -1.3 9.2 1.3
v -1.3 9.3 1.3
v -1.3 9.5 1.3
v -1.3 9.8 1.3
v -1.3 10.3 1.3
v -1.3 10.4 1.3
v -1.3 10.8 1.3
v -1.3 11 1.3
v -1.3 11.1 1.3
v -1.2 1.9 1.3
v -1.2 2 1.3
v -1.2 2.4 1.3
v -1.2 2.5 1.3
v -1.2 3.3 1.3
v -1.2 3.4 1.3
v -1.2 3.8 1.3
v -1.2 3.9 1.3
v -1.2 4 1.3
v -1.2 4.1 1.3
v -1.2 4.3 1.3
v -1.2 6.7 1.3
v -1.2 6.9 1.3
v -1.2 7.3 1.3
v -1.2 9.1 1.3
v -1.2 9.2 1.3
v -1.2 9.3 1.3
v -1.2 9.7 1.3
v -1.2 10.3 1.3
v -1.2 10.8 1.3
v -1.2 10.9 1.3
v -1.2 11 1.3
v -1.2 11.1 1.3
v -1.2 11.2 1.3
v -1.2 11.3 1.3
v -1.2 11.4 1.3
v -1.2 11.5 1.3
v -1.1 1.3 1.3
v -1.1 1.4 1.3
v -1.1 1.7 1.3
v -1.1 1.8 1.3
v -1.1 1.9 1.3
v -1.1 3.8 1.3
v -1.1 3.9 1.3
v -1.1 4.8 1.3
v -1.1 4.9 1.3
v -1.1 6.9 1.3
v -1.1 7.1 1.3
v -1.1 7.9 1.3
v -1.1 8.1 1.3
v -1.1 9.3 1.3
v -1.1 9.4 1.3
v -1.1 9.8 1.3
v -1.1 10.3 1.3
v -1.1 10.8 1.3
v -1.1 11.3 1.3
v -1.1 11.4 1.3
v -1 1.4 1.3
v -1 1.7 1.3
v -1 1.8 1.3
v -1 2.3 1.3
v -1 2.4 1.3
v -1 2.5 1.3
v -1 3.1 1.3
v -1 3.2 1.3
v -1 3.4 1.3
v -1 3.5 1.3
v -1 3.6 1.3
v -1 3.7 1.3
v -1 3.8 1.3
v -1 3.9 1.3
v -1 4 1.3
v -1 4.1 1.3
v -1 4.2 1.3
v -1 4.7 1.3
v -1 4.8 1.3
v -1 7.1 1.3
v -1 7.2 1.3
v -1 7.8 1.3
v -1 7.9 1.3
v -1 8 1.3
v -1 8.1 1.3
v -1 9.4 1.3
v -1 9.5 1.3
v -1 9.8 1.3
v -1 10.3 1.3
v -1 11 1.3
v -1 11.1 1.3
v -1 11.2 1.3
v -1 11.3 1.3
v -0.9 0.4 1.3
v -0.9 1 1.3
v -0.9 1.3 1.3
v -0.9 1.7 1.3
v -0.9 1.8 1.3
v -0.9 1.9 1.3
v -0.9 2.1 1.3
v -0.9 2.2 1.3
v -0.9 2.7 1.3
v -0.9 2.8 1.3
v -0.9 3.2 1.3
v -0.9 3.3 1.3
v -0.9 3.8 1.3
v -0.9 3.9 1.3
v -0.9 4 1.3
v -0.9 4.1 1.3
v -0.9 4.2 1.3
v -0.9 4.6 1.3
v -0.9 4.7 1.3
v -0.9 4.8 1.3
v -0.9 7.8 1.3
v -0.9 8 1.3
v -0.9 8.1 1.3
v -0.9 8.2 1.3
v -0.9 9.9 1.3
v -0.9 10.6 1.3
v -0.9 11.3 1.3
v -0.9 11.4 1.3
v -0.8 0.4 1.3
v -0.8 0.6 1.3
v -0.8 0.7 1.3
v -0.8 0.9 1.3
v -0.8 1.4 1.3
v -0.8 1.5 1.3
v -0.8 1.6 1.3
v -0.8 1.7 1.3
v -0.8 1.8 1.3
v -0.8 2.2 1.3
v -0.8 2.3 1.3
v -0.8 3 1.3
v -0.8 3.1 1.3
v -0.8 3.7 1.3
v -0.8 3.8 1.3
v -0.8 3.9 1.3
v -0.8 4 1.3
v -0.8 4.1 1.3
v -0.8 4.2 1.3
v -0.8 4.3 1.3
v -0.8 4.4 1.3
v -0.8 4.5 1.3
v -0.8 4.6 1.3
v -0.8 4.7 1.3
v -0.8 6.5 1.3
v -0.8 6.6 1.3
v -0.8 7.6 1.3
v -0.8 7.7 1.3
v -0.8 8 1.3
v -0.8 8.1 1.3
v -0.8 9.4 1.3
v -0.8 9.5 1.3
v -0.8 9.9 1.3
v -0.8 10.6 1.3
v -0.8 11.3 1.3
v -0.7 2.1 1.3
v -0.7 2.2 1.3
v -0.7 2.3 1.3
v -0.7 2.9 1.3
v -0.7 3 1.3
v -0.7 3.5 1.3
v -0.7 3.7 1.3
v -0.7 3.8 1.3
v -0.7 3.9 1.3
v -0.7 4 1.3
v -0.7 4.2 1.3
v -0.7 4.3 1.3
v -0.7 4.4 1.3
v -0.7 4.5 1.3
v -0.7 4.8 1.3
v -0.7 6.4 1.3
v -0.7 6.5 1.3
v -0.7 7.7 1.3
v -0.7 8 1.3
v -0.7 9.3 1.3
v -0.7 9.4 1.3
v -0.7 11.2 1.3
v -0.7 11.3 1.3
v -0.7 11.4 1.3
v -0.7 11.5 1.3
v -0.6 0.6 1.3
v -0.6 0.7 1.3
v -0.6 0.9 1.3
v -0.6 1 1.3
v -0.6 1.7 1.3
v -0.6 1.8 1.3
v -0.6 2.7 1.3
v -0.6 2.8 1.3
v -0.6 2.9 1.3
v -0.6 3 1.3
v -0.6 3.1 1.3
v -0.6 3.9 1.3
v -0.6 4.2 1.3
v -0.6 4.3 1.3
v -0.6 4.8 1.3
v -0.6 6.1 1.3
v -0.6 6.2 1.3
v -0.6 9.2 1.3
v -0.6 9.3 1.3
v -0.6 10.2 1.3
v -0.6 10.9 1.3
v -0.6 11.1 1.3
v -0.6 11.2 1.3
v -0.6 11.3 1.3
v -0.6 11.4 1.3
v -0.5 0.7 1.3
v -0.5 0.9 1.3
v -0.5 1.1 1.3
v -0.5 1.2 1.3
v -0.5 1.3 1.3
v -0.5 1.4 1.3
v -0.5 1.5 1.3
v -0.5 1.6 1.3
v -0.5 1.8 1.3
v -0.5 1.9 1.3
v -0.5 2 1.3
v -0.5 2.1 1.3
v -0.5 2.2 1.3
v -0.5 2.5 1.3
v -0.5 2.6 1.3
v -0.5 2.9 1.3
v -0.5 3 1.3
v -0.5 3.2 1.3
v -0.5 3.5 1.3
v -0.5 4.1 1.3
v -0.5 4.2 1.3
v -0.5 4.3 1.3
v -0.5 4.8 1.3
v -0.5 5 1.3
v -0.5 5.1 1.3
v -0.5 6.2 1.3
v -0.5 6.3 1.3
v -0.5 6.6 1.3
v -0.5 6.7 1.3
v -0.5 7.1 1.3
v -0.5 7.2 1.3
v -0.5 8.2 1.3
v -0.5 8.3 1.3
v -0.5 8.4 1.3
v -0.5 9.1 1.3
v -0.5 9.2 1.3
v -0.5 10.2 1.3
v -0.5 10.9 1.3
v -0.5 11 1.3
v -0.5 11.1 1.3
v -0.5 11.2 1.3
v -0.5 11.3 1.3
v -0.4 0.5 1.3
v -0.4 0.9 1.3
v -0.4 1.9 1.3
v -0.4 2 1.3
v -0.4 2.6 1.3
v -0.4 2.9 1.3
v -0.4 3.1 1.3
v -0.4 3.2 1.3
v -0.4 3.6 1.3
v -0.4 3.7 1.3
v -0.4 4 1.3
v -0.4 4.1 1.3
v -0.4 4.2 1.3
v -0.4 4.3 1.3
v -0.4 4.4 1.3
v -0.4 4.8 1.3
v -0.4 5 1.3
v -0.4 5.1 1.3
v -0.4 6.2 1.3
v -0.4 6.3 1.3
v -0.4 6.5 1.3
v -0.4 6.6 1.3
v -0.4 7 1.3
v -0.4 7.1 1.3
v -0.4 8.4 1.3
v -0.4 8.5 1.3
v -0.4 9.7 1.3
v -0.4 9.8 1.3
v -0.4 10.2 1.3
v -0.4 11.1 1.3
v -0.4 11.2 1.3
v -0.3 0.4 1.3
v -0.3 0.5 1.3
v -0.3 0.9 1.3
v -0.3 1 1.3
v -0.3 2 1.3
v -0.3 2.1 1.3
v -0.3 2.3 1.3
v -0.3 2.4 1.3
v -0.3 2.5 1.3
v -0.3 2.6 1.3
v -0.3 3.2 1.3
v -0.3 3.4 1.3
v -0.3 3.9 1.3
v -0.3 4 1.3
v -0.3 4.1 1.3
v -0.3 4.2 1.3
v -0.3 4.3 1.3
v -0.3 4.4 1.3
v -0.3 4.8 1.3
v -0.3 5 1.3
v -0.3 5.1 1.3
v -0.3 6.1 1.3
v -0.3 6.2 1.3
v -0.3 6.7 1.3
v -0.3 6.8 1.3
v -0.3 6.9 1.3
v -0.3 7 1.3
v -0.3 8.5 1.3
v -0.3 8.6 1.3
v -0.3 9.1 1.3
v -0.3 9.2 1.3
v -0.3 9.7 1.3
v -0.3 9.8 1.3
v -0.3 10.2 1.3
v -0.2 1.8 1.3
v -0.2 1.9 1.3
v -0.2 2 1.3
v -0.2 2.1 1.3
v -0.2 2.2 1.3
v -0.2 2.6 1.3
v -0.2 2.7 1.3
v -0.2 4 1.3
v -0.2 4.1 1.3
v -0.2 4.2 1.3
v -0.2 4.3 1.3
v -0.2 4.5 1.3
v -0.2 4.8 1.3
v -0.2 6.5 1.3
v -0.2 6.6 1.3
v -0.2 6.7 1.3
v -0.2 6.8 1.3
v -0.2 6.9 1.3
v -0.2 7.1 1.3
v -0.2 9.1 1.3
v -0.2 9.2 1.3
v -0.2 9.6 1.3
v -0.2 9.7 1.3
v -0.2 10.8 1.3
v -0.2 11 1.3
v -0.2 11.1 1.3
v -0.2 11.2 1.3
v -0.2 11.4 1.3
v -0.2 11.5 1.3
v -0.0999999 0.4 1.3
v -0.0999999 0.5 1.3
v -0.0999999 0.9 1.3
v -0.0999999 1 1.3
v -0.0999999 1.7 1.3
v -0.0999999 1.8 1.3
v -0.0999999 2.6 1.3
v -0.0999999 2.7 1.3
v -0.0999999 3.3 1.3
v -0.0999999 3.4 1.3
v -0.0999999 3.5 1.3
v -0.0999999 3.6 1.3
v -0.0999999 3.8 1.3
v -0.0999999 3.9 1.3
v -0.0999999 4.1 1.3
v -0.0999999 4.2 1.3
v -0.0999999 4.3 1.3
v -0.0999999 4.4 1.3
v -0.0999999 4.5 1.3
v -0.0999999 4.7 1.3
v -0.0999999 4.8 1.3
v -0.0999999 6.6 1.3
v -0.0999999 6.7 1.3
v -0.0999999 7.1 1.3
v -0.0999999 7.2 1.3
v -0.0999999 9.1 1.3
v -0.0999999 9.3 1.3
v -0.0999999 9.6 1.3
v -0.0999999 9.7 1.3
v -0.0999999 10.8 1.3
v 4.76837e-07 0.5 1.3
v 4.76837e-07 0.9 1.3
v 4.76837e-07 1.6 1.3
v 4.76837e-07 1.7 1.3
v 4.76837e-07 1.8 1.3
v 4.76837e-07 1.9 1.3
v 4.76837e-07 3.9 1.3
v 4.76837e-07 4 1.3
v 4.76837e-07 4.1 1.3
v 4.76837e-07 4.2 1.3
v 4.76837e-07 4.3 1.3
v 4.76837e-07 4.4 1.3
v 4.76837e-07 4.7 1.3
v 4.76837e-07 4.8 1.3
v 4.76837e-07 5 1.3
v 4.76837e-07 5.1 1.3
v 4.76837e-07 9.7 1.3
v 4.76837e-07 10 1.3
v 4.76837e-07 10.2 1.3
v 4.76837e-07 10.4 1.3
v 4.76837e-07 10.9 1.3
v 4.76837e-07 11 1.3
v 0.1 0.4 1.3
v 0.1 1 1.3
v 0.1 1.5 1.3
v 0.1 1.6 1.3
v 0.1 2.1 1.3
v 0.1 2.2 1.3
v 0.1 3.9 1.3
v 0.1 4.1 1.3
v 0.1 4.2 1.3
v 0.1 4.7 1.3
v 0.1 5 1.3
v 0.1 5.1 1.3
v 0.1 6.4 1.3
v 0.1 6.5 1.3
v 0.1 9.1 1.3
v 0.1 9.3 1.3
v 0.1 10.2 1.3
v 0.1 10.3 1.3
v 0.1 11 1.3
v 0.1 11.1 1.3
v 0.1 11.2 1.3
v 0.1 11.3 1.3
v 0.2 0.5 1.3
v 0.2 1 1.3
v 0.2 1.7 1.3
v 0.2 1.8 1.3
v 0.2 2 1.3
v 0.2 2.1 1.3
v 0.2 2.2 1.3
v 0.2 2.3 1.3
v 0.2 2.4 1.3
v 0.2 2.5 1.3
v 0.2 2.6 1.3
v 0.2 3.2 1.3
v 0.2 3.3 1.3
v 0.2 3.4 1.3
v 0.2 3.6 1.3
v 0.2 3.8 1.3
v 0.2 4 1.3
v 0.2 4.2 1.3
v 0.2 4.3 1.3
v 0.2 4.8 1.3
v 0.2 6.5 1.3
v 0.2 6.6 1.3
v 0.2 9.9 1.3
v 0.2 10 1.3
v 0.2 11.1 1.3
v 0.2 11.2 1.3
v 0.3 0.4 1.3
v 0.3 0.5 1.3
v 0.3 0.7 1.3
v 0.3 1.4 1.3
v 0.3 1.5 1.3
v 0.3 1.7 1.3
v 0.3 3.7 1.3
v 0.3 4 1.3
v 0.3 4.1 1.3
v 0.3 4.2 1.3
v 0.3 4.3 1.3
v 0.3 4.4 1.3
v 0.3 4.8 1.3
v 0.3 5 1.3
v 0.3 5.1 1.3
v 0.3 6.1 1.3
v 0.3 6.2 1.3
v 0.3 7.1 1.3
v 0.3 7.2 1.3
v 0.3 10.4 1.3
v 0.3 10.6 1.3
v 0.3 10.9 1.3
v 0.3 11 1.3
v 0.3 11.3 1.3
v 0.3 11.5 1.3
v 0.4 0.4 1.3
v 0.4 0.5 1.3
v 0.4 0.7 1.3
v 0.4 2.2 1.3
v 0.4 2.3 1.3
v 0.4 2.4 1.3
v 0.4 2.5 1.3
v 0.4 3.3 1.3
v 0.4 3.4 1.3
v 0.4 3.5 1.3
v 0.4 3.6 1.3
v 0.4 3.9 1.3
v 0.4 4 1.3
v 0.4 4.1 1.3
v 0.4 4.2 1.3
v 0.4 4.4 1.3
v 0.4 4.5 1.3
v 0.4 4.7 1.3
v 0.4 4.8 1.3
v 0.4 4.9 1.3
v 0.4 5 1.3
v 0.4 6.2 1.3
v 0.4 6.3 1.3
v 0.4 6.4 1.3
v 0.4 6.5 1.3
v 0.4 6.9 1.3
v 0.4 7.1 1.3
v 0.4 9.3 1.3
v 0.4 9.4 1.3
v 0.4 11.2 1.3
v 0.4 11.3 1.3
v 0.5 0.5 1.3
v 0.5 1 1.3
v 0.5 1.3 1.3
v 0.5 1.4 1.3
v 0.5 1.5 1.3
v 0.5 1.7 1.3
v 0.5 1.8 1.3
v 0.5 2.5 1.3
v 0.5 2.6 1.3
v 0.5 3.6 1.3
v 0.5 3.7 1.3
v 0.5 3.8 1.3
v 0.5 3.9 1.3
v 0.5 4 1.3
v 0.5 4.2 1.3
v 0.5 4.3 1.3
v 0.5 4.5 1.3
v 0.5 4.6 1.3
v 0.5 4.7 1.3
v 0.5 4.8 1.3
v 0.5 5.9 1.3
v 0.5 6 1.3
v 0.5 6.3 1.3
v 0.5 6.9 1.3
v 0.5 7.2 1.3
v 0.5 7.6 1.3
v 0.5 8.1 1.3
v 0.5 8.2 1.3
v 0.5 9.2 1.3
v 0.5 9.3 1.3
v 0.5 9.4 1.3
v 0.5 9.6 1.3
v 0.5 9.7 1.3
v 0.5 10 1.3
v 0.5 10.1 1.3
v 0.5 10.7 1.3
v 0.5 10.9 1.3
v 0.5 11.3 1.3
v 0.5 11.4 1.3
v 0.6 0.4 1.3
v 0.6 1 1.3
v 0.6 1.7 1.3
v 0.6 1.8 1.3
v 0.6 2 1.3
v 0.6 2.1 1.3
v 0.6 2.2 1.3
v 0.6 2.3 1.3
v 0.6 2.4 1.3
v 0.6 2.5 1.3
v 0.6 3.7 1.3
v 0.6 3.8 1.3
v 0.6 3.9 1.3
v 0.6 4 1.3
v 0.6 4.1 1.3
v 0.6 4.2 1.3
v 0.6 4.4 1.3
v 0.6 4.5 1.3
v 0.6 4.6 1.3
v 0.6 4.7 1.3
v 0.6 4.9 1.3
v 0.6 5.4 1.3
v 0.6 5.5 1.3
v 0.6 5.6 1.3
v 0.6 6 1.3
v 0.6 7.2 1.3
v 0.6 7.6 1.3
v 0.6 8.1 1.3
v 0.6 9.1 1.3
v 0.6 9.2 1.3
v 0.6 9.8 1.3
v 0.6 9.9 1.3
v 0.6 10 1.3
v 0.6 10.1 1.3
v 0.6 10.3 1.3
v 0.6 10.4 1.3
v 0.6 10.7 1.3
v 0.6 10.9 1.3
v 0.6 11.3 1.3
v 0.7 0.4 1.3
v 0.7 1 1.3
v 0.7 1.2 1.3
v 0.7 1.3 1.3
v 0.7 1.4 1.3
v 0.7 1.5 1.3
v 0.7 3.4 1.3
v 0.7 3.5 1.3
v 0.7 3.6 1.3
v 0.7 3.7 1.3
v 0.7 3.8 1.3
v 0.7 3.9 1.3
v 0.7 4 1.3
v 0.7 4.1 1.3
v 0.7 4.2 1.3
v 0.7 4.3 1.3
v 0.7 4.4 1.3
v 0.7 4.5 1.3
v 0.7 4.6 1.3
v 0.7 4.7 1.3
v 0.7 5.8 1.3
v 0.7 8.3 1.3
v 0.7 8.4 1.3
v 0.7 9.2 1.3
v 0.7 9.3 1.3
v 0.7 9.4 1.3
v 0.7 9.8 1.3
v 0.7 9.9 1.3
v 0.7 10.3 1.3
v 0.7 10.4 1.3
v 0.7 10.6 1.3
v 0.8 0.5 1.3
v 0.8 0.7 1.3
v 0.8 0.8 1.3
v 0.8 0.9 1.3
v 0.8 1.2 1.3
v 0.8 1.3 1.3
v 0.8 1.8 1.3
v 0.8 1.9 1.3
v 0.8 2.1 1.3
v 0.8 2.2 1.3
v 0.8 2.3 1.3
v 0.8 3.1 1.3
v 0.8 3.2 1.3
v 0.8 3.6 1.3
v 0.8 3.7 1.3
v 0.8 3.8 1.3
v 0.8 3.9 1.3
v 0.8 4 1.3
v 0.8 4.3 1.3
v 0.8 4.4 1.3
v 0.8 4.5 1.3
v 0.8 4.6 1.3
v 0.8 4.8 1.3
v 0.8 4.9 1.3
v 0.8 5 1.3
v 0.8 5.1 1.3
v 0.8 5.2 1.3
v 0.8 5.5 1.3
v 0.8 5.6 1.3
v 0.8 5.7 1.3
v 0.8 8.3 1.3
v 0.8 8.4 1.3
v 0.8 8.5 1.3
v 0.8 9.7 1.3
v 0.8 9.9 1.3
v 0.8 10.1 1.3
v 0.8 10.3 1.3
v 0.8 10.4 1.3
v 0.9 1.2 1.3
v 0.9 1.3 1.3
v 0.9 1.4 1.3
v 0.9 1.5 1.3
v 0.9 1.7 1.3
v 0.9 1.8 1.3
v 0.9 1.9 1.3
v 0.9 3.8 1.3
v 0.9 3.9 1.3
v 0.9 4.7 1.3
v 0.9 4.8 1.3
v 0.9 5.1 1.3
v 0.9 5.2 1.3
v 0.9 5.3 1.3
v 0.9 5.7 1.3
v 0.9 5.9 1.3
v 0.9 7.7 1.3
v 0.9 8.4 1.3
v 0.9 9.4 1.3
v 0.9 9.5 1.3
v 0.9 9.6 1.3
v 0.9 9.7 1.3
v 0.9 9.9 1.3
v 0.9 10.1 1.3
v 0.9 10.3 1.3
v 0.9 10.8 1.3
v 0.9 11.4 1.3
v 1 0.4 1.3
v 1 0.5 1.3
v 1 0.7 1.3
v 1 0.8 1.3
v 1 0.9 1.3
v 1 1 1.3
v 1 1.1 1.3
v 1 1.2 1.3
v 1 1.3 1.3
v 1 1.4 1.3
v 1 1.8 1.3
v 1 1.9 1.3
v 1 2.4 1.3
v 1 2.5 1.3
v 1 3 1.3
v 1 3.1 1.3
v 1 3.8 1.3
v 1 3.9 1.3
v 1 4.2 1.3
v 1 4.3 1.3
v 1 4.4 1.3
v 1 4.6 1.3
v 1 4.7 1.3
v 1 5.9 1.3
v 1 7.7 1.3
v 1 9.3 1.3
v 1 9.4 1.3
v 1 9.8 1.3
v 1 10 1.3
v 1 10.3 1.3
v 1 10.8 1.3
v 1 11.3 1.3
v 1 11.4 1.3
v 1.1 0.4 1.3
v 1.1 1 1.3
v 1.1 1.1 1.3
v 1.1 1.2 1.3
v 1.1 1.6 1.3
v 1.1 1.7 1.3
v 1.1 1.8 1.3
v 1.1 1.9 1.3
v 1.1 2 1.3
v 1.1 2.1 1.3
v 1.1 2.2 1.3
v 1.1 2.3 1.3
v 1.1 2.4 1.3
v 1.1 2.5 1.3
v 1.1 3.7 1.3
v 1.1 3.8 1.3
v 1.1 4.2 1.3
v 1.1 4.3 1.3
v 1.1 4.4 1.3
v 1.1 4.5 1.3
v 1.1 4.8 1.3
v 1.1 4.9 1.3
v 1.1 5 1.3
v 1.1 5.1 1.3
v 1.1 5.3 1.3
v 1.1 8.9 1.3
v 1.1 9.1 1.3
v 1.1 9.3 1.3
v 1.1 9.4 1.3
v 1.1 9.5 1.3
v 1.1 9.7 1.3
v 1.1 9.8 1.3
v 1.1 10 1.3
v 1.1 10.8 1.3
v 1.1 11.2 1.3
v 1.1 11.3 1.3
v 1.1 11.4 1.3
v 1.1 11.5 1.3
v 1.2 0.4 1.3
v 1.2 0.6 1.3
v 1.2 0.7 1.3
v 1.2 0.9 1.3
v 1.2 1 1.3
v 1.2 1.1 1.3
v 1.2 1.2 1.3
v 1.2 1.3 1.3
v 1.2 2.9 1.3
v 1.2 3 1.3
v 1.2 3.6 1.3
v 1.2 3.7 1.3
v 1.2 4.2 1.3
v 1.2 4.3 1.3
v 1.2 4.5 1.3
v 1.2 4.6 1.3
v 1.2 5.1 1.3
v 1.2 5.2 1.3
v 1.2 5.3 1.3
v 1.2 9 1.3
v 1.2 9.1 1.3
v 1.2 9.2 1.3
v 1.2 9.3 1.3
v 1.2 9.7 1.3
v 1.2 10.7 1.3
v 1.2 11.2 1.3
v 1.2 11.3 1.3
v 1.2 11.4 1.3
v 1.3 1.1 1.3
v 1.3 1.2 1.3
v 1.3 1.7 1.3
v 1.3 1.8 1.3
v 1.3 1.9 1.3
v 1.3 2 1.3
v 1.3 2.1 1.3
v 1.3 2.4 1.3
v 1.3 2.6 1.3
v 1.3 2.9 1.3
v 1.3 3 1.3
v 1.3 3.5 1.3
v 1.3 3.6 1.3
v 1.3 4.4 1.3
v 1.3 4.5 1.3
v 1.3 4.6 1.3
v 1.3 4.8 1.3
v 1.3 5.2 1.3
v 1.3 5.9 1.3
v 1.3 6 1.3
v 1.3 7.3 1.3
v 1.3 7.4 1.3
v 1.3 7.6 1.3
v 1.3 7.7 1.3
v 1.3 7.8 1.3
v 1.3 7.9 1.3
v 1.3 8 1.3
v 1.3 8.2 1.3
v 1.3 8.3 1.3
v 1.3 8.4 1.3
v 1.3 9.1 1.3
v 1.3 9.2 1.3
v 1.3 9.3 1.3
v 1.3 9.4 1.3
v 1.3 9.7 1.3
v 1.3 9.9 1.3
v 1.3 10.1 1.3
v 1.3 10.7 1.3
v 1.3 10.9 1.3
v 1.3 11.3 1.3
v 1.4 0.4 1.3
v 1.4 0.6 1.3
v 1.4 0.7 1.3
v 1.4 0.9 1.3
v 1.4 1 1.3
v 1.4 1.1 1.3
v 1.4 2.1 1.3
v 1.4 2.2 1.3
v 1.4 2.4 1.3
v 1.4 2.5 1.3
v 1.4 3.2 1.3
v 1.4 3.3 1.3
v 1.4 3.4 1.3
v 1.4 3.5 1.3
v 1.4 3.6 1.3
v 1.4 3.7 1.3
v 1.4 3.8 1.3
v 1.4 4.2 1.3
v 1.4 4.3 1.3
v 1.4 4.4 1.3
v 1.4 4.6 1.3
v 1.4 5 1.3
v 1.4 5.1 1.3
v 1.4 6.9 1.3
v 1.4 7 1.3
v 1.4 7.1 1.3
v 1.4 7.2 1.3
v 1.4 7.3 1.3
v 1.4 7.4 1.3
v 1.4 7.5 1.3
v 1.4 7.6 1.3
v 1.4 7.7 1.3
v 1.4 7.8 1.3
v 1.4 7.9 1.3
v 1.4 8 1.3
v 1.4 8.1 1.3
v 1.4 8.2 1.3
v 1.4 8.3 1.3
v 1.4 8.7 1.3
v 1.4 8.8 1.3
v 1.4 8.9 1.3
v 1.4 9.2 1.3
v 1.4 9.3 1.3
v 1.4 9.4 1.3
v 1.4 9.5 1.3
v 1.4 9.7 1.3
v 1.4 9.9 1.3
v 1.4 10 1.3
v 1.4 10.1 1.3
v 1.4 10.9 1.3
v 1.5 0.4 1.3
v 1.5 0.6 1.3
v 1.5 0.7 1.3
v 1.5 0.9 1.3
v 1.5 1.8 1.3
v 1.5 1.9 1.3
v 1.5 2.2 1.3
v 1.5 2.3 1.3
v 1.5 3.5 1.3
v 1.5 3.6 1.3
v 1.5 3.9 1.3
v 1.5 4.1 1.3
v 1.5 5.1 1.3
v 1.5 5.9 1.3
v 1.5 6 1.3
v 1.5 6.1 1.3
v 1.5 6.9 1.3
v 1.5 7 1.3
v 1.5 7.5 1.3
v 1.5 7.6 1.3
v 1.5 8.1 1.3
v 1.5 8.2 1.3
v 1.5 8.4 1.3
v 1.5 8.7 1.3
v 1.5 8.8 1.3
v 1.5 8.9 1.3
v 1.5 9.2 1.3
v 1.5 9.3 1.3
v 1.5 9.5 1.3
v 1.5 10 1.3
v 1.5 10.1 1.3
v 1.5 10.2 1.3
v 1.5 10.4 1.3
v 1.5 10.7 1.3
v 1.5 10.9 1.3
v 1.5 11.1 1.3
v 1.5 11.5 1.3
v 1.6 1.5 1.3
v 1.6 1.6 1.3
v 1.6 1.9 1.3
v 1.6 2 1.3
v 1.6 2.1 1.3
v 1.6 2.2 1.3
v 1.6 2.3 1.3
v 1.6 2.4 1.3
v 1.6 2.5 1.3
v 1.6 2.9 1.3
v 1.6 3 1.3
v 1.6 3.1 1.3
v 1.6 3.3 1.3
v 1.6 3.5 1.3
v 1.6 3.8 1.3
v 1.6 4 1.3
v 1.6 4.2 1.3
v 1.6 4.3 1.3
v 1.6 5.9 1.3
v 1.6 6.1 1.3
v 1.6 6.5 1.3
v 1.6 6.9 1.3
v 1.6 7 1.3
v 1.6 7.3 1.3
v 1.6 7.4 1.3
v 1.6 7.5 1.3
v 1.6 7.7 1.3
v 1.6 7.8 1.3
v 1.6 8.1 1.3
v 1.6 8.2 1.3
v 1.6 9 1.3
v 1.6 9.1 1.3
v 1.6 10.1 1.3
v 1.6 10.2 1.3
v 1.6 10.4 1.3
v 1.6 10.6 1.3
v 1.6 10.7 1.3
v 1.6 10.9 1.3
v 1.6 11 1.3
v 1.6 11.1 1.3
v 1.6 11.4 1.3
v 1.6 11.5 1.3
v 1.7 1.7 1.3
v 1.7 1.8 1.3
v 1.7 3.7 1.3
v 1.7 3.8 1.3
v 1.7 4 1.3
v 1.7 4.1 1.3
v 1.7 4.4 1.3
v 1.7 6.4 1.3
v 1.7 6.9 1.3
v 1.7 7 1.3
v 1.7 7.1 1.3
v 1.7 7.2 1.3
v 1.7 7.3 1.3
v 1.7 7.4 1.3
v 1.7 7.5 1.3
v 1.7 7.6 1.3
v 1.7 7.7 1.3
v 1.7 7.8 1.3
v 1.7 7.9 1.3
v 1.7 8 1.3
v 1.7 8.1 1.3
v 1.7 8.2 1.3
v 1.7 8.3 1.3
v 1.7 8.4 1.3
v 1.7 8.6 1.3
v 1.7 8.8 1.3
v 1.7 9 1.3
v 1.7 9.1 1.3
v 1.7 9.2 1.3
v 1.7 9.4 1.3
v 1.7 9.6 1.3
v 1.7 9.8 1.3
v 1.7 10 1.3
v 1.7 10.2 1.3
v 1.7 10.4 1.3
v 1.7 10.6 1.3
v 1.7 10.7 1.3
v 1.7 11 1.3
v 1.7 11.1 1.3
v 1.7 11.2 1.3
v 1.8 1.8 1.3
v 1.8 1.9 1.3
v 1.8 2.2 1.3
v 1.8 2.3 1.3
v 1.8 2.4 1.3
v 1.8 2.5 1.3
v 1.8 2.6 1.3
v 1.8 3.6 1.3
v 1.8 3.7 1.3
v 1.8 3.8 1.3
v 1.8 3.9 1.3
v 1.8 4.1 1.3
v 1.8 4.2 1.3
v 1.8 4.3 1.3
v 1.8 4.4 1.3
v 1.8 6.3 1.3
v 1.8 6.4 1.3
v 1.8 6.5 1.3
v 1.8 6.6 1.3
v 1.8 7.5 1.3
v 1.8 7.6 1.3
v 1.8 7.9 1.3
v 1.8 8 1.3
v 1.8 8.1 1.3
v 1.8 8.7 1.3
v 1.8 8.8 1.3
v 1.8 9.1 1.3
v 1.8 9.2 1.3
v 1.8 9.5 1.3
v 1.8 9.6 1.3
v 1.8 9.9 1.3
v 1.8 10 1.3
v 1.8 10.3 1.3
v 1.8 10.4 1.3
v 1.8 10.8 1.3
v 1.8 11 1.3
v 1.8 11.4 1.3
v 1.8 11.5 1.3
v 1.9 1.4 1.3
v 1.9 1.5 1.3
v 1.9 1.6 1.3
v 1.9 1.7 1.3
v 1.9 2.6 1.3
v 1.9 2.7 1.3
v 1.9 3 1.3
v 1.9 3.1 1.3
v 1.9 3.9 1.3
v 1.9 4.1 1.3
v 1.9 4.3 1.3
v 1.9 4.4 1.3
v 1.9 4.5 1.3
v 1.9 4.9 1.3
v 1.9 5.2 1.3
v 1.9 5.7 1.3
v 1.9 6 1.3
v 1.9 7.3 1.3
v 1.9 7.4 1.3
v 1.9 7.5 1.3
v 1.9 7.6 1.3
v 1.9 7.8 1.3
v 1.9 7.9 1.3
v 1.9 8 1.3
v 1.9 8.2 1.3
v 1.9 8.5 1.3
v 1.9 8.6 1.3
v 1.9 10.1 1.3
v 1.9 10.2 1.3
v 1.9 10.7 1.3
v 1.9 10.8 1.3
v 1.9 11 1.3
v 1.9 11.1 1.3
v 1.9 11.2 1.3
v 1.9 11.3 1.3
v 2 1.7 1.3
v 2 1.8 1.3
v 2 2.1 1.3
v 2 2.2 1.3
v 2 2.3 1.3
v 2 2.4 1.3
v 2 2.5 1.3
v 2 2.6 1.3
v 2 2.7 1.3
v 2 2.8 1.3
v 2 2.9 1.3
v 2 3 1.3
v 2 3.6 1.3
v 2 3.7 1.3
v 2 4 1.3
v 2 4.1 1.3
v 2 4.2 1.3
v 2 4.7 1.3
v 2 4.9 1.3
v 2 5 1.3
v 2 5.1 1.3
v 2 5.2 1.3
v 2 5.4 1.3
v 2 5.5 1.3
v 2 5.7 1.3
v 2 5.8 1.3
v 2 5.9 1.3
v 2 6 1.3
v 2 6.2 1.3
v 2 6.3 1.3
v 2 6.4 1.3
v 2 6.5 1.3
v 2 6.6 1.3
v 2 6.7 1.3
v 2 6.9 1.3
v 2 7 1.3
v 2 7.3 1.3
v 2 7.4 1.3
v 2 7.6 1.3
v 2 7.8 1.3
v 2 8.1 1.3
v 2 8.2 1.3
v 2 8.4 1.3
v 2 8.5 1.3
v 2 8.6 1.3
v 2 8.7 1.3
v 2 8.8 1.3
v 2 9 1.3
v 2 9.1 1.3
v 2 9.2 1.3
v 2 9.4 1.3
v 2 9.5 1.3
v 2 9.6 1.3
v 2 9.8 1.3
v 2 9.9 1.3
v 2 10 1.3
v 2 10.1 1.3
v 2 10.2 1.3
v 2 10.3 1.3
v 2 10.4 1.3
v 2 10.6 1.3
v 2 10.7 1.3
v 2 11.3 1.3
v 2 11.4 1.3
v 2.1 1.3 1.3
v 2.1 1.4 1.3
v 2.1 1.5 1.3
v 2.1 1.6 1.3
v 2.1 2.6 1.3
v 2.1 2.7 1.3
v 2.1 3.6 1.3
v 2.1 3.7 1.3
v 2.1 4.5 1.3
v 2.1 4.7 1.3
v 2.1 4.8 1.3
v 2.1 4.9 1.3
v 2.1 5 1.3
v 2.1 5.1 1.3
v 2.1 5.2 1.3
v 2.1 5.3 1.3
v 2.1 5.4 1.3
v 2.1 5.5 1.3
v 2.1 5.6 1.3
v 2.1 5.7 1.3
v 2.1 5.8 1.3
v 2.1 5.9 1.3
v 2.1 6 1.3
v 2.1 6.1 1.3
v 2.1 6.9 1.3
v 2.1 7 1.3
v 2.1 7.3 1.3
v 2.1 7.4 1.3
v 2.1 7.6 1.3
v 2.1 7.8 1.3
v 2.1 8 1.3
v 2.1 8.1 1.3
v 2.1 8.3 1.3
v 2.1 8.4 1.3
v 2.1 8.6 1.3
v 2.1 10.4 1.3
v 2.1 10.7 1.3
v 2.1 10.8 1.3
v 2.1 10.9 1.3
v 2.1 11.1 1.3
v 2.2 1.6 1.3
v 2.2 1.7 1.3
v 2.2 2.3 1.3
v 2.2 2.4 1.3
v 2.2 2.5 1.3
v 2.2 3.5 1.3
v 2.2 3.6 1.3
v 2.2 3.9 1.3
v 2.2 4 1.3
v 2.2 4.1 1.3
v 2.2 4.4 1.3
v 2.2 4.5 1.3
v 2.2 4.6 1.3
v 2.2 4.8 1.3
v 2.2 4.9 1.3
v 2.2 5.3 1.3
v 2.2 5.4 1.3
v 2.2 5.6 1.3
v 2.2 5.7 1.3
v 2.2 5.8 1.3
v 2.2 6 1.3
v 2.2 6.1 1.3
v 2.2 6.2 1.3
v 2.2 6.3 1.3
v 2.2 6.4 1.3
v 2.2 7 1.3
v 2.2 7.1 1.3
v 2.2 7.3 1.3
v 2.2 7.4 1.3
v 2.2 7.8 1.3
v 2.2 7.9 1.3
v 2.2 8.1 1.3
v 2.2 8.4 1.3
v 2.2 8.5 1.3
v 2.2 8.6 1.3
v 2.2 10.4 1.3
v 2.2 10.5 1.3
v 2.2 10.6 1.3
v 2.2 10.7 1.3
v 2.2 10.8 1.3
v 2.2 10.9 1.3
v 2.2 11.3 1.3
v 2.2 11.4 1.3
v 2.2 11.5 1.3
v 2.3 1.4 1.3
v 2.3 1.5 1.3
v 2.3 1.6 1.3
v 2.3 1.7 1.3
v 2.3 1.8 1.3
v 2.3 2 1.3
v 2.3 2.1 1.3
v 2.3 2.2 1.3
v 2.3 2.5 1.3
v 2.3 2.6 1.3
v 2.3 2.7 1.3
v 2.3 4.3 1.3
v 2.3 4.4 1.3
v 2.3 4.5 1.3
v 2.3 4.6 1.3
v 2.3 4.8 1.3
v 2.3 4.9 1.3
v 2.3 5 1.3
v 2.3 5.2 1.3
v 2.3 5.3 1.3
v 2.3 5.4 1.3
v 2.3 5.5 1.3
v 2.3 5.6 1.3
v 2.3 5.7 1.3
v 2.3 6 1.3
v 2.3 6.1 1.3
v 2.3 6.2 1.3
v 2.3 6.3 1.3
v 2.3 6.4 1.3
v 2.3 6.5 1.3
v 2.3 6.6 1.3
v 2.3 6.7 1.3
v 2.3 6.8 1.3
v 2.3 6.9 1.3
v 2.3 7.1 1.3
v 2.3 8.2 1.3
v 2.3 8.4 1.3
v 2.3 8.7 1.3
v 2.3 10.3 1.3
v 2.3 10.6 1.3
v 2.3 10.8 1.3
v 2.3 11.1 1.3
v 2.3 11.2 1.3
v 2.4 1.2 1.3
v 2.4 1.3 1.3
v 2.4 2.1 1.3
v 2.4 2.2 1.3
v 2.4 3.4 1.3
v 2.4 3.6 1.3
v 2.4 3.8 1.3
v 2.4 3.9 1.3
v 2.4 4 1.3
v 2.4 4.4 1.3
v 2.4 4.5 1.3
v 2.4 4.6 1.3
v 2.4 5 1.3
v 2.4 5.2 1.3
v 2.4 5.3 1.3
v 2.4 5.9 1.3
v 2.4 6 1.3
v 2.4 6.3 1.3
v 2.4 6.4 1.3
v 2.4 7 1.3
v 2.4 7.1 1.3
v 2.4 7.3 1.3
v 2.4 7.4 1.3
v 2.4 7.8 1.3
v 2.4 7.9 1.3
v 2.4 8.1 1.3
v 2.4 8.2 1.3
v 2.4 8.4 1.3
v 2.4 8.8 1.3
v 2.4 10.2 1.3
v 2.4 10.6 1.3
v 2.4 10.8 1.3
v 2.4 10.9 1.3
v 2.4 11.2 1.3
v 2.4 11.3 1.3
v 2.5 1.3 1.3
v 2.5 1.4 1.3
v 2.5 1.5 1.3
v 2.5 1.9 1.3
v 2.5 2 1.3
v 2.5 2.1 1.3
v 2.5 2.2 1.3
v 2.5 2.3 1.3
v 2.5 2.4 1.3
v 2.5 2.5 1.3
v 2.5 2.6 1.3
v 2.5 4.7 1.3
v 2.5 4.9 1.3
v 2.5 5 1.3
v 2.5 5.1 1.3
v 2.5 5.2 1.3
v 2.5 5.3 1.3
v 2.5 5.5 1.3
v 2.5 5.6 1.3
v 2.5 5.7 1.3
v 2.5 5.8 1.3
v 2.5 5.9 1.3
v 2.5 6 1.3
v 2.5 6.1 1.3
v 2.5 6.2 1.3
v 2.5 6.5 1.3
v 2.5 6.6 1.3
v 2.5 7.1 1.3
v 2.5 7.2 1.3
v 2.5 7.4 1.3
v 2.5 7.8 1.3
v 2.5 11.4 1.3
v 2.5 11.5 1.3
v 2.6 1.3 1.3
v 2.6 1.4 1.3
v 2.6 1.6 1.3
v 2.6 1.7 1.3
v 2.6 1.8 1.3
v 2.6 1.9 1.3
v 2.6 2.1 1.3
v 2.6 2.2 1.3
v 2.6 3 1.3
v 2.6 3.2 1.3
v 2.6 3.7 1.3
v 2.6 3.8 1.3
v 2.6 3.9 1.3
v 2.6 4.7 1.3
v 2.6 4.9 1.3
v 2.6 5 1.3
v 2.6 5.1 1.3
v 2.6 5.2 1.3
v 2.6 5.3 1.3
v 2.6 5.4 1.3
v 2.6 5.5 1.3
v 2.6 5.6 1.3
v 2.6 5.7 1.3
v 2.6 6.4 1.3
v 2.6 6.5 1.3
v 2.6 6.7 1.3
v 2.6 6.8 1.3
v 2.6 6.9 1.3
v 2.6 7 1.3
v 2.6 7.1 1.3
v 2.6 7.3 1.3
v 2.6 7.4 1.3
v 2.6 7.8 1.3
v 2.6 7.9 1.3
v 2.6 8.1 1.3
v 2.6 8.4 1.3
v 2.6 10.6 1.3
v 2.6 10.9 1.3
v 2.6 11.2 1.3
v 2.6 11.3 1.3
v 2.7 1.2 1.3
v 2.7 1.3 1.3
v 2.7 1.5 1.3
v 2.7 1.6 1.3
v 2.7 1.7 1.3
v 2.7 1.8 1.3
v 2.7 2.1 1.3
v 2.7 2.2 1.3
v 2.7 2.3 1.3
v 2.7 2.6 1.3
v 2.7 2.8 1.3
v 2.7 3.9 1.3
v 2.7 4.1 1.3
v 2.7 4.2 1.3
v 2.7 4.3 1.3
v 2.7 4.4 1.3
v 2.7 4.7 1.3
v 2.7 4.8 1.3
v 2.7 5.2 1.3
v 2.7 5.3 1.3
v 2.7 5.5 1.3
v 2.7 5.7 1.3
v 2.7 5.9 1.3
v 2.7 6 1.3
v 2.7 6.1 1.3
v 2.7 6.6 1.3
v 2.7 6.7 1.3
v 2.7 7.1 1.3
v 2.7 7.2 1.3
v 2.7 7.3 1.3
v 2.7 7.4 1.3
v 2.7 7.5 1.3
v 2.7 7.6 1.3
v 2.7 7.8 1.3
v 2.7 7.9 1.3
v 2.7 8.2 1.3
v 2.7 8.4 1.3
v 2.7 9.4 1.3
v 2.7 9.6 1.3
v 2.7 10.6 1.3
v 2.7 10.8 1.3
v 2.7 11.2 1.3
v 2.7 11.3 1.3
v 2.8 1.2 1.3
v 2.8 1.3 1.3
v 2.8 1.8 1.3
v 2.8 1.9 1.3
v 2.8 2 1.3
v 2.8 2.1 1.3
v 2.8 2.2 1.3
v 2.8 2.3 1.3
v 2.8 2.4 1.3
v 2.8 2.5 1.3
v 2.8 2.6 1.3
v 2.8 3.6 1.3
v 2.8 3.7 1.3
v 2.8 3.8 1.3
v 2.8 4.4 1.3
v 2.8 4.5 1.3
v 2.8 4.7 1.3
v 2.8 4.8 1.3
v 2.8 5 1.3
v 2.8 5.1 1.3
v 2.8 5.3 1.3
v 2.8 5.4 1.3
v 2.8 5.7 1.3
v 2.8 5.8 1.3
v 2.8 6.5 1.3
v 2.8 6.6 1.3
v 2.8 6.8 1.3
v 2.8 6.9 1.3
v 2.8 7 1.3
v 2.8 7.5 1.3
v 2.8 7.6 1.3
v 2.8 7.8 1.3
v 2.8 8.1 1.3
v 2.8 8.2 1.3
v 2.8 8.4 1.3
v 2.8 9.5 1.3
v 2.8 9.6 1.3
v 2.8 9.8 1.3
v 2.8 10.6 1.3
v 2.8 10.8 1.3
v 2.8 10.9 1.3
v 2.8 11.1 1.3
v 2.8 11.2 1.3
v 2.9 1.4 1.3
v 2.9 1.5 1.3
v 2.9 2 1.3
v 2.9 2.1 1.3
v 2.9 2.4 1.3
v 2.9 2.5 1.3
v 2.9 3.3 1.3
v 2.9 3.4 1.3
v 2.9 3.9 1.3
v 2.9 4.1 1.3
v 2.9 4.5 1.3
v 2.9 4.7 1.3
v 2.9 5.1 1.3
v 2.9 5.2 1.3
v 2.9 5.5 1.3
v 2.9 5.7 1.3
v 2.9 5.8 1.3
v 2.9 5.9 1.3
v 2.9 6 1.3
v 2.9 7.3 1.3
v 2.9 7.4 1.3
v 2.9 7.5 1.3
v 2.9 7.6 1.3
v 2.9 7.8 1.3
v 2.9 7.9 1.3
v 2.9 8.8 1.3
v 2.9 9 1.3
v 2.9 9.6 1.3
v 2.9 9.8 1.3
v 2.9 10 1.3
v 2.9 11 1.3
v 2.9 11.1 1.3
v 2.9 11.3 1.3
v 2.9 11.4 1.3
v 3 1.3 1.3
v 3 1.4 1.3
v 3 1.8 1.3
v 3 1.9 1.3
v 3 2.2 1.3
v 3 2.3 1.3
v 3 2.4 1.3
v 3 2.5 1.3
v 3 2.6 1.3
v 3 2.7 1.3
v 3 2.8 1.3
v 3 3.5 1.3
v 3 3.6 1.3
v 3 3.7 1.3
v 3 4.6 1.3
v 3 4.7 1.3
v 3 4.8 1.3
v 3 5 1.3
v 3 5.2 1.3
v 3 5.3 1.3
v 3 7.4 1.3
v 3 7.5 1.3
v 3 7.6 1.3
v 3 7.8 1.3
v 3 8.1 1.3
v 3 8.4 1.3
v 3 8.9 1.3
v 3 9 1.3
v 3 9.1 1.3
v 3 9.6 1.3
v 3 9.8 1.3
v 3 10 1.3
v 3 10.2 1.3
v 3.1 1.2 1.3
v 3.1 1.3 1.3
v 3.1 1.7 1.3
v 3.1 1.8 1.3
v 3.1 2.5 1.3
v 3.1 2.6 1.3
v 3.1 3.6 1.3
v 3.1 4.2 1.3
v 3.1 4.3 1.3
v 3.1 4.4 1.3
v 3.1 4.5 1.3
v 3.1 4.6 1.3
v 3.1 4.8 1.3
v 3.1 5 1.3
v 3.1 5.1 1.3
v 3.1 5.2 1.3
v 3.1 5.7 1.3
v 3.1 5.8 1.3
v 3.1 5.9 1.3
v 3.1 6.7 1.3
v 3.1 6.8 1.3
v 3.1 6.9 1.3
v 3.1 7 1.3
v 3.1 7.1 1.3
v 3.1 8.2 1.3
v 3.1 8.4 1.3
v 3.1 8.8 1.3
v 3.1 8.9 1.3
v 3.1 9 1.3
v 3.1 9.1 1.3
v 3.1 9.2 1.3
v 3.1 9.3 1.3
v 3.1 9.4 1.3
v 3.1 9.5 1.3
v 3.1 9.7 1.3
v 3.1 9.8 1.3
v 3.1 10 1.3
v 3.1 10.2 1.3
v 3.1 10.6 1.3
v 3.1 10.9 1.3
v 3.1 11 1.3
v 3.1 11.1 1.3
v 3.2 1.6 1.3
v 3.2 1.7 1.3
v 3.2 1.8 1.3
v 3.2 1.9 1.3
v 3.2 2 1.3
v 3.2 2.1 1.3
v 3.2 2.4 1.3
v 3.2 2.5 1.3
v 3.2 3.6 1.3
v 3.2 4.2 1.3
v 3.2 4.3 1.3
v 3.2 4.4 1.3
v 3.2 5 1.3
v 3.2 5.2 1.3
v 3.2 5.3 1.3
v 3.2 5.7 1.3
v 3.2 6.8 1.3
v 3.2 6.9 1.3
v 3.2 7.4 1.3
v 3.2 7.5 1.3
v 3.2 7.6 1.3
v 3.2 7.8 1.3
v 3.2 8.1 1.3
v 3.2 8.2 1.3
v 3.2 8.4 1.3
v 3.2 9 1.3
v 3.2 9.2 1.3
v 3.2 9.3 1.3
v 3.2 9.5 1.3
v 3.2 9.6 1.3
v 3.2 9.7 1.3
v 3.2 9.8 1.3
v 3.2 10 1.3
v 3.2 10.2 1.3
v 3.2 10.6 1.3
v 3.2 10.8 1.3
v 3.2 11.3 1.3
v 3.2 11.4 1.3
v 3.2 11.5 1.3
v 3.3 2.2 1.3
v 3.3 2.3 1.3
v 3.3 2.4 1.3
v 3.3 2.5 1.3
v 3.3 3.5 1.3
v 3.3 3.6 1.3
v 3.3 3.7 1.3
v 3.3 5 1.3
v 3.3 5.1 1.3
v 3.3 5.6 1.3
v 3.3 5.7 1.3
v 3.3 5.8 1.3
v 3.3 5.9 1.3
v 3.3 6.7 1.3
v 3.3 6.8 1.3
v 3.3 7.2 1.3
v 3.3 7.3 1.3
v 3.3 7.4 1.3
v 3.3 7.5 1.3
v 3.3 7.6 1.3
v 3.3 7.8 1.3
v 3.3 7.9 1.3
v 3.3 8.9 1.3
v 3.3 9.1 1.3
v 3.3 9.2 1.3
v 3.3 9.3 1.3
v 3.3 9.5 1.3
v 3.3 9.7 1.3
v 3.3 9.8 1.3
v 3.3 10 1.3
v 3.3 10.2 1.3
v 3.3 10.6 1.3
v 3.3 10.8 1.3
v 3.3 10.9 1.3
v 3.3 11 1.3
v 3.3 11.1 1.3
v 3.3 11.2 1.3
v 3.4 1.5 1.3
v 3.4 1.6 1.3
v 3.4 1.7 1.3
v 3.4 1.8 1.3
v 3.4 1.9 1.3
v 3.4 2 1.3
v 3.4 2.1 1.3
v 3.4 2.2 1.3
v 3.4 2.3 1.3
v 3.4 2.4 1.3
v 3.4 2.6 1.3
v 3.4 2.7 1.3
v 3.4 4.5 1.3
v 3.4 4.7 1.3
v 3.4 4.8 1.3
v 3.4 5 1.3
v 3.4 5.5 1.3
v 3.4 5.6 1.3
v 3.4 5.7 1.3
v 3.4 6.5 1.3
v 3.4 6.6 1.3
v 3.4 6.9 1.3
v 3.4 7 1.3
v 3.4 7.1 1.3
v 3.4 7.6 1.3
v 3.4 7.7 1.3
v 3.4 9.1 1.3
v 3.4 9.3 1.3
v 3.4 9.5 1.3
v 3.4 9.6 1.3
v 3.4 11 1.3
v 3.4 11.1 1.3
v 3.4 11.2 1.3
v 3.4 11.3 1.3
v 3.5 1.3 1.3
v 3.5 1.5 1.3
v 3.5 2.1 1.3
v 3.5 2.2 1.3
v 3.5 2.5 1.3
v 3.5 2.6 1.3
v 3.5 3.9 1.3
v 3.5 4 1.3
v 3.5 4.8 1.3
v 3.5 5 1.3
v 3.5 5.3 1.3
v 3.5 5.4 1.3
v 3.5 5.5 1.3
v 3.5 6.6 1.3
v 3.5 6.7 1.3
v 3.5 7.3 1.3
v 3.5 7.4 1.3
v 3.5 7.5 1.3
v 3.5 7.6 1.3
v 3.5 8.1 1.3
v 3.5 8.4 1.3
v 3.5 9.3 1.3
v 3.5 9.5 1.3
v 3.5 9.7 1.3
v 3.5 9.8 1.3
v 3.5 9.9 1.3
v 3.5 10.6 1.3
v 3.5 10.9 1.3
v 3.6 1.4 1.3
v 3.6 1.5 1.3
v 3.6 1.6 1.3
v 3.6 2 1.3
v 3.6 2.1 1.3
v 3.6 2.4 1.3
v 3.6 2.5 1.3
v 3.6 2.6 1.3
v 3.6 2.7 1.3
v 3.6 2.8 1.3
v 3.6 3.6 1.3
v 3.6 3.7 1.3
v 3.6 3.8 1.3
v 3.6 4.3 1.3
v 3.6 4.4 1.3
v 3.6 4.5 1.3
v 3.6 4.7 1.3
v 3.6 4.8 1.3
v 3.6 5.2 1.3
v 3.6 5.3 1.3
v 3.6 5.4 1.3
v 3.6 5.6 1.3
v 3.6 5.7 1.3
v 3.6 5.8 1.3
v 3.6 5.9 1.3
v 3.6 6 1.3
v 3.6 6.4 1.3
v 3.6 6.5 1.3
v 3.6 6.8 1.3
v 3.6 6.9 1.3
v 3.6 7 1.3
v 3.6 7.4 1.3
v 3.6 7.5 1.3
v 3.6 7.6 1.3
v 3.6 7.7 1.3
v 3.6 7.8 1.3
v 3.6 7.9 1.3
v 3.6 8.2 1.3
v 3.6 8.4 1.3
v 3.6 9.5 1.3
v 3.6 9.7 1.3
v 3.6 9.8 1.3
v 3.6 10.6 1.3
v 3.6 10.8 1.3
v 3.6 10.9 1.3
v 3.6 11 1.3
v 3.6 11.3 1.3
v 3.6 11.4 1.3
v 3.6 11.5 1.3
v 3.7 1.2 1.3
v 3.7 1.3 1.3
v 3.7 1.4 1.3
v 3.7 1.5 1.3
v 3.7 1.7 1.3
v 3.7 1.8 1.3
v 3.7 1.9 1.3
v 3.7 2 1.3
v 3.7 2.3 1.3
v 3.7 2.4 1.3
v 3.7 2.5 1.3
v 3.7 2.6 1.3
v 3.7 2.7 1.3
v 3.7 3.3 1.3
v 3.7 3.4 1.3
v 3.7 3.5 1.3
v 3.7 3.6 1.3
v 3.7 3.9 1.3
v 3.7 4 1.3
v 3.7 4.2 1.3
v 3.7 4.3 1.3
v 3.7 4.5 1.3
v 3.7 4.6 1.3
v 3.7 4.8 1.3
v 3.7 5.1 1.3
v 3.7 5.2 1.3
v 3.7 5.4 1.3
v 3.7 5.5 1.3
v 3.7 5.6 1.3
v 3.7 5.7 1.3
v 3.7 6.5 1.3
v 3.7 6.6 1.3
v 3.7 7.3 1.3
v 3.7 7.4 1.3
v 3.7 7.5 1.3
v 3.7 7.6 1.3
v 3.7 7.8 1.3
v 3.7 7.9 1.3
v 3.7 8.1 1.3
v 3.7 8.2 1.3
v 3.7 8.4 1.3
v 3.7 9.7 1.3
v 3.7 9.9 1.3
v 3.7 10.6 1.3
v 3.7 10.8 1.3
v 3.7 10.9 1.3
v 3.8 1.3 1.3
v 3.8 1.4 1.3
v 3.8 1.8 1.3
v 3.8 1.9 1.3
v 3.8 2 1.3
v 3.8 2.1 1.3
v 3.8 2.3 1.3
v 3.8 2.4 1.3
v 3.8 2.5 1.3
v 3.8 2.6 1.3
v 3.8 3.4 1.3
v 3.8 3.6 1.3
v 3.8 4.6 1.3
v 3.8 5.1 1.3
v 3.8 5.3 1.3
v 3.8 5.4 1.3
v 3.8 5.6 1.3
v 3.8 5.8 1.3
v 3.8 6.3 1.3
v 3.8 6.4 1.3
v 3.8 7.2 1.3
v 3.8 7.3 1.3
v 3.8 7.5 1.3
v 3.8 7.6 1.3
v 3.8 7.8 1.3
v 3.8 7.9 1.3
v 3.8 10.8 1.3
v 3.8 11 1.3
v 3.9 1.6 1.3
v 3.9 1.7 1.3
v 3.9 1.8 1.3
v 3.9 2.2 1.3
v 3.9 2.3 1.3
v 3.9 2.4 1.3
v 3.9 2.5 1.3
v 3.9 2.8 1.3
v 3.9 3 1.3
v 3.9 3.7 1.3
v 3.9 3.8 1.3
v 3.9 3.9 1.3
v 3.9 4.4 1.3
v 3.9 4.5 1.3
v 3.9 5.1 1.3
v 3.9 5.2 1.3
v 3.9 5.3 1.3
v 3.9 5.6 1.3
v 3.9 5.7 1.3
v 3.9 5.8 1.3
v 3.9 5.9 1.3
v 3.9 6 1.3
v 3.9 6.1 1.3
v 3.9 6.4 1.3
v 3.9 6.5 1.3
v 3.9 6.7 1.3
v 3.9 6.8 1.3
v 3.9 6.9 1.3
v 3.9 7 1.3
v 3.9 7.1 1.3
v 3.9 7.3 1.3
v 3.9 7.4 1.3
v 3.9 8.1 1.3
v 3.9 8.4 1.3
v 3.9 8.8 1.3
v 3.9 10.2 1.3
v 3.9 10.6 1.3
v 3.9 10.9 1.3
v 4 1.8 1.3
v 4 1.9 1.3
v 4 2 1.3
v 4 2.3 1.3
v 4 2.4 1.3
v 4 2.5 1.3
v 4 4.3 1.3
v 4 4.4 1.3
v 4 4.5 1.3
v 4 4.6 1.3
v 4 4.8 1.3
v 4 4.9 1.3
v 4 5 1.3
v 4 5.1 1.3
v 4 5.2 1.3
v 4 5.3 1.3
v 4 5.4 1.3
v 4 5.6 1.3
v 4 5.7 1.3
v 4 6.2 1.3
v 4 6.3 1.3
v 4 6.9 1.3
v 4 7 1.3
v 4 7.3 1.3
v 4 7.4 1.3
v 4 7.5 1.3
v 4 7.6 1.3
v 4 7.8 1.3
v 4 7.9 1.3
v 4 8.2 1.3
v 4 8.4 1.3
v 4 8.7 1.3
v 4 10.3 1.3
v 4 10.6 1.3
v 4 10.8 1.3
v 4 11.1 1.3
v 4 11.2 1.3
v 4 11.3 1.3
v 4 11.4 1.3
v 4 11.5 1.3
v 4.1 1.2 1.3
v 4.1 1.3 1.3
v 4.1 1.4 1.3
v 4.1 1.5 1.3
v 4.1 1.6 1.3
v 4.1 1.7 1.3
v 4.1 2.5 1.3
v 4.1 2.6 1.3
v 4.1 3.8 1.3
v 4.1 3.9 1.3
v 4.1 4 1.3
v 4.1 4.3 1.3
v 4.1 4.4 1.3
v 4.1 4.6 1.3
v 4.1 4.7 1.3
v 4.1 4.9 1.3
v 4.1 5 1.3
v 4.1 5.1 1.3
v 4.1 5.2 1.3
v 4.1 5.4 1.3
v 4.1 5.5 1.3
v 4.1 5.6 1.3
v 4.1 5.8 1.3
v 4.1 6 1.3
v 4.1 6.1 1.3
v 4.1 6.3 1.3
v 4.1 6.4 1.3
v 4.1 6.6 1.3
v 4.1 6.7 1.3
v 4.1 6.8 1.3
v 4.1 6.9 1.3
v 4.1 7.1 1.3
v 4.1 7.3 1.3
v 4.1 7.4 1.3
v 4.1 7.9 1.3
v 4.1 8 1.3
v 4.1 8.1 1.3
v 4.1 8.2 1.3
v 4.1 8.4 1.3
v 4.1 8.5 1.3
v 4.1 8.6 1.3
v 4.1 10.4 1.3
v 4.1 10.5 1.3
v 4.1 10.6 1.3
v 4.1 10.8 1.3
v 4.1 10.9 1.3
v 4.1 11.1 1.3
v 4.1 11.2 1.3
v 4.2 1.3 1.3
v 4.2 1.4 1.3
v 4.2 1.5 1.3
v 4.2 1.6 1.3
v 4.2 2.3 1.3
v 4.2 2.4 1.3
v 4.2 2.5 1.3
v 4.2 2.6 1.3
v 4.2 2.8 1.3
v 4.2 2.9 1.3
v 4.2 4.5 1.3
v 4.2 4.7 1.3
v 4.2 4.8 1.3
v 4.2 5 1.3
v 4.2 5.1 1.3
v 4.2 5.2 1.3
v 4.2 5.3 1.3
v 4.2 5.4 1.3
v 4.2 5.6 1.3
v 4.2 5.8 1.3
v 4.2 6.1 1.3
v 4.2 6.2 1.3
v 4.2 6.3 1.3
v 4.2 7.2 1.3
v 4.2 7.3 1.3
v 4.2 7.4 1.3
v 4.2 7.7 1.3
v 4.2 7.8 1.3
v 4.2 7.9 1.3
v 4.2 8.1 1.3
v 4.2 8.2 1.3
v 4.2 8.6 1.3
v 4.2 10.4 1.3
v 4.2 10.9 1.3
v 4.2 11 1.3
v 4.2 11.1 1.3
v 4.2 11.2 1.3
v 4.2 11.3 1.3
v 4.2 11.4 1.3
v 4.3 1.2 1.3
v 4.3 1.3 1.3
v 4.3 1.4 1.3
v 4.3 1.5 1.3
v 4.3 1.7 1.3
v 4.3 1.8 1.3
v 4.3 1.9 1.3
v 4.3 2.4 1.3
v 4.3 2.5 1.3
v 4.3 2.8 1.3
v 4.3 2.9 1.3
v 4.3 4.4 1.3
v 4.3 4.6 1.3
v 4.3 4.7 1.3
v 4.3 5.1 1.3
v 4.3 5.2 1.3
v 4.3 5.3 1.3
v 4.3 5.4 1.3
v 4.3 5.5 1.3
v 4.3 5.6 1.3
v 4.3 5.8 1.3
v 4.3 6 1.3
v 4.3 6.1 1.3
v 4.3 7.2 1.3
v 4.3 7.3 1.3
v 4.3 7.4 1.3
v 4.3 7.5 1.3
v 4.3 7.6 1.3
v 4.3 7.7 1.3
v 4.3 8.4 1.3
v 4.3 8.6 1.3
v 4.3 8.7 1.3
v 4.3 8.8 1.3
v 4.3 9 1.3
v 4.3 9.1 1.3
v 4.3 9.2 1.3
v 4.3 9.4 1.3
v 4.3 9.5 1.3
v 4.3 9.6 1.3
v 4.3 9.8 1.3
v 4.3 9.9 1.3
v 4.3 10 1.3
v 4.3 10.2 1.3
v 4.3 10.3 1.3
v 4.3 10.4 1.3
v 4.3 10.5 1.3
v 4.3 10.6 1.3
v 4.3 11.1 1.3
v 4.3 11.2 1.3
v 4.4 2.4 1.3
v 4.4 2.5 1.3
v 4.4 2.7 1.3
v 4.4 2.8 1.3
v 4.4 3 1.3
v 4.4 3.1 1.3
v 4.4 3.9 1.3
v 4.4 4 1.3
v 4.4 4.1 1.3
v 4.4 4.2 1.3
v 4.4 4.3 1.3
v 4.4 4.4 1.3
v 4.4 4.6 1.3
v 4.4 5.2 1.3
v 4.4 5.5 1.3
v 4.4 5.6 1.3
v 4.4 5.8 1.3
v 4.4 6.1 1.3
v 4.4 6.2 1.3
v 4.4 6.3 1.3
v 4.4 6.5 1.3
v 4.4 6.6 1.3
v 4.4 6.7 1.3
v 4.4 7.4 1.3
v 4.4 7.5 1.3
v 4.4 7.6 1.3
v 4.4 8.1 1.3
v 4.4 8.3 1.3
v 4.4 8.4 1.3
v 4.4 8.8 1.3
v 4.4 8.9 1.3
v 4.4 10.8 1.3
v 4.4 10.9 1.3
v 4.4 11 1.3
v 4.4 11.3 1.3
v 4.4 11.4 1.3
v 4.5 1.4 1.3
v 4.5 1.6 1.3
v 4.5 1.7 1.3
v 4.5 1.8 1.3
v 4.5 1.9 1.3
v 4.5 2 1.3
v 4.5 2.2 1.3
v 4.5 2.3 1.3
v 4.5 2.4 1.3
v 4.5 2.5 1.3
v 4.5 2.7 1.3
v 4.5 2.8 1.3
v 4.5 3.9 1.3
v 4.5 4 1.3
v 4.5 4.4 1.3
v 4.5 4.6 1.3
v 4.5 5.6 1.3
v 4.5 5.8 1.3
v 4.5 7 1.3
v 4.5 7.1 1.3
v 4.5 7.5 1.3
v 4.5 7.6 1.3
v 4.5 7.7 1.3
v 4.5 8 1.3
v 4.5 8.1 1.3
v 4.5 8.2 1.3
v 4.5 8.7 1.3
v 4.5 8.8 1.3
v 4.5 8.9 1.3
v 4.5 9.1 1.3
v 4.5 9.2 1.3
v 4.5 9.5 1.3
v 4.5 9.6 1.3
v 4.5 9.9 1.3
v 4.5 10 1.3
v 4.5 10.3 1.3
v 4.5 10.4 1.3
v 4.5 11 1.3
v 4.5 11.1 1.3
v 4.5 11.2 1.3
v 4.6 1.5 1.3
v 4.6 1.6 1.3
v 4.6 1.8 1.3
v 4.6 1.9 1.3
v 4.6 2.5 1.3
v 4.6 2.6 1.3
v 4.6 5.9 1.3
v 4.6 6 1.3
v 4.6 6.4 1.3
v 4.6 6.5 1.3
v 4.6 6.6 1.3
v 4.6 6.8 1.3
v 4.6 7 1.3
v 4.6 7.1 1.3
v 4.6 7.2 1.3
v 4.6 7.6 1.3
v 4.6 7.7 1.3
v 4.6 7.8 1.3
v 4.6 7.9 1.3
v 4.6 8.1 1.3
v 4.6 8.2 1.3
v 4.6 8.3 1.3
v 4.6 8.5 1.3
v 4.6 8.6 1.3
v 4.6 8.8 1.3
v 4.6 8.9 1.3
v 4.6 9 1.3
v 4.6 9.2 1.3
v 4.6 9.4 1.3
v 4.6 9.6 1.3
v 4.6 9.8 1.3
v 4.6 10 1.3
v 4.6 10.2 1.3
v 4.6 10.4 1.3
v 4.6 10.5 1.3
v 4.6 10.6 1.3
v 4.6 10.8 1.3
v 4.6 10.9 1.3
v 4.6 11 1.3
v 4.6 11.1 1.3
v 4.6 11.2 1.3
v 4.6 11.3 1.3
v 4.7 1.3 1.3
v 4.7 1.4 1.3
v 4.7 1.6 1.3
v 4.7 1.7 1.3
v 4.7 1.9 1.3
v 4.7 2 1.3
v 4.7 2.2 1.3
v 4.7 2.3 1.3
v 4.7 2.6 1.3
v 4.7 2.7 1.3
v 4.7 4 1.3
v 4.7 4.1 1.3
v 4.7 4.2 1.3
v 4.7 4.3 1.3
v 4.7 4.4 1.3
v 4.7 4.6 1.3
v 4.7 5.9 1.3
v 4.7 6 1.3
v 4.7 6.2 1.3
v 4.7 6.3 1.3
v 4.7 6.4 1.3
v 4.7 6.9 1.3
v 4.7 7 1.3
v 4.7 7.2 1.3
v 4.7 7.3 1.3
v 4.7 7.4 1.3
v 4.7 7.7 1.3
v 4.7 7.8 1.3
v 4.7 7.9 1.3
v 4.7 8 1.3
v 4.7 8.1 1.3
v 4.7 8.2 1.3
v 4.7 8.3 1.3
v 4.7 8.5 1.3
v 4.7 8.6 1.3
v 4.7 8.8 1.3
v 4.7 8.9 1.3
v 4.7 9 1.3
v 4.7 9.1 1.3
v 4.7 9.2 1.3
v 4.7 9.3 1.3
v 4.7 10.2 1.3
v 4.7 10.3 1.3
v 4.7 10.4 1.3
v 4.7 10.5 1.3
v 4.7 10.6 1.3
v 4.7 10.7 1.3
v 4.7 10.8 1.3
v 4.7 11.1 1.3
v 4.7 11.3 1.3
v 4.8 1.2 1.3
v 4.8 1.3 1.3
v 4.8 1.4 1.3
v 4.8 1.5 1.3
v 4.8 1.6 1.3
v 4.8 1.7 1.3
v 4.8 1.8 1.3
v 4.8 2.1 1.3
v 4.8 2.2 1.3
v 4.8 2.3 1.3
v 4.8 2.4 1.3
v 4.8 2.5 1.3
v 4.8 2.7 1.3
v 4.8 2.9 1.3
v 4.8 4 1.3
v 4.8 4.1 1.3
v 4.8 4.2 1.3
v 4.8 6.3 1.3
v 4.8 6.4 1.3
v 4.8 6.5 1.3
v 4.8 6.9 1.3
v 4.8 7 1.3
v 4.8 7.1 1.3
v 4.8 7.2 1.3
v 4.8 7.5 1.3
v 4.8 7.6 1.3
v 4.8 7.8 1.3
v 4.8 7.9 1.3
v 4.8 8.1 1.3
v 4.8 8.2 1.3
v 4.8 8.3 1.3
v 4.8 8.4 1.3
v 4.8 9 1.3
v 4.8 9.1 1.3
v 4.8 9.2 1.3
v 4.8 10.7 1.3
v 4.8 10.8 1.3
v 4.8 11.4 1.3
v 4.8 11.5 1.3
v 4.9 0.3 1.3
v 4.9 1.2 1.3
v 4.9 1.4 1.3
v 4.9 1.5 1.3
v 4.9 1.6 1.3
v 4.9 1.7 1.3
v 4.9 2 1.3
v 4.9 2.1 1.3
v 4.9 2.2 1.3
v 4.9 2.3 1.3
v 4.9 2.4 1.3
v 4.9 2.9 1.3
v 4.9 3.1 1.3
v 4.9 4.1 1.3
v 4.9 6.4 1.3
v 4.9 6.8 1.3
v 4.9 6.9 1.3
v 4.9 7.1 1.3
v 4.9 7.5 1.3
v 4.9 7.9 1.3
v 4.9 8 1.3
v 4.9 8.1 1.3
v 4.9 8.4 1.3
v 4.9 8.5 1.3
v 4.9 8.6 1.3
v 4.9 8.8 1.3
v 4.9 9 1.3
v 4.9 9.1 1.3
v 4.9 9.2 1.3
v 4.9 9.3 1.3
v 4.9 10.2 1.3
v 4.9 10.3 1.3
v 4.9 10.5 1.3
v 4.9 10.6 1.3
v 4.9 10.7 1.3
v 4.9 10.8 1.3
v 4.9 11.5 1.3
v 5 0.2 1.3
v 5 11.6 1.3
v -5.1 1.9 1.2
v -5.1 2 1.2
v -5.1 2.1 1.2
v -5.1 2.2 1.2
v -5.1 2.3 1.2
v -5.1 2.4 1.2
v -5 1.9 1.2
v -5 2 1.2
v -5 2.1 1.2
v -5 2.2 1.2
v -5 2.3 1.2
v -5 2.4 1.2
v -0.7 2 -0.9
v -0.7 2.1 -0.9
v -0.7 2.9 -0.9
v -0.6 2.1 -0.9
v -0.6 2.2 -0.9
v -0.5 2 -0.9
v -0.5 2.2 -0.9
v -0.5 2.9 -0.9
v -0.3 4.6 -0.9
v -0.3 4.8 -0.9
v -0.2 4.6 -0.9
v -0.2 4.8 -0.9
v 3.5 1.9 -0.9
v 3.5 2.9 -0.9
v 3.8 1.9 -0.9
v 3.8 2.9 -0.9
v 4.4 3.4 -0.9
v 4.4 4.3 -0.9
v 4.4 6.8 -0.9
v 4.4 7 -0.9
v 4.4 7.2 -0.9
v 4.4 7.5 -0.9
v 4.4 7.7 -0.9
v 4.4 8.7 -0.9
v 4.5 4.3 -0.9
v 4.5 4.4 -0.9
v 4.5 4.7 -0.9
v 4.5 4.9 -0.9
v 4.5 6 -0.9
v 4.5 6.1 -0.9
v 4.5 6.7 -0.9
v 4.5 6.8 -0.9
v 4.6 4.4 -0.9
v 4.6 4.5 -0.9
v 4.6 4.9 -0.9
v 4.6 5 -0.9
v 4.6 5.5 -0.9
v 4.6 5.6 -0.9
v 4.6 5.8 -0.9
v 4.6 5.9 -0.9
v 4.6 6.4 -0.9
v 4.6 6.7 -0.9
v 4.6 6.9 -0.9
v 4.6 7 -0.9
v 4.6 7.1 -0.9
v 4.6 7.2 -0.9
v 4.6 7.5 -0.9
v 4.6 7.7 -0.9
v 4.7 4.5 -0.9
v 4.7 4.7 -0.9
v 4.7 5.3 -0.9
v 4.7 5.5 -0.9
v 4.7 5.9 -0.9
v 4.7 6 -0.9
v 4.7 6.1 -0.9
v 4.7 6.2 -0.9
v 4.8 5.1 -0.9
v 4.8 5.3 -0.9
v 4.8 5.6 -0.9
v 4.8 5.8 -0.9
v 4.8 6.2 -0.9
v 4.8 6.4 -0.9
v 4.8 6.9 -0.9
v 4.8 7 -0.9
v 4.9 3.4 -0.9
v 4.9 5 -0.9
v 4.9 5.1 -0.9
v 4.9 7 -0.9
v 4.9 7.1 -0.9
v 4.9 8.7 -0.9
v -0.7 2 -0.8
v -0.7 2.9 -0.8
v -0.5 2 -0.8
v -0.5 2.9 -0.8
v -0.3 4.6 -0.8
v -0.3 4.8 -0.8
v -0.2 4.6 -0.8
v -0.2 4.8 -0.8
v 3.5 1.9 -0.8
v 3.5 2.9 -0.8
v 3.8 1.9 -0.8
v 3.8 2.9 -0.8
v 4.4 3.4 -0.8
v 4.4 8.7 -0.8
v 4.9 3.4 -0.8
v 4.9 8.7 -0.8
v -5.1 0.2 -1
v -5.1 11.6 -1
v -5 0.3 -1
v -5 0.4 -1
v -5 0.5 -1
v -5 0.6 -1
v -5 0.7 -1
v -5 1.1 -1
v -5 1.2 -1
v -5 1.6 -1
v -5 1.8 -1
v -5 2.1 -1
v -5 2.2 -1
v -5 2.4 -1
v -5 2.7 -1
v -5 6.9 -1
v -5 7.1 -1
v -5 7.4 -1
v -5 7.5 -1
v -5 7.6 -1
v -5 7.7 -1
v -5 7.8 -1
v -5 8.2 -1
v -5 8.3 -1
v -5 8.6 -1
v -5 8.7 -1
v -5 8.8 -1
v -5 8.9 -1
v -5 9 -1
v -5 10.4 -1
v -5 10.5 -1
v -5 10.6 -1
v -5 10.7 -1
v -5 11.3 -1
v -5 11.5 -1
v -4.9 0.5 -1
v -4.9 0.6 -1
v -4.9 0.7 -1
v -4.9 0.8 -1
v -4.9 1.6 -1
v -4.9 1.7 -1
v -4.9 1.8 -1
v -4.9 1.9 -1
v -4.9 2.1 -1
v -4.9 2.2 -1
v -4.9 6.9 -1
v -4.9 7 -1
v -4.9 7.1 -1
v -4.9 7.4 -1
v -4.9 7.5 -1
v -4.9 8.6 -1
v -4.9 8.7 -1
v -4.9 9.2 -1
v -4.9 9.3 -1
v -4.9 10.4 -1
v -4.9 10.5 -1
v -4.9 10.6 -1
v -4.9 10.7 -1
v -4.9 11.3 -1
v -4.9 11.4 -1
v -4.8 0.4 -1
v -4.8 0.5 -1
v -4.8 0.6 -1
v -4.8 0.7 -1
v -4.8 0.8 -1
v -4.8 1 -1
v -4.8 1.8 -1
v -4.8 1.9 -1
v -4.8 6.5 -1
v -4.8 6.8 -1
v -4.8 8.8 -1
v -4.8 8.9 -1
v -4.8 9.1 -1
v -4.8 9.2 -1
v -4.8 9.3 -1
v -4.8 9.4 -1
v -4.8 10.4 -1
v -4.8 10.5 -1
v -4.8 10.6 -1
v -4.7 1.1 -1
v -4.7 1.2 -1
v -4.7 1.3 -1
v -4.7 1.6 -1
v -4.7 1.7 -1
v -4.7 1.8 -1
v -4.7 2.7 -1
v -4.7 2.8 -1
v -4.7 6.5 -1
v -4.7 6.7 -1
v -4.7 7.3 -1
v -4.7 7.5 -1
v -4.7 8.8 -1
v -4.7 8.9 -1
v -4.7 9.2 -1
v -4.7 9.4 -1
v -4.7 9.7 -1
v -4.7 10.3 -1
v -4.7 11.3 -1
v -4.7 11.4 -1
v -4.7 11.5 -1
v -4.6 0.8 -1
v -4.6 1 -1
v -4.6 1.1 -1
v -4.6 1.5 -1
v -4.6 1.6 -1
v -4.6 1.7 -1
v -4.6 1.8 -1
v -4.6 2.1 -1
v -4.6 2.4 -1
v -4.6 6.7 -1
v -4.6 6.8 -1
v -4.6 7 -1
v -4.6 7.1 -1
v -4.6 7.8 -1
v -4.6 7.9 -1
v -4.6 8.4 -1
v -4.6 8.5 -1
v -4.6 8.9 -1
v -4.6 9 -1
v -4.6 9.7 -1
v -4.6 10.1 -1
v -4.6 10.3 -1
v -4.6 10.7 -1
v -4.5 0.5 -1
v -4.5 0.6 -1
v -4.5 1.1 -1
v -4.5 1.2 -1
v -4.5 1.3 -1
v -4.5 1.4 -1
v -4.5 1.6 -1
v -4.5 1.7 -1
v -4.5 1.8 -1
v -4.5 1.9 -1
v -4.5 6.9 -1
v -4.5 7 -1
v -4.5 7.1 -1
v -4.5 7.2 -1
v -4.5 8.8 -1
v -4.5 8.9 -1
v -4.5 9.4 -1
v -4.5 9.7 -1
v -4.5 10 -1
v -4.5 10.1 -1
v -4.5 10.2 -1
v -4.5 10.3 -1
v -4.5 10.7 -1
v -4.5 10.8 -1
v -4.5 11.1 -1
v -4.5 11.2 -1
v -4.4 0.4 -1
v -4.4 0.5 -1
v -4.4 0.6 -1
v -4.4 0.7 -1
v -4.4 1 -1
v -4.4 1.1 -1
v -4.4 1.2 -1
v -4.4 1.3 -1
v -4.4 1.6 -1
v -4.4 1.7 -1
v -4.4 1.8 -1
v -4.4 1.9 -1
v -4.4 2 -1
v -4.4 2.7 -1
v -4.4 2.8 -1
v -4.4 7.6 -1
v -4.4 7.7 -1
v -4.4 9 -1
v -4.4 9.1 -1
v -4.4 9.2 -1
v -4.4 9.4 -1
v -4.4 9.7 -1
v -4.4 10 -1
v -4.4 10.2 -1
v -4.4 10.3 -1
v -4.4 10.8 -1
v -4.4 11.1 -1
v -4.4 11.2 -1
v -4.2 0.6 -1
v -4.2 0.7 -1
v -4.2 0.8 -1
v -4.2 1.3 -1
v -4.2 1.4 -1
v -4.2 1.7 -1
v -4.2 1.8 -1
v -4.2 1.9 -1
v -4.2 2 -1
v -4.2 2.1 -1
v -4.2 7.5 -1
v -4.2 7.6 -1
v -4.2 9 -1
v -4.2 9.1 -1
v -4.2 9.3 -1
v -4.2 9.7 -1
v -4.2 9.8 -1
v -4.2 10 -1
v -4.2 10.4 -1
v -4.2 10.6 -1
v -4.2 11 -1
v -4.2 11.2 -1
v -4.2 11.3 -1
v -4.2 11.4 -1
v -4.2 11.5 -1
v -4.1 0.5 -1
v -4.1 0.7 -1
v -4.1 1.4 -1
v -4.1 1.5 -1
v -4.1 1.8 -1
v -4.1 1.9 -1
v -4.1 7.6 -1
v -4.1 7.7 -1
v -4.1 7.8 -1
v -4.1 7.9 -1
v -4.1 8.1 -1
v -4.1 8.2 -1
v -4.1 8.3 -1
v -4.1 9.7 -1
v -4.1 9.8 -1
v -4.1 10 -1
v -4.1 10.4 -1
v -4.1 10.6 -1
v -4.1 11 -1
v -4 0.7 -1
v -4 0.8 -1
v -4 1 -1
v -4 1.1 -1
v -4 1.2 -1
v -4 1.3 -1
v -4 1.4 -1
v -4 1.5 -1
v -4 1.6 -1
v -4 1.7 -1
v -4 1.9 -1
v -4 2 -1
v -4 7.5 -1
v -4 7.6 -1
v -4 8.8 -1
v -4 8.9 -1
v -4 9.3 -1
v -4 9.4 -1
v -4 9.6 -1
v -4 9.7 -1
v -4 10 -1
v -4 10.1 -1
v -4 10.6 -1
v -4 10.8 -1
v -4 11.1 -1
v -3.9 1.5 -1
v -3.9 1.6 -1
v -3.9 1.7 -1
v -3.9 1.8 -1
v -3.9 6.9 -1
v -3.9 7 -1
v -3.9 7.6 -1
v -3.9 7.7 -1
v -3.9 7.8 -1
v -3.9 8.2 -1
v -3.9 8.3 -1
v -3.9 8.8 -1
v -3.9 8.9 -1
v -3.9 9.1 -1
v -3.9 9.2 -1
v -3.9 9.6 -1
v -3.9 9.9 -1
v -3.9 10 -1
v -3.9 10.1 -1
v -3.9 10.6 -1
v -3.9 10.8 -1
v -3.9 11.1 -1
v -3.9 11.2 -1
v -3.9 11.3 -1
v -3.8 0.8 -1
v -3.8 1 -1
v -3.8 1.1 -1
v -3.8 1.2 -1
v -3.8 1.3 -1
v -3.8 1.4 -1
v -3.8 1.7 -1
v -3.8 1.8 -1
v -3.8 7.6 -1
v -3.8 7.7 -1
v -3.8 8.1 -1
v -3.8 8.2 -1
v -3.8 9.8 -1
v -3.8 9.9 -1
v -3.8 10 -1
v -3.8 10.1 -1
v -3.8 10.6 -1
v -3.8 11.3 -1
v -3.8 11.4 -1
v -3.8 11.5 -1
v -3.7 0.4 -1
v -3.7 0.5 -1
v -3.7 1 -1
v -3.7 1.1 -1
v -3.7 1.8 -1
v -3.7 1.9 -1
v -3.7 7.6 -1
v -3.7 7.7 -1
v -3.7 7.8 -1
v -3.7 8.1 -1
v -3.7 8.2 -1
v -3.7 8.8 -1
v -3.7 8.9 -1
v -3.7 9 -1
v -3.7 9.2 -1
v -3.7 9.3 -1
v -3.7 9.4 -1
v -3.7 9.6 -1
v -3.7 9.7 -1
v -3.7 9.8 -1
v -3.7 9.9 -1
v -3.7 10 -1
v -3.7 10.5 -1
v -3.7 10.6 -1
v -3.7 10.7 -1
v -3.7 11 -1
v -3.6 0.5 -1
v -3.6 0.6 -1
v -3.6 1.1 -1
v -3.6 1.2 -1
v -3.6 1.5 -1
v -3.6 1.6 -1
v -3.6 1.7 -1
v -3.6 1.8 -1
v -3.6 1.9 -1
v -3.6 2 -1
v -3.6 2.1 -1
v -3.6 9.6 -1
v -3.6 9.7 -1
v -3.6 9.8 -1
v -3.6 9.9 -1
v -3.6 10.3 -1
v -3.6 10.5 -1
v -3.6 10.7 -1
v -3.6 10.8 -1
v -3.6 11 -1
v -3.6 11.1 -1
v -3.6 11.2 -1
v -3.5 0.6 -1
v -3.5 0.7 -1
v -3.5 1.3 -1
v -3.5 1.4 -1
v -3.5 1.7 -1
v -3.5 1.8 -1
v -3.5 2.7 -1
v -3.5 2.8 -1
v -3.5 8.2 -1
v -3.5 8.3 -1
v -3.5 8.8 -1
v -3.5 8.9 -1
v -3.5 9.2 -1
v -3.5 9.3 -1
v -3.5 9.4 -1
v -3.5 10.3 -1
v -3.5 10.8 -1
v -3.5 11 -1
v -3.5 11.2 -1
v -3.5 11.3 -1
v -3.5 11.4 -1
v -3.4 0.4 -1
v -3.4 0.5 -1
v -3.4 1.1 -1
v -3.4 1.2 -1
v -3.4 1.3 -1
v -3.4 1.4 -1
v -3.4 1.5 -1
v -3.4 1.6 -1
v -3.4 1.7 -1
v -3.4 1.8 -1
v -3.4 1.9 -1
v -3.4 2.7 -1
v -3.4 2.8 -1
v -3.4 7 -1
v -3.4 7.1 -1
v -3.4 7.2 -1
v -3.4 7.3 -1
v -3.4 7.5 -1
v -3.4 7.6 -1
v -3.4 7.7 -1
v -3.4 7.8 -1
v -3.4 8.1 -1
v -3.4 8.8 -1
v -3.4 8.9 -1
v -3.4 9.3 -1
v -3.4 9.4 -1
v -3.4 11 -1
v -3.4 11.1 -1
v -3.3 0.4 -1
v -3.3 0.5 -1
v -3.3 0.7 -1
v -3.3 0.8 -1
v -3.3 1 -1
v -3.3 1.1 -1
v -3.3 1.4 -1
v -3.3 1.5 -1
v -3.3 1.6 -1
v -3.3 1.9 -1
v -3.3 2.1 -1
v -3.3 6.8 -1
v -3.3 6.9 -1
v -3.3 7 -1
v -3.3 7.1 -1
v -3.3 7.2 -1
v -3.3 7.3 -1
v -3.3 7.4 -1
v -3.3 7.5 -1
v -3.3 7.6 -1
v -3.3 7.8 -1
v -3.3 8.2 -1
v -3.3 8.3 -1
v -3.3 8.4 -1
v -3.3 8.8 -1
v -3.3 8.9 -1
v -3.3 9 -1
v -3.3 9.2 -1
v -3.3 9.3 -1
v -3.2 0.5 -1
v -3.2 0.6 -1
v -3.2 0.8 -1
v -3.2 1 -1
v -3.2 1.1 -1
v -3.2 1.2 -1
v -3.2 1.4 -1
v -3.2 1.5 -1
v -3.2 2.4 -1
v -3.2 2.6 -1
v -3.2 2.7 -1
v -3.2 6.7 -1
v -3.2 6.8 -1
v -3.2 7 -1
v -3.2 7.1 -1
v -3.2 7.3 -1
v -3.2 7.4 -1
v -3.2 7.5 -1
v -3.2 7.7 -1
v -3.2 7.8 -1
v -3.2 8.4 -1
v -3.2 8.5 -1
v -3.2 9.9 -1
v -3.2 10 -1
v -3.2 10.3 -1
v -3.1 0.5 -1
v -3.1 0.6 -1
v -3.1 0.7 -1
v -3.1 1.2 -1
v -3.1 1.3 -1
v -3.1 1.4 -1
v -3.1 1.5 -1
v -3.1 1.6 -1
v -3.1 1.7 -1
v -3.1 1.8 -1
v -3.1 1.9 -1
v -3.1 6.8 -1
v -3.1 6.9 -1
v -3.1 7.8 -1
v -3.1 8.1 -1
v -3.1 8.3 -1
v -3.1 8.4 -1
v -3.1 9.6 -1
v -3.1 9.9 -1
v -3.1 10 -1
v -3.1 10.3 -1
v -3.1 11.1 -1
v -3.1 11.2 -1
v -3.1 11.3 -1
v -3.1 11.4 -1
v -3.1 11.5 -1
v -3 0.4 -1
v -3 0.5 -1
v -3 1.4 -1
v -3 1.5 -1
v -3 2.7 -1
v -3 2.8 -1
v -3 6.7 -1
v -3 6.8 -1
v -3 7.8 -1
v -3 8.1 -1
v -3 9.1 -1
v -3 9.2 -1
v -3 9.4 -1
v -3 9.6 -1
v -3 9.9 -1
v -3 10 -1
v -3 10.3 -1
v -3 10.4 -1
v -2.8 0.6 -1
v -2.8 0.7 -1
v -2.8 0.8 -1
v -2.8 1 -1
v -2.8 1.1 -1
v -2.8 1.3 -1
v -2.8 1.4 -1
v -2.8 1.5 -1
v -2.8 1.8 -1
v -2.8 1.9 -1
v -2.8 2 -1
v -2.8 2.7 -1
v -2.8 2.8 -1
v -2.8 6.5 -1
v -2.8 6.8 -1
v -2.8 9.1 -1
v -2.8 9.2 -1
v -2.8 9.3 -1
v -2.8 9.6 -1
v -2.8 9.9 -1
v -2.8 10 -1
v -2.8 10.3 -1
v -2.8 10.4 -1
v -2.8 10.6 -1
v -2.8 10.8 -1
v -2.8 11.1 -1
v -2.8 11.2 -1
v -2.7 0.8 -1
v -2.7 1 -1
v -2.7 1.6 -1
v -2.7 1.7 -1
v -2.7 1.8 -1
v -2.7 2.6 -1
v -2.7 2.7 -1
v -2.7 6.7 -1
v -2.7 6.8 -1
v -2.7 7.1 -1
v -2.7 7.4 -1
v -2.7 7.6 -1
v -2.7 8.1 -1
v -2.7 8.8 -1
v -2.7 8.9 -1
v -2.7 9.3 -1
v -2.7 9.4 -1
v -2.7 9.6 -1
v -2.7 10.5 -1
v -2.7 10.6 -1
v -2.7 10.8 -1
v -2.7 11 -1
v -2.7 11.3 -1
v -2.7 11.4 -1
v -2.7 11.5 -1
v -2.6 0.5 -1
v -2.6 0.6 -1
v -2.6 0.7 -1
v -2.6 0.8 -1
v -2.6 1.9 -1
v -2.6 2 -1
v -2.6 2.7 -1
v -2.6 2.8 -1
v -2.6 6.5 -1
v -2.6 6.7 -1
v -2.6 7 -1
v -2.6 7.1 -1
v -2.6 7.3 -1
v -2.6 7.4 -1
v -2.6 7.5 -1
v -2.6 7.7 -1
v -2.6 7.9 -1
v -2.6 8.1 -1
v -2.6 8.2 -1
v -2.6 8.4 -1
v -2.6 8.6 -1
v -2.6 10.6 -1
v -2.6 10.8 -1
v -2.6 11 -1
v -2.5 1 -1
v -2.5 1.1 -1
v -2.5 1.4 -1
v -2.5 1.5 -1
v -2.5 1.6 -1
v -2.5 1.7 -1
v -2.5 1.8 -1
v -2.5 1.9 -1
v -2.5 2 -1
v -2.5 2.1 -1
v -2.5 2.2 -1
v -2.5 2.4 -1
v -2.5 2.8 -1
v -2.5 2.9 -1
v -2.5 6.5 -1
v -2.5 6.7 -1
v -2.5 7.1 -1
v -2.5 7.3 -1
v -2.5 7.4 -1
v -2.5 7.7 -1
v -2.5 7.9 -1
v -2.5 8.1 -1
v -2.5 8.4 -1
v -2.5 8.5 -1
v -2.5 8.8 -1
v -2.5 8.9 -1
v -2.5 11.2 -1
v -2.5 11.3 -1
v -2.5 11.4 -1
v -2.4 0.6 -1
v -2.4 0.7 -1
v -2.4 0.8 -1
v -2.4 1 -1
v -2.4 1.9 -1
v -2.4 2 -1
v -2.4 2.4 -1
v -2.4 2.5 -1
v -2.4 3.1 -1
v -2.4 3.3 -1
v -2.4 7.1 -1
v -2.4 7.2 -1
v -2.4 7.3 -1
v -2.4 7.4 -1
v -2.4 7.7 -1
v -2.4 7.8 -1
v -2.4 7.9 -1
v -2.4 8.1 -1
v -2.4 8.9 -1
v -2.4 9 -1
v -2.4 10.5 -1
v -2.4 10.6 -1
v -2.4 10.8 -1
v -2.4 11 -1
v -2.3 1.1 -1
v -2.3 1.2 -1
v -2.3 1.5 -1
v -2.3 1.6 -1
v -2.3 1.7 -1
v -2.3 1.8 -1
v -2.3 1.9 -1
v -2.3 7.2 -1
v -2.3 7.3 -1
v -2.3 7.8 -1
v -2.3 7.9 -1
v -2.3 8.6 -1
v -2.3 8.7 -1
v -2.3 8.9 -1
v -2.3 9 -1
v -2.3 11.2 -1
v -2.3 11.3 -1
v -2.3 11.4 -1
v -2.3 11.5 -1
v -2.2 1 -1
v -2.2 1.1 -1
v -2.2 2.8 -1
v -2.2 2.9 -1
v -2.2 4 -1
v -2.2 4.1 -1
v -2.2 4.5 -1
v -2.2 4.6 -1
v -2.2 5.1 -1
v -2.2 5.5 -1
v -2.2 6.5 -1
v -2.2 6.7 -1
v -2.2 6.8 -1
v -2.2 6.9 -1
v -2.2 7.2 -1
v -2.2 7.3 -1
v -2.2 7.8 -1
v -2.2 7.9 -1
v -2.2 8.7 -1
v -2.2 8.8 -1
v -2.2 9 -1
v -2.2 9.1 -1
v -2.2 9.3 -1
v -2.2 9.6 -1
v -2.2 10.5 -1
v -2.2 10.6 -1
v -2.2 10.8 -1
v -2.1 0.7 -1
v -2.1 0.8 -1
v -2.1 1.2 -1
v -2.1 1.3 -1
v -2.1 1.4 -1
v -2.1 1.5 -1
v -2.1 1.6 -1
v -2.1 1.7 -1
v -2.1 1.8 -1
v -2.1 2.2 -1
v -2.1 2.4 -1
v -2.1 2.5 -1
v -2.1 2.7 -1
v -2.1 2.8 -1
v -2.1 3.3 -1
v -2.1 3.4 -1
v -2.1 3.7 -1
v -2.1 3.9 -1
v -2.1 4 -1
v -2.1 4.1 -1
v -2.1 4.2 -1
v -2.1 4.5 -1
v -2.1 4.6 -1
v -2.1 4.8 -1
v -2.1 5.5 -1
v -2.1 5.6 -1
v -2.1 5.7 -1
v -2.1 5.8 -1
v -2.1 6.5 -1
v -2.1 6.7 -1
v -2.1 7.2 -1
v -2.1 7.3 -1
v -2.1 7.8 -1
v -2.1 7.9 -1
v -2.1 9.2 -1
v -2.1 9.3 -1
v -2.1 9.6 -1
v -2.1 10.1 -1
v -2.1 10.3 -1
v -2.1 10.5 -1
v -2.1 10.6 -1
v -2.1 10.8 -1
v -2.1 11 -1
v -2.1 11.1 -1
v -2.1 11.4 -1
v -2.1 11.5 -1
v -2 1.1 -1
v -2 1.2 -1
v -2 1.5 -1
v -2 1.6 -1
v -2 3 -1
v -2 3.1 -1
v -2 3.3 -1
v -2 3.4 -1
v -2 3.5 -1
v -2 3.6 -1
v -2 3.9 -1
v -2 4 -1
v -2 5.4 -1
v -2 5.6 -1
v -2 5.9 -1
v -2 6 -1
v -2 6.5 -1
v -2 6.7 -1
v -2 7.2 -1
v -2 7.3 -1
v -2 7.8 -1
v -2 7.9 -1
v -2 8.2 -1
v -2 8.3 -1
v -2 8.5 -1
v -2 8.7 -1
v -2 8.8 -1
v -2 8.9 -1
v -2 9 -1
v -2 9.1 -1
v -2 9.2 -1
v -2 10.1 -1
v -2 10.3 -1
v -2 10.6 -1
v -2 10.8 -1
v -2 11.1 -1
v -2 11.5 -1
v -1.9 1.4 -1
v -1.9 1.5 -1
v -1.9 1.7 -1
v -1.9 1.8 -1
v -1.9 2.6 -1
v -1.9 2.7 -1
v -1.9 3.2 -1
v -1.9 3.3 -1
v -1.9 3.7 -1
v -1.9 3.9 -1
v -1.9 4.2 -1
v -1.9 4.3 -1
v -1.9 4.6 -1
v -1.9 4.7 -1
v -1.9 5 -1
v -1.9 5.1 -1
v -1.9 5.3 -1
v -1.9 5.4 -1
v -1.9 5.7 -1
v -1.9 5.8 -1
v -1.9 5.9 -1
v -1.9 6 -1
v -1.9 6.5 -1
v -1.9 6.7 -1
v -1.9 6.8 -1
v -1.9 6.9 -1
v -1.9 7 -1
v -1.9 7.1 -1
v -1.9 7.2 -1
v -1.9 7.3 -1
v -1.9 7.4 -1
v -1.9 7.5 -1
v -1.9 7.6 -1
v -1.9 7.7 -1
v -1.9 7.8 -1
v -1.9 7.9 -1
v -1.9 8.1 -1
v -1.9 8.5 -1
v -1.9 8.7 -1
v -1.9 9 -1
v -1.9 9.1 -1
v -1.9 9.2 -1
v -1.9 10 -1
v -1.9 10.8 -1
v -1.8 0.3 -1
v -1.8 0.4 -1
v -1.8 1 -1
v -1.8 1.1 -1
v -1.8 1.2 -1
v -1.8 1.3 -1
v -1.8 1.4 -1
v -1.8 1.7 -1
v -1.8 1.9 -1
v -1.8 2.2 -1
v -1.8 2.4 -1
v -1.8 3.4 -1
v -1.8 3.5 -1
v -1.8 3.6 -1
v -1.8 4.7 -1
v -1.8 4.8 -1
v -1.8 5 -1
v -1.8 5.1 -1
v -1.8 5.3 -1
v -1.8 5.5 -1
v -1.8 5.6 -1
v -1.8 6 -1
v -1.8 6.1 -1
v -1.8 6.2 -1
v -1.8 7 -1
v -1.8 7.1 -1
v -1.8 7.3 -1
v -1.8 7.4 -1
v -1.8 7.5 -1
v -1.8 7.6 -1
v -1.8 7.7 -1
v -1.8 7.9 -1
v -1.8 8.1 -1
v -1.8 8.2 -1
v -1.8 8.5 -1
v -1.8 8.7 -1
v -1.8 8.9 -1
v -1.8 9 -1
v -1.8 9.1 -1
v -1.8 9.2 -1
v -1.8 10 -1
v -1.8 10.6 -1
v -1.8 10.8 -1
v -1.8 11.3 -1
v -1.7 0.4 -1
v -1.7 0.5 -1
v -1.7 2.2 -1
v -1.7 2.4 -1
v -1.7 3.1 -1
v -1.7 3.2 -1
v -1.7 4.4 -1
v -1.7 4.5 -1
v -1.7 5 -1
v -1.7 5.1 -1
v -1.7 5.8 -1
v -1.7 5.9 -1
v -1.7 6 -1
v -1.7 6.1 -1
v -1.7 6.2 -1
v -1.7 6.8 -1
v -1.7 6.9 -1
v -1.7 8.2 -1
v -1.7 8.3 -1
v -1.7 8.9 -1
v -1.7 9 -1
v -1.7 9.1 -1
v -1.7 9.6 -1
v -1.7 10.6 -1
v -1.7 11.2 -1
v -1.7 11.3 -1
v -1.7 11.4 -1
v -1.6 0.3 -1
v -1.6 0.4 -1
v -1.6 0.8 -1
v -1.6 1 -1
v -1.6 1.1 -1
v -1.6 1.2 -1
v -1.6 1.3 -1
v -1.6 1.4 -1
v -1.6 1.5 -1
v -1.6 1.6 -1
v -1.6 1.7 -1
v -1.6 1.8 -1
v -1.6 2.8 -1
v -1.6 3 -1
v -1.6 3.2 -1
v -1.6 3.3 -1
v -1.6 4 -1
v -1.6 4.1 -1
v -1.6 4.2 -1
v -1.6 4.3 -1
v -1.6 4.4 -1
v -1.6 5 -1
v -1.6 5.1 -1
v -1.6 5.6 -1
v -1.6 5.8 -1
v -1.6 5.9 -1
v -1.6 6 -1
v -1.6 6.5 -1
v -1.6 6.7 -1
v -1.6 7.2 -1
v -1.6 7.3 -1
v -1.6 8.9 -1
v -1.6 9.1 -1
v -1.6 9.2 -1
v -1.6 9.3 -1
v -1.6 9.6 -1
v -1.6 9.7 -1
v -1.6 9.9 -1
v -1.6 10.7 -1
v -1.6 11.2 -1
v -1.6 11.3 -1
v -1.6 11.4 -1
v -1.6 11.5 -1
v -1.5 0.3 -1
v -1.5 0.4 -1
v -1.5 0.5 -1
v -1.5 0.6 -1
v -1.5 1.1 -1
v -1.5 1.2 -1
v -1.5 1.7 -1
v -1.5 1.8 -1
v -1.5 2.4 -1
v -1.5 2.5 -1
v -1.5 3.5 -1
v -1.5 3.6 -1
v -1.5 4.1 -1
v -1.5 4.2 -1
v -1.5 5.3 -1
v -1.5 5.4 -1
v -1.5 6.2 -1
v -1.5 6.3 -1
v -1.5 6.4 -1
v -1.5 6.5 -1
v -1.5 7.3 -1
v -1.5 7.7 -1
v -1.5 8.2 -1
v -1.5 8.3 -1
v -1.5 9.1 -1
v -1.5 9.2 -1
v -1.5 9.7 -1
v -1.5 9.9 -1
v -1.5 10.2 -1
v -1.5 10.7 -1
v -1.5 11.3 -1
v -1.5 11.4 -1
v -1.3 0.4 -1
v -1.3 0.5 -1
v -1.3 0.6 -1
v -1.3 0.7 -1
v -1.3 1 -1
v -1.3 1.1 -1
v -1.3 1.2 -1
v -1.3 3.1 -1
v -1.3 3.2 -1
v -1.3 3.3 -1
v -1.3 3.4 -1
v -1.3 3.6 -1
v -1.3 3.9 -1
v -1.3 4 -1
v -1.3 4.2 -1
v -1.3 4.3 -1
v -1.3 4.4 -1
v -1.3 4.5 -1
v -1.3 4.6 -1
v -1.3 4.7 -1
v -1.3 4.8 -1
v -1.3 4.9 -1
v -1.3 5 -1
v -1.3 5.3 -1
v -1.3 5.4 -1
v -1.3 5.5 -1
v -1.3 5.6 -1
v -1.3 5.7 -1
v -1.3 5.8 -1
v -1.3 5.9 -1
v -1.3 6 -1
v -1.3 6.1 -1
v -1.3 6.2 -1
v -1.3 6.3 -1
v -1.3 6.4 -1
v -1.3 6.5 -1
v -1.3 6.7 -1
v -1.3 6.8 -1
v -1.3 6.9 -1
v -1.3 7.2 -1
v -1.3 7.3 -1
v -1.3 7.4 -1
v -1.3 7.5 -1
v -1.3 7.6 -1
v -1.3 7.7 -1
v -1.3 7.8 -1
v -1.3 8.2 -1
v -1.3 8.4 -1
v -1.3 8.7 -1
v -1.3 8.8 -1
v -1.3 8.9 -1
v -1.3 9.2 -1
v -1.3 9.3 -1
v -1.3 9.4 -1
v -1.3 9.6 -1
v -1.3 9.8 -1
v -1.3 10 -1
v -1.3 10.2 -1
v -1.3 10.7 -1
v -1.3 11.4 -1
v -1.2 0.4 -1
v -1.2 0.5 -1
v -1.2 1.1 -1
v -1.2 1.2 -1
v -1.2 1.4 -1
v -1.2 1.5 -1
v -1.2 1.6 -1
v -1.2 2.5 -1
v -1.2 2.6 -1
v -1.2 3.1 -1
v -1.2 3.2 -1
v -1.2 3.4 -1
v -1.2 3.5 -1
v -1.2 3.6 -1
v -1.2 3.9 -1
v -1.2 4.2 -1
v -1.2 4.3 -1
v -1.2 4.4 -1
v -1.2 4.5 -1
v -1.2 4.7 -1
v -1.2 4.8 -1
v -1.2 4.9 -1
v -1.2 5 -1
v -1.2 5.4 -1
v -1.2 5.5 -1
v -1.2 5.7 -1
v -1.2 5.8 -1
v -1.2 5.9 -1
v -1.2 6 -1
v -1.2 6.1 -1
v -1.2 6.3 -1
v -1.2 6.5 -1
v -1.2 6.8 -1
v -1.2 7 -1
v -1.2 7.1 -1
v -1.2 7.2 -1
v -1.2 7.3 -1
v -1.2 7.4 -1
v -1.2 7.5 -1
v -1.2 7.6 -1
v -1.2 7.7 -1
v -1.2 8.4 -1
v -1.2 8.5 -1
v -1.2 8.6 -1
v -1.2 9.6 -1
v -1.2 9.8 -1
v -1.2 10 -1
v -1.2 10.2 -1
v -1.2 10.3 -1
v -1.1 0.4 -1
v -1.1 0.5 -1
v -1.1 0.6 -1
v -1.1 0.7 -1
v -1.1 3 -1
v -1.1 3.2 -1
v -1.1 3.3 -1
v -1.1 3.4 -1
v -1.1 5 -1
v -1.1 5.3 -1
v -1.1 5.7 -1
v -1.1 5.8 -1
v -1.1 5.9 -1
v -1.1 6.3 -1
v -1.1 6.4 -1
v -1.1 6.5 -1
v -1.1 7.5 -1
v -1.1 7.6 -1
v -1.1 8.5 -1
v -1.1 8.6 -1
v -1.1 9 -1
v -1.1 9.1 -1
v -1.1 9.2 -1
v -1.1 9.7 -1
v -1.1 9.8 -1
v -1.1 10.2 -1
v -1.1 10.3 -1
v -1.1 10.5 -1
v -1 1 -1
v -1 1.1 -1
v -1 1.3 -1
v -1 1.4 -1
v -1 1.5 -1
v -1 1.6 -1
v -1 1.7 -1
v -1 1.8 -1
v -1 3.1 -1
v -1 3.2 -1
v -1 3.3 -1
v -1 3.4 -1
v -1 4.3 -1
v -1 4.5 -1
v -1 4.6 -1
v -1 4.8 -1
v -1 5 -1
v -1 5.5 -1
v -1 5.7 -1
v -1 6.1 -1
v -1 6.3 -1
v -1 6.4 -1
v -1 6.5 -1
v -1 6.7 -1
v -1 7 -1
v -1 7.1 -1
v -1 7.2 -1
v -1 7.3 -1
v -1 7.5 -1
v -1 8.2 -1
v -1 8.3 -1
v -1 8.6 -1
v -1 8.7 -1
v -1 8.8 -1
v -1 8.9 -1
v -1 9 -1
v -1 9.7 -1
v -1 9.8 -1
v -1 9.9 -1
v -1 10 -1
v -1 10.2 -1
v -1 10.3 -1
v -1 10.6 -1
v -1 10.8 -1
v -1 11.3 -1
v -0.9 0.5 -1
v -0.9 0.6 -1
v -0.9 0.7 -1
v -0.9 1 -1
v -0.9 1.1 -1
v -0.9 1.8 -1
v -0.9 1.9 -1
v -0.9 2.9 -1
v -0.9 3 -1
v -0.9 3.4 -1
v -0.9 3.5 -1
v -0.9 4 -1
v -0.9 4.1 -1
v -0.9 5 -1
v -0.9 5.3 -1
v -0.9 7 -1
v -0.9 7.1 -1
v -0.9 8.5 -1
v -0.9 8.6 -1
v -0.9 9 -1
v -0.9 9.1 -1
v -0.9 9.2 -1
v -0.9 9.4 -1
v -0.9 9.6 -1
v -0.9 9.9 -1
v -0.9 10 -1
v -0.9 10.6 -1
v -0.9 10.8 -1
v -0.9 11.3 -1
v -0.9 11.4 -1
v -0.8 1.5 -1
v -0.8 1.6 -1
v -0.8 1.7 -1
v -0.8 1.8 -1
v -0.8 2.7 -1
v -0.8 2.8 -1
v -0.8 3.5 -1
v -0.8 3.6 -1
v -0.8 5.8 -1
v -0.8 5.9 -1
v -0.8 6.4 -1
v -0.8 6.5 -1
v -0.8 7.1 -1
v -0.8 7.2 -1
v -0.8 8.2 -1
v -0.8 8.3 -1
v -0.8 8.4 -1
v -0.8 9.1 -1
v -0.8 9.2 -1
v -0.8 11.2 -1
v -0.8 11.3 -1
v -0.7 0.6 -1
v -0.7 0.7 -1
v -0.7 1 -1
v -0.7 2.1 -1
v -0.7 2.6 -1
v -0.7 2.7 -1
v -0.7 2.8 -1
v -0.7 3.3 -1
v -0.7 3.4 -1
v -0.7 3.6 -1
v -0.7 3.9 -1
v -0.7 4.6 -1
v -0.7 4.7 -1
v -0.7 5 -1
v -0.7 5.3 -1
v -0.7 8.4 -1
v -0.7 8.5 -1
v -0.7 10.3 -1
v -0.7 10.5 -1
v -0.7 10.8 -1
v -0.7 11 -1
v -0.7 11.3 -1
v -0.7 11.5 -1
v -0.6 1 -1
v -0.6 1.1 -1
v -0.6 1.3 -1
v -0.6 1.4 -1
v -0.6 1.5 -1
v -0.6 1.6 -1
v -0.6 1.7 -1
v -0.6 1.8 -1
v -0.6 1.9 -1
v -0.6 2.1 -1
v -0.6 2.2 -1
v -0.6 4 -1
v -0.6 4.1 -1
v -0.6 4.2 -1
v -0.6 4.3 -1
v -0.6 4.5 -1
v -0.6 4.7 -1
v -0.6 4.8 -1
v -0.6 5 -1
v -0.6 5.3 -1
v -0.6 5.4 -1
v -0.6 5.5 -1
v -0.6 5.7 -1
v -0.6 5.9 -1
v -0.6 6.1 -1
v -0.6 6.3 -1
v -0.6 6.5 -1
v -0.6 6.7 -1
v -0.6 7 -1
v -0.6 7.1 -1
v -0.6 7.2 -1
v -0.6 7.3 -1
v -0.6 7.5 -1
v -0.6 7.6 -1
v -0.6 7.7 -1
v -0.6 7.8 -1
v -0.6 8.7 -1
v -0.6 8.8 -1
v -0.6 9.8 -1
v -0.6 9.9 -1
v -0.6 11.1 -1
v -0.6 11.2 -1
v -0.5 0.7 -1
v -0.5 0.8 -1
v -0.5 1.4 -1
v -0.5 1.5 -1
v -0.5 2.2 -1
v -0.5 2.4 -1
v -0.5 2.6 -1
v -0.5 2.7 -1
v -0.5 3.2 -1
v -0.5 3.3 -1
v -0.5 3.4 -1
v -0.5 3.5 -1
v -0.5 3.6 -1
v -0.5 4.2 -1
v -0.5 7.5 -1
v -0.5 8.4 -1
v -0.5 8.5 -1
v -0.5 8.7 -1
v -0.5 8.8 -1
v -0.5 8.9 -1
v -0.5 9.1 -1
v -0.5 10.1 -1
v -0.5 10.2 -1
v -0.5 11 -1
v -0.5 11.1 -1
v -0.5 11.2 -1
v -0.5 11.3 -1
v -0.4 0.8 -1
v -0.4 1 -1
v -0.4 1.1 -1
v -0.4 1.2 -1
v -0.4 2.4 -1
v -0.4 2.6 -1
v -0.4 2.7 -1
v -0.4 2.8 -1
v -0.4 3.1 -1
v -0.4 3.3 -1
v -0.4 3.4 -1
v -0.4 3.5 -1
v -0.4 3.6 -1
v -0.4 3.9 -1
v -0.4 4 -1
v -0.4 4.1 -1
v -0.4 4.2 -1
v -0.4 7.5 -1
v -0.4 7.6 -1
v -0.4 7.7 -1
v -0.4 8.3 -1
v -0.4 8.4 -1
v -0.4 8.5 -1
v -0.4 8.7 -1
v -0.4 9.6 -1
v -0.4 9.9 -1
v -0.4 10.1 -1
v -0.4 10.3 -1
v -0.4 10.8 -1
v -0.4 11 -1
v -0.3 1 -1
v -0.3 1.1 -1
v -0.3 1.9 -1
v -0.3 2 -1
v -0.3 2.1 -1
v -0.3 2.2 -1
v -0.3 2.4 -1
v -0.3 2.6 -1
v -0.3 2.8 -1
v -0.3 3 -1
v -0.3 3.1 -1
v -0.3 8.7 -1
v -0.3 8.8 -1
v -0.3 8.9 -1
v -0.3 9.1 -1
v -0.3 9.4 -1
v -0.3 9.6 -1
v -0.3 10.7 -1
v -0.2 1.1 -1
v -0.2 1.2 -1
v -0.2 1.3 -1
v -0.2 1.4 -1
v -0.2 1.5 -1
v -0.2 2.4 -1
v -0.2 2.5 -1
v -0.2 2.6 -1
v -0.2 2.7 -1
v -0.2 3.3 -1
v -0.2 4 -1
v -0.2 4.4 -1
v -0.2 4.8 -1
v -0.2 7.3 -1
v -0.2 7.7 -1
v -0.2 8.5 -1
v -0.2 8.9 -1
v -0.2 9 -1
v -0.2 9.4 -1
v -0.2 9.6 -1
v -0.2 10.7 -1
v -0.2 11 -1
v -0.2 11.1 -1
v -0.2 11.2 -1
v -0.2 11.4 -1
v -0.2 11.5 -1
v -0.0999999 1.3 -1
v -0.0999999 1.4 -1
v -0.0999999 1.6 -1
v -0.0999999 1.7 -1
v -0.0999999 1.8 -1
v -0.0999999 1.9 -1
v -0.0999999 2.6 -1
v -0.0999999 2.7 -1
v -0.0999999 2.9 -1
v -0.0999999 3 -1
v -0.0999999 3.1 -1
v -0.0999999 4 -1
v -0.0999999 4.5 -1
v -0.0999999 4.8 -1
v -0.0999999 7.2 -1
v -0.0999999 7.7 -1
v -0.0999999 8.7 -1
v -0.0999999 8.9 -1
v -0.0999999 9 -1
v -0.0999999 9.6 -1
v -0.0999999 9.7 -1
v -0.0999999 10.1 -1
v 0.1 1.2 -1
v 0.1 1.3 -1
v 0.1 2 -1
v 0.1 2.1 -1
v 0.1 2.4 -1
v 0.1 2.5 -1
v 0.1 2.6 -1
v 0.1 9.6 -1
v 0.1 9.7 -1
v 0.1 10.1 -1
v 0.1 11.1 -1
v 0.1 11.2 -1
v 0.2 1.3 -1
v 0.2 1.4 -1
v 0.2 1.5 -1
v 0.2 1.8 -1
v 0.2 1.9 -1
v 0.2 2.2 -1
v 0.2 2.4 -1
v 0.2 2.5 -1
v 0.2 8.9 -1
v 0.2 9 -1
v 0.2 10.1 -1
v 0.2 10.8 -1
v 0.2 11 -1
v 0.2 11.1 -1
v 0.2 11.2 -1
v 0.2 11.3 -1
v 0.3 1 -1
v 0.3 1.1 -1
v 0.3 2 -1
v 0.3 2.1 -1
v 0.3 2.4 -1
v 0.3 2.7 -1
v 0.3 2.8 -1
v 0.3 3.1 -1
v 0.3 3.3 -1
v 0.3 4 -1
v 0.3 7.7 -1
v 0.3 8.5 -1
v 0.3 8.7 -1
v 0.3 9 -1
v 0.3 9.1 -1
v 0.3 10.1 -1
v 0.3 10.8 -1
v 0.3 11.1 -1
v 0.3 11.2 -1
v 0.3 11.3 -1
v 0.3 11.4 -1
v 0.4 1.4 -1
v 0.4 1.5 -1
v 0.4 1.6 -1
v 0.4 2.1 -1
v 0.4 2.8 -1
v 0.4 9.1 -1
v 0.4 9.2 -1
v 0.4 11.2 -1
v 0.4 11.3 -1
v 0.4 11.4 -1
v 0.4 11.5 -1
v 0.5 1.5 -1
v 0.5 1.6 -1
v 0.5 2.1 -1
v 0.5 2.4 -1
v 0.5 2.5 -1
v 0.5 2.8 -1
v 0.5 3.3 -1
v 0.5 4 -1
v 0.5 4.4 -1
v 0.5 4.5 -1
v 0.5 7.7 -1
v 0.5 8.5 -1
v 0.5 9.2 -1
v 0.5 9.3 -1
v 0.5 9.8 -1
v 0.5 10.5 -1
v 0.5 11.3 -1
v 0.6 1 -1
v 0.6 1.1 -1
v 0.6 1.4 -1
v 0.6 1.5 -1
v 0.6 2 -1
v 0.6 2.1 -1
v 0.6 3.1 -1
v 0.6 4 -1
v 0.6 7.7 -1
v 0.6 8.7 -1
v 0.6 8.9 -1
v 0.6 9 -1
v 0.6 9.2 -1
v 0.6 9.3 -1
v 0.6 9.8 -1
v 0.6 10.5 -1
v 0.6 11.3 -1
v 0.6 11.4 -1
v 0.7 1.6 -1
v 0.7 1.7 -1
v 0.7 1.8 -1
v 0.7 2.1 -1
v 0.7 2.4 -1
v 0.7 2.5 -1
v 0.7 2.8 -1
v 0.7 9.7 -1
v 0.7 10.2 -1
v 0.7 11 -1
v 0.7 11.1 -1
v 0.7 11.2 -1
v 0.7 11.3 -1
v 0.8 1.1 -1
v 0.8 1.2 -1
v 0.8 1.9 -1
v 0.8 2 -1
v 0.8 2.1 -1
v 0.8 2.8 -1
v 0.8 3.1 -1
v 0.8 3.3 -1
v 0.8 4 -1
v 0.8 5.9 -1
v 0.8 6.4 -1
v 0.8 7.7 -1
v 0.8 8.5 -1
v 0.8 8.7 -1
v 0.8 9.2 -1
v 0.8 9.3 -1
v 0.8 9.7 -1
v 0.8 10.2 -1
v 0.8 10.7 -1
v 0.8 11.3 -1
v 0.8 11.4 -1
v 0.9 1.2 -1
v 0.9 1.3 -1
v 0.9 1.7 -1
v 0.9 1.8 -1
v 0.9 2.1 -1
v 0.9 2.5 -1
v 0.9 2.7 -1
v 0.9 2.8 -1
v 0.9 5.7 -1
v 0.9 5.9 -1
v 0.9 6 -1
v 0.9 6.1 -1
v 0.9 6.3 -1
v 0.9 6.4 -1
v 0.9 9.3 -1
v 0.9 9.4 -1
v 0.9 9.6 -1
v 0.9 10.2 -1
v 0.9 10.7 -1
v 0.9 10.8 -1
v 0.9 11 -1
v 0.9 11.1 -1
v 0.9 11.2 -1
v 0.9 11.3 -1
v 0.9 11.4 -1
v 0.9 11.5 -1
v 1 1 -1
v 1 1.1 -1
v 1 2.2 -1
v 1 2.4 -1
v 1 2.6 -1
v 1 2.7 -1
v 1 3.3 -1
v 1 4 -1
v 1 5.6 -1
v 1 5.7 -1
v 1 5.8 -1
v 1 6 -1
v 1 6.2 -1
v 1 6.3 -1
v 1 7.7 -1
v 1 8.5 -1
v 1 9.7 -1
v 1 10.2 -1
v 1 10.3 -1
v 1 10.7 -1
v 1 11 -1
v 1 11.1 -1
v 1.1 1.8 -1
v 1.1 1.9 -1
v 1.1 2 -1
v 1.1 2.4 -1
v 1.1 2.5 -1
v 1.1 3.1 -1
v 1.1 4 -1
v 1.1 5.4 -1
v 1.1 5.6 -1
v 1.1 5.8 -1
v 1.1 5.9 -1
v 1.1 6 -1
v 1.1 6.1 -1
v 1.1 7.7 -1
v 1.1 8.7 -1
v 1.1 9.4 -1
v 1.1 9.6 -1
v 1.1 9.7 -1
v 1.1 10.3 -1
v 1.1 10.7 -1
v 1.2 1.8 -1
v 1.2 1.9 -1
v 1.2 2.1 -1
v 1.2 2.2 -1
v 1.2 2.6 -1
v 1.2 2.7 -1
v 1.2 2.8 -1
v 1.2 5.2 -1
v 1.2 5.4 -1
v 1.2 5.6 -1
v 1.2 5.8 -1
v 1.2 6.1 -1
v 1.2 6.2 -1
v 1.2 9.6 -1
v 1.2 9.7 -1
v 1.2 10.8 -1
v 1.2 11 -1
v 1.2 11.2 -1
v 1.2 11.3 -1
v 1.3 1.9 -1
v 1.3 2 -1
v 1.3 2.2 -1
v 1.3 2.5 -1
v 1.3 2.7 -1
v 1.3 3.1 -1
v 1.3 3.3 -1
v 1.3 4 -1
v 1.3 5.1 -1
v 1.3 5.2 -1
v 1.3 5.3 -1
v 1.3 5.4 -1
v 1.3 5.6 -1
v 1.3 5.8 -1
v 1.3 7.7 -1
v 1.3 8.5 -1
v 1.3 8.7 -1
v 1.3 11.2 -1
v 1.3 11.3 -1
v 1.4 4.9 -1
v 1.4 5.1 -1
v 1.4 5.3 -1
v 1.4 5.4 -1
v 1.4 5.6 -1
v 1.4 5.7 -1
v 1.4 5.8 -1
v 1.4 5.9 -1
v 1.4 6 -1
v 1.4 6.1 -1
v 1.5 1.4 -1
v 1.5 1.5 -1
v 1.5 1.7 -1
v 1.5 1.8 -1
v 1.5 2.1 -1
v 1.5 2.5 -1
v 1.5 4.8 -1
v 1.5 4.9 -1
v 1.5 5.1 -1
v 1.5 5.2 -1
v 1.5 5.3 -1
v 1.5 5.4 -1
v 1.5 6.7 -1
v 1.5 7.1 -1
v 1.5 9.6 -1
v 1.5 9.8 -1
v 1.5 10 -1
v 1.5 10.1 -1
v 1.5 10.4 -1
v 1.5 11 -1
v 1.6 1.6 -1
v 1.6 1.7 -1
v 1.6 2 -1
v 1.6 2.1 -1
v 1.6 2.2 -1
v 1.6 2.7 -1
v 1.6 3.3 -1
v 1.6 4 -1
v 1.6 4.6 -1
v 1.6 4.7 -1
v 1.6 4.8 -1
v 1.6 4.9 -1
v 1.6 5 -1
v 1.6 5.1 -1
v 1.6 5.2 -1
v 1.6 5.6 -1
v 1.6 5.7 -1
v 1.6 5.8 -1
v 1.6 5.9 -1
v 1.6 6 -1
v 1.6 6.3 -1
v 1.6 6.6 -1
v 1.6 6.7 -1
v 1.6 6.8 -1
v 1.6 7 -1
v 1.6 7.1 -1
v 1.6 7.7 -1
v 1.6 8.5 -1
v 1.6 9.8 -1
v 1.6 9.9 -1
v 1.6 10.1 -1
v 1.6 10.3 -1
v 1.6 10.4 -1
v 1.6 11 -1
v 1.6 11.2 -1
v 1.6 11.3 -1
v 1.6 11.4 -1
v 1.6 11.5 -1
v 1.7 1.5 -1
v 1.7 1.6 -1
v 1.7 2.1 -1
v 1.7 2.2 -1
v 1.7 2.7 -1
v 1.7 2.8 -1
v 1.7 3.1 -1
v 1.7 4 -1
v 1.7 4.5 -1
v 1.7 4.6 -1
v 1.7 4.7 -1
v 1.7 4.8 -1
v 1.7 4.9 -1
v 1.7 5 -1
v 1.7 5.9 -1
v 1.7 6.3 -1
v 1.7 6.6 -1
v 1.7 6.8 -1
v 1.7 7 -1
v 1.7 7.7 -1
v 1.7 8.7 -1
v 1.7 9.8 -1
v 1.7 9.9 -1
v 1.7 10.1 -1
v 1.7 10.2 -1
v 1.7 10.5 -1
v 1.7 10.6 -1
v 1.7 11.1 -1
v 1.7 11.2 -1
v 1.7 11.4 -1
v 1.7 11.5 -1
v 1.8 1.5 -1
v 1.8 1.6 -1
v 1.8 1.7 -1
v 1.8 4.5 -1
v 1.8 4.6 -1
v 1.8 4.7 -1
v 1.8 4.8 -1
v 1.8 6.1 -1
v 1.8 6.3 -1
v 1.8 6.6 -1
v 1.8 6.8 -1
v 1.8 9.8 -1
v 1.8 9.9 -1
v 1.8 10.1 -1
v 1.8 10.2 -1
v 1.8 10.3 -1
v 1.8 10.4 -1
v 1.8 10.5 -1
v 1.8 10.6 -1
v 1.8 10.7 -1
v 1.8 11 -1
v 1.8 11.2 -1
v 1.8 11.3 -1
v 1.9 3.1 -1
v 1.9 3.3 -1
v 1.9 4 -1
v 1.9 5.6 -1
v 1.9 5.7 -1
v 1.9 5.8 -1
v 1.9 6.1 -1
v 1.9 6.3 -1
v 1.9 6.4 -1
v 1.9 6.6 -1
v 1.9 7.7 -1
v 1.9 8.5 -1
v 1.9 8.7 -1
v 1.9 9.2 -1
v 1.9 9.3 -1
v 1.9 9.6 -1
v 1.9 9.7 -1
v 1.9 10.2 -1
v 1.9 10.3 -1
v 1.9 10.5 -1
v 1.9 10.6 -1
v 1.9 11 -1
v 1.9 11.1 -1
v 2 2.1 -1
v 2 2.2 -1
v 2 2.7 -1
v 2 2.8 -1
v 2 5.5 -1
v 2 5.6 -1
v 2 5.7 -1
v 2 5.8 -1
v 2 6.1 -1
v 2 6.4 -1
v 2 9.7 -1
v 2 9.9 -1
v 2 10.4 -1
v 2 10.5 -1
v 2 10.7 -1
v 2 10.8 -1
v 2.1 1.5 -1
v 2.1 1.6 -1
v 2.1 1.7 -1
v 2.1 2.2 -1
v 2.1 2.7 -1
v 2.1 3.3 -1
v 2.1 4 -1
v 2.1 5.6 -1
v 2.1 5.8 -1
v 2.1 5.9 -1
v 2.1 6.1 -1
v 2.1 7.7 -1
v 2.1 8.5 -1
v 2.1 9.9 -1
v 2.1 10 -1
v 2.1 10.2 -1
v 2.1 10.3 -1
v 2.1 10.4 -1
v 2.1 10.5 -1
v 2.1 11.3 -1
v 2.1 11.4 -1
v 2.2 1.5 -1
v 2.2 1.8 -1
v 2.2 2.2 -1
v 2.2 2.7 -1
v 2.2 3.1 -1
v 2.2 4 -1
v 2.2 5.7 -1
v 2.2 5.9 -1
v 2.2 7.7 -1
v 2.2 8.7 -1
v 2.2 9.6 -1
v 2.2 9.7 -1
v 2.2 9.8 -1
v 2.2 10.4 -1
v 2.2 10.5 -1
v 2.2 11.1 -1
v 2.2 11.3 -1
v 2.3 1.5 -1
v 2.3 1.6 -1
v 2.3 2.1 -1
v 2.3 2.2 -1
v 2.3 2.5 -1
v 2.3 2.6 -1
v 2.3 2.7 -1
v 2.3 2.8 -1
v 2.3 5.5 -1
v 2.3 5.7 -1
v 2.3 10.2 -1
v 2.3 10.3 -1
v 2.3 10.4 -1
v 2.3 10.5 -1
v 2.3 10.7 -1
v 2.3 10.8 -1
v 2.4 1.7 -1
v 2.4 1.8 -1
v 2.4 2.6 -1
v 2.4 2.7 -1
v 2.4 3.1 -1
v 2.4 3.3 -1
v 2.4 4 -1
v 2.4 7.2 -1
v 2.4 7.3 -1
v 2.4 7.5 -1
v 2.4 7.6 -1
v 2.4 7.7 -1
v 2.4 8.5 -1
v 2.4 8.7 -1
v 2.4 9.8 -1
v 2.4 9.9 -1
v 2.4 10.1 -1
v 2.4 10.2 -1
v 2.4 11.1 -1
v 2.4 11.3 -1
v 2.5 1.5 -1
v 2.5 1.6 -1
v 2.5 1.7 -1
v 2.5 2.1 -1
v 2.5 2.2 -1
v 2.5 2.5 -1
v 2.5 2.7 -1
v 2.5 2.8 -1
v 2.5 7.5 -1
v 2.5 7.6 -1
v 2.5 9.3 -1
v 2.5 9.4 -1
v 2.5 10.4 -1
v 2.5 10.5 -1
v 2.5 10.6 -1
v 2.5 10.7 -1
v 2.5 11 -1
v 2.5 11.1 -1
v 2.5 11.3 -1
v 2.6 1.5 -1
v 2.6 1.6 -1
v 2.6 2.2 -1
v 2.6 2.7 -1
v 2.6 3.3 -1
v 2.6 4 -1
v 2.6 7.7 -1
v 2.6 8.5 -1
v 2.6 10.6 -1
v 2.6 10.7 -1
v 2.6 11 -1
v 2.6 11.1 -1
v 2.7 2.1 -1
v 2.7 2.2 -1
v 2.7 2.7 -1
v 2.7 3.1 -1
v 2.7 4 -1
v 2.7 7.7 -1
v 2.7 8.7 -1
v 2.7 9.8 -1
v 2.7 9.9 -1
v 2.8 2 -1
v 2.8 2.1 -1
v 2.8 2.2 -1
v 2.8 2.4 -1
v 2.8 2.5 -1
v 2.8 2.7 -1
v 2.8 2.8 -1
v 2.8 9.4 -1
v 2.8 9.6 -1
v 2.8 10.1 -1
v 2.8 10.2 -1
v 2.8 10.5 -1
v 2.8 10.6 -1
v 2.8 10.7 -1
v 2.9 2 -1
v 2.9 2.1 -1
v 3 2.1 -1
v 3 2.2 -1
v 3 2.3 -1
v 3 2.4 -1
v 3 2.5 -1
v 3 2.6 -1
v 3 2.7 -1
v 3 2.8 -1
v 3.1 1.1 -1
v 3.1 1.2 -1
v 3.1 1.3 -1
v 3.1 1.5 -1
v 3.1 1.6 -1
v 3.1 2.1 -1
v 3.1 2.2 -1
v 3.1 2.3 -1
v 3.1 2.6 -1
v 3.1 2.7 -1
v 3.1 3.1 -1
v 3.1 3.3 -1
v 3.1 4 -1
v 3.1 4.5 -1
v 3.1 6.7 -1
v 3.1 7.2 -1
v 3.1 7.7 -1
v 3.1 8.5 -1
v 3.1 8.7 -1
v 3.1 10.3 -1
v 3.1 10.4 -1
v 3.1 11.1 -1
v 3.1 11.3 -1
v 3.2 4.4 -1
v 3.2 6.7 -1
v 3.2 7.3 -1
v 3.2 9.9 -1
v 3.2 10 -1
v 3.2 10.3 -1
v 3.2 10.4 -1
v 3.3 3.3 -1
v 3.3 4 -1
v 3.3 7.7 -1
v 3.3 8.5 -1
v 3.3 9.3 -1
v 3.3 9.4 -1
v 3.3 9.8 -1
v 3.3 9.9 -1
v 3.3 10.2 -1
v 3.3 10.3 -1
v 3.3 10.4 -1
v 3.3 10.5 -1
v 3.3 10.6 -1
v 3.3 10.7 -1
v 3.3 11 -1
v 3.3 11.3 -1
v 3.3 11.4 -1
v 3.4 1.5 -1
v 3.4 1.6 -1
v 3.4 3.1 -1
v 3.4 4 -1
v 3.4 4.1 -1
v 3.4 4.2 -1
v 3.4 7.5 -1
v 3.4 7.6 -1
v 3.4 7.7 -1
v 3.4 8.7 -1
v 3.4 9.4 -1
v 3.4 9.6 -1
v 3.4 9.7 -1
v 3.4 9.8 -1
v 3.4 9.9 -1
v 3.4 10.5 -1
v 3.4 10.6 -1
v 3.4 10.7 -1
v 3.4 10.8 -1
v 3.4 11.1 -1
v 3.4 11.3 -1
v 3.5 1.4 -1
v 3.5 1.5 -1
v 3.5 1.9 -1
v 3.5 2.2 -1
v 3.5 4.2 -1
v 3.5 7.5 -1
v 3.5 9.3 -1
v 3.5 9.4 -1
v 3.5 9.8 -1
v 3.5 9.9 -1
v 3.5 11.3 -1
v 3.5 11.4 -1
v 3.6 4 -1
v 3.6 4.2 -1
v 3.6 4.3 -1
v 3.6 4.5 -1
v 3.6 4.7 -1
v 3.6 4.8 -1
v 3.6 5 -1
v 3.6 5.4 -1
v 3.6 5.5 -1
v 3.6 5.7 -1
v 3.6 5.9 -1
v 3.6 6 -1
v 3.6 6.3 -1
v 3.6 6.5 -1
v 3.6 6.6 -1
v 3.6 7 -1
v 3.6 7.2 -1
v 3.6 7.3 -1
v 3.6 7.5 -1
v 3.6 7.7 -1
v 3.6 7.8 -1
v 3.6 7.9 -1
v 3.6 9.2 -1
v 3.6 9.3 -1
v 3.6 10 -1
v 3.6 10.1 -1
v 3.6 11.4 -1
v 3.6 11.5 -1
v 3.7 9.7 -1
v 3.7 9.9 -1
v 3.7 10.2 -1
v 3.7 10.3 -1
v 3.8 1.6 -1
v 3.8 1.7 -1
v 3.8 1.9 -1
v 3.8 2.2 -1
v 3.8 3.2 -1
v 3.8 3.4 -1
v 3.8 7.9 -1
v 3.8 8.3 -1
v 3.8 8.9 -1
v 3.8 9 -1
v 3.8 9.3 -1
v 3.8 9.4 -1
v 3.8 9.7 -1
v 3.8 9.9 -1
v 3.8 10.2 -1
v 3.8 10.3 -1
v 3.8 10.4 -1
v 3.8 10.7 -1
v 3.8 10.8 -1
v 3.9 1.5 -1
v 3.9 1.6 -1
v 3.9 1.7 -1
v 3.9 1.8 -1
v 3.9 3.1 -1
v 3.9 3.2 -1
v 3.9 3.4 -1
v 3.9 3.6 -1
v 3.9 7.7 -1
v 3.9 7.8 -1
v 3.9 8.6 -1
v 3.9 8.7 -1
v 3.9 8.8 -1
v 3.9 8.9 -1
v 3.9 9.3 -1
v 3.9 9.4 -1
v 3.9 10 -1
v 3.9 10.1 -1
v 3.9 10.2 -1
v 3.9 10.3 -1
v 3.9 10.5 -1
v 3.9 10.6 -1
v 3.9 10.7 -1
v 3.9 10.8 -1
v 4 2.2 -1
v 4 2.5 -1
v 4 4.3 -1
v 4 4.5 -1
v 4 4.8 -1
v 4 5 -1
v 4 5.5 -1
v 4 5.7 -1
v 4 6 -1
v 4 6.3 -1
v 4 6.6 -1
v 4 7 -1
v 4 7.3 -1
v 4 7.5 -1
v 4 8.3 -1
v 4 8.4 -1
v 4 9.9 -1
v 4 10 -1
v 4 10.1 -1
v 4 10.5 -1
v 4 10.6 -1
v 4 10.7 -1
v 4.1 1.8 -1
v 4.1 2 -1
v 4.1 2.5 -1
v 4.1 2.6 -1
v 4.1 3 -1
v 4.1 3.1 -1
v 4.1 3.2 -1
v 4.1 3.6 -1
v 4.1 3.7 -1
v 4.1 8.4 -1
v 4.1 8.5 -1
v 4.1 9.1 -1
v 4.1 9.2 -1
v 4.1 9.9 -1
v 4.1 10.3 -1
v 4.1 10.4 -1
v 4.1 11.3 -1
v 4.1 11.4 -1
v 4.2 2.1 -1
v 4.2 2.6 -1
v 4.2 2.7 -1
v 4.2 2.8 -1
v 4.2 3.7 -1
v 4.2 3.9 -1
v 4.2 4 -1
v 4.2 4.1 -1
v 4.2 4.2 -1
v 4.2 4.5 -1
v 4.2 4.7 -1
v 4.2 5 -1
v 4.2 5.4 -1
v 4.2 5.7 -1
v 4.2 5.9 -1
v 4.2 6.3 -1
v 4.2 6.5 -1
v 4.2 7 -1
v 4.2 7.2 -1
v 4.2 7.3 -1
v 4.2 7.5 -1
v 4.2 8.7 -1
v 4.2 8.8 -1
v 4.2 9.4 -1
v 4.2 9.7 -1
v 4.2 9.9 -1
v 4.2 10.1 -1
v 4.2 10.2 -1
v 4.2 10.3 -1
v 4.2 10.7 -1
v 4.2 10.8 -1
v 4.2 11 -1
v 4.2 11.3 -1
v 4.2 11.4 -1
v 4.4 2 -1
v 4.4 2.1 -1
v 4.4 2.6 -1
v 4.4 2.7 -1
v 4.4 2.8 -1
v 4.4 3 -1
v 4.4 3.1 -1
v 4.4 3.2 -1
v 4.4 3.9 -1
v 4.4 4 -1
v 4.4 4.1 -1
v 4.4 4.3 -1
v 4.4 6.8 -1
v 4.4 7 -1
v 4.4 7.2 -1
v 4.4 7.3 -1
v 4.4 8.5 -1
v 4.4 8.6 -1
v 4.4 8.7 -1
v 4.4 8.9 -1
v 4.4 9 -1
v 4.4 9.1 -1
v 4.4 9.2 -1
v 4.4 10.1 -1
v 4.4 10.2 -1
v 4.4 10.5 -1
v 4.4 10.6 -1
v 4.5 4.3 -1
v 4.5 4.4 -1
v 4.5 4.7 -1
v 4.5 4.9 -1
v 4.5 6 -1
v 4.5 6.1 -1
v 4.5 6.7 -1
v 4.5 6.8 -1
v 4.5 9.3 -1
v 4.5 9.4 -1
v 4.5 9.7 -1
v 4.5 9.8 -1
v 4.5 9.9 -1
v 4.5 10 -1
v 4.5 10.1 -1
v 4.5 11 -1
v 4.5 11.1 -1
v 4.5 11.4 -1
v 4.5 11.5 -1
v 4.6 4.4 -1
v 4.6 4.5 -1
v 4.6 4.9 -1
v 4.6 5 -1
v 4.6 5.5 -1
v 4.6 5.6 -1
v 4.6 5.8 -1
v 4.6 5.9 -1
v 4.6 6.4 -1
v 4.6 6.7 -1
v 4.6 6.9 -1
v 4.6 7 -1
v 4.6 7.1 -1
v 4.6 7.2 -1
v 4.6 7.5 -1
v 4.6 7.7 -1
v 4.6 9.4 -1
v 4.6 9.6 -1
v 4.6 10.1 -1
v 4.6 10.2 -1
v 4.6 11.2 -1
v 4.6 11.3 -1
v 4.6 11.4 -1
v 4.7 4.5 -1
v 4.7 4.7 -1
v 4.7 5.3 -1
v 4.7 5.5 -1
v 4.7 5.9 -1
v 4.7 6 -1
v 4.7 6.1 -1
v 4.7 6.2 -1
v 4.7 9.8 -1
v 4.7 9.9 -1
v 4.7 10.3 -1
v 4.7 10.4 -1
v 4.7 11.2 -1
v 4.7 11.3 -1
v 4.8 5.1 -1
v 4.8 5.3 -1
v 4.8 5.6 -1
v 4.8 5.8 -1
v 4.8 6.2 -1
v 4.8 6.4 -1
v 4.8 6.9 -1
v 4.8 7 -1
v 4.8 9.1 -1
v 4.8 9.2 -1
v 4.8 9.3 -1
v 4.8 9.4 -1
v 4.8 9.9 -1
v 4.8 10 -1
v 4.8 11.1 -1
v 4.8 11.2 -1
v 4.9 0.3 -1
v 4.9 1.2 -1
v 4.9 1.3 -1
v 4.9 1.4 -1
v 4.9 1.5 -1
v 4.9 1.6 -1
v 4.9 1.7 -1
v 4.9 5 -1
v 4.9 5.1 -1
v 4.9 7 -1
v 4.9 7.1 -1
v 4.9 8.9 -1
v 4.9 9 -1
v 4.9 9.1 -1
v 4.9 9.3 -1
v 4.9 9.4 -1
v 4.9 9.6 -1
v 4.9 10 -1
v 4.9 10.2 -1
v 4.9 10.3 -1
v 4.9 10.4 -1
v 4.9 10.5 -1
v 4.9 10.6 -1
v 4.9 10.7 -1
v 4.9 10.8 -1
v 4.9 11.2 -1
v 4.9 11.3 -1
v 4.9 11.4 -1
v 4.9 11.5 -1
v 5 0.2 -1
v 5 11.6 -1
v -5.1 0.2 1.3
v 5 0.2 1.3
v -4.7 0.2 1
v 4.6 0.2 1
v -4.7 0.2 0.4
v 4.6 0.2 0.4
v -4.7 0.2 0.3
v 4.6 0.2 0.3
v -4.7 0.2 1.19209e-07
v 4.6 0.2 1.19209e-07
v -4.7 0.2 -0.0999999
v 4.6 0.2 -0.0999999
v -4.7 0.2 -0.7
v 4.6 0.2 -0.7
v -5.1 0.2 -1
v 5 0.2 -1
v -5.1 2 1.3
v -5 2 1.3
v -5.1 2 1.2
v -5 2 1.2
v -5.1 2.2 1.3
v -5 2.2 1.3
v -5.1 2.2 1.2
v -5 2.2 1.2
v -5.1 2.4 1.3
v -5 2.4 1.3
v -5.1 2.4 1.2
v -5 2.4 1.2
v -0.7 2.9 -0.8
v -0.5 2.9 -0.8
v 3.5 2.9 -0.8
v 3.8 2.9 -0.8
v -0.7 2.9 -0.9
v -0.5 2.9 -0.9
v 3.5 2.9 -0.9
v 3.8 2.9 -0.9
v -0.3 4.8 -0.8
v -0.2 4.8 -0.8
v -0.3 4.8 -0.9
v -0.2 4.8 -0.9
v 4.4 8.7 -0.8
v 4.9 8.7 -0.8
v 4.4 8.7 -0.9
v 4.9 8.7 -0.9
v -5.1 1.9 1.3
v -5 1.9 1.3
v -5.1 1.9 1.2
v -5 1.9 1.2
v 3.5 1.9 -0.8
v 3.8 1.9 -0.8
v 3.5 1.9 -0.9
v 3.8 1.9 -0.9
v -0.7 2 -0.8
v -0.5 2 -0.8
v -0.7 2 -0.9
v -0.5 2 -0.9
v -5.1 2.1 1.3
v -5 2.1 1.3
v -5.1 2.1 1.2
v -5 2.1 1.2
v -5.1 2.3 1.3
v -5 2.3 1.3
v -5.1 2.3 1.2
v -5 2.3 1.2
v 4.4 3.4 -0.8
v 4.9 3.4 -0.8
v 4.4 3.4 -0.9
v 4.9 3.4 -0.9
v -0.3 4.6 -0.8
v -0.2 4.6 -0.8
v -0.3 4.6 -0.9
v -0.2 4.6 -0.9
v -5.1 11.6 1.3
v 5 11.6 1.3
v -4.7 11.6 1
v 4.5 11.6 1
v -4.7 11.6 0.4
v 4.5 11.6 0.4
v -4.7 11.6 0.3
v 4.5 11.6 0.3
v -4.7 11.6 1.19209e-07
v 4.4 11.6 1.19209e-07
v -4.7 11.6 -0.0999999
v 4.4 11.6 -0.0999999
v 4.5 11.6 -0.0999999
v -4.7 11.6 -0.7
v 4.5 11.6 -0.7
v -5.1 11.6 -1
v 5 11.6 -1

# faces
f 3/30/1 2/30/1 1/30/1
f 4/30/1 2/30/1 3/30/1
f 5/30/1 2/30/1 4/30/1
f 6/30/1 2/30/1 5/30/1
f 7/30/1 2/30/1 6/30/1
f 8/30/1 2/30/1 7/30/1
f 9/30/1 3/30/1 1/30/1
f 10/30/1 3/30/1 9/30/1
f 12/30/1 3/30/1 10/30/1
f 13/30/1 12/30/1 11/30/1
f 14/30/1 3/30/1 12/30/1
f 14/30/1 12/30/1 13/30/1
f 16/30/1 3/30/1 14/30/1
f 17/30/1 16/30/1 15/30/1
f 18/30/1 3/30/1 16/30/1
f 18/30/1 16/30/1 17/30/1
f 20/30/1 3/30/1 18/30/1
f 21/33/1 4/33/1 3/33/1
f 21/30/1 20/30/1 19/30/1
f 21/30/1 3/30/1 20/30/1
f 22/29/1 5/29/1 4/29/1
f 22/33/1 4/33/1 21/33/1
f 23/32/1 6/32/1 5/32/1
f 23/29/1 5/29/1 22/29/1
f 24/29/1 7/29/1 6/29/1
f 24/32/1 6/32/1 23/32/1
f 25/33/1 8/33/1 7/33/1
f 25/29/1 7/29/1 24/29/1
f 26/30/1 2/30/1 8/30/1
f 26/33/1 8/33/1 25/33/1
f 27/30/1 25/30/1 24/30/1
f 27/30/1 21/30/1 19/30/1
f 27/30/1 26/30/1 25/30/1
f 27/30/1 22/30/1 21/30/1
f 27/30/1 23/30/1 22/30/1
f 27/30/1 24/30/1 23/30/1
f 28/30/1 2/30/1 26/30/1
f 28/30/1 26/30/1 27/30/1
f 31/30/1 30/30/1 29/30/1
f 32/30/1 30/30/1 31/30/1
f 35/30/1 34/30/1 33/30/1
f 36/30/1 34/30/1 35/30/1
f 39/30/1 38/30/1 37/30/1
f 40/30/1 38/30/1 39/30/1
f 43/33/1 42/33/1 41/33/1
f 44/33/1 43/33/1 41/33/1
f 45/33/1 43/33/1 44/33/1
f 48/22/1 47/22/1 46/22/1
f 49/22/1 47/22/1 48/22/1
f 52/9/1 51/9/1 50/9/1
f 53/9/1 51/9/1 52/9/1
f 56/30/1 55/30/1 54/30/1
f 57/30/1 56/30/1 54/30/1
f 58/30/1 57/30/1 54/30/1
f 59/30/1 58/30/1 54/30/1
f 60/30/1 59/30/1 54/30/1
f 61/30/1 59/30/1 60/30/1
f 62/9/2 63/9/2 64/9/2
f 62/9/2 64/9/2 65/9/2
f 65/9/2 64/9/2 66/9/2
f 67/22/2 68/22/2 69/22/2
f 69/22/2 68/22/2 70/22/2
f 71/9/2 72/9/2 73/9/2
f 73/9/2 72/9/2 74/9/2
f 75/9/2 76/9/2 77/9/2
f 75/9/2 77/9/2 78/9/2
f 75/9/2 78/9/2 79/9/2
f 75/9/2 79/9/2 80/9/2
f 75/9/2 80/9/2 81/9/2
f 75/9/2 81/9/2 82/9/2
f 75/9/2 82/9/2 83/9/2
f 83/9/2 82/9/2 84/9/2
f 85/30/2 86/30/2 87/30/2
f 87/30/2 86/30/2 88/30/2
f 88/30/2 86/30/2 89/30/2
f 89/30/2 86/30/2 90/30/2
f 90/30/2 86/30/2 91/30/2
f 89/32/2 90/32/2 92/32/2
f 90/33/2 91/33/2 93/33/2
f 92/32/2 90/32/2 93/32/2
f 85/30/2 87/30/2 94/30/2
f 87/33/2 88/33/2 94/33/2
f 88/29/2 89/29/2 95/29/2
f 94/33/2 88/33/2 95/33/2
f 89/32/2 92/32/2 96/32/2
f 95/29/2 89/29/2 96/29/2
f 92/29/2 93/29/2 97/29/2
f 96/32/2 92/32/2 97/32/2
f 93/33/2 91/33/2 98/33/2
f 97/29/2 93/29/2 98/29/2
f 91/30/2 86/30/2 99/30/2
f 98/33/2 91/33/2 99/33/2
f 96/30/2 97/30/2 100/30/2
f 95/30/2 96/30/2 100/30/2
f 98/30/2 99/30/2 100/30/2
f 94/30/2 95/30/2 100/30/2
f 97/30/2 98/30/2 100/30/2
f 85/30/2 94/30/2 100/30/2
f 99/30/2 86/30/2 101/30/2
f 100/30/2 99/30/2 101/30/2
f 110/30/3 103/30/3 102/30/3
f 111/30/3 103/30/3 110/30/3
f 112/30/3 105/30/3 104/30/3
f 113/30/3 105/30/3 112/30/3
f 114/30/3 107/30/3 106/30/3
f 115/30/3 107/30/3 114/30/3
f 116/30/3 109/30/3 108/30/3
f 117/30/3 109/30/3 116/30/3
f 118/30/3 109/30/3 117/30/3
f 119/30/3 109/30/3 118/30/3
f 120/30/3 109/30/3 119/30/3
f 121/30/3 109/30/3 120/30/3
f 122/30/3 109/30/3 121/30/3
f 123/30/3 109/30/3 122/30/3
f 124/30/3 109/30/3 123/30/3
f 125/30/3 109/30/3 124/30/3
f 126/30/3 109/30/3 125/30/3
f 127/30/3 109/30/3 126/30/3
f 128/30/3 109/30/3 127/30/3
f 129/30/3 109/30/3 128/30/3
f 130/30/3 109/30/3 129/30/3
f 131/30/3 109/30/3 130/30/3
f 132/30/3 109/30/3 131/30/3
f 133/33/3 111/33/3 110/33/3
f 133/30/3 112/30/3 111/30/3
f 134/33/3 113/33/3 112/33/3
f 134/30/3 112/30/3 133/30/3
f 135/30/3 114/30/3 113/30/3
f 135/33/3 113/33/3 134/33/3
f 136/33/3 115/33/3 114/33/3
f 136/30/3 114/30/3 135/30/3
f 137/33/3 117/33/3 116/33/3
f 138/33/3 117/33/3 137/33/3
f 139/33/3 117/33/3 138/33/3
f 140/33/3 117/33/3 139/33/3
f 141/33/3 117/33/3 140/33/3
f 142/33/3 117/33/3 141/33/3
f 143/33/3 117/33/3 142/33/3
f 144/33/3 117/33/3 143/33/3
f 145/33/3 117/33/3 144/33/3
f 146/33/3 117/33/3 145/33/3
f 147/33/3 117/33/3 146/33/3
f 148/33/3 117/33/3 147/33/3
f 149/36/3 118/36/3 117/36/3
f 149/30/3 119/30/3 118/30/3
f 150/30/3 119/30/3 149/30/3
f 151/29/3 120/29/3 119/29/3
f 151/30/3 119/30/3 150/30/3
f 152/29/3 120/29/3 151/29/3
f 153/33/3 122/33/3 121/33/3
f 154/29/3 123/29/3 122/29/3
f 154/33/3 122/33/3 153/33/3
f 155/29/3 130/29/3 129/29/3
f 156/28/3 131/28/3 130/28/3
f 156/29/3 130/29/3 155/29/3
f 157/33/3 137/33/3 116/33/3
f 158/34/3 138/34/3 137/34/3
f 158/33/3 137/33/3 157/33/3
f 159/33/3 139/33/3 138/33/3
f 159/34/3 138/34/3 158/34/3
f 160/33/3 139/33/3 159/33/3
f 161/33/3 139/33/3 160/33/3
f 162/34/3 140/34/3 139/34/3
f 162/33/3 139/33/3 161/33/3
f 163/34/3 140/34/3 162/34/3
f 164/33/3 141/33/3 140/33/3
f 164/34/3 140/34/3 163/34/3
f 165/34/3 142/34/3 141/34/3
f 165/33/3 141/33/3 164/33/3
f 166/34/3 142/34/3 165/34/3
f 167/32/3 143/32/3 142/32/3
f 167/34/3 142/34/3 166/34/3
f 168/33/3 144/33/3 143/33/3
f 168/32/3 143/32/3 167/32/3
f 169/32/3 145/32/3 144/32/3
f 169/33/3 144/33/3 168/33/3
f 170/33/3 146/33/3 145/33/3
f 170/32/3 145/32/3 169/32/3
f 171/33/3 146/33/3 170/33/3
f 172/33/3 117/33/3 148/33/3
f 172/38/3 148/38/3 147/38/3
f 173/33/3 117/33/3 172/33/3
f 174/32/3 150/32/3 149/32/3
f 174/30/3 151/30/3 150/30/3
f 174/30/3 152/30/3 151/30/3
f 175/30/3 152/30/3 174/30/3
f 176/29/3 120/29/3 152/29/3
f 176/30/3 152/30/3 175/30/3
f 177/36/3 121/36/3 120/36/3
f 177/29/3 120/29/3 176/29/3
f 178/33/3 153/33/3 121/33/3
f 179/29/3 154/29/3 153/29/3
f 179/33/3 153/33/3 178/33/3
f 180/29/3 155/29/3 129/29/3
f 181/30/3 156/30/3 155/30/3
f 181/29/3 155/29/3 180/29/3
f 182/34/3 158/34/3 157/34/3
f 182/33/3 161/33/3 160/33/3
f 182/34/3 159/34/3 158/34/3
f 182/34/3 160/34/3 159/34/3
f 183/33/3 161/33/3 182/33/3
f 184/33/3 161/33/3 183/33/3
f 185/33/3 161/33/3 184/33/3
f 186/32/3 163/32/3 162/32/3
f 186/33/3 161/33/3 185/33/3
f 186/32/3 162/32/3 161/32/3
f 187/34/3 164/34/3 163/34/3
f 187/32/3 163/32/3 186/32/3
f 187/34/3 166/34/3 165/34/3
f 187/34/3 165/34/3 164/34/3
f 188/32/3 171/32/3 170/32/3
f 188/34/3 166/34/3 187/34/3
f 188/32/3 167/32/3 166/32/3
f 188/32/3 168/32/3 167/32/3
f 188/32/3 170/32/3 169/32/3
f 188/32/3 169/32/3 168/32/3
f 189/32/3 171/32/3 188/32/3
f 190/33/3 146/33/3 171/33/3
f 191/32/3 147/32/3 146/32/3
f 191/33/3 146/33/3 190/33/3
f 192/33/3 178/33/3 121/33/3
f 193/32/3 179/32/3 178/32/3
f 193/33/3 178/33/3 192/33/3
f 194/36/3 124/36/3 123/36/3
f 194/29/3 125/29/3 124/29/3
f 195/36/3 126/36/3 125/36/3
f 195/29/3 125/29/3 194/29/3
f 196/30/3 156/30/3 181/30/3
f 196/30/3 181/30/3 180/30/3
f 197/28/3 131/28/3 156/28/3
f 197/30/3 156/30/3 196/30/3
f 198/33/3 133/33/3 110/33/3
f 199/33/3 133/33/3 198/33/3
f 200/33/3 133/33/3 199/33/3
f 201/33/3 133/33/3 200/33/3
f 202/33/3 133/33/3 201/33/3
f 203/31/3 134/31/3 133/31/3
f 203/33/3 133/33/3 202/33/3
f 204/33/3 157/33/3 116/33/3
f 205/33/3 157/33/3 204/33/3
f 206/33/3 157/33/3 205/33/3
f 207/33/3 157/33/3 206/33/3
f 208/34/3 182/34/3 157/34/3
f 208/33/3 157/33/3 207/33/3
f 209/34/3 182/34/3 208/34/3
f 210/32/3 183/32/3 182/32/3
f 210/34/3 182/34/3 209/34/3
f 211/33/3 184/33/3 183/33/3
f 211/32/3 183/32/3 210/32/3
f 212/34/3 185/34/3 184/34/3
f 212/33/3 184/33/3 211/33/3
f 213/43/3 187/43/3 186/43/3
f 213/43/3 188/43/3 187/43/3
f 213/43/3 189/43/3 188/43/3
f 214/43/3 189/43/3 213/43/3
f 215/43/3 189/43/3 214/43/3
f 216/43/3 189/43/3 215/43/3
f 217/32/3 171/32/3 189/32/3
f 217/43/3 189/43/3 216/43/3
f 218/32/3 171/32/3 217/32/3
f 219/33/3 190/33/3 171/33/3
f 219/32/3 171/32/3 218/32/3
f 220/32/3 191/32/3 190/32/3
f 220/33/3 190/33/3 219/33/3
f 221/36/3 121/36/3 177/36/3
f 221/30/3 177/30/3 176/30/3
f 222/33/3 192/33/3 121/33/3
f 222/36/3 121/36/3 221/36/3
f 223/29/3 123/29/3 154/29/3
f 223/29/3 154/29/3 179/29/3
f 224/36/3 194/36/3 123/36/3
f 224/29/3 123/29/3 223/29/3
f 225/30/3 196/30/3 180/30/3
f 225/28/3 197/28/3 196/28/3
f 226/28/3 131/28/3 197/28/3
f 226/28/3 197/28/3 225/28/3
f 227/33/3 132/33/3 131/33/3
f 227/28/3 131/28/3 226/28/3
f 228/33/3 198/33/3 110/33/3
f 229/3/3 199/3/3 198/3/3
f 229/33/3 198/33/3 228/33/3
f 230/33/3 200/33/3 199/33/3
f 230/3/3 199/3/3 229/3/3
f 231/33/3 200/33/3 230/33/3
f 232/33/3 202/33/3 201/33/3
f 233/4/3 203/4/3 202/4/3
f 233/33/3 202/33/3 232/33/3
f 234/31/3 134/31/3 203/31/3
f 234/4/3 203/4/3 233/4/3
f 235/33/3 206/33/3 205/33/3
f 236/33/3 206/33/3 235/33/3
f 237/33/3 206/33/3 236/33/3
f 238/33/3 206/33/3 237/33/3
f 239/33/3 206/33/3 238/33/3
f 240/32/3 207/32/3 206/32/3
f 240/33/3 206/33/3 239/33/3
f 241/34/3 209/34/3 208/34/3
f 241/32/3 207/32/3 240/32/3
f 241/34/3 208/34/3 207/34/3
f 242/34/3 209/34/3 241/34/3
f 243/32/3 211/32/3 210/32/3
f 243/34/3 209/34/3 242/34/3
f 243/32/3 210/32/3 209/32/3
f 244/32/3 186/32/3 185/32/3
f 245/43/3 213/43/3 186/43/3
f 245/32/3 186/32/3 244/32/3
f 246/43/3 213/43/3 245/43/3
f 247/26/3 214/26/3 213/26/3
f 247/43/3 213/43/3 246/43/3
f 248/25/3 215/25/3 214/25/3
f 248/26/3 214/26/3 247/26/3
f 249/23/3 216/23/3 215/23/3
f 249/25/3 215/25/3 248/25/3
f 250/23/3 216/23/3 249/23/3
f 251/43/3 218/43/3 217/43/3
f 251/23/3 216/23/3 250/23/3
f 251/43/3 217/43/3 216/43/3
f 252/43/3 218/43/3 251/43/3
f 253/32/3 220/32/3 219/32/3
f 253/43/3 218/43/3 252/43/3
f 253/32/3 219/32/3 218/32/3
f 254/32/3 220/32/3 253/32/3
f 255/32/3 191/32/3 220/32/3
f 255/32/3 220/32/3 254/32/3
f 255/38/3 172/38/3 147/38/3
f 255/32/3 147/32/3 191/32/3
f 256/32/3 173/32/3 172/32/3
f 256/38/3 172/38/3 255/38/3
f 257/33/3 117/33/3 173/33/3
f 257/32/3 173/32/3 256/32/3
f 258/33/3 117/33/3 257/33/3
f 259/32/3 176/32/3 175/32/3
f 259/30/3 221/30/3 176/30/3
f 260/33/3 222/33/3 221/33/3
f 260/30/3 221/30/3 259/30/3
f 261/33/3 192/33/3 222/33/3
f 261/33/3 222/33/3 260/33/3
f 262/32/3 193/32/3 192/32/3
f 262/33/3 192/33/3 261/33/3
f 263/32/3 179/32/3 193/32/3
f 263/32/3 193/32/3 262/32/3
f 264/29/3 223/29/3 179/29/3
f 264/32/3 179/32/3 263/32/3
f 265/30/3 224/30/3 223/30/3
f 265/29/3 223/29/3 264/29/3
f 266/29/3 180/29/3 129/29/3
f 267/30/3 225/30/3 180/30/3
f 267/29/3 180/29/3 266/29/3
f 267/30/3 226/30/3 225/30/3
f 268/33/3 132/33/3 227/33/3
f 268/33/3 227/33/3 226/33/3
f 269/30/3 109/30/3 132/30/3
f 269/33/3 132/33/3 268/33/3
f 270/3/3 205/3/3 204/3/3
f 270/33/3 235/33/3 205/33/3
f 271/34/3 236/34/3 235/34/3
f 271/33/3 235/33/3 270/33/3
f 272/33/3 237/33/3 236/33/3
f 272/34/3 236/34/3 271/34/3
f 273/34/3 238/34/3 237/34/3
f 273/33/3 237/33/3 272/33/3
f 274/33/3 239/33/3 238/33/3
f 274/34/3 238/34/3 273/34/3
f 275/33/3 239/33/3 274/33/3
f 276/33/3 239/33/3 275/33/3
f 277/32/3 240/32/3 239/32/3
f 277/33/3 239/33/3 276/33/3
f 278/34/3 242/34/3 241/34/3
f 278/32/3 240/32/3 277/32/3
f 278/34/3 241/34/3 240/34/3
f 279/34/3 242/34/3 278/34/3
f 280/32/3 211/32/3 243/32/3
f 280/34/3 212/34/3 211/34/3
f 280/32/3 243/32/3 242/32/3
f 281/34/3 185/34/3 212/34/3
f 281/34/3 212/34/3 280/34/3
f 282/34/3 185/34/3 281/34/3
f 283/32/3 244/32/3 185/32/3
f 283/34/3 185/34/3 282/34/3
f 284/43/3 245/43/3 244/43/3
f 284/32/3 244/32/3 283/32/3
f 284/43/3 246/43/3 245/43/3
f 285/43/3 246/43/3 284/43/3
f 286/26/3 247/26/3 246/26/3
f 286/43/3 246/43/3 285/43/3
f 287/25/3 248/25/3 247/25/3
f 287/26/3 247/26/3 286/26/3
f 287/25/3 250/25/3 249/25/3
f 287/25/3 249/25/3 248/25/3
f 288/23/3 252/23/3 251/23/3
f 288/25/3 250/25/3 287/25/3
f 288/23/3 251/23/3 250/23/3
f 289/23/3 252/23/3 288/23/3
f 290/43/3 254/43/3 253/43/3
f 290/23/3 252/23/3 289/23/3
f 290/43/3 253/43/3 252/43/3
f 291/43/3 254/43/3 290/43/3
f 292/32/3 256/32/3 255/32/3
f 292/43/3 254/43/3 291/43/3
f 292/32/3 255/32/3 254/32/3
f 292/32/3 258/32/3 257/32/3
f 292/32/3 257/32/3 256/32/3
f 293/32/3 258/32/3 292/32/3
f 294/33/3 117/33/3 258/33/3
f 294/36/3 149/36/3 117/36/3
f 295/32/3 174/32/3 149/32/3
f 295/36/3 149/36/3 294/36/3
f 296/37/3 175/37/3 174/37/3
f 296/32/3 174/32/3 295/32/3
f 297/32/3 259/32/3 175/32/3
f 297/37/3 175/37/3 296/37/3
f 298/30/3 265/30/3 264/30/3
f 298/30/3 224/30/3 265/30/3
f 298/30/3 264/30/3 263/30/3
f 299/36/3 194/36/3 224/36/3
f 299/30/3 224/30/3 298/30/3
f 300/29/3 127/29/3 126/29/3
f 300/36/3 126/36/3 195/36/3
f 301/38/3 128/38/3 127/38/3
f 301/29/3 127/29/3 300/29/3
f 302/33/3 228/33/3 110/33/3
f 302/3/3 229/3/3 228/3/3
f 303/33/3 230/33/3 229/33/3
f 303/3/3 229/3/3 302/3/3
f 304/33/3 230/33/3 303/33/3
f 305/33/3 230/33/3 304/33/3
f 306/3/3 231/3/3 230/3/3
f 306/33/3 230/33/3 305/33/3
f 307/33/3 200/33/3 231/33/3
f 307/3/3 231/3/3 306/3/3
f 308/33/3 115/33/3 136/33/3
f 308/31/3 136/31/3 135/31/3
f 309/30/3 116/30/3 115/30/3
f 309/33/3 115/33/3 308/33/3
f 310/33/3 204/33/3 116/33/3
f 310/30/3 116/30/3 309/30/3
f 311/3/3 270/3/3 204/3/3
f 311/33/3 204/33/3 310/33/3
f 312/34/3 273/34/3 272/34/3
f 312/3/3 270/3/3 311/3/3
f 312/34/3 275/34/3 274/34/3
f 312/34/3 272/34/3 271/34/3
f 312/34/3 271/34/3 270/34/3
f 312/34/3 274/34/3 273/34/3
f 313/34/3 275/34/3 312/34/3
f 314/34/3 275/34/3 313/34/3
f 315/33/3 276/33/3 275/33/3
f 315/34/3 275/34/3 314/34/3
f 316/32/3 277/32/3 276/32/3
f 316/33/3 276/33/3 315/33/3
f 316/32/3 278/32/3 277/32/3
f 316/32/3 279/32/3 278/32/3
f 317/32/3 279/32/3 316/32/3
f 318/34/3 242/34/3 279/34/3
f 318/32/3 279/32/3 317/32/3
f 319/34/3 242/34/3 318/34/3
f 320/32/3 280/32/3 242/32/3
f 320/32/3 281/32/3 280/32/3
f 321/34/3 282/34/3 281/34/3
f 321/32/3 281/32/3 320/32/3
f 322/43/3 284/43/3 283/43/3
f 322/34/3 282/34/3 321/34/3
f 322/43/3 283/43/3 282/43/3
f 322/43/3 285/43/3 284/43/3
f 323/43/3 285/43/3 322/43/3
f 324/26/3 286/26/3 285/26/3
f 324/43/3 285/43/3 323/43/3
f 325/23/3 291/23/3 290/23/3
f 325/43/3 293/43/3 292/43/3
f 325/23/3 290/23/3 289/23/3
f 325/43/3 292/43/3 291/43/3
f 326/43/3 293/43/3 325/43/3
f 327/32/3 258/32/3 293/32/3
f 327/43/3 293/43/3 326/43/3
f 328/32/3 258/32/3 327/32/3
f 329/33/3 261/33/3 260/33/3
f 329/36/3 260/36/3 259/36/3
f 330/32/3 262/32/3 261/32/3
f 330/33/3 261/33/3 329/33/3
f 330/32/3 263/32/3 262/32/3
f 331/30/3 298/30/3 263/30/3
f 331/32/3 263/32/3 330/32/3
f 332/32/3 299/32/3 298/32/3
f 332/30/3 298/30/3 331/30/3
f 333/36/3 194/36/3 299/36/3
f 333/32/3 299/32/3 332/32/3
f 334/30/3 195/30/3 194/30/3
f 334/36/3 194/36/3 333/36/3
f 335/35/3 129/35/3 128/35/3
f 335/38/3 128/38/3 301/38/3
f 336/29/3 266/29/3 129/29/3
f 336/35/3 129/35/3 335/35/3
f 337/30/3 267/30/3 266/30/3
f 337/29/3 266/29/3 336/29/3
f 338/33/3 268/33/3 226/33/3
f 338/30/3 267/30/3 337/30/3
f 338/30/3 226/30/3 267/30/3
f 339/32/3 269/32/3 268/32/3
f 339/33/3 268/33/3 338/33/3
f 340/3/3 304/3/3 303/3/3
f 340/33/3 303/33/3 302/33/3
f 341/33/3 305/33/3 304/33/3
f 341/3/3 304/3/3 340/3/3
f 342/3/3 306/3/3 305/3/3
f 342/33/3 305/33/3 341/33/3
f 343/33/3 307/33/3 306/33/3
f 343/3/3 306/3/3 342/3/3
f 344/4/3 233/4/3 232/4/3
f 344/33/3 232/33/3 201/33/3
f 345/33/3 234/33/3 233/33/3
f 345/4/3 233/4/3 344/4/3
f 346/31/3 134/31/3 234/31/3
f 346/33/3 234/33/3 345/33/3
f 347/34/3 314/34/3 313/34/3
f 348/32/3 315/32/3 314/32/3
f 348/34/3 314/34/3 347/34/3
f 348/32/3 316/32/3 315/32/3
f 349/32/3 316/32/3 348/32/3
f 350/43/3 317/43/3 316/43/3
f 350/32/3 316/32/3 349/32/3
f 351/32/3 318/32/3 317/32/3
f 351/43/3 317/43/3 350/43/3
f 351/32/3 319/32/3 318/32/3
f 352/34/3 242/34/3 319/34/3
f 352/32/3 319/32/3 351/32/3
f 353/34/3 242/34/3 352/34/3
f 354/34/3 242/34/3 353/34/3
f 355/32/3 320/32/3 242/32/3
f 355/34/3 242/34/3 354/34/3
f 356/32/3 320/32/3 355/32/3
f 357/43/3 321/43/3 320/43/3
f 357/32/3 320/32/3 356/32/3
f 357/43/3 322/43/3 321/43/3
f 358/43/3 322/43/3 357/43/3
f 359/24/3 323/24/3 322/24/3
f 359/43/3 322/43/3 358/43/3
f 360/25/3 324/25/3 323/25/3
f 360/24/3 323/24/3 359/24/3
f 361/25/3 324/25/3 360/25/3
f 362/26/3 286/26/3 324/26/3
f 362/25/3 324/25/3 361/25/3
f 363/25/3 289/25/3 288/25/3
f 363/26/3 286/26/3 362/26/3
f 363/25/3 288/25/3 287/25/3
f 363/25/3 287/25/3 286/25/3
f 364/23/3 326/23/3 325/23/3
f 364/25/3 289/25/3 363/25/3
f 364/23/3 325/23/3 289/23/3
f 365/23/3 326/23/3 364/23/3
f 366/43/3 327/43/3 326/43/3
f 366/23/3 326/23/3 365/23/3
f 366/43/3 328/43/3 327/43/3
f 367/43/3 328/43/3 366/43/3
f 368/32/3 258/32/3 328/32/3
f 368/43/3 328/43/3 367/43/3
f 369/32/3 258/32/3 368/32/3
f 370/33/3 294/33/3 258/33/3
f 370/32/3 258/32/3 369/32/3
f 371/35/3 295/35/3 294/35/3
f 371/33/3 294/33/3 370/33/3
f 372/32/3 296/32/3 295/32/3
f 372/38/3 297/38/3 296/38/3
f 373/32/3 259/32/3 297/32/3
f 373/38/3 297/38/3 372/38/3
f 374/32/3 332/32/3 331/32/3
f 374/32/3 330/32/3 329/32/3
f 374/32/3 331/32/3 330/32/3
f 374/32/3 333/32/3 332/32/3
f 374/32/3 334/32/3 333/32/3
f 375/30/3 195/30/3 334/30/3
f 375/32/3 334/32/3 374/32/3
f 376/36/3 300/36/3 195/36/3
f 376/30/3 195/30/3 375/30/3
f 377/30/3 337/30/3 336/30/3
f 377/30/3 339/30/3 338/30/3
f 377/30/3 338/30/3 337/30/3
f 378/32/3 269/32/3 339/32/3
f 378/30/3 339/30/3 377/30/3
f 379/33/3 341/33/3 340/33/3
f 379/33/3 342/33/3 341/33/3
f 379/33/3 343/33/3 342/33/3
f 379/33/3 340/33/3 302/33/3
f 380/33/3 307/33/3 343/33/3
f 380/33/3 343/33/3 379/33/3
f 381/33/3 345/33/3 344/33/3
f 381/4/3 346/4/3 345/4/3
f 382/31/3 134/31/3 346/31/3
f 382/4/3 346/4/3 381/4/3
f 383/43/3 349/43/3 348/43/3
f 383/43/3 348/43/3 347/43/3
f 384/20/3 351/20/3 350/20/3
f 384/43/3 349/43/3 383/43/3
f 384/20/3 350/20/3 349/20/3
f 385/20/3 351/20/3 384/20/3
f 386/20/3 351/20/3 385/20/3
f 387/20/3 351/20/3 386/20/3
f 388/43/3 352/43/3 351/43/3
f 388/20/3 351/20/3 387/20/3
f 389/43/3 352/43/3 388/43/3
f 390/32/3 353/32/3 352/32/3
f 390/43/3 352/43/3 389/43/3
f 391/34/3 354/34/3 353/34/3
f 391/32/3 353/32/3 390/32/3
f 392/34/3 354/34/3 391/34/3
f 393/43/3 358/43/3 357/43/3
f 393/43/3 357/43/3 356/43/3
f 394/24/3 359/24/3 358/24/3
f 394/43/3 358/43/3 393/43/3
f 395/24/3 359/24/3 394/24/3
f 396/25/3 361/25/3 360/25/3
f 396/24/3 359/24/3 395/24/3
f 396/25/3 360/25/3 359/25/3
f 397/25/3 361/25/3 396/25/3
f 398/26/3 362/26/3 361/26/3
f 398/25/3 361/25/3 397/25/3
f 399/25/3 363/25/3 362/25/3
f 399/26/3 362/26/3 398/26/3
f 399/25/3 365/25/3 364/25/3
f 399/25/3 364/25/3 363/25/3
f 400/23/3 367/23/3 366/23/3
f 400/25/3 365/25/3 399/25/3
f 400/23/3 366/23/3 365/23/3
f 401/23/3 367/23/3 400/23/3
f 402/43/3 368/43/3 367/43/3
f 402/23/3 367/23/3 401/23/3
f 402/43/3 369/43/3 368/43/3
f 403/43/3 369/43/3 402/43/3
f 404/32/3 370/32/3 369/32/3
f 404/43/3 369/43/3 403/43/3
f 404/32/3 371/32/3 370/32/3
f 405/32/3 371/32/3 404/32/3
f 406/32/3 372/32/3 295/32/3
f 406/35/3 295/35/3 371/35/3
f 406/32/3 373/32/3 372/32/3
f 407/36/3 329/36/3 259/36/3
f 407/32/3 373/32/3 406/32/3
f 407/32/3 259/32/3 373/32/3
f 408/36/3 375/36/3 374/36/3
f 408/32/3 374/32/3 329/32/3
f 408/36/3 376/36/3 375/36/3
f 409/36/3 376/36/3 408/36/3
f 410/36/3 376/36/3 409/36/3
f 411/36/3 300/36/3 376/36/3
f 411/36/3 376/36/3 410/36/3
f 411/30/3 301/30/3 300/30/3
f 412/38/3 335/38/3 301/38/3
f 412/30/3 301/30/3 411/30/3
f 413/36/3 336/36/3 335/36/3
f 413/38/3 335/38/3 412/38/3
f 414/33/3 379/33/3 302/33/3
f 414/33/3 302/33/3 110/33/3
f 415/3/3 380/3/3 379/3/3
f 415/33/3 379/33/3 414/33/3
f 416/33/3 307/33/3 380/33/3
f 416/3/3 380/3/3 415/3/3
f 417/33/3 200/33/3 307/33/3
f 417/33/3 307/33/3 416/33/3
f 418/33/3 381/33/3 344/33/3
f 418/33/3 344/33/3 201/33/3
f 418/33/3 382/33/3 381/33/3
f 419/31/3 134/31/3 382/31/3
f 419/33/3 382/33/3 418/33/3
f 420/31/3 308/31/3 135/31/3
f 420/3/3 311/3/3 310/3/3
f 420/3/3 313/3/3 312/3/3
f 420/3/3 312/3/3 311/3/3
f 420/3/3 310/3/3 309/3/3
f 420/3/3 309/3/3 308/3/3
f 421/3/3 313/3/3 420/3/3
f 422/3/3 313/3/3 421/3/3
f 423/3/3 313/3/3 422/3/3
f 424/34/3 347/34/3 313/34/3
f 424/3/3 313/3/3 423/3/3
f 425/20/3 384/20/3 383/20/3
f 425/20/3 385/20/3 384/20/3
f 426/19/3 386/19/3 385/19/3
f 426/20/3 385/20/3 425/20/3
f 427/18/3 387/18/3 386/18/3
f 427/19/3 386/19/3 426/19/3
f 428/20/3 388/20/3 387/20/3
f 428/18/3 387/18/3 427/18/3
f 428/20/3 389/20/3 388/20/3
f 429/20/3 389/20/3 428/20/3
f 430/20/3 389/20/3 429/20/3
f 431/43/3 391/43/3 390/43/3
f 431/20/3 389/20/3 430/20/3
f 431/43/3 392/43/3 391/43/3
f 431/43/3 390/43/3 389/43/3
f 432/43/3 392/43/3 431/43/3
f 433/34/3 354/34/3 392/34/3
f 433/43/3 392/43/3 432/43/3
f 434/34/3 354/34/3 433/34/3
f 435/32/3 356/32/3 355/32/3
f 435/32/3 355/32/3 354/32/3
f 436/43/3 393/43/3 356/43/3
f 436/32/3 356/32/3 435/32/3
f 437/25/3 397/25/3 396/25/3
f 437/25/3 396/25/3 395/25/3
f 438/26/3 398/26/3 397/26/3
f 438/25/3 397/25/3 437/25/3
f 439/25/3 399/25/3 398/25/3
f 439/26/3 398/26/3 438/26/3
f 439/25/3 401/25/3 400/25/3
f 439/25/3 400/25/3 399/25/3
f 440/23/3 403/23/3 402/23/3
f 440/25/3 401/25/3 439/25/3
f 440/23/3 402/23/3 401/23/3
f 441/23/3 403/23/3 440/23/3
f 442/43/3 405/43/3 404/43/3
f 442/23/3 403/23/3 441/23/3
f 442/43/3 404/43/3 403/43/3
f 443/43/3 405/43/3 442/43/3
f 444/32/3 371/32/3 405/32/3
f 444/43/3 405/43/3 443/43/3
f 445/32/3 371/32/3 444/32/3
f 446/43/3 407/43/3 406/43/3
f 447/36/3 329/36/3 407/36/3
f 447/43/3 407/43/3 446/43/3
f 448/32/3 408/32/3 329/32/3
f 448/36/3 329/36/3 447/36/3
f 448/32/3 409/32/3 408/32/3
f 449/32/3 409/32/3 448/32/3
f 450/29/3 410/29/3 409/29/3
f 450/32/3 409/32/3 449/32/3
f 451/29/3 410/29/3 450/29/3
f 452/30/3 411/30/3 410/30/3
f 452/29/3 410/29/3 451/29/3
f 452/30/3 412/30/3 411/30/3
f 453/30/3 412/30/3 452/30/3
f 454/30/3 412/30/3 453/30/3
f 455/37/3 413/37/3 412/37/3
f 455/30/3 412/30/3 454/30/3
f 456/36/3 336/36/3 413/36/3
f 456/37/3 413/37/3 455/37/3
f 457/30/3 377/30/3 336/30/3
f 457/36/3 336/36/3 456/36/3
f 458/33/3 418/33/3 201/33/3
f 458/4/3 419/4/3 418/4/3
f 459/4/3 419/4/3 458/4/3
f 460/4/3 419/4/3 459/4/3
f 461/4/3 419/4/3 460/4/3
f 462/30/3 421/30/3 420/30/3
f 463/34/3 422/34/3 421/34/3
f 463/30/3 421/30/3 462/30/3
f 464/34/3 347/34/3 424/34/3
f 464/34/3 424/34/3 423/34/3
f 465/43/3 383/43/3 347/43/3
f 465/34/3 347/34/3 464/34/3
f 466/20/3 425/20/3 383/20/3
f 466/43/3 383/43/3 465/43/3
f 467/43/3 427/43/3 426/43/3
f 467/43/3 429/43/3 428/43/3
f 467/43/3 428/43/3 427/43/3
f 468/19/3 430/19/3 429/19/3
f 468/43/3 429/43/3 467/43/3
f 469/20/3 432/20/3 431/20/3
f 469/19/3 430/19/3 468/19/3
f 469/20/3 431/20/3 430/20/3
f 470/20/3 432/20/3 469/20/3
f 471/20/3 432/20/3 470/20/3
f 472/43/3 433/43/3 432/43/3
f 472/20/3 432/20/3 471/20/3
f 472/43/3 434/43/3 433/43/3
f 473/43/3 434/43/3 472/43/3
f 474/34/3 354/34/3 434/34/3
f 474/43/3 434/43/3 473/43/3
f 475/32/3 435/32/3 354/32/3
f 475/34/3 354/34/3 474/34/3
f 476/43/3 436/43/3 435/43/3
f 476/32/3 435/32/3 475/32/3
f 477/43/3 393/43/3 436/43/3
f 477/43/3 436/43/3 476/43/3
f 478/24/3 395/24/3 394/24/3
f 478/43/3 393/43/3 477/43/3
f 478/24/3 394/24/3 393/24/3
f 479/24/3 395/24/3 478/24/3
f 480/25/3 437/25/3 395/25/3
f 480/24/3 395/24/3 479/24/3
f 481/26/3 438/26/3 437/26/3
f 481/25/3 437/25/3 480/25/3
f 482/25/3 439/25/3 438/25/3
f 482/26/3 438/26/3 481/26/3
f 482/25/3 441/25/3 440/25/3
f 482/25/3 440/25/3 439/25/3
f 483/23/3 443/23/3 442/23/3
f 483/25/3 441/25/3 482/25/3
f 483/23/3 442/23/3 441/23/3
f 484/23/3 443/23/3 483/23/3
f 485/43/3 445/43/3 444/43/3
f 485/23/3 443/23/3 484/23/3
f 485/43/3 444/43/3 443/43/3
f 486/32/3 371/32/3 445/32/3
f 486/43/3 445/43/3 485/43/3
f 487/32/3 371/32/3 486/32/3
f 488/32/3 371/32/3 487/32/3
f 489/35/3 406/35/3 371/35/3
f 489/32/3 371/32/3 488/32/3
f 490/43/3 446/43/3 406/43/3
f 490/35/3 406/35/3 489/35/3
f 491/19/3 447/19/3 446/19/3
f 491/43/3 446/43/3 490/43/3
f 492/43/3 449/43/3 448/43/3
f 492/19/3 447/19/3 491/19/3
f 492/43/3 448/43/3 447/43/3
f 493/43/3 449/43/3 492/43/3
f 494/32/3 451/32/3 450/32/3
f 494/43/3 449/43/3 493/43/3
f 494/32/3 450/32/3 449/32/3
f 495/32/3 451/32/3 494/32/3
f 496/29/3 452/29/3 451/29/3
f 496/32/3 451/32/3 495/32/3
f 496/29/3 453/29/3 452/29/3
f 497/30/3 454/30/3 453/30/3
f 497/29/3 453/29/3 496/29/3
f 498/30/3 454/30/3 497/30/3
f 499/30/3 457/30/3 456/30/3
f 499/37/3 456/37/3 455/37/3
f 500/30/3 377/30/3 457/30/3
f 500/30/3 457/30/3 499/30/3
f 501/33/3 414/33/3 110/33/3
f 501/3/3 415/3/3 414/3/3
f 502/33/3 416/33/3 415/33/3
f 502/3/3 415/3/3 501/3/3
f 503/3/3 417/3/3 416/3/3
f 503/33/3 416/33/3 502/33/3
f 504/33/3 200/33/3 417/33/3
f 504/3/3 417/3/3 503/3/3
f 505/20/3 425/20/3 466/20/3
f 505/20/3 466/20/3 465/20/3
f 506/19/3 426/19/3 425/19/3
f 506/20/3 425/20/3 505/20/3
f 507/43/3 467/43/3 426/43/3
f 507/19/3 426/19/3 506/19/3
f 508/32/3 468/32/3 467/32/3
f 508/43/3 467/43/3 507/43/3
f 509/32/3 468/32/3 508/32/3
f 510/43/3 469/43/3 468/43/3
f 510/32/3 468/32/3 509/32/3
f 510/43/3 470/43/3 469/43/3
f 511/43/3 470/43/3 510/43/3
f 512/19/3 471/19/3 470/19/3
f 512/43/3 470/43/3 511/43/3
f 513/20/3 473/20/3 472/20/3
f 513/19/3 471/19/3 512/19/3
f 513/20/3 472/20/3 471/20/3
f 514/20/3 473/20/3 513/20/3
f 515/43/3 477/43/3 476/43/3
f 515/20/3 473/20/3 514/20/3
f 515/43/3 476/43/3 475/43/3
f 515/43/3 475/43/3 474/43/3
f 515/43/3 474/43/3 473/43/3
f 516/43/3 477/43/3 515/43/3
f 517/24/3 479/24/3 478/24/3
f 517/24/3 478/24/3 477/24/3
f 518/25/3 482/25/3 481/25/3
f 518/24/3 479/24/3 517/24/3
f 518/25/3 481/25/3 480/25/3
f 518/25/3 480/25/3 479/25/3
f 518/25/3 484/25/3 483/25/3
f 518/25/3 483/25/3 482/25/3
f 519/25/3 484/25/3 518/25/3
f 520/25/3 484/25/3 519/25/3
f 521/23/3 485/23/3 484/23/3
f 521/25/3 484/25/3 520/25/3
f 521/23/3 486/23/3 485/23/3
f 522/23/3 486/23/3 521/23/3
f 523/43/3 487/43/3 486/43/3
f 523/23/3 486/23/3 522/23/3
f 524/43/3 487/43/3 523/43/3
f 525/32/3 488/32/3 487/32/3
f 525/43/3 487/43/3 524/43/3
f 526/43/3 489/43/3 488/43/3
f 526/32/3 488/32/3 525/32/3
f 526/43/3 490/43/3 489/43/3
f 527/43/3 490/43/3 526/43/3
f 528/19/3 491/19/3 490/19/3
f 528/43/3 490/43/3 527/43/3
f 528/19/3 493/19/3 492/19/3
f 528/19/3 492/19/3 491/19/3
f 529/19/3 493/19/3 528/19/3
f 530/43/3 494/43/3 493/43/3
f 530/19/3 493/19/3 529/19/3
f 530/43/3 495/43/3 494/43/3
f 531/43/3 495/43/3 530/43/3
f 532/32/3 497/32/3 496/32/3
f 532/43/3 495/43/3 531/43/3
f 532/32/3 498/32/3 497/32/3
f 532/32/3 496/32/3 495/32/3
f 533/32/3 498/32/3 532/32/3
f 534/3/3 503/3/3 502/3/3
f 534/33/3 502/33/3 501/33/3
f 535/33/3 504/33/3 503/33/3
f 535/3/3 503/3/3 534/3/3
f 536/4/3 460/4/3 459/4/3
f 536/33/3 459/33/3 458/33/3
f 537/33/3 461/33/3 460/33/3
f 537/4/3 460/4/3 536/4/3
f 538/4/3 419/4/3 461/4/3
f 538/33/3 461/33/3 537/33/3
f 539/31/3 134/31/3 419/31/3
f 539/4/3 419/4/3 538/4/3
f 540/3/3 423/3/3 422/3/3
f 540/34/3 422/34/3 463/34/3
f 540/34/3 463/34/3 462/34/3
f 541/34/3 464/34/3 423/34/3
f 541/3/3 423/3/3 540/3/3
f 542/43/3 465/43/3 464/43/3
f 542/20/3 505/20/3 465/20/3
f 543/19/3 506/19/3 505/19/3
f 543/20/3 505/20/3 542/20/3
f 544/43/3 507/43/3 506/43/3
f 544/19/3 506/19/3 543/19/3
f 544/43/3 509/43/3 508/43/3
f 544/43/3 508/43/3 507/43/3
f 545/43/3 509/43/3 544/43/3
f 546/43/3 509/43/3 545/43/3
f 547/32/3 511/32/3 510/32/3
f 547/43/3 509/43/3 546/43/3
f 547/32/3 510/32/3 509/32/3
f 548/32/3 511/32/3 547/32/3
f 549/32/3 511/32/3 548/32/3
f 550/43/3 514/43/3 513/43/3
f 550/32/3 511/32/3 549/32/3
f 550/43/3 513/43/3 512/43/3
f 550/43/3 512/43/3 511/43/3
f 551/20/3 515/20/3 514/20/3
f 551/43/3 514/43/3 550/43/3
f 551/20/3 516/20/3 515/20/3
f 552/20/3 516/20/3 551/20/3
f 553/20/3 516/20/3 552/20/3
f 554/43/3 477/43/3 516/43/3
f 554/20/3 516/20/3 553/20/3
f 555/25/3 519/25/3 518/25/3
f 555/25/3 518/25/3 517/25/3
f 556/26/3 520/26/3 519/26/3
f 556/25/3 519/25/3 555/25/3
f 557/25/3 522/25/3 521/25/3
f 557/26/3 520/26/3 556/26/3
f 557/25/3 521/25/3 520/25/3
f 558/23/3 524/23/3 523/23/3
f 558/25/3 522/25/3 557/25/3
f 558/23/3 523/23/3 522/23/3
f 559/23/3 524/23/3 558/23/3
f 560/43/3 527/43/3 526/43/3
f 560/23/3 524/23/3 559/23/3
f 560/43/3 526/43/3 525/43/3
f 560/43/3 525/43/3 524/43/3
f 561/43/3 527/43/3 560/43/3
f 562/43/3 527/43/3 561/43/3
f 563/19/3 528/19/3 527/19/3
f 563/43/3 527/43/3 562/43/3
f 564/20/3 529/20/3 528/20/3
f 564/19/3 528/19/3 563/19/3
f 565/20/3 529/20/3 564/20/3
f 566/19/3 531/19/3 530/19/3
f 566/20/3 529/20/3 565/20/3
f 566/19/3 530/19/3 529/19/3
f 567/43/3 532/43/3 531/43/3
f 567/19/3 531/19/3 566/19/3
f 567/43/3 533/43/3 532/43/3
f 568/43/3 533/43/3 567/43/3
f 569/32/3 498/32/3 533/32/3
f 569/43/3 533/43/3 568/43/3
f 570/32/3 498/32/3 569/32/3
f 571/33/3 501/33/3 110/33/3
f 571/33/3 535/33/3 534/33/3
f 571/33/3 534/33/3 501/33/3
f 572/33/3 200/33/3 504/33/3
f 572/33/3 535/33/3 571/33/3
f 572/33/3 504/33/3 535/33/3
f 573/4/3 538/4/3 537/4/3
f 573/33/3 537/33/3 536/33/3
f 574/33/3 539/33/3 538/33/3
f 574/4/3 538/4/3 573/4/3
f 575/33/3 135/33/3 134/33/3
f 575/31/3 420/31/3 135/31/3
f 576/30/3 462/30/3 420/30/3
f 576/31/3 420/31/3 575/31/3
f 577/34/3 540/34/3 462/34/3
f 577/30/3 462/30/3 576/30/3
f 577/34/3 541/34/3 540/34/3
f 578/43/3 543/43/3 542/43/3
f 578/34/3 541/34/3 577/34/3
f 578/34/3 464/34/3 541/34/3
f 578/43/3 542/43/3 464/43/3
f 579/20/3 544/20/3 543/20/3
f 579/43/3 543/43/3 578/43/3
f 579/20/3 545/20/3 544/20/3
f 580/20/3 545/20/3 579/20/3
f 581/19/3 546/19/3 545/19/3
f 581/20/3 545/20/3 580/20/3
f 582/43/3 548/43/3 547/43/3
f 582/19/3 546/19/3 581/19/3
f 582/43/3 547/43/3 546/43/3
f 583/43/3 548/43/3 582/43/3
f 584/32/3 549/32/3 548/32/3
f 584/43/3 548/43/3 583/43/3
f 585/43/3 550/43/3 549/43/3
f 585/32/3 549/32/3 584/32/3
f 585/43/3 552/43/3 551/43/3
f 585/43/3 551/43/3 550/43/3
f 586/43/3 552/43/3 585/43/3
f 587/20/3 553/20/3 552/20/3
f 587/43/3 552/43/3 586/43/3
f 588/43/3 554/43/3 553/43/3
f 588/20/3 553/20/3 587/20/3
f 589/43/3 554/43/3 588/43/3
f 590/43/3 477/43/3 554/43/3
f 590/43/3 554/43/3 589/43/3
f 591/24/3 517/24/3 477/24/3
f 591/43/3 477/43/3 590/43/3
f 592/25/3 555/25/3 517/25/3
f 592/24/3 517/24/3 591/24/3
f 593/26/3 556/26/3 555/26/3
f 593/25/3 555/25/3 592/25/3
f 594/25/3 559/25/3 558/25/3
f 594/26/3 556/26/3 593/26/3
f 594/25/3 558/25/3 557/25/3
f 594/25/3 557/25/3 556/25/3
f 595/23/3 561/23/3 560/23/3
f 595/25/3 559/25/3 594/25/3
f 595/23/3 560/23/3 559/23/3
f 596/43/3 562/43/3 561/43/3
f 596/23/3 561/23/3 595/23/3
f 597/19/3 563/19/3 562/19/3
f 597/43/3 562/43/3 596/43/3
f 598/19/3 563/19/3 597/19/3
f 599/43/3 565/43/3 564/43/3
f 599/43/3 564/43/3 563/43/3
f 600/20/3 567/20/3 566/20/3
f 600/43/3 565/43/3 599/43/3
f 600/20/3 566/20/3 565/20/3
f 601/20/3 567/20/3 600/20/3
f 602/19/3 568/19/3 567/19/3
f 602/20/3 567/20/3 601/20/3
f 603/43/3 570/43/3 569/43/3
f 603/19/3 568/19/3 602/19/3
f 603/43/3 569/43/3 568/43/3
f 604/43/3 570/43/3 603/43/3
f 605/32/3 498/32/3 570/32/3
f 605/43/3 570/43/3 604/43/3
f 606/32/3 498/32/3 605/32/3
f 607/30/3 454/30/3 498/30/3
f 607/32/3 498/32/3 606/32/3
f 608/28/3 455/28/3 454/28/3
f 608/30/3 454/30/3 607/30/3
f 609/29/3 500/29/3 499/29/3
f 609/30/3 377/30/3 500/30/3
f 610/30/3 377/30/3 609/30/3
f 611/28/3 378/28/3 377/28/3
f 611/30/3 377/30/3 610/30/3
f 612/32/3 269/32/3 378/32/3
f 612/28/3 378/28/3 611/28/3
f 613/33/3 571/33/3 110/33/3
f 613/3/3 572/3/3 571/3/3
f 614/3/3 572/3/3 613/3/3
f 615/3/3 572/3/3 614/3/3
f 616/33/3 200/33/3 572/33/3
f 616/3/3 572/3/3 615/3/3
f 617/33/3 574/33/3 573/33/3
f 617/33/3 573/33/3 536/33/3
f 617/33/3 536/33/3 458/33/3
f 618/33/3 539/33/3 574/33/3
f 618/33/3 574/33/3 617/33/3
f 619/3/3 577/3/3 576/3/3
f 619/30/3 576/30/3 575/30/3
f 619/3/3 578/3/3 577/3/3
f 620/3/3 578/3/3 619/3/3
f 621/3/3 578/3/3 620/3/3
f 622/34/3 579/34/3 578/34/3
f 622/3/3 578/3/3 621/3/3
f 623/34/3 579/34/3 622/34/3
f 624/20/3 583/20/3 582/20/3
f 624/20/3 581/20/3 580/20/3
f 624/43/3 580/43/3 579/43/3
f 624/20/3 582/20/3 581/20/3
f 625/20/3 583/20/3 624/20/3
f 626/43/3 584/43/3 583/43/3
f 626/43/3 585/43/3 584/43/3
f 627/20/3 586/20/3 585/20/3
f 627/43/3 585/43/3 626/43/3
f 628/20/3 586/20/3 627/20/3
f 629/20/3 586/20/3 628/20/3
f 630/43/3 588/43/3 587/43/3
f 630/20/3 586/20/3 629/20/3
f 630/43/3 589/43/3 588/43/3
f 630/43/3 587/43/3 586/43/3
f 631/20/3 590/20/3 589/20/3
f 631/43/3 589/43/3 630/43/3
f 632/43/3 591/43/3 590/43/3
f 633/26/3 593/26/3 592/26/3
f 633/43/3 591/43/3 632/43/3
f 633/26/3 592/26/3 591/26/3
f 633/26/3 595/26/3 594/26/3
f 633/26/3 594/26/3 593/26/3
f 633/26/3 596/26/3 595/26/3
f 634/26/3 596/26/3 633/26/3
f 635/26/3 596/26/3 634/26/3
f 636/26/3 596/26/3 635/26/3
f 637/26/3 596/26/3 636/26/3
f 638/43/3 598/43/3 597/43/3
f 638/26/3 596/26/3 637/26/3
f 638/43/3 597/43/3 596/43/3
f 639/43/3 598/43/3 638/43/3
f 640/19/3 563/19/3 598/19/3
f 640/43/3 598/43/3 639/43/3
f 641/43/3 599/43/3 563/43/3
f 641/19/3 563/19/3 640/19/3
f 642/43/3 601/43/3 600/43/3
f 642/32/3 600/32/3 599/32/3
f 643/20/3 602/20/3 601/20/3
f 643/43/3 601/43/3 642/43/3
f 643/20/3 603/20/3 602/20/3
f 644/20/3 603/20/3 643/20/3
f 645/19/3 604/19/3 603/19/3
f 645/20/3 603/20/3 644/20/3
f 646/43/3 606/43/3 605/43/3
f 646/19/3 604/19/3 645/19/3
f 646/43/3 605/43/3 604/43/3
f 647/43/3 606/43/3 646/43/3
f 648/32/3 607/32/3 606/32/3
f 648/43/3 606/43/3 647/43/3
f 648/32/3 608/32/3 607/32/3
f 649/32/3 608/32/3 648/32/3
f 650/28/3 455/28/3 608/28/3
f 650/32/3 608/32/3 649/32/3
f 651/37/3 499/37/3 455/37/3
f 651/28/3 455/28/3 650/28/3
f 652/29/3 609/29/3 499/29/3
f 652/37/3 499/37/3 651/37/3
f 653/32/3 610/32/3 609/32/3
f 653/29/3 609/29/3 652/29/3
f 654/30/3 611/30/3 610/30/3
f 654/32/3 610/32/3 653/32/3
f 655/32/3 612/32/3 611/32/3
f 655/30/3 611/30/3 654/30/3
f 656/33/3 614/33/3 613/33/3
f 657/3/3 615/3/3 614/3/3
f 657/33/3 614/33/3 656/33/3
f 658/33/3 616/33/3 615/33/3
f 658/3/3 615/3/3 657/3/3
f 659/33/3 617/33/3 458/33/3
f 659/33/3 458/33/3 201/33/3
f 660/4/3 618/4/3 617/4/3
f 660/33/3 617/33/3 659/33/3
f 661/33/3 539/33/3 618/33/3
f 661/4/3 618/4/3 660/4/3
f 662/31/3 134/31/3 539/31/3
f 662/33/3 539/33/3 661/33/3
f 663/34/3 579/34/3 623/34/3
f 663/43/3 625/43/3 624/43/3
f 663/43/3 624/43/3 579/43/3
f 664/43/3 625/43/3 663/43/3
f 665/20/3 583/20/3 625/20/3
f 665/43/3 625/43/3 664/43/3
f 666/43/3 626/43/3 583/43/3
f 666/20/3 583/20/3 665/20/3
f 667/43/3 626/43/3 666/43/3
f 668/20/3 628/20/3 627/20/3
f 668/43/3 626/43/3 667/43/3
f 668/20/3 627/20/3 626/20/3
f 669/19/3 629/19/3 628/19/3
f 669/20/3 628/20/3 668/20/3
f 670/19/3 629/19/3 669/19/3
f 671/43/3 630/43/3 629/43/3
f 671/19/3 629/19/3 670/19/3
f 672/43/3 630/43/3 671/43/3
f 673/20/3 631/20/3 630/20/3
f 673/43/3 630/43/3 672/43/3
f 674/20/3 631/20/3 673/20/3
f 675/43/3 632/43/3 590/43/3
f 675/20/3 631/20/3 674/20/3
f 675/20/3 590/20/3 631/20/3
f 676/23/3 636/23/3 635/23/3
f 677/26/3 637/26/3 636/26/3
f 677/23/3 636/23/3 676/23/3
f 678/23/3 639/23/3 638/23/3
f 678/26/3 637/26/3 677/26/3
f 678/23/3 638/23/3 637/23/3
f 679/23/3 639/23/3 678/23/3
f 680/43/3 640/43/3 639/43/3
f 680/23/3 639/23/3 679/23/3
f 680/43/3 641/43/3 640/43/3
f 681/43/3 641/43/3 680/43/3
f 682/32/3 642/32/3 599/32/3
f 682/43/3 641/43/3 681/43/3
f 682/43/3 599/43/3 641/43/3
f 682/32/3 643/32/3 642/32/3
f 683/32/3 643/32/3 682/32/3
f 684/43/3 644/43/3 643/43/3
f 684/32/3 643/32/3 683/32/3
f 685/20/3 645/20/3 644/20/3
f 685/43/3 644/43/3 684/43/3
f 685/20/3 646/20/3 645/20/3
f 686/20/3 646/20/3 685/20/3
f 687/19/3 647/19/3 646/19/3
f 687/20/3 646/20/3 686/20/3
f 688/43/3 649/43/3 648/43/3
f 688/19/3 647/19/3 687/19/3
f 688/43/3 648/43/3 647/43/3
f 689/43/3 649/43/3 688/43/3
f 690/32/3 652/32/3 651/32/3
f 690/43/3 649/43/3 689/43/3
f 690/32/3 650/32/3 649/32/3
f 690/32/3 651/32/3 650/32/3
f 691/32/3 652/32/3 690/32/3
f 692/30/3 653/30/3 652/30/3
f 692/32/3 652/32/3 691/32/3
f 693/32/3 655/32/3 654/32/3
f 693/30/3 653/30/3 692/30/3
f 693/32/3 654/32/3 653/32/3
f 694/33/3 656/33/3 613/33/3
f 694/3/3 657/3/3 656/3/3
f 695/33/3 658/33/3 657/33/3
f 695/3/3 657/3/3 694/3/3
f 696/33/3 616/33/3 658/33/3
f 696/33/3 658/33/3 695/33/3
f 697/32/3 664/32/3 663/32/3
f 697/34/3 663/34/3 623/34/3
f 698/32/3 664/32/3 697/32/3
f 699/43/3 665/43/3 664/43/3
f 699/32/3 664/32/3 698/32/3
f 699/43/3 667/43/3 666/43/3
f 699/43/3 666/43/3 665/43/3
f 700/43/3 667/43/3 699/43/3
f 701/43/3 667/43/3 700/43/3
f 702/20/3 668/20/3 667/20/3
f 702/43/3 667/43/3 701/43/3
f 703/19/3 670/19/3 669/19/3
f 703/20/3 668/20/3 702/20/3
f 703/19/3 669/19/3 668/19/3
f 704/43/3 672/43/3 671/43/3
f 704/19/3 670/19/3 703/19/3
f 704/43/3 671/43/3 670/43/3
f 705/43/3 672/43/3 704/43/3
f 706/20/3 674/20/3 673/20/3
f 706/43/3 672/43/3 705/43/3
f 706/20/3 673/20/3 672/20/3
f 707/20/3 674/20/3 706/20/3
f 708/43/3 675/43/3 674/43/3
f 708/20/3 674/20/3 707/20/3
f 709/43/3 675/43/3 708/43/3
f 710/43/3 632/43/3 675/43/3
f 710/43/3 675/43/3 709/43/3
f 711/23/3 676/23/3 635/23/3
f 712/24/3 677/24/3 676/24/3
f 712/23/3 676/23/3 711/23/3
f 712/24/3 679/24/3 678/24/3
f 712/24/3 678/24/3 677/24/3
f 713/23/3 681/23/3 680/23/3
f 713/24/3 679/24/3 712/24/3
f 713/23/3 680/23/3 679/23/3
f 714/23/3 681/23/3 713/23/3
f 715/43/3 683/43/3 682/43/3
f 715/43/3 682/43/3 681/43/3
f 716/43/3 683/43/3 715/43/3
f 717/32/3 684/32/3 683/32/3
f 717/43/3 683/43/3 716/43/3
f 717/32/3 685/32/3 684/32/3
f 718/32/3 685/32/3 717/32/3
f 719/43/3 686/43/3 685/43/3
f 719/32/3 685/32/3 718/32/3
f 720/20/3 687/20/3 686/20/3
f 720/43/3 686/43/3 719/43/3
f 720/20/3 689/20/3 688/20/3
f 720/20/3 688/20/3 687/20/3
f 721/20/3 689/20/3 720/20/3
f 722/43/3 691/43/3 690/43/3
f 722/20/3 689/20/3 721/20/3
f 722/43/3 690/43/3 689/43/3
f 723/43/3 691/43/3 722/43/3
f 724/32/3 692/32/3 691/32/3
f 724/43/3 691/43/3 723/43/3
f 724/32/3 693/32/3 692/32/3
f 725/32/3 655/32/3 693/32/3
f 725/32/3 693/32/3 724/32/3
f 726/33/3 695/33/3 694/33/3
f 726/33/3 694/33/3 613/33/3
f 726/33/3 613/33/3 110/33/3
f 727/3/3 696/3/3 695/3/3
f 727/33/3 695/33/3 726/33/3
f 728/33/3 616/33/3 696/33/3
f 728/3/3 696/3/3 727/3/3
f 729/33/3 200/33/3 616/33/3
f 729/33/3 616/33/3 728/33/3
f 730/33/3 661/33/3 660/33/3
f 731/33/3 661/33/3 730/33/3
f 732/31/3 134/31/3 662/31/3
f 732/4/3 662/4/3 661/4/3
f 733/33/3 575/33/3 134/33/3
f 733/31/3 134/31/3 732/31/3
f 734/34/3 620/34/3 619/34/3
f 734/30/3 619/30/3 575/30/3
f 735/3/3 621/3/3 620/3/3
f 735/34/3 620/34/3 734/34/3
f 736/34/3 622/34/3 621/34/3
f 736/3/3 621/3/3 735/3/3
f 737/3/3 623/3/3 622/3/3
f 737/34/3 622/34/3 736/34/3
f 738/34/3 698/34/3 697/34/3
f 738/3/3 623/3/3 737/3/3
f 738/34/3 697/34/3 623/34/3
f 739/32/3 700/32/3 699/32/3
f 739/34/3 698/34/3 738/34/3
f 739/32/3 699/32/3 698/32/3
f 740/43/3 701/43/3 700/43/3
f 740/32/3 700/32/3 739/32/3
f 741/20/3 702/20/3 701/20/3
f 741/19/3 703/19/3 702/19/3
f 742/43/3 705/43/3 704/43/3
f 742/19/3 703/19/3 741/19/3
f 742/43/3 704/43/3 703/43/3
f 743/43/3 705/43/3 742/43/3
f 744/43/3 705/43/3 743/43/3
f 745/20/3 706/20/3 705/20/3
f 745/43/3 705/43/3 744/43/3
f 745/20/3 707/20/3 706/20/3
f 746/20/3 707/20/3 745/20/3
f 747/43/3 708/43/3 707/43/3
f 747/20/3 707/20/3 746/20/3
f 747/43/3 709/43/3 708/43/3
f 748/43/3 709/43/3 747/43/3
f 749/32/3 710/32/3 709/32/3
f 749/43/3 709/43/3 748/43/3
f 750/32/3 710/32/3 749/32/3
f 751/43/3 632/43/3 710/43/3
f 751/32/3 710/32/3 750/32/3
f 752/23/3 711/23/3 635/23/3
f 753/24/3 712/24/3 711/24/3
f 753/23/3 711/23/3 752/23/3
f 753/24/3 713/24/3 712/24/3
f 753/24/3 714/24/3 713/24/3
f 754/43/3 717/43/3 716/43/3
f 754/43/3 718/43/3 717/43/3
f 754/23/3 716/23/3 715/23/3
f 755/43/3 718/43/3 754/43/3
f 756/32/3 719/32/3 718/32/3
f 756/43/3 718/43/3 755/43/3
f 756/32/3 720/32/3 719/32/3
f 757/32/3 720/32/3 756/32/3
f 758/43/3 721/43/3 720/43/3
f 758/32/3 720/32/3 757/32/3
f 759/43/3 721/43/3 758/43/3
f 760/20/3 723/20/3 722/20/3
f 760/43/3 721/43/3 759/43/3
f 760/20/3 722/20/3 721/20/3
f 761/20/3 723/20/3 760/20/3
f 762/43/3 724/43/3 723/43/3
f 762/20/3 723/20/3 761/20/3
f 762/43/3 725/43/3 724/43/3
f 763/43/3 725/43/3 762/43/3
f 764/43/3 725/43/3 763/43/3
f 765/32/3 655/32/3 725/32/3
f 765/43/3 725/43/3 764/43/3
f 766/32/3 269/32/3 612/32/3
f 766/32/3 655/32/3 765/32/3
f 766/32/3 612/32/3 655/32/3
f 767/3/3 727/3/3 726/3/3
f 767/3/3 728/3/3 727/3/3
f 767/33/3 726/33/3 110/33/3
f 767/3/3 729/3/3 728/3/3
f 768/33/3 200/33/3 729/33/3
f 768/3/3 729/3/3 767/3/3
f 769/3/3 737/3/3 736/3/3
f 769/3/3 736/3/3 735/3/3
f 769/3/3 735/3/3 734/3/3
f 769/30/3 734/30/3 575/30/3
f 770/3/3 737/3/3 769/3/3
f 771/34/3 739/34/3 738/34/3
f 771/3/3 737/3/3 770/3/3
f 771/34/3 740/34/3 739/34/3
f 771/34/3 738/34/3 737/34/3
f 772/20/3 741/20/3 701/20/3
f 772/18/3 742/18/3 741/18/3
f 773/43/3 743/43/3 742/43/3
f 773/18/3 742/18/3 772/18/3
f 774/32/3 744/32/3 743/32/3
f 774/43/3 743/43/3 773/43/3
f 775/32/3 744/32/3 774/32/3
f 776/43/3 745/43/3 744/43/3
f 777/19/3 746/19/3 745/19/3
f 777/43/3 745/43/3 776/43/3
f 778/43/3 748/43/3 747/43/3
f 778/43/3 747/43/3 746/43/3
f 779/32/3 750/32/3 749/32/3
f 779/43/3 748/43/3 778/43/3
f 779/32/3 749/32/3 748/32/3
f 780/43/3 632/43/3 751/43/3
f 780/43/3 751/43/3 750/43/3
f 781/24/3 633/24/3 632/24/3
f 781/43/3 632/43/3 780/43/3
f 782/23/3 681/23/3 714/23/3
f 782/43/3 715/43/3 681/43/3
f 783/23/3 755/23/3 754/23/3
f 783/43/3 715/43/3 782/43/3
f 783/23/3 754/23/3 715/23/3
f 784/23/3 755/23/3 783/23/3
f 785/23/3 755/23/3 784/23/3
f 786/43/3 757/43/3 756/43/3
f 786/23/3 755/23/3 785/23/3
f 786/43/3 756/43/3 755/43/3
f 787/43/3 757/43/3 786/43/3
f 788/32/3 759/32/3 758/32/3
f 788/32/3 758/32/3 757/32/3
f 789/43/3 761/43/3 760/43/3
f 789/32/3 759/32/3 788/32/3
f 789/43/3 760/43/3 759/43/3
f 790/20/3 763/20/3 762/20/3
f 790/43/3 761/43/3 789/43/3
f 790/20/3 762/20/3 761/20/3
f 791/20/3 763/20/3 790/20/3
f 792/20/3 763/20/3 791/20/3
f 793/19/3 764/19/3 763/19/3
f 793/20/3 763/20/3 792/20/3
f 794/43/3 766/43/3 765/43/3
f 794/19/3 764/19/3 793/19/3
f 794/43/3 765/43/3 764/43/3
f 795/32/3 269/32/3 766/32/3
f 795/43/3 766/43/3 794/43/3
f 796/30/3 109/30/3 269/30/3
f 796/32/3 269/32/3 795/32/3
f 797/33/3 768/33/3 767/33/3
f 797/33/3 767/33/3 110/33/3
f 798/33/3 200/33/3 768/33/3
f 798/33/3 768/33/3 797/33/3
f 799/4/3 660/4/3 659/4/3
f 799/33/3 659/33/3 201/33/3
f 800/33/3 730/33/3 660/33/3
f 800/4/3 660/4/3 799/4/3
f 801/4/3 731/4/3 730/4/3
f 801/33/3 730/33/3 800/33/3
f 802/33/3 661/33/3 731/33/3
f 803/4/3 732/4/3 661/4/3
f 803/33/3 661/33/3 802/33/3
f 804/30/3 733/30/3 732/30/3
f 804/4/3 732/4/3 803/4/3
f 805/34/3 740/34/3 771/34/3
f 805/34/3 771/34/3 770/34/3
f 806/34/3 740/34/3 805/34/3
f 807/19/3 773/19/3 772/19/3
f 807/43/3 774/43/3 773/43/3
f 807/43/3 775/43/3 774/43/3
f 808/43/3 775/43/3 807/43/3
f 809/32/3 744/32/3 775/32/3
f 809/43/3 775/43/3 808/43/3
f 810/43/3 776/43/3 744/43/3
f 810/32/3 744/32/3 809/32/3
f 811/19/3 777/19/3 776/19/3
f 811/43/3 776/43/3 810/43/3
f 812/19/3 746/19/3 777/19/3
f 812/19/3 777/19/3 811/19/3
f 813/43/3 778/43/3 746/43/3
f 813/19/3 746/19/3 812/19/3
f 814/32/3 750/32/3 779/32/3
f 814/32/3 779/32/3 778/32/3
f 815/43/3 780/43/3 750/43/3
f 815/32/3 750/32/3 814/32/3
f 816/24/3 714/24/3 753/24/3
f 816/24/3 753/24/3 752/24/3
f 817/24/3 714/24/3 816/24/3
f 818/24/3 785/24/3 784/24/3
f 818/43/3 784/43/3 783/43/3
f 819/23/3 786/23/3 785/23/3
f 819/24/3 785/24/3 818/24/3
f 819/23/3 787/23/3 786/23/3
f 820/23/3 787/23/3 819/23/3
f 821/32/3 788/32/3 757/32/3
f 821/43/3 757/43/3 787/43/3
f 822/43/3 791/43/3 790/43/3
f 822/32/3 788/32/3 821/32/3
f 822/43/3 789/43/3 788/43/3
f 822/43/3 790/43/3 789/43/3
f 823/43/3 791/43/3 822/43/3
f 824/43/3 791/43/3 823/43/3
f 825/20/3 792/20/3 791/20/3
f 825/43/3 791/43/3 824/43/3
f 826/43/3 794/43/3 793/43/3
f 826/20/3 792/20/3 825/20/3
f 826/43/3 793/43/3 792/43/3
f 826/43/3 796/43/3 795/43/3
f 826/43/3 795/43/3 794/43/3
f 827/43/3 796/43/3 826/43/3
f 828/43/3 796/43/3 827/43/3
f 829/43/3 796/43/3 828/43/3
f 830/43/3 796/43/3 829/43/3
f 831/30/3 109/30/3 796/30/3
f 831/43/3 796/43/3 830/43/3
f 832/3/3 798/3/3 797/3/3
f 832/33/3 797/33/3 110/33/3
f 833/3/3 798/3/3 832/3/3
f 834/3/3 798/3/3 833/3/3
f 835/3/3 798/3/3 834/3/3
f 836/33/3 800/33/3 799/33/3
f 836/4/3 801/4/3 800/4/3
f 837/4/3 731/4/3 801/4/3
f 837/4/3 801/4/3 836/4/3
f 837/33/3 802/33/3 731/33/3
f 838/4/3 803/4/3 802/4/3
f 838/33/3 802/33/3 837/33/3
f 839/30/3 804/30/3 803/30/3
f 839/4/3 803/4/3 838/4/3
f 840/34/3 740/34/3 806/34/3
f 840/3/3 806/3/3 805/3/3
f 841/34/3 740/34/3 840/34/3
f 842/43/3 701/43/3 740/43/3
f 842/34/3 740/34/3 841/34/3
f 843/20/3 772/20/3 701/20/3
f 843/43/3 701/43/3 842/43/3
f 844/19/3 808/19/3 807/19/3
f 844/20/3 772/20/3 843/20/3
f 844/19/3 807/19/3 772/19/3
f 845/19/3 808/19/3 844/19/3
f 846/43/3 811/43/3 810/43/3
f 846/19/3 808/19/3 845/19/3
f 846/43/3 810/43/3 809/43/3
f 846/43/3 809/43/3 808/43/3
f 847/43/3 811/43/3 846/43/3
f 848/43/3 778/43/3 813/43/3
f 848/43/3 813/43/3 812/43/3
f 849/32/3 814/32/3 778/32/3
f 849/43/3 778/43/3 848/43/3
f 850/43/3 780/43/3 815/43/3
f 850/43/3 815/43/3 814/43/3
f 851/24/3 781/24/3 780/24/3
f 851/43/3 780/43/3 850/43/3
f 852/23/3 752/23/3 635/23/3
f 852/24/3 816/24/3 752/24/3
f 853/23/3 817/23/3 816/23/3
f 853/24/3 816/24/3 852/24/3
f 854/24/3 714/24/3 817/24/3
f 854/23/3 817/23/3 853/23/3
f 855/23/3 782/23/3 714/23/3
f 855/24/3 714/24/3 854/24/3
f 855/23/3 783/23/3 782/23/3
f 856/23/3 783/23/3 855/23/3
f 857/43/3 818/43/3 783/43/3
f 857/26/3 820/26/3 819/26/3
f 857/26/3 819/26/3 818/26/3
f 858/23/3 787/23/3 820/23/3
f 858/26/3 820/26/3 857/26/3
f 859/43/3 823/43/3 822/43/3
f 859/23/3 787/23/3 858/23/3
f 859/43/3 821/43/3 787/43/3
f 859/43/3 822/43/3 821/43/3
f 860/43/3 823/43/3 859/43/3
f 861/43/3 825/43/3 824/43/3
f 861/43/3 826/43/3 825/43/3
f 862/43/3 826/43/3 861/43/3
f 863/43/3 826/43/3 862/43/3
f 864/20/3 827/20/3 826/20/3
f 864/43/3 826/43/3 863/43/3
f 865/33/3 836/33/3 799/33/3
f 865/33/3 838/33/3 837/33/3
f 865/33/3 799/33/3 201/33/3
f 865/33/3 839/33/3 838/33/3
f 865/33/3 837/33/3 836/33/3
f 866/30/3 804/30/3 839/30/3
f 866/33/3 839/33/3 865/33/3
f 867/30/3 733/30/3 804/30/3
f 867/30/3 804/30/3 866/30/3
f 868/30/3 770/30/3 769/30/3
f 868/30/3 769/30/3 575/30/3
f 869/34/3 805/34/3 770/34/3
f 869/30/3 770/30/3 868/30/3
f 870/3/3 840/3/3 805/3/3
f 870/34/3 805/34/3 869/34/3
f 871/20/3 845/20/3 844/20/3
f 871/43/3 844/43/3 843/43/3
f 872/19/3 847/19/3 846/19/3
f 872/20/3 845/20/3 871/20/3
f 872/19/3 846/19/3 845/19/3
f 873/19/3 847/19/3 872/19/3
f 874/43/3 811/43/3 847/43/3
f 874/19/3 847/19/3 873/19/3
f 875/43/3 811/43/3 874/43/3
f 876/18/3 812/18/3 811/18/3
f 876/43/3 811/43/3 875/43/3
f 877/43/3 848/43/3 812/43/3
f 877/18/3 812/18/3 876/18/3
f 878/26/3 635/26/3 634/26/3
f 878/23/3 852/23/3 635/23/3
f 879/22/3 853/22/3 852/22/3
f 879/23/3 852/23/3 878/23/3
f 879/22/3 854/22/3 853/22/3
f 879/22/3 856/22/3 855/22/3
f 879/22/3 855/22/3 854/22/3
f 880/23/3 783/23/3 856/23/3
f 880/22/3 856/22/3 879/22/3
f 881/43/3 857/43/3 783/43/3
f 881/23/3 783/23/3 880/23/3
f 882/24/3 858/24/3 857/24/3
f 882/24/3 859/24/3 858/24/3
f 882/23/3 860/23/3 859/23/3
f 883/23/3 860/23/3 882/23/3
f 884/20/3 824/20/3 823/20/3
f 885/43/3 861/43/3 824/43/3
f 885/20/3 824/20/3 884/20/3
f 886/43/3 861/43/3 885/43/3
f 887/20/3 862/20/3 861/20/3
f 887/43/3 861/43/3 886/43/3
f 888/20/3 864/20/3 863/20/3
f 889/20/3 827/20/3 864/20/3
f 889/20/3 864/20/3 888/20/3
f 889/43/3 828/43/3 827/43/3
f 890/20/3 829/20/3 828/20/3
f 891/43/3 830/43/3 829/43/3
f 891/20/3 829/20/3 890/20/3
f 892/33/3 833/33/3 832/33/3
f 892/3/3 834/3/3 833/3/3
f 893/33/3 835/33/3 834/33/3
f 893/3/3 834/3/3 892/3/3
f 894/3/3 798/3/3 835/3/3
f 894/33/3 835/33/3 893/33/3
f 895/33/3 200/33/3 798/33/3
f 895/3/3 798/3/3 894/3/3
f 896/4/3 866/4/3 865/4/3
f 896/4/3 867/4/3 866/4/3
f 896/33/3 865/33/3 201/33/3
f 897/4/3 867/4/3 896/4/3
f 898/4/3 867/4/3 897/4/3
f 899/4/3 867/4/3 898/4/3
f 900/3/3 870/3/3 869/3/3
f 900/30/3 868/30/3 575/30/3
f 900/3/3 869/3/3 868/3/3
f 901/3/3 870/3/3 900/3/3
f 902/3/3 870/3/3 901/3/3
f 903/3/3 840/3/3 870/3/3
f 903/3/3 870/3/3 902/3/3
f 904/32/3 841/32/3 840/32/3
f 904/34/3 842/34/3 841/34/3
f 905/34/3 842/34/3 904/34/3
f 906/43/3 873/43/3 872/43/3
f 906/43/3 871/43/3 843/43/3
f 906/43/3 872/43/3 871/43/3
f 906/32/3 843/32/3 842/32/3
f 907/43/3 873/43/3 906/43/3
f 908/18/3 874/18/3 873/18/3
f 908/43/3 873/43/3 907/43/3
f 909/43/3 875/43/3 874/43/3
f 909/18/3 874/18/3 908/18/3
f 910/20/3 876/20/3 875/20/3
f 910/43/3 875/43/3 909/43/3
f 911/19/3 877/19/3 876/19/3
f 911/20/3 876/20/3 910/20/3
f 912/43/3 848/43/3 877/43/3
f 912/19/3 877/19/3 911/19/3
f 913/32/3 849/32/3 848/32/3
f 913/43/3 848/43/3 912/43/3
f 914/32/3 814/32/3 849/32/3
f 914/32/3 849/32/3 913/32/3
f 915/43/3 850/43/3 814/43/3
f 915/24/3 851/24/3 850/24/3
f 916/24/3 633/24/3 781/24/3
f 916/24/3 851/24/3 915/24/3
f 916/24/3 781/24/3 851/24/3
f 916/25/3 634/25/3 633/25/3
f 917/26/3 878/26/3 634/26/3
f 917/25/3 634/25/3 916/25/3
f 918/43/3 823/43/3 860/43/3
f 918/20/3 884/20/3 823/20/3
f 919/43/3 886/43/3 885/43/3
f 919/20/3 884/20/3 918/20/3
f 919/43/3 885/43/3 884/43/3
f 920/43/3 886/43/3 919/43/3
f 921/43/3 886/43/3 920/43/3
f 922/43/3 886/43/3 921/43/3
f 923/20/3 887/20/3 886/20/3
f 923/43/3 886/43/3 922/43/3
f 924/20/3 862/20/3 887/20/3
f 924/20/3 887/20/3 923/20/3
f 925/43/3 863/43/3 862/43/3
f 925/20/3 862/20/3 924/20/3
f 926/3/3 894/3/3 893/3/3
f 926/33/3 893/33/3 892/33/3
f 927/33/3 895/33/3 894/33/3
f 927/3/3 894/3/3 926/3/3
f 928/32/3 902/32/3 901/32/3
f 928/34/3 903/34/3 902/34/3
f 929/34/3 903/34/3 928/34/3
f 930/32/3 905/32/3 904/32/3
f 930/32/3 904/32/3 840/32/3
f 931/32/3 905/32/3 930/32/3
f 932/34/3 842/34/3 905/34/3
f 932/32/3 905/32/3 931/32/3
f 933/32/3 906/32/3 842/32/3
f 933/34/3 842/34/3 932/34/3
f 933/32/3 907/32/3 906/32/3
f 934/43/3 908/43/3 907/43/3
f 934/20/3 909/20/3 908/20/3
f 935/43/3 911/43/3 910/43/3
f 935/20/3 909/20/3 934/20/3
f 935/43/3 910/43/3 909/43/3
f 936/43/3 911/43/3 935/43/3
f 937/43/3 913/43/3 912/43/3
f 937/20/3 912/20/3 911/20/3
f 937/43/3 914/43/3 913/43/3
f 938/43/3 914/43/3 937/43/3
f 939/26/3 916/26/3 915/26/3
f 939/43/3 915/43/3 814/43/3
f 939/26/3 917/26/3 916/26/3
f 940/26/3 917/26/3 939/26/3
f 941/26/3 917/26/3 940/26/3
f 942/26/3 878/26/3 917/26/3
f 942/26/3 917/26/3 941/26/3
f 943/22/3 880/22/3 879/22/3
f 943/22/3 879/22/3 878/22/3
f 944/22/3 880/22/3 943/22/3
f 945/24/3 882/24/3 857/24/3
f 945/24/3 883/24/3 882/24/3
f 946/23/3 860/23/3 883/23/3
f 946/24/3 883/24/3 945/24/3
f 947/43/3 918/43/3 860/43/3
f 947/23/3 860/23/3 946/23/3
f 947/43/3 919/43/3 918/43/3
f 947/43/3 920/43/3 919/43/3
f 948/43/3 920/43/3 947/43/3
f 949/20/3 921/20/3 920/20/3
f 949/43/3 920/43/3 948/43/3
f 950/19/3 923/19/3 922/19/3
f 950/43/3 922/43/3 921/43/3
f 951/20/3 924/20/3 923/20/3
f 951/19/3 923/19/3 950/19/3
f 952/19/3 925/19/3 924/19/3
f 952/20/3 924/20/3 951/20/3
f 953/20/3 890/20/3 828/20/3
f 954/19/3 891/19/3 890/19/3
f 954/20/3 890/20/3 953/20/3
f 955/20/3 831/20/3 830/20/3
f 955/43/3 830/43/3 891/43/3
f 956/30/3 109/30/3 831/30/3
f 956/20/3 831/20/3 955/20/3
f 957/33/3 926/33/3 892/33/3
f 957/33/3 892/33/3 832/33/3
f 957/33/3 927/33/3 926/33/3
f 958/33/3 200/33/3 895/33/3
f 958/33/3 927/33/3 957/33/3
f 958/33/3 895/33/3 927/33/3
f 959/33/3 897/33/3 896/33/3
f 960/4/3 898/4/3 897/4/3
f 960/33/3 897/33/3 959/33/3
f 961/30/3 900/30/3 575/30/3
f 961/30/3 901/30/3 900/30/3
f 962/32/3 929/32/3 928/32/3
f 962/30/3 901/30/3 961/30/3
f 962/32/3 928/32/3 901/32/3
f 963/3/3 840/3/3 903/3/3
f 963/34/3 903/34/3 929/34/3
f 964/32/3 930/32/3 840/32/3
f 964/3/3 840/3/3 963/3/3
f 965/34/3 931/34/3 930/34/3
f 965/32/3 930/32/3 964/32/3
f 966/32/3 932/32/3 931/32/3
f 966/43/3 934/43/3 907/43/3
f 966/32/3 907/32/3 933/32/3
f 966/43/3 935/43/3 934/43/3
f 966/32/3 933/32/3 932/32/3
f 967/43/3 935/43/3 966/43/3
f 968/20/3 936/20/3 935/20/3
f 968/43/3 935/43/3 967/43/3
f 969/43/3 911/43/3 936/43/3
f 969/20/3 936/20/3 968/20/3
f 970/19/3 938/19/3 937/19/3
f 970/20/3 937/20/3 911/20/3
f 971/43/3 914/43/3 938/43/3
f 971/19/3 938/19/3 970/19/3
f 972/32/3 814/32/3 914/32/3
f 972/43/3 914/43/3 971/43/3
f 973/32/3 814/32/3 972/32/3
f 974/22/3 943/22/3 878/22/3
f 975/21/3 944/21/3 943/21/3
f 975/22/3 943/22/3 974/22/3
f 976/22/3 880/22/3 944/22/3
f 976/21/3 944/21/3 975/21/3
f 977/43/3 948/43/3 947/43/3
f 978/19/3 949/19/3 948/19/3
f 978/43/3 948/43/3 977/43/3
f 979/20/3 921/20/3 949/20/3
f 979/19/3 949/19/3 978/19/3
f 980/43/3 828/43/3 889/43/3
f 980/20/3 953/20/3 828/20/3
f 981/19/3 954/19/3 953/19/3
f 981/20/3 953/20/3 980/20/3
f 982/33/3 957/33/3 832/33/3
f 982/33/3 832/33/3 110/33/3
f 983/3/3 958/3/3 957/3/3
f 983/33/3 957/33/3 982/33/3
f 984/33/3 200/33/3 958/33/3
f 984/3/3 958/3/3 983/3/3
f 985/33/3 959/33/3 896/33/3
f 985/33/3 896/33/3 201/33/3
f 986/4/3 960/4/3 959/4/3
f 986/33/3 959/33/3 985/33/3
f 987/4/3 898/4/3 960/4/3
f 987/4/3 960/4/3 986/4/3
f 988/33/3 899/33/3 898/33/3
f 988/4/3 898/4/3 987/4/3
f 989/4/3 867/4/3 899/4/3
f 989/33/3 899/33/3 988/33/3
f 990/30/3 733/30/3 867/30/3
f 990/4/3 867/4/3 989/4/3
f 991/32/3 962/32/3 961/32/3
f 991/30/3 961/30/3 575/30/3
f 992/32/3 929/32/3 962/32/3
f 992/32/3 962/32/3 991/32/3
f 992/34/3 964/34/3 963/34/3
f 992/34/3 965/34/3 964/34/3
f 992/34/3 963/34/3 929/34/3
f 993/34/3 965/34/3 992/34/3
f 994/43/3 968/43/3 967/43/3
f 994/32/3 967/32/3 966/32/3
f 994/43/3 969/43/3 968/43/3
f 995/43/3 969/43/3 994/43/3
f 996/43/3 973/43/3 972/43/3
f 996/43/3 972/43/3 971/43/3
f 996/20/3 971/20/3 970/20/3
f 997/43/3 973/43/3 996/43/3
f 998/32/3 814/32/3 973/32/3
f 998/43/3 973/43/3 997/43/3
f 999/43/3 939/43/3 814/43/3
f 999/32/3 814/32/3 998/32/3
f 1000/22/3 974/22/3 878/22/3
f 1001/21/3 975/21/3 974/21/3
f 1001/22/3 974/22/3 1000/22/3
f 1002/43/3 976/43/3 975/43/3
f 1002/21/3 975/21/3 1001/21/3
f 1003/43/3 976/43/3 1002/43/3
f 1004/43/3 976/43/3 1003/43/3
f 1005/24/3 945/24/3 857/24/3
f 1006/23/3 946/23/3 945/23/3
f 1006/24/3 945/24/3 1005/24/3
f 1007/20/3 978/20/3 977/20/3
f 1007/20/3 979/20/3 978/20/3
f 1008/20/3 921/20/3 979/20/3
f 1008/20/3 979/20/3 1007/20/3
f 1008/43/3 950/43/3 921/43/3
f 1009/43/3 863/43/3 925/43/3
f 1009/20/3 888/20/3 863/20/3
f 1010/19/3 889/19/3 888/19/3
f 1010/20/3 888/20/3 1009/20/3
f 1011/4/3 986/4/3 985/4/3
f 1011/4/3 987/4/3 986/4/3
f 1011/33/3 985/33/3 201/33/3
f 1012/33/3 988/33/3 987/33/3
f 1012/4/3 987/4/3 1011/4/3
f 1013/4/3 989/4/3 988/4/3
f 1013/33/3 988/33/3 1012/33/3
f 1014/30/3 990/30/3 989/30/3
f 1014/4/3 989/4/3 1013/4/3
f 1015/30/3 991/30/3 575/30/3
f 1015/3/3 993/3/3 992/3/3
f 1015/3/3 992/3/3 991/3/3
f 1016/3/3 993/3/3 1015/3/3
f 1017/3/3 993/3/3 1016/3/3
f 1018/3/3 993/3/3 1017/3/3
f 1019/3/3 993/3/3 1018/3/3
f 1020/34/3 965/34/3 993/34/3
f 1020/3/3 993/3/3 1019/3/3
f 1021/32/3 995/32/3 994/32/3
f 1021/32/3 994/32/3 966/32/3
f 1021/32/3 966/32/3 931/32/3
f 1022/32/3 995/32/3 1021/32/3
f 1023/20/3 970/20/3 911/20/3
f 1023/43/3 911/43/3 969/43/3
f 1023/43/3 969/43/3 995/43/3
f 1023/20/3 996/20/3 970/20/3
f 1024/20/3 996/20/3 1023/20/3
f 1025/18/3 997/18/3 996/18/3
f 1025/20/3 996/20/3 1024/20/3
f 1026/43/3 998/43/3 997/43/3
f 1026/18/3 997/18/3 1025/18/3
f 1026/43/3 999/43/3 998/43/3
f 1027/43/3 999/43/3 1026/43/3
f 1028/43/3 1002/43/3 1001/43/3
f 1028/43/3 1003/43/3 1002/43/3
f 1028/29/3 1004/29/3 1003/29/3
f 1029/43/3 976/43/3 1004/43/3
f 1029/29/3 1004/29/3 1028/29/3
f 1030/22/3 880/22/3 976/22/3
f 1030/43/3 976/43/3 1029/43/3
f 1031/22/3 880/22/3 1030/22/3
f 1032/24/3 1005/24/3 857/24/3
f 1033/23/3 1006/23/3 1005/23/3
f 1033/24/3 1005/24/3 1032/24/3
f 1034/23/3 946/23/3 1006/23/3
f 1034/23/3 1006/23/3 1033/23/3
f 1035/21/3 947/21/3 946/21/3
f 1035/23/3 946/23/3 1034/23/3
f 1036/43/3 950/43/3 1008/43/3
f 1036/20/3 951/20/3 950/20/3
f 1037/19/3 952/19/3 951/19/3
f 1037/20/3 951/20/3 1036/20/3
f 1038/19/3 925/19/3 952/19/3
f 1038/19/3 952/19/3 1037/19/3
f 1038/43/3 1009/43/3 925/43/3
f 1039/19/3 1010/19/3 1009/19/3
f 1039/43/3 1009/43/3 1038/43/3
f 1040/19/3 889/19/3 1010/19/3
f 1040/19/3 1010/19/3 1039/19/3
f 1040/43/3 980/43/3 889/43/3
f 1041/19/3 981/19/3 980/19/3
f 1041/43/3 980/43/3 1040/43/3
f 1042/19/3 954/19/3 981/19/3
f 1042/19/3 981/19/3 1041/19/3
f 1042/43/3 955/43/3 891/43/3
f 1042/19/3 891/19/3 954/19/3
f 1043/19/3 956/19/3 955/19/3
f 1043/43/3 955/43/3 1042/43/3
f 1044/30/3 109/30/3 956/30/3
f 1044/19/3 956/19/3 1043/19/3
f 1045/33/3 982/33/3 110/33/3
f 1045/3/3 983/3/3 982/3/3
f 1046/33/3 984/33/3 983/33/3
f 1046/3/3 983/3/3 1045/3/3
f 1047/33/3 200/33/3 984/33/3
f 1047/33/3 984/33/3 1046/33/3
f 1048/34/3 1018/34/3 1017/34/3
f 1049/3/3 1019/3/3 1018/3/3
f 1049/34/3 1018/34/3 1048/34/3
f 1050/34/3 1020/34/3 1019/34/3
f 1050/3/3 1019/3/3 1049/3/3
f 1051/34/3 1020/34/3 1050/34/3
f 1052/34/3 931/34/3 965/34/3
f 1052/34/3 1020/34/3 1051/34/3
f 1052/32/3 1021/32/3 931/32/3
f 1052/34/3 965/34/3 1020/34/3
f 1053/32/3 1021/32/3 1052/32/3
f 1054/32/3 1021/32/3 1053/32/3
f 1055/32/3 1021/32/3 1054/32/3
f 1056/32/3 995/32/3 1022/32/3
f 1056/34/3 1022/34/3 1021/34/3
f 1057/43/3 1024/43/3 1023/43/3
f 1057/32/3 995/32/3 1056/32/3
f 1057/43/3 1023/43/3 995/43/3
f 1058/43/3 1024/43/3 1057/43/3
f 1059/20/3 1025/20/3 1024/20/3
f 1059/43/3 1024/43/3 1058/43/3
f 1059/20/3 1026/20/3 1025/20/3
f 1060/19/3 1027/19/3 1026/19/3
f 1060/20/3 1026/20/3 1059/20/3
f 1061/43/3 999/43/3 1027/43/3
f 1061/19/3 1027/19/3 1060/19/3
f 1062/43/3 939/43/3 999/43/3
f 1062/43/3 999/43/3 1061/43/3
f 1063/43/3 1028/43/3 1001/43/3
f 1064/16/3 1029/16/3 1028/16/3
f 1064/43/3 1028/43/3 1063/43/3
f 1065/16/3 1029/16/3 1064/16/3
f 1066/16/3 1029/16/3 1065/16/3
f 1067/16/3 1029/16/3 1066/16/3
f 1068/16/3 1029/16/3 1067/16/3
f 1069/43/3 1031/43/3 1030/43/3
f 1069/16/3 1029/16/3 1068/16/3
f 1069/43/3 1030/43/3 1029/43/3
f 1070/43/3 1031/43/3 1069/43/3
f 1071/43/3 857/43/3 881/43/3
f 1071/24/3 1032/24/3 857/24/3
f 1072/23/3 1033/23/3 1032/23/3
f 1072/24/3 1032/24/3 1071/24/3
f 1072/23/3 1034/23/3 1033/23/3
f 1073/23/3 1034/23/3 1072/23/3
f 1074/22/3 1035/22/3 1034/22/3
f 1074/23/3 1034/23/3 1073/23/3
f 1075/20/3 1007/20/3 977/20/3
f 1075/43/3 977/43/3 947/43/3
f 1076/19/3 1008/19/3 1007/19/3
f 1076/20/3 1007/20/3 1075/20/3
f 1077/19/3 1008/19/3 1076/19/3
f 1078/43/3 1036/43/3 1008/43/3
f 1078/19/3 1008/19/3 1077/19/3
f 1079/17/3 1037/17/3 1036/17/3
f 1079/43/3 1036/43/3 1078/43/3
f 1079/17/3 1038/17/3 1037/17/3
f 1080/43/3 1039/43/3 1038/43/3
f 1080/17/3 1038/17/3 1079/17/3
f 1081/17/3 1040/17/3 1039/17/3
f 1081/43/3 1039/43/3 1080/43/3
f 1082/43/3 1041/43/3 1040/43/3
f 1082/17/3 1040/17/3 1081/17/3
f 1083/17/3 1042/17/3 1041/17/3
f 1083/43/3 1041/43/3 1082/43/3
f 1084/43/3 1043/43/3 1042/43/3
f 1084/17/3 1042/17/3 1083/17/3
f 1085/17/3 1044/17/3 1043/17/3
f 1085/43/3 1043/43/3 1084/43/3
f 1086/30/3 109/30/3 1044/30/3
f 1086/17/3 1044/17/3 1085/17/3
f 1087/3/3 1047/3/3 1046/3/3
f 1087/33/3 1046/33/3 1045/33/3
f 1088/33/3 200/33/3 1047/33/3
f 1088/3/3 1047/3/3 1087/3/3
f 1089/33/3 1012/33/3 1011/33/3
f 1089/33/3 1014/33/3 1013/33/3
f 1089/33/3 1011/33/3 201/33/3
f 1089/33/3 1013/33/3 1012/33/3
f 1090/30/3 990/30/3 1014/30/3
f 1090/33/3 1014/33/3 1089/33/3
f 1091/34/3 1048/34/3 1017/34/3
f 1091/32/3 1017/32/3 1016/32/3
f 1092/3/3 1051/3/3 1050/3/3
f 1092/34/3 1048/34/3 1091/34/3
f 1092/3/3 1050/3/3 1049/3/3
f 1092/3/3 1049/3/3 1048/3/3
f 1093/3/3 1051/3/3 1092/3/3
f 1094/3/3 1051/3/3 1093/3/3
f 1095/34/3 1052/34/3 1051/34/3
f 1095/3/3 1051/3/3 1094/3/3
f 1096/34/3 1052/34/3 1095/34/3
f 1097/20/3 1061/20/3 1060/20/3
f 1097/19/3 1062/19/3 1061/19/3
f 1098/43/3 939/43/3 1062/43/3
f 1098/19/3 1062/19/3 1097/19/3
f 1099/16/3 1065/16/3 1064/16/3
f 1100/15/3 1066/15/3 1065/15/3
f 1100/16/3 1065/16/3 1099/16/3
f 1101/15/3 1066/15/3 1100/15/3
f 1102/15/3 1066/15/3 1101/15/3
f 1103/16/3 1067/16/3 1066/16/3
f 1103/15/3 1066/15/3 1102/15/3
f 1104/15/3 1068/15/3 1067/15/3
f 1104/16/3 1067/16/3 1103/16/3
f 1105/16/3 1069/16/3 1068/16/3
f 1105/15/3 1068/15/3 1104/15/3
f 1106/16/3 1069/16/3 1105/16/3
f 1107/23/3 1073/23/3 1072/23/3
f 1107/43/3 1071/43/3 881/43/3
f 1107/23/3 1072/23/3 1071/23/3
f 1108/21/3 1074/21/3 1073/21/3
f 1108/23/3 1073/23/3 1107/23/3
f 1109/19/3 1076/19/3 1075/19/3
f 1109/19/3 1077/19/3 1076/19/3
f 1110/17/3 1078/17/3 1077/17/3
f 1110/19/3 1077/19/3 1109/19/3
f 1111/43/3 1081/43/3 1080/43/3
f 1111/43/3 1083/43/3 1082/43/3
f 1111/43/3 1080/43/3 1079/43/3
f 1111/43/3 1079/43/3 1078/43/3
f 1111/43/3 1082/43/3 1081/43/3
f 1111/43/3 1085/43/3 1084/43/3
f 1111/43/3 1086/43/3 1085/43/3
f 1111/43/3 1084/43/3 1083/43/3
f 1112/30/3 109/30/3 1086/30/3
f 1112/43/3 1086/43/3 1111/43/3
f 1113/33/3 1088/33/3 1087/33/3
f 1114/33/3 200/33/3 1088/33/3
f 1114/33/3 1088/33/3 1113/33/3
f 1115/33/3 1089/33/3 201/33/3
f 1115/4/3 1090/4/3 1089/4/3
f 1116/4/3 1090/4/3 1115/4/3
f 1117/4/3 1090/4/3 1116/4/3
f 1118/30/3 990/30/3 1090/30/3
f 1118/4/3 1090/4/3 1117/4/3
f 1119/30/3 733/30/3 990/30/3
f 1119/30/3 990/30/3 1118/30/3
f 1120/33/3 1016/33/3 1015/33/3
f 1120/30/3 1015/30/3 575/30/3
f 1121/32/3 1091/32/3 1016/32/3
f 1121/33/3 1016/33/3 1120/33/3
f 1122/3/3 1093/3/3 1092/3/3
f 1122/32/3 1091/32/3 1121/32/3
f 1122/3/3 1092/3/3 1091/3/3
f 1123/3/3 1093/3/3 1122/3/3
f 1124/34/3 1094/34/3 1093/34/3
f 1124/3/3 1093/3/3 1123/3/3
f 1125/3/3 1095/3/3 1094/3/3
f 1125/34/3 1094/34/3 1124/34/3
f 1125/3/3 1096/3/3 1095/3/3
f 1126/3/3 1096/3/3 1125/3/3
f 1127/34/3 1052/34/3 1096/34/3
f 1127/3/3 1096/3/3 1126/3/3
f 1128/34/3 1052/34/3 1127/34/3
f 1129/38/3 1053/38/3 1052/38/3
f 1129/34/3 1052/34/3 1128/34/3
f 1130/32/3 1054/32/3 1053/32/3
f 1130/38/3 1053/38/3 1129/38/3
f 1131/34/3 1055/34/3 1054/34/3
f 1131/32/3 1054/32/3 1130/32/3
f 1132/20/3 1059/20/3 1058/20/3
f 1133/43/3 1060/43/3 1059/43/3
f 1133/20/3 1059/20/3 1132/20/3
f 1134/43/3 1060/43/3 1133/43/3
f 1135/20/3 1097/20/3 1060/20/3
f 1135/43/3 1060/43/3 1134/43/3
f 1135/20/3 1098/20/3 1097/20/3
f 1136/43/3 939/43/3 1098/43/3
f 1136/20/3 1098/20/3 1135/20/3
f 1137/22/3 1000/22/3 878/22/3
f 1138/21/3 1001/21/3 1000/21/3
f 1138/22/3 1000/22/3 1137/22/3
f 1139/43/3 1063/43/3 1001/43/3
f 1139/21/3 1001/21/3 1138/21/3
f 1140/15/3 1101/15/3 1100/15/3
f 1140/15/3 1100/15/3 1099/15/3
f 1141/4/3 1102/4/3 1101/4/3
f 1141/15/3 1101/15/3 1140/15/3
f 1142/15/3 1106/15/3 1105/15/3
f 1142/4/3 1102/4/3 1141/4/3
f 1142/15/3 1103/15/3 1102/15/3
f 1142/15/3 1104/15/3 1103/15/3
f 1142/15/3 1105/15/3 1104/15/3
f 1143/15/3 1106/15/3 1142/15/3
f 1144/16/3 1069/16/3 1106/16/3
f 1144/15/3 1106/15/3 1143/15/3
f 1145/16/3 1069/16/3 1144/16/3
f 1146/43/3 1075/43/3 947/43/3
f 1146/19/3 1109/19/3 1075/19/3
f 1147/17/3 1110/17/3 1109/17/3
f 1147/19/3 1109/19/3 1146/19/3
f 1148/17/3 1078/17/3 1110/17/3
f 1148/17/3 1110/17/3 1147/17/3
f 1149/43/3 1111/43/3 1078/43/3
f 1149/17/3 1078/17/3 1148/17/3
f 1150/32/3 1112/32/3 1111/32/3
f 1150/43/3 1111/43/3 1149/43/3
f 1151/32/3 1112/32/3 1150/32/3
f 1152/32/3 1112/32/3 1151/32/3
f 1153/32/3 1112/32/3 1152/32/3
f 1154/32/3 1112/32/3 1153/32/3
f 1155/32/3 1112/32/3 1154/32/3
f 1156/32/3 1112/32/3 1155/32/3
f 1157/32/3 1112/32/3 1156/32/3
f 1158/33/3 1113/33/3 1087/33/3
f 1158/33/3 1045/33/3 110/33/3
f 1158/33/3 1087/33/3 1045/33/3
f 1159/3/3 1114/3/3 1113/3/3
f 1159/33/3 1113/33/3 1158/33/3
f 1160/30/3 1120/30/3 575/30/3
f 1160/34/3 1121/34/3 1120/34/3
f 1161/3/3 1123/3/3 1122/3/3
f 1161/34/3 1121/34/3 1160/34/3
f 1161/3/3 1122/3/3 1121/3/3
f 1162/3/3 1123/3/3 1161/3/3
f 1163/34/3 1124/34/3 1123/34/3
f 1163/3/3 1123/3/3 1162/3/3
f 1163/34/3 1126/34/3 1125/34/3
f 1163/34/3 1125/34/3 1124/34/3
f 1164/34/3 1126/34/3 1163/34/3
f 1165/34/3 1126/34/3 1164/34/3
f 1166/3/3 1127/3/3 1126/3/3
f 1166/34/3 1126/34/3 1165/34/3
f 1166/3/3 1128/3/3 1127/3/3
f 1167/3/3 1128/3/3 1166/3/3
f 1168/32/3 1021/32/3 1055/32/3
f 1168/34/3 1131/34/3 1130/34/3
f 1168/34/3 1055/34/3 1131/34/3
f 1169/32/3 1021/32/3 1168/32/3
f 1170/43/3 1134/43/3 1133/43/3
f 1170/32/3 1135/32/3 1134/32/3
f 1171/43/3 1136/43/3 1135/43/3
f 1171/32/3 1135/32/3 1170/32/3
f 1172/43/3 939/43/3 1136/43/3
f 1172/43/3 1136/43/3 1171/43/3
f 1173/15/3 1145/15/3 1144/15/3
f 1173/4/3 1143/4/3 1142/4/3
f 1173/4/3 1141/4/3 1140/4/3
f 1173/4/3 1142/4/3 1141/4/3
f 1173/15/3 1144/15/3 1143/15/3
f 1174/15/3 1145/15/3 1173/15/3
f 1175/17/3 1147/17/3 1146/17/3
f 1175/17/3 1148/17/3 1147/17/3
f 1175/43/3 1146/43/3 947/43/3
f 1176/43/3 1149/43/3 1148/43/3
f 1176/17/3 1148/17/3 1175/17/3
f 1177/32/3 1150/32/3 1149/32/3
f 1177/43/3 1149/43/3 1176/43/3
f 1177/32/3 1151/32/3 1150/32/3
f 1178/32/3 1151/32/3 1177/32/3
f 1179/30/3 1152/30/3 1151/30/3
f 1179/32/3 1151/32/3 1178/32/3
f 1180/32/3 1153/32/3 1152/32/3
f 1180/30/3 1152/30/3 1179/30/3
f 1181/30/3 1154/30/3 1153/30/3
f 1181/32/3 1153/32/3 1180/32/3
f 1182/32/3 1155/32/3 1154/32/3
f 1182/30/3 1154/30/3 1181/30/3
f 1183/30/3 1156/30/3 1155/30/3
f 1183/32/3 1155/32/3 1182/32/3
f 1184/30/3 1156/30/3 1183/30/3
f 1185/27/3 1157/27/3 1156/27/3
f 1185/30/3 1156/30/3 1184/30/3
f 1186/3/3 1159/3/3 1158/3/3
f 1186/33/3 1158/33/3 110/33/3
f 1187/3/3 1114/3/3 1159/3/3
f 1187/3/3 1159/3/3 1186/3/3
f 1188/3/3 1162/3/3 1161/3/3
f 1188/3/3 1161/3/3 1160/3/3
f 1189/34/3 1164/34/3 1163/34/3
f 1189/3/3 1162/3/3 1188/3/3
f 1189/34/3 1163/34/3 1162/34/3
f 1190/34/3 1167/34/3 1166/34/3
f 1190/32/3 1165/32/3 1164/32/3
f 1190/34/3 1166/34/3 1165/34/3
f 1191/34/3 1167/34/3 1190/34/3
f 1192/3/3 1128/3/3 1167/3/3
f 1192/34/3 1167/34/3 1191/34/3
f 1193/34/3 1129/34/3 1128/34/3
f 1193/3/3 1128/3/3 1192/3/3
f 1194/32/3 1130/32/3 1129/32/3
f 1194/34/3 1169/34/3 1168/34/3
f 1194/34/3 1168/34/3 1130/34/3
f 1195/34/3 1169/34/3 1194/34/3
f 1196/34/3 1057/34/3 1056/34/3
f 1196/34/3 1056/34/3 1021/34/3
f 1197/43/3 1058/43/3 1057/43/3
f 1197/34/3 1057/34/3 1196/34/3
f 1198/20/3 1132/20/3 1058/20/3
f 1198/43/3 1058/43/3 1197/43/3
f 1199/19/3 1133/19/3 1132/19/3
f 1199/20/3 1132/20/3 1198/20/3
f 1200/43/3 1170/43/3 1133/43/3
f 1200/19/3 1133/19/3 1199/19/3
f 1200/43/3 1171/43/3 1170/43/3
f 1201/43/3 1171/43/3 1200/43/3
f 1202/32/3 1172/32/3 1171/32/3
f 1202/43/3 1171/43/3 1201/43/3
f 1203/43/3 939/43/3 1172/43/3
f 1203/32/3 1172/32/3 1202/32/3
f 1204/15/3 1140/15/3 1099/15/3
f 1205/4/3 1174/4/3 1173/4/3
f 1205/15/3 1140/15/3 1204/15/3
f 1205/4/3 1173/4/3 1140/4/3
f 1206/4/3 1174/4/3 1205/4/3
f 1207/4/3 1174/4/3 1206/4/3
f 1208/15/3 1145/15/3 1174/15/3
f 1208/4/3 1174/4/3 1207/4/3
f 1209/15/3 1145/15/3 1208/15/3
f 1210/21/3 1074/21/3 1108/21/3
f 1210/22/3 1108/22/3 1107/22/3
f 1211/22/3 1035/22/3 1074/22/3
f 1211/21/3 1074/21/3 1210/21/3
f 1212/43/3 1176/43/3 1175/43/3
f 1213/32/3 1177/32/3 1176/32/3
f 1213/43/3 1176/43/3 1212/43/3
f 1213/32/3 1178/32/3 1177/32/3
f 1214/32/3 1178/32/3 1213/32/3
f 1215/32/3 1178/32/3 1214/32/3
f 1216/30/3 1184/30/3 1183/30/3
f 1216/32/3 1178/32/3 1215/32/3
f 1216/30/3 1182/30/3 1181/30/3
f 1216/30/3 1181/30/3 1180/30/3
f 1216/30/3 1180/30/3 1179/30/3
f 1216/30/3 1183/30/3 1182/30/3
f 1216/30/3 1179/30/3 1178/30/3
f 1217/30/3 1184/30/3 1216/30/3
f 1218/30/3 1184/30/3 1217/30/3
f 1219/27/3 1157/27/3 1185/27/3
f 1219/27/3 1185/27/3 1184/27/3
f 1220/32/3 1112/32/3 1157/32/3
f 1220/27/3 1157/27/3 1219/27/3
f 1221/32/3 1112/32/3 1220/32/3
f 1222/30/3 109/30/3 1112/30/3
f 1222/32/3 1112/32/3 1221/32/3
f 1223/3/3 1114/3/3 1187/3/3
f 1223/33/3 1187/33/3 1186/33/3
f 1224/33/3 200/33/3 1114/33/3
f 1224/3/3 1114/3/3 1223/3/3
f 1225/33/3 1116/33/3 1115/33/3
f 1225/33/3 1115/33/3 201/33/3
f 1226/4/3 1117/4/3 1116/4/3
f 1226/33/3 1116/33/3 1225/33/3
f 1227/33/3 1118/33/3 1117/33/3
f 1227/4/3 1117/4/3 1226/4/3
f 1228/4/3 1119/4/3 1118/4/3
f 1228/33/3 1118/33/3 1227/33/3
f 1229/30/3 733/30/3 1119/30/3
f 1229/4/3 1119/4/3 1228/4/3
f 1230/33/3 575/33/3 733/33/3
f 1230/30/3 1160/30/3 575/30/3
f 1231/3/3 1188/3/3 1160/3/3
f 1231/30/3 1160/30/3 1230/30/3
f 1232/32/3 1189/32/3 1188/32/3
f 1232/3/3 1188/3/3 1231/3/3
f 1233/34/3 1164/34/3 1189/34/3
f 1233/32/3 1189/32/3 1232/32/3
f 1234/34/3 1164/34/3 1233/34/3
f 1235/32/3 1191/32/3 1190/32/3
f 1235/34/3 1164/34/3 1234/34/3
f 1235/32/3 1190/32/3 1164/32/3
f 1236/32/3 1191/32/3 1235/32/3
f 1237/34/3 1193/34/3 1192/34/3
f 1237/32/3 1191/32/3 1236/32/3
f 1237/34/3 1192/34/3 1191/34/3
f 1238/34/3 1193/34/3 1237/34/3
f 1239/32/3 1021/32/3 1169/32/3
f 1239/34/3 1169/34/3 1195/34/3
f 1240/34/3 1196/34/3 1021/34/3
f 1240/32/3 1021/32/3 1239/32/3
f 1241/43/3 1199/43/3 1198/43/3
f 1241/43/3 1198/43/3 1197/43/3
f 1241/32/3 1197/32/3 1196/32/3
f 1242/43/3 1199/43/3 1241/43/3
f 1243/19/3 1201/19/3 1200/19/3
f 1243/43/3 1199/43/3 1242/43/3
f 1243/19/3 1200/19/3 1199/19/3
f 1244/19/3 1201/19/3 1243/19/3
f 1245/43/3 1202/43/3 1201/43/3
f 1245/19/3 1201/19/3 1244/19/3
f 1245/43/3 1203/43/3 1202/43/3
f 1246/43/3 939/43/3 1203/43/3
f 1246/43/3 1203/43/3 1245/43/3
f 1247/15/3 1207/15/3 1206/15/3
f 1247/4/3 1206/4/3 1205/4/3
f 1247/4/3 1205/4/3 1204/4/3
f 1248/15/3 1207/15/3 1247/15/3
f 1249/4/3 1209/4/3 1208/4/3
f 1249/15/3 1207/15/3 1248/15/3
f 1249/4/3 1208/4/3 1207/4/3
f 1250/4/3 1209/4/3 1249/4/3
f 1251/15/3 1145/15/3 1209/15/3
f 1251/4/3 1209/4/3 1250/4/3
f 1252/15/3 1145/15/3 1251/15/3
f 1253/22/3 1210/22/3 1107/22/3
f 1253/22/3 1211/22/3 1210/22/3
f 1254/22/3 1035/22/3 1211/22/3
f 1254/22/3 1211/22/3 1253/22/3
f 1255/21/3 947/21/3 1035/21/3
f 1255/22/3 1035/22/3 1254/22/3
f 1256/43/3 1212/43/3 1175/43/3
f 1256/21/3 947/21/3 1255/21/3
f 1256/43/3 1175/43/3 947/43/3
f 1257/43/3 1212/43/3 1256/43/3
f 1258/32/3 1214/32/3 1213/32/3
f 1258/43/3 1212/43/3 1257/43/3
f 1258/32/3 1213/32/3 1212/32/3
f 1259/32/3 1214/32/3 1258/32/3
f 1260/30/3 1215/30/3 1214/30/3
f 1260/32/3 1214/32/3 1259/32/3
f 1261/35/3 1216/35/3 1215/35/3
f 1261/30/3 1215/30/3 1260/30/3
f 1261/35/3 1217/35/3 1216/35/3
f 1262/36/3 1218/36/3 1217/36/3
f 1262/35/3 1217/35/3 1261/35/3
f 1263/30/3 1184/30/3 1218/30/3
f 1263/36/3 1218/36/3 1262/36/3
f 1264/33/3 1223/33/3 1186/33/3
f 1264/33/3 1186/33/3 110/33/3
f 1264/33/3 1224/33/3 1223/33/3
f 1265/33/3 200/33/3 1224/33/3
f 1265/33/3 1224/33/3 1264/33/3
f 1266/4/3 1228/4/3 1227/4/3
f 1266/4/3 1227/4/3 1226/4/3
f 1266/33/3 1225/33/3 201/33/3
f 1266/4/3 1226/4/3 1225/4/3
f 1267/30/3 1229/30/3 1228/30/3
f 1267/4/3 1228/4/3 1266/4/3
f 1268/34/3 1239/34/3 1195/34/3
f 1268/34/3 1240/34/3 1239/34/3
f 1268/32/3 1195/32/3 1194/32/3
f 1269/34/3 1196/34/3 1240/34/3
f 1269/34/3 1240/34/3 1268/34/3
f 1270/32/3 1242/32/3 1241/32/3
f 1270/34/3 1196/34/3 1269/34/3
f 1270/32/3 1241/32/3 1196/32/3
f 1271/43/3 1244/43/3 1243/43/3
f 1271/32/3 1242/32/3 1270/32/3
f 1271/43/3 1243/43/3 1242/43/3
f 1272/19/3 1245/19/3 1244/19/3
f 1272/43/3 1244/43/3 1271/43/3
f 1273/20/3 1246/20/3 1245/20/3
f 1273/19/3 1245/19/3 1272/19/3
f 1274/43/3 939/43/3 1246/43/3
f 1274/20/3 1246/20/3 1273/20/3
f 1275/15/3 1250/15/3 1249/15/3
f 1275/4/3 1248/4/3 1247/4/3
f 1275/15/3 1249/15/3 1248/15/3
f 1276/4/3 1252/4/3 1251/4/3
f 1276/15/3 1250/15/3 1275/15/3
f 1276/4/3 1251/4/3 1250/4/3
f 1277/4/3 1252/4/3 1276/4/3
f 1278/4/3 1252/4/3 1277/4/3
f 1279/15/3 1145/15/3 1252/15/3
f 1279/4/3 1252/4/3 1278/4/3
f 1280/15/3 1145/15/3 1279/15/3
f 1281/22/3 1253/22/3 1107/22/3
f 1281/43/3 1107/43/3 881/43/3
f 1282/21/3 1254/21/3 1253/21/3
f 1282/22/3 1253/22/3 1281/22/3
f 1283/21/3 1254/21/3 1282/21/3
f 1284/43/3 1255/43/3 1254/43/3
f 1284/21/3 1254/21/3 1283/21/3
f 1284/43/3 1257/43/3 1256/43/3
f 1284/43/3 1256/43/3 1255/43/3
f 1285/43/3 1257/43/3 1284/43/3
f 1286/43/3 1257/43/3 1285/43/3
f 1287/32/3 1258/32/3 1257/32/3
f 1287/43/3 1257/43/3 1286/43/3
f 1287/32/3 1259/32/3 1258/32/3
f 1288/30/3 1263/30/3 1262/30/3
f 1288/32/3 1259/32/3 1287/32/3
f 1288/30/3 1260/30/3 1259/30/3
f 1288/30/3 1262/30/3 1261/30/3
f 1288/30/3 1261/30/3 1260/30/3
f 1289/27/3 1219/27/3 1184/27/3
f 1289/32/3 1221/32/3 1220/32/3
f 1289/32/3 1220/32/3 1219/32/3
f 1290/32/3 1221/32/3 1289/32/3
f 1291/3/3 1265/3/3 1264/3/3
f 1292/3/3 1265/3/3 1291/3/3
f 1293/3/3 1265/3/3 1292/3/3
f 1294/3/3 1265/3/3 1293/3/3
f 1295/33/3 1267/33/3 1266/33/3
f 1295/33/3 1266/33/3 201/33/3
f 1296/30/3 1229/30/3 1267/30/3
f 1296/33/3 1267/33/3 1295/33/3
f 1297/30/3 733/30/3 1229/30/3
f 1297/30/3 1229/30/3 1296/30/3
f 1298/32/3 1234/32/3 1233/32/3
f 1298/34/3 1236/34/3 1235/34/3
f 1298/32/3 1233/32/3 1232/32/3
f 1298/32/3 1232/32/3 1231/32/3
f 1298/34/3 1235/34/3 1234/34/3
f 1299/34/3 1236/34/3 1298/34/3
f 1300/32/3 1269/32/3 1268/32/3
f 1301/43/3 1273/43/3 1272/43/3
f 1301/32/3 1269/32/3 1300/32/3
f 1301/43/3 1270/43/3 1269/43/3
f 1301/43/3 1271/43/3 1270/43/3
f 1301/43/3 1274/43/3 1273/43/3
f 1301/43/3 1272/43/3 1271/43/3
f 1302/43/3 1274/43/3 1301/43/3
f 1303/43/3 939/43/3 1274/43/3
f 1303/43/3 1274/43/3 1302/43/3
f 1304/43/3 1281/43/3 881/43/3
f 1304/21/3 1283/21/3 1282/21/3
f 1304/21/3 1282/21/3 1281/21/3
f 1305/43/3 1284/43/3 1283/43/3
f 1305/21/3 1283/21/3 1304/21/3
f 1305/43/3 1285/43/3 1284/43/3
f 1306/43/3 1285/43/3 1305/43/3
f 1307/32/3 1286/32/3 1285/32/3
f 1307/43/3 1285/43/3 1306/43/3
f 1308/30/3 1287/30/3 1286/30/3
f 1308/32/3 1286/32/3 1307/32/3
f 1308/30/3 1288/30/3 1287/30/3
f 1309/30/3 1288/30/3 1308/30/3
f 1310/30/3 1263/30/3 1288/30/3
f 1310/30/3 1288/30/3 1309/30/3
f 1311/30/3 1184/30/3 1263/30/3
f 1311/30/3 1263/30/3 1310/30/3
f 1312/27/3 1290/27/3 1289/27/3
f 1312/27/3 1289/27/3 1184/27/3
f 1313/32/3 1221/32/3 1290/32/3
f 1313/27/3 1290/27/3 1312/27/3
f 1314/4/3 1297/4/3 1296/4/3
f 1314/4/3 1296/4/3 1295/4/3
f 1315/4/3 1297/4/3 1314/4/3
f 1316/32/3 1299/32/3 1298/32/3
f 1316/32/3 1298/32/3 1231/32/3
f 1317/34/3 1236/34/3 1299/34/3
f 1317/32/3 1299/32/3 1316/32/3
f 1318/32/3 1237/32/3 1236/32/3
f 1318/34/3 1236/34/3 1317/34/3
f 1318/32/3 1238/32/3 1237/32/3
f 1319/43/3 1302/43/3 1301/43/3
f 1319/43/3 1301/43/3 1300/43/3
f 1320/20/3 1303/20/3 1302/20/3
f 1320/43/3 1302/43/3 1319/43/3
f 1321/20/3 1303/20/3 1320/20/3
f 1322/20/3 1303/20/3 1321/20/3
f 1323/43/3 939/43/3 1303/43/3
f 1323/20/3 1303/20/3 1322/20/3
f 1324/4/3 1277/4/3 1276/4/3
f 1324/4/3 1275/4/3 1247/4/3
f 1324/4/3 1276/4/3 1275/4/3
f 1325/4/3 1277/4/3 1324/4/3
f 1326/4/3 1277/4/3 1325/4/3
f 1327/4/3 1277/4/3 1326/4/3
f 1328/22/3 880/22/3 1031/22/3
f 1329/21/3 881/21/3 880/21/3
f 1329/22/3 880/22/3 1328/22/3
f 1330/43/3 1306/43/3 1305/43/3
f 1330/21/3 881/21/3 1329/21/3
f 1330/43/3 1305/43/3 1304/43/3
f 1330/43/3 1304/43/3 881/43/3
f 1331/43/3 1306/43/3 1330/43/3
f 1332/32/3 1307/32/3 1306/32/3
f 1332/43/3 1306/43/3 1331/43/3
f 1333/30/3 1308/30/3 1307/30/3
f 1333/32/3 1307/32/3 1332/32/3
f 1334/36/3 1309/36/3 1308/36/3
f 1334/30/3 1308/30/3 1333/30/3
f 1335/30/3 1310/30/3 1309/30/3
f 1335/36/3 1309/36/3 1334/36/3
f 1336/30/3 1310/30/3 1335/30/3
f 1337/30/3 1310/30/3 1336/30/3
f 1338/33/3 1264/33/3 110/33/3
f 1338/3/3 1291/3/3 1264/3/3
f 1339/33/3 1292/33/3 1291/33/3
f 1339/3/3 1291/3/3 1338/3/3
f 1340/3/3 1293/3/3 1292/3/3
f 1340/33/3 1292/33/3 1339/33/3
f 1341/33/3 1294/33/3 1293/33/3
f 1341/3/3 1293/3/3 1340/3/3
f 1342/3/3 1265/3/3 1294/3/3
f 1342/33/3 1294/33/3 1341/33/3
f 1343/33/3 200/33/3 1265/33/3
f 1343/3/3 1265/3/3 1342/3/3
f 1344/33/3 1315/33/3 1314/33/3
f 1345/4/3 1297/4/3 1315/4/3
f 1345/33/3 1315/33/3 1344/33/3
f 1346/34/3 1193/34/3 1238/34/3
f 1346/34/3 1129/34/3 1193/34/3
f 1347/32/3 1300/32/3 1268/32/3
f 1347/34/3 1129/34/3 1346/34/3
f 1347/32/3 1268/32/3 1194/32/3
f 1347/32/3 1194/32/3 1129/32/3
f 1348/20/3 1320/20/3 1319/20/3
f 1349/19/3 1321/19/3 1320/19/3
f 1349/20/3 1320/20/3 1348/20/3
f 1350/18/3 1322/18/3 1321/18/3
f 1350/19/3 1321/19/3 1349/19/3
f 1351/43/3 1323/43/3 1322/43/3
f 1351/18/3 1322/18/3 1350/18/3
f 1352/43/3 1323/43/3 1351/43/3
f 1353/43/3 939/43/3 1323/43/3
f 1353/43/3 1323/43/3 1352/43/3
f 1354/4/3 1247/4/3 1204/4/3
f 1354/4/3 1324/4/3 1247/4/3
f 1355/4/3 1324/4/3 1354/4/3
f 1356/15/3 1325/15/3 1324/15/3
f 1356/4/3 1324/4/3 1355/4/3
f 1357/15/3 1325/15/3 1356/15/3
f 1358/4/3 1326/4/3 1325/4/3
f 1358/15/3 1325/15/3 1357/15/3
f 1359/4/3 1326/4/3 1358/4/3
f 1360/4/3 1326/4/3 1359/4/3
f 1361/15/3 1327/15/3 1326/15/3
f 1361/4/3 1326/4/3 1360/4/3
f 1362/15/3 1278/15/3 1277/15/3
f 1362/4/3 1277/4/3 1327/4/3
f 1363/4/3 1280/4/3 1279/4/3
f 1363/15/3 1278/15/3 1362/15/3
f 1363/4/3 1279/4/3 1278/4/3
f 1364/43/3 1331/43/3 1330/43/3
f 1364/43/3 1330/43/3 1329/43/3
f 1365/32/3 1332/32/3 1331/32/3
f 1365/43/3 1331/43/3 1364/43/3
f 1366/32/3 1332/32/3 1365/32/3
f 1367/30/3 1333/30/3 1332/30/3
f 1367/32/3 1332/32/3 1366/32/3
f 1367/30/3 1334/30/3 1333/30/3
f 1368/36/3 1336/36/3 1335/36/3
f 1368/29/3 1335/29/3 1334/29/3
f 1369/36/3 1336/36/3 1368/36/3
f 1370/35/3 1337/35/3 1336/35/3
f 1370/36/3 1336/36/3 1369/36/3
f 1371/30/3 1310/30/3 1337/30/3
f 1371/35/3 1337/35/3 1370/35/3
f 1372/30/3 1184/30/3 1311/30/3
f 1372/31/3 1311/31/3 1310/31/3
f 1373/27/3 1312/27/3 1184/27/3
f 1373/30/3 1184/30/3 1372/30/3
f 1374/4/3 1297/4/3 1345/4/3
f 1374/30/3 733/30/3 1297/30/3
f 1375/33/3 1231/33/3 1230/33/3
f 1375/30/3 733/30/3 1374/30/3
f 1375/33/3 1230/33/3 733/33/3
f 1376/32/3 1316/32/3 1231/32/3
f 1377/36/3 1317/36/3 1316/36/3
f 1377/32/3 1316/32/3 1376/32/3
f 1378/32/3 1300/32/3 1347/32/3
f 1378/32/3 1347/32/3 1346/32/3
f 1379/32/3 1300/32/3 1378/32/3
f 1380/19/3 1349/19/3 1348/19/3
f 1380/20/3 1348/20/3 1319/20/3
f 1381/18/3 1350/18/3 1349/18/3
f 1381/19/3 1349/19/3 1380/19/3
f 1382/43/3 1352/43/3 1351/43/3
f 1382/18/3 1350/18/3 1381/18/3
f 1382/43/3 1351/43/3 1350/43/3
f 1383/43/3 1352/43/3 1382/43/3
f 1384/32/3 1353/32/3 1352/32/3
f 1384/43/3 1352/43/3 1383/43/3
f 1385/4/3 1357/4/3 1356/4/3
f 1385/15/3 1359/15/3 1358/15/3
f 1385/4/3 1356/4/3 1355/4/3
f 1385/15/3 1358/15/3 1357/15/3
f 1386/4/3 1360/4/3 1359/4/3
f 1386/15/3 1359/15/3 1385/15/3
f 1387/15/3 1361/15/3 1360/15/3
f 1387/4/3 1360/4/3 1386/4/3
f 1388/32/3 1366/32/3 1365/32/3
f 1388/32/3 1365/32/3 1364/32/3
f 1388/43/3 1364/43/3 1329/43/3
f 1389/32/3 1366/32/3 1388/32/3
f 1390/30/3 1367/30/3 1366/30/3
f 1390/32/3 1366/32/3 1389/32/3
f 1391/30/3 1334/30/3 1367/30/3
f 1391/30/3 1367/30/3 1390/30/3
f 1391/29/3 1369/29/3 1368/29/3
f 1391/29/3 1368/29/3 1334/29/3
f 1392/30/3 1370/30/3 1369/30/3
f 1392/29/3 1369/29/3 1391/29/3
f 1392/30/3 1371/30/3 1370/30/3
f 1393/30/3 1310/30/3 1371/30/3
f 1393/30/3 1371/30/3 1392/30/3
f 1394/31/3 1373/31/3 1372/31/3
f 1394/30/3 1310/30/3 1393/30/3
f 1394/31/3 1372/31/3 1310/31/3
f 1395/31/3 1373/31/3 1394/31/3
f 1396/27/3 1312/27/3 1373/27/3
f 1396/31/3 1373/31/3 1395/31/3
f 1397/32/3 1313/32/3 1312/32/3
f 1397/27/3 1312/27/3 1396/27/3
f 1398/32/3 1221/32/3 1313/32/3
f 1398/32/3 1313/32/3 1397/32/3
f 1399/33/3 1222/33/3 1221/33/3
f 1399/32/3 1221/32/3 1398/32/3
f 1400/30/3 109/30/3 1222/30/3
f 1400/33/3 1222/33/3 1399/33/3
f 1401/33/3 1295/33/3 201/33/3
f 1401/4/3 1314/4/3 1295/4/3
f 1402/33/3 1344/33/3 1314/33/3
f 1402/4/3 1314/4/3 1401/4/3
f 1403/31/3 1345/31/3 1344/31/3
f 1403/33/3 1344/33/3 1402/33/3
f 1404/4/3 1374/4/3 1345/4/3
f 1404/31/3 1345/31/3 1403/31/3
f 1405/33/3 1375/33/3 1374/33/3
f 1405/4/3 1374/4/3 1404/4/3
f 1406/18/3 1381/18/3 1380/18/3
f 1406/20/3 1380/20/3 1319/20/3
f 1407/43/3 1382/43/3 1381/43/3
f 1407/18/3 1381/18/3 1406/18/3
f 1407/43/3 1383/43/3 1382/43/3
f 1408/22/3 940/22/3 939/22/3
f 1408/43/3 939/43/3 1353/43/3
f 1409/22/3 940/22/3 1408/22/3
f 1410/15/3 1387/15/3 1386/15/3
f 1410/4/3 1386/4/3 1385/4/3
f 1411/15/3 1387/15/3 1410/15/3
f 1412/4/3 1280/4/3 1363/4/3
f 1412/4/3 1363/4/3 1362/4/3
f 1413/4/3 1280/4/3 1412/4/3
f 1414/30/3 1392/30/3 1391/30/3
f 1414/29/3 1390/29/3 1389/29/3
f 1414/30/3 1391/30/3 1390/30/3
f 1415/30/3 1392/30/3 1414/30/3
f 1416/30/3 1392/30/3 1415/30/3
f 1417/36/3 1393/36/3 1392/36/3
f 1417/30/3 1392/30/3 1416/30/3
f 1418/30/3 1395/30/3 1394/30/3
f 1418/36/3 1393/36/3 1417/36/3
f 1418/30/3 1394/30/3 1393/30/3
f 1419/32/3 1400/32/3 1399/32/3
f 1419/32/3 1399/32/3 1398/32/3
f 1419/27/3 1398/27/3 1397/27/3
f 1420/32/3 1400/32/3 1419/32/3
f 1421/33/3 1402/33/3 1401/33/3
f 1421/4/3 1403/4/3 1402/4/3
f 1421/4/3 1404/4/3 1403/4/3
f 1422/4/3 1404/4/3 1421/4/3
f 1423/33/3 1405/33/3 1404/33/3
f 1423/4/3 1404/4/3 1422/4/3
f 1424/32/3 1376/32/3 1231/32/3
f 1425/36/3 1377/36/3 1376/36/3
f 1425/32/3 1376/32/3 1424/32/3
f 1426/36/3 1317/36/3 1377/36/3
f 1426/36/3 1377/36/3 1425/36/3
f 1427/34/3 1346/34/3 1238/34/3
f 1428/32/3 1378/32/3 1346/32/3
f 1428/34/3 1346/34/3 1427/34/3
f 1429/32/3 1300/32/3 1379/32/3
f 1429/34/3 1379/34/3 1378/34/3
f 1430/32/3 1300/32/3 1429/32/3
f 1431/43/3 1319/43/3 1300/43/3
f 1431/32/3 1300/32/3 1430/32/3
f 1432/20/3 1407/20/3 1406/20/3
f 1432/43/3 1319/43/3 1431/43/3
f 1432/20/3 1406/20/3 1319/20/3
f 1433/20/3 1407/20/3 1432/20/3
f 1434/43/3 1383/43/3 1407/43/3
f 1434/20/3 1407/20/3 1433/20/3
f 1435/43/3 1383/43/3 1434/43/3
f 1436/32/3 1384/32/3 1383/32/3
f 1436/43/3 1383/43/3 1435/43/3
f 1437/32/3 1384/32/3 1436/32/3
f 1438/32/3 1353/32/3 1384/32/3
f 1438/32/3 1384/32/3 1437/32/3
f 1438/43/3 1409/43/3 1408/43/3
f 1438/43/3 1408/43/3 1353/43/3
f 1439/43/3 1409/43/3 1438/43/3
f 1440/15/3 1387/15/3 1411/15/3
f 1440/4/3 1411/4/3 1410/4/3
f 1441/15/3 1387/15/3 1440/15/3
f 1442/4/3 1412/4/3 1362/4/3
f 1443/15/3 1413/15/3 1412/15/3
f 1443/4/3 1412/4/3 1442/4/3
f 1444/15/3 1413/15/3 1443/15/3
f 1445/4/3 1280/4/3 1413/4/3
f 1445/15/3 1413/15/3 1444/15/3
f 1446/30/3 1416/30/3 1415/30/3
f 1446/29/3 1415/29/3 1414/29/3
f 1447/30/3 1416/30/3 1446/30/3
f 1448/36/3 1417/36/3 1416/36/3
f 1448/30/3 1416/30/3 1447/30/3
f 1449/30/3 1418/30/3 1417/30/3
f 1449/36/3 1417/36/3 1448/36/3
f 1450/31/3 1396/31/3 1395/31/3
f 1450/30/3 1418/30/3 1449/30/3
f 1450/30/3 1395/30/3 1418/30/3
f 1451/30/3 1397/30/3 1396/30/3
f 1451/31/3 1396/31/3 1450/31/3
f 1452/27/3 1420/27/3 1419/27/3
f 1452/30/3 1397/30/3 1451/30/3
f 1452/27/3 1419/27/3 1397/27/3
f 1453/27/3 1420/27/3 1452/27/3
f 1454/33/3 1342/33/3 1341/33/3
f 1454/33/3 1339/33/3 1338/33/3
f 1454/33/3 1343/33/3 1342/33/3
f 1454/33/3 1338/33/3 110/33/3
f 1454/33/3 1341/33/3 1340/33/3
f 1454/33/3 1340/33/3 1339/33/3
f 1455/33/3 200/33/3 1343/33/3
f 1455/33/3 1343/33/3 1454/33/3
f 1456/33/3 1401/33/3 201/33/3
f 1456/33/3 1422/33/3 1421/33/3
f 1456/33/3 1421/33/3 1401/33/3
f 1457/31/3 1423/31/3 1422/31/3
f 1457/33/3 1422/33/3 1456/33/3
f 1458/33/3 1405/33/3 1423/33/3
f 1458/31/3 1423/31/3 1457/31/3
f 1459/33/3 1375/33/3 1405/33/3
f 1459/33/3 1405/33/3 1458/33/3
f 1460/33/3 1231/33/3 1375/33/3
f 1460/33/3 1375/33/3 1459/33/3
f 1461/32/3 1424/32/3 1231/32/3
f 1461/33/3 1231/33/3 1460/33/3
f 1462/32/3 1238/32/3 1318/32/3
f 1462/32/3 1318/32/3 1317/32/3
f 1463/32/3 1238/32/3 1462/32/3
f 1464/32/3 1378/32/3 1428/32/3
f 1464/32/3 1428/32/3 1427/32/3
f 1465/34/3 1430/34/3 1429/34/3
f 1465/32/3 1378/32/3 1464/32/3
f 1465/34/3 1429/34/3 1378/34/3
f 1466/43/3 1433/43/3 1432/43/3
f 1466/20/3 1435/20/3 1434/20/3
f 1466/20/3 1434/20/3 1433/20/3
f 1467/20/3 1435/20/3 1466/20/3
f 1468/43/3 1437/43/3 1436/43/3
f 1468/20/3 1435/20/3 1467/20/3
f 1468/43/3 1436/43/3 1435/43/3
f 1469/43/3 1437/43/3 1468/43/3
f 1470/32/3 1438/32/3 1437/32/3
f 1470/43/3 1437/43/3 1469/43/3
f 1470/32/3 1439/32/3 1438/32/3
f 1471/32/3 1439/32/3 1470/32/3
f 1472/32/3 1439/32/3 1471/32/3
f 1473/43/3 1409/43/3 1439/43/3
f 1473/32/3 1439/32/3 1472/32/3
f 1474/15/3 1444/15/3 1443/15/3
f 1474/4/3 1442/4/3 1362/4/3
f 1474/15/3 1443/15/3 1442/15/3
f 1475/4/3 1445/4/3 1444/4/3
f 1475/15/3 1444/15/3 1474/15/3
f 1476/4/3 1280/4/3 1445/4/3
f 1476/4/3 1445/4/3 1475/4/3
f 1477/15/3 1145/15/3 1280/15/3
f 1477/4/3 1280/4/3 1476/4/3
f 1478/30/3 1450/30/3 1449/30/3
f 1478/30/3 1453/30/3 1452/30/3
f 1478/30/3 1452/30/3 1451/30/3
f 1478/30/3 1451/30/3 1450/30/3
f 1478/30/3 1449/30/3 1448/30/3
f 1478/30/3 1448/30/3 1447/30/3
f 1479/30/3 1453/30/3 1478/30/3
f 1480/27/3 1420/27/3 1453/27/3
f 1480/30/3 1453/30/3 1479/30/3
f 1481/32/3 1400/32/3 1420/32/3
f 1481/27/3 1420/27/3 1480/27/3
f 1482/33/3 1454/33/3 110/33/3
f 1482/3/3 1455/3/3 1454/3/3
f 1483/3/3 1455/3/3 1482/3/3
f 1484/3/3 1455/3/3 1483/3/3
f 1485/3/3 1455/3/3 1484/3/3
f 1486/4/3 1459/4/3 1458/4/3
f 1486/4/3 1457/4/3 1456/4/3
f 1486/4/3 1458/4/3 1457/4/3
f 1487/4/3 1459/4/3 1486/4/3
f 1488/4/3 1459/4/3 1487/4/3
f 1489/4/3 1459/4/3 1488/4/3
f 1490/4/3 1459/4/3 1489/4/3
f 1491/32/3 1424/32/3 1461/32/3
f 1491/32/3 1461/32/3 1460/32/3
f 1492/36/3 1425/36/3 1424/36/3
f 1492/32/3 1424/32/3 1491/32/3
f 1493/34/3 1427/34/3 1238/34/3
f 1494/32/3 1464/32/3 1427/32/3
f 1494/34/3 1427/34/3 1493/34/3
f 1495/43/3 1467/43/3 1466/43/3
f 1495/43/3 1466/43/3 1432/43/3
f 1495/32/3 1432/32/3 1431/32/3
f 1495/32/3 1431/32/3 1430/32/3
f 1496/43/3 1467/43/3 1495/43/3
f 1497/19/3 1468/19/3 1467/19/3
f 1497/43/3 1467/43/3 1496/43/3
f 1498/18/3 1469/18/3 1468/18/3
f 1498/19/3 1468/19/3 1497/19/3
f 1499/43/3 1470/43/3 1469/43/3
f 1499/18/3 1469/18/3 1498/18/3
f 1499/43/3 1471/43/3 1470/43/3
f 1500/43/3 1471/43/3 1499/43/3
f 1501/43/3 1471/43/3 1500/43/3
f 1502/43/3 1471/43/3 1501/43/3
f 1503/43/3 1471/43/3 1502/43/3
f 1504/32/3 1472/32/3 1471/32/3
f 1504/43/3 1471/43/3 1503/43/3
f 1505/43/3 1473/43/3 1472/43/3
f 1505/32/3 1472/32/3 1504/32/3
f 1506/4/3 1385/4/3 1355/4/3
f 1506/4/3 1441/4/3 1440/4/3
f 1506/4/3 1440/4/3 1410/4/3
f 1506/4/3 1410/4/3 1385/4/3
f 1506/15/3 1355/15/3 1354/15/3
f 1507/4/3 1441/4/3 1506/4/3
f 1508/15/3 1361/15/3 1387/15/3
f 1508/4/3 1475/4/3 1474/4/3
f 1508/4/3 1476/4/3 1475/4/3
f 1508/15/3 1327/15/3 1361/15/3
f 1508/4/3 1362/4/3 1327/4/3
f 1508/15/3 1387/15/3 1441/15/3
f 1508/4/3 1474/4/3 1362/4/3
f 1509/4/3 1476/4/3 1508/4/3
f 1510/4/3 1476/4/3 1509/4/3
f 1511/15/3 1477/15/3 1476/15/3
f 1511/4/3 1476/4/3 1510/4/3
f 1512/29/3 1447/29/3 1446/29/3
f 1512/29/3 1446/29/3 1414/29/3
f 1513/30/3 1478/30/3 1447/30/3
f 1513/29/3 1447/29/3 1512/29/3
f 1514/38/3 1479/38/3 1478/38/3
f 1514/30/3 1478/30/3 1513/30/3
f 1515/37/3 1480/37/3 1479/37/3
f 1515/38/3 1479/38/3 1514/38/3
f 1516/30/3 1481/30/3 1480/30/3
f 1516/37/3 1480/37/3 1515/37/3
f 1517/32/3 1491/32/3 1460/32/3
f 1517/33/3 1460/33/3 1459/33/3
f 1518/36/3 1492/36/3 1491/36/3
f 1518/32/3 1491/32/3 1517/32/3
f 1519/36/3 1425/36/3 1492/36/3
f 1519/36/3 1492/36/3 1518/36/3
f 1520/32/3 1238/32/3 1463/32/3
f 1520/34/3 1493/34/3 1238/34/3
f 1521/32/3 1494/32/3 1493/32/3
f 1521/34/3 1493/34/3 1520/34/3
f 1522/34/3 1430/34/3 1465/34/3
f 1522/34/3 1465/34/3 1464/34/3
f 1522/32/3 1495/32/3 1430/32/3
f 1522/32/3 1496/32/3 1495/32/3
f 1523/32/3 1496/32/3 1522/32/3
f 1524/43/3 1498/43/3 1497/43/3
f 1524/32/3 1496/32/3 1523/32/3
f 1524/43/3 1497/43/3 1496/43/3
f 1525/43/3 1498/43/3 1524/43/3
f 1526/20/3 1499/20/3 1498/20/3
f 1526/43/3 1498/43/3 1525/43/3
f 1526/20/3 1500/20/3 1499/20/3
f 1527/19/3 1501/19/3 1500/19/3
f 1527/20/3 1500/20/3 1526/20/3
f 1528/20/3 1502/20/3 1501/20/3
f 1528/19/3 1501/19/3 1527/19/3
f 1529/19/3 1503/19/3 1502/19/3
f 1529/20/3 1502/20/3 1528/20/3
f 1530/43/3 1505/43/3 1504/43/3
f 1530/19/3 1503/19/3 1529/19/3
f 1530/43/3 1504/43/3 1503/43/3
f 1531/43/3 1473/43/3 1505/43/3
f 1531/43/3 1505/43/3 1530/43/3
f 1531/43/3 1409/43/3 1473/43/3
f 1532/15/3 1507/15/3 1506/15/3
f 1532/15/3 1506/15/3 1354/15/3
f 1532/4/3 1354/4/3 1204/4/3
f 1533/15/3 1507/15/3 1532/15/3
f 1534/4/3 1510/4/3 1509/4/3
f 1534/15/3 1509/15/3 1508/15/3
f 1535/15/3 1511/15/3 1510/15/3
f 1535/4/3 1510/4/3 1534/4/3
f 1536/29/3 1414/29/3 1389/29/3
f 1536/29/3 1512/29/3 1414/29/3
f 1537/30/3 1514/30/3 1513/30/3
f 1537/29/3 1512/29/3 1536/29/3
f 1537/30/3 1513/30/3 1512/30/3
f 1537/30/3 1515/30/3 1514/30/3
f 1537/30/3 1516/30/3 1515/30/3
f 1538/30/3 1516/30/3 1537/30/3
f 1539/30/3 1481/30/3 1516/30/3
f 1539/30/3 1516/30/3 1538/30/3
f 1540/32/3 1400/32/3 1481/32/3
f 1540/30/3 1481/30/3 1539/30/3
f 1541/30/3 109/30/3 1400/30/3
f 1541/32/3 1400/32/3 1540/32/3
f 1542/3/3 1484/3/3 1483/3/3
f 1542/33/3 1483/33/3 1482/33/3
f 1543/33/3 1485/33/3 1484/33/3
f 1543/3/3 1484/3/3 1542/3/3
f 1544/3/3 1455/3/3 1485/3/3
f 1544/33/3 1485/33/3 1543/33/3
f 1545/33/3 200/33/3 1455/33/3
f 1545/3/3 1455/3/3 1544/3/3
f 1546/33/3 1489/33/3 1488/33/3
f 1546/30/3 1490/30/3 1489/30/3
f 1547/4/3 1459/4/3 1490/4/3
f 1547/30/3 1490/30/3 1546/30/3
f 1548/34/3 1463/34/3 1462/34/3
f 1548/32/3 1462/32/3 1317/32/3
f 1549/32/3 1520/32/3 1463/32/3
f 1549/34/3 1463/34/3 1548/34/3
f 1549/32/3 1521/32/3 1520/32/3
f 1550/32/3 1521/32/3 1549/32/3
f 1551/32/3 1494/32/3 1521/32/3
f 1551/32/3 1521/32/3 1550/32/3
f 1552/32/3 1464/32/3 1494/32/3
f 1552/32/3 1494/32/3 1551/32/3
f 1553/43/3 1528/43/3 1527/43/3
f 1553/32/3 1525/32/3 1524/32/3
f 1553/43/3 1527/43/3 1526/43/3
f 1553/43/3 1526/43/3 1525/43/3
f 1553/32/3 1524/32/3 1523/32/3
f 1554/43/3 1528/43/3 1553/43/3
f 1555/20/3 1531/20/3 1530/20/3
f 1555/43/3 1528/43/3 1554/43/3
f 1555/20/3 1530/20/3 1529/20/3
f 1555/20/3 1529/20/3 1528/20/3
f 1556/43/3 1409/43/3 1531/43/3
f 1556/20/3 1531/20/3 1555/20/3
f 1557/4/3 1532/4/3 1204/4/3
f 1557/15/3 1204/15/3 1099/15/3
f 1557/4/3 1533/4/3 1532/4/3
f 1558/4/3 1533/4/3 1557/4/3
f 1559/29/3 1536/29/3 1389/29/3
f 1559/31/3 1389/31/3 1388/31/3
f 1560/30/3 1537/30/3 1536/30/3
f 1560/29/3 1536/29/3 1559/29/3
f 1560/30/3 1538/30/3 1537/30/3
f 1561/30/3 1538/30/3 1560/30/3
f 1562/30/3 1538/30/3 1561/30/3
f 1563/30/3 1538/30/3 1562/30/3
f 1564/27/3 1539/27/3 1538/27/3
f 1564/30/3 1538/30/3 1563/30/3
f 1565/30/3 1540/30/3 1539/30/3
f 1565/27/3 1539/27/3 1564/27/3
f 1566/33/3 1541/33/3 1540/33/3
f 1566/30/3 1540/30/3 1565/30/3
f 1567/3/3 1544/3/3 1543/3/3
f 1567/33/3 1543/33/3 1542/33/3
f 1568/33/3 1545/33/3 1544/33/3
f 1568/3/3 1544/3/3 1567/3/3
f 1569/4/3 201/4/3 200/4/3
f 1569/33/3 1545/33/3 1568/33/3
f 1569/33/3 200/33/3 1545/33/3
f 1570/33/3 1456/33/3 201/33/3
f 1570/4/3 201/4/3 1569/4/3
f 1571/4/3 1486/4/3 1456/4/3
f 1571/33/3 1456/33/3 1570/33/3
f 1572/33/3 1487/33/3 1486/33/3
f 1572/4/3 1486/4/3 1571/4/3
f 1573/4/3 1488/4/3 1487/4/3
f 1573/33/3 1487/33/3 1572/33/3
f 1574/33/3 1546/33/3 1488/33/3
f 1574/4/3 1488/4/3 1573/4/3
f 1574/33/3 1547/33/3 1546/33/3
f 1575/4/3 1459/4/3 1547/4/3
f 1575/33/3 1547/33/3 1574/33/3
f 1576/33/3 1517/33/3 1459/33/3
f 1576/4/3 1459/4/3 1575/4/3
f 1577/33/3 1517/33/3 1576/33/3
f 1578/36/3 1518/36/3 1517/36/3
f 1578/33/3 1517/33/3 1577/33/3
f 1579/33/3 1519/33/3 1518/33/3
f 1579/36/3 1518/36/3 1578/36/3
f 1580/36/3 1317/36/3 1426/36/3
f 1580/30/3 1426/30/3 1425/30/3
f 1581/32/3 1548/32/3 1317/32/3
f 1581/36/3 1317/36/3 1580/36/3
f 1581/32/3 1549/32/3 1548/32/3
f 1581/32/3 1550/32/3 1549/32/3
f 1582/39/3 1551/39/3 1550/39/3
f 1582/32/3 1550/32/3 1581/32/3
f 1583/34/3 1552/34/3 1551/34/3
f 1583/39/3 1551/39/3 1582/39/3
f 1584/32/3 1464/32/3 1552/32/3
f 1584/34/3 1523/34/3 1522/34/3
f 1584/34/3 1522/34/3 1464/34/3
f 1585/34/3 1523/34/3 1584/34/3
f 1586/32/3 1554/32/3 1553/32/3
f 1587/43/3 1555/43/3 1554/43/3
f 1587/32/3 1554/32/3 1586/32/3
f 1587/43/3 1556/43/3 1555/43/3
f 1588/43/3 1556/43/3 1587/43/3
f 1589/43/3 1409/43/3 1556/43/3
f 1589/43/3 1556/43/3 1588/43/3
f 1590/22/3 940/22/3 1409/22/3
f 1590/23/3 941/23/3 940/23/3
f 1591/24/3 942/24/3 941/24/3
f 1591/23/3 941/23/3 1590/23/3
f 1592/4/3 1533/4/3 1558/4/3
f 1592/15/3 1558/15/3 1557/15/3
f 1593/4/3 1533/4/3 1592/4/3
f 1594/4/3 1441/4/3 1507/4/3
f 1594/15/3 1507/15/3 1533/15/3
f 1595/4/3 1441/4/3 1594/4/3
f 1596/4/3 1441/4/3 1595/4/3
f 1597/15/3 1508/15/3 1441/15/3
f 1597/4/3 1441/4/3 1596/4/3
f 1597/15/3 1534/15/3 1508/15/3
f 1597/15/3 1535/15/3 1534/15/3
f 1598/15/3 1477/15/3 1511/15/3
f 1598/15/3 1535/15/3 1597/15/3
f 1598/15/3 1145/15/3 1477/15/3
f 1598/15/3 1511/15/3 1535/15/3
f 1599/16/3 1069/16/3 1145/16/3
f 1599/15/3 1145/15/3 1598/15/3
f 1600/29/3 1070/29/3 1069/29/3
f 1600/16/3 1069/16/3 1599/16/3
f 1601/43/3 1388/43/3 1329/43/3
f 1601/31/3 1559/31/3 1388/31/3
f 1602/36/3 1560/36/3 1559/36/3
f 1602/31/3 1559/31/3 1601/31/3
f 1602/36/3 1561/36/3 1560/36/3
f 1603/35/3 1562/35/3 1561/35/3
f 1603/36/3 1561/36/3 1602/36/3
f 1604/30/3 1563/30/3 1562/30/3
f 1604/35/3 1562/35/3 1603/35/3
f 1605/30/3 1563/30/3 1604/30/3
f 1606/27/3 1564/27/3 1563/27/3
f 1606/30/3 1563/30/3 1605/30/3
f 1606/27/3 1565/27/3 1564/27/3
f 1607/27/3 1565/27/3 1606/27/3
f 1608/32/3 1566/32/3 1565/32/3
f 1608/27/3 1565/27/3 1607/27/3
f 1609/33/3 1577/33/3 1576/33/3
f 1609/33/3 1569/33/3 1568/33/3
f 1609/33/3 1576/33/3 1575/33/3
f 1609/33/3 1575/33/3 1574/33/3
f 1609/33/3 1570/33/3 1569/33/3
f 1609/33/3 1542/33/3 1482/33/3
f 1609/33/3 1573/33/3 1572/33/3
f 1609/33/3 1572/33/3 1571/33/3
f 1609/33/3 1568/33/3 1567/33/3
f 1609/33/3 1571/33/3 1570/33/3
f 1609/33/3 1574/33/3 1573/33/3
f 1609/33/3 1567/33/3 1542/33/3
f 1610/33/3 1577/33/3 1609/33/3
f 1611/33/3 1577/33/3 1610/33/3
f 1612/36/3 1578/36/3 1577/36/3
f 1612/33/3 1577/33/3 1611/33/3
f 1613/32/3 1582/32/3 1581/32/3
f 1613/32/3 1581/32/3 1580/32/3
f 1614/34/3 1583/34/3 1582/34/3
f 1614/32/3 1582/32/3 1613/32/3
f 1615/34/3 1552/34/3 1583/34/3
f 1615/34/3 1583/34/3 1614/34/3
f 1615/32/3 1585/32/3 1584/32/3
f 1615/32/3 1584/32/3 1552/32/3
f 1616/32/3 1585/32/3 1615/32/3
f 1617/34/3 1523/34/3 1585/34/3
f 1618/32/3 1586/32/3 1553/32/3
f 1618/34/3 1523/34/3 1617/34/3
f 1618/32/3 1553/32/3 1523/32/3
f 1619/32/3 1586/32/3 1618/32/3
f 1620/43/3 1588/43/3 1587/43/3
f 1620/32/3 1586/32/3 1619/32/3
f 1620/43/3 1587/43/3 1586/43/3
f 1621/43/3 1588/43/3 1620/43/3
f 1622/20/3 1589/20/3 1588/20/3
f 1622/43/3 1588/43/3 1621/43/3
f 1623/20/3 1589/20/3 1622/20/3
f 1624/43/3 1409/43/3 1589/43/3
f 1624/20/3 1589/20/3 1623/20/3
f 1625/22/3 1590/22/3 1409/22/3
f 1625/33/3 1591/33/3 1590/33/3
f 1626/24/3 942/24/3 1591/24/3
f 1626/33/3 1591/33/3 1625/33/3
f 1627/15/3 1592/15/3 1557/15/3
f 1627/15/3 1593/15/3 1592/15/3
f 1628/4/3 1533/4/3 1593/4/3
f 1628/15/3 1593/15/3 1627/15/3
f 1629/15/3 1594/15/3 1533/15/3
f 1629/4/3 1533/4/3 1628/4/3
f 1629/15/3 1595/15/3 1594/15/3
f 1630/15/3 1595/15/3 1629/15/3
f 1631/4/3 1596/4/3 1595/4/3
f 1632/15/3 1597/15/3 1596/15/3
f 1632/4/3 1596/4/3 1631/4/3
f 1632/15/3 1598/15/3 1597/15/3
f 1633/29/3 1600/29/3 1599/29/3
f 1633/29/3 1070/29/3 1600/29/3
f 1634/43/3 1031/43/3 1070/43/3
f 1634/29/3 1070/29/3 1633/29/3
f 1635/30/3 1605/30/3 1604/30/3
f 1635/30/3 1603/30/3 1602/30/3
f 1635/30/3 1604/30/3 1603/30/3
f 1636/30/3 1605/30/3 1635/30/3
f 1637/30/3 1605/30/3 1636/30/3
f 1638/27/3 1607/27/3 1606/27/3
f 1638/27/3 1606/27/3 1605/27/3
f 1639/32/3 1608/32/3 1607/32/3
f 1639/27/3 1607/27/3 1638/27/3
f 1640/33/3 1609/33/3 1482/33/3
f 1640/33/3 1482/33/3 110/33/3
f 1641/3/3 1610/3/3 1609/3/3
f 1641/33/3 1609/33/3 1640/33/3
f 1642/33/3 1611/33/3 1610/33/3
f 1642/3/3 1610/3/3 1641/3/3
f 1643/33/3 1611/33/3 1642/33/3
f 1644/36/3 1578/36/3 1612/36/3
f 1644/36/3 1612/36/3 1611/36/3
f 1645/33/3 1579/33/3 1578/33/3
f 1645/36/3 1578/36/3 1644/36/3
f 1646/33/3 1519/33/3 1579/33/3
f 1646/33/3 1579/33/3 1645/33/3
f 1646/36/3 1425/36/3 1519/36/3
f 1647/30/3 1580/30/3 1425/30/3
f 1647/36/3 1425/36/3 1646/36/3
f 1648/32/3 1613/32/3 1580/32/3
f 1648/30/3 1580/30/3 1647/30/3
f 1649/34/3 1614/34/3 1613/34/3
f 1649/32/3 1613/32/3 1648/32/3
f 1649/34/3 1616/34/3 1615/34/3
f 1649/34/3 1615/34/3 1614/34/3
f 1650/32/3 1585/32/3 1616/32/3
f 1650/34/3 1616/34/3 1649/34/3
f 1651/32/3 1585/32/3 1650/32/3
f 1652/32/3 1619/32/3 1618/32/3
f 1652/32/3 1618/32/3 1617/32/3
f 1653/43/3 1621/43/3 1620/43/3
f 1653/32/3 1619/32/3 1652/32/3
f 1653/43/3 1620/43/3 1619/43/3
f 1654/43/3 1621/43/3 1653/43/3
f 1655/20/3 1623/20/3 1622/20/3
f 1655/43/3 1621/43/3 1654/43/3
f 1655/20/3 1622/20/3 1621/20/3
f 1656/20/3 1623/20/3 1655/20/3
f 1657/19/3 1624/19/3 1623/19/3
f 1657/20/3 1623/20/3 1656/20/3
f 1658/43/3 1409/43/3 1624/43/3
f 1658/19/3 1624/19/3 1657/19/3
f 1659/22/3 1625/22/3 1409/22/3
f 1659/23/3 1626/23/3 1625/23/3
f 1660/24/3 942/24/3 1626/24/3
f 1660/23/3 1626/23/3 1659/23/3
f 1661/15/3 1627/15/3 1557/15/3
f 1661/15/3 1557/15/3 1099/15/3
f 1662/4/3 1630/4/3 1629/4/3
f 1662/15/3 1627/15/3 1661/15/3
f 1662/4/3 1628/4/3 1627/4/3
f 1662/4/3 1629/4/3 1628/4/3
f 1663/4/3 1631/4/3 1595/4/3
f 1663/15/3 1595/15/3 1630/15/3
f 1664/4/3 1631/4/3 1663/4/3
f 1665/4/3 1631/4/3 1664/4/3
f 1666/15/3 1632/15/3 1631/15/3
f 1666/4/3 1631/4/3 1665/4/3
f 1667/43/3 1031/43/3 1634/43/3
f 1667/43/3 1634/43/3 1633/43/3
f 1668/22/3 1328/22/3 1031/22/3
f 1668/43/3 1031/43/3 1667/43/3
f 1669/43/3 1601/43/3 1329/43/3
f 1669/29/3 1602/29/3 1601/29/3
f 1670/30/3 1635/30/3 1602/30/3
f 1670/29/3 1602/29/3 1669/29/3
f 1671/38/3 1636/38/3 1635/38/3
f 1671/30/3 1635/30/3 1670/30/3
f 1672/37/3 1637/37/3 1636/37/3
f 1672/38/3 1636/38/3 1671/38/3
f 1673/30/3 1605/30/3 1637/30/3
f 1673/37/3 1637/37/3 1672/37/3
f 1674/33/3 1611/33/3 1643/33/3
f 1675/36/3 1644/36/3 1611/36/3
f 1675/33/3 1611/33/3 1674/33/3
f 1676/33/3 1645/33/3 1644/33/3
f 1676/36/3 1644/36/3 1675/36/3
f 1677/30/3 1648/30/3 1647/30/3
f 1677/33/3 1645/33/3 1676/33/3
f 1677/30/3 1649/30/3 1648/30/3
f 1677/30/3 1647/30/3 1646/30/3
f 1677/30/3 1646/30/3 1645/30/3
f 1678/30/3 1649/30/3 1677/30/3
f 1679/34/3 1650/34/3 1649/34/3
f 1679/30/3 1649/30/3 1678/30/3
f 1679/34/3 1651/34/3 1650/34/3
f 1680/34/3 1651/34/3 1679/34/3
f 1681/43/3 1654/43/3 1653/43/3
f 1681/43/3 1653/43/3 1652/43/3
f 1682/20/3 1655/20/3 1654/20/3
f 1682/43/3 1654/43/3 1681/43/3
f 1682/20/3 1656/20/3 1655/20/3
f 1683/20/3 1656/20/3 1682/20/3
f 1684/18/3 1657/18/3 1656/18/3
f 1684/20/3 1656/20/3 1683/20/3
f 1685/43/3 1658/43/3 1657/43/3
f 1686/43/3 1409/43/3 1658/43/3
f 1686/43/3 1658/43/3 1685/43/3
f 1687/4/3 1630/4/3 1662/4/3
f 1687/4/3 1662/4/3 1661/4/3
f 1688/15/3 1664/15/3 1663/15/3
f 1688/4/3 1630/4/3 1687/4/3
f 1688/15/3 1663/15/3 1630/15/3
f 1689/15/3 1664/15/3 1688/15/3
f 1690/4/3 1665/4/3 1664/4/3
f 1690/15/3 1664/15/3 1689/15/3
f 1691/15/3 1666/15/3 1665/15/3
f 1691/4/3 1665/4/3 1690/4/3
f 1692/15/3 1632/15/3 1666/15/3
f 1692/15/3 1666/15/3 1691/15/3
f 1692/15/3 1598/15/3 1632/15/3
f 1693/30/3 1670/30/3 1669/30/3
f 1693/43/3 1669/43/3 1329/43/3
f 1694/38/3 1671/38/3 1670/38/3
f 1694/30/3 1670/30/3 1693/30/3
f 1695/38/3 1671/38/3 1694/38/3
f 1696/30/3 1672/30/3 1671/30/3
f 1696/38/3 1671/38/3 1695/38/3
f 1696/30/3 1673/30/3 1672/30/3
f 1697/30/3 1605/30/3 1673/30/3
f 1697/30/3 1673/30/3 1696/30/3
f 1698/27/3 1638/27/3 1605/27/3
f 1698/30/3 1605/30/3 1697/30/3
f 1699/32/3 1639/32/3 1638/32/3
f 1699/27/3 1638/27/3 1698/27/3
f 1700/32/3 1608/32/3 1639/32/3
f 1700/32/3 1639/32/3 1699/32/3
f 1701/32/3 1566/32/3 1608/32/3
f 1701/32/3 1608/32/3 1700/32/3
f 1701/33/3 1541/33/3 1566/33/3
f 1702/30/3 109/30/3 1541/30/3
f 1702/33/3 1541/33/3 1701/33/3
f 1703/33/3 1640/33/3 110/33/3
f 1703/3/3 1641/3/3 1640/3/3
f 1704/33/3 1642/33/3 1641/33/3
f 1704/3/3 1641/3/3 1703/3/3
f 1705/3/3 1643/3/3 1642/3/3
f 1705/33/3 1642/33/3 1704/33/3
f 1706/33/3 1674/33/3 1643/33/3
f 1706/3/3 1643/3/3 1705/3/3
f 1707/33/3 1674/33/3 1706/33/3
f 1708/36/3 1675/36/3 1674/36/3
f 1708/33/3 1674/33/3 1707/33/3
f 1709/32/3 1680/32/3 1679/32/3
f 1709/30/3 1679/30/3 1678/30/3
f 1710/34/3 1651/34/3 1680/34/3
f 1710/32/3 1680/32/3 1709/32/3
f 1711/34/3 1651/34/3 1710/34/3
f 1712/32/3 1585/32/3 1651/32/3
f 1712/34/3 1651/34/3 1711/34/3
f 1713/34/3 1617/34/3 1585/34/3
f 1713/32/3 1585/32/3 1712/32/3
f 1714/32/3 1652/32/3 1617/32/3
f 1714/34/3 1617/34/3 1713/34/3
f 1715/32/3 1652/32/3 1714/32/3
f 1716/43/3 1681/43/3 1652/43/3
f 1716/32/3 1652/32/3 1715/32/3
f 1717/20/3 1682/20/3 1681/20/3
f 1717/20/3 1683/20/3 1682/20/3
f 1718/19/3 1684/19/3 1683/19/3
f 1718/20/3 1683/20/3 1717/20/3
f 1719/18/3 1657/18/3 1684/18/3
f 1719/19/3 1684/19/3 1718/19/3
f 1720/43/3 1685/43/3 1657/43/3
f 1720/18/3 1657/18/3 1719/18/3
f 1721/32/3 1686/32/3 1685/32/3
f 1721/43/3 1685/43/3 1720/43/3
f 1722/32/3 1686/32/3 1721/32/3
f 1723/43/3 1409/43/3 1686/43/3
f 1723/32/3 1686/32/3 1722/32/3
f 1724/15/3 1688/15/3 1687/15/3
f 1724/15/3 1689/15/3 1688/15/3
f 1725/4/3 1691/4/3 1690/4/3
f 1725/15/3 1689/15/3 1724/15/3
f 1725/4/3 1690/4/3 1689/4/3
f 1725/4/3 1692/4/3 1691/4/3
f 1726/15/3 1598/15/3 1692/15/3
f 1726/4/3 1692/4/3 1725/4/3
f 1727/15/3 1598/15/3 1726/15/3
f 1728/35/3 1695/35/3 1694/35/3
f 1728/35/3 1694/35/3 1693/35/3
f 1728/43/3 1693/43/3 1329/43/3
f 1729/35/3 1695/35/3 1728/35/3
f 1730/36/3 1696/36/3 1695/36/3
f 1730/35/3 1695/35/3 1729/35/3
f 1730/36/3 1697/36/3 1696/36/3
f 1731/36/3 1697/36/3 1730/36/3
f 1732/30/3 1698/30/3 1697/30/3
f 1732/36/3 1697/36/3 1731/36/3
f 1733/33/3 1704/33/3 1703/33/3
f 1733/3/3 1705/3/3 1704/3/3
f 1734/33/3 1707/33/3 1706/33/3
f 1734/3/3 1705/3/3 1733/3/3
f 1734/33/3 1706/33/3 1705/33/3
f 1735/33/3 1707/33/3 1734/33/3
f 1736/36/3 1708/36/3 1707/36/3
f 1736/33/3 1707/33/3 1735/33/3
f 1737/36/3 1675/36/3 1708/36/3
f 1737/36/3 1708/36/3 1736/36/3
f 1738/33/3 1676/33/3 1675/33/3
f 1738/36/3 1675/36/3 1737/36/3
f 1738/33/3 1678/33/3 1677/33/3
f 1738/33/3 1677/33/3 1676/33/3
f 1739/43/3 1681/43/3 1716/43/3
f 1739/43/3 1716/43/3 1715/43/3
f 1740/20/3 1717/20/3 1681/20/3
f 1740/43/3 1681/43/3 1739/43/3
f 1741/19/3 1718/19/3 1717/19/3
f 1741/20/3 1717/20/3 1740/20/3
f 1742/18/3 1719/18/3 1718/18/3
f 1742/19/3 1718/19/3 1741/19/3
f 1743/43/3 1720/43/3 1719/43/3
f 1743/18/3 1719/18/3 1742/18/3
f 1744/32/3 1722/32/3 1721/32/3
f 1744/43/3 1720/43/3 1743/43/3
f 1744/32/3 1721/32/3 1720/32/3
f 1745/43/3 1723/43/3 1722/43/3
f 1745/32/3 1722/32/3 1744/32/3
f 1746/43/3 1409/43/3 1723/43/3
f 1746/43/3 1723/43/3 1745/43/3
f 1747/22/3 1659/22/3 1409/22/3
f 1747/39/3 1660/39/3 1659/39/3
f 1748/24/3 942/24/3 1660/24/3
f 1748/39/3 1660/39/3 1747/39/3
f 1749/31/3 1731/31/3 1730/31/3
f 1749/30/3 1732/30/3 1731/30/3
f 1750/30/3 1732/30/3 1749/30/3
f 1751/30/3 1732/30/3 1750/30/3
f 1752/30/3 1732/30/3 1751/30/3
f 1753/30/3 1698/30/3 1732/30/3
f 1753/30/3 1732/30/3 1752/30/3
f 1754/31/3 1700/31/3 1699/31/3
f 1754/30/3 1698/30/3 1753/30/3
f 1754/31/3 1699/31/3 1698/31/3
f 1755/33/3 1733/33/3 1703/33/3
f 1755/33/3 1703/33/3 110/33/3
f 1755/33/3 1735/33/3 1734/33/3
f 1755/33/3 1734/33/3 1733/33/3
f 1756/33/3 1735/33/3 1755/33/3
f 1757/33/3 1735/33/3 1756/33/3
f 1758/36/3 1737/36/3 1736/36/3
f 1758/33/3 1735/33/3 1757/33/3
f 1758/36/3 1736/36/3 1735/36/3
f 1759/33/3 1678/33/3 1738/33/3
f 1759/33/3 1738/33/3 1737/33/3
f 1760/30/3 1709/30/3 1678/30/3
f 1760/33/3 1678/33/3 1759/33/3
f 1761/19/3 1741/19/3 1740/19/3
f 1761/19/3 1740/19/3 1739/19/3
f 1761/43/3 1739/43/3 1715/43/3
f 1762/43/3 1743/43/3 1742/43/3
f 1762/19/3 1741/19/3 1761/19/3
f 1762/43/3 1742/43/3 1741/43/3
f 1762/43/3 1745/43/3 1744/43/3
f 1762/43/3 1744/43/3 1743/43/3
f 1763/43/3 1745/43/3 1762/43/3
f 1764/20/3 1746/20/3 1745/20/3
f 1764/43/3 1745/43/3 1763/43/3
f 1765/22/3 1747/22/3 1409/22/3
f 1765/23/3 1748/23/3 1747/23/3
f 1766/24/3 942/24/3 1748/24/3
f 1766/23/3 1748/23/3 1765/23/3
f 1767/4/3 1687/4/3 1661/4/3
f 1768/15/3 1724/15/3 1687/15/3
f 1768/4/3 1687/4/3 1767/4/3
f 1769/29/3 1729/29/3 1728/29/3
f 1769/43/3 1728/43/3 1329/43/3
f 1770/30/3 1730/30/3 1729/30/3
f 1770/29/3 1729/29/3 1769/29/3
f 1771/31/3 1752/31/3 1751/31/3
f 1771/30/3 1751/30/3 1750/30/3
f 1772/31/3 1752/31/3 1771/31/3
f 1773/31/3 1700/31/3 1754/31/3
f 1773/27/3 1754/27/3 1753/27/3
f 1774/31/3 1700/31/3 1773/31/3
f 1775/32/3 1702/32/3 1701/32/3
f 1775/31/3 1700/31/3 1774/31/3
f 1775/32/3 1701/32/3 1700/32/3
f 1776/32/3 1702/32/3 1775/32/3
f 1777/3/3 1756/3/3 1755/3/3
f 1778/33/3 1757/33/3 1756/33/3
f 1778/3/3 1756/3/3 1777/3/3
f 1779/36/3 1737/36/3 1758/36/3
f 1779/36/3 1758/36/3 1757/36/3
f 1780/33/3 1759/33/3 1737/33/3
f 1780/36/3 1737/36/3 1779/36/3
f 1781/33/3 1759/33/3 1780/33/3
f 1782/30/3 1760/30/3 1759/30/3
f 1782/33/3 1759/33/3 1781/33/3
f 1783/30/3 1709/30/3 1760/30/3
f 1783/30/3 1760/30/3 1782/30/3
f 1784/30/3 1709/30/3 1783/30/3
f 1785/30/3 1709/30/3 1784/30/3
f 1786/30/3 1709/30/3 1785/30/3
f 1787/34/3 1711/34/3 1710/34/3
f 1787/30/3 1709/30/3 1786/30/3
f 1787/34/3 1710/34/3 1709/34/3
f 1788/34/3 1711/34/3 1787/34/3
f 1789/32/3 1712/32/3 1711/32/3
f 1789/34/3 1711/34/3 1788/34/3
f 1789/32/3 1713/32/3 1712/32/3
f 1789/32/3 1714/32/3 1713/32/3
f 1789/32/3 1715/32/3 1714/32/3
f 1790/32/3 1715/32/3 1789/32/3
f 1791/32/3 1715/32/3 1790/32/3
f 1792/43/3 1761/43/3 1715/43/3
f 1792/32/3 1715/32/3 1791/32/3
f 1792/43/3 1763/43/3 1762/43/3
f 1792/43/3 1762/43/3 1761/43/3
f 1793/43/3 1763/43/3 1792/43/3
f 1794/20/3 1764/20/3 1763/20/3
f 1794/43/3 1763/43/3 1793/43/3
f 1795/20/3 1764/20/3 1794/20/3
f 1796/20/3 1746/20/3 1764/20/3
f 1796/20/3 1764/20/3 1795/20/3
f 1796/43/3 1409/43/3 1746/43/3
f 1797/15/3 1724/15/3 1768/15/3
f 1797/15/3 1768/15/3 1767/15/3
f 1798/4/3 1727/4/3 1726/4/3
f 1798/15/3 1724/15/3 1797/15/3
f 1798/4/3 1725/4/3 1724/4/3
f 1798/4/3 1726/4/3 1725/4/3
f 1799/31/3 1750/31/3 1749/31/3
f 1800/30/3 1772/30/3 1771/30/3
f 1800/31/3 1750/31/3 1799/31/3
f 1800/30/3 1771/30/3 1750/30/3
f 1801/30/3 1774/30/3 1773/30/3
f 1801/31/3 1775/31/3 1774/31/3
f 1802/27/3 1776/27/3 1775/27/3
f 1802/31/3 1775/31/3 1801/31/3
f 1803/3/3 1777/3/3 1755/3/3
f 1803/33/3 1755/33/3 110/33/3
f 1804/33/3 1778/33/3 1777/33/3
f 1804/3/3 1777/3/3 1803/3/3
f 1805/33/3 1778/33/3 1804/33/3
f 1806/33/3 1757/33/3 1778/33/3
f 1806/33/3 1778/33/3 1805/33/3
f 1807/36/3 1779/36/3 1757/36/3
f 1807/33/3 1757/33/3 1806/33/3
f 1808/33/3 1781/33/3 1780/33/3
f 1808/36/3 1779/36/3 1807/36/3
f 1808/33/3 1780/33/3 1779/33/3
f 1809/43/3 1792/43/3 1791/43/3
f 1809/43/3 1793/43/3 1792/43/3
f 1810/20/3 1795/20/3 1794/20/3
f 1810/43/3 1793/43/3 1809/43/3
f 1810/20/3 1794/20/3 1793/20/3
f 1811/20/3 1795/20/3 1810/20/3
f 1812/20/3 1795/20/3 1811/20/3
f 1813/19/3 1796/19/3 1795/19/3
f 1813/20/3 1795/20/3 1812/20/3
f 1814/19/3 1796/19/3 1813/19/3
f 1815/43/3 1409/43/3 1796/43/3
f 1815/19/3 1796/19/3 1814/19/3
f 1816/22/3 1765/22/3 1409/22/3
f 1816/33/3 1766/33/3 1765/33/3
f 1817/24/3 942/24/3 1766/24/3
f 1817/33/3 1766/33/3 1816/33/3
f 1818/15/3 1661/15/3 1099/15/3
f 1818/4/3 1767/4/3 1661/4/3
f 1819/4/3 1767/4/3 1818/4/3
f 1820/4/3 1727/4/3 1798/4/3
f 1820/4/3 1798/4/3 1797/4/3
f 1821/15/3 1598/15/3 1727/15/3
f 1821/4/3 1727/4/3 1820/4/3
f 1822/31/3 1752/31/3 1772/31/3
f 1822/30/3 1753/30/3 1752/30/3
f 1823/30/3 1753/30/3 1822/30/3
f 1824/27/3 1773/27/3 1753/27/3
f 1824/30/3 1753/30/3 1823/30/3
f 1825/30/3 1801/30/3 1773/30/3
f 1825/27/3 1773/27/3 1824/27/3
f 1825/30/3 1802/30/3 1801/30/3
f 1826/27/3 1776/27/3 1802/27/3
f 1826/32/3 1702/32/3 1776/32/3
f 1827/30/3 109/30/3 1702/30/3
f 1827/32/3 1702/32/3 1826/32/3
f 1828/33/3 1803/33/3 110/33/3
f 1828/33/3 1804/33/3 1803/33/3
f 1829/3/3 1805/3/3 1804/3/3
f 1829/33/3 1804/33/3 1828/33/3
f 1830/33/3 1806/33/3 1805/33/3
f 1830/3/3 1805/3/3 1829/3/3
f 1831/38/3 1784/38/3 1783/38/3
f 1831/30/3 1783/30/3 1782/30/3
f 1832/30/3 1785/30/3 1784/30/3
f 1832/38/3 1784/38/3 1831/38/3
f 1833/36/3 1786/36/3 1785/36/3
f 1833/30/3 1785/30/3 1832/30/3
f 1834/32/3 1787/32/3 1786/32/3
f 1834/36/3 1786/36/3 1833/36/3
f 1835/34/3 1790/34/3 1789/34/3
f 1835/32/3 1789/32/3 1788/32/3
f 1836/32/3 1791/32/3 1790/32/3
f 1836/34/3 1790/34/3 1835/34/3
f 1837/32/3 1791/32/3 1836/32/3
f 1838/43/3 1809/43/3 1791/43/3
f 1838/32/3 1791/32/3 1837/32/3
f 1839/20/3 1810/20/3 1809/20/3
f 1839/20/3 1811/20/3 1810/20/3
f 1840/20/3 1811/20/3 1839/20/3
f 1841/19/3 1812/19/3 1811/19/3
f 1841/20/3 1811/20/3 1840/20/3
f 1842/18/3 1814/18/3 1813/18/3
f 1842/19/3 1812/19/3 1841/19/3
f 1842/18/3 1813/18/3 1812/18/3
f 1843/43/3 1815/43/3 1814/43/3
f 1843/18/3 1814/18/3 1842/18/3
f 1844/43/3 1815/43/3 1843/43/3
f 1845/43/3 1815/43/3 1844/43/3
f 1846/43/3 1409/43/3 1815/43/3
f 1846/43/3 1815/43/3 1845/43/3
f 1847/22/3 1816/22/3 1409/22/3
f 1847/43/3 1409/43/3 1846/43/3
f 1848/23/3 1817/23/3 1816/23/3
f 1848/22/3 1816/22/3 1847/22/3
f 1849/4/3 1767/4/3 1819/4/3
f 1849/15/3 1819/15/3 1818/15/3
f 1850/4/3 1767/4/3 1849/4/3
f 1851/15/3 1797/15/3 1767/15/3
f 1851/4/3 1767/4/3 1850/4/3
f 1852/4/3 1820/4/3 1797/4/3
f 1852/15/3 1797/15/3 1851/15/3
f 1853/4/3 1820/4/3 1852/4/3
f 1854/15/3 1821/15/3 1820/15/3
f 1854/4/3 1820/4/3 1853/4/3
f 1855/30/3 1730/30/3 1770/30/3
f 1855/31/3 1770/31/3 1769/31/3
f 1856/30/3 1730/30/3 1855/30/3
f 1857/30/3 1802/30/3 1825/30/3
f 1857/30/3 1824/30/3 1823/30/3
f 1857/27/3 1826/27/3 1802/27/3
f 1857/27/3 1827/27/3 1826/27/3
f 1857/30/3 1825/30/3 1824/30/3
f 1858/27/3 1827/27/3 1857/27/3
f 1859/3/3 1829/3/3 1828/3/3
f 1859/33/3 1830/33/3 1829/33/3
f 1860/33/3 1806/33/3 1830/33/3
f 1860/33/3 1830/33/3 1859/33/3
f 1861/33/3 1806/33/3 1860/33/3
f 1862/36/3 1807/36/3 1806/36/3
f 1862/33/3 1806/33/3 1861/33/3
f 1863/33/3 1808/33/3 1807/33/3
f 1863/36/3 1807/36/3 1862/36/3
f 1864/33/3 1781/33/3 1808/33/3
f 1864/33/3 1808/33/3 1863/33/3
f 1865/33/3 1781/33/3 1864/33/3
f 1866/32/3 1787/32/3 1834/32/3
f 1866/32/3 1834/32/3 1833/32/3
f 1867/34/3 1788/34/3 1787/34/3
f 1867/32/3 1787/32/3 1866/32/3
f 1868/43/3 1809/43/3 1838/43/3
f 1868/43/3 1838/43/3 1837/43/3
f 1869/20/3 1839/20/3 1809/20/3
f 1869/43/3 1809/43/3 1868/43/3
f 1870/20/3 1839/20/3 1869/20/3
f 1871/19/3 1840/19/3 1839/19/3
f 1871/20/3 1839/20/3 1870/20/3
f 1872/18/3 1841/18/3 1840/18/3
f 1872/19/3 1840/19/3 1871/19/3
f 1872/18/3 1842/18/3 1841/18/3
f 1873/43/3 1843/43/3 1842/43/3
f 1873/18/3 1842/18/3 1872/18/3
f 1873/43/3 1844/43/3 1843/43/3
f 1874/43/3 1844/43/3 1873/43/3
f 1875/20/3 1845/20/3 1844/20/3
f 1875/43/3 1844/43/3 1874/43/3
f 1876/20/3 1845/20/3 1875/20/3
f 1877/19/3 1846/19/3 1845/19/3
f 1877/20/3 1845/20/3 1876/20/3
f 1878/43/3 1847/43/3 1846/43/3
f 1878/19/3 1846/19/3 1877/19/3
f 1878/43/3 1848/43/3 1847/43/3
f 1879/15/3 1850/15/3 1849/15/3
f 1879/16/3 1099/16/3 1064/16/3
f 1879/15/3 1849/15/3 1818/15/3
f 1879/15/3 1818/15/3 1099/15/3
f 1880/15/3 1850/15/3 1879/15/3
f 1881/4/3 1853/4/3 1852/4/3
f 1881/15/3 1850/15/3 1880/15/3
f 1881/4/3 1851/4/3 1850/4/3
f 1881/4/3 1852/4/3 1851/4/3
f 1882/15/3 1854/15/3 1853/15/3
f 1882/4/3 1853/4/3 1881/4/3
f 1883/15/3 1598/15/3 1821/15/3
f 1883/15/3 1854/15/3 1882/15/3
f 1883/15/3 1821/15/3 1854/15/3
f 1884/15/3 1598/15/3 1883/15/3
f 1885/15/3 1598/15/3 1884/15/3
f 1886/16/3 1599/16/3 1598/16/3
f 1886/15/3 1598/15/3 1885/15/3
f 1887/31/3 1856/31/3 1855/31/3
f 1887/31/3 1855/31/3 1769/31/3
f 1888/31/3 1856/31/3 1887/31/3
f 1889/30/3 1730/30/3 1856/30/3
f 1889/31/3 1856/31/3 1888/31/3
f 1890/31/3 1799/31/3 1749/31/3
f 1890/30/3 1730/30/3 1889/30/3
f 1890/31/3 1749/31/3 1730/31/3
f 1891/31/3 1799/31/3 1890/31/3
f 1892/30/3 1772/30/3 1800/30/3
f 1892/30/3 1800/30/3 1799/30/3
f 1893/30/3 1772/30/3 1892/30/3
f 1894/30/3 1857/30/3 1823/30/3
f 1894/30/3 1858/30/3 1857/30/3
f 1895/30/3 1858/30/3 1894/30/3
f 1896/27/3 1827/27/3 1858/27/3
f 1896/30/3 1858/30/3 1895/30/3
f 1897/27/3 1827/27/3 1896/27/3
f 1898/33/3 1828/33/3 110/33/3
f 1898/3/3 1859/3/3 1828/3/3
f 1898/3/3 1860/3/3 1859/3/3
f 1899/33/3 1861/33/3 1860/33/3
f 1899/3/3 1860/3/3 1898/3/3
f 1900/33/3 1863/33/3 1862/33/3
f 1900/33/3 1864/33/3 1863/33/3
f 1900/30/3 1865/30/3 1864/30/3
f 1901/33/3 1781/33/3 1865/33/3
f 1901/30/3 1865/30/3 1900/30/3
f 1902/31/3 1782/31/3 1781/31/3
f 1902/33/3 1781/33/3 1901/33/3
f 1903/30/3 1832/30/3 1831/30/3
f 1903/31/3 1782/31/3 1902/31/3
f 1903/30/3 1831/30/3 1782/30/3
f 1904/30/3 1832/30/3 1903/30/3
f 1905/36/3 1833/36/3 1832/36/3
f 1905/30/3 1832/30/3 1904/30/3
f 1906/32/3 1866/32/3 1833/32/3
f 1906/36/3 1833/36/3 1905/36/3
f 1907/34/3 1867/34/3 1866/34/3
f 1907/32/3 1866/32/3 1906/32/3
f 1908/20/3 1870/20/3 1869/20/3
f 1908/20/3 1869/20/3 1868/20/3
f 1909/19/3 1871/19/3 1870/19/3
f 1909/20/3 1870/20/3 1908/20/3
f 1910/18/3 1872/18/3 1871/18/3
f 1910/19/3 1871/19/3 1909/19/3
f 1911/43/3 1873/43/3 1872/43/3
f 1911/18/3 1872/18/3 1910/18/3
f 1911/43/3 1874/43/3 1873/43/3
f 1912/43/3 1874/43/3 1911/43/3
f 1913/43/3 1874/43/3 1912/43/3
f 1914/20/3 1876/20/3 1875/20/3
f 1914/20/3 1875/20/3 1874/20/3
f 1915/20/3 1876/20/3 1914/20/3
f 1916/43/3 1877/43/3 1876/43/3
f 1916/20/3 1876/20/3 1915/20/3
f 1916/43/3 1878/43/3 1877/43/3
f 1917/43/3 1878/43/3 1916/43/3
f 1918/43/3 1848/43/3 1878/43/3
f 1918/43/3 1878/43/3 1917/43/3
f 1919/22/3 1137/22/3 878/22/3
f 1919/21/3 1138/21/3 1137/21/3
f 1920/43/3 1139/43/3 1138/43/3
f 1920/21/3 1138/21/3 1919/21/3
f 1921/43/3 1063/43/3 1139/43/3
f 1921/43/3 1139/43/3 1920/43/3
f 1922/15/3 1882/15/3 1881/15/3
f 1922/16/3 1880/16/3 1879/16/3
f 1922/15/3 1881/15/3 1880/15/3
f 1922/15/3 1883/15/3 1882/15/3
f 1923/16/3 1884/16/3 1883/16/3
f 1923/15/3 1883/15/3 1922/15/3
f 1924/15/3 1885/15/3 1884/15/3
f 1924/16/3 1884/16/3 1923/16/3
f 1925/16/3 1886/16/3 1885/16/3
f 1925/15/3 1885/15/3 1924/15/3
f 1926/43/3 1769/43/3 1329/43/3
f 1926/31/3 1887/31/3 1769/31/3
f 1927/29/3 1888/29/3 1887/29/3
f 1927/31/3 1887/31/3 1926/31/3
f 1928/31/3 1799/31/3 1891/31/3
f 1929/30/3 1892/30/3 1799/30/3
f 1929/31/3 1799/31/3 1928/31/3
f 1930/39/3 1893/39/3 1892/39/3
f 1930/30/3 1892/30/3 1929/30/3
f 1931/30/3 1772/30/3 1893/30/3
f 1931/39/3 1893/39/3 1930/39/3
f 1932/31/3 1822/31/3 1772/31/3
f 1932/30/3 1772/30/3 1931/30/3
f 1932/31/3 1823/31/3 1822/31/3
f 1933/31/3 1823/31/3 1932/31/3
f 1934/38/3 1895/38/3 1894/38/3
f 1934/30/3 1894/30/3 1823/30/3
f 1935/37/3 1896/37/3 1895/37/3
f 1935/38/3 1895/38/3 1934/38/3
f 1936/30/3 1897/30/3 1896/30/3
f 1936/37/3 1896/37/3 1935/37/3
f 1937/33/3 1898/33/3 110/33/3
f 1937/33/3 1899/33/3 1898/33/3
f 1938/33/3 1861/33/3 1899/33/3
f 1938/33/3 1899/33/3 1937/33/3
f 1939/33/3 1861/33/3 1938/33/3
f 1940/36/3 1862/36/3 1861/36/3
f 1940/33/3 1861/33/3 1939/33/3
f 1941/33/3 1900/33/3 1862/33/3
f 1941/36/3 1862/36/3 1940/36/3
f 1942/33/3 1900/33/3 1941/33/3
f 1943/32/3 1837/32/3 1836/32/3
f 1943/32/3 1836/32/3 1835/32/3
f 1944/43/3 1868/43/3 1837/43/3
f 1944/32/3 1837/32/3 1943/32/3
f 1945/20/3 1908/20/3 1868/20/3
f 1945/43/3 1868/43/3 1944/43/3
f 1946/19/3 1909/19/3 1908/19/3
f 1946/20/3 1908/20/3 1945/20/3
f 1947/18/3 1910/18/3 1909/18/3
f 1947/19/3 1909/19/3 1946/19/3
f 1948/43/3 1912/43/3 1911/43/3
f 1948/18/3 1910/18/3 1947/18/3
f 1948/43/3 1911/43/3 1910/43/3
f 1949/43/3 1912/43/3 1948/43/3
f 1950/9/3 1913/9/3 1912/9/3
f 1950/43/3 1912/43/3 1949/43/3
f 1951/43/3 1874/43/3 1913/43/3
f 1951/9/3 1913/9/3 1950/9/3
f 1952/20/3 1914/20/3 1874/20/3
f 1952/43/3 1874/43/3 1951/43/3
f 1953/19/3 1915/19/3 1914/19/3
f 1953/20/3 1914/20/3 1952/20/3
f 1954/43/3 1917/43/3 1916/43/3
f 1954/19/3 1915/19/3 1953/19/3
f 1954/43/3 1916/43/3 1915/43/3
f 1955/43/3 1917/43/3 1954/43/3
f 1956/33/3 1918/33/3 1917/33/3
f 1956/43/3 1917/43/3 1955/43/3
f 1957/16/3 1879/16/3 1064/16/3
f 1957/16/3 1924/16/3 1923/16/3
f 1957/29/3 1064/29/3 1063/29/3
f 1957/16/3 1923/16/3 1922/16/3
f 1957/16/3 1925/16/3 1924/16/3
f 1957/16/3 1922/16/3 1879/16/3
f 1958/29/3 1633/29/3 1599/29/3
f 1958/16/3 1925/16/3 1957/16/3
f 1958/16/3 1599/16/3 1886/16/3
f 1958/16/3 1886/16/3 1925/16/3
f 1959/43/3 1667/43/3 1633/43/3
f 1959/29/3 1633/29/3 1958/29/3
f 1960/29/3 1888/29/3 1927/29/3
f 1960/32/3 1927/32/3 1926/32/3
f 1961/31/3 1889/31/3 1888/31/3
f 1961/29/3 1888/29/3 1960/29/3
f 1961/31/3 1890/31/3 1889/31/3
f 1962/31/3 1890/31/3 1961/31/3
f 1963/30/3 1931/30/3 1930/30/3
f 1963/30/3 1930/30/3 1929/30/3
f 1963/30/3 1929/30/3 1928/30/3
f 1963/30/3 1932/30/3 1931/30/3
f 1963/31/3 1928/31/3 1891/31/3
f 1963/30/3 1933/30/3 1932/30/3
f 1964/30/3 1933/30/3 1963/30/3
f 1965/30/3 1933/30/3 1964/30/3
f 1966/31/3 1823/31/3 1933/31/3
f 1966/30/3 1933/30/3 1965/30/3
f 1967/30/3 1936/30/3 1935/30/3
f 1967/31/3 1823/31/3 1966/31/3
f 1967/30/3 1935/30/3 1934/30/3
f 1967/30/3 1934/30/3 1823/30/3
f 1968/3/3 1938/3/3 1937/3/3
f 1969/3/3 1938/3/3 1968/3/3
f 1970/3/3 1938/3/3 1969/3/3
f 1971/3/3 1938/3/3 1970/3/3
f 1972/36/3 1940/36/3 1939/36/3
f 1972/33/3 1939/33/3 1938/33/3
f 1973/30/3 1941/30/3 1940/30/3
f 1973/36/3 1940/36/3 1972/36/3
f 1973/30/3 1942/30/3 1941/30/3
f 1974/31/3 1901/31/3 1900/31/3
f 1974/30/3 1902/30/3 1901/30/3
f 1974/30/3 1904/30/3 1903/30/3
f 1974/30/3 1903/30/3 1902/30/3
f 1975/30/3 1904/30/3 1974/30/3
f 1976/30/3 1904/30/3 1975/30/3
f 1977/36/3 1905/36/3 1904/36/3
f 1977/30/3 1904/30/3 1976/30/3
f 1978/32/3 1906/32/3 1905/32/3
f 1978/36/3 1905/36/3 1977/36/3
f 1979/34/3 1867/34/3 1907/34/3
f 1979/34/3 1907/34/3 1906/34/3
f 1979/34/3 1788/34/3 1867/34/3
f 1980/32/3 1835/32/3 1788/32/3
f 1980/34/3 1788/34/3 1979/34/3
f 1980/32/3 1943/32/3 1835/32/3
f 1981/20/3 1946/20/3 1945/20/3
f 1981/20/3 1945/20/3 1944/20/3
f 1982/18/3 1947/18/3 1946/18/3
f 1982/20/3 1946/20/3 1981/20/3
f 1983/43/3 1948/43/3 1947/43/3
f 1983/18/3 1947/18/3 1982/18/3
f 1983/43/3 1949/43/3 1948/43/3
f 1984/43/3 1949/43/3 1983/43/3
f 1985/32/3 1950/32/3 1949/32/3
f 1985/43/3 1949/43/3 1984/43/3
f 1986/20/3 1953/20/3 1952/20/3
f 1986/20/3 1952/20/3 1951/20/3
f 1987/43/3 1954/43/3 1953/43/3
f 1987/20/3 1953/20/3 1986/20/3
f 1987/43/3 1955/43/3 1954/43/3
f 1988/43/3 1955/43/3 1987/43/3
f 1989/33/3 1956/33/3 1955/33/3
f 1989/43/3 1955/43/3 1988/43/3
f 1990/33/3 1918/33/3 1956/33/3
f 1990/33/3 1956/33/3 1989/33/3
f 1991/43/3 1848/43/3 1918/43/3
f 1991/33/3 1918/33/3 1990/33/3
f 1992/23/3 1817/23/3 1848/23/3
f 1992/43/3 1848/43/3 1991/43/3
f 1993/24/3 942/24/3 1817/24/3
f 1993/23/3 1817/23/3 1992/23/3
f 1994/26/3 878/26/3 942/26/3
f 1994/24/3 942/24/3 1993/24/3
f 1995/21/3 1921/21/3 1920/21/3
f 1995/22/3 1920/22/3 1919/22/3
f 1996/43/3 1063/43/3 1921/43/3
f 1996/21/3 1921/21/3 1995/21/3
f 1997/29/3 1957/29/3 1063/29/3
f 1997/43/3 1063/43/3 1996/43/3
f 1997/29/3 1958/29/3 1957/29/3
f 1998/43/3 1959/43/3 1958/43/3
f 1998/29/3 1958/29/3 1997/29/3
f 1999/43/3 1667/43/3 1959/43/3
f 1999/43/3 1959/43/3 1998/43/3
f 2000/22/3 1668/22/3 1667/22/3
f 2000/43/3 1667/43/3 1999/43/3
f 2001/31/3 1964/31/3 1963/31/3
f 2001/31/3 1963/31/3 1891/31/3
f 2001/30/3 1891/30/3 1890/30/3
f 2002/30/3 1965/30/3 1964/30/3
f 2002/31/3 1964/31/3 2001/31/3
f 2003/30/3 1965/30/3 2002/30/3
f 2004/39/3 1966/39/3 1965/39/3
f 2004/30/3 1965/30/3 2003/30/3
f 2005/30/3 1967/30/3 1966/30/3
f 2005/39/3 1966/39/3 2004/39/3
f 2006/30/3 1973/30/3 1972/30/3
f 2006/33/3 1972/33/3 1938/33/3
f 2007/30/3 1942/30/3 1973/30/3
f 2007/30/3 1973/30/3 2006/30/3
f 2008/30/3 1942/30/3 2007/30/3
f 2009/33/3 1900/33/3 1942/33/3
f 2009/30/3 1942/30/3 2008/30/3
f 2010/31/3 1974/31/3 1900/31/3
f 2010/33/3 1900/33/3 2009/33/3
f 2010/31/3 1975/31/3 1974/31/3
f 2011/31/3 1975/31/3 2010/31/3
f 2012/30/3 1976/30/3 1975/30/3
f 2012/31/3 1975/31/3 2011/31/3
f 2013/43/3 1984/43/3 1983/43/3
f 2013/43/3 1983/43/3 1982/43/3
f 2014/32/3 1985/32/3 1984/32/3
f 2014/43/3 1984/43/3 2013/43/3
f 2015/33/3 1989/33/3 1988/33/3
f 2015/33/3 1990/33/3 1989/33/3
f 2016/30/3 1991/30/3 1990/30/3
f 2016/33/3 1990/33/3 2015/33/3
f 2017/33/3 1993/33/3 1992/33/3
f 2017/33/3 1992/33/3 1991/33/3
f 2017/43/3 1994/43/3 1993/43/3
f 2018/26/3 878/26/3 1994/26/3
f 2018/43/3 1994/43/3 2017/43/3
f 2019/22/3 1995/22/3 1919/22/3
f 2019/26/3 878/26/3 2018/26/3
f 2019/22/3 1996/22/3 1995/22/3
f 2019/22/3 1919/22/3 878/22/3
f 2019/22/3 1997/22/3 1996/22/3
f 2020/43/3 1999/43/3 1998/43/3
f 2020/22/3 1997/22/3 2019/22/3
f 2020/43/3 1998/43/3 1997/43/3
f 2021/43/3 1999/43/3 2020/43/3
f 2022/43/3 1999/43/3 2021/43/3
f 2023/22/3 2000/22/3 1999/22/3
f 2023/43/3 1999/43/3 2022/43/3
f 2024/31/3 1890/31/3 1962/31/3
f 2024/29/3 1962/29/3 1961/29/3
f 2025/31/3 1890/31/3 2024/31/3
f 2026/30/3 2001/30/3 1890/30/3
f 2026/31/3 1890/31/3 2025/31/3
f 2027/36/3 2002/36/3 2001/36/3
f 2027/30/3 2001/30/3 2026/30/3
f 2028/35/3 2003/35/3 2002/35/3
f 2028/36/3 2002/36/3 2027/36/3
f 2029/30/3 2005/30/3 2004/30/3
f 2029/35/3 2003/35/3 2028/35/3
f 2029/30/3 2004/30/3 2003/30/3
f 2030/30/3 2005/30/3 2029/30/3
f 2031/30/3 1967/30/3 2005/30/3
f 2031/30/3 2005/30/3 2030/30/3
f 2031/30/3 1936/30/3 1967/30/3
f 2032/27/3 1827/27/3 1897/27/3
f 2032/30/3 1936/30/3 2031/30/3
f 2032/30/3 1897/30/3 1936/30/3
f 2033/33/3 1937/33/3 110/33/3
f 2033/3/3 1968/3/3 1937/3/3
f 2034/33/3 1969/33/3 1968/33/3
f 2034/3/3 1968/3/3 2033/3/3
f 2035/3/3 1970/3/3 1969/3/3
f 2035/33/3 1969/33/3 2034/33/3
f 2036/33/3 1971/33/3 1970/33/3
f 2036/3/3 1970/3/3 2035/3/3
f 2037/3/3 1938/3/3 1971/3/3
f 2037/33/3 1971/33/3 2036/33/3
f 2038/33/3 2006/33/3 1938/33/3
f 2038/3/3 1938/3/3 2037/3/3
f 2039/33/3 2006/33/3 2038/33/3
f 2040/31/3 2007/31/3 2006/31/3
f 2040/33/3 2006/33/3 2039/33/3
f 2041/30/3 2008/30/3 2007/30/3
f 2041/31/3 2007/31/3 2040/31/3
f 2042/33/3 2011/33/3 2010/33/3
f 2042/30/3 2008/30/3 2041/30/3
f 2042/33/3 2010/33/3 2009/33/3
f 2042/33/3 2009/33/3 2008/33/3
f 2043/30/3 2012/30/3 2011/30/3
f 2043/33/3 2011/33/3 2042/33/3
f 2044/30/3 1976/30/3 2012/30/3
f 2044/30/3 2012/30/3 2043/30/3
f 2045/34/3 1979/34/3 1906/34/3
f 2045/32/3 1906/32/3 1978/32/3
f 2046/34/3 1979/34/3 2045/34/3
f 2047/34/3 1979/34/3 2046/34/3
f 2048/32/3 1980/32/3 1979/32/3
f 2048/34/3 1979/34/3 2047/34/3
f 2049/32/3 2014/32/3 2013/32/3
f 2049/43/3 2013/43/3 1982/43/3
f 2050/32/3 1985/32/3 2014/32/3
f 2050/32/3 2014/32/3 2049/32/3
f 2051/20/3 1986/20/3 1951/20/3
f 2051/43/3 1951/43/3 1950/43/3
f 2052/18/3 1987/18/3 1986/18/3
f 2052/20/3 1986/20/3 2051/20/3
f 2053/43/3 1988/43/3 1987/43/3
f 2053/18/3 1987/18/3 2052/18/3
f 2054/33/3 2015/33/3 1988/33/3
f 2055/30/3 2016/30/3 2015/30/3
f 2055/33/3 2015/33/3 2054/33/3
f 2056/22/3 2021/22/3 2020/22/3
f 2056/22/3 2020/22/3 2019/22/3
f 2056/43/3 2022/43/3 2021/43/3
f 2057/22/3 2023/22/3 2022/22/3
f 2057/43/3 2022/43/3 2056/43/3
f 2058/29/3 2025/29/3 2024/29/3
f 2058/32/3 1961/32/3 1960/32/3
f 2058/29/3 2024/29/3 1961/29/3
f 2059/29/3 2025/29/3 2058/29/3
f 2060/31/3 2030/31/3 2029/31/3
f 2060/31/3 2026/31/3 2025/31/3
f 2060/31/3 2027/31/3 2026/31/3
f 2060/31/3 2028/31/3 2027/31/3
f 2060/31/3 2029/31/3 2028/31/3
f 2061/31/3 2030/31/3 2060/31/3
f 2062/30/3 2031/30/3 2030/30/3
f 2062/31/3 2030/31/3 2061/31/3
f 2063/38/3 2032/38/3 2031/38/3
f 2063/30/3 2031/30/3 2062/30/3
f 2064/38/3 2032/38/3 2063/38/3
f 2065/27/3 1827/27/3 2032/27/3
f 2065/38/3 2032/38/3 2064/38/3
f 2066/33/3 2037/33/3 2036/33/3
f 2066/33/3 2033/33/3 110/33/3
f 2066/33/3 2038/33/3 2037/33/3
f 2066/33/3 2036/33/3 2035/33/3
f 2066/33/3 2035/33/3 2034/33/3
f 2066/33/3 2039/33/3 2038/33/3
f 2066/33/3 2034/33/3 2033/33/3
f 2067/33/3 2039/33/3 2066/33/3
f 2068/30/3 2040/30/3 2039/30/3
f 2068/33/3 2039/33/3 2067/33/3
f 2069/31/3 2041/31/3 2040/31/3
f 2069/30/3 2040/30/3 2068/30/3
f 2070/33/3 2043/33/3 2042/33/3
f 2070/33/3 2044/33/3 2043/33/3
f 2070/33/3 2042/33/3 2041/33/3
f 2071/33/3 2044/33/3 2070/33/3
f 2072/33/3 2044/33/3 2071/33/3
f 2073/30/3 1976/30/3 2044/30/3
f 2073/33/3 2044/33/3 2072/33/3
f 2074/30/3 1976/30/3 2073/30/3
f 2075/36/3 1977/36/3 1976/36/3
f 2075/30/3 1976/30/3 2074/30/3
f 2076/33/3 1978/33/3 1977/33/3
f 2076/36/3 1977/36/3 2075/36/3
f 2077/32/3 2045/32/3 1978/32/3
f 2077/33/3 1978/33/3 2076/33/3
f 2077/32/3 2046/32/3 2045/32/3
f 2078/32/3 2046/32/3 2077/32/3
f 2079/34/3 2047/34/3 2046/34/3
f 2079/32/3 2046/32/3 2078/32/3
f 2080/43/3 2049/43/3 1982/43/3
f 2080/43/3 2050/43/3 2049/43/3
f 2080/19/3 1982/19/3 1981/19/3
f 2081/43/3 2050/43/3 2080/43/3
f 2082/19/3 2052/19/3 2051/19/3
f 2082/43/3 2051/43/3 1950/43/3
f 2083/43/3 2053/43/3 2052/43/3
f 2083/19/3 2052/19/3 2082/19/3
f 2084/43/3 1988/43/3 2053/43/3
f 2084/43/3 2053/43/3 2083/43/3
f 2085/33/3 2054/33/3 1988/33/3
f 2085/43/3 1988/43/3 2084/43/3
f 2086/30/3 1991/30/3 2016/30/3
f 2086/30/3 2016/30/3 2055/30/3
f 2086/30/3 2055/30/3 2054/30/3
f 2087/33/3 2018/33/3 2017/33/3
f 2087/30/3 1991/30/3 2086/30/3
f 2087/33/3 2017/33/3 1991/33/3
f 2088/33/3 2018/33/3 2087/33/3
f 2089/33/3 2018/33/3 2088/33/3
f 2090/22/3 2056/22/3 2019/22/3
f 2090/22/3 2057/22/3 2056/22/3
f 2090/43/3 2019/43/3 2018/43/3
f 2091/22/3 2023/22/3 2057/22/3
f 2091/22/3 2057/22/3 2090/22/3
f 2091/21/3 1329/21/3 1328/21/3
f 2091/22/3 1668/22/3 2000/22/3
f 2091/22/3 2000/22/3 2023/22/3
f 2091/22/3 1328/22/3 1668/22/3
f 2092/32/3 1960/32/3 1926/32/3
f 2092/43/3 1926/43/3 1329/43/3
f 2092/32/3 2058/32/3 1960/32/3
f 2093/31/3 2059/31/3 2058/31/3
f 2093/32/3 2058/32/3 2092/32/3
f 2094/29/3 2025/29/3 2059/29/3
f 2094/31/3 2059/31/3 2093/31/3
f 2095/31/3 2060/31/3 2025/31/3
f 2095/29/3 2025/29/3 2094/29/3
f 2096/31/3 2060/31/3 2095/31/3
f 2097/38/3 2061/38/3 2060/38/3
f 2097/31/3 2060/31/3 2096/31/3
f 2098/37/3 2063/37/3 2062/37/3
f 2098/38/3 2061/38/3 2097/38/3
f 2098/37/3 2062/37/3 2061/37/3
f 2099/30/3 2064/30/3 2063/30/3
f 2099/37/3 2063/37/3 2098/37/3
f 2100/30/3 2064/30/3 2099/30/3
f 2101/27/3 2065/27/3 2064/27/3
f 2101/30/3 2064/30/3 2100/30/3
f 2102/27/3 1827/27/3 2065/27/3
f 2102/27/3 2065/27/3 2101/27/3
f 2103/30/3 109/30/3 1827/30/3
f 2103/27/3 1827/27/3 2102/27/3
f 2104/3/3 2067/3/3 2066/3/3
f 2104/33/3 2066/33/3 110/33/3
f 2105/3/3 2067/3/3 2104/3/3
f 2106/3/3 2067/3/3 2105/3/3
f 2107/3/3 2067/3/3 2106/3/3
f 2108/30/3 2068/30/3 2067/30/3
f 2108/3/3 2067/3/3 2107/3/3
f 2109/31/3 2069/31/3 2068/31/3
f 2109/30/3 2068/30/3 2108/30/3
f 2110/31/3 2041/31/3 2069/31/3
f 2110/31/3 2069/31/3 2109/31/3
f 2111/33/3 2070/33/3 2041/33/3
f 2111/31/3 2041/31/3 2110/31/3
f 2112/34/3 2047/34/3 2079/34/3
f 2112/34/3 2079/34/3 2078/34/3
f 2113/32/3 2048/32/3 2047/32/3
f 2113/34/3 2047/34/3 2112/34/3
f 2114/20/3 1981/20/3 1944/20/3
f 2114/19/3 2080/19/3 1981/19/3
f 2114/19/3 2081/19/3 2080/19/3
f 2115/19/3 2081/19/3 2114/19/3
f 2116/18/3 2083/18/3 2082/18/3
f 2116/43/3 2082/43/3 1950/43/3
f 2117/43/3 2084/43/3 2083/43/3
f 2117/18/3 2083/18/3 2116/18/3
f 2118/33/3 2054/33/3 2085/33/3
f 2118/33/3 2085/33/3 2084/33/3
f 2119/30/3 2086/30/3 2054/30/3
f 2119/33/3 2054/33/3 2118/33/3
f 2120/33/3 2018/33/3 2089/33/3
f 2120/32/3 2089/32/3 2088/32/3
f 2121/43/3 2090/43/3 2018/43/3
f 2121/33/3 2018/33/3 2120/33/3
f 2122/21/3 2091/21/3 2090/21/3
f 2122/43/3 2090/43/3 2121/43/3
f 2123/21/3 1329/21/3 2091/21/3
f 2123/21/3 2091/21/3 2122/21/3
f 2123/43/3 2092/43/3 1329/43/3
f 2124/38/3 2093/38/3 2092/38/3
f 2124/43/3 2092/43/3 2123/43/3
f 2124/38/3 2096/38/3 2095/38/3
f 2124/38/3 2094/38/3 2093/38/3
f 2124/38/3 2095/38/3 2094/38/3
f 2125/38/3 2096/38/3 2124/38/3
f 2126/38/3 2096/38/3 2125/38/3
f 2127/30/3 2100/30/3 2099/30/3
f 2127/38/3 2096/38/3 2126/38/3
f 2127/30/3 2098/30/3 2097/30/3
f 2127/30/3 2097/30/3 2096/30/3
f 2127/30/3 2099/30/3 2098/30/3
f 2128/30/3 2100/30/3 2127/30/3
f 2129/27/3 2101/27/3 2100/27/3
f 2129/30/3 2100/30/3 2128/30/3
f 2129/27/3 2102/27/3 2101/27/3
f 2130/27/3 2102/27/3 2129/27/3
f 2131/32/3 2103/32/3 2102/32/3
f 2131/27/3 2102/27/3 2130/27/3
f 2132/31/3 2109/31/3 2108/31/3
f 2132/31/3 2110/31/3 2109/31/3
f 2133/33/3 2111/33/3 2110/33/3
f 2133/31/3 2110/31/3 2132/31/3
f 2134/33/3 2072/33/3 2071/33/3
f 2134/31/3 2071/31/3 2070/31/3
f 2135/31/3 2074/31/3 2073/31/3
f 2135/33/3 2072/33/3 2134/33/3
f 2135/31/3 2073/31/3 2072/31/3
f 2136/31/3 2074/31/3 2135/31/3
f 2137/36/3 2075/36/3 2074/36/3
f 2137/31/3 2074/31/3 2136/31/3
f 2138/33/3 2076/33/3 2075/33/3
f 2138/36/3 2075/36/3 2137/36/3
f 2139/34/3 2112/34/3 2078/34/3
f 2139/32/3 2078/32/3 2077/32/3
f 2140/34/3 2112/34/3 2139/34/3
f 2141/32/3 2113/32/3 2112/32/3
f 2141/34/3 2112/34/3 2140/34/3
f 2142/32/3 2048/32/3 2113/32/3
f 2142/32/3 2113/32/3 2141/32/3
f 2143/20/3 2114/20/3 1944/20/3
f 2143/43/3 1944/43/3 1943/43/3
f 2143/20/3 2115/20/3 2114/20/3
f 2144/20/3 2115/20/3 2143/20/3
f 2145/33/3 2118/33/3 2084/33/3
f 2145/43/3 2084/43/3 2117/43/3
f 2146/30/3 2119/30/3 2118/30/3
f 2146/33/3 2118/33/3 2145/33/3
f 2147/30/3 2086/30/3 2119/30/3
f 2147/30/3 2119/30/3 2146/30/3
f 2148/33/3 2087/33/3 2086/33/3
f 2148/30/3 2086/30/3 2147/30/3
f 2148/33/3 2088/33/3 2087/33/3
f 2149/43/3 2122/43/3 2121/43/3
f 2149/43/3 2123/43/3 2122/43/3
f 2149/32/3 2121/32/3 2120/32/3
f 2149/43/3 2124/43/3 2123/43/3
f 2150/43/3 2124/43/3 2149/43/3
f 2151/43/3 2124/43/3 2150/43/3
f 2152/43/3 2124/43/3 2151/43/3
f 2153/43/3 2124/43/3 2152/43/3
f 2154/43/3 2124/43/3 2153/43/3
f 2155/43/3 2124/43/3 2154/43/3
f 2156/43/3 2124/43/3 2155/43/3
f 2157/43/3 2124/43/3 2156/43/3
f 2158/43/3 2124/43/3 2157/43/3
f 2159/43/3 2124/43/3 2158/43/3
f 2160/43/3 2124/43/3 2159/43/3
f 2161/43/3 2124/43/3 2160/43/3
f 2162/30/3 2125/30/3 2124/30/3
f 2162/43/3 2124/43/3 2161/43/3
f 2163/27/3 2126/27/3 2125/27/3
f 2163/30/3 2125/30/3 2162/30/3
f 2164/30/3 2128/30/3 2127/30/3
f 2164/27/3 2126/27/3 2163/27/3
f 2164/30/3 2127/30/3 2126/30/3
f 2165/30/3 2128/30/3 2164/30/3
f 2166/30/3 2128/30/3 2165/30/3
f 2167/30/3 2128/30/3 2166/30/3
f 2168/30/3 2128/30/3 2167/30/3
f 2169/27/3 2130/27/3 2129/27/3
f 2169/30/3 2128/30/3 2168/30/3
f 2169/27/3 2129/27/3 2128/27/3
f 2170/27/3 2130/27/3 2169/27/3
f 2171/32/3 2131/32/3 2130/32/3
f 2171/27/3 2130/27/3 2170/27/3
f 2172/33/3 2105/33/3 2104/33/3
f 2172/33/3 2104/33/3 110/33/3
f 2173/3/3 2106/3/3 2105/3/3
f 2173/33/3 2105/33/3 2172/33/3
f 2174/33/3 2107/33/3 2106/33/3
f 2174/3/3 2106/3/3 2173/3/3
f 2175/3/3 2108/3/3 2107/3/3
f 2175/33/3 2107/33/3 2174/33/3
f 2176/31/3 2132/31/3 2108/31/3
f 2176/3/3 2108/3/3 2175/3/3
f 2177/33/3 2133/33/3 2132/33/3
f 2177/31/3 2132/31/3 2176/31/3
f 2178/33/3 2076/33/3 2138/33/3
f 2178/33/3 2138/33/3 2137/33/3
f 2179/31/3 2077/31/3 2076/31/3
f 2179/33/3 2076/33/3 2178/33/3
f 2180/32/3 2140/32/3 2139/32/3
f 2180/32/3 2139/32/3 2077/32/3
f 2181/32/3 2140/32/3 2180/32/3
f 2182/32/3 1980/32/3 2048/32/3
f 2182/32/3 2048/32/3 2142/32/3
f 2182/32/3 1943/32/3 1980/32/3
f 2183/32/3 1943/32/3 2182/32/3
f 2184/43/3 2144/43/3 2143/43/3
f 2184/32/3 1943/32/3 2183/32/3
f 2184/43/3 2143/43/3 1943/43/3
f 2185/43/3 2144/43/3 2184/43/3
f 2186/20/3 2115/20/3 2144/20/3
f 2186/43/3 2144/43/3 2185/43/3
f 2187/19/3 2081/19/3 2115/19/3
f 2187/20/3 2115/20/3 2186/20/3
f 2188/43/3 2050/43/3 2081/43/3
f 2188/19/3 2081/19/3 2187/19/3
f 2189/43/3 2116/43/3 1950/43/3
f 2189/19/3 2117/19/3 2116/19/3
f 2190/43/3 2145/43/3 2117/43/3
f 2190/19/3 2117/19/3 2189/19/3
f 2191/30/3 2147/30/3 2146/30/3
f 2191/43/3 2145/43/3 2190/43/3
f 2191/30/3 2146/30/3 2145/30/3
f 2192/33/3 2148/33/3 2147/33/3
f 2192/30/3 2147/30/3 2191/30/3
f 2193/32/3 2120/32/3 2088/32/3
f 2193/33/3 2148/33/3 2192/33/3
f 2193/33/3 2088/33/3 2148/33/3
f 2193/32/3 2149/32/3 2120/32/3
f 2193/32/3 2150/32/3 2149/32/3
f 2194/32/3 2150/32/3 2193/32/3
f 2195/32/3 2152/32/3 2151/32/3
f 2196/32/3 2152/32/3 2195/32/3
f 2197/32/3 2152/32/3 2196/32/3
f 2198/32/3 2152/32/3 2197/32/3
f 2199/29/3 2153/29/3 2152/29/3
f 2199/32/3 2152/32/3 2198/32/3
f 2200/30/3 2154/30/3 2153/30/3
f 2200/29/3 2153/29/3 2199/29/3
f 2201/30/3 2154/30/3 2200/30/3
f 2202/32/3 2155/32/3 2154/32/3
f 2202/30/3 2154/30/3 2201/30/3
f 2203/29/3 2156/29/3 2155/29/3
f 2203/32/3 2155/32/3 2202/32/3
f 2204/32/3 2157/32/3 2156/32/3
f 2204/29/3 2156/29/3 2203/29/3
f 2205/29/3 2158/29/3 2157/29/3
f 2205/32/3 2157/32/3 2204/32/3
f 2206/30/3 2159/30/3 2158/30/3
f 2206/29/3 2158/29/3 2205/29/3
f 2207/30/3 2159/30/3 2206/30/3
f 2208/32/3 2160/32/3 2159/32/3
f 2208/30/3 2159/30/3 2207/30/3
f 2209/29/3 2161/29/3 2160/29/3
f 2209/32/3 2160/32/3 2208/32/3
f 2210/32/3 2163/32/3 2162/32/3
f 2210/32/3 2162/32/3 2161/32/3
f 2211/32/3 2163/32/3 2210/32/3
f 2212/32/3 2163/32/3 2211/32/3
f 2213/27/3 2165/27/3 2164/27/3
f 2213/32/3 2163/32/3 2212/32/3
f 2213/27/3 2164/27/3 2163/27/3
f 2214/27/3 2165/27/3 2213/27/3
f 2215/30/3 2166/30/3 2165/30/3
f 2215/27/3 2165/27/3 2214/27/3
f 2216/30/3 2166/30/3 2215/30/3
f 2217/33/3 2167/33/3 2166/33/3
f 2217/30/3 2166/30/3 2216/30/3
f 2218/30/3 2168/30/3 2167/30/3
f 2218/33/3 2167/33/3 2217/33/3
f 2219/30/3 2168/30/3 2218/30/3
f 2220/27/3 2169/27/3 2168/27/3
f 2220/30/3 2168/30/3 2219/30/3
f 2220/27/3 2170/27/3 2169/27/3
f 2221/32/3 2171/32/3 2170/32/3
f 2221/27/3 2170/27/3 2220/27/3
f 2222/3/3 2173/3/3 2172/3/3
f 2222/33/3 2172/33/3 110/33/3
f 2223/33/3 2174/33/3 2173/33/3
f 2223/3/3 2173/3/3 2222/3/3
f 2224/3/3 2175/3/3 2174/3/3
f 2224/33/3 2174/33/3 2223/33/3
f 2225/33/3 2176/33/3 2175/33/3
f 2225/3/3 2175/3/3 2224/3/3
f 2225/33/3 2177/33/3 2176/33/3
f 2226/31/3 2135/31/3 2134/31/3
f 2226/31/3 2136/31/3 2135/31/3
f 2227/36/3 2137/36/3 2136/36/3
f 2227/31/3 2136/31/3 2226/31/3
f 2228/31/3 2077/31/3 2179/31/3
f 2228/31/3 2179/31/3 2178/31/3
f 2229/32/3 2180/32/3 2077/32/3
f 2229/31/3 2077/31/3 2228/31/3
f 2230/32/3 2185/32/3 2184/32/3
f 2230/43/3 2187/43/3 2186/43/3
f 2230/43/3 2186/43/3 2185/43/3
f 2230/32/3 2184/32/3 2183/32/3
f 2231/43/3 2187/43/3 2230/43/3
f 2232/43/3 2050/43/3 2188/43/3
f 2232/32/3 1985/32/3 2050/32/3
f 2233/43/3 2190/43/3 2189/43/3
f 2233/32/3 1985/32/3 2232/32/3
f 2233/32/3 1950/32/3 1985/32/3
f 2233/43/3 2189/43/3 1950/43/3
f 2234/33/3 2192/33/3 2191/33/3
f 2234/33/3 2191/33/3 2190/33/3
f 2234/32/3 2150/32/3 2194/32/3
f 2234/33/3 2193/33/3 2192/33/3
f 2234/33/3 2194/33/3 2193/33/3
f 2235/29/3 2151/29/3 2150/29/3
f 2235/32/3 2150/32/3 2234/32/3
f 2236/32/3 2195/32/3 2151/32/3
f 2236/29/3 2151/29/3 2235/29/3
f 2237/32/3 2195/32/3 2236/32/3
f 2238/28/3 2196/28/3 2195/28/3
f 2238/32/3 2195/32/3 2237/32/3
f 2239/33/3 2197/33/3 2196/33/3
f 2239/28/3 2196/28/3 2238/28/3
f 2240/32/3 2201/32/3 2200/32/3
f 2240/39/3 2202/39/3 2201/39/3
f 2241/30/3 2203/30/3 2202/30/3
f 2241/39/3 2202/39/3 2240/39/3
f 2242/32/3 2207/32/3 2206/32/3
f 2242/39/3 2208/39/3 2207/39/3
f 2243/30/3 2209/30/3 2208/30/3
f 2243/39/3 2208/39/3 2242/39/3
f 2244/29/3 2161/29/3 2209/29/3
f 2244/32/3 2210/32/3 2161/32/3
f 2245/29/3 2211/29/3 2210/29/3
f 2245/32/3 2210/32/3 2244/32/3
f 2246/33/3 2212/33/3 2211/33/3
f 2246/29/3 2211/29/3 2245/29/3
f 2247/32/3 2213/32/3 2212/32/3
f 2247/33/3 2212/33/3 2246/33/3
f 2248/30/3 2214/30/3 2213/30/3
f 2248/32/3 2213/32/3 2247/32/3
f 2249/32/3 2215/32/3 2214/32/3
f 2249/30/3 2214/30/3 2248/30/3
f 2249/32/3 2216/32/3 2215/32/3
f 2250/33/3 2219/33/3 2218/33/3
f 2250/32/3 2216/32/3 2249/32/3
f 2250/33/3 2218/33/3 2217/33/3
f 2250/33/3 2217/33/3 2216/33/3
f 2251/32/3 2221/32/3 2220/32/3
f 2251/33/3 2219/33/3 2250/33/3
f 2251/32/3 2220/32/3 2219/32/3
f 2252/32/3 2221/32/3 2251/32/3
f 2253/32/3 2221/32/3 2252/32/3
f 2254/32/3 2221/32/3 2253/32/3
f 2255/32/3 2221/32/3 2254/32/3
f 2256/32/3 2171/32/3 2221/32/3
f 2256/32/3 2221/32/3 2255/32/3
f 2257/32/3 2171/32/3 2256/32/3
f 2258/30/3 109/30/3 2103/30/3
f 2258/32/3 2171/32/3 2257/32/3
f 2258/32/3 2131/32/3 2171/32/3
f 2258/32/3 2103/32/3 2131/32/3
f 2259/33/3 2111/33/3 2133/33/3
f 2259/33/3 2224/33/3 2223/33/3
f 2259/33/3 2070/33/3 2111/33/3
f 2259/33/3 2177/33/3 2225/33/3
f 2259/33/3 2225/33/3 2224/33/3
f 2259/33/3 2133/33/3 2177/33/3
f 2259/33/3 2223/33/3 2222/33/3
f 2260/31/3 2134/31/3 2070/31/3
f 2260/33/3 2070/33/3 2259/33/3
f 2260/31/3 2226/31/3 2134/31/3
f 2261/36/3 2137/36/3 2227/36/3
f 2261/36/3 2227/36/3 2226/36/3
f 2262/33/3 2178/33/3 2137/33/3
f 2262/36/3 2137/36/3 2261/36/3
f 2263/31/3 2228/31/3 2178/31/3
f 2263/33/3 2178/33/3 2262/33/3
f 2264/33/3 2229/33/3 2228/33/3
f 2264/31/3 2228/31/3 2263/31/3
f 2265/32/3 2180/32/3 2229/32/3
f 2265/33/3 2229/33/3 2264/33/3
f 2266/36/3 2181/36/3 2180/36/3
f 2266/32/3 2180/32/3 2265/32/3
f 2267/32/3 2140/32/3 2181/32/3
f 2267/36/3 2181/36/3 2266/36/3
f 2268/34/3 2141/34/3 2140/34/3
f 2268/39/3 2142/39/3 2141/39/3
f 2269/32/3 2182/32/3 2142/32/3
f 2269/39/3 2142/39/3 2268/39/3
f 2270/32/3 2182/32/3 2269/32/3
f 2271/34/3 2183/34/3 2182/34/3
f 2271/32/3 2231/32/3 2230/32/3
f 2271/32/3 2230/32/3 2183/32/3
f 2272/32/3 2231/32/3 2271/32/3
f 2273/43/3 2233/43/3 2232/43/3
f 2273/43/3 2232/43/3 2188/43/3
f 2273/20/3 2188/20/3 2187/20/3
f 2274/43/3 2233/43/3 2273/43/3
f 2275/43/3 2190/43/3 2233/43/3
f 2275/43/3 2233/43/3 2274/43/3
f 2276/33/3 2235/33/3 2234/33/3
f 2276/43/3 2190/43/3 2275/43/3
f 2276/33/3 2234/33/3 2190/33/3
f 2277/29/3 2237/29/3 2236/29/3
f 2277/33/3 2235/33/3 2276/33/3
f 2277/29/3 2236/29/3 2235/29/3
f 2278/33/3 2238/33/3 2237/33/3
f 2278/29/3 2237/29/3 2277/29/3
f 2279/33/3 2238/33/3 2278/33/3
f 2280/29/3 2239/29/3 2238/29/3
f 2280/33/3 2238/33/3 2279/33/3
f 2281/33/3 2197/33/3 2239/33/3
f 2281/29/3 2239/29/3 2280/29/3
f 2282/29/3 2200/29/3 2199/29/3
f 2282/33/3 2199/33/3 2198/33/3
f 2283/32/3 2240/32/3 2200/32/3
f 2283/29/3 2200/29/3 2282/29/3
f 2284/33/3 2241/33/3 2240/33/3
f 2284/32/3 2240/32/3 2283/32/3
f 2285/30/3 2203/30/3 2241/30/3
f 2285/29/3 2204/29/3 2203/29/3
f 2286/33/3 2205/33/3 2204/33/3
f 2286/29/3 2204/29/3 2285/29/3
f 2287/32/3 2242/32/3 2206/32/3
f 2287/28/3 2243/28/3 2242/28/3
f 2288/30/3 2209/30/3 2243/30/3
f 2288/28/3 2243/28/3 2287/28/3
f 2289/33/3 2249/33/3 2248/33/3
f 2289/33/3 2252/33/3 2251/33/3
f 2289/33/3 2251/33/3 2250/33/3
f 2289/33/3 2246/33/3 2245/33/3
f 2289/33/3 2248/33/3 2247/33/3
f 2289/33/3 2250/33/3 2249/33/3
f 2289/33/3 2247/33/3 2246/33/3
f 2289/33/3 2245/33/3 2244/33/3
f 2290/33/3 2252/33/3 2289/33/3
f 2291/32/3 2253/32/3 2252/32/3
f 2291/33/3 2252/33/3 2290/33/3
f 2292/33/3 2254/33/3 2253/33/3
f 2292/32/3 2253/32/3 2291/32/3
f 2293/32/3 2255/32/3 2254/32/3
f 2293/33/3 2254/33/3 2292/33/3
f 2294/32/3 2255/32/3 2293/32/3
f 2295/29/3 2256/29/3 2255/29/3
f 2295/32/3 2255/32/3 2294/32/3
f 2296/32/3 2257/32/3 2256/32/3
f 2296/29/3 2256/29/3 2295/29/3
f 2297/32/3 2257/32/3 2296/32/3
f 2298/33/3 2258/33/3 2257/33/3
f 2298/32/3 2257/32/3 2297/32/3
f 2299/33/3 2258/33/3 2298/33/3
f 2300/30/3 109/30/3 2258/30/3
f 2300/33/3 2258/33/3 2299/33/3
f 2301/31/3 2226/31/3 2260/31/3
f 2301/31/3 2260/31/3 2259/31/3
f 2302/36/3 2261/36/3 2226/36/3
f 2302/31/3 2226/31/3 2301/31/3
f 2303/20/3 2274/20/3 2273/20/3
f 2303/43/3 2187/43/3 2231/43/3
f 2303/20/3 2273/20/3 2187/20/3
f 2304/20/3 2274/20/3 2303/20/3
f 2305/43/3 2275/43/3 2274/43/3
f 2305/20/3 2274/20/3 2304/20/3
f 2306/43/3 2275/43/3 2305/43/3
f 2307/10/3 2278/10/3 2277/10/3
f 2307/10/3 2279/10/3 2278/10/3
f 2307/10/3 2276/10/3 2275/10/3
f 2307/10/3 2277/10/3 2276/10/3
f 2308/10/3 2279/10/3 2307/10/3
f 2309/33/3 2280/33/3 2279/33/3
f 2309/33/3 2281/33/3 2280/33/3
f 2310/33/3 2197/33/3 2281/33/3
f 2310/33/3 2281/33/3 2309/33/3
f 2311/28/3 2198/28/3 2197/28/3
f 2311/33/3 2197/33/3 2310/33/3
f 2312/33/3 2283/33/3 2282/33/3
f 2312/28/3 2198/28/3 2311/28/3
f 2312/33/3 2282/33/3 2198/33/3
f 2313/33/3 2283/33/3 2312/33/3
f 2314/3/3 2284/3/3 2283/3/3
f 2314/33/3 2283/33/3 2313/33/3
f 2315/33/3 2241/33/3 2284/33/3
f 2315/3/3 2284/3/3 2314/3/3
f 2316/30/3 2285/30/3 2241/30/3
f 2316/33/3 2241/33/3 2315/33/3
f 2317/5/3 2286/5/3 2285/5/3
f 2317/30/3 2285/30/3 2316/30/3
f 2318/33/3 2205/33/3 2286/33/3
f 2318/5/3 2286/5/3 2317/5/3
f 2319/29/3 2206/29/3 2205/29/3
f 2319/33/3 2205/33/3 2318/33/3
f 2320/32/3 2287/32/3 2206/32/3
f 2320/29/3 2206/29/3 2319/29/3
f 2321/39/3 2288/39/3 2287/39/3
f 2321/32/3 2287/32/3 2320/32/3
f 2322/30/3 2209/30/3 2288/30/3
f 2322/39/3 2288/39/3 2321/39/3
f 2323/29/3 2244/29/3 2209/29/3
f 2323/30/3 2209/30/3 2322/30/3
f 2324/33/3 2289/33/3 2244/33/3
f 2324/29/3 2244/29/3 2323/29/3
f 2325/33/3 2289/33/3 2324/33/3
f 2326/33/3 2289/33/3 2325/33/3
f 2327/31/3 2290/31/3 2289/31/3
f 2327/33/3 2289/33/3 2326/33/3
f 2328/33/3 2292/33/3 2291/33/3
f 2328/31/3 2290/31/3 2327/31/3
f 2328/33/3 2294/33/3 2293/33/3
f 2328/33/3 2291/33/3 2290/33/3
f 2328/33/3 2293/33/3 2292/33/3
f 2329/33/3 2294/33/3 2328/33/3
f 2330/33/3 2294/33/3 2329/33/3
f 2331/33/3 2294/33/3 2330/33/3
f 2332/33/3 2294/33/3 2331/33/3
f 2333/33/3 2294/33/3 2332/33/3
f 2334/33/3 2294/33/3 2333/33/3
f 2335/33/3 2294/33/3 2334/33/3
f 2336/32/3 2295/32/3 2294/32/3
f 2336/33/3 2294/33/3 2335/33/3
f 2337/28/3 2297/28/3 2296/28/3
f 2337/32/3 2295/32/3 2336/32/3
f 2337/28/3 2296/28/3 2295/28/3
f 2338/33/3 2299/33/3 2298/33/3
f 2338/28/3 2297/28/3 2337/28/3
f 2338/33/3 2298/33/3 2297/33/3
f 2339/33/3 2299/33/3 2338/33/3
f 2340/33/3 2299/33/3 2339/33/3
f 2341/36/3 2261/36/3 2302/36/3
f 2341/36/3 2302/36/3 2301/36/3
f 2342/33/3 2264/33/3 2263/33/3
f 2342/36/3 2261/36/3 2341/36/3
f 2342/33/3 2265/33/3 2264/33/3
f 2342/33/3 2263/33/3 2262/33/3
f 2342/33/3 2262/33/3 2261/33/3
f 2343/33/3 2265/33/3 2342/33/3
f 2344/36/3 2266/36/3 2265/36/3
f 2344/33/3 2265/33/3 2343/33/3
f 2345/32/3 2267/32/3 2266/32/3
f 2345/36/3 2266/36/3 2344/36/3
f 2346/32/3 2140/32/3 2267/32/3
f 2346/32/3 2267/32/3 2345/32/3
f 2347/34/3 2268/34/3 2140/34/3
f 2347/32/3 2140/32/3 2346/32/3
f 2348/32/3 2231/32/3 2272/32/3
f 2348/43/3 2304/43/3 2303/43/3
f 2348/43/3 2303/43/3 2231/43/3
f 2349/43/3 2304/43/3 2348/43/3
f 2350/20/3 2306/20/3 2305/20/3
f 2350/43/3 2304/43/3 2349/43/3
f 2350/20/3 2305/20/3 2304/20/3
f 2351/20/3 2306/20/3 2350/20/3
f 2352/43/3 2275/43/3 2306/43/3
f 2352/20/3 2306/20/3 2351/20/3
f 2353/10/3 2307/10/3 2275/10/3
f 2353/43/3 2275/43/3 2352/43/3
f 2354/10/3 2307/10/3 2353/10/3
f 2355/12/3 2308/12/3 2307/12/3
f 2355/10/3 2307/10/3 2354/10/3
f 2356/12/3 2308/12/3 2355/12/3
f 2357/10/3 2279/10/3 2308/10/3
f 2357/12/3 2308/12/3 2356/12/3
f 2358/33/3 2309/33/3 2279/33/3
f 2358/10/3 2279/10/3 2357/10/3
f 2359/33/3 2309/33/3 2358/33/3
f 2360/33/3 2317/33/3 2316/33/3
f 2360/33/3 2315/33/3 2314/33/3
f 2360/33/3 2316/33/3 2315/33/3
f 2360/33/3 2318/33/3 2317/33/3
f 2361/33/3 2318/33/3 2360/33/3
f 2362/5/3 2319/5/3 2318/5/3
f 2362/33/3 2320/33/3 2319/33/3
f 2363/32/3 2321/32/3 2320/32/3
f 2363/33/3 2320/33/3 2362/33/3
f 2364/33/3 2322/33/3 2321/33/3
f 2364/32/3 2321/32/3 2363/32/3
f 2364/33/3 2323/33/3 2322/33/3
f 2365/7/3 2326/7/3 2325/7/3
f 2366/33/3 2327/33/3 2326/33/3
f 2366/7/3 2326/7/3 2365/7/3
f 2367/7/3 2328/7/3 2327/7/3
f 2367/7/3 2329/7/3 2328/7/3
f 2368/33/3 2330/33/3 2329/33/3
f 2368/7/3 2329/7/3 2367/7/3
f 2369/7/3 2331/7/3 2330/7/3
f 2370/33/3 2332/33/3 2331/33/3
f 2370/7/3 2331/7/3 2369/7/3
f 2371/7/3 2333/7/3 2332/7/3
f 2372/33/3 2334/33/3 2333/33/3
f 2372/7/3 2333/7/3 2371/7/3
f 2373/7/3 2335/7/3 2334/7/3
f 2374/32/3 2336/32/3 2335/32/3
f 2374/7/3 2335/7/3 2373/7/3
f 2375/33/3 2337/33/3 2336/33/3
f 2375/33/3 2338/33/3 2337/33/3
f 2376/38/3 2339/38/3 2338/38/3
f 2376/33/3 2338/33/3 2375/33/3
f 2377/33/3 2299/33/3 2340/33/3
f 2377/31/3 2300/31/3 2299/31/3
f 2378/30/3 109/30/3 2300/30/3
f 2378/31/3 2300/31/3 2377/31/3
f 2379/33/3 2259/33/3 2222/33/3
f 2380/31/3 2301/31/3 2259/31/3
f 2380/33/3 2259/33/3 2379/33/3
f 2381/31/3 2301/31/3 2380/31/3
f 2382/36/3 2341/36/3 2301/36/3
f 2382/31/3 2301/31/3 2381/31/3
f 2383/34/3 2268/34/3 2347/34/3
f 2383/36/3 2347/36/3 2346/36/3
f 2384/34/3 2268/34/3 2383/34/3
f 2385/34/3 2270/34/3 2269/34/3
f 2385/32/3 2269/32/3 2268/32/3
f 2386/32/3 2182/32/3 2270/32/3
f 2386/34/3 2270/34/3 2385/34/3
f 2387/43/3 2351/43/3 2350/43/3
f 2387/20/3 2352/20/3 2351/20/3
f 2387/43/3 2350/43/3 2349/43/3
f 2388/10/3 2353/10/3 2352/10/3
f 2388/20/3 2352/20/3 2387/20/3
f 2389/10/3 2355/10/3 2354/10/3
f 2389/14/3 2354/14/3 2353/14/3
f 2390/13/3 2356/13/3 2355/13/3
f 2390/10/3 2355/10/3 2389/10/3
f 2391/13/3 2356/13/3 2390/13/3
f 2392/13/3 2356/13/3 2391/13/3
f 2393/13/3 2356/13/3 2392/13/3
f 2394/13/3 2356/13/3 2393/13/3
f 2395/13/3 2356/13/3 2394/13/3
f 2396/5/3 2314/5/3 2313/5/3
f 2396/33/3 2313/33/3 2312/33/3
f 2397/33/3 2360/33/3 2314/33/3
f 2397/5/3 2314/5/3 2396/5/3
f 2398/5/3 2361/5/3 2360/5/3
f 2398/33/3 2360/33/3 2397/33/3
f 2399/33/3 2318/33/3 2361/33/3
f 2399/5/3 2361/5/3 2398/5/3
f 2400/5/3 2362/5/3 2318/5/3
f 2400/33/3 2318/33/3 2399/33/3
f 2401/32/3 2363/32/3 2362/32/3
f 2401/5/3 2362/5/3 2400/5/3
f 2402/33/3 2364/33/3 2363/33/3
f 2402/32/3 2363/32/3 2401/32/3
f 2403/33/3 2323/33/3 2364/33/3
f 2403/33/3 2364/33/3 2402/33/3
f 2404/32/3 2325/32/3 2324/32/3
f 2404/32/3 2324/32/3 2323/32/3
f 2405/7/3 2365/7/3 2325/7/3
f 2405/32/3 2325/32/3 2404/32/3
f 2406/33/3 2334/33/3 2372/33/3
f 2407/7/3 2373/7/3 2334/7/3
f 2407/33/3 2334/33/3 2406/33/3
f 2408/33/3 2375/33/3 2336/33/3
f 2409/32/3 2376/32/3 2375/32/3
f 2409/33/3 2375/33/3 2408/33/3
f 2410/38/3 2339/38/3 2376/38/3
f 2410/32/3 2376/32/3 2409/32/3
f 2411/32/3 2340/32/3 2339/32/3
f 2411/38/3 2339/38/3 2410/38/3
f 2412/33/3 2377/33/3 2340/33/3
f 2412/32/3 2340/32/3 2411/32/3
f 2412/33/3 2378/33/3 2377/33/3
f 2413/33/3 2378/33/3 2412/33/3
f 2414/36/3 2341/36/3 2382/36/3
f 2414/36/3 2382/36/3 2381/36/3
f 2415/33/3 2343/33/3 2342/33/3
f 2415/36/3 2341/36/3 2414/36/3
f 2415/33/3 2342/33/3 2341/33/3
f 2416/33/3 2343/33/3 2415/33/3
f 2417/36/3 2344/36/3 2343/36/3
f 2417/33/3 2343/33/3 2416/33/3
f 2418/32/3 2345/32/3 2344/32/3
f 2418/36/3 2344/36/3 2417/36/3
f 2418/32/3 2346/32/3 2345/32/3
f 2419/32/3 2346/32/3 2418/32/3
f 2420/36/3 2383/36/3 2346/36/3
f 2420/32/3 2346/32/3 2419/32/3
f 2421/32/3 2384/32/3 2383/32/3
f 2421/36/3 2383/36/3 2420/36/3
f 2422/34/3 2268/34/3 2384/34/3
f 2422/32/3 2384/32/3 2421/32/3
f 2423/34/3 2268/34/3 2422/34/3
f 2424/32/3 2385/32/3 2268/32/3
f 2424/34/3 2268/34/3 2423/34/3
f 2424/32/3 2386/32/3 2385/32/3
f 2425/32/3 2386/32/3 2424/32/3
f 2426/32/3 2349/32/3 2348/32/3
f 2426/32/3 2348/32/3 2272/32/3
f 2427/43/3 2388/43/3 2387/43/3
f 2427/32/3 2349/32/3 2426/32/3
f 2427/43/3 2387/43/3 2349/43/3
f 2428/43/3 2388/43/3 2427/43/3
f 2429/10/3 2353/10/3 2388/10/3
f 2429/43/3 2388/43/3 2428/43/3
f 2430/14/3 2389/14/3 2353/14/3
f 2430/10/3 2353/10/3 2429/10/3
f 2430/14/3 2390/14/3 2389/14/3
f 2431/13/3 2392/13/3 2391/13/3
f 2432/8/3 2393/8/3 2392/8/3
f 2432/13/3 2392/13/3 2431/13/3
f 2433/8/3 2393/8/3 2432/8/3
f 2434/8/3 2393/8/3 2433/8/3
f 2435/13/3 2394/13/3 2393/13/3
f 2435/8/3 2393/8/3 2434/8/3
f 2436/13/3 2394/13/3 2435/13/3
f 2437/13/3 2394/13/3 2436/13/3
f 2438/8/3 2395/8/3 2394/8/3
f 2438/13/3 2394/13/3 2437/13/3
f 2439/8/3 2395/8/3 2438/8/3
f 2440/8/3 2395/8/3 2439/8/3
f 2441/13/3 2356/13/3 2395/13/3
f 2441/8/3 2395/8/3 2440/8/3
f 2442/13/3 2356/13/3 2441/13/3
f 2443/10/3 2357/10/3 2356/10/3
f 2443/13/3 2356/13/3 2442/13/3
f 2444/11/3 2358/11/3 2357/11/3
f 2444/10/3 2357/10/3 2443/10/3
f 2445/10/3 2359/10/3 2358/10/3
f 2445/11/3 2358/11/3 2444/11/3
f 2446/33/3 2309/33/3 2359/33/3
f 2446/10/3 2359/10/3 2445/10/3
f 2447/33/3 2309/33/3 2446/33/3
f 2448/29/3 2310/29/3 2309/29/3
f 2448/33/3 2309/33/3 2447/33/3
f 2449/33/3 2311/33/3 2310/33/3
f 2449/29/3 2310/29/3 2448/29/3
f 2450/33/3 2397/33/3 2396/33/3
f 2450/33/3 2396/33/3 2312/33/3
f 2451/5/3 2398/5/3 2397/5/3
f 2451/33/3 2397/33/3 2450/33/3
f 2451/5/3 2399/5/3 2398/5/3
f 2451/5/3 2400/5/3 2399/5/3
f 2452/5/3 2400/5/3 2451/5/3
f 2453/33/3 2401/33/3 2400/33/3
f 2453/5/3 2400/5/3 2452/5/3
f 2454/32/3 2402/32/3 2401/32/3
f 2454/32/3 2403/32/3 2402/32/3
f 2455/33/3 2323/33/3 2403/33/3
f 2455/32/3 2403/32/3 2454/32/3
f 2456/32/3 2404/32/3 2323/32/3
f 2457/33/3 2405/33/3 2404/33/3
f 2457/32/3 2404/32/3 2456/32/3
f 2458/7/3 2365/7/3 2405/7/3
f 2458/33/3 2405/33/3 2457/33/3
f 2459/6/3 2366/6/3 2365/6/3
f 2459/7/3 2365/7/3 2458/7/3
f 2460/33/3 2327/33/3 2366/33/3
f 2460/6/3 2366/6/3 2459/6/3
f 2461/7/3 2367/7/3 2327/7/3
f 2461/33/3 2327/33/3 2460/33/3
f 2462/6/3 2368/6/3 2367/6/3
f 2462/7/3 2367/7/3 2461/7/3
f 2463/33/3 2330/33/3 2368/33/3
f 2463/6/3 2368/6/3 2462/6/3
f 2464/7/3 2369/7/3 2330/7/3
f 2464/33/3 2330/33/3 2463/33/3
f 2465/6/3 2370/6/3 2369/6/3
f 2465/7/3 2369/7/3 2464/7/3
f 2466/33/3 2332/33/3 2370/33/3
f 2466/6/3 2370/6/3 2465/6/3
f 2467/7/3 2371/7/3 2332/7/3
f 2467/33/3 2332/33/3 2466/33/3
f 2468/6/3 2372/6/3 2371/6/3
f 2468/7/3 2371/7/3 2467/7/3
f 2469/33/3 2406/33/3 2372/33/3
f 2469/6/3 2372/6/3 2468/6/3
f 2470/32/3 2407/32/3 2406/32/3
f 2470/33/3 2406/33/3 2469/33/3
f 2471/7/3 2373/7/3 2407/7/3
f 2471/32/3 2407/32/3 2470/32/3
f 2472/6/3 2374/6/3 2373/6/3
f 2472/7/3 2373/7/3 2471/7/3
f 2473/32/3 2336/32/3 2374/32/3
f 2473/6/3 2374/6/3 2472/6/3
f 2474/33/3 2408/33/3 2336/33/3
f 2474/32/3 2336/32/3 2473/32/3
f 2475/32/3 2409/32/3 2408/32/3
f 2475/33/3 2408/33/3 2474/33/3
f 2475/32/3 2410/32/3 2409/32/3
f 2475/32/3 2413/32/3 2412/32/3
f 2475/32/3 2411/32/3 2410/32/3
f 2475/32/3 2412/32/3 2411/32/3
f 2476/33/3 2378/33/3 2413/33/3
f 2476/32/3 2413/32/3 2475/32/3
f 2477/33/3 2378/33/3 2476/33/3
f 2478/33/3 2379/33/3 2222/33/3
f 2479/31/3 2381/31/3 2380/31/3
f 2479/33/3 2379/33/3 2478/33/3
f 2479/31/3 2380/31/3 2379/31/3
f 2480/31/3 2381/31/3 2479/31/3
f 2481/36/3 2414/36/3 2381/36/3
f 2481/31/3 2381/31/3 2480/31/3
f 2482/32/3 2423/32/3 2422/32/3
f 2482/32/3 2421/32/3 2420/32/3
f 2482/32/3 2422/32/3 2421/32/3
f 2483/32/3 2423/32/3 2482/32/3
f 2484/32/3 2426/32/3 2272/32/3
f 2484/38/3 2427/38/3 2426/38/3
f 2485/32/3 2428/32/3 2427/32/3
f 2485/38/3 2427/38/3 2484/38/3
f 2486/10/3 2391/10/3 2390/10/3
f 2486/13/3 2431/13/3 2391/13/3
f 2487/8/3 2432/8/3 2431/8/3
f 2487/13/3 2431/13/3 2486/13/3
f 2487/8/3 2433/8/3 2432/8/3
f 2488/8/3 2433/8/3 2487/8/3
f 2489/8/3 2433/8/3 2488/8/3
f 2490/6/3 2434/6/3 2433/6/3
f 2490/8/3 2433/8/3 2489/8/3
f 2491/8/3 2435/8/3 2434/8/3
f 2491/6/3 2434/6/3 2490/6/3
f 2491/8/3 2436/8/3 2435/8/3
f 2492/8/3 2436/8/3 2491/8/3
f 2493/8/3 2436/8/3 2492/8/3
f 2494/13/3 2437/13/3 2436/13/3
f 2494/8/3 2436/8/3 2493/8/3
f 2495/8/3 2439/8/3 2438/8/3
f 2495/13/3 2437/13/3 2494/13/3
f 2495/8/3 2438/8/3 2437/8/3
f 2496/8/3 2439/8/3 2495/8/3
f 2497/8/3 2439/8/3 2496/8/3
f 2498/6/3 2440/6/3 2439/6/3
f 2498/8/3 2439/8/3 2497/8/3
f 2499/8/3 2441/8/3 2440/8/3
f 2499/6/3 2440/6/3 2498/6/3
f 2499/8/3 2442/8/3 2441/8/3
f 2500/8/3 2442/8/3 2499/8/3
f 2501/8/3 2442/8/3 2500/8/3
f 2502/33/3 2448/33/3 2447/33/3
f 2502/33/3 2449/33/3 2448/33/3
f 2503/33/3 2311/33/3 2449/33/3
f 2503/33/3 2449/33/3 2502/33/3
f 2504/33/3 2450/33/3 2312/33/3
f 2504/29/3 2451/29/3 2450/29/3
f 2505/32/3 2452/32/3 2451/32/3
f 2505/29/3 2451/29/3 2504/29/3
f 2506/29/3 2453/29/3 2452/29/3
f 2506/32/3 2452/32/3 2505/32/3
f 2507/33/3 2401/33/3 2453/33/3
f 2507/29/3 2453/29/3 2506/29/3
f 2508/32/3 2454/32/3 2401/32/3
f 2509/33/3 2455/33/3 2454/33/3
f 2509/32/3 2454/32/3 2508/32/3
f 2510/33/3 2323/33/3 2455/33/3
f 2510/33/3 2455/33/3 2509/33/3
f 2510/32/3 2456/32/3 2323/32/3
f 2511/1/3 2457/1/3 2456/1/3
f 2511/32/3 2456/32/3 2510/32/3
f 2511/1/3 2458/1/3 2457/1/3
f 2512/9/3 2472/9/3 2471/9/3
f 2512/1/3 2458/1/3 2511/1/3
f 2512/9/3 2468/9/3 2467/9/3
f 2512/9/3 2470/9/3 2469/9/3
f 2512/9/3 2471/9/3 2470/9/3
f 2512/9/3 2463/9/3 2462/9/3
f 2512/9/3 2473/9/3 2472/9/3
f 2512/9/3 2465/9/3 2464/9/3
f 2512/9/3 2466/9/3 2465/9/3
f 2512/9/3 2459/9/3 2458/9/3
f 2512/9/3 2460/9/3 2459/9/3
f 2512/9/3 2462/9/3 2461/9/3
f 2512/9/3 2461/9/3 2460/9/3
f 2512/9/3 2464/9/3 2463/9/3
f 2512/9/3 2467/9/3 2466/9/3
f 2512/9/3 2469/9/3 2468/9/3
f 2513/1/3 2474/1/3 2473/1/3
f 2513/9/3 2473/9/3 2512/9/3
f 2514/32/3 2475/32/3 2474/32/3
f 2514/32/3 2476/32/3 2475/32/3
f 2515/32/3 2476/32/3 2514/32/3
f 2516/32/3 2476/32/3 2515/32/3
f 2517/32/3 2476/32/3 2516/32/3
f 2518/36/3 2414/36/3 2481/36/3
f 2518/36/3 2481/36/3 2480/36/3
f 2519/33/3 2416/33/3 2415/33/3
f 2519/36/3 2414/36/3 2518/36/3
f 2519/33/3 2415/33/3 2414/33/3
f 2520/32/3 2419/32/3 2418/32/3
f 2520/32/3 2418/32/3 2417/32/3
f 2521/36/3 2420/36/3 2419/36/3
f 2521/32/3 2419/32/3 2520/32/3
f 2522/32/3 2482/32/3 2420/32/3
f 2522/36/3 2420/36/3 2521/36/3
f 2523/34/3 2272/34/3 2271/34/3
f 2523/32/3 2484/32/3 2272/32/3
f 2523/32/3 2485/32/3 2484/32/3
f 2524/32/3 2485/32/3 2523/32/3
f 2525/32/3 2428/32/3 2485/32/3
f 2525/32/3 2485/32/3 2524/32/3
f 2526/10/3 2429/10/3 2428/10/3
f 2526/32/3 2428/32/3 2525/32/3
f 2527/14/3 2430/14/3 2429/14/3
f 2527/10/3 2429/10/3 2526/10/3
f 2528/10/3 2486/10/3 2390/10/3
f 2528/14/3 2430/14/3 2527/14/3
f 2528/14/3 2390/14/3 2430/14/3
f 2529/8/3 2487/8/3 2486/8/3
f 2529/10/3 2486/10/3 2528/10/3
f 2529/8/3 2488/8/3 2487/8/3
f 2530/8/3 2488/8/3 2529/8/3
f 2531/6/3 2489/6/3 2488/6/3
f 2531/8/3 2488/8/3 2530/8/3
f 2532/5/3 2491/5/3 2490/5/3
f 2532/6/3 2489/6/3 2531/6/3
f 2532/5/3 2492/5/3 2491/5/3
f 2532/5/3 2490/5/3 2489/5/3
f 2533/8/3 2495/8/3 2494/8/3
f 2533/6/3 2493/6/3 2492/6/3
f 2533/8/3 2494/8/3 2493/8/3
f 2533/8/3 2496/8/3 2495/8/3
f 2534/8/3 2496/8/3 2533/8/3
f 2535/6/3 2497/6/3 2496/6/3
f 2535/8/3 2496/8/3 2534/8/3
f 2536/7/3 2498/7/3 2497/7/3
f 2536/6/3 2497/6/3 2535/6/3
f 2537/5/3 2499/5/3 2498/5/3
f 2537/7/3 2498/7/3 2536/7/3
f 2537/5/3 2500/5/3 2499/5/3
f 2538/7/3 2501/7/3 2500/7/3
f 2538/5/3 2500/5/3 2537/5/3
f 2539/8/3 2442/8/3 2501/8/3
f 2539/7/3 2501/7/3 2538/7/3
f 2540/10/3 2443/10/3 2442/10/3
f 2540/8/3 2442/8/3 2539/8/3
f 2541/11/3 2446/11/3 2445/11/3
f 2541/10/3 2443/10/3 2540/10/3
f 2541/11/3 2445/11/3 2444/11/3
f 2541/11/3 2444/11/3 2443/11/3
f 2542/11/3 2446/11/3 2541/11/3
f 2543/33/3 2311/33/3 2503/33/3
f 2543/29/3 2503/29/3 2502/29/3
f 2544/29/3 2312/29/3 2311/29/3
f 2544/33/3 2311/33/3 2543/33/3
f 2545/33/3 2505/33/3 2504/33/3
f 2545/33/3 2504/33/3 2312/33/3
f 2546/5/3 2506/5/3 2505/5/3
f 2546/33/3 2505/33/3 2545/33/3
f 2546/5/3 2507/5/3 2506/5/3
f 2547/33/3 2401/33/3 2507/33/3
f 2547/5/3 2507/5/3 2546/5/3
f 2548/32/3 2508/32/3 2401/32/3
f 2548/33/3 2401/33/3 2547/33/3
f 2549/33/3 2511/33/3 2510/33/3
f 2549/33/3 2510/33/3 2509/33/3
f 2549/33/3 2509/33/3 2508/33/3
f 2550/1/3 2512/1/3 2511/1/3
f 2550/33/3 2511/33/3 2549/33/3
f 2551/1/3 2512/1/3 2550/1/3
f 2552/17/3 2513/17/3 2512/17/3
f 2552/1/3 2512/1/3 2551/1/3
f 2553/1/3 2474/1/3 2513/1/3
f 2553/17/3 2513/17/3 2552/17/3
f 2554/1/3 2474/1/3 2553/1/3
f 2555/32/3 2514/32/3 2474/32/3
f 2555/1/3 2474/1/3 2554/1/3
f 2556/33/3 2515/33/3 2514/33/3
f 2556/32/3 2514/32/3 2555/32/3
f 2557/32/3 2516/32/3 2515/32/3
f 2557/33/3 2515/33/3 2556/33/3
f 2558/33/3 2517/33/3 2516/33/3
f 2558/32/3 2516/32/3 2557/32/3
f 2559/32/3 2476/32/3 2517/32/3
f 2559/36/3 2477/36/3 2476/36/3
f 2560/33/3 2378/33/3 2477/33/3
f 2560/36/3 2477/36/3 2559/36/3
f 2561/30/3 109/30/3 2378/30/3
f 2561/33/3 2378/33/3 2560/33/3
f 2562/31/3 2480/31/3 2479/31/3
f 2562/31/3 2479/31/3 2478/31/3
f 2563/36/3 2518/36/3 2480/36/3
f 2563/31/3 2480/31/3 2562/31/3
f 2564/30/3 2519/30/3 2518/30/3
f 2564/36/3 2518/36/3 2563/36/3
f 2565/33/3 2416/33/3 2519/33/3
f 2565/30/3 2519/30/3 2564/30/3
f 2566/33/3 2416/33/3 2565/33/3
f 2567/33/3 2416/33/3 2566/33/3
f 2568/36/3 2417/36/3 2416/36/3
f 2568/33/3 2416/33/3 2567/33/3
f 2569/32/3 2520/32/3 2417/32/3
f 2569/36/3 2417/36/3 2568/36/3
f 2570/32/3 2482/32/3 2522/32/3
f 2570/32/3 2522/32/3 2521/32/3
f 2571/36/3 2483/36/3 2482/36/3
f 2571/32/3 2482/32/3 2570/32/3
f 2572/32/3 2423/32/3 2483/32/3
f 2572/36/3 2483/36/3 2571/36/3
f 2573/14/3 2528/14/3 2527/14/3
f 2573/14/3 2527/14/3 2526/14/3
f 2574/8/3 2530/8/3 2529/8/3
f 2574/14/3 2528/14/3 2573/14/3
f 2574/8/3 2529/8/3 2528/8/3
f 2575/8/3 2530/8/3 2574/8/3
f 2576/6/3 2531/6/3 2530/6/3
f 2576/8/3 2530/8/3 2575/8/3
f 2577/7/3 2532/7/3 2531/7/3
f 2577/6/3 2531/6/3 2576/6/3
f 2578/5/3 2492/5/3 2532/5/3
f 2578/7/3 2532/7/3 2577/7/3
f 2579/5/3 2492/5/3 2578/5/3
f 2580/6/3 2534/6/3 2533/6/3
f 2580/5/3 2492/5/3 2579/5/3
f 2580/6/3 2533/6/3 2492/6/3
f 2581/6/3 2534/6/3 2580/6/3
f 2582/8/3 2535/8/3 2534/8/3
f 2582/6/3 2534/6/3 2581/6/3
f 2583/8/3 2535/8/3 2582/8/3
f 2584/7/3 2536/7/3 2535/7/3
f 2584/8/3 2535/8/3 2583/8/3
f 2585/5/3 2538/5/3 2537/5/3
f 2585/7/3 2536/7/3 2584/7/3
f 2585/5/3 2537/5/3 2536/5/3
f 2586/6/3 2540/6/3 2539/6/3
f 2586/5/3 2538/5/3 2585/5/3
f 2586/6/3 2539/6/3 2538/6/3
f 2587/6/3 2540/6/3 2586/6/3
f 2588/12/3 2541/12/3 2540/12/3
f 2588/6/3 2540/6/3 2587/6/3
f 2589/8/3 2542/8/3 2541/8/3
f 2589/12/3 2541/12/3 2588/12/3
f 2590/11/3 2446/11/3 2542/11/3
f 2590/8/3 2542/8/3 2589/8/3
f 2591/11/3 2446/11/3 2590/11/3
f 2592/10/3 2447/10/3 2446/10/3
f 2592/11/3 2446/11/3 2591/11/3
f 2593/33/3 2502/33/3 2447/33/3
f 2593/10/3 2447/10/3 2592/10/3
f 2594/33/3 2502/33/3 2593/33/3
f 2595/29/3 2543/29/3 2502/29/3
f 2595/33/3 2502/33/3 2594/33/3
f 2595/29/3 2544/29/3 2543/29/3
f 2596/29/3 2312/29/3 2544/29/3
f 2596/29/3 2544/29/3 2595/29/3
f 2597/7/3 2550/7/3 2549/7/3
f 2598/9/3 2551/9/3 2550/9/3
f 2598/7/3 2550/7/3 2597/7/3
f 2599/22/3 2553/22/3 2552/22/3
f 2600/22/3 2553/22/3 2599/22/3
f 2601/7/3 2558/7/3 2557/7/3
f 2601/7/3 2557/7/3 2556/7/3
f 2601/9/3 2555/9/3 2554/9/3
f 2601/7/3 2556/7/3 2555/7/3
f 2602/7/3 2558/7/3 2601/7/3
f 2603/33/3 2517/33/3 2558/33/3
f 2603/32/3 2559/32/3 2517/32/3
f 2604/32/3 2559/32/3 2603/32/3
f 2605/33/3 2478/33/3 2222/33/3
f 2606/31/3 2562/31/3 2478/31/3
f 2606/33/3 2478/33/3 2605/33/3
f 2607/36/3 2568/36/3 2567/36/3
f 2607/33/3 2569/33/3 2568/33/3
f 2608/32/3 2520/32/3 2569/32/3
f 2608/33/3 2569/33/3 2607/33/3
f 2609/34/3 2524/34/3 2523/34/3
f 2609/34/3 2523/34/3 2271/34/3
f 2610/32/3 2525/32/3 2524/32/3
f 2610/34/3 2524/34/3 2609/34/3
f 2611/32/3 2525/32/3 2610/32/3
f 2612/10/3 2526/10/3 2525/10/3
f 2612/32/3 2525/32/3 2611/32/3
f 2613/14/3 2573/14/3 2526/14/3
f 2613/10/3 2526/10/3 2612/10/3
f 2614/8/3 2575/8/3 2574/8/3
f 2614/8/3 2574/8/3 2573/8/3
f 2615/6/3 2576/6/3 2575/6/3
f 2615/8/3 2575/8/3 2614/8/3
f 2616/7/3 2579/7/3 2578/7/3
f 2616/6/3 2576/6/3 2615/6/3
f 2616/7/3 2577/7/3 2576/7/3
f 2616/7/3 2578/7/3 2577/7/3
f 2617/5/3 2580/5/3 2579/5/3
f 2617/7/3 2579/7/3 2616/7/3
f 2618/7/3 2581/7/3 2580/7/3
f 2618/5/3 2580/5/3 2617/5/3
f 2619/8/3 2583/8/3 2582/8/3
f 2619/7/3 2581/7/3 2618/7/3
f 2619/8/3 2582/8/3 2581/8/3
f 2620/7/3 2585/7/3 2584/7/3
f 2620/7/3 2586/7/3 2585/7/3
f 2621/6/3 2587/6/3 2586/6/3
f 2621/7/3 2586/7/3 2620/7/3
f 2622/6/3 2589/6/3 2588/6/3
f 2622/8/3 2591/8/3 2590/8/3
f 2622/8/3 2590/8/3 2589/8/3
f 2623/8/3 2591/8/3 2622/8/3
f 2624/33/3 2595/33/3 2594/33/3
f 2624/33/3 2596/33/3 2595/33/3
f 2625/29/3 2312/29/3 2596/29/3
f 2625/33/3 2596/33/3 2624/33/3
f 2626/5/3 2546/5/3 2545/5/3
f 2626/33/3 2545/33/3 2312/33/3
f 2627/33/3 2547/33/3 2546/33/3
f 2627/5/3 2546/5/3 2626/5/3
f 2628/5/3 2548/5/3 2547/5/3
f 2628/33/3 2547/33/3 2627/33/3
f 2629/32/3 2508/32/3 2548/32/3
f 2629/5/3 2548/5/3 2628/5/3
f 2630/33/3 2549/33/3 2508/33/3
f 2630/7/3 2597/7/3 2549/7/3
f 2631/6/3 2598/6/3 2597/6/3
f 2631/7/3 2597/7/3 2630/7/3
f 2632/9/3 2551/9/3 2598/9/3
f 2632/6/3 2598/6/3 2631/6/3
f 2633/31/3 2600/31/3 2599/31/3
f 2634/31/3 2600/31/3 2633/31/3
f 2635/6/3 2602/6/3 2601/6/3
f 2635/9/3 2601/9/3 2554/9/3
f 2636/7/3 2558/7/3 2602/7/3
f 2636/6/3 2602/6/3 2635/6/3
f 2637/33/3 2603/33/3 2558/33/3
f 2637/7/3 2558/7/3 2636/7/3
f 2637/33/3 2604/33/3 2603/33/3
f 2638/32/3 2559/32/3 2604/32/3
f 2638/33/3 2604/33/3 2637/33/3
f 2639/33/3 2560/33/3 2559/33/3
f 2639/32/3 2559/32/3 2638/32/3
f 2640/31/3 2562/31/3 2606/31/3
f 2640/31/3 2606/31/3 2605/31/3
f 2641/36/3 2563/36/3 2562/36/3
f 2641/31/3 2562/31/3 2640/31/3
f 2642/30/3 2566/30/3 2565/30/3
f 2642/36/3 2563/36/3 2641/36/3
f 2642/30/3 2564/30/3 2563/30/3
f 2642/30/3 2565/30/3 2564/30/3
f 2643/33/3 2567/33/3 2566/33/3
f 2644/36/3 2607/36/3 2567/36/3
f 2644/33/3 2567/33/3 2643/33/3
f 2645/30/3 2608/30/3 2607/30/3
f 2645/36/3 2607/36/3 2644/36/3
f 2646/32/3 2520/32/3 2608/32/3
f 2646/30/3 2608/30/3 2645/30/3
f 2647/36/3 2521/36/3 2520/36/3
f 2647/32/3 2520/32/3 2646/32/3
f 2648/32/3 2570/32/3 2521/32/3
f 2648/36/3 2521/36/3 2647/36/3
f 2649/36/3 2571/36/3 2570/36/3
f 2649/32/3 2570/32/3 2648/32/3
f 2650/32/3 2572/32/3 2571/32/3
f 2650/36/3 2571/36/3 2649/36/3
f 2651/7/3 2618/7/3 2617/7/3
f 2651/7/3 2617/7/3 2616/7/3
f 2651/7/3 2616/7/3 2615/7/3
f 2652/7/3 2618/7/3 2651/7/3
f 2653/7/3 2618/7/3 2652/7/3
f 2654/7/3 2618/7/3 2653/7/3
f 2655/8/3 2619/8/3 2618/8/3
f 2655/7/3 2618/7/3 2654/7/3
f 2656/8/3 2583/8/3 2619/8/3
f 2656/8/3 2619/8/3 2655/8/3
f 2657/6/3 2584/6/3 2583/6/3
f 2657/8/3 2583/8/3 2656/8/3
f 2658/7/3 2620/7/3 2584/7/3
f 2658/6/3 2584/6/3 2657/6/3
f 2659/7/3 2620/7/3 2658/7/3
f 2660/7/3 2620/7/3 2659/7/3
f 2661/6/3 2621/6/3 2620/6/3
f 2661/7/3 2620/7/3 2660/7/3
f 2662/6/3 2587/6/3 2621/6/3
f 2662/6/3 2621/6/3 2661/6/3
f 2663/10/3 2588/10/3 2587/10/3
f 2663/6/3 2587/6/3 2662/6/3
f 2664/6/3 2622/6/3 2588/6/3
f 2664/10/3 2588/10/3 2663/10/3
f 2664/6/3 2623/6/3 2622/6/3
f 2665/11/3 2592/11/3 2591/11/3
f 2665/8/3 2591/8/3 2623/8/3
f 2665/11/3 2593/11/3 2592/11/3
f 2666/11/3 2593/11/3 2665/11/3
f 2667/29/3 2312/29/3 2625/29/3
f 2667/29/3 2625/29/3 2624/29/3
f 2668/33/3 2627/33/3 2626/33/3
f 2668/29/3 2312/29/3 2667/29/3
f 2668/33/3 2626/33/3 2312/33/3
f 2669/5/3 2628/5/3 2627/5/3
f 2669/33/3 2627/33/3 2668/33/3
f 2670/33/3 2629/33/3 2628/33/3
f 2670/5/3 2628/5/3 2669/5/3
f 2671/33/3 2637/33/3 2636/33/3
f 2671/33/3 2560/33/3 2639/33/3
f 2671/33/3 2638/33/3 2637/33/3
f 2671/33/3 2639/33/3 2638/33/3
f 2671/36/3 2561/36/3 2560/36/3
f 2671/33/3 2636/33/3 2635/33/3
f 2672/30/3 109/30/3 2561/30/3
f 2672/36/3 2561/36/3 2671/36/3
f 2673/36/3 2641/36/3 2640/36/3
f 2673/31/3 2640/31/3 2605/31/3
f 2674/30/3 2642/30/3 2641/30/3
f 2674/36/3 2641/36/3 2673/36/3
f 2675/30/3 2566/30/3 2642/30/3
f 2675/30/3 2642/30/3 2674/30/3
f 2676/30/3 2566/30/3 2675/30/3
f 2677/33/3 2643/33/3 2566/33/3
f 2677/30/3 2566/30/3 2676/30/3
f 2678/36/3 2644/36/3 2643/36/3
f 2678/33/3 2643/33/3 2677/33/3
f 2679/30/3 2645/30/3 2644/30/3
f 2679/30/3 2646/30/3 2645/30/3
f 2680/36/3 2647/36/3 2646/36/3
f 2680/30/3 2646/30/3 2679/30/3
f 2681/32/3 2386/32/3 2425/32/3
f 2681/34/3 2425/34/3 2424/34/3
f 2681/34/3 2424/34/3 2423/34/3
f 2682/34/3 2271/34/3 2182/34/3
f 2682/32/3 2386/32/3 2681/32/3
f 2682/32/3 2182/32/3 2386/32/3
f 2682/34/3 2609/34/3 2271/34/3
f 2683/32/3 2610/32/3 2609/32/3
f 2683/32/3 2611/32/3 2610/32/3
f 2684/10/3 2612/10/3 2611/10/3
f 2684/32/3 2611/32/3 2683/32/3
f 2685/14/3 2613/14/3 2612/14/3
f 2685/10/3 2612/10/3 2684/10/3
f 2686/5/3 2652/5/3 2651/5/3
f 2686/7/3 2651/7/3 2615/7/3
f 2687/7/3 2653/7/3 2652/7/3
f 2687/5/3 2652/5/3 2686/5/3
f 2688/5/3 2654/5/3 2653/5/3
f 2688/7/3 2653/7/3 2687/7/3
f 2689/8/3 2655/8/3 2654/8/3
f 2689/5/3 2654/5/3 2688/5/3
f 2689/8/3 2656/8/3 2655/8/3
f 2690/8/3 2656/8/3 2689/8/3
f 2691/6/3 2657/6/3 2656/6/3
f 2691/8/3 2656/8/3 2690/8/3
f 2692/6/3 2657/6/3 2691/6/3
f 2693/7/3 2658/7/3 2657/7/3
f 2693/6/3 2657/6/3 2692/6/3
f 2694/5/3 2659/5/3 2658/5/3
f 2694/7/3 2658/7/3 2693/7/3
f 2695/7/3 2660/7/3 2659/7/3
f 2695/5/3 2659/5/3 2694/5/3
f 2696/8/3 2665/8/3 2623/8/3
f 2696/8/3 2666/8/3 2665/8/3
f 2696/6/3 2623/6/3 2664/6/3
f 2696/6/3 2664/6/3 2663/6/3
f 2697/8/3 2666/8/3 2696/8/3
f 2698/11/3 2593/11/3 2666/11/3
f 2698/10/3 2594/10/3 2593/10/3
f 2699/33/3 2624/33/3 2594/33/3
f 2699/10/3 2594/10/3 2698/10/3
f 2700/33/3 2624/33/3 2699/33/3
f 2701/29/3 2667/29/3 2624/29/3
f 2701/33/3 2624/33/3 2700/33/3
f 2702/28/3 2668/28/3 2667/28/3
f 2702/29/3 2667/29/3 2701/29/3
f 2703/33/3 2670/33/3 2669/33/3
f 2703/33/3 2669/33/3 2668/33/3
f 2704/33/3 2670/33/3 2703/33/3
f 2705/33/3 2629/33/3 2670/33/3
f 2705/33/3 2670/33/3 2704/33/3
f 2706/32/3 2508/32/3 2629/32/3
f 2706/33/3 2629/33/3 2705/33/3
f 2707/33/3 2630/33/3 2508/33/3
f 2707/33/3 2632/33/3 2631/33/3
f 2707/33/3 2631/33/3 2630/33/3
f 2708/9/3 2551/9/3 2632/9/3
f 2708/33/3 2632/33/3 2707/33/3
f 2709/9/3 2635/9/3 2554/9/3
f 2709/33/3 2671/33/3 2635/33/3
f 2709/33/3 2672/33/3 2671/33/3
f 2710/33/3 2672/33/3 2709/33/3
f 2711/33/3 2672/33/3 2710/33/3
f 2712/33/3 2672/33/3 2711/33/3
f 2713/33/3 2605/33/3 2222/33/3
f 2713/31/3 2673/31/3 2605/31/3
f 2714/30/3 2674/30/3 2673/30/3
f 2714/31/3 2673/31/3 2713/31/3
f 2714/30/3 2675/30/3 2674/30/3
f 2715/30/3 2675/30/3 2714/30/3
f 2716/31/3 2676/31/3 2675/31/3
f 2716/30/3 2675/30/3 2715/30/3
f 2717/30/3 2677/30/3 2676/30/3
f 2717/31/3 2676/31/3 2716/31/3
f 2718/31/3 2678/31/3 2677/31/3
f 2718/30/3 2677/30/3 2717/30/3
f 2719/33/3 2680/33/3 2679/33/3
f 2719/30/3 2679/30/3 2644/30/3
f 2720/36/3 2647/36/3 2680/36/3
f 2720/33/3 2680/33/3 2719/33/3
f 2721/32/3 2648/32/3 2647/32/3
f 2721/36/3 2647/36/3 2720/36/3
f 2722/32/3 2572/32/3 2650/32/3
f 2722/32/3 2650/32/3 2649/32/3
f 2723/34/3 2681/34/3 2423/34/3
f 2723/32/3 2572/32/3 2722/32/3
f 2723/32/3 2423/32/3 2572/32/3
f 2723/34/3 2682/34/3 2681/34/3
f 2724/14/3 2613/14/3 2685/14/3
f 2724/14/3 2685/14/3 2684/14/3
f 2725/14/3 2573/14/3 2613/14/3
f 2725/14/3 2613/14/3 2724/14/3
f 2726/14/3 2573/14/3 2725/14/3
f 2727/8/3 2614/8/3 2573/8/3
f 2727/14/3 2573/14/3 2726/14/3
f 2728/6/3 2615/6/3 2614/6/3
f 2728/8/3 2614/8/3 2727/8/3
f 2729/7/3 2688/7/3 2687/7/3
f 2729/7/3 2689/7/3 2688/7/3
f 2729/7/3 2686/7/3 2615/7/3
f 2729/7/3 2687/7/3 2686/7/3
f 2730/7/3 2689/7/3 2729/7/3
f 2731/7/3 2691/7/3 2690/7/3
f 2731/8/3 2690/8/3 2689/8/3
f 2732/6/3 2692/6/3 2691/6/3
f 2732/7/3 2691/7/3 2731/7/3
f 2733/7/3 2695/7/3 2694/7/3
f 2733/7/3 2694/7/3 2693/7/3
f 2733/7/3 2693/7/3 2692/7/3
f 2734/7/3 2660/7/3 2695/7/3
f 2734/7/3 2695/7/3 2733/7/3
f 2735/6/3 2661/6/3 2660/6/3
f 2735/6/3 2662/6/3 2661/6/3
f 2736/10/3 2663/10/3 2662/10/3
f 2736/6/3 2662/6/3 2735/6/3
f 2737/6/3 2697/6/3 2696/6/3
f 2737/10/3 2663/10/3 2736/10/3
f 2737/6/3 2696/6/3 2663/6/3
f 2738/8/3 2666/8/3 2697/8/3
f 2738/11/3 2699/11/3 2698/11/3
f 2738/11/3 2698/11/3 2666/11/3
f 2739/11/3 2699/11/3 2738/11/3
f 2740/33/3 2701/33/3 2700/33/3
f 2740/28/3 2668/28/3 2702/28/3
f 2740/33/3 2702/33/3 2701/33/3
f 2741/33/3 2703/33/3 2668/33/3
f 2741/28/3 2668/28/3 2740/28/3
f 2742/29/3 2704/29/3 2703/29/3
f 2742/33/3 2703/33/3 2741/33/3
f 2743/5/3 2705/5/3 2704/5/3
f 2743/29/3 2704/29/3 2742/29/3
f 2744/5/3 2705/5/3 2743/5/3
f 2745/5/3 2705/5/3 2744/5/3
f 2746/28/3 2706/28/3 2705/28/3
f 2746/5/3 2705/5/3 2745/5/3
f 2747/32/3 2508/32/3 2706/32/3
f 2747/28/3 2706/28/3 2746/28/3
f 2748/7/3 2708/7/3 2707/7/3
f 2749/9/3 2551/9/3 2708/9/3
f 2749/7/3 2708/7/3 2748/7/3
f 2750/6/3 2634/6/3 2633/6/3
f 2751/6/3 2634/6/3 2750/6/3
f 2752/9/3 2709/9/3 2554/9/3
f 2752/7/3 2710/7/3 2709/7/3
f 2753/7/3 2710/7/3 2752/7/3
f 2754/32/3 2712/32/3 2711/32/3
f 2754/33/3 2711/33/3 2710/33/3
f 2755/33/3 2672/33/3 2712/33/3
f 2755/32/3 2712/32/3 2754/32/3
f 2756/33/3 2713/33/3 2222/33/3
f 2756/33/3 2714/33/3 2713/33/3
f 2757/30/3 2715/30/3 2714/30/3
f 2757/33/3 2714/33/3 2756/33/3
f 2758/31/3 2678/31/3 2718/31/3
f 2758/31/3 2718/31/3 2717/31/3
f 2758/31/3 2717/31/3 2716/31/3
f 2759/36/3 2644/36/3 2678/36/3
f 2759/31/3 2678/31/3 2758/31/3
f 2760/30/3 2719/30/3 2644/30/3
f 2760/36/3 2644/36/3 2759/36/3
f 2761/36/3 2720/36/3 2719/36/3
f 2761/30/3 2719/30/3 2760/30/3
f 2762/32/3 2721/32/3 2720/32/3
f 2762/36/3 2720/36/3 2761/36/3
f 2763/32/3 2648/32/3 2721/32/3
f 2763/32/3 2721/32/3 2762/32/3
f 2764/36/3 2649/36/3 2648/36/3
f 2764/32/3 2648/32/3 2763/32/3
f 2765/32/3 2722/32/3 2649/32/3
f 2765/36/3 2649/36/3 2764/36/3
f 2766/30/3 2723/30/3 2722/30/3
f 2766/32/3 2722/32/3 2765/32/3
f 2767/32/3 2683/32/3 2609/32/3
f 2768/10/3 2684/10/3 2683/10/3
f 2768/32/3 2683/32/3 2767/32/3
f 2769/14/3 2724/14/3 2684/14/3
f 2769/10/3 2684/10/3 2768/10/3
f 2770/6/3 2615/6/3 2728/6/3
f 2770/6/3 2728/6/3 2727/6/3
f 2771/7/3 2729/7/3 2615/7/3
f 2771/6/3 2615/6/3 2770/6/3
f 2772/5/3 2730/5/3 2729/5/3
f 2772/7/3 2729/7/3 2771/7/3
f 2773/7/3 2689/7/3 2730/7/3
f 2773/5/3 2730/5/3 2772/5/3
f 2774/7/3 2689/7/3 2773/7/3
f 2775/8/3 2731/8/3 2689/8/3
f 2775/7/3 2689/7/3 2774/7/3
f 2776/6/3 2692/6/3 2732/6/3
f 2776/6/3 2732/6/3 2731/6/3
f 2777/7/3 2733/7/3 2692/7/3
f 2777/6/3 2692/6/3 2776/6/3
f 2778/7/3 2660/7/3 2734/7/3
f 2778/5/3 2734/5/3 2733/5/3
f 2779/6/3 2735/6/3 2660/6/3
f 2779/7/3 2660/7/3 2778/7/3
f 2780/6/3 2697/6/3 2737/6/3
f 2780/8/3 2739/8/3 2738/8/3
f 2780/8/3 2738/8/3 2697/8/3
f 2780/6/3 2737/6/3 2736/6/3
f 2781/8/3 2739/8/3 2780/8/3
f 2782/11/3 2699/11/3 2739/11/3
f 2782/10/3 2700/10/3 2699/10/3
f 2783/33/3 2741/33/3 2740/33/3
f 2783/10/3 2700/10/3 2782/10/3
f 2783/33/3 2742/33/3 2741/33/3
f 2783/33/3 2740/33/3 2700/33/3
f 2784/33/3 2742/33/3 2783/33/3
f 2785/28/3 2745/28/3 2744/28/3
f 2785/31/3 2744/31/3 2743/31/3
f 2786/29/3 2746/29/3 2745/29/3
f 2786/28/3 2745/28/3 2785/28/3
f 2787/5/3 2747/5/3 2746/5/3
f 2787/29/3 2746/29/3 2786/29/3
f 2788/7/3 2748/7/3 2707/7/3
f 2788/33/3 2707/33/3 2508/33/3
f 2789/6/3 2749/6/3 2748/6/3
f 2789/7/3 2748/7/3 2788/7/3
f 2790/9/3 2551/9/3 2749/9/3
f 2790/6/3 2749/6/3 2789/6/3
f 2791/3/3 2751/3/3 2750/3/3
f 2792/6/3 2634/6/3 2751/6/3
f 2792/3/3 2751/3/3 2791/3/3
f 2793/6/3 2634/6/3 2792/6/3
f 2794/9/3 2752/9/3 2554/9/3
f 2794/6/3 2753/6/3 2752/6/3
f 2795/7/3 2710/7/3 2753/7/3
f 2795/6/3 2753/6/3 2794/6/3
f 2796/33/3 2754/33/3 2710/33/3
f 2796/7/3 2710/7/3 2795/7/3
f 2796/33/3 2755/33/3 2754/33/3
f 2797/33/3 2755/33/3 2796/33/3
f 2798/33/3 2755/33/3 2797/33/3
f 2799/30/3 2715/30/3 2757/30/3
f 2799/30/3 2757/30/3 2756/30/3
f 2800/33/3 2716/33/3 2715/33/3
f 2800/30/3 2715/30/3 2799/30/3
f 2801/33/3 2761/33/3 2760/33/3
f 2801/33/3 2760/33/3 2759/33/3
f 2802/30/3 2762/30/3 2761/30/3
f 2802/33/3 2761/33/3 2801/33/3
f 2803/36/3 2764/36/3 2763/36/3
f 2803/32/3 2765/32/3 2764/32/3
f 2804/30/3 2766/30/3 2765/30/3
f 2804/32/3 2765/32/3 2803/32/3
f 2805/34/3 2609/34/3 2682/34/3
f 2805/34/3 2682/34/3 2723/34/3
f 2806/32/3 2767/32/3 2609/32/3
f 2806/34/3 2609/34/3 2805/34/3
f 2807/14/3 2724/14/3 2769/14/3
f 2807/14/3 2769/14/3 2768/14/3
f 2807/10/3 2725/10/3 2724/10/3
f 2808/14/3 2726/14/3 2725/14/3
f 2808/10/3 2725/10/3 2807/10/3
f 2809/7/3 2772/7/3 2771/7/3
f 2809/7/3 2773/7/3 2772/7/3
f 2809/7/3 2774/7/3 2773/7/3
f 2809/7/3 2771/7/3 2770/7/3
f 2810/7/3 2774/7/3 2809/7/3
f 2811/8/3 2731/8/3 2775/8/3
f 2811/8/3 2775/8/3 2774/8/3
f 2812/6/3 2776/6/3 2731/6/3
f 2812/8/3 2731/8/3 2811/8/3
f 2813/7/3 2733/7/3 2777/7/3
f 2813/7/3 2777/7/3 2776/7/3
f 2813/5/3 2778/5/3 2733/5/3
f 2814/6/3 2779/6/3 2778/6/3
f 2814/5/3 2778/5/3 2813/5/3
f 2815/6/3 2735/6/3 2779/6/3
f 2815/6/3 2779/6/3 2814/6/3
f 2816/10/3 2736/10/3 2735/10/3
f 2816/6/3 2735/6/3 2815/6/3
f 2817/6/3 2781/6/3 2780/6/3
f 2817/10/3 2736/10/3 2816/10/3
f 2817/6/3 2780/6/3 2736/6/3
f 2818/33/3 2742/33/3 2784/33/3
f 2818/5/3 2743/5/3 2742/5/3
f 2819/31/3 2785/31/3 2743/31/3
f 2819/5/3 2743/5/3 2818/5/3
f 2820/29/3 2786/29/3 2785/29/3
f 2820/31/3 2785/31/3 2819/31/3
f 2821/31/3 2787/31/3 2786/31/3
f 2821/29/3 2786/29/3 2820/29/3
f 2822/5/3 2747/5/3 2787/5/3
f 2822/31/3 2787/31/3 2821/31/3
f 2823/32/3 2508/32/3 2747/32/3
f 2823/5/3 2747/5/3 2822/5/3
f 2824/31/3 2633/31/3 2599/31/3
f 2824/6/3 2750/6/3 2633/6/3
f 2825/6/3 2750/6/3 2824/6/3
f 2826/2/3 2792/2/3 2791/2/3
f 2826/3/3 2793/3/3 2792/3/3
f 2827/6/3 2634/6/3 2793/6/3
f 2827/3/3 2793/3/3 2826/3/3
f 2828/6/3 2634/6/3 2827/6/3
f 2829/33/3 2795/33/3 2794/33/3
f 2829/33/3 2797/33/3 2796/33/3
f 2829/33/3 2796/33/3 2795/33/3
f 2830/32/3 2798/32/3 2797/32/3
f 2830/33/3 2797/33/3 2829/33/3
f 2831/33/3 2672/33/3 2755/33/3
f 2831/33/3 2755/33/3 2798/33/3
f 2832/33/3 2672/33/3 2831/33/3
f 2833/30/3 2799/30/3 2756/30/3
f 2834/33/3 2800/33/3 2799/33/3
f 2834/30/3 2799/30/3 2833/30/3
f 2835/36/3 2759/36/3 2758/36/3
f 2835/31/3 2758/31/3 2716/31/3
f 2836/33/3 2801/33/3 2759/33/3
f 2836/36/3 2759/36/3 2835/36/3
f 2837/30/3 2762/30/3 2802/30/3
f 2837/32/3 2763/32/3 2762/32/3
f 2838/36/3 2803/36/3 2763/36/3
f 2838/32/3 2763/32/3 2837/32/3
f 2839/30/3 2804/30/3 2803/30/3
f 2839/36/3 2803/36/3 2838/36/3
f 2840/30/3 2766/30/3 2804/30/3
f 2840/30/3 2804/30/3 2839/30/3
f 2841/30/3 2723/30/3 2766/30/3
f 2841/30/3 2766/30/3 2840/30/3
f 2842/30/3 2723/30/3 2841/30/3
f 2843/34/3 2805/34/3 2723/34/3
f 2843/30/3 2723/30/3 2842/30/3
f 2844/32/3 2767/32/3 2806/32/3
f 2844/32/3 2806/32/3 2805/32/3
f 2845/10/3 2768/10/3 2767/10/3
f 2845/32/3 2767/32/3 2844/32/3
f 2846/14/3 2807/14/3 2768/14/3
f 2846/10/3 2768/10/3 2845/10/3
f 2846/14/3 2808/14/3 2807/14/3
f 2847/5/3 2810/5/3 2809/5/3
f 2848/7/3 2774/7/3 2810/7/3
f 2848/5/3 2810/5/3 2847/5/3
f 2849/7/3 2774/7/3 2848/7/3
f 2850/8/3 2811/8/3 2774/8/3
f 2850/7/3 2774/7/3 2849/7/3
f 2851/6/3 2776/6/3 2812/6/3
f 2851/6/3 2812/6/3 2811/6/3
f 2852/7/3 2814/7/3 2813/7/3
f 2852/6/3 2776/6/3 2851/6/3
f 2852/7/3 2813/7/3 2776/7/3
f 2853/5/3 2821/5/3 2820/5/3
f 2853/5/3 2822/5/3 2821/5/3
f 2853/5/3 2820/5/3 2819/5/3
f 2853/33/3 2819/33/3 2818/33/3
f 2854/5/3 2822/5/3 2853/5/3
f 2855/5/3 2822/5/3 2854/5/3
f 2856/29/3 2823/29/3 2822/29/3
f 2856/5/3 2822/5/3 2855/5/3
f 2857/33/3 2789/33/3 2788/33/3
f 2857/33/3 2790/33/3 2789/33/3
f 2857/33/3 2788/33/3 2508/33/3
f 2858/9/3 2551/9/3 2790/9/3
f 2858/33/3 2790/33/3 2857/33/3
f 2859/3/3 2825/3/3 2824/3/3
f 2860/6/3 2750/6/3 2825/6/3
f 2860/3/3 2825/3/3 2859/3/3
f 2861/6/3 2750/6/3 2860/6/3
f 2862/2/3 2826/2/3 2791/2/3
f 2862/2/3 2827/2/3 2826/2/3
f 2863/3/3 2828/3/3 2827/3/3
f 2863/2/3 2827/2/3 2862/2/3
f 2864/6/3 2634/6/3 2828/6/3
f 2864/3/3 2828/3/3 2863/3/3
f 2865/31/3 2600/31/3 2634/31/3
f 2865/6/3 2634/6/3 2864/6/3
f 2866/33/3 2756/33/3 2222/33/3
f 2866/30/3 2833/30/3 2756/30/3
f 2867/33/3 2834/33/3 2833/33/3
f 2867/30/3 2833/30/3 2866/30/3
f 2868/31/3 2835/31/3 2716/31/3
f 2869/33/3 2836/33/3 2835/33/3
f 2869/31/3 2835/31/3 2868/31/3
f 2870/30/3 2840/30/3 2839/30/3
f 2870/39/3 2841/39/3 2840/39/3
f 2871/30/3 2842/30/3 2841/30/3
f 2871/39/3 2841/39/3 2870/39/3
f 2872/14/3 2846/14/3 2845/14/3
f 2872/10/3 2845/10/3 2844/10/3
f 2873/8/3 2727/8/3 2726/8/3
f 2873/14/3 2846/14/3 2872/14/3
f 2873/14/3 2726/14/3 2808/14/3
f 2873/14/3 2808/14/3 2846/14/3
f 2874/6/3 2770/6/3 2727/6/3
f 2874/8/3 2727/8/3 2873/8/3
f 2875/7/3 2809/7/3 2770/7/3
f 2875/6/3 2770/6/3 2874/6/3
f 2876/5/3 2847/5/3 2809/5/3
f 2876/7/3 2809/7/3 2875/7/3
f 2877/7/3 2849/7/3 2848/7/3
f 2877/5/3 2847/5/3 2876/5/3
f 2877/7/3 2848/7/3 2847/7/3
f 2878/5/3 2850/5/3 2849/5/3
f 2878/7/3 2849/7/3 2877/7/3
f 2879/8/3 2811/8/3 2850/8/3
f 2879/5/3 2850/5/3 2878/5/3
f 2880/6/3 2851/6/3 2811/6/3
f 2880/8/3 2811/8/3 2879/8/3
f 2881/7/3 2852/7/3 2851/7/3
f 2881/6/3 2851/6/3 2880/6/3
f 2882/7/3 2814/7/3 2852/7/3
f 2882/7/3 2852/7/3 2881/7/3
f 2882/6/3 2815/6/3 2814/6/3
f 2883/10/3 2816/10/3 2815/10/3
f 2883/6/3 2815/6/3 2882/6/3
f 2884/6/3 2817/6/3 2816/6/3
f 2884/10/3 2816/10/3 2883/10/3
f 2885/8/3 2739/8/3 2781/8/3
f 2885/11/3 2782/11/3 2739/11/3
f 2885/11/3 2783/11/3 2782/11/3
f 2886/11/3 2783/11/3 2885/11/3
f 2887/10/3 2784/10/3 2783/10/3
f 2887/11/3 2783/11/3 2886/11/3
f 2888/33/3 2818/33/3 2784/33/3
f 2888/10/3 2784/10/3 2887/10/3
f 2888/33/3 2853/33/3 2818/33/3
f 2889/33/3 2853/33/3 2888/33/3
f 2890/7/3 2858/7/3 2857/7/3
f 2891/9/3 2551/9/3 2858/9/3
f 2891/7/3 2858/7/3 2890/7/3
f 2892/3/3 2859/3/3 2824/3/3
f 2892/31/3 2824/31/3 2599/31/3
f 2893/2/3 2860/2/3 2859/2/3
f 2893/3/3 2859/3/3 2892/3/3
f 2894/3/3 2861/3/3 2860/3/3
f 2894/2/3 2860/2/3 2893/2/3
f 2895/6/3 2750/6/3 2861/6/3
f 2895/3/3 2861/3/3 2894/3/3
f 2896/6/3 2750/6/3 2895/6/3
f 2897/6/3 2750/6/3 2896/6/3
f 2898/3/3 2791/3/3 2750/3/3
f 2898/6/3 2750/6/3 2897/6/3
f 2899/2/3 2862/2/3 2791/2/3
f 2899/3/3 2791/3/3 2898/3/3
f 2900/3/3 2863/3/3 2862/3/3
f 2901/2/3 2864/2/3 2863/2/3
f 2901/3/3 2863/3/3 2900/3/3
f 2902/3/3 2865/3/3 2864/3/3
f 2902/2/3 2864/2/3 2901/2/3
f 2903/31/3 2600/31/3 2865/31/3
f 2903/3/3 2865/3/3 2902/3/3
f 2904/9/3 2794/9/3 2554/9/3
f 2904/33/3 2829/33/3 2794/33/3
f 2905/33/3 2829/33/3 2904/33/3
f 2906/32/3 2830/32/3 2829/32/3
f 2906/33/3 2829/33/3 2905/33/3
f 2907/32/3 2798/32/3 2830/32/3
f 2907/32/3 2830/32/3 2906/32/3
f 2908/33/3 2834/33/3 2867/33/3
f 2908/33/3 2867/33/3 2866/33/3
f 2908/33/3 2800/33/3 2834/33/3
f 2908/33/3 2716/33/3 2800/33/3
f 2908/31/3 2868/31/3 2716/31/3
f 2909/36/3 2869/36/3 2868/36/3
f 2909/31/3 2868/31/3 2908/31/3
f 2910/33/3 2836/33/3 2869/33/3
f 2910/36/3 2869/36/3 2909/36/3
f 2911/33/3 2801/33/3 2836/33/3
f 2911/33/3 2836/33/3 2910/33/3
f 2912/36/3 2802/36/3 2801/36/3
f 2912/33/3 2801/33/3 2911/33/3
f 2913/30/3 2837/30/3 2802/30/3
f 2913/36/3 2802/36/3 2912/36/3
f 2914/31/3 2839/31/3 2838/31/3
f 2914/30/3 2870/30/3 2839/30/3
f 2914/30/3 2871/30/3 2870/30/3
f 2915/30/3 2871/30/3 2914/30/3
f 2916/10/3 2872/10/3 2844/10/3
f 2916/10/3 2873/10/3 2872/10/3
f 2917/8/3 2874/8/3 2873/8/3
f 2917/10/3 2873/10/3 2916/10/3
f 2918/10/3 2882/10/3 2881/10/3
f 2918/8/3 2874/8/3 2917/8/3
f 2918/10/3 2881/10/3 2880/10/3
f 2918/10/3 2878/10/3 2877/10/3
f 2918/10/3 2876/10/3 2875/10/3
f 2918/10/3 2879/10/3 2878/10/3
f 2918/10/3 2875/10/3 2874/10/3
f 2918/10/3 2880/10/3 2879/10/3
f 2918/10/3 2877/10/3 2876/10/3
f 2918/10/3 2883/10/3 2882/10/3
f 2919/10/3 2883/10/3 2918/10/3
f 2920/10/3 2883/10/3 2919/10/3
f 2921/10/3 2883/10/3 2920/10/3
f 2922/10/3 2883/10/3 2921/10/3
f 2923/10/3 2883/10/3 2922/10/3
f 2924/8/3 2886/8/3 2885/8/3
f 2924/10/3 2887/10/3 2886/10/3
f 2925/11/3 2888/11/3 2887/11/3
f 2925/10/3 2887/10/3 2924/10/3
f 2926/31/3 2854/31/3 2853/31/3
f 2926/33/3 2853/33/3 2889/33/3
f 2927/29/3 2855/29/3 2854/29/3
f 2927/31/3 2854/31/3 2926/31/3
f 2928/31/3 2856/31/3 2855/31/3
f 2928/29/3 2855/29/3 2927/29/3
f 2929/29/3 2823/29/3 2856/29/3
f 2929/31/3 2856/31/3 2928/31/3
f 2930/33/3 2857/33/3 2508/33/3
f 2930/7/3 2890/7/3 2857/7/3
f 2931/6/3 2891/6/3 2890/6/3
f 2931/7/3 2890/7/3 2930/7/3
f 2932/9/3 2551/9/3 2891/9/3
f 2932/6/3 2891/6/3 2931/6/3
f 2933/2/3 2895/2/3 2894/2/3
f 2933/3/3 2894/3/3 2893/3/3
f 2933/2/3 2896/2/3 2895/2/3
f 2934/3/3 2897/3/3 2896/3/3
f 2934/2/3 2896/2/3 2933/2/3
f 2935/6/3 2899/6/3 2898/6/3
f 2935/3/3 2897/3/3 2934/3/3
f 2935/6/3 2898/6/3 2897/6/3
f 2936/2/3 2862/2/3 2899/2/3
f 2936/6/3 2899/6/3 2935/6/3
f 2937/3/3 2900/3/3 2862/3/3
f 2937/2/3 2862/2/3 2936/2/3
f 2938/6/3 2901/6/3 2900/6/3
f 2938/3/3 2900/3/3 2937/3/3
f 2939/3/3 2902/3/3 2901/3/3
f 2939/6/3 2901/6/3 2938/6/3
f 2940/2/3 2903/2/3 2902/2/3
f 2940/3/3 2902/3/3 2939/3/3
f 2941/31/3 2600/31/3 2903/31/3
f 2941/2/3 2903/2/3 2940/2/3
f 2942/9/3 2904/9/3 2554/9/3
f 2942/7/3 2905/7/3 2904/7/3
f 2943/7/3 2905/7/3 2942/7/3
f 2944/33/3 2831/33/3 2798/33/3
f 2944/36/3 2832/36/3 2831/36/3
f 2945/33/3 2672/33/3 2832/33/3
f 2945/36/3 2832/36/3 2944/36/3
f 2946/30/3 109/30/3 2672/30/3
f 2946/33/3 2672/33/3 2945/33/3
f 2947/30/3 2837/30/3 2913/30/3
f 2947/30/3 2913/30/3 2912/30/3
f 2947/36/3 2838/36/3 2837/36/3
f 2948/31/3 2914/31/3 2838/31/3
f 2948/36/3 2838/36/3 2947/36/3
f 2949/39/3 2915/39/3 2914/39/3
f 2949/31/3 2914/31/3 2948/31/3
f 2950/30/3 2871/30/3 2915/30/3
f 2950/39/3 2915/39/3 2949/39/3
f 2951/32/3 2844/32/3 2805/32/3
f 2951/10/3 2916/10/3 2844/10/3
f 2952/14/3 2917/14/3 2916/14/3
f 2952/10/3 2916/10/3 2951/10/3
f 2953/14/3 2917/14/3 2952/14/3
f 2954/8/3 2921/8/3 2920/8/3
f 2954/7/3 2920/7/3 2919/7/3
f 2955/8/3 2921/8/3 2954/8/3
f 2956/7/3 2923/7/3 2922/7/3
f 2957/10/3 2883/10/3 2923/10/3
f 2957/7/3 2923/7/3 2956/7/3
f 2958/6/3 2884/6/3 2883/6/3
f 2958/10/3 2883/10/3 2957/10/3
f 2959/6/3 2817/6/3 2884/6/3
f 2959/6/3 2884/6/3 2958/6/3
f 2960/8/3 2924/8/3 2885/8/3
f 2960/8/3 2885/8/3 2781/8/3
f 2961/11/3 2925/11/3 2924/11/3
f 2961/8/3 2924/8/3 2960/8/3
f 2962/33/3 2926/33/3 2889/33/3
f 2963/33/3 2926/33/3 2962/33/3
f 2964/5/3 2928/5/3 2927/5/3
f 2964/33/3 2926/33/3 2963/33/3
f 2964/5/3 2929/5/3 2928/5/3
f 2964/5/3 2927/5/3 2926/5/3
f 2965/5/3 2929/5/3 2964/5/3
f 2966/5/3 2929/5/3 2965/5/3
f 2967/29/3 2823/29/3 2929/29/3
f 2967/5/3 2929/5/3 2966/5/3
f 2968/32/3 2508/32/3 2823/32/3
f 2968/29/3 2823/29/3 2967/29/3
f 2969/3/3 2934/3/3 2933/3/3
f 2969/3/3 2933/3/3 2893/3/3
f 2969/6/3 2893/6/3 2892/6/3
f 2970/3/3 2934/3/3 2969/3/3
f 2971/2/3 2935/2/3 2934/2/3
f 2971/3/3 2934/3/3 2970/3/3
f 2972/3/3 2936/3/3 2935/3/3
f 2972/2/3 2935/2/3 2971/2/3
f 2972/3/3 2937/3/3 2936/3/3
f 2973/3/3 2937/3/3 2972/3/3
f 2974/2/3 2938/2/3 2937/2/3
f 2974/6/3 2940/6/3 2939/6/3
f 2974/6/3 2939/6/3 2938/6/3
f 2975/6/3 2940/6/3 2974/6/3
f 2976/3/3 2941/3/3 2940/3/3
f 2976/6/3 2940/6/3 2975/6/3
f 2977/31/3 2600/31/3 2941/31/3
f 2977/3/3 2941/3/3 2976/3/3
f 2978/6/3 2943/6/3 2942/6/3
f 2978/9/3 2942/9/3 2554/9/3
f 2979/7/3 2905/7/3 2943/7/3
f 2979/6/3 2943/6/3 2978/6/3
f 2980/33/3 2907/33/3 2906/33/3
f 2980/7/3 2905/7/3 2979/7/3
f 2980/33/3 2906/33/3 2905/33/3
f 2981/33/3 2907/33/3 2980/33/3
f 2982/32/3 2798/32/3 2907/32/3
f 2982/33/3 2907/33/3 2981/33/3
f 2983/33/3 2945/33/3 2944/33/3
f 2983/32/3 2798/32/3 2982/32/3
f 2983/33/3 2944/33/3 2798/33/3
f 2984/33/3 2908/33/3 2866/33/3
f 2985/36/3 2909/36/3 2908/36/3
f 2985/33/3 2908/33/3 2984/33/3
f 2986/33/3 2910/33/3 2909/33/3
f 2986/36/3 2909/36/3 2985/36/3
f 2986/33/3 2911/33/3 2910/33/3
f 2987/33/3 2911/33/3 2986/33/3
f 2988/36/3 2912/36/3 2911/36/3
f 2988/33/3 2911/33/3 2987/33/3
f 2989/30/3 2947/30/3 2912/30/3
f 2989/36/3 2912/36/3 2988/36/3
f 2989/30/3 2948/30/3 2947/30/3
f 2990/30/3 2948/30/3 2989/30/3
f 2991/30/3 2948/30/3 2990/30/3
f 2992/31/3 2949/31/3 2948/31/3
f 2992/30/3 2948/30/3 2991/30/3
f 2993/30/3 2950/30/3 2949/30/3
f 2993/31/3 2949/31/3 2992/31/3
f 2994/30/3 2871/30/3 2950/30/3
f 2994/30/3 2950/30/3 2993/30/3
f 2994/30/3 2842/30/3 2871/30/3
f 2995/34/3 2843/34/3 2842/34/3
f 2995/30/3 2842/30/3 2994/30/3
f 2996/7/3 2954/7/3 2919/7/3
f 2996/7/3 2955/7/3 2954/7/3
f 2997/7/3 2955/7/3 2996/7/3
f 2998/7/3 2955/7/3 2997/7/3
f 2999/7/3 2955/7/3 2998/7/3
f 3000/7/3 2956/7/3 2922/7/3
f 3001/5/3 2957/5/3 2956/5/3
f 3001/7/3 2956/7/3 3000/7/3
f 3002/7/3 2958/7/3 2957/7/3
f 3002/5/3 2957/5/3 3001/5/3
f 3003/6/3 2817/6/3 2959/6/3
f 3003/6/3 2781/6/3 2817/6/3
f 3004/8/3 2960/8/3 2781/8/3
f 3004/6/3 2781/6/3 3003/6/3
f 3005/11/3 2888/11/3 2925/11/3
f 3005/11/3 2961/11/3 2960/11/3
f 3005/11/3 2925/11/3 2961/11/3
f 3006/10/3 2889/10/3 2888/10/3
f 3006/11/3 2888/11/3 3005/11/3
f 3007/33/3 2962/33/3 2889/33/3
f 3007/10/3 2889/10/3 3006/10/3
f 3008/31/3 2967/31/3 2966/31/3
f 3008/29/3 2966/29/3 2965/29/3
f 3009/31/3 2967/31/3 3008/31/3
f 3010/6/3 2970/6/3 2969/6/3
f 3010/3/3 2971/3/3 2970/3/3
f 3010/3/3 2972/3/3 2971/3/3
f 3011/2/3 2973/2/3 2972/2/3
f 3011/3/3 2972/3/3 3010/3/3
f 3012/3/3 2937/3/3 2973/3/3
f 3012/2/3 2973/2/3 3011/2/3
f 3013/2/3 2974/2/3 2937/2/3
f 3013/3/3 2937/3/3 3012/3/3
f 3014/33/3 2981/33/3 2980/33/3
f 3014/33/3 2979/33/3 2978/33/3
f 3014/32/3 2982/32/3 2981/32/3
f 3014/33/3 2980/33/3 2979/33/3
f 3015/33/3 2983/33/3 2982/33/3
f 3015/32/3 2982/32/3 3014/32/3
f 3016/33/3 2945/33/3 2983/33/3
f 3016/33/3 2983/33/3 3015/33/3
f 3017/33/3 2945/33/3 3016/33/3
f 3018/33/3 2984/33/3 2866/33/3
f 3019/36/3 2985/36/3 2984/36/3
f 3019/33/3 2984/33/3 3018/33/3
f 3020/36/3 2991/36/3 2990/36/3
f 3020/30/3 2990/30/3 2989/30/3
f 3021/31/3 2992/31/3 2991/31/3
f 3021/36/3 2991/36/3 3020/36/3
f 3022/30/3 2993/30/3 2992/30/3
f 3022/30/3 2994/30/3 2993/30/3
f 3023/32/3 2995/32/3 2994/32/3
f 3023/30/3 2994/30/3 3022/30/3
f 3024/14/3 2917/14/3 2953/14/3
f 3025/14/3 2917/14/3 3024/14/3
f 3026/7/3 2998/7/3 2997/7/3
f 3026/5/3 2999/5/3 2998/5/3
f 3027/7/3 2955/7/3 2999/7/3
f 3027/5/3 2999/5/3 3026/5/3
f 3028/7/3 3000/7/3 2922/7/3
f 3028/6/3 2922/6/3 2921/6/3
f 3029/7/3 3000/7/3 3028/7/3
f 3030/5/3 3001/5/3 3000/5/3
f 3030/7/3 3000/7/3 3029/7/3
f 3031/8/3 2960/8/3 3004/8/3
f 3031/8/3 3004/8/3 3003/8/3
f 3032/11/3 3005/11/3 2960/11/3
f 3032/8/3 2960/8/3 3031/8/3
f 3033/29/3 2963/29/3 2962/29/3
f 3033/5/3 2964/5/3 2963/5/3
f 3034/31/3 2965/31/3 2964/31/3
f 3034/5/3 2964/5/3 3033/5/3
f 3035/29/3 3008/29/3 2965/29/3
f 3035/31/3 2965/31/3 3034/31/3
f 3036/5/3 3009/5/3 3008/5/3
f 3036/29/3 3008/29/3 3035/29/3
f 3037/33/3 2930/33/3 2508/33/3
f 3037/33/3 2931/33/3 2930/33/3
f 3037/33/3 2932/33/3 2931/33/3
f 3038/9/3 2551/9/3 2932/9/3
f 3038/33/3 2932/33/3 3037/33/3
f 3039/3/3 3012/3/3 3011/3/3
f 3039/6/3 3011/6/3 3010/6/3
f 3040/2/3 3013/2/3 3012/2/3
f 3040/3/3 3012/3/3 3039/3/3
f 3041/2/3 2974/2/3 3013/2/3
f 3041/2/3 3013/2/3 3040/2/3
f 3041/3/3 2975/3/3 2974/3/3
f 3042/6/3 2976/6/3 2975/6/3
f 3042/3/3 2975/3/3 3041/3/3
f 3042/6/3 2977/6/3 2976/6/3
f 3043/6/3 2977/6/3 3042/6/3
f 3044/9/3 2978/9/3 2554/9/3
f 3044/33/3 3014/33/3 2978/33/3
f 3044/33/3 3015/33/3 3014/33/3
f 3044/33/3 3016/33/3 3015/33/3
f 3045/33/3 3016/33/3 3044/33/3
f 3046/31/3 3019/31/3 3018/31/3
f 3047/36/3 2985/36/3 3019/36/3
f 3047/31/3 3019/31/3 3046/31/3
f 3048/33/3 2986/33/3 2985/33/3
f 3048/36/3 2985/36/3 3047/36/3
f 3048/33/3 2987/33/3 2986/33/3
f 3049/30/3 3020/30/3 2989/30/3
f 3049/31/3 2989/31/3 2988/31/3
f 3050/33/3 3021/33/3 3020/33/3
f 3050/30/3 3020/30/3 3049/30/3
f 3051/30/3 3022/30/3 2992/30/3
f 3052/32/3 3023/32/3 3022/32/3
f 3052/30/3 3022/30/3 3051/30/3
f 3053/32/3 2995/32/3 3023/32/3
f 3053/32/3 3023/32/3 3052/32/3
f 3054/34/3 2843/34/3 2995/34/3
f 3054/32/3 2995/32/3 3053/32/3
f 3055/34/3 2805/34/3 2843/34/3
f 3055/34/3 2843/34/3 3054/34/3
f 3056/10/3 2953/10/3 2952/10/3
f 3056/34/3 2952/34/3 2951/34/3
f 3057/14/3 3024/14/3 2953/14/3
f 3057/10/3 2953/10/3 3056/10/3
f 3058/14/3 3024/14/3 3057/14/3
f 3059/8/3 2918/8/3 2917/8/3
f 3059/6/3 2919/6/3 2918/6/3
f 3060/7/3 2996/7/3 2919/7/3
f 3060/6/3 2919/6/3 3059/6/3
f 3061/5/3 2997/5/3 2996/5/3
f 3061/7/3 2996/7/3 3060/7/3
f 3062/7/3 3026/7/3 2997/7/3
f 3062/5/3 2997/5/3 3061/5/3
f 3062/7/3 3027/7/3 3026/7/3
f 3063/7/3 3027/7/3 3062/7/3
f 3064/6/3 3029/6/3 3028/6/3
f 3064/8/3 2921/8/3 2955/8/3
f 3064/6/3 3028/6/3 2921/6/3
f 3065/6/3 3029/6/3 3064/6/3
f 3066/5/3 3030/5/3 3029/5/3
f 3066/6/3 3029/6/3 3065/6/3
f 3067/5/3 3001/5/3 3030/5/3
f 3067/5/3 3030/5/3 3066/5/3
f 3067/7/3 3002/7/3 3001/7/3
f 3068/7/3 2958/7/3 3002/7/3
f 3068/7/3 3002/7/3 3067/7/3
f 3069/10/3 2959/10/3 2958/10/3
f 3069/7/3 2958/7/3 3068/7/3
f 3070/6/3 3003/6/3 2959/6/3
f 3070/10/3 2959/10/3 3069/10/3
f 3071/6/3 3003/6/3 3070/6/3
f 3072/6/3 3003/6/3 3071/6/3
f 3073/8/3 3031/8/3 3003/8/3
f 3073/6/3 3003/6/3 3072/6/3
f 3074/11/3 3005/11/3 3032/11/3
f 3074/11/3 3032/11/3 3031/11/3
f 3075/10/3 3006/10/3 3005/10/3
f 3075/11/3 3005/11/3 3074/11/3
f 3076/33/3 3007/33/3 3006/33/3
f 3076/10/3 3006/10/3 3075/10/3
f 3077/5/3 3035/5/3 3034/5/3
f 3077/5/3 3036/5/3 3035/5/3
f 3077/33/3 3034/33/3 3033/33/3
f 3078/5/3 3036/5/3 3077/5/3
f 3079/5/3 3009/5/3 3036/5/3
f 3079/5/3 3036/5/3 3078/5/3
f 3080/31/3 2967/31/3 3009/31/3
f 3080/5/3 3009/5/3 3079/5/3
f 3081/5/3 2968/5/3 2967/5/3
f 3081/31/3 2967/31/3 3080/31/3
f 3082/32/3 2508/32/3 2968/32/3
f 3082/5/3 2968/5/3 3081/5/3
f 3083/7/3 3038/7/3 3037/7/3
f 3084/9/3 2551/9/3 3038/9/3
f 3084/7/3 3038/7/3 3083/7/3
f 3085/6/3 3040/6/3 3039/6/3
f 3085/3/3 3041/3/3 3040/3/3
f 3086/2/3 3042/2/3 3041/2/3
f 3086/3/3 3041/3/3 3085/3/3
f 3087/3/3 3043/3/3 3042/3/3
f 3087/2/3 3042/2/3 3086/2/3
f 3088/7/3 3045/7/3 3044/7/3
f 3088/9/3 3044/9/3 2554/9/3
f 3089/7/3 3045/7/3 3088/7/3
f 3090/33/3 3016/33/3 3045/33/3
f 3090/7/3 3045/7/3 3089/7/3
f 3091/33/3 3016/33/3 3090/33/3
f 3092/33/3 2945/33/3 3017/33/3
f 3092/32/3 3017/32/3 3016/32/3
f 3093/36/3 2946/36/3 2945/36/3
f 3093/33/3 2945/33/3 3092/33/3
f 3094/30/3 109/30/3 2946/30/3
f 3094/36/3 2946/36/3 3093/36/3
f 3095/33/3 3018/33/3 2866/33/3
f 3095/33/3 2866/33/3 2222/33/3
f 3096/31/3 3046/31/3 3018/31/3
f 3096/33/3 3018/33/3 3095/33/3
f 3097/36/3 3047/36/3 3046/36/3
f 3097/31/3 3046/31/3 3096/31/3
f 3098/33/3 3048/33/3 3047/33/3
f 3098/36/3 3047/36/3 3097/36/3
f 3099/33/3 2987/33/3 3048/33/3
f 3099/33/3 3048/33/3 3098/33/3
f 3100/36/3 2988/36/3 2987/36/3
f 3100/33/3 2987/33/3 3099/33/3
f 3101/31/3 3049/31/3 2988/31/3
f 3101/36/3 2988/36/3 3100/36/3
f 3102/36/3 3050/36/3 3049/36/3
f 3102/31/3 3049/31/3 3101/31/3
f 3103/31/3 2992/31/3 3021/31/3
f 3103/30/3 3051/30/3 2992/30/3
f 3104/34/3 3052/34/3 3051/34/3
f 3104/30/3 3051/30/3 3103/30/3
f 3104/34/3 3053/34/3 3052/34/3
f 3105/34/3 3053/34/3 3104/34/3
f 3106/32/3 3054/32/3 3053/32/3
f 3106/34/3 3053/34/3 3105/34/3
f 3107/30/3 3055/30/3 3054/30/3
f 3107/32/3 3054/32/3 3106/32/3
f 3108/32/3 2951/32/3 2805/32/3
f 3108/34/3 2805/34/3 3055/34/3
f 3109/32/3 2951/32/3 3108/32/3
f 3110/34/3 3056/34/3 2951/34/3
f 3110/32/3 2951/32/3 3109/32/3
f 3110/34/3 3057/34/3 3056/34/3
f 3111/34/3 3057/34/3 3110/34/3
f 3112/10/3 3025/10/3 3024/10/3
f 3112/14/3 3024/14/3 3058/14/3
f 3113/14/3 2917/14/3 3025/14/3
f 3113/10/3 3025/10/3 3112/10/3
f 3114/8/3 3060/8/3 3059/8/3
f 3114/14/3 2917/14/3 3113/14/3
f 3114/8/3 3059/8/3 2917/8/3
f 3115/8/3 3060/8/3 3114/8/3
f 3116/6/3 3061/6/3 3060/6/3
f 3116/5/3 3063/5/3 3062/5/3
f 3116/5/3 3062/5/3 3061/5/3
f 3117/5/3 3063/5/3 3116/5/3
f 3118/7/3 3027/7/3 3063/7/3
f 3118/5/3 3063/5/3 3117/5/3
f 3119/7/3 2955/7/3 3027/7/3
f 3119/7/3 3027/7/3 3118/7/3
f 3119/8/3 3064/8/3 2955/8/3
f 3119/8/3 3065/8/3 3064/8/3
f 3120/8/3 3065/8/3 3119/8/3
f 3121/7/3 3067/7/3 3066/7/3
f 3121/6/3 3066/6/3 3065/6/3
f 3121/7/3 3068/7/3 3067/7/3
f 3122/7/3 3068/7/3 3121/7/3
f 3123/7/3 3068/7/3 3122/7/3
f 3124/5/3 3069/5/3 3068/5/3
f 3124/7/3 3068/7/3 3123/7/3
f 3125/8/3 3031/8/3 3073/8/3
f 3125/8/3 3073/8/3 3072/8/3
f 3126/11/3 3074/11/3 3031/11/3
f 3126/8/3 3031/8/3 3125/8/3
f 3127/29/3 3033/29/3 2962/29/3
f 3127/33/3 3077/33/3 3033/33/3
f 3128/31/3 3078/31/3 3077/31/3
f 3128/33/3 3077/33/3 3127/33/3
f 3129/29/3 3079/29/3 3078/29/3
f 3129/31/3 3078/31/3 3128/31/3
f 3130/31/3 3081/31/3 3080/31/3
f 3130/29/3 3079/29/3 3129/29/3
f 3130/31/3 3080/31/3 3079/31/3
f 3131/29/3 3082/29/3 3081/29/3
f 3131/31/3 3081/31/3 3130/31/3
f 3132/32/3 2508/32/3 3082/32/3
f 3132/29/3 3082/29/3 3131/29/3
f 3133/7/3 3083/7/3 3037/7/3
f 3133/33/3 3037/33/3 2508/33/3
f 3134/6/3 3084/6/3 3083/6/3
f 3134/7/3 3083/7/3 3133/7/3
f 3135/9/3 2551/9/3 3084/9/3
f 3135/6/3 3084/6/3 3134/6/3
f 3136/6/3 3086/6/3 3085/6/3
f 3136/3/3 3087/3/3 3086/3/3
f 3137/6/3 2977/6/3 3043/6/3
f 3137/3/3 3087/3/3 3136/3/3
f 3137/3/3 3043/3/3 3087/3/3
f 3138/6/3 3089/6/3 3088/6/3
f 3138/9/3 3088/9/3 2554/9/3
f 3139/7/3 3090/7/3 3089/7/3
f 3139/6/3 3089/6/3 3138/6/3
f 3140/32/3 3091/32/3 3090/32/3
f 3140/7/3 3090/7/3 3139/7/3
f 3141/31/3 3096/31/3 3095/31/3
f 3141/31/3 3097/31/3 3096/31/3
f 3142/30/3 3098/30/3 3097/30/3
f 3142/31/3 3097/31/3 3141/31/3
f 3143/36/3 3100/36/3 3099/36/3
f 3143/30/3 3102/30/3 3101/30/3
f 3143/30/3 3101/30/3 3100/30/3
f 3144/30/3 3102/30/3 3143/30/3
f 3145/36/3 3050/36/3 3102/36/3
f 3145/30/3 3102/30/3 3144/30/3
f 3146/33/3 3021/33/3 3050/33/3
f 3146/36/3 3050/36/3 3145/36/3
f 3147/31/3 3103/31/3 3021/31/3
f 3147/31/3 3104/31/3 3103/31/3
f 3148/34/3 3105/34/3 3104/34/3
f 3148/31/3 3104/31/3 3147/31/3
f 3149/32/3 3106/32/3 3105/32/3
f 3149/34/3 3105/34/3 3148/34/3
f 3150/30/3 3107/30/3 3106/30/3
f 3150/32/3 3106/32/3 3149/32/3
f 3151/34/3 3109/34/3 3108/34/3
f 3151/32/3 3111/32/3 3110/32/3
f 3151/32/3 3110/32/3 3109/32/3
f 3152/34/3 3057/34/3 3111/34/3
f 3152/32/3 3111/32/3 3151/32/3
f 3153/7/3 3117/7/3 3116/7/3
f 3153/5/3 3118/5/3 3117/5/3
f 3153/5/3 3119/5/3 3118/5/3
f 3154/7/3 3120/7/3 3119/7/3
f 3154/5/3 3119/5/3 3153/5/3
f 3155/8/3 3065/8/3 3120/8/3
f 3155/6/3 3122/6/3 3121/6/3
f 3155/6/3 3121/6/3 3065/6/3
f 3156/6/3 3122/6/3 3155/6/3
f 3157/7/3 3123/7/3 3122/7/3
f 3157/5/3 3124/5/3 3123/5/3
f 3158/5/3 3069/5/3 3124/5/3
f 3158/5/3 3124/5/3 3157/5/3
f 3158/7/3 3070/7/3 3069/7/3
f 3159/6/3 3072/6/3 3071/6/3
f 3160/8/3 3125/8/3 3072/8/3
f 3160/6/3 3072/6/3 3159/6/3
f 3161/29/3 3127/29/3 2962/29/3
f 3161/33/3 3007/33/3 3076/33/3
f 3161/33/3 3076/33/3 3075/33/3
f 3161/33/3 2962/33/3 3007/33/3
f 3162/5/3 3131/5/3 3130/5/3
f 3162/29/3 3127/29/3 3161/29/3
f 3162/5/3 3128/5/3 3127/5/3
f 3162/5/3 3129/5/3 3128/5/3
f 3162/5/3 3132/5/3 3131/5/3
f 3162/5/3 3130/5/3 3129/5/3
f 3163/5/3 3132/5/3 3162/5/3
f 3164/5/3 3132/5/3 3163/5/3
f 3165/5/3 3132/5/3 3164/5/3
f 3166/32/3 2508/32/3 3132/32/3
f 3166/5/3 3132/5/3 3165/5/3
f 3167/33/3 3139/33/3 3138/33/3
f 3167/32/3 3140/32/3 3139/32/3
f 3168/33/3 3016/33/3 3091/33/3
f 3168/32/3 3140/32/3 3167/32/3
f 3168/32/3 3091/32/3 3140/32/3
f 3169/33/3 3099/33/3 3098/33/3
f 3170/36/3 3143/36/3 3099/36/3
f 3170/33/3 3099/33/3 3169/33/3
f 3171/33/3 3144/33/3 3143/33/3
f 3171/36/3 3143/36/3 3170/36/3
f 3172/31/3 3147/31/3 3021/31/3
f 3172/33/3 3021/33/3 3146/33/3
f 3172/33/3 3146/33/3 3145/33/3
f 3173/34/3 3149/34/3 3148/34/3
f 3173/31/3 3147/31/3 3172/31/3
f 3173/34/3 3148/34/3 3147/34/3
f 3174/34/3 3149/34/3 3173/34/3
f 3175/30/3 3150/30/3 3149/30/3
f 3175/34/3 3149/34/3 3174/34/3
f 3176/34/3 3152/34/3 3151/34/3
f 3176/30/3 3150/30/3 3175/30/3
f 3176/30/3 3055/30/3 3107/30/3
f 3176/30/3 3107/30/3 3150/30/3
f 3176/34/3 3108/34/3 3055/34/3
f 3176/34/3 3151/34/3 3108/34/3
f 3177/34/3 3152/34/3 3176/34/3
f 3178/34/3 3057/34/3 3152/34/3
f 3178/34/3 3152/34/3 3177/34/3
f 3178/10/3 3058/10/3 3057/10/3
f 3179/14/3 3115/14/3 3114/14/3
f 3179/10/3 3058/10/3 3178/10/3
f 3179/14/3 3112/14/3 3058/14/3
f 3179/14/3 3113/14/3 3112/14/3
f 3179/14/3 3114/14/3 3113/14/3
f 3180/14/3 3115/14/3 3179/14/3
f 3181/8/3 3060/8/3 3115/8/3
f 3181/6/3 3116/6/3 3060/6/3
f 3182/7/3 3153/7/3 3116/7/3
f 3182/6/3 3116/6/3 3181/6/3
f 3182/7/3 3154/7/3 3153/7/3
f 3183/7/3 3120/7/3 3154/7/3
f 3183/7/3 3154/7/3 3182/7/3
f 3184/8/3 3155/8/3 3120/8/3
f 3184/7/3 3120/7/3 3183/7/3
f 3184/8/3 3156/8/3 3155/8/3
f 3185/8/3 3156/8/3 3184/8/3
f 3186/7/3 3157/7/3 3122/7/3
f 3186/7/3 3158/7/3 3157/7/3
f 3187/7/3 3158/7/3 3186/7/3
f 3188/7/3 3070/7/3 3158/7/3
f 3188/7/3 3158/7/3 3187/7/3
f 3189/10/3 3071/10/3 3070/10/3
f 3189/7/3 3070/7/3 3188/7/3
f 3190/6/3 3159/6/3 3071/6/3
f 3190/10/3 3071/10/3 3189/10/3
f 3191/6/3 3159/6/3 3190/6/3
f 3192/8/3 3125/8/3 3160/8/3
f 3192/8/3 3160/8/3 3159/8/3
f 3193/11/3 3126/11/3 3125/11/3
f 3193/8/3 3125/8/3 3192/8/3
f 3194/11/3 3074/11/3 3126/11/3
f 3194/11/3 3126/11/3 3193/11/3
f 3195/10/3 3075/10/3 3074/10/3
f 3195/11/3 3074/11/3 3194/11/3
f 3196/33/3 3161/33/3 3075/33/3
f 3196/10/3 3075/10/3 3195/10/3
f 3196/33/3 3162/33/3 3161/33/3
f 3197/33/3 3162/33/3 3196/33/3
f 3198/33/3 3162/33/3 3197/33/3
f 3199/29/3 3163/29/3 3162/29/3
f 3199/33/3 3162/33/3 3198/33/3
f 3200/29/3 3163/29/3 3199/29/3
f 3201/33/3 3134/33/3 3133/33/3
f 3201/33/3 3133/33/3 2508/33/3
f 3201/33/3 3135/33/3 3134/33/3
f 3202/9/3 2551/9/3 3135/9/3
f 3202/33/3 3135/33/3 3201/33/3
f 3203/6/3 3136/6/3 3085/6/3
f 3203/6/3 3039/6/3 3010/6/3
f 3203/6/3 3137/6/3 3136/6/3
f 3203/6/3 3010/6/3 2969/6/3
f 3203/6/3 2969/6/3 2892/6/3
f 3203/6/3 3085/6/3 3039/6/3
f 3203/31/3 2892/31/3 2599/31/3
f 3204/31/3 2600/31/3 2977/31/3
f 3204/6/3 3137/6/3 3203/6/3
f 3204/6/3 2977/6/3 3137/6/3
f 3205/33/3 3167/33/3 3138/33/3
f 3205/9/3 3138/9/3 2554/9/3
f 3205/33/3 3168/33/3 3167/33/3
f 3206/33/3 3168/33/3 3205/33/3
f 3207/33/3 3144/33/3 3171/33/3
f 3207/33/3 3171/33/3 3170/33/3
f 3208/36/3 3145/36/3 3144/36/3
f 3208/33/3 3144/33/3 3207/33/3
f 3209/33/3 3173/33/3 3172/33/3
f 3209/36/3 3145/36/3 3208/36/3
f 3209/33/3 3172/33/3 3145/33/3
f 3210/34/3 3174/34/3 3173/34/3
f 3210/33/3 3173/33/3 3209/33/3
f 3211/32/3 3175/32/3 3174/32/3
f 3211/34/3 3174/34/3 3210/34/3
f 3212/30/3 3177/30/3 3176/30/3
f 3212/32/3 3175/32/3 3211/32/3
f 3212/30/3 3176/30/3 3175/30/3
f 3213/8/3 3182/8/3 3181/8/3
f 3213/8/3 3181/8/3 3115/8/3
f 3213/14/3 3115/14/3 3180/14/3
f 3214/8/3 3182/8/3 3213/8/3
f 3215/7/3 3183/7/3 3182/7/3
f 3215/8/3 3182/8/3 3214/8/3
f 3216/7/3 3183/7/3 3215/7/3
f 3217/7/3 3183/7/3 3216/7/3
f 3218/7/3 3183/7/3 3217/7/3
f 3219/7/3 3183/7/3 3218/7/3
f 3220/5/3 3185/5/3 3184/5/3
f 3220/7/3 3183/7/3 3219/7/3
f 3220/5/3 3184/5/3 3183/5/3
f 3221/5/3 3185/5/3 3220/5/3
f 3222/8/3 3156/8/3 3185/8/3
f 3222/5/3 3185/5/3 3221/5/3
f 3223/6/3 3122/6/3 3156/6/3
f 3223/8/3 3156/8/3 3222/8/3
f 3224/5/3 3187/5/3 3186/5/3
f 3224/7/3 3186/7/3 3122/7/3
f 3225/7/3 3188/7/3 3187/7/3
f 3225/5/3 3187/5/3 3224/5/3
f 3226/6/3 3159/6/3 3191/6/3
f 3227/8/3 3192/8/3 3159/8/3
f 3227/6/3 3159/6/3 3226/6/3
f 3228/33/3 3197/33/3 3196/33/3
f 3228/33/3 3196/33/3 3195/33/3
f 3229/29/3 3198/29/3 3197/29/3
f 3229/33/3 3197/33/3 3228/33/3
f 3230/28/3 3200/28/3 3199/28/3
f 3230/33/3 3199/33/3 3198/33/3
f 3231/29/3 3163/29/3 3200/29/3
f 3231/28/3 3200/28/3 3230/28/3
f 3232/5/3 3164/5/3 3163/5/3
f 3232/29/3 3163/29/3 3231/29/3
f 3233/31/3 3165/31/3 3164/31/3
f 3233/5/3 3164/5/3 3232/5/3
f 3234/29/3 3166/29/3 3165/29/3
f 3234/31/3 3165/31/3 3233/31/3
f 3235/32/3 2508/32/3 3166/32/3
f 3235/29/3 3166/29/3 3234/29/3
f 3236/7/3 3202/7/3 3201/7/3
f 3237/9/3 2551/9/3 3202/9/3
f 3237/7/3 3202/7/3 3236/7/3
f 3238/31/3 3203/31/3 2599/31/3
f 3238/22/3 2599/22/3 2552/22/3
f 3238/31/3 3204/31/3 3203/31/3
f 3239/31/3 2600/31/3 3204/31/3
f 3239/31/3 3204/31/3 3238/31/3
f 3239/22/3 2553/22/3 2600/22/3
f 3240/9/3 3205/9/3 2554/9/3
f 3240/7/3 3206/7/3 3205/7/3
f 3241/7/3 3206/7/3 3240/7/3
f 3242/33/3 3016/33/3 3168/33/3
f 3242/33/3 3168/33/3 3206/33/3
f 3243/32/3 3092/32/3 3016/32/3
f 3243/33/3 3016/33/3 3242/33/3
f 3244/36/3 3093/36/3 3092/36/3
f 3244/32/3 3092/32/3 3243/32/3
f 3245/33/3 3094/33/3 3093/33/3
f 3245/36/3 3093/36/3 3244/36/3
f 3246/30/3 109/30/3 3094/30/3
f 3246/33/3 3094/33/3 3245/33/3
f 3247/33/3 3095/33/3 2222/33/3
f 3247/31/3 3141/31/3 3095/31/3
f 3248/30/3 3142/30/3 3141/30/3
f 3248/31/3 3141/31/3 3247/31/3
f 3249/30/3 3098/30/3 3142/30/3
f 3249/30/3 3142/30/3 3248/30/3
f 3250/33/3 3169/33/3 3098/33/3
f 3250/30/3 3098/30/3 3249/30/3
f 3251/36/3 3170/36/3 3169/36/3
f 3251/33/3 3169/33/3 3250/33/3
f 3252/33/3 3207/33/3 3170/33/3
f 3252/36/3 3170/36/3 3251/36/3
f 3253/30/3 3177/30/3 3212/30/3
f 3253/31/3 3212/31/3 3211/31/3
f 3254/30/3 3177/30/3 3253/30/3
f 3255/34/3 3179/34/3 3178/34/3
f 3255/34/3 3178/34/3 3177/34/3
f 3255/10/3 3180/10/3 3179/10/3
f 3256/14/3 3214/14/3 3213/14/3
f 3256/10/3 3180/10/3 3255/10/3
f 3256/14/3 3213/14/3 3180/14/3
f 3257/14/3 3214/14/3 3256/14/3
f 3258/14/3 3214/14/3 3257/14/3
f 3259/8/3 3215/8/3 3214/8/3
f 3259/14/3 3214/14/3 3258/14/3
f 3260/6/3 3216/6/3 3215/6/3
f 3260/7/3 3217/7/3 3216/7/3
f 3261/7/3 3217/7/3 3260/7/3
f 3262/7/3 3219/7/3 3218/7/3
f 3262/5/3 3218/5/3 3217/5/3
f 3263/5/3 3221/5/3 3220/5/3
f 3263/7/3 3219/7/3 3262/7/3
f 3263/5/3 3220/5/3 3219/5/3
f 3264/5/3 3221/5/3 3263/5/3
f 3265/6/3 3222/6/3 3221/6/3
f 3265/5/3 3221/5/3 3264/5/3
f 3265/6/3 3223/6/3 3222/6/3
f 3266/6/3 3122/6/3 3223/6/3
f 3266/6/3 3223/6/3 3265/6/3
f 3267/7/3 3225/7/3 3224/7/3
f 3267/6/3 3122/6/3 3266/6/3
f 3267/7/3 3224/7/3 3122/7/3
f 3268/7/3 3225/7/3 3267/7/3
f 3269/7/3 3188/7/3 3225/7/3
f 3269/7/3 3225/7/3 3268/7/3
f 3269/5/3 3190/5/3 3189/5/3
f 3269/5/3 3189/5/3 3188/5/3
f 3270/10/3 3191/10/3 3190/10/3
f 3270/5/3 3190/5/3 3269/5/3
f 3271/6/3 3226/6/3 3191/6/3
f 3271/10/3 3191/10/3 3270/10/3
f 3272/8/3 3192/8/3 3227/8/3
f 3272/8/3 3227/8/3 3226/8/3
f 3273/11/3 3194/11/3 3193/11/3
f 3273/8/3 3192/8/3 3272/8/3
f 3273/11/3 3193/11/3 3192/11/3
f 3274/11/3 3194/11/3 3273/11/3
f 3275/10/3 3195/10/3 3194/10/3
f 3275/11/3 3194/11/3 3274/11/3
f 3276/33/3 3228/33/3 3195/33/3
f 3276/10/3 3195/10/3 3275/10/3
f 3277/29/3 3229/29/3 3228/29/3
f 3277/33/3 3228/33/3 3276/33/3
f 3278/33/3 3230/33/3 3198/33/3
f 3278/29/3 3229/29/3 3277/29/3
f 3278/29/3 3198/29/3 3229/29/3
f 3279/5/3 3232/5/3 3231/5/3
f 3279/33/3 3230/33/3 3278/33/3
f 3279/5/3 3234/5/3 3233/5/3
f 3279/5/3 3231/5/3 3230/5/3
f 3279/5/3 3235/5/3 3234/5/3
f 3279/5/3 3233/5/3 3232/5/3
f 3280/5/3 3235/5/3 3279/5/3
f 3281/32/3 2508/32/3 3235/32/3
f 3281/5/3 3235/5/3 3280/5/3
f 3282/33/3 3201/33/3 2508/33/3
f 3282/32/3 2508/32/3 3281/32/3
f 3283/7/3 3236/7/3 3201/7/3
f 3283/33/3 3201/33/3 3282/33/3
f 3284/6/3 3237/6/3 3236/6/3
f 3284/7/3 3236/7/3 3283/7/3
f 3285/9/3 2551/9/3 3237/9/3
f 3285/6/3 3237/6/3 3284/6/3
f 3286/17/3 2552/17/3 2551/17/3
f 3286/9/3 2551/9/3 3285/9/3
f 3287/22/3 3238/22/3 2552/22/3
f 3287/17/3 2552/17/3 3286/17/3
f 3287/22/3 3239/22/3 3238/22/3
f 3288/22/3 2553/22/3 3239/22/3
f 3288/22/3 3239/22/3 3287/22/3
f 3288/17/3 2554/17/3 2553/17/3
f 3289/9/3 3240/9/3 2554/9/3
f 3289/17/3 2554/17/3 3288/17/3
f 3290/6/3 3241/6/3 3240/6/3
f 3290/9/3 3240/9/3 3289/9/3
f 3291/7/3 3206/7/3 3241/7/3
f 3291/6/3 3241/6/3 3290/6/3
f 3292/33/3 3242/33/3 3206/33/3
f 3292/7/3 3206/7/3 3291/7/3
f 3293/32/3 3243/32/3 3242/32/3
f 3293/33/3 3242/33/3 3292/33/3
f 3293/32/3 3244/32/3 3243/32/3
f 3294/32/3 3244/32/3 3293/32/3
f 3295/30/3 3248/30/3 3247/30/3
f 3295/30/3 3249/30/3 3248/30/3
f 3296/33/3 3250/33/3 3249/33/3
f 3296/30/3 3249/30/3 3295/30/3
f 3297/36/3 3251/36/3 3250/36/3
f 3297/33/3 3250/33/3 3296/33/3
f 3298/33/3 3252/33/3 3251/33/3
f 3298/36/3 3251/36/3 3297/36/3
f 3299/33/3 3211/33/3 3210/33/3
f 3299/33/3 3210/33/3 3209/33/3
f 3299/33/3 3209/33/3 3208/33/3
f 3300/31/3 3253/31/3 3211/31/3
f 3300/33/3 3211/33/3 3299/33/3
f 3301/39/3 3254/39/3 3253/39/3
f 3301/31/3 3253/31/3 3300/31/3
f 3302/30/3 3177/30/3 3254/30/3
f 3302/39/3 3254/39/3 3301/39/3
f 3303/30/3 3177/30/3 3302/30/3
f 3304/30/3 3177/30/3 3303/30/3
f 3305/6/3 3260/6/3 3215/6/3
f 3305/6/3 3261/6/3 3260/6/3
f 3305/8/3 3215/8/3 3259/8/3
f 3306/7/3 3217/7/3 3261/7/3
f 3306/6/3 3261/6/3 3305/6/3
f 3307/5/3 3262/5/3 3217/5/3
f 3307/7/3 3217/7/3 3306/7/3
f 3307/5/3 3263/5/3 3262/5/3
f 3308/7/3 3264/7/3 3263/7/3
f 3308/5/3 3263/5/3 3307/5/3
f 3309/6/3 3265/6/3 3264/6/3
f 3309/7/3 3264/7/3 3308/7/3
f 3310/8/3 3266/8/3 3265/8/3
f 3310/6/3 3265/6/3 3309/6/3
f 3311/8/3 3266/8/3 3310/8/3
f 3312/6/3 3268/6/3 3267/6/3
f 3312/8/3 3266/8/3 3311/8/3
f 3312/6/3 3267/6/3 3266/6/3
f 3313/7/3 3269/7/3 3268/7/3
f 3313/6/3 3268/6/3 3312/6/3
f 3313/7/3 3270/7/3 3269/7/3
f 3314/7/3 3270/7/3 3313/7/3
f 3315/6/3 3226/6/3 3271/6/3
f 3315/6/3 3271/6/3 3270/6/3
f 3316/8/3 3272/8/3 3226/8/3
f 3316/6/3 3226/6/3 3315/6/3
f 3317/11/3 3274/11/3 3273/11/3
f 3317/8/3 3272/8/3 3316/8/3
f 3317/11/3 3273/11/3 3272/11/3
f 3318/33/3 3277/33/3 3276/33/3
f 3318/33/3 3278/33/3 3277/33/3
f 3318/33/3 3276/33/3 3275/33/3
f 3318/33/3 3279/33/3 3278/33/3
f 3319/28/3 3280/28/3 3279/28/3
f 3319/33/3 3279/33/3 3318/33/3
f 3320/29/3 3281/29/3 3280/29/3
f 3320/28/3 3280/28/3 3319/28/3
f 3321/29/3 3281/29/3 3320/29/3
f 3322/29/3 3281/29/3 3321/29/3
f 3323/34/3 3282/34/3 3281/34/3
f 3323/29/3 3281/29/3 3322/29/3
f 3324/32/3 3284/32/3 3283/32/3
f 3324/32/3 3283/32/3 3282/32/3
f 3325/30/3 3285/30/3 3284/30/3
f 3325/32/3 3284/32/3 3324/32/3
f 3326/1/3 3286/1/3 3285/1/3
f 3326/1/3 3287/1/3 3286/1/3
f 3326/17/3 3288/17/3 3287/17/3
f 3327/1/3 3290/1/3 3289/1/3
f 3327/17/3 3288/17/3 3326/17/3
f 3327/1/3 3289/1/3 3288/1/3
f 3328/30/3 3292/30/3 3291/30/3
f 3328/33/3 3293/33/3 3292/33/3
f 3329/33/3 3293/33/3 3328/33/3
f 3330/31/3 3294/31/3 3293/31/3
f 3330/33/3 3293/33/3 3329/33/3
f 3331/32/3 3244/32/3 3294/32/3
f 3331/31/3 3294/31/3 3330/31/3
f 3332/33/3 3245/33/3 3244/33/3
f 3332/32/3 3244/32/3 3331/32/3
f 3333/36/3 3246/36/3 3245/36/3
f 3333/33/3 3245/33/3 3332/33/3
f 3334/30/3 3295/30/3 3247/30/3
f 3334/33/3 3247/33/3 2222/33/3
f 3335/33/3 3296/33/3 3295/33/3
f 3335/30/3 3295/30/3 3334/30/3
f 3336/36/3 3297/36/3 3296/36/3
f 3336/33/3 3296/33/3 3335/33/3
f 3337/33/3 3298/33/3 3297/33/3
f 3337/36/3 3297/36/3 3336/36/3
f 3338/33/3 3252/33/3 3298/33/3
f 3338/33/3 3298/33/3 3337/33/3
f 3338/33/3 3207/33/3 3252/33/3
f 3339/36/3 3208/36/3 3207/36/3
f 3339/33/3 3207/33/3 3338/33/3
f 3340/33/3 3299/33/3 3208/33/3
f 3340/36/3 3208/36/3 3339/36/3
f 3341/31/3 3301/31/3 3300/31/3
f 3341/31/3 3300/31/3 3299/31/3
f 3342/30/3 3302/30/3 3301/30/3
f 3342/31/3 3301/31/3 3341/31/3
f 3342/30/3 3303/30/3 3302/30/3
f 3343/39/3 3304/39/3 3303/39/3
f 3343/30/3 3303/30/3 3342/30/3
f 3344/30/3 3177/30/3 3304/30/3
f 3344/39/3 3304/39/3 3343/39/3
f 3345/8/3 3306/8/3 3305/8/3
f 3345/10/3 3259/10/3 3258/10/3
f 3345/8/3 3305/8/3 3259/8/3
f 3346/8/3 3306/8/3 3345/8/3
f 3347/6/3 3308/6/3 3307/6/3
f 3347/8/3 3306/8/3 3346/8/3
f 3347/6/3 3309/6/3 3308/6/3
f 3347/6/3 3307/6/3 3306/6/3
f 3348/8/3 3311/8/3 3310/8/3
f 3348/6/3 3309/6/3 3347/6/3
f 3348/8/3 3310/8/3 3309/8/3
f 3349/8/3 3311/8/3 3348/8/3
f 3350/12/3 3312/12/3 3311/12/3
f 3350/8/3 3311/8/3 3349/8/3
f 3351/8/3 3313/8/3 3312/8/3
f 3351/12/3 3312/12/3 3350/12/3
f 3352/8/3 3313/8/3 3351/8/3
f 3353/6/3 3314/6/3 3313/6/3
f 3353/8/3 3313/8/3 3352/8/3
f 3354/7/3 3270/7/3 3314/7/3
f 3354/6/3 3314/6/3 3353/6/3
f 3355/6/3 3315/6/3 3270/6/3
f 3355/7/3 3270/7/3 3354/7/3
f 3356/10/3 3316/10/3 3315/10/3
f 3356/6/3 3315/6/3 3355/6/3
f 3357/33/3 3318/33/3 3275/33/3
f 3357/31/3 3319/31/3 3318/31/3
f 3358/5/3 3320/5/3 3319/5/3
f 3358/31/3 3319/31/3 3357/31/3
f 3359/29/3 3321/29/3 3320/29/3
f 3359/5/3 3320/5/3 3358/5/3
f 3360/29/3 3321/29/3 3359/29/3
f 3361/29/3 3321/29/3 3360/29/3
f 3362/31/3 3322/31/3 3321/31/3
f 3362/29/3 3321/29/3 3361/29/3
f 3363/30/3 3285/30/3 3325/30/3
f 3363/1/3 3326/1/3 3285/1/3
f 3363/30/3 3325/30/3 3324/30/3
f 3364/9/3 3327/9/3 3326/9/3
f 3364/1/3 3326/1/3 3363/1/3
f 3365/9/3 3327/9/3 3364/9/3
f 3366/9/3 3327/9/3 3365/9/3
f 3367/9/3 3327/9/3 3366/9/3
f 3368/9/3 3327/9/3 3367/9/3
f 3369/9/3 3327/9/3 3368/9/3
f 3370/9/3 3327/9/3 3369/9/3
f 3371/9/3 3327/9/3 3370/9/3
f 3372/9/3 3327/9/3 3371/9/3
f 3373/9/3 3327/9/3 3372/9/3
f 3374/9/3 3327/9/3 3373/9/3
f 3375/9/3 3327/9/3 3374/9/3
f 3376/9/3 3327/9/3 3375/9/3
f 3377/9/3 3327/9/3 3376/9/3
f 3378/1/3 3290/1/3 3327/1/3
f 3378/9/3 3327/9/3 3377/9/3
f 3379/1/3 3290/1/3 3378/1/3
f 3380/32/3 3291/32/3 3290/32/3
f 3380/1/3 3290/1/3 3379/1/3
f 3381/32/3 3331/32/3 3330/32/3
f 3381/32/3 3330/32/3 3329/32/3
f 3382/31/3 3332/31/3 3331/31/3
f 3382/32/3 3331/32/3 3381/32/3
f 3383/30/3 3344/30/3 3343/30/3
f 3383/30/3 3343/30/3 3342/30/3
f 3383/31/3 3341/31/3 3299/31/3
f 3383/30/3 3342/30/3 3341/30/3
f 3384/30/3 3344/30/3 3383/30/3
f 3385/30/3 3344/30/3 3384/30/3
f 3386/30/3 3344/30/3 3385/30/3
f 3387/30/3 3177/30/3 3344/30/3
f 3387/30/3 3344/30/3 3386/30/3
f 3387/34/3 3255/34/3 3177/34/3
f 3387/34/3 3256/34/3 3255/34/3
f 3388/34/3 3256/34/3 3387/34/3
f 3389/10/3 3257/10/3 3256/10/3
f 3389/34/3 3256/34/3 3388/34/3
f 3390/14/3 3258/14/3 3257/14/3
f 3390/10/3 3257/10/3 3389/10/3
f 3391/14/3 3258/14/3 3390/14/3
f 3392/14/3 3258/14/3 3391/14/3
f 3393/10/3 3345/10/3 3258/10/3
f 3393/14/3 3258/14/3 3392/14/3
f 3394/12/3 3346/12/3 3345/12/3
f 3394/10/3 3345/10/3 3393/10/3
f 3395/8/3 3347/8/3 3346/8/3
f 3395/12/3 3346/12/3 3394/12/3
f 3395/8/3 3349/8/3 3348/8/3
f 3395/8/3 3348/8/3 3347/8/3
f 3396/12/3 3350/12/3 3349/12/3
f 3396/8/3 3349/8/3 3395/8/3
f 3396/12/3 3352/12/3 3351/12/3
f 3396/12/3 3351/12/3 3350/12/3
f 3397/8/3 3355/8/3 3354/8/3
f 3397/12/3 3352/12/3 3396/12/3
f 3397/8/3 3353/8/3 3352/8/3
f 3397/8/3 3354/8/3 3353/8/3
f 3397/8/3 3356/8/3 3355/8/3
f 3398/8/3 3356/8/3 3397/8/3
f 3399/8/3 3356/8/3 3398/8/3
f 3400/10/3 3316/10/3 3356/10/3
f 3400/8/3 3356/8/3 3399/8/3
f 3401/11/3 3317/11/3 3316/11/3
f 3401/10/3 3316/10/3 3400/10/3
f 3402/11/3 3274/11/3 3317/11/3
f 3402/11/3 3317/11/3 3401/11/3
f 3403/11/3 3274/11/3 3402/11/3
f 3404/10/3 3275/10/3 3274/10/3
f 3404/11/3 3274/11/3 3403/11/3
f 3405/33/3 3357/33/3 3275/33/3
f 3405/10/3 3275/10/3 3404/10/3
f 3406/5/3 3360/5/3 3359/5/3
f 3406/5/3 3359/5/3 3358/5/3
f 3407/29/3 3361/29/3 3360/29/3
f 3407/5/3 3360/5/3 3406/5/3
f 3408/31/3 3362/31/3 3361/31/3
f 3408/29/3 3361/29/3 3407/29/3
f 3409/32/3 3324/32/3 3282/32/3
f 3409/30/3 3363/30/3 3324/30/3
f 3410/30/3 3363/30/3 3409/30/3
f 3411/32/3 3364/32/3 3363/32/3
f 3411/30/3 3363/30/3 3410/30/3
f 3412/6/3 3366/6/3 3365/6/3
f 3412/33/3 3367/33/3 3366/33/3
f 3413/33/3 3367/33/3 3412/33/3
f 3414/30/3 3328/30/3 3291/30/3
f 3414/32/3 3291/32/3 3380/32/3
f 3414/30/3 3329/30/3 3328/30/3
f 3415/30/3 3329/30/3 3414/30/3
f 3416/32/3 3381/32/3 3329/32/3
f 3416/30/3 3329/30/3 3415/30/3
f 3417/36/3 3333/36/3 3332/36/3
f 3417/31/3 3332/31/3 3382/31/3
f 3417/31/3 3382/31/3 3381/31/3
f 3418/36/3 3246/36/3 3333/36/3
f 3418/36/3 3333/36/3 3417/36/3
f 3419/33/3 3337/33/3 3336/33/3
f 3419/33/3 3336/33/3 3335/33/3
f 3419/33/3 3338/33/3 3337/33/3
f 3419/33/3 3335/33/3 3334/33/3
f 3420/33/3 3338/33/3 3419/33/3
f 3421/36/3 3339/36/3 3338/36/3
f 3421/33/3 3338/33/3 3420/33/3
f 3422/30/3 3340/30/3 3339/30/3
f 3422/36/3 3339/36/3 3421/36/3
f 3423/33/3 3299/33/3 3340/33/3
f 3423/30/3 3340/30/3 3422/30/3
f 3424/33/3 3299/33/3 3423/33/3
f 3425/33/3 3299/33/3 3424/33/3
f 3426/31/3 3383/31/3 3299/31/3
f 3426/33/3 3299/33/3 3425/33/3
f 3427/39/3 3384/39/3 3383/39/3
f 3427/31/3 3383/31/3 3426/31/3
f 3428/30/3 3385/30/3 3384/30/3
f 3428/39/3 3384/39/3 3427/39/3
f 3429/39/3 3386/39/3 3385/39/3
f 3429/30/3 3385/30/3 3428/30/3
f 3430/30/3 3387/30/3 3386/30/3
f 3430/39/3 3386/39/3 3429/39/3
f 3430/30/3 3388/30/3 3387/30/3
f 3431/34/3 3389/34/3 3388/34/3
f 3431/32/3 3390/32/3 3389/32/3
f 3432/10/3 3391/10/3 3390/10/3
f 3432/32/3 3390/32/3 3431/32/3
f 3433/12/3 3394/12/3 3393/12/3
f 3433/12/3 3396/12/3 3395/12/3
f 3433/12/3 3395/12/3 3394/12/3
f 3433/12/3 3397/12/3 3396/12/3
f 3433/12/3 3398/12/3 3397/12/3
f 3434/12/3 3398/12/3 3433/12/3
f 3435/8/3 3399/8/3 3398/8/3
f 3435/12/3 3398/12/3 3434/12/3
f 3436/12/3 3401/12/3 3400/12/3
f 3436/8/3 3399/8/3 3435/8/3
f 3436/12/3 3400/12/3 3399/12/3
f 3437/33/3 3357/33/3 3405/33/3
f 3437/33/3 3405/33/3 3404/33/3
f 3438/33/3 3357/33/3 3437/33/3
f 3439/29/3 3407/29/3 3406/29/3
f 3439/5/3 3408/5/3 3407/5/3
f 3440/31/3 3362/31/3 3408/31/3
f 3440/5/3 3408/5/3 3439/5/3
f 3441/31/3 3322/31/3 3362/31/3
f 3441/31/3 3362/31/3 3440/31/3
f 3442/32/3 3409/32/3 3282/32/3
f 3442/34/3 3282/34/3 3323/34/3
f 3443/31/3 3410/31/3 3409/31/3
f 3443/32/3 3409/32/3 3442/32/3
f 3444/31/3 3410/31/3 3443/31/3
f 3445/6/3 3412/6/3 3365/6/3
f 3445/7/3 3365/7/3 3364/7/3
f 3446/32/3 3413/32/3 3412/32/3
f 3446/6/3 3412/6/3 3445/6/3
f 3447/33/3 3367/33/3 3413/33/3
f 3447/32/3 3413/32/3 3446/32/3
f 3448/7/3 3368/7/3 3367/7/3
f 3448/6/3 3369/6/3 3368/6/3
f 3449/33/3 3370/33/3 3369/33/3
f 3449/6/3 3369/6/3 3448/6/3
f 3450/7/3 3371/7/3 3370/7/3
f 3450/6/3 3372/6/3 3371/6/3
f 3451/33/3 3373/33/3 3372/33/3
f 3451/6/3 3372/6/3 3450/6/3
f 3452/6/3 3375/6/3 3374/6/3
f 3452/7/3 3374/7/3 3373/7/3
f 3453/33/3 3376/33/3 3375/33/3
f 3453/6/3 3375/6/3 3452/6/3
f 3454/7/3 3377/7/3 3376/7/3
f 3454/6/3 3378/6/3 3377/6/3
f 3455/31/3 3379/31/3 3378/31/3
f 3455/6/3 3378/6/3 3454/6/3
f 3456/32/3 3381/32/3 3416/32/3
f 3456/31/3 3416/31/3 3415/31/3
f 3457/31/3 3417/31/3 3381/31/3
f 3457/32/3 3381/32/3 3456/32/3
f 3458/31/3 3417/31/3 3457/31/3
f 3459/31/3 3420/31/3 3419/31/3
f 3460/36/3 3421/36/3 3420/36/3
f 3460/31/3 3420/31/3 3459/31/3
f 3461/30/3 3423/30/3 3422/30/3
f 3461/30/3 3422/30/3 3421/30/3
f 3461/30/3 3424/30/3 3423/30/3
f 3462/30/3 3424/30/3 3461/30/3
f 3463/30/3 3428/30/3 3427/30/3
f 3463/30/3 3429/30/3 3428/30/3
f 3463/30/3 3427/30/3 3426/30/3
f 3463/30/3 3430/30/3 3429/30/3
f 3464/30/3 3430/30/3 3463/30/3
f 3465/12/3 3435/12/3 3434/12/3
f 3465/12/3 3401/12/3 3436/12/3
f 3465/12/3 3436/12/3 3435/12/3
f 3466/12/3 3401/12/3 3465/12/3
f 3467/11/3 3403/11/3 3402/11/3
f 3468/10/3 3404/10/3 3403/10/3
f 3468/11/3 3403/11/3 3467/11/3
f 3469/33/3 3437/33/3 3404/33/3
f 3469/10/3 3404/10/3 3468/10/3
f 3470/33/3 3437/33/3 3469/33/3
f 3471/28/3 3438/28/3 3437/28/3
f 3471/33/3 3437/33/3 3470/33/3
f 3472/33/3 3357/33/3 3438/33/3
f 3472/28/3 3438/28/3 3471/28/3
f 3473/28/3 3358/28/3 3357/28/3
f 3473/33/3 3357/33/3 3472/33/3
f 3474/29/3 3440/29/3 3439/29/3
f 3474/5/3 3441/5/3 3440/5/3
f 3475/31/3 3322/31/3 3441/31/3
f 3475/5/3 3441/5/3 3474/5/3
f 3476/5/3 3323/5/3 3322/5/3
f 3476/31/3 3322/31/3 3475/31/3
f 3477/34/3 3442/34/3 3323/34/3
f 3477/5/3 3323/5/3 3476/5/3
f 3477/34/3 3443/34/3 3442/34/3
f 3478/30/3 3444/30/3 3443/30/3
f 3478/34/3 3443/34/3 3477/34/3
f 3479/31/3 3410/31/3 3444/31/3
f 3479/30/3 3444/30/3 3478/30/3
f 3480/32/3 3411/32/3 3410/32/3
f 3480/31/3 3410/31/3 3479/31/3
f 3481/32/3 3364/32/3 3411/32/3
f 3481/32/3 3411/32/3 3480/32/3
f 3482/7/3 3446/7/3 3445/7/3
f 3482/32/3 3364/32/3 3481/32/3
f 3482/7/3 3445/7/3 3364/7/3
f 3483/33/3 3447/33/3 3446/33/3
f 3483/7/3 3446/7/3 3482/7/3
f 3484/33/3 3367/33/3 3447/33/3
f 3484/33/3 3447/33/3 3483/33/3
f 3485/7/3 3448/7/3 3367/7/3
f 3485/33/3 3367/33/3 3484/33/3
f 3485/7/3 3449/7/3 3448/7/3
f 3486/33/3 3370/33/3 3449/33/3
f 3486/7/3 3449/7/3 3485/7/3
f 3487/7/3 3451/7/3 3450/7/3
f 3487/33/3 3370/33/3 3486/33/3
f 3487/7/3 3450/7/3 3370/7/3
f 3488/33/3 3373/33/3 3451/33/3
f 3488/7/3 3451/7/3 3487/7/3
f 3489/7/3 3453/7/3 3452/7/3
f 3489/33/3 3373/33/3 3488/33/3
f 3489/7/3 3452/7/3 3373/7/3
f 3490/33/3 3376/33/3 3453/33/3
f 3490/7/3 3453/7/3 3489/7/3
f 3491/7/3 3454/7/3 3376/7/3
f 3491/33/3 3376/33/3 3490/33/3
f 3491/7/3 3455/7/3 3454/7/3
f 3492/31/3 3379/31/3 3455/31/3
f 3492/7/3 3455/7/3 3491/7/3
f 3493/34/3 3380/34/3 3379/34/3
f 3493/31/3 3379/31/3 3492/31/3
f 3494/32/3 3414/32/3 3380/32/3
f 3494/34/3 3380/34/3 3493/34/3
f 3494/32/3 3415/32/3 3414/32/3
f 3495/32/3 3415/32/3 3494/32/3
f 3496/31/3 3456/31/3 3415/31/3
f 3496/32/3 3415/32/3 3495/32/3
f 3497/34/3 3457/34/3 3456/34/3
f 3497/31/3 3456/31/3 3496/31/3
f 3498/32/3 3458/32/3 3457/32/3
f 3498/34/3 3457/34/3 3497/34/3
f 3499/31/3 3417/31/3 3458/31/3
f 3499/32/3 3458/32/3 3498/32/3
f 3500/33/3 3418/33/3 3417/33/3
f 3500/31/3 3417/31/3 3499/31/3
f 3501/33/3 3419/33/3 3334/33/3
f 3502/31/3 3459/31/3 3419/31/3
f 3502/33/3 3419/33/3 3501/33/3
f 3503/36/3 3421/36/3 3460/36/3
f 3503/36/3 3460/36/3 3459/36/3
f 3504/30/3 3461/30/3 3421/30/3
f 3504/36/3 3421/36/3 3503/36/3
f 3505/30/3 3424/30/3 3462/30/3
f 3505/31/3 3462/31/3 3461/31/3
f 3506/33/3 3425/33/3 3424/33/3
f 3506/30/3 3424/30/3 3505/30/3
f 3507/31/3 3426/31/3 3425/31/3
f 3507/33/3 3425/33/3 3506/33/3
f 3508/30/3 3463/30/3 3426/30/3
f 3508/31/3 3426/31/3 3507/31/3
f 3509/30/3 3430/30/3 3464/30/3
f 3509/31/3 3464/31/3 3463/31/3
f 3510/30/3 3430/30/3 3509/30/3
f 3511/10/3 3391/10/3 3432/10/3
f 3511/34/3 3432/34/3 3431/34/3
f 3512/14/3 3392/14/3 3391/14/3
f 3512/10/3 3391/10/3 3511/10/3
f 3513/10/3 3393/10/3 3392/10/3
f 3513/14/3 3392/14/3 3512/14/3
f 3514/12/3 3433/12/3 3393/12/3
f 3514/10/3 3393/10/3 3513/10/3
f 3515/10/3 3434/10/3 3433/10/3
f 3515/12/3 3433/12/3 3514/12/3
f 3516/12/3 3465/12/3 3434/12/3
f 3516/10/3 3434/10/3 3515/10/3
f 3517/10/3 3466/10/3 3465/10/3
f 3517/12/3 3465/12/3 3516/12/3
f 3518/12/3 3401/12/3 3466/12/3
f 3518/10/3 3466/10/3 3517/10/3
f 3519/10/3 3402/10/3 3401/10/3
f 3519/12/3 3401/12/3 3518/12/3
f 3520/11/3 3467/11/3 3402/11/3
f 3520/10/3 3402/10/3 3519/10/3
f 3521/10/3 3468/10/3 3467/10/3
f 3521/11/3 3467/11/3 3520/11/3
f 3522/28/3 3471/28/3 3470/28/3
f 3522/28/3 3473/28/3 3472/28/3
f 3522/28/3 3472/28/3 3471/28/3
f 3523/28/3 3473/28/3 3522/28/3
f 3524/28/3 3358/28/3 3473/28/3
f 3524/28/3 3473/28/3 3523/28/3
f 3525/5/3 3406/5/3 3358/5/3
f 3525/28/3 3358/28/3 3524/28/3
f 3526/29/3 3474/29/3 3439/29/3
f 3526/5/3 3406/5/3 3525/5/3
f 3526/29/3 3439/29/3 3406/29/3
f 3527/31/3 3475/31/3 3474/31/3
f 3527/5/3 3476/5/3 3475/5/3
f 3527/5/3 3477/5/3 3476/5/3
f 3528/5/3 3477/5/3 3527/5/3
f 3529/32/3 3478/32/3 3477/32/3
f 3529/5/3 3477/5/3 3528/5/3
f 3529/32/3 3479/32/3 3478/32/3
f 3530/32/3 3479/32/3 3529/32/3
f 3531/32/3 3479/32/3 3530/32/3
f 3532/30/3 3480/30/3 3479/30/3
f 3532/32/3 3479/32/3 3531/32/3
f 3533/32/3 3481/32/3 3480/32/3
f 3533/30/3 3480/30/3 3532/30/3
f 3534/34/3 3482/34/3 3481/34/3
f 3534/32/3 3481/32/3 3533/32/3
f 3535/30/3 3483/30/3 3482/30/3
f 3535/34/3 3482/34/3 3534/34/3
f 3536/31/3 3484/31/3 3483/31/3
f 3536/30/3 3483/30/3 3535/30/3
f 3537/33/3 3489/33/3 3488/33/3
f 3537/31/3 3484/31/3 3536/31/3
f 3537/33/3 3490/33/3 3489/33/3
f 3537/33/3 3487/33/3 3486/33/3
f 3537/33/3 3492/33/3 3491/33/3
f 3537/33/3 3486/33/3 3485/33/3
f 3537/33/3 3485/33/3 3484/33/3
f 3537/33/3 3491/33/3 3490/33/3
f 3537/33/3 3488/33/3 3487/33/3
f 3538/33/3 3492/33/3 3537/33/3
f 3539/33/3 3492/33/3 3538/33/3
f 3540/33/3 3492/33/3 3539/33/3
f 3541/33/3 3492/33/3 3540/33/3
f 3542/33/3 3492/33/3 3541/33/3
f 3543/33/3 3492/33/3 3542/33/3
f 3544/31/3 3494/31/3 3493/31/3
f 3544/33/3 3492/33/3 3543/33/3
f 3544/31/3 3493/31/3 3492/31/3
f 3545/31/3 3494/31/3 3544/31/3
f 3546/32/3 3495/32/3 3494/32/3
f 3546/31/3 3494/31/3 3545/31/3
f 3547/32/3 3495/32/3 3546/32/3
f 3548/30/3 3498/30/3 3497/30/3
f 3548/32/3 3495/32/3 3547/32/3
f 3548/30/3 3497/30/3 3496/30/3
f 3548/30/3 3496/30/3 3495/30/3
f 3549/32/3 3499/32/3 3498/32/3
f 3549/30/3 3498/30/3 3548/30/3
f 3549/32/3 3500/32/3 3499/32/3
f 3550/33/3 3418/33/3 3500/33/3
f 3550/32/3 3500/32/3 3549/32/3
f 3551/33/3 3501/33/3 3334/33/3
f 3551/33/3 3334/33/3 2222/33/3
f 3552/31/3 3502/31/3 3501/31/3
f 3552/33/3 3501/33/3 3551/33/3
f 3553/31/3 3459/31/3 3502/31/3
f 3553/31/3 3502/31/3 3552/31/3
f 3554/36/3 3503/36/3 3459/36/3
f 3554/31/3 3459/31/3 3553/31/3
f 3555/30/3 3504/30/3 3503/30/3
f 3555/36/3 3503/36/3 3554/36/3
f 3556/30/3 3461/30/3 3504/30/3
f 3556/30/3 3504/30/3 3555/30/3
f 3557/31/3 3506/31/3 3505/31/3
f 3557/30/3 3461/30/3 3556/30/3
f 3557/31/3 3505/31/3 3461/31/3
f 3558/33/3 3507/33/3 3506/33/3
f 3559/30/3 3508/30/3 3507/30/3
f 3559/33/3 3507/33/3 3558/33/3
f 3560/30/3 3463/30/3 3508/30/3
f 3560/30/3 3508/30/3 3559/30/3
f 3561/30/3 3463/30/3 3560/30/3
f 3562/31/3 3510/31/3 3509/31/3
f 3562/30/3 3463/30/3 3561/30/3
f 3562/31/3 3509/31/3 3463/31/3
f 3563/30/3 3430/30/3 3510/30/3
f 3563/31/3 3510/31/3 3562/31/3
f 3564/30/3 3388/30/3 3430/30/3
f 3564/30/3 3430/30/3 3563/30/3
f 3565/32/3 3512/32/3 3511/32/3
f 3565/34/3 3511/34/3 3431/34/3
f 3566/10/3 3513/10/3 3512/10/3
f 3566/32/3 3512/32/3 3565/32/3
f 3567/12/3 3519/12/3 3518/12/3
f 3567/10/3 3513/10/3 3566/10/3
f 3567/12/3 3518/12/3 3517/12/3
f 3567/12/3 3514/12/3 3513/12/3
f 3567/12/3 3517/12/3 3516/12/3
f 3567/12/3 3516/12/3 3515/12/3
f 3567/12/3 3520/12/3 3519/12/3
f 3567/12/3 3515/12/3 3514/12/3
f 3568/10/3 3521/10/3 3520/10/3
f 3568/12/3 3520/12/3 3567/12/3
f 3569/10/3 3468/10/3 3521/10/3
f 3569/10/3 3521/10/3 3568/10/3
f 3570/33/3 3470/33/3 3469/33/3
f 3570/10/3 3468/10/3 3569/10/3
f 3570/33/3 3469/33/3 3468/33/3
f 3571/29/3 3523/29/3 3522/29/3
f 3571/28/3 3522/28/3 3470/28/3
f 3572/31/3 3524/31/3 3523/31/3
f 3572/29/3 3523/29/3 3571/29/3
f 3573/31/3 3524/31/3 3572/31/3
f 3574/29/3 3525/29/3 3524/29/3
f 3574/31/3 3524/31/3 3573/31/3
f 3574/29/3 3526/29/3 3525/29/3
f 3575/29/3 3474/29/3 3526/29/3
f 3575/29/3 3526/29/3 3574/29/3
f 3576/31/3 3527/31/3 3474/31/3
f 3576/29/3 3474/29/3 3575/29/3
f 3576/31/3 3528/31/3 3527/31/3
f 3577/29/3 3529/29/3 3528/29/3
f 3577/31/3 3528/31/3 3576/31/3
f 3578/41/3 3530/41/3 3529/41/3
f 3578/29/3 3529/29/3 3577/29/3
f 3579/29/3 3532/29/3 3531/29/3
f 3579/42/3 3531/42/3 3530/42/3
f 3580/31/3 3533/31/3 3532/31/3
f 3580/29/3 3532/29/3 3579/29/3
f 3581/29/3 3534/29/3 3533/29/3
f 3581/31/3 3533/31/3 3580/31/3
f 3582/29/3 3534/29/3 3581/29/3
f 3583/41/3 3539/41/3 3538/41/3
f 3583/29/3 3538/29/3 3537/29/3
f 3583/29/3 3537/29/3 3536/29/3
f 3584/31/3 3540/31/3 3539/31/3
f 3584/41/3 3539/41/3 3583/41/3
f 3585/29/3 3541/29/3 3540/29/3
f 3585/31/3 3540/31/3 3584/31/3
f 3586/30/3 3548/30/3 3547/30/3
f 3586/36/3 3547/36/3 3546/36/3
f 3587/33/3 3549/33/3 3548/33/3
f 3587/30/3 3548/30/3 3586/30/3
f 3587/33/3 3550/33/3 3549/33/3
f 3588/36/3 3246/36/3 3418/36/3
f 3588/33/3 3550/33/3 3587/33/3
f 3588/33/3 3418/33/3 3550/33/3
f 3589/30/3 109/30/3 3246/30/3
f 3589/36/3 3246/36/3 3588/36/3
f 3590/30/3 110/30/3 102/30/3
f 3590/33/3 2222/33/3 110/33/3
f 3590/33/3 3551/33/3 2222/33/3
f 3591/31/3 3552/31/3 3551/31/3
f 3591/33/3 3551/33/3 3590/33/3
f 3591/31/3 3553/31/3 3552/31/3
f 3592/36/3 3554/36/3 3553/36/3
f 3592/31/3 3553/31/3 3591/31/3
f 3593/33/3 3555/33/3 3554/33/3
f 3593/36/3 3554/36/3 3592/36/3
f 3594/30/3 3556/30/3 3555/30/3
f 3594/33/3 3555/33/3 3593/33/3
f 3595/31/3 3557/31/3 3556/31/3
f 3595/30/3 3556/30/3 3594/30/3
f 3596/33/3 3558/33/3 3506/33/3
f 3596/31/3 3557/31/3 3595/31/3
f 3596/31/3 3506/31/3 3557/31/3
f 3597/31/3 3559/31/3 3558/31/3
f 3597/33/3 3558/33/3 3596/33/3
f 3598/30/3 3560/30/3 3559/30/3
f 3598/31/3 3559/31/3 3597/31/3
f 3599/39/3 3561/39/3 3560/39/3
f 3599/30/3 3560/30/3 3598/30/3
f 3600/31/3 3564/31/3 3563/31/3
f 3600/39/3 3561/39/3 3599/39/3
f 3600/31/3 3562/31/3 3561/31/3
f 3600/31/3 3563/31/3 3562/31/3
f 3601/30/3 3388/30/3 3564/30/3
f 3601/31/3 3564/31/3 3600/31/3
f 3602/34/3 3566/34/3 3565/34/3
f 3602/30/3 3388/30/3 3601/30/3
f 3602/34/3 3565/34/3 3431/34/3
f 3602/34/3 3431/34/3 3388/34/3
f 3603/10/3 3568/10/3 3567/10/3
f 3603/34/3 3566/34/3 3602/34/3
f 3603/10/3 3567/10/3 3566/10/3
f 3603/10/3 3569/10/3 3568/10/3
f 3604/33/3 3570/33/3 3569/33/3
f 3604/10/3 3569/10/3 3603/10/3
f 3605/28/3 3571/28/3 3470/28/3
f 3605/33/3 3570/33/3 3604/33/3
f 3605/33/3 3470/33/3 3570/33/3
f 3606/31/3 3573/31/3 3572/31/3
f 3606/28/3 3571/28/3 3605/28/3
f 3606/31/3 3572/31/3 3571/31/3
f 3607/29/3 3574/29/3 3573/29/3
f 3607/31/3 3573/31/3 3606/31/3
f 3607/29/3 3575/29/3 3574/29/3
f 3608/31/3 3578/31/3 3577/31/3
f 3608/29/3 3575/29/3 3607/29/3
f 3608/31/3 3577/31/3 3576/31/3
f 3608/31/3 3576/31/3 3575/31/3
f 3609/41/3 3530/41/3 3578/41/3
f 3609/31/3 3578/31/3 3608/31/3
f 3610/42/3 3579/42/3 3530/42/3
f 3610/41/3 3530/41/3 3609/41/3
f 3611/31/3 3580/31/3 3579/31/3
f 3611/42/3 3579/42/3 3610/42/3
f 3611/31/3 3582/31/3 3581/31/3
f 3611/31/3 3581/31/3 3580/31/3
f 3612/29/3 3534/29/3 3582/29/3
f 3612/31/3 3582/31/3 3611/31/3
f 3613/28/3 3535/28/3 3534/28/3
f 3613/29/3 3534/29/3 3612/29/3
f 3614/33/3 3536/33/3 3535/33/3
f 3614/28/3 3535/28/3 3613/28/3
f 3615/29/3 3583/29/3 3536/29/3
f 3615/33/3 3536/33/3 3614/33/3
f 3616/42/3 3584/42/3 3583/42/3
f 3616/29/3 3583/29/3 3615/29/3
f 3617/30/3 3585/30/3 3584/30/3
f 3617/42/3 3584/42/3 3616/42/3
f 3618/29/3 3541/29/3 3585/29/3
f 3618/30/3 3585/30/3 3617/30/3
f 3619/33/3 3542/33/3 3541/33/3
f 3619/29/3 3541/29/3 3618/29/3
f 3620/29/3 3543/29/3 3542/29/3
f 3620/33/3 3542/33/3 3619/33/3
f 3621/33/3 3545/33/3 3544/33/3
f 3621/29/3 3543/29/3 3620/29/3
f 3621/33/3 3544/33/3 3543/33/3
f 3622/29/3 3546/29/3 3545/29/3
f 3622/33/3 3545/33/3 3621/33/3
f 3623/36/3 3586/36/3 3546/36/3
f 3623/29/3 3546/29/3 3622/29/3
f 3624/29/3 3587/29/3 3586/29/3
f 3624/36/3 3586/36/3 3623/36/3
f 3625/33/3 3588/33/3 3587/33/3
f 3625/29/3 3587/29/3 3624/29/3
f 3625/33/3 3589/33/3 3588/33/3
f 3626/30/3 109/30/3 3589/30/3
f 3626/33/3 3589/33/3 3625/33/3
f 3627/30/3 3623/30/3 3622/30/3
f 3627/30/3 3617/30/3 3616/30/3
f 3627/30/3 3626/30/3 3625/30/3
f 3627/30/3 3606/30/3 3605/30/3
f 3627/30/3 3609/30/3 3608/30/3
f 3627/30/3 3612/30/3 3611/30/3
f 3627/30/3 3616/30/3 3615/30/3
f 3627/30/3 3591/30/3 3590/30/3
f 3627/30/3 3595/30/3 3594/30/3
f 3627/30/3 3619/30/3 3618/30/3
f 3627/30/3 3590/30/3 102/30/3
f 3627/30/3 3622/30/3 3621/30/3
f 3627/30/3 3592/30/3 3591/30/3
f 3627/30/3 3614/30/3 3613/30/3
f 3627/30/3 3618/30/3 3617/30/3
f 3627/30/3 3621/30/3 3620/30/3
f 3627/30/3 3598/30/3 3597/30/3
f 3627/30/3 3615/30/3 3614/30/3
f 3627/30/3 3620/30/3 3619/30/3
f 3627/30/3 3607/30/3 3606/30/3
f 3627/30/3 3611/30/3 3610/30/3
f 3627/30/3 3613/30/3 3612/30/3
f 3627/30/3 3597/30/3 3596/30/3
f 3627/30/3 3624/30/3 3623/30/3
f 3627/30/3 3594/30/3 3593/30/3
f 3627/30/3 3593/30/3 3592/30/3
f 3627/30/3 3599/30/3 3598/30/3
f 3627/30/3 3596/30/3 3595/30/3
f 3627/30/3 3608/30/3 3607/30/3
f 3627/30/3 3603/30/3 3602/30/3
f 3627/30/3 3601/30/3 3600/30/3
f 3627/30/3 3600/30/3 3599/30/3
f 3627/30/3 3602/30/3 3601/30/3
f 3627/30/3 3605/30/3 3604/30/3
f 3627/30/3 3610/30/3 3609/30/3
f 3627/30/3 3625/30/3 3624/30/3
f 3627/30/3 3604/30/3 3603/30/3
f 3628/30/3 109/30/3 3626/30/3
f 3628/30/3 3626/30/3 3627/30/3
f 3635/30/3 3630/30/3 3629/30/3
f 3636/30/3 3630/30/3 3635/30/3
f 3637/30/3 3632/30/3 3631/30/3
f 3638/30/3 3632/30/3 3637/30/3
f 3639/30/3 3634/30/3 3633/30/3
f 3640/30/3 3634/30/3 3639/30/3
f 3644/34/3 3642/34/3 3641/34/3
f 3644/32/3 3643/32/3 3642/32/3
f 3645/32/3 3643/32/3 3644/32/3
f 3646/34/3 3644/34/3 3641/34/3
f 3646/34/3 3645/34/3 3644/34/3
f 3647/32/3 3643/32/3 3645/32/3
f 3647/34/3 3645/34/3 3646/34/3
f 3648/32/3 3643/32/3 3647/32/3
f 3651/22/3 3650/22/3 3649/22/3
f 3652/22/3 3650/22/3 3651/22/3
f 3655/32/3 3654/32/3 3653/32/3
f 3656/32/3 3654/32/3 3655/32/3
f 3665/33/3 3658/33/3 3657/33/3
f 3665/32/3 3659/32/3 3658/32/3
f 3666/32/3 3659/32/3 3665/32/3
f 3667/32/3 3659/32/3 3666/32/3
f 3668/32/3 3659/32/3 3667/32/3
f 3669/32/3 3659/32/3 3668/32/3
f 3670/32/3 3659/32/3 3669/32/3
f 3671/32/3 3659/32/3 3670/32/3
f 3672/33/3 3660/33/3 3659/33/3
f 3672/32/3 3659/32/3 3671/32/3
f 3673/33/3 3666/33/3 3665/33/3
f 3673/32/3 3667/32/3 3666/32/3
f 3674/32/3 3667/32/3 3673/32/3
f 3675/33/3 3668/33/3 3667/33/3
f 3675/32/3 3669/32/3 3668/32/3
f 3676/32/3 3669/32/3 3675/32/3
f 3677/32/3 3669/32/3 3676/32/3
f 3678/32/3 3669/32/3 3677/32/3
f 3679/32/3 3669/32/3 3678/32/3
f 3680/32/3 3669/32/3 3679/32/3
f 3681/32/3 3671/32/3 3670/32/3
f 3682/33/3 3672/33/3 3671/33/3
f 3682/32/3 3671/32/3 3681/32/3
f 3683/33/3 3660/33/3 3672/33/3
f 3683/33/3 3672/33/3 3682/33/3
f 3684/32/3 3661/32/3 3660/32/3
f 3684/33/3 3660/33/3 3683/33/3
f 3685/32/3 3661/32/3 3684/32/3
f 3686/33/3 3662/33/3 3661/33/3
f 3686/32/3 3661/32/3 3685/32/3
f 3687/32/3 3663/32/3 3662/32/3
f 3687/33/3 3662/33/3 3686/33/3
f 3688/33/3 3664/33/3 3663/33/3
f 3688/32/3 3663/32/3 3687/32/3
f 3689/32/3 3667/32/3 3674/32/3
f 3689/33/3 3674/33/3 3673/33/3
f 3690/33/3 3675/33/3 3667/33/3
f 3690/32/3 3667/32/3 3689/32/3
f 3690/33/3 3676/33/3 3675/33/3
f 3691/32/3 3677/32/3 3676/32/3
f 3692/33/3 3678/33/3 3677/33/3
f 3692/32/3 3677/32/3 3691/32/3
f 3693/32/3 3669/32/3 3680/32/3
f 3693/33/3 3680/33/3 3679/33/3
f 3694/33/3 3670/33/3 3669/33/3
f 3694/32/3 3669/32/3 3693/32/3
f 3695/32/3 3681/32/3 3670/32/3
f 3695/33/3 3670/33/3 3694/33/3
f 3696/32/3 3681/32/3 3695/32/3
f 3697/32/3 3691/32/3 3676/32/3
f 3698/33/3 3692/33/3 3691/33/3
f 3698/32/3 3691/32/3 3697/32/3
f 3699/33/3 3678/33/3 3692/33/3
f 3699/33/3 3692/33/3 3698/33/3
f 3699/32/3 3679/32/3 3678/32/3
f 3700/33/3 3694/33/3 3693/33/3
f 3700/32/3 3679/32/3 3699/32/3
f 3700/33/3 3693/33/3 3679/33/3
f 3700/33/3 3695/33/3 3694/33/3
f 3700/33/3 3696/33/3 3695/33/3
f 3701/32/3 3681/32/3 3696/32/3
f 3701/33/3 3696/33/3 3700/33/3
f 3702/33/3 3683/33/3 3682/33/3
f 3702/32/3 3681/32/3 3701/32/3
f 3702/33/3 3682/33/3 3681/33/3
f 3703/32/3 3685/32/3 3684/32/3
f 3703/33/3 3683/33/3 3702/33/3
f 3703/32/3 3684/32/3 3683/32/3
f 3704/32/3 3685/32/3 3703/32/3
f 3705/33/3 3665/33/3 3657/33/3
f 3705/33/3 3690/33/3 3689/33/3
f 3705/33/3 3673/33/3 3665/33/3
f 3705/33/3 3689/33/3 3673/33/3
f 3706/32/3 3697/32/3 3676/32/3
f 3706/33/3 3690/33/3 3705/33/3
f 3706/33/3 3676/33/3 3690/33/3
f 3707/33/3 3698/33/3 3697/33/3
f 3707/32/3 3697/32/3 3706/32/3
f 3707/33/3 3701/33/3 3700/33/3
f 3707/33/3 3700/33/3 3699/33/3
f 3707/33/3 3703/33/3 3702/33/3
f 3707/33/3 3704/33/3 3703/33/3
f 3707/33/3 3702/33/3 3701/33/3
f 3707/33/3 3699/33/3 3698/33/3
f 3708/32/3 3685/32/3 3704/32/3
f 3708/33/3 3704/33/3 3707/33/3
f 3709/33/3 3687/33/3 3686/33/3
f 3709/32/3 3685/32/3 3708/32/3
f 3709/33/3 3686/33/3 3685/33/3
f 3709/33/3 3688/33/3 3687/33/3
f 3710/33/3 3664/33/3 3688/33/3
f 3710/33/3 3688/33/3 3709/33/3
f 3711/33/4 3712/33/4 3713/33/4
f 3713/33/4 3712/33/4 3714/33/4
f 3715/33/4 3716/33/4 3717/33/4
f 3717/33/4 3716/33/4 3718/33/4
f 3719/33/4 3720/33/4 3721/33/4
f 3721/33/4 3720/33/4 3722/33/4
f 3723/33/4 3724/33/4 3725/33/4
f 3725/33/4 3724/33/4 3726/33/4
f 3727/30/4 3728/30/4 3729/30/4
f 3729/30/4 3728/30/4 3730/30/4
f 3730/30/4 3728/30/4 3731/30/4
f 3731/30/4 3728/30/4 3732/30/4
f 3732/30/4 3728/30/4 3733/30/4
f 3733/30/4 3728/30/4 3734/30/4
f 3734/30/4 3728/30/4 3735/30/4
f 3735/30/4 3728/30/4 3736/30/4
f 3736/30/4 3728/30/4 3737/30/4
f 3737/30/4 3728/30/4 3738/30/4
f 3738/30/4 3728/30/4 3739/30/4
f 3739/30/4 3728/30/4 3740/30/4
f 3740/30/4 3728/30/4 3741/30/4
f 3741/30/4 3728/30/4 3742/30/4
f 3742/30/4 3728/30/4 3743/30/4
f 3743/30/4 3728/30/4 3744/30/4
f 3744/30/4 3728/30/4 3745/30/4
f 3745/30/4 3728/30/4 3746/30/4
f 3746/30/4 3728/30/4 3747/30/4
f 3747/30/4 3728/30/4 3748/30/4
f 3748/30/4 3728/30/4 3749/30/4
f 3749/30/4 3728/30/4 3750/30/4
f 3750/30/4 3728/30/4 3751/30/4
f 3751/30/4 3728/30/4 3752/30/4
f 3752/30/4 3728/30/4 3753/30/4
f 3753/30/4 3728/30/4 3754/30/4
f 3754/30/4 3728/30/4 3755/30/4
f 3755/30/4 3728/30/4 3756/30/4
f 3756/30/4 3728/30/4 3757/30/4
f 3757/30/4 3728/30/4 3758/30/4
f 3758/30/4 3728/30/4 3759/30/4
f 3759/30/4 3728/30/4 3760/30/4
f 3760/30/4 3728/30/4 3761/30/4
f 3730/30/4 3731/30/4 3762/30/4
f 3731/33/4 3732/33/4 3762/33/4
f 3732/36/4 3733/36/4 3763/36/4
f 3762/33/4 3732/33/4 3763/33/4
f 3733/33/4 3734/33/4 3764/33/4
f 3763/36/4 3733/36/4 3764/36/4
f 3764/33/4 3734/33/4 3765/33/4
f 3735/33/4 3736/33/4 3766/33/4
f 3736/31/4 3737/31/4 3766/31/4
f 3766/31/4 3737/31/4 3767/31/4
f 3737/30/4 3738/30/4 3768/30/4
f 3767/31/4 3737/31/4 3768/31/4
f 3768/30/4 3738/30/4 3769/30/4
f 3738/39/4 3739/39/4 3770/39/4
f 3769/30/4 3738/30/4 3770/30/4
f 3739/30/4 3740/30/4 3771/30/4
f 3770/39/4 3739/39/4 3771/39/4
f 3741/33/4 3742/33/4 3772/33/4
f 3742/31/4 3743/31/4 3772/31/4
f 3772/31/4 3743/31/4 3773/31/4
f 3743/29/4 3744/29/4 3774/29/4
f 3773/31/4 3743/31/4 3774/31/4
f 3744/31/4 3745/31/4 3775/31/4
f 3774/29/4 3744/29/4 3775/29/4
f 3745/29/4 3746/29/4 3776/29/4
f 3775/31/4 3745/31/4 3776/31/4
f 3750/33/4 3751/33/4 3777/33/4
f 3751/30/4 3752/30/4 3777/30/4
f 3752/31/4 3753/31/4 3778/31/4
f 3777/30/4 3752/30/4 3778/30/4
f 3755/33/4 3756/33/4 3779/33/4
f 3779/33/4 3756/33/4 3780/33/4
f 3756/29/4 3757/29/4 3781/29/4
f 3780/33/4 3756/33/4 3781/33/4
f 3757/36/4 3758/36/4 3782/36/4
f 3781/29/4 3757/29/4 3782/29/4
f 3758/30/4 3759/30/4 3783/30/4
f 3782/36/4 3758/36/4 3783/36/4
f 3759/33/4 3760/33/4 3784/33/4
f 3783/30/4 3759/30/4 3784/30/4
f 3760/36/4 3761/36/4 3785/36/4
f 3784/33/4 3760/33/4 3785/33/4
f 3785/36/4 3761/36/4 3786/36/4
f 3729/33/4 3730/33/4 3787/33/4
f 3730/30/4 3762/30/4 3787/30/4
f 3762/30/4 3763/30/4 3787/30/4
f 3787/30/4 3763/30/4 3788/30/4
f 3763/33/4 3764/33/4 3789/33/4
f 3788/30/4 3763/30/4 3789/30/4
f 3764/36/4 3765/36/4 3790/36/4
f 3789/33/4 3764/33/4 3790/33/4
f 3765/33/4 3734/33/4 3791/33/4
f 3790/36/4 3765/36/4 3791/36/4
f 3791/33/4 3734/33/4 3792/33/4
f 3768/39/4 3769/39/4 3793/39/4
f 3767/31/4 3768/31/4 3793/31/4
f 3769/30/4 3770/30/4 3794/30/4
f 3793/39/4 3769/39/4 3794/39/4
f 3770/30/4 3771/30/4 3794/30/4
f 3772/33/4 3773/33/4 3795/33/4
f 3741/33/4 3772/33/4 3795/33/4
f 3795/33/4 3773/33/4 3796/33/4
f 3753/40/4 3754/40/4 3797/40/4
f 3778/31/4 3753/31/4 3797/31/4
f 3754/31/4 3755/31/4 3798/31/4
f 3797/40/4 3754/40/4 3798/40/4
f 3755/33/4 3779/33/4 3799/33/4
f 3779/31/4 3780/31/4 3800/31/4
f 3799/33/4 3779/33/4 3800/33/4
f 3780/33/4 3781/33/4 3801/33/4
f 3800/31/4 3780/31/4 3801/31/4
f 3801/33/4 3781/33/4 3802/33/4
f 3781/36/4 3782/36/4 3803/36/4
f 3802/33/4 3781/33/4 3803/33/4
f 3782/30/4 3783/30/4 3804/30/4
f 3803/36/4 3782/36/4 3804/36/4
f 3783/33/4 3784/33/4 3805/33/4
f 3804/30/4 3783/30/4 3805/30/4
f 3785/33/4 3786/33/4 3805/33/4
f 3784/33/4 3785/33/4 3805/33/4
f 3734/36/4 3735/36/4 3806/36/4
f 3792/33/4 3734/33/4 3806/33/4
f 3766/33/4 3767/33/4 3807/33/4
f 3806/36/4 3735/36/4 3807/36/4
f 3735/33/4 3766/33/4 3807/33/4
f 3807/33/4 3767/33/4 3808/33/4
f 3808/33/4 3767/33/4 3809/33/4
f 3767/31/4 3793/31/4 3810/31/4
f 3809/33/4 3767/33/4 3810/33/4
f 3793/30/4 3794/30/4 3811/30/4
f 3810/31/4 3793/31/4 3811/31/4
f 3740/34/4 3741/34/4 3812/34/4
f 3741/33/4 3795/33/4 3812/33/4
f 3812/33/4 3795/33/4 3813/33/4
f 3795/29/4 3796/29/4 3814/29/4
f 3813/33/4 3795/33/4 3814/33/4
f 3814/29/4 3796/29/4 3815/29/4
f 3774/29/4 3775/29/4 3816/29/4
f 3775/29/4 3776/29/4 3816/29/4
f 3776/29/4 3746/29/4 3817/29/4
f 3816/29/4 3776/29/4 3817/29/4
f 3797/42/4 3798/42/4 3818/42/4
f 3778/31/4 3797/31/4 3818/31/4
f 3798/31/4 3755/31/4 3819/31/4
f 3818/42/4 3798/42/4 3819/42/4
f 3800/31/4 3801/31/4 3820/31/4
f 3799/31/4 3800/31/4 3820/31/4
f 3801/31/4 3802/31/4 3820/31/4
f 3803/33/4 3804/33/4 3821/33/4
f 3820/31/4 3802/31/4 3821/31/4
f 3804/33/4 3805/33/4 3821/33/4
f 3802/33/4 3803/33/4 3821/33/4
f 3821/33/4 3805/33/4 3822/33/4
f 3822/33/4 3805/33/4 3823/33/4
f 3805/33/4 3786/33/4 3824/33/4
f 3823/33/4 3805/33/4 3824/33/4
f 3786/36/4 3761/36/4 3825/36/4
f 3824/33/4 3786/33/4 3825/33/4
f 3761/30/4 3728/30/4 3826/30/4
f 3825/36/4 3761/36/4 3826/36/4
f 3790/33/4 3791/33/4 3827/33/4
f 3791/36/4 3792/36/4 3827/36/4
f 3792/33/4 3806/33/4 3828/33/4
f 3827/36/4 3792/36/4 3828/36/4
f 3806/33/4 3807/33/4 3828/33/4
f 3828/33/4 3807/33/4 3829/33/4
f 3808/33/4 3809/33/4 3830/33/4
f 3809/34/4 3810/34/4 3831/34/4
f 3830/33/4 3809/33/4 3831/33/4
f 3810/32/4 3811/32/4 3832/32/4
f 3831/34/4 3810/34/4 3832/34/4
f 3811/30/4 3794/30/4 3833/30/4
f 3832/32/4 3811/32/4 3833/32/4
f 3794/30/4 3771/30/4 3834/30/4
f 3833/30/4 3794/30/4 3834/30/4
f 3740/34/4 3812/34/4 3835/34/4
f 3834/30/4 3771/30/4 3835/30/4
f 3771/30/4 3740/30/4 3835/30/4
f 3812/34/4 3813/34/4 3835/34/4
f 3815/29/4 3796/29/4 3836/29/4
f 3814/33/4 3815/33/4 3836/33/4
f 3813/33/4 3814/33/4 3836/33/4
f 3796/33/4 3773/33/4 3837/33/4
f 3836/29/4 3796/29/4 3837/29/4
f 3773/28/4 3774/28/4 3838/28/4
f 3837/33/4 3773/33/4 3838/33/4
f 3774/29/4 3816/29/4 3839/29/4
f 3838/28/4 3774/28/4 3839/28/4
f 3747/40/4 3748/40/4 3840/40/4
f 3748/29/4 3749/29/4 3840/29/4
f 3840/29/4 3749/29/4 3841/29/4
f 3750/33/4 3777/33/4 3842/33/4
f 3777/33/4 3778/33/4 3842/33/4
f 3842/33/4 3778/33/4 3843/33/4
f 3819/31/4 3755/31/4 3844/31/4
f 3818/41/4 3819/41/4 3844/41/4
f 3755/33/4 3799/33/4 3845/33/4
f 3844/31/4 3755/31/4 3845/31/4
f 3822/33/4 3823/33/4 3846/33/4
f 3821/31/4 3822/31/4 3846/31/4
f 3846/33/4 3823/33/4 3847/33/4
f 3823/31/4 3824/31/4 3848/31/4
f 3847/33/4 3823/33/4 3848/33/4
f 3848/31/4 3824/31/4 3849/31/4
f 3789/30/4 3790/30/4 3850/30/4
f 3788/30/4 3789/30/4 3850/30/4
f 3787/31/4 3788/31/4 3850/31/4
f 3850/30/4 3790/30/4 3851/30/4
f 3829/33/4 3807/33/4 3852/33/4
f 3828/36/4 3829/36/4 3852/36/4
f 3807/36/4 3808/36/4 3853/36/4
f 3852/33/4 3807/33/4 3853/33/4
f 3808/33/4 3830/33/4 3854/33/4
f 3853/36/4 3808/36/4 3854/36/4
f 3854/33/4 3830/33/4 3855/33/4
f 3831/34/4 3832/34/4 3856/34/4
f 3832/34/4 3833/34/4 3856/34/4
f 3830/31/4 3831/31/4 3856/31/4
f 3856/34/4 3833/34/4 3857/34/4
f 3833/30/4 3834/30/4 3858/30/4
f 3857/34/4 3833/34/4 3858/34/4
f 3858/30/4 3834/30/4 3859/30/4
f 3836/33/4 3837/33/4 3860/33/4
f 3837/33/4 3838/33/4 3860/33/4
f 3838/29/4 3839/29/4 3861/29/4
f 3860/33/4 3838/33/4 3861/33/4
f 3839/29/4 3816/29/4 3862/29/4
f 3861/29/4 3839/29/4 3862/29/4
f 3862/29/4 3816/29/4 3863/29/4
f 3818/41/4 3844/41/4 3864/41/4
f 3778/31/4 3818/31/4 3864/31/4
f 3844/28/4 3845/28/4 3865/28/4
f 3864/41/4 3844/41/4 3865/41/4
f 3846/31/4 3847/31/4 3866/31/4
f 3820/30/4 3821/30/4 3866/30/4
f 3821/31/4 3846/31/4 3866/31/4
f 3866/31/4 3847/31/4 3867/31/4
f 3867/31/4 3847/31/4 3868/31/4
f 3848/30/4 3849/30/4 3869/30/4
f 3868/31/4 3847/31/4 3869/31/4
f 3847/30/4 3848/30/4 3869/30/4
f 3869/30/4 3849/30/4 3870/30/4
f 3870/30/4 3849/30/4 3871/30/4
f 3849/31/4 3824/31/4 3872/31/4
f 3871/30/4 3849/30/4 3872/30/4
f 3872/31/4 3824/31/4 3873/31/4
f 3873/31/4 3824/31/4 3874/31/4
f 3874/31/4 3824/31/4 3875/31/4
f 3850/31/4 3851/31/4 3876/31/4
f 3729/33/4 3787/33/4 3876/33/4
f 3787/31/4 3850/31/4 3876/31/4
f 3876/31/4 3851/31/4 3877/31/4
f 3851/30/4 3790/30/4 3878/30/4
f 3877/31/4 3851/31/4 3878/31/4
f 3790/33/4 3827/33/4 3879/33/4
f 3878/30/4 3790/30/4 3879/30/4
f 3827/33/4 3828/33/4 3879/33/4
f 3828/36/4 3852/36/4 3880/36/4
f 3879/33/4 3828/33/4 3880/33/4
f 3853/30/4 3854/30/4 3881/30/4
f 3880/36/4 3852/36/4 3881/36/4
f 3852/30/4 3853/30/4 3881/30/4
f 3881/30/4 3854/30/4 3882/30/4
f 3854/36/4 3855/36/4 3883/36/4
f 3882/30/4 3854/30/4 3883/30/4
f 3856/31/4 3857/31/4 3884/31/4
f 3830/31/4 3856/31/4 3884/31/4
f 3857/34/4 3858/34/4 3885/34/4
f 3884/31/4 3857/31/4 3885/31/4
f 3858/32/4 3859/32/4 3886/32/4
f 3885/34/4 3858/34/4 3886/34/4
f 3859/30/4 3834/30/4 3887/30/4
f 3886/32/4 3859/32/4 3887/32/4
f 3887/30/4 3834/30/4 3888/30/4
f 3835/34/4 3813/34/4 3889/34/4
f 3834/34/4 3835/34/4 3889/34/4
f 3836/33/4 3860/33/4 3890/33/4
f 3889/34/4 3813/34/4 3890/34/4
f 3813/33/4 3836/33/4 3890/33/4
f 3817/29/4 3746/29/4 3891/29/4
f 3746/42/4 3747/42/4 3891/42/4
f 3747/40/4 3840/40/4 3892/40/4
f 3891/42/4 3747/42/4 3892/42/4
f 3865/28/4 3845/28/4 3893/28/4
f 3845/33/4 3799/33/4 3893/33/4
f 3799/31/4 3820/31/4 3894/31/4
f 3893/33/4 3799/33/4 3894/33/4
f 3820/30/4 3866/30/4 3895/30/4
f 3894/31/4 3820/31/4 3895/31/4
f 3866/41/4 3867/41/4 3896/41/4
f 3895/30/4 3866/30/4 3896/30/4
f 3867/42/4 3868/42/4 3897/42/4
f 3896/41/4 3867/41/4 3897/41/4
f 3868/30/4 3869/30/4 3898/30/4
f 3897/42/4 3868/42/4 3898/42/4
f 3869/30/4 3870/30/4 3898/30/4
f 3870/40/4 3871/40/4 3899/40/4
f 3898/30/4 3870/30/4 3899/30/4
f 3872/41/4 3873/41/4 3900/41/4
f 3899/40/4 3871/40/4 3900/40/4
f 3871/41/4 3872/41/4 3900/41/4
f 3873/42/4 3874/42/4 3901/42/4
f 3900/41/4 3873/41/4 3901/41/4
f 3874/40/4 3875/40/4 3902/40/4
f 3901/42/4 3874/42/4 3902/42/4
f 3875/31/4 3824/31/4 3903/31/4
f 3902/40/4 3875/40/4 3903/40/4
f 3877/31/4 3878/31/4 3904/31/4
f 3878/36/4 3879/36/4 3904/36/4
f 3879/33/4 3880/33/4 3905/33/4
f 3904/36/4 3879/36/4 3905/36/4
f 3880/33/4 3881/33/4 3905/33/4
f 3905/33/4 3881/33/4 3906/33/4
f 3883/36/4 3855/36/4 3907/36/4
f 3882/31/4 3883/31/4 3907/31/4
f 3855/33/4 3830/33/4 3908/33/4
f 3907/36/4 3855/36/4 3908/36/4
f 3885/34/4 3886/34/4 3909/34/4
f 3884/30/4 3885/30/4 3909/30/4
f 3886/34/4 3887/34/4 3909/34/4
f 3909/34/4 3887/34/4 3910/34/4
f 3887/32/4 3888/32/4 3911/32/4
f 3910/34/4 3887/34/4 3911/34/4
f 3888/30/4 3834/30/4 3912/30/4
f 3911/32/4 3888/32/4 3912/32/4
f 3834/34/4 3889/34/4 3913/34/4
f 3912/30/4 3834/30/4 3913/30/4
f 3816/31/4 3817/31/4 3914/31/4
f 3817/29/4 3891/29/4 3914/29/4
f 3891/41/4 3892/41/4 3915/41/4
f 3914/29/4 3891/29/4 3915/29/4
f 3865/28/4 3893/28/4 3916/28/4
f 3893/31/4 3894/31/4 3916/31/4
f 3895/30/4 3896/30/4 3917/30/4
f 3916/31/4 3894/31/4 3917/31/4
f 3894/30/4 3895/30/4 3917/30/4
f 3917/30/4 3896/30/4 3918/30/4
f 3897/30/4 3898/30/4 3919/30/4
f 3901/30/4 3902/30/4 3919/30/4
f 3902/30/4 3903/30/4 3919/30/4
f 3898/30/4 3899/30/4 3919/30/4
f 3896/31/4 3897/31/4 3919/31/4
f 3900/30/4 3901/30/4 3919/30/4
f 3899/30/4 3900/30/4 3919/30/4
f 3919/30/4 3903/30/4 3920/30/4
f 3920/30/4 3903/30/4 3921/30/4
f 3921/30/4 3903/30/4 3922/30/4
f 3922/30/4 3903/30/4 3923/30/4
f 3923/30/4 3903/30/4 3924/30/4
f 3903/31/4 3824/31/4 3925/31/4
f 3924/30/4 3903/30/4 3925/30/4
f 3824/36/4 3825/36/4 3926/36/4
f 3925/31/4 3824/31/4 3926/31/4
f 3825/33/4 3826/33/4 3927/33/4
f 3926/36/4 3825/36/4 3927/36/4
f 3826/30/4 3728/30/4 3928/30/4
f 3927/33/4 3826/33/4 3928/33/4
f 3876/33/4 3877/33/4 3929/33/4
f 3904/31/4 3905/31/4 3929/31/4
f 3877/31/4 3904/31/4 3929/31/4
f 3905/36/4 3906/36/4 3930/36/4
f 3929/31/4 3905/31/4 3930/31/4
f 3908/33/4 3830/33/4 3931/33/4
f 3907/30/4 3908/30/4 3931/30/4
f 3830/31/4 3884/31/4 3932/31/4
f 3931/33/4 3830/33/4 3932/33/4
f 3910/32/4 3911/32/4 3933/32/4
f 3911/32/4 3912/32/4 3933/32/4
f 3909/30/4 3910/30/4 3933/30/4
f 3933/32/4 3912/32/4 3934/32/4
f 3915/41/4 3892/41/4 3935/41/4
f 3914/31/4 3915/31/4 3935/31/4
f 3892/40/4 3840/40/4 3936/40/4
f 3935/41/4 3892/41/4 3936/41/4
f 3840/39/4 3841/39/4 3937/39/4
f 3936/40/4 3840/40/4 3937/40/4
f 3841/29/4 3749/29/4 3938/29/4
f 3937/39/4 3841/39/4 3938/39/4
f 3938/29/4 3749/29/4 3939/29/4
f 3749/28/4 3750/28/4 3940/28/4
f 3939/29/4 3749/29/4 3940/29/4
f 3750/33/4 3842/33/4 3941/33/4
f 3940/28/4 3750/28/4 3941/28/4
f 3896/31/4 3919/31/4 3942/31/4
f 3919/31/4 3920/31/4 3942/31/4
f 3920/30/4 3921/30/4 3943/30/4
f 3942/31/4 3920/31/4 3943/31/4
f 3921/29/4 3922/29/4 3944/29/4
f 3943/30/4 3921/30/4 3944/30/4
f 3922/30/4 3923/30/4 3945/30/4
f 3944/29/4 3922/29/4 3945/29/4
f 3923/29/4 3924/29/4 3946/29/4
f 3945/30/4 3923/30/4 3946/30/4
f 3924/30/4 3925/30/4 3947/30/4
f 3946/29/4 3924/29/4 3947/29/4
f 3930/36/4 3906/36/4 3948/36/4
f 3929/33/4 3930/33/4 3948/33/4
f 3906/33/4 3881/33/4 3949/33/4
f 3948/36/4 3906/36/4 3949/36/4
f 3949/33/4 3881/33/4 3950/33/4
f 3881/36/4 3882/36/4 3951/36/4
f 3950/33/4 3881/33/4 3951/33/4
f 3882/31/4 3907/31/4 3952/31/4
f 3951/36/4 3882/36/4 3952/36/4
f 3907/30/4 3931/30/4 3953/30/4
f 3952/31/4 3907/31/4 3953/31/4
f 3931/36/4 3932/36/4 3954/36/4
f 3953/30/4 3931/30/4 3954/30/4
f 3932/31/4 3884/31/4 3955/31/4
f 3954/36/4 3932/36/4 3955/36/4
f 3884/30/4 3909/30/4 3956/30/4
f 3955/31/4 3884/31/4 3956/31/4
f 3933/30/4 3934/30/4 3956/30/4
f 3909/30/4 3933/30/4 3956/30/4
f 3956/30/4 3934/30/4 3957/30/4
f 3934/32/4 3912/32/4 3958/32/4
f 3957/30/4 3934/30/4 3958/30/4
f 3912/34/4 3913/34/4 3959/34/4
f 3958/32/4 3912/32/4 3959/32/4
f 3914/31/4 3935/31/4 3960/31/4
f 3816/31/4 3914/31/4 3960/31/4
f 3938/29/4 3939/29/4 3961/29/4
f 3960/31/4 3935/31/4 3961/31/4
f 3936/29/4 3937/29/4 3961/29/4
f 3935/29/4 3936/29/4 3961/29/4
f 3937/29/4 3938/29/4 3961/29/4
f 3864/31/4 3865/31/4 3962/31/4
f 3778/31/4 3864/31/4 3962/31/4
f 3865/28/4 3916/28/4 3963/28/4
f 3962/31/4 3865/31/4 3963/31/4
f 3918/30/4 3896/30/4 3964/30/4
f 3917/31/4 3918/31/4 3964/31/4
f 3896/31/4 3942/31/4 3965/31/4
f 3964/30/4 3896/30/4 3965/30/4
f 3965/31/4 3942/31/4 3966/31/4
f 3945/30/4 3946/30/4 3967/30/4
f 3966/31/4 3942/31/4 3967/31/4
f 3944/30/4 3945/30/4 3967/30/4
f 3946/30/4 3947/30/4 3967/30/4
f 3942/30/4 3943/30/4 3967/30/4
f 3943/30/4 3944/30/4 3967/30/4
f 3967/30/4 3947/30/4 3968/30/4
f 3968/30/4 3947/30/4 3969/30/4
f 3969/30/4 3947/30/4 3970/30/4
f 3970/30/4 3947/30/4 3971/30/4
f 3947/30/4 3925/30/4 3972/30/4
f 3971/30/4 3947/30/4 3972/30/4
f 3953/30/4 3954/30/4 3973/30/4
f 3955/30/4 3956/30/4 3973/30/4
f 3954/30/4 3955/30/4 3973/30/4
f 3956/31/4 3957/31/4 3974/31/4
f 3973/30/4 3956/30/4 3974/30/4
f 3958/30/4 3959/30/4 3975/30/4
f 3974/31/4 3957/31/4 3975/31/4
f 3957/30/4 3958/30/4 3975/30/4
f 3975/30/4 3959/30/4 3976/30/4
f 3890/33/4 3860/33/4 3977/33/4
f 3860/29/4 3861/29/4 3977/29/4
f 3861/33/4 3862/33/4 3978/33/4
f 3977/29/4 3861/29/4 3978/29/4
f 3961/29/4 3939/29/4 3979/29/4
f 3960/29/4 3961/29/4 3979/29/4
f 3979/29/4 3939/29/4 3980/29/4
f 3980/29/4 3939/29/4 3981/29/4
f 3940/33/4 3941/33/4 3982/33/4
f 3939/28/4 3940/28/4 3982/28/4
f 3941/33/4 3842/33/4 3983/33/4
f 3982/33/4 3941/33/4 3983/33/4
f 3778/31/4 3962/31/4 3984/31/4
f 3962/40/4 3963/40/4 3984/40/4
f 3963/28/4 3916/28/4 3985/28/4
f 3984/40/4 3963/40/4 3985/40/4
f 3965/31/4 3966/31/4 3986/31/4
f 3964/31/4 3965/31/4 3986/31/4
f 3916/33/4 3917/33/4 3986/33/4
f 3917/31/4 3964/31/4 3986/31/4
f 3986/31/4 3966/31/4 3987/31/4
f 3966/41/4 3967/41/4 3988/41/4
f 3987/31/4 3966/31/4 3988/31/4
f 3967/41/4 3968/41/4 3988/41/4
f 3988/41/4 3968/41/4 3989/41/4
f 3968/40/4 3969/40/4 3990/40/4
f 3989/41/4 3968/41/4 3990/41/4
f 3969/41/4 3970/41/4 3991/41/4
f 3990/40/4 3969/40/4 3991/40/4
f 3970/42/4 3971/42/4 3992/42/4
f 3991/41/4 3970/41/4 3992/41/4
f 3971/40/4 3972/40/4 3993/40/4
f 3992/42/4 3971/42/4 3993/42/4
f 3972/30/4 3925/30/4 3994/30/4
f 3993/40/4 3972/40/4 3994/40/4
f 3925/36/4 3926/36/4 3995/36/4
f 3994/30/4 3925/30/4 3995/30/4
f 3926/33/4 3927/33/4 3996/33/4
f 3995/36/4 3926/36/4 3996/36/4
f 3949/36/4 3950/36/4 3997/36/4
f 3948/33/4 3949/33/4 3997/33/4
f 3950/33/4 3951/33/4 3998/33/4
f 3997/36/4 3950/36/4 3998/36/4
f 3951/33/4 3952/33/4 3998/33/4
f 3998/33/4 3952/33/4 3999/33/4
f 3952/36/4 3953/36/4 4000/36/4
f 3999/33/4 3952/33/4 4000/33/4
f 3953/30/4 3973/30/4 4001/30/4
f 4000/36/4 3953/36/4 4001/36/4
f 4001/30/4 3973/30/4 4002/30/4
f 3975/39/4 3976/39/4 4003/39/4
f 3974/31/4 3975/31/4 4003/31/4
f 3976/30/4 3959/30/4 4004/30/4
f 4003/39/4 3976/39/4 4004/39/4
f 3979/41/4 3980/41/4 4005/41/4
f 3960/29/4 3979/29/4 4005/29/4
f 3980/42/4 3981/42/4 4006/42/4
f 4005/41/4 3980/41/4 4006/41/4
f 3982/28/4 3983/28/4 4007/28/4
f 3981/29/4 3939/29/4 4007/29/4
f 3939/28/4 3982/28/4 4007/28/4
f 4007/28/4 3983/28/4 4008/28/4
f 3988/30/4 3989/30/4 4009/30/4
f 3990/29/4 3991/29/4 4010/29/4
f 4009/30/4 3989/30/4 4010/30/4
f 3989/29/4 3990/29/4 4010/29/4
f 4010/29/4 3991/29/4 4011/29/4
f 3992/30/4 3993/30/4 4012/30/4
f 4011/29/4 3991/29/4 4012/29/4
f 3991/30/4 3992/30/4 4012/30/4
f 3993/30/4 3994/30/4 4012/30/4
f 4012/30/4 3994/30/4 4013/30/4
f 3996/33/4 3927/33/4 4014/33/4
f 3995/33/4 3996/33/4 4014/33/4
f 3927/36/4 3928/36/4 4015/36/4
f 4014/33/4 3927/33/4 4015/33/4
f 3928/30/4 3728/30/4 4016/30/4
f 4015/36/4 3928/36/4 4016/36/4
f 3929/33/4 3948/33/4 4017/33/4
f 3948/33/4 3997/33/4 4017/33/4
f 3729/33/4 3876/33/4 4017/33/4
f 3876/33/4 3929/33/4 4017/33/4
f 4017/33/4 3997/33/4 4018/33/4
f 3998/36/4 3999/36/4 4019/36/4
f 3997/31/4 3998/31/4 4019/31/4
f 3999/33/4 4000/33/4 4020/33/4
f 4019/36/4 3999/36/4 4020/36/4
f 4000/33/4 4001/33/4 4020/33/4
f 4004/30/4 3959/30/4 4021/30/4
f 4003/30/4 4004/30/4 4021/30/4
f 4021/30/4 3959/30/4 4022/30/4
f 4005/40/4 4006/40/4 4023/40/4
f 3960/29/4 4005/29/4 4023/29/4
f 4006/42/4 3981/42/4 4024/42/4
f 4023/40/4 4006/40/4 4024/40/4
f 4007/29/4 4008/29/4 4025/29/4
f 4024/42/4 3981/42/4 4025/42/4
f 3981/29/4 4007/29/4 4025/29/4
f 4025/29/4 4008/29/4 4026/29/4
f 4008/28/4 3983/28/4 4027/28/4
f 4026/29/4 4008/29/4 4027/29/4
f 3778/31/4 3984/31/4 4028/31/4
f 3984/31/4 3985/31/4 4028/31/4
f 3985/28/4 3916/28/4 4029/28/4
f 4028/31/4 3985/31/4 4029/31/4
f 3986/33/4 3987/33/4 4030/33/4
f 4029/28/4 3916/28/4 4030/28/4
f 3916/33/4 3986/33/4 4030/33/4
f 3987/31/4 3988/31/4 4031/31/4
f 4030/33/4 3987/33/4 4031/33/4
f 4031/31/4 3988/31/4 4032/31/4
f 4032/31/4 3988/31/4 4033/31/4
f 3988/30/4 4009/30/4 4034/30/4
f 4033/31/4 3988/31/4 4034/31/4
f 4034/30/4 4009/30/4 4035/30/4
f 4009/29/4 4010/29/4 4036/29/4
f 4035/30/4 4009/30/4 4036/30/4
f 4010/30/4 4011/30/4 4037/30/4
f 4036/29/4 4010/29/4 4037/29/4
f 4011/29/4 4012/29/4 4038/29/4
f 4037/30/4 4011/30/4 4038/30/4
f 4012/29/4 4013/29/4 4038/29/4
f 4038/29/4 4013/29/4 4039/29/4
f 4013/30/4 3994/30/4 4040/30/4
f 4039/29/4 4013/29/4 4040/29/4
f 4040/30/4 3994/30/4 4041/30/4
f 4041/30/4 3994/30/4 4042/30/4
f 4018/33/4 3997/33/4 4043/33/4
f 4017/30/4 4018/30/4 4043/30/4
f 4043/33/4 3997/33/4 4044/33/4
f 4020/33/4 4001/33/4 4045/33/4
f 4019/31/4 4020/31/4 4045/31/4
f 4045/33/4 4001/33/4 4046/33/4
f 3973/36/4 3974/36/4 4047/36/4
f 4002/30/4 3973/30/4 4047/30/4
f 3974/31/4 4003/31/4 4048/31/4
f 4047/36/4 3974/36/4 4048/36/4
f 4003/30/4 4021/30/4 4049/30/4
f 4048/31/4 4003/31/4 4049/31/4
f 4021/39/4 4022/39/4 4050/39/4
f 4049/30/4 4021/30/4 4050/30/4
f 4022/30/4 3959/30/4 4051/30/4
f 4050/39/4 4022/39/4 4051/39/4
f 3959/34/4 3913/34/4 4052/34/4
f 4051/30/4 3959/30/4 4052/30/4
f 3913/34/4 3889/34/4 4053/34/4
f 4052/34/4 3913/34/4 4053/34/4
f 4034/41/4 4035/41/4 4054/41/4
f 4033/30/4 4034/30/4 4054/30/4
f 4035/40/4 4036/40/4 4055/40/4
f 4054/41/4 4035/41/4 4055/41/4
f 4036/42/4 4037/42/4 4056/42/4
f 4055/40/4 4036/40/4 4056/40/4
f 4038/41/4 4039/41/4 4057/41/4
f 4056/42/4 4037/42/4 4057/42/4
f 4037/41/4 4038/41/4 4057/41/4
f 4057/41/4 4039/41/4 4058/41/4
f 4039/42/4 4040/42/4 4059/42/4
f 4058/41/4 4039/41/4 4059/41/4
f 4040/42/4 4041/42/4 4059/42/4
f 4041/40/4 4042/40/4 4060/40/4
f 4059/42/4 4041/42/4 4060/42/4
f 4060/40/4 4042/40/4 4061/40/4
f 4042/30/4 3994/30/4 4062/30/4
f 4061/40/4 4042/40/4 4062/40/4
f 3994/36/4 3995/36/4 4063/36/4
f 4062/30/4 3994/30/4 4063/30/4
f 3995/33/4 4014/33/4 4064/33/4
f 4063/36/4 3995/36/4 4064/36/4
f 4044/33/4 3997/33/4 4065/33/4
f 4043/30/4 4044/30/4 4065/30/4
f 4065/33/4 3997/33/4 4066/33/4
f 4046/33/4 4001/33/4 4067/33/4
f 4001/36/4 4002/36/4 4067/36/4
f 4002/30/4 4047/30/4 4068/30/4
f 4067/36/4 4002/36/4 4068/36/4
f 4050/30/4 4051/30/4 4069/30/4
f 4049/30/4 4050/30/4 4069/30/4
f 4051/30/4 4052/30/4 4069/30/4
f 4052/30/4 4053/30/4 4069/30/4
f 4048/36/4 4049/36/4 4069/36/4
f 4069/30/4 4053/30/4 4070/30/4
f 3889/32/4 3890/32/4 4071/32/4
f 4053/34/4 3889/34/4 4071/34/4
f 3977/33/4 3978/33/4 4072/33/4
f 4071/32/4 3890/32/4 4072/32/4
f 3890/33/4 3977/33/4 4072/33/4
f 4027/28/4 3983/28/4 4073/28/4
f 4026/28/4 4027/28/4 4073/28/4
f 3983/33/4 3842/33/4 4074/33/4
f 4073/28/4 3983/28/4 4074/28/4
f 3778/31/4 4028/31/4 4075/31/4
f 4028/41/4 4029/41/4 4075/41/4
f 4029/31/4 4030/31/4 4076/31/4
f 4075/41/4 4029/41/4 4076/41/4
f 4030/33/4 4031/33/4 4077/33/4
f 4031/33/4 4032/33/4 4077/33/4
f 4032/31/4 4033/31/4 4078/31/4
f 4077/33/4 4032/33/4 4078/33/4
f 4055/30/4 4056/30/4 4079/30/4
f 4078/31/4 4033/31/4 4079/31/4
f 4033/30/4 4054/30/4 4079/30/4
f 4056/30/4 4057/30/4 4079/30/4
f 4057/30/4 4058/30/4 4079/30/4
f 4054/30/4 4055/30/4 4079/30/4
f 4060/34/4 4061/34/4 4080/34/4
f 4079/30/4 4058/30/4 4080/30/4
f 4058/34/4 4059/34/4 4080/34/4
f 4059/34/4 4060/34/4 4080/34/4
f 4061/30/4 4062/30/4 4081/30/4
f 4080/34/4 4061/34/4 4081/34/4
f 4062/36/4 4063/36/4 4082/36/4
f 4081/30/4 4062/30/4 4082/30/4
f 4064/33/4 4014/33/4 4083/33/4
f 4063/33/4 4064/33/4 4083/33/4
f 4014/36/4 4015/36/4 4084/36/4
f 4083/33/4 4014/33/4 4084/33/4
f 4015/33/4 4016/33/4 4085/33/4
f 4084/36/4 4015/36/4 4085/36/4
f 3729/33/4 4017/33/4 4086/33/4
f 4043/30/4 4065/30/4 4086/30/4
f 4065/30/4 4066/30/4 4086/30/4
f 4017/30/4 4043/30/4 4086/30/4
f 4086/30/4 4066/30/4 4087/30/4
f 4019/31/4 4045/31/4 4088/31/4
f 4045/36/4 4046/36/4 4088/36/4
f 4046/33/4 4067/33/4 4089/33/4
f 4088/36/4 4046/36/4 4089/36/4
f 4067/33/4 4068/33/4 4089/33/4
f 4089/33/4 4068/33/4 4090/33/4
f 4068/30/4 4047/30/4 4091/30/4
f 4090/33/4 4068/33/4 4091/33/4
f 4047/32/4 4048/32/4 4092/32/4
f 4091/30/4 4047/30/4 4092/30/4
f 4048/36/4 4069/36/4 4093/36/4
f 4092/32/4 4048/32/4 4093/32/4
f 4069/32/4 4070/32/4 4094/32/4
f 4093/36/4 4069/36/4 4094/36/4
f 4070/30/4 4053/30/4 4095/30/4
f 4094/32/4 4070/32/4 4095/32/4
f 4095/30/4 4053/30/4 4096/30/4
f 4071/34/4 4072/34/4 4097/34/4
f 4053/34/4 4071/34/4 4097/34/4
f 4072/33/4 3978/33/4 4098/33/4
f 4097/34/4 4072/34/4 4098/34/4
f 3978/33/4 3862/33/4 4099/33/4
f 4098/33/4 3978/33/4 4099/33/4
f 3862/31/4 3863/31/4 4100/31/4
f 4099/33/4 3862/33/4 4100/33/4
f 3863/29/4 3816/29/4 4101/29/4
f 4100/31/4 3863/31/4 4101/31/4
f 3816/31/4 3960/31/4 4102/31/4
f 4101/29/4 3816/29/4 4102/29/4
f 3960/29/4 4023/29/4 4103/29/4
f 4102/31/4 3960/31/4 4103/31/4
f 4023/29/4 4024/29/4 4103/29/4
f 4024/29/4 4025/29/4 4103/29/4
f 4025/29/4 4026/29/4 4103/29/4
f 4103/29/4 4026/29/4 4104/29/4
f 4104/29/4 4026/29/4 4105/29/4
f 4105/29/4 4026/29/4 4106/29/4
f 4026/28/4 4073/28/4 4107/28/4
f 4106/29/4 4026/29/4 4107/29/4
f 4075/42/4 4076/42/4 4108/42/4
f 3778/31/4 4075/31/4 4108/31/4
f 4076/31/4 4030/31/4 4109/31/4
f 4108/42/4 4076/42/4 4109/42/4
f 4077/31/4 4078/31/4 4110/31/4
f 4078/31/4 4079/31/4 4110/31/4
f 4079/33/4 4080/33/4 4111/33/4
f 4110/31/4 4079/31/4 4111/31/4
f 4080/33/4 4081/33/4 4111/33/4
f 4081/33/4 4082/33/4 4111/33/4
f 4082/36/4 4063/36/4 4112/36/4
f 4111/33/4 4082/33/4 4112/33/4
f 4063/33/4 4083/33/4 4113/33/4
f 4112/36/4 4063/36/4 4113/36/4
f 4086/33/4 4087/33/4 4114/33/4
f 3729/33/4 4086/33/4 4114/33/4
f 4087/30/4 4066/30/4 4115/30/4
f 4114/33/4 4087/33/4 4115/33/4
f 4066/33/4 3997/33/4 4116/33/4
f 4115/30/4 4066/30/4 4116/30/4
f 3997/31/4 4019/31/4 4117/31/4
f 4116/33/4 3997/33/4 4117/33/4
f 4019/31/4 4088/31/4 4117/31/4
f 4088/31/4 4089/31/4 4117/31/4
f 4117/31/4 4089/31/4 4118/31/4
f 4118/31/4 4089/31/4 4119/31/4
f 4090/30/4 4091/30/4 4120/30/4
f 4091/36/4 4092/36/4 4120/36/4
f 4093/32/4 4094/32/4 4121/32/4
f 4120/36/4 4092/36/4 4121/36/4
f 4092/32/4 4093/32/4 4121/32/4
f 4121/32/4 4094/32/4 4122/32/4
f 4096/30/4 4053/30/4 4123/30/4
f 4095/32/4 4096/32/4 4123/32/4
f 4053/34/4 4097/34/4 4124/34/4
f 4123/30/4 4053/30/4 4124/30/4
f 4097/33/4 4098/33/4 4125/33/4
f 4098/33/4 4099/33/4 4125/33/4
f 4125/33/4 4099/33/4 4126/33/4
f 4100/31/4 4101/31/4 4127/31/4
f 4126/33/4 4099/33/4 4127/33/4
f 4099/31/4 4100/31/4 4127/31/4
f 4127/31/4 4101/31/4 4128/31/4
f 4101/28/4 4102/28/4 4129/28/4
f 4128/31/4 4101/31/4 4129/31/4
f 4102/29/4 4103/29/4 4130/29/4
f 4129/28/4 4102/28/4 4130/28/4
f 4103/29/4 4104/29/4 4130/29/4
f 4130/29/4 4104/29/4 4131/29/4
f 4131/29/4 4104/29/4 4132/29/4
f 4104/28/4 4105/28/4 4133/28/4
f 4132/29/4 4104/29/4 4133/29/4
f 4105/29/4 4106/29/4 4134/29/4
f 4106/28/4 4107/28/4 4134/28/4
f 4107/28/4 4073/28/4 4135/28/4
f 4134/28/4 4107/28/4 4135/28/4
f 4073/33/4 4074/33/4 4135/33/4
f 4074/33/4 3842/33/4 4136/33/4
f 4135/33/4 4074/33/4 4136/33/4
f 3842/36/4 3843/36/4 4137/36/4
f 4136/33/4 3842/33/4 4137/33/4
f 4108/40/4 4109/40/4 4138/40/4
f 3778/31/4 4108/31/4 4138/31/4
f 4109/31/4 4030/31/4 4139/31/4
f 4138/40/4 4109/40/4 4139/40/4
f 4030/33/4 4077/33/4 4140/33/4
f 4139/31/4 4030/31/4 4140/31/4
f 4077/31/4 4110/31/4 4141/31/4
f 4140/33/4 4077/33/4 4141/33/4
f 4111/33/4 4112/33/4 4142/33/4
f 4141/31/4 4110/31/4 4142/31/4
f 4112/33/4 4113/33/4 4142/33/4
f 4110/33/4 4111/33/4 4142/33/4
f 4115/30/4 4116/30/4 4143/30/4
f 4114/31/4 4115/31/4 4143/31/4
f 4116/30/4 4117/30/4 4143/30/4
f 4143/30/4 4117/30/4 4144/30/4
f 4117/31/4 4118/31/4 4145/31/4
f 4144/30/4 4117/30/4 4145/30/4
f 4118/30/4 4119/30/4 4146/30/4
f 4145/31/4 4118/31/4 4146/31/4
f 4119/31/4 4089/31/4 4147/31/4
f 4146/30/4 4119/30/4 4147/30/4
f 4089/36/4 4090/36/4 4148/36/4
f 4147/31/4 4089/31/4 4148/31/4
f 4090/30/4 4120/30/4 4149/30/4
f 4120/33/4 4121/33/4 4149/33/4
f 4121/36/4 4122/36/4 4150/36/4
f 4149/33/4 4121/33/4 4150/33/4
f 4124/34/4 4097/34/4 4151/34/4
f 4151/34/4 4097/34/4 4152/34/4
f 4097/33/4 4125/33/4 4153/33/4
f 4152/34/4 4097/34/4 4153/34/4
f 4153/33/4 4125/33/4 4154/33/4
f 4125/28/4 4126/28/4 4155/28/4
f 4154/33/4 4125/33/4 4155/33/4
f 4127/29/4 4128/29/4 4156/29/4
f 4126/33/4 4127/33/4 4156/33/4
f 4128/28/4 4129/28/4 4157/28/4
f 4156/29/4 4128/29/4 4157/29/4
f 4129/28/4 4130/28/4 4157/28/4
f 4130/33/4 4131/33/4 4158/33/4
f 4157/28/4 4130/28/4 4158/28/4
f 4131/29/4 4132/29/4 4159/29/4
f 4158/33/4 4131/33/4 4159/33/4
f 4132/28/4 4133/28/4 4160/28/4
f 4159/29/4 4132/29/4 4160/29/4
f 4133/28/4 4105/28/4 4161/28/4
f 4160/28/4 4133/28/4 4161/28/4
f 4105/29/4 4134/29/4 4161/29/4
f 4134/33/4 4135/33/4 4162/33/4
f 4161/29/4 4134/29/4 4162/29/4
f 4135/33/4 4136/33/4 4162/33/4
f 4137/36/4 3843/36/4 4163/36/4
f 4136/36/4 4137/36/4 4163/36/4
f 3843/33/4 3778/33/4 4164/33/4
f 4163/36/4 3843/36/4 4164/36/4
f 4142/33/4 4113/33/4 4165/33/4
f 4141/33/4 4142/33/4 4165/33/4
f 4140/33/4 4141/33/4 4165/33/4
f 4165/33/4 4113/33/4 4166/33/4
f 4166/33/4 4113/33/4 4167/33/4
f 4114/31/4 4143/31/4 4168/31/4
f 4143/36/4 4144/36/4 4168/36/4
f 4146/30/4 4147/30/4 4169/30/4
f 4168/36/4 4144/36/4 4169/36/4
f 4145/30/4 4146/30/4 4169/30/4
f 4144/30/4 4145/30/4 4169/30/4
f 4169/30/4 4147/30/4 4170/30/4
f 4148/36/4 4090/36/4 4171/36/4
f 4147/33/4 4148/33/4 4171/33/4
f 4149/30/4 4150/30/4 4172/30/4
f 4171/36/4 4090/36/4 4172/36/4
f 4090/30/4 4149/30/4 4172/30/4
f 4172/30/4 4150/30/4 4173/30/4
f 4150/36/4 4122/36/4 4174/36/4
f 4173/30/4 4150/30/4 4174/30/4
f 4122/32/4 4094/32/4 4175/32/4
f 4174/36/4 4122/36/4 4175/36/4
f 4094/36/4 4095/36/4 4176/36/4
f 4175/32/4 4094/32/4 4176/32/4
f 4095/32/4 4123/32/4 4177/32/4
f 4176/36/4 4095/36/4 4177/36/4
f 4123/32/4 4124/32/4 4177/32/4
f 4177/32/4 4124/32/4 4178/32/4
f 4155/28/4 4126/28/4 4179/28/4
f 4154/29/4 4155/29/4 4179/29/4
f 4160/33/4 4161/33/4 4180/33/4
f 4179/28/4 4126/28/4 4180/28/4
f 4126/33/4 4156/33/4 4180/33/4
f 4159/33/4 4160/33/4 4180/33/4
f 4157/33/4 4158/33/4 4180/33/4
f 4161/33/4 4162/33/4 4180/33/4
f 4158/33/4 4159/33/4 4180/33/4
f 4156/33/4 4157/33/4 4180/33/4
f 4162/33/4 4136/33/4 4181/33/4
f 4180/33/4 4162/33/4 4181/33/4
f 4181/33/4 4136/33/4 4182/33/4
f 4136/36/4 4163/36/4 4183/36/4
f 4182/33/4 4136/33/4 4183/33/4
f 4163/33/4 4164/33/4 4184/33/4
f 4183/36/4 4163/36/4 4184/36/4
f 4140/33/4 4165/33/4 4185/33/4
f 4165/31/4 4166/31/4 4186/31/4
f 4185/33/4 4165/33/4 4186/33/4
f 4166/29/4 4167/29/4 4187/29/4
f 4186/31/4 4166/31/4 4187/31/4
f 4167/33/4 4113/33/4 4188/33/4
f 4187/29/4 4167/29/4 4188/29/4
f 4113/33/4 4083/33/4 4189/33/4
f 4188/33/4 4113/33/4 4189/33/4
f 4083/36/4 4084/36/4 4190/36/4
f 4189/33/4 4083/33/4 4190/33/4
f 4084/33/4 4085/33/4 4191/33/4
f 4190/36/4 4084/36/4 4191/36/4
f 4085/33/4 4016/33/4 4192/33/4
f 4191/33/4 4085/33/4 4192/33/4
f 4016/30/4 3728/30/4 4193/30/4
f 4192/33/4 4016/33/4 4193/33/4
f 4114/31/4 4168/31/4 4194/31/4
f 3729/33/4 4114/33/4 4194/33/4
f 4168/31/4 4169/31/4 4194/31/4
f 4194/31/4 4169/31/4 4195/31/4
f 4173/30/4 4174/30/4 4196/30/4
f 4172/36/4 4173/36/4 4196/36/4
f 4174/32/4 4175/32/4 4197/32/4
f 4196/30/4 4174/30/4 4197/30/4
f 4153/33/4 4154/33/4 4198/33/4
f 4152/33/4 4153/33/4 4198/33/4
f 4198/33/4 4154/33/4 4199/33/4
f 4154/29/4 4179/29/4 4200/29/4
f 4199/33/4 4154/33/4 4200/33/4
f 4179/29/4 4180/29/4 4200/29/4
f 4200/29/4 4180/29/4 4201/29/4
f 4181/29/4 4182/29/4 4202/29/4
f 4180/33/4 4181/33/4 4202/33/4
f 4182/33/4 4183/33/4 4203/33/4
f 4202/29/4 4182/29/4 4203/29/4
f 4183/33/4 4184/33/4 4203/33/4
f 4140/33/4 4185/33/4 4204/33/4
f 4204/33/4 4185/33/4 4205/33/4
f 4205/33/4 4185/33/4 4206/33/4
f 4186/31/4 4187/31/4 4207/31/4
f 4206/33/4 4185/33/4 4207/33/4
f 4187/31/4 4188/31/4 4207/31/4
f 4185/31/4 4186/31/4 4207/31/4
f 4207/31/4 4188/31/4 4208/31/4
f 4208/31/4 4188/31/4 4209/31/4
f 4188/33/4 4189/33/4 4210/33/4
f 4209/31/4 4188/31/4 4210/31/4
f 4210/33/4 4189/33/4 4211/33/4
f 4195/31/4 4169/31/4 4212/31/4
f 4169/36/4 4170/36/4 4212/36/4
f 4170/30/4 4147/30/4 4213/30/4
f 4212/36/4 4170/36/4 4213/36/4
f 4213/30/4 4147/30/4 4214/30/4
f 4214/30/4 4147/30/4 4215/30/4
f 4147/33/4 4171/33/4 4216/33/4
f 4215/30/4 4147/30/4 4216/30/4
f 4171/33/4 4172/33/4 4216/33/4
f 4172/36/4 4196/36/4 4217/36/4
f 4216/33/4 4172/33/4 4217/33/4
f 4196/33/4 4197/33/4 4218/33/4
f 4217/36/4 4196/36/4 4218/36/4
f 4197/32/4 4175/32/4 4219/32/4
f 4218/33/4 4197/33/4 4219/33/4
f 4176/32/4 4177/32/4 4220/32/4
f 4177/36/4 4178/36/4 4220/36/4
f 4178/32/4 4124/32/4 4221/32/4
f 4220/36/4 4178/36/4 4221/36/4
f 4221/32/4 4124/32/4 4222/32/4
f 4198/34/4 4199/34/4 4223/34/4
f 4152/33/4 4198/33/4 4223/33/4
f 4199/33/4 4200/33/4 4224/33/4
f 4223/34/4 4199/34/4 4224/34/4
f 4200/33/4 4201/33/4 4224/33/4
f 4224/33/4 4201/33/4 4225/33/4
f 4201/29/4 4180/29/4 4226/29/4
f 4225/33/4 4201/33/4 4226/33/4
f 4204/31/4 4205/31/4 4227/31/4
f 4140/33/4 4204/33/4 4227/33/4
f 4205/29/4 4206/29/4 4228/29/4
f 4227/31/4 4205/31/4 4228/31/4
f 4228/29/4 4206/29/4 4229/29/4
f 4206/31/4 4207/31/4 4230/31/4
f 4207/29/4 4208/29/4 4230/29/4
f 4208/31/4 4209/31/4 4231/31/4
f 4230/29/4 4208/29/4 4231/29/4
f 4209/28/4 4210/28/4 4232/28/4
f 4231/31/4 4209/31/4 4232/31/4
f 4210/31/4 4211/31/4 4233/31/4
f 4232/28/4 4210/28/4 4233/28/4
f 4211/33/4 4189/33/4 4234/33/4
f 4233/31/4 4211/31/4 4234/31/4
f 4234/33/4 4189/33/4 4235/33/4
f 4235/33/4 4189/33/4 4236/33/4
f 4189/36/4 4190/36/4 4237/36/4
f 4236/33/4 4189/33/4 4237/33/4
f 4191/33/4 4192/33/4 4238/33/4
f 4237/36/4 4190/36/4 4238/36/4
f 4190/33/4 4191/33/4 4238/33/4
f 4214/30/4 4215/30/4 4239/30/4
f 4213/36/4 4214/36/4 4239/36/4
f 4217/33/4 4218/33/4 4240/33/4
f 4239/30/4 4215/30/4 4240/30/4
f 4216/33/4 4217/33/4 4240/33/4
f 4215/33/4 4216/33/4 4240/33/4
f 4219/32/4 4175/32/4 4241/32/4
f 4175/36/4 4176/36/4 4241/36/4
f 4176/32/4 4220/32/4 4242/32/4
f 4241/36/4 4176/36/4 4242/36/4
f 4220/32/4 4221/32/4 4242/32/4
f 4242/32/4 4221/32/4 4243/32/4
f 4224/33/4 4225/33/4 4244/33/4
f 4152/33/4 4223/33/4 4244/33/4
f 4151/32/4 4152/32/4 4244/32/4
f 4223/33/4 4224/33/4 4244/33/4
f 4244/33/4 4225/33/4 4245/33/4
f 4225/29/4 4226/29/4 4246/29/4
f 4226/29/4 4180/29/4 4247/29/4
f 4246/29/4 4226/29/4 4247/29/4
f 4180/33/4 4202/33/4 4248/33/4
f 4202/33/4 4203/33/4 4248/33/4
f 4248/33/4 4203/33/4 4249/33/4
f 4249/33/4 4203/33/4 4250/33/4
f 4203/33/4 4184/33/4 4251/33/4
f 4250/33/4 4203/33/4 4251/33/4
f 3778/31/4 4138/31/4 4252/31/4
f 4138/31/4 4139/31/4 4252/31/4
f 4139/28/4 4140/28/4 4253/28/4
f 4252/31/4 4139/31/4 4253/31/4
f 4227/33/4 4228/33/4 4254/33/4
f 4229/29/4 4206/29/4 4254/29/4
f 4228/33/4 4229/33/4 4254/33/4
f 4206/31/4 4230/31/4 4255/31/4
f 4254/29/4 4206/29/4 4255/29/4
f 4232/33/4 4233/33/4 4256/33/4
f 4255/31/4 4230/31/4 4256/31/4
f 4233/33/4 4234/33/4 4256/33/4
f 4234/33/4 4235/33/4 4256/33/4
f 4231/33/4 4232/33/4 4256/33/4
f 4230/33/4 4231/33/4 4256/33/4
f 4256/33/4 4235/33/4 4257/33/4
f 4235/31/4 4236/31/4 4258/31/4
f 4257/33/4 4235/33/4 4258/33/4
f 4236/33/4 4237/33/4 4259/33/4
f 4258/31/4 4236/31/4 4259/31/4
f 4237/33/4 4238/33/4 4259/33/4
f 4259/33/4 4238/33/4 4260/33/4
f 4238/33/4 4192/33/4 4261/33/4
f 4260/33/4 4238/33/4 4261/33/4
f 4192/36/4 4193/36/4 4262/36/4
f 4261/33/4 4192/33/4 4262/33/4
f 4193/30/4 3728/30/4 4263/30/4
f 4262/36/4 4193/36/4 4263/36/4
f 4195/31/4 4212/31/4 4264/31/4
f 4194/33/4 4195/33/4 4264/33/4
f 4212/31/4 4213/31/4 4264/31/4
f 4264/31/4 4213/31/4 4265/31/4
f 4239/36/4 4240/36/4 4266/36/4
f 4265/31/4 4213/31/4 4266/31/4
f 4213/36/4 4239/36/4 4266/36/4
f 4266/36/4 4240/36/4 4267/36/4
f 4243/32/4 4221/32/4 4268/32/4
f 4221/36/4 4222/36/4 4268/36/4
f 4222/32/4 4124/32/4 4269/32/4
f 4268/36/4 4222/36/4 4269/36/4
f 4244/34/4 4245/34/4 4270/34/4
f 4245/33/4 4225/33/4 4270/33/4
f 4270/33/4 4225/33/4 4271/33/4
f 4225/29/4 4246/29/4 4272/29/4
f 4271/33/4 4225/33/4 4272/33/4
f 4246/33/4 4247/33/4 4273/33/4
f 4272/29/4 4246/29/4 4273/29/4
f 4180/33/4 4248/33/4 4274/33/4
f 4248/29/4 4249/29/4 4275/29/4
f 4274/33/4 4248/33/4 4275/33/4
f 4275/29/4 4249/29/4 4276/29/4
f 4249/33/4 4250/33/4 4277/33/4
f 4276/29/4 4249/29/4 4277/29/4
f 4277/33/4 4250/33/4 4278/33/4
f 4250/29/4 4251/29/4 4279/29/4
f 4279/29/4 4251/29/4 4280/29/4
f 4251/33/4 4184/33/4 4281/33/4
f 4280/29/4 4251/29/4 4281/29/4
f 4281/33/4 4184/33/4 4282/33/4
f 4184/33/4 4164/33/4 4283/33/4
f 4282/33/4 4184/33/4 4283/33/4
f 4164/33/4 3778/33/4 4284/33/4
f 4283/33/4 4164/33/4 4284/33/4
f 4257/31/4 4258/31/4 4285/31/4
f 4258/31/4 4259/31/4 4285/31/4
f 4259/29/4 4260/29/4 4286/29/4
f 4285/31/4 4259/31/4 4286/31/4
f 4260/33/4 4261/33/4 4287/33/4
f 4286/29/4 4260/29/4 4287/29/4
f 4267/36/4 4240/36/4 4288/36/4
f 4240/33/4 4218/33/4 4288/33/4
f 4288/33/4 4218/33/4 4289/33/4
f 4218/36/4 4219/36/4 4290/36/4
f 4289/33/4 4218/33/4 4290/33/4
f 4219/32/4 4241/32/4 4291/32/4
f 4290/36/4 4219/36/4 4291/36/4
f 4241/32/4 4242/32/4 4291/32/4
f 4291/32/4 4242/32/4 4292/32/4
f 4242/36/4 4243/36/4 4293/36/4
f 4292/32/4 4242/32/4 4293/32/4
f 4243/32/4 4268/32/4 4294/32/4
f 4293/36/4 4243/36/4 4294/36/4
f 4268/32/4 4269/32/4 4294/32/4
f 4294/32/4 4269/32/4 4295/32/4
f 4269/32/4 4124/32/4 4296/32/4
f 4295/32/4 4269/32/4 4296/32/4
f 4124/34/4 4151/34/4 4297/34/4
f 4296/32/4 4124/32/4 4297/32/4
f 4297/34/4 4151/34/4 4298/34/4
f 4151/32/4 4244/32/4 4299/32/4
f 4298/34/4 4151/34/4 4299/34/4
f 4270/34/4 4271/34/4 4300/34/4
f 4271/33/4 4272/33/4 4300/33/4
f 4272/33/4 4273/33/4 4300/33/4
f 4300/33/4 4273/33/4 4301/33/4
f 4301/33/4 4273/33/4 4302/33/4
f 4273/33/4 4247/33/4 4303/33/4
f 4302/33/4 4273/33/4 4303/33/4
f 4275/32/4 4276/32/4 4304/32/4
f 4274/29/4 4275/29/4 4304/29/4
f 4276/29/4 4277/29/4 4305/29/4
f 4304/32/4 4276/32/4 4305/32/4
f 4277/29/4 4278/29/4 4305/29/4
f 4305/29/4 4278/29/4 4306/29/4
f 4279/32/4 4280/32/4 4307/32/4
f 4250/29/4 4279/29/4 4307/29/4
f 4281/29/4 4282/29/4 4308/29/4
f 4307/32/4 4280/32/4 4308/32/4
f 4280/29/4 4281/29/4 4308/29/4
f 4308/29/4 4282/29/4 4309/29/4
f 4282/33/4 4283/33/4 4310/33/4
f 4283/29/4 4284/29/4 4310/29/4
f 4310/29/4 4284/29/4 4311/29/4
f 3778/31/4 4252/31/4 4312/31/4
f 4252/39/4 4253/39/4 4312/39/4
f 4253/28/4 4140/28/4 4313/28/4
f 4312/39/4 4253/39/4 4313/39/4
f 4287/33/4 4261/33/4 4314/33/4
f 4286/33/4 4287/33/4 4314/33/4
f 4261/36/4 4262/36/4 4315/36/4
f 4314/33/4 4261/33/4 4315/33/4
f 4262/33/4 4263/33/4 4316/33/4
f 4315/36/4 4262/36/4 4316/36/4
f 4264/33/4 4265/33/4 4317/33/4
f 4266/31/4 4267/31/4 4317/31/4
f 4265/31/4 4266/31/4 4317/31/4
f 4317/31/4 4267/31/4 4318/31/4
f 4267/36/4 4288/36/4 4319/36/4
f 4318/31/4 4267/31/4 4319/31/4
f 4288/36/4 4289/36/4 4319/36/4
f 4319/36/4 4289/36/4 4320/36/4
f 4294/36/4 4295/36/4 4321/36/4
f 4295/32/4 4296/32/4 4321/32/4
f 4297/34/4 4298/34/4 4322/34/4
f 4321/32/4 4296/32/4 4322/32/4
f 4296/34/4 4297/34/4 4322/34/4
f 4299/32/4 4244/32/4 4323/32/4
f 4298/32/4 4299/32/4 4323/32/4
f 4323/32/4 4244/32/4 4324/32/4
f 4301/33/4 4302/33/4 4325/33/4
f 4325/33/4 4302/33/4 4326/33/4
f 4274/29/4 4304/29/4 4327/29/4
f 4304/30/4 4305/30/4 4327/30/4
f 4327/30/4 4305/30/4 4328/30/4
f 4305/32/4 4306/32/4 4329/32/4
f 4328/30/4 4305/30/4 4329/30/4
f 4306/29/4 4278/29/4 4330/29/4
f 4329/32/4 4306/32/4 4330/32/4
f 4250/29/4 4307/29/4 4331/29/4
f 4307/30/4 4308/30/4 4331/30/4
f 4331/30/4 4308/30/4 4332/30/4
f 4308/32/4 4309/32/4 4333/32/4
f 4332/30/4 4308/30/4 4333/30/4
f 4309/29/4 4282/29/4 4334/29/4
f 4333/32/4 4309/32/4 4334/32/4
f 4313/28/4 4140/28/4 4335/28/4
f 4312/31/4 4313/31/4 4335/31/4
f 4254/33/4 4255/33/4 4336/33/4
f 4335/28/4 4140/28/4 4336/28/4
f 4140/33/4 4227/33/4 4336/33/4
f 4227/33/4 4254/33/4 4336/33/4
f 4256/33/4 4257/33/4 4336/33/4
f 4255/33/4 4256/33/4 4336/33/4
f 4257/31/4 4285/31/4 4337/31/4
f 4336/33/4 4257/33/4 4337/33/4
f 4285/29/4 4286/29/4 4338/29/4
f 4337/31/4 4285/31/4 4338/31/4
f 4286/33/4 4314/33/4 4339/33/4
f 4338/29/4 4286/29/4 4339/29/4
f 4339/33/4 4314/33/4 4340/33/4
f 4289/33/4 4290/33/4 4341/33/4
f 4320/36/4 4289/36/4 4341/36/4
f 4290/33/4 4291/33/4 4341/33/4
f 4341/33/4 4291/33/4 4342/33/4
f 4291/36/4 4292/36/4 4343/36/4
f 4342/33/4 4291/33/4 4343/33/4
f 4292/32/4 4293/32/4 4344/32/4
f 4343/36/4 4292/36/4 4344/36/4
f 4293/32/4 4294/32/4 4344/32/4
f 4344/32/4 4294/32/4 4345/32/4
f 4294/36/4 4321/36/4 4346/36/4
f 4345/32/4 4294/32/4 4346/32/4
f 4321/34/4 4322/34/4 4347/34/4
f 4346/36/4 4321/36/4 4347/36/4
f 4328/39/4 4329/39/4 4348/39/4
f 4327/32/4 4328/32/4 4348/32/4
f 4329/30/4 4330/30/4 4349/30/4
f 4348/39/4 4329/39/4 4349/39/4
f 4332/39/4 4333/39/4 4350/39/4
f 4331/32/4 4332/32/4 4350/32/4
f 4333/30/4 4334/30/4 4351/30/4
f 4350/39/4 4333/39/4 4351/39/4
f 4284/33/4 3778/33/4 4352/33/4
f 4311/29/4 4284/29/4 4352/29/4
f 4312/31/4 4335/31/4 4353/31/4
f 4352/33/4 3778/33/4 4353/33/4
f 4335/31/4 4336/31/4 4353/31/4
f 3778/31/4 4312/31/4 4353/31/4
f 4353/31/4 4336/31/4 4354/31/4
f 4337/33/4 4338/33/4 4355/33/4
f 4354/31/4 4336/31/4 4355/31/4
f 4336/33/4 4337/33/4 4355/33/4
f 4340/33/4 4314/33/4 4356/33/4
f 4314/36/4 4315/36/4 4356/36/4
f 4315/33/4 4316/33/4 4357/33/4
f 4356/36/4 4315/36/4 4357/36/4
f 4316/33/4 4263/33/4 4358/33/4
f 4357/33/4 4316/33/4 4358/33/4
f 4263/30/4 3728/30/4 4359/30/4
f 4358/33/4 4263/33/4 4359/33/4
f 4341/36/4 4342/36/4 4360/36/4
f 4319/31/4 4320/31/4 4360/31/4
f 4318/31/4 4319/31/4 4360/31/4
f 4320/36/4 4341/36/4 4360/36/4
f 4360/36/4 4342/36/4 4361/36/4
f 4300/34/4 4301/34/4 4362/34/4
f 4270/34/4 4300/34/4 4362/34/4
f 4301/33/4 4325/33/4 4363/33/4
f 4362/34/4 4301/34/4 4363/34/4
f 4326/33/4 4302/33/4 4364/33/4
f 4364/33/4 4302/33/4 4365/33/4
f 4365/33/4 4302/33/4 4366/33/4
f 4366/33/4 4302/33/4 4367/33/4
f 4367/33/4 4302/33/4 4368/33/4
f 4368/33/4 4302/33/4 4369/33/4
f 4302/29/4 4303/29/4 4370/29/4
f 4369/33/4 4302/33/4 4370/33/4
f 4303/33/4 4247/33/4 4371/33/4
f 4370/29/4 4303/29/4 4371/29/4
f 4247/29/4 4180/29/4 4372/29/4
f 4371/33/4 4247/33/4 4372/33/4
f 4180/33/4 4274/33/4 4373/33/4
f 4372/29/4 4180/29/4 4373/29/4
f 4348/28/4 4349/28/4 4374/28/4
f 4327/32/4 4348/32/4 4374/32/4
f 4349/30/4 4330/30/4 4375/30/4
f 4374/28/4 4349/28/4 4375/28/4
f 4331/32/4 4350/32/4 4376/32/4
f 4350/28/4 4351/28/4 4376/28/4
f 4351/30/4 4334/30/4 4377/30/4
f 4376/28/4 4351/28/4 4377/28/4
f 4353/31/4 4354/31/4 4378/31/4
f 4352/29/4 4353/29/4 4378/29/4
f 4378/31/4 4354/31/4 4379/31/4
f 4355/33/4 4338/33/4 4380/33/4
f 4354/29/4 4355/29/4 4380/29/4
f 4380/33/4 4338/33/4 4381/33/4
f 4381/33/4 4338/33/4 4382/33/4
f 4382/33/4 4338/33/4 4383/33/4
f 4383/33/4 4338/33/4 4384/33/4
f 4338/29/4 4339/29/4 4385/29/4
f 4384/33/4 4338/33/4 4385/33/4
f 4339/28/4 4340/28/4 4386/28/4
f 4385/29/4 4339/29/4 4386/29/4
f 4317/33/4 4318/33/4 4387/33/4
f 4360/31/4 4361/31/4 4387/31/4
f 4318/31/4 4360/31/4 4387/31/4
f 4387/31/4 4361/31/4 4388/31/4
f 4342/33/4 4343/33/4 4389/33/4
f 4343/33/4 4344/33/4 4389/33/4
f 4361/36/4 4342/36/4 4389/36/4
f 4389/33/4 4344/33/4 4390/33/4
f 4390/33/4 4344/33/4 4391/33/4
f 4391/33/4 4344/33/4 4392/33/4
f 4344/36/4 4345/36/4 4393/36/4
f 4392/33/4 4344/33/4 4393/33/4
f 4345/32/4 4346/32/4 4394/32/4
f 4393/36/4 4345/36/4 4394/36/4
f 4346/32/4 4347/32/4 4394/32/4
f 4394/32/4 4347/32/4 4395/32/4
f 4347/34/4 4322/34/4 4396/34/4
f 4322/34/4 4298/34/4 4396/34/4
f 4298/32/4 4323/32/4 4396/32/4
f 4323/34/4 4324/34/4 4397/34/4
f 4396/32/4 4323/32/4 4397/32/4
f 4324/32/4 4244/32/4 4398/32/4
f 4397/34/4 4324/34/4 4398/34/4
f 4270/34/4 4362/34/4 4399/34/4
f 4244/34/4 4270/34/4 4399/34/4
f 4362/33/4 4363/33/4 4400/33/4
f 4399/34/4 4362/34/4 4400/34/4
f 4325/32/4 4326/32/4 4401/32/4
f 4326/33/4 4364/33/4 4401/33/4
f 4401/33/4 4364/33/4 4402/33/4
f 4402/33/4 4364/33/4 4403/33/4
f 4403/33/4 4364/33/4 4404/33/4
f 4364/32/4 4365/32/4 4405/32/4
f 4404/33/4 4364/33/4 4405/33/4
f 4365/33/4 4366/33/4 4406/33/4
f 4405/32/4 4365/32/4 4406/32/4
f 4406/33/4 4366/33/4 4407/33/4
f 4366/30/4 4367/30/4 4408/30/4
f 4407/33/4 4366/33/4 4408/33/4
f 4367/33/4 4368/33/4 4409/33/4
f 4408/30/4 4367/30/4 4409/30/4
f 4409/33/4 4368/33/4 4410/33/4
f 4370/33/4 4371/33/4 4411/33/4
f 4369/33/4 4370/33/4 4411/33/4
f 4371/33/4 4372/33/4 4411/33/4
f 4368/32/4 4369/32/4 4411/32/4
f 4411/33/4 4372/33/4 4412/33/4
f 4412/33/4 4372/33/4 4413/33/4
f 4413/33/4 4372/33/4 4414/33/4
f 4414/33/4 4372/33/4 4415/33/4
f 4415/33/4 4372/33/4 4416/33/4
f 4327/32/4 4374/32/4 4417/32/4
f 4374/39/4 4375/39/4 4417/39/4
f 4375/30/4 4330/30/4 4418/30/4
f 4417/39/4 4375/39/4 4418/39/4
f 4331/32/4 4376/32/4 4419/32/4
f 4376/39/4 4377/39/4 4419/39/4
f 4377/30/4 4334/30/4 4420/30/4
f 4419/39/4 4377/39/4 4420/39/4
f 4381/33/4 4382/33/4 4421/33/4
f 4382/32/4 4383/32/4 4422/32/4
f 4421/33/4 4382/33/4 4422/33/4
f 4383/33/4 4384/33/4 4423/33/4
f 4422/32/4 4383/32/4 4423/32/4
f 4423/33/4 4384/33/4 4424/33/4
f 4424/33/4 4384/33/4 4425/33/4
f 4384/32/4 4385/32/4 4426/32/4
f 4425/33/4 4384/33/4 4426/33/4
f 4385/28/4 4386/28/4 4427/28/4
f 4426/32/4 4385/32/4 4427/32/4
f 4386/28/4 4340/28/4 4428/28/4
f 4427/28/4 4386/28/4 4428/28/4
f 4356/33/4 4357/33/4 4429/33/4
f 4428/28/4 4340/28/4 4429/28/4
f 4357/33/4 4358/33/4 4429/33/4
f 4340/33/4 4356/33/4 4429/33/4
f 4429/33/4 4358/33/4 4430/33/4
f 4358/31/4 4359/31/4 4431/31/4
f 4430/33/4 4358/33/4 4431/33/4
f 4359/30/4 3728/30/4 4432/30/4
f 4431/31/4 4359/31/4 4432/31/4
f 4388/31/4 4361/31/4 4433/31/4
f 4361/36/4 4389/36/4 4433/36/4
f 4389/36/4 4390/36/4 4433/36/4
f 4433/36/4 4390/36/4 4434/36/4
f 4391/31/4 4392/31/4 4435/31/4
f 4392/33/4 4393/33/4 4435/33/4
f 4393/32/4 4394/32/4 4436/32/4
f 4435/33/4 4393/33/4 4436/33/4
f 4363/33/4 4325/33/4 4437/33/4
f 4400/33/4 4363/33/4 4437/33/4
f 4325/32/4 4401/32/4 4438/32/4
f 4437/33/4 4325/33/4 4438/33/4
f 4401/30/4 4402/30/4 4439/30/4
f 4438/32/4 4401/32/4 4439/32/4
f 4402/32/4 4403/32/4 4440/32/4
f 4439/30/4 4402/30/4 4440/30/4
f 4440/32/4 4403/32/4 4441/32/4
f 4441/32/4 4403/32/4 4442/32/4
f 4403/33/4 4404/33/4 4443/33/4
f 4404/30/4 4405/30/4 4443/30/4
f 4405/32/4 4406/32/4 4444/32/4
f 4443/30/4 4405/30/4 4444/30/4
f 4368/32/4 4411/32/4 4445/32/4
f 4411/32/4 4412/32/4 4445/32/4
f 4412/34/4 4413/34/4 4446/34/4
f 4445/32/4 4412/32/4 4446/32/4
f 4414/33/4 4415/33/4 4447/33/4
f 4447/33/4 4415/33/4 4448/33/4
f 4415/29/4 4416/29/4 4449/29/4
f 4448/33/4 4415/33/4 4449/33/4
f 4416/33/4 4372/33/4 4450/33/4
f 4449/29/4 4416/29/4 4450/29/4
f 4327/32/4 4417/32/4 4451/32/4
f 4417/28/4 4418/28/4 4451/28/4
f 4418/30/4 4330/30/4 4452/30/4
f 4451/28/4 4418/28/4 4452/28/4
f 4331/32/4 4419/32/4 4453/32/4
f 4419/28/4 4420/28/4 4453/28/4
f 4420/30/4 4334/30/4 4454/30/4
f 4453/28/4 4420/28/4 4454/28/4
f 4334/29/4 4282/29/4 4455/29/4
f 4310/33/4 4311/33/4 4455/33/4
f 4282/33/4 4310/33/4 4455/33/4
f 4455/33/4 4311/33/4 4456/33/4
f 4311/29/4 4352/29/4 4457/29/4
f 4456/33/4 4311/33/4 4457/33/4
f 4352/29/4 4378/29/4 4457/29/4
f 4378/30/4 4379/30/4 4458/30/4
f 4457/29/4 4378/29/4 4458/29/4
f 4379/31/4 4354/31/4 4459/31/4
f 4458/30/4 4379/30/4 4459/30/4
f 4354/29/4 4380/29/4 4460/29/4
f 4459/31/4 4354/31/4 4460/31/4
f 4380/29/4 4381/29/4 4460/29/4
f 4460/29/4 4381/29/4 4461/29/4
f 4381/33/4 4421/33/4 4462/33/4
f 4461/29/4 4381/29/4 4462/29/4
f 4423/32/4 4424/32/4 4463/32/4
f 4462/33/4 4421/33/4 4463/33/4
f 4422/32/4 4423/32/4 4463/32/4
f 4421/32/4 4422/32/4 4463/32/4
f 4424/33/4 4425/33/4 4464/33/4
f 4463/32/4 4424/32/4 4464/32/4
f 4426/32/4 4427/32/4 4465/32/4
f 4464/33/4 4425/33/4 4465/33/4
f 4425/32/4 4426/32/4 4465/32/4
f 4427/29/4 4428/29/4 4466/29/4
f 4465/32/4 4427/32/4 4466/32/4
f 4429/32/4 4430/32/4 4467/32/4
f 4466/29/4 4428/29/4 4467/29/4
f 4428/32/4 4429/32/4 4467/32/4
f 4430/33/4 4431/33/4 4468/33/4
f 4467/32/4 4430/32/4 4468/32/4
f 4431/33/4 4432/33/4 4468/33/4
f 4432/30/4 3728/30/4 4469/30/4
f 4468/33/4 4432/33/4 4469/33/4
f 4391/31/4 4435/31/4 4470/31/4
f 4390/33/4 4391/33/4 4470/33/4
f 4435/31/4 4436/31/4 4470/31/4
f 4470/31/4 4436/31/4 4471/31/4
f 4394/36/4 4395/36/4 4472/36/4
f 4436/32/4 4394/32/4 4472/32/4
f 4395/32/4 4347/32/4 4473/32/4
f 4472/36/4 4395/36/4 4473/36/4
f 4398/32/4 4244/32/4 4474/32/4
f 4397/32/4 4398/32/4 4474/32/4
f 4244/34/4 4399/34/4 4474/34/4
f 4399/32/4 4400/32/4 4475/32/4
f 4474/34/4 4399/34/4 4475/34/4
f 4438/33/4 4439/33/4 4476/33/4
f 4440/32/4 4441/32/4 4477/32/4
f 4476/33/4 4439/33/4 4477/33/4
f 4439/32/4 4440/32/4 4477/32/4
f 4403/33/4 4443/33/4 4478/33/4
f 4442/32/4 4403/32/4 4478/32/4
f 4443/32/4 4444/32/4 4479/32/4
f 4478/33/4 4443/33/4 4479/33/4
f 4406/30/4 4407/30/4 4480/30/4
f 4407/32/4 4408/32/4 4480/32/4
f 4480/32/4 4408/32/4 4481/32/4
f 4409/32/4 4410/32/4 4482/32/4
f 4408/30/4 4409/30/4 4482/30/4
f 4482/32/4 4410/32/4 4483/32/4
f 4410/33/4 4368/33/4 4484/33/4
f 4368/32/4 4445/32/4 4485/32/4
f 4484/33/4 4368/33/4 4485/33/4
f 4485/32/4 4445/32/4 4486/32/4
f 4445/34/4 4446/34/4 4487/34/4
f 4486/32/4 4445/32/4 4487/32/4
f 4446/34/4 4413/34/4 4488/34/4
f 4487/34/4 4446/34/4 4488/34/4
f 4413/32/4 4414/32/4 4488/32/4
f 4414/33/4 4447/33/4 4489/33/4
f 4488/32/4 4414/32/4 4489/32/4
f 4447/32/4 4448/32/4 4490/32/4
f 4489/33/4 4447/33/4 4490/33/4
f 4448/33/4 4449/33/4 4491/33/4
f 4490/32/4 4448/32/4 4491/32/4
f 4449/28/4 4450/28/4 4492/28/4
f 4491/33/4 4449/33/4 4492/33/4
f 4450/33/4 4372/33/4 4493/33/4
f 4492/28/4 4450/28/4 4493/28/4
f 4372/28/4 4373/28/4 4494/28/4
f 4493/33/4 4372/33/4 4494/33/4
f 4373/33/4 4274/33/4 4495/33/4
f 4494/28/4 4373/28/4 4495/28/4
f 4274/29/4 4327/29/4 4496/29/4
f 4495/33/4 4274/33/4 4496/33/4
f 4327/32/4 4451/32/4 4497/32/4
f 4496/29/4 4327/29/4 4497/29/4
f 4451/39/4 4452/39/4 4498/39/4
f 4497/32/4 4451/32/4 4498/32/4
f 4452/30/4 4330/30/4 4499/30/4
f 4498/39/4 4452/39/4 4499/39/4
f 4330/29/4 4278/29/4 4500/29/4
f 4499/30/4 4330/30/4 4500/30/4
f 4278/33/4 4250/33/4 4501/33/4
f 4500/29/4 4278/29/4 4501/29/4
f 4250/29/4 4331/29/4 4502/29/4
f 4501/33/4 4250/33/4 4502/33/4
f 4331/32/4 4453/32/4 4503/32/4
f 4502/29/4 4331/29/4 4503/29/4
f 4453/39/4 4454/39/4 4504/39/4
f 4503/32/4 4453/32/4 4504/32/4
f 4454/30/4 4334/30/4 4505/30/4
f 4504/39/4 4454/39/4 4505/39/4
f 4334/29/4 4455/29/4 4506/29/4
f 4505/30/4 4334/30/4 4506/30/4
f 4457/29/4 4458/29/4 4507/29/4
f 4456/30/4 4457/30/4 4507/30/4
f 4459/32/4 4460/32/4 4508/32/4
f 4507/29/4 4458/29/4 4508/29/4
f 4460/32/4 4461/32/4 4508/32/4
f 4458/32/4 4459/32/4 4508/32/4
f 4461/30/4 4462/30/4 4509/30/4
f 4508/32/4 4461/32/4 4509/32/4
f 4467/32/4 4468/32/4 4510/32/4
f 4509/30/4 4462/30/4 4510/30/4
f 4464/32/4 4465/32/4 4510/32/4
f 4462/32/4 4463/32/4 4510/32/4
f 4466/32/4 4467/32/4 4510/32/4
f 4465/32/4 4466/32/4 4510/32/4
f 4463/32/4 4464/32/4 4510/32/4
f 4468/32/4 4469/32/4 4510/32/4
f 4510/32/4 4469/32/4 4511/32/4
f 4511/32/4 4469/32/4 4512/32/4
f 4512/32/4 4469/32/4 4513/32/4
f 3727/30/4 3729/30/4 4514/30/4
f 4194/33/4 4264/33/4 4514/33/4
f 4387/33/4 4388/33/4 4514/33/4
f 4264/33/4 4317/33/4 4514/33/4
f 3729/33/4 4194/33/4 4514/33/4
f 4317/33/4 4387/33/4 4514/33/4
f 4514/33/4 4388/33/4 4515/33/4
f 4433/31/4 4434/31/4 4516/31/4
f 4388/31/4 4433/31/4 4516/31/4
f 4516/31/4 4434/31/4 4517/31/4
f 4434/36/4 4390/36/4 4518/36/4
f 4517/31/4 4434/31/4 4518/31/4
f 4470/33/4 4471/33/4 4519/33/4
f 4518/36/4 4390/36/4 4519/36/4
f 4390/33/4 4470/33/4 4519/33/4
f 4519/33/4 4471/33/4 4520/33/4
f 4436/32/4 4472/32/4 4521/32/4
f 4472/32/4 4473/32/4 4521/32/4
f 4473/32/4 4347/32/4 4522/32/4
f 4521/32/4 4473/32/4 4522/32/4
f 4347/34/4 4396/34/4 4522/34/4
f 4396/39/4 4397/39/4 4523/39/4
f 4522/34/4 4396/34/4 4523/34/4
f 4474/32/4 4475/32/4 4524/32/4
f 4523/39/4 4397/39/4 4524/39/4
f 4397/32/4 4474/32/4 4524/32/4
f 4477/32/4 4441/32/4 4525/32/4
f 4476/32/4 4477/32/4 4525/32/4
f 4441/30/4 4442/30/4 4526/30/4
f 4525/32/4 4441/32/4 4526/32/4
f 4442/32/4 4478/32/4 4527/32/4
f 4526/30/4 4442/30/4 4527/30/4
f 4478/32/4 4479/32/4 4527/32/4
f 4483/32/4 4410/32/4 4528/32/4
f 4482/31/4 4483/31/4 4528/31/4
f 4410/33/4 4484/33/4 4529/33/4
f 4528/32/4 4410/32/4 4529/32/4
f 4484/32/4 4485/32/4 4530/32/4
f 4529/33/4 4484/33/4 4530/33/4
f 4485/32/4 4486/32/4 4530/32/4
f 4530/32/4 4486/32/4 4531/32/4
f 4488/34/4 4489/34/4 4532/34/4
f 4531/32/4 4486/32/4 4532/32/4
f 4487/34/4 4488/34/4 4532/34/4
f 4486/34/4 4487/34/4 4532/34/4
f 4532/34/4 4489/34/4 4533/34/4
f 4533/34/4 4489/34/4 4534/34/4
f 4491/33/4 4492/33/4 4535/33/4
f 4490/34/4 4491/34/4 4535/34/4
f 4535/33/4 4492/33/4 4536/33/4
f 4536/33/4 4492/33/4 4537/33/4
f 4495/32/4 4496/32/4 4538/32/4
f 4494/32/4 4495/32/4 4538/32/4
f 4493/32/4 4494/32/4 4538/32/4
f 4492/32/4 4493/32/4 4538/32/4
f 4496/29/4 4497/29/4 4538/29/4
f 4497/30/4 4498/30/4 4539/30/4
f 4538/29/4 4497/29/4 4539/29/4
f 4498/30/4 4499/30/4 4539/30/4
f 4499/32/4 4500/32/4 4540/32/4
f 4539/30/4 4499/30/4 4540/30/4
f 4500/29/4 4501/29/4 4541/29/4
f 4540/32/4 4500/32/4 4541/32/4
f 4501/32/4 4502/32/4 4542/32/4
f 4541/29/4 4501/29/4 4542/29/4
f 4502/29/4 4503/29/4 4543/29/4
f 4542/32/4 4502/32/4 4543/32/4
f 4503/30/4 4504/30/4 4544/30/4
f 4543/29/4 4503/29/4 4544/29/4
f 4504/30/4 4505/30/4 4544/30/4
f 4505/32/4 4506/32/4 4545/32/4
f 4544/30/4 4505/30/4 4545/30/4
f 4506/29/4 4455/29/4 4546/29/4
f 4545/32/4 4506/32/4 4546/32/4
f 4455/32/4 4456/32/4 4547/32/4
f 4546/29/4 4455/29/4 4547/29/4
f 4508/32/4 4509/32/4 4548/32/4
f 4507/32/4 4508/32/4 4548/32/4
f 4456/30/4 4507/30/4 4548/30/4
f 4548/32/4 4509/32/4 4549/32/4
f 4549/32/4 4509/32/4 4550/32/4
f 4510/27/4 4511/27/4 4551/27/4
f 4550/32/4 4509/32/4 4551/32/4
f 4509/27/4 4510/27/4 4551/27/4
f 4551/27/4 4511/27/4 4552/27/4
f 4511/30/4 4512/30/4 4553/30/4
f 4552/27/4 4511/27/4 4553/27/4
f 4512/27/4 4513/27/4 4554/27/4
f 4553/30/4 4512/30/4 4554/30/4
f 4554/27/4 4513/27/4 4555/27/4
f 4513/32/4 4469/32/4 4556/32/4
f 4555/27/4 4513/27/4 4556/27/4
f 4556/32/4 4469/32/4 4557/32/4
f 4514/31/4 4515/31/4 4558/31/4
f 4515/33/4 4388/33/4 4558/33/4
f 4558/33/4 4388/33/4 4559/33/4
f 4521/34/4 4522/34/4 4560/34/4
f 4522/34/4 4523/34/4 4560/34/4
f 4523/32/4 4524/32/4 4560/32/4
f 4524/32/4 4475/32/4 4561/32/4
f 4560/32/4 4524/32/4 4561/32/4
f 4438/33/4 4476/33/4 4562/33/4
f 4437/32/4 4438/32/4 4562/32/4
f 4476/32/4 4525/32/4 4563/32/4
f 4562/33/4 4476/33/4 4563/33/4
f 4481/32/4 4408/32/4 4564/32/4
f 4408/30/4 4482/30/4 4565/30/4
f 4564/32/4 4408/32/4 4565/32/4
f 4530/33/4 4531/33/4 4566/33/4
f 4529/32/4 4530/32/4 4566/32/4
f 4531/31/4 4532/31/4 4567/31/4
f 4566/33/4 4531/33/4 4567/33/4
f 4489/33/4 4490/33/4 4568/33/4
f 4534/34/4 4489/34/4 4568/34/4
f 4535/34/4 4536/34/4 4569/34/4
f 4568/33/4 4490/33/4 4569/33/4
f 4490/34/4 4535/34/4 4569/34/4
f 4569/34/4 4536/34/4 4570/34/4
f 4536/31/4 4537/31/4 4571/31/4
f 4570/34/4 4536/34/4 4571/34/4
f 4537/33/4 4492/33/4 4572/33/4
f 4571/31/4 4537/31/4 4572/31/4
f 4492/32/4 4538/32/4 4573/32/4
f 4542/32/4 4543/32/4 4573/32/4
f 4545/32/4 4546/32/4 4573/32/4
f 4539/32/4 4540/32/4 4573/32/4
f 4544/32/4 4545/32/4 4573/32/4
f 4538/32/4 4539/32/4 4573/32/4
f 4546/32/4 4547/32/4 4573/32/4
f 4543/32/4 4544/32/4 4573/32/4
f 4541/32/4 4542/32/4 4573/32/4
f 4540/32/4 4541/32/4 4573/32/4
f 4573/32/4 4547/32/4 4574/32/4
f 4547/32/4 4456/32/4 4575/32/4
f 4574/32/4 4547/32/4 4575/32/4
f 4456/30/4 4548/30/4 4576/30/4
f 4575/32/4 4456/32/4 4576/32/4
f 4548/30/4 4549/30/4 4576/30/4
f 4550/30/4 4551/30/4 4577/30/4
f 4549/32/4 4550/32/4 4577/32/4
f 4551/27/4 4552/27/4 4578/27/4
f 4577/30/4 4551/30/4 4578/30/4
f 4554/30/4 4555/30/4 4579/30/4
f 4578/27/4 4552/27/4 4579/27/4
f 4553/30/4 4554/30/4 4579/30/4
f 4552/30/4 4553/30/4 4579/30/4
f 4579/30/4 4555/30/4 4580/30/4
f 4555/27/4 4556/27/4 4581/27/4
f 4580/30/4 4555/30/4 4581/30/4
f 4556/27/4 4557/27/4 4581/27/4
f 4581/27/4 4557/27/4 4582/27/4
f 4557/32/4 4469/32/4 4583/32/4
f 4582/27/4 4557/27/4 4583/27/4
f 4583/32/4 4469/32/4 4584/32/4
f 4558/31/4 4559/31/4 4585/31/4
f 3727/30/4 4514/30/4 4585/30/4
f 4514/31/4 4558/31/4 4585/31/4
f 4585/31/4 4559/31/4 4586/31/4
f 4559/33/4 4388/33/4 4587/33/4
f 4388/31/4 4516/31/4 4587/31/4
f 4516/33/4 4517/33/4 4588/33/4
f 4587/31/4 4516/31/4 4588/31/4
f 4518/31/4 4519/31/4 4589/31/4
f 4588/33/4 4517/33/4 4589/33/4
f 4517/31/4 4518/31/4 4589/31/4
f 4589/31/4 4519/31/4 4590/31/4
f 4519/36/4 4520/36/4 4591/36/4
f 4590/31/4 4519/31/4 4591/31/4
f 4520/33/4 4471/33/4 4592/33/4
f 4591/36/4 4520/36/4 4592/36/4
f 4471/31/4 4436/31/4 4593/31/4
f 4592/33/4 4471/33/4 4593/33/4
f 4436/32/4 4521/32/4 4594/32/4
f 4593/31/4 4436/31/4 4594/31/4
f 4521/34/4 4560/34/4 4595/34/4
f 4594/32/4 4521/32/4 4595/32/4
f 4560/34/4 4561/34/4 4595/34/4
f 4595/34/4 4561/34/4 4596/34/4
f 4561/32/4 4475/32/4 4597/32/4
f 4400/33/4 4437/33/4 4597/33/4
f 4475/32/4 4400/32/4 4597/32/4
f 4437/32/4 4562/32/4 4598/32/4
f 4597/33/4 4437/33/4 4598/33/4
f 4562/32/4 4563/32/4 4598/32/4
f 4563/32/4 4525/32/4 4599/32/4
f 4598/32/4 4563/32/4 4599/32/4
f 4599/32/4 4525/32/4 4600/32/4
f 4527/32/4 4479/32/4 4601/32/4
f 4479/32/4 4444/32/4 4601/32/4
f 4444/32/4 4406/32/4 4601/32/4
f 4526/32/4 4527/32/4 4601/32/4
f 4406/30/4 4480/30/4 4602/30/4
f 4601/32/4 4406/32/4 4602/32/4
f 4480/34/4 4481/34/4 4603/34/4
f 4602/30/4 4480/30/4 4603/30/4
f 4481/32/4 4564/32/4 4604/32/4
f 4603/34/4 4481/34/4 4604/34/4
f 4564/34/4 4565/34/4 4605/34/4
f 4604/32/4 4564/32/4 4605/32/4
f 4566/32/4 4567/32/4 4606/32/4
f 4529/32/4 4566/32/4 4606/32/4
f 4567/31/4 4532/31/4 4607/31/4
f 4606/32/4 4567/32/4 4607/32/4
f 4533/31/4 4534/31/4 4608/31/4
f 4534/34/4 4568/34/4 4608/34/4
f 4568/32/4 4569/32/4 4609/32/4
f 4608/34/4 4568/34/4 4609/34/4
f 4569/32/4 4570/32/4 4609/32/4
f 4609/32/4 4570/32/4 4610/32/4
f 4570/34/4 4571/34/4 4611/34/4
f 4610/32/4 4570/32/4 4611/32/4
f 4572/33/4 4492/33/4 4612/33/4
f 4492/32/4 4573/32/4 4612/32/4
f 4612/32/4 4573/32/4 4613/32/4
f 4574/32/4 4575/32/4 4614/32/4
f 4614/32/4 4575/32/4 4615/32/4
f 4577/38/4 4578/38/4 4616/38/4
f 4579/38/4 4580/38/4 4616/38/4
f 4549/32/4 4577/32/4 4616/32/4
f 4578/38/4 4579/38/4 4616/38/4
f 4616/38/4 4580/38/4 4617/38/4
f 4617/38/4 4580/38/4 4618/38/4
f 4618/38/4 4580/38/4 4619/38/4
f 4581/30/4 4582/30/4 4620/30/4
f 4619/38/4 4580/38/4 4620/38/4
f 4580/30/4 4581/30/4 4620/30/4
f 4620/30/4 4582/30/4 4621/30/4
f 4621/30/4 4582/30/4 4622/30/4
f 4622/30/4 4582/30/4 4623/30/4
f 4583/27/4 4584/27/4 4624/27/4
f 4623/30/4 4582/30/4 4624/30/4
f 4582/27/4 4583/27/4 4624/27/4
f 4624/27/4 4584/27/4 4625/27/4
f 4584/32/4 4469/32/4 4626/32/4
f 4625/27/4 4584/27/4 4626/27/4
f 4469/30/4 3728/30/4 4627/30/4
f 4626/32/4 4469/32/4 4627/32/4
f 3727/30/4 4585/30/4 4628/30/4
f 4585/30/4 4586/30/4 4628/30/4
f 4586/31/4 4559/31/4 4629/31/4
f 4628/30/4 4586/30/4 4629/30/4
f 4559/33/4 4587/33/4 4630/33/4
f 4629/31/4 4559/31/4 4630/31/4
f 4587/33/4 4588/33/4 4630/33/4
f 4589/33/4 4590/33/4 4630/33/4
f 4588/33/4 4589/33/4 4630/33/4
f 4630/33/4 4590/33/4 4631/33/4
f 4631/33/4 4590/33/4 4632/33/4
f 4590/30/4 4591/30/4 4633/30/4
f 4632/33/4 4590/33/4 4633/33/4
f 4591/30/4 4592/30/4 4633/30/4
f 4595/32/4 4596/32/4 4634/32/4
f 4594/32/4 4595/32/4 4634/32/4
f 4596/34/4 4561/34/4 4635/34/4
f 4634/32/4 4596/32/4 4635/32/4
f 4561/32/4 4597/32/4 4636/32/4
f 4635/34/4 4561/34/4 4636/34/4
f 4598/32/4 4599/32/4 4636/32/4
f 4597/32/4 4598/32/4 4636/32/4
f 4636/32/4 4599/32/4 4637/32/4
f 4526/32/4 4601/32/4 4638/32/4
f 4525/30/4 4526/30/4 4638/30/4
f 4638/32/4 4601/32/4 4639/32/4
f 4602/30/4 4603/30/4 4640/30/4
f 4601/34/4 4602/34/4 4640/34/4
f 4603/30/4 4604/30/4 4640/30/4
f 4640/30/4 4604/30/4 4641/30/4
f 4607/31/4 4532/31/4 4642/31/4
f 4606/31/4 4607/31/4 4642/31/4
f 4532/34/4 4533/34/4 4642/34/4
f 4642/34/4 4533/34/4 4643/34/4
f 4571/32/4 4572/32/4 4644/32/4
f 4572/33/4 4612/33/4 4644/33/4
f 4644/33/4 4612/33/4 4645/33/4
f 4645/33/4 4612/33/4 4646/33/4
f 4612/31/4 4613/31/4 4647/31/4
f 4646/33/4 4612/33/4 4647/33/4
f 4615/32/4 4575/32/4 4648/32/4
f 4614/31/4 4615/31/4 4648/31/4
f 4648/32/4 4575/32/4 4649/32/4
f 4575/34/4 4576/34/4 4650/34/4
f 4649/32/4 4575/32/4 4650/32/4
f 4576/30/4 4549/30/4 4651/30/4
f 4650/34/4 4576/34/4 4651/34/4
f 4616/32/4 4617/32/4 4652/32/4
f 4617/31/4 4618/31/4 4652/31/4
f 4618/29/4 4619/29/4 4653/29/4
f 4652/31/4 4618/31/4 4653/31/4
f 4620/31/4 4621/31/4 4654/31/4
f 4619/31/4 4620/31/4 4654/31/4
f 4621/38/4 4622/38/4 4654/38/4
f 4622/37/4 4623/37/4 4655/37/4
f 4654/38/4 4622/38/4 4655/38/4
f 4655/37/4 4623/37/4 4656/37/4
f 4623/30/4 4624/30/4 4657/30/4
f 4656/37/4 4623/37/4 4657/37/4
f 4624/30/4 4625/30/4 4657/30/4
f 4625/27/4 4626/27/4 4658/27/4
f 4657/30/4 4625/30/4 4658/30/4
f 4626/27/4 4627/27/4 4658/27/4
f 4658/27/4 4627/27/4 4659/27/4
f 4629/31/4 4630/31/4 4660/31/4
f 4628/33/4 4629/33/4 4660/33/4
f 4630/30/4 4631/30/4 4661/30/4
f 4660/31/4 4630/31/4 4661/31/4
f 4631/33/4 4632/33/4 4662/33/4
f 4661/30/4 4631/30/4 4662/30/4
f 4662/33/4 4632/33/4 4663/33/4
f 4663/33/4 4632/33/4 4664/33/4
f 4632/30/4 4633/30/4 4665/30/4
f 4664/33/4 4632/33/4 4665/33/4
f 4633/30/4 4592/30/4 4666/30/4
f 4665/30/4 4633/30/4 4666/30/4
f 4637/32/4 4599/32/4 4667/32/4
f 4599/30/4 4600/30/4 4668/30/4
f 4667/32/4 4599/32/4 4668/32/4
f 4600/32/4 4525/32/4 4669/32/4
f 4668/30/4 4600/30/4 4669/30/4
f 4638/30/4 4639/30/4 4670/30/4
f 4669/32/4 4525/32/4 4670/32/4
f 4525/30/4 4638/30/4 4670/30/4
f 4639/32/4 4601/32/4 4671/32/4
f 4670/30/4 4639/30/4 4671/30/4
f 4671/32/4 4601/32/4 4672/32/4
f 4640/34/4 4641/34/4 4673/34/4
f 4672/32/4 4601/32/4 4673/32/4
f 4601/34/4 4640/34/4 4673/34/4
f 4641/30/4 4604/30/4 4674/30/4
f 4673/34/4 4641/34/4 4674/34/4
f 4604/34/4 4605/34/4 4675/34/4
f 4674/30/4 4604/30/4 4675/30/4
f 4605/34/4 4565/34/4 4676/34/4
f 4675/34/4 4605/34/4 4676/34/4
f 4565/30/4 4482/30/4 4677/30/4
f 4676/34/4 4565/34/4 4677/34/4
f 4482/31/4 4528/31/4 4678/31/4
f 4677/30/4 4482/30/4 4678/30/4
f 4528/33/4 4529/33/4 4679/33/4
f 4678/31/4 4528/31/4 4679/31/4
f 4529/32/4 4606/32/4 4680/32/4
f 4679/33/4 4529/33/4 4680/33/4
f 4680/32/4 4606/32/4 4681/32/4
f 4606/31/4 4642/31/4 4682/31/4
f 4681/32/4 4606/32/4 4682/32/4
f 4642/32/4 4643/32/4 4683/32/4
f 4682/31/4 4642/31/4 4683/31/4
f 4643/34/4 4533/34/4 4684/34/4
f 4683/32/4 4643/32/4 4684/32/4
f 4533/31/4 4608/31/4 4685/31/4
f 4684/34/4 4533/34/4 4685/34/4
f 4609/32/4 4610/32/4 4686/32/4
f 4685/31/4 4608/31/4 4686/31/4
f 4608/32/4 4609/32/4 4686/32/4
f 4686/32/4 4610/32/4 4687/32/4
f 4687/32/4 4610/32/4 4688/32/4
f 4610/31/4 4611/31/4 4689/31/4
f 4688/32/4 4610/32/4 4689/32/4
f 4611/34/4 4571/34/4 4690/34/4
f 4689/31/4 4611/31/4 4690/31/4
f 4571/32/4 4644/32/4 4691/32/4
f 4690/34/4 4571/34/4 4691/34/4
f 4644/31/4 4645/31/4 4692/31/4
f 4691/32/4 4644/32/4 4692/32/4
f 4645/33/4 4646/33/4 4693/33/4
f 4692/31/4 4645/31/4 4693/31/4
f 4646/32/4 4647/32/4 4694/32/4
f 4693/33/4 4646/33/4 4694/33/4
f 4647/31/4 4613/31/4 4695/31/4
f 4694/32/4 4647/32/4 4695/32/4
f 4613/32/4 4573/32/4 4696/32/4
f 4695/31/4 4613/31/4 4696/31/4
f 4573/30/4 4574/30/4 4697/30/4
f 4696/32/4 4573/32/4 4697/32/4
f 4574/32/4 4614/32/4 4698/32/4
f 4697/30/4 4574/30/4 4698/30/4
f 4648/31/4 4649/31/4 4699/31/4
f 4698/32/4 4614/32/4 4699/32/4
f 4614/31/4 4648/31/4 4699/31/4
f 4699/31/4 4649/31/4 4700/31/4
f 4700/31/4 4649/31/4 4701/31/4
f 4701/31/4 4649/31/4 4702/31/4
f 4702/31/4 4649/31/4 4703/31/4
f 4649/32/4 4650/32/4 4704/32/4
f 4703/31/4 4649/31/4 4704/31/4
f 4704/32/4 4650/32/4 4705/32/4
f 4650/30/4 4651/30/4 4706/30/4
f 4705/32/4 4650/32/4 4706/32/4
f 4651/30/4 4549/30/4 4707/30/4
f 4706/30/4 4651/30/4 4707/30/4
f 4616/32/4 4652/32/4 4708/32/4
f 4707/30/4 4549/30/4 4708/30/4
f 4549/32/4 4616/32/4 4708/32/4
f 4708/32/4 4652/32/4 4709/32/4
f 4709/32/4 4652/32/4 4710/32/4
f 4653/29/4 4619/29/4 4711/29/4
f 4652/29/4 4653/29/4 4711/29/4
f 4619/31/4 4654/31/4 4712/31/4
f 4711/29/4 4619/29/4 4712/29/4
f 4655/31/4 4656/31/4 4712/31/4
f 4654/31/4 4655/31/4 4712/31/4
f 4712/31/4 4656/31/4 4713/31/4
f 4713/31/4 4656/31/4 4714/31/4
f 4714/31/4 4656/31/4 4715/31/4
f 4715/31/4 4656/31/4 4716/31/4
f 4656/30/4 4657/30/4 4717/30/4
f 4716/31/4 4656/31/4 4717/31/4
f 4658/38/4 4659/38/4 4718/38/4
f 4717/30/4 4657/30/4 4718/30/4
f 4657/38/4 4658/38/4 4718/38/4
f 4659/27/4 4627/27/4 4719/27/4
f 4718/38/4 4659/38/4 4719/38/4
f 4660/30/4 4661/30/4 4720/30/4
f 4628/33/4 4660/33/4 4720/33/4
f 4661/30/4 4662/30/4 4720/30/4
f 4662/30/4 4663/30/4 4720/30/4
f 4720/30/4 4663/30/4 4721/30/4
f 4664/31/4 4665/31/4 4722/31/4
f 4665/31/4 4666/31/4 4722/31/4
f 4666/30/4 4592/30/4 4723/30/4
f 4722/31/4 4666/31/4 4723/31/4
f 4592/36/4 4593/36/4 4724/36/4
f 4723/30/4 4592/30/4 4724/30/4
f 4593/33/4 4594/33/4 4725/33/4
f 4724/36/4 4593/36/4 4725/36/4
f 4594/32/4 4634/32/4 4726/32/4
f 4725/33/4 4594/33/4 4726/33/4
f 4637/32/4 4667/32/4 4727/32/4
f 4634/34/4 4635/34/4 4727/34/4
f 4636/34/4 4637/34/4 4727/34/4
f 4635/34/4 4636/34/4 4727/34/4
f 4727/32/4 4667/32/4 4728/32/4
f 4667/34/4 4668/34/4 4729/34/4
f 4728/32/4 4667/32/4 4729/32/4
f 4669/32/4 4670/32/4 4730/32/4
f 4729/34/4 4668/34/4 4730/34/4
f 4668/32/4 4669/32/4 4730/32/4
f 4670/32/4 4671/32/4 4730/32/4
f 4730/32/4 4671/32/4 4731/32/4
f 4731/32/4 4671/32/4 4732/32/4
f 4671/34/4 4672/34/4 4733/34/4
f 4732/32/4 4671/32/4 4733/32/4
f 4674/32/4 4675/32/4 4734/32/4
f 4733/34/4 4672/34/4 4734/34/4
f 4673/32/4 4674/32/4 4734/32/4
f 4672/32/4 4673/32/4 4734/32/4
f 4734/32/4 4675/32/4 4735/32/4
f 4675/30/4 4676/30/4 4736/30/4
f 4735/32/4 4675/32/4 4736/32/4
f 4678/32/4 4679/32/4 4737/32/4
f 4736/30/4 4676/30/4 4737/30/4
f 4677/32/4 4678/32/4 4737/32/4
f 4676/32/4 4677/32/4 4737/32/4
f 4737/32/4 4679/32/4 4738/32/4
f 4679/31/4 4680/31/4 4739/31/4
f 4738/32/4 4679/32/4 4739/32/4
f 4680/34/4 4681/34/4 4740/34/4
f 4739/31/4 4680/31/4 4740/31/4
f 4681/31/4 4682/31/4 4741/31/4
f 4740/34/4 4681/34/4 4741/34/4
f 4682/34/4 4683/34/4 4742/34/4
f 4741/31/4 4682/31/4 4742/31/4
f 4683/34/4 4684/34/4 4742/34/4
f 4684/34/4 4685/34/4 4742/34/4
f 4742/34/4 4685/34/4 4743/34/4
f 4686/32/4 4687/32/4 4744/32/4
f 4743/34/4 4685/34/4 4744/34/4
f 4685/32/4 4686/32/4 4744/32/4
f 4687/34/4 4688/34/4 4745/34/4
f 4744/32/4 4687/32/4 4745/32/4
f 4688/30/4 4689/30/4 4746/30/4
f 4745/34/4 4688/34/4 4746/34/4
f 4689/32/4 4690/32/4 4747/32/4
f 4746/30/4 4689/30/4 4747/30/4
f 4690/30/4 4691/30/4 4748/30/4
f 4747/32/4 4690/32/4 4748/32/4
f 4692/32/4 4693/32/4 4749/32/4
f 4748/30/4 4691/30/4 4749/30/4
f 4691/32/4 4692/32/4 4749/32/4
f 4693/34/4 4694/34/4 4750/34/4
f 4749/32/4 4693/32/4 4750/32/4
f 4695/31/4 4696/31/4 4751/31/4
f 4694/31/4 4695/31/4 4751/31/4
f 4696/31/4 4697/31/4 4751/31/4
f 4699/32/4 4700/32/4 4752/32/4
f 4751/31/4 4697/31/4 4752/31/4
f 4697/32/4 4698/32/4 4752/32/4
f 4698/32/4 4699/32/4 4752/32/4
f 4752/32/4 4700/32/4 4753/32/4
f 4753/32/4 4700/32/4 4754/32/4
f 4754/32/4 4700/32/4 4755/32/4
f 4700/30/4 4701/30/4 4756/30/4
f 4755/32/4 4700/32/4 4756/32/4
f 4701/32/4 4702/32/4 4757/32/4
f 4756/30/4 4701/30/4 4757/30/4
f 4702/34/4 4703/34/4 4758/34/4
f 4757/32/4 4702/32/4 4758/32/4
f 4703/32/4 4704/32/4 4759/32/4
f 4758/34/4 4703/34/4 4759/34/4
f 4704/34/4 4705/34/4 4760/34/4
f 4759/32/4 4704/32/4 4760/32/4
f 4706/32/4 4707/32/4 4761/32/4
f 4705/32/4 4706/32/4 4761/32/4
f 4707/34/4 4708/34/4 4761/34/4
f 4761/34/4 4708/34/4 4762/34/4
f 4762/34/4 4708/34/4 4763/34/4
f 4713/30/4 4714/30/4 4764/30/4
f 4714/36/4 4715/36/4 4764/36/4
f 4715/35/4 4716/35/4 4765/35/4
f 4764/36/4 4715/36/4 4765/36/4
f 4718/30/4 4719/30/4 4766/30/4
f 4765/35/4 4716/35/4 4766/35/4
f 4717/30/4 4718/30/4 4766/30/4
f 4716/30/4 4717/30/4 4766/30/4
f 4766/30/4 4719/30/4 4767/30/4
f 4767/30/4 4719/30/4 4768/30/4
f 4628/33/4 4720/33/4 4769/33/4
f 4720/36/4 4721/36/4 4769/36/4
f 4721/30/4 4663/30/4 4770/30/4
f 4769/36/4 4721/36/4 4770/36/4
f 4770/30/4 4663/30/4 4771/30/4
f 4663/33/4 4664/33/4 4772/33/4
f 4771/30/4 4663/30/4 4772/30/4
f 4730/32/4 4731/32/4 4773/32/4
f 4729/32/4 4730/32/4 4773/32/4
f 4728/32/4 4729/32/4 4773/32/4
f 4773/32/4 4731/32/4 4774/32/4
f 4774/32/4 4731/32/4 4775/32/4
f 4731/31/4 4732/31/4 4776/31/4
f 4775/32/4 4731/32/4 4776/32/4
f 4740/7/4 4741/7/4 4777/7/4
f 4741/7/4 4742/7/4 4777/7/4
f 4742/34/4 4743/34/4 4777/34/4
f 4739/7/4 4740/7/4 4777/7/4
f 4777/34/4 4743/34/4 4778/34/4
f 4744/7/4 4745/7/4 4779/7/4
f 4743/7/4 4744/7/4 4779/7/4
f 4745/32/4 4746/32/4 4779/32/4
f 4746/31/4 4747/31/4 4780/31/4
f 4779/32/4 4746/32/4 4780/32/4
f 4748/7/4 4749/7/4 4781/7/4
f 4780/31/4 4747/31/4 4781/31/4
f 4747/7/4 4748/7/4 4781/7/4
f 4749/7/4 4750/7/4 4781/7/4
f 4750/34/4 4694/34/4 4782/34/4
f 4781/7/4 4750/7/4 4782/7/4
f 4694/31/4 4751/31/4 4783/31/4
f 4782/34/4 4694/34/4 4783/34/4
f 4751/7/4 4752/7/4 4784/7/4
f 4783/31/4 4751/31/4 4784/31/4
f 4752/7/4 4753/7/4 4784/7/4
f 4756/7/4 4757/7/4 4785/7/4
f 4758/32/4 4759/32/4 4785/32/4
f 4755/7/4 4756/7/4 4785/7/4
f 4757/7/4 4758/7/4 4785/7/4
f 4759/34/4 4760/34/4 4786/34/4
f 4785/32/4 4759/32/4 4786/32/4
f 4761/31/4 4762/31/4 4787/31/4
f 4762/32/4 4763/32/4 4787/32/4
f 4763/34/4 4708/34/4 4788/34/4
f 4787/32/4 4763/32/4 4788/32/4
f 4710/32/4 4652/32/4 4789/32/4
f 4652/29/4 4711/29/4 4790/29/4
f 4789/32/4 4652/32/4 4790/32/4
f 4712/31/4 4713/31/4 4791/31/4
f 4790/29/4 4711/29/4 4791/29/4
f 4711/31/4 4712/31/4 4791/31/4
f 4764/31/4 4765/31/4 4792/31/4
f 4766/30/4 4767/30/4 4793/30/4
f 4792/31/4 4765/31/4 4793/31/4
f 4765/30/4 4766/30/4 4793/30/4
f 4767/39/4 4768/39/4 4794/39/4
f 4793/30/4 4767/30/4 4794/30/4
f 4768/30/4 4719/30/4 4795/30/4
f 4794/39/4 4768/39/4 4795/39/4
f 4795/30/4 4719/30/4 4796/30/4
f 4664/31/4 4722/31/4 4797/31/4
f 4772/33/4 4664/33/4 4797/33/4
f 4771/33/4 4772/33/4 4797/33/4
f 4724/30/4 4725/30/4 4798/30/4
f 4797/31/4 4722/31/4 4798/31/4
f 4722/30/4 4723/30/4 4798/30/4
f 4723/30/4 4724/30/4 4798/30/4
f 4798/30/4 4725/30/4 4799/30/4
f 4799/30/4 4725/30/4 4800/30/4
f 4725/36/4 4726/36/4 4801/36/4
f 4800/30/4 4725/30/4 4801/30/4
f 4726/32/4 4634/32/4 4802/32/4
f 4801/36/4 4726/36/4 4802/36/4
f 4727/34/4 4728/34/4 4803/34/4
f 4802/32/4 4634/32/4 4803/32/4
f 4634/34/4 4727/34/4 4803/34/4
f 4803/34/4 4728/34/4 4804/34/4
f 4773/34/4 4774/34/4 4805/34/4
f 4774/31/4 4775/31/4 4806/31/4
f 4805/34/4 4774/34/4 4806/34/4
f 4775/30/4 4776/30/4 4807/30/4
f 4806/31/4 4775/31/4 4807/31/4
f 4776/31/4 4732/31/4 4808/31/4
f 4807/30/4 4776/30/4 4808/30/4
f 4735/7/4 4736/7/4 4809/7/4
f 4736/7/4 4737/7/4 4809/7/4
f 4737/7/4 4738/7/4 4809/7/4
f 4738/32/4 4739/32/4 4810/32/4
f 4809/7/4 4738/7/4 4810/7/4
f 4810/32/4 4739/32/4 4811/32/4
f 4739/7/4 4777/7/4 4812/7/4
f 4777/32/4 4778/32/4 4813/32/4
f 4812/7/4 4777/7/4 4813/7/4
f 4743/7/4 4779/7/4 4814/7/4
f 4779/31/4 4780/31/4 4815/31/4
f 4814/7/4 4779/7/4 4815/7/4
f 4781/7/4 4782/7/4 4816/7/4
f 4783/32/4 4784/32/4 4817/32/4
f 4816/7/4 4782/7/4 4817/7/4
f 4782/32/4 4783/32/4 4817/32/4
f 4817/32/4 4784/32/4 4818/32/4
f 4784/7/4 4753/7/4 4819/7/4
f 4818/32/4 4784/32/4 4819/32/4
f 4819/7/4 4753/7/4 4820/7/4
f 4753/30/4 4754/30/4 4821/30/4
f 4820/7/4 4753/7/4 4821/7/4
f 4754/32/4 4755/32/4 4822/32/4
f 4821/30/4 4754/30/4 4822/30/4
f 4755/7/4 4785/7/4 4823/7/4
f 4822/32/4 4755/32/4 4823/32/4
f 4823/7/4 4785/7/4 4824/7/4
f 4785/31/4 4786/31/4 4825/31/4
f 4824/7/4 4785/7/4 4825/7/4
f 4705/32/4 4761/32/4 4826/32/4
f 4826/32/4 4761/32/4 4827/32/4
f 4788/34/4 4708/34/4 4828/34/4
f 4787/34/4 4788/34/4 4828/34/4
f 4708/32/4 4709/32/4 4829/32/4
f 4828/34/4 4708/34/4 4829/34/4
f 4709/31/4 4710/31/4 4830/31/4
f 4829/32/4 4709/32/4 4830/32/4
f 4710/32/4 4789/32/4 4831/32/4
f 4830/31/4 4710/31/4 4831/31/4
f 4789/29/4 4790/29/4 4832/29/4
f 4831/32/4 4789/32/4 4832/32/4
f 4764/31/4 4792/31/4 4833/31/4
f 4794/30/4 4795/30/4 4833/30/4
f 4793/30/4 4794/30/4 4833/30/4
f 4792/30/4 4793/30/4 4833/30/4
f 4833/30/4 4795/30/4 4834/30/4
f 4834/30/4 4795/30/4 4835/30/4
f 4835/30/4 4795/30/4 4836/30/4
f 4836/30/4 4795/30/4 4837/30/4
f 4795/31/4 4796/31/4 4838/31/4
f 4837/30/4 4795/30/4 4838/30/4
f 4796/30/4 4719/30/4 4839/30/4
f 4839/30/4 4719/30/4 4840/30/4
f 4840/30/4 4719/30/4 4841/30/4
f 4769/33/4 4770/33/4 4842/33/4
f 4770/36/4 4771/36/4 4842/36/4
f 4771/33/4 4797/33/4 4843/33/4
f 4842/36/4 4771/36/4 4843/36/4
f 4843/33/4 4797/33/4 4844/33/4
f 4797/30/4 4798/30/4 4845/30/4
f 4844/33/4 4797/33/4 4845/33/4
f 4798/33/4 4799/33/4 4846/33/4
f 4845/30/4 4798/30/4 4846/30/4
f 4804/34/4 4728/34/4 4847/34/4
f 4803/32/4 4804/32/4 4847/32/4
f 4847/34/4 4728/34/4 4848/34/4
f 4728/32/4 4773/32/4 4849/32/4
f 4773/34/4 4805/34/4 4850/34/4
f 4849/32/4 4773/32/4 4850/32/4
f 4808/31/4 4732/31/4 4851/31/4
f 4806/31/4 4807/31/4 4851/31/4
f 4807/31/4 4808/31/4 4851/31/4
f 4732/32/4 4733/32/4 4852/32/4
f 4851/31/4 4732/31/4 4852/31/4
f 4734/32/4 4735/32/4 4852/32/4
f 4733/32/4 4734/32/4 4852/32/4
f 4852/32/4 4735/32/4 4853/32/4
f 4853/32/4 4735/32/4 4854/32/4
f 4813/32/4 4778/32/4 4855/32/4
f 4812/6/4 4813/6/4 4855/6/4
f 4778/34/4 4743/34/4 4856/34/4
f 4855/32/4 4778/32/4 4856/32/4
f 4820/6/4 4821/6/4 4857/6/4
f 4821/31/4 4822/31/4 4857/31/4
f 4822/34/4 4823/34/4 4858/34/4
f 4857/31/4 4822/31/4 4858/31/4
f 4787/34/4 4828/34/4 4859/34/4
f 4761/31/4 4787/31/4 4859/31/4
f 4828/32/4 4829/32/4 4860/32/4
f 4859/34/4 4828/34/4 4860/34/4
f 4832/29/4 4790/29/4 4861/29/4
f 4829/31/4 4830/31/4 4861/31/4
f 4831/31/4 4832/31/4 4861/31/4
f 4830/31/4 4831/31/4 4861/31/4
f 4790/31/4 4791/31/4 4862/31/4
f 4861/29/4 4790/29/4 4862/29/4
f 4791/31/4 4713/31/4 4863/31/4
f 4862/31/4 4791/31/4 4863/31/4
f 4713/30/4 4764/30/4 4864/30/4
f 4863/31/4 4713/31/4 4864/31/4
f 4764/31/4 4833/31/4 4865/31/4
f 4864/30/4 4764/30/4 4865/30/4
f 4833/31/4 4834/31/4 4865/31/4
f 4834/30/4 4835/30/4 4866/30/4
f 4835/39/4 4836/39/4 4866/39/4
f 4836/30/4 4837/30/4 4867/30/4
f 4866/39/4 4836/39/4 4867/39/4
f 4839/38/4 4840/38/4 4868/38/4
f 4796/30/4 4839/30/4 4868/30/4
f 4840/37/4 4841/37/4 4869/37/4
f 4868/38/4 4840/38/4 4869/38/4
f 4841/30/4 4719/30/4 4870/30/4
f 4869/37/4 4841/37/4 4870/37/4
f 4719/27/4 4627/27/4 4871/27/4
f 4870/30/4 4719/30/4 4871/30/4
f 4801/30/4 4802/30/4 4872/30/4
f 4800/30/4 4801/30/4 4872/30/4
f 4802/36/4 4803/36/4 4873/36/4
f 4872/30/4 4802/30/4 4873/30/4
f 4847/32/4 4848/32/4 4874/32/4
f 4873/36/4 4803/36/4 4874/36/4
f 4803/32/4 4847/32/4 4874/32/4
f 4874/32/4 4848/32/4 4875/32/4
f 4728/32/4 4849/32/4 4876/32/4
f 4876/32/4 4849/32/4 4877/32/4
f 4852/32/4 4853/32/4 4878/32/4
f 4851/30/4 4852/30/4 4878/30/4
f 4878/32/4 4853/32/4 4879/32/4
f 4780/32/4 4781/32/4 4880/32/4
f 4815/31/4 4780/31/4 4880/31/4
f 4781/7/4 4816/7/4 4881/7/4
f 4880/32/4 4781/32/4 4881/32/4
f 4817/32/4 4818/32/4 4882/32/4
f 4818/31/4 4819/31/4 4882/31/4
f 4819/7/4 4820/7/4 4883/7/4
f 4882/31/4 4819/31/4 4883/31/4
f 4858/34/4 4823/34/4 4884/34/4
f 4857/30/4 4858/30/4 4884/30/4
f 4823/7/4 4824/7/4 4885/7/4
f 4884/34/4 4823/34/4 4885/34/4
f 4705/32/4 4826/32/4 4886/32/4
f 4826/30/4 4827/30/4 4886/30/4
f 4827/32/4 4761/32/4 4887/32/4
f 4886/30/4 4827/30/4 4887/30/4
f 4761/31/4 4859/31/4 4888/31/4
f 4887/32/4 4761/32/4 4888/32/4
f 4861/31/4 4862/31/4 4889/31/4
f 4862/31/4 4863/31/4 4889/31/4
f 4863/30/4 4864/30/4 4890/30/4
f 4889/31/4 4863/31/4 4890/31/4
f 4869/30/4 4870/30/4 4891/30/4
f 4868/30/4 4869/30/4 4891/30/4
f 4870/27/4 4871/27/4 4892/27/4
f 4891/30/4 4870/30/4 4892/30/4
f 4842/33/4 4843/33/4 4893/33/4
f 4843/36/4 4844/36/4 4893/36/4
f 4844/33/4 4845/33/4 4894/33/4
f 4893/36/4 4844/36/4 4894/36/4
f 4845/33/4 4846/33/4 4894/33/4
f 4894/33/4 4846/33/4 4895/33/4
f 4848/34/4 4728/34/4 4896/34/4
f 4728/32/4 4876/32/4 4897/32/4
f 4896/34/4 4728/34/4 4897/34/4
f 4876/34/4 4877/34/4 4898/34/4
f 4897/32/4 4876/32/4 4898/32/4
f 4877/32/4 4849/32/4 4899/32/4
f 4898/34/4 4877/34/4 4899/34/4
f 4806/31/4 4851/31/4 4900/31/4
f 4878/30/4 4879/30/4 4901/30/4
f 4900/31/4 4851/31/4 4901/31/4
f 4851/30/4 4878/30/4 4901/30/4
f 4879/32/4 4853/32/4 4902/32/4
f 4901/30/4 4879/30/4 4902/30/4
f 4902/32/4 4853/32/4 4903/32/4
f 4811/32/4 4739/32/4 4904/32/4
f 4810/34/4 4811/34/4 4904/34/4
f 4739/7/4 4812/7/4 4905/7/4
f 4904/32/4 4739/32/4 4905/32/4
f 4812/6/4 4855/6/4 4906/6/4
f 4855/34/4 4856/34/4 4906/34/4
f 4856/34/4 4743/34/4 4907/34/4
f 4906/34/4 4856/34/4 4907/34/4
f 4888/31/4 4859/31/4 4908/31/4
f 4887/30/4 4888/30/4 4908/30/4
f 4859/32/4 4860/32/4 4909/32/4
f 4908/31/4 4859/31/4 4909/31/4
f 4838/31/4 4796/31/4 4910/31/4
f 4837/31/4 4838/31/4 4910/31/4
f 4868/30/4 4891/30/4 4911/30/4
f 4910/31/4 4796/31/4 4911/31/4
f 4796/30/4 4868/30/4 4911/30/4
f 4911/30/4 4891/30/4 4912/30/4
f 4912/30/4 4891/30/4 4913/30/4
f 4892/27/4 4871/27/4 4914/27/4
f 4891/27/4 4892/27/4 4914/27/4
f 4871/27/4 4627/27/4 4915/27/4
f 4914/27/4 4871/27/4 4915/27/4
f 4627/30/4 3728/30/4 4915/30/4
f 4895/33/4 4846/33/4 4916/33/4
f 4894/36/4 4895/36/4 4916/36/4
f 4846/33/4 4799/33/4 4917/33/4
f 4916/33/4 4846/33/4 4917/33/4
f 4799/31/4 4800/31/4 4918/31/4
f 4917/33/4 4799/33/4 4918/33/4
f 4800/30/4 4872/30/4 4919/30/4
f 4918/31/4 4800/31/4 4919/31/4
f 4872/38/4 4873/38/4 4920/38/4
f 4919/30/4 4872/30/4 4920/30/4
f 4873/30/4 4874/30/4 4921/30/4
f 4920/38/4 4873/38/4 4921/38/4
f 4874/36/4 4875/36/4 4922/36/4
f 4921/30/4 4874/30/4 4922/30/4
f 4875/32/4 4848/32/4 4923/32/4
f 4922/36/4 4875/36/4 4923/36/4
f 4848/34/4 4896/34/4 4924/34/4
f 4923/32/4 4848/32/4 4924/32/4
f 4897/32/4 4898/32/4 4925/32/4
f 4924/34/4 4896/34/4 4925/34/4
f 4896/32/4 4897/32/4 4925/32/4
f 4898/32/4 4899/32/4 4925/32/4
f 4925/32/4 4899/32/4 4926/32/4
f 4903/32/4 4853/32/4 4927/32/4
f 4853/34/4 4854/34/4 4927/34/4
f 4854/32/4 4735/32/4 4928/32/4
f 4927/34/4 4854/34/4 4928/34/4
f 4735/7/4 4809/7/4 4929/7/4
f 4928/32/4 4735/32/4 4929/32/4
f 4809/6/4 4810/6/4 4930/6/4
f 4929/7/4 4809/7/4 4930/7/4
f 4904/34/4 4905/34/4 4931/34/4
f 4930/6/4 4810/6/4 4931/6/4
f 4810/34/4 4904/34/4 4931/34/4
f 4905/7/4 4812/7/4 4932/7/4
f 4931/34/4 4905/34/4 4932/34/4
f 4812/6/4 4906/6/4 4933/6/4
f 4932/7/4 4812/7/4 4933/7/4
f 4906/32/4 4907/32/4 4934/32/4
f 4933/6/4 4906/6/4 4934/6/4
f 4907/34/4 4743/34/4 4935/34/4
f 4934/32/4 4907/32/4 4935/32/4
f 4743/7/4 4814/7/4 4936/7/4
f 4935/34/4 4743/34/4 4936/34/4
f 4814/6/4 4815/6/4 4937/6/4
f 4936/7/4 4814/7/4 4937/7/4
f 4815/31/4 4880/31/4 4938/31/4
f 4937/6/4 4815/6/4 4938/6/4
f 4880/31/4 4881/31/4 4938/31/4
f 4881/7/4 4816/7/4 4939/7/4
f 4938/31/4 4881/31/4 4939/31/4
f 4816/6/4 4817/6/4 4940/6/4
f 4939/7/4 4816/7/4 4940/7/4
f 4882/32/4 4883/32/4 4941/32/4
f 4940/6/4 4817/6/4 4941/6/4
f 4817/32/4 4882/32/4 4941/32/4
f 4883/7/4 4820/7/4 4942/7/4
f 4941/32/4 4883/32/4 4942/32/4
f 4820/6/4 4857/6/4 4943/6/4
f 4942/7/4 4820/7/4 4943/7/4
f 4857/30/4 4884/30/4 4944/30/4
f 4943/6/4 4857/6/4 4944/6/4
f 4884/32/4 4885/32/4 4945/32/4
f 4944/30/4 4884/30/4 4945/30/4
f 4885/7/4 4824/7/4 4946/7/4
f 4945/32/4 4885/32/4 4946/32/4
f 4824/6/4 4825/6/4 4947/6/4
f 4946/7/4 4824/7/4 4947/7/4
f 4825/31/4 4786/31/4 4948/31/4
f 4947/6/4 4825/6/4 4948/6/4
f 4786/34/4 4760/34/4 4949/34/4
f 4948/31/4 4786/31/4 4949/31/4
f 4760/34/4 4705/34/4 4950/34/4
f 4949/34/4 4760/34/4 4950/34/4
f 4705/32/4 4886/32/4 4951/32/4
f 4950/34/4 4705/34/4 4951/34/4
f 4886/32/4 4887/32/4 4951/32/4
f 4909/32/4 4860/32/4 4952/32/4
f 4860/32/4 4829/32/4 4952/32/4
f 4829/31/4 4861/31/4 4952/31/4
f 4861/31/4 4889/31/4 4952/31/4
f 4952/31/4 4889/31/4 4953/31/4
f 4834/30/4 4866/30/4 4954/30/4
f 4866/30/4 4867/30/4 4954/30/4
f 4865/31/4 4834/31/4 4954/31/4
f 4864/31/4 4865/31/4 4954/31/4
f 4954/30/4 4867/30/4 4955/30/4
f 4913/30/4 4891/30/4 4956/30/4
f 4891/27/4 4914/27/4 4957/27/4
f 4956/30/4 4891/30/4 4957/30/4
f 4916/36/4 4917/36/4 4958/36/4
f 4894/36/4 4916/36/4 4958/36/4
f 4893/33/4 4894/33/4 4958/33/4
f 4958/36/4 4917/36/4 4959/36/4
f 4918/33/4 4919/33/4 4960/33/4
f 4923/30/4 4924/30/4 4960/30/4
f 4919/30/4 4920/30/4 4960/30/4
f 4921/30/4 4922/30/4 4960/30/4
f 4920/30/4 4921/30/4 4960/30/4
f 4922/30/4 4923/30/4 4960/30/4
f 4917/33/4 4918/33/4 4960/33/4
f 4960/30/4 4924/30/4 4961/30/4
f 4926/32/4 4899/32/4 4962/32/4
f 4924/34/4 4925/34/4 4962/34/4
f 4925/34/4 4926/34/4 4962/34/4
f 4962/32/4 4899/32/4 4963/32/4
f 4963/32/4 4899/32/4 4964/32/4
f 4964/32/4 4899/32/4 4965/32/4
f 4806/31/4 4900/31/4 4966/31/4
f 4805/32/4 4806/32/4 4966/32/4
f 4900/30/4 4901/30/4 4967/30/4
f 4966/31/4 4900/31/4 4967/31/4
f 4901/30/4 4902/30/4 4967/30/4
f 4902/30/4 4903/30/4 4967/30/4
f 4967/30/4 4903/30/4 4968/30/4
f 4968/30/4 4903/30/4 4969/30/4
f 4969/30/4 4903/30/4 4970/30/4
f 4934/9/4 4935/9/4 4971/9/4
f 4930/9/4 4931/9/4 4971/9/4
f 4937/9/4 4938/9/4 4971/9/4
f 4933/9/4 4934/9/4 4971/9/4
f 4931/9/4 4932/9/4 4971/9/4
f 4944/9/4 4945/9/4 4971/9/4
f 4947/9/4 4948/9/4 4971/9/4
f 4941/9/4 4942/9/4 4971/9/4
f 4946/9/4 4947/9/4 4971/9/4
f 4938/9/4 4939/9/4 4971/9/4
f 4932/9/4 4933/9/4 4971/9/4
f 4940/9/4 4941/9/4 4971/9/4
f 4928/1/4 4929/1/4 4971/1/4
f 4929/9/4 4930/9/4 4971/9/4
f 4939/9/4 4940/9/4 4971/9/4
f 4943/9/4 4944/9/4 4971/9/4
f 4942/9/4 4943/9/4 4971/9/4
f 4945/9/4 4946/9/4 4971/9/4
f 4936/9/4 4937/9/4 4971/9/4
f 4927/1/4 4928/1/4 4971/1/4
f 4935/9/4 4936/9/4 4971/9/4
f 4948/1/4 4949/1/4 4972/1/4
f 4971/9/4 4948/9/4 4972/9/4
f 4949/1/4 4950/1/4 4972/1/4
f 4887/30/4 4908/30/4 4973/30/4
f 4908/30/4 4909/30/4 4973/30/4
f 4952/32/4 4953/32/4 4974/32/4
f 4973/30/4 4909/30/4 4974/30/4
f 4909/32/4 4952/32/4 4974/32/4
f 4974/32/4 4953/32/4 4975/32/4
f 4953/31/4 4889/31/4 4976/31/4
f 4975/32/4 4953/32/4 4976/32/4
f 4976/31/4 4889/31/4 4977/31/4
f 4889/30/4 4890/30/4 4978/30/4
f 4977/31/4 4889/31/4 4978/31/4
f 4955/30/4 4867/30/4 4979/30/4
f 4867/30/4 4837/30/4 4979/30/4
f 4837/31/4 4910/31/4 4980/31/4
f 4979/30/4 4837/30/4 4980/30/4
f 4913/30/4 4956/30/4 4981/30/4
f 4912/27/4 4913/27/4 4981/27/4
f 4956/31/4 4957/31/4 4982/31/4
f 4981/30/4 4956/30/4 4982/30/4
f 4957/27/4 4914/27/4 4983/27/4
f 4982/31/4 4957/31/4 4983/31/4
f 4914/32/4 4915/32/4 4984/32/4
f 4983/27/4 4914/27/4 4984/27/4
f 4959/36/4 4917/36/4 4985/36/4
f 4958/33/4 4959/33/4 4985/33/4
f 4985/36/4 4917/36/4 4986/36/4
f 4917/33/4 4960/33/4 4987/33/4
f 4986/36/4 4917/36/4 4987/36/4
f 4960/33/4 4961/33/4 4987/33/4
f 4987/33/4 4961/33/4 4988/33/4
f 4962/34/4 4963/34/4 4989/34/4
f 4963/32/4 4964/32/4 4989/32/4
f 4964/34/4 4965/34/4 4990/34/4
f 4989/32/4 4964/32/4 4990/32/4
f 4965/32/4 4899/32/4 4991/32/4
f 4990/34/4 4965/34/4 4991/34/4
f 4899/32/4 4849/32/4 4992/32/4
f 4991/32/4 4899/32/4 4992/32/4
f 4805/32/4 4966/32/4 4993/32/4
f 4850/34/4 4805/34/4 4993/34/4
f 4967/32/4 4968/32/4 4993/32/4
f 4966/32/4 4967/32/4 4993/32/4
f 4993/32/4 4968/32/4 4994/32/4
f 4968/30/4 4969/30/4 4995/30/4
f 4994/32/4 4968/32/4 4995/32/4
f 4969/34/4 4970/34/4 4996/34/4
f 4995/30/4 4969/30/4 4996/30/4
f 4970/30/4 4903/30/4 4997/30/4
f 4996/34/4 4970/34/4 4997/34/4
f 4903/32/4 4927/32/4 4998/32/4
f 4997/30/4 4903/30/4 4998/30/4
f 4927/1/4 4971/1/4 4999/1/4
f 4998/32/4 4927/32/4 4999/32/4
f 4999/1/4 4971/1/4 5000/1/4
f 4971/17/4 4972/17/4 5001/17/4
f 5000/1/4 4971/1/4 5001/1/4
f 4972/1/4 4950/1/4 5002/1/4
f 5001/17/4 4972/17/4 5002/17/4
f 5002/1/4 4950/1/4 5003/1/4
f 4950/32/4 4951/32/4 5004/32/4
f 5003/1/4 4950/1/4 5004/1/4
f 4951/32/4 4887/32/4 5005/32/4
f 5004/32/4 4951/32/4 5005/32/4
f 4887/30/4 4973/30/4 5005/30/4
f 4974/32/4 4975/32/4 5006/32/4
f 5005/30/4 4973/30/4 5006/30/4
f 4973/32/4 4974/32/4 5006/32/4
f 5006/32/4 4975/32/4 5007/32/4
f 4975/31/4 4976/31/4 5008/31/4
f 5007/32/4 4975/32/4 5008/32/4
f 4954/31/4 4955/31/4 5009/31/4
f 4864/31/4 4954/31/4 5009/31/4
f 4955/30/4 4979/30/4 5010/30/4
f 5009/31/4 4955/31/4 5010/31/4
f 4979/31/4 4980/31/4 5011/31/4
f 5010/30/4 4979/30/4 5011/30/4
f 4980/31/4 4910/31/4 5012/31/4
f 5011/31/4 4980/31/4 5012/31/4
f 4910/30/4 4911/30/4 5012/30/4
f 4911/30/4 4912/30/4 5012/30/4
f 4912/27/4 4981/27/4 5013/27/4
f 5012/30/4 4912/30/4 5013/30/4
f 4981/31/4 4982/31/4 5014/31/4
f 5013/27/4 4981/27/4 5014/27/4
f 4982/31/4 4983/31/4 5014/31/4
f 4986/36/4 4987/36/4 5015/36/4
f 4985/33/4 4986/33/4 5015/33/4
f 4987/36/4 4988/36/4 5015/36/4
f 5015/36/4 4988/36/4 5016/36/4
f 4991/34/4 4992/34/4 5017/34/4
f 4990/34/4 4991/34/4 5017/34/4
f 4989/34/4 4990/34/4 5017/34/4
f 4961/30/4 4924/30/4 5017/30/4
f 4924/34/4 4962/34/4 5017/34/4
f 4962/34/4 4989/34/4 5017/34/4
f 5017/34/4 4992/34/4 5018/34/4
f 5018/34/4 4992/34/4 5019/34/4
f 5019/34/4 4992/34/4 5020/34/4
f 5020/34/4 4992/34/4 5021/34/4
f 5021/34/4 4992/34/4 5022/34/4
f 4992/32/4 4849/32/4 5023/32/4
f 5022/34/4 4992/34/4 5023/34/4
f 4849/30/4 4850/30/4 5024/30/4
f 4850/34/4 4993/34/4 5024/34/4
f 4993/7/4 4994/7/4 5025/7/4
f 5024/34/4 4993/34/4 5025/34/4
f 5008/31/4 4976/31/4 5026/31/4
f 5007/7/4 5008/7/4 5026/7/4
f 4976/32/4 4977/32/4 5027/32/4
f 5026/31/4 4976/31/4 5027/31/4
f 4977/29/4 4978/29/4 5028/29/4
f 5027/32/4 4977/32/4 5028/32/4
f 4978/30/4 4890/30/4 5029/30/4
f 5028/29/4 4978/29/4 5029/29/4
f 4864/31/4 5009/31/4 5030/31/4
f 5029/30/4 4890/30/4 5030/30/4
f 4890/30/4 4864/30/4 5030/30/4
f 5010/30/4 5011/30/4 5031/30/4
f 5030/31/4 5009/31/4 5031/31/4
f 5012/30/4 5013/30/4 5031/30/4
f 5011/30/4 5012/30/4 5031/30/4
f 5013/30/4 5014/30/4 5031/30/4
f 5009/30/4 5010/30/4 5031/30/4
f 5031/30/4 5014/30/4 5032/30/4
f 5016/36/4 4988/36/4 5033/36/4
f 5015/33/4 5016/33/4 5033/33/4
f 4988/33/4 4961/33/4 5034/33/4
f 5033/36/4 4988/36/4 5034/36/4
f 5034/33/4 4961/33/4 5035/33/4
f 5035/33/4 4961/33/4 5036/33/4
f 4961/30/4 5017/30/4 5037/30/4
f 5036/33/4 4961/33/4 5037/33/4
f 5021/34/4 5022/34/4 5038/34/4
f 5020/32/4 5021/32/4 5038/32/4
f 5038/34/4 5022/34/4 5039/34/4
f 5022/3/4 5023/3/4 5040/3/4
f 5039/34/4 5022/34/4 5040/34/4
f 5040/3/4 5023/3/4 5041/3/4
f 4995/6/4 4996/6/4 5042/6/4
f 4994/6/4 4995/6/4 5042/6/4
f 4997/6/4 4998/6/4 5042/6/4
f 5025/7/4 4994/7/4 5042/7/4
f 4996/6/4 4997/6/4 5042/6/4
f 4998/6/4 4999/6/4 5042/6/4
f 4999/9/4 5000/9/4 5043/9/4
f 5042/6/4 4999/6/4 5043/6/4
f 5001/22/4 5002/22/4 5044/22/4
f 5044/22/4 5002/22/4 5045/22/4
f 5045/22/4 5002/22/4 5046/22/4
f 5003/9/4 5004/9/4 5047/9/4
f 5004/6/4 5005/6/4 5047/6/4
f 5006/6/4 5007/6/4 5047/6/4
f 5005/6/4 5006/6/4 5047/6/4
f 5007/7/4 5026/7/4 5048/7/4
f 5047/6/4 5007/6/4 5048/6/4
f 5029/35/4 5030/35/4 5049/35/4
f 5028/35/4 5029/35/4 5049/35/4
f 5027/32/4 5028/32/4 5049/32/4
f 5026/32/4 5027/32/4 5049/32/4
f 5049/35/4 5030/35/4 5050/35/4
f 5031/36/4 5032/36/4 5051/36/4
f 5050/35/4 5030/35/4 5051/35/4
f 5030/36/4 5031/36/4 5051/36/4
f 5051/36/4 5032/36/4 5052/36/4
f 5032/30/4 5014/30/4 5053/30/4
f 5052/36/4 5032/36/4 5053/36/4
f 5014/31/4 4983/31/4 5054/31/4
f 5053/30/4 5014/30/4 5054/30/4
f 5054/31/4 4983/31/4 5055/31/4
f 4983/32/4 4984/32/4 5056/32/4
f 5055/31/4 4983/31/4 5056/31/4
f 4984/32/4 4915/32/4 5057/32/4
f 5056/32/4 4984/32/4 5057/32/4
f 4915/30/4 3728/30/4 5058/30/4
f 5057/32/4 4915/32/4 5058/32/4
f 5034/36/4 5035/36/4 5059/36/4
f 5035/33/4 5036/33/4 5059/33/4
f 5036/30/4 5037/30/4 5060/30/4
f 5059/33/4 5036/33/4 5060/33/4
f 5037/30/4 5017/30/4 5061/30/4
f 5060/30/4 5037/30/4 5061/30/4
f 5061/30/4 5017/30/4 5062/30/4
f 5062/30/4 5017/30/4 5063/30/4
f 5017/32/4 5018/32/4 5064/32/4
f 5063/30/4 5017/30/4 5064/30/4
f 5040/34/4 5041/34/4 5065/34/4
f 5039/3/4 5040/3/4 5065/3/4
f 5041/3/4 5023/3/4 5066/3/4
f 5065/34/4 5041/34/4 5066/34/4
f 5023/32/4 4849/32/4 5067/32/4
f 4849/30/4 5024/30/4 5067/30/4
f 5024/32/4 5025/32/4 5068/32/4
f 5067/30/4 5024/30/4 5068/30/4
f 5042/7/4 5043/7/4 5069/7/4
f 5068/32/4 5025/32/4 5069/32/4
f 5025/7/4 5042/7/4 5069/7/4
f 5043/9/4 5000/9/4 5070/9/4
f 5069/7/4 5043/7/4 5070/7/4
f 5044/32/4 5045/32/4 5071/32/4
f 5045/31/4 5046/31/4 5072/31/4
f 5071/32/4 5045/32/4 5072/32/4
f 5072/31/4 5046/31/4 5073/31/4
f 5047/7/4 5048/7/4 5074/7/4
f 5003/9/4 5047/9/4 5074/9/4
f 5048/7/4 5026/7/4 5075/7/4
f 5074/7/4 5048/7/4 5075/7/4
f 5026/32/4 5049/32/4 5075/32/4
f 5049/30/4 5050/30/4 5076/30/4
f 5075/32/4 5049/32/4 5076/32/4
f 5051/38/4 5052/38/4 5077/38/4
f 5076/30/4 5050/30/4 5077/30/4
f 5050/38/4 5051/38/4 5077/38/4
f 5052/30/4 5053/30/4 5078/30/4
f 5077/38/4 5052/38/4 5078/38/4
f 5053/30/4 5054/30/4 5078/30/4
f 5078/30/4 5054/30/4 5079/30/4
f 5079/30/4 5054/30/4 5080/30/4
f 5059/36/4 5060/36/4 5081/36/4
f 5034/36/4 5059/36/4 5081/36/4
f 5033/33/4 5034/33/4 5081/33/4
f 5081/36/4 5060/36/4 5082/36/4
f 5064/32/4 5018/32/4 5083/32/4
f 5063/32/4 5064/32/4 5083/32/4
f 5018/34/4 5019/34/4 5083/34/4
f 5019/3/4 5020/3/4 5084/3/4
f 5083/34/4 5019/34/4 5084/34/4
f 5038/32/4 5039/32/4 5085/32/4
f 5020/32/4 5038/32/4 5085/32/4
f 5039/3/4 5065/3/4 5086/3/4
f 5085/32/4 5039/32/4 5086/32/4
f 5065/32/4 5066/32/4 5087/32/4
f 5086/3/4 5065/3/4 5087/3/4
f 5078/38/4 5079/38/4 5088/38/4
f 5077/30/4 5078/30/4 5088/30/4
f 5079/37/4 5080/37/4 5089/37/4
f 5088/38/4 5079/38/4 5089/38/4
f 5080/30/4 5054/30/4 5090/30/4
f 5089/37/4 5080/37/4 5090/37/4
f 5055/32/4 5056/32/4 5091/32/4
f 5054/27/4 5055/27/4 5091/27/4
f 5056/32/4 5057/32/4 5091/32/4
f 5091/32/4 5057/32/4 5092/32/4
f 5082/36/4 5060/36/4 5093/36/4
f 5081/33/4 5082/33/4 5093/33/4
f 5060/33/4 5061/33/4 5094/33/4
f 5093/36/4 5060/36/4 5094/36/4
f 5094/33/4 5061/33/4 5095/33/4
f 5063/32/4 5083/32/4 5096/32/4
f 5083/32/4 5084/32/4 5096/32/4
f 5062/30/4 5063/30/4 5096/30/4
f 5096/32/4 5084/32/4 5097/32/4
f 5020/32/4 5085/32/4 5098/32/4
f 5084/3/4 5020/3/4 5098/3/4
f 5085/3/4 5086/3/4 5099/3/4
f 5098/32/4 5085/32/4 5099/32/4
f 5086/32/4 5087/32/4 5100/32/4
f 5099/3/4 5086/3/4 5100/3/4
f 5075/32/4 5076/32/4 5101/32/4
f 5074/32/4 5075/32/4 5101/32/4
f 5076/29/4 5077/29/4 5101/29/4
f 5088/30/4 5089/30/4 5102/30/4
f 5101/29/4 5077/29/4 5102/29/4
f 5077/30/4 5088/30/4 5102/30/4
f 5089/30/4 5090/30/4 5102/30/4
f 5090/30/4 5054/30/4 5103/30/4
f 5102/30/4 5090/30/4 5103/30/4
f 5103/30/4 5054/30/4 5104/30/4
f 5054/27/4 5091/27/4 5105/27/4
f 5104/30/4 5054/30/4 5105/30/4
f 5091/27/4 5092/27/4 5105/27/4
f 5105/27/4 5092/27/4 5106/27/4
f 5092/32/4 5057/32/4 5107/32/4
f 5106/27/4 5092/27/4 5107/27/4
f 5107/32/4 5057/32/4 5108/32/4
f 4985/33/4 5015/33/4 5109/33/4
f 5081/33/4 5093/33/4 5109/33/4
f 5033/33/4 5081/33/4 5109/33/4
f 5093/33/4 5094/33/4 5109/33/4
f 5015/33/4 5033/33/4 5109/33/4
f 5109/33/4 5094/33/4 5110/33/4
f 5097/32/4 5084/32/4 5111/32/4
f 5084/3/4 5098/3/4 5112/3/4
f 5111/32/4 5084/32/4 5112/32/4
f 5098/3/4 5099/3/4 5112/3/4
f 5099/32/4 5100/32/4 5113/32/4
f 5112/3/4 5099/3/4 5113/3/4
f 5100/32/4 5087/32/4 5114/32/4
f 5113/32/4 5100/32/4 5114/32/4
f 5066/3/4 5023/3/4 5114/3/4
f 5087/32/4 5066/32/4 5114/32/4
f 5068/32/4 5069/32/4 5115/32/4
f 5114/3/4 5023/3/4 5115/3/4
f 5067/32/4 5068/32/4 5115/32/4
f 5069/32/4 5070/32/4 5115/32/4
f 5023/32/4 5067/32/4 5115/32/4
f 5115/32/4 5070/32/4 5116/32/4
f 5116/32/4 5070/32/4 5117/32/4
f 5070/9/4 5000/9/4 5118/9/4
f 5117/32/4 5070/32/4 5118/32/4
f 5074/32/4 5101/32/4 5119/32/4
f 5003/9/4 5074/9/4 5119/9/4
f 5119/32/4 5101/32/4 5120/32/4
f 5120/32/4 5101/32/4 5121/32/4
f 5101/31/4 5102/31/4 5122/31/4
f 5102/36/4 5103/36/4 5122/36/4
f 5122/36/4 5103/36/4 5123/36/4
f 5103/35/4 5104/35/4 5124/35/4
f 5123/36/4 5103/36/4 5124/36/4
f 5105/30/4 5106/30/4 5125/30/4
f 5124/35/4 5104/35/4 5125/35/4
f 5104/30/4 5105/30/4 5125/30/4
f 5107/27/4 5108/27/4 5126/27/4
f 5125/30/4 5106/30/4 5126/30/4
f 5106/27/4 5107/27/4 5126/27/4
f 5126/27/4 5108/27/4 5127/27/4
f 5108/32/4 5057/32/4 5128/32/4
f 5127/27/4 5108/27/4 5128/27/4
f 5057/33/4 5058/33/4 5129/33/4
f 5128/32/4 5057/32/4 5129/32/4
f 5110/33/4 5094/33/4 5130/33/4
f 5094/36/4 5095/36/4 5130/36/4
f 5095/33/4 5061/33/4 5131/33/4
f 5130/36/4 5095/36/4 5131/36/4
f 5061/36/4 5062/36/4 5132/36/4
f 5131/33/4 5061/33/4 5132/33/4
f 5112/32/4 5113/32/4 5133/32/4
f 5111/34/4 5112/34/4 5133/34/4
f 5113/32/4 5114/32/4 5133/32/4
f 5114/32/4 5115/32/4 5133/32/4
f 5115/32/4 5116/32/4 5133/32/4
f 5133/32/4 5116/32/4 5134/32/4
f 5123/30/4 5124/30/4 5135/30/4
f 5126/30/4 5127/30/4 5135/30/4
f 5125/30/4 5126/30/4 5135/30/4
f 5122/29/4 5123/29/4 5135/29/4
f 5124/30/4 5125/30/4 5135/30/4
f 5135/30/4 5127/30/4 5136/30/4
f 5127/27/4 5128/27/4 5137/27/4
f 5136/30/4 5127/30/4 5137/30/4
f 5128/30/4 5129/30/4 5138/30/4
f 5137/27/4 5128/27/4 5138/27/4
f 5129/33/4 5058/33/4 5139/33/4
f 5138/30/4 5129/30/4 5139/30/4
f 5058/30/4 3728/30/4 5140/30/4
f 5139/33/4 5058/33/4 5140/33/4
f 5131/36/4 5132/36/4 5141/36/4
f 5130/32/4 5131/32/4 5141/32/4
f 5132/36/4 5062/36/4 5142/36/4
f 5141/36/4 5132/36/4 5142/36/4
f 5133/3/4 5134/3/4 5143/3/4
f 5111/34/4 5133/34/4 5143/34/4
f 5143/3/4 5134/3/4 5144/3/4
f 5144/3/4 5134/3/4 5145/3/4
f 5134/32/4 5116/32/4 5146/32/4
f 5145/3/4 5134/3/4 5146/3/4
f 5117/6/4 5118/6/4 5147/6/4
f 5116/7/4 5117/7/4 5147/7/4
f 5118/9/4 5000/9/4 5148/9/4
f 5147/6/4 5118/6/4 5148/6/4
f 5044/32/4 5071/32/4 5149/32/4
f 5001/22/4 5044/22/4 5149/22/4
f 5071/6/4 5072/6/4 5150/6/4
f 5149/32/4 5071/32/4 5150/32/4
f 5072/6/4 5073/6/4 5150/6/4
f 5003/9/4 5119/9/4 5151/9/4
f 5119/6/4 5120/6/4 5151/6/4
f 5120/7/4 5121/7/4 5152/7/4
f 5151/6/4 5120/6/4 5152/6/4
f 5137/30/4 5138/30/4 5153/30/4
f 5136/30/4 5137/30/4 5153/30/4
f 5138/30/4 5139/30/4 5153/30/4
f 5135/29/4 5136/29/4 5153/29/4
f 5153/30/4 5139/30/4 5154/30/4
f 5154/30/4 5139/30/4 5155/30/4
f 5155/30/4 5139/30/4 5156/30/4
f 5156/30/4 5139/30/4 5157/30/4
f 4985/33/4 5109/33/4 5158/33/4
f 5109/30/4 5110/30/4 5158/30/4
f 5110/33/4 5130/33/4 5159/33/4
f 5158/30/4 5110/30/4 5159/30/4
f 5130/32/4 5141/32/4 5160/32/4
f 5159/33/4 5130/33/4 5160/33/4
f 5141/32/4 5142/32/4 5160/32/4
f 5160/32/4 5142/32/4 5161/32/4
f 5097/32/4 5111/32/4 5162/32/4
f 5111/34/4 5143/34/4 5162/34/4
f 5143/32/4 5144/32/4 5163/32/4
f 5162/34/4 5143/34/4 5163/34/4
f 5116/7/4 5147/7/4 5164/7/4
f 5146/32/4 5116/32/4 5164/32/4
f 5145/32/4 5146/32/4 5164/32/4
f 5147/7/4 5148/7/4 5164/7/4
f 5148/9/4 5000/9/4 5165/9/4
f 5164/7/4 5148/7/4 5165/7/4
f 5003/9/4 5151/9/4 5166/9/4
f 5151/7/4 5152/7/4 5166/7/4
f 5152/7/4 5121/7/4 5167/7/4
f 5166/7/4 5152/7/4 5167/7/4
f 5121/32/4 5101/32/4 5167/32/4
f 5101/31/4 5122/31/4 5168/31/4
f 5167/32/4 5101/32/4 5168/32/4
f 5153/29/4 5154/29/4 5169/29/4
f 5168/31/4 5122/31/4 5169/31/4
f 5122/29/4 5135/29/4 5169/29/4
f 5135/29/4 5153/29/4 5169/29/4
f 5169/29/4 5154/29/4 5170/29/4
f 5154/30/4 5155/30/4 5171/30/4
f 5170/29/4 5154/29/4 5171/29/4
f 5155/38/4 5156/38/4 5172/38/4
f 5171/30/4 5155/30/4 5172/30/4
f 5156/37/4 5157/37/4 5173/37/4
f 5172/38/4 5156/38/4 5173/38/4
f 5157/30/4 5139/30/4 5174/30/4
f 5173/37/4 5157/37/4 5174/37/4
f 5139/32/4 5140/32/4 5175/32/4
f 5174/30/4 5139/30/4 5175/30/4
f 5142/36/4 5062/36/4 5176/36/4
f 5161/32/4 5142/32/4 5176/32/4
f 5062/30/4 5096/30/4 5177/30/4
f 5176/36/4 5062/36/4 5177/36/4
f 5096/36/4 5097/36/4 5178/36/4
f 5177/30/4 5096/30/4 5178/30/4
f 5163/32/4 5144/32/4 5179/32/4
f 5162/32/4 5163/32/4 5179/32/4
f 5144/3/4 5145/3/4 5180/3/4
f 5179/32/4 5144/32/4 5180/32/4
f 5145/32/4 5164/32/4 5181/32/4
f 5180/3/4 5145/3/4 5181/3/4
f 5164/32/4 5165/32/4 5181/32/4
f 5181/32/4 5165/32/4 5182/32/4
f 5172/30/4 5173/30/4 5183/30/4
f 5170/30/4 5171/30/4 5183/30/4
f 5171/30/4 5172/30/4 5183/30/4
f 5173/30/4 5174/30/4 5183/30/4
f 5183/30/4 5174/30/4 5184/30/4
f 5184/30/4 5174/30/4 5185/30/4
f 5185/30/4 5174/30/4 5186/30/4
f 5186/30/4 5174/30/4 5187/30/4
f 5174/27/4 5175/27/4 5188/27/4
f 5187/30/4 5174/30/4 5188/30/4
f 5158/31/4 5159/31/4 5189/31/4
f 5159/33/4 5160/33/4 5189/33/4
f 5160/33/4 5161/33/4 5189/33/4
f 5189/33/4 5161/33/4 5190/33/4
f 5162/32/4 5179/32/4 5191/32/4
f 5178/36/4 5097/36/4 5191/36/4
f 5177/36/4 5178/36/4 5191/36/4
f 5097/32/4 5162/32/4 5191/32/4
f 5191/32/4 5179/32/4 5192/32/4
f 5179/3/4 5180/3/4 5193/3/4
f 5192/32/4 5179/32/4 5193/32/4
f 5181/3/4 5182/3/4 5193/3/4
f 5180/3/4 5181/3/4 5193/3/4
f 5182/32/4 5165/32/4 5194/32/4
f 5193/3/4 5182/3/4 5194/3/4
f 5194/32/4 5165/32/4 5195/32/4
f 5195/32/4 5165/32/4 5196/32/4
f 5165/9/4 5000/9/4 5197/9/4
f 5196/32/4 5165/32/4 5197/32/4
f 5150/6/4 5073/6/4 5198/6/4
f 5198/6/4 5073/6/4 5199/6/4
f 5003/9/4 5166/9/4 5200/9/4
f 5167/32/4 5168/32/4 5200/32/4
f 5168/32/4 5169/32/4 5200/32/4
f 5166/32/4 5167/32/4 5200/32/4
f 5169/32/4 5170/32/4 5200/32/4
f 5200/32/4 5170/32/4 5201/32/4
f 5201/32/4 5170/32/4 5202/32/4
f 5170/30/4 5183/30/4 5203/30/4
f 5202/32/4 5170/32/4 5203/32/4
f 5203/30/4 5183/30/4 5204/30/4
f 5183/36/4 5184/36/4 5205/36/4
f 5204/30/4 5183/30/4 5205/30/4
f 5184/30/4 5185/30/4 5206/30/4
f 5205/36/4 5184/36/4 5206/36/4
f 5206/30/4 5185/30/4 5207/30/4
f 5188/27/4 5175/27/4 5208/27/4
f 5187/27/4 5188/27/4 5208/27/4
f 5175/32/4 5140/32/4 5209/32/4
f 5208/27/4 5175/27/4 5209/27/4
f 5190/33/4 5161/33/4 5210/33/4
f 5189/30/4 5190/30/4 5210/30/4
f 5210/33/4 5161/33/4 5211/33/4
f 5177/36/4 5191/36/4 5212/36/4
f 5176/32/4 5177/32/4 5212/32/4
f 5212/36/4 5191/36/4 5213/36/4
f 5192/32/4 5193/32/4 5214/32/4
f 5194/32/4 5195/32/4 5214/32/4
f 5193/32/4 5194/32/4 5214/32/4
f 5214/32/4 5195/32/4 5215/32/4
f 5215/32/4 5195/32/4 5216/32/4
f 5216/32/4 5195/32/4 5217/32/4
f 5150/6/4 5198/6/4 5218/6/4
f 5198/3/4 5199/3/4 5219/3/4
f 5218/6/4 5198/6/4 5219/6/4
f 5219/3/4 5199/3/4 5220/3/4
f 5220/3/4 5199/3/4 5221/3/4
f 5221/3/4 5199/3/4 5222/3/4
f 5199/6/4 5073/6/4 5223/6/4
f 5222/3/4 5199/3/4 5223/3/4
f 5203/32/4 5204/32/4 5224/32/4
f 5204/30/4 5205/30/4 5224/30/4
f 5202/32/4 5203/32/4 5224/32/4
f 5205/30/4 5206/30/4 5224/30/4
f 5224/30/4 5206/30/4 5225/30/4
f 5225/30/4 5206/30/4 5226/30/4
f 5206/36/4 5207/36/4 5227/36/4
f 5226/30/4 5206/30/4 5227/30/4
f 5207/30/4 5185/30/4 5228/30/4
f 5227/36/4 5207/36/4 5228/36/4
f 5228/30/4 5185/30/4 5229/30/4
f 5185/31/4 5186/31/4 5230/31/4
f 5229/30/4 5185/30/4 5230/30/4
f 5186/30/4 5187/30/4 5231/30/4
f 5230/31/4 5186/31/4 5231/31/4
f 5187/27/4 5208/27/4 5232/27/4
f 5231/30/4 5187/30/4 5232/30/4
f 5208/32/4 5209/32/4 5233/32/4
f 5232/27/4 5208/27/4 5233/27/4
f 5209/32/4 5140/32/4 5234/32/4
f 5233/32/4 5209/32/4 5234/32/4
f 5140/30/4 3728/30/4 5235/30/4
f 5234/32/4 5140/32/4 5235/32/4
f 5158/31/4 5189/31/4 5236/31/4
f 4985/33/4 5158/33/4 5236/33/4
f 5210/30/4 5211/30/4 5237/30/4
f 5236/31/4 5189/31/4 5237/31/4
f 5189/30/4 5210/30/4 5237/30/4
f 5214/3/4 5215/3/4 5238/3/4
f 5238/3/4 5215/3/4 5239/3/4
f 5215/32/4 5216/32/4 5240/32/4
f 5216/3/4 5217/3/4 5241/3/4
f 5240/32/4 5216/32/4 5241/32/4
f 5195/7/4 5196/7/4 5242/7/4
f 5196/6/4 5197/6/4 5242/6/4
f 5197/9/4 5000/9/4 5243/9/4
f 5242/6/4 5197/6/4 5243/6/4
f 5150/6/4 5218/6/4 5244/6/4
f 5219/3/4 5220/3/4 5245/3/4
f 5244/6/4 5218/6/4 5245/6/4
f 5218/3/4 5219/3/4 5245/3/4
f 5245/3/4 5220/3/4 5246/3/4
f 5220/2/4 5221/2/4 5247/2/4
f 5246/3/4 5220/3/4 5247/3/4
f 5221/3/4 5222/3/4 5248/3/4
f 5222/6/4 5223/6/4 5249/6/4
f 5248/3/4 5222/3/4 5249/3/4
f 5003/9/4 5200/9/4 5250/9/4
f 5200/6/4 5201/6/4 5250/6/4
f 5201/7/4 5202/7/4 5251/7/4
f 5250/6/4 5201/6/4 5251/6/4
f 5226/29/4 5227/29/4 5252/29/4
f 5228/30/4 5229/30/4 5253/30/4
f 5252/29/4 5227/29/4 5253/29/4
f 5227/30/4 5228/30/4 5253/30/4
f 5253/30/4 5229/30/4 5254/30/4
f 5254/30/4 5229/30/4 5255/30/4
f 5230/31/4 5231/31/4 5256/31/4
f 5229/31/4 5230/31/4 5256/31/4
f 5231/27/4 5232/27/4 5257/27/4
f 5256/31/4 5231/31/4 5257/31/4
f 5213/36/4 5191/36/4 5258/36/4
f 5212/32/4 5213/32/4 5258/32/4
f 5191/34/4 5192/34/4 5259/34/4
f 5258/36/4 5191/36/4 5259/36/4
f 5192/32/4 5214/32/4 5260/32/4
f 5259/34/4 5192/34/4 5260/34/4
f 5239/3/4 5215/3/4 5261/3/4
f 5238/32/4 5239/32/4 5261/32/4
f 5215/32/4 5240/32/4 5262/32/4
f 5261/3/4 5215/3/4 5262/3/4
f 5195/7/4 5242/7/4 5263/7/4
f 5217/32/4 5195/32/4 5263/32/4
f 5242/7/4 5243/7/4 5263/7/4
f 5243/9/4 5000/9/4 5264/9/4
f 5263/7/4 5243/7/4 5264/7/4
f 5150/6/4 5244/6/4 5265/6/4
f 5245/3/4 5246/3/4 5266/3/4
f 5265/6/4 5244/6/4 5266/6/4
f 5244/3/4 5245/3/4 5266/3/4
f 5246/2/4 5247/2/4 5267/2/4
f 5266/3/4 5246/3/4 5267/3/4
f 5267/2/4 5247/2/4 5268/2/4
f 5247/2/4 5221/2/4 5269/2/4
f 5268/2/4 5247/2/4 5269/2/4
f 5221/3/4 5248/3/4 5270/3/4
f 5269/2/4 5221/2/4 5270/2/4
f 5003/9/4 5250/9/4 5271/9/4
f 5250/7/4 5251/7/4 5271/7/4
f 5251/7/4 5202/7/4 5272/7/4
f 5271/7/4 5251/7/4 5272/7/4
f 5202/32/4 5224/32/4 5272/32/4
f 5224/32/4 5225/32/4 5272/32/4
f 5225/30/4 5226/30/4 5273/30/4
f 5272/32/4 5225/32/4 5273/32/4
f 5226/29/4 5252/29/4 5274/29/4
f 5273/30/4 5226/30/4 5274/30/4
f 5253/36/4 5254/36/4 5275/36/4
f 5274/29/4 5252/29/4 5275/29/4
f 5252/36/4 5253/36/4 5275/36/4
f 5254/35/4 5255/35/4 5276/35/4
f 5275/36/4 5254/36/4 5276/36/4
f 5255/30/4 5229/30/4 5277/30/4
f 5276/35/4 5255/35/4 5277/35/4
f 5212/32/4 5258/32/4 5278/32/4
f 5258/32/4 5259/32/4 5278/32/4
f 5259/32/4 5260/32/4 5278/32/4
f 5278/32/4 5260/32/4 5279/32/4
f 5260/32/4 5214/32/4 5280/32/4
f 5279/32/4 5260/32/4 5280/32/4
f 5214/3/4 5238/3/4 5280/3/4
f 5261/32/4 5262/32/4 5281/32/4
f 5280/3/4 5238/3/4 5281/3/4
f 5238/32/4 5261/32/4 5281/32/4
f 5262/32/4 5240/32/4 5282/32/4
f 5281/32/4 5262/32/4 5282/32/4
f 5240/34/4 5241/34/4 5282/34/4
f 5241/3/4 5217/3/4 5283/3/4
f 5282/34/4 5241/34/4 5283/34/4
f 5217/32/4 5263/32/4 5284/32/4
f 5283/3/4 5217/3/4 5284/3/4
f 5263/32/4 5264/32/4 5284/32/4
f 5150/6/4 5265/6/4 5285/6/4
f 5265/3/4 5266/3/4 5286/3/4
f 5285/6/4 5265/6/4 5286/6/4
f 5266/2/4 5267/2/4 5287/2/4
f 5286/3/4 5266/3/4 5287/3/4
f 5267/3/4 5268/3/4 5288/3/4
f 5287/2/4 5267/2/4 5288/2/4
f 5270/3/4 5248/3/4 5289/3/4
f 5269/3/4 5270/3/4 5289/3/4
f 5248/6/4 5249/6/4 5290/6/4
f 5289/3/4 5248/3/4 5290/3/4
f 5274/36/4 5275/36/4 5291/36/4
f 5271/32/4 5272/32/4 5291/32/4
f 5272/32/4 5273/32/4 5291/32/4
f 5273/32/4 5274/32/4 5291/32/4
f 5275/30/4 5276/30/4 5292/30/4
f 5291/36/4 5275/36/4 5292/36/4
f 5276/30/4 5277/30/4 5292/30/4
f 5229/31/4 5256/31/4 5293/31/4
f 5292/30/4 5277/30/4 5293/30/4
f 5277/30/4 5229/30/4 5293/30/4
f 5256/30/4 5257/30/4 5294/30/4
f 5293/31/4 5256/31/4 5294/31/4
f 5232/32/4 5233/32/4 5295/32/4
f 5257/27/4 5232/27/4 5295/27/4
f 5233/32/4 5234/32/4 5295/32/4
f 5295/32/4 5234/32/4 5296/32/4
f 5280/32/4 5281/32/4 5297/32/4
f 5279/32/4 5280/32/4 5297/32/4
f 5278/34/4 5279/34/4 5297/34/4
f 5297/32/4 5281/32/4 5298/32/4
f 5282/3/4 5283/3/4 5299/3/4
f 5298/32/4 5281/32/4 5299/32/4
f 5281/3/4 5282/3/4 5299/3/4
f 5299/3/4 5283/3/4 5300/3/4
f 5283/32/4 5284/32/4 5301/32/4
f 5300/3/4 5283/3/4 5301/3/4
f 5284/32/4 5264/32/4 5302/32/4
f 5301/32/4 5284/32/4 5302/32/4
f 5302/32/4 5264/32/4 5303/32/4
f 5264/9/4 5000/9/4 5304/9/4
f 5303/32/4 5264/32/4 5304/32/4
f 5150/6/4 5285/6/4 5305/6/4
f 5285/3/4 5286/3/4 5306/3/4
f 5305/6/4 5285/6/4 5306/6/4
f 5306/3/4 5286/3/4 5307/3/4
f 5286/2/4 5287/2/4 5308/2/4
f 5307/3/4 5286/3/4 5308/3/4
f 5287/3/4 5288/3/4 5309/3/4
f 5308/2/4 5287/2/4 5309/2/4
f 5288/3/4 5268/3/4 5310/3/4
f 5309/3/4 5288/3/4 5310/3/4
f 5003/9/4 5271/9/4 5311/9/4
f 5271/32/4 5291/32/4 5311/32/4
f 5311/32/4 5291/32/4 5312/32/4
f 5312/32/4 5291/32/4 5313/32/4
f 5295/27/4 5296/27/4 5314/27/4
f 5257/27/4 5295/27/4 5314/27/4
f 5296/32/4 5234/32/4 5315/32/4
f 5314/27/4 5296/27/4 5315/27/4
f 5150/6/4 5305/6/4 5316/6/4
f 5306/3/4 5307/3/4 5317/3/4
f 5316/6/4 5305/6/4 5317/6/4
f 5305/3/4 5306/3/4 5317/3/4
f 5307/2/4 5308/2/4 5318/2/4
f 5317/3/4 5307/3/4 5318/3/4
f 5308/3/4 5309/3/4 5319/3/4
f 5318/2/4 5308/2/4 5319/2/4
f 5309/6/4 5310/6/4 5320/6/4
f 5319/3/4 5309/3/4 5320/3/4
f 5320/6/4 5310/6/4 5321/6/4
f 5310/3/4 5268/3/4 5322/3/4
f 5321/6/4 5310/6/4 5322/6/4
f 5268/2/4 5269/2/4 5323/2/4
f 5322/3/4 5268/3/4 5323/3/4
f 5269/3/4 5289/3/4 5324/3/4
f 5323/2/4 5269/2/4 5324/2/4
f 5289/6/4 5290/6/4 5325/6/4
f 5324/3/4 5289/3/4 5325/3/4
f 5211/33/4 5161/33/4 5326/33/4
f 5161/32/4 5176/32/4 5327/32/4
f 5326/33/4 5161/33/4 5327/33/4
f 5212/32/4 5278/32/4 5327/32/4
f 5176/32/4 5212/32/4 5327/32/4
f 5327/32/4 5278/32/4 5328/32/4
f 5297/34/4 5298/34/4 5329/34/4
f 5328/32/4 5278/32/4 5329/32/4
f 5278/34/4 5297/34/4 5329/34/4
f 5299/32/4 5300/32/4 5330/32/4
f 5298/32/4 5299/32/4 5330/32/4
f 5300/34/4 5301/34/4 5331/34/4
f 5330/32/4 5300/32/4 5331/32/4
f 5150/6/4 5316/6/4 5332/6/4
f 5316/3/4 5317/3/4 5333/3/4
f 5332/6/4 5316/6/4 5333/6/4
f 5317/2/4 5318/2/4 5334/2/4
f 5333/3/4 5317/3/4 5334/3/4
f 5334/2/4 5318/2/4 5335/2/4
f 5318/3/4 5319/3/4 5336/3/4
f 5335/2/4 5318/2/4 5336/2/4
f 5320/6/4 5321/6/4 5337/6/4
f 5336/3/4 5319/3/4 5337/3/4
f 5319/6/4 5320/6/4 5337/6/4
f 5325/6/4 5290/6/4 5338/6/4
f 5290/6/4 5249/6/4 5338/6/4
f 5223/6/4 5073/6/4 5338/6/4
f 5324/6/4 5325/6/4 5338/6/4
f 5249/6/4 5223/6/4 5338/6/4
f 5338/6/4 5073/6/4 5339/6/4
f 5291/30/4 5292/30/4 5340/30/4
f 5293/30/4 5294/30/4 5340/30/4
f 5313/32/4 5291/32/4 5340/32/4
f 5292/30/4 5293/30/4 5340/30/4
f 5340/30/4 5294/30/4 5341/30/4
f 5341/30/4 5294/30/4 5342/30/4
f 5342/30/4 5294/30/4 5343/30/4
f 5343/30/4 5294/30/4 5344/30/4
f 5294/30/4 5257/30/4 5345/30/4
f 5344/30/4 5294/30/4 5345/30/4
f 5327/32/4 5328/32/4 5346/32/4
f 5328/34/4 5329/34/4 5347/34/4
f 5346/32/4 5328/32/4 5347/32/4
f 5329/34/4 5298/34/4 5348/34/4
f 5347/34/4 5329/34/4 5348/34/4
f 5298/32/4 5330/32/4 5348/32/4
f 5330/34/4 5331/34/4 5349/34/4
f 5348/32/4 5330/32/4 5349/32/4
f 5349/34/4 5331/34/4 5350/34/4
f 5331/34/4 5301/34/4 5351/34/4
f 5350/34/4 5331/34/4 5351/34/4
f 5301/32/4 5302/32/4 5351/32/4
f 5302/7/4 5303/7/4 5352/7/4
f 5303/6/4 5304/6/4 5352/6/4
f 5304/9/4 5000/9/4 5353/9/4
f 5352/6/4 5304/6/4 5353/6/4
f 5150/6/4 5332/6/4 5354/6/4
f 5354/6/4 5332/6/4 5355/6/4
f 5332/3/4 5333/3/4 5356/3/4
f 5355/6/4 5332/6/4 5356/6/4
f 5333/2/4 5334/2/4 5357/2/4
f 5356/3/4 5333/3/4 5357/3/4
f 5357/2/4 5334/2/4 5358/2/4
f 5334/3/4 5335/3/4 5359/3/4
f 5358/2/4 5334/2/4 5359/2/4
f 5335/6/4 5336/6/4 5360/6/4
f 5359/3/4 5335/3/4 5360/3/4
f 5336/6/4 5337/6/4 5360/6/4
f 5337/6/4 5321/6/4 5361/6/4
f 5360/6/4 5337/6/4 5361/6/4
f 5321/3/4 5322/3/4 5362/3/4
f 5361/6/4 5321/6/4 5362/6/4
f 5322/2/4 5323/2/4 5363/2/4
f 5362/3/4 5322/3/4 5363/3/4
f 5323/3/4 5324/3/4 5364/3/4
f 5363/2/4 5323/2/4 5364/2/4
f 5324/6/4 5338/6/4 5365/6/4
f 5364/3/4 5324/3/4 5365/3/4
f 5365/6/4 5338/6/4 5366/6/4
f 5366/6/4 5338/6/4 5367/6/4
f 5338/3/4 5339/3/4 5368/3/4
f 5367/6/4 5338/6/4 5368/6/4
f 5368/3/4 5339/3/4 5369/3/4
f 5369/3/4 5339/3/4 5370/3/4
f 5339/6/4 5073/6/4 5371/6/4
f 5370/3/4 5339/3/4 5371/3/4
f 5311/6/4 5312/6/4 5372/6/4
f 5003/9/4 5311/9/4 5372/9/4
f 5312/7/4 5313/7/4 5373/7/4
f 5372/6/4 5312/6/4 5373/6/4
f 5340/32/4 5341/32/4 5374/32/4
f 5341/30/4 5342/30/4 5374/30/4
f 5374/30/4 5342/30/4 5375/30/4
f 5343/35/4 5344/35/4 5376/35/4
f 5342/34/4 5343/34/4 5376/34/4
f 5376/35/4 5344/35/4 5377/35/4
f 5344/36/4 5345/36/4 5378/36/4
f 5377/35/4 5344/35/4 5378/35/4
f 5345/30/4 5257/30/4 5379/30/4
f 5378/36/4 5345/36/4 5379/36/4
f 5257/27/4 5314/27/4 5380/27/4
f 5314/32/4 5315/32/4 5380/32/4
f 5315/32/4 5234/32/4 5381/32/4
f 5380/32/4 5315/32/4 5381/32/4
f 5234/33/4 5235/33/4 5382/33/4
f 5381/32/4 5234/32/4 5382/32/4
f 5235/30/4 3728/30/4 5383/30/4
f 5382/33/4 5235/33/4 5383/33/4
f 5326/30/4 5327/30/4 5384/30/4
f 5327/32/4 5346/32/4 5384/32/4
f 5349/34/4 5350/34/4 5385/34/4
f 5384/32/4 5346/32/4 5385/32/4
f 5347/34/4 5348/34/4 5385/34/4
f 5346/34/4 5347/34/4 5385/34/4
f 5348/34/4 5349/34/4 5385/34/4
f 5385/34/4 5350/34/4 5386/34/4
f 5350/3/4 5351/3/4 5387/3/4
f 5386/34/4 5350/34/4 5387/34/4
f 5351/32/4 5302/32/4 5388/32/4
f 5387/3/4 5351/3/4 5388/3/4
f 5388/32/4 5302/32/4 5389/32/4
f 5302/7/4 5352/7/4 5390/7/4
f 5389/32/4 5302/32/4 5390/32/4
f 5352/7/4 5353/7/4 5390/7/4
f 5353/9/4 5000/9/4 5391/9/4
f 5390/7/4 5353/7/4 5391/7/4
f 5149/31/4 5150/31/4 5392/31/4
f 5150/6/4 5354/6/4 5392/6/4
f 5354/3/4 5355/3/4 5393/3/4
f 5392/6/4 5354/6/4 5393/6/4
f 5356/2/4 5357/2/4 5394/2/4
f 5393/3/4 5355/3/4 5394/3/4
f 5355/2/4 5356/2/4 5394/2/4
f 5394/2/4 5357/2/4 5395/2/4
f 5357/3/4 5358/3/4 5396/3/4
f 5395/2/4 5357/2/4 5396/2/4
f 5358/6/4 5359/6/4 5397/6/4
f 5396/3/4 5358/3/4 5397/3/4
f 5359/6/4 5360/6/4 5397/6/4
f 5360/6/4 5361/6/4 5397/6/4
f 5363/3/4 5364/3/4 5398/3/4
f 5364/6/4 5365/6/4 5398/6/4
f 5365/6/4 5366/6/4 5398/6/4
f 5366/3/4 5367/3/4 5399/3/4
f 5398/6/4 5366/6/4 5399/6/4
f 5367/2/4 5368/2/4 5400/2/4
f 5399/3/4 5367/3/4 5400/3/4
f 5368/2/4 5369/2/4 5400/2/4
f 5369/3/4 5370/3/4 5401/3/4
f 5400/2/4 5369/2/4 5401/2/4
f 5370/6/4 5371/6/4 5402/6/4
f 5401/3/4 5370/3/4 5402/3/4
f 5003/9/4 5372/9/4 5403/9/4
f 5372/7/4 5373/7/4 5403/7/4
f 5340/32/4 5374/32/4 5404/32/4
f 5403/7/4 5373/7/4 5404/7/4
f 5313/32/4 5340/32/4 5404/32/4
f 5373/7/4 5313/7/4 5404/7/4
f 5374/32/4 5375/32/4 5404/32/4
f 5404/32/4 5375/32/4 5405/32/4
f 5375/30/4 5342/30/4 5406/30/4
f 5405/32/4 5375/32/4 5406/32/4
f 5342/34/4 5376/34/4 5407/34/4
f 5376/34/4 5377/34/4 5407/34/4
f 5407/34/4 5377/34/4 5408/34/4
f 5377/30/4 5378/30/4 5409/30/4
f 5378/30/4 5379/30/4 5409/30/4
f 5409/30/4 5379/30/4 5410/30/4
f 5379/30/4 5257/30/4 5411/30/4
f 5410/30/4 5379/30/4 5411/30/4
f 5380/27/4 5381/27/4 5411/27/4
f 5257/27/4 5380/27/4 5411/27/4
f 5411/27/4 5381/27/4 5412/27/4
f 5381/32/4 5382/32/4 5413/32/4
f 5382/32/4 5383/32/4 5413/32/4
f 5383/30/4 3728/30/4 5414/30/4
f 5413/32/4 5383/32/4 5414/32/4
f 5326/30/4 5384/30/4 5415/30/4
f 5384/34/4 5385/34/4 5415/34/4
f 5385/34/4 5386/34/4 5415/34/4
f 5415/34/4 5386/34/4 5416/34/4
f 5416/34/4 5386/34/4 5417/34/4
f 5392/3/4 5393/3/4 5418/3/4
f 5149/31/4 5392/31/4 5418/31/4
f 5393/2/4 5394/2/4 5419/2/4
f 5418/3/4 5393/3/4 5419/3/4
f 5394/3/4 5395/3/4 5420/3/4
f 5419/2/4 5394/2/4 5420/2/4
f 5395/6/4 5396/6/4 5421/6/4
f 5420/3/4 5395/3/4 5421/3/4
f 5396/6/4 5397/6/4 5421/6/4
f 5398/3/4 5399/3/4 5422/3/4
f 5399/2/4 5400/2/4 5423/2/4
f 5422/3/4 5399/3/4 5423/3/4
f 5400/3/4 5401/3/4 5424/3/4
f 5423/2/4 5400/2/4 5424/2/4
f 5401/6/4 5402/6/4 5425/6/4
f 5424/3/4 5401/3/4 5425/3/4
f 5404/32/4 5405/32/4 5426/32/4
f 5405/30/4 5406/30/4 5426/30/4
f 5403/32/4 5404/32/4 5426/32/4
f 5406/30/4 5342/30/4 5427/30/4
f 5426/30/4 5406/30/4 5427/30/4
f 5407/32/4 5408/32/4 5428/32/4
f 5342/34/4 5407/34/4 5428/34/4
f 5408/34/4 5377/34/4 5429/34/4
f 5428/32/4 5408/32/4 5429/32/4
f 5377/30/4 5409/30/4 5430/30/4
f 5429/34/4 5377/34/4 5430/34/4
f 5430/30/4 5409/30/4 5431/30/4
f 5409/32/4 5410/32/4 5432/32/4
f 5431/30/4 5409/30/4 5432/30/4
f 5411/30/4 5412/30/4 5433/30/4
f 5432/32/4 5410/32/4 5433/32/4
f 5410/30/4 5411/30/4 5433/30/4
f 5433/30/4 5412/30/4 5434/30/4
f 5434/30/4 5412/30/4 5435/30/4
f 5412/27/4 5381/27/4 5436/27/4
f 5435/30/4 5412/30/4 5436/30/4
f 5381/32/4 5413/32/4 5437/32/4
f 5436/27/4 5381/27/4 5437/27/4
f 5389/32/4 5390/32/4 5438/32/4
f 5390/32/4 5391/32/4 5438/32/4
f 5438/32/4 5391/32/4 5439/32/4
f 5391/9/4 5000/9/4 5440/9/4
f 5439/32/4 5391/32/4 5440/32/4
f 5419/6/4 5420/6/4 5441/6/4
f 5418/6/4 5419/6/4 5441/6/4
f 5397/6/4 5361/6/4 5441/6/4
f 5421/6/4 5397/6/4 5441/6/4
f 5361/3/4 5362/3/4 5441/3/4
f 5420/6/4 5421/6/4 5441/6/4
f 5362/2/4 5363/2/4 5442/2/4
f 5441/3/4 5362/3/4 5442/3/4
f 5398/3/4 5422/3/4 5443/3/4
f 5442/2/4 5363/2/4 5443/2/4
f 5363/3/4 5398/3/4 5443/3/4
f 5422/2/4 5423/2/4 5444/2/4
f 5443/3/4 5422/3/4 5444/3/4
f 5423/3/4 5424/3/4 5445/3/4
f 5444/2/4 5423/2/4 5445/2/4
f 5445/3/4 5424/3/4 5446/3/4
f 5424/6/4 5425/6/4 5447/6/4
f 5446/3/4 5424/3/4 5447/3/4
f 5403/32/4 5426/32/4 5448/32/4
f 5003/9/4 5403/9/4 5448/9/4
f 5426/32/4 5427/32/4 5448/32/4
f 5448/32/4 5427/32/4 5449/32/4
f 5449/32/4 5427/32/4 5450/32/4
f 5450/32/4 5427/32/4 5451/32/4
f 5451/32/4 5427/32/4 5452/32/4
f 5452/32/4 5427/32/4 5453/32/4
f 5453/32/4 5427/32/4 5454/32/4
f 5430/34/4 5431/34/4 5455/34/4
f 5428/30/4 5429/30/4 5455/30/4
f 5429/34/4 5430/34/4 5455/34/4
f 5455/34/4 5431/34/4 5456/34/4
f 5432/30/4 5433/30/4 5457/30/4
f 5431/30/4 5432/30/4 5457/30/4
f 5433/34/4 5434/34/4 5458/34/4
f 5457/30/4 5433/30/4 5458/30/4
f 5434/30/4 5435/30/4 5459/30/4
f 5435/32/4 5436/32/4 5459/32/4
f 5436/32/4 5437/32/4 5459/32/4
f 5459/32/4 5437/32/4 5460/32/4
f 5417/34/4 5386/34/4 5461/34/4
f 5386/3/4 5387/3/4 5461/3/4
f 5387/34/4 5388/34/4 5462/34/4
f 5461/3/4 5387/3/4 5462/3/4
f 5388/3/4 5389/3/4 5463/3/4
f 5462/34/4 5388/34/4 5463/34/4
f 5389/32/4 5438/32/4 5464/32/4
f 5463/3/4 5389/3/4 5464/3/4
f 5418/6/4 5441/6/4 5465/6/4
f 5441/2/4 5442/2/4 5466/2/4
f 5465/6/4 5441/6/4 5466/6/4
f 5442/3/4 5443/3/4 5467/3/4
f 5466/2/4 5442/2/4 5467/2/4
f 5443/2/4 5444/2/4 5468/2/4
f 5467/3/4 5443/3/4 5468/3/4
f 5445/3/4 5446/3/4 5469/3/4
f 5468/2/4 5444/2/4 5469/2/4
f 5444/3/4 5445/3/4 5469/3/4
f 5446/6/4 5447/6/4 5470/6/4
f 5469/3/4 5446/3/4 5470/3/4
f 5454/32/4 5427/32/4 5471/32/4
f 5453/30/4 5454/30/4 5471/30/4
f 5427/30/4 5342/30/4 5472/30/4
f 5471/32/4 5427/32/4 5472/32/4
f 5431/30/4 5457/30/4 5473/30/4
f 5456/34/4 5431/34/4 5473/34/4
f 5457/34/4 5458/34/4 5474/34/4
f 5473/30/4 5457/30/4 5474/30/4
f 5458/34/4 5434/34/4 5475/34/4
f 5474/34/4 5458/34/4 5475/34/4
f 5434/30/4 5459/30/4 5475/30/4
f 5475/30/4 5459/30/4 5476/30/4
f 5326/30/4 5415/30/4 5477/30/4
f 5415/33/4 5416/33/4 5477/33/4
f 5416/32/4 5417/32/4 5478/32/4
f 5477/33/4 5416/33/4 5478/33/4
f 5461/34/4 5462/34/4 5479/34/4
f 5478/32/4 5417/32/4 5479/32/4
f 5417/34/4 5461/34/4 5479/34/4
f 5462/3/4 5463/3/4 5480/3/4
f 5479/34/4 5462/34/4 5480/34/4
f 5463/32/4 5464/32/4 5481/32/4
f 5480/3/4 5463/3/4 5481/3/4
f 5439/6/4 5440/6/4 5482/6/4
f 5438/7/4 5439/7/4 5482/7/4
f 5440/9/4 5000/9/4 5483/9/4
f 5482/6/4 5440/6/4 5483/6/4
f 5465/3/4 5466/3/4 5484/3/4
f 5467/2/4 5468/2/4 5484/2/4
f 5466/2/4 5467/2/4 5484/2/4
f 5468/3/4 5469/3/4 5485/3/4
f 5484/2/4 5468/2/4 5485/2/4
f 5485/3/4 5469/3/4 5486/3/4
f 5469/6/4 5470/6/4 5487/6/4
f 5486/3/4 5469/3/4 5487/3/4
f 5003/9/4 5448/9/4 5488/9/4
f 5448/6/4 5449/6/4 5488/6/4
f 5449/7/4 5450/7/4 5489/7/4
f 5488/6/4 5449/6/4 5489/6/4
f 5472/30/4 5342/30/4 5490/30/4
f 5471/34/4 5472/34/4 5490/34/4
f 5342/34/4 5428/34/4 5491/34/4
f 5490/30/4 5342/30/4 5491/30/4
f 5455/30/4 5456/30/4 5492/30/4
f 5428/30/4 5455/30/4 5492/30/4
f 5456/34/4 5473/34/4 5493/34/4
f 5492/30/4 5456/30/4 5493/30/4
f 5473/32/4 5474/32/4 5494/32/4
f 5493/34/4 5473/34/4 5494/34/4
f 5475/34/4 5476/34/4 5495/34/4
f 5494/32/4 5474/32/4 5495/32/4
f 5474/34/4 5475/34/4 5495/34/4
f 5460/32/4 5437/32/4 5496/32/4
f 5437/32/4 5413/32/4 5496/32/4
f 5413/33/4 5414/33/4 5497/33/4
f 5496/32/4 5413/32/4 5497/32/4
f 5477/34/4 5478/34/4 5498/34/4
f 5480/34/4 5481/34/4 5498/34/4
f 5478/34/4 5479/34/4 5498/34/4
f 5326/30/4 5477/30/4 5498/30/4
f 5479/34/4 5480/34/4 5498/34/4
f 5498/34/4 5481/34/4 5499/34/4
f 5499/34/4 5481/34/4 5500/34/4
f 5481/32/4 5464/32/4 5501/32/4
f 5500/34/4 5481/34/4 5501/34/4
f 5438/7/4 5482/7/4 5502/7/4
f 5501/32/4 5464/32/4 5502/32/4
f 5464/32/4 5438/32/4 5502/32/4
f 5482/7/4 5483/7/4 5502/7/4
f 5483/9/4 5000/9/4 5503/9/4
f 5502/7/4 5483/7/4 5503/7/4
f 5485/3/4 5486/3/4 5504/3/4
f 5484/3/4 5485/3/4 5504/3/4
f 5486/6/4 5487/6/4 5505/6/4
f 5504/3/4 5486/3/4 5505/3/4
f 5003/9/4 5488/9/4 5506/9/4
f 5488/7/4 5489/7/4 5506/7/4
f 5450/32/4 5451/32/4 5507/32/4
f 5506/7/4 5489/7/4 5507/7/4
f 5489/7/4 5450/7/4 5507/7/4
f 5453/30/4 5471/30/4 5508/30/4
f 5452/32/4 5453/32/4 5508/32/4
f 5471/34/4 5490/34/4 5509/34/4
f 5508/30/4 5471/30/4 5509/30/4
f 5490/34/4 5491/34/4 5509/34/4
f 5509/34/4 5491/34/4 5510/34/4
f 5494/34/4 5495/34/4 5511/34/4
f 5493/32/4 5494/32/4 5511/32/4
f 5495/34/4 5476/34/4 5512/34/4
f 5511/34/4 5495/34/4 5512/34/4
f 5460/32/4 5496/32/4 5513/32/4
f 5459/34/4 5460/34/4 5513/34/4
f 5496/33/4 5497/33/4 5514/33/4
f 5513/32/4 5496/32/4 5514/32/4
f 5498/32/4 5499/32/4 5515/32/4
f 5326/30/4 5498/30/4 5515/30/4
f 5515/32/4 5499/32/4 5516/32/4
f 5499/34/4 5500/34/4 5517/34/4
f 5500/3/4 5501/3/4 5518/3/4
f 5517/34/4 5500/34/4 5518/34/4
f 5518/3/4 5501/3/4 5519/3/4
f 5519/3/4 5501/3/4 5520/3/4
f 5501/32/4 5502/32/4 5521/32/4
f 5520/3/4 5501/3/4 5521/3/4
f 5502/32/4 5503/32/4 5521/32/4
f 5521/32/4 5503/32/4 5522/32/4
f 5418/6/4 5465/6/4 5523/6/4
f 5465/3/4 5484/3/4 5523/3/4
f 5484/3/4 5504/3/4 5523/3/4
f 5504/6/4 5505/6/4 5524/6/4
f 5523/3/4 5504/3/4 5524/3/4
f 5492/34/4 5493/34/4 5525/34/4
f 5428/30/4 5492/30/4 5525/30/4
f 5493/32/4 5511/32/4 5526/32/4
f 5525/34/4 5493/34/4 5526/34/4
f 5511/32/4 5512/32/4 5526/32/4
f 5526/32/4 5512/32/4 5527/32/4
f 5512/34/4 5476/34/4 5528/34/4
f 5527/32/4 5512/32/4 5528/32/4
f 5528/34/4 5476/34/4 5529/34/4
f 5476/30/4 5459/30/4 5530/30/4
f 5529/34/4 5476/34/4 5530/34/4
f 5516/32/4 5499/32/4 5531/32/4
f 5499/34/4 5517/34/4 5532/34/4
f 5531/32/4 5499/32/4 5532/32/4
f 5519/32/4 5520/32/4 5533/32/4
f 5520/34/4 5521/34/4 5533/34/4
f 5521/3/4 5522/3/4 5534/3/4
f 5533/34/4 5521/34/4 5534/34/4
f 5522/32/4 5503/32/4 5535/32/4
f 5535/32/4 5503/32/4 5536/32/4
f 5503/9/4 5000/9/4 5537/9/4
f 5536/32/4 5503/32/4 5537/32/4
f 5425/6/4 5402/6/4 5538/6/4
f 5524/6/4 5505/6/4 5538/6/4
f 5073/31/4 5046/31/4 5538/31/4
f 5470/6/4 5447/6/4 5538/6/4
f 5447/6/4 5425/6/4 5538/6/4
f 5523/6/4 5524/6/4 5538/6/4
f 5487/6/4 5470/6/4 5538/6/4
f 5371/6/4 5073/6/4 5538/6/4
f 5505/6/4 5487/6/4 5538/6/4
f 5402/6/4 5371/6/4 5538/6/4
f 5046/22/4 5002/22/4 5539/22/4
f 5538/31/4 5046/31/4 5539/31/4
f 5002/17/4 5003/17/4 5540/17/4
f 5539/22/4 5002/22/4 5540/22/4
f 5003/9/4 5506/9/4 5541/9/4
f 5540/17/4 5003/17/4 5541/17/4
f 5506/32/4 5507/32/4 5542/32/4
f 5541/9/4 5506/9/4 5542/9/4
f 5542/32/4 5507/32/4 5543/32/4
f 5507/32/4 5451/32/4 5544/32/4
f 5543/32/4 5507/32/4 5544/32/4
f 5510/34/4 5491/34/4 5545/34/4
f 5509/30/4 5510/30/4 5545/30/4
f 5545/34/4 5491/34/4 5546/34/4
f 5428/30/4 5525/30/4 5547/30/4
f 5546/34/4 5491/34/4 5547/34/4
f 5525/30/4 5526/30/4 5547/30/4
f 5491/34/4 5428/34/4 5547/34/4
f 5547/30/4 5526/30/4 5548/30/4
f 5459/34/4 5513/34/4 5549/34/4
f 5513/33/4 5514/33/4 5549/33/4
f 5514/33/4 5497/33/4 5550/33/4
f 5549/33/4 5514/33/4 5550/33/4
f 5515/30/4 5516/30/4 5551/30/4
f 5326/30/4 5515/30/4 5551/30/4
f 5516/32/4 5531/32/4 5552/32/4
f 5551/30/4 5516/30/4 5552/30/4
f 5531/34/4 5532/34/4 5553/34/4
f 5552/32/4 5531/32/4 5553/32/4
f 5532/34/4 5517/34/4 5554/34/4
f 5553/34/4 5532/34/4 5554/34/4
f 5517/3/4 5518/3/4 5554/3/4
f 5518/34/4 5519/34/4 5555/34/4
f 5554/3/4 5518/3/4 5555/3/4
f 5533/32/4 5534/32/4 5556/32/4
f 5555/34/4 5519/34/4 5556/34/4
f 5519/32/4 5533/32/4 5556/32/4
f 5534/3/4 5522/3/4 5557/3/4
f 5556/32/4 5534/32/4 5557/32/4
f 5522/32/4 5535/32/4 5558/32/4
f 5557/3/4 5522/3/4 5558/3/4
f 5539/22/4 5540/22/4 5559/22/4
f 5540/18/4 5541/18/4 5559/18/4
f 5541/9/4 5542/9/4 5560/9/4
f 5559/18/4 5541/18/4 5560/18/4
f 5452/32/4 5508/32/4 5561/32/4
f 5508/32/4 5509/32/4 5561/32/4
f 5451/34/4 5452/34/4 5561/34/4
f 5561/32/4 5509/32/4 5562/32/4
f 5527/30/4 5528/30/4 5563/30/4
f 5526/34/4 5527/34/4 5563/34/4
f 5528/34/4 5529/34/4 5564/34/4
f 5563/30/4 5528/30/4 5564/30/4
f 5564/34/4 5529/34/4 5565/34/4
f 5529/30/4 5530/30/4 5566/30/4
f 5565/34/4 5529/34/4 5566/34/4
f 5530/30/4 5459/30/4 5567/30/4
f 5566/30/4 5530/30/4 5567/30/4
f 5459/34/4 5549/34/4 5567/34/4
f 5549/32/4 5550/32/4 5568/32/4
f 5567/34/4 5549/34/4 5568/34/4
f 5550/33/4 5497/33/4 5569/33/4
f 5568/32/4 5550/32/4 5569/32/4
f 5326/30/4 5551/30/4 5570/30/4
f 5554/34/4 5555/34/4 5570/34/4
f 5553/34/4 5554/34/4 5570/34/4
f 5552/34/4 5553/34/4 5570/34/4
f 5551/34/4 5552/34/4 5570/34/4
f 5570/34/4 5555/34/4 5571/34/4
f 5555/3/4 5556/3/4 5572/3/4
f 5571/34/4 5555/34/4 5572/34/4
f 5556/3/4 5557/3/4 5572/3/4
f 5557/32/4 5558/32/4 5573/32/4
f 5572/3/4 5557/3/4 5573/3/4
f 5536/6/4 5537/6/4 5574/6/4
f 5535/7/4 5536/7/4 5574/7/4
f 5537/9/4 5000/9/4 5575/9/4
f 5574/6/4 5537/6/4 5575/6/4
f 5560/9/4 5542/9/4 5576/9/4
f 5542/6/4 5543/6/4 5576/6/4
f 5543/7/4 5544/7/4 5577/7/4
f 5576/6/4 5543/6/4 5577/6/4
f 5565/30/4 5566/30/4 5578/30/4
f 5564/34/4 5565/34/4 5578/34/4
f 5566/34/4 5567/34/4 5579/34/4
f 5578/30/4 5566/30/4 5579/30/4
f 5567/32/4 5568/32/4 5580/32/4
f 5579/34/4 5567/34/4 5580/34/4
f 5568/33/4 5569/33/4 5581/33/4
f 5580/32/4 5568/32/4 5581/32/4
f 5571/34/4 5572/34/4 5582/34/4
f 5572/32/4 5573/32/4 5583/32/4
f 5582/34/4 5572/34/4 5583/34/4
f 5573/32/4 5558/32/4 5584/32/4
f 5583/32/4 5573/32/4 5584/32/4
f 5535/7/4 5574/7/4 5585/7/4
f 5584/32/4 5558/32/4 5585/32/4
f 5558/32/4 5535/32/4 5585/32/4
f 5574/7/4 5575/7/4 5585/7/4
f 5575/9/4 5000/9/4 5586/9/4
f 5585/7/4 5575/7/4 5586/7/4
f 5576/7/4 5577/7/4 5587/7/4
f 5560/9/4 5576/9/4 5587/9/4
f 5577/7/4 5544/7/4 5588/7/4
f 5587/7/4 5577/7/4 5588/7/4
f 5544/32/4 5451/32/4 5588/32/4
f 5545/32/4 5546/32/4 5589/32/4
f 5509/30/4 5545/30/4 5589/30/4
f 5547/34/4 5548/34/4 5590/34/4
f 5589/32/4 5546/32/4 5590/32/4
f 5546/34/4 5547/34/4 5590/34/4
f 5571/34/4 5582/34/4 5591/34/4
f 5582/32/4 5583/32/4 5592/32/4
f 5591/34/4 5582/34/4 5592/34/4
f 5583/3/4 5584/3/4 5593/3/4
f 5592/32/4 5583/32/4 5593/32/4
f 5593/3/4 5584/3/4 5594/3/4
f 5594/3/4 5584/3/4 5595/3/4
f 5584/32/4 5585/32/4 5596/32/4
f 5595/3/4 5584/3/4 5596/3/4
f 5585/32/4 5586/32/4 5596/32/4
f 5596/32/4 5586/32/4 5597/32/4
f 5562/32/4 5509/32/4 5598/32/4
f 5561/34/4 5562/34/4 5598/34/4
f 5598/32/4 5509/32/4 5599/32/4
f 5590/34/4 5548/34/4 5600/34/4
f 5589/34/4 5590/34/4 5600/34/4
f 5548/30/4 5526/30/4 5601/30/4
f 5600/34/4 5548/34/4 5601/34/4
f 5563/32/4 5564/32/4 5602/32/4
f 5564/34/4 5578/34/4 5602/34/4
f 5578/32/4 5579/32/4 5603/32/4
f 5602/34/4 5578/34/4 5603/34/4
f 5579/34/4 5580/34/4 5604/34/4
f 5603/32/4 5579/32/4 5604/32/4
f 5591/32/4 5592/32/4 5605/32/4
f 5571/34/4 5591/34/4 5605/34/4
f 5592/3/4 5593/3/4 5606/3/4
f 5605/32/4 5592/32/4 5606/32/4
f 5605/34/4 5606/34/4 5607/34/4
f 5606/3/4 5593/3/4 5607/3/4
f 5593/32/4 5594/32/4 5608/32/4
f 5607/3/4 5593/3/4 5608/3/4
f 5608/32/4 5594/32/4 5609/32/4
f 5594/3/4 5595/3/4 5610/3/4
f 5609/32/4 5594/32/4 5610/32/4
f 5595/32/4 5596/32/4 5611/32/4
f 5610/3/4 5595/3/4 5611/3/4
f 5611/32/4 5596/32/4 5612/32/4
f 5596/3/4 5597/3/4 5613/3/4
f 5612/32/4 5596/32/4 5613/32/4
f 5597/32/4 5586/32/4 5614/32/4
f 5613/3/4 5597/3/4 5614/3/4
f 5236/33/4 5237/33/4 5615/33/4
f 5237/30/4 5211/30/4 5615/30/4
f 5615/30/4 5211/30/4 5616/30/4
f 5211/33/4 5326/33/4 5617/33/4
f 5616/30/4 5211/30/4 5617/30/4
f 5570/30/4 5571/30/4 5618/30/4
f 5326/30/4 5570/30/4 5618/30/4
f 5605/34/4 5607/34/4 5619/34/4
f 5618/30/4 5571/30/4 5619/30/4
f 5571/34/4 5605/34/4 5619/34/4
f 5607/32/4 5608/32/4 5620/32/4
f 5619/34/4 5607/34/4 5620/34/4
f 5608/3/4 5609/3/4 5621/3/4
f 5620/32/4 5608/32/4 5621/32/4
f 5611/32/4 5612/32/4 5622/32/4
f 5621/3/4 5609/3/4 5622/3/4
f 5609/32/4 5610/32/4 5622/32/4
f 5610/32/4 5611/32/4 5622/32/4
f 5612/3/4 5613/3/4 5623/3/4
f 5622/32/4 5612/32/4 5623/32/4
f 5613/32/4 5614/32/4 5624/32/4
f 5623/3/4 5613/3/4 5624/3/4
f 5614/32/4 5586/32/4 5625/32/4
f 5624/32/4 5614/32/4 5625/32/4
f 5625/32/4 5586/32/4 5626/32/4
f 5586/9/4 5000/9/4 5627/9/4
f 5626/32/4 5586/32/4 5627/32/4
f 5523/6/4 5538/6/4 5628/6/4
f 5149/31/4 5418/31/4 5628/31/4
f 5418/6/4 5523/6/4 5628/6/4
f 5628/6/4 5538/6/4 5629/6/4
f 5538/32/4 5539/32/4 5630/32/4
f 5629/6/4 5538/6/4 5630/6/4
f 5560/9/4 5587/9/4 5631/9/4
f 5587/32/4 5588/32/4 5631/32/4
f 5631/32/4 5588/32/4 5632/32/4
f 5588/32/4 5451/32/4 5633/32/4
f 5632/32/4 5588/32/4 5633/32/4
f 5526/34/4 5563/34/4 5634/34/4
f 5601/30/4 5526/30/4 5634/30/4
f 5600/30/4 5601/30/4 5634/30/4
f 5563/32/4 5602/32/4 5635/32/4
f 5634/34/4 5563/34/4 5635/34/4
f 5580/30/4 5581/30/4 5636/30/4
f 5581/33/4 5569/33/4 5636/33/4
f 5569/33/4 5497/33/4 5637/33/4
f 5636/33/4 5569/33/4 5637/33/4
f 5628/31/4 5629/31/4 5638/31/4
f 5001/22/4 5149/22/4 5638/22/4
f 5149/31/4 5628/31/4 5638/31/4
f 5629/32/4 5630/32/4 5639/32/4
f 5638/31/4 5629/31/4 5639/31/4
f 5630/32/4 5539/32/4 5640/32/4
f 5639/32/4 5630/32/4 5640/32/4
f 5539/22/4 5559/22/4 5640/22/4
f 5589/34/4 5600/34/4 5641/34/4
f 5641/34/4 5600/34/4 5642/34/4
f 5600/30/4 5634/30/4 5643/30/4
f 5634/32/4 5635/32/4 5643/32/4
f 5635/32/4 5602/32/4 5644/32/4
f 5643/32/4 5635/32/4 5644/32/4
f 5626/6/4 5627/6/4 5645/6/4
f 5625/7/4 5626/7/4 5645/7/4
f 5627/9/4 5000/9/4 5646/9/4
f 5645/6/4 5627/6/4 5646/6/4
f 5631/6/4 5632/6/4 5647/6/4
f 5560/9/4 5631/9/4 5647/9/4
f 5632/7/4 5633/7/4 5648/7/4
f 5647/6/4 5632/6/4 5648/6/4
f 5451/34/4 5561/34/4 5649/34/4
f 5561/34/4 5598/34/4 5649/34/4
f 5598/34/4 5599/34/4 5649/34/4
f 5649/34/4 5599/34/4 5650/34/4
f 5509/30/4 5589/30/4 5651/30/4
f 5589/34/4 5641/34/4 5651/34/4
f 5641/30/4 5642/30/4 5652/30/4
f 5651/34/4 5641/34/4 5652/34/4
f 5600/30/4 5643/30/4 5653/30/4
f 5643/34/4 5644/34/4 5654/34/4
f 5653/30/4 5643/30/4 5654/30/4
f 5644/32/4 5602/32/4 5655/32/4
f 5654/34/4 5644/34/4 5655/34/4
f 5602/30/4 5603/30/4 5656/30/4
f 5655/32/4 5602/32/4 5656/32/4
f 5603/34/4 5604/34/4 5657/34/4
f 5656/30/4 5603/30/4 5657/30/4
f 5604/34/4 5580/34/4 5658/34/4
f 5657/34/4 5604/34/4 5658/34/4
f 5580/30/4 5636/30/4 5659/30/4
f 5658/34/4 5580/34/4 5659/34/4
f 5637/33/4 5497/33/4 5660/33/4
f 5636/32/4 5637/32/4 5660/32/4
f 5497/33/4 5414/33/4 5661/33/4
f 5660/33/4 5497/33/4 5661/33/4
f 5619/34/4 5620/34/4 5662/34/4
f 5620/34/4 5621/34/4 5662/34/4
f 5326/30/4 5618/30/4 5662/30/4
f 5618/34/4 5619/34/4 5662/34/4
f 5662/34/4 5621/34/4 5663/34/4
f 5623/32/4 5624/32/4 5664/32/4
f 5625/7/4 5645/7/4 5664/7/4
f 5621/32/4 5622/32/4 5664/32/4
f 5645/7/4 5646/7/4 5664/7/4
f 5624/32/4 5625/32/4 5664/32/4
f 5622/32/4 5623/32/4 5664/32/4
f 5646/9/4 5000/9/4 5665/9/4
f 5664/7/4 5646/7/4 5665/7/4
f 5000/17/4 5001/17/4 5666/17/4
f 5665/9/4 5000/9/4 5666/9/4
f 5638/22/4 5639/22/4 5667/22/4
f 5666/17/4 5001/17/4 5667/17/4
f 5001/22/4 5638/22/4 5667/22/4
f 5639/22/4 5640/22/4 5667/22/4
f 5640/22/4 5559/22/4 5668/22/4
f 5667/22/4 5640/22/4 5668/22/4
f 5559/17/4 5560/17/4 5668/17/4
f 5560/9/4 5647/9/4 5669/9/4
f 5668/17/4 5560/17/4 5669/17/4
f 5647/7/4 5648/7/4 5670/7/4
f 5669/9/4 5647/9/4 5670/9/4
f 5633/32/4 5451/32/4 5671/32/4
f 5670/7/4 5648/7/4 5671/7/4
f 5648/7/4 5633/7/4 5671/7/4
f 5649/32/4 5650/32/4 5672/32/4
f 5650/34/4 5599/34/4 5672/34/4
f 5599/32/4 5509/32/4 5673/32/4
f 5672/34/4 5599/34/4 5673/34/4
f 5651/30/4 5652/30/4 5674/30/4
f 5673/32/4 5509/32/4 5674/32/4
f 5509/30/4 5651/30/4 5674/30/4
f 5674/30/4 5652/30/4 5675/30/4
f 5652/30/4 5642/30/4 5676/30/4
f 5675/30/4 5652/30/4 5676/30/4
f 5656/30/4 5657/30/4 5677/30/4
f 5655/30/4 5656/30/4 5677/30/4
f 5657/32/4 5658/32/4 5678/32/4
f 5677/30/4 5657/30/4 5678/30/4
f 5658/30/4 5659/30/4 5679/30/4
f 5678/32/4 5658/32/4 5679/32/4
f 5679/30/4 5659/30/4 5680/30/4
f 5636/32/4 5660/32/4 5681/32/4
f 5680/30/4 5659/30/4 5681/30/4
f 5659/30/4 5636/30/4 5681/30/4
f 5660/32/4 5661/32/4 5681/32/4
f 5681/32/4 5661/32/4 5682/32/4
f 5617/33/4 5326/33/4 5683/33/4
f 5662/30/4 5663/30/4 5683/30/4
f 5326/30/4 5662/30/4 5683/30/4
f 5683/30/4 5663/30/4 5684/30/4
f 5663/34/4 5621/34/4 5685/34/4
f 5664/32/4 5665/32/4 5686/32/4
f 5685/34/4 5621/34/4 5686/34/4
f 5621/32/4 5664/32/4 5686/32/4
f 5665/1/4 5666/1/4 5687/1/4
f 5667/17/4 5668/17/4 5687/17/4
f 5666/1/4 5667/1/4 5687/1/4
f 5669/1/4 5670/1/4 5688/1/4
f 5687/17/4 5668/17/4 5688/17/4
f 5668/1/4 5669/1/4 5688/1/4
f 5649/32/4 5672/32/4 5689/32/4
f 5674/32/4 5675/32/4 5689/32/4
f 5451/34/4 5649/34/4 5689/34/4
f 5672/32/4 5673/32/4 5689/32/4
f 5673/32/4 5674/32/4 5689/32/4
f 5689/32/4 5675/32/4 5690/32/4
f 5675/34/4 5676/34/4 5691/34/4
f 5690/32/4 5675/32/4 5691/32/4
f 5676/30/4 5642/30/4 5692/30/4
f 5691/34/4 5676/34/4 5692/34/4
f 5682/32/4 5661/32/4 5693/32/4
f 5681/30/4 5682/30/4 5693/30/4
f 5680/30/4 5681/30/4 5693/30/4
f 5661/33/4 5414/33/4 5694/33/4
f 5693/32/4 5661/32/4 5694/32/4
f 5665/1/4 5687/1/4 5695/1/4
f 5686/32/4 5665/32/4 5695/32/4
f 5685/32/4 5686/32/4 5695/32/4
f 5687/9/4 5688/9/4 5696/9/4
f 5695/1/4 5687/1/4 5696/1/4
f 5696/9/4 5688/9/4 5697/9/4
f 5697/9/4 5688/9/4 5698/9/4
f 5698/9/4 5688/9/4 5699/9/4
f 5699/9/4 5688/9/4 5700/9/4
f 5700/9/4 5688/9/4 5701/9/4
f 5701/9/4 5688/9/4 5702/9/4
f 5702/9/4 5688/9/4 5703/9/4
f 5703/9/4 5688/9/4 5704/9/4
f 5704/9/4 5688/9/4 5705/9/4
f 5705/9/4 5688/9/4 5706/9/4
f 5706/9/4 5688/9/4 5707/9/4
f 5707/9/4 5688/9/4 5708/9/4
f 5708/9/4 5688/9/4 5709/9/4
f 5709/9/4 5688/9/4 5710/9/4
f 5710/9/4 5688/9/4 5711/9/4
f 5711/9/4 5688/9/4 5712/9/4
f 5688/1/4 5670/1/4 5713/1/4
f 5712/9/4 5688/9/4 5713/9/4
f 5670/32/4 5671/32/4 5714/32/4
f 5713/1/4 5670/1/4 5714/1/4
f 5714/32/4 5671/32/4 5715/32/4
f 5715/32/4 5671/32/4 5716/32/4
f 5689/34/4 5690/34/4 5717/34/4
f 5716/32/4 5671/32/4 5717/32/4
f 5451/34/4 5689/34/4 5717/34/4
f 5671/32/4 5451/32/4 5717/32/4
f 5717/34/4 5690/34/4 5718/34/4
f 5692/30/4 5642/30/4 5719/30/4
f 5642/34/4 5600/34/4 5719/34/4
f 5600/30/4 5653/30/4 5720/30/4
f 5719/34/4 5600/34/4 5720/34/4
f 5694/33/4 5414/33/4 5721/33/4
f 5693/28/4 5694/28/4 5721/28/4
f 5414/30/4 3728/30/4 5722/30/4
f 5721/33/4 5414/33/4 5722/33/4
f 5690/32/4 5691/32/4 5723/32/4
f 5691/32/4 5692/32/4 5723/32/4
f 5692/30/4 5719/30/4 5724/30/4
f 5723/32/4 5692/32/4 5724/32/4
f 5720/30/4 5653/30/4 5725/30/4
f 5653/34/4 5654/34/4 5725/34/4
f 5654/32/4 5655/32/4 5726/32/4
f 5725/34/4 5654/34/4 5726/34/4
f 5684/30/4 5663/30/4 5727/30/4
f 5663/34/4 5685/34/4 5727/34/4
f 5727/34/4 5685/34/4 5728/34/4
f 5685/32/4 5695/32/4 5729/32/4
f 5728/34/4 5685/34/4 5729/34/4
f 5695/32/4 5696/32/4 5729/32/4
f 5729/32/4 5696/32/4 5730/32/4
f 5730/32/4 5696/32/4 5731/32/4
f 5731/32/4 5696/32/4 5732/32/4
f 5715/33/4 5716/33/4 5733/33/4
f 5717/32/4 5718/32/4 5733/32/4
f 5716/32/4 5717/32/4 5733/32/4
f 5733/32/4 5718/32/4 5734/32/4
f 5734/32/4 5718/32/4 5735/32/4
f 5735/32/4 5718/32/4 5736/32/4
f 5718/34/4 5690/34/4 5737/34/4
f 5736/32/4 5718/32/4 5737/32/4
f 5690/32/4 5723/32/4 5738/32/4
f 5737/34/4 5690/34/4 5738/34/4
f 5723/30/4 5724/30/4 5739/30/4
f 5738/32/4 5723/32/4 5739/32/4
f 5724/30/4 5719/30/4 5740/30/4
f 5739/30/4 5724/30/4 5740/30/4
f 5725/32/4 5726/32/4 5741/32/4
f 5720/30/4 5725/30/4 5741/30/4
f 5726/32/4 5655/32/4 5742/32/4
f 5741/32/4 5726/32/4 5742/32/4
f 5655/30/4 5677/30/4 5743/30/4
f 5742/32/4 5655/32/4 5743/32/4
f 5679/29/4 5680/29/4 5744/29/4
f 5678/37/4 5679/37/4 5744/37/4
f 5680/30/4 5693/30/4 5745/30/4
f 5744/29/4 5680/29/4 5745/29/4
f 5683/31/4 5684/31/4 5746/31/4
f 5727/30/4 5728/30/4 5746/30/4
f 5684/30/4 5727/30/4 5746/30/4
f 5746/30/4 5728/30/4 5747/30/4
f 5728/34/4 5729/34/4 5748/34/4
f 5747/30/4 5728/30/4 5748/30/4
f 5729/34/4 5730/34/4 5748/34/4
f 5748/34/4 5730/34/4 5749/34/4
f 5730/32/4 5731/32/4 5750/32/4
f 5731/33/4 5732/33/4 5751/33/4
f 5750/32/4 5731/32/4 5751/32/4
f 5732/32/4 5696/32/4 5752/32/4
f 5751/33/4 5732/33/4 5752/33/4
f 5752/32/4 5696/32/4 5753/32/4
f 5714/32/4 5715/32/4 5754/32/4
f 5713/32/4 5714/32/4 5754/32/4
f 5715/33/4 5733/33/4 5755/33/4
f 5754/32/4 5715/32/4 5755/32/4
f 5733/33/4 5734/33/4 5755/33/4
f 5734/32/4 5735/32/4 5756/32/4
f 5756/32/4 5735/32/4 5757/32/4
f 5757/32/4 5735/32/4 5758/32/4
f 5735/35/4 5736/35/4 5759/35/4
f 5758/32/4 5735/32/4 5759/32/4
f 5738/32/4 5739/32/4 5760/32/4
f 5737/32/4 5738/32/4 5760/32/4
f 5739/32/4 5740/32/4 5760/32/4
f 5736/32/4 5737/32/4 5760/32/4
f 5760/32/4 5740/32/4 5761/32/4
f 5719/32/4 5720/32/4 5762/32/4
f 5740/30/4 5719/30/4 5762/30/4
f 5720/30/4 5741/30/4 5763/30/4
f 5762/32/4 5720/32/4 5763/32/4
f 5741/29/4 5742/29/4 5764/29/4
f 5763/30/4 5741/30/4 5764/30/4
f 5742/30/4 5743/30/4 5765/30/4
f 5764/29/4 5742/29/4 5765/29/4
f 5743/30/4 5677/30/4 5766/30/4
f 5765/30/4 5743/30/4 5766/30/4
f 5677/28/4 5678/28/4 5766/28/4
f 5678/37/4 5744/37/4 5767/37/4
f 5766/28/4 5678/28/4 5767/28/4
f 5744/30/4 5745/30/4 5768/30/4
f 5767/37/4 5744/37/4 5768/37/4
f 5745/30/4 5693/30/4 5769/30/4
f 5768/30/4 5745/30/4 5769/30/4
f 5730/32/4 5750/32/4 5770/32/4
f 5749/34/4 5730/34/4 5770/34/4
f 5770/32/4 5750/32/4 5771/32/4
f 5696/7/4 5697/7/4 5772/7/4
f 5697/6/4 5698/6/4 5772/6/4
f 5698/32/4 5699/32/4 5773/32/4
f 5772/6/4 5698/6/4 5773/6/4
f 5699/7/4 5700/7/4 5774/7/4
f 5700/6/4 5701/6/4 5774/6/4
f 5701/32/4 5702/32/4 5775/32/4
f 5774/6/4 5701/6/4 5775/6/4
f 5702/7/4 5703/7/4 5776/7/4
f 5703/6/4 5704/6/4 5776/6/4
f 5704/32/4 5705/32/4 5777/32/4
f 5776/6/4 5704/6/4 5777/6/4
f 5705/7/4 5706/7/4 5778/7/4
f 5706/6/4 5707/6/4 5778/6/4
f 5707/32/4 5708/32/4 5779/32/4
f 5778/6/4 5707/6/4 5779/6/4
f 5708/7/4 5709/7/4 5780/7/4
f 5709/6/4 5710/6/4 5780/6/4
f 5710/32/4 5711/32/4 5781/32/4
f 5780/6/4 5710/6/4 5781/6/4
f 5711/7/4 5712/7/4 5782/7/4
f 5712/6/4 5713/6/4 5782/6/4
f 5713/32/4 5754/32/4 5783/32/4
f 5782/6/4 5713/6/4 5783/6/4
f 5734/32/4 5756/32/4 5784/32/4
f 5755/33/4 5734/33/4 5784/33/4
f 5754/33/4 5755/33/4 5784/33/4
f 5784/32/4 5756/32/4 5785/32/4
f 5740/30/4 5762/30/4 5786/30/4
f 5761/32/4 5740/32/4 5786/32/4
f 5762/29/4 5763/29/4 5787/29/4
f 5786/30/4 5762/30/4 5787/30/4
f 5764/30/4 5765/30/4 5788/30/4
f 5787/29/4 5763/29/4 5788/29/4
f 5765/30/4 5766/30/4 5788/30/4
f 5763/30/4 5764/30/4 5788/30/4
f 5766/30/4 5767/30/4 5788/30/4
f 5788/30/4 5767/30/4 5789/30/4
f 5767/37/4 5768/37/4 5790/37/4
f 5789/30/4 5767/30/4 5790/30/4
f 5768/36/4 5769/36/4 5791/36/4
f 5790/37/4 5768/37/4 5791/37/4
f 5749/34/4 5770/34/4 5792/34/4
f 5748/33/4 5749/33/4 5792/33/4
f 5770/34/4 5771/34/4 5792/34/4
f 5792/34/4 5771/34/4 5793/34/4
f 5771/32/4 5750/32/4 5794/32/4
f 5793/34/4 5771/34/4 5794/34/4
f 5794/32/4 5750/32/4 5795/32/4
f 5795/32/4 5750/32/4 5796/32/4
f 5750/33/4 5751/33/4 5797/33/4
f 5796/32/4 5750/32/4 5797/32/4
f 5752/33/4 5753/33/4 5797/33/4
f 5751/33/4 5752/33/4 5797/33/4
f 5797/33/4 5753/33/4 5798/33/4
f 5753/32/4 5696/32/4 5799/32/4
f 5798/33/4 5753/33/4 5799/33/4
f 5799/32/4 5696/32/4 5800/32/4
f 5785/32/4 5756/32/4 5801/32/4
f 5784/33/4 5785/33/4 5801/33/4
f 5801/32/4 5756/32/4 5802/32/4
f 5736/32/4 5760/32/4 5803/32/4
f 5803/32/4 5760/32/4 5804/32/4
f 5761/32/4 5786/32/4 5805/32/4
f 5786/36/4 5787/36/4 5805/36/4
f 5788/36/4 5789/36/4 5805/36/4
f 5787/36/4 5788/36/4 5805/36/4
f 5805/36/4 5789/36/4 5806/36/4
f 5806/36/4 5789/36/4 5807/36/4
f 5693/28/4 5721/28/4 5808/28/4
f 5769/30/4 5693/30/4 5808/30/4
f 5721/32/4 5722/32/4 5809/32/4
f 5808/28/4 5721/28/4 5809/28/4
f 5794/34/4 5795/34/4 5810/34/4
f 5793/34/4 5794/34/4 5810/34/4
f 5795/32/4 5796/32/4 5811/32/4
f 5810/34/4 5795/34/4 5811/34/4
f 5811/32/4 5796/32/4 5812/32/4
f 5812/32/4 5796/32/4 5813/32/4
f 5800/32/4 5696/32/4 5814/32/4
f 5799/33/4 5800/33/4 5814/33/4
f 5798/33/4 5799/33/4 5814/33/4
f 5814/32/4 5696/32/4 5815/32/4
f 5815/32/4 5696/32/4 5816/32/4
f 5816/32/4 5696/32/4 5817/32/4
f 5696/7/4 5772/7/4 5818/7/4
f 5817/32/4 5696/32/4 5818/32/4
f 5772/7/4 5773/7/4 5818/7/4
f 5773/32/4 5699/32/4 5819/32/4
f 5818/7/4 5773/7/4 5819/7/4
f 5699/7/4 5774/7/4 5820/7/4
f 5819/32/4 5699/32/4 5820/32/4
f 5774/7/4 5775/7/4 5820/7/4
f 5775/32/4 5702/32/4 5821/32/4
f 5820/7/4 5775/7/4 5821/7/4
f 5702/7/4 5776/7/4 5822/7/4
f 5821/32/4 5702/32/4 5822/32/4
f 5776/7/4 5777/7/4 5822/7/4
f 5777/32/4 5705/32/4 5823/32/4
f 5822/7/4 5777/7/4 5823/7/4
f 5705/7/4 5778/7/4 5824/7/4
f 5823/32/4 5705/32/4 5824/32/4
f 5778/7/4 5779/7/4 5824/7/4
f 5779/32/4 5708/32/4 5825/32/4
f 5824/7/4 5779/7/4 5825/7/4
f 5780/7/4 5781/7/4 5826/7/4
f 5825/32/4 5708/32/4 5826/32/4
f 5708/7/4 5780/7/4 5826/7/4
f 5781/32/4 5711/32/4 5827/32/4
f 5826/7/4 5781/7/4 5827/7/4
f 5782/7/4 5783/7/4 5828/7/4
f 5827/32/4 5711/32/4 5828/32/4
f 5711/7/4 5782/7/4 5828/7/4
f 5828/7/4 5783/7/4 5829/7/4
f 5783/32/4 5754/32/4 5830/32/4
f 5829/7/4 5783/7/4 5830/7/4
f 5757/32/4 5758/32/4 5831/32/4
f 5756/38/4 5757/38/4 5831/38/4
f 5758/33/4 5759/33/4 5832/33/4
f 5831/32/4 5758/32/4 5832/32/4
f 5760/36/4 5761/36/4 5833/36/4
f 5805/32/4 5806/32/4 5833/32/4
f 5761/32/4 5805/32/4 5833/32/4
f 5833/32/4 5806/32/4 5834/32/4
f 5834/32/4 5806/32/4 5835/32/4
f 5835/32/4 5806/32/4 5836/32/4
f 5836/32/4 5806/32/4 5837/32/4
f 5806/30/4 5807/30/4 5838/30/4
f 5837/32/4 5806/32/4 5838/32/4
f 5791/36/4 5769/36/4 5839/36/4
f 5790/38/4 5791/38/4 5839/38/4
f 5769/30/4 5808/30/4 5840/30/4
f 5839/36/4 5769/36/4 5840/36/4
f 5808/30/4 5809/30/4 5840/30/4
f 5840/30/4 5809/30/4 5841/30/4
f 5841/30/4 5809/30/4 5842/30/4
f 5809/32/4 5722/32/4 5843/32/4
f 5842/30/4 5809/30/4 5843/30/4
f 5793/34/4 5810/34/4 5844/34/4
f 5792/33/4 5793/33/4 5844/33/4
f 5810/33/4 5811/33/4 5845/33/4
f 5844/34/4 5810/34/4 5845/34/4
f 5811/34/4 5812/34/4 5846/34/4
f 5845/33/4 5811/33/4 5846/33/4
f 5812/33/4 5813/33/4 5847/33/4
f 5846/34/4 5812/34/4 5847/34/4
f 5813/32/4 5796/32/4 5848/32/4
f 5847/33/4 5813/33/4 5848/33/4
f 5796/33/4 5797/33/4 5849/33/4
f 5848/32/4 5796/32/4 5849/32/4
f 5797/32/4 5798/32/4 5850/32/4
f 5849/33/4 5797/33/4 5850/33/4
f 5814/33/4 5815/33/4 5851/33/4
f 5850/32/4 5798/32/4 5851/32/4
f 5798/33/4 5814/33/4 5851/33/4
f 5815/32/4 5816/32/4 5852/32/4
f 5851/33/4 5815/33/4 5852/33/4
f 5816/33/4 5817/33/4 5853/33/4
f 5852/32/4 5816/32/4 5853/32/4
f 5828/32/4 5829/32/4 5854/32/4
f 5853/33/4 5817/33/4 5854/33/4
f 5825/32/4 5826/32/4 5854/32/4
f 5824/32/4 5825/32/4 5854/32/4
f 5826/32/4 5827/32/4 5854/32/4
f 5817/32/4 5818/32/4 5854/32/4
f 5818/32/4 5819/32/4 5854/32/4
f 5819/32/4 5820/32/4 5854/32/4
f 5820/32/4 5821/32/4 5854/32/4
f 5821/32/4 5822/32/4 5854/32/4
f 5822/32/4 5823/32/4 5854/32/4
f 5823/32/4 5824/32/4 5854/32/4
f 5827/32/4 5828/32/4 5854/32/4
f 5854/32/4 5829/32/4 5855/32/4
f 5855/32/4 5829/32/4 5856/32/4
f 5856/32/4 5829/32/4 5857/32/4
f 5857/32/4 5829/32/4 5858/32/4
f 5829/33/4 5830/33/4 5859/33/4
f 5858/32/4 5829/32/4 5859/32/4
f 5802/32/4 5756/32/4 5860/32/4
f 5801/33/4 5802/33/4 5860/33/4
f 5756/38/4 5831/38/4 5861/38/4
f 5860/32/4 5756/32/4 5861/32/4
f 5831/33/4 5832/33/4 5862/33/4
f 5861/38/4 5831/38/4 5862/38/4
f 5759/35/4 5736/35/4 5863/35/4
f 5862/33/4 5832/33/4 5863/33/4
f 5832/33/4 5759/33/4 5863/33/4
f 5736/32/4 5803/32/4 5864/32/4
f 5863/35/4 5736/35/4 5864/35/4
f 5803/38/4 5804/38/4 5865/38/4
f 5864/32/4 5803/32/4 5865/32/4
f 5804/32/4 5760/32/4 5866/32/4
f 5865/38/4 5804/38/4 5866/38/4
f 5836/32/4 5837/32/4 5867/32/4
f 5835/30/4 5836/30/4 5867/30/4
f 5837/36/4 5838/36/4 5868/36/4
f 5867/32/4 5837/32/4 5868/32/4
f 5807/36/4 5789/36/4 5869/36/4
f 5789/30/4 5790/30/4 5869/30/4
f 5790/38/4 5839/38/4 5870/38/4
f 5869/30/4 5790/30/4 5870/30/4
f 5846/33/4 5847/33/4 5871/33/4
f 5845/33/4 5846/33/4 5871/33/4
f 5852/33/4 5853/33/4 5871/33/4
f 5855/32/4 5856/32/4 5871/32/4
f 5854/33/4 5855/33/4 5871/33/4
f 5853/33/4 5854/33/4 5871/33/4
f 5848/33/4 5849/33/4 5871/33/4
f 5851/33/4 5852/33/4 5871/33/4
f 5850/33/4 5851/33/4 5871/33/4
f 5844/33/4 5845/33/4 5871/33/4
f 5849/33/4 5850/33/4 5871/33/4
f 5847/33/4 5848/33/4 5871/33/4
f 5871/32/4 5856/32/4 5872/32/4
f 5872/32/4 5856/32/4 5873/32/4
f 5873/32/4 5856/32/4 5874/32/4
f 5874/32/4 5856/32/4 5875/32/4
f 5875/32/4 5856/32/4 5876/32/4
f 5876/32/4 5856/32/4 5877/32/4
f 5856/33/4 5857/33/4 5878/33/4
f 5877/32/4 5856/32/4 5878/32/4
f 5866/32/4 5760/32/4 5879/32/4
f 5760/36/4 5833/36/4 5879/36/4
f 5833/33/4 5834/33/4 5880/33/4
f 5879/36/4 5833/36/4 5880/36/4
f 5834/32/4 5835/32/4 5881/32/4
f 5880/33/4 5834/33/4 5881/33/4
f 5881/32/4 5835/32/4 5882/32/4
f 5835/30/4 5867/30/4 5883/30/4
f 5882/32/4 5835/32/4 5883/32/4
f 5867/30/4 5868/30/4 5883/30/4
f 5883/30/4 5868/30/4 5884/30/4
f 5884/30/4 5868/30/4 5885/30/4
f 5841/30/4 5842/30/4 5886/30/4
f 5840/29/4 5841/29/4 5886/29/4
f 5886/30/4 5842/30/4 5887/30/4
f 5843/32/4 5722/32/4 5888/32/4
f 5842/33/4 5843/33/4 5888/33/4
f 5722/30/4 3728/30/4 5889/30/4
f 5888/32/4 5722/32/4 5889/32/4
f 5871/33/4 5872/33/4 5890/33/4
f 5872/32/4 5873/32/4 5890/32/4
f 5890/32/4 5873/32/4 5891/32/4
f 5873/33/4 5874/33/4 5892/33/4
f 5874/32/4 5875/32/4 5892/32/4
f 5892/32/4 5875/32/4 5893/32/4
f 5893/32/4 5875/32/4 5894/32/4
f 5894/32/4 5875/32/4 5895/32/4
f 5895/32/4 5875/32/4 5896/32/4
f 5896/32/4 5875/32/4 5897/32/4
f 5876/32/4 5877/32/4 5898/32/4
f 5877/33/4 5878/33/4 5899/33/4
f 5898/32/4 5877/32/4 5899/32/4
f 5878/33/4 5857/33/4 5900/33/4
f 5899/33/4 5878/33/4 5900/33/4
f 5857/32/4 5858/32/4 5901/32/4
f 5900/33/4 5857/33/4 5901/33/4
f 5901/32/4 5858/32/4 5902/32/4
f 5858/33/4 5859/33/4 5903/33/4
f 5902/32/4 5858/32/4 5903/32/4
f 5830/32/4 5754/32/4 5904/32/4
f 5903/33/4 5859/33/4 5904/33/4
f 5859/33/4 5830/33/4 5904/33/4
f 5861/33/4 5862/33/4 5905/33/4
f 5904/32/4 5754/32/4 5905/32/4
f 5754/33/4 5784/33/4 5905/33/4
f 5801/33/4 5860/33/4 5905/33/4
f 5862/33/4 5863/33/4 5905/33/4
f 5860/33/4 5861/33/4 5905/33/4
f 5784/33/4 5801/33/4 5905/33/4
f 5879/30/4 5880/30/4 5906/30/4
f 5881/33/4 5882/33/4 5906/33/4
f 5880/33/4 5881/33/4 5906/33/4
f 5906/33/4 5882/33/4 5907/33/4
f 5885/30/4 5868/30/4 5908/30/4
f 5884/29/4 5885/29/4 5908/29/4
f 5868/36/4 5838/36/4 5909/36/4
f 5908/30/4 5868/30/4 5909/30/4
f 5887/30/4 5842/30/4 5910/30/4
f 5842/33/4 5888/33/4 5911/33/4
f 5910/30/4 5842/30/4 5911/30/4
f 5888/33/4 5889/33/4 5911/33/4
f 5911/33/4 5889/33/4 5912/33/4
f 5891/32/4 5873/32/4 5913/32/4
f 5890/33/4 5891/33/4 5913/33/4
f 5873/33/4 5892/33/4 5914/33/4
f 5913/32/4 5873/32/4 5914/32/4
f 5892/33/4 5893/33/4 5914/33/4
f 5893/32/4 5894/32/4 5915/32/4
f 5894/33/4 5895/33/4 5916/33/4
f 5915/32/4 5894/32/4 5916/32/4
f 5896/33/4 5897/33/4 5917/33/4
f 5897/32/4 5875/32/4 5917/32/4
f 5875/33/4 5876/33/4 5918/33/4
f 5917/32/4 5875/32/4 5918/32/4
f 5876/32/4 5898/32/4 5919/32/4
f 5918/33/4 5876/33/4 5919/33/4
f 5919/32/4 5898/32/4 5920/32/4
f 5907/33/4 5882/33/4 5921/33/4
f 5882/32/4 5883/32/4 5921/32/4
f 5883/32/4 5884/32/4 5921/32/4
f 5921/32/4 5884/32/4 5922/32/4
f 5909/36/4 5838/36/4 5923/36/4
f 5838/30/4 5807/30/4 5923/30/4
f 5807/36/4 5869/36/4 5924/36/4
f 5923/30/4 5807/30/4 5924/30/4
f 5887/30/4 5910/30/4 5925/30/4
f 5910/28/4 5911/28/4 5925/28/4
f 5911/28/4 5912/28/4 5925/28/4
f 5925/28/4 5912/28/4 5926/28/4
f 5893/32/4 5915/32/4 5927/32/4
f 5915/33/4 5916/33/4 5928/33/4
f 5927/32/4 5915/32/4 5928/32/4
f 5916/33/4 5895/33/4 5929/33/4
f 5928/33/4 5916/33/4 5929/33/4
f 5895/32/4 5896/32/4 5929/32/4
f 5917/33/4 5918/33/4 5930/33/4
f 5929/32/4 5896/32/4 5930/32/4
f 5896/33/4 5917/33/4 5930/33/4
f 5919/33/4 5920/33/4 5930/33/4
f 5918/33/4 5919/33/4 5930/33/4
f 5920/32/4 5898/32/4 5931/32/4
f 5930/33/4 5920/33/4 5931/33/4
f 5899/33/4 5900/33/4 5932/33/4
f 5931/32/4 5898/32/4 5932/32/4
f 5898/33/4 5899/33/4 5932/33/4
f 5900/32/4 5901/32/4 5933/32/4
f 5932/33/4 5900/33/4 5933/33/4
f 5901/32/4 5902/32/4 5933/32/4
f 5933/32/4 5902/32/4 5934/32/4
f 5864/32/4 5865/32/4 5935/32/4
f 5865/37/4 5866/37/4 5935/37/4
f 5866/32/4 5879/32/4 5936/32/4
f 5935/37/4 5866/37/4 5936/37/4
f 5879/30/4 5906/30/4 5937/30/4
f 5936/32/4 5879/32/4 5937/32/4
f 5906/36/4 5907/36/4 5938/36/4
f 5937/30/4 5906/30/4 5938/30/4
f 5922/32/4 5884/32/4 5939/32/4
f 5921/33/4 5922/33/4 5939/33/4
f 5884/29/4 5908/29/4 5940/29/4
f 5939/32/4 5884/32/4 5940/32/4
f 5908/29/4 5909/29/4 5940/29/4
f 5925/30/4 5926/30/4 5941/30/4
f 5886/29/4 5887/29/4 5941/29/4
f 5887/30/4 5925/30/4 5941/30/4
f 5941/30/4 5926/30/4 5942/30/4
f 4893/33/4 4958/33/4 5943/33/4
f 5615/33/4 5616/33/4 5943/33/4
f 3727/30/4 4628/30/4 5943/30/4
f 4769/33/4 4842/33/4 5943/33/4
f 4985/33/4 5236/33/4 5943/33/4
f 5236/33/4 5615/33/4 5943/33/4
f 4842/33/4 4893/33/4 5943/33/4
f 4628/33/4 4769/33/4 5943/33/4
f 4958/33/4 4985/33/4 5943/33/4
f 5616/31/4 5617/31/4 5944/31/4
f 5943/33/4 5616/33/4 5944/33/4
f 5617/33/4 5683/33/4 5945/33/4
f 5944/31/4 5617/31/4 5945/31/4
f 5683/31/4 5746/31/4 5946/31/4
f 5945/33/4 5683/33/4 5946/33/4
f 5746/33/4 5747/33/4 5947/33/4
f 5946/31/4 5746/31/4 5947/31/4
f 5747/30/4 5748/30/4 5948/30/4
f 5947/33/4 5747/33/4 5948/33/4
f 5913/33/4 5914/33/4 5949/33/4
f 5948/30/4 5748/30/4 5949/30/4
f 5871/33/4 5890/33/4 5949/33/4
f 5844/33/4 5871/33/4 5949/33/4
f 5890/33/4 5913/33/4 5949/33/4
f 5748/33/4 5792/33/4 5949/33/4
f 5792/33/4 5844/33/4 5949/33/4
f 5893/32/4 5927/32/4 5950/32/4
f 5949/33/4 5914/33/4 5950/33/4
f 5914/33/4 5893/33/4 5950/33/4
f 5927/33/4 5928/33/4 5951/33/4
f 5950/32/4 5927/32/4 5951/32/4
f 5930/33/4 5931/33/4 5951/33/4
f 5931/33/4 5932/33/4 5951/33/4
f 5933/33/4 5934/33/4 5951/33/4
f 5928/33/4 5929/33/4 5951/33/4
f 5929/33/4 5930/33/4 5951/33/4
f 5932/33/4 5933/33/4 5951/33/4
f 5934/32/4 5902/32/4 5952/32/4
f 5951/33/4 5934/33/4 5952/33/4
f 5902/33/4 5903/33/4 5953/33/4
f 5952/32/4 5902/32/4 5953/32/4
f 5903/33/4 5904/33/4 5953/33/4
f 5904/33/4 5905/33/4 5953/33/4
f 5863/36/4 5864/36/4 5954/36/4
f 5953/33/4 5905/33/4 5954/33/4
f 5905/33/4 5863/33/4 5954/33/4
f 5864/32/4 5935/32/4 5955/32/4
f 5954/36/4 5864/36/4 5955/36/4
f 5935/30/4 5936/30/4 5956/30/4
f 5955/32/4 5935/32/4 5956/32/4
f 5936/30/4 5937/30/4 5956/30/4
f 5937/29/4 5938/29/4 5957/29/4
f 5956/30/4 5937/30/4 5957/30/4
f 5938/36/4 5907/36/4 5958/36/4
f 5957/29/4 5938/29/4 5958/29/4
f 5921/33/4 5939/33/4 5959/33/4
f 5958/36/4 5907/36/4 5959/36/4
f 5939/33/4 5940/33/4 5959/33/4
f 5907/33/4 5921/33/4 5959/33/4
f 5940/29/4 5909/29/4 5960/29/4
f 5959/33/4 5940/33/4 5960/33/4
f 5909/36/4 5923/36/4 5961/36/4
f 5960/29/4 5909/29/4 5961/29/4
f 5923/29/4 5924/29/4 5962/29/4
f 5961/36/4 5923/36/4 5962/36/4
f 5924/36/4 5869/36/4 5963/36/4
f 5962/29/4 5924/29/4 5963/29/4
f 5869/29/4 5870/29/4 5964/29/4
f 5963/36/4 5869/36/4 5964/36/4
f 5870/38/4 5839/38/4 5965/38/4
f 5964/29/4 5870/29/4 5965/29/4
f 5839/35/4 5840/35/4 5966/35/4
f 5965/38/4 5839/38/4 5966/38/4
f 5941/29/4 5942/29/4 5967/29/4
f 5966/35/4 5840/35/4 5967/35/4
f 5886/29/4 5941/29/4 5967/29/4
f 5840/29/4 5886/29/4 5967/29/4
f 5942/30/4 5926/30/4 5968/30/4
f 5967/29/4 5942/29/4 5968/29/4
f 5926/28/4 5912/28/4 5969/28/4
f 5968/30/4 5926/30/4 5969/30/4
f 5912/33/4 5889/33/4 5970/33/4
f 5969/28/4 5912/28/4 5970/28/4
f 5889/30/4 3728/30/4 5971/30/4
f 5970/33/4 5889/33/4 5971/33/4
f 5957/30/4 5958/30/4 5972/30/4
f 5961/30/4 5962/30/4 5972/30/4
f 5970/30/4 5971/30/4 5972/30/4
f 5943/30/4 5944/30/4 5972/30/4
f 5954/30/4 5955/30/4 5972/30/4
f 5968/30/4 5969/30/4 5972/30/4
f 5947/30/4 5948/30/4 5972/30/4
f 5946/30/4 5947/30/4 5972/30/4
f 5969/30/4 5970/30/4 5972/30/4
f 5964/30/4 5965/30/4 5972/30/4
f 5945/30/4 5946/30/4 5972/30/4
f 5965/30/4 5966/30/4 5972/30/4
f 5966/30/4 5967/30/4 5972/30/4
f 5944/30/4 5945/30/4 5972/30/4
f 5967/30/4 5968/30/4 5972/30/4
f 5960/30/4 5961/30/4 5972/30/4
f 5958/30/4 5959/30/4 5972/30/4
f 3727/30/4 5943/30/4 5972/30/4
f 5948/30/4 5949/30/4 5972/30/4
f 5955/30/4 5956/30/4 5972/30/4
f 5962/30/4 5963/30/4 5972/30/4
f 5949/30/4 5950/30/4 5972/30/4
f 5952/30/4 5953/30/4 5972/30/4
f 5959/30/4 5960/30/4 5972/30/4
f 5956/30/4 5957/30/4 5972/30/4
f 5963/30/4 5964/30/4 5972/30/4
f 5953/30/4 5954/30/4 5972/30/4
f 5950/30/4 5951/30/4 5972/30/4
f 5951/30/4 5952/30/4 5972/30/4
f 5971/30/4 3728/30/4 5973/30/4
f 5972/30/4 5971/30/4 5973/30/4
f 5976/30/5 5975/30/5 5974/30/5
f 5977/30/5 5975/30/5 5976/30/5
f 5978/30/5 5976/30/5 5974/30/5
f 5978/33/5 5977/33/5 5976/33/5
f 5979/30/5 5975/30/5 5977/30/5
f 5979/33/5 5977/33/5 5978/33/5
f 5980/30/5 5978/30/5 5974/30/5
f 5980/29/5 5979/29/5 5978/29/5
f 5981/30/5 5975/30/5 5979/30/5
f 5981/29/5 5979/29/5 5980/29/5
f 5982/30/5 5980/30/5 5974/30/5
f 5982/32/5 5981/32/5 5980/32/5
f 5983/30/5 5975/30/5 5981/30/5
f 5983/32/5 5981/32/5 5982/32/5
f 5984/30/5 5982/30/5 5974/30/5
f 5984/29/5 5983/29/5 5982/29/5
f 5985/30/5 5975/30/5 5983/30/5
f 5985/29/5 5983/29/5 5984/29/5
f 5986/30/5 5984/30/5 5974/30/5
f 5986/33/5 5985/33/5 5984/33/5
f 5987/30/5 5975/30/5 5985/30/5
f 5987/33/5 5985/33/5 5986/33/5
f 5988/30/5 5986/30/5 5974/30/5
f 5988/30/5 5987/30/5 5986/30/5
f 5989/30/5 5975/30/5 5987/30/5
f 5989/30/5 5987/30/5 5988/30/5
f 5992/30/5 5991/30/5 5990/30/5
f 5993/30/5 5991/30/5 5992/30/5
f 5996/30/5 5995/30/5 5994/30/5
f 5997/30/5 5995/30/5 5996/30/5
f 6000/30/5 5999/30/5 5998/30/5
f 6001/30/5 5999/30/5 6000/30/5
f 6006/9/5 6003/9/5 6002/9/5
f 6007/9/5 6003/9/5 6006/9/5
f 6008/9/5 6005/9/5 6004/9/5
f 6009/9/5 6005/9/5 6008/9/5
f 6012/32/5 6011/32/5 6010/32/5
f 6013/32/5 6011/32/5 6012/32/5
f 6016/9/5 6015/9/5 6014/9/5
f 6017/9/5 6015/9/5 6016/9/5
f 6018/30/6 6019/30/6 6020/30/6
f 6020/30/6 6019/30/6 6021/30/6
f 6022/9/6 6023/9/6 6024/9/6
f 6024/9/6 6023/9/6 6025/9/6
f 6026/9/6 6027/9/6 6028/9/6
f 6028/9/6 6027/9/6 6029/9/6
f 6030/30/6 6031/30/6 6032/30/6
f 6032/30/6 6031/30/6 6033/30/6
f 6034/30/6 6035/30/6 6036/30/6
f 6036/30/6 6035/30/6 6037/30/6
f 6038/9/6 6039/9/6 6040/9/6
f 6040/9/6 6039/9/6 6041/9/6
f 6042/32/6 6043/32/6 6044/32/6
f 6044/32/6 6043/32/6 6045/32/6
f 6046/30/6 6047/30/6 6048/30/6
f 6048/30/6 6047/30/6 6049/30/6
f 6046/30/6 6048/30/6 6050/30/6
f 6048/33/6 6049/33/6 6050/33/6
f 6049/30/6 6047/30/6 6051/30/6
f 6050/33/6 6049/33/6 6051/33/6
f 6046/30/6 6050/30/6 6052/30/6
f 6050/29/6 6051/29/6 6052/29/6
f 6051/30/6 6047/30/6 6053/30/6
f 6052/29/6 6051/29/6 6053/29/6
f 6046/30/6 6052/30/6 6054/30/6
f 6052/32/6 6053/32/6 6054/32/6
f 6054/32/6 6053/32/6 6055/32/6
f 6046/30/6 6054/30/6 6056/30/6
f 6054/29/6 6055/29/6 6056/29/6
f 6055/32/6 6053/32/6 6057/32/6
f 6056/29/6 6055/29/6 6057/29/6
f 6053/30/6 6047/30/6 6058/30/6
f 6057/32/6 6053/32/6 6058/32/6
f 6056/33/6 6057/33/6 6059/33/6
f 6046/30/6 6056/30/6 6059/30/6
f 6057/33/6 6058/33/6 6059/33/6
f 6058/30/6 6047/30/6 6060/30/6
f 6059/33/6 6058/33/6 6060/33/6
f 6046/30/6 6059/30/6 6061/30/6
f 6059/30/6 6060/30/6 6061/30/6
f 6060/30/6 6047/30/6 6062/30/6
f 6061/30/6 6060/30/6 6062/30/6
