# MagicaVoxel @ Ephtracy

# group
o 

# material
mtllib ImagesATK_100_Ghz.mtl
usemtl palette

# normals
vn -1 0 0
vn 1 0 0
vn 0 0 1
vn 0 0 -1
vn 0 -1 0
vn 0 1 0

# texcoords
vt 0.220703 0.5
vt 0.287109 0.5
vt 0.298828 0.5
vt 0.376953 0.5
vt 0.380859 0.5
vt 0.384766 0.5
vt 0.396484 0.5
vt 0.408203 0.5
vt 0.439453 0.5
vt 0.443359 0.5
vt 0.447266 0.5
vt 0.451172 0.5
vt 0.462891 0.5
vt 0.548828 0.5
vt 0.552734 0.5
vt 0.564453 0.5
vt 0.568359 0.5
vt 0.572266 0.5
vt 0.576172 0.5
vt 0.626953 0.5
vt 0.630859 0.5
vt 0.634766 0.5
vt 0.638672 0.5
vt 0.642578 0.5
vt 0.654297 0.5
vt 0.662109 0.5
vt 0.666016 0.5
vt 0.669922 0.5
vt 0.673828 0.5
vt 0.677734 0.5
vt 0.681641 0.5
vt 0.685547 0.5
vt 0.712891 0.5
vt 0.720703 0.5
vt 0.724609 0.5
vt 0.732422 0.5
vt 0.736328 0.5
vt 0.751953 0.5
vt 0.759766 0.5
vt 0.767578 0.5
vt 0.771484 0.5
vt 0.970703 0.5

# verts
v -5.1 0.2 1.3
v -5.1 0.2 -1
v -5.1 0.6 1
v -5.1 0.6 0.4
v -5.1 0.6 0.3
v -5.1 0.6 1.19209e-07
v -5.1 0.6 -0.0999999
v -5.1 0.6 -0.7
v -5.1 1.9 1.3
v -5.1 1.9 1.2
v -5.1 2 1.3
v -5.1 2 1.2
v -5.1 2.1 1.3
v -5.1 2.1 1.2
v -5.1 2.2 1.3
v -5.1 2.2 1.2
v -5.1 2.3 1.3
v -5.1 2.3 1.2
v -5.1 2.4 1.3
v -5.1 2.4 1.2
v -5.1 11.2 1
v -5.1 11.2 0.4
v -5.1 11.2 0.3
v -5.1 11.2 1.19209e-07
v -5.1 11.2 -0.0999999
v -5.1 11.2 -0.7
v -5.1 11.6 1.3
v -5.1 11.6 -1
v -5 1.9 1.3
v -5 1.9 1.2
v -5 2 1.3
v -5 2 1.2
v -5 2.1 1.3
v -5 2.1 1.2
v -5 2.2 1.3
v -5 2.2 1.2
v -5 2.3 1.3
v -5 2.3 1.2
v -5 2.4 1.3
v -5 2.4 1.2
v -0.5 2 -0.8
v -0.5 2 -0.9
v -0.5 2.2 -0.9
v -0.5 2.9 -0.8
v -0.5 2.9 -0.9
v -0.2 4.6 -0.8
v -0.2 4.6 -0.9
v -0.2 4.8 -0.8
v -0.2 4.8 -0.9
v 3.8 1.9 -0.8
v 3.8 1.9 -0.9
v 3.8 2.9 -0.8
v 3.8 2.9 -0.9
v 4.9 3.4 -0.8
v 4.9 3.4 -0.9
v 4.9 5 -0.9
v 4.9 5.1 -0.9
v 4.9 7 -0.9
v 4.9 7.1 -0.9
v 4.9 8.7 -0.8
v 4.9 8.7 -0.9
v -0.7 2 -0.8
v -0.7 2 -0.9
v -0.7 2.1 -0.9
v -0.7 2.9 -0.8
v -0.7 2.9 -0.9
v -0.3 4.6 -0.8
v -0.3 4.6 -0.9
v -0.3 4.8 -0.8
v -0.3 4.8 -0.9
v 3.5 1.9 -0.8
v 3.5 1.9 -0.9
v 3.5 2.9 -0.8
v 3.5 2.9 -0.9
v 4.4 3.4 -0.8
v 4.4 3.4 -0.9
v 4.4 4.3 -0.9
v 4.4 6.8 -0.9
v 4.4 7 -0.9
v 4.4 7.2 -0.9
v 4.4 7.5 -0.9
v 4.4 7.7 -0.9
v 4.4 8.7 -0.8
v 4.4 8.7 -0.9
v 5 0.2 1.3
v 5 0.2 -1
v 5 0.6 1
v 5 0.6 0.4
v 5 0.6 0.3
v 5 0.6 -0.0999999
v 5 0.6 -0.7
v 5 0.7 1.19209e-07
v 5 0.7 -0.0999999
v 5 11.2 1
v 5 11.2 0.4
v 5 11.2 0.3
v 5 11.2 1.19209e-07
v 5 11.2 -0.0999999
v 5 11.2 -0.7
v 5 11.6 1.3
v 5 11.6 -1
v -5.1 0.2 1.3
v -5.1 1.9 1.3
v -5.1 2 1.3
v -5.1 2.1 1.3
v -5.1 2.2 1.3
v -5.1 2.3 1.3
v -5.1 2.4 1.3
v -5.1 11.6 1.3
v -5 0.3 1.3
v -5 1.9 1.3
v -5 2 1.3
v -5 2.1 1.3
v -5 2.2 1.3
v -5 2.3 1.3
v -5 2.4 1.3
v -5 9.1 1.3
v -5 9.2 1.3
v -5 9.4 1.3
v -5 9.6 1.3
v -5 9.7 1.3
v -5 10.2 1.3
v -5 10.3 1.3
v -5 10.4 1.3
v -5 10.5 1.3
v -5 10.6 1.3
v -5 10.7 1.3
v -5 10.8 1.3
v -5 10.9 1.3
v -5 11.3 1.3
v -5 11.4 1.3
v -5 11.5 1.3
v -4.9 1.9 1.3
v -4.9 2 1.3
v -4.9 2.1 1.3
v -4.9 2.2 1.3
v -4.9 4.9 1.3
v -4.9 5.1 1.3
v -4.9 6 1.3
v -4.9 6.3 1.3
v -4.9 6.5 1.3
v -4.9 7 1.3
v -4.9 7.1 1.3
v -4.9 7.3 1.3
v -4.9 7.6 1.3
v -4.9 8.5 1.3
v -4.9 8.6 1.3
v -4.9 8.7 1.3
v -4.9 9.2 1.3
v -4.9 9.3 1.3
v -4.9 9.4 1.3
v -4.9 9.5 1.3
v -4.9 10.1 1.3
v -4.9 10.2 1.3
v -4.9 11.2 1.3
v -4.9 11.3 1.3
v -4.8 4.8 1.3
v -4.8 4.9 1.3
v -4.8 5.1 1.3
v -4.8 5.2 1.3
v -4.8 5.8 1.3
v -4.8 6 1.3
v -4.8 6.2 1.3
v -4.8 6.3 1.3
v -4.8 6.5 1.3
v -4.8 6.8 1.3
v -4.8 7 1.3
v -4.8 7.1 1.3
v -4.8 7.3 1.3
v -4.8 7.6 1.3
v -4.8 8.2 1.3
v -4.8 8.7 1.3
v -4.8 8.8 1.3
v -4.8 9.3 1.3
v -4.8 9.4 1.3
v -4.8 9.5 1.3
v -4.8 9.6 1.3
v -4.8 10 1.3
v -4.8 10.1 1.3
v -4.8 11.1 1.3
v -4.8 11.2 1.3
v -4.7 5.2 1.3
v -4.7 5.3 1.3
v -4.7 5.4 1.3
v -4.7 5.6 1.3
v -4.7 5.8 1.3
v -4.7 6.2 1.3
v -4.7 6.8 1.3
v -4.7 7.8 1.3
v -4.7 8.4 1.3
v -4.7 8.5 1.3
v -4.7 9.9 1.3
v -4.7 10 1.3
v -4.7 10.4 1.3
v -4.7 10.5 1.3
v -4.7 11.2 1.3
v -4.7 11.3 1.3
v -4.6 0.5 1.3
v -4.6 0.9 1.3
v -4.6 1.1 1.3
v -4.6 1.2 1.3
v -4.6 1.4 1.3
v -4.6 1.9 1.3
v -4.6 2.5 1.3
v -4.6 2.7 1.3
v -4.6 4.2 1.3
v -4.6 4.3 1.3
v -4.6 4.8 1.3
v -4.6 5.1 1.3
v -4.6 5.2 1.3
v -4.6 5.3 1.3
v -4.6 5.4 1.3
v -4.6 6 1.3
v -4.6 6.1 1.3
v -4.6 7.5 1.3
v -4.6 7.7 1.3
v -4.6 7.8 1.3
v -4.6 7.9 1.3
v -4.6 8.2 1.3
v -4.6 8.4 1.3
v -4.6 9.6 1.3
v -4.6 9.7 1.3
v -4.6 10.2 1.3
v -4.6 10.3 1.3
v -4.6 11.2 1.3
v -4.6 11.3 1.3
v -4.6 11.4 1.3
v -4.5 0.4 1.3
v -4.5 0.5 1.3
v -4.5 0.9 1.3
v -4.5 1 1.3
v -4.5 1.3 1.3
v -4.5 1.4 1.3
v -4.5 1.9 1.3
v -4.5 2.8 1.3
v -4.5 2.9 1.3
v -4.5 3.1 1.3
v -4.5 3.2 1.3
v -4.5 3.7 1.3
v -4.5 4.2 1.3
v -4.5 4.3 1.3
v -4.5 5 1.3
v -4.5 5.1 1.3
v -4.5 5.7 1.3
v -4.5 5.8 1.3
v -4.5 5.9 1.3
v -4.5 6 1.3
v -4.5 6.1 1.3
v -4.5 7.5 1.3
v -4.5 7.6 1.3
v -4.5 7.7 1.3
v -4.5 7.8 1.3
v -4.5 7.9 1.3
v -4.5 8 1.3
v -4.5 8.6 1.3
v -4.5 8.7 1.3
v -4.5 8.8 1.3
v -4.5 8.9 1.3
v -4.5 9.5 1.3
v -4.5 9.6 1.3
v -4.5 9.8 1.3
v -4.5 9.9 1.3
v -4.5 10 1.3
v -4.5 10.1 1.3
v -4.5 10.2 1.3
v -4.5 11 1.3
v -4.5 11.1 1.3
v -4.5 11.4 1.3
v -4.5 11.5 1.3
v -4.4 2.7 1.3
v -4.4 2.8 1.3
v -4.4 2.9 1.3
v -4.4 3.1 1.3
v -4.4 3.2 1.3
v -4.4 3.3 1.3
v -4.4 3.4 1.3
v -4.4 3.7 1.3
v -4.4 4.2 1.3
v -4.4 4.3 1.3
v -4.4 5.3 1.3
v -4.4 5.4 1.3
v -4.4 5.5 1.3
v -4.4 5.6 1.3
v -4.4 5.7 1.3
v -4.4 5.8 1.3
v -4.4 5.9 1.3
v -4.4 6 1.3
v -4.4 7.6 1.3
v -4.4 7.7 1.3
v -4.4 7.8 1.3
v -4.4 7.9 1.3
v -4.4 8 1.3
v -4.4 8.1 1.3
v -4.4 9.1 1.3
v -4.4 9.2 1.3
v -4.4 9.3 1.3
v -4.4 9.4 1.3
v -4.4 10.2 1.3
v -4.4 10.3 1.3
v -4.4 10.6 1.3
v -4.4 10.7 1.3
v -4.3 0.4 1.3
v -4.3 0.5 1.3
v -4.3 0.6 1.3
v -4.3 0.8 1.3
v -4.3 0.9 1.3
v -4.3 1 1.3
v -4.3 2.2 1.3
v -4.3 2.3 1.3
v -4.3 2.4 1.3
v -4.3 2.5 1.3
v -4.3 2.7 1.3
v -4.3 3 1.3
v -4.3 3.2 1.3
v -4.3 3.3 1.3
v -4.3 3.4 1.3
v -4.3 4.1 1.3
v -4.3 4.3 1.3
v -4.3 4.4 1.3
v -4.3 5.2 1.3
v -4.3 5.4 1.3
v -4.3 5.5 1.3
v -4.3 5.6 1.3
v -4.3 5.8 1.3
v -4.3 7.9 1.3
v -4.3 8 1.3
v -4.3 8.1 1.3
v -4.3 8.2 1.3
v -4.3 9.6 1.3
v -4.3 9.8 1.3
v -4.3 10 1.3
v -4.3 10.2 1.3
v -4.3 10.3 1.3
v -4.3 10.4 1.3
v -4.3 10.8 1.3
v -4.3 10.9 1.3
v -4.3 11 1.3
v -4.3 11.3 1.3
v -4.3 11.4 1.3
v -4.2 0.5 1.3
v -4.2 0.6 1.3
v -4.2 0.8 1.3
v -4.2 0.9 1.3
v -4.2 1.3 1.3
v -4.2 1.4 1.3
v -4.2 1.9 1.3
v -4.2 3.1 1.3
v -4.2 3.2 1.3
v -4.2 3.3 1.3
v -4.2 3.4 1.3
v -4.2 4.1 1.3
v -4.2 4.4 1.3
v -4.2 4.5 1.3
v -4.2 4.9 1.3
v -4.2 5 1.3
v -4.2 5.1 1.3
v -4.2 5.2 1.3
v -4.2 5.3 1.3
v -4.2 5.5 1.3
v -4.2 5.6 1.3
v -4.2 5.7 1.3
v -4.2 5.8 1.3
v -4.2 5.9 1.3
v -4.2 7.7 1.3
v -4.2 7.8 1.3
v -4.2 8 1.3
v -4.2 8.1 1.3
v -4.2 8.2 1.3
v -4.2 8.3 1.3
v -4.2 8.9 1.3
v -4.2 9.1 1.3
v -4.2 9.3 1.3
v -4.2 9.4 1.3
v -4.2 10 1.3
v -4.2 10.4 1.3
v -4.2 10.5 1.3
v -4.2 11.3 1.3
v -4.2 11.4 1.3
v -4.1 0.5 1.3
v -4.1 0.9 1.3
v -4.1 1.4 1.3
v -4.1 1.9 1.3
v -4.1 3.2 1.3
v -4.1 3.3 1.3
v -4.1 3.4 1.3
v -4.1 3.5 1.3
v -4.1 4 1.3
v -4.1 4.1 1.3
v -4.1 4.3 1.3
v -4.1 4.4 1.3
v -4.1 4.5 1.3
v -4.1 4.7 1.3
v -4.1 5.2 1.3
v -4.1 5.3 1.3
v -4.1 5.4 1.3
v -4.1 5.5 1.3
v -4.1 5.6 1.3
v -4.1 5.7 1.3
v -4.1 5.8 1.3
v -4.1 7.8 1.3
v -4.1 7.9 1.3
v -4.1 8.1 1.3
v -4.1 8.2 1.3
v -4.1 8.3 1.3
v -4.1 8.4 1.3
v -4.1 9.2 1.3
v -4.1 9.5 1.3
v -4.1 10 1.3
v -4.1 10.1 1.3
v -4.1 10.3 1.3
v -4.1 10.6 1.3
v -4.1 10.7 1.3
v -4.1 10.8 1.3
v -4 0.4 1.3
v -4 0.5 1.3
v -4 0.9 1.3
v -4 1 1.3
v -4 1.3 1.3
v -4 1.9 1.3
v -4 2.2 1.3
v -4 2.4 1.3
v -4 2.5 1.3
v -4 2.7 1.3
v -4 3 1.3
v -4 3.3 1.3
v -4 3.4 1.3
v -4 3.5 1.3
v -4 4 1.3
v -4 4.1 1.3
v -4 4.2 1.3
v -4 4.3 1.3
v -4 4.6 1.3
v -4 4.7 1.3
v -4 4.8 1.3
v -4 5 1.3
v -4 5.1 1.3
v -4 5.5 1.3
v -4 5.6 1.3
v -4 5.7 1.3
v -4 7.9 1.3
v -4 8.1 1.3
v -4 8.2 1.3
v -4 8.3 1.3
v -4 8.4 1.3
v -4 8.5 1.3
v -4 9.3 1.3
v -4 9.5 1.3
v -4 9.6 1.3
v -4 9.9 1.3
v -4 10.1 1.3
v -4 10.2 1.3
v -4 10.3 1.3
v -4 10.4 1.3
v -4 10.6 1.3
v -4 10.7 1.3
v -4 10.8 1.3
v -4 10.9 1.3
v -3.9 1.3 1.3
v -3.9 1.4 1.3
v -3.9 1.5 1.3
v -3.9 1.8 1.3
v -3.9 2.3 1.3
v -3.9 2.4 1.3
v -3.9 3 1.3
v -3.9 3.1 1.3
v -3.9 3.2 1.3
v -3.9 3.5 1.3
v -3.9 4.1 1.3
v -3.9 4.2 1.3
v -3.9 4.3 1.3
v -3.9 4.4 1.3
v -3.9 4.6 1.3
v -3.9 4.7 1.3
v -3.9 4.8 1.3
v -3.9 4.9 1.3
v -3.9 5 1.3
v -3.9 5.1 1.3
v -3.9 5.2 1.3
v -3.9 5.3 1.3
v -3.9 5.4 1.3
v -3.9 5.5 1.3
v -3.9 5.6 1.3
v -3.9 8.1 1.3
v -3.9 8.2 1.3
v -3.9 8.3 1.3
v -3.9 8.5 1.3
v -3.9 8.7 1.3
v -3.9 9 1.3
v -3.9 9.1 1.3
v -3.9 9.2 1.3
v -3.9 9.3 1.3
v -3.9 9.5 1.3
v -3.9 9.8 1.3
v -3.9 9.9 1.3
v -3.9 10 1.3
v -3.9 10.2 1.3
v -3.9 10.4 1.3
v -3.9 10.5 1.3
v -3.9 10.8 1.3
v -3.9 10.9 1.3
v -3.8 0.4 1.3
v -3.8 0.5 1.3
v -3.8 0.9 1.3
v -3.8 1 1.3
v -3.8 3.2 1.3
v -3.8 3.3 1.3
v -3.8 3.4 1.3
v -3.8 3.5 1.3
v -3.8 3.6 1.3
v -3.8 4.1 1.3
v -3.8 4.2 1.3
v -3.8 4.3 1.3
v -3.8 4.4 1.3
v -3.8 4.5 1.3
v -3.8 4.7 1.3
v -3.8 4.9 1.3
v -3.8 5.2 1.3
v -3.8 5.3 1.3
v -3.8 5.4 1.3
v -3.8 5.5 1.3
v -3.8 8.2 1.3
v -3.8 8.3 1.3
v -3.8 8.5 1.3
v -3.8 8.6 1.3
v -3.8 8.7 1.3
v -3.8 9 1.3
v -3.8 9.1 1.3
v -3.8 9.2 1.3
v -3.8 9.7 1.3
v -3.8 9.8 1.3
v -3.8 9.9 1.3
v -3.8 10 1.3
v -3.8 10.1 1.3
v -3.7 0.5 1.3
v -3.7 0.9 1.3
v -3.7 1.4 1.3
v -3.7 1.5 1.3
v -3.7 1.8 1.3
v -3.7 1.9 1.3
v -3.7 2.5 1.3
v -3.7 2.7 1.3
v -3.7 3.1 1.3
v -3.7 3.2 1.3
v -3.7 3.3 1.3
v -3.7 3.4 1.3
v -3.7 3.5 1.3
v -3.7 3.6 1.3
v -3.7 3.7 1.3
v -3.7 3.9 1.3
v -3.7 4.2 1.3
v -3.7 4.5 1.3
v -3.7 4.6 1.3
v -3.7 4.7 1.3
v -3.7 4.9 1.3
v -3.7 5.3 1.3
v -3.7 5.4 1.3
v -3.7 5.5 1.3
v -3.7 8.3 1.3
v -3.7 8.5 1.3
v -3.7 8.6 1.3
v -3.7 8.8 1.3
v -3.7 8.9 1.3
v -3.7 9.1 1.3
v -3.7 9.2 1.3
v -3.7 9.6 1.3
v -3.7 9.7 1.3
v -3.7 9.9 1.3
v -3.7 10 1.3
v -3.7 10.1 1.3
v -3.7 10.2 1.3
v -3.6 0.4 1.3
v -3.6 1 1.3
v -3.6 1.5 1.3
v -3.6 1.8 1.3
v -3.6 2.1 1.3
v -3.6 2.2 1.3
v -3.6 2.3 1.3
v -3.6 3 1.3
v -3.6 3.2 1.3
v -3.6 3.3 1.3
v -3.6 3.4 1.3
v -3.6 3.5 1.3
v -3.6 3.6 1.3
v -3.6 3.7 1.3
v -3.6 3.9 1.3
v -3.6 4.5 1.3
v -3.6 4.6 1.3
v -3.6 4.7 1.3
v -3.6 4.8 1.3
v -3.6 4.9 1.3
v -3.6 5.1 1.3
v -3.6 5.2 1.3
v -3.6 5.3 1.3
v -3.6 5.4 1.3
v -3.6 8.5 1.3
v -3.6 8.8 1.3
v -3.6 8.9 1.3
v -3.6 9 1.3
v -3.6 9.2 1.3
v -3.6 9.6 1.3
v -3.6 9.8 1.3
v -3.6 9.9 1.3
v -3.6 10 1.3
v -3.6 10.1 1.3
v -3.6 10.2 1.3
v -3.6 10.3 1.3
v -3.6 10.5 1.3
v -3.6 10.6 1.3
v -3.6 10.9 1.3
v -3.6 11 1.3
v -3.6 11.3 1.3
v -3.6 11.4 1.3
v -3.5 0.4 1.3
v -3.5 0.8 1.3
v -3.5 0.9 1.3
v -3.5 1 1.3
v -3.5 1.4 1.3
v -3.5 1.8 1.3
v -3.5 2.2 1.3
v -3.5 2.5 1.3
v -3.5 2.6 1.3
v -3.5 3 1.3
v -3.5 3.1 1.3
v -3.5 3.3 1.3
v -3.5 3.5 1.3
v -3.5 3.8 1.3
v -3.5 3.9 1.3
v -3.5 4.1 1.3
v -3.5 4.3 1.3
v -3.5 4.5 1.3
v -3.5 4.8 1.3
v -3.5 5 1.3
v -3.5 5.1 1.3
v -3.5 5.2 1.3
v -3.5 5.3 1.3
v -3.5 6.9 1.3
v -3.5 7.1 1.3
v -3.5 8.8 1.3
v -3.5 8.9 1.3
v -3.5 9 1.3
v -3.5 9.1 1.3
v -3.5 9.6 1.3
v -3.5 9.8 1.3
v -3.5 9.9 1.3
v -3.5 10 1.3
v -3.5 10.1 1.3
v -3.5 10.2 1.3
v -3.5 10.3 1.3
v -3.5 10.4 1.3
v -3.5 10.6 1.3
v -3.5 10.7 1.3
v -3.5 10.8 1.3
v -3.5 10.9 1.3
v -3.5 11 1.3
v -3.5 11.3 1.3
v -3.4 0.7 1.3
v -3.4 0.8 1.3
v -3.4 0.9 1.3
v -3.4 1.3 1.3
v -3.4 1.4 1.3
v -3.4 1.8 1.3
v -3.4 1.9 1.3
v -3.4 3.2 1.3
v -3.4 3.4 1.3
v -3.4 3.5 1.3
v -3.4 3.6 1.3
v -3.4 3.7 1.3
v -3.4 3.8 1.3
v -3.4 4.1 1.3
v -3.4 4.2 1.3
v -3.4 4.3 1.3
v -3.4 4.4 1.3
v -3.4 4.5 1.3
v -3.4 4.6 1.3
v -3.4 4.9 1.3
v -3.4 5.6 1.3
v -3.4 6.9 1.3
v -3.4 7.1 1.3
v -3.4 8.8 1.3
v -3.4 8.9 1.3
v -3.4 9 1.3
v -3.4 9.2 1.3
v -3.4 9.4 1.3
v -3.4 9.8 1.3
v -3.4 9.9 1.3
v -3.4 10 1.3
v -3.4 10.1 1.3
v -3.4 10.2 1.3
v -3.4 10.3 1.3
v -3.4 10.4 1.3
v -3.4 10.5 1.3
v -3.4 10.8 1.3
v -3.4 10.9 1.3
v -3.3 0.7 1.3
v -3.3 0.8 1.3
v -3.3 0.9 1.3
v -3.3 3.2 1.3
v -3.3 3.3 1.3
v -3.3 3.4 1.3
v -3.3 3.5 1.3
v -3.3 3.6 1.3
v -3.3 3.7 1.3
v -3.3 3.8 1.3
v -3.3 4.2 1.3
v -3.3 4.3 1.3
v -3.3 4.4 1.3
v -3.3 4.5 1.3
v -3.3 4.6 1.3
v -3.3 4.7 1.3
v -3.3 4.9 1.3
v -3.3 5.5 1.3
v -3.3 5.6 1.3
v -3.3 8.8 1.3
v -3.3 8.9 1.3
v -3.3 9.1 1.3
v -3.3 9.3 1.3
v -3.3 9.4 1.3
v -3.3 9.5 1.3
v -3.3 9.9 1.3
v -3.3 10 1.3
v -3.3 10.2 1.3
v -3.3 10.3 1.3
v -3.3 10.4 1.3
v -3.3 10.5 1.3
v -3.3 11.1 1.3
v -3.2 0.4 1.3
v -3.2 0.8 1.3
v -3.2 0.9 1.3
v -3.2 1 1.3
v -3.2 1.5 1.3
v -3.2 1.6 1.3
v -3.2 1.9 1.3
v -3.2 2 1.3
v -3.2 2.2 1.3
v -3.2 2.5 1.3
v -3.2 2.6 1.3
v -3.2 3 1.3
v -3.2 3.1 1.3
v -3.2 3.3 1.3
v -3.2 3.5 1.3
v -3.2 3.7 1.3
v -3.2 3.8 1.3
v -3.2 3.9 1.3
v -3.2 4.1 1.3
v -3.2 4.3 1.3
v -3.2 4.4 1.3
v -3.2 4.5 1.3
v -3.2 4.6 1.3
v -3.2 4.7 1.3
v -3.2 4.8 1.3
v -3.2 4.9 1.3
v -3.2 5.4 1.3
v -3.2 5.5 1.3
v -3.2 9.3 1.3
v -3.2 9.4 1.3
v -3.2 9.5 1.3
v -3.2 9.6 1.3
v -3.2 10 1.3
v -3.2 10.1 1.3
v -3.2 10.2 1.3
v -3.2 10.3 1.3
v -3.2 10.4 1.3
v -3.2 10.9 1.3
v -3.2 11 1.3
v -3.2 11.1 1.3
v -3.2 11.4 1.3
v -3.1 0.4 1.3
v -3.1 1 1.3
v -3.1 2.2 1.3
v -3.1 2.3 1.3
v -3.1 3 1.3
v -3.1 3.7 1.3
v -3.1 3.8 1.3
v -3.1 3.9 1.3
v -3.1 4 1.3
v -3.1 4.2 1.3
v -3.1 4.3 1.3
v -3.1 4.5 1.3
v -3.1 4.6 1.3
v -3.1 4.9 1.3
v -3.1 5 1.3
v -3.1 9 1.3
v -3.1 9.1 1.3
v -3.1 9.2 1.3
v -3.1 9.3 1.3
v -3.1 9.4 1.3
v -3.1 9.5 1.3
v -3.1 9.7 1.3
v -3.1 10.1 1.3
v -3.1 10.3 1.3
v -3.1 10.6 1.3
v -3.1 10.8 1.3
v -3.1 10.9 1.3
v -3.1 11 1.3
v -3.1 11.4 1.3
v -3.1 11.5 1.3
v -3 0.4 1.3
v -3 1 1.3
v -3 1.3 1.3
v -3 1.4 1.3
v -3 1.5 1.3
v -3 1.7 1.3
v -3 1.8 1.3
v -3 1.9 1.3
v -3 3 1.3
v -3 3.1 1.3
v -3 3.8 1.3
v -3 3.9 1.3
v -3 4 1.3
v -3 4.1 1.3
v -3 4.2 1.3
v -3 4.3 1.3
v -3 4.4 1.3
v -3 4.7 1.3
v -3 4.8 1.3
v -3 5.5 1.3
v -3 8.7 1.3
v -3 9.2 1.3
v -3 9.3 1.3
v -3 9.4 1.3
v -3 9.6 1.3
v -3 9.7 1.3
v -3 9.8 1.3
v -3 10.2 1.3
v -3 10.6 1.3
v -3 10.8 1.3
v -3 10.9 1.3
v -3 11 1.3
v -3 11.3 1.3
v -3 11.4 1.3
v -3 11.5 1.3
v -2.9 0.4 1.3
v -2.9 0.6 1.3
v -2.9 0.7 1.3
v -2.9 0.9 1.3
v -2.9 1.4 1.3
v -2.9 1.6 1.3
v -2.9 1.7 1.3
v -2.9 1.8 1.3
v -2.9 3.1 1.3
v -2.9 3.3 1.3
v -2.9 3.5 1.3
v -2.9 3.6 1.3
v -2.9 3.7 1.3
v -2.9 3.8 1.3
v -2.9 3.9 1.3
v -2.9 4 1.3
v -2.9 4.4 1.3
v -2.9 4.5 1.3
v -2.9 4.8 1.3
v -2.9 4.9 1.3
v -2.9 5.4 1.3
v -2.9 5.5 1.3
v -2.9 8.7 1.3
v -2.9 8.9 1.3
v -2.9 9 1.3
v -2.9 9.2 1.3
v -2.9 9.4 1.3
v -2.9 9.5 1.3
v -2.9 9.7 1.3
v -2.9 10.4 1.3
v -2.9 10.5 1.3
v -2.9 10.6 1.3
v -2.9 10.8 1.3
v -2.8 1.3 1.3
v -2.8 1.8 1.3
v -2.8 1.9 1.3
v -2.8 2.2 1.3
v -2.8 2.3 1.3
v -2.8 3 1.3
v -2.8 3.7 1.3
v -2.8 3.8 1.3
v -2.8 3.9 1.3
v -2.8 4 1.3
v -2.8 4.1 1.3
v -2.8 4.2 1.3
v -2.8 4.3 1.3
v -2.8 5.3 1.3
v -2.8 5.4 1.3
v -2.8 9 1.3
v -2.8 9.1 1.3
v -2.8 9.5 1.3
v -2.8 9.6 1.3
v -2.8 9.9 1.3
v -2.8 10.2 1.3
v -2.8 10.3 1.3
v -2.8 10.4 1.3
v -2.8 10.7 1.3
v -2.8 10.9 1.3
v -2.8 11.2 1.3
v -2.8 11.3 1.3
v -2.7 0.6 1.3
v -2.7 0.7 1.3
v -2.7 0.9 1.3
v -2.7 1 1.3
v -2.7 1.3 1.3
v -2.7 1.5 1.3
v -2.7 1.6 1.3
v -2.7 1.8 1.3
v -2.7 2.2 1.3
v -2.7 2.3 1.3
v -2.7 2.4 1.3
v -2.7 3 1.3
v -2.7 3.3 1.3
v -2.7 3.4 1.3
v -2.7 3.6 1.3
v -2.7 3.8 1.3
v -2.7 3.9 1.3
v -2.7 4 1.3
v -2.7 4.1 1.3
v -2.7 4.2 1.3
v -2.7 4.3 1.3
v -2.7 4.4 1.3
v -2.7 4.5 1.3
v -2.7 4.8 1.3
v -2.7 5.1 1.3
v -2.7 5.2 1.3
v -2.7 9.8 1.3
v -2.7 9.9 1.3
v -2.7 10 1.3
v -2.7 10.1 1.3
v -2.7 10.2 1.3
v -2.7 10.3 1.3
v -2.7 10.4 1.3
v -2.7 10.5 1.3
v -2.6 0.7 1.3
v -2.6 0.9 1.3
v -2.6 2.4 1.3
v -2.6 2.5 1.3
v -2.6 3.2 1.3
v -2.6 3.3 1.3
v -2.6 3.4 1.3
v -2.6 3.5 1.3
v -2.6 3.9 1.3
v -2.6 4 1.3
v -2.6 4.1 1.3
v -2.6 4.3 1.3
v -2.6 4.4 1.3
v -2.6 4.8 1.3
v -2.6 5 1.3
v -2.6 5.1 1.3
v -2.6 5.2 1.3
v -2.6 5.7 1.3
v -2.6 8.5 1.3
v -2.6 9.5 1.3
v -2.6 9.6 1.3
v -2.6 9.7 1.3
v -2.6 9.9 1.3
v -2.6 10 1.3
v -2.6 10.2 1.3
v -2.6 10.3 1.3
v -2.6 10.4 1.3
v -2.6 11.1 1.3
v -2.6 11.2 1.3
v -2.6 11.4 1.3
v -2.6 11.5 1.3
v -2.5 0.5 1.3
v -2.5 1 1.3
v -2.5 1.4 1.3
v -2.5 1.5 1.3
v -2.5 2.2 1.3
v -2.5 2.3 1.3
v -2.5 3 1.3
v -2.5 3.1 1.3
v -2.5 3.2 1.3
v -2.5 3.8 1.3
v -2.5 3.9 1.3
v -2.5 4 1.3
v -2.5 4.1 1.3
v -2.5 4.3 1.3
v -2.5 4.4 1.3
v -2.5 4.5 1.3
v -2.5 4.6 1.3
v -2.5 5.6 1.3
v -2.5 5.7 1.3
v -2.5 8.5 1.3
v -2.5 9.8 1.3
v -2.5 9.9 1.3
v -2.5 10 1.3
v -2.5 11 1.3
v -2.5 11.1 1.3
v -2.4 0.4 1.3
v -2.4 0.5 1.3
v -2.4 1 1.3
v -2.4 1.3 1.3
v -2.4 1.4 1.3
v -2.4 1.5 1.3
v -2.4 1.6 1.3
v -2.4 1.8 1.3
v -2.4 1.9 1.3
v -2.4 2.2 1.3
v -2.4 2.5 1.3
v -2.4 3.1 1.3
v -2.4 3.9 1.3
v -2.4 4 1.3
v -2.4 4.4 1.3
v -2.4 4.5 1.3
v -2.4 4.6 1.3
v -2.4 4.7 1.3
v -2.4 5.5 1.3
v -2.4 5.6 1.3
v -2.4 5.7 1.3
v -2.4 5.8 1.3
v -2.4 8.4 1.3
v -2.4 9.4 1.3
v -2.4 9.5 1.3
v -2.4 9.9 1.3
v -2.4 10.1 1.3
v -2.4 10.6 1.3
v -2.4 10.7 1.3
v -2.3 1.3 1.3
v -2.3 1.5 1.3
v -2.3 1.6 1.3
v -2.3 1.8 1.3
v -2.3 2.2 1.3
v -2.3 2.3 1.3
v -2.3 2.4 1.3
v -2.3 2.6 1.3
v -2.3 2.8 1.3
v -2.3 3.1 1.3
v -2.3 3.8 1.3
v -2.3 3.9 1.3
v -2.3 4.2 1.3
v -2.3 4.3 1.3
v -2.3 4.4 1.3
v -2.3 4.5 1.3
v -2.3 4.6 1.3
v -2.3 5.8 1.3
v -2.3 8.4 1.3
v -2.3 8.5 1.3
v -2.3 8.6 1.3
v -2.3 9.3 1.3
v -2.3 9.4 1.3
v -2.3 9.5 1.3
v -2.3 9.6 1.3
v -2.3 10.2 1.3
v -2.3 10.3 1.3
v -2.3 10.5 1.3
v -2.3 10.6 1.3
v -2.3 10.9 1.3
v -2.3 11 1.3
v -2.3 11.3 1.3
v -2.3 11.4 1.3
v -2.3 11.5 1.3
v -2.2 0.4 1.3
v -2.2 0.5 1.3
v -2.2 1 1.3
v -2.2 2.5 1.3
v -2.2 2.6 1.3
v -2.2 2.8 1.3
v -2.2 2.9 1.3
v -2.2 3.3 1.3
v -2.2 3.4 1.3
v -2.2 3.5 1.3
v -2.2 3.6 1.3
v -2.2 3.9 1.3
v -2.2 4 1.3
v -2.2 4.1 1.3
v -2.2 4.3 1.3
v -2.2 4.5 1.3
v -2.2 4.6 1.3
v -2.2 4.7 1.3
v -2.2 5.7 1.3
v -2.2 5.8 1.3
v -2.2 6 1.3
v -2.2 6.8 1.3
v -2.2 7.5 1.3
v -2.2 8.1 1.3
v -2.2 8.4 1.3
v -2.2 8.5 1.3
v -2.2 9.2 1.3
v -2.2 9.3 1.3
v -2.2 9.4 1.3
v -2.2 9.5 1.3
v -2.2 9.8 1.3
v -2.2 9.9 1.3
v -2.2 10 1.3
v -2.2 10.1 1.3
v -2.2 10.2 1.3
v -2.2 10.5 1.3
v -2.2 10.6 1.3
v -2.2 10.9 1.3
v -2.2 11 1.3
v -2.2 11.3 1.3
v -2.2 11.4 1.3
v -2.2 11.5 1.3
v -2.1 0.5 1.3
v -2.1 1 1.3
v -2.1 1.3 1.3
v -2.1 1.8 1.3
v -2.1 2.4 1.3
v -2.1 2.5 1.3
v -2.1 2.6 1.3
v -2.1 2.8 1.3
v -2.1 2.9 1.3
v -2.1 3 1.3
v -2.1 4.6 1.3
v -2.1 4.7 1.3
v -2.1 5.9 1.3
v -2.1 6 1.3
v -2.1 6.3 1.3
v -2.1 6.6 1.3
v -2.1 6.8 1.3
v -2.1 7.5 1.3
v -2.1 8.1 1.3
v -2.1 8.2 1.3
v -2.1 9.2 1.3
v -2.1 9.4 1.3
v -2.1 9.9 1.3
v -2.1 10 1.3
v -2.1 10.3 1.3
v -2.1 11.5 1.3
v -2 0.9 1.3
v -2 1 1.3
v -2 1.3 1.3
v -2 1.5 1.3
v -2 1.6 1.3
v -2 1.8 1.3
v -2 1.9 1.3
v -2 2.2 1.3
v -2 2.3 1.3
v -2 2.4 1.3
v -2 2.5 1.3
v -2 2.6 1.3
v -2 2.8 1.3
v -2 2.9 1.3
v -2 3 1.3
v -2 3.1 1.3
v -2 3.3 1.3
v -2 3.4 1.3
v -2 3.5 1.3
v -2 4.2 1.3
v -2 4.3 1.3
v -2 4.4 1.3
v -2 4.5 1.3
v -2 4.7 1.3
v -2 5.4 1.3
v -2 5.5 1.3
v -2 5.6 1.3
v -2 6.2 1.3
v -2 6.3 1.3
v -2 6.6 1.3
v -2 7.4 1.3
v -2 8.2 1.3
v -2 8.3 1.3
v -2 9.8 1.3
v -2 9.9 1.3
v -2 10 1.3
v -2 10.1 1.3
v -2 10.3 1.3
v -2 10.5 1.3
v -2 10.6 1.3
v -2 10.7 1.3
v -2 10.8 1.3
v -2 11 1.3
v -2 11.2 1.3
v -2 11.3 1.3
v -1.9 0.4 1.3
v -1.9 0.9 1.3
v -1.9 2.2 1.3
v -1.9 2.3 1.3
v -1.9 2.4 1.3
v -1.9 2.5 1.3
v -1.9 2.6 1.3
v -1.9 2.7 1.3
v -1.9 2.9 1.3
v -1.9 3 1.3
v -1.9 3.6 1.3
v -1.9 3.7 1.3
v -1.9 4.4 1.3
v -1.9 4.5 1.3
v -1.9 4.7 1.3
v -1.9 7.4 1.3
v -1.9 7.7 1.3
v -1.9 9.8 1.3
v -1.9 10 1.3
v -1.9 10.1 1.3
v -1.9 10.3 1.3
v -1.9 10.5 1.3
v -1.9 10.6 1.3
v -1.9 10.7 1.3
v -1.9 10.8 1.3
v -1.9 11 1.3
v -1.9 11.1 1.3
v -1.9 11.2 1.3
v -1.8 0.4 1.3
v -1.8 0.9 1.3
v -1.8 2.3 1.3
v -1.8 2.4 1.3
v -1.8 2.7 1.3
v -1.8 2.8 1.3
v -1.8 3 1.3
v -1.8 3.1 1.3
v -1.8 3.4 1.3
v -1.8 3.5 1.3
v -1.8 3.9 1.3
v -1.8 4 1.3
v -1.8 4.1 1.3
v -1.8 4.2 1.3
v -1.8 4.3 1.3
v -1.8 4.4 1.3
v -1.8 4.5 1.3
v -1.8 4.7 1.3
v -1.8 6.1 1.3
v -1.8 6.2 1.3
v -1.8 6.5 1.3
v -1.8 7.1 1.3
v -1.8 7.7 1.3
v -1.8 7.9 1.3
v -1.8 9.4 1.3
v -1.8 9.5 1.3
v -1.8 9.9 1.3
v -1.8 10 1.3
v -1.8 10.1 1.3
v -1.8 10.2 1.3
v -1.8 10.3 1.3
v -1.8 10.5 1.3
v -1.8 11 1.3
v -1.8 11.2 1.3
v -1.8 11.3 1.3
v -1.8 11.4 1.3
v -1.8 11.5 1.3
v -1.7 0.9 1.3
v -1.7 1 1.3
v -1.7 1.3 1.3
v -1.7 1.5 1.3
v -1.7 1.6 1.3
v -1.7 1.8 1.3
v -1.7 1.9 1.3
v -1.7 2.1 1.3
v -1.7 2.2 1.3
v -1.7 2.3 1.3
v -1.7 2.4 1.3
v -1.7 2.5 1.3
v -1.7 2.6 1.3
v -1.7 2.7 1.3
v -1.7 2.8 1.3
v -1.7 2.9 1.3
v -1.7 3.7 1.3
v -1.7 3.8 1.3
v -1.7 4 1.3
v -1.7 4.1 1.3
v -1.7 4.2 1.3
v -1.7 4.3 1.3
v -1.7 4.4 1.3
v -1.7 4.7 1.3
v -1.7 6.5 1.3
v -1.7 7 1.3
v -1.7 7.1 1.3
v -1.7 7.4 1.3
v -1.7 7.9 1.3
v -1.7 8.1 1.3
v -1.7 9.3 1.3
v -1.7 9.5 1.3
v -1.7 9.6 1.3
v -1.7 9.7 1.3
v -1.7 9.8 1.3
v -1.7 9.9 1.3
v -1.7 10 1.3
v -1.7 10.1 1.3
v -1.7 10.2 1.3
v -1.7 10.5 1.3
v -1.7 11 1.3
v -1.6 0.4 1.3
v -1.6 1 1.3
v -1.6 1.3 1.3
v -1.6 1.8 1.3
v -1.6 3.5 1.3
v -1.6 3.8 1.3
v -1.6 3.9 1.3
v -1.6 4.1 1.3
v -1.6 4.3 1.3
v -1.6 4.4 1.3
v -1.6 4.7 1.3
v -1.6 7 1.3
v -1.6 7.4 1.3
v -1.6 7.7 1.3
v -1.6 7.8 1.3
v -1.6 8.1 1.3
v -1.6 8.2 1.3
v -1.6 9.2 1.3
v -1.6 9.3 1.3
v -1.6 9.4 1.3
v -1.6 9.5 1.3
v -1.6 9.6 1.3
v -1.6 9.7 1.3
v -1.6 9.8 1.3
v -1.6 10 1.3
v -1.6 11.2 1.3
v -1.6 11.3 1.3
v -1.5 0.5 1.3
v -1.5 0.7 1.3
v -1.5 0.8 1.3
v -1.5 0.9 1.3
v -1.5 1.3 1.3
v -1.5 1.8 1.3
v -1.5 1.9 1.3
v -1.5 2.5 1.3
v -1.5 2.6 1.3
v -1.5 3.6 1.3
v -1.5 3.8 1.3
v -1.5 3.9 1.3
v -1.5 4.7 1.3
v -1.5 9.2 1.3
v -1.5 9.4 1.3
v -1.5 9.5 1.3
v -1.5 9.6 1.3
v -1.5 9.7 1.3
v -1.5 9.8 1.3
v -1.5 10.9 1.3
v -1.5 11 1.3
v -1.5 11.2 1.3
v -1.5 11.3 1.3
v -1.4 1.4 1.3
v -1.4 1.8 1.3
v -1.4 2.5 1.3
v -1.4 2.6 1.3
v -1.4 2.7 1.3
v -1.4 3.7 1.3
v -1.4 3.9 1.3
v -1.4 4 1.3
v -1.4 4.2 1.3
v -1.4 4.7 1.3
v -1.4 6.6 1.3
v -1.4 6.8 1.3
v -1.4 7.4 1.3
v -1.4 7.6 1.3
v -1.4 8.9 1.3
v -1.4 9 1.3
v -1.4 9.1 1.3
v -1.4 9.2 1.3
v -1.4 9.5 1.3
v -1.4 9.6 1.3
v -1.4 9.7 1.3
v -1.4 9.8 1.3
v -1.4 10.4 1.3
v -1.4 10.8 1.3
v -1.3 0.4 1.3
v -1.3 0.5 1.3
v -1.3 0.7 1.3
v -1.3 0.8 1.3
v -1.3 0.9 1.3
v -1.3 1 1.3
v -1.3 1.7 1.3
v -1.3 1.8 1.3
v -1.3 3.2 1.3
v -1.3 3.3 1.3
v -1.3 3.8 1.3
v -1.3 3.9 1.3
v -1.3 4 1.3
v -1.3 4.2 1.3
v -1.3 4.3 1.3
v -1.3 4.7 1.3
v -1.3 6.4 1.3
v -1.3 6.5 1.3
v -1.3 6.6 1.3
v -1.3 6.7 1.3
v -1.3 6.8 1.3
v -1.3 6.9 1.3
v -1.3 7.3 1.3
v -1.3 7.4 1.3
v -1.3 7.7 1.3
v -1.3 7.8 1.3
v -1.3 9.1 1.3
v -1.3 9.2 1.3
v -1.3 9.3 1.3
v -1.3 9.5 1.3
v -1.3 9.8 1.3
v -1.3 10.3 1.3
v -1.3 10.4 1.3
v -1.3 10.8 1.3
v -1.3 11 1.3
v -1.3 11.1 1.3
v -1.2 1.9 1.3
v -1.2 2 1.3
v -1.2 2.4 1.3
v -1.2 2.5 1.3
v -1.2 3.3 1.3
v -1.2 3.4 1.3
v -1.2 3.8 1.3
v -1.2 3.9 1.3
v -1.2 4 1.3
v -1.2 4.1 1.3
v -1.2 4.3 1.3
v -1.2 6.7 1.3
v -1.2 6.9 1.3
v -1.2 7.3 1.3
v -1.2 9.1 1.3
v -1.2 9.2 1.3
v -1.2 9.3 1.3
v -1.2 9.7 1.3
v -1.2 10.3 1.3
v -1.2 10.8 1.3
v -1.2 10.9 1.3
v -1.2 11 1.3
v -1.2 11.1 1.3
v -1.2 11.2 1.3
v -1.2 11.3 1.3
v -1.2 11.4 1.3
v -1.2 11.5 1.3
v -1.1 1.3 1.3
v -1.1 1.4 1.3
v -1.1 1.7 1.3
v -1.1 1.8 1.3
v -1.1 1.9 1.3
v -1.1 3.8 1.3
v -1.1 3.9 1.3
v -1.1 4.8 1.3
v -1.1 4.9 1.3
v -1.1 6.9 1.3
v -1.1 7.1 1.3
v -1.1 7.9 1.3
v -1.1 8.1 1.3
v -1.1 9.3 1.3
v -1.1 9.4 1.3
v -1.1 9.8 1.3
v -1.1 10.3 1.3
v -1.1 10.8 1.3
v -1.1 11.3 1.3
v -1.1 11.4 1.3
v -1 1.4 1.3
v -1 1.7 1.3
v -1 1.8 1.3
v -1 2.3 1.3
v -1 2.4 1.3
v -1 2.5 1.3
v -1 3.1 1.3
v -1 3.2 1.3
v -1 3.4 1.3
v -1 3.5 1.3
v -1 3.6 1.3
v -1 3.7 1.3
v -1 3.8 1.3
v -1 3.9 1.3
v -1 4 1.3
v -1 4.1 1.3
v -1 4.2 1.3
v -1 4.7 1.3
v -1 4.8 1.3
v -1 7.1 1.3
v -1 7.2 1.3
v -1 7.8 1.3
v -1 7.9 1.3
v -1 8 1.3
v -1 8.1 1.3
v -1 9.4 1.3
v -1 9.5 1.3
v -1 9.8 1.3
v -1 10.3 1.3
v -1 11 1.3
v -1 11.1 1.3
v -1 11.2 1.3
v -1 11.3 1.3
v -0.9 0.4 1.3
v -0.9 1 1.3
v -0.9 1.3 1.3
v -0.9 1.7 1.3
v -0.9 1.8 1.3
v -0.9 1.9 1.3
v -0.9 2.1 1.3
v -0.9 2.2 1.3
v -0.9 2.7 1.3
v -0.9 2.8 1.3
v -0.9 3.2 1.3
v -0.9 3.3 1.3
v -0.9 3.8 1.3
v -0.9 3.9 1.3
v -0.9 4 1.3
v -0.9 4.1 1.3
v -0.9 4.2 1.3
v -0.9 4.6 1.3
v -0.9 4.7 1.3
v -0.9 4.8 1.3
v -0.9 7.8 1.3
v -0.9 8 1.3
v -0.9 8.1 1.3
v -0.9 8.2 1.3
v -0.9 9.9 1.3
v -0.9 10.6 1.3
v -0.9 11.3 1.3
v -0.9 11.4 1.3
v -0.8 0.4 1.3
v -0.8 0.6 1.3
v -0.8 0.7 1.3
v -0.8 0.9 1.3
v -0.8 1.4 1.3
v -0.8 1.5 1.3
v -0.8 1.6 1.3
v -0.8 1.7 1.3
v -0.8 1.8 1.3
v -0.8 2.2 1.3
v -0.8 2.3 1.3
v -0.8 3 1.3
v -0.8 3.1 1.3
v -0.8 3.7 1.3
v -0.8 3.8 1.3
v -0.8 3.9 1.3
v -0.8 4 1.3
v -0.8 4.1 1.3
v -0.8 4.2 1.3
v -0.8 4.3 1.3
v -0.8 4.4 1.3
v -0.8 4.5 1.3
v -0.8 4.6 1.3
v -0.8 4.7 1.3
v -0.8 6.5 1.3
v -0.8 6.6 1.3
v -0.8 7.6 1.3
v -0.8 7.7 1.3
v -0.8 8 1.3
v -0.8 8.1 1.3
v -0.8 9.4 1.3
v -0.8 9.5 1.3
v -0.8 9.9 1.3
v -0.8 10.6 1.3
v -0.8 11.3 1.3
v -0.7 2.1 1.3
v -0.7 2.2 1.3
v -0.7 2.3 1.3
v -0.7 2.9 1.3
v -0.7 3 1.3
v -0.7 3.5 1.3
v -0.7 3.7 1.3
v -0.7 3.8 1.3
v -0.7 3.9 1.3
v -0.7 4 1.3
v -0.7 4.2 1.3
v -0.7 4.3 1.3
v -0.7 4.4 1.3
v -0.7 4.5 1.3
v -0.7 4.8 1.3
v -0.7 6.4 1.3
v -0.7 6.5 1.3
v -0.7 7.7 1.3
v -0.7 8 1.3
v -0.7 9.3 1.3
v -0.7 9.4 1.3
v -0.7 11.2 1.3
v -0.7 11.3 1.3
v -0.7 11.4 1.3
v -0.7 11.5 1.3
v -0.6 0.6 1.3
v -0.6 0.7 1.3
v -0.6 0.9 1.3
v -0.6 1 1.3
v -0.6 1.7 1.3
v -0.6 1.8 1.3
v -0.6 2.7 1.3
v -0.6 2.8 1.3
v -0.6 2.9 1.3
v -0.6 3 1.3
v -0.6 3.1 1.3
v -0.6 3.9 1.3
v -0.6 4.2 1.3
v -0.6 4.3 1.3
v -0.6 4.8 1.3
v -0.6 6.1 1.3
v -0.6 6.2 1.3
v -0.6 9.2 1.3
v -0.6 9.3 1.3
v -0.6 10.2 1.3
v -0.6 10.9 1.3
v -0.6 11.1 1.3
v -0.6 11.2 1.3
v -0.6 11.3 1.3
v -0.6 11.4 1.3
v -0.5 0.7 1.3
v -0.5 0.9 1.3
v -0.5 1.1 1.3
v -0.5 1.2 1.3
v -0.5 1.3 1.3
v -0.5 1.4 1.3
v -0.5 1.5 1.3
v -0.5 1.6 1.3
v -0.5 1.8 1.3
v -0.5 1.9 1.3
v -0.5 2 1.3
v -0.5 2.1 1.3
v -0.5 2.2 1.3
v -0.5 2.5 1.3
v -0.5 2.6 1.3
v -0.5 2.9 1.3
v -0.5 3 1.3
v -0.5 3.2 1.3
v -0.5 3.5 1.3
v -0.5 4.1 1.3
v -0.5 4.2 1.3
v -0.5 4.3 1.3
v -0.5 4.8 1.3
v -0.5 5 1.3
v -0.5 5.1 1.3
v -0.5 6.2 1.3
v -0.5 6.3 1.3
v -0.5 6.6 1.3
v -0.5 6.7 1.3
v -0.5 7.1 1.3
v -0.5 7.2 1.3
v -0.5 8.2 1.3
v -0.5 8.3 1.3
v -0.5 8.4 1.3
v -0.5 9.1 1.3
v -0.5 9.2 1.3
v -0.5 10.2 1.3
v -0.5 10.9 1.3
v -0.5 11 1.3
v -0.5 11.1 1.3
v -0.5 11.2 1.3
v -0.5 11.3 1.3
v -0.4 0.5 1.3
v -0.4 0.9 1.3
v -0.4 1.9 1.3
v -0.4 2 1.3
v -0.4 2.6 1.3
v -0.4 2.9 1.3
v -0.4 3.1 1.3
v -0.4 3.2 1.3
v -0.4 3.6 1.3
v -0.4 3.7 1.3
v -0.4 4 1.3
v -0.4 4.1 1.3
v -0.4 4.2 1.3
v -0.4 4.3 1.3
v -0.4 4.4 1.3
v -0.4 4.8 1.3
v -0.4 5 1.3
v -0.4 5.1 1.3
v -0.4 6.2 1.3
v -0.4 6.3 1.3
v -0.4 6.5 1.3
v -0.4 6.6 1.3
v -0.4 7 1.3
v -0.4 7.1 1.3
v -0.4 8.4 1.3
v -0.4 8.5 1.3
v -0.4 9.7 1.3
v -0.4 9.8 1.3
v -0.4 10.2 1.3
v -0.4 11.1 1.3
v -0.4 11.2 1.3
v -0.3 0.4 1.3
v -0.3 0.5 1.3
v -0.3 0.9 1.3
v -0.3 1 1.3
v -0.3 2 1.3
v -0.3 2.1 1.3
v -0.3 2.3 1.3
v -0.3 2.4 1.3
v -0.3 2.5 1.3
v -0.3 2.6 1.3
v -0.3 3.2 1.3
v -0.3 3.4 1.3
v -0.3 3.9 1.3
v -0.3 4 1.3
v -0.3 4.1 1.3
v -0.3 4.2 1.3
v -0.3 4.3 1.3
v -0.3 4.4 1.3
v -0.3 4.8 1.3
v -0.3 5 1.3
v -0.3 5.1 1.3
v -0.3 6.1 1.3
v -0.3 6.2 1.3
v -0.3 6.7 1.3
v -0.3 6.8 1.3
v -0.3 6.9 1.3
v -0.3 7 1.3
v -0.3 8.5 1.3
v -0.3 8.6 1.3
v -0.3 9.1 1.3
v -0.3 9.2 1.3
v -0.3 9.7 1.3
v -0.3 9.8 1.3
v -0.3 10.2 1.3
v -0.2 1.8 1.3
v -0.2 1.9 1.3
v -0.2 2 1.3
v -0.2 2.1 1.3
v -0.2 2.2 1.3
v -0.2 2.6 1.3
v -0.2 2.7 1.3
v -0.2 4 1.3
v -0.2 4.1 1.3
v -0.2 4.2 1.3
v -0.2 4.3 1.3
v -0.2 4.5 1.3
v -0.2 4.8 1.3
v -0.2 6.5 1.3
v -0.2 6.6 1.3
v -0.2 6.7 1.3
v -0.2 6.8 1.3
v -0.2 6.9 1.3
v -0.2 7.1 1.3
v -0.2 9.1 1.3
v -0.2 9.2 1.3
v -0.2 9.6 1.3
v -0.2 9.7 1.3
v -0.2 10.8 1.3
v -0.2 11 1.3
v -0.2 11.1 1.3
v -0.2 11.2 1.3
v -0.2 11.4 1.3
v -0.2 11.5 1.3
v -0.0999999 0.4 1.3
v -0.0999999 0.5 1.3
v -0.0999999 0.9 1.3
v -0.0999999 1 1.3
v -0.0999999 1.7 1.3
v -0.0999999 1.8 1.3
v -0.0999999 2.6 1.3
v -0.0999999 2.7 1.3
v -0.0999999 3.3 1.3
v -0.0999999 3.4 1.3
v -0.0999999 3.5 1.3
v -0.0999999 3.6 1.3
v -0.0999999 3.8 1.3
v -0.0999999 3.9 1.3
v -0.0999999 4.1 1.3
v -0.0999999 4.2 1.3
v -0.0999999 4.3 1.3
v -0.0999999 4.4 1.3
v -0.0999999 4.5 1.3
v -0.0999999 4.7 1.3
v -0.0999999 4.8 1.3
v -0.0999999 6.6 1.3
v -0.0999999 6.7 1.3
v -0.0999999 7.1 1.3
v -0.0999999 7.2 1.3
v -0.0999999 9.1 1.3
v -0.0999999 9.3 1.3
v -0.0999999 9.6 1.3
v -0.0999999 9.7 1.3
v -0.0999999 10.8 1.3
v 4.76837e-07 0.5 1.3
v 4.76837e-07 0.9 1.3
v 4.76837e-07 1.6 1.3
v 4.76837e-07 1.7 1.3
v 4.76837e-07 1.8 1.3
v 4.76837e-07 1.9 1.3
v 4.76837e-07 3.9 1.3
v 4.76837e-07 4 1.3
v 4.76837e-07 4.1 1.3
v 4.76837e-07 4.2 1.3
v 4.76837e-07 4.3 1.3
v 4.76837e-07 4.4 1.3
v 4.76837e-07 4.7 1.3
v 4.76837e-07 4.8 1.3
v 4.76837e-07 5 1.3
v 4.76837e-07 5.1 1.3
v 4.76837e-07 9.7 1.3
v 4.76837e-07 10 1.3
v 4.76837e-07 10.2 1.3
v 4.76837e-07 10.4 1.3
v 4.76837e-07 10.9 1.3
v 4.76837e-07 11 1.3
v 0.1 0.4 1.3
v 0.1 1 1.3
v 0.1 1.5 1.3
v 0.1 1.6 1.3
v 0.1 2.1 1.3
v 0.1 2.2 1.3
v 0.1 3.9 1.3
v 0.1 4.1 1.3
v 0.1 4.2 1.3
v 0.1 4.7 1.3
v 0.1 5 1.3
v 0.1 5.1 1.3
v 0.1 6.4 1.3
v 0.1 6.5 1.3
v 0.1 9.1 1.3
v 0.1 9.3 1.3
v 0.1 10.2 1.3
v 0.1 10.3 1.3
v 0.1 11 1.3
v 0.1 11.1 1.3
v 0.1 11.2 1.3
v 0.1 11.3 1.3
v 0.2 0.5 1.3
v 0.2 1 1.3
v 0.2 1.7 1.3
v 0.2 1.8 1.3
v 0.2 2 1.3
v 0.2 2.1 1.3
v 0.2 2.2 1.3
v 0.2 2.3 1.3
v 0.2 2.4 1.3
v 0.2 2.5 1.3
v 0.2 2.6 1.3
v 0.2 3.2 1.3
v 0.2 3.3 1.3
v 0.2 3.4 1.3
v 0.2 3.6 1.3
v 0.2 3.8 1.3
v 0.2 4 1.3
v 0.2 4.2 1.3
v 0.2 4.3 1.3
v 0.2 4.8 1.3
v 0.2 6.5 1.3
v 0.2 6.6 1.3
v 0.2 9.9 1.3
v 0.2 10 1.3
v 0.2 11.1 1.3
v 0.2 11.2 1.3
v 0.3 0.4 1.3
v 0.3 0.5 1.3
v 0.3 0.7 1.3
v 0.3 1.4 1.3
v 0.3 1.5 1.3
v 0.3 1.7 1.3
v 0.3 3.7 1.3
v 0.3 4 1.3
v 0.3 4.1 1.3
v 0.3 4.2 1.3
v 0.3 4.3 1.3
v 0.3 4.4 1.3
v 0.3 4.8 1.3
v 0.3 5 1.3
v 0.3 5.1 1.3
v 0.3 6.1 1.3
v 0.3 6.2 1.3
v 0.3 7.1 1.3
v 0.3 7.2 1.3
v 0.3 10.4 1.3
v 0.3 10.6 1.3
v 0.3 10.9 1.3
v 0.3 11 1.3
v 0.3 11.3 1.3
v 0.3 11.5 1.3
v 0.4 0.4 1.3
v 0.4 0.5 1.3
v 0.4 0.7 1.3
v 0.4 2.2 1.3
v 0.4 2.3 1.3
v 0.4 2.4 1.3
v 0.4 2.5 1.3
v 0.4 3.3 1.3
v 0.4 3.4 1.3
v 0.4 3.5 1.3
v 0.4 3.6 1.3
v 0.4 3.9 1.3
v 0.4 4 1.3
v 0.4 4.1 1.3
v 0.4 4.2 1.3
v 0.4 4.4 1.3
v 0.4 4.5 1.3
v 0.4 4.7 1.3
v 0.4 4.8 1.3
v 0.4 4.9 1.3
v 0.4 5 1.3
v 0.4 6.2 1.3
v 0.4 6.3 1.3
v 0.4 6.4 1.3
v 0.4 6.5 1.3
v 0.4 6.9 1.3
v 0.4 7.1 1.3
v 0.4 9.3 1.3
v 0.4 9.4 1.3
v 0.4 11.2 1.3
v 0.4 11.3 1.3
v 0.5 0.5 1.3
v 0.5 1 1.3
v 0.5 1.3 1.3
v 0.5 1.4 1.3
v 0.5 1.5 1.3
v 0.5 1.7 1.3
v 0.5 1.8 1.3
v 0.5 2.5 1.3
v 0.5 2.6 1.3
v 0.5 3.6 1.3
v 0.5 3.7 1.3
v 0.5 3.8 1.3
v 0.5 3.9 1.3
v 0.5 4 1.3
v 0.5 4.2 1.3
v 0.5 4.3 1.3
v 0.5 4.5 1.3
v 0.5 4.6 1.3
v 0.5 4.7 1.3
v 0.5 4.8 1.3
v 0.5 5.9 1.3
v 0.5 6 1.3
v 0.5 6.3 1.3
v 0.5 6.9 1.3
v 0.5 7.2 1.3
v 0.5 7.6 1.3
v 0.5 8.1 1.3
v 0.5 8.2 1.3
v 0.5 9.2 1.3
v 0.5 9.3 1.3
v 0.5 9.4 1.3
v 0.5 9.6 1.3
v 0.5 9.7 1.3
v 0.5 10 1.3
v 0.5 10.1 1.3
v 0.5 10.7 1.3
v 0.5 10.9 1.3
v 0.5 11.3 1.3
v 0.5 11.4 1.3
v 0.6 0.4 1.3
v 0.6 1 1.3
v 0.6 1.7 1.3
v 0.6 1.8 1.3
v 0.6 2 1.3
v 0.6 2.1 1.3
v 0.6 2.2 1.3
v 0.6 2.3 1.3
v 0.6 2.4 1.3
v 0.6 2.5 1.3
v 0.6 3.7 1.3
v 0.6 3.8 1.3
v 0.6 3.9 1.3
v 0.6 4 1.3
v 0.6 4.1 1.3
v 0.6 4.2 1.3
v 0.6 4.4 1.3
v 0.6 4.5 1.3
v 0.6 4.6 1.3
v 0.6 4.7 1.3
v 0.6 4.9 1.3
v 0.6 5.4 1.3
v 0.6 5.5 1.3
v 0.6 5.6 1.3
v 0.6 6 1.3
v 0.6 7.2 1.3
v 0.6 7.6 1.3
v 0.6 8.1 1.3
v 0.6 9.1 1.3
v 0.6 9.2 1.3
v 0.6 9.8 1.3
v 0.6 9.9 1.3
v 0.6 10 1.3
v 0.6 10.1 1.3
v 0.6 10.3 1.3
v 0.6 10.4 1.3
v 0.6 10.7 1.3
v 0.6 10.9 1.3
v 0.6 11.3 1.3
v 0.7 0.4 1.3
v 0.7 1 1.3
v 0.7 1.2 1.3
v 0.7 1.3 1.3
v 0.7 1.4 1.3
v 0.7 1.5 1.3
v 0.7 3.4 1.3
v 0.7 3.5 1.3
v 0.7 3.6 1.3
v 0.7 3.7 1.3
v 0.7 3.8 1.3
v 0.7 3.9 1.3
v 0.7 4 1.3
v 0.7 4.1 1.3
v 0.7 4.2 1.3
v 0.7 4.3 1.3
v 0.7 4.4 1.3
v 0.7 4.5 1.3
v 0.7 4.6 1.3
v 0.7 4.7 1.3
v 0.7 5.8 1.3
v 0.7 8.3 1.3
v 0.7 8.4 1.3
v 0.7 9.2 1.3
v 0.7 9.3 1.3
v 0.7 9.4 1.3
v 0.7 9.8 1.3
v 0.7 9.9 1.3
v 0.7 10.3 1.3
v 0.7 10.4 1.3
v 0.7 10.6 1.3
v 0.8 0.5 1.3
v 0.8 0.7 1.3
v 0.8 0.8 1.3
v 0.8 0.9 1.3
v 0.8 1.2 1.3
v 0.8 1.3 1.3
v 0.8 1.8 1.3
v 0.8 1.9 1.3
v 0.8 2.1 1.3
v 0.8 2.2 1.3
v 0.8 2.3 1.3
v 0.8 3.1 1.3
v 0.8 3.2 1.3
v 0.8 3.6 1.3
v 0.8 3.7 1.3
v 0.8 3.8 1.3
v 0.8 3.9 1.3
v 0.8 4 1.3
v 0.8 4.3 1.3
v 0.8 4.4 1.3
v 0.8 4.5 1.3
v 0.8 4.6 1.3
v 0.8 4.8 1.3
v 0.8 4.9 1.3
v 0.8 5 1.3
v 0.8 5.1 1.3
v 0.8 5.2 1.3
v 0.8 5.5 1.3
v 0.8 5.6 1.3
v 0.8 5.7 1.3
v 0.8 8.3 1.3
v 0.8 8.4 1.3
v 0.8 8.5 1.3
v 0.8 9.7 1.3
v 0.8 9.9 1.3
v 0.8 10.1 1.3
v 0.8 10.3 1.3
v 0.8 10.4 1.3
v 0.9 1.2 1.3
v 0.9 1.3 1.3
v 0.9 1.4 1.3
v 0.9 1.5 1.3
v 0.9 1.7 1.3
v 0.9 1.8 1.3
v 0.9 1.9 1.3
v 0.9 3.8 1.3
v 0.9 3.9 1.3
v 0.9 4.7 1.3
v 0.9 4.8 1.3
v 0.9 5.1 1.3
v 0.9 5.2 1.3
v 0.9 5.3 1.3
v 0.9 5.7 1.3
v 0.9 5.9 1.3
v 0.9 7.7 1.3
v 0.9 8.4 1.3
v 0.9 9.4 1.3
v 0.9 9.5 1.3
v 0.9 9.6 1.3
v 0.9 9.7 1.3
v 0.9 9.9 1.3
v 0.9 10.1 1.3
v 0.9 10.3 1.3
v 0.9 10.8 1.3
v 0.9 11.4 1.3
v 1 0.4 1.3
v 1 0.5 1.3
v 1 0.7 1.3
v 1 0.8 1.3
v 1 0.9 1.3
v 1 1 1.3
v 1 1.1 1.3
v 1 1.2 1.3
v 1 1.3 1.3
v 1 1.4 1.3
v 1 1.8 1.3
v 1 1.9 1.3
v 1 2.4 1.3
v 1 2.5 1.3
v 1 3 1.3
v 1 3.1 1.3
v 1 3.8 1.3
v 1 3.9 1.3
v 1 4.2 1.3
v 1 4.3 1.3
v 1 4.4 1.3
v 1 4.6 1.3
v 1 4.7 1.3
v 1 5.9 1.3
v 1 7.7 1.3
v 1 9.3 1.3
v 1 9.4 1.3
v 1 9.8 1.3
v 1 10 1.3
v 1 10.3 1.3
v 1 10.8 1.3
v 1 11.3 1.3
v 1 11.4 1.3
v 1.1 0.4 1.3
v 1.1 1 1.3
v 1.1 1.1 1.3
v 1.1 1.2 1.3
v 1.1 1.6 1.3
v 1.1 1.7 1.3
v 1.1 1.8 1.3
v 1.1 1.9 1.3
v 1.1 2 1.3
v 1.1 2.1 1.3
v 1.1 2.2 1.3
v 1.1 2.3 1.3
v 1.1 2.4 1.3
v 1.1 2.5 1.3
v 1.1 3.7 1.3
v 1.1 3.8 1.3
v 1.1 4.2 1.3
v 1.1 4.3 1.3
v 1.1 4.4 1.3
v 1.1 4.5 1.3
v 1.1 4.8 1.3
v 1.1 4.9 1.3
v 1.1 5 1.3
v 1.1 5.1 1.3
v 1.1 5.3 1.3
v 1.1 8.9 1.3
v 1.1 9.1 1.3
v 1.1 9.3 1.3
v 1.1 9.4 1.3
v 1.1 9.5 1.3
v 1.1 9.7 1.3
v 1.1 9.8 1.3
v 1.1 10 1.3
v 1.1 10.8 1.3
v 1.1 11.2 1.3
v 1.1 11.3 1.3
v 1.1 11.4 1.3
v 1.1 11.5 1.3
v 1.2 0.4 1.3
v 1.2 0.6 1.3
v 1.2 0.7 1.3
v 1.2 0.9 1.3
v 1.2 1 1.3
v 1.2 1.1 1.3
v 1.2 1.2 1.3
v 1.2 1.3 1.3
v 1.2 2.9 1.3
v 1.2 3 1.3
v 1.2 3.6 1.3
v 1.2 3.7 1.3
v 1.2 4.2 1.3
v 1.2 4.3 1.3
v 1.2 4.5 1.3
v 1.2 4.6 1.3
v 1.2 5.1 1.3
v 1.2 5.2 1.3
v 1.2 5.3 1.3
v 1.2 9 1.3
v 1.2 9.1 1.3
v 1.2 9.2 1.3
v 1.2 9.3 1.3
v 1.2 9.7 1.3
v 1.2 10.7 1.3
v 1.2 11.2 1.3
v 1.2 11.3 1.3
v 1.2 11.4 1.3
v 1.3 1.1 1.3
v 1.3 1.2 1.3
v 1.3 1.7 1.3
v 1.3 1.8 1.3
v 1.3 1.9 1.3
v 1.3 2 1.3
v 1.3 2.1 1.3
v 1.3 2.4 1.3
v 1.3 2.6 1.3
v 1.3 2.9 1.3
v 1.3 3 1.3
v 1.3 3.5 1.3
v 1.3 3.6 1.3
v 1.3 4.4 1.3
v 1.3 4.5 1.3
v 1.3 4.6 1.3
v 1.3 4.8 1.3
v 1.3 5.2 1.3
v 1.3 5.9 1.3
v 1.3 6 1.3
v 1.3 7.3 1.3
v 1.3 7.4 1.3
v 1.3 7.6 1.3
v 1.3 7.7 1.3
v 1.3 7.8 1.3
v 1.3 7.9 1.3
v 1.3 8 1.3
v 1.3 8.2 1.3
v 1.3 8.3 1.3
v 1.3 8.4 1.3
v 1.3 9.1 1.3
v 1.3 9.2 1.3
v 1.3 9.3 1.3
v 1.3 9.4 1.3
v 1.3 9.7 1.3
v 1.3 9.9 1.3
v 1.3 10.1 1.3
v 1.3 10.7 1.3
v 1.3 10.9 1.3
v 1.3 11.3 1.3
v 1.4 0.4 1.3
v 1.4 0.6 1.3
v 1.4 0.7 1.3
v 1.4 0.9 1.3
v 1.4 1 1.3
v 1.4 1.1 1.3
v 1.4 2.1 1.3
v 1.4 2.2 1.3
v 1.4 2.4 1.3
v 1.4 2.5 1.3
v 1.4 3.2 1.3
v 1.4 3.3 1.3
v 1.4 3.4 1.3
v 1.4 3.5 1.3
v 1.4 3.6 1.3
v 1.4 3.7 1.3
v 1.4 3.8 1.3
v 1.4 4.2 1.3
v 1.4 4.3 1.3
v 1.4 4.4 1.3
v 1.4 4.6 1.3
v 1.4 5 1.3
v 1.4 5.1 1.3
v 1.4 6.9 1.3
v 1.4 7 1.3
v 1.4 7.1 1.3
v 1.4 7.2 1.3
v 1.4 7.3 1.3
v 1.4 7.4 1.3
v 1.4 7.5 1.3
v 1.4 7.6 1.3
v 1.4 7.7 1.3
v 1.4 7.8 1.3
v 1.4 7.9 1.3
v 1.4 8 1.3
v 1.4 8.1 1.3
v 1.4 8.2 1.3
v 1.4 8.3 1.3
v 1.4 8.7 1.3
v 1.4 8.8 1.3
v 1.4 8.9 1.3
v 1.4 9.2 1.3
v 1.4 9.3 1.3
v 1.4 9.4 1.3
v 1.4 9.5 1.3
v 1.4 9.7 1.3
v 1.4 9.9 1.3
v 1.4 10 1.3
v 1.4 10.1 1.3
v 1.4 10.9 1.3
v 1.5 0.4 1.3
v 1.5 0.6 1.3
v 1.5 0.7 1.3
v 1.5 0.9 1.3
v 1.5 1.8 1.3
v 1.5 1.9 1.3
v 1.5 2.2 1.3
v 1.5 2.3 1.3
v 1.5 3.5 1.3
v 1.5 3.6 1.3
v 1.5 3.9 1.3
v 1.5 4.1 1.3
v 1.5 5.1 1.3
v 1.5 5.9 1.3
v 1.5 6 1.3
v 1.5 6.1 1.3
v 1.5 6.9 1.3
v 1.5 7 1.3
v 1.5 7.5 1.3
v 1.5 7.6 1.3
v 1.5 8.1 1.3
v 1.5 8.2 1.3
v 1.5 8.4 1.3
v 1.5 8.7 1.3
v 1.5 8.8 1.3
v 1.5 8.9 1.3
v 1.5 9.2 1.3
v 1.5 9.3 1.3
v 1.5 9.5 1.3
v 1.5 10 1.3
v 1.5 10.1 1.3
v 1.5 10.2 1.3
v 1.5 10.4 1.3
v 1.5 10.7 1.3
v 1.5 10.9 1.3
v 1.5 11.1 1.3
v 1.5 11.5 1.3
v 1.6 1.5 1.3
v 1.6 1.6 1.3
v 1.6 1.9 1.3
v 1.6 2 1.3
v 1.6 2.1 1.3
v 1.6 2.2 1.3
v 1.6 2.3 1.3
v 1.6 2.4 1.3
v 1.6 2.5 1.3
v 1.6 2.9 1.3
v 1.6 3 1.3
v 1.6 3.1 1.3
v 1.6 3.3 1.3
v 1.6 3.5 1.3
v 1.6 3.8 1.3
v 1.6 4 1.3
v 1.6 4.2 1.3
v 1.6 4.3 1.3
v 1.6 5.9 1.3
v 1.6 6.1 1.3
v 1.6 6.5 1.3
v 1.6 6.9 1.3
v 1.6 7 1.3
v 1.6 7.5 1.3
v 1.6 7.6 1.3
v 1.6 8.1 1.3
v 1.6 8.2 1.3
v 1.6 9 1.3
v 1.6 9.1 1.3
v 1.6 10.1 1.3
v 1.6 10.2 1.3
v 1.6 10.4 1.3
v 1.6 10.6 1.3
v 1.6 10.7 1.3
v 1.6 10.9 1.3
v 1.6 11 1.3
v 1.6 11.1 1.3
v 1.6 11.4 1.3
v 1.6 11.5 1.3
v 1.7 1.7 1.3
v 1.7 1.8 1.3
v 1.7 3.7 1.3
v 1.7 3.8 1.3
v 1.7 4 1.3
v 1.7 4.1 1.3
v 1.7 4.4 1.3
v 1.7 6.4 1.3
v 1.7 6.9 1.3
v 1.7 7 1.3
v 1.7 7.1 1.3
v 1.7 7.2 1.3
v 1.7 7.3 1.3
v 1.7 7.4 1.3
v 1.7 7.5 1.3
v 1.7 7.6 1.3
v 1.7 7.7 1.3
v 1.7 7.9 1.3
v 1.7 8 1.3
v 1.7 8.1 1.3
v 1.7 8.2 1.3
v 1.7 8.3 1.3
v 1.7 8.4 1.3
v 1.7 8.6 1.3
v 1.7 8.8 1.3
v 1.7 9 1.3
v 1.7 9.1 1.3
v 1.7 9.2 1.3
v 1.7 9.4 1.3
v 1.7 9.6 1.3
v 1.7 9.8 1.3
v 1.7 10 1.3
v 1.7 10.2 1.3
v 1.7 10.4 1.3
v 1.7 10.6 1.3
v 1.7 10.7 1.3
v 1.7 11 1.3
v 1.7 11.1 1.3
v 1.7 11.2 1.3
v 1.8 1.8 1.3
v 1.8 1.9 1.3
v 1.8 2.2 1.3
v 1.8 2.3 1.3
v 1.8 2.4 1.3
v 1.8 2.5 1.3
v 1.8 2.6 1.3
v 1.8 3.6 1.3
v 1.8 3.7 1.3
v 1.8 3.8 1.3
v 1.8 3.9 1.3
v 1.8 4.1 1.3
v 1.8 4.2 1.3
v 1.8 4.3 1.3
v 1.8 4.4 1.3
v 1.8 6.3 1.3
v 1.8 6.4 1.3
v 1.8 6.5 1.3
v 1.8 6.6 1.3
v 1.8 7.4 1.3
v 1.8 7.5 1.3
v 1.8 7.6 1.3
v 1.8 7.7 1.3
v 1.8 7.8 1.3
v 1.8 7.9 1.3
v 1.8 8 1.3
v 1.8 8.1 1.3
v 1.8 10.8 1.3
v 1.8 11 1.3
v 1.8 11.4 1.3
v 1.8 11.5 1.3
v 1.9 1.4 1.3
v 1.9 1.5 1.3
v 1.9 1.6 1.3
v 1.9 1.7 1.3
v 1.9 2.6 1.3
v 1.9 2.7 1.3
v 1.9 3 1.3
v 1.9 3.1 1.3
v 1.9 3.9 1.3
v 1.9 4.1 1.3
v 1.9 4.3 1.3
v 1.9 4.4 1.3
v 1.9 4.5 1.3
v 1.9 4.9 1.3
v 1.9 5.2 1.3
v 1.9 5.7 1.3
v 1.9 6 1.3
v 1.9 7.4 1.3
v 1.9 7.6 1.3
v 1.9 7.7 1.3
v 1.9 7.8 1.3
v 1.9 8 1.3
v 1.9 8.2 1.3
v 1.9 8.5 1.3
v 1.9 8.6 1.3
v 1.9 10.1 1.3
v 1.9 10.2 1.3
v 1.9 10.7 1.3
v 1.9 10.8 1.3
v 1.9 11 1.3
v 1.9 11.1 1.3
v 1.9 11.2 1.3
v 1.9 11.3 1.3
v 2 1.7 1.3
v 2 1.8 1.3
v 2 2.1 1.3
v 2 2.2 1.3
v 2 2.3 1.3
v 2 2.4 1.3
v 2 2.5 1.3
v 2 2.6 1.3
v 2 2.7 1.3
v 2 2.8 1.3
v 2 2.9 1.3
v 2 3 1.3
v 2 3.6 1.3
v 2 3.7 1.3
v 2 4 1.3
v 2 4.1 1.3
v 2 4.2 1.3
v 2 4.7 1.3
v 2 4.9 1.3
v 2 5 1.3
v 2 5.1 1.3
v 2 5.2 1.3
v 2 5.4 1.3
v 2 5.5 1.3
v 2 5.7 1.3
v 2 5.8 1.3
v 2 5.9 1.3
v 2 6 1.3
v 2 6.2 1.3
v 2 6.3 1.3
v 2 6.4 1.3
v 2 6.5 1.3
v 2 6.6 1.3
v 2 6.7 1.3
v 2 6.9 1.3
v 2 7 1.3
v 2 7.3 1.3
v 2 7.4 1.3
v 2 7.6 1.3
v 2 7.7 1.3
v 2 8.1 1.3
v 2 8.2 1.3
v 2 8.4 1.3
v 2 8.5 1.3
v 2 8.6 1.3
v 2 8.8 1.3
v 2 9 1.3
v 2 9.2 1.3
v 2 9.4 1.3
v 2 9.6 1.3
v 2 9.8 1.3
v 2 10 1.3
v 2 10.1 1.3
v 2 10.2 1.3
v 2 10.4 1.3
v 2 10.6 1.3
v 2 10.7 1.3
v 2 11.3 1.3
v 2 11.4 1.3
v 2.1 1.3 1.3
v 2.1 1.4 1.3
v 2.1 1.5 1.3
v 2.1 1.6 1.3
v 2.1 2.6 1.3
v 2.1 2.7 1.3
v 2.1 3.6 1.3
v 2.1 3.7 1.3
v 2.1 4.5 1.3
v 2.1 4.7 1.3
v 2.1 4.8 1.3
v 2.1 4.9 1.3
v 2.1 5 1.3
v 2.1 5.1 1.3
v 2.1 5.2 1.3
v 2.1 5.3 1.3
v 2.1 5.4 1.3
v 2.1 5.5 1.3
v 2.1 5.6 1.3
v 2.1 5.7 1.3
v 2.1 5.8 1.3
v 2.1 5.9 1.3
v 2.1 6 1.3
v 2.1 6.1 1.3
v 2.1 6.9 1.3
v 2.1 7 1.3
v 2.1 7.3 1.3
v 2.1 7.4 1.3
v 2.1 7.6 1.3
v 2.1 7.8 1.3
v 2.1 8 1.3
v 2.1 8.1 1.3
v 2.1 8.3 1.3
v 2.1 8.4 1.3
v 2.1 8.6 1.3
v 2.1 10.4 1.3
v 2.1 10.7 1.3
v 2.1 10.8 1.3
v 2.1 10.9 1.3
v 2.1 11.1 1.3
v 2.2 1.6 1.3
v 2.2 1.7 1.3
v 2.2 2.3 1.3
v 2.2 2.4 1.3
v 2.2 2.5 1.3
v 2.2 3.5 1.3
v 2.2 3.6 1.3
v 2.2 3.9 1.3
v 2.2 4 1.3
v 2.2 4.1 1.3
v 2.2 4.4 1.3
v 2.2 4.5 1.3
v 2.2 4.6 1.3
v 2.2 4.8 1.3
v 2.2 4.9 1.3
v 2.2 5.3 1.3
v 2.2 5.4 1.3
v 2.2 5.6 1.3
v 2.2 5.7 1.3
v 2.2 5.8 1.3
v 2.2 6 1.3
v 2.2 6.1 1.3
v 2.2 6.2 1.3
v 2.2 6.3 1.3
v 2.2 6.4 1.3
v 2.2 7 1.3
v 2.2 7.1 1.3
v 2.2 7.3 1.3
v 2.2 7.4 1.3
v 2.2 7.8 1.3
v 2.2 7.9 1.3
v 2.2 8.1 1.3
v 2.2 8.4 1.3
v 2.2 8.5 1.3
v 2.2 8.6 1.3
v 2.2 10.4 1.3
v 2.2 10.5 1.3
v 2.2 10.6 1.3
v 2.2 10.7 1.3
v 2.2 10.8 1.3
v 2.2 10.9 1.3
v 2.2 11.3 1.3
v 2.2 11.4 1.3
v 2.2 11.5 1.3
v 2.3 1.4 1.3
v 2.3 1.5 1.3
v 2.3 1.6 1.3
v 2.3 1.7 1.3
v 2.3 1.8 1.3
v 2.3 2 1.3
v 2.3 2.1 1.3
v 2.3 2.2 1.3
v 2.3 2.5 1.3
v 2.3 2.6 1.3
v 2.3 2.7 1.3
v 2.3 4.3 1.3
v 2.3 4.4 1.3
v 2.3 4.5 1.3
v 2.3 4.6 1.3
v 2.3 4.8 1.3
v 2.3 4.9 1.3
v 2.3 5 1.3
v 2.3 5.2 1.3
v 2.3 5.3 1.3
v 2.3 5.4 1.3
v 2.3 5.5 1.3
v 2.3 5.6 1.3
v 2.3 5.7 1.3
v 2.3 6 1.3
v 2.3 6.1 1.3
v 2.3 6.2 1.3
v 2.3 6.3 1.3
v 2.3 6.4 1.3
v 2.3 6.5 1.3
v 2.3 6.6 1.3
v 2.3 6.7 1.3
v 2.3 6.8 1.3
v 2.3 6.9 1.3
v 2.3 7.1 1.3
v 2.3 8.7 1.3
v 2.3 10.3 1.3
v 2.3 11.1 1.3
v 2.3 11.2 1.3
v 2.4 1.2 1.3
v 2.4 1.3 1.3
v 2.4 2.1 1.3
v 2.4 2.2 1.3
v 2.4 3.4 1.3
v 2.4 3.6 1.3
v 2.4 3.8 1.3
v 2.4 3.9 1.3
v 2.4 4 1.3
v 2.4 4.4 1.3
v 2.4 4.5 1.3
v 2.4 4.6 1.3
v 2.4 5 1.3
v 2.4 5.2 1.3
v 2.4 5.3 1.3
v 2.4 5.9 1.3
v 2.4 6 1.3
v 2.4 6.3 1.3
v 2.4 6.4 1.3
v 2.4 7 1.3
v 2.4 7.1 1.3
v 2.4 7.3 1.3
v 2.4 7.4 1.3
v 2.4 7.8 1.3
v 2.4 7.9 1.3
v 2.4 8.1 1.3
v 2.4 8.4 1.3
v 2.4 8.8 1.3
v 2.4 9.9 1.3
v 2.4 10.2 1.3
v 2.4 10.6 1.3
v 2.4 10.9 1.3
v 2.4 11.2 1.3
v 2.4 11.3 1.3
v 2.5 1.3 1.3
v 2.5 1.4 1.3
v 2.5 1.5 1.3
v 2.5 1.9 1.3
v 2.5 2 1.3
v 2.5 2.1 1.3
v 2.5 2.2 1.3
v 2.5 2.3 1.3
v 2.5 2.4 1.3
v 2.5 2.5 1.3
v 2.5 2.6 1.3
v 2.5 4.7 1.3
v 2.5 4.9 1.3
v 2.5 5 1.3
v 2.5 5.1 1.3
v 2.5 5.2 1.3
v 2.5 5.3 1.3
v 2.5 5.5 1.3
v 2.5 5.6 1.3
v 2.5 5.7 1.3
v 2.5 5.8 1.3
v 2.5 5.9 1.3
v 2.5 6 1.3
v 2.5 6.1 1.3
v 2.5 6.2 1.3
v 2.5 6.5 1.3
v 2.5 6.6 1.3
v 2.5 7.1 1.3
v 2.5 7.2 1.3
v 2.5 7.4 1.3
v 2.5 7.8 1.3
v 2.5 11.4 1.3
v 2.5 11.5 1.3
v 2.6 1.3 1.3
v 2.6 1.4 1.3
v 2.6 1.6 1.3
v 2.6 1.7 1.3
v 2.6 1.8 1.3
v 2.6 1.9 1.3
v 2.6 2.1 1.3
v 2.6 2.2 1.3
v 2.6 3 1.3
v 2.6 3.2 1.3
v 2.6 3.7 1.3
v 2.6 3.8 1.3
v 2.6 3.9 1.3
v 2.6 4.7 1.3
v 2.6 4.9 1.3
v 2.6 5 1.3
v 2.6 5.1 1.3
v 2.6 5.2 1.3
v 2.6 5.3 1.3
v 2.6 5.4 1.3
v 2.6 5.5 1.3
v 2.6 5.6 1.3
v 2.6 5.7 1.3
v 2.6 6.4 1.3
v 2.6 6.5 1.3
v 2.6 6.7 1.3
v 2.6 6.8 1.3
v 2.6 6.9 1.3
v 2.6 7 1.3
v 2.6 7.1 1.3
v 2.6 7.3 1.3
v 2.6 7.4 1.3
v 2.6 7.8 1.3
v 2.6 7.9 1.3
v 2.6 8.1 1.3
v 2.6 8.4 1.3
v 2.6 10.6 1.3
v 2.6 10.9 1.3
v 2.6 11.2 1.3
v 2.6 11.3 1.3
v 2.7 1.2 1.3
v 2.7 1.3 1.3
v 2.7 1.5 1.3
v 2.7 1.6 1.3
v 2.7 1.7 1.3
v 2.7 1.8 1.3
v 2.7 2.1 1.3
v 2.7 2.2 1.3
v 2.7 2.3 1.3
v 2.7 2.6 1.3
v 2.7 2.8 1.3
v 2.7 3.9 1.3
v 2.7 4.1 1.3
v 2.7 4.2 1.3
v 2.7 4.3 1.3
v 2.7 4.4 1.3
v 2.7 4.7 1.3
v 2.7 4.8 1.3
v 2.7 5.2 1.3
v 2.7 5.3 1.3
v 2.7 5.5 1.3
v 2.7 5.7 1.3
v 2.7 5.9 1.3
v 2.7 6 1.3
v 2.7 6.1 1.3
v 2.7 6.6 1.3
v 2.7 6.7 1.3
v 2.7 7.1 1.3
v 2.7 7.2 1.3
v 2.7 7.3 1.3
v 2.7 7.4 1.3
v 2.7 7.5 1.3
v 2.7 7.6 1.3
v 2.7 7.8 1.3
v 2.7 7.9 1.3
v 2.7 11.2 1.3
v 2.7 11.3 1.3
v 2.8 1.2 1.3
v 2.8 1.3 1.3
v 2.8 1.8 1.3
v 2.8 1.9 1.3
v 2.8 2 1.3
v 2.8 2.1 1.3
v 2.8 2.2 1.3
v 2.8 2.3 1.3
v 2.8 2.4 1.3
v 2.8 2.5 1.3
v 2.8 2.6 1.3
v 2.8 3.6 1.3
v 2.8 3.7 1.3
v 2.8 3.8 1.3
v 2.8 4.4 1.3
v 2.8 4.5 1.3
v 2.8 4.7 1.3
v 2.8 4.8 1.3
v 2.8 5 1.3
v 2.8 5.1 1.3
v 2.8 5.3 1.3
v 2.8 5.4 1.3
v 2.8 5.7 1.3
v 2.8 5.8 1.3
v 2.8 6.5 1.3
v 2.8 6.6 1.3
v 2.8 6.8 1.3
v 2.8 6.9 1.3
v 2.8 7 1.3
v 2.8 7.5 1.3
v 2.8 7.6 1.3
v 2.8 7.8 1.3
v 2.8 8.1 1.3
v 2.8 8.4 1.3
v 2.8 9.9 1.3
v 2.8 10.2 1.3
v 2.8 10.6 1.3
v 2.8 10.9 1.3
v 2.8 11.1 1.3
v 2.8 11.2 1.3
v 2.9 1.4 1.3
v 2.9 1.5 1.3
v 2.9 2 1.3
v 2.9 2.1 1.3
v 2.9 2.4 1.3
v 2.9 2.5 1.3
v 2.9 3.3 1.3
v 2.9 3.4 1.3
v 2.9 3.9 1.3
v 2.9 4.1 1.3
v 2.9 4.5 1.3
v 2.9 4.7 1.3
v 2.9 5.1 1.3
v 2.9 5.2 1.3
v 2.9 5.5 1.3
v 2.9 5.7 1.3
v 2.9 5.8 1.3
v 2.9 5.9 1.3
v 2.9 6 1.3
v 2.9 7.3 1.3
v 2.9 7.4 1.3
v 2.9 7.5 1.3
v 2.9 7.6 1.3
v 2.9 7.8 1.3
v 2.9 7.9 1.3
v 2.9 11 1.3
v 2.9 11.1 1.3
v 2.9 11.3 1.3
v 2.9 11.4 1.3
v 3 1.3 1.3
v 3 1.4 1.3
v 3 1.8 1.3
v 3 1.9 1.3
v 3 2.2 1.3
v 3 2.3 1.3
v 3 2.4 1.3
v 3 2.5 1.3
v 3 2.6 1.3
v 3 2.7 1.3
v 3 2.8 1.3
v 3 3.5 1.3
v 3 3.6 1.3
v 3 3.7 1.3
v 3 4.6 1.3
v 3 4.7 1.3
v 3 4.8 1.3
v 3 5 1.3
v 3 5.2 1.3
v 3 5.3 1.3
v 3 7.4 1.3
v 3 7.5 1.3
v 3 7.6 1.3
v 3 7.8 1.3
v 3 8.1 1.3
v 3 8.4 1.3
v 3.1 1.2 1.3
v 3.1 1.3 1.3
v 3.1 1.7 1.3
v 3.1 1.8 1.3
v 3.1 2.5 1.3
v 3.1 2.6 1.3
v 3.1 3.6 1.3
v 3.1 4.2 1.3
v 3.1 4.3 1.3
v 3.1 4.4 1.3
v 3.1 4.5 1.3
v 3.1 4.6 1.3
v 3.1 4.8 1.3
v 3.1 5 1.3
v 3.1 5.1 1.3
v 3.1 5.2 1.3
v 3.1 5.7 1.3
v 3.1 5.8 1.3
v 3.1 5.9 1.3
v 3.1 6.7 1.3
v 3.1 6.8 1.3
v 3.1 6.9 1.3
v 3.1 7 1.3
v 3.1 7.1 1.3
v 3.1 10.6 1.3
v 3.1 10.9 1.3
v 3.1 11 1.3
v 3.1 11.1 1.3
v 3.2 1.6 1.3
v 3.2 1.7 1.3
v 3.2 1.8 1.3
v 3.2 1.9 1.3
v 3.2 2 1.3
v 3.2 2.1 1.3
v 3.2 2.4 1.3
v 3.2 2.5 1.3
v 3.2 3.6 1.3
v 3.2 4.2 1.3
v 3.2 4.3 1.3
v 3.2 4.4 1.3
v 3.2 5 1.3
v 3.2 5.2 1.3
v 3.2 5.3 1.3
v 3.2 5.7 1.3
v 3.2 6.8 1.3
v 3.2 6.9 1.3
v 3.2 7.4 1.3
v 3.2 7.5 1.3
v 3.2 7.6 1.3
v 3.2 7.8 1.3
v 3.2 8.1 1.3
v 3.2 8.4 1.3
v 3.2 11.3 1.3
v 3.2 11.4 1.3
v 3.2 11.5 1.3
v 3.3 2.2 1.3
v 3.3 2.3 1.3
v 3.3 2.4 1.3
v 3.3 2.5 1.3
v 3.3 3.5 1.3
v 3.3 3.6 1.3
v 3.3 3.7 1.3
v 3.3 5 1.3
v 3.3 5.1 1.3
v 3.3 5.6 1.3
v 3.3 5.7 1.3
v 3.3 5.8 1.3
v 3.3 5.9 1.3
v 3.3 6.7 1.3
v 3.3 6.8 1.3
v 3.3 7.2 1.3
v 3.3 7.3 1.3
v 3.3 7.4 1.3
v 3.3 7.5 1.3
v 3.3 7.6 1.3
v 3.3 7.8 1.3
v 3.3 7.9 1.3
v 3.3 10.6 1.3
v 3.3 10.9 1.3
v 3.3 11 1.3
v 3.3 11.1 1.3
v 3.3 11.2 1.3
v 3.4 1.5 1.3
v 3.4 1.6 1.3
v 3.4 1.7 1.3
v 3.4 1.8 1.3
v 3.4 1.9 1.3
v 3.4 2 1.3
v 3.4 2.1 1.3
v 3.4 2.2 1.3
v 3.4 2.3 1.3
v 3.4 2.4 1.3
v 3.4 2.6 1.3
v 3.4 2.7 1.3
v 3.4 4.5 1.3
v 3.4 4.7 1.3
v 3.4 4.8 1.3
v 3.4 5 1.3
v 3.4 5.5 1.3
v 3.4 5.6 1.3
v 3.4 5.7 1.3
v 3.4 6.5 1.3
v 3.4 6.6 1.3
v 3.4 6.9 1.3
v 3.4 7 1.3
v 3.4 7.1 1.3
v 3.4 7.6 1.3
v 3.4 7.7 1.3
v 3.4 11 1.3
v 3.4 11.1 1.3
v 3.4 11.2 1.3
v 3.4 11.3 1.3
v 3.5 1.3 1.3
v 3.5 1.5 1.3
v 3.5 2.1 1.3
v 3.5 2.2 1.3
v 3.5 2.5 1.3
v 3.5 2.6 1.3
v 3.5 3.9 1.3
v 3.5 4 1.3
v 3.5 4.8 1.3
v 3.5 5 1.3
v 3.5 5.3 1.3
v 3.5 5.4 1.3
v 3.5 5.5 1.3
v 3.5 6.6 1.3
v 3.5 6.7 1.3
v 3.5 7.3 1.3
v 3.5 7.4 1.3
v 3.5 7.5 1.3
v 3.5 7.6 1.3
v 3.5 8.1 1.3
v 3.5 8.4 1.3
v 3.5 8.8 1.3
v 3.5 9.1 1.3
v 3.5 10.6 1.3
v 3.5 10.9 1.3
v 3.6 1.4 1.3
v 3.6 1.5 1.3
v 3.6 1.6 1.3
v 3.6 2 1.3
v 3.6 2.1 1.3
v 3.6 2.4 1.3
v 3.6 2.5 1.3
v 3.6 2.6 1.3
v 3.6 2.7 1.3
v 3.6 2.8 1.3
v 3.6 3.6 1.3
v 3.6 3.7 1.3
v 3.6 3.8 1.3
v 3.6 4.3 1.3
v 3.6 4.4 1.3
v 3.6 4.5 1.3
v 3.6 4.7 1.3
v 3.6 4.8 1.3
v 3.6 5.2 1.3
v 3.6 5.3 1.3
v 3.6 5.4 1.3
v 3.6 5.6 1.3
v 3.6 5.7 1.3
v 3.6 5.8 1.3
v 3.6 5.9 1.3
v 3.6 6 1.3
v 3.6 6.4 1.3
v 3.6 6.5 1.3
v 3.6 6.8 1.3
v 3.6 6.9 1.3
v 3.6 7 1.3
v 3.6 7.4 1.3
v 3.6 7.5 1.3
v 3.6 7.6 1.3
v 3.6 7.7 1.3
v 3.6 7.8 1.3
v 3.6 7.9 1.3
v 3.6 10.9 1.3
v 3.6 11 1.3
v 3.6 11.3 1.3
v 3.6 11.4 1.3
v 3.6 11.5 1.3
v 3.7 1.2 1.3
v 3.7 1.3 1.3
v 3.7 1.4 1.3
v 3.7 1.5 1.3
v 3.7 1.7 1.3
v 3.7 1.8 1.3
v 3.7 1.9 1.3
v 3.7 2 1.3
v 3.7 2.3 1.3
v 3.7 2.4 1.3
v 3.7 2.5 1.3
v 3.7 2.6 1.3
v 3.7 2.7 1.3
v 3.7 3.3 1.3
v 3.7 3.4 1.3
v 3.7 3.5 1.3
v 3.7 3.6 1.3
v 3.7 3.9 1.3
v 3.7 4 1.3
v 3.7 4.2 1.3
v 3.7 4.3 1.3
v 3.7 4.5 1.3
v 3.7 4.6 1.3
v 3.7 4.8 1.3
v 3.7 5.1 1.3
v 3.7 5.2 1.3
v 3.7 5.4 1.3
v 3.7 5.5 1.3
v 3.7 5.6 1.3
v 3.7 5.7 1.3
v 3.7 6.5 1.3
v 3.7 6.6 1.3
v 3.7 7.3 1.3
v 3.7 7.4 1.3
v 3.7 7.5 1.3
v 3.7 7.6 1.3
v 3.7 7.8 1.3
v 3.7 7.9 1.3
v 3.7 8.1 1.3
v 3.7 8.4 1.3
v 3.7 10.6 1.3
v 3.7 10.8 1.3
v 3.7 10.9 1.3
v 3.8 1.3 1.3
v 3.8 1.4 1.3
v 3.8 1.8 1.3
v 3.8 1.9 1.3
v 3.8 2 1.3
v 3.8 2.1 1.3
v 3.8 2.3 1.3
v 3.8 2.4 1.3
v 3.8 2.5 1.3
v 3.8 2.6 1.3
v 3.8 3.4 1.3
v 3.8 3.6 1.3
v 3.8 4.6 1.3
v 3.8 5.1 1.3
v 3.8 5.3 1.3
v 3.8 5.4 1.3
v 3.8 5.6 1.3
v 3.8 5.8 1.3
v 3.8 6.3 1.3
v 3.8 6.4 1.3
v 3.8 7.2 1.3
v 3.8 7.3 1.3
v 3.8 7.5 1.3
v 3.8 7.6 1.3
v 3.8 7.8 1.3
v 3.8 7.9 1.3
v 3.8 10.8 1.3
v 3.8 11 1.3
v 3.9 1.6 1.3
v 3.9 1.7 1.3
v 3.9 1.8 1.3
v 3.9 2.2 1.3
v 3.9 2.3 1.3
v 3.9 2.4 1.3
v 3.9 2.5 1.3
v 3.9 2.8 1.3
v 3.9 3 1.3
v 3.9 3.7 1.3
v 3.9 3.8 1.3
v 3.9 3.9 1.3
v 3.9 4.4 1.3
v 3.9 4.5 1.3
v 3.9 5.1 1.3
v 3.9 5.2 1.3
v 3.9 5.3 1.3
v 3.9 5.6 1.3
v 3.9 5.7 1.3
v 3.9 5.8 1.3
v 3.9 5.9 1.3
v 3.9 6 1.3
v 3.9 6.1 1.3
v 3.9 6.4 1.3
v 3.9 6.5 1.3
v 3.9 6.7 1.3
v 3.9 6.8 1.3
v 3.9 6.9 1.3
v 3.9 7 1.3
v 3.9 7.1 1.3
v 3.9 7.3 1.3
v 3.9 7.4 1.3
v 3.9 8.1 1.3
v 3.9 8.4 1.3
v 3.9 8.8 1.3
v 3.9 9.1 1.3
v 3.9 10.2 1.3
v 3.9 10.6 1.3
v 3.9 10.9 1.3
v 4 1.8 1.3
v 4 1.9 1.3
v 4 2 1.3
v 4 2.3 1.3
v 4 2.4 1.3
v 4 2.5 1.3
v 4 4.3 1.3
v 4 4.4 1.3
v 4 4.5 1.3
v 4 4.6 1.3
v 4 4.8 1.3
v 4 4.9 1.3
v 4 5 1.3
v 4 5.1 1.3
v 4 5.2 1.3
v 4 5.3 1.3
v 4 5.4 1.3
v 4 5.6 1.3
v 4 5.7 1.3
v 4 6.2 1.3
v 4 6.3 1.3
v 4 6.9 1.3
v 4 7 1.3
v 4 7.3 1.3
v 4 7.4 1.3
v 4 7.5 1.3
v 4 7.6 1.3
v 4 7.8 1.3
v 4 7.9 1.3
v 4 8.7 1.3
v 4 10.3 1.3
v 4 11.1 1.3
v 4 11.2 1.3
v 4 11.3 1.3
v 4 11.4 1.3
v 4 11.5 1.3
v 4.1 1.2 1.3
v 4.1 1.3 1.3
v 4.1 1.4 1.3
v 4.1 1.5 1.3
v 4.1 1.6 1.3
v 4.1 1.7 1.3
v 4.1 2.5 1.3
v 4.1 2.6 1.3
v 4.1 3.8 1.3
v 4.1 3.9 1.3
v 4.1 4 1.3
v 4.1 4.3 1.3
v 4.1 4.4 1.3
v 4.1 4.6 1.3
v 4.1 4.7 1.3
v 4.1 4.9 1.3
v 4.1 5 1.3
v 4.1 5.1 1.3
v 4.1 5.2 1.3
v 4.1 5.4 1.3
v 4.1 5.5 1.3
v 4.1 5.6 1.3
v 4.1 5.8 1.3
v 4.1 6 1.3
v 4.1 6.1 1.3
v 4.1 6.3 1.3
v 4.1 6.4 1.3
v 4.1 6.6 1.3
v 4.1 6.7 1.3
v 4.1 6.8 1.3
v 4.1 6.9 1.3
v 4.1 7.1 1.3
v 4.1 7.3 1.3
v 4.1 7.4 1.3
v 4.1 7.9 1.3
v 4.1 8 1.3
v 4.1 8.1 1.3
v 4.1 8.2 1.3
v 4.1 8.4 1.3
v 4.1 8.5 1.3
v 4.1 8.6 1.3
v 4.1 10.4 1.3
v 4.1 10.5 1.3
v 4.1 10.6 1.3
v 4.1 10.8 1.3
v 4.1 10.9 1.3
v 4.1 11.1 1.3
v 4.1 11.2 1.3
v 4.2 1.3 1.3
v 4.2 1.4 1.3
v 4.2 1.5 1.3
v 4.2 1.6 1.3
v 4.2 2.3 1.3
v 4.2 2.4 1.3
v 4.2 2.5 1.3
v 4.2 2.6 1.3
v 4.2 2.8 1.3
v 4.2 2.9 1.3
v 4.2 4.5 1.3
v 4.2 4.7 1.3
v 4.2 4.8 1.3
v 4.2 5 1.3
v 4.2 5.1 1.3
v 4.2 5.2 1.3
v 4.2 5.3 1.3
v 4.2 5.4 1.3
v 4.2 5.6 1.3
v 4.2 5.8 1.3
v 4.2 6.1 1.3
v 4.2 6.2 1.3
v 4.2 6.3 1.3
v 4.2 7.2 1.3
v 4.2 7.3 1.3
v 4.2 7.4 1.3
v 4.2 7.7 1.3
v 4.2 7.8 1.3
v 4.2 7.9 1.3
v 4.2 8.1 1.3
v 4.2 8.2 1.3
v 4.2 8.6 1.3
v 4.2 10.4 1.3
v 4.2 10.9 1.3
v 4.2 11 1.3
v 4.2 11.1 1.3
v 4.2 11.2 1.3
v 4.2 11.3 1.3
v 4.2 11.4 1.3
v 4.3 1.2 1.3
v 4.3 1.3 1.3
v 4.3 1.4 1.3
v 4.3 1.5 1.3
v 4.3 1.7 1.3
v 4.3 1.8 1.3
v 4.3 1.9 1.3
v 4.3 2.4 1.3
v 4.3 2.5 1.3
v 4.3 2.8 1.3
v 4.3 2.9 1.3
v 4.3 4.4 1.3
v 4.3 4.6 1.3
v 4.3 4.7 1.3
v 4.3 5.1 1.3
v 4.3 5.2 1.3
v 4.3 5.3 1.3
v 4.3 5.4 1.3
v 4.3 5.5 1.3
v 4.3 5.6 1.3
v 4.3 5.8 1.3
v 4.3 6 1.3
v 4.3 6.1 1.3
v 4.3 7.2 1.3
v 4.3 7.3 1.3
v 4.3 7.4 1.3
v 4.3 7.5 1.3
v 4.3 7.6 1.3
v 4.3 7.7 1.3
v 4.3 8.4 1.3
v 4.3 8.6 1.3
v 4.3 8.8 1.3
v 4.3 9 1.3
v 4.3 9.2 1.3
v 4.3 9.4 1.3
v 4.3 9.6 1.3
v 4.3 9.8 1.3
v 4.3 10 1.3
v 4.3 10.2 1.3
v 4.3 10.4 1.3
v 4.3 10.5 1.3
v 4.3 10.6 1.3
v 4.3 11.1 1.3
v 4.3 11.2 1.3
v 4.4 2.4 1.3
v 4.4 2.5 1.3
v 4.4 2.7 1.3
v 4.4 2.8 1.3
v 4.4 3 1.3
v 4.4 3.1 1.3
v 4.4 3.9 1.3
v 4.4 4 1.3
v 4.4 4.1 1.3
v 4.4 4.2 1.3
v 4.4 4.3 1.3
v 4.4 4.4 1.3
v 4.4 4.6 1.3
v 4.4 5.2 1.3
v 4.4 5.5 1.3
v 4.4 5.6 1.3
v 4.4 5.8 1.3
v 4.4 6.1 1.3
v 4.4 6.2 1.3
v 4.4 6.3 1.3
v 4.4 6.5 1.3
v 4.4 6.6 1.3
v 4.4 6.7 1.3
v 4.4 7.4 1.3
v 4.4 7.5 1.3
v 4.4 7.6 1.3
v 4.4 8.1 1.3
v 4.4 8.3 1.3
v 4.4 8.4 1.3
v 4.4 8.8 1.3
v 4.4 8.9 1.3
v 4.4 10.8 1.3
v 4.4 10.9 1.3
v 4.4 11 1.3
v 4.4 11.3 1.3
v 4.4 11.4 1.3
v 4.5 1.4 1.3
v 4.5 1.6 1.3
v 4.5 1.7 1.3
v 4.5 1.8 1.3
v 4.5 1.9 1.3
v 4.5 2 1.3
v 4.5 2.2 1.3
v 4.5 2.3 1.3
v 4.5 2.4 1.3
v 4.5 2.5 1.3
v 4.5 2.7 1.3
v 4.5 2.8 1.3
v 4.5 3.9 1.3
v 4.5 4 1.3
v 4.5 4.4 1.3
v 4.5 4.6 1.3
v 4.5 5.6 1.3
v 4.5 5.8 1.3
v 4.5 7 1.3
v 4.5 7.1 1.3
v 4.5 7.5 1.3
v 4.5 7.6 1.3
v 4.5 7.7 1.3
v 4.5 8 1.3
v 4.5 8.1 1.3
v 4.5 8.2 1.3
v 4.5 8.8 1.3
v 4.5 8.9 1.3
v 4.5 11 1.3
v 4.5 11.1 1.3
v 4.5 11.2 1.3
v 4.6 1.5 1.3
v 4.6 1.6 1.3
v 4.6 1.8 1.3
v 4.6 1.9 1.3
v 4.6 2.5 1.3
v 4.6 2.6 1.3
v 4.6 5.9 1.3
v 4.6 6 1.3
v 4.6 6.4 1.3
v 4.6 6.5 1.3
v 4.6 6.6 1.3
v 4.6 6.8 1.3
v 4.6 7 1.3
v 4.6 7.1 1.3
v 4.6 7.2 1.3
v 4.6 7.6 1.3
v 4.6 7.7 1.3
v 4.6 7.8 1.3
v 4.6 7.9 1.3
v 4.6 8.1 1.3
v 4.6 8.2 1.3
v 4.6 8.3 1.3
v 4.6 8.5 1.3
v 4.6 8.6 1.3
v 4.6 8.8 1.3
v 4.6 8.9 1.3
v 4.6 9 1.3
v 4.6 9.2 1.3
v 4.6 9.4 1.3
v 4.6 9.6 1.3
v 4.6 9.8 1.3
v 4.6 10 1.3
v 4.6 10.2 1.3
v 4.6 10.4 1.3
v 4.6 10.5 1.3
v 4.6 10.6 1.3
v 4.6 10.8 1.3
v 4.6 10.9 1.3
v 4.6 11 1.3
v 4.6 11.1 1.3
v 4.6 11.2 1.3
v 4.6 11.3 1.3
v 4.7 1.3 1.3
v 4.7 1.4 1.3
v 4.7 1.6 1.3
v 4.7 1.7 1.3
v 4.7 1.9 1.3
v 4.7 2 1.3
v 4.7 2.2 1.3
v 4.7 2.3 1.3
v 4.7 2.6 1.3
v 4.7 2.7 1.3
v 4.7 4 1.3
v 4.7 4.1 1.3
v 4.7 4.2 1.3
v 4.7 4.3 1.3
v 4.7 4.4 1.3
v 4.7 4.6 1.3
v 4.7 5.9 1.3
v 4.7 6 1.3
v 4.7 6.2 1.3
v 4.7 6.3 1.3
v 4.7 6.4 1.3
v 4.7 6.9 1.3
v 4.7 7 1.3
v 4.7 7.2 1.3
v 4.7 7.3 1.3
v 4.7 7.4 1.3
v 4.7 7.7 1.3
v 4.7 7.8 1.3
v 4.7 7.9 1.3
v 4.7 8 1.3
v 4.7 8.1 1.3
v 4.7 8.2 1.3
v 4.7 8.3 1.3
v 4.7 8.5 1.3
v 4.7 8.6 1.3
v 4.7 8.8 1.3
v 4.7 8.9 1.3
v 4.7 9 1.3
v 4.7 9.1 1.3
v 4.7 9.2 1.3
v 4.7 9.3 1.3
v 4.7 10.2 1.3
v 4.7 10.3 1.3
v 4.7 10.4 1.3
v 4.7 10.5 1.3
v 4.7 10.6 1.3
v 4.7 10.7 1.3
v 4.7 10.8 1.3
v 4.7 11.1 1.3
v 4.7 11.3 1.3
v 4.8 1.2 1.3
v 4.8 1.3 1.3
v 4.8 1.4 1.3
v 4.8 1.5 1.3
v 4.8 1.6 1.3
v 4.8 1.7 1.3
v 4.8 1.8 1.3
v 4.8 2.1 1.3
v 4.8 2.2 1.3
v 4.8 2.3 1.3
v 4.8 2.4 1.3
v 4.8 2.5 1.3
v 4.8 2.7 1.3
v 4.8 2.9 1.3
v 4.8 4 1.3
v 4.8 4.1 1.3
v 4.8 4.2 1.3
v 4.8 6.3 1.3
v 4.8 6.4 1.3
v 4.8 6.5 1.3
v 4.8 6.9 1.3
v 4.8 7 1.3
v 4.8 7.1 1.3
v 4.8 7.2 1.3
v 4.8 7.5 1.3
v 4.8 7.6 1.3
v 4.8 7.8 1.3
v 4.8 7.9 1.3
v 4.8 8.1 1.3
v 4.8 8.2 1.3
v 4.8 8.3 1.3
v 4.8 8.4 1.3
v 4.8 9 1.3
v 4.8 9.1 1.3
v 4.8 9.2 1.3
v 4.8 10.7 1.3
v 4.8 10.8 1.3
v 4.8 11.4 1.3
v 4.8 11.5 1.3
v 4.9 0.3 1.3
v 4.9 1.2 1.3
v 4.9 1.4 1.3
v 4.9 1.5 1.3
v 4.9 1.6 1.3
v 4.9 1.7 1.3
v 4.9 2 1.3
v 4.9 2.1 1.3
v 4.9 2.2 1.3
v 4.9 2.3 1.3
v 4.9 2.4 1.3
v 4.9 2.9 1.3
v 4.9 3.1 1.3
v 4.9 4.1 1.3
v 4.9 6.4 1.3
v 4.9 6.8 1.3
v 4.9 6.9 1.3
v 4.9 7.1 1.3
v 4.9 7.5 1.3
v 4.9 7.9 1.3
v 4.9 8 1.3
v 4.9 8.1 1.3
v 4.9 8.4 1.3
v 4.9 8.5 1.3
v 4.9 8.6 1.3
v 4.9 8.8 1.3
v 4.9 9 1.3
v 4.9 9.1 1.3
v 4.9 9.2 1.3
v 4.9 9.3 1.3
v 4.9 10.2 1.3
v 4.9 10.3 1.3
v 4.9 10.5 1.3
v 4.9 10.6 1.3
v 4.9 10.7 1.3
v 4.9 10.8 1.3
v 4.9 11.5 1.3
v 5 0.2 1.3
v 5 11.6 1.3
v -5.1 1.9 1.2
v -5.1 2 1.2
v -5.1 2.1 1.2
v -5.1 2.2 1.2
v -5.1 2.3 1.2
v -5.1 2.4 1.2
v -5 1.9 1.2
v -5 2 1.2
v -5 2.1 1.2
v -5 2.2 1.2
v -5 2.3 1.2
v -5 2.4 1.2
v -0.7 2 -0.9
v -0.7 2.1 -0.9
v -0.7 2.9 -0.9
v -0.6 2.1 -0.9
v -0.6 2.2 -0.9
v -0.5 2 -0.9
v -0.5 2.2 -0.9
v -0.5 2.9 -0.9
v -0.3 4.6 -0.9
v -0.3 4.8 -0.9
v -0.2 4.6 -0.9
v -0.2 4.8 -0.9
v 3.5 1.9 -0.9
v 3.5 2.9 -0.9
v 3.8 1.9 -0.9
v 3.8 2.9 -0.9
v 4.4 3.4 -0.9
v 4.4 4.3 -0.9
v 4.4 6.8 -0.9
v 4.4 7 -0.9
v 4.4 7.2 -0.9
v 4.4 7.5 -0.9
v 4.4 7.7 -0.9
v 4.4 8.7 -0.9
v 4.5 4.3 -0.9
v 4.5 4.4 -0.9
v 4.5 4.7 -0.9
v 4.5 4.9 -0.9
v 4.5 6 -0.9
v 4.5 6.1 -0.9
v 4.5 6.7 -0.9
v 4.5 6.8 -0.9
v 4.6 4.4 -0.9
v 4.6 4.5 -0.9
v 4.6 4.9 -0.9
v 4.6 5 -0.9
v 4.6 5.5 -0.9
v 4.6 5.6 -0.9
v 4.6 5.8 -0.9
v 4.6 5.9 -0.9
v 4.6 6.4 -0.9
v 4.6 6.7 -0.9
v 4.6 6.9 -0.9
v 4.6 7 -0.9
v 4.6 7.1 -0.9
v 4.6 7.2 -0.9
v 4.6 7.5 -0.9
v 4.6 7.7 -0.9
v 4.7 4.5 -0.9
v 4.7 4.7 -0.9
v 4.7 5.3 -0.9
v 4.7 5.5 -0.9
v 4.7 5.9 -0.9
v 4.7 6 -0.9
v 4.7 6.1 -0.9
v 4.7 6.2 -0.9
v 4.8 5.1 -0.9
v 4.8 5.3 -0.9
v 4.8 5.6 -0.9
v 4.8 5.8 -0.9
v 4.8 6.2 -0.9
v 4.8 6.4 -0.9
v 4.8 6.9 -0.9
v 4.8 7 -0.9
v 4.9 3.4 -0.9
v 4.9 5 -0.9
v 4.9 5.1 -0.9
v 4.9 7 -0.9
v 4.9 7.1 -0.9
v 4.9 8.7 -0.9
v -0.7 2 -0.8
v -0.7 2.9 -0.8
v -0.5 2 -0.8
v -0.5 2.9 -0.8
v -0.3 4.6 -0.8
v -0.3 4.8 -0.8
v -0.2 4.6 -0.8
v -0.2 4.8 -0.8
v 3.5 1.9 -0.8
v 3.5 2.9 -0.8
v 3.8 1.9 -0.8
v 3.8 2.9 -0.8
v 4.4 3.4 -0.8
v 4.4 8.7 -0.8
v 4.9 3.4 -0.8
v 4.9 8.7 -0.8
v -5.1 0.2 -1
v -5.1 11.6 -1
v -5 0.3 -1
v -5 0.4 -1
v -5 0.5 -1
v -5 0.6 -1
v -5 0.7 -1
v -5 1.1 -1
v -5 1.2 -1
v -5 1.6 -1
v -5 1.8 -1
v -5 2.1 -1
v -5 2.2 -1
v -5 2.4 -1
v -5 2.7 -1
v -5 6.9 -1
v -5 7.1 -1
v -5 7.4 -1
v -5 7.5 -1
v -5 7.6 -1
v -5 7.7 -1
v -5 7.8 -1
v -5 8.2 -1
v -5 8.3 -1
v -5 8.6 -1
v -5 8.7 -1
v -5 8.8 -1
v -5 8.9 -1
v -5 9 -1
v -5 10.4 -1
v -5 10.5 -1
v -5 10.6 -1
v -5 10.7 -1
v -5 11.3 -1
v -5 11.5 -1
v -4.9 0.5 -1
v -4.9 0.6 -1
v -4.9 0.7 -1
v -4.9 0.8 -1
v -4.9 1.6 -1
v -4.9 1.7 -1
v -4.9 1.8 -1
v -4.9 1.9 -1
v -4.9 2.1 -1
v -4.9 2.2 -1
v -4.9 6.9 -1
v -4.9 7 -1
v -4.9 7.1 -1
v -4.9 7.4 -1
v -4.9 7.5 -1
v -4.9 8.6 -1
v -4.9 8.7 -1
v -4.9 9.2 -1
v -4.9 9.3 -1
v -4.9 10.4 -1
v -4.9 10.5 -1
v -4.9 10.6 -1
v -4.9 10.7 -1
v -4.9 11.3 -1
v -4.9 11.4 -1
v -4.8 0.4 -1
v -4.8 0.5 -1
v -4.8 0.6 -1
v -4.8 0.7 -1
v -4.8 0.8 -1
v -4.8 1 -1
v -4.8 1.8 -1
v -4.8 1.9 -1
v -4.8 6.5 -1
v -4.8 6.8 -1
v -4.8 8.8 -1
v -4.8 8.9 -1
v -4.8 9.1 -1
v -4.8 9.2 -1
v -4.8 9.3 -1
v -4.8 9.4 -1
v -4.8 10.4 -1
v -4.8 10.5 -1
v -4.8 10.6 -1
v -4.7 1.1 -1
v -4.7 1.2 -1
v -4.7 1.3 -1
v -4.7 1.6 -1
v -4.7 1.7 -1
v -4.7 1.8 -1
v -4.7 2.7 -1
v -4.7 2.8 -1
v -4.7 6.5 -1
v -4.7 6.7 -1
v -4.7 7.3 -1
v -4.7 7.5 -1
v -4.7 8.8 -1
v -4.7 8.9 -1
v -4.7 9.2 -1
v -4.7 9.4 -1
v -4.7 9.7 -1
v -4.7 10.3 -1
v -4.7 11.3 -1
v -4.7 11.4 -1
v -4.7 11.5 -1
v -4.6 0.8 -1
v -4.6 1 -1
v -4.6 1.1 -1
v -4.6 1.5 -1
v -4.6 1.6 -1
v -4.6 1.7 -1
v -4.6 1.8 -1
v -4.6 2.1 -1
v -4.6 2.4 -1
v -4.6 6.7 -1
v -4.6 6.8 -1
v -4.6 7 -1
v -4.6 7.1 -1
v -4.6 7.8 -1
v -4.6 7.9 -1
v -4.6 8.4 -1
v -4.6 8.5 -1
v -4.6 8.9 -1
v -4.6 9 -1
v -4.6 9.7 -1
v -4.6 10.1 -1
v -4.6 10.3 -1
v -4.6 10.7 -1
v -4.5 0.5 -1
v -4.5 0.6 -1
v -4.5 1.1 -1
v -4.5 1.2 -1
v -4.5 1.3 -1
v -4.5 1.4 -1
v -4.5 1.6 -1
v -4.5 1.7 -1
v -4.5 1.8 -1
v -4.5 1.9 -1
v -4.5 6.9 -1
v -4.5 7 -1
v -4.5 7.1 -1
v -4.5 7.2 -1
v -4.5 8.8 -1
v -4.5 8.9 -1
v -4.5 9.4 -1
v -4.5 9.7 -1
v -4.5 10 -1
v -4.5 10.1 -1
v -4.5 10.2 -1
v -4.5 10.3 -1
v -4.5 10.7 -1
v -4.5 10.8 -1
v -4.5 11.1 -1
v -4.5 11.2 -1
v -4.4 0.4 -1
v -4.4 0.5 -1
v -4.4 0.6 -1
v -4.4 0.7 -1
v -4.4 1 -1
v -4.4 1.1 -1
v -4.4 1.2 -1
v -4.4 1.3 -1
v -4.4 1.6 -1
v -4.4 1.7 -1
v -4.4 1.8 -1
v -4.4 1.9 -1
v -4.4 2 -1
v -4.4 2.7 -1
v -4.4 2.8 -1
v -4.4 7.6 -1
v -4.4 7.7 -1
v -4.4 9 -1
v -4.4 9.1 -1
v -4.4 9.2 -1
v -4.4 9.4 -1
v -4.4 9.7 -1
v -4.4 10 -1
v -4.4 10.2 -1
v -4.4 10.3 -1
v -4.4 10.8 -1
v -4.4 11.1 -1
v -4.4 11.2 -1
v -4.2 0.6 -1
v -4.2 0.7 -1
v -4.2 0.8 -1
v -4.2 1.3 -1
v -4.2 1.4 -1
v -4.2 1.7 -1
v -4.2 1.8 -1
v -4.2 1.9 -1
v -4.2 2 -1
v -4.2 2.1 -1
v -4.2 7.5 -1
v -4.2 7.6 -1
v -4.2 9 -1
v -4.2 9.1 -1
v -4.2 9.3 -1
v -4.2 9.7 -1
v -4.2 9.8 -1
v -4.2 10 -1
v -4.2 10.4 -1
v -4.2 10.6 -1
v -4.2 11 -1
v -4.2 11.2 -1
v -4.2 11.3 -1
v -4.2 11.4 -1
v -4.2 11.5 -1
v -4.1 0.5 -1
v -4.1 0.7 -1
v -4.1 1.4 -1
v -4.1 1.5 -1
v -4.1 1.8 -1
v -4.1 1.9 -1
v -4.1 7.6 -1
v -4.1 7.7 -1
v -4.1 7.8 -1
v -4.1 7.9 -1
v -4.1 8.1 -1
v -4.1 8.2 -1
v -4.1 8.3 -1
v -4.1 9.7 -1
v -4.1 9.8 -1
v -4.1 10 -1
v -4.1 10.4 -1
v -4.1 10.6 -1
v -4.1 11 -1
v -4 0.7 -1
v -4 0.8 -1
v -4 1 -1
v -4 1.1 -1
v -4 1.2 -1
v -4 1.3 -1
v -4 1.4 -1
v -4 1.5 -1
v -4 1.6 -1
v -4 1.7 -1
v -4 1.9 -1
v -4 2 -1
v -4 7.5 -1
v -4 7.6 -1
v -4 8.8 -1
v -4 8.9 -1
v -4 9.3 -1
v -4 9.4 -1
v -4 9.6 -1
v -4 9.7 -1
v -4 10 -1
v -4 10.1 -1
v -4 10.6 -1
v -4 10.8 -1
v -4 11.1 -1
v -3.9 1.5 -1
v -3.9 1.6 -1
v -3.9 1.7 -1
v -3.9 1.8 -1
v -3.9 6.9 -1
v -3.9 7 -1
v -3.9 7.6 -1
v -3.9 7.7 -1
v -3.9 7.8 -1
v -3.9 8.2 -1
v -3.9 8.3 -1
v -3.9 8.8 -1
v -3.9 8.9 -1
v -3.9 9.1 -1
v -3.9 9.2 -1
v -3.9 9.6 -1
v -3.9 9.9 -1
v -3.9 10 -1
v -3.9 10.1 -1
v -3.9 10.6 -1
v -3.9 10.8 -1
v -3.9 11.1 -1
v -3.9 11.2 -1
v -3.9 11.3 -1
v -3.8 0.8 -1
v -3.8 1 -1
v -3.8 1.1 -1
v -3.8 1.2 -1
v -3.8 1.3 -1
v -3.8 1.4 -1
v -3.8 1.7 -1
v -3.8 1.8 -1
v -3.8 7.6 -1
v -3.8 7.7 -1
v -3.8 8.1 -1
v -3.8 8.2 -1
v -3.8 9.8 -1
v -3.8 9.9 -1
v -3.8 10 -1
v -3.8 10.1 -1
v -3.8 10.6 -1
v -3.8 11.3 -1
v -3.8 11.4 -1
v -3.8 11.5 -1
v -3.7 0.4 -1
v -3.7 0.5 -1
v -3.7 1 -1
v -3.7 1.1 -1
v -3.7 1.8 -1
v -3.7 1.9 -1
v -3.7 7.6 -1
v -3.7 7.7 -1
v -3.7 7.8 -1
v -3.7 8.1 -1
v -3.7 8.2 -1
v -3.7 8.8 -1
v -3.7 8.9 -1
v -3.7 9 -1
v -3.7 9.2 -1
v -3.7 9.3 -1
v -3.7 9.4 -1
v -3.7 9.6 -1
v -3.7 9.7 -1
v -3.7 9.8 -1
v -3.7 9.9 -1
v -3.7 10 -1
v -3.7 10.5 -1
v -3.7 10.6 -1
v -3.7 10.7 -1
v -3.7 11 -1
v -3.6 0.5 -1
v -3.6 0.6 -1
v -3.6 1.1 -1
v -3.6 1.2 -1
v -3.6 1.5 -1
v -3.6 1.6 -1
v -3.6 1.7 -1
v -3.6 1.8 -1
v -3.6 1.9 -1
v -3.6 2 -1
v -3.6 2.1 -1
v -3.6 9.6 -1
v -3.6 9.7 -1
v -3.6 9.8 -1
v -3.6 9.9 -1
v -3.6 10.3 -1
v -3.6 10.5 -1
v -3.6 10.7 -1
v -3.6 10.8 -1
v -3.6 11 -1
v -3.6 11.1 -1
v -3.6 11.2 -1
v -3.5 0.6 -1
v -3.5 0.7 -1
v -3.5 1.3 -1
v -3.5 1.4 -1
v -3.5 1.7 -1
v -3.5 1.8 -1
v -3.5 2.7 -1
v -3.5 2.8 -1
v -3.5 8.2 -1
v -3.5 8.3 -1
v -3.5 8.8 -1
v -3.5 8.9 -1
v -3.5 9.2 -1
v -3.5 9.3 -1
v -3.5 9.4 -1
v -3.5 10.3 -1
v -3.5 10.8 -1
v -3.5 11 -1
v -3.5 11.2 -1
v -3.5 11.3 -1
v -3.5 11.4 -1
v -3.4 0.4 -1
v -3.4 0.5 -1
v -3.4 1.1 -1
v -3.4 1.2 -1
v -3.4 1.3 -1
v -3.4 1.4 -1
v -3.4 1.5 -1
v -3.4 1.6 -1
v -3.4 1.7 -1
v -3.4 1.8 -1
v -3.4 1.9 -1
v -3.4 2.7 -1
v -3.4 2.8 -1
v -3.4 7 -1
v -3.4 7.1 -1
v -3.4 7.2 -1
v -3.4 7.3 -1
v -3.4 7.5 -1
v -3.4 7.6 -1
v -3.4 7.7 -1
v -3.4 7.8 -1
v -3.4 8.1 -1
v -3.4 8.8 -1
v -3.4 8.9 -1
v -3.4 9.3 -1
v -3.4 9.4 -1
v -3.4 11 -1
v -3.4 11.1 -1
v -3.3 0.4 -1
v -3.3 0.5 -1
v -3.3 0.7 -1
v -3.3 0.8 -1
v -3.3 1 -1
v -3.3 1.1 -1
v -3.3 1.4 -1
v -3.3 1.5 -1
v -3.3 1.6 -1
v -3.3 1.9 -1
v -3.3 2.1 -1
v -3.3 6.8 -1
v -3.3 6.9 -1
v -3.3 7 -1
v -3.3 7.1 -1
v -3.3 7.2 -1
v -3.3 7.3 -1
v -3.3 7.4 -1
v -3.3 7.5 -1
v -3.3 7.6 -1
v -3.3 7.8 -1
v -3.3 8.2 -1
v -3.3 8.3 -1
v -3.3 8.4 -1
v -3.3 8.8 -1
v -3.3 8.9 -1
v -3.3 9 -1
v -3.3 9.2 -1
v -3.3 9.3 -1
v -3.2 0.5 -1
v -3.2 0.6 -1
v -3.2 0.8 -1
v -3.2 1 -1
v -3.2 1.1 -1
v -3.2 1.2 -1
v -3.2 1.4 -1
v -3.2 1.5 -1
v -3.2 2.4 -1
v -3.2 2.6 -1
v -3.2 2.7 -1
v -3.2 6.7 -1
v -3.2 6.8 -1
v -3.2 7 -1
v -3.2 7.1 -1
v -3.2 7.3 -1
v -3.2 7.4 -1
v -3.2 7.5 -1
v -3.2 7.7 -1
v -3.2 7.8 -1
v -3.2 8.4 -1
v -3.2 8.5 -1
v -3.2 9.9 -1
v -3.2 10 -1
v -3.2 10.3 -1
v -3.1 0.5 -1
v -3.1 0.6 -1
v -3.1 0.7 -1
v -3.1 1.2 -1
v -3.1 1.3 -1
v -3.1 1.4 -1
v -3.1 1.5 -1
v -3.1 1.6 -1
v -3.1 1.7 -1
v -3.1 1.8 -1
v -3.1 1.9 -1
v -3.1 6.8 -1
v -3.1 6.9 -1
v -3.1 7.8 -1
v -3.1 8.1 -1
v -3.1 8.3 -1
v -3.1 8.4 -1
v -3.1 9.6 -1
v -3.1 9.9 -1
v -3.1 10 -1
v -3.1 10.3 -1
v -3.1 11.1 -1
v -3.1 11.2 -1
v -3.1 11.3 -1
v -3.1 11.4 -1
v -3.1 11.5 -1
v -3 0.4 -1
v -3 0.5 -1
v -3 1.4 -1
v -3 1.5 -1
v -3 2.7 -1
v -3 2.8 -1
v -3 6.7 -1
v -3 6.8 -1
v -3 7.8 -1
v -3 8.1 -1
v -3 9.1 -1
v -3 9.2 -1
v -3 9.4 -1
v -3 9.6 -1
v -3 9.9 -1
v -3 10 -1
v -3 10.3 -1
v -3 10.4 -1
v -2.8 0.6 -1
v -2.8 0.7 -1
v -2.8 0.8 -1
v -2.8 1 -1
v -2.8 1.1 -1
v -2.8 1.3 -1
v -2.8 1.4 -1
v -2.8 1.5 -1
v -2.8 1.8 -1
v -2.8 1.9 -1
v -2.8 2 -1
v -2.8 2.7 -1
v -2.8 2.8 -1
v -2.8 6.5 -1
v -2.8 6.8 -1
v -2.8 9.1 -1
v -2.8 9.2 -1
v -2.8 9.3 -1
v -2.8 9.6 -1
v -2.8 9.9 -1
v -2.8 10 -1
v -2.8 10.3 -1
v -2.8 10.4 -1
v -2.8 10.6 -1
v -2.8 10.8 -1
v -2.8 11.1 -1
v -2.8 11.2 -1
v -2.7 0.8 -1
v -2.7 1 -1
v -2.7 1.6 -1
v -2.7 1.7 -1
v -2.7 1.8 -1
v -2.7 2.6 -1
v -2.7 2.7 -1
v -2.7 6.7 -1
v -2.7 6.8 -1
v -2.7 7.1 -1
v -2.7 7.4 -1
v -2.7 7.6 -1
v -2.7 8.1 -1
v -2.7 8.8 -1
v -2.7 8.9 -1
v -2.7 9.3 -1
v -2.7 9.4 -1
v -2.7 9.6 -1
v -2.7 10.5 -1
v -2.7 10.6 -1
v -2.7 10.8 -1
v -2.7 11 -1
v -2.7 11.3 -1
v -2.7 11.4 -1
v -2.7 11.5 -1
v -2.6 0.5 -1
v -2.6 0.6 -1
v -2.6 0.7 -1
v -2.6 0.8 -1
v -2.6 1.9 -1
v -2.6 2 -1
v -2.6 2.7 -1
v -2.6 2.8 -1
v -2.6 6.5 -1
v -2.6 6.7 -1
v -2.6 7 -1
v -2.6 7.1 -1
v -2.6 7.3 -1
v -2.6 7.4 -1
v -2.6 7.5 -1
v -2.6 7.7 -1
v -2.6 7.9 -1
v -2.6 8.1 -1
v -2.6 8.2 -1
v -2.6 8.4 -1
v -2.6 8.6 -1
v -2.6 10.6 -1
v -2.6 10.8 -1
v -2.6 11 -1
v -2.5 1 -1
v -2.5 1.1 -1
v -2.5 1.4 -1
v -2.5 1.5 -1
v -2.5 1.6 -1
v -2.5 1.7 -1
v -2.5 1.8 -1
v -2.5 1.9 -1
v -2.5 2 -1
v -2.5 2.1 -1
v -2.5 2.2 -1
v -2.5 2.4 -1
v -2.5 2.8 -1
v -2.5 2.9 -1
v -2.5 6.5 -1
v -2.5 6.7 -1
v -2.5 7.1 -1
v -2.5 7.3 -1
v -2.5 7.4 -1
v -2.5 7.7 -1
v -2.5 7.9 -1
v -2.5 8.1 -1
v -2.5 8.4 -1
v -2.5 8.5 -1
v -2.5 8.8 -1
v -2.5 8.9 -1
v -2.5 11.2 -1
v -2.5 11.3 -1
v -2.5 11.4 -1
v -2.4 0.6 -1
v -2.4 0.7 -1
v -2.4 0.8 -1
v -2.4 1 -1
v -2.4 1.9 -1
v -2.4 2 -1
v -2.4 2.4 -1
v -2.4 2.5 -1
v -2.4 3.1 -1
v -2.4 3.3 -1
v -2.4 7.1 -1
v -2.4 7.2 -1
v -2.4 7.3 -1
v -2.4 7.4 -1
v -2.4 7.7 -1
v -2.4 7.8 -1
v -2.4 7.9 -1
v -2.4 8.1 -1
v -2.4 8.9 -1
v -2.4 9 -1
v -2.4 10.5 -1
v -2.4 10.6 -1
v -2.4 10.8 -1
v -2.4 11 -1
v -2.3 1.1 -1
v -2.3 1.2 -1
v -2.3 1.5 -1
v -2.3 1.6 -1
v -2.3 1.7 -1
v -2.3 1.8 -1
v -2.3 1.9 -1
v -2.3 7.2 -1
v -2.3 7.3 -1
v -2.3 7.8 -1
v -2.3 7.9 -1
v -2.3 8.6 -1
v -2.3 8.7 -1
v -2.3 8.9 -1
v -2.3 9 -1
v -2.3 11.2 -1
v -2.3 11.3 -1
v -2.3 11.4 -1
v -2.3 11.5 -1
v -2.2 1 -1
v -2.2 1.1 -1
v -2.2 2.8 -1
v -2.2 2.9 -1
v -2.2 4 -1
v -2.2 4.1 -1
v -2.2 4.5 -1
v -2.2 4.6 -1
v -2.2 5.1 -1
v -2.2 5.5 -1
v -2.2 6.5 -1
v -2.2 6.7 -1
v -2.2 6.8 -1
v -2.2 6.9 -1
v -2.2 7.2 -1
v -2.2 7.3 -1
v -2.2 7.8 -1
v -2.2 7.9 -1
v -2.2 8.7 -1
v -2.2 8.8 -1
v -2.2 9 -1
v -2.2 9.1 -1
v -2.2 9.3 -1
v -2.2 9.6 -1
v -2.2 10.5 -1
v -2.2 10.6 -1
v -2.2 10.8 -1
v -2.1 0.7 -1
v -2.1 0.8 -1
v -2.1 1.2 -1
v -2.1 1.3 -1
v -2.1 1.4 -1
v -2.1 1.5 -1
v -2.1 1.6 -1
v -2.1 1.7 -1
v -2.1 1.8 -1
v -2.1 2.2 -1
v -2.1 2.4 -1
v -2.1 2.5 -1
v -2.1 2.7 -1
v -2.1 2.8 -1
v -2.1 3.3 -1
v -2.1 3.4 -1
v -2.1 3.7 -1
v -2.1 3.9 -1
v -2.1 4 -1
v -2.1 4.1 -1
v -2.1 4.2 -1
v -2.1 4.5 -1
v -2.1 4.6 -1
v -2.1 4.8 -1
v -2.1 5.5 -1
v -2.1 5.6 -1
v -2.1 5.7 -1
v -2.1 5.8 -1
v -2.1 6.5 -1
v -2.1 6.7 -1
v -2.1 7.2 -1
v -2.1 7.3 -1
v -2.1 7.8 -1
v -2.1 7.9 -1
v -2.1 9.2 -1
v -2.1 9.3 -1
v -2.1 9.6 -1
v -2.1 10.1 -1
v -2.1 10.3 -1
v -2.1 10.5 -1
v -2.1 10.6 -1
v -2.1 10.8 -1
v -2.1 11 -1
v -2.1 11.1 -1
v -2.1 11.4 -1
v -2.1 11.5 -1
v -2 1.1 -1
v -2 1.2 -1
v -2 1.5 -1
v -2 1.6 -1
v -2 3 -1
v -2 3.1 -1
v -2 3.3 -1
v -2 3.4 -1
v -2 3.5 -1
v -2 3.6 -1
v -2 3.9 -1
v -2 4 -1
v -2 5.4 -1
v -2 5.6 -1
v -2 5.9 -1
v -2 6 -1
v -2 6.5 -1
v -2 6.7 -1
v -2 7.2 -1
v -2 7.3 -1
v -2 7.8 -1
v -2 7.9 -1
v -2 8.2 -1
v -2 8.3 -1
v -2 8.5 -1
v -2 8.7 -1
v -2 8.8 -1
v -2 8.9 -1
v -2 9 -1
v -2 9.1 -1
v -2 9.2 -1
v -2 10.1 -1
v -2 10.3 -1
v -2 10.6 -1
v -2 10.8 -1
v -2 11.1 -1
v -2 11.5 -1
v -1.9 1.4 -1
v -1.9 1.5 -1
v -1.9 1.7 -1
v -1.9 1.8 -1
v -1.9 2.6 -1
v -1.9 2.7 -1
v -1.9 3.2 -1
v -1.9 3.3 -1
v -1.9 3.7 -1
v -1.9 3.9 -1
v -1.9 4.2 -1
v -1.9 4.3 -1
v -1.9 4.6 -1
v -1.9 4.7 -1
v -1.9 5 -1
v -1.9 5.1 -1
v -1.9 5.3 -1
v -1.9 5.4 -1
v -1.9 5.7 -1
v -1.9 5.8 -1
v -1.9 5.9 -1
v -1.9 6 -1
v -1.9 6.5 -1
v -1.9 6.7 -1
v -1.9 6.8 -1
v -1.9 6.9 -1
v -1.9 7 -1
v -1.9 7.1 -1
v -1.9 7.2 -1
v -1.9 7.3 -1
v -1.9 7.4 -1
v -1.9 7.5 -1
v -1.9 7.6 -1
v -1.9 7.7 -1
v -1.9 7.8 -1
v -1.9 7.9 -1
v -1.9 8.1 -1
v -1.9 8.5 -1
v -1.9 8.7 -1
v -1.9 9 -1
v -1.9 9.1 -1
v -1.9 9.2 -1
v -1.9 10 -1
v -1.9 10.8 -1
v -1.8 0.3 -1
v -1.8 0.4 -1
v -1.8 1 -1
v -1.8 1.1 -1
v -1.8 1.2 -1
v -1.8 1.3 -1
v -1.8 1.4 -1
v -1.8 1.7 -1
v -1.8 1.9 -1
v -1.8 2.2 -1
v -1.8 2.4 -1
v -1.8 3.4 -1
v -1.8 3.5 -1
v -1.8 3.6 -1
v -1.8 4.7 -1
v -1.8 4.8 -1
v -1.8 5 -1
v -1.8 5.1 -1
v -1.8 5.3 -1
v -1.8 5.5 -1
v -1.8 5.6 -1
v -1.8 6 -1
v -1.8 6.1 -1
v -1.8 6.2 -1
v -1.8 7 -1
v -1.8 7.1 -1
v -1.8 7.3 -1
v -1.8 7.4 -1
v -1.8 7.5 -1
v -1.8 7.6 -1
v -1.8 7.7 -1
v -1.8 7.9 -1
v -1.8 8.1 -1
v -1.8 8.2 -1
v -1.8 8.5 -1
v -1.8 8.7 -1
v -1.8 8.9 -1
v -1.8 9 -1
v -1.8 9.1 -1
v -1.8 9.2 -1
v -1.8 10 -1
v -1.8 10.6 -1
v -1.8 10.8 -1
v -1.8 11.3 -1
v -1.7 0.4 -1
v -1.7 0.5 -1
v -1.7 2.2 -1
v -1.7 2.4 -1
v -1.7 3.1 -1
v -1.7 3.2 -1
v -1.7 4.4 -1
v -1.7 4.5 -1
v -1.7 5 -1
v -1.7 5.1 -1
v -1.7 5.8 -1
v -1.7 5.9 -1
v -1.7 6 -1
v -1.7 6.1 -1
v -1.7 6.2 -1
v -1.7 6.8 -1
v -1.7 6.9 -1
v -1.7 8.2 -1
v -1.7 8.3 -1
v -1.7 8.9 -1
v -1.7 9 -1
v -1.7 9.1 -1
v -1.7 9.6 -1
v -1.7 10.6 -1
v -1.7 11.2 -1
v -1.7 11.3 -1
v -1.7 11.4 -1
v -1.6 0.3 -1
v -1.6 0.4 -1
v -1.6 0.8 -1
v -1.6 1 -1
v -1.6 1.1 -1
v -1.6 1.2 -1
v -1.6 1.3 -1
v -1.6 1.4 -1
v -1.6 1.5 -1
v -1.6 1.6 -1
v -1.6 1.7 -1
v -1.6 1.8 -1
v -1.6 2.8 -1
v -1.6 3 -1
v -1.6 3.2 -1
v -1.6 3.3 -1
v -1.6 4 -1
v -1.6 4.1 -1
v -1.6 4.2 -1
v -1.6 4.3 -1
v -1.6 4.4 -1
v -1.6 5 -1
v -1.6 5.1 -1
v -1.6 5.6 -1
v -1.6 5.8 -1
v -1.6 5.9 -1
v -1.6 6 -1
v -1.6 6.5 -1
v -1.6 6.7 -1
v -1.6 7.2 -1
v -1.6 7.3 -1
v -1.6 8.9 -1
v -1.6 9.1 -1
v -1.6 9.2 -1
v -1.6 9.3 -1
v -1.6 9.6 -1
v -1.6 9.7 -1
v -1.6 9.9 -1
v -1.6 10.7 -1
v -1.6 11.2 -1
v -1.6 11.3 -1
v -1.6 11.4 -1
v -1.6 11.5 -1
v -1.5 0.3 -1
v -1.5 0.4 -1
v -1.5 0.5 -1
v -1.5 0.6 -1
v -1.5 1.1 -1
v -1.5 1.2 -1
v -1.5 1.7 -1
v -1.5 1.8 -1
v -1.5 2.4 -1
v -1.5 2.5 -1
v -1.5 3.5 -1
v -1.5 3.6 -1
v -1.5 4.1 -1
v -1.5 4.2 -1
v -1.5 5.3 -1
v -1.5 5.4 -1
v -1.5 6.2 -1
v -1.5 6.3 -1
v -1.5 6.4 -1
v -1.5 6.5 -1
v -1.5 7.3 -1
v -1.5 7.7 -1
v -1.5 8.2 -1
v -1.5 8.3 -1
v -1.5 9.1 -1
v -1.5 9.2 -1
v -1.5 9.7 -1
v -1.5 9.9 -1
v -1.5 10.2 -1
v -1.5 10.7 -1
v -1.5 11.3 -1
v -1.5 11.4 -1
v -1.3 0.4 -1
v -1.3 0.5 -1
v -1.3 0.6 -1
v -1.3 0.7 -1
v -1.3 1 -1
v -1.3 1.1 -1
v -1.3 1.2 -1
v -1.3 3.1 -1
v -1.3 3.2 -1
v -1.3 3.3 -1
v -1.3 3.4 -1
v -1.3 3.6 -1
v -1.3 3.9 -1
v -1.3 4 -1
v -1.3 4.2 -1
v -1.3 4.3 -1
v -1.3 4.4 -1
v -1.3 4.5 -1
v -1.3 4.6 -1
v -1.3 4.7 -1
v -1.3 4.8 -1
v -1.3 4.9 -1
v -1.3 5 -1
v -1.3 5.3 -1
v -1.3 5.4 -1
v -1.3 5.5 -1
v -1.3 5.6 -1
v -1.3 5.7 -1
v -1.3 5.8 -1
v -1.3 5.9 -1
v -1.3 6 -1
v -1.3 6.1 -1
v -1.3 6.2 -1
v -1.3 6.3 -1
v -1.3 6.4 -1
v -1.3 6.5 -1
v -1.3 6.7 -1
v -1.3 6.8 -1
v -1.3 6.9 -1
v -1.3 7.2 -1
v -1.3 7.3 -1
v -1.3 7.4 -1
v -1.3 7.5 -1
v -1.3 7.6 -1
v -1.3 7.7 -1
v -1.3 7.8 -1
v -1.3 8.2 -1
v -1.3 8.4 -1
v -1.3 8.7 -1
v -1.3 8.8 -1
v -1.3 8.9 -1
v -1.3 9.2 -1
v -1.3 9.3 -1
v -1.3 9.4 -1
v -1.3 9.6 -1
v -1.3 9.8 -1
v -1.3 10 -1
v -1.3 10.2 -1
v -1.3 10.7 -1
v -1.3 11.4 -1
v -1.2 0.4 -1
v -1.2 0.5 -1
v -1.2 1.1 -1
v -1.2 1.2 -1
v -1.2 1.4 -1
v -1.2 1.5 -1
v -1.2 1.6 -1
v -1.2 2.5 -1
v -1.2 2.6 -1
v -1.2 3.1 -1
v -1.2 3.2 -1
v -1.2 3.4 -1
v -1.2 3.5 -1
v -1.2 3.6 -1
v -1.2 3.9 -1
v -1.2 4.2 -1
v -1.2 4.3 -1
v -1.2 4.4 -1
v -1.2 4.5 -1
v -1.2 4.7 -1
v -1.2 4.8 -1
v -1.2 4.9 -1
v -1.2 5 -1
v -1.2 5.4 -1
v -1.2 5.5 -1
v -1.2 5.7 -1
v -1.2 5.8 -1
v -1.2 5.9 -1
v -1.2 6 -1
v -1.2 6.1 -1
v -1.2 6.3 -1
v -1.2 6.5 -1
v -1.2 6.8 -1
v -1.2 7 -1
v -1.2 7.1 -1
v -1.2 7.2 -1
v -1.2 7.3 -1
v -1.2 7.4 -1
v -1.2 7.5 -1
v -1.2 7.6 -1
v -1.2 7.7 -1
v -1.2 8.4 -1
v -1.2 8.5 -1
v -1.2 8.6 -1
v -1.2 9.6 -1
v -1.2 9.8 -1
v -1.2 10 -1
v -1.2 10.2 -1
v -1.2 10.3 -1
v -1.1 0.4 -1
v -1.1 0.5 -1
v -1.1 0.6 -1
v -1.1 0.7 -1
v -1.1 3 -1
v -1.1 3.2 -1
v -1.1 3.3 -1
v -1.1 3.4 -1
v -1.1 5 -1
v -1.1 5.3 -1
v -1.1 5.7 -1
v -1.1 5.8 -1
v -1.1 5.9 -1
v -1.1 6.3 -1
v -1.1 6.4 -1
v -1.1 6.5 -1
v -1.1 7.5 -1
v -1.1 7.6 -1
v -1.1 8.5 -1
v -1.1 8.6 -1
v -1.1 9 -1
v -1.1 9.1 -1
v -1.1 9.2 -1
v -1.1 9.7 -1
v -1.1 9.8 -1
v -1.1 10.2 -1
v -1.1 10.3 -1
v -1.1 10.5 -1
v -1 1 -1
v -1 1.1 -1
v -1 1.3 -1
v -1 1.4 -1
v -1 1.5 -1
v -1 1.6 -1
v -1 1.7 -1
v -1 1.8 -1
v -1 3.1 -1
v -1 3.2 -1
v -1 3.3 -1
v -1 3.4 -1
v -1 4.5 -1
v -1 4.6 -1
v -1 6.4 -1
v -1 6.5 -1
v -1 7 -1
v -1 7.1 -1
v -1 7.2 -1
v -1 8.2 -1
v -1 8.3 -1
v -1 8.6 -1
v -1 8.7 -1
v -1 8.8 -1
v -1 8.9 -1
v -1 9 -1
v -1 9.7 -1
v -1 9.8 -1
v -1 9.9 -1
v -1 10 -1
v -1 10.2 -1
v -1 10.3 -1
v -1 10.6 -1
v -1 10.8 -1
v -1 11.3 -1
v -0.9 0.5 -1
v -0.9 0.6 -1
v -0.9 0.7 -1
v -0.9 1 -1
v -0.9 1.1 -1
v -0.9 1.8 -1
v -0.9 1.9 -1
v -0.9 2.9 -1
v -0.9 3 -1
v -0.9 3.4 -1
v -0.9 3.5 -1
v -0.9 4 -1
v -0.9 4.1 -1
v -0.9 5 -1
v -0.9 5.3 -1
v -0.9 7 -1
v -0.9 7.1 -1
v -0.9 8.5 -1
v -0.9 8.6 -1
v -0.9 9 -1
v -0.9 9.1 -1
v -0.9 9.2 -1
v -0.9 9.4 -1
v -0.9 9.6 -1
v -0.9 9.9 -1
v -0.9 10 -1
v -0.9 10.6 -1
v -0.9 10.8 -1
v -0.9 11.3 -1
v -0.9 11.4 -1
v -0.8 1.5 -1
v -0.8 1.6 -1
v -0.8 1.7 -1
v -0.8 1.8 -1
v -0.8 2.7 -1
v -0.8 2.8 -1
v -0.8 3.5 -1
v -0.8 3.6 -1
v -0.8 5.8 -1
v -0.8 5.9 -1
v -0.8 6.4 -1
v -0.8 6.5 -1
v -0.8 7.1 -1
v -0.8 7.2 -1
v -0.8 8.2 -1
v -0.8 8.3 -1
v -0.8 8.4 -1
v -0.8 9.1 -1
v -0.8 9.2 -1
v -0.8 11.2 -1
v -0.8 11.3 -1
v -0.7 0.6 -1
v -0.7 0.7 -1
v -0.7 1 -1
v -0.7 2.1 -1
v -0.7 2.6 -1
v -0.7 2.7 -1
v -0.7 2.8 -1
v -0.7 3.3 -1
v -0.7 3.4 -1
v -0.7 3.6 -1
v -0.7 3.9 -1
v -0.7 4.6 -1
v -0.7 4.7 -1
v -0.7 5 -1
v -0.7 5.3 -1
v -0.7 8.4 -1
v -0.7 8.5 -1
v -0.7 10.3 -1
v -0.7 10.5 -1
v -0.7 10.8 -1
v -0.7 11 -1
v -0.7 11.3 -1
v -0.7 11.5 -1
v -0.6 1 -1
v -0.6 1.1 -1
v -0.6 1.3 -1
v -0.6 1.4 -1
v -0.6 1.5 -1
v -0.6 1.6 -1
v -0.6 1.7 -1
v -0.6 1.8 -1
v -0.6 1.9 -1
v -0.6 2.1 -1
v -0.6 2.2 -1
v -0.6 4 -1
v -0.6 4.1 -1
v -0.6 4.2 -1
v -0.6 4.5 -1
v -0.6 4.7 -1
v -0.6 5 -1
v -0.6 5.3 -1
v -0.6 5.4 -1
v -0.6 5.7 -1
v -0.6 5.9 -1
v -0.6 6.3 -1
v -0.6 6.5 -1
v -0.6 7 -1
v -0.6 7.1 -1
v -0.6 7.2 -1
v -0.6 7.5 -1
v -0.6 7.6 -1
v -0.6 7.7 -1
v -0.6 7.8 -1
v -0.6 8.7 -1
v -0.6 8.8 -1
v -0.6 9.8 -1
v -0.6 9.9 -1
v -0.6 11.1 -1
v -0.6 11.2 -1
v -0.5 0.7 -1
v -0.5 0.8 -1
v -0.5 1.4 -1
v -0.5 1.5 -1
v -0.5 2.2 -1
v -0.5 2.4 -1
v -0.5 2.6 -1
v -0.5 2.7 -1
v -0.5 3.2 -1
v -0.5 3.3 -1
v -0.5 3.4 -1
v -0.5 3.5 -1
v -0.5 3.6 -1
v -0.5 4.2 -1
v -0.5 7.5 -1
v -0.5 8.4 -1
v -0.5 8.5 -1
v -0.5 8.7 -1
v -0.5 8.8 -1
v -0.5 8.9 -1
v -0.5 9.1 -1
v -0.5 10.1 -1
v -0.5 10.2 -1
v -0.5 11 -1
v -0.5 11.1 -1
v -0.5 11.2 -1
v -0.5 11.3 -1
v -0.4 0.8 -1
v -0.4 1 -1
v -0.4 1.1 -1
v -0.4 1.2 -1
v -0.4 2.4 -1
v -0.4 2.6 -1
v -0.4 2.7 -1
v -0.4 2.8 -1
v -0.4 3.1 -1
v -0.4 3.4 -1
v -0.4 3.5 -1
v -0.4 3.6 -1
v -0.4 3.9 -1
v -0.4 4 -1
v -0.4 4.1 -1
v -0.4 4.2 -1
v -0.4 7.5 -1
v -0.4 7.6 -1
v -0.4 7.7 -1
v -0.4 8.3 -1
v -0.4 8.4 -1
v -0.4 8.7 -1
v -0.4 9.6 -1
v -0.4 9.9 -1
v -0.4 10.1 -1
v -0.4 10.3 -1
v -0.4 10.8 -1
v -0.4 11 -1
v -0.3 1 -1
v -0.3 1.1 -1
v -0.3 1.9 -1
v -0.3 2 -1
v -0.3 2.1 -1
v -0.3 2.2 -1
v -0.3 2.4 -1
v -0.3 2.6 -1
v -0.3 2.8 -1
v -0.3 3 -1
v -0.3 3.1 -1
v -0.3 8.7 -1
v -0.3 8.8 -1
v -0.3 8.9 -1
v -0.3 9.1 -1
v -0.3 9.4 -1
v -0.3 9.6 -1
v -0.3 10.7 -1
v -0.2 1.1 -1
v -0.2 1.2 -1
v -0.2 1.3 -1
v -0.2 1.4 -1
v -0.2 1.5 -1
v -0.2 2.4 -1
v -0.2 2.5 -1
v -0.2 2.6 -1
v -0.2 2.7 -1
v -0.2 4.4 -1
v -0.2 4.8 -1
v -0.2 7.3 -1
v -0.2 8.9 -1
v -0.2 9 -1
v -0.2 9.4 -1
v -0.2 9.6 -1
v -0.2 10.7 -1
v -0.2 11 -1
v -0.2 11.1 -1
v -0.2 11.2 -1
v -0.2 11.4 -1
v -0.2 11.5 -1
v -0.0999999 1.3 -1
v -0.0999999 1.4 -1
v -0.0999999 1.6 -1
v -0.0999999 1.7 -1
v -0.0999999 1.8 -1
v -0.0999999 1.9 -1
v -0.0999999 2.6 -1
v -0.0999999 2.7 -1
v -0.0999999 2.9 -1
v -0.0999999 3 -1
v -0.0999999 3.1 -1
v -0.0999999 4 -1
v -0.0999999 4.8 -1
v -0.0999999 7.2 -1
v -0.0999999 7.7 -1
v -0.0999999 8.7 -1
v -0.0999999 8.9 -1
v -0.0999999 9 -1
v -0.0999999 9.6 -1
v -0.0999999 9.7 -1
v -0.0999999 10.1 -1
v 0.1 1.2 -1
v 0.1 1.3 -1
v 0.1 2 -1
v 0.1 2.1 -1
v 0.1 2.4 -1
v 0.1 2.5 -1
v 0.1 2.6 -1
v 0.1 9.6 -1
v 0.1 9.7 -1
v 0.1 10.1 -1
v 0.1 11.1 -1
v 0.1 11.2 -1
v 0.2 1.3 -1
v 0.2 1.4 -1
v 0.2 1.5 -1
v 0.2 1.8 -1
v 0.2 1.9 -1
v 0.2 2.2 -1
v 0.2 2.4 -1
v 0.2 2.5 -1
v 0.2 8.9 -1
v 0.2 9 -1
v 0.2 10.1 -1
v 0.2 10.8 -1
v 0.2 11 -1
v 0.2 11.1 -1
v 0.2 11.2 -1
v 0.2 11.3 -1
v 0.3 1 -1
v 0.3 1.1 -1
v 0.3 2 -1
v 0.3 2.1 -1
v 0.3 2.4 -1
v 0.3 2.7 -1
v 0.3 2.8 -1
v 0.3 3.1 -1
v 0.3 4 -1
v 0.3 7.7 -1
v 0.3 8.7 -1
v 0.3 9 -1
v 0.3 9.1 -1
v 0.3 10.1 -1
v 0.3 10.8 -1
v 0.3 11.1 -1
v 0.3 11.2 -1
v 0.3 11.3 -1
v 0.3 11.4 -1
v 0.4 1.4 -1
v 0.4 1.5 -1
v 0.4 1.6 -1
v 0.4 2.1 -1
v 0.4 2.8 -1
v 0.4 4.4 -1
v 0.4 4.5 -1
v 0.4 4.8 -1
v 0.4 9.1 -1
v 0.4 9.2 -1
v 0.4 11.2 -1
v 0.4 11.3 -1
v 0.4 11.4 -1
v 0.4 11.5 -1
v 0.5 1.5 -1
v 0.5 1.6 -1
v 0.5 2.1 -1
v 0.5 2.4 -1
v 0.5 2.5 -1
v 0.5 2.8 -1
v 0.5 9.2 -1
v 0.5 9.3 -1
v 0.5 9.8 -1
v 0.5 10.5 -1
v 0.5 11.3 -1
v 0.6 1 -1
v 0.6 1.1 -1
v 0.6 1.4 -1
v 0.6 1.5 -1
v 0.6 2 -1
v 0.6 2.1 -1
v 0.6 3.1 -1
v 0.6 4 -1
v 0.6 7.7 -1
v 0.6 8.7 -1
v 0.6 8.9 -1
v 0.6 9 -1
v 0.6 9.2 -1
v 0.6 9.3 -1
v 0.6 9.8 -1
v 0.6 10.5 -1
v 0.6 11.3 -1
v 0.6 11.4 -1
v 0.7 1.6 -1
v 0.7 1.7 -1
v 0.7 1.8 -1
v 0.7 2.1 -1
v 0.7 2.4 -1
v 0.7 2.5 -1
v 0.7 2.8 -1
v 0.7 9.7 -1
v 0.7 10.2 -1
v 0.7 11 -1
v 0.7 11.1 -1
v 0.7 11.2 -1
v 0.7 11.3 -1
v 0.8 1.1 -1
v 0.8 1.2 -1
v 0.8 1.9 -1
v 0.8 2 -1
v 0.8 2.1 -1
v 0.8 2.8 -1
v 0.8 3.1 -1
v 0.8 4 -1
v 0.8 7.7 -1
v 0.8 8.7 -1
v 0.8 9.2 -1
v 0.8 9.3 -1
v 0.8 9.7 -1
v 0.8 10.2 -1
v 0.8 10.7 -1
v 0.8 11.3 -1
v 0.8 11.4 -1
v 0.9 1.2 -1
v 0.9 1.3 -1
v 0.9 1.7 -1
v 0.9 1.8 -1
v 0.9 2.1 -1
v 0.9 2.5 -1
v 0.9 2.7 -1
v 0.9 2.8 -1
v 0.9 9.3 -1
v 0.9 9.4 -1
v 0.9 9.6 -1
v 0.9 10.2 -1
v 0.9 10.7 -1
v 0.9 10.8 -1
v 0.9 11 -1
v 0.9 11.1 -1
v 0.9 11.2 -1
v 0.9 11.3 -1
v 0.9 11.4 -1
v 0.9 11.5 -1
v 1 1 -1
v 1 1.1 -1
v 1 2.2 -1
v 1 2.4 -1
v 1 2.6 -1
v 1 2.7 -1
v 1 9.7 -1
v 1 10.2 -1
v 1 10.3 -1
v 1 10.7 -1
v 1 11 -1
v 1 11.1 -1
v 1.1 1.8 -1
v 1.1 1.9 -1
v 1.1 2 -1
v 1.1 2.4 -1
v 1.1 2.5 -1
v 1.1 3.1 -1
v 1.1 4 -1
v 1.1 7.7 -1
v 1.1 8.7 -1
v 1.1 9.4 -1
v 1.1 9.6 -1
v 1.1 9.7 -1
v 1.1 10.3 -1
v 1.1 10.7 -1
v 1.2 1.8 -1
v 1.2 1.9 -1
v 1.2 2.1 -1
v 1.2 2.2 -1
v 1.2 2.6 -1
v 1.2 2.7 -1
v 1.2 2.8 -1
v 1.2 9.6 -1
v 1.2 9.7 -1
v 1.2 10.8 -1
v 1.2 11 -1
v 1.2 11.2 -1
v 1.2 11.3 -1
v 1.3 1.9 -1
v 1.3 2 -1
v 1.3 2.2 -1
v 1.3 2.5 -1
v 1.3 2.7 -1
v 1.3 3.1 -1
v 1.3 4 -1
v 1.3 7.7 -1
v 1.3 8.7 -1
v 1.3 11.2 -1
v 1.3 11.3 -1
v 1.5 1.4 -1
v 1.5 1.5 -1
v 1.5 1.7 -1
v 1.5 1.8 -1
v 1.5 2.1 -1
v 1.5 2.5 -1
v 1.5 9.6 -1
v 1.5 9.8 -1
v 1.5 10 -1
v 1.5 10.1 -1
v 1.5 10.4 -1
v 1.5 11 -1
v 1.6 1.6 -1
v 1.6 1.7 -1
v 1.6 2 -1
v 1.6 2.1 -1
v 1.6 2.2 -1
v 1.6 2.7 -1
v 1.6 9.8 -1
v 1.6 9.9 -1
v 1.6 10.1 -1
v 1.6 10.3 -1
v 1.6 10.4 -1
v 1.6 11 -1
v 1.6 11.2 -1
v 1.6 11.3 -1
v 1.6 11.4 -1
v 1.6 11.5 -1
v 1.7 1.5 -1
v 1.7 1.6 -1
v 1.7 2.1 -1
v 1.7 2.2 -1
v 1.7 2.7 -1
v 1.7 2.8 -1
v 1.7 3.1 -1
v 1.7 4 -1
v 1.7 7.7 -1
v 1.7 8.7 -1
v 1.7 9.8 -1
v 1.7 9.9 -1
v 1.7 10.1 -1
v 1.7 10.2 -1
v 1.7 10.5 -1
v 1.7 10.6 -1
v 1.7 11.1 -1
v 1.7 11.2 -1
v 1.7 11.4 -1
v 1.7 11.5 -1
v 1.8 1.5 -1
v 1.8 1.6 -1
v 1.8 1.7 -1
v 1.8 9.8 -1
v 1.8 9.9 -1
v 1.8 10.1 -1
v 1.8 10.2 -1
v 1.8 10.3 -1
v 1.8 10.4 -1
v 1.8 10.5 -1
v 1.8 10.6 -1
v 1.8 10.7 -1
v 1.8 11 -1
v 1.8 11.2 -1
v 1.8 11.3 -1
v 1.9 3.1 -1
v 1.9 4 -1
v 1.9 7.7 -1
v 1.9 8.7 -1
v 1.9 9.2 -1
v 1.9 9.3 -1
v 1.9 9.6 -1
v 1.9 9.7 -1
v 1.9 10.2 -1
v 1.9 10.3 -1
v 1.9 10.5 -1
v 1.9 10.6 -1
v 1.9 11 -1
v 1.9 11.1 -1
v 2 2.1 -1
v 2 2.2 -1
v 2 2.7 -1
v 2 2.8 -1
v 2 9.7 -1
v 2 9.9 -1
v 2 10.4 -1
v 2 10.5 -1
v 2 10.7 -1
v 2 10.8 -1
v 2.1 1.5 -1
v 2.1 1.6 -1
v 2.1 1.7 -1
v 2.1 2.2 -1
v 2.1 2.7 -1
v 2.1 9.9 -1
v 2.1 10 -1
v 2.1 10.2 -1
v 2.1 10.3 -1
v 2.1 10.4 -1
v 2.1 10.5 -1
v 2.1 11.3 -1
v 2.1 11.4 -1
v 2.2 1.5 -1
v 2.2 1.8 -1
v 2.2 2.2 -1
v 2.2 2.7 -1
v 2.2 3.1 -1
v 2.2 4 -1
v 2.2 7.7 -1
v 2.2 8.7 -1
v 2.2 9.6 -1
v 2.2 9.7 -1
v 2.2 9.8 -1
v 2.2 10.4 -1
v 2.2 10.5 -1
v 2.2 11.1 -1
v 2.2 11.3 -1
v 2.3 1.5 -1
v 2.3 1.6 -1
v 2.3 2.1 -1
v 2.3 2.2 -1
v 2.3 2.5 -1
v 2.3 2.6 -1
v 2.3 2.7 -1
v 2.3 2.8 -1
v 2.3 10.2 -1
v 2.3 10.3 -1
v 2.3 10.4 -1
v 2.3 10.5 -1
v 2.3 10.7 -1
v 2.3 10.8 -1
v 2.4 1.7 -1
v 2.4 1.8 -1
v 2.4 2.6 -1
v 2.4 2.7 -1
v 2.4 3.1 -1
v 2.4 4 -1
v 2.4 7.7 -1
v 2.4 8.7 -1
v 2.4 9.8 -1
v 2.4 9.9 -1
v 2.4 10.1 -1
v 2.4 10.2 -1
v 2.4 11.1 -1
v 2.4 11.3 -1
v 2.5 1.5 -1
v 2.5 1.6 -1
v 2.5 1.7 -1
v 2.5 2.1 -1
v 2.5 2.2 -1
v 2.5 2.5 -1
v 2.5 2.7 -1
v 2.5 2.8 -1
v 2.5 9.3 -1
v 2.5 9.4 -1
v 2.5 10.4 -1
v 2.5 10.5 -1
v 2.5 10.6 -1
v 2.5 10.7 -1
v 2.5 11 -1
v 2.5 11.1 -1
v 2.5 11.3 -1
v 2.6 1.5 -1
v 2.6 1.6 -1
v 2.6 2.2 -1
v 2.6 2.7 -1
v 2.6 6.9 -1
v 2.6 7.2 -1
v 2.6 7.3 -1
v 2.6 10.6 -1
v 2.6 10.7 -1
v 2.6 11 -1
v 2.6 11.1 -1
v 2.7 2.1 -1
v 2.7 2.2 -1
v 2.7 3.1 -1
v 2.7 4 -1
v 2.7 7.7 -1
v 2.7 8.7 -1
v 2.7 9.8 -1
v 2.7 9.9 -1
v 2.8 2.2 -1
v 2.8 2.8 -1
v 2.8 9.4 -1
v 2.8 9.6 -1
v 2.8 10.1 -1
v 2.8 10.2 -1
v 2.8 10.5 -1
v 2.8 10.6 -1
v 2.8 10.7 -1
v 3 2.2 -1
v 3 2.6 -1
v 3 2.7 -1
v 3 2.8 -1
v 3.1 1.1 -1
v 3.1 1.2 -1
v 3.1 1.3 -1
v 3.1 1.5 -1
v 3.1 1.6 -1
v 3.1 2.1 -1
v 3.1 2.2 -1
v 3.1 2.5 -1
v 3.1 2.6 -1
v 3.1 2.7 -1
v 3.1 3.1 -1
v 3.1 4 -1
v 3.1 4.5 -1
v 3.1 6.9 -1
v 3.1 7.7 -1
v 3.1 8.7 -1
v 3.1 10.3 -1
v 3.1 10.4 -1
v 3.1 11.1 -1
v 3.1 11.3 -1
v 3.2 2.5 -1
v 3.2 2.6 -1
v 3.2 4.4 -1
v 3.2 6.9 -1
v 3.2 7.3 -1
v 3.2 9.9 -1
v 3.2 10 -1
v 3.2 10.3 -1
v 3.2 10.4 -1
v 3.3 9.3 -1
v 3.3 9.4 -1
v 3.3 9.8 -1
v 3.3 9.9 -1
v 3.3 10.2 -1
v 3.3 10.3 -1
v 3.3 10.4 -1
v 3.3 10.5 -1
v 3.3 10.6 -1
v 3.3 10.7 -1
v 3.3 11 -1
v 3.3 11.3 -1
v 3.3 11.4 -1
v 3.4 1.5 -1
v 3.4 1.6 -1
v 3.4 3.1 -1
v 3.4 4 -1
v 3.4 4.1 -1
v 3.4 4.2 -1
v 3.4 7.5 -1
v 3.4 7.6 -1
v 3.4 7.7 -1
v 3.4 8.7 -1
v 3.4 9.4 -1
v 3.4 9.6 -1
v 3.4 9.7 -1
v 3.4 9.8 -1
v 3.4 9.9 -1
v 3.4 10.5 -1
v 3.4 10.6 -1
v 3.4 10.7 -1
v 3.4 10.8 -1
v 3.4 11.1 -1
v 3.4 11.3 -1
v 3.5 1.4 -1
v 3.5 1.5 -1
v 3.5 1.9 -1
v 3.5 2.2 -1
v 3.5 4.2 -1
v 3.5 7.5 -1
v 3.5 9.3 -1
v 3.5 9.4 -1
v 3.5 9.8 -1
v 3.5 9.9 -1
v 3.5 11.3 -1
v 3.5 11.4 -1
v 3.6 4 -1
v 3.6 4.2 -1
v 3.6 4.5 -1
v 3.6 4.7 -1
v 3.6 5 -1
v 3.6 5.4 -1
v 3.6 5.7 -1
v 3.6 5.9 -1
v 3.6 6.3 -1
v 3.6 6.5 -1
v 3.6 7 -1
v 3.6 7.2 -1
v 3.6 7.5 -1
v 3.6 7.7 -1
v 3.6 7.8 -1
v 3.6 7.9 -1
v 3.6 9.2 -1
v 3.6 9.3 -1
v 3.6 10 -1
v 3.6 10.1 -1
v 3.6 11.4 -1
v 3.6 11.5 -1
v 3.7 9.7 -1
v 3.7 9.9 -1
v 3.7 10.2 -1
v 3.7 10.3 -1
v 3.8 1.6 -1
v 3.8 1.7 -1
v 3.8 1.9 -1
v 3.8 2.2 -1
v 3.8 3.2 -1
v 3.8 3.4 -1
v 3.8 7.9 -1
v 3.8 8.3 -1
v 3.8 8.9 -1
v 3.8 9 -1
v 3.8 9.3 -1
v 3.8 9.4 -1
v 3.8 9.7 -1
v 3.8 9.9 -1
v 3.8 10.2 -1
v 3.8 10.3 -1
v 3.8 10.4 -1
v 3.8 10.7 -1
v 3.8 10.8 -1
v 3.9 1.5 -1
v 3.9 1.6 -1
v 3.9 1.7 -1
v 3.9 1.8 -1
v 3.9 3.1 -1
v 3.9 3.2 -1
v 3.9 3.4 -1
v 3.9 3.6 -1
v 3.9 7.7 -1
v 3.9 7.8 -1
v 3.9 8.6 -1
v 3.9 8.7 -1
v 3.9 8.8 -1
v 3.9 8.9 -1
v 3.9 9.3 -1
v 3.9 9.4 -1
v 3.9 10 -1
v 3.9 10.1 -1
v 3.9 10.2 -1
v 3.9 10.3 -1
v 3.9 10.5 -1
v 3.9 10.6 -1
v 3.9 10.7 -1
v 3.9 10.8 -1
v 4 2.2 -1
v 4 2.5 -1
v 4 8.3 -1
v 4 8.4 -1
v 4 9.9 -1
v 4 10 -1
v 4 10.1 -1
v 4 10.5 -1
v 4 10.6 -1
v 4 10.7 -1
v 4.1 1.8 -1
v 4.1 2 -1
v 4.1 2.5 -1
v 4.1 2.6 -1
v 4.1 3 -1
v 4.1 3.1 -1
v 4.1 3.2 -1
v 4.1 3.6 -1
v 4.1 3.7 -1
v 4.1 8.4 -1
v 4.1 8.5 -1
v 4.1 9.1 -1
v 4.1 9.2 -1
v 4.1 9.9 -1
v 4.1 10.3 -1
v 4.1 10.4 -1
v 4.1 11.3 -1
v 4.1 11.4 -1
v 4.2 2.1 -1
v 4.2 2.6 -1
v 4.2 2.7 -1
v 4.2 2.8 -1
v 4.2 3.7 -1
v 4.2 3.9 -1
v 4.2 4 -1
v 4.2 4.1 -1
v 4.2 4.2 -1
v 4.2 4.5 -1
v 4.2 4.7 -1
v 4.2 5 -1
v 4.2 5.4 -1
v 4.2 5.7 -1
v 4.2 5.9 -1
v 4.2 6.3 -1
v 4.2 6.5 -1
v 4.2 7 -1
v 4.2 7.2 -1
v 4.2 7.3 -1
v 4.2 7.5 -1
v 4.2 8.7 -1
v 4.2 8.8 -1
v 4.2 9.4 -1
v 4.2 9.7 -1
v 4.2 9.9 -1
v 4.2 10.1 -1
v 4.2 10.2 -1
v 4.2 10.3 -1
v 4.2 10.7 -1
v 4.2 10.8 -1
v 4.2 11 -1
v 4.2 11.3 -1
v 4.2 11.4 -1
v 4.4 2 -1
v 4.4 2.1 -1
v 4.4 2.6 -1
v 4.4 2.7 -1
v 4.4 2.8 -1
v 4.4 3 -1
v 4.4 3.1 -1
v 4.4 3.2 -1
v 4.4 3.9 -1
v 4.4 4 -1
v 4.4 4.1 -1
v 4.4 4.3 -1
v 4.4 6.8 -1
v 4.4 7 -1
v 4.4 7.2 -1
v 4.4 7.3 -1
v 4.4 8.5 -1
v 4.4 8.6 -1
v 4.4 8.7 -1
v 4.4 8.9 -1
v 4.4 9 -1
v 4.4 9.1 -1
v 4.4 9.2 -1
v 4.4 10.1 -1
v 4.4 10.2 -1
v 4.4 10.5 -1
v 4.4 10.6 -1
v 4.5 4.3 -1
v 4.5 4.4 -1
v 4.5 4.7 -1
v 4.5 4.9 -1
v 4.5 6 -1
v 4.5 6.1 -1
v 4.5 6.7 -1
v 4.5 6.8 -1
v 4.5 9.3 -1
v 4.5 9.4 -1
v 4.5 9.7 -1
v 4.5 9.8 -1
v 4.5 9.9 -1
v 4.5 10 -1
v 4.5 10.1 -1
v 4.5 11 -1
v 4.5 11.1 -1
v 4.5 11.4 -1
v 4.5 11.5 -1
v 4.6 4.4 -1
v 4.6 4.5 -1
v 4.6 4.9 -1
v 4.6 5 -1
v 4.6 5.5 -1
v 4.6 5.6 -1
v 4.6 5.8 -1
v 4.6 5.9 -1
v 4.6 6.4 -1
v 4.6 6.7 -1
v 4.6 6.9 -1
v 4.6 7 -1
v 4.6 7.1 -1
v 4.6 7.2 -1
v 4.6 7.5 -1
v 4.6 7.7 -1
v 4.6 9.4 -1
v 4.6 9.6 -1
v 4.6 10.1 -1
v 4.6 10.2 -1
v 4.6 11.2 -1
v 4.6 11.3 -1
v 4.6 11.4 -1
v 4.7 4.5 -1
v 4.7 4.7 -1
v 4.7 5.3 -1
v 4.7 5.5 -1
v 4.7 5.9 -1
v 4.7 6 -1
v 4.7 6.1 -1
v 4.7 6.2 -1
v 4.7 9.8 -1
v 4.7 9.9 -1
v 4.7 10.3 -1
v 4.7 10.4 -1
v 4.7 11.2 -1
v 4.7 11.3 -1
v 4.8 5.1 -1
v 4.8 5.3 -1
v 4.8 5.6 -1
v 4.8 5.8 -1
v 4.8 6.2 -1
v 4.8 6.4 -1
v 4.8 6.9 -1
v 4.8 7 -1
v 4.8 9.1 -1
v 4.8 9.2 -1
v 4.8 9.3 -1
v 4.8 9.4 -1
v 4.8 9.9 -1
v 4.8 10 -1
v 4.8 11.1 -1
v 4.8 11.2 -1
v 4.9 0.3 -1
v 4.9 1.2 -1
v 4.9 1.3 -1
v 4.9 1.4 -1
v 4.9 1.5 -1
v 4.9 1.6 -1
v 4.9 1.7 -1
v 4.9 5 -1
v 4.9 5.1 -1
v 4.9 7 -1
v 4.9 7.1 -1
v 4.9 8.9 -1
v 4.9 9 -1
v 4.9 9.1 -1
v 4.9 9.3 -1
v 4.9 9.4 -1
v 4.9 9.6 -1
v 4.9 10 -1
v 4.9 10.2 -1
v 4.9 10.3 -1
v 4.9 10.4 -1
v 4.9 10.5 -1
v 4.9 10.6 -1
v 4.9 10.7 -1
v 4.9 10.8 -1
v 4.9 11.2 -1
v 4.9 11.3 -1
v 4.9 11.4 -1
v 4.9 11.5 -1
v 5 0.2 -1
v 5 11.6 -1
v -5.1 0.2 1.3
v 5 0.2 1.3
v -4.7 0.2 1
v 4.6 0.2 1
v -4.7 0.2 0.4
v 4.6 0.2 0.4
v -4.7 0.2 0.3
v 4.6 0.2 0.3
v -4.7 0.2 1.19209e-07
v 4.6 0.2 1.19209e-07
v -4.7 0.2 -0.0999999
v 4.6 0.2 -0.0999999
v -4.7 0.2 -0.7
v 4.6 0.2 -0.7
v -5.1 0.2 -1
v 5 0.2 -1
v -5.1 2 1.3
v -5 2 1.3
v -5.1 2 1.2
v -5 2 1.2
v -5.1 2.2 1.3
v -5 2.2 1.3
v -5.1 2.2 1.2
v -5 2.2 1.2
v -5.1 2.4 1.3
v -5 2.4 1.3
v -5.1 2.4 1.2
v -5 2.4 1.2
v -0.7 2.9 -0.8
v -0.5 2.9 -0.8
v 3.5 2.9 -0.8
v 3.8 2.9 -0.8
v -0.7 2.9 -0.9
v -0.5 2.9 -0.9
v 3.5 2.9 -0.9
v 3.8 2.9 -0.9
v -0.3 4.8 -0.8
v -0.2 4.8 -0.8
v -0.3 4.8 -0.9
v -0.2 4.8 -0.9
v 4.4 8.7 -0.8
v 4.9 8.7 -0.8
v 4.4 8.7 -0.9
v 4.9 8.7 -0.9
v -5.1 1.9 1.3
v -5 1.9 1.3
v -5.1 1.9 1.2
v -5 1.9 1.2
v 3.5 1.9 -0.8
v 3.8 1.9 -0.8
v 3.5 1.9 -0.9
v 3.8 1.9 -0.9
v -0.7 2 -0.8
v -0.5 2 -0.8
v -0.7 2 -0.9
v -0.5 2 -0.9
v -5.1 2.1 1.3
v -5 2.1 1.3
v -5.1 2.1 1.2
v -5 2.1 1.2
v -5.1 2.3 1.3
v -5 2.3 1.3
v -5.1 2.3 1.2
v -5 2.3 1.2
v 4.4 3.4 -0.8
v 4.9 3.4 -0.8
v 4.4 3.4 -0.9
v 4.9 3.4 -0.9
v -0.3 4.6 -0.8
v -0.2 4.6 -0.8
v -0.3 4.6 -0.9
v -0.2 4.6 -0.9
v -5.1 11.6 1.3
v 5 11.6 1.3
v -4.7 11.6 1
v 4.5 11.6 1
v -4.7 11.6 0.4
v 4.5 11.6 0.4
v -4.7 11.6 0.3
v 4.5 11.6 0.3
v -4.7 11.6 1.19209e-07
v 4.4 11.6 1.19209e-07
v -4.7 11.6 -0.0999999
v 4.4 11.6 -0.0999999
v 4.5 11.6 -0.0999999
v -4.7 11.6 -0.7
v 4.5 11.6 -0.7
v -5.1 11.6 -1
v 5 11.6 -1

# faces
f 3/29/1 2/29/1 1/29/1
f 4/29/1 2/29/1 3/29/1
f 5/29/1 2/29/1 4/29/1
f 6/29/1 2/29/1 5/29/1
f 7/29/1 2/29/1 6/29/1
f 8/29/1 2/29/1 7/29/1
f 9/29/1 3/29/1 1/29/1
f 10/29/1 3/29/1 9/29/1
f 12/29/1 3/29/1 10/29/1
f 13/29/1 12/29/1 11/29/1
f 14/29/1 3/29/1 12/29/1
f 14/29/1 12/29/1 13/29/1
f 16/29/1 3/29/1 14/29/1
f 17/29/1 16/29/1 15/29/1
f 18/29/1 3/29/1 16/29/1
f 18/29/1 16/29/1 17/29/1
f 20/29/1 3/29/1 18/29/1
f 21/32/1 4/32/1 3/32/1
f 21/29/1 20/29/1 19/29/1
f 21/29/1 3/29/1 20/29/1
f 22/28/1 5/28/1 4/28/1
f 22/32/1 4/32/1 21/32/1
f 23/31/1 6/31/1 5/31/1
f 23/28/1 5/28/1 22/28/1
f 24/28/1 7/28/1 6/28/1
f 24/31/1 6/31/1 23/31/1
f 25/32/1 8/32/1 7/32/1
f 25/28/1 7/28/1 24/28/1
f 26/29/1 2/29/1 8/29/1
f 26/32/1 8/32/1 25/32/1
f 27/29/1 25/29/1 24/29/1
f 27/29/1 21/29/1 19/29/1
f 27/29/1 26/29/1 25/29/1
f 27/29/1 22/29/1 21/29/1
f 27/29/1 23/29/1 22/29/1
f 27/29/1 24/29/1 23/29/1
f 28/29/1 2/29/1 26/29/1
f 28/29/1 26/29/1 27/29/1
f 31/29/1 30/29/1 29/29/1
f 32/29/1 30/29/1 31/29/1
f 35/29/1 34/29/1 33/29/1
f 36/29/1 34/29/1 35/29/1
f 39/29/1 38/29/1 37/29/1
f 40/29/1 38/29/1 39/29/1
f 43/32/1 42/32/1 41/32/1
f 44/32/1 43/32/1 41/32/1
f 45/32/1 43/32/1 44/32/1
f 48/21/1 47/21/1 46/21/1
f 49/21/1 47/21/1 48/21/1
f 52/8/1 51/8/1 50/8/1
f 53/8/1 51/8/1 52/8/1
f 56/29/1 55/29/1 54/29/1
f 57/29/1 56/29/1 54/29/1
f 58/29/1 57/29/1 54/29/1
f 59/29/1 58/29/1 54/29/1
f 60/29/1 59/29/1 54/29/1
f 61/29/1 59/29/1 60/29/1
f 62/8/2 63/8/2 64/8/2
f 62/8/2 64/8/2 65/8/2
f 65/8/2 64/8/2 66/8/2
f 67/21/2 68/21/2 69/21/2
f 69/21/2 68/21/2 70/21/2
f 71/8/2 72/8/2 73/8/2
f 73/8/2 72/8/2 74/8/2
f 75/8/2 76/8/2 77/8/2
f 75/8/2 77/8/2 78/8/2
f 75/8/2 78/8/2 79/8/2
f 75/8/2 79/8/2 80/8/2
f 75/8/2 80/8/2 81/8/2
f 75/8/2 81/8/2 82/8/2
f 75/8/2 82/8/2 83/8/2
f 83/8/2 82/8/2 84/8/2
f 85/29/2 86/29/2 87/29/2
f 87/29/2 86/29/2 88/29/2
f 88/29/2 86/29/2 89/29/2
f 89/29/2 86/29/2 90/29/2
f 90/29/2 86/29/2 91/29/2
f 89/31/2 90/31/2 92/31/2
f 90/32/2 91/32/2 93/32/2
f 92/31/2 90/31/2 93/31/2
f 85/29/2 87/29/2 94/29/2
f 87/32/2 88/32/2 94/32/2
f 88/28/2 89/28/2 95/28/2
f 94/32/2 88/32/2 95/32/2
f 89/31/2 92/31/2 96/31/2
f 95/28/2 89/28/2 96/28/2
f 92/28/2 93/28/2 97/28/2
f 96/31/2 92/31/2 97/31/2
f 93/32/2 91/32/2 98/32/2
f 97/28/2 93/28/2 98/28/2
f 91/29/2 86/29/2 99/29/2
f 98/32/2 91/32/2 99/32/2
f 96/29/2 97/29/2 100/29/2
f 95/29/2 96/29/2 100/29/2
f 98/29/2 99/29/2 100/29/2
f 94/29/2 95/29/2 100/29/2
f 97/29/2 98/29/2 100/29/2
f 85/29/2 94/29/2 100/29/2
f 99/29/2 86/29/2 101/29/2
f 100/29/2 99/29/2 101/29/2
f 110/29/3 103/29/3 102/29/3
f 111/29/3 103/29/3 110/29/3
f 112/29/3 105/29/3 104/29/3
f 113/29/3 105/29/3 112/29/3
f 114/29/3 107/29/3 106/29/3
f 115/29/3 107/29/3 114/29/3
f 116/29/3 109/29/3 108/29/3
f 117/29/3 109/29/3 116/29/3
f 118/29/3 109/29/3 117/29/3
f 119/29/3 109/29/3 118/29/3
f 120/29/3 109/29/3 119/29/3
f 121/29/3 109/29/3 120/29/3
f 122/29/3 109/29/3 121/29/3
f 123/29/3 109/29/3 122/29/3
f 124/29/3 109/29/3 123/29/3
f 125/29/3 109/29/3 124/29/3
f 126/29/3 109/29/3 125/29/3
f 127/29/3 109/29/3 126/29/3
f 128/29/3 109/29/3 127/29/3
f 129/29/3 109/29/3 128/29/3
f 130/29/3 109/29/3 129/29/3
f 131/29/3 109/29/3 130/29/3
f 132/29/3 109/29/3 131/29/3
f 133/32/3 111/32/3 110/32/3
f 133/29/3 112/29/3 111/29/3
f 134/32/3 113/32/3 112/32/3
f 134/29/3 112/29/3 133/29/3
f 135/29/3 114/29/3 113/29/3
f 135/32/3 113/32/3 134/32/3
f 136/32/3 115/32/3 114/32/3
f 136/29/3 114/29/3 135/29/3
f 137/32/3 117/32/3 116/32/3
f 138/32/3 117/32/3 137/32/3
f 139/32/3 117/32/3 138/32/3
f 140/32/3 117/32/3 139/32/3
f 141/32/3 117/32/3 140/32/3
f 142/32/3 117/32/3 141/32/3
f 143/32/3 117/32/3 142/32/3
f 144/32/3 117/32/3 143/32/3
f 145/32/3 117/32/3 144/32/3
f 146/32/3 117/32/3 145/32/3
f 147/32/3 117/32/3 146/32/3
f 148/32/3 117/32/3 147/32/3
f 149/35/3 118/35/3 117/35/3
f 149/29/3 119/29/3 118/29/3
f 150/29/3 119/29/3 149/29/3
f 151/28/3 120/28/3 119/28/3
f 151/29/3 119/29/3 150/29/3
f 152/28/3 120/28/3 151/28/3
f 153/32/3 122/32/3 121/32/3
f 154/28/3 123/28/3 122/28/3
f 154/32/3 122/32/3 153/32/3
f 155/28/3 130/28/3 129/28/3
f 156/27/3 131/27/3 130/27/3
f 156/28/3 130/28/3 155/28/3
f 157/32/3 137/32/3 116/32/3
f 158/33/3 138/33/3 137/33/3
f 158/32/3 137/32/3 157/32/3
f 159/32/3 139/32/3 138/32/3
f 159/33/3 138/33/3 158/33/3
f 160/32/3 139/32/3 159/32/3
f 161/32/3 139/32/3 160/32/3
f 162/33/3 140/33/3 139/33/3
f 162/32/3 139/32/3 161/32/3
f 163/33/3 140/33/3 162/33/3
f 164/32/3 141/32/3 140/32/3
f 164/33/3 140/33/3 163/33/3
f 165/33/3 142/33/3 141/33/3
f 165/32/3 141/32/3 164/32/3
f 166/33/3 142/33/3 165/33/3
f 167/31/3 143/31/3 142/31/3
f 167/33/3 142/33/3 166/33/3
f 168/32/3 144/32/3 143/32/3
f 168/31/3 143/31/3 167/31/3
f 169/31/3 145/31/3 144/31/3
f 169/32/3 144/32/3 168/32/3
f 170/32/3 146/32/3 145/32/3
f 170/31/3 145/31/3 169/31/3
f 171/32/3 146/32/3 170/32/3
f 172/32/3 117/32/3 148/32/3
f 172/37/3 148/37/3 147/37/3
f 173/32/3 117/32/3 172/32/3
f 174/31/3 150/31/3 149/31/3
f 174/29/3 151/29/3 150/29/3
f 174/29/3 152/29/3 151/29/3
f 175/29/3 152/29/3 174/29/3
f 176/28/3 120/28/3 152/28/3
f 176/29/3 152/29/3 175/29/3
f 177/35/3 121/35/3 120/35/3
f 177/28/3 120/28/3 176/28/3
f 178/32/3 153/32/3 121/32/3
f 179/28/3 154/28/3 153/28/3
f 179/32/3 153/32/3 178/32/3
f 180/28/3 155/28/3 129/28/3
f 181/29/3 156/29/3 155/29/3
f 181/28/3 155/28/3 180/28/3
f 182/33/3 158/33/3 157/33/3
f 182/32/3 161/32/3 160/32/3
f 182/33/3 159/33/3 158/33/3
f 182/33/3 160/33/3 159/33/3
f 183/32/3 161/32/3 182/32/3
f 184/32/3 161/32/3 183/32/3
f 185/32/3 161/32/3 184/32/3
f 186/31/3 163/31/3 162/31/3
f 186/32/3 161/32/3 185/32/3
f 186/31/3 162/31/3 161/31/3
f 187/33/3 164/33/3 163/33/3
f 187/31/3 163/31/3 186/31/3
f 187/33/3 166/33/3 165/33/3
f 187/33/3 165/33/3 164/33/3
f 188/31/3 171/31/3 170/31/3
f 188/33/3 166/33/3 187/33/3
f 188/31/3 167/31/3 166/31/3
f 188/31/3 168/31/3 167/31/3
f 188/31/3 170/31/3 169/31/3
f 188/31/3 169/31/3 168/31/3
f 189/31/3 171/31/3 188/31/3
f 190/32/3 146/32/3 171/32/3
f 191/31/3 147/31/3 146/31/3
f 191/32/3 146/32/3 190/32/3
f 192/32/3 178/32/3 121/32/3
f 193/31/3 179/31/3 178/31/3
f 193/32/3 178/32/3 192/32/3
f 194/35/3 124/35/3 123/35/3
f 194/28/3 125/28/3 124/28/3
f 195/35/3 126/35/3 125/35/3
f 195/28/3 125/28/3 194/28/3
f 196/29/3 156/29/3 181/29/3
f 196/29/3 181/29/3 180/29/3
f 197/27/3 131/27/3 156/27/3
f 197/29/3 156/29/3 196/29/3
f 198/32/3 133/32/3 110/32/3
f 199/32/3 133/32/3 198/32/3
f 200/32/3 133/32/3 199/32/3
f 201/32/3 133/32/3 200/32/3
f 202/32/3 133/32/3 201/32/3
f 203/30/3 134/30/3 133/30/3
f 203/32/3 133/32/3 202/32/3
f 204/32/3 157/32/3 116/32/3
f 205/32/3 157/32/3 204/32/3
f 206/32/3 157/32/3 205/32/3
f 207/32/3 157/32/3 206/32/3
f 208/33/3 182/33/3 157/33/3
f 208/32/3 157/32/3 207/32/3
f 209/33/3 182/33/3 208/33/3
f 210/31/3 183/31/3 182/31/3
f 210/33/3 182/33/3 209/33/3
f 211/32/3 184/32/3 183/32/3
f 211/31/3 183/31/3 210/31/3
f 212/33/3 185/33/3 184/33/3
f 212/32/3 184/32/3 211/32/3
f 213/42/3 187/42/3 186/42/3
f 213/42/3 188/42/3 187/42/3
f 213/42/3 189/42/3 188/42/3
f 214/42/3 189/42/3 213/42/3
f 215/42/3 189/42/3 214/42/3
f 216/42/3 189/42/3 215/42/3
f 217/31/3 171/31/3 189/31/3
f 217/42/3 189/42/3 216/42/3
f 218/31/3 171/31/3 217/31/3
f 219/32/3 190/32/3 171/32/3
f 219/31/3 171/31/3 218/31/3
f 220/31/3 191/31/3 190/31/3
f 220/32/3 190/32/3 219/32/3
f 221/35/3 121/35/3 177/35/3
f 221/29/3 177/29/3 176/29/3
f 222/32/3 192/32/3 121/32/3
f 222/35/3 121/35/3 221/35/3
f 223/28/3 123/28/3 154/28/3
f 223/28/3 154/28/3 179/28/3
f 224/35/3 194/35/3 123/35/3
f 224/28/3 123/28/3 223/28/3
f 225/29/3 196/29/3 180/29/3
f 225/27/3 197/27/3 196/27/3
f 226/27/3 131/27/3 197/27/3
f 226/27/3 197/27/3 225/27/3
f 227/32/3 132/32/3 131/32/3
f 227/27/3 131/27/3 226/27/3
f 228/32/3 198/32/3 110/32/3
f 229/2/3 199/2/3 198/2/3
f 229/32/3 198/32/3 228/32/3
f 230/32/3 200/32/3 199/32/3
f 230/2/3 199/2/3 229/2/3
f 231/32/3 200/32/3 230/32/3
f 232/32/3 202/32/3 201/32/3
f 233/3/3 203/3/3 202/3/3
f 233/32/3 202/32/3 232/32/3
f 234/30/3 134/30/3 203/30/3
f 234/3/3 203/3/3 233/3/3
f 235/32/3 206/32/3 205/32/3
f 236/32/3 206/32/3 235/32/3
f 237/32/3 206/32/3 236/32/3
f 238/32/3 206/32/3 237/32/3
f 239/32/3 206/32/3 238/32/3
f 240/31/3 207/31/3 206/31/3
f 240/32/3 206/32/3 239/32/3
f 241/33/3 209/33/3 208/33/3
f 241/31/3 207/31/3 240/31/3
f 241/33/3 208/33/3 207/33/3
f 242/33/3 209/33/3 241/33/3
f 243/31/3 211/31/3 210/31/3
f 243/33/3 209/33/3 242/33/3
f 243/31/3 210/31/3 209/31/3
f 244/31/3 186/31/3 185/31/3
f 245/42/3 213/42/3 186/42/3
f 245/31/3 186/31/3 244/31/3
f 246/42/3 213/42/3 245/42/3
f 247/25/3 214/25/3 213/25/3
f 247/42/3 213/42/3 246/42/3
f 248/24/3 215/24/3 214/24/3
f 248/25/3 214/25/3 247/25/3
f 249/22/3 216/22/3 215/22/3
f 249/24/3 215/24/3 248/24/3
f 250/22/3 216/22/3 249/22/3
f 251/42/3 218/42/3 217/42/3
f 251/22/3 216/22/3 250/22/3
f 251/42/3 217/42/3 216/42/3
f 252/42/3 218/42/3 251/42/3
f 253/31/3 220/31/3 219/31/3
f 253/42/3 218/42/3 252/42/3
f 253/31/3 219/31/3 218/31/3
f 254/31/3 220/31/3 253/31/3
f 255/31/3 191/31/3 220/31/3
f 255/31/3 220/31/3 254/31/3
f 255/37/3 172/37/3 147/37/3
f 255/31/3 147/31/3 191/31/3
f 256/31/3 173/31/3 172/31/3
f 256/37/3 172/37/3 255/37/3
f 257/32/3 117/32/3 173/32/3
f 257/31/3 173/31/3 256/31/3
f 258/32/3 117/32/3 257/32/3
f 259/31/3 176/31/3 175/31/3
f 259/29/3 221/29/3 176/29/3
f 260/32/3 222/32/3 221/32/3
f 260/29/3 221/29/3 259/29/3
f 261/32/3 192/32/3 222/32/3
f 261/32/3 222/32/3 260/32/3
f 262/31/3 193/31/3 192/31/3
f 262/32/3 192/32/3 261/32/3
f 263/31/3 179/31/3 193/31/3
f 263/31/3 193/31/3 262/31/3
f 264/28/3 223/28/3 179/28/3
f 264/31/3 179/31/3 263/31/3
f 265/29/3 224/29/3 223/29/3
f 265/28/3 223/28/3 264/28/3
f 266/28/3 180/28/3 129/28/3
f 267/29/3 225/29/3 180/29/3
f 267/28/3 180/28/3 266/28/3
f 267/29/3 226/29/3 225/29/3
f 268/32/3 132/32/3 227/32/3
f 268/32/3 227/32/3 226/32/3
f 269/29/3 109/29/3 132/29/3
f 269/32/3 132/32/3 268/32/3
f 270/2/3 205/2/3 204/2/3
f 270/32/3 235/32/3 205/32/3
f 271/33/3 236/33/3 235/33/3
f 271/32/3 235/32/3 270/32/3
f 272/32/3 237/32/3 236/32/3
f 272/33/3 236/33/3 271/33/3
f 273/33/3 238/33/3 237/33/3
f 273/32/3 237/32/3 272/32/3
f 274/32/3 239/32/3 238/32/3
f 274/33/3 238/33/3 273/33/3
f 275/32/3 239/32/3 274/32/3
f 276/32/3 239/32/3 275/32/3
f 277/31/3 240/31/3 239/31/3
f 277/32/3 239/32/3 276/32/3
f 278/33/3 242/33/3 241/33/3
f 278/31/3 240/31/3 277/31/3
f 278/33/3 241/33/3 240/33/3
f 279/33/3 242/33/3 278/33/3
f 280/31/3 211/31/3 243/31/3
f 280/33/3 212/33/3 211/33/3
f 280/31/3 243/31/3 242/31/3
f 281/33/3 185/33/3 212/33/3
f 281/33/3 212/33/3 280/33/3
f 282/33/3 185/33/3 281/33/3
f 283/31/3 244/31/3 185/31/3
f 283/33/3 185/33/3 282/33/3
f 284/42/3 245/42/3 244/42/3
f 284/31/3 244/31/3 283/31/3
f 284/42/3 246/42/3 245/42/3
f 285/42/3 246/42/3 284/42/3
f 286/25/3 247/25/3 246/25/3
f 286/42/3 246/42/3 285/42/3
f 287/24/3 248/24/3 247/24/3
f 287/25/3 247/25/3 286/25/3
f 287/24/3 250/24/3 249/24/3
f 287/24/3 249/24/3 248/24/3
f 288/22/3 252/22/3 251/22/3
f 288/24/3 250/24/3 287/24/3
f 288/22/3 251/22/3 250/22/3
f 289/22/3 252/22/3 288/22/3
f 290/42/3 254/42/3 253/42/3
f 290/22/3 252/22/3 289/22/3
f 290/42/3 253/42/3 252/42/3
f 291/42/3 254/42/3 290/42/3
f 292/31/3 256/31/3 255/31/3
f 292/42/3 254/42/3 291/42/3
f 292/31/3 255/31/3 254/31/3
f 292/31/3 258/31/3 257/31/3
f 292/31/3 257/31/3 256/31/3
f 293/31/3 258/31/3 292/31/3
f 294/32/3 117/32/3 258/32/3
f 294/35/3 149/35/3 117/35/3
f 295/31/3 174/31/3 149/31/3
f 295/35/3 149/35/3 294/35/3
f 296/36/3 175/36/3 174/36/3
f 296/31/3 174/31/3 295/31/3
f 297/31/3 259/31/3 175/31/3
f 297/36/3 175/36/3 296/36/3
f 298/29/3 265/29/3 264/29/3
f 298/29/3 224/29/3 265/29/3
f 298/29/3 264/29/3 263/29/3
f 299/35/3 194/35/3 224/35/3
f 299/29/3 224/29/3 298/29/3
f 300/28/3 127/28/3 126/28/3
f 300/35/3 126/35/3 195/35/3
f 301/37/3 128/37/3 127/37/3
f 301/28/3 127/28/3 300/28/3
f 302/32/3 228/32/3 110/32/3
f 302/2/3 229/2/3 228/2/3
f 303/32/3 230/32/3 229/32/3
f 303/2/3 229/2/3 302/2/3
f 304/32/3 230/32/3 303/32/3
f 305/32/3 230/32/3 304/32/3
f 306/2/3 231/2/3 230/2/3
f 306/32/3 230/32/3 305/32/3
f 307/32/3 200/32/3 231/32/3
f 307/2/3 231/2/3 306/2/3
f 308/32/3 115/32/3 136/32/3
f 308/30/3 136/30/3 135/30/3
f 309/29/3 116/29/3 115/29/3
f 309/32/3 115/32/3 308/32/3
f 310/32/3 204/32/3 116/32/3
f 310/29/3 116/29/3 309/29/3
f 311/2/3 270/2/3 204/2/3
f 311/32/3 204/32/3 310/32/3
f 312/33/3 273/33/3 272/33/3
f 312/2/3 270/2/3 311/2/3
f 312/33/3 275/33/3 274/33/3
f 312/33/3 272/33/3 271/33/3
f 312/33/3 271/33/3 270/33/3
f 312/33/3 274/33/3 273/33/3
f 313/33/3 275/33/3 312/33/3
f 314/33/3 275/33/3 313/33/3
f 315/32/3 276/32/3 275/32/3
f 315/33/3 275/33/3 314/33/3
f 316/31/3 277/31/3 276/31/3
f 316/32/3 276/32/3 315/32/3
f 316/31/3 278/31/3 277/31/3
f 316/31/3 279/31/3 278/31/3
f 317/31/3 279/31/3 316/31/3
f 318/33/3 242/33/3 279/33/3
f 318/31/3 279/31/3 317/31/3
f 319/33/3 242/33/3 318/33/3
f 320/31/3 280/31/3 242/31/3
f 320/31/3 281/31/3 280/31/3
f 321/33/3 282/33/3 281/33/3
f 321/31/3 281/31/3 320/31/3
f 322/42/3 284/42/3 283/42/3
f 322/33/3 282/33/3 321/33/3
f 322/42/3 283/42/3 282/42/3
f 322/42/3 285/42/3 284/42/3
f 323/42/3 285/42/3 322/42/3
f 324/25/3 286/25/3 285/25/3
f 324/42/3 285/42/3 323/42/3
f 325/22/3 291/22/3 290/22/3
f 325/42/3 293/42/3 292/42/3
f 325/22/3 290/22/3 289/22/3
f 325/42/3 292/42/3 291/42/3
f 326/42/3 293/42/3 325/42/3
f 327/31/3 258/31/3 293/31/3
f 327/42/3 293/42/3 326/42/3
f 328/31/3 258/31/3 327/31/3
f 329/32/3 261/32/3 260/32/3
f 329/35/3 260/35/3 259/35/3
f 330/31/3 262/31/3 261/31/3
f 330/32/3 261/32/3 329/32/3
f 330/31/3 263/31/3 262/31/3
f 331/29/3 298/29/3 263/29/3
f 331/31/3 263/31/3 330/31/3
f 332/31/3 299/31/3 298/31/3
f 332/29/3 298/29/3 331/29/3
f 333/35/3 194/35/3 299/35/3
f 333/31/3 299/31/3 332/31/3
f 334/29/3 195/29/3 194/29/3
f 334/35/3 194/35/3 333/35/3
f 335/34/3 129/34/3 128/34/3
f 335/37/3 128/37/3 301/37/3
f 336/28/3 266/28/3 129/28/3
f 336/34/3 129/34/3 335/34/3
f 337/29/3 267/29/3 266/29/3
f 337/28/3 266/28/3 336/28/3
f 338/32/3 268/32/3 226/32/3
f 338/29/3 267/29/3 337/29/3
f 338/29/3 226/29/3 267/29/3
f 339/31/3 269/31/3 268/31/3
f 339/32/3 268/32/3 338/32/3
f 340/2/3 304/2/3 303/2/3
f 340/32/3 303/32/3 302/32/3
f 341/32/3 305/32/3 304/32/3
f 341/2/3 304/2/3 340/2/3
f 342/2/3 306/2/3 305/2/3
f 342/32/3 305/32/3 341/32/3
f 343/32/3 307/32/3 306/32/3
f 343/2/3 306/2/3 342/2/3
f 344/3/3 233/3/3 232/3/3
f 344/32/3 232/32/3 201/32/3
f 345/32/3 234/32/3 233/32/3
f 345/3/3 233/3/3 344/3/3
f 346/30/3 134/30/3 234/30/3
f 346/32/3 234/32/3 345/32/3
f 347/33/3 314/33/3 313/33/3
f 348/31/3 315/31/3 314/31/3
f 348/33/3 314/33/3 347/33/3
f 348/31/3 316/31/3 315/31/3
f 349/31/3 316/31/3 348/31/3
f 350/42/3 317/42/3 316/42/3
f 350/31/3 316/31/3 349/31/3
f 351/31/3 318/31/3 317/31/3
f 351/42/3 317/42/3 350/42/3
f 351/31/3 319/31/3 318/31/3
f 352/33/3 242/33/3 319/33/3
f 352/31/3 319/31/3 351/31/3
f 353/33/3 242/33/3 352/33/3
f 354/33/3 242/33/3 353/33/3
f 355/31/3 320/31/3 242/31/3
f 355/33/3 242/33/3 354/33/3
f 356/31/3 320/31/3 355/31/3
f 357/42/3 321/42/3 320/42/3
f 357/31/3 320/31/3 356/31/3
f 357/42/3 322/42/3 321/42/3
f 358/42/3 322/42/3 357/42/3
f 359/23/3 323/23/3 322/23/3
f 359/42/3 322/42/3 358/42/3
f 360/24/3 324/24/3 323/24/3
f 360/23/3 323/23/3 359/23/3
f 361/24/3 324/24/3 360/24/3
f 362/25/3 286/25/3 324/25/3
f 362/24/3 324/24/3 361/24/3
f 363/24/3 289/24/3 288/24/3
f 363/25/3 286/25/3 362/25/3
f 363/24/3 288/24/3 287/24/3
f 363/24/3 287/24/3 286/24/3
f 364/22/3 326/22/3 325/22/3
f 364/24/3 289/24/3 363/24/3
f 364/22/3 325/22/3 289/22/3
f 365/22/3 326/22/3 364/22/3
f 366/42/3 327/42/3 326/42/3
f 366/22/3 326/22/3 365/22/3
f 366/42/3 328/42/3 327/42/3
f 367/42/3 328/42/3 366/42/3
f 368/31/3 258/31/3 328/31/3
f 368/42/3 328/42/3 367/42/3
f 369/31/3 258/31/3 368/31/3
f 370/32/3 294/32/3 258/32/3
f 370/31/3 258/31/3 369/31/3
f 371/34/3 295/34/3 294/34/3
f 371/32/3 294/32/3 370/32/3
f 372/31/3 296/31/3 295/31/3
f 372/37/3 297/37/3 296/37/3
f 373/31/3 259/31/3 297/31/3
f 373/37/3 297/37/3 372/37/3
f 374/31/3 332/31/3 331/31/3
f 374/31/3 330/31/3 329/31/3
f 374/31/3 331/31/3 330/31/3
f 374/31/3 333/31/3 332/31/3
f 374/31/3 334/31/3 333/31/3
f 375/29/3 195/29/3 334/29/3
f 375/31/3 334/31/3 374/31/3
f 376/35/3 300/35/3 195/35/3
f 376/29/3 195/29/3 375/29/3
f 377/29/3 337/29/3 336/29/3
f 377/29/3 339/29/3 338/29/3
f 377/29/3 338/29/3 337/29/3
f 378/31/3 269/31/3 339/31/3
f 378/29/3 339/29/3 377/29/3
f 379/32/3 341/32/3 340/32/3
f 379/32/3 342/32/3 341/32/3
f 379/32/3 343/32/3 342/32/3
f 379/32/3 340/32/3 302/32/3
f 380/32/3 307/32/3 343/32/3
f 380/32/3 343/32/3 379/32/3
f 381/32/3 345/32/3 344/32/3
f 381/3/3 346/3/3 345/3/3
f 382/30/3 134/30/3 346/30/3
f 382/3/3 346/3/3 381/3/3
f 383/42/3 349/42/3 348/42/3
f 383/42/3 348/42/3 347/42/3
f 384/19/3 351/19/3 350/19/3
f 384/42/3 349/42/3 383/42/3
f 384/19/3 350/19/3 349/19/3
f 385/19/3 351/19/3 384/19/3
f 386/19/3 351/19/3 385/19/3
f 387/19/3 351/19/3 386/19/3
f 388/42/3 352/42/3 351/42/3
f 388/19/3 351/19/3 387/19/3
f 389/42/3 352/42/3 388/42/3
f 390/31/3 353/31/3 352/31/3
f 390/42/3 352/42/3 389/42/3
f 391/33/3 354/33/3 353/33/3
f 391/31/3 353/31/3 390/31/3
f 392/33/3 354/33/3 391/33/3
f 393/42/3 358/42/3 357/42/3
f 393/42/3 357/42/3 356/42/3
f 394/23/3 359/23/3 358/23/3
f 394/42/3 358/42/3 393/42/3
f 395/23/3 359/23/3 394/23/3
f 396/24/3 361/24/3 360/24/3
f 396/23/3 359/23/3 395/23/3
f 396/24/3 360/24/3 359/24/3
f 397/24/3 361/24/3 396/24/3
f 398/25/3 362/25/3 361/25/3
f 398/24/3 361/24/3 397/24/3
f 399/24/3 363/24/3 362/24/3
f 399/25/3 362/25/3 398/25/3
f 399/24/3 365/24/3 364/24/3
f 399/24/3 364/24/3 363/24/3
f 400/22/3 367/22/3 366/22/3
f 400/24/3 365/24/3 399/24/3
f 400/22/3 366/22/3 365/22/3
f 401/22/3 367/22/3 400/22/3
f 402/42/3 368/42/3 367/42/3
f 402/22/3 367/22/3 401/22/3
f 402/42/3 369/42/3 368/42/3
f 403/42/3 369/42/3 402/42/3
f 404/31/3 370/31/3 369/31/3
f 404/42/3 369/42/3 403/42/3
f 404/31/3 371/31/3 370/31/3
f 405/31/3 371/31/3 404/31/3
f 406/31/3 372/31/3 295/31/3
f 406/34/3 295/34/3 371/34/3
f 406/31/3 373/31/3 372/31/3
f 407/35/3 329/35/3 259/35/3
f 407/31/3 373/31/3 406/31/3
f 407/31/3 259/31/3 373/31/3
f 408/35/3 375/35/3 374/35/3
f 408/31/3 374/31/3 329/31/3
f 408/35/3 376/35/3 375/35/3
f 409/35/3 376/35/3 408/35/3
f 410/35/3 376/35/3 409/35/3
f 411/35/3 300/35/3 376/35/3
f 411/35/3 376/35/3 410/35/3
f 411/29/3 301/29/3 300/29/3
f 412/37/3 335/37/3 301/37/3
f 412/29/3 301/29/3 411/29/3
f 413/35/3 336/35/3 335/35/3
f 413/37/3 335/37/3 412/37/3
f 414/32/3 379/32/3 302/32/3
f 414/32/3 302/32/3 110/32/3
f 415/2/3 380/2/3 379/2/3
f 415/32/3 379/32/3 414/32/3
f 416/32/3 307/32/3 380/32/3
f 416/2/3 380/2/3 415/2/3
f 417/32/3 200/32/3 307/32/3
f 417/32/3 307/32/3 416/32/3
f 418/32/3 381/32/3 344/32/3
f 418/32/3 344/32/3 201/32/3
f 418/32/3 382/32/3 381/32/3
f 419/30/3 134/30/3 382/30/3
f 419/32/3 382/32/3 418/32/3
f 420/30/3 308/30/3 135/30/3
f 420/2/3 311/2/3 310/2/3
f 420/2/3 313/2/3 312/2/3
f 420/2/3 312/2/3 311/2/3
f 420/2/3 310/2/3 309/2/3
f 420/2/3 309/2/3 308/2/3
f 421/2/3 313/2/3 420/2/3
f 422/2/3 313/2/3 421/2/3
f 423/2/3 313/2/3 422/2/3
f 424/33/3 347/33/3 313/33/3
f 424/2/3 313/2/3 423/2/3
f 425/19/3 384/19/3 383/19/3
f 425/19/3 385/19/3 384/19/3
f 426/18/3 386/18/3 385/18/3
f 426/19/3 385/19/3 425/19/3
f 427/17/3 387/17/3 386/17/3
f 427/18/3 386/18/3 426/18/3
f 428/19/3 388/19/3 387/19/3
f 428/17/3 387/17/3 427/17/3
f 428/19/3 389/19/3 388/19/3
f 429/19/3 389/19/3 428/19/3
f 430/19/3 389/19/3 429/19/3
f 431/42/3 391/42/3 390/42/3
f 431/19/3 389/19/3 430/19/3
f 431/42/3 392/42/3 391/42/3
f 431/42/3 390/42/3 389/42/3
f 432/42/3 392/42/3 431/42/3
f 433/33/3 354/33/3 392/33/3
f 433/42/3 392/42/3 432/42/3
f 434/33/3 354/33/3 433/33/3
f 435/31/3 356/31/3 355/31/3
f 435/31/3 355/31/3 354/31/3
f 436/42/3 393/42/3 356/42/3
f 436/31/3 356/31/3 435/31/3
f 437/24/3 397/24/3 396/24/3
f 437/24/3 396/24/3 395/24/3
f 438/25/3 398/25/3 397/25/3
f 438/24/3 397/24/3 437/24/3
f 439/24/3 399/24/3 398/24/3
f 439/25/3 398/25/3 438/25/3
f 439/24/3 401/24/3 400/24/3
f 439/24/3 400/24/3 399/24/3
f 440/22/3 403/22/3 402/22/3
f 440/24/3 401/24/3 439/24/3
f 440/22/3 402/22/3 401/22/3
f 441/22/3 403/22/3 440/22/3
f 442/42/3 405/42/3 404/42/3
f 442/22/3 403/22/3 441/22/3
f 442/42/3 404/42/3 403/42/3
f 443/42/3 405/42/3 442/42/3
f 444/31/3 371/31/3 405/31/3
f 444/42/3 405/42/3 443/42/3
f 445/31/3 371/31/3 444/31/3
f 446/42/3 407/42/3 406/42/3
f 447/35/3 329/35/3 407/35/3
f 447/42/3 407/42/3 446/42/3
f 448/31/3 408/31/3 329/31/3
f 448/35/3 329/35/3 447/35/3
f 448/31/3 409/31/3 408/31/3
f 449/31/3 409/31/3 448/31/3
f 450/28/3 410/28/3 409/28/3
f 450/31/3 409/31/3 449/31/3
f 451/28/3 410/28/3 450/28/3
f 452/29/3 411/29/3 410/29/3
f 452/28/3 410/28/3 451/28/3
f 452/29/3 412/29/3 411/29/3
f 453/29/3 412/29/3 452/29/3
f 454/29/3 412/29/3 453/29/3
f 455/36/3 413/36/3 412/36/3
f 455/29/3 412/29/3 454/29/3
f 456/35/3 336/35/3 413/35/3
f 456/36/3 413/36/3 455/36/3
f 457/29/3 377/29/3 336/29/3
f 457/35/3 336/35/3 456/35/3
f 458/32/3 418/32/3 201/32/3
f 458/3/3 419/3/3 418/3/3
f 459/3/3 419/3/3 458/3/3
f 460/3/3 419/3/3 459/3/3
f 461/3/3 419/3/3 460/3/3
f 462/29/3 421/29/3 420/29/3
f 463/33/3 422/33/3 421/33/3
f 463/29/3 421/29/3 462/29/3
f 464/33/3 347/33/3 424/33/3
f 464/33/3 424/33/3 423/33/3
f 465/42/3 383/42/3 347/42/3
f 465/33/3 347/33/3 464/33/3
f 466/19/3 425/19/3 383/19/3
f 466/42/3 383/42/3 465/42/3
f 467/42/3 427/42/3 426/42/3
f 467/42/3 429/42/3 428/42/3
f 467/42/3 428/42/3 427/42/3
f 468/18/3 430/18/3 429/18/3
f 468/42/3 429/42/3 467/42/3
f 469/19/3 432/19/3 431/19/3
f 469/18/3 430/18/3 468/18/3
f 469/19/3 431/19/3 430/19/3
f 470/19/3 432/19/3 469/19/3
f 471/19/3 432/19/3 470/19/3
f 472/42/3 433/42/3 432/42/3
f 472/19/3 432/19/3 471/19/3
f 472/42/3 434/42/3 433/42/3
f 473/42/3 434/42/3 472/42/3
f 474/33/3 354/33/3 434/33/3
f 474/42/3 434/42/3 473/42/3
f 475/31/3 435/31/3 354/31/3
f 475/33/3 354/33/3 474/33/3
f 476/42/3 436/42/3 435/42/3
f 476/31/3 435/31/3 475/31/3
f 477/42/3 393/42/3 436/42/3
f 477/42/3 436/42/3 476/42/3
f 478/23/3 395/23/3 394/23/3
f 478/42/3 393/42/3 477/42/3
f 478/23/3 394/23/3 393/23/3
f 479/23/3 395/23/3 478/23/3
f 480/24/3 437/24/3 395/24/3
f 480/23/3 395/23/3 479/23/3
f 481/25/3 438/25/3 437/25/3
f 481/24/3 437/24/3 480/24/3
f 482/24/3 439/24/3 438/24/3
f 482/25/3 438/25/3 481/25/3
f 482/24/3 441/24/3 440/24/3
f 482/24/3 440/24/3 439/24/3
f 483/22/3 443/22/3 442/22/3
f 483/24/3 441/24/3 482/24/3
f 483/22/3 442/22/3 441/22/3
f 484/22/3 443/22/3 483/22/3
f 485/42/3 445/42/3 444/42/3
f 485/22/3 443/22/3 484/22/3
f 485/42/3 444/42/3 443/42/3
f 486/31/3 371/31/3 445/31/3
f 486/42/3 445/42/3 485/42/3
f 487/31/3 371/31/3 486/31/3
f 488/31/3 371/31/3 487/31/3
f 489/34/3 406/34/3 371/34/3
f 489/31/3 371/31/3 488/31/3
f 490/42/3 446/42/3 406/42/3
f 490/34/3 406/34/3 489/34/3
f 491/18/3 447/18/3 446/18/3
f 491/42/3 446/42/3 490/42/3
f 492/42/3 449/42/3 448/42/3
f 492/18/3 447/18/3 491/18/3
f 492/42/3 448/42/3 447/42/3
f 493/42/3 449/42/3 492/42/3
f 494/31/3 451/31/3 450/31/3
f 494/42/3 449/42/3 493/42/3
f 494/31/3 450/31/3 449/31/3
f 495/31/3 451/31/3 494/31/3
f 496/28/3 452/28/3 451/28/3
f 496/31/3 451/31/3 495/31/3
f 496/28/3 453/28/3 452/28/3
f 497/29/3 454/29/3 453/29/3
f 497/28/3 453/28/3 496/28/3
f 498/29/3 454/29/3 497/29/3
f 499/29/3 457/29/3 456/29/3
f 499/36/3 456/36/3 455/36/3
f 500/29/3 377/29/3 457/29/3
f 500/29/3 457/29/3 499/29/3
f 501/32/3 414/32/3 110/32/3
f 501/2/3 415/2/3 414/2/3
f 502/32/3 416/32/3 415/32/3
f 502/2/3 415/2/3 501/2/3
f 503/2/3 417/2/3 416/2/3
f 503/32/3 416/32/3 502/32/3
f 504/32/3 200/32/3 417/32/3
f 504/2/3 417/2/3 503/2/3
f 505/19/3 425/19/3 466/19/3
f 505/19/3 466/19/3 465/19/3
f 506/18/3 426/18/3 425/18/3
f 506/19/3 425/19/3 505/19/3
f 507/42/3 467/42/3 426/42/3
f 507/18/3 426/18/3 506/18/3
f 508/31/3 468/31/3 467/31/3
f 508/42/3 467/42/3 507/42/3
f 509/31/3 468/31/3 508/31/3
f 510/42/3 469/42/3 468/42/3
f 510/31/3 468/31/3 509/31/3
f 510/42/3 470/42/3 469/42/3
f 511/42/3 470/42/3 510/42/3
f 512/18/3 471/18/3 470/18/3
f 512/42/3 470/42/3 511/42/3
f 513/19/3 473/19/3 472/19/3
f 513/18/3 471/18/3 512/18/3
f 513/19/3 472/19/3 471/19/3
f 514/19/3 473/19/3 513/19/3
f 515/42/3 477/42/3 476/42/3
f 515/19/3 473/19/3 514/19/3
f 515/42/3 476/42/3 475/42/3
f 515/42/3 475/42/3 474/42/3
f 515/42/3 474/42/3 473/42/3
f 516/42/3 477/42/3 515/42/3
f 517/23/3 479/23/3 478/23/3
f 517/23/3 478/23/3 477/23/3
f 518/24/3 482/24/3 481/24/3
f 518/23/3 479/23/3 517/23/3
f 518/24/3 481/24/3 480/24/3
f 518/24/3 480/24/3 479/24/3
f 518/24/3 484/24/3 483/24/3
f 518/24/3 483/24/3 482/24/3
f 519/24/3 484/24/3 518/24/3
f 520/24/3 484/24/3 519/24/3
f 521/22/3 485/22/3 484/22/3
f 521/24/3 484/24/3 520/24/3
f 521/22/3 486/22/3 485/22/3
f 522/22/3 486/22/3 521/22/3
f 523/42/3 487/42/3 486/42/3
f 523/22/3 486/22/3 522/22/3
f 524/42/3 487/42/3 523/42/3
f 525/31/3 488/31/3 487/31/3
f 525/42/3 487/42/3 524/42/3
f 526/42/3 489/42/3 488/42/3
f 526/31/3 488/31/3 525/31/3
f 526/42/3 490/42/3 489/42/3
f 527/42/3 490/42/3 526/42/3
f 528/18/3 491/18/3 490/18/3
f 528/42/3 490/42/3 527/42/3
f 528/18/3 493/18/3 492/18/3
f 528/18/3 492/18/3 491/18/3
f 529/18/3 493/18/3 528/18/3
f 530/42/3 494/42/3 493/42/3
f 530/18/3 493/18/3 529/18/3
f 530/42/3 495/42/3 494/42/3
f 531/42/3 495/42/3 530/42/3
f 532/31/3 497/31/3 496/31/3
f 532/42/3 495/42/3 531/42/3
f 532/31/3 498/31/3 497/31/3
f 532/31/3 496/31/3 495/31/3
f 533/31/3 498/31/3 532/31/3
f 534/2/3 503/2/3 502/2/3
f 534/32/3 502/32/3 501/32/3
f 535/32/3 504/32/3 503/32/3
f 535/2/3 503/2/3 534/2/3
f 536/3/3 460/3/3 459/3/3
f 536/32/3 459/32/3 458/32/3
f 537/32/3 461/32/3 460/32/3
f 537/3/3 460/3/3 536/3/3
f 538/3/3 419/3/3 461/3/3
f 538/32/3 461/32/3 537/32/3
f 539/30/3 134/30/3 419/30/3
f 539/3/3 419/3/3 538/3/3
f 540/2/3 423/2/3 422/2/3
f 540/33/3 422/33/3 463/33/3
f 540/33/3 463/33/3 462/33/3
f 541/33/3 464/33/3 423/33/3
f 541/2/3 423/2/3 540/2/3
f 542/42/3 465/42/3 464/42/3
f 542/19/3 505/19/3 465/19/3
f 543/18/3 506/18/3 505/18/3
f 543/19/3 505/19/3 542/19/3
f 544/42/3 507/42/3 506/42/3
f 544/18/3 506/18/3 543/18/3
f 544/42/3 509/42/3 508/42/3
f 544/42/3 508/42/3 507/42/3
f 545/42/3 509/42/3 544/42/3
f 546/42/3 509/42/3 545/42/3
f 547/31/3 511/31/3 510/31/3
f 547/42/3 509/42/3 546/42/3
f 547/31/3 510/31/3 509/31/3
f 548/31/3 511/31/3 547/31/3
f 549/31/3 511/31/3 548/31/3
f 550/42/3 514/42/3 513/42/3
f 550/31/3 511/31/3 549/31/3
f 550/42/3 513/42/3 512/42/3
f 550/42/3 512/42/3 511/42/3
f 551/19/3 515/19/3 514/19/3
f 551/42/3 514/42/3 550/42/3
f 551/19/3 516/19/3 515/19/3
f 552/19/3 516/19/3 551/19/3
f 553/19/3 516/19/3 552/19/3
f 554/42/3 477/42/3 516/42/3
f 554/19/3 516/19/3 553/19/3
f 555/24/3 519/24/3 518/24/3
f 555/24/3 518/24/3 517/24/3
f 556/25/3 520/25/3 519/25/3
f 556/24/3 519/24/3 555/24/3
f 557/24/3 522/24/3 521/24/3
f 557/25/3 520/25/3 556/25/3
f 557/24/3 521/24/3 520/24/3
f 558/22/3 524/22/3 523/22/3
f 558/24/3 522/24/3 557/24/3
f 558/22/3 523/22/3 522/22/3
f 559/22/3 524/22/3 558/22/3
f 560/42/3 527/42/3 526/42/3
f 560/22/3 524/22/3 559/22/3
f 560/42/3 526/42/3 525/42/3
f 560/42/3 525/42/3 524/42/3
f 561/42/3 527/42/3 560/42/3
f 562/42/3 527/42/3 561/42/3
f 563/18/3 528/18/3 527/18/3
f 563/42/3 527/42/3 562/42/3
f 564/19/3 529/19/3 528/19/3
f 564/18/3 528/18/3 563/18/3
f 565/19/3 529/19/3 564/19/3
f 566/18/3 531/18/3 530/18/3
f 566/19/3 529/19/3 565/19/3
f 566/18/3 530/18/3 529/18/3
f 567/42/3 532/42/3 531/42/3
f 567/18/3 531/18/3 566/18/3
f 567/42/3 533/42/3 532/42/3
f 568/42/3 533/42/3 567/42/3
f 569/31/3 498/31/3 533/31/3
f 569/42/3 533/42/3 568/42/3
f 570/31/3 498/31/3 569/31/3
f 571/32/3 501/32/3 110/32/3
f 571/32/3 535/32/3 534/32/3
f 571/32/3 534/32/3 501/32/3
f 572/32/3 200/32/3 504/32/3
f 572/32/3 535/32/3 571/32/3
f 572/32/3 504/32/3 535/32/3
f 573/3/3 538/3/3 537/3/3
f 573/32/3 537/32/3 536/32/3
f 574/32/3 539/32/3 538/32/3
f 574/3/3 538/3/3 573/3/3
f 575/32/3 135/32/3 134/32/3
f 575/30/3 420/30/3 135/30/3
f 576/29/3 462/29/3 420/29/3
f 576/30/3 420/30/3 575/30/3
f 577/33/3 540/33/3 462/33/3
f 577/29/3 462/29/3 576/29/3
f 577/33/3 541/33/3 540/33/3
f 578/42/3 543/42/3 542/42/3
f 578/33/3 541/33/3 577/33/3
f 578/33/3 464/33/3 541/33/3
f 578/42/3 542/42/3 464/42/3
f 579/19/3 544/19/3 543/19/3
f 579/42/3 543/42/3 578/42/3
f 579/19/3 545/19/3 544/19/3
f 580/19/3 545/19/3 579/19/3
f 581/18/3 546/18/3 545/18/3
f 581/19/3 545/19/3 580/19/3
f 582/42/3 548/42/3 547/42/3
f 582/18/3 546/18/3 581/18/3
f 582/42/3 547/42/3 546/42/3
f 583/42/3 548/42/3 582/42/3
f 584/31/3 549/31/3 548/31/3
f 584/42/3 548/42/3 583/42/3
f 585/42/3 550/42/3 549/42/3
f 585/31/3 549/31/3 584/31/3
f 585/42/3 552/42/3 551/42/3
f 585/42/3 551/42/3 550/42/3
f 586/42/3 552/42/3 585/42/3
f 587/19/3 553/19/3 552/19/3
f 587/42/3 552/42/3 586/42/3
f 588/42/3 554/42/3 553/42/3
f 588/19/3 553/19/3 587/19/3
f 589/42/3 554/42/3 588/42/3
f 590/42/3 477/42/3 554/42/3
f 590/42/3 554/42/3 589/42/3
f 591/23/3 517/23/3 477/23/3
f 591/42/3 477/42/3 590/42/3
f 592/24/3 555/24/3 517/24/3
f 592/23/3 517/23/3 591/23/3
f 593/25/3 556/25/3 555/25/3
f 593/24/3 555/24/3 592/24/3
f 594/24/3 559/24/3 558/24/3
f 594/25/3 556/25/3 593/25/3
f 594/24/3 558/24/3 557/24/3
f 594/24/3 557/24/3 556/24/3
f 595/22/3 561/22/3 560/22/3
f 595/24/3 559/24/3 594/24/3
f 595/22/3 560/22/3 559/22/3
f 596/42/3 562/42/3 561/42/3
f 596/22/3 561/22/3 595/22/3
f 597/18/3 563/18/3 562/18/3
f 597/42/3 562/42/3 596/42/3
f 598/18/3 563/18/3 597/18/3
f 599/42/3 565/42/3 564/42/3
f 599/42/3 564/42/3 563/42/3
f 600/19/3 567/19/3 566/19/3
f 600/42/3 565/42/3 599/42/3
f 600/19/3 566/19/3 565/19/3
f 601/19/3 567/19/3 600/19/3
f 602/18/3 568/18/3 567/18/3
f 602/19/3 567/19/3 601/19/3
f 603/42/3 570/42/3 569/42/3
f 603/18/3 568/18/3 602/18/3
f 603/42/3 569/42/3 568/42/3
f 604/42/3 570/42/3 603/42/3
f 605/31/3 498/31/3 570/31/3
f 605/42/3 570/42/3 604/42/3
f 606/31/3 498/31/3 605/31/3
f 607/29/3 454/29/3 498/29/3
f 607/31/3 498/31/3 606/31/3
f 608/27/3 455/27/3 454/27/3
f 608/29/3 454/29/3 607/29/3
f 609/28/3 500/28/3 499/28/3
f 609/29/3 377/29/3 500/29/3
f 610/29/3 377/29/3 609/29/3
f 611/27/3 378/27/3 377/27/3
f 611/29/3 377/29/3 610/29/3
f 612/31/3 269/31/3 378/31/3
f 612/27/3 378/27/3 611/27/3
f 613/32/3 571/32/3 110/32/3
f 613/2/3 572/2/3 571/2/3
f 614/2/3 572/2/3 613/2/3
f 615/2/3 572/2/3 614/2/3
f 616/32/3 200/32/3 572/32/3
f 616/2/3 572/2/3 615/2/3
f 617/32/3 574/32/3 573/32/3
f 617/32/3 573/32/3 536/32/3
f 617/32/3 536/32/3 458/32/3
f 618/32/3 539/32/3 574/32/3
f 618/32/3 574/32/3 617/32/3
f 619/2/3 577/2/3 576/2/3
f 619/29/3 576/29/3 575/29/3
f 619/2/3 578/2/3 577/2/3
f 620/2/3 578/2/3 619/2/3
f 621/2/3 578/2/3 620/2/3
f 622/33/3 579/33/3 578/33/3
f 622/2/3 578/2/3 621/2/3
f 623/33/3 579/33/3 622/33/3
f 624/19/3 583/19/3 582/19/3
f 624/19/3 581/19/3 580/19/3
f 624/42/3 580/42/3 579/42/3
f 624/19/3 582/19/3 581/19/3
f 625/19/3 583/19/3 624/19/3
f 626/42/3 584/42/3 583/42/3
f 626/42/3 585/42/3 584/42/3
f 627/19/3 586/19/3 585/19/3
f 627/42/3 585/42/3 626/42/3
f 628/19/3 586/19/3 627/19/3
f 629/19/3 586/19/3 628/19/3
f 630/42/3 588/42/3 587/42/3
f 630/19/3 586/19/3 629/19/3
f 630/42/3 589/42/3 588/42/3
f 630/42/3 587/42/3 586/42/3
f 631/19/3 590/19/3 589/19/3
f 631/42/3 589/42/3 630/42/3
f 632/42/3 591/42/3 590/42/3
f 633/25/3 593/25/3 592/25/3
f 633/42/3 591/42/3 632/42/3
f 633/25/3 592/25/3 591/25/3
f 633/25/3 595/25/3 594/25/3
f 633/25/3 594/25/3 593/25/3
f 633/25/3 596/25/3 595/25/3
f 634/25/3 596/25/3 633/25/3
f 635/25/3 596/25/3 634/25/3
f 636/25/3 596/25/3 635/25/3
f 637/25/3 596/25/3 636/25/3
f 638/42/3 598/42/3 597/42/3
f 638/25/3 596/25/3 637/25/3
f 638/42/3 597/42/3 596/42/3
f 639/42/3 598/42/3 638/42/3
f 640/18/3 563/18/3 598/18/3
f 640/42/3 598/42/3 639/42/3
f 641/42/3 599/42/3 563/42/3
f 641/18/3 563/18/3 640/18/3
f 642/42/3 601/42/3 600/42/3
f 642/31/3 600/31/3 599/31/3
f 643/19/3 602/19/3 601/19/3
f 643/42/3 601/42/3 642/42/3
f 643/19/3 603/19/3 602/19/3
f 644/19/3 603/19/3 643/19/3
f 645/18/3 604/18/3 603/18/3
f 645/19/3 603/19/3 644/19/3
f 646/42/3 606/42/3 605/42/3
f 646/18/3 604/18/3 645/18/3
f 646/42/3 605/42/3 604/42/3
f 647/42/3 606/42/3 646/42/3
f 648/31/3 607/31/3 606/31/3
f 648/42/3 606/42/3 647/42/3
f 648/31/3 608/31/3 607/31/3
f 649/31/3 608/31/3 648/31/3
f 650/27/3 455/27/3 608/27/3
f 650/31/3 608/31/3 649/31/3
f 651/36/3 499/36/3 455/36/3
f 651/27/3 455/27/3 650/27/3
f 652/28/3 609/28/3 499/28/3
f 652/36/3 499/36/3 651/36/3
f 653/31/3 610/31/3 609/31/3
f 653/28/3 609/28/3 652/28/3
f 654/29/3 611/29/3 610/29/3
f 654/31/3 610/31/3 653/31/3
f 655/31/3 612/31/3 611/31/3
f 655/29/3 611/29/3 654/29/3
f 656/32/3 614/32/3 613/32/3
f 657/2/3 615/2/3 614/2/3
f 657/32/3 614/32/3 656/32/3
f 658/32/3 616/32/3 615/32/3
f 658/2/3 615/2/3 657/2/3
f 659/32/3 617/32/3 458/32/3
f 659/32/3 458/32/3 201/32/3
f 660/3/3 618/3/3 617/3/3
f 660/32/3 617/32/3 659/32/3
f 661/32/3 539/32/3 618/32/3
f 661/3/3 618/3/3 660/3/3
f 662/30/3 134/30/3 539/30/3
f 662/32/3 539/32/3 661/32/3
f 663/33/3 579/33/3 623/33/3
f 663/42/3 625/42/3 624/42/3
f 663/42/3 624/42/3 579/42/3
f 664/42/3 625/42/3 663/42/3
f 665/19/3 583/19/3 625/19/3
f 665/42/3 625/42/3 664/42/3
f 666/42/3 626/42/3 583/42/3
f 666/19/3 583/19/3 665/19/3
f 667/42/3 626/42/3 666/42/3
f 668/19/3 628/19/3 627/19/3
f 668/42/3 626/42/3 667/42/3
f 668/19/3 627/19/3 626/19/3
f 669/18/3 629/18/3 628/18/3
f 669/19/3 628/19/3 668/19/3
f 670/18/3 629/18/3 669/18/3
f 671/42/3 630/42/3 629/42/3
f 671/18/3 629/18/3 670/18/3
f 672/42/3 630/42/3 671/42/3
f 673/19/3 631/19/3 630/19/3
f 673/42/3 630/42/3 672/42/3
f 674/19/3 631/19/3 673/19/3
f 675/42/3 632/42/3 590/42/3
f 675/19/3 631/19/3 674/19/3
f 675/19/3 590/19/3 631/19/3
f 676/22/3 636/22/3 635/22/3
f 677/25/3 637/25/3 636/25/3
f 677/22/3 636/22/3 676/22/3
f 678/22/3 639/22/3 638/22/3
f 678/25/3 637/25/3 677/25/3
f 678/22/3 638/22/3 637/22/3
f 679/22/3 639/22/3 678/22/3
f 680/42/3 640/42/3 639/42/3
f 680/22/3 639/22/3 679/22/3
f 680/42/3 641/42/3 640/42/3
f 681/42/3 641/42/3 680/42/3
f 682/31/3 642/31/3 599/31/3
f 682/42/3 641/42/3 681/42/3
f 682/42/3 599/42/3 641/42/3
f 682/31/3 643/31/3 642/31/3
f 683/31/3 643/31/3 682/31/3
f 684/42/3 644/42/3 643/42/3
f 684/31/3 643/31/3 683/31/3
f 685/19/3 645/19/3 644/19/3
f 685/42/3 644/42/3 684/42/3
f 685/19/3 646/19/3 645/19/3
f 686/19/3 646/19/3 685/19/3
f 687/18/3 647/18/3 646/18/3
f 687/19/3 646/19/3 686/19/3
f 688/42/3 649/42/3 648/42/3
f 688/18/3 647/18/3 687/18/3
f 688/42/3 648/42/3 647/42/3
f 689/42/3 649/42/3 688/42/3
f 690/31/3 652/31/3 651/31/3
f 690/42/3 649/42/3 689/42/3
f 690/31/3 650/31/3 649/31/3
f 690/31/3 651/31/3 650/31/3
f 691/31/3 652/31/3 690/31/3
f 692/29/3 653/29/3 652/29/3
f 692/31/3 652/31/3 691/31/3
f 693/31/3 655/31/3 654/31/3
f 693/29/3 653/29/3 692/29/3
f 693/31/3 654/31/3 653/31/3
f 694/32/3 656/32/3 613/32/3
f 694/2/3 657/2/3 656/2/3
f 695/32/3 658/32/3 657/32/3
f 695/2/3 657/2/3 694/2/3
f 696/32/3 616/32/3 658/32/3
f 696/32/3 658/32/3 695/32/3
f 697/31/3 664/31/3 663/31/3
f 697/33/3 663/33/3 623/33/3
f 698/31/3 664/31/3 697/31/3
f 699/42/3 665/42/3 664/42/3
f 699/31/3 664/31/3 698/31/3
f 699/42/3 667/42/3 666/42/3
f 699/42/3 666/42/3 665/42/3
f 700/42/3 667/42/3 699/42/3
f 701/42/3 667/42/3 700/42/3
f 702/19/3 668/19/3 667/19/3
f 702/42/3 667/42/3 701/42/3
f 703/18/3 670/18/3 669/18/3
f 703/19/3 668/19/3 702/19/3
f 703/18/3 669/18/3 668/18/3
f 704/42/3 672/42/3 671/42/3
f 704/18/3 670/18/3 703/18/3
f 704/42/3 671/42/3 670/42/3
f 705/42/3 672/42/3 704/42/3
f 706/19/3 674/19/3 673/19/3
f 706/42/3 672/42/3 705/42/3
f 706/19/3 673/19/3 672/19/3
f 707/19/3 674/19/3 706/19/3
f 708/42/3 675/42/3 674/42/3
f 708/19/3 674/19/3 707/19/3
f 709/42/3 675/42/3 708/42/3
f 710/42/3 632/42/3 675/42/3
f 710/42/3 675/42/3 709/42/3
f 711/22/3 676/22/3 635/22/3
f 712/23/3 677/23/3 676/23/3
f 712/22/3 676/22/3 711/22/3
f 712/23/3 679/23/3 678/23/3
f 712/23/3 678/23/3 677/23/3
f 713/22/3 681/22/3 680/22/3
f 713/23/3 679/23/3 712/23/3
f 713/22/3 680/22/3 679/22/3
f 714/22/3 681/22/3 713/22/3
f 715/42/3 683/42/3 682/42/3
f 715/42/3 682/42/3 681/42/3
f 716/42/3 683/42/3 715/42/3
f 717/31/3 684/31/3 683/31/3
f 717/42/3 683/42/3 716/42/3
f 717/31/3 685/31/3 684/31/3
f 718/31/3 685/31/3 717/31/3
f 719/42/3 686/42/3 685/42/3
f 719/31/3 685/31/3 718/31/3
f 720/19/3 687/19/3 686/19/3
f 720/42/3 686/42/3 719/42/3
f 720/19/3 689/19/3 688/19/3
f 720/19/3 688/19/3 687/19/3
f 721/19/3 689/19/3 720/19/3
f 722/42/3 691/42/3 690/42/3
f 722/19/3 689/19/3 721/19/3
f 722/42/3 690/42/3 689/42/3
f 723/42/3 691/42/3 722/42/3
f 724/31/3 692/31/3 691/31/3
f 724/42/3 691/42/3 723/42/3
f 724/31/3 693/31/3 692/31/3
f 725/31/3 655/31/3 693/31/3
f 725/31/3 693/31/3 724/31/3
f 726/32/3 695/32/3 694/32/3
f 726/32/3 694/32/3 613/32/3
f 726/32/3 613/32/3 110/32/3
f 727/2/3 696/2/3 695/2/3
f 727/32/3 695/32/3 726/32/3
f 728/32/3 616/32/3 696/32/3
f 728/2/3 696/2/3 727/2/3
f 729/32/3 200/32/3 616/32/3
f 729/32/3 616/32/3 728/32/3
f 730/32/3 661/32/3 660/32/3
f 731/32/3 661/32/3 730/32/3
f 732/30/3 134/30/3 662/30/3
f 732/3/3 662/3/3 661/3/3
f 733/32/3 575/32/3 134/32/3
f 733/30/3 134/30/3 732/30/3
f 734/33/3 620/33/3 619/33/3
f 734/29/3 619/29/3 575/29/3
f 735/2/3 621/2/3 620/2/3
f 735/33/3 620/33/3 734/33/3
f 736/33/3 622/33/3 621/33/3
f 736/2/3 621/2/3 735/2/3
f 737/2/3 623/2/3 622/2/3
f 737/33/3 622/33/3 736/33/3
f 738/33/3 698/33/3 697/33/3
f 738/2/3 623/2/3 737/2/3
f 738/33/3 697/33/3 623/33/3
f 739/31/3 700/31/3 699/31/3
f 739/33/3 698/33/3 738/33/3
f 739/31/3 699/31/3 698/31/3
f 740/42/3 701/42/3 700/42/3
f 740/31/3 700/31/3 739/31/3
f 741/19/3 702/19/3 701/19/3
f 741/18/3 703/18/3 702/18/3
f 742/42/3 705/42/3 704/42/3
f 742/18/3 703/18/3 741/18/3
f 742/42/3 704/42/3 703/42/3
f 743/42/3 705/42/3 742/42/3
f 744/42/3 705/42/3 743/42/3
f 745/19/3 706/19/3 705/19/3
f 745/42/3 705/42/3 744/42/3
f 745/19/3 707/19/3 706/19/3
f 746/19/3 707/19/3 745/19/3
f 747/42/3 708/42/3 707/42/3
f 747/19/3 707/19/3 746/19/3
f 747/42/3 709/42/3 708/42/3
f 748/42/3 709/42/3 747/42/3
f 749/31/3 710/31/3 709/31/3
f 749/42/3 709/42/3 748/42/3
f 750/31/3 710/31/3 749/31/3
f 751/42/3 632/42/3 710/42/3
f 751/31/3 710/31/3 750/31/3
f 752/22/3 711/22/3 635/22/3
f 753/23/3 712/23/3 711/23/3
f 753/22/3 711/22/3 752/22/3
f 753/23/3 713/23/3 712/23/3
f 753/23/3 714/23/3 713/23/3
f 754/42/3 717/42/3 716/42/3
f 754/42/3 718/42/3 717/42/3
f 754/22/3 716/22/3 715/22/3
f 755/42/3 718/42/3 754/42/3
f 756/31/3 719/31/3 718/31/3
f 756/42/3 718/42/3 755/42/3
f 756/31/3 720/31/3 719/31/3
f 757/31/3 720/31/3 756/31/3
f 758/42/3 721/42/3 720/42/3
f 758/31/3 720/31/3 757/31/3
f 759/42/3 721/42/3 758/42/3
f 760/19/3 723/19/3 722/19/3
f 760/42/3 721/42/3 759/42/3
f 760/19/3 722/19/3 721/19/3
f 761/19/3 723/19/3 760/19/3
f 762/42/3 724/42/3 723/42/3
f 762/19/3 723/19/3 761/19/3
f 762/42/3 725/42/3 724/42/3
f 763/42/3 725/42/3 762/42/3
f 764/42/3 725/42/3 763/42/3
f 765/31/3 655/31/3 725/31/3
f 765/42/3 725/42/3 764/42/3
f 766/31/3 269/31/3 612/31/3
f 766/31/3 655/31/3 765/31/3
f 766/31/3 612/31/3 655/31/3
f 767/2/3 727/2/3 726/2/3
f 767/2/3 728/2/3 727/2/3
f 767/32/3 726/32/3 110/32/3
f 767/2/3 729/2/3 728/2/3
f 768/32/3 200/32/3 729/32/3
f 768/2/3 729/2/3 767/2/3
f 769/2/3 737/2/3 736/2/3
f 769/2/3 736/2/3 735/2/3
f 769/2/3 735/2/3 734/2/3
f 769/29/3 734/29/3 575/29/3
f 770/2/3 737/2/3 769/2/3
f 771/33/3 739/33/3 738/33/3
f 771/2/3 737/2/3 770/2/3
f 771/33/3 740/33/3 739/33/3
f 771/33/3 738/33/3 737/33/3
f 772/19/3 741/19/3 701/19/3
f 772/17/3 742/17/3 741/17/3
f 773/42/3 743/42/3 742/42/3
f 773/17/3 742/17/3 772/17/3
f 774/31/3 744/31/3 743/31/3
f 774/42/3 743/42/3 773/42/3
f 775/31/3 744/31/3 774/31/3
f 776/42/3 745/42/3 744/42/3
f 777/18/3 746/18/3 745/18/3
f 777/42/3 745/42/3 776/42/3
f 778/42/3 748/42/3 747/42/3
f 778/42/3 747/42/3 746/42/3
f 779/31/3 750/31/3 749/31/3
f 779/42/3 748/42/3 778/42/3
f 779/31/3 749/31/3 748/31/3
f 780/42/3 632/42/3 751/42/3
f 780/42/3 751/42/3 750/42/3
f 781/23/3 633/23/3 632/23/3
f 781/42/3 632/42/3 780/42/3
f 782/22/3 681/22/3 714/22/3
f 782/42/3 715/42/3 681/42/3
f 783/22/3 755/22/3 754/22/3
f 783/42/3 715/42/3 782/42/3
f 783/22/3 754/22/3 715/22/3
f 784/22/3 755/22/3 783/22/3
f 785/22/3 755/22/3 784/22/3
f 786/42/3 757/42/3 756/42/3
f 786/22/3 755/22/3 785/22/3
f 786/42/3 756/42/3 755/42/3
f 787/42/3 757/42/3 786/42/3
f 788/31/3 759/31/3 758/31/3
f 788/31/3 758/31/3 757/31/3
f 789/42/3 761/42/3 760/42/3
f 789/31/3 759/31/3 788/31/3
f 789/42/3 760/42/3 759/42/3
f 790/19/3 763/19/3 762/19/3
f 790/42/3 761/42/3 789/42/3
f 790/19/3 762/19/3 761/19/3
f 791/19/3 763/19/3 790/19/3
f 792/19/3 763/19/3 791/19/3
f 793/18/3 764/18/3 763/18/3
f 793/19/3 763/19/3 792/19/3
f 794/42/3 766/42/3 765/42/3
f 794/18/3 764/18/3 793/18/3
f 794/42/3 765/42/3 764/42/3
f 795/31/3 269/31/3 766/31/3
f 795/42/3 766/42/3 794/42/3
f 796/29/3 109/29/3 269/29/3
f 796/31/3 269/31/3 795/31/3
f 797/32/3 768/32/3 767/32/3
f 797/32/3 767/32/3 110/32/3
f 798/32/3 200/32/3 768/32/3
f 798/32/3 768/32/3 797/32/3
f 799/3/3 660/3/3 659/3/3
f 799/32/3 659/32/3 201/32/3
f 800/32/3 730/32/3 660/32/3
f 800/3/3 660/3/3 799/3/3
f 801/3/3 731/3/3 730/3/3
f 801/32/3 730/32/3 800/32/3
f 802/32/3 661/32/3 731/32/3
f 803/3/3 732/3/3 661/3/3
f 803/32/3 661/32/3 802/32/3
f 804/29/3 733/29/3 732/29/3
f 804/3/3 732/3/3 803/3/3
f 805/33/3 740/33/3 771/33/3
f 805/33/3 771/33/3 770/33/3
f 806/33/3 740/33/3 805/33/3
f 807/18/3 773/18/3 772/18/3
f 807/42/3 774/42/3 773/42/3
f 807/42/3 775/42/3 774/42/3
f 808/42/3 775/42/3 807/42/3
f 809/31/3 744/31/3 775/31/3
f 809/42/3 775/42/3 808/42/3
f 810/42/3 776/42/3 744/42/3
f 810/31/3 744/31/3 809/31/3
f 811/18/3 777/18/3 776/18/3
f 811/42/3 776/42/3 810/42/3
f 812/18/3 746/18/3 777/18/3
f 812/18/3 777/18/3 811/18/3
f 813/42/3 778/42/3 746/42/3
f 813/18/3 746/18/3 812/18/3
f 814/31/3 750/31/3 779/31/3
f 814/31/3 779/31/3 778/31/3
f 815/42/3 780/42/3 750/42/3
f 815/31/3 750/31/3 814/31/3
f 816/23/3 714/23/3 753/23/3
f 816/23/3 753/23/3 752/23/3
f 817/23/3 714/23/3 816/23/3
f 818/23/3 785/23/3 784/23/3
f 818/42/3 784/42/3 783/42/3
f 819/22/3 786/22/3 785/22/3
f 819/23/3 785/23/3 818/23/3
f 819/22/3 787/22/3 786/22/3
f 820/22/3 787/22/3 819/22/3
f 821/31/3 788/31/3 757/31/3
f 821/42/3 757/42/3 787/42/3
f 822/42/3 791/42/3 790/42/3
f 822/31/3 788/31/3 821/31/3
f 822/42/3 789/42/3 788/42/3
f 822/42/3 790/42/3 789/42/3
f 823/42/3 791/42/3 822/42/3
f 824/42/3 791/42/3 823/42/3
f 825/19/3 792/19/3 791/19/3
f 825/42/3 791/42/3 824/42/3
f 826/42/3 794/42/3 793/42/3
f 826/19/3 792/19/3 825/19/3
f 826/42/3 793/42/3 792/42/3
f 826/42/3 796/42/3 795/42/3
f 826/42/3 795/42/3 794/42/3
f 827/42/3 796/42/3 826/42/3
f 828/42/3 796/42/3 827/42/3
f 829/42/3 796/42/3 828/42/3
f 830/42/3 796/42/3 829/42/3
f 831/29/3 109/29/3 796/29/3
f 831/42/3 796/42/3 830/42/3
f 832/2/3 798/2/3 797/2/3
f 832/32/3 797/32/3 110/32/3
f 833/2/3 798/2/3 832/2/3
f 834/2/3 798/2/3 833/2/3
f 835/2/3 798/2/3 834/2/3
f 836/32/3 800/32/3 799/32/3
f 836/3/3 801/3/3 800/3/3
f 837/3/3 731/3/3 801/3/3
f 837/3/3 801/3/3 836/3/3
f 837/32/3 802/32/3 731/32/3
f 838/3/3 803/3/3 802/3/3
f 838/32/3 802/32/3 837/32/3
f 839/29/3 804/29/3 803/29/3
f 839/3/3 803/3/3 838/3/3
f 840/33/3 740/33/3 806/33/3
f 840/2/3 806/2/3 805/2/3
f 841/33/3 740/33/3 840/33/3
f 842/42/3 701/42/3 740/42/3
f 842/33/3 740/33/3 841/33/3
f 843/19/3 772/19/3 701/19/3
f 843/42/3 701/42/3 842/42/3
f 844/18/3 808/18/3 807/18/3
f 844/19/3 772/19/3 843/19/3
f 844/18/3 807/18/3 772/18/3
f 845/18/3 808/18/3 844/18/3
f 846/42/3 811/42/3 810/42/3
f 846/18/3 808/18/3 845/18/3
f 846/42/3 810/42/3 809/42/3
f 846/42/3 809/42/3 808/42/3
f 847/42/3 811/42/3 846/42/3
f 848/42/3 778/42/3 813/42/3
f 848/42/3 813/42/3 812/42/3
f 849/31/3 814/31/3 778/31/3
f 849/42/3 778/42/3 848/42/3
f 850/42/3 780/42/3 815/42/3
f 850/42/3 815/42/3 814/42/3
f 851/23/3 781/23/3 780/23/3
f 851/42/3 780/42/3 850/42/3
f 852/22/3 752/22/3 635/22/3
f 852/23/3 816/23/3 752/23/3
f 853/22/3 817/22/3 816/22/3
f 853/23/3 816/23/3 852/23/3
f 854/23/3 714/23/3 817/23/3
f 854/22/3 817/22/3 853/22/3
f 855/22/3 782/22/3 714/22/3
f 855/23/3 714/23/3 854/23/3
f 855/22/3 783/22/3 782/22/3
f 856/22/3 783/22/3 855/22/3
f 857/42/3 818/42/3 783/42/3
f 857/25/3 820/25/3 819/25/3
f 857/25/3 819/25/3 818/25/3
f 858/22/3 787/22/3 820/22/3
f 858/25/3 820/25/3 857/25/3
f 859/42/3 823/42/3 822/42/3
f 859/22/3 787/22/3 858/22/3
f 859/42/3 821/42/3 787/42/3
f 859/42/3 822/42/3 821/42/3
f 860/42/3 823/42/3 859/42/3
f 861/42/3 825/42/3 824/42/3
f 861/42/3 826/42/3 825/42/3
f 862/42/3 826/42/3 861/42/3
f 863/42/3 826/42/3 862/42/3
f 864/19/3 827/19/3 826/19/3
f 864/42/3 826/42/3 863/42/3
f 865/32/3 836/32/3 799/32/3
f 865/32/3 838/32/3 837/32/3
f 865/32/3 799/32/3 201/32/3
f 865/32/3 839/32/3 838/32/3
f 865/32/3 837/32/3 836/32/3
f 866/29/3 804/29/3 839/29/3
f 866/32/3 839/32/3 865/32/3
f 867/29/3 733/29/3 804/29/3
f 867/29/3 804/29/3 866/29/3
f 868/29/3 770/29/3 769/29/3
f 868/29/3 769/29/3 575/29/3
f 869/33/3 805/33/3 770/33/3
f 869/29/3 770/29/3 868/29/3
f 870/2/3 840/2/3 805/2/3
f 870/33/3 805/33/3 869/33/3
f 871/19/3 845/19/3 844/19/3
f 871/42/3 844/42/3 843/42/3
f 872/18/3 847/18/3 846/18/3
f 872/19/3 845/19/3 871/19/3
f 872/18/3 846/18/3 845/18/3
f 873/18/3 847/18/3 872/18/3
f 874/42/3 811/42/3 847/42/3
f 874/18/3 847/18/3 873/18/3
f 875/42/3 811/42/3 874/42/3
f 876/17/3 812/17/3 811/17/3
f 876/42/3 811/42/3 875/42/3
f 877/42/3 848/42/3 812/42/3
f 877/17/3 812/17/3 876/17/3
f 878/25/3 635/25/3 634/25/3
f 878/22/3 852/22/3 635/22/3
f 879/21/3 853/21/3 852/21/3
f 879/22/3 852/22/3 878/22/3
f 879/21/3 854/21/3 853/21/3
f 879/21/3 856/21/3 855/21/3
f 879/21/3 855/21/3 854/21/3
f 880/22/3 783/22/3 856/22/3
f 880/21/3 856/21/3 879/21/3
f 881/42/3 857/42/3 783/42/3
f 881/22/3 783/22/3 880/22/3
f 882/23/3 858/23/3 857/23/3
f 882/23/3 859/23/3 858/23/3
f 882/22/3 860/22/3 859/22/3
f 883/22/3 860/22/3 882/22/3
f 884/19/3 824/19/3 823/19/3
f 885/42/3 861/42/3 824/42/3
f 885/19/3 824/19/3 884/19/3
f 886/42/3 861/42/3 885/42/3
f 887/19/3 862/19/3 861/19/3
f 887/42/3 861/42/3 886/42/3
f 888/19/3 864/19/3 863/19/3
f 889/19/3 827/19/3 864/19/3
f 889/19/3 864/19/3 888/19/3
f 889/42/3 828/42/3 827/42/3
f 890/19/3 829/19/3 828/19/3
f 891/42/3 830/42/3 829/42/3
f 891/19/3 829/19/3 890/19/3
f 892/32/3 833/32/3 832/32/3
f 892/2/3 834/2/3 833/2/3
f 893/32/3 835/32/3 834/32/3
f 893/2/3 834/2/3 892/2/3
f 894/2/3 798/2/3 835/2/3
f 894/32/3 835/32/3 893/32/3
f 895/32/3 200/32/3 798/32/3
f 895/2/3 798/2/3 894/2/3
f 896/3/3 866/3/3 865/3/3
f 896/3/3 867/3/3 866/3/3
f 896/32/3 865/32/3 201/32/3
f 897/3/3 867/3/3 896/3/3
f 898/3/3 867/3/3 897/3/3
f 899/3/3 867/3/3 898/3/3
f 900/2/3 870/2/3 869/2/3
f 900/29/3 868/29/3 575/29/3
f 900/2/3 869/2/3 868/2/3
f 901/2/3 870/2/3 900/2/3
f 902/2/3 870/2/3 901/2/3
f 903/2/3 840/2/3 870/2/3
f 903/2/3 870/2/3 902/2/3
f 904/31/3 841/31/3 840/31/3
f 904/33/3 842/33/3 841/33/3
f 905/33/3 842/33/3 904/33/3
f 906/42/3 873/42/3 872/42/3
f 906/42/3 871/42/3 843/42/3
f 906/42/3 872/42/3 871/42/3
f 906/31/3 843/31/3 842/31/3
f 907/42/3 873/42/3 906/42/3
f 908/17/3 874/17/3 873/17/3
f 908/42/3 873/42/3 907/42/3
f 909/42/3 875/42/3 874/42/3
f 909/17/3 874/17/3 908/17/3
f 910/19/3 876/19/3 875/19/3
f 910/42/3 875/42/3 909/42/3
f 911/18/3 877/18/3 876/18/3
f 911/19/3 876/19/3 910/19/3
f 912/42/3 848/42/3 877/42/3
f 912/18/3 877/18/3 911/18/3
f 913/31/3 849/31/3 848/31/3
f 913/42/3 848/42/3 912/42/3
f 914/31/3 814/31/3 849/31/3
f 914/31/3 849/31/3 913/31/3
f 915/42/3 850/42/3 814/42/3
f 915/23/3 851/23/3 850/23/3
f 916/23/3 633/23/3 781/23/3
f 916/23/3 851/23/3 915/23/3
f 916/23/3 781/23/3 851/23/3
f 916/24/3 634/24/3 633/24/3
f 917/25/3 878/25/3 634/25/3
f 917/24/3 634/24/3 916/24/3
f 918/42/3 823/42/3 860/42/3
f 918/19/3 884/19/3 823/19/3
f 919/42/3 886/42/3 885/42/3
f 919/19/3 884/19/3 918/19/3
f 919/42/3 885/42/3 884/42/3
f 920/42/3 886/42/3 919/42/3
f 921/42/3 886/42/3 920/42/3
f 922/42/3 886/42/3 921/42/3
f 923/19/3 887/19/3 886/19/3
f 923/42/3 886/42/3 922/42/3
f 924/19/3 862/19/3 887/19/3
f 924/19/3 887/19/3 923/19/3
f 925/42/3 863/42/3 862/42/3
f 925/19/3 862/19/3 924/19/3
f 926/2/3 894/2/3 893/2/3
f 926/32/3 893/32/3 892/32/3
f 927/32/3 895/32/3 894/32/3
f 927/2/3 894/2/3 926/2/3
f 928/31/3 902/31/3 901/31/3
f 928/33/3 903/33/3 902/33/3
f 929/33/3 903/33/3 928/33/3
f 930/31/3 905/31/3 904/31/3
f 930/31/3 904/31/3 840/31/3
f 931/31/3 905/31/3 930/31/3
f 932/33/3 842/33/3 905/33/3
f 932/31/3 905/31/3 931/31/3
f 933/31/3 906/31/3 842/31/3
f 933/33/3 842/33/3 932/33/3
f 933/31/3 907/31/3 906/31/3
f 934/42/3 908/42/3 907/42/3
f 934/19/3 909/19/3 908/19/3
f 935/42/3 911/42/3 910/42/3
f 935/19/3 909/19/3 934/19/3
f 935/42/3 910/42/3 909/42/3
f 936/42/3 911/42/3 935/42/3
f 937/42/3 913/42/3 912/42/3
f 937/19/3 912/19/3 911/19/3
f 937/42/3 914/42/3 913/42/3
f 938/42/3 914/42/3 937/42/3
f 939/25/3 916/25/3 915/25/3
f 939/42/3 915/42/3 814/42/3
f 939/25/3 917/25/3 916/25/3
f 940/25/3 917/25/3 939/25/3
f 941/25/3 917/25/3 940/25/3
f 942/25/3 878/25/3 917/25/3
f 942/25/3 917/25/3 941/25/3
f 943/21/3 880/21/3 879/21/3
f 943/21/3 879/21/3 878/21/3
f 944/21/3 880/21/3 943/21/3
f 945/23/3 882/23/3 857/23/3
f 945/23/3 883/23/3 882/23/3
f 946/22/3 860/22/3 883/22/3
f 946/23/3 883/23/3 945/23/3
f 947/42/3 918/42/3 860/42/3
f 947/22/3 860/22/3 946/22/3
f 947/42/3 919/42/3 918/42/3
f 947/42/3 920/42/3 919/42/3
f 948/42/3 920/42/3 947/42/3
f 949/19/3 921/19/3 920/19/3
f 949/42/3 920/42/3 948/42/3
f 950/18/3 923/18/3 922/18/3
f 950/42/3 922/42/3 921/42/3
f 951/19/3 924/19/3 923/19/3
f 951/18/3 923/18/3 950/18/3
f 952/18/3 925/18/3 924/18/3
f 952/19/3 924/19/3 951/19/3
f 953/19/3 890/19/3 828/19/3
f 954/18/3 891/18/3 890/18/3
f 954/19/3 890/19/3 953/19/3
f 955/19/3 831/19/3 830/19/3
f 955/42/3 830/42/3 891/42/3
f 956/29/3 109/29/3 831/29/3
f 956/19/3 831/19/3 955/19/3
f 957/32/3 926/32/3 892/32/3
f 957/32/3 892/32/3 832/32/3
f 957/32/3 927/32/3 926/32/3
f 958/32/3 200/32/3 895/32/3
f 958/32/3 927/32/3 957/32/3
f 958/32/3 895/32/3 927/32/3
f 959/32/3 897/32/3 896/32/3
f 960/3/3 898/3/3 897/3/3
f 960/32/3 897/32/3 959/32/3
f 961/29/3 900/29/3 575/29/3
f 961/29/3 901/29/3 900/29/3
f 962/31/3 929/31/3 928/31/3
f 962/29/3 901/29/3 961/29/3
f 962/31/3 928/31/3 901/31/3
f 963/2/3 840/2/3 903/2/3
f 963/33/3 903/33/3 929/33/3
f 964/31/3 930/31/3 840/31/3
f 964/2/3 840/2/3 963/2/3
f 965/33/3 931/33/3 930/33/3
f 965/31/3 930/31/3 964/31/3
f 966/31/3 932/31/3 931/31/3
f 966/42/3 934/42/3 907/42/3
f 966/31/3 907/31/3 933/31/3
f 966/42/3 935/42/3 934/42/3
f 966/31/3 933/31/3 932/31/3
f 967/42/3 935/42/3 966/42/3
f 968/19/3 936/19/3 935/19/3
f 968/42/3 935/42/3 967/42/3
f 969/42/3 911/42/3 936/42/3
f 969/19/3 936/19/3 968/19/3
f 970/18/3 938/18/3 937/18/3
f 970/19/3 937/19/3 911/19/3
f 971/42/3 914/42/3 938/42/3
f 971/18/3 938/18/3 970/18/3
f 972/31/3 814/31/3 914/31/3
f 972/42/3 914/42/3 971/42/3
f 973/31/3 814/31/3 972/31/3
f 974/21/3 943/21/3 878/21/3
f 975/20/3 944/20/3 943/20/3
f 975/21/3 943/21/3 974/21/3
f 976/21/3 880/21/3 944/21/3
f 976/20/3 944/20/3 975/20/3
f 977/42/3 948/42/3 947/42/3
f 978/18/3 949/18/3 948/18/3
f 978/42/3 948/42/3 977/42/3
f 979/19/3 921/19/3 949/19/3
f 979/18/3 949/18/3 978/18/3
f 980/42/3 828/42/3 889/42/3
f 980/19/3 953/19/3 828/19/3
f 981/18/3 954/18/3 953/18/3
f 981/19/3 953/19/3 980/19/3
f 982/32/3 957/32/3 832/32/3
f 982/32/3 832/32/3 110/32/3
f 983/2/3 958/2/3 957/2/3
f 983/32/3 957/32/3 982/32/3
f 984/32/3 200/32/3 958/32/3
f 984/2/3 958/2/3 983/2/3
f 985/32/3 959/32/3 896/32/3
f 985/32/3 896/32/3 201/32/3
f 986/3/3 960/3/3 959/3/3
f 986/32/3 959/32/3 985/32/3
f 987/3/3 898/3/3 960/3/3
f 987/3/3 960/3/3 986/3/3
f 988/32/3 899/32/3 898/32/3
f 988/3/3 898/3/3 987/3/3
f 989/3/3 867/3/3 899/3/3
f 989/32/3 899/32/3 988/32/3
f 990/29/3 733/29/3 867/29/3
f 990/3/3 867/3/3 989/3/3
f 991/31/3 962/31/3 961/31/3
f 991/29/3 961/29/3 575/29/3
f 992/31/3 929/31/3 962/31/3
f 992/31/3 962/31/3 991/31/3
f 992/33/3 964/33/3 963/33/3
f 992/33/3 965/33/3 964/33/3
f 992/33/3 963/33/3 929/33/3
f 993/33/3 965/33/3 992/33/3
f 994/42/3 968/42/3 967/42/3
f 994/31/3 967/31/3 966/31/3
f 994/42/3 969/42/3 968/42/3
f 995/42/3 969/42/3 994/42/3
f 996/42/3 973/42/3 972/42/3
f 996/42/3 972/42/3 971/42/3
f 996/19/3 971/19/3 970/19/3
f 997/42/3 973/42/3 996/42/3
f 998/31/3 814/31/3 973/31/3
f 998/42/3 973/42/3 997/42/3
f 999/42/3 939/42/3 814/42/3
f 999/31/3 814/31/3 998/31/3
f 1000/21/3 974/21/3 878/21/3
f 1001/20/3 975/20/3 974/20/3
f 1001/21/3 974/21/3 1000/21/3
f 1002/42/3 976/42/3 975/42/3
f 1002/20/3 975/20/3 1001/20/3
f 1003/42/3 976/42/3 1002/42/3
f 1004/42/3 976/42/3 1003/42/3
f 1005/23/3 945/23/3 857/23/3
f 1006/22/3 946/22/3 945/22/3
f 1006/23/3 945/23/3 1005/23/3
f 1007/19/3 978/19/3 977/19/3
f 1007/19/3 979/19/3 978/19/3
f 1008/19/3 921/19/3 979/19/3
f 1008/19/3 979/19/3 1007/19/3
f 1008/42/3 950/42/3 921/42/3
f 1009/42/3 863/42/3 925/42/3
f 1009/19/3 888/19/3 863/19/3
f 1010/18/3 889/18/3 888/18/3
f 1010/19/3 888/19/3 1009/19/3
f 1011/3/3 986/3/3 985/3/3
f 1011/3/3 987/3/3 986/3/3
f 1011/32/3 985/32/3 201/32/3
f 1012/32/3 988/32/3 987/32/3
f 1012/3/3 987/3/3 1011/3/3
f 1013/3/3 989/3/3 988/3/3
f 1013/32/3 988/32/3 1012/32/3
f 1014/29/3 990/29/3 989/29/3
f 1014/3/3 989/3/3 1013/3/3
f 1015/29/3 991/29/3 575/29/3
f 1015/2/3 993/2/3 992/2/3
f 1015/2/3 992/2/3 991/2/3
f 1016/2/3 993/2/3 1015/2/3
f 1017/2/3 993/2/3 1016/2/3
f 1018/2/3 993/2/3 1017/2/3
f 1019/2/3 993/2/3 1018/2/3
f 1020/33/3 965/33/3 993/33/3
f 1020/2/3 993/2/3 1019/2/3
f 1021/31/3 995/31/3 994/31/3
f 1021/31/3 994/31/3 966/31/3
f 1021/31/3 966/31/3 931/31/3
f 1022/31/3 995/31/3 1021/31/3
f 1023/19/3 970/19/3 911/19/3
f 1023/42/3 911/42/3 969/42/3
f 1023/42/3 969/42/3 995/42/3
f 1023/19/3 996/19/3 970/19/3
f 1024/19/3 996/19/3 1023/19/3
f 1025/17/3 997/17/3 996/17/3
f 1025/19/3 996/19/3 1024/19/3
f 1026/42/3 998/42/3 997/42/3
f 1026/17/3 997/17/3 1025/17/3
f 1026/42/3 999/42/3 998/42/3
f 1027/42/3 999/42/3 1026/42/3
f 1028/42/3 1002/42/3 1001/42/3
f 1028/42/3 1003/42/3 1002/42/3
f 1028/28/3 1004/28/3 1003/28/3
f 1029/42/3 976/42/3 1004/42/3
f 1029/28/3 1004/28/3 1028/28/3
f 1030/21/3 880/21/3 976/21/3
f 1030/42/3 976/42/3 1029/42/3
f 1031/21/3 880/21/3 1030/21/3
f 1032/23/3 1005/23/3 857/23/3
f 1033/22/3 1006/22/3 1005/22/3
f 1033/23/3 1005/23/3 1032/23/3
f 1034/22/3 946/22/3 1006/22/3
f 1034/22/3 1006/22/3 1033/22/3
f 1035/20/3 947/20/3 946/20/3
f 1035/22/3 946/22/3 1034/22/3
f 1036/42/3 950/42/3 1008/42/3
f 1036/19/3 951/19/3 950/19/3
f 1037/18/3 952/18/3 951/18/3
f 1037/19/3 951/19/3 1036/19/3
f 1038/18/3 925/18/3 952/18/3
f 1038/18/3 952/18/3 1037/18/3
f 1038/42/3 1009/42/3 925/42/3
f 1039/18/3 1010/18/3 1009/18/3
f 1039/42/3 1009/42/3 1038/42/3
f 1040/18/3 889/18/3 1010/18/3
f 1040/18/3 1010/18/3 1039/18/3
f 1040/42/3 980/42/3 889/42/3
f 1041/18/3 981/18/3 980/18/3
f 1041/42/3 980/42/3 1040/42/3
f 1042/18/3 954/18/3 981/18/3
f 1042/18/3 981/18/3 1041/18/3
f 1042/42/3 955/42/3 891/42/3
f 1042/18/3 891/18/3 954/18/3
f 1043/18/3 956/18/3 955/18/3
f 1043/42/3 955/42/3 1042/42/3
f 1044/29/3 109/29/3 956/29/3
f 1044/18/3 956/18/3 1043/18/3
f 1045/32/3 982/32/3 110/32/3
f 1045/2/3 983/2/3 982/2/3
f 1046/32/3 984/32/3 983/32/3
f 1046/2/3 983/2/3 1045/2/3
f 1047/32/3 200/32/3 984/32/3
f 1047/32/3 984/32/3 1046/32/3
f 1048/33/3 1018/33/3 1017/33/3
f 1049/2/3 1019/2/3 1018/2/3
f 1049/33/3 1018/33/3 1048/33/3
f 1050/33/3 1020/33/3 1019/33/3
f 1050/2/3 1019/2/3 1049/2/3
f 1051/33/3 1020/33/3 1050/33/3
f 1052/33/3 931/33/3 965/33/3
f 1052/33/3 1020/33/3 1051/33/3
f 1052/31/3 1021/31/3 931/31/3
f 1052/33/3 965/33/3 1020/33/3
f 1053/31/3 1021/31/3 1052/31/3
f 1054/31/3 1021/31/3 1053/31/3
f 1055/31/3 1021/31/3 1054/31/3
f 1056/31/3 995/31/3 1022/31/3
f 1056/33/3 1022/33/3 1021/33/3
f 1057/42/3 1024/42/3 1023/42/3
f 1057/31/3 995/31/3 1056/31/3
f 1057/42/3 1023/42/3 995/42/3
f 1058/42/3 1024/42/3 1057/42/3
f 1059/19/3 1025/19/3 1024/19/3
f 1059/42/3 1024/42/3 1058/42/3
f 1059/19/3 1026/19/3 1025/19/3
f 1060/18/3 1027/18/3 1026/18/3
f 1060/19/3 1026/19/3 1059/19/3
f 1061/42/3 999/42/3 1027/42/3
f 1061/18/3 1027/18/3 1060/18/3
f 1062/42/3 939/42/3 999/42/3
f 1062/42/3 999/42/3 1061/42/3
f 1063/42/3 1028/42/3 1001/42/3
f 1064/15/3 1029/15/3 1028/15/3
f 1064/42/3 1028/42/3 1063/42/3
f 1065/15/3 1029/15/3 1064/15/3
f 1066/15/3 1029/15/3 1065/15/3
f 1067/15/3 1029/15/3 1066/15/3
f 1068/15/3 1029/15/3 1067/15/3
f 1069/42/3 1031/42/3 1030/42/3
f 1069/15/3 1029/15/3 1068/15/3
f 1069/42/3 1030/42/3 1029/42/3
f 1070/42/3 1031/42/3 1069/42/3
f 1071/42/3 857/42/3 881/42/3
f 1071/23/3 1032/23/3 857/23/3
f 1072/22/3 1033/22/3 1032/22/3
f 1072/23/3 1032/23/3 1071/23/3
f 1072/22/3 1034/22/3 1033/22/3
f 1073/22/3 1034/22/3 1072/22/3
f 1074/21/3 1035/21/3 1034/21/3
f 1074/22/3 1034/22/3 1073/22/3
f 1075/19/3 1007/19/3 977/19/3
f 1075/42/3 977/42/3 947/42/3
f 1076/18/3 1008/18/3 1007/18/3
f 1076/19/3 1007/19/3 1075/19/3
f 1077/18/3 1008/18/3 1076/18/3
f 1078/42/3 1036/42/3 1008/42/3
f 1078/18/3 1008/18/3 1077/18/3
f 1079/16/3 1037/16/3 1036/16/3
f 1079/42/3 1036/42/3 1078/42/3
f 1079/16/3 1038/16/3 1037/16/3
f 1080/42/3 1039/42/3 1038/42/3
f 1080/16/3 1038/16/3 1079/16/3
f 1081/16/3 1040/16/3 1039/16/3
f 1081/42/3 1039/42/3 1080/42/3
f 1082/42/3 1041/42/3 1040/42/3
f 1082/16/3 1040/16/3 1081/16/3
f 1083/16/3 1042/16/3 1041/16/3
f 1083/42/3 1041/42/3 1082/42/3
f 1084/42/3 1043/42/3 1042/42/3
f 1084/16/3 1042/16/3 1083/16/3
f 1085/16/3 1044/16/3 1043/16/3
f 1085/42/3 1043/42/3 1084/42/3
f 1086/29/3 109/29/3 1044/29/3
f 1086/16/3 1044/16/3 1085/16/3
f 1087/2/3 1047/2/3 1046/2/3
f 1087/32/3 1046/32/3 1045/32/3
f 1088/32/3 200/32/3 1047/32/3
f 1088/2/3 1047/2/3 1087/2/3
f 1089/32/3 1012/32/3 1011/32/3
f 1089/32/3 1014/32/3 1013/32/3
f 1089/32/3 1011/32/3 201/32/3
f 1089/32/3 1013/32/3 1012/32/3
f 1090/29/3 990/29/3 1014/29/3
f 1090/32/3 1014/32/3 1089/32/3
f 1091/33/3 1048/33/3 1017/33/3
f 1091/31/3 1017/31/3 1016/31/3
f 1092/2/3 1051/2/3 1050/2/3
f 1092/33/3 1048/33/3 1091/33/3
f 1092/2/3 1050/2/3 1049/2/3
f 1092/2/3 1049/2/3 1048/2/3
f 1093/2/3 1051/2/3 1092/2/3
f 1094/2/3 1051/2/3 1093/2/3
f 1095/33/3 1052/33/3 1051/33/3
f 1095/2/3 1051/2/3 1094/2/3
f 1096/33/3 1052/33/3 1095/33/3
f 1097/19/3 1061/19/3 1060/19/3
f 1097/18/3 1062/18/3 1061/18/3
f 1098/42/3 939/42/3 1062/42/3
f 1098/18/3 1062/18/3 1097/18/3
f 1099/15/3 1065/15/3 1064/15/3
f 1100/14/3 1066/14/3 1065/14/3
f 1100/15/3 1065/15/3 1099/15/3
f 1101/14/3 1066/14/3 1100/14/3
f 1102/14/3 1066/14/3 1101/14/3
f 1103/15/3 1067/15/3 1066/15/3
f 1103/14/3 1066/14/3 1102/14/3
f 1104/14/3 1068/14/3 1067/14/3
f 1104/15/3 1067/15/3 1103/15/3
f 1105/15/3 1069/15/3 1068/15/3
f 1105/14/3 1068/14/3 1104/14/3
f 1106/15/3 1069/15/3 1105/15/3
f 1107/22/3 1073/22/3 1072/22/3
f 1107/42/3 1071/42/3 881/42/3
f 1107/22/3 1072/22/3 1071/22/3
f 1108/20/3 1074/20/3 1073/20/3
f 1108/22/3 1073/22/3 1107/22/3
f 1109/18/3 1076/18/3 1075/18/3
f 1109/18/3 1077/18/3 1076/18/3
f 1110/16/3 1078/16/3 1077/16/3
f 1110/18/3 1077/18/3 1109/18/3
f 1111/42/3 1081/42/3 1080/42/3
f 1111/42/3 1083/42/3 1082/42/3
f 1111/42/3 1080/42/3 1079/42/3
f 1111/42/3 1079/42/3 1078/42/3
f 1111/42/3 1082/42/3 1081/42/3
f 1111/42/3 1085/42/3 1084/42/3
f 1111/42/3 1086/42/3 1085/42/3
f 1111/42/3 1084/42/3 1083/42/3
f 1112/29/3 109/29/3 1086/29/3
f 1112/42/3 1086/42/3 1111/42/3
f 1113/32/3 1088/32/3 1087/32/3
f 1114/32/3 200/32/3 1088/32/3
f 1114/32/3 1088/32/3 1113/32/3
f 1115/32/3 1089/32/3 201/32/3
f 1115/3/3 1090/3/3 1089/3/3
f 1116/3/3 1090/3/3 1115/3/3
f 1117/3/3 1090/3/3 1116/3/3
f 1118/29/3 990/29/3 1090/29/3
f 1118/3/3 1090/3/3 1117/3/3
f 1119/29/3 733/29/3 990/29/3
f 1119/29/3 990/29/3 1118/29/3
f 1120/32/3 1016/32/3 1015/32/3
f 1120/29/3 1015/29/3 575/29/3
f 1121/31/3 1091/31/3 1016/31/3
f 1121/32/3 1016/32/3 1120/32/3
f 1122/2/3 1093/2/3 1092/2/3
f 1122/31/3 1091/31/3 1121/31/3
f 1122/2/3 1092/2/3 1091/2/3
f 1123/2/3 1093/2/3 1122/2/3
f 1124/33/3 1094/33/3 1093/33/3
f 1124/2/3 1093/2/3 1123/2/3
f 1125/2/3 1095/2/3 1094/2/3
f 1125/33/3 1094/33/3 1124/33/3
f 1125/2/3 1096/2/3 1095/2/3
f 1126/2/3 1096/2/3 1125/2/3
f 1127/33/3 1052/33/3 1096/33/3
f 1127/2/3 1096/2/3 1126/2/3
f 1128/33/3 1052/33/3 1127/33/3
f 1129/37/3 1053/37/3 1052/37/3
f 1129/33/3 1052/33/3 1128/33/3
f 1130/31/3 1054/31/3 1053/31/3
f 1130/37/3 1053/37/3 1129/37/3
f 1131/33/3 1055/33/3 1054/33/3
f 1131/31/3 1054/31/3 1130/31/3
f 1132/19/3 1059/19/3 1058/19/3
f 1133/42/3 1060/42/3 1059/42/3
f 1133/19/3 1059/19/3 1132/19/3
f 1134/42/3 1060/42/3 1133/42/3
f 1135/19/3 1097/19/3 1060/19/3
f 1135/42/3 1060/42/3 1134/42/3
f 1135/19/3 1098/19/3 1097/19/3
f 1136/42/3 939/42/3 1098/42/3
f 1136/19/3 1098/19/3 1135/19/3
f 1137/21/3 1000/21/3 878/21/3
f 1138/20/3 1001/20/3 1000/20/3
f 1138/21/3 1000/21/3 1137/21/3
f 1139/42/3 1063/42/3 1001/42/3
f 1139/20/3 1001/20/3 1138/20/3
f 1140/14/3 1101/14/3 1100/14/3
f 1140/14/3 1100/14/3 1099/14/3
f 1141/3/3 1102/3/3 1101/3/3
f 1141/14/3 1101/14/3 1140/14/3
f 1142/14/3 1106/14/3 1105/14/3
f 1142/3/3 1102/3/3 1141/3/3
f 1142/14/3 1103/14/3 1102/14/3
f 1142/14/3 1104/14/3 1103/14/3
f 1142/14/3 1105/14/3 1104/14/3
f 1143/14/3 1106/14/3 1142/14/3
f 1144/15/3 1069/15/3 1106/15/3
f 1144/14/3 1106/14/3 1143/14/3
f 1145/15/3 1069/15/3 1144/15/3
f 1146/42/3 1075/42/3 947/42/3
f 1146/18/3 1109/18/3 1075/18/3
f 1147/16/3 1110/16/3 1109/16/3
f 1147/18/3 1109/18/3 1146/18/3
f 1148/16/3 1078/16/3 1110/16/3
f 1148/16/3 1110/16/3 1147/16/3
f 1149/42/3 1111/42/3 1078/42/3
f 1149/16/3 1078/16/3 1148/16/3
f 1150/31/3 1112/31/3 1111/31/3
f 1150/42/3 1111/42/3 1149/42/3
f 1151/31/3 1112/31/3 1150/31/3
f 1152/31/3 1112/31/3 1151/31/3
f 1153/31/3 1112/31/3 1152/31/3
f 1154/31/3 1112/31/3 1153/31/3
f 1155/31/3 1112/31/3 1154/31/3
f 1156/31/3 1112/31/3 1155/31/3
f 1157/31/3 1112/31/3 1156/31/3
f 1158/32/3 1113/32/3 1087/32/3
f 1158/32/3 1045/32/3 110/32/3
f 1158/32/3 1087/32/3 1045/32/3
f 1159/2/3 1114/2/3 1113/2/3
f 1159/32/3 1113/32/3 1158/32/3
f 1160/29/3 1120/29/3 575/29/3
f 1160/33/3 1121/33/3 1120/33/3
f 1161/2/3 1123/2/3 1122/2/3
f 1161/33/3 1121/33/3 1160/33/3
f 1161/2/3 1122/2/3 1121/2/3
f 1162/2/3 1123/2/3 1161/2/3
f 1163/33/3 1124/33/3 1123/33/3
f 1163/2/3 1123/2/3 1162/2/3
f 1163/33/3 1126/33/3 1125/33/3
f 1163/33/3 1125/33/3 1124/33/3
f 1164/33/3 1126/33/3 1163/33/3
f 1165/33/3 1126/33/3 1164/33/3
f 1166/2/3 1127/2/3 1126/2/3
f 1166/33/3 1126/33/3 1165/33/3
f 1166/2/3 1128/2/3 1127/2/3
f 1167/2/3 1128/2/3 1166/2/3
f 1168/31/3 1021/31/3 1055/31/3
f 1168/33/3 1131/33/3 1130/33/3
f 1168/33/3 1055/33/3 1131/33/3
f 1169/31/3 1021/31/3 1168/31/3
f 1170/42/3 1134/42/3 1133/42/3
f 1170/31/3 1135/31/3 1134/31/3
f 1171/42/3 1136/42/3 1135/42/3
f 1171/31/3 1135/31/3 1170/31/3
f 1172/42/3 939/42/3 1136/42/3
f 1172/42/3 1136/42/3 1171/42/3
f 1173/14/3 1145/14/3 1144/14/3
f 1173/3/3 1143/3/3 1142/3/3
f 1173/3/3 1141/3/3 1140/3/3
f 1173/3/3 1142/3/3 1141/3/3
f 1173/14/3 1144/14/3 1143/14/3
f 1174/14/3 1145/14/3 1173/14/3
f 1175/16/3 1147/16/3 1146/16/3
f 1175/16/3 1148/16/3 1147/16/3
f 1175/42/3 1146/42/3 947/42/3
f 1176/42/3 1149/42/3 1148/42/3
f 1176/16/3 1148/16/3 1175/16/3
f 1177/31/3 1150/31/3 1149/31/3
f 1177/42/3 1149/42/3 1176/42/3
f 1177/31/3 1151/31/3 1150/31/3
f 1178/31/3 1151/31/3 1177/31/3
f 1179/29/3 1152/29/3 1151/29/3
f 1179/31/3 1151/31/3 1178/31/3
f 1180/31/3 1153/31/3 1152/31/3
f 1180/29/3 1152/29/3 1179/29/3
f 1181/29/3 1154/29/3 1153/29/3
f 1181/31/3 1153/31/3 1180/31/3
f 1182/31/3 1155/31/3 1154/31/3
f 1182/29/3 1154/29/3 1181/29/3
f 1183/29/3 1156/29/3 1155/29/3
f 1183/31/3 1155/31/3 1182/31/3
f 1184/29/3 1156/29/3 1183/29/3
f 1185/26/3 1157/26/3 1156/26/3
f 1185/29/3 1156/29/3 1184/29/3
f 1186/2/3 1159/2/3 1158/2/3
f 1186/32/3 1158/32/3 110/32/3
f 1187/2/3 1114/2/3 1159/2/3
f 1187/2/3 1159/2/3 1186/2/3
f 1188/2/3 1162/2/3 1161/2/3
f 1188/2/3 1161/2/3 1160/2/3
f 1189/33/3 1164/33/3 1163/33/3
f 1189/2/3 1162/2/3 1188/2/3
f 1189/33/3 1163/33/3 1162/33/3
f 1190/33/3 1167/33/3 1166/33/3
f 1190/31/3 1165/31/3 1164/31/3
f 1190/33/3 1166/33/3 1165/33/3
f 1191/33/3 1167/33/3 1190/33/3
f 1192/2/3 1128/2/3 1167/2/3
f 1192/33/3 1167/33/3 1191/33/3
f 1193/33/3 1129/33/3 1128/33/3
f 1193/2/3 1128/2/3 1192/2/3
f 1194/31/3 1130/31/3 1129/31/3
f 1194/33/3 1169/33/3 1168/33/3
f 1194/33/3 1168/33/3 1130/33/3
f 1195/33/3 1169/33/3 1194/33/3
f 1196/33/3 1057/33/3 1056/33/3
f 1196/33/3 1056/33/3 1021/33/3
f 1197/42/3 1058/42/3 1057/42/3
f 1197/33/3 1057/33/3 1196/33/3
f 1198/19/3 1132/19/3 1058/19/3
f 1198/42/3 1058/42/3 1197/42/3
f 1199/18/3 1133/18/3 1132/18/3
f 1199/19/3 1132/19/3 1198/19/3
f 1200/42/3 1170/42/3 1133/42/3
f 1200/18/3 1133/18/3 1199/18/3
f 1200/42/3 1171/42/3 1170/42/3
f 1201/42/3 1171/42/3 1200/42/3
f 1202/31/3 1172/31/3 1171/31/3
f 1202/42/3 1171/42/3 1201/42/3
f 1203/42/3 939/42/3 1172/42/3
f 1203/31/3 1172/31/3 1202/31/3
f 1204/14/3 1140/14/3 1099/14/3
f 1205/3/3 1174/3/3 1173/3/3
f 1205/14/3 1140/14/3 1204/14/3
f 1205/3/3 1173/3/3 1140/3/3
f 1206/3/3 1174/3/3 1205/3/3
f 1207/3/3 1174/3/3 1206/3/3
f 1208/14/3 1145/14/3 1174/14/3
f 1208/3/3 1174/3/3 1207/3/3
f 1209/14/3 1145/14/3 1208/14/3
f 1210/20/3 1074/20/3 1108/20/3
f 1210/21/3 1108/21/3 1107/21/3
f 1211/21/3 1035/21/3 1074/21/3
f 1211/20/3 1074/20/3 1210/20/3
f 1212/42/3 1176/42/3 1175/42/3
f 1213/31/3 1177/31/3 1176/31/3
f 1213/42/3 1176/42/3 1212/42/3
f 1213/31/3 1178/31/3 1177/31/3
f 1214/31/3 1178/31/3 1213/31/3
f 1215/31/3 1178/31/3 1214/31/3
f 1216/29/3 1184/29/3 1183/29/3
f 1216/31/3 1178/31/3 1215/31/3
f 1216/29/3 1182/29/3 1181/29/3
f 1216/29/3 1181/29/3 1180/29/3
f 1216/29/3 1180/29/3 1179/29/3
f 1216/29/3 1183/29/3 1182/29/3
f 1216/29/3 1179/29/3 1178/29/3
f 1217/29/3 1184/29/3 1216/29/3
f 1218/29/3 1184/29/3 1217/29/3
f 1219/26/3 1157/26/3 1185/26/3
f 1219/26/3 1185/26/3 1184/26/3
f 1220/31/3 1112/31/3 1157/31/3
f 1220/26/3 1157/26/3 1219/26/3
f 1221/31/3 1112/31/3 1220/31/3
f 1222/29/3 109/29/3 1112/29/3
f 1222/31/3 1112/31/3 1221/31/3
f 1223/2/3 1114/2/3 1187/2/3
f 1223/32/3 1187/32/3 1186/32/3
f 1224/32/3 200/32/3 1114/32/3
f 1224/2/3 1114/2/3 1223/2/3
f 1225/32/3 1116/32/3 1115/32/3
f 1225/32/3 1115/32/3 201/32/3
f 1226/3/3 1117/3/3 1116/3/3
f 1226/32/3 1116/32/3 1225/32/3
f 1227/32/3 1118/32/3 1117/32/3
f 1227/3/3 1117/3/3 1226/3/3
f 1228/3/3 1119/3/3 1118/3/3
f 1228/32/3 1118/32/3 1227/32/3
f 1229/29/3 733/29/3 1119/29/3
f 1229/3/3 1119/3/3 1228/3/3
f 1230/32/3 575/32/3 733/32/3
f 1230/29/3 1160/29/3 575/29/3
f 1231/2/3 1188/2/3 1160/2/3
f 1231/29/3 1160/29/3 1230/29/3
f 1232/31/3 1189/31/3 1188/31/3
f 1232/2/3 1188/2/3 1231/2/3
f 1233/33/3 1164/33/3 1189/33/3
f 1233/31/3 1189/31/3 1232/31/3
f 1234/33/3 1164/33/3 1233/33/3
f 1235/31/3 1191/31/3 1190/31/3
f 1235/33/3 1164/33/3 1234/33/3
f 1235/31/3 1190/31/3 1164/31/3
f 1236/31/3 1191/31/3 1235/31/3
f 1237/33/3 1193/33/3 1192/33/3
f 1237/31/3 1191/31/3 1236/31/3
f 1237/33/3 1192/33/3 1191/33/3
f 1238/33/3 1193/33/3 1237/33/3
f 1239/31/3 1021/31/3 1169/31/3
f 1239/33/3 1169/33/3 1195/33/3
f 1240/33/3 1196/33/3 1021/33/3
f 1240/31/3 1021/31/3 1239/31/3
f 1241/42/3 1199/42/3 1198/42/3
f 1241/42/3 1198/42/3 1197/42/3
f 1241/31/3 1197/31/3 1196/31/3
f 1242/42/3 1199/42/3 1241/42/3
f 1243/18/3 1201/18/3 1200/18/3
f 1243/42/3 1199/42/3 1242/42/3
f 1243/18/3 1200/18/3 1199/18/3
f 1244/18/3 1201/18/3 1243/18/3
f 1245/42/3 1202/42/3 1201/42/3
f 1245/18/3 1201/18/3 1244/18/3
f 1245/42/3 1203/42/3 1202/42/3
f 1246/42/3 939/42/3 1203/42/3
f 1246/42/3 1203/42/3 1245/42/3
f 1247/14/3 1207/14/3 1206/14/3
f 1247/3/3 1206/3/3 1205/3/3
f 1247/3/3 1205/3/3 1204/3/3
f 1248/14/3 1207/14/3 1247/14/3
f 1249/3/3 1209/3/3 1208/3/3
f 1249/14/3 1207/14/3 1248/14/3
f 1249/3/3 1208/3/3 1207/3/3
f 1250/3/3 1209/3/3 1249/3/3
f 1251/14/3 1145/14/3 1209/14/3
f 1251/3/3 1209/3/3 1250/3/3
f 1252/14/3 1145/14/3 1251/14/3
f 1253/21/3 1210/21/3 1107/21/3
f 1253/21/3 1211/21/3 1210/21/3
f 1254/21/3 1035/21/3 1211/21/3
f 1254/21/3 1211/21/3 1253/21/3
f 1255/20/3 947/20/3 1035/20/3
f 1255/21/3 1035/21/3 1254/21/3
f 1256/42/3 1212/42/3 1175/42/3
f 1256/20/3 947/20/3 1255/20/3
f 1256/42/3 1175/42/3 947/42/3
f 1257/42/3 1212/42/3 1256/42/3
f 1258/31/3 1214/31/3 1213/31/3
f 1258/42/3 1212/42/3 1257/42/3
f 1258/31/3 1213/31/3 1212/31/3
f 1259/31/3 1214/31/3 1258/31/3
f 1260/29/3 1215/29/3 1214/29/3
f 1260/31/3 1214/31/3 1259/31/3
f 1261/34/3 1216/34/3 1215/34/3
f 1261/29/3 1215/29/3 1260/29/3
f 1261/34/3 1217/34/3 1216/34/3
f 1262/35/3 1218/35/3 1217/35/3
f 1262/34/3 1217/34/3 1261/34/3
f 1263/29/3 1184/29/3 1218/29/3
f 1263/35/3 1218/35/3 1262/35/3
f 1264/32/3 1223/32/3 1186/32/3
f 1264/32/3 1186/32/3 110/32/3
f 1264/32/3 1224/32/3 1223/32/3
f 1265/32/3 200/32/3 1224/32/3
f 1265/32/3 1224/32/3 1264/32/3
f 1266/3/3 1228/3/3 1227/3/3
f 1266/3/3 1227/3/3 1226/3/3
f 1266/32/3 1225/32/3 201/32/3
f 1266/3/3 1226/3/3 1225/3/3
f 1267/29/3 1229/29/3 1228/29/3
f 1267/3/3 1228/3/3 1266/3/3
f 1268/33/3 1239/33/3 1195/33/3
f 1268/33/3 1240/33/3 1239/33/3
f 1268/31/3 1195/31/3 1194/31/3
f 1269/33/3 1196/33/3 1240/33/3
f 1269/33/3 1240/33/3 1268/33/3
f 1270/31/3 1242/31/3 1241/31/3
f 1270/33/3 1196/33/3 1269/33/3
f 1270/31/3 1241/31/3 1196/31/3
f 1271/42/3 1244/42/3 1243/42/3
f 1271/31/3 1242/31/3 1270/31/3
f 1271/42/3 1243/42/3 1242/42/3
f 1272/18/3 1245/18/3 1244/18/3
f 1272/42/3 1244/42/3 1271/42/3
f 1273/19/3 1246/19/3 1245/19/3
f 1273/18/3 1245/18/3 1272/18/3
f 1274/42/3 939/42/3 1246/42/3
f 1274/19/3 1246/19/3 1273/19/3
f 1275/14/3 1250/14/3 1249/14/3
f 1275/3/3 1248/3/3 1247/3/3
f 1275/14/3 1249/14/3 1248/14/3
f 1276/3/3 1252/3/3 1251/3/3
f 1276/14/3 1250/14/3 1275/14/3
f 1276/3/3 1251/3/3 1250/3/3
f 1277/3/3 1252/3/3 1276/3/3
f 1278/3/3 1252/3/3 1277/3/3
f 1279/14/3 1145/14/3 1252/14/3
f 1279/3/3 1252/3/3 1278/3/3
f 1280/14/3 1145/14/3 1279/14/3
f 1281/21/3 1253/21/3 1107/21/3
f 1281/42/3 1107/42/3 881/42/3
f 1282/20/3 1254/20/3 1253/20/3
f 1282/21/3 1253/21/3 1281/21/3
f 1283/20/3 1254/20/3 1282/20/3
f 1284/42/3 1255/42/3 1254/42/3
f 1284/20/3 1254/20/3 1283/20/3
f 1284/42/3 1257/42/3 1256/42/3
f 1284/42/3 1256/42/3 1255/42/3
f 1285/42/3 1257/42/3 1284/42/3
f 1286/42/3 1257/42/3 1285/42/3
f 1287/31/3 1258/31/3 1257/31/3
f 1287/42/3 1257/42/3 1286/42/3
f 1287/31/3 1259/31/3 1258/31/3
f 1288/29/3 1263/29/3 1262/29/3
f 1288/31/3 1259/31/3 1287/31/3
f 1288/29/3 1260/29/3 1259/29/3
f 1288/29/3 1262/29/3 1261/29/3
f 1288/29/3 1261/29/3 1260/29/3
f 1289/26/3 1219/26/3 1184/26/3
f 1289/31/3 1221/31/3 1220/31/3
f 1289/31/3 1220/31/3 1219/31/3
f 1290/31/3 1221/31/3 1289/31/3
f 1291/2/3 1265/2/3 1264/2/3
f 1292/2/3 1265/2/3 1291/2/3
f 1293/2/3 1265/2/3 1292/2/3
f 1294/2/3 1265/2/3 1293/2/3
f 1295/32/3 1267/32/3 1266/32/3
f 1295/32/3 1266/32/3 201/32/3
f 1296/29/3 1229/29/3 1267/29/3
f 1296/32/3 1267/32/3 1295/32/3
f 1297/29/3 733/29/3 1229/29/3
f 1297/29/3 1229/29/3 1296/29/3
f 1298/31/3 1234/31/3 1233/31/3
f 1298/33/3 1236/33/3 1235/33/3
f 1298/31/3 1233/31/3 1232/31/3
f 1298/31/3 1232/31/3 1231/31/3
f 1298/33/3 1235/33/3 1234/33/3
f 1299/33/3 1236/33/3 1298/33/3
f 1300/31/3 1269/31/3 1268/31/3
f 1301/42/3 1273/42/3 1272/42/3
f 1301/31/3 1269/31/3 1300/31/3
f 1301/42/3 1270/42/3 1269/42/3
f 1301/42/3 1271/42/3 1270/42/3
f 1301/42/3 1274/42/3 1273/42/3
f 1301/42/3 1272/42/3 1271/42/3
f 1302/42/3 1274/42/3 1301/42/3
f 1303/42/3 939/42/3 1274/42/3
f 1303/42/3 1274/42/3 1302/42/3
f 1304/42/3 1281/42/3 881/42/3
f 1304/20/3 1283/20/3 1282/20/3
f 1304/20/3 1282/20/3 1281/20/3
f 1305/42/3 1284/42/3 1283/42/3
f 1305/20/3 1283/20/3 1304/20/3
f 1305/42/3 1285/42/3 1284/42/3
f 1306/42/3 1285/42/3 1305/42/3
f 1307/31/3 1286/31/3 1285/31/3
f 1307/42/3 1285/42/3 1306/42/3
f 1308/29/3 1287/29/3 1286/29/3
f 1308/31/3 1286/31/3 1307/31/3
f 1308/29/3 1288/29/3 1287/29/3
f 1309/29/3 1288/29/3 1308/29/3
f 1310/29/3 1263/29/3 1288/29/3
f 1310/29/3 1288/29/3 1309/29/3
f 1311/29/3 1184/29/3 1263/29/3
f 1311/29/3 1263/29/3 1310/29/3
f 1312/26/3 1290/26/3 1289/26/3
f 1312/26/3 1289/26/3 1184/26/3
f 1313/31/3 1221/31/3 1290/31/3
f 1313/26/3 1290/26/3 1312/26/3
f 1314/3/3 1297/3/3 1296/3/3
f 1314/3/3 1296/3/3 1295/3/3
f 1315/3/3 1297/3/3 1314/3/3
f 1316/31/3 1299/31/3 1298/31/3
f 1316/31/3 1298/31/3 1231/31/3
f 1317/33/3 1236/33/3 1299/33/3
f 1317/31/3 1299/31/3 1316/31/3
f 1318/31/3 1237/31/3 1236/31/3
f 1318/33/3 1236/33/3 1317/33/3
f 1318/31/3 1238/31/3 1237/31/3
f 1319/42/3 1302/42/3 1301/42/3
f 1319/42/3 1301/42/3 1300/42/3
f 1320/19/3 1303/19/3 1302/19/3
f 1320/42/3 1302/42/3 1319/42/3
f 1321/19/3 1303/19/3 1320/19/3
f 1322/19/3 1303/19/3 1321/19/3
f 1323/42/3 939/42/3 1303/42/3
f 1323/19/3 1303/19/3 1322/19/3
f 1324/3/3 1277/3/3 1276/3/3
f 1324/3/3 1275/3/3 1247/3/3
f 1324/3/3 1276/3/3 1275/3/3
f 1325/3/3 1277/3/3 1324/3/3
f 1326/3/3 1277/3/3 1325/3/3
f 1327/3/3 1277/3/3 1326/3/3
f 1328/21/3 880/21/3 1031/21/3
f 1329/20/3 881/20/3 880/20/3
f 1329/21/3 880/21/3 1328/21/3
f 1330/42/3 1306/42/3 1305/42/3
f 1330/20/3 881/20/3 1329/20/3
f 1330/42/3 1305/42/3 1304/42/3
f 1330/42/3 1304/42/3 881/42/3
f 1331/42/3 1306/42/3 1330/42/3
f 1332/31/3 1307/31/3 1306/31/3
f 1332/42/3 1306/42/3 1331/42/3
f 1333/29/3 1308/29/3 1307/29/3
f 1333/31/3 1307/31/3 1332/31/3
f 1334/35/3 1309/35/3 1308/35/3
f 1334/29/3 1308/29/3 1333/29/3
f 1335/29/3 1310/29/3 1309/29/3
f 1335/35/3 1309/35/3 1334/35/3
f 1336/29/3 1310/29/3 1335/29/3
f 1337/29/3 1310/29/3 1336/29/3
f 1338/32/3 1264/32/3 110/32/3
f 1338/2/3 1291/2/3 1264/2/3
f 1339/32/3 1292/32/3 1291/32/3
f 1339/2/3 1291/2/3 1338/2/3
f 1340/2/3 1293/2/3 1292/2/3
f 1340/32/3 1292/32/3 1339/32/3
f 1341/32/3 1294/32/3 1293/32/3
f 1341/2/3 1293/2/3 1340/2/3
f 1342/2/3 1265/2/3 1294/2/3
f 1342/32/3 1294/32/3 1341/32/3
f 1343/32/3 200/32/3 1265/32/3
f 1343/2/3 1265/2/3 1342/2/3
f 1344/32/3 1315/32/3 1314/32/3
f 1345/3/3 1297/3/3 1315/3/3
f 1345/32/3 1315/32/3 1344/32/3
f 1346/33/3 1193/33/3 1238/33/3
f 1346/33/3 1129/33/3 1193/33/3
f 1347/31/3 1300/31/3 1268/31/3
f 1347/33/3 1129/33/3 1346/33/3
f 1347/31/3 1268/31/3 1194/31/3
f 1347/31/3 1194/31/3 1129/31/3
f 1348/19/3 1320/19/3 1319/19/3
f 1349/18/3 1321/18/3 1320/18/3
f 1349/19/3 1320/19/3 1348/19/3
f 1350/17/3 1322/17/3 1321/17/3
f 1350/18/3 1321/18/3 1349/18/3
f 1351/42/3 1323/42/3 1322/42/3
f 1351/17/3 1322/17/3 1350/17/3
f 1352/42/3 1323/42/3 1351/42/3
f 1353/42/3 939/42/3 1323/42/3
f 1353/42/3 1323/42/3 1352/42/3
f 1354/3/3 1247/3/3 1204/3/3
f 1354/3/3 1324/3/3 1247/3/3
f 1355/3/3 1324/3/3 1354/3/3
f 1356/14/3 1325/14/3 1324/14/3
f 1356/3/3 1324/3/3 1355/3/3
f 1357/14/3 1325/14/3 1356/14/3
f 1358/3/3 1326/3/3 1325/3/3
f 1358/14/3 1325/14/3 1357/14/3
f 1359/3/3 1326/3/3 1358/3/3
f 1360/3/3 1326/3/3 1359/3/3
f 1361/14/3 1327/14/3 1326/14/3
f 1361/3/3 1326/3/3 1360/3/3
f 1362/14/3 1278/14/3 1277/14/3
f 1362/3/3 1277/3/3 1327/3/3
f 1363/3/3 1280/3/3 1279/3/3
f 1363/14/3 1278/14/3 1362/14/3
f 1363/3/3 1279/3/3 1278/3/3
f 1364/42/3 1331/42/3 1330/42/3
f 1364/42/3 1330/42/3 1329/42/3
f 1365/31/3 1332/31/3 1331/31/3
f 1365/42/3 1331/42/3 1364/42/3
f 1366/31/3 1332/31/3 1365/31/3
f 1367/29/3 1333/29/3 1332/29/3
f 1367/31/3 1332/31/3 1366/31/3
f 1367/29/3 1334/29/3 1333/29/3
f 1368/35/3 1336/35/3 1335/35/3
f 1368/28/3 1335/28/3 1334/28/3
f 1369/35/3 1336/35/3 1368/35/3
f 1370/34/3 1337/34/3 1336/34/3
f 1370/35/3 1336/35/3 1369/35/3
f 1371/29/3 1310/29/3 1337/29/3
f 1371/34/3 1337/34/3 1370/34/3
f 1372/29/3 1184/29/3 1311/29/3
f 1372/30/3 1311/30/3 1310/30/3
f 1373/26/3 1312/26/3 1184/26/3
f 1373/29/3 1184/29/3 1372/29/3
f 1374/3/3 1297/3/3 1345/3/3
f 1374/29/3 733/29/3 1297/29/3
f 1375/32/3 1231/32/3 1230/32/3
f 1375/29/3 733/29/3 1374/29/3
f 1375/32/3 1230/32/3 733/32/3
f 1376/31/3 1316/31/3 1231/31/3
f 1377/35/3 1317/35/3 1316/35/3
f 1377/31/3 1316/31/3 1376/31/3
f 1378/31/3 1300/31/3 1347/31/3
f 1378/31/3 1347/31/3 1346/31/3
f 1379/31/3 1300/31/3 1378/31/3
f 1380/18/3 1349/18/3 1348/18/3
f 1380/19/3 1348/19/3 1319/19/3
f 1381/17/3 1350/17/3 1349/17/3
f 1381/18/3 1349/18/3 1380/18/3
f 1382/42/3 1352/42/3 1351/42/3
f 1382/17/3 1350/17/3 1381/17/3
f 1382/42/3 1351/42/3 1350/42/3
f 1383/42/3 1352/42/3 1382/42/3
f 1384/31/3 1353/31/3 1352/31/3
f 1384/42/3 1352/42/3 1383/42/3
f 1385/3/3 1357/3/3 1356/3/3
f 1385/14/3 1359/14/3 1358/14/3
f 1385/3/3 1356/3/3 1355/3/3
f 1385/14/3 1358/14/3 1357/14/3
f 1386/3/3 1360/3/3 1359/3/3
f 1386/14/3 1359/14/3 1385/14/3
f 1387/14/3 1361/14/3 1360/14/3
f 1387/3/3 1360/3/3 1386/3/3
f 1388/31/3 1366/31/3 1365/31/3
f 1388/31/3 1365/31/3 1364/31/3
f 1388/42/3 1364/42/3 1329/42/3
f 1389/31/3 1366/31/3 1388/31/3
f 1390/29/3 1367/29/3 1366/29/3
f 1390/31/3 1366/31/3 1389/31/3
f 1391/29/3 1334/29/3 1367/29/3
f 1391/29/3 1367/29/3 1390/29/3
f 1391/28/3 1369/28/3 1368/28/3
f 1391/28/3 1368/28/3 1334/28/3
f 1392/29/3 1370/29/3 1369/29/3
f 1392/28/3 1369/28/3 1391/28/3
f 1392/29/3 1371/29/3 1370/29/3
f 1393/29/3 1310/29/3 1371/29/3
f 1393/29/3 1371/29/3 1392/29/3
f 1394/30/3 1373/30/3 1372/30/3
f 1394/29/3 1310/29/3 1393/29/3
f 1394/30/3 1372/30/3 1310/30/3
f 1395/30/3 1373/30/3 1394/30/3
f 1396/26/3 1312/26/3 1373/26/3
f 1396/30/3 1373/30/3 1395/30/3
f 1397/31/3 1313/31/3 1312/31/3
f 1397/26/3 1312/26/3 1396/26/3
f 1398/31/3 1221/31/3 1313/31/3
f 1398/31/3 1313/31/3 1397/31/3
f 1399/32/3 1222/32/3 1221/32/3
f 1399/31/3 1221/31/3 1398/31/3
f 1400/29/3 109/29/3 1222/29/3
f 1400/32/3 1222/32/3 1399/32/3
f 1401/32/3 1295/32/3 201/32/3
f 1401/3/3 1314/3/3 1295/3/3
f 1402/32/3 1344/32/3 1314/32/3
f 1402/3/3 1314/3/3 1401/3/3
f 1403/30/3 1345/30/3 1344/30/3
f 1403/32/3 1344/32/3 1402/32/3
f 1404/3/3 1374/3/3 1345/3/3
f 1404/30/3 1345/30/3 1403/30/3
f 1405/32/3 1375/32/3 1374/32/3
f 1405/3/3 1374/3/3 1404/3/3
f 1406/17/3 1381/17/3 1380/17/3
f 1406/19/3 1380/19/3 1319/19/3
f 1407/42/3 1382/42/3 1381/42/3
f 1407/17/3 1381/17/3 1406/17/3
f 1407/42/3 1383/42/3 1382/42/3
f 1408/21/3 940/21/3 939/21/3
f 1408/42/3 939/42/3 1353/42/3
f 1409/21/3 940/21/3 1408/21/3
f 1410/14/3 1387/14/3 1386/14/3
f 1410/3/3 1386/3/3 1385/3/3
f 1411/14/3 1387/14/3 1410/14/3
f 1412/3/3 1280/3/3 1363/3/3
f 1412/3/3 1363/3/3 1362/3/3
f 1413/3/3 1280/3/3 1412/3/3
f 1414/29/3 1392/29/3 1391/29/3
f 1414/28/3 1390/28/3 1389/28/3
f 1414/29/3 1391/29/3 1390/29/3
f 1415/29/3 1392/29/3 1414/29/3
f 1416/29/3 1392/29/3 1415/29/3
f 1417/35/3 1393/35/3 1392/35/3
f 1417/29/3 1392/29/3 1416/29/3
f 1418/29/3 1395/29/3 1394/29/3
f 1418/35/3 1393/35/3 1417/35/3
f 1418/29/3 1394/29/3 1393/29/3
f 1419/31/3 1400/31/3 1399/31/3
f 1419/31/3 1399/31/3 1398/31/3
f 1419/26/3 1398/26/3 1397/26/3
f 1420/31/3 1400/31/3 1419/31/3
f 1421/32/3 1402/32/3 1401/32/3
f 1421/3/3 1403/3/3 1402/3/3
f 1421/3/3 1404/3/3 1403/3/3
f 1422/3/3 1404/3/3 1421/3/3
f 1423/32/3 1405/32/3 1404/32/3
f 1423/3/3 1404/3/3 1422/3/3
f 1424/31/3 1376/31/3 1231/31/3
f 1425/35/3 1377/35/3 1376/35/3
f 1425/31/3 1376/31/3 1424/31/3
f 1426/35/3 1317/35/3 1377/35/3
f 1426/35/3 1377/35/3 1425/35/3
f 1427/33/3 1346/33/3 1238/33/3
f 1428/31/3 1378/31/3 1346/31/3
f 1428/33/3 1346/33/3 1427/33/3
f 1429/31/3 1300/31/3 1379/31/3
f 1429/33/3 1379/33/3 1378/33/3
f 1430/31/3 1300/31/3 1429/31/3
f 1431/42/3 1319/42/3 1300/42/3
f 1431/31/3 1300/31/3 1430/31/3
f 1432/19/3 1407/19/3 1406/19/3
f 1432/42/3 1319/42/3 1431/42/3
f 1432/19/3 1406/19/3 1319/19/3
f 1433/19/3 1407/19/3 1432/19/3
f 1434/42/3 1383/42/3 1407/42/3
f 1434/19/3 1407/19/3 1433/19/3
f 1435/42/3 1383/42/3 1434/42/3
f 1436/31/3 1384/31/3 1383/31/3
f 1436/42/3 1383/42/3 1435/42/3
f 1437/31/3 1384/31/3 1436/31/3
f 1438/31/3 1353/31/3 1384/31/3
f 1438/31/3 1384/31/3 1437/31/3
f 1438/42/3 1409/42/3 1408/42/3
f 1438/42/3 1408/42/3 1353/42/3
f 1439/42/3 1409/42/3 1438/42/3
f 1440/14/3 1387/14/3 1411/14/3
f 1440/3/3 1411/3/3 1410/3/3
f 1441/14/3 1387/14/3 1440/14/3
f 1442/3/3 1412/3/3 1362/3/3
f 1443/14/3 1413/14/3 1412/14/3
f 1443/3/3 1412/3/3 1442/3/3
f 1444/14/3 1413/14/3 1443/14/3
f 1445/3/3 1280/3/3 1413/3/3
f 1445/14/3 1413/14/3 1444/14/3
f 1446/29/3 1416/29/3 1415/29/3
f 1446/28/3 1415/28/3 1414/28/3
f 1447/29/3 1416/29/3 1446/29/3
f 1448/35/3 1417/35/3 1416/35/3
f 1448/29/3 1416/29/3 1447/29/3
f 1449/29/3 1418/29/3 1417/29/3
f 1449/35/3 1417/35/3 1448/35/3
f 1450/30/3 1396/30/3 1395/30/3
f 1450/29/3 1418/29/3 1449/29/3
f 1450/29/3 1395/29/3 1418/29/3
f 1451/29/3 1397/29/3 1396/29/3
f 1451/30/3 1396/30/3 1450/30/3
f 1452/26/3 1420/26/3 1419/26/3
f 1452/29/3 1397/29/3 1451/29/3
f 1452/26/3 1419/26/3 1397/26/3
f 1453/26/3 1420/26/3 1452/26/3
f 1454/32/3 1342/32/3 1341/32/3
f 1454/32/3 1339/32/3 1338/32/3
f 1454/32/3 1343/32/3 1342/32/3
f 1454/32/3 1338/32/3 110/32/3
f 1454/32/3 1341/32/3 1340/32/3
f 1454/32/3 1340/32/3 1339/32/3
f 1455/32/3 200/32/3 1343/32/3
f 1455/32/3 1343/32/3 1454/32/3
f 1456/32/3 1401/32/3 201/32/3
f 1456/32/3 1422/32/3 1421/32/3
f 1456/32/3 1421/32/3 1401/32/3
f 1457/30/3 1423/30/3 1422/30/3
f 1457/32/3 1422/32/3 1456/32/3
f 1458/32/3 1405/32/3 1423/32/3
f 1458/30/3 1423/30/3 1457/30/3
f 1459/32/3 1375/32/3 1405/32/3
f 1459/32/3 1405/32/3 1458/32/3
f 1460/32/3 1231/32/3 1375/32/3
f 1460/32/3 1375/32/3 1459/32/3
f 1461/31/3 1424/31/3 1231/31/3
f 1461/32/3 1231/32/3 1460/32/3
f 1462/31/3 1238/31/3 1318/31/3
f 1462/31/3 1318/31/3 1317/31/3
f 1463/31/3 1238/31/3 1462/31/3
f 1464/31/3 1378/31/3 1428/31/3
f 1464/31/3 1428/31/3 1427/31/3
f 1465/33/3 1430/33/3 1429/33/3
f 1465/31/3 1378/31/3 1464/31/3
f 1465/33/3 1429/33/3 1378/33/3
f 1466/42/3 1433/42/3 1432/42/3
f 1466/19/3 1435/19/3 1434/19/3
f 1466/19/3 1434/19/3 1433/19/3
f 1467/19/3 1435/19/3 1466/19/3
f 1468/42/3 1437/42/3 1436/42/3
f 1468/19/3 1435/19/3 1467/19/3
f 1468/42/3 1436/42/3 1435/42/3
f 1469/42/3 1437/42/3 1468/42/3
f 1470/31/3 1438/31/3 1437/31/3
f 1470/42/3 1437/42/3 1469/42/3
f 1470/31/3 1439/31/3 1438/31/3
f 1471/31/3 1439/31/3 1470/31/3
f 1472/31/3 1439/31/3 1471/31/3
f 1473/42/3 1409/42/3 1439/42/3
f 1473/31/3 1439/31/3 1472/31/3
f 1474/14/3 1444/14/3 1443/14/3
f 1474/3/3 1442/3/3 1362/3/3
f 1474/14/3 1443/14/3 1442/14/3
f 1475/3/3 1445/3/3 1444/3/3
f 1475/14/3 1444/14/3 1474/14/3
f 1476/3/3 1280/3/3 1445/3/3
f 1476/3/3 1445/3/3 1475/3/3
f 1477/14/3 1145/14/3 1280/14/3
f 1477/3/3 1280/3/3 1476/3/3
f 1478/29/3 1450/29/3 1449/29/3
f 1478/29/3 1453/29/3 1452/29/3
f 1478/29/3 1452/29/3 1451/29/3
f 1478/29/3 1451/29/3 1450/29/3
f 1478/29/3 1449/29/3 1448/29/3
f 1478/29/3 1448/29/3 1447/29/3
f 1479/29/3 1453/29/3 1478/29/3
f 1480/26/3 1420/26/3 1453/26/3
f 1480/29/3 1453/29/3 1479/29/3
f 1481/31/3 1400/31/3 1420/31/3
f 1481/26/3 1420/26/3 1480/26/3
f 1482/32/3 1454/32/3 110/32/3
f 1482/2/3 1455/2/3 1454/2/3
f 1483/2/3 1455/2/3 1482/2/3
f 1484/2/3 1455/2/3 1483/2/3
f 1485/2/3 1455/2/3 1484/2/3
f 1486/3/3 1459/3/3 1458/3/3
f 1486/3/3 1457/3/3 1456/3/3
f 1486/3/3 1458/3/3 1457/3/3
f 1487/3/3 1459/3/3 1486/3/3
f 1488/3/3 1459/3/3 1487/3/3
f 1489/3/3 1459/3/3 1488/3/3
f 1490/3/3 1459/3/3 1489/3/3
f 1491/31/3 1424/31/3 1461/31/3
f 1491/31/3 1461/31/3 1460/31/3
f 1492/35/3 1425/35/3 1424/35/3
f 1492/31/3 1424/31/3 1491/31/3
f 1493/33/3 1427/33/3 1238/33/3
f 1494/31/3 1464/31/3 1427/31/3
f 1494/33/3 1427/33/3 1493/33/3
f 1495/42/3 1467/42/3 1466/42/3
f 1495/42/3 1466/42/3 1432/42/3
f 1495/31/3 1432/31/3 1431/31/3
f 1495/31/3 1431/31/3 1430/31/3
f 1496/42/3 1467/42/3 1495/42/3
f 1497/18/3 1468/18/3 1467/18/3
f 1497/42/3 1467/42/3 1496/42/3
f 1498/17/3 1469/17/3 1468/17/3
f 1498/18/3 1468/18/3 1497/18/3
f 1499/42/3 1470/42/3 1469/42/3
f 1499/17/3 1469/17/3 1498/17/3
f 1499/42/3 1471/42/3 1470/42/3
f 1500/42/3 1471/42/3 1499/42/3
f 1501/42/3 1471/42/3 1500/42/3
f 1502/42/3 1471/42/3 1501/42/3
f 1503/42/3 1471/42/3 1502/42/3
f 1504/31/3 1472/31/3 1471/31/3
f 1504/42/3 1471/42/3 1503/42/3
f 1505/42/3 1473/42/3 1472/42/3
f 1505/31/3 1472/31/3 1504/31/3
f 1506/3/3 1385/3/3 1355/3/3
f 1506/3/3 1441/3/3 1440/3/3
f 1506/3/3 1440/3/3 1410/3/3
f 1506/3/3 1410/3/3 1385/3/3
f 1506/14/3 1355/14/3 1354/14/3
f 1507/3/3 1441/3/3 1506/3/3
f 1508/14/3 1361/14/3 1387/14/3
f 1508/3/3 1475/3/3 1474/3/3
f 1508/3/3 1476/3/3 1475/3/3
f 1508/14/3 1327/14/3 1361/14/3
f 1508/3/3 1362/3/3 1327/3/3
f 1508/14/3 1387/14/3 1441/14/3
f 1508/3/3 1474/3/3 1362/3/3
f 1509/3/3 1476/3/3 1508/3/3
f 1510/3/3 1476/3/3 1509/3/3
f 1511/14/3 1477/14/3 1476/14/3
f 1511/3/3 1476/3/3 1510/3/3
f 1512/28/3 1447/28/3 1446/28/3
f 1512/28/3 1446/28/3 1414/28/3
f 1513/29/3 1478/29/3 1447/29/3
f 1513/28/3 1447/28/3 1512/28/3
f 1514/37/3 1479/37/3 1478/37/3
f 1514/29/3 1478/29/3 1513/29/3
f 1515/36/3 1480/36/3 1479/36/3
f 1515/37/3 1479/37/3 1514/37/3
f 1516/29/3 1481/29/3 1480/29/3
f 1516/36/3 1480/36/3 1515/36/3
f 1517/31/3 1491/31/3 1460/31/3
f 1517/32/3 1460/32/3 1459/32/3
f 1518/35/3 1492/35/3 1491/35/3
f 1518/31/3 1491/31/3 1517/31/3
f 1519/35/3 1425/35/3 1492/35/3
f 1519/35/3 1492/35/3 1518/35/3
f 1520/31/3 1238/31/3 1463/31/3
f 1520/33/3 1493/33/3 1238/33/3
f 1521/31/3 1494/31/3 1493/31/3
f 1521/33/3 1493/33/3 1520/33/3
f 1522/33/3 1430/33/3 1465/33/3
f 1522/33/3 1465/33/3 1464/33/3
f 1522/31/3 1495/31/3 1430/31/3
f 1522/31/3 1496/31/3 1495/31/3
f 1523/31/3 1496/31/3 1522/31/3
f 1524/42/3 1498/42/3 1497/42/3
f 1524/31/3 1496/31/3 1523/31/3
f 1524/42/3 1497/42/3 1496/42/3
f 1525/42/3 1498/42/3 1524/42/3
f 1526/19/3 1499/19/3 1498/19/3
f 1526/42/3 1498/42/3 1525/42/3
f 1526/19/3 1500/19/3 1499/19/3
f 1527/18/3 1501/18/3 1500/18/3
f 1527/19/3 1500/19/3 1526/19/3
f 1528/19/3 1502/19/3 1501/19/3
f 1528/18/3 1501/18/3 1527/18/3
f 1529/18/3 1503/18/3 1502/18/3
f 1529/19/3 1502/19/3 1528/19/3
f 1530/42/3 1505/42/3 1504/42/3
f 1530/18/3 1503/18/3 1529/18/3
f 1530/42/3 1504/42/3 1503/42/3
f 1531/42/3 1473/42/3 1505/42/3
f 1531/42/3 1505/42/3 1530/42/3
f 1531/42/3 1409/42/3 1473/42/3
f 1532/14/3 1507/14/3 1506/14/3
f 1532/14/3 1506/14/3 1354/14/3
f 1532/3/3 1354/3/3 1204/3/3
f 1533/14/3 1507/14/3 1532/14/3
f 1534/3/3 1510/3/3 1509/3/3
f 1534/14/3 1509/14/3 1508/14/3
f 1535/14/3 1511/14/3 1510/14/3
f 1535/3/3 1510/3/3 1534/3/3
f 1536/28/3 1414/28/3 1389/28/3
f 1536/28/3 1512/28/3 1414/28/3
f 1537/29/3 1514/29/3 1513/29/3
f 1537/28/3 1512/28/3 1536/28/3
f 1537/29/3 1513/29/3 1512/29/3
f 1537/29/3 1515/29/3 1514/29/3
f 1537/29/3 1516/29/3 1515/29/3
f 1538/29/3 1516/29/3 1537/29/3
f 1539/29/3 1481/29/3 1516/29/3
f 1539/29/3 1516/29/3 1538/29/3
f 1540/31/3 1400/31/3 1481/31/3
f 1540/29/3 1481/29/3 1539/29/3
f 1541/29/3 109/29/3 1400/29/3
f 1541/31/3 1400/31/3 1540/31/3
f 1542/2/3 1484/2/3 1483/2/3
f 1542/32/3 1483/32/3 1482/32/3
f 1543/32/3 1485/32/3 1484/32/3
f 1543/2/3 1484/2/3 1542/2/3
f 1544/2/3 1455/2/3 1485/2/3
f 1544/32/3 1485/32/3 1543/32/3
f 1545/32/3 200/32/3 1455/32/3
f 1545/2/3 1455/2/3 1544/2/3
f 1546/32/3 1489/32/3 1488/32/3
f 1546/29/3 1490/29/3 1489/29/3
f 1547/3/3 1459/3/3 1490/3/3
f 1547/29/3 1490/29/3 1546/29/3
f 1548/33/3 1463/33/3 1462/33/3
f 1548/31/3 1462/31/3 1317/31/3
f 1549/31/3 1520/31/3 1463/31/3
f 1549/33/3 1463/33/3 1548/33/3
f 1549/31/3 1521/31/3 1520/31/3
f 1550/31/3 1521/31/3 1549/31/3
f 1551/31/3 1494/31/3 1521/31/3
f 1551/31/3 1521/31/3 1550/31/3
f 1552/31/3 1464/31/3 1494/31/3
f 1552/31/3 1494/31/3 1551/31/3
f 1553/42/3 1528/42/3 1527/42/3
f 1553/31/3 1525/31/3 1524/31/3
f 1553/42/3 1527/42/3 1526/42/3
f 1553/42/3 1526/42/3 1525/42/3
f 1553/31/3 1524/31/3 1523/31/3
f 1554/42/3 1528/42/3 1553/42/3
f 1555/19/3 1531/19/3 1530/19/3
f 1555/42/3 1528/42/3 1554/42/3
f 1555/19/3 1530/19/3 1529/19/3
f 1555/19/3 1529/19/3 1528/19/3
f 1556/42/3 1409/42/3 1531/42/3
f 1556/19/3 1531/19/3 1555/19/3
f 1557/3/3 1532/3/3 1204/3/3
f 1557/14/3 1204/14/3 1099/14/3
f 1557/3/3 1533/3/3 1532/3/3
f 1558/3/3 1533/3/3 1557/3/3
f 1559/28/3 1536/28/3 1389/28/3
f 1559/30/3 1389/30/3 1388/30/3
f 1560/29/3 1537/29/3 1536/29/3
f 1560/28/3 1536/28/3 1559/28/3
f 1560/29/3 1538/29/3 1537/29/3
f 1561/29/3 1538/29/3 1560/29/3
f 1562/29/3 1538/29/3 1561/29/3
f 1563/29/3 1538/29/3 1562/29/3
f 1564/26/3 1539/26/3 1538/26/3
f 1564/29/3 1538/29/3 1563/29/3
f 1565/29/3 1540/29/3 1539/29/3
f 1565/26/3 1539/26/3 1564/26/3
f 1566/32/3 1541/32/3 1540/32/3
f 1566/29/3 1540/29/3 1565/29/3
f 1567/2/3 1544/2/3 1543/2/3
f 1567/32/3 1543/32/3 1542/32/3
f 1568/32/3 1545/32/3 1544/32/3
f 1568/2/3 1544/2/3 1567/2/3
f 1569/3/3 201/3/3 200/3/3
f 1569/32/3 1545/32/3 1568/32/3
f 1569/32/3 200/32/3 1545/32/3
f 1570/32/3 1456/32/3 201/32/3
f 1570/3/3 201/3/3 1569/3/3
f 1571/3/3 1486/3/3 1456/3/3
f 1571/32/3 1456/32/3 1570/32/3
f 1572/32/3 1487/32/3 1486/32/3
f 1572/3/3 1486/3/3 1571/3/3
f 1573/3/3 1488/3/3 1487/3/3
f 1573/32/3 1487/32/3 1572/32/3
f 1574/32/3 1546/32/3 1488/32/3
f 1574/3/3 1488/3/3 1573/3/3
f 1574/32/3 1547/32/3 1546/32/3
f 1575/3/3 1459/3/3 1547/3/3
f 1575/32/3 1547/32/3 1574/32/3
f 1576/32/3 1517/32/3 1459/32/3
f 1576/3/3 1459/3/3 1575/3/3
f 1577/32/3 1517/32/3 1576/32/3
f 1578/35/3 1518/35/3 1517/35/3
f 1578/32/3 1517/32/3 1577/32/3
f 1579/32/3 1519/32/3 1518/32/3
f 1579/35/3 1518/35/3 1578/35/3
f 1580/35/3 1317/35/3 1426/35/3
f 1580/29/3 1426/29/3 1425/29/3
f 1581/31/3 1548/31/3 1317/31/3
f 1581/35/3 1317/35/3 1580/35/3
f 1581/31/3 1549/31/3 1548/31/3
f 1581/31/3 1550/31/3 1549/31/3
f 1582/38/3 1551/38/3 1550/38/3
f 1582/31/3 1550/31/3 1581/31/3
f 1583/33/3 1552/33/3 1551/33/3
f 1583/38/3 1551/38/3 1582/38/3
f 1584/31/3 1464/31/3 1552/31/3
f 1584/33/3 1523/33/3 1522/33/3
f 1584/33/3 1522/33/3 1464/33/3
f 1585/33/3 1523/33/3 1584/33/3
f 1586/31/3 1554/31/3 1553/31/3
f 1587/42/3 1555/42/3 1554/42/3
f 1587/31/3 1554/31/3 1586/31/3
f 1587/42/3 1556/42/3 1555/42/3
f 1588/42/3 1556/42/3 1587/42/3
f 1589/42/3 1409/42/3 1556/42/3
f 1589/42/3 1556/42/3 1588/42/3
f 1590/21/3 940/21/3 1409/21/3
f 1590/22/3 941/22/3 940/22/3
f 1591/23/3 942/23/3 941/23/3
f 1591/22/3 941/22/3 1590/22/3
f 1592/3/3 1533/3/3 1558/3/3
f 1592/14/3 1558/14/3 1557/14/3
f 1593/3/3 1533/3/3 1592/3/3
f 1594/3/3 1441/3/3 1507/3/3
f 1594/14/3 1507/14/3 1533/14/3
f 1595/3/3 1441/3/3 1594/3/3
f 1596/3/3 1441/3/3 1595/3/3
f 1597/14/3 1508/14/3 1441/14/3
f 1597/3/3 1441/3/3 1596/3/3
f 1597/14/3 1534/14/3 1508/14/3
f 1597/14/3 1535/14/3 1534/14/3
f 1598/14/3 1477/14/3 1511/14/3
f 1598/14/3 1535/14/3 1597/14/3
f 1598/14/3 1145/14/3 1477/14/3
f 1598/14/3 1511/14/3 1535/14/3
f 1599/15/3 1069/15/3 1145/15/3
f 1599/14/3 1145/14/3 1598/14/3
f 1600/28/3 1070/28/3 1069/28/3
f 1600/15/3 1069/15/3 1599/15/3
f 1601/42/3 1388/42/3 1329/42/3
f 1601/30/3 1559/30/3 1388/30/3
f 1602/35/3 1560/35/3 1559/35/3
f 1602/30/3 1559/30/3 1601/30/3
f 1602/35/3 1561/35/3 1560/35/3
f 1603/34/3 1562/34/3 1561/34/3
f 1603/35/3 1561/35/3 1602/35/3
f 1604/29/3 1563/29/3 1562/29/3
f 1604/34/3 1562/34/3 1603/34/3
f 1605/29/3 1563/29/3 1604/29/3
f 1606/26/3 1564/26/3 1563/26/3
f 1606/29/3 1563/29/3 1605/29/3
f 1606/26/3 1565/26/3 1564/26/3
f 1607/26/3 1565/26/3 1606/26/3
f 1608/31/3 1566/31/3 1565/31/3
f 1608/26/3 1565/26/3 1607/26/3
f 1609/32/3 1577/32/3 1576/32/3
f 1609/32/3 1569/32/3 1568/32/3
f 1609/32/3 1576/32/3 1575/32/3
f 1609/32/3 1575/32/3 1574/32/3
f 1609/32/3 1570/32/3 1569/32/3
f 1609/32/3 1542/32/3 1482/32/3
f 1609/32/3 1573/32/3 1572/32/3
f 1609/32/3 1572/32/3 1571/32/3
f 1609/32/3 1568/32/3 1567/32/3
f 1609/32/3 1571/32/3 1570/32/3
f 1609/32/3 1574/32/3 1573/32/3
f 1609/32/3 1567/32/3 1542/32/3
f 1610/32/3 1577/32/3 1609/32/3
f 1611/32/3 1577/32/3 1610/32/3
f 1612/35/3 1578/35/3 1577/35/3
f 1612/32/3 1577/32/3 1611/32/3
f 1613/31/3 1582/31/3 1581/31/3
f 1613/31/3 1581/31/3 1580/31/3
f 1614/33/3 1583/33/3 1582/33/3
f 1614/31/3 1582/31/3 1613/31/3
f 1615/33/3 1552/33/3 1583/33/3
f 1615/33/3 1583/33/3 1614/33/3
f 1615/31/3 1585/31/3 1584/31/3
f 1615/31/3 1584/31/3 1552/31/3
f 1616/31/3 1585/31/3 1615/31/3
f 1617/33/3 1523/33/3 1585/33/3
f 1618/31/3 1586/31/3 1553/31/3
f 1618/33/3 1523/33/3 1617/33/3
f 1618/31/3 1553/31/3 1523/31/3
f 1619/31/3 1586/31/3 1618/31/3
f 1620/42/3 1588/42/3 1587/42/3
f 1620/31/3 1586/31/3 1619/31/3
f 1620/42/3 1587/42/3 1586/42/3
f 1621/42/3 1588/42/3 1620/42/3
f 1622/19/3 1589/19/3 1588/19/3
f 1622/42/3 1588/42/3 1621/42/3
f 1623/19/3 1589/19/3 1622/19/3
f 1624/42/3 1409/42/3 1589/42/3
f 1624/19/3 1589/19/3 1623/19/3
f 1625/21/3 1590/21/3 1409/21/3
f 1625/32/3 1591/32/3 1590/32/3
f 1626/23/3 942/23/3 1591/23/3
f 1626/32/3 1591/32/3 1625/32/3
f 1627/14/3 1592/14/3 1557/14/3
f 1627/14/3 1593/14/3 1592/14/3
f 1628/3/3 1533/3/3 1593/3/3
f 1628/14/3 1593/14/3 1627/14/3
f 1629/14/3 1594/14/3 1533/14/3
f 1629/3/3 1533/3/3 1628/3/3
f 1629/14/3 1595/14/3 1594/14/3
f 1630/14/3 1595/14/3 1629/14/3
f 1631/3/3 1596/3/3 1595/3/3
f 1632/14/3 1597/14/3 1596/14/3
f 1632/3/3 1596/3/3 1631/3/3
f 1632/14/3 1598/14/3 1597/14/3
f 1633/28/3 1600/28/3 1599/28/3
f 1633/28/3 1070/28/3 1600/28/3
f 1634/42/3 1031/42/3 1070/42/3
f 1634/28/3 1070/28/3 1633/28/3
f 1635/29/3 1605/29/3 1604/29/3
f 1635/29/3 1603/29/3 1602/29/3
f 1635/29/3 1604/29/3 1603/29/3
f 1636/29/3 1605/29/3 1635/29/3
f 1637/29/3 1605/29/3 1636/29/3
f 1638/26/3 1607/26/3 1606/26/3
f 1638/26/3 1606/26/3 1605/26/3
f 1639/31/3 1608/31/3 1607/31/3
f 1639/26/3 1607/26/3 1638/26/3
f 1640/32/3 1609/32/3 1482/32/3
f 1640/32/3 1482/32/3 110/32/3
f 1641/2/3 1610/2/3 1609/2/3
f 1641/32/3 1609/32/3 1640/32/3
f 1642/32/3 1611/32/3 1610/32/3
f 1642/2/3 1610/2/3 1641/2/3
f 1643/32/3 1611/32/3 1642/32/3
f 1644/35/3 1578/35/3 1612/35/3
f 1644/35/3 1612/35/3 1611/35/3
f 1645/32/3 1579/32/3 1578/32/3
f 1645/35/3 1578/35/3 1644/35/3
f 1646/32/3 1519/32/3 1579/32/3
f 1646/32/3 1579/32/3 1645/32/3
f 1646/35/3 1425/35/3 1519/35/3
f 1647/29/3 1580/29/3 1425/29/3
f 1647/35/3 1425/35/3 1646/35/3
f 1648/31/3 1613/31/3 1580/31/3
f 1648/29/3 1580/29/3 1647/29/3
f 1649/33/3 1614/33/3 1613/33/3
f 1649/31/3 1613/31/3 1648/31/3
f 1649/33/3 1616/33/3 1615/33/3
f 1649/33/3 1615/33/3 1614/33/3
f 1650/31/3 1585/31/3 1616/31/3
f 1650/33/3 1616/33/3 1649/33/3
f 1651/31/3 1585/31/3 1650/31/3
f 1652/31/3 1619/31/3 1618/31/3
f 1652/31/3 1618/31/3 1617/31/3
f 1653/42/3 1621/42/3 1620/42/3
f 1653/31/3 1619/31/3 1652/31/3
f 1653/42/3 1620/42/3 1619/42/3
f 1654/42/3 1621/42/3 1653/42/3
f 1655/19/3 1623/19/3 1622/19/3
f 1655/42/3 1621/42/3 1654/42/3
f 1655/19/3 1622/19/3 1621/19/3
f 1656/19/3 1623/19/3 1655/19/3
f 1657/18/3 1624/18/3 1623/18/3
f 1657/19/3 1623/19/3 1656/19/3
f 1658/42/3 1409/42/3 1624/42/3
f 1658/18/3 1624/18/3 1657/18/3
f 1659/21/3 1625/21/3 1409/21/3
f 1659/22/3 1626/22/3 1625/22/3
f 1660/23/3 942/23/3 1626/23/3
f 1660/22/3 1626/22/3 1659/22/3
f 1661/14/3 1627/14/3 1557/14/3
f 1661/14/3 1557/14/3 1099/14/3
f 1662/3/3 1630/3/3 1629/3/3
f 1662/14/3 1627/14/3 1661/14/3
f 1662/3/3 1628/3/3 1627/3/3
f 1662/3/3 1629/3/3 1628/3/3
f 1663/3/3 1631/3/3 1595/3/3
f 1663/14/3 1595/14/3 1630/14/3
f 1664/3/3 1631/3/3 1663/3/3
f 1665/3/3 1631/3/3 1664/3/3
f 1666/14/3 1632/14/3 1631/14/3
f 1666/3/3 1631/3/3 1665/3/3
f 1667/42/3 1031/42/3 1634/42/3
f 1667/42/3 1634/42/3 1633/42/3
f 1668/21/3 1328/21/3 1031/21/3
f 1668/42/3 1031/42/3 1667/42/3
f 1669/42/3 1601/42/3 1329/42/3
f 1669/28/3 1602/28/3 1601/28/3
f 1670/29/3 1635/29/3 1602/29/3
f 1670/28/3 1602/28/3 1669/28/3
f 1671/37/3 1636/37/3 1635/37/3
f 1671/29/3 1635/29/3 1670/29/3
f 1672/36/3 1637/36/3 1636/36/3
f 1672/37/3 1636/37/3 1671/37/3
f 1673/29/3 1605/29/3 1637/29/3
f 1673/36/3 1637/36/3 1672/36/3
f 1674/32/3 1611/32/3 1643/32/3
f 1675/35/3 1644/35/3 1611/35/3
f 1675/32/3 1611/32/3 1674/32/3
f 1676/32/3 1645/32/3 1644/32/3
f 1676/35/3 1644/35/3 1675/35/3
f 1677/29/3 1648/29/3 1647/29/3
f 1677/32/3 1645/32/3 1676/32/3
f 1677/29/3 1649/29/3 1648/29/3
f 1677/29/3 1647/29/3 1646/29/3
f 1677/29/3 1646/29/3 1645/29/3
f 1678/29/3 1649/29/3 1677/29/3
f 1679/33/3 1650/33/3 1649/33/3
f 1679/29/3 1649/29/3 1678/29/3
f 1679/33/3 1651/33/3 1650/33/3
f 1680/33/3 1651/33/3 1679/33/3
f 1681/42/3 1654/42/3 1653/42/3
f 1681/42/3 1653/42/3 1652/42/3
f 1682/19/3 1655/19/3 1654/19/3
f 1682/42/3 1654/42/3 1681/42/3
f 1682/19/3 1656/19/3 1655/19/3
f 1683/19/3 1656/19/3 1682/19/3
f 1684/17/3 1657/17/3 1656/17/3
f 1684/19/3 1656/19/3 1683/19/3
f 1685/42/3 1658/42/3 1657/42/3
f 1686/42/3 1409/42/3 1658/42/3
f 1686/42/3 1658/42/3 1685/42/3
f 1687/3/3 1630/3/3 1662/3/3
f 1687/3/3 1662/3/3 1661/3/3
f 1688/14/3 1664/14/3 1663/14/3
f 1688/3/3 1630/3/3 1687/3/3
f 1688/14/3 1663/14/3 1630/14/3
f 1689/14/3 1664/14/3 1688/14/3
f 1690/3/3 1665/3/3 1664/3/3
f 1690/14/3 1664/14/3 1689/14/3
f 1691/14/3 1666/14/3 1665/14/3
f 1691/3/3 1665/3/3 1690/3/3
f 1692/14/3 1632/14/3 1666/14/3
f 1692/14/3 1666/14/3 1691/14/3
f 1692/14/3 1598/14/3 1632/14/3
f 1693/29/3 1670/29/3 1669/29/3
f 1693/42/3 1669/42/3 1329/42/3
f 1694/37/3 1671/37/3 1670/37/3
f 1694/29/3 1670/29/3 1693/29/3
f 1695/37/3 1671/37/3 1694/37/3
f 1696/29/3 1672/29/3 1671/29/3
f 1696/37/3 1671/37/3 1695/37/3
f 1696/29/3 1673/29/3 1672/29/3
f 1697/29/3 1605/29/3 1673/29/3
f 1697/29/3 1673/29/3 1696/29/3
f 1698/26/3 1638/26/3 1605/26/3
f 1698/29/3 1605/29/3 1697/29/3
f 1699/31/3 1639/31/3 1638/31/3
f 1699/26/3 1638/26/3 1698/26/3
f 1700/31/3 1608/31/3 1639/31/3
f 1700/31/3 1639/31/3 1699/31/3
f 1701/31/3 1566/31/3 1608/31/3
f 1701/31/3 1608/31/3 1700/31/3
f 1701/32/3 1541/32/3 1566/32/3
f 1702/29/3 109/29/3 1541/29/3
f 1702/32/3 1541/32/3 1701/32/3
f 1703/32/3 1640/32/3 110/32/3
f 1703/2/3 1641/2/3 1640/2/3
f 1704/32/3 1642/32/3 1641/32/3
f 1704/2/3 1641/2/3 1703/2/3
f 1705/2/3 1643/2/3 1642/2/3
f 1705/32/3 1642/32/3 1704/32/3
f 1706/32/3 1674/32/3 1643/32/3
f 1706/2/3 1643/2/3 1705/2/3
f 1707/32/3 1674/32/3 1706/32/3
f 1708/35/3 1675/35/3 1674/35/3
f 1708/32/3 1674/32/3 1707/32/3
f 1709/31/3 1680/31/3 1679/31/3
f 1709/29/3 1679/29/3 1678/29/3
f 1710/33/3 1651/33/3 1680/33/3
f 1710/31/3 1680/31/3 1709/31/3
f 1711/33/3 1651/33/3 1710/33/3
f 1712/31/3 1585/31/3 1651/31/3
f 1712/33/3 1651/33/3 1711/33/3
f 1713/33/3 1617/33/3 1585/33/3
f 1713/31/3 1585/31/3 1712/31/3
f 1714/31/3 1652/31/3 1617/31/3
f 1714/33/3 1617/33/3 1713/33/3
f 1715/31/3 1652/31/3 1714/31/3
f 1716/42/3 1681/42/3 1652/42/3
f 1716/31/3 1652/31/3 1715/31/3
f 1717/19/3 1682/19/3 1681/19/3
f 1717/19/3 1683/19/3 1682/19/3
f 1718/18/3 1684/18/3 1683/18/3
f 1718/19/3 1683/19/3 1717/19/3
f 1719/17/3 1657/17/3 1684/17/3
f 1719/18/3 1684/18/3 1718/18/3
f 1720/42/3 1685/42/3 1657/42/3
f 1720/17/3 1657/17/3 1719/17/3
f 1721/31/3 1686/31/3 1685/31/3
f 1721/42/3 1685/42/3 1720/42/3
f 1722/31/3 1686/31/3 1721/31/3
f 1723/42/3 1409/42/3 1686/42/3
f 1723/31/3 1686/31/3 1722/31/3
f 1724/14/3 1688/14/3 1687/14/3
f 1724/14/3 1689/14/3 1688/14/3
f 1725/3/3 1691/3/3 1690/3/3
f 1725/14/3 1689/14/3 1724/14/3
f 1725/3/3 1690/3/3 1689/3/3
f 1725/3/3 1692/3/3 1691/3/3
f 1726/14/3 1598/14/3 1692/14/3
f 1726/3/3 1692/3/3 1725/3/3
f 1727/14/3 1598/14/3 1726/14/3
f 1728/34/3 1695/34/3 1694/34/3
f 1728/34/3 1694/34/3 1693/34/3
f 1728/42/3 1693/42/3 1329/42/3
f 1729/34/3 1695/34/3 1728/34/3
f 1730/35/3 1696/35/3 1695/35/3
f 1730/34/3 1695/34/3 1729/34/3
f 1730/35/3 1697/35/3 1696/35/3
f 1731/35/3 1697/35/3 1730/35/3
f 1732/29/3 1698/29/3 1697/29/3
f 1732/35/3 1697/35/3 1731/35/3
f 1733/32/3 1704/32/3 1703/32/3
f 1733/2/3 1705/2/3 1704/2/3
f 1734/32/3 1707/32/3 1706/32/3
f 1734/2/3 1705/2/3 1733/2/3
f 1734/32/3 1706/32/3 1705/32/3
f 1735/32/3 1707/32/3 1734/32/3
f 1736/35/3 1708/35/3 1707/35/3
f 1736/32/3 1707/32/3 1735/32/3
f 1737/35/3 1675/35/3 1708/35/3
f 1737/35/3 1708/35/3 1736/35/3
f 1738/32/3 1676/32/3 1675/32/3
f 1738/35/3 1675/35/3 1737/35/3
f 1738/32/3 1678/32/3 1677/32/3
f 1738/32/3 1677/32/3 1676/32/3
f 1739/42/3 1681/42/3 1716/42/3
f 1739/42/3 1716/42/3 1715/42/3
f 1740/19/3 1717/19/3 1681/19/3
f 1740/42/3 1681/42/3 1739/42/3
f 1741/18/3 1718/18/3 1717/18/3
f 1741/19/3 1717/19/3 1740/19/3
f 1742/17/3 1719/17/3 1718/17/3
f 1742/18/3 1718/18/3 1741/18/3
f 1743/42/3 1720/42/3 1719/42/3
f 1743/17/3 1719/17/3 1742/17/3
f 1744/31/3 1722/31/3 1721/31/3
f 1744/42/3 1720/42/3 1743/42/3
f 1744/31/3 1721/31/3 1720/31/3
f 1745/42/3 1723/42/3 1722/42/3
f 1745/31/3 1722/31/3 1744/31/3
f 1746/42/3 1409/42/3 1723/42/3
f 1746/42/3 1723/42/3 1745/42/3
f 1747/21/3 1659/21/3 1409/21/3
f 1747/38/3 1660/38/3 1659/38/3
f 1748/23/3 942/23/3 1660/23/3
f 1748/38/3 1660/38/3 1747/38/3
f 1749/30/3 1731/30/3 1730/30/3
f 1749/29/3 1732/29/3 1731/29/3
f 1750/29/3 1732/29/3 1749/29/3
f 1751/29/3 1732/29/3 1750/29/3
f 1752/29/3 1732/29/3 1751/29/3
f 1753/29/3 1698/29/3 1732/29/3
f 1753/29/3 1732/29/3 1752/29/3
f 1754/30/3 1700/30/3 1699/30/3
f 1754/29/3 1698/29/3 1753/29/3
f 1754/30/3 1699/30/3 1698/30/3
f 1755/32/3 1733/32/3 1703/32/3
f 1755/32/3 1703/32/3 110/32/3
f 1755/32/3 1735/32/3 1734/32/3
f 1755/32/3 1734/32/3 1733/32/3
f 1756/32/3 1735/32/3 1755/32/3
f 1757/32/3 1735/32/3 1756/32/3
f 1758/35/3 1737/35/3 1736/35/3
f 1758/32/3 1735/32/3 1757/32/3
f 1758/35/3 1736/35/3 1735/35/3
f 1759/32/3 1678/32/3 1738/32/3
f 1759/32/3 1738/32/3 1737/32/3
f 1760/29/3 1709/29/3 1678/29/3
f 1760/32/3 1678/32/3 1759/32/3
f 1761/18/3 1741/18/3 1740/18/3
f 1761/18/3 1740/18/3 1739/18/3
f 1761/42/3 1739/42/3 1715/42/3
f 1762/42/3 1743/42/3 1742/42/3
f 1762/18/3 1741/18/3 1761/18/3
f 1762/42/3 1742/42/3 1741/42/3
f 1762/42/3 1745/42/3 1744/42/3
f 1762/42/3 1744/42/3 1743/42/3
f 1763/42/3 1745/42/3 1762/42/3
f 1764/19/3 1746/19/3 1745/19/3
f 1764/42/3 1745/42/3 1763/42/3
f 1765/21/3 1747/21/3 1409/21/3
f 1765/22/3 1748/22/3 1747/22/3
f 1766/23/3 942/23/3 1748/23/3
f 1766/22/3 1748/22/3 1765/22/3
f 1767/3/3 1687/3/3 1661/3/3
f 1768/14/3 1724/14/3 1687/14/3
f 1768/3/3 1687/3/3 1767/3/3
f 1769/28/3 1729/28/3 1728/28/3
f 1769/42/3 1728/42/3 1329/42/3
f 1770/29/3 1730/29/3 1729/29/3
f 1770/28/3 1729/28/3 1769/28/3
f 1771/30/3 1752/30/3 1751/30/3
f 1771/29/3 1751/29/3 1750/29/3
f 1772/30/3 1752/30/3 1771/30/3
f 1773/30/3 1700/30/3 1754/30/3
f 1773/26/3 1754/26/3 1753/26/3
f 1774/30/3 1700/30/3 1773/30/3
f 1775/31/3 1702/31/3 1701/31/3
f 1775/30/3 1700/30/3 1774/30/3
f 1775/31/3 1701/31/3 1700/31/3
f 1776/31/3 1702/31/3 1775/31/3
f 1777/2/3 1756/2/3 1755/2/3
f 1778/32/3 1757/32/3 1756/32/3
f 1778/2/3 1756/2/3 1777/2/3
f 1779/35/3 1737/35/3 1758/35/3
f 1779/35/3 1758/35/3 1757/35/3
f 1780/32/3 1759/32/3 1737/32/3
f 1780/35/3 1737/35/3 1779/35/3
f 1781/32/3 1759/32/3 1780/32/3
f 1782/29/3 1760/29/3 1759/29/3
f 1782/32/3 1759/32/3 1781/32/3
f 1783/29/3 1709/29/3 1760/29/3
f 1783/29/3 1760/29/3 1782/29/3
f 1784/29/3 1709/29/3 1783/29/3
f 1785/29/3 1709/29/3 1784/29/3
f 1786/29/3 1709/29/3 1785/29/3
f 1787/33/3 1711/33/3 1710/33/3
f 1787/29/3 1709/29/3 1786/29/3
f 1787/33/3 1710/33/3 1709/33/3
f 1788/33/3 1711/33/3 1787/33/3
f 1789/31/3 1712/31/3 1711/31/3
f 1789/33/3 1711/33/3 1788/33/3
f 1789/31/3 1713/31/3 1712/31/3
f 1789/31/3 1714/31/3 1713/31/3
f 1789/31/3 1715/31/3 1714/31/3
f 1790/31/3 1715/31/3 1789/31/3
f 1791/31/3 1715/31/3 1790/31/3
f 1792/42/3 1761/42/3 1715/42/3
f 1792/31/3 1715/31/3 1791/31/3
f 1792/42/3 1763/42/3 1762/42/3
f 1792/42/3 1762/42/3 1761/42/3
f 1793/42/3 1763/42/3 1792/42/3
f 1794/19/3 1764/19/3 1763/19/3
f 1794/42/3 1763/42/3 1793/42/3
f 1795/19/3 1764/19/3 1794/19/3
f 1796/19/3 1746/19/3 1764/19/3
f 1796/19/3 1764/19/3 1795/19/3
f 1796/42/3 1409/42/3 1746/42/3
f 1797/14/3 1724/14/3 1768/14/3
f 1797/14/3 1768/14/3 1767/14/3
f 1798/3/3 1727/3/3 1726/3/3
f 1798/14/3 1724/14/3 1797/14/3
f 1798/3/3 1725/3/3 1724/3/3
f 1798/3/3 1726/3/3 1725/3/3
f 1799/30/3 1750/30/3 1749/30/3
f 1800/29/3 1772/29/3 1771/29/3
f 1800/30/3 1750/30/3 1799/30/3
f 1800/29/3 1771/29/3 1750/29/3
f 1801/29/3 1774/29/3 1773/29/3
f 1801/30/3 1775/30/3 1774/30/3
f 1802/26/3 1776/26/3 1775/26/3
f 1802/30/3 1775/30/3 1801/30/3
f 1803/2/3 1777/2/3 1755/2/3
f 1803/32/3 1755/32/3 110/32/3
f 1804/32/3 1778/32/3 1777/32/3
f 1804/2/3 1777/2/3 1803/2/3
f 1805/32/3 1778/32/3 1804/32/3
f 1806/32/3 1757/32/3 1778/32/3
f 1806/32/3 1778/32/3 1805/32/3
f 1807/35/3 1779/35/3 1757/35/3
f 1807/32/3 1757/32/3 1806/32/3
f 1808/32/3 1781/32/3 1780/32/3
f 1808/35/3 1779/35/3 1807/35/3
f 1808/32/3 1780/32/3 1779/32/3
f 1809/42/3 1792/42/3 1791/42/3
f 1809/42/3 1793/42/3 1792/42/3
f 1810/19/3 1795/19/3 1794/19/3
f 1810/42/3 1793/42/3 1809/42/3
f 1810/19/3 1794/19/3 1793/19/3
f 1811/19/3 1795/19/3 1810/19/3
f 1812/19/3 1795/19/3 1811/19/3
f 1813/18/3 1796/18/3 1795/18/3
f 1813/19/3 1795/19/3 1812/19/3
f 1814/18/3 1796/18/3 1813/18/3
f 1815/42/3 1409/42/3 1796/42/3
f 1815/18/3 1796/18/3 1814/18/3
f 1816/21/3 1765/21/3 1409/21/3
f 1816/32/3 1766/32/3 1765/32/3
f 1817/23/3 942/23/3 1766/23/3
f 1817/32/3 1766/32/3 1816/32/3
f 1818/14/3 1661/14/3 1099/14/3
f 1818/3/3 1767/3/3 1661/3/3
f 1819/3/3 1767/3/3 1818/3/3
f 1820/3/3 1727/3/3 1798/3/3
f 1820/3/3 1798/3/3 1797/3/3
f 1821/14/3 1598/14/3 1727/14/3
f 1821/3/3 1727/3/3 1820/3/3
f 1822/30/3 1752/30/3 1772/30/3
f 1822/29/3 1753/29/3 1752/29/3
f 1823/29/3 1753/29/3 1822/29/3
f 1824/26/3 1773/26/3 1753/26/3
f 1824/29/3 1753/29/3 1823/29/3
f 1825/29/3 1801/29/3 1773/29/3
f 1825/26/3 1773/26/3 1824/26/3
f 1825/29/3 1802/29/3 1801/29/3
f 1826/26/3 1776/26/3 1802/26/3
f 1826/31/3 1702/31/3 1776/31/3
f 1827/29/3 109/29/3 1702/29/3
f 1827/31/3 1702/31/3 1826/31/3
f 1828/32/3 1803/32/3 110/32/3
f 1828/32/3 1804/32/3 1803/32/3
f 1829/2/3 1805/2/3 1804/2/3
f 1829/32/3 1804/32/3 1828/32/3
f 1830/32/3 1806/32/3 1805/32/3
f 1830/2/3 1805/2/3 1829/2/3
f 1831/37/3 1784/37/3 1783/37/3
f 1831/29/3 1783/29/3 1782/29/3
f 1832/29/3 1785/29/3 1784/29/3
f 1832/37/3 1784/37/3 1831/37/3
f 1833/35/3 1786/35/3 1785/35/3
f 1833/29/3 1785/29/3 1832/29/3
f 1834/31/3 1787/31/3 1786/31/3
f 1834/35/3 1786/35/3 1833/35/3
f 1835/33/3 1790/33/3 1789/33/3
f 1835/31/3 1789/31/3 1788/31/3
f 1836/31/3 1791/31/3 1790/31/3
f 1836/33/3 1790/33/3 1835/33/3
f 1837/31/3 1791/31/3 1836/31/3
f 1838/42/3 1809/42/3 1791/42/3
f 1838/31/3 1791/31/3 1837/31/3
f 1839/19/3 1810/19/3 1809/19/3
f 1839/19/3 1811/19/3 1810/19/3
f 1840/19/3 1811/19/3 1839/19/3
f 1841/18/3 1812/18/3 1811/18/3
f 1841/19/3 1811/19/3 1840/19/3
f 1842/17/3 1814/17/3 1813/17/3
f 1842/18/3 1812/18/3 1841/18/3
f 1842/17/3 1813/17/3 1812/17/3
f 1843/42/3 1815/42/3 1814/42/3
f 1843/17/3 1814/17/3 1842/17/3
f 1844/42/3 1815/42/3 1843/42/3
f 1845/42/3 1815/42/3 1844/42/3
f 1846/42/3 1409/42/3 1815/42/3
f 1846/42/3 1815/42/3 1845/42/3
f 1847/21/3 1816/21/3 1409/21/3
f 1847/42/3 1409/42/3 1846/42/3
f 1848/22/3 1817/22/3 1816/22/3
f 1848/21/3 1816/21/3 1847/21/3
f 1849/3/3 1767/3/3 1819/3/3
f 1849/14/3 1819/14/3 1818/14/3
f 1850/3/3 1767/3/3 1849/3/3
f 1851/14/3 1797/14/3 1767/14/3
f 1851/3/3 1767/3/3 1850/3/3
f 1852/3/3 1820/3/3 1797/3/3
f 1852/14/3 1797/14/3 1851/14/3
f 1853/3/3 1820/3/3 1852/3/3
f 1854/14/3 1821/14/3 1820/14/3
f 1854/3/3 1820/3/3 1853/3/3
f 1855/29/3 1730/29/3 1770/29/3
f 1855/30/3 1770/30/3 1769/30/3
f 1856/29/3 1730/29/3 1855/29/3
f 1857/29/3 1802/29/3 1825/29/3
f 1857/29/3 1824/29/3 1823/29/3
f 1857/26/3 1826/26/3 1802/26/3
f 1857/26/3 1827/26/3 1826/26/3
f 1857/29/3 1825/29/3 1824/29/3
f 1858/26/3 1827/26/3 1857/26/3
f 1859/2/3 1829/2/3 1828/2/3
f 1859/32/3 1830/32/3 1829/32/3
f 1860/32/3 1806/32/3 1830/32/3
f 1860/32/3 1830/32/3 1859/32/3
f 1861/32/3 1806/32/3 1860/32/3
f 1862/35/3 1807/35/3 1806/35/3
f 1862/32/3 1806/32/3 1861/32/3
f 1863/32/3 1808/32/3 1807/32/3
f 1863/35/3 1807/35/3 1862/35/3
f 1864/32/3 1781/32/3 1808/32/3
f 1864/32/3 1808/32/3 1863/32/3
f 1865/32/3 1781/32/3 1864/32/3
f 1866/31/3 1787/31/3 1834/31/3
f 1866/31/3 1834/31/3 1833/31/3
f 1867/33/3 1788/33/3 1787/33/3
f 1867/31/3 1787/31/3 1866/31/3
f 1868/42/3 1809/42/3 1838/42/3
f 1868/42/3 1838/42/3 1837/42/3
f 1869/19/3 1839/19/3 1809/19/3
f 1869/42/3 1809/42/3 1868/42/3
f 1870/19/3 1839/19/3 1869/19/3
f 1871/18/3 1840/18/3 1839/18/3
f 1871/19/3 1839/19/3 1870/19/3
f 1872/17/3 1841/17/3 1840/17/3
f 1872/18/3 1840/18/3 1871/18/3
f 1872/17/3 1842/17/3 1841/17/3
f 1873/42/3 1843/42/3 1842/42/3
f 1873/17/3 1842/17/3 1872/17/3
f 1873/42/3 1844/42/3 1843/42/3
f 1874/42/3 1844/42/3 1873/42/3
f 1875/19/3 1845/19/3 1844/19/3
f 1875/42/3 1844/42/3 1874/42/3
f 1876/19/3 1845/19/3 1875/19/3
f 1877/18/3 1846/18/3 1845/18/3
f 1877/19/3 1845/19/3 1876/19/3
f 1878/42/3 1847/42/3 1846/42/3
f 1878/18/3 1846/18/3 1877/18/3
f 1878/42/3 1848/42/3 1847/42/3
f 1879/14/3 1850/14/3 1849/14/3
f 1879/15/3 1099/15/3 1064/15/3
f 1879/14/3 1849/14/3 1818/14/3
f 1879/14/3 1818/14/3 1099/14/3
f 1880/14/3 1850/14/3 1879/14/3
f 1881/3/3 1853/3/3 1852/3/3
f 1881/14/3 1850/14/3 1880/14/3
f 1881/3/3 1851/3/3 1850/3/3
f 1881/3/3 1852/3/3 1851/3/3
f 1882/14/3 1854/14/3 1853/14/3
f 1882/3/3 1853/3/3 1881/3/3
f 1883/14/3 1598/14/3 1821/14/3
f 1883/14/3 1854/14/3 1882/14/3
f 1883/14/3 1821/14/3 1854/14/3
f 1884/14/3 1598/14/3 1883/14/3
f 1885/14/3 1598/14/3 1884/14/3
f 1886/15/3 1599/15/3 1598/15/3
f 1886/14/3 1598/14/3 1885/14/3
f 1887/30/3 1856/30/3 1855/30/3
f 1887/30/3 1855/30/3 1769/30/3
f 1888/30/3 1856/30/3 1887/30/3
f 1889/29/3 1730/29/3 1856/29/3
f 1889/30/3 1856/30/3 1888/30/3
f 1890/30/3 1799/30/3 1749/30/3
f 1890/29/3 1730/29/3 1889/29/3
f 1890/30/3 1749/30/3 1730/30/3
f 1891/30/3 1799/30/3 1890/30/3
f 1892/29/3 1772/29/3 1800/29/3
f 1892/29/3 1800/29/3 1799/29/3
f 1893/29/3 1772/29/3 1892/29/3
f 1894/29/3 1857/29/3 1823/29/3
f 1894/29/3 1858/29/3 1857/29/3
f 1895/29/3 1858/29/3 1894/29/3
f 1896/26/3 1827/26/3 1858/26/3
f 1896/29/3 1858/29/3 1895/29/3
f 1897/26/3 1827/26/3 1896/26/3
f 1898/32/3 1828/32/3 110/32/3
f 1898/2/3 1859/2/3 1828/2/3
f 1898/2/3 1860/2/3 1859/2/3
f 1899/32/3 1861/32/3 1860/32/3
f 1899/2/3 1860/2/3 1898/2/3
f 1900/32/3 1863/32/3 1862/32/3
f 1900/32/3 1864/32/3 1863/32/3
f 1900/29/3 1865/29/3 1864/29/3
f 1901/32/3 1781/32/3 1865/32/3
f 1901/29/3 1865/29/3 1900/29/3
f 1902/30/3 1782/30/3 1781/30/3
f 1902/32/3 1781/32/3 1901/32/3
f 1903/29/3 1832/29/3 1831/29/3
f 1903/30/3 1782/30/3 1902/30/3
f 1903/29/3 1831/29/3 1782/29/3
f 1904/29/3 1832/29/3 1903/29/3
f 1905/35/3 1833/35/3 1832/35/3
f 1905/29/3 1832/29/3 1904/29/3
f 1906/31/3 1866/31/3 1833/31/3
f 1906/35/3 1833/35/3 1905/35/3
f 1907/33/3 1867/33/3 1866/33/3
f 1907/31/3 1866/31/3 1906/31/3
f 1908/19/3 1870/19/3 1869/19/3
f 1908/19/3 1869/19/3 1868/19/3
f 1909/18/3 1871/18/3 1870/18/3
f 1909/19/3 1870/19/3 1908/19/3
f 1910/17/3 1872/17/3 1871/17/3
f 1910/18/3 1871/18/3 1909/18/3
f 1911/42/3 1873/42/3 1872/42/3
f 1911/17/3 1872/17/3 1910/17/3
f 1911/42/3 1874/42/3 1873/42/3
f 1912/42/3 1874/42/3 1911/42/3
f 1913/42/3 1874/42/3 1912/42/3
f 1914/19/3 1876/19/3 1875/19/3
f 1914/19/3 1875/19/3 1874/19/3
f 1915/19/3 1876/19/3 1914/19/3
f 1916/42/3 1877/42/3 1876/42/3
f 1916/19/3 1876/19/3 1915/19/3
f 1916/42/3 1878/42/3 1877/42/3
f 1917/42/3 1878/42/3 1916/42/3
f 1918/42/3 1848/42/3 1878/42/3
f 1918/42/3 1878/42/3 1917/42/3
f 1919/21/3 1137/21/3 878/21/3
f 1919/20/3 1138/20/3 1137/20/3
f 1920/42/3 1139/42/3 1138/42/3
f 1920/20/3 1138/20/3 1919/20/3
f 1921/42/3 1063/42/3 1139/42/3
f 1921/42/3 1139/42/3 1920/42/3
f 1922/14/3 1882/14/3 1881/14/3
f 1922/15/3 1880/15/3 1879/15/3
f 1922/14/3 1881/14/3 1880/14/3
f 1922/14/3 1883/14/3 1882/14/3
f 1923/15/3 1884/15/3 1883/15/3
f 1923/14/3 1883/14/3 1922/14/3
f 1924/14/3 1885/14/3 1884/14/3
f 1924/15/3 1884/15/3 1923/15/3
f 1925/15/3 1886/15/3 1885/15/3
f 1925/14/3 1885/14/3 1924/14/3
f 1926/42/3 1769/42/3 1329/42/3
f 1926/30/3 1887/30/3 1769/30/3
f 1927/28/3 1888/28/3 1887/28/3
f 1927/30/3 1887/30/3 1926/30/3
f 1928/30/3 1799/30/3 1891/30/3
f 1929/29/3 1892/29/3 1799/29/3
f 1929/30/3 1799/30/3 1928/30/3
f 1930/38/3 1893/38/3 1892/38/3
f 1930/29/3 1892/29/3 1929/29/3
f 1931/29/3 1772/29/3 1893/29/3
f 1931/38/3 1893/38/3 1930/38/3
f 1932/30/3 1822/30/3 1772/30/3
f 1932/29/3 1772/29/3 1931/29/3
f 1932/30/3 1823/30/3 1822/30/3
f 1933/30/3 1823/30/3 1932/30/3
f 1934/37/3 1895/37/3 1894/37/3
f 1934/29/3 1894/29/3 1823/29/3
f 1935/36/3 1896/36/3 1895/36/3
f 1935/37/3 1895/37/3 1934/37/3
f 1936/29/3 1897/29/3 1896/29/3
f 1936/36/3 1896/36/3 1935/36/3
f 1937/32/3 1898/32/3 110/32/3
f 1937/32/3 1899/32/3 1898/32/3
f 1938/32/3 1861/32/3 1899/32/3
f 1938/32/3 1899/32/3 1937/32/3
f 1939/32/3 1861/32/3 1938/32/3
f 1940/35/3 1862/35/3 1861/35/3
f 1940/32/3 1861/32/3 1939/32/3
f 1941/32/3 1900/32/3 1862/32/3
f 1941/35/3 1862/35/3 1940/35/3
f 1942/32/3 1900/32/3 1941/32/3
f 1943/31/3 1837/31/3 1836/31/3
f 1943/31/3 1836/31/3 1835/31/3
f 1944/42/3 1868/42/3 1837/42/3
f 1944/31/3 1837/31/3 1943/31/3
f 1945/19/3 1908/19/3 1868/19/3
f 1945/42/3 1868/42/3 1944/42/3
f 1946/18/3 1909/18/3 1908/18/3
f 1946/19/3 1908/19/3 1945/19/3
f 1947/17/3 1910/17/3 1909/17/3
f 1947/18/3 1909/18/3 1946/18/3
f 1948/42/3 1912/42/3 1911/42/3
f 1948/17/3 1910/17/3 1947/17/3
f 1948/42/3 1911/42/3 1910/42/3
f 1949/42/3 1912/42/3 1948/42/3
f 1950/8/3 1913/8/3 1912/8/3
f 1950/42/3 1912/42/3 1949/42/3
f 1951/42/3 1874/42/3 1913/42/3
f 1951/8/3 1913/8/3 1950/8/3
f 1952/19/3 1914/19/3 1874/19/3
f 1952/42/3 1874/42/3 1951/42/3
f 1953/18/3 1915/18/3 1914/18/3
f 1953/19/3 1914/19/3 1952/19/3
f 1954/42/3 1917/42/3 1916/42/3
f 1954/18/3 1915/18/3 1953/18/3
f 1954/42/3 1916/42/3 1915/42/3
f 1955/42/3 1917/42/3 1954/42/3
f 1956/32/3 1918/32/3 1917/32/3
f 1956/42/3 1917/42/3 1955/42/3
f 1957/15/3 1879/15/3 1064/15/3
f 1957/15/3 1924/15/3 1923/15/3
f 1957/28/3 1064/28/3 1063/28/3
f 1957/15/3 1923/15/3 1922/15/3
f 1957/15/3 1925/15/3 1924/15/3
f 1957/15/3 1922/15/3 1879/15/3
f 1958/28/3 1633/28/3 1599/28/3
f 1958/15/3 1925/15/3 1957/15/3
f 1958/15/3 1599/15/3 1886/15/3
f 1958/15/3 1886/15/3 1925/15/3
f 1959/42/3 1667/42/3 1633/42/3
f 1959/28/3 1633/28/3 1958/28/3
f 1960/28/3 1888/28/3 1927/28/3
f 1960/31/3 1927/31/3 1926/31/3
f 1961/30/3 1889/30/3 1888/30/3
f 1961/28/3 1888/28/3 1960/28/3
f 1961/30/3 1890/30/3 1889/30/3
f 1962/30/3 1890/30/3 1961/30/3
f 1963/29/3 1931/29/3 1930/29/3
f 1963/29/3 1930/29/3 1929/29/3
f 1963/29/3 1929/29/3 1928/29/3
f 1963/29/3 1932/29/3 1931/29/3
f 1963/30/3 1928/30/3 1891/30/3
f 1963/29/3 1933/29/3 1932/29/3
f 1964/29/3 1933/29/3 1963/29/3
f 1965/29/3 1933/29/3 1964/29/3
f 1966/30/3 1823/30/3 1933/30/3
f 1966/29/3 1933/29/3 1965/29/3
f 1967/29/3 1936/29/3 1935/29/3
f 1967/30/3 1823/30/3 1966/30/3
f 1967/29/3 1935/29/3 1934/29/3
f 1967/29/3 1934/29/3 1823/29/3
f 1968/2/3 1938/2/3 1937/2/3
f 1969/2/3 1938/2/3 1968/2/3
f 1970/2/3 1938/2/3 1969/2/3
f 1971/2/3 1938/2/3 1970/2/3
f 1972/35/3 1940/35/3 1939/35/3
f 1972/32/3 1939/32/3 1938/32/3
f 1973/29/3 1941/29/3 1940/29/3
f 1973/35/3 1940/35/3 1972/35/3
f 1973/29/3 1942/29/3 1941/29/3
f 1974/30/3 1901/30/3 1900/30/3
f 1974/29/3 1902/29/3 1901/29/3
f 1974/29/3 1904/29/3 1903/29/3
f 1974/29/3 1903/29/3 1902/29/3
f 1975/29/3 1904/29/3 1974/29/3
f 1976/29/3 1904/29/3 1975/29/3
f 1977/35/3 1905/35/3 1904/35/3
f 1977/29/3 1904/29/3 1976/29/3
f 1978/31/3 1906/31/3 1905/31/3
f 1978/35/3 1905/35/3 1977/35/3
f 1979/33/3 1867/33/3 1907/33/3
f 1979/33/3 1907/33/3 1906/33/3
f 1979/33/3 1788/33/3 1867/33/3
f 1980/31/3 1835/31/3 1788/31/3
f 1980/33/3 1788/33/3 1979/33/3
f 1980/31/3 1943/31/3 1835/31/3
f 1981/19/3 1946/19/3 1945/19/3
f 1981/19/3 1945/19/3 1944/19/3
f 1982/17/3 1947/17/3 1946/17/3
f 1982/19/3 1946/19/3 1981/19/3
f 1983/42/3 1948/42/3 1947/42/3
f 1983/17/3 1947/17/3 1982/17/3
f 1983/42/3 1949/42/3 1948/42/3
f 1984/42/3 1949/42/3 1983/42/3
f 1985/31/3 1950/31/3 1949/31/3
f 1985/42/3 1949/42/3 1984/42/3
f 1986/19/3 1953/19/3 1952/19/3
f 1986/19/3 1952/19/3 1951/19/3
f 1987/42/3 1954/42/3 1953/42/3
f 1987/19/3 1953/19/3 1986/19/3
f 1987/42/3 1955/42/3 1954/42/3
f 1988/42/3 1955/42/3 1987/42/3
f 1989/32/3 1956/32/3 1955/32/3
f 1989/42/3 1955/42/3 1988/42/3
f 1990/32/3 1918/32/3 1956/32/3
f 1990/32/3 1956/32/3 1989/32/3
f 1991/42/3 1848/42/3 1918/42/3
f 1991/32/3 1918/32/3 1990/32/3
f 1992/22/3 1817/22/3 1848/22/3
f 1992/42/3 1848/42/3 1991/42/3
f 1993/23/3 942/23/3 1817/23/3
f 1993/22/3 1817/22/3 1992/22/3
f 1994/25/3 878/25/3 942/25/3
f 1994/23/3 942/23/3 1993/23/3
f 1995/20/3 1921/20/3 1920/20/3
f 1995/21/3 1920/21/3 1919/21/3
f 1996/42/3 1063/42/3 1921/42/3
f 1996/20/3 1921/20/3 1995/20/3
f 1997/28/3 1957/28/3 1063/28/3
f 1997/42/3 1063/42/3 1996/42/3
f 1997/28/3 1958/28/3 1957/28/3
f 1998/42/3 1959/42/3 1958/42/3
f 1998/28/3 1958/28/3 1997/28/3
f 1999/42/3 1667/42/3 1959/42/3
f 1999/42/3 1959/42/3 1998/42/3
f 2000/21/3 1668/21/3 1667/21/3
f 2000/42/3 1667/42/3 1999/42/3
f 2001/30/3 1964/30/3 1963/30/3
f 2001/30/3 1963/30/3 1891/30/3
f 2001/29/3 1891/29/3 1890/29/3
f 2002/29/3 1965/29/3 1964/29/3
f 2002/30/3 1964/30/3 2001/30/3
f 2003/29/3 1965/29/3 2002/29/3
f 2004/38/3 1966/38/3 1965/38/3
f 2004/29/3 1965/29/3 2003/29/3
f 2005/29/3 1967/29/3 1966/29/3
f 2005/38/3 1966/38/3 2004/38/3
f 2006/29/3 1973/29/3 1972/29/3
f 2006/32/3 1972/32/3 1938/32/3
f 2007/29/3 1942/29/3 1973/29/3
f 2007/29/3 1973/29/3 2006/29/3
f 2008/29/3 1942/29/3 2007/29/3
f 2009/32/3 1900/32/3 1942/32/3
f 2009/29/3 1942/29/3 2008/29/3
f 2010/30/3 1974/30/3 1900/30/3
f 2010/32/3 1900/32/3 2009/32/3
f 2010/30/3 1975/30/3 1974/30/3
f 2011/30/3 1975/30/3 2010/30/3
f 2012/29/3 1976/29/3 1975/29/3
f 2012/30/3 1975/30/3 2011/30/3
f 2013/42/3 1984/42/3 1983/42/3
f 2013/42/3 1983/42/3 1982/42/3
f 2014/31/3 1985/31/3 1984/31/3
f 2014/42/3 1984/42/3 2013/42/3
f 2015/32/3 1989/32/3 1988/32/3
f 2015/32/3 1990/32/3 1989/32/3
f 2016/29/3 1991/29/3 1990/29/3
f 2016/32/3 1990/32/3 2015/32/3
f 2017/32/3 1993/32/3 1992/32/3
f 2017/32/3 1992/32/3 1991/32/3
f 2017/42/3 1994/42/3 1993/42/3
f 2018/25/3 878/25/3 1994/25/3
f 2018/42/3 1994/42/3 2017/42/3
f 2019/21/3 1995/21/3 1919/21/3
f 2019/25/3 878/25/3 2018/25/3
f 2019/21/3 1996/21/3 1995/21/3
f 2019/21/3 1919/21/3 878/21/3
f 2019/21/3 1997/21/3 1996/21/3
f 2020/42/3 1999/42/3 1998/42/3
f 2020/21/3 1997/21/3 2019/21/3
f 2020/42/3 1998/42/3 1997/42/3
f 2021/42/3 1999/42/3 2020/42/3
f 2022/42/3 1999/42/3 2021/42/3
f 2023/21/3 2000/21/3 1999/21/3
f 2023/42/3 1999/42/3 2022/42/3
f 2024/30/3 1890/30/3 1962/30/3
f 2024/28/3 1962/28/3 1961/28/3
f 2025/30/3 1890/30/3 2024/30/3
f 2026/29/3 2001/29/3 1890/29/3
f 2026/30/3 1890/30/3 2025/30/3
f 2027/35/3 2002/35/3 2001/35/3
f 2027/29/3 2001/29/3 2026/29/3
f 2028/34/3 2003/34/3 2002/34/3
f 2028/35/3 2002/35/3 2027/35/3
f 2029/29/3 2005/29/3 2004/29/3
f 2029/34/3 2003/34/3 2028/34/3
f 2029/29/3 2004/29/3 2003/29/3
f 2030/29/3 2005/29/3 2029/29/3
f 2031/29/3 1967/29/3 2005/29/3
f 2031/29/3 2005/29/3 2030/29/3
f 2031/29/3 1936/29/3 1967/29/3
f 2032/26/3 1827/26/3 1897/26/3
f 2032/29/3 1936/29/3 2031/29/3
f 2032/29/3 1897/29/3 1936/29/3
f 2033/32/3 1937/32/3 110/32/3
f 2033/2/3 1968/2/3 1937/2/3
f 2034/32/3 1969/32/3 1968/32/3
f 2034/2/3 1968/2/3 2033/2/3
f 2035/2/3 1970/2/3 1969/2/3
f 2035/32/3 1969/32/3 2034/32/3
f 2036/32/3 1971/32/3 1970/32/3
f 2036/2/3 1970/2/3 2035/2/3
f 2037/2/3 1938/2/3 1971/2/3
f 2037/32/3 1971/32/3 2036/32/3
f 2038/32/3 2006/32/3 1938/32/3
f 2038/2/3 1938/2/3 2037/2/3
f 2039/32/3 2006/32/3 2038/32/3
f 2040/30/3 2007/30/3 2006/30/3
f 2040/32/3 2006/32/3 2039/32/3
f 2041/29/3 2008/29/3 2007/29/3
f 2041/30/3 2007/30/3 2040/30/3
f 2042/32/3 2011/32/3 2010/32/3
f 2042/29/3 2008/29/3 2041/29/3
f 2042/32/3 2010/32/3 2009/32/3
f 2042/32/3 2009/32/3 2008/32/3
f 2043/29/3 2012/29/3 2011/29/3
f 2043/32/3 2011/32/3 2042/32/3
f 2044/29/3 1976/29/3 2012/29/3
f 2044/29/3 2012/29/3 2043/29/3
f 2045/33/3 1979/33/3 1906/33/3
f 2045/31/3 1906/31/3 1978/31/3
f 2046/33/3 1979/33/3 2045/33/3
f 2047/33/3 1979/33/3 2046/33/3
f 2048/31/3 1980/31/3 1979/31/3
f 2048/33/3 1979/33/3 2047/33/3
f 2049/31/3 2014/31/3 2013/31/3
f 2049/42/3 2013/42/3 1982/42/3
f 2050/31/3 1985/31/3 2014/31/3
f 2050/31/3 2014/31/3 2049/31/3
f 2051/19/3 1986/19/3 1951/19/3
f 2051/42/3 1951/42/3 1950/42/3
f 2052/17/3 1987/17/3 1986/17/3
f 2052/19/3 1986/19/3 2051/19/3
f 2053/42/3 1988/42/3 1987/42/3
f 2053/17/3 1987/17/3 2052/17/3
f 2054/32/3 2015/32/3 1988/32/3
f 2055/29/3 2016/29/3 2015/29/3
f 2055/32/3 2015/32/3 2054/32/3
f 2056/21/3 2021/21/3 2020/21/3
f 2056/21/3 2020/21/3 2019/21/3
f 2056/42/3 2022/42/3 2021/42/3
f 2057/21/3 2023/21/3 2022/21/3
f 2057/42/3 2022/42/3 2056/42/3
f 2058/28/3 2025/28/3 2024/28/3
f 2058/31/3 1961/31/3 1960/31/3
f 2058/28/3 2024/28/3 1961/28/3
f 2059/28/3 2025/28/3 2058/28/3
f 2060/30/3 2030/30/3 2029/30/3
f 2060/30/3 2026/30/3 2025/30/3
f 2060/30/3 2027/30/3 2026/30/3
f 2060/30/3 2028/30/3 2027/30/3
f 2060/30/3 2029/30/3 2028/30/3
f 2061/30/3 2030/30/3 2060/30/3
f 2062/29/3 2031/29/3 2030/29/3
f 2062/30/3 2030/30/3 2061/30/3
f 2063/37/3 2032/37/3 2031/37/3
f 2063/29/3 2031/29/3 2062/29/3
f 2064/37/3 2032/37/3 2063/37/3
f 2065/26/3 1827/26/3 2032/26/3
f 2065/37/3 2032/37/3 2064/37/3
f 2066/32/3 2037/32/3 2036/32/3
f 2066/32/3 2033/32/3 110/32/3
f 2066/32/3 2038/32/3 2037/32/3
f 2066/32/3 2036/32/3 2035/32/3
f 2066/32/3 2035/32/3 2034/32/3
f 2066/32/3 2039/32/3 2038/32/3
f 2066/32/3 2034/32/3 2033/32/3
f 2067/32/3 2039/32/3 2066/32/3
f 2068/29/3 2040/29/3 2039/29/3
f 2068/32/3 2039/32/3 2067/32/3
f 2069/30/3 2041/30/3 2040/30/3
f 2069/29/3 2040/29/3 2068/29/3
f 2070/32/3 2043/32/3 2042/32/3
f 2070/32/3 2044/32/3 2043/32/3
f 2070/32/3 2042/32/3 2041/32/3
f 2071/32/3 2044/32/3 2070/32/3
f 2072/32/3 2044/32/3 2071/32/3
f 2073/29/3 1976/29/3 2044/29/3
f 2073/32/3 2044/32/3 2072/32/3
f 2074/29/3 1976/29/3 2073/29/3
f 2075/35/3 1977/35/3 1976/35/3
f 2075/29/3 1976/29/3 2074/29/3
f 2076/32/3 1978/32/3 1977/32/3
f 2076/35/3 1977/35/3 2075/35/3
f 2077/31/3 2045/31/3 1978/31/3
f 2077/32/3 1978/32/3 2076/32/3
f 2077/31/3 2046/31/3 2045/31/3
f 2078/31/3 2046/31/3 2077/31/3
f 2079/33/3 2047/33/3 2046/33/3
f 2079/31/3 2046/31/3 2078/31/3
f 2080/42/3 2049/42/3 1982/42/3
f 2080/42/3 2050/42/3 2049/42/3
f 2080/18/3 1982/18/3 1981/18/3
f 2081/42/3 2050/42/3 2080/42/3
f 2082/18/3 2052/18/3 2051/18/3
f 2082/42/3 2051/42/3 1950/42/3
f 2083/42/3 2053/42/3 2052/42/3
f 2083/18/3 2052/18/3 2082/18/3
f 2084/42/3 1988/42/3 2053/42/3
f 2084/42/3 2053/42/3 2083/42/3
f 2085/32/3 2054/32/3 1988/32/3
f 2085/42/3 1988/42/3 2084/42/3
f 2086/29/3 1991/29/3 2016/29/3
f 2086/29/3 2016/29/3 2055/29/3
f 2086/29/3 2055/29/3 2054/29/3
f 2087/32/3 2018/32/3 2017/32/3
f 2087/29/3 1991/29/3 2086/29/3
f 2087/32/3 2017/32/3 1991/32/3
f 2088/32/3 2018/32/3 2087/32/3
f 2089/32/3 2018/32/3 2088/32/3
f 2090/21/3 2056/21/3 2019/21/3
f 2090/21/3 2057/21/3 2056/21/3
f 2090/42/3 2019/42/3 2018/42/3
f 2091/21/3 2023/21/3 2057/21/3
f 2091/21/3 2057/21/3 2090/21/3
f 2091/20/3 1329/20/3 1328/20/3
f 2091/21/3 1668/21/3 2000/21/3
f 2091/21/3 2000/21/3 2023/21/3
f 2091/21/3 1328/21/3 1668/21/3
f 2092/31/3 1960/31/3 1926/31/3
f 2092/42/3 1926/42/3 1329/42/3
f 2092/31/3 2058/31/3 1960/31/3
f 2093/30/3 2059/30/3 2058/30/3
f 2093/31/3 2058/31/3 2092/31/3
f 2094/28/3 2025/28/3 2059/28/3
f 2094/30/3 2059/30/3 2093/30/3
f 2095/30/3 2060/30/3 2025/30/3
f 2095/28/3 2025/28/3 2094/28/3
f 2096/30/3 2060/30/3 2095/30/3
f 2097/37/3 2061/37/3 2060/37/3
f 2097/30/3 2060/30/3 2096/30/3
f 2098/36/3 2063/36/3 2062/36/3
f 2098/37/3 2061/37/3 2097/37/3
f 2098/36/3 2062/36/3 2061/36/3
f 2099/29/3 2064/29/3 2063/29/3
f 2099/36/3 2063/36/3 2098/36/3
f 2100/29/3 2064/29/3 2099/29/3
f 2101/26/3 2065/26/3 2064/26/3
f 2101/29/3 2064/29/3 2100/29/3
f 2102/26/3 1827/26/3 2065/26/3
f 2102/26/3 2065/26/3 2101/26/3
f 2103/29/3 109/29/3 1827/29/3
f 2103/26/3 1827/26/3 2102/26/3
f 2104/2/3 2067/2/3 2066/2/3
f 2104/32/3 2066/32/3 110/32/3
f 2105/2/3 2067/2/3 2104/2/3
f 2106/2/3 2067/2/3 2105/2/3
f 2107/2/3 2067/2/3 2106/2/3
f 2108/29/3 2068/29/3 2067/29/3
f 2108/2/3 2067/2/3 2107/2/3
f 2109/30/3 2069/30/3 2068/30/3
f 2109/29/3 2068/29/3 2108/29/3
f 2110/30/3 2041/30/3 2069/30/3
f 2110/30/3 2069/30/3 2109/30/3
f 2111/32/3 2070/32/3 2041/32/3
f 2111/30/3 2041/30/3 2110/30/3
f 2112/33/3 2047/33/3 2079/33/3
f 2112/33/3 2079/33/3 2078/33/3
f 2113/31/3 2048/31/3 2047/31/3
f 2113/33/3 2047/33/3 2112/33/3
f 2114/19/3 1981/19/3 1944/19/3
f 2114/18/3 2080/18/3 1981/18/3
f 2114/18/3 2081/18/3 2080/18/3
f 2115/18/3 2081/18/3 2114/18/3
f 2116/17/3 2083/17/3 2082/17/3
f 2116/42/3 2082/42/3 1950/42/3
f 2117/42/3 2084/42/3 2083/42/3
f 2117/17/3 2083/17/3 2116/17/3
f 2118/32/3 2054/32/3 2085/32/3
f 2118/32/3 2085/32/3 2084/32/3
f 2119/29/3 2086/29/3 2054/29/3
f 2119/32/3 2054/32/3 2118/32/3
f 2120/32/3 2018/32/3 2089/32/3
f 2120/31/3 2089/31/3 2088/31/3
f 2121/42/3 2090/42/3 2018/42/3
f 2121/32/3 2018/32/3 2120/32/3
f 2122/20/3 2091/20/3 2090/20/3
f 2122/42/3 2090/42/3 2121/42/3
f 2123/20/3 1329/20/3 2091/20/3
f 2123/20/3 2091/20/3 2122/20/3
f 2123/42/3 2092/42/3 1329/42/3
f 2124/37/3 2093/37/3 2092/37/3
f 2124/42/3 2092/42/3 2123/42/3
f 2124/37/3 2096/37/3 2095/37/3
f 2124/37/3 2094/37/3 2093/37/3
f 2124/37/3 2095/37/3 2094/37/3
f 2125/37/3 2096/37/3 2124/37/3
f 2126/37/3 2096/37/3 2125/37/3
f 2127/29/3 2100/29/3 2099/29/3
f 2127/37/3 2096/37/3 2126/37/3
f 2127/29/3 2098/29/3 2097/29/3
f 2127/29/3 2097/29/3 2096/29/3
f 2127/29/3 2099/29/3 2098/29/3
f 2128/29/3 2100/29/3 2127/29/3
f 2129/26/3 2101/26/3 2100/26/3
f 2129/29/3 2100/29/3 2128/29/3
f 2129/26/3 2102/26/3 2101/26/3
f 2130/26/3 2102/26/3 2129/26/3
f 2131/31/3 2103/31/3 2102/31/3
f 2131/26/3 2102/26/3 2130/26/3
f 2132/30/3 2109/30/3 2108/30/3
f 2132/30/3 2110/30/3 2109/30/3
f 2133/32/3 2111/32/3 2110/32/3
f 2133/30/3 2110/30/3 2132/30/3
f 2134/32/3 2072/32/3 2071/32/3
f 2134/30/3 2071/30/3 2070/30/3
f 2135/30/3 2074/30/3 2073/30/3
f 2135/32/3 2072/32/3 2134/32/3
f 2135/30/3 2073/30/3 2072/30/3
f 2136/30/3 2074/30/3 2135/30/3
f 2137/35/3 2075/35/3 2074/35/3
f 2137/30/3 2074/30/3 2136/30/3
f 2138/32/3 2076/32/3 2075/32/3
f 2138/35/3 2075/35/3 2137/35/3
f 2139/33/3 2112/33/3 2078/33/3
f 2139/31/3 2078/31/3 2077/31/3
f 2140/33/3 2112/33/3 2139/33/3
f 2141/31/3 2113/31/3 2112/31/3
f 2141/33/3 2112/33/3 2140/33/3
f 2142/31/3 2048/31/3 2113/31/3
f 2142/31/3 2113/31/3 2141/31/3
f 2143/19/3 2114/19/3 1944/19/3
f 2143/42/3 1944/42/3 1943/42/3
f 2143/19/3 2115/19/3 2114/19/3
f 2144/19/3 2115/19/3 2143/19/3
f 2145/32/3 2118/32/3 2084/32/3
f 2145/42/3 2084/42/3 2117/42/3
f 2146/29/3 2119/29/3 2118/29/3
f 2146/32/3 2118/32/3 2145/32/3
f 2147/29/3 2086/29/3 2119/29/3
f 2147/29/3 2119/29/3 2146/29/3
f 2148/32/3 2087/32/3 2086/32/3
f 2148/29/3 2086/29/3 2147/29/3
f 2148/32/3 2088/32/3 2087/32/3
f 2149/42/3 2122/42/3 2121/42/3
f 2149/42/3 2123/42/3 2122/42/3
f 2149/31/3 2121/31/3 2120/31/3
f 2149/42/3 2124/42/3 2123/42/3
f 2150/42/3 2124/42/3 2149/42/3
f 2151/42/3 2124/42/3 2150/42/3
f 2152/42/3 2124/42/3 2151/42/3
f 2153/42/3 2124/42/3 2152/42/3
f 2154/42/3 2124/42/3 2153/42/3
f 2155/42/3 2124/42/3 2154/42/3
f 2156/42/3 2124/42/3 2155/42/3
f 2157/42/3 2124/42/3 2156/42/3
f 2158/42/3 2124/42/3 2157/42/3
f 2159/42/3 2124/42/3 2158/42/3
f 2160/42/3 2124/42/3 2159/42/3
f 2161/42/3 2124/42/3 2160/42/3
f 2162/29/3 2125/29/3 2124/29/3
f 2162/42/3 2124/42/3 2161/42/3
f 2163/26/3 2126/26/3 2125/26/3
f 2163/29/3 2125/29/3 2162/29/3
f 2164/29/3 2128/29/3 2127/29/3
f 2164/26/3 2126/26/3 2163/26/3
f 2164/29/3 2127/29/3 2126/29/3
f 2165/29/3 2128/29/3 2164/29/3
f 2166/29/3 2128/29/3 2165/29/3
f 2167/29/3 2128/29/3 2166/29/3
f 2168/29/3 2128/29/3 2167/29/3
f 2169/26/3 2130/26/3 2129/26/3
f 2169/29/3 2128/29/3 2168/29/3
f 2169/26/3 2129/26/3 2128/26/3
f 2170/26/3 2130/26/3 2169/26/3
f 2171/31/3 2131/31/3 2130/31/3
f 2171/26/3 2130/26/3 2170/26/3
f 2172/32/3 2105/32/3 2104/32/3
f 2172/32/3 2104/32/3 110/32/3
f 2173/2/3 2106/2/3 2105/2/3
f 2173/32/3 2105/32/3 2172/32/3
f 2174/32/3 2107/32/3 2106/32/3
f 2174/2/3 2106/2/3 2173/2/3
f 2175/2/3 2108/2/3 2107/2/3
f 2175/32/3 2107/32/3 2174/32/3
f 2176/30/3 2132/30/3 2108/30/3
f 2176/2/3 2108/2/3 2175/2/3
f 2177/32/3 2133/32/3 2132/32/3
f 2177/30/3 2132/30/3 2176/30/3
f 2178/32/3 2076/32/3 2138/32/3
f 2178/32/3 2138/32/3 2137/32/3
f 2179/30/3 2077/30/3 2076/30/3
f 2179/32/3 2076/32/3 2178/32/3
f 2180/31/3 2140/31/3 2139/31/3
f 2180/31/3 2139/31/3 2077/31/3
f 2181/31/3 2140/31/3 2180/31/3
f 2182/31/3 1980/31/3 2048/31/3
f 2182/31/3 2048/31/3 2142/31/3
f 2182/31/3 1943/31/3 1980/31/3
f 2183/31/3 1943/31/3 2182/31/3
f 2184/42/3 2144/42/3 2143/42/3
f 2184/31/3 1943/31/3 2183/31/3
f 2184/42/3 2143/42/3 1943/42/3
f 2185/42/3 2144/42/3 2184/42/3
f 2186/19/3 2115/19/3 2144/19/3
f 2186/42/3 2144/42/3 2185/42/3
f 2187/18/3 2081/18/3 2115/18/3
f 2187/19/3 2115/19/3 2186/19/3
f 2188/42/3 2050/42/3 2081/42/3
f 2188/18/3 2081/18/3 2187/18/3
f 2189/42/3 2116/42/3 1950/42/3
f 2189/18/3 2117/18/3 2116/18/3
f 2190/42/3 2145/42/3 2117/42/3
f 2190/18/3 2117/18/3 2189/18/3
f 2191/29/3 2147/29/3 2146/29/3
f 2191/42/3 2145/42/3 2190/42/3
f 2191/29/3 2146/29/3 2145/29/3
f 2192/32/3 2148/32/3 2147/32/3
f 2192/29/3 2147/29/3 2191/29/3
f 2193/31/3 2120/31/3 2088/31/3
f 2193/32/3 2148/32/3 2192/32/3
f 2193/32/3 2088/32/3 2148/32/3
f 2193/31/3 2149/31/3 2120/31/3
f 2193/31/3 2150/31/3 2149/31/3
f 2194/31/3 2150/31/3 2193/31/3
f 2195/31/3 2152/31/3 2151/31/3
f 2196/31/3 2152/31/3 2195/31/3
f 2197/31/3 2152/31/3 2196/31/3
f 2198/31/3 2152/31/3 2197/31/3
f 2199/28/3 2153/28/3 2152/28/3
f 2199/31/3 2152/31/3 2198/31/3
f 2200/29/3 2154/29/3 2153/29/3
f 2200/28/3 2153/28/3 2199/28/3
f 2201/29/3 2154/29/3 2200/29/3
f 2202/31/3 2155/31/3 2154/31/3
f 2202/29/3 2154/29/3 2201/29/3
f 2203/28/3 2156/28/3 2155/28/3
f 2203/31/3 2155/31/3 2202/31/3
f 2204/31/3 2157/31/3 2156/31/3
f 2204/28/3 2156/28/3 2203/28/3
f 2205/28/3 2158/28/3 2157/28/3
f 2205/31/3 2157/31/3 2204/31/3
f 2206/29/3 2159/29/3 2158/29/3
f 2206/28/3 2158/28/3 2205/28/3
f 2207/29/3 2159/29/3 2206/29/3
f 2208/31/3 2160/31/3 2159/31/3
f 2208/29/3 2159/29/3 2207/29/3
f 2209/28/3 2161/28/3 2160/28/3
f 2209/31/3 2160/31/3 2208/31/3
f 2210/31/3 2163/31/3 2162/31/3
f 2210/31/3 2162/31/3 2161/31/3
f 2211/31/3 2163/31/3 2210/31/3
f 2212/31/3 2163/31/3 2211/31/3
f 2213/26/3 2165/26/3 2164/26/3
f 2213/31/3 2163/31/3 2212/31/3
f 2213/26/3 2164/26/3 2163/26/3
f 2214/26/3 2165/26/3 2213/26/3
f 2215/29/3 2166/29/3 2165/29/3
f 2215/26/3 2165/26/3 2214/26/3
f 2216/29/3 2166/29/3 2215/29/3
f 2217/32/3 2167/32/3 2166/32/3
f 2217/29/3 2166/29/3 2216/29/3
f 2218/29/3 2168/29/3 2167/29/3
f 2218/32/3 2167/32/3 2217/32/3
f 2219/29/3 2168/29/3 2218/29/3
f 2220/26/3 2169/26/3 2168/26/3
f 2220/29/3 2168/29/3 2219/29/3
f 2220/26/3 2170/26/3 2169/26/3
f 2221/31/3 2171/31/3 2170/31/3
f 2221/26/3 2170/26/3 2220/26/3
f 2222/2/3 2173/2/3 2172/2/3
f 2222/32/3 2172/32/3 110/32/3
f 2223/32/3 2174/32/3 2173/32/3
f 2223/2/3 2173/2/3 2222/2/3
f 2224/2/3 2175/2/3 2174/2/3
f 2224/32/3 2174/32/3 2223/32/3
f 2225/32/3 2176/32/3 2175/32/3
f 2225/2/3 2175/2/3 2224/2/3
f 2225/32/3 2177/32/3 2176/32/3
f 2226/30/3 2135/30/3 2134/30/3
f 2226/30/3 2136/30/3 2135/30/3
f 2227/35/3 2137/35/3 2136/35/3
f 2227/30/3 2136/30/3 2226/30/3
f 2228/30/3 2077/30/3 2179/30/3
f 2228/30/3 2179/30/3 2178/30/3
f 2229/31/3 2180/31/3 2077/31/3
f 2229/30/3 2077/30/3 2228/30/3
f 2230/31/3 2185/31/3 2184/31/3
f 2230/42/3 2187/42/3 2186/42/3
f 2230/42/3 2186/42/3 2185/42/3
f 2230/31/3 2184/31/3 2183/31/3
f 2231/42/3 2187/42/3 2230/42/3
f 2232/42/3 2050/42/3 2188/42/3
f 2232/31/3 1985/31/3 2050/31/3
f 2233/42/3 2190/42/3 2189/42/3
f 2233/31/3 1985/31/3 2232/31/3
f 2233/31/3 1950/31/3 1985/31/3
f 2233/42/3 2189/42/3 1950/42/3
f 2234/32/3 2192/32/3 2191/32/3
f 2234/32/3 2191/32/3 2190/32/3
f 2234/31/3 2150/31/3 2194/31/3
f 2234/32/3 2193/32/3 2192/32/3
f 2234/32/3 2194/32/3 2193/32/3
f 2235/28/3 2151/28/3 2150/28/3
f 2235/31/3 2150/31/3 2234/31/3
f 2236/31/3 2195/31/3 2151/31/3
f 2236/28/3 2151/28/3 2235/28/3
f 2237/31/3 2195/31/3 2236/31/3
f 2238/27/3 2196/27/3 2195/27/3
f 2238/31/3 2195/31/3 2237/31/3
f 2239/32/3 2197/32/3 2196/32/3
f 2239/27/3 2196/27/3 2238/27/3
f 2240/31/3 2201/31/3 2200/31/3
f 2240/38/3 2202/38/3 2201/38/3
f 2241/29/3 2203/29/3 2202/29/3
f 2241/38/3 2202/38/3 2240/38/3
f 2242/31/3 2207/31/3 2206/31/3
f 2242/38/3 2208/38/3 2207/38/3
f 2243/29/3 2209/29/3 2208/29/3
f 2243/38/3 2208/38/3 2242/38/3
f 2244/28/3 2161/28/3 2209/28/3
f 2244/31/3 2210/31/3 2161/31/3
f 2245/28/3 2211/28/3 2210/28/3
f 2245/31/3 2210/31/3 2244/31/3
f 2246/32/3 2212/32/3 2211/32/3
f 2246/28/3 2211/28/3 2245/28/3
f 2247/31/3 2213/31/3 2212/31/3
f 2247/32/3 2212/32/3 2246/32/3
f 2248/29/3 2214/29/3 2213/29/3
f 2248/31/3 2213/31/3 2247/31/3
f 2249/31/3 2215/31/3 2214/31/3
f 2249/29/3 2214/29/3 2248/29/3
f 2249/31/3 2216/31/3 2215/31/3
f 2250/32/3 2219/32/3 2218/32/3
f 2250/31/3 2216/31/3 2249/31/3
f 2250/32/3 2218/32/3 2217/32/3
f 2250/32/3 2217/32/3 2216/32/3
f 2251/31/3 2221/31/3 2220/31/3
f 2251/32/3 2219/32/3 2250/32/3
f 2251/31/3 2220/31/3 2219/31/3
f 2252/31/3 2221/31/3 2251/31/3
f 2253/31/3 2221/31/3 2252/31/3
f 2254/31/3 2221/31/3 2253/31/3
f 2255/31/3 2221/31/3 2254/31/3
f 2256/31/3 2171/31/3 2221/31/3
f 2256/31/3 2221/31/3 2255/31/3
f 2257/31/3 2171/31/3 2256/31/3
f 2258/29/3 109/29/3 2103/29/3
f 2258/31/3 2171/31/3 2257/31/3
f 2258/31/3 2131/31/3 2171/31/3
f 2258/31/3 2103/31/3 2131/31/3
f 2259/32/3 2111/32/3 2133/32/3
f 2259/32/3 2224/32/3 2223/32/3
f 2259/32/3 2070/32/3 2111/32/3
f 2259/32/3 2177/32/3 2225/32/3
f 2259/32/3 2225/32/3 2224/32/3
f 2259/32/3 2133/32/3 2177/32/3
f 2259/32/3 2223/32/3 2222/32/3
f 2260/30/3 2134/30/3 2070/30/3
f 2260/32/3 2070/32/3 2259/32/3
f 2260/30/3 2226/30/3 2134/30/3
f 2261/35/3 2137/35/3 2227/35/3
f 2261/35/3 2227/35/3 2226/35/3
f 2262/32/3 2178/32/3 2137/32/3
f 2262/35/3 2137/35/3 2261/35/3
f 2263/30/3 2228/30/3 2178/30/3
f 2263/32/3 2178/32/3 2262/32/3
f 2264/32/3 2229/32/3 2228/32/3
f 2264/30/3 2228/30/3 2263/30/3
f 2265/31/3 2180/31/3 2229/31/3
f 2265/32/3 2229/32/3 2264/32/3
f 2266/35/3 2181/35/3 2180/35/3
f 2266/31/3 2180/31/3 2265/31/3
f 2267/31/3 2140/31/3 2181/31/3
f 2267/35/3 2181/35/3 2266/35/3
f 2268/33/3 2141/33/3 2140/33/3
f 2268/38/3 2142/38/3 2141/38/3
f 2269/31/3 2182/31/3 2142/31/3
f 2269/38/3 2142/38/3 2268/38/3
f 2270/31/3 2182/31/3 2269/31/3
f 2271/33/3 2183/33/3 2182/33/3
f 2271/31/3 2231/31/3 2230/31/3
f 2271/31/3 2230/31/3 2183/31/3
f 2272/31/3 2231/31/3 2271/31/3
f 2273/42/3 2233/42/3 2232/42/3
f 2273/42/3 2232/42/3 2188/42/3
f 2273/19/3 2188/19/3 2187/19/3
f 2274/42/3 2233/42/3 2273/42/3
f 2275/42/3 2190/42/3 2233/42/3
f 2275/42/3 2233/42/3 2274/42/3
f 2276/32/3 2235/32/3 2234/32/3
f 2276/42/3 2190/42/3 2275/42/3
f 2276/32/3 2234/32/3 2190/32/3
f 2277/28/3 2237/28/3 2236/28/3
f 2277/32/3 2235/32/3 2276/32/3
f 2277/28/3 2236/28/3 2235/28/3
f 2278/32/3 2238/32/3 2237/32/3
f 2278/28/3 2237/28/3 2277/28/3
f 2279/32/3 2238/32/3 2278/32/3
f 2280/28/3 2239/28/3 2238/28/3
f 2280/32/3 2238/32/3 2279/32/3
f 2281/32/3 2197/32/3 2239/32/3
f 2281/28/3 2239/28/3 2280/28/3
f 2282/27/3 2241/27/3 2240/27/3
f 2282/31/3 2240/31/3 2200/31/3
f 2283/29/3 2203/29/3 2241/29/3
f 2283/27/3 2241/27/3 2282/27/3
f 2284/31/3 2242/31/3 2206/31/3
f 2284/27/3 2243/27/3 2242/27/3
f 2285/29/3 2209/29/3 2243/29/3
f 2285/27/3 2243/27/3 2284/27/3
f 2286/32/3 2249/32/3 2248/32/3
f 2286/32/3 2252/32/3 2251/32/3
f 2286/32/3 2251/32/3 2250/32/3
f 2286/32/3 2246/32/3 2245/32/3
f 2286/32/3 2248/32/3 2247/32/3
f 2286/32/3 2250/32/3 2249/32/3
f 2286/32/3 2247/32/3 2246/32/3
f 2286/32/3 2245/32/3 2244/32/3
f 2287/32/3 2252/32/3 2286/32/3
f 2288/31/3 2253/31/3 2252/31/3
f 2288/32/3 2252/32/3 2287/32/3
f 2289/32/3 2254/32/3 2253/32/3
f 2289/31/3 2253/31/3 2288/31/3
f 2290/31/3 2255/31/3 2254/31/3
f 2290/32/3 2254/32/3 2289/32/3
f 2291/31/3 2255/31/3 2290/31/3
f 2292/28/3 2256/28/3 2255/28/3
f 2292/31/3 2255/31/3 2291/31/3
f 2293/31/3 2257/31/3 2256/31/3
f 2293/28/3 2256/28/3 2292/28/3
f 2294/31/3 2257/31/3 2293/31/3
f 2295/32/3 2258/32/3 2257/32/3
f 2295/31/3 2257/31/3 2294/31/3
f 2296/32/3 2258/32/3 2295/32/3
f 2297/29/3 109/29/3 2258/29/3
f 2297/32/3 2258/32/3 2296/32/3
f 2298/30/3 2226/30/3 2260/30/3
f 2298/30/3 2260/30/3 2259/30/3
f 2299/35/3 2261/35/3 2226/35/3
f 2299/30/3 2226/30/3 2298/30/3
f 2300/19/3 2274/19/3 2273/19/3
f 2300/42/3 2187/42/3 2231/42/3
f 2300/19/3 2273/19/3 2187/19/3
f 2301/19/3 2274/19/3 2300/19/3
f 2302/42/3 2275/42/3 2274/42/3
f 2302/19/3 2274/19/3 2301/19/3
f 2303/42/3 2275/42/3 2302/42/3
f 2304/9/3 2278/9/3 2277/9/3
f 2304/9/3 2279/9/3 2278/9/3
f 2304/9/3 2276/9/3 2275/9/3
f 2304/9/3 2277/9/3 2276/9/3
f 2305/9/3 2279/9/3 2304/9/3
f 2306/32/3 2280/32/3 2279/32/3
f 2306/32/3 2281/32/3 2280/32/3
f 2307/32/3 2197/32/3 2281/32/3
f 2307/32/3 2281/32/3 2306/32/3
f 2308/27/3 2198/27/3 2197/27/3
f 2308/32/3 2197/32/3 2307/32/3
f 2309/32/3 2199/32/3 2198/32/3
f 2309/27/3 2198/27/3 2308/27/3
f 2310/28/3 2200/28/3 2199/28/3
f 2310/32/3 2199/32/3 2309/32/3
f 2311/31/3 2282/31/3 2200/31/3
f 2311/28/3 2200/28/3 2310/28/3
f 2312/4/3 2283/4/3 2282/4/3
f 2312/31/3 2282/31/3 2311/31/3
f 2313/29/3 2203/29/3 2283/29/3
f 2313/4/3 2283/4/3 2312/4/3
f 2314/28/3 2204/28/3 2203/28/3
f 2314/29/3 2203/29/3 2313/29/3
f 2315/32/3 2205/32/3 2204/32/3
f 2315/28/3 2206/28/3 2205/28/3
f 2316/31/3 2284/31/3 2206/31/3
f 2316/28/3 2206/28/3 2315/28/3
f 2317/38/3 2285/38/3 2284/38/3
f 2317/31/3 2284/31/3 2316/31/3
f 2318/29/3 2209/29/3 2285/29/3
f 2318/38/3 2285/38/3 2317/38/3
f 2319/28/3 2244/28/3 2209/28/3
f 2319/29/3 2209/29/3 2318/29/3
f 2320/32/3 2286/32/3 2244/32/3
f 2320/28/3 2244/28/3 2319/28/3
f 2321/32/3 2286/32/3 2320/32/3
f 2322/32/3 2286/32/3 2321/32/3
f 2323/30/3 2287/30/3 2286/30/3
f 2323/32/3 2286/32/3 2322/32/3
f 2324/32/3 2289/32/3 2288/32/3
f 2324/30/3 2287/30/3 2323/30/3
f 2324/32/3 2291/32/3 2290/32/3
f 2324/32/3 2288/32/3 2287/32/3
f 2324/32/3 2290/32/3 2289/32/3
f 2325/32/3 2291/32/3 2324/32/3
f 2326/32/3 2291/32/3 2325/32/3
f 2327/32/3 2291/32/3 2326/32/3
f 2328/32/3 2291/32/3 2327/32/3
f 2329/32/3 2291/32/3 2328/32/3
f 2330/32/3 2291/32/3 2329/32/3
f 2331/32/3 2291/32/3 2330/32/3
f 2332/31/3 2292/31/3 2291/31/3
f 2332/32/3 2291/32/3 2331/32/3
f 2333/27/3 2294/27/3 2293/27/3
f 2333/31/3 2292/31/3 2332/31/3
f 2333/27/3 2293/27/3 2292/27/3
f 2334/32/3 2296/32/3 2295/32/3
f 2334/27/3 2294/27/3 2333/27/3
f 2334/32/3 2295/32/3 2294/32/3
f 2335/32/3 2296/32/3 2334/32/3
f 2336/32/3 2296/32/3 2335/32/3
f 2337/35/3 2261/35/3 2299/35/3
f 2337/35/3 2299/35/3 2298/35/3
f 2338/32/3 2264/32/3 2263/32/3
f 2338/35/3 2261/35/3 2337/35/3
f 2338/32/3 2265/32/3 2264/32/3
f 2338/32/3 2263/32/3 2262/32/3
f 2338/32/3 2262/32/3 2261/32/3
f 2339/32/3 2265/32/3 2338/32/3
f 2340/35/3 2266/35/3 2265/35/3
f 2340/32/3 2265/32/3 2339/32/3
f 2341/31/3 2267/31/3 2266/31/3
f 2341/35/3 2266/35/3 2340/35/3
f 2342/31/3 2140/31/3 2267/31/3
f 2342/31/3 2267/31/3 2341/31/3
f 2343/33/3 2268/33/3 2140/33/3
f 2343/31/3 2140/31/3 2342/31/3
f 2344/31/3 2231/31/3 2272/31/3
f 2344/42/3 2301/42/3 2300/42/3
f 2344/42/3 2300/42/3 2231/42/3
f 2345/42/3 2301/42/3 2344/42/3
f 2346/19/3 2303/19/3 2302/19/3
f 2346/42/3 2301/42/3 2345/42/3
f 2346/19/3 2302/19/3 2301/19/3
f 2347/19/3 2303/19/3 2346/19/3
f 2348/42/3 2275/42/3 2303/42/3
f 2348/19/3 2303/19/3 2347/19/3
f 2349/9/3 2304/9/3 2275/9/3
f 2349/42/3 2275/42/3 2348/42/3
f 2350/9/3 2304/9/3 2349/9/3
f 2351/11/3 2305/11/3 2304/11/3
f 2351/9/3 2304/9/3 2350/9/3
f 2352/11/3 2305/11/3 2351/11/3
f 2353/9/3 2279/9/3 2305/9/3
f 2353/11/3 2305/11/3 2352/11/3
f 2354/32/3 2306/32/3 2279/32/3
f 2354/9/3 2279/9/3 2353/9/3
f 2355/32/3 2306/32/3 2354/32/3
f 2356/31/3 2312/31/3 2311/31/3
f 2356/4/3 2311/4/3 2310/4/3
f 2357/27/3 2313/27/3 2312/27/3
f 2357/31/3 2312/31/3 2356/31/3
f 2358/4/3 2314/4/3 2313/4/3
f 2358/27/3 2313/27/3 2357/27/3
f 2359/28/3 2204/28/3 2314/28/3
f 2359/4/3 2314/4/3 2358/4/3
f 2360/32/3 2315/32/3 2204/32/3
f 2360/28/3 2204/28/3 2359/28/3
f 2360/32/3 2316/32/3 2315/32/3
f 2361/32/3 2316/32/3 2360/32/3
f 2362/31/3 2317/31/3 2316/31/3
f 2362/32/3 2316/32/3 2361/32/3
f 2363/32/3 2318/32/3 2317/32/3
f 2363/31/3 2317/31/3 2362/31/3
f 2363/32/3 2319/32/3 2318/32/3
f 2364/32/3 2333/32/3 2332/32/3
f 2364/32/3 2334/32/3 2333/32/3
f 2365/37/3 2335/37/3 2334/37/3
f 2365/32/3 2334/32/3 2364/32/3
f 2366/32/3 2296/32/3 2336/32/3
f 2366/30/3 2297/30/3 2296/30/3
f 2367/29/3 109/29/3 2297/29/3
f 2367/30/3 2297/30/3 2366/30/3
f 2368/32/3 2259/32/3 2222/32/3
f 2369/30/3 2298/30/3 2259/30/3
f 2369/32/3 2259/32/3 2368/32/3
f 2370/30/3 2298/30/3 2369/30/3
f 2371/35/3 2337/35/3 2298/35/3
f 2371/30/3 2298/30/3 2370/30/3
f 2372/33/3 2268/33/3 2343/33/3
f 2372/35/3 2343/35/3 2342/35/3
f 2373/33/3 2268/33/3 2372/33/3
f 2374/33/3 2270/33/3 2269/33/3
f 2374/31/3 2269/31/3 2268/31/3
f 2375/31/3 2182/31/3 2270/31/3
f 2375/33/3 2270/33/3 2374/33/3
f 2376/42/3 2347/42/3 2346/42/3
f 2376/19/3 2348/19/3 2347/19/3
f 2376/42/3 2346/42/3 2345/42/3
f 2377/9/3 2349/9/3 2348/9/3
f 2377/19/3 2348/19/3 2376/19/3
f 2378/13/3 2350/13/3 2349/13/3
f 2378/9/3 2351/9/3 2350/9/3
f 2379/12/3 2352/12/3 2351/12/3
f 2379/9/3 2351/9/3 2378/9/3
f 2380/12/3 2352/12/3 2379/12/3
f 2381/12/3 2352/12/3 2380/12/3
f 2382/12/3 2352/12/3 2381/12/3
f 2383/12/3 2352/12/3 2382/12/3
f 2384/12/3 2352/12/3 2383/12/3
f 2385/4/3 2359/4/3 2358/4/3
f 2385/4/3 2358/4/3 2357/4/3
f 2385/4/3 2357/4/3 2356/4/3
f 2385/4/3 2356/4/3 2310/4/3
f 2385/4/3 2360/4/3 2359/4/3
f 2386/4/3 2360/4/3 2385/4/3
f 2387/4/3 2360/4/3 2386/4/3
f 2388/32/3 2361/32/3 2360/32/3
f 2388/4/3 2360/4/3 2387/4/3
f 2389/32/3 2363/32/3 2362/32/3
f 2389/31/3 2362/31/3 2361/31/3
f 2390/32/3 2319/32/3 2363/32/3
f 2390/32/3 2363/32/3 2389/32/3
f 2391/31/3 2321/31/3 2320/31/3
f 2391/31/3 2320/31/3 2319/31/3
f 2392/21/3 2322/21/3 2321/21/3
f 2392/31/3 2321/31/3 2391/31/3
f 2393/32/3 2330/32/3 2329/32/3
f 2394/21/3 2331/21/3 2330/21/3
f 2394/32/3 2330/32/3 2393/32/3
f 2395/32/3 2364/32/3 2332/32/3
f 2396/31/3 2365/31/3 2364/31/3
f 2396/32/3 2364/32/3 2395/32/3
f 2397/37/3 2335/37/3 2365/37/3
f 2397/31/3 2365/31/3 2396/31/3
f 2398/31/3 2336/31/3 2335/31/3
f 2398/37/3 2335/37/3 2397/37/3
f 2399/32/3 2366/32/3 2336/32/3
f 2399/31/3 2336/31/3 2398/31/3
f 2399/32/3 2367/32/3 2366/32/3
f 2400/32/3 2367/32/3 2399/32/3
f 2401/35/3 2337/35/3 2371/35/3
f 2401/35/3 2371/35/3 2370/35/3
f 2402/32/3 2339/32/3 2338/32/3
f 2402/35/3 2337/35/3 2401/35/3
f 2402/32/3 2338/32/3 2337/32/3
f 2403/32/3 2339/32/3 2402/32/3
f 2404/35/3 2340/35/3 2339/35/3
f 2404/32/3 2339/32/3 2403/32/3
f 2405/31/3 2341/31/3 2340/31/3
f 2405/35/3 2340/35/3 2404/35/3
f 2405/31/3 2342/31/3 2341/31/3
f 2406/31/3 2342/31/3 2405/31/3
f 2407/35/3 2372/35/3 2342/35/3
f 2407/31/3 2342/31/3 2406/31/3
f 2408/31/3 2373/31/3 2372/31/3
f 2408/35/3 2372/35/3 2407/35/3
f 2409/33/3 2268/33/3 2373/33/3
f 2409/31/3 2373/31/3 2408/31/3
f 2410/33/3 2268/33/3 2409/33/3
f 2411/31/3 2374/31/3 2268/31/3
f 2411/33/3 2268/33/3 2410/33/3
f 2411/31/3 2375/31/3 2374/31/3
f 2412/31/3 2375/31/3 2411/31/3
f 2413/31/3 2345/31/3 2344/31/3
f 2413/31/3 2344/31/3 2272/31/3
f 2414/42/3 2376/42/3 2345/42/3
f 2414/31/3 2345/31/3 2413/31/3
f 2414/42/3 2377/42/3 2376/42/3
f 2415/42/3 2377/42/3 2414/42/3
f 2416/9/3 2349/9/3 2377/9/3
f 2416/42/3 2377/42/3 2415/42/3
f 2417/13/3 2378/13/3 2349/13/3
f 2417/9/3 2349/9/3 2416/9/3
f 2417/13/3 2379/13/3 2378/13/3
f 2418/12/3 2381/12/3 2380/12/3
f 2419/7/3 2382/7/3 2381/7/3
f 2419/12/3 2381/12/3 2418/12/3
f 2420/7/3 2382/7/3 2419/7/3
f 2421/7/3 2382/7/3 2420/7/3
f 2422/12/3 2383/12/3 2382/12/3
f 2422/7/3 2382/7/3 2421/7/3
f 2423/12/3 2383/12/3 2422/12/3
f 2424/12/3 2383/12/3 2423/12/3
f 2425/7/3 2384/7/3 2383/7/3
f 2425/12/3 2383/12/3 2424/12/3
f 2426/7/3 2384/7/3 2425/7/3
f 2427/7/3 2384/7/3 2426/7/3
f 2428/12/3 2352/12/3 2384/12/3
f 2428/7/3 2384/7/3 2427/7/3
f 2429/12/3 2352/12/3 2428/12/3
f 2430/9/3 2353/9/3 2352/9/3
f 2430/12/3 2352/12/3 2429/12/3
f 2431/10/3 2354/10/3 2353/10/3
f 2431/9/3 2353/9/3 2430/9/3
f 2432/9/3 2355/9/3 2354/9/3
f 2432/10/3 2354/10/3 2431/10/3
f 2433/32/3 2306/32/3 2355/32/3
f 2433/9/3 2355/9/3 2432/9/3
f 2434/32/3 2306/32/3 2433/32/3
f 2435/28/3 2307/28/3 2306/28/3
f 2435/32/3 2306/32/3 2434/32/3
f 2436/32/3 2308/32/3 2307/32/3
f 2436/28/3 2307/28/3 2435/28/3
f 2437/32/3 2310/32/3 2309/32/3
f 2437/4/3 2385/4/3 2310/4/3
f 2438/29/3 2386/29/3 2385/29/3
f 2438/4/3 2385/4/3 2437/4/3
f 2439/31/3 2387/31/3 2386/31/3
f 2439/29/3 2386/29/3 2438/29/3
f 2440/28/3 2388/28/3 2387/28/3
f 2440/31/3 2387/31/3 2439/31/3
f 2441/31/3 2390/31/3 2389/31/3
f 2442/32/3 2319/32/3 2390/32/3
f 2442/31/3 2390/31/3 2441/31/3
f 2443/31/3 2391/31/3 2319/31/3
f 2444/32/3 2392/32/3 2391/32/3
f 2444/31/3 2391/31/3 2443/31/3
f 2445/21/3 2322/21/3 2392/21/3
f 2445/32/3 2392/32/3 2444/32/3
f 2446/32/3 2323/32/3 2322/32/3
f 2446/21/3 2322/21/3 2445/21/3
f 2447/21/3 2324/21/3 2323/21/3
f 2447/32/3 2323/32/3 2446/32/3
f 2447/21/3 2325/21/3 2324/21/3
f 2448/32/3 2326/32/3 2325/32/3
f 2448/21/3 2325/21/3 2447/21/3
f 2449/21/3 2327/21/3 2326/21/3
f 2449/32/3 2326/32/3 2448/32/3
f 2450/32/3 2328/32/3 2327/32/3
f 2450/21/3 2327/21/3 2449/21/3
f 2451/21/3 2329/21/3 2328/21/3
f 2451/32/3 2328/32/3 2450/32/3
f 2452/32/3 2393/32/3 2329/32/3
f 2452/21/3 2329/21/3 2451/21/3
f 2453/31/3 2394/31/3 2393/31/3
f 2453/32/3 2393/32/3 2452/32/3
f 2454/21/3 2331/21/3 2394/21/3
f 2454/31/3 2394/31/3 2453/31/3
f 2455/31/3 2332/31/3 2331/31/3
f 2455/21/3 2331/21/3 2454/21/3
f 2456/32/3 2395/32/3 2332/32/3
f 2456/31/3 2332/31/3 2455/31/3
f 2457/31/3 2396/31/3 2395/31/3
f 2457/32/3 2395/32/3 2456/32/3
f 2457/31/3 2397/31/3 2396/31/3
f 2457/31/3 2400/31/3 2399/31/3
f 2457/31/3 2398/31/3 2397/31/3
f 2457/31/3 2399/31/3 2398/31/3
f 2458/32/3 2367/32/3 2400/32/3
f 2458/31/3 2400/31/3 2457/31/3
f 2459/32/3 2367/32/3 2458/32/3
f 2460/32/3 2368/32/3 2222/32/3
f 2461/30/3 2370/30/3 2369/30/3
f 2461/32/3 2368/32/3 2460/32/3
f 2461/30/3 2369/30/3 2368/30/3
f 2462/30/3 2370/30/3 2461/30/3
f 2463/35/3 2401/35/3 2370/35/3
f 2463/30/3 2370/30/3 2462/30/3
f 2464/31/3 2410/31/3 2409/31/3
f 2464/31/3 2408/31/3 2407/31/3
f 2464/31/3 2409/31/3 2408/31/3
f 2465/31/3 2410/31/3 2464/31/3
f 2466/31/3 2413/31/3 2272/31/3
f 2466/37/3 2414/37/3 2413/37/3
f 2467/31/3 2415/31/3 2414/31/3
f 2467/37/3 2414/37/3 2466/37/3
f 2468/12/3 2418/12/3 2380/12/3
f 2468/9/3 2380/9/3 2379/9/3
f 2469/7/3 2419/7/3 2418/7/3
f 2469/12/3 2418/12/3 2468/12/3
f 2469/7/3 2420/7/3 2419/7/3
f 2470/7/3 2420/7/3 2469/7/3
f 2471/7/3 2420/7/3 2470/7/3
f 2472/5/3 2421/5/3 2420/5/3
f 2472/7/3 2420/7/3 2471/7/3
f 2473/7/3 2422/7/3 2421/7/3
f 2473/5/3 2421/5/3 2472/5/3
f 2473/7/3 2423/7/3 2422/7/3
f 2474/7/3 2423/7/3 2473/7/3
f 2475/7/3 2423/7/3 2474/7/3
f 2476/12/3 2424/12/3 2423/12/3
f 2476/7/3 2423/7/3 2475/7/3
f 2477/7/3 2426/7/3 2425/7/3
f 2477/12/3 2424/12/3 2476/12/3
f 2477/7/3 2425/7/3 2424/7/3
f 2478/7/3 2426/7/3 2477/7/3
f 2479/7/3 2426/7/3 2478/7/3
f 2480/5/3 2427/5/3 2426/5/3
f 2480/7/3 2426/7/3 2479/7/3
f 2481/7/3 2429/7/3 2428/7/3
f 2481/5/3 2427/5/3 2480/5/3
f 2481/7/3 2428/7/3 2427/7/3
f 2482/7/3 2429/7/3 2481/7/3
f 2483/7/3 2429/7/3 2482/7/3
f 2484/32/3 2435/32/3 2434/32/3
f 2484/32/3 2436/32/3 2435/32/3
f 2485/32/3 2308/32/3 2436/32/3
f 2485/32/3 2436/32/3 2484/32/3
f 2486/28/3 2438/28/3 2437/28/3
f 2486/32/3 2437/32/3 2309/32/3
f 2487/31/3 2439/31/3 2438/31/3
f 2487/28/3 2438/28/3 2486/28/3
f 2488/28/3 2440/28/3 2439/28/3
f 2488/31/3 2439/31/3 2487/31/3
f 2489/32/3 2361/32/3 2388/32/3
f 2489/28/3 2440/28/3 2488/28/3
f 2489/28/3 2388/28/3 2440/28/3
f 2490/31/3 2389/31/3 2361/31/3
f 2490/31/3 2441/31/3 2389/31/3
f 2491/32/3 2442/32/3 2441/32/3
f 2491/31/3 2441/31/3 2490/31/3
f 2492/32/3 2319/32/3 2442/32/3
f 2492/32/3 2442/32/3 2491/32/3
f 2492/31/3 2443/31/3 2319/31/3
f 2493/1/3 2445/1/3 2444/1/3
f 2493/31/3 2443/31/3 2492/31/3
f 2493/1/3 2444/1/3 2443/1/3
f 2494/8/3 2451/8/3 2450/8/3
f 2494/1/3 2445/1/3 2493/1/3
f 2494/8/3 2454/8/3 2453/8/3
f 2494/8/3 2453/8/3 2452/8/3
f 2494/8/3 2449/8/3 2448/8/3
f 2494/8/3 2455/8/3 2454/8/3
f 2494/8/3 2450/8/3 2449/8/3
f 2494/8/3 2446/8/3 2445/8/3
f 2494/8/3 2447/8/3 2446/8/3
f 2494/8/3 2448/8/3 2447/8/3
f 2494/8/3 2452/8/3 2451/8/3
f 2495/1/3 2456/1/3 2455/1/3
f 2495/8/3 2455/8/3 2494/8/3
f 2496/31/3 2457/31/3 2456/31/3
f 2496/31/3 2458/31/3 2457/31/3
f 2497/31/3 2458/31/3 2496/31/3
f 2498/31/3 2458/31/3 2497/31/3
f 2499/31/3 2458/31/3 2498/31/3
f 2500/35/3 2401/35/3 2463/35/3
f 2500/35/3 2463/35/3 2462/35/3
f 2501/32/3 2403/32/3 2402/32/3
f 2501/35/3 2401/35/3 2500/35/3
f 2501/32/3 2402/32/3 2401/32/3
f 2502/31/3 2406/31/3 2405/31/3
f 2502/31/3 2405/31/3 2404/31/3
f 2503/35/3 2407/35/3 2406/35/3
f 2503/31/3 2406/31/3 2502/31/3
f 2504/31/3 2464/31/3 2407/31/3
f 2504/35/3 2407/35/3 2503/35/3
f 2505/33/3 2272/33/3 2271/33/3
f 2505/31/3 2466/31/3 2272/31/3
f 2505/31/3 2467/31/3 2466/31/3
f 2506/31/3 2467/31/3 2505/31/3
f 2507/31/3 2415/31/3 2467/31/3
f 2507/31/3 2467/31/3 2506/31/3
f 2508/9/3 2416/9/3 2415/9/3
f 2508/31/3 2415/31/3 2507/31/3
f 2509/13/3 2417/13/3 2416/13/3
f 2509/9/3 2416/9/3 2508/9/3
f 2510/13/3 2379/13/3 2417/13/3
f 2510/13/3 2417/13/3 2509/13/3
f 2510/9/3 2468/9/3 2379/9/3
f 2511/7/3 2469/7/3 2468/7/3
f 2511/9/3 2468/9/3 2510/9/3
f 2511/7/3 2470/7/3 2469/7/3
f 2512/7/3 2470/7/3 2511/7/3
f 2513/5/3 2471/5/3 2470/5/3
f 2513/7/3 2470/7/3 2512/7/3
f 2514/4/3 2473/4/3 2472/4/3
f 2514/5/3 2471/5/3 2513/5/3
f 2514/4/3 2474/4/3 2473/4/3
f 2514/4/3 2472/4/3 2471/4/3
f 2515/5/3 2475/5/3 2474/5/3
f 2515/7/3 2478/7/3 2477/7/3
f 2515/7/3 2476/7/3 2475/7/3
f 2515/7/3 2477/7/3 2476/7/3
f 2516/7/3 2478/7/3 2515/7/3
f 2517/5/3 2479/5/3 2478/5/3
f 2517/7/3 2478/7/3 2516/7/3
f 2518/6/3 2480/6/3 2479/6/3
f 2518/5/3 2479/5/3 2517/5/3
f 2519/4/3 2482/4/3 2481/4/3
f 2519/6/3 2480/6/3 2518/6/3
f 2519/4/3 2481/4/3 2480/4/3
f 2520/6/3 2483/6/3 2482/6/3
f 2520/4/3 2482/4/3 2519/4/3
f 2521/7/3 2429/7/3 2483/7/3
f 2521/6/3 2483/6/3 2520/6/3
f 2522/9/3 2430/9/3 2429/9/3
f 2522/7/3 2429/7/3 2521/7/3
f 2523/10/3 2432/10/3 2431/10/3
f 2523/9/3 2430/9/3 2522/9/3
f 2523/10/3 2433/10/3 2432/10/3
f 2523/10/3 2431/10/3 2430/10/3
f 2524/10/3 2433/10/3 2523/10/3
f 2525/32/3 2308/32/3 2485/32/3
f 2525/28/3 2485/28/3 2484/28/3
f 2526/28/3 2309/28/3 2308/28/3
f 2526/32/3 2308/32/3 2525/32/3
f 2527/32/3 2487/32/3 2486/32/3
f 2527/32/3 2486/32/3 2309/32/3
f 2528/4/3 2489/4/3 2488/4/3
f 2528/32/3 2487/32/3 2527/32/3
f 2528/4/3 2488/4/3 2487/4/3
f 2529/32/3 2361/32/3 2489/32/3
f 2529/4/3 2489/4/3 2528/4/3
f 2530/31/3 2490/31/3 2361/31/3
f 2530/32/3 2361/32/3 2529/32/3
f 2531/32/3 2493/32/3 2492/32/3
f 2531/32/3 2492/32/3 2491/32/3
f 2531/32/3 2491/32/3 2490/32/3
f 2532/1/3 2494/1/3 2493/1/3
f 2532/32/3 2493/32/3 2531/32/3
f 2533/1/3 2494/1/3 2532/1/3
f 2534/16/3 2495/16/3 2494/16/3
f 2534/1/3 2494/1/3 2533/1/3
f 2535/1/3 2456/1/3 2495/1/3
f 2535/16/3 2495/16/3 2534/16/3
f 2536/1/3 2456/1/3 2535/1/3
f 2537/31/3 2496/31/3 2456/31/3
f 2537/1/3 2456/1/3 2536/1/3
f 2538/32/3 2497/32/3 2496/32/3
f 2538/31/3 2496/31/3 2537/31/3
f 2539/31/3 2498/31/3 2497/31/3
f 2539/32/3 2497/32/3 2538/32/3
f 2540/32/3 2499/32/3 2498/32/3
f 2540/31/3 2498/31/3 2539/31/3
f 2541/31/3 2458/31/3 2499/31/3
f 2541/35/3 2459/35/3 2458/35/3
f 2542/32/3 2367/32/3 2459/32/3
f 2542/35/3 2459/35/3 2541/35/3
f 2543/29/3 109/29/3 2367/29/3
f 2543/32/3 2367/32/3 2542/32/3
f 2544/30/3 2462/30/3 2461/30/3
f 2544/30/3 2461/30/3 2460/30/3
f 2545/35/3 2500/35/3 2462/35/3
f 2545/30/3 2462/30/3 2544/30/3
f 2546/29/3 2501/29/3 2500/29/3
f 2546/35/3 2500/35/3 2545/35/3
f 2547/32/3 2403/32/3 2501/32/3
f 2547/29/3 2501/29/3 2546/29/3
f 2548/32/3 2403/32/3 2547/32/3
f 2549/32/3 2403/32/3 2548/32/3
f 2550/35/3 2404/35/3 2403/35/3
f 2550/32/3 2403/32/3 2549/32/3
f 2551/31/3 2502/31/3 2404/31/3
f 2551/35/3 2404/35/3 2550/35/3
f 2552/31/3 2464/31/3 2504/31/3
f 2552/31/3 2504/31/3 2503/31/3
f 2553/35/3 2465/35/3 2464/35/3
f 2553/31/3 2464/31/3 2552/31/3
f 2554/31/3 2410/31/3 2465/31/3
f 2554/35/3 2465/35/3 2553/35/3
f 2555/13/3 2510/13/3 2509/13/3
f 2555/13/3 2509/13/3 2508/13/3
f 2556/7/3 2512/7/3 2511/7/3
f 2556/13/3 2510/13/3 2555/13/3
f 2556/7/3 2511/7/3 2510/7/3
f 2557/7/3 2512/7/3 2556/7/3
f 2558/5/3 2513/5/3 2512/5/3
f 2558/7/3 2512/7/3 2557/7/3
f 2559/6/3 2514/6/3 2513/6/3
f 2559/5/3 2513/5/3 2558/5/3
f 2560/4/3 2474/4/3 2514/4/3
f 2560/6/3 2514/6/3 2559/6/3
f 2561/4/3 2474/4/3 2560/4/3
f 2562/5/3 2516/5/3 2515/5/3
f 2562/4/3 2474/4/3 2561/4/3
f 2562/5/3 2515/5/3 2474/5/3
f 2563/5/3 2516/5/3 2562/5/3
f 2564/7/3 2517/7/3 2516/7/3
f 2564/5/3 2516/5/3 2563/5/3
f 2565/7/3 2517/7/3 2564/7/3
f 2566/6/3 2518/6/3 2517/6/3
f 2566/7/3 2517/7/3 2565/7/3
f 2567/4/3 2519/4/3 2518/4/3
f 2567/6/3 2518/6/3 2566/6/3
f 2567/4/3 2520/4/3 2519/4/3
f 2568/5/3 2522/5/3 2521/5/3
f 2568/4/3 2520/4/3 2567/4/3
f 2568/5/3 2521/5/3 2520/5/3
f 2569/5/3 2522/5/3 2568/5/3
f 2570/11/3 2523/11/3 2522/11/3
f 2570/5/3 2522/5/3 2569/5/3
f 2571/7/3 2524/7/3 2523/7/3
f 2571/11/3 2523/11/3 2570/11/3
f 2572/10/3 2433/10/3 2524/10/3
f 2572/7/3 2524/7/3 2571/7/3
f 2573/10/3 2433/10/3 2572/10/3
f 2574/9/3 2434/9/3 2433/9/3
f 2574/10/3 2433/10/3 2573/10/3
f 2575/32/3 2484/32/3 2434/32/3
f 2575/9/3 2434/9/3 2574/9/3
f 2576/32/3 2484/32/3 2575/32/3
f 2577/28/3 2526/28/3 2525/28/3
f 2577/32/3 2484/32/3 2576/32/3
f 2577/28/3 2525/28/3 2484/28/3
f 2578/28/3 2309/28/3 2526/28/3
f 2578/28/3 2526/28/3 2577/28/3
f 2579/21/3 2535/21/3 2534/21/3
f 2580/21/3 2535/21/3 2579/21/3
f 2581/32/3 2499/32/3 2540/32/3
f 2581/31/3 2541/31/3 2499/31/3
f 2582/31/3 2541/31/3 2581/31/3
f 2583/32/3 2460/32/3 2222/32/3
f 2584/30/3 2544/30/3 2460/30/3
f 2584/32/3 2460/32/3 2583/32/3
f 2585/35/3 2550/35/3 2549/35/3
f 2585/32/3 2551/32/3 2550/32/3
f 2586/31/3 2502/31/3 2551/31/3
f 2586/32/3 2551/32/3 2585/32/3
f 2587/33/3 2506/33/3 2505/33/3
f 2587/33/3 2505/33/3 2271/33/3
f 2588/31/3 2507/31/3 2506/31/3
f 2588/33/3 2506/33/3 2587/33/3
f 2589/31/3 2507/31/3 2588/31/3
f 2590/9/3 2508/9/3 2507/9/3
f 2590/31/3 2507/31/3 2589/31/3
f 2591/13/3 2555/13/3 2508/13/3
f 2591/9/3 2508/9/3 2590/9/3
f 2592/7/3 2557/7/3 2556/7/3
f 2592/7/3 2556/7/3 2555/7/3
f 2593/5/3 2558/5/3 2557/5/3
f 2593/7/3 2557/7/3 2592/7/3
f 2594/6/3 2561/6/3 2560/6/3
f 2594/5/3 2558/5/3 2593/5/3
f 2594/6/3 2559/6/3 2558/6/3
f 2594/6/3 2560/6/3 2559/6/3
f 2595/4/3 2562/4/3 2561/4/3
f 2595/6/3 2561/6/3 2594/6/3
f 2596/6/3 2563/6/3 2562/6/3
f 2596/4/3 2562/4/3 2595/4/3
f 2597/7/3 2565/7/3 2564/7/3
f 2597/6/3 2563/6/3 2596/6/3
f 2597/7/3 2564/7/3 2563/7/3
f 2598/6/3 2567/6/3 2566/6/3
f 2598/6/3 2568/6/3 2567/6/3
f 2599/5/3 2569/5/3 2568/5/3
f 2599/6/3 2568/6/3 2598/6/3
f 2600/5/3 2571/5/3 2570/5/3
f 2600/7/3 2573/7/3 2572/7/3
f 2600/7/3 2572/7/3 2571/7/3
f 2601/7/3 2573/7/3 2600/7/3
f 2602/32/3 2577/32/3 2576/32/3
f 2602/32/3 2578/32/3 2577/32/3
f 2603/28/3 2309/28/3 2578/28/3
f 2603/32/3 2578/32/3 2602/32/3
f 2604/4/3 2528/4/3 2527/4/3
f 2604/32/3 2527/32/3 2309/32/3
f 2605/32/3 2529/32/3 2528/32/3
f 2605/4/3 2528/4/3 2604/4/3
f 2606/4/3 2530/4/3 2529/4/3
f 2606/32/3 2529/32/3 2605/32/3
f 2607/31/3 2490/31/3 2530/31/3
f 2607/4/3 2530/4/3 2606/4/3
f 2608/32/3 2531/32/3 2490/32/3
f 2608/21/3 2532/21/3 2531/21/3
f 2609/8/3 2533/8/3 2532/8/3
f 2609/21/3 2532/21/3 2608/21/3
f 2610/30/3 2580/30/3 2579/30/3
f 2611/30/3 2580/30/3 2610/30/3
f 2612/30/3 2580/30/3 2611/30/3
f 2613/21/3 2539/21/3 2538/21/3
f 2613/8/3 2537/8/3 2536/8/3
f 2613/21/3 2538/21/3 2537/21/3
f 2613/21/3 2540/21/3 2539/21/3
f 2614/32/3 2581/32/3 2540/32/3
f 2614/21/3 2540/21/3 2613/21/3
f 2614/32/3 2582/32/3 2581/32/3
f 2615/31/3 2541/31/3 2582/31/3
f 2615/32/3 2582/32/3 2614/32/3
f 2616/32/3 2542/32/3 2541/32/3
f 2616/31/3 2541/31/3 2615/31/3
f 2617/30/3 2544/30/3 2584/30/3
f 2617/30/3 2584/30/3 2583/30/3
f 2618/35/3 2545/35/3 2544/35/3
f 2618/30/3 2544/30/3 2617/30/3
f 2619/29/3 2548/29/3 2547/29/3
f 2619/35/3 2545/35/3 2618/35/3
f 2619/29/3 2546/29/3 2545/29/3
f 2619/29/3 2547/29/3 2546/29/3
f 2620/32/3 2549/32/3 2548/32/3
f 2621/35/3 2585/35/3 2549/35/3
f 2621/32/3 2549/32/3 2620/32/3
f 2622/29/3 2586/29/3 2585/29/3
f 2622/35/3 2585/35/3 2621/35/3
f 2623/31/3 2502/31/3 2586/31/3
f 2623/29/3 2586/29/3 2622/29/3
f 2624/35/3 2503/35/3 2502/35/3
f 2624/31/3 2502/31/3 2623/31/3
f 2625/31/3 2552/31/3 2503/31/3
f 2625/35/3 2503/35/3 2624/35/3
f 2626/35/3 2553/35/3 2552/35/3
f 2626/31/3 2552/31/3 2625/31/3
f 2627/31/3 2554/31/3 2553/31/3
f 2627/35/3 2553/35/3 2626/35/3
f 2628/6/3 2594/6/3 2593/6/3
f 2628/6/3 2595/6/3 2594/6/3
f 2628/6/3 2596/6/3 2595/6/3
f 2629/6/3 2596/6/3 2628/6/3
f 2630/6/3 2596/6/3 2629/6/3
f 2631/6/3 2596/6/3 2630/6/3
f 2632/7/3 2597/7/3 2596/7/3
f 2632/6/3 2596/6/3 2631/6/3
f 2633/7/3 2565/7/3 2597/7/3
f 2633/7/3 2597/7/3 2632/7/3
f 2634/5/3 2566/5/3 2565/5/3
f 2634/7/3 2565/7/3 2633/7/3
f 2635/6/3 2598/6/3 2566/6/3
f 2635/5/3 2566/5/3 2634/5/3
f 2636/6/3 2598/6/3 2635/6/3
f 2637/6/3 2598/6/3 2636/6/3
f 2638/5/3 2599/5/3 2598/5/3
f 2638/6/3 2598/6/3 2637/6/3
f 2639/5/3 2569/5/3 2599/5/3
f 2639/5/3 2599/5/3 2638/5/3
f 2640/9/3 2570/9/3 2569/9/3
f 2640/5/3 2569/5/3 2639/5/3
f 2641/5/3 2600/5/3 2570/5/3
f 2641/9/3 2570/9/3 2640/9/3
f 2641/5/3 2601/5/3 2600/5/3
f 2642/7/3 2573/7/3 2601/7/3
f 2642/10/3 2574/10/3 2573/10/3
f 2642/10/3 2575/10/3 2574/10/3
f 2643/10/3 2575/10/3 2642/10/3
f 2644/28/3 2309/28/3 2603/28/3
f 2644/28/3 2603/28/3 2602/28/3
f 2645/32/3 2605/32/3 2604/32/3
f 2645/28/3 2309/28/3 2644/28/3
f 2645/32/3 2604/32/3 2309/32/3
f 2646/4/3 2606/4/3 2605/4/3
f 2646/32/3 2605/32/3 2645/32/3
f 2647/32/3 2607/32/3 2606/32/3
f 2647/4/3 2606/4/3 2646/4/3
f 2648/32/3 2614/32/3 2613/32/3
f 2648/32/3 2542/32/3 2616/32/3
f 2648/32/3 2615/32/3 2614/32/3
f 2648/32/3 2616/32/3 2615/32/3
f 2648/35/3 2543/35/3 2542/35/3
f 2649/29/3 109/29/3 2543/29/3
f 2649/35/3 2543/35/3 2648/35/3
f 2650/35/3 2618/35/3 2617/35/3
f 2650/30/3 2617/30/3 2583/30/3
f 2651/29/3 2619/29/3 2618/29/3
f 2651/35/3 2618/35/3 2650/35/3
f 2652/29/3 2548/29/3 2619/29/3
f 2652/29/3 2619/29/3 2651/29/3
f 2653/29/3 2548/29/3 2652/29/3
f 2654/32/3 2620/32/3 2548/32/3
f 2654/29/3 2548/29/3 2653/29/3
f 2655/35/3 2621/35/3 2620/35/3
f 2655/32/3 2620/32/3 2654/32/3
f 2656/29/3 2622/29/3 2621/29/3
f 2656/29/3 2623/29/3 2622/29/3
f 2657/35/3 2624/35/3 2623/35/3
f 2657/29/3 2623/29/3 2656/29/3
f 2658/31/3 2375/31/3 2412/31/3
f 2658/33/3 2412/33/3 2411/33/3
f 2658/33/3 2411/33/3 2410/33/3
f 2659/33/3 2271/33/3 2182/33/3
f 2659/31/3 2375/31/3 2658/31/3
f 2659/31/3 2182/31/3 2375/31/3
f 2659/33/3 2587/33/3 2271/33/3
f 2660/31/3 2588/31/3 2587/31/3
f 2660/31/3 2589/31/3 2588/31/3
f 2661/9/3 2590/9/3 2589/9/3
f 2661/31/3 2589/31/3 2660/31/3
f 2662/13/3 2591/13/3 2590/13/3
f 2662/9/3 2590/9/3 2661/9/3
f 2663/4/3 2629/4/3 2628/4/3
f 2663/6/3 2628/6/3 2593/6/3
f 2664/6/3 2630/6/3 2629/6/3
f 2664/4/3 2629/4/3 2663/4/3
f 2665/4/3 2631/4/3 2630/4/3
f 2665/6/3 2630/6/3 2664/6/3
f 2666/7/3 2632/7/3 2631/7/3
f 2666/4/3 2631/4/3 2665/4/3
f 2666/7/3 2633/7/3 2632/7/3
f 2667/7/3 2633/7/3 2666/7/3
f 2668/5/3 2634/5/3 2633/5/3
f 2668/7/3 2633/7/3 2667/7/3
f 2669/5/3 2634/5/3 2668/5/3
f 2670/6/3 2635/6/3 2634/6/3
f 2670/5/3 2634/5/3 2669/5/3
f 2671/4/3 2636/4/3 2635/4/3
f 2671/6/3 2635/6/3 2670/6/3
f 2672/6/3 2637/6/3 2636/6/3
f 2672/4/3 2636/4/3 2671/4/3
f 2673/5/3 2601/5/3 2641/5/3
f 2673/7/3 2643/7/3 2642/7/3
f 2673/5/3 2641/5/3 2640/5/3
f 2673/7/3 2642/7/3 2601/7/3
f 2674/7/3 2643/7/3 2673/7/3
f 2675/10/3 2575/10/3 2643/10/3
f 2675/9/3 2576/9/3 2575/9/3
f 2676/32/3 2602/32/3 2576/32/3
f 2676/9/3 2576/9/3 2675/9/3
f 2677/32/3 2602/32/3 2676/32/3
f 2678/28/3 2644/28/3 2602/28/3
f 2678/32/3 2602/32/3 2677/32/3
f 2679/27/3 2645/27/3 2644/27/3
f 2679/28/3 2644/28/3 2678/28/3
f 2680/32/3 2647/32/3 2646/32/3
f 2680/32/3 2646/32/3 2645/32/3
f 2681/32/3 2647/32/3 2680/32/3
f 2682/32/3 2607/32/3 2647/32/3
f 2682/32/3 2647/32/3 2681/32/3
f 2683/31/3 2490/31/3 2607/31/3
f 2683/32/3 2607/32/3 2682/32/3
f 2684/32/3 2608/32/3 2490/32/3
f 2684/32/3 2609/32/3 2608/32/3
f 2685/8/3 2533/8/3 2609/8/3
f 2685/32/3 2609/32/3 2684/32/3
f 2686/32/3 2648/32/3 2613/32/3
f 2686/8/3 2613/8/3 2536/8/3
f 2686/32/3 2649/32/3 2648/32/3
f 2687/32/3 2649/32/3 2686/32/3
f 2688/32/3 2649/32/3 2687/32/3
f 2689/32/3 2649/32/3 2688/32/3
f 2690/32/3 2583/32/3 2222/32/3
f 2690/30/3 2650/30/3 2583/30/3
f 2691/29/3 2651/29/3 2650/29/3
f 2691/30/3 2650/30/3 2690/30/3
f 2691/29/3 2652/29/3 2651/29/3
f 2692/29/3 2652/29/3 2691/29/3
f 2693/30/3 2653/30/3 2652/30/3
f 2693/29/3 2652/29/3 2692/29/3
f 2694/29/3 2654/29/3 2653/29/3
f 2694/30/3 2653/30/3 2693/30/3
f 2695/30/3 2655/30/3 2654/30/3
f 2695/29/3 2654/29/3 2694/29/3
f 2696/29/3 2656/29/3 2621/29/3
f 2696/32/3 2657/32/3 2656/32/3
f 2697/35/3 2624/35/3 2657/35/3
f 2697/32/3 2657/32/3 2696/32/3
f 2698/31/3 2625/31/3 2624/31/3
f 2698/35/3 2624/35/3 2697/35/3
f 2699/31/3 2554/31/3 2627/31/3
f 2699/31/3 2627/31/3 2626/31/3
f 2700/31/3 2410/31/3 2554/31/3
f 2700/31/3 2554/31/3 2699/31/3
f 2700/33/3 2658/33/3 2410/33/3
f 2700/33/3 2659/33/3 2658/33/3
f 2701/13/3 2591/13/3 2662/13/3
f 2701/13/3 2662/13/3 2661/13/3
f 2702/13/3 2555/13/3 2591/13/3
f 2702/13/3 2591/13/3 2701/13/3
f 2703/13/3 2555/13/3 2702/13/3
f 2704/7/3 2592/7/3 2555/7/3
f 2704/13/3 2555/13/3 2703/13/3
f 2705/5/3 2593/5/3 2592/5/3
f 2705/7/3 2592/7/3 2704/7/3
f 2706/6/3 2665/6/3 2664/6/3
f 2706/6/3 2663/6/3 2593/6/3
f 2706/6/3 2664/6/3 2663/6/3
f 2706/6/3 2666/6/3 2665/6/3
f 2707/6/3 2666/6/3 2706/6/3
f 2708/6/3 2668/6/3 2667/6/3
f 2708/7/3 2667/7/3 2666/7/3
f 2709/5/3 2669/5/3 2668/5/3
f 2709/6/3 2668/6/3 2708/6/3
f 2710/6/3 2672/6/3 2671/6/3
f 2710/6/3 2671/6/3 2670/6/3
f 2710/6/3 2670/6/3 2669/6/3
f 2711/6/3 2637/6/3 2672/6/3
f 2711/6/3 2672/6/3 2710/6/3
f 2712/5/3 2638/5/3 2637/5/3
f 2712/5/3 2639/5/3 2638/5/3
f 2713/9/3 2640/9/3 2639/9/3
f 2713/5/3 2639/5/3 2712/5/3
f 2714/5/3 2674/5/3 2673/5/3
f 2714/9/3 2640/9/3 2713/9/3
f 2714/5/3 2673/5/3 2640/5/3
f 2715/7/3 2643/7/3 2674/7/3
f 2715/10/3 2675/10/3 2643/10/3
f 2715/10/3 2676/10/3 2675/10/3
f 2716/10/3 2676/10/3 2715/10/3
f 2717/32/3 2678/32/3 2677/32/3
f 2717/27/3 2645/27/3 2679/27/3
f 2717/32/3 2679/32/3 2678/32/3
f 2718/32/3 2680/32/3 2645/32/3
f 2718/27/3 2645/27/3 2717/27/3
f 2719/28/3 2681/28/3 2680/28/3
f 2719/32/3 2680/32/3 2718/32/3
f 2720/4/3 2682/4/3 2681/4/3
f 2720/28/3 2681/28/3 2719/28/3
f 2721/4/3 2682/4/3 2720/4/3
f 2722/4/3 2682/4/3 2721/4/3
f 2723/27/3 2683/27/3 2682/27/3
f 2723/4/3 2682/4/3 2722/4/3
f 2724/31/3 2490/31/3 2683/31/3
f 2724/27/3 2683/27/3 2723/27/3
f 2725/31/3 2689/31/3 2688/31/3
f 2725/32/3 2688/32/3 2687/32/3
f 2726/32/3 2649/32/3 2689/32/3
f 2726/31/3 2689/31/3 2725/31/3
f 2727/32/3 2690/32/3 2222/32/3
f 2727/32/3 2691/32/3 2690/32/3
f 2728/29/3 2692/29/3 2691/29/3
f 2728/32/3 2691/32/3 2727/32/3
f 2729/30/3 2655/30/3 2695/30/3
f 2729/30/3 2695/30/3 2694/30/3
f 2729/30/3 2694/30/3 2693/30/3
f 2730/35/3 2621/35/3 2655/35/3
f 2730/30/3 2655/30/3 2729/30/3
f 2731/29/3 2696/29/3 2621/29/3
f 2731/35/3 2621/35/3 2730/35/3
f 2732/35/3 2697/35/3 2696/35/3
f 2732/29/3 2696/29/3 2731/29/3
f 2733/31/3 2698/31/3 2697/31/3
f 2733/35/3 2697/35/3 2732/35/3
f 2734/31/3 2625/31/3 2698/31/3
f 2734/31/3 2698/31/3 2733/31/3
f 2735/35/3 2626/35/3 2625/35/3
f 2735/31/3 2625/31/3 2734/31/3
f 2736/31/3 2699/31/3 2626/31/3
f 2736/35/3 2626/35/3 2735/35/3
f 2737/29/3 2700/29/3 2699/29/3
f 2737/31/3 2699/31/3 2736/31/3
f 2738/31/3 2660/31/3 2587/31/3
f 2739/9/3 2661/9/3 2660/9/3
f 2739/31/3 2660/31/3 2738/31/3
f 2740/13/3 2701/13/3 2661/13/3
f 2740/9/3 2661/9/3 2739/9/3
f 2741/5/3 2593/5/3 2705/5/3
f 2741/5/3 2705/5/3 2704/5/3
f 2742/6/3 2706/6/3 2593/6/3
f 2742/5/3 2593/5/3 2741/5/3
f 2743/4/3 2707/4/3 2706/4/3
f 2743/6/3 2706/6/3 2742/6/3
f 2744/6/3 2666/6/3 2707/6/3
f 2744/4/3 2707/4/3 2743/4/3
f 2745/6/3 2666/6/3 2744/6/3
f 2746/7/3 2708/7/3 2666/7/3
f 2746/6/3 2666/6/3 2745/6/3
f 2747/5/3 2669/5/3 2709/5/3
f 2747/5/3 2709/5/3 2708/5/3
f 2748/6/3 2710/6/3 2669/6/3
f 2748/5/3 2669/5/3 2747/5/3
f 2749/6/3 2637/6/3 2711/6/3
f 2749/4/3 2711/4/3 2710/4/3
f 2750/5/3 2712/5/3 2637/5/3
f 2750/6/3 2637/6/3 2749/6/3
f 2751/5/3 2674/5/3 2714/5/3
f 2751/7/3 2716/7/3 2715/7/3
f 2751/7/3 2715/7/3 2674/7/3
f 2751/5/3 2714/5/3 2713/5/3
f 2752/7/3 2716/7/3 2751/7/3
f 2753/10/3 2676/10/3 2716/10/3
f 2753/9/3 2677/9/3 2676/9/3
f 2754/32/3 2718/32/3 2717/32/3
f 2754/9/3 2677/9/3 2753/9/3
f 2754/32/3 2719/32/3 2718/32/3
f 2754/32/3 2717/32/3 2677/32/3
f 2755/32/3 2719/32/3 2754/32/3
f 2756/27/3 2722/27/3 2721/27/3
f 2756/30/3 2721/30/3 2720/30/3
f 2757/28/3 2723/28/3 2722/28/3
f 2757/27/3 2722/27/3 2756/27/3
f 2758/4/3 2724/4/3 2723/4/3
f 2758/28/3 2723/28/3 2757/28/3
f 2759/32/3 2684/32/3 2490/32/3
f 2759/21/3 2685/21/3 2684/21/3
f 2760/8/3 2533/8/3 2685/8/3
f 2760/21/3 2685/21/3 2759/21/3
f 2761/5/3 2612/5/3 2611/5/3
f 2761/28/3 2611/28/3 2610/28/3
f 2762/30/3 2580/30/3 2612/30/3
f 2762/5/3 2612/5/3 2761/5/3
f 2763/8/3 2686/8/3 2536/8/3
f 2763/21/3 2687/21/3 2686/21/3
f 2764/32/3 2726/32/3 2725/32/3
f 2764/21/3 2687/21/3 2763/21/3
f 2764/32/3 2725/32/3 2687/32/3
f 2765/32/3 2726/32/3 2764/32/3
f 2766/32/3 2726/32/3 2765/32/3
f 2767/29/3 2692/29/3 2728/29/3
f 2767/29/3 2728/29/3 2727/29/3
f 2768/32/3 2693/32/3 2692/32/3
f 2768/29/3 2692/29/3 2767/29/3
f 2769/32/3 2732/32/3 2731/32/3
f 2769/32/3 2731/32/3 2730/32/3
f 2770/29/3 2733/29/3 2732/29/3
f 2770/32/3 2732/32/3 2769/32/3
f 2771/35/3 2735/35/3 2734/35/3
f 2771/31/3 2736/31/3 2735/31/3
f 2772/29/3 2737/29/3 2736/29/3
f 2772/31/3 2736/31/3 2771/31/3
f 2773/33/3 2587/33/3 2659/33/3
f 2773/33/3 2659/33/3 2700/33/3
f 2774/31/3 2738/31/3 2587/31/3
f 2774/33/3 2587/33/3 2773/33/3
f 2775/13/3 2701/13/3 2740/13/3
f 2775/13/3 2740/13/3 2739/13/3
f 2775/9/3 2702/9/3 2701/9/3
f 2776/13/3 2703/13/3 2702/13/3
f 2776/9/3 2702/9/3 2775/9/3
f 2777/6/3 2743/6/3 2742/6/3
f 2777/6/3 2742/6/3 2741/6/3
f 2777/6/3 2745/6/3 2744/6/3
f 2777/6/3 2744/6/3 2743/6/3
f 2778/6/3 2745/6/3 2777/6/3
f 2779/7/3 2708/7/3 2746/7/3
f 2779/7/3 2746/7/3 2745/7/3
f 2780/5/3 2747/5/3 2708/5/3
f 2780/7/3 2708/7/3 2779/7/3
f 2781/6/3 2710/6/3 2748/6/3
f 2781/6/3 2748/6/3 2747/6/3
f 2781/4/3 2749/4/3 2710/4/3
f 2782/5/3 2750/5/3 2749/5/3
f 2782/4/3 2749/4/3 2781/4/3
f 2783/5/3 2712/5/3 2750/5/3
f 2783/5/3 2750/5/3 2782/5/3
f 2784/9/3 2713/9/3 2712/9/3
f 2784/5/3 2712/5/3 2783/5/3
f 2785/5/3 2751/5/3 2713/5/3
f 2785/9/3 2713/9/3 2784/9/3
f 2785/5/3 2752/5/3 2751/5/3
f 2786/32/3 2719/32/3 2755/32/3
f 2786/4/3 2720/4/3 2719/4/3
f 2787/30/3 2756/30/3 2720/30/3
f 2787/4/3 2720/4/3 2786/4/3
f 2788/28/3 2757/28/3 2756/28/3
f 2788/30/3 2756/30/3 2787/30/3
f 2789/30/3 2758/30/3 2757/30/3
f 2789/28/3 2757/28/3 2788/28/3
f 2790/4/3 2724/4/3 2758/4/3
f 2790/30/3 2758/30/3 2789/30/3
f 2791/31/3 2490/31/3 2724/31/3
f 2791/4/3 2724/4/3 2790/4/3
f 2792/32/3 2765/32/3 2764/32/3
f 2792/32/3 2764/32/3 2763/32/3
f 2793/31/3 2766/31/3 2765/31/3
f 2793/32/3 2765/32/3 2792/32/3
f 2794/32/3 2726/32/3 2766/32/3
f 2794/32/3 2649/32/3 2726/32/3
f 2795/32/3 2649/32/3 2794/32/3
f 2796/29/3 2767/29/3 2727/29/3
f 2797/32/3 2768/32/3 2767/32/3
f 2797/29/3 2767/29/3 2796/29/3
f 2798/35/3 2730/35/3 2729/35/3
f 2798/30/3 2729/30/3 2693/30/3
f 2799/32/3 2769/32/3 2730/32/3
f 2799/35/3 2730/35/3 2798/35/3
f 2800/29/3 2733/29/3 2770/29/3
f 2800/31/3 2734/31/3 2733/31/3
f 2801/35/3 2771/35/3 2734/35/3
f 2801/31/3 2734/31/3 2800/31/3
f 2802/29/3 2772/29/3 2771/29/3
f 2802/35/3 2771/35/3 2801/35/3
f 2803/29/3 2737/29/3 2772/29/3
f 2803/29/3 2772/29/3 2802/29/3
f 2804/29/3 2700/29/3 2737/29/3
f 2804/29/3 2737/29/3 2803/29/3
f 2805/29/3 2700/29/3 2804/29/3
f 2806/33/3 2773/33/3 2700/33/3
f 2806/29/3 2700/29/3 2805/29/3
f 2807/31/3 2738/31/3 2774/31/3
f 2807/31/3 2774/31/3 2773/31/3
f 2808/9/3 2739/9/3 2738/9/3
f 2808/31/3 2738/31/3 2807/31/3
f 2809/13/3 2776/13/3 2775/13/3
f 2809/9/3 2739/9/3 2808/9/3
f 2809/13/3 2775/13/3 2739/13/3
f 2810/4/3 2778/4/3 2777/4/3
f 2811/6/3 2745/6/3 2778/6/3
f 2811/4/3 2778/4/3 2810/4/3
f 2812/6/3 2745/6/3 2811/6/3
f 2813/7/3 2779/7/3 2745/7/3
f 2813/6/3 2745/6/3 2812/6/3
f 2814/5/3 2747/5/3 2780/5/3
f 2814/5/3 2780/5/3 2779/5/3
f 2815/6/3 2782/6/3 2781/6/3
f 2815/5/3 2747/5/3 2814/5/3
f 2815/6/3 2781/6/3 2747/6/3
f 2816/4/3 2790/4/3 2789/4/3
f 2816/4/3 2789/4/3 2788/4/3
f 2816/4/3 2788/4/3 2787/4/3
f 2816/32/3 2787/32/3 2786/32/3
f 2817/4/3 2790/4/3 2816/4/3
f 2818/4/3 2790/4/3 2817/4/3
f 2819/28/3 2791/28/3 2790/28/3
f 2819/4/3 2790/4/3 2818/4/3
f 2820/32/3 2759/32/3 2490/32/3
f 2820/32/3 2760/32/3 2759/32/3
f 2821/8/3 2533/8/3 2760/8/3
f 2821/32/3 2760/32/3 2820/32/3
f 2822/32/3 2727/32/3 2222/32/3
f 2822/29/3 2796/29/3 2727/29/3
f 2823/32/3 2797/32/3 2796/32/3
f 2823/29/3 2796/29/3 2822/29/3
f 2824/30/3 2798/30/3 2693/30/3
f 2825/32/3 2799/32/3 2798/32/3
f 2825/30/3 2798/30/3 2824/30/3
f 2826/29/3 2803/29/3 2802/29/3
f 2826/38/3 2804/38/3 2803/38/3
f 2827/29/3 2805/29/3 2804/29/3
f 2827/38/3 2804/38/3 2826/38/3
f 2828/9/3 2808/9/3 2807/9/3
f 2828/13/3 2809/13/3 2808/13/3
f 2829/7/3 2704/7/3 2703/7/3
f 2829/13/3 2809/13/3 2828/13/3
f 2829/13/3 2703/13/3 2776/13/3
f 2829/13/3 2776/13/3 2809/13/3
f 2830/5/3 2741/5/3 2704/5/3
f 2830/7/3 2704/7/3 2829/7/3
f 2831/6/3 2777/6/3 2741/6/3
f 2831/5/3 2741/5/3 2830/5/3
f 2832/4/3 2810/4/3 2777/4/3
f 2832/6/3 2777/6/3 2831/6/3
f 2833/6/3 2812/6/3 2811/6/3
f 2833/4/3 2810/4/3 2832/4/3
f 2833/6/3 2811/6/3 2810/6/3
f 2834/4/3 2813/4/3 2812/4/3
f 2834/6/3 2812/6/3 2833/6/3
f 2835/7/3 2779/7/3 2813/7/3
f 2835/4/3 2813/4/3 2834/4/3
f 2836/5/3 2814/5/3 2779/5/3
f 2836/7/3 2779/7/3 2835/7/3
f 2837/6/3 2815/6/3 2814/6/3
f 2837/5/3 2814/5/3 2836/5/3
f 2838/6/3 2782/6/3 2815/6/3
f 2838/6/3 2815/6/3 2837/6/3
f 2838/5/3 2783/5/3 2782/5/3
f 2839/9/3 2784/9/3 2783/9/3
f 2839/5/3 2783/5/3 2838/5/3
f 2840/5/3 2785/5/3 2784/5/3
f 2840/9/3 2784/9/3 2839/9/3
f 2841/10/3 2753/10/3 2716/10/3
f 2841/7/3 2716/7/3 2752/7/3
f 2841/10/3 2754/10/3 2753/10/3
f 2842/10/3 2754/10/3 2841/10/3
f 2843/9/3 2755/9/3 2754/9/3
f 2843/10/3 2754/10/3 2842/10/3
f 2844/32/3 2816/32/3 2786/32/3
f 2844/9/3 2755/9/3 2843/9/3
f 2844/32/3 2786/32/3 2755/32/3
f 2845/32/3 2816/32/3 2844/32/3
f 2846/8/3 2763/8/3 2536/8/3
f 2846/32/3 2792/32/3 2763/32/3
f 2847/32/3 2792/32/3 2846/32/3
f 2848/31/3 2793/31/3 2792/31/3
f 2848/32/3 2792/32/3 2847/32/3
f 2849/31/3 2766/31/3 2793/31/3
f 2849/31/3 2793/31/3 2848/31/3
f 2850/32/3 2823/32/3 2822/32/3
f 2850/32/3 2797/32/3 2823/32/3
f 2850/32/3 2693/32/3 2768/32/3
f 2850/32/3 2768/32/3 2797/32/3
f 2850/30/3 2824/30/3 2693/30/3
f 2851/35/3 2825/35/3 2824/35/3
f 2851/30/3 2824/30/3 2850/30/3
f 2852/32/3 2799/32/3 2825/32/3
f 2852/35/3 2825/35/3 2851/35/3
f 2853/32/3 2769/32/3 2799/32/3
f 2853/32/3 2799/32/3 2852/32/3
f 2854/35/3 2770/35/3 2769/35/3
f 2854/32/3 2769/32/3 2853/32/3
f 2855/29/3 2800/29/3 2770/29/3
f 2855/35/3 2770/35/3 2854/35/3
f 2856/29/3 2826/29/3 2802/29/3
f 2856/30/3 2802/30/3 2801/30/3
f 2856/29/3 2827/29/3 2826/29/3
f 2857/29/3 2827/29/3 2856/29/3
f 2858/9/3 2828/9/3 2807/9/3
f 2858/9/3 2829/9/3 2828/9/3
f 2859/7/3 2830/7/3 2829/7/3
f 2859/9/3 2829/9/3 2858/9/3
f 2860/9/3 2835/9/3 2834/9/3
f 2860/7/3 2830/7/3 2859/7/3
f 2860/9/3 2838/9/3 2837/9/3
f 2860/9/3 2834/9/3 2833/9/3
f 2860/9/3 2832/9/3 2831/9/3
f 2860/9/3 2831/9/3 2830/9/3
f 2860/9/3 2837/9/3 2836/9/3
f 2860/9/3 2836/9/3 2835/9/3
f 2860/9/3 2833/9/3 2832/9/3
f 2860/9/3 2839/9/3 2838/9/3
f 2861/9/3 2839/9/3 2860/9/3
f 2862/9/3 2839/9/3 2861/9/3
f 2863/9/3 2839/9/3 2862/9/3
f 2864/9/3 2839/9/3 2863/9/3
f 2865/9/3 2839/9/3 2864/9/3
f 2866/9/3 2843/9/3 2842/9/3
f 2866/7/3 2842/7/3 2841/7/3
f 2867/10/3 2844/10/3 2843/10/3
f 2867/9/3 2843/9/3 2866/9/3
f 2868/32/3 2816/32/3 2845/32/3
f 2868/30/3 2817/30/3 2816/30/3
f 2869/28/3 2818/28/3 2817/28/3
f 2869/30/3 2817/30/3 2868/30/3
f 2870/30/3 2819/30/3 2818/30/3
f 2870/28/3 2818/28/3 2869/28/3
f 2871/28/3 2791/28/3 2819/28/3
f 2871/30/3 2819/30/3 2870/30/3
f 2872/21/3 2821/21/3 2820/21/3
f 2872/32/3 2820/32/3 2490/32/3
f 2873/8/3 2533/8/3 2821/8/3
f 2873/21/3 2821/21/3 2872/21/3
f 2874/35/3 2795/35/3 2794/35/3
f 2874/32/3 2794/32/3 2766/32/3
f 2875/32/3 2649/32/3 2795/32/3
f 2875/35/3 2795/35/3 2874/35/3
f 2876/29/3 109/29/3 2649/29/3
f 2876/32/3 2649/32/3 2875/32/3
f 2877/29/3 2800/29/3 2855/29/3
f 2877/29/3 2855/29/3 2854/29/3
f 2877/35/3 2801/35/3 2800/35/3
f 2878/30/3 2856/30/3 2801/30/3
f 2878/35/3 2801/35/3 2877/35/3
f 2879/38/3 2857/38/3 2856/38/3
f 2879/30/3 2856/30/3 2878/30/3
f 2880/29/3 2827/29/3 2857/29/3
f 2880/38/3 2857/38/3 2879/38/3
f 2881/31/3 2807/31/3 2773/31/3
f 2881/9/3 2858/9/3 2807/9/3
f 2882/13/3 2859/13/3 2858/13/3
f 2882/9/3 2858/9/3 2881/9/3
f 2883/13/3 2859/13/3 2882/13/3
f 2884/6/3 2862/6/3 2861/6/3
f 2884/7/3 2863/7/3 2862/7/3
f 2885/7/3 2863/7/3 2884/7/3
f 2886/6/3 2865/6/3 2864/6/3
f 2887/9/3 2839/9/3 2865/9/3
f 2887/6/3 2865/6/3 2886/6/3
f 2888/5/3 2840/5/3 2839/5/3
f 2888/9/3 2839/9/3 2887/9/3
f 2889/5/3 2785/5/3 2840/5/3
f 2889/5/3 2840/5/3 2888/5/3
f 2890/7/3 2866/7/3 2841/7/3
f 2890/7/3 2841/7/3 2752/7/3
f 2891/10/3 2867/10/3 2866/10/3
f 2891/7/3 2866/7/3 2890/7/3
f 2892/32/3 2868/32/3 2845/32/3
f 2893/32/3 2868/32/3 2892/32/3
f 2894/4/3 2870/4/3 2869/4/3
f 2894/32/3 2868/32/3 2893/32/3
f 2894/4/3 2871/4/3 2870/4/3
f 2894/4/3 2869/4/3 2868/4/3
f 2895/4/3 2871/4/3 2894/4/3
f 2896/4/3 2871/4/3 2895/4/3
f 2897/28/3 2791/28/3 2871/28/3
f 2897/4/3 2871/4/3 2896/4/3
f 2898/31/3 2490/31/3 2791/31/3
f 2898/28/3 2791/28/3 2897/28/3
f 2899/21/3 2847/21/3 2846/21/3
f 2899/8/3 2846/8/3 2536/8/3
f 2900/32/3 2848/32/3 2847/32/3
f 2900/21/3 2847/21/3 2899/21/3
f 2900/32/3 2849/32/3 2848/32/3
f 2901/32/3 2849/32/3 2900/32/3
f 2902/31/3 2766/31/3 2849/31/3
f 2902/32/3 2849/32/3 2901/32/3
f 2903/32/3 2874/32/3 2766/32/3
f 2903/31/3 2766/31/3 2902/31/3
f 2903/32/3 2875/32/3 2874/32/3
f 2904/32/3 2850/32/3 2822/32/3
f 2905/35/3 2851/35/3 2850/35/3
f 2905/32/3 2850/32/3 2904/32/3
f 2906/32/3 2852/32/3 2851/32/3
f 2906/35/3 2851/35/3 2905/35/3
f 2906/32/3 2853/32/3 2852/32/3
f 2907/32/3 2853/32/3 2906/32/3
f 2908/35/3 2854/35/3 2853/35/3
f 2908/32/3 2853/32/3 2907/32/3
f 2909/29/3 2877/29/3 2854/29/3
f 2909/35/3 2854/35/3 2908/35/3
f 2909/29/3 2878/29/3 2877/29/3
f 2910/29/3 2878/29/3 2909/29/3
f 2911/29/3 2878/29/3 2910/29/3
f 2912/30/3 2879/30/3 2878/30/3
f 2912/29/3 2878/29/3 2911/29/3
f 2913/29/3 2880/29/3 2879/29/3
f 2913/30/3 2879/30/3 2912/30/3
f 2914/29/3 2827/29/3 2880/29/3
f 2914/29/3 2880/29/3 2913/29/3
f 2914/29/3 2805/29/3 2827/29/3
f 2915/33/3 2806/33/3 2805/33/3
f 2915/29/3 2805/29/3 2914/29/3
f 2916/6/3 2884/6/3 2861/6/3
f 2916/6/3 2885/6/3 2884/6/3
f 2917/6/3 2885/6/3 2916/6/3
f 2918/6/3 2885/6/3 2917/6/3
f 2919/6/3 2885/6/3 2918/6/3
f 2920/6/3 2886/6/3 2864/6/3
f 2921/4/3 2887/4/3 2886/4/3
f 2921/6/3 2886/6/3 2920/6/3
f 2922/6/3 2888/6/3 2887/6/3
f 2922/4/3 2887/4/3 2921/4/3
f 2923/5/3 2785/5/3 2889/5/3
f 2923/5/3 2752/5/3 2785/5/3
f 2924/7/3 2890/7/3 2752/7/3
f 2924/5/3 2752/5/3 2923/5/3
f 2925/10/3 2844/10/3 2867/10/3
f 2925/10/3 2891/10/3 2890/10/3
f 2925/10/3 2867/10/3 2891/10/3
f 2926/9/3 2845/9/3 2844/9/3
f 2926/10/3 2844/10/3 2925/10/3
f 2927/32/3 2892/32/3 2845/32/3
f 2927/9/3 2845/9/3 2926/9/3
f 2928/28/3 2896/28/3 2895/28/3
f 2928/30/3 2897/30/3 2896/30/3
f 2929/30/3 2897/30/3 2928/30/3
f 2930/32/3 2901/32/3 2900/32/3
f 2930/31/3 2902/31/3 2901/31/3
f 2930/32/3 2900/32/3 2899/32/3
f 2931/32/3 2903/32/3 2902/32/3
f 2931/31/3 2902/31/3 2930/31/3
f 2932/32/3 2875/32/3 2903/32/3
f 2932/32/3 2903/32/3 2931/32/3
f 2933/32/3 2875/32/3 2932/32/3
f 2934/32/3 2904/32/3 2822/32/3
f 2935/35/3 2905/35/3 2904/35/3
f 2935/32/3 2904/32/3 2934/32/3
f 2936/35/3 2911/35/3 2910/35/3
f 2936/29/3 2910/29/3 2909/29/3
f 2937/30/3 2912/30/3 2911/30/3
f 2937/35/3 2911/35/3 2936/35/3
f 2938/29/3 2913/29/3 2912/29/3
f 2938/29/3 2914/29/3 2913/29/3
f 2939/31/3 2915/31/3 2914/31/3
f 2939/29/3 2914/29/3 2938/29/3
f 2940/13/3 2859/13/3 2883/13/3
f 2941/13/3 2859/13/3 2940/13/3
f 2942/4/3 2919/4/3 2918/4/3
f 2942/6/3 2918/6/3 2917/6/3
f 2943/6/3 2885/6/3 2919/6/3
f 2943/4/3 2919/4/3 2942/4/3
f 2944/6/3 2920/6/3 2864/6/3
f 2944/5/3 2864/5/3 2863/5/3
f 2945/6/3 2920/6/3 2944/6/3
f 2946/4/3 2921/4/3 2920/4/3
f 2946/6/3 2920/6/3 2945/6/3
f 2947/7/3 2890/7/3 2924/7/3
f 2947/7/3 2924/7/3 2923/7/3
f 2948/10/3 2925/10/3 2890/10/3
f 2948/7/3 2890/7/3 2947/7/3
f 2949/28/3 2893/28/3 2892/28/3
f 2949/4/3 2894/4/3 2893/4/3
f 2950/30/3 2895/30/3 2894/30/3
f 2950/4/3 2894/4/3 2949/4/3
f 2951/28/3 2928/28/3 2895/28/3
f 2951/30/3 2895/30/3 2950/30/3
f 2952/4/3 2929/4/3 2928/4/3
f 2952/28/3 2928/28/3 2951/28/3
f 2953/32/3 2872/32/3 2490/32/3
f 2953/32/3 2873/32/3 2872/32/3
f 2954/8/3 2533/8/3 2873/8/3
f 2954/32/3 2873/32/3 2953/32/3
f 2955/28/3 2761/28/3 2610/28/3
f 2955/28/3 2762/28/3 2761/28/3
f 2955/30/3 2610/30/3 2579/30/3
f 2956/28/3 2762/28/3 2955/28/3
f 2957/8/3 2899/8/3 2536/8/3
f 2957/32/3 2931/32/3 2930/32/3
f 2957/32/3 2930/32/3 2899/32/3
f 2957/32/3 2932/32/3 2931/32/3
f 2958/32/3 2932/32/3 2957/32/3
f 2959/30/3 2935/30/3 2934/30/3
f 2960/35/3 2905/35/3 2935/35/3
f 2960/30/3 2935/30/3 2959/30/3
f 2961/32/3 2907/32/3 2906/32/3
f 2961/35/3 2905/35/3 2960/35/3
f 2961/32/3 2906/32/3 2905/32/3
f 2962/29/3 2936/29/3 2909/29/3
f 2962/30/3 2909/30/3 2908/30/3
f 2963/32/3 2937/32/3 2936/32/3
f 2963/29/3 2936/29/3 2962/29/3
f 2964/29/3 2938/29/3 2912/29/3
f 2965/31/3 2939/31/3 2938/31/3
f 2965/29/3 2938/29/3 2964/29/3
f 2966/31/3 2915/31/3 2939/31/3
f 2966/31/3 2939/31/3 2965/31/3
f 2967/33/3 2806/33/3 2915/33/3
f 2967/31/3 2915/31/3 2966/31/3
f 2968/33/3 2773/33/3 2806/33/3
f 2968/33/3 2806/33/3 2967/33/3
f 2969/9/3 2883/9/3 2882/9/3
f 2969/33/3 2882/33/3 2881/33/3
f 2970/13/3 2940/13/3 2883/13/3
f 2970/9/3 2883/9/3 2969/9/3
f 2971/13/3 2940/13/3 2970/13/3
f 2972/7/3 2860/7/3 2859/7/3
f 2972/5/3 2861/5/3 2860/5/3
f 2973/6/3 2916/6/3 2861/6/3
f 2973/5/3 2861/5/3 2972/5/3
f 2974/4/3 2917/4/3 2916/4/3
f 2974/6/3 2916/6/3 2973/6/3
f 2975/6/3 2942/6/3 2917/6/3
f 2975/4/3 2917/4/3 2974/4/3
f 2975/6/3 2943/6/3 2942/6/3
f 2976/6/3 2943/6/3 2975/6/3
f 2977/5/3 2945/5/3 2944/5/3
f 2977/7/3 2863/7/3 2885/7/3
f 2977/5/3 2944/5/3 2863/5/3
f 2978/5/3 2945/5/3 2977/5/3
f 2979/4/3 2946/4/3 2945/4/3
f 2979/5/3 2945/5/3 2978/5/3
f 2980/4/3 2921/4/3 2946/4/3
f 2980/4/3 2946/4/3 2979/4/3
f 2980/6/3 2922/6/3 2921/6/3
f 2981/6/3 2888/6/3 2922/6/3
f 2981/6/3 2922/6/3 2980/6/3
f 2982/9/3 2889/9/3 2888/9/3
f 2982/6/3 2888/6/3 2981/6/3
f 2983/5/3 2923/5/3 2889/5/3
f 2983/9/3 2889/9/3 2982/9/3
f 2984/5/3 2923/5/3 2983/5/3
f 2985/5/3 2923/5/3 2984/5/3
f 2986/7/3 2947/7/3 2923/7/3
f 2986/5/3 2923/5/3 2985/5/3
f 2987/10/3 2925/10/3 2948/10/3
f 2987/10/3 2948/10/3 2947/10/3
f 2988/9/3 2926/9/3 2925/9/3
f 2988/10/3 2925/10/3 2987/10/3
f 2989/32/3 2927/32/3 2926/32/3
f 2989/9/3 2926/9/3 2988/9/3
f 2990/4/3 2951/4/3 2950/4/3
f 2990/4/3 2952/4/3 2951/4/3
f 2990/32/3 2950/32/3 2949/32/3
f 2991/4/3 2952/4/3 2990/4/3
f 2992/4/3 2929/4/3 2952/4/3
f 2992/4/3 2952/4/3 2991/4/3
f 2993/30/3 2897/30/3 2929/30/3
f 2993/4/3 2929/4/3 2992/4/3
f 2994/4/3 2898/4/3 2897/4/3
f 2994/30/3 2897/30/3 2993/30/3
f 2995/31/3 2490/31/3 2898/31/3
f 2995/4/3 2898/4/3 2994/4/3
f 2996/32/3 2932/32/3 2958/32/3
f 2996/21/3 2958/21/3 2957/21/3
f 2997/32/3 2932/32/3 2996/32/3
f 2998/32/3 2875/32/3 2933/32/3
f 2998/31/3 2933/31/3 2932/31/3
f 2999/35/3 2876/35/3 2875/35/3
f 2999/32/3 2875/32/3 2998/32/3
f 3000/29/3 109/29/3 2876/29/3
f 3000/35/3 2876/35/3 2999/35/3
f 3001/32/3 2934/32/3 2822/32/3
f 3001/32/3 2822/32/3 2222/32/3
f 3002/30/3 2959/30/3 2934/30/3
f 3002/32/3 2934/32/3 3001/32/3
f 3003/35/3 2960/35/3 2959/35/3
f 3003/30/3 2959/30/3 3002/30/3
f 3004/32/3 2961/32/3 2960/32/3
f 3004/35/3 2960/35/3 3003/35/3
f 3005/32/3 2907/32/3 2961/32/3
f 3005/32/3 2961/32/3 3004/32/3
f 3006/35/3 2908/35/3 2907/35/3
f 3006/32/3 2907/32/3 3005/32/3
f 3007/30/3 2962/30/3 2908/30/3
f 3007/35/3 2908/35/3 3006/35/3
f 3008/35/3 2963/35/3 2962/35/3
f 3008/30/3 2962/30/3 3007/30/3
f 3009/30/3 2912/30/3 2937/30/3
f 3009/29/3 2964/29/3 2912/29/3
f 3010/33/3 2965/33/3 2964/33/3
f 3010/29/3 2964/29/3 3009/29/3
f 3010/33/3 2966/33/3 2965/33/3
f 3011/33/3 2966/33/3 3010/33/3
f 3012/31/3 2967/31/3 2966/31/3
f 3012/33/3 2966/33/3 3011/33/3
f 3013/29/3 2968/29/3 2967/29/3
f 3013/31/3 2967/31/3 3012/31/3
f 3014/31/3 2881/31/3 2773/31/3
f 3014/33/3 2773/33/3 2968/33/3
f 3015/31/3 2881/31/3 3014/31/3
f 3016/33/3 2970/33/3 2969/33/3
f 3016/31/3 2881/31/3 3015/31/3
f 3016/33/3 2969/33/3 2881/33/3
f 3017/33/3 2970/33/3 3016/33/3
f 3018/13/3 2940/13/3 2971/13/3
f 3018/9/3 2941/9/3 2940/9/3
f 3019/13/3 2859/13/3 2941/13/3
f 3019/9/3 2941/9/3 3018/9/3
f 3020/7/3 2972/7/3 2859/7/3
f 3020/13/3 2859/13/3 3019/13/3
f 3020/7/3 2973/7/3 2972/7/3
f 3021/7/3 2973/7/3 3020/7/3
f 3022/5/3 2974/5/3 2973/5/3
f 3022/4/3 2976/4/3 2975/4/3
f 3022/4/3 2975/4/3 2974/4/3
f 3023/4/3 2976/4/3 3022/4/3
f 3024/6/3 2943/6/3 2976/6/3
f 3024/4/3 2976/4/3 3023/4/3
f 3025/6/3 2885/6/3 2943/6/3
f 3025/6/3 2943/6/3 3024/6/3
f 3025/7/3 2978/7/3 2977/7/3
f 3025/7/3 2977/7/3 2885/7/3
f 3026/7/3 2978/7/3 3025/7/3
f 3027/5/3 2979/5/3 2978/5/3
f 3027/6/3 2980/6/3 2979/6/3
f 3027/6/3 2981/6/3 2980/6/3
f 3028/6/3 2981/6/3 3027/6/3
f 3029/6/3 2981/6/3 3028/6/3
f 3030/4/3 2982/4/3 2981/4/3
f 3030/6/3 2981/6/3 3029/6/3
f 3031/7/3 2947/7/3 2986/7/3
f 3031/7/3 2986/7/3 2985/7/3
f 3032/10/3 2987/10/3 2947/10/3
f 3032/7/3 2947/7/3 3031/7/3
f 3033/28/3 2949/28/3 2892/28/3
f 3033/32/3 2990/32/3 2949/32/3
f 3034/30/3 2991/30/3 2990/30/3
f 3034/32/3 2990/32/3 3033/32/3
f 3035/28/3 2992/28/3 2991/28/3
f 3035/30/3 2991/30/3 3034/30/3
f 3036/30/3 2994/30/3 2993/30/3
f 3036/28/3 2992/28/3 3035/28/3
f 3036/30/3 2993/30/3 2992/30/3
f 3037/28/3 2995/28/3 2994/28/3
f 3037/30/3 2994/30/3 3036/30/3
f 3038/31/3 2490/31/3 2995/31/3
f 3038/28/3 2995/28/3 3037/28/3
f 3039/32/3 2953/32/3 2490/32/3
f 3039/21/3 2954/21/3 2953/21/3
f 3040/8/3 2533/8/3 2954/8/3
f 3040/21/3 2954/21/3 3039/21/3
f 3041/21/3 2996/21/3 2957/21/3
f 3041/8/3 2957/8/3 2536/8/3
f 3042/21/3 2996/21/3 3041/21/3
f 3043/31/3 2997/31/3 2996/31/3
f 3043/21/3 2996/21/3 3042/21/3
f 3044/30/3 3002/30/3 3001/30/3
f 3044/30/3 3003/30/3 3002/30/3
f 3045/29/3 3004/29/3 3003/29/3
f 3045/30/3 3003/30/3 3044/30/3
f 3046/35/3 3006/35/3 3005/35/3
f 3046/29/3 3008/29/3 3007/29/3
f 3046/29/3 3007/29/3 3006/29/3
f 3047/29/3 3008/29/3 3046/29/3
f 3048/35/3 2963/35/3 3008/35/3
f 3048/29/3 3008/29/3 3047/29/3
f 3049/32/3 2937/32/3 2963/32/3
f 3049/35/3 2963/35/3 3048/35/3
f 3050/30/3 3010/30/3 3009/30/3
f 3050/30/3 3009/30/3 2937/30/3
f 3051/33/3 3011/33/3 3010/33/3
f 3051/30/3 3010/30/3 3050/30/3
f 3052/31/3 3012/31/3 3011/31/3
f 3052/33/3 3011/33/3 3051/33/3
f 3053/29/3 3013/29/3 3012/29/3
f 3053/31/3 3012/31/3 3052/31/3
f 3054/33/3 3015/33/3 3014/33/3
f 3054/31/3 3016/31/3 3015/31/3
f 3054/31/3 3017/31/3 3016/31/3
f 3055/33/3 2970/33/3 3017/33/3
f 3055/31/3 3017/31/3 3054/31/3
f 3056/6/3 3023/6/3 3022/6/3
f 3056/4/3 3024/4/3 3023/4/3
f 3056/4/3 3025/4/3 3024/4/3
f 3057/6/3 3026/6/3 3025/6/3
f 3057/4/3 3025/4/3 3056/4/3
f 3058/5/3 3028/5/3 3027/5/3
f 3058/7/3 2978/7/3 3026/7/3
f 3058/5/3 3027/5/3 2978/5/3
f 3059/5/3 3028/5/3 3058/5/3
f 3060/6/3 3029/6/3 3028/6/3
f 3060/4/3 3030/4/3 3029/4/3
f 3061/4/3 2982/4/3 3030/4/3
f 3061/4/3 3030/4/3 3060/4/3
f 3061/6/3 2983/6/3 2982/6/3
f 3062/5/3 2985/5/3 2984/5/3
f 3063/7/3 3031/7/3 2985/7/3
f 3063/5/3 2985/5/3 3062/5/3
f 3064/32/3 2892/32/3 2927/32/3
f 3064/28/3 3033/28/3 2892/28/3
f 3064/32/3 2927/32/3 2989/32/3
f 3064/32/3 2989/32/3 2988/32/3
f 3065/4/3 3034/4/3 3033/4/3
f 3065/28/3 3033/28/3 3064/28/3
f 3065/4/3 3035/4/3 3034/4/3
f 3065/4/3 3037/4/3 3036/4/3
f 3065/4/3 3036/4/3 3035/4/3
f 3065/4/3 3038/4/3 3037/4/3
f 3066/4/3 3038/4/3 3065/4/3
f 3067/4/3 3038/4/3 3066/4/3
f 3068/4/3 3038/4/3 3067/4/3
f 3069/31/3 2490/31/3 3038/31/3
f 3069/4/3 3038/4/3 3068/4/3
f 3070/32/3 3042/32/3 3041/32/3
f 3070/31/3 3043/31/3 3042/31/3
f 3071/31/3 2997/31/3 3043/31/3
f 3071/31/3 3043/31/3 3070/31/3
f 3071/32/3 2932/32/3 2997/32/3
f 3072/32/3 3005/32/3 3004/32/3
f 3073/35/3 3046/35/3 3005/35/3
f 3073/32/3 3005/32/3 3072/32/3
f 3074/32/3 3047/32/3 3046/32/3
f 3074/35/3 3046/35/3 3073/35/3
f 3075/30/3 3050/30/3 2937/30/3
f 3075/32/3 2937/32/3 3049/32/3
f 3075/32/3 3049/32/3 3048/32/3
f 3076/33/3 3052/33/3 3051/33/3
f 3076/30/3 3050/30/3 3075/30/3
f 3076/33/3 3051/33/3 3050/33/3
f 3077/33/3 3052/33/3 3076/33/3
f 3078/29/3 3053/29/3 3052/29/3
f 3078/33/3 3052/33/3 3077/33/3
f 3079/29/3 2968/29/3 3013/29/3
f 3079/29/3 3053/29/3 3078/29/3
f 3079/33/3 3055/33/3 3054/33/3
f 3079/29/3 3013/29/3 3053/29/3
f 3079/33/3 3054/33/3 3014/33/3
f 3079/33/3 3014/33/3 2968/33/3
f 3080/33/3 3055/33/3 3079/33/3
f 3081/33/3 2970/33/3 3055/33/3
f 3081/33/3 3055/33/3 3080/33/3
f 3081/9/3 2971/9/3 2970/9/3
f 3082/13/3 3021/13/3 3020/13/3
f 3082/9/3 2971/9/3 3081/9/3
f 3082/13/3 3018/13/3 2971/13/3
f 3082/13/3 3020/13/3 3019/13/3
f 3082/13/3 3019/13/3 3018/13/3
f 3083/13/3 3021/13/3 3082/13/3
f 3084/7/3 2973/7/3 3021/7/3
f 3084/5/3 3022/5/3 2973/5/3
f 3085/6/3 3057/6/3 3056/6/3
f 3085/5/3 3022/5/3 3084/5/3
f 3085/6/3 3056/6/3 3022/6/3
f 3086/6/3 3026/6/3 3057/6/3
f 3086/6/3 3057/6/3 3085/6/3
f 3087/7/3 3058/7/3 3026/7/3
f 3087/6/3 3026/6/3 3086/6/3
f 3087/7/3 3059/7/3 3058/7/3
f 3088/7/3 3059/7/3 3087/7/3
f 3089/6/3 3060/6/3 3028/6/3
f 3089/6/3 3061/6/3 3060/6/3
f 3090/6/3 3061/6/3 3089/6/3
f 3091/6/3 2983/6/3 3061/6/3
f 3091/6/3 3061/6/3 3090/6/3
f 3092/9/3 2984/9/3 2983/9/3
f 3092/6/3 2983/6/3 3091/6/3
f 3093/5/3 3062/5/3 2984/5/3
f 3093/9/3 2984/9/3 3092/9/3
f 3094/5/3 3062/5/3 3093/5/3
f 3095/7/3 3031/7/3 3063/7/3
f 3095/7/3 3063/7/3 3062/7/3
f 3096/10/3 3032/10/3 3031/10/3
f 3096/7/3 3031/7/3 3095/7/3
f 3097/10/3 2987/10/3 3032/10/3
f 3097/10/3 3032/10/3 3096/10/3
f 3098/9/3 2988/9/3 2987/9/3
f 3098/10/3 2987/10/3 3097/10/3
f 3099/32/3 3064/32/3 2988/32/3
f 3099/9/3 2988/9/3 3098/9/3
f 3099/32/3 3065/32/3 3064/32/3
f 3100/32/3 3065/32/3 3099/32/3
f 3101/32/3 3065/32/3 3100/32/3
f 3102/28/3 3066/28/3 3065/28/3
f 3102/32/3 3065/32/3 3101/32/3
f 3103/28/3 3066/28/3 3102/28/3
f 3104/32/3 3040/32/3 3039/32/3
f 3104/32/3 3039/32/3 2490/32/3
f 3105/8/3 2533/8/3 3040/8/3
f 3105/32/3 3040/32/3 3104/32/3
f 3106/5/3 2956/5/3 2955/5/3
f 3106/30/3 2955/30/3 2579/30/3
f 3107/28/3 2762/28/3 2956/28/3
f 3107/5/3 2956/5/3 3106/5/3
f 3108/30/3 2580/30/3 2762/30/3
f 3108/28/3 2762/28/3 3107/28/3
f 3109/32/3 3070/32/3 3041/32/3
f 3109/8/3 3041/8/3 2536/8/3
f 3109/32/3 3071/32/3 3070/32/3
f 3110/32/3 3071/32/3 3109/32/3
f 3111/32/3 3047/32/3 3074/32/3
f 3111/32/3 3074/32/3 3073/32/3
f 3112/35/3 3048/35/3 3047/35/3
f 3112/32/3 3047/32/3 3111/32/3
f 3113/32/3 3076/32/3 3075/32/3
f 3113/35/3 3048/35/3 3112/35/3
f 3113/32/3 3075/32/3 3048/32/3
f 3114/33/3 3077/33/3 3076/33/3
f 3114/32/3 3076/32/3 3113/32/3
f 3115/31/3 3078/31/3 3077/31/3
f 3115/33/3 3077/33/3 3114/33/3
f 3116/29/3 3080/29/3 3079/29/3
f 3116/31/3 3078/31/3 3115/31/3
f 3116/29/3 3079/29/3 3078/29/3
f 3117/13/3 3021/13/3 3083/13/3
f 3117/7/3 3085/7/3 3084/7/3
f 3117/7/3 3084/7/3 3021/7/3
f 3118/7/3 3085/7/3 3117/7/3
f 3119/6/3 3086/6/3 3085/6/3
f 3119/7/3 3085/7/3 3118/7/3
f 3120/6/3 3086/6/3 3119/6/3
f 3121/6/3 3086/6/3 3120/6/3
f 3122/6/3 3086/6/3 3121/6/3
f 3123/6/3 3086/6/3 3122/6/3
f 3124/4/3 3088/4/3 3087/4/3
f 3124/6/3 3086/6/3 3123/6/3
f 3124/4/3 3087/4/3 3086/4/3
f 3125/4/3 3088/4/3 3124/4/3
f 3126/7/3 3059/7/3 3088/7/3
f 3126/4/3 3088/4/3 3125/4/3
f 3127/5/3 3028/5/3 3059/5/3
f 3127/7/3 3059/7/3 3126/7/3
f 3128/4/3 3090/4/3 3089/4/3
f 3128/6/3 3089/6/3 3028/6/3
f 3129/6/3 3091/6/3 3090/6/3
f 3129/4/3 3090/4/3 3128/4/3
f 3130/5/3 3062/5/3 3094/5/3
f 3131/7/3 3095/7/3 3062/7/3
f 3131/5/3 3062/5/3 3130/5/3
f 3132/32/3 3099/32/3 3098/32/3
f 3132/32/3 3100/32/3 3099/32/3
f 3133/28/3 3101/28/3 3100/28/3
f 3133/32/3 3100/32/3 3132/32/3
f 3134/27/3 3103/27/3 3102/27/3
f 3134/32/3 3102/32/3 3101/32/3
f 3135/28/3 3066/28/3 3103/28/3
f 3135/27/3 3103/27/3 3134/27/3
f 3136/4/3 3067/4/3 3066/4/3
f 3136/28/3 3066/28/3 3135/28/3
f 3137/30/3 3068/30/3 3067/30/3
f 3137/4/3 3067/4/3 3136/4/3
f 3138/28/3 3069/28/3 3068/28/3
f 3138/30/3 3068/30/3 3137/30/3
f 3139/31/3 2490/31/3 3069/31/3
f 3139/28/3 3069/28/3 3138/28/3
f 3140/30/3 3106/30/3 2579/30/3
f 3140/30/3 3108/30/3 3107/30/3
f 3140/21/3 2579/21/3 2534/21/3
f 3140/30/3 3107/30/3 3106/30/3
f 3141/30/3 2580/30/3 3108/30/3
f 3141/30/3 3108/30/3 3140/30/3
f 3141/21/3 2535/21/3 2580/21/3
f 3142/32/3 2932/32/3 3071/32/3
f 3142/32/3 3071/32/3 3110/32/3
f 3143/31/3 2998/31/3 2932/31/3
f 3143/32/3 2932/32/3 3142/32/3
f 3144/35/3 2999/35/3 2998/35/3
f 3144/31/3 2998/31/3 3143/31/3
f 3145/32/3 3000/32/3 2999/32/3
f 3145/35/3 2999/35/3 3144/35/3
f 3146/29/3 109/29/3 3000/29/3
f 3146/32/3 3000/32/3 3145/32/3
f 3147/32/3 3001/32/3 2222/32/3
f 3147/30/3 3044/30/3 3001/30/3
f 3148/29/3 3045/29/3 3044/29/3
f 3148/30/3 3044/30/3 3147/30/3
f 3149/29/3 3004/29/3 3045/29/3
f 3149/29/3 3045/29/3 3148/29/3
f 3150/32/3 3072/32/3 3004/32/3
f 3150/29/3 3004/29/3 3149/29/3
f 3151/35/3 3073/35/3 3072/35/3
f 3151/32/3 3072/32/3 3150/32/3
f 3152/32/3 3111/32/3 3073/32/3
f 3152/35/3 3073/35/3 3151/35/3
f 3153/29/3 3080/29/3 3116/29/3
f 3153/30/3 3116/30/3 3115/30/3
f 3154/29/3 3080/29/3 3153/29/3
f 3155/33/3 3082/33/3 3081/33/3
f 3155/9/3 3083/9/3 3082/9/3
f 3155/33/3 3081/33/3 3080/33/3
f 3156/13/3 3118/13/3 3117/13/3
f 3156/9/3 3083/9/3 3155/9/3
f 3156/13/3 3117/13/3 3083/13/3
f 3157/13/3 3118/13/3 3156/13/3
f 3158/13/3 3118/13/3 3157/13/3
f 3159/7/3 3119/7/3 3118/7/3
f 3159/13/3 3118/13/3 3158/13/3
f 3160/6/3 3121/6/3 3120/6/3
f 3160/5/3 3120/5/3 3119/5/3
f 3161/6/3 3121/6/3 3160/6/3
f 3162/6/3 3123/6/3 3122/6/3
f 3162/4/3 3122/4/3 3121/4/3
f 3163/4/3 3125/4/3 3124/4/3
f 3163/6/3 3123/6/3 3162/6/3
f 3163/4/3 3124/4/3 3123/4/3
f 3164/4/3 3125/4/3 3163/4/3
f 3165/5/3 3126/5/3 3125/5/3
f 3165/4/3 3125/4/3 3164/4/3
f 3165/5/3 3127/5/3 3126/5/3
f 3166/5/3 3028/5/3 3127/5/3
f 3166/5/3 3127/5/3 3165/5/3
f 3167/6/3 3129/6/3 3128/6/3
f 3167/5/3 3028/5/3 3166/5/3
f 3167/6/3 3128/6/3 3028/6/3
f 3168/6/3 3129/6/3 3167/6/3
f 3169/6/3 3091/6/3 3129/6/3
f 3169/6/3 3129/6/3 3168/6/3
f 3169/4/3 3092/4/3 3091/4/3
f 3169/4/3 3093/4/3 3092/4/3
f 3170/9/3 3094/9/3 3093/9/3
f 3170/4/3 3093/4/3 3169/4/3
f 3171/5/3 3130/5/3 3094/5/3
f 3171/9/3 3094/9/3 3170/9/3
f 3172/7/3 3095/7/3 3131/7/3
f 3172/7/3 3131/7/3 3130/7/3
f 3173/10/3 3096/10/3 3095/10/3
f 3173/7/3 3095/7/3 3172/7/3
f 3173/10/3 3097/10/3 3096/10/3
f 3174/10/3 3097/10/3 3173/10/3
f 3175/9/3 3098/9/3 3097/9/3
f 3175/10/3 3097/10/3 3174/10/3
f 3176/32/3 3132/32/3 3098/32/3
f 3176/9/3 3098/9/3 3175/9/3
f 3177/28/3 3133/28/3 3132/28/3
f 3177/32/3 3132/32/3 3176/32/3
f 3178/32/3 3134/32/3 3101/32/3
f 3178/28/3 3133/28/3 3177/28/3
f 3178/28/3 3101/28/3 3133/28/3
f 3179/4/3 3136/4/3 3135/4/3
f 3179/32/3 3134/32/3 3178/32/3
f 3179/4/3 3139/4/3 3138/4/3
f 3179/4/3 3135/4/3 3134/4/3
f 3179/4/3 3138/4/3 3137/4/3
f 3179/4/3 3137/4/3 3136/4/3
f 3180/4/3 3139/4/3 3179/4/3
f 3181/31/3 2490/31/3 3139/31/3
f 3181/4/3 3139/4/3 3180/4/3
f 3182/32/3 3104/32/3 2490/32/3
f 3182/31/3 2490/31/3 3181/31/3
f 3183/21/3 3105/21/3 3104/21/3
f 3183/32/3 3104/32/3 3182/32/3
f 3184/21/3 3105/21/3 3183/21/3
f 3185/8/3 2533/8/3 3105/8/3
f 3185/21/3 3105/21/3 3184/21/3
f 3186/16/3 2534/16/3 2533/16/3
f 3186/8/3 2533/8/3 3185/8/3
f 3187/21/3 3140/21/3 2534/21/3
f 3187/16/3 2534/16/3 3186/16/3
f 3187/21/3 3141/21/3 3140/21/3
f 3188/21/3 2535/21/3 3141/21/3
f 3188/21/3 3141/21/3 3187/21/3
f 3188/16/3 2536/16/3 2535/16/3
f 3189/8/3 3109/8/3 2536/8/3
f 3189/16/3 2536/16/3 3188/16/3
f 3190/21/3 3110/21/3 3109/21/3
f 3190/8/3 3109/8/3 3189/8/3
f 3191/21/3 3110/21/3 3190/21/3
f 3192/32/3 3142/32/3 3110/32/3
f 3192/21/3 3110/21/3 3191/21/3
f 3193/31/3 3143/31/3 3142/31/3
f 3193/32/3 3142/32/3 3192/32/3
f 3193/31/3 3144/31/3 3143/31/3
f 3194/31/3 3144/31/3 3193/31/3
f 3195/29/3 3148/29/3 3147/29/3
f 3195/29/3 3149/29/3 3148/29/3
f 3196/32/3 3150/32/3 3149/32/3
f 3196/29/3 3149/29/3 3195/29/3
f 3197/35/3 3151/35/3 3150/35/3
f 3197/32/3 3150/32/3 3196/32/3
f 3198/32/3 3152/32/3 3151/32/3
f 3198/35/3 3151/35/3 3197/35/3
f 3199/32/3 3114/32/3 3113/32/3
f 3199/32/3 3115/32/3 3114/32/3
f 3199/32/3 3113/32/3 3112/32/3
f 3200/30/3 3153/30/3 3115/30/3
f 3200/32/3 3115/32/3 3199/32/3
f 3201/38/3 3154/38/3 3153/38/3
f 3201/30/3 3153/30/3 3200/30/3
f 3202/29/3 3080/29/3 3154/29/3
f 3202/38/3 3154/38/3 3201/38/3
f 3203/29/3 3080/29/3 3202/29/3
f 3204/29/3 3080/29/3 3203/29/3
f 3205/7/3 3119/7/3 3159/7/3
f 3205/5/3 3161/5/3 3160/5/3
f 3205/5/3 3160/5/3 3119/5/3
f 3206/6/3 3121/6/3 3161/6/3
f 3206/5/3 3161/5/3 3205/5/3
f 3207/4/3 3162/4/3 3121/4/3
f 3207/6/3 3121/6/3 3206/6/3
f 3207/4/3 3163/4/3 3162/4/3
f 3208/6/3 3164/6/3 3163/6/3
f 3208/4/3 3163/4/3 3207/4/3
f 3209/5/3 3165/5/3 3164/5/3
f 3209/6/3 3164/6/3 3208/6/3
f 3210/7/3 3166/7/3 3165/7/3
f 3210/5/3 3165/5/3 3209/5/3
f 3211/7/3 3166/7/3 3210/7/3
f 3212/5/3 3168/5/3 3167/5/3
f 3212/7/3 3166/7/3 3211/7/3
f 3212/5/3 3167/5/3 3166/5/3
f 3213/6/3 3169/6/3 3168/6/3
f 3213/5/3 3168/5/3 3212/5/3
f 3213/6/3 3170/6/3 3169/6/3
f 3214/6/3 3170/6/3 3213/6/3
f 3215/5/3 3130/5/3 3171/5/3
f 3215/5/3 3171/5/3 3170/5/3
f 3216/7/3 3172/7/3 3130/7/3
f 3216/5/3 3130/5/3 3215/5/3
f 3217/10/3 3174/10/3 3173/10/3
f 3217/7/3 3172/7/3 3216/7/3
f 3217/10/3 3173/10/3 3172/10/3
f 3218/32/3 3178/32/3 3177/32/3
f 3218/32/3 3177/32/3 3176/32/3
f 3218/32/3 3179/32/3 3178/32/3
f 3218/32/3 3176/32/3 3175/32/3
f 3219/27/3 3180/27/3 3179/27/3
f 3219/32/3 3179/32/3 3218/32/3
f 3220/28/3 3181/28/3 3180/28/3
f 3220/27/3 3180/27/3 3219/27/3
f 3221/28/3 3181/28/3 3220/28/3
f 3222/28/3 3181/28/3 3221/28/3
f 3223/33/3 3182/33/3 3181/33/3
f 3223/28/3 3181/28/3 3222/28/3
f 3224/31/3 3183/31/3 3182/31/3
f 3224/31/3 3184/31/3 3183/31/3
f 3225/29/3 3185/29/3 3184/29/3
f 3225/31/3 3184/31/3 3224/31/3
f 3226/1/3 3187/1/3 3186/1/3
f 3226/1/3 3186/1/3 3185/1/3
f 3226/16/3 3188/16/3 3187/16/3
f 3227/1/3 3190/1/3 3189/1/3
f 3227/16/3 3188/16/3 3226/16/3
f 3227/1/3 3189/1/3 3188/1/3
f 3228/29/3 3192/29/3 3191/29/3
f 3228/32/3 3193/32/3 3192/32/3
f 3229/32/3 3193/32/3 3228/32/3
f 3230/30/3 3194/30/3 3193/30/3
f 3230/32/3 3193/32/3 3229/32/3
f 3231/31/3 3144/31/3 3194/31/3
f 3231/30/3 3194/30/3 3230/30/3
f 3232/32/3 3145/32/3 3144/32/3
f 3232/31/3 3144/31/3 3231/31/3
f 3233/35/3 3146/35/3 3145/35/3
f 3233/32/3 3145/32/3 3232/32/3
f 3234/29/3 3195/29/3 3147/29/3
f 3234/32/3 3147/32/3 2222/32/3
f 3235/32/3 3196/32/3 3195/32/3
f 3235/29/3 3195/29/3 3234/29/3
f 3236/35/3 3197/35/3 3196/35/3
f 3236/32/3 3196/32/3 3235/32/3
f 3237/32/3 3198/32/3 3197/32/3
f 3237/35/3 3197/35/3 3236/35/3
f 3238/32/3 3152/32/3 3198/32/3
f 3238/32/3 3198/32/3 3237/32/3
f 3238/32/3 3111/32/3 3152/32/3
f 3239/35/3 3112/35/3 3111/35/3
f 3239/32/3 3111/32/3 3238/32/3
f 3240/32/3 3199/32/3 3112/32/3
f 3240/35/3 3112/35/3 3239/35/3
f 3241/30/3 3201/30/3 3200/30/3
f 3241/30/3 3200/30/3 3199/30/3
f 3242/29/3 3202/29/3 3201/29/3
f 3242/30/3 3201/30/3 3241/30/3
f 3242/29/3 3203/29/3 3202/29/3
f 3243/38/3 3204/38/3 3203/38/3
f 3243/29/3 3203/29/3 3242/29/3
f 3244/29/3 3080/29/3 3204/29/3
f 3244/38/3 3204/38/3 3243/38/3
f 3245/7/3 3206/7/3 3205/7/3
f 3245/9/3 3159/9/3 3158/9/3
f 3245/7/3 3205/7/3 3159/7/3
f 3246/7/3 3206/7/3 3245/7/3
f 3247/5/3 3209/5/3 3208/5/3
f 3247/7/3 3206/7/3 3246/7/3
f 3247/5/3 3208/5/3 3207/5/3
f 3247/5/3 3207/5/3 3206/5/3
f 3248/7/3 3211/7/3 3210/7/3
f 3248/5/3 3209/5/3 3247/5/3
f 3248/7/3 3210/7/3 3209/7/3
f 3249/7/3 3211/7/3 3248/7/3
f 3250/11/3 3212/11/3 3211/11/3
f 3250/7/3 3211/7/3 3249/7/3
f 3251/7/3 3213/7/3 3212/7/3
f 3251/11/3 3212/11/3 3250/11/3
f 3252/7/3 3213/7/3 3251/7/3
f 3253/5/3 3214/5/3 3213/5/3
f 3253/7/3 3213/7/3 3252/7/3
f 3254/6/3 3170/6/3 3214/6/3
f 3254/5/3 3214/5/3 3253/5/3
f 3255/5/3 3215/5/3 3170/5/3
f 3255/6/3 3170/6/3 3254/6/3
f 3256/9/3 3216/9/3 3215/9/3
f 3256/5/3 3215/5/3 3255/5/3
f 3257/32/3 3218/32/3 3175/32/3
f 3257/30/3 3219/30/3 3218/30/3
f 3258/4/3 3220/4/3 3219/4/3
f 3258/30/3 3219/30/3 3257/30/3
f 3259/28/3 3221/28/3 3220/28/3
f 3259/4/3 3220/4/3 3258/4/3
f 3260/28/3 3221/28/3 3259/28/3
f 3261/28/3 3221/28/3 3260/28/3
f 3262/30/3 3222/30/3 3221/30/3
f 3262/28/3 3221/28/3 3261/28/3
f 3263/29/3 3185/29/3 3225/29/3
f 3263/29/3 3225/29/3 3224/29/3
f 3263/1/3 3226/1/3 3185/1/3
f 3264/8/3 3227/8/3 3226/8/3
f 3264/1/3 3226/1/3 3263/1/3
f 3265/8/3 3227/8/3 3264/8/3
f 3266/8/3 3227/8/3 3265/8/3
f 3267/8/3 3227/8/3 3266/8/3
f 3268/8/3 3227/8/3 3267/8/3
f 3269/8/3 3227/8/3 3268/8/3
f 3270/8/3 3227/8/3 3269/8/3
f 3271/8/3 3227/8/3 3270/8/3
f 3272/8/3 3227/8/3 3271/8/3
f 3273/1/3 3190/1/3 3227/1/3
f 3273/8/3 3227/8/3 3272/8/3
f 3274/1/3 3190/1/3 3273/1/3
f 3275/31/3 3191/31/3 3190/31/3
f 3275/1/3 3190/1/3 3274/1/3
f 3276/31/3 3231/31/3 3230/31/3
f 3276/31/3 3230/31/3 3229/31/3
f 3277/30/3 3232/30/3 3231/30/3
f 3277/31/3 3231/31/3 3276/31/3
f 3278/29/3 3243/29/3 3242/29/3
f 3278/29/3 3244/29/3 3243/29/3
f 3278/30/3 3241/30/3 3199/30/3
f 3278/29/3 3242/29/3 3241/29/3
f 3279/29/3 3244/29/3 3278/29/3
f 3280/29/3 3244/29/3 3279/29/3
f 3281/29/3 3244/29/3 3280/29/3
f 3282/29/3 3080/29/3 3244/29/3
f 3282/29/3 3244/29/3 3281/29/3
f 3282/33/3 3155/33/3 3080/33/3
f 3282/33/3 3156/33/3 3155/33/3
f 3283/33/3 3156/33/3 3282/33/3
f 3284/9/3 3157/9/3 3156/9/3
f 3284/33/3 3156/33/3 3283/33/3
f 3285/13/3 3158/13/3 3157/13/3
f 3285/9/3 3157/9/3 3284/9/3
f 3286/13/3 3158/13/3 3285/13/3
f 3287/13/3 3158/13/3 3286/13/3
f 3288/9/3 3245/9/3 3158/9/3
f 3288/13/3 3158/13/3 3287/13/3
f 3289/11/3 3246/11/3 3245/11/3
f 3289/9/3 3245/9/3 3288/9/3
f 3290/7/3 3247/7/3 3246/7/3
f 3290/11/3 3246/11/3 3289/11/3
f 3290/7/3 3249/7/3 3248/7/3
f 3290/7/3 3248/7/3 3247/7/3
f 3291/11/3 3250/11/3 3249/11/3
f 3291/7/3 3249/7/3 3290/7/3
f 3291/11/3 3252/11/3 3251/11/3
f 3291/11/3 3251/11/3 3250/11/3
f 3292/7/3 3255/7/3 3254/7/3
f 3292/11/3 3252/11/3 3291/11/3
f 3292/7/3 3254/7/3 3253/7/3
f 3292/7/3 3253/7/3 3252/7/3
f 3292/7/3 3256/7/3 3255/7/3
f 3293/7/3 3256/7/3 3292/7/3
f 3294/7/3 3256/7/3 3293/7/3
f 3295/9/3 3216/9/3 3256/9/3
f 3295/7/3 3256/7/3 3294/7/3
f 3296/10/3 3217/10/3 3216/10/3
f 3296/9/3 3216/9/3 3295/9/3
f 3297/10/3 3174/10/3 3217/10/3
f 3297/10/3 3217/10/3 3296/10/3
f 3298/10/3 3174/10/3 3297/10/3
f 3299/9/3 3175/9/3 3174/9/3
f 3299/10/3 3174/10/3 3298/10/3
f 3300/32/3 3257/32/3 3175/32/3
f 3300/9/3 3175/9/3 3299/9/3
f 3301/4/3 3260/4/3 3259/4/3
f 3301/4/3 3259/4/3 3258/4/3
f 3302/28/3 3261/28/3 3260/28/3
f 3302/4/3 3260/4/3 3301/4/3
f 3303/30/3 3262/30/3 3261/30/3
f 3303/28/3 3261/28/3 3302/28/3
f 3304/31/3 3224/31/3 3182/31/3
f 3304/29/3 3263/29/3 3224/29/3
f 3305/29/3 3263/29/3 3304/29/3
f 3306/31/3 3264/31/3 3263/31/3
f 3306/29/3 3263/29/3 3305/29/3
f 3307/21/3 3265/21/3 3264/21/3
f 3307/32/3 3266/32/3 3265/32/3
f 3308/32/3 3266/32/3 3307/32/3
f 3309/31/3 3191/31/3 3275/31/3
f 3309/29/3 3228/29/3 3191/29/3
f 3309/29/3 3229/29/3 3228/29/3
f 3310/29/3 3229/29/3 3309/29/3
f 3311/31/3 3276/31/3 3229/31/3
f 3311/29/3 3229/29/3 3310/29/3
f 3312/30/3 3232/30/3 3277/30/3
f 3312/30/3 3277/30/3 3276/30/3
f 3312/35/3 3233/35/3 3232/35/3
f 3313/35/3 3146/35/3 3233/35/3
f 3313/35/3 3233/35/3 3312/35/3
f 3314/32/3 3237/32/3 3236/32/3
f 3314/32/3 3236/32/3 3235/32/3
f 3314/32/3 3238/32/3 3237/32/3
f 3314/32/3 3235/32/3 3234/32/3
f 3315/32/3 3238/32/3 3314/32/3
f 3316/35/3 3239/35/3 3238/35/3
f 3316/32/3 3238/32/3 3315/32/3
f 3317/29/3 3240/29/3 3239/29/3
f 3317/35/3 3239/35/3 3316/35/3
f 3318/32/3 3199/32/3 3240/32/3
f 3318/29/3 3240/29/3 3317/29/3
f 3319/32/3 3199/32/3 3318/32/3
f 3320/32/3 3199/32/3 3319/32/3
f 3321/30/3 3278/30/3 3199/30/3
f 3321/32/3 3199/32/3 3320/32/3
f 3322/38/3 3279/38/3 3278/38/3
f 3322/30/3 3278/30/3 3321/30/3
f 3323/29/3 3280/29/3 3279/29/3
f 3323/38/3 3279/38/3 3322/38/3
f 3324/38/3 3281/38/3 3280/38/3
f 3324/29/3 3280/29/3 3323/29/3
f 3325/29/3 3282/29/3 3281/29/3
f 3325/38/3 3281/38/3 3324/38/3
f 3325/29/3 3283/29/3 3282/29/3
f 3326/33/3 3284/33/3 3283/33/3
f 3326/31/3 3285/31/3 3284/31/3
f 3327/9/3 3286/9/3 3285/9/3
f 3327/31/3 3285/31/3 3326/31/3
f 3328/11/3 3289/11/3 3288/11/3
f 3328/11/3 3291/11/3 3290/11/3
f 3328/11/3 3290/11/3 3289/11/3
f 3328/11/3 3292/11/3 3291/11/3
f 3328/11/3 3293/11/3 3292/11/3
f 3329/11/3 3293/11/3 3328/11/3
f 3330/7/3 3294/7/3 3293/7/3
f 3330/11/3 3293/11/3 3329/11/3
f 3331/11/3 3296/11/3 3295/11/3
f 3331/7/3 3294/7/3 3330/7/3
f 3331/11/3 3295/11/3 3294/11/3
f 3332/32/3 3257/32/3 3300/32/3
f 3332/32/3 3300/32/3 3299/32/3
f 3333/32/3 3257/32/3 3332/32/3
f 3334/28/3 3302/28/3 3301/28/3
f 3334/4/3 3303/4/3 3302/4/3
f 3335/30/3 3262/30/3 3303/30/3
f 3335/4/3 3303/4/3 3334/4/3
f 3336/30/3 3222/30/3 3262/30/3
f 3336/30/3 3262/30/3 3335/30/3
f 3337/31/3 3304/31/3 3182/31/3
f 3337/33/3 3182/33/3 3223/33/3
f 3338/30/3 3305/30/3 3304/30/3
f 3338/31/3 3304/31/3 3337/31/3
f 3339/30/3 3305/30/3 3338/30/3
f 3340/31/3 3308/31/3 3307/31/3
f 3340/21/3 3307/21/3 3264/21/3
f 3341/32/3 3266/32/3 3308/32/3
f 3341/31/3 3308/31/3 3340/31/3
f 3342/31/3 3276/31/3 3311/31/3
f 3342/30/3 3311/30/3 3310/30/3
f 3343/30/3 3312/30/3 3276/30/3
f 3343/31/3 3276/31/3 3342/31/3
f 3344/30/3 3312/30/3 3343/30/3
f 3345/30/3 3315/30/3 3314/30/3
f 3346/35/3 3316/35/3 3315/35/3
f 3346/30/3 3315/30/3 3345/30/3
f 3347/29/3 3318/29/3 3317/29/3
f 3347/29/3 3317/29/3 3316/29/3
f 3347/29/3 3319/29/3 3318/29/3
f 3348/29/3 3319/29/3 3347/29/3
f 3349/29/3 3323/29/3 3322/29/3
f 3349/29/3 3324/29/3 3323/29/3
f 3349/29/3 3322/29/3 3321/29/3
f 3349/29/3 3325/29/3 3324/29/3
f 3350/29/3 3325/29/3 3349/29/3
f 3351/11/3 3330/11/3 3329/11/3
f 3351/11/3 3296/11/3 3331/11/3
f 3351/11/3 3331/11/3 3330/11/3
f 3352/11/3 3296/11/3 3351/11/3
f 3353/10/3 3298/10/3 3297/10/3
f 3354/9/3 3299/9/3 3298/9/3
f 3354/10/3 3298/10/3 3353/10/3
f 3355/32/3 3332/32/3 3299/32/3
f 3355/9/3 3299/9/3 3354/9/3
f 3356/32/3 3332/32/3 3355/32/3
f 3357/27/3 3333/27/3 3332/27/3
f 3357/32/3 3332/32/3 3356/32/3
f 3358/32/3 3257/32/3 3333/32/3
f 3358/27/3 3333/27/3 3357/27/3
f 3359/27/3 3258/27/3 3257/27/3
f 3359/32/3 3257/32/3 3358/32/3
f 3360/28/3 3335/28/3 3334/28/3
f 3360/4/3 3336/4/3 3335/4/3
f 3361/30/3 3222/30/3 3336/30/3
f 3361/4/3 3336/4/3 3360/4/3
f 3362/4/3 3223/4/3 3222/4/3
f 3362/30/3 3222/30/3 3361/30/3
f 3363/33/3 3337/33/3 3223/33/3
f 3363/4/3 3223/4/3 3362/4/3
f 3363/33/3 3338/33/3 3337/33/3
f 3364/29/3 3339/29/3 3338/29/3
f 3364/33/3 3338/33/3 3363/33/3
f 3365/30/3 3305/30/3 3339/30/3
f 3365/29/3 3339/29/3 3364/29/3
f 3366/31/3 3306/31/3 3305/31/3
f 3366/30/3 3305/30/3 3365/30/3
f 3367/31/3 3264/31/3 3306/31/3
f 3367/31/3 3306/31/3 3366/31/3
f 3368/21/3 3340/21/3 3264/21/3
f 3368/31/3 3264/31/3 3367/31/3
f 3369/32/3 3341/32/3 3340/32/3
f 3369/21/3 3340/21/3 3368/21/3
f 3370/32/3 3266/32/3 3341/32/3
f 3370/32/3 3341/32/3 3369/32/3
f 3371/21/3 3267/21/3 3266/21/3
f 3371/32/3 3266/32/3 3370/32/3
f 3372/32/3 3268/32/3 3267/32/3
f 3372/21/3 3267/21/3 3371/21/3
f 3373/21/3 3269/21/3 3268/21/3
f 3373/32/3 3268/32/3 3372/32/3
f 3374/32/3 3270/32/3 3269/32/3
f 3374/21/3 3269/21/3 3373/21/3
f 3375/21/3 3271/21/3 3270/21/3
f 3375/32/3 3270/32/3 3374/32/3
f 3376/32/3 3272/32/3 3271/32/3
f 3376/21/3 3271/21/3 3375/21/3
f 3377/21/3 3273/21/3 3272/21/3
f 3377/32/3 3272/32/3 3376/32/3
f 3378/30/3 3274/30/3 3273/30/3
f 3378/21/3 3273/21/3 3377/21/3
f 3379/33/3 3275/33/3 3274/33/3
f 3379/30/3 3274/30/3 3378/30/3
f 3380/31/3 3310/31/3 3309/31/3
f 3380/33/3 3275/33/3 3379/33/3
f 3380/31/3 3309/31/3 3275/31/3
f 3381/31/3 3310/31/3 3380/31/3
f 3382/30/3 3342/30/3 3310/30/3
f 3382/31/3 3310/31/3 3381/31/3
f 3383/33/3 3343/33/3 3342/33/3
f 3383/30/3 3342/30/3 3382/30/3
f 3384/31/3 3344/31/3 3343/31/3
f 3384/33/3 3343/33/3 3383/33/3
f 3385/30/3 3312/30/3 3344/30/3
f 3385/31/3 3344/31/3 3384/31/3
f 3386/32/3 3313/32/3 3312/32/3
f 3386/30/3 3312/30/3 3385/30/3
f 3387/32/3 3314/32/3 3234/32/3
f 3388/30/3 3345/30/3 3314/30/3
f 3388/32/3 3314/32/3 3387/32/3
f 3389/35/3 3316/35/3 3346/35/3
f 3389/35/3 3346/35/3 3345/35/3
f 3390/29/3 3347/29/3 3316/29/3
f 3390/35/3 3316/35/3 3389/35/3
f 3391/29/3 3319/29/3 3348/29/3
f 3391/30/3 3348/30/3 3347/30/3
f 3392/32/3 3320/32/3 3319/32/3
f 3392/29/3 3319/29/3 3391/29/3
f 3393/30/3 3321/30/3 3320/30/3
f 3393/32/3 3320/32/3 3392/32/3
f 3394/29/3 3349/29/3 3321/29/3
f 3394/30/3 3321/30/3 3393/30/3
f 3395/29/3 3325/29/3 3350/29/3
f 3395/30/3 3350/30/3 3349/30/3
f 3396/29/3 3325/29/3 3395/29/3
f 3397/9/3 3286/9/3 3327/9/3
f 3397/33/3 3327/33/3 3326/33/3
f 3398/13/3 3287/13/3 3286/13/3
f 3398/9/3 3286/9/3 3397/9/3
f 3399/9/3 3288/9/3 3287/9/3
f 3399/13/3 3287/13/3 3398/13/3
f 3400/11/3 3328/11/3 3288/11/3
f 3400/9/3 3288/9/3 3399/9/3
f 3401/9/3 3329/9/3 3328/9/3
f 3401/11/3 3328/11/3 3400/11/3
f 3402/11/3 3351/11/3 3329/11/3
f 3402/9/3 3329/9/3 3401/9/3
f 3403/9/3 3352/9/3 3351/9/3
f 3403/11/3 3351/11/3 3402/11/3
f 3404/11/3 3296/11/3 3352/11/3
f 3404/9/3 3352/9/3 3403/9/3
f 3405/9/3 3297/9/3 3296/9/3
f 3405/11/3 3296/11/3 3404/11/3
f 3406/10/3 3353/10/3 3297/10/3
f 3406/9/3 3297/9/3 3405/9/3
f 3407/9/3 3354/9/3 3353/9/3
f 3407/10/3 3353/10/3 3406/10/3
f 3408/27/3 3357/27/3 3356/27/3
f 3408/27/3 3359/27/3 3358/27/3
f 3408/27/3 3358/27/3 3357/27/3
f 3409/27/3 3359/27/3 3408/27/3
f 3410/27/3 3258/27/3 3359/27/3
f 3410/27/3 3359/27/3 3409/27/3
f 3411/4/3 3301/4/3 3258/4/3
f 3411/27/3 3258/27/3 3410/27/3
f 3412/28/3 3360/28/3 3334/28/3
f 3412/4/3 3301/4/3 3411/4/3
f 3412/28/3 3334/28/3 3301/28/3
f 3413/30/3 3361/30/3 3360/30/3
f 3413/4/3 3363/4/3 3362/4/3
f 3413/4/3 3362/4/3 3361/4/3
f 3414/4/3 3363/4/3 3413/4/3
f 3415/31/3 3364/31/3 3363/31/3
f 3415/4/3 3363/4/3 3414/4/3
f 3415/31/3 3365/31/3 3364/31/3
f 3416/31/3 3365/31/3 3415/31/3
f 3417/31/3 3365/31/3 3416/31/3
f 3418/29/3 3366/29/3 3365/29/3
f 3418/31/3 3365/31/3 3417/31/3
f 3419/31/3 3367/31/3 3366/31/3
f 3419/29/3 3366/29/3 3418/29/3
f 3420/33/3 3368/33/3 3367/33/3
f 3420/31/3 3367/31/3 3419/31/3
f 3421/29/3 3369/29/3 3368/29/3
f 3421/33/3 3368/33/3 3420/33/3
f 3422/30/3 3370/30/3 3369/30/3
f 3422/29/3 3369/29/3 3421/29/3
f 3423/32/3 3373/32/3 3372/32/3
f 3423/30/3 3370/30/3 3422/30/3
f 3423/32/3 3372/32/3 3371/32/3
f 3423/32/3 3375/32/3 3374/32/3
f 3423/32/3 3378/32/3 3377/32/3
f 3423/32/3 3377/32/3 3376/32/3
f 3423/32/3 3376/32/3 3375/32/3
f 3423/32/3 3371/32/3 3370/32/3
f 3423/32/3 3374/32/3 3373/32/3
f 3424/32/3 3378/32/3 3423/32/3
f 3425/32/3 3378/32/3 3424/32/3
f 3426/32/3 3378/32/3 3425/32/3
f 3427/32/3 3378/32/3 3426/32/3
f 3428/32/3 3378/32/3 3427/32/3
f 3429/32/3 3378/32/3 3428/32/3
f 3430/30/3 3379/30/3 3378/30/3
f 3430/32/3 3378/32/3 3429/32/3
f 3430/30/3 3380/30/3 3379/30/3
f 3431/30/3 3380/30/3 3430/30/3
f 3432/31/3 3381/31/3 3380/31/3
f 3432/30/3 3380/30/3 3431/30/3
f 3433/31/3 3381/31/3 3432/31/3
f 3434/29/3 3384/29/3 3383/29/3
f 3434/31/3 3381/31/3 3433/31/3
f 3434/29/3 3383/29/3 3382/29/3
f 3434/29/3 3382/29/3 3381/29/3
f 3435/31/3 3385/31/3 3384/31/3
f 3435/29/3 3384/29/3 3434/29/3
f 3435/31/3 3386/31/3 3385/31/3
f 3436/32/3 3313/32/3 3386/32/3
f 3436/31/3 3386/31/3 3435/31/3
f 3437/32/3 3387/32/3 3234/32/3
f 3437/32/3 3234/32/3 2222/32/3
f 3438/30/3 3388/30/3 3387/30/3
f 3438/32/3 3387/32/3 3437/32/3
f 3439/30/3 3345/30/3 3388/30/3
f 3439/30/3 3388/30/3 3438/30/3
f 3440/35/3 3389/35/3 3345/35/3
f 3440/30/3 3345/30/3 3439/30/3
f 3441/29/3 3390/29/3 3389/29/3
f 3441/35/3 3389/35/3 3440/35/3
f 3442/29/3 3347/29/3 3390/29/3
f 3442/29/3 3390/29/3 3441/29/3
f 3443/30/3 3392/30/3 3391/30/3
f 3443/29/3 3347/29/3 3442/29/3
f 3443/30/3 3391/30/3 3347/30/3
f 3444/32/3 3393/32/3 3392/32/3
f 3445/29/3 3394/29/3 3393/29/3
f 3445/32/3 3393/32/3 3444/32/3
f 3446/29/3 3349/29/3 3394/29/3
f 3446/29/3 3394/29/3 3445/29/3
f 3447/29/3 3349/29/3 3446/29/3
f 3448/30/3 3396/30/3 3395/30/3
f 3448/29/3 3349/29/3 3447/29/3
f 3448/30/3 3395/30/3 3349/30/3
f 3449/29/3 3325/29/3 3396/29/3
f 3449/30/3 3396/30/3 3448/30/3
f 3450/29/3 3283/29/3 3325/29/3
f 3450/29/3 3325/29/3 3449/29/3
f 3451/31/3 3398/31/3 3397/31/3
f 3451/33/3 3397/33/3 3326/33/3
f 3452/9/3 3399/9/3 3398/9/3
f 3452/31/3 3398/31/3 3451/31/3
f 3453/11/3 3400/11/3 3399/11/3
f 3453/9/3 3399/9/3 3452/9/3
f 3453/11/3 3404/11/3 3403/11/3
f 3453/11/3 3402/11/3 3401/11/3
f 3453/11/3 3401/11/3 3400/11/3
f 3453/11/3 3406/11/3 3405/11/3
f 3453/11/3 3405/11/3 3404/11/3
f 3453/11/3 3403/11/3 3402/11/3
f 3454/9/3 3407/9/3 3406/9/3
f 3454/11/3 3406/11/3 3453/11/3
f 3455/9/3 3354/9/3 3407/9/3
f 3455/9/3 3407/9/3 3454/9/3
f 3456/32/3 3355/32/3 3354/32/3
f 3456/9/3 3354/9/3 3455/9/3
f 3456/32/3 3356/32/3 3355/32/3
f 3457/28/3 3409/28/3 3408/28/3
f 3457/27/3 3408/27/3 3356/27/3
f 3458/30/3 3410/30/3 3409/30/3
f 3458/28/3 3409/28/3 3457/28/3
f 3459/30/3 3410/30/3 3458/30/3
f 3460/28/3 3411/28/3 3410/28/3
f 3460/30/3 3410/30/3 3459/30/3
f 3460/28/3 3412/28/3 3411/28/3
f 3461/28/3 3360/28/3 3412/28/3
f 3461/28/3 3412/28/3 3460/28/3
f 3462/30/3 3414/30/3 3413/30/3
f 3462/28/3 3360/28/3 3461/28/3
f 3462/30/3 3413/30/3 3360/30/3
f 3463/28/3 3415/28/3 3414/28/3
f 3463/30/3 3414/30/3 3462/30/3
f 3464/40/3 3416/40/3 3415/40/3
f 3464/28/3 3415/28/3 3463/28/3
f 3465/28/3 3418/28/3 3417/28/3
f 3465/41/3 3417/41/3 3416/41/3
f 3466/30/3 3419/30/3 3418/30/3
f 3466/28/3 3418/28/3 3465/28/3
f 3467/28/3 3420/28/3 3419/28/3
f 3467/30/3 3419/30/3 3466/30/3
f 3468/28/3 3420/28/3 3467/28/3
f 3469/40/3 3425/40/3 3424/40/3
f 3469/28/3 3424/28/3 3423/28/3
f 3469/28/3 3423/28/3 3422/28/3
f 3470/30/3 3426/30/3 3425/30/3
f 3470/40/3 3425/40/3 3469/40/3
f 3471/28/3 3427/28/3 3426/28/3
f 3471/30/3 3426/30/3 3470/30/3
f 3472/29/3 3434/29/3 3433/29/3
f 3472/35/3 3433/35/3 3432/35/3
f 3473/32/3 3435/32/3 3434/32/3
f 3473/29/3 3434/29/3 3472/29/3
f 3473/32/3 3436/32/3 3435/32/3
f 3474/35/3 3146/35/3 3313/35/3
f 3474/32/3 3436/32/3 3473/32/3
f 3474/32/3 3313/32/3 3436/32/3
f 3475/29/3 109/29/3 3146/29/3
f 3475/35/3 3146/35/3 3474/35/3
f 3476/29/3 110/29/3 102/29/3
f 3476/32/3 3437/32/3 2222/32/3
f 3476/32/3 2222/32/3 110/32/3
f 3477/30/3 3438/30/3 3437/30/3
f 3477/32/3 3437/32/3 3476/32/3
f 3477/30/3 3439/30/3 3438/30/3
f 3478/35/3 3440/35/3 3439/35/3
f 3478/30/3 3439/30/3 3477/30/3
f 3479/32/3 3441/32/3 3440/32/3
f 3479/35/3 3440/35/3 3478/35/3
f 3480/29/3 3442/29/3 3441/29/3
f 3480/32/3 3441/32/3 3479/32/3
f 3481/30/3 3443/30/3 3442/30/3
f 3481/29/3 3442/29/3 3480/29/3
f 3482/32/3 3444/32/3 3392/32/3
f 3482/30/3 3443/30/3 3481/30/3
f 3482/30/3 3392/30/3 3443/30/3
f 3483/30/3 3445/30/3 3444/30/3
f 3483/32/3 3444/32/3 3482/32/3
f 3484/29/3 3446/29/3 3445/29/3
f 3484/30/3 3445/30/3 3483/30/3
f 3485/38/3 3447/38/3 3446/38/3
f 3485/29/3 3446/29/3 3484/29/3
f 3486/30/3 3448/30/3 3447/30/3
f 3486/38/3 3447/38/3 3485/38/3
f 3486/30/3 3449/30/3 3448/30/3
f 3486/30/3 3450/30/3 3449/30/3
f 3487/29/3 3283/29/3 3450/29/3
f 3487/30/3 3450/30/3 3486/30/3
f 3488/33/3 3452/33/3 3451/33/3
f 3488/29/3 3283/29/3 3487/29/3
f 3488/33/3 3451/33/3 3326/33/3
f 3488/33/3 3326/33/3 3283/33/3
f 3489/9/3 3454/9/3 3453/9/3
f 3489/33/3 3452/33/3 3488/33/3
f 3489/9/3 3453/9/3 3452/9/3
f 3489/9/3 3455/9/3 3454/9/3
f 3490/32/3 3456/32/3 3455/32/3
f 3490/9/3 3455/9/3 3489/9/3
f 3491/32/3 3356/32/3 3456/32/3
f 3491/32/3 3456/32/3 3490/32/3
f 3491/27/3 3457/27/3 3356/27/3
f 3492/30/3 3459/30/3 3458/30/3
f 3492/27/3 3457/27/3 3491/27/3
f 3492/30/3 3458/30/3 3457/30/3
f 3493/28/3 3461/28/3 3460/28/3
f 3493/30/3 3459/30/3 3492/30/3
f 3493/28/3 3460/28/3 3459/28/3
f 3494/30/3 3463/30/3 3462/30/3
f 3494/28/3 3461/28/3 3493/28/3
f 3494/30/3 3462/30/3 3461/30/3
f 3494/30/3 3464/30/3 3463/30/3
f 3495/40/3 3416/40/3 3464/40/3
f 3495/30/3 3464/30/3 3494/30/3
f 3496/41/3 3465/41/3 3416/41/3
f 3496/40/3 3416/40/3 3495/40/3
f 3497/30/3 3466/30/3 3465/30/3
f 3497/41/3 3465/41/3 3496/41/3
f 3497/30/3 3467/30/3 3466/30/3
f 3497/30/3 3468/30/3 3467/30/3
f 3498/28/3 3420/28/3 3468/28/3
f 3498/30/3 3468/30/3 3497/30/3
f 3499/27/3 3421/27/3 3420/27/3
f 3499/28/3 3420/28/3 3498/28/3
f 3500/32/3 3422/32/3 3421/32/3
f 3500/27/3 3421/27/3 3499/27/3
f 3501/28/3 3469/28/3 3422/28/3
f 3501/32/3 3422/32/3 3500/32/3
f 3502/41/3 3470/41/3 3469/41/3
f 3502/28/3 3469/28/3 3501/28/3
f 3503/29/3 3471/29/3 3470/29/3
f 3503/41/3 3470/41/3 3502/41/3
f 3504/28/3 3427/28/3 3471/28/3
f 3504/29/3 3471/29/3 3503/29/3
f 3505/32/3 3428/32/3 3427/32/3
f 3505/28/3 3427/28/3 3504/28/3
f 3506/28/3 3429/28/3 3428/28/3
f 3506/32/3 3428/32/3 3505/32/3
f 3507/32/3 3431/32/3 3430/32/3
f 3507/28/3 3429/28/3 3506/28/3
f 3507/32/3 3430/32/3 3429/32/3
f 3508/28/3 3432/28/3 3431/28/3
f 3508/32/3 3431/32/3 3507/32/3
f 3509/35/3 3472/35/3 3432/35/3
f 3509/28/3 3432/28/3 3508/28/3
f 3510/28/3 3473/28/3 3472/28/3
f 3510/35/3 3472/35/3 3509/35/3
f 3511/32/3 3474/32/3 3473/32/3
f 3511/28/3 3473/28/3 3510/28/3
f 3511/32/3 3475/32/3 3474/32/3
f 3512/29/3 109/29/3 3475/29/3
f 3512/32/3 3475/32/3 3511/32/3
f 3513/29/3 3509/29/3 3508/29/3
f 3513/29/3 3503/29/3 3502/29/3
f 3513/29/3 3512/29/3 3511/29/3
f 3513/29/3 3500/29/3 3499/29/3
f 3513/29/3 3501/29/3 3500/29/3
f 3513/29/3 3504/29/3 3503/29/3
f 3513/29/3 3508/29/3 3507/29/3
f 3513/29/3 3479/29/3 3478/29/3
f 3513/29/3 3502/29/3 3501/29/3
f 3513/29/3 3477/29/3 3476/29/3
f 3513/29/3 3483/29/3 3482/29/3
f 3513/29/3 3497/29/3 3496/29/3
f 3513/29/3 3486/29/3 3485/29/3
f 3513/29/3 3493/29/3 3492/29/3
f 3513/29/3 3480/29/3 3479/29/3
f 3513/29/3 3492/29/3 3491/29/3
f 3513/29/3 3507/29/3 3506/29/3
f 3513/29/3 3476/29/3 102/29/3
f 3513/29/3 3481/29/3 3480/29/3
f 3513/29/3 3495/29/3 3494/29/3
f 3513/29/3 3499/29/3 3498/29/3
f 3513/29/3 3494/29/3 3493/29/3
f 3513/29/3 3478/29/3 3477/29/3
f 3513/29/3 3484/29/3 3483/29/3
f 3513/29/3 3487/29/3 3486/29/3
f 3513/29/3 3505/29/3 3504/29/3
f 3513/29/3 3498/29/3 3497/29/3
f 3513/29/3 3506/29/3 3505/29/3
f 3513/29/3 3485/29/3 3484/29/3
f 3513/29/3 3489/29/3 3488/29/3
f 3513/29/3 3482/29/3 3481/29/3
f 3513/29/3 3510/29/3 3509/29/3
f 3513/29/3 3496/29/3 3495/29/3
f 3513/29/3 3491/29/3 3490/29/3
f 3513/29/3 3488/29/3 3487/29/3
f 3513/29/3 3511/29/3 3510/29/3
f 3513/29/3 3490/29/3 3489/29/3
f 3514/29/3 109/29/3 3512/29/3
f 3514/29/3 3512/29/3 3513/29/3
f 3521/29/3 3516/29/3 3515/29/3
f 3522/29/3 3516/29/3 3521/29/3
f 3523/29/3 3518/29/3 3517/29/3
f 3524/29/3 3518/29/3 3523/29/3
f 3525/29/3 3520/29/3 3519/29/3
f 3526/29/3 3520/29/3 3525/29/3
f 3530/33/3 3528/33/3 3527/33/3
f 3530/31/3 3529/31/3 3528/31/3
f 3531/31/3 3529/31/3 3530/31/3
f 3532/33/3 3530/33/3 3527/33/3
f 3532/33/3 3531/33/3 3530/33/3
f 3533/31/3 3529/31/3 3531/31/3
f 3533/33/3 3531/33/3 3532/33/3
f 3534/31/3 3529/31/3 3533/31/3
f 3537/21/3 3536/21/3 3535/21/3
f 3538/21/3 3536/21/3 3537/21/3
f 3541/31/3 3540/31/3 3539/31/3
f 3542/31/3 3540/31/3 3541/31/3
f 3551/32/3 3544/32/3 3543/32/3
f 3551/31/3 3545/31/3 3544/31/3
f 3552/31/3 3545/31/3 3551/31/3
f 3553/31/3 3545/31/3 3552/31/3
f 3554/31/3 3545/31/3 3553/31/3
f 3555/31/3 3545/31/3 3554/31/3
f 3556/31/3 3545/31/3 3555/31/3
f 3557/31/3 3545/31/3 3556/31/3
f 3558/32/3 3546/32/3 3545/32/3
f 3558/31/3 3545/31/3 3557/31/3
f 3559/32/3 3552/32/3 3551/32/3
f 3559/31/3 3553/31/3 3552/31/3
f 3560/31/3 3553/31/3 3559/31/3
f 3561/32/3 3554/32/3 3553/32/3
f 3561/31/3 3555/31/3 3554/31/3
f 3562/31/3 3555/31/3 3561/31/3
f 3563/31/3 3555/31/3 3562/31/3
f 3564/31/3 3555/31/3 3563/31/3
f 3565/31/3 3555/31/3 3564/31/3
f 3566/31/3 3555/31/3 3565/31/3
f 3567/31/3 3557/31/3 3556/31/3
f 3568/32/3 3558/32/3 3557/32/3
f 3568/31/3 3557/31/3 3567/31/3
f 3569/32/3 3546/32/3 3558/32/3
f 3569/32/3 3558/32/3 3568/32/3
f 3570/31/3 3547/31/3 3546/31/3
f 3570/32/3 3546/32/3 3569/32/3
f 3571/31/3 3547/31/3 3570/31/3
f 3572/32/3 3548/32/3 3547/32/3
f 3572/31/3 3547/31/3 3571/31/3
f 3573/31/3 3549/31/3 3548/31/3
f 3573/32/3 3548/32/3 3572/32/3
f 3574/32/3 3550/32/3 3549/32/3
f 3574/31/3 3549/31/3 3573/31/3
f 3575/31/3 3553/31/3 3560/31/3
f 3575/32/3 3560/32/3 3559/32/3
f 3576/32/3 3561/32/3 3553/32/3
f 3576/31/3 3553/31/3 3575/31/3
f 3576/32/3 3562/32/3 3561/32/3
f 3577/31/3 3563/31/3 3562/31/3
f 3578/32/3 3564/32/3 3563/32/3
f 3578/31/3 3563/31/3 3577/31/3
f 3579/31/3 3555/31/3 3566/31/3
f 3579/32/3 3566/32/3 3565/32/3
f 3580/32/3 3556/32/3 3555/32/3
f 3580/31/3 3555/31/3 3579/31/3
f 3581/31/3 3567/31/3 3556/31/3
f 3581/32/3 3556/32/3 3580/32/3
f 3582/31/3 3567/31/3 3581/31/3
f 3583/31/3 3577/31/3 3562/31/3
f 3584/32/3 3578/32/3 3577/32/3
f 3584/31/3 3577/31/3 3583/31/3
f 3585/32/3 3564/32/3 3578/32/3
f 3585/32/3 3578/32/3 3584/32/3
f 3585/31/3 3565/31/3 3564/31/3
f 3586/32/3 3580/32/3 3579/32/3
f 3586/31/3 3565/31/3 3585/31/3
f 3586/32/3 3579/32/3 3565/32/3
f 3586/32/3 3581/32/3 3580/32/3
f 3586/32/3 3582/32/3 3581/32/3
f 3587/31/3 3567/31/3 3582/31/3
f 3587/32/3 3582/32/3 3586/32/3
f 3588/32/3 3569/32/3 3568/32/3
f 3588/31/3 3567/31/3 3587/31/3
f 3588/32/3 3568/32/3 3567/32/3
f 3589/31/3 3571/31/3 3570/31/3
f 3589/32/3 3569/32/3 3588/32/3
f 3589/31/3 3570/31/3 3569/31/3
f 3590/31/3 3571/31/3 3589/31/3
f 3591/32/3 3551/32/3 3543/32/3
f 3591/32/3 3576/32/3 3575/32/3
f 3591/32/3 3559/32/3 3551/32/3
f 3591/32/3 3575/32/3 3559/32/3
f 3592/31/3 3583/31/3 3562/31/3
f 3592/32/3 3576/32/3 3591/32/3
f 3592/32/3 3562/32/3 3576/32/3
f 3593/32/3 3584/32/3 3583/32/3
f 3593/31/3 3583/31/3 3592/31/3
f 3593/32/3 3587/32/3 3586/32/3
f 3593/32/3 3586/32/3 3585/32/3
f 3593/32/3 3589/32/3 3588/32/3
f 3593/32/3 3590/32/3 3589/32/3
f 3593/32/3 3588/32/3 3587/32/3
f 3593/32/3 3585/32/3 3584/32/3
f 3594/31/3 3571/31/3 3590/31/3
f 3594/32/3 3590/32/3 3593/32/3
f 3595/32/3 3573/32/3 3572/32/3
f 3595/31/3 3571/31/3 3594/31/3
f 3595/32/3 3572/32/3 3571/32/3
f 3595/32/3 3574/32/3 3573/32/3
f 3596/32/3 3550/32/3 3574/32/3
f 3596/32/3 3574/32/3 3595/32/3
f 3597/32/4 3598/32/4 3599/32/4
f 3599/32/4 3598/32/4 3600/32/4
f 3601/32/4 3602/32/4 3603/32/4
f 3603/32/4 3602/32/4 3604/32/4
f 3605/32/4 3606/32/4 3607/32/4
f 3607/32/4 3606/32/4 3608/32/4
f 3609/32/4 3610/32/4 3611/32/4
f 3611/32/4 3610/32/4 3612/32/4
f 3613/29/4 3614/29/4 3615/29/4
f 3615/29/4 3614/29/4 3616/29/4
f 3616/29/4 3614/29/4 3617/29/4
f 3617/29/4 3614/29/4 3618/29/4
f 3618/29/4 3614/29/4 3619/29/4
f 3619/29/4 3614/29/4 3620/29/4
f 3620/29/4 3614/29/4 3621/29/4
f 3621/29/4 3614/29/4 3622/29/4
f 3622/29/4 3614/29/4 3623/29/4
f 3623/29/4 3614/29/4 3624/29/4
f 3624/29/4 3614/29/4 3625/29/4
f 3625/29/4 3614/29/4 3626/29/4
f 3626/29/4 3614/29/4 3627/29/4
f 3627/29/4 3614/29/4 3628/29/4
f 3628/29/4 3614/29/4 3629/29/4
f 3629/29/4 3614/29/4 3630/29/4
f 3630/29/4 3614/29/4 3631/29/4
f 3631/29/4 3614/29/4 3632/29/4
f 3632/29/4 3614/29/4 3633/29/4
f 3633/29/4 3614/29/4 3634/29/4
f 3634/29/4 3614/29/4 3635/29/4
f 3635/29/4 3614/29/4 3636/29/4
f 3636/29/4 3614/29/4 3637/29/4
f 3637/29/4 3614/29/4 3638/29/4
f 3638/29/4 3614/29/4 3639/29/4
f 3639/29/4 3614/29/4 3640/29/4
f 3640/29/4 3614/29/4 3641/29/4
f 3641/29/4 3614/29/4 3642/29/4
f 3642/29/4 3614/29/4 3643/29/4
f 3643/29/4 3614/29/4 3644/29/4
f 3644/29/4 3614/29/4 3645/29/4
f 3645/29/4 3614/29/4 3646/29/4
f 3646/29/4 3614/29/4 3647/29/4
f 3616/29/4 3617/29/4 3648/29/4
f 3617/32/4 3618/32/4 3648/32/4
f 3618/35/4 3619/35/4 3649/35/4
f 3648/32/4 3618/32/4 3649/32/4
f 3619/32/4 3620/32/4 3650/32/4
f 3649/35/4 3619/35/4 3650/35/4
f 3650/32/4 3620/32/4 3651/32/4
f 3621/32/4 3622/32/4 3652/32/4
f 3622/30/4 3623/30/4 3652/30/4
f 3652/30/4 3623/30/4 3653/30/4
f 3623/29/4 3624/29/4 3654/29/4
f 3653/30/4 3623/30/4 3654/30/4
f 3654/29/4 3624/29/4 3655/29/4
f 3624/38/4 3625/38/4 3656/38/4
f 3655/29/4 3624/29/4 3656/29/4
f 3625/29/4 3626/29/4 3657/29/4
f 3656/38/4 3625/38/4 3657/38/4
f 3627/32/4 3628/32/4 3658/32/4
f 3628/30/4 3629/30/4 3658/30/4
f 3658/30/4 3629/30/4 3659/30/4
f 3629/28/4 3630/28/4 3660/28/4
f 3659/30/4 3629/30/4 3660/30/4
f 3630/30/4 3631/30/4 3661/30/4
f 3660/28/4 3630/28/4 3661/28/4
f 3631/28/4 3632/28/4 3662/28/4
f 3661/30/4 3631/30/4 3662/30/4
f 3636/32/4 3637/32/4 3663/32/4
f 3637/29/4 3638/29/4 3663/29/4
f 3638/30/4 3639/30/4 3664/30/4
f 3663/29/4 3638/29/4 3664/29/4
f 3641/32/4 3642/32/4 3665/32/4
f 3665/32/4 3642/32/4 3666/32/4
f 3642/28/4 3643/28/4 3667/28/4
f 3666/32/4 3642/32/4 3667/32/4
f 3643/35/4 3644/35/4 3668/35/4
f 3667/28/4 3643/28/4 3668/28/4
f 3644/29/4 3645/29/4 3669/29/4
f 3668/35/4 3644/35/4 3669/35/4
f 3645/32/4 3646/32/4 3670/32/4
f 3669/29/4 3645/29/4 3670/29/4
f 3646/35/4 3647/35/4 3671/35/4
f 3670/32/4 3646/32/4 3671/32/4
f 3671/35/4 3647/35/4 3672/35/4
f 3615/32/4 3616/32/4 3673/32/4
f 3616/29/4 3648/29/4 3673/29/4
f 3648/29/4 3649/29/4 3673/29/4
f 3673/29/4 3649/29/4 3674/29/4
f 3649/32/4 3650/32/4 3675/32/4
f 3674/29/4 3649/29/4 3675/29/4
f 3650/35/4 3651/35/4 3676/35/4
f 3675/32/4 3650/32/4 3676/32/4
f 3651/32/4 3620/32/4 3677/32/4
f 3676/35/4 3651/35/4 3677/35/4
f 3677/32/4 3620/32/4 3678/32/4
f 3654/38/4 3655/38/4 3679/38/4
f 3653/30/4 3654/30/4 3679/30/4
f 3655/29/4 3656/29/4 3680/29/4
f 3679/38/4 3655/38/4 3680/38/4
f 3656/29/4 3657/29/4 3680/29/4
f 3658/32/4 3659/32/4 3681/32/4
f 3627/32/4 3658/32/4 3681/32/4
f 3681/32/4 3659/32/4 3682/32/4
f 3639/39/4 3640/39/4 3683/39/4
f 3664/30/4 3639/30/4 3683/30/4
f 3640/30/4 3641/30/4 3684/30/4
f 3683/39/4 3640/39/4 3684/39/4
f 3641/32/4 3665/32/4 3685/32/4
f 3665/30/4 3666/30/4 3686/30/4
f 3685/32/4 3665/32/4 3686/32/4
f 3666/32/4 3667/32/4 3687/32/4
f 3686/30/4 3666/30/4 3687/30/4
f 3687/32/4 3667/32/4 3688/32/4
f 3667/35/4 3668/35/4 3689/35/4
f 3688/32/4 3667/32/4 3689/32/4
f 3668/29/4 3669/29/4 3690/29/4
f 3689/35/4 3668/35/4 3690/35/4
f 3669/32/4 3670/32/4 3691/32/4
f 3690/29/4 3669/29/4 3691/29/4
f 3671/32/4 3672/32/4 3691/32/4
f 3670/32/4 3671/32/4 3691/32/4
f 3620/35/4 3621/35/4 3692/35/4
f 3678/32/4 3620/32/4 3692/32/4
f 3652/32/4 3653/32/4 3693/32/4
f 3692/35/4 3621/35/4 3693/35/4
f 3621/32/4 3652/32/4 3693/32/4
f 3693/32/4 3653/32/4 3694/32/4
f 3694/32/4 3653/32/4 3695/32/4
f 3653/30/4 3679/30/4 3696/30/4
f 3695/32/4 3653/32/4 3696/32/4
f 3679/29/4 3680/29/4 3697/29/4
f 3696/30/4 3679/30/4 3697/30/4
f 3626/33/4 3627/33/4 3698/33/4
f 3627/32/4 3681/32/4 3698/32/4
f 3698/32/4 3681/32/4 3699/32/4
f 3681/28/4 3682/28/4 3700/28/4
f 3699/32/4 3681/32/4 3700/32/4
f 3700/28/4 3682/28/4 3701/28/4
f 3660/28/4 3661/28/4 3702/28/4
f 3661/28/4 3662/28/4 3702/28/4
f 3662/28/4 3632/28/4 3703/28/4
f 3702/28/4 3662/28/4 3703/28/4
f 3683/41/4 3684/41/4 3704/41/4
f 3664/30/4 3683/30/4 3704/30/4
f 3684/30/4 3641/30/4 3705/30/4
f 3704/41/4 3684/41/4 3705/41/4
f 3686/30/4 3687/30/4 3706/30/4
f 3685/30/4 3686/30/4 3706/30/4
f 3687/30/4 3688/30/4 3706/30/4
f 3689/32/4 3690/32/4 3707/32/4
f 3706/30/4 3688/30/4 3707/30/4
f 3690/32/4 3691/32/4 3707/32/4
f 3688/32/4 3689/32/4 3707/32/4
f 3707/32/4 3691/32/4 3708/32/4
f 3708/32/4 3691/32/4 3709/32/4
f 3691/32/4 3672/32/4 3710/32/4
f 3709/32/4 3691/32/4 3710/32/4
f 3672/35/4 3647/35/4 3711/35/4
f 3710/32/4 3672/32/4 3711/32/4
f 3647/29/4 3614/29/4 3712/29/4
f 3711/35/4 3647/35/4 3712/35/4
f 3676/32/4 3677/32/4 3713/32/4
f 3677/35/4 3678/35/4 3713/35/4
f 3678/32/4 3692/32/4 3714/32/4
f 3713/35/4 3678/35/4 3714/35/4
f 3692/32/4 3693/32/4 3714/32/4
f 3714/32/4 3693/32/4 3715/32/4
f 3694/32/4 3695/32/4 3716/32/4
f 3695/33/4 3696/33/4 3717/33/4
f 3716/32/4 3695/32/4 3717/32/4
f 3696/31/4 3697/31/4 3718/31/4
f 3717/33/4 3696/33/4 3718/33/4
f 3697/29/4 3680/29/4 3719/29/4
f 3718/31/4 3697/31/4 3719/31/4
f 3680/29/4 3657/29/4 3720/29/4
f 3719/29/4 3680/29/4 3720/29/4
f 3626/33/4 3698/33/4 3721/33/4
f 3720/29/4 3657/29/4 3721/29/4
f 3657/29/4 3626/29/4 3721/29/4
f 3698/33/4 3699/33/4 3721/33/4
f 3701/28/4 3682/28/4 3722/28/4
f 3700/32/4 3701/32/4 3722/32/4
f 3699/32/4 3700/32/4 3722/32/4
f 3682/32/4 3659/32/4 3723/32/4
f 3722/28/4 3682/28/4 3723/28/4
f 3659/27/4 3660/27/4 3724/27/4
f 3723/32/4 3659/32/4 3724/32/4
f 3660/28/4 3702/28/4 3725/28/4
f 3724/27/4 3660/27/4 3725/27/4
f 3633/39/4 3634/39/4 3726/39/4
f 3634/28/4 3635/28/4 3726/28/4
f 3726/28/4 3635/28/4 3727/28/4
f 3636/32/4 3663/32/4 3728/32/4
f 3663/32/4 3664/32/4 3728/32/4
f 3728/32/4 3664/32/4 3729/32/4
f 3705/30/4 3641/30/4 3730/30/4
f 3704/40/4 3705/40/4 3730/40/4
f 3641/32/4 3685/32/4 3731/32/4
f 3730/30/4 3641/30/4 3731/30/4
f 3708/32/4 3709/32/4 3732/32/4
f 3707/30/4 3708/30/4 3732/30/4
f 3732/32/4 3709/32/4 3733/32/4
f 3709/30/4 3710/30/4 3734/30/4
f 3733/32/4 3709/32/4 3734/32/4
f 3734/30/4 3710/30/4 3735/30/4
f 3675/29/4 3676/29/4 3736/29/4
f 3674/29/4 3675/29/4 3736/29/4
f 3673/30/4 3674/30/4 3736/30/4
f 3736/29/4 3676/29/4 3737/29/4
f 3715/32/4 3693/32/4 3738/32/4
f 3714/35/4 3715/35/4 3738/35/4
f 3693/35/4 3694/35/4 3739/35/4
f 3738/32/4 3693/32/4 3739/32/4
f 3694/32/4 3716/32/4 3740/32/4
f 3739/35/4 3694/35/4 3740/35/4
f 3740/32/4 3716/32/4 3741/32/4
f 3717/33/4 3718/33/4 3742/33/4
f 3718/33/4 3719/33/4 3742/33/4
f 3716/30/4 3717/30/4 3742/30/4
f 3742/33/4 3719/33/4 3743/33/4
f 3719/29/4 3720/29/4 3744/29/4
f 3743/33/4 3719/33/4 3744/33/4
f 3744/29/4 3720/29/4 3745/29/4
f 3722/32/4 3723/32/4 3746/32/4
f 3723/32/4 3724/32/4 3746/32/4
f 3724/28/4 3725/28/4 3747/28/4
f 3746/32/4 3724/32/4 3747/32/4
f 3725/28/4 3702/28/4 3748/28/4
f 3747/28/4 3725/28/4 3748/28/4
f 3748/28/4 3702/28/4 3749/28/4
f 3704/40/4 3730/40/4 3750/40/4
f 3664/30/4 3704/30/4 3750/30/4
f 3730/27/4 3731/27/4 3751/27/4
f 3750/40/4 3730/40/4 3751/40/4
f 3732/30/4 3733/30/4 3752/30/4
f 3706/29/4 3707/29/4 3752/29/4
f 3707/30/4 3732/30/4 3752/30/4
f 3752/30/4 3733/30/4 3753/30/4
f 3753/30/4 3733/30/4 3754/30/4
f 3734/29/4 3735/29/4 3755/29/4
f 3754/30/4 3733/30/4 3755/30/4
f 3733/29/4 3734/29/4 3755/29/4
f 3755/29/4 3735/29/4 3756/29/4
f 3756/29/4 3735/29/4 3757/29/4
f 3735/30/4 3710/30/4 3758/30/4
f 3757/29/4 3735/29/4 3758/29/4
f 3758/30/4 3710/30/4 3759/30/4
f 3759/30/4 3710/30/4 3760/30/4
f 3760/30/4 3710/30/4 3761/30/4
f 3736/30/4 3737/30/4 3762/30/4
f 3615/32/4 3673/32/4 3762/32/4
f 3673/30/4 3736/30/4 3762/30/4
f 3762/30/4 3737/30/4 3763/30/4
f 3737/29/4 3676/29/4 3764/29/4
f 3763/30/4 3737/30/4 3764/30/4
f 3676/32/4 3713/32/4 3765/32/4
f 3764/29/4 3676/29/4 3765/29/4
f 3713/32/4 3714/32/4 3765/32/4
f 3714/35/4 3738/35/4 3766/35/4
f 3765/32/4 3714/32/4 3766/32/4
f 3739/29/4 3740/29/4 3767/29/4
f 3766/35/4 3738/35/4 3767/35/4
f 3738/29/4 3739/29/4 3767/29/4
f 3767/29/4 3740/29/4 3768/29/4
f 3740/35/4 3741/35/4 3769/35/4
f 3768/29/4 3740/29/4 3769/29/4
f 3742/30/4 3743/30/4 3770/30/4
f 3716/30/4 3742/30/4 3770/30/4
f 3743/33/4 3744/33/4 3771/33/4
f 3770/30/4 3743/30/4 3771/30/4
f 3744/31/4 3745/31/4 3772/31/4
f 3771/33/4 3744/33/4 3772/33/4
f 3745/29/4 3720/29/4 3773/29/4
f 3772/31/4 3745/31/4 3773/31/4
f 3773/29/4 3720/29/4 3774/29/4
f 3721/33/4 3699/33/4 3775/33/4
f 3720/33/4 3721/33/4 3775/33/4
f 3722/32/4 3746/32/4 3776/32/4
f 3775/33/4 3699/33/4 3776/33/4
f 3699/32/4 3722/32/4 3776/32/4
f 3703/28/4 3632/28/4 3777/28/4
f 3632/41/4 3633/41/4 3777/41/4
f 3633/39/4 3726/39/4 3778/39/4
f 3777/41/4 3633/41/4 3778/41/4
f 3751/27/4 3731/27/4 3779/27/4
f 3731/32/4 3685/32/4 3779/32/4
f 3685/30/4 3706/30/4 3780/30/4
f 3779/32/4 3685/32/4 3780/32/4
f 3706/29/4 3752/29/4 3781/29/4
f 3780/30/4 3706/30/4 3781/30/4
f 3752/40/4 3753/40/4 3782/40/4
f 3781/29/4 3752/29/4 3782/29/4
f 3753/41/4 3754/41/4 3783/41/4
f 3782/40/4 3753/40/4 3783/40/4
f 3754/29/4 3755/29/4 3784/29/4
f 3783/41/4 3754/41/4 3784/41/4
f 3755/29/4 3756/29/4 3784/29/4
f 3756/39/4 3757/39/4 3785/39/4
f 3784/29/4 3756/29/4 3785/29/4
f 3758/40/4 3759/40/4 3786/40/4
f 3785/39/4 3757/39/4 3786/39/4
f 3757/40/4 3758/40/4 3786/40/4
f 3759/41/4 3760/41/4 3787/41/4
f 3786/40/4 3759/40/4 3787/40/4
f 3760/39/4 3761/39/4 3788/39/4
f 3787/41/4 3760/41/4 3788/41/4
f 3761/30/4 3710/30/4 3789/30/4
f 3788/39/4 3761/39/4 3789/39/4
f 3763/30/4 3764/30/4 3790/30/4
f 3764/35/4 3765/35/4 3790/35/4
f 3765/32/4 3766/32/4 3791/32/4
f 3790/35/4 3765/35/4 3791/35/4
f 3766/32/4 3767/32/4 3791/32/4
f 3791/32/4 3767/32/4 3792/32/4
f 3769/35/4 3741/35/4 3793/35/4
f 3768/30/4 3769/30/4 3793/30/4
f 3741/32/4 3716/32/4 3794/32/4
f 3793/35/4 3741/35/4 3794/35/4
f 3771/33/4 3772/33/4 3795/33/4
f 3770/29/4 3771/29/4 3795/29/4
f 3772/33/4 3773/33/4 3795/33/4
f 3795/33/4 3773/33/4 3796/33/4
f 3773/31/4 3774/31/4 3797/31/4
f 3796/33/4 3773/33/4 3797/33/4
f 3774/29/4 3720/29/4 3798/29/4
f 3797/31/4 3774/31/4 3798/31/4
f 3720/33/4 3775/33/4 3799/33/4
f 3798/29/4 3720/29/4 3799/29/4
f 3702/30/4 3703/30/4 3800/30/4
f 3703/28/4 3777/28/4 3800/28/4
f 3777/40/4 3778/40/4 3801/40/4
f 3800/28/4 3777/28/4 3801/28/4
f 3751/27/4 3779/27/4 3802/27/4
f 3779/30/4 3780/30/4 3802/30/4
f 3781/29/4 3782/29/4 3803/29/4
f 3802/30/4 3780/30/4 3803/30/4
f 3780/29/4 3781/29/4 3803/29/4
f 3803/29/4 3782/29/4 3804/29/4
f 3783/29/4 3784/29/4 3805/29/4
f 3787/29/4 3788/29/4 3805/29/4
f 3788/29/4 3789/29/4 3805/29/4
f 3784/29/4 3785/29/4 3805/29/4
f 3782/30/4 3783/30/4 3805/30/4
f 3786/29/4 3787/29/4 3805/29/4
f 3785/29/4 3786/29/4 3805/29/4
f 3805/29/4 3789/29/4 3806/29/4
f 3806/29/4 3789/29/4 3807/29/4
f 3807/29/4 3789/29/4 3808/29/4
f 3808/29/4 3789/29/4 3809/29/4
f 3809/29/4 3789/29/4 3810/29/4
f 3789/30/4 3710/30/4 3811/30/4
f 3810/29/4 3789/29/4 3811/29/4
f 3710/35/4 3711/35/4 3812/35/4
f 3811/30/4 3710/30/4 3812/30/4
f 3711/32/4 3712/32/4 3813/32/4
f 3812/35/4 3711/35/4 3813/35/4
f 3712/29/4 3614/29/4 3814/29/4
f 3813/32/4 3712/32/4 3814/32/4
f 3762/32/4 3763/32/4 3815/32/4
f 3790/30/4 3791/30/4 3815/30/4
f 3763/30/4 3790/30/4 3815/30/4
f 3791/35/4 3792/35/4 3816/35/4
f 3815/30/4 3791/30/4 3816/30/4
f 3794/32/4 3716/32/4 3817/32/4
f 3793/29/4 3794/29/4 3817/29/4
f 3716/30/4 3770/30/4 3818/30/4
f 3817/32/4 3716/32/4 3818/32/4
f 3796/31/4 3797/31/4 3819/31/4
f 3797/31/4 3798/31/4 3819/31/4
f 3795/29/4 3796/29/4 3819/29/4
f 3819/31/4 3798/31/4 3820/31/4
f 3801/40/4 3778/40/4 3821/40/4
f 3800/30/4 3801/30/4 3821/30/4
f 3778/39/4 3726/39/4 3822/39/4
f 3821/40/4 3778/40/4 3822/40/4
f 3726/38/4 3727/38/4 3823/38/4
f 3822/39/4 3726/39/4 3823/39/4
f 3727/28/4 3635/28/4 3824/28/4
f 3823/38/4 3727/38/4 3824/38/4
f 3824/28/4 3635/28/4 3825/28/4
f 3635/27/4 3636/27/4 3826/27/4
f 3825/28/4 3635/28/4 3826/28/4
f 3636/32/4 3728/32/4 3827/32/4
f 3826/27/4 3636/27/4 3827/27/4
f 3782/30/4 3805/30/4 3828/30/4
f 3805/30/4 3806/30/4 3828/30/4
f 3806/29/4 3807/29/4 3829/29/4
f 3828/30/4 3806/30/4 3829/30/4
f 3807/28/4 3808/28/4 3830/28/4
f 3829/29/4 3807/29/4 3830/29/4
f 3808/29/4 3809/29/4 3831/29/4
f 3830/28/4 3808/28/4 3831/28/4
f 3809/28/4 3810/28/4 3832/28/4
f 3831/29/4 3809/29/4 3832/29/4
f 3810/29/4 3811/29/4 3833/29/4
f 3832/28/4 3810/28/4 3833/28/4
f 3816/35/4 3792/35/4 3834/35/4
f 3815/32/4 3816/32/4 3834/32/4
f 3792/32/4 3767/32/4 3835/32/4
f 3834/35/4 3792/35/4 3835/35/4
f 3835/32/4 3767/32/4 3836/32/4
f 3767/35/4 3768/35/4 3837/35/4
f 3836/32/4 3767/32/4 3837/32/4
f 3768/30/4 3793/30/4 3838/30/4
f 3837/35/4 3768/35/4 3838/35/4
f 3793/29/4 3817/29/4 3839/29/4
f 3838/30/4 3793/30/4 3839/30/4
f 3817/35/4 3818/35/4 3840/35/4
f 3839/29/4 3817/29/4 3840/29/4
f 3818/30/4 3770/30/4 3841/30/4
f 3840/35/4 3818/35/4 3841/35/4
f 3770/29/4 3795/29/4 3842/29/4
f 3841/30/4 3770/30/4 3842/30/4
f 3819/29/4 3820/29/4 3842/29/4
f 3795/29/4 3819/29/4 3842/29/4
f 3842/29/4 3820/29/4 3843/29/4
f 3820/31/4 3798/31/4 3844/31/4
f 3843/29/4 3820/29/4 3844/29/4
f 3798/33/4 3799/33/4 3845/33/4
f 3844/31/4 3798/31/4 3845/31/4
f 3800/30/4 3821/30/4 3846/30/4
f 3702/30/4 3800/30/4 3846/30/4
f 3824/28/4 3825/28/4 3847/28/4
f 3846/30/4 3821/30/4 3847/30/4
f 3822/28/4 3823/28/4 3847/28/4
f 3821/28/4 3822/28/4 3847/28/4
f 3823/28/4 3824/28/4 3847/28/4
f 3750/30/4 3751/30/4 3848/30/4
f 3664/30/4 3750/30/4 3848/30/4
f 3751/27/4 3802/27/4 3849/27/4
f 3848/30/4 3751/30/4 3849/30/4
f 3804/29/4 3782/29/4 3850/29/4
f 3803/30/4 3804/30/4 3850/30/4
f 3782/30/4 3828/30/4 3851/30/4
f 3850/29/4 3782/29/4 3851/29/4
f 3851/30/4 3828/30/4 3852/30/4
f 3831/29/4 3832/29/4 3853/29/4
f 3852/30/4 3828/30/4 3853/30/4
f 3830/29/4 3831/29/4 3853/29/4
f 3832/29/4 3833/29/4 3853/29/4
f 3828/29/4 3829/29/4 3853/29/4
f 3829/29/4 3830/29/4 3853/29/4
f 3853/29/4 3833/29/4 3854/29/4
f 3854/29/4 3833/29/4 3855/29/4
f 3855/29/4 3833/29/4 3856/29/4
f 3856/29/4 3833/29/4 3857/29/4
f 3833/29/4 3811/29/4 3858/29/4
f 3857/29/4 3833/29/4 3858/29/4
f 3839/29/4 3840/29/4 3859/29/4
f 3841/29/4 3842/29/4 3859/29/4
f 3840/29/4 3841/29/4 3859/29/4
f 3842/30/4 3843/30/4 3860/30/4
f 3859/29/4 3842/29/4 3860/29/4
f 3844/29/4 3845/29/4 3861/29/4
f 3860/30/4 3843/30/4 3861/30/4
f 3843/29/4 3844/29/4 3861/29/4
f 3861/29/4 3845/29/4 3862/29/4
f 3776/32/4 3746/32/4 3863/32/4
f 3746/28/4 3747/28/4 3863/28/4
f 3747/32/4 3748/32/4 3864/32/4
f 3863/28/4 3747/28/4 3864/28/4
f 3847/28/4 3825/28/4 3865/28/4
f 3846/28/4 3847/28/4 3865/28/4
f 3865/28/4 3825/28/4 3866/28/4
f 3866/28/4 3825/28/4 3867/28/4
f 3826/32/4 3827/32/4 3868/32/4
f 3825/27/4 3826/27/4 3868/27/4
f 3827/32/4 3728/32/4 3869/32/4
f 3868/32/4 3827/32/4 3869/32/4
f 3664/30/4 3848/30/4 3870/30/4
f 3848/39/4 3849/39/4 3870/39/4
f 3849/27/4 3802/27/4 3871/27/4
f 3870/39/4 3849/39/4 3871/39/4
f 3851/30/4 3852/30/4 3872/30/4
f 3850/30/4 3851/30/4 3872/30/4
f 3802/32/4 3803/32/4 3872/32/4
f 3803/30/4 3850/30/4 3872/30/4
f 3872/30/4 3852/30/4 3873/30/4
f 3852/40/4 3853/40/4 3874/40/4
f 3873/30/4 3852/30/4 3874/30/4
f 3853/40/4 3854/40/4 3874/40/4
f 3874/40/4 3854/40/4 3875/40/4
f 3854/39/4 3855/39/4 3876/39/4
f 3875/40/4 3854/40/4 3876/40/4
f 3855/40/4 3856/40/4 3877/40/4
f 3876/39/4 3855/39/4 3877/39/4
f 3856/41/4 3857/41/4 3878/41/4
f 3877/40/4 3856/40/4 3878/40/4
f 3857/39/4 3858/39/4 3879/39/4
f 3878/41/4 3857/41/4 3879/41/4
f 3858/29/4 3811/29/4 3880/29/4
f 3879/39/4 3858/39/4 3880/39/4
f 3811/35/4 3812/35/4 3881/35/4
f 3880/29/4 3811/29/4 3881/29/4
f 3812/32/4 3813/32/4 3882/32/4
f 3881/35/4 3812/35/4 3882/35/4
f 3835/35/4 3836/35/4 3883/35/4
f 3834/32/4 3835/32/4 3883/32/4
f 3836/32/4 3837/32/4 3884/32/4
f 3883/35/4 3836/35/4 3884/35/4
f 3837/32/4 3838/32/4 3884/32/4
f 3884/32/4 3838/32/4 3885/32/4
f 3838/35/4 3839/35/4 3886/35/4
f 3885/32/4 3838/32/4 3886/32/4
f 3839/29/4 3859/29/4 3887/29/4
f 3886/35/4 3839/35/4 3887/35/4
f 3887/29/4 3859/29/4 3888/29/4
f 3861/38/4 3862/38/4 3889/38/4
f 3860/30/4 3861/30/4 3889/30/4
f 3862/29/4 3845/29/4 3890/29/4
f 3889/38/4 3862/38/4 3890/38/4
f 3865/40/4 3866/40/4 3891/40/4
f 3846/28/4 3865/28/4 3891/28/4
f 3866/41/4 3867/41/4 3892/41/4
f 3891/40/4 3866/40/4 3892/40/4
f 3868/27/4 3869/27/4 3893/27/4
f 3867/28/4 3825/28/4 3893/28/4
f 3825/27/4 3868/27/4 3893/27/4
f 3893/27/4 3869/27/4 3894/27/4
f 3874/29/4 3875/29/4 3895/29/4
f 3876/28/4 3877/28/4 3896/28/4
f 3895/29/4 3875/29/4 3896/29/4
f 3875/28/4 3876/28/4 3896/28/4
f 3896/28/4 3877/28/4 3897/28/4
f 3878/29/4 3879/29/4 3898/29/4
f 3897/28/4 3877/28/4 3898/28/4
f 3877/29/4 3878/29/4 3898/29/4
f 3879/29/4 3880/29/4 3898/29/4
f 3898/29/4 3880/29/4 3899/29/4
f 3882/32/4 3813/32/4 3900/32/4
f 3881/32/4 3882/32/4 3900/32/4
f 3813/35/4 3814/35/4 3901/35/4
f 3900/32/4 3813/32/4 3901/32/4
f 3814/29/4 3614/29/4 3902/29/4
f 3901/35/4 3814/35/4 3902/35/4
f 3815/32/4 3834/32/4 3903/32/4
f 3834/32/4 3883/32/4 3903/32/4
f 3615/32/4 3762/32/4 3903/32/4
f 3762/32/4 3815/32/4 3903/32/4
f 3903/32/4 3883/32/4 3904/32/4
f 3884/35/4 3885/35/4 3905/35/4
f 3883/30/4 3884/30/4 3905/30/4
f 3885/32/4 3886/32/4 3906/32/4
f 3905/35/4 3885/35/4 3906/35/4
f 3886/32/4 3887/32/4 3906/32/4
f 3890/29/4 3845/29/4 3907/29/4
f 3889/29/4 3890/29/4 3907/29/4
f 3907/29/4 3845/29/4 3908/29/4
f 3891/39/4 3892/39/4 3909/39/4
f 3846/28/4 3891/28/4 3909/28/4
f 3892/41/4 3867/41/4 3910/41/4
f 3909/39/4 3892/39/4 3910/39/4
f 3893/28/4 3894/28/4 3911/28/4
f 3910/41/4 3867/41/4 3911/41/4
f 3867/28/4 3893/28/4 3911/28/4
f 3911/28/4 3894/28/4 3912/28/4
f 3894/27/4 3869/27/4 3913/27/4
f 3912/28/4 3894/28/4 3913/28/4
f 3664/30/4 3870/30/4 3914/30/4
f 3870/30/4 3871/30/4 3914/30/4
f 3871/27/4 3802/27/4 3915/27/4
f 3914/30/4 3871/30/4 3915/30/4
f 3872/32/4 3873/32/4 3916/32/4
f 3915/27/4 3802/27/4 3916/27/4
f 3802/32/4 3872/32/4 3916/32/4
f 3873/30/4 3874/30/4 3917/30/4
f 3916/32/4 3873/32/4 3917/32/4
f 3917/30/4 3874/30/4 3918/30/4
f 3918/30/4 3874/30/4 3919/30/4
f 3874/29/4 3895/29/4 3920/29/4
f 3919/30/4 3874/30/4 3920/30/4
f 3920/29/4 3895/29/4 3921/29/4
f 3895/28/4 3896/28/4 3922/28/4
f 3921/29/4 3895/29/4 3922/29/4
f 3896/29/4 3897/29/4 3923/29/4
f 3922/28/4 3896/28/4 3923/28/4
f 3897/28/4 3898/28/4 3924/28/4
f 3923/29/4 3897/29/4 3924/29/4
f 3898/28/4 3899/28/4 3924/28/4
f 3924/28/4 3899/28/4 3925/28/4
f 3899/29/4 3880/29/4 3926/29/4
f 3925/28/4 3899/28/4 3926/28/4
f 3926/29/4 3880/29/4 3927/29/4
f 3927/29/4 3880/29/4 3928/29/4
f 3904/32/4 3883/32/4 3929/32/4
f 3903/29/4 3904/29/4 3929/29/4
f 3929/32/4 3883/32/4 3930/32/4
f 3906/32/4 3887/32/4 3931/32/4
f 3905/30/4 3906/30/4 3931/30/4
f 3931/32/4 3887/32/4 3932/32/4
f 3859/35/4 3860/35/4 3933/35/4
f 3888/29/4 3859/29/4 3933/29/4
f 3860/30/4 3889/30/4 3934/30/4
f 3933/35/4 3860/35/4 3934/35/4
f 3889/29/4 3907/29/4 3935/29/4
f 3934/30/4 3889/30/4 3935/30/4
f 3907/38/4 3908/38/4 3936/38/4
f 3935/29/4 3907/29/4 3936/29/4
f 3908/29/4 3845/29/4 3937/29/4
f 3936/38/4 3908/38/4 3937/38/4
f 3845/33/4 3799/33/4 3938/33/4
f 3937/29/4 3845/29/4 3938/29/4
f 3799/33/4 3775/33/4 3939/33/4
f 3938/33/4 3799/33/4 3939/33/4
f 3920/40/4 3921/40/4 3940/40/4
f 3919/29/4 3920/29/4 3940/29/4
f 3921/39/4 3922/39/4 3941/39/4
f 3940/40/4 3921/40/4 3941/40/4
f 3922/41/4 3923/41/4 3942/41/4
f 3941/39/4 3922/39/4 3942/39/4
f 3924/40/4 3925/40/4 3943/40/4
f 3942/41/4 3923/41/4 3943/41/4
f 3923/40/4 3924/40/4 3943/40/4
f 3943/40/4 3925/40/4 3944/40/4
f 3925/41/4 3926/41/4 3945/41/4
f 3944/40/4 3925/40/4 3945/40/4
f 3926/41/4 3927/41/4 3945/41/4
f 3927/39/4 3928/39/4 3946/39/4
f 3945/41/4 3927/41/4 3946/41/4
f 3946/39/4 3928/39/4 3947/39/4
f 3928/29/4 3880/29/4 3948/29/4
f 3947/39/4 3928/39/4 3948/39/4
f 3880/35/4 3881/35/4 3949/35/4
f 3948/29/4 3880/29/4 3949/29/4
f 3881/32/4 3900/32/4 3950/32/4
f 3949/35/4 3881/35/4 3950/35/4
f 3930/32/4 3883/32/4 3951/32/4
f 3929/29/4 3930/29/4 3951/29/4
f 3951/32/4 3883/32/4 3952/32/4
f 3932/32/4 3887/32/4 3953/32/4
f 3887/35/4 3888/35/4 3953/35/4
f 3888/29/4 3933/29/4 3954/29/4
f 3953/35/4 3888/35/4 3954/35/4
f 3936/29/4 3937/29/4 3955/29/4
f 3935/29/4 3936/29/4 3955/29/4
f 3937/29/4 3938/29/4 3955/29/4
f 3938/29/4 3939/29/4 3955/29/4
f 3934/35/4 3935/35/4 3955/35/4
f 3955/29/4 3939/29/4 3956/29/4
f 3775/31/4 3776/31/4 3957/31/4
f 3939/33/4 3775/33/4 3957/33/4
f 3863/32/4 3864/32/4 3958/32/4
f 3957/31/4 3776/31/4 3958/31/4
f 3776/32/4 3863/32/4 3958/32/4
f 3913/27/4 3869/27/4 3959/27/4
f 3912/27/4 3913/27/4 3959/27/4
f 3869/32/4 3728/32/4 3960/32/4
f 3959/27/4 3869/27/4 3960/27/4
f 3664/30/4 3914/30/4 3961/30/4
f 3914/40/4 3915/40/4 3961/40/4
f 3915/30/4 3916/30/4 3962/30/4
f 3961/40/4 3915/40/4 3962/40/4
f 3916/32/4 3917/32/4 3963/32/4
f 3917/32/4 3918/32/4 3963/32/4
f 3918/30/4 3919/30/4 3964/30/4
f 3963/32/4 3918/32/4 3964/32/4
f 3941/29/4 3942/29/4 3965/29/4
f 3964/30/4 3919/30/4 3965/30/4
f 3919/29/4 3940/29/4 3965/29/4
f 3942/29/4 3943/29/4 3965/29/4
f 3943/29/4 3944/29/4 3965/29/4
f 3940/29/4 3941/29/4 3965/29/4
f 3946/33/4 3947/33/4 3966/33/4
f 3965/29/4 3944/29/4 3966/29/4
f 3944/33/4 3945/33/4 3966/33/4
f 3945/33/4 3946/33/4 3966/33/4
f 3947/29/4 3948/29/4 3967/29/4
f 3966/33/4 3947/33/4 3967/33/4
f 3948/35/4 3949/35/4 3968/35/4
f 3967/29/4 3948/29/4 3968/29/4
f 3950/32/4 3900/32/4 3969/32/4
f 3949/32/4 3950/32/4 3969/32/4
f 3900/35/4 3901/35/4 3970/35/4
f 3969/32/4 3900/32/4 3970/32/4
f 3901/32/4 3902/32/4 3971/32/4
f 3970/35/4 3901/35/4 3971/35/4
f 3615/32/4 3903/32/4 3972/32/4
f 3929/29/4 3951/29/4 3972/29/4
f 3951/29/4 3952/29/4 3972/29/4
f 3903/29/4 3929/29/4 3972/29/4
f 3972/29/4 3952/29/4 3973/29/4
f 3905/30/4 3931/30/4 3974/30/4
f 3931/35/4 3932/35/4 3974/35/4
f 3932/32/4 3953/32/4 3975/32/4
f 3974/35/4 3932/35/4 3975/35/4
f 3953/32/4 3954/32/4 3975/32/4
f 3975/32/4 3954/32/4 3976/32/4
f 3954/29/4 3933/29/4 3977/29/4
f 3976/32/4 3954/32/4 3977/32/4
f 3933/31/4 3934/31/4 3978/31/4
f 3977/29/4 3933/29/4 3978/29/4
f 3934/35/4 3955/35/4 3979/35/4
f 3978/31/4 3934/31/4 3979/31/4
f 3955/31/4 3956/31/4 3980/31/4
f 3979/35/4 3955/35/4 3980/35/4
f 3956/29/4 3939/29/4 3981/29/4
f 3980/31/4 3956/31/4 3981/31/4
f 3981/29/4 3939/29/4 3982/29/4
f 3957/33/4 3958/33/4 3983/33/4
f 3939/33/4 3957/33/4 3983/33/4
f 3958/32/4 3864/32/4 3984/32/4
f 3983/33/4 3958/33/4 3984/33/4
f 3864/32/4 3748/32/4 3985/32/4
f 3984/32/4 3864/32/4 3985/32/4
f 3748/30/4 3749/30/4 3986/30/4
f 3985/32/4 3748/32/4 3986/32/4
f 3749/28/4 3702/28/4 3987/28/4
f 3986/30/4 3749/30/4 3987/30/4
f 3702/30/4 3846/30/4 3988/30/4
f 3987/28/4 3702/28/4 3988/28/4
f 3846/28/4 3909/28/4 3989/28/4
f 3988/30/4 3846/30/4 3989/30/4
f 3909/28/4 3910/28/4 3989/28/4
f 3910/28/4 3911/28/4 3989/28/4
f 3911/28/4 3912/28/4 3989/28/4
f 3989/28/4 3912/28/4 3990/28/4
f 3990/28/4 3912/28/4 3991/28/4
f 3991/28/4 3912/28/4 3992/28/4
f 3912/27/4 3959/27/4 3993/27/4
f 3992/28/4 3912/28/4 3993/28/4
f 3961/41/4 3962/41/4 3994/41/4
f 3664/30/4 3961/30/4 3994/30/4
f 3962/30/4 3916/30/4 3995/30/4
f 3994/41/4 3962/41/4 3995/41/4
f 3963/30/4 3964/30/4 3996/30/4
f 3964/30/4 3965/30/4 3996/30/4
f 3965/32/4 3966/32/4 3997/32/4
f 3996/30/4 3965/30/4 3997/30/4
f 3966/32/4 3967/32/4 3997/32/4
f 3967/32/4 3968/32/4 3997/32/4
f 3968/35/4 3949/35/4 3998/35/4
f 3997/32/4 3968/32/4 3998/32/4
f 3949/32/4 3969/32/4 3999/32/4
f 3998/35/4 3949/35/4 3999/35/4
f 3972/32/4 3973/32/4 4000/32/4
f 3615/32/4 3972/32/4 4000/32/4
f 3973/29/4 3952/29/4 4001/29/4
f 4000/32/4 3973/32/4 4001/32/4
f 3952/32/4 3883/32/4 4002/32/4
f 4001/29/4 3952/29/4 4002/29/4
f 3883/30/4 3905/30/4 4003/30/4
f 4002/32/4 3883/32/4 4003/32/4
f 3905/30/4 3974/30/4 4003/30/4
f 3974/30/4 3975/30/4 4003/30/4
f 4003/30/4 3975/30/4 4004/30/4
f 4004/30/4 3975/30/4 4005/30/4
f 3976/29/4 3977/29/4 4006/29/4
f 3977/35/4 3978/35/4 4006/35/4
f 3979/31/4 3980/31/4 4007/31/4
f 4006/35/4 3978/35/4 4007/35/4
f 3978/31/4 3979/31/4 4007/31/4
f 4007/31/4 3980/31/4 4008/31/4
f 3982/29/4 3939/29/4 4009/29/4
f 3981/31/4 3982/31/4 4009/31/4
f 3939/33/4 3983/33/4 4010/33/4
f 4009/29/4 3939/29/4 4010/29/4
f 3983/32/4 3984/32/4 4011/32/4
f 3984/32/4 3985/32/4 4011/32/4
f 4011/32/4 3985/32/4 4012/32/4
f 3986/30/4 3987/30/4 4013/30/4
f 4012/32/4 3985/32/4 4013/32/4
f 3985/30/4 3986/30/4 4013/30/4
f 4013/30/4 3987/30/4 4014/30/4
f 3987/27/4 3988/27/4 4015/27/4
f 4014/30/4 3987/30/4 4015/30/4
f 3988/28/4 3989/28/4 4016/28/4
f 4015/27/4 3988/27/4 4016/27/4
f 3989/28/4 3990/28/4 4016/28/4
f 4016/28/4 3990/28/4 4017/28/4
f 4017/28/4 3990/28/4 4018/28/4
f 3990/27/4 3991/27/4 4019/27/4
f 4018/28/4 3990/28/4 4019/28/4
f 3991/28/4 3992/28/4 4020/28/4
f 3992/27/4 3993/27/4 4020/27/4
f 3993/27/4 3959/27/4 4021/27/4
f 4020/27/4 3993/27/4 4021/27/4
f 3959/32/4 3960/32/4 4021/32/4
f 3960/32/4 3728/32/4 4022/32/4
f 4021/32/4 3960/32/4 4022/32/4
f 3728/35/4 3729/35/4 4023/35/4
f 4022/32/4 3728/32/4 4023/32/4
f 3994/39/4 3995/39/4 4024/39/4
f 3664/30/4 3994/30/4 4024/30/4
f 3995/30/4 3916/30/4 4025/30/4
f 4024/39/4 3995/39/4 4025/39/4
f 3916/32/4 3963/32/4 4026/32/4
f 4025/30/4 3916/30/4 4026/30/4
f 3963/30/4 3996/30/4 4027/30/4
f 4026/32/4 3963/32/4 4027/32/4
f 3997/32/4 3998/32/4 4028/32/4
f 4027/30/4 3996/30/4 4028/30/4
f 3998/32/4 3999/32/4 4028/32/4
f 3996/32/4 3997/32/4 4028/32/4
f 4001/29/4 4002/29/4 4029/29/4
f 4000/30/4 4001/30/4 4029/30/4
f 4002/29/4 4003/29/4 4029/29/4
f 4029/29/4 4003/29/4 4030/29/4
f 4003/30/4 4004/30/4 4031/30/4
f 4030/29/4 4003/29/4 4031/29/4
f 4004/29/4 4005/29/4 4032/29/4
f 4031/30/4 4004/30/4 4032/30/4
f 4005/30/4 3975/30/4 4033/30/4
f 4032/29/4 4005/29/4 4033/29/4
f 3975/35/4 3976/35/4 4034/35/4
f 4033/30/4 3975/30/4 4034/30/4
f 3976/29/4 4006/29/4 4035/29/4
f 4006/32/4 4007/32/4 4035/32/4
f 4007/35/4 4008/35/4 4036/35/4
f 4035/32/4 4007/32/4 4036/32/4
f 4010/33/4 3983/33/4 4037/33/4
f 4037/33/4 3983/33/4 4038/33/4
f 3983/32/4 4011/32/4 4039/32/4
f 4038/33/4 3983/33/4 4039/33/4
f 4039/32/4 4011/32/4 4040/32/4
f 4011/27/4 4012/27/4 4041/27/4
f 4040/32/4 4011/32/4 4041/32/4
f 4013/28/4 4014/28/4 4042/28/4
f 4012/32/4 4013/32/4 4042/32/4
f 4014/27/4 4015/27/4 4043/27/4
f 4042/28/4 4014/28/4 4043/28/4
f 4015/27/4 4016/27/4 4043/27/4
f 4016/32/4 4017/32/4 4044/32/4
f 4043/27/4 4016/27/4 4044/27/4
f 4017/28/4 4018/28/4 4045/28/4
f 4044/32/4 4017/32/4 4045/32/4
f 4018/27/4 4019/27/4 4046/27/4
f 4045/28/4 4018/28/4 4046/28/4
f 4019/27/4 3991/27/4 4047/27/4
f 4046/27/4 4019/27/4 4047/27/4
f 3991/28/4 4020/28/4 4047/28/4
f 4020/32/4 4021/32/4 4048/32/4
f 4047/28/4 4020/28/4 4048/28/4
f 4021/32/4 4022/32/4 4048/32/4
f 4023/35/4 3729/35/4 4049/35/4
f 4022/35/4 4023/35/4 4049/35/4
f 3729/32/4 3664/32/4 4050/32/4
f 4049/35/4 3729/35/4 4050/35/4
f 4028/32/4 3999/32/4 4051/32/4
f 4027/32/4 4028/32/4 4051/32/4
f 4026/32/4 4027/32/4 4051/32/4
f 4051/32/4 3999/32/4 4052/32/4
f 4052/32/4 3999/32/4 4053/32/4
f 4000/30/4 4029/30/4 4054/30/4
f 4029/35/4 4030/35/4 4054/35/4
f 4032/29/4 4033/29/4 4055/29/4
f 4054/35/4 4030/35/4 4055/35/4
f 4031/29/4 4032/29/4 4055/29/4
f 4030/29/4 4031/29/4 4055/29/4
f 4055/29/4 4033/29/4 4056/29/4
f 4034/35/4 3976/35/4 4057/35/4
f 4033/32/4 4034/32/4 4057/32/4
f 4035/29/4 4036/29/4 4058/29/4
f 4057/35/4 3976/35/4 4058/35/4
f 3976/29/4 4035/29/4 4058/29/4
f 4058/29/4 4036/29/4 4059/29/4
f 4036/35/4 4008/35/4 4060/35/4
f 4059/29/4 4036/29/4 4060/29/4
f 4008/31/4 3980/31/4 4061/31/4
f 4060/35/4 4008/35/4 4061/35/4
f 3980/35/4 3981/35/4 4062/35/4
f 4061/31/4 3980/31/4 4062/31/4
f 3981/31/4 4009/31/4 4063/31/4
f 4062/35/4 3981/35/4 4063/35/4
f 4009/31/4 4010/31/4 4063/31/4
f 4063/31/4 4010/31/4 4064/31/4
f 4041/27/4 4012/27/4 4065/27/4
f 4040/28/4 4041/28/4 4065/28/4
f 4046/32/4 4047/32/4 4066/32/4
f 4065/27/4 4012/27/4 4066/27/4
f 4012/32/4 4042/32/4 4066/32/4
f 4045/32/4 4046/32/4 4066/32/4
f 4043/32/4 4044/32/4 4066/32/4
f 4047/32/4 4048/32/4 4066/32/4
f 4044/32/4 4045/32/4 4066/32/4
f 4042/32/4 4043/32/4 4066/32/4
f 4048/32/4 4022/32/4 4067/32/4
f 4066/32/4 4048/32/4 4067/32/4
f 4067/32/4 4022/32/4 4068/32/4
f 4022/35/4 4049/35/4 4069/35/4
f 4068/32/4 4022/32/4 4069/32/4
f 4049/32/4 4050/32/4 4070/32/4
f 4069/35/4 4049/35/4 4070/35/4
f 4026/32/4 4051/32/4 4071/32/4
f 4051/30/4 4052/30/4 4072/30/4
f 4071/32/4 4051/32/4 4072/32/4
f 4052/28/4 4053/28/4 4073/28/4
f 4072/30/4 4052/30/4 4073/30/4
f 4053/32/4 3999/32/4 4074/32/4
f 4073/28/4 4053/28/4 4074/28/4
f 3999/32/4 3969/32/4 4075/32/4
f 4074/32/4 3999/32/4 4075/32/4
f 3969/35/4 3970/35/4 4076/35/4
f 4075/32/4 3969/32/4 4076/32/4
f 3970/32/4 3971/32/4 4077/32/4
f 4076/35/4 3970/35/4 4077/35/4
f 3971/32/4 3902/32/4 4078/32/4
f 4077/32/4 3971/32/4 4078/32/4
f 3902/29/4 3614/29/4 4079/29/4
f 4078/32/4 3902/32/4 4079/32/4
f 4000/30/4 4054/30/4 4080/30/4
f 3615/32/4 4000/32/4 4080/32/4
f 4054/30/4 4055/30/4 4080/30/4
f 4080/30/4 4055/30/4 4081/30/4
f 4059/29/4 4060/29/4 4082/29/4
f 4058/35/4 4059/35/4 4082/35/4
f 4060/31/4 4061/31/4 4083/31/4
f 4082/29/4 4060/29/4 4083/29/4
f 4039/32/4 4040/32/4 4084/32/4
f 4038/32/4 4039/32/4 4084/32/4
f 4084/32/4 4040/32/4 4085/32/4
f 4040/28/4 4065/28/4 4086/28/4
f 4085/32/4 4040/32/4 4086/32/4
f 4065/28/4 4066/28/4 4086/28/4
f 4086/28/4 4066/28/4 4087/28/4
f 4067/28/4 4068/28/4 4088/28/4
f 4066/32/4 4067/32/4 4088/32/4
f 4068/32/4 4069/32/4 4089/32/4
f 4088/28/4 4068/28/4 4089/28/4
f 4069/32/4 4070/32/4 4089/32/4
f 4026/32/4 4071/32/4 4090/32/4
f 4090/32/4 4071/32/4 4091/32/4
f 4091/32/4 4071/32/4 4092/32/4
f 4072/30/4 4073/30/4 4093/30/4
f 4092/32/4 4071/32/4 4093/32/4
f 4073/30/4 4074/30/4 4093/30/4
f 4071/30/4 4072/30/4 4093/30/4
f 4093/30/4 4074/30/4 4094/30/4
f 4094/30/4 4074/30/4 4095/30/4
f 4074/32/4 4075/32/4 4096/32/4
f 4095/30/4 4074/30/4 4096/30/4
f 4096/32/4 4075/32/4 4097/32/4
f 4081/30/4 4055/30/4 4098/30/4
f 4055/35/4 4056/35/4 4098/35/4
f 4056/29/4 4033/29/4 4099/29/4
f 4098/35/4 4056/35/4 4099/35/4
f 4099/29/4 4033/29/4 4100/29/4
f 4100/29/4 4033/29/4 4101/29/4
f 4033/32/4 4057/32/4 4102/32/4
f 4101/29/4 4033/29/4 4102/29/4
f 4057/32/4 4058/32/4 4102/32/4
f 4058/35/4 4082/35/4 4103/35/4
f 4102/32/4 4058/32/4 4103/32/4
f 4082/32/4 4083/32/4 4104/32/4
f 4103/35/4 4082/35/4 4104/35/4
f 4083/31/4 4061/31/4 4105/31/4
f 4104/32/4 4083/32/4 4105/32/4
f 4062/31/4 4063/31/4 4106/31/4
f 4063/35/4 4064/35/4 4106/35/4
f 4064/31/4 4010/31/4 4107/31/4
f 4106/35/4 4064/35/4 4107/35/4
f 4107/31/4 4010/31/4 4108/31/4
f 4084/33/4 4085/33/4 4109/33/4
f 4038/32/4 4084/32/4 4109/32/4
f 4085/32/4 4086/32/4 4110/32/4
f 4109/33/4 4085/33/4 4110/33/4
f 4086/32/4 4087/32/4 4110/32/4
f 4110/32/4 4087/32/4 4111/32/4
f 4087/28/4 4066/28/4 4112/28/4
f 4111/32/4 4087/32/4 4112/32/4
f 4090/30/4 4091/30/4 4113/30/4
f 4026/32/4 4090/32/4 4113/32/4
f 4091/28/4 4092/28/4 4114/28/4
f 4113/30/4 4091/30/4 4114/30/4
f 4114/28/4 4092/28/4 4115/28/4
f 4092/30/4 4093/30/4 4116/30/4
f 4093/28/4 4094/28/4 4116/28/4
f 4094/30/4 4095/30/4 4117/30/4
f 4116/28/4 4094/28/4 4117/28/4
f 4095/27/4 4096/27/4 4118/27/4
f 4117/30/4 4095/30/4 4118/30/4
f 4096/30/4 4097/30/4 4119/30/4
f 4118/27/4 4096/27/4 4119/27/4
f 4097/32/4 4075/32/4 4120/32/4
f 4119/30/4 4097/30/4 4120/30/4
f 4120/32/4 4075/32/4 4121/32/4
f 4121/32/4 4075/32/4 4122/32/4
f 4075/35/4 4076/35/4 4123/35/4
f 4122/32/4 4075/32/4 4123/32/4
f 4077/32/4 4078/32/4 4124/32/4
f 4123/35/4 4076/35/4 4124/35/4
f 4076/32/4 4077/32/4 4124/32/4
f 4100/29/4 4101/29/4 4125/29/4
f 4099/35/4 4100/35/4 4125/35/4
f 4103/32/4 4104/32/4 4126/32/4
f 4125/29/4 4101/29/4 4126/29/4
f 4102/32/4 4103/32/4 4126/32/4
f 4101/32/4 4102/32/4 4126/32/4
f 4105/31/4 4061/31/4 4127/31/4
f 4061/35/4 4062/35/4 4127/35/4
f 4062/31/4 4106/31/4 4128/31/4
f 4127/35/4 4062/35/4 4128/35/4
f 4106/31/4 4107/31/4 4128/31/4
f 4128/31/4 4107/31/4 4129/31/4
f 4110/32/4 4111/32/4 4130/32/4
f 4038/32/4 4109/32/4 4130/32/4
f 4037/31/4 4038/31/4 4130/31/4
f 4109/32/4 4110/32/4 4130/32/4
f 4130/32/4 4111/32/4 4131/32/4
f 4111/28/4 4112/28/4 4132/28/4
f 4112/28/4 4066/28/4 4133/28/4
f 4132/28/4 4112/28/4 4133/28/4
f 4066/32/4 4088/32/4 4134/32/4
f 4088/32/4 4089/32/4 4134/32/4
f 4134/32/4 4089/32/4 4135/32/4
f 4135/32/4 4089/32/4 4136/32/4
f 4089/32/4 4070/32/4 4137/32/4
f 4136/32/4 4089/32/4 4137/32/4
f 3664/30/4 4024/30/4 4138/30/4
f 4024/30/4 4025/30/4 4138/30/4
f 4025/27/4 4026/27/4 4139/27/4
f 4138/30/4 4025/30/4 4139/30/4
f 4113/32/4 4114/32/4 4140/32/4
f 4115/28/4 4092/28/4 4140/28/4
f 4114/32/4 4115/32/4 4140/32/4
f 4092/30/4 4116/30/4 4141/30/4
f 4140/28/4 4092/28/4 4141/28/4
f 4118/32/4 4119/32/4 4142/32/4
f 4141/30/4 4116/30/4 4142/30/4
f 4119/32/4 4120/32/4 4142/32/4
f 4120/32/4 4121/32/4 4142/32/4
f 4117/32/4 4118/32/4 4142/32/4
f 4116/32/4 4117/32/4 4142/32/4
f 4142/32/4 4121/32/4 4143/32/4
f 4121/30/4 4122/30/4 4144/30/4
f 4143/32/4 4121/32/4 4144/32/4
f 4122/32/4 4123/32/4 4145/32/4
f 4144/30/4 4122/30/4 4145/30/4
f 4123/32/4 4124/32/4 4145/32/4
f 4145/32/4 4124/32/4 4146/32/4
f 4124/32/4 4078/32/4 4147/32/4
f 4146/32/4 4124/32/4 4147/32/4
f 4078/35/4 4079/35/4 4148/35/4
f 4147/32/4 4078/32/4 4148/32/4
f 4079/29/4 3614/29/4 4149/29/4
f 4148/35/4 4079/35/4 4149/35/4
f 4081/30/4 4098/30/4 4150/30/4
f 4080/32/4 4081/32/4 4150/32/4
f 4098/30/4 4099/30/4 4150/30/4
f 4150/30/4 4099/30/4 4151/30/4
f 4125/35/4 4126/35/4 4152/35/4
f 4151/30/4 4099/30/4 4152/30/4
f 4099/35/4 4125/35/4 4152/35/4
f 4152/35/4 4126/35/4 4153/35/4
f 4129/31/4 4107/31/4 4154/31/4
f 4107/35/4 4108/35/4 4154/35/4
f 4108/31/4 4010/31/4 4155/31/4
f 4154/35/4 4108/35/4 4155/35/4
f 4130/33/4 4131/33/4 4156/33/4
f 4131/32/4 4111/32/4 4156/32/4
f 4156/32/4 4111/32/4 4157/32/4
f 4111/28/4 4132/28/4 4158/28/4
f 4157/32/4 4111/32/4 4158/32/4
f 4132/32/4 4133/32/4 4159/32/4
f 4158/28/4 4132/28/4 4159/28/4
f 4066/32/4 4134/32/4 4160/32/4
f 4134/28/4 4135/28/4 4161/28/4
f 4160/32/4 4134/32/4 4161/32/4
f 4161/28/4 4135/28/4 4162/28/4
f 4135/32/4 4136/32/4 4163/32/4
f 4162/28/4 4135/28/4 4163/28/4
f 4163/32/4 4136/32/4 4164/32/4
f 4136/28/4 4137/28/4 4165/28/4
f 4165/28/4 4137/28/4 4166/28/4
f 4137/32/4 4070/32/4 4167/32/4
f 4166/28/4 4137/28/4 4167/28/4
f 4167/32/4 4070/32/4 4168/32/4
f 4070/32/4 4050/32/4 4169/32/4
f 4168/32/4 4070/32/4 4169/32/4
f 4050/32/4 3664/32/4 4170/32/4
f 4169/32/4 4050/32/4 4170/32/4
f 4143/30/4 4144/30/4 4171/30/4
f 4144/30/4 4145/30/4 4171/30/4
f 4145/28/4 4146/28/4 4172/28/4
f 4171/30/4 4145/30/4 4172/30/4
f 4146/32/4 4147/32/4 4173/32/4
f 4172/28/4 4146/28/4 4173/28/4
f 4153/35/4 4126/35/4 4174/35/4
f 4126/32/4 4104/32/4 4174/32/4
f 4174/32/4 4104/32/4 4175/32/4
f 4104/35/4 4105/35/4 4176/35/4
f 4175/32/4 4104/32/4 4176/32/4
f 4105/31/4 4127/31/4 4177/31/4
f 4176/35/4 4105/35/4 4177/35/4
f 4127/31/4 4128/31/4 4177/31/4
f 4177/31/4 4128/31/4 4178/31/4
f 4128/35/4 4129/35/4 4179/35/4
f 4178/31/4 4128/31/4 4179/31/4
f 4129/31/4 4154/31/4 4180/31/4
f 4179/35/4 4129/35/4 4180/35/4
f 4154/31/4 4155/31/4 4180/31/4
f 4180/31/4 4155/31/4 4181/31/4
f 4155/31/4 4010/31/4 4182/31/4
f 4181/31/4 4155/31/4 4182/31/4
f 4010/33/4 4037/33/4 4183/33/4
f 4182/31/4 4010/31/4 4183/31/4
f 4183/33/4 4037/33/4 4184/33/4
f 4037/31/4 4130/31/4 4185/31/4
f 4184/33/4 4037/33/4 4185/33/4
f 4156/33/4 4157/33/4 4186/33/4
f 4157/32/4 4158/32/4 4186/32/4
f 4158/32/4 4159/32/4 4186/32/4
f 4186/32/4 4159/32/4 4187/32/4
f 4187/32/4 4159/32/4 4188/32/4
f 4159/32/4 4133/32/4 4189/32/4
f 4188/32/4 4159/32/4 4189/32/4
f 4161/31/4 4162/31/4 4190/31/4
f 4160/28/4 4161/28/4 4190/28/4
f 4162/28/4 4163/28/4 4191/28/4
f 4190/31/4 4162/31/4 4191/31/4
f 4163/28/4 4164/28/4 4191/28/4
f 4191/28/4 4164/28/4 4192/28/4
f 4165/31/4 4166/31/4 4193/31/4
f 4136/28/4 4165/28/4 4193/28/4
f 4167/28/4 4168/28/4 4194/28/4
f 4193/31/4 4166/31/4 4194/31/4
f 4166/28/4 4167/28/4 4194/28/4
f 4194/28/4 4168/28/4 4195/28/4
f 4168/32/4 4169/32/4 4196/32/4
f 4169/28/4 4170/28/4 4196/28/4
f 4196/28/4 4170/28/4 4197/28/4
f 3664/30/4 4138/30/4 4198/30/4
f 4138/38/4 4139/38/4 4198/38/4
f 4139/27/4 4026/27/4 4199/27/4
f 4198/38/4 4139/38/4 4199/38/4
f 4173/32/4 4147/32/4 4200/32/4
f 4172/32/4 4173/32/4 4200/32/4
f 4147/35/4 4148/35/4 4201/35/4
f 4200/32/4 4147/32/4 4201/32/4
f 4148/32/4 4149/32/4 4202/32/4
f 4201/35/4 4148/35/4 4202/35/4
f 4150/32/4 4151/32/4 4203/32/4
f 4152/30/4 4153/30/4 4203/30/4
f 4151/30/4 4152/30/4 4203/30/4
f 4203/30/4 4153/30/4 4204/30/4
f 4153/35/4 4174/35/4 4205/35/4
f 4204/30/4 4153/30/4 4205/30/4
f 4174/35/4 4175/35/4 4205/35/4
f 4205/35/4 4175/35/4 4206/35/4
f 4180/35/4 4181/35/4 4207/35/4
f 4181/31/4 4182/31/4 4207/31/4
f 4183/33/4 4184/33/4 4208/33/4
f 4207/31/4 4182/31/4 4208/31/4
f 4182/33/4 4183/33/4 4208/33/4
f 4185/31/4 4130/31/4 4209/31/4
f 4184/31/4 4185/31/4 4209/31/4
f 4209/31/4 4130/31/4 4210/31/4
f 4187/32/4 4188/32/4 4211/32/4
f 4211/32/4 4188/32/4 4212/32/4
f 4160/28/4 4190/28/4 4213/28/4
f 4190/29/4 4191/29/4 4213/29/4
f 4213/29/4 4191/29/4 4214/29/4
f 4191/31/4 4192/31/4 4215/31/4
f 4214/29/4 4191/29/4 4215/29/4
f 4192/28/4 4164/28/4 4216/28/4
f 4215/31/4 4192/31/4 4216/31/4
f 4136/28/4 4193/28/4 4217/28/4
f 4193/29/4 4194/29/4 4217/29/4
f 4217/29/4 4194/29/4 4218/29/4
f 4194/31/4 4195/31/4 4219/31/4
f 4218/29/4 4194/29/4 4219/29/4
f 4195/28/4 4168/28/4 4220/28/4
f 4219/31/4 4195/31/4 4220/31/4
f 4199/27/4 4026/27/4 4221/27/4
f 4198/30/4 4199/30/4 4221/30/4
f 4140/32/4 4141/32/4 4222/32/4
f 4221/27/4 4026/27/4 4222/27/4
f 4026/32/4 4113/32/4 4222/32/4
f 4113/32/4 4140/32/4 4222/32/4
f 4142/32/4 4143/32/4 4222/32/4
f 4141/32/4 4142/32/4 4222/32/4
f 4143/30/4 4171/30/4 4223/30/4
f 4222/32/4 4143/32/4 4223/32/4
f 4171/28/4 4172/28/4 4224/28/4
f 4223/30/4 4171/30/4 4224/30/4
f 4172/32/4 4200/32/4 4225/32/4
f 4224/28/4 4172/28/4 4225/28/4
f 4225/32/4 4200/32/4 4226/32/4
f 4175/32/4 4176/32/4 4227/32/4
f 4206/35/4 4175/35/4 4227/35/4
f 4176/32/4 4177/32/4 4227/32/4
f 4227/32/4 4177/32/4 4228/32/4
f 4177/35/4 4178/35/4 4229/35/4
f 4228/32/4 4177/32/4 4229/32/4
f 4178/31/4 4179/31/4 4230/31/4
f 4229/35/4 4178/35/4 4230/35/4
f 4179/31/4 4180/31/4 4230/31/4
f 4230/31/4 4180/31/4 4231/31/4
f 4180/35/4 4207/35/4 4232/35/4
f 4231/31/4 4180/31/4 4232/31/4
f 4207/33/4 4208/33/4 4233/33/4
f 4232/35/4 4207/35/4 4233/35/4
f 4214/38/4 4215/38/4 4234/38/4
f 4213/31/4 4214/31/4 4234/31/4
f 4215/29/4 4216/29/4 4235/29/4
f 4234/38/4 4215/38/4 4235/38/4
f 4218/38/4 4219/38/4 4236/38/4
f 4217/31/4 4218/31/4 4236/31/4
f 4219/29/4 4220/29/4 4237/29/4
f 4236/38/4 4219/38/4 4237/38/4
f 4170/32/4 3664/32/4 4238/32/4
f 4197/28/4 4170/28/4 4238/28/4
f 4198/30/4 4221/30/4 4239/30/4
f 4238/32/4 3664/32/4 4239/32/4
f 4221/30/4 4222/30/4 4239/30/4
f 3664/30/4 4198/30/4 4239/30/4
f 4239/30/4 4222/30/4 4240/30/4
f 4223/32/4 4224/32/4 4241/32/4
f 4240/30/4 4222/30/4 4241/30/4
f 4222/32/4 4223/32/4 4241/32/4
f 4226/32/4 4200/32/4 4242/32/4
f 4200/35/4 4201/35/4 4242/35/4
f 4201/32/4 4202/32/4 4243/32/4
f 4242/35/4 4201/35/4 4243/35/4
f 4202/32/4 4149/32/4 4244/32/4
f 4243/32/4 4202/32/4 4244/32/4
f 4149/29/4 3614/29/4 4245/29/4
f 4244/32/4 4149/32/4 4245/32/4
f 4227/35/4 4228/35/4 4246/35/4
f 4205/30/4 4206/30/4 4246/30/4
f 4204/30/4 4205/30/4 4246/30/4
f 4206/35/4 4227/35/4 4246/35/4
f 4246/35/4 4228/35/4 4247/35/4
f 4186/33/4 4187/33/4 4248/33/4
f 4156/33/4 4186/33/4 4248/33/4
f 4187/32/4 4211/32/4 4249/32/4
f 4248/33/4 4187/33/4 4249/33/4
f 4212/32/4 4188/32/4 4250/32/4
f 4250/32/4 4188/32/4 4251/32/4
f 4251/32/4 4188/32/4 4252/32/4
f 4252/32/4 4188/32/4 4253/32/4
f 4253/32/4 4188/32/4 4254/32/4
f 4254/32/4 4188/32/4 4255/32/4
f 4188/28/4 4189/28/4 4256/28/4
f 4255/32/4 4188/32/4 4256/32/4
f 4189/32/4 4133/32/4 4257/32/4
f 4256/28/4 4189/28/4 4257/28/4
f 4133/28/4 4066/28/4 4258/28/4
f 4257/32/4 4133/32/4 4258/32/4
f 4066/32/4 4160/32/4 4259/32/4
f 4258/28/4 4066/28/4 4259/28/4
f 4234/27/4 4235/27/4 4260/27/4
f 4213/31/4 4234/31/4 4260/31/4
f 4235/29/4 4216/29/4 4261/29/4
f 4260/27/4 4235/27/4 4261/27/4
f 4217/31/4 4236/31/4 4262/31/4
f 4236/27/4 4237/27/4 4262/27/4
f 4237/29/4 4220/29/4 4263/29/4
f 4262/27/4 4237/27/4 4263/27/4
f 4239/30/4 4240/30/4 4264/30/4
f 4238/28/4 4239/28/4 4264/28/4
f 4264/30/4 4240/30/4 4265/30/4
f 4241/32/4 4224/32/4 4266/32/4
f 4240/28/4 4241/28/4 4266/28/4
f 4266/32/4 4224/32/4 4267/32/4
f 4267/32/4 4224/32/4 4268/32/4
f 4268/32/4 4224/32/4 4269/32/4
f 4269/32/4 4224/32/4 4270/32/4
f 4224/28/4 4225/28/4 4271/28/4
f 4270/32/4 4224/32/4 4271/32/4
f 4225/27/4 4226/27/4 4272/27/4
f 4271/28/4 4225/28/4 4272/28/4
f 4203/32/4 4204/32/4 4273/32/4
f 4246/30/4 4247/30/4 4273/30/4
f 4204/30/4 4246/30/4 4273/30/4
f 4273/30/4 4247/30/4 4274/30/4
f 4228/32/4 4229/32/4 4275/32/4
f 4229/32/4 4230/32/4 4275/32/4
f 4247/35/4 4228/35/4 4275/35/4
f 4275/32/4 4230/32/4 4276/32/4
f 4276/32/4 4230/32/4 4277/32/4
f 4277/32/4 4230/32/4 4278/32/4
f 4230/35/4 4231/35/4 4279/35/4
f 4278/32/4 4230/32/4 4279/32/4
f 4231/31/4 4232/31/4 4280/31/4
f 4279/35/4 4231/35/4 4280/35/4
f 4232/31/4 4233/31/4 4280/31/4
f 4280/31/4 4233/31/4 4281/31/4
f 4233/33/4 4208/33/4 4282/33/4
f 4208/33/4 4184/33/4 4282/33/4
f 4184/31/4 4209/31/4 4282/31/4
f 4209/33/4 4210/33/4 4283/33/4
f 4282/31/4 4209/31/4 4283/31/4
f 4210/31/4 4130/31/4 4284/31/4
f 4283/33/4 4210/33/4 4284/33/4
f 4156/33/4 4248/33/4 4285/33/4
f 4130/33/4 4156/33/4 4285/33/4
f 4248/32/4 4249/32/4 4286/32/4
f 4285/33/4 4248/33/4 4286/33/4
f 4211/31/4 4212/31/4 4287/31/4
f 4212/32/4 4250/32/4 4287/32/4
f 4287/32/4 4250/32/4 4288/32/4
f 4288/32/4 4250/32/4 4289/32/4
f 4289/32/4 4250/32/4 4290/32/4
f 4250/31/4 4251/31/4 4291/31/4
f 4290/32/4 4250/32/4 4291/32/4
f 4251/32/4 4252/32/4 4292/32/4
f 4291/31/4 4251/31/4 4292/31/4
f 4292/32/4 4252/32/4 4293/32/4
f 4252/29/4 4253/29/4 4294/29/4
f 4293/32/4 4252/32/4 4294/32/4
f 4253/32/4 4254/32/4 4295/32/4
f 4294/29/4 4253/29/4 4295/29/4
f 4295/32/4 4254/32/4 4296/32/4
f 4256/32/4 4257/32/4 4297/32/4
f 4255/32/4 4256/32/4 4297/32/4
f 4257/32/4 4258/32/4 4297/32/4
f 4254/31/4 4255/31/4 4297/31/4
f 4297/32/4 4258/32/4 4298/32/4
f 4298/32/4 4258/32/4 4299/32/4
f 4299/32/4 4258/32/4 4300/32/4
f 4300/32/4 4258/32/4 4301/32/4
f 4301/32/4 4258/32/4 4302/32/4
f 4213/31/4 4260/31/4 4303/31/4
f 4260/38/4 4261/38/4 4303/38/4
f 4261/29/4 4216/29/4 4304/29/4
f 4303/38/4 4261/38/4 4304/38/4
f 4217/31/4 4262/31/4 4305/31/4
f 4262/38/4 4263/38/4 4305/38/4
f 4263/29/4 4220/29/4 4306/29/4
f 4305/38/4 4263/38/4 4306/38/4
f 4267/32/4 4268/32/4 4307/32/4
f 4268/31/4 4269/31/4 4308/31/4
f 4307/32/4 4268/32/4 4308/32/4
f 4269/32/4 4270/32/4 4309/32/4
f 4308/31/4 4269/31/4 4309/31/4
f 4309/32/4 4270/32/4 4310/32/4
f 4310/32/4 4270/32/4 4311/32/4
f 4270/31/4 4271/31/4 4312/31/4
f 4311/32/4 4270/32/4 4312/32/4
f 4271/27/4 4272/27/4 4313/27/4
f 4312/31/4 4271/31/4 4313/31/4
f 4272/27/4 4226/27/4 4314/27/4
f 4313/27/4 4272/27/4 4314/27/4
f 4242/32/4 4243/32/4 4315/32/4
f 4314/27/4 4226/27/4 4315/27/4
f 4243/32/4 4244/32/4 4315/32/4
f 4226/32/4 4242/32/4 4315/32/4
f 4315/32/4 4244/32/4 4316/32/4
f 4244/30/4 4245/30/4 4317/30/4
f 4316/32/4 4244/32/4 4317/32/4
f 4245/29/4 3614/29/4 4318/29/4
f 4317/30/4 4245/30/4 4318/30/4
f 4274/30/4 4247/30/4 4319/30/4
f 4247/35/4 4275/35/4 4319/35/4
f 4275/35/4 4276/35/4 4319/35/4
f 4319/35/4 4276/35/4 4320/35/4
f 4277/30/4 4278/30/4 4321/30/4
f 4278/32/4 4279/32/4 4321/32/4
f 4279/31/4 4280/31/4 4322/31/4
f 4321/32/4 4279/32/4 4322/32/4
f 4249/32/4 4211/32/4 4323/32/4
f 4286/32/4 4249/32/4 4323/32/4
f 4211/31/4 4287/31/4 4324/31/4
f 4323/32/4 4211/32/4 4324/32/4
f 4287/29/4 4288/29/4 4325/29/4
f 4324/31/4 4287/31/4 4325/31/4
f 4288/31/4 4289/31/4 4326/31/4
f 4325/29/4 4288/29/4 4326/29/4
f 4326/31/4 4289/31/4 4327/31/4
f 4327/31/4 4289/31/4 4328/31/4
f 4289/32/4 4290/32/4 4329/32/4
f 4290/29/4 4291/29/4 4329/29/4
f 4291/31/4 4292/31/4 4330/31/4
f 4329/29/4 4291/29/4 4330/29/4
f 4254/31/4 4297/31/4 4331/31/4
f 4297/31/4 4298/31/4 4331/31/4
f 4298/33/4 4299/33/4 4332/33/4
f 4331/31/4 4298/31/4 4332/31/4
f 4300/32/4 4301/32/4 4333/32/4
f 4333/32/4 4301/32/4 4334/32/4
f 4301/28/4 4302/28/4 4335/28/4
f 4334/32/4 4301/32/4 4335/32/4
f 4302/32/4 4258/32/4 4336/32/4
f 4335/28/4 4302/28/4 4336/28/4
f 4213/31/4 4303/31/4 4337/31/4
f 4303/27/4 4304/27/4 4337/27/4
f 4304/29/4 4216/29/4 4338/29/4
f 4337/27/4 4304/27/4 4338/27/4
f 4217/31/4 4305/31/4 4339/31/4
f 4305/27/4 4306/27/4 4339/27/4
f 4306/29/4 4220/29/4 4340/29/4
f 4339/27/4 4306/27/4 4340/27/4
f 4220/28/4 4168/28/4 4341/28/4
f 4196/32/4 4197/32/4 4341/32/4
f 4168/32/4 4196/32/4 4341/32/4
f 4341/32/4 4197/32/4 4342/32/4
f 4197/28/4 4238/28/4 4343/28/4
f 4342/32/4 4197/32/4 4343/32/4
f 4238/28/4 4264/28/4 4343/28/4
f 4264/29/4 4265/29/4 4344/29/4
f 4343/28/4 4264/28/4 4344/28/4
f 4265/30/4 4240/30/4 4345/30/4
f 4344/29/4 4265/29/4 4345/29/4
f 4240/28/4 4266/28/4 4346/28/4
f 4345/30/4 4240/30/4 4346/30/4
f 4266/28/4 4267/28/4 4346/28/4
f 4346/28/4 4267/28/4 4347/28/4
f 4267/32/4 4307/32/4 4348/32/4
f 4347/28/4 4267/28/4 4348/28/4
f 4309/31/4 4310/31/4 4349/31/4
f 4348/32/4 4307/32/4 4349/32/4
f 4308/31/4 4309/31/4 4349/31/4
f 4307/31/4 4308/31/4 4349/31/4
f 4310/32/4 4311/32/4 4350/32/4
f 4349/31/4 4310/31/4 4350/31/4
f 4312/31/4 4313/31/4 4351/31/4
f 4350/32/4 4311/32/4 4351/32/4
f 4311/31/4 4312/31/4 4351/31/4
f 4313/28/4 4314/28/4 4352/28/4
f 4351/31/4 4313/31/4 4352/31/4
f 4315/31/4 4316/31/4 4353/31/4
f 4352/28/4 4314/28/4 4353/28/4
f 4314/31/4 4315/31/4 4353/31/4
f 4316/32/4 4317/32/4 4354/32/4
f 4353/31/4 4316/31/4 4354/31/4
f 4317/32/4 4318/32/4 4354/32/4
f 4318/29/4 3614/29/4 4355/29/4
f 4354/32/4 4318/32/4 4355/32/4
f 4277/30/4 4321/30/4 4356/30/4
f 4276/32/4 4277/32/4 4356/32/4
f 4321/30/4 4322/30/4 4356/30/4
f 4356/30/4 4322/30/4 4357/30/4
f 4280/35/4 4281/35/4 4358/35/4
f 4322/31/4 4280/31/4 4358/31/4
f 4281/31/4 4233/31/4 4359/31/4
f 4358/35/4 4281/35/4 4359/35/4
f 4284/31/4 4130/31/4 4360/31/4
f 4283/31/4 4284/31/4 4360/31/4
f 4130/33/4 4285/33/4 4360/33/4
f 4285/31/4 4286/31/4 4361/31/4
f 4360/33/4 4285/33/4 4361/33/4
f 4324/32/4 4325/32/4 4362/32/4
f 4326/31/4 4327/31/4 4363/31/4
f 4362/32/4 4325/32/4 4363/32/4
f 4325/31/4 4326/31/4 4363/31/4
f 4289/32/4 4329/32/4 4364/32/4
f 4328/31/4 4289/31/4 4364/31/4
f 4329/31/4 4330/31/4 4365/31/4
f 4364/32/4 4329/32/4 4365/32/4
f 4292/29/4 4293/29/4 4366/29/4
f 4293/31/4 4294/31/4 4366/31/4
f 4366/31/4 4294/31/4 4367/31/4
f 4295/31/4 4296/31/4 4368/31/4
f 4294/29/4 4295/29/4 4368/29/4
f 4368/31/4 4296/31/4 4369/31/4
f 4296/32/4 4254/32/4 4370/32/4
f 4254/31/4 4331/31/4 4371/31/4
f 4370/32/4 4254/32/4 4371/32/4
f 4371/31/4 4331/31/4 4372/31/4
f 4331/33/4 4332/33/4 4373/33/4
f 4372/31/4 4331/31/4 4373/31/4
f 4332/33/4 4299/33/4 4374/33/4
f 4373/33/4 4332/33/4 4374/33/4
f 4299/31/4 4300/31/4 4374/31/4
f 4300/32/4 4333/32/4 4375/32/4
f 4374/31/4 4300/31/4 4375/31/4
f 4333/31/4 4334/31/4 4376/31/4
f 4375/32/4 4333/32/4 4376/32/4
f 4334/32/4 4335/32/4 4377/32/4
f 4376/31/4 4334/31/4 4377/31/4
f 4335/27/4 4336/27/4 4378/27/4
f 4377/32/4 4335/32/4 4378/32/4
f 4336/32/4 4258/32/4 4379/32/4
f 4378/27/4 4336/27/4 4379/27/4
f 4258/27/4 4259/27/4 4380/27/4
f 4379/32/4 4258/32/4 4380/32/4
f 4259/32/4 4160/32/4 4381/32/4
f 4380/27/4 4259/27/4 4381/27/4
f 4160/28/4 4213/28/4 4382/28/4
f 4381/32/4 4160/32/4 4382/32/4
f 4213/31/4 4337/31/4 4383/31/4
f 4382/28/4 4213/28/4 4383/28/4
f 4337/38/4 4338/38/4 4384/38/4
f 4383/31/4 4337/31/4 4384/31/4
f 4338/29/4 4216/29/4 4385/29/4
f 4384/38/4 4338/38/4 4385/38/4
f 4216/28/4 4164/28/4 4386/28/4
f 4385/29/4 4216/29/4 4386/29/4
f 4164/32/4 4136/32/4 4387/32/4
f 4386/28/4 4164/28/4 4387/28/4
f 4136/28/4 4217/28/4 4388/28/4
f 4387/32/4 4136/32/4 4388/32/4
f 4217/31/4 4339/31/4 4389/31/4
f 4388/28/4 4217/28/4 4389/28/4
f 4339/38/4 4340/38/4 4390/38/4
f 4389/31/4 4339/31/4 4390/31/4
f 4340/29/4 4220/29/4 4391/29/4
f 4390/38/4 4340/38/4 4391/38/4
f 4220/28/4 4341/28/4 4392/28/4
f 4391/29/4 4220/29/4 4392/29/4
f 4343/28/4 4344/28/4 4393/28/4
f 4342/29/4 4343/29/4 4393/29/4
f 4345/31/4 4346/31/4 4394/31/4
f 4393/28/4 4344/28/4 4394/28/4
f 4346/31/4 4347/31/4 4394/31/4
f 4344/31/4 4345/31/4 4394/31/4
f 4347/29/4 4348/29/4 4395/29/4
f 4394/31/4 4347/31/4 4395/31/4
f 4353/31/4 4354/31/4 4396/31/4
f 4395/29/4 4348/29/4 4396/29/4
f 4350/31/4 4351/31/4 4396/31/4
f 4348/31/4 4349/31/4 4396/31/4
f 4352/31/4 4353/31/4 4396/31/4
f 4351/31/4 4352/31/4 4396/31/4
f 4349/31/4 4350/31/4 4396/31/4
f 4354/31/4 4355/31/4 4396/31/4
f 4396/31/4 4355/31/4 4397/31/4
f 4397/31/4 4355/31/4 4398/31/4
f 4398/31/4 4355/31/4 4399/31/4
f 3613/29/4 3615/29/4 4400/29/4
f 4080/32/4 4150/32/4 4400/32/4
f 4273/32/4 4274/32/4 4400/32/4
f 4150/32/4 4203/32/4 4400/32/4
f 3615/32/4 4080/32/4 4400/32/4
f 4203/32/4 4273/32/4 4400/32/4
f 4400/32/4 4274/32/4 4401/32/4
f 4319/30/4 4320/30/4 4402/30/4
f 4274/30/4 4319/30/4 4402/30/4
f 4402/30/4 4320/30/4 4403/30/4
f 4320/35/4 4276/35/4 4404/35/4
f 4403/30/4 4320/30/4 4404/30/4
f 4356/32/4 4357/32/4 4405/32/4
f 4404/35/4 4276/35/4 4405/35/4
f 4276/32/4 4356/32/4 4405/32/4
f 4405/32/4 4357/32/4 4406/32/4
f 4322/31/4 4358/31/4 4407/31/4
f 4358/31/4 4359/31/4 4407/31/4
f 4359/31/4 4233/31/4 4408/31/4
f 4407/31/4 4359/31/4 4408/31/4
f 4233/33/4 4282/33/4 4408/33/4
f 4282/38/4 4283/38/4 4409/38/4
f 4408/33/4 4282/33/4 4409/33/4
f 4360/31/4 4361/31/4 4410/31/4
f 4409/38/4 4283/38/4 4410/38/4
f 4283/31/4 4360/31/4 4410/31/4
f 4363/31/4 4327/31/4 4411/31/4
f 4362/31/4 4363/31/4 4411/31/4
f 4327/29/4 4328/29/4 4412/29/4
f 4411/31/4 4327/31/4 4412/31/4
f 4328/31/4 4364/31/4 4413/31/4
f 4412/29/4 4328/29/4 4413/29/4
f 4364/31/4 4365/31/4 4413/31/4
f 4369/31/4 4296/31/4 4414/31/4
f 4368/30/4 4369/30/4 4414/30/4
f 4296/32/4 4370/32/4 4415/32/4
f 4414/31/4 4296/31/4 4415/31/4
f 4370/31/4 4371/31/4 4416/31/4
f 4415/32/4 4370/32/4 4416/32/4
f 4371/31/4 4372/31/4 4416/31/4
f 4416/31/4 4372/31/4 4417/31/4
f 4374/33/4 4375/33/4 4418/33/4
f 4417/31/4 4372/31/4 4418/31/4
f 4373/33/4 4374/33/4 4418/33/4
f 4372/33/4 4373/33/4 4418/33/4
f 4418/33/4 4375/33/4 4419/33/4
f 4419/33/4 4375/33/4 4420/33/4
f 4377/32/4 4378/32/4 4421/32/4
f 4376/33/4 4377/33/4 4421/33/4
f 4421/32/4 4378/32/4 4422/32/4
f 4422/32/4 4378/32/4 4423/32/4
f 4381/31/4 4382/31/4 4424/31/4
f 4380/31/4 4381/31/4 4424/31/4
f 4379/31/4 4380/31/4 4424/31/4
f 4378/31/4 4379/31/4 4424/31/4
f 4382/28/4 4383/28/4 4424/28/4
f 4383/29/4 4384/29/4 4425/29/4
f 4424/28/4 4383/28/4 4425/28/4
f 4384/29/4 4385/29/4 4425/29/4
f 4385/31/4 4386/31/4 4426/31/4
f 4425/29/4 4385/29/4 4426/29/4
f 4386/28/4 4387/28/4 4427/28/4
f 4426/31/4 4386/31/4 4427/31/4
f 4387/31/4 4388/31/4 4428/31/4
f 4427/28/4 4387/28/4 4428/28/4
f 4388/28/4 4389/28/4 4429/28/4
f 4428/31/4 4388/31/4 4429/31/4
f 4389/29/4 4390/29/4 4430/29/4
f 4429/28/4 4389/28/4 4430/28/4
f 4390/29/4 4391/29/4 4430/29/4
f 4391/31/4 4392/31/4 4431/31/4
f 4430/29/4 4391/29/4 4431/29/4
f 4392/28/4 4341/28/4 4432/28/4
f 4431/31/4 4392/31/4 4432/31/4
f 4341/31/4 4342/31/4 4433/31/4
f 4432/28/4 4341/28/4 4433/28/4
f 4394/31/4 4395/31/4 4434/31/4
f 4393/31/4 4394/31/4 4434/31/4
f 4342/29/4 4393/29/4 4434/29/4
f 4434/31/4 4395/31/4 4435/31/4
f 4435/31/4 4395/31/4 4436/31/4
f 4396/26/4 4397/26/4 4437/26/4
f 4436/31/4 4395/31/4 4437/31/4
f 4395/26/4 4396/26/4 4437/26/4
f 4437/26/4 4397/26/4 4438/26/4
f 4397/29/4 4398/29/4 4439/29/4
f 4438/26/4 4397/26/4 4439/26/4
f 4398/26/4 4399/26/4 4440/26/4
f 4439/29/4 4398/29/4 4440/29/4
f 4440/26/4 4399/26/4 4441/26/4
f 4399/31/4 4355/31/4 4442/31/4
f 4441/26/4 4399/26/4 4442/26/4
f 4442/31/4 4355/31/4 4443/31/4
f 4400/30/4 4401/30/4 4444/30/4
f 4401/32/4 4274/32/4 4444/32/4
f 4444/32/4 4274/32/4 4445/32/4
f 4407/33/4 4408/33/4 4446/33/4
f 4408/33/4 4409/33/4 4446/33/4
f 4409/31/4 4410/31/4 4446/31/4
f 4410/31/4 4361/31/4 4447/31/4
f 4446/31/4 4410/31/4 4447/31/4
f 4324/32/4 4362/32/4 4448/32/4
f 4323/31/4 4324/31/4 4448/31/4
f 4362/31/4 4411/31/4 4449/31/4
f 4448/32/4 4362/32/4 4449/32/4
f 4367/31/4 4294/31/4 4450/31/4
f 4294/29/4 4368/29/4 4451/29/4
f 4450/31/4 4294/31/4 4451/31/4
f 4416/32/4 4417/32/4 4452/32/4
f 4415/31/4 4416/31/4 4452/31/4
f 4417/30/4 4418/30/4 4453/30/4
f 4452/32/4 4417/32/4 4453/32/4
f 4375/32/4 4376/32/4 4454/32/4
f 4420/33/4 4375/33/4 4454/33/4
f 4421/33/4 4422/33/4 4455/33/4
f 4454/32/4 4376/32/4 4455/32/4
f 4376/33/4 4421/33/4 4455/33/4
f 4455/33/4 4422/33/4 4456/33/4
f 4422/30/4 4423/30/4 4457/30/4
f 4456/33/4 4422/33/4 4457/33/4
f 4423/32/4 4378/32/4 4458/32/4
f 4457/30/4 4423/30/4 4458/30/4
f 4378/31/4 4424/31/4 4459/31/4
f 4428/31/4 4429/31/4 4459/31/4
f 4431/31/4 4432/31/4 4459/31/4
f 4425/31/4 4426/31/4 4459/31/4
f 4430/31/4 4431/31/4 4459/31/4
f 4424/31/4 4425/31/4 4459/31/4
f 4432/31/4 4433/31/4 4459/31/4
f 4429/31/4 4430/31/4 4459/31/4
f 4427/31/4 4428/31/4 4459/31/4
f 4426/31/4 4427/31/4 4459/31/4
f 4459/31/4 4433/31/4 4460/31/4
f 4433/31/4 4342/31/4 4461/31/4
f 4460/31/4 4433/31/4 4461/31/4
f 4342/29/4 4434/29/4 4462/29/4
f 4461/31/4 4342/31/4 4462/31/4
f 4434/29/4 4435/29/4 4462/29/4
f 4436/29/4 4437/29/4 4463/29/4
f 4435/31/4 4436/31/4 4463/31/4
f 4437/26/4 4438/26/4 4464/26/4
f 4463/29/4 4437/29/4 4464/29/4
f 4440/29/4 4441/29/4 4465/29/4
f 4464/26/4 4438/26/4 4465/26/4
f 4439/29/4 4440/29/4 4465/29/4
f 4438/29/4 4439/29/4 4465/29/4
f 4465/29/4 4441/29/4 4466/29/4
f 4441/26/4 4442/26/4 4467/26/4
f 4466/29/4 4441/29/4 4467/29/4
f 4442/26/4 4443/26/4 4467/26/4
f 4467/26/4 4443/26/4 4468/26/4
f 4443/31/4 4355/31/4 4469/31/4
f 4468/26/4 4443/26/4 4469/26/4
f 4469/31/4 4355/31/4 4470/31/4
f 4444/30/4 4445/30/4 4471/30/4
f 3613/29/4 4400/29/4 4471/29/4
f 4400/30/4 4444/30/4 4471/30/4
f 4471/30/4 4445/30/4 4472/30/4
f 4445/32/4 4274/32/4 4473/32/4
f 4274/30/4 4402/30/4 4473/30/4
f 4402/32/4 4403/32/4 4474/32/4
f 4473/30/4 4402/30/4 4474/30/4
f 4404/30/4 4405/30/4 4475/30/4
f 4474/32/4 4403/32/4 4475/32/4
f 4403/30/4 4404/30/4 4475/30/4
f 4475/30/4 4405/30/4 4476/30/4
f 4405/35/4 4406/35/4 4477/35/4
f 4476/30/4 4405/30/4 4477/30/4
f 4406/32/4 4357/32/4 4478/32/4
f 4477/35/4 4406/35/4 4478/35/4
f 4357/30/4 4322/30/4 4479/30/4
f 4478/32/4 4357/32/4 4479/32/4
f 4322/31/4 4407/31/4 4480/31/4
f 4479/30/4 4322/30/4 4480/30/4
f 4407/33/4 4446/33/4 4481/33/4
f 4480/31/4 4407/31/4 4481/31/4
f 4446/33/4 4447/33/4 4481/33/4
f 4481/33/4 4447/33/4 4482/33/4
f 4447/31/4 4361/31/4 4483/31/4
f 4286/32/4 4323/32/4 4483/32/4
f 4361/31/4 4286/31/4 4483/31/4
f 4323/31/4 4448/31/4 4484/31/4
f 4483/32/4 4323/32/4 4484/32/4
f 4448/31/4 4449/31/4 4484/31/4
f 4449/31/4 4411/31/4 4485/31/4
f 4484/31/4 4449/31/4 4485/31/4
f 4485/31/4 4411/31/4 4486/31/4
f 4413/31/4 4365/31/4 4487/31/4
f 4365/31/4 4330/31/4 4487/31/4
f 4330/31/4 4292/31/4 4487/31/4
f 4412/31/4 4413/31/4 4487/31/4
f 4292/29/4 4366/29/4 4488/29/4
f 4487/31/4 4292/31/4 4488/31/4
f 4366/33/4 4367/33/4 4489/33/4
f 4488/29/4 4366/29/4 4489/29/4
f 4367/31/4 4450/31/4 4490/31/4
f 4489/33/4 4367/33/4 4490/33/4
f 4450/33/4 4451/33/4 4491/33/4
f 4490/31/4 4450/31/4 4491/31/4
f 4452/31/4 4453/31/4 4492/31/4
f 4415/31/4 4452/31/4 4492/31/4
f 4453/30/4 4418/30/4 4493/30/4
f 4492/31/4 4453/31/4 4493/31/4
f 4419/30/4 4420/30/4 4494/30/4
f 4420/33/4 4454/33/4 4494/33/4
f 4454/31/4 4455/31/4 4495/31/4
f 4494/33/4 4454/33/4 4495/33/4
f 4455/31/4 4456/31/4 4495/31/4
f 4495/31/4 4456/31/4 4496/31/4
f 4456/33/4 4457/33/4 4497/33/4
f 4496/31/4 4456/31/4 4497/31/4
f 4458/32/4 4378/32/4 4498/32/4
f 4378/31/4 4459/31/4 4498/31/4
f 4498/31/4 4459/31/4 4499/31/4
f 4460/31/4 4461/31/4 4500/31/4
f 4500/31/4 4461/31/4 4501/31/4
f 4463/37/4 4464/37/4 4502/37/4
f 4465/37/4 4466/37/4 4502/37/4
f 4435/31/4 4463/31/4 4502/31/4
f 4464/37/4 4465/37/4 4502/37/4
f 4502/37/4 4466/37/4 4503/37/4
f 4503/37/4 4466/37/4 4504/37/4
f 4504/37/4 4466/37/4 4505/37/4
f 4467/29/4 4468/29/4 4506/29/4
f 4505/37/4 4466/37/4 4506/37/4
f 4466/29/4 4467/29/4 4506/29/4
f 4506/29/4 4468/29/4 4507/29/4
f 4507/29/4 4468/29/4 4508/29/4
f 4508/29/4 4468/29/4 4509/29/4
f 4469/26/4 4470/26/4 4510/26/4
f 4509/29/4 4468/29/4 4510/29/4
f 4468/26/4 4469/26/4 4510/26/4
f 4510/26/4 4470/26/4 4511/26/4
f 4470/31/4 4355/31/4 4512/31/4
f 4511/26/4 4470/26/4 4512/26/4
f 4355/29/4 3614/29/4 4513/29/4
f 4512/31/4 4355/31/4 4513/31/4
f 3613/29/4 4471/29/4 4514/29/4
f 4471/29/4 4472/29/4 4514/29/4
f 4472/30/4 4445/30/4 4515/30/4
f 4514/29/4 4472/29/4 4515/29/4
f 4445/32/4 4473/32/4 4516/32/4
f 4515/30/4 4445/30/4 4516/30/4
f 4473/32/4 4474/32/4 4516/32/4
f 4475/32/4 4476/32/4 4516/32/4
f 4474/32/4 4475/32/4 4516/32/4
f 4516/32/4 4476/32/4 4517/32/4
f 4517/32/4 4476/32/4 4518/32/4
f 4476/29/4 4477/29/4 4519/29/4
f 4518/32/4 4476/32/4 4519/32/4
f 4477/29/4 4478/29/4 4519/29/4
f 4481/31/4 4482/31/4 4520/31/4
f 4480/31/4 4481/31/4 4520/31/4
f 4482/33/4 4447/33/4 4521/33/4
f 4520/31/4 4482/31/4 4521/31/4
f 4447/31/4 4483/31/4 4522/31/4
f 4521/33/4 4447/33/4 4522/33/4
f 4484/31/4 4485/31/4 4522/31/4
f 4483/31/4 4484/31/4 4522/31/4
f 4522/31/4 4485/31/4 4523/31/4
f 4412/31/4 4487/31/4 4524/31/4
f 4411/29/4 4412/29/4 4524/29/4
f 4524/31/4 4487/31/4 4525/31/4
f 4488/29/4 4489/29/4 4526/29/4
f 4487/33/4 4488/33/4 4526/33/4
f 4489/29/4 4490/29/4 4526/29/4
f 4526/29/4 4490/29/4 4527/29/4
f 4493/30/4 4418/30/4 4528/30/4
f 4492/30/4 4493/30/4 4528/30/4
f 4418/33/4 4419/33/4 4528/33/4
f 4528/33/4 4419/33/4 4529/33/4
f 4457/31/4 4458/31/4 4530/31/4
f 4458/32/4 4498/32/4 4530/32/4
f 4530/32/4 4498/32/4 4531/32/4
f 4531/32/4 4498/32/4 4532/32/4
f 4498/30/4 4499/30/4 4533/30/4
f 4532/32/4 4498/32/4 4533/32/4
f 4501/31/4 4461/31/4 4534/31/4
f 4500/30/4 4501/30/4 4534/30/4
f 4534/31/4 4461/31/4 4535/31/4
f 4461/33/4 4462/33/4 4536/33/4
f 4535/31/4 4461/31/4 4536/31/4
f 4462/29/4 4435/29/4 4537/29/4
f 4536/33/4 4462/33/4 4537/33/4
f 4502/31/4 4503/31/4 4538/31/4
f 4503/30/4 4504/30/4 4538/30/4
f 4504/28/4 4505/28/4 4539/28/4
f 4538/30/4 4504/30/4 4539/30/4
f 4506/30/4 4507/30/4 4540/30/4
f 4505/30/4 4506/30/4 4540/30/4
f 4507/37/4 4508/37/4 4540/37/4
f 4508/36/4 4509/36/4 4541/36/4
f 4540/37/4 4508/37/4 4541/37/4
f 4541/36/4 4509/36/4 4542/36/4
f 4509/29/4 4510/29/4 4543/29/4
f 4542/36/4 4509/36/4 4543/36/4
f 4510/29/4 4511/29/4 4543/29/4
f 4511/26/4 4512/26/4 4544/26/4
f 4543/29/4 4511/29/4 4544/29/4
f 4512/26/4 4513/26/4 4544/26/4
f 4544/26/4 4513/26/4 4545/26/4
f 4515/30/4 4516/30/4 4546/30/4
f 4514/32/4 4515/32/4 4546/32/4
f 4516/29/4 4517/29/4 4547/29/4
f 4546/30/4 4516/30/4 4547/30/4
f 4517/32/4 4518/32/4 4548/32/4
f 4547/29/4 4517/29/4 4548/29/4
f 4548/32/4 4518/32/4 4549/32/4
f 4549/32/4 4518/32/4 4550/32/4
f 4518/29/4 4519/29/4 4551/29/4
f 4550/32/4 4518/32/4 4551/32/4
f 4519/29/4 4478/29/4 4552/29/4
f 4551/29/4 4519/29/4 4552/29/4
f 4523/31/4 4485/31/4 4553/31/4
f 4485/29/4 4486/29/4 4554/29/4
f 4553/31/4 4485/31/4 4554/31/4
f 4486/31/4 4411/31/4 4555/31/4
f 4554/29/4 4486/29/4 4555/29/4
f 4524/29/4 4525/29/4 4556/29/4
f 4555/31/4 4411/31/4 4556/31/4
f 4411/29/4 4524/29/4 4556/29/4
f 4525/31/4 4487/31/4 4557/31/4
f 4556/29/4 4525/29/4 4557/29/4
f 4557/31/4 4487/31/4 4558/31/4
f 4526/33/4 4527/33/4 4559/33/4
f 4558/31/4 4487/31/4 4559/31/4
f 4487/33/4 4526/33/4 4559/33/4
f 4527/29/4 4490/29/4 4560/29/4
f 4559/33/4 4527/33/4 4560/33/4
f 4490/33/4 4491/33/4 4561/33/4
f 4560/29/4 4490/29/4 4561/29/4
f 4491/33/4 4451/33/4 4562/33/4
f 4561/33/4 4491/33/4 4562/33/4
f 4451/29/4 4368/29/4 4563/29/4
f 4562/33/4 4451/33/4 4563/33/4
f 4368/30/4 4414/30/4 4564/30/4
f 4563/29/4 4368/29/4 4564/29/4
f 4414/32/4 4415/32/4 4565/32/4
f 4564/30/4 4414/30/4 4565/30/4
f 4415/31/4 4492/31/4 4566/31/4
f 4565/32/4 4415/32/4 4566/32/4
f 4566/31/4 4492/31/4 4567/31/4
f 4492/30/4 4528/30/4 4568/30/4
f 4567/31/4 4492/31/4 4568/31/4
f 4528/31/4 4529/31/4 4569/31/4
f 4568/30/4 4528/30/4 4569/30/4
f 4529/33/4 4419/33/4 4570/33/4
f 4569/31/4 4529/31/4 4570/31/4
f 4419/30/4 4494/30/4 4571/30/4
f 4570/33/4 4419/33/4 4571/33/4
f 4495/31/4 4496/31/4 4572/31/4
f 4571/30/4 4494/30/4 4572/30/4
f 4494/31/4 4495/31/4 4572/31/4
f 4572/31/4 4496/31/4 4573/31/4
f 4573/31/4 4496/31/4 4574/31/4
f 4496/30/4 4497/30/4 4575/30/4
f 4574/31/4 4496/31/4 4575/31/4
f 4497/33/4 4457/33/4 4576/33/4
f 4575/30/4 4497/30/4 4576/30/4
f 4457/31/4 4530/31/4 4577/31/4
f 4576/33/4 4457/33/4 4577/33/4
f 4530/30/4 4531/30/4 4578/30/4
f 4577/31/4 4530/31/4 4578/31/4
f 4531/32/4 4532/32/4 4579/32/4
f 4578/30/4 4531/30/4 4579/30/4
f 4532/31/4 4533/31/4 4580/31/4
f 4579/32/4 4532/32/4 4580/32/4
f 4533/30/4 4499/30/4 4581/30/4
f 4580/31/4 4533/31/4 4581/31/4
f 4499/31/4 4459/31/4 4582/31/4
f 4581/30/4 4499/30/4 4582/30/4
f 4459/29/4 4460/29/4 4583/29/4
f 4582/31/4 4459/31/4 4583/31/4
f 4460/31/4 4500/31/4 4584/31/4
f 4583/29/4 4460/29/4 4584/29/4
f 4534/30/4 4535/30/4 4585/30/4
f 4584/31/4 4500/31/4 4585/31/4
f 4500/30/4 4534/30/4 4585/30/4
f 4585/30/4 4535/30/4 4586/30/4
f 4586/30/4 4535/30/4 4587/30/4
f 4587/30/4 4535/30/4 4588/30/4
f 4588/30/4 4535/30/4 4589/30/4
f 4535/31/4 4536/31/4 4590/31/4
f 4589/30/4 4535/30/4 4590/30/4
f 4590/31/4 4536/31/4 4591/31/4
f 4536/29/4 4537/29/4 4592/29/4
f 4591/31/4 4536/31/4 4592/31/4
f 4537/29/4 4435/29/4 4593/29/4
f 4592/29/4 4537/29/4 4593/29/4
f 4502/31/4 4538/31/4 4594/31/4
f 4593/29/4 4435/29/4 4594/29/4
f 4435/31/4 4502/31/4 4594/31/4
f 4594/31/4 4538/31/4 4595/31/4
f 4595/31/4 4538/31/4 4596/31/4
f 4539/28/4 4505/28/4 4597/28/4
f 4538/28/4 4539/28/4 4597/28/4
f 4505/30/4 4540/30/4 4598/30/4
f 4597/28/4 4505/28/4 4598/28/4
f 4541/30/4 4542/30/4 4598/30/4
f 4540/30/4 4541/30/4 4598/30/4
f 4598/30/4 4542/30/4 4599/30/4
f 4599/30/4 4542/30/4 4600/30/4
f 4600/30/4 4542/30/4 4601/30/4
f 4601/30/4 4542/30/4 4602/30/4
f 4542/29/4 4543/29/4 4603/29/4
f 4602/30/4 4542/30/4 4603/30/4
f 4544/37/4 4545/37/4 4604/37/4
f 4603/29/4 4543/29/4 4604/29/4
f 4543/37/4 4544/37/4 4604/37/4
f 4545/26/4 4513/26/4 4605/26/4
f 4604/37/4 4545/37/4 4605/37/4
f 4546/29/4 4547/29/4 4606/29/4
f 4514/32/4 4546/32/4 4606/32/4
f 4547/29/4 4548/29/4 4606/29/4
f 4548/29/4 4549/29/4 4606/29/4
f 4606/29/4 4549/29/4 4607/29/4
f 4550/30/4 4551/30/4 4608/30/4
f 4551/30/4 4552/30/4 4608/30/4
f 4552/29/4 4478/29/4 4609/29/4
f 4608/30/4 4552/30/4 4609/30/4
f 4478/35/4 4479/35/4 4610/35/4
f 4609/29/4 4478/29/4 4610/29/4
f 4479/32/4 4480/32/4 4611/32/4
f 4610/35/4 4479/35/4 4611/35/4
f 4480/31/4 4520/31/4 4612/31/4
f 4611/32/4 4480/32/4 4612/32/4
f 4523/31/4 4553/31/4 4613/31/4
f 4520/33/4 4521/33/4 4613/33/4
f 4522/33/4 4523/33/4 4613/33/4
f 4521/33/4 4522/33/4 4613/33/4
f 4613/31/4 4553/31/4 4614/31/4
f 4553/33/4 4554/33/4 4615/33/4
f 4614/31/4 4553/31/4 4615/31/4
f 4555/31/4 4556/31/4 4616/31/4
f 4615/33/4 4554/33/4 4616/33/4
f 4554/31/4 4555/31/4 4616/31/4
f 4556/31/4 4557/31/4 4616/31/4
f 4616/31/4 4557/31/4 4617/31/4
f 4617/31/4 4557/31/4 4618/31/4
f 4557/33/4 4558/33/4 4619/33/4
f 4618/31/4 4557/31/4 4619/31/4
f 4560/31/4 4561/31/4 4620/31/4
f 4619/33/4 4558/33/4 4620/33/4
f 4559/31/4 4560/31/4 4620/31/4
f 4558/31/4 4559/31/4 4620/31/4
f 4620/31/4 4561/31/4 4621/31/4
f 4561/29/4 4562/29/4 4622/29/4
f 4621/31/4 4561/31/4 4622/31/4
f 4564/31/4 4565/31/4 4623/31/4
f 4622/29/4 4562/29/4 4623/29/4
f 4563/31/4 4564/31/4 4623/31/4
f 4562/31/4 4563/31/4 4623/31/4
f 4623/31/4 4565/31/4 4624/31/4
f 4565/30/4 4566/30/4 4625/30/4
f 4624/31/4 4565/31/4 4625/31/4
f 4566/33/4 4567/33/4 4626/33/4
f 4625/30/4 4566/30/4 4626/30/4
f 4567/30/4 4568/30/4 4627/30/4
f 4626/33/4 4567/33/4 4627/33/4
f 4568/33/4 4569/33/4 4628/33/4
f 4627/30/4 4568/30/4 4628/30/4
f 4569/33/4 4570/33/4 4628/33/4
f 4570/33/4 4571/33/4 4628/33/4
f 4628/33/4 4571/33/4 4629/33/4
f 4572/31/4 4573/31/4 4630/31/4
f 4629/33/4 4571/33/4 4630/33/4
f 4571/31/4 4572/31/4 4630/31/4
f 4573/33/4 4574/33/4 4631/33/4
f 4630/31/4 4573/31/4 4631/31/4
f 4574/29/4 4575/29/4 4632/29/4
f 4631/33/4 4574/33/4 4632/33/4
f 4575/31/4 4576/31/4 4633/31/4
f 4632/29/4 4575/29/4 4633/29/4
f 4576/29/4 4577/29/4 4634/29/4
f 4633/31/4 4576/31/4 4634/31/4
f 4578/31/4 4579/31/4 4635/31/4
f 4634/29/4 4577/29/4 4635/29/4
f 4577/31/4 4578/31/4 4635/31/4
f 4579/33/4 4580/33/4 4636/33/4
f 4635/31/4 4579/31/4 4636/31/4
f 4581/30/4 4582/30/4 4637/30/4
f 4580/30/4 4581/30/4 4637/30/4
f 4582/30/4 4583/30/4 4637/30/4
f 4585/31/4 4586/31/4 4638/31/4
f 4637/30/4 4583/30/4 4638/30/4
f 4583/31/4 4584/31/4 4638/31/4
f 4584/31/4 4585/31/4 4638/31/4
f 4638/31/4 4586/31/4 4639/31/4
f 4639/31/4 4586/31/4 4640/31/4
f 4640/31/4 4586/31/4 4641/31/4
f 4586/29/4 4587/29/4 4642/29/4
f 4641/31/4 4586/31/4 4642/31/4
f 4587/31/4 4588/31/4 4643/31/4
f 4642/29/4 4587/29/4 4643/29/4
f 4588/33/4 4589/33/4 4644/33/4
f 4643/31/4 4588/31/4 4644/31/4
f 4589/31/4 4590/31/4 4645/31/4
f 4644/33/4 4589/33/4 4645/33/4
f 4590/33/4 4591/33/4 4646/33/4
f 4645/31/4 4590/31/4 4646/31/4
f 4592/31/4 4593/31/4 4647/31/4
f 4591/31/4 4592/31/4 4647/31/4
f 4593/33/4 4594/33/4 4647/33/4
f 4647/33/4 4594/33/4 4648/33/4
f 4648/33/4 4594/33/4 4649/33/4
f 4599/29/4 4600/29/4 4650/29/4
f 4600/35/4 4601/35/4 4650/35/4
f 4601/34/4 4602/34/4 4651/34/4
f 4650/35/4 4601/35/4 4651/35/4
f 4604/29/4 4605/29/4 4652/29/4
f 4651/34/4 4602/34/4 4652/34/4
f 4603/29/4 4604/29/4 4652/29/4
f 4602/29/4 4603/29/4 4652/29/4
f 4652/29/4 4605/29/4 4653/29/4
f 4653/29/4 4605/29/4 4654/29/4
f 4514/32/4 4606/32/4 4655/32/4
f 4606/35/4 4607/35/4 4655/35/4
f 4607/29/4 4549/29/4 4656/29/4
f 4655/35/4 4607/35/4 4656/35/4
f 4656/29/4 4549/29/4 4657/29/4
f 4549/32/4 4550/32/4 4658/32/4
f 4657/29/4 4549/29/4 4658/29/4
f 4616/31/4 4617/31/4 4659/31/4
f 4615/31/4 4616/31/4 4659/31/4
f 4614/31/4 4615/31/4 4659/31/4
f 4659/31/4 4617/31/4 4660/31/4
f 4660/31/4 4617/31/4 4661/31/4
f 4617/30/4 4618/30/4 4662/30/4
f 4661/31/4 4617/31/4 4662/31/4
f 4626/21/4 4627/21/4 4663/21/4
f 4627/21/4 4628/21/4 4663/21/4
f 4628/33/4 4629/33/4 4663/33/4
f 4625/21/4 4626/21/4 4663/21/4
f 4663/33/4 4629/33/4 4664/33/4
f 4630/21/4 4631/21/4 4665/21/4
f 4629/21/4 4630/21/4 4665/21/4
f 4631/31/4 4632/31/4 4665/31/4
f 4632/30/4 4633/30/4 4666/30/4
f 4665/31/4 4632/31/4 4666/31/4
f 4634/21/4 4635/21/4 4667/21/4
f 4666/30/4 4633/30/4 4667/30/4
f 4633/21/4 4634/21/4 4667/21/4
f 4635/21/4 4636/21/4 4667/21/4
f 4636/33/4 4580/33/4 4668/33/4
f 4667/21/4 4636/21/4 4668/21/4
f 4580/30/4 4637/30/4 4669/30/4
f 4668/33/4 4580/33/4 4669/33/4
f 4637/21/4 4638/21/4 4670/21/4
f 4669/30/4 4637/30/4 4670/30/4
f 4638/21/4 4639/21/4 4670/21/4
f 4642/21/4 4643/21/4 4671/21/4
f 4644/31/4 4645/31/4 4671/31/4
f 4641/21/4 4642/21/4 4671/21/4
f 4643/21/4 4644/21/4 4671/21/4
f 4645/33/4 4646/33/4 4672/33/4
f 4671/31/4 4645/31/4 4672/31/4
f 4647/30/4 4648/30/4 4673/30/4
f 4648/31/4 4649/31/4 4673/31/4
f 4649/33/4 4594/33/4 4674/33/4
f 4673/31/4 4649/31/4 4674/31/4
f 4596/31/4 4538/31/4 4675/31/4
f 4538/28/4 4597/28/4 4676/28/4
f 4675/31/4 4538/31/4 4676/31/4
f 4598/30/4 4599/30/4 4677/30/4
f 4676/28/4 4597/28/4 4677/28/4
f 4597/30/4 4598/30/4 4677/30/4
f 4650/30/4 4651/30/4 4678/30/4
f 4652/29/4 4653/29/4 4679/29/4
f 4678/30/4 4651/30/4 4679/30/4
f 4651/29/4 4652/29/4 4679/29/4
f 4653/38/4 4654/38/4 4680/38/4
f 4679/29/4 4653/29/4 4680/29/4
f 4654/29/4 4605/29/4 4681/29/4
f 4680/38/4 4654/38/4 4681/38/4
f 4681/29/4 4605/29/4 4682/29/4
f 4550/30/4 4608/30/4 4683/30/4
f 4658/32/4 4550/32/4 4683/32/4
f 4657/32/4 4658/32/4 4683/32/4
f 4610/29/4 4611/29/4 4684/29/4
f 4683/30/4 4608/30/4 4684/30/4
f 4608/29/4 4609/29/4 4684/29/4
f 4609/29/4 4610/29/4 4684/29/4
f 4684/29/4 4611/29/4 4685/29/4
f 4685/29/4 4611/29/4 4686/29/4
f 4611/35/4 4612/35/4 4687/35/4
f 4686/29/4 4611/29/4 4687/29/4
f 4612/31/4 4520/31/4 4688/31/4
f 4687/35/4 4612/35/4 4688/35/4
f 4613/33/4 4614/33/4 4689/33/4
f 4688/31/4 4520/31/4 4689/31/4
f 4520/33/4 4613/33/4 4689/33/4
f 4689/33/4 4614/33/4 4690/33/4
f 4659/33/4 4660/33/4 4691/33/4
f 4660/30/4 4661/30/4 4692/30/4
f 4691/33/4 4660/33/4 4692/33/4
f 4661/29/4 4662/29/4 4693/29/4
f 4692/30/4 4661/30/4 4693/30/4
f 4662/30/4 4618/30/4 4694/30/4
f 4693/29/4 4662/29/4 4694/29/4
f 4621/21/4 4622/21/4 4695/21/4
f 4622/21/4 4623/21/4 4695/21/4
f 4624/31/4 4625/31/4 4695/31/4
f 4623/21/4 4624/21/4 4695/21/4
f 4695/31/4 4625/31/4 4696/31/4
f 4669/31/4 4670/31/4 4697/31/4
f 4668/31/4 4669/31/4 4697/31/4
f 4670/21/4 4639/21/4 4698/21/4
f 4697/31/4 4670/31/4 4698/31/4
f 4639/29/4 4640/29/4 4699/29/4
f 4698/21/4 4639/21/4 4699/21/4
f 4640/31/4 4641/31/4 4700/31/4
f 4699/29/4 4640/29/4 4700/29/4
f 4641/21/4 4671/21/4 4701/21/4
f 4700/31/4 4641/31/4 4701/31/4
f 4591/31/4 4647/31/4 4702/31/4
f 4702/31/4 4647/31/4 4703/31/4
f 4674/33/4 4594/33/4 4704/33/4
f 4673/33/4 4674/33/4 4704/33/4
f 4594/31/4 4595/31/4 4705/31/4
f 4704/33/4 4594/33/4 4705/33/4
f 4595/30/4 4596/30/4 4706/30/4
f 4705/31/4 4595/31/4 4706/31/4
f 4596/31/4 4675/31/4 4707/31/4
f 4706/30/4 4596/30/4 4707/30/4
f 4675/28/4 4676/28/4 4708/28/4
f 4707/31/4 4675/31/4 4708/31/4
f 4650/30/4 4678/30/4 4709/30/4
f 4680/29/4 4681/29/4 4709/29/4
f 4679/29/4 4680/29/4 4709/29/4
f 4678/29/4 4679/29/4 4709/29/4
f 4709/29/4 4681/29/4 4710/29/4
f 4710/29/4 4681/29/4 4711/29/4
f 4711/29/4 4681/29/4 4712/29/4
f 4712/29/4 4681/29/4 4713/29/4
f 4681/30/4 4682/30/4 4714/30/4
f 4713/29/4 4681/29/4 4714/29/4
f 4682/29/4 4605/29/4 4715/29/4
f 4715/29/4 4605/29/4 4716/29/4
f 4716/29/4 4605/29/4 4717/29/4
f 4655/32/4 4656/32/4 4718/32/4
f 4656/35/4 4657/35/4 4718/35/4
f 4657/32/4 4683/32/4 4719/32/4
f 4718/35/4 4657/35/4 4719/35/4
f 4719/32/4 4683/32/4 4720/32/4
f 4683/29/4 4684/29/4 4721/29/4
f 4720/32/4 4683/32/4 4721/32/4
f 4684/32/4 4685/32/4 4722/32/4
f 4721/29/4 4684/29/4 4722/29/4
f 4689/31/4 4690/31/4 4723/31/4
f 4690/33/4 4614/33/4 4723/33/4
f 4723/33/4 4614/33/4 4724/33/4
f 4614/31/4 4659/31/4 4725/31/4
f 4659/33/4 4691/33/4 4726/33/4
f 4725/31/4 4659/31/4 4726/31/4
f 4694/30/4 4618/30/4 4727/30/4
f 4692/30/4 4693/30/4 4727/30/4
f 4693/30/4 4694/30/4 4727/30/4
f 4618/31/4 4619/31/4 4728/31/4
f 4727/30/4 4618/30/4 4728/30/4
f 4620/31/4 4621/31/4 4728/31/4
f 4619/31/4 4620/31/4 4728/31/4
f 4728/31/4 4621/31/4 4729/31/4
f 4729/31/4 4621/31/4 4730/31/4
f 4625/21/4 4663/21/4 4731/21/4
f 4663/31/4 4664/31/4 4731/31/4
f 4664/33/4 4629/33/4 4732/33/4
f 4731/31/4 4664/31/4 4732/31/4
f 4698/21/4 4699/21/4 4733/21/4
f 4699/30/4 4700/30/4 4733/30/4
f 4700/33/4 4701/33/4 4734/33/4
f 4733/30/4 4700/30/4 4734/30/4
f 4673/33/4 4704/33/4 4735/33/4
f 4647/30/4 4673/30/4 4735/30/4
f 4704/31/4 4705/31/4 4736/31/4
f 4735/33/4 4704/33/4 4736/33/4
f 4708/28/4 4676/28/4 4737/28/4
f 4705/30/4 4706/30/4 4737/30/4
f 4707/30/4 4708/30/4 4737/30/4
f 4706/30/4 4707/30/4 4737/30/4
f 4676/30/4 4677/30/4 4738/30/4
f 4737/28/4 4676/28/4 4738/28/4
f 4677/30/4 4599/30/4 4739/30/4
f 4738/30/4 4677/30/4 4739/30/4
f 4599/29/4 4650/29/4 4740/29/4
f 4739/30/4 4599/30/4 4740/30/4
f 4650/30/4 4709/30/4 4741/30/4
f 4740/29/4 4650/29/4 4741/29/4
f 4709/30/4 4710/30/4 4741/30/4
f 4710/29/4 4711/29/4 4742/29/4
f 4711/38/4 4712/38/4 4742/38/4
f 4712/29/4 4713/29/4 4743/29/4
f 4742/38/4 4712/38/4 4743/38/4
f 4715/37/4 4716/37/4 4744/37/4
f 4682/29/4 4715/29/4 4744/29/4
f 4716/36/4 4717/36/4 4745/36/4
f 4744/37/4 4716/37/4 4745/37/4
f 4717/29/4 4605/29/4 4746/29/4
f 4745/36/4 4717/36/4 4746/36/4
f 4605/26/4 4513/26/4 4747/26/4
f 4746/29/4 4605/29/4 4747/29/4
f 4687/29/4 4688/29/4 4748/29/4
f 4686/29/4 4687/29/4 4748/29/4
f 4688/35/4 4689/35/4 4749/35/4
f 4748/29/4 4688/29/4 4749/29/4
f 4723/31/4 4724/31/4 4750/31/4
f 4749/35/4 4689/35/4 4750/35/4
f 4689/31/4 4723/31/4 4750/31/4
f 4750/31/4 4724/31/4 4751/31/4
f 4614/31/4 4725/31/4 4752/31/4
f 4752/31/4 4725/31/4 4753/31/4
f 4728/31/4 4729/31/4 4754/31/4
f 4727/29/4 4728/29/4 4754/29/4
f 4754/31/4 4729/31/4 4755/31/4
f 4665/30/4 4666/30/4 4756/30/4
f 4666/31/4 4667/31/4 4756/31/4
f 4667/21/4 4668/21/4 4757/21/4
f 4756/31/4 4667/31/4 4757/31/4
f 4668/31/4 4697/31/4 4758/31/4
f 4697/30/4 4698/30/4 4758/30/4
f 4698/21/4 4733/21/4 4759/21/4
f 4758/30/4 4698/30/4 4759/30/4
f 4734/33/4 4701/33/4 4760/33/4
f 4733/29/4 4734/29/4 4760/29/4
f 4701/21/4 4671/21/4 4761/21/4
f 4760/33/4 4701/33/4 4761/33/4
f 4591/31/4 4702/31/4 4762/31/4
f 4702/29/4 4703/29/4 4762/29/4
f 4703/31/4 4647/31/4 4763/31/4
f 4762/29/4 4703/29/4 4763/29/4
f 4647/30/4 4735/30/4 4764/30/4
f 4763/31/4 4647/31/4 4764/31/4
f 4737/30/4 4738/30/4 4765/30/4
f 4738/30/4 4739/30/4 4765/30/4
f 4739/29/4 4740/29/4 4766/29/4
f 4765/30/4 4739/30/4 4766/30/4
f 4745/29/4 4746/29/4 4767/29/4
f 4744/29/4 4745/29/4 4767/29/4
f 4746/26/4 4747/26/4 4768/26/4
f 4767/29/4 4746/29/4 4768/29/4
f 4718/32/4 4719/32/4 4769/32/4
f 4719/35/4 4720/35/4 4769/35/4
f 4720/32/4 4721/32/4 4770/32/4
f 4769/35/4 4720/35/4 4770/35/4
f 4721/32/4 4722/32/4 4770/32/4
f 4770/32/4 4722/32/4 4771/32/4
f 4724/33/4 4614/33/4 4772/33/4
f 4614/31/4 4752/31/4 4773/31/4
f 4772/33/4 4614/33/4 4773/33/4
f 4752/33/4 4753/33/4 4774/33/4
f 4773/31/4 4752/31/4 4774/31/4
f 4753/31/4 4725/31/4 4775/31/4
f 4774/33/4 4753/33/4 4775/33/4
f 4692/30/4 4727/30/4 4776/30/4
f 4754/29/4 4755/29/4 4777/29/4
f 4776/30/4 4727/30/4 4777/30/4
f 4727/29/4 4754/29/4 4777/29/4
f 4755/31/4 4729/31/4 4778/31/4
f 4777/29/4 4755/29/4 4778/29/4
f 4778/31/4 4729/31/4 4779/31/4
f 4696/31/4 4625/31/4 4780/31/4
f 4695/33/4 4696/33/4 4780/33/4
f 4625/21/4 4731/21/4 4781/21/4
f 4780/31/4 4625/31/4 4781/31/4
f 4731/33/4 4732/33/4 4782/33/4
f 4781/21/4 4731/21/4 4782/21/4
f 4732/33/4 4629/33/4 4783/33/4
f 4782/33/4 4732/33/4 4783/33/4
f 4764/30/4 4735/30/4 4784/30/4
f 4763/29/4 4764/29/4 4784/29/4
f 4735/31/4 4736/31/4 4785/31/4
f 4784/30/4 4735/30/4 4785/30/4
f 4714/30/4 4682/30/4 4786/30/4
f 4713/30/4 4714/30/4 4786/30/4
f 4744/29/4 4767/29/4 4787/29/4
f 4786/30/4 4682/30/4 4787/30/4
f 4682/29/4 4744/29/4 4787/29/4
f 4787/29/4 4767/29/4 4788/29/4
f 4788/29/4 4767/29/4 4789/29/4
f 4768/26/4 4747/26/4 4790/26/4
f 4767/26/4 4768/26/4 4790/26/4
f 4747/26/4 4513/26/4 4791/26/4
f 4790/26/4 4747/26/4 4791/26/4
f 4513/29/4 3614/29/4 4791/29/4
f 4771/32/4 4722/32/4 4792/32/4
f 4770/35/4 4771/35/4 4792/35/4
f 4722/32/4 4685/32/4 4793/32/4
f 4792/32/4 4722/32/4 4793/32/4
f 4685/30/4 4686/30/4 4794/30/4
f 4793/32/4 4685/32/4 4794/32/4
f 4686/29/4 4748/29/4 4795/29/4
f 4794/30/4 4686/30/4 4795/30/4
f 4748/37/4 4749/37/4 4796/37/4
f 4795/29/4 4748/29/4 4796/29/4
f 4749/29/4 4750/29/4 4797/29/4
f 4796/37/4 4749/37/4 4797/37/4
f 4750/35/4 4751/35/4 4798/35/4
f 4797/29/4 4750/29/4 4798/29/4
f 4751/31/4 4724/31/4 4799/31/4
f 4798/35/4 4751/35/4 4799/35/4
f 4724/33/4 4772/33/4 4800/33/4
f 4799/31/4 4724/31/4 4800/31/4
f 4773/31/4 4774/31/4 4801/31/4
f 4800/33/4 4772/33/4 4801/33/4
f 4772/31/4 4773/31/4 4801/31/4
f 4774/31/4 4775/31/4 4801/31/4
f 4801/31/4 4775/31/4 4802/31/4
f 4729/33/4 4730/33/4 4803/33/4
f 4779/31/4 4729/31/4 4803/31/4
f 4730/31/4 4621/31/4 4804/31/4
f 4803/33/4 4730/33/4 4804/33/4
f 4621/21/4 4695/21/4 4805/21/4
f 4804/31/4 4621/31/4 4805/31/4
f 4695/33/4 4780/33/4 4806/33/4
f 4805/21/4 4695/21/4 4806/21/4
f 4780/33/4 4781/33/4 4806/33/4
f 4781/21/4 4782/21/4 4807/21/4
f 4806/33/4 4781/33/4 4807/33/4
f 4782/31/4 4783/31/4 4808/31/4
f 4807/21/4 4782/21/4 4808/21/4
f 4783/33/4 4629/33/4 4809/33/4
f 4808/31/4 4783/31/4 4809/31/4
f 4629/21/4 4665/21/4 4810/21/4
f 4809/33/4 4629/33/4 4810/33/4
f 4665/30/4 4756/30/4 4811/30/4
f 4810/21/4 4665/21/4 4811/21/4
f 4756/30/4 4757/30/4 4811/30/4
f 4757/21/4 4668/21/4 4812/21/4
f 4811/30/4 4757/30/4 4812/30/4
f 4758/31/4 4759/31/4 4813/31/4
f 4812/21/4 4668/21/4 4813/21/4
f 4668/31/4 4758/31/4 4813/31/4
f 4759/21/4 4733/21/4 4814/21/4
f 4813/31/4 4759/31/4 4814/31/4
f 4733/29/4 4760/29/4 4815/29/4
f 4814/21/4 4733/21/4 4815/21/4
f 4760/31/4 4761/31/4 4816/31/4
f 4815/29/4 4760/29/4 4816/29/4
f 4761/21/4 4671/21/4 4817/21/4
f 4816/31/4 4761/31/4 4817/31/4
f 4671/30/4 4672/30/4 4818/30/4
f 4817/21/4 4671/21/4 4818/21/4
f 4672/33/4 4646/33/4 4819/33/4
f 4818/30/4 4672/30/4 4819/30/4
f 4646/33/4 4591/33/4 4820/33/4
f 4819/33/4 4646/33/4 4820/33/4
f 4591/31/4 4762/31/4 4821/31/4
f 4820/33/4 4591/33/4 4821/33/4
f 4762/31/4 4763/31/4 4821/31/4
f 4785/31/4 4736/31/4 4822/31/4
f 4736/31/4 4705/31/4 4822/31/4
f 4705/30/4 4737/30/4 4822/30/4
f 4737/30/4 4765/30/4 4822/30/4
f 4822/30/4 4765/30/4 4823/30/4
f 4710/29/4 4742/29/4 4824/29/4
f 4742/29/4 4743/29/4 4824/29/4
f 4741/30/4 4710/30/4 4824/30/4
f 4740/30/4 4741/30/4 4824/30/4
f 4824/29/4 4743/29/4 4825/29/4
f 4789/29/4 4767/29/4 4826/29/4
f 4767/26/4 4790/26/4 4827/26/4
f 4826/29/4 4767/29/4 4827/29/4
f 4792/35/4 4793/35/4 4828/35/4
f 4770/35/4 4792/35/4 4828/35/4
f 4769/32/4 4770/32/4 4828/32/4
f 4828/35/4 4793/35/4 4829/35/4
f 4794/32/4 4795/32/4 4830/32/4
f 4799/29/4 4800/29/4 4830/29/4
f 4795/29/4 4796/29/4 4830/29/4
f 4797/29/4 4798/29/4 4830/29/4
f 4798/29/4 4799/29/4 4830/29/4
f 4796/29/4 4797/29/4 4830/29/4
f 4793/32/4 4794/32/4 4830/32/4
f 4830/29/4 4800/29/4 4831/29/4
f 4800/33/4 4801/33/4 4832/33/4
f 4802/31/4 4775/31/4 4832/31/4
f 4801/33/4 4802/33/4 4832/33/4
f 4832/31/4 4775/31/4 4833/31/4
f 4833/31/4 4775/31/4 4834/31/4
f 4834/31/4 4775/31/4 4835/31/4
f 4692/30/4 4776/30/4 4836/30/4
f 4691/31/4 4692/31/4 4836/31/4
f 4776/29/4 4777/29/4 4837/29/4
f 4836/30/4 4776/30/4 4837/30/4
f 4777/29/4 4778/29/4 4837/29/4
f 4778/29/4 4779/29/4 4837/29/4
f 4837/29/4 4779/29/4 4838/29/4
f 4838/29/4 4779/29/4 4839/29/4
f 4839/29/4 4779/29/4 4840/29/4
f 4804/1/4 4805/1/4 4841/1/4
f 4809/8/4 4810/8/4 4841/8/4
f 4810/8/4 4811/8/4 4841/8/4
f 4807/8/4 4808/8/4 4841/8/4
f 4805/8/4 4806/8/4 4841/8/4
f 4815/8/4 4816/8/4 4841/8/4
f 4817/8/4 4818/8/4 4841/8/4
f 4803/1/4 4804/1/4 4841/1/4
f 4813/8/4 4814/8/4 4841/8/4
f 4814/8/4 4815/8/4 4841/8/4
f 4816/8/4 4817/8/4 4841/8/4
f 4806/8/4 4807/8/4 4841/8/4
f 4812/8/4 4813/8/4 4841/8/4
f 4808/8/4 4809/8/4 4841/8/4
f 4811/8/4 4812/8/4 4841/8/4
f 4818/1/4 4819/1/4 4842/1/4
f 4841/8/4 4818/8/4 4842/8/4
f 4819/1/4 4820/1/4 4842/1/4
f 4763/29/4 4784/29/4 4843/29/4
f 4784/29/4 4785/29/4 4843/29/4
f 4822/31/4 4823/31/4 4844/31/4
f 4843/29/4 4785/29/4 4844/29/4
f 4785/31/4 4822/31/4 4844/31/4
f 4844/31/4 4823/31/4 4845/31/4
f 4823/30/4 4765/30/4 4846/30/4
f 4845/31/4 4823/31/4 4846/31/4
f 4846/30/4 4765/30/4 4847/30/4
f 4765/29/4 4766/29/4 4848/29/4
f 4847/30/4 4765/30/4 4848/30/4
f 4825/29/4 4743/29/4 4849/29/4
f 4743/29/4 4713/29/4 4849/29/4
f 4713/30/4 4786/30/4 4850/30/4
f 4849/29/4 4713/29/4 4850/29/4
f 4789/29/4 4826/29/4 4851/29/4
f 4788/26/4 4789/26/4 4851/26/4
f 4826/30/4 4827/30/4 4852/30/4
f 4851/29/4 4826/29/4 4852/29/4
f 4827/26/4 4790/26/4 4853/26/4
f 4852/30/4 4827/30/4 4853/30/4
f 4790/31/4 4791/31/4 4854/31/4
f 4853/26/4 4790/26/4 4854/26/4
f 4829/35/4 4793/35/4 4855/35/4
f 4828/32/4 4829/32/4 4855/32/4
f 4855/35/4 4793/35/4 4856/35/4
f 4830/32/4 4831/32/4 4857/32/4
f 4856/35/4 4793/35/4 4857/35/4
f 4793/32/4 4830/32/4 4857/32/4
f 4857/32/4 4831/32/4 4858/32/4
f 4833/31/4 4834/31/4 4859/31/4
f 4832/33/4 4833/33/4 4859/33/4
f 4834/33/4 4835/33/4 4860/33/4
f 4859/31/4 4834/31/4 4860/31/4
f 4835/31/4 4775/31/4 4861/31/4
f 4860/33/4 4835/33/4 4861/33/4
f 4775/31/4 4725/31/4 4862/31/4
f 4861/31/4 4775/31/4 4862/31/4
f 4691/31/4 4836/31/4 4863/31/4
f 4726/33/4 4691/33/4 4863/33/4
f 4837/31/4 4838/31/4 4863/31/4
f 4836/31/4 4837/31/4 4863/31/4
f 4838/29/4 4839/29/4 4864/29/4
f 4863/31/4 4838/31/4 4864/31/4
f 4839/33/4 4840/33/4 4865/33/4
f 4864/29/4 4839/29/4 4865/29/4
f 4840/29/4 4779/29/4 4866/29/4
f 4865/33/4 4840/33/4 4866/33/4
f 4779/31/4 4803/31/4 4867/31/4
f 4866/29/4 4779/29/4 4867/29/4
f 4803/1/4 4841/1/4 4868/1/4
f 4867/31/4 4803/31/4 4868/31/4
f 4868/1/4 4841/1/4 4869/1/4
f 4841/16/4 4842/16/4 4870/16/4
f 4869/1/4 4841/1/4 4870/1/4
f 4842/1/4 4820/1/4 4871/1/4
f 4870/16/4 4842/16/4 4871/16/4
f 4871/1/4 4820/1/4 4872/1/4
f 4820/31/4 4821/31/4 4873/31/4
f 4872/1/4 4820/1/4 4873/1/4
f 4821/31/4 4763/31/4 4874/31/4
f 4873/31/4 4821/31/4 4874/31/4
f 4763/29/4 4843/29/4 4874/29/4
f 4844/31/4 4845/31/4 4875/31/4
f 4874/29/4 4843/29/4 4875/29/4
f 4843/31/4 4844/31/4 4875/31/4
f 4845/30/4 4846/30/4 4876/30/4
f 4875/31/4 4845/31/4 4876/31/4
f 4740/30/4 4824/30/4 4877/30/4
f 4824/30/4 4825/30/4 4877/30/4
f 4825/29/4 4849/29/4 4878/29/4
f 4877/30/4 4825/30/4 4878/30/4
f 4849/30/4 4850/30/4 4879/30/4
f 4878/29/4 4849/29/4 4879/29/4
f 4850/30/4 4786/30/4 4880/30/4
f 4879/30/4 4850/30/4 4880/30/4
f 4786/29/4 4787/29/4 4880/29/4
f 4787/29/4 4788/29/4 4880/29/4
f 4788/26/4 4851/26/4 4881/26/4
f 4880/29/4 4788/29/4 4881/29/4
f 4851/30/4 4852/30/4 4882/30/4
f 4881/26/4 4851/26/4 4882/26/4
f 4852/30/4 4853/30/4 4882/30/4
f 4856/35/4 4857/35/4 4883/35/4
f 4855/32/4 4856/32/4 4883/32/4
f 4857/35/4 4858/35/4 4883/35/4
f 4883/35/4 4858/35/4 4884/35/4
f 4859/33/4 4860/33/4 4885/33/4
f 4861/33/4 4862/33/4 4885/33/4
f 4860/33/4 4861/33/4 4885/33/4
f 4800/33/4 4832/33/4 4885/33/4
f 4832/33/4 4859/33/4 4885/33/4
f 4831/29/4 4800/29/4 4885/29/4
f 4885/33/4 4862/33/4 4886/33/4
f 4886/33/4 4862/33/4 4887/33/4
f 4887/33/4 4862/33/4 4888/33/4
f 4888/33/4 4862/33/4 4889/33/4
f 4889/33/4 4862/33/4 4890/33/4
f 4862/31/4 4725/31/4 4891/31/4
f 4890/33/4 4862/33/4 4891/33/4
f 4725/29/4 4726/29/4 4892/29/4
f 4726/33/4 4863/33/4 4892/33/4
f 4864/21/4 4865/21/4 4893/21/4
f 4892/33/4 4863/33/4 4893/33/4
f 4863/21/4 4864/21/4 4893/21/4
f 4866/21/4 4867/21/4 4893/21/4
f 4865/21/4 4866/21/4 4893/21/4
f 4867/21/4 4868/21/4 4893/21/4
f 4873/21/4 4874/21/4 4894/21/4
f 4874/21/4 4875/21/4 4894/21/4
f 4876/30/4 4846/30/4 4894/30/4
f 4875/21/4 4876/21/4 4894/21/4
f 4846/31/4 4847/31/4 4895/31/4
f 4894/30/4 4846/30/4 4895/30/4
f 4847/28/4 4848/28/4 4896/28/4
f 4895/31/4 4847/31/4 4896/31/4
f 4848/29/4 4766/29/4 4897/29/4
f 4896/28/4 4848/28/4 4897/28/4
f 4740/30/4 4877/30/4 4898/30/4
f 4897/29/4 4766/29/4 4898/29/4
f 4766/29/4 4740/29/4 4898/29/4
f 4878/29/4 4879/29/4 4899/29/4
f 4898/30/4 4877/30/4 4899/30/4
f 4880/29/4 4881/29/4 4899/29/4
f 4877/29/4 4878/29/4 4899/29/4
f 4881/29/4 4882/29/4 4899/29/4
f 4879/29/4 4880/29/4 4899/29/4
f 4899/29/4 4882/29/4 4900/29/4
f 4884/35/4 4858/35/4 4901/35/4
f 4883/32/4 4884/32/4 4901/32/4
f 4858/32/4 4831/32/4 4902/32/4
f 4901/35/4 4858/35/4 4902/35/4
f 4902/32/4 4831/32/4 4903/32/4
f 4903/32/4 4831/32/4 4904/32/4
f 4831/29/4 4885/29/4 4905/29/4
f 4904/32/4 4831/32/4 4905/32/4
f 4889/33/4 4890/33/4 4906/33/4
f 4888/31/4 4889/31/4 4906/31/4
f 4906/33/4 4890/33/4 4907/33/4
f 4890/2/4 4891/2/4 4908/2/4
f 4907/33/4 4890/33/4 4908/33/4
f 4908/2/4 4891/2/4 4909/2/4
f 4870/21/4 4871/21/4 4910/21/4
f 4910/21/4 4871/21/4 4911/21/4
f 4911/21/4 4871/21/4 4912/21/4
f 4897/34/4 4898/34/4 4913/34/4
f 4896/34/4 4897/34/4 4913/34/4
f 4895/31/4 4896/31/4 4913/31/4
f 4894/31/4 4895/31/4 4913/31/4
f 4913/34/4 4898/34/4 4914/34/4
f 4899/35/4 4900/35/4 4915/35/4
f 4914/34/4 4898/34/4 4915/34/4
f 4898/35/4 4899/35/4 4915/35/4
f 4915/35/4 4900/35/4 4916/35/4
f 4900/29/4 4882/29/4 4917/29/4
f 4916/35/4 4900/35/4 4917/35/4
f 4882/30/4 4853/30/4 4918/30/4
f 4917/29/4 4882/29/4 4918/29/4
f 4918/30/4 4853/30/4 4919/30/4
f 4853/31/4 4854/31/4 4920/31/4
f 4919/30/4 4853/30/4 4920/30/4
f 4854/31/4 4791/31/4 4921/31/4
f 4920/31/4 4854/31/4 4921/31/4
f 4791/29/4 3614/29/4 4922/29/4
f 4921/31/4 4791/31/4 4922/31/4
f 4903/32/4 4904/32/4 4923/32/4
f 4902/35/4 4903/35/4 4923/35/4
f 4904/29/4 4905/29/4 4924/29/4
f 4923/32/4 4904/32/4 4924/32/4
f 4905/29/4 4885/29/4 4925/29/4
f 4924/29/4 4905/29/4 4925/29/4
f 4925/29/4 4885/29/4 4926/29/4
f 4926/29/4 4885/29/4 4927/29/4
f 4885/31/4 4886/31/4 4928/31/4
f 4927/29/4 4885/29/4 4928/29/4
f 4907/2/4 4908/2/4 4929/2/4
f 4908/33/4 4909/33/4 4929/33/4
f 4909/2/4 4891/2/4 4930/2/4
f 4929/33/4 4909/33/4 4930/33/4
f 4725/29/4 4892/29/4 4931/29/4
f 4891/31/4 4725/31/4 4931/31/4
f 4892/31/4 4893/31/4 4932/31/4
f 4931/29/4 4892/29/4 4932/29/4
f 4893/21/4 4868/21/4 4933/21/4
f 4932/31/4 4893/31/4 4933/31/4
f 4868/8/4 4869/8/4 4934/8/4
f 4933/21/4 4868/21/4 4934/21/4
f 4911/30/4 4912/30/4 4935/30/4
f 4910/5/4 4911/5/4 4935/5/4
f 4935/30/4 4912/30/4 4936/30/4
f 4872/8/4 4873/8/4 4937/8/4
f 4873/21/4 4894/21/4 4937/21/4
f 4894/31/4 4913/31/4 4938/31/4
f 4937/21/4 4894/21/4 4938/21/4
f 4913/29/4 4914/29/4 4939/29/4
f 4938/31/4 4913/31/4 4939/31/4
f 4915/37/4 4916/37/4 4940/37/4
f 4939/29/4 4914/29/4 4940/29/4
f 4914/37/4 4915/37/4 4940/37/4
f 4916/29/4 4917/29/4 4941/29/4
f 4940/37/4 4916/37/4 4941/37/4
f 4917/29/4 4918/29/4 4941/29/4
f 4941/29/4 4918/29/4 4942/29/4
f 4942/29/4 4918/29/4 4943/29/4
f 4923/35/4 4924/35/4 4944/35/4
f 4902/35/4 4923/35/4 4944/35/4
f 4901/32/4 4902/32/4 4944/32/4
f 4944/35/4 4924/35/4 4945/35/4
f 4886/33/4 4887/33/4 4946/33/4
f 4928/31/4 4886/31/4 4946/31/4
f 4927/31/4 4928/31/4 4946/31/4
f 4887/2/4 4888/2/4 4947/2/4
f 4946/33/4 4887/33/4 4947/33/4
f 4906/31/4 4907/31/4 4948/31/4
f 4888/31/4 4906/31/4 4948/31/4
f 4907/2/4 4929/2/4 4949/2/4
f 4948/31/4 4907/31/4 4949/31/4
f 4929/31/4 4930/31/4 4950/31/4
f 4949/2/4 4929/2/4 4950/2/4
f 4941/37/4 4942/37/4 4951/37/4
f 4940/29/4 4941/29/4 4951/29/4
f 4942/36/4 4943/36/4 4952/36/4
f 4951/37/4 4942/37/4 4952/37/4
f 4943/29/4 4918/29/4 4953/29/4
f 4952/36/4 4943/36/4 4953/36/4
f 4919/31/4 4920/31/4 4954/31/4
f 4918/26/4 4919/26/4 4954/26/4
f 4920/31/4 4921/31/4 4954/31/4
f 4954/31/4 4921/31/4 4955/31/4
f 4945/35/4 4924/35/4 4956/35/4
f 4944/32/4 4945/32/4 4956/32/4
f 4924/32/4 4925/32/4 4957/32/4
f 4956/35/4 4924/35/4 4957/35/4
f 4957/32/4 4925/32/4 4958/32/4
f 4927/31/4 4946/31/4 4959/31/4
f 4926/29/4 4927/29/4 4959/29/4
f 4946/31/4 4947/31/4 4959/31/4
f 4959/31/4 4947/31/4 4960/31/4
f 4888/31/4 4948/31/4 4961/31/4
f 4947/2/4 4888/2/4 4961/2/4
f 4948/2/4 4949/2/4 4962/2/4
f 4961/31/4 4948/31/4 4962/31/4
f 4949/31/4 4950/31/4 4963/31/4
f 4962/2/4 4949/2/4 4963/2/4
f 4938/31/4 4939/31/4 4964/31/4
f 4937/31/4 4938/31/4 4964/31/4
f 4939/28/4 4940/28/4 4964/28/4
f 4951/29/4 4952/29/4 4965/29/4
f 4964/28/4 4940/28/4 4965/28/4
f 4940/29/4 4951/29/4 4965/29/4
f 4952/29/4 4953/29/4 4965/29/4
f 4953/29/4 4918/29/4 4966/29/4
f 4965/29/4 4953/29/4 4966/29/4
f 4966/29/4 4918/29/4 4967/29/4
f 4918/26/4 4954/26/4 4968/26/4
f 4967/29/4 4918/29/4 4968/29/4
f 4954/26/4 4955/26/4 4968/26/4
f 4968/26/4 4955/26/4 4969/26/4
f 4955/31/4 4921/31/4 4970/31/4
f 4969/26/4 4955/26/4 4970/26/4
f 4970/31/4 4921/31/4 4971/31/4
f 4855/32/4 4883/32/4 4972/32/4
f 4944/32/4 4956/32/4 4972/32/4
f 4883/32/4 4901/32/4 4972/32/4
f 4956/32/4 4957/32/4 4972/32/4
f 4901/32/4 4944/32/4 4972/32/4
f 4972/32/4 4957/32/4 4973/32/4
f 4960/31/4 4947/31/4 4974/31/4
f 4947/2/4 4961/2/4 4975/2/4
f 4974/31/4 4947/31/4 4975/31/4
f 4961/2/4 4962/2/4 4975/2/4
f 4962/31/4 4963/31/4 4976/31/4
f 4975/2/4 4962/2/4 4976/2/4
f 4930/2/4 4891/2/4 4977/2/4
f 4976/31/4 4963/31/4 4977/31/4
f 4963/31/4 4950/31/4 4977/31/4
f 4950/31/4 4930/31/4 4977/31/4
f 4931/31/4 4932/31/4 4978/31/4
f 4977/2/4 4891/2/4 4978/2/4
f 4933/31/4 4934/31/4 4978/31/4
f 4891/31/4 4931/31/4 4978/31/4
f 4932/31/4 4933/31/4 4978/31/4
f 4978/31/4 4934/31/4 4979/31/4
f 4934/8/4 4869/8/4 4980/8/4
f 4979/31/4 4934/31/4 4980/31/4
f 4937/31/4 4964/31/4 4981/31/4
f 4872/8/4 4937/8/4 4981/8/4
f 4981/31/4 4964/31/4 4982/31/4
f 4964/30/4 4965/30/4 4983/30/4
f 4965/35/4 4966/35/4 4983/35/4
f 4983/35/4 4966/35/4 4984/35/4
f 4966/34/4 4967/34/4 4985/34/4
f 4984/35/4 4966/35/4 4985/35/4
f 4968/29/4 4969/29/4 4986/29/4
f 4985/34/4 4967/34/4 4986/34/4
f 4967/29/4 4968/29/4 4986/29/4
f 4970/26/4 4971/26/4 4987/26/4
f 4986/29/4 4969/29/4 4987/29/4
f 4969/26/4 4970/26/4 4987/26/4
f 4987/26/4 4971/26/4 4988/26/4
f 4971/31/4 4921/31/4 4989/31/4
f 4988/26/4 4971/26/4 4989/26/4
f 4921/32/4 4922/32/4 4990/32/4
f 4989/31/4 4921/31/4 4990/31/4
f 4973/32/4 4957/32/4 4991/32/4
f 4957/35/4 4958/35/4 4991/35/4
f 4958/32/4 4925/32/4 4992/32/4
f 4991/35/4 4958/35/4 4992/35/4
f 4925/35/4 4926/35/4 4993/35/4
f 4992/32/4 4925/32/4 4993/32/4
f 4975/31/4 4976/31/4 4994/31/4
f 4974/33/4 4975/33/4 4994/33/4
f 4976/31/4 4977/31/4 4994/31/4
f 4978/31/4 4979/31/4 4994/31/4
f 4977/31/4 4978/31/4 4994/31/4
f 4994/31/4 4979/31/4 4995/31/4
f 4870/21/4 4910/21/4 4996/21/4
f 4910/5/4 4935/5/4 4996/5/4
f 4996/5/4 4935/5/4 4997/5/4
f 4935/28/4 4936/28/4 4998/28/4
f 4997/5/4 4935/5/4 4998/5/4
f 4987/29/4 4988/29/4 4999/29/4
f 4986/29/4 4987/29/4 4999/29/4
f 4983/28/4 4984/28/4 4999/28/4
f 4985/29/4 4986/29/4 4999/29/4
f 4984/29/4 4985/29/4 4999/29/4
f 4999/29/4 4988/29/4 5000/29/4
f 4988/26/4 4989/26/4 5001/26/4
f 5000/29/4 4988/29/4 5001/29/4
f 4989/29/4 4990/29/4 5002/29/4
f 5001/26/4 4989/26/4 5002/26/4
f 4990/32/4 4922/32/4 5003/32/4
f 5002/29/4 4990/29/4 5003/29/4
f 4922/29/4 3614/29/4 5004/29/4
f 5003/32/4 4922/32/4 5004/32/4
f 4992/35/4 4993/35/4 5005/35/4
f 4991/31/4 4992/31/4 5005/31/4
f 4993/35/4 4926/35/4 5006/35/4
f 5005/35/4 4993/35/4 5006/35/4
f 4974/33/4 4994/33/4 5007/33/4
f 4994/2/4 4995/2/4 5007/2/4
f 5007/2/4 4995/2/4 5008/2/4
f 5008/2/4 4995/2/4 5009/2/4
f 4995/31/4 4979/31/4 5010/31/4
f 5009/2/4 4995/2/4 5010/2/4
f 4999/28/4 5000/28/4 5011/28/4
f 5001/29/4 5002/29/4 5011/29/4
f 5002/29/4 5003/29/4 5011/29/4
f 5000/29/4 5001/29/4 5011/29/4
f 5011/29/4 5003/29/4 5012/29/4
f 5012/29/4 5003/29/4 5013/29/4
f 5013/29/4 5003/29/4 5014/29/4
f 5014/29/4 5003/29/4 5015/29/4
f 4855/32/4 4972/32/4 5016/32/4
f 4972/29/4 4973/29/4 5016/29/4
f 4973/32/4 4991/32/4 5017/32/4
f 5016/29/4 4973/29/4 5017/29/4
f 4991/31/4 5005/31/4 5018/31/4
f 5017/32/4 4991/32/4 5018/32/4
f 5005/31/4 5006/31/4 5018/31/4
f 5018/31/4 5006/31/4 5019/31/4
f 4960/31/4 4974/31/4 5020/31/4
f 4974/33/4 5007/33/4 5020/33/4
f 5007/31/4 5008/31/4 5021/31/4
f 5020/33/4 5007/33/4 5021/33/4
f 5010/31/4 4979/31/4 5022/31/4
f 5009/31/4 5010/31/4 5022/31/4
f 4979/21/4 4980/21/4 5022/21/4
f 4980/8/4 4869/8/4 5023/8/4
f 5022/21/4 4980/21/4 5023/21/4
f 4981/21/4 4982/21/4 5024/21/4
f 4872/8/4 4981/8/4 5024/8/4
f 4982/31/4 4964/31/4 5025/31/4
f 5024/21/4 4982/21/4 5025/21/4
f 4964/30/4 4983/30/4 5026/30/4
f 5025/31/4 4964/31/4 5026/31/4
f 4983/28/4 4999/28/4 5027/28/4
f 5026/30/4 4983/30/4 5027/30/4
f 4999/28/4 5011/28/4 5027/28/4
f 5011/28/4 5012/28/4 5027/28/4
f 5027/28/4 5012/28/4 5028/28/4
f 5012/29/4 5013/29/4 5029/29/4
f 5028/28/4 5012/28/4 5029/28/4
f 5013/37/4 5014/37/4 5030/37/4
f 5029/29/4 5013/29/4 5030/29/4
f 5014/36/4 5015/36/4 5031/36/4
f 5030/37/4 5014/37/4 5031/37/4
f 5015/29/4 5003/29/4 5032/29/4
f 5031/36/4 5015/36/4 5032/36/4
f 5003/31/4 5004/31/4 5033/31/4
f 5032/29/4 5003/29/4 5033/29/4
f 5019/31/4 5006/31/4 5034/31/4
f 5006/35/4 4926/35/4 5034/35/4
f 4926/29/4 4959/29/4 5035/29/4
f 5034/35/4 4926/35/4 5035/35/4
f 4959/35/4 4960/35/4 5036/35/4
f 5035/29/4 4959/29/4 5036/29/4
f 5021/31/4 5008/31/4 5037/31/4
f 5020/31/4 5021/31/4 5037/31/4
f 5008/2/4 5009/2/4 5038/2/4
f 5037/31/4 5008/31/4 5038/31/4
f 5009/31/4 5022/31/4 5039/31/4
f 5038/2/4 5009/2/4 5039/2/4
f 5022/31/4 5023/31/4 5039/31/4
f 5039/31/4 5023/31/4 5040/31/4
f 5030/29/4 5031/29/4 5041/29/4
f 5031/29/4 5032/29/4 5041/29/4
f 5028/29/4 5029/29/4 5041/29/4
f 5029/29/4 5030/29/4 5041/29/4
f 5041/29/4 5032/29/4 5042/29/4
f 5042/29/4 5032/29/4 5043/29/4
f 5043/29/4 5032/29/4 5044/29/4
f 5044/29/4 5032/29/4 5045/29/4
f 5032/26/4 5033/26/4 5046/26/4
f 5045/29/4 5032/29/4 5046/29/4
f 5016/30/4 5017/30/4 5047/30/4
f 5018/32/4 5019/32/4 5047/32/4
f 5017/32/4 5018/32/4 5047/32/4
f 5047/32/4 5019/32/4 5048/32/4
f 5036/35/4 4960/35/4 5049/35/4
f 5035/35/4 5036/35/4 5049/35/4
f 4960/31/4 5020/31/4 5049/31/4
f 5020/31/4 5037/31/4 5049/31/4
f 5049/31/4 5037/31/4 5050/31/4
f 5037/2/4 5038/2/4 5051/2/4
f 5050/31/4 5037/31/4 5051/31/4
f 5039/2/4 5040/2/4 5051/2/4
f 5038/2/4 5039/2/4 5051/2/4
f 5040/31/4 5023/31/4 5052/31/4
f 5051/2/4 5040/2/4 5052/2/4
f 5052/31/4 5023/31/4 5053/31/4
f 5023/8/4 4869/8/4 5054/8/4
f 5053/31/4 5023/31/4 5054/31/4
f 4872/8/4 5024/8/4 5055/8/4
f 5027/31/4 5028/31/4 5055/31/4
f 5024/31/4 5025/31/4 5055/31/4
f 5026/31/4 5027/31/4 5055/31/4
f 5025/31/4 5026/31/4 5055/31/4
f 5055/31/4 5028/31/4 5056/31/4
f 5028/29/4 5041/29/4 5057/29/4
f 5056/31/4 5028/31/4 5057/31/4
f 5057/29/4 5041/29/4 5058/29/4
f 5041/35/4 5042/35/4 5059/35/4
f 5058/29/4 5041/29/4 5059/29/4
f 5042/29/4 5043/29/4 5060/29/4
f 5059/35/4 5042/35/4 5060/35/4
f 5060/29/4 5043/29/4 5061/29/4
f 5046/26/4 5033/26/4 5062/26/4
f 5045/26/4 5046/26/4 5062/26/4
f 5033/31/4 5004/31/4 5063/31/4
f 5062/26/4 5033/26/4 5063/26/4
f 5048/32/4 5019/32/4 5064/32/4
f 5047/29/4 5048/29/4 5064/29/4
f 5064/32/4 5019/32/4 5065/32/4
f 5034/31/4 5035/31/4 5066/31/4
f 5035/35/4 5049/35/4 5066/35/4
f 5066/35/4 5049/35/4 5067/35/4
f 5050/31/4 5051/31/4 5068/31/4
f 5052/31/4 5053/31/4 5068/31/4
f 5051/31/4 5052/31/4 5068/31/4
f 5068/31/4 5053/31/4 5069/31/4
f 5069/31/4 5053/31/4 5070/31/4
f 5070/31/4 5053/31/4 5071/31/4
f 5057/31/4 5058/31/4 5072/31/4
f 5058/29/4 5059/29/4 5072/29/4
f 5056/31/4 5057/31/4 5072/31/4
f 5059/29/4 5060/29/4 5072/29/4
f 5072/29/4 5060/29/4 5073/29/4
f 5073/29/4 5060/29/4 5074/29/4
f 5060/35/4 5061/35/4 5075/35/4
f 5074/29/4 5060/29/4 5075/29/4
f 5061/29/4 5043/29/4 5076/29/4
f 5075/35/4 5061/35/4 5076/35/4
f 5076/29/4 5043/29/4 5077/29/4
f 5043/30/4 5044/30/4 5078/30/4
f 5077/29/4 5043/29/4 5078/29/4
f 5044/29/4 5045/29/4 5079/29/4
f 5078/30/4 5044/30/4 5079/30/4
f 5045/26/4 5062/26/4 5080/26/4
f 5079/29/4 5045/29/4 5080/29/4
f 5062/31/4 5063/31/4 5081/31/4
f 5080/26/4 5062/26/4 5081/26/4
f 5063/31/4 5004/31/4 5082/31/4
f 5081/31/4 5063/31/4 5082/31/4
f 5004/29/4 3614/29/4 5083/29/4
f 5082/31/4 5004/31/4 5083/31/4
f 4855/32/4 5016/32/4 5084/32/4
f 5016/30/4 5047/30/4 5084/30/4
f 5064/29/4 5065/29/4 5085/29/4
f 5084/30/4 5047/30/4 5085/30/4
f 5047/29/4 5064/29/4 5085/29/4
f 5068/2/4 5069/2/4 5086/2/4
f 5086/2/4 5069/2/4 5087/2/4
f 5069/31/4 5070/31/4 5088/31/4
f 5070/2/4 5071/2/4 5089/2/4
f 5088/31/4 5070/31/4 5089/31/4
f 5074/28/4 5075/28/4 5090/28/4
f 5076/29/4 5077/29/4 5091/29/4
f 5090/28/4 5075/28/4 5091/28/4
f 5075/29/4 5076/29/4 5091/29/4
f 5091/29/4 5077/29/4 5092/29/4
f 5092/29/4 5077/29/4 5093/29/4
f 5078/30/4 5079/30/4 5094/30/4
f 5077/30/4 5078/30/4 5094/30/4
f 5079/26/4 5080/26/4 5095/26/4
f 5094/30/4 5079/30/4 5095/30/4
f 5067/35/4 5049/35/4 5096/35/4
f 5066/31/4 5067/31/4 5096/31/4
f 5049/33/4 5050/33/4 5097/33/4
f 5096/35/4 5049/35/4 5097/35/4
f 5050/31/4 5068/31/4 5098/31/4
f 5097/33/4 5050/33/4 5098/33/4
f 5087/2/4 5069/2/4 5099/2/4
f 5086/31/4 5087/31/4 5099/31/4
f 5069/31/4 5088/31/4 5100/31/4
f 5099/2/4 5069/2/4 5100/2/4
f 5071/31/4 5053/31/4 5101/31/4
f 5053/21/4 5054/21/4 5101/21/4
f 5054/8/4 4869/8/4 5102/8/4
f 5101/21/4 5054/21/4 5102/21/4
f 5055/21/4 5056/21/4 5103/21/4
f 4872/8/4 5055/8/4 5103/8/4
f 5056/31/4 5072/31/4 5104/31/4
f 5103/21/4 5056/21/4 5104/21/4
f 5072/31/4 5073/31/4 5104/31/4
f 5073/29/4 5074/29/4 5105/29/4
f 5104/31/4 5073/31/4 5105/31/4
f 5074/28/4 5090/28/4 5106/28/4
f 5105/29/4 5074/29/4 5106/29/4
f 5091/35/4 5092/35/4 5107/35/4
f 5106/28/4 5090/28/4 5107/28/4
f 5090/35/4 5091/35/4 5107/35/4
f 5092/34/4 5093/34/4 5108/34/4
f 5107/35/4 5092/35/4 5108/35/4
f 5093/29/4 5077/29/4 5109/29/4
f 5108/34/4 5093/34/4 5109/34/4
f 5066/31/4 5096/31/4 5110/31/4
f 5096/31/4 5097/31/4 5110/31/4
f 5097/31/4 5098/31/4 5110/31/4
f 5110/31/4 5098/31/4 5111/31/4
f 5098/31/4 5068/31/4 5112/31/4
f 5111/31/4 5098/31/4 5112/31/4
f 5068/2/4 5086/2/4 5112/2/4
f 5099/31/4 5100/31/4 5113/31/4
f 5112/2/4 5086/2/4 5113/2/4
f 5086/31/4 5099/31/4 5113/31/4
f 5100/31/4 5088/31/4 5114/31/4
f 5113/31/4 5100/31/4 5114/31/4
f 5088/33/4 5089/33/4 5114/33/4
f 5089/2/4 5071/2/4 5115/2/4
f 5114/33/4 5089/33/4 5115/33/4
f 5071/31/4 5101/31/4 5116/31/4
f 5115/2/4 5071/2/4 5116/2/4
f 5101/31/4 5102/31/4 5116/31/4
f 5106/35/4 5107/35/4 5117/35/4
f 5103/31/4 5104/31/4 5117/31/4
f 5104/31/4 5105/31/4 5117/31/4
f 5105/31/4 5106/31/4 5117/31/4
f 5107/29/4 5108/29/4 5118/29/4
f 5117/35/4 5107/35/4 5118/35/4
f 5108/29/4 5109/29/4 5118/29/4
f 5109/29/4 5077/29/4 5119/29/4
f 5118/29/4 5109/29/4 5119/29/4
f 5077/30/4 5094/30/4 5119/30/4
f 5094/29/4 5095/29/4 5120/29/4
f 5119/30/4 5094/30/4 5120/30/4
f 5095/26/4 5080/26/4 5121/26/4
f 5081/31/4 5082/31/4 5121/31/4
f 5080/31/4 5081/31/4 5121/31/4
f 5121/31/4 5082/31/4 5122/31/4
f 5110/33/4 5111/33/4 5123/33/4
f 5112/31/4 5113/31/4 5123/31/4
f 5111/31/4 5112/31/4 5123/31/4
f 5123/31/4 5113/31/4 5124/31/4
f 5113/2/4 5114/2/4 5125/2/4
f 5124/31/4 5113/31/4 5125/31/4
f 5114/2/4 5115/2/4 5125/2/4
f 5125/2/4 5115/2/4 5126/2/4
f 5115/31/4 5116/31/4 5127/31/4
f 5126/2/4 5115/2/4 5127/2/4
f 5116/31/4 5102/31/4 5128/31/4
f 5127/31/4 5116/31/4 5128/31/4
f 5102/8/4 4869/8/4 5129/8/4
f 5128/31/4 5102/31/4 5129/31/4
f 5103/31/4 5117/31/4 5130/31/4
f 4872/8/4 5103/8/4 5130/8/4
f 5130/31/4 5117/31/4 5131/31/4
f 5121/26/4 5122/26/4 5132/26/4
f 5095/26/4 5121/26/4 5132/26/4
f 5122/31/4 5082/31/4 5133/31/4
f 5132/26/4 5122/26/4 5133/26/4
f 5065/32/4 5019/32/4 5134/32/4
f 5019/31/4 5034/31/4 5135/31/4
f 5134/32/4 5019/32/4 5135/32/4
f 5034/31/4 5066/31/4 5135/31/4
f 5066/31/4 5110/31/4 5135/31/4
f 5135/31/4 5110/31/4 5136/31/4
f 5123/33/4 5124/33/4 5137/33/4
f 5136/31/4 5110/31/4 5137/31/4
f 5110/33/4 5123/33/4 5137/33/4
f 5125/31/4 5126/31/4 5138/31/4
f 5124/31/4 5125/31/4 5138/31/4
f 5126/33/4 5127/33/4 5139/33/4
f 5138/31/4 5126/31/4 5139/31/4
f 5117/29/4 5118/29/4 5140/29/4
f 5119/29/4 5120/29/4 5140/29/4
f 5118/29/4 5119/29/4 5140/29/4
f 5131/31/4 5117/31/4 5140/31/4
f 5140/29/4 5120/29/4 5141/29/4
f 5141/29/4 5120/29/4 5142/29/4
f 5142/29/4 5120/29/4 5143/29/4
f 5143/29/4 5120/29/4 5144/29/4
f 5120/29/4 5095/29/4 5145/29/4
f 5144/29/4 5120/29/4 5145/29/4
f 5135/31/4 5136/31/4 5146/31/4
f 5136/33/4 5137/33/4 5147/33/4
f 5146/31/4 5136/31/4 5147/31/4
f 5124/31/4 5138/31/4 5148/31/4
f 5147/33/4 5137/33/4 5148/33/4
f 5137/33/4 5124/33/4 5148/33/4
f 5138/33/4 5139/33/4 5149/33/4
f 5148/31/4 5138/31/4 5149/31/4
f 5149/33/4 5139/33/4 5150/33/4
f 5139/33/4 5127/33/4 5151/33/4
f 5150/33/4 5139/33/4 5151/33/4
f 5127/31/4 5128/31/4 5151/31/4
f 5140/31/4 5141/31/4 5152/31/4
f 5141/29/4 5142/29/4 5152/29/4
f 5152/29/4 5142/29/4 5153/29/4
f 5143/34/4 5144/34/4 5154/34/4
f 5142/33/4 5143/33/4 5154/33/4
f 5154/34/4 5144/34/4 5155/34/4
f 5144/35/4 5145/35/4 5156/35/4
f 5155/34/4 5144/34/4 5156/34/4
f 5145/29/4 5095/29/4 5157/29/4
f 5156/35/4 5145/35/4 5157/35/4
f 5095/26/4 5132/26/4 5158/26/4
f 5132/31/4 5133/31/4 5158/31/4
f 5133/31/4 5082/31/4 5159/31/4
f 5158/31/4 5133/31/4 5159/31/4
f 5082/32/4 5083/32/4 5160/32/4
f 5159/31/4 5082/31/4 5160/31/4
f 5083/29/4 3614/29/4 5161/29/4
f 5160/32/4 5083/32/4 5161/32/4
f 5134/29/4 5135/29/4 5162/29/4
f 5135/31/4 5146/31/4 5162/31/4
f 5149/33/4 5150/33/4 5163/33/4
f 5162/31/4 5146/31/4 5163/31/4
f 5147/33/4 5148/33/4 5163/33/4
f 5146/33/4 5147/33/4 5163/33/4
f 5148/33/4 5149/33/4 5163/33/4
f 5163/33/4 5150/33/4 5164/33/4
f 5150/2/4 5151/2/4 5165/2/4
f 5164/33/4 5150/33/4 5165/33/4
f 5151/31/4 5128/31/4 5166/31/4
f 5165/2/4 5151/2/4 5166/2/4
f 5166/31/4 5128/31/4 5167/31/4
f 5128/21/4 5129/21/4 5168/21/4
f 5167/31/4 5128/31/4 5168/31/4
f 5129/8/4 4869/8/4 5169/8/4
f 5168/21/4 5129/21/4 5169/21/4
f 5130/21/4 5131/21/4 5170/21/4
f 4872/8/4 5130/8/4 5170/8/4
f 5140/31/4 5152/31/4 5171/31/4
f 5170/21/4 5131/21/4 5171/21/4
f 5152/31/4 5153/31/4 5171/31/4
f 5131/31/4 5140/31/4 5171/31/4
f 5171/31/4 5153/31/4 5172/31/4
f 5153/29/4 5142/29/4 5173/29/4
f 5172/31/4 5153/31/4 5173/31/4
f 5142/33/4 5154/33/4 5174/33/4
f 5154/33/4 5155/33/4 5174/33/4
f 5174/33/4 5155/33/4 5175/33/4
f 5155/29/4 5156/29/4 5176/29/4
f 5156/29/4 5157/29/4 5176/29/4
f 5176/29/4 5157/29/4 5177/29/4
f 5157/29/4 5095/29/4 5178/29/4
f 5177/29/4 5157/29/4 5178/29/4
f 5095/26/4 5158/26/4 5178/26/4
f 5158/26/4 5159/26/4 5178/26/4
f 5178/26/4 5159/26/4 5179/26/4
f 5159/31/4 5160/31/4 5180/31/4
f 5160/31/4 5161/31/4 5180/31/4
f 5161/29/4 3614/29/4 5181/29/4
f 5180/31/4 5161/31/4 5181/31/4
f 5134/29/4 5162/29/4 5182/29/4
f 5162/33/4 5163/33/4 5182/33/4
f 5163/33/4 5164/33/4 5182/33/4
f 5182/33/4 5164/33/4 5183/33/4
f 5183/33/4 5164/33/4 5184/33/4
f 5171/31/4 5172/31/4 5185/31/4
f 5172/29/4 5173/29/4 5185/29/4
f 5170/31/4 5171/31/4 5185/31/4
f 5173/29/4 5142/29/4 5186/29/4
f 5185/29/4 5173/29/4 5186/29/4
f 5142/33/4 5174/33/4 5187/33/4
f 5174/31/4 5175/31/4 5187/31/4
f 5175/33/4 5155/33/4 5188/33/4
f 5187/31/4 5175/31/4 5188/31/4
f 5155/29/4 5176/29/4 5189/29/4
f 5188/33/4 5155/33/4 5189/33/4
f 5189/29/4 5176/29/4 5190/29/4
f 5176/31/4 5177/31/4 5191/31/4
f 5190/29/4 5176/29/4 5191/29/4
f 5178/29/4 5179/29/4 5192/29/4
f 5191/31/4 5177/31/4 5192/31/4
f 5177/29/4 5178/29/4 5192/29/4
f 5192/29/4 5179/29/4 5193/29/4
f 5193/29/4 5179/29/4 5194/29/4
f 5179/26/4 5159/26/4 5195/26/4
f 5194/29/4 5179/29/4 5195/29/4
f 5159/31/4 5180/31/4 5196/31/4
f 5195/26/4 5159/26/4 5196/26/4
f 5167/31/4 5168/31/4 5197/31/4
f 5168/31/4 5169/31/4 5197/31/4
f 5169/8/4 4869/8/4 5198/8/4
f 5197/31/4 5169/31/4 5198/31/4
f 5170/31/4 5185/31/4 5199/31/4
f 4872/8/4 5170/8/4 5199/8/4
f 5185/31/4 5186/31/4 5199/31/4
f 5199/31/4 5186/31/4 5200/31/4
f 5200/31/4 5186/31/4 5201/31/4
f 5201/31/4 5186/31/4 5202/31/4
f 5202/31/4 5186/31/4 5203/31/4
f 5203/31/4 5186/31/4 5204/31/4
f 5189/33/4 5190/33/4 5205/33/4
f 5187/29/4 5188/29/4 5205/29/4
f 5188/33/4 5189/33/4 5205/33/4
f 5205/33/4 5190/33/4 5206/33/4
f 5190/29/4 5191/29/4 5207/29/4
f 5191/29/4 5192/29/4 5207/29/4
f 5192/33/4 5193/33/4 5208/33/4
f 5207/29/4 5192/29/4 5208/29/4
f 5194/31/4 5195/31/4 5209/31/4
f 5193/29/4 5194/29/4 5209/29/4
f 5195/31/4 5196/31/4 5209/31/4
f 5209/31/4 5196/31/4 5210/31/4
f 5184/33/4 5164/33/4 5211/33/4
f 5164/2/4 5165/2/4 5211/2/4
f 5165/33/4 5166/33/4 5212/33/4
f 5211/2/4 5165/2/4 5212/2/4
f 5166/2/4 5167/2/4 5213/2/4
f 5212/33/4 5166/33/4 5213/33/4
f 5167/31/4 5197/31/4 5214/31/4
f 5213/2/4 5167/2/4 5214/2/4
f 5204/31/4 5186/31/4 5215/31/4
f 5203/29/4 5204/29/4 5215/29/4
f 5186/29/4 5142/29/4 5216/29/4
f 5215/31/4 5186/31/4 5216/31/4
f 5206/33/4 5190/33/4 5217/33/4
f 5190/29/4 5207/29/4 5217/29/4
f 5207/33/4 5208/33/4 5218/33/4
f 5217/29/4 5207/29/4 5218/29/4
f 5208/33/4 5193/33/4 5219/33/4
f 5218/33/4 5208/33/4 5219/33/4
f 5193/29/4 5209/29/4 5219/29/4
f 5219/29/4 5209/29/4 5220/29/4
f 5182/32/4 5183/32/4 5221/32/4
f 5134/29/4 5182/29/4 5221/29/4
f 5183/31/4 5184/31/4 5222/31/4
f 5221/32/4 5183/32/4 5222/32/4
f 5184/33/4 5211/33/4 5223/33/4
f 5222/31/4 5184/31/4 5223/31/4
f 5211/33/4 5212/33/4 5223/33/4
f 5212/2/4 5213/2/4 5224/2/4
f 5223/33/4 5212/33/4 5224/33/4
f 5213/31/4 5214/31/4 5225/31/4
f 5224/2/4 5213/2/4 5225/2/4
f 5216/29/4 5142/29/4 5226/29/4
f 5215/33/4 5216/33/4 5226/33/4
f 5142/33/4 5187/33/4 5227/33/4
f 5226/29/4 5142/29/4 5227/29/4
f 5187/29/4 5205/29/4 5228/29/4
f 5205/29/4 5206/29/4 5228/29/4
f 5206/33/4 5217/33/4 5229/33/4
f 5228/29/4 5206/29/4 5229/29/4
f 5217/31/4 5218/31/4 5230/31/4
f 5229/33/4 5217/33/4 5230/33/4
f 5218/33/4 5219/33/4 5231/33/4
f 5230/31/4 5218/31/4 5231/31/4
f 5219/33/4 5220/33/4 5231/33/4
f 5210/31/4 5196/31/4 5232/31/4
f 5196/31/4 5180/31/4 5232/31/4
f 5180/32/4 5181/32/4 5233/32/4
f 5232/31/4 5180/31/4 5233/31/4
f 5223/33/4 5224/33/4 5234/33/4
f 5134/29/4 5221/29/4 5234/29/4
f 5222/33/4 5223/33/4 5234/33/4
f 5224/33/4 5225/33/4 5234/33/4
f 5221/33/4 5222/33/4 5234/33/4
f 5234/33/4 5225/33/4 5235/33/4
f 5235/33/4 5225/33/4 5236/33/4
f 5225/31/4 5214/31/4 5237/31/4
f 5236/33/4 5225/33/4 5237/33/4
f 5214/31/4 5197/31/4 5238/31/4
f 5237/31/4 5214/31/4 5238/31/4
f 5197/21/4 5198/21/4 5238/21/4
f 5198/8/4 4869/8/4 5239/8/4
f 5238/21/4 5198/21/4 5239/21/4
f 5199/21/4 5200/21/4 5240/21/4
f 4872/8/4 5199/8/4 5240/8/4
f 5200/31/4 5201/31/4 5241/31/4
f 5240/21/4 5200/21/4 5241/21/4
f 5203/29/4 5215/29/4 5242/29/4
f 5202/31/4 5203/31/4 5242/31/4
f 5215/33/4 5226/33/4 5243/33/4
f 5242/29/4 5215/29/4 5243/29/4
f 5226/33/4 5227/33/4 5243/33/4
f 5243/33/4 5227/33/4 5244/33/4
f 5230/33/4 5231/33/4 5245/33/4
f 5229/31/4 5230/31/4 5245/31/4
f 5231/33/4 5220/33/4 5246/33/4
f 5245/33/4 5231/33/4 5246/33/4
f 5210/31/4 5232/31/4 5247/31/4
f 5209/33/4 5210/33/4 5247/33/4
f 5232/32/4 5233/32/4 5248/32/4
f 5247/31/4 5232/31/4 5248/31/4
f 5234/31/4 5235/31/4 5249/31/4
f 5134/29/4 5234/29/4 5249/29/4
f 5249/31/4 5235/31/4 5250/31/4
f 5235/33/4 5236/33/4 5251/33/4
f 5236/2/4 5237/2/4 5252/2/4
f 5251/33/4 5236/33/4 5252/33/4
f 5252/2/4 5237/2/4 5253/2/4
f 5253/2/4 5237/2/4 5254/2/4
f 5237/31/4 5238/31/4 5255/31/4
f 5254/2/4 5237/2/4 5255/2/4
f 5238/31/4 5239/31/4 5255/31/4
f 5255/31/4 5239/31/4 5256/31/4
f 5228/33/4 5229/33/4 5257/33/4
f 5187/29/4 5228/29/4 5257/29/4
f 5229/31/4 5245/31/4 5258/31/4
f 5257/33/4 5229/33/4 5258/33/4
f 5245/31/4 5246/31/4 5258/31/4
f 5258/31/4 5246/31/4 5259/31/4
f 5246/33/4 5220/33/4 5260/33/4
f 5259/31/4 5246/31/4 5260/31/4
f 5260/33/4 5220/33/4 5261/33/4
f 5220/29/4 5209/29/4 5262/29/4
f 5261/33/4 5220/33/4 5262/33/4
f 5250/31/4 5235/31/4 5263/31/4
f 5235/33/4 5251/33/4 5264/33/4
f 5263/31/4 5235/31/4 5264/31/4
f 5253/31/4 5254/31/4 5265/31/4
f 5254/33/4 5255/33/4 5265/33/4
f 5255/2/4 5256/2/4 5266/2/4
f 5265/33/4 5255/33/4 5266/33/4
f 5256/31/4 5239/31/4 5267/31/4
f 5239/8/4 4869/8/4 5268/8/4
f 5267/31/4 5239/31/4 5268/31/4
f 4872/8/4 5240/8/4 5269/8/4
f 5240/31/4 5241/31/4 5269/31/4
f 5241/31/4 5201/31/4 5270/31/4
f 5269/31/4 5241/31/4 5270/31/4
f 5244/33/4 5227/33/4 5271/33/4
f 5243/29/4 5244/29/4 5271/29/4
f 5271/33/4 5227/33/4 5272/33/4
f 5187/29/4 5257/29/4 5273/29/4
f 5272/33/4 5227/33/4 5273/33/4
f 5227/33/4 5187/33/4 5273/33/4
f 5257/29/4 5258/29/4 5273/29/4
f 5273/29/4 5258/29/4 5274/29/4
f 5209/33/4 5247/33/4 5275/33/4
f 5247/32/4 5248/32/4 5275/32/4
f 5248/32/4 5233/32/4 5276/32/4
f 5275/32/4 5248/32/4 5276/32/4
f 5134/29/4 5249/29/4 5277/29/4
f 5249/29/4 5250/29/4 5277/29/4
f 5250/31/4 5263/31/4 5278/31/4
f 5277/29/4 5250/29/4 5278/29/4
f 5263/33/4 5264/33/4 5279/33/4
f 5278/31/4 5263/31/4 5279/31/4
f 5264/33/4 5251/33/4 5280/33/4
f 5279/33/4 5264/33/4 5280/33/4
f 5251/2/4 5252/2/4 5280/2/4
f 5252/33/4 5253/33/4 5281/33/4
f 5280/2/4 5252/2/4 5281/2/4
f 5253/31/4 5265/31/4 5282/31/4
f 5281/33/4 5253/33/4 5282/33/4
f 5265/31/4 5266/31/4 5282/31/4
f 5266/2/4 5256/2/4 5283/2/4
f 5282/31/4 5266/31/4 5283/31/4
f 5256/31/4 5267/31/4 5284/31/4
f 5283/2/4 5256/2/4 5284/2/4
f 5202/31/4 5242/31/4 5285/31/4
f 5201/33/4 5202/33/4 5285/33/4
f 5242/31/4 5243/31/4 5285/31/4
f 5285/31/4 5243/31/4 5286/31/4
f 5258/33/4 5259/33/4 5287/33/4
f 5259/29/4 5260/29/4 5287/29/4
f 5260/33/4 5261/33/4 5288/33/4
f 5287/29/4 5260/29/4 5288/29/4
f 5288/33/4 5261/33/4 5289/33/4
f 5261/29/4 5262/29/4 5290/29/4
f 5289/33/4 5261/33/4 5290/33/4
f 5209/33/4 5275/33/4 5291/33/4
f 5290/29/4 5262/29/4 5291/29/4
f 5262/29/4 5209/29/4 5291/29/4
f 5275/31/4 5276/31/4 5292/31/4
f 5291/33/4 5275/33/4 5292/33/4
f 5276/32/4 5233/32/4 5293/32/4
f 5292/31/4 5276/31/4 5293/31/4
f 5278/33/4 5279/33/4 5294/33/4
f 5134/29/4 5277/29/4 5294/29/4
f 5280/33/4 5281/33/4 5294/33/4
f 5279/33/4 5280/33/4 5294/33/4
f 5277/33/4 5278/33/4 5294/33/4
f 5294/33/4 5281/33/4 5295/33/4
f 5281/2/4 5282/2/4 5296/2/4
f 5295/33/4 5281/33/4 5296/33/4
f 5282/2/4 5283/2/4 5296/2/4
f 5283/31/4 5284/31/4 5297/31/4
f 5296/2/4 5283/2/4 5297/2/4
f 4998/28/4 4936/28/4 5298/28/4
f 4997/28/4 4998/28/4 5298/28/4
f 4936/30/4 4912/30/4 5299/30/4
f 5298/28/4 4936/28/4 5299/28/4
f 4912/21/4 4871/21/4 5300/21/4
f 5299/30/4 4912/30/4 5300/30/4
f 5289/29/4 5290/29/4 5301/29/4
f 5288/33/4 5289/33/4 5301/33/4
f 5290/33/4 5291/33/4 5302/33/4
f 5301/29/4 5290/29/4 5302/29/4
f 5291/31/4 5292/31/4 5303/31/4
f 5302/33/4 5291/33/4 5303/33/4
f 5292/32/4 5293/32/4 5304/32/4
f 5303/31/4 5292/31/4 5304/31/4
f 5295/33/4 5296/33/4 5305/33/4
f 5296/31/4 5297/31/4 5306/31/4
f 5305/33/4 5296/33/4 5306/33/4
f 5284/31/4 5267/31/4 5307/31/4
f 5306/31/4 5297/31/4 5307/31/4
f 5297/31/4 5284/31/4 5307/31/4
f 5267/21/4 5268/21/4 5307/21/4
f 5268/8/4 4869/8/4 5308/8/4
f 5307/21/4 5268/21/4 5308/21/4
f 4872/8/4 5269/8/4 5309/8/4
f 5269/21/4 5270/21/4 5309/21/4
f 5270/31/4 5201/31/4 5310/31/4
f 5309/21/4 5270/21/4 5310/21/4
f 5271/31/4 5272/31/4 5311/31/4
f 5243/29/4 5271/29/4 5311/29/4
f 5272/33/4 5273/33/4 5312/33/4
f 5311/31/4 5272/31/4 5312/31/4
f 5273/33/4 5274/33/4 5312/33/4
f 5305/2/4 5306/2/4 5313/2/4
f 5306/31/4 5307/31/4 5313/31/4
f 5307/31/4 5308/31/4 5313/31/4
f 5313/31/4 5308/31/4 5314/31/4
f 5285/33/4 5286/33/4 5315/33/4
f 5286/31/4 5243/31/4 5315/31/4
f 5315/31/4 5243/31/4 5316/31/4
f 5312/33/4 5274/33/4 5317/33/4
f 5311/33/4 5312/33/4 5317/33/4
f 5274/29/4 5258/29/4 5318/29/4
f 5317/33/4 5274/33/4 5318/33/4
f 5287/31/4 5288/31/4 5319/31/4
f 5288/33/4 5301/33/4 5319/33/4
f 5301/31/4 5302/31/4 5320/31/4
f 5319/33/4 5301/33/4 5320/33/4
f 5302/33/4 5303/33/4 5321/33/4
f 5320/31/4 5302/31/4 5321/31/4
f 5313/2/4 5314/2/4 5322/2/4
f 5305/2/4 5313/2/4 5322/2/4
f 5322/2/4 5314/2/4 5323/2/4
f 5323/2/4 5314/2/4 5324/2/4
f 5314/31/4 5308/31/4 5325/31/4
f 5324/2/4 5314/2/4 5325/2/4
f 5085/29/4 5065/29/4 5326/29/4
f 5084/32/4 5085/32/4 5326/32/4
f 5326/29/4 5065/29/4 5327/29/4
f 5065/32/4 5134/32/4 5328/32/4
f 5327/29/4 5065/29/4 5328/29/4
f 5294/29/4 5295/29/4 5329/29/4
f 5134/29/4 5294/29/4 5329/29/4
f 5295/33/4 5305/33/4 5330/33/4
f 5329/29/4 5295/29/4 5330/29/4
f 5305/2/4 5322/2/4 5331/2/4
f 5330/33/4 5305/33/4 5331/33/4
f 5322/31/4 5323/31/4 5332/31/4
f 5331/2/4 5322/2/4 5332/2/4
f 5332/31/4 5323/31/4 5333/31/4
f 5323/2/4 5324/2/4 5334/2/4
f 5333/31/4 5323/31/4 5334/31/4
f 5324/31/4 5325/31/4 5335/31/4
f 5334/2/4 5324/2/4 5335/2/4
f 5325/31/4 5308/31/4 5336/31/4
f 5335/31/4 5325/31/4 5336/31/4
f 5308/8/4 4869/8/4 5337/8/4
f 5336/31/4 5308/31/4 5337/31/4
f 4997/28/4 5298/28/4 5338/28/4
f 4996/30/4 4997/30/4 5338/30/4
f 5298/5/4 5299/5/4 5339/5/4
f 5338/28/4 5298/28/4 5339/28/4
f 5299/5/4 5300/5/4 5339/5/4
f 4872/8/4 5309/8/4 5340/8/4
f 5309/31/4 5310/31/4 5340/31/4
f 5310/31/4 5201/31/4 5341/31/4
f 5340/31/4 5310/31/4 5341/31/4
f 5318/29/4 5258/29/4 5342/29/4
f 5317/29/4 5318/29/4 5342/29/4
f 5258/33/4 5287/33/4 5342/33/4
f 5287/31/4 5319/31/4 5343/31/4
f 5342/33/4 5287/33/4 5343/33/4
f 5303/29/4 5304/29/4 5344/29/4
f 5304/32/4 5293/32/4 5344/32/4
f 5293/32/4 5233/32/4 5345/32/4
f 5344/32/4 5293/32/4 5345/32/4
f 5333/2/4 5334/2/4 5346/2/4
f 5332/31/4 5333/31/4 5346/31/4
f 5334/31/4 5335/31/4 5347/31/4
f 5346/2/4 5334/2/4 5347/2/4
f 5335/31/4 5336/31/4 5347/31/4
f 4996/30/4 5338/30/4 5348/30/4
f 4870/21/4 4996/21/4 5348/21/4
f 5338/30/4 5339/30/4 5348/30/4
f 5339/5/4 5300/5/4 5349/5/4
f 5348/30/4 5339/30/4 5349/30/4
f 5300/21/4 4871/21/4 5350/21/4
f 5349/5/4 5300/5/4 5350/5/4
f 5311/33/4 5317/33/4 5351/33/4
f 5351/33/4 5317/33/4 5352/33/4
f 5342/31/4 5343/31/4 5353/31/4
f 5317/29/4 5342/29/4 5353/29/4
f 5343/31/4 5319/31/4 5354/31/4
f 5353/31/4 5343/31/4 5354/31/4
f 5201/33/4 5285/33/4 5355/33/4
f 5315/33/4 5316/33/4 5355/33/4
f 5285/33/4 5315/33/4 5355/33/4
f 5355/33/4 5316/33/4 5356/33/4
f 5243/29/4 5311/29/4 5357/29/4
f 5311/33/4 5351/33/4 5357/33/4
f 5351/29/4 5352/29/4 5358/29/4
f 5357/33/4 5351/33/4 5358/33/4
f 5317/29/4 5353/29/4 5359/29/4
f 5353/33/4 5354/33/4 5360/33/4
f 5359/29/4 5353/29/4 5360/29/4
f 5354/31/4 5319/31/4 5361/31/4
f 5360/33/4 5354/33/4 5361/33/4
f 5319/29/4 5320/29/4 5362/29/4
f 5361/31/4 5319/31/4 5362/31/4
f 5320/33/4 5321/33/4 5363/33/4
f 5362/29/4 5320/29/4 5363/29/4
f 5321/33/4 5303/33/4 5364/33/4
f 5363/33/4 5321/33/4 5364/33/4
f 5303/29/4 5344/29/4 5365/29/4
f 5364/33/4 5303/33/4 5365/33/4
f 5345/32/4 5233/32/4 5366/32/4
f 5344/31/4 5345/31/4 5366/31/4
f 5233/32/4 5181/32/4 5367/32/4
f 5366/32/4 5233/32/4 5367/32/4
f 5134/29/4 5329/29/4 5368/29/4
f 5330/33/4 5331/33/4 5368/33/4
f 5329/33/4 5330/33/4 5368/33/4
f 5331/33/4 5332/33/4 5368/33/4
f 5368/33/4 5332/33/4 5369/33/4
f 5347/31/4 5336/31/4 5370/31/4
f 5346/31/4 5347/31/4 5370/31/4
f 5336/21/4 5337/21/4 5370/21/4
f 5337/8/4 4869/8/4 5371/8/4
f 5370/21/4 5337/21/4 5371/21/4
f 4869/16/4 4870/16/4 5372/16/4
f 5371/8/4 4869/8/4 5372/8/4
f 4870/21/4 5348/21/4 5373/21/4
f 5372/16/4 4870/16/4 5373/16/4
f 5348/21/4 5349/21/4 5373/21/4
f 5349/21/4 5350/21/4 5373/21/4
f 4871/16/4 4872/16/4 5374/16/4
f 5373/21/4 5350/21/4 5374/21/4
f 5350/21/4 4871/21/4 5374/21/4
f 4872/8/4 5340/8/4 5375/8/4
f 5374/16/4 4872/16/4 5375/16/4
f 5340/21/4 5341/21/4 5376/21/4
f 5375/8/4 5340/8/4 5376/8/4
f 5341/31/4 5201/31/4 5377/31/4
f 5376/21/4 5341/21/4 5377/21/4
f 5355/31/4 5356/31/4 5378/31/4
f 5356/33/4 5316/33/4 5378/33/4
f 5316/31/4 5243/31/4 5379/31/4
f 5378/33/4 5316/33/4 5379/33/4
f 5357/29/4 5358/29/4 5380/29/4
f 5379/31/4 5243/31/4 5380/31/4
f 5243/29/4 5357/29/4 5380/29/4
f 5380/29/4 5358/29/4 5381/29/4
f 5358/29/4 5352/29/4 5382/29/4
f 5381/29/4 5358/29/4 5382/29/4
f 5361/29/4 5362/29/4 5383/29/4
f 5362/29/4 5363/29/4 5383/29/4
f 5363/31/4 5364/31/4 5384/31/4
f 5383/29/4 5363/29/4 5384/29/4
f 5364/29/4 5365/29/4 5385/29/4
f 5384/31/4 5364/31/4 5385/31/4
f 5385/29/4 5365/29/4 5386/29/4
f 5344/31/4 5366/31/4 5387/31/4
f 5386/29/4 5365/29/4 5387/29/4
f 5365/29/4 5344/29/4 5387/29/4
f 5366/31/4 5367/31/4 5387/31/4
f 5387/31/4 5367/31/4 5388/31/4
f 5328/32/4 5134/32/4 5389/32/4
f 5368/29/4 5369/29/4 5389/29/4
f 5134/29/4 5368/29/4 5389/29/4
f 5389/29/4 5369/29/4 5390/29/4
f 5369/33/4 5332/33/4 5391/33/4
f 5346/31/4 5370/31/4 5392/31/4
f 5391/33/4 5332/33/4 5392/33/4
f 5370/31/4 5371/31/4 5392/31/4
f 5332/31/4 5346/31/4 5392/31/4
f 5373/16/4 5374/16/4 5393/16/4
f 5371/1/4 5372/1/4 5393/1/4
f 5372/1/4 5373/1/4 5393/1/4
f 5375/1/4 5376/1/4 5394/1/4
f 5393/16/4 5374/16/4 5394/16/4
f 5374/1/4 5375/1/4 5394/1/4
f 5355/31/4 5378/31/4 5395/31/4
f 5380/31/4 5381/31/4 5395/31/4
f 5379/31/4 5380/31/4 5395/31/4
f 5378/31/4 5379/31/4 5395/31/4
f 5201/33/4 5355/33/4 5395/33/4
f 5395/31/4 5381/31/4 5396/31/4
f 5381/33/4 5382/33/4 5397/33/4
f 5396/31/4 5381/31/4 5397/31/4
f 5382/29/4 5352/29/4 5398/29/4
f 5397/33/4 5382/33/4 5398/33/4
f 5388/31/4 5367/31/4 5399/31/4
f 5387/29/4 5388/29/4 5399/29/4
f 5386/29/4 5387/29/4 5399/29/4
f 5367/32/4 5181/32/4 5400/32/4
f 5399/31/4 5367/31/4 5400/31/4
f 5392/31/4 5371/31/4 5401/31/4
f 5391/31/4 5392/31/4 5401/31/4
f 5371/1/4 5393/1/4 5401/1/4
f 5393/8/4 5394/8/4 5402/8/4
f 5401/1/4 5393/1/4 5402/1/4
f 5402/8/4 5394/8/4 5403/8/4
f 5403/8/4 5394/8/4 5404/8/4
f 5404/8/4 5394/8/4 5405/8/4
f 5405/8/4 5394/8/4 5406/8/4
f 5406/8/4 5394/8/4 5407/8/4
f 5407/8/4 5394/8/4 5408/8/4
f 5408/8/4 5394/8/4 5409/8/4
f 5409/8/4 5394/8/4 5410/8/4
f 5410/8/4 5394/8/4 5411/8/4
f 5411/8/4 5394/8/4 5412/8/4
f 5394/1/4 5376/1/4 5413/1/4
f 5412/8/4 5394/8/4 5413/8/4
f 5376/31/4 5377/31/4 5414/31/4
f 5413/1/4 5376/1/4 5414/1/4
f 5414/31/4 5377/31/4 5415/31/4
f 5415/31/4 5377/31/4 5416/31/4
f 5377/31/4 5201/31/4 5417/31/4
f 5416/31/4 5377/31/4 5417/31/4
f 5201/33/4 5395/33/4 5417/33/4
f 5395/33/4 5396/33/4 5417/33/4
f 5417/33/4 5396/33/4 5418/33/4
f 5398/29/4 5352/29/4 5419/29/4
f 5352/33/4 5317/33/4 5419/33/4
f 5317/29/4 5359/29/4 5420/29/4
f 5419/33/4 5317/33/4 5420/33/4
f 5400/32/4 5181/32/4 5421/32/4
f 5399/27/4 5400/27/4 5421/27/4
f 5181/29/4 3614/29/4 5422/29/4
f 5421/32/4 5181/32/4 5422/32/4
f 5397/31/4 5398/31/4 5423/31/4
f 5396/31/4 5397/31/4 5423/31/4
f 5398/29/4 5419/29/4 5424/29/4
f 5423/31/4 5398/31/4 5424/31/4
f 5420/29/4 5359/29/4 5425/29/4
f 5359/33/4 5360/33/4 5425/33/4
f 5360/31/4 5361/31/4 5426/31/4
f 5425/33/4 5360/33/4 5426/33/4
f 5390/29/4 5369/29/4 5427/29/4
f 5369/33/4 5391/33/4 5427/33/4
f 5427/33/4 5391/33/4 5428/33/4
f 5391/31/4 5401/31/4 5429/31/4
f 5428/33/4 5391/33/4 5429/33/4
f 5401/31/4 5402/31/4 5429/31/4
f 5429/31/4 5402/31/4 5430/31/4
f 5430/31/4 5402/31/4 5431/31/4
f 5431/31/4 5402/31/4 5432/31/4
f 5417/31/4 5418/31/4 5433/31/4
f 5415/32/4 5416/32/4 5433/32/4
f 5416/31/4 5417/31/4 5433/31/4
f 5433/31/4 5418/31/4 5434/31/4
f 5434/31/4 5418/31/4 5435/31/4
f 5435/31/4 5418/31/4 5436/31/4
f 5418/33/4 5396/33/4 5437/33/4
f 5436/31/4 5418/31/4 5437/31/4
f 5396/31/4 5423/31/4 5438/31/4
f 5437/33/4 5396/33/4 5438/33/4
f 5423/29/4 5424/29/4 5439/29/4
f 5438/31/4 5423/31/4 5439/31/4
f 5424/29/4 5419/29/4 5440/29/4
f 5439/29/4 5424/29/4 5440/29/4
f 5425/31/4 5426/31/4 5441/31/4
f 5420/29/4 5425/29/4 5441/29/4
f 5426/31/4 5361/31/4 5442/31/4
f 5441/31/4 5426/31/4 5442/31/4
f 5361/29/4 5383/29/4 5443/29/4
f 5442/31/4 5361/31/4 5443/31/4
f 5385/28/4 5386/28/4 5444/28/4
f 5384/36/4 5385/36/4 5444/36/4
f 5386/29/4 5399/29/4 5445/29/4
f 5444/28/4 5386/28/4 5445/28/4
f 5427/29/4 5428/29/4 5446/29/4
f 5389/30/4 5390/30/4 5446/30/4
f 5390/29/4 5427/29/4 5446/29/4
f 5446/29/4 5428/29/4 5447/29/4
f 5428/33/4 5429/33/4 5448/33/4
f 5447/29/4 5428/29/4 5448/29/4
f 5429/33/4 5430/33/4 5448/33/4
f 5448/33/4 5430/33/4 5449/33/4
f 5430/31/4 5431/31/4 5450/31/4
f 5431/32/4 5432/32/4 5451/32/4
f 5450/31/4 5431/31/4 5451/31/4
f 5432/31/4 5402/31/4 5452/31/4
f 5451/32/4 5432/32/4 5452/32/4
f 5452/31/4 5402/31/4 5453/31/4
f 5414/31/4 5415/31/4 5454/31/4
f 5413/31/4 5414/31/4 5454/31/4
f 5415/32/4 5433/32/4 5455/32/4
f 5454/31/4 5415/31/4 5455/31/4
f 5433/32/4 5434/32/4 5455/32/4
f 5434/31/4 5435/31/4 5456/31/4
f 5456/31/4 5435/31/4 5457/31/4
f 5457/31/4 5435/31/4 5458/31/4
f 5435/34/4 5436/34/4 5459/34/4
f 5458/31/4 5435/31/4 5459/31/4
f 5438/31/4 5439/31/4 5460/31/4
f 5439/31/4 5440/31/4 5460/31/4
f 5437/31/4 5438/31/4 5460/31/4
f 5436/31/4 5437/31/4 5460/31/4
f 5460/31/4 5440/31/4 5461/31/4
f 5419/31/4 5420/31/4 5462/31/4
f 5440/29/4 5419/29/4 5462/29/4
f 5420/29/4 5441/29/4 5463/29/4
f 5462/31/4 5420/31/4 5463/31/4
f 5441/28/4 5442/28/4 5464/28/4
f 5463/29/4 5441/29/4 5464/29/4
f 5442/29/4 5443/29/4 5465/29/4
f 5464/28/4 5442/28/4 5465/28/4
f 5443/29/4 5383/29/4 5466/29/4
f 5465/29/4 5443/29/4 5466/29/4
f 5383/27/4 5384/27/4 5466/27/4
f 5384/36/4 5444/36/4 5467/36/4
f 5466/27/4 5384/27/4 5467/27/4
f 5444/29/4 5445/29/4 5468/29/4
f 5467/36/4 5444/36/4 5468/36/4
f 5445/29/4 5399/29/4 5469/29/4
f 5468/29/4 5445/29/4 5469/29/4
f 5430/31/4 5450/31/4 5470/31/4
f 5449/33/4 5430/33/4 5470/33/4
f 5470/31/4 5450/31/4 5471/31/4
f 5434/31/4 5456/31/4 5472/31/4
f 5455/32/4 5434/32/4 5472/32/4
f 5454/32/4 5455/32/4 5472/32/4
f 5472/31/4 5456/31/4 5473/31/4
f 5461/31/4 5440/31/4 5474/31/4
f 5440/29/4 5462/29/4 5474/29/4
f 5462/28/4 5463/28/4 5475/28/4
f 5474/29/4 5462/29/4 5475/29/4
f 5465/29/4 5466/29/4 5476/29/4
f 5475/28/4 5463/28/4 5476/28/4
f 5466/29/4 5467/29/4 5476/29/4
f 5464/29/4 5465/29/4 5476/29/4
f 5463/29/4 5464/29/4 5476/29/4
f 5476/29/4 5467/29/4 5477/29/4
f 5467/36/4 5468/36/4 5478/36/4
f 5477/29/4 5467/29/4 5478/29/4
f 5468/35/4 5469/35/4 5479/35/4
f 5478/36/4 5468/36/4 5479/36/4
f 5449/33/4 5470/33/4 5480/33/4
f 5448/32/4 5449/32/4 5480/32/4
f 5470/33/4 5471/33/4 5480/33/4
f 5480/33/4 5471/33/4 5481/33/4
f 5471/31/4 5450/31/4 5482/31/4
f 5481/33/4 5471/33/4 5482/33/4
f 5482/31/4 5450/31/4 5483/31/4
f 5483/31/4 5450/31/4 5484/31/4
f 5450/32/4 5451/32/4 5485/32/4
f 5484/31/4 5450/31/4 5485/31/4
f 5452/32/4 5453/32/4 5485/32/4
f 5451/32/4 5452/32/4 5485/32/4
f 5485/32/4 5453/32/4 5486/32/4
f 5453/31/4 5402/31/4 5487/31/4
f 5486/32/4 5453/32/4 5487/32/4
f 5487/31/4 5402/31/4 5488/31/4
f 5473/31/4 5456/31/4 5489/31/4
f 5472/32/4 5473/32/4 5489/32/4
f 5489/31/4 5456/31/4 5490/31/4
f 5436/31/4 5460/31/4 5491/31/4
f 5491/31/4 5460/31/4 5492/31/4
f 5461/31/4 5474/31/4 5493/31/4
f 5476/35/4 5477/35/4 5493/35/4
f 5474/35/4 5475/35/4 5493/35/4
f 5475/35/4 5476/35/4 5493/35/4
f 5493/35/4 5477/35/4 5494/35/4
f 5494/35/4 5477/35/4 5495/35/4
f 5399/27/4 5421/27/4 5496/27/4
f 5469/29/4 5399/29/4 5496/29/4
f 5421/31/4 5422/31/4 5497/31/4
f 5496/27/4 5421/27/4 5497/27/4
f 5482/33/4 5483/33/4 5498/33/4
f 5481/33/4 5482/33/4 5498/33/4
f 5483/31/4 5484/31/4 5499/31/4
f 5498/33/4 5483/33/4 5499/33/4
f 5499/31/4 5484/31/4 5500/31/4
f 5500/31/4 5484/31/4 5501/31/4
f 5488/31/4 5402/31/4 5502/31/4
f 5487/32/4 5488/32/4 5502/32/4
f 5486/32/4 5487/32/4 5502/32/4
f 5502/31/4 5402/31/4 5503/31/4
f 5503/31/4 5402/31/4 5504/31/4
f 5504/31/4 5402/31/4 5505/31/4
f 5402/21/4 5403/21/4 5506/21/4
f 5505/31/4 5402/31/4 5506/31/4
f 5403/31/4 5404/31/4 5507/31/4
f 5506/21/4 5403/21/4 5507/21/4
f 5404/21/4 5405/21/4 5508/21/4
f 5507/31/4 5404/31/4 5508/31/4
f 5405/31/4 5406/31/4 5509/31/4
f 5508/21/4 5405/21/4 5509/21/4
f 5406/21/4 5407/21/4 5510/21/4
f 5509/31/4 5406/31/4 5510/31/4
f 5407/31/4 5408/31/4 5511/31/4
f 5510/21/4 5407/21/4 5511/21/4
f 5408/21/4 5409/21/4 5512/21/4
f 5511/31/4 5408/31/4 5512/31/4
f 5409/31/4 5410/31/4 5513/31/4
f 5512/21/4 5409/21/4 5513/21/4
f 5410/21/4 5411/21/4 5514/21/4
f 5513/31/4 5410/31/4 5514/31/4
f 5411/31/4 5412/31/4 5515/31/4
f 5514/21/4 5411/21/4 5515/21/4
f 5412/21/4 5413/21/4 5516/21/4
f 5515/31/4 5412/31/4 5516/31/4
f 5516/21/4 5413/21/4 5517/21/4
f 5413/31/4 5454/31/4 5518/31/4
f 5517/21/4 5413/21/4 5518/21/4
f 5457/31/4 5458/31/4 5519/31/4
f 5456/37/4 5457/37/4 5519/37/4
f 5458/32/4 5459/32/4 5520/32/4
f 5519/31/4 5458/31/4 5520/31/4
f 5460/35/4 5461/35/4 5521/35/4
f 5461/31/4 5493/31/4 5521/31/4
f 5493/31/4 5494/31/4 5521/31/4
f 5521/31/4 5494/31/4 5522/31/4
f 5522/31/4 5494/31/4 5523/31/4
f 5523/31/4 5494/31/4 5524/31/4
f 5524/31/4 5494/31/4 5525/31/4
f 5494/29/4 5495/29/4 5526/29/4
f 5525/31/4 5494/31/4 5526/31/4
f 5479/35/4 5469/35/4 5527/35/4
f 5478/37/4 5479/37/4 5527/37/4
f 5469/29/4 5496/29/4 5528/29/4
f 5527/35/4 5469/35/4 5528/35/4
f 5496/29/4 5497/29/4 5528/29/4
f 5528/29/4 5497/29/4 5529/29/4
f 5529/29/4 5497/29/4 5530/29/4
f 5497/31/4 5422/31/4 5531/31/4
f 5530/29/4 5497/29/4 5531/29/4
f 5481/33/4 5498/33/4 5532/33/4
f 5480/32/4 5481/32/4 5532/32/4
f 5498/32/4 5499/32/4 5533/32/4
f 5532/33/4 5498/33/4 5533/33/4
f 5499/33/4 5500/33/4 5534/33/4
f 5533/32/4 5499/32/4 5534/32/4
f 5500/32/4 5501/32/4 5535/32/4
f 5534/33/4 5500/33/4 5535/33/4
f 5501/31/4 5484/31/4 5536/31/4
f 5535/32/4 5501/32/4 5536/32/4
f 5484/32/4 5485/32/4 5537/32/4
f 5536/31/4 5484/31/4 5537/31/4
f 5485/31/4 5486/31/4 5538/31/4
f 5537/32/4 5485/32/4 5538/32/4
f 5486/32/4 5502/32/4 5539/32/4
f 5538/31/4 5486/31/4 5539/31/4
f 5502/32/4 5503/32/4 5539/32/4
f 5503/31/4 5504/31/4 5540/31/4
f 5539/32/4 5503/32/4 5540/32/4
f 5504/32/4 5505/32/4 5541/32/4
f 5540/31/4 5504/31/4 5541/31/4
f 5513/31/4 5514/31/4 5542/31/4
f 5541/32/4 5505/32/4 5542/32/4
f 5514/31/4 5515/31/4 5542/31/4
f 5505/31/4 5506/31/4 5542/31/4
f 5506/31/4 5507/31/4 5542/31/4
f 5507/31/4 5508/31/4 5542/31/4
f 5508/31/4 5509/31/4 5542/31/4
f 5509/31/4 5510/31/4 5542/31/4
f 5510/31/4 5511/31/4 5542/31/4
f 5511/31/4 5512/31/4 5542/31/4
f 5512/31/4 5513/31/4 5542/31/4
f 5515/31/4 5516/31/4 5542/31/4
f 5516/31/4 5517/31/4 5542/31/4
f 5542/31/4 5517/31/4 5543/31/4
f 5543/31/4 5517/31/4 5544/31/4
f 5544/31/4 5517/31/4 5545/31/4
f 5545/31/4 5517/31/4 5546/31/4
f 5517/32/4 5518/32/4 5547/32/4
f 5546/31/4 5517/31/4 5547/31/4
f 5490/31/4 5456/31/4 5548/31/4
f 5489/32/4 5490/32/4 5548/32/4
f 5456/37/4 5519/37/4 5549/37/4
f 5548/31/4 5456/31/4 5549/31/4
f 5519/32/4 5520/32/4 5550/32/4
f 5549/37/4 5519/37/4 5550/37/4
f 5459/34/4 5436/34/4 5551/34/4
f 5550/32/4 5520/32/4 5551/32/4
f 5520/32/4 5459/32/4 5551/32/4
f 5436/31/4 5491/31/4 5552/31/4
f 5551/34/4 5436/34/4 5552/34/4
f 5491/37/4 5492/37/4 5553/37/4
f 5552/31/4 5491/31/4 5553/31/4
f 5492/31/4 5460/31/4 5554/31/4
f 5553/37/4 5492/37/4 5554/37/4
f 5524/31/4 5525/31/4 5555/31/4
f 5523/29/4 5524/29/4 5555/29/4
f 5525/35/4 5526/35/4 5556/35/4
f 5555/31/4 5525/31/4 5556/31/4
f 5495/35/4 5477/35/4 5557/35/4
f 5477/29/4 5478/29/4 5557/29/4
f 5478/37/4 5527/37/4 5558/37/4
f 5557/29/4 5478/29/4 5558/29/4
f 5540/32/4 5541/32/4 5559/32/4
f 5534/32/4 5535/32/4 5559/32/4
f 5533/32/4 5534/32/4 5559/32/4
f 5543/31/4 5544/31/4 5559/31/4
f 5542/32/4 5543/32/4 5559/32/4
f 5541/32/4 5542/32/4 5559/32/4
f 5532/32/4 5533/32/4 5559/32/4
f 5535/32/4 5536/32/4 5559/32/4
f 5536/32/4 5537/32/4 5559/32/4
f 5539/32/4 5540/32/4 5559/32/4
f 5538/32/4 5539/32/4 5559/32/4
f 5537/32/4 5538/32/4 5559/32/4
f 5559/31/4 5544/31/4 5560/31/4
f 5560/31/4 5544/31/4 5561/31/4
f 5561/31/4 5544/31/4 5562/31/4
f 5562/31/4 5544/31/4 5563/31/4
f 5563/31/4 5544/31/4 5564/31/4
f 5564/31/4 5544/31/4 5565/31/4
f 5544/32/4 5545/32/4 5566/32/4
f 5565/31/4 5544/31/4 5566/31/4
f 5554/31/4 5460/31/4 5567/31/4
f 5460/35/4 5521/35/4 5567/35/4
f 5521/32/4 5522/32/4 5568/32/4
f 5567/35/4 5521/35/4 5568/35/4
f 5522/31/4 5523/31/4 5569/31/4
f 5568/32/4 5522/32/4 5569/32/4
f 5569/31/4 5523/31/4 5570/31/4
f 5523/29/4 5555/29/4 5571/29/4
f 5570/31/4 5523/31/4 5571/31/4
f 5555/29/4 5556/29/4 5571/29/4
f 5571/29/4 5556/29/4 5572/29/4
f 5572/29/4 5556/29/4 5573/29/4
f 5529/29/4 5530/29/4 5574/29/4
f 5528/28/4 5529/28/4 5574/28/4
f 5574/29/4 5530/29/4 5575/29/4
f 5531/31/4 5422/31/4 5576/31/4
f 5530/32/4 5531/32/4 5576/32/4
f 5422/29/4 3614/29/4 5577/29/4
f 5576/31/4 5422/31/4 5577/31/4
f 5559/32/4 5560/32/4 5578/32/4
f 5560/31/4 5561/31/4 5578/31/4
f 5578/31/4 5561/31/4 5579/31/4
f 5561/32/4 5562/32/4 5580/32/4
f 5562/31/4 5563/31/4 5580/31/4
f 5580/31/4 5563/31/4 5581/31/4
f 5581/31/4 5563/31/4 5582/31/4
f 5582/31/4 5563/31/4 5583/31/4
f 5583/31/4 5563/31/4 5584/31/4
f 5584/31/4 5563/31/4 5585/31/4
f 5564/31/4 5565/31/4 5586/31/4
f 5565/32/4 5566/32/4 5587/32/4
f 5586/31/4 5565/31/4 5587/31/4
f 5566/32/4 5545/32/4 5588/32/4
f 5587/32/4 5566/32/4 5588/32/4
f 5545/31/4 5546/31/4 5589/31/4
f 5588/32/4 5545/32/4 5589/32/4
f 5589/31/4 5546/31/4 5590/31/4
f 5546/32/4 5547/32/4 5591/32/4
f 5590/31/4 5546/31/4 5591/31/4
f 5518/31/4 5454/31/4 5592/31/4
f 5591/32/4 5547/32/4 5592/32/4
f 5547/32/4 5518/32/4 5592/32/4
f 5549/32/4 5550/32/4 5593/32/4
f 5592/31/4 5454/31/4 5593/31/4
f 5550/32/4 5551/32/4 5593/32/4
f 5454/32/4 5472/32/4 5593/32/4
f 5489/32/4 5548/32/4 5593/32/4
f 5472/32/4 5489/32/4 5593/32/4
f 5548/32/4 5549/32/4 5593/32/4
f 5569/32/4 5570/32/4 5594/32/4
f 5567/29/4 5568/29/4 5594/29/4
f 5568/32/4 5569/32/4 5594/32/4
f 5594/32/4 5570/32/4 5595/32/4
f 5573/29/4 5556/29/4 5596/29/4
f 5572/28/4 5573/28/4 5596/28/4
f 5556/35/4 5526/35/4 5597/35/4
f 5596/29/4 5556/29/4 5597/29/4
f 5575/29/4 5530/29/4 5598/29/4
f 5530/32/4 5576/32/4 5599/32/4
f 5598/29/4 5530/29/4 5599/29/4
f 5576/32/4 5577/32/4 5599/32/4
f 5599/32/4 5577/32/4 5600/32/4
f 5579/31/4 5561/31/4 5601/31/4
f 5578/32/4 5579/32/4 5601/32/4
f 5580/32/4 5581/32/4 5602/32/4
f 5601/31/4 5561/31/4 5602/31/4
f 5561/32/4 5580/32/4 5602/32/4
f 5581/31/4 5582/31/4 5603/31/4
f 5582/32/4 5583/32/4 5604/32/4
f 5603/31/4 5582/31/4 5604/31/4
f 5585/31/4 5563/31/4 5605/31/4
f 5584/32/4 5585/32/4 5605/32/4
f 5563/32/4 5564/32/4 5606/32/4
f 5605/31/4 5563/31/4 5606/31/4
f 5564/31/4 5586/31/4 5607/31/4
f 5606/32/4 5564/32/4 5607/32/4
f 5607/31/4 5586/31/4 5608/31/4
f 5595/32/4 5570/32/4 5609/32/4
f 5570/31/4 5571/31/4 5609/31/4
f 5571/31/4 5572/31/4 5609/31/4
f 5609/31/4 5572/31/4 5610/31/4
f 5597/35/4 5526/35/4 5611/35/4
f 5526/29/4 5495/29/4 5611/29/4
f 5495/35/4 5557/35/4 5612/35/4
f 5611/29/4 5495/29/4 5612/29/4
f 5575/29/4 5598/29/4 5613/29/4
f 5598/27/4 5599/27/4 5613/27/4
f 5599/27/4 5600/27/4 5613/27/4
f 5613/27/4 5600/27/4 5614/27/4
f 5581/31/4 5603/31/4 5615/31/4
f 5603/32/4 5604/32/4 5616/32/4
f 5615/31/4 5603/31/4 5616/31/4
f 5604/32/4 5583/32/4 5617/32/4
f 5616/32/4 5604/32/4 5617/32/4
f 5583/31/4 5584/31/4 5617/31/4
f 5605/32/4 5606/32/4 5618/32/4
f 5617/31/4 5584/31/4 5618/31/4
f 5584/32/4 5605/32/4 5618/32/4
f 5607/32/4 5608/32/4 5618/32/4
f 5606/32/4 5607/32/4 5618/32/4
f 5608/31/4 5586/31/4 5619/31/4
f 5618/32/4 5608/32/4 5619/32/4
f 5586/32/4 5587/32/4 5620/32/4
f 5619/31/4 5586/31/4 5620/31/4
f 5587/32/4 5588/32/4 5620/32/4
f 5588/31/4 5589/31/4 5621/31/4
f 5620/32/4 5588/32/4 5621/32/4
f 5589/31/4 5590/31/4 5621/31/4
f 5621/31/4 5590/31/4 5622/31/4
f 5552/31/4 5553/31/4 5623/31/4
f 5553/36/4 5554/36/4 5623/36/4
f 5554/31/4 5567/31/4 5624/31/4
f 5623/36/4 5554/36/4 5624/36/4
f 5567/29/4 5594/29/4 5625/29/4
f 5624/31/4 5567/31/4 5625/31/4
f 5594/35/4 5595/35/4 5626/35/4
f 5625/29/4 5594/29/4 5626/29/4
f 5610/31/4 5572/31/4 5627/31/4
f 5609/32/4 5610/32/4 5627/32/4
f 5572/28/4 5596/28/4 5628/28/4
f 5627/31/4 5572/31/4 5628/31/4
f 5596/28/4 5597/28/4 5628/28/4
f 5613/29/4 5614/29/4 5629/29/4
f 5574/28/4 5575/28/4 5629/28/4
f 5575/29/4 5613/29/4 5629/29/4
f 5629/29/4 5614/29/4 5630/29/4
f 4514/32/4 4655/32/4 5631/32/4
f 4769/32/4 4828/32/4 5631/32/4
f 5326/32/4 5327/32/4 5631/32/4
f 4718/32/4 4769/32/4 5631/32/4
f 3613/29/4 4514/29/4 5631/29/4
f 4855/32/4 5084/32/4 5631/32/4
f 4655/32/4 4718/32/4 5631/32/4
f 4828/32/4 4855/32/4 5631/32/4
f 5084/32/4 5326/32/4 5631/32/4
f 5327/30/4 5328/30/4 5632/30/4
f 5631/32/4 5327/32/4 5632/32/4
f 5328/32/4 5389/32/4 5633/32/4
f 5632/30/4 5328/30/4 5633/30/4
f 5389/30/4 5446/30/4 5634/30/4
f 5633/32/4 5389/32/4 5634/32/4
f 5446/32/4 5447/32/4 5635/32/4
f 5634/30/4 5446/30/4 5635/30/4
f 5447/29/4 5448/29/4 5636/29/4
f 5635/32/4 5447/32/4 5636/32/4
f 5448/32/4 5480/32/4 5637/32/4
f 5636/29/4 5448/29/4 5637/29/4
f 5559/32/4 5578/32/4 5637/32/4
f 5532/32/4 5559/32/4 5637/32/4
f 5601/32/4 5602/32/4 5637/32/4
f 5480/32/4 5532/32/4 5637/32/4
f 5578/32/4 5601/32/4 5637/32/4
f 5581/31/4 5615/31/4 5638/31/4
f 5637/32/4 5602/32/4 5638/32/4
f 5602/32/4 5581/32/4 5638/32/4
f 5615/32/4 5616/32/4 5639/32/4
f 5638/31/4 5615/31/4 5639/31/4
f 5618/32/4 5619/32/4 5639/32/4
f 5619/32/4 5620/32/4 5639/32/4
f 5620/32/4 5621/32/4 5639/32/4
f 5616/32/4 5617/32/4 5639/32/4
f 5617/32/4 5618/32/4 5639/32/4
f 5621/32/4 5622/32/4 5639/32/4
f 5622/31/4 5590/31/4 5640/31/4
f 5639/32/4 5622/32/4 5640/32/4
f 5591/32/4 5592/32/4 5641/32/4
f 5640/31/4 5590/31/4 5641/31/4
f 5590/32/4 5591/32/4 5641/32/4
f 5592/32/4 5593/32/4 5641/32/4
f 5551/35/4 5552/35/4 5642/35/4
f 5641/32/4 5593/32/4 5642/32/4
f 5593/32/4 5551/32/4 5642/32/4
f 5552/31/4 5623/31/4 5643/31/4
f 5642/35/4 5552/35/4 5643/35/4
f 5624/29/4 5625/29/4 5644/29/4
f 5643/31/4 5623/31/4 5644/31/4
f 5623/29/4 5624/29/4 5644/29/4
f 5625/28/4 5626/28/4 5645/28/4
f 5644/29/4 5625/29/4 5645/29/4
f 5626/35/4 5595/35/4 5646/35/4
f 5645/28/4 5626/28/4 5646/28/4
f 5609/32/4 5627/32/4 5647/32/4
f 5646/35/4 5595/35/4 5647/35/4
f 5595/32/4 5609/32/4 5647/32/4
f 5627/32/4 5628/32/4 5647/32/4
f 5628/28/4 5597/28/4 5648/28/4
f 5647/32/4 5628/32/4 5648/32/4
f 5597/35/4 5611/35/4 5649/35/4
f 5648/28/4 5597/28/4 5649/28/4
f 5611/28/4 5612/28/4 5650/28/4
f 5649/35/4 5611/35/4 5650/35/4
f 5612/35/4 5557/35/4 5651/35/4
f 5650/28/4 5612/28/4 5651/28/4
f 5557/28/4 5558/28/4 5652/28/4
f 5651/35/4 5557/35/4 5652/35/4
f 5558/37/4 5527/37/4 5653/37/4
f 5652/28/4 5558/28/4 5653/28/4
f 5527/34/4 5528/34/4 5654/34/4
f 5653/37/4 5527/37/4 5654/37/4
f 5528/28/4 5574/28/4 5655/28/4
f 5654/34/4 5528/34/4 5655/34/4
f 5629/28/4 5630/28/4 5655/28/4
f 5574/28/4 5629/28/4 5655/28/4
f 5630/29/4 5614/29/4 5656/29/4
f 5655/28/4 5630/28/4 5656/28/4
f 5614/27/4 5600/27/4 5657/27/4
f 5656/29/4 5614/29/4 5657/29/4
f 5600/32/4 5577/32/4 5658/32/4
f 5657/27/4 5600/27/4 5658/27/4
f 5577/29/4 3614/29/4 5659/29/4
f 5658/32/4 5577/32/4 5659/32/4
f 5645/29/4 5646/29/4 5660/29/4
f 5651/29/4 5652/29/4 5660/29/4
f 5658/29/4 5659/29/4 5660/29/4
f 5641/29/4 5642/29/4 5660/29/4
f 5652/29/4 5653/29/4 5660/29/4
f 5632/29/4 5633/29/4 5660/29/4
f 5656/29/4 5657/29/4 5660/29/4
f 5634/29/4 5635/29/4 5660/29/4
f 3613/29/4 5631/29/4 5660/29/4
f 5648/29/4 5649/29/4 5660/29/4
f 5633/29/4 5634/29/4 5660/29/4
f 5657/29/4 5658/29/4 5660/29/4
f 5647/29/4 5648/29/4 5660/29/4
f 5642/29/4 5643/29/4 5660/29/4
f 5643/29/4 5644/29/4 5660/29/4
f 5654/29/4 5655/29/4 5660/29/4
f 5631/29/4 5632/29/4 5660/29/4
f 5655/29/4 5656/29/4 5660/29/4
f 5646/29/4 5647/29/4 5660/29/4
f 5644/29/4 5645/29/4 5660/29/4
f 5649/29/4 5650/29/4 5660/29/4
f 5653/29/4 5654/29/4 5660/29/4
f 5636/29/4 5637/29/4 5660/29/4
f 5637/29/4 5638/29/4 5660/29/4
f 5635/29/4 5636/29/4 5660/29/4
f 5640/29/4 5641/29/4 5660/29/4
f 5650/29/4 5651/29/4 5660/29/4
f 5638/29/4 5639/29/4 5660/29/4
f 5639/29/4 5640/29/4 5660/29/4
f 5659/29/4 3614/29/4 5661/29/4
f 5660/29/4 5659/29/4 5661/29/4
f 5664/29/5 5663/29/5 5662/29/5
f 5665/29/5 5663/29/5 5664/29/5
f 5666/29/5 5664/29/5 5662/29/5
f 5666/32/5 5665/32/5 5664/32/5
f 5667/29/5 5663/29/5 5665/29/5
f 5667/32/5 5665/32/5 5666/32/5
f 5668/29/5 5666/29/5 5662/29/5
f 5668/28/5 5667/28/5 5666/28/5
f 5669/29/5 5663/29/5 5667/29/5
f 5669/28/5 5667/28/5 5668/28/5
f 5670/29/5 5668/29/5 5662/29/5
f 5670/31/5 5669/31/5 5668/31/5
f 5671/29/5 5663/29/5 5669/29/5
f 5671/31/5 5669/31/5 5670/31/5
f 5672/29/5 5670/29/5 5662/29/5
f 5672/28/5 5671/28/5 5670/28/5
f 5673/29/5 5663/29/5 5671/29/5
f 5673/28/5 5671/28/5 5672/28/5
f 5674/29/5 5672/29/5 5662/29/5
f 5674/32/5 5673/32/5 5672/32/5
f 5675/29/5 5663/29/5 5673/29/5
f 5675/32/5 5673/32/5 5674/32/5
f 5676/29/5 5674/29/5 5662/29/5
f 5676/29/5 5675/29/5 5674/29/5
f 5677/29/5 5663/29/5 5675/29/5
f 5677/29/5 5675/29/5 5676/29/5
f 5680/29/5 5679/29/5 5678/29/5
f 5681/29/5 5679/29/5 5680/29/5
f 5684/29/5 5683/29/5 5682/29/5
f 5685/29/5 5683/29/5 5684/29/5
f 5688/29/5 5687/29/5 5686/29/5
f 5689/29/5 5687/29/5 5688/29/5
f 5694/8/5 5691/8/5 5690/8/5
f 5695/8/5 5691/8/5 5694/8/5
f 5696/8/5 5693/8/5 5692/8/5
f 5697/8/5 5693/8/5 5696/8/5
f 5700/31/5 5699/31/5 5698/31/5
f 5701/31/5 5699/31/5 5700/31/5
f 5704/8/5 5703/8/5 5702/8/5
f 5705/8/5 5703/8/5 5704/8/5
f 5706/29/6 5707/29/6 5708/29/6
f 5708/29/6 5707/29/6 5709/29/6
f 5710/8/6 5711/8/6 5712/8/6
f 5712/8/6 5711/8/6 5713/8/6
f 5714/8/6 5715/8/6 5716/8/6
f 5716/8/6 5715/8/6 5717/8/6
f 5718/29/6 5719/29/6 5720/29/6
f 5720/29/6 5719/29/6 5721/29/6
f 5722/29/6 5723/29/6 5724/29/6
f 5724/29/6 5723/29/6 5725/29/6
f 5726/8/6 5727/8/6 5728/8/6
f 5728/8/6 5727/8/6 5729/8/6
f 5730/31/6 5731/31/6 5732/31/6
f 5732/31/6 5731/31/6 5733/31/6
f 5734/29/6 5735/29/6 5736/29/6
f 5736/29/6 5735/29/6 5737/29/6
f 5734/29/6 5736/29/6 5738/29/6
f 5736/32/6 5737/32/6 5738/32/6
f 5737/29/6 5735/29/6 5739/29/6
f 5738/32/6 5737/32/6 5739/32/6
f 5734/29/6 5738/29/6 5740/29/6
f 5738/28/6 5739/28/6 5740/28/6
f 5739/29/6 5735/29/6 5741/29/6
f 5740/28/6 5739/28/6 5741/28/6
f 5734/29/6 5740/29/6 5742/29/6
f 5740/31/6 5741/31/6 5742/31/6
f 5742/31/6 5741/31/6 5743/31/6
f 5734/29/6 5742/29/6 5744/29/6
f 5742/28/6 5743/28/6 5744/28/6
f 5743/31/6 5741/31/6 5745/31/6
f 5744/28/6 5743/28/6 5745/28/6
f 5741/29/6 5735/29/6 5746/29/6
f 5745/31/6 5741/31/6 5746/31/6
f 5744/32/6 5745/32/6 5747/32/6
f 5734/29/6 5744/29/6 5747/29/6
f 5745/32/6 5746/32/6 5747/32/6
f 5746/29/6 5735/29/6 5748/29/6
f 5747/32/6 5746/32/6 5748/32/6
f 5734/29/6 5747/29/6 5749/29/6
f 5747/29/6 5748/29/6 5749/29/6
f 5748/29/6 5735/29/6 5750/29/6
f 5749/29/6 5748/29/6 5750/29/6
