# MagicaVoxel @ Ephtracy

# group
o 

# material
mtllib gusenica_3.mtl
usemtl palette

# normals
vn -1 0 0
vn 1 0 0
vn 0 0 1
vn 0 0 -1
vn 0 -1 0
vn 0 1 0

# texcoords
vt 0.0917969 0.5
vt 0.228516 0.5
vt 0.232422 0.5
vt 0.244141 0.5
vt 0.986328 0.5

# verts
v -3.2 3.9 0.2
v -3.2 3.9 -1.3
v -3.2 4.2 0.2
v -3.2 4.2 0.1
v -3.2 4.2 -1.2
v -3.2 4.2 -1.3
v -3.2 4.3 0.1
v -3.2 4.3 0
v -3.2 4.3 -1.1
v -3.2 4.3 -1.2
v -3.2 4.4 0
v -3.2 4.4 -0.1
v -3.2 4.4 -1
v -3.2 4.4 -1.1
v -3.2 4.5 0.2
v -3.2 4.5 -0.1
v -3.2 4.5 -1
v -3.2 4.5 -1.3
v -3.1 3.7 0.1
v -3.1 3.7 -1.2
v -3.1 3.9 0.1
v -3.1 3.9 -1.2
v -3.1 4.6 0.2
v -3.1 4.6 -1.3
v -3.1 4.7 0.2
v -3.1 4.7 -0.2
v -3.1 4.7 -0.9
v -3.1 4.7 -1.3
v -3.1 4.9 0.2
v -3.1 4.9 -0.2
v -3.1 4.9 -0.9
v -3.1 4.9 -1.3
v -3 4.5 0.1
v -3 4.5 -1.2
v -3 4.6 0.1
v -3 4.6 -1.2
v -3 4.9 0.1
v -3 4.9 0
v -3 4.9 -0.2
v -3 4.9 -0.9
v -3 4.9 -1.1
v -3 4.9 -1.3
v -3 5.1 0.2
v -3 5.1 0.1
v -3 5.1 0
v -3 5.1 -0.1
v -3 5.1 -1
v -3 5.1 -1.1
v -3 5.2 0.2
v -3 5.2 -0.1
v -3 5.2 -1
v -3 5.2 -1.3
v -2.9 4.9 0.2
v -2.9 4.9 0.1
v -2.9 5 0.2
v -2.9 5 0.1
v -2.8 5.5 0.2
v -2.8 5.5 0.1
v -2.8 5.5 -1.2
v -2.8 5.5 -1.3
v -2.8 5.6 0.2
v -2.8 5.6 0.1
v -2.8 5.6 -1.2
v -2.8 5.6 -1.3
v -2.7 5.2 0.1
v -2.7 5.2 -1.2
v -2.7 5.5 0.1
v -2.7 5.5 -1.2
v -2.7 5.6 0.2
v -2.7 5.6 0.1
v -2.7 5.6 0
v -2.7 5.6 -1.1
v -2.7 5.6 -1.2
v -2.7 5.6 -1.3
v -2.7 5.7 0
v -2.7 5.7 -0.1
v -2.7 5.7 -1
v -2.7 5.7 -1.1
v -2.7 5.8 0.2
v -2.7 5.8 -0.1
v -2.7 5.8 -1
v -2.7 5.8 -1.3
v -2.6 5.8 0.2
v -2.6 5.8 -0.1
v -2.6 5.8 -1
v -2.6 5.8 -1.3
v -2.6 5.9 -0.1
v -2.6 5.9 -0.2
v -2.6 5.9 -0.9
v -2.6 5.9 -1
v -2.6 6 0.2
v -2.6 6 -0.2
v -2.6 6 -0.9
v -2.6 6 -1.3
v -2.5 4 -0.5
v -2.5 4 -0.6
v -2.5 4.1 -0.5
v -2.5 4.1 -0.6
v -2.5 5 0.2
v -2.5 5 0.1
v -2.5 5.1 0.2
v -2.5 5.1 0.1
v -2.5 5.4 0.2
v -2.5 5.4 0.1
v -2.5 5.4 -1.2
v -2.5 5.4 -1.3
v -2.5 5.5 0.2
v -2.5 5.5 0.1
v -2.5 5.5 -1.2
v -2.5 5.5 -1.3
v -2.4 5.9 0.1
v -2.4 5.9 -1.2
v -2.4 6 0.2
v -2.4 6 0.1
v -2.4 6 0
v -2.4 6 -1.1
v -2.4 6 -1.2
v -2.4 6 -1.3
v -2.4 6.1 0
v -2.4 6.1 -0.3
v -2.4 6.1 -0.8
v -2.4 6.1 -1.1
v -2.4 6.2 0.2
v -2.4 6.2 -0.3
v -2.4 6.2 -0.8
v -2.4 6.2 -1.3
v -2.3 6.2 0.2
v -2.3 6.2 -0.3
v -2.3 6.2 -0.8
v -2.3 6.2 -1.3
v -2.3 6.3 -0.1
v -2.3 6.3 -0.3
v -2.3 6.3 -0.8
v -2.3 6.3 -1
v -2.3 6.4 0.2
v -2.3 6.4 -0.1
v -2.3 6.4 -1
v -2.3 6.4 -1.3
v -2.2 5.9 0.2
v -2.2 5.9 0.1
v -2.2 5.9 -1.2
v -2.2 5.9 -1.3
v -2.2 6 0.2
v -2.2 6 0.1
v -2.2 6 -1.2
v -2.2 6 -1.3
v -2.2 6.4 0.2
v -2.2 6.4 0.1
v -2.2 6.4 -0.1
v -2.2 6.4 -1
v -2.2 6.4 -1.2
v -2.2 6.4 -1.3
v -2.2 6.5 0.2
v -2.2 6.5 0.1
v -2.2 6.5 -1.2
v -2.2 6.5 -1.3
v -2.1 5.3 -1.2
v -2.1 5.3 -1.3
v -2.1 5.4 -1.2
v -2.1 5.4 -1.3
v -2 5.8 0.2
v -2 5.8 0.1
v -2 5.8 -1.2
v -2 5.8 -1.3
v -2 5.9 0.2
v -2 5.9 0.1
v -2 5.9 -1.2
v -2 5.9 -1.3
v -2 6.5 0.2
v -2 6.5 0.1
v -2 6.5 -1.2
v -2 6.5 -1.3
v -2 6.6 0.1
v -2 6.6 -0.3
v -2 6.6 -0.8
v -2 6.6 -1.2
v -2 6.7 0.2
v -2 6.7 -0.3
v -2 6.7 -0.8
v -2 6.7 -1.3
v -1.9 6.4 0.2
v -1.9 6.4 0.1
v -1.9 6.4 -1.2
v -1.9 6.4 -1.3
v -1.9 6.5 0.2
v -1.9 6.5 0.1
v -1.9 6.5 -1.2
v -1.9 6.5 -1.3
v -1.9 6.7 0.2
v -1.9 6.7 0
v -1.9 6.7 -0.3
v -1.9 6.7 -0.8
v -1.9 6.7 -1.1
v -1.9 6.7 -1.3
v -1.9 6.8 0.2
v -1.9 6.8 0
v -1.9 6.8 -1.1
v -1.9 6.8 -1.3
v -1.8 5.7 0.2
v -1.8 5.7 0.1
v -1.8 5.7 -1.2
v -1.8 5.7 -1.3
v -1.8 5.8 0.2
v -1.8 5.8 0.1
v -1.8 5.8 -1.2
v -1.8 5.8 -1.3
v -1.8 6.3 0.2
v -1.8 6.3 0.1
v -1.8 6.3 -1.2
v -1.8 6.3 -1.3
v -1.8 6.4 0.2
v -1.8 6.4 0.1
v -1.8 6.4 -1.2
v -1.8 6.4 -1.3
v -1.7 5.2 0.2
v -1.7 5.2 0.1
v -1.7 5.2 -1.2
v -1.7 5.2 -1.3
v -1.7 5.3 0.2
v -1.7 5.3 0.1
v -1.7 5.3 -1.2
v -1.7 5.3 -1.3
v -1.7 5.6 0.2
v -1.7 5.6 0.1
v -1.7 5.6 -1.2
v -1.7 5.6 -1.3
v -1.7 5.7 0.2
v -1.7 5.7 0.1
v -1.7 5.7 -1.2
v -1.7 5.7 -1.3
v -1.7 6.2 0.2
v -1.7 6.2 0.1
v -1.7 6.2 -1.2
v -1.7 6.2 -1.3
v -1.7 6.3 0.2
v -1.7 6.3 0.1
v -1.7 6.3 -1.2
v -1.7 6.3 -1.3
v -1.7 6.8 0.2
v -1.7 6.8 0
v -1.7 6.8 -1.1
v -1.7 6.8 -1.3
v -1.7 6.9 0.2
v -1.7 6.9 -1.3
v -1.6 5.3 0.2
v -1.6 5.3 0.1
v -1.6 5.4 0.2
v -1.6 5.4 0.1
v -1.6 6.1 0.2
v -1.6 6.1 0.1
v -1.6 6.1 -1.2
v -1.6 6.1 -1.3
v -1.6 6.2 0.2
v -1.6 6.2 0.1
v -1.6 6.2 -1.2
v -1.6 6.2 -1.3
v -1.5 5.5 -1.2
v -1.5 5.5 -1.3
v -1.5 5.6 -1.2
v -1.5 5.6 -1.3
v -1.5 6.9 0.2
v -1.5 6.9 0.1
v -1.5 6.9 -1.2
v -1.5 6.9 -1.3
v -1.5 7 0.1
v -1.5 7 -0.3
v -1.5 7 -0.8
v -1.5 7 -1.2
v -1.5 7.1 0.2
v -1.5 7.1 -0.3
v -1.5 7.1 -0.8
v -1.5 7.1 -1.3
v -1.4 6 0.2
v -1.4 6 0.1
v -1.4 6 -1.2
v -1.4 6 -1.3
v -1.4 6.1 0.2
v -1.4 6.1 0.1
v -1.4 6.1 -1.2
v -1.4 6.1 -1.3
v -1.4 6.8 0.2
v -1.4 6.8 0.1
v -1.4 6.8 -1.2
v -1.4 6.8 -1.3
v -1.4 6.9 0.2
v -1.4 6.9 0.1
v -1.4 6.9 -1.2
v -1.4 6.9 -1.3
v -1.3 5.1 0.2
v -1.3 5.1 0.1
v -1.3 5.1 -1.2
v -1.3 5.1 -1.3
v -1.3 5.2 0.2
v -1.3 5.2 0.1
v -1.3 5.2 -1.2
v -1.3 5.2 -1.3
v -1.3 5.4 0.2
v -1.3 5.4 0.1
v -1.3 5.4 -1.2
v -1.3 5.4 -1.3
v -1.3 5.5 0.2
v -1.3 5.5 0.1
v -1.3 5.5 -1.2
v -1.3 5.5 -1.3
v -1.3 5.9 0.2
v -1.3 5.9 0.1
v -1.3 5.9 -1.2
v -1.3 5.9 -1.3
v -1.3 6 0.2
v -1.3 6 0.1
v -1.3 6 -1.2
v -1.3 6 -1.3
v -1.3 6.6 0.2
v -1.3 6.6 0.1
v -1.3 6.6 -1.2
v -1.3 6.6 -1.3
v -1.3 6.7 0.2
v -1.3 6.7 0.1
v -1.3 6.7 -1.2
v -1.3 6.7 -1.3
v -1.3 6.8 0.2
v -1.3 6.8 0.1
v -1.3 6.8 -1.2
v -1.3 6.8 -1.3
v -1.3 7.1 0.2
v -1.3 7.1 0
v -1.3 7.1 -0.2
v -1.3 7.1 -0.9
v -1.3 7.1 -1.1
v -1.3 7.1 -1.3
v -1.3 7.2 0.2
v -1.3 7.2 0
v -1.3 7.2 -1.1
v -1.3 7.2 -1.3
v -1.2 5.8 0.2
v -1.2 5.8 0.1
v -1.2 5.8 -1.2
v -1.2 5.8 -1.3
v -1.2 5.9 0.2
v -1.2 5.9 0.1
v -1.2 5.9 -1.2
v -1.2 5.9 -1.3
v -1.2 6.5 0.2
v -1.2 6.5 0.1
v -1.2 6.5 -1.2
v -1.2 6.5 -1.3
v -1.2 6.6 0.2
v -1.2 6.6 0.1
v -1.2 6.6 -1.2
v -1.2 6.6 -1.3
v -1.2 7.2 0.2
v -1.2 7.2 0.1
v -1.2 7.2 0
v -1.2 7.2 -1.1
v -1.2 7.2 -1.2
v -1.2 7.2 -1.3
v -1.2 7.3 0.2
v -1.2 7.3 0.1
v -1.2 7.3 -1.2
v -1.2 7.3 -1.3
v -1.1 5.3 0.2
v -1.1 5.3 0.1
v -1.1 5.3 -1.2
v -1.1 5.3 -1.3
v -1.1 5.4 0.2
v -1.1 5.4 0.1
v -1.1 5.4 -1.2
v -1.1 5.4 -1.3
v -1.1 5.7 0.2
v -1.1 5.7 0.1
v -1.1 5.7 -1.2
v -1.1 5.7 -1.3
v -1.1 5.8 0.2
v -1.1 5.8 0.1
v -1.1 5.8 -1.2
v -1.1 5.8 -1.3
v -1.1 6.4 0.2
v -1.1 6.4 0.1
v -1.1 6.4 -1.2
v -1.1 6.4 -1.3
v -1.1 6.5 0.2
v -1.1 6.5 0.1
v -1.1 6.5 -1.2
v -1.1 6.5 -1.3
v -1 5.6 -1.2
v -1 5.6 -1.3
v -1 5.7 -1.2
v -1 5.7 -1.3
v -1 6.2 0.2
v -1 6.2 0.1
v -1 6.2 -1.2
v -1 6.2 -1.3
v -1 6.4 0.2
v -1 6.4 0.1
v -1 6.4 -1.2
v -1 6.4 -1.3
v -0.9 5.5 0.2
v -0.9 5.5 0.1
v -0.9 5.5 -0.1
v -0.9 5.5 -1
v -0.9 5.5 -1.2
v -0.9 5.5 -1.3
v -0.9 5.6 0.2
v -0.9 5.6 0.1
v -0.9 5.6 -1.2
v -0.9 5.6 -1.3
v -0.9 6.1 0.2
v -0.9 6.1 0.1
v -0.9 6.1 -1.2
v -0.9 6.1 -1.3
v -0.9 6.2 0.2
v -0.9 6.2 0.1
v -0.9 6.2 -1.2
v -0.9 6.2 -1.3
v -0.9 7.3 0.2
v -0.9 7.3 -0.2
v -0.9 7.3 -0.9
v -0.9 7.3 -1.3
v -0.9 7.4 0.2
v -0.9 7.4 -0.2
v -0.9 7.4 -0.9
v -0.9 7.4 -1.3
v -0.8 6 0.2
v -0.8 6 0.1
v -0.8 6 -1.2
v -0.8 6 -1.3
v -0.8 6.1 0.2
v -0.8 6.1 0.1
v -0.8 6.1 -1.2
v -0.8 6.1 -1.3
v -0.8 7 0.2
v -0.8 7 0.1
v -0.8 7 -1.2
v -0.8 7 -1.3
v -0.8 7.1 0.2
v -0.8 7.1 0.1
v -0.8 7.1 -1.2
v -0.8 7.1 -1.3
v -0.8 7.2 0.1
v -0.8 7.2 -1.2
v -0.8 7.3 0.2
v -0.8 7.3 0.1
v -0.8 7.3 -0.2
v -0.8 7.3 -0.9
v -0.8 7.3 -1.2
v -0.8 7.3 -1.3
v -0.8 7.4 0.2
v -0.8 7.4 -0.2
v -0.8 7.4 -0.5
v -0.8 7.4 -0.6
v -0.8 7.4 -0.9
v -0.8 7.4 -1.3
v -0.8 7.5 0.2
v -0.8 7.5 -0.5
v -0.8 7.5 -0.6
v -0.8 7.5 -1.3
v -0.7 5.8 0.2
v -0.7 5.8 0.1
v -0.7 5.8 -1.2
v -0.7 5.8 -1.3
v -0.7 5.9 0.2
v -0.7 5.9 0.1
v -0.7 5.9 -1.2
v -0.7 5.9 -1.3
v -0.7 6 0.2
v -0.7 6 0.1
v -0.7 6 -1.2
v -0.7 6 -1.3
v -0.7 6.8 0.2
v -0.7 6.8 0.1
v -0.7 6.8 -1.2
v -0.7 6.8 -1.3
v -0.7 7 0.2
v -0.7 7 0.1
v -0.7 7 -1.2
v -0.7 7 -1.3
v -0.6 5.7 -0.1
v -0.6 5.7 -0.2
v -0.6 5.7 -0.9
v -0.6 5.7 -1
v -0.6 5.7 -1.3
v -0.6 5.8 -0.1
v -0.6 5.8 -1
v -0.6 5.8 -1.2
v -0.6 5.8 -1.3
v -0.6 6.6 0.2
v -0.6 6.6 0.1
v -0.6 6.6 -1.2
v -0.6 6.6 -1.3
v -0.6 6.8 0.2
v -0.6 6.8 0.1
v -0.6 6.8 -1.2
v -0.6 6.8 -1.3
v -0.5 6.4 0.2
v -0.5 6.4 0.1
v -0.5 6.4 -1.2
v -0.5 6.4 -1.3
v -0.5 6.6 0.2
v -0.5 6.6 0.1
v -0.5 6.6 -1.2
v -0.5 6.6 -1.3
v -0.5 7.5 0.2
v -0.5 7.5 -1.3
v -0.5 7.6 0.2
v -0.5 7.6 -1.3
v -0.4 6.2 0.2
v -0.4 6.2 0.1
v -0.4 6.2 -1.2
v -0.4 6.2 -1.3
v -0.4 6.4 0.2
v -0.4 6.4 0.1
v -0.4 6.4 -1.2
v -0.4 6.4 -1.3
v -0.3 6 0.2
v -0.3 6 -0.3
v -0.3 6 -0.8
v -0.3 6 -1.3
v -0.3 6.1 0.2
v -0.3 6.1 0.1
v -0.3 6.1 -0.3
v -0.3 6.1 -0.8
v -0.3 6.1 -1.2
v -0.3 6.1 -1.3
v -0.3 6.2 0.2
v -0.3 6.2 0.1
v -0.3 6.2 -1.2
v -0.3 6.2 -1.3
v -0.3 7.5 0.2
v -0.3 7.5 -1.3
v -0.3 7.6 0.2
v -0.3 7.6 -1.3
v -0.2 7 0.2
v -0.2 7 0.1
v -0.2 7 -1.2
v -0.2 7 -1.3
v -0.2 7.4 0.1
v -0.2 7.4 -1.2
v -0.2 7.5 0.2
v -0.2 7.5 -1.3
v -0.2 7.6 0.1
v -0.2 7.6 -1.3
v -0.2 7.7 0.1
v -0.2 7.7 -1.3
v -0.0999999 6.7 0.2
v -0.0999999 6.7 0.1
v -0.0999999 6.7 -1.2
v -0.0999999 6.7 -1.3
v -0.0999999 7 0.2
v -0.0999999 7 0.1
v -0.0999999 7 -1.2
v -0.0999999 7 -1.3
v -0.0999999 7.5 0.2
v -0.0999999 7.5 0.1
v -0.0999999 7.6 0.2
v -0.0999999 7.6 0.1
v -0.0999999 7.7 0.2
v -0.0999999 7.7 0.1
v 0 6.4 0.2
v 0 6.4 0.1
v 0 6.4 -1.2
v 0 6.4 -1.3
v 0 6.5 0.2
v 0 6.5 0.1
v 0 6.5 -1.2
v 0 6.5 -1.3
v 0 6.7 0.2
v 0 6.7 0.1
v 0 6.7 -1.2
v 0 6.7 -1.3
v 0.1 6.2 0.2
v 0.1 6.2 -0.3
v 0.1 6.2 -0.6
v 0.1 6.2 -0.7
v 0.1 6.2 -0.8
v 0.1 6.2 -1.3
v 0.1 6.3 0.1
v 0.1 6.3 -0.3
v 0.1 6.3 -0.6
v 0.1 6.3 -0.7
v 0.1 6.3 -0.8
v 0.1 6.3 -1.2
v 0.1 6.4 0.2
v 0.1 6.4 0.1
v 0.1 6.4 -0.6
v 0.1 6.4 -0.7
v 0.1 6.4 -1.2
v 0.1 6.4 -1.3
v 0.1 6.9 0.2
v 0.1 6.9 0.1
v 0.1 7 0.2
v 0.1 7 0.1
v 0.3 6.2 -0.6
v 0.3 6.2 -0.7
v 0.3 6.3 -0.6
v 0.3 6.3 -0.7
v 0.3 7 0.1
v 0.3 7 0
v 0.3 7.1 0.1
v 0.3 7.1 0
v 0.3 7.3 0.1
v 0.3 7.3 0
v 0.3 7.4 0.1
v 0.3 7.4 0
v 0.3 7.5 0.2
v 0.3 7.5 0.1
v 0.3 7.5 0
v 0.3 7.5 -1.2
v 0.3 7.5 -1.3
v 0.3 7.6 0.1
v 0.3 7.6 -1.2
v 0.3 7.7 0.2
v 0.3 7.7 0.1
v 0.3 7.7 -0.1
v 0.3 7.7 -1
v 0.3 7.7 -1.2
v 0.3 7.7 -1.3
v 0.3 7.8 0.1
v 0.3 7.8 -0.1
v 0.3 7.8 -1
v 0.3 7.8 -1.2
v 0.4 6.8 0
v 0.4 6.8 -0.1
v 0.4 6.9 0.1
v 0.4 6.9 0
v 0.4 6.9 -0.1
v 0.4 7 0.1
v 0.4 7 0
v 0.4 7 -1.2
v 0.4 7 -1.3
v 0.4 7.1 0.2
v 0.4 7.1 0.1
v 0.4 7.1 -1.2
v 0.4 7.1 -1.3
v 0.4 7.3 0.2
v 0.4 7.3 0.1
v 0.4 7.3 -1.2
v 0.4 7.3 -1.3
v 0.4 7.4 0.2
v 0.4 7.4 0.1
v 0.4 7.4 -1.2
v 0.4 7.5 0.2
v 0.4 7.5 0.1
v 0.4 7.5 -1.2
v 0.4 7.5 -1.3
v 0.4 7.7 -1.2
v 0.4 7.7 -1.3
v 0.4 7.8 -1.2
v 0.4 7.8 -1.3
v 0.5 6.4 0.1
v 0.5 6.4 0
v 0.5 6.5 0
v 0.5 6.6 0.1
v 0.5 6.6 0
v 0.5 6.6 -0.1
v 0.5 6.7 0
v 0.5 6.7 -0.1
v 0.5 6.7 -1.2
v 0.5 6.7 -1.3
v 0.5 6.9 0.1
v 0.5 6.9 0
v 0.5 6.9 -1.2
v 0.5 6.9 -1.3
v 0.5 7.1 -1.2
v 0.5 7.1 -1.3
v 0.5 7.3 0.2
v 0.5 7.3 0.1
v 0.5 7.3 -1.2
v 0.5 7.3 -1.3
v 0.5 7.4 0.2
v 0.5 7.4 0.1
v 0.5 7.6 -1.2
v 0.5 7.6 -1.3
v 0.5 7.7 0.2
v 0.5 7.7 0.1
v 0.5 7.7 -1.2
v 0.5 7.7 -1.3
v 0.5 7.8 0.2
v 0.5 7.8 0.1
v 0.6 6.3 0.1
v 0.6 6.3 -0.3
v 0.6 6.3 -0.5
v 0.6 6.3 -1
v 0.6 6.3 -1.2
v 0.6 6.3 -1.3
v 0.6 6.4 0.2
v 0.6 6.4 0.1
v 0.6 6.4 -0.3
v 0.6 6.4 -0.5
v 0.6 6.4 -1
v 0.6 6.4 -1.1
v 0.6 6.4 -1.2
v 0.6 6.4 -1.3
v 0.6 6.5 -0.3
v 0.6 6.5 -0.5
v 0.6 6.5 -1
v 0.6 6.5 -1.1
v 0.6 6.6 0.1
v 0.6 6.7 0.2
v 0.6 6.7 0.1
v 0.6 6.9 0.1
v 0.6 6.9 0
v 0.6 6.9 -1.2
v 0.6 6.9 -1.3
v 0.6 7 0.1
v 0.6 7 0
v 0.6 7.1 -1.2
v 0.6 7.1 -1.3
v 0.7 6.4 -1.2
v 0.7 6.4 -1.3
v 0.7 6.6 -1.2
v 0.7 6.6 -1.3
v 0.7 6.8 0.2
v 0.7 6.8 0.1
v 0.7 6.8 0
v 0.7 6.8 -1.2
v 0.7 6.8 -1.3
v 0.7 6.9 0.2
v 0.7 6.9 0.1
v 0.7 6.9 0
v 0.7 6.9 -1.2
v 0.7 6.9 -1.3
v 0.7 7.6 0.2
v 0.7 7.6 0.1
v 0.7 7.7 0.2
v 0.7 7.7 0.1
v 0.8 6.3 -1.1
v 0.8 6.3 -1.2
v 0.8 6.4 -1.1
v 0.8 6.4 -1.2
v 0.8 7.1 0.1
v 0.8 7.1 0
v 0.8 7.2 0.1
v 0.8 7.2 0
v 0.9 6.5 0.1
v 0.9 6.5 0
v 0.9 6.6 0.1
v 0.9 6.6 0
v 0.9 6.7 -1.1
v 0.9 6.7 -1.2
v 0.9 6.8 -1.1
v 0.9 6.8 -1.2
v 1 6.6 0.1
v 1 6.6 0
v 1 6.6 -1.1
v 1 6.6 -1.2
v 1 6.7 0.1
v 1 6.7 0
v 1 6.7 -1.1
v 1 6.7 -1.2
v 1 7.1 0
v 1 7.1 -0.1
v 1 7.1 -1.1
v 1 7.1 -1.2
v 1 7.2 0
v 1 7.2 -0.1
v 1 7.2 -1.1
v 1 7.2 -1.2
v 1 7.3 -1.1
v 1 7.3 -1.2
v 1 7.4 -1.1
v 1 7.4 -1.2
v 1 7.6 0.1
v 1 7.6 0
v 1 7.6 -1.1
v 1 7.6 -1.2
v 1 7.7 0.1
v 1 7.7 0
v 1 7.7 -1.1
v 1 7.7 -1.2
v 1.1 6.3 -0.1
v 1.1 6.3 -0.2
v 1.1 6.3 -0.6
v 1.1 6.3 -0.8
v 1.1 6.4 0
v 1.1 6.4 -0.1
v 1.1 6.4 -0.2
v 1.1 6.4 -0.6
v 1.1 6.4 -0.8
v 1.1 6.5 0
v 1.1 6.5 -0.2
v 1.1 6.5 -0.8
v 1.1 6.5 -1.2
v 1.1 6.6 -0.8
v 1.1 6.6 -1.2
v 1.1 6.6 -1.3
v 1.1 6.7 0.1
v 1.1 6.7 0
v 1.1 6.7 -1.1
v 1.1 6.7 -1.2
v 1.1 6.7 -1.3
v 1.1 6.8 0.1
v 1.1 6.8 0
v 1.1 6.9 0.1
v 1.1 6.9 0
v 1.1 6.9 -1.2
v 1.1 6.9 -1.3
v 1.1 7.1 0.1
v 1.1 7.1 0
v 1.1 7.1 -1.1
v 1.1 7.1 -1.2
v 1.1 7.4 0
v 1.1 7.4 -0.1
v 1.1 7.6 0
v 1.1 7.6 -0.1
v 1.2 6.4 -0.9
v 1.2 6.4 -1
v 1.2 6.4 -1.1
v 1.2 6.4 -1.2
v 1.2 6.5 -0.9
v 1.2 6.5 -1
v 1.2 6.5 -1.1
v 1.2 6.5 -1.2
v 1.2 6.6 0.2
v 1.2 6.6 0.1
v 1.2 6.7 0.2
v 1.2 6.7 0.1
v 1.2 6.8 0.1
v 1.2 6.8 0
v 1.2 6.9 0.1
v 1.2 6.9 0
v 1.2 7.1 -1.1
v 1.2 7.1 -1.2
v 1.2 7.2 0
v 1.2 7.2 -0.1
v 1.2 7.4 0.1
v 1.2 7.4 0
v 1.2 7.4 -0.1
v 1.2 7.5 -1.2
v 1.2 7.5 -1.3
v 1.2 7.6 0.1
v 1.2 7.6 0
v 1.2 7.6 -1.1
v 1.2 7.6 -1.2
v 1.2 7.7 0.1
v 1.2 7.7 -0.4
v 1.2 7.7 -0.6
v 1.2 7.7 -0.7
v 1.2 7.7 -1
v 1.2 7.7 -1.2
v 1.2 7.7 -1.3
v 1.2 7.8 0.1
v 1.2 7.8 -0.4
v 1.2 7.8 -0.6
v 1.2 7.8 -0.7
v 1.2 7.8 -1
v 1.2 7.8 -1.2
v 1.3 6.3 0
v 1.3 6.3 -0.1
v 1.3 6.3 -0.5
v 1.3 6.3 -0.6
v 1.3 6.4 0
v 1.3 6.4 -0.1
v 1.3 6.4 -0.5
v 1.3 6.4 -0.6
v 1.3 6.5 -1.2
v 1.3 6.5 -1.3
v 1.3 6.6 -1.2
v 1.3 6.6 -1.3
v 1.3 7.1 0.1
v 1.3 7.1 0
v 1.3 7.3 0.1
v 1.3 7.3 0
v 1.3 7.4 -1.2
v 1.3 7.4 -1.3
v 1.3 7.5 -1.2
v 1.3 7.5 -1.3
v 1.3 7.7 0.2
v 1.3 7.7 0.1
v 1.3 7.7 -1.2
v 1.3 7.7 -1.3
v 1.3 7.8 0.2
v 1.3 7.8 0.1
v 1.3 7.8 -1.2
v 1.3 7.8 -1.3
v 1.4 7 0.1
v 1.4 7 -0.1
v 1.4 7.1 0.1
v 1.4 7.1 -0.1
v 1.5 6.5 0
v 1.5 6.5 -0.1
v 1.5 6.5 -0.8
v 1.5 6.5 -0.9
v 1.5 6.5 -1
v 1.5 6.5 -1.1
v 1.5 6.6 0
v 1.5 6.6 -0.1
v 1.5 6.6 -0.2
v 1.5 6.6 -0.8
v 1.5 6.6 -0.9
v 1.5 6.6 -1
v 1.5 6.6 -1.1
v 1.5 6.7 -0.1
v 1.5 6.7 -0.2
v 1.5 6.7 -0.3
v 1.5 6.7 -0.4
v 1.5 6.8 -0.3
v 1.5 6.8 -0.4
v 1.5 6.9 0
v 1.5 6.9 -0.1
v 1.5 6.9 -0.2
v 1.5 7 0
v 1.5 7 -0.2
v 1.5 7.1 -1
v 1.5 7.1 -1.1
v 1.5 7.2 -1
v 1.5 7.2 -1.1
v 1.5 7.3 0
v 1.5 7.3 -0.1
v 1.5 7.3 -1.2
v 1.5 7.3 -1.3
v 1.5 7.4 0.1
v 1.5 7.4 0
v 1.5 7.4 -0.1
v 1.5 7.4 -1.2
v 1.5 7.4 -1.3
v 1.5 7.6 0.1
v 1.5 7.6 0
v 1.5 7.7 0.1
v 1.5 7.7 0
v 1.6 6.2 0.1
v 1.6 6.2 0
v 1.6 6.3 0.1
v 1.6 6.3 0
v 1.6 6.3 -0.1
v 1.6 6.3 -1.1
v 1.6 6.3 -1.2
v 1.6 6.3 -1.3
v 1.6 6.4 0
v 1.6 6.4 -0.1
v 1.6 6.4 -0.4
v 1.6 6.4 -0.5
v 1.6 6.4 -1.1
v 1.6 6.4 -1.2
v 1.6 6.4 -1.3
v 1.6 6.5 -0.1
v 1.6 6.5 -0.3
v 1.6 6.5 -0.4
v 1.6 6.5 -0.5
v 1.6 6.5 -0.8
v 1.6 6.5 -1.1
v 1.6 6.6 -0.1
v 1.6 6.6 -0.3
v 1.6 6.6 -0.4
v 1.6 6.6 -0.5
v 1.6 6.6 -0.8
v 1.6 6.6 -1.1
v 1.6 6.6 -1.2
v 1.6 6.7 -0.1
v 1.6 6.7 -0.2
v 1.6 6.7 -0.3
v 1.6 6.7 -0.5
v 1.6 6.8 0
v 1.6 6.8 -0.1
v 1.6 6.9 0
v 1.6 6.9 -0.2
v 1.6 7 -1
v 1.6 7 -1.1
v 1.6 7.1 -1
v 1.6 7.1 -1.1
v 1.7 6.2 -0.5
v 1.7 6.2 -0.6
v 1.7 6.3 -0.5
v 1.7 6.3 -0.6
v 1.7 6.3 -0.9
v 1.7 6.3 -1
v 1.7 6.4 0
v 1.7 6.4 -0.1
v 1.7 6.4 -0.9
v 1.7 6.4 -1
v 1.7 6.5 0
v 1.7 6.5 -0.1
v 1.7 6.6 0
v 1.7 6.6 -0.1
v 1.7 6.6 -1.1
v 1.7 6.6 -1.2
v 1.7 6.7 0.1
v 1.7 6.7 0
v 1.7 6.7 -1.1
v 1.7 6.7 -1.2
v 1.7 6.8 0
v 1.7 6.8 -0.1
v 1.7 6.9 0.1
v 1.7 6.9 0
v 1.7 6.9 -1.1
v 1.7 6.9 -1.2
v 1.7 7 -1.1
v 1.7 7 -1.2
v 1.7 7.2 -1
v 1.7 7.2 -1.1
v 1.7 7.3 0
v 1.7 7.3 -0.1
v 1.7 7.3 -1
v 1.7 7.3 -1.1
v 1.7 7.3 -1.2
v 1.7 7.4 0
v 1.7 7.4 -0.1
v 1.7 7.4 -1.1
v 1.7 7.4 -1.2
v 1.8 6.3 -0.8
v 1.8 6.3 -0.9
v 1.8 6.4 -0.8
v 1.8 6.4 -0.9
v 1.8 6.4 -1.1
v 1.8 6.4 -1.2
v 1.8 6.5 -1.1
v 1.8 6.5 -1.2
v 1.8 6.8 -1.1
v 1.8 6.8 -1.2
v 1.8 6.9 -1.1
v 1.8 6.9 -1.2
v 1.8 7 -1.1
v 1.8 7 -1.2
v 1.8 7.1 0
v 1.8 7.1 -0.1
v 1.8 7.1 -0.2
v 1.8 7.2 -0.1
v 1.8 7.2 -0.2
v 1.8 7.3 0.1
v 1.8 7.3 0
v 1.8 7.3 -0.1
v 1.8 7.3 -1.1
v 1.8 7.3 -1.2
v 1.8 7.4 -1.1
v 1.8 7.4 -1.2
v 1.8 7.5 0.1
v 1.8 7.5 0
v 1.8 7.5 -1.1
v 1.8 7.5 -1.2
v 1.8 7.6 0.1
v 1.8 7.6 -0.1
v 1.8 7.7 0.1
v 1.8 7.7 -0.1
v 1.9 6.6 -0.4
v 1.9 6.6 -0.5
v 1.9 6.7 0.2
v 1.9 6.7 0.1
v 1.9 6.7 0
v 1.9 6.7 -0.3
v 1.9 6.7 -0.4
v 1.9 6.7 -0.5
v 1.9 6.7 -1.1
v 1.9 6.7 -1.2
v 1.9 6.7 -1.3
v 1.9 6.8 0.2
v 1.9 6.8 0.1
v 1.9 6.8 -0.3
v 1.9 6.8 -0.4
v 1.9 6.8 -1.1
v 1.9 6.8 -1.2
v 1.9 6.8 -1.3
v 1.9 6.9 0.1
v 1.9 6.9 0
v 1.9 6.9 -1.2
v 1.9 6.9 -1.3
v 1.9 7 0
v 1.9 7 -0.1
v 1.9 7 -1.2
v 1.9 7 -1.3
v 1.9 7.1 0
v 1.9 7.1 -0.1
v 1.9 7.2 0.1
v 1.9 7.2 0
v 1.9 7.3 0.1
v 1.9 7.3 0
v 1.9 7.5 -0.7
v 1.9 7.5 -0.8
v 1.9 7.6 -0.7
v 1.9 7.6 -0.8
v 2 6.2 -0.4
v 2 6.2 -0.5
v 2 6.2 -1
v 2 6.2 -1.1
v 2 6.2 -1.2
v 2 6.2 -1.3
v 2 6.3 -0.4
v 2 6.3 -0.5
v 2 6.3 -0.7
v 2 6.3 -0.9
v 2 6.3 -1
v 2 6.3 -1.1
v 2 6.3 -1.2
v 2 6.3 -1.3
v 2 6.4 -0.5
v 2 6.4 -0.7
v 2 6.4 -0.9
v 2 6.4 -1
v 2 6.5 0.1
v 2 6.5 0
v 2 6.5 -0.3
v 2 6.5 -0.4
v 2 6.5 -0.5
v 2 6.5 -0.7
v 2 6.5 -1
v 2 6.6 0
v 2 6.6 -0.2
v 2 6.6 -0.3
v 2 6.6 -0.4
v 2 6.6 -0.7
v 2 6.6 -1
v 2 6.6 -1.1
v 2 6.7 0.1
v 2 6.7 0
v 2 6.7 -0.2
v 2 6.7 -0.4
v 2.1 6.1 -0.4
v 2.1 6.1 -0.5
v 2.1 6.1 -0.7
v 2.1 6.1 -0.8
v 2.1 6.1 -1
v 2.1 6.1 -1.1
v 2.1 6.2 -0.4
v 2.1 6.2 -0.5
v 2.1 6.2 -0.8
v 2.1 6.2 -0.9
v 2.1 6.2 -1
v 2.1 6.2 -1.1
v 2.1 6.3 -0.4
v 2.1 6.3 -0.5
v 2.1 6.3 -0.7
v 2.1 6.3 -0.9
v 2.1 6.3 -1
v 2.1 6.3 -1.1
v 2.1 6.3 -1.2
v 2.1 6.4 -0.1
v 2.1 6.4 -0.2
v 2.1 6.4 -0.5
v 2.1 6.4 -0.7
v 2.1 6.4 -0.9
v 2.1 6.4 -1
v 2.1 6.5 -0.1
v 2.1 6.5 -0.2
v 2.1 6.5 -0.3
v 2.1 6.5 -0.4
v 2.1 6.5 -0.5
v 2.1 6.6 -0.3
v 2.1 6.6 -0.4
v 2.1 6.6 -1.1
v 2.1 6.6 -1.2
v 2.1 7.1 0.1
v 2.1 7.1 0
v 2.1 7.2 0.1
v 2.1 7.2 0
v 2.2 6.2 -0.6
v 2.2 6.2 -0.7
v 2.2 6.3 -0.1
v 2.2 6.3 -0.2
v 2.2 6.3 -0.6
v 2.2 6.3 -0.7
v 2.2 6.4 -0.1
v 2.2 6.4 -0.2
v 2.2 6.7 0
v 2.2 6.7 -0.1
v 2.2 6.8 0
v 2.2 6.8 -0.1
v 2.2 6.8 -0.2
v 2.2 7 -0.1
v 2.2 7 -0.2
v 2.3 6.3 -0.3
v 2.3 6.3 -0.4
v 2.3 6.4 0
v 2.3 6.4 -0.1
v 2.3 6.4 -0.2
v 2.3 6.4 -0.3
v 2.3 6.4 -0.4
v 2.3 6.4 -1.1
v 2.3 6.4 -1.2
v 2.3 6.5 0
v 2.3 6.5 -0.1
v 2.3 6.5 -0.2
v 2.3 6.5 -0.3
v 2.3 6.8 0
v 2.3 6.8 -0.1
v 2.3 6.9 -0.6
v 2.3 6.9 -0.7
v 2.3 7 0.1
v 2.3 7 0
v 2.3 7 -0.6
v 2.3 7 -0.7
v 2.3 7 -1.1
v 2.3 7 -1.2
v 2.3 7.1 0.1
v 2.3 7.1 0
v 2.3 7.1 -0.1
v 2.4 5.8 -0.1
v 2.4 5.8 -0.2
v 2.4 5.9 -0.1
v 2.4 5.9 -0.2
v 2.4 5.9 -1.2
v 2.4 5.9 -1.3
v 2.4 6 -1.2
v 2.4 6 -1.3
v 2.4 6.3 -0.2
v 2.4 6.3 -0.3
v 2.4 6.3 -0.6
v 2.4 6.3 -0.7
v 2.4 6.3 -1
v 2.4 6.3 -1.1
v 2.4 6.4 -0.2
v 2.4 6.4 -0.3
v 2.4 6.4 -0.4
v 2.4 6.4 -0.6
v 2.4 6.4 -0.7
v 2.4 6.4 -0.9
v 2.4 6.4 -1
v 2.4 6.4 -1.1
v 2.4 6.5 -0.3
v 2.4 6.5 -0.6
v 2.4 6.5 -0.9
v 2.4 6.5 -1
v 2.4 6.6 0
v 2.4 6.6 -0.1
v 2.4 6.7 0
v 2.4 6.7 -0.1
v 2.4 7 -0.4
v 2.4 7 -0.7
v 2.4 7 -0.8
v 2.4 7 -0.9
v 2.4 7.1 -0.4
v 2.4 7.1 -0.7
v 2.4 7.1 -0.8
v 2.4 7.1 -0.9
v 2.5 5.7 -0.1
v 2.5 5.7 -0.2
v 2.5 5.8 -0.1
v 2.5 5.8 -0.2
v 2.5 5.8 -1.1
v 2.5 5.8 -1.2
v 2.5 5.8 -1.3
v 2.5 5.9 -0.9
v 2.5 5.9 -1
v 2.5 5.9 -1.2
v 2.5 5.9 -1.3
v 2.5 6 -0.9
v 2.5 6 -1
v 2.5 6 -1.1
v 2.5 6 -1.2
v 2.5 6.1 -0.6
v 2.5 6.1 -0.7
v 2.5 6.1 -1
v 2.5 6.1 -1.1
v 2.5 6.1 -1.2
v 2.5 6.2 -0.2
v 2.5 6.2 -0.4
v 2.5 6.2 -0.5
v 2.5 6.2 -0.6
v 2.5 6.2 -0.7
v 2.5 6.2 -1.1
v 2.5 6.2 -1.2
v 2.5 6.3 -0.1
v 2.5 6.3 -0.2
v 2.5 6.3 -0.3
v 2.5 6.3 -0.4
v 2.5 6.3 -0.5
v 2.5 6.3 -0.6
v 2.5 6.3 -0.7
v 2.5 6.3 -1
v 2.5 6.3 -1.1
v 2.5 6.4 0
v 2.5 6.4 -0.1
v 2.5 6.4 -0.2
v 2.5 6.4 -0.3
v 2.5 6.4 -0.6
v 2.5 6.4 -0.8
v 2.5 6.4 -1
v 2.5 6.5 0
v 2.5 6.5 -0.1
v 2.5 6.5 -0.7
v 2.5 6.5 -0.8
v 2.6 5.9 -0.6
v 2.6 5.9 -0.7
v 2.6 5.9 -1.2
v 2.6 5.9 -1.3
v 2.6 6 -0.5
v 2.6 6 -0.6
v 2.6 6 -1
v 2.6 6 -1.1
v 2.6 6 -1.2
v 2.6 6 -1.3
v 2.6 6.1 -0.1
v 2.6 6.1 -0.2
v 2.6 6.1 -0.3
v 2.6 6.1 -0.4
v 2.6 6.1 -0.6
v 2.6 6.1 -0.7
v 2.6 6.1 -0.8
v 2.6 6.1 -0.9
v 2.6 6.1 -1
v 2.6 6.1 -1.1
v 2.6 6.1 -1.2
v 2.6 6.2 -0.2
v 2.6 6.2 -0.3
v 2.6 6.2 -0.4
v 2.6 6.2 -0.5
v 2.6 6.2 -0.6
v 2.6 6.2 -0.7
v 2.6 6.2 -0.8
v 2.6 6.2 -0.9
v 2.6 6.2 -1.1
v 2.6 6.2 -1.2
v 2.6 6.3 0
v 2.6 6.3 -0.1
v 2.6 6.3 -0.2
v 2.6 6.3 -0.4
v 2.6 6.3 -0.5
v 2.6 6.3 -0.6
v 2.6 6.3 -1
v 2.6 6.4 0
v 2.6 6.4 -0.1
v 2.6 6.4 -1.1
v 2.6 6.4 -1.2
v 2.6 7 -0.7
v 2.6 7 -0.8
v 2.6 7.1 -0.7
v 2.6 7.1 -0.8
v 2.7 5.8 -0.6
v 2.7 5.8 -0.7
v 2.7 5.9 -0.6
v 2.7 5.9 -0.7
v 2.7 5.9 -1
v 2.7 5.9 -1.1
v 2.7 6 -0.9
v 2.7 6 -1
v 2.7 6 -1.1
v 2.7 6.1 0
v 2.7 6.1 -0.1
v 2.7 6.1 -0.2
v 2.7 6.1 -0.3
v 2.7 6.1 -0.8
v 2.7 6.1 -0.9
v 2.7 6.1 -1
v 2.7 6.2 -0.8
v 2.7 6.2 -0.9
v 2.7 6.3 0
v 2.7 6.3 -0.1
v 2.7 6.3 -0.2
v 2.7 6.3 -0.3
v 2.7 6.4 0
v 2.7 6.4 -0.1
v 2.7 6.5 -1.1
v 2.7 6.5 -1.2
v 2.7 6.6 0
v 2.7 6.6 -0.1
v 2.7 6.6 -1.1
v 2.7 6.6 -1.2
v 2.8 5.6 -0.1
v 2.8 5.6 -0.2
v 2.8 5.6 -1.1
v 2.8 5.6 -1.2
v 2.8 5.7 -0.1
v 2.8 5.7 -0.2
v 2.8 5.7 -1
v 2.8 5.7 -1.1
v 2.8 5.7 -1.2
v 2.8 5.7 -1.3
v 2.8 5.8 -0.3
v 2.8 5.8 -0.4
v 2.8 5.8 -1.1
v 2.8 5.8 -1.2
v 2.8 5.9 0
v 2.8 5.9 -0.1
v 2.8 5.9 -0.3
v 2.8 5.9 -0.4
v 2.8 5.9 -0.5
v 2.8 5.9 -0.6
v 2.8 5.9 -1
v 2.8 5.9 -1.1
v 2.8 5.9 -1.2
v 2.8 5.9 -1.3
v 2.8 6 -0.1
v 2.8 6 -0.3
v 2.8 6 -0.5
v 2.8 6 -0.6
v 2.8 6.1 0.1
v 2.8 6.1 0
v 2.8 6.1 -0.1
v 2.8 6.1 -0.2
v 2.8 6.1 -0.3
v 2.8 6.1 -0.4
v 2.8 6.1 -1.1
v 2.8 6.1 -1.2
v 2.8 6.2 0.1
v 2.8 6.2 0
v 2.8 6.2 -0.1
v 2.8 6.2 -0.2
v 2.8 6.2 -0.3
v 2.8 6.2 -0.4
v 2.8 6.4 -1.2
v 2.8 6.4 -1.3
v 2.8 6.5 -1.1
v 2.8 6.5 -1.2
v 2.8 6.5 -1.3
v 2.9 5.6 -0.6
v 2.9 5.6 -0.7
v 2.9 5.6 -1.2
v 2.9 5.6 -1.3
v 2.9 5.7 0.1
v 2.9 5.7 -0.1
v 2.9 5.7 -0.2
v 2.9 5.7 -0.6
v 2.9 5.7 -0.7
v 2.9 5.7 -1.2
v 2.9 5.7 -1.3
v 2.9 5.8 0.1
v 2.9 5.8 -0.1
v 2.9 5.8 -0.2
v 2.9 5.8 -0.3
v 2.9 5.8 -0.5
v 2.9 5.8 -0.6
v 2.9 5.9 -0.1
v 2.9 5.9 -0.3
v 2.9 5.9 -0.4
v 2.9 5.9 -0.5
v 2.9 5.9 -0.6
v 2.9 6 -0.1
v 2.9 6 -0.3
v 2.9 6 -0.6
v 2.9 6 -0.7
v 2.9 6 -0.9
v 2.9 6 -1
v 2.9 6 -1.1
v 2.9 6 -1.2
v 2.9 6.1 -0.3
v 2.9 6.1 -0.4
v 2.9 6.1 -0.5
v 2.9 6.1 -0.6
v 2.9 6.1 -0.7
v 2.9 6.1 -0.8
v 2.9 6.1 -0.9
v 2.9 6.1 -1
v 2.9 6.1 -1.1
v 2.9 6.1 -1.2
v 2.9 6.2 -0.4
v 2.9 6.2 -0.5
v 2.9 6.2 -0.7
v 2.9 6.2 -0.8
v 3 5.6 0.1
v 3 5.6 0
v 3 5.6 -1
v 3 5.6 -1.1
v 3 5.7 0.1
v 3 5.7 0
v 3 5.7 -1
v 3 5.7 -1.1
v 3 5.8 -0.9
v 3 5.8 -1
v 3 5.9 0
v 3 5.9 -0.1
v 3 5.9 -0.4
v 3 5.9 -0.5
v 3 5.9 -0.6
v 3 5.9 -0.7
v 3 5.9 -0.8
v 3 5.9 -0.9
v 3 5.9 -1.2
v 3 5.9 -1.3
v 3 6 0.1
v 3 6 0
v 3 6 -0.1
v 3 6 -0.6
v 3 6 -0.7
v 3 6 -0.8
v 3 6 -0.9
v 3 6 -1
v 3 6 -1.2
v 3 6 -1.3
v 3 6.1 0.1
v 3 6.1 0
v 3 6.1 -0.4
v 3 6.1 -0.5
v 3 6.1 -0.7
v 3 6.1 -0.9
v 3 6.1 -1.1
v 3 6.1 -1.2
v 3 6.2 -1.1
v 3 6.2 -1.2
v 3.1 5.6 0
v 3.1 5.6 -0.1
v 3.1 5.6 -1.1
v 3.1 5.6 -1.2
v 3.1 5.7 0
v 3.1 5.7 -0.1
v 3.1 5.7 -0.9
v 3.1 5.7 -1
v 3.1 5.7 -1.1
v 3.1 5.7 -1.2
v 3.1 5.8 -0.7
v 3.1 5.8 -0.9
v 3.1 5.8 -1
v 3.1 5.9 -0.7
v 3.1 5.9 -0.8
v 3.1 5.9 -0.9
v 3.1 6 -0.7
v 3.1 6 -0.8
v 3.1 6.2 -1.1
v 3.1 6.2 -1.2
v 3.1 6.4 -1.1
v 3.1 6.4 -1.2
v 3.2 5.6 -0.9
v 3.2 5.6 -1
v 3.2 5.6 -1.2
v 3.2 5.6 -1.3
v 3.2 5.7 -0.7
v 3.2 5.7 -0.9
v 3.2 5.7 -1
v 3.2 5.7 -1.2
v 3.2 5.7 -1.3
v 3.2 5.8 -0.1
v 3.2 5.8 -0.2
v 3.2 5.8 -0.4
v 3.2 5.8 -0.5
v 3.2 5.8 -0.6
v 3.2 5.8 -0.7
v 3.2 5.8 -0.9
v 3.2 5.9 0.1
v 3.2 5.9 0
v 3.2 5.9 -0.1
v 3.2 5.9 -0.2
v 3.2 5.9 -0.4
v 3.2 5.9 -0.5
v 3.2 5.9 -0.6
v 3.2 5.9 -0.7
v 3.2 6 0.1
v 3.2 6 0
v 3.2 6.1 -1.2
v 3.2 6.1 -1.3
v 3.2 6.3 -1.2
v 3.2 6.3 -1.3
v 3.3 6.4 -0.3
v 3.3 6.4 -0.4
v 3.3 6.5 -0.2
v 3.3 6.5 -0.3
v 3.3 6.5 -0.4
v 3.3 6.6 -0.2
v 3.3 6.6 -0.3
v 3.4 5.7 0
v 3.4 5.7 -0.1
v 3.4 5.8 0
v 3.4 5.8 -0.1
v 3.4 5.8 -0.5
v 3.4 5.8 -0.6
v 3.4 5.8 -1.1
v 3.4 5.8 -1.2
v 3.4 5.9 -0.3
v 3.4 5.9 -0.4
v 3.4 5.9 -0.5
v 3.4 5.9 -0.6
v 3.4 5.9 -1.1
v 3.4 5.9 -1.2
v 3.4 6 -0.3
v 3.4 6 -0.4
v 3.4 6.1 -1.1
v 3.4 6.1 -1.2
v 3.4 6.2 -1.1
v 3.4 6.2 -1.2
v 3.5 5.7 -0.3
v 3.5 5.7 -0.4
v 3.5 5.8 -0.1
v 3.5 5.8 -0.3
v 3.5 5.8 -0.4
v 3.5 5.8 -0.5
v 3.5 5.9 -0.1
v 3.5 5.9 -0.2
v 3.5 5.9 -0.5
v 3.5 6 -0.2
v 3.5 6 -0.3
v 3.5 6.1 -0.2
v 3.5 6.1 -0.3
v 3.6 5.8 -0.7
v 3.6 5.8 -0.8
v 3.6 5.9 -0.1
v 3.6 5.9 -0.2
v 3.6 5.9 -0.7
v 3.6 5.9 -0.8
v 3.6 6 0
v 3.6 6 -0.1
v 3.6 6 -0.2
v 3.6 6.1 0
v 3.6 6.1 -0.1
v 3.6 6.1 -0.3
v 3.6 6.1 -0.4
v 3.6 6.2 -0.3
v 3.6 6.2 -0.4
v 3.7 5.7 -0.2
v 3.7 5.7 -0.3
v 3.7 5.8 -0.2
v 3.7 5.8 -0.3
v 3.7 6.1 -0.2
v 3.7 6.1 -0.3
v 3.7 6.2 -0.3
v 3.7 6.3 -0.2
v 3.7 6.3 -0.3
v 3.8 5.7 -0.7
v 3.8 5.7 -0.8
v 3.8 5.8 -0.7
v 3.8 5.8 -0.8
v 3.8 6.1 -0.4
v 3.8 6.1 -0.5
v 3.8 6.2 -0.4
v 3.8 6.2 -0.5
v 3.9 5.7 -0.1
v 3.9 5.7 -0.2
v 3.9 5.8 -0.1
v 3.9 5.8 -0.2
v -2.7 3.9 0.2
v -2.7 3.9 0.1
v -2.7 3.9 -1.2
v -2.7 3.9 -1.3
v -2.7 4 0.2
v -2.7 4 0.1
v -2.7 4 -1.2
v -2.7 4 -1.3
v -2.7 5.1 0.2
v -2.7 5.1 0.1
v -2.7 5.2 0.2
v -2.7 5.2 0.1
v -2.6 4 -0.5
v -2.6 4 -0.6
v -2.6 4.1 -0.5
v -2.6 4.1 -0.6
v -2.5 5.9 0.2
v -2.5 5.9 -0.2
v -2.5 5.9 -0.9
v -2.5 5.9 -1.3
v -2.5 6 0.2
v -2.5 6 -0.2
v -2.5 6 -0.9
v -2.5 6 -1.3
v -2.3 4.4 0.2
v -2.3 4.4 0.1
v -2.3 4.4 -1.2
v -2.3 4.4 -1.3
v -2.3 4.5 0.2
v -2.3 4.5 0.1
v -2.3 4.5 -1.2
v -2.3 4.5 -1.3
v -2.3 5.1 -1.2
v -2.3 5.1 -1.3
v -2.3 5.2 -1.2
v -2.3 5.2 -1.3
v -2.3 5.8 0.2
v -2.3 5.8 0.1
v -2.3 5.8 -1.2
v -2.3 5.8 -1.3
v -2.3 5.9 0.2
v -2.3 5.9 0.1
v -2.3 5.9 -1.2
v -2.3 5.9 -1.3
v -2.1 5.7 0.2
v -2.1 5.7 0.1
v -2.1 5.7 -1.2
v -2.1 5.7 -1.3
v -2.1 5.8 0.2
v -2.1 5.8 0.1
v -2.1 5.8 -1.2
v -2.1 5.8 -1.3
v -2.1 6.4 0.2
v -2.1 6.4 0.1
v -2.1 6.4 -1.2
v -2.1 6.4 -1.3
v -2.1 6.5 0.2
v -2.1 6.5 0.1
v -2.1 6.5 -1.2
v -2.1 6.5 -1.3
v -2 6.3 0.2
v -2 6.3 0.1
v -2 6.3 -1.2
v -2 6.3 -1.3
v -2 6.4 0.2
v -2 6.4 0.1
v -2 6.4 -1.2
v -2 6.4 -1.3
v -1.9 4.6 0.2
v -1.9 4.6 0.1
v -1.9 4.6 -1.2
v -1.9 4.6 -1.3
v -1.9 4.7 0.2
v -1.9 4.7 0.1
v -1.9 4.7 -1.2
v -1.9 4.7 -1.3
v -1.9 5.6 0.2
v -1.9 5.6 0.1
v -1.9 5.6 -1.2
v -1.9 5.6 -1.3
v -1.9 5.7 0.2
v -1.9 5.7 0.1
v -1.9 5.7 -1.2
v -1.9 5.7 -1.3
v -1.9 6.2 0.2
v -1.9 6.2 0.1
v -1.9 6.2 -1.2
v -1.9 6.2 -1.3
v -1.9 6.3 0.2
v -1.9 6.3 0.1
v -1.9 6.3 -1.2
v -1.9 6.3 -1.3
v -1.8 4 0.2
v -1.8 4 0.1
v -1.8 4 -1.2
v -1.8 4 -1.3
v -1.8 4.1 0.2
v -1.8 4.1 0.1
v -1.8 4.1 -1.2
v -1.8 4.1 -1.3
v -1.8 5.4 0.2
v -1.8 5.4 0.1
v -1.8 5.5 -1.2
v -1.8 5.5 -1.3
v -1.8 5.6 0.2
v -1.8 5.6 0.1
v -1.8 5.6 -1.2
v -1.8 5.6 -1.3
v -1.8 6.1 0.2
v -1.8 6.1 0.1
v -1.8 6.1 -1.2
v -1.8 6.1 -1.3
v -1.8 6.2 0.2
v -1.8 6.2 0.1
v -1.8 6.2 -1.2
v -1.8 6.2 -1.3
v -1.7 5 0.2
v -1.7 5 0.1
v -1.7 5 -1.2
v -1.7 5 -1.3
v -1.7 5.1 0.2
v -1.7 5.1 0.1
v -1.7 5.1 -1.2
v -1.7 5.1 -1.3
v -1.7 6 0.2
v -1.7 6 0.1
v -1.7 6 -1.2
v -1.7 6 -1.3
v -1.7 6.1 0.2
v -1.7 6.1 0.1
v -1.7 6.1 -1.2
v -1.7 6.1 -1.3
v -1.6 5.9 0.2
v -1.6 5.9 0.1
v -1.6 5.9 -1.2
v -1.6 5.9 -1.3
v -1.6 6 0.2
v -1.6 6 0.1
v -1.6 6 -1.2
v -1.6 6 -1.3
v -1.6 6.8 0.2
v -1.6 6.8 -1.3
v -1.6 6.9 0.2
v -1.6 6.9 -1.3
v -1.5 5.4 -1.2
v -1.5 5.4 -1.3
v -1.5 5.5 -1.2
v -1.5 5.5 -1.3
v -1.5 5.8 0.2
v -1.5 5.8 0.1
v -1.5 5.8 -1.2
v -1.5 5.8 -1.3
v -1.5 5.9 0.2
v -1.5 5.9 0.1
v -1.5 5.9 -1.2
v -1.5 5.9 -1.3
v -1.5 6.7 0.2
v -1.5 6.7 0.1
v -1.5 6.7 -1.2
v -1.5 6.7 -1.3
v -1.5 6.8 0.2
v -1.5 6.8 0.1
v -1.5 6.8 -1.2
v -1.5 6.8 -1.3
v -1.4 6.5 0.2
v -1.4 6.5 0.1
v -1.4 6.5 -1.2
v -1.4 6.5 -1.3
v -1.4 6.7 0.2
v -1.4 6.7 0.1
v -1.4 6.7 -1.2
v -1.4 6.7 -1.3
v -1.3 3.7 0.1
v -1.3 3.7 -1.2
v -1.3 4.1 0.1
v -1.3 4.1 -0.1
v -1.3 4.1 -1
v -1.3 4.1 -1.2
v -1.3 4.4 0.1
v -1.3 4.4 -0.3
v -1.3 4.4 -0.8
v -1.3 4.4 -1.2
v -1.3 4.7 0.1
v -1.3 4.7 -0.1
v -1.3 4.7 -1
v -1.3 4.7 -1.2
v -1.3 5.3 0.2
v -1.3 5.3 0.1
v -1.3 5.3 -1.2
v -1.3 5.3 -1.3
v -1.3 5.4 0.2
v -1.3 5.4 0.1
v -1.3 5.4 -1.2
v -1.3 5.4 -1.3
v -1.3 5.7 0.2
v -1.3 5.7 0.1
v -1.3 5.7 -1.2
v -1.3 5.7 -1.3
v -1.3 5.8 0.2
v -1.3 5.8 0.1
v -1.3 5.8 -1.2
v -1.3 5.8 -1.3
v -1.3 6.4 0.2
v -1.3 6.4 0.1
v -1.3 6.4 -1.2
v -1.3 6.4 -1.3
v -1.3 6.5 0.2
v -1.3 6.5 0.1
v -1.3 6.5 -1.2
v -1.3 6.5 -1.3
v -1.2 4.1 0.2
v -1.2 4.1 -0.1
v -1.2 4.1 -1
v -1.2 4.1 -1.3
v -1.2 4.3 -0.1
v -1.2 4.3 -0.3
v -1.2 4.3 -0.8
v -1.2 4.3 -1
v -1.2 4.4 0.2
v -1.2 4.4 -0.3
v -1.2 4.4 -0.8
v -1.2 4.4 -1.3
v -1.2 4.7 0.2
v -1.2 4.7 -0.1
v -1.2 4.7 -1
v -1.2 4.7 -1.3
v -1.2 4.8 0.2
v -1.2 4.8 -0.1
v -1.2 4.8 -0.2
v -1.2 4.8 -0.9
v -1.2 4.8 -1
v -1.2 4.8 -1.3
v -1.2 5 0.1
v -1.2 5 0
v -1.2 5 -1.1
v -1.2 5 -1.2
v -1.2 5.1 0.1
v -1.2 5.1 -1.2
v -1.2 5.6 0.2
v -1.2 5.6 0.1
v -1.2 5.6 -1.2
v -1.2 5.6 -1.3
v -1.2 5.7 0.2
v -1.2 5.7 0.1
v -1.2 5.7 -1.2
v -1.2 5.7 -1.3
v -1.2 6.3 0.2
v -1.2 6.3 0.1
v -1.2 6.3 -1.2
v -1.2 6.3 -1.3
v -1.2 6.4 0.2
v -1.2 6.4 0.1
v -1.2 6.4 -1.2
v -1.2 6.4 -1.3
v -1.1 4.8 0.2
v -1.1 4.8 -0.2
v -1.1 4.8 -0.9
v -1.1 4.8 -1.3
v -1.1 4.9 0
v -1.1 4.9 -0.2
v -1.1 4.9 -0.9
v -1.1 4.9 -1.1
v -1.1 5 0.2
v -1.1 5 0
v -1.1 5 -1.1
v -1.1 5 -1.3
v -1.1 5.2 0.2
v -1.1 5.2 0.1
v -1.1 5.2 -0.2
v -1.1 5.2 -0.9
v -1.1 5.2 -1.2
v -1.1 5.2 -1.3
v -1.1 5.3 0.2
v -1.1 5.3 0.1
v -1.1 5.3 -0.2
v -1.1 5.3 -0.9
v -1.1 5.3 -1.2
v -1.1 5.3 -1.3
v -1.1 6.1 0.2
v -1.1 6.1 0.1
v -1.1 6.1 -1.2
v -1.1 6.1 -1.3
v -1.1 6.3 0.2
v -1.1 6.3 0.1
v -1.1 6.3 -1.2
v -1.1 6.3 -1.3
v -1.1 7.2 0.2
v -1.1 7.2 0.1
v -1.1 7.2 -1.2
v -1.1 7.2 -1.3
v -1.1 7.3 0.2
v -1.1 7.3 0.1
v -1.1 7.3 -1.2
v -1.1 7.3 -1.3
v -1 5.1 0.2
v -1 5.1 -0.2
v -1 5.1 -0.9
v -1 5.1 -1.3
v -1 5.2 0.2
v -1 5.2 -0.2
v -1 5.2 -0.9
v -1 5.2 -1.3
v -1 5.5 0.1
v -1 5.5 -0.1
v -1 5.5 -1
v -1 5.5 -1.2
v -1 5.5 -1.3
v -1 5.6 0.1
v -1 5.6 -1.2
v -1 5.6 -1.3
v -1 7 0.2
v -1 7 0.1
v -1 7 -1.2
v -1 7 -1.3
v -1 7.2 0.2
v -1 7.2 0.1
v -1 7.2 -1.2
v -1 7.2 -1.3
v -0.9 5.3 0.2
v -0.9 5.3 -0.1
v -0.9 5.3 -1
v -0.9 5.3 -1.3
v -0.9 5.5 0.2
v -0.9 5.5 0.1
v -0.9 5.5 -0.1
v -0.9 5.5 -1
v -0.9 5.5 -1.2
v -0.9 5.5 -1.3
v -0.9 6 0.2
v -0.9 6 0.1
v -0.9 6 -1.2
v -0.9 6 -1.3
v -0.9 6.1 0.2
v -0.9 6.1 0.1
v -0.9 6.1 -1.2
v -0.9 6.1 -1.3
v -0.9 6.8 0.2
v -0.9 6.8 0.1
v -0.9 6.8 -1.2
v -0.9 6.8 -1.3
v -0.9 7 0.2
v -0.9 7 0.1
v -0.9 7 -1.2
v -0.9 7 -1.3
v -0.8 5.7 0.2
v -0.8 5.7 0.1
v -0.8 5.8 0.1
v -0.8 5.8 -1.2
v -0.8 5.8 -1.3
v -0.8 6 0.2
v -0.8 6 0.1
v -0.8 6 -1.2
v -0.8 6 -1.3
v -0.8 6.6 0.2
v -0.8 6.6 0.1
v -0.8 6.6 -1.2
v -0.8 6.6 -1.3
v -0.8 6.8 0.2
v -0.8 6.8 0.1
v -0.8 6.8 -1.2
v -0.8 6.8 -1.3
v -0.7 5.5 0.2
v -0.7 5.5 -0.2
v -0.7 5.5 -0.9
v -0.7 5.5 -1.3
v -0.7 5.6 0.2
v -0.7 5.6 0.1
v -0.7 5.6 -0.2
v -0.7 5.6 -0.9
v -0.7 5.6 -1.3
v -0.7 5.7 0.1
v -0.7 5.7 -0.2
v -0.7 5.7 -0.9
v -0.7 5.7 -1.2
v -0.7 5.7 -1.3
v -0.7 5.8 0.1
v -0.7 5.8 -1.2
v -0.7 5.8 -1.3
v -0.7 6.4 0.2
v -0.7 6.4 0.1
v -0.7 6.4 -1.2
v -0.7 6.4 -1.3
v -0.7 6.6 0.2
v -0.7 6.6 0.1
v -0.7 6.6 -1.2
v -0.7 6.6 -1.3
v -0.6 5.6 0.1
v -0.6 5.6 -0.2
v -0.6 5.6 -0.9
v -0.6 5.6 -1.3
v -0.6 5.7 0.1
v -0.6 5.7 -0.1
v -0.6 5.7 -0.2
v -0.6 5.7 -0.9
v -0.6 5.7 -1
v -0.6 5.7 -1.3
v -0.6 6.2 0.2
v -0.6 6.2 0.1
v -0.6 6.2 -1.2
v -0.6 6.2 -1.3
v -0.6 6.4 0.2
v -0.6 6.4 0.1
v -0.6 6.4 -1.2
v -0.6 6.4 -1.3
v -0.5 5.7 -0.1
v -0.5 5.7 -1
v -0.5 5.7 -1.3
v -0.5 5.8 0.2
v -0.5 5.8 0.1
v -0.5 5.8 0
v -0.5 5.8 -0.1
v -0.5 5.8 -1
v -0.5 5.8 -1.1
v -0.5 5.8 -1.3
v -0.5 5.9 0.2
v -0.5 5.9 0.1
v -0.5 5.9 0
v -0.5 6 0.2
v -0.5 6 0.1
v -0.5 6 -1.2
v -0.5 6 -1.3
v -0.5 6.1 0.2
v -0.5 6.1 0.1
v -0.5 6.1 -1.2
v -0.5 6.1 -1.3
v -0.5 6.2 0.2
v -0.5 6.2 0.1
v -0.5 6.2 -1.2
v -0.5 6.2 -1.3
v -0.4 5.8 0
v -0.4 5.8 -1.1
v -0.4 5.8 -1.3
v -0.4 5.9 0.2
v -0.4 5.9 0.1
v -0.4 5.9 0
v -0.4 5.9 -1.1
v -0.4 5.9 -1.2
v -0.4 6 0.2
v -0.4 6 0.1
v -0.4 6 -1.2
v -0.4 6 -1.3
v -0.4 7.1 0.2
v -0.4 7.1 0.1
v -0.4 7.1 -1.2
v -0.4 7.1 -1.3
v -0.4 7.4 0.1
v -0.4 7.4 -1.2
v -0.4 7.6 0.2
v -0.4 7.6 -1.3
v -0.3 6.9 0.2
v -0.3 6.9 0.1
v -0.3 6.9 -1.2
v -0.3 6.9 -1.3
v -0.3 7.1 0.2
v -0.3 7.1 0.1
v -0.3 7.1 -1.2
v -0.3 7.1 -1.3
v -0.2 6 -0.8
v -0.2 6 -0.9
v -0.2 6.1 -0.8
v -0.2 6.1 -0.9
v -0.2 6.6 0.2
v -0.2 6.6 0.1
v -0.2 6.6 -1.2
v -0.2 6.6 -1.3
v -0.2 6.9 0.2
v -0.2 6.9 0.1
v -0.2 6.9 -1.2
v -0.2 6.9 -1.3
v -0.2 7.5 0.2
v -0.2 7.5 0.1
v -0.2 7.6 0.2
v -0.2 7.6 0.1
v -0.0999999 6 0.2
v -0.0999999 6 -0.1
v -0.0999999 6 -0.8
v -0.0999999 6 -0.9
v -0.0999999 6 -1
v -0.0999999 6 -1.3
v -0.0999999 6.1 0.2
v -0.0999999 6.1 -0.1
v -0.0999999 6.1 -0.6
v -0.0999999 6.1 -0.8
v -0.0999999 6.1 -0.9
v -0.0999999 6.1 -1
v -0.0999999 6.1 -1.3
v -0.0999999 6.2 -0.7
v -0.0999999 6.2 -0.9
v -0.0999999 6.3 0.2
v -0.0999999 6.3 0.1
v -0.0999999 6.3 -0.6
v -0.0999999 6.3 -0.7
v -0.0999999 6.3 -1.2
v -0.0999999 6.3 -1.3
v -0.0999999 6.6 0.2
v -0.0999999 6.6 0.1
v -0.0999999 6.6 -1.2
v -0.0999999 6.6 -1.3
v -0.0999999 7.3 0.2
v -0.0999999 7.3 0.1
v -0.0999999 7.5 0.2
v -0.0999999 7.5 0.1
v 0 6.1 0.2
v 0 6.1 -0.1
v 0 6.1 -0.6
v 0 6.1 -0.9
v 0 6.1 -1
v 0 6.1 -1.3
v 0 6.2 0.1
v 0 6.2 -0.1
v 0 6.2 -0.7
v 0 6.2 -0.9
v 0 6.2 -1
v 0 6.2 -1.2
v 0 6.3 0.2
v 0 6.3 0.1
v 0 6.3 -0.6
v 0 6.3 -0.7
v 0 6.3 -1.2
v 0 6.3 -1.3
v 0 6.4 -0.6
v 0 6.4 -0.7
v 0 6.8 0.2
v 0 6.8 0.1
v 0 7 0.2
v 0 7 0.1
v 0 7.2 0.2
v 0 7.2 0.1
v 0 7.3 0.2
v 0 7.3 0.1
v 0 7.5 0.2
v 0 7.5 0.1
v 0 7.6 0.2
v 0 7.6 0.1
v 0 7.6 -1.2
v 0 7.6 -1.3
v 0 7.7 -1.2
v 0 7.7 -1.3
v 0.1 7 0.2
v 0.1 7 0.1
v 0.1 7.2 0.2
v 0.1 7.2 0.1
v 0.1 7.4 -1.2
v 0.1 7.4 -1.3
v 0.1 7.5 -1.2
v 0.1 7.6 -1.2
v 0.1 7.6 -1.3
v 0.2 6.6 0.2
v 0.2 6.6 0.1
v 0.2 6.8 0.2
v 0.2 6.8 0.1
v 0.2 6.9 0.2
v 0.2 6.9 0.1
v 0.2 7 0.2
v 0.2 7 0.1
v 0.2 7 0
v 0.2 7 -1.2
v 0.2 7 -1.3
v 0.2 7.1 0.1
v 0.2 7.1 0
v 0.2 7.3 0.1
v 0.2 7.3 0
v 0.2 7.4 -1.2
v 0.2 7.4 -1.3
v 0.2 7.5 0.1
v 0.2 7.5 0
v 0.2 7.6 0.2
v 0.2 7.6 0.1
v 0.2 7.6 -0.3
v 0.2 7.6 -0.8
v 0.2 7.6 -1.2
v 0.2 7.7 0.2
v 0.2 7.7 -0.3
v 0.2 7.7 -0.8
v 0.2 7.7 -1.2
v 0.3 6.2 0.2
v 0.3 6.2 0.1
v 0.3 6.2 -0.5
v 0.3 6.2 -0.6
v 0.3 6.3 0.1
v 0.3 6.3 0
v 0.3 6.3 -0.5
v 0.3 6.3 -0.6
v 0.3 6.4 0.2
v 0.3 6.4 0.1
v 0.3 6.4 0
v 0.3 6.4 -0.5
v 0.3 6.4 -0.6
v 0.3 6.5 0.1
v 0.3 6.5 0
v 0.3 6.6 0.2
v 0.3 6.6 0.1
v 0.3 6.6 -1.2
v 0.3 6.6 -1.3
v 0.3 6.8 0
v 0.3 6.8 -0.1
v 0.3 6.9 0
v 0.3 6.9 -0.1
v 0.3 6.9 -1.2
v 0.3 6.9 -1.3
v 0.3 7 0.1
v 0.3 7 0
v 0.3 7 -1.2
v 0.3 7 -1.3
v 0.4 6.2 0.1
v 0.4 6.2 0
v 0.4 6.2 -0.5
v 0.4 6.2 -0.6
v 0.4 6.2 -1.1
v 0.4 6.2 -1.3
v 0.4 6.3 0.1
v 0.4 6.3 0
v 0.4 6.3 -1.1
v 0.4 6.3 -1.2
v 0.4 6.4 0.1
v 0.4 6.4 0
v 0.4 6.4 -0.4
v 0.4 6.4 -0.5
v 0.4 6.4 -0.6
v 0.4 6.4 -1
v 0.4 6.4 -1.1
v 0.4 6.4 -1.2
v 0.4 6.4 -1.3
v 0.4 6.5 0.1
v 0.4 6.5 0
v 0.4 6.5 -0.4
v 0.4 6.5 -0.5
v 0.4 6.5 -1
v 0.4 6.5 -1.1
v 0.4 6.6 0
v 0.4 6.6 -0.1
v 0.4 6.6 -1.2
v 0.4 6.6 -1.3
v 0.4 6.7 0
v 0.4 6.7 -0.1
v 0.4 7.6 -1.2
v 0.4 7.6 -1.3
v 0.4 7.7 -1.2
v 0.4 7.7 -1.3
v 0.5 6.4 -0.3
v 0.5 6.4 -0.4
v 0.5 6.5 -0.3
v 0.5 6.5 -0.4
v 0.5 6.9 0.1
v 0.5 6.9 0
v 0.5 7 0.1
v 0.5 7 0
v 0.5 7 -1.2
v 0.5 7 -1.3
v 0.5 7.1 0.2
v 0.5 7.1 0.1
v 0.5 7.1 -1.2
v 0.5 7.1 -1.3
v 0.5 7.3 0.2
v 0.5 7.3 0.1
v 0.5 7.5 -1.2
v 0.5 7.5 -1.3
v 0.5 7.6 0.2
v 0.5 7.6 0.1
v 0.5 7.6 -1.2
v 0.5 7.6 -1.3
v 0.5 7.7 0.2
v 0.5 7.7 0.1
v 0.6 6.8 0.1
v 0.6 6.8 0
v 0.6 6.8 -1.2
v 0.6 6.8 -1.3
v 0.6 6.9 0.1
v 0.6 6.9 0
v 0.6 6.9 -1.2
v 0.6 6.9 -1.3
v 0.6 7.1 0.1
v 0.6 7.1 0
v 0.6 7.2 0.1
v 0.6 7.2 0
v 0.6 7.2 -1.2
v 0.6 7.2 -1.3
v 0.6 7.3 0.2
v 0.6 7.3 0.1
v 0.6 7.3 -1.2
v 0.6 7.3 -1.3
v 0.6 7.4 0.2
v 0.6 7.4 0.1
v 0.7 6.3 0.1
v 0.7 6.3 0
v 0.7 6.3 -1.2
v 0.7 6.3 -1.3
v 0.7 6.4 0.2
v 0.7 6.4 0.1
v 0.7 6.4 0
v 0.7 6.4 -1
v 0.7 6.4 -1.1
v 0.7 6.4 -1.2
v 0.7 6.4 -1.3
v 0.7 6.5 -1
v 0.7 6.5 -1.1
v 0.7 6.7 0.2
v 0.7 6.7 0.1
v 0.7 6.7 -1.2
v 0.7 6.7 -1.3
v 0.7 6.8 -1.2
v 0.7 6.8 -1.3
v 0.7 7.4 0.2
v 0.7 7.4 0.1
v 0.7 7.4 -1.2
v 0.7 7.4 -1.3
v 0.7 7.5 -1.2
v 0.7 7.5 -1.3
v 0.7 7.6 0.2
v 0.7 7.6 0.1
v 0.7 7.7 0.2
v 0.7 7.7 0.1
v 0.7 7.7 -0.5
v 0.7 7.7 -0.6
v 0.7 7.7 -0.7
v 0.7 7.8 0.2
v 0.7 7.8 -0.5
v 0.7 7.8 -0.6
v 0.7 7.8 -0.7
v 0.8 6.3 -0.9
v 0.8 6.3 -1
v 0.8 6.4 -0.9
v 0.8 6.4 -1
v 0.8 6.5 0.1
v 0.8 6.5 0
v 0.8 6.5 -1.2
v 0.8 6.5 -1.3
v 0.8 6.6 -1.2
v 0.8 6.6 -1.3
v 0.8 6.7 0.1
v 0.8 6.7 0
v 0.8 6.7 -1.1
v 0.8 6.7 -1.2
v 0.8 6.8 0.2
v 0.8 6.8 0.1
v 0.8 6.8 -1.1
v 0.8 6.8 -1.2
v 0.8 6.8 -1.3
v 0.8 6.9 0.2
v 0.8 6.9 0.1
v 0.8 7 -1.2
v 0.8 7 -1.3
v 0.8 7.1 -1.2
v 0.8 7.2 0.1
v 0.8 7.2 0
v 0.8 7.2 -1.1
v 0.8 7.2 -1.2
v 0.8 7.2 -1.3
v 0.8 7.3 -1.2
v 0.8 7.3 -1.3
v 0.8 7.4 -1.1
v 0.8 7.4 -1.2
v 0.8 7.4 -1.3
v 0.8 7.6 0.2
v 0.8 7.6 0.1
v 0.8 7.6 0
v 0.8 7.6 -1.1
v 0.8 7.6 -1.2
v 0.8 7.6 -1.3
v 0.8 7.7 0.2
v 0.8 7.7 0.1
v 0.8 7.7 -0.5
v 0.8 7.7 -0.6
v 0.8 7.7 -0.7
v 0.8 7.7 -1.1
v 0.8 7.7 -1.2
v 0.8 7.8 -0.5
v 0.8 7.8 -0.6
v 0.8 7.8 -0.7
v 0.8 7.8 -1.3
v 0.9 6.3 0
v 0.9 6.3 -0.3
v 0.9 6.3 -0.5
v 0.9 6.3 -0.9
v 0.9 6.3 -1.1
v 0.9 6.3 -1.2
v 0.9 6.4 0
v 0.9 6.4 -0.1
v 0.9 6.4 -0.2
v 0.9 6.4 -0.3
v 0.9 6.4 -0.5
v 0.9 6.4 -0.9
v 0.9 6.4 -1
v 0.9 6.4 -1.1
v 0.9 6.4 -1.2
v 0.9 6.4 -1.3
v 0.9 6.5 0
v 0.9 6.5 -0.1
v 0.9 6.5 -0.2
v 0.9 6.5 -0.5
v 0.9 6.5 -1
v 0.9 6.5 -1.1
v 0.9 6.5 -1.2
v 0.9 6.5 -1.3
v 0.9 6.6 -0.9
v 0.9 6.6 -1
v 0.9 6.6 -1.1
v 0.9 6.6 -1.2
v 0.9 6.7 0.1
v 0.9 6.7 0
v 0.9 6.7 -1.1
v 0.9 6.7 -1.2
v 0.9 6.8 -1.1
v 0.9 6.8 -1.2
v 0.9 7 -1.1
v 0.9 7 -1.2
v 0.9 7.1 0.1
v 0.9 7.1 0
v 0.9 7.1 -0.1
v 0.9 7.1 -1.1
v 0.9 7.1 -1.2
v 0.9 7.2 0.1
v 0.9 7.2 0
v 0.9 7.2 -0.1
v 0.9 7.2 -1.1
v 0.9 7.2 -1.2
v 0.9 7.6 0.1
v 0.9 7.6 0
v 0.9 7.7 0.1
v 0.9 7.7 0
v 1 6.4 -0.1
v 1 6.4 -0.2
v 1 6.4 -0.8
v 1 6.4 -0.9
v 1 6.5 -0.1
v 1 6.5 -0.2
v 1 6.5 -1
v 1 6.5 -1.2
v 1 6.6 -0.8
v 1 6.6 -0.9
v 1 6.6 -1
v 1 6.6 -1.2
v 1 6.7 -1.1
v 1 6.7 -1.2
v 1 6.8 -1.1
v 1 6.8 -1.2
v 1 7 -1.1
v 1 7 -1.2
v 1 7.1 -1.1
v 1 7.1 -1.2
v 1 7.4 0
v 1 7.4 -0.1
v 1 7.5 -1.1
v 1 7.5 -1.2
v 1 7.6 0
v 1 7.6 -0.1
v 1 7.6 -1.1
v 1 7.6 -1.2
v 1.1 6.4 0.1
v 1.1 6.4 0
v 1.1 6.5 0.1
v 1.1 6.5 0
v 1.1 6.5 -0.3
v 1.1 6.5 -0.4
v 1.1 6.6 -0.3
v 1.1 6.6 -0.4
v 1.1 7.1 -1.1
v 1.1 7.1 -1.2
v 1.1 7.2 0
v 1.1 7.2 -0.1
v 1.1 7.2 -1.1
v 1.1 7.2 -1.2
v 1.1 7.3 -1.1
v 1.1 7.3 -1.2
v 1.1 7.4 0
v 1.1 7.4 -0.1
v 1.1 7.5 -1.1
v 1.1 7.5 -1.2
v 1.2 6.3 -0.1
v 1.2 6.3 -0.2
v 1.2 6.4 -0.1
v 1.2 6.4 -0.2
v 1.2 6.5 -0.2
v 1.2 6.5 -0.3
v 1.2 6.6 -0.2
v 1.2 6.6 -0.3
v 1.2 6.7 0.1
v 1.2 6.7 0
v 1.2 6.8 0.1
v 1.2 6.8 0
v 1.2 6.8 -1.2
v 1.2 6.8 -1.3
v 1.2 6.9 0.1
v 1.2 6.9 0
v 1.2 6.9 -1.2
v 1.2 6.9 -1.3
v 1.2 7.1 0.1
v 1.2 7.1 0
v 1.2 7.6 -0.8
v 1.2 7.6 -0.9
v 1.2 7.7 -0.8
v 1.2 7.7 -0.9
v 1.3 6.3 -0.7
v 1.3 6.3 -0.8
v 1.3 6.4 0
v 1.3 6.4 -0.1
v 1.3 6.4 -0.2
v 1.3 6.4 -0.5
v 1.3 6.4 -0.7
v 1.3 6.4 -0.8
v 1.3 6.4 -0.9
v 1.3 6.4 -1
v 1.3 6.4 -1.1
v 1.3 6.4 -1.2
v 1.3 6.5 0.1
v 1.3 6.5 0
v 1.3 6.5 -0.2
v 1.3 6.5 -0.5
v 1.3 6.5 -0.8
v 1.3 6.5 -0.9
v 1.3 6.5 -1
v 1.3 6.5 -1.1
v 1.3 6.5 -1.2
v 1.3 6.6 0.2
v 1.3 6.6 0.1
v 1.3 6.6 0
v 1.3 6.6 -0.3
v 1.3 6.6 -0.4
v 1.3 6.7 0.2
v 1.3 6.7 0.1
v 1.3 6.7 -0.3
v 1.3 6.7 -0.4
v 1.3 6.7 -1.2
v 1.3 6.7 -1.3
v 1.3 6.8 0.1
v 1.3 6.8 0
v 1.3 6.8 -1.2
v 1.3 6.8 -1.3
v 1.3 6.9 0.1
v 1.3 6.9 0
v 1.3 6.9 -0.1
v 1.3 7.1 0
v 1.3 7.1 -0.1
v 1.3 7.1 -1.1
v 1.3 7.1 -1.2
v 1.3 7.2 -1.1
v 1.3 7.2 -1.2
v 1.3 7.6 -1.2
v 1.3 7.6 -1.3
v 1.3 7.7 -0.2
v 1.3 7.7 -0.4
v 1.3 7.7 -0.6
v 1.3 7.7 -0.7
v 1.3 7.7 -1.2
v 1.3 7.7 -1.3
v 1.3 7.8 -0.2
v 1.3 7.8 -0.4
v 1.3 7.8 -0.6
v 1.3 7.8 -0.7
v 1.4 6.3 0
v 1.4 6.3 -0.1
v 1.4 6.3 -0.5
v 1.4 6.3 -0.7
v 1.4 6.4 0
v 1.4 6.4 -0.1
v 1.4 6.4 -0.5
v 1.4 6.4 -0.7
v 1.4 6.5 0
v 1.4 6.5 -0.2
v 1.4 6.5 -0.4
v 1.4 6.5 -0.5
v 1.4 6.5 -0.7
v 1.4 6.5 -0.9
v 1.4 6.5 -1
v 1.4 6.5 -1.2
v 1.4 6.5 -1.3
v 1.4 6.6 0.1
v 1.4 6.6 0
v 1.4 6.6 -0.1
v 1.4 6.6 -0.2
v 1.4 6.6 -0.7
v 1.4 6.6 -0.9
v 1.4 6.6 -1
v 1.4 6.6 -1.1
v 1.4 6.7 0.1
v 1.4 6.7 0
v 1.4 6.7 -0.1
v 1.4 6.7 -0.2
v 1.4 6.7 -0.3
v 1.4 6.7 -0.4
v 1.4 6.7 -0.5
v 1.4 6.7 -1.1
v 1.4 6.7 -1.2
v 1.4 6.7 -1.3
v 1.4 6.8 -0.3
v 1.4 6.8 -0.4
v 1.4 6.8 -1.1
v 1.4 6.8 -1.2
v 1.4 6.9 0
v 1.4 6.9 -0.1
v 1.4 6.9 -0.2
v 1.4 7 -0.1
v 1.4 7 -0.2
v 1.4 7 -1
v 1.4 7 -1.1
v 1.4 7 -1.2
v 1.4 7.1 0.1
v 1.4 7.1 0
v 1.4 7.1 -1.1
v 1.4 7.2 -1
v 1.4 7.2 -1.1
v 1.4 7.3 0.1
v 1.4 7.3 0
v 1.4 7.3 -0.1
v 1.4 7.4 0.1
v 1.4 7.4 0
v 1.4 7.4 -0.1
v 1.4 7.5 -1.2
v 1.4 7.5 -1.3
v 1.4 7.6 0.1
v 1.4 7.6 0
v 1.4 7.6 -1.2
v 1.4 7.6 -1.3
v 1.4 7.7 0.1
v 1.4 7.7 0
v 1.4 7.7 -1
v 1.4 7.7 -1.1
v 1.4 7.8 -1
v 1.4 7.8 -1.1
v 1.5 6.5 -0.5
v 1.5 6.5 -0.7
v 1.5 6.6 0
v 1.5 6.6 -0.1
v 1.5 6.6 -0.5
v 1.5 6.6 -0.7
v 1.5 6.7 0
v 1.5 6.7 -0.1
v 1.5 6.7 -0.2
v 1.5 6.7 -1.1
v 1.5 6.7 -1.2
v 1.5 6.8 -1.1
v 1.5 6.8 -1.2
v 1.5 6.9 -0.1
v 1.5 6.9 -0.2
v 1.5 7 0.1
v 1.5 7 0
v 1.5 7 -1.1
v 1.5 7 -1.2
v 1.5 7.1 0.1
v 1.5 7.1 0
v 1.5 7.1 -1.1
v 1.5 7.1 -1.2
v 1.5 7.6 -0.2
v 1.5 7.6 -0.4
v 1.5 7.6 -0.6
v 1.5 7.6 -0.8
v 1.5 7.7 0.2
v 1.5 7.7 0.1
v 1.5 7.7 -0.2
v 1.5 7.7 -0.4
v 1.5 7.7 -0.6
v 1.5 7.7 -0.8
v 1.5 7.7 -1.1
v 1.5 7.7 -1.2
v 1.5 7.8 0.2
v 1.5 7.8 0.1
v 1.5 7.8 -1.1
v 1.5 7.8 -1.2
v 1.6 6.5 0
v 1.6 6.5 -0.1
v 1.6 6.6 0
v 1.6 6.6 -0.1
v 1.6 7.1 0
v 1.6 7.1 -0.1
v 1.6 7.2 0
v 1.6 7.2 -0.1
v 1.6 7.2 -1
v 1.6 7.2 -1.1
v 1.6 7.2 -1.2
v 1.6 7.3 0
v 1.6 7.3 -0.1
v 1.6 7.3 -1
v 1.6 7.3 -1.1
v 1.6 7.3 -1.2
v 1.6 7.3 -1.3
v 1.6 7.4 0
v 1.6 7.4 -0.1
v 1.6 7.4 -1.1
v 1.6 7.4 -1.2
v 1.6 7.5 -0.8
v 1.6 7.5 -0.9
v 1.6 7.5 -1.2
v 1.6 7.5 -1.3
v 1.6 7.6 -0.1
v 1.6 7.6 -0.2
v 1.6 7.6 -0.5
v 1.6 7.6 -0.6
v 1.6 7.6 -0.8
v 1.6 7.6 -0.9
v 1.6 7.6 -1.2
v 1.6 7.7 0.1
v 1.6 7.7 0
v 1.6 7.7 -0.1
v 1.6 7.7 -0.5
v 1.6 7.7 -0.6
v 1.6 7.7 -0.9
v 1.6 7.7 -1.2
v 1.6 7.8 0.1
v 1.6 7.8 0
v 1.6 7.8 -0.2
v 1.7 6.3 0
v 1.7 6.3 -0.1
v 1.7 6.3 -1.2
v 1.7 6.3 -1.3
v 1.7 6.4 0
v 1.7 6.4 -0.1
v 1.7 6.4 -0.4
v 1.7 6.4 -0.5
v 1.7 6.4 -0.8
v 1.7 6.4 -1.1
v 1.7 6.4 -1.2
v 1.7 6.4 -1.3
v 1.7 6.5 -0.1
v 1.7 6.5 -0.3
v 1.7 6.5 -0.4
v 1.7 6.5 -0.5
v 1.7 6.5 -0.6
v 1.7 6.5 -0.7
v 1.7 6.5 -0.8
v 1.7 6.5 -1.1
v 1.7 6.5 -1.2
v 1.7 6.6 -0.3
v 1.7 6.6 -0.4
v 1.7 6.6 -0.6
v 1.7 6.6 -0.7
v 1.7 6.7 -0.3
v 1.7 6.7 -0.4
v 1.7 7 0
v 1.7 7 -0.1
v 1.7 7.1 0
v 1.7 7.1 -0.1
v 1.7 7.1 -0.2
v 1.7 7.2 0
v 1.7 7.2 -0.1
v 1.7 7.2 -0.2
v 1.7 7.3 0
v 1.7 7.3 -0.1
v 1.7 7.4 0.1
v 1.7 7.4 0
v 1.7 7.4 -1.1
v 1.7 7.4 -1.2
v 1.7 7.5 0.1
v 1.7 7.5 0
v 1.7 7.5 -0.9
v 1.7 7.5 -1
v 1.7 7.5 -1.1
v 1.7 7.6 0.1
v 1.7 7.6 -0.1
v 1.7 7.6 -0.4
v 1.7 7.6 -0.5
v 1.7 7.6 -0.9
v 1.7 7.6 -1
v 1.7 7.6 -1.1
v 1.7 7.6 -1.2
v 1.7 7.7 0.1
v 1.7 7.7 -0.1
v 1.7 7.7 -0.4
v 1.7 7.7 -0.5
v 1.7 7.7 -1.2
v 1.7 7.7 -1.3
v 1.7 7.8 -1.2
v 1.7 7.8 -1.3
v 1.8 6.2 0.1
v 1.8 6.2 0
v 1.8 6.2 -0.5
v 1.8 6.2 -0.6
v 1.8 6.3 0.1
v 1.8 6.3 0
v 1.8 6.3 -0.5
v 1.8 6.3 -0.6
v 1.8 6.3 -0.9
v 1.8 6.3 -1
v 1.8 6.4 0
v 1.8 6.4 -0.1
v 1.8 6.4 -0.9
v 1.8 6.4 -1
v 1.8 6.5 0
v 1.8 6.5 -0.1
v 1.8 6.5 -0.3
v 1.8 6.5 -0.4
v 1.8 6.5 -0.6
v 1.8 6.5 -1.1
v 1.8 6.5 -1.2
v 1.8 6.6 -0.1
v 1.8 6.6 -0.3
v 1.8 6.6 -0.5
v 1.8 6.6 -0.6
v 1.8 6.6 -1.1
v 1.8 6.6 -1.2
v 1.8 6.7 0.1
v 1.8 6.7 0
v 1.8 6.7 -0.3
v 1.8 6.7 -0.4
v 1.8 6.7 -0.5
v 1.8 6.8 -0.3
v 1.8 6.8 -0.4
v 1.8 6.9 0.1
v 1.8 6.9 0
v 1.8 7.4 -0.9
v 1.8 7.4 -1
v 1.8 7.5 -0.7
v 1.8 7.5 -0.8
v 1.8 7.5 -0.9
v 1.8 7.5 -1
v 1.8 7.6 -0.7
v 1.8 7.6 -0.8
v 1.9 6.3 -0.8
v 1.9 6.3 -0.9
v 1.9 6.3 -1.1
v 1.9 6.3 -1.2
v 1.9 6.4 -0.9
v 1.9 6.4 -1.1
v 1.9 6.5 -0.8
v 1.9 6.5 -1
v 1.9 6.5 -1.1
v 1.9 6.5 -1.2
v 1.9 6.6 -0.2
v 1.9 6.6 -0.3
v 1.9 6.6 -1
v 1.9 6.6 -1.1
v 1.9 6.6 -1.2
v 1.9 6.7 -0.2
v 1.9 6.7 -0.3
v 1.9 6.7 -1.1
v 1.9 6.7 -1.2
v 1.9 6.9 0
v 1.9 6.9 -0.1
v 1.9 7 0
v 1.9 7 -0.1
v 1.9 7.2 -0.9
v 1.9 7.2 -1
v 1.9 7.3 -0.8
v 1.9 7.3 -0.9
v 1.9 7.4 -0.4
v 1.9 7.4 -0.5
v 1.9 7.4 -0.9
v 1.9 7.4 -1
v 1.9 7.4 -1.1
v 1.9 7.4 -1.2
v 1.9 7.5 0.1
v 1.9 7.5 0
v 1.9 7.5 -0.4
v 1.9 7.5 -0.5
v 1.9 7.5 -0.8
v 1.9 7.5 -0.9
v 1.9 7.5 -1
v 1.9 7.5 -1.1
v 1.9 7.5 -1.2
v 1.9 7.6 0.1
v 1.9 7.6 0
v 1.9 7.6 -0.1
v 1.9 7.6 -1
v 1.9 7.6 -1.1
v 1.9 7.7 0
v 1.9 7.7 -0.1
v 2 6.7 0.2
v 2 6.7 0.1
v 2 6.7 -1.2
v 2 6.7 -1.3
v 2 6.8 0.2
v 2 6.8 0.1
v 2 6.8 -1.2
v 2 6.8 -1.3
v 2 6.9 -1.2
v 2 6.9 -1.3
v 2 7 -1.2
v 2 7 -1.3
v 2 7.1 -0.6
v 2 7.1 -0.7
v 2 7.2 0.1
v 2 7.2 0
v 2 7.2 -0.6
v 2 7.2 -0.7
v 2 7.2 -0.8
v 2 7.2 -0.9
v 2 7.2 -1.1
v 2 7.2 -1.2
v 2 7.3 -0.4
v 2 7.3 -0.7
v 2 7.3 -0.8
v 2 7.3 -0.9
v 2 7.3 -1
v 2 7.3 -1.1
v 2 7.4 0
v 2 7.4 -0.1
v 2 7.4 -0.4
v 2 7.4 -0.5
v 2 7.4 -0.7
v 2 7.4 -0.8
v 2 7.4 -1.1
v 2 7.4 -1.2
v 2 7.5 0.1
v 2 7.5 0
v 2 7.5 -0.1
v 2 7.5 -0.3
v 2 7.5 -0.4
v 2 7.5 -0.5
v 2 7.5 -0.8
v 2 7.5 -1
v 2 7.5 -1.1
v 2 7.6 0.1
v 2 7.6 0
v 2 7.6 -0.3
v 2 7.6 -0.5
v 2 7.7 0.1
v 2 7.7 0
v 2.1 6.2 -0.4
v 2.1 6.2 -0.5
v 2.1 6.3 -0.4
v 2.1 6.3 -0.5
v 2.1 6.5 0.1
v 2.1 6.5 0
v 2.1 6.6 0.1
v 2.1 6.6 0
v 2.1 6.7 0.1
v 2.1 6.7 0
v 2.1 6.7 -0.1
v 2.1 6.7 -1.1
v 2.1 6.7 -1.2
v 2.1 6.8 -0.1
v 2.1 6.8 -0.2
v 2.1 6.9 0.1
v 2.1 6.9 -0.1
v 2.1 7 -0.1
v 2.1 7 -0.2
v 2.1 7 -0.6
v 2.1 7 -0.8
v 2.1 7.1 -0.4
v 2.1 7.1 -0.6
v 2.1 7.1 -0.7
v 2.1 7.2 0
v 2.1 7.2 -0.1
v 2.1 7.2 -0.4
v 2.1 7.2 -0.5
v 2.1 7.2 -0.6
v 2.1 7.2 -0.7
v 2.1 7.2 -0.8
v 2.1 7.2 -1
v 2.1 7.2 -1.1
v 2.1 7.2 -1.2
v 2.1 7.3 -0.1
v 2.1 7.3 -0.2
v 2.1 7.3 -0.5
v 2.1 7.3 -0.7
v 2.1 7.3 -1
v 2.1 7.3 -1.1
v 2.1 7.4 0
v 2.1 7.4 -0.1
v 2.1 7.4 -0.2
v 2.1 7.4 -0.7
v 2.1 7.4 -0.8
v 2.1 7.5 0
v 2.1 7.5 -0.1
v 2.1 7.5 -0.2
v 2.1 7.5 -0.3
v 2.1 7.5 -0.5
v 2.1 7.5 -0.8
v 2.1 7.6 0
v 2.1 7.6 -0.3
v 2.1 7.6 -0.5
v 2.1 7.6 -0.8
v 2.2 6.1 -0.4
v 2.2 6.1 -0.5
v 2.2 6.1 -0.7
v 2.2 6.1 -0.8
v 2.2 6.1 -1
v 2.2 6.1 -1.1
v 2.2 6.2 -0.4
v 2.2 6.2 -0.5
v 2.2 6.2 -0.7
v 2.2 6.2 -0.8
v 2.2 6.2 -0.9
v 2.2 6.2 -1.2
v 2.2 6.2 -1.3
v 2.2 6.3 -0.4
v 2.2 6.3 -0.6
v 2.2 6.3 -0.7
v 2.2 6.3 -0.8
v 2.2 6.3 -0.9
v 2.2 6.3 -1
v 2.2 6.3 -1.1
v 2.2 6.3 -1.2
v 2.2 6.3 -1.3
v 2.2 6.4 -0.5
v 2.2 6.4 -0.6
v 2.2 6.4 -0.8
v 2.2 6.4 -0.9
v 2.2 6.4 -1
v 2.2 6.4 -1.1
v 2.2 6.4 -1.2
v 2.2 6.5 -0.4
v 2.2 6.5 -0.5
v 2.2 6.6 0.1
v 2.2 6.6 0
v 2.2 6.6 -0.1
v 2.2 6.6 -1.1
v 2.2 6.6 -1.2
v 2.2 6.7 0.1
v 2.2 6.7 0
v 2.2 6.7 -0.1
v 2.2 6.9 -0.6
v 2.2 6.9 -0.7
v 2.2 7 0
v 2.2 7 -0.1
v 2.2 7 -0.5
v 2.2 7 -0.6
v 2.2 7 -0.7
v 2.2 7.1 0.1
v 2.2 7.1 0
v 2.2 7.1 -0.1
v 2.2 7.1 -0.5
v 2.2 7.1 -0.6
v 2.2 7.1 -0.8
v 2.2 7.1 -1.1
v 2.2 7.2 0.1
v 2.2 7.2 0
v 2.2 7.2 -0.3
v 2.2 7.2 -0.4
v 2.2 7.2 -0.5
v 2.2 7.2 -0.8
v 2.2 7.2 -1.1
v 2.2 7.3 -0.2
v 2.2 7.3 -0.3
v 2.2 7.3 -0.4
v 2.2 7.3 -0.5
v 2.2 7.4 -0.2
v 2.2 7.4 -0.4
v 2.2 7.5 -0.2
v 2.2 7.5 -0.4
v 2.3 6.2 -0.6
v 2.3 6.2 -0.7
v 2.3 6.3 -0.1
v 2.3 6.3 -0.2
v 2.3 6.3 -0.6
v 2.3 6.3 -0.7
v 2.3 6.3 -0.8
v 2.3 6.3 -0.9
v 2.3 6.3 -1
v 2.3 6.3 -1.1
v 2.3 6.3 -1.2
v 2.3 6.4 -0.1
v 2.3 6.4 -0.2
v 2.3 6.4 -0.5
v 2.3 6.4 -0.6
v 2.3 6.4 -0.8
v 2.3 6.4 -0.9
v 2.3 6.4 -1
v 2.3 6.4 -1.1
v 2.3 6.4 -1.2
v 2.3 6.5 0
v 2.3 6.5 -0.1
v 2.3 6.5 -0.5
v 2.3 6.5 -0.6
v 2.3 6.5 -0.9
v 2.3 6.5 -1
v 2.3 6.6 0
v 2.3 6.6 -0.1
v 2.3 7 -0.4
v 2.3 7 -0.5
v 2.3 7 -0.8
v 2.3 7 -0.9
v 2.3 7.1 0
v 2.3 7.1 -0.1
v 2.3 7.1 -0.4
v 2.3 7.1 -0.5
v 2.3 7.1 -0.8
v 2.3 7.1 -0.9
v 2.3 7.2 0
v 2.3 7.2 -0.1
v 2.3 7.2 -0.3
v 2.3 7.3 -0.1
v 2.3 7.3 -0.3
v 2.4 6.3 -0.3
v 2.4 6.3 -0.4
v 2.4 6.4 0
v 2.4 6.4 -0.1
v 2.4 6.4 -0.3
v 2.4 6.4 -0.4
v 2.4 6.4 -0.7
v 2.4 6.4 -0.8
v 2.4 6.5 0
v 2.4 6.5 -0.1
v 2.4 6.5 -0.7
v 2.4 6.5 -0.8
v 2.4 6.7 0
v 2.4 6.7 -0.1
v 2.4 6.8 0
v 2.4 6.8 -0.1
v 2.4 7 0.1
v 2.4 7 0
v 2.4 7 -0.2
v 2.4 7.1 0.1
v 2.4 7.1 0
v 2.4 7.1 -0.1
v 2.4 7.1 -0.2
v 2.4 7.1 -0.4
v 2.4 7.2 -0.1
v 2.4 7.2 -0.4
v 2.5 5.9 -1.2
v 2.5 5.9 -1.3
v 2.5 6 -1.2
v 2.5 6 -1.3
v 2.5 6.4 -1.1
v 2.5 6.4 -1.2
v 2.5 6.8 0
v 2.5 6.8 -0.1
v 2.5 6.8 -1.1
v 2.5 6.8 -1.2
v 2.5 6.9 -1.1
v 2.5 6.9 -1.2
v 2.5 7 0
v 2.5 7 -0.1
v 2.5 7 -0.4
v 2.5 7 -0.5
v 2.5 7 -1
v 2.5 7 -1.1
v 2.5 7 -1.2
v 2.5 7.1 -0.4
v 2.5 7.1 -0.5
v 2.5 7.1 -1
v 2.5 7.1 -1.1
v 2.6 5.7 -0.1
v 2.6 5.7 -0.2
v 2.6 5.9 -0.1
v 2.6 5.9 -0.2
v 2.6 5.9 -0.9
v 2.6 5.9 -1
v 2.6 6 -0.9
v 2.6 6 -1
v 2.6 6.2 -0.2
v 2.6 6.2 -0.3
v 2.6 6.3 -0.2
v 2.6 6.3 -0.3
v 2.6 6.4 0
v 2.6 6.4 -0.1
v 2.6 6.5 0
v 2.6 6.5 -0.1
v 2.6 6.6 0
v 2.6 6.6 -0.1
v 2.6 6.6 -0.2
v 2.6 6.7 0
v 2.6 6.7 -0.1
v 2.6 6.8 -0.1
v 2.6 6.8 -0.2
v 2.6 6.8 -1
v 2.6 6.8 -1.1
v 2.6 6.8 -1.2
v 2.6 6.9 -0.2
v 2.6 6.9 -0.3
v 2.6 6.9 -0.9
v 2.6 6.9 -1
v 2.6 6.9 -1.1
v 2.6 6.9 -1.2
v 2.6 7 -0.2
v 2.6 7 -0.3
v 2.6 7 -0.4
v 2.6 7 -0.5
v 2.6 7 -0.6
v 2.6 7 -0.8
v 2.6 7 -0.9
v 2.6 7 -1
v 2.6 7 -1.1
v 2.6 7.1 -0.3
v 2.6 7.1 -0.4
v 2.6 7.1 -0.5
v 2.6 7.1 -0.6
v 2.6 7.1 -0.8
v 2.6 7.1 -1
v 2.7 5.8 -1.2
v 2.7 5.8 -1.3
v 2.7 5.9 -1.2
v 2.7 5.9 -1.3
v 2.7 6 -1.2
v 2.7 6 -1.3
v 2.7 6.1 -0.1
v 2.7 6.1 -0.2
v 2.7 6.1 -0.3
v 2.7 6.1 -0.4
v 2.7 6.1 -0.7
v 2.7 6.1 -0.8
v 2.7 6.1 -1.1
v 2.7 6.1 -1.2
v 2.7 6.2 -0.1
v 2.7 6.2 -0.2
v 2.7 6.2 -0.3
v 2.7 6.2 -0.4
v 2.7 6.2 -0.7
v 2.7 6.2 -0.8
v 2.7 6.4 -1.1
v 2.7 6.4 -1.2
v 2.7 6.6 -0.2
v 2.7 6.6 -0.3
v 2.7 6.7 -0.2
v 2.7 6.7 -0.3
v 2.7 6.7 -0.8
v 2.7 6.7 -0.9
v 2.7 6.7 -1
v 2.7 6.7 -1.1
v 2.7 6.8 -0.1
v 2.7 6.8 -0.2
v 2.7 6.8 -0.8
v 2.7 6.8 -0.9
v 2.7 6.8 -1
v 2.7 6.8 -1.1
v 2.7 6.9 -0.2
v 2.7 6.9 -0.4
v 2.7 6.9 -0.5
v 2.7 6.9 -0.8
v 2.7 6.9 -0.9
v 2.7 6.9 -1
v 2.7 7 -0.1
v 2.7 7 -0.2
v 2.7 7 -0.3
v 2.7 7 -0.4
v 2.7 7 -0.5
v 2.7 7 -0.7
v 2.7 7 -0.8
v 2.7 7 -0.9
v 2.7 7.1 -0.2
v 2.7 7.1 -0.3
v 2.7 7.1 -0.7
v 2.7 7.1 -0.8
v 2.8 5.8 -0.6
v 2.8 5.8 -0.7
v 2.8 5.9 -0.6
v 2.8 5.9 -0.7
v 2.8 6 -0.6
v 2.8 6 -0.7
v 2.8 6 -0.9
v 2.8 6 -1
v 2.8 6 -1.1
v 2.8 6 -1.2
v 2.8 6.1 -0.6
v 2.8 6.1 -0.7
v 2.8 6.1 -0.9
v 2.8 6.1 -1
v 2.8 6.1 -1.1
v 2.8 6.1 -1.2
v 2.8 6.3 0
v 2.8 6.3 -0.1
v 2.8 6.5 -0.1
v 2.8 6.5 -0.3
v 2.8 6.6 0
v 2.8 6.6 -0.3
v 2.8 6.6 -0.4
v 2.8 6.6 -1
v 2.8 6.6 -1.1
v 2.8 6.7 -0.2
v 2.8 6.7 -0.3
v 2.8 6.7 -0.4
v 2.8 6.7 -0.5
v 2.8 6.7 -0.9
v 2.8 6.7 -1
v 2.8 6.7 -1.1
v 2.8 6.8 -0.5
v 2.8 6.8 -0.6
v 2.8 6.8 -0.7
v 2.8 6.8 -0.8
v 2.8 6.8 -0.9
v 2.8 6.8 -1
v 2.8 6.9 -0.2
v 2.8 6.9 -0.3
v 2.8 6.9 -0.4
v 2.8 6.9 -0.5
v 2.8 6.9 -0.6
v 2.8 6.9 -0.7
v 2.8 6.9 -0.8
v 2.8 6.9 -0.9
v 2.8 7 -0.3
v 2.8 7 -0.4
v 2.8 7 -0.5
v 2.8 7 -0.6
v 2.8 7 -0.7
v 2.8 7 -0.8
v 2.8 7.1 -0.6
v 2.8 7.1 -0.7
v 2.9 5.6 -1.1
v 2.9 5.6 -1.2
v 2.9 5.7 -1.1
v 2.9 5.7 -1.2
v 2.9 5.8 -1.2
v 2.9 5.8 -1.3
v 2.9 5.9 0
v 2.9 5.9 -0.1
v 2.9 5.9 -0.6
v 2.9 5.9 -0.7
v 2.9 5.9 -1.2
v 2.9 5.9 -1.3
v 2.9 6 0
v 2.9 6 -0.1
v 2.9 6 -0.6
v 2.9 6 -0.7
v 2.9 6.1 0.1
v 2.9 6.1 0
v 2.9 6.1 -1.1
v 2.9 6.1 -1.2
v 2.9 6.2 0.1
v 2.9 6.2 0
v 2.9 6.2 -1.1
v 2.9 6.2 -1.2
v 2.9 6.3 -0.1
v 2.9 6.3 -0.2
v 2.9 6.3 -1.1
v 2.9 6.3 -1.2
v 2.9 6.4 -1.1
v 2.9 6.4 -1.2
v 2.9 6.4 -1.3
v 2.9 6.5 -0.1
v 2.9 6.5 -0.2
v 2.9 6.5 -0.3
v 2.9 6.5 -0.4
v 2.9 6.5 -1.2
v 2.9 6.5 -1.3
v 2.9 6.6 -0.3
v 2.9 6.6 -0.4
v 2.9 6.6 -0.8
v 2.9 6.6 -1
v 2.9 6.7 -0.3
v 2.9 6.7 -0.4
v 2.9 6.7 -0.5
v 2.9 6.7 -0.8
v 2.9 6.7 -1
v 2.9 6.8 -0.5
v 2.9 6.8 -0.6
v 2.9 6.8 -0.7
v 2.9 6.8 -0.8
v 2.9 6.9 -0.3
v 2.9 6.9 -0.4
v 2.9 6.9 -0.6
v 2.9 6.9 -0.7
v 3 5.6 -0.6
v 3 5.6 -0.7
v 3 5.6 -1.2
v 3 5.6 -1.3
v 3 5.7 0.1
v 3 5.7 0
v 3 5.7 -0.6
v 3 5.7 -0.7
v 3 5.7 -1.2
v 3 5.7 -1.3
v 3 5.8 0.1
v 3 5.8 0
v 3 6.1 0
v 3 6.1 -0.1
v 3 6.2 -1.1
v 3 6.2 -1.2
v 3 6.3 0
v 3 6.3 -0.1
v 3 6.3 -1.1
v 3 6.3 -1.2
v 3 6.4 -0.2
v 3 6.4 -0.3
v 3 6.4 -1.1
v 3 6.4 -1.2
v 3 6.5 -0.2
v 3 6.5 -0.3
v 3 6.5 -0.9
v 3 6.5 -1.1
v 3 6.6 -0.7
v 3 6.6 -0.8
v 3 6.6 -0.9
v 3 6.6 -1.1
v 3 6.6 -1.2
v 3 6.7 -0.7
v 3 6.7 -0.8
v 3.1 5.7 -0.1
v 3.1 5.7 -0.2
v 3.1 5.7 -1.2
v 3.1 5.7 -1.3
v 3.1 5.8 -0.1
v 3.1 5.8 -0.2
v 3.1 5.8 -0.4
v 3.1 5.8 -1.2
v 3.1 5.8 -1.3
v 3.1 5.9 -0.1
v 3.1 5.9 -0.4
v 3.1 5.9 -1.2
v 3.1 5.9 -1.3
v 3.1 6 0.1
v 3.1 6 0
v 3.1 6 -1.2
v 3.1 6 -1.3
v 3.1 6.1 0.1
v 3.1 6.1 0
v 3.1 6.3 -0.2
v 3.1 6.3 -0.3
v 3.1 6.4 -0.2
v 3.1 6.4 -0.3
v 3.1 6.4 -0.4
v 3.1 6.5 -0.3
v 3.1 6.5 -0.4
v 3.1 6.6 -0.4
v 3.1 6.6 -0.7
v 3.1 6.7 -0.4
v 3.1 6.7 -0.7
v 3.2 5.7 0
v 3.2 5.7 -0.1
v 3.2 5.8 0
v 3.2 5.8 -0.1
v 3.2 5.8 -1.1
v 3.2 5.8 -1.2
v 3.2 5.9 -1.1
v 3.2 5.9 -1.2
v 3.2 6 0
v 3.2 6 -0.1
v 3.2 6.1 0
v 3.2 6.1 -0.1
v 3.2 6.2 -0.1
v 3.2 6.2 -0.2
v 3.2 6.2 -0.9
v 3.2 6.2 -1
v 3.2 6.3 -0.1
v 3.2 6.3 -0.2
v 3.2 6.3 -0.3
v 3.2 6.3 -0.5
v 3.2 6.3 -0.7
v 3.2 6.3 -0.8
v 3.2 6.4 -0.3
v 3.2 6.4 -0.4
v 3.2 6.4 -0.5
v 3.2 6.4 -0.8
v 3.2 6.4 -0.9
v 3.2 6.5 -0.4
v 3.2 6.5 -0.5
v 3.2 6.5 -0.9
v 3.2 6.5 -1
v 3.2 6.6 -0.4
v 3.2 6.6 -0.5
v 3.2 6.6 -0.7
v 3.2 6.6 -0.9
v 3.3 5.6 0.1
v 3.3 5.6 0
v 3.3 5.6 -0.2
v 3.3 5.6 -0.9
v 3.3 5.6 -1.1
v 3.3 5.6 -1.2
v 3.3 5.6 -1.3
v 3.3 5.7 0.1
v 3.3 5.7 0
v 3.3 5.7 -0.2
v 3.3 5.7 -0.7
v 3.3 5.7 -0.8
v 3.3 5.7 -0.9
v 3.3 5.7 -1.1
v 3.3 5.7 -1.2
v 3.3 5.7 -1.3
v 3.3 5.8 -0.4
v 3.3 5.8 -0.6
v 3.3 5.8 -0.7
v 3.3 5.8 -0.8
v 3.3 5.9 0.1
v 3.3 5.9 0
v 3.3 5.9 -0.1
v 3.3 5.9 -0.3
v 3.3 5.9 -0.4
v 3.3 5.9 -0.6
v 3.3 5.9 -1.1
v 3.3 5.9 -1.2
v 3.3 6 0.1
v 3.3 6 0
v 3.3 6 -0.1
v 3.3 6 -0.2
v 3.3 6 -0.3
v 3.3 6 -0.4
v 3.3 6 -1.1
v 3.3 6 -1.2
v 3.3 6.1 -0.9
v 3.3 6.1 -1
v 3.3 6.1 -1.1
v 3.3 6.1 -1.2
v 3.3 6.1 -1.3
v 3.3 6.2 -0.1
v 3.3 6.2 -0.2
v 3.3 6.2 -0.3
v 3.3 6.2 -0.9
v 3.3 6.2 -1
v 3.3 6.2 -1.1
v 3.3 6.2 -1.2
v 3.3 6.3 -0.2
v 3.3 6.3 -0.3
v 3.3 6.3 -0.5
v 3.3 6.3 -0.6
v 3.3 6.3 -0.8
v 3.3 6.3 -0.9
v 3.3 6.3 -1.1
v 3.3 6.3 -1.2
v 3.3 6.3 -1.3
v 3.3 6.4 -0.4
v 3.3 6.4 -0.5
v 3.3 6.4 -0.6
v 3.3 6.4 -0.8
v 3.3 6.4 -0.9
v 3.3 6.4 -1
v 3.3 6.4 -1.1
v 3.3 6.4 -1.2
v 3.3 6.5 -0.4
v 3.3 6.5 -0.5
v 3.3 6.5 -0.6
v 3.3 6.5 -1
v 3.3 6.5 -1.1
v 3.3 6.6 -0.5
v 3.3 6.6 -0.6
v 3.4 5.8 -0.1
v 3.4 5.8 -0.2
v 3.4 5.9 -0.2
v 3.4 6 -0.1
v 3.4 6 -0.2
v 3.4 6 -0.3
v 3.4 6 -0.9
v 3.4 6 -1
v 3.4 6 -1.1
v 3.4 6 -1.2
v 3.4 6.1 -0.3
v 3.4 6.1 -0.4
v 3.4 6.1 -0.9
v 3.4 6.1 -1
v 3.4 6.1 -1.1
v 3.4 6.1 -1.2
v 3.4 6.2 -0.2
v 3.4 6.2 -0.3
v 3.4 6.2 -0.4
v 3.4 6.2 -0.5
v 3.4 6.2 -0.8
v 3.4 6.2 -0.9
v 3.4 6.2 -1.1
v 3.4 6.2 -1.2
v 3.4 6.3 -0.3
v 3.4 6.3 -0.5
v 3.4 6.3 -0.6
v 3.4 6.3 -0.7
v 3.4 6.3 -0.8
v 3.4 6.3 -0.9
v 3.4 6.3 -1.1
v 3.4 6.3 -1.2
v 3.4 6.4 -0.3
v 3.4 6.4 -0.4
v 3.4 6.4 -0.5
v 3.4 6.4 -0.6
v 3.4 6.4 -1
v 3.4 6.4 -1.1
v 3.4 6.5 -0.2
v 3.4 6.5 -0.3
v 3.4 6.5 -0.4
v 3.4 6.5 -0.5
v 3.4 6.5 -0.6
v 3.4 6.6 -0.2
v 3.4 6.6 -0.3
v 3.4 6.6 -0.6
v 3.4 6.6 -0.7
v 3.5 5.7 0
v 3.5 5.7 -0.1
v 3.5 5.8 0
v 3.5 5.8 -0.1
v 3.5 5.8 -0.5
v 3.5 5.8 -0.8
v 3.5 5.8 -1.1
v 3.5 5.8 -1.2
v 3.5 5.9 -0.7
v 3.5 5.9 -0.8
v 3.5 5.9 -1.1
v 3.5 5.9 -1.2
v 3.5 6 -0.5
v 3.5 6 -0.7
v 3.5 6 -1
v 3.5 6 -1.1
v 3.5 6.1 -0.8
v 3.5 6.1 -0.9
v 3.5 6.1 -1
v 3.5 6.1 -1.1
v 3.5 6.1 -1.2
v 3.5 6.2 -0.5
v 3.5 6.2 -0.8
v 3.5 6.2 -0.9
v 3.5 6.2 -1.1
v 3.5 6.2 -1.2
v 3.5 6.3 -0.5
v 3.5 6.3 -0.8
v 3.6 5.7 -0.3
v 3.6 5.7 -0.4
v 3.6 5.7 -1.1
v 3.6 5.7 -1.2
v 3.6 5.8 -0.3
v 3.6 5.8 -0.4
v 3.6 5.8 -0.5
v 3.6 5.8 -0.9
v 3.6 5.8 -1.1
v 3.6 5.8 -1.2
v 3.6 5.9 -0.7
v 3.6 5.9 -0.8
v 3.6 5.9 -0.9
v 3.6 5.9 -1.1
v 3.6 6 -0.4
v 3.6 6 -0.5
v 3.6 6 -0.7
v 3.6 6 -0.8
v 3.6 6 -0.9
v 3.6 6.1 -0.4
v 3.6 6.1 -0.5
v 3.6 6.1 -0.6
v 3.6 6.1 -0.8
v 3.6 6.1 -0.9
v 3.6 6.2 -0.4
v 3.6 6.2 -0.5
v 3.6 6.2 -0.6
v 3.6 6.2 -0.8
v 3.7 5.7 -0.8
v 3.7 5.7 -0.9
v 3.7 5.7 -1
v 3.7 5.7 -1.1
v 3.7 5.8 -0.1
v 3.7 5.8 -0.2
v 3.7 5.8 -0.7
v 3.7 5.8 -0.8
v 3.7 5.8 -0.9
v 3.7 5.8 -1
v 3.7 5.8 -1.1
v 3.7 5.9 -0.1
v 3.7 5.9 -0.2
v 3.7 5.9 -0.7
v 3.7 5.9 -0.8
v 3.7 5.9 -0.9
v 3.7 5.9 -1.1
v 3.7 6 0
v 3.7 6 -0.1
v 3.7 6 -0.2
v 3.7 6 -0.3
v 3.7 6 -0.8
v 3.7 6 -1.1
v 3.7 6.1 0
v 3.7 6.1 -0.1
v 3.7 6.1 -0.2
v 3.7 6.1 -0.3
v 3.7 6.1 -0.5
v 3.7 6.1 -0.6
v 3.7 6.2 -0.5
v 3.7 6.2 -0.6
v 3.8 5.7 -0.9
v 3.8 5.7 -1
v 3.8 5.8 -0.3
v 3.8 5.8 -0.4
v 3.8 5.8 -0.9
v 3.8 5.8 -1
v 3.8 6 -0.3
v 3.8 6 -0.4
v 3.8 6 -0.5
v 3.8 6.1 -0.3
v 3.8 6.1 -0.4
v 3.8 6.1 -0.5
v 3.8 6.2 -0.2
v 3.8 6.2 -0.3
v 3.8 6.2 -0.4
v 3.8 6.3 -0.2
v 3.8 6.3 -0.3
v 3.9 5.7 -0.7
v 3.9 5.7 -0.8
v 3.9 5.8 -0.2
v 3.9 5.8 -0.3
v 3.9 5.8 -0.7
v 3.9 5.8 -0.8
v 3.9 5.9 -0.1
v 3.9 5.9 -0.2
v 3.9 5.9 -0.3
v 3.9 6 -0.1
v 3.9 6 -0.2
v 3.9 6.1 -0.2
v 3.9 6.1 -0.3
v 3.9 6.1 -0.4
v 3.9 6.1 -0.5
v 3.9 6.2 -0.2
v 3.9 6.2 -0.3
v 3.9 6.2 -0.4
v 3.9 6.2 -0.5
v 4 5.7 -0.1
v 4 5.7 -0.2
v 4 5.8 -0.1
v 4 5.8 -0.2
v 4 5.9 -0.2
v 4 5.9 -0.3
v 4 6 -0.2
v 4 6 -0.3
v 4.1 5.7 -0.2
v 4.1 5.7 -0.3
v 4.1 5.8 -0.2
v 4.1 5.8 -0.3
v -3.2 3.9 0.2
v -3.2 4.2 0.2
v -3.2 4.5 0.2
v -3.1 4.2 0.2
v -3.1 4.3 0.2
v -3.1 4.6 0.2
v -3.1 4.7 0.2
v -3.1 4.9 0.2
v -3 5.1 0.2
v -3 5.2 0.2
v -2.9 4.3 0.2
v -2.9 4.4 0.2
v -2.9 4.7 0.2
v -2.9 4.9 0.2
v -2.9 5 0.2
v -2.8 4.9 0.2
v -2.8 5 0.2
v -2.8 5.5 0.2
v -2.8 5.6 0.2
v -2.7 3.9 0.2
v -2.7 4 0.2
v -2.7 5.1 0.2
v -2.7 5.2 0.2
v -2.7 5.6 0.2
v -2.7 5.8 0.2
v -2.6 4.4 0.2
v -2.6 4.5 0.2
v -2.6 5.8 0.2
v -2.6 6 0.2
v -2.5 5 0.2
v -2.5 5.1 0.2
v -2.5 5.4 0.2
v -2.5 5.5 0.2
v -2.5 5.7 0.2
v -2.5 5.9 0.2
v -2.5 6 0.2
v -2.4 5.5 0.2
v -2.4 5.7 0.2
v -2.4 6 0.2
v -2.4 6.2 0.2
v -2.3 4.4 0.2
v -2.3 4.5 0.2
v -2.3 5.8 0.2
v -2.3 5.9 0.2
v -2.3 6.2 0.2
v -2.3 6.4 0.2
v -2.2 5.9 0.2
v -2.2 6 0.2
v -2.2 6.4 0.2
v -2.2 6.5 0.2
v -2.1 5.7 0.2
v -2.1 5.8 0.2
v -2.1 6.2 0.2
v -2.1 6.4 0.2
v -2.1 6.5 0.2
v -2 5.8 0.2
v -2 5.9 0.2
v -2 6.2 0.2
v -2 6.3 0.2
v -2 6.4 0.2
v -2 6.5 0.2
v -2 6.7 0.2
v -1.9 4.6 0.2
v -1.9 4.7 0.2
v -1.9 5.6 0.2
v -1.9 5.7 0.2
v -1.9 6.2 0.2
v -1.9 6.3 0.2
v -1.9 6.4 0.2
v -1.9 6.5 0.2
v -1.9 6.7 0.2
v -1.9 6.8 0.2
v -1.8 4 0.2
v -1.8 4.1 0.2
v -1.8 5.4 0.2
v -1.8 5.6 0.2
v -1.8 5.7 0.2
v -1.8 5.8 0.2
v -1.8 6.1 0.2
v -1.8 6.2 0.2
v -1.8 6.3 0.2
v -1.8 6.4 0.2
v -1.8 6.6 0.2
v -1.7 5 0.2
v -1.7 5.1 0.2
v -1.7 5.2 0.2
v -1.7 5.3 0.2
v -1.7 5.6 0.2
v -1.7 5.7 0.2
v -1.7 6 0.2
v -1.7 6.1 0.2
v -1.7 6.2 0.2
v -1.7 6.3 0.2
v -1.7 6.6 0.2
v -1.7 6.8 0.2
v -1.7 6.9 0.2
v -1.6 4.3 0.2
v -1.6 4.4 0.2
v -1.6 5.3 0.2
v -1.6 5.4 0.2
v -1.6 5.9 0.2
v -1.6 6 0.2
v -1.6 6.1 0.2
v -1.6 6.2 0.2
v -1.6 6.8 0.2
v -1.6 6.9 0.2
v -1.5 4.2 0.2
v -1.5 4.3 0.2
v -1.5 4.9 0.2
v -1.5 5 0.2
v -1.5 5.8 0.2
v -1.5 5.9 0.2
v -1.5 6.7 0.2
v -1.5 6.8 0.2
v -1.5 6.9 0.2
v -1.5 7.1 0.2
v -1.4 4.1 0.2
v -1.4 4.2 0.2
v -1.4 4.8 0.2
v -1.4 4.9 0.2
v -1.4 5.2 0.2
v -1.4 5.3 0.2
v -1.4 6 0.2
v -1.4 6.1 0.2
v -1.4 6.5 0.2
v -1.4 6.7 0.2
v -1.4 6.8 0.2
v -1.4 6.9 0.2
v -1.3 4.7 0.2
v -1.3 4.8 0.2
v -1.3 5.1 0.2
v -1.3 5.2 0.2
v -1.3 5.3 0.2
v -1.3 5.4 0.2
v -1.3 5.5 0.2
v -1.3 5.7 0.2
v -1.3 5.8 0.2
v -1.3 5.9 0.2
v -1.3 6 0.2
v -1.3 6.4 0.2
v -1.3 6.5 0.2
v -1.3 6.6 0.2
v -1.3 6.7 0.2
v -1.3 6.8 0.2
v -1.3 7.1 0.2
v -1.3 7.2 0.2
v -1.2 4.1 0.2
v -1.2 4.4 0.2
v -1.2 4.7 0.2
v -1.2 4.8 0.2
v -1.2 5.6 0.2
v -1.2 5.7 0.2
v -1.2 5.8 0.2
v -1.2 5.9 0.2
v -1.2 6.3 0.2
v -1.2 6.4 0.2
v -1.2 6.5 0.2
v -1.2 6.6 0.2
v -1.2 6.7 0.2
v -1.2 6.9 0.2
v -1.2 7.2 0.2
v -1.2 7.3 0.2
v -1.1 4.8 0.2
v -1.1 5 0.2
v -1.1 5.2 0.2
v -1.1 5.3 0.2
v -1.1 5.4 0.2
v -1.1 5.5 0.2
v -1.1 5.7 0.2
v -1.1 5.8 0.2
v -1.1 6.1 0.2
v -1.1 6.3 0.2
v -1.1 6.4 0.2
v -1.1 6.5 0.2
v -1.1 6.9 0.2
v -1.1 7.2 0.2
v -1.1 7.3 0.2
v -1 5.1 0.2
v -1 5.2 0.2
v -1 6.2 0.2
v -1 6.4 0.2
v -1 7 0.2
v -1 7.2 0.2
v -0.9 5.3 0.2
v -0.9 5.5 0.2
v -0.9 5.6 0.2
v -0.9 6 0.2
v -0.9 6.1 0.2
v -0.9 6.2 0.2
v -0.9 6.8 0.2
v -0.9 7 0.2
v -0.9 7.3 0.2
v -0.9 7.4 0.2
v -0.8 5.7 0.2
v -0.8 6 0.2
v -0.8 6.1 0.2
v -0.8 6.6 0.2
v -0.8 6.8 0.2
v -0.8 7 0.2
v -0.8 7.1 0.2
v -0.8 7.3 0.2
v -0.8 7.4 0.2
v -0.8 7.5 0.2
v -0.7 5.5 0.2
v -0.7 5.6 0.2
v -0.7 5.8 0.2
v -0.7 5.9 0.2
v -0.7 6 0.2
v -0.7 6.4 0.2
v -0.7 6.6 0.2
v -0.7 6.8 0.2
v -0.7 7 0.2
v -0.7 7.1 0.2
v -0.7 7.3 0.2
v -0.6 5.9 0.2
v -0.6 6.1 0.2
v -0.6 6.2 0.2
v -0.6 6.4 0.2
v -0.6 6.6 0.2
v -0.6 6.8 0.2
v -0.6 7.3 0.2
v -0.6 7.5 0.2
v -0.5 5.8 0.2
v -0.5 5.9 0.2
v -0.5 6 0.2
v -0.5 6.1 0.2
v -0.5 6.2 0.2
v -0.5 6.4 0.2
v -0.5 6.6 0.2
v -0.5 7.5 0.2
v -0.5 7.6 0.2
v -0.4 5.9 0.2
v -0.4 6 0.2
v -0.4 6.2 0.2
v -0.4 6.4 0.2
v -0.4 7.1 0.2
v -0.4 7.6 0.2
v -0.3 6 0.2
v -0.3 6.1 0.2
v -0.3 6.2 0.2
v -0.3 6.9 0.2
v -0.3 7.1 0.2
v -0.3 7.5 0.2
v -0.3 7.6 0.2
v -0.2 6.1 0.2
v -0.2 6.3 0.2
v -0.2 6.6 0.2
v -0.2 6.9 0.2
v -0.2 7 0.2
v -0.2 7.5 0.2
v -0.2 7.6 0.2
v -0.0999999 6 0.2
v -0.0999999 6.1 0.2
v -0.0999999 6.3 0.2
v -0.0999999 6.6 0.2
v -0.0999999 6.7 0.2
v -0.0999999 7 0.2
v -0.0999999 7.3 0.2
v -0.0999999 7.5 0.2
v -0.0999999 7.6 0.2
v -0.0999999 7.7 0.2
v 0 6.1 0.2
v 0 6.3 0.2
v 0 6.4 0.2
v 0 6.5 0.2
v 0 6.7 0.2
v 0 6.8 0.2
v 0 7 0.2
v 0 7.2 0.2
v 0 7.3 0.2
v 0 7.5 0.2
v 0 7.6 0.2
v 0.1 6.2 0.2
v 0.1 6.4 0.2
v 0.1 6.9 0.2
v 0.1 7 0.2
v 0.1 7.2 0.2
v 0.2 6.4 0.2
v 0.2 6.5 0.2
v 0.2 6.6 0.2
v 0.2 6.8 0.2
v 0.2 6.9 0.2
v 0.2 7 0.2
v 0.2 7.6 0.2
v 0.2 7.7 0.2
v 0.3 6.2 0.2
v 0.3 6.4 0.2
v 0.3 6.6 0.2
v 0.3 7.5 0.2
v 0.3 7.7 0.2
v 0.4 7.1 0.2
v 0.4 7.3 0.2
v 0.4 7.4 0.2
v 0.4 7.5 0.2
v 0.4 7.6 0.2
v 0.4 7.7 0.2
v 0.5 7.1 0.2
v 0.5 7.3 0.2
v 0.5 7.4 0.2
v 0.5 7.6 0.2
v 0.5 7.7 0.2
v 0.5 7.8 0.2
v 0.6 6.4 0.2
v 0.6 6.7 0.2
v 0.6 7.3 0.2
v 0.6 7.4 0.2
v 0.6 7.6 0.2
v 0.7 6.4 0.2
v 0.7 6.7 0.2
v 0.7 6.8 0.2
v 0.7 6.9 0.2
v 0.7 7.4 0.2
v 0.7 7.6 0.2
v 0.7 7.7 0.2
v 0.7 7.8 0.2
v 0.8 6.8 0.2
v 0.8 6.9 0.2
v 0.8 7.6 0.2
v 0.8 7.7 0.2
v 1.2 6.6 0.2
v 1.2 6.7 0.2
v 1.3 6.6 0.2
v 1.3 6.7 0.2
v 1.3 7.7 0.2
v 1.3 7.8 0.2
v 1.5 7.7 0.2
v 1.5 7.8 0.2
v 1.9 6.7 0.2
v 1.9 6.8 0.2
v 2 6.7 0.2
v 2 6.8 0.2
v -3.1 3.7 0.1
v -3.1 3.9 0.1
v -3 4.5 0.1
v -3 4.6 0.1
v -3 4.9 0.1
v -3 5.1 0.1
v -2.9 4.9 0.1
v -2.9 5 0.1
v -2.9 5.1 0.1
v -2.8 5 0.1
v -2.7 3.9 0.1
v -2.7 4 0.1
v -2.7 5.1 0.1
v -2.7 5.2 0.1
v -2.7 5.5 0.1
v -2.6 4.5 0.1
v -2.5 5 0.1
v -2.5 5.1 0.1
v -2.5 5.4 0.1
v -2.5 5.5 0.1
v -2.4 5.9 0.1
v -2.4 6 0.1
v -2.3 4.4 0.1
v -2.3 4.5 0.1
v -2.3 5.8 0.1
v -2.3 5.9 0.1
v -2.2 5.9 0.1
v -2.2 6 0.1
v -2.1 5.7 0.1
v -2.1 5.8 0.1
v -2 5.8 0.1
v -2 5.9 0.1
v -2 6.3 0.1
v -2 6.4 0.1
v -1.9 4.6 0.1
v -1.9 4.7 0.1
v -1.9 5.6 0.1
v -1.9 5.7 0.1
v -1.9 6.2 0.1
v -1.9 6.3 0.1
v -1.9 6.4 0.1
v -1.8 4 0.1
v -1.8 4.1 0.1
v -1.8 5.4 0.1
v -1.8 5.6 0.1
v -1.8 5.7 0.1
v -1.8 5.8 0.1
v -1.8 6.1 0.1
v -1.8 6.2 0.1
v -1.8 6.3 0.1
v -1.8 6.4 0.1
v -1.7 5 0.1
v -1.7 5.1 0.1
v -1.7 5.2 0.1
v -1.7 5.3 0.1
v -1.7 5.6 0.1
v -1.7 5.7 0.1
v -1.7 6 0.1
v -1.7 6.1 0.1
v -1.7 6.2 0.1
v -1.7 6.3 0.1
v -1.6 4.4 0.1
v -1.6 5.3 0.1
v -1.6 5.4 0.1
v -1.6 5.9 0.1
v -1.6 6 0.1
v -1.6 6.1 0.1
v -1.6 6.2 0.1
v -1.5 5 0.1
v -1.5 5.8 0.1
v -1.5 5.9 0.1
v -1.5 6.7 0.1
v -1.5 6.8 0.1
v -1.4 4.1 0.1
v -1.4 5.2 0.1
v -1.4 6 0.1
v -1.4 6.1 0.1
v -1.4 6.5 0.1
v -1.4 6.7 0.1
v -1.4 6.8 0.1
v -1.3 3.7 0.1
v -1.3 4.1 0.1
v -1.3 4.4 0.1
v -1.3 4.7 0.1
v -1.3 5.1 0.1
v -1.3 5.2 0.1
v -1.3 5.3 0.1
v -1.3 5.4 0.1
v -1.3 5.5 0.1
v -1.3 5.7 0.1
v -1.3 5.8 0.1
v -1.3 5.9 0.1
v -1.3 6 0.1
v -1.3 6.4 0.1
v -1.3 6.5 0.1
v -1.3 6.6 0.1
v -1.3 6.7 0.1
v -1.3 6.8 0.1
v -1.2 5 0.1
v -1.2 5.1 0.1
v -1.2 5.6 0.1
v -1.2 5.7 0.1
v -1.2 5.8 0.1
v -1.2 5.9 0.1
v -1.2 6.3 0.1
v -1.2 6.4 0.1
v -1.2 6.5 0.1
v -1.2 6.6 0.1
v -1.1 5.3 0.1
v -1.1 5.4 0.1
v -1.1 5.5 0.1
v -1.1 5.6 0.1
v -1.1 5.7 0.1
v -1.1 5.8 0.1
v -1.1 6.1 0.1
v -1.1 6.3 0.1
v -1.1 6.4 0.1
v -1.1 6.5 0.1
v -1 5.5 0.1
v -1 5.6 0.1
v -1 5.7 0.1
v -1 6.2 0.1
v -1 6.4 0.1
v -1 7 0.1
v -1 7.2 0.1
v -0.9 5.6 0.1
v -0.9 5.7 0.1
v -0.9 6 0.1
v -0.9 6.1 0.1
v -0.9 6.2 0.1
v -0.9 6.8 0.1
v -0.9 7 0.1
v -0.8 5.7 0.1
v -0.8 5.8 0.1
v -0.8 6 0.1
v -0.8 6.1 0.1
v -0.8 6.6 0.1
v -0.8 6.8 0.1
v -0.8 7 0.1
v -0.8 7.1 0.1
v -0.8 7.2 0.1
v -0.7 5.6 0.1
v -0.7 5.7 0.1
v -0.7 5.8 0.1
v -0.7 5.9 0.1
v -0.7 6 0.1
v -0.7 6.4 0.1
v -0.7 6.6 0.1
v -0.7 6.8 0.1
v -0.7 7 0.1
v -0.6 5.6 0.1
v -0.6 5.7 0.1
v -0.6 6.2 0.1
v -0.6 6.4 0.1
v -0.6 6.6 0.1
v -0.6 6.8 0.1
v -0.5 6.1 0.1
v -0.5 6.2 0.1
v -0.5 6.4 0.1
v -0.5 6.6 0.1
v -0.4 6.2 0.1
v -0.4 6.4 0.1
v -0.4 7.1 0.1
v -0.4 7.4 0.1
v -0.3 6.1 0.1
v -0.3 6.2 0.1
v -0.3 6.9 0.1
v -0.3 7.1 0.1
v -0.2 6.6 0.1
v -0.2 6.9 0.1
v -0.2 7 0.1
v -0.2 7.4 0.1
v -0.2 7.5 0.1
v -0.2 7.6 0.1
v -0.2 7.7 0.1
v -0.0999999 6.3 0.1
v -0.0999999 6.6 0.1
v -0.0999999 6.7 0.1
v -0.0999999 7 0.1
v -0.0999999 7.3 0.1
v -0.0999999 7.5 0.1
v -0.0999999 7.6 0.1
v -0.0999999 7.7 0.1
v 0 6.3 0.1
v 0 6.4 0.1
v 0 6.5 0.1
v 0 6.7 0.1
v 0 6.8 0.1
v 0 7 0.1
v 0 7.2 0.1
v 0 7.3 0.1
v 0 7.5 0.1
v 0 7.6 0.1
v 0.1 6.3 0.1
v 0.1 6.4 0.1
v 0.1 6.9 0.1
v 0.1 7 0.1
v 0.1 7.2 0.1
v 0.2 6.6 0.1
v 0.2 6.8 0.1
v 0.2 6.9 0.1
v 0.2 7 0.1
v 0.2 7.1 0.1
v 0.2 7.3 0.1
v 0.2 7.5 0.1
v 0.2 7.6 0.1
v 0.3 6.2 0.1
v 0.3 6.3 0.1
v 0.3 6.4 0.1
v 0.3 6.5 0.1
v 0.3 6.6 0.1
v 0.3 7 0.1
v 0.3 7.1 0.1
v 0.3 7.3 0.1
v 0.3 7.4 0.1
v 0.3 7.5 0.1
v 0.3 7.6 0.1
v 0.3 7.7 0.1
v 0.3 7.8 0.1
v 0.4 6.2 0.1
v 0.4 6.3 0.1
v 0.4 6.4 0.1
v 0.4 6.5 0.1
v 0.4 6.9 0.1
v 0.4 7 0.1
v 0.4 7.1 0.1
v 0.4 7.3 0.1
v 0.4 7.4 0.1
v 0.4 7.5 0.1
v 0.4 7.7 0.1
v 0.5 6.4 0.1
v 0.5 6.6 0.1
v 0.5 6.9 0.1
v 0.5 7 0.1
v 0.5 7.1 0.1
v 0.5 7.3 0.1
v 0.5 7.4 0.1
v 0.5 7.6 0.1
v 0.5 7.7 0.1
v 0.5 7.8 0.1
v 0.6 6.3 0.1
v 0.6 6.4 0.1
v 0.6 6.6 0.1
v 0.6 6.7 0.1
v 0.6 6.8 0.1
v 0.6 6.9 0.1
v 0.6 7 0.1
v 0.6 7.1 0.1
v 0.6 7.2 0.1
v 0.6 7.3 0.1
v 0.6 7.4 0.1
v 0.6 7.6 0.1
v 0.7 6.3 0.1
v 0.7 6.4 0.1
v 0.7 6.7 0.1
v 0.7 6.8 0.1
v 0.7 6.9 0.1
v 0.7 7.4 0.1
v 0.7 7.6 0.1
v 0.7 7.7 0.1
v 0.8 6.5 0.1
v 0.8 6.7 0.1
v 0.8 6.8 0.1
v 0.8 6.9 0.1
v 0.8 7.1 0.1
v 0.8 7.2 0.1
v 0.8 7.6 0.1
v 0.8 7.7 0.1
v 0.9 6.4 0.1
v 0.9 6.5 0.1
v 0.9 6.6 0.1
v 0.9 6.7 0.1
v 0.9 7.1 0.1
v 0.9 7.2 0.1
v 0.9 7.6 0.1
v 0.9 7.7 0.1
v 1 6.6 0.1
v 1 6.7 0.1
v 1 7.6 0.1
v 1 7.7 0.1
v 1.1 6.4 0.1
v 1.1 6.5 0.1
v 1.1 6.7 0.1
v 1.1 6.8 0.1
v 1.1 6.9 0.1
v 1.1 7.1 0.1
v 1.2 6.6 0.1
v 1.2 6.7 0.1
v 1.2 6.8 0.1
v 1.2 6.9 0.1
v 1.2 7.1 0.1
v 1.2 7.4 0.1
v 1.2 7.6 0.1
v 1.2 7.7 0.1
v 1.2 7.8 0.1
v 1.3 6.5 0.1
v 1.3 6.6 0.1
v 1.3 6.7 0.1
v 1.3 6.8 0.1
v 1.3 6.9 0.1
v 1.3 7.1 0.1
v 1.3 7.3 0.1
v 1.3 7.7 0.1
v 1.3 7.8 0.1
v 1.4 6.6 0.1
v 1.4 6.7 0.1
v 1.4 7 0.1
v 1.4 7.1 0.1
v 1.4 7.3 0.1
v 1.4 7.4 0.1
v 1.4 7.6 0.1
v 1.4 7.7 0.1
v 1.5 7 0.1
v 1.5 7.1 0.1
v 1.5 7.4 0.1
v 1.5 7.6 0.1
v 1.5 7.7 0.1
v 1.5 7.8 0.1
v 1.6 6.2 0.1
v 1.6 6.3 0.1
v 1.6 7.7 0.1
v 1.6 7.8 0.1
v 1.7 6.7 0.1
v 1.7 6.9 0.1
v 1.7 7.4 0.1
v 1.7 7.5 0.1
v 1.7 7.6 0.1
v 1.7 7.7 0.1
v 1.8 6.2 0.1
v 1.8 6.3 0.1
v 1.8 6.7 0.1
v 1.8 6.9 0.1
v 1.8 7.3 0.1
v 1.8 7.5 0.1
v 1.8 7.6 0.1
v 1.8 7.7 0.1
v 1.9 6.8 0.1
v 1.9 6.9 0.1
v 1.9 7.2 0.1
v 1.9 7.3 0.1
v 1.9 7.5 0.1
v 1.9 7.6 0.1
v 2 6.5 0.1
v 2 6.7 0.1
v 2 6.8 0.1
v 2 7.2 0.1
v 2 7.5 0.1
v 2 7.6 0.1
v 2 7.7 0.1
v 2.1 6.5 0.1
v 2.1 6.6 0.1
v 2.1 6.7 0.1
v 2.1 6.9 0.1
v 2.1 7.1 0.1
v 2.1 7.2 0.1
v 2.2 6.6 0.1
v 2.2 6.7 0.1
v 2.2 7.1 0.1
v 2.2 7.2 0.1
v 2.3 7 0.1
v 2.3 7.1 0.1
v 2.4 7 0.1
v 2.4 7.1 0.1
v 2.8 6.1 0.1
v 2.8 6.2 0.1
v 2.9 5.7 0.1
v 2.9 5.8 0.1
v 2.9 6.1 0.1
v 2.9 6.2 0.1
v 3 5.6 0.1
v 3 5.7 0.1
v 3 5.8 0.1
v 3 6 0.1
v 3 6.1 0.1
v 3.1 6 0.1
v 3.1 6.1 0.1
v 3.2 5.9 0.1
v 3.2 6 0.1
v 3.3 5.6 0.1
v 3.3 5.7 0.1
v 3.3 5.9 0.1
v 3.3 6 0.1
v -0.5 5.8 0
v -0.5 5.9 0
v -0.4 5.8 0
v -0.4 5.9 0
v 0.2 7 0
v 0.2 7.1 0
v 0.2 7.3 0
v 0.2 7.5 0
v 0.3 6.3 0
v 0.3 6.4 0
v 0.3 6.5 0
v 0.3 6.8 0
v 0.3 6.9 0
v 0.3 7 0
v 0.3 7.1 0
v 0.3 7.3 0
v 0.3 7.4 0
v 0.3 7.5 0
v 0.4 6.3 0
v 0.4 6.4 0
v 0.4 6.5 0
v 0.4 6.6 0
v 0.4 6.7 0
v 0.4 6.8 0
v 0.4 6.9 0
v 0.4 7 0
v 0.5 6.4 0
v 0.5 6.5 0
v 0.5 6.6 0
v 0.5 6.7 0
v 0.5 6.9 0
v 0.5 7 0
v 0.6 6.8 0
v 0.6 6.9 0
v 0.6 7 0
v 0.6 7.1 0
v 0.6 7.2 0
v 0.7 6.3 0
v 0.7 6.4 0
v 0.7 6.8 0
v 0.7 6.9 0
v 0.8 6.5 0
v 0.8 6.7 0
v 0.8 7.1 0
v 0.8 7.2 0
v 0.8 7.6 0
v 0.9 6.3 0
v 0.9 6.4 0
v 0.9 6.5 0
v 0.9 6.6 0
v 0.9 6.7 0
v 0.9 7.1 0
v 0.9 7.2 0
v 0.9 7.6 0
v 0.9 7.7 0
v 1 6.6 0
v 1 6.7 0
v 1 7.1 0
v 1 7.2 0
v 1 7.4 0
v 1 7.6 0
v 1 7.7 0
v 1.1 6.4 0
v 1.1 6.5 0
v 1.1 6.7 0
v 1.1 6.8 0
v 1.1 6.9 0
v 1.1 7.1 0
v 1.1 7.2 0
v 1.1 7.4 0
v 1.1 7.6 0
v 1.2 6.7 0
v 1.2 6.8 0
v 1.2 6.9 0
v 1.2 7.1 0
v 1.2 7.2 0
v 1.2 7.4 0
v 1.2 7.6 0
v 1.3 6.3 0
v 1.3 6.4 0
v 1.3 6.5 0
v 1.3 6.6 0
v 1.3 6.8 0
v 1.3 6.9 0
v 1.3 7.1 0
v 1.3 7.3 0
v 1.4 6.3 0
v 1.4 6.4 0
v 1.4 6.5 0
v 1.4 6.6 0
v 1.4 6.7 0
v 1.4 6.9 0
v 1.4 7.1 0
v 1.4 7.3 0
v 1.4 7.4 0
v 1.4 7.6 0
v 1.4 7.7 0
v 1.5 6.5 0
v 1.5 6.6 0
v 1.5 6.7 0
v 1.5 6.9 0
v 1.5 7 0
v 1.5 7.1 0
v 1.5 7.3 0
v 1.5 7.4 0
v 1.5 7.6 0
v 1.5 7.7 0
v 1.6 6.3 0
v 1.6 6.4 0
v 1.6 6.5 0
v 1.6 6.6 0
v 1.6 6.8 0
v 1.6 6.9 0
v 1.6 7.1 0
v 1.6 7.2 0
v 1.6 7.3 0
v 1.6 7.4 0
v 1.7 6.3 0
v 1.7 6.4 0
v 1.7 6.5 0
v 1.7 6.6 0
v 1.7 6.7 0
v 1.7 6.8 0
v 1.7 6.9 0
v 1.7 7 0
v 1.7 7.1 0
v 1.7 7.2 0
v 1.7 7.3 0
v 1.7 7.4 0
v 1.7 7.5 0
v 1.8 6.4 0
v 1.8 6.5 0
v 1.8 6.7 0
v 1.8 6.9 0
v 1.8 7.1 0
v 1.8 7.3 0
v 1.8 7.5 0
v 1.9 6.7 0
v 1.9 6.9 0
v 1.9 7 0
v 1.9 7.1 0
v 1.9 7.2 0
v 1.9 7.3 0
v 1.9 7.5 0
v 1.9 7.6 0
v 2 6.6 0
v 2 6.7 0
v 2 7.2 0
v 2 7.4 0
v 2 7.5 0
v 2 7.6 0
v 2.1 6.5 0
v 2.1 6.6 0
v 2.1 7.1 0
v 2.1 7.2 0
v 2.1 7.4 0
v 2.1 7.5 0
v 2.1 7.6 0
v 2.2 6.6 0
v 2.2 6.7 0
v 2.2 6.8 0
v 2.2 7 0
v 2.2 7.1 0
v 2.2 7.2 0
v 2.3 6.4 0
v 2.3 6.5 0
v 2.3 6.6 0
v 2.3 6.8 0
v 2.3 7 0
v 2.3 7.1 0
v 2.3 7.2 0
v 2.4 6.4 0
v 2.4 6.5 0
v 2.4 6.6 0
v 2.4 6.7 0
v 2.4 6.8 0
v 2.4 7 0
v 2.5 6.4 0
v 2.5 6.5 0
v 2.5 6.8 0
v 2.5 7 0
v 2.6 6.3 0
v 2.6 6.4 0
v 2.6 6.5 0
v 2.6 6.6 0
v 2.6 6.7 0
v 2.7 6.1 0
v 2.7 6.3 0
v 2.7 6.4 0
v 2.7 6.6 0
v 2.8 5.9 0
v 2.8 6.1 0
v 2.8 6.2 0
v 2.8 6.3 0
v 2.8 6.6 0
v 2.9 5.9 0
v 2.9 6 0
v 2.9 6.1 0
v 2.9 6.2 0
v 3 5.7 0
v 3 5.8 0
v 3 5.9 0
v 3 6 0
v 3 6.1 0
v 3 6.3 0
v 3.1 6 0
v 3.1 6.1 0
v 3.2 5.7 0
v 3.2 5.8 0
v 3.2 5.9 0
v 3.2 6 0
v 3.2 6.1 0
v 3.4 5.7 0
v 3.4 5.8 0
v 3.5 5.7 0
v 3.5 5.8 0
v 3.6 6 0
v 3.6 6.1 0
v 3.7 6 0
v 3.7 6.1 0
v -0.6 5.7 -0.1
v -0.6 5.8 -0.1
v -0.5 5.7 -0.1
v -0.5 5.8 -0.1
v 0.3 6.8 -0.1
v 0.3 6.9 -0.1
v 0.4 6.6 -0.1
v 0.4 6.7 -0.1
v 0.4 6.8 -0.1
v 0.4 6.9 -0.1
v 0.5 6.6 -0.1
v 0.5 6.7 -0.1
v 0.9 6.4 -0.1
v 0.9 6.5 -0.1
v 0.9 7.1 -0.1
v 0.9 7.2 -0.1
v 1 6.4 -0.1
v 1 6.5 -0.1
v 1 7.1 -0.1
v 1 7.2 -0.1
v 1 7.4 -0.1
v 1 7.6 -0.1
v 1.1 6.3 -0.1
v 1.1 6.4 -0.1
v 1.1 7.2 -0.1
v 1.1 7.4 -0.1
v 1.1 7.6 -0.1
v 1.2 6.3 -0.1
v 1.2 6.4 -0.1
v 1.2 7.2 -0.1
v 1.2 7.4 -0.1
v 1.3 6.9 -0.1
v 1.3 7.1 -0.1
v 1.4 6.7 -0.1
v 1.4 6.9 -0.1
v 1.4 7 -0.1
v 1.4 7.1 -0.1
v 1.4 7.3 -0.1
v 1.4 7.4 -0.1
v 1.5 6.6 -0.1
v 1.5 6.7 -0.1
v 1.5 6.9 -0.1
v 1.5 7.3 -0.1
v 1.5 7.4 -0.1
v 1.6 6.4 -0.1
v 1.6 6.5 -0.1
v 1.6 6.6 -0.1
v 1.6 6.7 -0.1
v 1.6 6.8 -0.1
v 1.6 7.1 -0.1
v 1.6 7.2 -0.1
v 1.6 7.3 -0.1
v 1.6 7.4 -0.1
v 1.7 6.4 -0.1
v 1.7 6.5 -0.1
v 1.7 6.6 -0.1
v 1.7 6.8 -0.1
v 1.7 7 -0.1
v 1.7 7.1 -0.1
v 1.7 7.2 -0.1
v 1.7 7.3 -0.1
v 1.7 7.4 -0.1
v 1.8 6.5 -0.1
v 1.8 6.6 -0.1
v 1.8 7.1 -0.1
v 1.8 7.2 -0.1
v 1.8 7.3 -0.1
v 1.9 6.9 -0.1
v 1.9 7 -0.1
v 1.9 7.1 -0.1
v 2 7.4 -0.1
v 2 7.5 -0.1
v 2.1 6.4 -0.1
v 2.1 6.5 -0.1
v 2.1 6.7 -0.1
v 2.1 6.8 -0.1
v 2.1 6.9 -0.1
v 2.1 7 -0.1
v 2.1 7.2 -0.1
v 2.1 7.3 -0.1
v 2.1 7.4 -0.1
v 2.1 7.5 -0.1
v 2.2 6.3 -0.1
v 2.2 6.4 -0.1
v 2.2 6.6 -0.1
v 2.2 6.7 -0.1
v 2.2 6.8 -0.1
v 2.2 7 -0.1
v 2.2 7.1 -0.1
v 2.3 6.3 -0.1
v 2.3 6.4 -0.1
v 2.3 6.5 -0.1
v 2.3 6.6 -0.1
v 2.3 6.8 -0.1
v 2.3 7.1 -0.1
v 2.3 7.2 -0.1
v 2.3 7.3 -0.1
v 2.4 5.8 -0.1
v 2.4 5.9 -0.1
v 2.4 6.4 -0.1
v 2.4 6.5 -0.1
v 2.4 6.6 -0.1
v 2.4 6.7 -0.1
v 2.4 6.8 -0.1
v 2.4 7.1 -0.1
v 2.4 7.2 -0.1
v 2.5 5.7 -0.1
v 2.5 5.8 -0.1
v 2.5 6.3 -0.1
v 2.5 6.4 -0.1
v 2.5 6.5 -0.1
v 2.5 6.8 -0.1
v 2.5 7 -0.1
v 2.6 5.7 -0.1
v 2.6 5.9 -0.1
v 2.6 6.1 -0.1
v 2.6 6.3 -0.1
v 2.6 6.4 -0.1
v 2.6 6.5 -0.1
v 2.6 6.6 -0.1
v 2.6 6.7 -0.1
v 2.6 6.8 -0.1
v 2.7 6.1 -0.1
v 2.7 6.3 -0.1
v 2.7 6.4 -0.1
v 2.7 6.6 -0.1
v 2.7 6.8 -0.1
v 2.7 7 -0.1
v 2.8 5.6 -0.1
v 2.8 5.7 -0.1
v 2.8 6.3 -0.1
v 2.8 6.5 -0.1
v 2.9 5.6 -0.1
v 2.9 5.7 -0.1
v 2.9 5.8 -0.1
v 2.9 5.9 -0.1
v 2.9 6 -0.1
v 2.9 6.3 -0.1
v 2.9 6.5 -0.1
v 3 5.6 -0.1
v 3 5.7 -0.1
v 3 5.9 -0.1
v 3 6 -0.1
v 3 6.1 -0.1
v 3 6.3 -0.1
v 3.1 5.6 -0.1
v 3.1 5.7 -0.1
v 3.1 5.8 -0.1
v 3.1 5.9 -0.1
v 3.2 5.8 -0.1
v 3.2 5.9 -0.1
v 3.2 6 -0.1
v 3.2 6.1 -0.1
v 3.2 6.2 -0.1
v 3.2 6.3 -0.1
v 3.3 5.9 -0.1
v 3.3 6 -0.1
v 3.3 6.2 -0.1
v 3.4 5.8 -0.1
v 3.4 6 -0.1
v 3.5 5.8 -0.1
v 3.5 5.9 -0.1
v 3.6 5.9 -0.1
v 3.6 6 -0.1
v 3.7 5.8 -0.1
v 3.7 5.9 -0.1
v 3.7 6 -0.1
v 3.9 5.7 -0.1
v 3.9 5.8 -0.1
v 3.9 5.9 -0.1
v 3.9 6 -0.1
v 4 5.7 -0.1
v 4 5.8 -0.1
v 1.4 6.6 -0.2
v 1.4 6.7 -0.2
v 1.4 6.9 -0.2
v 1.4 7 -0.2
v 1.5 6.6 -0.2
v 1.5 6.7 -0.2
v 1.5 6.9 -0.2
v 1.5 7 -0.2
v 1.6 6.7 -0.2
v 1.6 6.9 -0.2
v 1.7 7.1 -0.2
v 1.7 7.2 -0.2
v 1.8 7.1 -0.2
v 1.8 7.2 -0.2
v 2.1 6.8 -0.2
v 2.1 7 -0.2
v 2.1 7.3 -0.2
v 2.1 7.4 -0.2
v 2.1 7.5 -0.2
v 2.2 6.8 -0.2
v 2.2 7 -0.2
v 2.2 7.3 -0.2
v 2.2 7.4 -0.2
v 2.2 7.5 -0.2
v 2.4 6.3 -0.2
v 2.4 6.4 -0.2
v 2.4 7 -0.2
v 2.4 7.1 -0.2
v 2.5 6.2 -0.2
v 2.5 6.3 -0.2
v 2.5 6.4 -0.2
v 2.6 6.2 -0.2
v 2.6 6.3 -0.2
v 2.6 6.6 -0.2
v 2.6 6.8 -0.2
v 2.7 6.1 -0.2
v 2.7 6.2 -0.2
v 2.7 6.6 -0.2
v 2.7 6.7 -0.2
v 2.7 6.8 -0.2
v 2.7 6.9 -0.2
v 2.7 7 -0.2
v 2.7 7.1 -0.2
v 2.8 6.1 -0.2
v 2.8 6.2 -0.2
v 2.8 6.7 -0.2
v 2.8 6.9 -0.2
v 2.9 6.3 -0.2
v 2.9 6.5 -0.2
v 3 6.4 -0.2
v 3 6.5 -0.2
v 3.1 6.3 -0.2
v 3.1 6.4 -0.2
v 3.2 6.2 -0.2
v 3.2 6.3 -0.2
v 3.3 6 -0.2
v 3.3 6.2 -0.2
v 3.3 6.3 -0.2
v 3.3 6.5 -0.2
v 3.3 6.6 -0.2
v 3.4 5.9 -0.2
v 3.4 6 -0.2
v 3.4 6.2 -0.2
v 3.4 6.5 -0.2
v 3.4 6.6 -0.2
v 3.5 5.9 -0.2
v 3.5 6 -0.2
v 3.5 6.1 -0.2
v 3.6 5.9 -0.2
v 3.6 6 -0.2
v 3.7 5.7 -0.2
v 3.7 5.8 -0.2
v 3.7 5.9 -0.2
v 3.7 6 -0.2
v 3.7 6.1 -0.2
v 3.7 6.3 -0.2
v 3.8 6.2 -0.2
v 3.8 6.3 -0.2
v 3.9 5.7 -0.2
v 3.9 5.8 -0.2
v 3.9 5.9 -0.2
v 3.9 6 -0.2
v 3.9 6.1 -0.2
v 3.9 6.2 -0.2
v 4 5.7 -0.2
v 4 5.8 -0.2
v 4 5.9 -0.2
v 4 6 -0.2
v 4.1 5.7 -0.2
v 4.1 5.8 -0.2
v 2.3 6.3 -0.3
v 2.3 6.4 -0.3
v 2.4 6.3 -0.3
v 2.4 6.4 -0.3
v 2.6 6.1 -0.3
v 2.6 6.2 -0.3
v 2.6 6.3 -0.3
v 2.6 6.9 -0.3
v 2.6 7 -0.3
v 2.7 6.1 -0.3
v 2.7 6.3 -0.3
v 2.7 6.6 -0.3
v 2.7 6.7 -0.3
v 2.7 7 -0.3
v 2.8 5.8 -0.3
v 2.8 5.9 -0.3
v 2.8 6.5 -0.3
v 2.8 6.6 -0.3
v 2.8 6.7 -0.3
v 2.8 6.9 -0.3
v 2.8 7 -0.3
v 2.9 5.8 -0.3
v 2.9 5.9 -0.3
v 2.9 6.5 -0.3
v 2.9 6.6 -0.3
v 2.9 6.7 -0.3
v 2.9 6.9 -0.3
v 3 6.4 -0.3
v 3 6.5 -0.3
v 3.1 6.3 -0.3
v 3.1 6.4 -0.3
v 3.1 6.5 -0.3
v 3.2 6.3 -0.3
v 3.2 6.4 -0.3
v 3.3 6.2 -0.3
v 3.3 6.3 -0.3
v 3.3 6.4 -0.3
v 3.3 6.5 -0.3
v 3.4 6 -0.3
v 3.4 6.1 -0.3
v 3.4 6.2 -0.3
v 3.4 6.3 -0.3
v 3.4 6.4 -0.3
v 3.4 6.5 -0.3
v 3.5 5.7 -0.3
v 3.5 5.8 -0.3
v 3.5 6 -0.3
v 3.5 6.1 -0.3
v 3.6 5.7 -0.3
v 3.6 5.8 -0.3
v 3.6 6.1 -0.3
v 3.6 6.2 -0.3
v 3.7 6 -0.3
v 3.7 6.1 -0.3
v 3.7 6.2 -0.3
v 3.8 6 -0.3
v 3.8 6.1 -0.3
v 1.1 6.5 -0.4
v 1.1 6.6 -0.4
v 1.3 6.6 -0.4
v 1.3 6.7 -0.4
v 1.4 6.5 -0.4
v 1.4 6.7 -0.4
v 1.4 6.8 -0.4
v 1.5 6.7 -0.4
v 1.5 6.8 -0.4
v 1.5 7.6 -0.4
v 1.5 7.7 -0.4
v 1.6 6.5 -0.4
v 1.6 6.6 -0.4
v 1.7 6.5 -0.4
v 1.7 6.6 -0.4
v 1.7 6.7 -0.4
v 1.7 7.6 -0.4
v 1.7 7.7 -0.4
v 1.8 6.5 -0.4
v 1.8 6.7 -0.4
v 1.8 6.8 -0.4
v 1.9 6.6 -0.4
v 1.9 6.7 -0.4
v 1.9 6.8 -0.4
v 2 6.2 -0.4
v 2 6.3 -0.4
v 2 6.5 -0.4
v 2 6.6 -0.4
v 2 6.7 -0.4
v 2.1 6.1 -0.4
v 2.1 6.2 -0.4
v 2.1 6.3 -0.4
v 2.1 6.5 -0.4
v 2.1 6.6 -0.4
v 2.2 6.1 -0.4
v 2.2 6.2 -0.4
v 2.2 6.3 -0.4
v 2.2 6.5 -0.4
v 2.8 6.6 -0.4
v 2.8 6.7 -0.4
v 2.9 6.5 -0.4
v 2.9 6.6 -0.4
v 2.9 6.7 -0.4
v 3.1 6.4 -0.4
v 3.1 6.5 -0.4
v 3.1 6.6 -0.4
v 3.1 6.7 -0.4
v 3.2 5.8 -0.4
v 3.2 5.9 -0.4
v 3.2 6.4 -0.4
v 3.2 6.5 -0.4
v 3.2 6.6 -0.4
v 3.3 5.8 -0.4
v 3.3 5.9 -0.4
v 3.3 6 -0.4
v 3.3 6.4 -0.4
v 3.3 6.5 -0.4
v 3.4 5.9 -0.4
v 3.4 6 -0.4
v 3.4 6.1 -0.4
v 3.4 6.2 -0.4
v 3.6 6.1 -0.4
v 3.6 6.2 -0.4
v 3.8 6.1 -0.4
v 3.8 6.2 -0.4
v 3.9 6.1 -0.4
v 3.9 6.2 -0.4
v 0.4 6.4 -0.5
v 0.4 6.5 -0.5
v 0.6 6.3 -0.5
v 0.6 6.4 -0.5
v 0.6 6.5 -0.5
v 0.7 7.7 -0.5
v 0.7 7.8 -0.5
v 0.8 7.7 -0.5
v 0.8 7.8 -0.5
v 0.9 6.3 -0.5
v 0.9 6.4 -0.5
v 0.9 6.5 -0.5
v 1.1 6.4 -0.5
v 1.1 6.5 -0.5
v 1.3 6.3 -0.5
v 1.3 6.4 -0.5
v 1.3 6.5 -0.5
v 1.4 6.3 -0.5
v 1.4 6.4 -0.5
v 1.4 6.5 -0.5
v 1.4 6.7 -0.5
v 1.5 6.5 -0.5
v 1.5 6.6 -0.5
v 1.6 6.4 -0.5
v 1.6 6.5 -0.5
v 1.6 6.6 -0.5
v 1.6 6.7 -0.5
v 1.7 6.2 -0.5
v 1.7 6.3 -0.5
v 1.7 6.4 -0.5
v 1.7 6.5 -0.5
v 1.8 6.2 -0.5
v 1.8 6.3 -0.5
v 1.8 6.6 -0.5
v 1.8 6.7 -0.5
v 1.9 6.6 -0.5
v 1.9 6.7 -0.5
v 1.9 7.4 -0.5
v 1.9 7.5 -0.5
v 2 6.4 -0.5
v 2 6.5 -0.5
v 2 7.4 -0.5
v 2 7.5 -0.5
v 2 7.6 -0.5
v 2.1 6.4 -0.5
v 2.1 6.5 -0.5
v 2.1 7.5 -0.5
v 2.1 7.6 -0.5
v 2.2 6.4 -0.5
v 2.2 6.5 -0.5
v 2.3 6.4 -0.5
v 2.3 6.5 -0.5
v 2.5 6.2 -0.5
v 2.5 6.3 -0.5
v 2.5 7 -0.5
v 2.5 7.1 -0.5
v 2.6 6 -0.5
v 2.6 6.2 -0.5
v 2.6 6.3 -0.5
v 2.6 7 -0.5
v 2.6 7.1 -0.5
v 2.7 6.9 -0.5
v 2.7 7 -0.5
v 2.8 5.9 -0.5
v 2.8 6 -0.5
v 2.8 6.7 -0.5
v 2.8 6.8 -0.5
v 2.8 6.9 -0.5
v 2.8 7 -0.5
v 2.9 5.8 -0.5
v 2.9 5.9 -0.5
v 2.9 6.1 -0.5
v 2.9 6.2 -0.5
v 2.9 6.7 -0.5
v 2.9 6.8 -0.5
v 3 5.9 -0.5
v 3 6.1 -0.5
v 3.2 5.8 -0.5
v 3.2 5.9 -0.5
v 3.2 6.3 -0.5
v 3.2 6.4 -0.5
v 3.2 6.5 -0.5
v 3.2 6.6 -0.5
v 3.3 6.3 -0.5
v 3.3 6.4 -0.5
v 3.3 6.5 -0.5
v 3.3 6.6 -0.5
v 3.4 5.8 -0.5
v 3.4 5.9 -0.5
v 3.4 6.2 -0.5
v 3.4 6.3 -0.5
v 3.4 6.4 -0.5
v 3.4 6.5 -0.5
v 3.5 5.8 -0.5
v 3.5 5.9 -0.5
v 3.5 6.2 -0.5
v 3.5 6.3 -0.5
v 3.6 6.1 -0.5
v 3.6 6.2 -0.5
v 3.7 6.1 -0.5
v 3.7 6.2 -0.5
v -2.6 4 -0.6
v -2.6 4.1 -0.6
v -2.5 4 -0.6
v -2.5 4.1 -0.6
v 0.3 6.2 -0.6
v 0.3 6.3 -0.6
v 0.3 6.4 -0.6
v 0.4 6.2 -0.6
v 0.4 6.4 -0.6
v 1.1 6.3 -0.6
v 1.1 6.4 -0.6
v 1.2 7.7 -0.6
v 1.2 7.8 -0.6
v 1.3 6.3 -0.6
v 1.3 6.4 -0.6
v 1.3 7.7 -0.6
v 1.3 7.8 -0.6
v 2.2 6.2 -0.6
v 2.2 6.3 -0.6
v 2.2 6.4 -0.6
v 2.3 6.2 -0.6
v 2.3 6.3 -0.6
v 2.3 6.4 -0.6
v 2.3 6.5 -0.6
v 2.4 6.3 -0.6
v 2.4 6.4 -0.6
v 2.4 6.5 -0.6
v 2.5 6.1 -0.6
v 2.5 6.2 -0.6
v 2.5 6.3 -0.6
v 2.5 6.4 -0.6
v 2.6 5.9 -0.6
v 2.6 6 -0.6
v 2.6 6.1 -0.6
v 2.6 6.2 -0.6
v 2.6 7 -0.6
v 2.6 7.1 -0.6
v 2.7 5.8 -0.6
v 2.7 5.9 -0.6
v 2.8 5.8 -0.6
v 2.8 5.9 -0.6
v 2.8 6 -0.6
v 2.8 6.8 -0.6
v 2.8 6.9 -0.6
v 2.8 7 -0.6
v 2.8 7.1 -0.6
v 2.9 5.6 -0.6
v 2.9 5.7 -0.6
v 2.9 6.8 -0.6
v 2.9 6.9 -0.6
v 3 5.6 -0.6
v 3 5.7 -0.6
v 3.3 5.8 -0.6
v 3.3 5.9 -0.6
v 3.3 6.3 -0.6
v 3.3 6.4 -0.6
v 3.3 6.5 -0.6
v 3.3 6.6 -0.6
v 3.4 5.8 -0.6
v 3.4 5.9 -0.6
v 3.4 6.3 -0.6
v 3.4 6.4 -0.6
v 3.4 6.5 -0.6
v 3.4 6.6 -0.6
v -0.0999999 6.2 -0.7
v -0.0999999 6.3 -0.7
v 0 6.2 -0.7
v 0 6.3 -0.7
v 0 6.4 -0.7
v 0.1 6.2 -0.7
v 0.1 6.3 -0.7
v 0.1 6.4 -0.7
v 0.3 6.2 -0.7
v 0.3 6.3 -0.7
v 0.7 7.7 -0.7
v 0.7 7.8 -0.7
v 0.8 7.7 -0.7
v 0.8 7.8 -0.7
v 1.7 6.5 -0.7
v 1.7 6.6 -0.7
v 2 6.3 -0.7
v 2 6.4 -0.7
v 2 6.5 -0.7
v 2 6.6 -0.7
v 2 7.1 -0.7
v 2 7.2 -0.7
v 2 7.3 -0.7
v 2 7.4 -0.7
v 2.1 6.1 -0.7
v 2.1 6.3 -0.7
v 2.1 6.4 -0.7
v 2.1 7.1 -0.7
v 2.1 7.2 -0.7
v 2.1 7.3 -0.7
v 2.1 7.4 -0.7
v 2.2 6.1 -0.7
v 2.2 6.2 -0.7
v 2.2 6.3 -0.7
v 2.2 6.9 -0.7
v 2.2 7 -0.7
v 2.3 6.9 -0.7
v 2.3 7 -0.7
v 3.1 5.8 -0.7
v 3.1 5.9 -0.7
v 3.2 5.7 -0.7
v 3.2 5.8 -0.7
v 3.2 5.9 -0.7
v 3.3 5.7 -0.7
v 3.3 5.8 -0.7
v 3.5 5.9 -0.7
v 3.5 6 -0.7
v 3.6 5.8 -0.7
v 3.6 5.9 -0.7
v 3.6 6 -0.7
v 3.7 5.8 -0.7
v 3.7 5.9 -0.7
v 3.8 5.7 -0.7
v 3.8 5.8 -0.7
v 3.9 5.7 -0.7
v 3.9 5.8 -0.7
v 1.5 6.5 -0.8
v 1.5 6.6 -0.8
v 1.6 6.5 -0.8
v 1.6 6.6 -0.8
v 1.7 6.4 -0.8
v 1.7 6.5 -0.8
v 1.8 6.3 -0.8
v 1.8 6.4 -0.8
v 1.9 6.3 -0.8
v 1.9 6.5 -0.8
v 2.1 7 -0.8
v 2.1 7.2 -0.8
v 2.2 7.1 -0.8
v 2.2 7.2 -0.8
v 2.3 7 -0.8
v 2.3 7.1 -0.8
v 2.4 6.4 -0.8
v 2.4 6.5 -0.8
v 2.4 7 -0.8
v 2.4 7.1 -0.8
v 2.5 6.4 -0.8
v 2.5 6.5 -0.8
v 2.6 7 -0.8
v 2.6 7.1 -0.8
v 2.7 6.1 -0.8
v 2.7 6.2 -0.8
v 2.9 6.1 -0.8
v 2.9 6.2 -0.8
v 3 5.9 -0.8
v 3 6 -0.8
v 3.1 5.9 -0.8
v 3.1 6 -0.8
v 3.2 6.3 -0.8
v 3.2 6.4 -0.8
v 3.3 5.7 -0.8
v 3.3 5.8 -0.8
v 3.3 6.3 -0.8
v 3.3 6.4 -0.8
v 3.5 5.8 -0.8
v 3.5 5.9 -0.8
v 3.6 5.8 -0.8
v 3.6 5.9 -0.8
v 3.6 6 -0.8
v 3.7 5.7 -0.8
v 3.7 5.8 -0.8
v 3.7 5.9 -0.8
v 3.7 6 -0.8
v -0.2 6 -0.9
v -0.2 6.1 -0.9
v -0.0999999 6 -0.9
v -0.0999999 6.1 -0.9
v -0.0999999 6.2 -0.9
v 0 6.1 -0.9
v 0 6.2 -0.9
v 1.2 6.4 -0.9
v 1.2 6.5 -0.9
v 1.2 7.6 -0.9
v 1.2 7.7 -0.9
v 1.3 6.4 -0.9
v 1.3 6.5 -0.9
v 1.4 6.5 -0.9
v 1.4 6.6 -0.9
v 1.5 6.5 -0.9
v 1.5 6.6 -0.9
v 1.6 7.5 -0.9
v 1.6 7.6 -0.9
v 1.6 7.7 -0.9
v 1.7 6.3 -0.9
v 1.7 6.4 -0.9
v 1.7 7.5 -0.9
v 1.7 7.6 -0.9
v 1.8 6.3 -0.9
v 1.8 6.4 -0.9
v 2.2 6.3 -0.9
v 2.2 6.4 -0.9
v 2.3 6.3 -0.9
v 2.3 6.4 -0.9
v 2.3 7 -0.9
v 2.3 7.1 -0.9
v 2.4 7 -0.9
v 2.4 7.1 -0.9
v 2.5 5.9 -0.9
v 2.5 6 -0.9
v 2.6 5.9 -0.9
v 2.6 6 -0.9
v 2.6 6.1 -0.9
v 2.6 6.2 -0.9
v 2.7 6 -0.9
v 2.7 6.1 -0.9
v 2.7 6.2 -0.9
v 2.7 6.7 -0.9
v 2.7 6.8 -0.9
v 2.8 6 -0.9
v 2.8 6.1 -0.9
v 2.8 6.7 -0.9
v 2.8 6.8 -0.9
v 2.9 6 -0.9
v 2.9 6.1 -0.9
v 3 5.8 -0.9
v 3 5.9 -0.9
v 3 6 -0.9
v 3 6.1 -0.9
v 3.1 5.7 -0.9
v 3.1 5.8 -0.9
v 3.1 5.9 -0.9
v 3.2 5.6 -0.9
v 3.2 5.7 -0.9
v 3.2 5.8 -0.9
v 3.3 5.6 -0.9
v 3.3 5.7 -0.9
v 3.7 5.7 -0.9
v 3.7 5.8 -0.9
v 3.8 5.7 -0.9
v 3.8 5.8 -0.9
v 0.9 6.5 -1
v 0.9 6.6 -1
v 1 6.5 -1
v 1 6.6 -1
v 1.2 7.7 -1
v 1.2 7.8 -1
v 1.4 7.7 -1
v 1.4 7.8 -1
v 1.7 7.5 -1
v 1.7 7.6 -1
v 1.8 7.4 -1
v 1.8 7.5 -1
v 1.8 7.6 -1
v 1.9 7.2 -1
v 1.9 7.4 -1
v 1.9 7.5 -1
v 1.9 7.6 -1
v 2 6.2 -1
v 2 6.3 -1
v 2 6.4 -1
v 2 7.3 -1
v 2 7.5 -1
v 2.1 6.1 -1
v 2.1 6.2 -1
v 2.1 6.3 -1
v 2.1 6.4 -1
v 2.1 7.2 -1
v 2.1 7.3 -1
v 2.2 6.1 -1
v 2.2 6.3 -1
v 2.3 6.4 -1
v 2.3 6.5 -1
v 2.4 6.3 -1
v 2.4 6.4 -1
v 2.4 6.5 -1
v 2.5 6.1 -1
v 2.5 6.3 -1
v 2.5 6.4 -1
v 2.6 6 -1
v 2.6 6.1 -1
v 2.6 6.3 -1
v 2.7 5.9 -1
v 2.7 6 -1
v 2.7 6.1 -1
v 2.8 5.7 -1
v 2.8 5.9 -1
v 2.8 6 -1
v 2.8 6.1 -1
v 2.9 6 -1
v 2.9 6.1 -1
v 3 5.6 -1
v 3 5.7 -1
v 3 5.8 -1
v 3 6 -1
v 3.1 5.7 -1
v 3.1 5.8 -1
v 3.2 5.6 -1
v 3.2 5.7 -1
v 3.2 6.2 -1
v 3.2 6.5 -1
v 3.3 6.1 -1
v 3.3 6.2 -1
v 3.3 6.4 -1
v 3.3 6.5 -1
v 3.4 6 -1
v 3.4 6.1 -1
v 3.4 6.4 -1
v 3.5 6 -1
v 3.5 6.1 -1
v 0.4 6.4 -1.1
v 0.4 6.5 -1.1
v 0.6 6.4 -1.1
v 0.6 6.5 -1.1
v 0.7 6.4 -1.1
v 0.7 6.5 -1.1
v 0.8 6.3 -1.1
v 0.8 6.4 -1.1
v 0.9 6.3 -1.1
v 0.9 6.4 -1.1
v 0.9 6.5 -1.1
v 1.2 6.4 -1.1
v 1.2 6.5 -1.1
v 1.3 6.4 -1.1
v 1.3 6.5 -1.1
v 1.4 7 -1.1
v 1.4 7.1 -1.1
v 1.4 7.7 -1.1
v 1.4 7.8 -1.1
v 1.5 7 -1.1
v 1.5 7.1 -1.1
v 1.5 7.7 -1.1
v 1.5 7.8 -1.1
v 1.6 6.3 -1.1
v 1.6 6.4 -1.1
v 1.7 6.3 -1.1
v 1.7 6.4 -1.1
v 1.9 6.3 -1.1
v 1.9 6.4 -1.1
v 2.2 6.3 -1.1
v 2.2 6.4 -1.1
v 2.3 6.3 -1.1
v 2.3 6.4 -1.1
v 2.5 5.8 -1.1
v 2.5 6 -1.1
v 2.6 5.9 -1.1
v 2.6 6 -1.1
v 2.7 5.8 -1.1
v 2.7 5.9 -1.1
v 2.7 6 -1.1
v 2.8 5.6 -1.1
v 2.8 5.7 -1.1
v 2.8 5.8 -1.1
v 2.8 5.9 -1.1
v 2.9 5.6 -1.1
v 2.9 5.7 -1.1
v 3.4 6.1 -1.1
v 3.4 6.2 -1.1
v 3.5 6.1 -1.1
v 3.5 6.2 -1.1
v 0.6 6.3 -1.2
v 0.6 6.4 -1.2
v 0.7 6.3 -1.2
v 0.7 6.4 -1.2
v 1.5 7.7 -1.2
v 1.5 7.8 -1.2
v 1.6 7.7 -1.2
v 1.7 7.7 -1.2
v 1.7 7.8 -1.2
v 2 6.2 -1.2
v 2 6.3 -1.2
v 2.1 6.3 -1.2
v 2.2 6.2 -1.2
v 2.2 6.3 -1.2
v 2.4 5.9 -1.2
v 2.4 6 -1.2
v 2.5 5.9 -1.2
v 2.5 6 -1.2
v 2.9 5.6 -1.2
v 2.9 5.7 -1.2
v 3 5.6 -1.2
v 3 5.7 -1.2
v 0.9 6.4 0
v 0.9 6.5 0
v 1.1 6.4 0
v 1.1 6.5 0
v 1.6 6.2 0
v 1.6 6.3 0
v 1.7 6.3 0
v 1.8 6.2 0
v 1.8 6.3 0
v 1.9 7.6 0
v 1.9 7.7 0
v 2 7.6 0
v 2 7.7 0
v 3 5.6 0
v 3 5.7 0
v 3.1 5.6 0
v 3.1 5.7 0
v 1.3 6.3 -0.1
v 1.3 6.4 -0.1
v 1.4 6.3 -0.1
v 1.4 6.4 -0.1
v 1.4 6.6 -0.1
v 1.4 6.7 -0.1
v 1.5 6.5 -0.1
v 1.5 6.6 -0.1
v 1.5 6.7 -0.1
v 1.6 6.3 -0.1
v 1.6 6.4 -0.1
v 1.6 6.5 -0.1
v 1.6 6.6 -0.1
v 1.6 7.6 -0.1
v 1.6 7.7 -0.1
v 1.7 6.3 -0.1
v 1.7 6.4 -0.1
v 1.7 6.5 -0.1
v 1.7 7.6 -0.1
v 1.7 7.7 -0.1
v 1.8 6.4 -0.1
v 1.8 6.5 -0.1
v 1.8 7.6 -0.1
v 1.8 7.7 -0.1
v 1.9 7.6 -0.1
v 1.9 7.7 -0.1
v 2.7 6.1 -0.1
v 2.7 6.2 -0.1
v 2.8 5.9 -0.1
v 2.8 6 -0.1
v 2.8 6.1 -0.1
v 2.8 6.2 -0.1
v 2.9 5.9 -0.1
v 2.9 6 -0.1
v 3.1 5.7 -0.1
v 3.1 5.8 -0.1
v 3.2 5.7 -0.1
v 3.2 5.8 -0.1
v 3.4 5.7 -0.1
v 3.4 5.8 -0.1
v 3.5 5.7 -0.1
v 3.5 5.8 -0.1
v 3.6 6 -0.1
v 3.6 6.1 -0.1
v 3.7 6 -0.1
v 3.7 6.1 -0.1
v 0.9 6.4 -0.2
v 0.9 6.5 -0.2
v 1 6.4 -0.2
v 1 6.5 -0.2
v 1.1 6.3 -0.2
v 1.1 6.4 -0.2
v 1.1 6.5 -0.2
v 1.2 6.3 -0.2
v 1.2 6.4 -0.2
v 1.2 6.5 -0.2
v 1.2 6.6 -0.2
v 1.3 6.4 -0.2
v 1.3 6.5 -0.2
v 1.3 7.7 -0.2
v 1.3 7.8 -0.2
v 1.4 6.5 -0.2
v 1.4 6.6 -0.2
v 1.4 7.7 -0.2
v 1.4 7.8 -0.2
v 1.5 7.6 -0.2
v 1.5 7.7 -0.2
v 1.6 7.6 -0.2
v 1.6 7.8 -0.2
v 1.9 6.6 -0.2
v 1.9 6.7 -0.2
v 2 6.6 -0.2
v 2 6.7 -0.2
v 2.1 6.4 -0.2
v 2.1 6.5 -0.2
v 2.2 6.3 -0.2
v 2.2 6.4 -0.2
v 2.3 6.3 -0.2
v 2.3 6.4 -0.2
v 2.3 6.5 -0.2
v 2.4 5.8 -0.2
v 2.4 5.9 -0.2
v 2.5 5.7 -0.2
v 2.5 5.8 -0.2
v 2.6 5.7 -0.2
v 2.6 5.9 -0.2
v 2.6 6.1 -0.2
v 2.6 6.2 -0.2
v 2.6 6.3 -0.2
v 2.6 6.9 -0.2
v 2.6 7 -0.2
v 2.7 6.1 -0.2
v 2.7 6.3 -0.2
v 2.7 6.9 -0.2
v 2.7 7 -0.2
v 2.8 5.6 -0.2
v 2.8 5.7 -0.2
v 2.9 5.6 -0.2
v 2.9 5.7 -0.2
v 2.9 5.8 -0.2
v 3 5.6 -0.2
v 3 5.7 -0.2
v 3.1 5.7 -0.2
v 3.1 5.8 -0.2
v 3.2 5.8 -0.2
v 3.2 5.9 -0.2
v 3.3 5.6 -0.2
v 3.3 5.7 -0.2
v 3.4 5.8 -0.2
v 3.4 5.9 -0.2
v 0.5 6.4 -0.3
v 0.5 6.5 -0.3
v 0.6 6.3 -0.3
v 0.6 6.4 -0.3
v 0.6 6.5 -0.3
v 0.9 6.3 -0.3
v 0.9 6.4 -0.3
v 1.1 6.5 -0.3
v 1.1 6.6 -0.3
v 1.2 6.5 -0.3
v 1.2 6.6 -0.3
v 1.3 6.6 -0.3
v 1.3 6.7 -0.3
v 1.4 6.7 -0.3
v 1.4 6.8 -0.3
v 1.5 6.7 -0.3
v 1.5 6.8 -0.3
v 1.6 6.5 -0.3
v 1.6 6.6 -0.3
v 1.6 6.7 -0.3
v 1.7 6.5 -0.3
v 1.7 6.6 -0.3
v 1.7 6.7 -0.3
v 1.8 6.5 -0.3
v 1.8 6.6 -0.3
v 1.8 6.7 -0.3
v 1.8 6.8 -0.3
v 1.9 6.6 -0.3
v 1.9 6.7 -0.3
v 1.9 6.8 -0.3
v 2 6.5 -0.3
v 2 6.6 -0.3
v 2 7.5 -0.3
v 2 7.6 -0.3
v 2.1 6.5 -0.3
v 2.1 6.6 -0.3
v 2.1 7.5 -0.3
v 2.1 7.6 -0.3
v 2.2 7.2 -0.3
v 2.2 7.3 -0.3
v 2.3 6.4 -0.3
v 2.3 6.5 -0.3
v 2.3 7.2 -0.3
v 2.3 7.3 -0.3
v 2.4 6.3 -0.3
v 2.4 6.4 -0.3
v 2.4 6.5 -0.3
v 2.5 6.3 -0.3
v 2.5 6.4 -0.3
v 2.6 7 -0.3
v 2.6 7.1 -0.3
v 2.7 6.1 -0.3
v 2.7 6.2 -0.3
v 2.7 7 -0.3
v 2.7 7.1 -0.3
v 2.8 6 -0.3
v 2.8 6.1 -0.3
v 2.8 6.2 -0.3
v 2.9 6 -0.3
v 2.9 6.1 -0.3
v 3.3 5.9 -0.3
v 3.3 6 -0.3
v 3.3 6.5 -0.3
v 3.3 6.6 -0.3
v 3.4 5.9 -0.3
v 3.4 6 -0.3
v 3.4 6.5 -0.3
v 3.4 6.6 -0.3
v 3.7 5.7 -0.3
v 3.7 5.8 -0.3
v 3.7 6.2 -0.3
v 3.7 6.3 -0.3
v 3.8 5.8 -0.3
v 3.8 6 -0.3
v 3.8 6.1 -0.3
v 3.8 6.2 -0.3
v 3.8 6.3 -0.3
v 3.9 5.8 -0.3
v 3.9 5.9 -0.3
v 3.9 6.1 -0.3
v 3.9 6.2 -0.3
v 4 5.9 -0.3
v 4 6 -0.3
v 4.1 5.7 -0.3
v 4.1 5.8 -0.3
v 0.4 6.4 -0.4
v 0.4 6.5 -0.4
v 0.5 6.4 -0.4
v 0.5 6.5 -0.4
v 1.2 7.7 -0.4
v 1.2 7.8 -0.4
v 1.3 7.7 -0.4
v 1.3 7.8 -0.4
v 1.6 6.4 -0.4
v 1.6 6.5 -0.4
v 1.7 6.4 -0.4
v 1.7 6.5 -0.4
v 1.9 7.4 -0.4
v 1.9 7.5 -0.4
v 2 7.3 -0.4
v 2 7.4 -0.4
v 2 7.5 -0.4
v 2.1 7.1 -0.4
v 2.1 7.2 -0.4
v 2.1 7.4 -0.4
v 2.1 7.5 -0.4
v 2.2 7.2 -0.4
v 2.2 7.3 -0.4
v 2.2 7.4 -0.4
v 2.2 7.5 -0.4
v 2.3 6.3 -0.4
v 2.3 6.4 -0.4
v 2.3 7 -0.4
v 2.3 7.1 -0.4
v 2.4 6.3 -0.4
v 2.4 6.4 -0.4
v 2.4 7 -0.4
v 2.4 7.1 -0.4
v 2.4 7.2 -0.4
v 2.5 6.2 -0.4
v 2.5 6.3 -0.4
v 2.5 7 -0.4
v 2.5 7.1 -0.4
v 2.6 6.1 -0.4
v 2.6 6.2 -0.4
v 2.6 6.3 -0.4
v 2.6 7 -0.4
v 2.6 7.1 -0.4
v 2.7 6.1 -0.4
v 2.7 6.2 -0.4
v 2.7 6.9 -0.4
v 2.7 7 -0.4
v 2.8 5.8 -0.4
v 2.8 5.9 -0.4
v 2.8 6.1 -0.4
v 2.8 6.2 -0.4
v 2.8 6.7 -0.4
v 2.8 6.9 -0.4
v 2.8 7 -0.4
v 2.9 5.9 -0.4
v 2.9 6.1 -0.4
v 2.9 6.2 -0.4
v 2.9 6.7 -0.4
v 2.9 6.9 -0.4
v 3 5.9 -0.4
v 3 6.1 -0.4
v 3.1 5.8 -0.4
v 3.1 5.9 -0.4
v 3.3 6.4 -0.4
v 3.3 6.5 -0.4
v 3.4 6.4 -0.4
v 3.4 6.5 -0.4
v 3.5 5.7 -0.4
v 3.5 5.8 -0.4
v 3.6 5.7 -0.4
v 3.6 5.8 -0.4
v 3.6 6 -0.4
v 3.6 6.1 -0.4
v 3.6 6.2 -0.4
v 3.8 5.8 -0.4
v 3.8 6 -0.4
v 3.8 6.1 -0.4
v 3.8 6.2 -0.4
v -2.6 4 -0.5
v -2.6 4.1 -0.5
v -2.5 4 -0.5
v -2.5 4.1 -0.5
v 0.3 6.2 -0.5
v 0.3 6.3 -0.5
v 0.3 6.4 -0.5
v 0.4 6.2 -0.5
v 0.4 6.4 -0.5
v 1.6 7.6 -0.5
v 1.6 7.7 -0.5
v 1.7 7.6 -0.5
v 1.7 7.7 -0.5
v 2 6.2 -0.5
v 2 6.3 -0.5
v 2.1 6.1 -0.5
v 2.1 6.2 -0.5
v 2.1 6.3 -0.5
v 2.1 7.2 -0.5
v 2.1 7.3 -0.5
v 2.2 6.1 -0.5
v 2.2 6.2 -0.5
v 2.2 7 -0.5
v 2.2 7.1 -0.5
v 2.2 7.2 -0.5
v 2.2 7.3 -0.5
v 2.3 7 -0.5
v 2.3 7.1 -0.5
v 3.5 5.8 -0.5
v 3.5 6 -0.5
v 3.6 5.8 -0.5
v 3.6 6 -0.5
v 3.6 6.1 -0.5
v 3.7 6.1 -0.5
v 3.8 6 -0.5
v 3.8 6.1 -0.5
v 3.8 6.2 -0.5
v 3.9 6.1 -0.5
v 3.9 6.2 -0.5
v -0.0999999 6.1 -0.6
v -0.0999999 6.3 -0.6
v 0 6.1 -0.6
v 0 6.3 -0.6
v 0 6.4 -0.6
v 0.1 6.2 -0.6
v 0.1 6.3 -0.6
v 0.1 6.4 -0.6
v 0.3 6.2 -0.6
v 0.3 6.3 -0.6
v 0.7 7.7 -0.6
v 0.7 7.8 -0.6
v 0.8 7.7 -0.6
v 0.8 7.8 -0.6
v 1.5 7.6 -0.6
v 1.5 7.7 -0.6
v 1.6 7.6 -0.6
v 1.6 7.7 -0.6
v 1.7 6.2 -0.6
v 1.7 6.3 -0.6
v 1.7 6.5 -0.6
v 1.7 6.6 -0.6
v 1.8 6.2 -0.6
v 1.8 6.3 -0.6
v 1.8 6.5 -0.6
v 1.8 6.6 -0.6
v 2 7.1 -0.6
v 2 7.2 -0.6
v 2.1 7 -0.6
v 2.1 7.1 -0.6
v 2.1 7.2 -0.6
v 2.2 6.9 -0.6
v 2.2 7 -0.6
v 2.2 7.1 -0.6
v 2.3 6.9 -0.6
v 2.3 7 -0.6
v 2.5 6.2 -0.6
v 2.5 6.3 -0.6
v 2.6 6.2 -0.6
v 2.6 6.3 -0.6
v 2.8 6 -0.6
v 2.8 6.1 -0.6
v 2.9 5.8 -0.6
v 2.9 5.9 -0.6
v 2.9 6 -0.6
v 2.9 6.1 -0.6
v 3 5.9 -0.6
v 3 6 -0.6
v 3.2 5.8 -0.6
v 3.2 5.9 -0.6
v 3.6 6.1 -0.6
v 3.6 6.2 -0.6
v 3.7 6.1 -0.6
v 3.7 6.2 -0.6
v 1.2 7.7 -0.7
v 1.2 7.8 -0.7
v 1.3 6.3 -0.7
v 1.3 6.4 -0.7
v 1.3 7.7 -0.7
v 1.3 7.8 -0.7
v 1.4 6.3 -0.7
v 1.4 6.4 -0.7
v 1.4 6.5 -0.7
v 1.4 6.6 -0.7
v 1.5 6.5 -0.7
v 1.5 6.6 -0.7
v 1.8 7.5 -0.7
v 1.8 7.6 -0.7
v 1.9 7.5 -0.7
v 1.9 7.6 -0.7
v 2.2 6.2 -0.7
v 2.2 6.3 -0.7
v 2.3 6.2 -0.7
v 2.3 6.3 -0.7
v 2.4 6.3 -0.7
v 2.4 6.4 -0.7
v 2.4 6.5 -0.7
v 2.4 7 -0.7
v 2.4 7.1 -0.7
v 2.5 6.1 -0.7
v 2.5 6.2 -0.7
v 2.5 6.3 -0.7
v 2.5 6.5 -0.7
v 2.6 5.9 -0.7
v 2.6 6.1 -0.7
v 2.6 6.2 -0.7
v 2.6 7 -0.7
v 2.6 7.1 -0.7
v 2.7 5.8 -0.7
v 2.7 5.9 -0.7
v 2.7 6.1 -0.7
v 2.7 6.2 -0.7
v 2.7 7 -0.7
v 2.7 7.1 -0.7
v 2.8 5.8 -0.7
v 2.8 5.9 -0.7
v 2.8 6 -0.7
v 2.8 6.1 -0.7
v 2.8 6.8 -0.7
v 2.8 6.9 -0.7
v 2.8 7 -0.7
v 2.8 7.1 -0.7
v 2.9 5.6 -0.7
v 2.9 5.7 -0.7
v 2.9 5.9 -0.7
v 2.9 6 -0.7
v 2.9 6.1 -0.7
v 2.9 6.2 -0.7
v 2.9 6.8 -0.7
v 2.9 6.9 -0.7
v 3 5.6 -0.7
v 3 5.7 -0.7
v 3 5.9 -0.7
v 3 6 -0.7
v 3 6.1 -0.7
v 3 6.6 -0.7
v 3 6.7 -0.7
v 3.1 5.9 -0.7
v 3.1 6 -0.7
v 3.1 6.6 -0.7
v 3.1 6.7 -0.7
v 3.2 6.3 -0.7
v 3.2 6.6 -0.7
v 3.4 6.3 -0.7
v 3.4 6.6 -0.7
v -0.2 6 -0.8
v -0.2 6.1 -0.8
v -0.0999999 6 -0.8
v -0.0999999 6.1 -0.8
v 1 6.4 -0.8
v 1 6.6 -0.8
v 1.1 6.3 -0.8
v 1.1 6.4 -0.8
v 1.1 6.5 -0.8
v 1.1 6.6 -0.8
v 1.2 7.6 -0.8
v 1.2 7.7 -0.8
v 1.3 6.3 -0.8
v 1.3 6.4 -0.8
v 1.3 6.5 -0.8
v 1.5 7.6 -0.8
v 1.5 7.7 -0.8
v 1.6 7.5 -0.8
v 1.6 7.6 -0.8
v 1.7 7.5 -0.8
v 1.7 7.6 -0.8
v 1.8 7.5 -0.8
v 1.8 7.6 -0.8
v 1.9 7.3 -0.8
v 1.9 7.5 -0.8
v 1.9 7.6 -0.8
v 2 7.2 -0.8
v 2 7.3 -0.8
v 2 7.4 -0.8
v 2 7.5 -0.8
v 2.1 6.1 -0.8
v 2.1 6.2 -0.8
v 2.1 7.2 -0.8
v 2.1 7.4 -0.8
v 2.1 7.5 -0.8
v 2.1 7.6 -0.8
v 2.2 6.1 -0.8
v 2.2 6.2 -0.8
v 2.2 6.3 -0.8
v 2.2 6.4 -0.8
v 2.3 6.3 -0.8
v 2.3 6.4 -0.8
v 2.6 6.1 -0.8
v 2.6 6.2 -0.8
v 2.6 7 -0.8
v 2.6 7.1 -0.8
v 2.7 6.1 -0.8
v 2.7 6.2 -0.8
v 2.7 6.7 -0.8
v 2.7 6.8 -0.8
v 2.7 6.9 -0.8
v 2.7 7 -0.8
v 2.7 7.1 -0.8
v 2.8 6.8 -0.8
v 2.8 6.9 -0.8
v 2.8 7 -0.8
v 2.9 6.6 -0.8
v 2.9 6.7 -0.8
v 2.9 6.8 -0.8
v 3 6.6 -0.8
v 3 6.7 -0.8
v 3.4 6.2 -0.8
v 3.4 6.3 -0.8
v 3.5 6.1 -0.8
v 3.5 6.2 -0.8
v 3.5 6.3 -0.8
v 3.6 6.1 -0.8
v 3.6 6.2 -0.8
v 3.8 5.7 -0.8
v 3.8 5.8 -0.8
v 3.9 5.7 -0.8
v 3.9 5.8 -0.8
v 0.8 6.3 -0.9
v 0.8 6.4 -0.9
v 0.9 6.3 -0.9
v 0.9 6.4 -0.9
v 0.9 6.6 -0.9
v 1 6.4 -0.9
v 1 6.6 -0.9
v 1.8 6.3 -0.9
v 1.8 6.4 -0.9
v 1.8 7.4 -0.9
v 1.8 7.5 -0.9
v 1.9 6.3 -0.9
v 1.9 6.4 -0.9
v 1.9 7.2 -0.9
v 1.9 7.3 -0.9
v 1.9 7.4 -0.9
v 1.9 7.5 -0.9
v 2 6.3 -0.9
v 2 6.4 -0.9
v 2 7.2 -0.9
v 2 7.3 -0.9
v 2.1 6.2 -0.9
v 2.1 6.3 -0.9
v 2.1 6.4 -0.9
v 2.2 6.2 -0.9
v 2.2 6.3 -0.9
v 2.3 6.4 -0.9
v 2.3 6.5 -0.9
v 2.4 6.4 -0.9
v 2.4 6.5 -0.9
v 2.6 6.9 -0.9
v 2.6 7 -0.9
v 2.7 6.8 -0.9
v 2.7 6.9 -0.9
v 2.7 7 -0.9
v 2.8 6.8 -0.9
v 2.8 6.9 -0.9
v 3 6.5 -0.9
v 3 6.6 -0.9
v 3.2 6.2 -0.9
v 3.2 6.4 -0.9
v 3.2 6.5 -0.9
v 3.2 6.6 -0.9
v 3.3 6.1 -0.9
v 3.3 6.2 -0.9
v 3.3 6.3 -0.9
v 3.3 6.4 -0.9
v 3.4 6 -0.9
v 3.4 6.1 -0.9
v 3.4 6.2 -0.9
v 3.4 6.3 -0.9
v 3.5 6.1 -0.9
v 3.5 6.2 -0.9
v 3.6 5.8 -0.9
v 3.6 5.9 -0.9
v 3.6 6 -0.9
v 3.6 6.1 -0.9
v 3.7 5.8 -0.9
v 3.7 5.9 -0.9
v 0.4 6.4 -1
v 0.4 6.5 -1
v 0.6 6.3 -1
v 0.6 6.4 -1
v 0.6 6.5 -1
v 0.7 6.4 -1
v 0.7 6.5 -1
v 0.8 6.3 -1
v 0.8 6.4 -1
v 0.9 6.4 -1
v 0.9 6.5 -1
v 1.2 6.4 -1
v 1.2 6.5 -1
v 1.3 6.4 -1
v 1.3 6.5 -1
v 1.4 6.5 -1
v 1.4 6.6 -1
v 1.4 7 -1
v 1.4 7.2 -1
v 1.5 6.5 -1
v 1.5 6.6 -1
v 1.5 7.1 -1
v 1.5 7.2 -1
v 1.6 7 -1
v 1.6 7.1 -1
v 1.6 7.2 -1
v 1.6 7.3 -1
v 1.7 6.3 -1
v 1.7 6.4 -1
v 1.7 7.2 -1
v 1.7 7.3 -1
v 1.8 6.3 -1
v 1.8 6.4 -1
v 1.9 6.5 -1
v 1.9 6.6 -1
v 2 6.5 -1
v 2 6.6 -1
v 2.2 6.3 -1
v 2.2 6.4 -1
v 2.3 6.3 -1
v 2.3 6.4 -1
v 2.5 5.9 -1
v 2.5 6 -1
v 2.5 7 -1
v 2.5 7.1 -1
v 2.6 5.9 -1
v 2.6 6 -1
v 2.6 6.8 -1
v 2.6 6.9 -1
v 2.6 7 -1
v 2.6 7.1 -1
v 2.7 6.7 -1
v 2.7 6.8 -1
v 2.7 6.9 -1
v 2.8 6.6 -1
v 2.8 6.7 -1
v 2.8 6.8 -1
v 2.9 6.6 -1
v 2.9 6.7 -1
v 3.7 5.7 -1
v 3.7 5.8 -1
v 3.8 5.7 -1
v 3.8 5.8 -1
v 0.8 6.7 -1.1
v 0.8 6.8 -1.1
v 0.8 7.2 -1.1
v 0.8 7.4 -1.1
v 0.8 7.6 -1.1
v 0.8 7.7 -1.1
v 0.9 6.6 -1.1
v 0.9 6.7 -1.1
v 0.9 6.8 -1.1
v 0.9 7 -1.1
v 0.9 7.1 -1.1
v 0.9 7.2 -1.1
v 0.9 7.4 -1.1
v 1 6.6 -1.1
v 1 6.7 -1.1
v 1 6.8 -1.1
v 1 7 -1.1
v 1 7.1 -1.1
v 1 7.2 -1.1
v 1 7.3 -1.1
v 1 7.4 -1.1
v 1 7.5 -1.1
v 1 7.6 -1.1
v 1 7.7 -1.1
v 1.1 6.7 -1.1
v 1.1 7.1 -1.1
v 1.1 7.2 -1.1
v 1.1 7.3 -1.1
v 1.1 7.5 -1.1
v 1.1 7.6 -1.1
v 1.2 7.1 -1.1
v 1.2 7.6 -1.1
v 1.3 7.1 -1.1
v 1.3 7.2 -1.1
v 1.4 6.6 -1.1
v 1.4 6.7 -1.1
v 1.4 6.8 -1.1
v 1.4 7 -1.1
v 1.4 7.1 -1.1
v 1.4 7.2 -1.1
v 1.5 6.5 -1.1
v 1.5 6.6 -1.1
v 1.5 6.7 -1.1
v 1.5 6.8 -1.1
v 1.5 7 -1.1
v 1.5 7.1 -1.1
v 1.5 7.2 -1.1
v 1.6 6.5 -1.1
v 1.6 6.6 -1.1
v 1.6 7 -1.1
v 1.6 7.1 -1.1
v 1.6 7.2 -1.1
v 1.6 7.3 -1.1
v 1.6 7.4 -1.1
v 1.7 6.4 -1.1
v 1.7 6.5 -1.1
v 1.7 6.6 -1.1
v 1.7 6.7 -1.1
v 1.7 6.9 -1.1
v 1.7 7 -1.1
v 1.7 7.2 -1.1
v 1.7 7.3 -1.1
v 1.7 7.4 -1.1
v 1.7 7.5 -1.1
v 1.7 7.6 -1.1
v 1.8 6.4 -1.1
v 1.8 6.5 -1.1
v 1.8 6.6 -1.1
v 1.8 6.8 -1.1
v 1.8 6.9 -1.1
v 1.8 7 -1.1
v 1.8 7.3 -1.1
v 1.8 7.4 -1.1
v 1.8 7.5 -1.1
v 1.8 7.6 -1.1
v 1.9 6.5 -1.1
v 1.9 6.6 -1.1
v 1.9 6.7 -1.1
v 1.9 6.8 -1.1
v 1.9 7.4 -1.1
v 1.9 7.5 -1.1
v 1.9 7.6 -1.1
v 2 6.2 -1.1
v 2 6.3 -1.1
v 2 6.6 -1.1
v 2 7.2 -1.1
v 2 7.3 -1.1
v 2 7.4 -1.1
v 2 7.5 -1.1
v 2.1 6.1 -1.1
v 2.1 6.2 -1.1
v 2.1 6.3 -1.1
v 2.1 6.6 -1.1
v 2.1 6.7 -1.1
v 2.1 7.2 -1.1
v 2.1 7.3 -1.1
v 2.2 6.1 -1.1
v 2.2 6.3 -1.1
v 2.2 6.4 -1.1
v 2.2 6.6 -1.1
v 2.2 7.1 -1.1
v 2.2 7.2 -1.1
v 2.3 6.4 -1.1
v 2.3 7 -1.1
v 2.4 6.3 -1.1
v 2.4 6.4 -1.1
v 2.5 6.2 -1.1
v 2.5 6.3 -1.1
v 2.5 6.4 -1.1
v 2.5 6.8 -1.1
v 2.5 6.9 -1.1
v 2.5 7 -1.1
v 2.5 7.1 -1.1
v 2.6 6.2 -1.1
v 2.6 6.4 -1.1
v 2.6 6.8 -1.1
v 2.6 6.9 -1.1
v 2.6 7 -1.1
v 2.7 6.1 -1.1
v 2.7 6.4 -1.1
v 2.7 6.5 -1.1
v 2.7 6.6 -1.1
v 2.7 6.7 -1.1
v 2.7 6.8 -1.1
v 2.8 6 -1.1
v 2.8 6.1 -1.1
v 2.8 6.5 -1.1
v 2.8 6.6 -1.1
v 2.8 6.7 -1.1
v 2.9 6 -1.1
v 2.9 6.1 -1.1
v 2.9 6.2 -1.1
v 2.9 6.3 -1.1
v 2.9 6.4 -1.1
v 3 5.6 -1.1
v 3 5.7 -1.1
v 3 6.1 -1.1
v 3 6.2 -1.1
v 3 6.3 -1.1
v 3 6.4 -1.1
v 3 6.5 -1.1
v 3.1 5.6 -1.1
v 3.1 5.7 -1.1
v 3.1 6.2 -1.1
v 3.1 6.4 -1.1
v 3.2 5.8 -1.1
v 3.2 5.9 -1.1
v 3.3 5.9 -1.1
v 3.3 6 -1.1
v 3.3 6.1 -1.1
v 3.3 6.2 -1.1
v 3.3 6.3 -1.1
v 3.3 6.4 -1.1
v 3.3 6.5 -1.1
v 3.4 5.8 -1.1
v 3.4 5.9 -1.1
v 3.4 6 -1.1
v 3.4 6.1 -1.1
v 3.4 6.2 -1.1
v 3.4 6.3 -1.1
v 3.4 6.4 -1.1
v 3.5 5.8 -1.1
v 3.5 5.9 -1.1
v 3.5 6 -1.1
v 3.5 6.1 -1.1
v 3.6 5.7 -1.1
v 3.6 5.8 -1.1
v 3.6 5.9 -1.1
v 3.7 5.7 -1.1
v 3.7 5.8 -1.1
v 3.7 5.9 -1.1
v 3.7 6 -1.1
v -3.1 3.7 -1.2
v -3.1 3.9 -1.2
v -3 4.5 -1.2
v -3 4.6 -1.2
v -2.7 3.9 -1.2
v -2.7 4 -1.2
v -2.7 5.2 -1.2
v -2.7 5.5 -1.2
v -2.6 4.5 -1.2
v -2.5 5.4 -1.2
v -2.5 5.5 -1.2
v -2.4 5.9 -1.2
v -2.4 6 -1.2
v -2.3 4.4 -1.2
v -2.3 4.5 -1.2
v -2.3 5.1 -1.2
v -2.3 5.2 -1.2
v -2.3 5.8 -1.2
v -2.3 5.9 -1.2
v -2.2 5.9 -1.2
v -2.2 6 -1.2
v -2.1 5.3 -1.2
v -2.1 5.4 -1.2
v -2.1 5.7 -1.2
v -2.1 5.8 -1.2
v -2 5.8 -1.2
v -2 5.9 -1.2
v -2 6.3 -1.2
v -2 6.4 -1.2
v -1.9 4.6 -1.2
v -1.9 4.7 -1.2
v -1.9 5.6 -1.2
v -1.9 5.7 -1.2
v -1.9 6.2 -1.2
v -1.9 6.3 -1.2
v -1.9 6.4 -1.2
v -1.8 4 -1.2
v -1.8 4.1 -1.2
v -1.8 5.5 -1.2
v -1.8 5.6 -1.2
v -1.8 5.7 -1.2
v -1.8 5.8 -1.2
v -1.8 6.1 -1.2
v -1.8 6.2 -1.2
v -1.8 6.3 -1.2
v -1.8 6.4 -1.2
v -1.7 5 -1.2
v -1.7 5.1 -1.2
v -1.7 5.2 -1.2
v -1.7 5.3 -1.2
v -1.7 5.6 -1.2
v -1.7 5.7 -1.2
v -1.7 6 -1.2
v -1.7 6.1 -1.2
v -1.7 6.2 -1.2
v -1.7 6.3 -1.2
v -1.6 4.4 -1.2
v -1.6 5.9 -1.2
v -1.6 6 -1.2
v -1.6 6.1 -1.2
v -1.6 6.2 -1.2
v -1.5 5 -1.2
v -1.5 5.4 -1.2
v -1.5 5.5 -1.2
v -1.5 5.6 -1.2
v -1.5 5.8 -1.2
v -1.5 5.9 -1.2
v -1.5 6.7 -1.2
v -1.5 6.8 -1.2
v -1.4 4.1 -1.2
v -1.4 5.2 -1.2
v -1.4 6 -1.2
v -1.4 6.1 -1.2
v -1.4 6.5 -1.2
v -1.4 6.7 -1.2
v -1.4 6.8 -1.2
v -1.3 3.7 -1.2
v -1.3 4.1 -1.2
v -1.3 4.4 -1.2
v -1.3 4.7 -1.2
v -1.3 5.1 -1.2
v -1.3 5.2 -1.2
v -1.3 5.3 -1.2
v -1.3 5.4 -1.2
v -1.3 5.5 -1.2
v -1.3 5.7 -1.2
v -1.3 5.8 -1.2
v -1.3 5.9 -1.2
v -1.3 6 -1.2
v -1.3 6.4 -1.2
v -1.3 6.5 -1.2
v -1.3 6.6 -1.2
v -1.3 6.7 -1.2
v -1.3 6.8 -1.2
v -1.2 5 -1.2
v -1.2 5.1 -1.2
v -1.2 5.6 -1.2
v -1.2 5.7 -1.2
v -1.2 5.8 -1.2
v -1.2 5.9 -1.2
v -1.2 6.3 -1.2
v -1.2 6.4 -1.2
v -1.2 6.5 -1.2
v -1.2 6.6 -1.2
v -1.1 5.3 -1.2
v -1.1 5.4 -1.2
v -1.1 5.6 -1.2
v -1.1 5.7 -1.2
v -1.1 5.8 -1.2
v -1.1 6.1 -1.2
v -1.1 6.3 -1.2
v -1.1 6.4 -1.2
v -1.1 6.5 -1.2
v -1 5.6 -1.2
v -1 5.7 -1.2
v -1 6.2 -1.2
v -1 6.4 -1.2
v -1 7 -1.2
v -1 7.2 -1.2
v -0.9 6 -1.2
v -0.9 6.1 -1.2
v -0.9 6.2 -1.2
v -0.9 6.8 -1.2
v -0.9 7 -1.2
v -0.8 5.8 -1.2
v -0.8 6 -1.2
v -0.8 6.1 -1.2
v -0.8 6.6 -1.2
v -0.8 6.8 -1.2
v -0.8 7 -1.2
v -0.8 7.1 -1.2
v -0.8 7.2 -1.2
v -0.7 5.8 -1.2
v -0.7 5.9 -1.2
v -0.7 6 -1.2
v -0.7 6.4 -1.2
v -0.7 6.6 -1.2
v -0.7 6.8 -1.2
v -0.7 7 -1.2
v -0.6 6.2 -1.2
v -0.6 6.4 -1.2
v -0.6 6.6 -1.2
v -0.6 6.8 -1.2
v -0.5 6.1 -1.2
v -0.5 6.2 -1.2
v -0.5 6.4 -1.2
v -0.5 6.6 -1.2
v -0.4 6.2 -1.2
v -0.4 6.4 -1.2
v -0.4 7.1 -1.2
v -0.4 7.4 -1.2
v -0.3 6.1 -1.2
v -0.3 6.2 -1.2
v -0.3 6.9 -1.2
v -0.3 7.1 -1.2
v -0.2 6.6 -1.2
v -0.2 6.9 -1.2
v -0.2 7 -1.2
v -0.2 7.4 -1.2
v -0.0999999 6.3 -1.2
v -0.0999999 6.6 -1.2
v -0.0999999 6.7 -1.2
v -0.0999999 7 -1.2
v 0 6.3 -1.2
v 0 6.4 -1.2
v 0 6.5 -1.2
v 0 6.7 -1.2
v 0 7.6 -1.2
v 0 7.7 -1.2
v 0.1 6.3 -1.2
v 0.1 6.4 -1.2
v 0.1 7.4 -1.2
v 0.1 7.5 -1.2
v 0.1 7.6 -1.2
v 0.2 7 -1.2
v 0.2 7.4 -1.2
v 0.2 7.5 -1.2
v 0.2 7.6 -1.2
v 0.2 7.7 -1.2
v 0.3 6.6 -1.2
v 0.3 6.9 -1.2
v 0.3 7 -1.2
v 0.3 7.4 -1.2
v 0.3 7.5 -1.2
v 0.3 7.6 -1.2
v 0.3 7.7 -1.2
v 0.3 7.8 -1.2
v 0.4 6.4 -1.2
v 0.4 6.6 -1.2
v 0.4 7 -1.2
v 0.4 7.1 -1.2
v 0.4 7.3 -1.2
v 0.4 7.4 -1.2
v 0.4 7.5 -1.2
v 0.4 7.6 -1.2
v 0.4 7.7 -1.2
v 0.4 7.8 -1.2
v 0.5 6.6 -1.2
v 0.5 6.7 -1.2
v 0.5 6.9 -1.2
v 0.5 7 -1.2
v 0.5 7.1 -1.2
v 0.5 7.3 -1.2
v 0.5 7.5 -1.2
v 0.5 7.6 -1.2
v 0.5 7.7 -1.2
v 0.6 6.4 -1.2
v 0.6 6.6 -1.2
v 0.6 6.8 -1.2
v 0.6 6.9 -1.2
v 0.6 7.1 -1.2
v 0.6 7.2 -1.2
v 0.6 7.3 -1.2
v 0.6 7.5 -1.2
v 0.7 6.4 -1.2
v 0.7 6.6 -1.2
v 0.7 6.7 -1.2
v 0.7 6.8 -1.2
v 0.7 6.9 -1.2
v 0.7 7.2 -1.2
v 0.7 7.3 -1.2
v 0.7 7.4 -1.2
v 0.7 7.5 -1.2
v 0.8 6.3 -1.2
v 0.8 6.4 -1.2
v 0.8 6.5 -1.2
v 0.8 6.6 -1.2
v 0.8 6.7 -1.2
v 0.8 6.8 -1.2
v 0.8 7 -1.2
v 0.8 7.1 -1.2
v 0.8 7.2 -1.2
v 0.8 7.3 -1.2
v 0.8 7.4 -1.2
v 0.8 7.6 -1.2
v 0.9 6.3 -1.2
v 0.9 6.4 -1.2
v 0.9 6.5 -1.2
v 0.9 6.6 -1.2
v 0.9 6.7 -1.2
v 0.9 6.8 -1.2
v 0.9 7 -1.2
v 0.9 7.1 -1.2
v 0.9 7.2 -1.2
v 1 6.5 -1.2
v 1 6.6 -1.2
v 1 6.7 -1.2
v 1 6.8 -1.2
v 1 7 -1.2
v 1 7.1 -1.2
v 1 7.2 -1.2
v 1 7.3 -1.2
v 1 7.4 -1.2
v 1 7.5 -1.2
v 1 7.6 -1.2
v 1 7.7 -1.2
v 1.1 6.5 -1.2
v 1.1 6.6 -1.2
v 1.1 6.7 -1.2
v 1.1 6.9 -1.2
v 1.1 7.1 -1.2
v 1.1 7.2 -1.2
v 1.1 7.3 -1.2
v 1.1 7.5 -1.2
v 1.2 6.4 -1.2
v 1.2 6.5 -1.2
v 1.2 6.8 -1.2
v 1.2 6.9 -1.2
v 1.2 7.1 -1.2
v 1.2 7.5 -1.2
v 1.2 7.6 -1.2
v 1.2 7.7 -1.2
v 1.2 7.8 -1.2
v 1.3 6.4 -1.2
v 1.3 6.5 -1.2
v 1.3 6.6 -1.2
v 1.3 6.7 -1.2
v 1.3 6.8 -1.2
v 1.3 7.1 -1.2
v 1.3 7.2 -1.2
v 1.3 7.4 -1.2
v 1.3 7.5 -1.2
v 1.3 7.6 -1.2
v 1.3 7.7 -1.2
v 1.3 7.8 -1.2
v 1.4 6.7 -1.2
v 1.4 6.8 -1.2
v 1.4 7 -1.2
v 1.4 7.4 -1.2
v 1.4 7.5 -1.2
v 1.4 7.6 -1.2
v 1.5 6.7 -1.2
v 1.5 6.8 -1.2
v 1.5 7 -1.2
v 1.5 7.1 -1.2
v 1.5 7.3 -1.2
v 1.5 7.4 -1.2
v 1.6 6.4 -1.2
v 1.6 6.6 -1.2
v 1.6 7.2 -1.2
v 1.6 7.3 -1.2
v 1.6 7.4 -1.2
v 1.6 7.5 -1.2
v 1.6 7.6 -1.2
v 1.6 7.7 -1.2
v 1.7 6.3 -1.2
v 1.7 6.4 -1.2
v 1.7 6.5 -1.2
v 1.7 6.6 -1.2
v 1.7 6.7 -1.2
v 1.7 6.9 -1.2
v 1.7 7 -1.2
v 1.7 7.3 -1.2
v 1.7 7.4 -1.2
v 1.7 7.6 -1.2
v 1.8 6.4 -1.2
v 1.8 6.5 -1.2
v 1.8 6.6 -1.2
v 1.8 6.8 -1.2
v 1.8 6.9 -1.2
v 1.8 7 -1.2
v 1.8 7.3 -1.2
v 1.8 7.4 -1.2
v 1.8 7.5 -1.2
v 1.9 6.3 -1.2
v 1.9 6.5 -1.2
v 1.9 6.6 -1.2
v 1.9 6.7 -1.2
v 1.9 6.8 -1.2
v 1.9 6.9 -1.2
v 1.9 7 -1.2
v 1.9 7.4 -1.2
v 1.9 7.5 -1.2
v 2 6.7 -1.2
v 2 6.8 -1.2
v 2 6.9 -1.2
v 2 7 -1.2
v 2 7.2 -1.2
v 2 7.4 -1.2
v 2.1 6.3 -1.2
v 2.1 6.6 -1.2
v 2.1 6.7 -1.2
v 2.1 7.2 -1.2
v 2.2 6.3 -1.2
v 2.2 6.4 -1.2
v 2.2 6.6 -1.2
v 2.3 6.3 -1.2
v 2.3 6.4 -1.2
v 2.3 7 -1.2
v 2.5 5.9 -1.2
v 2.5 6 -1.2
v 2.5 6.1 -1.2
v 2.5 6.2 -1.2
v 2.5 6.4 -1.2
v 2.5 6.8 -1.2
v 2.5 6.9 -1.2
v 2.5 7 -1.2
v 2.6 5.9 -1.2
v 2.6 6 -1.2
v 2.6 6.1 -1.2
v 2.6 6.2 -1.2
v 2.6 6.4 -1.2
v 2.6 6.8 -1.2
v 2.6 6.9 -1.2
v 2.7 5.8 -1.2
v 2.7 5.9 -1.2
v 2.7 6 -1.2
v 2.7 6.1 -1.2
v 2.7 6.4 -1.2
v 2.7 6.5 -1.2
v 2.7 6.6 -1.2
v 2.8 5.6 -1.2
v 2.8 5.7 -1.2
v 2.8 5.8 -1.2
v 2.8 5.9 -1.2
v 2.8 6 -1.2
v 2.8 6.1 -1.2
v 2.8 6.4 -1.2
v 2.8 6.5 -1.2
v 2.9 5.6 -1.2
v 2.9 5.7 -1.2
v 2.9 5.8 -1.2
v 2.9 5.9 -1.2
v 2.9 6 -1.2
v 2.9 6.1 -1.2
v 2.9 6.2 -1.2
v 2.9 6.3 -1.2
v 2.9 6.4 -1.2
v 2.9 6.5 -1.2
v 3 5.9 -1.2
v 3 6 -1.2
v 3 6.1 -1.2
v 3 6.2 -1.2
v 3 6.3 -1.2
v 3 6.4 -1.2
v 3 6.6 -1.2
v 3.1 5.6 -1.2
v 3.1 5.7 -1.2
v 3.1 5.8 -1.2
v 3.1 5.9 -1.2
v 3.1 6 -1.2
v 3.1 6.2 -1.2
v 3.1 6.4 -1.2
v 3.2 5.6 -1.2
v 3.2 5.7 -1.2
v 3.2 5.8 -1.2
v 3.2 5.9 -1.2
v 3.2 6.1 -1.2
v 3.2 6.3 -1.2
v 3.3 5.7 -1.2
v 3.3 5.9 -1.2
v 3.3 6 -1.2
v 3.3 6.1 -1.2
v 3.3 6.2 -1.2
v 3.3 6.3 -1.2
v 3.3 6.4 -1.2
v 3.4 5.8 -1.2
v 3.4 5.9 -1.2
v 3.4 6 -1.2
v 3.4 6.1 -1.2
v 3.4 6.2 -1.2
v 3.4 6.3 -1.2
v 3.5 5.8 -1.2
v 3.5 5.9 -1.2
v 3.5 6.1 -1.2
v 3.5 6.2 -1.2
v 3.6 5.7 -1.2
v 3.6 5.8 -1.2
v -3.2 3.9 -1.3
v -3.2 4.2 -1.3
v -3.2 4.5 -1.3
v -3.1 4.2 -1.3
v -3.1 4.3 -1.3
v -3.1 4.6 -1.3
v -3.1 4.7 -1.3
v -3.1 4.9 -1.3
v -3 4.9 -1.3
v -3 5.2 -1.3
v -2.9 4.3 -1.3
v -2.9 4.4 -1.3
v -2.9 4.7 -1.3
v -2.9 4.9 -1.3
v -2.8 4.9 -1.3
v -2.8 5 -1.3
v -2.8 5.5 -1.3
v -2.8 5.6 -1.3
v -2.7 3.9 -1.3
v -2.7 4 -1.3
v -2.7 5.6 -1.3
v -2.7 5.8 -1.3
v -2.6 4.4 -1.3
v -2.6 4.5 -1.3
v -2.6 5.8 -1.3
v -2.6 6 -1.3
v -2.5 5 -1.3
v -2.5 5.1 -1.3
v -2.5 5.4 -1.3
v -2.5 5.5 -1.3
v -2.5 5.7 -1.3
v -2.5 5.9 -1.3
v -2.5 6 -1.3
v -2.4 5.5 -1.3
v -2.4 5.7 -1.3
v -2.4 6 -1.3
v -2.4 6.2 -1.3
v -2.3 4.4 -1.3
v -2.3 4.5 -1.3
v -2.3 5.1 -1.3
v -2.3 5.2 -1.3
v -2.3 5.8 -1.3
v -2.3 5.9 -1.3
v -2.3 6.2 -1.3
v -2.3 6.4 -1.3
v -2.2 5.9 -1.3
v -2.2 6 -1.3
v -2.2 6.4 -1.3
v -2.2 6.5 -1.3
v -2.1 5.3 -1.3
v -2.1 5.4 -1.3
v -2.1 5.7 -1.3
v -2.1 5.8 -1.3
v -2.1 6.2 -1.3
v -2.1 6.4 -1.3
v -2.1 6.5 -1.3
v -2 5.8 -1.3
v -2 5.9 -1.3
v -2 6.2 -1.3
v -2 6.3 -1.3
v -2 6.4 -1.3
v -2 6.5 -1.3
v -2 6.7 -1.3
v -1.9 4.6 -1.3
v -1.9 4.7 -1.3
v -1.9 5.6 -1.3
v -1.9 5.7 -1.3
v -1.9 6.2 -1.3
v -1.9 6.3 -1.3
v -1.9 6.4 -1.3
v -1.9 6.5 -1.3
v -1.9 6.7 -1.3
v -1.9 6.8 -1.3
v -1.8 4 -1.3
v -1.8 4.1 -1.3
v -1.8 5.5 -1.3
v -1.8 5.6 -1.3
v -1.8 5.7 -1.3
v -1.8 5.8 -1.3
v -1.8 6.1 -1.3
v -1.8 6.2 -1.3
v -1.8 6.3 -1.3
v -1.8 6.4 -1.3
v -1.8 6.6 -1.3
v -1.7 5 -1.3
v -1.7 5.1 -1.3
v -1.7 5.2 -1.3
v -1.7 5.3 -1.3
v -1.7 5.6 -1.3
v -1.7 5.7 -1.3
v -1.7 6 -1.3
v -1.7 6.1 -1.3
v -1.7 6.2 -1.3
v -1.7 6.3 -1.3
v -1.7 6.6 -1.3
v -1.7 6.8 -1.3
v -1.7 6.9 -1.3
v -1.6 4.3 -1.3
v -1.6 4.4 -1.3
v -1.6 5.9 -1.3
v -1.6 6 -1.3
v -1.6 6.1 -1.3
v -1.6 6.2 -1.3
v -1.6 6.8 -1.3
v -1.6 6.9 -1.3
v -1.5 4.2 -1.3
v -1.5 4.3 -1.3
v -1.5 4.9 -1.3
v -1.5 5 -1.3
v -1.5 5.4 -1.3
v -1.5 5.5 -1.3
v -1.5 5.6 -1.3
v -1.5 5.8 -1.3
v -1.5 5.9 -1.3
v -1.5 6.7 -1.3
v -1.5 6.8 -1.3
v -1.5 6.9 -1.3
v -1.5 7.1 -1.3
v -1.4 4.1 -1.3
v -1.4 4.2 -1.3
v -1.4 4.8 -1.3
v -1.4 4.9 -1.3
v -1.4 5.2 -1.3
v -1.4 5.3 -1.3
v -1.4 6 -1.3
v -1.4 6.1 -1.3
v -1.4 6.5 -1.3
v -1.4 6.7 -1.3
v -1.4 6.8 -1.3
v -1.4 6.9 -1.3
v -1.3 4.7 -1.3
v -1.3 4.8 -1.3
v -1.3 5.1 -1.3
v -1.3 5.2 -1.3
v -1.3 5.3 -1.3
v -1.3 5.4 -1.3
v -1.3 5.5 -1.3
v -1.3 5.7 -1.3
v -1.3 5.8 -1.3
v -1.3 5.9 -1.3
v -1.3 6 -1.3
v -1.3 6.4 -1.3
v -1.3 6.5 -1.3
v -1.3 6.6 -1.3
v -1.3 6.7 -1.3
v -1.3 6.8 -1.3
v -1.3 7.1 -1.3
v -1.3 7.2 -1.3
v -1.2 4.1 -1.3
v -1.2 4.4 -1.3
v -1.2 4.7 -1.3
v -1.2 4.8 -1.3
v -1.2 5.6 -1.3
v -1.2 5.7 -1.3
v -1.2 5.8 -1.3
v -1.2 5.9 -1.3
v -1.2 6.3 -1.3
v -1.2 6.4 -1.3
v -1.2 6.5 -1.3
v -1.2 6.6 -1.3
v -1.2 6.7 -1.3
v -1.2 6.9 -1.3
v -1.2 7.2 -1.3
v -1.2 7.3 -1.3
v -1.1 4.8 -1.3
v -1.1 5 -1.3
v -1.1 5.2 -1.3
v -1.1 5.3 -1.3
v -1.1 5.4 -1.3
v -1.1 5.6 -1.3
v -1.1 5.7 -1.3
v -1.1 5.8 -1.3
v -1.1 6.1 -1.3
v -1.1 6.3 -1.3
v -1.1 6.4 -1.3
v -1.1 6.5 -1.3
v -1.1 6.9 -1.3
v -1.1 7.2 -1.3
v -1.1 7.3 -1.3
v -1 5.1 -1.3
v -1 5.2 -1.3
v -1 5.5 -1.3
v -1 5.6 -1.3
v -1 5.7 -1.3
v -1 6.2 -1.3
v -1 6.4 -1.3
v -1 7 -1.3
v -1 7.2 -1.3
v -0.9 5.3 -1.3
v -0.9 5.5 -1.3
v -0.9 5.6 -1.3
v -0.9 5.7 -1.3
v -0.9 6 -1.3
v -0.9 6.1 -1.3
v -0.9 6.2 -1.3
v -0.9 6.8 -1.3
v -0.9 7 -1.3
v -0.9 7.3 -1.3
v -0.9 7.4 -1.3
v -0.8 5.7 -1.3
v -0.8 5.8 -1.3
v -0.8 6 -1.3
v -0.8 6.1 -1.3
v -0.8 6.6 -1.3
v -0.8 6.8 -1.3
v -0.8 7 -1.3
v -0.8 7.1 -1.3
v -0.8 7.3 -1.3
v -0.8 7.4 -1.3
v -0.8 7.5 -1.3
v -0.7 5.5 -1.3
v -0.7 5.6 -1.3
v -0.7 5.7 -1.3
v -0.7 5.8 -1.3
v -0.7 5.9 -1.3
v -0.7 6 -1.3
v -0.7 6.4 -1.3
v -0.7 6.6 -1.3
v -0.7 6.8 -1.3
v -0.7 7 -1.3
v -0.7 7.1 -1.3
v -0.7 7.3 -1.3
v -0.6 5.6 -1.3
v -0.6 5.7 -1.3
v -0.6 5.8 -1.3
v -0.6 5.9 -1.3
v -0.6 6.1 -1.3
v -0.6 6.2 -1.3
v -0.6 6.4 -1.3
v -0.6 6.6 -1.3
v -0.6 6.8 -1.3
v -0.6 7.3 -1.3
v -0.6 7.5 -1.3
v -0.5 5.7 -1.3
v -0.5 5.8 -1.3
v -0.5 6 -1.3
v -0.5 6.1 -1.3
v -0.5 6.2 -1.3
v -0.5 6.4 -1.3
v -0.5 6.6 -1.3
v -0.5 7.5 -1.3
v -0.5 7.6 -1.3
v -0.4 5.8 -1.3
v -0.4 6 -1.3
v -0.4 6.2 -1.3
v -0.4 6.4 -1.3
v -0.4 7.1 -1.3
v -0.4 7.6 -1.3
v -0.3 6 -1.3
v -0.3 6.1 -1.3
v -0.3 6.2 -1.3
v -0.3 6.9 -1.3
v -0.3 7.1 -1.3
v -0.3 7.5 -1.3
v -0.3 7.6 -1.3
v -0.2 6.1 -1.3
v -0.2 6.3 -1.3
v -0.2 6.6 -1.3
v -0.2 6.9 -1.3
v -0.2 7 -1.3
v -0.2 7.5 -1.3
v -0.2 7.6 -1.3
v -0.2 7.7 -1.3
v -0.0999999 6 -1.3
v -0.0999999 6.1 -1.3
v -0.0999999 6.3 -1.3
v -0.0999999 6.6 -1.3
v -0.0999999 6.7 -1.3
v -0.0999999 7 -1.3
v -0.0999999 7.6 -1.3
v -0.0999999 7.7 -1.3
v 0 6.1 -1.3
v 0 6.3 -1.3
v 0 6.4 -1.3
v 0 6.5 -1.3
v 0 6.7 -1.3
v 0 7.3 -1.3
v 0 7.6 -1.3
v 0 7.7 -1.3
v 0.1 6.2 -1.3
v 0.1 6.4 -1.3
v 0.1 6.9 -1.3
v 0.1 7.3 -1.3
v 0.1 7.4 -1.3
v 0.1 7.6 -1.3
v 0.2 6.4 -1.3
v 0.2 6.5 -1.3
v 0.2 7 -1.3
v 0.2 7.4 -1.3
v 0.3 6.6 -1.3
v 0.3 6.9 -1.3
v 0.3 7 -1.3
v 0.3 7.5 -1.3
v 0.3 7.7 -1.3
v 0.4 6.2 -1.3
v 0.4 6.4 -1.3
v 0.4 6.6 -1.3
v 0.4 7 -1.3
v 0.4 7.1 -1.3
v 0.4 7.3 -1.3
v 0.4 7.5 -1.3
v 0.4 7.6 -1.3
v 0.4 7.7 -1.3
v 0.4 7.8 -1.3
v 0.5 6.7 -1.3
v 0.5 6.9 -1.3
v 0.5 7 -1.3
v 0.5 7.1 -1.3
v 0.5 7.3 -1.3
v 0.5 7.5 -1.3
v 0.5 7.6 -1.3
v 0.5 7.7 -1.3
v 0.6 6.3 -1.3
v 0.6 6.4 -1.3
v 0.6 6.8 -1.3
v 0.6 6.9 -1.3
v 0.6 7.1 -1.3
v 0.6 7.2 -1.3
v 0.6 7.3 -1.3
v 0.6 7.4 -1.3
v 0.6 7.5 -1.3
v 0.7 6.3 -1.3
v 0.7 6.4 -1.3
v 0.7 6.6 -1.3
v 0.7 6.7 -1.3
v 0.7 6.8 -1.3
v 0.7 6.9 -1.3
v 0.7 7 -1.3
v 0.7 7.2 -1.3
v 0.7 7.3 -1.3
v 0.7 7.4 -1.3
v 0.7 7.5 -1.3
v 0.8 6.5 -1.3
v 0.8 6.6 -1.3
v 0.8 6.8 -1.3
v 0.8 7 -1.3
v 0.8 7.2 -1.3
v 0.8 7.3 -1.3
v 0.8 7.4 -1.3
v 0.8 7.6 -1.3
v 0.8 7.8 -1.3
v 0.9 6.4 -1.3
v 0.9 6.5 -1.3
v 1.1 6.6 -1.3
v 1.1 6.7 -1.3
v 1.1 6.9 -1.3
v 1.2 6.7 -1.3
v 1.2 6.8 -1.3
v 1.2 6.9 -1.3
v 1.2 7.5 -1.3
v 1.2 7.7 -1.3
v 1.3 6.5 -1.3
v 1.3 6.6 -1.3
v 1.3 6.7 -1.3
v 1.3 6.8 -1.3
v 1.3 7.4 -1.3
v 1.3 7.5 -1.3
v 1.3 7.6 -1.3
v 1.3 7.7 -1.3
v 1.3 7.8 -1.3
v 1.4 6.5 -1.3
v 1.4 6.7 -1.3
v 1.4 7.4 -1.3
v 1.4 7.5 -1.3
v 1.4 7.6 -1.3
v 1.5 7.3 -1.3
v 1.5 7.4 -1.3
v 1.6 6.3 -1.3
v 1.6 6.4 -1.3
v 1.6 7.3 -1.3
v 1.6 7.5 -1.3
v 1.7 6.3 -1.3
v 1.7 6.4 -1.3
v 1.7 7.7 -1.3
v 1.7 7.8 -1.3
v 1.9 6.7 -1.3
v 1.9 6.8 -1.3
v 1.9 6.9 -1.3
v 1.9 7 -1.3
v 2 6.2 -1.3
v 2 6.3 -1.3
v 2 6.7 -1.3
v 2 6.8 -1.3
v 2 6.9 -1.3
v 2 7 -1.3
v 2.2 6.2 -1.3
v 2.2 6.3 -1.3
v 2.4 5.9 -1.3
v 2.4 6 -1.3
v 2.5 5.8 -1.3
v 2.5 5.9 -1.3
v 2.5 6 -1.3
v 2.6 5.9 -1.3
v 2.6 6 -1.3
v 2.7 5.8 -1.3
v 2.7 5.9 -1.3
v 2.7 6 -1.3
v 2.8 5.7 -1.3
v 2.8 5.9 -1.3
v 2.8 6.4 -1.3
v 2.8 6.5 -1.3
v 2.9 5.6 -1.3
v 2.9 5.7 -1.3
v 2.9 5.8 -1.3
v 2.9 5.9 -1.3
v 2.9 6.4 -1.3
v 2.9 6.5 -1.3
v 3 5.6 -1.3
v 3 5.7 -1.3
v 3 5.9 -1.3
v 3 6 -1.3
v 3.1 5.7 -1.3
v 3.1 5.8 -1.3
v 3.1 5.9 -1.3
v 3.1 6 -1.3
v 3.2 5.6 -1.3
v 3.2 5.7 -1.3
v 3.2 6.1 -1.3
v 3.2 6.3 -1.3
v 3.3 5.6 -1.3
v 3.3 5.7 -1.3
v 3.3 6.1 -1.3
v 3.3 6.3 -1.3
v -3.1 3.7 0.1
v -1.3 3.7 0.1
v -2.6 3.7 0
v -1.4 3.7 0
v -2.6 3.7 -1.1
v -1.4 3.7 -1.1
v -3.1 3.7 -1.2
v -1.3 3.7 -1.2
v -3.2 3.9 0.2
v -2.7 3.9 0.2
v -3.1 3.9 0.1
v -2.7 3.9 0.1
v -3.1 3.9 -1.2
v -2.7 3.9 -1.2
v -3.2 3.9 -1.3
v -2.7 3.9 -1.3
v -2.7 4 0.2
v -1.8 4 0.2
v -2.7 4 0.1
v -1.8 4 0.1
v -2.7 4 -1.2
v -1.8 4 -1.2
v -2.7 4 -1.3
v -1.8 4 -1.3
v -1.8 4.1 0.2
v -1.4 4.1 0.2
v -1.2 4.1 0.2
v -1.8 4.1 0.1
v -1.4 4.1 0.1
v -1.3 4.1 0.1
v -1.3 4.1 -0.1
v -1.2 4.1 -0.1
v -2.6 4.1 -0.5
v -2.5 4.1 -0.5
v -2.6 4.1 -0.6
v -2.5 4.1 -0.6
v -1.3 4.1 -1
v -1.2 4.1 -1
v -1.8 4.1 -1.2
v -1.4 4.1 -1.2
v -1.3 4.1 -1.2
v -1.8 4.1 -1.3
v -1.4 4.1 -1.3
v -1.2 4.1 -1.3
v -3.1 4.6 0.2
v -1.9 4.6 0.2
v -3 4.6 0.1
v -1.9 4.6 0.1
v -3 4.6 -1.2
v -1.9 4.6 -1.2
v -3.1 4.6 -1.3
v -1.9 4.6 -1.3
v -1.9 4.7 0.2
v -1.3 4.7 0.2
v -1.2 4.7 0.2
v -1.9 4.7 0.1
v -1.3 4.7 0.1
v -1.3 4.7 -0.1
v -1.2 4.7 -0.1
v -1.3 4.7 -1
v -1.2 4.7 -1
v -1.9 4.7 -1.2
v -1.3 4.7 -1.2
v -1.9 4.7 -1.3
v -1.3 4.7 -1.3
v -1.2 4.7 -1.3
v -1.2 4.8 0.2
v -1.1 4.8 0.2
v -1.2 4.8 -0.1
v -1.2 4.8 -0.2
v -1.1 4.8 -0.2
v -1.2 4.8 -0.9
v -1.1 4.8 -0.9
v -1.2 4.8 -1
v -1.2 4.8 -1.3
v -1.1 4.8 -1.3
v -3 5.1 0.2
v -2.7 5.1 0.2
v -1.3 5.1 0.2
v -1 5.1 0.2
v -3 5.1 0.1
v -2.9 5.1 0.1
v -2.7 5.1 0.1
v -1.3 5.1 0.1
v -1.2 5.1 0.1
v -1.1 5.1 0.1
v -1.1 5.1 -0.2
v -1 5.1 -0.2
v -1.1 5.1 -0.9
v -1 5.1 -0.9
v -1.3 5.1 -1.2
v -1.2 5.1 -1.2
v -1.1 5.1 -1.2
v -1.3 5.1 -1.3
v -1 5.1 -1.3
v -1.7 5.2 0.2
v -1.4 5.2 0.2
v -1.3 5.2 0.2
v -1.7 5.2 0.1
v -1.4 5.2 0.1
v -1.3 5.2 0.1
v -1.7 5.2 -1.2
v -1.4 5.2 -1.2
v -1.3 5.2 -1.2
v -1.7 5.2 -1.3
v -1.4 5.2 -1.3
v -1.3 5.2 -1.3
v -1.1 5.3 0.2
v -0.9 5.3 0.2
v -1.1 5.3 0.1
v -1 5.3 -0.1
v -0.9 5.3 -0.1
v -1.1 5.3 -0.2
v -1 5.3 -0.2
v -1.1 5.3 -0.9
v -1 5.3 -0.9
v -1 5.3 -1
v -0.9 5.3 -1
v -2.1 5.3 -1.2
v -1.7 5.3 -1.2
v -1.1 5.3 -1.2
v -2.1 5.3 -1.3
v -1.7 5.3 -1.3
v -1.1 5.3 -1.3
v -0.9 5.3 -1.3
v -2.5 5.4 0.2
v -1.8 5.4 0.2
v -1.3 5.4 0.2
v -1.1 5.4 0.2
v -2.5 5.4 0.1
v -1.8 5.4 0.1
v -1.3 5.4 0.1
v -1.1 5.4 0.1
v -2.5 5.4 -1.2
v -2.1 5.4 -1.2
v -1.3 5.4 -1.2
v -1.1 5.4 -1.2
v -2.5 5.4 -1.3
v -2.1 5.4 -1.3
v -1.3 5.4 -1.3
v -1.1 5.4 -1.3
v -2.8 5.5 0.2
v -2.5 5.5 0.2
v -0.9 5.5 0.2
v -0.7 5.5 0.2
v -2.8 5.5 0.1
v -2.7 5.5 0.1
v -2.5 5.5 0.1
v -0.9 5.5 0.1
v -0.8 5.5 0.1
v -0.9 5.5 -0.1
v -0.8 5.5 -0.2
v -0.7 5.5 -0.2
v -0.8 5.5 -0.9
v -0.7 5.5 -0.9
v -0.9 5.5 -1
v -2.8 5.5 -1.2
v -2.7 5.5 -1.2
v -2.5 5.5 -1.2
v -1.5 5.5 -1.2
v -1.3 5.5 -1.2
v -0.9 5.5 -1.2
v -0.8 5.5 -1.2
v -2.8 5.5 -1.3
v -2.5 5.5 -1.3
v -1.5 5.5 -1.3
v -1.3 5.5 -1.3
v -0.9 5.5 -1.3
v -0.7 5.5 -1.3
v -1.7 5.6 0.2
v -1.2 5.6 0.2
v -1.7 5.6 0.1
v -1.2 5.6 0.1
v -1 5.6 0.1
v -0.9 5.6 0.1
v -0.7 5.6 0.1
v -0.6 5.6 0.1
v 3 5.6 0.1
v 3.3 5.6 0.1
v 3 5.6 0
v 3.1 5.6 0
v 3.3 5.6 0
v 2.8 5.6 -0.1
v 2.9 5.6 -0.1
v 3 5.6 -0.1
v 3.1 5.6 -0.1
v -0.7 5.6 -0.2
v -0.6 5.6 -0.2
v 2.8 5.6 -0.2
v 2.9 5.6 -0.2
v 3 5.6 -0.2
v 3.3 5.6 -0.2
v 2.9 5.6 -0.6
v 3 5.6 -0.6
v 2.9 5.6 -0.7
v 3 5.6 -0.7
v -0.7 5.6 -0.9
v -0.6 5.6 -0.9
v 3.2 5.6 -0.9
v 3.3 5.6 -0.9
v 3 5.6 -1
v 3.2 5.6 -1
v 2.8 5.6 -1.1
v 2.9 5.6 -1.1
v 3 5.6 -1.1
v 3.1 5.6 -1.1
v 3.3 5.6 -1.1
v -1.7 5.6 -1.2
v -1.5 5.6 -1.2
v -1 5.6 -1.2
v -0.9 5.6 -1.2
v 2.8 5.6 -1.2
v 2.9 5.6 -1.2
v 3 5.6 -1.2
v 3.1 5.6 -1.2
v 3.2 5.6 -1.2
v 3.3 5.6 -1.2
v -1.7 5.6 -1.3
v -1.5 5.6 -1.3
v -1 5.6 -1.3
v -0.9 5.6 -1.3
v -0.7 5.6 -1.3
v -0.6 5.6 -1.3
v 2.9 5.6 -1.3
v 3 5.6 -1.3
v 3.2 5.6 -1.3
v 3.3 5.6 -1.3
v -1.8 5.7 0.2
v -1.7 5.7 0.2
v -1.1 5.7 0.2
v -0.8 5.7 0.2
v -1.8 5.7 0.1
v -1.7 5.7 0.1
v -1.1 5.7 0.1
v -1 5.7 0.1
v -0.9 5.7 0.1
v -0.8 5.7 0.1
v 2.9 5.7 0.1
v 3 5.7 0.1
v 3 5.7 0
v 3.1 5.7 0
v 3.4 5.7 0
v 3.5 5.7 0
v -0.6 5.7 -0.1
v -0.5 5.7 -0.1
v 2.5 5.7 -0.1
v 2.6 5.7 -0.1
v 2.9 5.7 -0.1
v 3 5.7 -0.1
v 3.1 5.7 -0.1
v 3.4 5.7 -0.1
v 3.5 5.7 -0.1
v 3.9 5.7 -0.1
v 4 5.7 -0.1
v -0.6 5.7 -0.2
v 2.5 5.7 -0.2
v 2.6 5.7 -0.2
v 3.7 5.7 -0.2
v 3.9 5.7 -0.2
v 4 5.7 -0.2
v 4.1 5.7 -0.2
v 3.5 5.7 -0.3
v 3.6 5.7 -0.3
v 3.7 5.7 -0.3
v 4.1 5.7 -0.3
v 3.5 5.7 -0.4
v 3.6 5.7 -0.4
v 3.2 5.7 -0.7
v 3.3 5.7 -0.7
v 3.8 5.7 -0.7
v 3.9 5.7 -0.7
v 3.3 5.7 -0.8
v 3.7 5.7 -0.8
v 3.8 5.7 -0.8
v 3.9 5.7 -0.8
v -0.6 5.7 -0.9
v 3.1 5.7 -0.9
v 3.2 5.7 -0.9
v 3.3 5.7 -0.9
v 3.7 5.7 -0.9
v 3.8 5.7 -0.9
v -0.6 5.7 -1
v -0.5 5.7 -1
v 2.8 5.7 -1
v 3 5.7 -1
v 3.1 5.7 -1
v 3.2 5.7 -1
v 3.7 5.7 -1
v 3.8 5.7 -1
v 2.8 5.7 -1.1
v 2.9 5.7 -1.1
v 3 5.7 -1.1
v 3.1 5.7 -1.1
v 3.3 5.7 -1.1
v 3.6 5.7 -1.1
v 3.7 5.7 -1.1
v -1.8 5.7 -1.2
v -1.7 5.7 -1.2
v -1.1 5.7 -1.2
v -1 5.7 -1.2
v 2.8 5.7 -1.2
v 2.9 5.7 -1.2
v 3 5.7 -1.2
v 3.1 5.7 -1.2
v 3.3 5.7 -1.2
v 3.6 5.7 -1.2
v -1.8 5.7 -1.3
v -1.7 5.7 -1.3
v -1.1 5.7 -1.3
v -1 5.7 -1.3
v -0.6 5.7 -1.3
v -0.5 5.7 -1.3
v 2.8 5.7 -1.3
v 2.9 5.7 -1.3
v 3 5.7 -1.3
v 3.1 5.7 -1.3
v -2 5.8 0.2
v -1.8 5.8 0.2
v -1.2 5.8 0.2
v -1.1 5.8 0.2
v -0.7 5.8 0.2
v -0.5 5.8 0.2
v -2 5.8 0.1
v -1.8 5.8 0.1
v -1.2 5.8 0.1
v -1.1 5.8 0.1
v -0.7 5.8 0.1
v -0.5 5.8 0.1
v -0.5 5.8 0
v -0.4 5.8 0
v -0.6 5.8 -0.1
v -0.5 5.8 -0.1
v 2.4 5.8 -0.1
v 2.5 5.8 -0.1
v 3.2 5.8 -0.1
v 3.4 5.8 -0.1
v 3.5 5.8 -0.1
v 3.7 5.8 -0.1
v 2.4 5.8 -0.2
v 2.5 5.8 -0.2
v 2.9 5.8 -0.2
v 3.1 5.8 -0.2
v 3.2 5.8 -0.2
v 3.4 5.8 -0.2
v 3.7 5.8 -0.2
v 2.8 5.8 -0.3
v 2.9 5.8 -0.3
v 3.5 5.8 -0.3
v 3.6 5.8 -0.3
v 3.7 5.8 -0.3
v 3.8 5.8 -0.3
v 2.8 5.8 -0.4
v 3.1 5.8 -0.4
v 3.2 5.8 -0.4
v 3.3 5.8 -0.4
v 3.5 5.8 -0.4
v 3.6 5.8 -0.4
v 3.8 5.8 -0.4
v 2.9 5.8 -0.5
v 3.2 5.8 -0.5
v 3.4 5.8 -0.5
v 3.5 5.8 -0.5
v 3.6 5.8 -0.5
v 2.7 5.8 -0.6
v 2.8 5.8 -0.6
v 2.9 5.8 -0.6
v 3.2 5.8 -0.6
v 3.3 5.8 -0.6
v 3.4 5.8 -0.6
v 2.7 5.8 -0.7
v 2.8 5.8 -0.7
v 3.1 5.8 -0.7
v 3.2 5.8 -0.7
v 3.3 5.8 -0.7
v 3.6 5.8 -0.7
v 3.7 5.8 -0.7
v 3.3 5.8 -0.8
v 3.5 5.8 -0.8
v 3.6 5.8 -0.8
v 3.7 5.8 -0.8
v 3 5.8 -0.9
v 3.1 5.8 -0.9
v 3.2 5.8 -0.9
v -0.6 5.8 -1
v -0.5 5.8 -1
v 3 5.8 -1
v 3.1 5.8 -1
v -0.5 5.8 -1.1
v -0.4 5.8 -1.1
v 2.5 5.8 -1.1
v 2.7 5.8 -1.1
v 2.8 5.8 -1.1
v -2 5.8 -1.2
v -1.8 5.8 -1.2
v -1.2 5.8 -1.2
v -1.1 5.8 -1.2
v -0.7 5.8 -1.2
v -0.6 5.8 -1.2
v 2.5 5.8 -1.2
v 2.7 5.8 -1.2
v 2.8 5.8 -1.2
v -2 5.8 -1.3
v -1.8 5.8 -1.3
v -1.2 5.8 -1.3
v -1.1 5.8 -1.3
v -0.7 5.8 -1.3
v -0.6 5.8 -1.3
v -0.5 5.8 -1.3
v -0.4 5.8 -1.3
v 2.5 5.8 -1.3
v 2.7 5.8 -1.3
v -2.2 5.9 0.2
v -2 5.9 0.2
v -1.3 5.9 0.2
v -1.2 5.9 0.2
v -0.5 5.9 0.2
v -0.4 5.9 0.2
v -2.2 5.9 0.1
v -2 5.9 0.1
v -1.3 5.9 0.1
v -1.2 5.9 0.1
v -0.5 5.9 0.1
v -0.4 5.9 0.1
v 3.2 5.9 0.1
v 3.3 5.9 0.1
v -0.5 5.9 0
v -0.4 5.9 0
v 2.8 5.9 0
v 2.9 5.9 0
v 3 5.9 0
v 3.2 5.9 0
v 3.3 5.9 0
v 2.8 5.9 -0.1
v 2.9 5.9 -0.1
v 3 5.9 -0.1
v 3.1 5.9 -0.1
v 3.2 5.9 -0.1
v 3.3 5.9 -0.1
v 3.7 5.9 -0.1
v 3.9 5.9 -0.1
v 3.2 5.9 -0.2
v 3.4 5.9 -0.2
v 3.5 5.9 -0.2
v 3.7 5.9 -0.2
v 3.9 5.9 -0.2
v 4 5.9 -0.2
v 3.3 5.9 -0.3
v 3.4 5.9 -0.3
v 3.9 5.9 -0.3
v 4 5.9 -0.3
v 3 5.9 -0.4
v 3.1 5.9 -0.4
v 3.2 5.9 -0.4
v 3.3 5.9 -0.4
v 3.4 5.9 -0.4
v 2.8 5.9 -0.5
v 2.9 5.9 -0.5
v 3 5.9 -0.5
v 3.2 5.9 -0.5
v 3.4 5.9 -0.5
v 3.5 5.9 -0.5
v 2.6 5.9 -0.6
v 2.7 5.9 -0.6
v 2.8 5.9 -0.6
v 2.9 5.9 -0.6
v 3 5.9 -0.6
v 3.2 5.9 -0.6
v 3.3 5.9 -0.6
v 3.4 5.9 -0.6
v 2.6 5.9 -0.7
v 2.7 5.9 -0.7
v 2.8 5.9 -0.7
v 2.9 5.9 -0.7
v 3 5.9 -0.7
v 3.1 5.9 -0.7
v 3.2 5.9 -0.7
v 3.5 5.9 -0.7
v 3.6 5.9 -0.7
v 3 5.9 -0.8
v 3.1 5.9 -0.8
v 3.5 5.9 -0.8
v 3.6 5.9 -0.8
v 2.5 5.9 -0.9
v 2.6 5.9 -0.9
v 3 5.9 -0.9
v 3.1 5.9 -0.9
v 3.6 5.9 -0.9
v 3.7 5.9 -0.9
v 2.5 5.9 -1
v 2.6 5.9 -1
v 2.7 5.9 -1
v 2.8 5.9 -1
v 2.7 5.9 -1.1
v 2.8 5.9 -1.1
v 3.2 5.9 -1.1
v 3.3 5.9 -1.1
v 3.6 5.9 -1.1
v 3.7 5.9 -1.1
v -2.2 5.9 -1.2
v -2 5.9 -1.2
v -1.3 5.9 -1.2
v -1.2 5.9 -1.2
v 2.4 5.9 -1.2
v 2.5 5.9 -1.2
v 3 5.9 -1.2
v 3.1 5.9 -1.2
v 3.2 5.9 -1.2
v 3.3 5.9 -1.2
v -2.2 5.9 -1.3
v -2 5.9 -1.3
v -1.3 5.9 -1.3
v -1.2 5.9 -1.3
v 2.4 5.9 -1.3
v 2.5 5.9 -1.3
v 3 5.9 -1.3
v 3.1 5.9 -1.3
v -2.4 6 0.2
v -2.2 6 0.2
v -1.4 6 0.2
v -1.3 6 0.2
v -0.8 6 0.2
v -0.7 6 0.2
v -0.3 6 0.2
v -0.0999999 6 0.2
v -2.4 6 0.1
v -2.2 6 0.1
v -1.4 6 0.1
v -1.3 6 0.1
v -0.8 6 0.1
v -0.7 6 0.1
v 3 6 0.1
v 3.1 6 0.1
v 2.9 6 0
v 3 6 0
v 3.1 6 0
v 3.6 6 0
v 3.7 6 0
v -0.2 6 -0.1
v -0.0999999 6 -0.1
v 2.8 6 -0.1
v 2.9 6 -0.1
v 3 6 -0.1
v 3.6 6 -0.1
v 3.7 6 -0.1
v -0.3 6 -0.3
v -0.2 6 -0.3
v 2.8 6 -0.3
v 2.9 6 -0.3
v 3.3 6 -0.3
v 3.4 6 -0.3
v 3.3 6 -0.4
v 3.4 6 -0.4
v 3.6 6 -0.4
v 3.8 6 -0.4
v 2.6 6 -0.5
v 2.8 6 -0.5
v 3.5 6 -0.5
v 3.6 6 -0.5
v 3.8 6 -0.5
v 2.6 6 -0.6
v 2.8 6 -0.6
v 2.9 6 -0.6
v 3 6 -0.6
v 2.9 6 -0.7
v 3 6 -0.7
v 3.1 6 -0.7
v 3.5 6 -0.7
v 3.6 6 -0.7
v -0.3 6 -0.8
v -0.2 6 -0.8
v -0.0999999 6 -0.8
v 3 6 -0.8
v 3.1 6 -0.8
v -0.2 6 -0.9
v -0.0999999 6 -0.9
v 2.7 6 -0.9
v 2.8 6 -0.9
v 2.9 6 -0.9
v 3 6 -0.9
v -0.2 6 -1
v -0.0999999 6 -1
v 2.6 6 -1
v 2.7 6 -1
v 2.8 6 -1
v 2.9 6 -1
v 3 6 -1
v 2.6 6 -1.1
v 2.7 6 -1.1
v 3.3 6 -1.1
v 3.4 6 -1.1
v -2.4 6 -1.2
v -2.2 6 -1.2
v -1.4 6 -1.2
v -1.3 6 -1.2
v -0.8 6 -1.2
v -0.7 6 -1.2
v 3.3 6 -1.2
v 3.4 6 -1.2
v -2.4 6 -1.3
v -2.2 6 -1.3
v -1.4 6 -1.3
v -1.3 6 -1.3
v -0.8 6 -1.3
v -0.7 6 -1.3
v -0.3 6 -1.3
v -0.0999999 6 -1.3
v -1.6 6.1 0.2
v -1.4 6.1 0.2
v -0.9 6.1 0.2
v -0.8 6.1 0.2
v -0.0999999 6.1 0.2
v 0 6.1 0.2
v -1.6 6.1 0.1
v -1.4 6.1 0.1
v -0.9 6.1 0.1
v -0.8 6.1 0.1
v -0.5 6.1 0.1
v -0.3 6.1 0.1
v 2.8 6.1 0.1
v 2.9 6.1 0.1
v 2.7 6.1 0
v 2.8 6.1 0
v 2.9 6.1 0
v -0.0999999 6.1 -0.1
v 0 6.1 -0.1
v 2.6 6.1 -0.1
v 2.7 6.1 -0.1
v 2.8 6.1 -0.1
v 2.6 6.1 -0.2
v 2.7 6.1 -0.2
v 2.8 6.1 -0.2
v 3.7 6.1 -0.2
v 3.9 6.1 -0.2
v -0.3 6.1 -0.3
v 2.6 6.1 -0.3
v 2.7 6.1 -0.3
v 2.8 6.1 -0.3
v 2.9 6.1 -0.3
v 3.7 6.1 -0.3
v 3.8 6.1 -0.3
v 3.9 6.1 -0.3
v 2.1 6.1 -0.4
v 2.2 6.1 -0.4
v 2.6 6.1 -0.4
v 2.7 6.1 -0.4
v 2.8 6.1 -0.4
v 2.9 6.1 -0.4
v 3 6.1 -0.4
v 3.8 6.1 -0.4
v 3.9 6.1 -0.4
v 2.1 6.1 -0.5
v 2.2 6.1 -0.5
v 2.9 6.1 -0.5
v 3 6.1 -0.5
v 3.6 6.1 -0.5
v 3.7 6.1 -0.5
v 3.8 6.1 -0.5
v 3.9 6.1 -0.5
v -0.0999999 6.1 -0.6
v 0 6.1 -0.6
v 2.5 6.1 -0.6
v 2.6 6.1 -0.6
v 2.8 6.1 -0.6
v 2.9 6.1 -0.6
v 3.6 6.1 -0.6
v 3.7 6.1 -0.6
v 2.1 6.1 -0.7
v 2.2 6.1 -0.7
v 2.5 6.1 -0.7
v 2.6 6.1 -0.7
v 2.7 6.1 -0.7
v 2.8 6.1 -0.7
v 2.9 6.1 -0.7
v 3 6.1 -0.7
v -0.3 6.1 -0.8
v -0.2 6.1 -0.8
v -0.0999999 6.1 -0.8
v 2.1 6.1 -0.8
v 2.2 6.1 -0.8
v 2.6 6.1 -0.8
v 2.7 6.1 -0.8
v 2.9 6.1 -0.8
v -0.2 6.1 -0.9
v -0.0999999 6.1 -0.9
v 0 6.1 -0.9
v 2.6 6.1 -0.9
v 2.7 6.1 -0.9
v 2.8 6.1 -0.9
v 2.9 6.1 -0.9
v 3 6.1 -0.9
v -0.0999999 6.1 -1
v 0 6.1 -1
v 2.1 6.1 -1
v 2.2 6.1 -1
v 2.5 6.1 -1
v 2.6 6.1 -1
v 2.7 6.1 -1
v 2.8 6.1 -1
v 2.9 6.1 -1
v 2.1 6.1 -1.1
v 2.2 6.1 -1.1
v 2.5 6.1 -1.1
v 2.6 6.1 -1.1
v 2.8 6.1 -1.1
v 2.9 6.1 -1.1
v 3.4 6.1 -1.1
v 3.5 6.1 -1.1
v -1.6 6.1 -1.2
v -1.4 6.1 -1.2
v -0.9 6.1 -1.2
v -0.8 6.1 -1.2
v -0.5 6.1 -1.2
v -0.3 6.1 -1.2
v 2.5 6.1 -1.2
v 2.6 6.1 -1.2
v 2.8 6.1 -1.2
v 2.9 6.1 -1.2
v 3.2 6.1 -1.2
v 3.3 6.1 -1.2
v 3.4 6.1 -1.2
v 3.5 6.1 -1.2
v -1.6 6.1 -1.3
v -1.4 6.1 -1.3
v -0.9 6.1 -1.3
v -0.8 6.1 -1.3
v -0.0999999 6.1 -1.3
v 0 6.1 -1.3
v 3.2 6.1 -1.3
v 3.3 6.1 -1.3
v -1.7 6.2 0.2
v -1.6 6.2 0.2
v -1 6.2 0.2
v -0.9 6.2 0.2
v -0.4 6.2 0.2
v -0.3 6.2 0.2
v 0.1 6.2 0.2
v 0.3 6.2 0.2
v -1.7 6.2 0.1
v -1.6 6.2 0.1
v -1 6.2 0.1
v -0.9 6.2 0.1
v -0.4 6.2 0.1
v -0.3 6.2 0.1
v 0.3 6.2 0.1
v 0.4 6.2 0.1
v 1.6 6.2 0.1
v 1.8 6.2 0.1
v 0.3 6.2 0
v 0.4 6.2 0
v 1.6 6.2 0
v 1.8 6.2 0
v 0.2 6.2 -0.1
v 0.3 6.2 -0.1
v 2.7 6.2 -0.1
v 2.8 6.2 -0.1
v 2.5 6.2 -0.2
v 2.6 6.2 -0.2
v 2.7 6.2 -0.2
v 2.8 6.2 -0.2
v 0.1 6.2 -0.3
v 0.2 6.2 -0.3
v 2.6 6.2 -0.3
v 2.7 6.2 -0.3
v 2.8 6.2 -0.3
v 2 6.2 -0.4
v 2.1 6.2 -0.4
v 2.5 6.2 -0.4
v 2.6 6.2 -0.4
v 2.7 6.2 -0.4
v 2.8 6.2 -0.4
v 2.9 6.2 -0.4
v 0.3 6.2 -0.5
v 0.4 6.2 -0.5
v 1.7 6.2 -0.5
v 1.8 6.2 -0.5
v 2 6.2 -0.5
v 2.1 6.2 -0.5
v 2.5 6.2 -0.5
v 2.6 6.2 -0.5
v 2.9 6.2 -0.5
v 0.1 6.2 -0.6
v 0.3 6.2 -0.6
v 0.4 6.2 -0.6
v 1.7 6.2 -0.6
v 1.8 6.2 -0.6
v 2.2 6.2 -0.6
v 2.3 6.2 -0.6
v 2.5 6.2 -0.6
v 2.6 6.2 -0.6
v -0.0999999 6.2 -0.7
v 0 6.2 -0.7
v 0.1 6.2 -0.7
v 0.3 6.2 -0.7
v 2.2 6.2 -0.7
v 2.3 6.2 -0.7
v 2.7 6.2 -0.7
v 2.9 6.2 -0.7
v 0.1 6.2 -0.8
v 0.2 6.2 -0.8
v 2.1 6.2 -0.8
v 2.2 6.2 -0.8
v 2.6 6.2 -0.8
v 2.7 6.2 -0.8
v 2.9 6.2 -0.8
v -0.0999999 6.2 -0.9
v 0 6.2 -0.9
v 2.1 6.2 -0.9
v 2.2 6.2 -0.9
v 2.6 6.2 -0.9
v 2.7 6.2 -0.9
v 0.2 6.2 -1
v 0.3 6.2 -1
v 2 6.2 -1
v 2.1 6.2 -1
v 0.3 6.2 -1.1
v 0.4 6.2 -1.1
v 2 6.2 -1.1
v 2.1 6.2 -1.1
v 2.9 6.2 -1.1
v 3 6.2 -1.1
v 3.3 6.2 -1.1
v 3.4 6.2 -1.1
v -1.7 6.2 -1.2
v -1.6 6.2 -1.2
v -1 6.2 -1.2
v -0.9 6.2 -1.2
v -0.4 6.2 -1.2
v -0.3 6.2 -1.2
v 2 6.2 -1.2
v 2.2 6.2 -1.2
v 2.9 6.2 -1.2
v 3 6.2 -1.2
v 3.3 6.2 -1.2
v 3.4 6.2 -1.2
v -1.7 6.2 -1.3
v -1.6 6.2 -1.3
v -1 6.2 -1.3
v -0.9 6.2 -1.3
v -0.4 6.2 -1.3
v -0.3 6.2 -1.3
v 0.1 6.2 -1.3
v 0.4 6.2 -1.3
v 2 6.2 -1.3
v 2.2 6.2 -1.3
v -1.8 6.3 0.2
v -1.7 6.3 0.2
v -1.8 6.3 0.1
v -1.7 6.3 0.1
v 0 6.3 0.1
v 0.1 6.3 0.1
v 0.6 6.3 0.1
v 0.7 6.3 0.1
v 0.7 6.3 0
v 0.9 6.3 0
v 1.3 6.3 0
v 1.4 6.3 0
v 1.6 6.3 0
v 1.7 6.3 0
v 2.6 6.3 0
v 2.7 6.3 0
v 1.1 6.3 -0.1
v 1.2 6.3 -0.1
v 1.3 6.3 -0.1
v 1.4 6.3 -0.1
v 1.6 6.3 -0.1
v 1.7 6.3 -0.1
v 2.2 6.3 -0.1
v 2.3 6.3 -0.1
v 2.5 6.3 -0.1
v 2.6 6.3 -0.1
v 2.7 6.3 -0.1
v 1.1 6.3 -0.2
v 1.2 6.3 -0.2
v 2.2 6.3 -0.2
v 2.3 6.3 -0.2
v 2.4 6.3 -0.2
v 2.5 6.3 -0.2
v 2.6 6.3 -0.2
v 2.7 6.3 -0.2
v 0.1 6.3 -0.3
v 0.6 6.3 -0.3
v 0.9 6.3 -0.3
v 2.3 6.3 -0.3
v 2.4 6.3 -0.3
v 2.5 6.3 -0.3
v 2.6 6.3 -0.3
v 2.7 6.3 -0.3
v 2.1 6.3 -0.4
v 2.2 6.3 -0.4
v 2.3 6.3 -0.4
v 2.4 6.3 -0.4
v 2.5 6.3 -0.4
v 2.6 6.3 -0.4
v 0.6 6.3 -0.5
v 0.9 6.3 -0.5
v 1.3 6.3 -0.5
v 1.4 6.3 -0.5
v 2.1 6.3 -0.5
v 2.5 6.3 -0.5
v 2.6 6.3 -0.5
v -0.0999999 6.3 -0.6
v 0 6.3 -0.6
v 0.1 6.3 -0.6
v 0.3 6.3 -0.6
v 1.1 6.3 -0.6
v 1.3 6.3 -0.6
v 2.2 6.3 -0.6
v 2.4 6.3 -0.6
v 2.5 6.3 -0.6
v 2.6 6.3 -0.6
v -0.0999999 6.3 -0.7
v 0 6.3 -0.7
v 0.1 6.3 -0.7
v 0.3 6.3 -0.7
v 1.3 6.3 -0.7
v 1.4 6.3 -0.7
v 2 6.3 -0.7
v 2.1 6.3 -0.7
v 2.2 6.3 -0.7
v 2.3 6.3 -0.7
v 2.4 6.3 -0.7
v 2.5 6.3 -0.7
v 0.1 6.3 -0.8
v 1.1 6.3 -0.8
v 1.3 6.3 -0.8
v 1.8 6.3 -0.8
v 1.9 6.3 -0.8
v 2.2 6.3 -0.8
v 2.3 6.3 -0.8
v 0.8 6.3 -0.9
v 0.9 6.3 -0.9
v 1.7 6.3 -0.9
v 1.8 6.3 -0.9
v 1.9 6.3 -0.9
v 2 6.3 -0.9
v 2.1 6.3 -0.9
v 2.2 6.3 -0.9
v 2.3 6.3 -0.9
v 0.6 6.3 -1
v 0.8 6.3 -1
v 1.7 6.3 -1
v 1.8 6.3 -1
v 2.1 6.3 -1
v 2.2 6.3 -1
v 2.3 6.3 -1
v 2.4 6.3 -1
v 2.5 6.3 -1
v 2.6 6.3 -1
v 0.8 6.3 -1.1
v 0.9 6.3 -1.1
v 1.6 6.3 -1.1
v 1.7 6.3 -1.1
v 1.9 6.3 -1.1
v 2.1 6.3 -1.1
v 2.2 6.3 -1.1
v 2.3 6.3 -1.1
v 2.4 6.3 -1.1
v 2.5 6.3 -1.1
v -1.8 6.3 -1.2
v -1.7 6.3 -1.2
v 0 6.3 -1.2
v 0.1 6.3 -1.2
v 0.6 6.3 -1.2
v 0.7 6.3 -1.2
v 0.8 6.3 -1.2
v 0.9 6.3 -1.2
v 1.6 6.3 -1.2
v 1.7 6.3 -1.2
v 1.9 6.3 -1.2
v 2.1 6.3 -1.2
v 2.2 6.3 -1.2
v 2.3 6.3 -1.2
v -1.8 6.3 -1.3
v -1.7 6.3 -1.3
v 0.6 6.3 -1.3
v 0.7 6.3 -1.3
v 1.6 6.3 -1.3
v 1.7 6.3 -1.3
v -1.9 6.4 0.2
v -1.8 6.4 0.2
v -1.1 6.4 0.2
v -1 6.4 0.2
v -0.5 6.4 0.2
v -0.4 6.4 0.2
v 0 6.4 0.2
v 0.1 6.4 0.2
v 0.6 6.4 0.2
v 0.7 6.4 0.2
v -1.9 6.4 0.1
v -1.8 6.4 0.1
v -1.1 6.4 0.1
v -1 6.4 0.1
v -0.5 6.4 0.1
v -0.4 6.4 0.1
v 0 6.4 0.1
v 0.1 6.4 0.1
v 0.3 6.4 0.1
v 0.4 6.4 0.1
v 0.5 6.4 0.1
v 0.6 6.4 0.1
v 0.7 6.4 0.1
v 0.9 6.4 0.1
v 1.1 6.4 0.1
v 0.3 6.4 0
v 0.4 6.4 0
v 0.5 6.4 0
v 0.7 6.4 0
v 0.9 6.4 0
v 1.1 6.4 0
v 1.3 6.4 0
v 1.7 6.4 0
v 1.8 6.4 0
v 2.3 6.4 0
v 2.4 6.4 0
v 2.5 6.4 0
v 2.6 6.4 0
v 0.9 6.4 -0.1
v 1 6.4 -0.1
v 1.1 6.4 -0.1
v 1.2 6.4 -0.1
v 1.3 6.4 -0.1
v 1.6 6.4 -0.1
v 1.7 6.4 -0.1
v 1.8 6.4 -0.1
v 2.1 6.4 -0.1
v 2.2 6.4 -0.1
v 2.3 6.4 -0.1
v 2.4 6.4 -0.1
v 2.5 6.4 -0.1
v 2.6 6.4 -0.1
v 0.9 6.4 -0.2
v 1 6.4 -0.2
v 1.2 6.4 -0.2
v 1.3 6.4 -0.2
v 2.1 6.4 -0.2
v 2.2 6.4 -0.2
v 2.3 6.4 -0.2
v 2.4 6.4 -0.2
v 2.5 6.4 -0.2
v 0.5 6.4 -0.3
v 0.6 6.4 -0.3
v 0.9 6.4 -0.3
v 2.3 6.4 -0.3
v 2.4 6.4 -0.3
v 2.5 6.4 -0.3
v 3.3 6.4 -0.3
v 3.4 6.4 -0.3
v 0.4 6.4 -0.4
v 0.5 6.4 -0.4
v 1.6 6.4 -0.4
v 1.7 6.4 -0.4
v 2.4 6.4 -0.4
v 3.2 6.4 -0.4
v 3.3 6.4 -0.4
v 3.4 6.4 -0.4
v 0.3 6.4 -0.5
v 0.4 6.4 -0.5
v 0.6 6.4 -0.5
v 0.9 6.4 -0.5
v 1.1 6.4 -0.5
v 1.3 6.4 -0.5
v 1.6 6.4 -0.5
v 1.7 6.4 -0.5
v 2 6.4 -0.5
v 2.1 6.4 -0.5
v 2.2 6.4 -0.5
v 2.3 6.4 -0.5
v 3.2 6.4 -0.5
v 3.3 6.4 -0.5
v 3.4 6.4 -0.5
v 0 6.4 -0.6
v 0.1 6.4 -0.6
v 0.3 6.4 -0.6
v 0.4 6.4 -0.6
v 1.1 6.4 -0.6
v 1.3 6.4 -0.6
v 2.2 6.4 -0.6
v 2.3 6.4 -0.6
v 2.4 6.4 -0.6
v 2.5 6.4 -0.6
v 3.3 6.4 -0.6
v 3.4 6.4 -0.6
v 0 6.4 -0.7
v 0.1 6.4 -0.7
v 2 6.4 -0.7
v 2.1 6.4 -0.7
v 2.4 6.4 -0.7
v 1 6.4 -0.8
v 1.1 6.4 -0.8
v 1.7 6.4 -0.8
v 1.8 6.4 -0.8
v 2.2 6.4 -0.8
v 2.3 6.4 -0.8
v 2.4 6.4 -0.8
v 2.5 6.4 -0.8
v 0.8 6.4 -0.9
v 0.9 6.4 -0.9
v 1 6.4 -0.9
v 1.2 6.4 -0.9
v 1.3 6.4 -0.9
v 1.7 6.4 -0.9
v 1.8 6.4 -0.9
v 1.9 6.4 -0.9
v 2 6.4 -0.9
v 2.1 6.4 -0.9
v 2.2 6.4 -0.9
v 2.3 6.4 -0.9
v 2.4 6.4 -0.9
v 0.4 6.4 -1
v 0.6 6.4 -1
v 0.7 6.4 -1
v 0.8 6.4 -1
v 0.9 6.4 -1
v 1.2 6.4 -1
v 1.3 6.4 -1
v 1.7 6.4 -1
v 1.8 6.4 -1
v 2 6.4 -1
v 2.1 6.4 -1
v 2.2 6.4 -1
v 2.3 6.4 -1
v 2.4 6.4 -1
v 2.5 6.4 -1
v 0.4 6.4 -1.1
v 0.6 6.4 -1.1
v 0.7 6.4 -1.1
v 0.8 6.4 -1.1
v 1.2 6.4 -1.1
v 1.3 6.4 -1.1
v 1.6 6.4 -1.1
v 1.7 6.4 -1.1
v 1.9 6.4 -1.1
v 2.2 6.4 -1.1
v 2.3 6.4 -1.1
v 2.4 6.4 -1.1
v 2.5 6.4 -1.1
v 2.9 6.4 -1.1
v 3 6.4 -1.1
v -1.9 6.4 -1.2
v -1.8 6.4 -1.2
v -1.1 6.4 -1.2
v -1 6.4 -1.2
v -0.5 6.4 -1.2
v -0.4 6.4 -1.2
v 0 6.4 -1.2
v 0.1 6.4 -1.2
v 0.4 6.4 -1.2
v 0.6 6.4 -1.2
v 0.7 6.4 -1.2
v 0.8 6.4 -1.2
v 0.9 6.4 -1.2
v 1.2 6.4 -1.2
v 1.3 6.4 -1.2
v 2.3 6.4 -1.2
v 2.5 6.4 -1.2
v 2.8 6.4 -1.2
v 2.9 6.4 -1.2
v 3 6.4 -1.2
v -1.9 6.4 -1.3
v -1.8 6.4 -1.3
v -1.1 6.4 -1.3
v -1 6.4 -1.3
v -0.5 6.4 -1.3
v -0.4 6.4 -1.3
v 0 6.4 -1.3
v 0.1 6.4 -1.3
v 0.7 6.4 -1.3
v 0.9 6.4 -1.3
v 2.8 6.4 -1.3
v 2.9 6.4 -1.3
v -2 6.5 0.2
v -1.9 6.5 0.2
v -1.2 6.5 0.2
v -1.1 6.5 0.2
v -2 6.5 0.1
v -1.9 6.5 0.1
v -1.2 6.5 0.1
v -1.1 6.5 0.1
v 1.1 6.5 0.1
v 1.3 6.5 0.1
v 2 6.5 0.1
v 2.1 6.5 0.1
v 0.9 6.5 0
v 1.1 6.5 0
v 1.3 6.5 0
v 1.4 6.5 0
v 1.5 6.5 0
v 1.6 6.5 0
v 2 6.5 0
v 2.1 6.5 0
v 2.3 6.5 0
v 0.9 6.5 -0.1
v 1 6.5 -0.1
v 1.5 6.5 -0.1
v 1.6 6.5 -0.1
v 1.7 6.5 -0.1
v 1.8 6.5 -0.1
v 2.1 6.5 -0.1
v 2.3 6.5 -0.1
v 0.9 6.5 -0.2
v 1 6.5 -0.2
v 1.1 6.5 -0.2
v 1.2 6.5 -0.2
v 1.3 6.5 -0.2
v 1.4 6.5 -0.2
v 2.1 6.5 -0.2
v 2.3 6.5 -0.2
v 3.3 6.5 -0.2
v 3.4 6.5 -0.2
v 0.5 6.5 -0.3
v 0.6 6.5 -0.3
v 1.1 6.5 -0.3
v 1.2 6.5 -0.3
v 1.7 6.5 -0.3
v 1.8 6.5 -0.3
v 2 6.5 -0.3
v 2.1 6.5 -0.3
v 2.3 6.5 -0.3
v 2.4 6.5 -0.3
v 3.3 6.5 -0.3
v 3.4 6.5 -0.3
v 0.4 6.5 -0.4
v 0.5 6.5 -0.4
v 1.1 6.5 -0.4
v 1.4 6.5 -0.4
v 1.6 6.5 -0.4
v 1.7 6.5 -0.4
v 1.8 6.5 -0.4
v 2 6.5 -0.4
v 2.1 6.5 -0.4
v 2.2 6.5 -0.4
v 0.4 6.5 -0.5
v 0.6 6.5 -0.5
v 0.9 6.5 -0.5
v 1.1 6.5 -0.5
v 1.3 6.5 -0.5
v 1.4 6.5 -0.5
v 1.5 6.5 -0.5
v 1.6 6.5 -0.5
v 1.7 6.5 -0.5
v 2 6.5 -0.5
v 2.1 6.5 -0.5
v 2.2 6.5 -0.5
v 2.3 6.5 -0.5
v 1.7 6.5 -0.6
v 1.8 6.5 -0.6
v 2.3 6.5 -0.6
v 2.4 6.5 -0.6
v 1.4 6.5 -0.7
v 1.5 6.5 -0.7
v 1.7 6.5 -0.7
v 2 6.5 -0.7
v 2.4 6.5 -0.7
v 2.5 6.5 -0.7
v 1.1 6.5 -0.8
v 1.3 6.5 -0.8
v 1.5 6.5 -0.8
v 1.6 6.5 -0.8
v 1.7 6.5 -0.8
v 1.9 6.5 -0.8
v 2.4 6.5 -0.8
v 2.5 6.5 -0.8
v 1.2 6.5 -0.9
v 1.3 6.5 -0.9
v 1.4 6.5 -0.9
v 1.5 6.5 -0.9
v 2.3 6.5 -0.9
v 2.4 6.5 -0.9
v 0.4 6.5 -1
v 0.6 6.5 -1
v 0.7 6.5 -1
v 0.9 6.5 -1
v 1 6.5 -1
v 1.2 6.5 -1
v 1.3 6.5 -1
v 1.4 6.5 -1
v 1.5 6.5 -1
v 1.9 6.5 -1
v 2 6.5 -1
v 2.3 6.5 -1
v 2.4 6.5 -1
v 0.4 6.5 -1.1
v 0.6 6.5 -1.1
v 0.7 6.5 -1.1
v 0.9 6.5 -1.1
v 1.2 6.5 -1.1
v 1.3 6.5 -1.1
v 1.5 6.5 -1.1
v 1.6 6.5 -1.1
v 1.7 6.5 -1.1
v 1.8 6.5 -1.1
v 2.7 6.5 -1.1
v 2.8 6.5 -1.1
v -2 6.5 -1.2
v -1.9 6.5 -1.2
v -1.2 6.5 -1.2
v -1.1 6.5 -1.2
v 0.9 6.5 -1.2
v 1 6.5 -1.2
v 1.1 6.5 -1.2
v 1.2 6.5 -1.2
v 1.3 6.5 -1.2
v 1.4 6.5 -1.2
v 1.7 6.5 -1.2
v 1.8 6.5 -1.2
v 2.7 6.5 -1.2
v 2.8 6.5 -1.2
v -2 6.5 -1.3
v -1.9 6.5 -1.3
v -1.2 6.5 -1.3
v -1.1 6.5 -1.3
v 1.3 6.5 -1.3
v 1.4 6.5 -1.3
v -1.3 6.6 0.2
v -1.2 6.6 0.2
v -0.6 6.6 0.2
v -0.5 6.6 0.2
v 1.2 6.6 0.2
v 1.3 6.6 0.2
v -1.3 6.6 0.1
v -1.2 6.6 0.1
v -0.6 6.6 0.1
v -0.5 6.6 0.1
v 1.2 6.6 0.1
v 1.3 6.6 0.1
v 1.4 6.6 0.1
v 2.1 6.6 0.1
v 2.2 6.6 0.1
v 1.3 6.6 0
v 1.4 6.6 0
v 1.5 6.6 0
v 1.7 6.6 0
v 2 6.6 0
v 2.1 6.6 0
v 2.2 6.6 0
v 2.4 6.6 0
v 2.6 6.6 0
v 1.4 6.6 -0.1
v 1.5 6.6 -0.1
v 1.6 6.6 -0.1
v 1.7 6.6 -0.1
v 1.8 6.6 -0.1
v 2.4 6.6 -0.1
v 2.6 6.6 -0.1
v 1.2 6.6 -0.2
v 1.4 6.6 -0.2
v 1.5 6.6 -0.2
v 1.9 6.6 -0.2
v 2 6.6 -0.2
v 1.1 6.6 -0.3
v 1.2 6.6 -0.3
v 1.3 6.6 -0.3
v 1.6 6.6 -0.3
v 1.7 6.6 -0.3
v 1.8 6.6 -0.3
v 1.9 6.6 -0.3
v 2 6.6 -0.3
v 2.1 6.6 -0.3
v 1.1 6.6 -0.4
v 1.3 6.6 -0.4
v 1.6 6.6 -0.4
v 1.7 6.6 -0.4
v 1.9 6.6 -0.4
v 2 6.6 -0.4
v 2.1 6.6 -0.4
v 1.5 6.6 -0.5
v 1.6 6.6 -0.5
v 1.8 6.6 -0.5
v 1.9 6.6 -0.5
v 1.7 6.6 -0.6
v 1.8 6.6 -0.6
v 1.4 6.6 -0.7
v 1.5 6.6 -0.7
v 1.7 6.6 -0.7
v 2 6.6 -0.7
v 1 6.6 -0.8
v 1.1 6.6 -0.8
v 1.5 6.6 -0.8
v 1.6 6.6 -0.8
v 0.9 6.6 -0.9
v 1 6.6 -0.9
v 1.4 6.6 -0.9
v 1.5 6.6 -0.9
v 0.9 6.6 -1
v 1 6.6 -1
v 1.4 6.6 -1
v 1.5 6.6 -1
v 1.9 6.6 -1
v 2 6.6 -1
v 1.4 6.6 -1.1
v 1.5 6.6 -1.1
v 1.8 6.6 -1.1
v 1.9 6.6 -1.1
v 2 6.6 -1.1
v -1.3 6.6 -1.2
v -1.2 6.6 -1.2
v -0.6 6.6 -1.2
v -0.5 6.6 -1.2
v 1 6.6 -1.2
v 1.1 6.6 -1.2
v 1.3 6.6 -1.2
v 1.8 6.6 -1.2
v 1.9 6.6 -1.2
v -1.3 6.6 -1.3
v -1.2 6.6 -1.3
v -0.6 6.6 -1.3
v -0.5 6.6 -1.3
v 1.1 6.6 -1.3
v 1.3 6.6 -1.3
v -0.0999999 6.7 0.2
v 0 6.7 0.2
v 1.9 6.7 0.2
v 2 6.7 0.2
v -0.0999999 6.7 0.1
v 0 6.7 0.1
v 0.8 6.7 0.1
v 0.9 6.7 0.1
v 1.7 6.7 0.1
v 1.8 6.7 0.1
v 1.9 6.7 0.1
v 2 6.7 0.1
v 0.4 6.7 0
v 0.5 6.7 0
v 0.8 6.7 0
v 0.9 6.7 0
v 1.7 6.7 0
v 1.8 6.7 0
v 1.9 6.7 0
v 2 6.7 0
v 2.2 6.7 0
v 2.4 6.7 0
v 0.4 6.7 -0.1
v 0.5 6.7 -0.1
v 1.4 6.7 -0.1
v 1.5 6.7 -0.1
v 2.2 6.7 -0.1
v 2.4 6.7 -0.1
v 1.4 6.7 -0.2
v 1.5 6.7 -0.2
v 1.9 6.7 -0.2
v 2 6.7 -0.2
v 2.7 6.7 -0.2
v 2.8 6.7 -0.2
v 1.3 6.7 -0.3
v 1.4 6.7 -0.3
v 1.5 6.7 -0.3
v 1.6 6.7 -0.3
v 1.7 6.7 -0.3
v 1.8 6.7 -0.3
v 1.9 6.7 -0.3
v 2.7 6.7 -0.3
v 2.8 6.7 -0.3
v 2.9 6.7 -0.3
v 1.3 6.7 -0.4
v 1.4 6.7 -0.4
v 1.5 6.7 -0.4
v 1.7 6.7 -0.4
v 1.8 6.7 -0.4
v 1.9 6.7 -0.4
v 2 6.7 -0.4
v 2.8 6.7 -0.4
v 2.9 6.7 -0.4
v 1.4 6.7 -0.5
v 1.6 6.7 -0.5
v 1.8 6.7 -0.5
v 1.9 6.7 -0.5
v 0.9 6.7 -1.1
v 1 6.7 -1.1
v 1.4 6.7 -1.1
v 1.5 6.7 -1.1
v 1.9 6.7 -1.1
v 2.1 6.7 -1.1
v -0.0999999 6.7 -1.2
v 0 6.7 -1.2
v 0.5 6.7 -1.2
v 0.7 6.7 -1.2
v 0.9 6.7 -1.2
v 1 6.7 -1.2
v 1.4 6.7 -1.2
v 1.5 6.7 -1.2
v 1.9 6.7 -1.2
v 2 6.7 -1.2
v 2.1 6.7 -1.2
v -0.0999999 6.7 -1.3
v 0 6.7 -1.3
v 0.5 6.7 -1.3
v 0.7 6.7 -1.3
v 1.9 6.7 -1.3
v 2 6.7 -1.3
v -1.4 6.8 0.2
v -1.3 6.8 0.2
v -0.7 6.8 0.2
v -0.6 6.8 0.2
v 0.7 6.8 0.2
v 0.8 6.8 0.2
v -1.4 6.8 0.1
v -1.3 6.8 0.1
v -0.7 6.8 0.1
v -0.6 6.8 0.1
v 0.7 6.8 0.1
v 0.8 6.8 0.1
v 1.2 6.8 0.1
v 1.3 6.8 0.1
v 1.2 6.8 0
v 1.3 6.8 0
v 1.6 6.8 0
v 1.7 6.8 0
v 2.4 6.8 0
v 2.5 6.8 0
v 1.6 6.8 -0.1
v 1.7 6.8 -0.1
v 2.4 6.8 -0.1
v 2.5 6.8 -0.1
v 2.6 6.8 -0.1
v 2.7 6.8 -0.1
v 2.6 6.8 -0.2
v 2.7 6.8 -0.2
v 1.4 6.8 -0.3
v 1.5 6.8 -0.3
v 1.8 6.8 -0.3
v 1.9 6.8 -0.3
v 1.4 6.8 -0.4
v 1.5 6.8 -0.4
v 1.8 6.8 -0.4
v 1.9 6.8 -0.4
v 2.7 6.8 -0.8
v 2.8 6.8 -0.8
v 2.7 6.8 -0.9
v 2.8 6.8 -0.9
v 0.8 6.8 -1.1
v 0.9 6.8 -1.1
v 1.8 6.8 -1.1
v 1.9 6.8 -1.1
v 2.5 6.8 -1.1
v 2.6 6.8 -1.1
v -1.4 6.8 -1.2
v -1.3 6.8 -1.2
v -0.7 6.8 -1.2
v -0.6 6.8 -1.2
v 0.7 6.8 -1.2
v 0.8 6.8 -1.2
v 0.9 6.8 -1.2
v 1.8 6.8 -1.2
v 1.9 6.8 -1.2
v 2.5 6.8 -1.2
v 2.6 6.8 -1.2
v -1.4 6.8 -1.3
v -1.3 6.8 -1.3
v -0.7 6.8 -1.3
v -0.6 6.8 -1.3
v 0.7 6.8 -1.3
v 0.8 6.8 -1.3
v -1.5 6.9 0.2
v -1.4 6.9 0.2
v 0.1 6.9 0.2
v 0.2 6.9 0.2
v -1.5 6.9 0.1
v -1.4 6.9 0.1
v 0.1 6.9 0.1
v 0.2 6.9 0.1
v 0.4 6.9 0.1
v 0.5 6.9 0.1
v 0.6 6.9 0.1
v 0.7 6.9 0.1
v 1.1 6.9 0.1
v 1.2 6.9 0.1
v 0.3 6.9 0
v 0.4 6.9 0
v 0.5 6.9 0
v 0.6 6.9 0
v 0.7 6.9 0
v 1.1 6.9 0
v 1.2 6.9 0
v 1.5 6.9 0
v 1.6 6.9 0
v 0.3 6.9 -0.1
v 0.4 6.9 -0.1
v 1.5 6.9 -0.1
v 1.5 6.9 -0.2
v 1.6 6.9 -0.2
v 1.7 6.9 -1.1
v 1.8 6.9 -1.1
v -1.5 6.9 -1.2
v -1.4 6.9 -1.2
v 0.6 6.9 -1.2
v 0.7 6.9 -1.2
v 1.7 6.9 -1.2
v 1.8 6.9 -1.2
v 1.9 6.9 -1.2
v 2 6.9 -1.2
v -1.5 6.9 -1.3
v -1.4 6.9 -1.3
v 0.6 6.9 -1.3
v 0.7 6.9 -1.3
v 1.9 6.9 -1.3
v 2 6.9 -1.3
v -0.8 7 0.2
v -0.7 7 0.2
v -0.2 7 0.2
v -0.0999999 7 0.2
v 0 7 0.2
v 0.1 7 0.2
v -0.8 7 0.1
v -0.7 7 0.1
v -0.2 7 0.1
v -0.0999999 7 0.1
v 0 7 0.1
v 0.1 7 0.1
v 0.3 7 0.1
v 0.4 7 0.1
v 0.5 7 0.1
v 0.6 7 0.1
v 1.4 7 0.1
v 1.5 7 0.1
v 2.3 7 0.1
v 2.4 7 0.1
v 0.3 7 0
v 0.4 7 0
v 0.5 7 0
v 0.6 7 0
v 1.5 7 0
v 1.9 7 0
v 2.2 7 0
v 2.3 7 0
v 2.4 7 0
v 1.4 7 -0.1
v 1.9 7 -0.1
v 2.1 7 -0.1
v 2.2 7 -0.1
v 1.4 7 -0.2
v 1.5 7 -0.2
v 2.1 7 -0.2
v 2.2 7 -0.2
v 2.6 7 -0.2
v 2.7 7 -0.2
v 2.6 7 -0.3
v 2.7 7 -0.3
v 0.9 7 -1.1
v 1 7 -1.1
v 1.4 7 -1.1
v 1.5 7 -1.1
v -0.8 7 -1.2
v -0.7 7 -1.2
v -0.2 7 -1.2
v -0.0999999 7 -1.2
v 0.4 7 -1.2
v 0.5 7 -1.2
v 0.9 7 -1.2
v 1 7 -1.2
v 1.4 7 -1.2
v 1.5 7 -1.2
v -0.8 7 -1.3
v -0.7 7 -1.3
v -0.2 7 -1.3
v -0.0999999 7 -1.3
v 0.4 7 -1.3
v 0.5 7 -1.3
v 0.4 7.1 0.2
v 0.5 7.1 0.2
v 0.2 7.1 0.1
v 0.3 7.1 0.1
v 0.4 7.1 0.1
v 0.5 7.1 0.1
v 1.3 7.1 0.1
v 1.4 7.1 0.1
v 2.1 7.1 0.1
v 2.2 7.1 0.1
v 0.2 7.1 0
v 0.3 7.1 0
v 1.3 7.1 0
v 1.8 7.1 0
v 1.9 7.1 0
v 2.1 7.1 0
v 2.2 7.1 0
v 2.3 7.1 0
v 1.3 7.1 -0.1
v 1.4 7.1 -0.1
v 1.8 7.1 -0.1
v 1.9 7.1 -0.1
v 2.2 7.1 -0.1
v 2.3 7.1 -0.1
v 1.5 7.1 -1
v 1.6 7.1 -1
v 1 7.1 -1.1
v 1.1 7.1 -1.1
v 1.5 7.1 -1.1
v 1.6 7.1 -1.1
v 0.5 7.1 -1.2
v 0.6 7.1 -1.2
v 1 7.1 -1.2
v 1.1 7.1 -1.2
v 0.5 7.1 -1.3
v 0.6 7.1 -1.3
v 0.6 7.2 0.1
v 0.8 7.2 0.1
v 1.9 7.2 0.1
v 2 7.2 0.1
v 0.6 7.2 0
v 0.8 7.2 0
v 0.9 7.2 0
v 1 7.2 0
v 1.6 7.2 0
v 1.7 7.2 0
v 1.9 7.2 0
v 2 7.2 0
v 0.9 7.2 -0.1
v 1 7.2 -0.1
v 1.6 7.2 -0.1
v 1.7 7.2 -0.1
v 1.8 7.2 -0.1
v 1.7 7.2 -0.2
v 1.8 7.2 -0.2
v 2.1 7.2 -0.4
v 2.2 7.2 -0.4
v 2.1 7.2 -0.5
v 2.2 7.2 -0.5
v 2 7.2 -0.6
v 2.1 7.2 -0.6
v 2 7.2 -0.7
v 2.1 7.2 -0.7
v 1.4 7.2 -1
v 1.5 7.2 -1
v 1.3 7.2 -1.1
v 1.4 7.2 -1.1
v 1.5 7.2 -1.1
v 1.6 7.2 -1.1
v 1.3 7.2 -1.2
v 1.6 7.2 -1.2
v -0.9 7.3 0.2
v -0.8 7.3 0.2
v 0.5 7.3 0.2
v 0.6 7.3 0.2
v -0.8 7.3 0.1
v 0.5 7.3 0.1
v 0.6 7.3 0.1
v 1.8 7.3 0.1
v 1.9 7.3 0.1
v 1.7 7.3 0
v 1.8 7.3 0
v 1.9 7.3 0
v 1.7 7.3 -0.1
v 1.8 7.3 -0.1
v -0.9 7.3 -0.2
v -0.8 7.3 -0.2
v -0.9 7.3 -0.9
v -0.8 7.3 -0.9
v 1.6 7.3 -1
v 1.7 7.3 -1
v 1 7.3 -1.1
v 1.1 7.3 -1.1
v 1.6 7.3 -1.1
v 1.7 7.3 -1.1
v 1.8 7.3 -1.1
v -0.8 7.3 -1.2
v 0.4 7.3 -1.2
v 0.5 7.3 -1.2
v 0.6 7.3 -1.2
v 0.7 7.3 -1.2
v 0.8 7.3 -1.2
v 1 7.3 -1.2
v 1.1 7.3 -1.2
v 1.5 7.3 -1.2
v 1.6 7.3 -1.2
v 1.7 7.3 -1.2
v 1.8 7.3 -1.2
v -0.9 7.3 -1.3
v -0.8 7.3 -1.3
v 0.4 7.3 -1.3
v 0.5 7.3 -1.3
v 0.6 7.3 -1.3
v 0.7 7.3 -1.3
v 0.8 7.3 -1.3
v 1.5 7.3 -1.3
v 1.6 7.3 -1.3
v 0.4 7.4 0.2
v 0.5 7.4 0.2
v 0.6 7.4 0.2
v 0.7 7.4 0.2
v 0.4 7.4 0.1
v 0.5 7.4 0.1
v 0.6 7.4 0.1
v 0.7 7.4 0.1
v 1.2 7.4 0.1
v 1.4 7.4 0.1
v 1.5 7.4 0.1
v 1.7 7.4 0.1
v 1.1 7.4 0
v 1.2 7.4 0
v 1.4 7.4 0
v 1.5 7.4 0
v 1.6 7.4 0
v 1.7 7.4 0
v 1.1 7.4 -0.1
v 1.2 7.4 -0.1
v 1.4 7.4 -0.1
v 1.5 7.4 -0.1
v 1.6 7.4 -0.1
v 1.7 7.4 -0.1
v 0.8 7.4 -1.1
v 0.9 7.4 -1.1
v 1 7.4 -1.1
v 1.6 7.4 -1.1
v 1.7 7.4 -1.1
v 0.8 7.4 -1.2
v 1 7.4 -1.2
v 1.3 7.4 -1.2
v 1.4 7.4 -1.2
v 1.5 7.4 -1.2
v 1.6 7.4 -1.2
v 1.7 7.4 -1.2
v 1.3 7.4 -1.3
v 1.4 7.4 -1.3
v 1.5 7.4 -1.3
v -0.3 7.5 0.2
v -0.2 7.5 0.2
v -0.0999999 7.5 0.2
v 0 7.5 0.2
v 0.3 7.5 0.2
v 0.4 7.5 0.2
v -0.0999999 7.5 0.1
v 0 7.5 0.1
v 0.2 7.5 0.1
v 0.3 7.5 0.1
v 0.4 7.5 0.1
v 1.7 7.5 0.1
v 1.8 7.5 0.1
v 0.2 7.5 0
v 0.3 7.5 0
v 1.7 7.5 0
v 1.8 7.5 0
v 2 7.5 0
v 2.1 7.5 0
v 2 7.5 -0.1
v 2.1 7.5 -0.1
v 1.9 7.5 -0.4
v 2 7.5 -0.4
v 1.9 7.5 -0.5
v 2 7.5 -0.5
v 2.1 7.5 -0.5
v 2 7.5 -0.8
v 2.1 7.5 -0.8
v 0.3 7.5 -1.2
v 0.4 7.5 -1.2
v 1.2 7.5 -1.2
v 1.3 7.5 -1.2
v -0.3 7.5 -1.3
v -0.2 7.5 -1.3
v 0.3 7.5 -1.3
v 0.4 7.5 -1.3
v 1.2 7.5 -1.3
v 1.3 7.5 -1.3
v 0 7.6 0.2
v 0.2 7.6 0.2
v 0.7 7.6 0.2
v 0.8 7.6 0.2
v 0 7.6 0.1
v 0.2 7.6 0.1
v 0.7 7.6 0.1
v 0.8 7.6 0.1
v 0.9 7.6 0.1
v 1 7.6 0.1
v 1.2 7.6 0.1
v 1.9 7.6 0.1
v 2 7.6 0.1
v 0.8 7.6 0
v 0.9 7.6 0
v 1 7.6 0
v 1.1 7.6 0
v 1.2 7.6 0
v 1.9 7.6 0
v 2 7.6 0
v 1 7.6 -0.1
v 1.1 7.6 -0.1
v 1 7.6 -1.1
v 1.1 7.6 -1.1
v 1.2 7.6 -1.1
v 0.5 7.6 -1.2
v 0.8 7.6 -1.2
v 1 7.6 -1.2
v 1.2 7.6 -1.2
v 0.5 7.6 -1.3
v 0.8 7.6 -1.3
v 0.5 7.7 0.2
v 0.7 7.7 0.2
v 1.3 7.7 0.2
v 1.5 7.7 0.2
v 0.5 7.7 0.1
v 0.7 7.7 0.1
v 1.3 7.7 0.1
v 1.4 7.7 0.1
v 1.5 7.7 0.1
v 1.4 7.7 0
v 1.5 7.7 0
v 0.4 7.7 -1.2
v 0.5 7.7 -1.2
v 1.3 7.7 -1.2
v 1.6 7.7 -1.2
v 1.7 7.7 -1.2
v 0.4 7.7 -1.3
v 0.5 7.7 -1.3
v 1.3 7.7 -1.3
v 1.7 7.7 -1.3
v -2.6 4 -0.5
v -2.5 4 -0.5
v -2.6 4 -0.6
v -2.5 4 -0.6
v -2.3 4.4 0.2
v -1.6 4.4 0.2
v -1.2 4.4 0.2
v -2.3 4.4 0.1
v -1.6 4.4 0.1
v -1.3 4.4 0.1
v -1.3 4.4 -0.3
v -1.2 4.4 -0.3
v -1.3 4.4 -0.8
v -1.2 4.4 -0.8
v -2.3 4.4 -1.2
v -1.6 4.4 -1.2
v -1.3 4.4 -1.2
v -2.3 4.4 -1.3
v -1.6 4.4 -1.3
v -1.2 4.4 -1.3
v -3.2 4.5 0.2
v -2.6 4.5 0.2
v -2.3 4.5 0.2
v -3.1 4.5 0.1
v -3 4.5 0.1
v -2.6 4.5 0.1
v -2.3 4.5 0.1
v -3.2 4.5 -0.1
v -3.1 4.5 -0.1
v -3.2 4.5 -1
v -3.1 4.5 -1
v -3.1 4.5 -1.2
v -3 4.5 -1.2
v -2.6 4.5 -1.2
v -2.3 4.5 -1.2
v -3.2 4.5 -1.3
v -2.6 4.5 -1.3
v -2.3 4.5 -1.3
v -3.1 4.9 0.2
v -2.9 4.9 0.2
v -3 4.9 0.1
v -2.9 4.9 0.1
v -3 4.9 0
v -3.1 4.9 -0.2
v -3 4.9 -0.2
v -3.1 4.9 -0.9
v -3 4.9 -0.9
v -3 4.9 -1.1
v -3.1 4.9 -1.3
v -3 4.9 -1.3
v -2.9 5 0.2
v -2.8 5 0.2
v -2.5 5 0.2
v -1.7 5 0.2
v -1.5 5 0.2
v -1.1 5 0.2
v -2.9 5 0.1
v -2.8 5 0.1
v -2.5 5 0.1
v -1.7 5 0.1
v -1.5 5 0.1
v -1.2 5 0.1
v -1.2 5 0
v -1.1 5 0
v -1.2 5 -1.1
v -1.1 5 -1.1
v -1.7 5 -1.2
v -1.5 5 -1.2
v -1.2 5 -1.2
v -1.7 5 -1.3
v -1.5 5 -1.3
v -1.1 5 -1.3
v -2.5 5.1 0.2
v -1.7 5.1 0.2
v -2.5 5.1 0.1
v -1.7 5.1 0.1
v -2.3 5.1 -1.2
v -1.7 5.1 -1.2
v -2.3 5.1 -1.3
v -1.7 5.1 -1.3
v -3 5.2 0.2
v -2.7 5.2 0.2
v -1.1 5.2 0.2
v -1 5.2 0.2
v -2.9 5.2 0.1
v -2.7 5.2 0.1
v -1.1 5.2 0.1
v -3 5.2 -0.1
v -2.9 5.2 -0.1
v -1.1 5.2 -0.2
v -1 5.2 -0.2
v -1.1 5.2 -0.9
v -1 5.2 -0.9
v -3 5.2 -1
v -2.9 5.2 -1
v -2.9 5.2 -1.2
v -2.7 5.2 -1.2
v -2.3 5.2 -1.2
v -1.1 5.2 -1.2
v -3 5.2 -1.3
v -2.3 5.2 -1.3
v -1.1 5.2 -1.3
v -1 5.2 -1.3
v -1.7 5.3 0.2
v -1.6 5.3 0.2
v -1.3 5.3 0.2
v -1.1 5.3 0.2
v -1.7 5.3 0.1
v -1.6 5.3 0.1
v -1.3 5.3 0.1
v -1.1 5.3 0.1
v -1.3 5.3 -1.2
v -1.1 5.3 -1.2
v -1.3 5.3 -1.3
v -1.1 5.3 -1.3
v -1.6 5.4 0.2
v -1.3 5.4 0.2
v -1.6 5.4 0.1
v -1.3 5.4 0.1
v -1.5 5.4 -1.2
v -1.3 5.4 -1.2
v -1.5 5.4 -1.3
v -1.3 5.4 -1.3
v -1.3 5.5 0.2
v -1.1 5.5 0.2
v -0.9 5.5 0.2
v -1.3 5.5 0.1
v -1.1 5.5 0.1
v -1 5.5 0.1
v -0.9 5.5 0.1
v -1 5.5 -0.1
v -0.9 5.5 -0.1
v -1 5.5 -1
v -0.9 5.5 -1
v -1.8 5.5 -1.2
v -1.5 5.5 -1.2
v -1 5.5 -1.2
v -0.9 5.5 -1.2
v -1.8 5.5 -1.3
v -1.5 5.5 -1.3
v -1 5.5 -1.3
v -0.9 5.5 -1.3
v -2.8 5.6 0.2
v -2.7 5.6 0.2
v -1.9 5.6 0.2
v -1.8 5.6 0.2
v -0.9 5.6 0.2
v -0.7 5.6 0.2
v -2.8 5.6 0.1
v -2.7 5.6 0.1
v -1.9 5.6 0.1
v -1.8 5.6 0.1
v -0.9 5.6 0.1
v -0.7 5.6 0.1
v -2.7 5.6 0
v -2.7 5.6 -1.1
v -2.8 5.6 -1.2
v -2.7 5.6 -1.2
v -1.9 5.6 -1.2
v -1.8 5.6 -1.2
v -1.2 5.6 -1.2
v -1.1 5.6 -1.2
v -1 5.6 -1.2
v -2.8 5.6 -1.3
v -2.7 5.6 -1.3
v -1.9 5.6 -1.3
v -1.8 5.6 -1.3
v -1.2 5.6 -1.3
v -1.1 5.6 -1.3
v -1 5.6 -1.3
v -2.1 5.7 0.2
v -1.9 5.7 0.2
v -1.3 5.7 0.2
v -1.2 5.7 0.2
v -2.1 5.7 0.1
v -1.9 5.7 0.1
v -1.3 5.7 0.1
v -1.2 5.7 0.1
v -0.7 5.7 0.1
v -0.6 5.7 0.1
v 3 5.7 0.1
v 3.3 5.7 0.1
v 3 5.7 0
v 3.2 5.7 0
v 3.3 5.7 0
v -0.6 5.7 -0.1
v 2.8 5.7 -0.1
v 2.9 5.7 -0.1
v 3.1 5.7 -0.1
v 3.2 5.7 -0.1
v -0.7 5.7 -0.2
v -0.6 5.7 -0.2
v 2.8 5.7 -0.2
v 2.9 5.7 -0.2
v 3.1 5.7 -0.2
v 3.3 5.7 -0.2
v 2.9 5.7 -0.6
v 3 5.7 -0.6
v 2.9 5.7 -0.7
v 3 5.7 -0.7
v -0.7 5.7 -0.9
v -0.6 5.7 -0.9
v -0.6 5.7 -1
v -2.1 5.7 -1.2
v -1.9 5.7 -1.2
v -1.3 5.7 -1.2
v -1.2 5.7 -1.2
v -0.7 5.7 -1.2
v 3.2 5.7 -1.2
v 3.3 5.7 -1.2
v -2.1 5.7 -1.3
v -1.9 5.7 -1.3
v -1.3 5.7 -1.3
v -1.2 5.7 -1.3
v -0.7 5.7 -1.3
v -0.6 5.7 -1.3
v 3.2 5.7 -1.3
v 3.3 5.7 -1.3
v -2.7 5.8 0.2
v -2.6 5.8 0.2
v -2.3 5.8 0.2
v -2.1 5.8 0.2
v -1.5 5.8 0.2
v -1.3 5.8 0.2
v -2.3 5.8 0.1
v -2.1 5.8 0.1
v -1.5 5.8 0.1
v -1.3 5.8 0.1
v 2.9 5.8 0.1
v 3 5.8 0.1
v 3 5.8 0
v 3.2 5.8 0
v 3.4 5.8 0
v 3.5 5.8 0
v -2.7 5.8 -0.1
v -2.6 5.8 -0.1
v 2.9 5.8 -0.1
v 3.1 5.8 -0.1
v 3.2 5.8 -0.1
v 3.4 5.8 -0.1
v 3.5 5.8 -0.1
v 3.9 5.8 -0.1
v 4 5.8 -0.1
v 3.9 5.8 -0.2
v 4 5.8 -0.2
v 4.1 5.8 -0.2
v 3.9 5.8 -0.3
v 4.1 5.8 -0.3
v 3.8 5.8 -0.7
v 3.9 5.8 -0.7
v 3.8 5.8 -0.8
v 3.9 5.8 -0.8
v 3.6 5.8 -0.9
v 3.7 5.8 -0.9
v 3.8 5.8 -0.9
v -2.7 5.8 -1
v -2.6 5.8 -1
v 3.7 5.8 -1
v 3.8 5.8 -1
v 3.2 5.8 -1.1
v 3.4 5.8 -1.1
v 3.5 5.8 -1.1
v 3.6 5.8 -1.1
v 3.7 5.8 -1.1
v -2.3 5.8 -1.2
v -2.1 5.8 -1.2
v -1.5 5.8 -1.2
v -1.3 5.8 -1.2
v -0.8 5.8 -1.2
v -0.7 5.8 -1.2
v 2.9 5.8 -1.2
v 3.1 5.8 -1.2
v 3.2 5.8 -1.2
v 3.4 5.8 -1.2
v 3.5 5.8 -1.2
v 3.6 5.8 -1.2
v -2.7 5.8 -1.3
v -2.6 5.8 -1.3
v -2.3 5.8 -1.3
v -2.1 5.8 -1.3
v -1.5 5.8 -1.3
v -1.3 5.8 -1.3
v -0.8 5.8 -1.3
v -0.7 5.8 -1.3
v 2.9 5.8 -1.3
v 3.1 5.8 -1.3
v -2.5 5.9 0.2
v -2.3 5.9 0.2
v -1.6 5.9 0.2
v -1.5 5.9 0.2
v -2.4 5.9 0.1
v -2.3 5.9 0.1
v -1.6 5.9 0.1
v -1.5 5.9 0.1
v 2.4 5.9 -0.1
v 2.6 5.9 -0.1
v 3.5 5.9 -0.1
v 3.6 5.9 -0.1
v -2.5 5.9 -0.2
v 2.4 5.9 -0.2
v 2.6 5.9 -0.2
v 3.5 5.9 -0.2
v 3.6 5.9 -0.2
v 2.8 5.9 -0.3
v 2.9 5.9 -0.3
v 2.8 5.9 -0.4
v 2.9 5.9 -0.4
v 3.6 5.9 -0.7
v 3.7 5.9 -0.7
v 3.6 5.9 -0.8
v 3.7 5.9 -0.8
v -2.5 5.9 -0.9
v 3.4 5.9 -1.1
v 3.5 5.9 -1.1
v -2.4 5.9 -1.2
v -2.3 5.9 -1.2
v -1.6 5.9 -1.2
v -1.5 5.9 -1.2
v 2.5 5.9 -1.2
v 2.6 5.9 -1.2
v 2.8 5.9 -1.2
v 2.9 5.9 -1.2
v 3.4 5.9 -1.2
v 3.5 5.9 -1.2
v -2.5 5.9 -1.3
v -2.3 5.9 -1.3
v -1.6 5.9 -1.3
v -1.5 5.9 -1.3
v 2.5 5.9 -1.3
v 2.6 5.9 -1.3
v 2.8 5.9 -1.3
v 2.9 5.9 -1.3
v -2.6 6 0.2
v -2.5 6 0.2
v -1.7 6 0.2
v -1.6 6 0.2
v -0.9 6 0.2
v -0.8 6 0.2
v -0.5 6 0.2
v -0.4 6 0.2
v -1.7 6 0.1
v -1.6 6 0.1
v -0.9 6 0.1
v -0.8 6 0.1
v -0.5 6 0.1
v -0.4 6 0.1
v 3.2 6 0.1
v 3.3 6 0.1
v 3.2 6 0
v 3.3 6 0
v 3.2 6 -0.1
v 3.3 6 -0.1
v 3.4 6 -0.1
v 3.6 6 -0.1
v 3.7 6 -0.1
v 3.9 6 -0.1
v -2.6 6 -0.2
v -2.5 6 -0.2
v 3.3 6 -0.2
v 3.4 6 -0.2
v 3.5 6 -0.2
v 3.6 6 -0.2
v 3.7 6 -0.2
v 3.9 6 -0.2
v 4 6 -0.2
v 3.4 6 -0.3
v 3.5 6 -0.3
v 3.7 6 -0.3
v 3.8 6 -0.3
v 4 6 -0.3
v 2.8 6 -0.6
v 2.9 6 -0.6
v 2.8 6 -0.7
v 2.9 6 -0.7
v 3.6 6 -0.8
v 3.7 6 -0.8
v -2.6 6 -0.9
v -2.5 6 -0.9
v 2.5 6 -0.9
v 2.6 6 -0.9
v 3.4 6 -0.9
v 3.6 6 -0.9
v 2.5 6 -1
v 2.6 6 -1
v 3.4 6 -1
v 3.5 6 -1
v 2.5 6 -1.1
v 2.6 6 -1.1
v 2.8 6 -1.1
v 2.9 6 -1.1
v 3.5 6 -1.1
v 3.7 6 -1.1
v -1.7 6 -1.2
v -1.6 6 -1.2
v -0.9 6 -1.2
v -0.8 6 -1.2
v -0.5 6 -1.2
v -0.4 6 -1.2
v 2.4 6 -1.2
v 2.5 6 -1.2
v 2.6 6 -1.2
v 2.7 6 -1.2
v 2.8 6 -1.2
v 2.9 6 -1.2
v 3 6 -1.2
v 3.1 6 -1.2
v -2.6 6 -1.3
v -2.5 6 -1.3
v -1.7 6 -1.3
v -1.6 6 -1.3
v -0.9 6 -1.3
v -0.8 6 -1.3
v -0.5 6 -1.3
v -0.4 6 -1.3
v 2.4 6 -1.3
v 2.5 6 -1.3
v 2.6 6 -1.3
v 2.7 6 -1.3
v 3 6 -1.3
v 3.1 6 -1.3
v -1.8 6.1 0.2
v -1.7 6.1 0.2
v -1.1 6.1 0.2
v -0.9 6.1 0.2
v -1.8 6.1 0.1
v -1.7 6.1 0.1
v -1.1 6.1 0.1
v -0.9 6.1 0.1
v 3 6.1 0.1
v 3.1 6.1 0.1
v 3 6.1 0
v 3.1 6.1 0
v 3.2 6.1 0
v 3.6 6.1 0
v 3.7 6.1 0
v 3 6.1 -0.1
v 3.2 6.1 -0.1
v 3.6 6.1 -0.1
v 3.7 6.1 -0.1
v 3.5 6.1 -0.2
v 3.7 6.1 -0.2
v 3.4 6.1 -0.3
v 3.5 6.1 -0.3
v 3.6 6.1 -0.3
v 3.7 6.1 -0.3
v 3.4 6.1 -0.4
v 3.6 6.1 -0.4
v 3.8 6.1 -0.4
v 3.6 6.1 -0.5
v 3.7 6.1 -0.5
v 3.8 6.1 -0.5
v 3.5 6.1 -0.8
v 3.6 6.1 -0.8
v 3.3 6.1 -0.9
v 3.4 6.1 -0.9
v 3.5 6.1 -0.9
v 3.6 6.1 -0.9
v 3.3 6.1 -1
v 3.4 6.1 -1
v 3.5 6.1 -1
v 2.7 6.1 -1.1
v 2.8 6.1 -1.1
v 2.9 6.1 -1.1
v 3 6.1 -1.1
v 3.3 6.1 -1.1
v 3.4 6.1 -1.1
v 3.5 6.1 -1.1
v -1.8 6.1 -1.2
v -1.7 6.1 -1.2
v -1.1 6.1 -1.2
v -0.9 6.1 -1.2
v 2.7 6.1 -1.2
v 2.8 6.1 -1.2
v 2.9 6.1 -1.2
v 3 6.1 -1.2
v 3.3 6.1 -1.2
v 3.4 6.1 -1.2
v -1.8 6.1 -1.3
v -1.7 6.1 -1.3
v -1.1 6.1 -1.3
v -0.9 6.1 -1.3
v -2.4 6.2 0.2
v -2.3 6.2 0.2
v -1.9 6.2 0.2
v -1.8 6.2 0.2
v -0.6 6.2 0.2
v -0.5 6.2 0.2
v -1.9 6.2 0.1
v -1.8 6.2 0.1
v -0.6 6.2 0.1
v -0.5 6.2 0.1
v 2.8 6.2 0.1
v 2.9 6.2 0.1
v 2.8 6.2 0
v 2.9 6.2 0
v 3.2 6.2 -0.1
v 3.3 6.2 -0.1
v 3.2 6.2 -0.2
v 3.3 6.2 -0.2
v 3.4 6.2 -0.2
v 3.8 6.2 -0.2
v 3.9 6.2 -0.2
v -2.4 6.2 -0.3
v -2.3 6.2 -0.3
v 3.3 6.2 -0.3
v 3.4 6.2 -0.3
v 3.6 6.2 -0.3
v 3.7 6.2 -0.3
v 3.8 6.2 -0.3
v 3.9 6.2 -0.3
v 2.1 6.2 -0.4
v 2.2 6.2 -0.4
v 3.4 6.2 -0.4
v 3.6 6.2 -0.4
v 3.8 6.2 -0.4
v 3.9 6.2 -0.4
v 2.1 6.2 -0.5
v 2.2 6.2 -0.5
v 3.4 6.2 -0.5
v 3.5 6.2 -0.5
v 3.6 6.2 -0.5
v 3.7 6.2 -0.5
v 3.8 6.2 -0.5
v 3.9 6.2 -0.5
v 2.5 6.2 -0.6
v 2.6 6.2 -0.6
v 3.6 6.2 -0.6
v 3.7 6.2 -0.6
v 2.5 6.2 -0.7
v 2.6 6.2 -0.7
v -2.4 6.2 -0.8
v -2.3 6.2 -0.8
v 3.4 6.2 -0.8
v 3.5 6.2 -0.8
v 3.6 6.2 -0.8
v 3.2 6.2 -0.9
v 3.3 6.2 -0.9
v 3.4 6.2 -0.9
v 3.5 6.2 -0.9
v 3.2 6.2 -1
v 3.3 6.2 -1
v 2.5 6.2 -1.1
v 2.6 6.2 -1.1
v 3 6.2 -1.1
v 3.1 6.2 -1.1
v 3.4 6.2 -1.1
v 3.5 6.2 -1.1
v -1.9 6.2 -1.2
v -1.8 6.2 -1.2
v -0.6 6.2 -1.2
v -0.5 6.2 -1.2
v 2.5 6.2 -1.2
v 2.6 6.2 -1.2
v 3 6.2 -1.2
v 3.1 6.2 -1.2
v 3.4 6.2 -1.2
v 3.5 6.2 -1.2
v -2.4 6.2 -1.3
v -2.3 6.2 -1.3
v -1.9 6.2 -1.3
v -1.8 6.2 -1.3
v -0.6 6.2 -1.3
v -0.5 6.2 -1.3
v -2 6.3 0.2
v -1.9 6.3 0.2
v -1.2 6.3 0.2
v -1.1 6.3 0.2
v -0.0999999 6.3 0.2
v 0 6.3 0.2
v -2 6.3 0.1
v -1.9 6.3 0.1
v -1.2 6.3 0.1
v -1.1 6.3 0.1
v -0.0999999 6.3 0.1
v 0 6.3 0.1
v 0.3 6.3 0.1
v 0.4 6.3 0.1
v 1.6 6.3 0.1
v 1.8 6.3 0.1
v 0.3 6.3 0
v 0.4 6.3 0
v 1.6 6.3 0
v 1.7 6.3 0
v 1.8 6.3 0
v 2.8 6.3 0
v 3 6.3 0
v 2.8 6.3 -0.1
v 2.9 6.3 -0.1
v 3 6.3 -0.1
v 3.2 6.3 -0.1
v 2.9 6.3 -0.2
v 3.1 6.3 -0.2
v 3.2 6.3 -0.2
v 3.3 6.3 -0.2
v 3.7 6.3 -0.2
v 3.8 6.3 -0.2
v 3.1 6.3 -0.3
v 3.2 6.3 -0.3
v 3.3 6.3 -0.3
v 3.4 6.3 -0.3
v 3.7 6.3 -0.3
v 3.8 6.3 -0.3
v 2 6.3 -0.4
v 2.1 6.3 -0.4
v 1.7 6.3 -0.5
v 1.8 6.3 -0.5
v 2 6.3 -0.5
v 2.1 6.3 -0.5
v 3.2 6.3 -0.5
v 3.3 6.3 -0.5
v 3.4 6.3 -0.5
v 3.5 6.3 -0.5
v 1.7 6.3 -0.6
v 1.8 6.3 -0.6
v 3.3 6.3 -0.6
v 3.4 6.3 -0.6
v 3.2 6.3 -0.7
v 3.4 6.3 -0.7
v 3.2 6.3 -0.8
v 3.3 6.3 -0.8
v 3.4 6.3 -0.8
v 3.5 6.3 -0.8
v 3.3 6.3 -0.9
v 3.4 6.3 -0.9
v 2.9 6.3 -1.1
v 3 6.3 -1.1
v 3.3 6.3 -1.1
v 3.4 6.3 -1.1
v -2 6.3 -1.2
v -1.9 6.3 -1.2
v -1.2 6.3 -1.2
v -1.1 6.3 -1.2
v -0.0999999 6.3 -1.2
v 0 6.3 -1.2
v 2 6.3 -1.2
v 2.1 6.3 -1.2
v 2.2 6.3 -1.2
v 2.9 6.3 -1.2
v 3 6.3 -1.2
v 3.2 6.3 -1.2
v 3.3 6.3 -1.2
v 3.4 6.3 -1.2
v -2 6.3 -1.3
v -1.9 6.3 -1.3
v -1.2 6.3 -1.3
v -1.1 6.3 -1.3
v -0.0999999 6.3 -1.3
v 0 6.3 -1.3
v 2 6.3 -1.3
v 2.2 6.3 -1.3
v 3.2 6.3 -1.3
v 3.3 6.3 -1.3
v -2.3 6.4 0.2
v -2.2 6.4 0.2
v -2.1 6.4 0.2
v -2 6.4 0.2
v -1.3 6.4 0.2
v -1.2 6.4 0.2
v -0.7 6.4 0.2
v -0.6 6.4 0.2
v -2.2 6.4 0.1
v -2.1 6.4 0.1
v -2 6.4 0.1
v -1.9 6.4 0.1
v -1.3 6.4 0.1
v -1.2 6.4 0.1
v -0.7 6.4 0.1
v -0.6 6.4 0.1
v 1.3 6.4 0
v 1.4 6.4 0
v 1.6 6.4 0
v 1.7 6.4 0
v 2.6 6.4 0
v 2.7 6.4 0
v -2.3 6.4 -0.1
v -2.2 6.4 -0.1
v 1.3 6.4 -0.1
v 1.4 6.4 -0.1
v 1.6 6.4 -0.1
v 1.7 6.4 -0.1
v 2.6 6.4 -0.1
v 2.7 6.4 -0.1
v 3 6.4 -0.2
v 3.1 6.4 -0.2
v 2.3 6.4 -0.3
v 2.4 6.4 -0.3
v 3 6.4 -0.3
v 3.1 6.4 -0.3
v 3.2 6.4 -0.3
v 2.3 6.4 -0.4
v 2.4 6.4 -0.4
v 3.1 6.4 -0.4
v 3.2 6.4 -0.4
v 1.3 6.4 -0.5
v 1.4 6.4 -0.5
v 1.3 6.4 -0.7
v 1.4 6.4 -0.7
v 3.2 6.4 -0.8
v 3.3 6.4 -0.8
v 3.2 6.4 -0.9
v 3.3 6.4 -0.9
v -2.3 6.4 -1
v -2.2 6.4 -1
v 3.3 6.4 -1
v 3.4 6.4 -1
v 1.7 6.4 -1.1
v 1.8 6.4 -1.1
v 2.2 6.4 -1.1
v 2.3 6.4 -1.1
v 2.6 6.4 -1.1
v 2.7 6.4 -1.1
v 3.1 6.4 -1.1
v 3.3 6.4 -1.1
v 3.4 6.4 -1.1
v -2.2 6.4 -1.2
v -2.1 6.4 -1.2
v -2 6.4 -1.2
v -1.9 6.4 -1.2
v -1.3 6.4 -1.2
v -1.2 6.4 -1.2
v -0.7 6.4 -1.2
v -0.6 6.4 -1.2
v 0.6 6.4 -1.2
v 0.7 6.4 -1.2
v 1.6 6.4 -1.2
v 1.7 6.4 -1.2
v 1.8 6.4 -1.2
v 2.2 6.4 -1.2
v 2.3 6.4 -1.2
v 2.6 6.4 -1.2
v 2.7 6.4 -1.2
v 3.1 6.4 -1.2
v 3.3 6.4 -1.2
v -2.3 6.4 -1.3
v -2.2 6.4 -1.3
v -2.1 6.4 -1.3
v -2 6.4 -1.3
v -1.3 6.4 -1.3
v -1.2 6.4 -1.3
v -0.7 6.4 -1.3
v -0.6 6.4 -1.3
v 0.6 6.4 -1.3
v 0.7 6.4 -1.3
v 1.6 6.4 -1.3
v 1.7 6.4 -1.3
v -2.2 6.5 0.2
v -2.1 6.5 0.2
v -1.4 6.5 0.2
v -1.3 6.5 0.2
v -2.2 6.5 0.1
v -2.1 6.5 0.1
v -1.4 6.5 0.1
v -1.3 6.5 0.1
v 0.3 6.5 0.1
v 0.4 6.5 0.1
v 0.8 6.5 0.1
v 0.9 6.5 0.1
v 0.3 6.5 0
v 0.4 6.5 0
v 0.8 6.5 0
v 0.9 6.5 0
v 1.7 6.5 0
v 1.8 6.5 0
v 2.3 6.5 0
v 2.4 6.5 0
v 2.5 6.5 0
v 2.6 6.5 0
v 1.7 6.5 -0.1
v 1.8 6.5 -0.1
v 2.3 6.5 -0.1
v 2.4 6.5 -0.1
v 2.5 6.5 -0.1
v 2.6 6.5 -0.1
v 2.8 6.5 -0.1
v 2.9 6.5 -0.1
v 2.9 6.5 -0.2
v 3 6.5 -0.2
v 1.6 6.5 -0.3
v 1.7 6.5 -0.3
v 2.8 6.5 -0.3
v 2.9 6.5 -0.3
v 3 6.5 -0.3
v 3.1 6.5 -0.3
v 3.3 6.5 -0.3
v 3.4 6.5 -0.3
v 1.6 6.5 -0.4
v 1.7 6.5 -0.4
v 2.9 6.5 -0.4
v 3.1 6.5 -0.4
v 3.2 6.5 -0.4
v 3.3 6.5 -0.4
v 3.4 6.5 -0.4
v 3.2 6.5 -0.5
v 3.3 6.5 -0.5
v 3.4 6.5 -0.5
v 3.3 6.5 -0.6
v 3.4 6.5 -0.6
v 3 6.5 -0.9
v 3.2 6.5 -0.9
v 3.2 6.5 -1
v 3.3 6.5 -1
v 1.8 6.5 -1.1
v 1.9 6.5 -1.1
v 3 6.5 -1.1
v 3.3 6.5 -1.1
v -2.2 6.5 -1.2
v -2.1 6.5 -1.2
v -1.4 6.5 -1.2
v -1.3 6.5 -1.2
v 0.8 6.5 -1.2
v 0.9 6.5 -1.2
v 1.8 6.5 -1.2
v 1.9 6.5 -1.2
v 2.8 6.5 -1.2
v 2.9 6.5 -1.2
v -2.2 6.5 -1.3
v -2.1 6.5 -1.3
v -1.4 6.5 -1.3
v -1.3 6.5 -1.3
v 0.8 6.5 -1.3
v 0.9 6.5 -1.3
v 2.8 6.5 -1.3
v 2.9 6.5 -1.3
v -0.8 6.6 0.2
v -0.7 6.6 0.2
v -0.2 6.6 0.2
v -0.0999999 6.6 0.2
v 0.2 6.6 0.2
v 0.3 6.6 0.2
v -0.8 6.6 0.1
v -0.7 6.6 0.1
v -0.2 6.6 0.1
v -0.0999999 6.6 0.1
v 0.2 6.6 0.1
v 0.3 6.6 0.1
v 0.9 6.6 0.1
v 1 6.6 0.1
v 0.4 6.6 0
v 0.5 6.6 0
v 0.9 6.6 0
v 1 6.6 0
v 1.5 6.6 0
v 1.6 6.6 0
v 2.2 6.6 0
v 2.3 6.6 0
v 2.7 6.6 0
v 2.8 6.6 0
v 0.4 6.6 -0.1
v 0.5 6.6 -0.1
v 1.5 6.6 -0.1
v 1.6 6.6 -0.1
v 2.2 6.6 -0.1
v 2.3 6.6 -0.1
v 2.6 6.6 -0.1
v 2.7 6.6 -0.1
v 2.6 6.6 -0.2
v 2.7 6.6 -0.2
v 3.3 6.6 -0.2
v 3.4 6.6 -0.2
v 2.7 6.6 -0.3
v 2.8 6.6 -0.3
v 2.9 6.6 -0.3
v 3.3 6.6 -0.3
v 3.4 6.6 -0.3
v 2.8 6.6 -0.4
v 2.9 6.6 -0.4
v 3.1 6.6 -0.4
v 3.2 6.6 -0.4
v 3.2 6.6 -0.5
v 3.3 6.6 -0.5
v 3.3 6.6 -0.6
v 3.4 6.6 -0.6
v 3 6.6 -0.7
v 3.1 6.6 -0.7
v 3.2 6.6 -0.7
v 3.4 6.6 -0.7
v 2.9 6.6 -0.8
v 3 6.6 -0.8
v 3 6.6 -0.9
v 3.2 6.6 -0.9
v 2.8 6.6 -1
v 2.9 6.6 -1
v 0.9 6.6 -1.1
v 1 6.6 -1.1
v 1.6 6.6 -1.1
v 1.7 6.6 -1.1
v 2.1 6.6 -1.1
v 2.2 6.6 -1.1
v 2.7 6.6 -1.1
v 2.8 6.6 -1.1
v 3 6.6 -1.1
v -0.8 6.6 -1.2
v -0.7 6.6 -1.2
v -0.2 6.6 -1.2
v -0.0999999 6.6 -1.2
v 0.3 6.6 -1.2
v 0.4 6.6 -1.2
v 0.7 6.6 -1.2
v 0.8 6.6 -1.2
v 0.9 6.6 -1.2
v 1 6.6 -1.2
v 1.6 6.6 -1.2
v 1.7 6.6 -1.2
v 2.1 6.6 -1.2
v 2.2 6.6 -1.2
v 2.7 6.6 -1.2
v 3 6.6 -1.2
v -0.8 6.6 -1.3
v -0.7 6.6 -1.3
v -0.2 6.6 -1.3
v -0.0999999 6.6 -1.3
v 0.3 6.6 -1.3
v 0.4 6.6 -1.3
v 0.7 6.6 -1.3
v 0.8 6.6 -1.3
v -2 6.7 0.2
v -1.9 6.7 0.2
v -1.5 6.7 0.2
v -1.4 6.7 0.2
v 0.6 6.7 0.2
v 0.7 6.7 0.2
v 1.2 6.7 0.2
v 1.3 6.7 0.2
v -1.5 6.7 0.1
v -1.4 6.7 0.1
v 0.6 6.7 0.1
v 0.7 6.7 0.1
v 1 6.7 0.1
v 1.1 6.7 0.1
v 1.2 6.7 0.1
v 1.3 6.7 0.1
v 1.4 6.7 0.1
v 2.1 6.7 0.1
v 2.2 6.7 0.1
v -1.9 6.7 0
v 1 6.7 0
v 1.1 6.7 0
v 1.2 6.7 0
v 1.4 6.7 0
v 1.5 6.7 0
v 2.1 6.7 0
v 2.2 6.7 0
v 2.4 6.7 0
v 2.6 6.7 0
v 1.4 6.7 -0.1
v 1.5 6.7 -0.1
v 1.6 6.7 -0.1
v 2.1 6.7 -0.1
v 2.2 6.7 -0.1
v 2.4 6.7 -0.1
v 2.6 6.7 -0.1
v 1.5 6.7 -0.2
v 1.6 6.7 -0.2
v -2 6.7 -0.3
v -1.9 6.7 -0.3
v 2.8 6.7 -0.4
v 2.9 6.7 -0.4
v 3.1 6.7 -0.4
v 2.8 6.7 -0.5
v 2.9 6.7 -0.5
v 3 6.7 -0.7
v 3.1 6.7 -0.7
v -2 6.7 -0.8
v -1.9 6.7 -0.8
v 2.7 6.7 -0.8
v 2.9 6.7 -0.8
v 3 6.7 -0.8
v 2.7 6.7 -0.9
v 2.8 6.7 -0.9
v 2.7 6.7 -1
v 2.8 6.7 -1
v 2.9 6.7 -1
v -1.9 6.7 -1.1
v 0.8 6.7 -1.1
v 0.9 6.7 -1.1
v 1 6.7 -1.1
v 1.1 6.7 -1.1
v 1.7 6.7 -1.1
v 1.9 6.7 -1.1
v 2.7 6.7 -1.1
v 2.8 6.7 -1.1
v -1.5 6.7 -1.2
v -1.4 6.7 -1.2
v 0.8 6.7 -1.2
v 0.9 6.7 -1.2
v 1 6.7 -1.2
v 1.1 6.7 -1.2
v 1.3 6.7 -1.2
v 1.4 6.7 -1.2
v 1.7 6.7 -1.2
v 1.9 6.7 -1.2
v -2 6.7 -1.3
v -1.9 6.7 -1.3
v -1.5 6.7 -1.3
v -1.4 6.7 -1.3
v 1.3 6.7 -1.3
v 1.4 6.7 -1.3
v -1.9 6.8 0.2
v -1.7 6.8 0.2
v -1.6 6.8 0.2
v -1.5 6.8 0.2
v -0.9 6.8 0.2
v -0.8 6.8 0.2
v 0 6.8 0.2
v 0.2 6.8 0.2
v 1.9 6.8 0.2
v 2 6.8 0.2
v -1.5 6.8 0.1
v -1.4 6.8 0.1
v -0.9 6.8 0.1
v -0.8 6.8 0.1
v 0 6.8 0.1
v 0.2 6.8 0.1
v 0.6 6.8 0.1
v 0.7 6.8 0.1
v 1.1 6.8 0.1
v 1.2 6.8 0.1
v 1.9 6.8 0.1
v 2 6.8 0.1
v -1.9 6.8 0
v -1.7 6.8 0
v 0.3 6.8 0
v 0.4 6.8 0
v 0.6 6.8 0
v 0.7 6.8 0
v 1.1 6.8 0
v 1.2 6.8 0
v 2.2 6.8 0
v 2.3 6.8 0
v 0.3 6.8 -0.1
v 0.4 6.8 -0.1
v 2.1 6.8 -0.1
v 2.2 6.8 -0.1
v 2.3 6.8 -0.1
v 2.1 6.8 -0.2
v 2.2 6.8 -0.2
v 2.8 6.8 -0.5
v 2.9 6.8 -0.5
v 2.8 6.8 -0.6
v 2.9 6.8 -0.6
v 2.8 6.8 -0.7
v 2.9 6.8 -0.7
v 2.8 6.8 -0.8
v 2.9 6.8 -0.8
v 2.7 6.8 -0.9
v 2.8 6.8 -0.9
v 2.6 6.8 -1
v 2.7 6.8 -1
v 2.8 6.8 -1
v -1.9 6.8 -1.1
v -1.7 6.8 -1.1
v 0.9 6.8 -1.1
v 1 6.8 -1.1
v 1.4 6.8 -1.1
v 1.5 6.8 -1.1
v 2.6 6.8 -1.1
v 2.7 6.8 -1.1
v -1.5 6.8 -1.2
v -1.4 6.8 -1.2
v -0.9 6.8 -1.2
v -0.8 6.8 -1.2
v 0.6 6.8 -1.2
v 0.7 6.8 -1.2
v 0.9 6.8 -1.2
v 1 6.8 -1.2
v 1.2 6.8 -1.2
v 1.3 6.8 -1.2
v 1.4 6.8 -1.2
v 1.5 6.8 -1.2
v 1.9 6.8 -1.2
v 2 6.8 -1.2
v -1.9 6.8 -1.3
v -1.7 6.8 -1.3
v -1.6 6.8 -1.3
v -1.5 6.8 -1.3
v -0.9 6.8 -1.3
v -0.8 6.8 -1.3
v 0.6 6.8 -1.3
v 0.7 6.8 -1.3
v 1.2 6.8 -1.3
v 1.3 6.8 -1.3
v 1.9 6.8 -1.3
v 2 6.8 -1.3
v -1.7 6.9 0.2
v -1.6 6.9 0.2
v -0.3 6.9 0.2
v -0.2 6.9 0.2
v 0.7 6.9 0.2
v 0.8 6.9 0.2
v -0.3 6.9 0.1
v -0.2 6.9 0.1
v 0.5 6.9 0.1
v 0.6 6.9 0.1
v 0.7 6.9 0.1
v 0.8 6.9 0.1
v 1.2 6.9 0.1
v 1.3 6.9 0.1
v 1.7 6.9 0.1
v 1.8 6.9 0.1
v 1.9 6.9 0.1
v 2.1 6.9 0.1
v 0.5 6.9 0
v 0.6 6.9 0
v 1.2 6.9 0
v 1.3 6.9 0
v 1.4 6.9 0
v 1.7 6.9 0
v 1.8 6.9 0
v 1.9 6.9 0
v 1.3 6.9 -0.1
v 1.4 6.9 -0.1
v 1.5 6.9 -0.1
v 1.9 6.9 -0.1
v 2.1 6.9 -0.1
v 1.4 6.9 -0.2
v 1.5 6.9 -0.2
v 2.6 6.9 -0.2
v 2.7 6.9 -0.2
v 2.8 6.9 -0.2
v 2.6 6.9 -0.3
v 2.8 6.9 -0.3
v 2.9 6.9 -0.3
v 2.7 6.9 -0.4
v 2.8 6.9 -0.4
v 2.9 6.9 -0.4
v 2.7 6.9 -0.5
v 2.8 6.9 -0.5
v 2.2 6.9 -0.6
v 2.3 6.9 -0.6
v 2.8 6.9 -0.6
v 2.9 6.9 -0.6
v 2.2 6.9 -0.7
v 2.3 6.9 -0.7
v 2.8 6.9 -0.7
v 2.9 6.9 -0.7
v 2.7 6.9 -0.8
v 2.8 6.9 -0.8
v 2.6 6.9 -0.9
v 2.7 6.9 -0.9
v 2.8 6.9 -0.9
v 2.6 6.9 -1
v 2.7 6.9 -1
v 2.5 6.9 -1.1
v 2.6 6.9 -1.1
v -0.3 6.9 -1.2
v -0.2 6.9 -1.2
v 0.5 6.9 -1.2
v 0.6 6.9 -1.2
v 1.1 6.9 -1.2
v 1.2 6.9 -1.2
v 2.5 6.9 -1.2
v 2.6 6.9 -1.2
v -1.7 6.9 -1.3
v -1.6 6.9 -1.3
v -0.3 6.9 -1.3
v -0.2 6.9 -1.3
v 0.5 6.9 -1.3
v 0.6 6.9 -1.3
v 1.1 6.9 -1.3
v 1.2 6.9 -1.3
v -1 7 0.2
v -0.9 7 0.2
v 0.1 7 0.2
v 0.2 7 0.2
v -1 7 0.1
v -0.9 7 0.1
v 0.1 7 0.1
v 0.2 7 0.1
v 0.3 7 0.1
v 0.2 7 0
v 0.3 7 0
v 1.7 7 0
v 1.9 7 0
v 2.4 7 0
v 2.5 7 0
v 1.7 7 -0.1
v 1.9 7 -0.1
v 2.5 7 -0.1
v 2.7 7 -0.1
v 2.4 7 -0.2
v 2.7 7 -0.2
v 2.6 7 -0.3
v 2.7 7 -0.3
v 2.8 7 -0.3
v 2.3 7 -0.4
v 2.4 7 -0.4
v 2.5 7 -0.4
v 2.6 7 -0.4
v 2.7 7 -0.4
v 2.8 7 -0.4
v 2.2 7 -0.5
v 2.3 7 -0.5
v 2.5 7 -0.5
v 2.6 7 -0.5
v 2.7 7 -0.5
v 2.8 7 -0.5
v 2.1 7 -0.6
v 2.2 7 -0.6
v 2.3 7 -0.6
v 2.6 7 -0.6
v 2.8 7 -0.6
v 2.2 7 -0.7
v 2.3 7 -0.7
v 2.4 7 -0.7
v 2.6 7 -0.7
v 2.7 7 -0.7
v 2.8 7 -0.7
v 2.1 7 -0.8
v 2.3 7 -0.8
v 2.4 7 -0.8
v 2.6 7 -0.8
v 2.7 7 -0.8
v 2.8 7 -0.8
v 2.3 7 -0.9
v 2.4 7 -0.9
v 2.6 7 -0.9
v 2.7 7 -0.9
v 1.4 7 -1
v 1.6 7 -1
v 2.5 7 -1
v 2.6 7 -1
v 1.4 7 -1.1
v 1.5 7 -1.1
v 1.6 7 -1.1
v 1.7 7 -1.1
v 1.8 7 -1.1
v 2.3 7 -1.1
v 2.5 7 -1.1
v 2.6 7 -1.1
v -1 7 -1.2
v -0.9 7 -1.2
v 0.2 7 -1.2
v 0.3 7 -1.2
v 1.7 7 -1.2
v 1.8 7 -1.2
v 1.9 7 -1.2
v 2 7 -1.2
v 2.3 7 -1.2
v 2.5 7 -1.2
v -1 7 -1.3
v -0.9 7 -1.3
v 0.2 7 -1.3
v 0.3 7 -1.3
v 1.9 7 -1.3
v 2 7 -1.3
v -1.5 7.1 0.2
v -1.3 7.1 0.2
v -0.4 7.1 0.2
v -0.3 7.1 0.2
v -0.4 7.1 0.1
v -0.3 7.1 0.1
v 0.6 7.1 0.1
v 0.8 7.1 0.1
v 1.1 7.1 0.1
v 1.2 7.1 0.1
v 1.4 7.1 0.1
v 1.5 7.1 0.1
v 2.3 7.1 0.1
v 2.4 7.1 0.1
v -1.3 7.1 0
v 0.6 7.1 0
v 0.8 7.1 0
v 0.9 7.1 0
v 1 7.1 0
v 1.1 7.1 0
v 1.2 7.1 0
v 1.4 7.1 0
v 1.5 7.1 0
v 1.6 7.1 0
v 1.7 7.1 0
v 2.3 7.1 0
v 2.4 7.1 0
v 0.9 7.1 -0.1
v 1 7.1 -0.1
v 1.6 7.1 -0.1
v 1.7 7.1 -0.1
v 1.8 7.1 -0.1
v 2.3 7.1 -0.1
v 2.4 7.1 -0.1
v -1.4 7.1 -0.2
v -1.3 7.1 -0.2
v 1.7 7.1 -0.2
v 1.8 7.1 -0.2
v 2.4 7.1 -0.2
v 2.7 7.1 -0.2
v -1.5 7.1 -0.3
v -1.4 7.1 -0.3
v 2.6 7.1 -0.3
v 2.7 7.1 -0.3
v 2.1 7.1 -0.4
v 2.3 7.1 -0.4
v 2.4 7.1 -0.4
v 2.5 7.1 -0.4
v 2.6 7.1 -0.4
v 2.2 7.1 -0.5
v 2.3 7.1 -0.5
v 2.5 7.1 -0.5
v 2.6 7.1 -0.5
v 2 7.1 -0.6
v 2.1 7.1 -0.6
v 2.2 7.1 -0.6
v 2.6 7.1 -0.6
v 2.8 7.1 -0.6
v 2 7.1 -0.7
v 2.1 7.1 -0.7
v 2.4 7.1 -0.7
v 2.6 7.1 -0.7
v 2.7 7.1 -0.7
v 2.8 7.1 -0.7
v -1.5 7.1 -0.8
v -1.4 7.1 -0.8
v 2.2 7.1 -0.8
v 2.3 7.1 -0.8
v 2.4 7.1 -0.8
v 2.6 7.1 -0.8
v 2.7 7.1 -0.8
v -1.4 7.1 -0.9
v -1.3 7.1 -0.9
v 2.3 7.1 -0.9
v 2.4 7.1 -0.9
v 2.5 7.1 -1
v 2.6 7.1 -1
v -1.3 7.1 -1.1
v 0.9 7.1 -1.1
v 1 7.1 -1.1
v 1.1 7.1 -1.1
v 1.2 7.1 -1.1
v 1.3 7.1 -1.1
v 1.4 7.1 -1.1
v 1.5 7.1 -1.1
v 2.2 7.1 -1.1
v 2.5 7.1 -1.1
v -0.4 7.1 -1.2
v -0.3 7.1 -1.2
v 0.4 7.1 -1.2
v 0.5 7.1 -1.2
v 0.9 7.1 -1.2
v 1 7.1 -1.2
v 1.1 7.1 -1.2
v 1.2 7.1 -1.2
v 1.3 7.1 -1.2
v 1.5 7.1 -1.2
v -1.5 7.1 -1.3
v -1.3 7.1 -1.3
v -0.4 7.1 -1.3
v -0.3 7.1 -1.3
v 0.4 7.1 -1.3
v 0.5 7.1 -1.3
v -1.3 7.2 0.2
v -1.2 7.2 0.2
v -1.1 7.2 0.2
v -1 7.2 0.2
v 0 7.2 0.2
v 0.1 7.2 0.2
v -1.2 7.2 0.1
v -1.1 7.2 0.1
v -1 7.2 0.1
v -0.8 7.2 0.1
v 0 7.2 0.1
v 0.1 7.2 0.1
v 0.8 7.2 0.1
v 0.9 7.2 0.1
v 2.1 7.2 0.1
v 2.2 7.2 0.1
v -1.3 7.2 0
v -1.2 7.2 0
v 0.8 7.2 0
v 0.9 7.2 0
v 1.1 7.2 0
v 1.2 7.2 0
v 2.1 7.2 0
v 2.2 7.2 0
v 2.3 7.2 0
v 1.1 7.2 -0.1
v 1.2 7.2 -0.1
v 2.1 7.2 -0.1
v 2.3 7.2 -0.1
v 2.4 7.2 -0.1
v 2.2 7.2 -0.3
v 2.3 7.2 -0.3
v 2.2 7.2 -0.4
v 2.4 7.2 -0.4
v 2 7.2 -0.8
v 2.1 7.2 -0.8
v 2.2 7.2 -0.8
v 1.9 7.2 -0.9
v 2 7.2 -0.9
v 1.6 7.2 -1
v 1.7 7.2 -1
v 1.9 7.2 -1
v 2.1 7.2 -1
v -1.3 7.2 -1.1
v -1.2 7.2 -1.1
v 0.8 7.2 -1.1
v 0.9 7.2 -1.1
v 1 7.2 -1.1
v 1.1 7.2 -1.1
v 1.6 7.2 -1.1
v 1.7 7.2 -1.1
v 2 7.2 -1.1
v 2.1 7.2 -1.1
v 2.2 7.2 -1.1
v -1.2 7.2 -1.2
v -1.1 7.2 -1.2
v -1 7.2 -1.2
v -0.8 7.2 -1.2
v 0.6 7.2 -1.2
v 0.7 7.2 -1.2
v 0.8 7.2 -1.2
v 0.9 7.2 -1.2
v 1 7.2 -1.2
v 1.1 7.2 -1.2
v 2 7.2 -1.2
v 2.1 7.2 -1.2
v -1.3 7.2 -1.3
v -1.2 7.2 -1.3
v -1.1 7.2 -1.3
v -1 7.2 -1.3
v 0.6 7.2 -1.3
v 0.7 7.2 -1.3
v 0.8 7.2 -1.3
v -1.2 7.3 0.2
v -1.1 7.3 0.2
v -0.0999999 7.3 0.2
v 0 7.3 0.2
v 0.4 7.3 0.2
v 0.5 7.3 0.2
v -1.2 7.3 0.1
v -1.1 7.3 0.1
v -0.0999999 7.3 0.1
v 0 7.3 0.1
v 0.2 7.3 0.1
v 0.3 7.3 0.1
v 0.4 7.3 0.1
v 0.5 7.3 0.1
v 1.3 7.3 0.1
v 1.4 7.3 0.1
v 0.2 7.3 0
v 0.3 7.3 0
v 1.3 7.3 0
v 1.4 7.3 0
v 1.5 7.3 0
v 1.6 7.3 0
v 1.7 7.3 0
v 1.4 7.3 -0.1
v 1.5 7.3 -0.1
v 1.6 7.3 -0.1
v 1.7 7.3 -0.1
v 2.1 7.3 -0.1
v 2.3 7.3 -0.1
v 2.1 7.3 -0.2
v 2.2 7.3 -0.2
v 2.2 7.3 -0.3
v 2.3 7.3 -0.3
v 2 7.3 -0.4
v 2.2 7.3 -0.4
v 2.1 7.3 -0.5
v 2.2 7.3 -0.5
v 2 7.3 -0.7
v 2.1 7.3 -0.7
v 1.9 7.3 -0.8
v 2 7.3 -0.8
v 1.9 7.3 -0.9
v 2 7.3 -0.9
v 2 7.3 -1
v 2.1 7.3 -1
v 2 7.3 -1.1
v 2.1 7.3 -1.1
v -1.2 7.3 -1.2
v -1.1 7.3 -1.2
v -1.2 7.3 -1.3
v -1.1 7.3 -1.3
v -0.9 7.4 0.2
v -0.8 7.4 0.2
v -0.4 7.4 0.1
v -0.2 7.4 0.1
v 1 7.4 0
v 1.1 7.4 0
v 2 7.4 0
v 2.1 7.4 0
v 1 7.4 -0.1
v 1.1 7.4 -0.1
v 2 7.4 -0.1
v 2.1 7.4 -0.1
v -0.9 7.4 -0.2
v -0.8 7.4 -0.2
v 1.9 7.4 -0.4
v 2 7.4 -0.4
v -0.8 7.4 -0.5
v 1.9 7.4 -0.5
v 2 7.4 -0.5
v -0.8 7.4 -0.6
v 2 7.4 -0.7
v 2.1 7.4 -0.7
v 2 7.4 -0.8
v 2.1 7.4 -0.8
v -0.9 7.4 -0.9
v -0.8 7.4 -0.9
v 1.8 7.4 -0.9
v 1.9 7.4 -0.9
v 1.8 7.4 -1
v 1.9 7.4 -1
v 1.7 7.4 -1.1
v 1.8 7.4 -1.1
v 1.9 7.4 -1.1
v 2 7.4 -1.1
v -0.4 7.4 -1.2
v -0.2 7.4 -1.2
v 0.1 7.4 -1.2
v 0.2 7.4 -1.2
v 0.7 7.4 -1.2
v 0.8 7.4 -1.2
v 1.7 7.4 -1.2
v 1.8 7.4 -1.2
v 1.9 7.4 -1.2
v 2 7.4 -1.2
v -0.9 7.4 -1.3
v -0.8 7.4 -1.3
v 0.1 7.4 -1.3
v 0.2 7.4 -1.3
v 0.7 7.4 -1.3
v 0.8 7.4 -1.3
v -0.8 7.5 0.2
v -0.6 7.5 0.2
v -0.5 7.5 0.2
v -0.2 7.5 0.2
v -0.0999999 7.5 0.2
v -0.2 7.5 0.1
v -0.0999999 7.5 0.1
v 1.9 7.5 0.1
v 2 7.5 0.1
v 1.9 7.5 0
v 2 7.5 0
v -0.7 7.5 -0.1
v -0.6 7.5 -0.1
v 2.1 7.5 -0.2
v 2.2 7.5 -0.2
v 2 7.5 -0.3
v 2.1 7.5 -0.3
v 2 7.5 -0.4
v 2.1 7.5 -0.4
v 2.2 7.5 -0.4
v -0.8 7.5 -0.5
v -0.7 7.5 -0.5
v -0.8 7.5 -0.6
v -0.7 7.5 -0.6
v 1.8 7.5 -0.7
v 1.9 7.5 -0.7
v 1.6 7.5 -0.8
v 1.7 7.5 -0.8
v 1.8 7.5 -0.8
v 1.9 7.5 -0.8
v 1.6 7.5 -0.9
v 1.7 7.5 -0.9
v 1.8 7.5 -0.9
v 1.9 7.5 -0.9
v -0.7 7.5 -1
v -0.6 7.5 -1
v 1.7 7.5 -1
v 1.8 7.5 -1
v 1.9 7.5 -1
v 2 7.5 -1
v 1 7.5 -1.1
v 1.1 7.5 -1.1
v 1.8 7.5 -1.1
v 1.9 7.5 -1.1
v 2 7.5 -1.1
v 0.5 7.5 -1.2
v 0.6 7.5 -1.2
v 0.7 7.5 -1.2
v 1 7.5 -1.2
v 1.1 7.5 -1.2
v 1.4 7.5 -1.2
v 1.6 7.5 -1.2
v 1.8 7.5 -1.2
v 1.9 7.5 -1.2
v -0.8 7.5 -1.3
v -0.6 7.5 -1.3
v -0.5 7.5 -1.3
v 0.5 7.5 -1.3
v 0.6 7.5 -1.3
v 0.7 7.5 -1.3
v 1.4 7.5 -1.3
v 1.6 7.5 -1.3
v -0.5 7.6 0.2
v -0.4 7.6 0.2
v -0.3 7.6 0.2
v -0.2 7.6 0.2
v 0.5 7.6 0.2
v 0.6 7.6 0.2
v 0.7 7.6 0.2
v -0.2 7.6 0.1
v 0.2 7.6 0.1
v 0.3 7.6 0.1
v 0.5 7.6 0.1
v 0.6 7.6 0.1
v 0.7 7.6 0.1
v 1.7 7.6 0.1
v 1.8 7.6 0.1
v 1.9 7.6 0
v 2 7.6 0
v 2.1 7.6 0
v 1.6 7.6 -0.1
v 1.7 7.6 -0.1
v 1.8 7.6 -0.1
v 1.9 7.6 -0.1
v 1.5 7.6 -0.2
v 1.6 7.6 -0.2
v 0.2 7.6 -0.3
v 2 7.6 -0.3
v 2.1 7.6 -0.3
v 1.5 7.6 -0.4
v 1.7 7.6 -0.4
v 1.6 7.6 -0.5
v 1.7 7.6 -0.5
v 2 7.6 -0.5
v 2.1 7.6 -0.5
v 1.5 7.6 -0.6
v 1.6 7.6 -0.6
v 1.8 7.6 -0.7
v 1.9 7.6 -0.7
v 0.2 7.6 -0.8
v 1.2 7.6 -0.8
v 1.5 7.6 -0.8
v 1.6 7.6 -0.8
v 1.7 7.6 -0.8
v 1.8 7.6 -0.8
v 1.9 7.6 -0.8
v 2.1 7.6 -0.8
v 1.2 7.6 -0.9
v 1.6 7.6 -0.9
v 1.7 7.6 -0.9
v 1.7 7.6 -1
v 1.8 7.6 -1
v 1.9 7.6 -1
v 0.8 7.6 -1.1
v 1 7.6 -1.1
v 1.7 7.6 -1.1
v 1.8 7.6 -1.1
v 1.9 7.6 -1.1
v 0 7.6 -1.2
v 0.1 7.6 -1.2
v 0.2 7.6 -1.2
v 0.3 7.6 -1.2
v 0.4 7.6 -1.2
v 0.5 7.6 -1.2
v 0.8 7.6 -1.2
v 1 7.6 -1.2
v 1.3 7.6 -1.2
v 1.4 7.6 -1.2
v 1.6 7.6 -1.2
v 1.7 7.6 -1.2
v -0.5 7.6 -1.3
v -0.4 7.6 -1.3
v -0.3 7.6 -1.3
v -0.2 7.6 -1.3
v 0 7.6 -1.3
v 0.1 7.6 -1.3
v 0.4 7.6 -1.3
v 0.5 7.6 -1.3
v 1.3 7.6 -1.3
v 1.4 7.6 -1.3
v -0.0999999 7.7 0.2
v 0.2 7.7 0.2
v 0.3 7.7 0.2
v 0.4 7.7 0.2
v 0.5 7.7 0.2
v 0.7 7.7 0.2
v 0.8 7.7 0.2
v -0.2 7.7 0.1
v -0.0999999 7.7 0.1
v 0 7.7 0.1
v 0.3 7.7 0.1
v 0.4 7.7 0.1
v 0.5 7.7 0.1
v 0.7 7.7 0.1
v 0.8 7.7 0.1
v 0.9 7.7 0.1
v 1 7.7 0.1
v 1.2 7.7 0.1
v 1.6 7.7 0.1
v 1.7 7.7 0.1
v 1.8 7.7 0.1
v 2 7.7 0.1
v 0.9 7.7 0
v 1 7.7 0
v 1.6 7.7 0
v 1.9 7.7 0
v 2 7.7 0
v 0 7.7 -0.1
v 0.1 7.7 -0.1
v 1.6 7.7 -0.1
v 1.7 7.7 -0.1
v 1.8 7.7 -0.1
v 1.9 7.7 -0.1
v 1.3 7.7 -0.2
v 1.4 7.7 -0.2
v 1.5 7.7 -0.2
v 0.1 7.7 -0.3
v 0.2 7.7 -0.3
v 1.2 7.7 -0.4
v 1.3 7.7 -0.4
v 1.5 7.7 -0.4
v 1.7 7.7 -0.4
v 0.7 7.7 -0.5
v 0.8 7.7 -0.5
v 1.6 7.7 -0.5
v 1.7 7.7 -0.5
v 0.7 7.7 -0.6
v 0.8 7.7 -0.6
v 1.2 7.7 -0.6
v 1.3 7.7 -0.6
v 1.5 7.7 -0.6
v 1.6 7.7 -0.6
v 0.7 7.7 -0.7
v 0.8 7.7 -0.7
v 1.2 7.7 -0.7
v 1.3 7.7 -0.7
v 0.1 7.7 -0.8
v 0.2 7.7 -0.8
v 1.2 7.7 -0.8
v 1.5 7.7 -0.8
v 1.2 7.7 -0.9
v 1.6 7.7 -0.9
v 0 7.7 -1
v 0.1 7.7 -1
v 1.2 7.7 -1
v 1.4 7.7 -1
v 0.8 7.7 -1.1
v 1 7.7 -1.1
v 1.4 7.7 -1.1
v 1.5 7.7 -1.1
v -0.0999999 7.7 -1.2
v 0 7.7 -1.2
v 0.2 7.7 -1.2
v 0.3 7.7 -1.2
v 0.4 7.7 -1.2
v 1 7.7 -1.2
v 1.2 7.7 -1.2
v 1.3 7.7 -1.2
v 1.5 7.7 -1.2
v 1.6 7.7 -1.2
v -0.2 7.7 -1.3
v -0.0999999 7.7 -1.3
v 0 7.7 -1.3
v 0.3 7.7 -1.3
v 0.4 7.7 -1.3
v 1.2 7.7 -1.3
v 1.3 7.7 -1.3
v 0.5 7.8 0.2
v 0.7 7.8 0.2
v 1.3 7.8 0.2
v 1.5 7.8 0.2
v 0.3 7.8 0.1
v 0.5 7.8 0.1
v 1.2 7.8 0.1
v 1.3 7.8 0.1
v 1.5 7.8 0.1
v 1.6 7.8 0.1
v 0.4 7.8 0
v 0.6 7.8 0
v 1.4 7.8 0
v 1.6 7.8 0
v 0.3 7.8 -0.1
v 0.4 7.8 -0.1
v 1.3 7.8 -0.2
v 1.4 7.8 -0.2
v 1.6 7.8 -0.2
v 1.2 7.8 -0.4
v 1.3 7.8 -0.4
v 0.6 7.8 -0.5
v 0.7 7.8 -0.5
v 0.8 7.8 -0.5
v 0.6 7.8 -0.6
v 0.7 7.8 -0.6
v 0.8 7.8 -0.6
v 1.2 7.8 -0.6
v 1.3 7.8 -0.6
v 0.7 7.8 -0.7
v 0.8 7.8 -0.7
v 1.2 7.8 -0.7
v 1.3 7.8 -0.7
v 0.3 7.8 -1
v 0.4 7.8 -1
v 1.2 7.8 -1
v 1.4 7.8 -1
v 0.4 7.8 -1.1
v 0.6 7.8 -1.1
v 1.4 7.8 -1.1
v 1.5 7.8 -1.1
v 0.3 7.8 -1.2
v 0.4 7.8 -1.2
v 1.2 7.8 -1.2
v 1.3 7.8 -1.2
v 1.5 7.8 -1.2
v 1.7 7.8 -1.2
v 0.4 7.8 -1.3
v 0.8 7.8 -1.3
v 1.3 7.8 -1.3
v 1.7 7.8 -1.3

# faces
f 3/3/1 2/3/1 1/3/1
f 4/3/1 2/3/1 3/3/1
f 5/3/1 2/3/1 4/3/1
f 6/3/1 2/3/1 5/3/1
f 7/1/1 4/1/1 3/1/1
f 7/3/1 5/3/1 4/3/1
f 8/3/1 5/3/1 7/3/1
f 9/3/1 5/3/1 8/3/1
f 10/1/1 6/1/1 5/1/1
f 10/3/1 5/3/1 9/3/1
f 11/3/1 9/3/1 8/3/1
f 11/1/1 8/1/1 7/1/1
f 12/3/1 9/3/1 11/3/1
f 13/3/1 9/3/1 12/3/1
f 14/1/1 10/1/1 9/1/1
f 14/3/1 9/3/1 13/3/1
f 15/1/1 7/1/1 3/1/1
f 15/1/1 11/1/1 7/1/1
f 15/1/1 12/1/1 11/1/1
f 16/3/1 13/3/1 12/3/1
f 16/1/1 12/1/1 15/1/1
f 17/1/1 14/1/1 13/1/1
f 17/3/1 13/3/1 16/3/1
f 18/1/1 6/1/1 10/1/1
f 18/1/1 14/1/1 17/1/1
f 18/1/1 10/1/1 14/1/1
f 21/2/1 20/2/1 19/2/1
f 22/2/1 20/2/1 21/2/1
f 25/3/1 24/3/1 23/3/1
f 26/3/1 24/3/1 25/3/1
f 27/3/1 24/3/1 26/3/1
f 28/3/1 24/3/1 27/3/1
f 29/1/1 26/1/1 25/1/1
f 30/3/1 27/3/1 26/3/1
f 30/1/1 26/1/1 29/1/1
f 31/1/1 28/1/1 27/1/1
f 31/3/1 27/3/1 30/3/1
f 32/1/1 28/1/1 31/1/1
f 35/2/1 34/2/1 33/2/1
f 36/2/1 34/2/1 35/2/1
f 44/1/1 38/1/1 37/1/1
f 45/3/1 41/3/1 40/3/1
f 45/3/1 39/3/1 38/3/1
f 45/1/1 38/1/1 44/1/1
f 45/3/1 40/3/1 39/3/1
f 46/3/1 41/3/1 45/3/1
f 47/3/1 41/3/1 46/3/1
f 48/1/1 42/1/1 41/1/1
f 48/3/1 41/3/1 47/3/1
f 49/1/1 44/1/1 43/1/1
f 49/1/1 45/1/1 44/1/1
f 49/1/1 46/1/1 45/1/1
f 50/3/1 47/3/1 46/3/1
f 50/1/1 46/1/1 49/1/1
f 51/1/1 48/1/1 47/1/1
f 51/3/1 47/3/1 50/3/1
f 52/1/1 42/1/1 48/1/1
f 52/1/1 48/1/1 51/1/1
f 55/1/1 54/1/1 53/1/1
f 56/1/1 54/1/1 55/1/1
f 61/1/1 58/1/1 57/1/1
f 62/3/1 59/3/1 58/3/1
f 62/1/1 58/1/1 61/1/1
f 63/1/1 60/1/1 59/1/1
f 63/3/1 59/3/1 62/3/1
f 64/1/1 60/1/1 63/1/1
f 67/2/1 66/2/1 65/2/1
f 68/2/1 66/2/1 67/2/1
f 75/1/1 70/1/1 69/1/1
f 75/1/1 71/1/1 70/1/1
f 75/3/1 72/3/1 71/3/1
f 76/3/1 72/3/1 75/3/1
f 77/3/1 72/3/1 76/3/1
f 78/1/1 73/1/1 72/1/1
f 78/3/1 72/3/1 77/3/1
f 78/1/1 74/1/1 73/1/1
f 79/1/1 76/1/1 75/1/1
f 79/1/1 75/1/1 69/1/1
f 80/3/1 77/3/1 76/3/1
f 80/1/1 76/1/1 79/1/1
f 81/1/1 78/1/1 77/1/1
f 81/3/1 77/3/1 80/3/1
f 82/1/1 74/1/1 78/1/1
f 82/1/1 78/1/1 81/1/1
f 87/1/1 84/1/1 83/1/1
f 87/3/1 85/3/1 84/3/1
f 88/3/1 85/3/1 87/3/1
f 89/3/1 85/3/1 88/3/1
f 90/1/1 86/1/1 85/1/1
f 90/3/1 85/3/1 89/3/1
f 91/1/1 87/1/1 83/1/1
f 91/1/1 88/1/1 87/1/1
f 92/3/1 89/3/1 88/3/1
f 92/1/1 88/1/1 91/1/1
f 93/1/1 90/1/1 89/1/1
f 93/3/1 89/3/1 92/3/1
f 94/1/1 86/1/1 90/1/1
f 94/1/1 90/1/1 93/1/1
f 97/5/1 96/5/1 95/5/1
f 98/5/1 96/5/1 97/5/1
f 101/3/1 100/3/1 99/3/1
f 102/3/1 100/3/1 101/3/1
f 107/3/1 104/3/1 103/3/1
f 108/3/1 104/3/1 107/3/1
f 109/3/1 106/3/1 105/3/1
f 110/3/1 106/3/1 109/3/1
f 114/2/1 112/2/1 111/2/1
f 115/2/1 112/2/1 114/2/1
f 116/2/1 112/2/1 115/2/1
f 117/2/1 112/2/1 116/2/1
f 119/1/1 114/1/1 113/1/1
f 119/1/1 115/1/1 114/1/1
f 119/3/1 116/3/1 115/3/1
f 120/3/1 116/3/1 119/3/1
f 121/3/1 116/3/1 120/3/1
f 122/1/1 118/1/1 117/1/1
f 122/3/1 116/3/1 121/3/1
f 122/1/1 117/1/1 116/1/1
f 123/1/1 120/1/1 119/1/1
f 123/1/1 119/1/1 113/1/1
f 124/3/1 121/3/1 120/3/1
f 124/1/1 120/1/1 123/1/1
f 125/1/1 122/1/1 121/1/1
f 125/3/1 121/3/1 124/3/1
f 126/1/1 118/1/1 122/1/1
f 126/1/1 122/1/1 125/1/1
f 131/1/1 128/1/1 127/1/1
f 132/3/1 129/3/1 128/3/1
f 132/1/1 128/1/1 131/1/1
f 133/1/1 130/1/1 129/1/1
f 133/3/1 129/3/1 132/3/1
f 134/1/1 130/1/1 133/1/1
f 135/1/1 131/1/1 127/1/1
f 136/3/1 132/3/1 131/3/1
f 136/1/1 131/1/1 135/1/1
f 136/3/1 133/3/1 132/3/1
f 136/3/1 134/3/1 133/3/1
f 137/1/1 130/1/1 134/1/1
f 137/3/1 134/3/1 136/3/1
f 138/1/1 130/1/1 137/1/1
f 143/1/1 140/1/1 139/1/1
f 144/1/1 140/1/1 143/1/1
f 145/1/1 142/1/1 141/1/1
f 146/1/1 142/1/1 145/1/1
f 153/1/1 148/1/1 147/1/1
f 154/3/1 149/3/1 148/3/1
f 154/1/1 148/1/1 153/1/1
f 154/3/1 150/3/1 149/3/1
f 154/3/1 151/3/1 150/3/1
f 155/1/1 152/1/1 151/1/1
f 155/3/1 151/3/1 154/3/1
f 156/1/1 152/1/1 155/1/1
f 159/3/1 158/3/1 157/3/1
f 160/3/1 158/3/1 159/3/1
f 165/3/1 162/3/1 161/3/1
f 166/3/1 162/3/1 165/3/1
f 167/3/1 164/3/1 163/3/1
f 168/3/1 164/3/1 167/3/1
f 173/1/1 170/1/1 169/1/1
f 173/3/1 171/3/1 170/3/1
f 174/3/1 171/3/1 173/3/1
f 175/3/1 171/3/1 174/3/1
f 176/1/1 172/1/1 171/1/1
f 176/3/1 171/3/1 175/3/1
f 177/1/1 173/1/1 169/1/1
f 177/1/1 174/1/1 173/1/1
f 178/3/1 175/3/1 174/3/1
f 178/1/1 174/1/1 177/1/1
f 179/1/1 176/1/1 175/1/1
f 179/3/1 175/3/1 178/3/1
f 180/1/1 172/1/1 176/1/1
f 180/1/1 176/1/1 179/1/1
f 185/1/1 182/1/1 181/1/1
f 186/3/1 183/3/1 182/3/1
f 186/1/1 182/1/1 185/1/1
f 187/1/1 184/1/1 183/1/1
f 187/3/1 183/3/1 186/3/1
f 188/1/1 184/1/1 187/1/1
f 195/1/1 190/1/1 189/1/1
f 196/3/1 191/3/1 190/3/1
f 196/1/1 190/1/1 195/1/1
f 196/3/1 192/3/1 191/3/1
f 196/3/1 193/3/1 192/3/1
f 197/1/1 194/1/1 193/1/1
f 197/3/1 193/3/1 196/3/1
f 198/1/1 194/1/1 197/1/1
f 203/3/1 200/3/1 199/3/1
f 204/3/1 200/3/1 203/3/1
f 205/3/1 202/3/1 201/3/1
f 206/3/1 202/3/1 205/3/1
f 211/3/1 208/3/1 207/3/1
f 212/3/1 208/3/1 211/3/1
f 213/3/1 210/3/1 209/3/1
f 214/3/1 210/3/1 213/3/1
f 219/3/1 216/3/1 215/3/1
f 220/3/1 216/3/1 219/3/1
f 221/3/1 218/3/1 217/3/1
f 222/3/1 218/3/1 221/3/1
f 227/3/1 224/3/1 223/3/1
f 228/3/1 224/3/1 227/3/1
f 229/3/1 226/3/1 225/3/1
f 230/3/1 226/3/1 229/3/1
f 235/3/1 232/3/1 231/3/1
f 236/3/1 232/3/1 235/3/1
f 237/3/1 234/3/1 233/3/1
f 238/3/1 234/3/1 237/3/1
f 243/3/1 240/3/1 239/3/1
f 243/3/1 242/3/1 241/3/1
f 243/3/1 241/3/1 240/3/1
f 244/3/1 242/3/1 243/3/1
f 247/3/1 246/3/1 245/3/1
f 248/3/1 246/3/1 247/3/1
f 253/3/1 250/3/1 249/3/1
f 254/3/1 250/3/1 253/3/1
f 255/3/1 252/3/1 251/3/1
f 256/3/1 252/3/1 255/3/1
f 259/3/1 258/3/1 257/3/1
f 260/3/1 258/3/1 259/3/1
f 265/1/1 262/1/1 261/1/1
f 265/3/1 263/3/1 262/3/1
f 266/3/1 263/3/1 265/3/1
f 267/3/1 263/3/1 266/3/1
f 268/1/1 264/1/1 263/1/1
f 268/3/1 263/3/1 267/3/1
f 269/1/1 265/1/1 261/1/1
f 269/1/1 266/1/1 265/1/1
f 270/3/1 267/3/1 266/3/1
f 270/1/1 266/1/1 269/1/1
f 271/1/1 268/1/1 267/1/1
f 271/3/1 267/3/1 270/3/1
f 272/1/1 264/1/1 268/1/1
f 272/1/1 268/1/1 271/1/1
f 277/3/1 274/3/1 273/3/1
f 278/3/1 274/3/1 277/3/1
f 279/3/1 276/3/1 275/3/1
f 280/3/1 276/3/1 279/3/1
f 285/1/1 282/1/1 281/1/1
f 286/3/1 283/3/1 282/3/1
f 286/1/1 282/1/1 285/1/1
f 287/1/1 284/1/1 283/1/1
f 287/3/1 283/3/1 286/3/1
f 288/1/1 284/1/1 287/1/1
f 293/4/1 290/4/1 289/4/1
f 294/4/1 290/4/1 293/4/1
f 295/4/1 292/4/1 291/4/1
f 296/4/1 292/4/1 295/4/1
f 301/3/1 298/3/1 297/3/1
f 302/3/1 298/3/1 301/3/1
f 303/3/1 300/3/1 299/3/1
f 304/3/1 300/3/1 303/3/1
f 309/3/1 306/3/1 305/3/1
f 310/3/1 306/3/1 309/3/1
f 311/3/1 308/3/1 307/3/1
f 312/3/1 308/3/1 311/3/1
f 317/3/1 314/3/1 313/3/1
f 318/3/1 314/3/1 317/3/1
f 319/3/1 316/3/1 315/3/1
f 320/3/1 316/3/1 319/3/1
f 321/1/1 318/1/1 317/1/1
f 322/1/1 318/1/1 321/1/1
f 323/1/1 320/1/1 319/1/1
f 324/1/1 320/1/1 323/1/1
f 331/1/1 326/1/1 325/1/1
f 332/3/1 327/3/1 326/3/1
f 332/1/1 326/1/1 331/1/1
f 332/3/1 328/3/1 327/3/1
f 332/3/1 329/3/1 328/3/1
f 333/1/1 330/1/1 329/1/1
f 333/3/1 329/3/1 332/3/1
f 334/1/1 330/1/1 333/1/1
f 339/3/1 336/3/1 335/3/1
f 340/3/1 336/3/1 339/3/1
f 341/3/1 338/3/1 337/3/1
f 342/3/1 338/3/1 341/3/1
f 347/3/1 344/3/1 343/3/1
f 348/3/1 344/3/1 347/3/1
f 349/3/1 346/3/1 345/3/1
f 350/3/1 346/3/1 349/3/1
f 357/1/1 352/1/1 351/1/1
f 358/3/1 353/3/1 352/3/1
f 358/1/1 352/1/1 357/1/1
f 358/3/1 354/3/1 353/3/1
f 358/3/1 355/3/1 354/3/1
f 359/1/1 356/1/1 355/1/1
f 359/3/1 355/3/1 358/3/1
f 360/1/1 356/1/1 359/1/1
f 365/4/1 362/4/1 361/4/1
f 366/4/1 362/4/1 365/4/1
f 367/4/1 364/4/1 363/4/1
f 368/4/1 364/4/1 367/4/1
f 373/3/1 370/3/1 369/3/1
f 374/3/1 370/3/1 373/3/1
f 375/3/1 372/3/1 371/3/1
f 376/3/1 372/3/1 375/3/1
f 381/3/1 378/3/1 377/3/1
f 382/3/1 378/3/1 381/3/1
f 383/3/1 380/3/1 379/3/1
f 384/3/1 380/3/1 383/3/1
f 387/3/1 386/3/1 385/3/1
f 388/3/1 386/3/1 387/3/1
f 393/3/1 390/3/1 389/3/1
f 394/3/1 390/3/1 393/3/1
f 395/3/1 392/3/1 391/3/1
f 396/3/1 392/3/1 395/3/1
f 403/4/1 398/4/1 397/4/1
f 404/3/1 399/3/1 398/3/1
f 404/4/1 398/4/1 403/4/1
f 404/3/1 400/3/1 399/3/1
f 404/3/1 401/3/1 400/3/1
f 405/4/1 402/4/1 401/4/1
f 405/3/1 401/3/1 404/3/1
f 406/4/1 402/4/1 405/4/1
f 411/3/1 408/3/1 407/3/1
f 412/3/1 408/3/1 411/3/1
f 413/3/1 410/3/1 409/3/1
f 414/3/1 410/3/1 413/3/1
f 419/1/1 416/1/1 415/1/1
f 420/3/1 417/3/1 416/3/1
f 420/1/1 416/1/1 419/1/1
f 421/1/1 418/1/1 417/1/1
f 421/3/1 417/3/1 420/3/1
f 422/1/1 418/1/1 421/1/1
f 427/3/1 424/3/1 423/3/1
f 428/3/1 424/3/1 427/3/1
f 429/3/1 426/3/1 425/3/1
f 430/3/1 426/3/1 429/3/1
f 435/3/1 432/3/1 431/3/1
f 436/3/1 432/3/1 435/3/1
f 437/3/1 434/3/1 433/3/1
f 438/3/1 434/3/1 437/3/1
f 439/1/1 436/1/1 435/1/1
f 440/1/1 438/1/1 437/1/1
f 441/1/1 439/1/1 435/1/1
f 442/3/1 440/3/1 439/3/1
f 442/1/1 439/1/1 441/1/1
f 443/3/1 440/3/1 442/3/1
f 444/3/1 440/3/1 443/3/1
f 445/1/1 438/1/1 440/1/1
f 445/3/1 440/3/1 444/3/1
f 446/1/1 438/1/1 445/1/1
f 453/1/1 448/1/1 447/1/1
f 453/1/1 449/1/1 448/1/1
f 454/3/1 450/3/1 449/3/1
f 454/1/1 449/1/1 453/1/1
f 455/1/1 452/1/1 451/1/1
f 455/3/1 450/3/1 454/3/1
f 455/1/1 451/1/1 450/1/1
f 456/1/1 452/1/1 455/1/1
f 461/4/1 458/4/1 457/4/1
f 462/4/1 458/4/1 461/4/1
f 463/4/1 460/4/1 459/4/1
f 464/4/1 460/4/1 463/4/1
f 465/3/1 462/3/1 461/3/1
f 466/3/1 462/3/1 465/3/1
f 467/3/1 464/3/1 463/3/1
f 468/3/1 464/3/1 467/3/1
f 473/3/1 470/3/1 469/3/1
f 474/3/1 470/3/1 473/3/1
f 475/3/1 472/3/1 471/3/1
f 476/3/1 472/3/1 475/3/1
f 482/3/1 478/3/1 477/3/1
f 482/3/1 479/3/1 478/3/1
f 482/3/1 480/3/1 479/3/1
f 483/4/1 481/4/1 480/4/1
f 483/3/1 480/3/1 482/3/1
f 484/4/1 481/4/1 483/4/1
f 485/4/1 481/4/1 484/4/1
f 490/3/1 487/3/1 486/3/1
f 491/3/1 487/3/1 490/3/1
f 492/3/1 489/3/1 488/3/1
f 493/3/1 489/3/1 492/3/1
f 498/3/1 495/3/1 494/3/1
f 499/3/1 495/3/1 498/3/1
f 500/3/1 497/3/1 496/3/1
f 501/3/1 497/3/1 500/3/1
f 504/3/1 503/3/1 502/3/1
f 505/3/1 503/3/1 504/3/1
f 510/3/1 507/3/1 506/3/1
f 511/3/1 507/3/1 510/3/1
f 512/3/1 509/3/1 508/3/1
f 513/3/1 509/3/1 512/3/1
f 518/4/1 515/4/1 514/4/1
f 519/4/1 515/4/1 518/4/1
f 520/3/1 516/3/1 515/3/1
f 520/4/1 515/4/1 519/4/1
f 521/4/1 517/4/1 516/4/1
f 521/3/1 516/3/1 520/3/1
f 522/4/1 517/4/1 521/4/1
f 523/4/1 517/4/1 522/4/1
f 524/3/1 519/3/1 518/3/1
f 525/3/1 519/3/1 524/3/1
f 526/3/1 523/3/1 522/3/1
f 527/3/1 523/3/1 526/3/1
f 530/3/1 529/3/1 528/3/1
f 531/3/1 529/3/1 530/3/1
f 536/3/1 533/3/1 532/3/1
f 537/3/1 535/3/1 534/3/1
f 538/3/1 536/3/1 532/3/1
f 538/3/1 537/3/1 536/3/1
f 539/3/1 535/3/1 537/3/1
f 539/3/1 537/3/1 538/3/1
f 542/3/1 541/3/1 540/3/1
f 543/3/1 541/3/1 542/3/1
f 548/3/1 545/3/1 544/3/1
f 549/3/1 545/3/1 548/3/1
f 550/3/1 547/3/1 546/3/1
f 551/3/1 547/3/1 550/3/1
f 554/3/1 553/3/1 552/3/1
f 555/3/1 553/3/1 554/3/1
f 556/1/1 555/1/1 554/1/1
f 557/1/1 555/1/1 556/1/1
f 562/4/1 559/4/1 558/4/1
f 563/4/1 559/4/1 562/4/1
f 564/4/1 561/4/1 560/4/1
f 565/4/1 561/4/1 564/4/1
f 566/3/1 563/3/1 562/3/1
f 567/3/1 563/3/1 566/3/1
f 568/3/1 565/3/1 564/3/1
f 569/3/1 565/3/1 568/3/1
f 576/4/1 571/4/1 570/4/1
f 577/3/1 572/3/1 571/3/1
f 577/4/1 571/4/1 576/4/1
f 578/3/1 572/3/1 577/3/1
f 579/3/1 574/3/1 573/3/1
f 580/4/1 575/4/1 574/4/1
f 580/3/1 574/3/1 579/3/1
f 581/4/1 575/4/1 580/4/1
f 582/4/1 576/4/1 570/4/1
f 583/4/1 576/4/1 582/4/1
f 584/5/1 579/5/1 578/5/1
f 585/5/1 579/5/1 584/5/1
f 586/4/1 575/4/1 581/4/1
f 587/4/1 575/4/1 586/4/1
f 590/1/1 589/1/1 588/1/1
f 591/1/1 589/1/1 590/1/1
f 594/3/1 593/3/1 592/3/1
f 595/3/1 593/3/1 594/3/1
f 598/2/1 597/2/1 596/2/1
f 599/2/1 597/2/1 598/2/1
f 602/2/1 601/2/1 600/2/1
f 603/2/1 601/2/1 602/2/1
f 605/5/1 603/5/1 602/5/1
f 606/5/1 603/5/1 605/5/1
f 609/3/1 605/3/1 604/3/1
f 610/3/1 608/3/1 607/3/1
f 611/3/1 609/3/1 604/3/1
f 611/3/1 610/3/1 609/3/1
f 612/3/1 610/3/1 611/3/1
f 613/3/1 610/3/1 612/3/1
f 614/3/1 610/3/1 613/3/1
f 615/3/1 608/3/1 610/3/1
f 615/3/1 610/3/1 614/3/1
f 616/3/1 608/3/1 615/3/1
f 617/1/1 613/1/1 612/1/1
f 618/3/1 614/3/1 613/3/1
f 618/1/1 613/1/1 617/1/1
f 619/1/1 615/1/1 614/1/1
f 619/3/1 614/3/1 618/3/1
f 620/1/1 615/1/1 619/1/1
f 624/5/1 622/5/1 621/5/1
f 625/5/1 622/5/1 624/5/1
f 626/2/1 624/2/1 623/2/1
f 627/2/1 624/2/1 626/2/1
f 632/3/1 629/3/1 628/3/1
f 633/3/1 629/3/1 632/3/1
f 634/3/1 631/3/1 630/3/1
f 635/3/1 631/3/1 634/3/1
f 640/3/1 637/3/1 636/3/1
f 641/3/1 639/3/1 638/3/1
f 642/3/1 639/3/1 641/3/1
f 643/3/1 637/3/1 640/3/1
f 644/3/1 637/3/1 643/3/1
f 647/1/1 646/1/1 645/1/1
f 648/1/1 646/1/1 647/1/1
f 651/2/1 650/2/1 649/2/1
f 652/2/1 651/2/1 649/2/1
f 653/2/1 651/2/1 652/2/1
f 655/5/1 653/5/1 652/5/1
f 655/5/1 654/5/1 653/5/1
f 656/5/1 654/5/1 655/5/1
f 659/5/1 655/5/1 652/5/1
f 660/5/1 655/5/1 659/5/1
f 661/3/1 658/3/1 657/3/1
f 662/3/1 658/3/1 661/3/1
f 667/3/1 664/3/1 663/3/1
f 668/3/1 664/3/1 667/3/1
f 669/3/1 666/3/1 665/3/1
f 670/3/1 666/3/1 669/3/1
f 675/1/1 672/1/1 671/1/1
f 676/1/1 672/1/1 675/1/1
f 677/1/1 674/1/1 673/1/1
f 678/1/1 674/1/1 677/1/1
f 686/3/1 680/3/1 679/3/1
f 687/3/1 680/3/1 686/3/1
f 688/3/1 682/3/1 681/3/1
f 689/3/1 682/3/1 688/3/1
f 691/4/1 684/4/1 683/4/1
f 692/4/1 684/4/1 691/4/1
f 693/5/1 688/5/1 687/5/1
f 694/5/1 688/5/1 693/5/1
f 695/5/1 690/5/1 689/5/1
f 696/5/1 690/5/1 695/5/1
f 697/4/1 686/4/1 685/4/1
f 698/4/1 697/4/1 685/4/1
f 699/4/1 697/4/1 698/4/1
f 704/5/1 701/5/1 700/5/1
f 705/5/1 701/5/1 704/5/1
f 706/3/1 703/3/1 702/3/1
f 707/3/1 703/3/1 706/3/1
f 710/3/1 709/3/1 708/3/1
f 711/3/1 709/3/1 710/3/1
f 717/3/1 713/3/1 712/3/1
f 718/5/1 714/5/1 713/5/1
f 718/3/1 713/3/1 717/3/1
f 719/5/1 714/5/1 718/5/1
f 720/3/1 716/3/1 715/3/1
f 721/3/1 716/3/1 720/3/1
f 724/1/1 723/1/1 722/1/1
f 725/1/1 723/1/1 724/1/1
f 728/3/1 727/3/1 726/3/1
f 729/3/1 727/3/1 728/3/1
f 732/2/1 731/2/1 730/2/1
f 733/2/1 731/2/1 732/2/1
f 736/2/1 735/2/1 734/2/1
f 737/2/1 735/2/1 736/2/1
f 740/2/1 739/2/1 738/2/1
f 741/2/1 739/2/1 740/2/1
f 746/2/1 743/2/1 742/2/1
f 747/2/1 743/2/1 746/2/1
f 748/2/1 745/2/1 744/2/1
f 749/2/1 745/2/1 748/2/1
f 754/2/1 751/2/1 750/2/1
f 755/2/1 751/2/1 754/2/1
f 756/2/1 753/2/1 752/2/1
f 757/2/1 753/2/1 756/2/1
f 760/2/1 759/2/1 758/2/1
f 761/2/1 759/2/1 760/2/1
f 766/2/1 763/2/1 762/2/1
f 767/2/1 763/2/1 766/2/1
f 768/2/1 765/2/1 764/2/1
f 769/2/1 765/2/1 768/2/1
f 775/3/1 771/3/1 770/3/1
f 776/3/1 771/3/1 775/3/1
f 777/3/1 773/3/1 772/3/1
f 778/3/1 773/3/1 777/3/1
f 779/5/1 776/5/1 775/5/1
f 779/5/1 775/5/1 774/5/1
f 780/5/1 776/5/1 779/5/1
f 783/5/1 782/5/1 781/5/1
f 784/5/1 782/5/1 783/5/1
f 789/3/1 785/3/1 784/3/1
f 790/3/1 785/3/1 789/3/1
f 791/5/1 787/5/1 786/5/1
f 792/5/1 787/5/1 791/5/1
f 795/5/1 789/5/1 788/5/1
f 795/1/1 790/1/1 789/1/1
f 796/1/1 790/1/1 795/1/1
f 797/5/1 794/5/1 793/5/1
f 798/5/1 794/5/1 797/5/1
f 799/5/1 795/5/1 788/5/1
f 800/5/1 795/5/1 799/5/1
f 803/5/1 802/5/1 801/5/1
f 804/5/1 802/5/1 803/5/1
f 809/5/1 806/5/1 805/5/1
f 810/5/1 806/5/1 809/5/1
f 811/5/1 808/5/1 807/5/1
f 812/5/1 808/5/1 811/5/1
f 815/3/1 814/3/1 813/3/1
f 816/3/1 814/3/1 815/3/1
f 819/5/1 818/5/1 817/5/1
f 820/5/1 818/5/1 819/5/1
f 826/5/1 824/5/1 823/5/1
f 827/5/1 824/5/1 826/5/1
f 828/5/1 822/5/1 821/5/1
f 830/5/1 826/5/1 825/5/1
f 831/5/1 826/5/1 830/5/1
f 832/5/1 828/5/1 821/5/1
f 833/1/1 829/1/1 828/1/1
f 833/5/1 828/5/1 832/5/1
f 839/1/1 829/1/1 833/1/1
f 840/1/1 829/1/1 839/1/1
f 841/1/1 835/1/1 834/1/1
f 842/1/1 835/1/1 841/1/1
f 843/1/1 837/1/1 836/1/1
f 844/1/1 837/1/1 843/1/1
f 845/1/1 839/1/1 838/1/1
f 846/1/1 839/1/1 845/1/1
f 851/3/1 848/3/1 847/3/1
f 852/3/1 848/3/1 851/3/1
f 853/3/1 850/3/1 849/3/1
f 854/3/1 850/3/1 853/3/1
f 857/4/1 856/4/1 855/4/1
f 858/4/1 856/4/1 857/4/1
f 861/5/1 860/5/1 859/5/1
f 862/5/1 860/5/1 861/5/1
f 865/1/1 864/1/1 863/1/1
f 866/1/1 864/1/1 865/1/1
f 871/1/1 868/1/1 867/1/1
f 872/1/1 868/1/1 871/1/1
f 873/1/1 870/1/1 869/1/1
f 874/1/1 870/1/1 873/1/1
f 877/5/1 876/5/1 875/5/1
f 878/5/1 876/5/1 877/5/1
f 885/5/1 880/5/1 879/5/1
f 886/5/1 880/5/1 885/5/1
f 888/5/1 882/5/1 881/5/1
f 889/5/1 882/5/1 888/5/1
f 890/5/1 884/5/1 883/5/1
f 891/5/1 884/5/1 890/5/1
f 892/5/1 887/5/1 886/5/1
f 893/5/1 887/5/1 892/5/1
f 896/5/1 895/5/1 894/5/1
f 897/5/1 895/5/1 896/5/1
f 901/5/1 899/5/1 898/5/1
f 901/5/1 900/5/1 899/5/1
f 902/5/1 900/5/1 901/5/1
f 905/5/1 904/5/1 903/5/1
f 906/5/1 904/5/1 905/5/1
f 912/5/1 908/5/1 907/5/1
f 913/5/1 908/5/1 912/5/1
f 914/3/1 910/3/1 909/3/1
f 915/3/1 910/3/1 914/3/1
f 916/5/1 912/5/1 911/5/1
f 917/5/1 912/5/1 916/5/1
f 918/3/1 917/3/1 916/3/1
f 919/3/1 917/3/1 918/3/1
f 922/4/1 921/4/1 920/4/1
f 923/4/1 921/4/1 922/4/1
f 928/3/1 924/3/1 923/3/1
f 929/3/1 924/3/1 928/3/1
f 932/3/1 926/3/1 925/3/1
f 933/4/1 927/4/1 926/4/1
f 933/3/1 926/3/1 932/3/1
f 934/4/1 927/4/1 933/4/1
f 935/5/1 930/5/1 929/5/1
f 936/5/1 930/5/1 935/5/1
f 937/5/1 930/5/1 936/5/1
f 938/5/1 932/5/1 931/5/1
f 938/5/1 933/5/1 932/5/1
f 939/5/1 933/5/1 938/5/1
f 940/5/1 933/5/1 939/5/1
f 941/5/1 936/5/1 935/5/1
f 942/5/1 936/5/1 941/5/1
f 943/5/1 939/5/1 938/5/1
f 943/5/1 938/5/1 937/5/1
f 944/5/1 939/5/1 943/5/1
f 945/5/1 939/5/1 944/5/1
f 946/5/1 933/5/1 940/5/1
f 947/5/1 933/5/1 946/5/1
f 950/5/1 943/5/1 942/5/1
f 950/5/1 944/5/1 943/5/1
f 951/5/1 944/5/1 950/5/1
f 953/5/1 949/5/1 948/5/1
f 954/5/1 953/5/1 952/5/1
f 955/5/1 949/5/1 953/5/1
f 955/5/1 953/5/1 954/5/1
f 958/5/1 957/5/1 956/5/1
f 959/5/1 957/5/1 958/5/1
f 962/3/1 961/3/1 960/3/1
f 963/3/1 961/3/1 962/3/1
f 968/5/1 965/5/1 964/5/1
f 969/5/1 965/5/1 968/5/1
f 970/5/1 967/5/1 966/5/1
f 971/5/1 967/5/1 970/5/1
f 977/5/1 973/5/1 972/5/1
f 978/5/1 975/5/1 974/5/1
f 979/5/1 975/5/1 978/5/1
f 980/5/1 977/5/1 976/5/1
f 980/5/1 973/5/1 977/5/1
f 981/5/1 973/5/1 980/5/1
f 982/5/1 980/5/1 976/5/1
f 983/5/1 980/5/1 982/5/1
f 986/5/1 985/5/1 984/5/1
f 987/5/1 985/5/1 986/5/1
f 992/5/1 989/5/1 988/5/1
f 993/5/1 989/5/1 992/5/1
f 995/5/1 991/5/1 990/5/1
f 996/5/1 991/5/1 995/5/1
f 997/2/1 994/2/1 993/2/1
f 998/2/1 994/2/1 997/2/1
f 1001/5/1 1000/5/1 999/5/1
f 1002/5/1 1000/5/1 1001/5/1
f 1005/5/1 1004/5/1 1003/5/1
f 1006/5/1 1004/5/1 1005/5/1
f 1009/5/1 1008/5/1 1007/5/1
f 1010/5/1 1008/5/1 1009/5/1
f 1016/5/1 1014/5/1 1013/5/1
f 1016/5/1 1015/5/1 1014/5/1
f 1017/5/1 1015/5/1 1016/5/1
f 1019/5/1 1016/5/1 1013/5/1
f 1020/5/1 1016/5/1 1019/5/1
f 1021/5/1 1012/5/1 1011/5/1
f 1022/5/1 1012/5/1 1021/5/1
f 1025/5/1 1019/5/1 1018/5/1
f 1026/5/1 1019/5/1 1025/5/1
f 1027/5/1 1024/5/1 1023/5/1
f 1028/5/1 1024/5/1 1027/5/1
f 1031/1/1 1030/1/1 1029/1/1
f 1032/1/1 1030/1/1 1031/1/1
f 1039/5/1 1034/5/1 1033/5/1
f 1040/5/1 1034/5/1 1039/5/1
f 1044/3/1 1036/3/1 1035/3/1
f 1045/5/1 1037/5/1 1036/5/1
f 1045/3/1 1036/3/1 1044/3/1
f 1046/5/1 1039/5/1 1038/5/1
f 1047/5/1 1039/5/1 1046/5/1
f 1048/5/1 1042/5/1 1041/5/1
f 1049/3/1 1043/3/1 1042/3/1
f 1049/5/1 1042/5/1 1048/5/1
f 1050/3/1 1043/3/1 1049/3/1
f 1051/5/1 1037/5/1 1045/5/1
f 1052/5/1 1037/5/1 1051/5/1
f 1057/3/1 1054/3/1 1053/3/1
f 1058/3/1 1054/3/1 1057/3/1
f 1059/5/1 1056/5/1 1055/5/1
f 1060/5/1 1056/5/1 1059/5/1
f 1063/5/1 1062/5/1 1061/5/1
f 1064/5/1 1062/5/1 1063/5/1
f 1067/3/1 1066/3/1 1065/3/1
f 1068/3/1 1066/3/1 1067/3/1
f 1075/3/1 1070/3/1 1069/3/1
f 1076/3/1 1070/3/1 1075/3/1
f 1079/3/1 1072/3/1 1071/3/1
f 1080/3/1 1072/3/1 1079/3/1
f 1081/4/1 1074/4/1 1073/4/1
f 1082/4/1 1074/4/1 1081/4/1
f 1084/5/1 1078/5/1 1077/5/1
f 1085/5/1 1078/5/1 1084/5/1
f 1086/5/1 1080/5/1 1079/5/1
f 1091/5/1 1085/5/1 1084/5/1
f 1091/5/1 1084/5/1 1083/5/1
f 1091/5/1 1086/5/1 1085/5/1
f 1092/5/1 1086/5/1 1091/5/1
f 1093/5/1 1080/5/1 1086/5/1
f 1093/5/1 1086/5/1 1092/5/1
f 1094/5/1 1089/5/1 1088/5/1
f 1094/2/1 1088/2/1 1087/2/1
f 1095/5/1 1089/5/1 1094/5/1
f 1096/5/1 1089/5/1 1095/5/1
f 1097/5/1 1091/5/1 1090/5/1
f 1097/5/1 1092/5/1 1091/5/1
f 1098/5/1 1092/5/1 1097/5/1
f 1099/5/1 1080/5/1 1093/5/1
f 1100/5/1 1080/5/1 1099/5/1
f 1101/2/1 1094/2/1 1087/2/1
f 1102/2/1 1094/2/1 1101/2/1
f 1103/5/1 1096/5/1 1095/5/1
f 1103/5/1 1097/5/1 1096/5/1
f 1104/5/1 1097/5/1 1103/5/1
f 1111/3/1 1106/3/1 1105/3/1
f 1112/3/1 1106/3/1 1111/3/1
f 1113/3/1 1108/3/1 1107/3/1
f 1115/3/1 1110/3/1 1109/3/1
f 1116/3/1 1110/3/1 1115/3/1
f 1119/3/1 1114/3/1 1113/3/1
f 1119/3/1 1113/3/1 1107/3/1
f 1120/3/1 1114/3/1 1119/3/1
f 1126/5/1 1118/5/1 1117/5/1
f 1126/5/1 1119/5/1 1118/5/1
f 1127/5/1 1119/5/1 1126/5/1
f 1128/5/1 1121/5/1 1120/5/1
f 1129/5/1 1121/5/1 1128/5/1
f 1130/5/1 1125/5/1 1124/5/1
f 1131/5/1 1125/5/1 1130/5/1
f 1133/5/1 1126/5/1 1117/5/1
f 1134/5/1 1126/5/1 1133/5/1
f 1135/5/1 1133/5/1 1132/5/1
f 1136/5/1 1133/5/1 1135/5/1
f 1137/5/1 1123/5/1 1122/5/1
f 1138/5/1 1123/5/1 1137/5/1
f 1141/5/1 1140/5/1 1139/5/1
f 1142/5/1 1140/5/1 1141/5/1
f 1147/3/1 1144/3/1 1143/3/1
f 1148/3/1 1144/3/1 1147/3/1
f 1149/5/1 1146/5/1 1145/5/1
f 1150/5/1 1146/5/1 1149/5/1
f 1153/5/1 1152/5/1 1151/5/1
f 1154/5/1 1152/5/1 1153/5/1
f 1156/5/1 1155/5/1 1154/5/1
f 1157/5/1 1155/5/1 1156/5/1
f 1163/5/1 1159/5/1 1158/5/1
f 1164/5/1 1159/5/1 1163/5/1
f 1167/5/1 1161/5/1 1160/5/1
f 1168/5/1 1161/5/1 1167/5/1
f 1169/5/1 1163/5/1 1162/5/1
f 1170/5/1 1163/5/1 1169/5/1
f 1176/5/1 1172/5/1 1171/5/1
f 1177/5/1 1174/5/1 1173/5/1
f 1178/5/1 1174/5/1 1177/5/1
f 1179/2/1 1166/2/1 1165/2/1
f 1180/2/1 1166/2/1 1179/2/1
f 1181/2/1 1176/2/1 1175/2/1
f 1182/5/1 1172/5/1 1176/5/1
f 1182/2/1 1176/2/1 1181/2/1
f 1183/5/1 1172/5/1 1182/5/1
f 1186/3/1 1185/3/1 1184/3/1
f 1187/3/1 1185/3/1 1186/3/1
f 1190/4/1 1189/4/1 1188/4/1
f 1191/4/1 1189/4/1 1190/4/1
f 1198/5/1 1193/5/1 1192/5/1
f 1199/5/1 1193/5/1 1198/5/1
f 1201/5/1 1195/5/1 1194/5/1
f 1202/5/1 1195/5/1 1201/5/1
f 1204/5/1 1197/5/1 1196/5/1
f 1205/5/1 1197/5/1 1204/5/1
f 1206/5/1 1200/5/1 1199/5/1
f 1206/5/1 1201/5/1 1200/5/1
f 1207/5/1 1201/5/1 1206/5/1
f 1208/5/1 1204/5/1 1203/5/1
f 1209/5/1 1204/5/1 1208/5/1
f 1212/5/1 1211/5/1 1210/5/1
f 1213/5/1 1211/5/1 1212/5/1
f 1218/5/1 1215/5/1 1214/5/1
f 1219/5/1 1215/5/1 1218/5/1
f 1220/5/1 1217/5/1 1216/5/1
f 1221/5/1 1217/5/1 1220/5/1
f 1224/3/1 1223/3/1 1222/3/1
f 1225/3/1 1223/3/1 1224/3/1
f 1231/4/1 1228/4/1 1227/4/1
f 1231/3/1 1227/3/1 1226/3/1
f 1232/4/1 1228/4/1 1231/4/1
f 1233/3/1 1230/3/1 1229/3/1
f 1234/3/1 1230/3/1 1233/3/1
f 1235/3/1 1231/3/1 1226/3/1
f 1236/3/1 1231/3/1 1235/3/1
f 1245/5/1 1238/5/1 1237/5/1
f 1246/5/1 1238/5/1 1245/5/1
f 1247/5/1 1240/5/1 1239/5/1
f 1247/2/1 1241/2/1 1240/2/1
f 1248/2/1 1241/2/1 1247/2/1
f 1250/5/1 1243/5/1 1242/5/1
f 1251/5/1 1243/5/1 1250/5/1
f 1252/5/1 1243/5/1 1251/5/1
f 1253/5/1 1245/5/1 1244/5/1
f 1254/5/1 1245/5/1 1253/5/1
f 1256/5/1 1247/5/1 1239/5/1
f 1257/5/1 1247/5/1 1256/5/1
f 1259/5/1 1250/5/1 1249/5/1
f 1260/5/1 1250/5/1 1259/5/1
f 1261/5/1 1254/5/1 1253/5/1
f 1261/5/1 1252/5/1 1251/5/1
f 1261/5/1 1253/5/1 1252/5/1
f 1262/5/1 1254/5/1 1261/5/1
f 1263/5/1 1256/5/1 1255/5/1
f 1264/5/1 1256/5/1 1263/5/1
f 1265/5/1 1259/5/1 1258/5/1
f 1266/5/1 1259/5/1 1265/5/1
f 1267/5/1 1263/5/1 1255/5/1
f 1268/5/1 1263/5/1 1267/5/1
f 1274/5/1 1270/5/1 1269/5/1
f 1277/3/1 1272/3/1 1271/3/1
f 1278/3/1 1272/3/1 1277/3/1
f 1283/5/1 1270/5/1 1274/5/1
f 1283/5/1 1274/5/1 1273/5/1
f 1284/5/1 1270/5/1 1283/5/1
f 1287/5/1 1276/5/1 1275/5/1
f 1287/5/1 1277/5/1 1276/5/1
f 1288/5/1 1277/5/1 1287/5/1
f 1289/5/1 1277/5/1 1288/5/1
f 1290/5/1 1280/5/1 1279/5/1
f 1291/5/1 1282/5/1 1281/5/1
f 1292/5/1 1282/5/1 1291/5/1
f 1293/5/1 1283/5/1 1273/5/1
f 1294/5/1 1283/5/1 1293/5/1
f 1295/5/1 1285/5/1 1284/5/1
f 1296/5/1 1285/5/1 1295/5/1
f 1297/5/1 1287/5/1 1286/5/1
f 1301/5/1 1290/5/1 1279/5/1
f 1302/5/1 1290/5/1 1301/5/1
f 1303/5/1 1293/5/1 1292/5/1
f 1304/5/1 1293/5/1 1303/5/1
f 1305/5/1 1296/5/1 1295/5/1
f 1305/5/1 1297/5/1 1296/5/1
f 1305/5/1 1295/5/1 1294/5/1
f 1306/5/1 1287/5/1 1297/5/1
f 1306/5/1 1297/5/1 1305/5/1
f 1307/5/1 1301/5/1 1300/5/1
f 1308/5/1 1301/5/1 1307/5/1
f 1309/2/1 1299/2/1 1298/2/1
f 1310/2/1 1299/2/1 1309/2/1
f 1313/5/1 1312/5/1 1311/5/1
f 1314/5/1 1312/5/1 1313/5/1
f 1317/5/1 1316/5/1 1315/5/1
f 1318/5/1 1316/5/1 1317/5/1
f 1322/5/1 1320/5/1 1319/5/1
f 1323/5/1 1320/5/1 1322/5/1
f 1329/5/1 1322/5/1 1321/5/1
f 1330/5/1 1322/5/1 1329/5/1
f 1331/5/1 1329/5/1 1328/5/1
f 1332/5/1 1329/5/1 1331/5/1
f 1333/5/1 1325/5/1 1324/5/1
f 1334/5/1 1325/5/1 1333/5/1
f 1335/5/1 1327/5/1 1326/5/1
f 1336/5/1 1327/5/1 1335/5/1
f 1341/5/1 1338/5/1 1337/5/1
f 1342/5/1 1338/5/1 1341/5/1
f 1343/2/1 1340/2/1 1339/2/1
f 1344/2/1 1340/2/1 1343/2/1
f 1349/5/1 1346/5/1 1345/5/1
f 1350/5/1 1346/5/1 1349/5/1
f 1352/5/1 1348/5/1 1347/5/1
f 1353/5/1 1348/5/1 1352/5/1
f 1357/5/1 1352/5/1 1351/5/1
f 1357/5/1 1353/5/1 1352/5/1
f 1358/3/1 1354/3/1 1353/3/1
f 1358/5/1 1353/5/1 1357/5/1
f 1361/5/1 1356/5/1 1355/5/1
f 1362/5/1 1356/5/1 1361/5/1
f 1365/5/1 1357/5/1 1351/5/1
f 1366/5/1 1357/5/1 1365/5/1
f 1367/3/1 1354/3/1 1358/3/1
f 1368/3/1 1354/3/1 1367/3/1
f 1369/5/1 1360/5/1 1359/5/1
f 1371/5/1 1364/5/1 1363/5/1
f 1372/5/1 1364/5/1 1371/5/1
f 1374/5/1 1370/5/1 1369/5/1
f 1374/5/1 1369/5/1 1359/5/1
f 1375/5/1 1370/5/1 1374/5/1
f 1376/5/1 1370/5/1 1375/5/1
f 1377/5/1 1370/5/1 1376/5/1
f 1381/2/1 1374/2/1 1373/2/1
f 1382/2/1 1374/2/1 1381/2/1
f 1383/5/1 1376/5/1 1375/5/1
f 1384/5/1 1376/5/1 1383/5/1
f 1385/5/1 1378/5/1 1377/5/1
f 1386/5/1 1378/5/1 1385/5/1
f 1387/2/1 1380/2/1 1379/2/1
f 1389/2/1 1387/2/1 1379/2/1
f 1390/3/1 1388/3/1 1387/3/1
f 1390/2/1 1387/2/1 1389/2/1
f 1391/3/1 1388/3/1 1390/3/1
f 1399/3/1 1393/3/1 1392/3/1
f 1400/3/1 1393/3/1 1399/3/1
f 1401/3/1 1395/3/1 1394/3/1
f 1402/3/1 1395/3/1 1401/3/1
f 1403/5/1 1398/5/1 1397/5/1
f 1403/5/1 1397/5/1 1396/5/1
f 1404/5/1 1398/5/1 1403/5/1
f 1405/5/1 1398/5/1 1404/5/1
f 1409/5/1 1405/5/1 1404/5/1
f 1409/5/1 1406/5/1 1405/5/1
f 1410/5/1 1406/5/1 1409/5/1
f 1412/5/1 1408/5/1 1407/5/1
f 1413/5/1 1408/5/1 1412/5/1
f 1414/5/1 1411/5/1 1410/5/1
f 1414/5/1 1410/5/1 1409/5/1
f 1415/5/1 1411/5/1 1414/5/1
f 1422/5/1 1411/5/1 1415/5/1
f 1423/5/1 1411/5/1 1422/5/1
f 1425/5/1 1417/5/1 1416/5/1
f 1426/5/1 1417/5/1 1425/5/1
f 1428/5/1 1419/5/1 1418/5/1
f 1429/5/1 1419/5/1 1428/5/1
f 1430/2/1 1421/2/1 1420/2/1
f 1431/2/1 1421/2/1 1430/2/1
f 1432/5/1 1424/5/1 1423/5/1
f 1433/5/1 1424/5/1 1432/5/1
f 1434/5/1 1427/5/1 1426/5/1
f 1435/5/1 1427/5/1 1434/5/1
f 1440/2/1 1437/2/1 1436/2/1
f 1441/2/1 1437/2/1 1440/2/1
f 1442/5/1 1439/5/1 1438/5/1
f 1443/5/1 1439/5/1 1442/5/1
f 1453/5/1 1445/5/1 1444/5/1
f 1457/5/1 1447/5/1 1446/5/1
f 1458/5/1 1447/5/1 1457/5/1
f 1459/5/1 1451/5/1 1450/5/1
f 1460/5/1 1451/5/1 1459/5/1
f 1461/5/1 1453/5/1 1452/5/1
f 1462/5/1 1445/5/1 1453/5/1
f 1462/5/1 1453/5/1 1461/5/1
f 1463/5/1 1445/5/1 1462/5/1
f 1464/3/1 1455/3/1 1454/3/1
f 1465/3/1 1455/3/1 1464/3/1
f 1466/2/1 1457/2/1 1456/2/1
f 1467/2/1 1457/2/1 1466/2/1
f 1468/5/1 1449/5/1 1448/5/1
f 1469/5/1 1449/5/1 1468/5/1
f 1470/5/1 1462/5/1 1461/5/1
f 1470/5/1 1461/5/1 1460/5/1
f 1471/5/1 1462/5/1 1470/5/1
f 1474/2/1 1473/2/1 1472/2/1
f 1475/2/1 1473/2/1 1474/2/1
f 1480/5/1 1477/5/1 1476/5/1
f 1481/5/1 1477/5/1 1480/5/1
f 1484/2/1 1479/2/1 1478/2/1
f 1485/2/1 1479/2/1 1484/2/1
f 1487/5/1 1483/5/1 1482/5/1
f 1488/5/1 1483/5/1 1487/5/1
f 1489/5/1 1487/5/1 1486/5/1
f 1490/5/1 1487/5/1 1489/5/1
f 1491/5/1 1487/5/1 1490/5/1
f 1492/5/1 1490/5/1 1489/5/1
f 1493/5/1 1490/5/1 1492/5/1
f 1496/2/1 1495/2/1 1494/2/1
f 1497/2/1 1495/2/1 1496/2/1
f 1503/5/1 1499/5/1 1498/5/1
f 1504/5/1 1499/5/1 1503/5/1
f 1505/3/1 1501/3/1 1500/3/1
f 1506/3/1 1501/3/1 1505/3/1
f 1512/5/1 1503/5/1 1502/5/1
f 1513/5/1 1503/5/1 1512/5/1
f 1516/5/1 1508/5/1 1507/5/1
f 1517/5/1 1508/5/1 1516/5/1
f 1518/5/1 1510/5/1 1509/5/1
f 1519/5/1 1510/5/1 1518/5/1
f 1520/5/1 1512/5/1 1511/5/1
f 1521/5/1 1512/5/1 1520/5/1
f 1522/2/1 1515/2/1 1514/2/1
f 1523/2/1 1515/2/1 1522/2/1
f 1526/3/1 1525/3/1 1524/3/1
f 1527/3/1 1525/3/1 1526/3/1
f 1531/5/1 1529/5/1 1528/5/1
f 1532/5/1 1529/5/1 1531/5/1
f 1533/5/1 1531/5/1 1530/5/1
f 1534/5/1 1531/5/1 1533/5/1
f 1537/5/1 1536/5/1 1535/5/1
f 1538/5/1 1536/5/1 1537/5/1
f 1545/5/1 1540/5/1 1539/5/1
f 1546/5/1 1540/5/1 1545/5/1
f 1547/2/1 1542/2/1 1541/2/1
f 1548/2/1 1542/2/1 1547/2/1
f 1549/5/1 1544/5/1 1543/5/1
f 1550/5/1 1544/5/1 1549/5/1
f 1553/2/1 1552/2/1 1551/2/1
f 1554/2/1 1552/2/1 1553/2/1
f 1558/5/1 1556/5/1 1555/5/1
f 1559/5/1 1556/5/1 1558/5/1
f 1561/5/1 1558/5/1 1557/5/1
f 1561/5/1 1560/5/1 1559/5/1
f 1561/5/1 1559/5/1 1558/5/1
f 1562/5/1 1560/5/1 1561/5/1
f 1563/5/1 1560/5/1 1562/5/1
f 1566/5/1 1565/5/1 1564/5/1
f 1567/5/1 1565/5/1 1566/5/1
f 1572/5/1 1569/5/1 1568/5/1
f 1573/5/1 1569/5/1 1572/5/1
f 1575/5/1 1571/5/1 1570/5/1
f 1576/5/1 1571/5/1 1575/5/1
f 1577/5/1 1575/5/1 1574/5/1
f 1578/5/1 1575/5/1 1577/5/1
f 1581/5/1 1580/5/1 1579/5/1
f 1582/5/1 1580/5/1 1581/5/1
f 1585/5/1 1584/5/1 1583/5/1
f 1586/5/1 1584/5/1 1585/5/1
f 1589/5/1 1588/5/1 1587/5/1
f 1590/5/1 1589/5/1 1587/5/1
f 1591/5/1 1589/5/1 1590/5/1
f 1594/5/1 1593/5/1 1592/5/1
f 1595/5/1 1593/5/1 1594/5/1
f 1598/5/1 1597/5/1 1596/5/1
f 1599/5/1 1597/5/1 1598/5/1
f 1602/5/1 1601/5/1 1600/5/1
f 1603/5/1 1601/5/1 1602/5/1
f 1604/3/2 1605/3/2 1608/3/2
f 1608/3/2 1605/3/2 1609/3/2
f 1606/3/2 1607/3/2 1610/3/2
f 1610/3/2 1607/3/2 1611/3/2
f 1612/1/2 1613/1/2 1614/1/2
f 1614/1/2 1613/1/2 1615/1/2
f 1616/2/2 1617/2/2 1618/2/2
f 1618/2/2 1617/2/2 1619/2/2
f 1620/1/2 1621/1/2 1624/1/2
f 1621/3/2 1622/3/2 1625/3/2
f 1624/1/2 1621/1/2 1625/1/2
f 1622/1/2 1623/1/2 1626/1/2
f 1625/3/2 1622/3/2 1626/3/2
f 1626/1/2 1623/1/2 1627/1/2
f 1628/3/2 1629/3/2 1632/3/2
f 1632/3/2 1629/3/2 1633/3/2
f 1630/3/2 1631/3/2 1634/3/2
f 1634/3/2 1631/3/2 1635/3/2
f 1636/1/2 1637/1/2 1638/1/2
f 1638/1/2 1637/1/2 1639/1/2
f 1640/3/2 1641/3/2 1644/3/2
f 1644/3/2 1641/3/2 1645/3/2
f 1642/3/2 1643/3/2 1646/3/2
f 1646/3/2 1643/3/2 1647/3/2
f 1648/3/2 1649/3/2 1652/3/2
f 1652/3/2 1649/3/2 1653/3/2
f 1650/3/2 1651/3/2 1654/3/2
f 1654/3/2 1651/3/2 1655/3/2
f 1656/1/2 1657/1/2 1660/1/2
f 1657/3/2 1658/3/2 1661/3/2
f 1660/1/2 1657/1/2 1661/1/2
f 1658/1/2 1659/1/2 1662/1/2
f 1661/3/2 1658/3/2 1662/3/2
f 1662/1/2 1659/1/2 1663/1/2
f 1664/3/2 1665/3/2 1668/3/2
f 1668/3/2 1665/3/2 1669/3/2
f 1666/3/2 1667/3/2 1670/3/2
f 1670/3/2 1667/3/2 1671/3/2
f 1672/3/2 1673/3/2 1676/3/2
f 1676/3/2 1673/3/2 1677/3/2
f 1674/3/2 1675/3/2 1678/3/2
f 1678/3/2 1675/3/2 1679/3/2
f 1680/3/2 1681/3/2 1684/3/2
f 1684/3/2 1681/3/2 1685/3/2
f 1682/3/2 1683/3/2 1686/3/2
f 1686/3/2 1683/3/2 1687/3/2
f 1688/3/2 1689/3/2 1692/3/2
f 1692/3/2 1689/3/2 1693/3/2
f 1690/3/2 1691/3/2 1694/3/2
f 1694/3/2 1691/3/2 1695/3/2
f 1696/3/2 1697/3/2 1700/3/2
f 1700/3/2 1697/3/2 1701/3/2
f 1698/3/2 1699/3/2 1702/3/2
f 1702/3/2 1699/3/2 1703/3/2
f 1704/3/2 1705/3/2 1708/3/2
f 1708/3/2 1705/3/2 1709/3/2
f 1706/3/2 1707/3/2 1710/3/2
f 1710/3/2 1707/3/2 1711/3/2
f 1712/3/2 1713/3/2 1716/3/2
f 1716/3/2 1713/3/2 1717/3/2
f 1714/3/2 1715/3/2 1718/3/2
f 1718/3/2 1715/3/2 1719/3/2
f 1720/3/2 1721/3/2 1724/3/2
f 1724/3/2 1721/3/2 1725/3/2
f 1722/3/2 1723/3/2 1726/3/2
f 1726/3/2 1723/3/2 1727/3/2
f 1728/3/2 1729/3/2 1732/3/2
f 1732/3/2 1729/3/2 1733/3/2
f 1730/3/2 1731/3/2 1734/3/2
f 1734/3/2 1731/3/2 1735/3/2
f 1736/3/2 1737/3/2 1740/3/2
f 1740/3/2 1737/3/2 1741/3/2
f 1738/3/2 1739/3/2 1742/3/2
f 1742/3/2 1739/3/2 1743/3/2
f 1744/3/2 1745/3/2 1746/3/2
f 1746/3/2 1745/3/2 1747/3/2
f 1748/3/2 1749/3/2 1750/3/2
f 1750/3/2 1749/3/2 1751/3/2
f 1752/3/2 1753/3/2 1756/3/2
f 1756/3/2 1753/3/2 1757/3/2
f 1754/3/2 1755/3/2 1758/3/2
f 1758/3/2 1755/3/2 1759/3/2
f 1760/3/2 1761/3/2 1764/3/2
f 1764/3/2 1761/3/2 1765/3/2
f 1762/3/2 1763/3/2 1766/3/2
f 1766/3/2 1763/3/2 1767/3/2
f 1768/3/2 1769/3/2 1772/3/2
f 1772/3/2 1769/3/2 1773/3/2
f 1770/3/2 1771/3/2 1774/3/2
f 1774/3/2 1771/3/2 1775/3/2
f 1776/2/2 1777/2/2 1778/2/2
f 1778/2/2 1777/2/2 1779/2/2
f 1779/2/2 1777/2/2 1780/2/2
f 1780/2/2 1777/2/2 1781/2/2
f 1782/2/2 1783/2/2 1786/2/2
f 1784/2/2 1785/2/2 1786/2/2
f 1783/2/2 1784/2/2 1786/2/2
f 1786/2/2 1785/2/2 1787/2/2
f 1787/2/2 1785/2/2 1788/2/2
f 1788/2/2 1785/2/2 1789/2/2
f 1790/3/2 1791/3/2 1794/3/2
f 1794/3/2 1791/3/2 1795/3/2
f 1792/3/2 1793/3/2 1796/3/2
f 1796/3/2 1793/3/2 1797/3/2
f 1798/3/2 1799/3/2 1802/3/2
f 1802/3/2 1799/3/2 1803/3/2
f 1800/3/2 1801/3/2 1804/3/2
f 1804/3/2 1801/3/2 1805/3/2
f 1806/3/2 1807/3/2 1810/3/2
f 1810/3/2 1807/3/2 1811/3/2
f 1808/3/2 1809/3/2 1812/3/2
f 1812/3/2 1809/3/2 1813/3/2
f 1814/4/2 1815/4/2 1818/4/2
f 1815/3/2 1816/3/2 1818/3/2
f 1818/3/2 1816/3/2 1819/3/2
f 1819/3/2 1816/3/2 1820/3/2
f 1816/4/2 1817/4/2 1821/4/2
f 1820/3/2 1816/3/2 1821/3/2
f 1814/4/2 1818/4/2 1822/4/2
f 1818/4/2 1819/4/2 1822/4/2
f 1819/3/2 1820/3/2 1823/3/2
f 1822/4/2 1819/4/2 1823/4/2
f 1820/4/2 1821/4/2 1824/4/2
f 1823/3/2 1820/3/2 1824/3/2
f 1821/4/2 1817/4/2 1825/4/2
f 1824/4/2 1821/4/2 1825/4/2
f 1826/4/2 1827/4/2 1830/4/2
f 1827/3/2 1828/3/2 1831/3/2
f 1830/4/2 1827/4/2 1831/4/2
f 1831/3/2 1828/3/2 1832/3/2
f 1832/3/2 1828/3/2 1833/3/2
f 1828/4/2 1829/4/2 1834/4/2
f 1833/3/2 1828/3/2 1834/3/2
f 1834/4/2 1829/4/2 1835/4/2
f 1836/2/2 1837/2/2 1840/2/2
f 1838/2/2 1839/2/2 1840/2/2
f 1837/2/2 1838/2/2 1840/2/2
f 1840/2/2 1839/2/2 1841/2/2
f 1842/3/2 1843/3/2 1846/3/2
f 1846/3/2 1843/3/2 1847/3/2
f 1844/3/2 1845/3/2 1848/3/2
f 1848/3/2 1845/3/2 1849/3/2
f 1850/3/2 1851/3/2 1854/3/2
f 1854/3/2 1851/3/2 1855/3/2
f 1852/3/2 1853/3/2 1856/3/2
f 1856/3/2 1853/3/2 1857/3/2
f 1858/4/2 1859/4/2 1862/4/2
f 1859/3/2 1860/3/2 1863/3/2
f 1862/4/2 1859/4/2 1863/4/2
f 1860/4/2 1861/4/2 1864/4/2
f 1863/3/2 1860/3/2 1864/3/2
f 1864/4/2 1861/4/2 1865/4/2
f 1858/4/2 1862/4/2 1866/4/2
f 1862/3/2 1863/3/2 1867/3/2
f 1866/4/2 1862/4/2 1867/4/2
f 1863/3/2 1864/3/2 1867/3/2
f 1864/3/2 1865/3/2 1867/3/2
f 1865/4/2 1861/4/2 1868/4/2
f 1867/3/2 1865/3/2 1868/3/2
f 1868/4/2 1861/4/2 1869/4/2
f 1870/4/2 1871/4/2 1876/4/2
f 1871/3/2 1872/3/2 1877/3/2
f 1876/4/2 1871/4/2 1877/4/2
f 1872/3/2 1873/3/2 1877/3/2
f 1873/3/2 1874/3/2 1877/3/2
f 1877/3/2 1874/3/2 1878/3/2
f 1878/3/2 1874/3/2 1879/3/2
f 1874/4/2 1875/4/2 1880/4/2
f 1879/3/2 1874/3/2 1880/3/2
f 1880/4/2 1875/4/2 1881/4/2
f 1882/3/2 1883/3/2 1886/3/2
f 1886/3/2 1883/3/2 1887/3/2
f 1884/3/2 1885/3/2 1888/3/2
f 1888/3/2 1885/3/2 1889/3/2
f 1890/1/2 1891/1/2 1894/1/2
f 1891/3/2 1892/3/2 1895/3/2
f 1894/1/2 1891/1/2 1895/1/2
f 1892/1/2 1893/1/2 1896/1/2
f 1895/3/2 1892/3/2 1896/3/2
f 1896/1/2 1893/1/2 1897/1/2
f 1898/4/2 1899/4/2 1902/4/2
f 1899/3/2 1900/3/2 1903/3/2
f 1902/4/2 1899/4/2 1903/4/2
f 1900/4/2 1901/4/2 1904/4/2
f 1903/3/2 1900/3/2 1904/3/2
f 1904/4/2 1901/4/2 1905/4/2
f 1906/3/2 1907/3/2 1911/3/2
f 1907/3/2 1908/3/2 1911/3/2
f 1908/3/2 1909/3/2 1911/3/2
f 1909/4/2 1910/4/2 1912/4/2
f 1911/3/2 1909/3/2 1912/3/2
f 1912/4/2 1910/4/2 1913/4/2
f 1914/3/2 1915/3/2 1918/3/2
f 1918/3/2 1915/3/2 1919/3/2
f 1916/3/2 1917/3/2 1920/3/2
f 1920/3/2 1917/3/2 1921/3/2
f 1922/4/2 1923/4/2 1926/4/2
f 1926/4/2 1923/4/2 1927/4/2
f 1923/3/2 1924/3/2 1928/3/2
f 1927/4/2 1923/4/2 1928/4/2
f 1924/4/2 1925/4/2 1929/4/2
f 1928/3/2 1924/3/2 1929/3/2
f 1929/4/2 1925/4/2 1930/4/2
f 1930/4/2 1925/4/2 1931/4/2
f 1932/3/2 1933/3/2 1936/3/2
f 1936/3/2 1933/3/2 1937/3/2
f 1934/3/2 1935/3/2 1938/3/2
f 1938/3/2 1935/3/2 1939/3/2
f 1940/3/2 1941/3/2 1944/3/2
f 1944/3/2 1941/3/2 1945/3/2
f 1942/3/2 1943/3/2 1946/3/2
f 1946/3/2 1943/3/2 1947/3/2
f 1948/3/2 1949/3/2 1950/3/2
f 1948/3/2 1950/3/2 1953/3/2
f 1953/3/2 1950/3/2 1954/3/2
f 1951/3/2 1952/3/2 1955/3/2
f 1955/3/2 1952/3/2 1956/3/2
f 1957/3/2 1958/3/2 1961/3/2
f 1961/3/2 1958/3/2 1962/3/2
f 1959/3/2 1960/3/2 1963/3/2
f 1963/3/2 1960/3/2 1964/3/2
f 1965/4/2 1966/4/2 1969/4/2
f 1969/4/2 1966/4/2 1970/4/2
f 1966/3/2 1967/3/2 1971/3/2
f 1970/4/2 1966/4/2 1971/4/2
f 1967/4/2 1968/4/2 1972/4/2
f 1971/3/2 1967/3/2 1972/3/2
f 1972/4/2 1968/4/2 1973/4/2
f 1974/3/2 1975/3/2 1979/3/2
f 1975/3/2 1976/3/2 1979/3/2
f 1976/3/2 1977/3/2 1979/3/2
f 1977/4/2 1978/4/2 1980/4/2
f 1979/3/2 1977/3/2 1980/3/2
f 1980/4/2 1978/4/2 1981/4/2
f 1982/3/2 1983/3/2 1986/3/2
f 1986/3/2 1983/3/2 1987/3/2
f 1984/3/2 1985/3/2 1988/3/2
f 1988/3/2 1985/3/2 1989/3/2
f 1990/4/2 1991/4/2 1994/4/2
f 1994/4/2 1991/4/2 1995/4/2
f 1991/3/2 1992/3/2 1996/3/2
f 1995/4/2 1991/4/2 1996/4/2
f 1992/4/2 1993/4/2 1997/4/2
f 1996/3/2 1992/3/2 1997/3/2
f 1997/4/2 1993/4/2 1998/4/2
f 1998/4/2 1993/4/2 1999/4/2
f 2000/3/2 2001/3/2 2004/3/2
f 2004/3/2 2001/3/2 2005/3/2
f 2002/3/2 2003/3/2 2006/3/2
f 2006/3/2 2003/3/2 2007/3/2
f 2008/3/2 2009/3/2 2014/3/2
f 2009/4/2 2010/4/2 2015/4/2
f 2014/3/2 2009/3/2 2015/3/2
f 2015/4/2 2010/4/2 2016/4/2
f 2016/4/2 2010/4/2 2017/4/2
f 2011/4/2 2012/4/2 2018/4/2
f 2012/3/2 2013/3/2 2019/3/2
f 2018/4/2 2012/4/2 2019/4/2
f 2019/3/2 2013/3/2 2020/3/2
f 2021/4/2 2022/4/2 2025/4/2
f 2022/3/2 2023/3/2 2026/3/2
f 2025/4/2 2022/4/2 2026/4/2
f 2023/4/2 2024/4/2 2027/4/2
f 2026/3/2 2023/3/2 2027/3/2
f 2027/4/2 2024/4/2 2028/4/2
f 2025/3/2 2026/3/2 2029/3/2
f 2029/3/2 2026/3/2 2030/3/2
f 2027/3/2 2028/3/2 2031/3/2
f 2031/3/2 2028/3/2 2032/3/2
f 2033/3/2 2034/3/2 2038/3/2
f 2034/4/2 2035/4/2 2039/4/2
f 2038/3/2 2034/3/2 2039/3/2
f 2039/4/2 2035/4/2 2040/4/2
f 2036/4/2 2037/4/2 2041/4/2
f 2037/3/2 2038/3/2 2042/3/2
f 2041/4/2 2037/4/2 2042/4/2
f 2038/3/2 2039/3/2 2042/3/2
f 2039/3/2 2040/3/2 2042/3/2
f 2040/4/2 2035/4/2 2043/4/2
f 2042/3/2 2040/3/2 2043/3/2
f 2043/4/2 2035/4/2 2044/4/2
f 2045/3/2 2046/3/2 2049/3/2
f 2047/3/2 2048/3/2 2050/3/2
f 2045/3/2 2049/3/2 2051/3/2
f 2049/3/2 2050/3/2 2051/3/2
f 2050/3/2 2048/3/2 2052/3/2
f 2051/3/2 2050/3/2 2052/3/2
f 2053/3/2 2054/3/2 2057/3/2
f 2057/3/2 2054/3/2 2058/3/2
f 2055/3/2 2056/3/2 2059/3/2
f 2059/3/2 2056/3/2 2060/3/2
f 2061/4/2 2062/4/2 2063/4/2
f 2063/4/2 2062/4/2 2064/4/2
f 2065/3/2 2066/3/2 2069/3/2
f 2069/3/2 2066/3/2 2070/3/2
f 2067/3/2 2068/3/2 2071/3/2
f 2071/3/2 2068/3/2 2072/3/2
f 2073/3/2 2074/3/2 2075/3/2
f 2075/3/2 2074/3/2 2076/3/2
f 2077/4/2 2078/4/2 2083/4/2
f 2078/3/2 2079/3/2 2084/3/2
f 2083/4/2 2078/4/2 2084/4/2
f 2084/3/2 2079/3/2 2085/3/2
f 2085/3/2 2079/3/2 2086/3/2
f 2080/3/2 2081/3/2 2087/3/2
f 2081/4/2 2082/4/2 2088/4/2
f 2087/3/2 2081/3/2 2088/3/2
f 2088/4/2 2082/4/2 2089/4/2
f 2086/3/2 2087/3/2 2090/3/2
f 2085/3/2 2086/3/2 2090/3/2
f 2090/3/2 2087/3/2 2091/3/2
f 2085/3/2 2090/3/2 2094/3/2
f 2094/3/2 2090/3/2 2095/3/2
f 2092/3/2 2093/3/2 2098/3/2
f 2098/3/2 2093/3/2 2099/3/2
f 2096/3/2 2097/3/2 2100/3/2
f 2100/3/2 2097/3/2 2101/3/2
f 2102/3/2 2103/3/2 2104/3/2
f 2104/3/2 2103/3/2 2105/3/2
f 2106/4/2 2107/4/2 2112/4/2
f 2107/3/2 2108/3/2 2113/3/2
f 2112/4/2 2107/4/2 2113/4/2
f 2109/3/2 2110/3/2 2115/3/2
f 2110/4/2 2111/4/2 2116/4/2
f 2115/3/2 2110/3/2 2116/3/2
f 2116/4/2 2111/4/2 2117/4/2
f 2106/4/2 2112/4/2 2118/4/2
f 2112/3/2 2113/3/2 2119/3/2
f 2118/4/2 2112/4/2 2119/4/2
f 2113/3/2 2108/3/2 2120/3/2
f 2119/3/2 2113/3/2 2120/3/2
f 2114/3/2 2115/3/2 2121/3/2
f 2115/3/2 2116/3/2 2121/3/2
f 2116/3/2 2117/3/2 2121/3/2
f 2117/4/2 2111/4/2 2122/4/2
f 2121/3/2 2117/3/2 2122/3/2
f 2122/4/2 2111/4/2 2123/4/2
f 2120/5/2 2121/5/2 2124/5/2
f 2124/5/2 2121/5/2 2125/5/2
f 2126/3/2 2127/3/2 2128/3/2
f 2128/3/2 2127/3/2 2129/3/2
f 2130/3/2 2131/3/2 2132/3/2
f 2132/3/2 2131/3/2 2133/3/2
f 2134/3/2 2135/3/2 2136/3/2
f 2136/3/2 2135/3/2 2137/3/2
f 2138/1/2 2139/1/2 2140/1/2
f 2140/1/2 2139/1/2 2141/1/2
f 2142/3/2 2143/3/2 2144/3/2
f 2144/3/2 2143/3/2 2145/3/2
f 2146/1/2 2147/1/2 2148/1/2
f 2148/1/2 2147/1/2 2149/1/2
f 2149/1/2 2147/1/2 2150/1/2
f 2151/3/2 2152/3/2 2153/3/2
f 2153/3/2 2152/3/2 2154/3/2
f 2155/1/2 2156/1/2 2157/1/2
f 2157/1/2 2156/1/2 2158/1/2
f 2158/5/2 2159/5/2 2162/5/2
f 2162/5/2 2159/5/2 2163/5/2
f 2160/1/2 2161/1/2 2166/1/2
f 2166/1/2 2161/1/2 2167/1/2
f 2164/5/2 2165/5/2 2168/5/2
f 2168/5/2 2165/5/2 2169/5/2
f 2170/1/2 2171/1/2 2175/1/2
f 2171/1/2 2172/1/2 2175/1/2
f 2172/3/2 2173/3/2 2176/3/2
f 2175/1/2 2172/1/2 2176/1/2
f 2173/1/2 2174/1/2 2177/1/2
f 2176/3/2 2173/3/2 2177/3/2
f 2177/1/2 2174/1/2 2178/1/2
f 2179/4/2 2180/4/2 2183/4/2
f 2181/3/2 2182/3/2 2185/3/2
f 2185/3/2 2182/3/2 2186/3/2
f 2179/4/2 2183/4/2 2187/4/2
f 2183/5/2 2184/5/2 2188/5/2
f 2187/4/2 2183/4/2 2188/4/2
f 2188/5/2 2184/5/2 2189/5/2
f 2185/5/2 2186/5/2 2190/5/2
f 2190/5/2 2186/5/2 2191/5/2
f 2187/3/2 2188/3/2 2192/3/2
f 2187/3/2 2192/3/2 2194/3/2
f 2192/5/2 2193/5/2 2195/5/2
f 2194/3/2 2192/3/2 2195/3/2
f 2195/5/2 2193/5/2 2198/5/2
f 2195/5/2 2198/5/2 2200/5/2
f 2198/5/2 2199/5/2 2200/5/2
f 2200/5/2 2199/5/2 2201/5/2
f 2196/3/2 2197/3/2 2202/3/2
f 2202/3/2 2197/3/2 2203/3/2
f 2195/5/2 2200/5/2 2204/5/2
f 2204/5/2 2200/5/2 2205/5/2
f 2202/1/2 2203/1/2 2206/1/2
f 2206/1/2 2203/1/2 2207/1/2
f 2208/4/2 2209/4/2 2214/4/2
f 2209/3/2 2210/3/2 2215/3/2
f 2214/4/2 2209/4/2 2215/4/2
f 2212/4/2 2213/4/2 2216/4/2
f 2211/3/2 2212/3/2 2216/3/2
f 2216/4/2 2213/4/2 2217/4/2
f 2215/3/2 2210/3/2 2219/3/2
f 2219/3/2 2210/3/2 2220/3/2
f 2220/3/2 2210/3/2 2221/3/2
f 2216/3/2 2217/3/2 2222/3/2
f 2211/3/2 2216/3/2 2222/3/2
f 2222/3/2 2217/3/2 2223/3/2
f 2223/3/2 2217/3/2 2224/3/2
f 2217/4/2 2213/4/2 2225/4/2
f 2224/3/2 2217/3/2 2225/3/2
f 2225/4/2 2213/4/2 2226/4/2
f 2218/5/2 2219/5/2 2227/5/2
f 2227/5/2 2219/5/2 2228/5/2
f 2220/5/2 2221/5/2 2229/5/2
f 2229/5/2 2221/5/2 2230/5/2
f 2223/5/2 2224/5/2 2231/5/2
f 2231/5/2 2224/5/2 2232/5/2
f 2225/3/2 2226/3/2 2235/3/2
f 2235/3/2 2226/3/2 2236/3/2
f 2233/5/2 2234/5/2 2237/5/2
f 2237/5/2 2234/5/2 2238/5/2
f 2239/3/2 2240/3/2 2241/3/2
f 2241/3/2 2240/3/2 2242/3/2
f 2243/2/2 2244/2/2 2245/2/2
f 2245/2/2 2244/2/2 2246/2/2
f 2247/2/2 2248/2/2 2249/2/2
f 2249/2/2 2248/2/2 2250/2/2
f 2251/3/2 2252/3/2 2255/3/2
f 2255/3/2 2252/3/2 2256/3/2
f 2253/3/2 2254/3/2 2257/3/2
f 2257/3/2 2254/3/2 2258/3/2
f 2259/3/2 2260/3/2 2263/3/2
f 2263/3/2 2260/3/2 2264/3/2
f 2261/1/2 2262/1/2 2265/1/2
f 2265/1/2 2262/1/2 2266/1/2
f 2267/5/2 2268/5/2 2271/5/2
f 2271/5/2 2268/5/2 2272/5/2
f 2269/3/2 2270/3/2 2273/3/2
f 2273/3/2 2270/3/2 2274/3/2
f 2275/5/2 2276/5/2 2277/5/2
f 2277/5/2 2276/5/2 2278/5/2
f 2279/3/2 2280/3/2 2283/3/2
f 2283/3/2 2280/3/2 2284/3/2
f 2281/3/2 2282/3/2 2285/3/2
f 2285/3/2 2282/3/2 2286/3/2
f 2287/3/2 2288/3/2 2292/3/2
f 2292/3/2 2288/3/2 2293/3/2
f 2289/4/2 2290/4/2 2296/4/2
f 2296/4/2 2290/4/2 2297/4/2
f 2294/5/2 2295/5/2 2298/5/2
f 2298/5/2 2295/5/2 2299/5/2
f 2291/4/2 2292/4/2 2300/4/2
f 2300/4/2 2292/4/2 2301/4/2
f 2302/3/2 2303/3/2 2304/3/2
f 2304/3/2 2303/3/2 2305/3/2
f 2308/1/2 2309/1/2 2310/1/2
f 2310/1/2 2309/1/2 2311/1/2
f 2306/1/2 2307/1/2 2312/1/2
f 2312/1/2 2307/1/2 2313/1/2
f 2314/1/2 2315/1/2 2319/1/2
f 2315/1/2 2316/1/2 2319/1/2
f 2319/1/2 2316/1/2 2320/1/2
f 2317/1/2 2318/1/2 2321/1/2
f 2321/1/2 2318/1/2 2322/1/2
f 2323/3/2 2324/3/2 2325/3/2
f 2325/3/2 2324/3/2 2326/3/2
f 2329/3/2 2330/3/2 2331/3/2
f 2331/3/2 2330/3/2 2332/3/2
f 2327/5/2 2328/5/2 2333/5/2
f 2333/5/2 2328/5/2 2334/5/2
f 2335/5/2 2336/5/2 2339/5/2
f 2339/5/2 2336/5/2 2340/5/2
f 2337/3/2 2338/3/2 2342/3/2
f 2342/3/2 2338/3/2 2343/3/2
f 2340/3/2 2341/3/2 2344/3/2
f 2344/3/2 2341/3/2 2345/3/2
f 2344/1/2 2345/1/2 2346/1/2
f 2346/1/2 2345/1/2 2350/1/2
f 2350/1/2 2345/1/2 2351/1/2
f 2349/5/2 2350/5/2 2352/5/2
f 2349/5/2 2352/5/2 2354/5/2
f 2352/1/2 2353/1/2 2355/1/2
f 2354/5/2 2352/5/2 2355/5/2
f 2355/1/2 2353/1/2 2356/1/2
f 2347/5/2 2348/5/2 2358/5/2
f 2358/5/2 2348/5/2 2359/5/2
f 2357/1/2 2358/1/2 2363/1/2
f 2363/1/2 2358/1/2 2364/1/2
f 2360/3/2 2361/3/2 2368/3/2
f 2361/1/2 2362/1/2 2369/1/2
f 2368/3/2 2361/3/2 2369/3/2
f 2365/1/2 2366/1/2 2370/1/2
f 2370/1/2 2366/1/2 2371/1/2
f 2367/1/2 2368/1/2 2372/1/2
f 2368/1/2 2369/1/2 2372/1/2
f 2369/1/2 2362/1/2 2373/1/2
f 2372/1/2 2369/1/2 2373/1/2
f 2374/3/2 2375/3/2 2380/3/2
f 2380/3/2 2375/3/2 2381/3/2
f 2381/3/2 2375/3/2 2382/3/2
f 2382/3/2 2375/3/2 2383/3/2
f 2376/3/2 2377/3/2 2384/3/2
f 2384/3/2 2377/3/2 2385/3/2
f 2378/3/2 2379/3/2 2387/3/2
f 2387/3/2 2379/3/2 2388/3/2
f 2380/5/2 2381/5/2 2390/5/2
f 2390/5/2 2381/5/2 2391/5/2
f 2382/5/2 2383/5/2 2392/5/2
f 2383/5/2 2384/5/2 2392/5/2
f 2392/5/2 2384/5/2 2393/5/2
f 2385/5/2 2386/5/2 2394/5/2
f 2387/5/2 2388/5/2 2395/5/2
f 2388/3/2 2389/3/2 2396/3/2
f 2395/5/2 2388/5/2 2396/5/2
f 2396/3/2 2389/3/2 2397/3/2
f 2385/5/2 2394/5/2 2398/5/2
f 2398/5/2 2394/5/2 2399/5/2
f 2400/5/2 2401/5/2 2404/5/2
f 2404/5/2 2401/5/2 2405/5/2
f 2406/5/2 2407/5/2 2408/5/2
f 2408/5/2 2407/5/2 2409/5/2
f 2402/5/2 2403/5/2 2410/5/2
f 2410/5/2 2403/5/2 2411/5/2
f 2410/2/2 2411/2/2 2415/2/2
f 2411/5/2 2412/5/2 2416/5/2
f 2415/2/2 2411/2/2 2416/2/2
f 2416/5/2 2412/5/2 2417/5/2
f 2413/2/2 2414/2/2 2418/2/2
f 2418/2/2 2414/2/2 2419/2/2
f 2420/2/2 2421/2/2 2422/2/2
f 2422/2/2 2421/2/2 2423/2/2
f 2424/2/2 2425/2/2 2428/2/2
f 2428/2/2 2425/2/2 2429/2/2
f 2426/2/2 2427/2/2 2432/2/2
f 2432/2/2 2427/2/2 2433/2/2
f 2430/2/2 2431/2/2 2434/2/2
f 2434/2/2 2431/2/2 2435/2/2
f 2436/2/2 2437/2/2 2438/2/2
f 2438/2/2 2437/2/2 2439/2/2
f 2440/2/2 2441/2/2 2442/2/2
f 2442/2/2 2441/2/2 2443/2/2
f 2444/2/2 2445/2/2 2448/2/2
f 2448/2/2 2445/2/2 2449/2/2
f 2446/2/2 2447/2/2 2450/2/2
f 2450/2/2 2447/2/2 2451/2/2
f 2452/2/2 2453/2/2 2454/2/2
f 2454/2/2 2453/2/2 2455/2/2
f 2456/2/2 2457/2/2 2458/2/2
f 2458/2/2 2457/2/2 2459/2/2
f 2460/2/2 2461/2/2 2464/2/2
f 2464/2/2 2461/2/2 2465/2/2
f 2462/2/2 2463/2/2 2468/2/2
f 2468/2/2 2463/2/2 2469/2/2
f 2466/2/2 2467/2/2 2470/2/2
f 2470/2/2 2467/2/2 2471/2/2
f 2472/3/2 2473/3/2 2474/3/2
f 2474/3/2 2473/3/2 2475/3/2
f 2476/5/2 2477/5/2 2478/5/2
f 2478/5/2 2477/5/2 2479/5/2
f 2480/5/2 2481/5/2 2482/5/2
f 2482/5/2 2481/5/2 2483/5/2
f 2484/1/2 2485/1/2 2488/1/2
f 2488/1/2 2485/1/2 2489/1/2
f 2486/5/2 2487/5/2 2490/5/2
f 2490/5/2 2487/5/2 2491/5/2
f 2492/2/2 2493/2/2 2494/2/2
f 2494/2/2 2493/2/2 2495/2/2
f 2496/3/2 2497/3/2 2502/3/2
f 2502/3/2 2497/3/2 2503/3/2
f 2499/5/2 2500/5/2 2509/5/2
f 2498/5/2 2499/5/2 2509/5/2
f 2509/5/2 2500/5/2 2510/5/2
f 2501/5/2 2502/5/2 2511/5/2
f 2502/5/2 2503/5/2 2511/5/2
f 2511/5/2 2503/5/2 2512/5/2
f 2504/5/2 2505/5/2 2513/5/2
f 2513/5/2 2505/5/2 2514/5/2
f 2506/5/2 2507/5/2 2515/5/2
f 2515/5/2 2507/5/2 2516/5/2
f 2508/5/2 2509/5/2 2518/5/2
f 2518/5/2 2509/5/2 2519/5/2
f 2517/3/2 2518/3/2 2522/3/2
f 2522/3/2 2518/3/2 2523/3/2
f 2520/5/2 2521/5/2 2524/5/2
f 2524/5/2 2521/5/2 2525/5/2
f 2526/3/2 2527/3/2 2530/3/2
f 2530/3/2 2527/3/2 2531/3/2
f 2528/5/2 2529/5/2 2532/5/2
f 2532/5/2 2529/5/2 2533/5/2
f 2533/5/2 2534/5/2 2535/5/2
f 2535/5/2 2534/5/2 2536/5/2
f 2537/5/2 2538/5/2 2539/5/2
f 2539/5/2 2538/5/2 2540/5/2
f 2541/1/2 2542/1/2 2547/1/2
f 2547/1/2 2542/1/2 2548/1/2
f 2543/1/2 2544/1/2 2549/1/2
f 2549/1/2 2544/1/2 2550/1/2
f 2545/1/2 2546/1/2 2551/1/2
f 2551/1/2 2546/1/2 2552/1/2
f 2553/3/2 2554/3/2 2557/3/2
f 2557/3/2 2554/3/2 2558/3/2
f 2555/3/2 2556/3/2 2559/3/2
f 2559/3/2 2556/3/2 2560/3/2
f 2561/5/2 2562/5/2 2571/5/2
f 2571/5/2 2562/5/2 2572/5/2
f 2572/5/2 2562/5/2 2573/5/2
f 2565/5/2 2566/5/2 2574/5/2
f 2574/5/2 2566/5/2 2575/5/2
f 2567/5/2 2568/5/2 2576/5/2
f 2576/5/2 2568/5/2 2577/5/2
f 2570/5/2 2571/5/2 2578/5/2
f 2578/5/2 2571/5/2 2579/5/2
f 2572/5/2 2573/5/2 2580/5/2
f 2580/5/2 2573/5/2 2581/5/2
f 2563/5/2 2564/5/2 2583/5/2
f 2583/5/2 2564/5/2 2584/5/2
f 2577/5/2 2568/5/2 2585/5/2
f 2568/4/2 2569/4/2 2586/4/2
f 2585/5/2 2568/5/2 2586/5/2
f 2586/4/2 2569/4/2 2587/4/2
f 2582/5/2 2583/5/2 2588/5/2
f 2588/5/2 2583/5/2 2589/5/2
f 2579/5/2 2580/5/2 2592/5/2
f 2592/5/2 2580/5/2 2593/5/2
f 2593/5/2 2594/5/2 2595/5/2
f 2595/5/2 2594/5/2 2596/5/2
f 2590/5/2 2591/5/2 2598/5/2
f 2598/5/2 2591/5/2 2599/5/2
f 2597/5/2 2598/5/2 2602/5/2
f 2597/5/2 2602/5/2 2603/5/2
f 2603/5/2 2602/5/2 2604/5/2
f 2600/5/2 2601/5/2 2605/5/2
f 2605/5/2 2601/5/2 2606/5/2
f 2606/5/2 2607/5/2 2609/5/2
f 2609/5/2 2607/5/2 2610/5/2
f 2608/5/2 2609/5/2 2613/5/2
f 2613/5/2 2609/5/2 2614/5/2
f 2611/1/2 2612/1/2 2615/1/2
f 2615/1/2 2612/1/2 2616/1/2
f 2613/3/2 2614/3/2 2617/3/2
f 2617/3/2 2614/3/2 2618/3/2
f 2619/1/2 2620/1/2 2621/1/2
f 2621/1/2 2620/1/2 2622/1/2
f 2623/5/2 2624/5/2 2627/5/2
f 2627/5/2 2624/5/2 2628/5/2
f 2625/5/2 2626/5/2 2629/5/2
f 2629/5/2 2626/5/2 2630/5/2
f 2632/5/2 2633/5/2 2634/5/2
f 2634/5/2 2633/5/2 2635/5/2
f 2630/5/2 2631/5/2 2636/5/2
f 2636/5/2 2631/5/2 2637/5/2
f 2638/5/2 2639/5/2 2642/5/2
f 2642/5/2 2639/5/2 2643/5/2
f 2640/5/2 2641/5/2 2644/5/2
f 2644/5/2 2641/5/2 2645/5/2
f 2646/3/2 2647/3/2 2652/3/2
f 2652/3/2 2647/3/2 2653/3/2
f 2648/3/2 2649/3/2 2654/3/2
f 2654/3/2 2649/3/2 2655/3/2
f 2650/1/2 2651/1/2 2658/1/2
f 2658/1/2 2651/1/2 2659/1/2
f 2656/1/2 2657/1/2 2660/1/2
f 2660/1/2 2657/1/2 2661/1/2
f 2662/5/2 2663/5/2 2664/5/2
f 2664/5/2 2663/5/2 2665/5/2
f 2666/5/2 2667/5/2 2668/5/2
f 2668/5/2 2667/5/2 2669/5/2
f 2671/5/2 2672/5/2 2675/5/2
f 2670/5/2 2671/5/2 2675/5/2
f 2675/5/2 2672/5/2 2676/5/2
f 2676/5/2 2672/5/2 2677/5/2
f 2673/5/2 2674/5/2 2679/5/2
f 2679/5/2 2674/5/2 2680/5/2
f 2676/5/2 2677/5/2 2681/5/2
f 2677/3/2 2678/3/2 2682/3/2
f 2681/5/2 2677/5/2 2682/5/2
f 2682/3/2 2678/3/2 2685/3/2
f 2685/3/2 2678/3/2 2686/3/2
f 2683/5/2 2684/5/2 2691/5/2
f 2691/5/2 2684/5/2 2692/5/2
f 2687/3/2 2688/3/2 2696/3/2
f 2689/3/2 2690/3/2 2697/3/2
f 2697/3/2 2690/3/2 2698/3/2
f 2692/3/2 2693/3/2 2699/3/2
f 2699/3/2 2693/3/2 2700/3/2
f 2694/1/2 2695/1/2 2701/1/2
f 2695/3/2 2696/3/2 2702/3/2
f 2701/1/2 2695/1/2 2702/1/2
f 2696/3/2 2688/3/2 2703/3/2
f 2702/3/2 2696/3/2 2703/3/2
f 2704/3/2 2705/3/2 2708/3/2
f 2708/3/2 2705/3/2 2709/3/2
f 2706/4/2 2707/4/2 2714/4/2
f 2714/4/2 2707/4/2 2715/4/2
f 2709/5/2 2710/5/2 2716/5/2
f 2716/5/2 2710/5/2 2717/5/2
f 2717/5/2 2710/5/2 2718/5/2
f 2711/5/2 2712/5/2 2719/5/2
f 2719/5/2 2712/5/2 2720/5/2
f 2720/5/2 2712/5/2 2721/5/2
f 2721/5/2 2712/5/2 2722/5/2
f 2713/5/2 2714/5/2 2723/5/2
f 2723/5/2 2714/5/2 2724/5/2
f 2720/5/2 2721/5/2 2727/5/2
f 2727/5/2 2721/5/2 2728/5/2
f 2725/5/2 2726/5/2 2729/5/2
f 2729/5/2 2726/5/2 2730/5/2
f 2731/5/2 2732/5/2 2733/5/2
f 2733/5/2 2732/5/2 2734/5/2
f 2734/5/2 2735/5/2 2737/5/2
f 2737/5/2 2735/5/2 2738/5/2
f 2736/5/2 2737/5/2 2739/5/2
f 2739/5/2 2737/5/2 2740/5/2
f 2741/5/2 2742/5/2 2745/5/2
f 2745/5/2 2742/5/2 2746/5/2
f 2743/5/2 2744/5/2 2749/5/2
f 2747/5/2 2748/5/2 2754/5/2
f 2754/5/2 2748/5/2 2755/5/2
f 2749/5/2 2744/5/2 2756/5/2
f 2756/5/2 2744/5/2 2757/5/2
f 2750/3/2 2751/3/2 2758/3/2
f 2758/3/2 2751/3/2 2759/3/2
f 2752/3/2 2753/3/2 2760/3/2
f 2760/3/2 2753/3/2 2761/3/2
f 2762/1/2 2763/1/2 2764/1/2
f 2764/1/2 2763/1/2 2765/1/2
f 2766/4/2 2767/4/2 2770/4/2
f 2770/4/2 2767/4/2 2771/4/2
f 2768/3/2 2769/3/2 2772/3/2
f 2772/3/2 2769/3/2 2773/3/2
f 2774/5/2 2775/5/2 2778/5/2
f 2778/5/2 2775/5/2 2779/5/2
f 2776/5/2 2777/5/2 2780/5/2
f 2780/5/2 2777/5/2 2781/5/2
f 2781/5/2 2782/5/2 2787/5/2
f 2787/5/2 2782/5/2 2788/5/2
f 2783/5/2 2784/5/2 2789/5/2
f 2789/5/2 2784/5/2 2790/5/2
f 2785/5/2 2786/5/2 2791/5/2
f 2791/5/2 2786/5/2 2792/5/2
f 2783/5/2 2789/5/2 2796/5/2
f 2796/5/2 2789/5/2 2797/5/2
f 2795/5/2 2796/5/2 2798/5/2
f 2798/5/2 2796/5/2 2799/5/2
f 2793/5/2 2794/5/2 2800/5/2
f 2800/5/2 2794/5/2 2801/5/2
f 2802/5/2 2803/5/2 2806/5/2
f 2806/5/2 2803/5/2 2807/5/2
f 2804/2/2 2805/2/2 2808/2/2
f 2808/2/2 2805/2/2 2809/2/2
f 2810/5/2 2811/5/2 2814/5/2
f 2812/5/2 2813/5/2 2815/5/2
f 2810/5/2 2814/5/2 2816/5/2
f 2814/5/2 2815/5/2 2816/5/2
f 2816/5/2 2815/5/2 2817/5/2
f 2815/5/2 2813/5/2 2818/5/2
f 2817/5/2 2815/5/2 2818/5/2
f 2818/5/2 2813/5/2 2819/5/2
f 2817/5/2 2818/5/2 2822/5/2
f 2822/5/2 2818/5/2 2823/5/2
f 2820/5/2 2821/5/2 2825/5/2
f 2825/5/2 2821/5/2 2826/5/2
f 2823/5/2 2824/5/2 2827/5/2
f 2827/5/2 2824/5/2 2828/5/2
f 2829/5/2 2830/5/2 2831/5/2
f 2831/5/2 2830/5/2 2832/5/2
f 2833/5/2 2834/5/2 2836/5/2
f 2836/5/2 2834/5/2 2839/5/2
f 2835/5/2 2836/5/2 2839/5/2
f 2839/5/2 2834/5/2 2840/5/2
f 2837/5/2 2838/5/2 2845/5/2
f 2845/5/2 2838/5/2 2846/5/2
f 2835/5/2 2839/5/2 2847/5/2
f 2847/5/2 2839/5/2 2848/5/2
f 2841/5/2 2842/5/2 2850/5/2
f 2850/5/2 2842/5/2 2851/5/2
f 2843/3/2 2844/3/2 2852/3/2
f 2852/3/2 2844/3/2 2853/3/2
f 2849/3/2 2850/3/2 2855/3/2
f 2855/3/2 2850/3/2 2856/3/2
f 2853/1/2 2854/1/2 2857/1/2
f 2857/1/2 2854/1/2 2858/1/2
f 2859/3/2 2860/3/2 2863/3/2
f 2863/3/2 2860/3/2 2864/3/2
f 2861/3/2 2862/3/2 2865/3/2
f 2865/3/2 2862/3/2 2866/3/2
f 2867/3/2 2868/3/2 2869/3/2
f 2869/3/2 2868/3/2 2870/3/2
f 2871/5/2 2872/5/2 2875/5/2
f 2875/5/2 2872/5/2 2876/5/2
f 2877/5/2 2878/5/2 2883/5/2
f 2883/5/2 2878/5/2 2884/5/2
f 2879/5/2 2880/5/2 2886/5/2
f 2873/5/2 2874/5/2 2887/5/2
f 2881/5/2 2882/5/2 2889/5/2
f 2889/5/2 2882/5/2 2890/5/2
f 2890/5/2 2882/5/2 2891/5/2
f 2885/5/2 2886/5/2 2893/5/2
f 2886/5/2 2880/5/2 2893/5/2
f 2893/5/2 2880/5/2 2894/5/2
f 2887/5/2 2888/5/2 2895/5/2
f 2873/5/2 2887/5/2 2895/5/2
f 2895/5/2 2888/5/2 2896/5/2
f 2896/5/2 2888/5/2 2897/5/2
f 2891/5/2 2892/5/2 2900/5/2
f 2890/5/2 2891/5/2 2900/5/2
f 2900/5/2 2892/5/2 2901/5/2
f 2885/5/2 2893/5/2 2902/5/2
f 2902/5/2 2893/5/2 2903/5/2
f 2898/3/2 2899/3/2 2906/3/2
f 2899/3/2 2900/3/2 2906/3/2
f 2906/3/2 2900/3/2 2907/3/2
f 2904/1/2 2905/1/2 2908/1/2
f 2908/1/2 2905/1/2 2909/1/2
f 2910/3/2 2911/3/2 2912/3/2
f 2912/3/2 2911/3/2 2913/3/2
f 2914/2/2 2915/2/2 2916/2/2
f 2916/2/2 2915/2/2 2917/2/2
f 2919/5/2 2920/5/2 2923/5/2
f 2918/5/2 2919/5/2 2923/5/2
f 2918/5/2 2923/5/2 2925/5/2
f 2923/5/2 2924/5/2 2925/5/2
f 2925/5/2 2924/5/2 2926/5/2
f 2926/5/2 2924/5/2 2927/5/2
f 2927/5/2 2924/5/2 2928/5/2
f 2929/5/2 2930/5/2 2932/5/2
f 2932/5/2 2930/5/2 2933/5/2
f 2931/5/2 2932/5/2 2936/5/2
f 2936/5/2 2932/5/2 2937/5/2
f 2937/5/2 2932/5/2 2938/5/2
f 2933/5/2 2930/5/2 2939/5/2
f 2939/5/2 2930/5/2 2940/5/2
f 2921/5/2 2922/5/2 2942/5/2
f 2942/5/2 2922/5/2 2943/5/2
f 2934/5/2 2935/5/2 2944/5/2
f 2939/5/2 2940/5/2 2946/5/2
f 2937/5/2 2938/5/2 2946/5/2
f 2938/5/2 2939/5/2 2946/5/2
f 2946/5/2 2940/5/2 2947/5/2
f 2941/5/2 2942/5/2 2948/5/2
f 2948/5/2 2942/5/2 2949/5/2
f 2944/5/2 2945/5/2 2950/5/2
f 2934/5/2 2944/5/2 2950/5/2
f 2950/5/2 2945/5/2 2951/5/2
f 2951/5/2 2945/5/2 2952/5/2
f 2947/5/2 2940/5/2 2953/5/2
f 2953/5/2 2940/5/2 2954/5/2
f 2951/5/2 2952/5/2 2956/5/2
f 2956/5/2 2952/5/2 2957/5/2
f 2955/3/2 2956/3/2 2961/3/2
f 2956/3/2 2957/3/2 2961/3/2
f 2957/3/2 2958/3/2 2961/3/2
f 2961/3/2 2958/3/2 2962/3/2
f 2959/3/2 2960/3/2 2963/3/2
f 2963/3/2 2960/3/2 2964/3/2
f 2965/3/2 2966/3/2 2971/3/2
f 2971/3/2 2966/3/2 2972/3/2
f 2967/3/2 2968/3/2 2973/3/2
f 2973/3/2 2968/3/2 2974/3/2
f 2973/3/2 2974/3/2 2980/3/2
f 2974/3/2 2975/3/2 2980/3/2
f 2980/3/2 2975/3/2 2981/3/2
f 2981/3/2 2975/3/2 2982/3/2
f 2969/3/2 2970/3/2 2983/3/2
f 2983/3/2 2970/3/2 2984/3/2
f 2976/4/2 2977/4/2 2985/4/2
f 2985/4/2 2977/4/2 2986/4/2
f 2978/5/2 2979/5/2 2987/5/2
f 2987/5/2 2979/5/2 2988/5/2
f 2981/5/2 2982/5/2 2989/5/2
f 2989/5/2 2982/5/2 2990/5/2
f 2983/5/2 2984/5/2 2991/5/2
f 2991/5/2 2984/5/2 2992/5/2
f 2978/5/2 2987/5/2 2994/5/2
f 2994/5/2 2987/5/2 2995/5/2
f 2992/5/2 2993/5/2 2999/5/2
f 2999/5/2 2993/5/2 3000/5/2
f 2996/2/2 2997/2/2 3001/2/2
f 2997/5/2 2998/5/2 3002/5/2
f 3001/2/2 2997/2/2 3002/2/2
f 3002/5/2 2998/5/2 3003/5/2
f 3004/5/2 3005/5/2 3009/5/2
f 3009/5/2 3005/5/2 3010/5/2
f 3006/5/2 3007/5/2 3012/5/2
f 3012/5/2 3007/5/2 3013/5/2
f 3008/5/2 3009/5/2 3014/5/2
f 3014/5/2 3009/5/2 3015/5/2
f 3011/5/2 3012/5/2 3018/5/2
f 3018/5/2 3012/5/2 3019/5/2
f 3016/5/2 3017/5/2 3023/5/2
f 3023/5/2 3017/5/2 3024/5/2
f 3021/5/2 3022/5/2 3026/5/2
f 3020/5/2 3021/5/2 3026/5/2
f 3026/5/2 3022/5/2 3027/5/2
f 3027/5/2 3022/5/2 3028/5/2
f 3025/5/2 3026/5/2 3029/5/2
f 3026/5/2 3027/5/2 3029/5/2
f 3029/5/2 3027/5/2 3030/5/2
f 3029/3/2 3030/3/2 3031/3/2
f 3031/3/2 3030/3/2 3032/3/2
f 3033/3/2 3034/3/2 3037/3/2
f 3037/3/2 3034/3/2 3038/3/2
f 3035/5/2 3036/5/2 3044/5/2
f 3044/5/2 3036/5/2 3045/5/2
f 3037/5/2 3038/5/2 3047/5/2
f 3038/5/2 3039/5/2 3047/5/2
f 3047/5/2 3039/5/2 3048/5/2
f 3040/5/2 3041/5/2 3049/5/2
f 3049/5/2 3041/5/2 3050/5/2
f 3042/5/2 3043/5/2 3051/5/2
f 3051/5/2 3043/5/2 3052/5/2
f 3046/5/2 3047/5/2 3055/5/2
f 3055/5/2 3047/5/2 3056/5/2
f 3049/5/2 3050/5/2 3057/5/2
f 3057/5/2 3050/5/2 3058/5/2
f 3053/5/2 3054/5/2 3059/5/2
f 3059/5/2 3054/5/2 3060/5/2
f 3061/5/2 3062/5/2 3067/5/2
f 3067/5/2 3062/5/2 3068/5/2
f 3063/5/2 3064/5/2 3069/5/2
f 3069/5/2 3064/5/2 3070/5/2
f 3065/5/2 3066/5/2 3071/5/2
f 3071/5/2 3066/5/2 3072/5/2
f 3072/5/2 3073/5/2 3074/5/2
f 3074/5/2 3073/5/2 3075/5/2
f 3076/5/2 3077/5/2 3080/5/2
f 3080/5/2 3077/5/2 3081/5/2
f 3078/5/2 3079/5/2 3084/5/2
f 3084/5/2 3079/5/2 3085/5/2
f 3082/5/2 3083/5/2 3086/5/2
f 3086/5/2 3083/5/2 3087/5/2
f 3088/5/2 3089/5/2 3090/5/2
f 3090/5/2 3089/5/2 3091/5/2
f 3092/2/2 3093/2/2 3095/2/2
f 3093/5/2 3094/5/2 3096/5/2
f 3095/2/2 3093/2/2 3096/2/2
f 3096/5/2 3094/5/2 3097/5/2
f 3097/5/2 3094/5/2 3098/5/2
f 3098/5/2 3099/5/2 3100/5/2
f 3097/5/2 3098/5/2 3100/5/2
f 3100/5/2 3099/5/2 3101/5/2
f 3102/4/2 3103/4/2 3104/4/2
f 3104/4/2 3103/4/2 3105/4/2
f 3106/2/2 3107/2/2 3110/2/2
f 3110/2/2 3107/2/2 3111/2/2
f 3108/5/2 3109/5/2 3114/5/2
f 3114/5/2 3109/5/2 3115/5/2
f 3112/2/2 3113/2/2 3119/2/2
f 3119/2/2 3113/2/2 3120/2/2
f 3116/5/2 3117/5/2 3121/5/2
f 3121/5/2 3117/5/2 3122/5/2
f 3118/5/2 3119/5/2 3123/5/2
f 3123/5/2 3119/5/2 3124/5/2
f 3125/3/2 3126/3/2 3127/3/2
f 3127/3/2 3126/3/2 3128/3/2
f 3129/3/2 3130/3/2 3131/3/2
f 3131/3/2 3130/3/2 3132/3/2
f 3133/5/2 3134/5/2 3135/5/2
f 3135/5/2 3134/5/2 3136/5/2
f 3137/5/2 3138/5/2 3139/5/2
f 3139/5/2 3138/5/2 3140/5/2
f 3141/5/2 3142/5/2 3144/5/2
f 3142/5/2 3143/5/2 3144/5/2
f 3144/5/2 3143/5/2 3145/5/2
f 3145/5/2 3143/5/2 3146/5/2
f 3146/5/2 3143/5/2 3147/5/2
f 3148/5/2 3149/5/2 3154/5/2
f 3149/2/2 3150/2/2 3155/2/2
f 3154/5/2 3149/5/2 3155/5/2
f 3155/2/2 3150/2/2 3156/2/2
f 3151/5/2 3152/5/2 3157/5/2
f 3157/5/2 3152/5/2 3158/5/2
f 3153/5/2 3154/5/2 3163/5/2
f 3154/5/2 3155/5/2 3163/5/2
f 3163/5/2 3155/5/2 3164/5/2
f 3164/5/2 3155/5/2 3165/5/2
f 3158/5/2 3159/5/2 3166/5/2
f 3166/5/2 3159/5/2 3167/5/2
f 3160/5/2 3161/5/2 3168/5/2
f 3168/5/2 3161/5/2 3169/5/2
f 3163/5/2 3164/5/2 3170/5/2
f 3162/5/2 3163/5/2 3170/5/2
f 3170/5/2 3164/5/2 3171/5/2
f 3172/4/2 3173/4/2 3174/4/2
f 3174/4/2 3173/4/2 3175/4/2
f 3174/3/2 3175/3/2 3176/3/2
f 3176/3/2 3175/3/2 3177/3/2
f 3178/5/2 3179/5/2 3186/5/2
f 3186/5/2 3179/5/2 3187/5/2
f 3180/5/2 3181/5/2 3188/5/2
f 3188/5/2 3181/5/2 3189/5/2
f 3182/5/2 3183/5/2 3190/5/2
f 3190/5/2 3183/5/2 3191/5/2
f 3184/2/2 3185/2/2 3192/2/2
f 3192/2/2 3185/2/2 3193/2/2
f 3194/5/2 3195/5/2 3196/5/2
f 3196/5/2 3195/5/2 3197/5/2
f 3198/5/2 3199/5/2 3204/5/2
f 3204/5/2 3199/5/2 3205/5/2
f 3200/5/2 3201/5/2 3206/5/2
f 3206/5/2 3201/5/2 3207/5/2
f 3202/5/2 3203/5/2 3208/5/2
f 3205/5/2 3206/5/2 3212/5/2
f 3212/5/2 3206/5/2 3213/5/2
f 3202/5/2 3208/5/2 3214/5/2
f 3214/5/2 3208/5/2 3215/5/2
f 3209/5/2 3210/5/2 3217/5/2
f 3217/5/2 3210/5/2 3218/5/2
f 3211/5/2 3212/5/2 3220/5/2
f 3220/5/2 3212/5/2 3221/5/2
f 3215/5/2 3216/5/2 3222/5/2
f 3222/5/2 3216/5/2 3223/5/2
f 3219/5/2 3220/5/2 3224/5/2
f 3224/5/2 3220/5/2 3225/5/2
f 3226/5/2 3227/5/2 3228/5/2
f 3228/5/2 3227/5/2 3229/5/2
f 3230/5/2 3231/5/2 3236/5/2
f 3236/5/2 3231/5/2 3237/5/2
f 3232/5/2 3233/5/2 3238/5/2
f 3238/5/2 3233/5/2 3239/5/2
f 3234/2/2 3235/2/2 3240/2/2
f 3240/2/2 3235/2/2 3241/2/2
f 3242/5/2 3243/5/2 3244/5/2
f 3242/5/2 3244/5/2 3246/5/2
f 3244/5/2 3245/5/2 3246/5/2
f 3246/5/2 3245/5/2 3247/5/2
f 3247/5/2 3248/5/2 3252/5/2
f 3252/5/2 3248/5/2 3253/5/2
f 3249/5/2 3250/5/2 3256/5/2
f 3256/5/2 3250/5/2 3257/5/2
f 3253/5/2 3254/5/2 3258/5/2
f 3255/5/2 3256/5/2 3262/5/2
f 3262/5/2 3256/5/2 3263/5/2
f 3251/5/2 3252/5/2 3264/5/2
f 3264/5/2 3252/5/2 3265/5/2
f 3253/5/2 3258/5/2 3266/5/2
f 3258/5/2 3259/5/2 3266/5/2
f 3266/5/2 3259/5/2 3267/5/2
f 3267/5/2 3259/5/2 3268/5/2
f 3260/5/2 3261/5/2 3269/5/2
f 3261/5/2 3262/5/2 3269/5/2
f 3269/5/2 3262/5/2 3270/5/2
f 3270/5/2 3262/5/2 3271/5/2
f 3265/5/2 3266/5/2 3272/5/2
f 3272/5/2 3266/5/2 3273/5/2
f 3267/5/2 3268/5/2 3274/5/2
f 3269/5/2 3270/5/2 3274/5/2
f 3268/5/2 3269/5/2 3274/5/2
f 3274/5/2 3270/5/2 3275/5/2
f 3275/5/2 3270/5/2 3276/5/2
f 3276/5/2 3270/5/2 3277/5/2
f 3275/5/2 3276/5/2 3278/5/2
f 3278/5/2 3276/5/2 3279/5/2
f 3280/5/2 3281/5/2 3282/5/2
f 3282/5/2 3281/5/2 3283/5/2
f 3284/3/2 3285/3/2 3290/3/2
f 3290/3/2 3285/3/2 3291/3/2
f 3286/5/2 3287/5/2 3292/5/2
f 3292/5/2 3287/5/2 3293/5/2
f 3288/5/2 3289/5/2 3294/5/2
f 3294/5/2 3289/5/2 3295/5/2
f 3296/2/2 3297/2/2 3300/2/2
f 3300/2/2 3297/2/2 3301/2/2
f 3298/2/2 3299/2/2 3302/2/2
f 3302/2/2 3299/2/2 3303/2/2
f 3306/2/2 3307/2/2 3308/2/2
f 3308/2/2 3307/2/2 3309/2/2
f 3304/5/2 3305/5/2 3311/5/2
f 3311/5/2 3305/5/2 3312/5/2
f 3309/3/2 3310/3/2 3315/3/2
f 3315/3/2 3310/3/2 3316/3/2
f 3313/5/2 3314/5/2 3317/5/2
f 3317/5/2 3314/5/2 3318/5/2
f 3319/5/2 3320/5/2 3324/5/2
f 3324/5/2 3320/5/2 3325/5/2
f 3323/5/2 3324/5/2 3326/5/2
f 3326/5/2 3324/5/2 3327/5/2
f 3327/5/2 3324/5/2 3328/5/2
f 3328/5/2 3324/5/2 3329/5/2
f 3321/5/2 3322/5/2 3330/5/2
f 3330/5/2 3322/5/2 3331/5/2
f 3327/5/2 3328/5/2 3332/5/2
f 3332/5/2 3328/5/2 3333/5/2
f 3334/3/2 3335/3/2 3340/3/2
f 3340/3/2 3335/3/2 3341/3/2
f 3336/3/2 3337/3/2 3342/3/2
f 3342/3/2 3337/3/2 3343/3/2
f 3338/5/2 3339/5/2 3344/5/2
f 3344/5/2 3339/5/2 3345/5/2
f 3346/5/2 3347/5/2 3350/5/2
f 3350/5/2 3347/5/2 3351/5/2
f 3348/2/2 3349/2/2 3352/2/2
f 3352/2/2 3349/2/2 3353/2/2
f 3354/5/2 3355/5/2 3358/5/2
f 3358/5/2 3355/5/2 3359/5/2
f 3356/2/2 3357/2/2 3361/2/2
f 3360/5/2 3361/5/2 3364/5/2
f 3361/2/2 3357/2/2 3365/2/2
f 3364/5/2 3361/5/2 3365/5/2
f 3365/2/2 3357/2/2 3366/2/2
f 3362/5/2 3363/5/2 3367/5/2
f 3367/5/2 3363/5/2 3368/5/2
f 3369/5/2 3370/5/2 3373/5/2
f 3373/5/2 3370/5/2 3374/5/2
f 3371/3/2 3372/3/2 3376/3/2
f 3376/3/2 3372/3/2 3377/3/2
f 3374/5/2 3375/5/2 3378/5/2
f 3373/5/2 3374/5/2 3378/5/2
f 3378/5/2 3375/5/2 3379/5/2
f 3380/3/2 3381/3/2 3384/3/2
f 3384/3/2 3381/3/2 3385/3/2
f 3382/2/2 3383/2/2 3386/2/2
f 3386/2/2 3383/2/2 3387/2/2
f 3388/5/2 3389/5/2 3390/5/2
f 3390/5/2 3389/5/2 3391/5/2
f 3391/5/2 3392/5/2 3393/5/2
f 3393/5/2 3392/5/2 3394/5/2
f 3395/5/2 3396/5/2 3397/5/2
f 3397/5/2 3396/5/2 3398/5/2
f 3399/5/2 3400/5/2 3401/5/2
f 3401/5/2 3400/5/2 3402/5/2
f 3403/2/2 3404/2/2 3405/2/2
f 3405/2/2 3404/2/2 3406/2/2
f 3407/5/2 3408/5/2 3409/5/2
f 3409/5/2 3408/5/2 3410/5/2
f 3411/5/2 3412/5/2 3415/5/2
f 3415/5/2 3412/5/2 3416/5/2
f 3417/5/2 3418/5/2 3421/5/2
f 3421/5/2 3418/5/2 3422/5/2
f 3422/5/2 3418/5/2 3423/5/2
f 3419/5/2 3420/5/2 3424/5/2
f 3413/5/2 3414/5/2 3425/5/2
f 3424/5/2 3425/5/2 3428/5/2
f 3425/5/2 3414/5/2 3428/5/2
f 3428/5/2 3414/5/2 3429/5/2
f 3426/5/2 3427/5/2 3430/5/2
f 3430/5/2 3427/5/2 3431/5/2
f 3419/5/2 3424/5/2 3432/5/2
f 3424/5/2 3428/5/2 3432/5/2
f 3432/5/2 3428/5/2 3433/5/2
f 3434/2/2 3435/2/2 3441/2/2
f 3435/5/2 3436/5/2 3442/5/2
f 3441/2/2 3435/2/2 3442/2/2
f 3442/5/2 3436/5/2 3443/5/2
f 3437/5/2 3438/5/2 3446/5/2
f 3438/2/2 3439/2/2 3447/2/2
f 3446/5/2 3438/5/2 3447/5/2
f 3439/3/2 3440/3/2 3448/3/2
f 3447/2/2 3439/2/2 3448/2/2
f 3448/3/2 3440/3/2 3449/3/2
f 3444/5/2 3445/5/2 3452/5/2
f 3452/5/2 3445/5/2 3453/5/2
f 3450/5/2 3451/5/2 3458/5/2
f 3458/5/2 3451/5/2 3459/5/2
f 3454/2/2 3455/2/2 3462/2/2
f 3455/5/2 3456/5/2 3463/5/2
f 3462/2/2 3455/2/2 3463/2/2
f 3463/5/2 3456/5/2 3464/5/2
f 3457/5/2 3458/5/2 3466/5/2
f 3466/5/2 3458/5/2 3467/5/2
f 3460/2/2 3461/2/2 3468/2/2
f 3468/2/2 3461/2/2 3469/2/2
f 3464/5/2 3465/5/2 3475/5/2
f 3475/5/2 3465/5/2 3476/5/2
f 3470/5/2 3471/5/2 3478/5/2
f 3478/5/2 3471/5/2 3479/5/2
f 3472/2/2 3473/2/2 3480/2/2
f 3473/3/2 3474/3/2 3481/3/2
f 3480/2/2 3473/2/2 3481/2/2
f 3476/5/2 3477/5/2 3482/5/2
f 3482/5/2 3477/5/2 3483/5/2
f 3481/3/2 3474/3/2 3489/3/2
f 3489/3/2 3474/3/2 3490/3/2
f 3484/5/2 3485/5/2 3492/5/2
f 3492/5/2 3485/5/2 3493/5/2
f 3486/5/2 3487/5/2 3494/5/2
f 3494/5/2 3487/5/2 3495/5/2
f 3488/2/2 3489/2/2 3497/2/2
f 3497/2/2 3489/2/2 3498/2/2
f 3491/5/2 3492/5/2 3499/5/2
f 3499/5/2 3492/5/2 3500/5/2
f 3496/5/2 3497/5/2 3502/5/2
f 3502/5/2 3497/5/2 3503/5/2
f 3500/5/2 3501/5/2 3504/5/2
f 3504/5/2 3501/5/2 3505/5/2
f 3506/5/2 3507/5/2 3508/5/2
f 3506/5/2 3508/5/2 3509/5/2
f 3509/5/2 3508/5/2 3510/5/2
f 3510/5/2 3511/5/2 3516/5/2
f 3512/5/2 3513/5/2 3518/5/2
f 3518/5/2 3513/5/2 3519/5/2
f 3514/2/2 3515/2/2 3520/2/2
f 3520/2/2 3515/2/2 3521/2/2
f 3516/5/2 3517/5/2 3522/5/2
f 3510/5/2 3516/5/2 3522/5/2
f 3522/5/2 3517/5/2 3523/5/2
f 3523/5/2 3517/5/2 3524/5/2
f 3519/5/2 3520/5/2 3528/5/2
f 3523/5/2 3524/5/2 3530/5/2
f 3524/5/2 3525/5/2 3530/5/2
f 3530/5/2 3525/5/2 3531/5/2
f 3526/5/2 3527/5/2 3534/5/2
f 3534/5/2 3527/5/2 3535/5/2
f 3528/2/2 3529/2/2 3536/2/2
f 3519/5/2 3528/5/2 3536/5/2
f 3536/2/2 3529/2/2 3537/2/2
f 3532/5/2 3533/5/2 3541/5/2
f 3519/5/2 3536/5/2 3542/5/2
f 3542/5/2 3536/5/2 3543/5/2
f 3538/5/2 3539/5/2 3545/5/2
f 3545/5/2 3539/5/2 3546/5/2
f 3540/5/2 3541/5/2 3547/5/2
f 3541/5/2 3533/5/2 3548/5/2
f 3547/5/2 3541/5/2 3548/5/2
f 3544/5/2 3545/5/2 3549/5/2
f 3549/5/2 3545/5/2 3550/5/2
f 3548/5/2 3533/5/2 3551/5/2
f 3551/5/2 3533/5/2 3552/5/2
f 3553/5/2 3554/5/2 3555/5/2
f 3555/5/2 3554/5/2 3556/5/2
f 3557/5/2 3558/5/2 3561/5/2
f 3561/5/2 3558/5/2 3562/5/2
f 3559/2/2 3560/2/2 3563/2/2
f 3563/2/2 3560/2/2 3564/2/2
f 3557/5/2 3561/5/2 3565/5/2
f 3565/5/2 3561/5/2 3566/5/2
f 3567/5/2 3568/5/2 3571/5/2
f 3571/5/2 3568/5/2 3572/5/2
f 3569/5/2 3570/5/2 3575/5/2
f 3575/5/2 3570/5/2 3576/5/2
f 3572/2/2 3573/2/2 3577/2/2
f 3577/2/2 3573/2/2 3578/2/2
f 3574/5/2 3575/5/2 3579/5/2
f 3579/5/2 3575/5/2 3580/5/2
f 3581/5/2 3582/5/2 3585/5/2
f 3585/5/2 3582/5/2 3586/5/2
f 3583/2/2 3584/2/2 3589/2/2
f 3589/2/2 3584/2/2 3590/2/2
f 3588/5/2 3589/5/2 3593/5/2
f 3593/5/2 3589/5/2 3594/5/2
f 3586/5/2 3587/5/2 3595/5/2
f 3595/5/2 3587/5/2 3596/5/2
f 3591/5/2 3592/5/2 3597/5/2
f 3597/5/2 3592/5/2 3598/5/2
f 3598/5/2 3599/5/2 3601/5/2
f 3597/5/2 3598/5/2 3601/5/2
f 3596/5/2 3597/5/2 3601/5/2
f 3601/5/2 3599/5/2 3602/5/2
f 3602/5/2 3599/5/2 3603/5/2
f 3603/5/2 3599/5/2 3604/5/2
f 3600/5/2 3601/5/2 3605/5/2
f 3605/5/2 3601/5/2 3606/5/2
f 3602/5/2 3603/5/2 3607/5/2
f 3607/5/2 3603/5/2 3608/5/2
f 3609/5/2 3610/5/2 3616/5/2
f 3616/5/2 3610/5/2 3617/5/2
f 3611/5/2 3612/5/2 3618/5/2
f 3618/5/2 3612/5/2 3619/5/2
f 3613/5/2 3614/5/2 3620/5/2
f 3620/5/2 3614/5/2 3621/5/2
f 3616/5/2 3617/5/2 3622/5/2
f 3615/5/2 3616/5/2 3622/5/2
f 3622/5/2 3617/5/2 3623/5/2
f 3623/5/2 3617/5/2 3624/5/2
f 3624/5/2 3625/5/2 3630/5/2
f 3623/5/2 3624/5/2 3630/5/2
f 3630/5/2 3625/5/2 3631/5/2
f 3626/5/2 3627/5/2 3632/5/2
f 3632/5/2 3627/5/2 3633/5/2
f 3628/5/2 3629/5/2 3634/5/2
f 3634/5/2 3629/5/2 3635/5/2
f 3636/5/2 3637/5/2 3638/5/2
f 3638/5/2 3637/5/2 3639/5/2
f 3640/5/2 3641/5/2 3644/5/2
f 3644/5/2 3641/5/2 3645/5/2
f 3642/5/2 3643/5/2 3646/5/2
f 3646/5/2 3643/5/2 3647/5/2
f 3646/5/2 3647/5/2 3649/5/2
f 3647/5/2 3648/5/2 3649/5/2
f 3649/5/2 3648/5/2 3650/5/2
f 3650/5/2 3648/5/2 3651/5/2
f 3649/5/2 3650/5/2 3653/5/2
f 3653/5/2 3650/5/2 3654/5/2
f 3652/5/2 3653/5/2 3655/5/2
f 3655/5/2 3653/5/2 3656/5/2
f 3657/5/2 3658/5/2 3661/5/2
f 3661/5/2 3658/5/2 3662/5/2
f 3659/5/2 3660/5/2 3664/5/2
f 3664/5/2 3660/5/2 3665/5/2
f 3663/5/2 3664/5/2 3666/5/2
f 3666/5/2 3664/5/2 3667/5/2
f 3668/5/2 3669/5/2 3672/5/2
f 3672/5/2 3669/5/2 3673/5/2
f 3670/5/2 3671/5/2 3674/5/2
f 3674/5/2 3671/5/2 3675/5/2
f 3676/5/2 3677/5/2 3678/5/2
f 3678/5/2 3677/5/2 3679/5/2
f 3680/5/2 3681/5/2 3682/5/2
f 3682/5/2 3681/5/2 3683/5/2
f 3684/5/2 3685/5/2 3686/5/2
f 3686/5/2 3685/5/2 3687/5/2
f 3691/3/3 3689/3/3 3688/3/3
f 3691/1/3 3690/1/3 3689/1/3
f 3692/1/3 3690/1/3 3691/1/3
f 3698/3/3 3692/3/3 3691/3/3
f 3698/1/3 3690/1/3 3692/1/3
f 3699/1/3 3690/1/3 3698/1/3
f 3700/1/3 3695/1/3 3694/1/3
f 3700/3/3 3694/3/3 3693/3/3
f 3701/1/3 3695/1/3 3700/1/3
f 3703/3/3 3701/3/3 3700/3/3
f 3703/1/3 3702/1/3 3701/1/3
f 3704/1/3 3702/1/3 3703/1/3
f 3707/3/3 3691/3/3 3688/3/3
f 3707/3/3 3699/3/3 3698/3/3
f 3707/3/3 3698/3/3 3691/3/3
f 3708/3/3 3699/3/3 3707/3/3
f 3709/1/3 3697/1/3 3696/1/3
f 3710/1/3 3697/1/3 3709/1/3
f 3711/1/3 3706/1/3 3705/1/3
f 3713/3/3 3699/3/3 3708/3/3
f 3713/1/3 3690/1/3 3699/1/3
f 3714/1/3 3690/1/3 3713/1/3
f 3715/1/3 3712/1/3 3711/1/3
f 3717/3/3 3704/3/3 3703/3/3
f 3720/1/3 3711/1/3 3705/1/3
f 3720/1/3 3716/1/3 3715/1/3
f 3720/1/3 3715/1/3 3711/1/3
f 3721/1/3 3716/1/3 3720/1/3
f 3722/1/3 3716/1/3 3721/1/3
f 3723/1/3 3716/1/3 3722/1/3
f 3724/3/3 3720/3/3 3719/3/3
f 3724/1/3 3721/1/3 3720/1/3
f 3725/3/3 3722/3/3 3721/3/3
f 3725/1/3 3721/1/3 3724/1/3
f 3728/3/3 3714/3/3 3713/3/3
f 3728/3/3 3713/3/3 3708/3/3
f 3729/3/3 3714/3/3 3728/3/3
f 3730/3/3 3725/3/3 3724/3/3
f 3730/3/3 3722/3/3 3725/3/3
f 3731/3/3 3722/3/3 3730/3/3
f 3732/1/3 3727/1/3 3726/1/3
f 3735/1/3 3733/1/3 3732/1/3
f 3735/1/3 3732/1/3 3726/1/3
f 3736/1/3 3733/1/3 3735/1/3
f 3738/3/3 3730/3/3 3724/3/3
f 3739/3/3 3730/3/3 3738/3/3
f 3740/1/3 3737/1/3 3736/1/3
f 3740/1/3 3735/1/3 3734/1/3
f 3740/1/3 3736/1/3 3735/1/3
f 3741/1/3 3737/1/3 3740/1/3
f 3742/1/3 3737/1/3 3741/1/3
f 3744/1/3 3740/1/3 3734/1/3
f 3745/3/3 3741/3/3 3740/3/3
f 3745/1/3 3740/1/3 3744/1/3
f 3746/3/3 3741/3/3 3745/3/3
f 3747/3/3 3741/3/3 3746/3/3
f 3750/3/3 3718/3/3 3717/3/3
f 3750/3/3 3717/3/3 3703/3/3
f 3750/3/3 3703/3/3 3700/3/3
f 3750/3/3 3700/3/3 3693/3/3
f 3751/3/3 3718/3/3 3750/3/3
f 3752/3/3 3738/3/3 3724/3/3
f 3753/3/3 3738/3/3 3752/3/3
f 3754/3/3 3746/3/3 3745/3/3
f 3754/3/3 3745/3/3 3744/3/3
f 3754/3/3 3744/3/3 3743/3/3
f 3755/3/3 3746/3/3 3754/3/3
f 3757/1/3 3749/1/3 3748/1/3
f 3758/1/3 3749/1/3 3757/1/3
f 3760/3/3 3728/3/3 3708/3/3
f 3761/3/3 3728/3/3 3760/3/3
f 3762/3/3 3752/3/3 3724/3/3
f 3762/3/3 3724/3/3 3719/3/3
f 3763/3/3 3752/3/3 3762/3/3
f 3765/3/3 3754/3/3 3743/3/3
f 3766/3/3 3754/3/3 3765/3/3
f 3767/3/3 3754/3/3 3766/3/3
f 3769/1/3 3759/1/3 3758/1/3
f 3769/1/3 3758/1/3 3757/1/3
f 3769/1/3 3757/1/3 3756/1/3
f 3770/1/3 3759/1/3 3769/1/3
f 3771/3/3 3718/3/3 3751/3/3
f 3772/3/3 3718/3/3 3771/3/3
f 3776/3/3 3766/3/3 3765/3/3
f 3776/3/3 3765/3/3 3764/3/3
f 3777/3/3 3766/3/3 3776/3/3
f 3778/3/3 3766/3/3 3777/3/3
f 3780/3/3 3770/3/3 3769/3/3
f 3780/3/3 3769/3/3 3768/3/3
f 3781/1/3 3759/1/3 3770/1/3
f 3781/3/3 3770/3/3 3780/3/3
f 3782/1/3 3759/1/3 3781/1/3
f 3784/3/3 3728/3/3 3761/3/3
f 3785/3/3 3728/3/3 3784/3/3
f 3786/3/3 3774/3/3 3773/3/3
f 3788/3/3 3777/3/3 3776/3/3
f 3788/3/3 3776/3/3 3775/3/3
f 3789/3/3 3777/3/3 3788/3/3
f 3791/3/3 3780/3/3 3779/3/3
f 3791/3/3 3783/3/3 3782/3/3
f 3791/3/3 3782/3/3 3781/3/3
f 3791/3/3 3781/3/3 3780/3/3
f 3792/3/3 3783/3/3 3791/3/3
f 3793/3/3 3783/3/3 3792/3/3
f 3794/3/3 3784/3/3 3761/3/3
f 3795/4/3 3785/4/3 3784/4/3
f 3795/3/3 3784/3/3 3794/3/3
f 3796/3/3 3771/3/3 3751/3/3
f 3797/3/3 3771/3/3 3796/3/3
f 3798/3/3 3788/3/3 3775/3/3
f 3799/3/3 3788/3/3 3798/3/3
f 3800/3/3 3792/3/3 3791/3/3
f 3800/3/3 3791/3/3 3790/3/3
f 3801/3/3 3792/3/3 3800/3/3
f 3804/3/3 3794/3/3 3761/3/3
f 3805/4/3 3795/4/3 3794/4/3
f 3805/3/3 3794/3/3 3804/3/3
f 3806/3/3 3796/3/3 3751/3/3
f 3807/4/3 3797/4/3 3796/4/3
f 3807/3/3 3796/3/3 3806/3/3
f 3808/3/3 3787/3/3 3786/3/3
f 3808/3/3 3786/3/3 3773/3/3
f 3809/3/3 3787/3/3 3808/3/3
f 3811/3/3 3800/3/3 3790/3/3
f 3812/3/3 3800/3/3 3811/3/3
f 3813/3/3 3800/3/3 3812/3/3
f 3815/1/3 3803/1/3 3802/1/3
f 3816/3/3 3806/3/3 3751/3/3
f 3817/4/3 3807/4/3 3806/4/3
f 3817/3/3 3806/3/3 3816/3/3
f 3819/4/3 3809/4/3 3808/4/3
f 3820/3/3 3787/3/3 3809/3/3
f 3820/4/3 3809/4/3 3819/4/3
f 3821/3/3 3787/3/3 3820/3/3
f 3823/3/3 3798/3/3 3775/3/3
f 3824/3/3 3798/3/3 3823/3/3
f 3826/3/3 3811/3/3 3810/3/3
f 3826/3/3 3812/3/3 3811/3/3
f 3827/3/3 3812/3/3 3826/3/3
f 3828/3/3 3812/3/3 3827/3/3
f 3831/1/3 3815/1/3 3814/1/3
f 3832/1/3 3803/1/3 3815/1/3
f 3832/1/3 3815/1/3 3831/1/3
f 3834/4/3 3805/4/3 3804/4/3
f 3835/4/3 3795/4/3 3805/4/3
f 3835/4/3 3805/4/3 3834/4/3
f 3835/4/3 3785/4/3 3795/4/3
f 3836/4/3 3817/4/3 3816/4/3
f 3837/4/3 3807/4/3 3817/4/3
f 3837/4/3 3817/4/3 3836/4/3
f 3838/3/3 3823/3/3 3775/3/3
f 3839/3/3 3823/3/3 3838/3/3
f 3841/3/3 3827/3/3 3826/3/3
f 3841/3/3 3826/3/3 3825/3/3
f 3842/3/3 3827/3/3 3841/3/3
f 3843/3/3 3827/3/3 3842/3/3
f 3845/3/3 3830/3/3 3829/3/3
f 3846/1/3 3831/1/3 3830/1/3
f 3846/1/3 3833/1/3 3832/1/3
f 3846/3/3 3830/3/3 3845/3/3
f 3846/1/3 3832/1/3 3831/1/3
f 3847/1/3 3833/1/3 3846/1/3
f 3848/1/3 3833/1/3 3847/1/3
f 3850/4/3 3807/4/3 3837/4/3
f 3851/4/3 3797/4/3 3807/4/3
f 3851/4/3 3807/4/3 3850/4/3
f 3852/4/3 3819/4/3 3818/4/3
f 3852/4/3 3820/4/3 3819/4/3
f 3853/4/3 3820/4/3 3852/4/3
f 3854/3/3 3822/3/3 3821/3/3
f 3855/3/3 3822/3/3 3854/3/3
f 3857/3/3 3842/3/3 3841/3/3
f 3857/3/3 3841/3/3 3840/3/3
f 3858/3/3 3842/3/3 3857/3/3
f 3859/3/3 3842/3/3 3858/3/3
f 3861/3/3 3845/3/3 3844/3/3
f 3861/3/3 3847/3/3 3846/3/3
f 3861/3/3 3846/3/3 3845/3/3
f 3862/1/3 3849/1/3 3848/1/3
f 3862/1/3 3848/1/3 3847/1/3
f 3862/3/3 3847/3/3 3861/3/3
f 3863/1/3 3849/1/3 3862/1/3
f 3864/1/3 3849/1/3 3863/1/3
f 3865/4/3 3852/4/3 3818/4/3
f 3866/4/3 3852/4/3 3865/4/3
f 3868/3/3 3861/3/3 3860/3/3
f 3868/3/3 3863/3/3 3862/3/3
f 3868/3/3 3862/3/3 3861/3/3
f 3869/3/3 3863/3/3 3868/3/3
f 3870/3/3 3863/3/3 3869/3/3
f 3871/4/3 3855/4/3 3854/4/3
f 3871/4/3 3854/4/3 3853/4/3
f 3872/4/3 3855/4/3 3871/4/3
f 3874/3/3 3858/3/3 3857/3/3
f 3874/3/3 3857/3/3 3856/3/3
f 3875/3/3 3858/3/3 3874/3/3
f 3876/3/3 3869/3/3 3868/3/3
f 3876/3/3 3868/3/3 3867/3/3
f 3877/3/3 3869/3/3 3876/3/3
f 3878/3/3 3869/3/3 3877/3/3
f 3881/3/3 3874/3/3 3856/3/3
f 3882/3/3 3874/3/3 3881/3/3
f 3883/3/3 3877/3/3 3876/3/3
f 3883/3/3 3876/3/3 3875/3/3
f 3884/3/3 3877/3/3 3883/3/3
f 3885/3/3 3877/3/3 3884/3/3
f 3888/1/3 3880/1/3 3879/1/3
f 3889/1/3 3880/1/3 3888/1/3
f 3891/4/3 3873/4/3 3872/4/3
f 3892/4/3 3873/4/3 3891/4/3
f 3895/3/3 3883/3/3 3882/3/3
f 3895/3/3 3884/3/3 3883/3/3
f 3896/3/3 3884/3/3 3895/3/3
f 3897/3/3 3884/3/3 3896/3/3
f 3899/3/3 3887/3/3 3886/3/3
f 3900/1/3 3890/1/3 3889/1/3
f 3900/1/3 3889/1/3 3888/1/3
f 3900/3/3 3887/3/3 3899/3/3
f 3900/1/3 3888/1/3 3887/1/3
f 3901/1/3 3890/1/3 3900/1/3
f 3902/4/3 3894/4/3 3893/4/3
f 3902/3/3 3896/3/3 3895/3/3
f 3902/3/3 3895/3/3 3894/3/3
f 3903/3/3 3896/3/3 3902/3/3
f 3904/3/3 3896/3/3 3903/3/3
f 3905/3/3 3896/3/3 3904/3/3
f 3907/3/3 3899/3/3 3898/3/3
f 3907/3/3 3901/3/3 3900/3/3
f 3907/3/3 3900/3/3 3899/3/3
f 3908/1/3 3890/1/3 3901/1/3
f 3908/3/3 3901/3/3 3907/3/3
f 3909/1/3 3890/1/3 3908/1/3
f 3910/4/3 3903/4/3 3902/4/3
f 3910/4/3 3902/4/3 3893/4/3
f 3911/4/3 3903/4/3 3910/4/3
f 3912/4/3 3903/4/3 3911/4/3
f 3913/3/3 3904/3/3 3903/3/3
f 3913/4/3 3903/4/3 3912/4/3
f 3914/3/3 3904/3/3 3913/3/3
f 3916/3/3 3907/3/3 3906/3/3
f 3916/3/3 3909/3/3 3908/3/3
f 3916/3/3 3908/3/3 3907/3/3
f 3917/3/3 3909/3/3 3916/3/3
f 3919/4/3 3912/4/3 3911/4/3
f 3920/4/3 3912/4/3 3919/4/3
f 3922/3/3 3918/3/3 3917/3/3
f 3922/3/3 3917/3/3 3916/3/3
f 3922/3/3 3916/3/3 3915/3/3
f 3923/3/3 3918/3/3 3922/3/3
f 3924/3/3 3918/3/3 3923/3/3
f 3927/3/3 3922/3/3 3921/3/3
f 3927/3/3 3923/3/3 3922/3/3
f 3928/3/3 3923/3/3 3927/3/3
f 3929/3/3 3923/3/3 3928/3/3
f 3932/4/3 3926/4/3 3925/4/3
f 3932/3/3 3927/3/3 3926/3/3
f 3932/3/3 3928/3/3 3927/3/3
f 3933/3/3 3928/3/3 3932/3/3
f 3934/3/3 3928/3/3 3933/3/3
f 3935/3/3 3928/3/3 3934/3/3
f 3937/3/3 3931/3/3 3930/3/3
f 3938/3/3 3931/3/3 3937/3/3
f 3939/4/3 3932/4/3 3925/4/3
f 3939/4/3 3933/4/3 3932/4/3
f 3940/4/3 3933/4/3 3939/4/3
f 3941/3/3 3934/3/3 3933/3/3
f 3941/4/3 3933/4/3 3940/4/3
f 3942/3/3 3934/3/3 3941/3/3
f 3944/3/3 3937/3/3 3936/3/3
f 3945/3/3 3937/3/3 3944/3/3
f 3946/3/3 3937/3/3 3945/3/3
f 3949/4/3 3941/4/3 3940/4/3
f 3950/4/3 3941/4/3 3949/4/3
f 3953/3/3 3945/3/3 3944/3/3
f 3953/3/3 3944/3/3 3943/3/3
f 3954/3/3 3945/3/3 3953/3/3
f 3955/3/3 3945/3/3 3954/3/3
f 3956/3/3 3945/3/3 3955/3/3
f 3957/3/3 3945/3/3 3956/3/3
f 3958/3/3 3947/3/3 3946/3/3
f 3959/1/3 3948/1/3 3947/1/3
f 3959/3/3 3947/3/3 3958/3/3
f 3961/4/3 3952/4/3 3951/4/3
f 3963/3/3 3956/3/3 3955/3/3
f 3964/3/3 3956/3/3 3963/3/3
f 3965/4/3 3961/4/3 3960/4/3
f 3965/4/3 3952/4/3 3961/4/3
f 3966/3/3 3954/3/3 3953/3/3
f 3966/4/3 3952/4/3 3965/4/3
f 3966/3/3 3953/3/3 3952/3/3
f 3967/3/3 3954/3/3 3966/3/3
f 3968/3/3 3954/3/3 3967/3/3
f 3969/1/3 3963/1/3 3962/1/3
f 3970/1/3 3963/1/3 3969/1/3
f 3971/1/3 3948/1/3 3959/1/3
f 3972/1/3 3948/1/3 3971/1/3
f 3973/4/3 3965/4/3 3960/4/3
f 3974/3/3 3967/3/3 3966/3/3
f 3974/4/3 3965/4/3 3973/4/3
f 3974/3/3 3966/3/3 3965/3/3
f 3975/3/3 3967/3/3 3974/3/3
f 3981/3/3 3977/3/3 3976/3/3
f 3982/3/3 3977/3/3 3981/3/3
f 3983/3/3 3977/3/3 3982/3/3
f 3984/3/3 3979/3/3 3978/3/3
f 3985/3/3 3979/3/3 3984/3/3
f 3986/3/3 3981/3/3 3980/3/3
f 3986/3/3 3982/3/3 3981/3/3
f 3987/1/3 3983/1/3 3982/1/3
f 3987/3/3 3982/3/3 3986/3/3
f 3988/1/3 3983/1/3 3987/1/3
f 3992/3/3 3987/3/3 3986/3/3
f 3992/3/3 3986/3/3 3985/3/3
f 3993/3/3 3987/3/3 3992/3/3
f 3994/3/3 3987/3/3 3993/3/3
f 3995/4/3 3991/4/3 3990/4/3
f 3996/4/3 3991/4/3 3995/4/3
f 3999/1/3 3994/1/3 3993/1/3
f 4000/1/3 3994/1/3 3999/1/3
f 4001/1/3 3989/1/3 3988/1/3
f 4002/1/3 3989/1/3 4001/1/3
f 4003/3/3 3998/3/3 3997/3/3
f 4004/3/3 3998/3/3 4003/3/3
f 4005/1/3 4001/1/3 4000/1/3
f 4006/1/3 4001/1/3 4005/1/3
f 4009/3/3 4008/3/3 4007/3/3
f 4010/3/3 4008/3/3 4009/3/3
f 4013/1/3 4012/1/3 4011/1/3
f 4014/1/3 4012/1/3 4013/1/3
f 4017/3/3 4016/3/3 4015/3/3
f 4018/3/3 4016/3/3 4017/3/3
f 4025/1/3 4024/1/3 4023/1/3
f 4026/1/3 4024/1/3 4025/1/3
f 4027/1/3 4024/1/3 4026/1/3
f 4028/2/3 4027/2/3 4026/2/3
f 4029/2/3 4020/2/3 4019/2/3
f 4031/2/3 4027/2/3 4028/2/3
f 4034/2/3 4022/2/3 4021/2/3
f 4035/2/3 4033/2/3 4032/2/3
f 4035/2/3 4031/2/3 4028/2/3
f 4035/2/3 4032/2/3 4031/2/3
f 4036/2/3 4033/2/3 4035/2/3
f 4037/2/3 4033/2/3 4036/2/3
f 4038/2/3 4033/2/3 4037/2/3
f 4042/2/3 4022/2/3 4034/2/3
f 4044/2/3 4040/2/3 4039/2/3
f 4045/2/3 4040/2/3 4044/2/3
f 4045/2/3 4044/2/3 4043/2/3
f 4046/2/3 4040/2/3 4045/2/3
f 4048/2/3 4045/2/3 4043/2/3
f 4049/2/3 4045/2/3 4048/2/3
f 4049/2/3 4048/2/3 4047/2/3
f 4050/2/3 4045/2/3 4049/2/3
f 4053/2/3 4042/2/3 4041/2/3
f 4053/2/3 4022/2/3 4042/2/3
f 4056/2/3 4049/2/3 4047/2/3
f 4058/2/3 4052/2/3 4051/2/3
f 4059/2/3 4052/2/3 4058/2/3
f 4060/2/3 4030/2/3 4029/2/3
f 4062/2/3 4037/2/3 4036/2/3
f 4063/2/3 4056/2/3 4055/2/3
f 4064/2/3 4049/2/3 4056/2/3
f 4064/2/3 4056/2/3 4063/2/3
f 4065/2/3 4049/2/3 4064/2/3
f 4067/2/3 4058/2/3 4057/2/3
f 4067/2/3 4059/2/3 4058/2/3
f 4068/2/3 4059/2/3 4067/2/3
f 4069/2/3 4059/2/3 4068/2/3
f 4071/2/3 4062/2/3 4036/2/3
f 4071/2/3 4063/2/3 4062/2/3
f 4071/2/3 4064/2/3 4063/2/3
f 4072/2/3 4064/2/3 4071/2/3
f 4073/2/3 4064/2/3 4072/2/3
f 4074/2/3 4064/2/3 4073/2/3
f 4075/2/3 4064/2/3 4074/2/3
f 4077/2/3 4068/2/3 4067/2/3
f 4077/2/3 4067/2/3 4066/2/3
f 4078/2/3 4068/2/3 4077/2/3
f 4079/2/3 4068/2/3 4078/2/3
f 4080/2/3 4054/2/3 4053/2/3
f 4080/2/3 4053/2/3 4041/2/3
f 4081/2/3 4074/2/3 4073/2/3
f 4082/2/3 4074/2/3 4081/2/3
f 4084/2/3 4078/2/3 4077/2/3
f 4084/2/3 4077/2/3 4076/2/3
f 4085/2/3 4078/2/3 4084/2/3
f 4086/2/3 4078/2/3 4085/2/3
f 4087/2/3 4071/2/3 4070/2/3
f 4087/2/3 4072/2/3 4071/2/3
f 4089/2/3 4085/2/3 4084/2/3
f 4089/2/3 4084/2/3 4083/2/3
f 4092/2/3 4061/2/3 4060/2/3
f 4093/2/3 4072/2/3 4087/2/3
f 4094/2/3 4089/2/3 4088/2/3
f 4094/2/3 4085/2/3 4089/2/3
f 4095/2/3 4085/2/3 4094/2/3
f 4097/2/3 4091/2/3 4090/2/3
f 4098/2/3 4091/2/3 4097/2/3
f 4099/2/3 4029/2/3 4019/2/3
f 4099/2/3 4060/2/3 4029/2/3
f 4099/2/3 4092/2/3 4060/2/3
f 4100/2/3 4092/2/3 4099/2/3
f 4101/2/3 4054/2/3 4080/2/3
f 4102/2/3 4054/2/3 4101/2/3
f 4103/2/3 4093/2/3 4087/2/3
f 4104/2/3 4093/2/3 4103/2/3
f 4106/2/3 4074/2/3 4082/2/3
f 4107/2/3 4074/2/3 4106/2/3
f 4109/2/3 4094/2/3 4088/2/3
f 4110/2/3 4094/2/3 4109/2/3
f 4111/2/3 4094/2/3 4110/2/3
f 4113/2/3 4098/2/3 4097/2/3
f 4113/2/3 4097/2/3 4096/2/3
f 4114/2/3 4098/2/3 4113/2/3
f 4115/2/3 4098/2/3 4114/2/3
f 4116/2/3 4098/2/3 4115/2/3
f 4117/2/3 4103/2/3 4087/2/3
f 4118/2/3 4103/2/3 4117/2/3
f 4119/2/3 4074/2/3 4107/2/3
f 4120/2/3 4110/2/3 4109/2/3
f 4120/2/3 4109/2/3 4108/2/3
f 4121/2/3 4110/2/3 4120/2/3
f 4122/2/3 4110/2/3 4121/2/3
f 4124/2/3 4114/2/3 4113/2/3
f 4124/2/3 4113/2/3 4112/2/3
f 4125/2/3 4114/2/3 4124/2/3
f 4126/2/3 4114/2/3 4125/2/3
f 4127/2/3 4106/2/3 4105/2/3
f 4128/2/3 4106/2/3 4127/2/3
f 4129/2/3 4121/2/3 4120/2/3
f 4129/2/3 4119/2/3 4107/2/3
f 4129/2/3 4120/2/3 4119/2/3
f 4130/2/3 4121/2/3 4129/2/3
f 4131/2/3 4121/2/3 4130/2/3
f 4132/2/3 4121/2/3 4131/2/3
f 4134/2/3 4125/2/3 4124/2/3
f 4134/2/3 4124/2/3 4123/2/3
f 4135/2/3 4125/2/3 4134/2/3
f 4136/2/3 4125/2/3 4135/2/3
f 4137/3/3 4130/3/3 4129/3/3
f 4138/2/3 4131/2/3 4130/2/3
f 4138/3/3 4130/3/3 4137/3/3
f 4139/2/3 4131/2/3 4138/2/3
f 4140/2/3 4135/2/3 4134/2/3
f 4140/2/3 4134/2/3 4133/2/3
f 4141/2/3 4135/2/3 4140/2/3
f 4144/3/3 4139/3/3 4138/3/3
f 4145/3/3 4139/3/3 4144/3/3
f 4147/2/3 4140/2/3 4133/2/3
f 4148/2/3 4140/2/3 4147/2/3
f 4150/2/3 4143/2/3 4142/2/3
f 4151/5/3 4145/5/3 4144/5/3
f 4153/2/3 4147/2/3 4146/2/3
f 4154/2/3 4147/2/3 4153/2/3
f 4156/2/3 4150/2/3 4149/2/3
f 4157/2/3 4143/2/3 4150/2/3
f 4157/2/3 4150/2/3 4156/2/3
f 4158/2/3 4143/2/3 4157/2/3
f 4159/2/3 4143/2/3 4158/2/3
f 4160/5/3 4151/5/3 4144/5/3
f 4161/3/3 4152/3/3 4151/3/3
f 4161/5/3 4151/5/3 4160/5/3
f 4162/2/3 4153/2/3 4152/2/3
f 4162/3/3 4152/3/3 4161/3/3
f 4163/2/3 4153/2/3 4162/2/3
f 4164/2/3 4153/2/3 4163/2/3
f 4166/2/3 4156/2/3 4155/2/3
f 4166/2/3 4157/2/3 4156/2/3
f 4167/2/3 4157/2/3 4166/2/3
f 4168/2/3 4157/2/3 4167/2/3
f 4169/4/3 4161/4/3 4160/4/3
f 4170/4/3 4161/4/3 4169/4/3
f 4172/2/3 4167/2/3 4166/2/3
f 4172/2/3 4166/2/3 4165/2/3
f 4173/2/3 4167/2/3 4172/2/3
f 4174/2/3 4167/2/3 4173/2/3
f 4176/2/3 4172/2/3 4171/2/3
f 4176/2/3 4173/2/3 4172/2/3
f 4177/2/3 4173/2/3 4176/2/3
f 4178/2/3 4173/2/3 4177/2/3
f 4179/2/3 4176/2/3 4175/2/3
f 4179/2/3 4177/2/3 4176/2/3
f 4180/2/3 4177/2/3 4179/2/3
f 4183/2/3 4179/2/3 4175/2/3
f 4184/2/3 4179/2/3 4183/2/3
f 4186/2/3 4182/2/3 4181/2/3
f 4188/2/3 4186/2/3 4185/2/3
f 4189/2/3 4186/2/3 4188/2/3
f 4190/2/3 4182/2/3 4186/2/3
f 4190/2/3 4186/2/3 4189/2/3
f 4195/2/3 4189/2/3 4188/2/3
f 4195/2/3 4188/2/3 4187/2/3
f 4196/2/3 4189/2/3 4195/2/3
f 4197/2/3 4189/2/3 4196/2/3
f 4199/3/3 4192/3/3 4191/3/3
f 4199/3/3 4193/3/3 4192/3/3
f 4200/3/3 4193/3/3 4199/3/3
f 4201/3/3 4193/3/3 4200/3/3
f 4202/2/3 4196/2/3 4195/2/3
f 4202/2/3 4195/2/3 4194/2/3
f 4203/2/3 4196/2/3 4202/2/3
f 4204/2/3 4196/2/3 4203/2/3
f 4205/2/3 4196/2/3 4204/2/3
f 4209/5/3 4199/5/3 4198/5/3
f 4210/5/3 4199/5/3 4209/5/3
f 4212/2/3 4203/2/3 4202/2/3
f 4213/2/3 4203/2/3 4212/2/3
f 4214/5/3 4207/5/3 4206/5/3
f 4215/5/3 4207/5/3 4214/5/3
f 4216/5/3 4210/5/3 4209/5/3
f 4216/5/3 4209/5/3 4208/5/3
f 4218/5/3 4214/5/3 4206/5/3
f 4219/5/3 4214/5/3 4218/5/3
f 4220/5/3 4216/5/3 4215/5/3
f 4221/5/3 4216/5/3 4220/5/3
f 4222/5/3 4210/5/3 4216/5/3
f 4222/5/3 4216/5/3 4221/5/3
f 4223/3/3 4211/3/3 4210/3/3
f 4223/5/3 4210/5/3 4222/5/3
f 4224/3/3 4211/3/3 4223/3/3
f 4229/5/3 4219/5/3 4218/5/3
f 4229/5/3 4218/5/3 4217/5/3
f 4229/5/3 4220/5/3 4219/5/3
f 4230/5/3 4220/5/3 4229/5/3
f 4231/2/3 4222/2/3 4221/2/3
f 4232/2/3 4222/2/3 4231/2/3
f 4234/2/3 4224/2/3 4223/2/3
f 4235/2/3 4224/2/3 4234/2/3
f 4238/4/3 4226/4/3 4225/4/3
f 4239/4/3 4226/4/3 4238/4/3
f 4240/5/3 4228/5/3 4227/5/3
f 4241/5/3 4228/5/3 4240/5/3
f 4243/2/3 4232/2/3 4231/2/3
f 4243/2/3 4233/2/3 4232/2/3
f 4243/2/3 4231/2/3 4230/2/3
f 4244/2/3 4233/2/3 4243/2/3
f 4245/2/3 4233/2/3 4244/2/3
f 4246/5/3 4234/5/3 4233/5/3
f 4246/2/3 4233/2/3 4245/2/3
f 4247/5/3 4234/5/3 4246/5/3
f 4248/1/3 4237/1/3 4236/1/3
f 4251/2/3 4243/2/3 4242/2/3
f 4252/5/3 4244/5/3 4243/5/3
f 4252/2/3 4243/2/3 4251/2/3
f 4253/5/3 4244/5/3 4252/5/3
f 4254/5/3 4246/5/3 4245/5/3
f 4255/5/3 4246/5/3 4254/5/3
f 4257/1/3 4237/1/3 4248/1/3
f 4258/1/3 4237/1/3 4257/1/3
f 4260/2/3 4250/2/3 4249/2/3
f 4261/5/3 4251/5/3 4250/5/3
f 4261/2/3 4250/2/3 4260/2/3
f 4262/5/3 4251/5/3 4261/5/3
f 4263/5/3 4251/5/3 4262/5/3
f 4264/5/3 4251/5/3 4263/5/3
f 4265/5/3 4253/5/3 4252/5/3
f 4265/5/3 4254/5/3 4253/5/3
f 4266/5/3 4254/5/3 4265/5/3
f 4267/5/3 4254/5/3 4266/5/3
f 4268/5/3 4254/5/3 4267/5/3
f 4270/3/3 4257/3/3 4256/3/3
f 4271/3/3 4260/3/3 4259/3/3
f 4272/3/3 4260/3/3 4271/3/3
f 4273/5/3 4263/5/3 4262/5/3
f 4274/5/3 4263/5/3 4273/5/3
f 4275/5/3 4266/5/3 4265/5/3
f 4275/5/3 4265/5/3 4264/5/3
f 4276/5/3 4269/5/3 4268/5/3
f 4276/5/3 4268/5/3 4267/5/3
f 4277/3/3 4257/3/3 4270/3/3
f 4278/3/3 4257/3/3 4277/3/3
f 4279/5/3 4274/5/3 4273/5/3
f 4279/5/3 4273/5/3 4272/5/3
f 4280/5/3 4274/5/3 4279/5/3
f 4281/5/3 4274/5/3 4280/5/3
f 4282/5/3 4266/5/3 4275/5/3
f 4283/5/3 4266/5/3 4282/5/3
f 4284/5/3 4276/5/3 4267/5/3
f 4284/5/3 4277/5/3 4276/5/3
f 4285/5/3 4277/5/3 4284/5/3
f 4287/5/3 4279/5/3 4272/5/3
f 4288/5/3 4279/5/3 4287/5/3
f 4290/5/3 4283/5/3 4282/5/3
f 4290/5/3 4281/5/3 4280/5/3
f 4290/5/3 4282/5/3 4281/5/3
f 4291/2/3 4284/2/3 4283/2/3
f 4291/5/3 4283/5/3 4290/5/3
f 4292/2/3 4284/2/3 4291/2/3
f 4293/2/3 4286/2/3 4285/2/3
f 4294/2/3 4286/2/3 4293/2/3
f 4295/2/3 4289/2/3 4288/2/3
f 4295/2/3 4288/2/3 4287/2/3
f 4299/2/3 4295/2/3 4287/2/3
f 4299/2/3 4296/2/3 4295/2/3
f 4300/2/3 4296/2/3 4299/2/3
f 4301/2/3 4296/2/3 4300/2/3
f 4305/5/3 4301/5/3 4300/5/3
f 4305/5/3 4302/5/3 4301/5/3
f 4306/5/3 4302/5/3 4305/5/3
f 4307/5/3 4302/5/3 4306/5/3
f 4308/5/3 4304/5/3 4303/5/3
f 4309/5/3 4304/5/3 4308/5/3
f 4311/2/3 4298/2/3 4297/2/3
f 4312/2/3 4298/2/3 4311/2/3
f 4314/5/3 4305/5/3 4300/5/3
f 4315/5/3 4305/5/3 4314/5/3
f 4317/5/3 4308/5/3 4307/5/3
f 4318/5/3 4308/5/3 4317/5/3
f 4321/3/3 4312/3/3 4311/3/3
f 4321/1/3 4313/1/3 4312/1/3
f 4322/1/3 4313/1/3 4321/1/3
f 4323/5/3 4316/5/3 4315/5/3
f 4324/5/3 4316/5/3 4323/5/3
f 4326/5/3 4320/5/3 4319/5/3
f 4327/5/3 4320/5/3 4326/5/3
f 4328/5/3 4311/5/3 4310/5/3
f 4329/3/3 4321/3/3 4311/3/3
f 4329/5/3 4311/5/3 4328/5/3
f 4330/3/3 4321/3/3 4329/3/3
f 4331/5/3 4326/5/3 4325/5/3
f 4332/5/3 4326/5/3 4331/5/3
f 4339/3/3 4335/3/3 4334/3/3
f 4339/1/3 4336/1/3 4335/1/3
f 4340/1/3 4336/1/3 4339/1/3
f 4343/5/3 4334/5/3 4333/5/3
f 4344/5/3 4334/5/3 4343/5/3
f 4345/3/3 4339/3/3 4334/3/3
f 4345/5/3 4334/5/3 4344/5/3
f 4346/3/3 4339/3/3 4345/3/3
f 4347/4/3 4338/4/3 4337/4/3
f 4348/4/3 4338/4/3 4347/4/3
f 4349/5/3 4342/5/3 4341/5/3
f 4350/5/3 4342/5/3 4349/5/3
f 4352/2/3 4345/2/3 4344/2/3
f 4353/2/3 4345/2/3 4352/2/3
f 4358/5/3 4352/5/3 4351/5/3
f 4359/3/3 4353/3/3 4352/3/3
f 4359/5/3 4352/5/3 4358/5/3
f 4360/1/3 4354/1/3 4353/1/3
f 4360/3/3 4353/3/3 4359/3/3
f 4363/5/3 4356/5/3 4355/5/3
f 4364/5/3 4359/5/3 4358/5/3
f 4364/5/3 4358/5/3 4357/5/3
f 4365/5/3 4359/5/3 4364/5/3
f 4366/1/3 4354/1/3 4360/1/3
f 4367/1/3 4354/1/3 4366/1/3
f 4368/2/3 4362/2/3 4361/2/3
f 4369/2/3 4362/2/3 4368/2/3
f 4370/5/3 4363/5/3 4362/5/3
f 4370/2/3 4362/2/3 4369/2/3
f 4371/5/3 4356/5/3 4363/5/3
f 4371/5/3 4363/5/3 4370/5/3
f 4374/2/3 4370/2/3 4369/2/3
f 4375/2/3 4370/2/3 4374/2/3
f 4376/5/3 4373/5/3 4372/5/3
f 4377/5/3 4373/5/3 4376/5/3
f 4380/2/3 4379/2/3 4378/2/3
f 4381/2/3 4379/2/3 4380/2/3
f 4386/2/3 4383/2/3 4382/2/3
f 4387/2/3 4383/2/3 4386/2/3
f 4389/5/3 4385/5/3 4384/5/3
f 4390/5/3 4385/5/3 4389/5/3
f 4393/2/3 4392/2/3 4391/2/3
f 4394/2/3 4392/2/3 4393/2/3
f 4397/2/3 4389/2/3 4388/2/3
f 4398/2/3 4389/2/3 4397/2/3
f 4399/2/3 4396/2/3 4395/2/3
f 4400/2/3 4396/2/3 4399/2/3
f 4403/3/3 4402/3/3 4401/3/3
f 4404/3/3 4402/3/3 4403/3/3
f 4414/5/3 4406/5/3 4405/5/3
f 4415/5/3 4406/5/3 4414/5/3
f 4416/5/3 4408/5/3 4407/5/3
f 4417/5/3 4408/5/3 4416/5/3
f 4418/5/3 4408/5/3 4417/5/3
f 4419/3/3 4410/3/3 4409/3/3
f 4420/3/3 4410/3/3 4419/3/3
f 4421/5/3 4412/5/3 4411/5/3
f 4422/5/3 4412/5/3 4421/5/3
f 4423/5/3 4412/5/3 4422/5/3
f 4424/5/3 4412/5/3 4423/5/3
f 4425/5/3 4414/5/3 4413/5/3
f 4426/5/3 4414/5/3 4425/5/3
f 4427/2/3 4421/2/3 4420/2/3
f 4428/5/3 4422/5/3 4421/5/3
f 4428/2/3 4421/2/3 4427/2/3
f 4429/5/3 4422/5/3 4428/5/3
f 4430/5/3 4424/5/3 4423/5/3
f 4430/5/3 4425/5/3 4424/5/3
f 4431/5/3 4425/5/3 4430/5/3
f 4434/5/3 4432/5/3 4431/5/3
f 4435/5/3 4432/5/3 4434/5/3
f 4440/5/3 4434/5/3 4433/5/3
f 4441/5/3 4434/5/3 4440/5/3
f 4444/5/3 4437/5/3 4436/5/3
f 4445/5/3 4437/5/3 4444/5/3
f 4447/3/3 4439/3/3 4438/3/3
f 4448/3/3 4439/3/3 4447/3/3
f 4449/5/3 4443/5/3 4442/5/3
f 4450/5/3 4443/5/3 4449/5/3
f 4451/5/3 4443/5/3 4450/5/3
f 4453/5/3 4446/5/3 4445/5/3
f 4454/5/3 4446/5/3 4453/5/3
f 4456/2/3 4452/2/3 4451/2/3
f 4456/2/3 4451/2/3 4450/2/3
f 4457/2/3 4452/2/3 4456/2/3
f 4458/2/3 4452/2/3 4457/2/3
f 4459/2/3 4455/2/3 4454/2/3
f 4459/2/3 4454/2/3 4453/2/3
f 4460/2/3 4455/2/3 4459/2/3
f 4461/2/3 4455/2/3 4460/2/3
f 4462/2/3 4455/2/3 4461/2/3
f 4465/2/3 4458/2/3 4457/2/3
f 4465/2/3 4459/2/3 4458/2/3
f 4465/2/3 4460/2/3 4459/2/3
f 4466/2/3 4460/2/3 4465/2/3
f 4467/2/3 4460/2/3 4466/2/3
f 4468/2/3 4460/2/3 4467/2/3
f 4469/2/3 4460/2/3 4468/2/3
f 4470/2/3 4460/2/3 4469/2/3
f 4473/5/3 4467/5/3 4466/5/3
f 4474/5/3 4467/5/3 4473/5/3
f 4475/5/3 4469/5/3 4468/5/3
f 4476/5/3 4469/5/3 4475/5/3
f 4477/5/3 4471/5/3 4470/5/3
f 4478/5/3 4471/5/3 4477/5/3
f 4480/5/3 4464/5/3 4463/5/3
f 4481/5/3 4464/5/3 4480/5/3
f 4483/5/3 4473/5/3 4472/5/3
f 4484/5/3 4477/5/3 4476/5/3
f 4484/5/3 4476/5/3 4475/5/3
f 4484/5/3 4475/5/3 4474/5/3
f 4485/5/3 4477/5/3 4484/5/3
f 4486/5/3 4477/5/3 4485/5/3
f 4487/3/3 4480/3/3 4479/3/3
f 4488/3/3 4480/3/3 4487/3/3
f 4489/5/3 4482/5/3 4481/5/3
f 4490/5/3 4482/5/3 4489/5/3
f 4491/5/3 4483/5/3 4472/5/3
f 4491/5/3 4484/5/3 4483/5/3
f 4492/5/3 4484/5/3 4491/5/3
f 4494/5/3 4477/5/3 4486/5/3
f 4495/5/3 4477/5/3 4494/5/3
f 4499/5/3 4491/5/3 4490/5/3
f 4500/5/3 4491/5/3 4499/5/3
f 4503/5/3 4494/5/3 4493/5/3
f 4504/5/3 4494/5/3 4503/5/3
f 4505/5/3 4496/5/3 4495/5/3
f 4506/3/3 4497/3/3 4496/3/3
f 4506/5/3 4496/5/3 4505/5/3
f 4507/3/3 4497/3/3 4506/3/3
f 4510/5/3 4499/5/3 4498/5/3
f 4511/5/3 4499/5/3 4510/5/3
f 4513/5/3 4505/5/3 4504/5/3
f 4513/5/3 4502/5/3 4501/5/3
f 4513/5/3 4504/5/3 4503/5/3
f 4513/5/3 4503/5/3 4502/5/3
f 4514/5/3 4505/5/3 4513/5/3
f 4515/5/3 4505/5/3 4514/5/3
f 4516/5/3 4505/5/3 4515/5/3
f 4517/5/3 4505/5/3 4516/5/3
f 4518/3/3 4509/3/3 4508/3/3
f 4519/3/3 4509/3/3 4518/3/3
f 4523/5/3 4513/5/3 4512/5/3
f 4523/5/3 4514/5/3 4513/5/3
f 4524/5/3 4514/5/3 4523/5/3
f 4525/5/3 4514/5/3 4524/5/3
f 4526/5/3 4514/5/3 4525/5/3
f 4527/5/3 4516/5/3 4515/5/3
f 4528/5/3 4516/5/3 4527/5/3
f 4531/5/3 4520/5/3 4519/5/3
f 4532/5/3 4520/5/3 4531/5/3
f 4533/5/3 4522/5/3 4521/5/3
f 4534/5/3 4525/5/3 4524/5/3
f 4536/5/3 4529/5/3 4528/5/3
f 4536/5/3 4530/5/3 4529/5/3
f 4537/5/3 4530/5/3 4536/5/3
f 4538/5/3 4534/5/3 4533/5/3
f 4538/5/3 4533/5/3 4521/5/3
f 4539/5/3 4525/5/3 4534/5/3
f 4539/5/3 4534/5/3 4538/5/3
f 4540/5/3 4525/5/3 4539/5/3
f 4541/5/3 4536/5/3 4535/5/3
f 4542/5/3 4536/5/3 4541/5/3
f 4543/5/3 4536/5/3 4542/5/3
f 4546/5/3 4538/5/3 4521/5/3
f 4547/5/3 4538/5/3 4546/5/3
f 4548/5/3 4542/5/3 4541/5/3
f 4548/5/3 4541/5/3 4540/5/3
f 4550/3/3 4545/3/3 4544/3/3
f 4551/3/3 4545/3/3 4550/3/3
f 4554/5/3 4549/5/3 4548/5/3
f 4554/5/3 4548/5/3 4540/5/3
f 4555/5/3 4549/5/3 4554/5/3
f 4556/5/3 4549/5/3 4555/5/3
f 4557/3/3 4551/3/3 4550/3/3
f 4558/3/3 4551/3/3 4557/3/3
f 4559/5/3 4553/5/3 4552/5/3
f 4562/5/3 4554/5/3 4540/5/3
f 4563/5/3 4554/5/3 4562/5/3
f 4566/5/3 4559/5/3 4552/5/3
f 4567/5/3 4559/5/3 4566/5/3
f 4568/5/3 4561/5/3 4560/5/3
f 4570/5/3 4564/5/3 4563/5/3
f 4571/5/3 4564/5/3 4570/5/3
f 4572/5/3 4566/5/3 4565/5/3
f 4573/5/3 4566/5/3 4572/5/3
f 4575/5/3 4569/5/3 4568/5/3
f 4575/5/3 4568/5/3 4560/5/3
f 4576/5/3 4569/5/3 4575/5/3
f 4577/5/3 4569/5/3 4576/5/3
f 4580/5/3 4577/5/3 4576/5/3
f 4581/5/3 4577/5/3 4580/5/3
f 4583/5/3 4579/5/3 4578/5/3
f 4584/5/3 4579/5/3 4583/5/3
f 4585/5/3 4575/5/3 4574/5/3
f 4586/5/3 4575/5/3 4585/5/3
f 4588/5/3 4583/5/3 4582/5/3
f 4589/5/3 4583/5/3 4588/5/3
f 4592/5/3 4588/5/3 4587/5/3
f 4592/5/3 4590/5/3 4589/5/3
f 4592/5/3 4589/5/3 4588/5/3
f 4593/5/3 4590/5/3 4592/5/3
f 4594/5/3 4590/5/3 4593/5/3
f 4595/5/3 4590/5/3 4594/5/3
f 4596/5/3 4592/5/3 4591/5/3
f 4597/5/3 4592/5/3 4596/5/3
f 4598/5/3 4592/5/3 4597/5/3
f 4599/5/3 4594/5/3 4593/5/3
f 4603/5/3 4598/5/3 4597/5/3
f 4603/5/3 4599/5/3 4598/5/3
f 4604/5/3 4599/5/3 4603/5/3
f 4605/5/3 4594/5/3 4599/5/3
f 4605/5/3 4599/5/3 4604/5/3
f 4606/5/3 4603/5/3 4602/5/3
f 4608/5/3 4601/5/3 4600/5/3
f 4609/5/3 4601/5/3 4608/5/3
f 4610/5/3 4607/5/3 4606/5/3
f 4610/5/3 4606/5/3 4602/5/3
f 4611/5/3 4607/5/3 4610/5/3
f 4612/5/3 4607/5/3 4611/5/3
f 4615/5/3 4614/5/3 4613/5/3
f 4616/5/3 4614/5/3 4615/5/3
f 4619/5/3 4618/5/3 4617/5/3
f 4620/5/3 4618/5/3 4619/5/3
f 4623/3/3 4622/3/3 4621/3/3
f 4624/3/3 4622/3/3 4623/3/3
f 4629/5/3 4626/5/3 4625/5/3
f 4630/5/3 4626/5/3 4629/5/3
f 4631/5/3 4628/5/3 4627/5/3
f 4632/5/3 4628/5/3 4631/5/3
f 4637/2/3 4634/2/3 4633/2/3
f 4638/2/3 4634/2/3 4637/2/3
f 4639/2/3 4636/2/3 4635/2/3
f 4640/2/3 4636/2/3 4639/2/3
f 4646/2/3 4642/2/3 4641/2/3
f 4647/2/3 4642/2/3 4646/2/3
f 4648/3/3 4644/3/3 4643/3/3
f 4649/3/3 4644/3/3 4648/3/3
f 4650/5/3 4646/5/3 4645/5/3
f 4651/5/3 4646/5/3 4650/5/3
f 4655/5/3 4653/5/3 4652/5/3
f 4656/5/3 4653/5/3 4655/5/3
f 4657/5/3 4653/5/3 4656/5/3
f 4661/5/3 4655/5/3 4654/5/3
f 4662/5/3 4655/5/3 4661/5/3
f 4663/5/3 4659/5/3 4658/5/3
f 4664/5/3 4659/5/3 4663/5/3
f 4667/5/3 4661/5/3 4660/5/3
f 4668/5/3 4661/5/3 4667/5/3
f 4674/5/3 4666/5/3 4665/5/3
f 4674/5/3 4667/5/3 4666/5/3
f 4674/5/3 4668/5/3 4667/5/3
f 4674/5/3 4669/5/3 4668/5/3
f 4675/5/3 4669/5/3 4674/5/3
f 4676/5/3 4669/5/3 4675/5/3
f 4677/5/3 4669/5/3 4676/5/3
f 4679/5/3 4671/5/3 4670/5/3
f 4680/5/3 4671/5/3 4679/5/3
f 4681/5/3 4673/5/3 4672/5/3
f 4682/5/3 4673/5/3 4681/5/3
f 4683/5/3 4676/5/3 4675/5/3
f 4684/5/3 4676/5/3 4683/5/3
f 4685/5/3 4679/5/3 4678/5/3
f 4686/5/3 4681/5/3 4680/5/3
f 4687/5/3 4681/5/3 4686/5/3
f 4689/5/3 4685/5/3 4678/5/3
f 4690/5/3 4685/5/3 4689/5/3
f 4697/5/3 4689/5/3 4688/5/3
f 4698/5/3 4689/5/3 4697/5/3
f 4701/5/3 4692/5/3 4691/5/3
f 4702/5/3 4692/5/3 4701/5/3
f 4704/5/3 4694/5/3 4693/5/3
f 4706/5/3 4696/5/3 4695/5/3
f 4707/5/3 4696/5/3 4706/5/3
f 4710/5/3 4704/5/3 4703/5/3
f 4711/5/3 4694/5/3 4704/5/3
f 4711/5/3 4704/5/3 4710/5/3
f 4712/5/3 4694/5/3 4711/5/3
f 4713/5/3 4706/5/3 4705/5/3
f 4714/5/3 4709/5/3 4708/5/3
f 4714/5/3 4708/5/3 4707/5/3
f 4715/5/3 4709/5/3 4714/5/3
f 4716/5/3 4700/5/3 4699/5/3
f 4717/5/3 4700/5/3 4716/5/3
f 4721/5/3 4713/5/3 4712/5/3
f 4722/5/3 4706/5/3 4713/5/3
f 4722/5/3 4713/5/3 4721/5/3
f 4723/5/3 4706/5/3 4722/5/3
f 4725/5/3 4716/5/3 4715/5/3
f 4726/5/3 4716/5/3 4725/5/3
f 4728/3/3 4719/3/3 4718/3/3
f 4730/5/3 4721/5/3 4720/5/3
f 4730/5/3 4722/5/3 4721/5/3
f 4731/5/3 4722/5/3 4730/5/3
f 4732/5/3 4724/5/3 4723/5/3
f 4734/3/3 4728/3/3 4727/3/3
f 4735/3/3 4719/3/3 4728/3/3
f 4735/3/3 4728/3/3 4734/3/3
f 4737/5/3 4730/5/3 4729/5/3
f 4738/5/3 4730/5/3 4737/5/3
f 4739/5/3 4722/5/3 4731/5/3
f 4740/5/3 4722/5/3 4739/5/3
f 4741/5/3 4733/5/3 4732/5/3
f 4741/5/3 4732/5/3 4723/5/3
f 4742/5/3 4733/5/3 4741/5/3
f 4743/5/3 4737/5/3 4736/5/3
f 4744/5/3 4737/5/3 4743/5/3
f 4745/5/3 4740/5/3 4739/5/3
f 4745/5/3 4739/5/3 4738/5/3
f 4746/5/3 4740/5/3 4745/5/3
f 4747/5/3 4733/5/3 4742/5/3
f 4748/5/3 4733/5/3 4747/5/3
f 4753/5/3 4750/5/3 4749/5/3
f 4754/5/3 4750/5/3 4753/5/3
f 4758/5/3 4752/5/3 4751/5/3
f 4759/5/3 4752/5/3 4758/5/3
f 4760/3/3 4754/3/3 4753/3/3
f 4761/3/3 4754/3/3 4760/3/3
f 4762/5/3 4757/5/3 4756/5/3
f 4762/5/3 4756/5/3 4755/5/3
f 4763/5/3 4757/5/3 4762/5/3
f 4766/5/3 4761/5/3 4760/5/3
f 4767/5/3 4761/5/3 4766/5/3
f 4768/5/3 4762/5/3 4755/5/3
f 4769/5/3 4762/5/3 4768/5/3
f 4773/5/3 4765/5/3 4764/5/3
f 4774/5/3 4765/5/3 4773/5/3
f 4775/5/3 4765/5/3 4774/5/3
f 4776/5/3 4771/5/3 4770/5/3
f 4777/5/3 4773/5/3 4772/5/3
f 4777/5/3 4774/5/3 4773/5/3
f 4778/5/3 4774/5/3 4777/5/3
f 4779/5/3 4776/5/3 4770/5/3
f 4779/5/3 4777/5/3 4776/5/3
f 4780/5/3 4777/5/3 4779/5/3
f 4783/5/3 4782/5/3 4781/5/3
f 4785/5/3 4783/5/3 4781/5/3
f 4785/5/3 4784/5/3 4783/5/3
f 4786/5/3 4784/5/3 4785/5/3
f 4787/5/3 4784/5/3 4786/5/3
f 4790/5/3 4787/5/3 4786/5/3
f 4791/5/3 4787/5/3 4790/5/3
f 4792/5/3 4789/5/3 4788/5/3
f 4793/5/3 4789/5/3 4792/5/3
f 4798/5/3 4795/5/3 4794/5/3
f 4799/5/3 4795/5/3 4798/5/3
f 4800/5/3 4797/5/3 4796/5/3
f 4801/5/3 4797/5/3 4800/5/3
f 4802/5/3 4800/5/3 4799/5/3
f 4803/5/3 4800/5/3 4802/5/3
f 4806/5/3 4805/5/3 4804/5/3
f 4807/5/3 4805/5/3 4806/5/3
f 4813/5/3 4809/5/3 4808/5/3
f 4814/5/3 4809/5/3 4813/5/3
f 4815/5/3 4811/5/3 4810/5/3
f 4816/3/3 4812/3/3 4811/3/3
f 4816/5/3 4811/5/3 4815/5/3
f 4817/3/3 4812/3/3 4816/3/3
f 4823/5/3 4819/5/3 4818/5/3
f 4824/5/3 4819/5/3 4823/5/3
f 4825/5/3 4823/5/3 4822/5/3
f 4826/5/3 4823/5/3 4825/5/3
f 4831/5/3 4828/5/3 4827/5/3
f 4832/5/3 4828/5/3 4831/5/3
f 4833/5/3 4828/5/3 4832/5/3
f 4835/5/3 4821/5/3 4820/5/3
f 4836/5/3 4821/5/3 4835/5/3
f 4837/5/3 4830/5/3 4829/5/3
f 4838/5/3 4830/5/3 4837/5/3
f 4839/5/3 4834/5/3 4833/5/3
f 4839/5/3 4833/5/3 4832/5/3
f 4840/5/3 4834/5/3 4839/5/3
f 4843/5/3 4842/5/3 4841/5/3
f 4844/5/3 4842/5/3 4843/5/3
f 4845/5/3 4843/5/3 4841/5/3
f 4846/5/3 4843/5/3 4845/5/3
f 4850/5/3 4848/5/3 4847/5/3
f 4851/5/3 4848/5/3 4850/5/3
f 4855/5/3 4850/5/3 4849/5/3
f 4856/5/3 4850/5/3 4855/5/3
f 4857/5/3 4853/5/3 4852/5/3
f 4858/5/3 4853/5/3 4857/5/3
f 4859/5/3 4855/5/3 4854/5/3
f 4860/5/3 4855/5/3 4859/5/3
f 4862/5/3 4860/5/3 4859/5/3
f 4862/5/3 4861/5/3 4860/5/3
f 4863/5/3 4861/5/3 4862/5/3
f 4867/5/3 4861/5/3 4863/5/3
f 4868/5/3 4861/5/3 4867/5/3
f 4870/5/3 4869/5/3 4868/5/3
f 4871/5/3 4869/5/3 4870/5/3
f 4872/5/3 4866/5/3 4865/5/3
f 4872/5/3 4865/5/3 4864/5/3
f 4873/5/3 4866/5/3 4872/5/3
f 4874/5/3 4866/5/3 4873/5/3
f 4876/5/3 4870/5/3 4868/5/3
f 4877/5/3 4870/5/3 4876/5/3
f 4880/5/3 4875/5/3 4874/5/3
f 4881/5/3 4875/5/3 4880/5/3
f 4882/5/3 4879/5/3 4878/5/3
f 4883/5/3 4879/5/3 4882/5/3
f 4886/5/3 4885/5/3 4884/5/3
f 4887/5/3 4885/5/3 4886/5/3
f 4893/5/3 4890/5/3 4889/5/3
f 4893/5/3 4889/5/3 4888/5/3
f 4894/5/3 4890/5/3 4893/5/3
f 4897/5/3 4892/5/3 4891/5/3
f 4901/5/3 4896/5/3 4895/5/3
f 4902/5/3 4896/5/3 4901/5/3
f 4903/5/3 4897/5/3 4891/5/3
f 4904/5/3 4897/5/3 4903/5/3
f 4905/5/3 4899/5/3 4898/5/3
f 4906/5/3 4899/5/3 4905/5/3
f 4907/5/3 4901/5/3 4900/5/3
f 4908/5/3 4901/5/3 4907/5/3
f 4909/5/3 4903/5/3 4902/5/3
f 4910/5/3 4903/5/3 4909/5/3
f 4914/5/3 4912/5/3 4911/5/3
f 4915/5/3 4912/5/3 4914/5/3
f 4916/5/3 4914/5/3 4913/5/3
f 4917/5/3 4914/5/3 4916/5/3
f 4924/5/3 4919/5/3 4918/5/3
f 4925/5/3 4919/5/3 4924/5/3
f 4926/5/3 4921/5/3 4920/5/3
f 4927/5/3 4921/5/3 4926/5/3
f 4930/5/3 4923/5/3 4922/5/3
f 4931/5/3 4923/5/3 4930/5/3
f 4932/5/3 4929/5/3 4928/5/3
f 4933/5/3 4929/5/3 4932/5/3
f 4937/5/3 4935/5/3 4934/5/3
f 4938/5/3 4935/5/3 4937/5/3
f 4939/5/3 4937/5/3 4936/5/3
f 4940/5/3 4937/5/3 4939/5/3
f 4943/5/3 4942/5/3 4941/5/3
f 4945/5/3 4943/5/3 4941/5/3
f 4945/5/3 4944/5/3 4943/5/3
f 4946/5/3 4944/5/3 4945/5/3
f 4948/5/3 4947/5/3 4946/5/3
f 4949/5/3 4947/5/3 4948/5/3
f 4954/5/3 4953/5/3 4952/5/3
f 4955/5/3 4953/5/3 4954/5/3
f 4957/3/3 4951/3/3 4950/3/3
f 4958/3/3 4951/3/3 4957/3/3
f 4959/5/3 4956/5/3 4955/5/3
f 4959/5/3 4955/5/3 4954/5/3
f 4960/5/3 4956/5/3 4959/5/3
f 4963/5/3 4961/5/3 4960/5/3
f 4964/5/3 4961/5/3 4963/5/3
f 4968/5/3 4963/5/3 4962/5/3
f 4969/5/3 4963/5/3 4968/5/3
f 4971/3/3 4966/3/3 4965/3/3
f 4972/3/3 4966/3/3 4971/3/3
f 4973/5/3 4968/5/3 4967/5/3
f 4974/5/3 4968/5/3 4973/5/3
f 4975/3/3 4971/3/3 4970/3/3
f 4976/3/3 4971/3/3 4975/3/3
f 4977/5/3 4973/5/3 4972/5/3
f 4978/5/3 4973/5/3 4977/5/3
f 4982/5/3 4980/5/3 4979/5/3
f 4983/5/3 4980/5/3 4982/5/3
f 4985/5/3 4982/5/3 4981/5/3
f 4985/5/3 4983/5/3 4982/5/3
f 4986/5/3 4983/5/3 4985/5/3
f 4987/5/3 4983/5/3 4986/5/3
f 4990/5/3 4985/5/3 4984/5/3
f 4990/5/3 4986/5/3 4985/5/3
f 4991/5/3 4986/5/3 4990/5/3
f 4992/5/3 4986/5/3 4991/5/3
f 4993/5/3 4989/5/3 4988/5/3
f 4994/5/3 4989/5/3 4993/5/3
f 4996/5/3 4991/5/3 4990/5/3
f 4997/5/3 4991/5/3 4996/5/3
f 4998/5/3 4995/5/3 4994/5/3
f 4999/5/3 4995/5/3 4998/5/3
f 5002/5/3 5001/5/3 5000/5/3
f 5003/5/3 5001/5/3 5002/5/3
f 5006/5/3 5005/5/3 5004/5/3
f 5007/5/3 5005/5/3 5006/5/3
f 5011/2/3 5009/2/3 5008/2/3
f 5012/2/3 5009/2/3 5011/2/3
f 5015/1/3 5014/1/3 5013/1/3
f 5016/1/3 5014/1/3 5015/1/3
f 5017/3/3 5011/3/3 5010/3/3
f 5018/3/3 5011/3/3 5017/3/3
f 5020/2/3 5019/2/3 5018/2/3
f 5021/2/3 5019/2/3 5020/2/3
f 5023/5/3 5021/5/3 5020/5/3
f 5024/5/3 5021/5/3 5023/5/3
f 5025/3/3 5023/3/3 5022/3/3
f 5026/3/3 5023/3/3 5025/3/3
f 5029/5/3 5028/5/3 5027/5/3
f 5030/5/3 5028/5/3 5029/5/3
f 5033/5/3 5028/5/3 5030/5/3
f 5034/5/3 5028/5/3 5033/5/3
f 5037/5/3 5032/5/3 5031/5/3
f 5038/5/3 5032/5/3 5037/5/3
f 5039/3/3 5036/3/3 5035/3/3
f 5040/3/3 5036/3/3 5039/3/3
f 5043/5/3 5042/5/3 5041/5/3
f 5044/5/3 5042/5/3 5043/5/3
f 5049/5/3 5046/5/3 5045/5/3
f 5050/5/3 5046/5/3 5049/5/3
f 5052/5/3 5048/5/3 5047/5/3
f 5053/5/3 5048/5/3 5052/5/3
f 5054/3/3 5051/3/3 5050/3/3
f 5055/3/3 5051/3/3 5054/3/3
f 5058/5/3 5057/5/3 5056/5/3
f 5059/5/3 5057/5/3 5058/5/3
f 5065/5/3 5061/5/3 5060/5/3
f 5066/5/3 5061/5/3 5065/5/3
f 5067/5/3 5063/5/3 5062/5/3
f 5068/5/3 5063/5/3 5067/5/3
f 5072/5/3 5065/5/3 5064/5/3
f 5075/5/3 5070/5/3 5069/5/3
f 5076/5/3 5070/5/3 5075/5/3
f 5078/5/3 5072/5/3 5071/5/3
f 5079/5/3 5065/5/3 5072/5/3
f 5079/5/3 5072/5/3 5078/5/3
f 5080/5/3 5065/5/3 5079/5/3
f 5081/5/3 5074/5/3 5073/5/3
f 5082/5/3 5074/5/3 5081/5/3
f 5083/5/3 5078/5/3 5077/5/3
f 5083/5/3 5079/5/3 5078/5/3
f 5084/5/3 5079/5/3 5083/5/3
f 5085/5/3 5083/5/3 5077/5/3
f 5086/5/3 5083/5/3 5085/5/3
f 5091/5/3 5088/5/3 5087/5/3
f 5092/5/3 5088/5/3 5091/5/3
f 5093/5/3 5090/5/3 5089/5/3
f 5094/5/3 5090/5/3 5093/5/3
f 5099/5/3 5093/5/3 5092/5/3
f 5100/5/3 5093/5/3 5099/5/3
f 5101/5/3 5096/5/3 5095/5/3
f 5102/5/3 5096/5/3 5101/5/3
f 5103/5/3 5098/5/3 5097/5/3
f 5104/5/3 5098/5/3 5103/5/3
f 5107/5/3 5106/5/3 5105/5/3
f 5108/5/3 5106/5/3 5107/5/3
f 5111/5/3 5110/5/3 5109/5/3
f 5112/5/3 5110/5/3 5111/5/3
f 5116/3/3 5114/3/3 5113/3/3
f 5116/3/3 5115/3/3 5114/3/3
f 5117/3/3 5115/3/3 5116/3/3
f 5122/3/3 5119/3/3 5118/3/3
f 5123/3/3 5119/3/3 5122/3/3
f 5124/1/3 5121/1/3 5120/1/3
f 5125/1/3 5121/1/3 5124/1/3
f 5129/3/3 5127/3/3 5126/3/3
f 5130/5/3 5128/5/3 5127/5/3
f 5130/3/3 5127/3/3 5129/3/3
f 5131/5/3 5128/5/3 5130/5/3
f 5134/5/3 5132/5/3 5131/5/3
f 5135/5/3 5132/5/3 5134/5/3
f 5138/5/3 5134/5/3 5133/5/3
f 5139/5/3 5134/5/3 5138/5/3
f 5142/5/3 5137/5/3 5136/5/3
f 5143/5/3 5137/5/3 5142/5/3
f 5147/5/3 5141/5/3 5140/5/3
f 5148/5/3 5147/5/3 5146/5/3
f 5149/5/3 5141/5/3 5147/5/3
f 5149/5/3 5147/5/3 5148/5/3
f 5150/5/3 5141/5/3 5149/5/3
f 5153/5/3 5145/5/3 5144/5/3
f 5154/5/3 5145/5/3 5153/5/3
f 5157/5/3 5152/5/3 5151/5/3
f 5158/5/3 5152/5/3 5157/5/3
f 5159/3/3 5156/3/3 5155/3/3
f 5160/3/3 5156/3/3 5159/3/3
f 5167/5/3 5162/5/3 5161/5/3
f 5168/5/3 5162/5/3 5167/5/3
f 5169/5/3 5164/5/3 5163/5/3
f 5170/5/3 5164/5/3 5169/5/3
f 5171/5/3 5166/5/3 5165/5/3
f 5172/5/3 5166/5/3 5171/5/3
f 5175/3/3 5174/3/3 5173/3/3
f 5176/3/3 5174/3/3 5175/3/3
f 5179/2/3 5177/2/3 5176/2/3
f 5180/2/3 5177/2/3 5179/2/3
f 5181/3/3 5179/3/3 5178/3/3
f 5182/3/3 5179/3/3 5181/3/3
f 5185/1/3 5184/1/3 5183/1/3
f 5186/1/3 5184/1/3 5185/1/3
f 5191/5/3 5188/5/3 5187/5/3
f 5192/5/3 5188/5/3 5191/5/3
f 5198/5/3 5190/5/3 5189/5/3
f 5199/5/3 5190/5/3 5198/5/3
f 5200/5/3 5194/5/3 5193/5/3
f 5201/5/3 5194/5/3 5200/5/3
f 5202/5/3 5196/5/3 5195/5/3
f 5203/5/3 5196/5/3 5202/5/3
f 5204/3/3 5198/3/3 5197/3/3
f 5205/3/3 5198/3/3 5204/3/3
f 5206/3/3 5198/3/3 5205/3/3
f 5209/5/3 5208/5/3 5207/5/3
f 5210/5/3 5208/5/3 5209/5/3
f 5214/5/3 5212/5/3 5211/5/3
f 5215/5/3 5212/5/3 5214/5/3
f 5216/5/3 5214/5/3 5213/5/3
f 5217/5/3 5214/5/3 5216/5/3
f 5221/5/3 5219/5/3 5218/5/3
f 5222/5/3 5219/5/3 5221/5/3
f 5223/5/3 5221/5/3 5220/5/3
f 5224/5/3 5221/5/3 5223/5/3
f 5227/5/3 5226/5/3 5225/5/3
f 5228/5/3 5226/5/3 5227/5/3
f 5231/5/3 5230/5/3 5229/5/3
f 5232/5/3 5230/5/3 5231/5/3
f 5236/5/3 5234/5/3 5233/5/3
f 5237/5/3 5236/5/3 5235/5/3
f 5238/5/3 5234/5/3 5236/5/3
f 5238/5/3 5236/5/3 5237/5/3
f 5241/5/3 5240/5/3 5239/5/3
f 5242/5/3 5240/5/3 5241/5/3
f 5243/5/3 5241/5/3 5239/5/3
f 5244/5/3 5241/5/3 5243/5/3
f 5249/5/3 5246/5/3 5245/5/3
f 5250/5/3 5246/5/3 5249/5/3
f 5251/5/3 5248/5/3 5247/5/3
f 5252/5/3 5248/5/3 5251/5/3
f 5255/5/3 5254/5/3 5253/5/3
f 5256/5/3 5254/5/3 5255/5/3
f 5259/5/3 5258/5/3 5257/5/3
f 5260/5/3 5258/5/3 5259/5/3
f 5265/5/3 5262/5/3 5261/5/3
f 5266/5/3 5262/5/3 5265/5/3
f 5267/5/3 5264/5/3 5263/5/3
f 5269/5/3 5267/5/3 5263/5/3
f 5269/5/3 5268/5/3 5267/5/3
f 5270/5/3 5268/5/3 5269/5/3
f 5272/5/3 5269/5/3 5263/5/3
f 5273/5/3 5269/5/3 5272/5/3
f 5274/5/3 5271/5/3 5270/5/3
f 5275/5/3 5271/5/3 5274/5/3
f 5278/3/3 5277/3/3 5276/3/3
f 5279/3/3 5277/3/3 5278/3/3
f 5281/3/3 5280/3/3 5279/3/3
f 5282/3/3 5280/3/3 5281/3/3
f 5287/5/3 5284/5/3 5283/5/3
f 5288/5/3 5284/5/3 5287/5/3
f 5291/5/3 5290/5/3 5289/5/3
f 5292/5/3 5290/5/3 5291/5/3
f 5294/3/3 5286/3/3 5285/3/3
f 5295/3/3 5286/3/3 5294/3/3
f 5298/5/3 5294/5/3 5293/5/3
f 5299/5/3 5294/5/3 5298/5/3
f 5300/5/3 5297/5/3 5296/5/3
f 5301/5/3 5297/5/3 5300/5/3
f 5304/5/3 5303/5/3 5302/5/3
f 5305/5/3 5303/5/3 5304/5/3
f 5308/5/3 5307/5/3 5306/5/3
f 5309/5/3 5307/5/3 5308/5/3
f 5312/3/3 5311/3/3 5310/3/3
f 5313/3/3 5311/3/3 5312/3/3
f 5317/5/3 5315/5/3 5314/5/3
f 5318/5/3 5315/5/3 5317/5/3
f 5321/5/3 5317/5/3 5316/5/3
f 5322/5/3 5317/5/3 5321/5/3
f 5323/5/3 5320/5/3 5319/5/3
f 5324/5/3 5320/5/3 5323/5/3
f 5329/5/3 5326/5/3 5325/5/3
f 5330/5/3 5326/5/3 5329/5/3
f 5332/5/3 5328/5/3 5327/5/3
f 5333/5/3 5328/5/3 5332/5/3
f 5335/5/3 5332/5/3 5331/5/3
f 5336/5/3 5332/5/3 5335/5/3
f 5337/5/3 5335/5/3 5334/5/3
f 5338/5/3 5335/5/3 5337/5/3
f 5341/5/3 5340/5/3 5339/5/3
f 5342/5/3 5340/5/3 5341/5/3
f 5345/2/3 5344/2/3 5343/2/3
f 5346/2/3 5344/2/3 5345/2/3
f 5349/1/3 5348/1/3 5347/1/3
f 5350/1/3 5348/1/3 5349/1/3
f 5354/2/3 5352/2/3 5351/2/3
f 5355/2/3 5352/2/3 5354/2/3
f 5357/5/3 5354/5/3 5353/5/3
f 5358/3/3 5355/3/3 5354/3/3
f 5358/5/3 5354/5/3 5357/5/3
f 5359/3/3 5355/3/3 5358/3/3
f 5363/5/3 5357/5/3 5356/5/3
f 5363/5/3 5358/5/3 5357/5/3
f 5364/5/3 5358/5/3 5363/5/3
f 5366/3/3 5361/3/3 5360/3/3
f 5367/5/3 5362/5/3 5361/5/3
f 5367/3/3 5361/3/3 5366/3/3
f 5368/5/3 5362/5/3 5367/5/3
f 5369/5/3 5363/5/3 5356/5/3
f 5370/5/3 5363/5/3 5369/5/3
f 5371/3/3 5366/3/3 5365/3/3
f 5371/3/3 5367/3/3 5366/3/3
f 5372/3/3 5367/3/3 5371/3/3
f 5376/5/3 5374/5/3 5373/5/3
f 5377/5/3 5374/5/3 5376/5/3
f 5379/5/3 5376/5/3 5375/5/3
f 5380/5/3 5376/5/3 5379/5/3
f 5382/5/3 5379/5/3 5378/5/3
f 5383/5/3 5379/5/3 5382/5/3
f 5385/5/3 5382/5/3 5381/5/3
f 5386/5/3 5382/5/3 5385/5/3
f 5388/5/3 5385/5/3 5384/5/3
f 5389/5/3 5385/5/3 5388/5/3
f 5391/5/3 5388/5/3 5387/5/3
f 5391/5/3 5390/5/3 5389/5/3
f 5391/5/3 5389/5/3 5388/5/3
f 5392/5/3 5390/5/3 5391/5/3
f 5394/5/3 5391/5/3 5387/5/3
f 5395/5/3 5391/5/3 5394/5/3
f 5396/5/3 5391/5/3 5395/5/3
f 5397/5/3 5394/5/3 5393/5/3
f 5397/5/3 5395/5/3 5394/5/3
f 5398/5/3 5395/5/3 5397/5/3
f 5399/5/3 5397/5/3 5393/5/3
f 5400/5/3 5397/5/3 5399/5/3
f 5404/5/3 5402/5/3 5401/5/3
f 5405/5/3 5402/5/3 5404/5/3
f 5406/5/3 5402/5/3 5405/5/3
f 5408/5/3 5404/5/3 5403/5/3
f 5408/5/3 5405/5/3 5404/5/3
f 5409/5/3 5405/5/3 5408/5/3
f 5410/5/3 5408/5/3 5407/5/3
f 5411/5/3 5408/5/3 5410/5/3
f 5414/2/3 5413/2/3 5412/2/3
f 5415/2/3 5413/2/3 5414/2/3
f 5419/5/3 5417/5/3 5416/5/3
f 5420/3/3 5419/3/3 5418/3/3
f 5421/5/3 5417/5/3 5419/5/3
f 5421/3/3 5419/3/3 5420/3/3
f 5422/5/3 5417/5/3 5421/5/3
f 5425/5/3 5424/5/3 5423/5/3
f 5426/5/3 5424/5/3 5425/5/3
f 5431/5/3 5428/5/3 5427/5/3
f 5432/5/3 5428/5/3 5431/5/3
f 5433/1/3 5430/1/3 5429/1/3
f 5434/1/3 5430/1/3 5433/1/3
f 5437/3/3 5436/3/3 5435/3/3
f 5438/3/3 5436/3/3 5437/3/3
f 5439/5/3 5438/5/3 5437/5/3
f 5440/5/3 5438/5/3 5439/5/3
f 5443/5/3 5442/5/3 5441/5/3
f 5444/5/3 5442/5/3 5443/5/3
f 5447/3/3 5446/3/3 5445/3/3
f 5448/3/3 5446/3/3 5447/3/3
f 5449/3/3 5447/3/3 5445/3/3
f 5450/5/3 5448/5/3 5447/5/3
f 5450/3/3 5447/3/3 5449/3/3
f 5451/5/3 5448/5/3 5450/5/3
f 5454/2/3 5450/2/3 5449/2/3
f 5455/2/3 5450/2/3 5454/2/3
f 5456/5/3 5453/5/3 5452/5/3
f 5457/5/3 5453/5/3 5456/5/3
f 5460/2/3 5459/2/3 5458/2/3
f 5461/2/3 5459/2/3 5460/2/3
f 5464/4/3 5463/4/3 5462/4/3
f 5465/4/3 5463/4/3 5464/4/3
f 5468/1/3 5467/1/3 5466/1/3
f 5469/1/3 5467/1/3 5468/1/3
f 5470/1/3 5467/1/3 5469/1/3
f 5473/4/3 5472/4/3 5471/4/3
f 5474/4/3 5473/4/3 5471/4/3
f 5475/4/3 5473/4/3 5474/4/3
f 5478/4/3 5477/4/3 5476/4/3
f 5479/4/3 5477/4/3 5478/4/3
f 5482/3/3 5481/3/3 5480/3/3
f 5483/3/3 5481/3/3 5482/3/3
f 5484/2/4 5485/2/4 5486/2/4
f 5486/2/4 5485/2/4 5487/2/4
f 5488/4/4 5489/4/4 5490/4/4
f 5488/4/4 5490/4/4 5491/4/4
f 5491/4/4 5490/4/4 5492/4/4
f 5493/1/4 5494/1/4 5495/1/4
f 5495/1/4 5494/1/4 5496/1/4
f 5497/2/4 5498/2/4 5499/2/4
f 5499/2/4 5498/2/4 5500/2/4
f 5501/3/4 5502/3/4 5503/3/4
f 5503/3/4 5502/3/4 5504/3/4
f 5505/5/4 5506/5/4 5508/5/4
f 5508/5/4 5506/5/4 5509/5/4
f 5507/5/4 5508/5/4 5512/5/4
f 5512/5/4 5508/5/4 5513/5/4
f 5510/3/4 5511/3/4 5516/3/4
f 5516/3/4 5511/3/4 5517/3/4
f 5514/3/4 5515/3/4 5519/3/4
f 5519/3/4 5515/3/4 5520/3/4
f 5517/5/4 5518/5/4 5521/5/4
f 5521/5/4 5518/5/4 5522/5/4
f 5523/1/4 5524/1/4 5525/1/4
f 5525/1/4 5524/1/4 5526/1/4
f 5527/5/4 5528/5/4 5531/5/4
f 5531/5/4 5528/5/4 5532/5/4
f 5529/5/4 5530/5/4 5533/5/4
f 5533/5/4 5530/5/4 5534/5/4
f 5535/5/4 5536/5/4 5537/5/4
f 5537/5/4 5536/5/4 5538/5/4
f 5539/5/4 5540/5/4 5541/5/4
f 5541/5/4 5540/5/4 5542/5/4
f 5543/5/4 5544/5/4 5545/5/4
f 5545/5/4 5544/5/4 5546/5/4
f 5547/2/4 5548/2/4 5549/2/4
f 5549/2/4 5548/2/4 5550/2/4
f 5551/3/4 5552/3/4 5554/3/4
f 5552/5/4 5553/5/4 5555/5/4
f 5554/3/4 5552/3/4 5555/3/4
f 5555/5/4 5553/5/4 5556/5/4
f 5555/5/4 5556/5/4 5558/5/4
f 5556/5/4 5557/5/4 5558/5/4
f 5558/5/4 5557/5/4 5559/5/4
f 5559/5/4 5557/5/4 5562/5/4
f 5562/5/4 5557/5/4 5563/5/4
f 5560/1/4 5561/1/4 5564/1/4
f 5564/1/4 5561/1/4 5565/1/4
f 5564/3/4 5565/3/4 5567/3/4
f 5566/3/4 5567/3/4 5568/3/4
f 5567/3/4 5565/3/4 5569/3/4
f 5568/3/4 5567/3/4 5569/3/4
f 5570/5/4 5571/5/4 5572/5/4
f 5572/5/4 5571/5/4 5573/5/4
f 5574/5/4 5575/5/4 5577/5/4
f 5576/5/4 5577/5/4 5578/5/4
f 5577/5/4 5575/5/4 5579/5/4
f 5578/5/4 5577/5/4 5579/5/4
f 5579/5/4 5575/5/4 5580/5/4
f 5581/3/4 5582/3/4 5584/3/4
f 5583/3/4 5584/3/4 5585/3/4
f 5584/3/4 5582/3/4 5586/3/4
f 5585/3/4 5584/3/4 5586/3/4
f 5588/5/4 5589/5/4 5592/5/4
f 5587/5/4 5588/5/4 5592/5/4
f 5592/5/4 5589/5/4 5593/5/4
f 5590/5/4 5591/5/4 5594/5/4
f 5594/5/4 5591/5/4 5595/5/4
f 5596/5/4 5597/5/4 5598/5/4
f 5598/5/4 5597/5/4 5599/5/4
f 5598/3/4 5599/3/4 5601/3/4
f 5599/5/4 5600/5/4 5602/5/4
f 5601/3/4 5599/3/4 5602/3/4
f 5601/5/4 5602/5/4 5603/5/4
f 5602/5/4 5600/5/4 5603/5/4
f 5603/5/4 5600/5/4 5604/5/4
f 5601/5/4 5603/5/4 5607/5/4
f 5607/5/4 5603/5/4 5608/5/4
f 5605/5/4 5606/5/4 5609/5/4
f 5609/5/4 5606/5/4 5610/5/4
f 5611/2/4 5612/2/4 5614/2/4
f 5614/2/4 5612/2/4 5615/2/4
f 5613/3/4 5614/3/4 5616/3/4
f 5616/3/4 5614/3/4 5617/3/4
f 5618/5/4 5619/5/4 5620/5/4
f 5620/5/4 5619/5/4 5621/5/4
f 5622/5/4 5623/5/4 5624/5/4
f 5622/5/4 5624/5/4 5626/5/4
f 5624/5/4 5625/5/4 5626/5/4
f 5626/5/4 5625/5/4 5627/5/4
f 5622/5/4 5626/5/4 5629/5/4
f 5629/5/4 5626/5/4 5630/5/4
f 5628/5/4 5629/5/4 5631/5/4
f 5631/5/4 5629/5/4 5632/5/4
f 5631/5/4 5632/5/4 5634/5/4
f 5632/5/4 5633/5/4 5634/5/4
f 5634/5/4 5633/5/4 5635/5/4
f 5635/5/4 5633/5/4 5636/5/4
f 5635/5/4 5636/5/4 5638/5/4
f 5636/5/4 5637/5/4 5638/5/4
f 5638/5/4 5637/5/4 5639/5/4
f 5639/5/4 5637/5/4 5640/5/4
f 5641/5/4 5642/5/4 5645/5/4
f 5645/5/4 5642/5/4 5646/5/4
f 5643/3/4 5644/3/4 5647/3/4
f 5647/3/4 5644/3/4 5648/3/4
f 5649/5/4 5650/5/4 5653/5/4
f 5653/5/4 5650/5/4 5654/5/4
f 5651/5/4 5652/5/4 5656/5/4
f 5656/5/4 5652/5/4 5657/5/4
f 5655/5/4 5656/5/4 5658/5/4
f 5658/5/4 5656/5/4 5659/5/4
f 5660/5/4 5661/5/4 5664/5/4
f 5664/5/4 5661/5/4 5665/5/4
f 5662/5/4 5663/5/4 5667/5/4
f 5667/5/4 5663/5/4 5668/5/4
f 5666/5/4 5667/5/4 5669/5/4
f 5669/5/4 5667/5/4 5670/5/4
f 5671/5/4 5672/5/4 5675/5/4
f 5675/5/4 5672/5/4 5676/5/4
f 5673/5/4 5674/5/4 5677/5/4
f 5677/5/4 5674/5/4 5678/5/4
f 5679/5/4 5680/5/4 5683/5/4
f 5681/5/4 5682/5/4 5686/5/4
f 5686/5/4 5682/5/4 5687/5/4
f 5683/5/4 5684/5/4 5688/5/4
f 5679/5/4 5683/5/4 5688/5/4
f 5688/5/4 5684/5/4 5689/5/4
f 5685/5/4 5686/5/4 5690/5/4
f 5690/5/4 5686/5/4 5691/5/4
f 5689/5/4 5684/5/4 5692/5/4
f 5692/5/4 5684/5/4 5693/5/4
f 5679/5/4 5688/5/4 5694/5/4
f 5694/5/4 5688/5/4 5695/5/4
f 5696/2/4 5697/2/4 5698/2/4
f 5698/2/4 5697/2/4 5699/2/4
f 5700/1/4 5701/1/4 5702/1/4
f 5702/1/4 5701/1/4 5703/1/4
f 5704/5/4 5705/5/4 5706/5/4
f 5706/5/4 5705/5/4 5707/5/4
f 5708/5/4 5709/5/4 5711/5/4
f 5711/5/4 5709/5/4 5712/5/4
f 5710/5/4 5711/5/4 5715/5/4
f 5711/5/4 5712/5/4 5715/5/4
f 5715/5/4 5712/5/4 5716/5/4
f 5713/5/4 5714/5/4 5717/5/4
f 5710/5/4 5715/5/4 5718/5/4
f 5715/3/4 5716/3/4 5719/3/4
f 5718/5/4 5715/5/4 5719/5/4
f 5719/3/4 5716/3/4 5720/3/4
f 5713/5/4 5717/5/4 5724/5/4
f 5721/5/4 5722/5/4 5725/5/4
f 5725/5/4 5722/5/4 5726/5/4
f 5723/5/4 5724/5/4 5727/5/4
f 5724/5/4 5717/5/4 5728/5/4
f 5727/5/4 5724/5/4 5728/5/4
f 5728/5/4 5717/5/4 5729/5/4
f 5730/5/4 5731/5/4 5735/5/4
f 5735/5/4 5731/5/4 5736/5/4
f 5732/5/4 5733/5/4 5737/5/4
f 5737/5/4 5733/5/4 5738/5/4
f 5734/5/4 5735/5/4 5739/5/4
f 5739/5/4 5735/5/4 5740/5/4
f 5741/5/4 5742/5/4 5748/5/4
f 5748/5/4 5742/5/4 5749/5/4
f 5743/5/4 5744/5/4 5750/5/4
f 5745/5/4 5746/5/4 5751/5/4
f 5751/5/4 5746/5/4 5752/5/4
f 5747/5/4 5748/5/4 5753/5/4
f 5753/5/4 5748/5/4 5754/5/4
f 5743/5/4 5750/5/4 5755/5/4
f 5750/5/4 5751/5/4 5755/5/4
f 5755/5/4 5751/5/4 5756/5/4
f 5743/5/4 5755/5/4 5757/5/4
f 5757/5/4 5755/5/4 5758/5/4
f 5759/5/4 5760/5/4 5761/5/4
f 5761/5/4 5760/5/4 5762/5/4
f 5763/5/4 5764/5/4 5765/5/4
f 5765/5/4 5764/5/4 5766/5/4
f 5766/5/4 5767/5/4 5770/5/4
f 5770/5/4 5767/5/4 5771/5/4
f 5768/5/4 5769/5/4 5772/5/4
f 5772/5/4 5769/5/4 5773/5/4
f 5774/5/4 5775/5/4 5776/5/4
f 5776/5/4 5775/5/4 5777/5/4
f 5778/3/4 5779/3/4 5781/3/4
f 5779/3/4 5780/3/4 5781/3/4
f 5781/3/4 5780/3/4 5782/3/4
f 5783/3/4 5784/3/4 5785/3/4
f 5785/3/4 5784/3/4 5786/3/4
f 5787/3/4 5788/3/4 5790/3/4
f 5790/3/4 5788/3/4 5791/3/4
f 5789/3/4 5790/3/4 5794/3/4
f 5794/3/4 5790/3/4 5795/3/4
f 5792/5/4 5793/5/4 5798/5/4
f 5798/5/4 5793/5/4 5799/5/4
f 5796/5/4 5797/5/4 5800/5/4
f 5800/5/4 5797/5/4 5801/5/4
f 5802/5/4 5803/5/4 5804/5/4
f 5804/5/4 5803/5/4 5805/5/4
f 5805/5/4 5806/5/4 5807/5/4
f 5805/5/4 5807/5/4 5808/5/4
f 5808/5/4 5807/5/4 5809/5/4
f 5809/5/4 5810/5/4 5811/5/4
f 5811/5/4 5810/5/4 5812/5/4
f 5813/3/4 5814/3/4 5815/3/4
f 5815/3/4 5814/3/4 5816/3/4
f 5816/2/4 5817/2/4 5819/2/4
f 5819/2/4 5817/2/4 5820/2/4
f 5818/3/4 5819/3/4 5821/3/4
f 5821/3/4 5819/3/4 5822/3/4
f 5823/1/4 5824/1/4 5825/1/4
f 5825/1/4 5824/1/4 5826/1/4
f 5827/3/4 5828/3/4 5829/3/4
f 5829/3/4 5828/3/4 5830/3/4
f 5831/3/4 5832/3/4 5835/3/4
f 5835/3/4 5832/3/4 5836/3/4
f 5833/5/4 5834/5/4 5837/5/4
f 5837/5/4 5834/5/4 5838/5/4
f 5839/5/4 5840/5/4 5842/5/4
f 5842/5/4 5840/5/4 5843/5/4
f 5841/5/4 5842/5/4 5845/5/4
f 5845/5/4 5842/5/4 5846/5/4
f 5844/5/4 5845/5/4 5847/5/4
f 5847/5/4 5845/5/4 5848/5/4
f 5849/5/4 5850/5/4 5851/5/4
f 5851/5/4 5850/5/4 5852/5/4
f 5853/5/4 5854/5/4 5857/5/4
f 5857/5/4 5854/5/4 5858/5/4
f 5855/5/4 5856/5/4 5859/5/4
f 5856/5/4 5857/5/4 5859/5/4
f 5859/5/4 5857/5/4 5860/5/4
f 5855/5/4 5859/5/4 5861/5/4
f 5861/5/4 5859/5/4 5862/5/4
f 5863/5/4 5864/5/4 5865/5/4
f 5865/5/4 5864/5/4 5866/5/4
f 5867/1/4 5868/1/4 5871/1/4
f 5871/1/4 5868/1/4 5872/1/4
f 5869/3/4 5870/3/4 5873/3/4
f 5873/3/4 5870/3/4 5874/3/4
f 5875/5/4 5876/5/4 5877/5/4
f 5877/5/4 5876/5/4 5878/5/4
f 5879/3/4 5880/3/4 5881/3/4
f 5881/3/4 5880/3/4 5882/3/4
f 5883/3/4 5884/3/4 5885/3/4
f 5885/3/4 5884/3/4 5886/3/4
f 5887/5/4 5888/5/4 5894/5/4
f 5888/5/4 5889/5/4 5894/5/4
f 5894/5/4 5889/5/4 5895/5/4
f 5892/5/4 5893/5/4 5897/5/4
f 5897/5/4 5893/5/4 5898/5/4
f 5890/5/4 5891/5/4 5899/5/4
f 5899/5/4 5891/5/4 5900/5/4
f 5896/5/4 5897/5/4 5902/5/4
f 5902/5/4 5897/5/4 5903/5/4
f 5901/5/4 5902/5/4 5907/5/4
f 5902/5/4 5903/5/4 5907/5/4
f 5903/5/4 5904/5/4 5907/5/4
f 5907/5/4 5904/5/4 5908/5/4
f 5908/5/4 5904/5/4 5909/5/4
f 5909/5/4 5904/5/4 5910/5/4
f 5905/5/4 5906/5/4 5913/5/4
f 5913/5/4 5906/5/4 5914/5/4
f 5908/5/4 5909/5/4 5917/5/4
f 5917/5/4 5909/5/4 5918/5/4
f 5910/5/4 5904/5/4 5919/5/4
f 5919/5/4 5904/5/4 5920/5/4
f 5911/5/4 5912/5/4 5921/5/4
f 5921/5/4 5912/5/4 5922/5/4
f 5915/3/4 5916/3/4 5923/3/4
f 5923/3/4 5916/3/4 5924/3/4
f 5918/5/4 5919/5/4 5926/5/4
f 5926/5/4 5919/5/4 5927/5/4
f 5925/5/4 5926/5/4 5930/5/4
f 5930/5/4 5926/5/4 5931/5/4
f 5928/5/4 5929/5/4 5932/5/4
f 5932/5/4 5929/5/4 5933/5/4
f 5934/5/4 5935/5/4 5936/5/4
f 5936/5/4 5935/5/4 5937/5/4
f 5938/3/4 5939/3/4 5940/3/4
f 5940/3/4 5939/3/4 5941/3/4
f 5942/2/4 5943/2/4 5945/2/4
f 5945/2/4 5943/2/4 5946/2/4
f 5946/2/4 5943/2/4 5947/2/4
f 5944/3/4 5945/3/4 5950/3/4
f 5945/5/4 5946/5/4 5951/5/4
f 5950/3/4 5945/3/4 5951/3/4
f 5951/5/4 5946/5/4 5952/5/4
f 5948/3/4 5949/3/4 5953/3/4
f 5953/3/4 5949/3/4 5954/3/4
f 5955/5/4 5956/5/4 5957/5/4
f 5957/5/4 5956/5/4 5958/5/4
f 5957/2/4 5958/2/4 5959/2/4
f 5959/2/4 5958/2/4 5960/2/4
f 5961/5/4 5962/5/4 5965/5/4
f 5965/5/4 5962/5/4 5966/5/4
f 5962/3/4 5963/3/4 5967/3/4
f 5966/5/4 5962/5/4 5967/5/4
f 5965/5/4 5966/5/4 5970/5/4
f 5964/5/4 5965/5/4 5970/5/4
f 5970/5/4 5966/5/4 5971/5/4
f 5967/3/4 5963/3/4 5972/3/4
f 5972/3/4 5963/3/4 5973/3/4
f 5968/3/4 5969/3/4 5974/3/4
f 5974/3/4 5969/3/4 5975/3/4
f 5976/5/4 5977/5/4 5978/5/4
f 5978/5/4 5977/5/4 5979/5/4
f 5980/5/4 5981/5/4 5984/5/4
f 5984/5/4 5981/5/4 5985/5/4
f 5982/5/4 5983/5/4 5989/5/4
f 5989/5/4 5983/5/4 5990/5/4
f 5986/5/4 5987/5/4 5991/5/4
f 5988/5/4 5989/5/4 5992/5/4
f 5992/5/4 5989/5/4 5993/5/4
f 5986/5/4 5991/5/4 5995/5/4
f 5995/5/4 5991/5/4 5996/5/4
f 5994/5/4 5995/5/4 5997/5/4
f 5997/5/4 5995/5/4 5998/5/4
f 5999/5/4 6000/5/4 6002/5/4
f 6002/5/4 6000/5/4 6003/5/4
f 6001/5/4 6002/5/4 6004/5/4
f 6004/5/4 6002/5/4 6005/5/4
f 6006/5/4 6007/5/4 6008/5/4
f 6008/5/4 6007/5/4 6009/5/4
f 6010/3/4 6011/3/4 6012/3/4
f 6012/3/4 6011/3/4 6013/3/4
f 6013/2/4 6014/2/4 6015/2/4
f 6015/2/4 6014/2/4 6016/2/4
f 6017/5/4 6018/5/4 6021/5/4
f 6021/5/4 6018/5/4 6022/5/4
f 6019/5/4 6020/5/4 6025/5/4
f 6025/5/4 6020/5/4 6026/5/4
f 6023/5/4 6024/5/4 6029/5/4
f 6029/5/4 6024/5/4 6030/5/4
f 6027/5/4 6028/5/4 6032/5/4
f 6032/5/4 6028/5/4 6033/5/4
f 6031/3/4 6032/3/4 6034/3/4
f 6034/3/4 6032/3/4 6035/3/4
f 6036/5/4 6037/5/4 6038/5/4
f 6038/5/4 6037/5/4 6039/5/4
f 6040/5/4 6041/5/4 6043/5/4
f 6043/5/4 6041/5/4 6044/5/4
f 6042/5/4 6043/5/4 6045/5/4
f 6045/5/4 6043/5/4 6046/5/4
f 6047/5/4 6048/5/4 6051/5/4
f 6051/5/4 6048/5/4 6052/5/4
f 6049/5/4 6050/5/4 6054/5/4
f 6054/5/4 6050/5/4 6055/5/4
f 6055/5/4 6050/5/4 6056/5/4
f 6053/5/4 6054/5/4 6058/5/4
f 6054/5/4 6055/5/4 6058/5/4
f 6058/5/4 6055/5/4 6059/5/4
f 6059/5/4 6055/5/4 6060/5/4
f 6057/5/4 6058/5/4 6061/5/4
f 6058/5/4 6059/5/4 6061/5/4
f 6061/5/4 6059/5/4 6062/5/4
f 6057/5/4 6061/5/4 6065/5/4
f 6065/5/4 6061/5/4 6066/5/4
f 6063/5/4 6064/5/4 6067/5/4
f 6067/5/4 6064/5/4 6068/5/4
f 6069/2/4 6070/2/4 6072/2/4
f 6072/2/4 6070/2/4 6073/2/4
f 6071/3/4 6072/3/4 6074/3/4
f 6071/3/4 6074/3/4 6076/3/4
f 6074/5/4 6075/5/4 6077/5/4
f 6076/3/4 6074/3/4 6077/3/4
f 6077/5/4 6075/5/4 6078/5/4
f 6078/5/4 6075/5/4 6079/5/4
f 6080/5/4 6081/5/4 6082/5/4
f 6082/5/4 6081/5/4 6083/5/4
f 6084/5/4 6085/5/4 6088/5/4
f 6088/5/4 6085/5/4 6089/5/4
f 6086/5/4 6087/5/4 6090/5/4
f 6090/5/4 6087/5/4 6091/5/4
f 6086/5/4 6090/5/4 6092/5/4
f 6092/5/4 6090/5/4 6093/5/4
f 6094/5/4 6095/5/4 6098/5/4
f 6098/5/4 6095/5/4 6099/5/4
f 6096/5/4 6097/5/4 6100/5/4
f 6100/5/4 6097/5/4 6101/5/4
f 6102/5/4 6103/5/4 6104/5/4
f 6104/5/4 6103/5/4 6105/5/4
f 6106/5/4 6107/5/4 6108/5/4
f 6108/5/4 6107/5/4 6109/5/4
f 6110/3/4 6111/3/4 6114/3/4
f 6114/3/4 6111/3/4 6115/3/4
f 6112/5/4 6113/5/4 6118/5/4
f 6118/5/4 6113/5/4 6119/5/4
f 6116/5/4 6117/5/4 6121/5/4
f 6121/5/4 6117/5/4 6122/5/4
f 6120/5/4 6121/5/4 6124/5/4
f 6124/5/4 6121/5/4 6125/5/4
f 6123/5/4 6124/5/4 6126/5/4
f 6126/5/4 6124/5/4 6127/5/4
f 6128/5/4 6129/5/4 6130/5/4
f 6130/5/4 6129/5/4 6131/5/4
f 6132/5/4 6133/5/4 6139/5/4
f 6139/5/4 6133/5/4 6140/5/4
f 6134/5/4 6135/5/4 6143/5/4
f 6143/5/4 6135/5/4 6144/5/4
f 6138/2/4 6139/2/4 6145/2/4
f 6145/2/4 6139/2/4 6146/2/4
f 6140/2/4 6141/2/4 6147/2/4
f 6147/2/4 6141/2/4 6148/2/4
f 6143/2/4 6144/2/4 6149/2/4
f 6142/2/4 6143/2/4 6149/2/4
f 6149/2/4 6144/2/4 6150/2/4
f 6150/2/4 6144/2/4 6151/2/4
f 6151/2/4 6144/2/4 6152/2/4
f 6136/2/4 6137/2/4 6154/2/4
f 6154/2/4 6137/2/4 6155/2/4
f 6147/2/4 6148/2/4 6156/2/4
f 6146/2/4 6147/2/4 6156/2/4
f 6148/2/4 6149/2/4 6156/2/4
f 6156/2/4 6149/2/4 6157/2/4
f 6150/2/4 6151/2/4 6158/2/4
f 6158/2/4 6151/2/4 6159/2/4
f 6153/2/4 6154/2/4 6160/2/4
f 6160/2/4 6154/2/4 6161/2/4
f 6158/5/4 6159/5/4 6162/5/4
f 6160/5/4 6161/5/4 6162/5/4
f 6159/5/4 6160/5/4 6162/5/4
f 6157/5/4 6158/5/4 6162/5/4
f 6162/5/4 6161/5/4 6163/5/4
f 6164/5/4 6165/5/4 6170/5/4
f 6170/5/4 6165/5/4 6171/5/4
f 6166/5/4 6167/5/4 6173/5/4
f 6173/5/4 6167/5/4 6174/5/4
f 6168/5/4 6169/5/4 6175/5/4
f 6175/5/4 6169/5/4 6176/5/4
f 6173/5/4 6174/5/4 6179/5/4
f 6172/5/4 6173/5/4 6179/5/4
f 6175/5/4 6176/5/4 6179/5/4
f 6174/5/4 6175/5/4 6179/5/4
f 6179/5/4 6176/5/4 6180/5/4
f 6180/5/4 6176/5/4 6181/5/4
f 6177/5/4 6178/5/4 6182/5/4
f 6182/5/4 6178/5/4 6183/5/4
f 6180/5/4 6181/5/4 6188/5/4
f 6182/5/4 6183/5/4 6188/5/4
f 6181/5/4 6182/5/4 6188/5/4
f 6188/5/4 6183/5/4 6189/5/4
f 6189/5/4 6183/5/4 6190/5/4
f 6190/5/4 6183/5/4 6191/5/4
f 6191/5/4 6183/5/4 6192/5/4
f 6184/5/4 6185/5/4 6193/5/4
f 6193/5/4 6185/5/4 6194/5/4
f 6186/5/4 6187/5/4 6197/5/4
f 6197/5/4 6187/5/4 6198/5/4
f 6189/5/4 6190/5/4 6200/5/4
f 6200/5/4 6190/5/4 6201/5/4
f 6191/5/4 6192/5/4 6202/5/4
f 6192/5/4 6193/5/4 6202/5/4
f 6202/5/4 6193/5/4 6203/5/4
f 6194/5/4 6195/5/4 6204/5/4
f 6195/2/4 6196/2/4 6205/2/4
f 6204/5/4 6195/5/4 6205/5/4
f 6205/2/4 6196/2/4 6206/2/4
f 6198/5/4 6199/5/4 6207/5/4
f 6207/5/4 6199/5/4 6208/5/4
f 6189/5/4 6200/5/4 6209/5/4
f 6209/5/4 6200/5/4 6210/5/4
f 6205/3/4 6206/3/4 6212/3/4
f 6212/3/4 6206/3/4 6213/3/4
f 6208/5/4 6209/5/4 6216/5/4
f 6211/5/4 6212/5/4 6219/5/4
f 6219/5/4 6212/5/4 6220/5/4
f 6214/3/4 6215/3/4 6222/3/4
f 6215/5/4 6216/5/4 6223/5/4
f 6222/3/4 6215/3/4 6223/3/4
f 6216/5/4 6209/5/4 6224/5/4
f 6223/5/4 6216/5/4 6224/5/4
f 6224/5/4 6209/5/4 6225/5/4
f 6217/5/4 6218/5/4 6226/5/4
f 6226/5/4 6218/5/4 6227/5/4
f 6222/3/4 6223/3/4 6228/3/4
f 6221/3/4 6222/3/4 6228/3/4
f 6228/3/4 6223/3/4 6229/3/4
f 6224/5/4 6225/5/4 6231/5/4
f 6225/5/4 6226/5/4 6231/5/4
f 6231/5/4 6226/5/4 6232/5/4
f 6232/5/4 6226/5/4 6233/5/4
f 6230/5/4 6231/5/4 6234/5/4
f 6231/5/4 6232/5/4 6234/5/4
f 6234/5/4 6232/5/4 6235/5/4
f 6236/5/4 6237/5/4 6239/5/4
f 6239/5/4 6237/5/4 6240/5/4
f 6235/5/4 6232/5/4 6243/5/4
f 6243/5/4 6232/5/4 6244/5/4
f 6240/5/4 6241/5/4 6245/5/4
f 6238/5/4 6239/5/4 6245/5/4
f 6239/5/4 6240/5/4 6245/5/4
f 6245/5/4 6241/5/4 6246/5/4
f 6246/5/4 6241/5/4 6247/5/4
f 6242/5/4 6243/5/4 6248/5/4
f 6248/5/4 6243/5/4 6249/5/4
f 6246/5/4 6247/5/4 6251/5/4
f 6251/5/4 6247/5/4 6252/5/4
f 6252/5/4 6247/5/4 6253/5/4
f 6253/5/4 6247/5/4 6254/5/4
f 6254/5/4 6247/5/4 6255/5/4
f 6250/5/4 6251/5/4 6257/5/4
f 6251/5/4 6252/5/4 6257/5/4
f 6257/5/4 6252/5/4 6258/5/4
f 6253/5/4 6254/5/4 6259/5/4
f 6259/5/4 6254/5/4 6260/5/4
f 6256/5/4 6257/5/4 6261/5/4
f 6261/5/4 6257/5/4 6262/5/4
f 6262/5/4 6263/5/4 6268/5/4
f 6268/5/4 6263/5/4 6269/5/4
f 6264/5/4 6265/5/4 6270/5/4
f 6270/5/4 6265/5/4 6271/5/4
f 6266/5/4 6267/5/4 6273/5/4
f 6273/5/4 6267/5/4 6274/5/4
f 6271/5/4 6272/5/4 6275/5/4
f 6270/5/4 6271/5/4 6275/5/4
f 6269/5/4 6270/5/4 6275/5/4
f 6275/5/4 6272/5/4 6276/5/4
f 6277/5/4 6278/5/4 6279/5/4
f 6276/5/4 6272/5/4 6284/5/4
f 6284/5/4 6272/5/4 6285/5/4
f 6277/5/4 6279/5/4 6286/5/4
f 6279/5/4 6280/5/4 6286/5/4
f 6286/5/4 6280/5/4 6287/5/4
f 6287/5/4 6280/5/4 6288/5/4
f 6281/5/4 6282/5/4 6289/5/4
f 6289/5/4 6282/5/4 6290/5/4
f 6283/5/4 6284/5/4 6291/5/4
f 6291/5/4 6284/5/4 6292/5/4
f 6287/5/4 6288/5/4 6294/5/4
f 6288/5/4 6289/5/4 6294/5/4
f 6294/5/4 6289/5/4 6295/5/4
f 6295/5/4 6289/5/4 6296/5/4
f 6293/5/4 6294/5/4 6298/5/4
f 6294/5/4 6295/5/4 6298/5/4
f 6298/5/4 6295/5/4 6299/5/4
f 6297/5/4 6298/5/4 6300/5/4
f 6300/5/4 6298/5/4 6301/5/4
f 6299/5/4 6295/5/4 6302/5/4
f 6302/5/4 6295/5/4 6303/5/4
f 6304/2/4 6305/2/4 6308/2/4
f 6306/2/4 6307/2/4 6312/2/4
f 6310/2/4 6311/2/4 6313/2/4
f 6313/2/4 6311/2/4 6314/2/4
f 6312/2/4 6307/2/4 6318/2/4
f 6310/2/4 6313/2/4 6320/2/4
f 6315/2/4 6316/2/4 6322/2/4
f 6322/2/4 6316/2/4 6323/2/4
f 6321/2/4 6322/2/4 6323/2/4
f 6323/2/4 6316/2/4 6324/2/4
f 6319/2/4 6320/2/4 6325/2/4
f 6320/2/4 6313/2/4 6325/2/4
f 6325/2/4 6313/2/4 6326/2/4
f 6321/2/4 6323/2/4 6328/2/4
f 6327/2/4 6328/2/4 6329/2/4
f 6328/2/4 6323/2/4 6329/2/4
f 6329/2/4 6323/2/4 6330/2/4
f 6317/2/4 6318/2/4 6333/2/4
f 6318/2/4 6307/2/4 6333/2/4
f 6327/2/4 6329/2/4 6336/2/4
f 6331/2/4 6332/2/4 6338/2/4
f 6338/2/4 6332/2/4 6339/2/4
f 6308/2/4 6309/2/4 6340/2/4
f 6335/2/4 6336/2/4 6343/2/4
f 6336/2/4 6329/2/4 6344/2/4
f 6343/2/4 6336/2/4 6344/2/4
f 6344/2/4 6329/2/4 6345/2/4
f 6337/2/4 6338/2/4 6347/2/4
f 6338/2/4 6339/2/4 6347/2/4
f 6347/2/4 6339/2/4 6348/2/4
f 6348/2/4 6339/2/4 6349/2/4
f 6319/2/4 6325/2/4 6351/2/4
f 6351/2/4 6325/2/4 6352/2/4
f 6352/2/4 6325/2/4 6353/2/4
f 6342/2/4 6343/2/4 6354/2/4
f 6343/2/4 6344/2/4 6354/2/4
f 6354/2/4 6344/2/4 6355/2/4
f 6347/2/4 6348/2/4 6357/2/4
f 6346/2/4 6347/2/4 6357/2/4
f 6357/2/4 6348/2/4 6358/2/4
f 6358/2/4 6348/2/4 6359/2/4
f 6333/2/4 6334/2/4 6360/2/4
f 6317/2/4 6333/2/4 6360/2/4
f 6357/2/4 6358/2/4 6362/2/4
f 6356/2/4 6357/2/4 6362/2/4
f 6362/2/4 6358/2/4 6363/2/4
f 6363/2/4 6358/2/4 6364/2/4
f 6351/2/4 6352/2/4 6365/2/4
f 6350/2/4 6351/2/4 6365/2/4
f 6342/2/4 6354/2/4 6367/2/4
f 6367/2/4 6354/2/4 6368/2/4
f 6362/2/4 6363/2/4 6370/2/4
f 6361/2/4 6362/2/4 6370/2/4
f 6340/2/4 6341/2/4 6373/2/4
f 6365/2/4 6352/2/4 6374/2/4
f 6369/2/4 6370/2/4 6375/2/4
f 6370/2/4 6363/2/4 6375/2/4
f 6375/2/4 6363/2/4 6376/2/4
f 6371/2/4 6372/2/4 6378/2/4
f 6378/2/4 6372/2/4 6379/2/4
f 6304/2/4 6308/2/4 6380/2/4
f 6308/2/4 6340/2/4 6380/2/4
f 6340/2/4 6373/2/4 6380/2/4
f 6380/2/4 6373/2/4 6381/2/4
f 6360/2/4 6334/2/4 6382/2/4
f 6382/2/4 6334/2/4 6383/2/4
f 6365/2/4 6374/2/4 6384/2/4
f 6384/2/4 6374/2/4 6385/2/4
f 6366/2/4 6367/2/4 6387/2/4
f 6387/2/4 6367/2/4 6388/2/4
f 6369/2/4 6375/2/4 6390/2/4
f 6390/2/4 6375/2/4 6391/2/4
f 6391/2/4 6375/2/4 6392/2/4
f 6378/2/4 6379/2/4 6394/2/4
f 6377/2/4 6378/2/4 6394/2/4
f 6394/2/4 6379/2/4 6395/2/4
f 6395/2/4 6379/2/4 6396/2/4
f 6396/2/4 6379/2/4 6397/2/4
f 6365/2/4 6384/2/4 6398/2/4
f 6398/2/4 6384/2/4 6399/2/4
f 6390/2/4 6391/2/4 6401/2/4
f 6389/2/4 6390/2/4 6401/2/4
f 6401/2/4 6391/2/4 6402/2/4
f 6402/2/4 6391/2/4 6403/2/4
f 6394/2/4 6395/2/4 6405/2/4
f 6393/2/4 6394/2/4 6405/2/4
f 6405/2/4 6395/2/4 6406/2/4
f 6406/2/4 6395/2/4 6407/2/4
f 6386/2/4 6387/2/4 6408/2/4
f 6408/2/4 6387/2/4 6409/2/4
f 6401/2/4 6402/2/4 6410/2/4
f 6400/2/4 6401/2/4 6410/2/4
f 6410/2/4 6402/2/4 6411/2/4
f 6411/2/4 6402/2/4 6412/2/4
f 6405/2/4 6406/2/4 6414/2/4
f 6404/2/4 6405/2/4 6414/2/4
f 6414/2/4 6406/2/4 6415/2/4
f 6415/2/4 6406/2/4 6416/2/4
f 6410/2/4 6411/2/4 6417/2/4
f 6417/2/4 6411/2/4 6418/2/4
f 6414/2/4 6415/2/4 6419/2/4
f 6413/2/4 6414/2/4 6419/2/4
f 6419/2/4 6415/2/4 6420/2/4
f 6413/2/4 6419/2/4 6424/2/4
f 6424/2/4 6419/2/4 6425/2/4
f 6421/2/4 6422/2/4 6427/2/4
f 6423/2/4 6424/2/4 6429/2/4
f 6429/2/4 6424/2/4 6430/2/4
f 6426/2/4 6427/2/4 6432/2/4
f 6427/2/4 6422/2/4 6433/2/4
f 6432/2/4 6427/2/4 6433/2/4
f 6433/2/4 6422/2/4 6434/2/4
f 6434/2/4 6422/2/4 6435/2/4
f 6428/2/4 6429/2/4 6436/2/4
f 6436/2/4 6429/2/4 6437/2/4
f 6437/2/4 6429/2/4 6438/2/4
f 6431/2/4 6432/2/4 6440/2/4
f 6432/2/4 6433/2/4 6440/2/4
f 6440/2/4 6433/2/4 6441/2/4
f 6441/2/4 6433/2/4 6442/2/4
f 6440/2/4 6441/2/4 6444/2/4
f 6439/2/4 6440/2/4 6444/2/4
f 6444/2/4 6441/2/4 6445/2/4
f 6445/2/4 6441/2/4 6446/2/4
f 6443/2/4 6444/2/4 6448/2/4
f 6444/2/4 6445/2/4 6448/2/4
f 6448/2/4 6445/2/4 6449/2/4
f 6449/2/4 6445/2/4 6450/2/4
f 6447/2/4 6448/2/4 6451/2/4
f 6448/2/4 6449/2/4 6451/2/4
f 6451/2/4 6449/2/4 6452/2/4
f 6447/2/4 6451/2/4 6455/2/4
f 6455/2/4 6451/2/4 6456/2/4
f 6453/2/4 6454/2/4 6458/2/4
f 6457/2/4 6458/2/4 6460/2/4
f 6460/2/4 6458/2/4 6461/2/4
f 6458/2/4 6454/2/4 6462/2/4
f 6461/2/4 6458/2/4 6462/2/4
f 6460/2/4 6461/2/4 6464/2/4
f 6459/2/4 6460/2/4 6464/2/4
f 6464/2/4 6461/2/4 6465/2/4
f 6465/2/4 6461/2/4 6466/2/4
f 6463/2/4 6464/2/4 6467/2/4
f 6464/2/4 6465/2/4 6467/2/4
f 6467/2/4 6465/2/4 6468/2/4
f 6468/2/4 6465/2/4 6469/2/4
f 6469/2/4 6465/2/4 6470/2/4
f 6467/2/4 6468/2/4 6473/2/4
f 6473/2/4 6468/2/4 6474/2/4
f 6471/1/4 6472/1/4 6477/1/4
f 6475/5/4 6476/5/4 6479/5/4
f 6476/3/4 6477/3/4 6480/3/4
f 6479/5/4 6476/5/4 6480/5/4
f 6477/1/4 6472/1/4 6481/1/4
f 6480/3/4 6477/3/4 6481/3/4
f 6481/1/4 6472/1/4 6482/1/4
f 6479/2/4 6480/2/4 6485/2/4
f 6478/2/4 6479/2/4 6485/2/4
f 6480/2/4 6481/2/4 6485/2/4
f 6485/2/4 6481/2/4 6486/2/4
f 6486/2/4 6481/2/4 6487/2/4
f 6487/2/4 6481/2/4 6488/2/4
f 6483/2/4 6484/2/4 6492/2/4
f 6484/2/4 6485/2/4 6492/2/4
f 6485/2/4 6486/2/4 6492/2/4
f 6492/2/4 6486/2/4 6493/2/4
f 6493/2/4 6486/2/4 6494/2/4
f 6494/2/4 6486/2/4 6495/2/4
f 6486/5/4 6487/5/4 6496/5/4
f 6495/2/4 6486/2/4 6496/2/4
f 6496/5/4 6487/5/4 6497/5/4
f 6489/1/4 6490/1/4 6499/1/4
f 6499/1/4 6490/1/4 6500/1/4
f 6491/2/4 6492/2/4 6501/2/4
f 6492/2/4 6493/2/4 6501/2/4
f 6501/2/4 6493/2/4 6502/2/4
f 6502/2/4 6493/2/4 6503/2/4
f 6503/2/4 6493/2/4 6504/2/4
f 6494/5/4 6495/5/4 6505/5/4
f 6505/5/4 6495/5/4 6506/5/4
f 6498/3/4 6499/3/4 6508/3/4
f 6508/3/4 6499/3/4 6509/3/4
f 6491/2/4 6501/2/4 6510/2/4
f 6501/5/4 6502/5/4 6511/5/4
f 6510/2/4 6501/2/4 6511/2/4
f 6503/5/4 6504/5/4 6513/5/4
f 6504/5/4 6505/5/4 6513/5/4
f 6513/5/4 6505/5/4 6514/5/4
f 6507/5/4 6508/5/4 6517/5/4
f 6510/5/4 6511/5/4 6518/5/4
f 6511/5/4 6502/5/4 6519/5/4
f 6518/5/4 6511/5/4 6519/5/4
f 6519/5/4 6502/5/4 6520/5/4
f 6512/5/4 6513/5/4 6521/5/4
f 6521/5/4 6513/5/4 6522/5/4
f 6515/5/4 6516/5/4 6523/5/4
f 6523/5/4 6516/5/4 6524/5/4
f 6517/5/4 6508/5/4 6526/5/4
f 6519/5/4 6520/5/4 6530/5/4
f 6520/5/4 6521/5/4 6530/5/4
f 6530/5/4 6521/5/4 6531/5/4
f 6531/5/4 6521/5/4 6532/5/4
f 6523/5/4 6524/5/4 6535/5/4
f 6535/5/4 6524/5/4 6536/5/4
f 6525/5/4 6526/5/4 6537/5/4
f 6526/5/4 6508/5/4 6538/5/4
f 6537/5/4 6526/5/4 6538/5/4
f 6527/3/4 6528/3/4 6539/3/4
f 6539/3/4 6528/3/4 6540/3/4
f 6529/5/4 6530/5/4 6541/5/4
f 6530/5/4 6531/5/4 6541/5/4
f 6541/5/4 6531/5/4 6542/5/4
f 6542/5/4 6531/5/4 6543/5/4
f 6533/5/4 6534/5/4 6544/5/4
f 6532/5/4 6533/5/4 6544/5/4
f 6544/5/4 6534/5/4 6545/5/4
f 6534/2/4 6535/2/4 6546/2/4
f 6545/5/4 6534/5/4 6546/5/4
f 6546/2/4 6535/2/4 6547/2/4
f 6541/2/4 6542/2/4 6548/2/4
f 6548/2/4 6542/2/4 6549/2/4
f 6543/2/4 6544/2/4 6550/2/4
f 6550/2/4 6544/2/4 6551/2/4
f 6545/2/4 6546/2/4 6552/2/4
f 6552/2/4 6546/2/4 6553/2/4
f 6537/2/4 6538/2/4 6556/2/4
f 6556/2/4 6538/2/4 6557/2/4
f 6557/2/4 6538/2/4 6558/2/4
f 6549/2/4 6550/2/4 6561/2/4
f 6561/2/4 6550/2/4 6562/2/4
f 6553/2/4 6554/2/4 6564/2/4
f 6564/2/4 6554/2/4 6565/2/4
f 6556/2/4 6557/2/4 6566/2/4
f 6555/2/4 6556/2/4 6566/2/4
f 6566/2/4 6557/2/4 6567/2/4
f 6560/5/4 6561/5/4 6569/5/4
f 6563/5/4 6564/5/4 6571/5/4
f 6571/5/4 6564/5/4 6572/5/4
f 6558/2/4 6559/2/4 6574/2/4
f 6574/2/4 6559/2/4 6575/2/4
f 6568/5/4 6569/5/4 6577/5/4
f 6569/5/4 6561/5/4 6578/5/4
f 6577/5/4 6569/5/4 6578/5/4
f 6578/5/4 6561/5/4 6579/5/4
f 6572/5/4 6573/5/4 6581/5/4
f 6571/5/4 6572/5/4 6581/5/4
f 6570/5/4 6571/5/4 6581/5/4
f 6581/5/4 6573/5/4 6582/5/4
f 6582/5/4 6573/5/4 6583/5/4
f 6583/5/4 6573/5/4 6584/5/4
f 6584/5/4 6573/5/4 6585/5/4
f 6575/1/4 6576/1/4 6587/1/4
f 6587/1/4 6576/1/4 6588/1/4
f 6580/5/4 6581/5/4 6589/5/4
f 6581/5/4 6582/5/4 6589/5/4
f 6589/5/4 6582/5/4 6590/5/4
f 6590/5/4 6582/5/4 6591/5/4
f 6583/5/4 6584/5/4 6592/5/4
f 6586/3/4 6587/3/4 6594/3/4
f 6589/5/4 6590/5/4 6595/5/4
f 6595/5/4 6590/5/4 6596/5/4
f 6591/5/4 6582/5/4 6597/5/4
f 6597/5/4 6582/5/4 6598/5/4
f 6583/5/4 6592/5/4 6599/5/4
f 6599/5/4 6592/5/4 6600/5/4
f 6583/5/4 6599/5/4 6603/5/4
f 6603/5/4 6599/5/4 6604/5/4
f 6593/5/4 6594/5/4 6606/5/4
f 6594/3/4 6587/3/4 6607/3/4
f 6606/5/4 6594/5/4 6607/5/4
f 6607/3/4 6587/3/4 6608/3/4
f 6601/5/4 6602/5/4 6610/5/4
f 6610/5/4 6602/5/4 6611/5/4
f 6611/5/4 6602/5/4 6612/5/4
f 6606/5/4 6607/5/4 6617/5/4
f 6605/5/4 6606/5/4 6617/5/4
f 6617/5/4 6607/5/4 6618/5/4
f 6609/5/4 6610/5/4 6619/5/4
f 6612/5/4 6613/5/4 6620/5/4
f 6611/5/4 6612/5/4 6620/5/4
f 6620/5/4 6613/5/4 6621/5/4
f 6614/5/4 6615/5/4 6623/5/4
f 6623/5/4 6615/5/4 6624/5/4
f 6616/2/4 6617/2/4 6625/2/4
f 6625/2/4 6617/2/4 6626/2/4
f 6609/5/4 6619/5/4 6628/5/4
f 6619/5/4 6620/5/4 6628/5/4
f 6628/5/4 6620/5/4 6629/5/4
f 6621/5/4 6613/5/4 6630/5/4
f 6630/5/4 6613/5/4 6631/5/4
f 6626/5/4 6627/5/4 6632/5/4
f 6623/5/4 6624/5/4 6632/5/4
f 6625/5/4 6626/5/4 6632/5/4
f 6624/5/4 6625/5/4 6632/5/4
f 6622/5/4 6623/5/4 6632/5/4
f 6632/5/4 6627/5/4 6633/5/4
f 6633/5/4 6627/5/4 6634/5/4
f 6634/5/4 6627/5/4 6635/5/4
f 6635/5/4 6627/5/4 6636/5/4
f 6632/5/4 6633/5/4 6638/5/4
f 6638/5/4 6633/5/4 6639/5/4
f 6634/5/4 6635/5/4 6640/5/4
f 6640/5/4 6635/5/4 6641/5/4
f 6641/5/4 6635/5/4 6642/5/4
f 6638/5/4 6639/5/4 6645/5/4
f 6637/5/4 6638/5/4 6645/5/4
f 6639/5/4 6640/5/4 6645/5/4
f 6640/5/4 6641/5/4 6645/5/4
f 6645/5/4 6641/5/4 6646/5/4
f 6643/5/4 6644/5/4 6647/5/4
f 6647/5/4 6644/5/4 6648/5/4
f 6648/5/4 6644/5/4 6649/5/4
f 6647/5/4 6648/5/4 6650/5/4
f 6650/5/4 6648/5/4 6651/5/4
f 6651/2/4 6652/2/4 6657/2/4
f 6657/2/4 6652/2/4 6658/2/4
f 6658/2/4 6652/2/4 6659/2/4
f 6659/2/4 6652/2/4 6660/2/4
f 6653/3/4 6654/3/4 6661/3/4
f 6661/3/4 6654/3/4 6662/3/4
f 6655/2/4 6656/2/4 6663/2/4
f 6663/2/4 6656/2/4 6664/2/4
f 6658/2/4 6659/2/4 6666/2/4
f 6666/2/4 6659/2/4 6667/2/4
f 6662/5/4 6663/5/4 6670/5/4
f 6664/2/4 6665/2/4 6671/2/4
f 6663/2/4 6664/2/4 6671/2/4
f 6670/5/4 6663/5/4 6671/5/4
f 6671/2/4 6665/2/4 6672/2/4
f 6669/2/4 6670/2/4 6677/2/4
f 6668/2/4 6669/2/4 6677/2/4
f 6670/2/4 6671/2/4 6677/2/4
f 6677/2/4 6671/2/4 6678/2/4
f 6678/2/4 6671/2/4 6679/2/4
f 6679/2/4 6671/2/4 6680/2/4
f 6673/2/4 6674/2/4 6682/2/4
f 6675/5/4 6676/5/4 6683/5/4
f 6683/5/4 6676/5/4 6684/5/4
f 6678/2/4 6679/2/4 6686/2/4
f 6686/2/4 6679/2/4 6687/2/4
f 6680/2/4 6681/2/4 6688/2/4
f 6688/2/4 6681/2/4 6689/2/4
f 6689/2/4 6681/2/4 6690/2/4
f 6690/2/4 6681/2/4 6691/2/4
f 6682/2/4 6674/2/4 6692/2/4
f 6686/2/4 6687/2/4 6693/2/4
f 6685/2/4 6686/2/4 6693/2/4
f 6687/2/4 6688/2/4 6693/2/4
f 6693/2/4 6688/2/4 6694/2/4
f 6694/2/4 6688/2/4 6695/2/4
f 6689/2/4 6690/2/4 6696/2/4
f 6696/2/4 6690/2/4 6697/2/4
f 6691/2/4 6692/2/4 6698/2/4
f 6692/2/4 6674/2/4 6699/2/4
f 6698/2/4 6692/2/4 6699/2/4
f 6685/2/4 6693/2/4 6702/2/4
f 6702/2/4 6693/2/4 6703/2/4
f 6694/2/4 6695/2/4 6704/2/4
f 6695/2/4 6696/2/4 6704/2/4
f 6704/2/4 6696/2/4 6705/2/4
f 6702/2/4 6703/2/4 6707/2/4
f 6705/2/4 6706/2/4 6707/2/4
f 6704/2/4 6705/2/4 6707/2/4
f 6703/2/4 6704/2/4 6707/2/4
f 6700/2/4 6701/2/4 6707/2/4
f 6701/2/4 6702/2/4 6707/2/4
f 6707/2/4 6706/2/4 6708/2/4
f 6708/2/4 6706/2/4 6709/2/4
f 6709/2/4 6706/2/4 6710/2/4
f 6710/2/4 6706/2/4 6711/2/4
f 6711/2/4 6706/2/4 6712/2/4
f 6708/2/4 6709/2/4 6713/2/4
f 6710/2/4 6711/2/4 6714/2/4
f 6714/2/4 6711/2/4 6715/2/4
f 6715/2/4 6711/2/4 6716/2/4
f 6712/2/4 6706/2/4 6718/2/4
f 6718/2/4 6706/2/4 6719/2/4
f 6713/2/4 6709/2/4 6720/2/4
f 6715/2/4 6716/2/4 6722/2/4
f 6722/2/4 6716/2/4 6723/2/4
f 6717/2/4 6718/2/4 6724/2/4
f 6724/2/4 6718/2/4 6725/2/4
f 6720/2/4 6721/2/4 6726/2/4
f 6713/2/4 6720/2/4 6726/2/4
f 6726/2/4 6721/2/4 6727/2/4
f 6723/2/4 6724/2/4 6728/2/4
f 6728/2/4 6724/2/4 6729/2/4
f 6713/2/4 6726/2/4 6730/2/4
f 6730/2/4 6726/2/4 6731/2/4
f 6732/3/4 6733/3/4 6735/3/4
f 6733/1/4 6734/1/4 6735/1/4
f 6735/1/4 6734/1/4 6736/1/4
f 6738/1/4 6739/1/4 6740/1/4
f 6735/3/4 6736/3/4 6742/3/4
f 6736/1/4 6734/1/4 6742/1/4
f 6742/1/4 6734/1/4 6743/1/4
f 6740/1/4 6741/1/4 6744/1/4
f 6738/1/4 6740/1/4 6744/1/4
f 6737/3/4 6738/3/4 6744/3/4
f 6744/1/4 6741/1/4 6745/1/4
f 6744/3/4 6745/3/4 6746/3/4
f 6745/1/4 6741/1/4 6746/1/4
f 6746/1/4 6741/1/4 6747/1/4
f 6732/3/4 6735/3/4 6750/3/4
f 6742/3/4 6743/3/4 6750/3/4
f 6735/3/4 6742/3/4 6750/3/4
f 6750/3/4 6743/3/4 6751/3/4
f 6748/1/4 6749/1/4 6752/1/4
f 6751/3/4 6743/3/4 6754/3/4
f 6743/1/4 6734/1/4 6754/1/4
f 6754/1/4 6734/1/4 6755/1/4
f 6752/1/4 6753/1/4 6756/1/4
f 6747/1/4 6741/1/4 6758/1/4
f 6746/3/4 6747/3/4 6758/3/4
f 6758/1/4 6741/1/4 6759/1/4
f 6748/1/4 6752/1/4 6761/1/4
f 6756/1/4 6757/1/4 6761/1/4
f 6752/1/4 6756/1/4 6761/1/4
f 6761/1/4 6757/1/4 6762/1/4
f 6762/1/4 6757/1/4 6763/1/4
f 6763/1/4 6757/1/4 6764/1/4
f 6760/3/4 6761/3/4 6765/3/4
f 6761/1/4 6762/1/4 6765/1/4
f 6762/3/4 6763/3/4 6766/3/4
f 6765/1/4 6762/1/4 6766/1/4
f 6754/3/4 6755/3/4 6769/3/4
f 6751/3/4 6754/3/4 6769/3/4
f 6769/3/4 6755/3/4 6770/3/4
f 6759/1/4 6741/1/4 6771/1/4
f 6758/3/4 6759/3/4 6771/3/4
f 6771/1/4 6741/1/4 6772/1/4
f 6765/3/4 6766/3/4 6773/3/4
f 6766/3/4 6763/3/4 6773/3/4
f 6773/3/4 6763/3/4 6774/3/4
f 6767/1/4 6768/1/4 6775/1/4
f 6775/1/4 6776/1/4 6778/1/4
f 6767/1/4 6775/1/4 6778/1/4
f 6778/1/4 6776/1/4 6779/1/4
f 6760/3/4 6765/3/4 6782/3/4
f 6765/3/4 6773/3/4 6782/3/4
f 6782/3/4 6773/3/4 6783/3/4
f 6783/3/4 6773/3/4 6784/3/4
f 6779/1/4 6780/1/4 6785/1/4
f 6778/1/4 6779/1/4 6785/1/4
f 6777/1/4 6778/1/4 6785/1/4
f 6785/1/4 6780/1/4 6786/1/4
f 6786/1/4 6780/1/4 6787/1/4
f 6777/1/4 6785/1/4 6789/1/4
f 6785/3/4 6786/3/4 6790/3/4
f 6789/1/4 6785/1/4 6790/1/4
f 6790/3/4 6786/3/4 6791/3/4
f 6791/3/4 6786/3/4 6792/3/4
f 6758/3/4 6771/3/4 6795/3/4
f 6746/3/4 6758/3/4 6795/3/4
f 6737/3/4 6744/3/4 6795/3/4
f 6744/3/4 6746/3/4 6795/3/4
f 6795/3/4 6771/3/4 6796/3/4
f 6782/3/4 6783/3/4 6797/3/4
f 6781/3/4 6782/3/4 6797/3/4
f 6797/3/4 6783/3/4 6798/3/4
f 6790/3/4 6791/3/4 6799/3/4
f 6789/3/4 6790/3/4 6799/3/4
f 6788/3/4 6789/3/4 6799/3/4
f 6799/3/4 6791/3/4 6800/3/4
f 6793/1/4 6794/1/4 6802/1/4
f 6802/1/4 6794/1/4 6803/1/4
f 6751/3/4 6769/3/4 6805/3/4
f 6805/3/4 6769/3/4 6806/3/4
f 6781/3/4 6797/3/4 6807/3/4
f 6807/3/4 6797/3/4 6808/3/4
f 6788/3/4 6799/3/4 6810/3/4
f 6810/3/4 6799/3/4 6811/3/4
f 6811/3/4 6799/3/4 6812/3/4
f 6803/1/4 6804/1/4 6814/1/4
f 6802/1/4 6803/1/4 6814/1/4
f 6801/1/4 6802/1/4 6814/1/4
f 6814/1/4 6804/1/4 6815/1/4
f 6796/3/4 6771/3/4 6816/3/4
f 6816/3/4 6771/3/4 6817/3/4
f 6781/3/4 6807/3/4 6819/3/4
f 6810/3/4 6811/3/4 6821/3/4
f 6809/3/4 6810/3/4 6821/3/4
f 6821/3/4 6811/3/4 6822/3/4
f 6822/3/4 6811/3/4 6823/3/4
f 6814/3/4 6815/3/4 6825/3/4
f 6813/3/4 6814/3/4 6825/3/4
f 6815/1/4 6804/1/4 6826/1/4
f 6825/3/4 6815/3/4 6826/3/4
f 6826/1/4 6804/1/4 6827/1/4
f 6806/3/4 6769/3/4 6829/3/4
f 6829/3/4 6769/3/4 6830/3/4
f 6821/3/4 6822/3/4 6831/3/4
f 6820/3/4 6821/3/4 6831/3/4
f 6831/3/4 6822/3/4 6832/3/4
f 6824/3/4 6825/3/4 6834/3/4
f 6827/3/4 6828/3/4 6834/3/4
f 6826/3/4 6827/3/4 6834/3/4
f 6825/3/4 6826/3/4 6834/3/4
f 6834/3/4 6828/3/4 6835/3/4
f 6835/3/4 6828/3/4 6836/3/4
f 6806/3/4 6829/3/4 6837/3/4
f 6829/4/4 6830/4/4 6838/4/4
f 6837/3/4 6829/3/4 6838/3/4
f 6796/3/4 6816/3/4 6839/3/4
f 6839/3/4 6816/3/4 6840/3/4
f 6818/3/4 6819/3/4 6841/3/4
f 6819/3/4 6807/3/4 6841/3/4
f 6841/3/4 6807/3/4 6842/3/4
f 6820/3/4 6831/3/4 6843/3/4
f 6843/3/4 6831/3/4 6844/3/4
f 6844/3/4 6831/3/4 6845/3/4
f 6834/3/4 6835/3/4 6846/3/4
f 6833/3/4 6834/3/4 6846/3/4
f 6846/3/4 6835/3/4 6847/3/4
f 6806/3/4 6837/3/4 6850/3/4
f 6837/4/4 6838/4/4 6851/4/4
f 6850/3/4 6837/3/4 6851/3/4
f 6796/3/4 6839/3/4 6852/3/4
f 6839/4/4 6840/4/4 6853/4/4
f 6852/3/4 6839/3/4 6853/3/4
f 6818/3/4 6841/3/4 6854/3/4
f 6854/3/4 6841/3/4 6855/3/4
f 6833/3/4 6846/3/4 6857/3/4
f 6857/3/4 6846/3/4 6858/3/4
f 6858/3/4 6846/3/4 6859/3/4
f 6848/1/4 6849/1/4 6861/1/4
f 6796/3/4 6852/3/4 6862/3/4
f 6852/4/4 6853/4/4 6863/4/4
f 6862/3/4 6852/3/4 6863/3/4
f 6854/4/4 6855/4/4 6865/4/4
f 6855/3/4 6841/3/4 6866/3/4
f 6865/4/4 6855/4/4 6866/4/4
f 6866/3/4 6841/3/4 6867/3/4
f 6842/3/4 6843/3/4 6868/3/4
f 6843/3/4 6844/3/4 6868/3/4
f 6868/3/4 6844/3/4 6869/3/4
f 6869/3/4 6844/3/4 6870/3/4
f 6856/3/4 6857/3/4 6872/3/4
f 6857/3/4 6858/3/4 6872/3/4
f 6872/3/4 6858/3/4 6873/3/4
f 6873/3/4 6858/3/4 6874/3/4
f 6860/1/4 6861/1/4 6877/1/4
f 6861/1/4 6849/1/4 6878/1/4
f 6877/1/4 6861/1/4 6878/1/4
f 6850/4/4 6851/4/4 6880/4/4
f 6851/4/4 6838/4/4 6881/4/4
f 6880/4/4 6851/4/4 6881/4/4
f 6838/4/4 6830/4/4 6881/4/4
f 6862/4/4 6863/4/4 6882/4/4
f 6863/4/4 6853/4/4 6883/4/4
f 6882/4/4 6863/4/4 6883/4/4
f 6868/3/4 6869/3/4 6884/3/4
f 6867/3/4 6868/3/4 6884/3/4
f 6884/3/4 6869/3/4 6885/3/4
f 6872/3/4 6873/3/4 6887/3/4
f 6871/3/4 6872/3/4 6887/3/4
f 6887/3/4 6873/3/4 6888/3/4
f 6888/3/4 6873/3/4 6889/3/4
f 6875/3/4 6876/3/4 6891/3/4
f 6876/1/4 6877/1/4 6892/1/4
f 6878/1/4 6879/1/4 6892/1/4
f 6891/3/4 6876/3/4 6892/3/4
f 6877/1/4 6878/1/4 6892/1/4
f 6892/1/4 6879/1/4 6893/1/4
f 6893/1/4 6879/1/4 6894/1/4
f 6883/4/4 6853/4/4 6896/4/4
f 6853/4/4 6840/4/4 6897/4/4
f 6896/4/4 6853/4/4 6897/4/4
f 6864/4/4 6865/4/4 6898/4/4
f 6865/4/4 6866/4/4 6898/4/4
f 6898/4/4 6866/4/4 6899/4/4
f 6867/3/4 6884/3/4 6900/3/4
f 6900/3/4 6884/3/4 6901/3/4
f 6887/3/4 6888/3/4 6903/3/4
f 6886/3/4 6887/3/4 6903/3/4
f 6903/3/4 6888/3/4 6904/3/4
f 6904/3/4 6888/3/4 6905/3/4
f 6890/3/4 6891/3/4 6907/3/4
f 6892/3/4 6893/3/4 6907/3/4
f 6891/3/4 6892/3/4 6907/3/4
f 6894/1/4 6895/1/4 6908/1/4
f 6893/1/4 6894/1/4 6908/1/4
f 6907/3/4 6893/3/4 6908/3/4
f 6908/1/4 6895/1/4 6909/1/4
f 6909/1/4 6895/1/4 6910/1/4
f 6864/4/4 6898/4/4 6911/4/4
f 6911/4/4 6898/4/4 6912/4/4
f 6900/4/4 6901/4/4 6913/4/4
f 6899/4/4 6900/4/4 6913/4/4
f 6913/4/4 6901/4/4 6914/4/4
f 6903/3/4 6904/3/4 6915/3/4
f 6902/3/4 6903/3/4 6915/3/4
f 6906/3/4 6907/3/4 6917/3/4
f 6908/3/4 6909/3/4 6917/3/4
f 6907/3/4 6908/3/4 6917/3/4
f 6917/3/4 6909/3/4 6918/3/4
f 6918/3/4 6909/3/4 6919/3/4
f 6899/4/4 6913/4/4 6920/4/4
f 6920/4/4 6913/4/4 6921/4/4
f 6914/3/4 6915/3/4 6922/3/4
f 6915/3/4 6904/3/4 6923/3/4
f 6922/3/4 6915/3/4 6923/3/4
f 6923/3/4 6904/3/4 6924/3/4
f 6924/3/4 6904/3/4 6925/3/4
f 6917/3/4 6918/3/4 6926/3/4
f 6916/3/4 6917/3/4 6926/3/4
f 6926/3/4 6918/3/4 6927/3/4
f 6927/3/4 6918/3/4 6928/3/4
f 6921/4/4 6922/4/4 6931/4/4
f 6922/4/4 6923/4/4 6931/4/4
f 6923/3/4 6924/3/4 6931/3/4
f 6931/3/4 6924/3/4 6932/3/4
f 6932/3/4 6924/3/4 6933/3/4
f 6926/3/4 6927/3/4 6934/3/4
f 6925/3/4 6926/3/4 6934/3/4
f 6934/3/4 6927/3/4 6935/3/4
f 6935/3/4 6927/3/4 6936/3/4
f 6929/1/4 6930/1/4 6939/1/4
f 6939/1/4 6930/1/4 6940/1/4
f 6931/4/4 6932/4/4 6942/4/4
f 6921/4/4 6931/4/4 6942/4/4
f 6942/4/4 6932/4/4 6943/4/4
f 6943/4/4 6932/4/4 6944/4/4
f 6944/4/4 6932/4/4 6945/4/4
f 6933/3/4 6934/3/4 6947/3/4
f 6934/3/4 6935/3/4 6947/3/4
f 6947/3/4 6935/3/4 6948/3/4
f 6948/3/4 6935/3/4 6949/3/4
f 6937/3/4 6938/3/4 6951/3/4
f 6940/1/4 6941/1/4 6952/1/4
f 6939/1/4 6940/1/4 6952/1/4
f 6951/3/4 6938/3/4 6952/3/4
f 6938/1/4 6939/1/4 6952/1/4
f 6952/1/4 6941/1/4 6953/1/4
f 6943/4/4 6944/4/4 6954/4/4
f 6954/4/4 6944/4/4 6955/4/4
f 6945/4/4 6946/4/4 6956/4/4
f 6947/3/4 6948/3/4 6957/3/4
f 6946/3/4 6947/3/4 6957/3/4
f 6956/4/4 6946/4/4 6957/4/4
f 6957/3/4 6948/3/4 6958/3/4
f 6958/3/4 6948/3/4 6959/3/4
f 6959/3/4 6948/3/4 6960/3/4
f 6950/3/4 6951/3/4 6962/3/4
f 6952/3/4 6953/3/4 6962/3/4
f 6951/3/4 6952/3/4 6962/3/4
f 6953/1/4 6941/1/4 6963/1/4
f 6962/3/4 6953/3/4 6963/3/4
f 6963/1/4 6941/1/4 6964/1/4
f 6955/4/4 6956/4/4 6965/4/4
f 6957/4/4 6958/4/4 6965/4/4
f 6956/4/4 6957/4/4 6965/4/4
f 6965/4/4 6958/4/4 6966/4/4
f 6966/4/4 6958/4/4 6967/4/4
f 6958/3/4 6959/3/4 6968/3/4
f 6967/4/4 6958/4/4 6968/4/4
f 6968/3/4 6959/3/4 6969/3/4
f 6961/3/4 6962/3/4 6971/3/4
f 6963/3/4 6964/3/4 6971/3/4
f 6962/3/4 6963/3/4 6971/3/4
f 6971/3/4 6964/3/4 6972/3/4
f 6966/4/4 6967/4/4 6974/4/4
f 6974/4/4 6967/4/4 6975/4/4
f 6972/3/4 6973/3/4 6977/3/4
f 6971/3/4 6972/3/4 6977/3/4
f 6970/3/4 6971/3/4 6977/3/4
f 6977/3/4 6973/3/4 6978/3/4
f 6978/3/4 6973/3/4 6979/3/4
f 6976/3/4 6977/3/4 6982/3/4
f 6977/3/4 6978/3/4 6982/3/4
f 6982/3/4 6978/3/4 6983/3/4
f 6983/3/4 6978/3/4 6984/3/4
f 6980/4/4 6981/4/4 6987/4/4
f 6981/3/4 6982/3/4 6987/3/4
f 6982/3/4 6983/3/4 6987/3/4
f 6987/3/4 6983/3/4 6988/3/4
f 6988/3/4 6983/3/4 6989/3/4
f 6989/3/4 6983/3/4 6990/3/4
f 6985/3/4 6986/3/4 6992/3/4
f 6992/3/4 6986/3/4 6993/3/4
f 6980/4/4 6987/4/4 6995/4/4
f 6987/4/4 6988/4/4 6995/4/4
f 6995/4/4 6988/4/4 6996/4/4
f 6988/3/4 6989/3/4 6997/3/4
f 6996/4/4 6988/4/4 6997/4/4
f 6997/3/4 6989/3/4 6998/3/4
f 6992/3/4 6993/3/4 7000/3/4
f 6993/3/4 6994/3/4 7000/3/4
f 6991/3/4 6992/3/4 7000/3/4
f 7000/3/4 6994/3/4 7001/3/4
f 7001/3/4 6994/3/4 7002/3/4
f 6996/4/4 6997/4/4 7003/4/4
f 7003/4/4 6997/4/4 7004/4/4
f 7000/3/4 7001/3/4 7007/3/4
f 6999/3/4 7000/3/4 7007/3/4
f 7007/3/4 7001/3/4 7008/3/4
f 7001/1/4 7002/1/4 7009/1/4
f 7008/3/4 7001/3/4 7009/3/4
f 7009/1/4 7002/1/4 7010/1/4
f 7005/4/4 7006/4/4 7012/4/4
f 7007/3/4 7008/3/4 7013/3/4
f 7006/3/4 7007/3/4 7013/3/4
f 7008/1/4 7009/1/4 7014/1/4
f 7013/3/4 7008/3/4 7014/3/4
f 7014/1/4 7009/1/4 7015/1/4
f 7015/1/4 7009/1/4 7016/1/4
f 7011/4/4 7012/4/4 7017/4/4
f 7012/4/4 7006/4/4 7017/4/4
f 7006/3/4 7013/3/4 7018/3/4
f 7017/4/4 7006/4/4 7018/4/4
f 7014/1/4 7015/1/4 7019/1/4
f 7013/1/4 7014/1/4 7019/1/4
f 7019/1/4 7015/1/4 7020/1/4
f 7018/3/4 7013/3/4 7021/3/4
f 7017/3/4 7018/3/4 7021/3/4
f 7013/1/4 7019/1/4 7022/1/4
f 7021/3/4 7013/3/4 7022/3/4
f 7022/1/4 7019/1/4 7023/1/4
f 7011/4/4 7017/4/4 7026/4/4
f 7017/3/4 7021/3/4 7027/3/4
f 7026/4/4 7017/4/4 7027/4/4
f 7027/3/4 7021/3/4 7028/3/4
f 7024/3/4 7025/3/4 7032/3/4
f 7032/3/4 7025/3/4 7033/3/4
f 7033/3/4 7025/3/4 7034/3/4
f 7029/3/4 7030/3/4 7038/3/4
f 7038/3/4 7030/3/4 7039/3/4
f 7032/3/4 7033/3/4 7040/3/4
f 7031/3/4 7032/3/4 7040/3/4
f 7040/3/4 7033/3/4 7041/3/4
f 7041/3/4 7033/3/4 7042/3/4
f 7034/1/4 7035/1/4 7043/1/4
f 7036/3/4 7037/3/4 7046/3/4
f 7046/3/4 7037/3/4 7047/3/4
f 7039/3/4 7040/3/4 7048/3/4
f 7040/3/4 7041/3/4 7048/3/4
f 7048/3/4 7041/3/4 7049/3/4
f 7049/3/4 7041/3/4 7050/3/4
f 7050/3/4 7041/3/4 7051/3/4
f 7051/3/4 7041/3/4 7052/3/4
f 7044/4/4 7045/4/4 7053/4/4
f 7053/4/4 7045/4/4 7054/4/4
f 7036/3/4 7046/3/4 7056/3/4
f 7056/3/4 7046/3/4 7057/3/4
f 7047/3/4 7048/3/4 7058/3/4
f 7048/3/4 7049/3/4 7058/3/4
f 7058/3/4 7049/3/4 7059/3/4
f 7059/3/4 7049/3/4 7060/3/4
f 7050/3/4 7051/3/4 7061/3/4
f 7051/1/4 7052/1/4 7062/1/4
f 7061/3/4 7051/3/4 7062/3/4
f 7062/1/4 7052/1/4 7063/1/4
f 7054/3/4 7055/3/4 7064/3/4
f 7064/3/4 7055/3/4 7065/3/4
f 7058/3/4 7059/3/4 7066/3/4
f 7057/3/4 7058/3/4 7066/3/4
f 7059/1/4 7060/1/4 7067/1/4
f 7066/3/4 7059/3/4 7067/3/4
f 7067/1/4 7060/1/4 7068/1/4
f 7061/1/4 7062/1/4 7069/1/4
f 7069/1/4 7062/1/4 7070/1/4
f 7042/1/4 7043/1/4 7071/1/4
f 7043/1/4 7035/1/4 7072/1/4
f 7071/1/4 7043/1/4 7072/1/4
f 7054/3/4 7064/3/4 7073/3/4
f 7073/3/4 7064/3/4 7074/3/4
f 7075/3/4 7076/3/4 7078/3/4
f 7076/1/4 7077/1/4 7078/1/4
f 7078/1/4 7077/1/4 7079/1/4
f 7079/1/4 7077/1/4 7080/1/4
f 7075/3/4 7078/3/4 7084/3/4
f 7078/3/4 7079/3/4 7084/3/4
f 7084/3/4 7079/3/4 7085/3/4
f 7085/3/4 7079/3/4 7086/3/4
f 7081/1/4 7082/1/4 7088/1/4
f 7088/1/4 7082/1/4 7089/1/4
f 7089/1/4 7082/1/4 7090/1/4
f 7083/4/4 7084/4/4 7092/4/4
f 7084/4/4 7085/4/4 7092/4/4
f 7092/4/4 7085/4/4 7093/4/4
f 7088/1/4 7089/1/4 7094/1/4
f 7087/1/4 7088/1/4 7094/1/4
f 7094/1/4 7089/1/4 7095/1/4
f 7095/1/4 7089/1/4 7096/1/4
f 7094/3/4 7095/3/4 7098/3/4
f 7097/3/4 7098/3/4 7101/3/4
f 7098/3/4 7095/3/4 7102/3/4
f 7101/3/4 7098/3/4 7102/3/4
f 7099/4/4 7100/4/4 7103/4/4
f 7103/4/4 7100/4/4 7104/4/4
f 7090/1/4 7091/1/4 7105/1/4
f 7105/1/4 7091/1/4 7106/1/4
f 7107/3/4 7108/3/4 7113/3/4
f 7113/3/4 7108/3/4 7114/3/4
f 7109/3/4 7110/3/4 7115/3/4
f 7115/3/4 7110/3/4 7116/3/4
f 7111/4/4 7112/4/4 7117/4/4
f 7117/4/4 7112/4/4 7118/4/4
f 7119/4/4 7120/4/4 7122/4/4
f 7122/4/4 7120/4/4 7123/4/4
f 7121/4/4 7122/4/4 7124/4/4
f 7121/4/4 7124/4/4 7126/4/4
f 7124/3/4 7125/3/4 7127/3/4
f 7126/4/4 7124/4/4 7127/4/4
f 7127/3/4 7125/3/4 7128/3/4
f 7129/3/4 7130/3/4 7134/3/4
f 7134/3/4 7130/3/4 7135/3/4
f 7135/3/4 7130/3/4 7136/3/4
f 7131/3/4 7132/3/4 7137/3/4
f 7137/3/4 7132/3/4 7138/3/4
f 7133/3/4 7134/3/4 7139/3/4
f 7134/3/4 7135/3/4 7139/3/4
f 7139/3/4 7135/3/4 7140/3/4
f 7140/3/4 7135/3/4 7143/3/4
f 7143/3/4 7135/3/4 7144/3/4
f 7141/3/4 7142/3/4 7145/3/4
f 7145/3/4 7142/3/4 7146/3/4
f 7147/3/4 7148/3/4 7151/3/4
f 7151/3/4 7148/3/4 7152/3/4
f 7149/3/4 7150/3/4 7153/3/4
f 7153/3/4 7150/3/4 7154/3/4
f 7157/2/5 7156/2/5 7155/2/5
f 7158/2/5 7156/2/5 7157/2/5
f 7159/2/5 7157/2/5 7155/2/5
f 7159/5/5 7158/5/5 7157/5/5
f 7160/2/5 7156/2/5 7158/2/5
f 7160/5/5 7158/5/5 7159/5/5
f 7161/2/5 7159/2/5 7155/2/5
f 7161/2/5 7160/2/5 7159/2/5
f 7162/2/5 7156/2/5 7160/2/5
f 7162/2/5 7160/2/5 7161/2/5
f 7165/3/5 7164/3/5 7163/3/5
f 7166/3/5 7164/3/5 7165/3/5
f 7167/3/5 7165/3/5 7163/3/5
f 7169/3/5 7167/3/5 7163/3/5
f 7169/3/5 7168/3/5 7167/3/5
f 7170/3/5 7168/3/5 7169/3/5
f 7173/3/5 7172/3/5 7171/3/5
f 7174/3/5 7172/3/5 7173/3/5
f 7177/3/5 7176/3/5 7175/3/5
f 7178/3/5 7176/3/5 7177/3/5
f 7182/3/5 7180/3/5 7179/3/5
f 7183/4/5 7181/4/5 7180/4/5
f 7183/3/5 7180/3/5 7182/3/5
f 7184/4/5 7181/4/5 7183/4/5
f 7185/4/5 7181/4/5 7184/4/5
f 7186/4/5 7181/4/5 7185/4/5
f 7189/5/5 7188/5/5 7187/5/5
f 7190/5/5 7188/5/5 7189/5/5
f 7191/3/5 7186/3/5 7185/3/5
f 7192/3/5 7186/3/5 7191/3/5
f 7195/4/5 7192/4/5 7191/4/5
f 7196/3/5 7194/3/5 7193/3/5
f 7197/4/5 7195/4/5 7194/4/5
f 7197/3/5 7194/3/5 7196/3/5
f 7198/4/5 7192/4/5 7195/4/5
f 7198/4/5 7195/4/5 7197/4/5
f 7201/3/5 7200/3/5 7199/3/5
f 7202/3/5 7200/3/5 7201/3/5
f 7203/3/5 7201/3/5 7199/3/5
f 7205/3/5 7203/3/5 7199/3/5
f 7205/3/5 7204/3/5 7203/3/5
f 7206/3/5 7204/3/5 7205/3/5
f 7210/3/5 7208/3/5 7207/3/5
f 7211/4/5 7209/4/5 7208/4/5
f 7211/3/5 7208/3/5 7210/3/5
f 7212/4/5 7209/4/5 7211/4/5
f 7213/4/5 7209/4/5 7212/4/5
f 7214/3/5 7213/3/5 7212/3/5
f 7215/3/5 7213/3/5 7214/3/5
f 7217/4/5 7215/4/5 7214/4/5
f 7218/3/5 7217/3/5 7216/3/5
f 7219/4/5 7215/4/5 7217/4/5
f 7219/3/5 7217/3/5 7218/3/5
f 7220/4/5 7215/4/5 7219/4/5
f 7223/4/5 7222/4/5 7221/4/5
f 7224/4/5 7222/4/5 7223/4/5
f 7225/4/5 7222/4/5 7224/4/5
f 7226/3/5 7225/3/5 7224/3/5
f 7227/3/5 7225/3/5 7226/3/5
f 7228/4/5 7227/4/5 7226/4/5
f 7229/4/5 7227/4/5 7228/4/5
f 7230/4/5 7227/4/5 7229/4/5
f 7235/1/5 7232/1/5 7231/1/5
f 7236/1/5 7232/1/5 7235/1/5
f 7237/1/5 7232/1/5 7236/1/5
f 7238/4/5 7234/4/5 7233/4/5
f 7239/4/5 7234/4/5 7238/4/5
f 7240/4/5 7234/4/5 7239/4/5
f 7241/4/5 7234/4/5 7240/4/5
f 7241/3/5 7240/3/5 7239/3/5
f 7242/4/5 7234/4/5 7241/4/5
f 7243/3/5 7241/3/5 7239/3/5
f 7243/3/5 7242/3/5 7241/3/5
f 7244/3/5 7242/3/5 7243/3/5
f 7246/3/5 7243/3/5 7239/3/5
f 7247/4/5 7244/4/5 7243/4/5
f 7247/3/5 7243/3/5 7246/3/5
f 7248/4/5 7246/4/5 7245/4/5
f 7248/4/5 7247/4/5 7246/4/5
f 7249/4/5 7244/4/5 7247/4/5
f 7249/4/5 7247/4/5 7248/4/5
f 7253/3/5 7251/3/5 7250/3/5
f 7254/4/5 7252/4/5 7251/4/5
f 7254/3/5 7251/3/5 7253/3/5
f 7255/4/5 7252/4/5 7254/4/5
f 7259/3/5 7257/3/5 7256/3/5
f 7260/4/5 7258/4/5 7257/4/5
f 7260/3/5 7257/3/5 7259/3/5
f 7261/4/5 7258/4/5 7260/4/5
f 7264/4/5 7263/4/5 7262/4/5
f 7265/4/5 7263/4/5 7264/4/5
f 7266/4/5 7263/4/5 7265/4/5
f 7267/4/5 7265/4/5 7264/4/5
f 7268/3/5 7266/3/5 7265/3/5
f 7268/4/5 7265/4/5 7267/4/5
f 7269/3/5 7268/3/5 7267/3/5
f 7270/3/5 7266/3/5 7268/3/5
f 7270/3/5 7268/3/5 7269/3/5
f 7271/4/5 7270/4/5 7269/4/5
f 7271/3/5 7266/3/5 7270/3/5
f 7272/3/5 7266/3/5 7271/3/5
f 7275/4/5 7271/4/5 7269/4/5
f 7275/4/5 7272/4/5 7271/4/5
f 7276/3/5 7274/3/5 7273/3/5
f 7277/3/5 7274/3/5 7276/3/5
f 7278/4/5 7272/4/5 7275/4/5
f 7279/4/5 7272/4/5 7278/4/5
f 7284/3/5 7281/3/5 7280/3/5
f 7285/3/5 7281/3/5 7284/3/5
f 7286/3/5 7283/3/5 7282/3/5
f 7287/3/5 7283/3/5 7286/3/5
f 7292/3/5 7289/3/5 7288/3/5
f 7293/3/5 7289/3/5 7292/3/5
f 7294/3/5 7291/3/5 7290/3/5
f 7295/3/5 7291/3/5 7294/3/5
f 7300/1/5 7297/1/5 7296/1/5
f 7301/1/5 7297/1/5 7300/1/5
f 7302/1/5 7297/1/5 7301/1/5
f 7303/4/5 7299/4/5 7298/4/5
f 7304/4/5 7299/4/5 7303/4/5
f 7305/3/5 7304/3/5 7303/3/5
f 7306/4/5 7299/4/5 7304/4/5
f 7306/3/5 7304/3/5 7305/3/5
f 7307/4/5 7299/4/5 7306/4/5
f 7308/3/5 7306/3/5 7305/3/5
f 7308/3/5 7307/3/5 7306/3/5
f 7309/3/5 7307/3/5 7308/3/5
f 7310/3/5 7308/3/5 7305/3/5
f 7311/3/5 7301/3/5 7300/3/5
f 7312/3/5 7301/3/5 7311/3/5
f 7316/3/5 7308/3/5 7310/3/5
f 7317/4/5 7309/4/5 7308/4/5
f 7317/3/5 7308/3/5 7316/3/5
f 7318/1/5 7312/1/5 7311/1/5
f 7318/1/5 7313/1/5 7312/1/5
f 7319/1/5 7313/1/5 7318/1/5
f 7320/3/5 7315/3/5 7314/3/5
f 7321/3/5 7315/3/5 7320/3/5
f 7322/4/5 7317/4/5 7316/4/5
f 7323/4/5 7309/4/5 7317/4/5
f 7323/4/5 7317/4/5 7322/4/5
f 7326/3/5 7325/3/5 7324/3/5
f 7327/3/5 7325/3/5 7326/3/5
f 7334/2/5 7333/2/5 7332/2/5
f 7335/2/5 7333/2/5 7334/2/5
f 7336/2/5 7333/2/5 7335/2/5
f 7340/5/5 7336/5/5 7335/5/5
f 7341/4/5 7331/4/5 7330/4/5
f 7342/4/5 7331/4/5 7341/4/5
f 7343/5/5 7338/5/5 7337/5/5
f 7344/3/5 7339/3/5 7338/3/5
f 7344/5/5 7338/5/5 7343/5/5
f 7345/5/5 7340/5/5 7339/5/5
f 7345/3/5 7339/3/5 7344/3/5
f 7346/5/5 7336/5/5 7340/5/5
f 7346/5/5 7340/5/5 7345/5/5
f 7349/3/5 7348/3/5 7347/3/5
f 7350/3/5 7348/3/5 7349/3/5
f 7351/3/5 7342/3/5 7341/3/5
f 7352/3/5 7342/3/5 7351/3/5
f 7356/5/5 7354/5/5 7353/5/5
f 7359/5/5 7356/5/5 7355/5/5
f 7360/5/5 7356/5/5 7359/5/5
f 7361/5/5 7354/5/5 7356/5/5
f 7361/5/5 7356/5/5 7360/5/5
f 7364/3/5 7329/3/5 7328/3/5
f 7365/3/5 7329/3/5 7364/3/5
f 7366/5/5 7358/5/5 7357/5/5
f 7367/5/5 7358/5/5 7366/5/5
f 7369/2/5 7361/2/5 7360/2/5
f 7370/2/5 7361/2/5 7369/2/5
f 7371/2/5 7361/2/5 7370/2/5
f 7372/3/5 7363/3/5 7362/3/5
f 7373/3/5 7363/3/5 7372/3/5
f 7374/3/5 7365/3/5 7364/3/5
f 7375/3/5 7365/3/5 7374/3/5
f 7376/4/5 7352/4/5 7351/4/5
f 7377/4/5 7352/4/5 7376/4/5
f 7378/3/5 7368/3/5 7367/3/5
f 7379/3/5 7368/3/5 7378/3/5
f 7380/3/5 7371/3/5 7370/3/5
f 7381/3/5 7371/3/5 7380/3/5
f 7386/3/5 7383/3/5 7382/3/5
f 7387/3/5 7383/3/5 7386/3/5
f 7388/3/5 7385/3/5 7384/3/5
f 7389/3/5 7385/3/5 7388/3/5
f 7390/3/5 7385/3/5 7389/3/5
f 7391/3/5 7385/3/5 7390/3/5
f 7394/5/5 7393/5/5 7392/5/5
f 7402/5/5 7394/5/5 7392/5/5
f 7402/5/5 7395/5/5 7394/5/5
f 7403/5/5 7395/5/5 7402/5/5
f 7404/5/5 7395/5/5 7403/5/5
f 7405/5/5 7397/5/5 7396/5/5
f 7406/5/5 7397/5/5 7405/5/5
f 7409/3/5 7399/3/5 7398/3/5
f 7410/3/5 7401/3/5 7400/3/5
f 7411/3/5 7401/3/5 7410/3/5
f 7413/5/5 7408/5/5 7407/5/5
f 7414/5/5 7408/5/5 7413/5/5
f 7418/5/5 7415/5/5 7414/5/5
f 7418/5/5 7413/5/5 7412/5/5
f 7418/5/5 7414/5/5 7413/5/5
f 7419/5/5 7415/5/5 7418/5/5
f 7420/5/5 7417/5/5 7416/5/5
f 7421/5/5 7417/5/5 7420/5/5
f 7426/5/5 7423/5/5 7422/5/5
f 7428/5/5 7425/5/5 7424/5/5
f 7429/5/5 7425/5/5 7428/5/5
f 7430/3/5 7399/3/5 7409/3/5
f 7432/5/5 7427/5/5 7426/5/5
f 7432/5/5 7426/5/5 7422/5/5
f 7433/5/5 7427/5/5 7432/5/5
f 7434/5/5 7427/5/5 7433/5/5
f 7436/3/5 7399/3/5 7430/3/5
f 7437/3/5 7399/3/5 7436/3/5
f 7440/5/5 7432/5/5 7431/5/5
f 7441/5/5 7432/5/5 7440/5/5
f 7442/5/5 7435/5/5 7434/5/5
f 7442/5/5 7434/5/5 7433/5/5
f 7443/5/5 7435/5/5 7442/5/5
f 7444/5/5 7439/5/5 7438/5/5
f 7445/5/5 7439/5/5 7444/5/5
f 7446/5/5 7439/5/5 7445/5/5
f 7448/5/5 7442/5/5 7433/5/5
f 7449/5/5 7442/5/5 7448/5/5
f 7450/5/5 7442/5/5 7449/5/5
f 7456/5/5 7446/5/5 7445/5/5
f 7457/2/5 7447/2/5 7446/2/5
f 7457/5/5 7446/5/5 7456/5/5
f 7458/2/5 7447/2/5 7457/2/5
f 7459/2/5 7449/2/5 7448/2/5
f 7460/2/5 7449/2/5 7459/2/5
f 7461/3/5 7452/3/5 7451/3/5
f 7462/3/5 7452/3/5 7461/3/5
f 7463/3/5 7454/3/5 7453/3/5
f 7464/3/5 7454/3/5 7463/3/5
f 7465/4/5 7437/4/5 7436/4/5
f 7466/4/5 7437/4/5 7465/4/5
f 7467/3/5 7456/3/5 7455/3/5
f 7468/3/5 7456/3/5 7467/3/5
f 7469/3/5 7458/3/5 7457/3/5
f 7470/3/5 7458/3/5 7469/3/5
f 7477/3/5 7472/3/5 7471/3/5
f 7478/3/5 7472/3/5 7477/3/5
f 7479/3/5 7474/3/5 7473/3/5
f 7480/3/5 7474/3/5 7479/3/5
f 7481/4/5 7476/4/5 7475/4/5
f 7482/4/5 7476/4/5 7481/4/5
f 7483/3/5 7482/3/5 7481/3/5
f 7485/3/5 7483/3/5 7481/3/5
f 7485/3/5 7484/3/5 7483/3/5
f 7486/3/5 7484/3/5 7485/3/5
f 7493/3/5 7488/3/5 7487/3/5
f 7494/3/5 7488/3/5 7493/3/5
f 7497/5/5 7490/5/5 7489/5/5
f 7498/5/5 7490/5/5 7497/5/5
f 7499/5/5 7492/5/5 7491/5/5
f 7501/5/5 7496/5/5 7495/5/5
f 7502/5/5 7499/5/5 7491/5/5
f 7503/5/5 7499/5/5 7502/5/5
f 7504/5/5 7499/5/5 7503/5/5
f 7506/5/5 7501/5/5 7500/5/5
f 7507/5/5 7496/5/5 7501/5/5
f 7507/5/5 7501/5/5 7506/5/5
f 7511/5/5 7504/5/5 7503/5/5
f 7511/5/5 7505/5/5 7504/5/5
f 7512/5/5 7505/5/5 7511/5/5
f 7514/5/5 7509/5/5 7508/5/5
f 7516/5/5 7511/5/5 7510/5/5
f 7517/5/5 7511/5/5 7516/5/5
f 7520/5/5 7514/5/5 7513/5/5
f 7521/5/5 7509/5/5 7514/5/5
f 7521/5/5 7514/5/5 7520/5/5
f 7522/5/5 7509/5/5 7521/5/5
f 7523/5/5 7516/5/5 7515/5/5
f 7524/5/5 7519/5/5 7518/5/5
f 7525/5/5 7519/5/5 7524/5/5
f 7527/5/5 7523/5/5 7522/5/5
f 7527/5/5 7522/5/5 7521/5/5
f 7528/5/5 7523/5/5 7527/5/5
f 7531/5/5 7523/5/5 7528/5/5
f 7532/5/5 7516/5/5 7523/5/5
f 7532/5/5 7523/5/5 7531/5/5
f 7533/5/5 7530/5/5 7529/5/5
f 7534/5/5 7530/5/5 7533/5/5
f 7536/5/5 7527/5/5 7526/5/5
f 7537/5/5 7527/5/5 7536/5/5
f 7538/3/5 7485/3/5 7481/3/5
f 7539/3/5 7484/3/5 7486/3/5
f 7540/5/5 7536/5/5 7535/5/5
f 7541/5/5 7536/5/5 7540/5/5
f 7542/3/5 7484/3/5 7539/3/5
f 7543/3/5 7484/3/5 7542/3/5
f 7551/3/5 7538/3/5 7481/3/5
f 7552/3/5 7538/3/5 7551/3/5
f 7553/3/5 7545/3/5 7544/3/5
f 7554/2/5 7546/2/5 7545/2/5
f 7554/3/5 7545/3/5 7553/3/5
f 7555/2/5 7546/2/5 7554/2/5
f 7556/3/5 7548/3/5 7547/3/5
f 7557/3/5 7548/3/5 7556/3/5
f 7558/3/5 7550/3/5 7549/3/5
f 7559/3/5 7550/3/5 7558/3/5
f 7560/4/5 7552/4/5 7551/4/5
f 7561/4/5 7552/4/5 7560/4/5
f 7562/4/5 7543/4/5 7542/4/5
f 7563/4/5 7543/4/5 7562/4/5
f 7564/4/5 7554/4/5 7553/4/5
f 7565/4/5 7554/4/5 7564/4/5
f 7572/1/5 7567/1/5 7566/1/5
f 7573/1/5 7567/1/5 7572/1/5
f 7574/3/5 7569/3/5 7568/3/5
f 7575/3/5 7569/3/5 7574/3/5
f 7576/4/5 7571/4/5 7570/4/5
f 7577/4/5 7571/4/5 7576/4/5
f 7580/3/5 7577/3/5 7576/3/5
f 7581/3/5 7577/3/5 7580/3/5
f 7585/2/5 7579/2/5 7578/2/5
f 7586/2/5 7579/2/5 7585/2/5
f 7587/5/5 7583/5/5 7582/5/5
f 7588/5/5 7583/5/5 7587/5/5
f 7589/5/5 7586/5/5 7585/5/5
f 7589/5/5 7585/5/5 7584/5/5
f 7590/5/5 7586/5/5 7589/5/5
f 7591/5/5 7586/5/5 7590/5/5
f 7592/5/5 7586/5/5 7591/5/5
f 7595/5/5 7591/5/5 7590/5/5
f 7598/5/5 7594/5/5 7593/5/5
f 7599/5/5 7594/5/5 7598/5/5
f 7601/5/5 7597/5/5 7596/5/5
f 7601/5/5 7596/5/5 7595/5/5
f 7602/5/5 7597/5/5 7601/5/5
f 7603/5/5 7600/5/5 7599/5/5
f 7604/5/5 7600/5/5 7603/5/5
f 7606/5/5 7595/5/5 7590/5/5
f 7606/5/5 7601/5/5 7595/5/5
f 7607/5/5 7601/5/5 7606/5/5
f 7608/5/5 7601/5/5 7607/5/5
f 7609/5/5 7597/5/5 7602/5/5
f 7612/5/5 7606/5/5 7605/5/5
f 7612/5/5 7607/5/5 7606/5/5
f 7613/5/5 7607/5/5 7612/5/5
f 7614/5/5 7609/5/5 7608/5/5
f 7614/5/5 7597/5/5 7609/5/5
f 7615/5/5 7597/5/5 7614/5/5
f 7618/5/5 7611/5/5 7610/5/5
f 7619/5/5 7611/5/5 7618/5/5
f 7622/5/5 7614/5/5 7608/5/5
f 7623/5/5 7614/5/5 7622/5/5
f 7624/5/5 7617/5/5 7616/5/5
f 7625/5/5 7617/5/5 7624/5/5
f 7626/5/5 7619/5/5 7618/5/5
f 7627/5/5 7619/5/5 7626/5/5
f 7628/5/5 7621/5/5 7620/5/5
f 7629/5/5 7621/5/5 7628/5/5
f 7630/5/5 7621/5/5 7629/5/5
f 7635/5/5 7632/5/5 7631/5/5
f 7636/5/5 7632/5/5 7635/5/5
f 7639/5/5 7634/5/5 7633/5/5
f 7640/5/5 7634/5/5 7639/5/5
f 7643/3/5 7638/3/5 7637/3/5
f 7644/3/5 7638/3/5 7643/3/5
f 7647/5/5 7646/5/5 7645/5/5
f 7648/5/5 7646/5/5 7647/5/5
f 7651/5/5 7642/5/5 7641/5/5
f 7652/5/5 7642/5/5 7651/5/5
f 7661/2/5 7650/2/5 7649/2/5
f 7662/2/5 7650/2/5 7661/2/5
f 7663/1/5 7654/1/5 7653/1/5
f 7664/1/5 7654/1/5 7663/1/5
f 7665/3/5 7656/3/5 7655/3/5
f 7666/3/5 7656/3/5 7665/3/5
f 7667/4/5 7658/4/5 7657/4/5
f 7668/4/5 7658/4/5 7667/4/5
f 7669/3/5 7660/3/5 7659/3/5
f 7670/3/5 7660/3/5 7669/3/5
f 7679/1/5 7672/1/5 7671/1/5
f 7680/1/5 7672/1/5 7679/1/5
f 7681/3/5 7674/3/5 7673/3/5
f 7682/3/5 7674/3/5 7681/3/5
f 7683/3/5 7676/3/5 7675/3/5
f 7684/3/5 7676/3/5 7683/3/5
f 7688/2/5 7686/2/5 7685/2/5
f 7689/2/5 7686/2/5 7688/2/5
f 7692/4/5 7678/4/5 7677/4/5
f 7693/4/5 7678/4/5 7692/4/5
f 7695/5/5 7688/5/5 7687/5/5
f 7696/5/5 7688/5/5 7695/5/5
f 7697/5/5 7691/5/5 7690/5/5
f 7698/5/5 7691/5/5 7697/5/5
f 7699/4/5 7692/4/5 7677/4/5
f 7700/3/5 7693/3/5 7692/3/5
f 7700/4/5 7692/4/5 7699/4/5
f 7701/5/5 7695/5/5 7694/5/5
f 7702/5/5 7695/5/5 7701/5/5
f 7705/5/5 7704/5/5 7703/5/5
f 7706/5/5 7704/5/5 7705/5/5
f 7712/5/5 7708/5/5 7707/5/5
f 7713/5/5 7708/5/5 7712/5/5
f 7714/5/5 7710/5/5 7709/5/5
f 7715/5/5 7710/5/5 7714/5/5
f 7718/5/5 7717/5/5 7716/5/5
f 7719/5/5 7717/5/5 7718/5/5
f 7721/5/5 7712/5/5 7711/5/5
f 7722/5/5 7712/5/5 7721/5/5
f 7723/3/5 7700/3/5 7699/3/5
f 7724/3/5 7693/3/5 7700/3/5
f 7724/3/5 7700/3/5 7723/3/5
f 7725/3/5 7693/3/5 7724/3/5
f 7726/5/5 7720/5/5 7719/5/5
f 7727/5/5 7720/5/5 7726/5/5
f 7728/4/5 7724/4/5 7723/4/5
f 7734/4/5 7728/4/5 7723/4/5
f 7734/3/5 7729/3/5 7728/3/5
f 7735/3/5 7729/3/5 7734/3/5
f 7737/5/5 7731/5/5 7730/5/5
f 7738/5/5 7731/5/5 7737/5/5
f 7739/5/5 7733/5/5 7732/5/5
f 7740/5/5 7733/5/5 7739/5/5
f 7741/5/5 7737/5/5 7736/5/5
f 7742/5/5 7737/5/5 7741/5/5
f 7751/2/5 7744/2/5 7743/2/5
f 7752/2/5 7744/2/5 7751/2/5
f 7753/1/5 7746/1/5 7745/1/5
f 7754/1/5 7746/1/5 7753/1/5
f 7755/3/5 7748/3/5 7747/3/5
f 7756/3/5 7748/3/5 7755/3/5
f 7757/3/5 7750/3/5 7749/3/5
f 7758/3/5 7750/3/5 7757/3/5
f 7759/4/5 7735/4/5 7734/4/5
f 7759/4/5 7734/4/5 7723/4/5
f 7760/4/5 7735/4/5 7759/4/5
f 7767/3/5 7762/3/5 7761/3/5
f 7768/3/5 7762/3/5 7767/3/5
f 7769/3/5 7764/3/5 7763/3/5
f 7770/3/5 7764/3/5 7769/3/5
f 7776/2/5 7774/2/5 7773/2/5
f 7777/2/5 7774/2/5 7776/2/5
f 7778/4/5 7766/4/5 7765/4/5
f 7779/4/5 7766/4/5 7778/4/5
f 7781/5/5 7776/5/5 7775/5/5
f 7782/5/5 7776/5/5 7781/5/5
f 7783/5/5 7781/5/5 7780/5/5
f 7784/5/5 7781/5/5 7783/5/5
f 7788/2/5 7772/2/5 7771/2/5
f 7790/5/5 7785/5/5 7784/5/5
f 7791/5/5 7785/5/5 7790/5/5
f 7793/5/5 7787/5/5 7786/5/5
f 7794/5/5 7787/5/5 7793/5/5
f 7795/5/5 7787/5/5 7794/5/5
f 7798/5/5 7790/5/5 7789/5/5
f 7799/5/5 7790/5/5 7798/5/5
f 7800/5/5 7792/5/5 7791/5/5
f 7801/5/5 7792/5/5 7800/5/5
f 7805/3/5 7797/3/5 7796/3/5
f 7806/3/5 7797/3/5 7805/3/5
f 7807/5/5 7802/5/5 7801/5/5
f 7808/5/5 7802/5/5 7807/5/5
f 7811/5/5 7804/5/5 7803/5/5
f 7812/5/5 7804/5/5 7811/5/5
f 7813/3/5 7779/3/5 7778/3/5
f 7814/3/5 7779/3/5 7813/3/5
f 7819/5/5 7810/5/5 7809/5/5
f 7820/5/5 7810/5/5 7819/5/5
f 7823/5/5 7816/5/5 7815/5/5
f 7824/5/5 7816/5/5 7823/5/5
f 7826/5/5 7818/5/5 7817/5/5
f 7827/5/5 7818/5/5 7826/5/5
f 7829/2/5 7788/2/5 7771/2/5
f 7832/3/5 7822/3/5 7821/3/5
f 7833/3/5 7822/3/5 7832/3/5
f 7834/5/5 7825/5/5 7824/5/5
f 7835/5/5 7825/5/5 7834/5/5
f 7836/5/5 7828/5/5 7827/5/5
f 7837/3/5 7831/3/5 7830/3/5
f 7838/3/5 7831/3/5 7837/3/5
f 7841/5/5 7836/5/5 7835/5/5
f 7842/5/5 7836/5/5 7841/5/5
f 7843/5/5 7828/5/5 7836/5/5
f 7843/5/5 7836/5/5 7842/5/5
f 7844/5/5 7828/5/5 7843/5/5
f 7845/3/5 7839/3/5 7838/3/5
f 7846/3/5 7839/3/5 7845/3/5
f 7850/5/5 7841/5/5 7840/5/5
f 7851/5/5 7841/5/5 7850/5/5
f 7852/5/5 7843/5/5 7842/5/5
f 7853/5/5 7843/5/5 7852/5/5
f 7854/3/5 7848/3/5 7847/3/5
f 7855/3/5 7848/3/5 7854/3/5
f 7856/5/5 7850/5/5 7849/5/5
f 7857/5/5 7850/5/5 7856/5/5
f 7866/2/5 7829/2/5 7771/2/5
f 7867/2/5 7829/2/5 7866/2/5
f 7868/2/5 7857/2/5 7856/2/5
f 7869/2/5 7857/2/5 7868/2/5
f 7870/2/5 7859/2/5 7858/2/5
f 7871/2/5 7859/2/5 7870/2/5
f 7874/2/5 7861/2/5 7860/2/5
f 7875/2/5 7861/2/5 7874/2/5
f 7876/3/5 7863/3/5 7862/3/5
f 7877/3/5 7863/3/5 7876/3/5
f 7878/3/5 7865/3/5 7864/3/5
f 7879/3/5 7865/3/5 7878/3/5
f 7880/4/5 7846/4/5 7845/4/5
f 7881/4/5 7846/4/5 7880/4/5
f 7882/3/5 7873/3/5 7872/3/5
f 7883/3/5 7873/3/5 7882/3/5
f 7892/3/5 7885/3/5 7884/3/5
f 7893/3/5 7885/3/5 7892/3/5
f 7894/3/5 7887/3/5 7886/3/5
f 7895/3/5 7887/3/5 7894/3/5
f 7896/3/5 7889/3/5 7888/3/5
f 7897/3/5 7889/3/5 7896/3/5
f 7898/4/5 7891/4/5 7890/4/5
f 7902/4/5 7899/4/5 7898/4/5
f 7902/4/5 7898/4/5 7890/4/5
f 7903/4/5 7899/4/5 7902/4/5
f 7904/4/5 7901/4/5 7900/4/5
f 7905/4/5 7901/4/5 7904/4/5
f 7906/4/5 7902/4/5 7890/4/5
f 7907/3/5 7903/3/5 7902/3/5
f 7907/4/5 7902/4/5 7906/4/5
f 7912/5/5 7909/5/5 7908/5/5
f 7913/5/5 7909/5/5 7912/5/5
f 7914/4/5 7906/4/5 7890/4/5
f 7915/3/5 7907/3/5 7906/3/5
f 7915/4/5 7906/4/5 7914/4/5
f 7916/5/5 7911/5/5 7910/5/5
f 7921/5/5 7916/5/5 7910/5/5
f 7922/5/5 7916/5/5 7921/5/5
f 7923/5/5 7918/5/5 7917/5/5
f 7924/5/5 7918/5/5 7923/5/5
f 7926/3/5 7903/3/5 7907/3/5
f 7926/3/5 7907/3/5 7915/3/5
f 7926/3/5 7915/3/5 7914/3/5
f 7927/3/5 7903/3/5 7926/3/5
f 7930/3/5 7920/3/5 7919/3/5
f 7931/3/5 7920/3/5 7930/3/5
f 7933/5/5 7924/5/5 7923/5/5
f 7933/5/5 7925/5/5 7924/5/5
f 7933/5/5 7923/5/5 7922/5/5
f 7934/5/5 7925/5/5 7933/5/5
f 7935/3/5 7926/3/5 7914/3/5
f 7936/3/5 7926/3/5 7935/3/5
f 7938/3/5 7929/3/5 7928/3/5
f 7939/3/5 7929/3/5 7938/3/5
f 7942/5/5 7933/5/5 7932/5/5
f 7943/5/5 7933/5/5 7942/5/5
f 7947/3/5 7937/3/5 7936/3/5
f 7948/3/5 7941/3/5 7940/3/5
f 7949/3/5 7941/3/5 7948/3/5
f 7952/3/5 7947/3/5 7946/3/5
f 7953/3/5 7947/3/5 7952/3/5
f 7957/5/5 7951/5/5 7950/5/5
f 7958/5/5 7951/5/5 7957/5/5
f 7959/3/5 7945/3/5 7944/3/5
f 7960/3/5 7945/3/5 7959/3/5
f 7961/3/5 7955/3/5 7954/3/5
f 7962/3/5 7955/3/5 7961/3/5
f 7963/5/5 7957/5/5 7956/5/5
f 7964/5/5 7957/5/5 7963/5/5
f 7965/4/5 7953/4/5 7952/4/5
f 7965/3/5 7947/3/5 7953/3/5
f 7966/3/5 7937/3/5 7947/3/5
f 7966/3/5 7947/3/5 7965/3/5
f 7969/4/5 7966/4/5 7965/4/5
f 7969/3/5 7937/3/5 7966/3/5
f 7970/3/5 7937/3/5 7969/3/5
f 7971/3/5 7968/3/5 7967/3/5
f 7972/3/5 7968/3/5 7971/3/5
f 7985/2/5 7974/2/5 7973/2/5
f 7986/2/5 7974/2/5 7985/2/5
f 7987/2/5 7976/2/5 7975/2/5
f 7988/2/5 7976/2/5 7987/2/5
f 7989/3/5 7978/3/5 7977/3/5
f 7990/3/5 7978/3/5 7989/3/5
f 7991/3/5 7980/3/5 7979/3/5
f 7992/3/5 7980/3/5 7991/3/5
f 7993/3/5 7982/3/5 7981/3/5
f 7994/3/5 7982/3/5 7993/3/5
f 7995/4/5 7969/4/5 7965/4/5
f 7995/4/5 7965/4/5 7952/4/5
f 7995/4/5 7970/4/5 7969/4/5
f 7996/4/5 7970/4/5 7995/4/5
f 7997/4/5 7984/4/5 7983/4/5
f 7998/4/5 7984/4/5 7997/4/5
f 8001/3/5 8000/3/5 7999/3/5
f 8002/3/5 8000/3/5 8001/3/5
f 8007/3/5 8006/3/5 8005/3/5
f 8017/3/5 8010/3/5 8009/3/5
f 8018/3/5 8010/3/5 8017/3/5
f 8019/3/5 8012/3/5 8011/3/5
f 8020/3/5 8012/3/5 8019/3/5
f 8024/5/5 8014/5/5 8013/5/5
f 8025/5/5 8014/5/5 8024/5/5
f 8026/3/5 8016/3/5 8015/3/5
f 8027/3/5 8016/3/5 8026/3/5
f 8028/5/5 8022/5/5 8021/5/5
f 8029/5/5 8022/5/5 8028/5/5
f 8031/5/5 8024/5/5 8023/5/5
f 8032/5/5 8024/5/5 8031/5/5
f 8034/2/5 8004/2/5 8003/2/5
f 8035/3/5 8007/3/5 8005/3/5
f 8035/3/5 8008/3/5 8007/3/5
f 8036/3/5 8008/3/5 8035/3/5
f 8038/5/5 8031/5/5 8030/5/5
f 8039/5/5 8031/5/5 8038/5/5
f 8040/5/5 8033/5/5 8032/5/5
f 8041/5/5 8033/5/5 8040/5/5
f 8044/5/5 8038/5/5 8037/5/5
f 8045/5/5 8038/5/5 8044/5/5
f 8052/5/5 8043/5/5 8042/5/5
f 8053/5/5 8047/5/5 8046/5/5
f 8054/5/5 8047/5/5 8053/5/5
f 8056/2/5 8034/2/5 8003/2/5
f 8057/2/5 8034/2/5 8056/2/5
f 8060/3/5 8051/3/5 8050/3/5
f 8061/5/5 8043/5/5 8052/5/5
f 8065/5/5 8056/5/5 8055/5/5
f 8066/5/5 8056/5/5 8065/5/5
f 8067/5/5 8058/5/5 8057/5/5
f 8068/5/5 8058/5/5 8067/5/5
f 8069/3/5 8060/3/5 8059/3/5
f 8069/3/5 8051/3/5 8060/3/5
f 8070/3/5 8051/3/5 8069/3/5
f 8072/5/5 8061/5/5 8052/5/5
f 8073/5/5 8061/5/5 8072/5/5
f 8075/5/5 8064/5/5 8063/5/5
f 8075/5/5 8063/5/5 8062/5/5
f 8076/5/5 8064/5/5 8075/5/5
f 8077/2/5 8067/2/5 8066/2/5
f 8078/3/5 8069/3/5 8059/3/5
f 8079/3/5 8069/3/5 8078/3/5
f 8082/5/5 8074/5/5 8073/5/5
f 8083/5/5 8074/5/5 8082/5/5
f 8084/3/5 8049/3/5 8048/3/5
f 8085/3/5 8049/3/5 8084/3/5
f 8087/5/5 8081/5/5 8080/5/5
f 8088/5/5 8081/5/5 8087/5/5
f 8089/5/5 8072/5/5 8071/5/5
f 8090/5/5 8072/5/5 8089/5/5
f 8093/3/5 8084/3/5 8048/3/5
f 8094/3/5 8084/3/5 8093/3/5
f 8095/5/5 8087/5/5 8086/5/5
f 8096/5/5 8087/5/5 8095/5/5
f 8097/5/5 8092/5/5 8091/5/5
f 8097/5/5 8091/5/5 8090/5/5
f 8098/5/5 8092/5/5 8097/5/5
f 8099/5/5 8092/5/5 8098/5/5
f 8101/5/5 8064/5/5 8076/5/5
f 8102/5/5 8064/5/5 8101/5/5
f 8111/5/5 8101/5/5 8100/5/5
f 8112/5/5 8101/5/5 8111/5/5
f 8115/2/5 8077/2/5 8066/2/5
f 8116/2/5 8077/2/5 8115/2/5
f 8119/3/5 8104/3/5 8103/3/5
f 8120/3/5 8104/3/5 8119/3/5
f 8121/3/5 8106/3/5 8105/3/5
f 8122/5/5 8107/5/5 8106/5/5
f 8122/3/5 8106/3/5 8121/3/5
f 8123/5/5 8107/5/5 8122/5/5
f 8124/5/5 8110/5/5 8109/5/5
f 8124/5/5 8109/5/5 8108/5/5
f 8125/5/5 8110/5/5 8124/5/5
f 8126/5/5 8110/5/5 8125/5/5
f 8127/3/5 8114/3/5 8113/3/5
f 8128/3/5 8114/3/5 8127/3/5
f 8129/4/5 8118/4/5 8117/4/5
f 8130/4/5 8118/4/5 8129/4/5
f 8131/4/5 8122/4/5 8121/4/5
f 8132/4/5 8122/4/5 8131/4/5
f 8143/1/5 8134/1/5 8133/1/5
f 8144/1/5 8134/1/5 8143/1/5
f 8145/3/5 8136/3/5 8135/3/5
f 8146/3/5 8136/3/5 8145/3/5
f 8147/3/5 8138/3/5 8137/3/5
f 8148/3/5 8138/3/5 8147/3/5
f 8149/4/5 8140/4/5 8139/4/5
f 8150/4/5 8140/4/5 8149/4/5
f 8154/4/5 8142/4/5 8141/4/5
f 8155/4/5 8142/4/5 8154/4/5
f 8158/5/5 8152/5/5 8151/5/5
f 8159/5/5 8152/5/5 8158/5/5
f 8160/2/5 8154/2/5 8153/2/5
f 8161/5/5 8156/5/5 8155/5/5
f 8162/2/5 8157/2/5 8156/2/5
f 8162/5/5 8156/5/5 8161/5/5
f 8163/2/5 8157/2/5 8162/2/5
f 8173/5/5 8164/5/5 8163/5/5
f 8174/5/5 8164/5/5 8173/5/5
f 8175/5/5 8164/5/5 8174/5/5
f 8177/5/5 8166/5/5 8165/5/5
f 8178/5/5 8166/5/5 8177/5/5
f 8181/5/5 8168/5/5 8167/5/5
f 8182/5/5 8168/5/5 8181/5/5
f 8183/5/5 8170/5/5 8169/5/5
f 8184/5/5 8170/5/5 8183/5/5
f 8185/2/5 8172/2/5 8171/2/5
f 8186/2/5 8172/2/5 8185/2/5
f 8187/5/5 8175/5/5 8174/5/5
f 8188/5/5 8175/5/5 8187/5/5
f 8189/5/5 8180/5/5 8179/5/5
f 8190/5/5 8180/5/5 8189/5/5
f 8191/5/5 8182/5/5 8181/5/5
f 8191/5/5 8183/5/5 8182/5/5
f 8192/5/5 8183/5/5 8191/5/5
f 8193/5/5 8183/5/5 8192/5/5
f 8194/2/5 8160/2/5 8159/2/5
f 8194/2/5 8154/2/5 8160/2/5
f 8195/2/5 8154/2/5 8194/2/5
f 8197/5/5 8192/5/5 8191/5/5
f 8198/5/5 8192/5/5 8197/5/5
f 8202/2/5 8194/2/5 8159/2/5
f 8203/2/5 8194/2/5 8202/2/5
f 8204/5/5 8177/5/5 8176/5/5
f 8205/5/5 8177/5/5 8204/5/5
f 8206/5/5 8199/5/5 8198/5/5
f 8208/5/5 8201/5/5 8200/5/5
f 8209/5/5 8201/5/5 8208/5/5
f 8212/5/5 8196/5/5 8195/5/5
f 8213/5/5 8196/5/5 8212/5/5
f 8222/5/5 8208/5/5 8207/5/5
f 8223/5/5 8208/5/5 8222/5/5
f 8227/5/5 8211/5/5 8210/5/5
f 8228/2/5 8212/2/5 8211/2/5
f 8228/5/5 8211/5/5 8227/5/5
f 8229/2/5 8214/2/5 8213/2/5
f 8229/5/5 8215/5/5 8214/5/5
f 8230/5/5 8215/5/5 8229/5/5
f 8231/5/5 8221/5/5 8220/5/5
f 8232/5/5 8221/5/5 8231/5/5
f 8233/5/5 8199/5/5 8206/5/5
f 8234/5/5 8199/5/5 8233/5/5
f 8235/5/5 8224/5/5 8223/5/5
f 8236/5/5 8224/5/5 8235/5/5
f 8237/5/5 8226/5/5 8225/5/5
f 8238/5/5 8226/5/5 8237/5/5
f 8239/5/5 8219/5/5 8218/5/5
f 8240/5/5 8219/5/5 8239/5/5
f 8241/5/5 8233/5/5 8232/5/5
f 8242/2/5 8229/2/5 8213/2/5
f 8243/2/5 8229/2/5 8242/2/5
f 8244/5/5 8217/5/5 8216/5/5
f 8247/5/5 8241/5/5 8232/5/5
f 8248/5/5 8241/5/5 8247/5/5
f 8251/2/5 8242/2/5 8213/2/5
f 8252/2/5 8242/2/5 8251/2/5
f 8255/5/5 8245/5/5 8244/5/5
f 8255/5/5 8244/5/5 8216/5/5
f 8256/5/5 8245/5/5 8255/5/5
f 8260/5/5 8248/5/5 8247/5/5
f 8260/5/5 8249/5/5 8248/5/5
f 8260/5/5 8247/5/5 8246/5/5
f 8261/5/5 8249/5/5 8260/5/5
f 8262/5/5 8249/5/5 8261/5/5
f 8263/2/5 8212/2/5 8228/2/5
f 8264/2/5 8212/2/5 8263/2/5
f 8266/5/5 8251/5/5 8250/5/5
f 8267/5/5 8251/5/5 8266/5/5
f 8268/5/5 8254/5/5 8253/5/5
f 8269/5/5 8254/5/5 8268/5/5
f 8270/5/5 8255/5/5 8216/5/5
f 8271/5/5 8257/5/5 8256/5/5
f 8272/5/5 8259/5/5 8258/5/5
f 8273/5/5 8259/5/5 8272/5/5
f 8276/5/5 8249/5/5 8262/5/5
f 8277/5/5 8249/5/5 8276/5/5
f 8279/5/5 8265/5/5 8264/5/5
f 8280/5/5 8265/5/5 8279/5/5
f 8284/5/5 8271/5/5 8270/5/5
f 8284/5/5 8270/5/5 8216/5/5
f 8285/5/5 8271/5/5 8284/5/5
f 8286/5/5 8257/5/5 8271/5/5
f 8286/5/5 8271/5/5 8285/5/5
f 8287/5/5 8275/5/5 8274/5/5
f 8287/5/5 8276/5/5 8275/5/5
f 8288/5/5 8276/5/5 8287/5/5
f 8289/5/5 8276/5/5 8288/5/5
f 8301/2/5 8279/2/5 8278/2/5
f 8302/5/5 8281/5/5 8280/5/5
f 8302/2/5 8279/2/5 8301/2/5
f 8302/5/5 8280/5/5 8279/5/5
f 8303/5/5 8281/5/5 8302/5/5
f 8304/5/5 8281/5/5 8303/5/5
f 8306/5/5 8283/5/5 8282/5/5
f 8307/5/5 8283/5/5 8306/5/5
f 8308/2/5 8290/2/5 8289/2/5
f 8308/2/5 8289/2/5 8288/2/5
f 8309/2/5 8290/2/5 8308/2/5
f 8311/2/5 8292/2/5 8291/2/5
f 8312/2/5 8292/2/5 8311/2/5
f 8313/1/5 8294/1/5 8293/1/5
f 8314/1/5 8294/1/5 8313/1/5
f 8315/3/5 8296/3/5 8295/3/5
f 8316/3/5 8296/3/5 8315/3/5
f 8317/3/5 8298/3/5 8297/3/5
f 8318/3/5 8298/3/5 8317/3/5
f 8319/4/5 8300/4/5 8299/4/5
f 8320/4/5 8300/4/5 8319/4/5
f 8321/3/5 8305/3/5 8304/3/5
f 8321/3/5 8304/3/5 8303/3/5
f 8322/3/5 8305/3/5 8321/3/5
f 8323/3/5 8311/3/5 8310/3/5
f 8324/3/5 8311/3/5 8323/3/5
f 8329/1/5 8326/1/5 8325/1/5
f 8330/1/5 8326/1/5 8329/1/5
f 8331/3/5 8328/3/5 8327/3/5
f 8332/3/5 8328/3/5 8331/3/5
f 8338/5/5 8334/5/5 8333/5/5
f 8339/5/5 8334/5/5 8338/5/5
f 8343/2/5 8336/2/5 8335/2/5
f 8344/2/5 8336/2/5 8343/2/5
f 8346/2/5 8338/2/5 8337/2/5
f 8347/2/5 8338/2/5 8346/2/5
f 8348/5/5 8342/5/5 8341/5/5
f 8349/5/5 8342/5/5 8348/5/5
f 8352/5/5 8345/5/5 8344/5/5
f 8352/5/5 8344/5/5 8343/5/5
f 8353/5/5 8345/5/5 8352/5/5
f 8355/2/5 8338/2/5 8347/2/5
f 8356/2/5 8338/2/5 8355/2/5
f 8358/5/5 8340/5/5 8339/5/5
f 8359/5/5 8340/5/5 8358/5/5
f 8360/5/5 8352/5/5 8343/5/5
f 8366/5/5 8357/5/5 8356/5/5
f 8366/2/5 8355/2/5 8354/2/5
f 8366/2/5 8356/2/5 8355/2/5
f 8367/5/5 8357/5/5 8366/5/5
f 8368/5/5 8351/5/5 8350/5/5
f 8369/5/5 8351/5/5 8368/5/5
f 8370/5/5 8361/5/5 8360/5/5
f 8370/5/5 8360/5/5 8343/5/5
f 8371/5/5 8361/5/5 8370/5/5
f 8372/5/5 8361/5/5 8371/5/5
f 8374/5/5 8363/5/5 8362/5/5
f 8375/5/5 8363/5/5 8374/5/5
f 8377/5/5 8365/5/5 8364/5/5
f 8378/2/5 8366/2/5 8354/2/5
f 8384/5/5 8372/5/5 8371/5/5
f 8384/5/5 8373/5/5 8372/5/5
f 8385/5/5 8373/5/5 8384/5/5
f 8386/5/5 8377/5/5 8376/5/5
f 8387/5/5 8365/5/5 8377/5/5
f 8387/5/5 8377/5/5 8386/5/5
f 8388/2/5 8378/2/5 8354/2/5
f 8389/5/5 8379/5/5 8378/5/5
f 8389/2/5 8378/2/5 8388/2/5
f 8390/5/5 8379/5/5 8389/5/5
f 8391/5/5 8379/5/5 8390/5/5
f 8393/5/5 8382/5/5 8381/5/5
f 8393/5/5 8381/5/5 8380/5/5
f 8394/5/5 8382/5/5 8393/5/5
f 8395/5/5 8384/5/5 8383/5/5
f 8396/5/5 8384/5/5 8395/5/5
f 8397/5/5 8373/5/5 8385/5/5
f 8398/5/5 8373/5/5 8397/5/5
f 8399/5/5 8382/5/5 8394/5/5
f 8400/5/5 8382/5/5 8399/5/5
f 8401/5/5 8373/5/5 8398/5/5
f 8402/5/5 8373/5/5 8401/5/5
f 8403/5/5 8392/5/5 8391/5/5
f 8403/5/5 8391/5/5 8390/5/5
f 8404/5/5 8392/5/5 8403/5/5
f 8410/5/5 8403/5/5 8390/5/5
f 8413/5/5 8406/5/5 8405/5/5
f 8414/5/5 8406/5/5 8413/5/5
f 8415/5/5 8408/5/5 8407/5/5
f 8416/5/5 8408/5/5 8415/5/5
f 8417/5/5 8410/5/5 8409/5/5
f 8418/5/5 8403/5/5 8410/5/5
f 8418/5/5 8410/5/5 8417/5/5
f 8419/5/5 8403/5/5 8418/5/5
f 8420/5/5 8412/5/5 8411/5/5
f 8428/5/5 8417/5/5 8409/5/5
f 8429/5/5 8419/5/5 8418/5/5
f 8429/5/5 8420/5/5 8419/5/5
f 8430/5/5 8420/5/5 8429/5/5
f 8431/5/5 8412/5/5 8420/5/5
f 8431/5/5 8420/5/5 8430/5/5
f 8432/5/5 8406/5/5 8414/5/5
f 8433/5/5 8406/5/5 8432/5/5
f 8434/5/5 8422/5/5 8421/5/5
f 8435/5/5 8422/5/5 8434/5/5
f 8436/5/5 8424/5/5 8423/5/5
f 8437/5/5 8424/5/5 8436/5/5
f 8438/5/5 8426/5/5 8425/5/5
f 8439/2/5 8427/2/5 8426/2/5
f 8439/5/5 8426/5/5 8438/5/5
f 8440/5/5 8428/5/5 8409/5/5
f 8440/5/5 8430/5/5 8429/5/5
f 8440/5/5 8429/5/5 8428/5/5
f 8441/5/5 8430/5/5 8440/5/5
f 8442/5/5 8412/5/5 8431/5/5
f 8443/5/5 8412/5/5 8442/5/5
f 8448/3/5 8330/3/5 8329/3/5
f 8449/3/5 8330/3/5 8448/3/5
f 8452/2/5 8427/2/5 8439/2/5
f 8453/2/5 8427/2/5 8452/2/5
f 8454/5/5 8440/5/5 8409/5/5
f 8455/5/5 8440/5/5 8454/5/5
f 8456/5/5 8430/5/5 8441/5/5
f 8457/5/5 8430/5/5 8456/5/5
f 8458/5/5 8445/5/5 8444/5/5
f 8459/5/5 8445/5/5 8458/5/5
f 8460/2/5 8447/2/5 8446/2/5
f 8461/2/5 8447/2/5 8460/2/5
f 8462/1/5 8449/1/5 8448/1/5
f 8463/1/5 8449/1/5 8462/1/5
f 8464/3/5 8451/3/5 8450/3/5
f 8465/3/5 8451/3/5 8464/3/5
f 8466/4/5 8457/4/5 8456/4/5
f 8467/4/5 8457/4/5 8466/4/5
f 8474/3/5 8469/3/5 8468/3/5
f 8475/3/5 8469/3/5 8474/3/5
f 8476/3/5 8471/3/5 8470/3/5
f 8477/3/5 8471/3/5 8476/3/5
f 8478/3/5 8473/3/5 8472/3/5
f 8479/3/5 8473/3/5 8478/3/5
f 8483/5/5 8480/5/5 8479/5/5
f 8484/5/5 8480/5/5 8483/5/5
f 8488/2/5 8482/2/5 8481/2/5
f 8489/2/5 8482/2/5 8488/2/5
f 8492/5/5 8485/5/5 8484/5/5
f 8493/5/5 8485/5/5 8492/5/5
f 8495/5/5 8487/5/5 8486/5/5
f 8496/5/5 8487/5/5 8495/5/5
f 8497/5/5 8491/5/5 8490/5/5
f 8498/5/5 8491/5/5 8497/5/5
f 8501/5/5 8494/5/5 8493/5/5
f 8502/5/5 8487/5/5 8496/5/5
f 8503/5/5 8487/5/5 8502/5/5
f 8505/5/5 8500/5/5 8499/5/5
f 8505/5/5 8501/5/5 8500/5/5
f 8506/5/5 8501/5/5 8505/5/5
f 8507/5/5 8494/5/5 8501/5/5
f 8507/5/5 8501/5/5 8506/5/5
f 8509/5/5 8502/5/5 8496/5/5
f 8510/5/5 8502/5/5 8509/5/5
f 8513/5/5 8506/5/5 8505/5/5
f 8513/5/5 8505/5/5 8504/5/5
f 8514/5/5 8506/5/5 8513/5/5
f 8515/5/5 8508/5/5 8507/5/5
f 8516/5/5 8508/5/5 8515/5/5
f 8518/5/5 8512/5/5 8511/5/5
f 8519/5/5 8512/5/5 8518/5/5
f 8523/5/5 8518/5/5 8517/5/5
f 8525/5/5 8523/5/5 8522/5/5
f 8527/5/5 8521/5/5 8520/5/5
f 8528/5/5 8525/5/5 8524/5/5
f 8529/5/5 8518/5/5 8523/5/5
f 8529/5/5 8525/5/5 8528/5/5
f 8529/5/5 8523/5/5 8525/5/5
f 8532/5/5 8527/5/5 8526/5/5
f 8532/5/5 8521/5/5 8527/5/5
f 8533/5/5 8521/5/5 8532/5/5
f 8535/2/5 8531/2/5 8530/2/5
f 8536/5/5 8532/5/5 8526/5/5
f 8537/5/5 8532/5/5 8536/5/5
f 8538/2/5 8535/2/5 8534/2/5
f 8539/2/5 8531/2/5 8535/2/5
f 8539/2/5 8535/2/5 8538/2/5
f 8544/5/5 8541/5/5 8540/5/5
f 8545/5/5 8541/5/5 8544/5/5
f 8547/5/5 8543/5/5 8542/5/5
f 8548/5/5 8543/5/5 8547/5/5
f 8553/2/5 8531/2/5 8539/2/5
f 8554/2/5 8531/2/5 8553/2/5
f 8556/5/5 8547/5/5 8546/5/5
f 8557/5/5 8547/5/5 8556/5/5
f 8558/3/5 8550/3/5 8549/3/5
f 8559/3/5 8550/3/5 8558/3/5
f 8560/3/5 8552/3/5 8551/3/5
f 8561/3/5 8552/3/5 8560/3/5
f 8562/3/5 8555/3/5 8554/3/5
f 8563/3/5 8555/3/5 8562/3/5
f 8568/3/5 8565/3/5 8564/3/5
f 8569/3/5 8565/3/5 8568/3/5
f 8574/3/5 8567/3/5 8566/3/5
f 8575/3/5 8567/3/5 8574/3/5
f 8578/5/5 8571/5/5 8570/5/5
f 8579/5/5 8571/5/5 8578/5/5
f 8580/5/5 8573/5/5 8572/5/5
f 8581/5/5 8573/5/5 8580/5/5
f 8582/5/5 8575/5/5 8574/5/5
f 8583/5/5 8575/5/5 8582/5/5
f 8586/5/5 8577/5/5 8576/5/5
f 8587/5/5 8577/5/5 8586/5/5
f 8590/5/5 8585/5/5 8584/5/5
f 8591/5/5 8585/5/5 8590/5/5
f 8592/5/5 8589/5/5 8588/5/5
f 8593/5/5 8589/5/5 8592/5/5
f 8604/5/5 8595/5/5 8594/5/5
f 8605/5/5 8597/5/5 8596/5/5
f 8606/5/5 8597/5/5 8605/5/5
f 8608/5/5 8599/5/5 8598/5/5
f 8609/5/5 8599/5/5 8608/5/5
f 8610/5/5 8601/5/5 8600/5/5
f 8611/5/5 8603/5/5 8602/5/5
f 8612/5/5 8603/5/5 8611/5/5
f 8613/5/5 8595/5/5 8604/5/5
f 8614/5/5 8595/5/5 8613/5/5
f 8615/5/5 8607/5/5 8606/5/5
f 8616/5/5 8607/5/5 8615/5/5
f 8617/5/5 8610/5/5 8609/5/5
f 8618/5/5 8601/5/5 8610/5/5
f 8618/5/5 8610/5/5 8617/5/5
f 8619/5/5 8613/5/5 8612/5/5
f 8620/5/5 8613/5/5 8619/5/5
f 8631/2/5 8622/2/5 8621/2/5
f 8632/2/5 8622/2/5 8631/2/5
f 8633/5/5 8624/5/5 8623/5/5
f 8634/5/5 8624/5/5 8633/5/5
f 8635/5/5 8626/5/5 8625/5/5
f 8636/5/5 8626/5/5 8635/5/5
f 8637/5/5 8626/5/5 8636/5/5
f 8638/3/5 8628/3/5 8627/3/5
f 8639/3/5 8628/3/5 8638/3/5
f 8640/3/5 8630/3/5 8629/3/5
f 8641/3/5 8630/3/5 8640/3/5
f 8642/3/5 8636/3/5 8635/3/5
f 8643/3/5 8636/3/5 8642/3/5
f 8650/1/5 8645/1/5 8644/1/5
f 8651/1/5 8645/1/5 8650/1/5
f 8652/3/5 8647/3/5 8646/3/5
f 8653/3/5 8647/3/5 8652/3/5
f 8654/3/5 8649/3/5 8648/3/5
f 8655/3/5 8649/3/5 8654/3/5
f 8658/5/5 8657/5/5 8656/5/5
f 8659/5/5 8657/5/5 8658/5/5
f 8664/5/5 8661/5/5 8660/5/5
f 8665/5/5 8661/5/5 8664/5/5
f 8666/5/5 8663/5/5 8662/5/5
f 8667/5/5 8663/5/5 8666/5/5
f 8670/5/5 8669/5/5 8668/5/5
f 8671/5/5 8669/5/5 8670/5/5
f 8676/5/5 8673/5/5 8672/5/5
f 8677/5/5 8673/5/5 8676/5/5
f 8678/5/5 8675/5/5 8674/5/5
f 8679/5/5 8675/5/5 8678/5/5
f 8682/5/5 8681/5/5 8680/5/5
f 8683/5/5 8681/5/5 8682/5/5
f 8695/5/5 8685/5/5 8684/5/5
f 8696/5/5 8685/5/5 8695/5/5
f 8697/5/5 8687/5/5 8686/5/5
f 8698/5/5 8687/5/5 8697/5/5
f 8699/2/5 8689/2/5 8688/2/5
f 8700/2/5 8689/2/5 8699/2/5
f 8701/1/5 8691/1/5 8690/1/5
f 8702/1/5 8691/1/5 8701/1/5
f 8703/3/5 8693/3/5 8692/3/5
f 8704/3/5 8693/3/5 8703/3/5
f 8705/3/5 8695/3/5 8694/3/5
f 8706/3/5 8695/3/5 8705/3/5
f 8711/1/5 8708/1/5 8707/1/5
f 8712/1/5 8708/1/5 8711/1/5
f 8713/1/5 8710/1/5 8709/1/5
f 8714/1/5 8710/1/5 8713/1/5
f 8722/2/5 8716/2/5 8715/2/5
f 8723/2/5 8716/2/5 8722/2/5
f 8724/5/5 8718/5/5 8717/5/5
f 8725/5/5 8718/5/5 8724/5/5
f 8726/5/5 8720/5/5 8719/5/5
f 8727/5/5 8720/5/5 8726/5/5
f 8730/5/5 8722/5/5 8721/5/5
f 8731/5/5 8722/5/5 8730/5/5
f 8732/5/5 8729/5/5 8728/5/5
f 8733/5/5 8729/5/5 8732/5/5
f 8734/5/5 8729/5/5 8733/5/5
f 8737/3/5 8712/3/5 8711/3/5
f 8738/3/5 8712/3/5 8737/3/5
f 8741/5/5 8736/5/5 8735/5/5
f 8742/5/5 8736/5/5 8741/5/5
f 8745/1/5 8738/1/5 8737/1/5
f 8746/1/5 8738/1/5 8745/1/5
f 8747/3/5 8740/3/5 8739/3/5
f 8748/3/5 8740/3/5 8747/3/5
f 8749/3/5 8744/3/5 8743/3/5
f 8750/3/5 8744/3/5 8749/3/5
f 8757/3/5 8752/3/5 8751/3/5
f 8758/3/5 8752/3/5 8757/3/5
f 8759/3/5 8754/3/5 8753/3/5
f 8760/3/5 8754/3/5 8759/3/5
f 8761/3/5 8756/3/5 8755/3/5
f 8762/3/5 8756/3/5 8761/3/5
f 8771/2/5 8764/2/5 8763/2/5
f 8772/2/5 8764/2/5 8771/2/5
f 8773/5/5 8766/5/5 8765/5/5
f 8774/5/5 8766/5/5 8773/5/5
f 8775/5/5 8768/5/5 8767/5/5
f 8778/2/5 8770/2/5 8769/2/5
f 8779/2/5 8770/2/5 8778/2/5
f 8780/5/5 8775/5/5 8767/5/5
f 8781/5/5 8777/5/5 8776/5/5
f 8782/5/5 8777/5/5 8781/5/5
f 8783/5/5 8777/5/5 8782/5/5
f 8784/5/5 8775/5/5 8780/5/5
f 8785/5/5 8775/5/5 8784/5/5
f 8786/5/5 8783/5/5 8782/5/5
f 8787/5/5 8783/5/5 8786/5/5
f 8790/5/5 8789/5/5 8788/5/5
f 8791/5/5 8789/5/5 8790/5/5
f 8802/2/5 8793/2/5 8792/2/5
f 8803/2/5 8793/2/5 8802/2/5
f 8804/5/5 8795/5/5 8794/5/5
f 8805/5/5 8795/5/5 8804/5/5
f 8806/3/5 8797/3/5 8796/3/5
f 8807/3/5 8797/3/5 8806/3/5
f 8808/3/5 8799/3/5 8798/3/5
f 8809/3/5 8799/3/5 8808/3/5
f 8810/3/5 8801/3/5 8800/3/5
f 8811/3/5 8801/3/5 8810/3/5
f 8816/3/5 8813/3/5 8812/3/5
f 8817/3/5 8813/3/5 8816/3/5
f 8822/2/5 8815/2/5 8814/2/5
f 8823/2/5 8815/2/5 8822/2/5
f 8824/5/5 8819/5/5 8818/5/5
f 8827/5/5 8821/5/5 8820/5/5
f 8828/5/5 8821/5/5 8827/5/5
f 8830/5/5 8819/5/5 8824/5/5
f 8831/5/5 8819/5/5 8830/5/5
f 8832/5/5 8826/5/5 8825/5/5
f 8833/5/5 8826/5/5 8832/5/5
f 8834/5/5 8829/5/5 8828/5/5
f 8835/5/5 8829/5/5 8834/5/5
f 8840/5/5 8837/5/5 8836/5/5
f 8841/5/5 8837/5/5 8840/5/5
f 8844/2/5 8839/2/5 8838/2/5
f 8845/2/5 8839/2/5 8844/2/5
f 8846/3/5 8843/3/5 8842/3/5
f 8847/3/5 8843/3/5 8846/3/5
f 8852/5/5 8849/5/5 8848/5/5
f 8853/5/5 8849/5/5 8852/5/5
f 8858/5/5 8851/5/5 8850/5/5
f 8859/5/5 8851/5/5 8858/5/5
f 8860/2/5 8855/2/5 8854/2/5
f 8861/2/5 8855/2/5 8860/2/5
f 8862/5/5 8857/5/5 8856/5/5
f 8863/5/5 8857/5/5 8862/5/5
f 8865/5/5 8864/5/5 8863/5/5
f 8866/5/5 8864/5/5 8865/5/5
f 8869/5/5 8868/5/5 8867/5/5
f 8870/5/5 8868/5/5 8869/5/5
f 8873/5/5 8872/5/5 8871/5/5
f 8874/5/5 8872/5/5 8873/5/5
f 8878/5/5 8876/5/5 8875/5/5
f 8879/5/5 8876/5/5 8878/5/5
f 8881/5/5 8878/5/5 8877/5/5
f 8881/5/5 8880/5/5 8879/5/5
f 8881/5/5 8879/5/5 8878/5/5
f 8882/5/5 8880/5/5 8881/5/5
f 8887/1/5 8884/1/5 8883/1/5
f 8888/3/5 8886/3/5 8885/3/5
f 8889/3/5 8886/3/5 8888/3/5
f 8893/5/5 8891/5/5 8890/5/5
f 8894/5/5 8891/5/5 8893/5/5
f 8895/5/5 8893/5/5 8892/5/5
f 8896/5/5 8893/5/5 8895/5/5
f 8897/1/5 8887/1/5 8883/1/5
f 8898/1/5 8887/1/5 8897/1/5
f 8899/3/5 8898/3/5 8897/3/5
f 8900/3/5 8898/3/5 8899/3/5
f 8905/5/5 8902/5/5 8901/5/5
f 8906/5/5 8902/5/5 8905/5/5
f 8908/1/5 8900/1/5 8899/1/5
f 8914/2/5 8904/2/5 8903/2/5
f 8915/2/5 8904/2/5 8914/2/5
f 8918/2/5 8907/2/5 8906/2/5
f 8919/2/5 8907/2/5 8918/2/5
f 8920/1/5 8908/1/5 8899/1/5
f 8921/1/5 8908/1/5 8920/1/5
f 8922/3/5 8910/3/5 8909/3/5
f 8923/3/5 8910/3/5 8922/3/5
f 8924/3/5 8912/3/5 8911/3/5
f 8925/1/5 8913/1/5 8912/1/5
f 8925/3/5 8912/3/5 8924/3/5
f 8926/1/5 8913/1/5 8925/1/5
f 8927/3/5 8917/3/5 8916/3/5
f 8928/3/5 8917/3/5 8927/3/5
f 8933/3/5 8930/3/5 8929/3/5
f 8934/3/5 8930/3/5 8933/3/5
f 8935/1/5 8932/1/5 8931/1/5
f 8936/1/5 8932/1/5 8935/1/5
f 8942/5/5 8938/5/5 8937/5/5
f 8943/5/5 8938/5/5 8942/5/5
f 8944/5/5 8940/5/5 8939/5/5
f 8945/5/5 8940/5/5 8944/5/5
f 8946/5/5 8940/5/5 8945/5/5
f 8947/5/5 8942/5/5 8941/5/5
f 8948/5/5 8942/5/5 8947/5/5
f 8949/5/5 8944/5/5 8943/5/5
f 8950/5/5 8944/5/5 8949/5/5
f 8951/5/5 8946/5/5 8945/5/5
f 8952/5/5 8946/5/5 8951/5/5
f 8958/2/5 8954/2/5 8953/2/5
f 8958/2/5 8955/2/5 8954/2/5
f 8959/2/5 8955/2/5 8958/2/5
f 8963/5/5 8957/5/5 8956/5/5
f 8964/5/5 8957/5/5 8963/5/5
f 8965/1/5 8961/1/5 8960/1/5
f 8966/3/5 8962/3/5 8961/3/5
f 8966/1/5 8961/1/5 8965/1/5
f 8967/3/5 8962/3/5 8966/3/5
f 8974/3/5 8971/3/5 8970/3/5
f 8975/3/5 8971/3/5 8974/3/5
f 8977/3/5 8973/3/5 8972/3/5
f 8978/3/5 8973/3/5 8977/3/5
f 8981/2/5 8977/2/5 8976/2/5
f 8982/2/5 8977/2/5 8981/2/5
f 8983/2/5 8980/2/5 8979/2/5
f 8984/2/5 8980/2/5 8983/2/5
f 8987/3/5 8986/3/5 8985/3/5
f 8988/3/5 8986/3/5 8987/3/5
f 8991/3/5 8990/3/5 8989/3/5
f 8992/3/5 8990/3/5 8991/3/5
f 8994/3/5 8993/3/5 8992/3/5
f 8995/3/5 8993/3/5 8994/3/5
f 9000/3/5 8969/3/5 8968/3/5
f 9001/3/5 8969/3/5 9000/3/5
f 9002/3/5 8997/3/5 8996/3/5
f 9003/3/5 8997/3/5 9002/3/5
f 9004/1/5 8999/1/5 8998/1/5
f 9005/1/5 8999/1/5 9004/1/5
f 9010/1/5 9007/1/5 9006/1/5
f 9011/1/5 9007/1/5 9010/1/5
f 9012/1/5 9009/1/5 9008/1/5
f 9013/1/5 9009/1/5 9012/1/5
f 9019/2/5 9014/2/5 9013/2/5
f 9020/2/5 9014/2/5 9019/2/5
f 9021/2/5 9016/2/5 9015/2/5
f 9022/2/5 9016/2/5 9021/2/5
f 9023/2/5 9016/2/5 9022/2/5
f 9024/1/5 9018/1/5 9017/1/5
f 9025/1/5 9018/1/5 9024/1/5
f 9026/2/5 9022/2/5 9021/2/5
f 9027/2/5 9022/2/5 9026/2/5
f 9033/2/5 9029/2/5 9028/2/5
f 9033/2/5 9030/2/5 9029/2/5
f 9034/2/5 9030/2/5 9033/2/5
f 9035/1/5 9032/1/5 9031/1/5
f 9036/1/5 9032/1/5 9035/1/5
f 9041/1/5 9038/1/5 9037/1/5
f 9042/1/5 9038/1/5 9041/1/5
f 9043/1/5 9040/1/5 9039/1/5
f 9044/1/5 9040/1/5 9043/1/5
f 9045/1/5 9040/1/5 9044/1/5
f 9046/1/5 9045/1/5 9044/1/5
f 9047/1/5 9045/1/5 9046/1/5
f 9053/1/5 9049/1/5 9048/1/5
f 9054/1/5 9049/1/5 9053/1/5
f 9055/1/5 9052/1/5 9051/1/5
f 9055/1/5 9051/1/5 9050/1/5
f 9056/1/5 9052/1/5 9055/1/5
f 9057/5/6 9058/5/6 9059/5/6
f 9059/5/6 9058/5/6 9060/5/6
f 9061/3/6 9062/3/6 9064/3/6
f 9062/4/6 9063/4/6 9065/4/6
f 9064/3/6 9062/3/6 9065/3/6
f 9065/4/6 9063/4/6 9066/4/6
f 9066/4/6 9063/4/6 9067/4/6
f 9067/4/6 9063/4/6 9068/4/6
f 9067/3/6 9068/3/6 9069/3/6
f 9069/3/6 9068/3/6 9070/3/6
f 9069/4/6 9070/4/6 9073/4/6
f 9071/3/6 9072/3/6 9074/3/6
f 9072/4/6 9073/4/6 9075/4/6
f 9074/3/6 9072/3/6 9075/3/6
f 9073/4/6 9070/4/6 9076/4/6
f 9075/4/6 9073/4/6 9076/4/6
f 9077/1/6 9078/1/6 9080/1/6
f 9080/1/6 9078/1/6 9081/1/6
f 9078/3/6 9079/3/6 9082/3/6
f 9081/1/6 9078/1/6 9082/1/6
f 9082/3/6 9079/3/6 9083/3/6
f 9077/1/6 9080/1/6 9084/1/6
f 9080/3/6 9081/3/6 9085/3/6
f 9084/1/6 9080/1/6 9085/1/6
f 9084/3/6 9085/3/6 9086/3/6
f 9085/3/6 9081/3/6 9087/3/6
f 9086/3/6 9085/3/6 9087/3/6
f 9086/1/6 9087/1/6 9088/1/6
f 9087/3/6 9081/3/6 9088/3/6
f 9088/3/6 9081/3/6 9089/3/6
f 9086/1/6 9088/1/6 9092/1/6
f 9088/1/6 9089/1/6 9092/1/6
f 9089/1/6 9090/1/6 9092/1/6
f 9090/3/6 9091/3/6 9093/3/6
f 9092/1/6 9090/1/6 9093/1/6
f 9093/3/6 9091/3/6 9094/3/6
f 9095/1/6 9096/1/6 9097/1/6
f 9097/1/6 9096/1/6 9098/1/6
f 9095/1/6 9097/1/6 9099/1/6
f 9095/1/6 9099/1/6 9100/1/6
f 9100/1/6 9099/1/6 9101/1/6
f 9100/3/6 9101/3/6 9102/3/6
f 9102/3/6 9101/3/6 9103/3/6
f 9102/1/6 9103/1/6 9104/1/6
f 9102/1/6 9104/1/6 9105/1/6
f 9105/1/6 9104/1/6 9106/1/6
f 9107/1/6 9108/1/6 9113/1/6
f 9108/3/6 9109/3/6 9114/3/6
f 9113/1/6 9108/1/6 9114/1/6
f 9114/3/6 9109/3/6 9115/3/6
f 9110/3/6 9111/3/6 9116/3/6
f 9111/4/6 9112/4/6 9117/4/6
f 9116/3/6 9111/3/6 9117/3/6
f 9117/4/6 9112/4/6 9118/4/6
f 9118/4/6 9112/4/6 9119/4/6
f 9119/4/6 9112/4/6 9120/4/6
f 9119/3/6 9120/3/6 9121/3/6
f 9121/3/6 9120/3/6 9122/3/6
f 9121/4/6 9122/4/6 9125/4/6
f 9123/3/6 9124/3/6 9126/3/6
f 9124/4/6 9125/4/6 9127/4/6
f 9126/3/6 9124/3/6 9127/3/6
f 9125/4/6 9122/4/6 9128/4/6
f 9127/4/6 9125/4/6 9128/4/6
f 9129/3/6 9130/3/6 9131/3/6
f 9131/3/6 9130/3/6 9132/3/6
f 9133/3/6 9134/3/6 9135/3/6
f 9135/3/6 9134/3/6 9136/3/6
f 9137/1/6 9138/1/6 9141/1/6
f 9141/1/6 9138/1/6 9142/1/6
f 9139/4/6 9140/4/6 9143/4/6
f 9137/1/6 9141/1/6 9144/1/6
f 9141/3/6 9142/3/6 9145/3/6
f 9144/1/6 9141/1/6 9145/1/6
f 9143/4/6 9140/4/6 9146/4/6
f 9146/4/6 9140/4/6 9147/4/6
f 9146/3/6 9147/3/6 9148/3/6
f 9148/3/6 9147/3/6 9149/3/6
f 9144/3/6 9145/3/6 9150/3/6
f 9145/3/6 9142/3/6 9151/3/6
f 9150/3/6 9145/3/6 9151/3/6
f 9150/1/6 9151/1/6 9152/1/6
f 9151/3/6 9142/3/6 9152/3/6
f 9152/3/6 9142/3/6 9153/3/6
f 9148/4/6 9149/4/6 9155/4/6
f 9153/1/6 9154/1/6 9156/1/6
f 9150/1/6 9152/1/6 9156/1/6
f 9152/1/6 9153/1/6 9156/1/6
f 9156/1/6 9154/1/6 9157/1/6
f 9155/4/6 9149/4/6 9158/4/6
f 9158/4/6 9149/4/6 9159/4/6
f 9160/3/6 9161/3/6 9164/3/6
f 9164/3/6 9161/3/6 9165/3/6
f 9162/4/6 9163/4/6 9166/4/6
f 9166/4/6 9163/4/6 9167/4/6
f 9168/4/6 9169/4/6 9170/4/6
f 9170/4/6 9169/4/6 9171/4/6
f 9172/3/6 9173/3/6 9174/3/6
f 9174/3/6 9173/3/6 9175/3/6
f 9176/3/6 9177/3/6 9178/3/6
f 9178/3/6 9177/3/6 9179/3/6
f 9180/3/6 9181/3/6 9183/3/6
f 9181/4/6 9182/4/6 9184/4/6
f 9183/3/6 9181/3/6 9184/3/6
f 9184/4/6 9182/4/6 9185/4/6
f 9185/4/6 9182/4/6 9186/4/6
f 9185/4/6 9186/4/6 9187/4/6
f 9187/4/6 9186/4/6 9188/4/6
f 9187/3/6 9188/3/6 9189/3/6
f 9189/3/6 9188/3/6 9190/3/6
f 9189/4/6 9190/4/6 9193/4/6
f 9193/4/6 9190/4/6 9194/4/6
f 9191/3/6 9192/3/6 9195/3/6
f 9195/3/6 9192/3/6 9196/3/6
f 9193/4/6 9194/4/6 9197/4/6
f 9197/4/6 9194/4/6 9198/4/6
f 9199/1/6 9200/1/6 9205/1/6
f 9205/1/6 9200/1/6 9206/1/6
f 9201/3/6 9202/3/6 9207/3/6
f 9207/3/6 9202/3/6 9208/3/6
f 9203/4/6 9204/4/6 9209/4/6
f 9209/4/6 9204/4/6 9210/4/6
f 9205/3/6 9206/3/6 9211/3/6
f 9205/3/6 9211/3/6 9212/3/6
f 9205/3/6 9212/3/6 9213/3/6
f 9213/3/6 9212/3/6 9214/3/6
f 9213/1/6 9214/1/6 9220/1/6
f 9220/1/6 9214/1/6 9221/1/6
f 9215/3/6 9216/3/6 9222/3/6
f 9222/3/6 9216/3/6 9223/3/6
f 9217/3/6 9218/3/6 9224/3/6
f 9218/4/6 9219/4/6 9225/4/6
f 9224/3/6 9218/3/6 9225/3/6
f 9225/4/6 9219/4/6 9226/4/6
f 9227/3/6 9228/3/6 9231/3/6
f 9231/3/6 9228/3/6 9232/3/6
f 9229/3/6 9230/3/6 9233/3/6
f 9233/3/6 9230/3/6 9234/3/6
f 9237/2/6 9238/2/6 9239/2/6
f 9239/2/6 9238/2/6 9240/2/6
f 9240/2/6 9238/2/6 9241/2/6
f 9235/4/6 9236/4/6 9242/4/6
f 9240/5/6 9241/5/6 9246/5/6
f 9235/4/6 9242/4/6 9247/4/6
f 9247/4/6 9242/4/6 9248/4/6
f 9243/5/6 9244/5/6 9249/5/6
f 9249/5/6 9244/5/6 9250/5/6
f 9245/5/6 9246/5/6 9251/5/6
f 9246/5/6 9241/5/6 9252/5/6
f 9251/5/6 9246/5/6 9252/5/6
f 9253/3/6 9254/3/6 9255/3/6
f 9255/3/6 9254/3/6 9256/3/6
f 9247/3/6 9248/3/6 9257/3/6
f 9257/3/6 9248/3/6 9258/3/6
f 9257/4/6 9258/4/6 9259/4/6
f 9257/4/6 9259/4/6 9264/4/6
f 9260/3/6 9261/3/6 9267/3/6
f 9267/3/6 9261/3/6 9268/3/6
f 9262/3/6 9263/3/6 9269/3/6
f 9269/3/6 9263/3/6 9270/3/6
f 9264/4/6 9259/4/6 9271/4/6
f 9271/4/6 9259/4/6 9272/4/6
f 9265/3/6 9266/3/6 9273/3/6
f 9273/3/6 9266/3/6 9274/3/6
f 9277/3/6 9278/3/6 9281/3/6
f 9281/3/6 9278/3/6 9282/3/6
f 9279/3/6 9280/3/6 9283/3/6
f 9283/3/6 9280/3/6 9284/3/6
f 9285/5/6 9286/5/6 9287/5/6
f 9275/1/6 9276/1/6 9291/1/6
f 9291/1/6 9276/1/6 9292/1/6
f 9285/5/6 9287/5/6 9293/5/6
f 9287/5/6 9288/5/6 9293/5/6
f 9293/5/6 9288/5/6 9294/5/6
f 9294/5/6 9288/5/6 9295/5/6
f 9289/5/6 9290/5/6 9296/5/6
f 9296/5/6 9290/5/6 9297/5/6
f 9298/5/6 9299/5/6 9300/5/6
f 9300/5/6 9299/5/6 9301/5/6
f 9300/5/6 9301/5/6 9303/5/6
f 9301/5/6 9302/5/6 9303/5/6
f 9303/5/6 9302/5/6 9304/5/6
f 9305/5/6 9306/5/6 9307/5/6
f 9307/5/6 9306/5/6 9308/5/6
f 9291/3/6 9292/3/6 9312/3/6
f 9312/3/6 9292/3/6 9313/3/6
f 9310/5/6 9311/5/6 9314/5/6
f 9309/5/6 9310/5/6 9314/5/6
f 9314/5/6 9311/5/6 9315/5/6
f 9309/5/6 9314/5/6 9319/5/6
f 9319/5/6 9314/5/6 9320/5/6
f 9316/2/6 9317/2/6 9329/2/6
f 9329/2/6 9317/2/6 9330/2/6
f 9318/2/6 9319/2/6 9331/2/6
f 9331/2/6 9319/2/6 9332/2/6
f 9312/1/6 9313/1/6 9333/1/6
f 9333/1/6 9313/1/6 9334/1/6
f 9321/3/6 9322/3/6 9335/3/6
f 9335/3/6 9322/3/6 9336/3/6
f 9323/3/6 9324/3/6 9337/3/6
f 9337/3/6 9324/3/6 9338/3/6
f 9325/4/6 9326/4/6 9339/4/6
f 9339/4/6 9326/4/6 9340/4/6
f 9327/3/6 9328/3/6 9341/3/6
f 9341/3/6 9328/3/6 9342/3/6
f 9343/3/6 9344/3/6 9347/3/6
f 9347/3/6 9344/3/6 9348/3/6
f 9345/3/6 9346/3/6 9349/3/6
f 9349/3/6 9346/3/6 9350/3/6
f 9343/3/6 9347/3/6 9355/3/6
f 9351/3/6 9352/3/6 9356/3/6
f 9356/3/6 9352/3/6 9357/3/6
f 9353/5/6 9354/5/6 9358/5/6
f 9358/5/6 9354/5/6 9359/5/6
f 9360/5/6 9361/5/6 9362/5/6
f 9362/5/6 9361/5/6 9363/5/6
f 9364/5/6 9365/5/6 9366/5/6
f 9366/5/6 9365/5/6 9367/5/6
f 9355/3/6 9347/3/6 9368/3/6
f 9368/3/6 9347/3/6 9371/3/6
f 9369/2/6 9370/2/6 9379/2/6
f 9379/2/6 9370/2/6 9380/2/6
f 9368/3/6 9371/3/6 9381/3/6
f 9371/3/6 9372/3/6 9381/3/6
f 9381/3/6 9372/3/6 9382/3/6
f 9373/3/6 9374/3/6 9383/3/6
f 9383/3/6 9374/3/6 9384/3/6
f 9375/4/6 9376/4/6 9385/4/6
f 9385/4/6 9376/4/6 9386/4/6
f 9377/3/6 9378/3/6 9387/3/6
f 9387/3/6 9378/3/6 9388/3/6
f 9391/3/6 9392/3/6 9397/3/6
f 9397/3/6 9392/3/6 9398/3/6
f 9393/3/6 9394/3/6 9399/3/6
f 9399/3/6 9394/3/6 9400/3/6
f 9395/4/6 9396/4/6 9401/4/6
f 9401/4/6 9396/4/6 9402/4/6
f 9403/2/6 9404/2/6 9405/2/6
f 9405/2/6 9404/2/6 9406/2/6
f 9405/5/6 9406/5/6 9407/5/6
f 9407/5/6 9406/5/6 9408/5/6
f 9389/1/6 9390/1/6 9413/1/6
f 9413/1/6 9390/1/6 9414/1/6
f 9408/5/6 9409/5/6 9415/5/6
f 9415/5/6 9409/5/6 9416/5/6
f 9411/5/6 9412/5/6 9418/5/6
f 9410/5/6 9411/5/6 9418/5/6
f 9418/5/6 9412/5/6 9419/5/6
f 9419/5/6 9412/5/6 9420/5/6
f 9416/5/6 9417/5/6 9422/5/6
f 9422/5/6 9417/5/6 9423/5/6
f 9420/5/6 9421/5/6 9424/5/6
f 9419/5/6 9420/5/6 9424/5/6
f 9424/5/6 9421/5/6 9425/5/6
f 9425/5/6 9421/5/6 9426/5/6
f 9427/5/6 9428/5/6 9429/5/6
f 9429/5/6 9428/5/6 9430/5/6
f 9413/3/6 9414/3/6 9433/3/6
f 9433/3/6 9414/3/6 9434/3/6
f 9431/5/6 9432/5/6 9438/5/6
f 9435/3/6 9436/3/6 9439/3/6
f 9439/3/6 9436/3/6 9440/3/6
f 9437/5/6 9438/5/6 9441/5/6
f 9441/5/6 9438/5/6 9442/5/6
f 9442/5/6 9438/5/6 9447/5/6
f 9438/5/6 9432/5/6 9448/5/6
f 9447/5/6 9438/5/6 9448/5/6
f 9401/3/6 9402/3/6 9453/3/6
f 9453/3/6 9402/3/6 9454/3/6
f 9443/3/6 9444/3/6 9456/3/6
f 9456/3/6 9444/3/6 9457/3/6
f 9445/2/6 9446/2/6 9459/2/6
f 9459/2/6 9446/2/6 9460/2/6
f 9433/1/6 9434/1/6 9463/1/6
f 9463/1/6 9434/1/6 9464/1/6
f 9449/3/6 9450/3/6 9465/3/6
f 9465/3/6 9450/3/6 9466/3/6
f 9451/3/6 9452/3/6 9467/3/6
f 9467/3/6 9452/3/6 9468/3/6
f 9453/4/6 9454/4/6 9469/4/6
f 9469/4/6 9454/4/6 9470/4/6
f 9455/4/6 9456/4/6 9471/4/6
f 9471/4/6 9456/4/6 9472/4/6
f 9457/3/6 9458/3/6 9473/3/6
f 9473/3/6 9458/3/6 9474/3/6
f 9461/3/6 9462/3/6 9475/3/6
f 9475/3/6 9462/3/6 9476/3/6
f 9477/3/6 9478/3/6 9481/3/6
f 9481/3/6 9478/3/6 9482/3/6
f 9479/3/6 9480/3/6 9483/3/6
f 9483/3/6 9480/3/6 9484/3/6
f 9485/2/6 9486/2/6 9487/2/6
f 9487/2/6 9486/2/6 9488/2/6
f 9487/5/6 9488/5/6 9492/5/6
f 9488/5/6 9489/5/6 9492/5/6
f 9492/5/6 9489/5/6 9493/5/6
f 9490/5/6 9491/5/6 9494/5/6
f 9494/5/6 9491/5/6 9495/5/6
f 9496/5/6 9497/5/6 9499/5/6
f 9499/5/6 9497/5/6 9500/5/6
f 9500/5/6 9497/5/6 9501/5/6
f 9498/5/6 9499/5/6 9502/5/6
f 9499/5/6 9500/5/6 9502/5/6
f 9502/5/6 9500/5/6 9503/5/6
f 9503/5/6 9504/5/6 9505/5/6
f 9505/5/6 9504/5/6 9506/5/6
f 9506/5/6 9504/5/6 9507/5/6
f 9508/5/6 9509/5/6 9512/5/6
f 9512/5/6 9509/5/6 9513/5/6
f 9510/5/6 9511/5/6 9514/5/6
f 9514/5/6 9511/5/6 9515/5/6
f 9515/5/6 9516/5/6 9522/5/6
f 9522/5/6 9516/5/6 9523/5/6
f 9517/2/6 9518/2/6 9528/2/6
f 9528/2/6 9518/2/6 9529/2/6
f 9519/2/6 9520/2/6 9530/2/6
f 9530/2/6 9520/2/6 9531/2/6
f 9521/2/6 9522/2/6 9532/2/6
f 9532/2/6 9522/2/6 9533/2/6
f 9524/3/6 9525/3/6 9534/3/6
f 9534/3/6 9525/3/6 9535/3/6
f 9526/3/6 9527/3/6 9536/3/6
f 9536/3/6 9527/3/6 9537/3/6
f 9540/3/6 9541/3/6 9544/3/6
f 9544/3/6 9541/3/6 9545/3/6
f 9542/3/6 9543/3/6 9546/3/6
f 9546/3/6 9543/3/6 9547/3/6
f 9548/2/6 9549/2/6 9550/2/6
f 9550/2/6 9549/2/6 9551/2/6
f 9552/5/6 9553/5/6 9554/5/6
f 9554/5/6 9553/5/6 9555/5/6
f 9538/1/6 9539/1/6 9559/1/6
f 9559/1/6 9539/1/6 9560/1/6
f 9555/5/6 9556/5/6 9561/5/6
f 9561/5/6 9556/5/6 9562/5/6
f 9557/5/6 9558/5/6 9565/5/6
f 9565/5/6 9558/5/6 9566/5/6
f 9563/5/6 9564/5/6 9570/5/6
f 9564/5/6 9565/5/6 9570/5/6
f 9570/5/6 9565/5/6 9571/5/6
f 9567/3/6 9568/3/6 9573/3/6
f 9573/3/6 9568/3/6 9574/3/6
f 9569/5/6 9570/5/6 9575/5/6
f 9575/5/6 9570/5/6 9576/5/6
f 9576/5/6 9570/5/6 9577/5/6
f 9571/5/6 9572/5/6 9579/5/6
f 9579/5/6 9572/5/6 9580/5/6
f 9577/5/6 9578/5/6 9583/5/6
f 9576/5/6 9577/5/6 9583/5/6
f 9583/5/6 9578/5/6 9584/5/6
f 9581/5/6 9582/5/6 9585/5/6
f 9585/5/6 9582/5/6 9586/5/6
f 9559/3/6 9560/3/6 9587/3/6
f 9587/3/6 9560/3/6 9588/3/6
f 9576/5/6 9583/5/6 9590/5/6
f 9590/5/6 9583/5/6 9591/5/6
f 9589/5/6 9590/5/6 9594/5/6
f 9594/5/6 9590/5/6 9595/5/6
f 9592/5/6 9593/5/6 9596/5/6
f 9596/5/6 9593/5/6 9597/5/6
f 9598/2/6 9599/2/6 9608/2/6
f 9608/2/6 9599/2/6 9609/2/6
f 9600/2/6 9601/2/6 9610/2/6
f 9610/2/6 9601/2/6 9611/2/6
f 9602/2/6 9603/2/6 9612/2/6
f 9612/2/6 9603/2/6 9613/2/6
f 9587/1/6 9588/1/6 9614/1/6
f 9614/1/6 9588/1/6 9615/1/6
f 9604/3/6 9605/3/6 9616/3/6
f 9616/3/6 9605/3/6 9617/3/6
f 9606/3/6 9607/3/6 9618/3/6
f 9618/3/6 9607/3/6 9619/3/6
f 9620/3/6 9621/3/6 9626/3/6
f 9626/3/6 9621/3/6 9627/3/6
f 9622/3/6 9623/3/6 9628/3/6
f 9628/3/6 9623/3/6 9629/3/6
f 9624/4/6 9625/4/6 9630/4/6
f 9630/4/6 9625/4/6 9631/4/6
f 9632/4/6 9633/4/6 9636/4/6
f 9636/4/6 9633/4/6 9637/4/6
f 9634/4/6 9635/4/6 9638/4/6
f 9638/4/6 9635/4/6 9639/4/6
f 9639/4/6 9635/4/6 9640/4/6
f 9641/5/6 9642/5/6 9643/5/6
f 9643/5/6 9642/5/6 9644/5/6
f 9644/5/6 9642/5/6 9645/5/6
f 9645/5/6 9646/5/6 9647/5/6
f 9644/5/6 9645/5/6 9647/5/6
f 9647/5/6 9646/5/6 9648/5/6
f 9648/5/6 9646/5/6 9649/5/6
f 9648/5/6 9649/5/6 9653/5/6
f 9649/5/6 9650/5/6 9653/5/6
f 9653/5/6 9650/5/6 9654/5/6
f 9654/5/6 9650/5/6 9655/5/6
f 9651/5/6 9652/5/6 9657/5/6
f 9657/5/6 9652/5/6 9658/5/6
f 9659/3/6 9660/3/6 9663/3/6
f 9663/3/6 9660/3/6 9664/3/6
f 9655/5/6 9656/5/6 9665/5/6
f 9654/5/6 9655/5/6 9665/5/6
f 9665/5/6 9656/5/6 9666/5/6
f 9666/5/6 9656/5/6 9667/5/6
f 9661/3/6 9662/3/6 9669/3/6
f 9669/3/6 9662/3/6 9670/3/6
f 9667/5/6 9668/5/6 9671/5/6
f 9666/5/6 9667/5/6 9671/5/6
f 9671/5/6 9668/5/6 9672/5/6
f 9672/5/6 9668/5/6 9674/5/6
f 9673/5/6 9674/5/6 9675/5/6
f 9675/5/6 9674/5/6 9676/5/6
f 9674/5/6 9668/5/6 9677/5/6
f 9676/5/6 9674/5/6 9677/5/6
f 9677/5/6 9668/5/6 9678/5/6
f 9676/5/6 9677/5/6 9679/5/6
f 9679/5/6 9677/5/6 9680/5/6
f 9681/2/6 9682/2/6 9694/2/6
f 9694/2/6 9682/2/6 9695/2/6
f 9683/2/6 9684/2/6 9697/2/6
f 9697/2/6 9684/2/6 9698/2/6
f 9685/3/6 9686/3/6 9699/3/6
f 9699/3/6 9686/3/6 9700/3/6
f 9687/3/6 9688/3/6 9701/3/6
f 9701/3/6 9688/3/6 9702/3/6
f 9689/4/6 9690/4/6 9703/4/6
f 9703/4/6 9690/4/6 9704/4/6
f 9692/4/6 9693/4/6 9705/4/6
f 9691/4/6 9692/4/6 9705/4/6
f 9705/4/6 9693/4/6 9706/4/6
f 9696/3/6 9697/3/6 9707/3/6
f 9707/3/6 9697/3/6 9708/3/6
f 9709/1/6 9710/1/6 9717/1/6
f 9711/3/6 9712/3/6 9718/3/6
f 9718/3/6 9712/3/6 9719/3/6
f 9713/3/6 9714/3/6 9721/3/6
f 9721/3/6 9714/3/6 9722/3/6
f 9715/3/6 9716/3/6 9723/3/6
f 9723/3/6 9716/3/6 9724/3/6
f 9709/1/6 9717/1/6 9731/1/6
f 9731/1/6 9717/1/6 9732/1/6
f 9725/3/6 9726/3/6 9733/3/6
f 9733/3/6 9726/3/6 9734/3/6
f 9727/3/6 9728/3/6 9735/3/6
f 9735/3/6 9728/3/6 9736/3/6
f 9729/5/6 9730/5/6 9737/5/6
f 9737/5/6 9730/5/6 9738/5/6
f 9739/5/6 9740/5/6 9743/5/6
f 9743/5/6 9740/5/6 9744/5/6
f 9741/5/6 9742/5/6 9746/5/6
f 9746/5/6 9742/5/6 9747/5/6
f 9744/5/6 9745/5/6 9748/5/6
f 9748/5/6 9745/5/6 9749/5/6
f 9750/3/6 9751/3/6 9752/3/6
f 9752/3/6 9751/3/6 9753/3/6
f 9754/5/6 9755/5/6 9756/5/6
f 9756/5/6 9755/5/6 9757/5/6
f 9731/3/6 9732/3/6 9758/3/6
f 9758/3/6 9732/3/6 9759/3/6
f 9760/5/6 9761/5/6 9769/5/6
f 9769/5/6 9761/5/6 9770/5/6
f 9758/1/6 9759/1/6 9771/1/6
f 9718/3/6 9719/3/6 9772/3/6
f 9719/2/6 9720/2/6 9773/2/6
f 9772/3/6 9719/3/6 9773/3/6
f 9773/2/6 9720/2/6 9774/2/6
f 9762/5/6 9763/5/6 9782/5/6
f 9782/5/6 9763/5/6 9783/5/6
f 9764/5/6 9765/5/6 9784/5/6
f 9784/5/6 9765/5/6 9785/5/6
f 9766/2/6 9767/2/6 9786/2/6
f 9786/2/6 9767/2/6 9787/2/6
f 9768/2/6 9769/2/6 9788/2/6
f 9788/2/6 9769/2/6 9789/2/6
f 9758/1/6 9771/1/6 9790/1/6
f 9790/1/6 9771/1/6 9791/1/6
f 9772/3/6 9773/3/6 9792/3/6
f 9792/3/6 9773/3/6 9793/3/6
f 9775/3/6 9776/3/6 9794/3/6
f 9794/3/6 9776/3/6 9795/3/6
f 9777/3/6 9778/3/6 9796/3/6
f 9796/3/6 9778/3/6 9797/3/6
f 9779/4/6 9780/4/6 9798/4/6
f 9798/4/6 9780/4/6 9799/4/6
f 9781/4/6 9782/4/6 9800/4/6
f 9800/4/6 9782/4/6 9801/4/6
f 9802/1/6 9803/1/6 9806/1/6
f 9806/1/6 9803/1/6 9807/1/6
f 9804/3/6 9805/3/6 9808/3/6
f 9808/3/6 9805/3/6 9809/3/6
f 9810/5/6 9811/5/6 9814/5/6
f 9814/5/6 9811/5/6 9815/5/6
f 9812/5/6 9813/5/6 9816/5/6
f 9816/5/6 9813/5/6 9817/5/6
f 9818/5/6 9819/5/6 9824/5/6
f 9824/5/6 9819/5/6 9825/5/6
f 9820/5/6 9821/5/6 9826/5/6
f 9826/5/6 9821/5/6 9827/5/6
f 9822/5/6 9823/5/6 9828/5/6
f 9828/5/6 9823/5/6 9829/5/6
f 9830/5/6 9831/5/6 9832/5/6
f 9830/5/6 9832/5/6 9836/5/6
f 9832/5/6 9833/5/6 9836/5/6
f 9836/5/6 9833/5/6 9837/5/6
f 9837/5/6 9833/5/6 9838/5/6
f 9834/5/6 9835/5/6 9842/5/6
f 9842/5/6 9835/5/6 9843/5/6
f 9838/5/6 9839/5/6 9844/5/6
f 9837/5/6 9838/5/6 9844/5/6
f 9844/5/6 9839/5/6 9845/5/6
f 9840/5/6 9841/5/6 9847/5/6
f 9847/5/6 9841/5/6 9848/5/6
f 9846/5/6 9847/5/6 9849/5/6
f 9849/5/6 9847/5/6 9850/5/6
f 9850/5/6 9851/5/6 9852/5/6
f 9852/5/6 9851/5/6 9853/5/6
f 9854/5/6 9855/5/6 9856/5/6
f 9854/5/6 9856/5/6 9860/5/6
f 9856/5/6 9857/5/6 9860/5/6
f 9860/5/6 9857/5/6 9861/5/6
f 9806/3/6 9807/3/6 9862/3/6
f 9862/3/6 9807/3/6 9863/3/6
f 9858/5/6 9859/5/6 9868/5/6
f 9868/5/6 9859/5/6 9869/5/6
f 9862/1/6 9863/1/6 9872/1/6
f 9872/1/6 9863/1/6 9873/1/6
f 9864/3/6 9865/3/6 9874/3/6
f 9874/3/6 9865/3/6 9875/3/6
f 9866/3/6 9867/3/6 9876/3/6
f 9876/3/6 9867/3/6 9877/3/6
f 9870/3/6 9871/3/6 9878/3/6
f 9878/3/6 9871/3/6 9879/3/6
f 9880/3/6 9881/3/6 9886/3/6
f 9886/3/6 9881/3/6 9887/3/6
f 9882/3/6 9883/3/6 9888/3/6
f 9888/3/6 9883/3/6 9889/3/6
f 9884/3/6 9885/3/6 9890/3/6
f 9890/3/6 9885/3/6 9891/3/6
f 9892/2/6 9893/2/6 9896/2/6
f 9896/2/6 9893/2/6 9897/2/6
f 9894/5/6 9895/5/6 9904/5/6
f 9904/5/6 9895/5/6 9905/5/6
f 9898/5/6 9899/5/6 9906/5/6
f 9906/5/6 9899/5/6 9907/5/6
f 9900/5/6 9901/5/6 9908/5/6
f 9908/5/6 9901/5/6 9909/5/6
f 9902/5/6 9903/5/6 9911/5/6
f 9910/5/6 9911/5/6 9912/5/6
f 9911/5/6 9903/5/6 9913/5/6
f 9912/5/6 9911/5/6 9913/5/6
f 9913/5/6 9903/5/6 9916/5/6
f 9916/5/6 9903/5/6 9917/5/6
f 9914/5/6 9915/5/6 9919/5/6
f 9919/5/6 9915/5/6 9920/5/6
f 9917/5/6 9918/5/6 9921/5/6
f 9921/5/6 9918/5/6 9922/5/6
f 9923/5/6 9924/5/6 9925/5/6
f 9925/5/6 9926/5/6 9927/5/6
f 9923/5/6 9925/5/6 9930/5/6
f 9927/5/6 9928/5/6 9930/5/6
f 9925/5/6 9927/5/6 9930/5/6
f 9930/5/6 9928/5/6 9931/5/6
f 9931/5/6 9928/5/6 9932/5/6
f 9929/5/6 9930/5/6 9934/5/6
f 9930/5/6 9931/5/6 9934/5/6
f 9934/5/6 9931/5/6 9935/5/6
f 9933/5/6 9934/5/6 9935/5/6
f 9935/5/6 9931/5/6 9936/5/6
f 9933/5/6 9935/5/6 9938/5/6
f 9937/5/6 9938/5/6 9946/5/6
f 9938/5/6 9935/5/6 9947/5/6
f 9946/5/6 9938/5/6 9947/5/6
f 9939/2/6 9940/2/6 9956/2/6
f 9956/2/6 9940/2/6 9957/2/6
f 9941/5/6 9942/5/6 9958/5/6
f 9958/5/6 9942/5/6 9959/5/6
f 9943/5/6 9944/5/6 9960/5/6
f 9960/5/6 9944/5/6 9961/5/6
f 9945/2/6 9946/2/6 9962/2/6
f 9946/2/6 9947/2/6 9962/2/6
f 9962/2/6 9947/2/6 9963/2/6
f 9948/3/6 9949/3/6 9964/3/6
f 9964/3/6 9949/3/6 9965/3/6
f 9950/3/6 9951/3/6 9966/3/6
f 9966/3/6 9951/3/6 9967/3/6
f 9952/3/6 9953/3/6 9968/3/6
f 9968/3/6 9953/3/6 9969/3/6
f 9954/3/6 9955/3/6 9970/3/6
f 9970/3/6 9955/3/6 9971/3/6
f 9974/3/6 9975/3/6 9980/3/6
f 9980/3/6 9975/3/6 9981/3/6
f 9976/4/6 9977/4/6 9982/4/6
f 9982/4/6 9977/4/6 9983/4/6
f 9978/3/6 9979/3/6 9986/3/6
f 9986/3/6 9979/3/6 9987/3/6
f 9972/1/6 9973/1/6 9991/1/6
f 9984/2/6 9985/2/6 9992/2/6
f 9992/2/6 9985/2/6 9993/2/6
f 9987/5/6 9988/5/6 9994/5/6
f 9986/5/6 9987/5/6 9994/5/6
f 9994/5/6 9988/5/6 9995/5/6
f 9989/2/6 9990/2/6 9997/2/6
f 9997/2/6 9990/2/6 9998/2/6
f 9995/5/6 9996/5/6 10001/5/6
f 10001/5/6 9996/5/6 10002/5/6
f 9997/5/6 9998/5/6 10004/5/6
f 10004/5/6 9998/5/6 10005/5/6
f 9999/5/6 10000/5/6 10006/5/6
f 10006/5/6 10000/5/6 10007/5/6
f 10002/5/6 10003/5/6 10008/5/6
f 10008/5/6 10003/5/6 10009/5/6
f 9972/1/6 9991/1/6 10010/1/6
f 10010/1/6 9991/1/6 10011/1/6
f 10012/5/6 10013/5/6 10015/5/6
f 10013/5/6 10014/5/6 10015/5/6
f 10015/5/6 10014/5/6 10016/5/6
f 10016/5/6 10014/5/6 10017/5/6
f 10017/5/6 10014/5/6 10018/5/6
f 10010/3/6 10011/3/6 10019/3/6
f 10019/3/6 10011/3/6 10020/3/6
f 10016/5/6 10017/5/6 10022/5/6
f 10022/5/6 10017/5/6 10023/5/6
f 10021/5/6 10022/5/6 10024/5/6
f 10024/5/6 10022/5/6 10025/5/6
f 10025/5/6 10022/5/6 10027/5/6
f 10027/5/6 10022/5/6 10028/5/6
f 10019/1/6 10020/1/6 10029/1/6
f 10026/5/6 10027/5/6 10036/5/6
f 10036/5/6 10027/5/6 10037/5/6
f 10030/5/6 10031/5/6 10040/5/6
f 10040/5/6 10031/5/6 10041/5/6
f 10032/2/6 10033/2/6 10042/2/6
f 10042/2/6 10033/2/6 10043/2/6
f 10034/5/6 10035/5/6 10046/5/6
f 10046/5/6 10035/5/6 10047/5/6
f 10019/1/6 10029/1/6 10048/1/6
f 10048/1/6 10029/1/6 10049/1/6
f 10038/3/6 10039/3/6 10050/3/6
f 10050/3/6 10039/3/6 10051/3/6
f 10044/4/6 10045/4/6 10052/4/6
f 10052/4/6 10045/4/6 10053/4/6
f 10056/3/6 10057/3/6 10064/3/6
f 10058/3/6 10059/3/6 10066/3/6
f 10066/3/6 10059/3/6 10067/3/6
f 10060/3/6 10061/3/6 10068/3/6
f 10068/3/6 10061/3/6 10069/3/6
f 10062/3/6 10063/3/6 10074/3/6
f 10074/3/6 10063/3/6 10075/3/6
f 10054/1/6 10055/1/6 10076/1/6
f 10076/1/6 10055/1/6 10077/1/6
f 10070/5/6 10071/5/6 10080/5/6
f 10080/5/6 10071/5/6 10081/5/6
f 10072/5/6 10073/5/6 10082/5/6
f 10082/5/6 10073/5/6 10083/5/6
f 10078/5/6 10079/5/6 10086/5/6
f 10086/5/6 10079/5/6 10087/5/6
f 10084/5/6 10085/5/6 10089/5/6
f 10089/5/6 10085/5/6 10090/5/6
f 10088/5/6 10089/5/6 10091/5/6
f 10091/5/6 10089/5/6 10092/5/6
f 10093/5/6 10094/5/6 10095/5/6
f 10095/5/6 10094/5/6 10096/5/6
f 10097/5/6 10098/5/6 10099/5/6
f 10099/5/6 10098/5/6 10100/5/6
f 10101/5/6 10102/5/6 10104/5/6
f 10104/5/6 10102/5/6 10105/5/6
f 10076/3/6 10077/3/6 10106/3/6
f 10106/3/6 10077/3/6 10107/3/6
f 10103/5/6 10104/5/6 10112/5/6
f 10112/5/6 10104/5/6 10113/5/6
f 10064/2/6 10065/2/6 10114/2/6
f 10056/3/6 10064/3/6 10114/3/6
f 10114/2/6 10065/2/6 10115/2/6
f 10108/2/6 10109/2/6 10120/2/6
f 10120/2/6 10109/2/6 10121/2/6
f 10110/5/6 10111/5/6 10124/5/6
f 10124/5/6 10111/5/6 10125/5/6
f 10106/1/6 10107/1/6 10128/1/6
f 10128/1/6 10107/1/6 10129/1/6
f 10056/3/6 10114/3/6 10130/3/6
f 10130/3/6 10114/3/6 10131/3/6
f 10116/3/6 10117/3/6 10132/3/6
f 10132/3/6 10117/3/6 10133/3/6
f 10118/3/6 10119/3/6 10134/3/6
f 10134/3/6 10119/3/6 10135/3/6
f 10122/3/6 10123/3/6 10136/3/6
f 10136/3/6 10123/3/6 10137/3/6
f 10126/3/6 10127/3/6 10138/3/6
f 10138/3/6 10127/3/6 10139/3/6
f 10142/3/6 10143/3/6 10146/3/6
f 10146/3/6 10143/3/6 10147/3/6
f 10144/3/6 10145/3/6 10150/3/6
f 10150/3/6 10145/3/6 10151/3/6
f 10148/5/6 10149/5/6 10158/5/6
f 10158/5/6 10149/5/6 10159/5/6
f 10152/5/6 10153/5/6 10160/5/6
f 10160/5/6 10153/5/6 10161/5/6
f 10154/5/6 10155/5/6 10163/5/6
f 10163/5/6 10155/5/6 10164/5/6
f 10156/5/6 10157/5/6 10165/5/6
f 10161/5/6 10162/5/6 10166/5/6
f 10166/5/6 10162/5/6 10167/5/6
f 10165/5/6 10157/5/6 10169/5/6
f 10169/5/6 10157/5/6 10170/5/6
f 10167/5/6 10168/5/6 10171/5/6
f 10171/5/6 10168/5/6 10172/5/6
f 10174/5/6 10175/5/6 10176/5/6
f 10173/5/6 10174/5/6 10176/5/6
f 10176/5/6 10175/5/6 10177/5/6
f 10177/5/6 10178/5/6 10180/5/6
f 10180/5/6 10178/5/6 10181/5/6
f 10179/5/6 10180/5/6 10182/5/6
f 10182/5/6 10180/5/6 10183/5/6
f 10184/5/6 10185/5/6 10188/5/6
f 10188/5/6 10185/5/6 10189/5/6
f 10186/5/6 10187/5/6 10190/5/6
f 10190/5/6 10187/5/6 10191/5/6
f 10192/5/6 10193/5/6 10195/5/6
f 10195/5/6 10193/5/6 10196/5/6
f 10194/5/6 10195/5/6 10197/5/6
f 10197/5/6 10195/5/6 10198/5/6
f 10199/2/6 10200/2/6 10207/2/6
f 10207/2/6 10200/2/6 10208/2/6
f 10140/3/6 10141/3/6 10209/3/6
f 10209/3/6 10141/3/6 10210/3/6
f 10201/3/6 10202/3/6 10211/3/6
f 10211/3/6 10202/3/6 10212/3/6
f 10203/3/6 10204/3/6 10213/3/6
f 10213/3/6 10204/3/6 10214/3/6
f 10205/1/6 10206/1/6 10215/1/6
f 10215/1/6 10206/1/6 10216/1/6
f 10217/3/6 10218/3/6 10221/3/6
f 10221/3/6 10218/3/6 10222/3/6
f 10219/1/6 10220/1/6 10223/1/6
f 10223/1/6 10220/1/6 10224/1/6
f 10224/5/6 10225/5/6 10226/5/6
f 10226/5/6 10225/5/6 10227/5/6
f 10228/5/6 10229/5/6 10232/5/6
f 10232/5/6 10229/5/6 10233/5/6
f 10230/5/6 10231/5/6 10234/5/6
f 10234/5/6 10235/5/6 10236/5/6
f 10230/5/6 10234/5/6 10236/5/6
f 10236/5/6 10235/5/6 10237/5/6
f 10238/5/6 10239/5/6 10244/5/6
f 10239/5/6 10240/5/6 10244/5/6
f 10244/5/6 10240/5/6 10245/5/6
f 10245/5/6 10240/5/6 10246/5/6
f 10241/5/6 10242/5/6 10248/5/6
f 10243/5/6 10244/5/6 10249/5/6
f 10244/5/6 10245/5/6 10249/5/6
f 10249/5/6 10245/5/6 10250/5/6
f 10250/5/6 10245/5/6 10251/5/6
f 10247/5/6 10248/5/6 10254/5/6
f 10248/5/6 10242/5/6 10255/5/6
f 10254/5/6 10248/5/6 10255/5/6
f 10250/5/6 10251/5/6 10256/5/6
f 10251/5/6 10252/5/6 10256/5/6
f 10256/5/6 10252/5/6 10257/5/6
f 10253/5/6 10254/5/6 10258/5/6
f 10255/5/6 10242/5/6 10259/5/6
f 10259/5/6 10242/5/6 10260/5/6
f 10253/5/6 10258/5/6 10264/5/6
f 10258/5/6 10259/5/6 10264/5/6
f 10260/5/6 10261/5/6 10264/5/6
f 10259/5/6 10260/5/6 10264/5/6
f 10264/5/6 10261/5/6 10265/5/6
f 10265/5/6 10261/5/6 10266/5/6
f 10266/5/6 10261/5/6 10267/5/6
f 10262/5/6 10263/5/6 10268/5/6
f 10268/5/6 10263/5/6 10269/5/6
f 10265/5/6 10266/5/6 10270/5/6
f 10270/5/6 10266/5/6 10271/5/6
f 10267/5/6 10268/5/6 10272/5/6
f 10272/5/6 10268/5/6 10273/5/6
f 10274/5/6 10275/5/6 10278/5/6
f 10278/5/6 10275/5/6 10279/5/6
f 10279/5/6 10275/5/6 10280/5/6
f 10276/5/6 10277/5/6 10284/5/6
f 10284/5/6 10277/5/6 10285/5/6
f 10281/5/6 10282/5/6 10290/5/6
f 10290/5/6 10282/5/6 10291/5/6
f 10283/2/6 10284/2/6 10294/2/6
f 10294/2/6 10284/2/6 10295/2/6
f 10286/3/6 10287/3/6 10296/3/6
f 10296/3/6 10287/3/6 10297/3/6
f 10288/1/6 10289/1/6 10298/1/6
f 10298/1/6 10289/1/6 10299/1/6
f 10292/3/6 10293/3/6 10300/3/6
f 10300/3/6 10293/3/6 10301/3/6
f 10304/3/6 10305/3/6 10306/3/6
f 10306/3/6 10305/3/6 10307/3/6
f 10302/1/6 10303/1/6 10316/1/6
f 10308/5/6 10309/5/6 10317/5/6
f 10317/5/6 10309/5/6 10318/5/6
f 10310/5/6 10311/5/6 10321/5/6
f 10321/5/6 10311/5/6 10322/5/6
f 10312/5/6 10313/5/6 10323/5/6
f 10323/5/6 10313/5/6 10324/5/6
f 10314/2/6 10315/2/6 10327/2/6
f 10327/2/6 10315/2/6 10328/2/6
f 10319/2/6 10320/2/6 10329/2/6
f 10329/2/6 10320/2/6 10330/2/6
f 10325/5/6 10326/5/6 10331/5/6
f 10331/5/6 10326/5/6 10332/5/6
f 10327/5/6 10328/5/6 10334/5/6
f 10334/5/6 10328/5/6 10335/5/6
f 10302/1/6 10316/1/6 10336/1/6
f 10336/1/6 10316/1/6 10337/1/6
f 10332/5/6 10333/5/6 10338/5/6
f 10338/5/6 10333/5/6 10339/5/6
f 10302/1/6 10336/1/6 10342/1/6
f 10336/3/6 10337/3/6 10343/3/6
f 10342/1/6 10336/1/6 10343/1/6
f 10340/5/6 10341/5/6 10344/5/6
f 10344/5/6 10341/5/6 10345/5/6
f 10340/5/6 10344/5/6 10348/5/6
f 10348/5/6 10344/5/6 10349/5/6
f 10349/5/6 10344/5/6 10350/5/6
f 10346/5/6 10347/5/6 10351/5/6
f 10351/5/6 10347/5/6 10352/5/6
f 10348/5/6 10349/5/6 10353/5/6
f 10346/5/6 10351/5/6 10356/5/6
f 10356/5/6 10351/5/6 10357/5/6
f 10353/5/6 10354/5/6 10358/5/6
f 10355/5/6 10356/5/6 10360/5/6
f 10360/5/6 10356/5/6 10361/5/6
f 10353/5/6 10358/5/6 10362/5/6
f 10358/5/6 10359/5/6 10362/5/6
f 10348/5/6 10353/5/6 10362/5/6
f 10362/5/6 10359/5/6 10363/5/6
f 10363/5/6 10359/5/6 10364/5/6
f 10364/5/6 10359/5/6 10365/5/6
f 10342/3/6 10343/3/6 10366/3/6
f 10343/3/6 10337/3/6 10367/3/6
f 10366/3/6 10343/3/6 10367/3/6
f 10363/5/6 10364/5/6 10371/5/6
f 10371/5/6 10364/5/6 10372/5/6
f 10366/1/6 10367/1/6 10373/1/6
f 10367/3/6 10337/3/6 10373/3/6
f 10373/3/6 10337/3/6 10374/3/6
f 10368/5/6 10369/5/6 10375/5/6
f 10370/5/6 10371/5/6 10376/5/6
f 10376/5/6 10371/5/6 10377/5/6
f 10375/5/6 10376/5/6 10377/5/6
f 10377/5/6 10371/5/6 10378/5/6
f 10373/1/6 10374/1/6 10379/1/6
f 10368/5/6 10375/5/6 10387/5/6
f 10375/5/6 10377/5/6 10387/5/6
f 10387/5/6 10377/5/6 10388/5/6
f 10380/2/6 10381/2/6 10393/2/6
f 10393/2/6 10381/2/6 10394/2/6
f 10382/5/6 10383/5/6 10395/5/6
f 10395/5/6 10383/5/6 10396/5/6
f 10385/5/6 10386/5/6 10397/5/6
f 10384/5/6 10385/5/6 10397/5/6
f 10397/5/6 10386/5/6 10398/5/6
f 10366/1/6 10373/1/6 10399/1/6
f 10373/1/6 10379/1/6 10399/1/6
f 10399/1/6 10379/1/6 10400/1/6
f 10389/3/6 10390/3/6 10401/3/6
f 10401/3/6 10390/3/6 10402/3/6
f 10391/3/6 10392/3/6 10403/3/6
f 10403/3/6 10392/3/6 10404/3/6
f 10405/1/6 10406/1/6 10411/1/6
f 10407/3/6 10408/3/6 10412/3/6
f 10412/3/6 10408/3/6 10413/3/6
f 10409/3/6 10410/3/6 10415/3/6
f 10415/3/6 10410/3/6 10416/3/6
f 10405/1/6 10411/1/6 10421/1/6
f 10421/1/6 10411/1/6 10422/1/6
f 10417/2/6 10418/2/6 10423/2/6
f 10423/2/6 10418/2/6 10424/2/6
f 10419/5/6 10420/5/6 10427/5/6
f 10427/5/6 10420/5/6 10428/5/6
f 10425/5/6 10426/5/6 10430/5/6
f 10430/5/6 10426/5/6 10431/5/6
f 10428/5/6 10429/5/6 10432/5/6
f 10427/5/6 10428/5/6 10432/5/6
f 10432/5/6 10429/5/6 10433/5/6
f 10433/5/6 10434/5/6 10436/5/6
f 10435/5/6 10436/5/6 10437/5/6
f 10436/5/6 10434/5/6 10438/5/6
f 10437/5/6 10436/5/6 10438/5/6
f 10439/5/6 10440/5/6 10443/5/6
f 10440/5/6 10441/5/6 10443/5/6
f 10442/5/6 10443/5/6 10446/5/6
f 10443/5/6 10441/5/6 10447/5/6
f 10446/5/6 10443/5/6 10447/5/6
f 10421/3/6 10422/3/6 10448/3/6
f 10448/3/6 10422/3/6 10449/3/6
f 10444/5/6 10445/5/6 10454/5/6
f 10454/5/6 10445/5/6 10455/5/6
f 10447/5/6 10441/5/6 10457/5/6
f 10457/5/6 10441/5/6 10458/5/6
f 10448/1/6 10449/1/6 10459/1/6
f 10412/3/6 10413/3/6 10460/3/6
f 10413/2/6 10414/2/6 10461/2/6
f 10460/3/6 10413/3/6 10461/3/6
f 10461/2/6 10414/2/6 10462/2/6
f 10450/2/6 10451/2/6 10465/2/6
f 10465/2/6 10451/2/6 10466/2/6
f 10452/2/6 10453/2/6 10467/2/6
f 10467/2/6 10453/2/6 10468/2/6
f 10456/5/6 10457/5/6 10469/5/6
f 10469/5/6 10457/5/6 10470/5/6
f 10448/1/6 10459/1/6 10471/1/6
f 10471/1/6 10459/1/6 10472/1/6
f 10460/3/6 10461/3/6 10473/3/6
f 10473/3/6 10461/3/6 10474/3/6
f 10463/3/6 10464/3/6 10475/3/6
f 10464/1/6 10465/1/6 10476/1/6
f 10475/3/6 10464/3/6 10476/3/6
f 10476/1/6 10465/1/6 10477/1/6
f 10478/1/6 10479/1/6 10484/1/6
f 10484/1/6 10479/1/6 10485/1/6
f 10480/3/6 10481/3/6 10486/3/6
f 10486/3/6 10481/3/6 10487/3/6
f 10482/3/6 10483/3/6 10490/3/6
f 10490/3/6 10483/3/6 10491/3/6
f 10488/2/6 10489/2/6 10494/2/6
f 10494/2/6 10489/2/6 10495/2/6
f 10492/5/6 10493/5/6 10496/5/6
f 10496/5/6 10493/5/6 10497/5/6
f 10497/5/6 10498/5/6 10501/5/6
f 10501/5/6 10498/5/6 10502/5/6
f 10499/5/6 10500/5/6 10503/5/6
f 10503/5/6 10500/5/6 10504/5/6
f 10505/5/6 10506/5/6 10507/5/6
f 10507/5/6 10506/5/6 10508/5/6
f 10508/5/6 10506/5/6 10509/5/6
f 10509/5/6 10506/5/6 10510/5/6
f 10511/5/6 10512/5/6 10513/5/6
f 10513/5/6 10512/5/6 10514/5/6
f 10511/5/6 10513/5/6 10515/5/6
f 10515/5/6 10513/5/6 10516/5/6
f 10517/5/6 10518/5/6 10519/5/6
f 10519/5/6 10518/5/6 10520/5/6
f 10521/5/6 10522/5/6 10523/5/6
f 10523/5/6 10522/5/6 10524/5/6
f 10484/3/6 10485/3/6 10525/3/6
f 10525/3/6 10485/3/6 10526/3/6
f 10525/1/6 10526/1/6 10527/1/6
f 10527/1/6 10526/1/6 10528/1/6
f 10533/2/6 10534/2/6 10537/2/6
f 10537/2/6 10534/2/6 10538/2/6
f 10535/5/6 10536/5/6 10539/5/6
f 10539/5/6 10536/5/6 10540/5/6
f 10529/1/6 10530/1/6 10541/1/6
f 10541/1/6 10530/1/6 10542/1/6
f 10541/3/6 10542/3/6 10545/3/6
f 10543/5/6 10544/5/6 10546/5/6
f 10546/5/6 10544/5/6 10547/5/6
f 10541/3/6 10545/3/6 10548/3/6
f 10549/5/6 10550/5/6 10551/5/6
f 10551/5/6 10550/5/6 10552/5/6
f 10541/3/6 10548/3/6 10553/3/6
f 10553/3/6 10548/3/6 10554/3/6
f 10555/5/6 10556/5/6 10557/5/6
f 10557/5/6 10556/5/6 10558/5/6
f 10531/2/6 10532/2/6 10563/2/6
f 10563/2/6 10532/2/6 10564/2/6
f 10559/2/6 10560/2/6 10569/2/6
f 10569/2/6 10560/2/6 10570/2/6
f 10561/5/6 10562/5/6 10571/5/6
f 10571/5/6 10562/5/6 10572/5/6
f 10553/1/6 10554/1/6 10573/1/6
f 10573/1/6 10554/1/6 10574/1/6
f 10565/1/6 10566/1/6 10575/1/6
f 10575/1/6 10566/1/6 10576/1/6
f 10567/1/6 10568/1/6 10577/1/6
f 10577/1/6 10568/1/6 10578/1/6
f 10582/3/6 10583/3/6 10584/3/6
f 10584/3/6 10583/3/6 10585/3/6
f 10586/5/6 10587/5/6 10588/5/6
f 10588/5/6 10587/5/6 10589/5/6
f 10579/1/6 10580/1/6 10590/1/6
f 10580/3/6 10581/3/6 10591/3/6
f 10590/1/6 10580/1/6 10591/1/6
f 10592/3/6 10593/3/6 10595/3/6
f 10594/5/6 10595/5/6 10596/5/6
f 10595/3/6 10593/3/6 10597/3/6
f 10596/5/6 10595/5/6 10597/5/6
f 10597/3/6 10593/3/6 10598/3/6
f 10579/1/6 10590/1/6 10599/1/6
f 10590/3/6 10591/3/6 10600/3/6
f 10599/1/6 10590/1/6 10600/1/6
f 10599/3/6 10600/3/6 10601/3/6
f 10600/3/6 10591/3/6 10602/3/6
f 10601/3/6 10600/3/6 10602/3/6
f 10603/5/6 10604/5/6 10607/5/6
f 10607/5/6 10604/5/6 10608/5/6
f 10605/5/6 10606/5/6 10609/5/6
f 10606/5/6 10607/5/6 10609/5/6
f 10607/5/6 10608/5/6 10609/5/6
f 10609/5/6 10608/5/6 10610/5/6
f 10610/5/6 10608/5/6 10611/5/6
f 10611/5/6 10608/5/6 10612/5/6
f 10601/1/6 10602/1/6 10613/1/6
f 10602/3/6 10591/3/6 10613/3/6
f 10591/3/6 10581/3/6 10614/3/6
f 10613/3/6 10591/3/6 10614/3/6
f 10610/5/6 10611/5/6 10615/5/6
f 10615/5/6 10611/5/6 10616/5/6
f 10617/5/6 10618/5/6 10622/5/6
f 10622/5/6 10618/5/6 10623/5/6
f 10619/2/6 10620/2/6 10627/2/6
f 10627/2/6 10620/2/6 10628/2/6
f 10621/5/6 10622/5/6 10631/5/6
f 10631/5/6 10622/5/6 10632/5/6
f 10601/1/6 10613/1/6 10633/1/6
f 10613/1/6 10614/1/6 10633/1/6
f 10614/3/6 10581/3/6 10634/3/6
f 10633/1/6 10614/1/6 10634/1/6
f 10634/3/6 10581/3/6 10635/3/6
f 10624/3/6 10625/3/6 10636/3/6
f 10625/1/6 10626/1/6 10637/1/6
f 10636/3/6 10625/3/6 10637/3/6
f 10637/1/6 10626/1/6 10638/1/6
f 10629/3/6 10630/3/6 10639/3/6
f 10639/3/6 10630/3/6 10640/3/6
f 10643/3/6 10644/3/6 10648/3/6
f 10645/3/6 10646/3/6 10651/3/6
f 10646/1/6 10647/1/6 10652/1/6
f 10651/3/6 10646/3/6 10652/3/6
f 10652/1/6 10647/1/6 10653/1/6
f 10654/2/6 10655/2/6 10660/2/6
f 10660/2/6 10655/2/6 10661/2/6
f 10657/3/6 10658/3/6 10662/3/6
f 10656/3/6 10657/3/6 10662/3/6
f 10659/5/6 10660/5/6 10664/5/6
f 10649/2/6 10650/2/6 10665/2/6
f 10661/3/6 10662/3/6 10666/3/6
f 10662/3/6 10658/3/6 10666/3/6
f 10666/3/6 10658/3/6 10667/3/6
f 10663/5/6 10664/5/6 10668/5/6
f 10660/2/6 10661/2/6 10669/2/6
f 10668/5/6 10664/5/6 10669/5/6
f 10664/5/6 10660/5/6 10669/5/6
f 10669/2/6 10661/2/6 10671/2/6
f 10661/3/6 10666/3/6 10672/3/6
f 10670/5/6 10671/5/6 10675/5/6
f 10672/3/6 10673/3/6 10676/3/6
f 10671/2/6 10661/2/6 10676/2/6
f 10661/3/6 10672/3/6 10676/3/6
f 10676/3/6 10673/3/6 10677/3/6
f 10665/2/6 10650/2/6 10678/2/6
f 10674/5/6 10675/5/6 10680/5/6
f 10675/5/6 10671/5/6 10681/5/6
f 10680/5/6 10675/5/6 10681/5/6
f 10671/2/6 10676/2/6 10682/2/6
f 10681/5/6 10671/5/6 10682/5/6
f 10682/2/6 10676/2/6 10683/2/6
f 10677/3/6 10673/3/6 10684/3/6
f 10684/3/6 10673/3/6 10685/3/6
f 10679/5/6 10680/5/6 10686/5/6
f 10680/5/6 10681/5/6 10686/5/6
f 10686/5/6 10681/5/6 10687/5/6
f 10687/5/6 10688/5/6 10689/5/6
f 10687/5/6 10689/5/6 10694/5/6
f 10689/2/6 10690/2/6 10694/2/6
f 10690/3/6 10691/3/6 10695/3/6
f 10694/2/6 10690/2/6 10695/2/6
f 10695/3/6 10691/3/6 10696/3/6
f 10678/2/6 10650/2/6 10699/2/6
f 10699/2/6 10650/2/6 10700/2/6
f 10692/2/6 10693/2/6 10703/2/6
f 10703/2/6 10693/2/6 10704/2/6
f 10687/5/6 10694/5/6 10707/5/6
f 10707/5/6 10694/5/6 10708/5/6
f 10641/3/6 10642/3/6 10709/3/6
f 10709/3/6 10642/3/6 10710/3/6
f 10643/3/6 10648/3/6 10711/3/6
f 10711/3/6 10648/3/6 10712/3/6
f 10697/1/6 10698/1/6 10713/1/6
f 10713/1/6 10698/1/6 10714/1/6
f 10701/3/6 10702/3/6 10715/3/6
f 10715/3/6 10702/3/6 10716/3/6
f 10705/1/6 10706/1/6 10717/1/6
f 10717/1/6 10706/1/6 10718/1/6
f 10719/1/6 10720/1/6 10727/1/6
f 10727/1/6 10720/1/6 10728/1/6
f 10721/3/6 10722/3/6 10729/3/6
f 10722/1/6 10723/1/6 10730/1/6
f 10729/3/6 10722/3/6 10730/3/6
f 10730/1/6 10723/1/6 10731/1/6
f 10724/1/6 10725/1/6 10732/1/6
f 10732/1/6 10725/1/6 10733/1/6
f 10733/2/6 10734/2/6 10741/2/6
f 10735/2/6 10736/2/6 10742/2/6
f 10737/3/6 10738/3/6 10743/3/6
f 10739/1/6 10740/1/6 10744/1/6
f 10744/1/6 10740/1/6 10745/1/6
f 10728/1/6 10720/1/6 10746/1/6
f 10726/3/6 10727/3/6 10746/3/6
f 10727/3/6 10728/3/6 10746/3/6
f 10746/1/6 10720/1/6 10747/1/6
f 10743/3/6 10738/3/6 10748/3/6
f 10748/3/6 10738/3/6 10749/3/6
f 10739/1/6 10744/1/6 10750/1/6
f 10750/1/6 10744/1/6 10751/1/6
f 10747/1/6 10720/1/6 10755/1/6
f 10746/3/6 10747/3/6 10755/3/6
f 10755/1/6 10720/1/6 10756/1/6
f 10741/2/6 10742/2/6 10757/2/6
f 10742/2/6 10736/2/6 10757/2/6
f 10753/3/6 10754/3/6 10758/3/6
f 10752/3/6 10753/3/6 10758/3/6
f 10758/3/6 10754/3/6 10759/3/6
f 10732/3/6 10733/3/6 10761/3/6
f 10741/2/6 10757/2/6 10762/2/6
f 10761/3/6 10733/3/6 10762/3/6
f 10733/2/6 10741/2/6 10762/2/6
f 10759/3/6 10760/3/6 10763/3/6
f 10758/3/6 10759/3/6 10763/3/6
f 10757/3/6 10758/3/6 10763/3/6
f 10763/3/6 10760/3/6 10764/3/6
f 10762/2/6 10757/2/6 10766/2/6
f 10757/3/6 10763/3/6 10767/3/6
f 10766/2/6 10757/2/6 10767/2/6
f 10767/3/6 10763/3/6 10768/3/6
f 10768/3/6 10763/3/6 10769/3/6
f 10769/3/6 10763/3/6 10770/3/6
f 10765/3/6 10766/3/6 10771/3/6
f 10766/2/6 10767/2/6 10772/2/6
f 10771/3/6 10766/3/6 10772/3/6
f 10772/2/6 10767/2/6 10773/2/6
f 10768/3/6 10769/3/6 10774/3/6
f 10755/3/6 10756/3/6 10775/3/6
f 10746/3/6 10755/3/6 10775/3/6
f 10775/3/6 10756/3/6 10776/3/6
f 10773/3/6 10774/3/6 10777/3/6
f 10772/2/6 10773/2/6 10777/2/6
f 10774/3/6 10769/3/6 10778/3/6
f 10777/3/6 10774/3/6 10778/3/6
f 10772/2/6 10777/2/6 10779/2/6
f 10726/3/6 10746/3/6 10781/3/6
f 10746/3/6 10775/3/6 10781/3/6
f 10775/1/6 10776/1/6 10782/1/6
f 10781/3/6 10775/3/6 10782/3/6
f 10772/2/6 10779/2/6 10783/2/6
f 10779/3/6 10780/3/6 10783/3/6
f 10783/3/6 10780/3/6 10784/3/6
f 10772/2/6 10783/2/6 10785/2/6
f 10785/2/6 10783/2/6 10786/2/6
f 10784/3/6 10780/3/6 10787/3/6
f 10787/3/6 10780/3/6 10788/3/6
f 10726/3/6 10781/3/6 10789/3/6
f 10781/1/6 10782/1/6 10790/1/6
f 10789/3/6 10781/3/6 10790/3/6
f 10782/1/6 10776/1/6 10791/1/6
f 10790/1/6 10782/1/6 10791/1/6
f 10786/2/6 10783/2/6 10794/2/6
f 10794/2/6 10783/2/6 10795/2/6
f 10788/3/6 10780/3/6 10797/3/6
f 10797/3/6 10780/3/6 10798/3/6
f 10726/3/6 10789/3/6 10799/3/6
f 10789/1/6 10790/1/6 10800/1/6
f 10799/3/6 10789/3/6 10800/3/6
f 10800/1/6 10790/1/6 10801/1/6
f 10792/3/6 10793/3/6 10802/3/6
f 10802/3/6 10793/3/6 10803/3/6
f 10795/1/6 10796/1/6 10804/1/6
f 10804/1/6 10796/1/6 10805/1/6
f 10806/1/6 10807/1/6 10811/1/6
f 10808/1/6 10809/1/6 10813/1/6
f 10813/1/6 10809/1/6 10814/1/6
f 10810/1/6 10811/1/6 10816/1/6
f 10811/1/6 10807/1/6 10817/1/6
f 10816/1/6 10811/1/6 10817/1/6
f 10814/1/6 10815/1/6 10818/1/6
f 10812/1/6 10813/1/6 10818/1/6
f 10813/1/6 10814/1/6 10818/1/6
f 10818/1/6 10815/1/6 10819/1/6
f 10810/1/6 10816/1/6 10820/1/6
f 10816/3/6 10817/3/6 10821/3/6
f 10820/1/6 10816/1/6 10821/1/6
f 10812/1/6 10818/1/6 10822/1/6
f 10818/3/6 10819/3/6 10823/3/6
f 10822/1/6 10818/1/6 10823/1/6
f 10823/3/6 10819/3/6 10824/3/6
f 10812/1/6 10822/1/6 10825/1/6
f 10825/1/6 10822/1/6 10826/1/6
f 10817/1/6 10807/1/6 10827/1/6
f 10821/3/6 10817/3/6 10827/3/6
f 10820/3/6 10821/3/6 10827/3/6
f 10827/1/6 10807/1/6 10828/1/6
f 10820/3/6 10827/3/6 10830/3/6
f 10827/3/6 10828/3/6 10830/3/6
f 10828/1/6 10829/1/6 10831/1/6
f 10830/3/6 10828/3/6 10831/3/6
f 10831/1/6 10829/1/6 10832/1/6
f 10830/1/6 10831/1/6 10835/1/6
f 10833/1/6 10834/1/6 10837/1/6
f 10837/1/6 10834/1/6 10838/1/6
f 10820/3/6 10830/3/6 10839/3/6
f 10839/3/6 10830/3/6 10840/3/6
f 10840/3/6 10830/3/6 10843/3/6
f 10839/1/6 10840/1/6 10843/1/6
f 10835/1/6 10836/1/6 10844/1/6
f 10843/3/6 10830/3/6 10844/3/6
f 10830/1/6 10835/1/6 10844/1/6
f 10841/1/6 10842/1/6 10845/1/6
f 10839/1/6 10843/1/6 10847/1/6
f 10843/1/6 10844/1/6 10847/1/6
f 10847/1/6 10844/1/6 10848/1/6
f 10845/1/6 10846/1/6 10849/1/6
f 10841/1/6 10845/1/6 10849/1/6
f 10849/1/6 10846/1/6 10850/1/6
f 10850/1/6 10846/1/6 10851/1/6
f 10848/1/6 10844/1/6 10853/1/6
f 10844/1/6 10836/1/6 10854/1/6
f 10853/1/6 10844/1/6 10854/1/6
f 10850/1/6 10851/1/6 10855/1/6
f 10851/1/6 10852/1/6 10855/1/6
f 10855/1/6 10852/1/6 10856/1/6
