# MagicaVoxel @ Ephtracy

# group
o 

# material
mtllib gusenica_2.mtl
usemtl palette

# normals
vn -1 0 0
vn 1 0 0
vn 0 0 1
vn 0 0 -1
vn 0 -1 0
vn 0 1 0

# texcoords
vt 0.0917969 0.5
vt 0.228516 0.5
vt 0.232422 0.5
vt 0.244141 0.5
vt 0.986328 0.5

# verts
v -3.2 3.9 0.2
v -3.2 3.9 -1.3
v -3.2 4.2 0.2
v -3.2 4.2 0.1
v -3.2 4.2 -1.2
v -3.2 4.2 -1.3
v -3.2 4.3 0.1
v -3.2 4.3 0
v -3.2 4.3 -1.1
v -3.2 4.3 -1.2
v -3.2 4.4 0
v -3.2 4.4 -0.1
v -3.2 4.4 -1
v -3.2 4.4 -1.1
v -3.2 4.5 0.2
v -3.2 4.5 -0.1
v -3.2 4.5 -1
v -3.2 4.5 -1.3
v -3.1 3.7 0.1
v -3.1 3.7 -1.2
v -3.1 3.9 0.1
v -3.1 3.9 -1.2
v -3.1 4.6 0.2
v -3.1 4.6 -1.3
v -3.1 4.7 0.2
v -3.1 4.7 -0.2
v -3.1 4.7 -0.9
v -3.1 4.7 -1.3
v -3.1 4.9 0.2
v -3.1 4.9 -0.2
v -3.1 4.9 -0.9
v -3.1 4.9 -1.3
v -3 4.5 0.1
v -3 4.5 -1.2
v -3 4.6 0.1
v -3 4.6 -1.2
v -3 4.9 0.2
v -3 4.9 0
v -3 4.9 -0.2
v -3 4.9 -0.9
v -3 4.9 -1.1
v -3 4.9 -1.3
v -3 5.1 0
v -3 5.1 -0.1
v -3 5.1 -1
v -3 5.1 -1.1
v -3 5.2 0.2
v -3 5.2 -0.1
v -3 5.2 -1
v -3 5.2 -1.3
v -2.8 5.5 0.2
v -2.8 5.5 0.1
v -2.8 5.5 -1.2
v -2.8 5.5 -1.3
v -2.8 5.6 0.2
v -2.8 5.6 0.1
v -2.8 5.6 -1.2
v -2.8 5.6 -1.3
v -2.7 5.2 0.1
v -2.7 5.2 -1.2
v -2.7 5.5 0.1
v -2.7 5.5 -1.2
v -2.7 5.6 0.2
v -2.7 5.6 0.1
v -2.7 5.6 0
v -2.7 5.6 -1.1
v -2.7 5.6 -1.2
v -2.7 5.6 -1.3
v -2.7 5.7 0
v -2.7 5.7 -0.1
v -2.7 5.7 -1
v -2.7 5.7 -1.1
v -2.7 5.8 0.2
v -2.7 5.8 -0.1
v -2.7 5.8 -1
v -2.7 5.8 -1.3
v -2.6 5.8 0.2
v -2.6 5.8 -0.1
v -2.6 5.8 -1
v -2.6 5.8 -1.3
v -2.6 5.9 -0.1
v -2.6 5.9 -0.2
v -2.6 5.9 -0.9
v -2.6 5.9 -1
v -2.6 6 0.2
v -2.6 6 -0.2
v -2.6 6 -0.9
v -2.6 6 -1.3
v -2.5 4 -0.5
v -2.5 4 -0.6
v -2.5 4.1 -0.5
v -2.5 4.1 -0.6
v -2.5 5.4 0.2
v -2.5 5.4 0.1
v -2.5 5.4 -1.2
v -2.5 5.4 -1.3
v -2.5 5.5 0.2
v -2.5 5.5 0.1
v -2.5 5.5 -1.2
v -2.5 5.5 -1.3
v -2.4 5.9 0.1
v -2.4 5.9 -1.2
v -2.4 6 0.2
v -2.4 6 0.1
v -2.4 6 0
v -2.4 6 -1.1
v -2.4 6 -1.2
v -2.4 6 -1.3
v -2.4 6.1 0
v -2.4 6.1 -0.3
v -2.4 6.1 -0.8
v -2.4 6.1 -1.1
v -2.4 6.2 0.2
v -2.4 6.2 -0.3
v -2.4 6.2 -0.8
v -2.4 6.2 -1.3
v -2.3 6.2 0.2
v -2.3 6.2 -0.3
v -2.3 6.2 -0.8
v -2.3 6.2 -1.3
v -2.3 6.3 -0.1
v -2.3 6.3 -0.3
v -2.3 6.3 -0.8
v -2.3 6.3 -1
v -2.3 6.4 0.2
v -2.3 6.4 -0.1
v -2.3 6.4 -1
v -2.3 6.4 -1.3
v -2.2 5.9 0.2
v -2.2 5.9 0.1
v -2.2 5.9 -1.2
v -2.2 5.9 -1.3
v -2.2 6 0.2
v -2.2 6 0.1
v -2.2 6 -1.2
v -2.2 6 -1.3
v -2.2 6.4 0.2
v -2.2 6.4 0.1
v -2.2 6.4 -0.1
v -2.2 6.4 -1
v -2.2 6.4 -1.2
v -2.2 6.4 -1.3
v -2.2 6.5 0.2
v -2.2 6.5 0.1
v -2.2 6.5 -1.2
v -2.2 6.5 -1.3
v -2.1 5.3 0.2
v -2.1 5.3 0.1
v -2.1 5.3 -1.2
v -2.1 5.3 -1.3
v -2.1 5.4 0.2
v -2.1 5.4 0.1
v -2.1 5.4 -1.2
v -2.1 5.4 -1.3
v -2 5.8 0.2
v -2 5.8 0.1
v -2 5.8 -1.2
v -2 5.8 -1.3
v -2 5.9 0.2
v -2 5.9 0.1
v -2 5.9 -1.2
v -2 5.9 -1.3
v -2 6.5 0.2
v -2 6.5 0.1
v -2 6.5 -1.2
v -2 6.5 -1.3
v -2 6.6 0.1
v -2 6.6 -0.3
v -2 6.6 -0.8
v -2 6.6 -1.2
v -2 6.7 0.2
v -2 6.7 -0.3
v -2 6.7 -0.8
v -2 6.7 -1.3
v -1.9 6.4 0.2
v -1.9 6.4 0.1
v -1.9 6.4 -1.2
v -1.9 6.4 -1.3
v -1.9 6.5 0.2
v -1.9 6.5 0.1
v -1.9 6.5 -1.2
v -1.9 6.5 -1.3
v -1.9 6.7 0.2
v -1.9 6.7 0
v -1.9 6.7 -0.3
v -1.9 6.7 -0.8
v -1.9 6.7 -1.1
v -1.9 6.7 -1.3
v -1.9 6.8 0.2
v -1.9 6.8 0
v -1.9 6.8 -1.1
v -1.9 6.8 -1.3
v -1.8 5.7 0.2
v -1.8 5.7 0.1
v -1.8 5.7 -1.2
v -1.8 5.7 -1.3
v -1.8 5.8 0.2
v -1.8 5.8 0.1
v -1.8 5.8 -1.2
v -1.8 5.8 -1.3
v -1.8 6.3 0.2
v -1.8 6.3 0.1
v -1.8 6.3 -1.2
v -1.8 6.3 -1.3
v -1.8 6.4 0.2
v -1.8 6.4 0.1
v -1.8 6.4 -1.2
v -1.8 6.4 -1.3
v -1.7 5.2 0.2
v -1.7 5.2 0.1
v -1.7 5.2 -1.2
v -1.7 5.2 -1.3
v -1.7 5.3 0.2
v -1.7 5.3 0.1
v -1.7 5.3 -1.2
v -1.7 5.3 -1.3
v -1.7 5.6 0.2
v -1.7 5.6 0.1
v -1.7 5.6 -1.2
v -1.7 5.6 -1.3
v -1.7 5.7 0.2
v -1.7 5.7 0.1
v -1.7 5.7 -1.2
v -1.7 5.7 -1.3
v -1.7 6.2 0.2
v -1.7 6.2 0.1
v -1.7 6.2 -1.2
v -1.7 6.2 -1.3
v -1.7 6.3 0.2
v -1.7 6.3 0.1
v -1.7 6.3 -1.2
v -1.7 6.3 -1.3
v -1.7 6.8 0.2
v -1.7 6.8 0
v -1.7 6.8 -1.1
v -1.7 6.8 -1.3
v -1.7 6.9 0.2
v -1.7 6.9 -1.3
v -1.6 6.1 0.2
v -1.6 6.1 0.1
v -1.6 6.1 -1.2
v -1.6 6.1 -1.3
v -1.6 6.2 0.2
v -1.6 6.2 0.1
v -1.6 6.2 -1.2
v -1.6 6.2 -1.3
v -1.5 5.5 0.2
v -1.5 5.5 0.1
v -1.5 5.5 -1.2
v -1.5 5.5 -1.3
v -1.5 5.6 0.2
v -1.5 5.6 0.1
v -1.5 5.6 -1.2
v -1.5 5.6 -1.3
v -1.5 6.9 0.2
v -1.5 6.9 0.1
v -1.5 6.9 -1.2
v -1.5 6.9 -1.3
v -1.5 7 0.1
v -1.5 7 -0.3
v -1.5 7 -0.8
v -1.5 7 -1.2
v -1.5 7.1 0.2
v -1.5 7.1 -0.3
v -1.5 7.1 -0.8
v -1.5 7.1 -1.3
v -1.4 6 0.2
v -1.4 6 0.1
v -1.4 6 -1.2
v -1.4 6 -1.3
v -1.4 6.1 0.2
v -1.4 6.1 0.1
v -1.4 6.1 -1.2
v -1.4 6.1 -1.3
v -1.4 6.8 0.2
v -1.4 6.8 0.1
v -1.4 6.8 -1.2
v -1.4 6.8 -1.3
v -1.4 6.9 0.2
v -1.4 6.9 0.1
v -1.4 6.9 -1.2
v -1.4 6.9 -1.3
v -1.3 5.1 0.2
v -1.3 5.1 0.1
v -1.3 5.1 -1.2
v -1.3 5.1 -1.3
v -1.3 5.2 0.2
v -1.3 5.2 0.1
v -1.3 5.2 -1.2
v -1.3 5.2 -1.3
v -1.3 5.4 0.2
v -1.3 5.4 0.1
v -1.3 5.4 -1.2
v -1.3 5.4 -1.3
v -1.3 5.5 0.2
v -1.3 5.5 0.1
v -1.3 5.5 -1.2
v -1.3 5.5 -1.3
v -1.3 5.9 0.2
v -1.3 5.9 0.1
v -1.3 5.9 -1.2
v -1.3 5.9 -1.3
v -1.3 6 0.2
v -1.3 6 0.1
v -1.3 6 -1.2
v -1.3 6 -1.3
v -1.3 6.6 0.2
v -1.3 6.6 0.1
v -1.3 6.6 -1.2
v -1.3 6.6 -1.3
v -1.3 6.7 0.2
v -1.3 6.7 0.1
v -1.3 6.7 -1.2
v -1.3 6.7 -1.3
v -1.3 6.8 0.2
v -1.3 6.8 0.1
v -1.3 6.8 -1.2
v -1.3 6.8 -1.3
v -1.3 7.1 0.2
v -1.3 7.1 0
v -1.3 7.1 -0.2
v -1.3 7.1 -0.9
v -1.3 7.1 -1.1
v -1.3 7.1 -1.3
v -1.3 7.2 0.2
v -1.3 7.2 0
v -1.3 7.2 -1.1
v -1.3 7.2 -1.3
v -1.2 5.8 0.2
v -1.2 5.8 0.1
v -1.2 5.8 -1.2
v -1.2 5.8 -1.3
v -1.2 5.9 0.2
v -1.2 5.9 0.1
v -1.2 5.9 -1.2
v -1.2 5.9 -1.3
v -1.2 6.5 0.2
v -1.2 6.5 0.1
v -1.2 6.5 -1.2
v -1.2 6.5 -1.3
v -1.2 6.6 0.2
v -1.2 6.6 0.1
v -1.2 6.6 -1.2
v -1.2 6.6 -1.3
v -1.2 7.2 0.2
v -1.2 7.2 0.1
v -1.2 7.2 0
v -1.2 7.2 -1.1
v -1.2 7.2 -1.2
v -1.2 7.2 -1.3
v -1.2 7.3 0.2
v -1.2 7.3 0.1
v -1.2 7.3 -1.2
v -1.2 7.3 -1.3
v -1.1 5.3 0.2
v -1.1 5.3 0.1
v -1.1 5.3 -1.2
v -1.1 5.3 -1.3
v -1.1 5.4 0.2
v -1.1 5.4 0.1
v -1.1 5.4 -1.2
v -1.1 5.4 -1.3
v -1.1 5.7 0.2
v -1.1 5.7 0.1
v -1.1 5.7 -1.2
v -1.1 5.7 -1.3
v -1.1 5.8 0.2
v -1.1 5.8 0.1
v -1.1 5.8 -1.2
v -1.1 5.8 -1.3
v -1.1 6.4 0.2
v -1.1 6.4 0.1
v -1.1 6.4 -1.2
v -1.1 6.4 -1.3
v -1.1 6.5 0.2
v -1.1 6.5 0.1
v -1.1 6.5 -1.2
v -1.1 6.5 -1.3
v -1 5.6 0.2
v -1 5.6 0.1
v -1 5.6 -1.2
v -1 5.6 -1.3
v -1 5.7 0.2
v -1 5.7 0.1
v -1 5.7 -1.2
v -1 5.7 -1.3
v -1 6.2 0.2
v -1 6.2 0.1
v -1 6.2 -1.2
v -1 6.2 -1.3
v -1 6.4 0.2
v -1 6.4 0.1
v -1 6.4 -1.2
v -1 6.4 -1.3
v -0.9 5.5 0.2
v -0.9 5.5 0.1
v -0.9 5.5 -0.1
v -0.9 5.5 -1
v -0.9 5.5 -1.2
v -0.9 5.5 -1.3
v -0.9 5.6 0.2
v -0.9 5.6 0.1
v -0.9 5.6 -1.2
v -0.9 5.6 -1.3
v -0.9 6.1 0.2
v -0.9 6.1 0.1
v -0.9 6.1 -1.2
v -0.9 6.1 -1.3
v -0.9 6.2 0.2
v -0.9 6.2 0.1
v -0.9 6.2 -1.2
v -0.9 6.2 -1.3
v -0.9 7.3 0.2
v -0.9 7.3 -0.2
v -0.9 7.3 -0.9
v -0.9 7.3 -1.3
v -0.9 7.4 0.2
v -0.9 7.4 -0.2
v -0.9 7.4 -0.9
v -0.9 7.4 -1.3
v -0.8 6 0.2
v -0.8 6 0.1
v -0.8 6 -1.2
v -0.8 6 -1.3
v -0.8 6.1 0.2
v -0.8 6.1 0.1
v -0.8 6.1 -1.2
v -0.8 6.1 -1.3
v -0.8 7 0.2
v -0.8 7 0.1
v -0.8 7 -1.2
v -0.8 7 -1.3
v -0.8 7.1 0.2
v -0.8 7.1 0.1
v -0.8 7.1 -1.2
v -0.8 7.1 -1.3
v -0.8 7.2 0.1
v -0.8 7.2 -1.2
v -0.8 7.3 0.2
v -0.8 7.3 0.1
v -0.8 7.3 -0.2
v -0.8 7.3 -0.9
v -0.8 7.3 -1.2
v -0.8 7.3 -1.3
v -0.8 7.4 0.2
v -0.8 7.4 -0.2
v -0.8 7.4 -0.5
v -0.8 7.4 -0.6
v -0.8 7.4 -0.9
v -0.8 7.4 -1.3
v -0.8 7.5 0.2
v -0.8 7.5 -0.5
v -0.8 7.5 -0.6
v -0.8 7.5 -1.3
v -0.7 5.8 0.2
v -0.7 5.8 0.1
v -0.7 5.8 -1.2
v -0.7 5.8 -1.3
v -0.7 5.9 0.2
v -0.7 5.9 0.1
v -0.7 5.9 -1.2
v -0.7 5.9 -1.3
v -0.7 6 0.2
v -0.7 6 0.1
v -0.7 6 -1.2
v -0.7 6 -1.3
v -0.7 6.8 0.2
v -0.7 6.8 0.1
v -0.7 6.8 -1.2
v -0.7 6.8 -1.3
v -0.7 7 0.2
v -0.7 7 0.1
v -0.7 7 -1.2
v -0.7 7 -1.3
v -0.6 5.7 0.2
v -0.6 5.7 -0.1
v -0.6 5.7 -0.2
v -0.6 5.7 -0.9
v -0.6 5.7 -1
v -0.6 5.7 -1.3
v -0.6 5.8 0.2
v -0.6 5.8 0.1
v -0.6 5.8 -0.1
v -0.6 5.8 -1
v -0.6 5.8 -1.2
v -0.6 5.8 -1.3
v -0.6 6.6 0.2
v -0.6 6.6 0.1
v -0.6 6.6 -1.2
v -0.6 6.6 -1.3
v -0.6 6.8 0.2
v -0.6 6.8 0.1
v -0.6 6.8 -1.2
v -0.6 6.8 -1.3
v -0.5 6.4 0.2
v -0.5 6.4 0.1
v -0.5 6.4 -1.2
v -0.5 6.4 -1.3
v -0.5 6.6 0.2
v -0.5 6.6 0.1
v -0.5 6.6 -1.2
v -0.5 6.6 -1.3
v -0.5 7.5 0.2
v -0.5 7.5 -1.3
v -0.5 7.6 0.2
v -0.5 7.6 -1.3
v -0.4 6.2 0.2
v -0.4 6.2 0.1
v -0.4 6.2 -1.2
v -0.4 6.2 -1.3
v -0.4 6.4 0.2
v -0.4 6.4 0.1
v -0.4 6.4 -1.2
v -0.4 6.4 -1.3
v -0.3 6 0.2
v -0.3 6 -0.3
v -0.3 6 -0.8
v -0.3 6 -1.3
v -0.3 6.1 0.2
v -0.3 6.1 0.1
v -0.3 6.1 -0.3
v -0.3 6.1 -0.8
v -0.3 6.1 -1.2
v -0.3 6.1 -1.3
v -0.3 6.2 0.2
v -0.3 6.2 0.1
v -0.3 6.2 -1.2
v -0.3 6.2 -1.3
v -0.3 7.5 0.2
v -0.3 7.5 -1.3
v -0.3 7.6 0.2
v -0.3 7.6 -1.3
v -0.2 7 0.2
v -0.2 7 0.1
v -0.2 7 -1.2
v -0.2 7 -1.3
v -0.2 7.4 0.1
v -0.2 7.4 -1.2
v -0.2 7.5 0.2
v -0.2 7.5 -1.3
v -0.2 7.6 0.2
v -0.2 7.6 -1.3
v -0.2 7.7 0.2
v -0.2 7.7 -1.3
v -0.0999999 6.7 0.2
v -0.0999999 6.7 0.1
v -0.0999999 6.7 -1.2
v -0.0999999 6.7 -1.3
v -0.0999999 7 0.2
v -0.0999999 7 0.1
v -0.0999999 7 -1.2
v -0.0999999 7 -1.3
v 0 6.4 0.2
v 0 6.4 0.1
v 0 6.4 -1.2
v 0 6.4 -1.3
v 0 6.5 0.2
v 0 6.5 0.1
v 0 6.5 -1.2
v 0 6.5 -1.3
v 0 6.7 0.2
v 0 6.7 0.1
v 0 6.7 -1.2
v 0 6.7 -1.3
v 0.1 6.2 0.2
v 0.1 6.2 -0.3
v 0.1 6.2 -0.8
v 0.1 6.2 -1.3
v 0.1 6.3 0.1
v 0.1 6.3 -0.3
v 0.1 6.3 -0.8
v 0.1 6.3 -1.2
v 0.1 6.4 0.2
v 0.1 6.4 0.1
v 0.1 6.4 -1.2
v 0.1 6.4 -1.3
v 0.3 7.4 0.2
v 0.3 7.4 0.1
v 0.3 7.4 -1.2
v 0.3 7.4 -1.3
v 0.3 7.6 0.1
v 0.3 7.6 -1.2
v 0.3 7.7 0.2
v 0.3 7.7 -0.1
v 0.3 7.7 -1
v 0.3 7.7 -1.3
v 0.3 7.8 0.2
v 0.3 7.8 -0.1
v 0.3 7.8 -1
v 0.3 7.8 -1.3
v 0.4 7 0.2
v 0.4 7 0.1
v 0.4 7 -1.2
v 0.4 7 -1.3
v 0.4 7.4 0.2
v 0.4 7.4 0.1
v 0.4 7.4 -1.2
v 0.4 7.4 -1.3
v 0.5 6.6 0.2
v 0.5 6.6 0.1
v 0.5 6.6 -1.2
v 0.5 6.6 -1.3
v 0.5 6.7 0.2
v 0.5 6.7 0.1
v 0.5 6.7 -1.2
v 0.5 6.7 -1.3
v 0.5 7 0.2
v 0.5 7 0.1
v 0.5 7 -1.2
v 0.5 7 -1.3
v 0.6 6.3 0.2
v 0.6 6.3 0.1
v 0.6 6.3 -1.2
v 0.6 6.3 -1.3
v 0.6 6.4 0.1
v 0.6 6.4 -1.2
v 0.6 6.6 0.2
v 0.6 6.6 0.1
v 0.6 6.6 -1.2
v 0.6 6.6 -1.3
v 1.1 6.3 0.2
v 1.1 6.3 -1.3
v 1.1 6.4 0.1
v 1.1 6.4 -1.2
v 1.1 6.7 0.2
v 1.1 6.7 0.1
v 1.1 6.7 -1.2
v 1.1 6.7 -1.3
v 1.1 7.1 0.2
v 1.1 7.1 0.1
v 1.1 7.1 -1.2
v 1.1 7.1 -1.3
v 1.2 7.1 0.2
v 1.2 7.1 0.1
v 1.2 7.1 -1.2
v 1.2 7.1 -1.3
v 1.2 7.7 0.1
v 1.2 7.7 -0.4
v 1.2 7.7 -0.6
v 1.2 7.7 -0.7
v 1.2 7.7 -1
v 1.2 7.7 -1.2
v 1.2 7.8 0.2
v 1.2 7.8 -0.4
v 1.2 7.8 -0.6
v 1.2 7.8 -0.7
v 1.2 7.8 -1
v 1.2 7.8 -1.3
v 1.6 6.2 0.2
v 1.6 6.2 0
v 1.6 6.2 -1.1
v 1.6 6.2 -1.3
v 1.6 6.3 0.1
v 1.6 6.3 0
v 1.6 6.3 -1.1
v 1.6 6.3 -1.2
v 1.6 6.4 0.2
v 1.6 6.4 0.1
v 1.6 6.4 -1.2
v 1.6 6.4 -1.3
v 1.6 6.6 0.2
v 1.6 6.6 0.1
v 1.6 6.6 -1.2
v 1.6 6.6 -1.3
v 1.6 6.8 0.1
v 1.6 6.8 0
v 1.6 6.9 0.1
v 1.6 6.9 0
v 1.7 6.6 0.2
v 1.7 6.6 0.1
v 1.7 6.6 -1.2
v 1.7 6.6 -1.3
v 1.7 6.9 0.2
v 1.7 6.9 0.1
v 1.7 6.9 -1.2
v 1.7 6.9 -1.3
v 1.7 7 -1.2
v 1.7 7 -1.3
v 1.8 6.9 0.2
v 1.8 6.9 0.1
v 1.8 7 0.1
v 1.8 7 -1.2
v 1.8 7 -1.3
v 1.8 7.6 0.2
v 1.8 7.6 0.1
v 1.8 7.6 -0.1
v 1.8 7.6 -1.2
v 1.8 7.7 0.1
v 1.8 7.7 -0.1
v 1.8 7.7 -1.2
v 1.8 7.7 -1.3
v 1.9 6.7 0.2
v 1.9 6.7 0.1
v 1.9 6.9 0.2
v 1.9 6.9 0.1
v 2 6.1 0.2
v 2 6.1 -0.1
v 2 6.1 -1
v 2 6.1 -1.3
v 2 6.2 0.1
v 2 6.2 -0.1
v 2 6.2 -1
v 2 6.2 -1.2
v 2 6.3 0.2
v 2 6.3 0.1
v 2 6.3 -1.2
v 2 6.3 -1.3
v 2.1 6 0.2
v 2.1 6 -0.1
v 2.1 6 -1
v 2.1 6 -1.3
v 2.1 6.1 0.2
v 2.1 6.1 -0.1
v 2.1 6.1 -1
v 2.1 6.1 -1.3
v 2.1 6.3 0.2
v 2.1 6.3 0.1
v 2.1 6.3 -1.2
v 2.1 6.3 -1.3
v 2.1 6.5 0.2
v 2.1 6.5 0.1
v 2.1 6.6 -1.2
v 2.1 6.6 -1.3
v 2.1 7.2 -0.9
v 2.1 7.2 -1
v 2.1 7.3 -0.9
v 2.1 7.3 -1
v 2.2 6.5 0.2
v 2.2 6.5 0.1
v 2.2 6.6 0.1
v 2.2 6.6 -1.2
v 2.2 6.6 -1.3
v 2.2 6.9 0.2
v 2.2 6.9 0.1
v 2.2 6.9 -1.2
v 2.2 6.9 -1.3
v 2.2 7.3 -1
v 2.2 7.3 -1.1
v 2.2 7.4 -1
v 2.2 7.4 -1.1
v 2.3 6.2 0.2
v 2.3 6.2 0.1
v 2.3 6.3 0.1
v 2.3 6.5 0.2
v 2.3 6.5 0.1
v 2.3 6.9 0.2
v 2.3 6.9 0.1
v 2.3 6.9 -0.6
v 2.3 6.9 -0.7
v 2.3 6.9 -1.2
v 2.3 6.9 -1.3
v 2.3 7 -0.6
v 2.3 7 -0.7
v 2.3 7.1 0.2
v 2.3 7.1 0.1
v 2.3 7.1 -1.2
v 2.3 7.1 -1.3
v 2.4 5.8 0.1
v 2.4 5.8 0
v 2.4 5.8 -1.1
v 2.4 5.8 -1.3
v 2.4 5.9 0.2
v 2.4 5.9 0.1
v 2.4 5.9 0
v 2.4 5.9 -1.1
v 2.4 5.9 -1.2
v 2.4 6 0.2
v 2.4 6 0.1
v 2.4 6 -1.2
v 2.4 6 -1.3
v 2.4 7 -0.4
v 2.4 7 -0.9
v 2.4 7.1 0.2
v 2.4 7.1 0.1
v 2.4 7.1 -0.4
v 2.4 7.1 -0.9
v 2.4 7.1 -1
v 2.4 7.1 -1.1
v 2.4 7.1 -1.2
v 2.4 7.1 -1.3
v 2.4 7.2 0.2
v 2.4 7.2 0.1
v 2.4 7.2 -0.9
v 2.4 7.2 -1
v 2.4 7.2 -1.1
v 2.4 7.2 -1.2
v 2.4 7.2 -1.3
v 2.5 5.7 0.1
v 2.5 5.7 -0.1
v 2.5 5.7 -1
v 2.5 5.7 -1.3
v 2.5 5.8 0.1
v 2.5 5.8 0
v 2.5 5.8 -0.1
v 2.5 5.8 -1
v 2.5 5.8 -1.1
v 2.5 5.8 -1.3
v 2.5 6 0.1
v 2.5 6 -1.2
v 2.5 6 -1.3
v 2.5 6.1 0.1
v 2.5 6.1 -1.2
v 2.5 6.1 -1.3
v 2.5 6.2 -1.2
v 2.5 6.2 -1.3
v 2.5 7.1 -0.3
v 2.5 7.1 -0.4
v 2.5 7.1 -0.7
v 2.5 7.1 -0.9
v 2.5 7.2 -0.3
v 2.5 7.2 -0.4
v 2.5 7.2 -0.7
v 2.5 7.2 -0.9
v 2.6 5.6 0
v 2.6 5.6 -0.2
v 2.6 5.6 -0.9
v 2.6 5.6 -1.3
v 2.6 5.7 0
v 2.6 5.7 -0.1
v 2.6 5.7 -0.2
v 2.6 5.7 -0.9
v 2.6 5.7 -1
v 2.6 5.7 -1.3
v 2.6 6 0.2
v 2.6 6 0.1
v 2.6 6.1 0.1
v 2.6 6.2 -1.2
v 2.6 6.2 -1.3
v 2.6 6.4 0.2
v 2.6 6.4 0.1
v 2.6 6.4 -1.2
v 2.6 6.4 -1.3
v 2.6 7 0.2
v 2.6 7 0.1
v 2.6 7 0
v 2.6 7.1 0.2
v 2.6 7.1 0.1
v 2.6 7.1 0
v 2.7 5.5 0.2
v 2.7 5.5 -0.2
v 2.7 5.5 -0.9
v 2.7 5.5 -1.3
v 2.7 5.6 0.2
v 2.7 5.6 0.1
v 2.7 5.6 0
v 2.7 5.6 -0.2
v 2.7 5.6 -0.9
v 2.7 5.6 -1.3
v 2.7 5.7 0.1
v 2.7 5.7 0
v 2.7 5.7 -0.2
v 2.7 5.7 -0.9
v 2.7 5.7 -1.2
v 2.7 5.7 -1.3
v 2.7 5.8 0.1
v 2.7 5.8 -1.2
v 2.7 5.8 -1.3
v 2.7 6.4 0.2
v 2.7 6.4 0.1
v 2.7 6.4 -1.2
v 2.7 6.4 -1.3
v 2.7 6.6 0.2
v 2.7 6.6 0.1
v 2.7 6.6 -1.2
v 2.7 6.6 -1.3
v 2.8 5.6 0.2
v 2.8 5.6 0.1
v 2.8 5.7 0.2
v 2.8 5.7 0.1
v 2.8 5.8 -1.2
v 2.8 5.8 -1.3
v 2.8 5.9 0.2
v 2.8 5.9 0.1
v 2.8 6 0.2
v 2.8 6 0.1
v 2.8 6 -1.2
v 2.8 6 -1.3
v 2.8 6.6 0.2
v 2.8 6.6 0.1
v 2.8 6.6 -1.2
v 2.8 6.6 -1.3
v 2.8 6.8 0.2
v 2.8 6.8 0.1
v 2.8 6.8 -1.2
v 2.8 6.8 -1.3
v 2.8 6.9 -0.1
v 2.8 6.9 -0.2
v 2.8 7 -0.1
v 2.8 7 -0.2
v 2.9 5.3 0.2
v 2.9 5.3 -0.1
v 2.9 5.3 -1
v 2.9 5.3 -1.3
v 2.9 5.5 0.2
v 2.9 5.5 0.1
v 2.9 5.5 -0.1
v 2.9 5.5 -1
v 2.9 5.5 -1.2
v 2.9 5.5 -1.3
v 2.9 6 -1.2
v 2.9 6 -1.3
v 2.9 6.1 -1.2
v 2.9 6.1 -1.3
v 2.9 6.8 0.2
v 2.9 6.8 0.1
v 2.9 6.9 0.2
v 2.9 6.9 0.1
v 2.9 6.9 -1.1
v 2.9 6.9 -1.2
v 2.9 7 -1.1
v 2.9 7 -1.2
v 3 5.1 0.2
v 3 5.1 -0.2
v 3 5.1 -0.9
v 3 5.1 -1.3
v 3 5.2 0.2
v 3 5.2 -0.2
v 3 5.2 -0.9
v 3 5.2 -1.3
v 3 5.5 0.1
v 3 5.5 -0.1
v 3 5.5 -1
v 3 5.5 -1.2
v 3 5.5 -1.3
v 3 5.6 0.1
v 3 5.6 -1.2
v 3 5.6 -1.3
v 3 5.8 0.2
v 3 5.8 0.1
v 3 5.9 0.2
v 3 5.9 0.1
v 3 6 0.2
v 3 6 0.1
v 3 6.1 0.2
v 3 6.1 0.1
v 3 6.5 0.1
v 3 6.5 0
v 3 6.6 0.1
v 3 6.6 0
v 3.1 4.8 0.2
v 3.1 4.8 -0.2
v 3.1 4.8 -0.9
v 3.1 4.8 -1.3
v 3.1 4.9 0
v 3.1 4.9 -0.2
v 3.1 4.9 -0.9
v 3.1 4.9 -1.1
v 3.1 5 0.2
v 3.1 5 0
v 3.1 5 -1.1
v 3.1 5 -1.3
v 3.1 5.2 0.2
v 3.1 5.2 0.1
v 3.1 5.2 -0.2
v 3.1 5.2 -0.9
v 3.1 5.2 -1.2
v 3.1 5.2 -1.3
v 3.1 5.3 0.2
v 3.1 5.3 0.1
v 3.1 5.3 -0.2
v 3.1 5.3 -0.9
v 3.1 5.3 -1.2
v 3.1 5.3 -1.3
v 3.1 6.1 -1.2
v 3.1 6.1 -1.3
v 3.1 6.2 0.2
v 3.1 6.2 0.1
v 3.1 6.3 0.2
v 3.1 6.3 0.1
v 3.1 6.3 -1.2
v 3.1 6.3 -1.3
v 3.1 6.6 -0.7
v 3.1 6.6 -0.8
v 3.1 6.7 -0.7
v 3.1 6.7 -0.8
v 3.2 4.1 0.2
v 3.2 4.1 -0.1
v 3.2 4.1 -1
v 3.2 4.1 -1.3
v 3.2 4.3 -0.1
v 3.2 4.3 -0.3
v 3.2 4.3 -0.8
v 3.2 4.3 -1
v 3.2 4.4 0.2
v 3.2 4.4 -0.3
v 3.2 4.4 -0.8
v 3.2 4.4 -1.3
v 3.2 4.7 0.2
v 3.2 4.7 -0.1
v 3.2 4.7 -1
v 3.2 4.7 -1.3
v 3.2 4.8 0.2
v 3.2 4.8 -0.1
v 3.2 4.8 -0.2
v 3.2 4.8 -0.9
v 3.2 4.8 -1
v 3.2 4.8 -1.3
v 3.2 5 0.1
v 3.2 5 0
v 3.2 5 -1.1
v 3.2 5 -1.2
v 3.2 5.1 0.1
v 3.2 5.1 -1.2
v 3.2 5.6 -1.2
v 3.2 5.6 -1.3
v 3.2 5.7 -1.2
v 3.2 5.7 -1.3
v 3.2 5.9 0.2
v 3.2 5.9 0.1
v 3.2 6 0.2
v 3.2 6 0.1
v 3.2 6.1 0.2
v 3.2 6.1 0.1
v 3.2 6.2 0.2
v 3.2 6.2 0.1
v 3.2 6.3 -1.2
v 3.2 6.3 -1.3
v 3.2 6.4 -1.2
v 3.2 6.4 -1.3
v 3.2 6.6 -0.2
v 3.2 6.6 -0.3
v 3.2 6.6 -0.6
v 3.2 6.6 -0.7
v 3.2 6.6 -1.1
v 3.2 6.6 -1.2
v 3.2 6.7 -0.2
v 3.2 6.7 -0.3
v 3.2 6.7 -0.6
v 3.2 6.7 -0.7
v 3.2 6.7 -1.1
v 3.2 6.7 -1.2
v 3.3 3.7 0.1
v 3.3 3.7 -1.2
v 3.3 4.1 0.1
v 3.3 4.1 -0.1
v 3.3 4.1 -1
v 3.3 4.1 -1.2
v 3.3 4.4 0.1
v 3.3 4.4 -0.3
v 3.3 4.4 -0.8
v 3.3 4.4 -1.2
v 3.3 4.7 0.1
v 3.3 4.7 -0.1
v 3.3 4.7 -1
v 3.3 4.7 -1.2
v 3.3 5.3 -1.2
v 3.3 5.3 -1.3
v 3.3 5.4 -1.2
v 3.3 5.4 -1.3
v 3.3 5.6 0.2
v 3.3 5.6 0.1
v 3.3 5.7 0.2
v 3.3 5.7 0.1
v 3.3 5.7 0
v 3.3 5.7 -1.2
v 3.3 5.7 -1.3
v 3.3 5.8 0.1
v 3.3 5.8 0
v 3.3 5.8 -1.2
v 3.3 5.8 -1.3
v 3.3 6.3 0
v 3.3 6.3 -0.1
v 3.3 6.4 0
v 3.3 6.4 -0.1
v 3.3 6.5 -0.2
v 3.3 6.5 -0.4
v 3.3 6.6 -0.2
v 3.3 6.6 -0.3
v 3.3 6.6 -0.4
v 3.3 6.6 -0.5
v 3.3 6.7 -0.4
v 3.3 6.7 -0.5
v 3.4 5.7 0.2
v 3.4 5.7 0.1
v 3.4 5.8 0.2
v 3.4 5.8 0.1
v 3.4 5.8 0
v 3.4 5.9 0.1
v 3.4 5.9 0
v 3.4 6.1 0
v 3.4 6.1 -0.1
v 3.4 6.2 0
v 3.4 6.2 -0.1
v 3.5 5.4 -1.2
v 3.5 5.4 -1.3
v 3.5 5.5 -1.2
v 3.5 5.5 -1.3
v 3.5 5.8 -1.2
v 3.5 5.8 -1.3
v 3.5 5.9 -1.2
v 3.5 5.9 -1.3
v 3.5 6 0
v 3.5 6 -0.1
v 3.5 6 -0.2
v 3.5 6.1 0
v 3.5 6.1 -0.2
v 3.6 5.8 0.1
v 3.6 5.8 0
v 3.6 5.9 0.1
v 3.6 5.9 0
v 3.6 5.9 -0.1
v 3.6 6 0
v 3.6 6 -0.1
v 3.6 6.1 -0.2
v 3.6 6.1 -0.3
v 3.6 6.2 -0.2
v 3.6 6.2 -0.3
v 3.6 6.3 -0.2
v 3.6 6.3 -0.3
v 3.7 5 -1.2
v 3.7 5 -1.3
v 3.7 5.1 -1.2
v 3.7 5.1 -1.3
v 3.7 6 -0.8
v 3.7 6 -0.9
v 3.7 6.1 -0.1
v 3.7 6.1 -0.2
v 3.7 6.1 -0.8
v 3.7 6.1 -0.9
v 3.7 6.2 -0.1
v 3.7 6.2 -0.2
v 3.8 4 0.2
v 3.8 4 0.1
v 3.8 4 -1.2
v 3.8 4 -1.3
v 3.8 4.1 0.2
v 3.8 4.1 0.1
v 3.8 4.1 -1.2
v 3.8 4.1 -1.3
v 3.8 5.8 -0.1
v 3.8 5.8 -0.2
v 3.8 5.9 -0.1
v 3.8 5.9 -0.2
v 3.8 6.1 0
v 3.8 6.1 -0.1
v 3.8 6.1 -0.4
v 3.8 6.1 -0.5
v 3.8 6.2 0
v 3.8 6.2 -0.1
v 3.8 6.2 -0.4
v 3.8 6.2 -0.5
v 3.9 4.3 0.2
v 3.9 4.3 0.1
v 3.9 4.4 0.2
v 3.9 4.4 0.1
v 3.9 4.6 0.2
v 3.9 4.6 0.1
v 3.9 4.6 -1.2
v 3.9 4.6 -1.3
v 3.9 4.7 0.2
v 3.9 4.7 0.1
v 3.9 4.7 -1.2
v 3.9 4.7 -1.3
v 3.9 6 0
v 3.9 6 -0.1
v 3.9 6.1 0
v 3.9 6.1 -0.1
v 4 5.5 0
v 4 5.5 -0.1
v 4 5.6 0
v 4 5.6 -0.1
v 4 5.6 -0.2
v 4 5.7 -0.1
v 4 5.7 -0.2
v 4.1 5.4 0.1
v 4.1 5.4 0
v 4.1 5.5 0.1
v 4.1 5.5 0
v 4.2 5.1 0.1
v 4.2 5.1 0
v 4.2 5.2 0.1
v 4.2 5.2 0
v 4.2 5.3 -0.5
v 4.2 5.3 -0.6
v 4.2 5.4 -0.5
v 4.2 5.4 -0.6
v 4.3 4.4 -1.2
v 4.3 4.4 -1.3
v 4.3 4.5 -1.2
v 4.3 4.5 -1.3
v 4.5 4.4 -1.2
v 4.5 4.4 -1.3
v 4.5 4.5 -0.5
v 4.5 4.5 -0.6
v 4.5 4.5 -1.2
v 4.5 4.5 -1.3
v 4.5 4.6 -0.5
v 4.5 4.6 -0.6
v 4.6 4 -0.5
v 4.6 4 -0.6
v 4.6 4.1 -0.5
v 4.6 4.1 -0.6
v 4.7 3.9 -1.2
v 4.7 3.9 -1.3
v 4.7 4 -1.2
v 4.7 4 -1.3
v 4.7 4.2 -0.3
v 4.7 4.2 -0.5
v 4.7 4.3 0.1
v 4.7 4.3 0
v 4.7 4.3 -0.3
v 4.7 4.3 -0.5
v 4.7 4.4 0.1
v 4.7 4.4 0
v 4.8 4.1 0.1
v 4.8 4.1 0
v 4.8 4.2 0.1
v 4.8 4.2 0
v 4.8 4.2 -0.8
v 4.8 4.2 -0.9
v 4.8 4.3 -0.8
v 4.8 4.3 -0.9
v 4.9 4.2 0.1
v 4.9 4.2 0
v 4.9 4.2 -0.7
v 4.9 4.2 -0.8
v 4.9 4.3 0.1
v 4.9 4.3 0
v 4.9 4.3 -0.6
v 4.9 4.3 -0.7
v 4.9 4.3 -0.8
v 4.9 4.4 -0.6
v 4.9 4.4 -0.7
v -2.7 3.9 0.2
v -2.7 3.9 0.1
v -2.7 3.9 -1.2
v -2.7 3.9 -1.3
v -2.7 4 0.2
v -2.7 4 0.1
v -2.7 4 -1.2
v -2.7 4 -1.3
v -2.6 4 -0.5
v -2.6 4 -0.6
v -2.6 4.1 -0.5
v -2.6 4.1 -0.6
v -2.5 5.9 0.2
v -2.5 5.9 -0.2
v -2.5 5.9 -0.9
v -2.5 5.9 -1.3
v -2.5 6 0.2
v -2.5 6 -0.2
v -2.5 6 -0.9
v -2.5 6 -1.3
v -2.3 4.4 0.2
v -2.3 4.4 0.1
v -2.3 4.4 -1.2
v -2.3 4.4 -1.3
v -2.3 4.5 0.2
v -2.3 4.5 0.1
v -2.3 4.5 -1.2
v -2.3 4.5 -1.3
v -2.3 5.1 0.2
v -2.3 5.1 0.1
v -2.3 5.1 -1.2
v -2.3 5.1 -1.3
v -2.3 5.2 0.2
v -2.3 5.2 0.1
v -2.3 5.2 -1.2
v -2.3 5.2 -1.3
v -2.3 5.8 0.2
v -2.3 5.8 0.1
v -2.3 5.8 -1.2
v -2.3 5.8 -1.3
v -2.3 5.9 0.2
v -2.3 5.9 0.1
v -2.3 5.9 -1.2
v -2.3 5.9 -1.3
v -2.1 5.7 0.2
v -2.1 5.7 0.1
v -2.1 5.7 -1.2
v -2.1 5.7 -1.3
v -2.1 5.8 0.2
v -2.1 5.8 0.1
v -2.1 5.8 -1.2
v -2.1 5.8 -1.3
v -2.1 6.4 0.2
v -2.1 6.4 0.1
v -2.1 6.4 -1.2
v -2.1 6.4 -1.3
v -2.1 6.5 0.2
v -2.1 6.5 0.1
v -2.1 6.5 -1.2
v -2.1 6.5 -1.3
v -2 6.3 0.2
v -2 6.3 0.1
v -2 6.3 -1.2
v -2 6.3 -1.3
v -2 6.4 0.2
v -2 6.4 0.1
v -2 6.4 -1.2
v -2 6.4 -1.3
v -1.9 4.6 0.2
v -1.9 4.6 0.1
v -1.9 4.6 -1.2
v -1.9 4.6 -1.3
v -1.9 4.7 0.2
v -1.9 4.7 0.1
v -1.9 4.7 -1.2
v -1.9 4.7 -1.3
v -1.9 5.6 0.2
v -1.9 5.6 0.1
v -1.9 5.6 -1.2
v -1.9 5.6 -1.3
v -1.9 5.7 0.2
v -1.9 5.7 0.1
v -1.9 5.7 -1.2
v -1.9 5.7 -1.3
v -1.9 6.2 0.2
v -1.9 6.2 0.1
v -1.9 6.2 -1.2
v -1.9 6.2 -1.3
v -1.9 6.3 0.2
v -1.9 6.3 0.1
v -1.9 6.3 -1.2
v -1.9 6.3 -1.3
v -1.8 4 0.2
v -1.8 4 0.1
v -1.8 4 -1.2
v -1.8 4 -1.3
v -1.8 4.1 0.2
v -1.8 4.1 0.1
v -1.8 4.1 -1.2
v -1.8 4.1 -1.3
v -1.8 5.5 0.2
v -1.8 5.5 0.1
v -1.8 5.5 -1.2
v -1.8 5.5 -1.3
v -1.8 5.6 0.2
v -1.8 5.6 0.1
v -1.8 5.6 -1.2
v -1.8 5.6 -1.3
v -1.8 6.1 0.2
v -1.8 6.1 0.1
v -1.8 6.1 -1.2
v -1.8 6.1 -1.3
v -1.8 6.2 0.2
v -1.8 6.2 0.1
v -1.8 6.2 -1.2
v -1.8 6.2 -1.3
v -1.7 5 0.2
v -1.7 5 0.1
v -1.7 5 -1.2
v -1.7 5 -1.3
v -1.7 5.1 0.2
v -1.7 5.1 0.1
v -1.7 5.1 -1.2
v -1.7 5.1 -1.3
v -1.7 6 0.2
v -1.7 6 0.1
v -1.7 6 -1.2
v -1.7 6 -1.3
v -1.7 6.1 0.2
v -1.7 6.1 0.1
v -1.7 6.1 -1.2
v -1.7 6.1 -1.3
v -1.6 5.9 0.2
v -1.6 5.9 0.1
v -1.6 5.9 -1.2
v -1.6 5.9 -1.3
v -1.6 6 0.2
v -1.6 6 0.1
v -1.6 6 -1.2
v -1.6 6 -1.3
v -1.6 6.8 0.2
v -1.6 6.8 -1.3
v -1.6 6.9 0.2
v -1.6 6.9 -1.3
v -1.5 5.4 0.2
v -1.5 5.4 0.1
v -1.5 5.4 -1.2
v -1.5 5.4 -1.3
v -1.5 5.5 0.2
v -1.5 5.5 0.1
v -1.5 5.5 -1.2
v -1.5 5.5 -1.3
v -1.5 5.8 0.2
v -1.5 5.8 0.1
v -1.5 5.8 -1.2
v -1.5 5.8 -1.3
v -1.5 5.9 0.2
v -1.5 5.9 0.1
v -1.5 5.9 -1.2
v -1.5 5.9 -1.3
v -1.5 6.7 0.2
v -1.5 6.7 0.1
v -1.5 6.7 -1.2
v -1.5 6.7 -1.3
v -1.5 6.8 0.2
v -1.5 6.8 0.1
v -1.5 6.8 -1.2
v -1.5 6.8 -1.3
v -1.4 6.5 0.2
v -1.4 6.5 0.1
v -1.4 6.5 -1.2
v -1.4 6.5 -1.3
v -1.4 6.7 0.2
v -1.4 6.7 0.1
v -1.4 6.7 -1.2
v -1.4 6.7 -1.3
v -1.3 3.7 0.1
v -1.3 3.7 -1.2
v -1.3 4.1 0.1
v -1.3 4.1 -0.1
v -1.3 4.1 -1
v -1.3 4.1 -1.2
v -1.3 4.4 0.1
v -1.3 4.4 -0.3
v -1.3 4.4 -0.8
v -1.3 4.4 -1.2
v -1.3 4.7 0.1
v -1.3 4.7 -0.1
v -1.3 4.7 -1
v -1.3 4.7 -1.2
v -1.3 5.3 0.2
v -1.3 5.3 0.1
v -1.3 5.3 -1.2
v -1.3 5.3 -1.3
v -1.3 5.4 0.2
v -1.3 5.4 0.1
v -1.3 5.4 -1.2
v -1.3 5.4 -1.3
v -1.3 5.7 0.2
v -1.3 5.7 0.1
v -1.3 5.7 -1.2
v -1.3 5.7 -1.3
v -1.3 5.8 0.2
v -1.3 5.8 0.1
v -1.3 5.8 -1.2
v -1.3 5.8 -1.3
v -1.3 6.4 0.2
v -1.3 6.4 0.1
v -1.3 6.4 -1.2
v -1.3 6.4 -1.3
v -1.3 6.5 0.2
v -1.3 6.5 0.1
v -1.3 6.5 -1.2
v -1.3 6.5 -1.3
v -1.2 4.1 0.2
v -1.2 4.1 -0.1
v -1.2 4.1 -1
v -1.2 4.1 -1.3
v -1.2 4.3 -0.1
v -1.2 4.3 -0.3
v -1.2 4.3 -0.8
v -1.2 4.3 -1
v -1.2 4.4 0.2
v -1.2 4.4 -0.3
v -1.2 4.4 -0.8
v -1.2 4.4 -1.3
v -1.2 4.7 0.2
v -1.2 4.7 -0.1
v -1.2 4.7 -1
v -1.2 4.7 -1.3
v -1.2 4.8 0.2
v -1.2 4.8 -0.1
v -1.2 4.8 -0.2
v -1.2 4.8 -0.9
v -1.2 4.8 -1
v -1.2 4.8 -1.3
v -1.2 5 0.1
v -1.2 5 0
v -1.2 5 -1.1
v -1.2 5 -1.2
v -1.2 5.1 0.1
v -1.2 5.1 -1.2
v -1.2 5.6 0.2
v -1.2 5.6 0.1
v -1.2 5.6 -1.2
v -1.2 5.6 -1.3
v -1.2 5.7 0.2
v -1.2 5.7 0.1
v -1.2 5.7 -1.2
v -1.2 5.7 -1.3
v -1.2 6.3 0.2
v -1.2 6.3 0.1
v -1.2 6.3 -1.2
v -1.2 6.3 -1.3
v -1.2 6.4 0.2
v -1.2 6.4 0.1
v -1.2 6.4 -1.2
v -1.2 6.4 -1.3
v -1.1 4.8 0.2
v -1.1 4.8 -0.2
v -1.1 4.8 -0.9
v -1.1 4.8 -1.3
v -1.1 4.9 0
v -1.1 4.9 -0.2
v -1.1 4.9 -0.9
v -1.1 4.9 -1.1
v -1.1 5 0.2
v -1.1 5 0
v -1.1 5 -1.1
v -1.1 5 -1.3
v -1.1 5.2 0.2
v -1.1 5.2 0.1
v -1.1 5.2 -0.2
v -1.1 5.2 -0.9
v -1.1 5.2 -1.2
v -1.1 5.2 -1.3
v -1.1 5.3 0.2
v -1.1 5.3 0.1
v -1.1 5.3 -0.2
v -1.1 5.3 -0.9
v -1.1 5.3 -1.2
v -1.1 5.3 -1.3
v -1.1 6.1 0.2
v -1.1 6.1 0.1
v -1.1 6.1 -1.2
v -1.1 6.1 -1.3
v -1.1 6.3 0.2
v -1.1 6.3 0.1
v -1.1 6.3 -1.2
v -1.1 6.3 -1.3
v -1.1 7.2 0.2
v -1.1 7.2 0.1
v -1.1 7.2 -1.2
v -1.1 7.2 -1.3
v -1.1 7.3 0.2
v -1.1 7.3 0.1
v -1.1 7.3 -1.2
v -1.1 7.3 -1.3
v -1 5.1 0.2
v -1 5.1 -0.2
v -1 5.1 -0.9
v -1 5.1 -1.3
v -1 5.2 0.2
v -1 5.2 -0.2
v -1 5.2 -0.9
v -1 5.2 -1.3
v -1 5.5 0.2
v -1 5.5 0.1
v -1 5.5 -0.1
v -1 5.5 -1
v -1 5.5 -1.2
v -1 5.5 -1.3
v -1 5.6 0.2
v -1 5.6 0.1
v -1 5.6 -1.2
v -1 5.6 -1.3
v -1 7 0.2
v -1 7 0.1
v -1 7 -1.2
v -1 7 -1.3
v -1 7.2 0.2
v -1 7.2 0.1
v -1 7.2 -1.2
v -1 7.2 -1.3
v -0.9 5.3 0.2
v -0.9 5.3 -0.1
v -0.9 5.3 -1
v -0.9 5.3 -1.3
v -0.9 5.5 0.2
v -0.9 5.5 0.1
v -0.9 5.5 -0.1
v -0.9 5.5 -1
v -0.9 5.5 -1.2
v -0.9 5.5 -1.3
v -0.9 6 0.2
v -0.9 6 0.1
v -0.9 6 -1.2
v -0.9 6 -1.3
v -0.9 6.1 0.2
v -0.9 6.1 0.1
v -0.9 6.1 -1.2
v -0.9 6.1 -1.3
v -0.9 6.8 0.2
v -0.9 6.8 0.1
v -0.9 6.8 -1.2
v -0.9 6.8 -1.3
v -0.9 7 0.2
v -0.9 7 0.1
v -0.9 7 -1.2
v -0.9 7 -1.3
v -0.8 5.8 0.2
v -0.8 5.8 0.1
v -0.8 5.8 -1.2
v -0.8 5.8 -1.3
v -0.8 6 0.2
v -0.8 6 0.1
v -0.8 6 -1.2
v -0.8 6 -1.3
v -0.8 6.6 0.2
v -0.8 6.6 0.1
v -0.8 6.6 -1.2
v -0.8 6.6 -1.3
v -0.8 6.8 0.2
v -0.8 6.8 0.1
v -0.8 6.8 -1.2
v -0.8 6.8 -1.3
v -0.7 5.5 0.2
v -0.7 5.5 -0.2
v -0.7 5.5 -0.9
v -0.7 5.5 -1.3
v -0.7 5.6 0.2
v -0.7 5.6 -0.2
v -0.7 5.6 -0.9
v -0.7 5.6 -1.3
v -0.7 5.7 0.2
v -0.7 5.7 0.1
v -0.7 5.7 -0.2
v -0.7 5.7 -0.9
v -0.7 5.7 -1.2
v -0.7 5.7 -1.3
v -0.7 5.8 0.2
v -0.7 5.8 0.1
v -0.7 5.8 -1.2
v -0.7 5.8 -1.3
v -0.7 6.4 0.2
v -0.7 6.4 0.1
v -0.7 6.4 -1.2
v -0.7 6.4 -1.3
v -0.7 6.6 0.2
v -0.7 6.6 0.1
v -0.7 6.6 -1.2
v -0.7 6.6 -1.3
v -0.6 5.6 0.2
v -0.6 5.6 -0.2
v -0.6 5.6 -0.9
v -0.6 5.6 -1.3
v -0.6 5.7 0.2
v -0.6 5.7 -0.1
v -0.6 5.7 -0.2
v -0.6 5.7 -0.9
v -0.6 5.7 -1
v -0.6 5.7 -1.3
v -0.6 6.2 0.2
v -0.6 6.2 0.1
v -0.6 6.2 -1.2
v -0.6 6.2 -1.3
v -0.6 6.4 0.2
v -0.6 6.4 0.1
v -0.6 6.4 -1.2
v -0.6 6.4 -1.3
v -0.5 5.7 0.2
v -0.5 5.7 -0.1
v -0.5 5.7 -1
v -0.5 5.7 -1.3
v -0.5 5.8 0.2
v -0.5 5.8 0
v -0.5 5.8 -0.1
v -0.5 5.8 -1
v -0.5 5.8 -1.1
v -0.5 5.8 -1.3
v -0.5 6 0.2
v -0.5 6 0.1
v -0.5 6 -1.2
v -0.5 6 -1.3
v -0.5 6.1 0.2
v -0.5 6.1 0.1
v -0.5 6.1 -1.2
v -0.5 6.1 -1.3
v -0.5 6.2 0.2
v -0.5 6.2 0.1
v -0.5 6.2 -1.2
v -0.5 6.2 -1.3
v -0.4 5.8 0.2
v -0.4 5.8 0
v -0.4 5.8 -1.1
v -0.4 5.8 -1.3
v -0.4 5.9 0.1
v -0.4 5.9 0
v -0.4 5.9 -1.1
v -0.4 5.9 -1.2
v -0.4 6 0.2
v -0.4 6 0.1
v -0.4 6 -1.2
v -0.4 6 -1.3
v -0.4 7.1 0.2
v -0.4 7.1 0.1
v -0.4 7.1 -1.2
v -0.4 7.1 -1.3
v -0.4 7.4 0.1
v -0.4 7.4 -1.2
v -0.4 7.6 0.2
v -0.4 7.6 -1.3
v -0.3 6.9 0.2
v -0.3 6.9 0.1
v -0.3 6.9 -1.2
v -0.3 6.9 -1.3
v -0.3 7.1 0.2
v -0.3 7.1 0.1
v -0.3 7.1 -1.2
v -0.3 7.1 -1.3
v -0.2 6.6 0.2
v -0.2 6.6 0.1
v -0.2 6.6 -1.2
v -0.2 6.6 -1.3
v -0.2 6.9 0.2
v -0.2 6.9 0.1
v -0.2 6.9 -1.2
v -0.2 6.9 -1.3
v -0.0999999 6 0.2
v -0.0999999 6 -0.1
v -0.0999999 6 -1
v -0.0999999 6 -1.3
v -0.0999999 6.1 0.2
v -0.0999999 6.1 -0.1
v -0.0999999 6.1 -1
v -0.0999999 6.1 -1.3
v -0.0999999 6.3 0.2
v -0.0999999 6.3 0.1
v -0.0999999 6.3 -1.2
v -0.0999999 6.3 -1.3
v -0.0999999 6.6 0.2
v -0.0999999 6.6 0.1
v -0.0999999 6.6 -1.2
v -0.0999999 6.6 -1.3
v 0 6.1 0.2
v 0 6.1 -0.1
v 0 6.1 -1
v 0 6.1 -1.3
v 0 6.2 0.1
v 0 6.2 -0.1
v 0 6.2 -1
v 0 6.2 -1.2
v 0 6.3 0.2
v 0 6.3 0.1
v 0 6.3 -1.2
v 0 6.3 -1.3
v 0.2 7 0.2
v 0.2 7 0.1
v 0.2 7 -1.2
v 0.2 7 -1.3
v 0.2 7.6 0.1
v 0.2 7.6 -0.3
v 0.2 7.6 -0.8
v 0.2 7.6 -1.2
v 0.2 7.7 0.2
v 0.2 7.7 -0.3
v 0.2 7.7 -0.8
v 0.2 7.7 -1.3
v 0.3 6.6 0.2
v 0.3 6.6 0.1
v 0.3 6.6 -1.2
v 0.3 6.6 -1.3
v 0.3 6.9 0.2
v 0.3 6.9 0.1
v 0.3 6.9 -1.2
v 0.3 6.9 -1.3
v 0.3 7 0.2
v 0.3 7 0.1
v 0.3 7 -1.2
v 0.3 7 -1.3
v 0.4 6.2 0.2
v 0.4 6.2 0
v 0.4 6.2 -1.1
v 0.4 6.2 -1.3
v 0.4 6.3 0.1
v 0.4 6.3 0
v 0.4 6.3 -1.1
v 0.4 6.3 -1.2
v 0.4 6.4 0.2
v 0.4 6.4 0.1
v 0.4 6.4 -1.2
v 0.4 6.4 -1.3
v 0.4 6.6 0.2
v 0.4 6.6 0.1
v 0.4 6.6 -1.2
v 0.4 6.6 -1.3
v 0.7 7.7 -0.6
v 0.7 7.7 -0.7
v 0.7 7.8 -0.6
v 0.7 7.8 -0.7
v 0.8 7.1 0.2
v 0.8 7.1 0.1
v 0.8 7.1 -1.2
v 0.8 7.1 -1.3
v 0.8 7.7 0.1
v 0.8 7.7 -0.6
v 0.8 7.7 -0.7
v 0.8 7.7 -1.2
v 0.8 7.8 0.2
v 0.8 7.8 -0.6
v 0.8 7.8 -0.7
v 0.8 7.8 -1.3
v 0.9 6.3 0.2
v 0.9 6.3 -1.3
v 0.9 6.4 0.1
v 0.9 6.4 -1.2
v 0.9 6.7 0.2
v 0.9 6.7 0.1
v 0.9 6.7 -1.2
v 0.9 6.7 -1.3
v 0.9 7.1 0.2
v 0.9 7.1 0.1
v 0.9 7.1 -1.2
v 0.9 7.1 -1.3
v 1.3 7.7 -0.2
v 1.3 7.7 -0.4
v 1.3 7.7 -0.6
v 1.3 7.7 -0.7
v 1.3 7.8 -0.2
v 1.3 7.8 -0.4
v 1.3 7.8 -0.6
v 1.3 7.8 -0.7
v 1.4 6.3 0.2
v 1.4 6.3 0.1
v 1.4 6.3 -1.2
v 1.4 6.3 -1.3
v 1.4 6.4 0.1
v 1.4 6.4 -1.2
v 1.4 6.6 0.2
v 1.4 6.6 0.1
v 1.4 6.6 -1.2
v 1.4 6.6 -1.3
v 1.4 6.8 0.2
v 1.4 6.8 0.1
v 1.4 6.9 0.2
v 1.4 6.9 0.1
v 1.4 7.7 -1
v 1.4 7.7 -1.1
v 1.4 7.8 -1
v 1.4 7.8 -1.1
v 1.5 6.6 0.2
v 1.5 6.6 0.1
v 1.5 6.6 -1.2
v 1.5 6.6 -1.3
v 1.5 6.7 0.2
v 1.5 6.7 0.1
v 1.5 6.7 -1.2
v 1.5 6.7 -1.3
v 1.5 6.8 0.2
v 1.5 6.8 0.1
v 1.5 6.8 0
v 1.5 6.9 0.2
v 1.5 6.9 0.1
v 1.5 6.9 0
v 1.5 7 0.1
v 1.5 7 -1.2
v 1.5 7 -1.3
v 1.5 7.2 0.2
v 1.5 7.2 0.1
v 1.5 7.6 -0.2
v 1.5 7.6 -0.4
v 1.5 7.6 -0.6
v 1.5 7.6 -0.8
v 1.5 7.7 0.2
v 1.5 7.7 0.1
v 1.5 7.7 -0.2
v 1.5 7.7 -0.4
v 1.5 7.7 -0.6
v 1.5 7.7 -0.8
v 1.5 7.7 -1.1
v 1.5 7.7 -1.2
v 1.5 7.8 0.2
v 1.5 7.8 0.1
v 1.5 7.8 -1.1
v 1.5 7.8 -1.2
v 1.6 7 -1.2
v 1.6 7 -1.3
v 1.6 7.2 0.2
v 1.6 7.2 0.1
v 1.6 7.4 0.2
v 1.6 7.4 0.1
v 1.6 7.4 -1.2
v 1.6 7.4 -1.3
v 1.6 7.6 0.2
v 1.6 7.6 0.1
v 1.6 7.6 -0.1
v 1.6 7.6 -0.2
v 1.6 7.6 -0.5
v 1.6 7.6 -0.6
v 1.6 7.6 -0.8
v 1.6 7.6 -1.2
v 1.6 7.6 -1.3
v 1.6 7.7 0.2
v 1.6 7.7 0.1
v 1.6 7.7 0
v 1.6 7.7 -0.1
v 1.6 7.7 -0.5
v 1.6 7.7 -0.6
v 1.6 7.7 -0.8
v 1.6 7.7 -1.2
v 1.6 7.7 -1.3
v 1.6 7.8 0.1
v 1.6 7.8 0
v 1.6 7.8 -0.2
v 1.7 7.4 0.2
v 1.7 7.4 0.1
v 1.7 7.4 -1.2
v 1.7 7.4 -1.3
v 1.7 7.6 0.2
v 1.7 7.6 0.1
v 1.7 7.6 -0.1
v 1.7 7.6 -0.4
v 1.7 7.6 -0.5
v 1.7 7.6 -1.2
v 1.7 7.6 -1.3
v 1.7 7.7 0.1
v 1.7 7.7 -0.1
v 1.7 7.7 -0.4
v 1.7 7.7 -0.5
v 1.7 7.7 -1.2
v 1.7 7.7 -1.3
v 1.7 7.8 -1.2
v 1.7 7.8 -1.3
v 1.8 6.7 0.2
v 1.8 6.7 0.1
v 1.8 6.9 0.2
v 1.8 6.9 0.1
v 1.8 7.5 -0.9
v 1.8 7.5 -1
v 1.8 7.6 -0.9
v 1.8 7.6 -1
v 1.9 6.2 0.2
v 1.9 6.2 -0.3
v 1.9 6.2 -0.8
v 1.9 6.2 -1.3
v 1.9 6.3 0.1
v 1.9 6.3 -0.3
v 1.9 6.3 -0.8
v 1.9 6.3 -1.2
v 1.9 6.4 0.1
v 1.9 6.4 -1.2
v 1.9 6.4 -1.3
v 1.9 6.5 0.2
v 1.9 6.5 0.1
v 1.9 6.7 0.2
v 1.9 6.7 0.1
v 1.9 7.5 -1.1
v 1.9 7.5 -1.2
v 1.9 7.5 -1.3
v 1.9 7.6 0
v 1.9 7.6 -0.1
v 1.9 7.6 -1.1
v 1.9 7.6 -1.2
v 1.9 7.7 0
v 1.9 7.7 -0.1
v 1.9 7.7 -1.2
v 1.9 7.7 -1.3
v 2 6.4 -1.2
v 2 6.4 -1.3
v 2 6.5 -1.2
v 2 6.5 -1.3
v 2 6.7 -1.2
v 2 6.7 -1.3
v 2 7.2 -0.9
v 2 7.2 -1
v 2 7.3 0.2
v 2 7.3 0.1
v 2 7.3 -0.8
v 2 7.3 -0.9
v 2 7.3 -1
v 2 7.3 -1.2
v 2 7.4 0.2
v 2 7.4 0.1
v 2 7.4 -0.4
v 2 7.4 -0.5
v 2 7.4 -0.6
v 2 7.4 -0.8
v 2 7.4 -1
v 2 7.4 -1.1
v 2 7.4 -1.2
v 2 7.4 -1.3
v 2 7.5 0.2
v 2 7.5 0.1
v 2 7.5 0
v 2 7.5 -0.3
v 2 7.5 -0.4
v 2 7.5 -0.5
v 2 7.5 -0.6
v 2 7.5 -0.9
v 2 7.5 -1
v 2 7.5 -1.1
v 2 7.5 -1.2
v 2 7.5 -1.3
v 2 7.6 0.2
v 2 7.6 0.1
v 2 7.6 0
v 2 7.6 -0.3
v 2 7.6 -0.5
v 2 7.6 -1
v 2 7.6 -1.1
v 2 7.7 0.1
v 2 7.7 0
v 2.1 6.7 0.2
v 2.1 6.7 0.1
v 2.1 6.7 -1.2
v 2.1 6.7 -1.3
v 2.1 7 0.2
v 2.1 7 0.1
v 2.1 7 -1.2
v 2.1 7 -1.3
v 2.1 7.1 -0.4
v 2.1 7.1 -0.7
v 2.1 7.2 -0.4
v 2.1 7.2 -0.7
v 2.1 7.2 -1.2
v 2.1 7.2 -1.3
v 2.1 7.3 0.1
v 2.1 7.3 0
v 2.1 7.3 -0.4
v 2.1 7.3 -0.8
v 2.1 7.3 -1.2
v 2.1 7.4 0.2
v 2.1 7.4 0.1
v 2.1 7.4 0
v 2.1 7.4 -0.1
v 2.1 7.4 -0.4
v 2.1 7.4 -0.5
v 2.1 7.4 -0.6
v 2.1 7.4 -0.8
v 2.1 7.4 -1
v 2.1 7.4 -1.1
v 2.1 7.4 -1.2
v 2.1 7.4 -1.3
v 2.1 7.5 0.2
v 2.1 7.5 0.1
v 2.1 7.5 0
v 2.1 7.5 -0.1
v 2.1 7.5 -0.3
v 2.1 7.5 -0.5
v 2.1 7.5 -0.6
v 2.1 7.5 -0.9
v 2.1 7.5 -1
v 2.1 7.5 -1.1
v 2.1 7.6 0
v 2.1 7.6 -0.3
v 2.1 7.6 -0.5
v 2.1 7.6 -0.9
v 2.2 6 0.2
v 2.2 6 0.1
v 2.2 6.1 0.1
v 2.2 6.3 0.2
v 2.2 6.3 0.1
v 2.2 6.5 0.2
v 2.2 6.5 0.1
v 2.2 6.9 -0.6
v 2.2 6.9 -0.7
v 2.2 7 0.2
v 2.2 7 0.1
v 2.2 7 -0.5
v 2.2 7 -0.6
v 2.2 7 -0.7
v 2.2 7 -0.8
v 2.2 7 -1.2
v 2.2 7 -1.3
v 2.2 7.1 -0.5
v 2.2 7.1 -0.7
v 2.2 7.2 0.1
v 2.2 7.2 0
v 2.2 7.2 -0.3
v 2.2 7.2 -0.4
v 2.2 7.2 -0.7
v 2.2 7.2 -0.8
v 2.2 7.2 -1
v 2.2 7.2 -1.1
v 2.2 7.2 -1.2
v 2.2 7.2 -1.3
v 2.2 7.3 0.2
v 2.2 7.3 0.1
v 2.2 7.3 0
v 2.2 7.3 -0.2
v 2.2 7.3 -0.3
v 2.2 7.3 -0.4
v 2.2 7.3 -1
v 2.2 7.3 -1.1
v 2.2 7.3 -1.2
v 2.2 7.4 -0.1
v 2.2 7.4 -0.2
v 2.2 7.4 -0.4
v 2.2 7.5 -0.1
v 2.2 7.5 -0.4
v 2.3 6 0.1
v 2.3 6 -0.3
v 2.3 6 -0.8
v 2.3 6 -1.3
v 2.3 6.1 0.1
v 2.3 6.1 -0.3
v 2.3 6.1 -0.8
v 2.3 6.1 -1.2
v 2.3 6.1 -1.3
v 2.3 6.2 -1.2
v 2.3 6.2 -1.3
v 2.3 7 -0.4
v 2.3 7 -0.5
v 2.3 7 -0.8
v 2.3 7 -0.9
v 2.3 7.1 0.1
v 2.3 7.1 0
v 2.3 7.1 -0.4
v 2.3 7.1 -0.5
v 2.3 7.1 -0.9
v 2.3 7.1 -1
v 2.3 7.1 -1.1
v 2.3 7.1 -1.2
v 2.3 7.2 0.1
v 2.3 7.2 0
v 2.3 7.2 -0.3
v 2.3 7.2 -0.8
v 2.3 7.2 -1
v 2.3 7.2 -1.1
v 2.3 7.2 -1.2
v 2.3 7.3 0
v 2.3 7.3 -0.2
v 2.3 7.3 -0.3
v 2.3 7.3 -1
v 2.3 7.3 -1.1
v 2.3 7.4 -1
v 2.3 7.4 -1.1
v 2.4 6.2 0.2
v 2.4 6.2 0.1
v 2.4 6.2 -1.2
v 2.4 6.2 -1.3
v 2.4 6.4 0.2
v 2.4 6.4 0.1
v 2.4 6.4 -1.2
v 2.4 6.4 -1.3
v 2.4 7 0.1
v 2.4 7 0
v 2.4 7 -0.1
v 2.4 7.1 0.1
v 2.4 7.1 0
v 2.4 7.1 -0.1
v 2.4 7.1 -0.4
v 2.4 7.2 0
v 2.4 7.2 -0.4
v 2.4 7.3 0
v 2.4 7.3 -0.2
v 2.4 7.4 0
v 2.4 7.4 -0.2
v 2.5 5.9 0.2
v 2.5 5.9 0.1
v 2.5 6 0.2
v 2.5 6 0.1
v 2.5 6.4 0.2
v 2.5 6.4 0.1
v 2.5 6.4 -1.2
v 2.5 6.4 -1.3
v 2.5 6.6 0.2
v 2.5 6.6 0.1
v 2.5 6.6 -1.2
v 2.5 6.6 -1.3
v 2.5 7 0.2
v 2.5 7 0.1
v 2.5 7 -0.4
v 2.5 7 -0.5
v 2.5 7.1 -0.4
v 2.5 7.1 -0.5
v 2.5 7.1 -1.2
v 2.5 7.1 -1.3
v 2.5 7.2 0.2
v 2.5 7.2 0.1
v 2.5 7.2 -1.2
v 2.5 7.2 -1.3
v 2.6 5.7 0.1
v 2.6 5.7 0
v 2.6 5.7 -0.1
v 2.6 5.7 -0.2
v 2.6 5.7 -0.9
v 2.6 5.7 -1
v 2.6 5.7 -1.3
v 2.6 5.8 0.1
v 2.6 5.8 -0.1
v 2.6 5.8 -1
v 2.6 5.8 -1.2
v 2.6 5.8 -1.3
v 2.6 6.6 0.2
v 2.6 6.6 0.1
v 2.6 6.6 -1.2
v 2.6 6.6 -1.3
v 2.6 6.8 0.2
v 2.6 6.8 0.1
v 2.6 6.8 -1.2
v 2.6 6.8 -1.3
v 2.6 6.9 0
v 2.6 6.9 -0.1
v 2.6 6.9 -1.2
v 2.6 6.9 -1.3
v 2.6 7 0
v 2.6 7 -0.1
v 2.6 7 -0.3
v 2.6 7 -0.4
v 2.6 7 -1.1
v 2.6 7 -1.2
v 2.6 7.1 -0.3
v 2.6 7.1 -0.8
v 2.6 7.1 -0.9
v 2.6 7.1 -1
v 2.6 7.1 -1.1
v 2.6 7.1 -1.2
v 2.6 7.1 -1.3
v 2.6 7.2 -0.3
v 2.6 7.2 -0.4
v 2.6 7.2 -0.8
v 2.6 7.2 -0.9
v 2.6 7.2 -1
v 2.6 7.2 -1.2
v 2.7 5.8 -1.2
v 2.7 5.8 -1.3
v 2.7 5.9 -1.2
v 2.7 5.9 -1.3
v 2.7 6 0.2
v 2.7 6 0.1
v 2.7 6 -1.2
v 2.7 6 -1.3
v 2.7 6.1 0.2
v 2.7 6.1 0.1
v 2.7 6.8 0.2
v 2.7 6.8 0.1
v 2.7 6.8 0
v 2.7 6.8 -1.2
v 2.7 6.8 -1.3
v 2.7 6.9 0
v 2.7 6.9 -0.1
v 2.7 6.9 -0.3
v 2.7 6.9 -0.4
v 2.7 6.9 -0.5
v 2.7 6.9 -1.1
v 2.7 6.9 -1.2
v 2.7 6.9 -1.3
v 2.7 7 0.2
v 2.7 7 0.1
v 2.7 7 -0.3
v 2.7 7 -0.4
v 2.7 7 -0.5
v 2.7 7 -0.7
v 2.7 7 -0.8
v 2.7 7 -1
v 2.7 7 -1.1
v 2.7 7 -1.2
v 2.7 7.1 0.1
v 2.7 7.1 0
v 2.7 7.1 -0.1
v 2.7 7.1 -0.3
v 2.7 7.1 -0.7
v 2.7 7.1 -0.8
v 2.7 7.1 -0.9
v 2.7 7.1 -1
v 2.7 7.1 -1.1
v 2.7 7.2 -0.7
v 2.7 7.2 -0.8
v 2.7 7.2 -0.9
v 2.7 7.2 -1
v 2.8 6 -1.2
v 2.8 6 -1.3
v 2.8 6.1 -1.2
v 2.8 6.1 -1.3
v 2.8 6.3 0.2
v 2.8 6.3 0.1
v 2.8 6.4 0.2
v 2.8 6.4 0.1
v 2.8 6.6 0
v 2.8 6.6 -0.1
v 2.8 6.8 0
v 2.8 6.8 -0.1
v 2.8 6.8 -0.3
v 2.8 6.8 -0.4
v 2.8 6.8 -0.6
v 2.8 6.8 -1
v 2.8 6.8 -1.1
v 2.8 6.8 -1.2
v 2.8 6.9 0
v 2.8 6.9 -0.1
v 2.8 6.9 -0.2
v 2.8 6.9 -0.3
v 2.8 6.9 -0.4
v 2.8 6.9 -0.5
v 2.8 6.9 -0.7
v 2.8 6.9 -1
v 2.8 6.9 -1.1
v 2.8 6.9 -1.2
v 2.8 7 0.2
v 2.8 7 0.1
v 2.8 7 -0.3
v 2.8 7 -0.4
v 2.8 7 -0.7
v 2.8 7 -0.8
v 2.8 7 -1
v 2.8 7 -1.1
v 2.8 7.1 0.2
v 2.8 7.1 0.1
v 2.8 7.1 -0.5
v 2.8 7.1 -0.6
v 2.8 7.1 -0.8
v 2.8 7.1 -1
v 2.9 5.5 0.2
v 2.9 5.5 0.1
v 2.9 5.5 -0.1
v 2.9 5.5 -1
v 2.9 5.5 -1.2
v 2.9 5.5 -1.3
v 2.9 5.6 0.2
v 2.9 5.6 0.1
v 2.9 5.6 -1.2
v 2.9 5.6 -1.3
v 2.9 6.1 0.2
v 2.9 6.1 0.1
v 2.9 6.1 -1.2
v 2.9 6.1 -1.3
v 2.9 6.2 0.2
v 2.9 6.2 0.1
v 2.9 6.2 -1.2
v 2.9 6.2 -1.3
v 2.9 6.3 0.1
v 2.9 6.3 0
v 2.9 6.4 0.2
v 2.9 6.4 0.1
v 2.9 6.6 0.2
v 2.9 6.6 0.1
v 2.9 6.6 0
v 2.9 6.6 -0.1
v 2.9 6.6 -0.2
v 2.9 6.7 -0.4
v 2.9 6.7 -0.5
v 2.9 6.7 -0.8
v 2.9 6.7 -0.9
v 2.9 6.7 -1
v 2.9 6.7 -1.1
v 2.9 6.7 -1.2
v 2.9 6.8 0.1
v 2.9 6.8 0
v 2.9 6.8 -0.1
v 2.9 6.8 -0.2
v 2.9 6.8 -0.3
v 2.9 6.8 -0.4
v 2.9 6.8 -0.5
v 2.9 6.8 -0.6
v 2.9 6.8 -0.8
v 2.9 6.8 -0.9
v 2.9 6.8 -1
v 2.9 6.8 -1.1
v 2.9 6.8 -1.2
v 2.9 6.9 -0.1
v 2.9 6.9 -0.2
v 2.9 6.9 -0.3
v 2.9 6.9 -0.4
v 2.9 6.9 -0.7
v 2.9 6.9 -1
v 2.9 7 -0.1
v 2.9 7 -0.2
v 2.9 7.1 -0.6
v 2.9 7.1 -0.7
v 3 5.6 0.2
v 3 5.6 0.1
v 3 5.6 -1.2
v 3 5.6 -1.3
v 3 5.7 0.2
v 3 5.7 0.1
v 3 5.7 -1.2
v 3 5.7 -1.3
v 3 5.9 0.2
v 3 5.9 0.1
v 3 6 0.2
v 3 6 0.1
v 3 6.2 0.2
v 3 6.2 0.1
v 3 6.2 -1.2
v 3 6.2 -1.3
v 3 6.3 0.2
v 3 6.3 0.1
v 3 6.4 -1.2
v 3 6.4 -1.3
v 3 6.5 -0.1
v 3 6.5 -0.2
v 3 6.6 0.2
v 3 6.6 0.1
v 3 6.6 -0.1
v 3 6.6 -0.2
v 3 6.6 -0.3
v 3 6.6 -0.7
v 3 6.6 -0.9
v 3 6.6 -1
v 3 6.6 -1.1
v 3 6.6 -1.2
v 3 6.7 -0.2
v 3 6.7 -0.3
v 3 6.7 -0.4
v 3 6.7 -0.5
v 3 6.7 -0.7
v 3 6.7 -0.8
v 3 6.7 -0.9
v 3 6.7 -1
v 3 6.7 -1.1
v 3 6.7 -1.2
v 3 6.7 -1.3
v 3 6.8 -0.3
v 3 6.8 -0.4
v 3 6.8 -0.5
v 3 6.8 -0.8
v 3 6.8 -0.9
v 3 6.8 -1
v 3 6.8 -1.2
v 3 6.8 -1.3
v 3 6.9 0.2
v 3 6.9 0.1
v 3 6.9 -1.1
v 3 6.9 -1.2
v 3 7 -1.1
v 3 7 -1.2
v 3.1 5.1 0.2
v 3.1 5.1 0.1
v 3.1 5.2 0.2
v 3.1 5.2 0.1
v 3.1 5.3 0.2
v 3.1 5.3 0.1
v 3.1 5.3 -1.2
v 3.1 5.3 -1.3
v 3.1 5.4 0.2
v 3.1 5.4 0.1
v 3.1 5.4 -1.2
v 3.1 5.4 -1.3
v 3.1 5.7 -1.2
v 3.1 5.7 -1.3
v 3.1 5.8 -1.2
v 3.1 5.8 -1.3
v 3.1 6 0.2
v 3.1 6 0.1
v 3.1 6.1 0.2
v 3.1 6.1 0.1
v 3.1 6.4 0
v 3.1 6.4 -0.2
v 3.1 6.4 -1.2
v 3.1 6.4 -1.3
v 3.1 6.5 0.1
v 3.1 6.5 0
v 3.1 6.5 -0.1
v 3.1 6.5 -0.2
v 3.1 6.5 -1.2
v 3.1 6.5 -1.3
v 3.1 6.6 0.1
v 3.1 6.6 0
v 3.1 6.6 -0.1
v 3.1 6.6 -0.3
v 3.1 6.6 -0.4
v 3.1 6.6 -0.5
v 3.1 6.6 -0.7
v 3.1 6.6 -1.2
v 3.1 6.6 -1.3
v 3.1 6.7 -0.2
v 3.1 6.7 -0.3
v 3.1 6.7 -0.4
v 3.1 6.7 -0.5
v 3.1 6.7 -0.7
v 3.1 6.7 -1.2
v 3.1 6.7 -1.3
v 3.1 6.8 -0.2
v 3.1 6.8 -0.3
v 3.2 5.4 0.2
v 3.2 5.4 0.1
v 3.2 5.5 0.2
v 3.2 5.5 0.1
v 3.2 5.7 0.1
v 3.2 5.7 0
v 3.2 5.8 0.2
v 3.2 5.8 0.1
v 3.2 5.8 -1.2
v 3.2 5.8 -1.3
v 3.2 5.9 0.2
v 3.2 5.9 0.1
v 3.2 5.9 0
v 3.2 5.9 -1.2
v 3.2 5.9 -1.3
v 3.2 6.2 0.2
v 3.2 6.2 0.1
v 3.2 6.3 0.2
v 3.2 6.3 0.1
v 3.2 6.3 0
v 3.2 6.3 -0.2
v 3.2 6.4 0
v 3.2 6.4 -0.2
v 3.2 6.4 -0.8
v 3.2 6.4 -0.9
v 3.2 6.5 -0.2
v 3.2 6.5 -0.5
v 3.2 6.5 -0.8
v 3.2 6.5 -0.9
v 3.2 6.5 -1.1
v 3.2 6.5 -1.2
v 3.2 6.5 -1.3
v 3.2 6.6 -0.2
v 3.2 6.6 -0.3
v 3.2 6.6 -0.4
v 3.2 6.6 -0.5
v 3.2 6.6 -0.7
v 3.2 6.6 -0.8
v 3.2 6.6 -0.9
v 3.2 6.6 -1
v 3.2 6.6 -1.1
v 3.2 6.6 -1.2
v 3.2 6.6 -1.3
v 3.2 6.7 -0.4
v 3.2 6.7 -0.5
v 3.2 6.7 -0.7
v 3.2 6.7 -0.8
v 3.2 6.7 -0.9
v 3.2 6.7 -1
v 3.3 5.1 -1.2
v 3.3 5.1 -1.3
v 3.3 5.2 -1.2
v 3.3 5.2 -1.3
v 3.3 5.4 -1.2
v 3.3 5.4 -1.3
v 3.3 5.5 -1.2
v 3.3 5.5 -1.3
v 3.3 5.9 0.2
v 3.3 5.9 0.1
v 3.3 5.9 0
v 3.3 5.9 -1.2
v 3.3 5.9 -1.3
v 3.3 6 0.2
v 3.3 6 0.1
v 3.3 6 0
v 3.3 6 -0.1
v 3.3 6.1 0.1
v 3.3 6.1 -1.2
v 3.3 6.1 -1.3
v 3.3 6.2 0.1
v 3.3 6.2 0
v 3.3 6.2 -0.1
v 3.3 6.2 -0.2
v 3.3 6.2 -0.3
v 3.3 6.2 -0.9
v 3.3 6.2 -1
v 3.3 6.3 0.1
v 3.3 6.3 0
v 3.3 6.3 -0.2
v 3.3 6.3 -0.3
v 3.3 6.3 -0.4
v 3.3 6.3 -0.5
v 3.3 6.3 -0.7
v 3.3 6.3 -0.9
v 3.3 6.4 -0.2
v 3.3 6.4 -0.3
v 3.3 6.4 -0.8
v 3.3 6.4 -0.9
v 3.3 6.4 -1
v 3.3 6.4 -1.1
v 3.3 6.4 -1.2
v 3.3 6.5 -0.2
v 3.3 6.5 -0.3
v 3.3 6.5 -0.4
v 3.3 6.5 -0.5
v 3.3 6.5 -0.6
v 3.3 6.5 -0.8
v 3.3 6.5 -0.9
v 3.3 6.5 -1.1
v 3.3 6.6 -0.2
v 3.3 6.6 -0.3
v 3.3 6.6 -0.5
v 3.3 6.6 -0.6
v 3.3 6.6 -0.7
v 3.3 6.6 -0.9
v 3.3 6.7 -0.2
v 3.3 6.7 -0.3
v 3.3 6.7 -0.6
v 3.3 6.7 -0.7
v 3.3 6.7 -1.1
v 3.3 6.7 -1.2
v 3.4 5.2 0.2
v 3.4 5.2 0.1
v 3.4 5.3 0.2
v 3.4 5.3 0.1
v 3.4 5.6 0.2
v 3.4 5.6 0.1
v 3.4 5.7 0.2
v 3.4 5.7 0.1
v 3.4 5.9 0
v 3.4 5.9 -0.1
v 3.4 6 0
v 3.4 6 -0.1
v 3.4 6 -0.2
v 3.4 6.1 0.2
v 3.4 6.1 0.1
v 3.4 6.1 -0.1
v 3.4 6.1 -0.2
v 3.4 6.1 -0.3
v 3.4 6.1 -0.9
v 3.4 6.1 -1.1
v 3.4 6.1 -1.2
v 3.4 6.1 -1.3
v 3.4 6.2 0.2
v 3.4 6.2 0.1
v 3.4 6.2 -0.1
v 3.4 6.2 -0.2
v 3.4 6.2 -0.3
v 3.4 6.2 -0.4
v 3.4 6.2 -0.5
v 3.4 6.2 -0.8
v 3.4 6.2 -0.9
v 3.4 6.2 -1
v 3.4 6.3 -0.1
v 3.4 6.3 -0.2
v 3.4 6.3 -0.3
v 3.4 6.3 -0.4
v 3.4 6.3 -0.5
v 3.4 6.3 -0.6
v 3.4 6.3 -0.8
v 3.4 6.3 -0.9
v 3.4 6.4 -0.2
v 3.4 6.4 -0.3
v 3.4 6.4 -1
v 3.4 6.4 -1.1
v 3.4 6.4 -1.2
v 3.4 6.4 -1.3
v 3.4 6.5 -0.2
v 3.4 6.5 -0.3
v 3.4 6.5 -0.5
v 3.4 6.5 -0.6
v 3.4 6.5 -0.7
v 3.4 6.6 -0.2
v 3.4 6.6 -0.4
v 3.4 6.6 -0.5
v 3.4 6.6 -0.6
v 3.4 6.6 -0.7
v 3.4 6.7 -0.4
v 3.4 6.7 -0.5
v 3.5 5.5 -1.2
v 3.5 5.5 -1.3
v 3.5 5.6 -1.2
v 3.5 5.6 -1.3
v 3.5 5.7 0.2
v 3.5 5.7 0.1
v 3.5 5.8 0.2
v 3.5 5.8 0.1
v 3.5 5.8 0
v 3.5 5.8 -0.5
v 3.5 5.8 -0.6
v 3.5 5.9 0.1
v 3.5 5.9 0
v 3.5 5.9 -0.5
v 3.5 5.9 -0.6
v 3.5 6 -1
v 3.5 6 -1.1
v 3.5 6 -1.2
v 3.5 6.1 -0.8
v 3.5 6.1 -0.9
v 3.5 6.1 -1
v 3.5 6.1 -1.1
v 3.5 6.2 -0.3
v 3.5 6.2 -0.4
v 3.5 6.2 -0.5
v 3.5 6.2 -0.6
v 3.5 6.2 -0.7
v 3.5 6.2 -0.8
v 3.5 6.2 -0.9
v 3.5 6.3 0
v 3.5 6.3 -0.1
v 3.5 6.3 -0.3
v 3.5 6.3 -0.4
v 3.5 6.3 -0.5
v 3.5 6.3 -0.6
v 3.5 6.3 -0.7
v 3.5 6.3 -0.8
v 3.5 6.4 0
v 3.5 6.4 -0.1
v 3.5 6.4 -1.1
v 3.5 6.4 -1.2
v 3.5 6.5 -0.6
v 3.5 6.5 -0.7
v 3.6 4.3 0.2
v 3.6 4.3 0.1
v 3.6 4.4 0.2
v 3.6 4.4 0.1
v 3.6 5.7 0.1
v 3.6 5.7 0
v 3.6 5.8 0.1
v 3.6 5.8 0
v 3.6 5.8 -0.6
v 3.6 5.8 -0.7
v 3.6 5.8 -1.2
v 3.6 5.8 -1.3
v 3.6 5.9 -0.5
v 3.6 5.9 -0.6
v 3.6 5.9 -0.7
v 3.6 5.9 -1.2
v 3.6 5.9 -1.3
v 3.6 6 -0.5
v 3.6 6 -0.6
v 3.6 6 -0.8
v 3.6 6 -1
v 3.6 6.1 -0.1
v 3.6 6.1 -0.2
v 3.6 6.1 -0.4
v 3.6 6.1 -0.5
v 3.6 6.1 -0.7
v 3.6 6.1 -0.8
v 3.6 6.1 -1
v 3.6 6.2 0
v 3.6 6.2 -0.1
v 3.6 6.2 -0.2
v 3.6 6.2 -0.4
v 3.6 6.2 -0.5
v 3.6 6.2 -0.6
v 3.6 6.2 -0.7
v 3.6 6.2 -0.8
v 3.6 6.3 0
v 3.6 6.3 -0.1
v 3.6 6.3 -0.6
v 3.6 6.3 -0.7
v 3.7 4.9 0.2
v 3.7 4.9 0.1
v 3.7 5 0.2
v 3.7 5 0.1
v 3.7 5.2 -1.2
v 3.7 5.2 -1.3
v 3.7 5.3 -1.2
v 3.7 5.3 -1.3
v 3.7 5.5 0.1
v 3.7 5.5 0
v 3.7 5.6 0
v 3.7 5.6 -0.1
v 3.7 5.6 -0.4
v 3.7 5.6 -0.5
v 3.7 5.6 -1.2
v 3.7 5.6 -1.3
v 3.7 5.7 0.1
v 3.7 5.7 0
v 3.7 5.8 0.1
v 3.7 5.8 0
v 3.7 5.8 -0.1
v 3.7 5.8 -0.2
v 3.7 5.8 -0.4
v 3.7 5.8 -0.5
v 3.7 5.8 -0.8
v 3.7 5.8 -0.9
v 3.7 5.8 -1
v 3.7 5.8 -1.1
v 3.7 5.8 -1.2
v 3.7 5.8 -1.3
v 3.7 5.9 0.1
v 3.7 5.9 0
v 3.7 5.9 -0.1
v 3.7 5.9 -0.2
v 3.7 5.9 -0.6
v 3.7 5.9 -0.7
v 3.7 6 -0.6
v 3.7 6 -0.7
v 3.7 6 -0.8
v 3.7 6 -0.9
v 3.7 6 -1
v 3.7 6 -1.1
v 3.7 6 -1.2
v 3.7 6.1 -0.7
v 3.7 6.1 -0.8
v 3.7 6.2 0
v 3.7 6.2 -0.1
v 3.7 6.2 -0.6
v 3.7 6.2 -0.7
v 3.8 5.2 0.1
v 3.8 5.2 0
v 3.8 5.3 0.1
v 3.8 5.3 0
v 3.8 5.5 -0.4
v 3.8 5.5 -0.5
v 3.8 5.6 -0.4
v 3.8 5.6 -0.5
v 3.8 5.6 -1
v 3.8 5.6 -1.1
v 3.8 5.6 -1.2
v 3.8 5.7 -0.5
v 3.8 5.7 -0.7
v 3.8 5.7 -0.8
v 3.8 5.7 -0.9
v 3.8 5.8 -0.4
v 3.8 5.8 -0.5
v 3.8 5.8 -0.7
v 3.8 5.8 -0.8
v 3.8 5.8 -0.9
v 3.8 5.8 -1
v 3.8 5.8 -1.1
v 3.8 5.8 -1.2
v 3.8 5.9 -0.4
v 3.8 5.9 -0.5
v 3.8 6 -0.5
v 3.8 6 -0.6
v 3.8 6 -0.7
v 3.8 6 -0.8
v 3.8 6 -0.9
v 3.8 6 -1
v 3.8 6.1 -0.1
v 3.8 6.1 -0.2
v 3.8 6.1 -0.3
v 3.8 6.1 -0.4
v 3.8 6.1 -0.8
v 3.8 6.1 -0.9
v 3.8 6.2 -0.1
v 3.8 6.2 -0.2
v 3.8 6.2 -0.3
v 3.8 6.2 -0.4
v 3.8 6.2 -0.5
v 3.8 6.2 -0.6
v 3.8 6.3 -0.2
v 3.8 6.3 -0.3
v 3.9 5 -1.2
v 3.9 5 -1.3
v 3.9 5.1 -1.2
v 3.9 5.1 -1.3
v 3.9 5.3 0.1
v 3.9 5.3 0
v 3.9 5.3 -1.2
v 3.9 5.3 -1.3
v 3.9 5.4 -0.4
v 3.9 5.4 -0.5
v 3.9 5.4 -1.1
v 3.9 5.4 -1.2
v 3.9 5.5 0.1
v 3.9 5.5 0
v 3.9 5.5 -0.1
v 3.9 5.5 -0.4
v 3.9 5.5 -0.5
v 3.9 5.5 -0.8
v 3.9 5.5 -0.9
v 3.9 5.5 -1
v 3.9 5.5 -1.1
v 3.9 5.5 -1.2
v 3.9 5.5 -1.3
v 3.9 5.6 0
v 3.9 5.6 -0.1
v 3.9 5.6 -0.2
v 3.9 5.6 -0.5
v 3.9 5.6 -0.6
v 3.9 5.6 -0.9
v 3.9 5.6 -1
v 3.9 5.6 -1.1
v 3.9 5.6 -1.2
v 3.9 5.7 -0.1
v 3.9 5.7 -0.2
v 3.9 5.7 -0.3
v 3.9 5.7 -0.4
v 3.9 5.7 -0.5
v 3.9 5.7 -0.6
v 3.9 5.7 -0.7
v 3.9 5.7 -0.8
v 3.9 5.7 -0.9
v 3.9 5.8 -0.7
v 3.9 5.8 -0.8
v 3.9 5.8 -0.9
v 3.9 5.8 -1
v 3.9 5.9 -0.3
v 3.9 5.9 -0.4
v 3.9 5.9 -0.5
v 3.9 6 -0.1
v 3.9 6 -0.2
v 3.9 6 -0.3
v 3.9 6 -0.4
v 3.9 6.1 0
v 3.9 6.1 -0.1
v 3.9 6.1 -0.2
v 3.9 6.1 -0.3
v 3.9 6.1 -0.4
v 3.9 6.2 0
v 3.9 6.2 -0.1
v 3.9 6.2 -0.4
v 3.9 6.2 -0.5
v 4 4.9 -1
v 4 4.9 -1.1
v 4 4.9 -1.2
v 4 4.9 -1.3
v 4 5 -1
v 4 5 -1.1
v 4 5 -1.2
v 4 5 -1.3
v 4 5.1 0.1
v 4 5.1 0
v 4 5.2 0.1
v 4 5.2 0
v 4 5.2 -1.1
v 4 5.2 -1.2
v 4 5.3 -0.3
v 4 5.3 -0.4
v 4 5.3 -1
v 4 5.3 -1.1
v 4 5.4 -0.4
v 4 5.4 -0.5
v 4 5.4 -0.6
v 4 5.4 -0.8
v 4 5.4 -0.9
v 4 5.4 -1.1
v 4 5.4 -1.2
v 4 5.5 -0.3
v 4 5.5 -0.4
v 4 5.5 -0.6
v 4 5.5 -0.8
v 4 5.5 -0.9
v 4 5.5 -1
v 4 5.5 -1.1
v 4 5.6 -0.3
v 4 5.6 -0.4
v 4 5.6 -0.5
v 4 5.6 -0.6
v 4 5.6 -0.9
v 4 5.6 -1
v 4 5.7 -0.1
v 4 5.7 -0.2
v 4 5.7 -0.3
v 4 5.7 -0.4
v 4 5.7 -0.6
v 4 5.7 -0.8
v 4 5.8 -0.2
v 4 5.8 -0.3
v 4 5.9 -0.3
v 4 5.9 -0.4
v 4 6 0
v 4 6 -0.1
v 4 6 -0.2
v 4 6 -0.3
v 4 6 -0.4
v 4 6.1 0
v 4 6.1 -0.1
v 4 6.2 -0.2
v 4 6.2 -0.3
v 4.1 4.7 -1.1
v 4.1 4.7 -1.2
v 4.1 4.7 -1.3
v 4.1 4.8 -0.9
v 4.1 4.8 -1.1
v 4.1 4.9 -0.7
v 4.1 4.9 -0.8
v 4.1 4.9 -1
v 4.1 4.9 -1.1
v 4.1 4.9 -1.2
v 4.1 4.9 -1.3
v 4.1 5 -0.7
v 4.1 5 -0.8
v 4.1 5 -0.9
v 4.1 5 -1
v 4.1 5 -1.1
v 4.1 5 -1.2
v 4.1 5.1 -0.7
v 4.1 5.1 -0.8
v 4.1 5.1 -0.9
v 4.1 5.1 -1
v 4.1 5.2 0
v 4.1 5.2 -0.1
v 4.1 5.2 -0.3
v 4.1 5.2 -0.4
v 4.1 5.2 -0.7
v 4.1 5.2 -0.8
v 4.1 5.2 -1
v 4.1 5.2 -1.1
v 4.1 5.2 -1.2
v 4.1 5.3 0
v 4.1 5.3 -0.1
v 4.1 5.3 -0.3
v 4.1 5.3 -0.4
v 4.1 5.3 -0.5
v 4.1 5.3 -0.6
v 4.1 5.3 -1
v 4.1 5.3 -1.1
v 4.1 5.4 -0.5
v 4.1 5.4 -0.6
v 4.1 5.4 -0.8
v 4.1 5.4 -0.9
v 4.1 5.5 0
v 4.1 5.5 -0.1
v 4.1 5.5 -0.3
v 4.1 5.5 -0.4
v 4.1 5.5 -0.6
v 4.1 5.5 -0.8
v 4.1 5.5 -0.9
v 4.1 5.5 -1
v 4.1 5.6 0
v 4.1 5.6 -0.1
v 4.1 5.6 -0.3
v 4.1 5.6 -0.4
v 4.1 5.7 -0.1
v 4.1 5.7 -0.2
v 4.1 5.8 -0.2
v 4.1 5.8 -0.3
v 4.2 4.6 -1.1
v 4.2 4.6 -1.2
v 4.2 4.7 -0.9
v 4.2 4.7 -1.1
v 4.2 4.7 -1.2
v 4.2 4.8 -0.8
v 4.2 4.8 -0.9
v 4.2 4.8 -1.1
v 4.2 4.9 -0.2
v 4.2 4.9 -0.3
v 4.2 4.9 -0.6
v 4.2 4.9 -0.7
v 4.2 4.9 -0.8
v 4.2 5 -0.2
v 4.2 5 -0.3
v 4.2 5 -0.6
v 4.2 5 -0.7
v 4.2 5 -0.8
v 4.2 5 -0.9
v 4.2 5 -1.1
v 4.2 5.1 -0.2
v 4.2 5.1 -0.3
v 4.2 5.1 -0.7
v 4.2 5.1 -0.8
v 4.2 5.1 -0.9
v 4.2 5.1 -1
v 4.2 5.2 -0.3
v 4.2 5.2 -0.4
v 4.2 5.2 -0.5
v 4.2 5.2 -0.7
v 4.2 5.2 -0.8
v 4.2 5.2 -0.9
v 4.2 5.2 -1
v 4.2 5.2 -1.1
v 4.2 5.3 0
v 4.2 5.3 -0.1
v 4.2 5.3 -0.4
v 4.2 5.3 -0.5
v 4.2 5.3 -0.6
v 4.2 5.3 -0.7
v 4.2 5.3 -0.8
v 4.2 5.3 -0.9
v 4.2 5.4 0.1
v 4.2 5.4 0
v 4.2 5.4 -0.2
v 4.2 5.4 -0.3
v 4.2 5.4 -0.6
v 4.2 5.4 -0.9
v 4.2 5.5 0.1
v 4.2 5.5 0
v 4.2 5.5 -0.1
v 4.2 5.5 -0.3
v 4.2 5.6 -0.1
v 4.2 5.6 -0.3
v 4.3 4.4 0.1
v 4.3 4.4 0
v 4.3 4.4 -0.1
v 4.3 4.5 -0.1
v 4.3 4.5 -0.2
v 4.3 4.5 -1.1
v 4.3 4.5 -1.2
v 4.3 4.6 0.1
v 4.3 4.6 0
v 4.3 4.6 -0.2
v 4.3 4.6 -0.6
v 4.3 4.6 -0.7
v 4.3 4.6 -1
v 4.3 4.6 -1.1
v 4.3 4.6 -1.2
v 4.3 4.7 0.2
v 4.3 4.7 0.1
v 4.3 4.7 0
v 4.3 4.7 -0.5
v 4.3 4.7 -0.6
v 4.3 4.7 -0.7
v 4.3 4.7 -0.9
v 4.3 4.7 -1
v 4.3 4.7 -1.1
v 4.3 4.8 0.1
v 4.3 4.8 0
v 4.3 4.8 -0.2
v 4.3 4.8 -0.3
v 4.3 4.8 -0.5
v 4.3 4.8 -0.6
v 4.3 4.8 -0.8
v 4.3 4.8 -0.9
v 4.3 4.9 0.2
v 4.3 4.9 0.1
v 4.3 4.9 -0.2
v 4.3 4.9 -0.3
v 4.3 4.9 -0.6
v 4.3 4.9 -0.8
v 4.3 5 -0.2
v 4.3 5 -0.3
v 4.3 5 -0.4
v 4.3 5.1 0
v 4.3 5.1 -0.1
v 4.3 5.1 -0.2
v 4.3 5.1 -0.3
v 4.3 5.1 -0.4
v 4.3 5.1 -0.6
v 4.3 5.1 -0.7
v 4.3 5.2 0
v 4.3 5.2 -0.1
v 4.3 5.2 -0.2
v 4.3 5.2 -0.5
v 4.3 5.2 -0.6
v 4.3 5.2 -0.8
v 4.3 5.2 -0.9
v 4.3 5.3 -0.4
v 4.3 5.3 -0.5
v 4.3 5.3 -0.6
v 4.3 5.3 -0.7
v 4.3 5.3 -0.8
v 4.3 5.3 -0.9
v 4.3 5.4 -0.2
v 4.3 5.4 -0.3
v 4.3 5.4 -0.4
v 4.3 5.4 -0.6
v 4.3 5.5 -0.1
v 4.3 5.5 -0.3
v 4.4 4.3 0.2
v 4.4 4.3 0.1
v 4.4 4.3 0
v 4.4 4.3 -0.1
v 4.4 4.4 0.2
v 4.4 4.4 0.1
v 4.4 4.4 0
v 4.4 4.4 -0.1
v 4.4 4.4 -0.2
v 4.4 4.4 -0.4
v 4.4 4.4 -0.5
v 4.4 4.4 -1.2
v 4.4 4.4 -1.3
v 4.4 4.5 -0.1
v 4.4 4.5 -0.2
v 4.4 4.5 -0.3
v 4.4 4.5 -0.4
v 4.4 4.5 -0.5
v 4.4 4.5 -0.6
v 4.4 4.5 -1.2
v 4.4 4.5 -1.3
v 4.4 4.6 0.2
v 4.4 4.6 0.1
v 4.4 4.6 -0.2
v 4.4 4.6 -0.3
v 4.4 4.6 -0.6
v 4.4 4.6 -0.9
v 4.4 4.6 -1
v 4.4 4.6 -1.2
v 4.4 4.6 -1.3
v 4.4 4.7 0.2
v 4.4 4.7 0.1
v 4.4 4.7 0
v 4.4 4.7 -0.2
v 4.4 4.7 -0.5
v 4.4 4.7 -0.6
v 4.4 4.7 -0.9
v 4.4 4.7 -1
v 4.4 4.7 -1.2
v 4.4 4.7 -1.3
v 4.4 4.8 0.1
v 4.4 4.8 0
v 4.4 4.8 -0.1
v 4.4 4.8 -0.2
v 4.4 4.8 -0.3
v 4.4 4.8 -0.5
v 4.4 4.8 -0.6
v 4.4 4.9 0.1
v 4.4 4.9 0
v 4.4 4.9 -0.1
v 4.4 5 0.1
v 4.4 5 0
v 4.4 5 -0.3
v 4.4 5 -0.4
v 4.4 5 -0.6
v 4.4 5.1 0
v 4.4 5.1 -0.1
v 4.4 5.1 -0.3
v 4.4 5.1 -0.4
v 4.4 5.1 -0.6
v 4.4 5.2 0.1
v 4.4 5.2 0
v 4.4 5.2 -0.1
v 4.4 5.2 -0.2
v 4.4 5.2 -0.3
v 4.4 5.2 -0.6
v 4.5 4 -0.5
v 4.5 4 -0.6
v 4.5 4.1 -0.5
v 4.5 4.1 -0.6
v 4.5 4.2 -0.3
v 4.5 4.2 -0.5
v 4.5 4.3 0.1
v 4.5 4.3 0
v 4.5 4.3 -0.1
v 4.5 4.3 -0.3
v 4.5 4.3 -0.5
v 4.5 4.3 -0.6
v 4.5 4.4 0.1
v 4.5 4.4 0
v 4.5 4.4 -0.1
v 4.5 4.4 -0.2
v 4.5 4.4 -0.4
v 4.5 4.4 -0.5
v 4.5 4.5 -0.3
v 4.5 4.5 -0.4
v 4.5 4.5 -0.5
v 4.5 4.5 -0.6
v 4.5 4.5 -0.8
v 4.5 4.5 -1.1
v 4.5 4.6 -0.2
v 4.5 4.6 -0.3
v 4.5 4.6 -0.7
v 4.5 4.6 -0.8
v 4.5 4.6 -0.9
v 4.5 4.6 -1.1
v 4.5 4.7 0
v 4.5 4.7 -0.2
v 4.5 4.7 -0.7
v 4.5 4.7 -0.9
v 4.5 4.8 -0.1
v 4.5 4.8 -0.2
v 4.5 4.9 0.1
v 4.5 4.9 0
v 4.5 4.9 -0.1
v 4.5 5 0.1
v 4.5 5 0
v 4.5 5 -0.6
v 4.5 5 -0.7
v 4.5 5.1 -0.6
v 4.5 5.1 -0.7
v 4.6 3.7 -0.4
v 4.6 3.7 -0.6
v 4.6 3.7 -0.7
v 4.6 3.7 -0.8
v 4.6 3.8 -0.4
v 4.6 3.8 -0.6
v 4.6 3.8 -0.7
v 4.6 3.8 -0.8
v 4.6 4.2 0.2
v 4.6 4.2 0.1
v 4.6 4.2 -0.5
v 4.6 4.2 -0.6
v 4.6 4.3 0.2
v 4.6 4.3 0.1
v 4.6 4.3 -0.5
v 4.6 4.3 -0.6
v 4.6 4.3 -0.7
v 4.6 4.3 -1
v 4.6 4.3 -1.1
v 4.6 4.3 -1.2
v 4.6 4.3 -1.3
v 4.6 4.4 -0.6
v 4.6 4.4 -0.7
v 4.6 4.4 -0.8
v 4.6 4.4 -1
v 4.6 4.4 -1.1
v 4.6 4.4 -1.2
v 4.6 4.5 -0.5
v 4.6 4.5 -0.6
v 4.6 4.5 -0.7
v 4.6 4.5 -0.8
v 4.6 4.5 -1.2
v 4.6 4.5 -1.3
v 4.6 4.6 -0.5
v 4.6 4.6 -0.6
v 4.6 4.6 -0.7
v 4.6 4.6 -0.8
v 4.7 3.7 0
v 4.7 3.7 -0.1
v 4.7 3.7 -0.3
v 4.7 3.7 -0.4
v 4.7 3.7 -0.8
v 4.7 3.7 -1
v 4.7 3.8 0.1
v 4.7 3.8 0
v 4.7 3.8 -0.2
v 4.7 3.8 -0.3
v 4.7 3.8 -0.4
v 4.7 3.8 -0.6
v 4.7 3.8 -0.7
v 4.7 3.8 -0.8
v 4.7 3.8 -1.1
v 4.7 3.8 -1.2
v 4.7 3.9 0.1
v 4.7 3.9 -0.1
v 4.7 3.9 -0.2
v 4.7 3.9 -0.6
v 4.7 3.9 -0.7
v 4.7 3.9 -1
v 4.7 3.9 -1.1
v 4.7 3.9 -1.2
v 4.7 4 0.2
v 4.7 4 0.1
v 4.7 4.1 0.1
v 4.7 4.1 0
v 4.7 4.2 0.2
v 4.7 4.2 0.1
v 4.7 4.2 -0.6
v 4.7 4.2 -0.9
v 4.7 4.2 -1
v 4.7 4.2 -1.1
v 4.7 4.3 0.1
v 4.7 4.3 0
v 4.7 4.3 -0.6
v 4.7 4.3 -0.7
v 4.7 4.3 -0.9
v 4.7 4.3 -1
v 4.7 4.3 -1.1
v 4.7 4.3 -1.2
v 4.7 4.4 -0.6
v 4.7 4.4 -0.7
v 4.7 4.4 -0.8
v 4.7 4.4 -1
v 4.7 4.4 -1.1
v 4.7 4.4 -1.2
v 4.7 4.5 -0.7
v 4.7 4.5 -0.8
v 4.7 4.6 -0.6
v 4.7 4.6 -0.7
v 4.8 3.7 0.1
v 4.8 3.7 0
v 4.8 3.7 -0.1
v 4.8 3.7 -0.3
v 4.8 3.7 -0.6
v 4.8 3.7 -0.7
v 4.8 3.7 -1
v 4.8 3.7 -1.2
v 4.8 3.8 0.1
v 4.8 3.8 0
v 4.8 3.8 -0.2
v 4.8 3.8 -0.3
v 4.8 3.8 -1.1
v 4.8 3.8 -1.2
v 4.8 3.9 0.1
v 4.8 3.9 -0.1
v 4.8 3.9 -0.2
v 4.8 3.9 -0.6
v 4.8 3.9 -0.7
v 4.8 3.9 -1
v 4.8 3.9 -1.1
v 4.8 3.9 -1.2
v 4.8 3.9 -1.3
v 4.8 4 0.1
v 4.8 4 -0.4
v 4.8 4 -0.5
v 4.8 4 -1
v 4.8 4.1 -0.5
v 4.8 4.1 -0.6
v 4.8 4.1 -1
v 4.8 4.1 -1.2
v 4.8 4.1 -1.3
v 4.8 4.2 -0.2
v 4.8 4.2 -0.3
v 4.8 4.2 -0.5
v 4.8 4.2 -0.6
v 4.8 4.2 -1.2
v 4.8 4.2 -1.3
v 4.8 4.3 0.1
v 4.8 4.3 0
v 4.8 4.3 -0.2
v 4.8 4.3 -0.3
v 4.8 4.3 -0.4
v 4.8 4.3 -0.5
v 4.8 4.3 -1.2
v 4.8 4.3 -1.3
v 4.8 4.4 0.1
v 4.8 4.4 0
v 4.9 4 0.1
v 4.9 4 0
v 4.9 4 -0.1
v 4.9 4 -0.4
v 4.9 4 -0.5
v 4.9 4 -1
v 4.9 4.1 0
v 4.9 4.1 -0.1
v 4.9 4.1 -0.3
v 4.9 4.1 -0.5
v 4.9 4.1 -0.6
v 4.9 4.1 -0.7
v 4.9 4.1 -1
v 4.9 4.1 -1.2
v 4.9 4.1 -1.3
v 4.9 4.2 0.1
v 4.9 4.2 0
v 4.9 4.2 -0.1
v 4.9 4.2 -0.2
v 4.9 4.2 -0.3
v 4.9 4.2 -0.7
v 4.9 4.2 -1
v 4.9 4.2 -1.1
v 4.9 4.2 -1.2
v 4.9 4.2 -1.3
v 4.9 4.3 0
v 4.9 4.3 -0.2
v 4.9 4.3 -0.3
v 4.9 4.3 -0.4
v 4.9 4.3 -1.1
v 4.9 4.3 -1.2
v 5 4 0
v 5 4 -0.1
v 5 4.1 0
v 5 4.1 -0.1
v 5 4.1 -0.3
v 5 4.1 -0.6
v 5 4.1 -0.7
v 5 4.2 0.1
v 5 4.2 0
v 5 4.2 -0.1
v 5 4.2 -0.3
v 5 4.2 -0.6
v 5 4.2 -0.7
v 5 4.2 -1
v 5 4.3 0.1
v 5 4.3 0
v 5 4.3 -0.6
v 5 4.3 -0.7
v 5 4.3 -1
v 5 4.4 -0.6
v 5 4.4 -0.7
v -3.2 3.9 0.2
v -3.2 4.2 0.2
v -3.2 4.5 0.2
v -3.1 4.2 0.2
v -3.1 4.3 0.2
v -3.1 4.6 0.2
v -3.1 4.7 0.2
v -3.1 4.9 0.2
v -3 4.9 0.2
v -3 5.2 0.2
v -2.9 4.3 0.2
v -2.9 4.4 0.2
v -2.9 4.7 0.2
v -2.9 4.9 0.2
v -2.8 4.9 0.2
v -2.8 5 0.2
v -2.8 5.5 0.2
v -2.8 5.6 0.2
v -2.7 3.9 0.2
v -2.7 4 0.2
v -2.7 5.6 0.2
v -2.7 5.8 0.2
v -2.6 4.4 0.2
v -2.6 4.5 0.2
v -2.6 5.8 0.2
v -2.6 6 0.2
v -2.5 5 0.2
v -2.5 5.1 0.2
v -2.5 5.4 0.2
v -2.5 5.5 0.2
v -2.5 5.7 0.2
v -2.5 5.9 0.2
v -2.5 6 0.2
v -2.4 5.5 0.2
v -2.4 5.7 0.2
v -2.4 6 0.2
v -2.4 6.2 0.2
v -2.3 4.4 0.2
v -2.3 4.5 0.2
v -2.3 5.1 0.2
v -2.3 5.2 0.2
v -2.3 5.8 0.2
v -2.3 5.9 0.2
v -2.3 6.2 0.2
v -2.3 6.4 0.2
v -2.2 5.9 0.2
v -2.2 6 0.2
v -2.2 6.4 0.2
v -2.2 6.5 0.2
v -2.1 5.3 0.2
v -2.1 5.4 0.2
v -2.1 5.7 0.2
v -2.1 5.8 0.2
v -2.1 6.2 0.2
v -2.1 6.4 0.2
v -2.1 6.5 0.2
v -2 5.8 0.2
v -2 5.9 0.2
v -2 6.2 0.2
v -2 6.3 0.2
v -2 6.4 0.2
v -2 6.5 0.2
v -2 6.7 0.2
v -1.9 4.6 0.2
v -1.9 4.7 0.2
v -1.9 5.6 0.2
v -1.9 5.7 0.2
v -1.9 6.2 0.2
v -1.9 6.3 0.2
v -1.9 6.4 0.2
v -1.9 6.5 0.2
v -1.9 6.7 0.2
v -1.9 6.8 0.2
v -1.8 4 0.2
v -1.8 4.1 0.2
v -1.8 5.5 0.2
v -1.8 5.6 0.2
v -1.8 5.7 0.2
v -1.8 5.8 0.2
v -1.8 6.1 0.2
v -1.8 6.2 0.2
v -1.8 6.3 0.2
v -1.8 6.4 0.2
v -1.8 6.6 0.2
v -1.7 5 0.2
v -1.7 5.1 0.2
v -1.7 5.2 0.2
v -1.7 5.3 0.2
v -1.7 5.6 0.2
v -1.7 5.7 0.2
v -1.7 6 0.2
v -1.7 6.1 0.2
v -1.7 6.2 0.2
v -1.7 6.3 0.2
v -1.7 6.6 0.2
v -1.7 6.8 0.2
v -1.7 6.9 0.2
v -1.6 4.3 0.2
v -1.6 4.4 0.2
v -1.6 5.9 0.2
v -1.6 6 0.2
v -1.6 6.1 0.2
v -1.6 6.2 0.2
v -1.6 6.8 0.2
v -1.6 6.9 0.2
v -1.5 4.2 0.2
v -1.5 4.3 0.2
v -1.5 4.9 0.2
v -1.5 5 0.2
v -1.5 5.4 0.2
v -1.5 5.5 0.2
v -1.5 5.6 0.2
v -1.5 5.8 0.2
v -1.5 5.9 0.2
v -1.5 6.7 0.2
v -1.5 6.8 0.2
v -1.5 6.9 0.2
v -1.5 7.1 0.2
v -1.4 4.1 0.2
v -1.4 4.2 0.2
v -1.4 4.8 0.2
v -1.4 4.9 0.2
v -1.4 5.2 0.2
v -1.4 5.3 0.2
v -1.4 6 0.2
v -1.4 6.1 0.2
v -1.4 6.5 0.2
v -1.4 6.7 0.2
v -1.4 6.8 0.2
v -1.4 6.9 0.2
v -1.3 4.7 0.2
v -1.3 4.8 0.2
v -1.3 5.1 0.2
v -1.3 5.2 0.2
v -1.3 5.3 0.2
v -1.3 5.4 0.2
v -1.3 5.5 0.2
v -1.3 5.7 0.2
v -1.3 5.8 0.2
v -1.3 5.9 0.2
v -1.3 6 0.2
v -1.3 6.4 0.2
v -1.3 6.5 0.2
v -1.3 6.6 0.2
v -1.3 6.7 0.2
v -1.3 6.8 0.2
v -1.3 7.1 0.2
v -1.3 7.2 0.2
v -1.2 4.1 0.2
v -1.2 4.4 0.2
v -1.2 4.7 0.2
v -1.2 4.8 0.2
v -1.2 5.6 0.2
v -1.2 5.7 0.2
v -1.2 5.8 0.2
v -1.2 5.9 0.2
v -1.2 6.3 0.2
v -1.2 6.4 0.2
v -1.2 6.5 0.2
v -1.2 6.6 0.2
v -1.2 6.7 0.2
v -1.2 6.9 0.2
v -1.2 7.2 0.2
v -1.2 7.3 0.2
v -1.1 4.8 0.2
v -1.1 5 0.2
v -1.1 5.2 0.2
v -1.1 5.3 0.2
v -1.1 5.4 0.2
v -1.1 5.6 0.2
v -1.1 5.7 0.2
v -1.1 5.8 0.2
v -1.1 6.1 0.2
v -1.1 6.3 0.2
v -1.1 6.4 0.2
v -1.1 6.5 0.2
v -1.1 6.9 0.2
v -1.1 7.2 0.2
v -1.1 7.3 0.2
v -1 5.1 0.2
v -1 5.2 0.2
v -1 5.5 0.2
v -1 5.6 0.2
v -1 5.7 0.2
v -1 6.2 0.2
v -1 6.4 0.2
v -1 7 0.2
v -1 7.2 0.2
v -0.9 5.3 0.2
v -0.9 5.5 0.2
v -0.9 5.6 0.2
v -0.9 5.7 0.2
v -0.9 6 0.2
v -0.9 6.1 0.2
v -0.9 6.2 0.2
v -0.9 6.8 0.2
v -0.9 7 0.2
v -0.9 7.3 0.2
v -0.9 7.4 0.2
v -0.8 5.7 0.2
v -0.8 5.8 0.2
v -0.8 6 0.2
v -0.8 6.1 0.2
v -0.8 6.6 0.2
v -0.8 6.8 0.2
v -0.8 7 0.2
v -0.8 7.1 0.2
v -0.8 7.3 0.2
v -0.8 7.4 0.2
v -0.8 7.5 0.2
v -0.7 5.5 0.2
v -0.7 5.6 0.2
v -0.7 5.7 0.2
v -0.7 5.8 0.2
v -0.7 5.9 0.2
v -0.7 6 0.2
v -0.7 6.4 0.2
v -0.7 6.6 0.2
v -0.7 6.8 0.2
v -0.7 7 0.2
v -0.7 7.1 0.2
v -0.7 7.3 0.2
v -0.6 5.6 0.2
v -0.6 5.7 0.2
v -0.6 5.8 0.2
v -0.6 5.9 0.2
v -0.6 6.1 0.2
v -0.6 6.2 0.2
v -0.6 6.4 0.2
v -0.6 6.6 0.2
v -0.6 6.8 0.2
v -0.6 7.3 0.2
v -0.6 7.5 0.2
v -0.5 5.7 0.2
v -0.5 5.8 0.2
v -0.5 6 0.2
v -0.5 6.1 0.2
v -0.5 6.2 0.2
v -0.5 6.4 0.2
v -0.5 6.6 0.2
v -0.5 7.5 0.2
v -0.5 7.6 0.2
v -0.4 5.8 0.2
v -0.4 6 0.2
v -0.4 6.2 0.2
v -0.4 6.4 0.2
v -0.4 7.1 0.2
v -0.4 7.6 0.2
v -0.3 6 0.2
v -0.3 6.1 0.2
v -0.3 6.2 0.2
v -0.3 6.9 0.2
v -0.3 7.1 0.2
v -0.3 7.5 0.2
v -0.3 7.6 0.2
v -0.2 6.1 0.2
v -0.2 6.3 0.2
v -0.2 6.6 0.2
v -0.2 6.9 0.2
v -0.2 7 0.2
v -0.2 7.5 0.2
v -0.2 7.6 0.2
v -0.2 7.7 0.2
v -0.0999999 6 0.2
v -0.0999999 6.1 0.2
v -0.0999999 6.3 0.2
v -0.0999999 6.6 0.2
v -0.0999999 6.7 0.2
v -0.0999999 7 0.2
v -0.0999999 7.6 0.2
v -0.0999999 7.7 0.2
v 0 6.1 0.2
v 0 6.3 0.2
v 0 6.4 0.2
v 0 6.5 0.2
v 0 6.7 0.2
v 0 7.3 0.2
v 0 7.6 0.2
v 0.1 6.2 0.2
v 0.1 6.4 0.2
v 0.1 6.9 0.2
v 0.1 7.3 0.2
v 0.2 6.4 0.2
v 0.2 6.5 0.2
v 0.2 7 0.2
v 0.2 7.7 0.2
v 0.3 6.6 0.2
v 0.3 6.9 0.2
v 0.3 7 0.2
v 0.3 7.4 0.2
v 0.3 7.7 0.2
v 0.3 7.8 0.2
v 0.4 6.2 0.2
v 0.4 6.4 0.2
v 0.4 6.6 0.2
v 0.4 7 0.2
v 0.4 7.4 0.2
v 0.4 7.6 0.2
v 0.4 7.7 0.2
v 0.5 6.6 0.2
v 0.5 6.7 0.2
v 0.5 7 0.2
v 0.6 6.3 0.2
v 0.6 6.6 0.2
v 0.6 7.4 0.2
v 0.6 7.6 0.2
v 0.7 6.3 0.2
v 0.7 6.7 0.2
v 0.7 7 0.2
v 0.7 7.4 0.2
v 0.8 6.7 0.2
v 0.8 7 0.2
v 0.8 7.1 0.2
v 0.8 7.8 0.2
v 0.9 6.3 0.2
v 0.9 6.7 0.2
v 0.9 7.1 0.2
v 1.1 6.3 0.2
v 1.1 6.7 0.2
v 1.1 7.1 0.2
v 1.2 6.7 0.2
v 1.2 7 0.2
v 1.2 7.1 0.2
v 1.2 7.8 0.2
v 1.3 6.3 0.2
v 1.3 6.7 0.2
v 1.3 7 0.2
v 1.3 7.4 0.2
v 1.4 6.3 0.2
v 1.4 6.6 0.2
v 1.4 6.8 0.2
v 1.4 6.9 0.2
v 1.4 7.4 0.2
v 1.4 7.6 0.2
v 1.5 6.6 0.2
v 1.5 6.7 0.2
v 1.5 6.8 0.2
v 1.5 6.9 0.2
v 1.5 7.2 0.2
v 1.5 7.7 0.2
v 1.5 7.8 0.2
v 1.6 6.2 0.2
v 1.6 6.4 0.2
v 1.6 6.6 0.2
v 1.6 7.2 0.2
v 1.6 7.4 0.2
v 1.6 7.6 0.2
v 1.6 7.7 0.2
v 1.7 6.6 0.2
v 1.7 6.9 0.2
v 1.7 7.4 0.2
v 1.7 7.6 0.2
v 1.8 6.4 0.2
v 1.8 6.5 0.2
v 1.8 6.7 0.2
v 1.8 6.9 0.2
v 1.8 7.6 0.2
v 1.9 6.2 0.2
v 1.9 6.5 0.2
v 1.9 6.7 0.2
v 1.9 6.9 0.2
v 1.9 7.3 0.2
v 2 6.1 0.2
v 2 6.3 0.2
v 2 7.3 0.2
v 2 7.4 0.2
v 2 7.5 0.2
v 2 7.6 0.2
v 2.1 6 0.2
v 2.1 6.1 0.2
v 2.1 6.3 0.2
v 2.1 6.5 0.2
v 2.1 6.7 0.2
v 2.1 7 0.2
v 2.1 7.4 0.2
v 2.1 7.5 0.2
v 2.2 6 0.2
v 2.2 6.3 0.2
v 2.2 6.5 0.2
v 2.2 6.9 0.2
v 2.2 7 0.2
v 2.2 7.3 0.2
v 2.3 6.2 0.2
v 2.3 6.5 0.2
v 2.3 6.9 0.2
v 2.3 7.1 0.2
v 2.4 5.9 0.2
v 2.4 6 0.2
v 2.4 6.2 0.2
v 2.4 6.4 0.2
v 2.4 7.1 0.2
v 2.4 7.2 0.2
v 2.5 5.9 0.2
v 2.5 6 0.2
v 2.5 6.4 0.2
v 2.5 6.6 0.2
v 2.5 7 0.2
v 2.5 7.2 0.2
v 2.6 6 0.2
v 2.6 6.4 0.2
v 2.6 6.6 0.2
v 2.6 6.8 0.2
v 2.6 7 0.2
v 2.6 7.1 0.2
v 2.7 5.5 0.2
v 2.7 5.6 0.2
v 2.7 6 0.2
v 2.7 6.1 0.2
v 2.7 6.4 0.2
v 2.7 6.6 0.2
v 2.7 6.8 0.2
v 2.7 7 0.2
v 2.8 5.6 0.2
v 2.8 5.7 0.2
v 2.8 5.9 0.2
v 2.8 6 0.2
v 2.8 6.3 0.2
v 2.8 6.4 0.2
v 2.8 6.6 0.2
v 2.8 6.8 0.2
v 2.8 7 0.2
v 2.8 7.1 0.2
v 2.9 5.3 0.2
v 2.9 5.5 0.2
v 2.9 5.6 0.2
v 2.9 5.7 0.2
v 2.9 6.1 0.2
v 2.9 6.2 0.2
v 2.9 6.4 0.2
v 2.9 6.6 0.2
v 2.9 6.8 0.2
v 2.9 6.9 0.2
v 3 5.1 0.2
v 3 5.2 0.2
v 3 5.6 0.2
v 3 5.7 0.2
v 3 5.8 0.2
v 3 5.9 0.2
v 3 6 0.2
v 3 6.1 0.2
v 3 6.2 0.2
v 3 6.3 0.2
v 3 6.6 0.2
v 3 6.9 0.2
v 3.1 4.8 0.2
v 3.1 5 0.2
v 3.1 5.1 0.2
v 3.1 5.2 0.2
v 3.1 5.3 0.2
v 3.1 5.4 0.2
v 3.1 5.5 0.2
v 3.1 6 0.2
v 3.1 6.1 0.2
v 3.1 6.2 0.2
v 3.1 6.3 0.2
v 3.2 4.1 0.2
v 3.2 4.4 0.2
v 3.2 4.7 0.2
v 3.2 4.8 0.2
v 3.2 5.4 0.2
v 3.2 5.5 0.2
v 3.2 5.8 0.2
v 3.2 5.9 0.2
v 3.2 6 0.2
v 3.2 6.1 0.2
v 3.2 6.2 0.2
v 3.2 6.3 0.2
v 3.3 4.7 0.2
v 3.3 4.8 0.2
v 3.3 5.6 0.2
v 3.3 5.7 0.2
v 3.3 5.9 0.2
v 3.3 6 0.2
v 3.4 4.1 0.2
v 3.4 4.2 0.2
v 3.4 4.8 0.2
v 3.4 4.9 0.2
v 3.4 5.2 0.2
v 3.4 5.3 0.2
v 3.4 5.6 0.2
v 3.4 5.7 0.2
v 3.4 5.8 0.2
v 3.4 6.1 0.2
v 3.4 6.2 0.2
v 3.5 4.2 0.2
v 3.5 4.3 0.2
v 3.5 4.9 0.2
v 3.5 5 0.2
v 3.5 5.7 0.2
v 3.5 5.8 0.2
v 3.6 4.3 0.2
v 3.6 4.4 0.2
v 3.7 4.9 0.2
v 3.7 5 0.2
v 3.8 4 0.2
v 3.8 4.1 0.2
v 3.9 4.3 0.2
v 3.9 4.4 0.2
v 3.9 4.6 0.2
v 3.9 4.7 0.2
v 4.3 4.7 0.2
v 4.3 4.9 0.2
v 4.4 4.3 0.2
v 4.4 4.4 0.2
v 4.4 4.6 0.2
v 4.4 4.7 0.2
v 4.6 4.2 0.2
v 4.6 4.3 0.2
v 4.7 4 0.2
v 4.7 4.2 0.2
v -3.1 3.7 0.1
v -3.1 3.9 0.1
v -3 4.5 0.1
v -3 4.6 0.1
v -2.7 3.9 0.1
v -2.7 4 0.1
v -2.7 5.2 0.1
v -2.7 5.5 0.1
v -2.6 4.5 0.1
v -2.5 5.4 0.1
v -2.5 5.5 0.1
v -2.4 5.9 0.1
v -2.4 6 0.1
v -2.3 4.4 0.1
v -2.3 4.5 0.1
v -2.3 5.1 0.1
v -2.3 5.2 0.1
v -2.3 5.8 0.1
v -2.3 5.9 0.1
v -2.2 5.9 0.1
v -2.2 6 0.1
v -2.1 5.3 0.1
v -2.1 5.4 0.1
v -2.1 5.7 0.1
v -2.1 5.8 0.1
v -2 5.8 0.1
v -2 5.9 0.1
v -2 6.3 0.1
v -2 6.4 0.1
v -1.9 4.6 0.1
v -1.9 4.7 0.1
v -1.9 5.6 0.1
v -1.9 5.7 0.1
v -1.9 6.2 0.1
v -1.9 6.3 0.1
v -1.9 6.4 0.1
v -1.8 4 0.1
v -1.8 4.1 0.1
v -1.8 5.5 0.1
v -1.8 5.6 0.1
v -1.8 5.7 0.1
v -1.8 5.8 0.1
v -1.8 6.1 0.1
v -1.8 6.2 0.1
v -1.8 6.3 0.1
v -1.8 6.4 0.1
v -1.7 5 0.1
v -1.7 5.1 0.1
v -1.7 5.2 0.1
v -1.7 5.3 0.1
v -1.7 5.6 0.1
v -1.7 5.7 0.1
v -1.7 6 0.1
v -1.7 6.1 0.1
v -1.7 6.2 0.1
v -1.7 6.3 0.1
v -1.6 4.4 0.1
v -1.6 5.9 0.1
v -1.6 6 0.1
v -1.6 6.1 0.1
v -1.6 6.2 0.1
v -1.5 5 0.1
v -1.5 5.4 0.1
v -1.5 5.5 0.1
v -1.5 5.6 0.1
v -1.5 5.8 0.1
v -1.5 5.9 0.1
v -1.5 6.7 0.1
v -1.5 6.8 0.1
v -1.4 4.1 0.1
v -1.4 5.2 0.1
v -1.4 6 0.1
v -1.4 6.1 0.1
v -1.4 6.5 0.1
v -1.4 6.7 0.1
v -1.4 6.8 0.1
v -1.3 3.7 0.1
v -1.3 4.1 0.1
v -1.3 4.4 0.1
v -1.3 4.7 0.1
v -1.3 5.1 0.1
v -1.3 5.2 0.1
v -1.3 5.3 0.1
v -1.3 5.4 0.1
v -1.3 5.5 0.1
v -1.3 5.7 0.1
v -1.3 5.8 0.1
v -1.3 5.9 0.1
v -1.3 6 0.1
v -1.3 6.4 0.1
v -1.3 6.5 0.1
v -1.3 6.6 0.1
v -1.3 6.7 0.1
v -1.3 6.8 0.1
v -1.2 5 0.1
v -1.2 5.1 0.1
v -1.2 5.6 0.1
v -1.2 5.7 0.1
v -1.2 5.8 0.1
v -1.2 5.9 0.1
v -1.2 6.3 0.1
v -1.2 6.4 0.1
v -1.2 6.5 0.1
v -1.2 6.6 0.1
v -1.1 5.3 0.1
v -1.1 5.4 0.1
v -1.1 5.6 0.1
v -1.1 5.7 0.1
v -1.1 5.8 0.1
v -1.1 6.1 0.1
v -1.1 6.3 0.1
v -1.1 6.4 0.1
v -1.1 6.5 0.1
v -1 5.6 0.1
v -1 5.7 0.1
v -1 6.2 0.1
v -1 6.4 0.1
v -1 7 0.1
v -1 7.2 0.1
v -0.9 6 0.1
v -0.9 6.1 0.1
v -0.9 6.2 0.1
v -0.9 6.8 0.1
v -0.9 7 0.1
v -0.8 5.8 0.1
v -0.8 6 0.1
v -0.8 6.1 0.1
v -0.8 6.6 0.1
v -0.8 6.8 0.1
v -0.8 7 0.1
v -0.8 7.1 0.1
v -0.8 7.2 0.1
v -0.7 5.8 0.1
v -0.7 5.9 0.1
v -0.7 6 0.1
v -0.7 6.4 0.1
v -0.7 6.6 0.1
v -0.7 6.8 0.1
v -0.7 7 0.1
v -0.6 6.2 0.1
v -0.6 6.4 0.1
v -0.6 6.6 0.1
v -0.6 6.8 0.1
v -0.5 6.1 0.1
v -0.5 6.2 0.1
v -0.5 6.4 0.1
v -0.5 6.6 0.1
v -0.4 6.2 0.1
v -0.4 6.4 0.1
v -0.4 7.1 0.1
v -0.4 7.4 0.1
v -0.3 6.1 0.1
v -0.3 6.2 0.1
v -0.3 6.9 0.1
v -0.3 7.1 0.1
v -0.2 6.6 0.1
v -0.2 6.9 0.1
v -0.2 7 0.1
v -0.2 7.4 0.1
v -0.0999999 6.3 0.1
v -0.0999999 6.6 0.1
v -0.0999999 6.7 0.1
v -0.0999999 7 0.1
v 0 6.3 0.1
v 0 6.4 0.1
v 0 6.5 0.1
v 0 6.7 0.1
v 0.1 6.3 0.1
v 0.1 6.4 0.1
v 0.2 7 0.1
v 0.2 7.6 0.1
v 0.3 6.6 0.1
v 0.3 6.9 0.1
v 0.3 7 0.1
v 0.3 7.4 0.1
v 0.3 7.6 0.1
v 0.4 6.4 0.1
v 0.4 6.6 0.1
v 0.4 7 0.1
v 0.4 7.4 0.1
v 0.5 6.6 0.1
v 0.5 6.7 0.1
v 0.5 7 0.1
v 0.6 6.4 0.1
v 0.6 6.6 0.1
v 0.8 7.1 0.1
v 0.8 7.7 0.1
v 0.9 6.4 0.1
v 0.9 6.7 0.1
v 0.9 7.1 0.1
v 1.1 6.4 0.1
v 1.1 6.7 0.1
v 1.1 7.1 0.1
v 1.2 7.1 0.1
v 1.2 7.7 0.1
v 1.4 6.4 0.1
v 1.4 6.6 0.1
v 1.4 6.8 0.1
v 1.4 6.9 0.1
v 1.5 6.6 0.1
v 1.5 6.7 0.1
v 1.5 6.8 0.1
v 1.5 6.9 0.1
v 1.5 7 0.1
v 1.5 7.2 0.1
v 1.5 7.7 0.1
v 1.5 7.8 0.1
v 1.6 6.4 0.1
v 1.6 6.6 0.1
v 1.6 6.8 0.1
v 1.6 6.9 0.1
v 1.6 7 0.1
v 1.6 7.2 0.1
v 1.6 7.4 0.1
v 1.6 7.6 0.1
v 1.6 7.7 0.1
v 1.6 7.8 0.1
v 1.7 6.6 0.1
v 1.7 6.9 0.1
v 1.7 7 0.1
v 1.7 7.4 0.1
v 1.7 7.6 0.1
v 1.7 7.7 0.1
v 1.8 6.7 0.1
v 1.8 6.9 0.1
v 1.8 7 0.1
v 1.8 7.6 0.1
v 1.8 7.7 0.1
v 1.9 6.3 0.1
v 1.9 6.4 0.1
v 1.9 6.5 0.1
v 1.9 6.7 0.1
v 1.9 6.9 0.1
v 2 6.3 0.1
v 2 6.4 0.1
v 2 6.7 0.1
v 2 7.3 0.1
v 2 7.4 0.1
v 2 7.6 0.1
v 2 7.7 0.1
v 2.1 6.3 0.1
v 2.1 6.5 0.1
v 2.1 6.6 0.1
v 2.1 6.7 0.1
v 2.1 7 0.1
v 2.1 7.3 0.1
v 2.1 7.4 0.1
v 2.2 6 0.1
v 2.2 6.1 0.1
v 2.2 6.3 0.1
v 2.2 6.5 0.1
v 2.2 6.6 0.1
v 2.2 6.9 0.1
v 2.2 7 0.1
v 2.2 7.2 0.1
v 2.3 6 0.1
v 2.3 6.1 0.1
v 2.3 6.2 0.1
v 2.3 6.3 0.1
v 2.3 6.5 0.1
v 2.3 6.9 0.1
v 2.3 7.1 0.1
v 2.3 7.2 0.1
v 2.4 5.8 0.1
v 2.4 5.9 0.1
v 2.4 6.2 0.1
v 2.4 6.4 0.1
v 2.5 5.7 0.1
v 2.5 5.8 0.1
v 2.5 5.9 0.1
v 2.5 6 0.1
v 2.5 6.1 0.1
v 2.5 6.4 0.1
v 2.5 6.6 0.1
v 2.6 5.7 0.1
v 2.6 5.8 0.1
v 2.6 5.9 0.1
v 2.6 6 0.1
v 2.6 6.1 0.1
v 2.6 6.4 0.1
v 2.6 6.6 0.1
v 2.6 6.8 0.1
v 2.7 5.6 0.1
v 2.7 5.7 0.1
v 2.7 5.8 0.1
v 2.7 5.9 0.1
v 2.7 6 0.1
v 2.7 6.1 0.1
v 2.7 6.4 0.1
v 2.7 6.6 0.1
v 2.7 6.8 0.1
v 2.8 5.6 0.1
v 2.8 5.7 0.1
v 2.8 5.8 0.1
v 2.8 5.9 0.1
v 2.8 6 0.1
v 2.8 6.3 0.1
v 2.8 6.4 0.1
v 2.8 6.6 0.1
v 2.8 6.8 0.1
v 2.9 5.7 0.1
v 2.9 6.1 0.1
v 2.9 6.2 0.1
v 2.9 6.3 0.1
v 2.9 6.4 0.1
v 3 5.5 0.1
v 3 5.6 0.1
v 3 5.7 0.1
v 3 5.8 0.1
v 3 5.9 0.1
v 3 6 0.1
v 3 6.1 0.1
v 3 6.2 0.1
v 3 6.3 0.1
v 3 6.5 0.1
v 3 6.6 0.1
v 3.1 5.1 0.1
v 3.1 5.2 0.1
v 3.1 5.3 0.1
v 3.1 5.4 0.1
v 3.1 5.5 0.1
v 3.1 5.6 0.1
v 3.1 6 0.1
v 3.1 6.1 0.1
v 3.1 6.2 0.1
v 3.1 6.3 0.1
v 3.1 6.5 0.1
v 3.1 6.6 0.1
v 3.2 5 0.1
v 3.2 5.1 0.1
v 3.2 5.2 0.1
v 3.2 5.4 0.1
v 3.2 5.5 0.1
v 3.2 5.7 0.1
v 3.2 5.8 0.1
v 3.2 5.9 0.1
v 3.2 6 0.1
v 3.2 6.1 0.1
v 3.2 6.2 0.1
v 3.2 6.3 0.1
v 3.3 3.7 0.1
v 3.3 4.1 0.1
v 3.3 4.4 0.1
v 3.3 4.7 0.1
v 3.3 5.1 0.1
v 3.3 5.2 0.1
v 3.3 5.6 0.1
v 3.3 5.7 0.1
v 3.3 5.8 0.1
v 3.3 6 0.1
v 3.3 6.1 0.1
v 3.3 6.2 0.1
v 3.3 6.3 0.1
v 3.4 4.1 0.1
v 3.4 5.2 0.1
v 3.4 5.3 0.1
v 3.4 5.6 0.1
v 3.4 5.7 0.1
v 3.4 5.8 0.1
v 3.4 5.9 0.1
v 3.5 5 0.1
v 3.5 5.7 0.1
v 3.5 5.8 0.1
v 3.5 5.9 0.1
v 3.6 4.3 0.1
v 3.6 4.4 0.1
v 3.6 5.7 0.1
v 3.6 5.8 0.1
v 3.6 5.9 0.1
v 3.7 4.9 0.1
v 3.7 5 0.1
v 3.7 5.5 0.1
v 3.7 5.7 0.1
v 3.7 5.8 0.1
v 3.7 5.9 0.1
v 3.8 4 0.1
v 3.8 4.1 0.1
v 3.8 5.2 0.1
v 3.8 5.3 0.1
v 3.9 4.3 0.1
v 3.9 4.4 0.1
v 3.9 4.6 0.1
v 3.9 4.7 0.1
v 3.9 5.3 0.1
v 3.9 5.5 0.1
v 4 5.1 0.1
v 4 5.2 0.1
v 4.1 5.4 0.1
v 4.1 5.5 0.1
v 4.2 5.1 0.1
v 4.2 5.2 0.1
v 4.2 5.4 0.1
v 4.2 5.5 0.1
v 4.3 4.4 0.1
v 4.3 4.6 0.1
v 4.3 4.8 0.1
v 4.3 4.9 0.1
v 4.4 4.3 0.1
v 4.4 4.4 0.1
v 4.4 4.8 0.1
v 4.4 4.9 0.1
v 4.4 5 0.1
v 4.4 5.2 0.1
v 4.5 4.3 0.1
v 4.5 4.4 0.1
v 4.5 4.9 0.1
v 4.5 5 0.1
v 4.6 4.2 0.1
v 4.6 4.3 0.1
v 4.7 3.8 0.1
v 4.7 3.9 0.1
v 4.7 4 0.1
v 4.7 4.1 0.1
v 4.7 4.2 0.1
v 4.7 4.3 0.1
v 4.7 4.4 0.1
v 4.8 3.7 0.1
v 4.8 3.8 0.1
v 4.8 3.9 0.1
v 4.8 4 0.1
v 4.8 4.1 0.1
v 4.8 4.2 0.1
v 4.8 4.3 0.1
v 4.8 4.4 0.1
v 4.9 4 0.1
v 4.9 4.2 0.1
v 4.9 4.3 0.1
v 5 4.2 0.1
v 5 4.3 0.1
v 1.5 6.8 0
v 1.5 6.9 0
v 1.6 6.8 0
v 1.6 6.9 0
v 2 7.5 0
v 2 7.6 0
v 2.1 7.3 0
v 2.1 7.4 0
v 2.1 7.5 0
v 2.1 7.6 0
v 2.2 7.2 0
v 2.2 7.3 0
v 2.2 7.4 0
v 2.3 7.1 0
v 2.3 7.2 0
v 2.3 7.3 0
v 2.4 7.1 0
v 2.4 7.2 0
v 2.4 7.3 0
v 2.4 7.4 0
v 2.6 5.6 0
v 2.6 5.7 0
v 2.7 5.6 0
v 2.7 5.7 0
v 2.7 6.8 0
v 2.7 6.9 0
v 2.8 6.8 0
v 2.8 6.9 0
v 2.9 6.3 0
v 2.9 6.6 0
v 3 6.5 0
v 3 6.6 0
v 3.1 6.4 0
v 3.1 6.5 0
v 3.2 5.7 0
v 3.2 5.9 0
v 3.2 6.3 0
v 3.2 6.4 0
v 3.3 5.7 0
v 3.3 5.8 0
v 3.3 5.9 0
v 3.3 6 0
v 3.3 6.2 0
v 3.3 6.3 0
v 3.3 6.4 0
v 3.4 5.8 0
v 3.4 5.9 0
v 3.4 6 0
v 3.4 6.1 0
v 3.4 6.2 0
v 3.5 5.8 0
v 3.5 5.9 0
v 3.5 6 0
v 3.5 6.1 0
v 3.5 6.3 0
v 3.5 6.4 0
v 3.6 5.7 0
v 3.6 5.8 0
v 3.6 5.9 0
v 3.6 6 0
v 3.6 6.2 0
v 3.6 6.3 0
v 3.7 5.5 0
v 3.7 5.6 0
v 3.7 5.7 0
v 3.7 5.8 0
v 3.7 5.9 0
v 3.7 6.2 0
v 3.8 5.2 0
v 3.8 5.3 0
v 3.8 6.1 0
v 3.8 6.2 0
v 3.9 5.3 0
v 3.9 5.5 0
v 3.9 5.6 0
v 3.9 6 0
v 3.9 6.1 0
v 3.9 6.2 0
v 4 5.1 0
v 4 5.2 0
v 4 5.5 0
v 4 5.6 0
v 4 6 0
v 4 6.1 0
v 4.1 5.2 0
v 4.1 5.3 0
v 4.1 5.4 0
v 4.1 5.5 0
v 4.1 5.6 0
v 4.2 5.1 0
v 4.2 5.2 0
v 4.2 5.3 0
v 4.2 5.4 0
v 4.3 4.7 0
v 4.3 4.8 0
v 4.4 4.7 0
v 4.4 4.8 0
v 4.4 4.9 0
v 4.5 4.7 0
v 4.5 4.9 0
v 4.7 4.1 0
v 4.7 4.3 0
v 4.8 4.1 0
v 4.8 4.2 0
v 4.8 4.3 0
v 4.9 4 0
v 4.9 4.1 0
v 4.9 4.2 0
v 4.9 4.3 0
v 5 4 0
v 5 4.1 0
v 2.1 7.4 -0.1
v 2.1 7.5 -0.1
v 2.2 7.4 -0.1
v 2.2 7.5 -0.1
v 2.4 7 -0.1
v 2.4 7.1 -0.1
v 2.6 6.9 -0.1
v 2.6 7 -0.1
v 2.7 6.9 -0.1
v 2.7 7.1 -0.1
v 2.8 6.6 -0.1
v 2.8 6.8 -0.1
v 2.8 6.9 -0.1
v 2.8 7 -0.1
v 2.9 6.6 -0.1
v 2.9 6.8 -0.1
v 2.9 6.9 -0.1
v 2.9 7 -0.1
v 3.3 6 -0.1
v 3.3 6.2 -0.1
v 3.4 5.9 -0.1
v 3.4 6 -0.1
v 3.4 6.1 -0.1
v 3.4 6.2 -0.1
v 3.5 6 -0.1
v 3.6 5.9 -0.1
v 3.6 6 -0.1
v 3.7 5.6 -0.1
v 3.7 5.8 -0.1
v 3.7 5.9 -0.1
v 3.7 6.2 -0.1
v 3.8 5.8 -0.1
v 3.8 5.9 -0.1
v 3.8 6.1 -0.1
v 3.8 6.2 -0.1
v 3.9 5.5 -0.1
v 3.9 5.6 -0.1
v 3.9 5.7 -0.1
v 3.9 6 -0.1
v 3.9 6.1 -0.1
v 4 5.5 -0.1
v 4 5.6 -0.1
v 4 5.7 -0.1
v 4 6 -0.1
v 4.1 5.2 -0.1
v 4.1 5.3 -0.1
v 4.1 5.5 -0.1
v 4.1 5.6 -0.1
v 4.1 5.7 -0.1
v 4.2 5.3 -0.1
v 4.2 5.5 -0.1
v 4.2 5.6 -0.1
v 4.3 4.4 -0.1
v 4.3 4.5 -0.1
v 4.3 5.1 -0.1
v 4.3 5.2 -0.1
v 4.3 5.5 -0.1
v 4.4 4.3 -0.1
v 4.4 4.4 -0.1
v 4.4 4.5 -0.1
v 4.4 5.1 -0.1
v 4.4 5.2 -0.1
v 4.5 4.3 -0.1
v 4.5 4.4 -0.1
v 4.7 3.7 -0.1
v 4.7 3.9 -0.1
v 4.8 3.7 -0.1
v 4.8 3.9 -0.1
v 4.9 4.1 -0.1
v 4.9 4.2 -0.1
v 5 4.1 -0.1
v 5 4.2 -0.1
v 2.9 6.6 -0.2
v 2.9 6.8 -0.2
v 3 6.5 -0.2
v 3 6.6 -0.2
v 3 6.7 -0.2
v 3.1 6.4 -0.2
v 3.1 6.5 -0.2
v 3.1 6.7 -0.2
v 3.1 6.8 -0.2
v 3.2 6.3 -0.2
v 3.2 6.4 -0.2
v 3.2 6.5 -0.2
v 3.2 6.6 -0.2
v 3.2 6.7 -0.2
v 3.3 6.4 -0.2
v 3.3 6.5 -0.2
v 3.3 6.6 -0.2
v 3.3 6.7 -0.2
v 3.4 6 -0.2
v 3.4 6.1 -0.2
v 3.4 6.3 -0.2
v 3.4 6.4 -0.2
v 3.4 6.5 -0.2
v 3.4 6.6 -0.2
v 3.5 6 -0.2
v 3.5 6.1 -0.2
v 3.6 6.1 -0.2
v 3.6 6.2 -0.2
v 3.6 6.3 -0.2
v 3.7 5.8 -0.2
v 3.7 5.9 -0.2
v 3.7 6.1 -0.2
v 3.7 6.2 -0.2
v 3.8 5.8 -0.2
v 3.8 5.9 -0.2
v 3.8 6.1 -0.2
v 3.8 6.2 -0.2
v 3.8 6.3 -0.2
v 3.9 5.6 -0.2
v 3.9 5.7 -0.2
v 3.9 6 -0.2
v 3.9 6.1 -0.2
v 4 5.6 -0.2
v 4 5.7 -0.2
v 4 5.8 -0.2
v 4 6 -0.2
v 4 6.2 -0.2
v 4.1 5.7 -0.2
v 4.1 5.8 -0.2
v 4.3 4.5 -0.2
v 4.3 4.6 -0.2
v 4.4 4.4 -0.2
v 4.4 4.5 -0.2
v 4.4 4.6 -0.2
v 4.5 4.4 -0.2
v 4.5 4.6 -0.2
v 2.5 7.1 -0.3
v 2.5 7.2 -0.3
v 2.6 7.1 -0.3
v 2.6 7.2 -0.3
v 2.7 6.9 -0.3
v 2.7 7 -0.3
v 2.8 6.8 -0.3
v 2.8 6.9 -0.3
v 2.8 7 -0.3
v 2.9 6.8 -0.3
v 2.9 6.9 -0.3
v 3 6.6 -0.3
v 3 6.7 -0.3
v 3.1 6.6 -0.3
v 3.1 6.7 -0.3
v 3.3 6.2 -0.3
v 3.3 6.3 -0.3
v 3.3 6.4 -0.3
v 3.3 6.5 -0.3
v 3.4 6.1 -0.3
v 3.4 6.2 -0.3
v 3.4 6.3 -0.3
v 3.4 6.4 -0.3
v 3.4 6.5 -0.3
v 3.5 6.2 -0.3
v 3.5 6.3 -0.3
v 3.6 6.1 -0.3
v 3.6 6.2 -0.3
v 4.2 4.9 -0.3
v 4.2 5 -0.3
v 4.2 5.1 -0.3
v 4.2 5.2 -0.3
v 4.3 4.8 -0.3
v 4.3 4.9 -0.3
v 4.3 5 -0.3
v 4.3 5.1 -0.3
v 4.4 4.8 -0.3
v 4.4 5 -0.3
v 4.4 5.1 -0.3
v 4.4 5.2 -0.3
v 4.8 4.2 -0.3
v 4.8 4.3 -0.3
v 4.9 4.2 -0.3
v 4.9 4.3 -0.3
v 1.5 7.6 -0.4
v 1.5 7.7 -0.4
v 1.7 7.6 -0.4
v 1.7 7.7 -0.4
v 3.1 6.6 -0.4
v 3.1 6.7 -0.4
v 3.2 6.6 -0.4
v 3.2 6.7 -0.4
v 3.3 6.6 -0.4
v 3.3 6.7 -0.4
v 3.4 6.6 -0.4
v 3.4 6.7 -0.4
v 3.8 6.1 -0.4
v 3.8 6.2 -0.4
v 3.9 6.1 -0.4
v 3.9 6.2 -0.4
v 4 5.3 -0.4
v 4 5.4 -0.4
v 4.1 5.2 -0.4
v 4.1 5.3 -0.4
v 4.2 5.2 -0.4
v 4.2 5.3 -0.4
v 4.3 5 -0.4
v 4.3 5.1 -0.4
v 4.3 5.3 -0.4
v 4.3 5.4 -0.4
v 4.4 5 -0.4
v 4.4 5.1 -0.4
v 2 7.4 -0.5
v 2 7.5 -0.5
v 2 7.6 -0.5
v 2.1 7.4 -0.5
v 2.1 7.5 -0.5
v 2.1 7.6 -0.5
v 2.5 7 -0.5
v 2.5 7.1 -0.5
v 2.7 6.9 -0.5
v 2.7 7 -0.5
v 2.8 6.9 -0.5
v 2.8 7.1 -0.5
v 2.9 6.7 -0.5
v 2.9 6.8 -0.5
v 3 6.7 -0.5
v 3 6.8 -0.5
v 3.2 6.5 -0.5
v 3.2 6.6 -0.5
v 3.3 6.3 -0.5
v 3.3 6.5 -0.5
v 3.3 6.6 -0.5
v 3.4 6.2 -0.5
v 3.4 6.3 -0.5
v 3.4 6.5 -0.5
v 3.5 6.2 -0.5
v 3.5 6.3 -0.5
v 3.6 6.1 -0.5
v 3.6 6.2 -0.5
v 3.7 5.6 -0.5
v 3.7 5.8 -0.5
v 3.8 5.5 -0.5
v 3.8 5.6 -0.5
v 3.8 5.7 -0.5
v 3.8 5.8 -0.5
v 3.8 6.1 -0.5
v 3.8 6.2 -0.5
v 3.9 5.4 -0.5
v 3.9 5.5 -0.5
v 3.9 5.6 -0.5
v 3.9 5.7 -0.5
v 4 5.4 -0.5
v 4 5.6 -0.5
v 4.2 5.2 -0.5
v 4.2 5.3 -0.5
v 4.3 5.2 -0.5
v 4.3 5.3 -0.5
v 4.4 4.4 -0.5
v 4.4 4.5 -0.5
v 4.5 4.2 -0.5
v 4.5 4.3 -0.5
v 4.5 4.4 -0.5
v 4.5 4.5 -0.5
v 4.5 4.6 -0.5
v 4.6 4.2 -0.5
v 4.6 4.3 -0.5
v 4.6 4.5 -0.5
v 4.6 4.6 -0.5
v 4.8 4 -0.5
v 4.8 4.1 -0.5
v 4.9 4 -0.5
v 4.9 4.1 -0.5
v -2.6 4 -0.6
v -2.6 4.1 -0.6
v -2.5 4 -0.6
v -2.5 4.1 -0.6
v 1.2 7.7 -0.6
v 1.2 7.8 -0.6
v 1.3 7.7 -0.6
v 1.3 7.8 -0.6
v 2.8 6.8 -0.6
v 2.8 7.1 -0.6
v 2.9 6.8 -0.6
v 2.9 7.1 -0.6
v 3.2 6.6 -0.6
v 3.2 6.7 -0.6
v 3.3 6.5 -0.6
v 3.3 6.6 -0.6
v 3.3 6.7 -0.6
v 3.4 6.3 -0.6
v 3.4 6.5 -0.6
v 3.4 6.6 -0.6
v 3.5 5.8 -0.6
v 3.5 5.9 -0.6
v 3.5 6.2 -0.6
v 3.5 6.3 -0.6
v 3.5 6.5 -0.6
v 3.6 5.8 -0.6
v 3.6 5.9 -0.6
v 3.6 6 -0.6
v 3.6 6.2 -0.6
v 3.6 6.3 -0.6
v 3.7 5.9 -0.6
v 3.7 6 -0.6
v 3.9 5.6 -0.6
v 3.9 5.7 -0.6
v 4 5.4 -0.6
v 4 5.5 -0.6
v 4 5.6 -0.6
v 4 5.7 -0.6
v 4.1 5.3 -0.6
v 4.1 5.4 -0.6
v 4.1 5.5 -0.6
v 4.2 5.3 -0.6
v 4.2 5.4 -0.6
v 4.4 4.5 -0.6
v 4.4 4.6 -0.6
v 4.4 5 -0.6
v 4.4 5.1 -0.6
v 4.5 4 -0.6
v 4.5 4.1 -0.6
v 4.5 4.3 -0.6
v 4.5 4.5 -0.6
v 4.5 4.6 -0.6
v 4.5 5 -0.6
v 4.5 5.1 -0.6
v 4.6 3.7 -0.6
v 4.6 3.8 -0.6
v 4.6 4 -0.6
v 4.6 4.1 -0.6
v 4.6 4.2 -0.6
v 4.6 4.3 -0.6
v 4.6 4.4 -0.6
v 4.6 4.5 -0.6
v 4.6 4.6 -0.6
v 4.7 3.8 -0.6
v 4.7 3.9 -0.6
v 4.7 4.2 -0.6
v 4.7 4.3 -0.6
v 4.7 4.4 -0.6
v 4.7 4.6 -0.6
v 4.8 3.7 -0.6
v 4.8 3.9 -0.6
v 4.8 4.1 -0.6
v 4.8 4.2 -0.6
v 4.9 4.1 -0.6
v 4.9 4.3 -0.6
v 4.9 4.4 -0.6
v 5 4.1 -0.6
v 5 4.2 -0.6
v 5 4.3 -0.6
v 5 4.4 -0.6
v 0.7 7.7 -0.7
v 0.7 7.8 -0.7
v 0.8 7.7 -0.7
v 0.8 7.8 -0.7
v 2.1 7.1 -0.7
v 2.1 7.2 -0.7
v 2.2 6.9 -0.7
v 2.2 7 -0.7
v 2.2 7.1 -0.7
v 2.2 7.2 -0.7
v 2.3 6.9 -0.7
v 2.3 7 -0.7
v 2.5 7.1 -0.7
v 2.5 7.2 -0.7
v 2.7 7.1 -0.7
v 2.7 7.2 -0.7
v 3.1 6.6 -0.7
v 3.1 6.7 -0.7
v 3.2 6.6 -0.7
v 3.2 6.7 -0.7
v 3.6 5.8 -0.7
v 3.6 5.9 -0.7
v 3.7 5.9 -0.7
v 3.7 6 -0.7
v 3.8 5.7 -0.7
v 3.8 5.8 -0.7
v 3.8 6 -0.7
v 3.9 5.7 -0.7
v 3.9 5.8 -0.7
v 4.3 4.6 -0.7
v 4.3 4.7 -0.7
v 4.5 4.6 -0.7
v 4.5 4.7 -0.7
v 4.6 4.3 -0.7
v 4.6 4.4 -0.7
v 4.7 4.3 -0.7
v 4.7 4.4 -0.7
v 4.9 4.2 -0.7
v 4.9 4.3 -0.7
v 5 4.2 -0.7
v 5 4.3 -0.7
v 1.5 7.6 -0.8
v 1.5 7.7 -0.8
v 1.6 7.6 -0.8
v 1.6 7.7 -0.8
v 2.2 7 -0.8
v 2.2 7.2 -0.8
v 2.3 7 -0.8
v 2.3 7.2 -0.8
v 2.7 7 -0.8
v 2.7 7.1 -0.8
v 2.8 7 -0.8
v 2.8 7.1 -0.8
v 3.7 6 -0.8
v 3.7 6.1 -0.8
v 3.8 6 -0.8
v 3.8 6.1 -0.8
v 4.1 4.9 -0.8
v 4.1 5 -0.8
v 4.1 5.1 -0.8
v 4.1 5.2 -0.8
v 4.2 4.9 -0.8
v 4.2 5 -0.8
v 4.2 5.1 -0.8
v 4.2 5.2 -0.8
v 4.2 5.3 -0.8
v 4.3 5.2 -0.8
v 4.3 5.3 -0.8
v 4.6 3.7 -0.8
v 4.6 3.8 -0.8
v 4.7 3.7 -0.8
v 4.7 3.8 -0.8
v 4.8 4.2 -0.8
v 4.8 4.3 -0.8
v 4.9 4.2 -0.8
v 4.9 4.3 -0.8
v 2.3 7 -0.9
v 2.3 7.1 -0.9
v 2.4 7 -0.9
v 2.4 7.1 -0.9
v 2.4 7.2 -0.9
v 2.5 7.1 -0.9
v 2.5 7.2 -0.9
v 2.6 7.1 -0.9
v 2.6 7.2 -0.9
v 2.7 7.1 -0.9
v 2.7 7.2 -0.9
v 2.9 6.7 -0.9
v 2.9 6.8 -0.9
v 3 6.6 -0.9
v 3 6.7 -0.9
v 3 6.8 -0.9
v 3.2 6.4 -0.9
v 3.2 6.5 -0.9
v 3.2 6.6 -0.9
v 3.2 6.7 -0.9
v 3.3 6.4 -0.9
v 3.3 6.5 -0.9
v 3.7 5.8 -0.9
v 3.7 6 -0.9
v 3.8 5.7 -0.9
v 3.8 5.8 -0.9
v 3.8 6 -0.9
v 3.9 5.5 -0.9
v 3.9 5.6 -0.9
v 3.9 5.7 -0.9
v 3.9 5.8 -0.9
v 4 5.4 -0.9
v 4 5.5 -0.9
v 4 5.6 -0.9
v 4.1 5.4 -0.9
v 4.1 5.5 -0.9
v 4.7 4.2 -0.9
v 4.7 4.3 -0.9
v 4.8 4.2 -0.9
v 4.8 4.3 -0.9
v 1.2 7.7 -1
v 1.2 7.8 -1
v 1.4 7.7 -1
v 1.4 7.8 -1
v 1.8 7.5 -1
v 1.8 7.6 -1
v 2 7.2 -1
v 2 7.3 -1
v 2 7.4 -1
v 2 7.5 -1
v 2 7.6 -1
v 2.1 7.2 -1
v 2.1 7.3 -1
v 2.1 7.4 -1
v 2.1 7.5 -1
v 2.2 7.2 -1
v 2.2 7.3 -1
v 2.2 7.4 -1
v 2.3 7.1 -1
v 2.3 7.2 -1
v 2.3 7.3 -1
v 2.3 7.4 -1
v 2.4 7.1 -1
v 2.4 7.2 -1
v 3.3 6.2 -1
v 3.3 6.4 -1
v 3.4 6.2 -1
v 3.4 6.4 -1
v 4.1 5.1 -1
v 4.1 5.2 -1
v 4.2 5.1 -1
v 4.2 5.2 -1
v 4.7 3.7 -1
v 4.7 3.9 -1
v 4.8 3.7 -1
v 4.8 3.9 -1
v 1.4 7.7 -1.1
v 1.4 7.8 -1.1
v 1.5 7.7 -1.1
v 1.5 7.8 -1.1
v 2.9 6.9 -1.1
v 2.9 7 -1.1
v 3 6.9 -1.1
v 3 7 -1.1
v 3.2 6.5 -1.1
v 3.2 6.6 -1.1
v 3.2 6.7 -1.1
v 3.3 6.5 -1.1
v 3.3 6.7 -1.1
v 3.4 6.1 -1.1
v 3.4 6.4 -1.1
v 3.5 6.1 -1.1
v 3.5 6.4 -1.1
v 4 4.9 -1.1
v 4 5 -1.1
v 4.1 4.9 -1.1
v 4.1 5 -1.1
v 4.6 4.3 -1.1
v 4.6 4.4 -1.1
v 4.7 4.2 -1.1
v 4.7 4.3 -1.1
v 4.7 4.4 -1.1
v 4.9 4.2 -1.1
v 4.9 4.3 -1.1
v 1.5 7.7 -1.2
v 1.5 7.8 -1.2
v 1.6 7.7 -1.2
v 1.7 7.7 -1.2
v 1.7 7.8 -1.2
v 1.8 7.6 -1.2
v 1.8 7.7 -1.2
v 1.9 7.6 -1.2
v 1.9 7.7 -1.2
v 2 7.3 -1.2
v 2 7.4 -1.2
v 2.1 7.3 -1.2
v 2.1 7.4 -1.2
v 2.9 6.7 -1.2
v 2.9 6.8 -1.2
v 3 6.6 -1.2
v 3 6.7 -1.2
v 3 6.8 -1.2
v 3.1 6.6 -1.2
v 3.1 6.7 -1.2
v 4.2 4.6 -1.2
v 4.2 4.7 -1.2
v 4.3 4.6 -1.2
v 4.4 4.6 -1.2
v 4.4 4.7 -1.2
v 2.4 7 0.1
v 2.4 7.1 0.1
v 2.4 7.2 0.1
v 2.5 7 0.1
v 2.5 7.2 0.1
v 2.7 7 0.1
v 2.7 7.1 0.1
v 2.8 7 0.1
v 2.8 7.1 0.1
v 2.9 6.6 0.1
v 2.9 6.8 0.1
v 2.9 6.9 0.1
v 3 6.6 0.1
v 3 6.9 0.1
v 3.3 6.1 0.1
v 3.3 6.2 0.1
v 3.4 6.1 0.1
v 3.4 6.2 0.1
v 1.9 7.6 0
v 1.9 7.7 0
v 2 7.6 0
v 2 7.7 0
v 2.6 6.9 0
v 2.6 7 0
v 2.6 7.1 0
v 2.7 6.9 0
v 2.7 7.1 0
v 2.8 6.6 0
v 2.8 6.8 0
v 2.9 6.6 0
v 2.9 6.8 0
v 4.3 5.1 0
v 4.3 5.2 0
v 4.4 4.3 0
v 4.4 4.4 0
v 4.4 4.9 0
v 4.4 5 0
v 4.4 5.1 0
v 4.4 5.2 0
v 4.5 4.3 0
v 4.5 4.4 0
v 4.5 4.9 0
v 4.5 5 0
v 4.7 3.7 0
v 4.7 3.8 0
v 4.7 4.3 0
v 4.7 4.4 0
v 4.8 3.7 0
v 4.8 3.8 0
v 4.8 4.3 0
v 4.8 4.4 0
v 4.9 4.2 0
v 4.9 4.3 0
v 5 4.2 0
v 5 4.3 0
v 1.6 7.6 -0.1
v 1.6 7.7 -0.1
v 1.7 7.6 -0.1
v 1.7 7.7 -0.1
v 1.8 7.6 -0.1
v 1.8 7.7 -0.1
v 1.9 7.6 -0.1
v 1.9 7.7 -0.1
v 3 6.5 -0.1
v 3 6.6 -0.1
v 3.1 6.5 -0.1
v 3.1 6.6 -0.1
v 3.3 6.3 -0.1
v 3.3 6.4 -0.1
v 3.4 6.2 -0.1
v 3.4 6.3 -0.1
v 3.5 6.3 -0.1
v 3.5 6.4 -0.1
v 3.6 6.1 -0.1
v 3.6 6.2 -0.1
v 3.6 6.3 -0.1
v 3.7 6.1 -0.1
v 3.7 6.2 -0.1
v 3.8 6.1 -0.1
v 3.8 6.2 -0.1
v 3.9 6 -0.1
v 3.9 6.1 -0.1
v 3.9 6.2 -0.1
v 4 6 -0.1
v 4 6.1 -0.1
v 4.4 4.8 -0.1
v 4.4 4.9 -0.1
v 4.5 4.8 -0.1
v 4.5 4.9 -0.1
v 4.9 4 -0.1
v 4.9 4.1 -0.1
v 5 4 -0.1
v 5 4.1 -0.1
v 1.3 7.7 -0.2
v 1.3 7.8 -0.2
v 1.4 7.7 -0.2
v 1.4 7.8 -0.2
v 1.5 7.6 -0.2
v 1.5 7.7 -0.2
v 1.6 7.6 -0.2
v 1.6 7.8 -0.2
v 2.2 7.3 -0.2
v 2.2 7.4 -0.2
v 2.3 7.3 -0.2
v 2.4 7.3 -0.2
v 2.4 7.4 -0.2
v 2.8 6.9 -0.2
v 2.8 7 -0.2
v 2.9 6.9 -0.2
v 2.9 7 -0.2
v 3.3 6.2 -0.2
v 3.3 6.3 -0.2
v 3.4 6.1 -0.2
v 3.4 6.2 -0.2
v 3.4 6.3 -0.2
v 3.6 6.1 -0.2
v 3.6 6.2 -0.2
v 4.2 4.9 -0.2
v 4.2 5 -0.2
v 4.2 5.1 -0.2
v 4.2 5.4 -0.2
v 4.3 4.8 -0.2
v 4.3 4.9 -0.2
v 4.3 5 -0.2
v 4.3 5.1 -0.2
v 4.3 5.2 -0.2
v 4.3 5.4 -0.2
v 4.4 4.7 -0.2
v 4.4 4.8 -0.2
v 4.4 5.2 -0.2
v 4.5 4.7 -0.2
v 4.5 4.8 -0.2
v 4.7 3.8 -0.2
v 4.7 3.9 -0.2
v 4.8 3.8 -0.2
v 4.8 3.9 -0.2
v 4.8 4.2 -0.2
v 4.8 4.3 -0.2
v 4.9 4.2 -0.2
v 4.9 4.3 -0.2
v 2 7.5 -0.3
v 2 7.6 -0.3
v 2.1 7.5 -0.3
v 2.1 7.6 -0.3
v 2.2 7.2 -0.3
v 2.2 7.3 -0.3
v 2.3 7.2 -0.3
v 2.3 7.3 -0.3
v 2.6 7 -0.3
v 2.6 7.1 -0.3
v 2.7 7 -0.3
v 2.7 7.1 -0.3
v 3 6.7 -0.3
v 3 6.8 -0.3
v 3.1 6.7 -0.3
v 3.1 6.8 -0.3
v 3.2 6.6 -0.3
v 3.2 6.7 -0.3
v 3.3 6.6 -0.3
v 3.3 6.7 -0.3
v 3.6 6.2 -0.3
v 3.6 6.3 -0.3
v 3.8 6.1 -0.3
v 3.8 6.2 -0.3
v 3.8 6.3 -0.3
v 3.9 5.7 -0.3
v 3.9 5.9 -0.3
v 3.9 6 -0.3
v 3.9 6.1 -0.3
v 4 5.3 -0.3
v 4 5.5 -0.3
v 4 5.6 -0.3
v 4 5.7 -0.3
v 4 5.8 -0.3
v 4 5.9 -0.3
v 4 6 -0.3
v 4 6.2 -0.3
v 4.1 5.2 -0.3
v 4.1 5.3 -0.3
v 4.1 5.5 -0.3
v 4.1 5.6 -0.3
v 4.1 5.8 -0.3
v 4.2 5.2 -0.3
v 4.2 5.4 -0.3
v 4.2 5.5 -0.3
v 4.2 5.6 -0.3
v 4.3 5.4 -0.3
v 4.3 5.5 -0.3
v 4.4 4.5 -0.3
v 4.4 4.6 -0.3
v 4.5 4.2 -0.3
v 4.5 4.3 -0.3
v 4.5 4.5 -0.3
v 4.5 4.6 -0.3
v 4.6 4.2 -0.3
v 4.6 4.3 -0.3
v 4.7 3.7 -0.3
v 4.7 3.8 -0.3
v 4.7 4.2 -0.3
v 4.7 4.3 -0.3
v 4.8 3.7 -0.3
v 4.8 3.8 -0.3
v 4.9 4.1 -0.3
v 4.9 4.2 -0.3
v 5 4.1 -0.3
v 5 4.2 -0.3
v 1.2 7.7 -0.4
v 1.2 7.8 -0.4
v 1.3 7.7 -0.4
v 1.3 7.8 -0.4
v 2 7.4 -0.4
v 2 7.5 -0.4
v 2.1 7.1 -0.4
v 2.1 7.2 -0.4
v 2.1 7.3 -0.4
v 2.1 7.4 -0.4
v 2.1 7.5 -0.4
v 2.2 7.2 -0.4
v 2.2 7.3 -0.4
v 2.2 7.4 -0.4
v 2.2 7.5 -0.4
v 2.3 7 -0.4
v 2.3 7.1 -0.4
v 2.4 7 -0.4
v 2.4 7.1 -0.4
v 2.4 7.2 -0.4
v 2.5 7 -0.4
v 2.5 7.1 -0.4
v 2.5 7.2 -0.4
v 2.6 7 -0.4
v 2.6 7.2 -0.4
v 2.7 6.9 -0.4
v 2.7 7 -0.4
v 2.8 6.8 -0.4
v 2.8 6.9 -0.4
v 2.8 7 -0.4
v 2.9 6.7 -0.4
v 2.9 6.8 -0.4
v 2.9 6.9 -0.4
v 3 6.7 -0.4
v 3 6.8 -0.4
v 3.3 6.3 -0.4
v 3.3 6.5 -0.4
v 3.3 6.6 -0.4
v 3.4 6.2 -0.4
v 3.4 6.3 -0.4
v 3.4 6.6 -0.4
v 3.5 6.2 -0.4
v 3.5 6.3 -0.4
v 3.6 6.1 -0.4
v 3.6 6.2 -0.4
v 3.7 5.6 -0.4
v 3.7 5.8 -0.4
v 3.8 5.5 -0.4
v 3.8 5.6 -0.4
v 3.8 5.8 -0.4
v 3.8 5.9 -0.4
v 3.8 6.1 -0.4
v 3.8 6.2 -0.4
v 3.9 5.4 -0.4
v 3.9 5.5 -0.4
v 3.9 5.7 -0.4
v 3.9 5.9 -0.4
v 3.9 6 -0.4
v 4 5.4 -0.4
v 4 5.5 -0.4
v 4 5.6 -0.4
v 4 5.7 -0.4
v 4 5.9 -0.4
v 4 6 -0.4
v 4.1 5.5 -0.4
v 4.1 5.6 -0.4
v 4.4 4.4 -0.4
v 4.4 4.5 -0.4
v 4.5 4.4 -0.4
v 4.5 4.5 -0.4
v 4.6 3.7 -0.4
v 4.6 3.8 -0.4
v 4.7 3.7 -0.4
v 4.7 3.8 -0.4
v 4.8 4 -0.4
v 4.8 4.3 -0.4
v 4.9 4 -0.4
v 4.9 4.3 -0.4
v -2.6 4 -0.5
v -2.6 4.1 -0.5
v -2.5 4 -0.5
v -2.5 4.1 -0.5
v 1.6 7.6 -0.5
v 1.6 7.7 -0.5
v 1.7 7.6 -0.5
v 1.7 7.7 -0.5
v 2.2 7 -0.5
v 2.2 7.1 -0.5
v 2.3 7 -0.5
v 2.3 7.1 -0.5
v 3.1 6.6 -0.5
v 3.1 6.7 -0.5
v 3.2 6.6 -0.5
v 3.2 6.7 -0.5
v 3.3 6.6 -0.5
v 3.3 6.7 -0.5
v 3.4 6.6 -0.5
v 3.4 6.7 -0.5
v 3.5 5.8 -0.5
v 3.5 5.9 -0.5
v 3.6 5.9 -0.5
v 3.6 6 -0.5
v 3.8 5.8 -0.5
v 3.8 5.9 -0.5
v 3.8 6 -0.5
v 3.8 6.2 -0.5
v 3.9 5.9 -0.5
v 3.9 6.2 -0.5
v 4.1 5.3 -0.5
v 4.1 5.4 -0.5
v 4.2 5.3 -0.5
v 4.2 5.4 -0.5
v 4.3 4.7 -0.5
v 4.3 4.8 -0.5
v 4.4 4.7 -0.5
v 4.4 4.8 -0.5
v 4.5 4 -0.5
v 4.5 4.1 -0.5
v 4.6 4 -0.5
v 4.6 4.1 -0.5
v 4.7 4.2 -0.5
v 4.7 4.3 -0.5
v 4.8 4.2 -0.5
v 4.8 4.3 -0.5
v 0.7 7.7 -0.6
v 0.7 7.8 -0.6
v 0.8 7.7 -0.6
v 0.8 7.8 -0.6
v 1.5 7.6 -0.6
v 1.5 7.7 -0.6
v 1.6 7.6 -0.6
v 1.6 7.7 -0.6
v 2 7.4 -0.6
v 2 7.5 -0.6
v 2.1 7.4 -0.6
v 2.1 7.5 -0.6
v 2.2 6.9 -0.6
v 2.2 7 -0.6
v 2.3 6.9 -0.6
v 2.3 7 -0.6
v 3.7 6 -0.6
v 3.7 6.2 -0.6
v 3.8 6 -0.6
v 3.8 6.2 -0.6
v 4.2 4.9 -0.6
v 4.2 5 -0.6
v 4.2 5.3 -0.6
v 4.2 5.4 -0.6
v 4.3 4.6 -0.6
v 4.3 4.7 -0.6
v 4.3 4.8 -0.6
v 4.3 4.9 -0.6
v 4.3 5.1 -0.6
v 4.3 5.2 -0.6
v 4.3 5.3 -0.6
v 4.3 5.4 -0.6
v 4.4 4.6 -0.6
v 4.4 4.7 -0.6
v 4.4 4.8 -0.6
v 4.4 5 -0.6
v 4.4 5.1 -0.6
v 4.4 5.2 -0.6
v 1.2 7.7 -0.7
v 1.2 7.8 -0.7
v 1.3 7.7 -0.7
v 1.3 7.8 -0.7
v 2.7 7 -0.7
v 2.7 7.1 -0.7
v 2.8 6.9 -0.7
v 2.8 7 -0.7
v 2.9 6.9 -0.7
v 2.9 7.1 -0.7
v 3 6.6 -0.7
v 3 6.7 -0.7
v 3.1 6.6 -0.7
v 3.1 6.7 -0.7
v 3.2 6.6 -0.7
v 3.2 6.7 -0.7
v 3.3 6.3 -0.7
v 3.3 6.6 -0.7
v 3.3 6.7 -0.7
v 3.4 6.5 -0.7
v 3.4 6.6 -0.7
v 3.5 6.2 -0.7
v 3.5 6.3 -0.7
v 3.5 6.5 -0.7
v 3.6 6.1 -0.7
v 3.6 6.2 -0.7
v 3.6 6.3 -0.7
v 3.7 6.1 -0.7
v 3.7 6.2 -0.7
v 4.1 4.9 -0.7
v 4.1 5 -0.7
v 4.1 5.1 -0.7
v 4.1 5.2 -0.7
v 4.2 4.9 -0.7
v 4.2 5 -0.7
v 4.2 5.1 -0.7
v 4.2 5.2 -0.7
v 4.2 5.3 -0.7
v 4.3 5.1 -0.7
v 4.3 5.3 -0.7
v 4.5 5 -0.7
v 4.5 5.1 -0.7
v 4.6 3.7 -0.7
v 4.6 3.8 -0.7
v 4.6 4.5 -0.7
v 4.6 4.6 -0.7
v 4.7 3.8 -0.7
v 4.7 3.9 -0.7
v 4.7 4.5 -0.7
v 4.7 4.6 -0.7
v 4.8 3.7 -0.7
v 4.8 3.9 -0.7
v 4.9 4.1 -0.7
v 4.9 4.2 -0.7
v 4.9 4.3 -0.7
v 4.9 4.4 -0.7
v 5 4.1 -0.7
v 5 4.2 -0.7
v 5 4.3 -0.7
v 5 4.4 -0.7
v 2 7.3 -0.8
v 2 7.4 -0.8
v 2.1 7.3 -0.8
v 2.1 7.4 -0.8
v 2.6 7.1 -0.8
v 2.6 7.2 -0.8
v 2.7 7.1 -0.8
v 2.7 7.2 -0.8
v 2.9 6.7 -0.8
v 2.9 6.8 -0.8
v 3 6.7 -0.8
v 3 6.8 -0.8
v 3.1 6.6 -0.8
v 3.1 6.7 -0.8
v 3.2 6.4 -0.8
v 3.2 6.5 -0.8
v 3.2 6.6 -0.8
v 3.2 6.7 -0.8
v 3.3 6.4 -0.8
v 3.3 6.5 -0.8
v 3.4 6.2 -0.8
v 3.4 6.3 -0.8
v 3.5 6.1 -0.8
v 3.5 6.2 -0.8
v 3.5 6.3 -0.8
v 3.6 6 -0.8
v 3.6 6.1 -0.8
v 3.6 6.2 -0.8
v 3.7 5.8 -0.8
v 3.7 6 -0.8
v 3.7 6.1 -0.8
v 3.8 5.7 -0.8
v 3.8 5.8 -0.8
v 3.8 6 -0.8
v 3.9 5.5 -0.8
v 3.9 5.7 -0.8
v 3.9 5.8 -0.8
v 4 5.4 -0.8
v 4 5.5 -0.8
v 4 5.7 -0.8
v 4.1 5.4 -0.8
v 4.1 5.5 -0.8
v 4.2 4.8 -0.8
v 4.2 4.9 -0.8
v 4.3 4.8 -0.8
v 4.3 4.9 -0.8
v 4.5 4.5 -0.8
v 4.5 4.6 -0.8
v 4.6 4.4 -0.8
v 4.6 4.5 -0.8
v 4.6 4.6 -0.8
v 4.7 4.4 -0.8
v 4.7 4.5 -0.8
v 1.8 7.5 -0.9
v 1.8 7.6 -0.9
v 2 7.2 -0.9
v 2 7.3 -0.9
v 2 7.5 -0.9
v 2.1 7.2 -0.9
v 2.1 7.3 -0.9
v 2.1 7.5 -0.9
v 2.1 7.6 -0.9
v 3.2 6.5 -0.9
v 3.2 6.6 -0.9
v 3.3 6.2 -0.9
v 3.3 6.3 -0.9
v 3.3 6.5 -0.9
v 3.3 6.6 -0.9
v 3.4 6.1 -0.9
v 3.4 6.2 -0.9
v 3.4 6.3 -0.9
v 3.5 6.1 -0.9
v 3.5 6.2 -0.9
v 3.7 6 -0.9
v 3.7 6.1 -0.9
v 3.8 6 -0.9
v 3.8 6.1 -0.9
v 4.1 4.8 -0.9
v 4.1 5 -0.9
v 4.1 5.1 -0.9
v 4.1 5.4 -0.9
v 4.2 4.7 -0.9
v 4.2 4.8 -0.9
v 4.2 5 -0.9
v 4.2 5.1 -0.9
v 4.2 5.2 -0.9
v 4.2 5.3 -0.9
v 4.2 5.4 -0.9
v 4.3 4.7 -0.9
v 4.3 4.8 -0.9
v 4.3 5.2 -0.9
v 4.3 5.3 -0.9
v 4.4 4.6 -0.9
v 4.4 4.7 -0.9
v 4.5 4.6 -0.9
v 4.5 4.7 -0.9
v 2.6 7.1 -1
v 2.6 7.2 -1
v 2.7 7 -1
v 2.7 7.1 -1
v 2.7 7.2 -1
v 2.8 6.8 -1
v 2.8 6.9 -1
v 2.8 7 -1
v 2.8 7.1 -1
v 2.9 6.7 -1
v 2.9 6.8 -1
v 2.9 6.9 -1
v 3 6.6 -1
v 3 6.7 -1
v 3 6.8 -1
v 3.2 6.6 -1
v 3.2 6.7 -1
v 3.5 6 -1
v 3.5 6.1 -1
v 3.6 6 -1
v 3.6 6.1 -1
v 3.7 5.8 -1
v 3.7 6 -1
v 3.8 5.6 -1
v 3.8 5.8 -1
v 3.8 6 -1
v 3.9 5.5 -1
v 3.9 5.6 -1
v 3.9 5.8 -1
v 4 4.9 -1
v 4 5 -1
v 4 5.3 -1
v 4 5.5 -1
v 4 5.6 -1
v 4.1 4.9 -1
v 4.1 5 -1
v 4.1 5.3 -1
v 4.1 5.5 -1
v 4.3 4.6 -1
v 4.3 4.7 -1
v 4.4 4.6 -1
v 4.4 4.7 -1
v 4.6 4.3 -1
v 4.6 4.4 -1
v 4.7 4.2 -1
v 4.7 4.3 -1
v 4.7 4.4 -1
v 4.8 4 -1
v 4.8 4.1 -1
v 4.9 4 -1
v 4.9 4.1 -1
v 4.9 4.2 -1
v 5 4.2 -1
v 5 4.3 -1
v 1.9 7.5 -1.1
v 1.9 7.6 -1.1
v 2 7.4 -1.1
v 2 7.5 -1.1
v 2 7.6 -1.1
v 2.1 7.4 -1.1
v 2.1 7.5 -1.1
v 2.2 7.2 -1.1
v 2.2 7.3 -1.1
v 2.2 7.4 -1.1
v 2.3 7.1 -1.1
v 2.3 7.2 -1.1
v 2.3 7.3 -1.1
v 2.3 7.4 -1.1
v 2.4 7.1 -1.1
v 2.4 7.2 -1.1
v 2.6 7 -1.1
v 2.6 7.1 -1.1
v 2.7 6.9 -1.1
v 2.7 7 -1.1
v 2.7 7.1 -1.1
v 2.8 6.9 -1.1
v 2.8 7 -1.1
v 3.9 5.4 -1.1
v 3.9 5.5 -1.1
v 4 5.2 -1.1
v 4 5.3 -1.1
v 4 5.4 -1.1
v 4 5.5 -1.1
v 4.1 4.7 -1.1
v 4.1 4.8 -1.1
v 4.1 5 -1.1
v 4.1 5.2 -1.1
v 4.1 5.3 -1.1
v 4.2 4.6 -1.1
v 4.2 4.7 -1.1
v 4.2 4.8 -1.1
v 4.2 5 -1.1
v 4.2 5.2 -1.1
v 4.3 4.5 -1.1
v 4.3 4.6 -1.1
v 4.3 4.7 -1.1
v 4.5 4.5 -1.1
v 4.5 4.6 -1.1
v 4.7 3.8 -1.1
v 4.7 3.9 -1.1
v 4.8 3.8 -1.1
v 4.8 3.9 -1.1
v -3.1 3.7 -1.2
v -3.1 3.9 -1.2
v -3 4.5 -1.2
v -3 4.6 -1.2
v -2.7 3.9 -1.2
v -2.7 4 -1.2
v -2.7 5.2 -1.2
v -2.7 5.5 -1.2
v -2.6 4.5 -1.2
v -2.5 5.4 -1.2
v -2.5 5.5 -1.2
v -2.4 5.9 -1.2
v -2.4 6 -1.2
v -2.3 4.4 -1.2
v -2.3 4.5 -1.2
v -2.3 5.1 -1.2
v -2.3 5.2 -1.2
v -2.3 5.8 -1.2
v -2.3 5.9 -1.2
v -2.2 5.9 -1.2
v -2.2 6 -1.2
v -2.1 5.3 -1.2
v -2.1 5.4 -1.2
v -2.1 5.7 -1.2
v -2.1 5.8 -1.2
v -2 5.8 -1.2
v -2 5.9 -1.2
v -2 6.3 -1.2
v -2 6.4 -1.2
v -1.9 4.6 -1.2
v -1.9 4.7 -1.2
v -1.9 5.6 -1.2
v -1.9 5.7 -1.2
v -1.9 6.2 -1.2
v -1.9 6.3 -1.2
v -1.9 6.4 -1.2
v -1.8 4 -1.2
v -1.8 4.1 -1.2
v -1.8 5.5 -1.2
v -1.8 5.6 -1.2
v -1.8 5.7 -1.2
v -1.8 5.8 -1.2
v -1.8 6.1 -1.2
v -1.8 6.2 -1.2
v -1.8 6.3 -1.2
v -1.8 6.4 -1.2
v -1.7 5 -1.2
v -1.7 5.1 -1.2
v -1.7 5.2 -1.2
v -1.7 5.3 -1.2
v -1.7 5.6 -1.2
v -1.7 5.7 -1.2
v -1.7 6 -1.2
v -1.7 6.1 -1.2
v -1.7 6.2 -1.2
v -1.7 6.3 -1.2
v -1.6 4.4 -1.2
v -1.6 5.9 -1.2
v -1.6 6 -1.2
v -1.6 6.1 -1.2
v -1.6 6.2 -1.2
v -1.5 5 -1.2
v -1.5 5.4 -1.2
v -1.5 5.5 -1.2
v -1.5 5.6 -1.2
v -1.5 5.8 -1.2
v -1.5 5.9 -1.2
v -1.5 6.7 -1.2
v -1.5 6.8 -1.2
v -1.4 4.1 -1.2
v -1.4 5.2 -1.2
v -1.4 6 -1.2
v -1.4 6.1 -1.2
v -1.4 6.5 -1.2
v -1.4 6.7 -1.2
v -1.4 6.8 -1.2
v -1.3 3.7 -1.2
v -1.3 4.1 -1.2
v -1.3 4.4 -1.2
v -1.3 4.7 -1.2
v -1.3 5.1 -1.2
v -1.3 5.2 -1.2
v -1.3 5.3 -1.2
v -1.3 5.4 -1.2
v -1.3 5.5 -1.2
v -1.3 5.7 -1.2
v -1.3 5.8 -1.2
v -1.3 5.9 -1.2
v -1.3 6 -1.2
v -1.3 6.4 -1.2
v -1.3 6.5 -1.2
v -1.3 6.6 -1.2
v -1.3 6.7 -1.2
v -1.3 6.8 -1.2
v -1.2 5 -1.2
v -1.2 5.1 -1.2
v -1.2 5.6 -1.2
v -1.2 5.7 -1.2
v -1.2 5.8 -1.2
v -1.2 5.9 -1.2
v -1.2 6.3 -1.2
v -1.2 6.4 -1.2
v -1.2 6.5 -1.2
v -1.2 6.6 -1.2
v -1.1 5.3 -1.2
v -1.1 5.4 -1.2
v -1.1 5.6 -1.2
v -1.1 5.7 -1.2
v -1.1 5.8 -1.2
v -1.1 6.1 -1.2
v -1.1 6.3 -1.2
v -1.1 6.4 -1.2
v -1.1 6.5 -1.2
v -1 5.6 -1.2
v -1 5.7 -1.2
v -1 6.2 -1.2
v -1 6.4 -1.2
v -1 7 -1.2
v -1 7.2 -1.2
v -0.9 6 -1.2
v -0.9 6.1 -1.2
v -0.9 6.2 -1.2
v -0.9 6.8 -1.2
v -0.9 7 -1.2
v -0.8 5.8 -1.2
v -0.8 6 -1.2
v -0.8 6.1 -1.2
v -0.8 6.6 -1.2
v -0.8 6.8 -1.2
v -0.8 7 -1.2
v -0.8 7.1 -1.2
v -0.8 7.2 -1.2
v -0.7 5.8 -1.2
v -0.7 5.9 -1.2
v -0.7 6 -1.2
v -0.7 6.4 -1.2
v -0.7 6.6 -1.2
v -0.7 6.8 -1.2
v -0.7 7 -1.2
v -0.6 6.2 -1.2
v -0.6 6.4 -1.2
v -0.6 6.6 -1.2
v -0.6 6.8 -1.2
v -0.5 6.1 -1.2
v -0.5 6.2 -1.2
v -0.5 6.4 -1.2
v -0.5 6.6 -1.2
v -0.4 6.2 -1.2
v -0.4 6.4 -1.2
v -0.4 7.1 -1.2
v -0.4 7.4 -1.2
v -0.3 6.1 -1.2
v -0.3 6.2 -1.2
v -0.3 6.9 -1.2
v -0.3 7.1 -1.2
v -0.2 6.6 -1.2
v -0.2 6.9 -1.2
v -0.2 7 -1.2
v -0.2 7.4 -1.2
v -0.0999999 6.3 -1.2
v -0.0999999 6.6 -1.2
v -0.0999999 6.7 -1.2
v -0.0999999 7 -1.2
v 0 6.3 -1.2
v 0 6.4 -1.2
v 0 6.5 -1.2
v 0 6.7 -1.2
v 0.1 6.3 -1.2
v 0.1 6.4 -1.2
v 0.2 7 -1.2
v 0.2 7.6 -1.2
v 0.3 6.6 -1.2
v 0.3 6.9 -1.2
v 0.3 7 -1.2
v 0.3 7.4 -1.2
v 0.3 7.6 -1.2
v 0.4 6.4 -1.2
v 0.4 6.6 -1.2
v 0.4 7 -1.2
v 0.4 7.4 -1.2
v 0.5 6.6 -1.2
v 0.5 6.7 -1.2
v 0.5 7 -1.2
v 0.6 6.4 -1.2
v 0.6 6.6 -1.2
v 0.8 7.1 -1.2
v 0.8 7.7 -1.2
v 0.9 6.4 -1.2
v 0.9 6.7 -1.2
v 0.9 7.1 -1.2
v 1.1 6.4 -1.2
v 1.1 6.7 -1.2
v 1.1 7.1 -1.2
v 1.2 7.1 -1.2
v 1.2 7.7 -1.2
v 1.4 6.4 -1.2
v 1.4 6.6 -1.2
v 1.5 6.6 -1.2
v 1.5 6.7 -1.2
v 1.5 7 -1.2
v 1.6 6.4 -1.2
v 1.6 6.6 -1.2
v 1.6 7 -1.2
v 1.6 7.4 -1.2
v 1.7 6.6 -1.2
v 1.7 6.9 -1.2
v 1.7 7 -1.2
v 1.7 7.4 -1.2
v 1.7 7.6 -1.2
v 1.8 7 -1.2
v 1.8 7.6 -1.2
v 1.9 6.3 -1.2
v 1.9 6.4 -1.2
v 2 6.3 -1.2
v 2 6.4 -1.2
v 2 6.5 -1.2
v 2 6.7 -1.2
v 2.1 6.3 -1.2
v 2.1 6.6 -1.2
v 2.1 6.7 -1.2
v 2.1 7 -1.2
v 2.1 7.2 -1.2
v 2.1 7.3 -1.2
v 2.2 6.6 -1.2
v 2.2 6.9 -1.2
v 2.2 7 -1.2
v 2.2 7.2 -1.2
v 2.2 7.3 -1.2
v 2.3 6.1 -1.2
v 2.3 6.2 -1.2
v 2.3 6.9 -1.2
v 2.3 7.1 -1.2
v 2.3 7.2 -1.2
v 2.4 6.2 -1.2
v 2.4 6.4 -1.2
v 2.5 6.1 -1.2
v 2.5 6.2 -1.2
v 2.5 6.4 -1.2
v 2.5 6.6 -1.2
v 2.5 7.1 -1.2
v 2.5 7.2 -1.2
v 2.6 6.2 -1.2
v 2.6 6.4 -1.2
v 2.6 6.6 -1.2
v 2.6 6.8 -1.2
v 2.6 6.9 -1.2
v 2.6 7 -1.2
v 2.6 7.1 -1.2
v 2.6 7.2 -1.2
v 2.7 5.8 -1.2
v 2.7 5.9 -1.2
v 2.7 6 -1.2
v 2.7 6.4 -1.2
v 2.7 6.6 -1.2
v 2.7 6.8 -1.2
v 2.7 6.9 -1.2
v 2.7 7 -1.2
v 2.8 5.8 -1.2
v 2.8 6 -1.2
v 2.8 6.1 -1.2
v 2.8 6.6 -1.2
v 2.8 6.8 -1.2
v 2.8 6.9 -1.2
v 2.9 6 -1.2
v 2.9 6.1 -1.2
v 2.9 6.2 -1.2
v 2.9 6.9 -1.2
v 2.9 7 -1.2
v 3 5.6 -1.2
v 3 5.7 -1.2
v 3 6.2 -1.2
v 3 6.4 -1.2
v 3 6.9 -1.2
v 3 7 -1.2
v 3.1 5.3 -1.2
v 3.1 5.4 -1.2
v 3.1 5.6 -1.2
v 3.1 5.7 -1.2
v 3.1 5.8 -1.2
v 3.1 6.1 -1.2
v 3.1 6.3 -1.2
v 3.1 6.4 -1.2
v 3.1 6.5 -1.2
v 3.2 5 -1.2
v 3.2 5.1 -1.2
v 3.2 5.6 -1.2
v 3.2 5.7 -1.2
v 3.2 5.8 -1.2
v 3.2 5.9 -1.2
v 3.2 6.3 -1.2
v 3.2 6.4 -1.2
v 3.2 6.5 -1.2
v 3.2 6.6 -1.2
v 3.2 6.7 -1.2
v 3.3 3.7 -1.2
v 3.3 4.1 -1.2
v 3.3 4.4 -1.2
v 3.3 4.7 -1.2
v 3.3 5.1 -1.2
v 3.3 5.2 -1.2
v 3.3 5.3 -1.2
v 3.3 5.4 -1.2
v 3.3 5.5 -1.2
v 3.3 5.7 -1.2
v 3.3 5.8 -1.2
v 3.3 5.9 -1.2
v 3.3 6.1 -1.2
v 3.3 6.4 -1.2
v 3.3 6.7 -1.2
v 3.4 4.1 -1.2
v 3.4 5.2 -1.2
v 3.4 6.1 -1.2
v 3.4 6.4 -1.2
v 3.5 5 -1.2
v 3.5 5.4 -1.2
v 3.5 5.5 -1.2
v 3.5 5.6 -1.2
v 3.5 5.8 -1.2
v 3.5 5.9 -1.2
v 3.5 6 -1.2
v 3.5 6.4 -1.2
v 3.6 4.4 -1.2
v 3.6 5.8 -1.2
v 3.6 5.9 -1.2
v 3.7 5 -1.2
v 3.7 5.1 -1.2
v 3.7 5.2 -1.2
v 3.7 5.3 -1.2
v 3.7 5.6 -1.2
v 3.7 5.8 -1.2
v 3.7 6 -1.2
v 3.8 4 -1.2
v 3.8 4.1 -1.2
v 3.8 5.6 -1.2
v 3.8 5.8 -1.2
v 3.9 4.6 -1.2
v 3.9 4.7 -1.2
v 3.9 5 -1.2
v 3.9 5.1 -1.2
v 3.9 5.3 -1.2
v 3.9 5.4 -1.2
v 3.9 5.5 -1.2
v 3.9 5.6 -1.2
v 4 4.9 -1.2
v 4 5 -1.2
v 4 5.2 -1.2
v 4 5.4 -1.2
v 4.1 4.9 -1.2
v 4.1 5 -1.2
v 4.1 5.2 -1.2
v 4.3 4.4 -1.2
v 4.3 4.5 -1.2
v 4.3 4.6 -1.2
v 4.4 4.4 -1.2
v 4.4 4.5 -1.2
v 4.5 4.4 -1.2
v 4.5 4.5 -1.2
v 4.6 4.3 -1.2
v 4.6 4.4 -1.2
v 4.7 3.8 -1.2
v 4.7 3.9 -1.2
v 4.7 4 -1.2
v 4.7 4.3 -1.2
v 4.7 4.4 -1.2
v 4.8 3.7 -1.2
v 4.8 3.8 -1.2
v 4.8 4.2 -1.2
v 4.8 4.3 -1.2
v 4.9 4.2 -1.2
v 4.9 4.3 -1.2
v -3.2 3.9 -1.3
v -3.2 4.2 -1.3
v -3.2 4.5 -1.3
v -3.1 4.2 -1.3
v -3.1 4.3 -1.3
v -3.1 4.6 -1.3
v -3.1 4.7 -1.3
v -3.1 4.9 -1.3
v -3 4.9 -1.3
v -3 5.2 -1.3
v -2.9 4.3 -1.3
v -2.9 4.4 -1.3
v -2.9 4.7 -1.3
v -2.9 4.9 -1.3
v -2.8 4.9 -1.3
v -2.8 5 -1.3
v -2.8 5.5 -1.3
v -2.8 5.6 -1.3
v -2.7 3.9 -1.3
v -2.7 4 -1.3
v -2.7 5.6 -1.3
v -2.7 5.8 -1.3
v -2.6 4.4 -1.3
v -2.6 4.5 -1.3
v -2.6 5.8 -1.3
v -2.6 6 -1.3
v -2.5 5 -1.3
v -2.5 5.1 -1.3
v -2.5 5.4 -1.3
v -2.5 5.5 -1.3
v -2.5 5.7 -1.3
v -2.5 5.9 -1.3
v -2.5 6 -1.3
v -2.4 5.5 -1.3
v -2.4 5.7 -1.3
v -2.4 6 -1.3
v -2.4 6.2 -1.3
v -2.3 4.4 -1.3
v -2.3 4.5 -1.3
v -2.3 5.1 -1.3
v -2.3 5.2 -1.3
v -2.3 5.8 -1.3
v -2.3 5.9 -1.3
v -2.3 6.2 -1.3
v -2.3 6.4 -1.3
v -2.2 5.9 -1.3
v -2.2 6 -1.3
v -2.2 6.4 -1.3
v -2.2 6.5 -1.3
v -2.1 5.3 -1.3
v -2.1 5.4 -1.3
v -2.1 5.7 -1.3
v -2.1 5.8 -1.3
v -2.1 6.2 -1.3
v -2.1 6.4 -1.3
v -2.1 6.5 -1.3
v -2 5.8 -1.3
v -2 5.9 -1.3
v -2 6.2 -1.3
v -2 6.3 -1.3
v -2 6.4 -1.3
v -2 6.5 -1.3
v -2 6.7 -1.3
v -1.9 4.6 -1.3
v -1.9 4.7 -1.3
v -1.9 5.6 -1.3
v -1.9 5.7 -1.3
v -1.9 6.2 -1.3
v -1.9 6.3 -1.3
v -1.9 6.4 -1.3
v -1.9 6.5 -1.3
v -1.9 6.7 -1.3
v -1.9 6.8 -1.3
v -1.8 4 -1.3
v -1.8 4.1 -1.3
v -1.8 5.5 -1.3
v -1.8 5.6 -1.3
v -1.8 5.7 -1.3
v -1.8 5.8 -1.3
v -1.8 6.1 -1.3
v -1.8 6.2 -1.3
v -1.8 6.3 -1.3
v -1.8 6.4 -1.3
v -1.8 6.6 -1.3
v -1.7 5 -1.3
v -1.7 5.1 -1.3
v -1.7 5.2 -1.3
v -1.7 5.3 -1.3
v -1.7 5.6 -1.3
v -1.7 5.7 -1.3
v -1.7 6 -1.3
v -1.7 6.1 -1.3
v -1.7 6.2 -1.3
v -1.7 6.3 -1.3
v -1.7 6.6 -1.3
v -1.7 6.8 -1.3
v -1.7 6.9 -1.3
v -1.6 4.3 -1.3
v -1.6 4.4 -1.3
v -1.6 5.9 -1.3
v -1.6 6 -1.3
v -1.6 6.1 -1.3
v -1.6 6.2 -1.3
v -1.6 6.8 -1.3
v -1.6 6.9 -1.3
v -1.5 4.2 -1.3
v -1.5 4.3 -1.3
v -1.5 4.9 -1.3
v -1.5 5 -1.3
v -1.5 5.4 -1.3
v -1.5 5.5 -1.3
v -1.5 5.6 -1.3
v -1.5 5.8 -1.3
v -1.5 5.9 -1.3
v -1.5 6.7 -1.3
v -1.5 6.8 -1.3
v -1.5 6.9 -1.3
v -1.5 7.1 -1.3
v -1.4 4.1 -1.3
v -1.4 4.2 -1.3
v -1.4 4.8 -1.3
v -1.4 4.9 -1.3
v -1.4 5.2 -1.3
v -1.4 5.3 -1.3
v -1.4 6 -1.3
v -1.4 6.1 -1.3
v -1.4 6.5 -1.3
v -1.4 6.7 -1.3
v -1.4 6.8 -1.3
v -1.4 6.9 -1.3
v -1.3 4.7 -1.3
v -1.3 4.8 -1.3
v -1.3 5.1 -1.3
v -1.3 5.2 -1.3
v -1.3 5.3 -1.3
v -1.3 5.4 -1.3
v -1.3 5.5 -1.3
v -1.3 5.7 -1.3
v -1.3 5.8 -1.3
v -1.3 5.9 -1.3
v -1.3 6 -1.3
v -1.3 6.4 -1.3
v -1.3 6.5 -1.3
v -1.3 6.6 -1.3
v -1.3 6.7 -1.3
v -1.3 6.8 -1.3
v -1.3 7.1 -1.3
v -1.3 7.2 -1.3
v -1.2 4.1 -1.3
v -1.2 4.4 -1.3
v -1.2 4.7 -1.3
v -1.2 4.8 -1.3
v -1.2 5.6 -1.3
v -1.2 5.7 -1.3
v -1.2 5.8 -1.3
v -1.2 5.9 -1.3
v -1.2 6.3 -1.3
v -1.2 6.4 -1.3
v -1.2 6.5 -1.3
v -1.2 6.6 -1.3
v -1.2 6.7 -1.3
v -1.2 6.9 -1.3
v -1.2 7.2 -1.3
v -1.2 7.3 -1.3
v -1.1 4.8 -1.3
v -1.1 5 -1.3
v -1.1 5.2 -1.3
v -1.1 5.3 -1.3
v -1.1 5.4 -1.3
v -1.1 5.6 -1.3
v -1.1 5.7 -1.3
v -1.1 5.8 -1.3
v -1.1 6.1 -1.3
v -1.1 6.3 -1.3
v -1.1 6.4 -1.3
v -1.1 6.5 -1.3
v -1.1 6.9 -1.3
v -1.1 7.2 -1.3
v -1.1 7.3 -1.3
v -1 5.1 -1.3
v -1 5.2 -1.3
v -1 5.5 -1.3
v -1 5.6 -1.3
v -1 5.7 -1.3
v -1 6.2 -1.3
v -1 6.4 -1.3
v -1 7 -1.3
v -1 7.2 -1.3
v -0.9 5.3 -1.3
v -0.9 5.5 -1.3
v -0.9 5.6 -1.3
v -0.9 5.7 -1.3
v -0.9 6 -1.3
v -0.9 6.1 -1.3
v -0.9 6.2 -1.3
v -0.9 6.8 -1.3
v -0.9 7 -1.3
v -0.9 7.3 -1.3
v -0.9 7.4 -1.3
v -0.8 5.7 -1.3
v -0.8 5.8 -1.3
v -0.8 6 -1.3
v -0.8 6.1 -1.3
v -0.8 6.6 -1.3
v -0.8 6.8 -1.3
v -0.8 7 -1.3
v -0.8 7.1 -1.3
v -0.8 7.3 -1.3
v -0.8 7.4 -1.3
v -0.8 7.5 -1.3
v -0.7 5.5 -1.3
v -0.7 5.6 -1.3
v -0.7 5.7 -1.3
v -0.7 5.8 -1.3
v -0.7 5.9 -1.3
v -0.7 6 -1.3
v -0.7 6.4 -1.3
v -0.7 6.6 -1.3
v -0.7 6.8 -1.3
v -0.7 7 -1.3
v -0.7 7.1 -1.3
v -0.7 7.3 -1.3
v -0.6 5.6 -1.3
v -0.6 5.7 -1.3
v -0.6 5.8 -1.3
v -0.6 5.9 -1.3
v -0.6 6.1 -1.3
v -0.6 6.2 -1.3
v -0.6 6.4 -1.3
v -0.6 6.6 -1.3
v -0.6 6.8 -1.3
v -0.6 7.3 -1.3
v -0.6 7.5 -1.3
v -0.5 5.7 -1.3
v -0.5 5.8 -1.3
v -0.5 6 -1.3
v -0.5 6.1 -1.3
v -0.5 6.2 -1.3
v -0.5 6.4 -1.3
v -0.5 6.6 -1.3
v -0.5 7.5 -1.3
v -0.5 7.6 -1.3
v -0.4 5.8 -1.3
v -0.4 6 -1.3
v -0.4 6.2 -1.3
v -0.4 6.4 -1.3
v -0.4 7.1 -1.3
v -0.4 7.6 -1.3
v -0.3 6 -1.3
v -0.3 6.1 -1.3
v -0.3 6.2 -1.3
v -0.3 6.9 -1.3
v -0.3 7.1 -1.3
v -0.3 7.5 -1.3
v -0.3 7.6 -1.3
v -0.2 6.1 -1.3
v -0.2 6.3 -1.3
v -0.2 6.6 -1.3
v -0.2 6.9 -1.3
v -0.2 7 -1.3
v -0.2 7.5 -1.3
v -0.2 7.6 -1.3
v -0.2 7.7 -1.3
v -0.0999999 6 -1.3
v -0.0999999 6.1 -1.3
v -0.0999999 6.3 -1.3
v -0.0999999 6.6 -1.3
v -0.0999999 6.7 -1.3
v -0.0999999 7 -1.3
v -0.0999999 7.6 -1.3
v -0.0999999 7.7 -1.3
v 0 6.1 -1.3
v 0 6.3 -1.3
v 0 6.4 -1.3
v 0 6.5 -1.3
v 0 6.7 -1.3
v 0 7.3 -1.3
v 0 7.6 -1.3
v 0.1 6.2 -1.3
v 0.1 6.4 -1.3
v 0.1 6.9 -1.3
v 0.1 7.3 -1.3
v 0.2 6.4 -1.3
v 0.2 6.5 -1.3
v 0.2 7 -1.3
v 0.2 7.7 -1.3
v 0.3 6.6 -1.3
v 0.3 6.9 -1.3
v 0.3 7 -1.3
v 0.3 7.4 -1.3
v 0.3 7.7 -1.3
v 0.3 7.8 -1.3
v 0.4 6.2 -1.3
v 0.4 6.4 -1.3
v 0.4 6.6 -1.3
v 0.4 7 -1.3
v 0.4 7.4 -1.3
v 0.4 7.6 -1.3
v 0.4 7.7 -1.3
v 0.5 6.6 -1.3
v 0.5 6.7 -1.3
v 0.5 7 -1.3
v 0.6 6.3 -1.3
v 0.6 6.6 -1.3
v 0.6 7.4 -1.3
v 0.6 7.6 -1.3
v 0.7 6.3 -1.3
v 0.7 6.7 -1.3
v 0.7 7 -1.3
v 0.7 7.4 -1.3
v 0.8 6.7 -1.3
v 0.8 7 -1.3
v 0.8 7.1 -1.3
v 0.8 7.8 -1.3
v 0.9 6.3 -1.3
v 0.9 6.7 -1.3
v 0.9 7.1 -1.3
v 1.1 6.3 -1.3
v 1.1 6.7 -1.3
v 1.1 7.1 -1.3
v 1.2 6.7 -1.3
v 1.2 7 -1.3
v 1.2 7.1 -1.3
v 1.2 7.8 -1.3
v 1.3 6.3 -1.3
v 1.3 6.7 -1.3
v 1.3 7 -1.3
v 1.3 7.4 -1.3
v 1.4 6.3 -1.3
v 1.4 6.6 -1.3
v 1.4 7.4 -1.3
v 1.4 7.6 -1.3
v 1.5 6.6 -1.3
v 1.5 6.7 -1.3
v 1.5 7 -1.3
v 1.6 6.2 -1.3
v 1.6 6.4 -1.3
v 1.6 6.6 -1.3
v 1.6 7 -1.3
v 1.6 7.4 -1.3
v 1.6 7.6 -1.3
v 1.6 7.7 -1.3
v 1.7 6.6 -1.3
v 1.7 6.9 -1.3
v 1.7 7 -1.3
v 1.7 7.4 -1.3
v 1.7 7.6 -1.3
v 1.7 7.7 -1.3
v 1.7 7.8 -1.3
v 1.8 6.4 -1.3
v 1.8 6.5 -1.3
v 1.8 7 -1.3
v 1.8 7.7 -1.3
v 1.9 6.2 -1.3
v 1.9 6.4 -1.3
v 1.9 6.9 -1.3
v 1.9 7.3 -1.3
v 1.9 7.5 -1.3
v 1.9 7.7 -1.3
v 2 6.1 -1.3
v 2 6.3 -1.3
v 2 6.4 -1.3
v 2 6.5 -1.3
v 2 6.7 -1.3
v 2 7.3 -1.3
v 2 7.4 -1.3
v 2 7.5 -1.3
v 2.1 6 -1.3
v 2.1 6.1 -1.3
v 2.1 6.3 -1.3
v 2.1 6.6 -1.3
v 2.1 6.7 -1.3
v 2.1 7 -1.3
v 2.1 7.2 -1.3
v 2.1 7.4 -1.3
v 2.2 6.1 -1.3
v 2.2 6.3 -1.3
v 2.2 6.6 -1.3
v 2.2 6.9 -1.3
v 2.2 7 -1.3
v 2.2 7.2 -1.3
v 2.3 6 -1.3
v 2.3 6.1 -1.3
v 2.3 6.2 -1.3
v 2.3 6.9 -1.3
v 2.3 7.1 -1.3
v 2.4 5.8 -1.3
v 2.4 6 -1.3
v 2.4 6.2 -1.3
v 2.4 6.4 -1.3
v 2.4 7.1 -1.3
v 2.4 7.2 -1.3
v 2.5 5.7 -1.3
v 2.5 5.8 -1.3
v 2.5 6 -1.3
v 2.5 6.1 -1.3
v 2.5 6.2 -1.3
v 2.5 6.4 -1.3
v 2.5 6.6 -1.3
v 2.5 7.1 -1.3
v 2.5 7.2 -1.3
v 2.6 5.6 -1.3
v 2.6 5.7 -1.3
v 2.6 5.8 -1.3
v 2.6 5.9 -1.3
v 2.6 6.1 -1.3
v 2.6 6.2 -1.3
v 2.6 6.4 -1.3
v 2.6 6.6 -1.3
v 2.6 6.8 -1.3
v 2.6 6.9 -1.3
v 2.6 7.1 -1.3
v 2.7 5.5 -1.3
v 2.7 5.6 -1.3
v 2.7 5.7 -1.3
v 2.7 5.8 -1.3
v 2.7 5.9 -1.3
v 2.7 6 -1.3
v 2.7 6.4 -1.3
v 2.7 6.6 -1.3
v 2.7 6.8 -1.3
v 2.7 6.9 -1.3
v 2.8 5.7 -1.3
v 2.8 5.8 -1.3
v 2.8 6 -1.3
v 2.8 6.1 -1.3
v 2.8 6.6 -1.3
v 2.8 6.8 -1.3
v 2.9 5.3 -1.3
v 2.9 5.5 -1.3
v 2.9 5.6 -1.3
v 2.9 5.7 -1.3
v 2.9 6 -1.3
v 2.9 6.1 -1.3
v 2.9 6.2 -1.3
v 3 5.1 -1.3
v 3 5.2 -1.3
v 3 5.5 -1.3
v 3 5.6 -1.3
v 3 5.7 -1.3
v 3 6.2 -1.3
v 3 6.4 -1.3
v 3 6.7 -1.3
v 3 6.8 -1.3
v 3.1 4.8 -1.3
v 3.1 5 -1.3
v 3.1 5.2 -1.3
v 3.1 5.3 -1.3
v 3.1 5.4 -1.3
v 3.1 5.6 -1.3
v 3.1 5.7 -1.3
v 3.1 5.8 -1.3
v 3.1 6.1 -1.3
v 3.1 6.3 -1.3
v 3.1 6.4 -1.3
v 3.1 6.5 -1.3
v 3.1 6.6 -1.3
v 3.1 6.7 -1.3
v 3.2 4.1 -1.3
v 3.2 4.4 -1.3
v 3.2 4.7 -1.3
v 3.2 4.8 -1.3
v 3.2 5.6 -1.3
v 3.2 5.7 -1.3
v 3.2 5.8 -1.3
v 3.2 5.9 -1.3
v 3.2 6.3 -1.3
v 3.2 6.4 -1.3
v 3.2 6.5 -1.3
v 3.2 6.6 -1.3
v 3.3 4.7 -1.3
v 3.3 4.8 -1.3
v 3.3 5.1 -1.3
v 3.3 5.2 -1.3
v 3.3 5.3 -1.3
v 3.3 5.4 -1.3
v 3.3 5.5 -1.3
v 3.3 5.7 -1.3
v 3.3 5.8 -1.3
v 3.3 5.9 -1.3
v 3.3 6.1 -1.3
v 3.4 4.1 -1.3
v 3.4 4.2 -1.3
v 3.4 4.8 -1.3
v 3.4 4.9 -1.3
v 3.4 5.2 -1.3
v 3.4 5.3 -1.3
v 3.4 6.1 -1.3
v 3.4 6.4 -1.3
v 3.5 4.2 -1.3
v 3.5 4.3 -1.3
v 3.5 4.9 -1.3
v 3.5 5 -1.3
v 3.5 5.4 -1.3
v 3.5 5.5 -1.3
v 3.5 5.6 -1.3
v 3.5 5.8 -1.3
v 3.5 5.9 -1.3
v 3.6 4.3 -1.3
v 3.6 4.4 -1.3
v 3.6 5.8 -1.3
v 3.6 5.9 -1.3
v 3.7 5 -1.3
v 3.7 5.1 -1.3
v 3.7 5.2 -1.3
v 3.7 5.3 -1.3
v 3.7 5.6 -1.3
v 3.7 5.8 -1.3
v 3.8 4 -1.3
v 3.8 4.1 -1.3
v 3.9 4.6 -1.3
v 3.9 4.7 -1.3
v 3.9 5 -1.3
v 3.9 5.1 -1.3
v 3.9 5.3 -1.3
v 3.9 5.5 -1.3
v 4 4.9 -1.3
v 4 5 -1.3
v 4.1 4.7 -1.3
v 4.1 4.9 -1.3
v 4.3 4.4 -1.3
v 4.3 4.5 -1.3
v 4.4 4.4 -1.3
v 4.4 4.5 -1.3
v 4.4 4.6 -1.3
v 4.4 4.7 -1.3
v 4.5 4.4 -1.3
v 4.5 4.5 -1.3
v 4.6 4.3 -1.3
v 4.6 4.5 -1.3
v 4.7 3.9 -1.3
v 4.7 4 -1.3
v 4.8 3.9 -1.3
v 4.8 4.1 -1.3
v 4.8 4.2 -1.3
v 4.8 4.3 -1.3
v 4.9 4.1 -1.3
v 4.9 4.2 -1.3
v -3.1 3.7 0.1
v -1.3 3.7 0.1
v 3.3 3.7 0.1
v 4.8 3.7 0.1
v -2.6 3.7 0
v -1.4 3.7 0
v 3.4 3.7 0
v 4.6 3.7 0
v 4.7 3.7 0
v 4.8 3.7 0
v 4.7 3.7 -0.1
v 4.8 3.7 -0.1
v 4.7 3.7 -0.3
v 4.8 3.7 -0.3
v 4.6 3.7 -0.4
v 4.7 3.7 -0.4
v 4.6 3.7 -0.6
v 4.8 3.7 -0.6
v 4.6 3.7 -0.7
v 4.8 3.7 -0.7
v 4.6 3.7 -0.8
v 4.7 3.7 -0.8
v 4.7 3.7 -1
v 4.8 3.7 -1
v -2.6 3.7 -1.1
v -1.4 3.7 -1.1
v 3.4 3.7 -1.1
v 4.6 3.7 -1.1
v -3.1 3.7 -1.2
v -1.3 3.7 -1.2
v 3.3 3.7 -1.2
v 4.8 3.7 -1.2
v 4.6 3.8 -0.4
v 4.7 3.8 -0.4
v 4.6 3.8 -0.6
v 4.7 3.8 -0.6
v 4.6 3.8 -0.7
v 4.7 3.8 -0.7
v 4.6 3.8 -0.8
v 4.7 3.8 -0.8
v -3.2 3.9 0.2
v -2.7 3.9 0.2
v -3.1 3.9 0.1
v -2.7 3.9 0.1
v 4.7 3.9 0.1
v 4.8 3.9 0.1
v 4.7 3.9 -0.1
v 4.8 3.9 -0.1
v 4.7 3.9 -0.2
v 4.8 3.9 -0.2
v 4.7 3.9 -0.6
v 4.8 3.9 -0.6
v 4.7 3.9 -0.7
v 4.8 3.9 -0.7
v 4.7 3.9 -1
v 4.8 3.9 -1
v 4.7 3.9 -1.1
v 4.8 3.9 -1.1
v -3.1 3.9 -1.2
v -2.7 3.9 -1.2
v 4.7 3.9 -1.2
v 4.8 3.9 -1.2
v -3.2 3.9 -1.3
v -2.7 3.9 -1.3
v 4.7 3.9 -1.3
v 4.8 3.9 -1.3
v -2.7 4 0.2
v -1.8 4 0.2
v 3.8 4 0.2
v 4.7 4 0.2
v -2.7 4 0.1
v -1.8 4 0.1
v 3.8 4 0.1
v 4.7 4 0.1
v 4.8 4 0.1
v 4.9 4 0.1
v 4.9 4 0
v 5 4 0
v 4.9 4 -0.1
v 5 4 -0.1
v 4.8 4 -0.4
v 4.9 4 -0.4
v 4.8 4 -0.5
v 4.9 4 -0.5
v 4.8 4 -1
v 4.9 4 -1
v -2.7 4 -1.2
v -1.8 4 -1.2
v 3.8 4 -1.2
v 4.7 4 -1.2
v -2.7 4 -1.3
v -1.8 4 -1.3
v 3.8 4 -1.3
v 4.7 4 -1.3
v -1.8 4.1 0.2
v -1.4 4.1 0.2
v -1.2 4.1 0.2
v 3.2 4.1 0.2
v 3.4 4.1 0.2
v 3.8 4.1 0.2
v -1.8 4.1 0.1
v -1.4 4.1 0.1
v -1.3 4.1 0.1
v 3.3 4.1 0.1
v 3.4 4.1 0.1
v 3.8 4.1 0.1
v -1.3 4.1 -0.1
v -1.2 4.1 -0.1
v 3.2 4.1 -0.1
v 3.3 4.1 -0.1
v 4.9 4.1 -0.1
v 5 4.1 -0.1
v 4.9 4.1 -0.3
v 5 4.1 -0.3
v -2.6 4.1 -0.5
v -2.5 4.1 -0.5
v 4.5 4.1 -0.5
v 4.6 4.1 -0.5
v -2.6 4.1 -0.6
v -2.5 4.1 -0.6
v 4.5 4.1 -0.6
v 4.6 4.1 -0.6
v 4.9 4.1 -0.6
v 5 4.1 -0.6
v 4.9 4.1 -0.7
v 5 4.1 -0.7
v -1.3 4.1 -1
v -1.2 4.1 -1
v 3.2 4.1 -1
v 3.3 4.1 -1
v 4.8 4.1 -1
v 4.9 4.1 -1
v -1.8 4.1 -1.2
v -1.4 4.1 -1.2
v -1.3 4.1 -1.2
v 3.3 4.1 -1.2
v 3.4 4.1 -1.2
v 3.8 4.1 -1.2
v 4.8 4.1 -1.2
v 4.9 4.1 -1.2
v -1.8 4.1 -1.3
v -1.4 4.1 -1.3
v -1.2 4.1 -1.3
v 3.2 4.1 -1.3
v 3.4 4.1 -1.3
v 3.8 4.1 -1.3
v 4.8 4.1 -1.3
v 4.9 4.1 -1.3
v 4.9 4.2 0.1
v 5 4.2 0.1
v 4.9 4.2 0
v 5 4.2 0
v 4.9 4.2 -0.7
v 5 4.2 -0.7
v 4.9 4.2 -1
v 5 4.2 -1
v 4.7 4.3 0.1
v 4.8 4.3 0.1
v 4.7 4.3 0
v 4.8 4.3 0
v 4.9 4.3 -0.6
v 5 4.3 -0.6
v 4.9 4.3 -0.7
v 5 4.3 -0.7
v 4.6 4.4 -0.6
v 4.7 4.4 -0.6
v 4.6 4.4 -0.7
v 4.7 4.4 -0.7
v 4.5 4.5 -0.5
v 4.6 4.5 -0.5
v 4.5 4.5 -0.6
v 4.6 4.5 -0.6
v -3.1 4.6 0.2
v -1.9 4.6 0.2
v 3.9 4.6 0.2
v 4.4 4.6 0.2
v -3 4.6 0.1
v -1.9 4.6 0.1
v 3.9 4.6 0.1
v 4.3 4.6 0.1
v 4.4 4.6 0.1
v 4.3 4.6 0
v 4.3 4.6 -0.2
v 4.4 4.6 -0.2
v -3 4.6 -1.2
v -1.9 4.6 -1.2
v 3.9 4.6 -1.2
v 4.3 4.6 -1.2
v 4.4 4.6 -1.2
v -3.1 4.6 -1.3
v -1.9 4.6 -1.3
v 3.9 4.6 -1.3
v 4.4 4.6 -1.3
v -1.9 4.7 0.2
v -1.3 4.7 0.2
v -1.2 4.7 0.2
v 3.2 4.7 0.2
v 3.3 4.7 0.2
v 3.9 4.7 0.2
v -1.9 4.7 0.1
v -1.3 4.7 0.1
v 3.3 4.7 0.1
v 3.9 4.7 0.1
v 4.4 4.7 0
v 4.5 4.7 0
v -1.3 4.7 -0.1
v -1.2 4.7 -0.1
v 3.2 4.7 -0.1
v 3.3 4.7 -0.1
v 4.4 4.7 -0.2
v 4.5 4.7 -0.2
v -1.3 4.7 -1
v -1.2 4.7 -1
v 3.2 4.7 -1
v 3.3 4.7 -1
v -1.9 4.7 -1.2
v -1.3 4.7 -1.2
v 3.3 4.7 -1.2
v 3.9 4.7 -1.2
v -1.9 4.7 -1.3
v -1.3 4.7 -1.3
v -1.2 4.7 -1.3
v 3.2 4.7 -1.3
v 3.3 4.7 -1.3
v 3.9 4.7 -1.3
v -1.2 4.8 0.2
v -1.1 4.8 0.2
v 3.1 4.8 0.2
v 3.2 4.8 0.2
v 4.3 4.8 0.1
v 4.4 4.8 0.1
v 4.3 4.8 0
v 4.4 4.8 0
v -1.2 4.8 -0.1
v 3.2 4.8 -0.1
v -1.2 4.8 -0.2
v -1.1 4.8 -0.2
v 3.1 4.8 -0.2
v 3.2 4.8 -0.2
v 4.3 4.8 -0.5
v 4.4 4.8 -0.5
v 4.3 4.8 -0.6
v 4.4 4.8 -0.6
v -1.2 4.8 -0.9
v -1.1 4.8 -0.9
v 3.1 4.8 -0.9
v 3.2 4.8 -0.9
v -1.2 4.8 -1
v 3.2 4.8 -1
v -1.2 4.8 -1.3
v -1.1 4.8 -1.3
v 3.1 4.8 -1.3
v 3.2 4.8 -1.3
v 4.4 4.9 0.1
v 4.5 4.9 0.1
v 4.4 4.9 0
v 4.5 4.9 0
v 4.2 5 -0.2
v 4.3 5 -0.2
v 4.2 5 -0.3
v 4.3 5 -0.3
v 4.2 5 -0.6
v 4.4 5 -0.6
v 4.5 5 -0.6
v 4.1 5 -0.7
v 4.2 5 -0.7
v 4.5 5 -0.7
v 4.1 5 -0.8
v 4.2 5 -0.8
v 4.1 5 -0.9
v 4.2 5 -0.9
v 4 5 -1
v 4.1 5 -1
v 4 5 -1.1
v 4.1 5 -1.1
v 4.2 5 -1.1
v -1.3 5.1 0.2
v -1 5.1 0.2
v 3 5.1 0.2
v 3.1 5.1 0.2
v -1.3 5.1 0.1
v -1.2 5.1 0.1
v -1.1 5.1 0.1
v 3.1 5.1 0.1
v 3.2 5.1 0.1
v -1.1 5.1 -0.2
v -1 5.1 -0.2
v 3 5.1 -0.2
v 3.1 5.1 -0.2
v 4.3 5.1 -0.3
v 4.4 5.1 -0.3
v 4.3 5.1 -0.4
v 4.4 5.1 -0.4
v -1.1 5.1 -0.9
v -1 5.1 -0.9
v 3 5.1 -0.9
v 3.1 5.1 -0.9
v -1.3 5.1 -1.2
v -1.2 5.1 -1.2
v -1.1 5.1 -1.2
v 3.1 5.1 -1.2
v 3.2 5.1 -1.2
v 3.3 5.1 -1.2
v -1.3 5.1 -1.3
v -1 5.1 -1.3
v 3 5.1 -1.3
v 3.3 5.1 -1.3
v -1.7 5.2 0.2
v -1.4 5.2 0.2
v -1.3 5.2 0.2
v 3.1 5.2 0.2
v 3.4 5.2 0.2
v -1.7 5.2 0.1
v -1.4 5.2 0.1
v -1.3 5.2 0.1
v 3.1 5.2 0.1
v 3.2 5.2 0.1
v 3.3 5.2 0.1
v 3.4 5.2 0.1
v 4.1 5.2 -0.7
v 4.2 5.2 -0.7
v 4.1 5.2 -0.8
v 4.2 5.2 -0.8
v 4.3 5.2 -0.8
v 4.2 5.2 -0.9
v 4.3 5.2 -0.9
v -1.7 5.2 -1.2
v -1.4 5.2 -1.2
v -1.3 5.2 -1.2
v 3.3 5.2 -1.2
v 3.4 5.2 -1.2
v 3.7 5.2 -1.2
v -1.7 5.2 -1.3
v -1.4 5.2 -1.3
v -1.3 5.2 -1.3
v 3.3 5.2 -1.3
v 3.4 5.2 -1.3
v 3.7 5.2 -1.3
v -2.1 5.3 0.2
v -1.7 5.3 0.2
v -1.1 5.3 0.2
v -0.9 5.3 0.2
v 2.9 5.3 0.2
v 3.1 5.3 0.2
v -2.1 5.3 0.1
v -1.7 5.3 0.1
v -1.1 5.3 0.1
v 3.1 5.3 0.1
v 3.8 5.3 0.1
v 3.9 5.3 0.1
v 3.8 5.3 0
v 3.9 5.3 0
v 4.1 5.3 0
v 4.2 5.3 0
v -1 5.3 -0.1
v -0.9 5.3 -0.1
v 2.9 5.3 -0.1
v 3 5.3 -0.1
v 4.1 5.3 -0.1
v 4.2 5.3 -0.1
v -1.1 5.3 -0.2
v -1 5.3 -0.2
v 3 5.3 -0.2
v 3.1 5.3 -0.2
v 4.2 5.3 -0.4
v 4.3 5.3 -0.4
v 4.2 5.3 -0.5
v 4.3 5.3 -0.5
v -1.1 5.3 -0.9
v -1 5.3 -0.9
v 3 5.3 -0.9
v 3.1 5.3 -0.9
v -1 5.3 -1
v -0.9 5.3 -1
v 2.9 5.3 -1
v 3 5.3 -1
v -2.1 5.3 -1.2
v -1.7 5.3 -1.2
v -1.1 5.3 -1.2
v 3.1 5.3 -1.2
v 3.7 5.3 -1.2
v 3.9 5.3 -1.2
v -2.1 5.3 -1.3
v -1.7 5.3 -1.3
v -1.1 5.3 -1.3
v -0.9 5.3 -1.3
v 2.9 5.3 -1.3
v 3.1 5.3 -1.3
v 3.7 5.3 -1.3
v 3.9 5.3 -1.3
v -2.5 5.4 0.2
v -2.1 5.4 0.2
v -1.3 5.4 0.2
v -1.1 5.4 0.2
v 3.1 5.4 0.2
v 3.2 5.4 0.2
v -2.5 5.4 0.1
v -2.1 5.4 0.1
v -1.3 5.4 0.1
v -1.1 5.4 0.1
v 3.1 5.4 0.1
v 3.2 5.4 0.1
v 4.1 5.4 0.1
v 4.2 5.4 0.1
v 4.1 5.4 0
v 4.2 5.4 0
v 4.2 5.4 -0.2
v 4.3 5.4 -0.2
v 4.2 5.4 -0.3
v 4.3 5.4 -0.3
v -2.5 5.4 -1.2
v -2.1 5.4 -1.2
v -1.3 5.4 -1.2
v -1.1 5.4 -1.2
v 3.1 5.4 -1.2
v 3.3 5.4 -1.2
v -2.5 5.4 -1.3
v -2.1 5.4 -1.3
v -1.3 5.4 -1.3
v -1.1 5.4 -1.3
v 3.1 5.4 -1.3
v 3.3 5.4 -1.3
v -2.8 5.5 0.2
v -2.5 5.5 0.2
v -1.5 5.5 0.2
v -1.3 5.5 0.2
v -0.9 5.5 0.2
v -0.7 5.5 0.2
v 2.7 5.5 0.2
v 2.9 5.5 0.2
v -2.8 5.5 0.1
v -2.7 5.5 0.1
v -2.5 5.5 0.1
v -1.5 5.5 0.1
v -1.3 5.5 0.1
v -0.9 5.5 0.1
v -0.8 5.5 0.1
v 2.8 5.5 0.1
v 2.9 5.5 0.1
v -0.9 5.5 -0.1
v 2.9 5.5 -0.1
v -0.8 5.5 -0.2
v -0.7 5.5 -0.2
v 2.7 5.5 -0.2
v 2.8 5.5 -0.2
v 4 5.5 -0.3
v 4.1 5.5 -0.3
v 4 5.5 -0.4
v 4.1 5.5 -0.4
v -0.8 5.5 -0.9
v -0.7 5.5 -0.9
v 2.7 5.5 -0.9
v 2.8 5.5 -0.9
v -0.9 5.5 -1
v 2.9 5.5 -1
v -2.8 5.5 -1.2
v -2.7 5.5 -1.2
v -2.5 5.5 -1.2
v -1.5 5.5 -1.2
v -1.3 5.5 -1.2
v -0.9 5.5 -1.2
v -0.8 5.5 -1.2
v 2.8 5.5 -1.2
v 2.9 5.5 -1.2
v 3.3 5.5 -1.2
v 3.5 5.5 -1.2
v -2.8 5.5 -1.3
v -2.5 5.5 -1.3
v -1.5 5.5 -1.3
v -1.3 5.5 -1.3
v -0.9 5.5 -1.3
v -0.7 5.5 -1.3
v 2.7 5.5 -1.3
v 2.9 5.5 -1.3
v 3.3 5.5 -1.3
v 3.5 5.5 -1.3
v -1.7 5.6 0.2
v -1.5 5.6 0.2
v -1 5.6 0.2
v -0.9 5.6 0.2
v -0.7 5.6 0.2
v -0.6 5.6 0.2
v 2.9 5.6 0.2
v 3 5.6 0.2
v 3.3 5.6 0.2
v 3.4 5.6 0.2
v -1.7 5.6 0.1
v -1.5 5.6 0.1
v -1 5.6 0.1
v -0.9 5.6 0.1
v 2.9 5.6 0.1
v 3 5.6 0.1
v 3.3 5.6 0.1
v 3.4 5.6 0.1
v 2.6 5.6 0
v 2.7 5.6 0
v -0.7 5.6 -0.2
v -0.6 5.6 -0.2
v 2.6 5.6 -0.2
v 2.7 5.6 -0.2
v -0.7 5.6 -0.9
v -0.6 5.6 -0.9
v 2.6 5.6 -0.9
v 2.7 5.6 -0.9
v -1.7 5.6 -1.2
v -1.5 5.6 -1.2
v -1 5.6 -1.2
v -0.9 5.6 -1.2
v 2.9 5.6 -1.2
v 3 5.6 -1.2
v 3.5 5.6 -1.2
v 3.7 5.6 -1.2
v -1.7 5.6 -1.3
v -1.5 5.6 -1.3
v -1 5.6 -1.3
v -0.9 5.6 -1.3
v -0.7 5.6 -1.3
v -0.6 5.6 -1.3
v 2.6 5.6 -1.3
v 2.7 5.6 -1.3
v 2.9 5.6 -1.3
v 3 5.6 -1.3
v 3.5 5.6 -1.3
v 3.7 5.6 -1.3
v -1.8 5.7 0.2
v -1.7 5.7 0.2
v -1.1 5.7 0.2
v -1 5.7 0.2
v -0.6 5.7 0.2
v -0.5 5.7 0.2
v 3.4 5.7 0.2
v 3.5 5.7 0.2
v -1.8 5.7 0.1
v -1.7 5.7 0.1
v -1.1 5.7 0.1
v -1 5.7 0.1
v 2.5 5.7 0.1
v 2.6 5.7 0.1
v 3.4 5.7 0.1
v 3.5 5.7 0.1
v 2.6 5.7 0
v -0.6 5.7 -0.1
v -0.5 5.7 -0.1
v 2.5 5.7 -0.1
v 2.6 5.7 -0.1
v 3.9 5.7 -0.1
v 4 5.7 -0.1
v -0.6 5.7 -0.2
v 2.6 5.7 -0.2
v 3.9 5.7 -0.2
v 4 5.7 -0.2
v -0.6 5.7 -0.9
v 2.6 5.7 -0.9
v -0.6 5.7 -1
v -0.5 5.7 -1
v 2.5 5.7 -1
v 2.6 5.7 -1
v -1.8 5.7 -1.2
v -1.7 5.7 -1.2
v -1.1 5.7 -1.2
v -1 5.7 -1.2
v 3 5.7 -1.2
v 3.1 5.7 -1.2
v -1.8 5.7 -1.3
v -1.7 5.7 -1.3
v -1.1 5.7 -1.3
v -1 5.7 -1.3
v -0.6 5.7 -1.3
v -0.5 5.7 -1.3
v 2.5 5.7 -1.3
v 2.6 5.7 -1.3
v 3 5.7 -1.3
v 3.1 5.7 -1.3
v -2 5.8 0.2
v -1.8 5.8 0.2
v -1.2 5.8 0.2
v -1.1 5.8 0.2
v -0.7 5.8 0.2
v -0.6 5.8 0.2
v -0.5 5.8 0.2
v -0.4 5.8 0.2
v 3 5.8 0.2
v 3.2 5.8 0.2
v -2 5.8 0.1
v -1.8 5.8 0.1
v -1.2 5.8 0.1
v -1.1 5.8 0.1
v -0.7 5.8 0.1
v -0.6 5.8 0.1
v 2.4 5.8 0.1
v 2.5 5.8 0.1
v 2.6 5.8 0.1
v 2.7 5.8 0.1
v 3 5.8 0.1
v 3.2 5.8 0.1
v 3.6 5.8 0.1
v 3.7 5.8 0.1
v -0.5 5.8 0
v -0.4 5.8 0
v 2.4 5.8 0
v 2.5 5.8 0
v 3.6 5.8 0
v 3.7 5.8 0
v -0.6 5.8 -0.1
v -0.5 5.8 -0.1
v 2.5 5.8 -0.1
v 2.6 5.8 -0.1
v 3.7 5.8 -0.4
v 3.8 5.8 -0.4
v 3.7 5.8 -0.5
v 3.8 5.8 -0.5
v -0.6 5.8 -1
v -0.5 5.8 -1
v 2.5 5.8 -1
v 2.6 5.8 -1
v -0.5 5.8 -1.1
v -0.4 5.8 -1.1
v 2.4 5.8 -1.1
v 2.5 5.8 -1.1
v -2 5.8 -1.2
v -1.8 5.8 -1.2
v -1.2 5.8 -1.2
v -1.1 5.8 -1.2
v -0.7 5.8 -1.2
v -0.6 5.8 -1.2
v 2.6 5.8 -1.2
v 2.7 5.8 -1.2
v 3.1 5.8 -1.2
v 3.2 5.8 -1.2
v -2 5.8 -1.3
v -1.8 5.8 -1.3
v -1.2 5.8 -1.3
v -1.1 5.8 -1.3
v -0.7 5.8 -1.3
v -0.6 5.8 -1.3
v -0.5 5.8 -1.3
v -0.4 5.8 -1.3
v 2.4 5.8 -1.3
v 2.5 5.8 -1.3
v 2.6 5.8 -1.3
v 2.7 5.8 -1.3
v 3.1 5.8 -1.3
v 3.2 5.8 -1.3
v -2.2 5.9 0.2
v -2 5.9 0.2
v -1.3 5.9 0.2
v -1.2 5.9 0.2
v 2.4 5.9 0.2
v 2.5 5.9 0.2
v 2.8 5.9 0.2
v 3 5.9 0.2
v 3.2 5.9 0.2
v 3.3 5.9 0.2
v -2.2 5.9 0.1
v -2 5.9 0.1
v -1.3 5.9 0.1
v -1.2 5.9 0.1
v 2.4 5.9 0.1
v 2.5 5.9 0.1
v 2.8 5.9 0.1
v 3 5.9 0.1
v 3.2 5.9 0.1
v 3.3 5.9 0.1
v 3.2 5.9 0
v 3.3 5.9 0
v 3.7 5.9 -0.1
v 3.8 5.9 -0.1
v 3.7 5.9 -0.2
v 3.8 5.9 -0.2
v 3.9 5.9 -0.3
v 4 5.9 -0.3
v 3.8 5.9 -0.4
v 3.9 5.9 -0.4
v 4 5.9 -0.4
v 3.5 5.9 -0.5
v 3.6 5.9 -0.5
v 3.8 5.9 -0.5
v 3.9 5.9 -0.5
v 3.5 5.9 -0.6
v 3.6 5.9 -0.6
v 3.7 5.9 -0.6
v 3.6 5.9 -0.7
v 3.7 5.9 -0.7
v -2.2 5.9 -1.2
v -2 5.9 -1.2
v -1.3 5.9 -1.2
v -1.2 5.9 -1.2
v 3.2 5.9 -1.2
v 3.3 5.9 -1.2
v -2.2 5.9 -1.3
v -2 5.9 -1.3
v -1.3 5.9 -1.3
v -1.2 5.9 -1.3
v 3.2 5.9 -1.3
v 3.3 5.9 -1.3
v -2.4 6 0.2
v -2.2 6 0.2
v -1.4 6 0.2
v -1.3 6 0.2
v -0.8 6 0.2
v -0.7 6 0.2
v -0.3 6 0.2
v -0.0999999 6 0.2
v 2.1 6 0.2
v 2.2 6 0.2
v 2.6 6 0.2
v 2.7 6 0.2
v 3 6 0.2
v 3.1 6 0.2
v -2.4 6 0.1
v -2.2 6 0.1
v -1.4 6 0.1
v -1.3 6 0.1
v -0.8 6 0.1
v -0.7 6 0.1
v 2.2 6 0.1
v 2.3 6 0.1
v 2.6 6 0.1
v 2.7 6 0.1
v 3 6 0.1
v 3.1 6 0.1
v 3.5 6 0
v 3.6 6 0
v 3.9 6 0
v 4 6 0
v -0.2 6 -0.1
v -0.0999999 6 -0.1
v 2.1 6 -0.1
v 2.2 6 -0.1
v 3.5 6 -0.1
v 3.6 6 -0.1
v 3.9 6 -0.1
v 4 6 -0.1
v -0.3 6 -0.3
v -0.2 6 -0.3
v 2.2 6 -0.3
v 2.3 6 -0.3
v 3.6 6 -0.5
v 3.8 6 -0.5
v 3.6 6 -0.6
v 3.7 6 -0.6
v 3.8 6 -0.6
v -0.3 6 -0.8
v -0.2 6 -0.8
v 2.2 6 -0.8
v 2.3 6 -0.8
v 3.7 6 -0.8
v 3.8 6 -0.8
v 3.7 6 -0.9
v 3.8 6 -0.9
v -0.2 6 -1
v -0.0999999 6 -1
v 2.1 6 -1
v 2.2 6 -1
v -2.4 6 -1.2
v -2.2 6 -1.2
v -1.4 6 -1.2
v -1.3 6 -1.2
v -0.8 6 -1.2
v -0.7 6 -1.2
v 2.7 6 -1.2
v 2.8 6 -1.2
v -2.4 6 -1.3
v -2.2 6 -1.3
v -1.4 6 -1.3
v -1.3 6 -1.3
v -0.8 6 -1.3
v -0.7 6 -1.3
v -0.3 6 -1.3
v -0.0999999 6 -1.3
v 2.1 6 -1.3
v 2.3 6 -1.3
v 2.7 6 -1.3
v 2.8 6 -1.3
v -1.6 6.1 0.2
v -1.4 6.1 0.2
v -0.9 6.1 0.2
v -0.8 6.1 0.2
v -0.0999999 6.1 0.2
v 0 6.1 0.2
v 2 6.1 0.2
v 2.1 6.1 0.2
v 2.7 6.1 0.2
v 2.9 6.1 0.2
v 3.2 6.1 0.2
v 3.4 6.1 0.2
v -1.6 6.1 0.1
v -1.4 6.1 0.1
v -0.9 6.1 0.1
v -0.8 6.1 0.1
v -0.5 6.1 0.1
v -0.3 6.1 0.1
v 2.3 6.1 0.1
v 2.5 6.1 0.1
v 2.7 6.1 0.1
v 2.9 6.1 0.1
v 3.2 6.1 0.1
v 3.3 6.1 0.1
v 3.4 6.1 0.1
v 3.4 6.1 0
v 3.5 6.1 0
v 3.8 6.1 0
v 3.9 6.1 0
v -0.0999999 6.1 -0.1
v 0 6.1 -0.1
v 2 6.1 -0.1
v 2.1 6.1 -0.1
v 3.4 6.1 -0.1
v 3.8 6.1 -0.1
v 3.9 6.1 -0.1
v 3.4 6.1 -0.2
v 3.5 6.1 -0.2
v -0.3 6.1 -0.3
v 2.3 6.1 -0.3
v -0.3 6.1 -0.8
v 2.3 6.1 -0.8
v -0.0999999 6.1 -1
v 0 6.1 -1
v 2 6.1 -1
v 2.1 6.1 -1
v -1.6 6.1 -1.2
v -1.4 6.1 -1.2
v -0.9 6.1 -1.2
v -0.8 6.1 -1.2
v -0.5 6.1 -1.2
v -0.3 6.1 -1.2
v 2.3 6.1 -1.2
v 2.5 6.1 -1.2
v 2.8 6.1 -1.2
v 2.9 6.1 -1.2
v 3.3 6.1 -1.2
v 3.4 6.1 -1.2
v -1.6 6.1 -1.3
v -1.4 6.1 -1.3
v -0.9 6.1 -1.3
v -0.8 6.1 -1.3
v -0.0999999 6.1 -1.3
v 0 6.1 -1.3
v 2 6.1 -1.3
v 2.1 6.1 -1.3
v 2.8 6.1 -1.3
v 2.9 6.1 -1.3
v 3.3 6.1 -1.3
v 3.4 6.1 -1.3
v -1.7 6.2 0.2
v -1.6 6.2 0.2
v -1 6.2 0.2
v -0.9 6.2 0.2
v -0.4 6.2 0.2
v -0.3 6.2 0.2
v 0.1 6.2 0.2
v 0.4 6.2 0.2
v 1.6 6.2 0.2
v 1.9 6.2 0.2
v 2.3 6.2 0.2
v 2.4 6.2 0.2
v 2.9 6.2 0.2
v 3 6.2 0.2
v 3.1 6.2 0.2
v 3.2 6.2 0.2
v -1.7 6.2 0.1
v -1.6 6.2 0.1
v -1 6.2 0.1
v -0.9 6.2 0.1
v -0.4 6.2 0.1
v -0.3 6.2 0.1
v 2.3 6.2 0.1
v 2.4 6.2 0.1
v 2.9 6.2 0.1
v 3 6.2 0.1
v 3.1 6.2 0.1
v 3.2 6.2 0.1
v 0.3 6.2 0
v 0.4 6.2 0
v 1.6 6.2 0
v 1.7 6.2 0
v 3.3 6.2 0
v 3.4 6.2 0
v 0.2 6.2 -0.1
v 0.3 6.2 -0.1
v 1.7 6.2 -0.1
v 1.8 6.2 -0.1
v 3.3 6.2 -0.1
v 3.4 6.2 -0.1
v 0.1 6.2 -0.3
v 0.2 6.2 -0.3
v 1.8 6.2 -0.3
v 1.9 6.2 -0.3
v 0.1 6.2 -0.8
v 0.2 6.2 -0.8
v 1.8 6.2 -0.8
v 1.9 6.2 -0.8
v 0.2 6.2 -1
v 0.3 6.2 -1
v 1.7 6.2 -1
v 1.8 6.2 -1
v 0.3 6.2 -1.1
v 0.4 6.2 -1.1
v 1.6 6.2 -1.1
v 1.7 6.2 -1.1
v -1.7 6.2 -1.2
v -1.6 6.2 -1.2
v -1 6.2 -1.2
v -0.9 6.2 -1.2
v -0.4 6.2 -1.2
v -0.3 6.2 -1.2
v 2.3 6.2 -1.2
v 2.4 6.2 -1.2
v 2.9 6.2 -1.2
v 3 6.2 -1.2
v -1.7 6.2 -1.3
v -1.6 6.2 -1.3
v -1 6.2 -1.3
v -0.9 6.2 -1.3
v -0.4 6.2 -1.3
v -0.3 6.2 -1.3
v 0.1 6.2 -1.3
v 0.4 6.2 -1.3
v 1.6 6.2 -1.3
v 1.9 6.2 -1.3
v 2.3 6.2 -1.3
v 2.4 6.2 -1.3
v 2.9 6.2 -1.3
v 3 6.2 -1.3
v -1.8 6.3 0.2
v -1.7 6.3 0.2
v 0.6 6.3 0.2
v 0.7 6.3 0.2
v 0.9 6.3 0.2
v 1.1 6.3 0.2
v 1.3 6.3 0.2
v 1.4 6.3 0.2
v -1.8 6.3 0.1
v -1.7 6.3 0.1
v 0 6.3 0.1
v 0.1 6.3 0.1
v 0.6 6.3 0.1
v 0.7 6.3 0.1
v 1.3 6.3 0.1
v 1.4 6.3 0.1
v 1.9 6.3 0.1
v 2 6.3 0.1
v 3.3 6.3 -0.2
v 3.4 6.3 -0.2
v 0.1 6.3 -0.3
v 1.9 6.3 -0.3
v 3.3 6.3 -0.3
v 3.4 6.3 -0.3
v 0.1 6.3 -0.8
v 1.9 6.3 -0.8
v -1.8 6.3 -1.2
v -1.7 6.3 -1.2
v 0 6.3 -1.2
v 0.1 6.3 -1.2
v 0.6 6.3 -1.2
v 0.7 6.3 -1.2
v 1.3 6.3 -1.2
v 1.4 6.3 -1.2
v 1.9 6.3 -1.2
v 2 6.3 -1.2
v -1.8 6.3 -1.3
v -1.7 6.3 -1.3
v 0.6 6.3 -1.3
v 0.7 6.3 -1.3
v 0.9 6.3 -1.3
v 1.1 6.3 -1.3
v 1.3 6.3 -1.3
v 1.4 6.3 -1.3
v -1.9 6.4 0.2
v -1.8 6.4 0.2
v -1.1 6.4 0.2
v -1 6.4 0.2
v -0.5 6.4 0.2
v -0.4 6.4 0.2
v 0 6.4 0.2
v 0.1 6.4 0.2
v 2.4 6.4 0.2
v 2.5 6.4 0.2
v 2.8 6.4 0.2
v 2.9 6.4 0.2
v -1.9 6.4 0.1
v -1.8 6.4 0.1
v -1.1 6.4 0.1
v -1 6.4 0.1
v -0.5 6.4 0.1
v -0.4 6.4 0.1
v 0 6.4 0.1
v 0.1 6.4 0.1
v 0.4 6.4 0.1
v 0.6 6.4 0.1
v 0.9 6.4 0.1
v 1.1 6.4 0.1
v 1.4 6.4 0.1
v 1.6 6.4 0.1
v 2.4 6.4 0.1
v 2.5 6.4 0.1
v 2.8 6.4 0.1
v 2.9 6.4 0.1
v -1.9 6.4 -1.2
v -1.8 6.4 -1.2
v -1.1 6.4 -1.2
v -1 6.4 -1.2
v -0.5 6.4 -1.2
v -0.4 6.4 -1.2
v 0 6.4 -1.2
v 0.1 6.4 -1.2
v 0.4 6.4 -1.2
v 0.6 6.4 -1.2
v 0.9 6.4 -1.2
v 1.1 6.4 -1.2
v 1.4 6.4 -1.2
v 1.6 6.4 -1.2
v 1.9 6.4 -1.2
v 2 6.4 -1.2
v 2.4 6.4 -1.2
v 2.5 6.4 -1.2
v 3 6.4 -1.2
v 3.1 6.4 -1.2
v -1.9 6.4 -1.3
v -1.8 6.4 -1.3
v -1.1 6.4 -1.3
v -1 6.4 -1.3
v -0.5 6.4 -1.3
v -0.4 6.4 -1.3
v 0 6.4 -1.3
v 0.1 6.4 -1.3
v 1.9 6.4 -1.3
v 2 6.4 -1.3
v 2.4 6.4 -1.3
v 2.5 6.4 -1.3
v 3 6.4 -1.3
v 3.1 6.4 -1.3
v -2 6.5 0.2
v -1.9 6.5 0.2
v -1.2 6.5 0.2
v -1.1 6.5 0.2
v 2.2 6.5 0.2
v 2.3 6.5 0.2
v -2 6.5 0.1
v -1.9 6.5 0.1
v -1.2 6.5 0.1
v -1.1 6.5 0.1
v 2.2 6.5 0.1
v 2.3 6.5 0.1
v 3 6.5 0.1
v 3.1 6.5 0.1
v 3 6.5 0
v 3.1 6.5 0
v 3.3 6.5 -0.2
v 3.4 6.5 -0.2
v 3.3 6.5 -0.3
v 3.4 6.5 -0.3
v 3.2 6.5 -0.8
v 3.3 6.5 -0.8
v 3.2 6.5 -0.9
v 3.3 6.5 -0.9
v -2 6.5 -1.2
v -1.9 6.5 -1.2
v -1.2 6.5 -1.2
v -1.1 6.5 -1.2
v 3.1 6.5 -1.2
v 3.2 6.5 -1.2
v -2 6.5 -1.3
v -1.9 6.5 -1.3
v -1.2 6.5 -1.3
v -1.1 6.5 -1.3
v 3.1 6.5 -1.3
v 3.2 6.5 -1.3
v -1.3 6.6 0.2
v -1.2 6.6 0.2
v -0.6 6.6 0.2
v -0.5 6.6 0.2
v 0.5 6.6 0.2
v 0.6 6.6 0.2
v 1.4 6.6 0.2
v 1.5 6.6 0.2
v 2.5 6.6 0.2
v 2.6 6.6 0.2
v 2.9 6.6 0.2
v 3 6.6 0.2
v -1.3 6.6 0.1
v -1.2 6.6 0.1
v -0.6 6.6 0.1
v -0.5 6.6 0.1
v 0.5 6.6 0.1
v 0.6 6.6 0.1
v 1.4 6.6 0.1
v 1.5 6.6 0.1
v 2.5 6.6 0.1
v 2.6 6.6 0.1
v 2.9 6.6 0.1
v 3 6.6 0.1
v 3.2 6.6 -0.2
v 3.3 6.6 -0.2
v 3.2 6.6 -0.3
v 3.3 6.6 -0.3
v 3.3 6.6 -0.4
v 3.4 6.6 -0.4
v 3.3 6.6 -0.5
v 3.4 6.6 -0.5
v -1.3 6.6 -1.2
v -1.2 6.6 -1.2
v -0.6 6.6 -1.2
v -0.5 6.6 -1.2
v 0.5 6.6 -1.2
v 0.6 6.6 -1.2
v 1.4 6.6 -1.2
v 1.5 6.6 -1.2
v 2.5 6.6 -1.2
v 2.6 6.6 -1.2
v -1.3 6.6 -1.3
v -1.2 6.6 -1.3
v -0.6 6.6 -1.3
v -0.5 6.6 -1.3
v 0.5 6.6 -1.3
v 0.6 6.6 -1.3
v 1.4 6.6 -1.3
v 1.5 6.6 -1.3
v 2.5 6.6 -1.3
v 2.6 6.6 -1.3
v -0.0999999 6.7 0.2
v 0 6.7 0.2
v 1.9 6.7 0.2
v 2.1 6.7 0.2
v -0.0999999 6.7 0.1
v 0 6.7 0.1
v 1.9 6.7 0.1
v 2 6.7 0.1
v 2.1 6.7 0.1
v 3 6.7 -0.2
v 3.1 6.7 -0.2
v 3 6.7 -0.3
v 3.1 6.7 -0.3
v -0.0999999 6.7 -1.2
v 0 6.7 -1.2
v 2 6.7 -1.2
v 2.1 6.7 -1.2
v -0.0999999 6.7 -1.3
v 0 6.7 -1.3
v 2 6.7 -1.3
v 2.1 6.7 -1.3
v -1.4 6.8 0.2
v -1.3 6.8 0.2
v -0.7 6.8 0.2
v -0.6 6.8 0.2
v 2.6 6.8 0.2
v 2.7 6.8 0.2
v -1.4 6.8 0.1
v -1.3 6.8 0.1
v -0.7 6.8 0.1
v -0.6 6.8 0.1
v 2.6 6.8 0.1
v 2.7 6.8 0.1
v -1.4 6.8 -1.2
v -1.3 6.8 -1.2
v -0.7 6.8 -1.2
v -0.6 6.8 -1.2
v 2.6 6.8 -1.2
v 2.7 6.8 -1.2
v -1.4 6.8 -1.3
v -1.3 6.8 -1.3
v -0.7 6.8 -1.3
v -0.6 6.8 -1.3
v 2.6 6.8 -1.3
v 2.7 6.8 -1.3
v -1.5 6.9 0.2
v -1.4 6.9 0.2
v 1.4 6.9 0.2
v 1.5 6.9 0.2
v 1.8 6.9 0.2
v 1.9 6.9 0.2
v -1.5 6.9 0.1
v -1.4 6.9 0.1
v 1.4 6.9 0.1
v 1.5 6.9 0.1
v 1.6 6.9 0.1
v 1.8 6.9 0.1
v 1.9 6.9 0.1
v 1.5 6.9 0
v 1.6 6.9 0
v 2.8 6.9 -0.1
v 2.9 6.9 -0.1
v 2.8 6.9 -0.2
v 2.9 6.9 -0.2
v 2.9 6.9 -1.1
v 3 6.9 -1.1
v -1.5 6.9 -1.2
v -1.4 6.9 -1.2
v 2.9 6.9 -1.2
v 3 6.9 -1.2
v -1.5 6.9 -1.3
v -1.4 6.9 -1.3
v -0.8 7 0.2
v -0.7 7 0.2
v -0.2 7 0.2
v -0.0999999 7 0.2
v 0.4 7 0.2
v 0.5 7 0.2
v 2.1 7 0.2
v 2.2 7 0.2
v 2.7 7 0.2
v 2.8 7 0.2
v -0.8 7 0.1
v -0.7 7 0.1
v -0.2 7 0.1
v -0.0999999 7 0.1
v 0.4 7 0.1
v 0.5 7 0.1
v 2.1 7 0.1
v 2.2 7 0.1
v 2.7 7 0.1
v 2.8 7 0.1
v -0.8 7 -1.2
v -0.7 7 -1.2
v -0.2 7 -1.2
v -0.0999999 7 -1.2
v 0.4 7 -1.2
v 0.5 7 -1.2
v 1.5 7 -1.2
v 1.6 7 -1.2
v 2.1 7 -1.2
v 2.2 7 -1.2
v -0.8 7 -1.3
v -0.7 7 -1.3
v -0.2 7 -1.3
v -0.0999999 7 -1.3
v 0.4 7 -1.3
v 0.5 7 -1.3
v 1.5 7 -1.3
v 1.6 7 -1.3
v 2.1 7 -1.3
v 2.2 7 -1.3
v 1.5 7.2 0.2
v 1.6 7.2 0.2
v 1.5 7.2 0.1
v 1.6 7.2 0.1
v 2.1 7.2 -0.4
v 2.2 7.2 -0.4
v 2.1 7.2 -0.7
v 2.2 7.2 -0.7
v -0.9 7.3 0.2
v -0.8 7.3 0.2
v -0.8 7.3 0.1
v 2.3 7.3 0
v 2.4 7.3 0
v -0.9 7.3 -0.2
v -0.8 7.3 -0.2
v 2.3 7.3 -0.2
v 2.4 7.3 -0.2
v -0.9 7.3 -0.9
v -0.8 7.3 -0.9
v -0.8 7.3 -1.2
v -0.9 7.3 -1.3
v -0.8 7.3 -1.3
v 0.3 7.4 0.2
v 0.4 7.4 0.2
v 1.6 7.4 0.2
v 1.7 7.4 0.2
v 2 7.4 0.2
v 2.1 7.4 0.2
v 0.3 7.4 0.1
v 0.4 7.4 0.1
v 1.6 7.4 0.1
v 1.7 7.4 0.1
v 2 7.4 0.1
v 2.1 7.4 0.1
v 2 7.4 -1
v 2.1 7.4 -1
v 2 7.4 -1.1
v 2.1 7.4 -1.1
v 0.3 7.4 -1.2
v 0.4 7.4 -1.2
v 1.6 7.4 -1.2
v 1.7 7.4 -1.2
v 0.3 7.4 -1.3
v 0.4 7.4 -1.3
v 1.6 7.4 -1.3
v 1.7 7.4 -1.3
v -0.3 7.5 0.2
v -0.2 7.5 0.2
v 2 7.5 -0.6
v 2.1 7.5 -0.6
v 2 7.5 -0.9
v 2.1 7.5 -0.9
v -0.3 7.5 -1.3
v -0.2 7.5 -1.3
v 1.6 7.7 -1.2
v 1.7 7.7 -1.2
v 1.6 7.7 -1.3
v 1.7 7.7 -1.3
v 4.7 3.8 0.1
v 4.8 3.8 0.1
v 4.7 3.8 0
v 4.8 3.8 0
v 4.7 3.8 -0.2
v 4.8 3.8 -0.2
v 4.7 3.8 -0.3
v 4.8 3.8 -0.3
v 4.7 3.8 -1.1
v 4.8 3.8 -1.1
v 4.7 3.8 -1.2
v 4.8 3.8 -1.2
v -2.6 4 -0.5
v -2.5 4 -0.5
v 4.5 4 -0.5
v 4.6 4 -0.5
v -2.6 4 -0.6
v -2.5 4 -0.6
v 4.5 4 -0.6
v 4.6 4 -0.6
v 4.7 4.1 0.1
v 4.8 4.1 0.1
v 4.7 4.1 0
v 4.8 4.1 0
v 4.9 4.1 0
v 5 4.1 0
v 4.9 4.1 -0.1
v 5 4.1 -0.1
v 4.8 4.1 -0.5
v 4.9 4.1 -0.5
v 4.8 4.1 -0.6
v 4.9 4.1 -0.6
v 4.6 4.2 0.2
v 4.7 4.2 0.2
v 4.6 4.2 0.1
v 4.7 4.2 0.1
v 4.8 4.2 0.1
v 4.9 4.2 0.1
v 4.8 4.2 0
v 4.9 4.2 0
v 4.9 4.2 -0.1
v 5 4.2 -0.1
v 4.8 4.2 -0.2
v 4.9 4.2 -0.2
v 4.5 4.2 -0.3
v 4.6 4.2 -0.3
v 4.7 4.2 -0.3
v 4.8 4.2 -0.3
v 4.9 4.2 -0.3
v 5 4.2 -0.3
v 4.5 4.2 -0.5
v 4.6 4.2 -0.5
v 4.7 4.2 -0.5
v 4.8 4.2 -0.5
v 4.6 4.2 -0.6
v 4.7 4.2 -0.6
v 4.8 4.2 -0.6
v 5 4.2 -0.6
v 4.9 4.2 -0.7
v 5 4.2 -0.7
v 4.8 4.2 -0.8
v 4.9 4.2 -0.8
v 4.7 4.2 -0.9
v 4.8 4.2 -0.9
v 4.7 4.2 -1
v 4.9 4.2 -1
v 4.7 4.2 -1.1
v 4.9 4.2 -1.1
v 4.8 4.2 -1.2
v 4.9 4.2 -1.2
v 4.8 4.2 -1.3
v 4.9 4.2 -1.3
v 3.6 4.3 0.2
v 3.9 4.3 0.2
v 4.4 4.3 0.2
v 4.6 4.3 0.2
v 3.6 4.3 0.1
v 3.9 4.3 0.1
v 4.4 4.3 0.1
v 4.5 4.3 0.1
v 4.6 4.3 0.1
v 4.7 4.3 0.1
v 4.9 4.3 0.1
v 5 4.3 0.1
v 4.4 4.3 0
v 4.5 4.3 0
v 4.7 4.3 0
v 4.8 4.3 0
v 4.9 4.3 0
v 5 4.3 0
v 4.4 4.3 -0.1
v 4.5 4.3 -0.1
v 4.8 4.3 -0.2
v 4.9 4.3 -0.2
v 4.5 4.3 -0.3
v 4.6 4.3 -0.3
v 4.7 4.3 -0.3
v 4.8 4.3 -0.3
v 4.9 4.3 -0.3
v 4.8 4.3 -0.4
v 4.9 4.3 -0.4
v 4.5 4.3 -0.5
v 4.6 4.3 -0.5
v 4.7 4.3 -0.5
v 4.8 4.3 -0.5
v 4.5 4.3 -0.6
v 4.6 4.3 -0.6
v 4.7 4.3 -0.6
v 4.6 4.3 -0.7
v 4.7 4.3 -0.7
v 4.9 4.3 -0.7
v 5 4.3 -0.7
v 4.8 4.3 -0.8
v 4.9 4.3 -0.8
v 4.7 4.3 -0.9
v 4.8 4.3 -0.9
v 4.6 4.3 -1
v 4.7 4.3 -1
v 5 4.3 -1
v 4.6 4.3 -1.1
v 4.7 4.3 -1.1
v 4.9 4.3 -1.1
v 4.6 4.3 -1.2
v 4.7 4.3 -1.2
v 4.8 4.3 -1.2
v 4.9 4.3 -1.2
v 4.6 4.3 -1.3
v 4.8 4.3 -1.3
v -2.3 4.4 0.2
v -1.6 4.4 0.2
v -1.2 4.4 0.2
v 3.2 4.4 0.2
v 3.6 4.4 0.2
v 3.9 4.4 0.2
v 4.4 4.4 0.2
v -2.3 4.4 0.1
v -1.6 4.4 0.1
v -1.3 4.4 0.1
v 3.3 4.4 0.1
v 3.6 4.4 0.1
v 3.9 4.4 0.1
v 4.3 4.4 0.1
v 4.4 4.4 0.1
v 4.5 4.4 0.1
v 4.7 4.4 0.1
v 4.8 4.4 0.1
v 4.3 4.4 0
v 4.4 4.4 0
v 4.5 4.4 0
v 4.7 4.4 0
v 4.8 4.4 0
v 4.3 4.4 -0.1
v 4.4 4.4 -0.1
v 4.5 4.4 -0.1
v 4.4 4.4 -0.2
v 4.5 4.4 -0.2
v -1.3 4.4 -0.3
v -1.2 4.4 -0.3
v 3.2 4.4 -0.3
v 3.3 4.4 -0.3
v 4.4 4.4 -0.4
v 4.5 4.4 -0.4
v 4.4 4.4 -0.5
v 4.5 4.4 -0.5
v 4.9 4.4 -0.6
v 5 4.4 -0.6
v 4.9 4.4 -0.7
v 5 4.4 -0.7
v -1.3 4.4 -0.8
v -1.2 4.4 -0.8
v 3.2 4.4 -0.8
v 3.3 4.4 -0.8
v 4.6 4.4 -0.8
v 4.7 4.4 -0.8
v 4.6 4.4 -1
v 4.7 4.4 -1
v 4.6 4.4 -1.1
v 4.7 4.4 -1.1
v -2.3 4.4 -1.2
v -1.6 4.4 -1.2
v -1.3 4.4 -1.2
v 3.3 4.4 -1.2
v 3.6 4.4 -1.2
v 4.3 4.4 -1.2
v 4.4 4.4 -1.2
v 4.5 4.4 -1.2
v 4.6 4.4 -1.2
v 4.7 4.4 -1.2
v -2.3 4.4 -1.3
v -1.6 4.4 -1.3
v -1.2 4.4 -1.3
v 3.2 4.4 -1.3
v 3.6 4.4 -1.3
v 4.3 4.4 -1.3
v 4.4 4.4 -1.3
v 4.5 4.4 -1.3
v -3.2 4.5 0.2
v -2.6 4.5 0.2
v -2.3 4.5 0.2
v -3.1 4.5 0.1
v -3 4.5 0.1
v -2.6 4.5 0.1
v -2.3 4.5 0.1
v -3.2 4.5 -0.1
v -3.1 4.5 -0.1
v 4.3 4.5 -0.1
v 4.4 4.5 -0.1
v 4.3 4.5 -0.2
v 4.4 4.5 -0.2
v 4.4 4.5 -0.3
v 4.5 4.5 -0.3
v 4.4 4.5 -0.4
v 4.5 4.5 -0.4
v 4.4 4.5 -0.5
v 4.5 4.5 -0.5
v 4.4 4.5 -0.6
v 4.5 4.5 -0.6
v 4.6 4.5 -0.7
v 4.7 4.5 -0.7
v 4.5 4.5 -0.8
v 4.6 4.5 -0.8
v 4.7 4.5 -0.8
v -3.2 4.5 -1
v -3.1 4.5 -1
v 4.3 4.5 -1.1
v 4.5 4.5 -1.1
v -3.1 4.5 -1.2
v -3 4.5 -1.2
v -2.6 4.5 -1.2
v -2.3 4.5 -1.2
v 4.3 4.5 -1.2
v 4.4 4.5 -1.2
v 4.5 4.5 -1.2
v 4.6 4.5 -1.2
v -3.2 4.5 -1.3
v -2.6 4.5 -1.3
v -2.3 4.5 -1.3
v 4.3 4.5 -1.3
v 4.4 4.5 -1.3
v 4.5 4.5 -1.3
v 4.6 4.5 -1.3
v 4.4 4.6 -0.2
v 4.5 4.6 -0.2
v 4.4 4.6 -0.3
v 4.5 4.6 -0.3
v 4.5 4.6 -0.5
v 4.6 4.6 -0.5
v 4.3 4.6 -0.6
v 4.4 4.6 -0.6
v 4.5 4.6 -0.6
v 4.6 4.6 -0.6
v 4.7 4.6 -0.6
v 4.3 4.6 -0.7
v 4.5 4.6 -0.7
v 4.6 4.6 -0.7
v 4.7 4.6 -0.7
v 4.5 4.6 -0.8
v 4.6 4.6 -0.8
v 4.4 4.6 -0.9
v 4.5 4.6 -0.9
v 4.3 4.6 -1
v 4.4 4.6 -1
v 4.2 4.6 -1.1
v 4.3 4.6 -1.1
v 4.5 4.6 -1.1
v 4.2 4.6 -1.2
v 4.3 4.6 -1.2
v 4.3 4.7 0.2
v 4.4 4.7 0.2
v 4.3 4.7 0.1
v 4.4 4.7 0.1
v 4.3 4.7 0
v 4.4 4.7 0
v 4.3 4.7 -0.5
v 4.4 4.7 -0.5
v 4.3 4.7 -0.6
v 4.4 4.7 -0.6
v 4.3 4.7 -0.7
v 4.5 4.7 -0.7
v 4.2 4.7 -0.9
v 4.3 4.7 -0.9
v 4.4 4.7 -0.9
v 4.5 4.7 -0.9
v 4.3 4.7 -1
v 4.4 4.7 -1
v 4.1 4.7 -1.1
v 4.2 4.7 -1.1
v 4.3 4.7 -1.1
v 4.1 4.7 -1.2
v 4.2 4.7 -1.2
v 4.4 4.7 -1.2
v 4.1 4.7 -1.3
v 4.4 4.7 -1.3
v 4.4 4.8 -0.1
v 4.5 4.8 -0.1
v 4.3 4.8 -0.2
v 4.4 4.8 -0.2
v 4.5 4.8 -0.2
v 4.3 4.8 -0.3
v 4.4 4.8 -0.3
v 4.2 4.8 -0.8
v 4.3 4.8 -0.8
v 4.1 4.8 -0.9
v 4.2 4.8 -0.9
v 4.3 4.8 -0.9
v 4.1 4.8 -1.1
v 4.2 4.8 -1.1
v -3.1 4.9 0.2
v -3 4.9 0.2
v 3.7 4.9 0.2
v 4.3 4.9 0.2
v 3.7 4.9 0.1
v 4.3 4.9 0.1
v -3 4.9 0
v 4.4 4.9 0
v 4.5 4.9 0
v 4.4 4.9 -0.1
v 4.5 4.9 -0.1
v -3.1 4.9 -0.2
v -3 4.9 -0.2
v 4.2 4.9 -0.2
v 4.3 4.9 -0.2
v 4.2 4.9 -0.3
v 4.3 4.9 -0.3
v 4.2 4.9 -0.6
v 4.3 4.9 -0.6
v 4.1 4.9 -0.7
v 4.2 4.9 -0.7
v 4.1 4.9 -0.8
v 4.2 4.9 -0.8
v 4.3 4.9 -0.8
v -3.1 4.9 -0.9
v -3 4.9 -0.9
v 4 4.9 -1
v 4.1 4.9 -1
v -3 4.9 -1.1
v 4 4.9 -1.1
v 4.1 4.9 -1.1
v 4 4.9 -1.2
v 4.1 4.9 -1.2
v -3.1 4.9 -1.3
v -3 4.9 -1.3
v 4 4.9 -1.3
v 4.1 4.9 -1.3
v -1.7 5 0.2
v -1.5 5 0.2
v -1.1 5 0.2
v 3.1 5 0.2
v 3.5 5 0.2
v 3.7 5 0.2
v -1.7 5 0.1
v -1.5 5 0.1
v -1.2 5 0.1
v 3.2 5 0.1
v 3.5 5 0.1
v 3.7 5 0.1
v 4.4 5 0.1
v 4.5 5 0.1
v -1.2 5 0
v -1.1 5 0
v 3.1 5 0
v 3.2 5 0
v 4.4 5 0
v 4.5 5 0
v 4.3 5 -0.3
v 4.4 5 -0.3
v 4.3 5 -0.4
v 4.4 5 -0.4
v -1.2 5 -1.1
v -1.1 5 -1.1
v 3.1 5 -1.1
v 3.2 5 -1.1
v -1.7 5 -1.2
v -1.5 5 -1.2
v -1.2 5 -1.2
v 3.2 5 -1.2
v 3.5 5 -1.2
v 3.7 5 -1.2
v 3.9 5 -1.2
v 4 5 -1.2
v -1.7 5 -1.3
v -1.5 5 -1.3
v -1.1 5 -1.3
v 3.1 5 -1.3
v 3.5 5 -1.3
v 3.7 5 -1.3
v 3.9 5 -1.3
v 4 5 -1.3
v -2.3 5.1 0.2
v -1.7 5.1 0.2
v -2.3 5.1 0.1
v -1.7 5.1 0.1
v 4 5.1 0.1
v 4.2 5.1 0.1
v 4 5.1 0
v 4.2 5.1 0
v 4.3 5.1 0
v 4.4 5.1 0
v 4.3 5.1 -0.1
v 4.4 5.1 -0.1
v 4.2 5.1 -0.2
v 4.3 5.1 -0.2
v 4.2 5.1 -0.3
v 4.3 5.1 -0.3
v 4.3 5.1 -0.6
v 4.4 5.1 -0.6
v 4.5 5.1 -0.6
v 4.1 5.1 -0.7
v 4.2 5.1 -0.7
v 4.3 5.1 -0.7
v 4.5 5.1 -0.7
v 4.1 5.1 -0.8
v 4.2 5.1 -0.8
v 4.1 5.1 -0.9
v 4.2 5.1 -0.9
v 4.1 5.1 -1
v 4.2 5.1 -1
v -2.3 5.1 -1.2
v -1.7 5.1 -1.2
v 3.7 5.1 -1.2
v 3.9 5.1 -1.2
v -2.3 5.1 -1.3
v -1.7 5.1 -1.3
v 3.7 5.1 -1.3
v 3.9 5.1 -1.3
v -3 5.2 0.2
v -2.3 5.2 0.2
v -1.1 5.2 0.2
v -1 5.2 0.2
v 3 5.2 0.2
v 3.1 5.2 0.2
v -2.9 5.2 0.1
v -2.7 5.2 0.1
v -2.3 5.2 0.1
v -1.1 5.2 0.1
v 3.1 5.2 0.1
v 3.8 5.2 0.1
v 4 5.2 0.1
v 4.2 5.2 0.1
v 4.4 5.2 0.1
v 3.8 5.2 0
v 4 5.2 0
v 4.1 5.2 0
v 4.2 5.2 0
v 4.3 5.2 0
v 4.4 5.2 0
v -3 5.2 -0.1
v -2.9 5.2 -0.1
v 4.1 5.2 -0.1
v 4.3 5.2 -0.1
v 4.4 5.2 -0.1
v -1.1 5.2 -0.2
v -1 5.2 -0.2
v 3 5.2 -0.2
v 3.1 5.2 -0.2
v 4.3 5.2 -0.2
v 4.4 5.2 -0.2
v 4.1 5.2 -0.3
v 4.2 5.2 -0.3
v 4.4 5.2 -0.3
v 4.1 5.2 -0.4
v 4.2 5.2 -0.4
v 4.2 5.2 -0.5
v 4.3 5.2 -0.5
v 4.3 5.2 -0.6
v 4.4 5.2 -0.6
v -1.1 5.2 -0.9
v -1 5.2 -0.9
v 3 5.2 -0.9
v 3.1 5.2 -0.9
v -3 5.2 -1
v -2.9 5.2 -1
v 4.1 5.2 -1
v 4.2 5.2 -1
v 4 5.2 -1.1
v 4.1 5.2 -1.1
v 4.2 5.2 -1.1
v -2.9 5.2 -1.2
v -2.7 5.2 -1.2
v -2.3 5.2 -1.2
v -1.1 5.2 -1.2
v 3.1 5.2 -1.2
v 4 5.2 -1.2
v 4.1 5.2 -1.2
v -3 5.2 -1.3
v -2.3 5.2 -1.3
v -1.1 5.2 -1.3
v -1 5.2 -1.3
v 3 5.2 -1.3
v 3.1 5.2 -1.3
v -1.3 5.3 0.2
v -1.1 5.3 0.2
v 3.1 5.3 0.2
v 3.4 5.3 0.2
v -1.3 5.3 0.1
v -1.1 5.3 0.1
v 3.1 5.3 0.1
v 3.4 5.3 0.1
v 4 5.3 -0.3
v 4.1 5.3 -0.3
v 4 5.3 -0.4
v 4.1 5.3 -0.4
v 4.1 5.3 -0.5
v 4.2 5.3 -0.5
v 4.1 5.3 -0.6
v 4.2 5.3 -0.6
v 4.3 5.3 -0.6
v 4.2 5.3 -0.7
v 4.3 5.3 -0.7
v 4.2 5.3 -0.8
v 4.3 5.3 -0.8
v 4.2 5.3 -0.9
v 4.3 5.3 -0.9
v 4 5.3 -1
v 4.1 5.3 -1
v 4 5.3 -1.1
v 4.1 5.3 -1.1
v -1.3 5.3 -1.2
v -1.1 5.3 -1.2
v 3.1 5.3 -1.2
v 3.3 5.3 -1.2
v -1.3 5.3 -1.3
v -1.1 5.3 -1.3
v 3.1 5.3 -1.3
v 3.3 5.3 -1.3
v -1.5 5.4 0.2
v -1.3 5.4 0.2
v -1.5 5.4 0.1
v -1.3 5.4 0.1
v 3.9 5.4 -0.4
v 4 5.4 -0.4
v 4.3 5.4 -0.4
v 3.9 5.4 -0.5
v 4 5.4 -0.5
v 4.1 5.4 -0.5
v 4.2 5.4 -0.5
v 4 5.4 -0.6
v 4.1 5.4 -0.6
v 4.2 5.4 -0.6
v 4.3 5.4 -0.6
v 4 5.4 -0.8
v 4.1 5.4 -0.8
v 4 5.4 -0.9
v 4.1 5.4 -0.9
v 4.2 5.4 -0.9
v 3.9 5.4 -1.1
v 4 5.4 -1.1
v -1.5 5.4 -1.2
v -1.3 5.4 -1.2
v 3.3 5.4 -1.2
v 3.5 5.4 -1.2
v 3.9 5.4 -1.2
v 4 5.4 -1.2
v -1.5 5.4 -1.3
v -1.3 5.4 -1.3
v 3.3 5.4 -1.3
v 3.5 5.4 -1.3
v -1.8 5.5 0.2
v -1.5 5.5 0.2
v -1 5.5 0.2
v -0.9 5.5 0.2
v 2.9 5.5 0.2
v 3.1 5.5 0.2
v 3.2 5.5 0.2
v -1.8 5.5 0.1
v -1.5 5.5 0.1
v -1 5.5 0.1
v -0.9 5.5 0.1
v 2.9 5.5 0.1
v 3 5.5 0.1
v 3.1 5.5 0.1
v 3.2 5.5 0.1
v 3.7 5.5 0.1
v 3.9 5.5 0.1
v 4.1 5.5 0.1
v 4.2 5.5 0.1
v 3.7 5.5 0
v 3.9 5.5 0
v 4 5.5 0
v 4.1 5.5 0
v 4.2 5.5 0
v -1 5.5 -0.1
v -0.9 5.5 -0.1
v 2.9 5.5 -0.1
v 3 5.5 -0.1
v 3.9 5.5 -0.1
v 4 5.5 -0.1
v 4.1 5.5 -0.1
v 4.2 5.5 -0.1
v 4.3 5.5 -0.1
v 4.2 5.5 -0.3
v 4.3 5.5 -0.3
v 3.8 5.5 -0.4
v 3.9 5.5 -0.4
v 3.8 5.5 -0.5
v 3.9 5.5 -0.5
v 4 5.5 -0.6
v 4.1 5.5 -0.6
v 3.9 5.5 -0.8
v 4 5.5 -0.8
v 4.1 5.5 -0.8
v 3.9 5.5 -0.9
v 4 5.5 -0.9
v 4.1 5.5 -0.9
v -1 5.5 -1
v -0.9 5.5 -1
v 2.9 5.5 -1
v 3 5.5 -1
v 3.9 5.5 -1
v 4 5.5 -1
v 4.1 5.5 -1
v 3.9 5.5 -1.1
v 4 5.5 -1.1
v -1.8 5.5 -1.2
v -1.5 5.5 -1.2
v -1 5.5 -1.2
v -0.9 5.5 -1.2
v 2.9 5.5 -1.2
v 3 5.5 -1.2
v 3.5 5.5 -1.2
v 3.9 5.5 -1.2
v -1.8 5.5 -1.3
v -1.5 5.5 -1.3
v -1 5.5 -1.3
v -0.9 5.5 -1.3
v 2.9 5.5 -1.3
v 3 5.5 -1.3
v 3.5 5.5 -1.3
v 3.9 5.5 -1.3
v -2.8 5.6 0.2
v -2.7 5.6 0.2
v -1.9 5.6 0.2
v -1.8 5.6 0.2
v -1.2 5.6 0.2
v -1.1 5.6 0.2
v -1 5.6 0.2
v 2.7 5.6 0.2
v 2.8 5.6 0.2
v -2.8 5.6 0.1
v -2.7 5.6 0.1
v -1.9 5.6 0.1
v -1.8 5.6 0.1
v -1.2 5.6 0.1
v -1.1 5.6 0.1
v -1 5.6 0.1
v 2.7 5.6 0.1
v 2.8 5.6 0.1
v -2.7 5.6 0
v 3.7 5.6 0
v 3.9 5.6 0
v 4 5.6 0
v 4.1 5.6 0
v 3.7 5.6 -0.1
v 3.9 5.6 -0.1
v 4 5.6 -0.1
v 4.1 5.6 -0.1
v 4.2 5.6 -0.1
v 3.9 5.6 -0.2
v 4 5.6 -0.2
v 4 5.6 -0.3
v 4.1 5.6 -0.3
v 4.2 5.6 -0.3
v 3.7 5.6 -0.4
v 3.8 5.6 -0.4
v 4 5.6 -0.4
v 4.1 5.6 -0.4
v 3.7 5.6 -0.5
v 3.8 5.6 -0.5
v 3.9 5.6 -0.5
v 4 5.6 -0.5
v 3.9 5.6 -0.6
v 4 5.6 -0.6
v 3.9 5.6 -0.9
v 4 5.6 -0.9
v 3.8 5.6 -1
v 3.9 5.6 -1
v 4 5.6 -1
v -2.7 5.6 -1.1
v 3.8 5.6 -1.1
v 3.9 5.6 -1.1
v -2.8 5.6 -1.2
v -2.7 5.6 -1.2
v -1.9 5.6 -1.2
v -1.8 5.6 -1.2
v -1.2 5.6 -1.2
v -1.1 5.6 -1.2
v -1 5.6 -1.2
v 3 5.6 -1.2
v 3.1 5.6 -1.2
v 3.2 5.6 -1.2
v 3.8 5.6 -1.2
v 3.9 5.6 -1.2
v -2.8 5.6 -1.3
v -2.7 5.6 -1.3
v -1.9 5.6 -1.3
v -1.8 5.6 -1.3
v -1.2 5.6 -1.3
v -1.1 5.6 -1.3
v -1 5.6 -1.3
v 3 5.6 -1.3
v 3.1 5.6 -1.3
v 3.2 5.6 -1.3
v -2.1 5.7 0.2
v -1.9 5.7 0.2
v -1.3 5.7 0.2
v -1.2 5.7 0.2
v -0.7 5.7 0.2
v -0.6 5.7 0.2
v 2.8 5.7 0.2
v 2.9 5.7 0.2
v 3 5.7 0.2
v 3.3 5.7 0.2
v 3.4 5.7 0.2
v -2.1 5.7 0.1
v -1.9 5.7 0.1
v -1.3 5.7 0.1
v -1.2 5.7 0.1
v -0.7 5.7 0.1
v 2.8 5.7 0.1
v 2.9 5.7 0.1
v 3 5.7 0.1
v 3.2 5.7 0.1
v 3.3 5.7 0.1
v 3.4 5.7 0.1
v 3.6 5.7 0.1
v 3.7 5.7 0.1
v 2.6 5.7 0
v 2.7 5.7 0
v 3.2 5.7 0
v 3.3 5.7 0
v 3.6 5.7 0
v 3.7 5.7 0
v -0.6 5.7 -0.1
v 2.6 5.7 -0.1
v 4 5.7 -0.1
v 4.1 5.7 -0.1
v -0.7 5.7 -0.2
v -0.6 5.7 -0.2
v 2.6 5.7 -0.2
v 2.7 5.7 -0.2
v 4 5.7 -0.2
v 4.1 5.7 -0.2
v 3.9 5.7 -0.3
v 4 5.7 -0.3
v 3.9 5.7 -0.4
v 4 5.7 -0.4
v 3.8 5.7 -0.5
v 3.9 5.7 -0.5
v 3.9 5.7 -0.6
v 4 5.7 -0.6
v 3.8 5.7 -0.7
v 3.9 5.7 -0.7
v 3.8 5.7 -0.8
v 3.9 5.7 -0.8
v 4 5.7 -0.8
v -0.7 5.7 -0.9
v -0.6 5.7 -0.9
v 2.6 5.7 -0.9
v 2.7 5.7 -0.9
v 3.8 5.7 -0.9
v 3.9 5.7 -0.9
v -0.6 5.7 -1
v 2.6 5.7 -1
v -2.1 5.7 -1.2
v -1.9 5.7 -1.2
v -1.3 5.7 -1.2
v -1.2 5.7 -1.2
v -0.7 5.7 -1.2
v 2.7 5.7 -1.2
v 3.2 5.7 -1.2
v 3.3 5.7 -1.2
v -2.1 5.7 -1.3
v -1.9 5.7 -1.3
v -1.3 5.7 -1.3
v -1.2 5.7 -1.3
v -0.7 5.7 -1.3
v -0.6 5.7 -1.3
v 2.6 5.7 -1.3
v 2.7 5.7 -1.3
v 3.2 5.7 -1.3
v 3.3 5.7 -1.3
v -2.7 5.8 0.2
v -2.6 5.8 0.2
v -2.3 5.8 0.2
v -2.1 5.8 0.2
v -1.5 5.8 0.2
v -1.3 5.8 0.2
v -0.8 5.8 0.2
v -0.7 5.8 0.2
v 3.4 5.8 0.2
v 3.5 5.8 0.2
v -2.3 5.8 0.1
v -2.1 5.8 0.1
v -1.5 5.8 0.1
v -1.3 5.8 0.1
v -0.8 5.8 0.1
v -0.7 5.8 0.1
v 3.3 5.8 0.1
v 3.4 5.8 0.1
v 3.5 5.8 0.1
v 3.6 5.8 0.1
v 3.3 5.8 0
v 3.4 5.8 0
v 3.5 5.8 0
v 3.6 5.8 0
v -2.7 5.8 -0.1
v -2.6 5.8 -0.1
v 3.7 5.8 -0.1
v 3.8 5.8 -0.1
v 3.7 5.8 -0.2
v 3.8 5.8 -0.2
v 4 5.8 -0.2
v 4.1 5.8 -0.2
v 4 5.8 -0.3
v 4.1 5.8 -0.3
v 3.5 5.8 -0.5
v 3.8 5.8 -0.5
v 3.5 5.8 -0.6
v 3.6 5.8 -0.6
v 3.6 5.8 -0.7
v 3.8 5.8 -0.7
v 3.9 5.8 -0.7
v 3.7 5.8 -0.8
v 3.8 5.8 -0.8
v 3.9 5.8 -0.8
v 3.7 5.8 -0.9
v 3.8 5.8 -0.9
v 3.9 5.8 -0.9
v -2.7 5.8 -1
v -2.6 5.8 -1
v 3.7 5.8 -1
v 3.8 5.8 -1
v 3.9 5.8 -1
v 3.7 5.8 -1.1
v 3.8 5.8 -1.1
v -2.3 5.8 -1.2
v -2.1 5.8 -1.2
v -1.5 5.8 -1.2
v -1.3 5.8 -1.2
v -0.8 5.8 -1.2
v -0.7 5.8 -1.2
v 2.7 5.8 -1.2
v 2.8 5.8 -1.2
v 3.3 5.8 -1.2
v 3.5 5.8 -1.2
v 3.6 5.8 -1.2
v 3.7 5.8 -1.2
v 3.8 5.8 -1.2
v -2.7 5.8 -1.3
v -2.6 5.8 -1.3
v -2.3 5.8 -1.3
v -2.1 5.8 -1.3
v -1.5 5.8 -1.3
v -1.3 5.8 -1.3
v -0.8 5.8 -1.3
v -0.7 5.8 -1.3
v 2.7 5.8 -1.3
v 2.8 5.8 -1.3
v 3.3 5.8 -1.3
v 3.5 5.8 -1.3
v 3.6 5.8 -1.3
v 3.7 5.8 -1.3
v -2.5 5.9 0.2
v -2.3 5.9 0.2
v -1.6 5.9 0.2
v -1.5 5.9 0.2
v 3 5.9 0.2
v 3.2 5.9 0.2
v -2.4 5.9 0.1
v -2.3 5.9 0.1
v -1.6 5.9 0.1
v -1.5 5.9 0.1
v 3 5.9 0.1
v 3.2 5.9 0.1
v 3.4 5.9 0.1
v 3.5 5.9 0.1
v 3.6 5.9 0.1
v 3.7 5.9 0.1
v 3.4 5.9 0
v 3.5 5.9 0
v 3.6 5.9 0
v 3.7 5.9 0
v 3.4 5.9 -0.1
v 3.6 5.9 -0.1
v -2.5 5.9 -0.2
v -2.5 5.9 -0.9
v -2.4 5.9 -1.2
v -2.3 5.9 -1.2
v -1.6 5.9 -1.2
v -1.5 5.9 -1.2
v 3.5 5.9 -1.2
v 3.6 5.9 -1.2
v -2.5 5.9 -1.3
v -2.3 5.9 -1.3
v -1.6 5.9 -1.3
v -1.5 5.9 -1.3
v 3.5 5.9 -1.3
v 3.6 5.9 -1.3
v -2.6 6 0.2
v -2.5 6 0.2
v -1.7 6 0.2
v -1.6 6 0.2
v -0.9 6 0.2
v -0.8 6 0.2
v -0.5 6 0.2
v -0.4 6 0.2
v 2.4 6 0.2
v 2.5 6 0.2
v 2.8 6 0.2
v 3 6 0.2
v 3.2 6 0.2
v 3.3 6 0.2
v -1.7 6 0.1
v -1.6 6 0.1
v -0.9 6 0.1
v -0.8 6 0.1
v -0.5 6 0.1
v -0.4 6 0.1
v 2.4 6 0.1
v 2.5 6 0.1
v 2.8 6 0.1
v 3 6 0.1
v 3.2 6 0.1
v 3.3 6 0.1
v 3.3 6 0
v 3.4 6 0
v 3.3 6 -0.1
v 3.4 6 -0.1
v 3.5 6 -0.1
v 3.9 6 -0.1
v 4 6 -0.1
v -2.6 6 -0.2
v -2.5 6 -0.2
v 3.4 6 -0.2
v 3.5 6 -0.2
v 3.9 6 -0.2
v 4 6 -0.2
v 3.9 6 -0.3
v 4 6 -0.3
v 3.9 6 -0.4
v 4 6 -0.4
v 3.7 6 -0.7
v 3.8 6 -0.7
v 3.6 6 -0.8
v 3.7 6 -0.8
v 3.8 6 -0.8
v -2.6 6 -0.9
v -2.5 6 -0.9
v 3.7 6 -0.9
v 3.8 6 -0.9
v 3.5 6 -1
v 3.6 6 -1
v 3.7 6 -1
v 3.8 6 -1
v 3.5 6 -1.1
v 3.7 6 -1.1
v -1.7 6 -1.2
v -1.6 6 -1.2
v -0.9 6 -1.2
v -0.8 6 -1.2
v -0.5 6 -1.2
v -0.4 6 -1.2
v 2.4 6 -1.2
v 2.5 6 -1.2
v 2.8 6 -1.2
v 2.9 6 -1.2
v 3.5 6 -1.2
v 3.7 6 -1.2
v -2.6 6 -1.3
v -2.5 6 -1.3
v -1.7 6 -1.3
v -1.6 6 -1.3
v -0.9 6 -1.3
v -0.8 6 -1.3
v -0.5 6 -1.3
v -0.4 6 -1.3
v 2.4 6 -1.3
v 2.5 6 -1.3
v 2.8 6 -1.3
v 2.9 6 -1.3
v -1.8 6.1 0.2
v -1.7 6.1 0.2
v -1.1 6.1 0.2
v -0.9 6.1 0.2
v 3 6.1 0.2
v 3.1 6.1 0.2
v -1.8 6.1 0.1
v -1.7 6.1 0.1
v -1.1 6.1 0.1
v -0.9 6.1 0.1
v 3 6.1 0.1
v 3.1 6.1 0.1
v 3.9 6.1 0
v 4 6.1 0
v 3.6 6.1 -0.1
v 3.7 6.1 -0.1
v 3.8 6.1 -0.1
v 3.9 6.1 -0.1
v 4 6.1 -0.1
v 3.4 6.1 -0.2
v 3.6 6.1 -0.2
v 3.7 6.1 -0.2
v 3.8 6.1 -0.2
v 3.9 6.1 -0.2
v 3.4 6.1 -0.3
v 3.6 6.1 -0.3
v 3.8 6.1 -0.3
v 3.9 6.1 -0.3
v 3.6 6.1 -0.4
v 3.8 6.1 -0.4
v 3.9 6.1 -0.4
v 3.6 6.1 -0.5
v 3.8 6.1 -0.5
v 3.6 6.1 -0.7
v 3.7 6.1 -0.7
v 3.5 6.1 -0.8
v 3.6 6.1 -0.8
v 3.7 6.1 -0.8
v 3.8 6.1 -0.8
v 3.4 6.1 -0.9
v 3.5 6.1 -0.9
v 3.7 6.1 -0.9
v 3.8 6.1 -0.9
v 3.5 6.1 -1
v 3.6 6.1 -1
v 3.4 6.1 -1.1
v 3.5 6.1 -1.1
v -1.8 6.1 -1.2
v -1.7 6.1 -1.2
v -1.1 6.1 -1.2
v -0.9 6.1 -1.2
v 2.9 6.1 -1.2
v 3.1 6.1 -1.2
v -1.8 6.1 -1.3
v -1.7 6.1 -1.3
v -1.1 6.1 -1.3
v -0.9 6.1 -1.3
v 2.9 6.1 -1.3
v 3.1 6.1 -1.3
v -2.4 6.2 0.2
v -2.3 6.2 0.2
v -1.9 6.2 0.2
v -1.8 6.2 0.2
v -0.6 6.2 0.2
v -0.5 6.2 0.2
v 3.2 6.2 0.2
v 3.4 6.2 0.2
v -1.9 6.2 0.1
v -1.8 6.2 0.1
v -0.6 6.2 0.1
v -0.5 6.2 0.1
v 3.2 6.2 0.1
v 3.3 6.2 0.1
v 3.4 6.2 0.1
v 3.6 6.2 0
v 3.7 6.2 0
v 3.8 6.2 0
v 3.9 6.2 0
v 3.4 6.2 -0.1
v 3.6 6.2 -0.1
v 3.7 6.2 -0.1
v 3.8 6.2 -0.1
v 3.9 6.2 -0.1
v 3.3 6.2 -0.2
v 3.4 6.2 -0.2
v 3.6 6.2 -0.2
v 3.7 6.2 -0.2
v 3.8 6.2 -0.2
v 4 6.2 -0.2
v -2.4 6.2 -0.3
v -2.3 6.2 -0.3
v 3.3 6.2 -0.3
v 3.4 6.2 -0.3
v 3.5 6.2 -0.3
v 3.6 6.2 -0.3
v 3.8 6.2 -0.3
v 4 6.2 -0.3
v 3.4 6.2 -0.4
v 3.5 6.2 -0.4
v 3.6 6.2 -0.4
v 3.8 6.2 -0.4
v 3.9 6.2 -0.4
v 3.4 6.2 -0.5
v 3.5 6.2 -0.5
v 3.6 6.2 -0.5
v 3.8 6.2 -0.5
v 3.9 6.2 -0.5
v 3.5 6.2 -0.6
v 3.6 6.2 -0.6
v 3.7 6.2 -0.6
v 3.8 6.2 -0.6
v 3.5 6.2 -0.7
v 3.6 6.2 -0.7
v 3.7 6.2 -0.7
v -2.4 6.2 -0.8
v -2.3 6.2 -0.8
v 3.4 6.2 -0.8
v 3.5 6.2 -0.8
v 3.6 6.2 -0.8
v 3.3 6.2 -0.9
v 3.4 6.2 -0.9
v 3.5 6.2 -0.9
v 3.3 6.2 -1
v 3.4 6.2 -1
v -1.9 6.2 -1.2
v -1.8 6.2 -1.2
v -0.6 6.2 -1.2
v -0.5 6.2 -1.2
v 2.5 6.2 -1.2
v 2.6 6.2 -1.2
v -2.4 6.2 -1.3
v -2.3 6.2 -1.3
v -1.9 6.2 -1.3
v -1.8 6.2 -1.3
v -0.6 6.2 -1.3
v -0.5 6.2 -1.3
v 2.5 6.2 -1.3
v 2.6 6.2 -1.3
v -2 6.3 0.2
v -1.9 6.3 0.2
v -1.2 6.3 0.2
v -1.1 6.3 0.2
v -0.0999999 6.3 0.2
v 0 6.3 0.2
v 2 6.3 0.2
v 2.1 6.3 0.2
v 2.8 6.3 0.2
v 3 6.3 0.2
v 3.1 6.3 0.2
v 3.2 6.3 0.2
v -2 6.3 0.1
v -1.9 6.3 0.1
v -1.2 6.3 0.1
v -1.1 6.3 0.1
v -0.0999999 6.3 0.1
v 0 6.3 0.1
v 2 6.3 0.1
v 2.1 6.3 0.1
v 2.8 6.3 0.1
v 2.9 6.3 0.1
v 3 6.3 0.1
v 3.1 6.3 0.1
v 3.2 6.3 0.1
v 3.3 6.3 0.1
v 2.9 6.3 0
v 3.2 6.3 0
v 3.3 6.3 0
v 3.5 6.3 0
v 3.6 6.3 0
v 3.3 6.3 -0.1
v 3.4 6.3 -0.1
v 3.5 6.3 -0.1
v 3.6 6.3 -0.1
v 3.2 6.3 -0.2
v 3.4 6.3 -0.2
v 3.6 6.3 -0.2
v 3.8 6.3 -0.2
v 3.4 6.3 -0.3
v 3.5 6.3 -0.3
v 3.6 6.3 -0.3
v 3.8 6.3 -0.3
v 3.3 6.3 -0.4
v 3.4 6.3 -0.4
v 3.5 6.3 -0.4
v 3.3 6.3 -0.5
v 3.4 6.3 -0.5
v 3.5 6.3 -0.5
v 3.4 6.3 -0.6
v 3.5 6.3 -0.6
v 3.6 6.3 -0.6
v 3.3 6.3 -0.7
v 3.5 6.3 -0.7
v 3.6 6.3 -0.7
v 3.4 6.3 -0.8
v 3.5 6.3 -0.8
v 3.3 6.3 -0.9
v 3.4 6.3 -0.9
v -2 6.3 -1.2
v -1.9 6.3 -1.2
v -1.2 6.3 -1.2
v -1.1 6.3 -1.2
v -0.0999999 6.3 -1.2
v 0 6.3 -1.2
v 2 6.3 -1.2
v 2.1 6.3 -1.2
v 3.1 6.3 -1.2
v 3.2 6.3 -1.2
v -2 6.3 -1.3
v -1.9 6.3 -1.3
v -1.2 6.3 -1.3
v -1.1 6.3 -1.3
v -0.0999999 6.3 -1.3
v 0 6.3 -1.3
v 2 6.3 -1.3
v 2.1 6.3 -1.3
v 3.1 6.3 -1.3
v 3.2 6.3 -1.3
v -2.3 6.4 0.2
v -2.2 6.4 0.2
v -2.1 6.4 0.2
v -2 6.4 0.2
v -1.3 6.4 0.2
v -1.2 6.4 0.2
v -0.7 6.4 0.2
v -0.6 6.4 0.2
v 2.6 6.4 0.2
v 2.7 6.4 0.2
v -2.2 6.4 0.1
v -2.1 6.4 0.1
v -2 6.4 0.1
v -1.9 6.4 0.1
v -1.3 6.4 0.1
v -1.2 6.4 0.1
v -0.7 6.4 0.1
v -0.6 6.4 0.1
v 2.6 6.4 0.1
v 2.7 6.4 0.1
v 3.1 6.4 0
v 3.2 6.4 0
v 3.3 6.4 0
v 3.5 6.4 0
v -2.3 6.4 -0.1
v -2.2 6.4 -0.1
v 3.3 6.4 -0.1
v 3.5 6.4 -0.1
v 3.1 6.4 -0.2
v 3.2 6.4 -0.2
v 3.3 6.4 -0.2
v 3.4 6.4 -0.2
v 3.3 6.4 -0.3
v 3.4 6.4 -0.3
v 3.2 6.4 -0.8
v 3.3 6.4 -0.8
v 3.2 6.4 -0.9
v 3.3 6.4 -0.9
v -2.3 6.4 -1
v -2.2 6.4 -1
v 3.3 6.4 -1
v 3.4 6.4 -1
v 3.3 6.4 -1.1
v 3.4 6.4 -1.1
v 3.5 6.4 -1.1
v -2.2 6.4 -1.2
v -2.1 6.4 -1.2
v -2 6.4 -1.2
v -1.9 6.4 -1.2
v -1.3 6.4 -1.2
v -1.2 6.4 -1.2
v -0.7 6.4 -1.2
v -0.6 6.4 -1.2
v 2.6 6.4 -1.2
v 2.7 6.4 -1.2
v 3.2 6.4 -1.2
v 3.3 6.4 -1.2
v 3.4 6.4 -1.2
v 3.5 6.4 -1.2
v -2.3 6.4 -1.3
v -2.2 6.4 -1.3
v -2.1 6.4 -1.3
v -2 6.4 -1.3
v -1.3 6.4 -1.3
v -1.2 6.4 -1.3
v -0.7 6.4 -1.3
v -0.6 6.4 -1.3
v 2.6 6.4 -1.3
v 2.7 6.4 -1.3
v 3.2 6.4 -1.3
v 3.4 6.4 -1.3
v -2.2 6.5 0.2
v -2.1 6.5 0.2
v -1.4 6.5 0.2
v -1.3 6.5 0.2
v 2.1 6.5 0.2
v 2.2 6.5 0.2
v -2.2 6.5 0.1
v -2.1 6.5 0.1
v -1.4 6.5 0.1
v -1.3 6.5 0.1
v 2.1 6.5 0.1
v 2.2 6.5 0.1
v 3 6.5 -0.1
v 3.1 6.5 -0.1
v 3 6.5 -0.2
v 3.1 6.5 -0.2
v 3.2 6.5 -0.2
v 3.3 6.5 -0.2
v 3.3 6.5 -0.4
v 3.2 6.5 -0.5
v 3.3 6.5 -0.5
v 3.4 6.5 -0.5
v 3.3 6.5 -0.6
v 3.4 6.5 -0.6
v 3.5 6.5 -0.6
v 3.4 6.5 -0.7
v 3.5 6.5 -0.7
v 3.2 6.5 -0.9
v 3.3 6.5 -0.9
v 3.2 6.5 -1.1
v 3.3 6.5 -1.1
v -2.2 6.5 -1.2
v -2.1 6.5 -1.2
v -1.4 6.5 -1.2
v -1.3 6.5 -1.2
v -2.2 6.5 -1.3
v -2.1 6.5 -1.3
v -1.4 6.5 -1.3
v -1.3 6.5 -1.3
v -0.8 6.6 0.2
v -0.7 6.6 0.2
v -0.2 6.6 0.2
v -0.0999999 6.6 0.2
v 0.3 6.6 0.2
v 0.4 6.6 0.2
v 1.6 6.6 0.2
v 1.7 6.6 0.2
v 2.7 6.6 0.2
v 2.8 6.6 0.2
v -0.8 6.6 0.1
v -0.7 6.6 0.1
v -0.2 6.6 0.1
v -0.0999999 6.6 0.1
v 0.3 6.6 0.1
v 0.4 6.6 0.1
v 1.6 6.6 0.1
v 1.7 6.6 0.1
v 2.7 6.6 0.1
v 2.8 6.6 0.1
v 3 6.6 0.1
v 3.1 6.6 0.1
v 2.8 6.6 0
v 2.9 6.6 0
v 3 6.6 0
v 3.1 6.6 0
v 2.8 6.6 -0.1
v 2.9 6.6 -0.1
v 3 6.6 -0.1
v 3.1 6.6 -0.1
v 2.9 6.6 -0.2
v 3 6.6 -0.2
v 3.2 6.6 -0.2
v 3.3 6.6 -0.2
v 3.4 6.6 -0.2
v 3 6.6 -0.3
v 3.1 6.6 -0.3
v 3.2 6.6 -0.3
v 3.3 6.6 -0.3
v 3.1 6.6 -0.4
v 3.2 6.6 -0.4
v 3.3 6.6 -0.4
v 3.4 6.6 -0.4
v 3.1 6.6 -0.5
v 3.2 6.6 -0.5
v 3.3 6.6 -0.5
v 3.2 6.6 -0.6
v 3.3 6.6 -0.6
v 3.4 6.6 -0.6
v 3 6.6 -0.7
v 3.1 6.6 -0.7
v 3.2 6.6 -0.7
v 3.3 6.6 -0.7
v 3.4 6.6 -0.7
v 3.1 6.6 -0.8
v 3.2 6.6 -0.8
v 3 6.6 -0.9
v 3.2 6.6 -0.9
v 3.3 6.6 -0.9
v 3 6.6 -1
v 3.2 6.6 -1
v 3 6.6 -1.1
v 3.2 6.6 -1.1
v -0.8 6.6 -1.2
v -0.7 6.6 -1.2
v -0.2 6.6 -1.2
v -0.0999999 6.6 -1.2
v 0.3 6.6 -1.2
v 0.4 6.6 -1.2
v 1.6 6.6 -1.2
v 1.7 6.6 -1.2
v 2.1 6.6 -1.2
v 2.2 6.6 -1.2
v 2.7 6.6 -1.2
v 2.8 6.6 -1.2
v 3 6.6 -1.2
v 3.1 6.6 -1.2
v 3.2 6.6 -1.2
v -0.8 6.6 -1.3
v -0.7 6.6 -1.3
v -0.2 6.6 -1.3
v -0.0999999 6.6 -1.3
v 0.3 6.6 -1.3
v 0.4 6.6 -1.3
v 1.6 6.6 -1.3
v 1.7 6.6 -1.3
v 2.1 6.6 -1.3
v 2.2 6.6 -1.3
v 2.7 6.6 -1.3
v 2.8 6.6 -1.3
v 3.1 6.6 -1.3
v 3.2 6.6 -1.3
v -2 6.7 0.2
v -1.9 6.7 0.2
v -1.5 6.7 0.2
v -1.4 6.7 0.2
v 1.8 6.7 0.2
v 1.9 6.7 0.2
v -1.5 6.7 0.1
v -1.4 6.7 0.1
v 1.8 6.7 0.1
v 1.9 6.7 0.1
v -1.9 6.7 0
v 3.2 6.7 -0.2
v 3.3 6.7 -0.2
v -2 6.7 -0.3
v -1.9 6.7 -0.3
v 3 6.7 -0.3
v 3.1 6.7 -0.3
v 3.2 6.7 -0.3
v 3.3 6.7 -0.3
v 2.9 6.7 -0.4
v 3 6.7 -0.4
v 3.1 6.7 -0.4
v 3.2 6.7 -0.4
v 3.3 6.7 -0.4
v 3.4 6.7 -0.4
v 2.9 6.7 -0.5
v 3 6.7 -0.5
v 3.1 6.7 -0.5
v 3.2 6.7 -0.5
v 3.3 6.7 -0.5
v 3.4 6.7 -0.5
v 3.2 6.7 -0.6
v 3.3 6.7 -0.6
v 3 6.7 -0.7
v 3.1 6.7 -0.7
v 3.2 6.7 -0.7
v 3.3 6.7 -0.7
v -2 6.7 -0.8
v -1.9 6.7 -0.8
v 2.9 6.7 -0.8
v 3 6.7 -0.8
v 3.1 6.7 -0.8
v 3.2 6.7 -0.8
v 2.9 6.7 -0.9
v 3 6.7 -0.9
v 3.2 6.7 -0.9
v 2.9 6.7 -1
v 3 6.7 -1
v 3.2 6.7 -1
v -1.9 6.7 -1.1
v 2.9 6.7 -1.1
v 3 6.7 -1.1
v 3.2 6.7 -1.1
v 3.3 6.7 -1.1
v -1.5 6.7 -1.2
v -1.4 6.7 -1.2
v 2.9 6.7 -1.2
v 3 6.7 -1.2
v 3.1 6.7 -1.2
v 3.2 6.7 -1.2
v 3.3 6.7 -1.2
v -2 6.7 -1.3
v -1.9 6.7 -1.3
v -1.5 6.7 -1.3
v -1.4 6.7 -1.3
v 3 6.7 -1.3
v 3.1 6.7 -1.3
v -1.9 6.8 0.2
v -1.7 6.8 0.2
v -1.6 6.8 0.2
v -1.5 6.8 0.2
v -0.9 6.8 0.2
v -0.8 6.8 0.2
v 1.4 6.8 0.2
v 1.5 6.8 0.2
v 2.8 6.8 0.2
v 2.9 6.8 0.2
v -1.5 6.8 0.1
v -1.4 6.8 0.1
v -0.9 6.8 0.1
v -0.8 6.8 0.1
v 1.4 6.8 0.1
v 1.5 6.8 0.1
v 1.6 6.8 0.1
v 2.7 6.8 0.1
v 2.8 6.8 0.1
v 2.9 6.8 0.1
v -1.9 6.8 0
v -1.7 6.8 0
v 1.5 6.8 0
v 1.6 6.8 0
v 2.7 6.8 0
v 2.8 6.8 0
v 2.9 6.8 0
v 2.8 6.8 -0.1
v 2.9 6.8 -0.1
v 2.9 6.8 -0.2
v 3.1 6.8 -0.2
v 2.8 6.8 -0.3
v 2.9 6.8 -0.3
v 3 6.8 -0.3
v 3.1 6.8 -0.3
v 2.8 6.8 -0.4
v 2.9 6.8 -0.4
v 3 6.8 -0.4
v 2.9 6.8 -0.5
v 3 6.8 -0.5
v 2.8 6.8 -0.6
v 2.9 6.8 -0.6
v 2.9 6.8 -0.8
v 3 6.8 -0.8
v 2.9 6.8 -0.9
v 3 6.8 -0.9
v 2.8 6.8 -1
v 2.9 6.8 -1
v 3 6.8 -1
v -1.9 6.8 -1.1
v -1.7 6.8 -1.1
v 2.8 6.8 -1.1
v 2.9 6.8 -1.1
v -1.5 6.8 -1.2
v -1.4 6.8 -1.2
v -0.9 6.8 -1.2
v -0.8 6.8 -1.2
v 2.8 6.8 -1.2
v 2.9 6.8 -1.2
v 3 6.8 -1.2
v -1.9 6.8 -1.3
v -1.7 6.8 -1.3
v -1.6 6.8 -1.3
v -1.5 6.8 -1.3
v -0.9 6.8 -1.3
v -0.8 6.8 -1.3
v 2.8 6.8 -1.3
v 3 6.8 -1.3
v -1.7 6.9 0.2
v -1.6 6.9 0.2
v -0.3 6.9 0.2
v -0.2 6.9 0.2
v 1.7 6.9 0.2
v 1.8 6.9 0.2
v 2.2 6.9 0.2
v 2.3 6.9 0.2
v 2.9 6.9 0.2
v 3 6.9 0.2
v -0.3 6.9 0.1
v -0.2 6.9 0.1
v 1.7 6.9 0.1
v 1.8 6.9 0.1
v 2.2 6.9 0.1
v 2.3 6.9 0.1
v 2.9 6.9 0.1
v 3 6.9 0.1
v 2.6 6.9 0
v 2.7 6.9 0
v 2.8 6.9 0
v 2.6 6.9 -0.1
v 2.7 6.9 -0.1
v 2.8 6.9 -0.1
v 2.8 6.9 -0.2
v 2.7 6.9 -0.3
v 2.8 6.9 -0.3
v 2.9 6.9 -0.3
v 2.7 6.9 -0.4
v 2.8 6.9 -0.4
v 2.9 6.9 -0.4
v 2.7 6.9 -0.5
v 2.8 6.9 -0.5
v 2.2 6.9 -0.6
v 2.3 6.9 -0.6
v 2.2 6.9 -0.7
v 2.3 6.9 -0.7
v 2.8 6.9 -0.7
v 2.9 6.9 -0.7
v 2.8 6.9 -1
v 2.9 6.9 -1
v 2.7 6.9 -1.1
v 2.8 6.9 -1.1
v -0.3 6.9 -1.2
v -0.2 6.9 -1.2
v 2.2 6.9 -1.2
v 2.3 6.9 -1.2
v 2.6 6.9 -1.2
v 2.7 6.9 -1.2
v 2.8 6.9 -1.2
v -1.7 6.9 -1.3
v -1.6 6.9 -1.3
v -0.3 6.9 -1.3
v -0.2 6.9 -1.3
v 2.2 6.9 -1.3
v 2.3 6.9 -1.3
v 2.6 6.9 -1.3
v 2.7 6.9 -1.3
v -1 7 0.2
v -0.9 7 0.2
v 0.2 7 0.2
v 0.3 7 0.2
v 2.5 7 0.2
v 2.6 7 0.2
v -1 7 0.1
v -0.9 7 0.1
v 0.2 7 0.1
v 0.3 7 0.1
v 2.4 7 0.1
v 2.5 7 0.1
v 2.6 7 0.1
v 2.4 7 0
v 2.6 7 0
v 2.4 7 -0.1
v 2.6 7 -0.1
v 2.8 7 -0.1
v 2.9 7 -0.1
v 2.8 7 -0.2
v 2.9 7 -0.2
v 2.6 7 -0.3
v 2.7 7 -0.3
v 2.8 7 -0.3
v 2.3 7 -0.4
v 2.4 7 -0.4
v 2.5 7 -0.4
v 2.6 7 -0.4
v 2.7 7 -0.4
v 2.8 7 -0.4
v 2.2 7 -0.5
v 2.3 7 -0.5
v 2.5 7 -0.5
v 2.7 7 -0.5
v 2.2 7 -0.6
v 2.3 7 -0.6
v 2.2 7 -0.7
v 2.3 7 -0.7
v 2.7 7 -0.7
v 2.8 7 -0.7
v 2.2 7 -0.8
v 2.3 7 -0.8
v 2.7 7 -0.8
v 2.8 7 -0.8
v 2.3 7 -0.9
v 2.4 7 -0.9
v 2.7 7 -1
v 2.8 7 -1
v 2.6 7 -1.1
v 2.7 7 -1.1
v 2.8 7 -1.1
v 2.9 7 -1.1
v 3 7 -1.1
v -1 7 -1.2
v -0.9 7 -1.2
v 0.2 7 -1.2
v 0.3 7 -1.2
v 1.7 7 -1.2
v 1.8 7 -1.2
v 2.6 7 -1.2
v 2.7 7 -1.2
v 2.9 7 -1.2
v 3 7 -1.2
v -1 7 -1.3
v -0.9 7 -1.3
v 0.2 7 -1.3
v 0.3 7 -1.3
v 1.7 7 -1.3
v 1.8 7 -1.3
v -1.5 7.1 0.2
v -1.3 7.1 0.2
v -0.4 7.1 0.2
v -0.3 7.1 0.2
v 0.8 7.1 0.2
v 0.9 7.1 0.2
v 1.1 7.1 0.2
v 1.2 7.1 0.2
v 2.3 7.1 0.2
v 2.4 7.1 0.2
v 2.6 7.1 0.2
v 2.8 7.1 0.2
v -0.4 7.1 0.1
v -0.3 7.1 0.1
v 0.8 7.1 0.1
v 0.9 7.1 0.1
v 1.1 7.1 0.1
v 1.2 7.1 0.1
v 2.3 7.1 0.1
v 2.4 7.1 0.1
v 2.6 7.1 0.1
v 2.7 7.1 0.1
v 2.8 7.1 0.1
v -1.3 7.1 0
v 2.3 7.1 0
v 2.4 7.1 0
v 2.6 7.1 0
v 2.7 7.1 0
v 2.4 7.1 -0.1
v 2.7 7.1 -0.1
v -1.4 7.1 -0.2
v -1.3 7.1 -0.2
v -1.5 7.1 -0.3
v -1.4 7.1 -0.3
v 2.5 7.1 -0.3
v 2.6 7.1 -0.3
v 2.7 7.1 -0.3
v 2.1 7.1 -0.4
v 2.3 7.1 -0.4
v 2.4 7.1 -0.4
v 2.5 7.1 -0.4
v 2.2 7.1 -0.5
v 2.3 7.1 -0.5
v 2.5 7.1 -0.5
v 2.8 7.1 -0.5
v 2.8 7.1 -0.6
v 2.9 7.1 -0.6
v 2.1 7.1 -0.7
v 2.2 7.1 -0.7
v 2.5 7.1 -0.7
v 2.7 7.1 -0.7
v 2.9 7.1 -0.7
v -1.5 7.1 -0.8
v -1.4 7.1 -0.8
v 2.6 7.1 -0.8
v 2.7 7.1 -0.8
v 2.8 7.1 -0.8
v -1.4 7.1 -0.9
v -1.3 7.1 -0.9
v 2.3 7.1 -0.9
v 2.4 7.1 -0.9
v 2.5 7.1 -0.9
v 2.6 7.1 -0.9
v 2.7 7.1 -0.9
v 2.3 7.1 -1
v 2.4 7.1 -1
v 2.6 7.1 -1
v 2.7 7.1 -1
v 2.8 7.1 -1
v -1.3 7.1 -1.1
v 2.3 7.1 -1.1
v 2.4 7.1 -1.1
v 2.6 7.1 -1.1
v 2.7 7.1 -1.1
v -0.4 7.1 -1.2
v -0.3 7.1 -1.2
v 0.8 7.1 -1.2
v 0.9 7.1 -1.2
v 1.1 7.1 -1.2
v 1.2 7.1 -1.2
v 2.3 7.1 -1.2
v 2.4 7.1 -1.2
v 2.5 7.1 -1.2
v 2.6 7.1 -1.2
v -1.5 7.1 -1.3
v -1.3 7.1 -1.3
v -0.4 7.1 -1.3
v -0.3 7.1 -1.3
v 0.8 7.1 -1.3
v 0.9 7.1 -1.3
v 1.1 7.1 -1.3
v 1.2 7.1 -1.3
v 2.3 7.1 -1.3
v 2.4 7.1 -1.3
v 2.5 7.1 -1.3
v 2.6 7.1 -1.3
v -1.3 7.2 0.2
v -1.2 7.2 0.2
v -1.1 7.2 0.2
v -1 7.2 0.2
v 2.4 7.2 0.2
v 2.5 7.2 0.2
v -1.2 7.2 0.1
v -1.1 7.2 0.1
v -1 7.2 0.1
v -0.8 7.2 0.1
v 2.2 7.2 0.1
v 2.3 7.2 0.1
v 2.4 7.2 0.1
v 2.5 7.2 0.1
v -1.3 7.2 0
v -1.2 7.2 0
v 2.2 7.2 0
v 2.3 7.2 0
v 2.4 7.2 0
v 2.2 7.2 -0.3
v 2.3 7.2 -0.3
v 2.5 7.2 -0.3
v 2.6 7.2 -0.3
v 2.2 7.2 -0.4
v 2.4 7.2 -0.4
v 2.5 7.2 -0.4
v 2.6 7.2 -0.4
v 2.5 7.2 -0.7
v 2.7 7.2 -0.7
v 2.2 7.2 -0.8
v 2.3 7.2 -0.8
v 2.6 7.2 -0.8
v 2.7 7.2 -0.8
v 2 7.2 -0.9
v 2.1 7.2 -0.9
v 2.4 7.2 -0.9
v 2.5 7.2 -0.9
v 2.6 7.2 -0.9
v 2.7 7.2 -0.9
v 2 7.2 -1
v 2.1 7.2 -1
v 2.2 7.2 -1
v 2.3 7.2 -1
v 2.4 7.2 -1
v 2.6 7.2 -1
v 2.7 7.2 -1
v -1.3 7.2 -1.1
v -1.2 7.2 -1.1
v 2.2 7.2 -1.1
v 2.3 7.2 -1.1
v 2.4 7.2 -1.1
v -1.2 7.2 -1.2
v -1.1 7.2 -1.2
v -1 7.2 -1.2
v -0.8 7.2 -1.2
v 2.1 7.2 -1.2
v 2.2 7.2 -1.2
v 2.3 7.2 -1.2
v 2.4 7.2 -1.2
v 2.5 7.2 -1.2
v 2.6 7.2 -1.2
v -1.3 7.2 -1.3
v -1.2 7.2 -1.3
v -1.1 7.2 -1.3
v -1 7.2 -1.3
v 2.1 7.2 -1.3
v 2.2 7.2 -1.3
v 2.4 7.2 -1.3
v 2.5 7.2 -1.3
v -1.2 7.3 0.2
v -1.1 7.3 0.2
v 2 7.3 0.2
v 2.2 7.3 0.2
v -1.2 7.3 0.1
v -1.1 7.3 0.1
v 2 7.3 0.1
v 2.1 7.3 0.1
v 2.2 7.3 0.1
v 2.1 7.3 0
v 2.2 7.3 0
v 2.2 7.3 -0.2
v 2.3 7.3 -0.2
v 2.2 7.3 -0.3
v 2.3 7.3 -0.3
v 2.1 7.3 -0.4
v 2.2 7.3 -0.4
v 2 7.3 -0.8
v 2.1 7.3 -0.8
v 2 7.3 -0.9
v 2.1 7.3 -0.9
v 2 7.3 -1
v 2.1 7.3 -1
v 2.2 7.3 -1
v 2.2 7.3 -1.1
v -1.2 7.3 -1.2
v -1.1 7.3 -1.2
v 2 7.3 -1.2
v 2.1 7.3 -1.2
v 2.2 7.3 -1.2
v -1.2 7.3 -1.3
v -1.1 7.3 -1.3
v -0.9 7.4 0.2
v -0.8 7.4 0.2
v -0.4 7.4 0.1
v -0.2 7.4 0.1
v 2.1 7.4 0
v 2.2 7.4 0
v 2.4 7.4 0
v 2.1 7.4 -0.1
v 2.2 7.4 -0.1
v -0.9 7.4 -0.2
v -0.8 7.4 -0.2
v 2.2 7.4 -0.2
v 2.4 7.4 -0.2
v 2 7.4 -0.4
v 2.1 7.4 -0.4
v -0.8 7.4 -0.5
v 2 7.4 -0.5
v 2.1 7.4 -0.5
v -0.8 7.4 -0.6
v 2 7.4 -0.6
v 2.1 7.4 -0.6
v 2 7.4 -0.8
v 2.1 7.4 -0.8
v -0.9 7.4 -0.9
v -0.8 7.4 -0.9
v 2.2 7.4 -1
v 2.3 7.4 -1
v 2.2 7.4 -1.1
v 2.3 7.4 -1.1
v -0.4 7.4 -1.2
v -0.2 7.4 -1.2
v 2 7.4 -1.2
v 2.1 7.4 -1.2
v -0.9 7.4 -1.3
v -0.8 7.4 -1.3
v 2 7.4 -1.3
v 2.1 7.4 -1.3
v -0.8 7.5 0.2
v -0.6 7.5 0.2
v -0.5 7.5 0.2
v 2 7.5 0.2
v 2.1 7.5 0.2
v 2 7.5 0.1
v 2.1 7.5 0.1
v 2 7.5 0
v 2.1 7.5 0
v -0.7 7.5 -0.1
v -0.6 7.5 -0.1
v 2.1 7.5 -0.1
v 2.2 7.5 -0.1
v 2 7.5 -0.3
v 2.1 7.5 -0.3
v 2 7.5 -0.4
v 2.1 7.5 -0.4
v 2.2 7.5 -0.4
v -0.8 7.5 -0.5
v -0.7 7.5 -0.5
v -0.8 7.5 -0.6
v -0.7 7.5 -0.6
v 1.8 7.5 -0.9
v 2 7.5 -0.9
v -0.7 7.5 -1
v -0.6 7.5 -1
v 1.8 7.5 -1
v 2 7.5 -1
v 2.1 7.5 -1
v 1.9 7.5 -1.1
v 2 7.5 -1.1
v 2.1 7.5 -1.1
v 1.9 7.5 -1.2
v 2 7.5 -1.2
v -0.8 7.5 -1.3
v -0.6 7.5 -1.3
v -0.5 7.5 -1.3
v 1.9 7.5 -1.3
v 2 7.5 -1.3
v -0.5 7.6 0.2
v -0.4 7.6 0.2
v -0.3 7.6 0.2
v -0.2 7.6 0.2
v 1.6 7.6 0.2
v 1.7 7.6 0.2
v 1.8 7.6 0.2
v 2 7.6 0.2
v 0.2 7.6 0.1
v 0.3 7.6 0.1
v 1.6 7.6 0.1
v 1.7 7.6 0.1
v 1.8 7.6 0.1
v 2 7.6 0.1
v 1.9 7.6 0
v 2 7.6 0
v 2.1 7.6 0
v 1.6 7.6 -0.1
v 1.7 7.6 -0.1
v 1.8 7.6 -0.1
v 1.9 7.6 -0.1
v 1.5 7.6 -0.2
v 1.6 7.6 -0.2
v 0.2 7.6 -0.3
v 2 7.6 -0.3
v 2.1 7.6 -0.3
v 1.5 7.6 -0.4
v 1.7 7.6 -0.4
v 1.6 7.6 -0.5
v 1.7 7.6 -0.5
v 2 7.6 -0.5
v 2.1 7.6 -0.5
v 1.5 7.6 -0.6
v 1.6 7.6 -0.6
v 0.2 7.6 -0.8
v 1.5 7.6 -0.8
v 1.6 7.6 -0.8
v 1.8 7.6 -0.9
v 2.1 7.6 -0.9
v 1.8 7.6 -1
v 2 7.6 -1
v 1.9 7.6 -1.1
v 2 7.6 -1.1
v 0.2 7.6 -1.2
v 0.3 7.6 -1.2
v 1.6 7.6 -1.2
v 1.7 7.6 -1.2
v 1.8 7.6 -1.2
v 1.9 7.6 -1.2
v -0.5 7.6 -1.3
v -0.4 7.6 -1.3
v -0.3 7.6 -1.3
v -0.2 7.6 -1.3
v 1.6 7.6 -1.3
v 1.7 7.6 -1.3
v -0.2 7.7 0.2
v -0.0999999 7.7 0.2
v 0.2 7.7 0.2
v 1.5 7.7 0.2
v 1.6 7.7 0.2
v -0.0999999 7.7 0.1
v 0 7.7 0.1
v 0.8 7.7 0.1
v 1.2 7.7 0.1
v 1.5 7.7 0.1
v 1.6 7.7 0.1
v 1.7 7.7 0.1
v 1.8 7.7 0.1
v 2 7.7 0.1
v 1.6 7.7 0
v 1.9 7.7 0
v 2 7.7 0
v 0 7.7 -0.1
v 0.1 7.7 -0.1
v 1.6 7.7 -0.1
v 1.7 7.7 -0.1
v 1.8 7.7 -0.1
v 1.9 7.7 -0.1
v 1.3 7.7 -0.2
v 1.4 7.7 -0.2
v 1.5 7.7 -0.2
v 0.1 7.7 -0.3
v 0.2 7.7 -0.3
v 1.2 7.7 -0.4
v 1.3 7.7 -0.4
v 1.5 7.7 -0.4
v 1.7 7.7 -0.4
v 1.6 7.7 -0.5
v 1.7 7.7 -0.5
v 0.7 7.7 -0.6
v 0.8 7.7 -0.6
v 1.2 7.7 -0.6
v 1.3 7.7 -0.6
v 1.5 7.7 -0.6
v 1.6 7.7 -0.6
v 0.7 7.7 -0.7
v 0.8 7.7 -0.7
v 1.2 7.7 -0.7
v 1.3 7.7 -0.7
v 0.1 7.7 -0.8
v 0.2 7.7 -0.8
v 1.5 7.7 -0.8
v 1.6 7.7 -0.8
v 0 7.7 -1
v 0.1 7.7 -1
v 1.2 7.7 -1
v 1.4 7.7 -1
v 1.4 7.7 -1.1
v 1.5 7.7 -1.1
v -0.0999999 7.7 -1.2
v 0 7.7 -1.2
v 0.8 7.7 -1.2
v 1.2 7.7 -1.2
v 1.5 7.7 -1.2
v 1.6 7.7 -1.2
v 1.8 7.7 -1.2
v 1.9 7.7 -1.2
v -0.2 7.7 -1.3
v -0.0999999 7.7 -1.3
v 0.2 7.7 -1.3
v 1.8 7.7 -1.3
v 1.9 7.7 -1.3
v 0.3 7.8 0.2
v 0.8 7.8 0.2
v 1.2 7.8 0.2
v 1.5 7.8 0.2
v 1.5 7.8 0.1
v 1.6 7.8 0.1
v 0.4 7.8 0
v 0.6 7.8 0
v 1.4 7.8 0
v 1.6 7.8 0
v 0.3 7.8 -0.1
v 0.4 7.8 -0.1
v 1.3 7.8 -0.2
v 1.4 7.8 -0.2
v 1.6 7.8 -0.2
v 1.2 7.8 -0.4
v 1.3 7.8 -0.4
v 0.6 7.8 -0.5
v 0.7 7.8 -0.5
v 0.6 7.8 -0.6
v 0.7 7.8 -0.6
v 0.8 7.8 -0.6
v 1.2 7.8 -0.6
v 1.3 7.8 -0.6
v 0.7 7.8 -0.7
v 0.8 7.8 -0.7
v 1.2 7.8 -0.7
v 1.3 7.8 -0.7
v 0.3 7.8 -1
v 0.4 7.8 -1
v 1.2 7.8 -1
v 1.4 7.8 -1
v 0.4 7.8 -1.1
v 0.6 7.8 -1.1
v 1.4 7.8 -1.1
v 1.5 7.8 -1.1
v 1.5 7.8 -1.2
v 1.7 7.8 -1.2
v 0.3 7.8 -1.3
v 0.8 7.8 -1.3
v 1.2 7.8 -1.3
v 1.7 7.8 -1.3

# faces
f 3/3/1 2/3/1 1/3/1
f 4/3/1 2/3/1 3/3/1
f 5/3/1 2/3/1 4/3/1
f 6/3/1 2/3/1 5/3/1
f 7/1/1 4/1/1 3/1/1
f 7/3/1 5/3/1 4/3/1
f 8/3/1 5/3/1 7/3/1
f 9/3/1 5/3/1 8/3/1
f 10/1/1 6/1/1 5/1/1
f 10/3/1 5/3/1 9/3/1
f 11/3/1 9/3/1 8/3/1
f 11/1/1 8/1/1 7/1/1
f 12/3/1 9/3/1 11/3/1
f 13/3/1 9/3/1 12/3/1
f 14/1/1 10/1/1 9/1/1
f 14/3/1 9/3/1 13/3/1
f 15/1/1 7/1/1 3/1/1
f 15/1/1 11/1/1 7/1/1
f 15/1/1 12/1/1 11/1/1
f 16/3/1 13/3/1 12/3/1
f 16/1/1 12/1/1 15/1/1
f 17/1/1 14/1/1 13/1/1
f 17/3/1 13/3/1 16/3/1
f 18/1/1 6/1/1 10/1/1
f 18/1/1 14/1/1 17/1/1
f 18/1/1 10/1/1 14/1/1
f 21/2/1 20/2/1 19/2/1
f 22/2/1 20/2/1 21/2/1
f 25/3/1 24/3/1 23/3/1
f 26/3/1 24/3/1 25/3/1
f 27/3/1 24/3/1 26/3/1
f 28/3/1 24/3/1 27/3/1
f 29/1/1 26/1/1 25/1/1
f 30/3/1 27/3/1 26/3/1
f 30/1/1 26/1/1 29/1/1
f 31/1/1 28/1/1 27/1/1
f 31/3/1 27/3/1 30/3/1
f 32/1/1 28/1/1 31/1/1
f 35/2/1 34/2/1 33/2/1
f 36/2/1 34/2/1 35/2/1
f 43/3/1 41/3/1 40/3/1
f 43/1/1 38/1/1 37/1/1
f 43/3/1 40/3/1 39/3/1
f 43/3/1 39/3/1 38/3/1
f 44/3/1 41/3/1 43/3/1
f 45/3/1 41/3/1 44/3/1
f 46/1/1 42/1/1 41/1/1
f 46/3/1 41/3/1 45/3/1
f 47/1/1 43/1/1 37/1/1
f 47/1/1 44/1/1 43/1/1
f 48/3/1 45/3/1 44/3/1
f 48/1/1 44/1/1 47/1/1
f 49/1/1 46/1/1 45/1/1
f 49/3/1 45/3/1 48/3/1
f 50/1/1 42/1/1 46/1/1
f 50/1/1 46/1/1 49/1/1
f 55/1/1 52/1/1 51/1/1
f 56/3/1 53/3/1 52/3/1
f 56/1/1 52/1/1 55/1/1
f 57/1/1 54/1/1 53/1/1
f 57/3/1 53/3/1 56/3/1
f 58/1/1 54/1/1 57/1/1
f 61/2/1 60/2/1 59/2/1
f 62/2/1 60/2/1 61/2/1
f 69/1/1 64/1/1 63/1/1
f 69/1/1 65/1/1 64/1/1
f 69/3/1 66/3/1 65/3/1
f 70/3/1 66/3/1 69/3/1
f 71/3/1 66/3/1 70/3/1
f 72/1/1 67/1/1 66/1/1
f 72/3/1 66/3/1 71/3/1
f 72/1/1 68/1/1 67/1/1
f 73/1/1 70/1/1 69/1/1
f 73/1/1 69/1/1 63/1/1
f 74/3/1 71/3/1 70/3/1
f 74/1/1 70/1/1 73/1/1
f 75/1/1 72/1/1 71/1/1
f 75/3/1 71/3/1 74/3/1
f 76/1/1 68/1/1 72/1/1
f 76/1/1 72/1/1 75/1/1
f 81/1/1 78/1/1 77/1/1
f 81/3/1 79/3/1 78/3/1
f 82/3/1 79/3/1 81/3/1
f 83/3/1 79/3/1 82/3/1
f 84/1/1 80/1/1 79/1/1
f 84/3/1 79/3/1 83/3/1
f 85/1/1 81/1/1 77/1/1
f 85/1/1 82/1/1 81/1/1
f 86/3/1 83/3/1 82/3/1
f 86/1/1 82/1/1 85/1/1
f 87/1/1 84/1/1 83/1/1
f 87/3/1 83/3/1 86/3/1
f 88/1/1 80/1/1 84/1/1
f 88/1/1 84/1/1 87/1/1
f 91/5/1 90/5/1 89/5/1
f 92/5/1 90/5/1 91/5/1
f 97/3/1 94/3/1 93/3/1
f 98/3/1 94/3/1 97/3/1
f 99/3/1 96/3/1 95/3/1
f 100/3/1 96/3/1 99/3/1
f 104/2/1 102/2/1 101/2/1
f 105/2/1 102/2/1 104/2/1
f 106/2/1 102/2/1 105/2/1
f 107/2/1 102/2/1 106/2/1
f 109/1/1 104/1/1 103/1/1
f 109/1/1 105/1/1 104/1/1
f 109/3/1 106/3/1 105/3/1
f 110/3/1 106/3/1 109/3/1
f 111/3/1 106/3/1 110/3/1
f 112/1/1 108/1/1 107/1/1
f 112/3/1 106/3/1 111/3/1
f 112/1/1 107/1/1 106/1/1
f 113/1/1 110/1/1 109/1/1
f 113/1/1 109/1/1 103/1/1
f 114/3/1 111/3/1 110/3/1
f 114/1/1 110/1/1 113/1/1
f 115/1/1 112/1/1 111/1/1
f 115/3/1 111/3/1 114/3/1
f 116/1/1 108/1/1 112/1/1
f 116/1/1 112/1/1 115/1/1
f 121/1/1 118/1/1 117/1/1
f 122/3/1 119/3/1 118/3/1
f 122/1/1 118/1/1 121/1/1
f 123/1/1 120/1/1 119/1/1
f 123/3/1 119/3/1 122/3/1
f 124/1/1 120/1/1 123/1/1
f 125/1/1 121/1/1 117/1/1
f 126/3/1 122/3/1 121/3/1
f 126/1/1 121/1/1 125/1/1
f 126/3/1 123/3/1 122/3/1
f 126/3/1 124/3/1 123/3/1
f 127/1/1 120/1/1 124/1/1
f 127/3/1 124/3/1 126/3/1
f 128/1/1 120/1/1 127/1/1
f 133/1/1 130/1/1 129/1/1
f 134/1/1 130/1/1 133/1/1
f 135/1/1 132/1/1 131/1/1
f 136/1/1 132/1/1 135/1/1
f 143/1/1 138/1/1 137/1/1
f 144/3/1 139/3/1 138/3/1
f 144/1/1 138/1/1 143/1/1
f 144/3/1 140/3/1 139/3/1
f 144/3/1 141/3/1 140/3/1
f 145/1/1 142/1/1 141/1/1
f 145/3/1 141/3/1 144/3/1
f 146/1/1 142/1/1 145/1/1
f 151/3/1 148/3/1 147/3/1
f 152/3/1 148/3/1 151/3/1
f 153/3/1 150/3/1 149/3/1
f 154/3/1 150/3/1 153/3/1
f 159/3/1 156/3/1 155/3/1
f 160/3/1 156/3/1 159/3/1
f 161/3/1 158/3/1 157/3/1
f 162/3/1 158/3/1 161/3/1
f 167/1/1 164/1/1 163/1/1
f 167/3/1 165/3/1 164/3/1
f 168/3/1 165/3/1 167/3/1
f 169/3/1 165/3/1 168/3/1
f 170/1/1 166/1/1 165/1/1
f 170/3/1 165/3/1 169/3/1
f 171/1/1 167/1/1 163/1/1
f 171/1/1 168/1/1 167/1/1
f 172/3/1 169/3/1 168/3/1
f 172/1/1 168/1/1 171/1/1
f 173/1/1 170/1/1 169/1/1
f 173/3/1 169/3/1 172/3/1
f 174/1/1 166/1/1 170/1/1
f 174/1/1 170/1/1 173/1/1
f 179/1/1 176/1/1 175/1/1
f 180/3/1 177/3/1 176/3/1
f 180/1/1 176/1/1 179/1/1
f 181/1/1 178/1/1 177/1/1
f 181/3/1 177/3/1 180/3/1
f 182/1/1 178/1/1 181/1/1
f 189/1/1 184/1/1 183/1/1
f 190/3/1 185/3/1 184/3/1
f 190/1/1 184/1/1 189/1/1
f 190/3/1 186/3/1 185/3/1
f 190/3/1 187/3/1 186/3/1
f 191/1/1 188/1/1 187/1/1
f 191/3/1 187/3/1 190/3/1
f 192/1/1 188/1/1 191/1/1
f 197/3/1 194/3/1 193/3/1
f 198/3/1 194/3/1 197/3/1
f 199/3/1 196/3/1 195/3/1
f 200/3/1 196/3/1 199/3/1
f 205/3/1 202/3/1 201/3/1
f 206/3/1 202/3/1 205/3/1
f 207/3/1 204/3/1 203/3/1
f 208/3/1 204/3/1 207/3/1
f 213/3/1 210/3/1 209/3/1
f 214/3/1 210/3/1 213/3/1
f 215/3/1 212/3/1 211/3/1
f 216/3/1 212/3/1 215/3/1
f 221/3/1 218/3/1 217/3/1
f 222/3/1 218/3/1 221/3/1
f 223/3/1 220/3/1 219/3/1
f 224/3/1 220/3/1 223/3/1
f 229/3/1 226/3/1 225/3/1
f 230/3/1 226/3/1 229/3/1
f 231/3/1 228/3/1 227/3/1
f 232/3/1 228/3/1 231/3/1
f 237/3/1 234/3/1 233/3/1
f 237/3/1 236/3/1 235/3/1
f 237/3/1 235/3/1 234/3/1
f 238/3/1 236/3/1 237/3/1
f 243/3/1 240/3/1 239/3/1
f 244/3/1 240/3/1 243/3/1
f 245/3/1 242/3/1 241/3/1
f 246/3/1 242/3/1 245/3/1
f 251/3/1 248/3/1 247/3/1
f 252/3/1 248/3/1 251/3/1
f 253/3/1 250/3/1 249/3/1
f 254/3/1 250/3/1 253/3/1
f 259/1/1 256/1/1 255/1/1
f 259/3/1 257/3/1 256/3/1
f 260/3/1 257/3/1 259/3/1
f 261/3/1 257/3/1 260/3/1
f 262/1/1 258/1/1 257/1/1
f 262/3/1 257/3/1 261/3/1
f 263/1/1 259/1/1 255/1/1
f 263/1/1 260/1/1 259/1/1
f 264/3/1 261/3/1 260/3/1
f 264/1/1 260/1/1 263/1/1
f 265/1/1 262/1/1 261/1/1
f 265/3/1 261/3/1 264/3/1
f 266/1/1 258/1/1 262/1/1
f 266/1/1 262/1/1 265/1/1
f 271/3/1 268/3/1 267/3/1
f 272/3/1 268/3/1 271/3/1
f 273/3/1 270/3/1 269/3/1
f 274/3/1 270/3/1 273/3/1
f 279/1/1 276/1/1 275/1/1
f 280/3/1 277/3/1 276/3/1
f 280/1/1 276/1/1 279/1/1
f 281/1/1 278/1/1 277/1/1
f 281/3/1 277/3/1 280/3/1
f 282/1/1 278/1/1 281/1/1
f 287/4/1 284/4/1 283/4/1
f 288/4/1 284/4/1 287/4/1
f 289/4/1 286/4/1 285/4/1
f 290/4/1 286/4/1 289/4/1
f 295/3/1 292/3/1 291/3/1
f 296/3/1 292/3/1 295/3/1
f 297/3/1 294/3/1 293/3/1
f 298/3/1 294/3/1 297/3/1
f 303/3/1 300/3/1 299/3/1
f 304/3/1 300/3/1 303/3/1
f 305/3/1 302/3/1 301/3/1
f 306/3/1 302/3/1 305/3/1
f 311/3/1 308/3/1 307/3/1
f 312/3/1 308/3/1 311/3/1
f 313/3/1 310/3/1 309/3/1
f 314/3/1 310/3/1 313/3/1
f 315/1/1 312/1/1 311/1/1
f 316/1/1 312/1/1 315/1/1
f 317/1/1 314/1/1 313/1/1
f 318/1/1 314/1/1 317/1/1
f 325/1/1 320/1/1 319/1/1
f 326/3/1 321/3/1 320/3/1
f 326/1/1 320/1/1 325/1/1
f 326/3/1 322/3/1 321/3/1
f 326/3/1 323/3/1 322/3/1
f 327/1/1 324/1/1 323/1/1
f 327/3/1 323/3/1 326/3/1
f 328/1/1 324/1/1 327/1/1
f 333/3/1 330/3/1 329/3/1
f 334/3/1 330/3/1 333/3/1
f 335/3/1 332/3/1 331/3/1
f 336/3/1 332/3/1 335/3/1
f 341/3/1 338/3/1 337/3/1
f 342/3/1 338/3/1 341/3/1
f 343/3/1 340/3/1 339/3/1
f 344/3/1 340/3/1 343/3/1
f 351/1/1 346/1/1 345/1/1
f 352/3/1 347/3/1 346/3/1
f 352/1/1 346/1/1 351/1/1
f 352/3/1 348/3/1 347/3/1
f 352/3/1 349/3/1 348/3/1
f 353/1/1 350/1/1 349/1/1
f 353/3/1 349/3/1 352/3/1
f 354/1/1 350/1/1 353/1/1
f 359/4/1 356/4/1 355/4/1
f 360/4/1 356/4/1 359/4/1
f 361/4/1 358/4/1 357/4/1
f 362/4/1 358/4/1 361/4/1
f 367/3/1 364/3/1 363/3/1
f 368/3/1 364/3/1 367/3/1
f 369/3/1 366/3/1 365/3/1
f 370/3/1 366/3/1 369/3/1
f 375/3/1 372/3/1 371/3/1
f 376/3/1 372/3/1 375/3/1
f 377/3/1 374/3/1 373/3/1
f 378/3/1 374/3/1 377/3/1
f 383/3/1 380/3/1 379/3/1
f 384/3/1 380/3/1 383/3/1
f 385/3/1 382/3/1 381/3/1
f 386/3/1 382/3/1 385/3/1
f 391/3/1 388/3/1 387/3/1
f 392/3/1 388/3/1 391/3/1
f 393/3/1 390/3/1 389/3/1
f 394/3/1 390/3/1 393/3/1
f 401/4/1 396/4/1 395/4/1
f 402/3/1 397/3/1 396/3/1
f 402/4/1 396/4/1 401/4/1
f 402/3/1 398/3/1 397/3/1
f 402/3/1 399/3/1 398/3/1
f 403/4/1 400/4/1 399/4/1
f 403/3/1 399/3/1 402/3/1
f 404/4/1 400/4/1 403/4/1
f 409/3/1 406/3/1 405/3/1
f 410/3/1 406/3/1 409/3/1
f 411/3/1 408/3/1 407/3/1
f 412/3/1 408/3/1 411/3/1
f 417/1/1 414/1/1 413/1/1
f 418/3/1 415/3/1 414/3/1
f 418/1/1 414/1/1 417/1/1
f 419/1/1 416/1/1 415/1/1
f 419/3/1 415/3/1 418/3/1
f 420/1/1 416/1/1 419/1/1
f 425/3/1 422/3/1 421/3/1
f 426/3/1 422/3/1 425/3/1
f 427/3/1 424/3/1 423/3/1
f 428/3/1 424/3/1 427/3/1
f 433/3/1 430/3/1 429/3/1
f 434/3/1 430/3/1 433/3/1
f 435/3/1 432/3/1 431/3/1
f 436/3/1 432/3/1 435/3/1
f 437/1/1 434/1/1 433/1/1
f 438/1/1 436/1/1 435/1/1
f 439/1/1 437/1/1 433/1/1
f 440/3/1 438/3/1 437/3/1
f 440/1/1 437/1/1 439/1/1
f 441/3/1 438/3/1 440/3/1
f 442/3/1 438/3/1 441/3/1
f 443/1/1 436/1/1 438/1/1
f 443/3/1 438/3/1 442/3/1
f 444/1/1 436/1/1 443/1/1
f 451/1/1 446/1/1 445/1/1
f 451/1/1 447/1/1 446/1/1
f 452/3/1 448/3/1 447/3/1
f 452/1/1 447/1/1 451/1/1
f 453/1/1 450/1/1 449/1/1
f 453/3/1 448/3/1 452/3/1
f 453/1/1 449/1/1 448/1/1
f 454/1/1 450/1/1 453/1/1
f 459/4/1 456/4/1 455/4/1
f 460/4/1 456/4/1 459/4/1
f 461/4/1 458/4/1 457/4/1
f 462/4/1 458/4/1 461/4/1
f 463/3/1 460/3/1 459/3/1
f 464/3/1 460/3/1 463/3/1
f 465/3/1 462/3/1 461/3/1
f 466/3/1 462/3/1 465/3/1
f 471/3/1 468/3/1 467/3/1
f 472/3/1 468/3/1 471/3/1
f 473/3/1 470/3/1 469/3/1
f 474/3/1 470/3/1 473/3/1
f 481/4/1 476/4/1 475/4/1
f 482/4/1 476/4/1 481/4/1
f 483/3/1 477/3/1 476/3/1
f 483/4/1 476/4/1 482/4/1
f 483/3/1 478/3/1 477/3/1
f 483/3/1 479/3/1 478/3/1
f 484/4/1 480/4/1 479/4/1
f 484/3/1 479/3/1 483/3/1
f 485/4/1 480/4/1 484/4/1
f 486/4/1 480/4/1 485/4/1
f 491/3/1 488/3/1 487/3/1
f 492/3/1 488/3/1 491/3/1
f 493/3/1 490/3/1 489/3/1
f 494/3/1 490/3/1 493/3/1
f 499/3/1 496/3/1 495/3/1
f 500/3/1 496/3/1 499/3/1
f 501/3/1 498/3/1 497/3/1
f 502/3/1 498/3/1 501/3/1
f 505/3/1 504/3/1 503/3/1
f 506/3/1 504/3/1 505/3/1
f 511/3/1 508/3/1 507/3/1
f 512/3/1 508/3/1 511/3/1
f 513/3/1 510/3/1 509/3/1
f 514/3/1 510/3/1 513/3/1
f 519/4/1 516/4/1 515/4/1
f 520/4/1 516/4/1 519/4/1
f 521/3/1 517/3/1 516/3/1
f 521/4/1 516/4/1 520/4/1
f 522/4/1 518/4/1 517/4/1
f 522/3/1 517/3/1 521/3/1
f 523/4/1 518/4/1 522/4/1
f 524/4/1 518/4/1 523/4/1
f 525/3/1 520/3/1 519/3/1
f 526/3/1 520/3/1 525/3/1
f 527/3/1 524/3/1 523/3/1
f 528/3/1 524/3/1 527/3/1
f 531/3/1 530/3/1 529/3/1
f 532/3/1 530/3/1 531/3/1
f 537/3/1 534/3/1 533/3/1
f 538/3/1 536/3/1 535/3/1
f 539/3/1 537/3/1 533/3/1
f 539/3/1 538/3/1 537/3/1
f 540/3/1 536/3/1 538/3/1
f 540/3/1 538/3/1 539/3/1
f 543/3/1 542/3/1 541/3/1
f 544/3/1 542/3/1 543/3/1
f 549/3/1 546/3/1 545/3/1
f 550/3/1 546/3/1 549/3/1
f 551/3/1 548/3/1 547/3/1
f 552/3/1 548/3/1 551/3/1
f 557/4/1 554/4/1 553/4/1
f 558/4/1 554/4/1 557/4/1
f 559/4/1 556/4/1 555/4/1
f 560/4/1 556/4/1 559/4/1
f 561/3/1 558/3/1 557/3/1
f 562/3/1 558/3/1 561/3/1
f 563/3/1 560/3/1 559/3/1
f 564/3/1 560/3/1 563/3/1
f 569/4/1 566/4/1 565/4/1
f 570/3/1 567/3/1 566/3/1
f 570/4/1 566/4/1 569/4/1
f 571/4/1 568/4/1 567/4/1
f 571/3/1 567/3/1 570/3/1
f 572/4/1 568/4/1 571/4/1
f 573/4/1 569/4/1 565/4/1
f 574/4/1 569/4/1 573/4/1
f 575/4/1 568/4/1 572/4/1
f 576/4/1 568/4/1 575/4/1
f 581/3/1 578/3/1 577/3/1
f 582/3/1 580/3/1 579/3/1
f 583/3/1 581/3/1 577/3/1
f 583/3/1 582/3/1 581/3/1
f 584/3/1 582/3/1 583/3/1
f 585/3/1 582/3/1 584/3/1
f 586/3/1 580/3/1 582/3/1
f 586/3/1 582/3/1 585/3/1
f 587/1/1 584/1/1 583/1/1
f 588/3/1 585/3/1 584/3/1
f 588/1/1 584/1/1 587/1/1
f 589/1/1 586/1/1 585/1/1
f 589/3/1 585/3/1 588/3/1
f 590/1/1 586/1/1 589/1/1
f 595/3/1 592/3/1 591/3/1
f 596/3/1 592/3/1 595/3/1
f 597/3/1 594/3/1 593/3/1
f 598/3/1 594/3/1 597/3/1
f 603/4/1 600/4/1 599/4/1
f 604/4/1 600/4/1 603/4/1
f 605/4/1 602/4/1 601/4/1
f 606/4/1 602/4/1 605/4/1
f 607/3/1 604/3/1 603/3/1
f 608/3/1 604/3/1 607/3/1
f 609/3/1 606/3/1 605/3/1
f 610/3/1 606/3/1 609/3/1
f 615/4/1 612/4/1 611/4/1
f 615/3/1 613/3/1 612/3/1
f 616/4/1 614/4/1 613/4/1
f 616/3/1 613/3/1 615/3/1
f 617/4/1 615/4/1 611/4/1
f 618/4/1 615/4/1 617/4/1
f 619/4/1 614/4/1 616/4/1
f 620/4/1 614/4/1 619/4/1
f 623/3/1 622/3/1 621/3/1
f 624/3/1 622/3/1 623/3/1
f 625/3/1 623/3/1 621/3/1
f 626/3/1 623/3/1 625/3/1
f 627/3/1 622/3/1 624/3/1
f 628/3/1 622/3/1 627/3/1
f 629/1/1 626/1/1 625/1/1
f 630/1/1 626/1/1 629/1/1
f 631/1/1 628/1/1 627/1/1
f 632/1/1 628/1/1 631/1/1
f 637/1/1 634/1/1 633/1/1
f 642/1/1 636/1/1 635/1/1
f 643/1/1 637/1/1 633/1/1
f 643/1/1 638/1/1 637/1/1
f 644/1/1 638/1/1 643/1/1
f 645/1/1 640/1/1 639/1/1
f 646/1/1 640/1/1 645/1/1
f 647/1/1 642/1/1 641/1/1
f 648/1/1 636/1/1 642/1/1
f 648/1/1 642/1/1 647/1/1
f 653/4/1 650/4/1 649/4/1
f 654/3/1 651/3/1 650/3/1
f 654/4/1 650/4/1 653/4/1
f 655/4/1 652/4/1 651/4/1
f 655/3/1 651/3/1 654/3/1
f 656/4/1 652/4/1 655/4/1
f 657/4/1 653/4/1 649/4/1
f 658/3/1 654/3/1 653/3/1
f 658/4/1 653/4/1 657/4/1
f 658/3/1 655/3/1 654/3/1
f 658/3/1 656/3/1 655/3/1
f 659/4/1 652/4/1 656/4/1
f 659/3/1 656/3/1 658/3/1
f 660/4/1 652/4/1 659/4/1
f 661/3/1 658/3/1 657/3/1
f 662/3/1 658/3/1 661/3/1
f 663/3/1 660/3/1 659/3/1
f 664/3/1 660/3/1 663/3/1
f 667/2/1 666/2/1 665/2/1
f 668/2/1 666/2/1 667/2/1
f 673/3/1 670/3/1 669/3/1
f 674/3/1 670/3/1 673/3/1
f 675/3/1 672/3/1 671/3/1
f 676/3/1 672/3/1 675/3/1
f 677/1/1 676/1/1 675/1/1
f 678/1/1 676/1/1 677/1/1
f 681/1/1 680/1/1 679/1/1
f 684/1/1 681/1/1 679/1/1
f 685/1/1 681/1/1 684/1/1
f 687/1/1 683/1/1 682/1/1
f 688/1/1 686/1/1 685/1/1
f 689/1/1 686/1/1 688/1/1
f 690/1/1 683/1/1 687/1/1
f 691/1/1 683/1/1 690/1/1
f 694/3/1 693/3/1 692/3/1
f 695/3/1 693/3/1 694/3/1
f 700/4/1 697/4/1 696/4/1
f 701/3/1 698/3/1 697/3/1
f 701/4/1 697/4/1 700/4/1
f 702/4/1 699/4/1 698/4/1
f 702/3/1 698/3/1 701/3/1
f 703/4/1 699/4/1 702/4/1
f 704/4/1 700/4/1 696/4/1
f 705/3/1 701/3/1 700/3/1
f 705/4/1 700/4/1 704/4/1
f 705/3/1 702/3/1 701/3/1
f 705/3/1 703/3/1 702/3/1
f 706/4/1 699/4/1 703/4/1
f 706/3/1 703/3/1 705/3/1
f 707/4/1 699/4/1 706/4/1
f 712/4/1 709/4/1 708/4/1
f 713/3/1 710/3/1 709/3/1
f 713/4/1 709/4/1 712/4/1
f 714/4/1 711/4/1 710/4/1
f 714/3/1 710/3/1 713/3/1
f 715/4/1 711/4/1 714/4/1
f 720/3/1 717/3/1 716/3/1
f 721/3/1 717/3/1 720/3/1
f 722/3/1 719/3/1 718/3/1
f 723/3/1 719/3/1 722/3/1
f 726/5/1 725/5/1 724/5/1
f 727/5/1 725/5/1 726/5/1
f 730/3/1 729/3/1 728/3/1
f 733/3/1 730/3/1 728/3/1
f 734/3/1 730/3/1 733/3/1
f 735/3/1 732/3/1 731/3/1
f 736/3/1 732/3/1 735/3/1
f 739/2/1 738/2/1 737/2/1
f 740/2/1 738/2/1 739/2/1
f 743/3/1 742/3/1 741/3/1
f 744/3/1 743/3/1 741/3/1
f 745/3/1 743/3/1 744/3/1
f 752/5/1 749/5/1 748/5/1
f 753/5/1 749/5/1 752/5/1
f 754/3/1 747/3/1 746/3/1
f 755/3/1 747/3/1 754/3/1
f 756/3/1 751/3/1 750/3/1
f 757/3/1 751/3/1 756/3/1
f 763/4/1 759/4/1 758/4/1
f 764/3/1 760/3/1 759/3/1
f 764/4/1 759/4/1 763/4/1
f 765/4/1 761/4/1 760/4/1
f 765/3/1 760/3/1 764/3/1
f 766/4/1 761/4/1 765/4/1
f 767/4/1 763/4/1 762/4/1
f 768/3/1 764/3/1 763/3/1
f 768/4/1 763/4/1 767/4/1
f 768/3/1 765/3/1 764/3/1
f 768/3/1 766/3/1 765/3/1
f 769/4/1 761/4/1 766/4/1
f 769/3/1 766/3/1 768/3/1
f 770/4/1 761/4/1 769/4/1
f 775/5/1 772/5/1 771/5/1
f 776/5/1 772/5/1 775/5/1
f 781/3/1 774/3/1 773/3/1
f 782/3/1 774/3/1 781/3/1
f 783/5/1 777/5/1 776/5/1
f 784/5/1 777/5/1 783/5/1
f 785/5/1 779/5/1 778/5/1
f 786/3/1 780/3/1 779/3/1
f 786/5/1 779/5/1 785/5/1
f 787/3/1 780/3/1 786/3/1
f 792/4/1 789/4/1 788/4/1
f 793/4/1 789/4/1 792/4/1
f 794/3/1 790/3/1 789/3/1
f 794/4/1 789/4/1 793/4/1
f 795/4/1 791/4/1 790/4/1
f 795/3/1 790/3/1 794/3/1
f 796/4/1 791/4/1 795/4/1
f 797/4/1 791/4/1 796/4/1
f 801/3/1 799/3/1 798/3/1
f 802/4/1 800/4/1 799/4/1
f 802/3/1 799/3/1 801/3/1
f 803/4/1 800/4/1 802/4/1
f 804/3/1 803/3/1 802/3/1
f 805/3/1 803/3/1 804/3/1
f 810/5/1 807/5/1 806/5/1
f 811/5/1 807/5/1 810/5/1
f 812/5/1 809/5/1 808/5/1
f 813/5/1 809/5/1 812/5/1
f 818/4/1 815/4/1 814/4/1
f 819/4/1 815/4/1 818/4/1
f 820/3/1 816/3/1 815/3/1
f 820/4/1 815/4/1 819/4/1
f 821/4/1 817/4/1 816/4/1
f 821/3/1 816/3/1 820/3/1
f 822/4/1 817/4/1 821/4/1
f 823/4/1 817/4/1 822/4/1
f 826/3/1 825/3/1 824/3/1
f 829/3/1 826/3/1 824/3/1
f 830/3/1 826/3/1 829/3/1
f 831/3/1 828/3/1 827/3/1
f 832/3/1 828/3/1 831/3/1
f 836/3/1 834/3/1 833/3/1
f 837/2/1 835/2/1 834/2/1
f 837/3/1 834/3/1 836/3/1
f 838/2/1 835/2/1 837/2/1
f 843/4/1 840/4/1 839/4/1
f 844/4/1 840/4/1 843/4/1
f 845/4/1 840/4/1 844/4/1
f 846/3/1 841/3/1 840/3/1
f 846/4/1 840/4/1 845/4/1
f 847/4/1 842/4/1 841/4/1
f 847/3/1 841/3/1 846/3/1
f 848/4/1 842/4/1 847/4/1
f 849/5/1 845/5/1 844/5/1
f 850/5/1 845/5/1 849/5/1
f 855/3/1 850/3/1 849/3/1
f 855/3/1 851/3/1 850/3/1
f 855/3/1 853/3/1 852/3/1
f 855/3/1 852/3/1 851/3/1
f 856/4/1 854/4/1 853/4/1
f 856/3/1 853/3/1 855/3/1
f 857/4/1 854/4/1 856/4/1
f 862/3/1 859/3/1 858/3/1
f 863/3/1 859/3/1 862/3/1
f 864/3/1 861/3/1 860/3/1
f 865/3/1 861/3/1 864/3/1
f 868/4/1 867/4/1 866/4/1
f 869/4/1 867/4/1 868/4/1
f 874/3/1 873/3/1 872/3/1
f 875/3/1 873/3/1 874/3/1
f 876/3/1 871/3/1 870/3/1
f 877/3/1 871/3/1 876/3/1
f 882/3/1 879/3/1 878/3/1
f 883/3/1 879/3/1 882/3/1
f 884/3/1 881/3/1 880/3/1
f 885/3/1 881/3/1 884/3/1
f 888/5/1 887/5/1 886/5/1
f 889/5/1 887/5/1 888/5/1
f 894/4/1 891/4/1 890/4/1
f 895/4/1 891/4/1 894/4/1
f 896/3/1 892/3/1 891/3/1
f 896/4/1 891/4/1 895/4/1
f 897/4/1 893/4/1 892/4/1
f 897/3/1 892/3/1 896/3/1
f 898/4/1 893/4/1 897/4/1
f 899/4/1 893/4/1 898/4/1
f 902/3/1 901/3/1 900/3/1
f 903/3/1 901/3/1 902/3/1
f 906/3/1 905/3/1 904/3/1
f 907/3/1 905/3/1 906/3/1
f 910/2/1 909/2/1 908/2/1
f 911/2/1 909/2/1 910/2/1
f 916/4/1 913/4/1 912/4/1
f 917/3/1 914/3/1 913/3/1
f 917/4/1 913/4/1 916/4/1
f 918/4/1 915/4/1 914/4/1
f 918/3/1 914/3/1 917/3/1
f 919/4/1 915/4/1 918/4/1
f 925/3/1 921/3/1 920/3/1
f 925/3/1 922/3/1 921/3/1
f 925/3/1 923/3/1 922/3/1
f 926/4/1 924/4/1 923/4/1
f 926/3/1 923/3/1 925/3/1
f 927/4/1 924/4/1 926/4/1
f 930/3/1 929/3/1 928/3/1
f 931/3/1 929/3/1 930/3/1
f 934/3/1 933/3/1 932/3/1
f 935/3/1 933/3/1 934/3/1
f 938/2/1 937/2/1 936/2/1
f 939/2/1 937/2/1 938/2/1
f 944/4/1 941/4/1 940/4/1
f 945/3/1 942/3/1 941/3/1
f 945/4/1 941/4/1 944/4/1
f 946/4/1 943/4/1 942/4/1
f 946/3/1 942/3/1 945/3/1
f 947/4/1 943/4/1 946/4/1
f 948/4/1 944/4/1 940/4/1
f 949/3/1 945/3/1 944/3/1
f 949/4/1 944/4/1 948/4/1
f 949/3/1 946/3/1 945/3/1
f 949/3/1 947/3/1 946/3/1
f 950/4/1 943/4/1 947/4/1
f 950/3/1 947/3/1 949/3/1
f 951/4/1 943/4/1 950/4/1
f 958/4/1 953/4/1 952/4/1
f 959/3/1 954/3/1 953/3/1
f 959/4/1 953/4/1 958/4/1
f 959/3/1 955/3/1 954/3/1
f 959/3/1 956/3/1 955/3/1
f 960/3/1 956/3/1 959/3/1
f 961/3/1 956/3/1 960/3/1
f 962/4/1 957/4/1 956/4/1
f 962/3/1 956/3/1 961/3/1
f 963/4/1 957/4/1 962/4/1
f 968/3/1 967/3/1 966/3/1
f 969/3/1 967/3/1 968/3/1
f 970/3/1 965/3/1 964/3/1
f 971/3/1 965/3/1 970/3/1
f 974/5/1 973/5/1 972/5/1
f 975/5/1 973/5/1 974/5/1
f 980/4/1 977/4/1 976/4/1
f 980/3/1 978/3/1 977/3/1
f 981/3/1 978/3/1 980/3/1
f 982/3/1 978/3/1 981/3/1
f 983/4/1 979/4/1 978/4/1
f 983/3/1 978/3/1 982/3/1
f 984/4/1 980/4/1 976/4/1
f 984/4/1 981/4/1 980/4/1
f 985/3/1 982/3/1 981/3/1
f 985/4/1 981/4/1 984/4/1
f 986/4/1 983/4/1 982/4/1
f 986/3/1 982/3/1 985/3/1
f 987/4/1 979/4/1 983/4/1
f 987/4/1 983/4/1 986/4/1
f 992/4/1 989/4/1 988/4/1
f 993/3/1 990/3/1 989/3/1
f 993/4/1 989/4/1 992/4/1
f 994/3/1 990/3/1 993/3/1
f 995/3/1 990/3/1 994/3/1
f 996/4/1 991/4/1 990/4/1
f 996/3/1 990/3/1 995/3/1
f 997/4/1 991/4/1 996/4/1
f 1002/2/1 999/2/1 998/2/1
f 1002/2/1 1001/2/1 1000/2/1
f 1002/2/1 1000/2/1 999/2/1
f 1003/2/1 1001/2/1 1002/2/1
f 1006/3/1 1005/3/1 1004/3/1
f 1007/3/1 1005/3/1 1006/3/1
f 1010/3/1 1009/3/1 1008/3/1
f 1011/3/1 1009/3/1 1010/3/1
f 1014/3/1 1013/3/1 1012/3/1
f 1015/3/1 1013/3/1 1014/3/1
f 1018/3/1 1017/3/1 1016/3/1
f 1019/3/1 1017/3/1 1018/3/1
f 1026/5/1 1021/5/1 1020/5/1
f 1027/5/1 1021/5/1 1026/5/1
f 1028/5/1 1023/5/1 1022/5/1
f 1029/5/1 1023/5/1 1028/5/1
f 1030/2/1 1025/2/1 1024/2/1
f 1031/2/1 1025/2/1 1030/2/1
f 1034/2/1 1033/2/1 1032/2/1
f 1035/2/1 1033/2/1 1034/2/1
f 1036/2/1 1033/2/1 1035/2/1
f 1037/2/1 1033/2/1 1036/2/1
f 1042/2/1 1039/2/1 1038/2/1
f 1042/2/1 1041/2/1 1040/2/1
f 1042/2/1 1040/2/1 1039/2/1
f 1043/2/1 1041/2/1 1042/2/1
f 1044/2/1 1041/2/1 1043/2/1
f 1045/2/1 1041/2/1 1044/2/1
f 1048/3/1 1047/3/1 1046/3/1
f 1049/3/1 1047/3/1 1048/3/1
f 1052/3/1 1051/3/1 1050/3/1
f 1053/3/1 1051/3/1 1052/3/1
f 1057/2/1 1054/2/1 1053/2/1
f 1058/2/1 1054/2/1 1057/2/1
f 1059/3/1 1056/3/1 1055/3/1
f 1060/3/1 1056/3/1 1059/3/1
f 1063/5/1 1062/5/1 1061/5/1
f 1064/5/1 1062/5/1 1063/5/1
f 1067/5/1 1066/5/1 1065/5/1
f 1068/5/1 1066/5/1 1067/5/1
f 1069/5/1 1066/5/1 1068/5/1
f 1071/5/1 1070/5/1 1069/5/1
f 1072/5/1 1070/5/1 1071/5/1
f 1075/3/1 1074/3/1 1073/3/1
f 1076/3/1 1074/3/1 1075/3/1
f 1078/2/1 1077/2/1 1076/2/1
f 1079/2/1 1077/2/1 1078/2/1
f 1082/5/1 1081/5/1 1080/5/1
f 1083/5/1 1081/5/1 1082/5/1
f 1086/3/1 1085/3/1 1084/3/1
f 1087/3/1 1085/3/1 1086/3/1
f 1090/3/1 1089/3/1 1088/3/1
f 1091/3/1 1089/3/1 1090/3/1
f 1095/5/1 1093/5/1 1092/5/1
f 1095/5/1 1094/5/1 1093/5/1
f 1096/5/1 1094/5/1 1095/5/1
f 1099/2/1 1098/2/1 1097/2/1
f 1100/2/1 1098/2/1 1099/2/1
f 1102/5/1 1101/5/1 1100/5/1
f 1103/5/1 1101/5/1 1102/5/1
f 1106/5/1 1105/5/1 1104/5/1
f 1107/5/1 1105/5/1 1106/5/1
f 1108/5/1 1107/5/1 1106/5/1
f 1109/5/1 1107/5/1 1108/5/1
f 1112/3/1 1111/3/1 1110/3/1
f 1113/3/1 1111/3/1 1112/3/1
f 1118/5/1 1115/5/1 1114/5/1
f 1119/5/1 1115/5/1 1118/5/1
f 1120/5/1 1117/5/1 1116/5/1
f 1121/5/1 1117/5/1 1120/5/1
f 1126/3/1 1123/3/1 1122/3/1
f 1127/3/1 1123/3/1 1126/3/1
f 1128/3/1 1125/3/1 1124/3/1
f 1129/3/1 1125/3/1 1128/3/1
f 1132/5/1 1131/5/1 1130/5/1
f 1133/5/1 1131/5/1 1132/5/1
f 1138/5/1 1135/5/1 1134/5/1
f 1139/5/1 1135/5/1 1138/5/1
f 1140/5/1 1137/5/1 1136/5/1
f 1141/5/1 1137/5/1 1140/5/1
f 1144/3/1 1143/3/1 1142/3/1
f 1145/3/1 1143/3/1 1144/3/1
f 1150/3/1 1147/3/1 1146/3/1
f 1151/3/1 1147/3/1 1150/3/1
f 1152/3/1 1149/3/1 1148/3/1
f 1153/3/1 1149/3/1 1152/3/1
f 1156/5/1 1155/5/1 1154/5/1
f 1157/5/1 1155/5/1 1156/5/1
f 1160/5/1 1159/5/1 1158/5/1
f 1161/5/1 1159/5/1 1160/5/1
f 1163/5/1 1162/5/1 1161/5/1
f 1164/5/1 1162/5/1 1163/5/1
f 1167/2/1 1166/2/1 1165/2/1
f 1168/2/1 1166/2/1 1167/2/1
f 1171/2/1 1170/2/1 1169/2/1
f 1172/2/1 1170/2/1 1171/2/1
f 1175/5/1 1174/5/1 1173/5/1
f 1176/5/1 1174/5/1 1175/5/1
f 1179/3/1 1178/3/1 1177/3/1
f 1180/3/1 1178/3/1 1179/3/1
f 1185/3/1 1182/3/1 1181/3/1
f 1186/3/1 1182/3/1 1185/3/1
f 1187/5/1 1184/5/1 1183/5/1
f 1188/5/1 1184/5/1 1187/5/1
f 1191/2/1 1190/2/1 1189/2/1
f 1192/2/1 1190/2/1 1191/2/1
f 1195/3/1 1194/3/1 1193/3/1
f 1196/3/1 1194/3/1 1195/3/1
f 1201/2/1 1198/2/1 1197/2/1
f 1202/2/1 1198/2/1 1201/2/1
f 1203/2/1 1200/2/1 1199/2/1
f 1204/2/1 1200/2/1 1203/2/1
f 1207/2/1 1206/2/1 1205/2/1
f 1208/2/1 1206/2/1 1207/2/1
f 1211/2/1 1210/2/1 1209/2/1
f 1212/2/1 1210/2/1 1211/2/1
f 1217/2/1 1214/2/1 1213/2/1
f 1218/2/1 1214/2/1 1217/2/1
f 1220/2/1 1216/2/1 1215/2/1
f 1221/2/1 1216/2/1 1220/2/1
f 1222/2/1 1220/2/1 1219/2/1
f 1223/2/1 1220/2/1 1222/2/1
f 1224/3/2 1225/3/2 1228/3/2
f 1228/3/2 1225/3/2 1229/3/2
f 1226/3/2 1227/3/2 1230/3/2
f 1230/3/2 1227/3/2 1231/3/2
f 1232/2/2 1233/2/2 1234/2/2
f 1234/2/2 1233/2/2 1235/2/2
f 1236/1/2 1237/1/2 1240/1/2
f 1237/3/2 1238/3/2 1241/3/2
f 1240/1/2 1237/1/2 1241/1/2
f 1238/1/2 1239/1/2 1242/1/2
f 1241/3/2 1238/3/2 1242/3/2
f 1242/1/2 1239/1/2 1243/1/2
f 1244/3/2 1245/3/2 1248/3/2
f 1248/3/2 1245/3/2 1249/3/2
f 1246/3/2 1247/3/2 1250/3/2
f 1250/3/2 1247/3/2 1251/3/2
f 1252/1/2 1253/1/2 1256/1/2
f 1256/1/2 1253/1/2 1257/1/2
f 1254/1/2 1255/1/2 1258/1/2
f 1258/1/2 1255/1/2 1259/1/2
f 1260/3/2 1261/3/2 1264/3/2
f 1264/3/2 1261/3/2 1265/3/2
f 1262/3/2 1263/3/2 1266/3/2
f 1266/3/2 1263/3/2 1267/3/2
f 1268/3/2 1269/3/2 1272/3/2
f 1272/3/2 1269/3/2 1273/3/2
f 1270/3/2 1271/3/2 1274/3/2
f 1274/3/2 1271/3/2 1275/3/2
f 1276/1/2 1277/1/2 1280/1/2
f 1277/3/2 1278/3/2 1281/3/2
f 1280/1/2 1277/1/2 1281/1/2
f 1278/1/2 1279/1/2 1282/1/2
f 1281/3/2 1278/3/2 1282/3/2
f 1282/1/2 1279/1/2 1283/1/2
f 1284/3/2 1285/3/2 1288/3/2
f 1288/3/2 1285/3/2 1289/3/2
f 1286/3/2 1287/3/2 1290/3/2
f 1290/3/2 1287/3/2 1291/3/2
f 1292/3/2 1293/3/2 1296/3/2
f 1296/3/2 1293/3/2 1297/3/2
f 1294/3/2 1295/3/2 1298/3/2
f 1298/3/2 1295/3/2 1299/3/2
f 1300/3/2 1301/3/2 1304/3/2
f 1304/3/2 1301/3/2 1305/3/2
f 1302/3/2 1303/3/2 1306/3/2
f 1306/3/2 1303/3/2 1307/3/2
f 1308/3/2 1309/3/2 1312/3/2
f 1312/3/2 1309/3/2 1313/3/2
f 1310/3/2 1311/3/2 1314/3/2
f 1314/3/2 1311/3/2 1315/3/2
f 1316/3/2 1317/3/2 1320/3/2
f 1320/3/2 1317/3/2 1321/3/2
f 1318/3/2 1319/3/2 1322/3/2
f 1322/3/2 1319/3/2 1323/3/2
f 1324/3/2 1325/3/2 1328/3/2
f 1328/3/2 1325/3/2 1329/3/2
f 1326/3/2 1327/3/2 1330/3/2
f 1330/3/2 1327/3/2 1331/3/2
f 1332/3/2 1333/3/2 1336/3/2
f 1336/3/2 1333/3/2 1337/3/2
f 1334/3/2 1335/3/2 1338/3/2
f 1338/3/2 1335/3/2 1339/3/2
f 1340/3/2 1341/3/2 1344/3/2
f 1344/3/2 1341/3/2 1345/3/2
f 1342/3/2 1343/3/2 1346/3/2
f 1346/3/2 1343/3/2 1347/3/2
f 1348/3/2 1349/3/2 1352/3/2
f 1352/3/2 1349/3/2 1353/3/2
f 1350/3/2 1351/3/2 1354/3/2
f 1354/3/2 1351/3/2 1355/3/2
f 1356/3/2 1357/3/2 1360/3/2
f 1360/3/2 1357/3/2 1361/3/2
f 1358/3/2 1359/3/2 1362/3/2
f 1362/3/2 1359/3/2 1363/3/2
f 1364/3/2 1365/3/2 1366/3/2
f 1366/3/2 1365/3/2 1367/3/2
f 1368/3/2 1369/3/2 1372/3/2
f 1372/3/2 1369/3/2 1373/3/2
f 1370/3/2 1371/3/2 1374/3/2
f 1374/3/2 1371/3/2 1375/3/2
f 1376/3/2 1377/3/2 1380/3/2
f 1380/3/2 1377/3/2 1381/3/2
f 1378/3/2 1379/3/2 1382/3/2
f 1382/3/2 1379/3/2 1383/3/2
f 1384/3/2 1385/3/2 1388/3/2
f 1388/3/2 1385/3/2 1389/3/2
f 1386/3/2 1387/3/2 1390/3/2
f 1390/3/2 1387/3/2 1391/3/2
f 1392/3/2 1393/3/2 1396/3/2
f 1396/3/2 1393/3/2 1397/3/2
f 1394/3/2 1395/3/2 1398/3/2
f 1398/3/2 1395/3/2 1399/3/2
f 1400/2/2 1401/2/2 1402/2/2
f 1402/2/2 1401/2/2 1403/2/2
f 1403/2/2 1401/2/2 1404/2/2
f 1404/2/2 1401/2/2 1405/2/2
f 1406/2/2 1407/2/2 1410/2/2
f 1408/2/2 1409/2/2 1410/2/2
f 1407/2/2 1408/2/2 1410/2/2
f 1410/2/2 1409/2/2 1411/2/2
f 1411/2/2 1409/2/2 1412/2/2
f 1412/2/2 1409/2/2 1413/2/2
f 1414/3/2 1415/3/2 1418/3/2
f 1418/3/2 1415/3/2 1419/3/2
f 1416/3/2 1417/3/2 1420/3/2
f 1420/3/2 1417/3/2 1421/3/2
f 1422/3/2 1423/3/2 1426/3/2
f 1426/3/2 1423/3/2 1427/3/2
f 1424/3/2 1425/3/2 1428/3/2
f 1428/3/2 1425/3/2 1429/3/2
f 1430/3/2 1431/3/2 1434/3/2
f 1434/3/2 1431/3/2 1435/3/2
f 1432/3/2 1433/3/2 1436/3/2
f 1436/3/2 1433/3/2 1437/3/2
f 1438/4/2 1439/4/2 1442/4/2
f 1439/3/2 1440/3/2 1442/3/2
f 1442/3/2 1440/3/2 1443/3/2
f 1443/3/2 1440/3/2 1444/3/2
f 1440/4/2 1441/4/2 1445/4/2
f 1444/3/2 1440/3/2 1445/3/2
f 1438/4/2 1442/4/2 1446/4/2
f 1442/4/2 1443/4/2 1446/4/2
f 1443/3/2 1444/3/2 1447/3/2
f 1446/4/2 1443/4/2 1447/4/2
f 1444/4/2 1445/4/2 1448/4/2
f 1447/3/2 1444/3/2 1448/3/2
f 1445/4/2 1441/4/2 1449/4/2
f 1448/4/2 1445/4/2 1449/4/2
f 1450/4/2 1451/4/2 1454/4/2
f 1451/3/2 1452/3/2 1455/3/2
f 1454/4/2 1451/4/2 1455/4/2
f 1455/3/2 1452/3/2 1456/3/2
f 1456/3/2 1452/3/2 1457/3/2
f 1452/4/2 1453/4/2 1458/4/2
f 1457/3/2 1452/3/2 1458/3/2
f 1458/4/2 1453/4/2 1459/4/2
f 1460/2/2 1461/2/2 1464/2/2
f 1462/2/2 1463/2/2 1464/2/2
f 1461/2/2 1462/2/2 1464/2/2
f 1464/2/2 1463/2/2 1465/2/2
f 1466/3/2 1467/3/2 1470/3/2
f 1470/3/2 1467/3/2 1471/3/2
f 1468/3/2 1469/3/2 1472/3/2
f 1472/3/2 1469/3/2 1473/3/2
f 1474/3/2 1475/3/2 1478/3/2
f 1478/3/2 1475/3/2 1479/3/2
f 1476/3/2 1477/3/2 1480/3/2
f 1480/3/2 1477/3/2 1481/3/2
f 1482/4/2 1483/4/2 1486/4/2
f 1483/3/2 1484/3/2 1487/3/2
f 1486/4/2 1483/4/2 1487/4/2
f 1484/4/2 1485/4/2 1488/4/2
f 1487/3/2 1484/3/2 1488/3/2
f 1488/4/2 1485/4/2 1489/4/2
f 1482/4/2 1486/4/2 1490/4/2
f 1486/3/2 1487/3/2 1491/3/2
f 1490/4/2 1486/4/2 1491/4/2
f 1487/3/2 1488/3/2 1491/3/2
f 1488/3/2 1489/3/2 1491/3/2
f 1489/4/2 1485/4/2 1492/4/2
f 1491/3/2 1489/3/2 1492/3/2
f 1492/4/2 1485/4/2 1493/4/2
f 1494/4/2 1495/4/2 1500/4/2
f 1495/3/2 1496/3/2 1501/3/2
f 1500/4/2 1495/4/2 1501/4/2
f 1496/3/2 1497/3/2 1501/3/2
f 1497/3/2 1498/3/2 1501/3/2
f 1501/3/2 1498/3/2 1502/3/2
f 1502/3/2 1498/3/2 1503/3/2
f 1498/4/2 1499/4/2 1504/4/2
f 1503/3/2 1498/3/2 1504/3/2
f 1504/4/2 1499/4/2 1505/4/2
f 1506/3/2 1507/3/2 1510/3/2
f 1510/3/2 1507/3/2 1511/3/2
f 1508/3/2 1509/3/2 1512/3/2
f 1512/3/2 1509/3/2 1513/3/2
f 1514/1/2 1515/1/2 1518/1/2
f 1515/3/2 1516/3/2 1519/3/2
f 1518/1/2 1515/1/2 1519/1/2
f 1516/1/2 1517/1/2 1520/1/2
f 1519/3/2 1516/3/2 1520/3/2
f 1520/1/2 1517/1/2 1521/1/2
f 1522/4/2 1523/4/2 1526/4/2
f 1523/3/2 1524/3/2 1527/3/2
f 1526/4/2 1523/4/2 1527/4/2
f 1524/4/2 1525/4/2 1528/4/2
f 1527/3/2 1524/3/2 1528/3/2
f 1528/4/2 1525/4/2 1529/4/2
f 1530/4/2 1531/4/2 1536/4/2
f 1531/3/2 1532/3/2 1537/3/2
f 1536/4/2 1531/4/2 1537/4/2
f 1532/3/2 1533/3/2 1537/3/2
f 1533/3/2 1534/3/2 1537/3/2
f 1534/4/2 1535/4/2 1538/4/2
f 1537/3/2 1534/3/2 1538/3/2
f 1538/4/2 1535/4/2 1539/4/2
f 1540/3/2 1541/3/2 1544/3/2
f 1544/3/2 1541/3/2 1545/3/2
f 1542/3/2 1543/3/2 1546/3/2
f 1546/3/2 1543/3/2 1547/3/2
f 1548/4/2 1549/4/2 1552/4/2
f 1552/4/2 1549/4/2 1553/4/2
f 1549/3/2 1550/3/2 1554/3/2
f 1553/4/2 1549/4/2 1554/4/2
f 1550/4/2 1551/4/2 1555/4/2
f 1554/3/2 1550/3/2 1555/3/2
f 1555/4/2 1551/4/2 1556/4/2
f 1556/4/2 1551/4/2 1557/4/2
f 1558/3/2 1559/3/2 1562/3/2
f 1562/3/2 1559/3/2 1563/3/2
f 1560/3/2 1561/3/2 1564/3/2
f 1564/3/2 1561/3/2 1565/3/2
f 1566/3/2 1567/3/2 1570/3/2
f 1570/3/2 1567/3/2 1571/3/2
f 1568/3/2 1569/3/2 1572/3/2
f 1572/3/2 1569/3/2 1573/3/2
f 1574/3/2 1575/3/2 1578/3/2
f 1578/3/2 1575/3/2 1579/3/2
f 1576/3/2 1577/3/2 1580/3/2
f 1580/3/2 1577/3/2 1581/3/2
f 1582/3/2 1583/3/2 1586/3/2
f 1586/3/2 1583/3/2 1587/3/2
f 1584/3/2 1585/3/2 1588/3/2
f 1588/3/2 1585/3/2 1589/3/2
f 1590/4/2 1591/4/2 1594/4/2
f 1591/3/2 1592/3/2 1595/3/2
f 1594/4/2 1591/4/2 1595/4/2
f 1592/4/2 1593/4/2 1596/4/2
f 1595/3/2 1592/3/2 1596/3/2
f 1596/4/2 1593/4/2 1597/4/2
f 1598/4/2 1599/4/2 1604/4/2
f 1599/3/2 1600/3/2 1605/3/2
f 1604/4/2 1599/4/2 1605/4/2
f 1600/3/2 1601/3/2 1605/3/2
f 1601/3/2 1602/3/2 1605/3/2
f 1602/4/2 1603/4/2 1606/4/2
f 1605/3/2 1602/3/2 1606/3/2
f 1606/4/2 1603/4/2 1607/4/2
f 1608/3/2 1609/3/2 1612/3/2
f 1612/3/2 1609/3/2 1613/3/2
f 1610/3/2 1611/3/2 1614/3/2
f 1614/3/2 1611/3/2 1615/3/2
f 1616/4/2 1617/4/2 1620/4/2
f 1620/4/2 1617/4/2 1621/4/2
f 1617/3/2 1618/3/2 1622/3/2
f 1621/4/2 1617/4/2 1622/4/2
f 1618/4/2 1619/4/2 1623/4/2
f 1622/3/2 1618/3/2 1623/3/2
f 1623/4/2 1619/4/2 1624/4/2
f 1624/4/2 1619/4/2 1625/4/2
f 1626/3/2 1627/3/2 1630/3/2
f 1630/3/2 1627/3/2 1631/3/2
f 1628/3/2 1629/3/2 1632/3/2
f 1632/3/2 1629/3/2 1633/3/2
f 1634/4/2 1635/4/2 1638/4/2
f 1638/4/2 1635/4/2 1639/4/2
f 1635/3/2 1636/3/2 1640/3/2
f 1639/4/2 1635/4/2 1640/4/2
f 1636/4/2 1637/4/2 1641/4/2
f 1640/3/2 1636/3/2 1641/3/2
f 1641/4/2 1637/4/2 1642/4/2
f 1642/4/2 1637/4/2 1643/4/2
f 1644/4/2 1645/4/2 1648/4/2
f 1645/3/2 1646/3/2 1649/3/2
f 1648/4/2 1645/4/2 1649/4/2
f 1646/4/2 1647/4/2 1650/4/2
f 1649/3/2 1646/3/2 1650/3/2
f 1650/4/2 1647/4/2 1651/4/2
f 1648/3/2 1649/3/2 1652/3/2
f 1652/3/2 1649/3/2 1653/3/2
f 1650/3/2 1651/3/2 1654/3/2
f 1654/3/2 1651/3/2 1655/3/2
f 1656/4/2 1657/4/2 1660/4/2
f 1657/3/2 1658/3/2 1661/3/2
f 1660/4/2 1657/4/2 1661/4/2
f 1658/4/2 1659/4/2 1662/4/2
f 1661/3/2 1658/3/2 1662/3/2
f 1662/4/2 1659/4/2 1663/4/2
f 1656/4/2 1660/4/2 1664/4/2
f 1660/3/2 1661/3/2 1665/3/2
f 1664/4/2 1660/4/2 1665/4/2
f 1661/3/2 1662/3/2 1665/3/2
f 1662/3/2 1663/3/2 1665/3/2
f 1663/4/2 1659/4/2 1666/4/2
f 1665/3/2 1663/3/2 1666/3/2
f 1666/4/2 1659/4/2 1667/4/2
f 1668/3/2 1669/3/2 1672/3/2
f 1670/3/2 1671/3/2 1673/3/2
f 1668/3/2 1672/3/2 1674/3/2
f 1672/3/2 1673/3/2 1674/3/2
f 1673/3/2 1671/3/2 1675/3/2
f 1674/3/2 1673/3/2 1675/3/2
f 1676/3/2 1677/3/2 1680/3/2
f 1680/3/2 1677/3/2 1681/3/2
f 1678/3/2 1679/3/2 1682/3/2
f 1682/3/2 1679/3/2 1683/3/2
f 1684/3/2 1685/3/2 1688/3/2
f 1688/3/2 1685/3/2 1689/3/2
f 1686/3/2 1687/3/2 1690/3/2
f 1690/3/2 1687/3/2 1691/3/2
f 1692/4/2 1693/4/2 1696/4/2
f 1693/3/2 1694/3/2 1697/3/2
f 1696/4/2 1693/4/2 1697/4/2
f 1694/4/2 1695/4/2 1698/4/2
f 1697/3/2 1694/3/2 1698/3/2
f 1698/4/2 1695/4/2 1699/4/2
f 1700/3/2 1701/3/2 1704/3/2
f 1704/3/2 1701/3/2 1705/3/2
f 1702/3/2 1703/3/2 1706/3/2
f 1706/3/2 1703/3/2 1707/3/2
f 1708/4/2 1709/4/2 1712/4/2
f 1709/3/2 1710/3/2 1713/3/2
f 1712/4/2 1709/4/2 1713/4/2
f 1710/4/2 1711/4/2 1714/4/2
f 1713/3/2 1710/3/2 1714/3/2
f 1714/4/2 1711/4/2 1715/4/2
f 1708/4/2 1712/4/2 1716/4/2
f 1712/3/2 1713/3/2 1717/3/2
f 1716/4/2 1712/4/2 1717/4/2
f 1713/3/2 1714/3/2 1717/3/2
f 1714/3/2 1715/3/2 1717/3/2
f 1715/4/2 1711/4/2 1718/4/2
f 1717/3/2 1715/3/2 1718/3/2
f 1718/4/2 1711/4/2 1719/4/2
f 1720/1/2 1721/1/2 1724/1/2
f 1722/1/2 1723/1/2 1727/1/2
f 1720/1/2 1724/1/2 1728/1/2
f 1724/1/2 1725/1/2 1728/1/2
f 1725/3/2 1726/3/2 1729/3/2
f 1728/1/2 1725/1/2 1729/1/2
f 1726/1/2 1727/1/2 1730/1/2
f 1729/3/2 1726/3/2 1730/3/2
f 1727/1/2 1723/1/2 1731/1/2
f 1730/1/2 1727/1/2 1731/1/2
f 1732/3/2 1733/3/2 1736/3/2
f 1736/3/2 1733/3/2 1737/3/2
f 1734/3/2 1735/3/2 1738/3/2
f 1738/3/2 1735/3/2 1739/3/2
f 1736/1/2 1737/1/2 1740/1/2
f 1740/1/2 1737/1/2 1741/1/2
f 1738/1/2 1739/1/2 1742/1/2
f 1742/1/2 1739/1/2 1743/1/2
f 1744/4/2 1745/4/2 1748/4/2
f 1745/3/2 1746/3/2 1749/3/2
f 1748/4/2 1745/4/2 1749/4/2
f 1746/4/2 1747/4/2 1750/4/2
f 1749/3/2 1746/3/2 1750/3/2
f 1750/4/2 1747/4/2 1751/4/2
f 1744/4/2 1748/4/2 1752/4/2
f 1748/3/2 1749/3/2 1753/3/2
f 1752/4/2 1748/4/2 1753/4/2
f 1749/3/2 1750/3/2 1753/3/2
f 1750/3/2 1751/3/2 1753/3/2
f 1751/4/2 1747/4/2 1754/4/2
f 1753/3/2 1751/3/2 1754/3/2
f 1754/4/2 1747/4/2 1755/4/2
f 1752/3/2 1753/3/2 1756/3/2
f 1756/3/2 1753/3/2 1757/3/2
f 1754/3/2 1755/3/2 1758/3/2
f 1758/3/2 1755/3/2 1759/3/2
f 1760/1/2 1761/1/2 1762/1/2
f 1762/1/2 1761/1/2 1763/1/2
f 1764/1/2 1765/1/2 1768/1/2
f 1766/1/2 1767/1/2 1771/1/2
f 1768/1/2 1769/1/2 1772/1/2
f 1764/1/2 1768/1/2 1772/1/2
f 1772/1/2 1769/1/2 1773/1/2
f 1770/1/2 1771/1/2 1774/1/2
f 1771/1/2 1767/1/2 1775/1/2
f 1774/1/2 1771/1/2 1775/1/2
f 1776/3/2 1777/3/2 1778/3/2
f 1778/3/2 1777/3/2 1779/3/2
f 1776/3/2 1778/3/2 1780/3/2
f 1780/3/2 1778/3/2 1781/3/2
f 1779/3/2 1777/3/2 1782/3/2
f 1782/3/2 1777/3/2 1783/3/2
f 1780/1/2 1781/1/2 1784/1/2
f 1784/1/2 1781/1/2 1785/1/2
f 1782/1/2 1783/1/2 1786/1/2
f 1786/1/2 1783/1/2 1787/1/2
f 1788/1/2 1789/1/2 1792/1/2
f 1792/1/2 1789/1/2 1793/1/2
f 1790/1/2 1791/1/2 1794/1/2
f 1794/1/2 1791/1/2 1795/1/2
f 1796/4/2 1797/4/2 1800/4/2
f 1797/3/2 1798/3/2 1800/3/2
f 1798/4/2 1799/4/2 1801/4/2
f 1800/3/2 1798/3/2 1801/3/2
f 1796/4/2 1800/4/2 1802/4/2
f 1802/4/2 1800/4/2 1803/4/2
f 1801/4/2 1799/4/2 1804/4/2
f 1804/4/2 1799/4/2 1805/4/2
f 1806/3/2 1807/3/2 1808/3/2
f 1808/3/2 1807/3/2 1809/3/2
f 1810/1/2 1811/1/2 1812/1/2
f 1812/1/2 1811/1/2 1813/1/2
f 1814/4/2 1815/4/2 1818/4/2
f 1818/4/2 1815/4/2 1819/4/2
f 1816/4/2 1817/4/2 1820/4/2
f 1820/4/2 1817/4/2 1821/4/2
f 1818/3/2 1819/3/2 1822/3/2
f 1822/3/2 1819/3/2 1823/3/2
f 1823/5/2 1824/5/2 1826/5/2
f 1826/5/2 1824/5/2 1827/5/2
f 1825/3/2 1826/3/2 1828/3/2
f 1820/3/2 1821/3/2 1829/3/2
f 1829/3/2 1821/3/2 1830/3/2
f 1825/3/2 1828/3/2 1831/3/2
f 1831/3/2 1828/3/2 1832/3/2
f 1833/3/2 1834/3/2 1839/3/2
f 1839/3/2 1834/3/2 1840/3/2
f 1835/3/2 1836/3/2 1841/3/2
f 1841/3/2 1836/3/2 1842/3/2
f 1837/1/2 1838/1/2 1845/1/2
f 1845/1/2 1838/1/2 1846/1/2
f 1843/1/2 1844/1/2 1847/1/2
f 1847/1/2 1844/1/2 1848/1/2
f 1851/3/2 1852/3/2 1853/3/2
f 1853/3/2 1852/3/2 1854/3/2
f 1849/3/2 1850/3/2 1855/3/2
f 1855/3/2 1850/3/2 1856/3/2
f 1857/1/2 1858/1/2 1866/1/2
f 1866/1/2 1858/1/2 1867/1/2
f 1859/3/2 1860/3/2 1869/3/2
f 1861/3/2 1862/3/2 1870/3/2
f 1870/3/2 1862/3/2 1871/3/2
f 1863/3/2 1864/3/2 1872/3/2
f 1864/1/2 1865/1/2 1873/1/2
f 1872/3/2 1864/3/2 1873/3/2
f 1873/1/2 1865/1/2 1874/1/2
f 1867/1/2 1868/1/2 1875/1/2
f 1868/3/2 1869/3/2 1876/3/2
f 1875/1/2 1868/1/2 1876/1/2
f 1869/3/2 1860/3/2 1877/3/2
f 1876/3/2 1869/3/2 1877/3/2
f 1878/3/2 1879/3/2 1882/3/2
f 1882/3/2 1879/3/2 1883/3/2
f 1880/3/2 1881/3/2 1887/3/2
f 1887/3/2 1881/3/2 1888/3/2
f 1883/3/2 1884/3/2 1889/3/2
f 1889/3/2 1884/3/2 1890/3/2
f 1885/3/2 1886/3/2 1891/3/2
f 1891/3/2 1886/3/2 1892/3/2
f 1893/1/2 1894/1/2 1895/1/2
f 1895/1/2 1894/1/2 1896/1/2
f 1897/3/2 1898/3/2 1899/3/2
f 1899/3/2 1898/3/2 1900/3/2
f 1901/2/2 1902/2/2 1903/2/2
f 1903/2/2 1902/2/2 1904/2/2
f 1905/4/2 1906/4/2 1909/4/2
f 1906/3/2 1907/3/2 1910/3/2
f 1909/4/2 1906/4/2 1910/4/2
f 1907/4/2 1908/4/2 1911/4/2
f 1910/3/2 1907/3/2 1911/3/2
f 1911/4/2 1908/4/2 1912/4/2
f 1905/4/2 1909/4/2 1913/4/2
f 1912/4/2 1908/4/2 1914/4/2
f 1914/4/2 1908/4/2 1915/4/2
f 1905/4/2 1913/4/2 1916/4/2
f 1916/4/2 1913/4/2 1917/4/2
f 1916/3/2 1917/3/2 1918/3/2
f 1918/3/2 1917/3/2 1919/3/2
f 1920/3/2 1921/3/2 1925/3/2
f 1921/1/2 1922/1/2 1926/1/2
f 1925/3/2 1921/3/2 1926/3/2
f 1923/1/2 1924/1/2 1927/1/2
f 1927/1/2 1924/1/2 1928/1/2
f 1926/1/2 1922/1/2 1929/1/2
f 1929/1/2 1922/1/2 1930/1/2
f 1931/4/2 1932/4/2 1933/4/2
f 1933/4/2 1932/4/2 1934/4/2
f 1933/3/2 1934/3/2 1935/3/2
f 1935/3/2 1934/3/2 1936/3/2
f 1937/5/2 1938/5/2 1942/5/2
f 1942/5/2 1938/5/2 1943/5/2
f 1939/1/2 1940/1/2 1945/1/2
f 1945/1/2 1940/1/2 1946/1/2
f 1943/5/2 1944/5/2 1950/5/2
f 1941/5/2 1942/5/2 1950/5/2
f 1942/5/2 1943/5/2 1950/5/2
f 1950/5/2 1944/5/2 1951/5/2
f 1951/5/2 1944/5/2 1952/5/2
f 1952/5/2 1944/5/2 1953/5/2
f 1947/5/2 1948/5/2 1959/5/2
f 1959/5/2 1948/5/2 1960/5/2
f 1949/5/2 1950/5/2 1961/5/2
f 1950/5/2 1951/5/2 1961/5/2
f 1961/5/2 1951/5/2 1962/5/2
f 1962/5/2 1951/5/2 1963/5/2
f 1952/5/2 1953/5/2 1964/5/2
f 1953/1/2 1954/1/2 1965/1/2
f 1964/5/2 1953/5/2 1965/5/2
f 1965/1/2 1954/1/2 1966/1/2
f 1955/1/2 1956/1/2 1967/1/2
f 1956/3/2 1957/3/2 1968/3/2
f 1967/1/2 1956/1/2 1968/1/2
f 1968/3/2 1957/3/2 1969/3/2
f 1959/3/2 1960/3/2 1970/3/2
f 1958/3/2 1959/3/2 1970/3/2
f 1970/3/2 1960/3/2 1971/3/2
f 1963/3/2 1964/3/2 1972/3/2
f 1972/3/2 1964/3/2 1973/3/2
f 1968/1/2 1969/1/2 1974/1/2
f 1974/1/2 1969/1/2 1975/1/2
f 1976/3/2 1977/3/2 1980/3/2
f 1980/3/2 1977/3/2 1981/3/2
f 1978/3/2 1979/3/2 1982/3/2
f 1982/3/2 1979/3/2 1983/3/2
f 1984/5/2 1985/5/2 1986/5/2
f 1986/5/2 1985/5/2 1987/5/2
f 1988/3/2 1989/3/2 1994/3/2
f 1990/5/2 1991/5/2 1996/5/2
f 1996/5/2 1991/5/2 1997/5/2
f 1992/5/2 1993/5/2 1999/5/2
f 1999/5/2 1993/5/2 2000/5/2
f 2000/5/2 1993/5/2 2001/5/2
f 2001/5/2 1993/5/2 2002/5/2
f 1994/3/2 1989/3/2 2005/3/2
f 2005/3/2 1989/3/2 2006/3/2
f 1995/3/2 1996/3/2 2007/3/2
f 1997/5/2 1998/5/2 2008/5/2
f 2007/3/2 1996/3/2 2008/3/2
f 1996/5/2 1997/5/2 2008/5/2
f 2008/5/2 1998/5/2 2009/5/2
f 2009/5/2 1998/5/2 2010/5/2
f 2000/5/2 2001/5/2 2012/5/2
f 2012/5/2 2001/5/2 2013/5/2
f 2003/5/2 2004/5/2 2015/5/2
f 2015/5/2 2004/5/2 2016/5/2
f 2010/3/2 2011/3/2 2017/3/2
f 2009/3/2 2010/3/2 2017/3/2
f 2017/3/2 2011/3/2 2018/3/2
f 2013/3/2 2014/3/2 2019/3/2
f 2012/3/2 2013/3/2 2019/3/2
f 2019/3/2 2014/3/2 2020/3/2
f 2021/4/2 2022/4/2 2023/4/2
f 2021/4/2 2023/4/2 2024/4/2
f 2024/4/2 2023/4/2 2025/4/2
f 2024/3/2 2025/3/2 2026/3/2
f 2026/3/2 2025/3/2 2027/3/2
f 2028/5/2 2029/5/2 2033/5/2
f 2033/5/2 2029/5/2 2034/5/2
f 2032/5/2 2033/5/2 2038/5/2
f 2033/5/2 2034/5/2 2038/5/2
f 2034/5/2 2035/5/2 2038/5/2
f 2038/5/2 2035/5/2 2039/5/2
f 2030/3/2 2031/3/2 2040/3/2
f 2039/5/2 2035/5/2 2044/5/2
f 2044/5/2 2035/5/2 2045/5/2
f 2036/3/2 2037/3/2 2048/3/2
f 2048/3/2 2037/3/2 2049/3/2
f 2030/3/2 2040/3/2 2050/3/2
f 2040/5/2 2041/5/2 2051/5/2
f 2050/3/2 2040/3/2 2051/3/2
f 2051/5/2 2041/5/2 2052/5/2
f 2042/5/2 2043/5/2 2054/5/2
f 2045/5/2 2046/5/2 2054/5/2
f 2043/5/2 2044/5/2 2054/5/2
f 2044/5/2 2045/5/2 2054/5/2
f 2054/5/2 2046/5/2 2055/5/2
f 2055/5/2 2046/5/2 2056/5/2
f 2047/5/2 2048/5/2 2057/5/2
f 2057/5/2 2048/5/2 2058/5/2
f 2054/5/2 2055/5/2 2060/5/2
f 2053/5/2 2054/5/2 2060/5/2
f 2060/5/2 2055/5/2 2061/5/2
f 2059/3/2 2060/3/2 2062/3/2
f 2060/3/2 2061/3/2 2062/3/2
f 2062/3/2 2061/3/2 2063/3/2
f 2064/4/2 2065/4/2 2068/4/2
f 2065/3/2 2066/3/2 2069/3/2
f 2068/4/2 2065/4/2 2069/4/2
f 2066/4/2 2067/4/2 2070/4/2
f 2069/3/2 2066/3/2 2070/3/2
f 2070/4/2 2067/4/2 2071/4/2
f 2071/4/2 2067/4/2 2072/4/2
f 2071/3/2 2072/3/2 2073/3/2
f 2073/3/2 2072/3/2 2074/3/2
f 2075/5/2 2076/5/2 2081/5/2
f 2081/5/2 2076/5/2 2082/5/2
f 2077/5/2 2078/5/2 2083/5/2
f 2079/2/2 2080/2/2 2087/2/2
f 2087/2/2 2080/2/2 2088/2/2
f 2083/5/2 2084/5/2 2090/5/2
f 2077/5/2 2083/5/2 2090/5/2
f 2090/5/2 2084/5/2 2091/5/2
f 2085/2/2 2086/2/2 2092/2/2
f 2092/2/2 2086/2/2 2093/2/2
f 2088/5/2 2089/5/2 2094/5/2
f 2094/5/2 2089/5/2 2095/5/2
f 2095/5/2 2089/5/2 2096/5/2
f 2091/5/2 2092/5/2 2097/5/2
f 2097/5/2 2092/5/2 2098/5/2
f 2097/2/2 2098/2/2 2099/2/2
f 2099/2/2 2098/2/2 2100/2/2
f 2101/3/2 2102/3/2 2105/3/2
f 2105/3/2 2102/3/2 2106/3/2
f 2103/3/2 2104/3/2 2107/3/2
f 2107/3/2 2104/3/2 2108/3/2
f 2109/2/2 2110/2/2 2112/2/2
f 2110/5/2 2111/5/2 2113/5/2
f 2112/2/2 2110/2/2 2113/2/2
f 2113/5/2 2111/5/2 2114/5/2
f 2114/5/2 2115/5/2 2116/5/2
f 2113/5/2 2114/5/2 2116/5/2
f 2116/5/2 2115/5/2 2117/5/2
f 2118/2/2 2119/2/2 2120/2/2
f 2120/2/2 2119/2/2 2121/2/2
f 2122/4/2 2123/4/2 2124/4/2
f 2124/4/2 2123/4/2 2125/4/2
f 2126/3/2 2127/3/2 2130/3/2
f 2130/3/2 2127/3/2 2131/3/2
f 2128/3/2 2129/3/2 2132/3/2
f 2132/3/2 2129/3/2 2133/3/2
f 2136/5/2 2137/5/2 2138/5/2
f 2138/5/2 2137/5/2 2139/5/2
f 2134/3/2 2135/3/2 2142/3/2
f 2142/3/2 2135/3/2 2143/3/2
f 2140/3/2 2141/3/2 2144/3/2
f 2144/3/2 2141/3/2 2145/3/2
f 2146/4/2 2147/4/2 2153/4/2
f 2147/4/2 2148/4/2 2153/4/2
f 2150/3/2 2151/3/2 2154/3/2
f 2153/4/2 2148/4/2 2154/4/2
f 2148/3/2 2149/3/2 2154/3/2
f 2149/3/2 2150/3/2 2154/3/2
f 2151/4/2 2152/4/2 2155/4/2
f 2154/3/2 2151/3/2 2155/3/2
f 2155/4/2 2152/4/2 2156/4/2
f 2156/4/2 2152/4/2 2157/4/2
f 2158/3/2 2159/3/2 2162/3/2
f 2162/3/2 2159/3/2 2163/3/2
f 2160/3/2 2161/3/2 2164/3/2
f 2164/3/2 2161/3/2 2165/3/2
f 2166/5/2 2167/5/2 2170/5/2
f 2170/5/2 2167/5/2 2171/5/2
f 2168/3/2 2169/3/2 2175/3/2
f 2172/5/2 2173/5/2 2176/5/2
f 2174/2/2 2175/2/2 2180/2/2
f 2175/3/2 2169/3/2 2181/3/2
f 2180/2/2 2175/2/2 2181/2/2
f 2181/3/2 2169/3/2 2182/3/2
f 2176/5/2 2173/5/2 2183/5/2
f 2183/5/2 2173/5/2 2184/5/2
f 2177/5/2 2178/5/2 2185/5/2
f 2185/5/2 2178/5/2 2186/5/2
f 2179/5/2 2180/5/2 2187/5/2
f 2180/5/2 2181/5/2 2187/5/2
f 2187/5/2 2181/5/2 2188/5/2
f 2189/4/2 2190/4/2 2191/4/2
f 2191/4/2 2190/4/2 2192/4/2
f 2191/3/2 2192/3/2 2195/3/2
f 2195/3/2 2192/3/2 2196/3/2
f 2193/3/2 2194/3/2 2197/3/2
f 2197/3/2 2194/3/2 2198/3/2
f 2200/2/2 2201/2/2 2204/2/2
f 2202/3/2 2203/3/2 2210/3/2
f 2210/3/2 2203/3/2 2211/3/2
f 2199/3/2 2200/3/2 2212/3/2
f 2200/2/2 2204/2/2 2213/2/2
f 2212/3/2 2200/3/2 2213/3/2
f 2205/5/2 2206/5/2 2214/5/2
f 2207/5/2 2208/5/2 2215/5/2
f 2215/5/2 2208/5/2 2216/5/2
f 2209/2/2 2210/2/2 2220/2/2
f 2220/2/2 2210/2/2 2221/2/2
f 2213/2/2 2204/2/2 2222/2/2
f 2222/2/2 2204/2/2 2223/2/2
f 2205/5/2 2214/5/2 2224/5/2
f 2224/5/2 2214/5/2 2225/5/2
f 2217/5/2 2218/5/2 2226/5/2
f 2226/5/2 2218/5/2 2227/5/2
f 2219/5/2 2220/5/2 2229/5/2
f 2229/5/2 2220/5/2 2230/5/2
f 2226/5/2 2227/5/2 2231/5/2
f 2231/5/2 2227/5/2 2232/5/2
f 2228/5/2 2229/5/2 2233/5/2
f 2233/5/2 2229/5/2 2234/5/2
f 2235/3/2 2236/3/2 2237/3/2
f 2237/3/2 2236/3/2 2238/3/2
f 2239/3/2 2240/3/2 2241/3/2
f 2241/3/2 2240/3/2 2242/3/2
f 2243/5/2 2244/5/2 2245/5/2
f 2245/5/2 2244/5/2 2246/5/2
f 2245/5/2 2246/5/2 2253/5/2
f 2246/5/2 2247/5/2 2253/5/2
f 2253/5/2 2247/5/2 2254/5/2
f 2254/5/2 2247/5/2 2255/5/2
f 2255/5/2 2247/5/2 2256/5/2
f 2248/5/2 2249/5/2 2257/5/2
f 2257/5/2 2249/5/2 2258/5/2
f 2250/5/2 2251/5/2 2260/5/2
f 2251/2/2 2252/2/2 2261/2/2
f 2260/5/2 2251/5/2 2261/5/2
f 2261/2/2 2252/2/2 2262/2/2
f 2256/5/2 2257/5/2 2265/5/2
f 2265/5/2 2257/5/2 2266/5/2
f 2259/5/2 2260/5/2 2267/5/2
f 2260/5/2 2261/5/2 2267/5/2
f 2267/5/2 2261/5/2 2268/5/2
f 2268/5/2 2261/5/2 2269/5/2
f 2269/5/2 2261/5/2 2270/5/2
f 2263/3/2 2264/3/2 2271/3/2
f 2271/3/2 2264/3/2 2272/3/2
f 2258/5/2 2249/5/2 2273/5/2
f 2273/5/2 2249/5/2 2274/5/2
f 2268/5/2 2269/5/2 2275/5/2
f 2275/5/2 2269/5/2 2276/5/2
f 2277/4/2 2278/4/2 2283/4/2
f 2278/3/2 2279/3/2 2284/3/2
f 2283/4/2 2278/4/2 2284/4/2
f 2279/3/2 2280/3/2 2284/3/2
f 2280/3/2 2281/3/2 2284/3/2
f 2281/4/2 2282/4/2 2285/4/2
f 2284/3/2 2281/3/2 2285/3/2
f 2285/4/2 2282/4/2 2286/4/2
f 2287/3/2 2288/3/2 2291/3/2
f 2291/3/2 2288/3/2 2292/3/2
f 2289/3/2 2290/3/2 2293/3/2
f 2293/3/2 2290/3/2 2294/3/2
f 2295/2/2 2296/2/2 2298/2/2
f 2297/3/2 2298/3/2 2299/3/2
f 2298/2/2 2296/2/2 2300/2/2
f 2299/3/2 2298/3/2 2300/3/2
f 2300/2/2 2296/2/2 2301/2/2
f 2300/2/2 2301/2/2 2311/2/2
f 2311/2/2 2301/2/2 2312/2/2
f 2302/5/2 2303/5/2 2313/5/2
f 2313/5/2 2303/5/2 2314/5/2
f 2304/5/2 2305/5/2 2316/5/2
f 2316/5/2 2305/5/2 2317/5/2
f 2306/5/2 2307/5/2 2319/5/2
f 2319/5/2 2307/5/2 2320/5/2
f 2308/5/2 2309/5/2 2321/5/2
f 2309/2/2 2310/2/2 2322/2/2
f 2321/5/2 2309/5/2 2322/5/2
f 2322/2/2 2310/2/2 2323/2/2
f 2315/5/2 2316/5/2 2326/5/2
f 2326/5/2 2316/5/2 2327/5/2
f 2320/5/2 2321/5/2 2328/5/2
f 2318/5/2 2319/5/2 2328/5/2
f 2319/5/2 2320/5/2 2328/5/2
f 2328/5/2 2321/5/2 2329/5/2
f 2324/5/2 2325/5/2 2330/5/2
f 2330/5/2 2325/5/2 2331/5/2
f 2318/5/2 2328/5/2 2332/5/2
f 2332/5/2 2328/5/2 2333/5/2
f 2334/3/2 2335/3/2 2338/3/2
f 2338/3/2 2335/3/2 2339/3/2
f 2336/3/2 2337/3/2 2340/3/2
f 2340/3/2 2337/3/2 2341/3/2
f 2342/3/2 2343/3/2 2344/3/2
f 2344/3/2 2343/3/2 2345/3/2
f 2346/3/2 2347/3/2 2350/3/2
f 2350/3/2 2347/3/2 2351/3/2
f 2348/3/2 2349/3/2 2352/3/2
f 2352/3/2 2349/3/2 2353/3/2
f 2354/5/2 2355/5/2 2358/5/2
f 2358/5/2 2355/5/2 2359/5/2
f 2359/5/2 2360/5/2 2366/5/2
f 2366/5/2 2360/5/2 2367/5/2
f 2361/5/2 2362/5/2 2370/5/2
f 2370/5/2 2362/5/2 2371/5/2
f 2371/5/2 2362/5/2 2372/5/2
f 2363/5/2 2364/5/2 2373/5/2
f 2364/2/2 2365/2/2 2374/2/2
f 2373/5/2 2364/5/2 2374/5/2
f 2374/2/2 2365/2/2 2375/2/2
f 2367/5/2 2368/5/2 2377/5/2
f 2377/5/2 2368/5/2 2378/5/2
f 2370/5/2 2371/5/2 2379/5/2
f 2369/5/2 2370/5/2 2379/5/2
f 2379/5/2 2371/5/2 2380/5/2
f 2372/5/2 2373/5/2 2381/5/2
f 2381/5/2 2373/5/2 2382/5/2
f 2375/3/2 2376/3/2 2383/3/2
f 2383/3/2 2376/3/2 2384/3/2
f 2356/3/2 2357/3/2 2385/3/2
f 2385/3/2 2357/3/2 2386/3/2
f 2387/2/2 2388/2/2 2389/2/2
f 2389/2/2 2388/2/2 2390/2/2
f 2391/4/2 2392/4/2 2393/4/2
f 2393/4/2 2392/4/2 2394/4/2
f 2395/4/2 2396/4/2 2399/4/2
f 2399/4/2 2396/4/2 2400/4/2
f 2397/4/2 2398/4/2 2401/4/2
f 2401/4/2 2398/4/2 2402/4/2
f 2403/3/2 2404/3/2 2405/3/2
f 2405/3/2 2404/3/2 2406/3/2
f 2407/3/2 2408/3/2 2409/3/2
f 2409/3/2 2408/3/2 2410/3/2
f 2411/5/2 2412/5/2 2416/5/2
f 2416/5/2 2412/5/2 2417/5/2
f 2417/5/2 2412/5/2 2418/5/2
f 2413/3/2 2414/3/2 2419/3/2
f 2419/3/2 2414/3/2 2420/3/2
f 2415/2/2 2416/2/2 2421/2/2
f 2416/5/2 2417/5/2 2422/5/2
f 2421/2/2 2416/2/2 2422/2/2
f 2422/5/2 2417/5/2 2423/5/2
f 2424/5/2 2425/5/2 2431/5/2
f 2431/5/2 2425/5/2 2432/5/2
f 2426/5/2 2427/5/2 2433/5/2
f 2433/5/2 2427/5/2 2434/5/2
f 2428/3/2 2429/3/2 2435/3/2
f 2435/3/2 2429/3/2 2436/3/2
f 2430/5/2 2431/5/2 2437/5/2
f 2437/5/2 2431/5/2 2438/5/2
f 2439/3/2 2440/3/2 2441/3/2
f 2441/3/2 2440/3/2 2442/3/2
f 2443/2/2 2444/2/2 2446/2/2
f 2445/3/2 2446/3/2 2449/3/2
f 2446/2/2 2444/2/2 2450/2/2
f 2449/3/2 2446/3/2 2450/3/2
f 2450/2/2 2444/2/2 2451/2/2
f 2447/3/2 2448/3/2 2452/3/2
f 2452/3/2 2448/3/2 2453/3/2
f 2454/3/2 2455/3/2 2456/3/2
f 2456/3/2 2455/3/2 2457/3/2
f 2458/5/2 2459/5/2 2460/5/2
f 2460/5/2 2459/5/2 2461/5/2
f 2462/5/2 2463/5/2 2466/5/2
f 2466/5/2 2463/5/2 2467/5/2
f 2464/5/2 2465/5/2 2471/5/2
f 2471/5/2 2465/5/2 2472/5/2
f 2472/5/2 2465/5/2 2473/5/2
f 2473/5/2 2465/5/2 2474/5/2
f 2467/5/2 2468/5/2 2477/5/2
f 2477/5/2 2468/5/2 2478/5/2
f 2478/5/2 2468/5/2 2479/5/2
f 2469/3/2 2470/3/2 2480/3/2
f 2480/3/2 2470/3/2 2481/3/2
f 2473/5/2 2474/5/2 2482/5/2
f 2482/5/2 2474/5/2 2483/5/2
f 2475/5/2 2476/5/2 2484/5/2
f 2484/5/2 2476/5/2 2485/5/2
f 2477/5/2 2478/5/2 2486/5/2
f 2486/5/2 2478/5/2 2487/5/2
f 2488/4/2 2489/4/2 2490/4/2
f 2490/4/2 2489/4/2 2491/4/2
f 2492/3/2 2493/3/2 2494/3/2
f 2494/3/2 2493/3/2 2495/3/2
f 2496/3/2 2497/3/2 2501/3/2
f 2497/2/2 2498/2/2 2502/2/2
f 2501/3/2 2497/3/2 2502/3/2
f 2502/2/2 2498/2/2 2503/2/2
f 2502/2/2 2503/2/2 2505/2/2
f 2499/3/2 2500/3/2 2506/3/2
f 2506/3/2 2500/3/2 2507/3/2
f 2505/2/2 2503/2/2 2508/2/2
f 2503/5/2 2504/5/2 2509/5/2
f 2508/2/2 2503/2/2 2509/2/2
f 2509/5/2 2504/5/2 2510/5/2
f 2508/2/2 2509/2/2 2515/2/2
f 2515/2/2 2509/2/2 2516/2/2
f 2511/5/2 2512/5/2 2517/5/2
f 2517/5/2 2512/5/2 2518/5/2
f 2513/5/2 2514/5/2 2522/5/2
f 2521/5/2 2522/5/2 2525/5/2
f 2522/5/2 2514/5/2 2526/5/2
f 2525/5/2 2522/5/2 2526/5/2
f 2526/5/2 2514/5/2 2527/5/2
f 2523/5/2 2524/5/2 2530/5/2
f 2530/5/2 2524/5/2 2531/5/2
f 2519/5/2 2520/5/2 2532/5/2
f 2532/5/2 2520/5/2 2533/5/2
f 2521/5/2 2525/5/2 2535/5/2
f 2527/5/2 2528/5/2 2536/5/2
f 2526/5/2 2527/5/2 2536/5/2
f 2528/2/2 2529/2/2 2537/2/2
f 2536/5/2 2528/5/2 2537/5/2
f 2533/5/2 2534/5/2 2540/5/2
f 2540/5/2 2534/5/2 2541/5/2
f 2535/5/2 2536/5/2 2542/5/2
f 2521/5/2 2535/5/2 2542/5/2
f 2542/5/2 2536/5/2 2543/5/2
f 2538/5/2 2539/5/2 2544/5/2
f 2544/5/2 2539/5/2 2545/5/2
f 2541/5/2 2542/5/2 2546/5/2
f 2546/5/2 2542/5/2 2547/5/2
f 2537/2/2 2529/2/2 2548/2/2
f 2548/2/2 2529/2/2 2549/2/2
f 2550/4/2 2551/4/2 2552/4/2
f 2552/4/2 2551/4/2 2553/4/2
f 2554/3/2 2555/3/2 2556/3/2
f 2556/3/2 2555/3/2 2557/3/2
f 2558/5/2 2559/5/2 2560/5/2
f 2560/5/2 2559/5/2 2561/5/2
f 2561/5/2 2562/5/2 2565/5/2
f 2565/5/2 2562/5/2 2566/5/2
f 2563/3/2 2564/3/2 2572/3/2
f 2572/3/2 2564/3/2 2573/3/2
f 2566/5/2 2567/5/2 2575/5/2
f 2575/5/2 2567/5/2 2576/5/2
f 2568/5/2 2569/5/2 2580/5/2
f 2580/5/2 2569/5/2 2581/5/2
f 2574/5/2 2575/5/2 2582/5/2
f 2582/5/2 2575/5/2 2583/5/2
f 2577/5/2 2578/5/2 2585/5/2
f 2585/5/2 2578/5/2 2586/5/2
f 2579/5/2 2580/5/2 2588/5/2
f 2588/5/2 2580/5/2 2589/5/2
f 2583/5/2 2584/5/2 2590/5/2
f 2584/5/2 2585/5/2 2590/5/2
f 2590/5/2 2585/5/2 2591/5/2
f 2581/5/2 2569/5/2 2592/5/2
f 2592/5/2 2569/5/2 2593/5/2
f 2570/3/2 2571/3/2 2594/3/2
f 2594/3/2 2571/3/2 2595/3/2
f 2591/5/2 2585/5/2 2597/5/2
f 2586/5/2 2587/5/2 2598/5/2
f 2598/5/2 2587/5/2 2599/5/2
f 2596/5/2 2597/5/2 2601/5/2
f 2597/5/2 2585/5/2 2602/5/2
f 2601/5/2 2597/5/2 2602/5/2
f 2599/5/2 2600/5/2 2604/5/2
f 2604/5/2 2600/5/2 2605/5/2
f 2602/5/2 2603/5/2 2606/5/2
f 2606/5/2 2603/5/2 2607/5/2
f 2608/3/2 2609/3/2 2610/3/2
f 2610/3/2 2609/3/2 2611/3/2
f 2612/3/2 2613/3/2 2614/3/2
f 2614/3/2 2613/3/2 2615/3/2
f 2615/2/2 2616/2/2 2619/2/2
f 2619/2/2 2616/2/2 2620/2/2
f 2617/5/2 2618/5/2 2621/5/2
f 2621/5/2 2618/5/2 2622/5/2
f 2623/5/2 2624/5/2 2628/5/2
f 2624/2/2 2625/2/2 2629/2/2
f 2628/5/2 2624/5/2 2629/5/2
f 2626/5/2 2627/5/2 2635/5/2
f 2635/5/2 2627/5/2 2636/5/2
f 2630/5/2 2631/5/2 2639/5/2
f 2639/5/2 2631/5/2 2640/5/2
f 2632/5/2 2633/5/2 2641/5/2
f 2641/5/2 2633/5/2 2642/5/2
f 2634/5/2 2635/5/2 2643/5/2
f 2643/5/2 2635/5/2 2644/5/2
f 2637/5/2 2638/5/2 2645/5/2
f 2645/5/2 2638/5/2 2646/5/2
f 2629/2/2 2625/2/2 2647/2/2
f 2647/2/2 2625/2/2 2648/2/2
f 2642/5/2 2643/5/2 2649/5/2
f 2649/5/2 2643/5/2 2650/5/2
f 2651/4/2 2652/4/2 2653/4/2
f 2653/4/2 2652/4/2 2654/4/2
f 2655/2/2 2656/2/2 2657/2/2
f 2657/2/2 2656/2/2 2658/2/2
f 2659/5/2 2660/5/2 2664/5/2
f 2664/5/2 2660/5/2 2665/5/2
f 2661/3/2 2662/3/2 2666/3/2
f 2666/3/2 2662/3/2 2667/3/2
f 2663/5/2 2664/5/2 2668/5/2
f 2668/5/2 2664/5/2 2669/5/2
f 2670/5/2 2671/5/2 2677/5/2
f 2677/5/2 2671/5/2 2678/5/2
f 2672/5/2 2673/5/2 2680/5/2
f 2680/5/2 2673/5/2 2681/5/2
f 2674/5/2 2675/5/2 2682/5/2
f 2682/5/2 2675/5/2 2683/5/2
f 2676/5/2 2677/5/2 2685/5/2
f 2685/5/2 2677/5/2 2686/5/2
f 2679/5/2 2680/5/2 2687/5/2
f 2687/5/2 2680/5/2 2688/5/2
f 2684/5/2 2685/5/2 2689/5/2
f 2689/5/2 2685/5/2 2690/5/2
f 2691/3/2 2692/3/2 2693/3/2
f 2693/3/2 2692/3/2 2694/3/2
f 2695/3/2 2696/3/2 2697/3/2
f 2697/3/2 2696/3/2 2698/3/2
f 2699/2/2 2700/2/2 2701/2/2
f 2699/2/2 2701/2/2 2707/2/2
f 2701/5/2 2702/5/2 2708/5/2
f 2707/2/2 2701/2/2 2708/2/2
f 2708/5/2 2702/5/2 2710/5/2
f 2710/5/2 2702/5/2 2711/5/2
f 2703/5/2 2704/5/2 2713/5/2
f 2713/5/2 2704/5/2 2714/5/2
f 2705/3/2 2706/3/2 2719/3/2
f 2719/3/2 2706/3/2 2720/3/2
f 2709/2/2 2710/2/2 2721/2/2
f 2711/5/2 2712/5/2 2722/5/2
f 2721/2/2 2710/2/2 2722/2/2
f 2710/5/2 2711/5/2 2722/5/2
f 2722/5/2 2712/5/2 2723/5/2
f 2723/5/2 2712/5/2 2724/5/2
f 2725/5/2 2726/5/2 2727/5/2
f 2727/5/2 2726/5/2 2728/5/2
f 2715/5/2 2716/5/2 2729/5/2
f 2729/5/2 2716/5/2 2730/5/2
f 2717/5/2 2718/5/2 2731/5/2
f 2718/2/2 2719/2/2 2732/2/2
f 2731/5/2 2718/5/2 2732/5/2
f 2732/2/2 2719/2/2 2733/2/2
f 2727/5/2 2728/5/2 2734/5/2
f 2728/5/2 2729/5/2 2734/5/2
f 2734/5/2 2729/5/2 2735/5/2
f 2722/5/2 2723/5/2 2736/5/2
f 2736/5/2 2723/5/2 2737/5/2
f 2727/5/2 2734/5/2 2738/5/2
f 2738/5/2 2734/5/2 2739/5/2
f 2740/2/2 2741/2/2 2742/2/2
f 2742/2/2 2741/2/2 2743/2/2
f 2744/5/2 2745/5/2 2746/5/2
f 2746/5/2 2745/5/2 2747/5/2
f 2751/5/2 2752/5/2 2756/5/2
f 2756/5/2 2752/5/2 2757/5/2
f 2753/5/2 2754/5/2 2758/5/2
f 2758/5/2 2754/5/2 2759/5/2
f 2748/5/2 2749/5/2 2760/5/2
f 2749/2/2 2750/2/2 2761/2/2
f 2760/5/2 2749/5/2 2761/5/2
f 2761/2/2 2750/2/2 2762/2/2
f 2755/5/2 2756/5/2 2763/5/2
f 2763/5/2 2756/5/2 2764/5/2
f 2757/5/2 2758/5/2 2767/5/2
f 2767/5/2 2758/5/2 2768/5/2
f 2759/5/2 2760/5/2 2769/5/2
f 2769/5/2 2760/5/2 2770/5/2
f 2768/5/2 2769/5/2 2775/5/2
f 2775/5/2 2769/5/2 2776/5/2
f 2771/5/2 2772/5/2 2777/5/2
f 2777/5/2 2772/5/2 2778/5/2
f 2773/5/2 2774/5/2 2779/5/2
f 2779/5/2 2774/5/2 2780/5/2
f 2765/5/2 2766/5/2 2781/5/2
f 2781/5/2 2766/5/2 2782/5/2
f 2778/5/2 2779/5/2 2783/5/2
f 2783/5/2 2779/5/2 2784/5/2
f 2785/3/2 2786/3/2 2787/3/2
f 2787/3/2 2786/3/2 2788/3/2
f 2791/3/2 2792/3/2 2796/3/2
f 2789/2/2 2790/2/2 2797/2/2
f 2797/2/2 2790/2/2 2798/2/2
f 2793/5/2 2794/5/2 2800/5/2
f 2800/5/2 2794/5/2 2801/5/2
f 2795/2/2 2796/2/2 2805/2/2
f 2796/3/2 2792/3/2 2806/3/2
f 2805/2/2 2796/2/2 2806/2/2
f 2806/3/2 2792/3/2 2807/3/2
f 2798/5/2 2799/5/2 2808/5/2
f 2808/5/2 2799/5/2 2809/5/2
f 2802/5/2 2803/5/2 2813/5/2
f 2804/5/2 2805/5/2 2814/5/2
f 2805/2/2 2806/2/2 2815/2/2
f 2814/5/2 2805/5/2 2815/5/2
f 2815/2/2 2806/2/2 2816/2/2
f 2809/5/2 2810/5/2 2817/5/2
f 2817/5/2 2810/5/2 2818/5/2
f 2811/5/2 2812/5/2 2821/5/2
f 2821/5/2 2812/5/2 2822/5/2
f 2802/5/2 2813/5/2 2824/5/2
f 2813/5/2 2814/5/2 2824/5/2
f 2824/5/2 2814/5/2 2825/5/2
f 2823/5/2 2824/5/2 2826/5/2
f 2826/5/2 2824/5/2 2827/5/2
f 2825/5/2 2814/5/2 2828/5/2
f 2828/5/2 2814/5/2 2829/5/2
f 2819/5/2 2820/5/2 2830/5/2
f 2830/5/2 2820/5/2 2831/5/2
f 2831/5/2 2832/5/2 2836/5/2
f 2833/5/2 2834/5/2 2838/5/2
f 2838/5/2 2834/5/2 2839/5/2
f 2835/5/2 2836/5/2 2840/5/2
f 2836/5/2 2832/5/2 2841/5/2
f 2840/5/2 2836/5/2 2841/5/2
f 2837/5/2 2838/5/2 2842/5/2
f 2842/5/2 2838/5/2 2843/5/2
f 2841/5/2 2832/5/2 2844/5/2
f 2844/5/2 2832/5/2 2845/5/2
f 2846/5/2 2847/5/2 2850/5/2
f 2850/5/2 2847/5/2 2851/5/2
f 2848/3/2 2849/3/2 2852/3/2
f 2852/3/2 2849/3/2 2853/3/2
f 2854/2/2 2855/2/2 2856/2/2
f 2856/2/2 2855/2/2 2857/2/2
f 2858/2/2 2859/2/2 2863/2/2
f 2860/5/2 2861/5/2 2864/5/2
f 2862/5/2 2863/5/2 2869/5/2
f 2863/2/2 2859/2/2 2869/2/2
f 2869/2/2 2859/2/2 2870/2/2
f 2860/5/2 2864/5/2 2871/5/2
f 2871/5/2 2864/5/2 2872/5/2
f 2865/5/2 2866/5/2 2873/5/2
f 2867/5/2 2868/5/2 2874/5/2
f 2874/5/2 2868/5/2 2875/5/2
f 2862/5/2 2869/5/2 2876/5/2
f 2876/5/2 2869/5/2 2877/5/2
f 2865/5/2 2873/5/2 2880/5/2
f 2873/5/2 2874/5/2 2880/5/2
f 2880/5/2 2874/5/2 2881/5/2
f 2875/5/2 2876/5/2 2882/5/2
f 2882/5/2 2876/5/2 2883/5/2
f 2878/5/2 2879/5/2 2886/5/2
f 2886/5/2 2879/5/2 2887/5/2
f 2881/5/2 2874/5/2 2888/5/2
f 2888/5/2 2874/5/2 2889/5/2
f 2884/5/2 2885/5/2 2890/5/2
f 2890/5/2 2891/5/2 2892/5/2
f 2884/5/2 2890/5/2 2895/5/2
f 2892/5/2 2893/5/2 2895/5/2
f 2890/5/2 2892/5/2 2895/5/2
f 2895/5/2 2893/5/2 2896/5/2
f 2896/5/2 2893/5/2 2897/5/2
f 2897/5/2 2893/5/2 2898/5/2
f 2894/5/2 2895/5/2 2899/5/2
f 2899/5/2 2895/5/2 2900/5/2
f 2896/5/2 2897/5/2 2901/5/2
f 2901/5/2 2897/5/2 2902/5/2
f 2903/5/2 2904/5/2 2907/5/2
f 2906/5/2 2907/5/2 2910/5/2
f 2907/5/2 2904/5/2 2911/5/2
f 2910/5/2 2907/5/2 2911/5/2
f 2904/3/2 2905/3/2 2912/3/2
f 2911/5/2 2904/5/2 2912/5/2
f 2912/3/2 2905/3/2 2913/3/2
f 2908/5/2 2909/5/2 2914/5/2
f 2914/5/2 2909/5/2 2915/5/2
f 2906/5/2 2910/5/2 2916/5/2
f 2916/5/2 2910/5/2 2917/5/2
f 2911/5/2 2912/5/2 2918/5/2
f 2918/5/2 2912/5/2 2919/5/2
f 2920/5/2 2921/5/2 2928/5/2
f 2928/5/2 2921/5/2 2929/5/2
f 2922/5/2 2923/5/2 2930/5/2
f 2918/2/2 2919/2/2 2931/2/2
f 2931/2/2 2919/2/2 2932/2/2
f 2924/5/2 2925/5/2 2933/5/2
f 2933/5/2 2925/5/2 2934/5/2
f 2926/5/2 2927/5/2 2935/5/2
f 2935/5/2 2927/5/2 2936/5/2
f 2922/5/2 2930/5/2 2939/5/2
f 2930/5/2 2931/5/2 2939/5/2
f 2939/5/2 2931/5/2 2940/5/2
f 2937/5/2 2938/5/2 2941/5/2
f 2941/5/2 2938/5/2 2942/5/2
f 2922/5/2 2939/5/2 2944/5/2
f 2942/5/2 2943/5/2 2949/5/2
f 2949/5/2 2943/5/2 2950/5/2
f 2944/5/2 2939/5/2 2951/5/2
f 2951/5/2 2939/5/2 2952/5/2
f 2945/5/2 2946/5/2 2953/5/2
f 2953/5/2 2946/5/2 2954/5/2
f 2947/5/2 2948/5/2 2955/5/2
f 2955/5/2 2948/5/2 2956/5/2
f 2954/5/2 2955/5/2 2957/5/2
f 2957/5/2 2955/5/2 2958/5/2
f 2958/5/2 2955/5/2 2959/5/2
f 2959/5/2 2955/5/2 2960/5/2
f 2961/2/2 2962/2/2 2964/2/2
f 2964/2/2 2962/2/2 2965/2/2
f 2963/5/2 2964/5/2 2967/5/2
f 2967/5/2 2964/5/2 2968/5/2
f 2966/5/2 2967/5/2 2973/5/2
f 2969/5/2 2970/5/2 2974/5/2
f 2974/5/2 2970/5/2 2975/5/2
f 2971/5/2 2972/5/2 2976/5/2
f 2976/5/2 2972/5/2 2977/5/2
f 2973/5/2 2967/5/2 2978/5/2
f 2978/5/2 2967/5/2 2979/5/2
f 2979/5/2 2980/5/2 2983/5/2
f 2978/5/2 2979/5/2 2983/5/2
f 2977/5/2 2978/5/2 2983/5/2
f 2983/5/2 2980/5/2 2984/5/2
f 2984/5/2 2980/5/2 2985/5/2
f 2985/5/2 2980/5/2 2986/5/2
f 2981/5/2 2982/5/2 2987/5/2
f 2984/5/2 2985/5/2 2991/5/2
f 2991/5/2 2985/5/2 2992/5/2
f 2986/5/2 2980/5/2 2993/5/2
f 2993/5/2 2980/5/2 2994/5/2
f 2988/5/2 2989/5/2 2997/5/2
f 2997/5/2 2989/5/2 2998/5/2
f 2990/5/2 2991/5/2 3000/5/2
f 3000/5/2 2991/5/2 3001/5/2
f 2995/5/2 2996/5/2 3004/5/2
f 2981/5/2 2987/5/2 3005/5/2
f 3005/5/2 2987/5/2 3006/5/2
f 3000/5/2 3001/5/2 3007/5/2
f 3001/5/2 3002/5/2 3007/5/2
f 2999/5/2 3000/5/2 3007/5/2
f 3007/5/2 3002/5/2 3008/5/2
f 3003/2/2 3004/2/2 3009/2/2
f 3004/5/2 2996/5/2 3010/5/2
f 3009/2/2 3004/2/2 3010/2/2
f 3010/5/2 2996/5/2 3011/5/2
f 3011/5/2 3012/5/2 3013/5/2
f 3013/5/2 3012/5/2 3014/5/2
f 3016/5/2 3017/5/2 3018/5/2
f 3015/2/2 3016/2/2 3022/2/2
f 3016/5/2 3018/5/2 3023/5/2
f 3022/2/2 3016/2/2 3023/2/2
f 3018/5/2 3019/5/2 3023/5/2
f 3023/5/2 3019/5/2 3024/5/2
f 3020/2/2 3021/2/2 3028/2/2
f 3028/2/2 3021/2/2 3029/2/2
f 3025/5/2 3026/5/2 3034/5/2
f 3034/5/2 3026/5/2 3035/5/2
f 3027/5/2 3028/5/2 3037/5/2
f 3037/5/2 3028/5/2 3038/5/2
f 3031/5/2 3032/5/2 3039/5/2
f 3030/3/2 3031/3/2 3039/3/2
f 3039/5/2 3032/5/2 3040/5/2
f 3035/5/2 3036/5/2 3043/5/2
f 3033/5/2 3034/5/2 3043/5/2
f 3034/5/2 3035/5/2 3043/5/2
f 3043/5/2 3036/5/2 3044/5/2
f 3044/5/2 3036/5/2 3045/5/2
f 3045/5/2 3036/5/2 3046/5/2
f 3030/3/2 3039/3/2 3047/3/2
f 3047/3/2 3039/3/2 3048/3/2
f 3041/5/2 3042/5/2 3049/5/2
f 3049/5/2 3042/5/2 3050/5/2
f 3044/5/2 3045/5/2 3051/5/2
f 3051/5/2 3045/5/2 3052/5/2
f 3053/5/2 3054/5/2 3058/5/2
f 3054/5/2 3055/5/2 3058/5/2
f 3058/5/2 3055/5/2 3059/5/2
f 3059/5/2 3055/5/2 3060/5/2
f 3056/5/2 3057/5/2 3063/5/2
f 3063/5/2 3057/5/2 3064/5/2
f 3061/5/2 3062/5/2 3067/5/2
f 3066/5/2 3067/5/2 3071/5/2
f 3067/5/2 3062/5/2 3072/5/2
f 3071/5/2 3067/5/2 3072/5/2
f 3072/5/2 3062/5/2 3073/5/2
f 3068/5/2 3069/5/2 3074/5/2
f 3074/5/2 3069/5/2 3075/5/2
f 3064/5/2 3065/5/2 3076/5/2
f 3070/5/2 3071/5/2 3078/5/2
f 3071/5/2 3072/5/2 3078/5/2
f 3078/5/2 3072/5/2 3079/5/2
f 3076/5/2 3077/5/2 3080/5/2
f 3064/5/2 3076/5/2 3080/5/2
f 3080/5/2 3077/5/2 3081/5/2
f 3082/3/2 3083/3/2 3086/3/2
f 3086/3/2 3083/3/2 3087/3/2
f 3084/5/2 3085/5/2 3088/5/2
f 3088/5/2 3085/5/2 3089/5/2
f 3089/5/2 3090/5/2 3095/5/2
f 3095/5/2 3090/5/2 3096/5/2
f 3091/5/2 3092/5/2 3098/5/2
f 3098/5/2 3092/5/2 3099/5/2
f 3093/3/2 3094/3/2 3101/3/2
f 3101/3/2 3094/3/2 3102/3/2
f 3099/5/2 3100/5/2 3106/5/2
f 3097/5/2 3098/5/2 3106/5/2
f 3098/5/2 3099/5/2 3106/5/2
f 3106/5/2 3100/5/2 3107/5/2
f 3103/3/2 3104/3/2 3112/3/2
f 3104/5/2 3105/5/2 3113/5/2
f 3112/3/2 3104/3/2 3113/3/2
f 3105/5/2 3106/5/2 3113/5/2
f 3106/5/2 3107/5/2 3113/5/2
f 3113/5/2 3107/5/2 3114/5/2
f 3114/5/2 3107/5/2 3115/5/2
f 3115/5/2 3107/5/2 3116/5/2
f 3116/5/2 3107/5/2 3117/5/2
f 3108/5/2 3109/5/2 3118/5/2
f 3118/5/2 3109/5/2 3119/5/2
f 3110/3/2 3111/3/2 3120/3/2
f 3120/3/2 3111/3/2 3121/3/2
f 3115/5/2 3116/5/2 3125/5/2
f 3125/5/2 3116/5/2 3126/5/2
f 3126/5/2 3116/5/2 3127/5/2
f 3122/5/2 3123/5/2 3129/5/2
f 3129/5/2 3123/5/2 3130/5/2
f 3124/5/2 3125/5/2 3131/5/2
f 3130/5/2 3131/5/2 3133/5/2
f 3127/5/2 3128/5/2 3134/5/2
f 3126/5/2 3127/5/2 3134/5/2
f 3134/5/2 3128/5/2 3135/5/2
f 3135/5/2 3128/5/2 3136/5/2
f 3132/2/2 3133/2/2 3137/2/2
f 3133/5/2 3131/5/2 3137/5/2
f 3131/5/2 3125/5/2 3138/5/2
f 3137/5/2 3131/5/2 3138/5/2
f 3135/5/2 3136/5/2 3140/5/2
f 3140/5/2 3136/5/2 3141/5/2
f 3132/2/2 3137/2/2 3142/2/2
f 3142/2/2 3137/2/2 3143/2/2
f 3138/5/2 3125/5/2 3144/5/2
f 3144/5/2 3125/5/2 3145/5/2
f 3140/5/2 3141/5/2 3146/5/2
f 3139/5/2 3140/5/2 3146/5/2
f 3146/5/2 3141/5/2 3147/5/2
f 3148/5/2 3149/5/2 3150/5/2
f 3150/5/2 3149/5/2 3151/5/2
f 3152/5/2 3153/5/2 3157/5/2
f 3157/5/2 3153/5/2 3158/5/2
f 3154/5/2 3155/5/2 3160/5/2
f 3160/5/2 3155/5/2 3161/5/2
f 3158/5/2 3159/5/2 3162/5/2
f 3156/5/2 3157/5/2 3162/5/2
f 3157/5/2 3158/5/2 3162/5/2
f 3162/5/2 3159/5/2 3163/5/2
f 3163/5/2 3159/5/2 3164/5/2
f 3164/5/2 3159/5/2 3165/5/2
f 3163/5/2 3164/5/2 3166/5/2
f 3166/5/2 3164/5/2 3167/5/2
f 3165/5/2 3159/5/2 3168/5/2
f 3168/5/2 3159/5/2 3169/5/2
f 3163/5/2 3166/5/2 3172/5/2
f 3172/5/2 3166/5/2 3173/5/2
f 3170/5/2 3171/5/2 3175/5/2
f 3175/5/2 3171/5/2 3176/5/2
f 3176/5/2 3171/5/2 3177/5/2
f 3174/5/2 3175/5/2 3180/5/2
f 3175/5/2 3176/5/2 3180/5/2
f 3180/5/2 3176/5/2 3181/5/2
f 3178/5/2 3179/5/2 3182/5/2
f 3182/5/2 3179/5/2 3183/5/2
f 3178/5/2 3182/5/2 3185/5/2
f 3185/5/2 3182/5/2 3186/5/2
f 3184/5/2 3185/5/2 3187/5/2
f 3187/5/2 3185/5/2 3188/5/2
f 3189/5/2 3190/5/2 3191/5/2
f 3191/5/2 3190/5/2 3192/5/2
f 3193/5/2 3194/5/2 3197/5/2
f 3197/5/2 3194/5/2 3198/5/2
f 3195/5/2 3196/5/2 3199/5/2
f 3199/5/2 3196/5/2 3200/5/2
f 3201/3/2 3202/3/2 3205/3/2
f 3205/3/2 3202/3/2 3206/3/2
f 3203/5/2 3204/5/2 3207/5/2
f 3207/5/2 3204/5/2 3208/5/2
f 3208/5/2 3209/5/2 3214/5/2
f 3214/5/2 3209/5/2 3215/5/2
f 3210/5/2 3211/5/2 3217/5/2
f 3217/5/2 3211/5/2 3218/5/2
f 3212/3/2 3213/3/2 3219/3/2
f 3217/5/2 3218/5/2 3223/5/2
f 3218/5/2 3219/5/2 3223/5/2
f 3216/5/2 3217/5/2 3223/5/2
f 3219/3/2 3213/3/2 3224/3/2
f 3223/5/2 3219/5/2 3224/5/2
f 3224/3/2 3213/3/2 3225/3/2
f 3220/5/2 3221/5/2 3226/5/2
f 3226/5/2 3221/5/2 3227/5/2
f 3222/5/2 3223/5/2 3228/5/2
f 3228/5/2 3223/5/2 3229/5/2
f 3230/2/2 3231/2/2 3237/2/2
f 3232/2/2 3233/2/2 3239/2/2
f 3239/2/2 3233/2/2 3240/2/2
f 3234/2/2 3235/2/2 3243/2/2
f 3236/2/2 3237/2/2 3246/2/2
f 3237/2/2 3231/2/2 3247/2/2
f 3246/2/2 3237/2/2 3247/2/2
f 3240/2/2 3241/2/2 3248/2/2
f 3238/2/2 3239/2/2 3248/2/2
f 3239/2/2 3240/2/2 3248/2/2
f 3248/2/2 3241/2/2 3249/2/2
f 3242/2/2 3243/2/2 3250/2/2
f 3243/2/2 3235/2/2 3251/2/2
f 3250/2/2 3243/2/2 3251/2/2
f 3244/2/2 3245/2/2 3252/2/2
f 3252/2/2 3245/2/2 3253/2/2
f 3254/3/2 3255/3/2 3256/3/2
f 3254/3/2 3256/3/2 3258/3/2
f 3256/2/2 3257/2/2 3259/2/2
f 3258/3/2 3256/3/2 3259/3/2
f 3259/2/2 3257/2/2 3264/2/2
f 3264/2/2 3257/2/2 3265/2/2
f 3260/2/2 3261/2/2 3266/2/2
f 3266/2/2 3261/2/2 3267/2/2
f 3267/2/2 3261/2/2 3268/2/2
f 3262/2/2 3263/2/2 3269/2/2
f 3269/2/2 3263/2/2 3270/2/2
f 3267/2/2 3268/2/2 3273/2/2
f 3268/2/2 3269/2/2 3273/2/2
f 3273/2/2 3269/2/2 3274/2/2
f 3274/2/2 3269/2/2 3275/2/2
f 3270/2/2 3271/2/2 3276/2/2
f 3276/2/2 3271/2/2 3277/2/2
f 3272/2/2 3273/2/2 3278/2/2
f 3273/2/2 3274/2/2 3278/2/2
f 3278/2/2 3274/2/2 3279/2/2
f 3272/2/2 3278/2/2 3280/2/2
f 3280/2/2 3278/2/2 3281/2/2
f 3282/2/2 3283/2/2 3290/2/2
f 3290/2/2 3283/2/2 3291/2/2
f 3284/2/2 3285/2/2 3292/2/2
f 3292/2/2 3285/2/2 3293/2/2
f 3288/2/2 3289/2/2 3294/2/2
f 3294/2/2 3289/2/2 3295/2/2
f 3284/2/2 3292/2/2 3297/2/2
f 3297/2/2 3292/2/2 3298/2/2
f 3286/2/2 3287/2/2 3299/2/2
f 3299/2/2 3287/2/2 3300/2/2
f 3288/2/2 3294/2/2 3301/2/2
f 3301/2/2 3294/2/2 3302/2/2
f 3302/2/2 3303/2/2 3305/2/2
f 3299/2/2 3300/2/2 3305/2/2
f 3301/2/2 3302/2/2 3305/2/2
f 3300/2/2 3301/2/2 3305/2/2
f 3297/2/2 3298/2/2 3305/2/2
f 3298/2/2 3299/2/2 3305/2/2
f 3296/2/2 3297/2/2 3305/2/2
f 3305/2/2 3303/2/2 3306/2/2
f 3306/2/2 3303/2/2 3307/2/2
f 3307/2/2 3303/2/2 3308/2/2
f 3306/2/2 3307/2/2 3309/2/2
f 3308/2/2 3303/2/2 3311/2/2
f 3303/3/2 3304/3/2 3312/3/2
f 3311/2/2 3303/2/2 3312/2/2
f 3312/3/2 3304/3/2 3313/3/2
f 3309/2/2 3310/2/2 3316/2/2
f 3306/2/2 3309/2/2 3316/2/2
f 3316/2/2 3310/2/2 3317/2/2
f 3314/2/2 3315/2/2 3322/2/2
f 3322/2/2 3315/2/2 3323/2/2
f 3306/2/2 3316/2/2 3324/2/2
f 3324/2/2 3316/2/2 3325/2/2
f 3318/3/2 3319/3/2 3326/3/2
f 3326/3/2 3319/3/2 3327/3/2
f 3320/2/2 3321/2/2 3328/2/2
f 3328/2/2 3321/2/2 3329/2/2
f 3330/2/2 3331/2/2 3336/2/2
f 3332/2/2 3333/2/2 3337/2/2
f 3337/2/2 3333/2/2 3338/2/2
f 3334/2/2 3335/2/2 3339/2/2
f 3339/2/2 3335/2/2 3340/2/2
f 3340/2/2 3335/2/2 3341/2/2
f 3341/2/2 3335/2/2 3342/2/2
f 3330/2/2 3336/2/2 3345/2/2
f 3336/2/2 3337/2/2 3345/2/2
f 3345/2/2 3337/2/2 3346/2/2
f 3346/2/2 3337/2/2 3347/2/2
f 3338/2/2 3333/2/2 3349/2/2
f 3342/2/2 3343/2/2 3350/2/2
f 3341/2/2 3342/2/2 3350/2/2
f 3350/2/2 3343/2/2 3351/2/2
f 3351/2/2 3343/2/2 3352/2/2
f 3343/3/2 3344/3/2 3353/3/2
f 3352/2/2 3343/2/2 3353/2/2
f 3353/3/2 3344/3/2 3354/3/2
f 3347/2/2 3348/2/2 3355/2/2
f 3346/2/2 3347/2/2 3355/2/2
f 3355/2/2 3348/2/2 3356/2/2
f 3349/2/2 3333/2/2 3357/2/2
f 3357/2/2 3333/2/2 3358/2/2
f 3352/2/2 3353/2/2 3359/2/2
f 3359/2/2 3353/2/2 3360/2/2
f 3361/2/2 3362/2/2 3363/2/2
f 3363/2/2 3362/2/2 3364/2/2
f 3364/2/2 3365/2/2 3370/2/2
f 3370/2/2 3365/2/2 3371/2/2
f 3366/2/2 3367/2/2 3372/2/2
f 3372/2/2 3367/2/2 3373/2/2
f 3368/2/2 3369/2/2 3375/2/2
f 3375/2/2 3369/2/2 3376/2/2
f 3373/2/2 3374/2/2 3378/2/2
f 3378/2/2 3374/2/2 3379/2/2
f 3377/2/2 3378/2/2 3380/2/2
f 3380/2/2 3378/2/2 3381/2/2
f 3385/3/3 3383/3/3 3382/3/3
f 3385/1/3 3384/1/3 3383/1/3
f 3386/1/3 3384/1/3 3385/1/3
f 3390/1/3 3389/1/3 3388/1/3
f 3392/3/3 3386/3/3 3385/3/3
f 3392/1/3 3384/1/3 3386/1/3
f 3393/1/3 3384/1/3 3392/1/3
f 3394/1/3 3391/1/3 3390/1/3
f 3394/1/3 3390/1/3 3388/1/3
f 3394/3/3 3388/3/3 3387/3/3
f 3395/1/3 3391/1/3 3394/1/3
f 3396/3/3 3395/3/3 3394/3/3
f 3396/1/3 3391/1/3 3395/1/3
f 3397/1/3 3391/1/3 3396/1/3
f 3400/3/3 3385/3/3 3382/3/3
f 3400/3/3 3393/3/3 3392/3/3
f 3400/3/3 3392/3/3 3385/3/3
f 3401/3/3 3393/3/3 3400/3/3
f 3402/1/3 3399/1/3 3398/1/3
f 3404/3/3 3393/3/3 3401/3/3
f 3404/1/3 3384/1/3 3393/1/3
f 3405/1/3 3384/1/3 3404/1/3
f 3406/1/3 3403/1/3 3402/1/3
f 3408/1/3 3391/1/3 3397/1/3
f 3408/3/3 3397/3/3 3396/3/3
f 3409/1/3 3391/1/3 3408/1/3
f 3411/1/3 3402/1/3 3398/1/3
f 3411/1/3 3407/1/3 3406/1/3
f 3411/1/3 3406/1/3 3402/1/3
f 3412/1/3 3407/1/3 3411/1/3
f 3413/1/3 3407/1/3 3412/1/3
f 3414/1/3 3407/1/3 3413/1/3
f 3415/3/3 3411/3/3 3410/3/3
f 3415/1/3 3412/1/3 3411/1/3
f 3416/3/3 3413/3/3 3412/3/3
f 3416/1/3 3412/1/3 3415/1/3
f 3419/3/3 3405/3/3 3404/3/3
f 3419/3/3 3404/3/3 3401/3/3
f 3420/3/3 3405/3/3 3419/3/3
f 3421/1/3 3391/1/3 3409/1/3
f 3421/3/3 3409/3/3 3408/3/3
f 3422/1/3 3391/1/3 3421/1/3
f 3423/3/3 3416/3/3 3415/3/3
f 3423/3/3 3413/3/3 3416/3/3
f 3424/3/3 3413/3/3 3423/3/3
f 3425/1/3 3418/1/3 3417/1/3
f 3428/1/3 3426/1/3 3425/1/3
f 3428/1/3 3425/1/3 3417/1/3
f 3429/1/3 3426/1/3 3428/1/3
f 3432/3/3 3415/3/3 3410/3/3
f 3432/3/3 3423/3/3 3415/3/3
f 3433/3/3 3423/3/3 3432/3/3
f 3434/3/3 3423/3/3 3433/3/3
f 3435/1/3 3430/1/3 3429/1/3
f 3435/1/3 3429/1/3 3428/1/3
f 3435/1/3 3428/1/3 3427/1/3
f 3436/1/3 3430/1/3 3435/1/3
f 3437/1/3 3430/1/3 3436/1/3
f 3439/1/3 3435/1/3 3427/1/3
f 3440/3/3 3436/3/3 3435/3/3
f 3440/1/3 3435/1/3 3439/1/3
f 3441/3/3 3436/3/3 3440/3/3
f 3442/3/3 3436/3/3 3441/3/3
f 3445/3/3 3421/3/3 3408/3/3
f 3445/3/3 3408/3/3 3396/3/3
f 3445/3/3 3394/3/3 3387/3/3
f 3445/3/3 3396/3/3 3394/3/3
f 3446/3/3 3421/3/3 3445/3/3
f 3447/3/3 3433/3/3 3432/3/3
f 3447/3/3 3432/3/3 3431/3/3
f 3448/3/3 3433/3/3 3447/3/3
f 3449/3/3 3441/3/3 3440/3/3
f 3449/3/3 3440/3/3 3439/3/3
f 3449/3/3 3439/3/3 3438/3/3
f 3450/3/3 3441/3/3 3449/3/3
f 3452/1/3 3444/1/3 3443/1/3
f 3453/1/3 3444/1/3 3452/1/3
f 3455/3/3 3419/3/3 3401/3/3
f 3456/3/3 3419/3/3 3455/3/3
f 3457/3/3 3447/3/3 3431/3/3
f 3458/3/3 3447/3/3 3457/3/3
f 3460/3/3 3449/3/3 3438/3/3
f 3461/3/3 3449/3/3 3460/3/3
f 3462/3/3 3449/3/3 3461/3/3
f 3464/1/3 3454/1/3 3453/1/3
f 3464/1/3 3453/1/3 3452/1/3
f 3464/1/3 3452/1/3 3451/1/3
f 3465/1/3 3454/1/3 3464/1/3
f 3466/3/3 3421/3/3 3446/3/3
f 3467/3/3 3421/3/3 3466/3/3
f 3469/3/3 3457/3/3 3431/3/3
f 3471/3/3 3461/3/3 3460/3/3
f 3471/3/3 3460/3/3 3459/3/3
f 3472/3/3 3461/3/3 3471/3/3
f 3473/3/3 3461/3/3 3472/3/3
f 3475/3/3 3465/3/3 3464/3/3
f 3475/3/3 3464/3/3 3463/3/3
f 3476/1/3 3454/1/3 3465/1/3
f 3476/3/3 3465/3/3 3475/3/3
f 3477/1/3 3454/1/3 3476/1/3
f 3479/3/3 3419/3/3 3456/3/3
f 3480/3/3 3419/3/3 3479/3/3
f 3481/3/3 3472/3/3 3471/3/3
f 3481/3/3 3471/3/3 3470/3/3
f 3482/3/3 3472/3/3 3481/3/3
f 3484/3/3 3475/3/3 3474/3/3
f 3484/3/3 3478/3/3 3477/3/3
f 3484/3/3 3477/3/3 3476/3/3
f 3484/3/3 3476/3/3 3475/3/3
f 3485/3/3 3478/3/3 3484/3/3
f 3486/3/3 3478/3/3 3485/3/3
f 3487/3/3 3479/3/3 3456/3/3
f 3488/4/3 3480/4/3 3479/4/3
f 3488/3/3 3479/3/3 3487/3/3
f 3489/3/3 3466/3/3 3446/3/3
f 3490/3/3 3466/3/3 3489/3/3
f 3491/3/3 3469/3/3 3468/3/3
f 3491/3/3 3457/3/3 3469/3/3
f 3492/3/3 3457/3/3 3491/3/3
f 3493/3/3 3481/3/3 3470/3/3
f 3494/3/3 3481/3/3 3493/3/3
f 3495/3/3 3481/3/3 3494/3/3
f 3496/3/3 3485/3/3 3484/3/3
f 3496/3/3 3484/3/3 3483/3/3
f 3497/3/3 3485/3/3 3496/3/3
f 3500/3/3 3487/3/3 3456/3/3
f 3501/4/3 3488/4/3 3487/4/3
f 3501/3/3 3487/3/3 3500/3/3
f 3502/3/3 3489/3/3 3446/3/3
f 3503/4/3 3490/4/3 3489/4/3
f 3503/3/3 3489/3/3 3502/3/3
f 3504/3/3 3491/3/3 3468/3/3
f 3505/3/3 3491/3/3 3504/3/3
f 3507/3/3 3496/3/3 3483/3/3
f 3508/3/3 3496/3/3 3507/3/3
f 3509/3/3 3496/3/3 3508/3/3
f 3511/1/3 3499/1/3 3498/1/3
f 3512/3/3 3502/3/3 3446/3/3
f 3513/4/3 3503/4/3 3502/4/3
f 3513/3/3 3502/3/3 3512/3/3
f 3515/4/3 3505/4/3 3504/4/3
f 3516/3/3 3491/3/3 3505/3/3
f 3516/4/3 3505/4/3 3515/4/3
f 3517/3/3 3491/3/3 3516/3/3
f 3518/3/3 3493/3/3 3492/3/3
f 3518/3/3 3494/3/3 3493/3/3
f 3519/3/3 3494/3/3 3518/3/3
f 3520/3/3 3494/3/3 3519/3/3
f 3522/3/3 3507/3/3 3506/3/3
f 3522/3/3 3508/3/3 3507/3/3
f 3523/3/3 3508/3/3 3522/3/3
f 3524/3/3 3508/3/3 3523/3/3
f 3527/1/3 3511/1/3 3510/1/3
f 3528/1/3 3499/1/3 3511/1/3
f 3528/1/3 3511/1/3 3527/1/3
f 3530/4/3 3501/4/3 3500/4/3
f 3531/4/3 3488/4/3 3501/4/3
f 3531/4/3 3501/4/3 3530/4/3
f 3531/4/3 3480/4/3 3488/4/3
f 3532/4/3 3513/4/3 3512/4/3
f 3533/4/3 3503/4/3 3513/4/3
f 3533/4/3 3513/4/3 3532/4/3
f 3534/3/3 3519/3/3 3518/3/3
f 3534/3/3 3518/3/3 3517/3/3
f 3535/3/3 3519/3/3 3534/3/3
f 3537/3/3 3523/3/3 3522/3/3
f 3537/3/3 3522/3/3 3521/3/3
f 3538/3/3 3523/3/3 3537/3/3
f 3539/3/3 3523/3/3 3538/3/3
f 3541/3/3 3526/3/3 3525/3/3
f 3542/1/3 3527/1/3 3526/1/3
f 3542/1/3 3529/1/3 3528/1/3
f 3542/3/3 3526/3/3 3541/3/3
f 3542/1/3 3528/1/3 3527/1/3
f 3543/1/3 3529/1/3 3542/1/3
f 3544/1/3 3529/1/3 3543/1/3
f 3546/4/3 3503/4/3 3533/4/3
f 3547/4/3 3490/4/3 3503/4/3
f 3547/4/3 3503/4/3 3546/4/3
f 3548/4/3 3515/4/3 3514/4/3
f 3548/4/3 3516/4/3 3515/4/3
f 3549/4/3 3516/4/3 3548/4/3
f 3550/3/3 3534/3/3 3517/3/3
f 3551/3/3 3534/3/3 3550/3/3
f 3553/3/3 3538/3/3 3537/3/3
f 3553/3/3 3537/3/3 3536/3/3
f 3554/3/3 3538/3/3 3553/3/3
f 3555/3/3 3538/3/3 3554/3/3
f 3557/3/3 3541/3/3 3540/3/3
f 3557/3/3 3543/3/3 3542/3/3
f 3557/3/3 3542/3/3 3541/3/3
f 3558/1/3 3545/1/3 3544/1/3
f 3558/1/3 3544/1/3 3543/1/3
f 3558/3/3 3543/3/3 3557/3/3
f 3559/1/3 3545/1/3 3558/1/3
f 3560/1/3 3545/1/3 3559/1/3
f 3561/4/3 3548/4/3 3514/4/3
f 3562/4/3 3548/4/3 3561/4/3
f 3563/4/3 3551/4/3 3550/4/3
f 3563/4/3 3550/4/3 3549/4/3
f 3564/4/3 3551/4/3 3563/4/3
f 3565/3/3 3554/3/3 3553/3/3
f 3565/3/3 3553/3/3 3552/3/3
f 3567/3/3 3557/3/3 3556/3/3
f 3567/3/3 3559/3/3 3558/3/3
f 3567/3/3 3558/3/3 3557/3/3
f 3568/3/3 3559/3/3 3567/3/3
f 3569/3/3 3559/3/3 3568/3/3
f 3570/4/3 3563/4/3 3549/4/3
f 3571/4/3 3563/4/3 3570/4/3
f 3572/3/3 3565/3/3 3564/3/3
f 3573/3/3 3554/3/3 3565/3/3
f 3573/3/3 3565/3/3 3572/3/3
f 3574/3/3 3554/3/3 3573/3/3
f 3575/3/3 3554/3/3 3574/3/3
f 3576/3/3 3568/3/3 3567/3/3
f 3576/3/3 3567/3/3 3566/3/3
f 3577/3/3 3568/3/3 3576/3/3
f 3578/3/3 3568/3/3 3577/3/3
f 3581/4/3 3572/4/3 3571/4/3
f 3581/4/3 3573/4/3 3572/4/3
f 3581/3/3 3574/3/3 3573/3/3
f 3582/3/3 3574/3/3 3581/3/3
f 3583/3/3 3574/3/3 3582/3/3
f 3584/3/3 3577/3/3 3576/3/3
f 3584/3/3 3576/3/3 3575/3/3
f 3585/3/3 3577/3/3 3584/3/3
f 3586/3/3 3577/3/3 3585/3/3
f 3589/1/3 3580/1/3 3579/1/3
f 3590/1/3 3580/1/3 3589/1/3
f 3592/4/3 3582/4/3 3581/4/3
f 3592/4/3 3581/4/3 3571/4/3
f 3593/4/3 3582/4/3 3592/4/3
f 3594/4/3 3582/4/3 3593/4/3
f 3595/4/3 3582/4/3 3594/4/3
f 3597/3/3 3584/3/3 3583/3/3
f 3597/3/3 3585/3/3 3584/3/3
f 3598/3/3 3585/3/3 3597/3/3
f 3599/3/3 3585/3/3 3598/3/3
f 3601/3/3 3588/3/3 3587/3/3
f 3602/1/3 3591/1/3 3590/1/3
f 3602/1/3 3590/1/3 3589/1/3
f 3602/3/3 3588/3/3 3601/3/3
f 3602/1/3 3589/1/3 3588/1/3
f 3603/1/3 3591/1/3 3602/1/3
f 3604/4/3 3594/4/3 3593/4/3
f 3605/4/3 3594/4/3 3604/4/3
f 3606/4/3 3596/4/3 3595/4/3
f 3607/3/3 3598/3/3 3597/3/3
f 3607/3/3 3597/3/3 3596/3/3
f 3607/4/3 3596/4/3 3606/4/3
f 3608/3/3 3598/3/3 3607/3/3
f 3609/3/3 3598/3/3 3608/3/3
f 3610/3/3 3598/3/3 3609/3/3
f 3612/3/3 3601/3/3 3600/3/3
f 3612/3/3 3603/3/3 3602/3/3
f 3612/3/3 3602/3/3 3601/3/3
f 3613/1/3 3591/1/3 3603/1/3
f 3613/3/3 3603/3/3 3612/3/3
f 3614/1/3 3591/1/3 3613/1/3
f 3615/4/3 3606/4/3 3605/4/3
f 3615/4/3 3608/4/3 3607/4/3
f 3615/4/3 3607/4/3 3606/4/3
f 3616/4/3 3608/4/3 3615/4/3
f 3617/4/3 3608/4/3 3616/4/3
f 3618/3/3 3609/3/3 3608/3/3
f 3618/4/3 3608/4/3 3617/4/3
f 3619/3/3 3609/3/3 3618/3/3
f 3621/3/3 3612/3/3 3611/3/3
f 3621/3/3 3614/3/3 3613/3/3
f 3621/3/3 3613/3/3 3612/3/3
f 3622/3/3 3614/3/3 3621/3/3
f 3624/4/3 3617/4/3 3616/4/3
f 3625/4/3 3617/4/3 3624/4/3
f 3627/3/3 3623/3/3 3622/3/3
f 3627/3/3 3622/3/3 3621/3/3
f 3627/3/3 3621/3/3 3620/3/3
f 3628/3/3 3623/3/3 3627/3/3
f 3629/3/3 3623/3/3 3628/3/3
f 3632/3/3 3627/3/3 3626/3/3
f 3632/3/3 3628/3/3 3627/3/3
f 3633/3/3 3628/3/3 3632/3/3
f 3634/3/3 3628/3/3 3633/3/3
f 3637/4/3 3631/4/3 3630/4/3
f 3637/3/3 3632/3/3 3631/3/3
f 3637/3/3 3633/3/3 3632/3/3
f 3638/3/3 3633/3/3 3637/3/3
f 3639/3/3 3633/3/3 3638/3/3
f 3640/3/3 3633/3/3 3639/3/3
f 3642/3/3 3636/3/3 3635/3/3
f 3643/3/3 3636/3/3 3642/3/3
f 3645/4/3 3637/4/3 3630/4/3
f 3645/4/3 3638/4/3 3637/4/3
f 3646/4/3 3638/4/3 3645/4/3
f 3647/3/3 3639/3/3 3638/3/3
f 3647/4/3 3638/4/3 3646/4/3
f 3648/3/3 3639/3/3 3647/3/3
f 3650/3/3 3643/3/3 3642/3/3
f 3650/3/3 3644/3/3 3643/3/3
f 3650/3/3 3642/3/3 3641/3/3
f 3651/3/3 3644/3/3 3650/3/3
f 3652/3/3 3644/3/3 3651/3/3
f 3653/4/3 3647/4/3 3646/4/3
f 3654/4/3 3647/4/3 3653/4/3
f 3657/3/3 3651/3/3 3650/3/3
f 3657/3/3 3650/3/3 3649/3/3
f 3658/3/3 3651/3/3 3657/3/3
f 3659/1/3 3652/1/3 3651/1/3
f 3659/3/3 3651/3/3 3658/3/3
f 3661/4/3 3656/4/3 3655/4/3
f 3662/3/3 3658/3/3 3657/3/3
f 3662/3/3 3657/3/3 3656/3/3
f 3663/1/3 3659/1/3 3658/1/3
f 3663/3/3 3658/3/3 3662/3/3
f 3664/4/3 3661/4/3 3660/4/3
f 3664/4/3 3656/4/3 3661/4/3
f 3665/3/3 3662/3/3 3656/3/3
f 3665/4/3 3656/4/3 3664/4/3
f 3666/1/3 3663/1/3 3662/1/3
f 3667/1/3 3659/1/3 3663/1/3
f 3667/1/3 3663/1/3 3666/1/3
f 3667/1/3 3652/1/3 3659/1/3
f 3668/3/3 3665/3/3 3664/3/3
f 3668/3/3 3662/3/3 3665/3/3
f 3669/1/3 3666/1/3 3662/1/3
f 3669/3/3 3662/3/3 3668/3/3
f 3670/1/3 3666/1/3 3669/1/3
f 3674/4/3 3664/4/3 3660/4/3
f 3675/3/3 3668/3/3 3664/3/3
f 3675/4/3 3664/4/3 3674/4/3
f 3676/3/3 3668/3/3 3675/3/3
f 3678/3/3 3672/3/3 3671/3/3
f 3679/3/3 3672/3/3 3678/3/3
f 3680/1/3 3673/1/3 3672/1/3
f 3680/3/3 3672/3/3 3679/3/3
f 3683/3/3 3679/3/3 3678/3/3
f 3683/3/3 3678/3/3 3677/3/3
f 3685/4/3 3682/4/3 3681/4/3
f 3686/3/3 3683/3/3 3682/3/3
f 3686/3/3 3679/3/3 3683/3/3
f 3687/1/3 3680/1/3 3679/1/3
f 3687/3/3 3679/3/3 3686/3/3
f 3688/4/3 3685/4/3 3684/4/3
f 3689/3/3 3686/3/3 3682/3/3
f 3689/4/3 3685/4/3 3688/4/3
f 3689/4/3 3682/4/3 3685/4/3
f 3690/3/3 3686/3/3 3689/3/3
f 3691/1/3 3687/1/3 3686/1/3
f 3691/3/3 3686/3/3 3690/3/3
f 3692/3/3 3690/3/3 3689/3/3
f 3692/3/3 3689/3/3 3688/3/3
f 3693/1/3 3691/1/3 3690/1/3
f 3693/3/3 3690/3/3 3692/3/3
f 3694/1/3 3691/1/3 3693/1/3
f 3695/1/3 3673/1/3 3680/1/3
f 3695/1/3 3691/1/3 3694/1/3
f 3695/1/3 3680/1/3 3687/1/3
f 3695/1/3 3687/1/3 3691/1/3
f 3696/3/3 3692/3/3 3688/3/3
f 3697/1/3 3694/1/3 3693/1/3
f 3697/3/3 3692/3/3 3696/3/3
f 3697/1/3 3693/1/3 3692/1/3
f 3698/1/3 3694/1/3 3697/1/3
f 3702/3/3 3700/3/3 3699/3/3
f 3702/1/3 3701/1/3 3700/1/3
f 3703/1/3 3701/1/3 3702/1/3
f 3704/1/3 3701/1/3 3703/1/3
f 3706/3/3 3702/3/3 3699/3/3
f 3706/3/3 3703/3/3 3702/3/3
f 3707/3/3 3703/3/3 3706/3/3
f 3708/1/3 3704/1/3 3703/1/3
f 3708/3/3 3703/3/3 3707/3/3
f 3708/1/3 3705/1/3 3704/1/3
f 3709/1/3 3705/1/3 3708/1/3
f 3710/4/3 3707/4/3 3706/4/3
f 3711/4/3 3707/4/3 3710/4/3
f 3712/3/3 3708/3/3 3707/3/3
f 3712/3/3 3709/3/3 3708/3/3
f 3713/3/3 3709/3/3 3712/3/3
f 3714/1/3 3705/1/3 3709/1/3
f 3714/3/3 3709/3/3 3713/3/3
f 3715/1/3 3705/1/3 3714/1/3
f 3716/4/3 3707/4/3 3711/4/3
f 3717/3/3 3712/3/3 3707/3/3
f 3717/4/3 3707/4/3 3716/4/3
f 3718/3/3 3712/3/3 3717/3/3
f 3719/3/3 3715/3/3 3714/3/3
f 3719/3/3 3714/3/3 3713/3/3
f 3720/3/3 3715/3/3 3719/3/3
f 3721/1/3 3705/1/3 3715/1/3
f 3722/1/3 3705/1/3 3721/1/3
f 3726/3/3 3715/3/3 3720/3/3
f 3727/3/3 3715/3/3 3726/3/3
f 3728/1/3 3721/1/3 3715/1/3
f 3728/3/3 3715/3/3 3727/3/3
f 3729/1/3 3721/1/3 3728/1/3
f 3730/3/3 3725/3/3 3724/3/3
f 3732/3/3 3728/3/3 3727/3/3
f 3733/3/3 3728/3/3 3732/3/3
f 3734/3/3 3731/3/3 3730/3/3
f 3734/4/3 3724/4/3 3723/4/3
f 3734/3/3 3730/3/3 3724/3/3
f 3735/3/3 3731/3/3 3734/3/3
f 3736/3/3 3731/3/3 3735/3/3
f 3737/3/3 3731/3/3 3736/3/3
f 3739/4/3 3734/4/3 3723/4/3
f 3739/4/3 3735/4/3 3734/4/3
f 3740/3/3 3736/3/3 3735/3/3
f 3740/4/3 3735/4/3 3739/4/3
f 3741/3/3 3736/3/3 3740/3/3
f 3742/1/3 3738/1/3 3737/1/3
f 3743/1/3 3738/1/3 3742/1/3
f 3746/1/3 3738/1/3 3743/1/3
f 3746/3/3 3743/3/3 3742/3/3
f 3746/3/3 3742/3/3 3741/3/3
f 3747/1/3 3738/1/3 3746/1/3
f 3748/1/3 3738/1/3 3747/1/3
f 3749/1/3 3738/1/3 3748/1/3
f 3751/4/3 3745/4/3 3744/4/3
f 3752/4/3 3745/4/3 3751/4/3
f 3754/3/3 3746/3/3 3741/3/3
f 3755/3/3 3746/3/3 3754/3/3
f 3756/3/3 3748/3/3 3747/3/3
f 3757/3/3 3748/3/3 3756/3/3
f 3758/4/3 3751/4/3 3750/4/3
f 3758/4/3 3752/4/3 3751/4/3
f 3759/3/3 3753/3/3 3752/3/3
f 3759/4/3 3752/4/3 3758/4/3
f 3760/3/3 3753/3/3 3759/3/3
f 3762/3/3 3746/3/3 3755/3/3
f 3763/3/3 3746/3/3 3762/3/3
f 3765/3/3 3761/3/3 3760/3/3
f 3766/3/3 3761/3/3 3765/3/3
f 3770/3/3 3765/3/3 3764/3/3
f 3770/3/3 3766/3/3 3765/3/3
f 3770/3/3 3767/3/3 3766/3/3
f 3771/3/3 3767/3/3 3770/3/3
f 3772/3/3 3767/3/3 3771/3/3
f 3774/4/3 3769/4/3 3768/4/3
f 3775/4/3 3769/4/3 3774/4/3
f 3776/3/3 3773/3/3 3772/3/3
f 3776/3/3 3772/3/3 3771/3/3
f 3777/3/3 3773/3/3 3776/3/3
f 3778/3/3 3773/3/3 3777/3/3
f 3779/3/3 3773/3/3 3778/3/3
f 3782/3/3 3778/3/3 3777/3/3
f 3783/3/3 3778/3/3 3782/3/3
f 3784/3/3 3778/3/3 3783/3/3
f 3788/3/3 3781/3/3 3780/3/3
f 3789/3/3 3781/3/3 3788/3/3
f 3790/3/3 3781/3/3 3789/3/3
f 3792/3/3 3785/3/3 3784/3/3
f 3792/3/3 3784/3/3 3783/3/3
f 3793/3/3 3785/3/3 3792/3/3
f 3794/4/3 3787/4/3 3786/4/3
f 3798/3/3 3791/3/3 3790/3/3
f 3798/3/3 3790/3/3 3789/3/3
f 3799/3/3 3791/3/3 3798/3/3
f 3800/3/3 3791/3/3 3799/3/3
f 3802/3/3 3785/3/3 3793/3/3
f 3803/3/3 3785/3/3 3802/3/3
f 3805/4/3 3795/4/3 3794/4/3
f 3805/4/3 3794/4/3 3786/4/3
f 3806/4/3 3795/4/3 3805/4/3
f 3807/4/3 3795/4/3 3806/4/3
f 3808/3/3 3798/3/3 3789/3/3
f 3809/3/3 3798/3/3 3808/3/3
f 3810/3/3 3801/3/3 3800/3/3
f 3810/3/3 3800/3/3 3799/3/3
f 3811/3/3 3801/3/3 3810/3/3
f 3812/3/3 3801/3/3 3811/3/3
f 3816/3/3 3807/3/3 3806/3/3
f 3817/3/3 3807/3/3 3816/3/3
f 3819/3/3 3797/3/3 3796/3/3
f 3820/3/3 3797/3/3 3819/3/3
f 3822/3/3 3798/3/3 3809/3/3
f 3823/3/3 3798/3/3 3822/3/3
f 3824/3/3 3813/3/3 3812/3/3
f 3824/3/3 3812/3/3 3811/3/3
f 3825/3/3 3813/3/3 3824/3/3
f 3828/4/3 3815/4/3 3814/4/3
f 3829/4/3 3815/4/3 3828/4/3
f 3830/4/3 3805/4/3 3804/4/3
f 3831/4/3 3805/4/3 3830/4/3
f 3832/4/3 3805/4/3 3831/4/3
f 3833/3/3 3821/3/3 3820/3/3
f 3834/3/3 3821/3/3 3833/3/3
f 3840/4/3 3827/4/3 3826/4/3
f 3841/3/3 3832/3/3 3831/3/3
f 3842/3/3 3832/3/3 3841/3/3
f 3843/3/3 3819/3/3 3818/3/3
f 3844/3/3 3819/3/3 3843/3/3
f 3847/3/3 3836/3/3 3835/3/3
f 3848/3/3 3836/3/3 3847/3/3
f 3849/4/3 3840/4/3 3839/4/3
f 3850/4/3 3827/4/3 3840/4/3
f 3850/4/3 3840/4/3 3849/4/3
f 3853/3/3 3845/3/3 3844/3/3
f 3854/3/3 3845/3/3 3853/3/3
f 3855/4/3 3838/4/3 3837/4/3
f 3856/4/3 3838/4/3 3855/4/3
f 3857/3/3 3850/3/3 3849/3/3
f 3857/4/3 3827/4/3 3850/4/3
f 3858/4/3 3827/4/3 3857/4/3
f 3859/4/3 3830/4/3 3829/4/3
f 3860/4/3 3830/4/3 3859/4/3
f 3861/3/3 3852/3/3 3851/3/3
f 3862/3/3 3852/3/3 3861/3/3
f 3864/3/3 3847/3/3 3846/3/3
f 3865/3/3 3847/3/3 3864/3/3
f 3866/4/3 3838/4/3 3856/4/3
f 3866/3/3 3856/3/3 3855/3/3
f 3867/4/3 3838/4/3 3866/4/3
f 3868/4/3 3827/4/3 3858/4/3
f 3868/3/3 3858/3/3 3857/3/3
f 3869/4/3 3827/4/3 3868/4/3
f 3870/3/3 3863/3/3 3862/3/3
f 3871/3/3 3863/3/3 3870/3/3
f 3872/4/3 3838/4/3 3867/4/3
f 3872/3/3 3867/3/3 3866/3/3
f 3873/4/3 3838/4/3 3872/4/3
f 3874/3/3 3869/3/3 3868/3/3
f 3874/3/3 3868/3/3 3857/3/3
f 3875/3/3 3869/3/3 3874/3/3
f 3877/3/3 3872/3/3 3866/3/3
f 3877/3/3 3866/3/3 3855/3/3
f 3878/3/3 3872/3/3 3877/3/3
f 3878/3/3 3877/3/3 3876/3/3
f 3881/3/3 3857/3/3 3849/3/3
f 3881/3/3 3874/3/3 3857/3/3
f 3882/3/3 3874/3/3 3881/3/3
f 3882/3/3 3881/3/3 3880/3/3
f 3883/3/3 3874/3/3 3882/3/3
f 3884/3/3 3879/3/3 3878/3/3
f 3884/3/3 3878/3/3 3876/3/3
f 3885/3/3 3879/3/3 3884/3/3
f 3886/3/3 3882/3/3 3880/3/3
f 3887/3/3 3882/3/3 3886/3/3
f 3888/3/3 3884/3/3 3876/3/3
f 3889/3/3 3884/3/3 3888/3/3
f 3890/3/3 3888/3/3 3876/3/3
f 3891/3/3 3888/3/3 3890/3/3
f 3896/2/3 3893/2/3 3892/2/3
f 3900/2/3 3895/2/3 3894/2/3
f 3901/2/3 3899/2/3 3898/2/3
f 3902/2/3 3899/2/3 3901/2/3
f 3906/2/3 3895/2/3 3900/2/3
f 3908/2/3 3901/2/3 3898/2/3
f 3910/2/3 3904/2/3 3903/2/3
f 3911/2/3 3904/2/3 3910/2/3
f 3911/2/3 3910/2/3 3909/2/3
f 3912/2/3 3904/2/3 3911/2/3
f 3913/2/3 3908/2/3 3907/2/3
f 3913/2/3 3901/2/3 3908/2/3
f 3914/2/3 3901/2/3 3913/2/3
f 3916/2/3 3911/2/3 3909/2/3
f 3917/2/3 3916/2/3 3915/2/3
f 3917/2/3 3911/2/3 3916/2/3
f 3918/2/3 3911/2/3 3917/2/3
f 3921/2/3 3906/2/3 3905/2/3
f 3921/2/3 3895/2/3 3906/2/3
f 3924/2/3 3917/2/3 3915/2/3
f 3926/2/3 3920/2/3 3919/2/3
f 3927/2/3 3920/2/3 3926/2/3
f 3928/2/3 3897/2/3 3896/2/3
f 3931/2/3 3924/2/3 3923/2/3
f 3932/2/3 3917/2/3 3924/2/3
f 3932/2/3 3924/2/3 3931/2/3
f 3933/2/3 3917/2/3 3932/2/3
f 3935/2/3 3926/2/3 3925/2/3
f 3935/2/3 3927/2/3 3926/2/3
f 3936/2/3 3927/2/3 3935/2/3
f 3937/2/3 3927/2/3 3936/2/3
f 3939/2/3 3913/2/3 3907/2/3
f 3940/2/3 3913/2/3 3939/2/3
f 3941/2/3 3913/2/3 3940/2/3
f 3942/2/3 3931/2/3 3930/2/3
f 3942/2/3 3932/2/3 3931/2/3
f 3943/2/3 3932/2/3 3942/2/3
f 3945/2/3 3936/2/3 3935/2/3
f 3945/2/3 3935/2/3 3934/2/3
f 3946/2/3 3936/2/3 3945/2/3
f 3947/2/3 3936/2/3 3946/2/3
f 3948/2/3 3922/2/3 3921/2/3
f 3948/2/3 3921/2/3 3905/2/3
f 3950/2/3 3946/2/3 3945/2/3
f 3950/2/3 3945/2/3 3944/2/3
f 3951/2/3 3946/2/3 3950/2/3
f 3952/2/3 3946/2/3 3951/2/3
f 3953/2/3 3940/2/3 3939/2/3
f 3953/2/3 3939/2/3 3938/2/3
f 3955/2/3 3942/2/3 3930/2/3
f 3956/2/3 3942/2/3 3955/2/3
f 3958/2/3 3951/2/3 3950/2/3
f 3958/2/3 3950/2/3 3949/2/3
f 3961/2/3 3929/2/3 3928/2/3
f 3962/2/3 3940/2/3 3953/2/3
f 3963/2/3 3958/2/3 3957/2/3
f 3963/2/3 3951/2/3 3958/2/3
f 3964/2/3 3951/2/3 3963/2/3
f 3966/2/3 3960/2/3 3959/2/3
f 3967/2/3 3960/2/3 3966/2/3
f 3968/2/3 3896/2/3 3892/2/3
f 3968/2/3 3928/2/3 3896/2/3
f 3968/2/3 3961/2/3 3928/2/3
f 3969/2/3 3961/2/3 3968/2/3
f 3970/2/3 3922/2/3 3948/2/3
f 3971/2/3 3922/2/3 3970/2/3
f 3972/2/3 3962/2/3 3953/2/3
f 3973/2/3 3962/2/3 3972/2/3
f 3975/2/3 3955/2/3 3954/2/3
f 3976/2/3 3955/2/3 3975/2/3
f 3978/2/3 3963/2/3 3957/2/3
f 3979/2/3 3963/2/3 3978/2/3
f 3980/2/3 3963/2/3 3979/2/3
f 3982/2/3 3967/2/3 3966/2/3
f 3982/2/3 3966/2/3 3965/2/3
f 3983/2/3 3967/2/3 3982/2/3
f 3984/2/3 3967/2/3 3983/2/3
f 3985/2/3 3967/2/3 3984/2/3
f 3986/2/3 3972/2/3 3953/2/3
f 3987/2/3 3972/2/3 3986/2/3
f 3989/2/3 3979/2/3 3978/2/3
f 3989/2/3 3978/2/3 3977/2/3
f 3990/2/3 3979/2/3 3989/2/3
f 3991/2/3 3979/2/3 3990/2/3
f 3993/2/3 3983/2/3 3982/2/3
f 3993/2/3 3982/2/3 3981/2/3
f 3994/2/3 3983/2/3 3993/2/3
f 3995/2/3 3983/2/3 3994/2/3
f 3996/2/3 3975/2/3 3974/2/3
f 3997/2/3 3975/2/3 3996/2/3
f 3998/2/3 3990/2/3 3989/2/3
f 3998/2/3 3989/2/3 3988/2/3
f 3999/2/3 3990/2/3 3998/2/3
f 4000/2/3 3990/2/3 3999/2/3
f 4002/2/3 3994/2/3 3993/2/3
f 4002/2/3 3993/2/3 3992/2/3
f 4003/2/3 3994/2/3 4002/2/3
f 4004/2/3 3994/2/3 4003/2/3
f 4005/2/3 3999/2/3 3998/2/3
f 4006/2/3 3999/2/3 4005/2/3
f 4007/2/3 4003/2/3 4002/2/3
f 4007/2/3 4002/2/3 4001/2/3
f 4008/2/3 4003/2/3 4007/2/3
f 4012/2/3 4007/2/3 4001/2/3
f 4013/2/3 4007/2/3 4012/2/3
f 4015/2/3 4010/2/3 4009/2/3
f 4017/2/3 4012/2/3 4011/2/3
f 4018/2/3 4012/2/3 4017/2/3
f 4020/2/3 4015/2/3 4014/2/3
f 4021/2/3 4010/2/3 4015/2/3
f 4021/2/3 4015/2/3 4020/2/3
f 4022/2/3 4010/2/3 4021/2/3
f 4023/2/3 4010/2/3 4022/2/3
f 4024/2/3 4017/2/3 4016/2/3
f 4025/2/3 4017/2/3 4024/2/3
f 4026/2/3 4017/2/3 4025/2/3
f 4028/2/3 4020/2/3 4019/2/3
f 4028/2/3 4021/2/3 4020/2/3
f 4029/2/3 4021/2/3 4028/2/3
f 4030/2/3 4021/2/3 4029/2/3
f 4032/2/3 4029/2/3 4028/2/3
f 4032/2/3 4028/2/3 4027/2/3
f 4033/2/3 4029/2/3 4032/2/3
f 4034/2/3 4029/2/3 4033/2/3
f 4036/2/3 4032/2/3 4031/2/3
f 4036/2/3 4033/2/3 4032/2/3
f 4037/2/3 4033/2/3 4036/2/3
f 4038/2/3 4033/2/3 4037/2/3
f 4039/2/3 4036/2/3 4035/2/3
f 4039/2/3 4037/2/3 4036/2/3
f 4040/2/3 4037/2/3 4039/2/3
f 4043/2/3 4039/2/3 4035/2/3
f 4044/2/3 4039/2/3 4043/2/3
f 4046/2/3 4042/2/3 4041/2/3
f 4048/2/3 4046/2/3 4045/2/3
f 4049/2/3 4046/2/3 4048/2/3
f 4050/2/3 4042/2/3 4046/2/3
f 4050/2/3 4046/2/3 4049/2/3
f 4052/2/3 4049/2/3 4048/2/3
f 4052/2/3 4048/2/3 4047/2/3
f 4053/2/3 4049/2/3 4052/2/3
f 4054/2/3 4049/2/3 4053/2/3
f 4055/2/3 4052/2/3 4051/2/3
f 4055/2/3 4053/2/3 4052/2/3
f 4056/2/3 4053/2/3 4055/2/3
f 4057/2/3 4053/2/3 4056/2/3
f 4058/2/3 4053/2/3 4057/2/3
f 4059/2/3 4056/2/3 4055/2/3
f 4060/2/3 4056/2/3 4059/2/3
f 4065/2/3 4062/2/3 4061/2/3
f 4066/2/3 4062/2/3 4065/2/3
f 4067/2/3 4062/2/3 4066/2/3
f 4069/2/3 4064/2/3 4063/2/3
f 4069/2/3 4065/2/3 4064/2/3
f 4069/2/3 4066/2/3 4065/2/3
f 4070/2/3 4066/2/3 4069/2/3
f 4071/2/3 4066/2/3 4070/2/3
f 4072/2/3 4069/2/3 4068/2/3
f 4072/2/3 4070/2/3 4069/2/3
f 4073/2/3 4070/2/3 4072/2/3
f 4074/2/3 4070/2/3 4073/2/3
f 4075/2/3 4072/2/3 4068/2/3
f 4076/2/3 4072/2/3 4075/2/3
f 4081/2/3 4078/2/3 4077/2/3
f 4082/2/3 4080/2/3 4079/2/3
f 4082/2/3 4081/2/3 4080/2/3
f 4083/2/3 4081/2/3 4082/2/3
f 4084/2/3 4078/2/3 4081/2/3
f 4084/2/3 4081/2/3 4083/2/3
f 4085/2/3 4078/2/3 4084/2/3
f 4086/2/3 4078/2/3 4085/2/3
f 4091/2/3 4088/2/3 4087/2/3
f 4093/5/3 4090/5/3 4089/5/3
f 4094/5/3 4090/5/3 4093/5/3
f 4099/2/3 4092/2/3 4091/2/3
f 4099/2/3 4091/2/3 4087/2/3
f 4099/2/3 4093/2/3 4092/2/3
f 4100/2/3 4093/2/3 4099/2/3
f 4101/2/3 4093/2/3 4100/2/3
f 4102/2/3 4095/2/3 4094/2/3
f 4103/5/3 4096/5/3 4095/5/3
f 4103/2/3 4095/2/3 4102/2/3
f 4104/5/3 4096/5/3 4103/5/3
f 4107/1/3 4098/1/3 4097/1/3
f 4108/1/3 4098/1/3 4107/1/3
f 4109/2/3 4102/2/3 4101/2/3
f 4109/2/3 4105/2/3 4104/2/3
f 4109/2/3 4101/2/3 4100/2/3
f 4109/2/3 4104/2/3 4103/2/3
f 4109/2/3 4103/2/3 4102/2/3
f 4110/2/3 4105/2/3 4109/2/3
f 4111/2/3 4105/2/3 4110/2/3
f 4112/2/3 4105/2/3 4111/2/3
f 4113/3/3 4107/3/3 4106/3/3
f 4114/3/3 4107/3/3 4113/3/3
f 4116/5/3 4111/5/3 4110/5/3
f 4117/2/3 4112/2/3 4111/2/3
f 4117/2/3 4113/2/3 4112/2/3
f 4117/5/3 4111/5/3 4116/5/3
f 4118/2/3 4113/2/3 4117/2/3
f 4123/5/3 4116/5/3 4115/5/3
f 4124/5/3 4116/5/3 4123/5/3
f 4125/2/3 4121/2/3 4120/2/3
f 4126/5/3 4122/5/3 4121/5/3
f 4126/2/3 4121/2/3 4125/2/3
f 4126/5/3 4123/5/3 4122/5/3
f 4127/5/3 4123/5/3 4126/5/3
f 4130/1/3 4119/1/3 4118/1/3
f 4131/1/3 4119/1/3 4130/1/3
f 4132/2/3 4127/2/3 4126/2/3
f 4132/2/3 4126/2/3 4125/2/3
f 4133/2/3 4127/2/3 4132/2/3
f 4134/2/3 4127/2/3 4133/2/3
f 4135/2/3 4127/2/3 4134/2/3
f 4137/5/3 4129/5/3 4128/5/3
f 4138/5/3 4129/5/3 4137/5/3
f 4142/5/3 4134/5/3 4133/5/3
f 4143/2/3 4136/2/3 4135/2/3
f 4143/2/3 4135/2/3 4134/2/3
f 4143/5/3 4134/5/3 4142/5/3
f 4144/2/3 4136/2/3 4143/2/3
f 4145/2/3 4136/2/3 4144/2/3
f 4147/4/3 4140/4/3 4139/4/3
f 4148/3/3 4141/3/3 4140/3/3
f 4148/4/3 4140/4/3 4147/4/3
f 4149/3/3 4141/3/3 4148/3/3
f 4150/5/3 4142/5/3 4141/5/3
f 4150/3/3 4141/3/3 4149/3/3
f 4151/5/3 4142/5/3 4150/5/3
f 4152/2/3 4146/2/3 4145/2/3
f 4152/2/3 4145/2/3 4144/2/3
f 4153/2/3 4146/2/3 4152/2/3
f 4154/2/3 4146/2/3 4153/2/3
f 4157/2/3 4149/2/3 4148/2/3
f 4160/4/3 4156/4/3 4155/4/3
f 4161/4/3 4156/4/3 4160/4/3
f 4163/2/3 4158/2/3 4157/2/3
f 4163/2/3 4157/2/3 4148/2/3
f 4164/2/3 4158/2/3 4163/2/3
f 4166/4/3 4160/4/3 4159/4/3
f 4167/3/3 4162/3/3 4161/3/3
f 4167/4/3 4160/4/3 4166/4/3
f 4167/3/3 4161/3/3 4160/3/3
f 4167/3/3 4163/3/3 4162/3/3
f 4168/3/3 4163/3/3 4167/3/3
f 4169/3/3 4163/3/3 4168/3/3
f 4170/2/3 4164/2/3 4163/2/3
f 4170/3/3 4163/3/3 4169/3/3
f 4170/2/3 4165/2/3 4164/2/3
f 4171/2/3 4165/2/3 4170/2/3
f 4172/2/3 4165/2/3 4171/2/3
f 4176/3/3 4168/3/3 4167/3/3
f 4177/5/3 4169/5/3 4168/5/3
f 4177/3/3 4168/3/3 4176/3/3
f 4178/5/3 4169/5/3 4177/5/3
f 4180/2/3 4173/2/3 4172/2/3
f 4180/2/3 4172/2/3 4171/2/3
f 4181/2/3 4173/2/3 4180/2/3
f 4182/2/3 4173/2/3 4181/2/3
f 4183/5/3 4175/5/3 4174/5/3
f 4184/3/3 4176/3/3 4175/3/3
f 4184/5/3 4175/5/3 4183/5/3
f 4185/2/3 4179/2/3 4178/2/3
f 4185/3/3 4176/3/3 4184/3/3
f 4185/2/3 4178/2/3 4177/2/3
f 4185/2/3 4177/2/3 4176/2/3
f 4186/2/3 4179/2/3 4185/2/3
f 4187/2/3 4179/2/3 4186/2/3
f 4190/2/3 4182/2/3 4181/2/3
f 4191/2/3 4182/2/3 4190/2/3
f 4192/5/3 4185/5/3 4184/5/3
f 4193/2/3 4179/2/3 4187/2/3
f 4195/2/3 4189/2/3 4188/2/3
f 4196/2/3 4189/2/3 4195/2/3
f 4199/5/3 4185/5/3 4192/5/3
f 4200/2/3 4186/2/3 4185/2/3
f 4200/5/3 4185/5/3 4199/5/3
f 4201/2/3 4186/2/3 4200/2/3
f 4202/2/3 4194/2/3 4193/2/3
f 4202/2/3 4193/2/3 4187/2/3
f 4203/2/3 4194/2/3 4202/2/3
f 4204/2/3 4194/2/3 4203/2/3
f 4212/3/3 4198/3/3 4197/3/3
f 4213/2/3 4199/2/3 4198/2/3
f 4213/3/3 4198/3/3 4212/3/3
f 4213/2/3 4200/2/3 4199/2/3
f 4214/2/3 4202/2/3 4201/2/3
f 4215/2/3 4205/2/3 4204/2/3
f 4215/2/3 4204/2/3 4203/2/3
f 4216/2/3 4205/2/3 4215/2/3
f 4217/2/3 4205/2/3 4216/2/3
f 4218/2/3 4207/2/3 4206/2/3
f 4219/2/3 4207/2/3 4218/2/3
f 4221/3/3 4209/3/3 4208/3/3
f 4222/3/3 4209/3/3 4221/3/3
f 4223/2/3 4211/2/3 4210/2/3
f 4224/2/3 4213/2/3 4212/2/3
f 4225/2/3 4200/2/3 4213/2/3
f 4225/2/3 4213/2/3 4224/2/3
f 4226/2/3 4200/2/3 4225/2/3
f 4227/2/3 4214/2/3 4201/2/3
f 4227/2/3 4215/2/3 4214/2/3
f 4227/2/3 4216/2/3 4215/2/3
f 4228/2/3 4216/2/3 4227/2/3
f 4229/2/3 4216/2/3 4228/2/3
f 4230/2/3 4216/2/3 4229/2/3
f 4236/5/3 4222/5/3 4221/5/3
f 4236/2/3 4221/2/3 4220/2/3
f 4237/5/3 4222/5/3 4236/5/3
f 4238/2/3 4224/2/3 4223/2/3
f 4238/2/3 4225/2/3 4224/2/3
f 4239/2/3 4225/2/3 4238/2/3
f 4241/2/3 4229/2/3 4228/2/3
f 4242/2/3 4229/2/3 4241/2/3
f 4243/2/3 4231/2/3 4230/2/3
f 4244/2/3 4231/2/3 4243/2/3
f 4245/2/3 4233/2/3 4232/2/3
f 4246/2/3 4237/2/3 4236/2/3
f 4247/2/3 4223/2/3 4210/2/3
f 4247/2/3 4238/2/3 4223/2/3
f 4248/2/3 4238/2/3 4247/2/3
f 4249/2/3 4240/2/3 4239/2/3
f 4250/2/3 4240/2/3 4249/2/3
f 4252/2/3 4246/2/3 4236/2/3
f 4252/2/3 4236/2/3 4220/2/3
f 4252/2/3 4249/2/3 4248/2/3
f 4252/2/3 4248/2/3 4247/2/3
f 4252/2/3 4247/2/3 4246/2/3
f 4253/2/3 4249/2/3 4252/2/3
f 4254/2/3 4251/2/3 4250/2/3
f 4255/2/3 4251/2/3 4254/2/3
f 4257/2/3 4235/2/3 4234/2/3
f 4258/2/3 4253/2/3 4252/2/3
f 4258/2/3 4254/2/3 4253/2/3
f 4259/2/3 4254/2/3 4258/2/3
f 4262/2/3 4258/2/3 4252/2/3
f 4263/2/3 4258/2/3 4262/2/3
f 4264/2/3 4258/2/3 4263/2/3
f 4265/2/3 4260/2/3 4259/2/3
f 4266/2/3 4260/2/3 4265/2/3
f 4267/2/3 4245/2/3 4232/2/3
f 4268/2/3 4245/2/3 4267/2/3
f 4269/2/3 4263/2/3 4262/2/3
f 4270/2/3 4263/2/3 4269/2/3
f 4271/5/3 4257/5/3 4256/5/3
f 4272/2/3 4235/2/3 4257/2/3
f 4272/5/3 4257/5/3 4271/5/3
f 4273/2/3 4235/2/3 4272/2/3
f 4274/2/3 4235/2/3 4273/2/3
f 4275/2/3 4263/2/3 4270/2/3
f 4276/2/3 4263/2/3 4275/2/3
f 4277/2/3 4269/2/3 4262/2/3
f 4278/2/3 4269/2/3 4277/2/3
f 4281/2/3 4277/2/3 4262/2/3
f 4283/2/3 4280/2/3 4279/2/3
f 4284/2/3 4280/2/3 4283/2/3
f 4285/2/3 4273/2/3 4272/2/3
f 4286/2/3 4273/2/3 4285/2/3
f 4288/5/3 4262/5/3 4261/5/3
f 4291/5/3 4288/5/3 4287/5/3
f 4292/5/3 4262/5/3 4288/5/3
f 4292/5/3 4288/5/3 4291/5/3
f 4293/2/3 4282/2/3 4281/2/3
f 4293/5/3 4262/5/3 4292/5/3
f 4293/2/3 4281/2/3 4262/2/3
f 4294/2/3 4282/2/3 4293/2/3
f 4295/5/3 4290/5/3 4289/5/3
f 4296/5/3 4290/5/3 4295/5/3
f 4297/5/3 4293/5/3 4292/5/3
f 4298/5/3 4293/5/3 4297/5/3
f 4301/2/3 4267/2/3 4232/2/3
f 4302/2/3 4267/2/3 4301/2/3
f 4303/2/3 4267/2/3 4302/2/3
f 4305/2/3 4300/2/3 4299/2/3
f 4306/2/3 4300/2/3 4305/2/3
f 4308/2/3 4301/2/3 4232/2/3
f 4309/2/3 4301/2/3 4308/2/3
f 4310/2/3 4304/2/3 4303/2/3
f 4310/2/3 4303/2/3 4302/2/3
f 4311/2/3 4304/2/3 4310/2/3
f 4312/2/3 4304/2/3 4311/2/3
f 4314/2/3 4307/2/3 4306/2/3
f 4315/2/3 4307/2/3 4314/2/3
f 4316/2/3 4313/2/3 4312/2/3
f 4316/2/3 4312/2/3 4311/2/3
f 4317/2/3 4313/2/3 4316/2/3
f 4319/2/3 4318/2/3 4317/2/3
f 4320/2/3 4318/2/3 4319/2/3
f 4323/5/3 4322/5/3 4321/5/3
f 4324/5/3 4322/5/3 4323/5/3
f 4329/3/3 4326/3/3 4325/3/3
f 4330/3/3 4326/3/3 4329/3/3
f 4332/5/3 4328/5/3 4327/5/3
f 4333/5/3 4328/5/3 4332/5/3
f 4335/5/3 4332/5/3 4331/5/3
f 4336/2/3 4333/2/3 4332/2/3
f 4336/5/3 4332/5/3 4335/5/3
f 4337/5/3 4335/5/3 4334/5/3
f 4338/5/3 4335/5/3 4337/5/3
f 4339/2/3 4333/2/3 4336/2/3
f 4340/2/3 4333/2/3 4339/2/3
f 4343/4/3 4342/4/3 4341/4/3
f 4344/4/3 4342/4/3 4343/4/3
f 4347/5/3 4346/5/3 4345/5/3
f 4348/5/3 4346/5/3 4347/5/3
f 4351/5/3 4350/5/3 4349/5/3
f 4352/5/3 4350/5/3 4351/5/3
f 4353/5/3 4351/5/3 4349/5/3
f 4354/5/3 4351/5/3 4353/5/3
f 4357/5/3 4353/5/3 4349/5/3
f 4358/5/3 4353/5/3 4357/5/3
f 4359/5/3 4356/5/3 4355/5/3
f 4360/5/3 4356/5/3 4359/5/3
f 4361/5/3 4356/5/3 4360/5/3
f 4366/5/3 4361/5/3 4360/5/3
f 4366/5/3 4362/5/3 4361/5/3
f 4367/5/3 4362/5/3 4366/5/3
f 4368/5/3 4362/5/3 4367/5/3
f 4370/5/3 4365/5/3 4364/5/3
f 4370/5/3 4364/5/3 4363/5/3
f 4374/5/3 4370/5/3 4369/5/3
f 4375/5/3 4365/5/3 4370/5/3
f 4375/5/3 4370/5/3 4374/5/3
f 4376/5/3 4365/5/3 4375/5/3
f 4378/5/3 4372/5/3 4371/5/3
f 4379/5/3 4372/5/3 4378/5/3
f 4380/5/3 4374/5/3 4373/5/3
f 4380/5/3 4375/5/3 4374/5/3
f 4381/5/3 4375/5/3 4380/5/3
f 4382/5/3 4375/5/3 4381/5/3
f 4385/5/3 4378/5/3 4377/5/3
f 4386/5/3 4378/5/3 4385/5/3
f 4387/5/3 4380/5/3 4379/5/3
f 4387/5/3 4381/5/3 4380/5/3
f 4388/5/3 4381/5/3 4387/5/3
f 4393/5/3 4390/5/3 4389/5/3
f 4394/5/3 4384/5/3 4383/5/3
f 4395/5/3 4384/5/3 4394/5/3
f 4397/5/3 4392/5/3 4391/5/3
f 4398/5/3 4392/5/3 4397/5/3
f 4400/5/3 4393/5/3 4389/5/3
f 4400/5/3 4394/5/3 4393/5/3
f 4401/5/3 4394/5/3 4400/5/3
f 4403/5/3 4397/5/3 4396/5/3
f 4404/5/3 4397/5/3 4403/5/3
f 4405/5/3 4402/5/3 4401/5/3
f 4405/5/3 4400/5/3 4399/5/3
f 4405/5/3 4401/5/3 4400/5/3
f 4406/5/3 4402/5/3 4405/5/3
f 4407/5/3 4402/5/3 4406/5/3
f 4408/5/3 4402/5/3 4407/5/3
f 4409/5/3 4402/5/3 4408/5/3
f 4410/5/3 4405/5/3 4399/5/3
f 4411/5/3 4405/5/3 4410/5/3
f 4412/5/3 4407/5/3 4406/5/3
f 4413/5/3 4407/5/3 4412/5/3
f 4416/5/3 4415/5/3 4414/5/3
f 4417/5/3 4415/5/3 4416/5/3
f 4419/5/3 4417/5/3 4416/5/3
f 4419/5/3 4418/5/3 4417/5/3
f 4420/5/3 4418/5/3 4419/5/3
f 4423/2/3 4422/2/3 4421/2/3
f 4424/2/3 4422/2/3 4423/2/3
f 4425/2/3 4422/2/3 4424/2/3
f 4428/2/3 4425/2/3 4424/2/3
f 4429/2/3 4425/2/3 4428/2/3
f 4430/2/3 4427/2/3 4426/2/3
f 4431/2/3 4427/2/3 4430/2/3
f 4434/3/3 4433/3/3 4432/3/3
f 4435/3/3 4433/3/3 4434/3/3
f 4439/5/3 4437/5/3 4436/5/3
f 4440/5/3 4439/5/3 4438/5/3
f 4441/5/3 4437/5/3 4439/5/3
f 4441/5/3 4439/5/3 4440/5/3
f 4446/5/3 4443/5/3 4442/5/3
f 4447/5/3 4443/5/3 4446/5/3
f 4448/5/3 4445/5/3 4444/5/3
f 4449/5/3 4445/5/3 4448/5/3
f 4453/5/3 4451/5/3 4450/5/3
f 4454/5/3 4451/5/3 4453/5/3
f 4455/5/3 4451/5/3 4454/5/3
f 4456/5/3 4453/5/3 4452/5/3
f 4457/5/3 4456/5/3 4452/5/3
f 4458/5/3 4456/5/3 4457/5/3
f 4463/5/3 4460/5/3 4459/5/3
f 4464/5/3 4462/5/3 4461/5/3
f 4465/5/3 4462/5/3 4464/5/3
f 4466/5/3 4462/5/3 4465/5/3
f 4468/5/3 4463/5/3 4459/5/3
f 4468/5/3 4464/5/3 4463/5/3
f 4468/5/3 4465/5/3 4464/5/3
f 4469/5/3 4465/5/3 4468/5/3
f 4470/5/3 4465/5/3 4469/5/3
f 4471/5/3 4465/5/3 4470/5/3
f 4472/5/3 4468/5/3 4467/5/3
f 4473/5/3 4468/5/3 4472/5/3
f 4474/5/3 4470/5/3 4469/5/3
f 4475/5/3 4470/5/3 4474/5/3
f 4479/5/3 4474/5/3 4473/5/3
f 4480/5/3 4474/5/3 4479/5/3
f 4481/5/3 4477/5/3 4476/5/3
f 4482/5/3 4479/5/3 4478/5/3
f 4483/5/3 4479/5/3 4482/5/3
f 4487/5/3 4481/5/3 4476/5/3
f 4487/5/3 4482/5/3 4481/5/3
f 4488/5/3 4482/5/3 4487/5/3
f 4490/5/3 4485/5/3 4484/5/3
f 4491/5/3 4485/5/3 4490/5/3
f 4492/5/3 4487/5/3 4486/5/3
f 4493/5/3 4487/5/3 4492/5/3
f 4494/5/3 4490/5/3 4489/5/3
f 4495/5/3 4490/5/3 4494/5/3
f 4498/2/3 4497/2/3 4496/2/3
f 4499/2/3 4497/2/3 4498/2/3
f 4502/2/3 4501/2/3 4500/2/3
f 4503/2/3 4501/2/3 4502/2/3
f 4507/5/3 4505/5/3 4504/5/3
f 4508/5/3 4505/5/3 4507/5/3
f 4510/5/3 4507/5/3 4506/5/3
f 4511/5/3 4505/5/3 4508/5/3
f 4512/5/3 4505/5/3 4511/5/3
f 4514/5/3 4510/5/3 4509/5/3
f 4515/5/3 4507/5/3 4510/5/3
f 4515/5/3 4510/5/3 4514/5/3
f 4516/5/3 4507/5/3 4515/5/3
f 4518/5/3 4514/5/3 4513/5/3
f 4518/5/3 4515/5/3 4514/5/3
f 4519/5/3 4515/5/3 4518/5/3
f 4520/5/3 4517/5/3 4516/5/3
f 4521/5/3 4517/5/3 4520/5/3
f 4524/5/3 4518/5/3 4513/5/3
f 4525/5/3 4518/5/3 4524/5/3
f 4526/5/3 4520/5/3 4519/5/3
f 4527/5/3 4520/5/3 4526/5/3
f 4528/5/3 4523/5/3 4522/5/3
f 4529/5/3 4523/5/3 4528/5/3
f 4535/5/3 4531/5/3 4530/5/3
f 4535/5/3 4532/5/3 4531/5/3
f 4536/5/3 4532/5/3 4535/5/3
f 4537/5/3 4534/5/3 4533/5/3
f 4538/5/3 4534/5/3 4537/5/3
f 4540/5/3 4532/5/3 4536/5/3
f 4541/5/3 4532/5/3 4540/5/3
f 4545/5/3 4540/5/3 4539/5/3
f 4546/5/3 4543/5/3 4542/5/3
f 4547/5/3 4543/5/3 4546/5/3
f 4549/5/3 4545/5/3 4544/5/3
f 4550/5/3 4540/5/3 4545/5/3
f 4550/5/3 4545/5/3 4549/5/3
f 4551/5/3 4548/5/3 4547/5/3
f 4552/5/3 4548/5/3 4551/5/3
f 4556/5/3 4554/5/3 4553/5/3
f 4557/5/3 4554/5/3 4556/5/3
f 4558/5/3 4556/5/3 4555/5/3
f 4558/5/3 4557/5/3 4556/5/3
f 4559/5/3 4557/5/3 4558/5/3
f 4562/5/3 4561/5/3 4560/5/3
f 4563/5/3 4561/5/3 4562/5/3
f 4567/5/3 4565/5/3 4564/5/3
f 4568/5/3 4565/5/3 4567/5/3
f 4569/5/3 4567/5/3 4566/5/3
f 4570/5/3 4567/5/3 4569/5/3
f 4573/5/3 4572/5/3 4571/5/3
f 4574/5/3 4572/5/3 4573/5/3
f 4580/5/3 4576/5/3 4575/5/3
f 4581/5/3 4576/5/3 4580/5/3
f 4582/5/3 4578/5/3 4577/5/3
f 4583/5/3 4578/5/3 4582/5/3
f 4584/5/3 4581/5/3 4580/5/3
f 4584/5/3 4580/5/3 4579/5/3
f 4585/5/3 4581/5/3 4584/5/3
f 4586/5/3 4584/5/3 4579/5/3
f 4587/5/3 4584/5/3 4586/5/3
f 4593/5/3 4589/5/3 4588/5/3
f 4594/5/3 4589/5/3 4593/5/3
f 4595/5/3 4591/5/3 4590/5/3
f 4596/5/3 4594/5/3 4593/5/3
f 4596/5/3 4593/5/3 4592/5/3
f 4597/5/3 4594/5/3 4596/5/3
f 4598/5/3 4591/5/3 4595/5/3
f 4599/5/3 4591/5/3 4598/5/3
f 4602/2/3 4601/2/3 4600/2/3
f 4603/2/3 4601/2/3 4602/2/3
f 4606/3/3 4605/3/3 4604/3/3
f 4607/3/3 4605/3/3 4606/3/3
f 4610/5/3 4609/5/3 4608/5/3
f 4611/5/3 4609/5/3 4610/5/3
f 4614/5/3 4613/5/3 4612/5/3
f 4615/5/3 4613/5/3 4614/5/3
f 4618/5/3 4617/5/3 4616/5/3
f 4619/5/3 4617/5/3 4618/5/3
f 4623/5/3 4621/5/3 4620/5/3
f 4624/5/3 4623/5/3 4622/5/3
f 4625/5/3 4621/5/3 4623/5/3
f 4625/5/3 4623/5/3 4624/5/3
f 4628/5/3 4621/5/3 4625/5/3
f 4629/5/3 4621/5/3 4628/5/3
f 4630/5/3 4627/5/3 4626/5/3
f 4631/5/3 4627/5/3 4630/5/3
f 4635/5/3 4633/5/3 4632/5/3
f 4636/3/3 4634/3/3 4633/3/3
f 4636/5/3 4633/5/3 4635/5/3
f 4637/3/3 4634/3/3 4636/3/3
f 4641/5/3 4639/5/3 4638/5/3
f 4642/5/3 4641/5/3 4640/5/3
f 4643/5/3 4639/5/3 4641/5/3
f 4643/5/3 4641/5/3 4642/5/3
f 4646/5/3 4645/5/3 4644/5/3
f 4647/5/3 4645/5/3 4646/5/3
f 4651/5/3 4649/5/3 4648/5/3
f 4652/5/3 4649/5/3 4651/5/3
f 4654/5/3 4651/5/3 4650/5/3
f 4655/5/3 4651/5/3 4654/5/3
f 4656/5/3 4654/5/3 4653/5/3
f 4657/5/3 4654/5/3 4656/5/3
f 4663/5/3 4661/5/3 4660/5/3
f 4664/5/3 4661/5/3 4663/5/3
f 4665/5/3 4661/5/3 4664/5/3
f 4666/5/3 4659/5/3 4658/5/3
f 4667/5/3 4659/5/3 4666/5/3
f 4669/5/3 4663/5/3 4662/5/3
f 4669/5/3 4664/5/3 4663/5/3
f 4670/5/3 4664/5/3 4669/5/3
f 4671/5/3 4664/5/3 4670/5/3
f 4672/5/3 4669/5/3 4668/5/3
f 4672/5/3 4670/5/3 4669/5/3
f 4673/5/3 4670/5/3 4672/5/3
f 4676/5/3 4675/5/3 4674/5/3
f 4677/5/3 4675/5/3 4676/5/3
f 4682/5/3 4679/5/3 4678/5/3
f 4683/5/3 4679/5/3 4682/5/3
f 4685/5/3 4681/5/3 4680/5/3
f 4686/5/3 4681/5/3 4685/5/3
f 4687/5/3 4684/5/3 4683/5/3
f 4688/5/3 4684/5/3 4687/5/3
f 4691/2/3 4690/2/3 4689/2/3
f 4692/2/3 4690/2/3 4691/2/3
f 4695/5/3 4694/5/3 4693/5/3
f 4696/5/3 4694/5/3 4695/5/3
f 4699/1/3 4698/1/3 4697/1/3
f 4700/1/3 4698/1/3 4699/1/3
f 4703/5/3 4702/5/3 4701/5/3
f 4704/5/3 4702/5/3 4703/5/3
f 4708/5/3 4706/5/3 4705/5/3
f 4709/5/3 4706/5/3 4708/5/3
f 4711/5/3 4708/5/3 4707/5/3
f 4712/5/3 4708/5/3 4711/5/3
f 4716/5/3 4711/5/3 4710/5/3
f 4717/5/3 4711/5/3 4716/5/3
f 4718/5/3 4714/5/3 4713/5/3
f 4719/5/3 4714/5/3 4718/5/3
f 4721/5/3 4716/5/3 4715/5/3
f 4722/5/3 4716/5/3 4721/5/3
f 4723/5/3 4720/5/3 4719/5/3
f 4724/5/3 4720/5/3 4723/5/3
f 4729/5/3 4726/5/3 4725/5/3
f 4730/5/3 4726/5/3 4729/5/3
f 4732/5/3 4728/5/3 4727/5/3
f 4733/5/3 4728/5/3 4732/5/3
f 4734/5/3 4732/5/3 4731/5/3
f 4735/5/3 4732/5/3 4734/5/3
f 4743/5/3 4737/5/3 4736/5/3
f 4744/5/3 4737/5/3 4743/5/3
f 4745/5/3 4739/5/3 4738/5/3
f 4746/5/3 4739/5/3 4745/5/3
f 4749/5/3 4741/5/3 4740/5/3
f 4750/5/3 4741/5/3 4749/5/3
f 4752/5/3 4743/5/3 4742/5/3
f 4753/5/3 4743/5/3 4752/5/3
f 4754/5/3 4743/5/3 4753/5/3
f 4756/2/3 4748/2/3 4747/2/3
f 4758/2/3 4752/2/3 4751/2/3
f 4759/2/3 4752/2/3 4758/2/3
f 4760/2/3 4755/2/3 4754/2/3
f 4760/2/3 4754/2/3 4753/2/3
f 4761/2/3 4755/2/3 4760/2/3
f 4762/2/3 4757/2/3 4756/2/3
f 4762/2/3 4756/2/3 4747/2/3
f 4763/2/3 4757/2/3 4762/2/3
f 4766/2/3 4765/2/3 4764/2/3
f 4769/2/3 4765/2/3 4766/2/3
f 4770/2/3 4765/2/3 4769/2/3
f 4771/2/3 4768/2/3 4767/2/3
f 4772/2/3 4768/2/3 4771/2/3
f 4775/1/3 4774/1/3 4773/1/3
f 4776/1/3 4774/1/3 4775/1/3
f 4781/5/3 4778/5/3 4777/5/3
f 4782/5/3 4778/5/3 4781/5/3
f 4783/5/3 4780/5/3 4779/5/3
f 4784/5/3 4780/5/3 4783/5/3
f 4787/5/3 4786/5/3 4785/5/3
f 4788/5/3 4786/5/3 4787/5/3
f 4791/5/3 4790/5/3 4789/5/3
f 4792/5/3 4790/5/3 4791/5/3
f 4795/5/3 4794/5/3 4793/5/3
f 4798/5/3 4795/5/3 4793/5/3
f 4798/5/3 4796/5/3 4795/5/3
f 4799/5/3 4796/5/3 4798/5/3
f 4800/5/3 4798/5/3 4797/5/3
f 4801/5/3 4798/5/3 4800/5/3
f 4804/5/3 4803/5/3 4802/5/3
f 4805/5/3 4803/5/3 4804/5/3
f 4808/2/3 4807/2/3 4806/2/3
f 4809/2/3 4807/2/3 4808/2/3
f 4812/2/3 4811/2/3 4810/2/3
f 4813/2/3 4811/2/3 4812/2/3
f 4816/3/3 4815/3/3 4814/3/3
f 4817/3/3 4815/3/3 4816/3/3
f 4820/5/3 4819/5/3 4818/5/3
f 4821/5/3 4819/5/3 4820/5/3
f 4824/5/3 4823/5/3 4822/5/3
f 4825/5/3 4823/5/3 4824/5/3
f 4828/5/3 4827/5/3 4826/5/3
f 4829/5/3 4827/5/3 4828/5/3
f 4834/5/3 4831/5/3 4830/5/3
f 4835/5/3 4831/5/3 4834/5/3
f 4836/5/3 4833/5/3 4832/5/3
f 4837/5/3 4833/5/3 4836/5/3
f 4839/5/3 4838/5/3 4837/5/3
f 4840/5/3 4838/5/3 4839/5/3
f 4843/2/3 4842/2/3 4841/2/3
f 4844/2/3 4842/2/3 4843/2/3
f 4847/2/3 4846/2/3 4845/2/3
f 4848/2/3 4846/2/3 4847/2/3
f 4851/5/3 4850/5/3 4849/5/3
f 4852/5/3 4850/5/3 4851/5/3
f 4854/5/3 4853/5/3 4852/5/3
f 4855/5/3 4853/5/3 4854/5/3
f 4858/5/3 4857/5/3 4856/5/3
f 4859/5/3 4857/5/3 4858/5/3
f 4863/5/3 4861/5/3 4860/5/3
f 4864/5/3 4861/5/3 4863/5/3
f 4867/5/3 4863/5/3 4862/5/3
f 4868/5/3 4863/5/3 4867/5/3
f 4869/5/3 4866/5/3 4865/5/3
f 4870/5/3 4866/5/3 4869/5/3
f 4874/5/3 4872/5/3 4871/5/3
f 4875/5/3 4872/5/3 4874/5/3
f 4878/5/3 4874/5/3 4873/5/3
f 4879/5/3 4874/5/3 4878/5/3
f 4881/5/3 4877/5/3 4876/5/3
f 4882/5/3 4877/5/3 4881/5/3
f 4883/5/3 4881/5/3 4880/5/3
f 4884/5/3 4881/5/3 4883/5/3
f 4887/2/3 4886/2/3 4885/2/3
f 4888/2/3 4886/2/3 4887/2/3
f 4891/1/3 4890/1/3 4889/1/3
f 4892/1/3 4890/1/3 4891/1/3
f 4898/3/3 4894/3/3 4893/3/3
f 4899/3/3 4894/3/3 4898/3/3
f 4900/5/3 4896/5/3 4895/5/3
f 4901/5/3 4896/5/3 4900/5/3
f 4902/5/3 4898/5/3 4897/5/3
f 4903/5/3 4898/5/3 4902/5/3
f 4908/5/3 4905/5/3 4904/5/3
f 4909/2/3 4906/2/3 4905/2/3
f 4909/5/3 4905/5/3 4908/5/3
f 4910/2/3 4906/2/3 4909/2/3
f 4911/5/3 4908/5/3 4907/5/3
f 4912/5/3 4908/5/3 4911/5/3
f 4915/5/3 4914/5/3 4913/5/3
f 4916/5/3 4914/5/3 4915/5/3
f 4919/5/3 4918/5/3 4917/5/3
f 4920/5/3 4918/5/3 4919/5/3
f 4923/2/3 4922/2/3 4921/2/3
f 4924/2/3 4922/2/3 4923/2/3
f 4927/1/3 4926/1/3 4925/1/3
f 4928/1/3 4926/1/3 4927/1/3
f 4931/2/3 4930/2/3 4929/2/3
f 4932/2/3 4930/2/3 4931/2/3
f 4936/2/3 4934/2/3 4933/2/3
f 4936/2/3 4935/2/3 4934/2/3
f 4937/2/3 4935/2/3 4936/2/3
f 4940/2/3 4939/2/3 4938/2/3
f 4941/2/3 4939/2/3 4940/2/3
f 4944/5/3 4943/5/3 4942/5/3
f 4945/5/3 4943/5/3 4944/5/3
f 4949/2/3 4947/2/3 4946/2/3
f 4950/2/3 4947/2/3 4949/2/3
f 4951/2/3 4949/2/3 4948/2/3
f 4952/2/3 4949/2/3 4951/2/3
f 4955/1/3 4954/1/3 4953/1/3
f 4956/1/3 4954/1/3 4955/1/3
f 4957/1/3 4954/1/3 4956/1/3
f 4960/1/3 4959/1/3 4958/1/3
f 4961/1/3 4959/1/3 4960/1/3
f 4964/3/3 4963/3/3 4962/3/3
f 4965/3/3 4963/3/3 4964/3/3
f 4969/3/3 4967/3/3 4966/3/3
f 4970/3/3 4967/3/3 4969/3/3
f 4971/3/3 4969/3/3 4968/3/3
f 4972/3/3 4969/3/3 4971/3/3
f 4975/3/3 4974/3/3 4973/3/3
f 4976/3/3 4974/3/3 4975/3/3
f 4977/3/3 4974/3/3 4976/3/3
f 4978/3/4 4979/3/4 4981/3/4
f 4979/3/4 4980/3/4 4981/3/4
f 4981/3/4 4980/3/4 4982/3/4
f 4983/3/4 4984/3/4 4985/3/4
f 4985/3/4 4984/3/4 4986/3/4
f 4987/3/4 4988/3/4 4990/3/4
f 4988/3/4 4989/3/4 4990/3/4
f 4990/3/4 4989/3/4 4991/3/4
f 4992/3/4 4993/3/4 4994/3/4
f 4994/3/4 4993/3/4 4995/3/4
f 4996/1/4 4997/1/4 4998/1/4
f 4998/1/4 4997/1/4 4999/1/4
f 5000/2/4 5001/2/4 5003/2/4
f 5001/2/4 5002/2/4 5003/2/4
f 5003/2/4 5002/2/4 5004/2/4
f 5005/2/4 5006/2/4 5007/2/4
f 5007/2/4 5006/2/4 5008/2/4
f 5009/2/4 5010/2/4 5015/2/4
f 5015/2/4 5010/2/4 5016/2/4
f 5011/5/4 5012/5/4 5017/5/4
f 5017/5/4 5012/5/4 5018/5/4
f 5013/5/4 5014/5/4 5019/5/4
f 5019/5/4 5014/5/4 5020/5/4
f 5021/2/4 5022/2/4 5025/2/4
f 5025/2/4 5022/2/4 5026/2/4
f 5023/2/4 5024/2/4 5027/2/4
f 5027/2/4 5024/2/4 5028/2/4
f 5029/2/4 5030/2/4 5031/2/4
f 5031/2/4 5030/2/4 5032/2/4
f 5033/3/4 5034/3/4 5035/3/4
f 5035/3/4 5034/3/4 5036/3/4
f 5037/1/4 5038/1/4 5039/1/4
f 5039/1/4 5038/1/4 5040/1/4
f 5041/5/4 5042/5/4 5043/5/4
f 5043/5/4 5042/5/4 5044/5/4
f 5045/5/4 5046/5/4 5048/5/4
f 5048/5/4 5046/5/4 5049/5/4
f 5047/5/4 5048/5/4 5049/5/4
f 5049/5/4 5046/5/4 5050/5/4
f 5047/5/4 5049/5/4 5052/5/4
f 5052/5/4 5049/5/4 5053/5/4
f 5051/5/4 5052/5/4 5054/5/4
f 5054/5/4 5052/5/4 5055/5/4
f 5056/5/4 5057/5/4 5059/5/4
f 5059/5/4 5057/5/4 5060/5/4
f 5058/5/4 5059/5/4 5061/5/4
f 5061/5/4 5059/5/4 5062/5/4
f 5063/5/4 5064/5/4 5065/5/4
f 5065/5/4 5064/5/4 5066/5/4
f 5067/2/4 5068/2/4 5069/2/4
f 5069/2/4 5068/2/4 5070/2/4
f 5071/1/4 5072/1/4 5073/1/4
f 5073/1/4 5072/1/4 5074/1/4
f 5073/3/4 5074/3/4 5076/3/4
f 5075/3/4 5076/3/4 5077/3/4
f 5076/3/4 5074/3/4 5078/3/4
f 5077/3/4 5076/3/4 5078/3/4
f 5079/2/4 5080/2/4 5081/2/4
f 5081/2/4 5080/2/4 5082/2/4
f 5082/2/4 5080/2/4 5083/2/4
f 5084/5/4 5085/5/4 5086/5/4
f 5086/5/4 5085/5/4 5087/5/4
f 5088/5/4 5089/5/4 5091/5/4
f 5091/5/4 5089/5/4 5092/5/4
f 5090/5/4 5091/5/4 5093/5/4
f 5093/5/4 5091/5/4 5094/5/4
f 5095/5/4 5096/5/4 5100/5/4
f 5100/5/4 5096/5/4 5101/5/4
f 5097/5/4 5098/5/4 5102/5/4
f 5102/5/4 5098/5/4 5103/5/4
f 5103/5/4 5098/5/4 5104/5/4
f 5100/5/4 5101/5/4 5106/5/4
f 5099/5/4 5100/5/4 5106/5/4
f 5102/5/4 5103/5/4 5106/5/4
f 5101/5/4 5102/5/4 5106/5/4
f 5106/5/4 5103/5/4 5107/5/4
f 5105/5/4 5106/5/4 5108/5/4
f 5108/5/4 5106/5/4 5109/5/4
f 5110/2/4 5111/2/4 5112/2/4
f 5112/2/4 5111/2/4 5113/2/4
f 5114/2/4 5115/2/4 5116/2/4
f 5116/2/4 5115/2/4 5117/2/4
f 5118/3/4 5119/3/4 5120/3/4
f 5120/3/4 5119/3/4 5121/3/4
f 5122/5/4 5123/5/4 5124/5/4
f 5124/5/4 5123/5/4 5125/5/4
f 5126/5/4 5127/5/4 5128/5/4
f 5128/5/4 5127/5/4 5129/5/4
f 5130/5/4 5131/5/4 5132/5/4
f 5132/5/4 5131/5/4 5133/5/4
f 5134/5/4 5135/5/4 5136/5/4
f 5136/5/4 5135/5/4 5137/5/4
f 5138/5/4 5139/5/4 5141/5/4
f 5141/5/4 5139/5/4 5142/5/4
f 5140/5/4 5141/5/4 5146/5/4
f 5143/5/4 5144/5/4 5150/5/4
f 5150/5/4 5144/5/4 5151/5/4
f 5151/5/4 5144/5/4 5152/5/4
f 5145/5/4 5146/5/4 5153/5/4
f 5146/5/4 5141/5/4 5154/5/4
f 5153/5/4 5146/5/4 5154/5/4
f 5147/5/4 5148/5/4 5156/5/4
f 5156/5/4 5148/5/4 5157/5/4
f 5150/5/4 5151/5/4 5158/5/4
f 5149/5/4 5150/5/4 5158/5/4
f 5158/5/4 5151/5/4 5159/5/4
f 5156/5/4 5157/5/4 5160/5/4
f 5155/5/4 5156/5/4 5160/5/4
f 5157/5/4 5158/5/4 5160/5/4
f 5160/5/4 5158/5/4 5161/5/4
f 5161/5/4 5158/5/4 5162/5/4
f 5162/5/4 5158/5/4 5163/5/4
f 5161/5/4 5162/5/4 5164/5/4
f 5164/5/4 5162/5/4 5165/5/4
f 5166/5/4 5167/5/4 5170/5/4
f 5170/5/4 5167/5/4 5171/5/4
f 5168/5/4 5169/5/4 5172/5/4
f 5172/5/4 5169/5/4 5173/5/4
f 5172/2/4 5173/2/4 5176/2/4
f 5176/2/4 5173/2/4 5177/2/4
f 5174/2/4 5175/2/4 5178/2/4
f 5178/2/4 5175/2/4 5179/2/4
f 5180/2/4 5181/2/4 5182/2/4
f 5182/2/4 5181/2/4 5183/2/4
f 5184/1/4 5185/1/4 5186/1/4
f 5186/1/4 5185/1/4 5187/1/4
f 5188/5/4 5189/5/4 5193/5/4
f 5193/5/4 5189/5/4 5194/5/4
f 5190/5/4 5191/5/4 5195/5/4
f 5192/5/4 5193/5/4 5196/5/4
f 5193/3/4 5194/3/4 5197/3/4
f 5196/5/4 5193/5/4 5197/5/4
f 5197/3/4 5194/3/4 5198/3/4
f 5190/5/4 5195/5/4 5200/5/4
f 5199/5/4 5200/5/4 5201/5/4
f 5200/5/4 5195/5/4 5202/5/4
f 5201/5/4 5200/5/4 5202/5/4
f 5202/5/4 5195/5/4 5203/5/4
f 5204/5/4 5205/5/4 5207/5/4
f 5205/5/4 5206/5/4 5207/5/4
f 5207/5/4 5206/5/4 5208/5/4
f 5209/5/4 5210/5/4 5212/5/4
f 5212/5/4 5210/5/4 5213/5/4
f 5211/5/4 5212/5/4 5215/5/4
f 5215/5/4 5212/5/4 5216/5/4
f 5214/5/4 5215/5/4 5217/5/4
f 5217/5/4 5215/5/4 5218/5/4
f 5219/5/4 5220/5/4 5223/5/4
f 5220/5/4 5221/5/4 5223/5/4
f 5223/5/4 5221/5/4 5224/5/4
f 5222/5/4 5223/5/4 5225/5/4
f 5225/5/4 5223/5/4 5226/5/4
f 5229/5/4 5230/5/4 5232/5/4
f 5232/5/4 5230/5/4 5233/5/4
f 5227/5/4 5228/5/4 5235/5/4
f 5235/5/4 5228/5/4 5236/5/4
f 5233/5/4 5234/5/4 5238/5/4
f 5231/5/4 5232/5/4 5238/5/4
f 5232/5/4 5233/5/4 5238/5/4
f 5238/5/4 5234/5/4 5239/5/4
f 5239/5/4 5234/5/4 5240/5/4
f 5237/5/4 5238/5/4 5242/5/4
f 5238/5/4 5239/5/4 5242/5/4
f 5242/5/4 5239/5/4 5243/5/4
f 5243/5/4 5239/5/4 5244/5/4
f 5244/5/4 5239/5/4 5245/5/4
f 5240/5/4 5241/5/4 5246/5/4
f 5246/5/4 5241/5/4 5247/5/4
f 5243/5/4 5244/5/4 5248/5/4
f 5248/5/4 5244/5/4 5249/5/4
f 5250/5/4 5251/5/4 5252/5/4
f 5252/5/4 5251/5/4 5253/5/4
f 5254/2/4 5255/2/4 5256/2/4
f 5256/2/4 5255/2/4 5257/2/4
f 5258/2/4 5259/2/4 5260/2/4
f 5260/2/4 5259/2/4 5261/2/4
f 5262/5/4 5263/5/4 5264/5/4
f 5264/5/4 5263/5/4 5265/5/4
f 5266/3/4 5267/3/4 5268/3/4
f 5268/3/4 5267/3/4 5269/3/4
f 5270/5/4 5271/5/4 5272/5/4
f 5272/5/4 5271/5/4 5273/5/4
f 5274/5/4 5275/5/4 5276/5/4
f 5276/5/4 5275/5/4 5277/5/4
f 5278/5/4 5279/5/4 5280/5/4
f 5280/5/4 5279/5/4 5281/5/4
f 5282/5/4 5283/5/4 5284/5/4
f 5282/5/4 5284/5/4 5286/5/4
f 5284/5/4 5285/5/4 5286/5/4
f 5286/5/4 5285/5/4 5287/5/4
f 5287/5/4 5285/5/4 5288/5/4
f 5288/5/4 5289/5/4 5290/5/4
f 5287/5/4 5288/5/4 5290/5/4
f 5290/5/4 5289/5/4 5291/5/4
f 5292/5/4 5293/5/4 5294/5/4
f 5294/5/4 5293/5/4 5295/5/4
f 5296/5/4 5297/5/4 5298/5/4
f 5298/5/4 5297/5/4 5299/5/4
f 5300/5/4 5301/5/4 5302/5/4
f 5302/5/4 5301/5/4 5303/5/4
f 5304/2/4 5305/2/4 5306/2/4
f 5306/2/4 5305/2/4 5307/2/4
f 5308/1/4 5309/1/4 5310/1/4
f 5310/1/4 5309/1/4 5311/1/4
f 5312/3/4 5313/3/4 5314/3/4
f 5314/3/4 5313/3/4 5315/3/4
f 5316/5/4 5317/5/4 5318/5/4
f 5318/5/4 5317/5/4 5319/5/4
f 5320/5/4 5321/5/4 5322/5/4
f 5322/5/4 5321/5/4 5323/5/4
f 5324/5/4 5325/5/4 5326/5/4
f 5326/5/4 5325/5/4 5327/5/4
f 5328/5/4 5329/5/4 5335/5/4
f 5330/5/4 5331/5/4 5338/5/4
f 5338/5/4 5331/5/4 5339/5/4
f 5332/5/4 5333/5/4 5340/5/4
f 5340/5/4 5333/5/4 5341/5/4
f 5334/5/4 5335/5/4 5342/5/4
f 5335/5/4 5329/5/4 5343/5/4
f 5342/5/4 5335/5/4 5343/5/4
f 5336/5/4 5337/5/4 5344/5/4
f 5344/5/4 5337/5/4 5345/5/4
f 5346/1/4 5347/1/4 5348/1/4
f 5348/1/4 5347/1/4 5349/1/4
f 5350/5/4 5351/5/4 5353/5/4
f 5352/5/4 5353/5/4 5354/5/4
f 5353/5/4 5351/5/4 5355/5/4
f 5354/5/4 5353/5/4 5355/5/4
f 5356/5/4 5357/5/4 5358/5/4
f 5358/5/4 5357/5/4 5359/5/4
f 5360/5/4 5361/5/4 5363/5/4
f 5363/5/4 5361/5/4 5364/5/4
f 5362/5/4 5363/5/4 5365/5/4
f 5365/5/4 5363/5/4 5366/5/4
f 5362/5/4 5365/5/4 5368/5/4
f 5368/5/4 5365/5/4 5369/5/4
f 5367/5/4 5368/5/4 5371/5/4
f 5371/5/4 5368/5/4 5372/5/4
f 5370/5/4 5371/5/4 5373/5/4
f 5373/5/4 5371/5/4 5374/5/4
f 5375/5/4 5376/5/4 5379/5/4
f 5379/5/4 5376/5/4 5380/5/4
f 5377/5/4 5378/5/4 5381/5/4
f 5381/5/4 5378/5/4 5382/5/4
f 5382/5/4 5383/5/4 5384/5/4
f 5381/5/4 5382/5/4 5384/5/4
f 5380/5/4 5381/5/4 5384/5/4
f 5384/5/4 5383/5/4 5385/5/4
f 5380/5/4 5384/5/4 5386/5/4
f 5386/5/4 5384/5/4 5387/5/4
f 5388/2/4 5389/2/4 5392/2/4
f 5390/2/4 5391/2/4 5394/2/4
f 5394/2/4 5391/2/4 5395/2/4
f 5392/2/4 5393/2/4 5396/2/4
f 5388/2/4 5392/2/4 5396/2/4
f 5396/2/4 5393/2/4 5397/2/4
f 5398/2/4 5399/2/4 5402/2/4
f 5402/2/4 5399/2/4 5403/2/4
f 5400/2/4 5401/2/4 5404/2/4
f 5404/2/4 5401/2/4 5405/2/4
f 5406/5/4 5407/5/4 5408/5/4
f 5408/5/4 5407/5/4 5409/5/4
f 5410/5/4 5411/5/4 5412/5/4
f 5412/5/4 5411/5/4 5413/5/4
f 5414/5/4 5415/5/4 5416/5/4
f 5416/5/4 5415/5/4 5417/5/4
f 5418/5/4 5419/5/4 5422/5/4
f 5422/5/4 5419/5/4 5423/5/4
f 5420/5/4 5421/5/4 5424/5/4
f 5424/5/4 5421/5/4 5425/5/4
f 5426/5/4 5427/5/4 5429/5/4
f 5429/5/4 5427/5/4 5430/5/4
f 5428/5/4 5429/5/4 5432/5/4
f 5432/5/4 5429/5/4 5433/5/4
f 5431/5/4 5432/5/4 5435/5/4
f 5435/5/4 5432/5/4 5436/5/4
f 5434/5/4 5435/5/4 5438/5/4
f 5438/5/4 5435/5/4 5439/5/4
f 5437/5/4 5438/5/4 5441/5/4
f 5441/5/4 5438/5/4 5442/5/4
f 5440/5/4 5441/5/4 5444/5/4
f 5444/5/4 5441/5/4 5445/5/4
f 5443/5/4 5444/5/4 5446/5/4
f 5446/5/4 5444/5/4 5447/5/4
f 5448/5/4 5449/5/4 5450/5/4
f 5450/5/4 5449/5/4 5451/5/4
f 5452/5/4 5453/5/4 5455/5/4
f 5455/5/4 5453/5/4 5456/5/4
f 5454/2/4 5455/2/4 5457/2/4
f 5457/2/4 5455/2/4 5458/2/4
f 5459/3/4 5460/3/4 5463/3/4
f 5461/5/4 5462/5/4 5464/5/4
f 5464/5/4 5462/5/4 5465/5/4
f 5463/3/4 5460/3/4 5466/3/4
f 5466/3/4 5460/3/4 5467/3/4
f 5468/5/4 5469/5/4 5472/5/4
f 5472/5/4 5469/5/4 5473/5/4
f 5470/5/4 5471/5/4 5475/5/4
f 5475/5/4 5471/5/4 5476/5/4
f 5474/5/4 5475/5/4 5477/5/4
f 5477/5/4 5475/5/4 5478/5/4
f 5479/5/4 5480/5/4 5481/5/4
f 5481/5/4 5480/5/4 5482/5/4
f 5483/5/4 5484/5/4 5488/5/4
f 5488/5/4 5484/5/4 5489/5/4
f 5485/5/4 5486/5/4 5490/5/4
f 5490/5/4 5486/5/4 5491/5/4
f 5491/5/4 5486/5/4 5492/5/4
f 5492/5/4 5486/5/4 5493/5/4
f 5487/5/4 5488/5/4 5494/5/4
f 5494/5/4 5488/5/4 5495/5/4
f 5491/5/4 5492/5/4 5496/5/4
f 5496/5/4 5492/5/4 5497/5/4
f 5498/5/4 5499/5/4 5500/5/4
f 5500/5/4 5499/5/4 5501/5/4
f 5502/5/4 5503/5/4 5505/5/4
f 5505/5/4 5503/5/4 5506/5/4
f 5504/5/4 5505/5/4 5509/5/4
f 5509/5/4 5505/5/4 5510/5/4
f 5507/5/4 5508/5/4 5512/5/4
f 5512/5/4 5508/5/4 5513/5/4
f 5511/5/4 5512/5/4 5515/5/4
f 5515/5/4 5512/5/4 5516/5/4
f 5514/5/4 5515/5/4 5517/5/4
f 5517/5/4 5515/5/4 5518/5/4
f 5519/5/4 5520/5/4 5521/5/4
f 5521/5/4 5520/5/4 5522/5/4
f 5523/5/4 5524/5/4 5526/5/4
f 5526/5/4 5524/5/4 5527/5/4
f 5525/5/4 5526/5/4 5529/5/4
f 5529/5/4 5526/5/4 5530/5/4
f 5528/5/4 5529/5/4 5534/5/4
f 5534/5/4 5529/5/4 5535/5/4
f 5531/5/4 5532/5/4 5536/5/4
f 5536/5/4 5532/5/4 5537/5/4
f 5533/5/4 5534/5/4 5538/5/4
f 5538/5/4 5534/5/4 5539/5/4
f 5540/5/4 5541/5/4 5542/5/4
f 5542/5/4 5541/5/4 5543/5/4
f 5544/2/4 5545/2/4 5547/2/4
f 5547/2/4 5545/2/4 5548/2/4
f 5549/2/4 5550/2/4 5551/2/4
f 5551/2/4 5550/2/4 5552/2/4
f 5546/2/4 5547/2/4 5553/2/4
f 5553/2/4 5547/2/4 5554/2/4
f 5554/2/4 5547/2/4 5555/2/4
f 5556/3/4 5557/3/4 5559/3/4
f 5559/3/4 5557/3/4 5560/3/4
f 5558/5/4 5559/5/4 5561/5/4
f 5561/5/4 5559/5/4 5562/5/4
f 5563/5/4 5564/5/4 5567/5/4
f 5564/2/4 5565/2/4 5568/2/4
f 5567/5/4 5564/5/4 5568/5/4
f 5568/2/4 5565/2/4 5569/2/4
f 5566/5/4 5567/5/4 5570/5/4
f 5570/5/4 5567/5/4 5571/5/4
f 5572/5/4 5573/5/4 5575/5/4
f 5575/5/4 5573/5/4 5576/5/4
f 5574/5/4 5575/5/4 5577/5/4
f 5577/5/4 5575/5/4 5578/5/4
f 5579/5/4 5580/5/4 5583/5/4
f 5583/5/4 5580/5/4 5584/5/4
f 5581/5/4 5582/5/4 5588/5/4
f 5588/5/4 5582/5/4 5589/5/4
f 5585/5/4 5586/5/4 5591/5/4
f 5591/5/4 5586/5/4 5592/5/4
f 5587/5/4 5588/5/4 5593/5/4
f 5593/5/4 5588/5/4 5594/5/4
f 5590/5/4 5591/5/4 5596/5/4
f 5596/5/4 5591/5/4 5597/5/4
f 5595/5/4 5596/5/4 5598/5/4
f 5598/5/4 5596/5/4 5599/5/4
f 5600/2/4 5601/2/4 5602/2/4
f 5602/2/4 5601/2/4 5603/2/4
f 5604/2/4 5605/2/4 5608/2/4
f 5606/2/4 5607/2/4 5612/2/4
f 5610/2/4 5611/2/4 5613/2/4
f 5613/2/4 5611/2/4 5614/2/4
f 5612/2/4 5607/2/4 5618/2/4
f 5610/2/4 5613/2/4 5620/2/4
f 5615/2/4 5616/2/4 5622/2/4
f 5622/2/4 5616/2/4 5623/2/4
f 5621/2/4 5622/2/4 5623/2/4
f 5623/2/4 5616/2/4 5624/2/4
f 5619/2/4 5620/2/4 5625/2/4
f 5620/2/4 5613/2/4 5625/2/4
f 5625/2/4 5613/2/4 5626/2/4
f 5621/2/4 5623/2/4 5628/2/4
f 5627/2/4 5628/2/4 5629/2/4
f 5628/2/4 5623/2/4 5629/2/4
f 5629/2/4 5623/2/4 5630/2/4
f 5617/2/4 5618/2/4 5633/2/4
f 5618/2/4 5607/2/4 5633/2/4
f 5627/2/4 5629/2/4 5636/2/4
f 5631/2/4 5632/2/4 5638/2/4
f 5638/2/4 5632/2/4 5639/2/4
f 5608/2/4 5609/2/4 5640/2/4
f 5635/2/4 5636/2/4 5643/2/4
f 5636/2/4 5629/2/4 5644/2/4
f 5643/2/4 5636/2/4 5644/2/4
f 5644/2/4 5629/2/4 5645/2/4
f 5637/2/4 5638/2/4 5647/2/4
f 5638/2/4 5639/2/4 5647/2/4
f 5647/2/4 5639/2/4 5648/2/4
f 5648/2/4 5639/2/4 5649/2/4
f 5619/2/4 5625/2/4 5651/2/4
f 5651/2/4 5625/2/4 5652/2/4
f 5652/2/4 5625/2/4 5653/2/4
f 5642/2/4 5643/2/4 5654/2/4
f 5643/2/4 5644/2/4 5654/2/4
f 5654/2/4 5644/2/4 5655/2/4
f 5647/2/4 5648/2/4 5657/2/4
f 5646/2/4 5647/2/4 5657/2/4
f 5657/2/4 5648/2/4 5658/2/4
f 5658/2/4 5648/2/4 5659/2/4
f 5633/2/4 5634/2/4 5660/2/4
f 5617/2/4 5633/2/4 5660/2/4
f 5657/2/4 5658/2/4 5662/2/4
f 5656/2/4 5657/2/4 5662/2/4
f 5662/2/4 5658/2/4 5663/2/4
f 5663/2/4 5658/2/4 5664/2/4
f 5651/2/4 5652/2/4 5665/2/4
f 5650/2/4 5651/2/4 5665/2/4
f 5642/2/4 5654/2/4 5667/2/4
f 5667/2/4 5654/2/4 5668/2/4
f 5662/2/4 5663/2/4 5670/2/4
f 5661/2/4 5662/2/4 5670/2/4
f 5640/2/4 5641/2/4 5673/2/4
f 5665/2/4 5652/2/4 5674/2/4
f 5669/2/4 5670/2/4 5675/2/4
f 5670/2/4 5663/2/4 5675/2/4
f 5675/2/4 5663/2/4 5676/2/4
f 5671/2/4 5672/2/4 5678/2/4
f 5678/2/4 5672/2/4 5679/2/4
f 5604/2/4 5608/2/4 5680/2/4
f 5608/2/4 5640/2/4 5680/2/4
f 5640/2/4 5673/2/4 5680/2/4
f 5680/2/4 5673/2/4 5681/2/4
f 5660/2/4 5634/2/4 5682/2/4
f 5682/2/4 5634/2/4 5683/2/4
f 5665/2/4 5674/2/4 5684/2/4
f 5684/2/4 5674/2/4 5685/2/4
f 5666/2/4 5667/2/4 5687/2/4
f 5687/2/4 5667/2/4 5688/2/4
f 5669/2/4 5675/2/4 5690/2/4
f 5690/2/4 5675/2/4 5691/2/4
f 5691/2/4 5675/2/4 5692/2/4
f 5678/2/4 5679/2/4 5694/2/4
f 5677/2/4 5678/2/4 5694/2/4
f 5694/2/4 5679/2/4 5695/2/4
f 5695/2/4 5679/2/4 5696/2/4
f 5696/2/4 5679/2/4 5697/2/4
f 5665/2/4 5684/2/4 5698/2/4
f 5698/2/4 5684/2/4 5699/2/4
f 5690/2/4 5691/2/4 5701/2/4
f 5689/2/4 5690/2/4 5701/2/4
f 5701/2/4 5691/2/4 5702/2/4
f 5702/2/4 5691/2/4 5703/2/4
f 5694/2/4 5695/2/4 5705/2/4
f 5693/2/4 5694/2/4 5705/2/4
f 5705/2/4 5695/2/4 5706/2/4
f 5706/2/4 5695/2/4 5707/2/4
f 5686/2/4 5687/2/4 5708/2/4
f 5708/2/4 5687/2/4 5709/2/4
f 5701/2/4 5702/2/4 5710/2/4
f 5700/2/4 5701/2/4 5710/2/4
f 5710/2/4 5702/2/4 5711/2/4
f 5711/2/4 5702/2/4 5712/2/4
f 5705/2/4 5706/2/4 5714/2/4
f 5704/2/4 5705/2/4 5714/2/4
f 5714/2/4 5706/2/4 5715/2/4
f 5715/2/4 5706/2/4 5716/2/4
f 5710/2/4 5711/2/4 5717/2/4
f 5717/2/4 5711/2/4 5718/2/4
f 5714/2/4 5715/2/4 5719/2/4
f 5713/2/4 5714/2/4 5719/2/4
f 5719/2/4 5715/2/4 5720/2/4
f 5713/2/4 5719/2/4 5724/2/4
f 5724/2/4 5719/2/4 5725/2/4
f 5721/2/4 5722/2/4 5727/2/4
f 5723/2/4 5724/2/4 5729/2/4
f 5729/2/4 5724/2/4 5730/2/4
f 5726/2/4 5727/2/4 5732/2/4
f 5727/2/4 5722/2/4 5733/2/4
f 5732/2/4 5727/2/4 5733/2/4
f 5733/2/4 5722/2/4 5734/2/4
f 5734/2/4 5722/2/4 5735/2/4
f 5728/2/4 5729/2/4 5736/2/4
f 5736/2/4 5729/2/4 5737/2/4
f 5737/2/4 5729/2/4 5738/2/4
f 5731/2/4 5732/2/4 5740/2/4
f 5732/2/4 5733/2/4 5740/2/4
f 5740/2/4 5733/2/4 5741/2/4
f 5741/2/4 5733/2/4 5742/2/4
f 5740/2/4 5741/2/4 5744/2/4
f 5739/2/4 5740/2/4 5744/2/4
f 5744/2/4 5741/2/4 5745/2/4
f 5745/2/4 5741/2/4 5746/2/4
f 5743/2/4 5744/2/4 5748/2/4
f 5744/2/4 5745/2/4 5748/2/4
f 5748/2/4 5745/2/4 5749/2/4
f 5749/2/4 5745/2/4 5750/2/4
f 5747/2/4 5748/2/4 5751/2/4
f 5748/2/4 5749/2/4 5751/2/4
f 5751/2/4 5749/2/4 5752/2/4
f 5747/2/4 5751/2/4 5755/2/4
f 5755/2/4 5751/2/4 5756/2/4
f 5753/2/4 5754/2/4 5758/2/4
f 5757/2/4 5758/2/4 5760/2/4
f 5760/2/4 5758/2/4 5761/2/4
f 5758/2/4 5754/2/4 5762/2/4
f 5761/2/4 5758/2/4 5762/2/4
f 5760/2/4 5761/2/4 5764/2/4
f 5759/2/4 5760/2/4 5764/2/4
f 5764/2/4 5761/2/4 5765/2/4
f 5765/2/4 5761/2/4 5766/2/4
f 5763/2/4 5764/2/4 5767/2/4
f 5764/2/4 5765/2/4 5767/2/4
f 5767/2/4 5765/2/4 5768/2/4
f 5768/2/4 5765/2/4 5769/2/4
f 5769/2/4 5765/2/4 5770/2/4
f 5767/2/4 5768/2/4 5771/2/4
f 5771/2/4 5768/2/4 5772/2/4
f 5773/2/4 5774/2/4 5777/2/4
f 5777/2/4 5774/2/4 5778/2/4
f 5778/2/4 5774/2/4 5779/2/4
f 5775/2/4 5776/2/4 5781/2/4
f 5776/2/4 5777/2/4 5781/2/4
f 5777/2/4 5778/2/4 5781/2/4
f 5781/2/4 5778/2/4 5782/2/4
f 5782/2/4 5778/2/4 5783/2/4
f 5780/2/4 5781/2/4 5784/2/4
f 5781/2/4 5782/2/4 5784/2/4
f 5784/2/4 5782/2/4 5785/2/4
f 5785/2/4 5782/2/4 5786/2/4
f 5780/2/4 5784/2/4 5787/2/4
f 5787/2/4 5784/2/4 5788/2/4
f 5789/2/4 5790/2/4 5793/2/4
f 5791/2/4 5792/2/4 5794/2/4
f 5792/2/4 5793/2/4 5794/2/4
f 5794/2/4 5793/2/4 5795/2/4
f 5793/2/4 5790/2/4 5796/2/4
f 5795/2/4 5793/2/4 5796/2/4
f 5796/2/4 5790/2/4 5797/2/4
f 5797/2/4 5790/2/4 5798/2/4
f 5799/2/4 5800/2/4 5801/2/4
f 5799/2/4 5801/2/4 5804/2/4
f 5802/2/4 5803/2/4 5804/2/4
f 5801/2/4 5802/2/4 5804/2/4
f 5804/2/4 5803/2/4 5805/2/4
f 5805/2/4 5803/2/4 5806/2/4
f 5806/2/4 5807/2/4 5808/2/4
f 5805/2/4 5806/2/4 5808/2/4
f 5808/2/4 5807/2/4 5809/2/4
f 5809/2/4 5807/2/4 5810/2/4
f 5810/2/4 5807/2/4 5811/2/4
f 5811/2/4 5812/2/4 5813/2/4
f 5810/2/4 5811/2/4 5813/2/4
f 5813/2/4 5812/2/4 5814/2/4
f 5815/2/4 5816/2/4 5817/2/4
f 5817/2/4 5816/2/4 5818/2/4
f 5817/2/4 5818/2/4 5821/2/4
f 5819/2/4 5820/2/4 5821/2/4
f 5818/2/4 5819/2/4 5821/2/4
f 5821/2/4 5820/2/4 5822/2/4
f 5822/2/4 5820/2/4 5823/2/4
f 5822/2/4 5823/2/4 5827/2/4
f 5823/2/4 5824/2/4 5827/2/4
f 5827/2/4 5824/2/4 5828/2/4
f 5828/2/4 5824/2/4 5829/2/4
f 5825/5/4 5826/5/4 5830/5/4
f 5830/5/4 5826/5/4 5831/5/4
f 5828/2/4 5829/2/4 5834/2/4
f 5829/2/4 5830/2/4 5834/2/4
f 5834/2/4 5830/2/4 5835/2/4
f 5835/2/4 5830/2/4 5836/2/4
f 5832/2/4 5833/2/4 5837/2/4
f 5832/2/4 5837/2/4 5839/2/4
f 5837/2/4 5838/2/4 5839/2/4
f 5839/2/4 5838/2/4 5840/2/4
f 5840/2/4 5838/2/4 5841/2/4
f 5840/2/4 5841/2/4 5845/2/4
f 5841/2/4 5842/2/4 5845/2/4
f 5845/2/4 5842/2/4 5846/2/4
f 5846/2/4 5842/2/4 5847/2/4
f 5843/5/4 5844/5/4 5851/5/4
f 5851/5/4 5844/5/4 5852/5/4
f 5846/2/4 5847/2/4 5856/2/4
f 5847/2/4 5848/2/4 5856/2/4
f 5856/2/4 5848/2/4 5857/2/4
f 5857/2/4 5848/2/4 5858/2/4
f 5849/2/4 5850/2/4 5859/2/4
f 5859/2/4 5850/2/4 5860/2/4
f 5854/2/4 5855/2/4 5861/2/4
f 5853/2/4 5854/2/4 5861/2/4
f 5861/2/4 5855/2/4 5862/2/4
f 5857/2/4 5858/2/4 5864/2/4
f 5858/2/4 5859/2/4 5864/2/4
f 5864/2/4 5859/2/4 5865/2/4
f 5865/2/4 5859/2/4 5866/2/4
f 5862/2/4 5863/2/4 5867/2/4
f 5867/2/4 5863/2/4 5868/2/4
f 5868/2/4 5869/2/4 5874/2/4
f 5870/2/4 5871/2/4 5876/2/4
f 5876/2/4 5871/2/4 5877/2/4
f 5872/2/4 5873/2/4 5880/2/4
f 5880/2/4 5873/2/4 5881/2/4
f 5874/2/4 5875/2/4 5883/2/4
f 5868/2/4 5874/2/4 5883/2/4
f 5883/2/4 5875/2/4 5884/2/4
f 5884/2/4 5875/2/4 5885/2/4
f 5881/2/4 5882/2/4 5889/2/4
f 5880/2/4 5881/2/4 5889/2/4
f 5889/2/4 5882/2/4 5890/2/4
f 5890/2/4 5882/2/4 5891/2/4
f 5884/2/4 5885/2/4 5893/2/4
f 5885/2/4 5886/2/4 5893/2/4
f 5893/2/4 5886/2/4 5894/2/4
f 5894/2/4 5886/2/4 5895/2/4
f 5887/2/4 5888/2/4 5902/2/4
f 5878/2/4 5879/2/4 5904/2/4
f 5904/2/4 5879/2/4 5905/2/4
f 5891/2/4 5892/2/4 5907/2/4
f 5890/2/4 5891/2/4 5907/2/4
f 5907/2/4 5892/2/4 5908/2/4
f 5908/2/4 5892/2/4 5909/2/4
f 5896/2/4 5897/2/4 5911/2/4
f 5895/2/4 5896/2/4 5911/2/4
f 5894/2/4 5895/2/4 5911/2/4
f 5911/2/4 5897/2/4 5912/2/4
f 5898/2/4 5899/2/4 5913/2/4
f 5902/2/4 5903/2/4 5914/2/4
f 5909/2/4 5910/2/4 5915/2/4
f 5908/2/4 5909/2/4 5915/2/4
f 5902/2/4 5914/2/4 5917/2/4
f 5887/2/4 5902/2/4 5917/2/4
f 5905/2/4 5906/2/4 5918/2/4
f 5918/2/4 5906/2/4 5919/2/4
f 5915/2/4 5916/2/4 5921/2/4
f 5908/2/4 5915/2/4 5921/2/4
f 5921/2/4 5916/2/4 5922/2/4
f 5922/2/4 5916/2/4 5923/2/4
f 5923/2/4 5916/2/4 5924/2/4
f 5900/2/4 5901/2/4 5925/2/4
f 5922/2/4 5923/2/4 5927/2/4
f 5917/2/4 5914/2/4 5928/2/4
f 5928/2/4 5914/2/4 5929/2/4
f 5929/2/4 5914/2/4 5930/2/4
f 5919/2/4 5920/2/4 5932/2/4
f 5926/2/4 5927/2/4 5933/2/4
f 5927/2/4 5923/2/4 5934/2/4
f 5933/2/4 5927/2/4 5934/2/4
f 5898/2/4 5913/2/4 5935/2/4
f 5935/2/4 5913/2/4 5936/2/4
f 5919/2/4 5932/2/4 5937/2/4
f 5932/2/4 5933/2/4 5937/2/4
f 5937/2/4 5933/2/4 5938/2/4
f 5925/2/4 5901/2/4 5939/2/4
f 5939/2/4 5901/2/4 5940/2/4
f 5930/2/4 5931/2/4 5942/2/4
f 5929/2/4 5930/2/4 5942/2/4
f 5942/2/4 5931/2/4 5943/2/4
f 5919/2/4 5937/2/4 5945/2/4
f 5945/2/4 5937/2/4 5946/2/4
f 5943/2/4 5944/2/4 5948/2/4
f 5941/2/4 5942/2/4 5948/2/4
f 5942/2/4 5943/2/4 5948/2/4
f 5948/2/4 5944/2/4 5949/2/4
f 5949/2/4 5944/2/4 5950/2/4
f 5947/5/4 5948/5/4 5951/5/4
f 5948/2/4 5949/2/4 5952/2/4
f 5951/5/4 5948/5/4 5952/5/4
f 5952/2/4 5949/2/4 5953/2/4
f 5925/2/4 5939/2/4 5954/2/4
f 5954/2/4 5939/2/4 5955/2/4
f 5955/2/4 5939/2/4 5956/2/4
f 5957/5/4 5958/5/4 5959/5/4
f 5959/5/4 5958/5/4 5960/5/4
f 5898/2/4 5935/2/4 5963/2/4
f 5963/2/4 5935/2/4 5964/2/4
f 5964/2/4 5935/2/4 5965/2/4
f 5961/2/4 5962/2/4 5966/2/4
f 5966/2/4 5962/2/4 5967/2/4
f 5898/2/4 5963/2/4 5968/2/4
f 5968/2/4 5963/2/4 5969/2/4
f 5970/2/4 5971/2/4 5972/2/4
f 5972/2/4 5971/2/4 5973/2/4
f 5974/3/4 5975/3/4 5977/3/4
f 5975/1/4 5976/1/4 5977/1/4
f 5977/1/4 5976/1/4 5978/1/4
f 5980/1/4 5981/1/4 5982/1/4
f 5977/3/4 5978/3/4 5984/3/4
f 5978/1/4 5976/1/4 5984/1/4
f 5984/1/4 5976/1/4 5985/1/4
f 5982/1/4 5983/1/4 5986/1/4
f 5980/1/4 5982/1/4 5986/1/4
f 5979/3/4 5980/3/4 5986/3/4
f 5986/1/4 5983/1/4 5987/1/4
f 5986/3/4 5987/3/4 5988/3/4
f 5987/1/4 5983/1/4 5988/1/4
f 5988/1/4 5983/1/4 5989/1/4
f 5974/3/4 5977/3/4 5992/3/4
f 5984/3/4 5985/3/4 5992/3/4
f 5977/3/4 5984/3/4 5992/3/4
f 5992/3/4 5985/3/4 5993/3/4
f 5990/1/4 5991/1/4 5994/1/4
f 5993/3/4 5985/3/4 5996/3/4
f 5985/1/4 5976/1/4 5996/1/4
f 5996/1/4 5976/1/4 5997/1/4
f 5994/1/4 5995/1/4 5998/1/4
f 5989/1/4 5983/1/4 6000/1/4
f 5988/3/4 5989/3/4 6000/3/4
f 6000/1/4 5983/1/4 6001/1/4
f 5990/1/4 5994/1/4 6003/1/4
f 5998/1/4 5999/1/4 6003/1/4
f 5994/1/4 5998/1/4 6003/1/4
f 6003/1/4 5999/1/4 6004/1/4
f 6004/1/4 5999/1/4 6005/1/4
f 6005/1/4 5999/1/4 6006/1/4
f 6002/3/4 6003/3/4 6007/3/4
f 6003/1/4 6004/1/4 6007/1/4
f 6004/3/4 6005/3/4 6008/3/4
f 6007/1/4 6004/1/4 6008/1/4
f 5996/3/4 5997/3/4 6011/3/4
f 5993/3/4 5996/3/4 6011/3/4
f 6011/3/4 5997/3/4 6012/3/4
f 6001/1/4 5983/1/4 6013/1/4
f 6000/3/4 6001/3/4 6013/3/4
f 6013/1/4 5983/1/4 6014/1/4
f 6007/3/4 6008/3/4 6015/3/4
f 6008/3/4 6005/3/4 6015/3/4
f 6015/3/4 6005/3/4 6016/3/4
f 6009/1/4 6010/1/4 6017/1/4
f 6017/1/4 6018/1/4 6020/1/4
f 6009/1/4 6017/1/4 6020/1/4
f 6020/1/4 6018/1/4 6021/1/4
f 6002/3/4 6007/3/4 6024/3/4
f 6007/3/4 6015/3/4 6024/3/4
f 6024/3/4 6015/3/4 6025/3/4
f 6025/3/4 6015/3/4 6026/3/4
f 6021/1/4 6022/1/4 6027/1/4
f 6020/1/4 6021/1/4 6027/1/4
f 6019/1/4 6020/1/4 6027/1/4
f 6027/1/4 6022/1/4 6028/1/4
f 6028/1/4 6022/1/4 6029/1/4
f 6019/1/4 6027/1/4 6031/1/4
f 6027/3/4 6028/3/4 6032/3/4
f 6031/1/4 6027/1/4 6032/1/4
f 6032/3/4 6028/3/4 6033/3/4
f 6033/3/4 6028/3/4 6034/3/4
f 6000/3/4 6013/3/4 6037/3/4
f 5988/3/4 6000/3/4 6037/3/4
f 5979/3/4 5986/3/4 6037/3/4
f 5986/3/4 5988/3/4 6037/3/4
f 6037/3/4 6013/3/4 6038/3/4
f 6024/3/4 6025/3/4 6039/3/4
f 6023/3/4 6024/3/4 6039/3/4
f 6039/3/4 6025/3/4 6040/3/4
f 6032/3/4 6033/3/4 6041/3/4
f 6031/3/4 6032/3/4 6041/3/4
f 6030/3/4 6031/3/4 6041/3/4
f 6041/3/4 6033/3/4 6042/3/4
f 6035/1/4 6036/1/4 6044/1/4
f 6044/1/4 6036/1/4 6045/1/4
f 5993/3/4 6011/3/4 6047/3/4
f 6047/3/4 6011/3/4 6048/3/4
f 6023/3/4 6039/3/4 6049/3/4
f 6049/3/4 6039/3/4 6050/3/4
f 6030/3/4 6041/3/4 6052/3/4
f 6052/3/4 6041/3/4 6053/3/4
f 6053/3/4 6041/3/4 6054/3/4
f 6045/1/4 6046/1/4 6056/1/4
f 6044/1/4 6045/1/4 6056/1/4
f 6043/1/4 6044/1/4 6056/1/4
f 6056/1/4 6046/1/4 6057/1/4
f 6038/3/4 6013/3/4 6058/3/4
f 6058/3/4 6013/3/4 6059/3/4
f 6023/3/4 6049/3/4 6061/3/4
f 6052/3/4 6053/3/4 6063/3/4
f 6051/3/4 6052/3/4 6063/3/4
f 6063/3/4 6053/3/4 6064/3/4
f 6064/3/4 6053/3/4 6065/3/4
f 6056/3/4 6057/3/4 6067/3/4
f 6055/3/4 6056/3/4 6067/3/4
f 6057/1/4 6046/1/4 6068/1/4
f 6067/3/4 6057/3/4 6068/3/4
f 6068/1/4 6046/1/4 6069/1/4
f 6048/3/4 6011/3/4 6071/3/4
f 6071/3/4 6011/3/4 6072/3/4
f 6063/3/4 6064/3/4 6073/3/4
f 6062/3/4 6063/3/4 6073/3/4
f 6073/3/4 6064/3/4 6074/3/4
f 6066/3/4 6067/3/4 6076/3/4
f 6069/3/4 6070/3/4 6076/3/4
f 6068/3/4 6069/3/4 6076/3/4
f 6067/3/4 6068/3/4 6076/3/4
f 6076/3/4 6070/3/4 6077/3/4
f 6077/3/4 6070/3/4 6078/3/4
f 6048/3/4 6071/3/4 6079/3/4
f 6071/4/4 6072/4/4 6080/4/4
f 6079/3/4 6071/3/4 6080/3/4
f 6038/3/4 6058/3/4 6081/3/4
f 6081/3/4 6058/3/4 6082/3/4
f 6060/3/4 6061/3/4 6083/3/4
f 6061/3/4 6049/3/4 6083/3/4
f 6083/3/4 6049/3/4 6084/3/4
f 6062/3/4 6073/3/4 6085/3/4
f 6085/3/4 6073/3/4 6086/3/4
f 6086/3/4 6073/3/4 6087/3/4
f 6076/3/4 6077/3/4 6088/3/4
f 6075/3/4 6076/3/4 6088/3/4
f 6088/3/4 6077/3/4 6089/3/4
f 6048/3/4 6079/3/4 6092/3/4
f 6079/4/4 6080/4/4 6093/4/4
f 6092/3/4 6079/3/4 6093/3/4
f 6038/3/4 6081/3/4 6094/3/4
f 6081/4/4 6082/4/4 6095/4/4
f 6094/3/4 6081/3/4 6095/3/4
f 6060/3/4 6083/3/4 6096/3/4
f 6096/3/4 6083/3/4 6097/3/4
f 6075/3/4 6088/3/4 6099/3/4
f 6099/3/4 6088/3/4 6100/3/4
f 6100/3/4 6088/3/4 6101/3/4
f 6090/1/4 6091/1/4 6103/1/4
f 6038/3/4 6094/3/4 6104/3/4
f 6094/4/4 6095/4/4 6105/4/4
f 6104/3/4 6094/3/4 6105/3/4
f 6096/4/4 6097/4/4 6107/4/4
f 6097/3/4 6083/3/4 6108/3/4
f 6107/4/4 6097/4/4 6108/4/4
f 6108/3/4 6083/3/4 6109/3/4
f 6084/3/4 6085/3/4 6110/3/4
f 6085/3/4 6086/3/4 6110/3/4
f 6110/3/4 6086/3/4 6111/3/4
f 6111/3/4 6086/3/4 6112/3/4
f 6098/3/4 6099/3/4 6114/3/4
f 6099/3/4 6100/3/4 6114/3/4
f 6114/3/4 6100/3/4 6115/3/4
f 6115/3/4 6100/3/4 6116/3/4
f 6102/1/4 6103/1/4 6119/1/4
f 6103/1/4 6091/1/4 6120/1/4
f 6119/1/4 6103/1/4 6120/1/4
f 6092/4/4 6093/4/4 6122/4/4
f 6093/4/4 6080/4/4 6123/4/4
f 6122/4/4 6093/4/4 6123/4/4
f 6080/4/4 6072/4/4 6123/4/4
f 6104/4/4 6105/4/4 6124/4/4
f 6105/4/4 6095/4/4 6125/4/4
f 6124/4/4 6105/4/4 6125/4/4
f 6110/3/4 6111/3/4 6126/3/4
f 6109/3/4 6110/3/4 6126/3/4
f 6126/3/4 6111/3/4 6127/3/4
f 6114/3/4 6115/3/4 6129/3/4
f 6113/3/4 6114/3/4 6129/3/4
f 6129/3/4 6115/3/4 6130/3/4
f 6130/3/4 6115/3/4 6131/3/4
f 6117/3/4 6118/3/4 6133/3/4
f 6118/1/4 6119/1/4 6134/1/4
f 6120/1/4 6121/1/4 6134/1/4
f 6133/3/4 6118/3/4 6134/3/4
f 6119/1/4 6120/1/4 6134/1/4
f 6134/1/4 6121/1/4 6135/1/4
f 6135/1/4 6121/1/4 6136/1/4
f 6125/4/4 6095/4/4 6138/4/4
f 6095/4/4 6082/4/4 6139/4/4
f 6138/4/4 6095/4/4 6139/4/4
f 6106/4/4 6107/4/4 6140/4/4
f 6107/4/4 6108/4/4 6140/4/4
f 6140/4/4 6108/4/4 6141/4/4
f 6109/3/4 6126/3/4 6142/3/4
f 6142/3/4 6126/3/4 6143/3/4
f 6129/3/4 6130/3/4 6145/3/4
f 6128/3/4 6129/3/4 6145/3/4
f 6145/3/4 6130/3/4 6146/3/4
f 6146/3/4 6130/3/4 6147/3/4
f 6132/3/4 6133/3/4 6149/3/4
f 6134/3/4 6135/3/4 6149/3/4
f 6133/3/4 6134/3/4 6149/3/4
f 6136/1/4 6137/1/4 6150/1/4
f 6135/1/4 6136/1/4 6150/1/4
f 6149/3/4 6135/3/4 6150/3/4
f 6150/1/4 6137/1/4 6151/1/4
f 6151/1/4 6137/1/4 6152/1/4
f 6106/4/4 6140/4/4 6153/4/4
f 6153/4/4 6140/4/4 6154/4/4
f 6142/4/4 6143/4/4 6155/4/4
f 6141/4/4 6142/4/4 6155/4/4
f 6155/4/4 6143/4/4 6156/4/4
f 6145/3/4 6146/3/4 6157/3/4
f 6144/3/4 6145/3/4 6157/3/4
f 6148/3/4 6149/3/4 6159/3/4
f 6150/3/4 6151/3/4 6159/3/4
f 6149/3/4 6150/3/4 6159/3/4
f 6159/3/4 6151/3/4 6160/3/4
f 6160/3/4 6151/3/4 6161/3/4
f 6141/4/4 6155/4/4 6162/4/4
f 6162/4/4 6155/4/4 6163/4/4
f 6156/3/4 6157/3/4 6164/3/4
f 6157/3/4 6146/3/4 6165/3/4
f 6164/3/4 6157/3/4 6165/3/4
f 6165/3/4 6146/3/4 6166/3/4
f 6166/3/4 6146/3/4 6167/3/4
f 6159/3/4 6160/3/4 6168/3/4
f 6158/3/4 6159/3/4 6168/3/4
f 6168/3/4 6160/3/4 6169/3/4
f 6169/3/4 6160/3/4 6170/3/4
f 6163/4/4 6164/4/4 6173/4/4
f 6164/4/4 6165/4/4 6173/4/4
f 6165/3/4 6166/3/4 6173/3/4
f 6173/3/4 6166/3/4 6174/3/4
f 6174/3/4 6166/3/4 6175/3/4
f 6168/3/4 6169/3/4 6176/3/4
f 6167/3/4 6168/3/4 6176/3/4
f 6176/3/4 6169/3/4 6177/3/4
f 6177/3/4 6169/3/4 6178/3/4
f 6171/1/4 6172/1/4 6181/1/4
f 6181/1/4 6172/1/4 6182/1/4
f 6173/4/4 6174/4/4 6184/4/4
f 6163/4/4 6173/4/4 6184/4/4
f 6184/4/4 6174/4/4 6185/4/4
f 6185/4/4 6174/4/4 6186/4/4
f 6186/4/4 6174/4/4 6187/4/4
f 6175/3/4 6176/3/4 6189/3/4
f 6176/3/4 6177/3/4 6189/3/4
f 6189/3/4 6177/3/4 6190/3/4
f 6190/3/4 6177/3/4 6191/3/4
f 6179/3/4 6180/3/4 6193/3/4
f 6182/1/4 6183/1/4 6194/1/4
f 6181/1/4 6182/1/4 6194/1/4
f 6193/3/4 6180/3/4 6194/3/4
f 6180/1/4 6181/1/4 6194/1/4
f 6194/1/4 6183/1/4 6195/1/4
f 6185/4/4 6186/4/4 6196/4/4
f 6196/4/4 6186/4/4 6197/4/4
f 6187/4/4 6188/4/4 6198/4/4
f 6189/3/4 6190/3/4 6199/3/4
f 6188/3/4 6189/3/4 6199/3/4
f 6198/4/4 6188/4/4 6199/4/4
f 6199/3/4 6190/3/4 6200/3/4
f 6200/3/4 6190/3/4 6201/3/4
f 6201/3/4 6190/3/4 6202/3/4
f 6192/3/4 6193/3/4 6204/3/4
f 6194/3/4 6195/3/4 6204/3/4
f 6193/3/4 6194/3/4 6204/3/4
f 6195/1/4 6183/1/4 6205/1/4
f 6204/3/4 6195/3/4 6205/3/4
f 6205/1/4 6183/1/4 6206/1/4
f 6197/4/4 6198/4/4 6207/4/4
f 6199/4/4 6200/4/4 6207/4/4
f 6198/4/4 6199/4/4 6207/4/4
f 6207/4/4 6200/4/4 6208/4/4
f 6208/4/4 6200/4/4 6209/4/4
f 6200/3/4 6201/3/4 6210/3/4
f 6209/4/4 6200/4/4 6210/4/4
f 6210/3/4 6201/3/4 6211/3/4
f 6203/3/4 6204/3/4 6213/3/4
f 6205/3/4 6206/3/4 6213/3/4
f 6204/3/4 6205/3/4 6213/3/4
f 6213/3/4 6206/3/4 6214/3/4
f 6208/4/4 6209/4/4 6216/4/4
f 6216/4/4 6209/4/4 6217/4/4
f 6214/3/4 6215/3/4 6219/3/4
f 6213/3/4 6214/3/4 6219/3/4
f 6212/3/4 6213/3/4 6219/3/4
f 6219/3/4 6215/3/4 6220/3/4
f 6220/3/4 6215/3/4 6221/3/4
f 6218/3/4 6219/3/4 6224/3/4
f 6219/3/4 6220/3/4 6224/3/4
f 6224/3/4 6220/3/4 6225/3/4
f 6225/3/4 6220/3/4 6226/3/4
f 6222/4/4 6223/4/4 6229/4/4
f 6223/3/4 6224/3/4 6229/3/4
f 6224/3/4 6225/3/4 6229/3/4
f 6229/3/4 6225/3/4 6230/3/4
f 6230/3/4 6225/3/4 6231/3/4
f 6231/3/4 6225/3/4 6232/3/4
f 6227/3/4 6228/3/4 6234/3/4
f 6234/3/4 6228/3/4 6235/3/4
f 6222/4/4 6229/4/4 6237/4/4
f 6229/4/4 6230/4/4 6237/4/4
f 6237/4/4 6230/4/4 6238/4/4
f 6230/3/4 6231/3/4 6239/3/4
f 6238/4/4 6230/4/4 6239/4/4
f 6239/3/4 6231/3/4 6240/3/4
f 6234/3/4 6235/3/4 6242/3/4
f 6235/3/4 6236/3/4 6242/3/4
f 6233/3/4 6234/3/4 6242/3/4
f 6242/3/4 6236/3/4 6243/3/4
f 6243/3/4 6236/3/4 6244/3/4
f 6238/4/4 6239/4/4 6245/4/4
f 6245/4/4 6239/4/4 6246/4/4
f 6242/3/4 6243/3/4 6249/3/4
f 6241/3/4 6242/3/4 6249/3/4
f 6249/3/4 6243/3/4 6250/3/4
f 6243/1/4 6244/1/4 6251/1/4
f 6250/3/4 6243/3/4 6251/3/4
f 6247/4/4 6248/4/4 6253/4/4
f 6249/3/4 6250/3/4 6254/3/4
f 6248/3/4 6249/3/4 6254/3/4
f 6250/1/4 6251/1/4 6255/1/4
f 6254/3/4 6250/3/4 6255/3/4
f 6252/4/4 6253/4/4 6256/4/4
f 6253/4/4 6248/4/4 6256/4/4
f 6248/3/4 6254/3/4 6257/3/4
f 6256/4/4 6248/4/4 6257/4/4
f 6254/1/4 6255/1/4 6258/1/4
f 6255/1/4 6251/1/4 6259/1/4
f 6258/1/4 6255/1/4 6259/1/4
f 6251/1/4 6244/1/4 6259/1/4
f 6256/3/4 6257/3/4 6260/3/4
f 6257/3/4 6254/3/4 6260/3/4
f 6254/1/4 6258/1/4 6261/1/4
f 6260/3/4 6254/3/4 6261/3/4
f 6261/1/4 6258/1/4 6262/1/4
f 6252/4/4 6256/4/4 6266/4/4
f 6256/3/4 6260/3/4 6267/3/4
f 6266/4/4 6256/4/4 6267/4/4
f 6267/3/4 6260/3/4 6268/3/4
f 6263/3/4 6264/3/4 6270/3/4
f 6270/3/4 6264/3/4 6271/3/4
f 6264/1/4 6265/1/4 6272/1/4
f 6271/3/4 6264/3/4 6272/3/4
f 6270/3/4 6271/3/4 6275/3/4
f 6269/3/4 6270/3/4 6275/3/4
f 6273/4/4 6274/4/4 6277/4/4
f 6274/3/4 6275/3/4 6278/3/4
f 6275/3/4 6271/3/4 6278/3/4
f 6271/1/4 6272/1/4 6279/1/4
f 6278/3/4 6271/3/4 6279/3/4
f 6276/4/4 6277/4/4 6280/4/4
f 6274/3/4 6278/3/4 6281/3/4
f 6280/4/4 6277/4/4 6281/4/4
f 6277/4/4 6274/4/4 6281/4/4
f 6281/3/4 6278/3/4 6282/3/4
f 6278/1/4 6279/1/4 6283/1/4
f 6282/3/4 6278/3/4 6283/3/4
f 6281/3/4 6282/3/4 6284/3/4
f 6280/3/4 6281/3/4 6284/3/4
f 6282/1/4 6283/1/4 6285/1/4
f 6284/3/4 6282/3/4 6285/3/4
f 6285/1/4 6283/1/4 6286/1/4
f 6272/1/4 6265/1/4 6287/1/4
f 6286/1/4 6283/1/4 6287/1/4
f 6279/1/4 6272/1/4 6287/1/4
f 6283/1/4 6279/1/4 6287/1/4
f 6280/3/4 6284/3/4 6288/3/4
f 6285/1/4 6286/1/4 6289/1/4
f 6288/3/4 6284/3/4 6289/3/4
f 6284/1/4 6285/1/4 6289/1/4
f 6289/1/4 6286/1/4 6290/1/4
f 6291/3/4 6292/3/4 6294/3/4
f 6292/1/4 6293/1/4 6294/1/4
f 6294/1/4 6293/1/4 6295/1/4
f 6295/1/4 6293/1/4 6296/1/4
f 6291/3/4 6294/3/4 6298/3/4
f 6294/3/4 6295/3/4 6298/3/4
f 6298/3/4 6295/3/4 6299/3/4
f 6295/1/4 6296/1/4 6300/1/4
f 6299/3/4 6295/3/4 6300/3/4
f 6296/1/4 6297/1/4 6300/1/4
f 6300/1/4 6297/1/4 6301/1/4
f 6298/4/4 6299/4/4 6302/4/4
f 6302/4/4 6299/4/4 6303/4/4
f 6301/1/4 6297/1/4 6304/1/4
f 6299/3/4 6300/3/4 6304/3/4
f 6300/3/4 6301/3/4 6304/3/4
f 6304/1/4 6297/1/4 6305/1/4
f 6303/4/4 6299/4/4 6306/4/4
f 6304/3/4 6305/3/4 6307/3/4
f 6306/4/4 6299/4/4 6307/4/4
f 6299/3/4 6304/3/4 6307/3/4
f 6307/3/4 6305/3/4 6308/3/4
f 6308/3/4 6305/3/4 6312/3/4
f 6312/3/4 6305/3/4 6313/3/4
f 6305/1/4 6297/1/4 6314/1/4
f 6313/3/4 6305/3/4 6314/3/4
f 6314/1/4 6297/1/4 6315/1/4
f 6310/3/4 6311/3/4 6316/3/4
f 6313/3/4 6314/3/4 6319/3/4
f 6319/3/4 6314/3/4 6320/3/4
f 6315/1/4 6297/1/4 6321/1/4
f 6321/1/4 6297/1/4 6322/1/4
f 6309/4/4 6310/4/4 6323/4/4
f 6310/3/4 6316/3/4 6323/3/4
f 6316/3/4 6317/3/4 6323/3/4
f 6323/3/4 6317/3/4 6324/3/4
f 6317/1/4 6318/1/4 6325/1/4
f 6309/4/4 6323/4/4 6327/4/4
f 6323/4/4 6324/4/4 6327/4/4
f 6327/4/4 6324/4/4 6328/4/4
f 6324/3/4 6317/3/4 6329/3/4
f 6325/1/4 6326/1/4 6329/1/4
f 6317/1/4 6325/1/4 6329/1/4
f 6329/1/4 6326/1/4 6330/1/4
f 6330/1/4 6326/1/4 6331/1/4
f 6331/1/4 6326/1/4 6332/1/4
f 6328/4/4 6324/4/4 6335/4/4
f 6324/3/4 6329/3/4 6336/3/4
f 6335/4/4 6324/4/4 6336/4/4
f 6329/3/4 6330/3/4 6336/3/4
f 6336/3/4 6330/3/4 6337/3/4
f 6330/1/4 6331/1/4 6338/1/4
f 6337/3/4 6330/3/4 6338/3/4
f 6338/1/4 6331/1/4 6339/1/4
f 6339/1/4 6331/1/4 6340/1/4
f 6333/4/4 6334/4/4 6342/4/4
f 6342/4/4 6334/4/4 6343/4/4
f 6337/3/4 6338/3/4 6345/3/4
f 6338/3/4 6339/3/4 6345/3/4
f 6345/3/4 6339/3/4 6346/3/4
f 6346/3/4 6339/3/4 6347/3/4
f 6347/3/4 6339/3/4 6348/3/4
f 6342/4/4 6343/4/4 6349/4/4
f 6341/4/4 6342/4/4 6349/4/4
f 6343/3/4 6344/3/4 6350/3/4
f 6349/4/4 6343/4/4 6350/4/4
f 6350/3/4 6344/3/4 6351/3/4
f 6346/3/4 6347/3/4 6353/3/4
f 6353/3/4 6347/3/4 6354/3/4
f 6341/4/4 6349/4/4 6355/4/4
f 6351/3/4 6352/3/4 6356/3/4
f 6355/4/4 6349/4/4 6356/4/4
f 6349/3/4 6350/3/4 6356/3/4
f 6350/3/4 6351/3/4 6356/3/4
f 6356/3/4 6352/3/4 6357/3/4
f 6357/3/4 6352/3/4 6358/3/4
f 6358/3/4 6359/3/4 6362/3/4
f 6357/3/4 6358/3/4 6362/3/4
f 6362/3/4 6359/3/4 6363/3/4
f 6363/3/4 6359/3/4 6364/3/4
f 6360/4/4 6361/4/4 6367/4/4
f 6367/4/4 6361/4/4 6368/4/4
f 6363/3/4 6364/3/4 6371/3/4
f 6364/3/4 6365/3/4 6371/3/4
f 6371/3/4 6365/3/4 6372/3/4
f 6372/3/4 6365/3/4 6373/3/4
f 6373/3/4 6365/3/4 6374/3/4
f 6368/4/4 6369/4/4 6376/4/4
f 6366/4/4 6367/4/4 6376/4/4
f 6367/4/4 6368/4/4 6376/4/4
f 6376/4/4 6369/4/4 6377/4/4
f 6377/4/4 6369/4/4 6378/4/4
f 6369/3/4 6370/3/4 6379/3/4
f 6378/4/4 6369/4/4 6379/4/4
f 6379/3/4 6370/3/4 6380/3/4
f 6372/3/4 6373/3/4 6382/3/4
f 6382/3/4 6373/3/4 6383/3/4
f 6383/3/4 6373/3/4 6384/3/4
f 6384/3/4 6373/3/4 6385/3/4
f 6375/4/4 6376/4/4 6387/4/4
f 6387/4/4 6376/4/4 6388/4/4
f 6377/4/4 6378/4/4 6389/4/4
f 6380/3/4 6381/3/4 6390/3/4
f 6378/3/4 6379/3/4 6390/3/4
f 6389/4/4 6378/4/4 6390/4/4
f 6379/3/4 6380/3/4 6390/3/4
f 6390/3/4 6381/3/4 6391/3/4
f 6391/3/4 6381/3/4 6392/3/4
f 6383/3/4 6384/3/4 6394/3/4
f 6394/3/4 6384/3/4 6395/3/4
f 6387/4/4 6388/4/4 6396/4/4
f 6388/4/4 6389/4/4 6396/4/4
f 6386/4/4 6387/4/4 6396/4/4
f 6396/4/4 6389/4/4 6397/4/4
f 6392/3/4 6393/3/4 6398/3/4
f 6391/3/4 6392/3/4 6398/3/4
f 6398/3/4 6393/3/4 6399/3/4
f 6399/3/4 6393/3/4 6400/3/4
f 6386/4/4 6396/4/4 6403/4/4
f 6403/4/4 6396/4/4 6404/4/4
f 6396/3/4 6397/3/4 6405/3/4
f 6404/4/4 6396/4/4 6405/4/4
f 6397/3/4 6398/3/4 6405/3/4
f 6405/3/4 6398/3/4 6406/3/4
f 6399/3/4 6400/3/4 6407/3/4
f 6400/3/4 6401/3/4 6407/3/4
f 6407/3/4 6401/3/4 6408/3/4
f 6402/4/4 6403/4/4 6411/4/4
f 6405/3/4 6406/3/4 6412/3/4
f 6404/3/4 6405/3/4 6412/3/4
f 6406/3/4 6407/3/4 6412/3/4
f 6412/3/4 6407/3/4 6413/3/4
f 6408/3/4 6401/3/4 6414/3/4
f 6414/3/4 6401/3/4 6415/3/4
f 6415/3/4 6401/3/4 6416/3/4
f 6416/3/4 6401/3/4 6417/3/4
f 6409/4/4 6410/4/4 6420/4/4
f 6402/4/4 6411/4/4 6421/4/4
f 6411/4/4 6412/4/4 6421/4/4
f 6421/4/4 6412/4/4 6422/4/4
f 6422/4/4 6412/4/4 6423/4/4
f 6413/3/4 6407/3/4 6424/3/4
f 6424/3/4 6407/3/4 6425/3/4
f 6425/3/4 6407/3/4 6426/3/4
f 6415/3/4 6416/3/4 6428/3/4
f 6428/3/4 6416/3/4 6429/3/4
f 6429/3/4 6416/3/4 6430/3/4
f 6430/3/4 6416/3/4 6431/3/4
f 6418/4/4 6419/4/4 6435/4/4
f 6422/3/4 6423/3/4 6436/3/4
f 6426/3/4 6427/3/4 6438/3/4
f 6425/3/4 6426/3/4 6438/3/4
f 6438/3/4 6427/3/4 6439/3/4
f 6439/3/4 6427/3/4 6440/3/4
f 6429/3/4 6430/3/4 6442/3/4
f 6442/3/4 6430/3/4 6443/3/4
f 6434/4/4 6435/4/4 6444/4/4
f 6435/4/4 6419/4/4 6445/4/4
f 6444/4/4 6435/4/4 6445/4/4
f 6409/4/4 6420/4/4 6446/4/4
f 6420/4/4 6421/4/4 6446/4/4
f 6446/4/4 6421/4/4 6447/4/4
f 6447/4/4 6421/4/4 6448/4/4
f 6436/3/4 6437/3/4 6449/3/4
f 6422/3/4 6436/3/4 6449/3/4
f 6449/3/4 6437/3/4 6450/3/4
f 6450/3/4 6437/3/4 6451/3/4
f 6440/3/4 6441/3/4 6453/3/4
f 6439/3/4 6440/3/4 6453/3/4
f 6453/3/4 6441/3/4 6454/3/4
f 6432/4/4 6433/4/4 6455/4/4
f 6455/4/4 6433/4/4 6456/4/4
f 6445/4/4 6419/4/4 6457/4/4
f 6444/3/4 6445/3/4 6457/3/4
f 6457/4/4 6419/4/4 6458/4/4
f 6447/4/4 6448/4/4 6459/4/4
f 6448/3/4 6449/3/4 6460/3/4
f 6459/4/4 6448/4/4 6460/4/4
f 6454/3/4 6441/3/4 6461/3/4
f 6461/3/4 6441/3/4 6462/3/4
f 6456/4/4 6433/4/4 6463/4/4
f 6455/3/4 6456/3/4 6463/3/4
f 6463/4/4 6433/4/4 6464/4/4
f 6458/4/4 6419/4/4 6465/4/4
f 6457/3/4 6458/3/4 6465/3/4
f 6465/4/4 6419/4/4 6466/4/4
f 6460/3/4 6449/3/4 6467/3/4
f 6459/3/4 6460/3/4 6467/3/4
f 6451/3/4 6452/3/4 6468/3/4
f 6450/3/4 6451/3/4 6468/3/4
f 6468/3/4 6452/3/4 6469/3/4
f 6469/3/4 6452/3/4 6470/3/4
f 6464/4/4 6433/4/4 6472/4/4
f 6463/3/4 6464/3/4 6472/3/4
f 6472/4/4 6433/4/4 6473/4/4
f 6470/3/4 6471/3/4 6474/3/4
f 6469/3/4 6470/3/4 6474/3/4
f 6474/3/4 6471/3/4 6475/3/4
f 6465/3/4 6466/3/4 6476/3/4
f 6459/3/4 6467/3/4 6478/3/4
f 6467/3/4 6468/3/4 6478/3/4
f 6478/3/4 6468/3/4 6479/3/4
f 6469/3/4 6474/3/4 6480/3/4
f 6480/3/4 6474/3/4 6481/3/4
f 6472/3/4 6473/3/4 6483/3/4
f 6455/3/4 6463/3/4 6483/3/4
f 6463/3/4 6472/3/4 6483/3/4
f 6476/3/4 6477/3/4 6485/3/4
f 6444/3/4 6457/3/4 6485/3/4
f 6457/3/4 6465/3/4 6485/3/4
f 6465/3/4 6476/3/4 6485/3/4
f 6485/3/4 6477/3/4 6486/3/4
f 6486/3/4 6477/3/4 6487/3/4
f 6479/3/4 6468/3/4 6488/3/4
f 6488/3/4 6468/3/4 6489/3/4
f 6484/3/4 6485/3/4 6490/3/4
f 6485/3/4 6486/3/4 6490/3/4
f 6490/3/4 6486/3/4 6491/3/4
f 6484/3/4 6490/3/4 6492/3/4
f 6492/3/4 6490/3/4 6493/3/4
f 6482/3/4 6483/3/4 6494/3/4
f 6483/3/4 6473/3/4 6494/3/4
f 6482/3/4 6494/3/4 6496/3/4
f 6494/3/4 6495/3/4 6496/3/4
f 6496/3/4 6495/3/4 6497/3/4
f 6484/3/4 6492/3/4 6498/3/4
f 6498/3/4 6492/3/4 6499/3/4
f 6482/3/4 6496/3/4 6500/3/4
f 6482/3/4 6500/3/4 6502/3/4
f 6500/3/4 6501/3/4 6502/3/4
f 6502/3/4 6501/3/4 6503/3/4
f 6482/3/4 6502/3/4 6505/3/4
f 6504/3/4 6505/3/4 6506/3/4
f 6505/3/4 6502/3/4 6507/3/4
f 6506/3/4 6505/3/4 6507/3/4
f 6507/3/4 6502/3/4 6508/3/4
f 6508/3/4 6502/3/4 6509/3/4
f 6507/3/4 6508/3/4 6510/3/4
f 6510/3/4 6508/3/4 6511/3/4
f 6516/2/5 6513/2/5 6512/2/5
f 6517/2/5 6513/2/5 6516/2/5
f 6518/2/5 6515/2/5 6514/2/5
f 6519/2/5 6515/2/5 6518/2/5
f 6520/2/5 6515/2/5 6519/2/5
f 6521/2/5 6515/2/5 6520/2/5
f 6522/2/5 6520/2/5 6519/2/5
f 6524/2/5 6522/2/5 6519/2/5
f 6524/2/5 6523/2/5 6522/2/5
f 6525/2/5 6523/2/5 6524/2/5
f 6526/5/5 6519/5/5 6518/5/5
f 6526/2/5 6524/2/5 6519/2/5
f 6527/2/5 6524/2/5 6526/2/5
f 6528/5/5 6526/5/5 6518/5/5
f 6530/5/5 6528/5/5 6518/5/5
f 6530/2/5 6529/2/5 6528/2/5
f 6531/2/5 6529/2/5 6530/2/5
f 6532/5/5 6530/5/5 6518/5/5
f 6534/2/5 6533/2/5 6532/2/5
f 6536/2/5 6516/2/5 6512/2/5
f 6536/5/5 6517/5/5 6516/5/5
f 6537/2/5 6513/2/5 6517/2/5
f 6537/5/5 6517/5/5 6536/5/5
f 6538/2/5 6518/2/5 6514/2/5
f 6538/5/5 6532/5/5 6518/5/5
f 6539/2/5 6535/2/5 6534/2/5
f 6539/5/5 6532/5/5 6538/5/5
f 6539/2/5 6534/2/5 6532/2/5
f 6540/2/5 6536/2/5 6512/2/5
f 6540/2/5 6537/2/5 6536/2/5
f 6541/2/5 6513/2/5 6537/2/5
f 6541/2/5 6537/2/5 6540/2/5
f 6542/2/5 6538/2/5 6514/2/5
f 6542/2/5 6539/2/5 6538/2/5
f 6543/2/5 6535/2/5 6539/2/5
f 6543/2/5 6539/2/5 6542/2/5
f 6546/2/5 6545/2/5 6544/2/5
f 6547/2/5 6545/2/5 6546/2/5
f 6550/2/5 6549/2/5 6548/2/5
f 6551/2/5 6549/2/5 6550/2/5
f 6554/3/5 6553/3/5 6552/3/5
f 6555/3/5 6553/3/5 6554/3/5
f 6558/2/5 6557/2/5 6556/2/5
f 6559/2/5 6557/2/5 6558/2/5
f 6562/2/5 6561/2/5 6560/2/5
f 6563/2/5 6561/2/5 6562/2/5
f 6566/2/5 6565/2/5 6564/2/5
f 6567/2/5 6565/2/5 6566/2/5
f 6570/3/5 6554/3/5 6552/3/5
f 6572/2/5 6569/2/5 6568/2/5
f 6573/2/5 6569/2/5 6572/2/5
f 6574/3/5 6571/3/5 6570/3/5
f 6574/3/5 6570/3/5 6552/3/5
f 6575/3/5 6571/3/5 6574/3/5
f 6576/3/5 6573/3/5 6572/3/5
f 6577/3/5 6573/3/5 6576/3/5
f 6582/3/5 6579/3/5 6578/3/5
f 6583/3/5 6579/3/5 6582/3/5
f 6584/3/5 6581/3/5 6580/3/5
f 6585/3/5 6581/3/5 6584/3/5
f 6588/2/5 6587/2/5 6586/2/5
f 6590/2/5 6588/2/5 6586/2/5
f 6590/2/5 6589/2/5 6588/2/5
f 6591/2/5 6589/2/5 6590/2/5
f 6592/2/5 6590/2/5 6586/2/5
f 6593/2/5 6590/2/5 6592/2/5
f 6596/2/5 6595/2/5 6594/2/5
f 6597/2/5 6595/2/5 6596/2/5
f 6602/3/5 6599/3/5 6598/3/5
f 6603/3/5 6599/3/5 6602/3/5
f 6604/3/5 6601/3/5 6600/3/5
f 6605/3/5 6601/3/5 6604/3/5
f 6612/3/5 6607/3/5 6606/3/5
f 6613/4/5 6608/4/5 6607/4/5
f 6613/3/5 6607/3/5 6612/3/5
f 6614/4/5 6608/4/5 6613/4/5
f 6615/4/5 6610/4/5 6609/4/5
f 6616/3/5 6611/3/5 6610/3/5
f 6616/4/5 6610/4/5 6615/4/5
f 6617/3/5 6611/3/5 6616/3/5
f 6618/4/5 6608/4/5 6614/4/5
f 6619/4/5 6608/4/5 6618/4/5
f 6620/4/5 6615/4/5 6609/4/5
f 6621/4/5 6615/4/5 6620/4/5
f 6624/2/5 6623/2/5 6622/2/5
f 6625/2/5 6623/2/5 6624/2/5
f 6630/5/5 6627/5/5 6626/5/5
f 6631/5/5 6627/5/5 6630/5/5
f 6632/5/5 6629/5/5 6628/5/5
f 6633/5/5 6629/5/5 6632/5/5
f 6636/2/5 6635/2/5 6634/2/5
f 6637/2/5 6635/2/5 6636/2/5
f 6638/3/5 6619/3/5 6618/3/5
f 6639/3/5 6619/3/5 6638/3/5
f 6640/3/5 6621/3/5 6620/3/5
f 6641/3/5 6621/3/5 6640/3/5
f 6646/4/5 6639/4/5 6638/4/5
f 6647/4/5 6641/4/5 6640/4/5
f 6650/2/5 6643/2/5 6642/2/5
f 6651/2/5 6643/2/5 6650/2/5
f 6652/3/5 6645/3/5 6644/3/5
f 6653/4/5 6646/4/5 6645/4/5
f 6653/3/5 6645/3/5 6652/3/5
f 6654/4/5 6639/4/5 6646/4/5
f 6654/4/5 6646/4/5 6653/4/5
f 6655/4/5 6647/4/5 6640/4/5
f 6655/4/5 6648/4/5 6647/4/5
f 6656/3/5 6649/3/5 6648/3/5
f 6656/4/5 6648/4/5 6655/4/5
f 6657/3/5 6649/3/5 6656/3/5
f 6658/3/5 6651/3/5 6650/3/5
f 6659/3/5 6651/3/5 6658/3/5
f 6662/2/5 6661/2/5 6660/2/5
f 6663/2/5 6661/2/5 6662/2/5
f 6666/2/5 6665/2/5 6664/2/5
f 6667/2/5 6665/2/5 6666/2/5
f 6670/2/5 6669/2/5 6668/2/5
f 6671/2/5 6669/2/5 6670/2/5
f 6674/2/5 6673/2/5 6672/2/5
f 6675/2/5 6673/2/5 6674/2/5
f 6678/2/5 6677/2/5 6676/2/5
f 6679/2/5 6677/2/5 6678/2/5
f 6682/5/5 6681/5/5 6680/5/5
f 6683/5/5 6681/5/5 6682/5/5
f 6688/3/5 6685/3/5 6684/3/5
f 6689/3/5 6685/3/5 6688/3/5
f 6690/3/5 6687/3/5 6686/3/5
f 6691/3/5 6687/3/5 6690/3/5
f 6692/3/5 6687/3/5 6691/3/5
f 6693/5/5 6692/5/5 6691/5/5
f 6694/5/5 6692/5/5 6693/5/5
f 6695/5/5 6692/5/5 6694/5/5
f 6696/3/5 6688/3/5 6684/3/5
f 6701/3/5 6696/3/5 6684/3/5
f 6701/3/5 6697/3/5 6696/3/5
f 6702/3/5 6697/3/5 6701/3/5
f 6703/3/5 6700/3/5 6699/3/5
f 6703/3/5 6699/3/5 6698/3/5
f 6704/3/5 6700/3/5 6703/3/5
f 6711/3/5 6706/3/5 6705/3/5
f 6712/4/5 6707/4/5 6706/4/5
f 6712/3/5 6706/3/5 6711/3/5
f 6713/3/5 6710/3/5 6709/3/5
f 6713/4/5 6709/4/5 6708/4/5
f 6714/3/5 6710/3/5 6713/3/5
f 6717/4/5 6707/4/5 6712/4/5
f 6718/4/5 6707/4/5 6717/4/5
f 6719/4/5 6713/4/5 6708/4/5
f 6720/4/5 6713/4/5 6719/4/5
f 6721/5/5 6716/5/5 6715/5/5
f 6722/5/5 6716/5/5 6721/5/5
f 6723/3/5 6718/3/5 6717/3/5
f 6724/3/5 6718/3/5 6723/3/5
f 6725/3/5 6720/3/5 6719/3/5
f 6726/3/5 6720/3/5 6725/3/5
f 6728/4/5 6724/4/5 6723/4/5
f 6729/4/5 6726/4/5 6725/4/5
f 6731/3/5 6728/3/5 6727/3/5
f 6732/4/5 6724/4/5 6728/4/5
f 6732/3/5 6728/3/5 6731/3/5
f 6733/4/5 6724/4/5 6732/4/5
f 6734/4/5 6729/4/5 6725/4/5
f 6735/3/5 6730/3/5 6729/3/5
f 6735/4/5 6729/4/5 6734/4/5
f 6736/3/5 6730/3/5 6735/3/5
f 6743/5/5 6742/5/5 6741/5/5
f 6744/5/5 6742/5/5 6743/5/5
f 6745/4/5 6738/4/5 6737/4/5
f 6746/4/5 6740/4/5 6739/4/5
f 6747/4/5 6738/4/5 6745/4/5
f 6748/4/5 6738/4/5 6747/4/5
f 6749/4/5 6746/4/5 6739/4/5
f 6750/4/5 6746/4/5 6749/4/5
f 6753/5/5 6752/5/5 6751/5/5
f 6754/5/5 6752/5/5 6753/5/5
f 6755/3/5 6748/3/5 6747/3/5
f 6756/3/5 6748/3/5 6755/3/5
f 6757/3/5 6750/3/5 6749/3/5
f 6758/3/5 6750/3/5 6757/3/5
f 6759/4/5 6756/4/5 6755/4/5
f 6760/4/5 6758/4/5 6757/4/5
f 6761/4/5 6756/4/5 6759/4/5
f 6762/4/5 6756/4/5 6761/4/5
f 6763/4/5 6760/4/5 6757/4/5
f 6764/4/5 6760/4/5 6763/4/5
f 6767/5/5 6766/5/5 6765/5/5
f 6768/5/5 6766/5/5 6767/5/5
f 6771/5/5 6770/5/5 6769/5/5
f 6772/5/5 6770/5/5 6771/5/5
f 6777/5/5 6774/5/5 6773/5/5
f 6777/5/5 6775/5/5 6774/5/5
f 6778/5/5 6775/5/5 6777/5/5
f 6779/5/5 6777/5/5 6776/5/5
f 6780/5/5 6777/5/5 6779/5/5
f 6784/5/5 6782/5/5 6781/5/5
f 6785/5/5 6784/5/5 6783/5/5
f 6786/5/5 6782/5/5 6784/5/5
f 6786/5/5 6784/5/5 6785/5/5
f 6787/5/5 6782/5/5 6786/5/5
f 6792/4/5 6789/4/5 6788/4/5
f 6793/4/5 6789/4/5 6792/4/5
f 6794/4/5 6789/4/5 6793/4/5
f 6795/4/5 6791/4/5 6790/4/5
f 6797/4/5 6789/4/5 6794/4/5
f 6797/3/5 6794/3/5 6793/3/5
f 6798/4/5 6789/4/5 6797/4/5
f 6799/4/5 6795/4/5 6790/4/5
f 6800/3/5 6796/3/5 6795/3/5
f 6800/4/5 6795/4/5 6799/4/5
f 6803/5/5 6802/5/5 6801/5/5
f 6804/5/5 6802/5/5 6803/5/5
f 6805/3/5 6798/3/5 6797/3/5
f 6805/3/5 6797/3/5 6793/3/5
f 6806/3/5 6798/3/5 6805/3/5
f 6807/3/5 6800/3/5 6799/3/5
f 6808/3/5 6796/3/5 6800/3/5
f 6808/3/5 6800/3/5 6807/3/5
f 6810/3/5 6805/3/5 6793/3/5
f 6811/4/5 6806/4/5 6805/4/5
f 6811/3/5 6805/3/5 6810/3/5
f 6812/3/5 6796/3/5 6808/3/5
f 6812/4/5 6808/4/5 6807/4/5
f 6813/3/5 6796/3/5 6812/3/5
f 6815/4/5 6810/4/5 6809/4/5
f 6815/4/5 6811/4/5 6810/4/5
f 6816/4/5 6806/4/5 6811/4/5
f 6816/4/5 6811/4/5 6815/4/5
f 6817/4/5 6814/4/5 6813/4/5
f 6817/4/5 6813/4/5 6812/4/5
f 6817/4/5 6812/4/5 6807/4/5
f 6818/4/5 6814/4/5 6817/4/5
f 6824/3/5 6820/3/5 6819/3/5
f 6825/4/5 6821/4/5 6820/4/5
f 6825/3/5 6820/3/5 6824/3/5
f 6826/4/5 6821/4/5 6825/4/5
f 6827/4/5 6823/4/5 6822/4/5
f 6828/4/5 6823/4/5 6827/4/5
f 6829/4/5 6823/4/5 6828/4/5
f 6830/4/5 6823/4/5 6829/4/5
f 6833/5/5 6832/5/5 6831/5/5
f 6834/5/5 6832/5/5 6833/5/5
f 6836/5/5 6835/5/5 6834/5/5
f 6837/5/5 6835/5/5 6836/5/5
f 6844/3/5 6839/3/5 6838/3/5
f 6845/4/5 6840/4/5 6839/4/5
f 6845/3/5 6839/3/5 6844/3/5
f 6846/4/5 6840/4/5 6845/4/5
f 6847/4/5 6842/4/5 6841/4/5
f 6848/3/5 6843/3/5 6842/3/5
f 6848/4/5 6842/4/5 6847/4/5
f 6849/3/5 6843/3/5 6848/3/5
f 6856/3/5 6851/3/5 6850/3/5
f 6857/3/5 6851/3/5 6856/3/5
f 6858/4/5 6853/4/5 6852/4/5
f 6859/4/5 6855/4/5 6854/4/5
f 6862/2/5 6861/2/5 6860/2/5
f 6863/2/5 6861/2/5 6862/2/5
f 6866/4/5 6853/4/5 6858/4/5
f 6867/4/5 6853/4/5 6866/4/5
f 6868/4/5 6859/4/5 6854/4/5
f 6869/4/5 6859/4/5 6868/4/5
f 6870/5/5 6865/5/5 6864/5/5
f 6871/5/5 6865/5/5 6870/5/5
f 6872/4/5 6866/4/5 6858/4/5
f 6873/3/5 6867/3/5 6866/3/5
f 6873/4/5 6866/4/5 6872/4/5
f 6874/4/5 6859/4/5 6869/4/5
f 6874/3/5 6869/3/5 6868/3/5
f 6875/4/5 6859/4/5 6874/4/5
f 6878/5/5 6877/5/5 6876/5/5
f 6879/5/5 6877/5/5 6878/5/5
f 6880/3/5 6873/3/5 6872/3/5
f 6881/3/5 6867/3/5 6873/3/5
f 6881/3/5 6873/3/5 6880/3/5
f 6882/3/5 6875/3/5 6874/3/5
f 6882/3/5 6874/3/5 6868/3/5
f 6883/3/5 6875/3/5 6882/3/5
f 6884/3/5 6867/3/5 6881/3/5
f 6884/4/5 6881/4/5 6880/4/5
f 6885/3/5 6867/3/5 6884/3/5
f 6886/3/5 6882/3/5 6868/3/5
f 6887/4/5 6883/4/5 6882/4/5
f 6887/3/5 6882/3/5 6886/3/5
f 6890/4/5 6885/4/5 6884/4/5
f 6890/4/5 6884/4/5 6880/4/5
f 6891/4/5 6883/4/5 6887/4/5
f 6891/4/5 6887/4/5 6886/4/5
f 6894/3/5 6889/3/5 6888/3/5
f 6895/3/5 6889/3/5 6894/3/5
f 6896/4/5 6885/4/5 6890/4/5
f 6897/4/5 6885/4/5 6896/4/5
f 6898/4/5 6891/4/5 6886/4/5
f 6899/4/5 6891/4/5 6898/4/5
f 6900/3/5 6893/3/5 6892/3/5
f 6901/3/5 6893/3/5 6900/3/5
f 6908/3/5 6903/3/5 6902/3/5
f 6909/3/5 6903/3/5 6908/3/5
f 6910/3/5 6905/3/5 6904/3/5
f 6911/3/5 6905/3/5 6910/3/5
f 6912/3/5 6907/3/5 6906/3/5
f 6913/3/5 6907/3/5 6912/3/5
f 6916/2/5 6915/2/5 6914/2/5
f 6917/2/5 6915/2/5 6916/2/5
f 6920/5/5 6919/5/5 6918/5/5
f 6921/5/5 6919/5/5 6920/5/5
f 6928/3/5 6923/3/5 6922/3/5
f 6929/3/5 6923/3/5 6928/3/5
f 6930/3/5 6925/3/5 6924/3/5
f 6931/3/5 6925/3/5 6930/3/5
f 6932/3/5 6927/3/5 6926/3/5
f 6933/3/5 6927/3/5 6932/3/5
f 6942/1/5 6935/1/5 6934/1/5
f 6943/1/5 6935/1/5 6942/1/5
f 6944/1/5 6935/1/5 6943/1/5
f 6945/3/5 6937/3/5 6936/3/5
f 6946/3/5 6937/3/5 6945/3/5
f 6947/4/5 6939/4/5 6938/4/5
f 6948/4/5 6939/4/5 6947/4/5
f 6949/4/5 6941/4/5 6940/4/5
f 6950/4/5 6941/4/5 6949/4/5
f 6951/3/5 6948/3/5 6947/3/5
f 6952/3/5 6950/3/5 6949/3/5
f 6953/4/5 6939/4/5 6948/4/5
f 6953/3/5 6948/3/5 6951/3/5
f 6954/4/5 6939/4/5 6953/4/5
f 6955/4/5 6949/4/5 6940/4/5
f 6956/3/5 6952/3/5 6949/3/5
f 6956/4/5 6949/4/5 6955/4/5
f 6959/5/5 6958/5/5 6957/5/5
f 6960/5/5 6958/5/5 6959/5/5
f 6961/3/5 6954/3/5 6953/3/5
f 6961/3/5 6953/3/5 6951/3/5
f 6962/3/5 6954/3/5 6961/3/5
f 6963/3/5 6956/3/5 6955/3/5
f 6964/3/5 6952/3/5 6956/3/5
f 6964/3/5 6956/3/5 6963/3/5
f 6965/3/5 6961/3/5 6951/3/5
f 6966/3/5 6952/3/5 6964/3/5
f 6967/3/5 6943/3/5 6942/3/5
f 6968/3/5 6943/3/5 6967/3/5
f 6972/3/5 6961/3/5 6965/3/5
f 6973/4/5 6962/4/5 6961/4/5
f 6973/3/5 6961/3/5 6972/3/5
f 6974/4/5 6964/4/5 6963/4/5
f 6974/3/5 6966/3/5 6964/3/5
f 6975/3/5 6966/3/5 6974/3/5
f 6978/1/5 6968/1/5 6967/1/5
f 6978/1/5 6969/1/5 6968/1/5
f 6979/1/5 6969/1/5 6978/1/5
f 6980/3/5 6971/3/5 6970/3/5
f 6981/3/5 6971/3/5 6980/3/5
f 6982/4/5 6973/4/5 6972/4/5
f 6983/4/5 6962/4/5 6973/4/5
f 6983/4/5 6973/4/5 6982/4/5
f 6984/4/5 6975/4/5 6974/4/5
f 6984/4/5 6974/4/5 6963/4/5
f 6985/4/5 6975/4/5 6984/4/5
f 6986/3/5 6977/3/5 6976/3/5
f 6987/3/5 6977/3/5 6986/3/5
f 6998/3/5 6989/3/5 6988/3/5
f 6999/3/5 6989/3/5 6998/3/5
f 7000/3/5 6991/3/5 6990/3/5
f 7001/3/5 6991/3/5 7000/3/5
f 7002/3/5 6995/3/5 6994/3/5
f 7003/3/5 6995/3/5 7002/3/5
f 7004/3/5 6997/3/5 6996/3/5
f 7005/3/5 6997/3/5 7004/3/5
f 7008/4/5 6993/4/5 6992/4/5
f 7009/4/5 6993/4/5 7008/4/5
f 7010/4/5 7007/4/5 7006/4/5
f 7011/4/5 7007/4/5 7010/4/5
f 7012/3/5 7009/3/5 7008/3/5
f 7013/3/5 7009/3/5 7012/3/5
f 7014/3/5 7011/3/5 7010/3/5
f 7015/3/5 7011/3/5 7014/3/5
f 7018/3/5 7001/3/5 7000/3/5
f 7019/3/5 7001/3/5 7018/3/5
f 7020/3/5 7003/3/5 7002/3/5
f 7021/3/5 7003/3/5 7020/3/5
f 7024/3/5 7017/3/5 7016/3/5
f 7025/3/5 7017/3/5 7024/3/5
f 7026/3/5 7019/3/5 7018/3/5
f 7027/3/5 7019/3/5 7026/3/5
f 7028/4/5 7013/4/5 7012/4/5
f 7029/4/5 7013/4/5 7028/4/5
f 7030/4/5 7015/4/5 7014/4/5
f 7031/4/5 7015/4/5 7030/4/5
f 7032/3/5 7021/3/5 7020/3/5
f 7033/3/5 7021/3/5 7032/3/5
f 7034/3/5 7023/3/5 7022/3/5
f 7035/3/5 7023/3/5 7034/3/5
f 7044/3/5 7037/3/5 7036/3/5
f 7045/3/5 7037/3/5 7044/3/5
f 7046/3/5 7039/3/5 7038/3/5
f 7047/3/5 7039/3/5 7046/3/5
f 7050/3/5 7043/3/5 7042/3/5
f 7051/3/5 7043/3/5 7050/3/5
f 7052/4/5 7049/4/5 7048/4/5
f 7053/4/5 7041/4/5 7040/4/5
f 7054/4/5 7041/4/5 7053/4/5
f 7055/4/5 7052/4/5 7048/4/5
f 7056/4/5 7052/4/5 7055/4/5
f 7059/3/5 7054/3/5 7053/3/5
f 7060/3/5 7056/3/5 7055/3/5
f 7061/5/5 7058/5/5 7057/5/5
f 7062/5/5 7058/5/5 7061/5/5
f 7063/3/5 7054/3/5 7059/3/5
f 7064/3/5 7060/3/5 7055/3/5
f 7065/3/5 7054/3/5 7063/3/5
f 7066/3/5 7054/3/5 7065/3/5
f 7067/3/5 7064/3/5 7055/3/5
f 7068/3/5 7064/3/5 7067/3/5
f 7075/3/5 7070/3/5 7069/3/5
f 7076/3/5 7070/3/5 7075/3/5
f 7077/3/5 7072/3/5 7071/3/5
f 7078/3/5 7072/3/5 7077/3/5
f 7079/4/5 7066/4/5 7065/4/5
f 7080/4/5 7066/4/5 7079/4/5
f 7081/4/5 7068/4/5 7067/4/5
f 7082/4/5 7068/4/5 7081/4/5
f 7083/3/5 7074/3/5 7073/3/5
f 7084/3/5 7074/3/5 7083/3/5
f 7095/3/5 7086/3/5 7085/3/5
f 7096/3/5 7086/3/5 7095/3/5
f 7097/3/5 7088/3/5 7087/3/5
f 7098/3/5 7088/3/5 7097/3/5
f 7099/4/5 7090/4/5 7089/4/5
f 7100/4/5 7090/4/5 7099/4/5
f 7105/3/5 7094/3/5 7093/3/5
f 7106/3/5 7094/3/5 7105/3/5
f 7109/4/5 7092/4/5 7091/4/5
f 7110/4/5 7092/4/5 7109/4/5
f 7111/4/5 7102/4/5 7101/4/5
f 7112/4/5 7102/4/5 7111/4/5
f 7113/2/5 7108/2/5 7107/2/5
f 7114/2/5 7108/2/5 7113/2/5
f 7115/3/5 7100/3/5 7099/3/5
f 7116/3/5 7110/3/5 7109/3/5
f 7117/3/5 7112/3/5 7111/3/5
f 7118/3/5 7104/3/5 7103/3/5
f 7121/5/5 7120/5/5 7119/5/5
f 7122/5/5 7120/5/5 7121/5/5
f 7123/3/5 7115/3/5 7099/3/5
f 7124/3/5 7110/3/5 7116/3/5
f 7125/3/5 7117/3/5 7111/3/5
f 7126/3/5 7104/3/5 7118/3/5
f 7127/3/5 7110/3/5 7124/3/5
f 7128/3/5 7110/3/5 7127/3/5
f 7129/3/5 7125/3/5 7111/3/5
f 7130/3/5 7125/3/5 7129/3/5
f 7135/3/5 7123/3/5 7099/3/5
f 7136/3/5 7123/3/5 7135/3/5
f 7137/3/5 7104/3/5 7126/3/5
f 7138/3/5 7104/3/5 7137/3/5
f 7141/3/5 7132/3/5 7131/3/5
f 7142/3/5 7132/3/5 7141/3/5
f 7143/3/5 7134/3/5 7133/3/5
f 7144/3/5 7134/3/5 7143/3/5
f 7145/4/5 7136/4/5 7135/4/5
f 7146/4/5 7136/4/5 7145/4/5
f 7147/4/5 7128/4/5 7127/4/5
f 7148/4/5 7128/4/5 7147/4/5
f 7149/4/5 7130/4/5 7129/4/5
f 7150/4/5 7130/4/5 7149/4/5
f 7151/4/5 7138/4/5 7137/4/5
f 7152/4/5 7138/4/5 7151/4/5
f 7153/3/5 7140/3/5 7139/3/5
f 7154/3/5 7140/3/5 7153/3/5
f 7165/1/5 7156/1/5 7155/1/5
f 7166/1/5 7156/1/5 7165/1/5
f 7167/3/5 7158/3/5 7157/3/5
f 7168/3/5 7158/3/5 7167/3/5
f 7169/4/5 7160/4/5 7159/4/5
f 7170/4/5 7160/4/5 7169/4/5
f 7171/3/5 7162/3/5 7161/3/5
f 7172/3/5 7162/3/5 7171/3/5
f 7173/3/5 7164/3/5 7163/3/5
f 7174/3/5 7164/3/5 7173/3/5
f 7175/2/5 7174/2/5 7173/2/5
f 7176/2/5 7174/2/5 7175/2/5
f 7179/5/5 7178/5/5 7177/5/5
f 7180/5/5 7178/5/5 7179/5/5
f 7184/5/5 7182/5/5 7181/5/5
f 7185/5/5 7182/5/5 7184/5/5
f 7188/5/5 7184/5/5 7183/5/5
f 7189/5/5 7184/5/5 7188/5/5
f 7190/5/5 7187/5/5 7186/5/5
f 7191/5/5 7187/5/5 7190/5/5
f 7193/5/5 7192/5/5 7191/5/5
f 7194/5/5 7192/5/5 7193/5/5
f 7201/1/5 7196/1/5 7195/1/5
f 7202/1/5 7196/1/5 7201/1/5
f 7203/3/5 7198/3/5 7197/3/5
f 7204/3/5 7198/3/5 7203/3/5
f 7205/3/5 7200/3/5 7199/3/5
f 7206/3/5 7200/3/5 7205/3/5
f 7221/1/5 7208/1/5 7207/1/5
f 7222/1/5 7208/1/5 7221/1/5
f 7223/3/5 7210/3/5 7209/3/5
f 7224/3/5 7210/3/5 7223/3/5
f 7225/3/5 7212/3/5 7211/3/5
f 7226/3/5 7212/3/5 7225/3/5
f 7227/4/5 7216/4/5 7215/4/5
f 7229/3/5 7218/3/5 7217/3/5
f 7230/3/5 7218/3/5 7229/3/5
f 7231/3/5 7220/3/5 7219/3/5
f 7232/3/5 7220/3/5 7231/3/5
f 7237/4/5 7214/4/5 7213/4/5
f 7238/4/5 7214/4/5 7237/4/5
f 7239/4/5 7227/4/5 7215/4/5
f 7239/4/5 7228/4/5 7227/4/5
f 7240/4/5 7228/4/5 7239/4/5
f 7241/5/5 7234/5/5 7233/5/5
f 7242/5/5 7234/5/5 7241/5/5
f 7243/5/5 7236/5/5 7235/5/5
f 7244/5/5 7236/5/5 7243/5/5
f 7245/4/5 7237/4/5 7213/4/5
f 7246/3/5 7238/3/5 7237/3/5
f 7246/4/5 7237/4/5 7245/4/5
f 7247/4/5 7228/4/5 7240/4/5
f 7247/3/5 7240/3/5 7239/3/5
f 7248/4/5 7228/4/5 7247/4/5
f 7251/5/5 7250/5/5 7249/5/5
f 7252/5/5 7250/5/5 7251/5/5
f 7253/5/5 7250/5/5 7252/5/5
f 7254/3/5 7246/3/5 7245/3/5
f 7255/3/5 7238/3/5 7246/3/5
f 7255/3/5 7246/3/5 7254/3/5
f 7256/3/5 7247/3/5 7239/3/5
f 7256/3/5 7248/3/5 7247/3/5
f 7257/3/5 7248/3/5 7256/3/5
f 7260/5/5 7259/5/5 7258/5/5
f 7261/5/5 7259/5/5 7260/5/5
f 7262/3/5 7238/3/5 7255/3/5
f 7262/4/5 7255/4/5 7254/4/5
f 7263/3/5 7238/3/5 7262/3/5
f 7264/3/5 7256/3/5 7239/3/5
f 7265/4/5 7257/4/5 7256/4/5
f 7265/3/5 7256/3/5 7264/3/5
f 7274/1/5 7267/1/5 7266/1/5
f 7275/1/5 7267/1/5 7274/1/5
f 7276/3/5 7269/3/5 7268/3/5
f 7277/3/5 7269/3/5 7276/3/5
f 7278/3/5 7271/3/5 7270/3/5
f 7279/3/5 7271/3/5 7278/3/5
f 7280/4/5 7263/4/5 7262/4/5
f 7280/4/5 7262/4/5 7254/4/5
f 7281/4/5 7263/4/5 7280/4/5
f 7282/4/5 7265/4/5 7264/4/5
f 7283/4/5 7257/4/5 7265/4/5
f 7283/4/5 7265/4/5 7282/4/5
f 7284/3/5 7273/3/5 7272/3/5
f 7285/3/5 7273/3/5 7284/3/5
f 7298/3/5 7287/3/5 7286/3/5
f 7299/3/5 7287/3/5 7298/3/5
f 7300/3/5 7289/3/5 7288/3/5
f 7301/3/5 7289/3/5 7300/3/5
f 7306/3/5 7295/3/5 7294/3/5
f 7307/3/5 7295/3/5 7306/3/5
f 7308/3/5 7297/3/5 7296/3/5
f 7309/3/5 7297/3/5 7308/3/5
f 7310/3/5 7297/3/5 7309/3/5
f 7315/4/5 7291/4/5 7290/4/5
f 7316/4/5 7291/4/5 7315/4/5
f 7317/4/5 7293/4/5 7292/4/5
f 7318/4/5 7293/4/5 7317/4/5
f 7319/5/5 7312/5/5 7311/5/5
f 7320/5/5 7314/5/5 7313/5/5
f 7321/5/5 7314/5/5 7320/5/5
f 7322/5/5 7312/5/5 7319/5/5
f 7323/5/5 7312/5/5 7322/5/5
f 7324/2/5 7303/2/5 7302/2/5
f 7325/2/5 7305/2/5 7304/2/5
f 7326/2/5 7324/2/5 7302/2/5
f 7327/2/5 7305/2/5 7325/2/5
f 7328/3/5 7316/3/5 7315/3/5
f 7329/3/5 7316/3/5 7328/3/5
f 7330/3/5 7318/3/5 7317/3/5
f 7331/3/5 7318/3/5 7330/3/5
f 7336/2/5 7326/2/5 7302/2/5
f 7337/2/5 7326/2/5 7336/2/5
f 7338/2/5 7305/2/5 7327/2/5
f 7339/2/5 7305/2/5 7338/2/5
f 7344/3/5 7333/3/5 7332/3/5
f 7345/3/5 7333/3/5 7344/3/5
f 7346/3/5 7335/3/5 7334/3/5
f 7347/3/5 7335/3/5 7346/3/5
f 7348/4/5 7329/4/5 7328/4/5
f 7349/4/5 7329/4/5 7348/4/5
f 7350/4/5 7331/4/5 7330/4/5
f 7351/4/5 7331/4/5 7350/4/5
f 7352/3/5 7341/3/5 7340/3/5
f 7353/3/5 7341/3/5 7352/3/5
f 7354/3/5 7343/3/5 7342/3/5
f 7355/3/5 7343/3/5 7354/3/5
f 7372/3/5 7357/3/5 7356/3/5
f 7373/3/5 7357/3/5 7372/3/5
f 7374/3/5 7359/3/5 7358/3/5
f 7375/3/5 7359/3/5 7374/3/5
f 7376/3/5 7361/3/5 7360/3/5
f 7377/3/5 7361/3/5 7376/3/5
f 7378/3/5 7367/3/5 7366/3/5
f 7379/3/5 7367/3/5 7378/3/5
f 7380/3/5 7369/3/5 7368/3/5
f 7381/3/5 7369/3/5 7380/3/5
f 7382/3/5 7371/3/5 7370/3/5
f 7383/3/5 7371/3/5 7382/3/5
f 7384/4/5 7363/4/5 7362/4/5
f 7385/4/5 7363/4/5 7384/4/5
f 7386/4/5 7365/4/5 7364/4/5
f 7387/4/5 7365/4/5 7386/4/5
f 7390/4/5 7384/4/5 7362/4/5
f 7391/3/5 7385/3/5 7384/3/5
f 7391/4/5 7384/4/5 7390/4/5
f 7392/4/5 7365/4/5 7387/4/5
f 7392/3/5 7387/3/5 7386/3/5
f 7393/4/5 7365/4/5 7392/4/5
f 7394/5/5 7389/5/5 7388/5/5
f 7395/5/5 7389/5/5 7394/5/5
f 7396/4/5 7390/4/5 7362/4/5
f 7397/3/5 7391/3/5 7390/3/5
f 7397/4/5 7390/4/5 7396/4/5
f 7398/4/5 7365/4/5 7393/4/5
f 7398/3/5 7393/3/5 7392/3/5
f 7399/4/5 7365/4/5 7398/4/5
f 7400/3/5 7397/3/5 7396/3/5
f 7401/3/5 7391/3/5 7397/3/5
f 7401/3/5 7397/3/5 7400/3/5
f 7402/3/5 7398/3/5 7392/3/5
f 7402/3/5 7399/3/5 7398/3/5
f 7403/3/5 7399/3/5 7402/3/5
f 7404/3/5 7391/3/5 7401/3/5
f 7404/4/5 7401/4/5 7400/4/5
f 7405/3/5 7385/3/5 7391/3/5
f 7405/3/5 7391/3/5 7404/3/5
f 7406/3/5 7392/3/5 7386/3/5
f 7406/3/5 7402/3/5 7392/3/5
f 7407/4/5 7403/4/5 7402/4/5
f 7407/3/5 7402/3/5 7406/3/5
f 7408/3/5 7385/3/5 7405/3/5
f 7408/4/5 7405/4/5 7404/4/5
f 7409/3/5 7385/3/5 7408/3/5
f 7410/3/5 7406/3/5 7386/3/5
f 7411/4/5 7407/4/5 7406/4/5
f 7411/3/5 7406/3/5 7410/3/5
f 7422/3/5 7413/3/5 7412/3/5
f 7423/3/5 7413/3/5 7422/3/5
f 7424/3/5 7415/3/5 7414/3/5
f 7425/3/5 7415/3/5 7424/3/5
f 7426/3/5 7417/3/5 7416/3/5
f 7427/3/5 7417/3/5 7426/3/5
f 7428/4/5 7404/4/5 7400/4/5
f 7428/4/5 7409/4/5 7408/4/5
f 7428/4/5 7408/4/5 7404/4/5
f 7429/4/5 7409/4/5 7428/4/5
f 7430/4/5 7411/4/5 7410/4/5
f 7431/4/5 7403/4/5 7407/4/5
f 7431/4/5 7411/4/5 7430/4/5
f 7431/4/5 7407/4/5 7411/4/5
f 7432/3/5 7419/3/5 7418/3/5
f 7433/3/5 7419/3/5 7432/3/5
f 7434/3/5 7421/3/5 7420/3/5
f 7435/3/5 7421/3/5 7434/3/5
f 7444/3/5 7437/3/5 7436/3/5
f 7445/3/5 7437/3/5 7444/3/5
f 7448/4/5 7439/4/5 7438/4/5
f 7449/3/5 7440/3/5 7439/3/5
f 7449/4/5 7439/4/5 7448/4/5
f 7450/4/5 7443/4/5 7442/4/5
f 7450/3/5 7442/3/5 7441/3/5
f 7451/4/5 7443/4/5 7450/4/5
f 7456/2/5 7447/2/5 7446/2/5
f 7457/2/5 7453/2/5 7452/2/5
f 7458/5/5 7455/5/5 7454/5/5
f 7459/5/5 7455/5/5 7458/5/5
f 7460/2/5 7456/2/5 7446/2/5
f 7461/2/5 7453/2/5 7457/2/5
f 7464/2/5 7460/2/5 7446/2/5
f 7465/2/5 7460/2/5 7464/2/5
f 7466/3/5 7449/3/5 7448/3/5
f 7467/3/5 7440/3/5 7449/3/5
f 7467/3/5 7449/3/5 7466/3/5
f 7468/3/5 7450/3/5 7441/3/5
f 7468/3/5 7451/3/5 7450/3/5
f 7469/3/5 7451/3/5 7468/3/5
f 7470/2/5 7453/2/5 7461/2/5
f 7471/2/5 7453/2/5 7470/2/5
f 7472/3/5 7463/3/5 7462/3/5
f 7473/3/5 7463/3/5 7472/3/5
f 7474/4/5 7467/4/5 7466/4/5
f 7475/3/5 7440/3/5 7467/3/5
f 7475/4/5 7467/4/5 7474/4/5
f 7476/3/5 7440/3/5 7475/3/5
f 7477/3/5 7468/3/5 7441/3/5
f 7478/4/5 7469/4/5 7468/4/5
f 7478/3/5 7468/3/5 7477/3/5
f 7479/4/5 7469/4/5 7478/4/5
f 7492/1/5 7481/1/5 7480/1/5
f 7493/1/5 7481/1/5 7492/1/5
f 7494/3/5 7483/3/5 7482/3/5
f 7495/3/5 7483/3/5 7494/3/5
f 7496/3/5 7485/3/5 7484/3/5
f 7497/3/5 7485/3/5 7496/3/5
f 7498/4/5 7487/4/5 7486/4/5
f 7499/4/5 7487/4/5 7498/4/5
f 7506/3/5 7489/3/5 7488/3/5
f 7507/3/5 7489/3/5 7506/3/5
f 7508/3/5 7491/3/5 7490/3/5
f 7509/3/5 7491/3/5 7508/3/5
f 7518/2/5 7501/2/5 7500/2/5
f 7519/2/5 7501/2/5 7518/2/5
f 7520/2/5 7503/2/5 7502/2/5
f 7521/2/5 7503/2/5 7520/2/5
f 7522/2/5 7505/2/5 7504/2/5
f 7523/2/5 7505/2/5 7522/2/5
f 7530/1/5 7511/1/5 7510/1/5
f 7531/1/5 7511/1/5 7530/1/5
f 7532/3/5 7513/3/5 7512/3/5
f 7533/3/5 7513/3/5 7532/3/5
f 7534/3/5 7515/3/5 7514/3/5
f 7535/3/5 7515/3/5 7534/3/5
f 7536/4/5 7517/4/5 7516/4/5
f 7537/4/5 7517/4/5 7536/4/5
f 7538/4/5 7525/4/5 7524/4/5
f 7539/4/5 7525/4/5 7538/4/5
f 7540/3/5 7527/3/5 7526/3/5
f 7541/3/5 7527/3/5 7540/3/5
f 7542/3/5 7529/3/5 7528/3/5
f 7543/3/5 7529/3/5 7542/3/5
f 7550/1/5 7545/1/5 7544/1/5
f 7551/1/5 7545/1/5 7550/1/5
f 7552/3/5 7547/3/5 7546/3/5
f 7553/3/5 7547/3/5 7552/3/5
f 7554/3/5 7549/3/5 7548/3/5
f 7555/3/5 7549/3/5 7554/3/5
f 7558/2/5 7557/2/5 7556/2/5
f 7559/2/5 7557/2/5 7558/2/5
f 7562/5/5 7561/5/5 7560/5/5
f 7563/5/5 7561/5/5 7562/5/5
f 7566/5/5 7565/5/5 7564/5/5
f 7567/5/5 7565/5/5 7566/5/5
f 7568/3/5 7551/3/5 7550/3/5
f 7569/3/5 7551/3/5 7568/3/5
f 7574/1/5 7569/1/5 7568/1/5
f 7575/1/5 7569/1/5 7574/1/5
f 7576/3/5 7571/3/5 7570/3/5
f 7577/3/5 7571/3/5 7576/3/5
f 7578/3/5 7573/3/5 7572/3/5
f 7579/3/5 7573/3/5 7578/3/5
f 7592/3/5 7581/3/5 7580/3/5
f 7593/3/5 7581/3/5 7592/3/5
f 7594/3/5 7583/3/5 7582/3/5
f 7595/3/5 7583/3/5 7594/3/5
f 7596/4/5 7585/4/5 7584/4/5
f 7597/4/5 7585/4/5 7596/4/5
f 7598/4/5 7587/4/5 7586/4/5
f 7599/4/5 7587/4/5 7598/4/5
f 7600/3/5 7589/3/5 7588/3/5
f 7601/3/5 7589/3/5 7600/3/5
f 7602/3/5 7591/3/5 7590/3/5
f 7603/3/5 7591/3/5 7602/3/5
f 7606/5/5 7605/5/5 7604/5/5
f 7607/5/5 7605/5/5 7606/5/5
f 7610/5/5 7609/5/5 7608/5/5
f 7611/5/5 7609/5/5 7610/5/5
f 7622/3/5 7613/3/5 7612/3/5
f 7623/3/5 7613/3/5 7622/3/5
f 7624/3/5 7615/3/5 7614/3/5
f 7625/3/5 7615/3/5 7624/3/5
f 7626/4/5 7617/4/5 7616/4/5
f 7627/4/5 7617/4/5 7626/4/5
f 7628/4/5 7619/4/5 7618/4/5
f 7629/4/5 7619/4/5 7628/4/5
f 7630/3/5 7621/3/5 7620/3/5
f 7631/3/5 7621/3/5 7630/3/5
f 7636/3/5 7633/3/5 7632/3/5
f 7637/3/5 7633/3/5 7636/3/5
f 7638/3/5 7635/3/5 7634/3/5
f 7639/3/5 7635/3/5 7638/3/5
f 7640/3/5 7635/3/5 7639/3/5
f 7643/5/5 7642/5/5 7641/5/5
f 7644/5/5 7642/5/5 7643/5/5
f 7649/3/5 7646/3/5 7645/3/5
f 7650/3/5 7646/3/5 7649/3/5
f 7651/3/5 7648/3/5 7647/3/5
f 7652/3/5 7648/3/5 7651/3/5
f 7659/1/5 7654/1/5 7653/1/5
f 7660/1/5 7654/1/5 7659/1/5
f 7661/3/5 7656/3/5 7655/3/5
f 7662/3/5 7656/3/5 7661/3/5
f 7663/3/5 7658/3/5 7657/3/5
f 7664/3/5 7658/3/5 7663/3/5
f 7671/1/5 7666/1/5 7665/1/5
f 7672/1/5 7666/1/5 7671/1/5
f 7673/3/5 7668/3/5 7667/3/5
f 7674/3/5 7668/3/5 7673/3/5
f 7675/3/5 7670/3/5 7669/3/5
f 7676/3/5 7670/3/5 7675/3/5
f 7683/1/5 7678/1/5 7677/1/5
f 7684/1/5 7678/1/5 7683/1/5
f 7685/3/5 7680/3/5 7679/3/5
f 7686/3/5 7680/3/5 7685/3/5
f 7688/1/5 7682/1/5 7681/1/5
f 7689/1/5 7682/1/5 7688/1/5
f 7690/2/5 7687/2/5 7686/2/5
f 7691/2/5 7687/2/5 7690/2/5
f 7694/5/5 7693/5/5 7692/5/5
f 7695/5/5 7693/5/5 7694/5/5
f 7698/3/5 7684/3/5 7683/3/5
f 7699/3/5 7684/3/5 7698/3/5
f 7700/2/5 7697/2/5 7696/2/5
f 7701/2/5 7697/2/5 7700/2/5
f 7702/1/5 7699/1/5 7698/1/5
f 7703/1/5 7699/1/5 7702/1/5
f 7714/3/5 7705/3/5 7704/3/5
f 7715/3/5 7705/3/5 7714/3/5
f 7716/3/5 7707/3/5 7706/3/5
f 7717/3/5 7707/3/5 7716/3/5
f 7718/3/5 7709/3/5 7708/3/5
f 7719/3/5 7709/3/5 7718/3/5
f 7720/3/5 7711/3/5 7710/3/5
f 7721/3/5 7711/3/5 7720/3/5
f 7722/3/5 7713/3/5 7712/3/5
f 7723/3/5 7713/3/5 7722/3/5
f 7734/3/5 7725/3/5 7724/3/5
f 7735/3/5 7725/3/5 7734/3/5
f 7736/3/5 7727/3/5 7726/3/5
f 7737/3/5 7727/3/5 7736/3/5
f 7738/3/5 7729/3/5 7728/3/5
f 7739/3/5 7729/3/5 7738/3/5
f 7740/3/5 7731/3/5 7730/3/5
f 7741/3/5 7731/3/5 7740/3/5
f 7742/3/5 7733/3/5 7732/3/5
f 7743/3/5 7733/3/5 7742/3/5
f 7746/3/5 7745/3/5 7744/3/5
f 7747/3/5 7745/3/5 7746/3/5
f 7750/5/5 7749/5/5 7748/5/5
f 7751/5/5 7749/5/5 7750/5/5
f 7754/1/5 7753/1/5 7752/1/5
f 7757/1/5 7754/1/5 7752/1/5
f 7758/1/5 7754/1/5 7757/1/5
f 7759/2/5 7756/2/5 7755/2/5
f 7760/2/5 7756/2/5 7759/2/5
f 7761/3/5 7758/3/5 7757/3/5
f 7762/3/5 7758/3/5 7761/3/5
f 7763/1/5 7762/1/5 7761/1/5
f 7764/1/5 7763/1/5 7761/1/5
f 7765/1/5 7763/1/5 7764/1/5
f 7772/3/5 7767/3/5 7766/3/5
f 7773/3/5 7767/3/5 7772/3/5
f 7774/3/5 7769/3/5 7768/3/5
f 7775/3/5 7769/3/5 7774/3/5
f 7776/3/5 7771/3/5 7770/3/5
f 7777/3/5 7771/3/5 7776/3/5
f 7780/5/5 7779/5/5 7778/5/5
f 7781/5/5 7779/5/5 7780/5/5
f 7786/3/5 7783/3/5 7782/3/5
f 7787/3/5 7783/3/5 7786/3/5
f 7788/3/5 7785/3/5 7784/3/5
f 7789/3/5 7785/3/5 7788/3/5
f 7794/3/5 7793/3/5 7792/3/5
f 7795/3/5 7793/3/5 7794/3/5
f 7796/3/5 7791/3/5 7790/3/5
f 7797/3/5 7791/3/5 7796/3/5
f 7800/1/5 7799/1/5 7798/1/5
f 7801/1/5 7799/1/5 7800/1/5
f 7802/2/6 7803/2/6 7804/2/6
f 7804/2/6 7803/2/6 7805/2/6
f 7806/2/6 7807/2/6 7808/2/6
f 7808/2/6 7807/2/6 7809/2/6
f 7810/2/6 7811/2/6 7812/2/6
f 7812/2/6 7811/2/6 7813/2/6
f 7814/5/6 7815/5/6 7818/5/6
f 7818/5/6 7815/5/6 7819/5/6
f 7816/5/6 7817/5/6 7820/5/6
f 7820/5/6 7817/5/6 7821/5/6
f 7822/2/6 7823/2/6 7824/2/6
f 7824/2/6 7823/2/6 7825/2/6
f 7826/2/6 7827/2/6 7828/2/6
f 7828/2/6 7827/2/6 7829/2/6
f 7830/2/6 7831/2/6 7832/2/6
f 7832/2/6 7831/2/6 7833/2/6
f 7834/3/6 7835/3/6 7836/3/6
f 7836/3/6 7835/3/6 7837/3/6
f 7838/2/6 7839/2/6 7840/2/6
f 7840/2/6 7839/2/6 7841/2/6
f 7842/2/6 7843/2/6 7845/2/6
f 7844/2/6 7845/2/6 7849/2/6
f 7845/2/6 7843/2/6 7850/2/6
f 7849/2/6 7845/2/6 7850/2/6
f 7850/2/6 7843/2/6 7851/2/6
f 7846/5/6 7847/5/6 7852/5/6
f 7847/2/6 7848/2/6 7853/2/6
f 7852/5/6 7847/5/6 7853/5/6
f 7853/2/6 7848/2/6 7854/2/6
f 7854/2/6 7855/2/6 7856/2/6
f 7853/2/6 7854/2/6 7856/2/6
f 7856/2/6 7855/2/6 7857/2/6
f 7857/2/6 7855/2/6 7858/2/6
f 7858/2/6 7859/2/6 7860/2/6
f 7857/2/6 7858/2/6 7860/2/6
f 7860/2/6 7859/2/6 7861/2/6
f 7857/2/6 7860/2/6 7862/2/6
f 7862/2/6 7860/2/6 7863/2/6
f 7857/2/6 7862/2/6 7864/2/6
f 7864/2/6 7862/2/6 7865/2/6
f 7866/2/6 7867/2/6 7868/2/6
f 7868/2/6 7867/2/6 7869/2/6
f 7870/3/6 7871/3/6 7872/3/6
f 7872/3/6 7871/3/6 7873/3/6
f 7874/3/6 7875/3/6 7878/3/6
f 7878/3/6 7875/3/6 7879/3/6
f 7876/3/6 7877/3/6 7880/3/6
f 7880/3/6 7877/3/6 7881/3/6
f 7881/3/6 7877/3/6 7882/3/6
f 7881/5/6 7882/5/6 7887/5/6
f 7882/2/6 7883/2/6 7888/2/6
f 7884/2/6 7885/2/6 7890/2/6
f 7890/2/6 7885/2/6 7891/2/6
f 7886/5/6 7887/5/6 7892/5/6
f 7887/5/6 7882/5/6 7893/5/6
f 7892/5/6 7887/5/6 7893/5/6
f 7888/2/6 7889/2/6 7894/2/6
f 7889/2/6 7890/2/6 7894/2/6
f 7894/2/6 7890/2/6 7895/2/6
f 7893/5/6 7882/5/6 7896/5/6
f 7882/2/6 7888/2/6 7897/2/6
f 7896/5/6 7882/5/6 7897/5/6
f 7888/2/6 7894/2/6 7897/2/6
f 7897/2/6 7894/2/6 7898/2/6
f 7898/2/6 7894/2/6 7899/2/6
f 7899/2/6 7900/2/6 7901/2/6
f 7898/2/6 7899/2/6 7901/2/6
f 7901/2/6 7900/2/6 7902/2/6
f 7898/2/6 7901/2/6 7905/2/6
f 7905/2/6 7901/2/6 7906/2/6
f 7903/5/6 7904/5/6 7907/5/6
f 7907/5/6 7904/5/6 7908/5/6
f 7908/2/6 7909/2/6 7910/2/6
f 7910/2/6 7909/2/6 7911/2/6
f 7912/2/6 7913/2/6 7915/2/6
f 7914/2/6 7915/2/6 7917/2/6
f 7916/2/6 7917/2/6 7919/2/6
f 7915/2/6 7913/2/6 7920/2/6
f 7917/2/6 7915/2/6 7920/2/6
f 7919/2/6 7917/2/6 7920/2/6
f 7918/2/6 7919/2/6 7921/2/6
f 7921/2/6 7919/2/6 7922/2/6
f 7922/2/6 7923/2/6 7925/2/6
f 7925/2/6 7923/2/6 7926/2/6
f 7926/2/6 7923/2/6 7927/2/6
f 7924/3/6 7925/3/6 7928/3/6
f 7925/3/6 7926/3/6 7928/3/6
f 7928/3/6 7926/3/6 7929/3/6
f 7930/3/6 7931/3/6 7937/3/6
f 7931/4/6 7932/4/6 7938/4/6
f 7937/3/6 7931/3/6 7938/3/6
f 7938/4/6 7932/4/6 7939/4/6
f 7933/4/6 7934/4/6 7940/4/6
f 7940/4/6 7934/4/6 7941/4/6
f 7935/3/6 7936/3/6 7942/3/6
f 7942/3/6 7936/3/6 7943/3/6
f 7943/3/6 7936/3/6 7944/3/6
f 7944/5/6 7945/5/6 7948/5/6
f 7943/5/6 7944/5/6 7948/5/6
f 7948/5/6 7945/5/6 7949/5/6
f 7949/5/6 7945/5/6 7950/5/6
f 7946/2/6 7947/2/6 7951/2/6
f 7951/2/6 7947/2/6 7952/2/6
f 7948/5/6 7949/5/6 7953/5/6
f 7953/5/6 7949/5/6 7954/5/6
f 7954/5/6 7955/5/6 7956/5/6
f 7956/5/6 7955/5/6 7957/5/6
f 7939/4/6 7932/4/6 7958/4/6
f 7958/4/6 7932/4/6 7959/4/6
f 7933/4/6 7940/4/6 7960/4/6
f 7960/4/6 7940/4/6 7961/4/6
f 7962/5/6 7963/5/6 7964/5/6
f 7964/5/6 7963/5/6 7965/5/6
f 7966/2/6 7967/2/6 7968/2/6
f 7968/2/6 7967/2/6 7969/2/6
f 7958/3/6 7959/3/6 7970/3/6
f 7970/3/6 7959/3/6 7971/3/6
f 7960/3/6 7961/3/6 7972/3/6
f 7972/3/6 7961/3/6 7973/3/6
f 7974/2/6 7975/2/6 7976/2/6
f 7976/2/6 7975/2/6 7977/2/6
f 7970/4/6 7971/4/6 7982/4/6
f 7972/4/6 7973/4/6 7983/4/6
f 7978/2/6 7979/2/6 7988/2/6
f 7988/2/6 7979/2/6 7989/2/6
f 7980/3/6 7981/3/6 7990/3/6
f 7981/4/6 7982/4/6 7991/4/6
f 7990/3/6 7981/3/6 7991/3/6
f 7982/4/6 7971/4/6 7992/4/6
f 7991/4/6 7982/4/6 7992/4/6
f 7972/4/6 7983/4/6 7993/4/6
f 7983/4/6 7984/4/6 7993/4/6
f 7984/3/6 7985/3/6 7994/3/6
f 7993/4/6 7984/4/6 7994/4/6
f 7994/3/6 7985/3/6 7995/3/6
f 7986/3/6 7987/3/6 7996/3/6
f 7996/3/6 7987/3/6 7997/3/6
f 7998/1/6 7999/1/6 8001/1/6
f 8001/1/6 7999/1/6 8002/1/6
f 7999/3/6 8000/3/6 8003/3/6
f 8002/1/6 7999/1/6 8003/1/6
f 8003/3/6 8000/3/6 8004/3/6
f 7998/1/6 8001/1/6 8005/1/6
f 8001/3/6 8002/3/6 8006/3/6
f 8005/1/6 8001/1/6 8006/1/6
f 8007/5/6 8008/5/6 8009/5/6
f 8009/5/6 8008/5/6 8010/5/6
f 8011/5/6 8012/5/6 8013/5/6
f 8013/5/6 8012/5/6 8014/5/6
f 8015/5/6 8016/5/6 8017/5/6
f 8017/5/6 8016/5/6 8018/5/6
f 8019/2/6 8020/2/6 8022/2/6
f 8022/2/6 8020/2/6 8023/2/6
f 8005/3/6 8006/3/6 8024/3/6
f 8006/3/6 8002/3/6 8025/3/6
f 8024/3/6 8006/3/6 8025/3/6
f 8021/5/6 8022/5/6 8027/5/6
f 8025/3/6 8002/3/6 8028/3/6
f 8024/1/6 8025/1/6 8028/1/6
f 8028/3/6 8002/3/6 8029/3/6
f 8026/5/6 8027/5/6 8032/5/6
f 8032/5/6 8027/5/6 8033/5/6
f 8027/5/6 8022/5/6 8034/5/6
f 8033/5/6 8027/5/6 8034/5/6
f 8034/5/6 8022/5/6 8035/5/6
f 8024/1/6 8028/1/6 8036/1/6
f 8028/1/6 8029/1/6 8036/1/6
f 8029/1/6 8030/1/6 8036/1/6
f 8030/3/6 8031/3/6 8037/3/6
f 8036/1/6 8030/1/6 8037/1/6
f 8037/3/6 8031/3/6 8038/3/6
f 8032/3/6 8033/3/6 8039/3/6
f 8039/3/6 8033/3/6 8040/3/6
f 8034/3/6 8035/3/6 8041/3/6
f 8041/3/6 8035/3/6 8042/3/6
f 8043/5/6 8044/5/6 8045/5/6
f 8045/5/6 8044/5/6 8046/5/6
f 8047/5/6 8048/5/6 8051/5/6
f 8051/5/6 8048/5/6 8052/5/6
f 8049/5/6 8050/5/6 8054/5/6
f 8050/5/6 8051/5/6 8054/5/6
f 8051/5/6 8052/5/6 8054/5/6
f 8054/5/6 8052/5/6 8055/5/6
f 8052/2/6 8053/2/6 8056/2/6
f 8055/5/6 8052/5/6 8056/5/6
f 8056/2/6 8053/2/6 8057/2/6
f 8055/5/6 8056/5/6 8058/5/6
f 8058/5/6 8056/5/6 8059/5/6
f 8060/5/6 8061/5/6 8063/5/6
f 8062/5/6 8063/5/6 8065/5/6
f 8063/5/6 8061/5/6 8066/5/6
f 8065/5/6 8063/5/6 8066/5/6
f 8064/2/6 8065/2/6 8067/2/6
f 8067/2/6 8065/2/6 8068/2/6
f 8069/3/6 8070/3/6 8071/3/6
f 8071/3/6 8070/3/6 8072/3/6
f 8071/5/6 8072/5/6 8073/5/6
f 8073/5/6 8072/5/6 8074/5/6
f 8075/5/6 8076/5/6 8077/5/6
f 8077/5/6 8076/5/6 8078/5/6
f 8079/5/6 8080/5/6 8082/5/6
f 8082/5/6 8080/5/6 8083/5/6
f 8083/5/6 8080/5/6 8084/5/6
f 8081/5/6 8082/5/6 8085/5/6
f 8082/5/6 8083/5/6 8085/5/6
f 8085/5/6 8083/5/6 8086/5/6
f 8081/5/6 8085/5/6 8088/5/6
f 8088/5/6 8085/5/6 8089/5/6
f 8087/2/6 8088/2/6 8090/2/6
f 8090/2/6 8088/2/6 8091/2/6
f 8090/3/6 8091/3/6 8093/3/6
f 8091/3/6 8092/3/6 8093/3/6
f 8093/3/6 8092/3/6 8094/3/6
f 8095/5/6 8096/5/6 8098/5/6
f 8098/5/6 8096/5/6 8099/5/6
f 8097/5/6 8098/5/6 8100/5/6
f 8100/5/6 8098/5/6 8101/5/6
f 8102/5/6 8103/5/6 8105/5/6
f 8105/5/6 8103/5/6 8106/5/6
f 8104/5/6 8105/5/6 8107/5/6
f 8107/5/6 8105/5/6 8108/5/6
f 8111/3/6 8112/3/6 8113/3/6
f 8113/3/6 8112/3/6 8114/3/6
f 8109/1/6 8110/1/6 8115/1/6
f 8116/5/6 8117/5/6 8118/5/6
f 8118/5/6 8117/5/6 8119/5/6
f 8109/1/6 8115/1/6 8120/1/6
f 8120/1/6 8115/1/6 8121/1/6
f 8122/5/6 8123/5/6 8124/5/6
f 8124/5/6 8123/5/6 8125/5/6
f 8126/5/6 8127/5/6 8129/5/6
f 8128/5/6 8129/5/6 8130/5/6
f 8129/5/6 8127/5/6 8131/5/6
f 8130/5/6 8129/5/6 8131/5/6
f 8131/5/6 8127/5/6 8132/5/6
f 8120/3/6 8121/3/6 8133/3/6
f 8133/3/6 8121/3/6 8134/3/6
f 8133/1/6 8134/1/6 8137/1/6
f 8135/5/6 8136/5/6 8138/5/6
f 8138/5/6 8136/5/6 8139/5/6
f 8133/1/6 8137/1/6 8142/1/6
f 8142/1/6 8137/1/6 8143/1/6
f 8140/3/6 8141/3/6 8144/3/6
f 8144/3/6 8141/3/6 8145/3/6
f 8146/3/6 8147/3/6 8152/3/6
f 8147/4/6 8148/4/6 8153/4/6
f 8152/3/6 8147/3/6 8153/3/6
f 8153/4/6 8148/4/6 8154/4/6
f 8149/4/6 8150/4/6 8155/4/6
f 8150/3/6 8151/3/6 8156/3/6
f 8155/4/6 8150/4/6 8156/4/6
f 8156/3/6 8151/3/6 8157/3/6
f 8154/4/6 8148/4/6 8160/4/6
f 8160/4/6 8148/4/6 8161/4/6
f 8149/4/6 8155/4/6 8162/4/6
f 8162/4/6 8155/4/6 8163/4/6
f 8158/5/6 8159/5/6 8164/5/6
f 8164/5/6 8159/5/6 8165/5/6
f 8166/5/6 8167/5/6 8168/5/6
f 8168/5/6 8167/5/6 8169/5/6
f 8160/3/6 8161/3/6 8170/3/6
f 8170/3/6 8161/3/6 8171/3/6
f 8162/3/6 8163/3/6 8172/3/6
f 8172/3/6 8163/3/6 8173/3/6
f 8170/4/6 8171/4/6 8176/4/6
f 8172/4/6 8173/4/6 8177/4/6
f 8174/3/6 8175/3/6 8182/3/6
f 8175/4/6 8176/4/6 8183/4/6
f 8182/3/6 8175/3/6 8183/3/6
f 8176/4/6 8171/4/6 8184/4/6
f 8183/4/6 8176/4/6 8184/4/6
f 8172/4/6 8177/4/6 8185/4/6
f 8177/4/6 8178/4/6 8185/4/6
f 8178/3/6 8179/3/6 8186/3/6
f 8185/4/6 8178/4/6 8186/4/6
f 8186/3/6 8179/3/6 8187/3/6
f 8180/3/6 8181/3/6 8188/3/6
f 8188/3/6 8181/3/6 8189/3/6
f 8190/3/6 8191/3/6 8192/3/6
f 8192/3/6 8191/3/6 8193/3/6
f 8194/2/6 8195/2/6 8196/2/6
f 8196/2/6 8195/2/6 8197/2/6
f 8198/5/6 8199/5/6 8200/5/6
f 8200/5/6 8199/5/6 8201/5/6
f 8202/5/6 8203/5/6 8204/5/6
f 8204/5/6 8203/5/6 8205/5/6
f 8206/5/6 8207/5/6 8211/5/6
f 8207/5/6 8208/5/6 8211/5/6
f 8211/5/6 8208/5/6 8212/5/6
f 8209/5/6 8210/5/6 8213/5/6
f 8213/5/6 8210/5/6 8214/5/6
f 8215/5/6 8216/5/6 8217/5/6
f 8217/5/6 8216/5/6 8218/5/6
f 8219/3/6 8220/3/6 8223/3/6
f 8223/3/6 8220/3/6 8224/3/6
f 8221/3/6 8222/3/6 8225/3/6
f 8225/3/6 8222/3/6 8226/3/6
f 8227/1/6 8228/1/6 8233/1/6
f 8233/1/6 8228/1/6 8234/1/6
f 8234/1/6 8228/1/6 8235/1/6
f 8229/4/6 8230/4/6 8236/4/6
f 8231/4/6 8232/4/6 8237/4/6
f 8238/2/6 8239/2/6 8242/2/6
f 8242/2/6 8239/2/6 8243/2/6
f 8240/2/6 8241/2/6 8245/2/6
f 8245/2/6 8241/2/6 8246/2/6
f 8246/2/6 8241/2/6 8247/2/6
f 8227/1/6 8233/1/6 8248/1/6
f 8233/3/6 8234/3/6 8249/3/6
f 8248/1/6 8233/1/6 8249/1/6
f 8245/5/6 8246/5/6 8250/5/6
f 8244/5/6 8245/5/6 8250/5/6
f 8250/5/6 8246/5/6 8251/5/6
f 8236/4/6 8230/4/6 8253/4/6
f 8253/4/6 8230/4/6 8254/4/6
f 8231/4/6 8237/4/6 8255/4/6
f 8255/4/6 8237/4/6 8256/4/6
f 8251/5/6 8252/5/6 8257/5/6
f 8257/5/6 8252/5/6 8258/5/6
f 8259/5/6 8260/5/6 8262/5/6
f 8260/5/6 8261/5/6 8262/5/6
f 8262/5/6 8261/5/6 8263/5/6
f 8263/5/6 8261/5/6 8264/5/6
f 8264/5/6 8261/5/6 8265/5/6
f 8265/5/6 8261/5/6 8266/5/6
f 8266/5/6 8261/5/6 8267/5/6
f 8253/3/6 8254/3/6 8268/3/6
f 8268/3/6 8254/3/6 8269/3/6
f 8255/3/6 8256/3/6 8270/3/6
f 8270/3/6 8256/3/6 8271/3/6
f 8248/3/6 8249/3/6 8272/3/6
f 8249/3/6 8234/3/6 8273/3/6
f 8272/3/6 8249/3/6 8273/3/6
f 8274/5/6 8275/5/6 8277/5/6
f 8277/5/6 8275/5/6 8278/5/6
f 8273/3/6 8234/3/6 8279/3/6
f 8272/1/6 8273/1/6 8279/1/6
f 8279/3/6 8234/3/6 8280/3/6
f 8268/4/6 8269/4/6 8282/4/6
f 8270/4/6 8271/4/6 8283/4/6
f 8276/2/6 8277/2/6 8284/2/6
f 8284/2/6 8277/2/6 8285/2/6
f 8280/1/6 8281/1/6 8286/1/6
f 8272/1/6 8279/1/6 8286/1/6
f 8279/1/6 8280/1/6 8286/1/6
f 8286/1/6 8281/1/6 8287/1/6
f 8282/4/6 8269/4/6 8288/4/6
f 8288/4/6 8269/4/6 8289/4/6
f 8270/4/6 8283/4/6 8290/4/6
f 8290/4/6 8283/4/6 8291/4/6
f 8292/4/6 8293/4/6 8296/4/6
f 8296/4/6 8293/4/6 8297/4/6
f 8294/4/6 8295/4/6 8298/4/6
f 8298/4/6 8295/4/6 8299/4/6
f 8300/5/6 8301/5/6 8302/5/6
f 8302/5/6 8301/5/6 8303/5/6
f 8304/5/6 8305/5/6 8306/5/6
f 8306/5/6 8305/5/6 8307/5/6
f 8307/5/6 8308/5/6 8309/5/6
f 8309/5/6 8308/5/6 8310/5/6
f 8311/5/6 8312/5/6 8313/5/6
f 8313/5/6 8312/5/6 8314/5/6
f 8315/5/6 8316/5/6 8317/5/6
f 8317/5/6 8316/5/6 8318/5/6
f 8319/4/6 8320/4/6 8323/4/6
f 8323/4/6 8320/4/6 8324/4/6
f 8321/4/6 8322/4/6 8325/4/6
f 8325/4/6 8322/4/6 8326/4/6
f 8327/3/6 8328/3/6 8329/3/6
f 8329/3/6 8328/3/6 8330/3/6
f 8331/5/6 8332/5/6 8334/5/6
f 8332/5/6 8333/5/6 8334/5/6
f 8334/5/6 8333/5/6 8335/5/6
f 8335/5/6 8333/5/6 8336/5/6
f 8336/5/6 8333/5/6 8337/5/6
f 8335/5/6 8336/5/6 8338/5/6
f 8338/5/6 8336/5/6 8339/5/6
f 8337/5/6 8333/5/6 8340/5/6
f 8340/5/6 8333/5/6 8341/5/6
f 8339/5/6 8340/5/6 8343/5/6
f 8342/5/6 8343/5/6 8344/5/6
f 8343/5/6 8340/5/6 8345/5/6
f 8344/5/6 8343/5/6 8345/5/6
f 8345/5/6 8340/5/6 8346/5/6
f 8347/2/6 8348/2/6 8353/2/6
f 8353/2/6 8348/2/6 8354/2/6
f 8349/3/6 8350/3/6 8355/3/6
f 8355/3/6 8350/3/6 8356/3/6
f 8351/3/6 8352/3/6 8357/3/6
f 8357/3/6 8352/3/6 8358/3/6
f 8359/3/6 8360/3/6 8366/3/6
f 8366/3/6 8360/3/6 8367/3/6
f 8361/4/6 8362/4/6 8368/4/6
f 8368/4/6 8362/4/6 8369/4/6
f 8363/4/6 8364/4/6 8370/4/6
f 8370/4/6 8364/4/6 8371/4/6
f 8364/3/6 8365/3/6 8372/3/6
f 8371/4/6 8364/4/6 8372/4/6
f 8372/3/6 8365/3/6 8373/3/6
f 8374/2/6 8375/2/6 8378/2/6
f 8378/2/6 8375/2/6 8379/2/6
f 8376/2/6 8377/2/6 8381/2/6
f 8381/2/6 8377/2/6 8382/2/6
f 8368/4/6 8369/4/6 8383/4/6
f 8383/4/6 8369/4/6 8384/4/6
f 8370/4/6 8371/4/6 8385/4/6
f 8385/4/6 8371/4/6 8386/4/6
f 8379/5/6 8380/5/6 8387/5/6
f 8387/5/6 8380/5/6 8388/5/6
f 8381/5/6 8382/5/6 8389/5/6
f 8389/5/6 8382/5/6 8390/5/6
f 8390/5/6 8391/5/6 8392/5/6
f 8392/5/6 8391/5/6 8393/5/6
f 8394/5/6 8395/5/6 8396/5/6
f 8396/5/6 8395/5/6 8397/5/6
f 8398/5/6 8399/5/6 8401/5/6
f 8401/5/6 8399/5/6 8402/5/6
f 8400/5/6 8401/5/6 8403/5/6
f 8403/5/6 8401/5/6 8404/5/6
f 8383/3/6 8384/3/6 8406/3/6
f 8406/3/6 8384/3/6 8407/3/6
f 8385/3/6 8386/3/6 8408/3/6
f 8408/3/6 8386/3/6 8409/3/6
f 8404/5/6 8405/5/6 8411/5/6
f 8411/5/6 8405/5/6 8412/5/6
f 8410/5/6 8411/5/6 8413/5/6
f 8413/5/6 8411/5/6 8414/5/6
f 8406/4/6 8407/4/6 8417/4/6
f 8417/4/6 8407/4/6 8418/4/6
f 8408/4/6 8409/4/6 8419/4/6
f 8419/4/6 8409/4/6 8420/4/6
f 8415/3/6 8416/3/6 8423/3/6
f 8423/3/6 8416/3/6 8424/3/6
f 8417/4/6 8418/4/6 8425/4/6
f 8425/4/6 8418/4/6 8426/4/6
f 8419/4/6 8420/4/6 8427/4/6
f 8427/4/6 8420/4/6 8428/4/6
f 8421/3/6 8422/3/6 8429/3/6
f 8429/3/6 8422/3/6 8430/3/6
f 8431/1/6 8432/1/6 8440/1/6
f 8440/1/6 8432/1/6 8441/1/6
f 8433/3/6 8434/3/6 8442/3/6
f 8442/3/6 8434/3/6 8443/3/6
f 8435/3/6 8436/3/6 8444/3/6
f 8436/4/6 8437/4/6 8445/4/6
f 8444/3/6 8436/3/6 8445/3/6
f 8445/4/6 8437/4/6 8446/4/6
f 8438/4/6 8439/4/6 8447/4/6
f 8447/4/6 8439/4/6 8448/4/6
f 8440/3/6 8441/3/6 8449/3/6
f 8450/5/6 8451/5/6 8454/5/6
f 8454/5/6 8451/5/6 8455/5/6
f 8452/5/6 8453/5/6 8456/5/6
f 8456/5/6 8453/5/6 8457/5/6
f 8455/5/6 8456/5/6 8459/5/6
f 8459/5/6 8456/5/6 8460/5/6
f 8457/5/6 8458/5/6 8462/5/6
f 8462/5/6 8458/5/6 8463/5/6
f 8461/5/6 8462/5/6 8466/5/6
f 8466/5/6 8462/5/6 8467/5/6
f 8464/5/6 8465/5/6 8468/5/6
f 8468/5/6 8465/5/6 8469/5/6
f 8470/5/6 8471/5/6 8472/5/6
f 8472/5/6 8471/5/6 8473/5/6
f 8474/5/6 8475/5/6 8477/5/6
f 8477/5/6 8475/5/6 8478/5/6
f 8440/3/6 8449/3/6 8479/3/6
f 8476/5/6 8477/5/6 8480/5/6
f 8480/5/6 8477/5/6 8481/5/6
f 8440/3/6 8479/3/6 8482/3/6
f 8482/3/6 8479/3/6 8483/3/6
f 8480/2/6 8481/2/6 8492/2/6
f 8492/2/6 8481/2/6 8493/2/6
f 8482/1/6 8483/1/6 8494/1/6
f 8494/1/6 8483/1/6 8495/1/6
f 8484/3/6 8485/3/6 8496/3/6
f 8496/3/6 8485/3/6 8497/3/6
f 8486/3/6 8487/3/6 8498/3/6
f 8487/4/6 8488/4/6 8499/4/6
f 8498/3/6 8487/3/6 8499/3/6
f 8499/4/6 8488/4/6 8500/4/6
f 8489/4/6 8490/4/6 8501/4/6
f 8490/3/6 8491/3/6 8502/3/6
f 8501/4/6 8490/4/6 8502/4/6
f 8502/3/6 8491/3/6 8503/3/6
f 8504/3/6 8505/3/6 8515/3/6
f 8515/3/6 8505/3/6 8516/3/6
f 8506/3/6 8507/3/6 8517/3/6
f 8517/3/6 8507/3/6 8518/3/6
f 8508/4/6 8509/4/6 8519/4/6
f 8510/4/6 8511/4/6 8520/4/6
f 8511/3/6 8512/3/6 8521/3/6
f 8520/4/6 8511/4/6 8521/4/6
f 8521/3/6 8512/3/6 8522/3/6
f 8513/3/6 8514/3/6 8524/3/6
f 8524/3/6 8514/3/6 8525/3/6
f 8523/2/6 8524/2/6 8530/2/6
f 8530/2/6 8524/2/6 8531/2/6
f 8526/2/6 8527/2/6 8532/2/6
f 8532/2/6 8527/2/6 8533/2/6
f 8519/4/6 8509/4/6 8534/4/6
f 8528/4/6 8529/4/6 8535/4/6
f 8519/4/6 8534/4/6 8538/4/6
f 8538/4/6 8534/4/6 8539/4/6
f 8535/4/6 8529/4/6 8540/4/6
f 8540/4/6 8529/4/6 8541/4/6
f 8536/5/6 8537/5/6 8542/5/6
f 8542/5/6 8537/5/6 8543/5/6
f 8544/5/6 8545/5/6 8546/5/6
f 8546/5/6 8545/5/6 8547/5/6
f 8548/5/6 8549/5/6 8550/5/6
f 8548/5/6 8550/5/6 8552/5/6
f 8550/5/6 8551/5/6 8552/5/6
f 8552/5/6 8551/5/6 8553/5/6
f 8553/5/6 8551/5/6 8555/5/6
f 8555/5/6 8551/5/6 8556/5/6
f 8538/3/6 8539/3/6 8557/3/6
f 8557/3/6 8539/3/6 8558/3/6
f 8540/3/6 8541/3/6 8559/3/6
f 8559/3/6 8541/3/6 8560/3/6
f 8554/5/6 8555/5/6 8561/5/6
f 8561/5/6 8555/5/6 8562/5/6
f 8557/4/6 8558/4/6 8563/4/6
f 8559/4/6 8560/4/6 8564/4/6
f 8557/4/6 8563/4/6 8569/4/6
f 8564/4/6 8560/4/6 8570/4/6
f 8565/3/6 8566/3/6 8573/3/6
f 8573/3/6 8566/3/6 8574/3/6
f 8567/3/6 8568/3/6 8575/3/6
f 8575/3/6 8568/3/6 8576/3/6
f 8569/4/6 8563/4/6 8577/4/6
f 8577/4/6 8563/4/6 8578/4/6
f 8564/4/6 8570/4/6 8579/4/6
f 8579/4/6 8570/4/6 8580/4/6
f 8571/3/6 8572/3/6 8581/3/6
f 8581/3/6 8572/3/6 8582/3/6
f 8585/3/6 8586/3/6 8593/3/6
f 8593/3/6 8586/3/6 8594/3/6
f 8587/3/6 8588/3/6 8595/3/6
f 8595/3/6 8588/3/6 8596/3/6
f 8589/4/6 8590/4/6 8597/4/6
f 8597/4/6 8590/4/6 8598/4/6
f 8591/3/6 8592/3/6 8600/3/6
f 8600/3/6 8592/3/6 8601/3/6
f 8599/2/6 8600/2/6 8603/2/6
f 8603/2/6 8600/2/6 8604/2/6
f 8601/2/6 8602/2/6 8605/2/6
f 8605/2/6 8602/2/6 8606/2/6
f 8583/1/6 8584/1/6 8607/1/6
f 8607/1/6 8584/1/6 8608/1/6
f 8609/5/6 8610/5/6 8611/5/6
f 8611/5/6 8610/5/6 8612/5/6
f 8613/5/6 8614/5/6 8615/5/6
f 8615/5/6 8614/5/6 8616/5/6
f 8617/5/6 8618/5/6 8619/5/6
f 8619/5/6 8618/5/6 8620/5/6
f 8620/5/6 8618/5/6 8621/5/6
f 8621/5/6 8618/5/6 8622/5/6
f 8622/5/6 8623/5/6 8625/5/6
f 8625/5/6 8623/5/6 8626/5/6
f 8624/5/6 8625/5/6 8627/5/6
f 8627/5/6 8625/5/6 8628/5/6
f 8607/3/6 8608/3/6 8630/3/6
f 8630/3/6 8608/3/6 8631/3/6
f 8628/5/6 8629/5/6 8633/5/6
f 8633/5/6 8629/5/6 8634/5/6
f 8632/5/6 8633/5/6 8635/5/6
f 8635/5/6 8633/5/6 8636/5/6
f 8635/2/6 8636/2/6 8648/2/6
f 8648/2/6 8636/2/6 8649/2/6
f 8630/1/6 8631/1/6 8650/1/6
f 8650/1/6 8631/1/6 8651/1/6
f 8637/3/6 8638/3/6 8652/3/6
f 8652/3/6 8638/3/6 8653/3/6
f 8639/3/6 8640/3/6 8654/3/6
f 8654/3/6 8640/3/6 8655/3/6
f 8641/4/6 8642/4/6 8656/4/6
f 8656/4/6 8642/4/6 8657/4/6
f 8643/4/6 8644/4/6 8658/4/6
f 8658/4/6 8644/4/6 8659/4/6
f 8645/3/6 8646/3/6 8660/3/6
f 8660/3/6 8646/3/6 8661/3/6
f 8647/3/6 8648/3/6 8662/3/6
f 8662/3/6 8648/3/6 8663/3/6
f 8664/3/6 8665/3/6 8670/3/6
f 8670/3/6 8665/3/6 8671/3/6
f 8666/3/6 8667/3/6 8672/3/6
f 8672/3/6 8667/3/6 8673/3/6
f 8668/3/6 8669/3/6 8674/3/6
f 8674/3/6 8669/3/6 8675/3/6
f 8676/2/6 8677/2/6 8680/2/6
f 8680/2/6 8677/2/6 8681/2/6
f 8678/2/6 8679/2/6 8682/2/6
f 8682/2/6 8679/2/6 8683/2/6
f 8680/5/6 8681/5/6 8684/5/6
f 8681/5/6 8682/5/6 8684/5/6
f 8684/5/6 8682/5/6 8685/5/6
f 8664/3/6 8670/3/6 8686/3/6
f 8686/3/6 8670/3/6 8687/3/6
f 8687/3/6 8670/3/6 8688/3/6
f 8687/3/6 8688/3/6 8694/3/6
f 8688/3/6 8689/3/6 8694/3/6
f 8694/3/6 8689/3/6 8695/3/6
f 8690/3/6 8691/3/6 8696/3/6
f 8696/3/6 8691/3/6 8697/3/6
f 8692/3/6 8693/3/6 8698/3/6
f 8698/3/6 8693/3/6 8699/3/6
f 8702/3/6 8703/3/6 8714/3/6
f 8714/3/6 8703/3/6 8715/3/6
f 8704/3/6 8705/3/6 8716/3/6
f 8716/3/6 8705/3/6 8717/3/6
f 8706/4/6 8707/4/6 8718/4/6
f 8718/4/6 8707/4/6 8719/4/6
f 8708/4/6 8709/4/6 8720/4/6
f 8720/4/6 8709/4/6 8721/4/6
f 8710/3/6 8711/3/6 8722/3/6
f 8722/3/6 8711/3/6 8723/3/6
f 8712/3/6 8713/3/6 8724/3/6
f 8724/3/6 8713/3/6 8725/3/6
f 8726/5/6 8727/5/6 8728/5/6
f 8728/5/6 8727/5/6 8729/5/6
f 8700/1/6 8701/1/6 8733/1/6
f 8733/1/6 8701/1/6 8734/1/6
f 8729/5/6 8730/5/6 8735/5/6
f 8735/5/6 8730/5/6 8736/5/6
f 8731/5/6 8732/5/6 8737/5/6
f 8737/5/6 8732/5/6 8738/5/6
f 8739/5/6 8740/5/6 8741/5/6
f 8741/5/6 8740/5/6 8742/5/6
f 8743/5/6 8744/5/6 8746/5/6
f 8746/5/6 8744/5/6 8747/5/6
f 8733/3/6 8734/3/6 8748/3/6
f 8748/3/6 8734/3/6 8749/3/6
f 8745/5/6 8746/5/6 8750/5/6
f 8745/5/6 8750/5/6 8753/5/6
f 8750/5/6 8751/5/6 8753/5/6
f 8753/5/6 8751/5/6 8754/5/6
f 8754/5/6 8751/5/6 8755/5/6
f 8752/5/6 8753/5/6 8756/5/6
f 8753/5/6 8754/5/6 8756/5/6
f 8756/5/6 8754/5/6 8757/5/6
f 8718/3/6 8719/3/6 8762/3/6
f 8762/3/6 8719/3/6 8763/3/6
f 8720/3/6 8721/3/6 8764/3/6
f 8764/3/6 8721/3/6 8765/3/6
f 8756/2/6 8757/2/6 8768/2/6
f 8768/2/6 8757/2/6 8769/2/6
f 8748/1/6 8749/1/6 8770/1/6
f 8770/1/6 8749/1/6 8771/1/6
f 8758/3/6 8759/3/6 8772/3/6
f 8772/3/6 8759/3/6 8773/3/6
f 8760/3/6 8761/3/6 8774/3/6
f 8774/3/6 8761/3/6 8775/3/6
f 8762/4/6 8763/4/6 8776/4/6
f 8776/4/6 8763/4/6 8777/4/6
f 8764/4/6 8765/4/6 8778/4/6
f 8778/4/6 8765/4/6 8779/4/6
f 8766/3/6 8767/3/6 8780/3/6
f 8780/3/6 8767/3/6 8781/3/6
f 8782/3/6 8783/3/6 8788/3/6
f 8788/3/6 8783/3/6 8789/3/6
f 8784/3/6 8785/3/6 8790/3/6
f 8790/3/6 8785/3/6 8791/3/6
f 8786/3/6 8787/3/6 8792/3/6
f 8792/3/6 8787/3/6 8793/3/6
f 8794/5/6 8795/5/6 8799/5/6
f 8799/5/6 8795/5/6 8800/5/6
f 8796/5/6 8797/5/6 8802/5/6
f 8802/5/6 8797/5/6 8803/5/6
f 8798/5/6 8799/5/6 8804/5/6
f 8804/5/6 8799/5/6 8805/5/6
f 8801/5/6 8802/5/6 8806/5/6
f 8806/5/6 8802/5/6 8807/5/6
f 8808/5/6 8809/5/6 8811/5/6
f 8811/5/6 8809/5/6 8812/5/6
f 8810/5/6 8811/5/6 8813/5/6
f 8813/5/6 8811/5/6 8814/5/6
f 8815/5/6 8816/5/6 8818/5/6
f 8818/5/6 8816/5/6 8819/5/6
f 8817/5/6 8818/5/6 8822/5/6
f 8819/5/6 8820/5/6 8823/5/6
f 8823/5/6 8820/5/6 8824/5/6
f 8821/5/6 8822/5/6 8825/5/6
f 8822/5/6 8818/5/6 8825/5/6
f 8825/5/6 8818/5/6 8826/5/6
f 8821/5/6 8825/5/6 8827/5/6
f 8827/5/6 8825/5/6 8828/5/6
f 8829/3/6 8830/3/6 8835/3/6
f 8835/3/6 8830/3/6 8836/3/6
f 8831/3/6 8832/3/6 8837/3/6
f 8837/3/6 8832/3/6 8838/3/6
f 8833/3/6 8834/3/6 8839/3/6
f 8839/3/6 8834/3/6 8840/3/6
f 8843/3/6 8844/3/6 8849/3/6
f 8849/3/6 8844/3/6 8850/3/6
f 8845/3/6 8846/3/6 8851/3/6
f 8851/3/6 8846/3/6 8852/3/6
f 8847/3/6 8848/3/6 8853/3/6
f 8853/3/6 8848/3/6 8854/3/6
f 8854/3/6 8848/3/6 8855/3/6
f 8856/5/6 8857/5/6 8861/5/6
f 8861/5/6 8857/5/6 8862/5/6
f 8858/5/6 8859/5/6 8863/5/6
f 8863/5/6 8859/5/6 8864/5/6
f 8860/5/6 8861/5/6 8866/5/6
f 8866/5/6 8861/5/6 8867/5/6
f 8862/5/6 8863/5/6 8868/5/6
f 8868/5/6 8863/5/6 8869/5/6
f 8841/1/6 8842/1/6 8871/1/6
f 8871/1/6 8842/1/6 8872/1/6
f 8865/5/6 8866/5/6 8873/5/6
f 8873/5/6 8866/5/6 8874/5/6
f 8869/5/6 8870/5/6 8877/5/6
f 8877/5/6 8870/5/6 8878/5/6
f 8875/5/6 8876/5/6 8880/5/6
f 8876/5/6 8877/5/6 8880/5/6
f 8880/5/6 8877/5/6 8881/5/6
f 8881/5/6 8877/5/6 8882/5/6
f 8879/5/6 8880/5/6 8884/5/6
f 8880/5/6 8881/5/6 8884/5/6
f 8884/5/6 8881/5/6 8885/5/6
f 8885/5/6 8881/5/6 8886/5/6
f 8882/5/6 8883/5/6 8887/5/6
f 8887/5/6 8883/5/6 8888/5/6
f 8885/5/6 8886/5/6 8889/5/6
f 8886/5/6 8887/5/6 8889/5/6
f 8889/5/6 8887/5/6 8890/5/6
f 8890/5/6 8887/5/6 8891/5/6
f 8891/5/6 8887/5/6 8892/5/6
f 8890/5/6 8891/5/6 8894/5/6
f 8894/5/6 8891/5/6 8895/5/6
f 8871/3/6 8872/3/6 8896/3/6
f 8896/3/6 8872/3/6 8897/3/6
f 8893/5/6 8894/5/6 8899/5/6
f 8899/5/6 8894/5/6 8900/5/6
f 8898/5/6 8899/5/6 8902/5/6
f 8902/5/6 8899/5/6 8903/5/6
f 8901/5/6 8902/5/6 8904/5/6
f 8904/5/6 8902/5/6 8905/5/6
f 8896/1/6 8897/1/6 8912/1/6
f 8912/1/6 8897/1/6 8913/1/6
f 8906/3/6 8907/3/6 8914/3/6
f 8914/3/6 8907/3/6 8915/3/6
f 8908/3/6 8909/3/6 8916/3/6
f 8916/3/6 8909/3/6 8917/3/6
f 8910/3/6 8911/3/6 8918/3/6
f 8918/3/6 8911/3/6 8919/3/6
f 8920/3/6 8921/3/6 8932/3/6
f 8932/3/6 8921/3/6 8933/3/6
f 8922/3/6 8923/3/6 8934/3/6
f 8934/3/6 8923/3/6 8935/3/6
f 8924/4/6 8925/4/6 8936/4/6
f 8936/4/6 8925/4/6 8937/4/6
f 8926/4/6 8927/4/6 8938/4/6
f 8938/4/6 8927/4/6 8939/4/6
f 8928/3/6 8929/3/6 8940/3/6
f 8940/3/6 8929/3/6 8941/3/6
f 8941/3/6 8929/3/6 8942/3/6
f 8930/3/6 8931/3/6 8943/3/6
f 8943/3/6 8931/3/6 8944/3/6
f 8941/2/6 8942/2/6 8946/2/6
f 8944/2/6 8945/2/6 8946/2/6
f 8943/2/6 8944/2/6 8946/2/6
f 8942/2/6 8943/2/6 8946/2/6
f 8946/2/6 8945/2/6 8947/2/6
f 8947/2/6 8945/2/6 8948/2/6
f 8947/5/6 8948/5/6 8951/5/6
f 8949/5/6 8950/5/6 8953/5/6
f 8953/5/6 8950/5/6 8954/5/6
f 8951/5/6 8952/5/6 8955/5/6
f 8947/5/6 8951/5/6 8955/5/6
f 8955/5/6 8952/5/6 8956/5/6
f 8957/5/6 8958/5/6 8961/5/6
f 8961/5/6 8958/5/6 8962/5/6
f 8959/5/6 8960/5/6 8964/5/6
f 8964/5/6 8960/5/6 8965/5/6
f 8963/5/6 8964/5/6 8966/5/6
f 8966/5/6 8964/5/6 8967/5/6
f 8967/5/6 8968/5/6 8969/5/6
f 8969/5/6 8968/5/6 8970/5/6
f 8970/5/6 8971/5/6 8973/5/6
f 8973/5/6 8971/5/6 8974/5/6
f 8972/5/6 8973/5/6 8975/5/6
f 8975/5/6 8973/5/6 8976/5/6
f 8972/5/6 8975/5/6 8977/5/6
f 8977/5/6 8975/5/6 8978/5/6
f 8979/3/6 8980/3/6 8989/3/6
f 8989/3/6 8980/3/6 8990/3/6
f 8981/3/6 8982/3/6 8991/3/6
f 8991/3/6 8982/3/6 8992/3/6
f 8983/4/6 8984/4/6 8993/4/6
f 8993/4/6 8984/4/6 8994/4/6
f 8985/4/6 8986/4/6 8995/4/6
f 8995/4/6 8986/4/6 8996/4/6
f 8987/3/6 8988/3/6 8997/3/6
f 8997/3/6 8988/3/6 8998/3/6
f 8999/1/6 9000/1/6 9009/1/6
f 9001/3/6 9002/3/6 9010/3/6
f 9010/3/6 9002/3/6 9011/3/6
f 9003/3/6 9004/3/6 9013/3/6
f 9013/3/6 9004/3/6 9014/3/6
f 9005/3/6 9006/3/6 9015/3/6
f 9015/3/6 9006/3/6 9016/3/6
f 9007/3/6 9008/3/6 9017/3/6
f 9017/3/6 9008/3/6 9018/3/6
f 8999/1/6 9009/1/6 9023/1/6
f 9023/1/6 9009/1/6 9024/1/6
f 9021/5/6 9022/5/6 9025/5/6
f 9025/5/6 9022/5/6 9026/5/6
f 9019/5/6 9020/5/6 9027/5/6
f 9027/5/6 9020/5/6 9028/5/6
f 9029/5/6 9030/5/6 9031/5/6
f 9031/5/6 9030/5/6 9032/5/6
f 9033/5/6 9034/5/6 9035/5/6
f 9035/5/6 9034/5/6 9036/5/6
f 9023/3/6 9024/3/6 9037/3/6
f 9037/3/6 9024/3/6 9038/3/6
f 9039/5/6 9040/5/6 9041/5/6
f 9041/5/6 9040/5/6 9042/5/6
f 9037/1/6 9038/1/6 9044/1/6
f 9010/3/6 9011/3/6 9045/3/6
f 9011/2/6 9012/2/6 9046/2/6
f 9045/3/6 9011/3/6 9046/3/6
f 9046/2/6 9012/2/6 9047/2/6
f 9042/2/6 9043/2/6 9055/2/6
f 9041/2/6 9042/2/6 9055/2/6
f 9055/2/6 9043/2/6 9056/2/6
f 9056/2/6 9043/2/6 9057/2/6
f 9037/1/6 9044/1/6 9058/1/6
f 9058/1/6 9044/1/6 9059/1/6
f 9045/3/6 9046/3/6 9060/3/6
f 9060/3/6 9046/3/6 9061/3/6
f 9048/3/6 9049/3/6 9062/3/6
f 9062/3/6 9049/3/6 9063/3/6
f 9050/3/6 9051/3/6 9064/3/6
f 9064/3/6 9051/3/6 9065/3/6
f 9052/3/6 9053/3/6 9066/3/6
f 9066/3/6 9053/3/6 9067/3/6
f 9055/3/6 9056/3/6 9068/3/6
f 9054/3/6 9055/3/6 9068/3/6
f 9068/3/6 9056/3/6 9069/3/6
f 9070/1/6 9071/1/6 9076/1/6
f 9076/1/6 9071/1/6 9077/1/6
f 9072/3/6 9073/3/6 9078/3/6
f 9078/3/6 9073/3/6 9079/3/6
f 9074/3/6 9075/3/6 9080/3/6
f 9080/3/6 9075/3/6 9081/3/6
f 9082/5/6 9083/5/6 9084/5/6
f 9084/5/6 9083/5/6 9085/5/6
f 9086/5/6 9087/5/6 9088/5/6
f 9086/5/6 9088/5/6 9089/5/6
f 9089/5/6 9088/5/6 9090/5/6
f 9090/5/6 9091/5/6 9092/5/6
f 9092/5/6 9091/5/6 9093/5/6
f 9093/5/6 9094/5/6 9095/5/6
f 9095/5/6 9094/5/6 9096/5/6
f 9097/5/6 9098/5/6 9099/5/6
f 9099/5/6 9098/5/6 9100/5/6
f 9076/3/6 9077/3/6 9101/3/6
f 9101/3/6 9077/3/6 9102/3/6
f 9101/1/6 9102/1/6 9105/1/6
f 9105/1/6 9102/1/6 9106/1/6
f 9103/3/6 9104/3/6 9107/3/6
f 9107/3/6 9104/3/6 9108/3/6
f 9109/3/6 9110/3/6 9119/3/6
f 9119/3/6 9110/3/6 9120/3/6
f 9111/3/6 9112/3/6 9121/3/6
f 9121/3/6 9112/3/6 9122/3/6
f 9113/3/6 9114/3/6 9123/3/6
f 9123/3/6 9114/3/6 9124/3/6
f 9115/3/6 9116/3/6 9125/3/6
f 9125/3/6 9116/3/6 9126/3/6
f 9117/3/6 9118/3/6 9127/3/6
f 9127/3/6 9118/3/6 9128/3/6
f 9129/2/6 9130/2/6 9133/2/6
f 9133/2/6 9130/2/6 9134/2/6
f 9131/5/6 9132/5/6 9135/5/6
f 9132/5/6 9133/5/6 9135/5/6
f 9133/5/6 9134/5/6 9135/5/6
f 9135/5/6 9134/5/6 9136/5/6
f 9136/5/6 9134/5/6 9137/5/6
f 9137/5/6 9134/5/6 9138/5/6
f 9136/5/6 9137/5/6 9139/5/6
f 9139/5/6 9137/5/6 9140/5/6
f 9140/5/6 9141/5/6 9144/5/6
f 9144/5/6 9141/5/6 9145/5/6
f 9145/5/6 9141/5/6 9146/5/6
f 9142/5/6 9143/5/6 9147/5/6
f 9145/5/6 9146/5/6 9148/5/6
f 9148/5/6 9146/5/6 9149/5/6
f 9147/5/6 9143/5/6 9150/5/6
f 9150/5/6 9143/5/6 9151/5/6
f 9152/5/6 9153/5/6 9155/5/6
f 9153/5/6 9154/5/6 9155/5/6
f 9155/5/6 9154/5/6 9156/5/6
f 9152/5/6 9155/5/6 9159/5/6
f 9159/5/6 9155/5/6 9160/5/6
f 9156/5/6 9157/5/6 9161/5/6
f 9161/5/6 9157/5/6 9162/5/6
f 9158/5/6 9159/5/6 9163/5/6
f 9160/5/6 9161/5/6 9164/5/6
f 9158/5/6 9163/5/6 9165/5/6
f 9163/5/6 9164/5/6 9165/5/6
f 9164/5/6 9161/5/6 9166/5/6
f 9165/5/6 9164/5/6 9166/5/6
f 9166/5/6 9161/5/6 9167/5/6
f 9168/5/6 9169/5/6 9170/5/6
f 9170/5/6 9169/5/6 9171/5/6
f 9170/2/6 9171/2/6 9184/2/6
f 9184/2/6 9171/2/6 9185/2/6
f 9185/2/6 9171/2/6 9186/2/6
f 9172/3/6 9173/3/6 9187/3/6
f 9187/3/6 9173/3/6 9188/3/6
f 9174/3/6 9175/3/6 9189/3/6
f 9189/3/6 9175/3/6 9190/3/6
f 9176/3/6 9177/3/6 9191/3/6
f 9191/3/6 9177/3/6 9192/3/6
f 9178/3/6 9179/3/6 9193/3/6
f 9193/3/6 9179/3/6 9194/3/6
f 9180/3/6 9181/3/6 9195/3/6
f 9195/3/6 9181/3/6 9196/3/6
f 9182/3/6 9183/3/6 9197/3/6
f 9197/3/6 9183/3/6 9198/3/6
f 9185/3/6 9186/3/6 9199/3/6
f 9199/3/6 9186/3/6 9200/3/6
f 9203/3/6 9204/3/6 9207/3/6
f 9207/3/6 9204/3/6 9208/3/6
f 9205/3/6 9206/3/6 9209/3/6
f 9209/3/6 9206/3/6 9210/3/6
f 9201/1/6 9202/1/6 9211/1/6
f 9201/1/6 9211/1/6 9214/1/6
f 9214/1/6 9211/1/6 9215/1/6
f 9212/5/6 9213/5/6 9218/5/6
f 9218/5/6 9213/5/6 9219/5/6
f 9216/5/6 9217/5/6 9221/5/6
f 9221/5/6 9217/5/6 9222/5/6
f 9222/5/6 9223/5/6 9226/5/6
f 9220/5/6 9221/5/6 9226/5/6
f 9221/5/6 9222/5/6 9226/5/6
f 9226/5/6 9223/5/6 9227/5/6
f 9227/5/6 9223/5/6 9228/5/6
f 9228/5/6 9223/5/6 9229/5/6
f 9224/5/6 9225/5/6 9230/5/6
f 9230/5/6 9225/5/6 9231/5/6
f 9227/5/6 9228/5/6 9234/5/6
f 9234/5/6 9228/5/6 9235/5/6
f 9232/5/6 9233/5/6 9236/5/6
f 9236/5/6 9233/5/6 9237/5/6
f 9214/3/6 9215/3/6 9238/3/6
f 9238/3/6 9215/3/6 9239/3/6
f 9235/5/6 9236/5/6 9242/5/6
f 9242/5/6 9236/5/6 9243/5/6
f 9240/5/6 9241/5/6 9244/5/6
f 9244/5/6 9241/5/6 9245/5/6
f 9245/5/6 9246/5/6 9248/5/6
f 9248/5/6 9246/5/6 9249/5/6
f 9238/1/6 9239/1/6 9250/1/6
f 9247/5/6 9248/5/6 9251/5/6
f 9251/5/6 9248/5/6 9252/5/6
f 9251/2/6 9252/2/6 9257/2/6
f 9257/2/6 9252/2/6 9258/2/6
f 9253/2/6 9254/2/6 9260/2/6
f 9260/2/6 9254/2/6 9261/2/6
f 9238/1/6 9250/1/6 9262/1/6
f 9262/1/6 9250/1/6 9263/1/6
f 9255/3/6 9256/3/6 9264/3/6
f 9264/3/6 9256/3/6 9265/3/6
f 9258/3/6 9259/3/6 9266/3/6
f 9266/3/6 9259/3/6 9267/3/6
f 9270/3/6 9271/3/6 9278/3/6
f 9272/3/6 9273/3/6 9280/3/6
f 9280/3/6 9273/3/6 9281/3/6
f 9274/3/6 9275/3/6 9282/3/6
f 9282/3/6 9275/3/6 9283/3/6
f 9276/3/6 9277/3/6 9286/3/6
f 9286/3/6 9277/3/6 9287/3/6
f 9268/1/6 9269/1/6 9288/1/6
f 9288/1/6 9269/1/6 9289/1/6
f 9283/2/6 9284/2/6 9290/2/6
f 9290/2/6 9284/2/6 9291/2/6
f 9286/2/6 9287/2/6 9292/2/6
f 9285/2/6 9286/2/6 9292/2/6
f 9292/2/6 9287/2/6 9293/2/6
f 9293/2/6 9287/2/6 9294/2/6
f 9295/5/6 9296/5/6 9297/5/6
f 9295/5/6 9297/5/6 9299/5/6
f 9297/5/6 9298/5/6 9299/5/6
f 9299/5/6 9298/5/6 9300/5/6
f 9300/5/6 9298/5/6 9301/5/6
f 9301/5/6 9298/5/6 9302/5/6
f 9300/5/6 9301/5/6 9304/5/6
f 9304/5/6 9301/5/6 9305/5/6
f 9303/5/6 9304/5/6 9306/5/6
f 9303/5/6 9306/5/6 9308/5/6
f 9306/5/6 9307/5/6 9308/5/6
f 9308/5/6 9307/5/6 9309/5/6
f 9309/5/6 9307/5/6 9310/5/6
f 9310/5/6 9307/5/6 9311/5/6
f 9312/5/6 9313/5/6 9315/5/6
f 9315/5/6 9313/5/6 9316/5/6
f 9288/3/6 9289/3/6 9317/3/6
f 9317/3/6 9289/3/6 9318/3/6
f 9314/5/6 9315/5/6 9319/5/6
f 9319/5/6 9315/5/6 9320/5/6
f 9278/2/6 9279/2/6 9321/2/6
f 9270/3/6 9278/3/6 9321/3/6
f 9321/2/6 9279/2/6 9322/2/6
f 9319/2/6 9320/2/6 9325/2/6
f 9325/2/6 9320/2/6 9326/2/6
f 9317/1/6 9318/1/6 9328/1/6
f 9328/1/6 9318/1/6 9329/1/6
f 9270/3/6 9321/3/6 9330/3/6
f 9330/3/6 9321/3/6 9331/3/6
f 9323/3/6 9324/3/6 9332/3/6
f 9332/3/6 9324/3/6 9333/3/6
f 9325/3/6 9326/3/6 9334/3/6
f 9326/3/6 9327/3/6 9334/3/6
f 9334/3/6 9327/3/6 9335/3/6
f 9338/3/6 9339/3/6 9346/3/6
f 9346/3/6 9339/3/6 9347/3/6
f 9340/3/6 9341/3/6 9348/3/6
f 9348/3/6 9341/3/6 9349/3/6
f 9342/3/6 9343/3/6 9350/3/6
f 9350/3/6 9343/3/6 9351/3/6
f 9344/3/6 9345/3/6 9352/3/6
f 9352/3/6 9345/3/6 9353/3/6
f 9354/5/6 9355/5/6 9357/5/6
f 9355/5/6 9356/5/6 9357/5/6
f 9357/5/6 9356/5/6 9358/5/6
f 9358/5/6 9356/5/6 9359/5/6
f 9358/5/6 9359/5/6 9360/5/6
f 9358/5/6 9360/5/6 9361/5/6
f 9361/5/6 9360/5/6 9362/5/6
f 9362/5/6 9363/5/6 9365/5/6
f 9365/5/6 9363/5/6 9366/5/6
f 9364/5/6 9365/5/6 9367/5/6
f 9367/5/6 9365/5/6 9368/5/6
f 9369/5/6 9370/5/6 9371/5/6
f 9371/5/6 9370/5/6 9372/5/6
f 9373/5/6 9374/5/6 9375/5/6
f 9375/5/6 9374/5/6 9376/5/6
f 9377/2/6 9378/2/6 9384/2/6
f 9384/2/6 9378/2/6 9385/2/6
f 9336/3/6 9337/3/6 9386/3/6
f 9386/3/6 9337/3/6 9387/3/6
f 9379/3/6 9380/3/6 9388/3/6
f 9388/3/6 9380/3/6 9389/3/6
f 9381/3/6 9382/3/6 9390/3/6
f 9390/3/6 9382/3/6 9391/3/6
f 9383/3/6 9384/3/6 9392/3/6
f 9392/3/6 9384/3/6 9393/3/6
f 9394/3/6 9395/3/6 9400/3/6
f 9400/3/6 9395/3/6 9401/3/6
f 9396/1/6 9397/1/6 9402/1/6
f 9402/1/6 9397/1/6 9403/1/6
f 9398/3/6 9399/3/6 9405/3/6
f 9405/3/6 9399/3/6 9406/3/6
f 9405/2/6 9406/2/6 9407/2/6
f 9404/2/6 9405/2/6 9407/2/6
f 9407/2/6 9406/2/6 9408/2/6
f 9407/5/6 9408/5/6 9409/5/6
f 9409/5/6 9408/5/6 9410/5/6
f 9411/5/6 9412/5/6 9413/5/6
f 9413/5/6 9412/5/6 9414/5/6
f 9415/5/6 9416/5/6 9421/5/6
f 9416/5/6 9417/5/6 9421/5/6
f 9421/5/6 9417/5/6 9422/5/6
f 9422/5/6 9417/5/6 9423/5/6
f 9418/5/6 9419/5/6 9425/5/6
f 9420/5/6 9421/5/6 9426/5/6
f 9421/5/6 9422/5/6 9426/5/6
f 9426/5/6 9422/5/6 9427/5/6
f 9424/5/6 9425/5/6 9428/5/6
f 9425/5/6 9419/5/6 9429/5/6
f 9428/5/6 9425/5/6 9429/5/6
f 9429/5/6 9419/5/6 9431/5/6
f 9430/5/6 9431/5/6 9434/5/6
f 9431/5/6 9419/5/6 9435/5/6
f 9434/5/6 9431/5/6 9435/5/6
f 9432/5/6 9433/5/6 9436/5/6
f 9436/5/6 9433/5/6 9437/5/6
f 9435/5/6 9419/5/6 9438/5/6
f 9438/5/6 9419/5/6 9439/5/6
f 9440/5/6 9441/5/6 9443/5/6
f 9443/5/6 9441/5/6 9444/5/6
f 9442/2/6 9443/2/6 9453/2/6
f 9453/2/6 9443/2/6 9454/2/6
f 9445/2/6 9446/2/6 9455/2/6
f 9455/2/6 9446/2/6 9456/2/6
f 9447/3/6 9448/3/6 9457/3/6
f 9457/3/6 9448/3/6 9458/3/6
f 9449/1/6 9450/1/6 9459/1/6
f 9459/1/6 9450/1/6 9460/1/6
f 9451/1/6 9452/1/6 9461/1/6
f 9461/1/6 9452/1/6 9462/1/6
f 9465/3/6 9466/3/6 9475/3/6
f 9475/3/6 9466/3/6 9476/3/6
f 9467/1/6 9468/1/6 9477/1/6
f 9477/1/6 9468/1/6 9478/1/6
f 9469/1/6 9470/1/6 9479/1/6
f 9479/1/6 9470/1/6 9480/1/6
f 9471/3/6 9472/3/6 9481/3/6
f 9481/3/6 9472/3/6 9482/3/6
f 9473/3/6 9474/3/6 9483/3/6
f 9483/3/6 9474/3/6 9484/3/6
f 9484/3/6 9474/3/6 9485/3/6
f 9463/1/6 9464/1/6 9486/1/6
f 9481/2/6 9482/2/6 9487/2/6
f 9487/2/6 9482/2/6 9488/2/6
f 9483/2/6 9484/2/6 9489/2/6
f 9489/2/6 9484/2/6 9490/2/6
f 9463/1/6 9486/1/6 9493/1/6
f 9493/1/6 9486/1/6 9494/1/6
f 9463/1/6 9493/1/6 9495/1/6
f 9493/3/6 9494/3/6 9496/3/6
f 9495/1/6 9493/1/6 9496/1/6
f 9491/5/6 9492/5/6 9497/5/6
f 9497/5/6 9492/5/6 9498/5/6
f 9498/5/6 9492/5/6 9499/5/6
f 9491/5/6 9497/5/6 9502/5/6
f 9502/5/6 9497/5/6 9503/5/6
f 9500/5/6 9501/5/6 9504/5/6
f 9504/5/6 9501/5/6 9505/5/6
f 9502/5/6 9503/5/6 9506/5/6
f 9506/5/6 9507/5/6 9508/5/6
f 9500/5/6 9504/5/6 9510/5/6
f 9510/5/6 9504/5/6 9511/5/6
f 9506/5/6 9508/5/6 9512/5/6
f 9502/5/6 9506/5/6 9512/5/6
f 9508/5/6 9509/5/6 9512/5/6
f 9512/5/6 9509/5/6 9513/5/6
f 9513/5/6 9509/5/6 9514/5/6
f 9495/3/6 9496/3/6 9515/3/6
f 9496/3/6 9494/3/6 9516/3/6
f 9515/3/6 9496/3/6 9516/3/6
f 9515/1/6 9516/1/6 9520/1/6
f 9516/3/6 9494/3/6 9520/3/6
f 9520/3/6 9494/3/6 9521/3/6
f 9502/5/6 9512/5/6 9523/5/6
f 9523/5/6 9512/5/6 9524/5/6
f 9518/5/6 9519/5/6 9525/5/6
f 9517/5/6 9518/5/6 9525/5/6
f 9525/5/6 9519/5/6 9526/5/6
f 9522/5/6 9523/5/6 9527/5/6
f 9527/5/6 9523/5/6 9528/5/6
f 9526/5/6 9519/5/6 9530/5/6
f 9530/5/6 9519/5/6 9531/5/6
f 9520/1/6 9521/1/6 9532/1/6
f 9529/5/6 9530/5/6 9535/5/6
f 9535/5/6 9530/5/6 9536/5/6
f 9533/2/6 9534/2/6 9543/2/6
f 9543/2/6 9534/2/6 9544/2/6
f 9515/1/6 9520/1/6 9547/1/6
f 9520/1/6 9532/1/6 9547/1/6
f 9547/1/6 9532/1/6 9548/1/6
f 9537/3/6 9538/3/6 9549/3/6
f 9549/3/6 9538/3/6 9550/3/6
f 9539/1/6 9540/1/6 9551/1/6
f 9551/1/6 9540/1/6 9552/1/6
f 9541/1/6 9542/1/6 9553/1/6
f 9553/1/6 9542/1/6 9554/1/6
f 9543/3/6 9544/3/6 9555/3/6
f 9555/3/6 9544/3/6 9556/3/6
f 9545/3/6 9546/3/6 9557/3/6
f 9557/3/6 9546/3/6 9558/3/6
f 9559/1/6 9560/1/6 9565/1/6
f 9561/3/6 9562/3/6 9566/3/6
f 9566/3/6 9562/3/6 9567/3/6
f 9563/3/6 9564/3/6 9571/3/6
f 9571/3/6 9564/3/6 9572/3/6
f 9559/1/6 9565/1/6 9573/1/6
f 9573/1/6 9565/1/6 9574/1/6
f 9569/2/6 9570/2/6 9575/2/6
f 9575/2/6 9570/2/6 9576/2/6
f 9576/5/6 9577/5/6 9579/5/6
f 9578/5/6 9579/5/6 9582/5/6
f 9579/5/6 9577/5/6 9583/5/6
f 9582/5/6 9579/5/6 9583/5/6
f 9580/5/6 9581/5/6 9584/5/6
f 9584/5/6 9581/5/6 9585/5/6
f 9586/5/6 9587/5/6 9590/5/6
f 9590/5/6 9587/5/6 9591/5/6
f 9586/5/6 9590/5/6 9595/5/6
f 9595/5/6 9590/5/6 9596/5/6
f 9592/5/6 9593/5/6 9598/5/6
f 9598/5/6 9593/5/6 9599/5/6
f 9588/5/6 9589/5/6 9600/5/6
f 9600/5/6 9589/5/6 9601/5/6
f 9596/5/6 9597/5/6 9602/5/6
f 9594/5/6 9595/5/6 9602/5/6
f 9595/5/6 9596/5/6 9602/5/6
f 9602/5/6 9597/5/6 9603/5/6
f 9603/5/6 9597/5/6 9604/5/6
f 9573/3/6 9574/3/6 9605/3/6
f 9605/3/6 9574/3/6 9606/3/6
f 9602/5/6 9603/5/6 9608/5/6
f 9601/5/6 9602/5/6 9608/5/6
f 9608/5/6 9603/5/6 9609/5/6
f 9605/1/6 9606/1/6 9610/1/6
f 9566/3/6 9567/3/6 9611/3/6
f 9567/2/6 9568/2/6 9612/2/6
f 9611/3/6 9567/3/6 9612/3/6
f 9612/2/6 9568/2/6 9613/2/6
f 9607/2/6 9608/2/6 9615/2/6
f 9615/2/6 9608/2/6 9616/2/6
f 9609/5/6 9603/5/6 9617/5/6
f 9617/5/6 9603/5/6 9618/5/6
f 9618/5/6 9603/5/6 9619/5/6
f 9605/1/6 9610/1/6 9620/1/6
f 9620/1/6 9610/1/6 9621/1/6
f 9611/3/6 9612/3/6 9622/3/6
f 9622/3/6 9612/3/6 9623/3/6
f 9614/3/6 9615/3/6 9624/3/6
f 9624/3/6 9615/3/6 9625/3/6
f 9617/3/6 9618/3/6 9626/3/6
f 9626/3/6 9618/3/6 9627/3/6
f 9628/1/6 9629/1/6 9632/1/6
f 9632/1/6 9629/1/6 9633/1/6
f 9630/3/6 9631/3/6 9634/3/6
f 9634/3/6 9631/3/6 9635/3/6
f 9635/3/6 9631/3/6 9636/3/6
f 9635/5/6 9636/5/6 9637/5/6
f 9637/5/6 9636/5/6 9638/5/6
f 9639/5/6 9640/5/6 9641/5/6
f 9641/5/6 9640/5/6 9642/5/6
f 9643/5/6 9644/5/6 9646/5/6
f 9645/5/6 9646/5/6 9647/5/6
f 9646/5/6 9644/5/6 9648/5/6
f 9647/5/6 9646/5/6 9648/5/6
f 9648/5/6 9644/5/6 9650/5/6
f 9650/5/6 9644/5/6 9651/5/6
f 9649/5/6 9650/5/6 9652/5/6
f 9650/5/6 9651/5/6 9652/5/6
f 9632/3/6 9633/3/6 9653/3/6
f 9653/3/6 9633/3/6 9654/3/6
f 9649/5/6 9652/5/6 9655/5/6
f 9655/5/6 9652/5/6 9656/5/6
f 9656/5/6 9652/5/6 9657/5/6
f 9653/1/6 9654/1/6 9658/1/6
f 9658/1/6 9654/1/6 9659/1/6
f 9664/5/6 9665/5/6 9667/5/6
f 9665/2/6 9666/2/6 9668/2/6
f 9667/5/6 9665/5/6 9668/5/6
f 9660/1/6 9661/1/6 9669/1/6
f 9669/1/6 9661/1/6 9670/1/6
f 9668/2/6 9666/2/6 9671/2/6
f 9671/2/6 9666/2/6 9672/2/6
f 9669/3/6 9670/3/6 9675/3/6
f 9673/5/6 9674/5/6 9676/5/6
f 9676/5/6 9674/5/6 9677/5/6
f 9669/3/6 9675/3/6 9678/3/6
f 9679/5/6 9680/5/6 9681/5/6
f 9681/5/6 9680/5/6 9682/5/6
f 9669/3/6 9678/3/6 9683/3/6
f 9683/3/6 9678/3/6 9684/3/6
f 9685/2/6 9686/2/6 9687/2/6
f 9687/2/6 9686/2/6 9688/2/6
f 9662/2/6 9663/2/6 9689/2/6
f 9689/2/6 9663/2/6 9690/2/6
f 9683/1/6 9684/1/6 9693/1/6
f 9693/1/6 9684/1/6 9694/1/6
f 9691/3/6 9692/3/6 9695/3/6
f 9695/3/6 9692/3/6 9696/3/6
f 9700/3/6 9701/3/6 9702/3/6
f 9702/3/6 9701/3/6 9703/3/6
f 9702/5/6 9703/5/6 9704/5/6
f 9704/5/6 9703/5/6 9705/5/6
f 9697/1/6 9698/1/6 9706/1/6
f 9698/3/6 9699/3/6 9707/3/6
f 9706/1/6 9698/1/6 9707/1/6
f 9708/3/6 9709/3/6 9711/3/6
f 9710/5/6 9711/5/6 9712/5/6
f 9711/3/6 9709/3/6 9713/3/6
f 9712/5/6 9711/5/6 9713/5/6
f 9713/3/6 9709/3/6 9714/3/6
f 9697/1/6 9706/1/6 9715/1/6
f 9706/3/6 9707/3/6 9716/3/6
f 9715/1/6 9706/1/6 9716/1/6
f 9715/3/6 9716/3/6 9717/3/6
f 9716/3/6 9707/3/6 9718/3/6
f 9717/3/6 9716/3/6 9718/3/6
f 9717/1/6 9718/1/6 9721/1/6
f 9718/3/6 9707/3/6 9721/3/6
f 9707/3/6 9699/3/6 9722/3/6
f 9721/3/6 9707/3/6 9722/3/6
f 9719/5/6 9720/5/6 9723/5/6
f 9723/5/6 9720/5/6 9724/5/6
f 9724/5/6 9725/5/6 9727/5/6
f 9727/5/6 9725/5/6 9728/5/6
f 9726/5/6 9727/5/6 9729/5/6
f 9729/5/6 9727/5/6 9730/5/6
f 9717/1/6 9721/1/6 9731/1/6
f 9721/1/6 9722/1/6 9731/1/6
f 9722/3/6 9699/3/6 9732/3/6
f 9731/1/6 9722/1/6 9732/1/6
f 9732/3/6 9699/3/6 9733/3/6
f 9729/1/6 9730/1/6 9734/1/6
f 9734/1/6 9730/1/6 9735/1/6
f 9740/3/6 9741/3/6 9746/3/6
f 9746/3/6 9741/3/6 9747/3/6
f 9742/1/6 9743/1/6 9748/1/6
f 9748/1/6 9743/1/6 9749/1/6
f 9747/2/6 9748/2/6 9754/2/6
f 9754/2/6 9748/2/6 9755/2/6
f 9750/3/6 9751/3/6 9756/3/6
f 9751/3/6 9752/3/6 9756/3/6
f 9753/5/6 9754/5/6 9758/5/6
f 9744/2/6 9745/2/6 9759/2/6
f 9755/3/6 9756/3/6 9760/3/6
f 9756/3/6 9752/3/6 9760/3/6
f 9760/3/6 9752/3/6 9761/3/6
f 9757/5/6 9758/5/6 9762/5/6
f 9754/2/6 9755/2/6 9763/2/6
f 9762/5/6 9758/5/6 9763/5/6
f 9758/5/6 9754/5/6 9763/5/6
f 9763/2/6 9755/2/6 9765/2/6
f 9755/3/6 9760/3/6 9766/3/6
f 9764/5/6 9765/5/6 9769/5/6
f 9759/2/6 9745/2/6 9770/2/6
f 9768/5/6 9769/5/6 9771/5/6
f 9769/5/6 9765/5/6 9772/5/6
f 9771/5/6 9769/5/6 9772/5/6
f 9766/3/6 9767/3/6 9773/3/6
f 9765/2/6 9755/2/6 9773/2/6
f 9755/3/6 9766/3/6 9773/3/6
f 9773/3/6 9767/3/6 9774/3/6
f 9765/2/6 9773/2/6 9775/2/6
f 9775/3/6 9776/3/6 9777/3/6
f 9777/3/6 9776/3/6 9778/3/6
f 9770/2/6 9745/2/6 9779/2/6
f 9779/2/6 9745/2/6 9780/2/6
f 9772/5/6 9765/5/6 9781/5/6
f 9765/2/6 9775/2/6 9782/2/6
f 9781/5/6 9765/5/6 9782/5/6
f 9775/3/6 9777/3/6 9783/3/6
f 9782/2/6 9775/2/6 9783/2/6
f 9783/3/6 9777/3/6 9784/3/6
f 9736/3/6 9737/3/6 9785/3/6
f 9785/3/6 9737/3/6 9786/3/6
f 9738/3/6 9739/3/6 9787/3/6
f 9787/3/6 9739/3/6 9788/3/6
f 9781/3/6 9782/3/6 9789/3/6
f 9789/3/6 9782/3/6 9790/3/6
f 9791/3/6 9792/3/6 9796/3/6
f 9792/1/6 9793/1/6 9796/1/6
f 9796/1/6 9793/1/6 9797/1/6
f 9794/1/6 9795/1/6 9800/1/6
f 9800/1/6 9795/1/6 9801/1/6
f 9801/3/6 9802/3/6 9805/3/6
f 9803/1/6 9804/1/6 9806/1/6
f 9806/1/6 9804/1/6 9807/1/6
f 9796/3/6 9797/3/6 9808/3/6
f 9797/1/6 9793/1/6 9808/1/6
f 9808/1/6 9793/1/6 9809/1/6
f 9805/3/6 9802/3/6 9810/3/6
f 9810/3/6 9802/3/6 9811/3/6
f 9803/1/6 9806/1/6 9812/1/6
f 9812/1/6 9806/1/6 9813/1/6
f 9809/1/6 9793/1/6 9817/1/6
f 9808/3/6 9809/3/6 9817/3/6
f 9817/1/6 9793/1/6 9818/1/6
f 9798/2/6 9799/2/6 9819/2/6
f 9815/3/6 9816/3/6 9820/3/6
f 9814/3/6 9815/3/6 9820/3/6
f 9820/3/6 9816/3/6 9821/3/6
f 9819/3/6 9820/3/6 9823/3/6
f 9821/3/6 9822/3/6 9823/3/6
f 9820/3/6 9821/3/6 9823/3/6
f 9823/3/6 9822/3/6 9824/3/6
f 9798/2/6 9819/2/6 9826/2/6
f 9819/3/6 9823/3/6 9827/3/6
f 9826/2/6 9819/2/6 9827/2/6
f 9827/3/6 9823/3/6 9828/3/6
f 9828/3/6 9823/3/6 9829/3/6
f 9829/3/6 9823/3/6 9830/3/6
f 9825/3/6 9826/3/6 9831/3/6
f 9826/2/6 9827/2/6 9832/2/6
f 9831/3/6 9826/3/6 9832/3/6
f 9832/2/6 9827/2/6 9833/2/6
f 9828/3/6 9829/3/6 9834/3/6
f 9817/3/6 9818/3/6 9835/3/6
f 9808/3/6 9817/3/6 9835/3/6
f 9835/3/6 9818/3/6 9836/3/6
f 9833/3/6 9834/3/6 9837/3/6
f 9834/3/6 9829/3/6 9837/3/6
f 9796/3/6 9808/3/6 9839/3/6
f 9808/3/6 9835/3/6 9839/3/6
f 9835/1/6 9836/1/6 9840/1/6
f 9839/3/6 9835/3/6 9840/3/6
f 9837/3/6 9838/3/6 9841/3/6
f 9833/3/6 9837/3/6 9841/3/6
f 9832/2/6 9833/2/6 9841/2/6
f 9841/3/6 9838/3/6 9842/3/6
f 9842/3/6 9838/3/6 9843/3/6
f 9843/3/6 9838/3/6 9844/3/6
f 9796/3/6 9839/3/6 9845/3/6
f 9791/3/6 9796/3/6 9845/3/6
f 9839/1/6 9840/1/6 9846/1/6
f 9845/3/6 9839/3/6 9846/3/6
f 9832/2/6 9841/2/6 9847/2/6
f 9847/2/6 9841/2/6 9848/2/6
f 9844/3/6 9838/3/6 9849/3/6
f 9849/3/6 9838/3/6 9850/3/6
f 9791/3/6 9845/3/6 9853/3/6
f 9845/1/6 9846/1/6 9854/1/6
f 9853/3/6 9845/3/6 9854/3/6
f 9840/1/6 9836/1/6 9855/1/6
f 9854/1/6 9846/1/6 9855/1/6
f 9846/1/6 9840/1/6 9855/1/6
f 9851/1/6 9852/1/6 9856/1/6
f 9856/1/6 9852/1/6 9857/1/6
f 9860/1/6 9861/1/6 9862/1/6
f 9858/1/6 9859/1/6 9864/1/6
f 9864/1/6 9859/1/6 9865/1/6
f 9862/1/6 9863/1/6 9866/1/6
f 9860/1/6 9862/1/6 9866/1/6
f 9866/1/6 9863/1/6 9867/1/6
f 9858/1/6 9864/1/6 9868/1/6
f 9864/3/6 9865/3/6 9869/3/6
f 9868/1/6 9864/1/6 9869/1/6
f 9860/1/6 9866/1/6 9870/1/6
f 9866/3/6 9867/3/6 9871/3/6
f 9870/1/6 9866/1/6 9871/1/6
f 9871/3/6 9867/3/6 9872/3/6
f 9860/1/6 9870/1/6 9873/1/6
f 9873/1/6 9870/1/6 9874/1/6
f 9865/1/6 9859/1/6 9875/1/6
f 9869/3/6 9865/3/6 9875/3/6
f 9868/3/6 9869/3/6 9875/3/6
f 9875/1/6 9859/1/6 9876/1/6
f 9868/3/6 9875/3/6 9877/3/6
f 9875/3/6 9876/3/6 9877/3/6
f 9876/1/6 9859/1/6 9878/1/6
f 9877/3/6 9876/3/6 9878/3/6
f 9878/1/6 9859/1/6 9879/1/6
f 9877/1/6 9878/1/6 9882/1/6
f 9880/1/6 9881/1/6 9884/1/6
f 9884/1/6 9881/1/6 9885/1/6
f 9868/3/6 9877/3/6 9886/3/6
f 9886/3/6 9877/3/6 9887/3/6
f 9887/3/6 9877/3/6 9890/3/6
f 9886/1/6 9887/1/6 9890/1/6
f 9882/1/6 9883/1/6 9891/1/6
f 9890/3/6 9877/3/6 9891/3/6
f 9877/1/6 9882/1/6 9891/1/6
f 9888/1/6 9889/1/6 9892/1/6
f 9892/1/6 9893/1/6 9894/1/6
f 9886/1/6 9890/1/6 9896/1/6
f 9890/1/6 9891/1/6 9896/1/6
f 9891/1/6 9883/1/6 9897/1/6
f 9896/1/6 9891/1/6 9897/1/6
f 9892/1/6 9894/1/6 9898/1/6
f 9888/1/6 9892/1/6 9898/1/6
f 9894/1/6 9895/1/6 9898/1/6
f 9898/1/6 9895/1/6 9899/1/6
