# MagicaVoxel @ Ephtracy

# group
o 

# material
mtllib gusenica_5.mtl
usemtl palette

# normals
vn -1 0 0
vn 1 0 0
vn 0 0 1
vn 0 0 -1
vn 0 -1 0
vn 0 1 0

# texcoords
vt 0.0917969 0.5
vt 0.228516 0.5
vt 0.232422 0.5
vt 0.244141 0.5
vt 0.986328 0.5

# verts
v -3.2 3.9 0.2
v -3.2 3.9 -1.3
v -3.2 4.2 0.2
v -3.2 4.2 0.1
v -3.2 4.2 -1.2
v -3.2 4.2 -1.3
v -3.2 4.3 0.1
v -3.2 4.3 0
v -3.2 4.3 -1.1
v -3.2 4.3 -1.2
v -3.2 4.4 0
v -3.2 4.4 -0.1
v -3.2 4.4 -1
v -3.2 4.4 -1.1
v -3.2 4.5 0.2
v -3.2 4.5 -0.1
v -3.2 4.5 -1
v -3.2 4.5 -1.3
v -3.1 3.7 0.1
v -3.1 3.7 -1.2
v -3.1 3.9 0.1
v -3.1 3.9 -1.2
v -3.1 4.6 0.2
v -3.1 4.6 -1.3
v -3.1 4.7 0.2
v -3.1 4.7 -0.2
v -3.1 4.7 -0.9
v -3.1 4.7 -1.3
v -3.1 4.9 0.2
v -3.1 4.9 -0.2
v -3.1 4.9 -0.9
v -3.1 4.9 -1.3
v -3 4.5 0.1
v -3 4.5 -1.2
v -3 4.6 0.1
v -3 4.6 -1.2
v -3 4.9 0.1
v -3 4.9 0
v -3 4.9 -0.2
v -3 4.9 -0.9
v -3 4.9 -1.1
v -3 4.9 -1.3
v -3 5.1 0.2
v -3 5.1 0.1
v -3 5.1 0
v -3 5.1 -0.1
v -3 5.1 -1
v -3 5.1 -1.1
v -3 5.2 0.2
v -3 5.2 -0.1
v -3 5.2 -1
v -3 5.2 -1.3
v -2.9 4.9 0.2
v -2.9 4.9 0.1
v -2.9 5 0.2
v -2.9 5 0.1
v -2.8 5.5 0.2
v -2.8 5.5 0.1
v -2.8 5.5 -1.2
v -2.8 5.5 -1.3
v -2.8 5.6 0.2
v -2.8 5.6 0.1
v -2.8 5.6 -1.2
v -2.8 5.6 -1.3
v -2.7 5.2 0.1
v -2.7 5.2 -1.2
v -2.7 5.5 0.1
v -2.7 5.5 -1.2
v -2.7 5.6 0.2
v -2.7 5.6 0.1
v -2.7 5.6 0
v -2.7 5.6 -1.1
v -2.7 5.6 -1.2
v -2.7 5.6 -1.3
v -2.7 5.7 0
v -2.7 5.7 -0.1
v -2.7 5.7 -1
v -2.7 5.7 -1.1
v -2.7 5.8 0.2
v -2.7 5.8 -0.1
v -2.7 5.8 -1
v -2.7 5.8 -1.3
v -2.6 5.8 0.2
v -2.6 5.8 -0.1
v -2.6 5.8 -1
v -2.6 5.8 -1.3
v -2.6 5.9 -0.1
v -2.6 5.9 -0.2
v -2.6 5.9 -0.9
v -2.6 5.9 -1
v -2.6 6 0.2
v -2.6 6 -0.2
v -2.6 6 -0.9
v -2.6 6 -1.3
v -2.5 4 -0.5
v -2.5 4 -0.6
v -2.5 4.1 -0.5
v -2.5 4.1 -0.6
v -2.5 5 0.2
v -2.5 5 0.1
v -2.5 5.1 0.2
v -2.5 5.1 0.1
v -2.5 5.4 0.2
v -2.5 5.4 0.1
v -2.5 5.4 -1.2
v -2.5 5.4 -1.3
v -2.5 5.5 0.2
v -2.5 5.5 0.1
v -2.5 5.5 -1.2
v -2.5 5.5 -1.3
v -2.4 5.9 0.1
v -2.4 5.9 -1.2
v -2.4 6 0.2
v -2.4 6 0.1
v -2.4 6 0
v -2.4 6 -1.1
v -2.4 6 -1.2
v -2.4 6 -1.3
v -2.4 6.1 0.2
v -2.4 6.1 0
v -2.4 6.1 -0.3
v -2.4 6.1 -0.8
v -2.4 6.1 -1.1
v -2.4 6.2 -0.3
v -2.4 6.2 -0.8
v -2.4 6.2 -1.3
v -2.3 4.2 -1.2
v -2.3 4.2 -1.3
v -2.3 4.3 -1.2
v -2.3 4.3 -1.3
v -2.3 6.1 0.2
v -2.3 6.1 0.1
v -2.3 6.1 0
v -2.3 6.1 -0.3
v -2.3 6.2 0.1
v -2.3 6.2 -0.3
v -2.3 6.2 -0.4
v -2.3 6.2 -0.7
v -2.3 6.2 -0.9
v -2.3 6.2 -1.3
v -2.3 6.3 0.1
v -2.3 6.3 -0.1
v -2.3 6.3 -0.4
v -2.3 6.3 -0.7
v -2.3 6.3 -0.9
v -2.3 6.3 -1
v -2.3 6.4 0.2
v -2.3 6.4 -0.1
v -2.3 6.4 -1
v -2.3 6.4 -1.3
v -2.2 4.3 -1.2
v -2.2 4.3 -1.3
v -2.2 4.4 -1.1
v -2.2 4.4 -1.2
v -2.2 4.4 -1.3
v -2.2 4.5 -1.1
v -2.2 4.5 -1.2
v -2.2 5.9 0.2
v -2.2 5.9 0.1
v -2.2 5.9 -1.2
v -2.2 5.9 -1.3
v -2.2 6 0.2
v -2.2 6 0.1
v -2.2 6 -1.2
v -2.2 6 -1.3
v -2.2 6.2 0.1
v -2.2 6.2 -0.4
v -2.2 6.2 -0.8
v -2.2 6.2 -0.9
v -2.2 6.3 0.1
v -2.2 6.3 -0.1
v -2.2 6.3 -0.4
v -2.2 6.3 -0.5
v -2.2 6.3 -0.6
v -2.2 6.3 -0.8
v -2.2 6.3 -0.9
v -2.2 6.4 0.2
v -2.2 6.4 0.1
v -2.2 6.4 -0.1
v -2.2 6.4 -0.4
v -2.2 6.4 -0.5
v -2.2 6.4 -0.6
v -2.2 6.5 0.2
v -2.2 6.5 0.1
v -2.2 6.5 -0.1
v -2.1 4.5 -1.1
v -2.1 4.5 -1.2
v -2.1 4.6 -1.1
v -2.1 4.6 -1.2
v -2.1 4.6 -1.3
v -2.1 4.7 -1.2
v -2.1 4.7 -1.3
v -2.1 5.3 -1.2
v -2.1 5.3 -1.3
v -2.1 5.5 -1.2
v -2.1 5.5 -1.3
v -2.1 6.2 -0.7
v -2.1 6.2 -0.8
v -2.1 6.3 -0.4
v -2.1 6.3 -0.5
v -2.1 6.3 -0.7
v -2.1 6.3 -0.8
v -2.1 6.4 -0.4
v -2.1 6.4 -0.5
v -2 4.7 -1.2
v -2 4.7 -1.3
v -2 4.8 -1.2
v -2 4.8 -1.3
v -2 4.9 -1.2
v -2 4.9 -1.3
v -2 5 -1.2
v -2 5 -1.3
v -2 5.6 -1
v -2 5.6 -1.1
v -2 5.8 0.2
v -2 5.8 0.1
v -2 5.8 -1
v -2 5.8 -1.1
v -2 5.8 -1.2
v -2 5.9 0.2
v -2 5.9 0.1
v -2 5.9 -1.1
v -2 5.9 -1.2
v -2 6 -1.2
v -2 6 -1.3
v -2 6.1 -1.2
v -2 6.1 -1.3
v -2 6.5 0.1
v -2 6.5 -0.1
v -2 6.6 0.1
v -2 6.6 -0.1
v -2 6.7 0.1
v -2 6.7 -0.1
v -1.9 4.8 -1.2
v -1.9 4.8 -1.3
v -1.9 4.9 -1.2
v -1.9 4.9 -1.3
v -1.9 5.1 -1.1
v -1.9 5.1 -1.2
v -1.9 5.2 -1.1
v -1.9 5.2 -1.2
v -1.9 6.2 -0.1
v -1.9 6.2 -0.2
v -1.9 6.2 -0.6
v -1.9 6.2 -0.8
v -1.9 6.3 0.1
v -1.9 6.3 0
v -1.9 6.3 -0.1
v -1.9 6.3 -0.2
v -1.9 6.3 -0.5
v -1.9 6.3 -0.6
v -1.9 6.3 -0.8
v -1.9 6.4 0.2
v -1.9 6.4 0.1
v -1.9 6.4 0
v -1.9 6.4 -0.2
v -1.9 6.4 -0.4
v -1.9 6.4 -0.5
v -1.9 6.5 0.2
v -1.9 6.5 0.1
v -1.9 6.5 -0.1
v -1.9 6.5 -0.2
v -1.9 6.5 -0.3
v -1.9 6.5 -0.4
v -1.9 6.5 -0.5
v -1.9 6.6 -0.1
v -1.9 6.6 -0.3
v -1.9 6.7 0.1
v -1.9 6.7 0
v -1.9 6.7 -0.1
v -1.9 6.8 0.1
v -1.9 6.8 0
v -1.9 6.8 -0.1
v -1.8 4.9 -1.2
v -1.8 4.9 -1.3
v -1.8 5 -1.2
v -1.8 5.1 -1.2
v -1.8 5.1 -1.3
v -1.8 5.7 0.2
v -1.8 5.7 0.1
v -1.8 5.8 0.2
v -1.8 5.8 0.1
v -1.8 6.3 0.2
v -1.8 6.3 0.1
v -1.8 6.3 0
v -1.8 6.3 -0.2
v -1.8 6.3 -0.5
v -1.8 6.3 -0.6
v -1.8 6.3 -0.7
v -1.8 6.3 -0.8
v -1.8 6.3 -0.9
v -1.8 6.3 -1
v -1.8 6.4 0.2
v -1.8 6.4 0.1
v -1.8 6.4 0
v -1.8 6.4 -0.2
v -1.8 6.4 -0.4
v -1.8 6.4 -0.5
v -1.8 6.4 -0.7
v -1.8 6.4 -0.8
v -1.8 6.4 -0.9
v -1.8 6.4 -1
v -1.8 6.4 -1.1
v -1.8 6.4 -1.2
v -1.8 6.5 -0.2
v -1.8 6.5 -0.3
v -1.8 6.5 -0.4
v -1.8 6.5 -0.5
v -1.8 6.5 -0.6
v -1.8 6.5 -0.7
v -1.8 6.5 -1
v -1.8 6.5 -1.2
v -1.8 6.6 -0.2
v -1.8 6.6 -0.3
v -1.8 6.6 -0.6
v -1.8 6.6 -0.7
v -1.8 6.7 -0.2
v -1.8 6.7 -0.4
v -1.7 5.1 -1.1
v -1.7 5.1 -1.2
v -1.7 5.2 0.2
v -1.7 5.2 0.1
v -1.7 5.2 -1.2
v -1.7 5.2 -1.3
v -1.7 5.3 0.2
v -1.7 5.3 0.1
v -1.7 5.3 -1.1
v -1.7 5.3 -1.2
v -1.7 5.4 -1.2
v -1.7 5.4 -1.3
v -1.7 5.6 0.2
v -1.7 5.6 0.1
v -1.7 5.7 0.2
v -1.7 5.7 0.1
v -1.7 5.7 -1
v -1.7 5.7 -1.1
v -1.7 5.7 -1.2
v -1.7 5.8 -1.1
v -1.7 5.8 -1.2
v -1.7 5.9 -1
v -1.7 5.9 -1.1
v -1.7 6.2 0.2
v -1.7 6.2 0.1
v -1.7 6.2 -0.9
v -1.7 6.2 -1
v -1.7 6.3 0.2
v -1.7 6.3 0.1
v -1.7 6.3 -0.6
v -1.7 6.3 -0.7
v -1.7 6.3 -0.8
v -1.7 6.3 -0.9
v -1.7 6.3 -1
v -1.7 6.3 -1.1
v -1.7 6.4 -0.7
v -1.7 6.4 -0.8
v -1.7 6.4 -0.9
v -1.7 6.4 -1
v -1.7 6.4 -1.1
v -1.7 6.5 0.2
v -1.7 6.5 0.1
v -1.7 6.5 -0.4
v -1.7 6.5 -0.5
v -1.7 6.5 -0.6
v -1.7 6.5 -0.7
v -1.7 6.5 -0.8
v -1.7 6.5 -1
v -1.7 6.6 0.1
v -1.7 6.6 -0.4
v -1.7 6.6 -0.5
v -1.7 6.6 -0.7
v -1.7 6.6 -1
v -1.7 6.7 0.2
v -1.7 6.7 0.1
v -1.6 5.3 0.2
v -1.6 5.3 0.1
v -1.6 5.4 0.2
v -1.6 5.4 0.1
v -1.6 5.4 0
v -1.6 5.5 0.1
v -1.6 5.5 0
v -1.6 6.1 -1
v -1.6 6.1 -1.1
v -1.6 6.2 -1.1
v -1.6 6.2 -1.2
v -1.6 6.3 -1
v -1.6 6.3 -1.1
v -1.6 6.4 -0.8
v -1.6 6.4 -1
v -1.6 6.4 -1.1
v -1.6 6.4 -1.2
v -1.6 6.5 -0.5
v -1.6 6.5 -0.6
v -1.6 6.5 -0.8
v -1.6 6.5 -1
v -1.6 6.6 -0.5
v -1.6 6.6 -0.6
v -1.5 5.4 -1.1
v -1.5 5.4 -1.2
v -1.5 5.5 -1.1
v -1.5 5.5 -1.2
v -1.5 5.6 -1
v -1.5 5.6 -1.1
v -1.5 5.7 -1
v -1.5 5.7 -1.1
v -1.5 5.9 -0.9
v -1.5 5.9 -1.1
v -1.5 6 -1
v -1.5 6 -1.1
v -1.5 6.1 -0.9
v -1.5 6.1 -1
v -1.5 6.1 -1.1
v -1.5 6.1 -1.2
v -1.5 6.2 -1.1
v -1.5 6.2 -1.2
v -1.5 6.3 -1.2
v -1.5 6.3 -1.3
v -1.5 6.4 -1
v -1.5 6.4 -1.1
v -1.5 6.4 -1.2
v -1.5 6.4 -1.3
v -1.5 6.5 -0.4
v -1.5 6.5 -0.5
v -1.5 6.5 -1
v -1.5 6.5 -1.1
v -1.5 6.6 -0.4
v -1.5 6.6 -0.5
v -1.4 5.5 0.1
v -1.4 5.5 0
v -1.4 5.5 -1
v -1.4 5.5 -1.1
v -1.4 5.5 -1.2
v -1.4 5.6 0.1
v -1.4 5.6 0
v -1.4 5.6 -1
v -1.4 5.6 -1.1
v -1.4 5.7 -1.1
v -1.4 5.7 -1.2
v -1.4 6.2 0.2
v -1.4 6.2 0.1
v -1.4 6.3 0.2
v -1.4 6.3 0.1
v -1.4 6.5 -0.7
v -1.4 6.5 -0.9
v -1.4 6.6 -0.7
v -1.4 6.6 -0.9
v -1.3 5.1 0.2
v -1.3 5.1 0.1
v -1.3 5.2 0.2
v -1.3 5.2 0.1
v -1.3 5.4 -1.2
v -1.3 5.4 -1.3
v -1.3 5.5 -1.2
v -1.3 5.5 -1.3
v -1.3 5.8 -1
v -1.3 5.8 -1.1
v -1.3 5.9 -0.9
v -1.3 5.9 -1
v -1.3 5.9 -1.1
v -1.3 6 -0.9
v -1.3 6 -1
v -1.3 6 -1.1
v -1.3 6.1 -1
v -1.3 6.1 -1.1
v -1.3 6.1 -1.2
v -1.3 6.2 -1
v -1.3 6.2 -1.1
v -1.3 6.2 -1.2
v -1.3 6.3 -1
v -1.3 6.3 -1.1
v -1.3 6.5 0.1
v -1.3 6.5 0
v -1.3 6.5 -0.6
v -1.3 6.5 -0.7
v -1.3 6.6 0.2
v -1.3 6.6 0.1
v -1.3 6.6 0
v -1.3 6.6 -0.6
v -1.3 6.6 -0.7
v -1.3 6.6 -0.8
v -1.3 6.7 0.2
v -1.3 6.7 0.1
v -1.3 6.7 -0.8
v -1.3 6.7 -1
v -1.3 6.8 -0.8
v -1.3 6.8 -1
v -1.3 6.9 -0.7
v -1.3 6.9 -0.8
v -1.2 5.1 -1.2
v -1.2 5.1 -1.3
v -1.2 5.2 -1.1
v -1.2 5.2 -1.2
v -1.2 5.2 -1.3
v -1.2 5.3 -1.1
v -1.2 5.3 -1.2
v -1.2 5.5 -1.2
v -1.2 5.5 -1.3
v -1.2 5.6 -1.2
v -1.2 5.6 -1.3
v -1.2 5.7 -1
v -1.2 5.7 -1.1
v -1.2 5.8 0.1
v -1.2 5.8 0
v -1.2 5.8 -1
v -1.2 5.8 -1.1
v -1.2 5.9 0.1
v -1.2 5.9 0
v -1.2 5.9 -1
v -1.2 5.9 -1.1
v -1.2 5.9 -1.2
v -1.2 6 -1
v -1.2 6 -1.1
v -1.2 6 -1.2
v -1.2 6 -1.3
v -1.2 6.1 -1.1
v -1.2 6.1 -1.2
v -1.2 6.1 -1.3
v -1.2 6.5 0
v -1.2 6.5 -0.1
v -1.2 6.6 0
v -1.2 6.6 -0.1
v -1.2 6.6 -0.3
v -1.2 6.6 -0.4
v -1.2 6.6 -0.6
v -1.2 6.6 -0.7
v -1.2 6.6 -0.8
v -1.2 6.6 -0.9
v -1.2 6.7 -0.3
v -1.2 6.7 -0.4
v -1.2 6.7 -0.8
v -1.2 6.7 -0.9
v -1.2 6.8 -0.6
v -1.2 6.8 -0.7
v -1.2 6.9 0.1
v -1.2 6.9 -0.1
v -1.2 7 0.1
v -1.2 7 -0.1
v -1.1 5.3 0.1
v -1.1 5.3 0
v -1.1 5.3 -1
v -1.1 5.3 -1.2
v -1.1 5.4 0.1
v -1.1 5.4 0
v -1.1 5.4 -1
v -1.1 5.4 -1.1
v -1.1 5.4 -1.2
v -1.1 5.5 -1.1
v -1.1 5.5 -1.2
v -1.1 5.6 -1.1
v -1.1 5.6 -1.2
v -1.1 5.7 0.1
v -1.1 5.7 0
v -1.1 5.8 0.1
v -1.1 5.8 0
v -1.1 5.9 0.1
v -1.1 5.9 0
v -1.1 6 0.1
v -1.1 6 0
v -1.1 6.4 -0.4
v -1.1 6.4 -0.6
v -1.1 6.5 -0.1
v -1.1 6.5 -0.4
v -1.1 6.6 -0.1
v -1.1 6.6 -0.3
v -1.1 6.6 -0.4
v -1.1 6.6 -0.5
v -1.1 6.6 -0.6
v -1.1 6.7 -0.1
v -1.1 6.7 -0.2
v -1.1 6.7 -0.3
v -1.1 6.7 -0.4
v -1.1 6.7 -0.5
v -1.1 6.8 0.1
v -1.1 6.8 0
v -1.1 6.8 -0.2
v -1.1 6.8 -0.3
v -1.1 6.9 0.1
v -1.1 6.9 0
v -1 5.6 -1
v -1 5.6 -1.1
v -1 5.7 -1
v -1 5.7 -1.1
v -1 6.2 -1
v -1 6.2 -1.1
v -1 6.3 0.1
v -1 6.3 0
v -1 6.3 -1
v -1 6.3 -1.1
v -1 6.4 0.1
v -1 6.4 0
v -1 6.5 -0.8
v -1 6.5 -0.9
v -1 6.6 0.1
v -1 6.6 0
v -1 6.6 -0.1
v -1 6.6 -0.5
v -1 6.6 -0.6
v -1 6.6 -0.8
v -1 6.6 -0.9
v -1 6.7 0.1
v -1 6.7 0
v -1 6.7 -0.1
v -1 6.7 -0.4
v -1 6.7 -0.5
v -1 6.8 -0.4
v -1 6.8 -0.6
v -1 6.8 -0.7
v -1 6.8 -0.8
v -1 6.9 -0.7
v -1 6.9 -0.8
v -0.9 5.5 0.1
v -0.9 5.5 -0.1
v -0.9 5.5 -0.2
v -0.9 5.5 -0.4
v -0.9 5.5 -0.9
v -0.9 5.5 -1.1
v -0.9 5.5 -1.2
v -0.9 5.5 -1.3
v -0.9 5.6 0.1
v -0.9 5.6 -0.1
v -0.9 5.6 -0.9
v -0.9 5.6 -1.1
v -0.9 5.6 -1.2
v -0.9 5.6 -1.3
v -0.9 5.7 0
v -0.9 5.7 -0.1
v -0.9 5.8 0.1
v -0.9 5.8 0
v -0.9 5.8 -0.8
v -0.9 5.8 -1
v -0.9 5.9 -0.9
v -0.9 5.9 -1
v -0.9 6 -0.8
v -0.9 6 -0.9
v -0.9 6.1 -0.1
v -0.9 6.1 -0.2
v -0.9 6.2 -0.1
v -0.9 6.2 -0.2
v -0.9 6.3 -1
v -0.9 6.3 -1.1
v -0.9 6.3 -1.2
v -0.9 6.4 0.1
v -0.9 6.4 0
v -0.9 6.4 -1
v -0.9 6.4 -1.1
v -0.9 6.4 -1.2
v -0.9 6.5 0.1
v -0.9 6.5 0
v -0.9 6.5 -0.9
v -0.9 6.5 -1
v -0.9 6.5 -1.1
v -0.9 6.6 -0.9
v -0.9 6.6 -1.1
v -0.9 6.7 0
v -0.9 6.7 -0.2
v -0.9 6.7 -0.3
v -0.9 6.7 -0.4
v -0.9 6.8 0
v -0.9 6.8 -0.2
v -0.9 6.8 -0.3
v -0.9 6.8 -0.4
v -0.9 6.8 -0.5
v -0.9 6.8 -0.6
v -0.9 6.8 -0.8
v -0.9 6.8 -1
v -0.9 6.9 -0.5
v -0.9 6.9 -0.6
v -0.9 6.9 -0.8
v -0.9 6.9 -1
v -0.8 5.5 0.2
v -0.8 5.5 0.1
v -0.8 5.6 0.2
v -0.8 5.6 0.1
v -0.8 6.1 0
v -0.8 6.1 -0.1
v -0.8 6.1 -1
v -0.8 6.1 -1.1
v -0.8 6.1 -1.2
v -0.8 6.2 -1
v -0.8 6.2 -1.1
v -0.8 6.2 -1.2
v -0.8 6.3 0
v -0.8 6.3 -0.1
v -0.8 6.4 -1
v -0.8 6.4 -1.1
v -0.8 6.5 -1
v -0.8 6.5 -1.1
v -0.8 6.6 -0.8
v -0.8 6.6 -0.9
v -0.8 6.7 -0.2
v -0.8 6.7 -0.3
v -0.8 6.7 -0.8
v -0.8 6.7 -0.9
v -0.8 6.8 -0.2
v -0.8 6.8 -0.3
v -0.8 6.8 -0.4
v -0.8 6.8 -0.5
v -0.8 6.9 -0.4
v -0.8 6.9 -0.5
v -0.7 5.6 0.1
v -0.7 5.6 0
v -0.7 5.7 0.1
v -0.7 5.7 0
v -0.7 6.5 -1
v -0.7 6.5 -1.1
v -0.7 6.6 -1
v -0.7 6.6 -1.1
v -0.7 6.7 -0.1
v -0.7 6.7 -0.2
v -0.7 6.7 -0.6
v -0.7 6.7 -0.7
v -0.7 6.8 -0.1
v -0.7 6.8 -0.2
v -0.7 6.8 -0.4
v -0.7 6.8 -0.6
v -0.7 6.8 -0.7
v -0.7 6.8 -0.8
v -0.7 6.9 -0.2
v -0.7 6.9 -0.4
v -0.7 6.9 -0.6
v -0.7 6.9 -0.7
v -0.7 6.9 -0.8
v -0.7 7 -0.5
v -0.7 7 -0.6
v -0.7 7.1 -0.4
v -0.7 7.1 -0.5
v -0.7 7.1 -0.6
v -0.7 7.2 -0.5
v -0.7 7.2 -0.6
v -0.6 6.6 -0.9
v -0.6 6.6 -1
v -0.6 6.7 -0.9
v -0.6 6.7 -1
v -0.6 6.8 -0.6
v -0.6 6.8 -0.7
v -0.6 6.9 -0.2
v -0.6 6.9 -0.4
v -0.6 6.9 -0.7
v -0.6 6.9 -0.9
v -0.6 7 -0.2
v -0.6 7 -0.3
v -0.6 7 -0.5
v -0.6 7 -0.6
v -0.6 7 -0.7
v -0.6 7 -0.8
v -0.6 7 -0.9
v -0.6 7.1 -0.3
v -0.6 7.1 -0.4
v -0.6 7.1 -0.5
v -0.6 7.1 -0.6
v -0.6 7.1 -0.7
v -0.6 7.1 -0.8
v -0.6 7.2 -0.4
v -0.6 7.2 -0.5
v -0.6 7.2 -0.7
v -0.6 7.2 -0.8
v -0.6 7.3 -0.7
v -0.6 7.3 -0.8
v -0.5 6.2 -0.6
v -0.5 6.2 -0.7
v -0.5 6.3 -0.6
v -0.5 6.3 -0.7
v -0.5 6.4 0.1
v -0.5 6.4 0
v -0.5 6.4 -0.1
v -0.5 6.4 -0.9
v -0.5 6.4 -1
v -0.5 6.5 0.1
v -0.5 6.5 0
v -0.5 6.5 -0.9
v -0.5 6.5 -1
v -0.5 6.6 0
v -0.5 6.6 -0.1
v -0.5 6.8 0.1
v -0.5 6.8 0
v -0.5 6.8 -0.1
v -0.5 6.9 0
v -0.5 6.9 -0.1
v -0.5 6.9 -0.2
v -0.5 7 0.1
v -0.5 7 0
v -0.5 7 -0.1
v -0.5 7 -0.2
v -0.5 7 -0.8
v -0.5 7 -0.9
v -0.5 7 -1.1
v -0.5 7.1 -0.8
v -0.5 7.1 -0.9
v -0.5 7.1 -1.1
v -0.5 7.2 -0.8
v -0.5 7.2 -0.9
v -0.5 7.2 -1
v -0.5 7.3 -0.8
v -0.5 7.3 -1
v -0.4 6.2 0
v -0.4 6.2 -0.1
v -0.4 6.3 0
v -0.4 6.3 -0.1
v -0.4 6.5 -0.8
v -0.4 6.5 -1
v -0.4 6.5 -1.1
v -0.4 6.6 -0.1
v -0.4 6.6 -0.2
v -0.4 6.6 -0.8
v -0.4 6.6 -0.9
v -0.4 6.6 -1
v -0.4 6.6 -1.1
v -0.4 6.7 -0.1
v -0.4 6.7 -0.2
v -0.4 6.7 -0.9
v -0.4 6.7 -1
v -0.4 6.8 -0.1
v -0.4 6.8 -0.2
v -0.4 6.9 -0.1
v -0.4 6.9 -0.2
v -0.4 7 -0.6
v -0.4 7 -0.7
v -0.4 7.1 -0.6
v -0.4 7.1 -0.7
v -0.3 6.2 0.1
v -0.3 6.2 0
v -0.3 6.3 0.2
v -0.3 6.3 0.1
v -0.3 6.3 0
v -0.3 6.3 -0.9
v -0.3 6.3 -1.1
v -0.3 6.4 0.2
v -0.3 6.4 0.1
v -0.3 6.4 0
v -0.3 6.4 -0.9
v -0.3 6.4 -1
v -0.3 6.4 -1.1
v -0.3 6.6 -1
v -0.3 6.6 -1.1
v -0.3 6.7 -0.8
v -0.3 6.7 -1
v -0.3 6.7 -1.1
v -0.3 6.8 -0.8
v -0.3 6.8 -0.9
v -0.3 6.8 -1
v -0.3 6.8 -1.1
v -0.3 6.9 -0.3
v -0.3 6.9 -0.4
v -0.3 6.9 -0.8
v -0.3 6.9 -0.9
v -0.3 6.9 -1
v -0.3 6.9 -1.1
v -0.3 7 0
v -0.3 7 -0.1
v -0.3 7 -0.2
v -0.3 7 -0.3
v -0.3 7 -0.4
v -0.3 7 -0.8
v -0.3 7 -0.9
v -0.3 7.1 0
v -0.3 7.1 -0.2
v -0.3 7.1 -0.9
v -0.3 7.1 -1
v -0.2 6.4 -1
v -0.2 6.4 -1.1
v -0.2 6.5 -1
v -0.2 6.5 -1.1
v -0.2 6.5 -1.2
v -0.2 6.6 -1.1
v -0.2 6.6 -1.2
v -0.2 6.7 -0.1
v -0.2 6.7 -0.2
v -0.2 6.7 -1.1
v -0.2 6.7 -1.2
v -0.2 6.8 0
v -0.2 6.8 -0.1
v -0.2 6.8 -0.2
v -0.2 6.9 0
v -0.2 6.9 -0.2
v -0.2 7 -0.8
v -0.2 7 -0.9
v -0.2 7.1 -0.8
v -0.2 7.1 -0.9
v -2.7 3.9 0.2
v -2.7 3.9 0.1
v -2.7 3.9 -1.2
v -2.7 3.9 -1.3
v -2.7 4 0.2
v -2.7 4 0.1
v -2.7 4 -1.2
v -2.7 4 -1.3
v -2.7 5.1 0.2
v -2.7 5.1 0.1
v -2.7 5.2 0.2
v -2.7 5.2 0.1
v -2.6 4 -0.5
v -2.6 4 -0.6
v -2.6 4.1 -0.5
v -2.6 4.1 -0.6
v -2.5 5.9 0.2
v -2.5 5.9 -0.2
v -2.5 5.9 -0.9
v -2.5 5.9 -1.3
v -2.5 6 0.2
v -2.5 6 -0.2
v -2.5 6 -0.9
v -2.5 6 -1.3
v -2.4 4.2 -1.2
v -2.4 4.2 -1.3
v -2.4 4.5 -1.2
v -2.4 4.5 -1.3
v -2.3 4.4 0.2
v -2.3 4.4 0.1
v -2.3 4.4 -1.1
v -2.3 4.4 -1.2
v -2.3 4.5 0.2
v -2.3 4.5 0.1
v -2.3 4.5 -1.1
v -2.3 4.5 -1.2
v -2.3 4.6 -1.1
v -2.3 4.6 -1.2
v -2.3 4.6 -1.3
v -2.3 4.7 -1.2
v -2.3 4.7 -1.3
v -2.3 5.1 -1.2
v -2.3 5.1 -1.3
v -2.3 5.2 -1.2
v -2.3 5.2 -1.3
v -2.3 5.4 -1.2
v -2.3 5.4 -1.3
v -2.3 5.6 -1.2
v -2.3 5.6 -1.3
v -2.3 5.8 0.2
v -2.3 5.8 0.1
v -2.3 5.8 -1.2
v -2.3 5.8 -1.3
v -2.3 5.9 0.2
v -2.3 5.9 0.1
v -2.3 5.9 -1.2
v -2.3 5.9 -1.3
v -2.2 4.7 -1.2
v -2.2 4.7 -1.3
v -2.2 4.8 -1.2
v -2.2 4.8 -1.3
v -2.2 5.6 -1.2
v -2.2 5.6 -1.3
v -2.2 5.8 -1.1
v -2.2 5.8 -1.2
v -2.2 5.8 -1.3
v -2.2 5.9 -1.1
v -2.2 5.9 -1.2
v -2.1 4.8 -1.2
v -2.1 4.8 -1.3
v -2.1 5 -1.2
v -2.1 5 -1.3
v -2.1 5.6 -1
v -2.1 5.6 -1.1
v -2.1 5.6 -1.2
v -2.1 5.7 0.2
v -2.1 5.7 0.1
v -2.1 5.8 0.2
v -2.1 5.8 0.1
v -2.1 5.8 -1
v -2.1 5.8 -1.1
v -2.1 5.8 -1.2
v -2.1 5.9 -1.2
v -2.1 5.9 -1.3
v -2.1 6 -1.2
v -2.1 6.1 -1.2
v -2.1 6.1 -1.3
v -2.1 6.3 0
v -2.1 6.3 -0.3
v -2.1 6.3 -0.5
v -2.1 6.3 -0.6
v -2.1 6.3 -1.2
v -2.1 6.3 -1.3
v -2.1 6.4 0.2
v -2.1 6.4 0.1
v -2.1 6.4 0
v -2.1 6.4 -0.1
v -2.1 6.4 -0.3
v -2.1 6.4 -0.5
v -2.1 6.4 -0.6
v -2.1 6.4 -1.2
v -2.1 6.4 -1.3
v -2.1 6.5 0.2
v -2.1 6.5 0.1
v -2.1 6.5 -0.1
v -2 5 -1.2
v -2 5 -1.3
v -2 5.1 -1.1
v -2 5.1 -1.2
v -2 5.1 -1.3
v -2 5.2 -1.1
v -2 5.2 -1.2
v -2 6.1 -1.2
v -2 6.1 -1.3
v -2 6.2 -0.1
v -2 6.2 -0.2
v -2 6.2 -0.6
v -2 6.2 -0.8
v -2 6.2 -1.2
v -2 6.2 -1.3
v -2 6.3 0.2
v -2 6.3 0.1
v -2 6.3 0
v -2 6.3 -0.1
v -2 6.3 -0.2
v -2 6.3 -0.3
v -2 6.3 -0.5
v -2 6.3 -0.6
v -2 6.3 -0.8
v -2 6.3 -1.1
v -2 6.3 -1.2
v -2 6.3 -1.3
v -2 6.4 0.2
v -2 6.4 0
v -2 6.4 -0.3
v -2 6.4 -0.5
v -2 6.4 -1.1
v -2 6.4 -1.2
v -1.9 4.6 0.2
v -1.9 4.6 0.1
v -1.9 4.6 -1.2
v -1.9 4.6 -1.3
v -1.9 4.7 0.2
v -1.9 4.7 0.1
v -1.9 4.7 -1.2
v -1.9 4.7 -1.3
v -1.9 4.9 -1.2
v -1.9 4.9 -1.3
v -1.9 5 -1.2
v -1.9 5 -1.3
v -1.9 5.2 -1.1
v -1.9 5.2 -1.2
v -1.9 5.3 -1.1
v -1.9 5.3 -1.2
v -1.9 5.3 -1.3
v -1.9 5.4 -1.2
v -1.9 5.4 -1.3
v -1.9 5.5 -1
v -1.9 5.5 -1.1
v -1.9 5.5 -1.2
v -1.9 5.6 0.2
v -1.9 5.6 0.1
v -1.9 5.6 -1.1
v -1.9 5.6 -1.2
v -1.9 5.7 0.2
v -1.9 5.7 0.1
v -1.9 5.8 -1
v -1.9 5.8 -1.1
v -1.9 5.8 -1.2
v -1.9 5.9 -1.1
v -1.9 5.9 -1.2
v -1.9 6 -1.2
v -1.9 6 -1.3
v -1.9 6.1 -1
v -1.9 6.1 -1.1
v -1.9 6.1 -1.2
v -1.9 6.1 -1.3
v -1.9 6.2 0.2
v -1.9 6.2 0.1
v -1.9 6.3 0.2
v -1.9 6.3 0.1
v -1.9 6.3 -1
v -1.9 6.3 -1.1
v -1.9 6.3 -1.2
v -1.8 4 0.2
v -1.8 4 0.1
v -1.8 4 -1.2
v -1.8 4 -1.3
v -1.8 4.1 0.2
v -1.8 4.1 0.1
v -1.8 4.1 -1.2
v -1.8 4.1 -1.3
v -1.8 5.1 -1.1
v -1.8 5.1 -1.2
v -1.8 5.2 -1.1
v -1.8 5.2 -1.2
v -1.8 5.4 0.2
v -1.8 5.4 0.1
v -1.8 5.4 -1.2
v -1.8 5.4 -1.3
v -1.8 5.5 -1.2
v -1.8 5.5 -1.3
v -1.8 5.6 0.2
v -1.8 5.6 0.1
v -1.8 5.8 -1
v -1.8 5.8 -1.1
v -1.8 5.9 -1.1
v -1.8 5.9 -1.2
v -1.8 6 -1
v -1.8 6 -1.1
v -1.8 6 -1.2
v -1.8 6.1 0.2
v -1.8 6.1 0.1
v -1.8 6.2 0.2
v -1.8 6.2 0.1
v -1.8 6.2 -0.9
v -1.8 6.2 -1
v -1.8 6.3 -0.9
v -1.8 6.3 -1
v -1.8 6.3 -1.1
v -1.8 6.4 -1
v -1.8 6.4 -1.1
v -1.8 6.6 0.1
v -1.8 6.6 0
v -1.8 6.7 0.1
v -1.8 6.7 0
v -1.8 6.8 0.1
v -1.8 6.8 0
v -1.7 5 0.2
v -1.7 5 0.1
v -1.7 5 -1.2
v -1.7 5 -1.3
v -1.7 5.1 0.2
v -1.7 5.1 0.1
v -1.7 5.1 -1.2
v -1.7 5.1 -1.3
v -1.7 5.4 0.1
v -1.7 5.4 0
v -1.7 5.4 -1.1
v -1.7 5.4 -1.2
v -1.7 5.5 -1.1
v -1.7 5.5 -1.2
v -1.7 5.6 0.1
v -1.7 5.6 0
v -1.7 6 0.2
v -1.7 6 0.1
v -1.7 6 -1.1
v -1.7 6 -1.2
v -1.7 6.1 0.2
v -1.7 6.1 0.1
v -1.7 6.1 -1.1
v -1.7 6.1 -1.2
v -1.7 6.4 0.2
v -1.7 6.4 0.1
v -1.7 6.4 -1
v -1.7 6.4 -1.1
v -1.7 6.4 -1.2
v -1.7 6.5 0.2
v -1.7 6.5 0.1
v -1.7 6.5 -1
v -1.7 6.5 -1.2
v -1.7 6.6 -0.2
v -1.7 6.6 -0.4
v -1.7 6.7 0
v -1.7 6.7 -0.1
v -1.7 6.7 -0.2
v -1.7 6.7 -0.4
v -1.7 6.8 0
v -1.7 6.8 -0.1
v -1.6 5.6 0.2
v -1.6 5.6 0.1
v -1.6 5.7 0.2
v -1.6 5.7 0.1
v -1.6 5.7 -1
v -1.6 5.7 -1.1
v -1.6 5.7 -1.2
v -1.6 5.8 -1
v -1.6 5.8 -1.1
v -1.6 5.8 -1.2
v -1.6 5.9 0.2
v -1.6 5.9 0.1
v -1.6 5.9 -0.9
v -1.6 5.9 -1
v -1.6 6 0.2
v -1.6 6 0.1
v -1.6 6 -1
v -1.6 6 -1.1
v -1.6 6.1 -0.9
v -1.6 6.1 -1.1
v -1.6 6.5 -0.2
v -1.6 6.5 -0.5
v -1.6 6.6 0
v -1.6 6.6 -0.1
v -1.6 6.6 -0.2
v -1.6 6.6 -0.5
v -1.6 6.7 0
v -1.6 6.7 -0.1
v -1.5 5.7 0.2
v -1.5 5.7 0.1
v -1.5 5.9 0.2
v -1.5 5.9 0.1
v -1.5 5.9 0
v -1.5 6 0.1
v -1.5 6 0
v -1.5 6.2 0.2
v -1.5 6.2 0.1
v -1.5 6.2 -1.1
v -1.5 6.2 -1.2
v -1.5 6.3 0.2
v -1.5 6.3 0.1
v -1.5 6.3 -1.1
v -1.5 6.3 -1.2
v -1.5 6.5 0
v -1.5 6.5 -0.2
v -1.5 6.5 -0.6
v -1.5 6.5 -0.9
v -1.5 6.6 0.2
v -1.5 6.6 0.1
v -1.5 6.6 0
v -1.5 6.6 -0.2
v -1.5 6.6 -0.6
v -1.5 6.6 -0.9
v -1.5 6.7 0.2
v -1.5 6.7 0.1
v -1.4 5.2 -1.2
v -1.4 5.2 -1.3
v -1.4 5.3 -1.2
v -1.4 5.3 -1.3
v -1.4 5.7 0.1
v -1.4 5.7 0
v -1.4 5.8 -1
v -1.4 5.8 -1.1
v -1.4 5.9 0.1
v -1.4 5.9 0
v -1.4 5.9 -0.9
v -1.4 5.9 -1
v -1.4 6 -0.9
v -1.4 6 -1
v -1.4 6 -1.1
v -1.4 6.1 -1.1
v -1.4 6.1 -1.2
v -1.4 6.2 -1
v -1.4 6.2 -1.1
v -1.4 6.2 -1.2
v -1.4 6.3 0.2
v -1.4 6.3 0.1
v -1.4 6.3 -1
v -1.4 6.3 -1.1
v -1.4 6.3 -1.2
v -1.4 6.3 -1.3
v -1.4 6.4 0.2
v -1.4 6.4 0.1
v -1.4 6.4 -1.2
v -1.4 6.4 -1.3
v -1.4 6.5 0.2
v -1.4 6.5 0.1
v -1.4 6.5 0
v -1.4 6.5 -0.4
v -1.4 6.5 -0.6
v -1.4 6.5 -0.9
v -1.4 6.5 -1
v -1.4 6.6 0.2
v -1.4 6.6 0.1
v -1.4 6.6 0
v -1.4 6.6 -0.4
v -1.4 6.6 -0.6
v -1.4 6.6 -0.9
v -1.4 6.6 -1
v -1.3 3.7 0.1
v -1.3 3.7 -1.2
v -1.3 4.1 0.1
v -1.3 4.1 -0.1
v -1.3 4.1 -1
v -1.3 4.1 -1.2
v -1.3 4.4 0.1
v -1.3 4.4 -0.3
v -1.3 4.4 -0.8
v -1.3 4.4 -1.2
v -1.3 4.7 0.1
v -1.3 4.7 -0.1
v -1.3 4.7 -1
v -1.3 4.7 -1.2
v -1.3 5 -1.1
v -1.3 5 -1.2
v -1.3 5.1 -1.1
v -1.3 5.1 -1.2
v -1.3 5.2 0.2
v -1.3 5.2 0.1
v -1.3 5.2 -1.1
v -1.3 5.2 -1.2
v -1.3 5.3 0.2
v -1.3 5.3 0.1
v -1.3 5.3 0
v -1.3 5.3 -1.1
v -1.3 5.3 -1.2
v -1.3 5.3 -1.3
v -1.3 5.4 0.2
v -1.3 5.4 0.1
v -1.3 5.4 0
v -1.3 5.4 -1.1
v -1.3 5.4 -1.2
v -1.3 5.4 -1.3
v -1.3 5.6 -1.1
v -1.3 5.6 -1.2
v -1.3 5.7 -1.1
v -1.3 5.7 -1.2
v -1.3 6.1 0.1
v -1.3 6.1 0
v -1.3 6.2 0.1
v -1.3 6.2 0
v -1.3 6.3 -1.1
v -1.3 6.3 -1.2
v -1.3 6.4 0.1
v -1.3 6.4 0
v -1.3 6.4 -1
v -1.3 6.4 -1.1
v -1.3 6.4 -1.2
v -1.3 6.5 0.1
v -1.3 6.5 0
v -1.3 6.5 -1
v -1.3 6.5 -1.1
v -1.2 4.1 0.2
v -1.2 4.1 -0.1
v -1.2 4.1 -1
v -1.2 4.1 -1.3
v -1.2 4.3 -0.1
v -1.2 4.3 -0.3
v -1.2 4.3 -0.8
v -1.2 4.3 -1
v -1.2 4.4 0.2
v -1.2 4.4 -0.3
v -1.2 4.4 -0.8
v -1.2 4.4 -1.3
v -1.2 4.7 0.2
v -1.2 4.7 -0.1
v -1.2 4.7 -1
v -1.2 4.7 -1.3
v -1.2 4.8 0.2
v -1.2 4.8 -0.1
v -1.2 4.8 -0.2
v -1.2 4.8 -0.9
v -1.2 4.8 -1
v -1.2 4.8 -1.3
v -1.2 5 0.1
v -1.2 5 0
v -1.2 5 -1.1
v -1.2 5.1 0.1
v -1.2 5.1 -1.1
v -1.2 5.3 -1
v -1.2 5.3 -1.1
v -1.2 5.4 -1
v -1.2 5.4 -1.1
v -1.2 5.4 -1.2
v -1.2 5.4 -1.3
v -1.2 5.5 0.1
v -1.2 5.5 0
v -1.2 5.5 -1.2
v -1.2 5.5 -1.3
v -1.2 5.6 -1
v -1.2 5.6 -1.1
v -1.2 5.6 -1.2
v -1.2 5.7 0.1
v -1.2 5.7 0
v -1.2 5.7 -1
v -1.2 5.7 -1.1
v -1.2 6 0.1
v -1.2 6 0
v -1.2 6.1 0.1
v -1.2 6.1 0
v -1.2 6.2 0.2
v -1.2 6.2 0.1
v -1.2 6.2 -1
v -1.2 6.2 -1.1
v -1.2 6.3 0.2
v -1.2 6.3 0.1
v -1.2 6.4 -0.4
v -1.2 6.4 -0.6
v -1.2 6.4 -1
v -1.2 6.4 -1.1
v -1.2 6.5 -0.4
v -1.2 6.5 -0.6
v -1.2 6.5 -0.8
v -1.2 6.5 -0.9
v -1.2 6.6 -0.8
v -1.2 6.6 -0.9
v -1.1 4.8 0.2
v -1.1 4.8 -0.2
v -1.1 4.8 -0.9
v -1.1 4.8 -1.3
v -1.1 4.9 0
v -1.1 4.9 -0.2
v -1.1 4.9 -0.9
v -1.1 4.9 -1.1
v -1.1 5 0.2
v -1.1 5 0
v -1.1 5 -1.1
v -1.1 5 -1.3
v -1.1 5.1 -1
v -1.1 5.1 -1.2
v -1.1 5.1 -1.3
v -1.1 5.2 0.1
v -1.1 5.2 -0.2
v -1.1 5.2 -0.9
v -1.1 5.2 -1
v -1.1 5.2 -1.2
v -1.1 5.2 -1.3
v -1.1 5.3 0.1
v -1.1 5.3 -0.2
v -1.1 5.3 -0.9
v -1.1 5.3 -1.2
v -1.1 5.5 -1.2
v -1.1 5.5 -1.3
v -1.1 5.6 -1.2
v -1.1 5.6 -1.3
v -1.1 5.8 -0.9
v -1.1 5.8 -1.1
v -1.1 5.9 -0.9
v -1.1 5.9 -1.1
v -1.1 6 -1.1
v -1.1 6 -1.2
v -1.1 6.1 -1.2
v -1.1 6.2 0.1
v -1.1 6.2 0
v -1.1 6.2 -1.1
v -1.1 6.2 -1.2
v -1.1 6.4 0.1
v -1.1 6.4 0
v -1.1 6.5 0.1
v -1.1 6.5 0
v -1.1 6.6 0.2
v -1.1 6.6 0.1
v -1.1 6.6 0
v -1.1 6.7 0.2
v -1.1 6.7 0.1
v -1.1 6.8 -0.7
v -1.1 6.8 -0.8
v -1.1 6.9 0.1
v -1.1 6.9 0
v -1.1 6.9 -0.1
v -1.1 6.9 -0.7
v -1.1 6.9 -0.8
v -1.1 7 0.1
v -1.1 7 -0.1
v -1 5.1 0.2
v -1 5.1 -0.2
v -1 5.1 -0.9
v -1 5.1 -1
v -1 5.2 0.2
v -1 5.2 -0.2
v -1 5.2 -0.9
v -1 5.2 -1
v -1 5.4 -0.2
v -1 5.4 -0.4
v -1 5.4 -0.9
v -1 5.4 -1
v -1 5.4 -1.1
v -1 5.5 0
v -1 5.5 -0.1
v -1 5.5 -0.2
v -1 5.5 -0.4
v -1 5.5 -0.9
v -1 5.5 -1.1
v -1 5.5 -1.2
v -1 5.6 0
v -1 5.6 -0.1
v -1 5.6 -1.1
v -1 5.6 -1.2
v -1 5.7 0.1
v -1 5.7 0
v -1 5.7 -0.1
v -1 5.8 0.1
v -1 5.8 0
v -1 5.8 -0.8
v -1 5.8 -0.9
v -1 5.9 -0.9
v -1 5.9 -1.1
v -1 5.9 -1.2
v -1 6 -0.8
v -1 6 -1
v -1 6 -1.1
v -1 6 -1.2
v -1 6 -1.3
v -1 6.1 0
v -1 6.1 -0.2
v -1 6.1 -1
v -1 6.1 -1.1
v -1 6.1 -1.2
v -1 6.1 -1.3
v -1 6.2 -0.1
v -1 6.2 -0.2
v -1 6.3 0
v -1 6.3 -0.1
v -1 6.8 0.1
v -1 6.8 0
v -1 6.9 0.1
v -1 6.9 0
v -0.9 5.3 0.1
v -0.9 5.3 -0.1
v -0.9 5.3 -1
v -0.9 5.3 -1.2
v -0.9 5.4 -0.2
v -0.9 5.4 -0.4
v -0.9 5.4 -0.9
v -0.9 5.4 -1
v -0.9 5.4 -1.2
v -0.9 5.5 0.1
v -0.9 5.5 -0.1
v -0.9 5.5 -0.2
v -0.9 5.5 -0.4
v -0.9 5.5 -0.9
v -0.9 5.6 -0.5
v -0.9 5.6 -0.6
v -0.9 5.7 -0.5
v -0.9 5.7 -0.6
v -0.9 5.7 -1
v -0.9 5.7 -1.1
v -0.9 5.8 0.1
v -0.9 5.8 0
v -0.9 5.8 -1
v -0.9 5.8 -1.1
v -0.9 6 0.1
v -0.9 6 0
v -0.9 6.1 -1
v -0.9 6.1 -1.1
v -0.9 6.2 -1
v -0.9 6.2 -1.1
v -0.9 6.3 0.1
v -0.9 6.3 0
v -0.9 6.4 0.1
v -0.9 6.4 0
v -0.9 6.6 0.1
v -0.9 6.6 0
v -0.9 6.6 -0.8
v -0.9 6.6 -0.9
v -0.9 6.7 0.1
v -0.9 6.7 0
v -0.9 6.7 -0.2
v -0.9 6.7 -0.3
v -0.9 6.7 -0.8
v -0.9 6.7 -0.9
v -0.9 6.7 -1
v -0.9 6.8 -0.2
v -0.9 6.8 -0.3
v -0.9 6.8 -0.9
v -0.9 6.8 -1
v -0.8 5.5 -0.2
v -0.8 5.5 -0.3
v -0.8 5.5 -0.4
v -0.8 5.5 -0.5
v -0.8 5.5 -0.8
v -0.8 5.5 -0.9
v -0.8 5.5 -1.2
v -0.8 5.5 -1.3
v -0.8 5.6 0.1
v -0.8 5.6 0
v -0.8 5.6 -0.2
v -0.8 5.6 -0.3
v -0.8 5.6 -0.4
v -0.8 5.6 -0.5
v -0.8 5.6 -0.6
v -0.8 5.6 -0.8
v -0.8 5.6 -0.9
v -0.8 5.6 -1.1
v -0.8 5.6 -1.2
v -0.8 5.6 -1.3
v -0.8 5.7 0
v -0.8 5.7 -0.4
v -0.8 5.7 -0.5
v -0.8 5.7 -0.6
v -0.8 5.7 -1
v -0.8 5.7 -1.1
v -0.8 5.8 0.1
v -0.8 5.8 0
v -0.8 5.8 -0.3
v -0.8 5.8 -0.5
v -0.8 5.8 -0.6
v -0.8 5.8 -0.7
v -0.8 5.9 -0.3
v -0.8 5.9 -0.5
v -0.8 5.9 -0.7
v -0.8 5.9 -0.9
v -0.8 5.9 -1
v -0.8 6 -0.3
v -0.8 6 -0.5
v -0.8 6 -0.6
v -0.8 6 -0.7
v -0.8 6 -0.9
v -0.8 6 -1
v -0.8 6.1 -0.3
v -0.8 6.1 -0.5
v -0.8 6.1 -0.9
v -0.8 6.1 -1
v -0.8 6.2 -0.6
v -0.8 6.2 -0.7
v -0.8 6.3 -1.1
v -0.8 6.3 -1.2
v -0.8 6.4 0.1
v -0.8 6.4 0
v -0.8 6.4 -1.1
v -0.8 6.4 -1.2
v -0.8 6.5 0.1
v -0.8 6.5 0
v -0.8 6.5 -0.1
v -0.8 6.5 -0.9
v -0.8 6.5 -1.1
v -0.8 6.6 0
v -0.8 6.6 -0.1
v -0.8 6.6 -0.9
v -0.8 6.6 -1.1
v -0.8 6.7 0
v -0.8 6.7 -0.2
v -0.8 6.7 -0.6
v -0.8 6.7 -0.7
v -0.8 6.7 -0.8
v -0.8 6.7 -0.9
v -0.8 6.8 0
v -0.8 6.8 -0.2
v -0.8 6.8 -0.6
v -0.8 6.8 -0.7
v -0.8 6.8 -0.8
v -0.8 6.8 -0.9
v -0.8 6.9 -0.7
v -0.8 6.9 -0.8
v -0.7 5.5 0.2
v -0.7 5.5 -0.2
v -0.7 5.5 -0.3
v -0.7 5.5 -0.4
v -0.7 5.5 -0.5
v -0.7 5.5 -0.8
v -0.7 5.5 -1.1
v -0.7 5.5 -1.2
v -0.7 5.6 0.2
v -0.7 5.6 0.1
v -0.7 5.6 0
v -0.7 5.6 -0.2
v -0.7 5.6 -0.3
v -0.7 5.6 -0.4
v -0.7 5.6 -0.5
v -0.7 5.6 -0.8
v -0.7 5.6 -1.1
v -0.7 5.6 -1.2
v -0.7 5.7 0
v -0.7 5.7 -0.4
v -0.7 5.7 -0.5
v -0.7 5.7 -0.6
v -0.7 5.8 0
v -0.7 5.8 -0.2
v -0.7 5.8 -0.5
v -0.7 5.8 -0.6
v -0.7 5.9 0
v -0.7 5.9 -0.2
v -0.7 5.9 -0.3
v -0.7 5.9 -0.5
v -0.7 5.9 -0.6
v -0.7 6 -0.2
v -0.7 6 -0.3
v -0.7 6 -0.5
v -0.7 6 -0.6
v -0.7 6 -0.7
v -0.7 6 -0.9
v -0.7 6.1 -0.2
v -0.7 6.1 -0.3
v -0.7 6.1 -0.5
v -0.7 6.1 -0.7
v -0.7 6.1 -0.8
v -0.7 6.1 -0.9
v -0.7 6.1 -1.1
v -0.7 6.1 -1.2
v -0.7 6.2 0
v -0.7 6.2 -0.1
v -0.7 6.2 -0.5
v -0.7 6.2 -0.6
v -0.7 6.2 -0.8
v -0.7 6.2 -1.1
v -0.7 6.2 -1.2
v -0.7 6.3 0
v -0.7 6.3 -0.1
v -0.7 6.3 -1
v -0.7 6.3 -1.1
v -0.7 6.4 -0.9
v -0.7 6.4 -1
v -0.7 6.5 -0.9
v -0.7 6.5 -1
v -0.7 6.5 -1.1
v -0.6 5.6 0.1
v -0.6 5.6 0
v -0.6 5.7 0.1
v -0.6 5.7 0
v -0.6 5.8 -0.2
v -0.6 5.8 -0.3
v -0.6 5.8 -0.6
v -0.6 5.8 -0.7
v -0.6 5.9 0
v -0.6 5.9 -0.1
v -0.6 5.9 -0.2
v -0.6 5.9 -0.3
v -0.6 5.9 -0.6
v -0.6 5.9 -0.7
v -0.6 6 -0.1
v -0.6 6 -0.2
v -0.6 6.1 0
v -0.6 6.1 -0.2
v -0.6 6.1 -0.3
v -0.6 6.1 -0.5
v -0.6 6.1 -0.7
v -0.6 6.1 -0.8
v -0.6 6.2 -0.3
v -0.6 6.2 -0.5
v -0.6 6.2 -0.6
v -0.6 6.2 -0.7
v -0.6 6.2 -0.8
v -0.6 6.2 -0.9
v -0.6 6.2 -1.1
v -0.6 6.3 -0.6
v -0.6 6.3 -0.7
v -0.6 6.3 -0.9
v -0.6 6.3 -1
v -0.6 6.3 -1.1
v -0.6 6.4 0
v -0.6 6.4 -0.1
v -0.6 6.5 0
v -0.6 6.5 -0.1
v -0.6 6.5 -1
v -0.6 6.5 -1.1
v -0.6 6.6 0
v -0.6 6.6 -0.1
v -0.6 6.6 -1
v -0.6 6.6 -1.1
v -0.6 6.7 0
v -0.6 6.7 -0.1
v -0.6 6.7 -0.2
v -0.6 6.8 -0.1
v -0.6 6.8 -0.2
v -0.6 7.1 -0.5
v -0.6 7.1 -0.6
v -0.6 7.2 -0.5
v -0.6 7.2 -0.6
v -0.5 5.9 -0.1
v -0.5 5.9 -0.3
v -0.5 6 -0.1
v -0.5 6 -0.3
v -0.5 6.1 0
v -0.5 6.1 -0.3
v -0.5 6.2 0
v -0.5 6.2 -0.1
v -0.5 6.2 -0.3
v -0.5 6.2 -0.8
v -0.5 6.2 -0.9
v -0.5 6.3 -0.8
v -0.5 6.3 -0.9
v -0.5 6.3 -1
v -0.5 6.4 -0.9
v -0.5 6.4 -1
v -0.5 6.5 -0.8
v -0.5 6.5 -0.9
v -0.5 6.6 -0.1
v -0.5 6.6 -0.2
v -0.5 6.6 -0.8
v -0.5 6.6 -0.9
v -0.5 6.6 -1
v -0.5 6.7 -0.1
v -0.5 6.7 -0.2
v -0.5 6.7 -0.9
v -0.5 6.7 -1
v -0.5 6.9 -0.2
v -0.5 6.9 -0.3
v -0.5 6.9 -0.8
v -0.5 6.9 -0.9
v -0.5 7 -0.2
v -0.5 7 -0.3
v -0.5 7 -0.4
v -0.5 7 -0.7
v -0.5 7 -0.8
v -0.5 7 -0.9
v -0.5 7.1 -0.3
v -0.5 7.1 -0.4
v -0.5 7.1 -0.5
v -0.5 7.1 -0.7
v -0.5 7.1 -0.8
v -0.5 7.2 -0.4
v -0.5 7.2 -0.5
v -0.5 7.2 -0.7
v -0.5 7.2 -0.8
v -0.5 7.3 -0.7
v -0.5 7.3 -0.8
v -0.4 6.2 -0.2
v -0.4 6.2 -0.3
v -0.4 6.3 -0.2
v -0.4 6.3 -0.3
v -0.4 6.4 0.1
v -0.4 6.4 0
v -0.4 6.5 0.1
v -0.4 6.5 0
v -0.4 6.5 -0.1
v -0.4 6.6 0
v -0.4 6.6 -0.1
v -0.4 6.8 0.1
v -0.4 6.8 0
v -0.4 6.8 -0.1
v -0.4 6.8 -0.9
v -0.4 6.8 -1
v -0.4 6.9 0
v -0.4 6.9 -0.1
v -0.4 6.9 -0.3
v -0.4 6.9 -0.4
v -0.4 6.9 -0.9
v -0.4 6.9 -1
v -0.4 7 0.1
v -0.4 7 0
v -0.4 7 -0.3
v -0.4 7 -0.4
v -0.4 7 -0.9
v -0.4 7 -1.1
v -0.4 7.1 -0.9
v -0.4 7.1 -1.1
v -0.4 7.2 -0.8
v -0.4 7.2 -0.9
v -0.4 7.2 -1
v -0.4 7.3 -0.8
v -0.4 7.3 -1
v -0.3 6.2 0
v -0.3 6.2 -0.2
v -0.3 6.2 -0.3
v -0.3 6.2 -0.8
v -0.3 6.3 0
v -0.3 6.3 -0.2
v -0.3 6.3 -0.3
v -0.3 6.3 -0.8
v -0.3 6.4 0
v -0.3 6.4 -0.1
v -0.3 6.4 -0.5
v -0.3 6.4 -0.6
v -0.3 6.5 0
v -0.3 6.5 -0.1
v -0.3 6.5 -0.2
v -0.3 6.5 -0.5
v -0.3 6.5 -0.6
v -0.3 6.7 -0.1
v -0.3 6.7 -0.2
v -0.3 6.8 -0.1
v -0.3 6.8 -0.2
v -0.3 6.8 -0.3
v -0.3 6.9 -0.2
v -0.3 6.9 -0.3
v -0.3 7 -0.1
v -0.3 7 -0.2
v -0.3 7 -0.8
v -0.3 7 -0.9
v -0.3 7.1 -0.9
v -0.3 7.2 -0.8
v -0.3 7.2 -0.9
v -0.2 6.2 0.1
v -0.2 6.2 0
v -0.2 6.3 0.2
v -0.2 6.3 0.1
v -0.2 6.3 0
v -0.2 6.3 -0.1
v -0.2 6.3 -0.2
v -0.2 6.3 -1.1
v -0.2 6.4 0.2
v -0.2 6.4 0.1
v -0.2 6.4 -0.1
v -0.2 6.4 -0.3
v -0.2 6.4 -0.4
v -0.2 6.4 -0.5
v -0.2 6.4 -0.6
v -0.2 6.4 -0.7
v -0.2 6.4 -0.9
v -0.2 6.4 -1
v -0.2 6.4 -1.1
v -0.2 6.5 -0.2
v -0.2 6.5 -0.5
v -0.2 6.5 -0.6
v -0.2 6.5 -0.7
v -0.2 6.6 -0.2
v -0.2 6.6 -0.3
v -0.2 6.6 -0.4
v -0.2 6.6 -0.5
v -0.2 6.6 -0.9
v -0.2 6.6 -1
v -0.2 6.8 -0.3
v -0.2 6.8 -1
v -0.2 6.9 -0.3
v -0.2 6.9 -1
v -0.0999999 6.3 -0.1
v -0.0999999 6.3 -0.2
v -0.0999999 6.4 -0.3
v -0.0999999 6.4 -0.4
v -0.0999999 6.4 -0.7
v -0.0999999 6.4 -0.9
v -0.0999999 6.4 -1
v -0.0999999 6.4 -1.1
v -0.0999999 6.5 -0.1
v -0.0999999 6.5 -0.2
v -0.0999999 6.5 -0.5
v -0.0999999 6.5 -0.7
v -0.0999999 6.5 -1.1
v -0.0999999 6.5 -1.2
v -0.0999999 6.6 -0.2
v -0.0999999 6.6 -0.3
v -0.0999999 6.6 -0.4
v -0.0999999 6.6 -0.5
v -0.0999999 6.6 -0.9
v -0.0999999 6.6 -1
v -0.0999999 6.6 -1.1
v -0.0999999 6.6 -1.2
v -0.0999999 6.7 -0.1
v -0.0999999 6.7 -0.2
v -0.0999999 6.7 -1
v -0.0999999 6.7 -1.1
v -0.0999999 6.7 -1.2
v -0.0999999 6.8 0
v -0.0999999 6.8 -0.1
v -0.0999999 6.8 -0.2
v -0.0999999 6.8 -1
v -0.0999999 6.8 -1.1
v -0.0999999 6.9 0
v -0.0999999 6.9 -0.2
v -0.0999999 6.9 -0.3
v -0.0999999 6.9 -1
v -0.0999999 6.9 -1.1
v -0.0999999 7 0
v -0.0999999 7 -0.2
v -0.0999999 7 -0.3
v -0.0999999 7 -0.4
v -0.0999999 7 -0.7
v -0.0999999 7 -0.8
v -0.0999999 7.1 0
v -0.0999999 7.1 -0.2
v -0.0999999 7.1 -0.4
v -0.0999999 7.1 -0.7
v -0.0999999 7.1 -0.8
v -0.0999999 7.1 -1
v -3.2 3.9 0.2
v -3.2 4.2 0.2
v -3.2 4.5 0.2
v -3.1 4.2 0.2
v -3.1 4.3 0.2
v -3.1 4.6 0.2
v -3.1 4.7 0.2
v -3.1 4.9 0.2
v -3 5.1 0.2
v -3 5.2 0.2
v -2.9 4.3 0.2
v -2.9 4.4 0.2
v -2.9 4.7 0.2
v -2.9 4.9 0.2
v -2.9 5 0.2
v -2.8 4.9 0.2
v -2.8 5 0.2
v -2.8 5.5 0.2
v -2.8 5.6 0.2
v -2.7 3.9 0.2
v -2.7 4 0.2
v -2.7 5.1 0.2
v -2.7 5.2 0.2
v -2.7 5.6 0.2
v -2.7 5.8 0.2
v -2.6 4.4 0.2
v -2.6 4.5 0.2
v -2.6 5.8 0.2
v -2.6 6 0.2
v -2.5 5 0.2
v -2.5 5.1 0.2
v -2.5 5.4 0.2
v -2.5 5.5 0.2
v -2.5 5.7 0.2
v -2.5 5.9 0.2
v -2.5 6 0.2
v -2.4 5.5 0.2
v -2.4 5.7 0.2
v -2.4 6 0.2
v -2.4 6.1 0.2
v -2.3 4.4 0.2
v -2.3 4.5 0.2
v -2.3 5.8 0.2
v -2.3 5.9 0.2
v -2.3 6.1 0.2
v -2.3 6.4 0.2
v -2.2 5.9 0.2
v -2.2 6 0.2
v -2.2 6.4 0.2
v -2.2 6.5 0.2
v -2.1 5.7 0.2
v -2.1 5.8 0.2
v -2.1 6.2 0.2
v -2.1 6.4 0.2
v -2.1 6.5 0.2
v -2 5.8 0.2
v -2 5.9 0.2
v -2 6.2 0.2
v -2 6.3 0.2
v -2 6.4 0.2
v -1.9 4.6 0.2
v -1.9 4.7 0.2
v -1.9 5.6 0.2
v -1.9 5.7 0.2
v -1.9 6.2 0.2
v -1.9 6.3 0.2
v -1.9 6.4 0.2
v -1.9 6.5 0.2
v -1.8 4 0.2
v -1.8 4.1 0.2
v -1.8 5.4 0.2
v -1.8 5.6 0.2
v -1.8 5.7 0.2
v -1.8 5.8 0.2
v -1.8 6.1 0.2
v -1.8 6.2 0.2
v -1.8 6.3 0.2
v -1.8 6.4 0.2
v -1.8 6.5 0.2
v -1.7 5 0.2
v -1.7 5.1 0.2
v -1.7 5.2 0.2
v -1.7 5.3 0.2
v -1.7 5.6 0.2
v -1.7 5.7 0.2
v -1.7 6 0.2
v -1.7 6.1 0.2
v -1.7 6.2 0.2
v -1.7 6.3 0.2
v -1.7 6.4 0.2
v -1.7 6.5 0.2
v -1.7 6.7 0.2
v -1.6 4.3 0.2
v -1.6 4.4 0.2
v -1.6 5.3 0.2
v -1.6 5.4 0.2
v -1.6 5.6 0.2
v -1.6 5.7 0.2
v -1.6 5.9 0.2
v -1.6 6 0.2
v -1.5 4.2 0.2
v -1.5 4.3 0.2
v -1.5 4.9 0.2
v -1.5 5 0.2
v -1.5 5.7 0.2
v -1.5 5.9 0.2
v -1.5 6.2 0.2
v -1.5 6.3 0.2
v -1.5 6.6 0.2
v -1.5 6.7 0.2
v -1.4 4.1 0.2
v -1.4 4.2 0.2
v -1.4 4.8 0.2
v -1.4 4.9 0.2
v -1.4 5.2 0.2
v -1.4 5.3 0.2
v -1.4 6.2 0.2
v -1.4 6.3 0.2
v -1.4 6.4 0.2
v -1.4 6.5 0.2
v -1.4 6.6 0.2
v -1.3 4.7 0.2
v -1.3 4.8 0.2
v -1.3 5.1 0.2
v -1.3 5.2 0.2
v -1.3 5.3 0.2
v -1.3 5.4 0.2
v -1.3 6.6 0.2
v -1.3 6.7 0.2
v -1.2 4.1 0.2
v -1.2 4.4 0.2
v -1.2 4.7 0.2
v -1.2 4.8 0.2
v -1.2 6.2 0.2
v -1.2 6.3 0.2
v -1.1 4.8 0.2
v -1.1 5 0.2
v -1.1 6.6 0.2
v -1.1 6.7 0.2
v -1 5.1 0.2
v -1 5.2 0.2
v -0.8 5.5 0.2
v -0.8 5.6 0.2
v -0.7 5.5 0.2
v -0.7 5.6 0.2
v -0.3 6.3 0.2
v -0.3 6.4 0.2
v -0.2 6.3 0.2
v -0.2 6.4 0.2
v -3.1 3.7 0.1
v -3.1 3.9 0.1
v -3 4.5 0.1
v -3 4.6 0.1
v -3 4.9 0.1
v -3 5.1 0.1
v -2.9 4.9 0.1
v -2.9 5 0.1
v -2.9 5.1 0.1
v -2.8 5 0.1
v -2.7 3.9 0.1
v -2.7 4 0.1
v -2.7 5.1 0.1
v -2.7 5.2 0.1
v -2.7 5.5 0.1
v -2.6 4.5 0.1
v -2.5 5 0.1
v -2.5 5.1 0.1
v -2.5 5.4 0.1
v -2.5 5.5 0.1
v -2.4 5.9 0.1
v -2.4 6 0.1
v -2.3 4.4 0.1
v -2.3 4.5 0.1
v -2.3 5.8 0.1
v -2.3 5.9 0.1
v -2.2 5.9 0.1
v -2.2 6 0.1
v -2.1 5.7 0.1
v -2.1 5.8 0.1
v -2 5.8 0.1
v -2 5.9 0.1
v -2 6.5 0.1
v -2 6.6 0.1
v -2 6.7 0.1
v -1.9 4.6 0.1
v -1.9 4.7 0.1
v -1.9 5.6 0.1
v -1.9 5.7 0.1
v -1.9 6.2 0.1
v -1.9 6.3 0.1
v -1.9 6.4 0.1
v -1.9 6.5 0.1
v -1.9 6.6 0.1
v -1.9 6.7 0.1
v -1.9 6.8 0.1
v -1.8 4 0.1
v -1.8 4.1 0.1
v -1.8 5.4 0.1
v -1.8 5.6 0.1
v -1.8 5.7 0.1
v -1.8 5.8 0.1
v -1.8 6.1 0.1
v -1.8 6.2 0.1
v -1.8 6.3 0.1
v -1.8 6.4 0.1
v -1.8 6.5 0.1
v -1.8 6.6 0.1
v -1.8 6.7 0.1
v -1.8 6.8 0.1
v -1.7 5 0.1
v -1.7 5.1 0.1
v -1.7 5.2 0.1
v -1.7 5.3 0.1
v -1.7 5.4 0.1
v -1.7 5.6 0.1
v -1.7 5.7 0.1
v -1.7 6 0.1
v -1.7 6.1 0.1
v -1.7 6.2 0.1
v -1.7 6.3 0.1
v -1.7 6.4 0.1
v -1.7 6.5 0.1
v -1.7 6.6 0.1
v -1.6 4.4 0.1
v -1.6 5.3 0.1
v -1.6 5.4 0.1
v -1.6 5.5 0.1
v -1.6 5.6 0.1
v -1.6 5.7 0.1
v -1.6 5.9 0.1
v -1.6 6 0.1
v -1.5 5 0.1
v -1.5 5.7 0.1
v -1.5 5.9 0.1
v -1.5 6 0.1
v -1.5 6.2 0.1
v -1.5 6.3 0.1
v -1.5 6.4 0.1
v -1.5 6.5 0.1
v -1.4 4.1 0.1
v -1.4 5.2 0.1
v -1.4 5.5 0.1
v -1.4 5.6 0.1
v -1.4 5.7 0.1
v -1.4 5.9 0.1
v -1.4 6.2 0.1
v -1.4 6.3 0.1
v -1.4 6.4 0.1
v -1.4 6.5 0.1
v -1.3 3.7 0.1
v -1.3 4.1 0.1
v -1.3 4.4 0.1
v -1.3 4.7 0.1
v -1.3 5.1 0.1
v -1.3 5.2 0.1
v -1.3 5.3 0.1
v -1.3 5.4 0.1
v -1.3 6.1 0.1
v -1.3 6.2 0.1
v -1.3 6.4 0.1
v -1.3 6.5 0.1
v -1.3 6.6 0.1
v -1.2 5 0.1
v -1.2 5.1 0.1
v -1.2 5.2 0.1
v -1.2 5.3 0.1
v -1.2 5.5 0.1
v -1.2 5.7 0.1
v -1.2 5.8 0.1
v -1.2 5.9 0.1
v -1.2 6 0.1
v -1.2 6.1 0.1
v -1.2 6.2 0.1
v -1.2 6.3 0.1
v -1.2 6.9 0.1
v -1.2 7 0.1
v -1.1 5.2 0.1
v -1.1 5.3 0.1
v -1.1 5.4 0.1
v -1.1 5.5 0.1
v -1.1 5.7 0.1
v -1.1 5.8 0.1
v -1.1 5.9 0.1
v -1.1 6 0.1
v -1.1 6.2 0.1
v -1.1 6.4 0.1
v -1.1 6.5 0.1
v -1.1 6.6 0.1
v -1.1 6.8 0.1
v -1.1 6.9 0.1
v -1.1 7 0.1
v -1 5.4 0.1
v -1 5.5 0.1
v -1 5.7 0.1
v -1 5.8 0.1
v -1 6.3 0.1
v -1 6.4 0.1
v -1 6.6 0.1
v -1 6.7 0.1
v -1 6.8 0.1
v -1 6.9 0.1
v -0.9 5.3 0.1
v -0.9 5.5 0.1
v -0.9 5.6 0.1
v -0.9 5.8 0.1
v -0.9 6 0.1
v -0.9 6.3 0.1
v -0.9 6.4 0.1
v -0.9 6.5 0.1
v -0.9 6.6 0.1
v -0.9 6.7 0.1
v -0.8 5.5 0.1
v -0.8 5.6 0.1
v -0.8 5.8 0.1
v -0.8 6.4 0.1
v -0.8 6.5 0.1
v -0.7 5.6 0.1
v -0.7 5.7 0.1
v -0.6 5.6 0.1
v -0.6 5.7 0.1
v -0.5 6.4 0.1
v -0.5 6.5 0.1
v -0.5 6.8 0.1
v -0.5 7 0.1
v -0.4 6.4 0.1
v -0.4 6.5 0.1
v -0.4 6.8 0.1
v -0.4 7 0.1
v -0.3 6.2 0.1
v -0.3 6.3 0.1
v -0.2 6.2 0.1
v -0.2 6.3 0.1
v -1.8 6.6 0
v -1.8 6.7 0
v -1.8 6.8 0
v -1.7 5.4 0
v -1.7 5.6 0
v -1.7 6.7 0
v -1.7 6.8 0
v -1.6 5.4 0
v -1.6 5.5 0
v -1.6 6.6 0
v -1.6 6.7 0
v -1.5 5.9 0
v -1.5 6 0
v -1.4 5.5 0
v -1.4 5.6 0
v -1.4 5.7 0
v -1.4 5.9 0
v -1.3 5.3 0
v -1.3 5.4 0
v -1.3 6.1 0
v -1.3 6.2 0
v -1.3 6.4 0
v -1.3 6.5 0
v -1.2 5.3 0
v -1.2 5.5 0
v -1.2 5.7 0
v -1.2 5.8 0
v -1.2 5.9 0
v -1.2 6 0
v -1.2 6.1 0
v -1.1 5.3 0
v -1.1 5.4 0
v -1.1 5.5 0
v -1.1 5.6 0
v -1.1 5.7 0
v -1.1 5.8 0
v -1.1 5.9 0
v -1.1 6 0
v -1.1 6.2 0
v -1.1 6.4 0
v -1.1 6.5 0
v -1.1 6.6 0
v -1 5.5 0
v -1 5.6 0
v -1 5.7 0
v -1 5.8 0
v -1 6.1 0
v -1 6.3 0
v -1 6.4 0
v -1 6.6 0
v -0.9 5.7 0
v -0.9 5.8 0
v -0.9 6 0
v -0.9 6.3 0
v -0.9 6.4 0
v -0.9 6.5 0
v -0.9 6.6 0
v -0.9 6.7 0
v -0.9 6.8 0
v -0.8 5.6 0
v -0.8 5.7 0
v -0.8 5.8 0
v -0.8 6.1 0
v -0.8 6.3 0
v -0.8 6.4 0
v -0.8 6.5 0
v -0.8 6.6 0
v -0.8 6.7 0
v -0.8 6.8 0
v -0.7 5.6 0
v -0.7 5.7 0
v -0.7 5.8 0
v -0.7 5.9 0
v -0.7 6.2 0
v -0.7 6.3 0
v -0.6 5.9 0
v -0.6 6.1 0
v -0.6 6.4 0
v -0.6 6.5 0
v -0.6 6.6 0
v -0.6 6.7 0
v -0.5 6.1 0
v -0.5 6.2 0
v -0.5 6.4 0
v -0.5 6.5 0
v -0.5 6.6 0
v -0.4 6.2 0
v -0.4 6.3 0
v -0.4 6.4 0
v -0.4 6.5 0
v -0.4 6.6 0
v -0.3 6.2 0
v -0.3 6.3 0
v -0.3 6.4 0
v -0.3 6.5 0
v -0.3 7 0
v -0.3 7.1 0
v -0.2 6.8 0
v -0.2 6.9 0
v -0.0999999 6.8 0
v -0.0999999 6.9 0
v -0.0999999 7 0
v -0.0999999 7.1 0
v -1.1 6.6 -0.1
v -1.1 6.7 -0.1
v -1 5.6 -0.1
v -1 5.7 -0.1
v -1 6.2 -0.1
v -1 6.3 -0.1
v -1 6.6 -0.1
v -1 6.7 -0.1
v -0.9 5.6 -0.1
v -0.9 5.7 -0.1
v -0.9 6.1 -0.1
v -0.9 6.2 -0.1
v -0.8 6.1 -0.1
v -0.8 6.3 -0.1
v -0.8 6.5 -0.1
v -0.8 6.6 -0.1
v -0.7 6.2 -0.1
v -0.7 6.3 -0.1
v -0.7 6.7 -0.1
v -0.7 6.8 -0.1
v -0.6 5.9 -0.1
v -0.6 6 -0.1
v -0.6 6.4 -0.1
v -0.6 6.5 -0.1
v -0.6 6.6 -0.1
v -0.6 6.7 -0.1
v -0.6 6.8 -0.1
v -0.5 5.9 -0.1
v -0.5 6 -0.1
v -0.5 6.2 -0.1
v -0.5 6.4 -0.1
v -0.5 6.6 -0.1
v -0.5 6.7 -0.1
v -0.5 6.9 -0.1
v -0.5 7 -0.1
v -0.4 6.2 -0.1
v -0.4 6.3 -0.1
v -0.4 6.5 -0.1
v -0.4 6.6 -0.1
v -0.4 6.7 -0.1
v -0.4 6.8 -0.1
v -0.4 6.9 -0.1
v -0.3 6.4 -0.1
v -0.3 6.5 -0.1
v -0.3 6.7 -0.1
v -0.3 6.8 -0.1
v -0.3 7 -0.1
v -0.2 6.3 -0.1
v -0.2 6.4 -0.1
v -0.2 6.7 -0.1
v -0.2 6.8 -0.1
v -0.0999999 6.3 -0.1
v -0.0999999 6.5 -0.1
v -0.0999999 6.7 -0.1
v -0.0999999 6.8 -0.1
v -2 6.2 -0.2
v -2 6.3 -0.2
v -1.9 6.2 -0.2
v -1.9 6.3 -0.2
v -1.9 6.4 -0.2
v -1.8 6.3 -0.2
v -1.8 6.4 -0.2
v -1.8 6.6 -0.2
v -1.8 6.7 -0.2
v -1.7 6.6 -0.2
v -1.7 6.7 -0.2
v -1.1 6.7 -0.2
v -1.1 6.8 -0.2
v -1 6.1 -0.2
v -1 6.2 -0.2
v -0.9 6.1 -0.2
v -0.9 6.2 -0.2
v -0.9 6.7 -0.2
v -0.9 6.8 -0.2
v -0.8 6.7 -0.2
v -0.8 6.8 -0.2
v -0.7 5.8 -0.2
v -0.7 5.9 -0.2
v -0.7 6.7 -0.2
v -0.7 6.8 -0.2
v -0.7 6.9 -0.2
v -0.6 5.8 -0.2
v -0.6 5.9 -0.2
v -0.6 6.7 -0.2
v -0.6 6.8 -0.2
v -0.6 6.9 -0.2
v -0.6 7 -0.2
v -0.5 6.6 -0.2
v -0.5 6.7 -0.2
v -0.5 6.9 -0.2
v -0.5 7 -0.2
v -0.4 6.6 -0.2
v -0.4 6.7 -0.2
v -0.4 6.8 -0.2
v -0.4 6.9 -0.2
v -0.3 6.5 -0.2
v -0.3 6.7 -0.2
v -0.3 6.8 -0.2
v -0.2 6.5 -0.2
v -0.2 6.6 -0.2
v -0.2 6.7 -0.2
v -0.2 6.8 -0.2
v -0.0999999 6.6 -0.2
v -0.0999999 6.7 -0.2
v -2.4 6.1 -0.3
v -2.4 6.2 -0.3
v -2.3 6.1 -0.3
v -2.3 6.2 -0.3
v -2.1 6.3 -0.3
v -2.1 6.4 -0.3
v -2 6.3 -0.3
v -2 6.4 -0.3
v -1.2 6.6 -0.3
v -1.2 6.7 -0.3
v -1.1 6.6 -0.3
v -1.1 6.7 -0.3
v -0.9 6.7 -0.3
v -0.9 6.8 -0.3
v -0.8 5.5 -0.3
v -0.8 5.6 -0.3
v -0.8 6.7 -0.3
v -0.8 6.8 -0.3
v -0.7 5.5 -0.3
v -0.7 5.6 -0.3
v -0.6 7 -0.3
v -0.6 7.1 -0.3
v -0.5 6.9 -0.3
v -0.5 7 -0.3
v -0.5 7.1 -0.3
v -0.4 6.2 -0.3
v -0.4 6.3 -0.3
v -0.4 6.9 -0.3
v -0.4 7 -0.3
v -0.3 6.2 -0.3
v -0.3 6.3 -0.3
v -0.3 6.8 -0.3
v -0.3 6.9 -0.3
v -0.3 7 -0.3
v -0.2 6.4 -0.3
v -0.2 6.6 -0.3
v -0.2 6.8 -0.3
v -0.2 6.9 -0.3
v -0.0999999 6.4 -0.3
v -0.0999999 6.6 -0.3
v -0.0999999 6.9 -0.3
v -0.0999999 7 -0.3
v -2.3 6.2 -0.4
v -2.3 6.3 -0.4
v -2.2 6.2 -0.4
v -2.2 6.3 -0.4
v -1.9 6.4 -0.4
v -1.9 6.5 -0.4
v -1.8 6.4 -0.4
v -1.8 6.5 -0.4
v -1.5 6.5 -0.4
v -1.5 6.6 -0.4
v -1.4 6.5 -0.4
v -1.4 6.6 -0.4
v -1 5.4 -0.4
v -1 5.5 -0.4
v -1 6.7 -0.4
v -1 6.8 -0.4
v -0.9 5.4 -0.4
v -0.9 5.5 -0.4
v -0.9 6.7 -0.4
v -0.9 6.8 -0.4
v -0.8 6.8 -0.4
v -0.8 6.9 -0.4
v -0.7 6.8 -0.4
v -0.7 6.9 -0.4
v -0.7 7.1 -0.4
v -0.6 6.9 -0.4
v -0.6 7.1 -0.4
v -0.6 7.2 -0.4
v -0.5 7 -0.4
v -0.5 7.1 -0.4
v -0.5 7.2 -0.4
v -0.4 6.9 -0.4
v -0.4 7 -0.4
v -0.3 6.9 -0.4
v -0.3 7 -0.4
v -0.0999999 7 -0.4
v -0.0999999 7.1 -0.4
v -2.2 6.3 -0.5
v -2.2 6.4 -0.5
v -2.1 6.3 -0.5
v -2.1 6.4 -0.5
v -1.6 6.5 -0.5
v -1.6 6.6 -0.5
v -1.5 6.5 -0.5
v -1.5 6.6 -0.5
v -0.9 6.8 -0.5
v -0.9 6.9 -0.5
v -0.8 5.5 -0.5
v -0.8 5.6 -0.5
v -0.8 5.7 -0.5
v -0.8 5.8 -0.5
v -0.8 5.9 -0.5
v -0.8 6 -0.5
v -0.8 6.1 -0.5
v -0.8 6.8 -0.5
v -0.8 6.9 -0.5
v -0.7 5.5 -0.5
v -0.7 5.6 -0.5
v -0.7 5.7 -0.5
v -0.7 5.8 -0.5
v -0.7 5.9 -0.5
v -0.7 6 -0.5
v -0.7 6.1 -0.5
v -0.7 7.1 -0.5
v -0.7 7.2 -0.5
v -0.6 7.1 -0.5
v -0.6 7.2 -0.5
v -0.2 6.5 -0.5
v -0.2 6.6 -0.5
v -0.0999999 6.5 -0.5
v -0.0999999 6.6 -0.5
v -2.6 4 -0.6
v -2.6 4.1 -0.6
v -2.5 4 -0.6
v -2.5 4.1 -0.6
v -1.8 6.5 -0.6
v -1.8 6.6 -0.6
v -1.6 6.5 -0.6
v -1.6 6.6 -0.6
v -1.3 6.5 -0.6
v -1.3 6.6 -0.6
v -1.2 6.4 -0.6
v -1.2 6.5 -0.6
v -1.2 6.6 -0.6
v -1.2 6.8 -0.6
v -1.1 6.4 -0.6
v -1.1 6.6 -0.6
v -1 6.6 -0.6
v -1 6.8 -0.6
v -0.9 5.6 -0.6
v -0.9 5.7 -0.6
v -0.8 5.6 -0.6
v -0.8 5.7 -0.6
v -0.7 5.8 -0.6
v -0.7 5.9 -0.6
v -0.6 5.8 -0.6
v -0.6 5.9 -0.6
v -0.3 6.4 -0.6
v -0.3 6.5 -0.6
v -0.2 6.4 -0.6
v -0.2 6.5 -0.6
v -1.8 6.3 -0.7
v -1.8 6.4 -0.7
v -1.7 6.3 -0.7
v -1.7 6.4 -0.7
v -1.4 6.5 -0.7
v -1.4 6.6 -0.7
v -1.3 6.5 -0.7
v -1.3 6.6 -0.7
v -1.3 6.9 -0.7
v -1.2 6.6 -0.7
v -1.2 6.8 -0.7
v -1.1 6.8 -0.7
v -1.1 6.9 -0.7
v -1 6.8 -0.7
v -1 6.9 -0.7
v -0.8 6 -0.7
v -0.8 6.2 -0.7
v -0.8 6.7 -0.7
v -0.8 6.8 -0.7
v -0.8 6.9 -0.7
v -0.7 6 -0.7
v -0.7 6.1 -0.7
v -0.7 6.7 -0.7
v -0.7 6.8 -0.7
v -0.7 6.9 -0.7
v -0.6 6.1 -0.7
v -0.6 6.2 -0.7
v -0.6 6.3 -0.7
v -0.6 6.8 -0.7
v -0.6 6.9 -0.7
v -0.6 7 -0.7
v -0.6 7.1 -0.7
v -0.6 7.2 -0.7
v -0.6 7.3 -0.7
v -0.5 6.2 -0.7
v -0.5 6.3 -0.7
v -0.5 7 -0.7
v -0.5 7.1 -0.7
v -0.5 7.2 -0.7
v -0.5 7.3 -0.7
v -0.2 6.4 -0.7
v -0.2 6.5 -0.7
v -0.0999999 6.4 -0.7
v -0.0999999 6.5 -0.7
v -2.2 6.2 -0.8
v -2.2 6.3 -0.8
v -2.1 6.2 -0.8
v -2.1 6.3 -0.8
v -2 6.2 -0.8
v -2 6.3 -0.8
v -1.9 6.2 -0.8
v -1.9 6.3 -0.8
v -0.8 6.8 -0.8
v -0.8 6.9 -0.8
v -0.7 6.8 -0.8
v -0.7 6.9 -0.8
v -0.5 7 -0.8
v -0.5 7.1 -0.8
v -0.5 7.2 -0.8
v -0.5 7.3 -0.8
v -0.4 7.2 -0.8
v -0.4 7.3 -0.8
v -0.3 7 -0.8
v -0.3 7.2 -0.8
v -0.2 7 -0.8
v -0.2 7.1 -0.8
v -0.0999999 7 -0.8
v -0.0999999 7.1 -0.8
v -2.3 6.2 -0.9
v -2.3 6.3 -0.9
v -2.2 6.2 -0.9
v -2.2 6.3 -0.9
v -1.8 6.3 -0.9
v -1.8 6.4 -0.9
v -1.7 6.3 -0.9
v -1.7 6.4 -0.9
v -1.5 6.5 -0.9
v -1.5 6.6 -0.9
v -1.4 6.5 -0.9
v -1.4 6.6 -0.9
v -0.3 7 -0.9
v -0.3 7.1 -0.9
v -0.2 7 -0.9
v -0.2 7.1 -0.9
v -2.3 6.3 -1
v -2.3 6.4 -1
v -2.2 6.3 -1
v -2.2 6.4 -1
v -2.1 6.3 -1
v -2 6.3 -1
v -2 6.4 -1
v -1.9 6.3 -1
v -1.9 6.4 -1
v -1.8 6.3 -1
v -1.8 6.4 -1
v -1.8 6.5 -1
v -1.7 6.4 -1
v -1.7 6.5 -1
v -0.7 6.5 -1
v -0.7 6.6 -1
v -0.6 6.5 -1
v -0.6 6.6 -1
v -0.2 6.4 -1
v -0.2 6.6 -1
v -0.2 6.8 -1
v -0.2 6.9 -1
v -0.0999999 6.4 -1
v -0.0999999 6.6 -1
v -0.0999999 6.8 -1
v -0.0999999 6.9 -1
v -0.9 5.5 -1.1
v -0.9 5.6 -1.1
v -0.8 5.5 -1.1
v -0.8 5.6 -1.1
v -0.7 5.5 -1.1
v -0.7 5.6 -1.1
v -1.2 5.5 -1.2
v -1.2 5.6 -1.2
v -1.1 5.5 -1.2
v -1.1 5.6 -1.2
v -1.1 6 -1.2
v -1.1 6.1 -1.2
v -1 6 -1.2
v -1 6.1 -1.2
v -2.3 6.2 0.1
v -2.3 6.3 0.1
v -2.2 6.2 0.1
v -2.2 6.3 0.1
v -1.7 6.6 0.1
v -1.7 6.7 0.1
v -1.6 6.6 0.1
v -1.5 6.6 0.1
v -1.5 6.7 0.1
v -1.3 6.6 0.1
v -1.3 6.7 0.1
v -1.1 6.6 0.1
v -1.1 6.7 0.1
v -2.1 6.3 0
v -2.1 6.4 0
v -2 6.3 0
v -2 6.4 0
v -1.9 6.3 0
v -1.9 6.4 0
v -1.8 6.3 0
v -1.8 6.4 0
v -1.5 6.5 0
v -1.5 6.6 0
v -1.4 6.5 0
v -1.4 6.6 0
v -1.3 6.5 0
v -1.3 6.6 0
v -1.2 6.5 0
v -1.2 6.6 0
v -1.1 6.8 0
v -1.1 6.9 0
v -1 6.8 0
v -1 6.9 0
v -0.7 5.6 0
v -0.7 5.7 0
v -0.6 5.6 0
v -0.6 5.7 0
v -0.5 6.9 0
v -0.5 7 0
v -0.4 6.9 0
v -0.4 7 0
v -0.3 6.2 0
v -0.3 6.3 0
v -0.2 6.2 0
v -0.2 6.3 0
v -2.3 6.3 -0.1
v -2.3 6.4 -0.1
v -2.2 6.3 -0.1
v -2.2 6.4 -0.1
v -2.2 6.5 -0.1
v -2.1 6.4 -0.1
v -2.1 6.5 -0.1
v -2 6.2 -0.1
v -2 6.3 -0.1
v -2 6.5 -0.1
v -2 6.6 -0.1
v -2 6.7 -0.1
v -1.9 6.2 -0.1
v -1.9 6.3 -0.1
v -1.9 6.5 -0.1
v -1.9 6.6 -0.1
v -1.9 6.7 -0.1
v -1.9 6.8 -0.1
v -1.7 6.7 -0.1
v -1.7 6.8 -0.1
v -1.6 6.6 -0.1
v -1.6 6.7 -0.1
v -1.2 6.5 -0.1
v -1.2 6.6 -0.1
v -1.2 6.9 -0.1
v -1.2 7 -0.1
v -1.1 6.5 -0.1
v -1.1 6.6 -0.1
v -1.1 6.9 -0.1
v -1.1 7 -0.1
v -0.5 6.8 -0.1
v -0.5 6.9 -0.1
v -0.4 6.8 -0.1
v -0.4 6.9 -0.1
v -1.9 6.4 -0.2
v -1.9 6.5 -0.2
v -1.8 6.4 -0.2
v -1.8 6.5 -0.2
v -1.6 6.5 -0.2
v -1.6 6.6 -0.2
v -1.5 6.5 -0.2
v -1.5 6.6 -0.2
v -1 5.4 -0.2
v -1 5.5 -0.2
v -0.9 5.4 -0.2
v -0.9 5.5 -0.2
v -0.9 6.7 -0.2
v -0.9 6.8 -0.2
v -0.8 5.5 -0.2
v -0.8 5.6 -0.2
v -0.8 6.7 -0.2
v -0.8 6.8 -0.2
v -0.7 5.5 -0.2
v -0.7 5.6 -0.2
v -0.7 6 -0.2
v -0.7 6.1 -0.2
v -0.6 6 -0.2
v -0.6 6.1 -0.2
v -0.5 6.9 -0.2
v -0.5 7 -0.2
v -0.4 6.2 -0.2
v -0.4 6.3 -0.2
v -0.3 6.2 -0.2
v -0.3 6.3 -0.2
v -0.3 6.9 -0.2
v -0.3 7 -0.2
v -0.3 7.1 -0.2
v -0.2 6.3 -0.2
v -0.2 6.5 -0.2
v -0.2 6.8 -0.2
v -0.2 6.9 -0.2
v -0.0999999 6.3 -0.2
v -0.0999999 6.5 -0.2
v -0.0999999 6.8 -0.2
v -0.0999999 6.9 -0.2
v -0.0999999 7 -0.2
v -0.0999999 7.1 -0.2
v -1.9 6.5 -0.3
v -1.9 6.6 -0.3
v -1.8 6.5 -0.3
v -1.8 6.6 -0.3
v -1.1 6.7 -0.3
v -1.1 6.8 -0.3
v -0.9 6.7 -0.3
v -0.9 6.8 -0.3
v -0.8 5.8 -0.3
v -0.8 5.9 -0.3
v -0.8 6 -0.3
v -0.8 6.1 -0.3
v -0.7 5.8 -0.3
v -0.7 5.9 -0.3
v -0.7 6 -0.3
v -0.7 6.1 -0.3
v -0.6 5.8 -0.3
v -0.6 5.9 -0.3
v -0.6 6 -0.3
v -0.6 6.1 -0.3
v -0.6 6.2 -0.3
v -0.5 5.9 -0.3
v -0.5 6 -0.3
v -0.5 6.1 -0.3
v -0.5 6.2 -0.3
v -2.2 6.3 -0.4
v -2.2 6.4 -0.4
v -2.1 6.3 -0.4
v -2.1 6.4 -0.4
v -1.8 6.5 -0.4
v -1.8 6.7 -0.4
v -1.7 6.5 -0.4
v -1.7 6.6 -0.4
v -1.7 6.7 -0.4
v -1.2 6.4 -0.4
v -1.2 6.5 -0.4
v -1.2 6.6 -0.4
v -1.2 6.7 -0.4
v -1.1 6.4 -0.4
v -1.1 6.5 -0.4
v -1.1 6.6 -0.4
v -1.1 6.7 -0.4
v -0.8 5.5 -0.4
v -0.8 5.6 -0.4
v -0.8 5.7 -0.4
v -0.7 5.5 -0.4
v -0.7 5.6 -0.4
v -0.7 5.7 -0.4
v -0.2 6.4 -0.4
v -0.2 6.6 -0.4
v -0.0999999 6.4 -0.4
v -0.0999999 6.6 -0.4
v -2.6 4 -0.5
v -2.6 4.1 -0.5
v -2.5 4 -0.5
v -2.5 4.1 -0.5
v -2.1 6.3 -0.5
v -2.1 6.4 -0.5
v -2 6.3 -0.5
v -2 6.4 -0.5
v -1.9 6.3 -0.5
v -1.9 6.4 -0.5
v -1.9 6.5 -0.5
v -1.8 6.3 -0.5
v -1.8 6.4 -0.5
v -1.8 6.5 -0.5
v -1.7 6.5 -0.5
v -1.7 6.6 -0.5
v -1.6 6.5 -0.5
v -1.6 6.6 -0.5
v -1.1 6.6 -0.5
v -1.1 6.7 -0.5
v -1 6.6 -0.5
v -1 6.7 -0.5
v -0.9 5.6 -0.5
v -0.9 5.7 -0.5
v -0.8 5.6 -0.5
v -0.8 5.7 -0.5
v -0.8 5.9 -0.5
v -0.8 6 -0.5
v -0.7 5.9 -0.5
v -0.7 6 -0.5
v -0.7 6.1 -0.5
v -0.7 6.2 -0.5
v -0.7 7 -0.5
v -0.7 7.1 -0.5
v -0.6 6.1 -0.5
v -0.6 6.2 -0.5
v -0.6 7 -0.5
v -0.6 7.1 -0.5
v -0.6 7.2 -0.5
v -0.5 7.1 -0.5
v -0.5 7.2 -0.5
v -0.3 6.4 -0.5
v -0.3 6.5 -0.5
v -0.2 6.4 -0.5
v -0.2 6.5 -0.5
v -2.2 6.3 -0.6
v -2.2 6.4 -0.6
v -2.1 6.3 -0.6
v -2.1 6.4 -0.6
v -2 6.2 -0.6
v -2 6.3 -0.6
v -1.9 6.2 -0.6
v -1.9 6.3 -0.6
v -1.8 6.3 -0.6
v -1.8 6.5 -0.6
v -1.7 6.3 -0.6
v -1.7 6.5 -0.6
v -1.5 6.5 -0.6
v -1.5 6.6 -0.6
v -1.4 6.5 -0.6
v -1.4 6.6 -0.6
v -0.9 6.8 -0.6
v -0.9 6.9 -0.6
v -0.8 5.7 -0.6
v -0.8 5.8 -0.6
v -0.8 6 -0.6
v -0.8 6.2 -0.6
v -0.8 6.7 -0.6
v -0.8 6.8 -0.6
v -0.7 5.7 -0.6
v -0.7 5.8 -0.6
v -0.7 6 -0.6
v -0.7 6.2 -0.6
v -0.7 6.7 -0.6
v -0.7 6.8 -0.6
v -0.7 6.9 -0.6
v -0.7 7 -0.6
v -0.7 7.1 -0.6
v -0.7 7.2 -0.6
v -0.6 6.2 -0.6
v -0.6 6.3 -0.6
v -0.6 6.8 -0.6
v -0.6 7 -0.6
v -0.6 7.1 -0.6
v -0.6 7.2 -0.6
v -0.5 6.2 -0.6
v -0.5 6.3 -0.6
v -0.4 7 -0.6
v -0.4 7.1 -0.6
v -2.3 6.2 -0.7
v -2.3 6.3 -0.7
v -2.1 6.2 -0.7
v -2.1 6.3 -0.7
v -1.8 6.5 -0.7
v -1.8 6.6 -0.7
v -1.7 6.5 -0.7
v -1.7 6.6 -0.7
v -0.8 5.8 -0.7
v -0.8 5.9 -0.7
v -0.7 5.8 -0.7
v -0.7 5.9 -0.7
v -0.6 5.8 -0.7
v -0.6 5.9 -0.7
v -0.4 7 -0.7
v -0.4 7.1 -0.7
v -0.0999999 7 -0.7
v -0.0999999 7.1 -0.7
v -1.8 6.3 -0.8
v -1.8 6.4 -0.8
v -1.7 6.3 -0.8
v -1.7 6.4 -0.8
v -1.7 6.5 -0.8
v -1.6 6.4 -0.8
v -1.6 6.5 -0.8
v -1.3 6.6 -0.8
v -1.3 6.7 -0.8
v -1.3 6.8 -0.8
v -1.3 6.9 -0.8
v -1.2 6.5 -0.8
v -1.2 6.6 -0.8
v -1.2 6.7 -0.8
v -1.1 6.8 -0.8
v -1.1 6.9 -0.8
v -1 5.8 -0.8
v -1 6 -0.8
v -1 6.5 -0.8
v -1 6.6 -0.8
v -1 6.8 -0.8
v -1 6.9 -0.8
v -0.9 5.8 -0.8
v -0.9 6 -0.8
v -0.9 6.6 -0.8
v -0.9 6.7 -0.8
v -0.9 6.8 -0.8
v -0.9 6.9 -0.8
v -0.8 5.5 -0.8
v -0.8 5.6 -0.8
v -0.8 6.6 -0.8
v -0.8 6.7 -0.8
v -0.8 6.8 -0.8
v -0.7 5.5 -0.8
v -0.7 5.6 -0.8
v -0.7 6.1 -0.8
v -0.7 6.2 -0.8
v -0.6 6.1 -0.8
v -0.6 6.2 -0.8
v -0.6 7 -0.8
v -0.6 7.1 -0.8
v -0.6 7.2 -0.8
v -0.6 7.3 -0.8
v -0.5 6.2 -0.8
v -0.5 6.3 -0.8
v -0.5 6.5 -0.8
v -0.5 6.6 -0.8
v -0.5 6.9 -0.8
v -0.5 7 -0.8
v -0.5 7.1 -0.8
v -0.5 7.2 -0.8
v -0.5 7.3 -0.8
v -0.4 6.5 -0.8
v -0.4 6.6 -0.8
v -0.3 6.2 -0.8
v -0.3 6.3 -0.8
v -0.3 6.7 -0.8
v -0.3 6.8 -0.8
v -0.3 6.9 -0.8
v -0.3 7 -0.8
v -1.8 6.2 -0.9
v -1.8 6.3 -0.9
v -1.7 6.2 -0.9
v -1.7 6.3 -0.9
v -1.6 5.9 -0.9
v -1.6 6.1 -0.9
v -1.5 5.9 -0.9
v -1.5 6.1 -0.9
v -1.4 5.9 -0.9
v -1.4 6 -0.9
v -1.4 6.5 -0.9
v -1.4 6.6 -0.9
v -1.3 5.9 -0.9
v -1.3 6 -0.9
v -1.2 6.5 -0.9
v -1.2 6.6 -0.9
v -1.2 6.7 -0.9
v -1.1 5.8 -0.9
v -1.1 5.9 -0.9
v -1 5.4 -0.9
v -1 5.5 -0.9
v -1 5.8 -0.9
v -1 5.9 -0.9
v -1 6.5 -0.9
v -1 6.6 -0.9
v -0.9 5.4 -0.9
v -0.9 5.5 -0.9
v -0.9 5.6 -0.9
v -0.9 5.9 -0.9
v -0.9 6 -0.9
v -0.9 6.5 -0.9
v -0.9 6.6 -0.9
v -0.9 6.7 -0.9
v -0.9 6.8 -0.9
v -0.8 5.5 -0.9
v -0.8 5.6 -0.9
v -0.8 5.9 -0.9
v -0.8 6 -0.9
v -0.8 6.1 -0.9
v -0.8 6.5 -0.9
v -0.8 6.6 -0.9
v -0.8 6.7 -0.9
v -0.8 6.8 -0.9
v -0.7 6 -0.9
v -0.7 6.1 -0.9
v -0.7 6.4 -0.9
v -0.7 6.5 -0.9
v -0.6 6.2 -0.9
v -0.6 6.3 -0.9
v -0.6 6.6 -0.9
v -0.6 6.7 -0.9
v -0.6 6.9 -0.9
v -0.6 7 -0.9
v -0.5 6.2 -0.9
v -0.5 6.3 -0.9
v -0.5 6.4 -0.9
v -0.5 6.5 -0.9
v -0.5 6.6 -0.9
v -0.5 6.7 -0.9
v -0.5 6.9 -0.9
v -0.5 7 -0.9
v -0.5 7.1 -0.9
v -0.5 7.2 -0.9
v -0.4 6.6 -0.9
v -0.4 6.7 -0.9
v -0.4 6.8 -0.9
v -0.4 6.9 -0.9
v -0.4 7 -0.9
v -0.4 7.1 -0.9
v -0.4 7.2 -0.9
v -0.3 6.3 -0.9
v -0.3 6.4 -0.9
v -0.3 6.8 -0.9
v -0.3 6.9 -0.9
v -0.3 7 -0.9
v -0.3 7.1 -0.9
v -0.3 7.2 -0.9
v -0.2 6.4 -0.9
v -0.2 6.6 -0.9
v -0.0999999 6.4 -0.9
v -0.0999999 6.6 -0.9
v -2.1 5.6 -1
v -2.1 5.8 -1
v -2 5.6 -1
v -2 5.8 -1
v -1.9 5.5 -1
v -1.9 5.8 -1
v -1.9 6.1 -1
v -1.9 6.3 -1
v -1.8 5.8 -1
v -1.8 6 -1
v -1.8 6.2 -1
v -1.8 6.3 -1
v -1.8 6.4 -1
v -1.7 5.7 -1
v -1.7 5.9 -1
v -1.7 6.2 -1
v -1.7 6.3 -1
v -1.7 6.4 -1
v -1.7 6.5 -1
v -1.7 6.6 -1
v -1.6 5.7 -1
v -1.6 5.8 -1
v -1.6 5.9 -1
v -1.6 6 -1
v -1.6 6.1 -1
v -1.6 6.3 -1
v -1.6 6.4 -1
v -1.6 6.5 -1
v -1.6 6.6 -1
v -1.5 5.6 -1
v -1.5 5.7 -1
v -1.5 6 -1
v -1.5 6.1 -1
v -1.5 6.4 -1
v -1.5 6.5 -1
v -1.4 5.5 -1
v -1.4 5.6 -1
v -1.4 5.8 -1
v -1.4 5.9 -1
v -1.4 6 -1
v -1.4 6.2 -1
v -1.4 6.3 -1
v -1.4 6.5 -1
v -1.4 6.6 -1
v -1.3 5.8 -1
v -1.3 5.9 -1
v -1.3 6 -1
v -1.3 6.1 -1
v -1.3 6.2 -1
v -1.3 6.3 -1
v -1.3 6.4 -1
v -1.3 6.5 -1
v -1.3 6.7 -1
v -1.3 6.8 -1
v -1.2 5.3 -1
v -1.2 5.4 -1
v -1.2 5.6 -1
v -1.2 5.7 -1
v -1.2 5.8 -1
v -1.2 5.9 -1
v -1.2 6 -1
v -1.2 6.2 -1
v -1.2 6.4 -1
v -1.1 5.1 -1
v -1.1 5.2 -1
v -1.1 5.3 -1
v -1.1 5.4 -1
v -1.1 5.6 -1
v -1 5.1 -1
v -1 5.2 -1
v -1 5.6 -1
v -1 5.7 -1
v -1 6 -1
v -1 6.1 -1
v -1 6.2 -1
v -1 6.3 -1
v -0.9 5.7 -1
v -0.9 5.8 -1
v -0.9 5.9 -1
v -0.9 6.1 -1
v -0.9 6.2 -1
v -0.9 6.3 -1
v -0.9 6.4 -1
v -0.9 6.5 -1
v -0.9 6.7 -1
v -0.9 6.8 -1
v -0.9 6.9 -1
v -0.8 5.7 -1
v -0.8 5.9 -1
v -0.8 6 -1
v -0.8 6.1 -1
v -0.8 6.2 -1
v -0.8 6.4 -1
v -0.8 6.5 -1
v -0.7 6.3 -1
v -0.7 6.4 -1
v -0.6 6.3 -1
v -0.6 6.6 -1
v -0.6 6.7 -1
v -0.5 6.3 -1
v -0.5 6.4 -1
v -0.5 6.5 -1
v -0.5 6.6 -1
v -0.5 6.7 -1
v -0.5 7.2 -1
v -0.5 7.3 -1
v -0.4 6.5 -1
v -0.4 6.6 -1
v -0.4 6.7 -1
v -0.4 6.8 -1
v -0.4 6.9 -1
v -0.4 7.2 -1
v -0.4 7.3 -1
v -0.3 6.4 -1
v -0.3 6.6 -1
v -0.3 6.7 -1
v -0.3 6.8 -1
v -0.3 6.9 -1
v -0.3 7.1 -1
v -0.2 6.4 -1
v -0.2 6.5 -1
v -0.0999999 6.7 -1
v -0.0999999 6.8 -1
v -0.0999999 6.9 -1
v -0.0999999 7.1 -1
v -2.3 4.4 -1.1
v -2.3 4.5 -1.1
v -2.3 4.6 -1.1
v -2.2 4.4 -1.1
v -2.2 4.5 -1.1
v -2.2 5.8 -1.1
v -2.2 5.9 -1.1
v -2.1 4.5 -1.1
v -2.1 4.6 -1.1
v -2.1 5.8 -1.1
v -2 5.1 -1.1
v -2 5.2 -1.1
v -2 5.6 -1.1
v -2 5.8 -1.1
v -2 5.9 -1.1
v -2 6.3 -1.1
v -2 6.4 -1.1
v -1.9 5.1 -1.1
v -1.9 5.2 -1.1
v -1.9 5.3 -1.1
v -1.9 5.6 -1.1
v -1.9 5.8 -1.1
v -1.9 5.9 -1.1
v -1.9 6.3 -1.1
v -1.9 6.4 -1.1
v -1.8 5.1 -1.1
v -1.8 5.2 -1.1
v -1.8 5.8 -1.1
v -1.8 5.9 -1.1
v -1.8 6.3 -1.1
v -1.8 6.4 -1.1
v -1.7 5.1 -1.1
v -1.7 5.3 -1.1
v -1.7 5.4 -1.1
v -1.7 5.5 -1.1
v -1.7 5.8 -1.1
v -1.7 5.9 -1.1
v -1.7 6 -1.1
v -1.7 6.1 -1.1
v -1.7 6.3 -1.1
v -1.7 6.4 -1.1
v -1.6 5.8 -1.1
v -1.6 6 -1.1
v -1.6 6.1 -1.1
v -1.6 6.2 -1.1
v -1.6 6.3 -1.1
v -1.6 6.4 -1.1
v -1.5 5.4 -1.1
v -1.5 5.5 -1.1
v -1.5 5.6 -1.1
v -1.5 5.7 -1.1
v -1.5 5.9 -1.1
v -1.5 6 -1.1
v -1.5 6.1 -1.1
v -1.5 6.2 -1.1
v -1.5 6.3 -1.1
v -1.5 6.4 -1.1
v -1.5 6.5 -1.1
v -1.4 5.6 -1.1
v -1.4 5.7 -1.1
v -1.4 5.8 -1.1
v -1.4 6 -1.1
v -1.4 6.1 -1.1
v -1.4 6.2 -1.1
v -1.4 6.3 -1.1
v -1.3 5 -1.1
v -1.3 5.1 -1.1
v -1.3 5.2 -1.1
v -1.3 5.3 -1.1
v -1.3 5.4 -1.1
v -1.3 5.6 -1.1
v -1.3 5.7 -1.1
v -1.3 5.8 -1.1
v -1.3 5.9 -1.1
v -1.3 6 -1.1
v -1.3 6.1 -1.1
v -1.3 6.2 -1.1
v -1.3 6.3 -1.1
v -1.3 6.4 -1.1
v -1.3 6.5 -1.1
v -1.2 5 -1.1
v -1.2 5.1 -1.1
v -1.2 5.2 -1.1
v -1.2 5.3 -1.1
v -1.2 5.4 -1.1
v -1.2 5.6 -1.1
v -1.2 5.7 -1.1
v -1.2 5.8 -1.1
v -1.2 5.9 -1.1
v -1.2 6 -1.1
v -1.2 6.1 -1.1
v -1.2 6.2 -1.1
v -1.2 6.4 -1.1
v -1.1 5.4 -1.1
v -1.1 5.5 -1.1
v -1.1 5.6 -1.1
v -1.1 5.8 -1.1
v -1.1 5.9 -1.1
v -1.1 6 -1.1
v -1.1 6.2 -1.1
v -1 5.4 -1.1
v -1 5.5 -1.1
v -1 5.6 -1.1
v -1 5.7 -1.1
v -1 6 -1.1
v -1 6.1 -1.1
v -1 6.2 -1.1
v -1 6.3 -1.1
v -0.9 5.6 -1.1
v -0.9 5.7 -1.1
v -0.9 5.8 -1.1
v -0.9 6.1 -1.1
v -0.9 6.2 -1.1
v -0.9 6.3 -1.1
v -0.9 6.5 -1.1
v -0.9 6.6 -1.1
v -0.8 5.6 -1.1
v -0.8 5.7 -1.1
v -0.8 6.2 -1.1
v -0.8 6.3 -1.1
v -0.8 6.4 -1.1
v -0.8 6.5 -1.1
v -0.8 6.6 -1.1
v -0.7 6.2 -1.1
v -0.7 6.3 -1.1
v -0.7 6.5 -1.1
v -0.7 6.6 -1.1
v -0.6 6.2 -1.1
v -0.6 6.3 -1.1
v -0.6 6.5 -1.1
v -0.6 6.6 -1.1
v -0.5 7 -1.1
v -0.5 7.1 -1.1
v -0.4 6.5 -1.1
v -0.4 6.6 -1.1
v -0.4 7 -1.1
v -0.4 7.1 -1.1
v -0.3 6.3 -1.1
v -0.3 6.4 -1.1
v -0.3 6.6 -1.1
v -0.3 6.7 -1.1
v -0.3 6.8 -1.1
v -0.3 6.9 -1.1
v -0.2 6.3 -1.1
v -0.2 6.4 -1.1
v -0.2 6.5 -1.1
v -0.2 6.6 -1.1
v -0.2 6.7 -1.1
v -0.0999999 6.4 -1.1
v -0.0999999 6.5 -1.1
v -0.0999999 6.8 -1.1
v -0.0999999 6.9 -1.1
v -3.1 3.7 -1.2
v -3.1 3.9 -1.2
v -3 4.5 -1.2
v -3 4.6 -1.2
v -2.7 3.9 -1.2
v -2.7 4 -1.2
v -2.7 5.2 -1.2
v -2.7 5.5 -1.2
v -2.6 4.5 -1.2
v -2.5 5.4 -1.2
v -2.5 5.5 -1.2
v -2.4 4.2 -1.2
v -2.4 4.5 -1.2
v -2.4 5.9 -1.2
v -2.4 6 -1.2
v -2.3 4.2 -1.2
v -2.3 4.3 -1.2
v -2.3 4.4 -1.2
v -2.3 4.5 -1.2
v -2.3 4.6 -1.2
v -2.3 4.7 -1.2
v -2.3 5.1 -1.2
v -2.3 5.2 -1.2
v -2.3 5.4 -1.2
v -2.3 5.6 -1.2
v -2.3 5.8 -1.2
v -2.3 5.9 -1.2
v -2.2 4.3 -1.2
v -2.2 4.4 -1.2
v -2.2 4.5 -1.2
v -2.2 4.7 -1.2
v -2.2 4.8 -1.2
v -2.2 5.6 -1.2
v -2.2 5.8 -1.2
v -2.2 5.9 -1.2
v -2.2 6 -1.2
v -2.1 4.5 -1.2
v -2.1 4.6 -1.2
v -2.1 4.7 -1.2
v -2.1 4.8 -1.2
v -2.1 5 -1.2
v -2.1 5.3 -1.2
v -2.1 5.5 -1.2
v -2.1 5.6 -1.2
v -2.1 5.8 -1.2
v -2.1 5.9 -1.2
v -2.1 6 -1.2
v -2.1 6.1 -1.2
v -2.1 6.3 -1.2
v -2.1 6.4 -1.2
v -2 4.7 -1.2
v -2 4.8 -1.2
v -2 4.9 -1.2
v -2 5 -1.2
v -2 5.1 -1.2
v -2 5.2 -1.2
v -2 5.8 -1.2
v -2 5.9 -1.2
v -2 6 -1.2
v -2 6.1 -1.2
v -2 6.2 -1.2
v -2 6.3 -1.2
v -2 6.4 -1.2
v -1.9 4.6 -1.2
v -1.9 4.7 -1.2
v -1.9 4.8 -1.2
v -1.9 4.9 -1.2
v -1.9 5 -1.2
v -1.9 5.1 -1.2
v -1.9 5.2 -1.2
v -1.9 5.3 -1.2
v -1.9 5.4 -1.2
v -1.9 5.5 -1.2
v -1.9 5.6 -1.2
v -1.9 5.8 -1.2
v -1.9 5.9 -1.2
v -1.9 6 -1.2
v -1.9 6.1 -1.2
v -1.9 6.3 -1.2
v -1.8 4 -1.2
v -1.8 4.1 -1.2
v -1.8 4.9 -1.2
v -1.8 5 -1.2
v -1.8 5.1 -1.2
v -1.8 5.2 -1.2
v -1.8 5.4 -1.2
v -1.8 5.5 -1.2
v -1.8 5.9 -1.2
v -1.8 6 -1.2
v -1.8 6.4 -1.2
v -1.8 6.5 -1.2
v -1.7 5 -1.2
v -1.7 5.1 -1.2
v -1.7 5.2 -1.2
v -1.7 5.3 -1.2
v -1.7 5.4 -1.2
v -1.7 5.5 -1.2
v -1.7 5.7 -1.2
v -1.7 5.8 -1.2
v -1.7 6 -1.2
v -1.7 6.1 -1.2
v -1.7 6.4 -1.2
v -1.7 6.5 -1.2
v -1.6 4.4 -1.2
v -1.6 5.7 -1.2
v -1.6 5.8 -1.2
v -1.6 6.2 -1.2
v -1.6 6.4 -1.2
v -1.5 5 -1.2
v -1.5 5.4 -1.2
v -1.5 5.5 -1.2
v -1.5 6.1 -1.2
v -1.5 6.2 -1.2
v -1.5 6.3 -1.2
v -1.5 6.4 -1.2
v -1.4 4.1 -1.2
v -1.4 5.2 -1.2
v -1.4 5.3 -1.2
v -1.4 5.5 -1.2
v -1.4 5.7 -1.2
v -1.4 6.1 -1.2
v -1.4 6.2 -1.2
v -1.4 6.3 -1.2
v -1.4 6.4 -1.2
v -1.3 3.7 -1.2
v -1.3 4.1 -1.2
v -1.3 4.4 -1.2
v -1.3 4.7 -1.2
v -1.3 5 -1.2
v -1.3 5.1 -1.2
v -1.3 5.2 -1.2
v -1.3 5.3 -1.2
v -1.3 5.4 -1.2
v -1.3 5.5 -1.2
v -1.3 5.6 -1.2
v -1.3 5.7 -1.2
v -1.3 6.1 -1.2
v -1.3 6.2 -1.2
v -1.3 6.3 -1.2
v -1.3 6.4 -1.2
v -1.2 5.1 -1.2
v -1.2 5.2 -1.2
v -1.2 5.3 -1.2
v -1.2 5.5 -1.2
v -1.2 5.6 -1.2
v -1.2 5.9 -1.2
v -1.2 6 -1.2
v -1.2 6.1 -1.2
v -1.1 5.2 -1.2
v -1.1 5.3 -1.2
v -1.1 5.4 -1.2
v -1.1 5.5 -1.2
v -1.1 5.6 -1.2
v -1.1 6.1 -1.2
v -1.1 6.2 -1.2
v -1 5.5 -1.2
v -1 5.6 -1.2
v -1 5.9 -1.2
v -1 6 -1.2
v -0.9 5.3 -1.2
v -0.9 5.4 -1.2
v -0.9 6.3 -1.2
v -0.9 6.4 -1.2
v -0.8 5.5 -1.2
v -0.8 5.6 -1.2
v -0.8 6.1 -1.2
v -0.8 6.2 -1.2
v -0.8 6.3 -1.2
v -0.8 6.4 -1.2
v -0.7 5.5 -1.2
v -0.7 5.6 -1.2
v -0.7 6.1 -1.2
v -0.7 6.2 -1.2
v -0.2 6.5 -1.2
v -0.2 6.6 -1.2
v -0.2 6.7 -1.2
v -0.0999999 6.5 -1.2
v -0.0999999 6.6 -1.2
v -0.0999999 6.7 -1.2
v -3.2 3.9 -1.3
v -3.2 4.2 -1.3
v -3.2 4.5 -1.3
v -3.1 4.2 -1.3
v -3.1 4.3 -1.3
v -3.1 4.6 -1.3
v -3.1 4.7 -1.3
v -3.1 4.9 -1.3
v -3 4.9 -1.3
v -3 5.2 -1.3
v -2.9 4.3 -1.3
v -2.9 4.4 -1.3
v -2.9 4.7 -1.3
v -2.9 4.9 -1.3
v -2.8 4.9 -1.3
v -2.8 5 -1.3
v -2.8 5.5 -1.3
v -2.8 5.6 -1.3
v -2.7 3.9 -1.3
v -2.7 4 -1.3
v -2.7 5.6 -1.3
v -2.7 5.8 -1.3
v -2.6 4.4 -1.3
v -2.6 4.5 -1.3
v -2.6 5.8 -1.3
v -2.6 6 -1.3
v -2.5 5 -1.3
v -2.5 5.1 -1.3
v -2.5 5.4 -1.3
v -2.5 5.5 -1.3
v -2.5 5.7 -1.3
v -2.5 5.9 -1.3
v -2.5 6 -1.3
v -2.4 4.2 -1.3
v -2.4 4.5 -1.3
v -2.4 5.5 -1.3
v -2.4 5.7 -1.3
v -2.4 6 -1.3
v -2.4 6.2 -1.3
v -2.3 4.2 -1.3
v -2.3 4.3 -1.3
v -2.3 4.6 -1.3
v -2.3 4.7 -1.3
v -2.3 5.1 -1.3
v -2.3 5.2 -1.3
v -2.3 5.4 -1.3
v -2.3 5.6 -1.3
v -2.3 5.8 -1.3
v -2.3 5.9 -1.3
v -2.3 6.2 -1.3
v -2.3 6.4 -1.3
v -2.2 4.3 -1.3
v -2.2 4.4 -1.3
v -2.2 4.7 -1.3
v -2.2 4.8 -1.3
v -2.2 5.6 -1.3
v -2.2 5.8 -1.3
v -2.2 5.9 -1.3
v -2.2 6 -1.3
v -2.1 4.6 -1.3
v -2.1 4.7 -1.3
v -2.1 4.8 -1.3
v -2.1 5 -1.3
v -2.1 5.3 -1.3
v -2.1 5.5 -1.3
v -2.1 5.9 -1.3
v -2.1 6.1 -1.3
v -2.1 6.2 -1.3
v -2.1 6.3 -1.3
v -2.1 6.4 -1.3
v -2 4.7 -1.3
v -2 4.8 -1.3
v -2 4.9 -1.3
v -2 5 -1.3
v -2 5.1 -1.3
v -2 6 -1.3
v -2 6.1 -1.3
v -2 6.2 -1.3
v -2 6.3 -1.3
v -1.9 4.6 -1.3
v -1.9 4.7 -1.3
v -1.9 4.8 -1.3
v -1.9 4.9 -1.3
v -1.9 5 -1.3
v -1.9 5.3 -1.3
v -1.9 5.4 -1.3
v -1.9 6 -1.3
v -1.9 6.1 -1.3
v -1.8 4 -1.3
v -1.8 4.1 -1.3
v -1.8 4.9 -1.3
v -1.8 5.1 -1.3
v -1.8 5.4 -1.3
v -1.8 5.5 -1.3
v -1.7 5 -1.3
v -1.7 5.1 -1.3
v -1.7 5.2 -1.3
v -1.7 5.4 -1.3
v -1.6 4.3 -1.3
v -1.6 4.4 -1.3
v -1.5 4.2 -1.3
v -1.5 4.3 -1.3
v -1.5 4.9 -1.3
v -1.5 5 -1.3
v -1.5 6.3 -1.3
v -1.5 6.4 -1.3
v -1.4 4.1 -1.3
v -1.4 4.2 -1.3
v -1.4 4.8 -1.3
v -1.4 4.9 -1.3
v -1.4 5.2 -1.3
v -1.4 5.3 -1.3
v -1.4 6.3 -1.3
v -1.4 6.4 -1.3
v -1.3 4.7 -1.3
v -1.3 4.8 -1.3
v -1.3 5.3 -1.3
v -1.3 5.4 -1.3
v -1.3 5.5 -1.3
v -1.2 4.1 -1.3
v -1.2 4.4 -1.3
v -1.2 4.7 -1.3
v -1.2 4.8 -1.3
v -1.2 5.1 -1.3
v -1.2 5.2 -1.3
v -1.2 5.4 -1.3
v -1.2 5.5 -1.3
v -1.2 5.6 -1.3
v -1.2 6 -1.3
v -1.2 6.1 -1.3
v -1.1 4.8 -1.3
v -1.1 5 -1.3
v -1.1 5.1 -1.3
v -1.1 5.2 -1.3
v -1.1 5.5 -1.3
v -1.1 5.6 -1.3
v -1 6 -1.3
v -1 6.1 -1.3
v -0.9 5.5 -1.3
v -0.9 5.6 -1.3
v -0.8 5.5 -1.3
v -0.8 5.6 -1.3
v -3.1 3.7 0.1
v -1.3 3.7 0.1
v -2.6 3.7 0
v -1.4 3.7 0
v -2.6 3.7 -1.1
v -1.4 3.7 -1.1
v -3.1 3.7 -1.2
v -1.3 3.7 -1.2
v -3.2 3.9 0.2
v -2.7 3.9 0.2
v -3.1 3.9 0.1
v -2.7 3.9 0.1
v -3.1 3.9 -1.2
v -2.7 3.9 -1.2
v -3.2 3.9 -1.3
v -2.7 3.9 -1.3
v -2.7 4 0.2
v -1.8 4 0.2
v -2.7 4 0.1
v -1.8 4 0.1
v -2.7 4 -1.2
v -1.8 4 -1.2
v -2.7 4 -1.3
v -1.8 4 -1.3
v -1.8 4.1 0.2
v -1.4 4.1 0.2
v -1.2 4.1 0.2
v -1.8 4.1 0.1
v -1.4 4.1 0.1
v -1.3 4.1 0.1
v -1.3 4.1 -0.1
v -1.2 4.1 -0.1
v -2.6 4.1 -0.5
v -2.5 4.1 -0.5
v -2.6 4.1 -0.6
v -2.5 4.1 -0.6
v -1.3 4.1 -1
v -1.2 4.1 -1
v -1.8 4.1 -1.2
v -1.4 4.1 -1.2
v -1.3 4.1 -1.2
v -1.8 4.1 -1.3
v -1.4 4.1 -1.3
v -1.2 4.1 -1.3
v -3.1 4.6 0.2
v -1.9 4.6 0.2
v -3 4.6 0.1
v -1.9 4.6 0.1
v -2.3 4.6 -1.1
v -2.1 4.6 -1.1
v -3 4.6 -1.2
v -2.3 4.6 -1.2
v -2.1 4.6 -1.2
v -1.9 4.6 -1.2
v -3.1 4.6 -1.3
v -2.3 4.6 -1.3
v -2.1 4.6 -1.3
v -1.9 4.6 -1.3
v -1.9 4.7 0.2
v -1.3 4.7 0.2
v -1.2 4.7 0.2
v -1.9 4.7 0.1
v -1.3 4.7 0.1
v -1.3 4.7 -0.1
v -1.2 4.7 -0.1
v -1.3 4.7 -1
v -1.2 4.7 -1
v -2.3 4.7 -1.2
v -2.2 4.7 -1.2
v -1.9 4.7 -1.2
v -1.3 4.7 -1.2
v -2.3 4.7 -1.3
v -2.2 4.7 -1.3
v -1.9 4.7 -1.3
v -1.3 4.7 -1.3
v -1.2 4.7 -1.3
v -1.2 4.8 0.2
v -1.1 4.8 0.2
v -1.2 4.8 -0.1
v -1.2 4.8 -0.2
v -1.1 4.8 -0.2
v -1.2 4.8 -0.9
v -1.1 4.8 -0.9
v -1.2 4.8 -1
v -2.2 4.8 -1.2
v -2.1 4.8 -1.2
v -2.2 4.8 -1.3
v -2.1 4.8 -1.3
v -1.2 4.8 -1.3
v -1.1 4.8 -1.3
v -2 4.9 -1.2
v -1.9 4.9 -1.2
v -2 4.9 -1.3
v -1.9 4.9 -1.3
v -2.1 5 -1.2
v -2 5 -1.2
v -2.1 5 -1.3
v -2 5 -1.3
v -3 5.1 0.2
v -2.7 5.1 0.2
v -1.3 5.1 0.2
v -1 5.1 0.2
v -3 5.1 0.1
v -2.9 5.1 0.1
v -2.7 5.1 0.1
v -1.3 5.1 0.1
v -1.2 5.1 0.1
v -1.1 5.1 0.1
v -1.1 5.1 -0.2
v -1 5.1 -0.2
v -1.1 5.1 -0.9
v -1 5.1 -0.9
v -1.1 5.1 -1
v -1 5.1 -1
v -1.3 5.1 -1.1
v -1.2 5.1 -1.1
v -1.3 5.1 -1.2
v -1.2 5.1 -1.2
v -1.1 5.1 -1.2
v -1.2 5.1 -1.3
v -1.1 5.1 -1.3
v -1.7 5.2 0.2
v -1.4 5.2 0.2
v -1.3 5.2 0.2
v -1.7 5.2 0.1
v -1.4 5.2 0.1
v -1.3 5.2 0.1
v -2 5.2 -1.1
v -1.9 5.2 -1.1
v -2 5.2 -1.2
v -1.9 5.2 -1.2
v -1.7 5.2 -1.2
v -1.4 5.2 -1.2
v -1.7 5.2 -1.3
v -1.4 5.2 -1.3
v -1.1 5.3 0.1
v -0.9 5.3 0.1
v -1 5.3 -0.1
v -0.9 5.3 -0.1
v -1.1 5.3 -0.2
v -1 5.3 -0.2
v -1.1 5.3 -0.9
v -1 5.3 -0.9
v -1 5.3 -1
v -0.9 5.3 -1
v -1.9 5.3 -1.1
v -1.7 5.3 -1.1
v -2.1 5.3 -1.2
v -1.9 5.3 -1.2
v -1.7 5.3 -1.2
v -1.4 5.3 -1.2
v -1.3 5.3 -1.2
v -1.1 5.3 -1.2
v -0.9 5.3 -1.2
v -2.1 5.3 -1.3
v -1.9 5.3 -1.3
v -1.4 5.3 -1.3
v -1.3 5.3 -1.3
v -2.5 5.4 0.2
v -1.8 5.4 0.2
v -2.5 5.4 0.1
v -1.8 5.4 0.1
v -1.3 5.4 0.1
v -1.1 5.4 0.1
v -1.3 5.4 0
v -1.1 5.4 0
v -1.2 5.4 -1
v -1.1 5.4 -1
v -1.3 5.4 -1.1
v -1.2 5.4 -1.1
v -1.1 5.4 -1.1
v -2.5 5.4 -1.2
v -2.3 5.4 -1.2
v -1.9 5.4 -1.2
v -1.8 5.4 -1.2
v -1.3 5.4 -1.2
v -1.2 5.4 -1.2
v -2.5 5.4 -1.3
v -2.3 5.4 -1.3
v -1.9 5.4 -1.3
v -1.8 5.4 -1.3
v -1.3 5.4 -1.3
v -1.2 5.4 -1.3
v -2.8 5.5 0.2
v -2.5 5.5 0.2
v -0.8 5.5 0.2
v -0.7 5.5 0.2
v -2.8 5.5 0.1
v -2.7 5.5 0.1
v -2.5 5.5 0.1
v -0.9 5.5 0.1
v -0.8 5.5 0.1
v -0.9 5.5 -0.1
v -0.9 5.5 -0.2
v -0.8 5.5 -0.2
v -0.7 5.5 -0.2
v -0.8 5.5 -0.3
v -0.7 5.5 -0.3
v -0.9 5.5 -0.4
v -0.8 5.5 -0.4
v -0.7 5.5 -0.4
v -0.8 5.5 -0.5
v -0.7 5.5 -0.5
v -0.8 5.5 -0.8
v -0.7 5.5 -0.8
v -0.9 5.5 -0.9
v -0.8 5.5 -0.9
v -1.1 5.5 -1.1
v -1 5.5 -1.1
v -0.9 5.5 -1.1
v -0.8 5.5 -1.1
v -0.7 5.5 -1.1
v -2.8 5.5 -1.2
v -2.7 5.5 -1.2
v -2.5 5.5 -1.2
v -1.2 5.5 -1.2
v -1.1 5.5 -1.2
v -1 5.5 -1.2
v -0.9 5.5 -1.2
v -0.8 5.5 -1.2
v -0.7 5.5 -1.2
v -2.8 5.5 -1.3
v -2.5 5.5 -1.3
v -1.2 5.5 -1.3
v -1.1 5.5 -1.3
v -0.9 5.5 -1.3
v -0.8 5.5 -1.3
v -1.7 5.6 0.2
v -1.6 5.6 0.2
v -1.7 5.6 0.1
v -1.6 5.6 0.1
v -1.4 5.6 0.1
v -0.7 5.6 0.1
v -0.6 5.6 0.1
v -1.7 5.6 0
v -1.4 5.6 0
v -0.7 5.6 0
v -0.6 5.6 0
v -1 5.6 -0.1
v -0.9 5.6 -0.1
v -0.8 5.6 -0.2
v -0.7 5.6 -0.2
v -0.8 5.6 -0.3
v -0.7 5.6 -0.3
v -0.9 5.6 -0.9
v -0.8 5.6 -0.9
v -1.5 5.6 -1
v -1.4 5.6 -1
v -1.5 5.6 -1.1
v -1.4 5.6 -1.1
v -1 5.6 -1.1
v -0.9 5.6 -1.1
v -0.8 5.6 -1.1
v -2.3 5.6 -1.2
v -2.2 5.6 -1.2
v -2.3 5.6 -1.3
v -2.2 5.6 -1.3
v -1.8 5.7 0.2
v -1.7 5.7 0.2
v -1.6 5.7 0.2
v -1.5 5.7 0.2
v -1.8 5.7 0.1
v -1.7 5.7 0.1
v -1.6 5.7 0.1
v -1.5 5.7 0.1
v -1.1 5.7 0.1
v -1 5.7 0.1
v -1.1 5.7 0
v -1 5.7 0
v -0.9 5.7 0
v -1 5.7 -0.1
v -0.9 5.7 -0.1
v -0.9 5.7 -0.5
v -0.8 5.7 -0.5
v -0.7 5.7 -0.5
v -0.9 5.7 -0.6
v -0.8 5.7 -0.6
v -0.7 5.7 -0.6
v -1.7 5.7 -1
v -1.6 5.7 -1
v -1.2 5.7 -1
v -1 5.7 -1
v -1.7 5.7 -1.1
v -1.6 5.7 -1.1
v -1.2 5.7 -1.1
v -1 5.7 -1.1
v -1.7 5.7 -1.2
v -1.6 5.7 -1.2
v -2 5.8 0.2
v -1.8 5.8 0.2
v -2 5.8 0.1
v -1.8 5.8 0.1
v -1.2 5.8 0.1
v -1.1 5.8 0.1
v -1 5.8 0.1
v -0.9 5.8 0.1
v -1.2 5.8 0
v -1.1 5.8 0
v -1 5.8 0
v -0.9 5.8 0
v -0.8 5.8 0
v -0.7 5.8 0
v -0.7 5.8 -0.2
v -0.6 5.8 -0.2
v -0.8 5.8 -0.3
v -0.7 5.8 -0.3
v -0.6 5.8 -0.3
v -0.8 5.8 -0.6
v -0.7 5.8 -0.6
v -0.6 5.8 -0.6
v -0.8 5.8 -0.7
v -0.7 5.8 -0.7
v -0.6 5.8 -0.7
v -2.1 5.8 -1
v -2 5.8 -1
v -1.9 5.8 -1
v -1.8 5.8 -1
v -1.6 5.8 -1
v -1.4 5.8 -1
v -1.3 5.8 -1
v -1.2 5.8 -1
v -2.1 5.8 -1.1
v -2 5.8 -1.1
v -1.9 5.8 -1.1
v -1.8 5.8 -1.1
v -1.6 5.8 -1.1
v -1.4 5.8 -1.1
v -1.3 5.8 -1.1
v -1.2 5.8 -1.1
v -2 5.8 -1.2
v -1.9 5.8 -1.2
v -2.2 5.9 0.2
v -2 5.9 0.2
v -2.2 5.9 0.1
v -2 5.9 0.1
v -0.7 5.9 0
v -0.6 5.9 0
v -0.6 5.9 -0.1
v -0.5 5.9 -0.1
v -0.7 5.9 -0.2
v -0.6 5.9 -0.2
v -0.8 5.9 -0.3
v -0.7 5.9 -0.3
v -0.6 5.9 -0.3
v -0.5 5.9 -0.3
v -0.8 5.9 -0.5
v -0.7 5.9 -0.5
v -1.1 5.9 -0.9
v -1 5.9 -0.9
v -2.2 5.9 -1.1
v -2 5.9 -1.1
v -1.9 5.9 -1.1
v -1.8 5.9 -1.1
v -1.2 5.9 -1.1
v -1.1 5.9 -1.1
v -1 5.9 -1.1
v -2.2 5.9 -1.2
v -2.1 5.9 -1.2
v -2 5.9 -1.2
v -1.9 5.9 -1.2
v -1.8 5.9 -1.2
v -1.2 5.9 -1.2
v -1 5.9 -1.2
v -2.2 5.9 -1.3
v -2.1 5.9 -1.3
v -2.4 6 0.2
v -2.2 6 0.2
v -2.4 6 0.1
v -2.2 6 0.1
v -1.5 6 0.1
v -1.2 6 0.1
v -1.5 6 0
v -1.2 6 0
v -0.8 6 -0.5
v -0.7 6 -0.5
v -0.8 6 -0.6
v -0.7 6 -0.6
v -0.8 6 -0.7
v -0.7 6 -0.7
v -1 6 -0.8
v -0.9 6 -0.8
v -1.4 6 -0.9
v -1.3 6 -0.9
v -0.9 6 -0.9
v -0.8 6 -0.9
v -0.7 6 -0.9
v -1.8 6 -1
v -1.6 6 -1
v -1.4 6 -1
v -1.3 6 -1
v -1.2 6 -1
v -1 6 -1
v -0.8 6 -1
v -1.8 6 -1.1
v -1.7 6 -1.1
v -1.6 6 -1.1
v -1.3 6 -1.1
v -1.2 6 -1.1
v -2.4 6 -1.2
v -2.2 6 -1.2
v -2 6 -1.2
v -1.9 6 -1.2
v -1.8 6 -1.2
v -1.7 6 -1.2
v -1.2 6 -1.2
v -1 6 -1.2
v -2.4 6 -1.3
v -2.2 6 -1.3
v -2 6 -1.3
v -1.9 6 -1.3
v -1.2 6 -1.3
v -1 6 -1.3
v -0.6 6.1 0
v -0.5 6.1 0
v -0.7 6.1 -0.2
v -0.6 6.1 -0.2
v -0.8 6.1 -0.3
v -0.7 6.1 -0.3
v -0.6 6.1 -0.3
v -0.5 6.1 -0.3
v -0.8 6.1 -0.5
v -0.7 6.1 -0.5
v -0.6 6.1 -0.5
v -0.7 6.1 -0.7
v -0.6 6.1 -0.7
v -0.7 6.1 -0.8
v -0.6 6.1 -0.8
v -1.6 6.1 -0.9
v -1.5 6.1 -0.9
v -0.8 6.1 -0.9
v -0.7 6.1 -0.9
v -1.5 6.1 -1
v -1.3 6.1 -1
v -1 6.1 -1
v -0.9 6.1 -1
v -0.8 6.1 -1
v -1.6 6.1 -1.1
v -1.5 6.1 -1.1
v -1.4 6.1 -1.1
v -1.3 6.1 -1.1
v -1.2 6.1 -1.1
v -1 6.1 -1.1
v -0.9 6.1 -1.1
v -0.8 6.1 -1.1
v -0.7 6.1 -1.1
v -2.1 6.1 -1.2
v -2 6.1 -1.2
v -1.5 6.1 -1.2
v -1.4 6.1 -1.2
v -1.3 6.1 -1.2
v -1.2 6.1 -1.2
v -0.8 6.1 -1.2
v -0.7 6.1 -1.2
v -2.1 6.1 -1.3
v -2 6.1 -1.3
v -1.7 6.2 0.2
v -1.5 6.2 0.2
v -1.4 6.2 0.2
v -1.2 6.2 0.2
v -1.7 6.2 0.1
v -1.5 6.2 0.1
v -1.4 6.2 0.1
v -1.3 6.2 0.1
v -1.2 6.2 0.1
v -1.1 6.2 0.1
v -0.3 6.2 0.1
v -0.2 6.2 0.1
v -1.3 6.2 0
v -1.1 6.2 0
v -0.4 6.2 0
v -0.3 6.2 0
v -0.2 6.2 0
v -1 6.2 -0.1
v -0.9 6.2 -0.1
v -0.5 6.2 -0.1
v -0.4 6.2 -0.1
v -1 6.2 -0.2
v -0.9 6.2 -0.2
v -0.4 6.2 -0.2
v -0.3 6.2 -0.2
v -0.6 6.2 -0.3
v -0.5 6.2 -0.3
v -0.4 6.2 -0.3
v -0.3 6.2 -0.3
v -0.7 6.2 -0.5
v -0.6 6.2 -0.5
v -0.8 6.2 -0.6
v -0.7 6.2 -0.6
v -0.6 6.2 -0.6
v -0.5 6.2 -0.6
v -0.8 6.2 -0.7
v -0.6 6.2 -0.7
v -0.5 6.2 -0.7
v -0.7 6.2 -0.8
v -0.6 6.2 -0.8
v -0.5 6.2 -0.8
v -0.3 6.2 -0.8
v -0.6 6.2 -0.9
v -0.5 6.2 -0.9
v -0.9 6.2 -1
v -0.8 6.2 -1
v -1.6 6.2 -1.1
v -1.5 6.2 -1.1
v -0.9 6.2 -1.1
v -0.8 6.2 -1.1
v -0.7 6.2 -1.1
v -0.6 6.2 -1.1
v -1.6 6.2 -1.2
v -1.5 6.2 -1.2
v -1.8 6.3 0.2
v -1.7 6.3 0.2
v -1.5 6.3 0.2
v -1.4 6.3 0.2
v -0.3 6.3 0.2
v -0.2 6.3 0.2
v -2.3 6.3 0.1
v -2.2 6.3 0.1
v -1.8 6.3 0.1
v -1.7 6.3 0.1
v -1.5 6.3 0.1
v -1.4 6.3 0.1
v -1 6.3 0.1
v -0.9 6.3 0.1
v -0.3 6.3 0.1
v -0.2 6.3 0.1
v -1 6.3 0
v -0.9 6.3 0
v -0.8 6.3 0
v -0.7 6.3 0
v -0.4 6.3 0
v -0.3 6.3 0
v -0.2 6.3 0
v -2.3 6.3 -0.1
v -2.2 6.3 -0.1
v -1 6.3 -0.1
v -0.8 6.3 -0.1
v -0.7 6.3 -0.1
v -0.4 6.3 -0.1
v -0.2 6.3 -0.1
v -0.0999999 6.3 -0.1
v -0.4 6.3 -0.2
v -0.3 6.3 -0.2
v -0.2 6.3 -0.2
v -0.0999999 6.3 -0.2
v -0.4 6.3 -0.3
v -0.3 6.3 -0.3
v -0.6 6.3 -0.6
v -0.5 6.3 -0.6
v -0.6 6.3 -0.7
v -0.5 6.3 -0.7
v -0.5 6.3 -0.8
v -0.3 6.3 -0.8
v -1.8 6.3 -0.9
v -1.7 6.3 -0.9
v -0.6 6.3 -0.9
v -0.5 6.3 -0.9
v -0.3 6.3 -0.9
v -1.9 6.3 -1
v -1.8 6.3 -1
v -1.7 6.3 -1
v -1.6 6.3 -1
v -1.4 6.3 -1
v -1.3 6.3 -1
v -0.6 6.3 -1
v -0.5 6.3 -1
v -1.9 6.3 -1.1
v -1.8 6.3 -1.1
v -1.7 6.3 -1.1
v -1.6 6.3 -1.1
v -1.5 6.3 -1.1
v -1.4 6.3 -1.1
v -1.3 6.3 -1.1
v -0.9 6.3 -1.1
v -0.8 6.3 -1.1
v -0.3 6.3 -1.1
v -0.2 6.3 -1.1
v -1.5 6.3 -1.2
v -1.4 6.3 -1.2
v -1.3 6.3 -1.2
v -0.9 6.3 -1.2
v -0.8 6.3 -1.2
v -1.5 6.3 -1.3
v -1.4 6.3 -1.3
v -1.9 6.4 0.2
v -1.8 6.4 0.2
v -1.9 6.4 0.1
v -1.8 6.4 0.1
v -0.9 6.4 0.1
v -0.8 6.4 0.1
v -0.5 6.4 0.1
v -0.4 6.4 0.1
v -1.9 6.4 0
v -1.8 6.4 0
v -0.9 6.4 0
v -0.8 6.4 0
v -0.5 6.4 0
v -0.4 6.4 0
v -1.9 6.4 -0.2
v -1.8 6.4 -0.2
v -0.2 6.4 -0.3
v -0.0999999 6.4 -0.3
v -0.2 6.4 -0.4
v -0.0999999 6.4 -0.4
v -0.2 6.4 -0.7
v -0.0999999 6.4 -0.7
v -0.5 6.4 -0.9
v -0.3 6.4 -0.9
v -0.2 6.4 -0.9
v -0.0999999 6.4 -0.9
v -1.8 6.4 -1
v -1.7 6.4 -1
v -0.5 6.4 -1
v -0.3 6.4 -1
v -0.2 6.4 -1
v -0.0999999 6.4 -1
v -1.8 6.4 -1.1
v -1.7 6.4 -1.1
v -0.2 6.4 -1.1
v -0.0999999 6.4 -1.1
v -1.8 6.4 -1.2
v -1.7 6.4 -1.2
v -1.7 6.5 0.2
v -1.4 6.5 0.2
v -2 6.5 0.1
v -1.9 6.5 0.1
v -1.7 6.5 0.1
v -1.5 6.5 0.1
v -1.4 6.5 0.1
v -1.3 6.5 0.1
v -1.1 6.5 0.1
v -1.3 6.5 0
v -1.1 6.5 0
v -2 6.5 -0.1
v -1.9 6.5 -0.1
v -1.9 6.5 -0.2
v -1.8 6.5 -0.2
v -1.9 6.5 -0.3
v -1.8 6.5 -0.3
v -0.3 6.5 -0.5
v -0.2 6.5 -0.5
v -0.0999999 6.5 -0.5
v -1.8 6.5 -0.6
v -1.7 6.5 -0.6
v -0.3 6.5 -0.6
v -0.2 6.5 -0.6
v -1.8 6.5 -0.7
v -1.7 6.5 -0.7
v -0.2 6.5 -0.7
v -0.0999999 6.5 -0.7
v -1.7 6.5 -0.8
v -1.6 6.5 -0.8
v -1.7 6.5 -1
v -1.6 6.5 -1
v -0.9 6.5 -1
v -0.8 6.5 -1
v -0.7 6.5 -1
v -0.6 6.5 -1
v -0.4 6.5 -1
v -0.2 6.5 -1
v -0.9 6.5 -1.1
v -0.8 6.5 -1.1
v -0.7 6.5 -1.1
v -0.6 6.5 -1.1
v -0.4 6.5 -1.1
v -0.2 6.5 -1.1
v -0.0999999 6.5 -1.1
v -0.2 6.5 -1.2
v -0.0999999 6.5 -1.2
v -1.3 6.6 0.2
v -1.1 6.6 0.2
v -1.3 6.6 0.1
v -1.1 6.6 0.1
v -1 6.6 0.1
v -0.9 6.6 0.1
v -1 6.6 0
v -0.9 6.6 0
v -0.8 6.6 0
v -0.6 6.6 0
v -0.8 6.6 -0.1
v -0.6 6.6 -0.1
v -0.2 6.6 -0.2
v -0.0999999 6.6 -0.2
v -1.2 6.6 -0.3
v -1.1 6.6 -0.3
v -0.2 6.6 -0.3
v -0.0999999 6.6 -0.3
v -1.2 6.6 -0.4
v -1.1 6.6 -0.4
v -0.2 6.6 -0.4
v -0.0999999 6.6 -0.4
v -0.2 6.6 -0.5
v -0.0999999 6.6 -0.5
v -1.2 6.6 -0.8
v -1 6.6 -0.8
v -0.5 6.6 -0.8
v -0.4 6.6 -0.8
v -1.2 6.6 -0.9
v -1 6.6 -0.9
v -0.6 6.6 -0.9
v -0.5 6.6 -0.9
v -0.4 6.6 -0.9
v -0.2 6.6 -0.9
v -0.0999999 6.6 -0.9
v -0.6 6.6 -1
v -0.5 6.6 -1
v -0.2 6.6 -1
v -0.0999999 6.6 -1
v -0.2 6.7 -0.1
v -0.0999999 6.7 -0.1
v -0.2 6.7 -0.2
v -0.0999999 6.7 -0.2
v -1.3 6.7 -0.8
v -1.2 6.7 -0.8
v -0.9 6.7 -0.8
v -0.8 6.7 -0.8
v -1.2 6.7 -0.9
v -0.9 6.7 -0.9
v -0.8 6.7 -0.9
v -1.3 6.7 -1
v -0.9 6.7 -1
v -1.1 6.8 0.1
v -1 6.8 0.1
v -0.5 6.8 0.1
v -0.4 6.8 0.1
v -1.1 6.8 0
v -1 6.8 0
v -0.5 6.8 0
v -0.4 6.8 0
v -0.2 6.8 0
v -0.0999999 6.8 0
v -0.5 6.8 -0.1
v -0.4 6.8 -0.1
v -0.3 6.8 -0.1
v -0.2 6.8 -0.1
v -0.0999999 6.8 -0.1
v -0.4 6.8 -0.2
v -0.3 6.8 -0.2
v -0.8 6.8 -0.8
v -0.3 6.8 -0.8
v -0.9 6.8 -0.9
v -0.8 6.8 -0.9
v -0.4 6.8 -0.9
v -0.3 6.8 -0.9
v -0.9 6.8 -1
v -0.4 6.8 -1
v -0.3 6.8 -1
v -0.0999999 6.8 -1
v -0.3 6.8 -1.1
v -0.0999999 6.8 -1.1
v -1.2 6.9 0.1
v -1.1 6.9 0.1
v -1.1 6.9 0
v -1.2 6.9 -0.1
v -1.1 6.9 -0.1
v -0.5 6.9 -0.1
v -0.4 6.9 -0.1
v -0.5 6.9 -0.2
v -0.4 6.9 -0.2
v -0.2 6.9 -0.3
v -0.0999999 6.9 -0.3
v -0.2 6.9 -1
v -0.0999999 6.9 -1
v -0.3 7 0
v -0.0999999 7 0
v -0.3 7 -0.1
v -0.3 7 -0.2
v -0.0999999 7 -0.2
v -0.5 7 -0.8
v -0.3 7 -0.8
v -0.5 7 -0.9
v -0.4 7 -0.9
v -0.3 7 -0.9
v -0.5 7 -1.1
v -0.4 7 -1.1
v -0.7 7.1 -0.5
v -0.6 7.1 -0.5
v -0.7 7.1 -0.6
v -0.6 7.1 -0.6
v -0.6 7.2 -0.7
v -0.5 7.2 -0.7
v -0.6 7.2 -0.8
v -0.5 7.2 -0.8
v -0.5 7.2 -0.9
v -0.4 7.2 -0.9
v -0.5 7.2 -1
v -0.4 7.2 -1
v -2.6 4 -0.5
v -2.5 4 -0.5
v -2.6 4 -0.6
v -2.5 4 -0.6
v -2.4 4.2 -1.2
v -2.3 4.2 -1.2
v -2.4 4.2 -1.3
v -2.3 4.2 -1.3
v -2.3 4.3 -1.2
v -2.2 4.3 -1.2
v -2.3 4.3 -1.3
v -2.2 4.3 -1.3
v -2.3 4.4 0.2
v -1.6 4.4 0.2
v -1.2 4.4 0.2
v -2.3 4.4 0.1
v -1.6 4.4 0.1
v -1.3 4.4 0.1
v -1.3 4.4 -0.3
v -1.2 4.4 -0.3
v -1.3 4.4 -0.8
v -1.2 4.4 -0.8
v -2.3 4.4 -1.1
v -2.2 4.4 -1.1
v -2.3 4.4 -1.2
v -2.2 4.4 -1.2
v -1.6 4.4 -1.2
v -1.3 4.4 -1.2
v -2.2 4.4 -1.3
v -1.6 4.4 -1.3
v -1.2 4.4 -1.3
v -3.2 4.5 0.2
v -2.6 4.5 0.2
v -2.3 4.5 0.2
v -3.1 4.5 0.1
v -3 4.5 0.1
v -2.6 4.5 0.1
v -2.3 4.5 0.1
v -3.2 4.5 -0.1
v -3.1 4.5 -0.1
v -3.2 4.5 -1
v -3.1 4.5 -1
v -2.2 4.5 -1.1
v -2.1 4.5 -1.1
v -3.1 4.5 -1.2
v -3 4.5 -1.2
v -2.6 4.5 -1.2
v -2.4 4.5 -1.2
v -2.2 4.5 -1.2
v -2.1 4.5 -1.2
v -3.2 4.5 -1.3
v -2.6 4.5 -1.3
v -2.4 4.5 -1.3
v -2.1 4.7 -1.2
v -2 4.7 -1.2
v -2.1 4.7 -1.3
v -2 4.7 -1.3
v -2 4.8 -1.2
v -1.9 4.8 -1.2
v -2 4.8 -1.3
v -1.9 4.8 -1.3
v -3.1 4.9 0.2
v -2.9 4.9 0.2
v -3 4.9 0.1
v -2.9 4.9 0.1
v -3 4.9 0
v -3.1 4.9 -0.2
v -3 4.9 -0.2
v -3.1 4.9 -0.9
v -3 4.9 -0.9
v -3 4.9 -1.1
v -1.9 4.9 -1.2
v -1.8 4.9 -1.2
v -3.1 4.9 -1.3
v -3 4.9 -1.3
v -1.9 4.9 -1.3
v -1.8 4.9 -1.3
v -2.9 5 0.2
v -2.8 5 0.2
v -2.5 5 0.2
v -1.7 5 0.2
v -1.5 5 0.2
v -1.1 5 0.2
v -2.9 5 0.1
v -2.8 5 0.1
v -2.5 5 0.1
v -1.7 5 0.1
v -1.5 5 0.1
v -1.2 5 0.1
v -1.2 5 0
v -1.1 5 0
v -1.3 5 -1.1
v -1.2 5 -1.1
v -1.1 5 -1.1
v -2 5 -1.2
v -1.9 5 -1.2
v -1.7 5 -1.2
v -1.5 5 -1.2
v -1.3 5 -1.2
v -1.2 5 -1.2
v -2 5 -1.3
v -1.9 5 -1.3
v -1.7 5 -1.3
v -1.5 5 -1.3
v -1.1 5 -1.3
v -2.5 5.1 0.2
v -1.7 5.1 0.2
v -2.5 5.1 0.1
v -1.7 5.1 0.1
v -2 5.1 -1.1
v -1.9 5.1 -1.1
v -1.8 5.1 -1.1
v -1.7 5.1 -1.1
v -2.3 5.1 -1.2
v -2 5.1 -1.2
v -1.9 5.1 -1.2
v -1.8 5.1 -1.2
v -1.7 5.1 -1.2
v -2.3 5.1 -1.3
v -2 5.1 -1.3
v -1.8 5.1 -1.3
v -1.7 5.1 -1.3
v -3 5.2 0.2
v -2.7 5.2 0.2
v -1.3 5.2 0.2
v -1 5.2 0.2
v -2.9 5.2 0.1
v -2.7 5.2 0.1
v -1.3 5.2 0.1
v -1.2 5.2 0.1
v -1.1 5.2 0.1
v -3 5.2 -0.1
v -2.9 5.2 -0.1
v -1.1 5.2 -0.2
v -1 5.2 -0.2
v -1.1 5.2 -0.9
v -1 5.2 -0.9
v -3 5.2 -1
v -2.9 5.2 -1
v -1.1 5.2 -1
v -1 5.2 -1
v -1.9 5.2 -1.1
v -1.8 5.2 -1.1
v -1.3 5.2 -1.1
v -1.2 5.2 -1.1
v -2.9 5.2 -1.2
v -2.7 5.2 -1.2
v -2.3 5.2 -1.2
v -1.9 5.2 -1.2
v -1.8 5.2 -1.2
v -1.3 5.2 -1.2
v -1.2 5.2 -1.2
v -1.1 5.2 -1.2
v -3 5.2 -1.3
v -2.3 5.2 -1.3
v -1.2 5.2 -1.3
v -1.1 5.2 -1.3
v -1.7 5.3 0.2
v -1.6 5.3 0.2
v -1.7 5.3 0.1
v -1.6 5.3 0.1
v -1.3 5.3 0.1
v -1.2 5.3 0.1
v -1.1 5.3 0.1
v -1.3 5.3 0
v -1.2 5.3 0
v -1.1 5.3 0
v -1.2 5.3 -1
v -1.1 5.3 -1
v -1.2 5.3 -1.1
v -1.2 5.3 -1.2
v -1.1 5.3 -1.2
v -1.6 5.4 0.2
v -1.3 5.4 0.2
v -1.7 5.4 0.1
v -1.6 5.4 0.1
v -1.3 5.4 0.1
v -1.7 5.4 0
v -1.6 5.4 0
v -1 5.4 -0.2
v -0.9 5.4 -0.2
v -1 5.4 -0.4
v -0.9 5.4 -0.4
v -1 5.4 -0.9
v -0.9 5.4 -0.9
v -1 5.4 -1
v -0.9 5.4 -1
v -1.7 5.4 -1.1
v -1.5 5.4 -1.1
v -1.1 5.4 -1.1
v -1 5.4 -1.1
v -1.7 5.4 -1.2
v -1.5 5.4 -1.2
v -1.3 5.4 -1.2
v -1.1 5.4 -1.2
v -0.9 5.4 -1.2
v -1.7 5.4 -1.3
v -1.3 5.4 -1.3
v -1.6 5.5 0.1
v -1.4 5.5 0.1
v -1.2 5.5 0.1
v -1.1 5.5 0.1
v -1 5.5 0.1
v -0.9 5.5 0.1
v -1.6 5.5 0
v -1.4 5.5 0
v -1.2 5.5 0
v -1.1 5.5 0
v -1 5.5 0
v -1 5.5 -0.1
v -0.9 5.5 -0.1
v -1 5.5 -0.2
v -0.9 5.5 -0.2
v -1 5.5 -0.4
v -0.9 5.5 -0.4
v -1 5.5 -0.9
v -0.9 5.5 -0.9
v -1.9 5.5 -1
v -1.4 5.5 -1
v -1.9 5.5 -1.1
v -1.7 5.5 -1.1
v -1.5 5.5 -1.1
v -1.4 5.5 -1.1
v -2.1 5.5 -1.2
v -1.9 5.5 -1.2
v -1.8 5.5 -1.2
v -1.7 5.5 -1.2
v -1.5 5.5 -1.2
v -1.4 5.5 -1.2
v -1.3 5.5 -1.2
v -1.2 5.5 -1.2
v -2.1 5.5 -1.3
v -1.8 5.5 -1.3
v -1.3 5.5 -1.3
v -1.2 5.5 -1.3
v -2.8 5.6 0.2
v -2.7 5.6 0.2
v -1.9 5.6 0.2
v -1.8 5.6 0.2
v -0.8 5.6 0.2
v -0.7 5.6 0.2
v -2.8 5.6 0.1
v -2.7 5.6 0.1
v -1.9 5.6 0.1
v -1.8 5.6 0.1
v -0.8 5.6 0.1
v -0.7 5.6 0.1
v -2.7 5.6 0
v -0.8 5.6 0
v -0.7 5.6 0
v -0.9 5.6 -0.5
v -0.8 5.6 -0.5
v -0.7 5.6 -0.5
v -0.9 5.6 -0.6
v -0.8 5.6 -0.6
v -0.8 5.6 -0.8
v -0.7 5.6 -0.8
v -2.1 5.6 -1
v -2 5.6 -1
v -1.2 5.6 -1
v -1.1 5.6 -1
v -1 5.6 -1
v -2.7 5.6 -1.1
v -2.1 5.6 -1.1
v -2 5.6 -1.1
v -1.9 5.6 -1.1
v -1.3 5.6 -1.1
v -1.2 5.6 -1.1
v -1.1 5.6 -1.1
v -1 5.6 -1.1
v -0.9 5.6 -1.1
v -0.8 5.6 -1.1
v -0.7 5.6 -1.1
v -2.8 5.6 -1.2
v -2.7 5.6 -1.2
v -2.1 5.6 -1.2
v -1.9 5.6 -1.2
v -1.3 5.6 -1.2
v -1.2 5.6 -1.2
v -1.1 5.6 -1.2
v -1 5.6 -1.2
v -0.9 5.6 -1.2
v -0.8 5.6 -1.2
v -0.7 5.6 -1.2
v -2.8 5.6 -1.3
v -2.7 5.6 -1.3
v -1.2 5.6 -1.3
v -1.1 5.6 -1.3
v -0.9 5.6 -1.3
v -0.8 5.6 -1.3
v -2.1 5.7 0.2
v -1.9 5.7 0.2
v -2.1 5.7 0.1
v -1.9 5.7 0.1
v -1.4 5.7 0.1
v -1.2 5.7 0.1
v -0.7 5.7 0.1
v -0.6 5.7 0.1
v -1.4 5.7 0
v -1.2 5.7 0
v -0.8 5.7 0
v -0.7 5.7 0
v -0.6 5.7 0
v -0.8 5.7 -0.4
v -0.7 5.7 -0.4
v -1.5 5.7 -1
v -1.2 5.7 -1
v -0.9 5.7 -1
v -0.8 5.7 -1
v -1.5 5.7 -1.1
v -1.4 5.7 -1.1
v -1.3 5.7 -1.1
v -1.2 5.7 -1.1
v -0.9 5.7 -1.1
v -0.8 5.7 -1.1
v -1.4 5.7 -1.2
v -1.3 5.7 -1.2
v -2.7 5.8 0.2
v -2.6 5.8 0.2
v -2.3 5.8 0.2
v -2.1 5.8 0.2
v -2.3 5.8 0.1
v -2.1 5.8 0.1
v -0.9 5.8 0.1
v -0.8 5.8 0.1
v -0.9 5.8 0
v -0.8 5.8 0
v -2.7 5.8 -0.1
v -2.6 5.8 -0.1
v -1 5.8 -0.8
v -0.9 5.8 -0.8
v -1.1 5.8 -0.9
v -1 5.8 -0.9
v -2.7 5.8 -1
v -2.6 5.8 -1
v -0.9 5.8 -1
v -2.2 5.8 -1.1
v -2.1 5.8 -1.1
v -1.7 5.8 -1.1
v -1.6 5.8 -1.1
v -1.1 5.8 -1.1
v -0.9 5.8 -1.1
v -2.3 5.8 -1.2
v -2.2 5.8 -1.2
v -2.1 5.8 -1.2
v -1.7 5.8 -1.2
v -1.6 5.8 -1.2
v -2.7 5.8 -1.3
v -2.6 5.8 -1.3
v -2.3 5.8 -1.3
v -2.2 5.8 -1.3
v -2.5 5.9 0.2
v -2.3 5.9 0.2
v -1.6 5.9 0.2
v -1.5 5.9 0.2
v -2.4 5.9 0.1
v -2.3 5.9 0.1
v -1.6 5.9 0.1
v -1.5 5.9 0.1
v -1.4 5.9 0.1
v -1.2 5.9 0.1
v -1.1 5.9 0.1
v -1.5 5.9 0
v -1.4 5.9 0
v -1.2 5.9 0
v -1.1 5.9 0
v -2.5 5.9 -0.2
v -0.8 5.9 -0.5
v -0.7 5.9 -0.5
v -0.7 5.9 -0.6
v -0.6 5.9 -0.6
v -0.8 5.9 -0.7
v -0.7 5.9 -0.7
v -0.6 5.9 -0.7
v -2.5 5.9 -0.9
v -1.6 5.9 -0.9
v -1.5 5.9 -0.9
v -1.4 5.9 -0.9
v -1.3 5.9 -0.9
v -0.9 5.9 -0.9
v -0.8 5.9 -0.9
v -1.7 5.9 -1
v -1.6 5.9 -1
v -1.4 5.9 -1
v -1.3 5.9 -1
v -1.2 5.9 -1
v -0.9 5.9 -1
v -0.8 5.9 -1
v -1.7 5.9 -1.1
v -1.5 5.9 -1.1
v -1.3 5.9 -1.1
v -1.2 5.9 -1.1
v -2.4 5.9 -1.2
v -2.3 5.9 -1.2
v -2.5 5.9 -1.3
v -2.3 5.9 -1.3
v -2.6 6 0.2
v -2.5 6 0.2
v -1.7 6 0.2
v -1.6 6 0.2
v -1.7 6 0.1
v -1.6 6 0.1
v -1.1 6 0.1
v -0.9 6 0.1
v -1.1 6 0
v -0.9 6 0
v -0.6 6 -0.1
v -0.5 6 -0.1
v -2.6 6 -0.2
v -2.5 6 -0.2
v -0.7 6 -0.2
v -0.6 6 -0.2
v -0.8 6 -0.3
v -0.7 6 -0.3
v -0.6 6 -0.3
v -0.5 6 -0.3
v -0.8 6 -0.5
v -0.7 6 -0.5
v -2.6 6 -0.9
v -2.5 6 -0.9
v -1.5 6 -1
v -1.4 6 -1
v -1.5 6 -1.1
v -1.4 6 -1.1
v -1.1 6 -1.1
v -1 6 -1.1
v -1.1 6 -1.2
v -1 6 -1.2
v -2.6 6 -1.3
v -2.5 6 -1.3
v -2.4 6.1 0.2
v -2.3 6.1 0.2
v -1.8 6.1 0.2
v -1.7 6.1 0.2
v -2.3 6.1 0.1
v -1.8 6.1 0.1
v -1.7 6.1 0.1
v -1.3 6.1 0.1
v -1.2 6.1 0.1
v -2.4 6.1 0
v -2.3 6.1 0
v -1.3 6.1 0
v -1.2 6.1 0
v -1 6.1 0
v -0.8 6.1 0
v -0.9 6.1 -0.1
v -0.8 6.1 -0.1
v -1 6.1 -0.2
v -0.9 6.1 -0.2
v -2.4 6.1 -0.3
v -2.3 6.1 -0.3
v -1.9 6.1 -1
v -1.6 6.1 -1
v -1.9 6.1 -1.1
v -1.7 6.1 -1.1
v -1.6 6.1 -1.1
v -2 6.1 -1.2
v -1.9 6.1 -1.2
v -1.7 6.1 -1.2
v -1.2 6.1 -1.2
v -1.1 6.1 -1.2
v -1 6.1 -1.2
v -2 6.1 -1.3
v -1.9 6.1 -1.3
v -1.2 6.1 -1.3
v -1 6.1 -1.3
v -1.9 6.2 0.2
v -1.8 6.2 0.2
v -2.3 6.2 0.1
v -2.2 6.2 0.1
v -1.9 6.2 0.1
v -1.8 6.2 0.1
v -0.7 6.2 0
v -0.5 6.2 0
v -2 6.2 -0.1
v -1.9 6.2 -0.1
v -0.7 6.2 -0.1
v -0.5 6.2 -0.1
v -2 6.2 -0.2
v -1.9 6.2 -0.2
v -2.4 6.2 -0.3
v -2.3 6.2 -0.3
v -2.3 6.2 -0.4
v -2.2 6.2 -0.4
v -2 6.2 -0.6
v -1.9 6.2 -0.6
v -2.3 6.2 -0.7
v -2.1 6.2 -0.7
v -2.4 6.2 -0.8
v -2.3 6.2 -0.8
v -2.2 6.2 -0.8
v -2.1 6.2 -0.8
v -2 6.2 -0.8
v -1.9 6.2 -0.8
v -2.3 6.2 -0.9
v -2.2 6.2 -0.9
v -1.8 6.2 -0.9
v -1.7 6.2 -0.9
v -1.8 6.2 -1
v -1.7 6.2 -1
v -1.4 6.2 -1
v -1.3 6.2 -1
v -1.2 6.2 -1
v -1 6.2 -1
v -1.5 6.2 -1.1
v -1.4 6.2 -1.1
v -1.3 6.2 -1.1
v -1.2 6.2 -1.1
v -1.1 6.2 -1.1
v -1 6.2 -1.1
v -0.8 6.2 -1.1
v -0.7 6.2 -1.1
v -1.5 6.2 -1.2
v -1.4 6.2 -1.2
v -1.3 6.2 -1.2
v -1.1 6.2 -1.2
v -0.8 6.2 -1.2
v -0.7 6.2 -1.2
v -2.4 6.2 -1.3
v -2.3 6.2 -1.3
v -2 6.3 0.2
v -1.9 6.3 0.2
v -1.4 6.3 0.2
v -1.2 6.3 0.2
v -2 6.3 0.1
v -1.9 6.3 0.1
v -1.4 6.3 0.1
v -1.2 6.3 0.1
v -2.1 6.3 0
v -2 6.3 0
v -1.9 6.3 0
v -1.8 6.3 0
v -2 6.3 -0.1
v -1.9 6.3 -0.1
v -2 6.3 -0.2
v -1.9 6.3 -0.2
v -1.8 6.3 -0.2
v -2.1 6.3 -0.3
v -2 6.3 -0.3
v -2.3 6.3 -0.4
v -2.2 6.3 -0.4
v -2.1 6.3 -0.4
v -2.2 6.3 -0.5
v -2.1 6.3 -0.5
v -2 6.3 -0.5
v -1.9 6.3 -0.5
v -1.8 6.3 -0.5
v -2.2 6.3 -0.6
v -2.1 6.3 -0.6
v -2 6.3 -0.6
v -1.9 6.3 -0.6
v -1.8 6.3 -0.6
v -1.7 6.3 -0.6
v -2.3 6.3 -0.7
v -2.1 6.3 -0.7
v -1.8 6.3 -0.7
v -1.7 6.3 -0.7
v -2.2 6.3 -0.8
v -2.1 6.3 -0.8
v -2 6.3 -0.8
v -1.9 6.3 -0.8
v -1.8 6.3 -0.8
v -1.7 6.3 -0.8
v -2.3 6.3 -0.9
v -2.2 6.3 -0.9
v -1.8 6.3 -0.9
v -1.7 6.3 -0.9
v -2.3 6.3 -1
v -2.2 6.3 -1
v -2.1 6.3 -1
v -2 6.3 -1
v -1.9 6.3 -1
v -1.8 6.3 -1
v -1 6.3 -1
v -0.9 6.3 -1
v -0.7 6.3 -1
v -0.6 6.3 -1
v -2 6.3 -1.1
v -1.9 6.3 -1.1
v -1 6.3 -1.1
v -0.9 6.3 -1.1
v -0.7 6.3 -1.1
v -0.6 6.3 -1.1
v -2.1 6.3 -1.2
v -2 6.3 -1.2
v -1.9 6.3 -1.2
v -2.1 6.3 -1.3
v -2 6.3 -1.3
v -2.3 6.4 0.2
v -2.2 6.4 0.2
v -2.1 6.4 0.2
v -2 6.4 0.2
v -1.7 6.4 0.2
v -1.4 6.4 0.2
v -0.3 6.4 0.2
v -0.2 6.4 0.2
v -2.2 6.4 0.1
v -2.1 6.4 0.1
v -1.7 6.4 0.1
v -1.5 6.4 0.1
v -1.4 6.4 0.1
v -1.3 6.4 0.1
v -1.1 6.4 0.1
v -1 6.4 0.1
v -0.9 6.4 0.1
v -0.3 6.4 0.1
v -0.2 6.4 0.1
v -2.1 6.4 0
v -2 6.4 0
v -1.3 6.4 0
v -1.1 6.4 0
v -1 6.4 0
v -0.9 6.4 0
v -0.6 6.4 0
v -0.5 6.4 0
v -0.3 6.4 0
v -2.3 6.4 -0.1
v -2.2 6.4 -0.1
v -2.1 6.4 -0.1
v -0.6 6.4 -0.1
v -0.5 6.4 -0.1
v -0.3 6.4 -0.1
v -0.2 6.4 -0.1
v -1.9 6.4 -0.2
v -1.8 6.4 -0.2
v -2.1 6.4 -0.3
v -2 6.4 -0.3
v -2.2 6.4 -0.4
v -2.1 6.4 -0.4
v -1.9 6.4 -0.4
v -1.8 6.4 -0.4
v -1.2 6.4 -0.4
v -1.1 6.4 -0.4
v -2.2 6.4 -0.5
v -2.1 6.4 -0.5
v -2 6.4 -0.5
v -0.3 6.4 -0.5
v -0.2 6.4 -0.5
v -2.2 6.4 -0.6
v -2.1 6.4 -0.6
v -1.2 6.4 -0.6
v -1.1 6.4 -0.6
v -0.3 6.4 -0.6
v -0.2 6.4 -0.6
v -1.8 6.4 -0.7
v -1.7 6.4 -0.7
v -1.8 6.4 -0.8
v -1.7 6.4 -0.8
v -1.6 6.4 -0.8
v -1.8 6.4 -0.9
v -1.7 6.4 -0.9
v -0.7 6.4 -0.9
v -0.5 6.4 -0.9
v -2.3 6.4 -1
v -2.2 6.4 -1
v -2 6.4 -1
v -1.9 6.4 -1
v -1.8 6.4 -1
v -1.7 6.4 -1
v -1.6 6.4 -1
v -1.5 6.4 -1
v -1.3 6.4 -1
v -1.2 6.4 -1
v -0.9 6.4 -1
v -0.8 6.4 -1
v -0.7 6.4 -1
v -0.5 6.4 -1
v -0.3 6.4 -1
v -0.2 6.4 -1
v -2 6.4 -1.1
v -1.9 6.4 -1.1
v -1.8 6.4 -1.1
v -1.7 6.4 -1.1
v -1.6 6.4 -1.1
v -1.5 6.4 -1.1
v -1.3 6.4 -1.1
v -1.2 6.4 -1.1
v -0.9 6.4 -1.1
v -0.8 6.4 -1.1
v -0.3 6.4 -1.1
v -0.2 6.4 -1.1
v -2.2 6.4 -1.2
v -2.1 6.4 -1.2
v -2 6.4 -1.2
v -1.6 6.4 -1.2
v -1.5 6.4 -1.2
v -1.4 6.4 -1.2
v -1.3 6.4 -1.2
v -0.9 6.4 -1.2
v -0.8 6.4 -1.2
v -2.3 6.4 -1.3
v -2.1 6.4 -1.3
v -1.5 6.4 -1.3
v -1.4 6.4 -1.3
v -2.2 6.5 0.2
v -2.1 6.5 0.2
v -1.9 6.5 0.2
v -1.8 6.5 0.2
v -1.7 6.5 0.2
v -2.2 6.5 0.1
v -2.1 6.5 0.1
v -1.9 6.5 0.1
v -1.8 6.5 0.1
v -1.7 6.5 0.1
v -1.4 6.5 0.1
v -1.3 6.5 0.1
v -0.9 6.5 0.1
v -0.8 6.5 0.1
v -0.5 6.5 0.1
v -0.4 6.5 0.1
v -1.5 6.5 0
v -1.4 6.5 0
v -1.3 6.5 0
v -1.2 6.5 0
v -0.9 6.5 0
v -0.8 6.5 0
v -0.6 6.5 0
v -0.5 6.5 0
v -0.4 6.5 0
v -0.3 6.5 0
v -2.2 6.5 -0.1
v -2.1 6.5 -0.1
v -1.2 6.5 -0.1
v -1.1 6.5 -0.1
v -0.8 6.5 -0.1
v -0.6 6.5 -0.1
v -0.4 6.5 -0.1
v -0.3 6.5 -0.1
v -0.0999999 6.5 -0.1
v -1.6 6.5 -0.2
v -1.5 6.5 -0.2
v -0.3 6.5 -0.2
v -0.2 6.5 -0.2
v -0.0999999 6.5 -0.2
v -1.9 6.5 -0.4
v -1.8 6.5 -0.4
v -1.7 6.5 -0.4
v -1.5 6.5 -0.4
v -1.4 6.5 -0.4
v -1.2 6.5 -0.4
v -1.1 6.5 -0.4
v -1.9 6.5 -0.5
v -1.8 6.5 -0.5
v -1.7 6.5 -0.5
v -1.6 6.5 -0.5
v -1.5 6.5 -0.5
v -1.8 6.5 -0.6
v -1.6 6.5 -0.6
v -1.5 6.5 -0.6
v -1.4 6.5 -0.6
v -1.3 6.5 -0.6
v -1.2 6.5 -0.6
v -1.4 6.5 -0.7
v -1.3 6.5 -0.7
v -1.2 6.5 -0.8
v -1 6.5 -0.8
v -0.5 6.5 -0.8
v -0.4 6.5 -0.8
v -1.5 6.5 -0.9
v -1.4 6.5 -0.9
v -1.2 6.5 -0.9
v -1 6.5 -0.9
v -0.9 6.5 -0.9
v -0.8 6.5 -0.9
v -0.7 6.5 -0.9
v -0.5 6.5 -0.9
v -1.8 6.5 -1
v -1.7 6.5 -1
v -1.5 6.5 -1
v -1.4 6.5 -1
v -1.3 6.5 -1
v -0.9 6.5 -1
v -0.7 6.5 -1
v -0.5 6.5 -1
v -0.4 6.5 -1
v -1.5 6.5 -1.1
v -1.3 6.5 -1.1
v -0.8 6.5 -1.1
v -0.7 6.5 -1.1
v -1.8 6.5 -1.2
v -1.7 6.5 -1.2
v -1.5 6.6 0.2
v -1.4 6.6 0.2
v -1.8 6.6 0.1
v -1.7 6.6 0.1
v -1.6 6.6 0.1
v -1.5 6.6 0.1
v -1.4 6.6 0.1
v -1.3 6.6 0.1
v -1.1 6.6 0.1
v -1.8 6.6 0
v -1.6 6.6 0
v -1.5 6.6 0
v -1.4 6.6 0
v -1.3 6.6 0
v -1.2 6.6 0
v -1.1 6.6 0
v -1 6.6 0
v -0.5 6.6 0
v -0.4 6.6 0
v -1.9 6.6 -0.1
v -1.6 6.6 -0.1
v -1.2 6.6 -0.1
v -1.1 6.6 -0.1
v -1 6.6 -0.1
v -0.5 6.6 -0.1
v -0.4 6.6 -0.1
v -1.8 6.6 -0.2
v -1.7 6.6 -0.2
v -1.6 6.6 -0.2
v -1.5 6.6 -0.2
v -0.5 6.6 -0.2
v -0.4 6.6 -0.2
v -1.9 6.6 -0.3
v -1.8 6.6 -0.3
v -1.7 6.6 -0.4
v -1.5 6.6 -0.4
v -1.4 6.6 -0.4
v -1.7 6.6 -0.5
v -1.6 6.6 -0.5
v -1.5 6.6 -0.5
v -1.1 6.6 -0.5
v -1 6.6 -0.5
v -1.8 6.6 -0.6
v -1.6 6.6 -0.6
v -1.5 6.6 -0.6
v -1.4 6.6 -0.6
v -1.3 6.6 -0.6
v -1.2 6.6 -0.6
v -1.1 6.6 -0.6
v -1 6.6 -0.6
v -1.8 6.6 -0.7
v -1.7 6.6 -0.7
v -1.4 6.6 -0.7
v -1.3 6.6 -0.7
v -1.2 6.6 -0.7
v -1.3 6.6 -0.8
v -1.2 6.6 -0.8
v -0.9 6.6 -0.8
v -0.8 6.6 -0.8
v -1.5 6.6 -0.9
v -1.4 6.6 -0.9
v -1.2 6.6 -0.9
v -0.9 6.6 -0.9
v -0.8 6.6 -0.9
v -1.7 6.6 -1
v -1.6 6.6 -1
v -1.4 6.6 -1
v -0.7 6.6 -1
v -0.6 6.6 -1
v -0.4 6.6 -1
v -0.3 6.6 -1
v -0.9 6.6 -1.1
v -0.8 6.6 -1.1
v -0.7 6.6 -1.1
v -0.6 6.6 -1.1
v -0.4 6.6 -1.1
v -0.3 6.6 -1.1
v -1.7 6.7 0.2
v -1.5 6.7 0.2
v -1.3 6.7 0.2
v -1.1 6.7 0.2
v -2 6.7 0.1
v -1.9 6.7 0.1
v -1.7 6.7 0.1
v -1.5 6.7 0.1
v -1.3 6.7 0.1
v -1.1 6.7 0.1
v -1 6.7 0.1
v -0.9 6.7 0.1
v -1.9 6.7 0
v -1.7 6.7 0
v -1.6 6.7 0
v -1 6.7 0
v -0.9 6.7 0
v -0.8 6.7 0
v -0.6 6.7 0
v -2 6.7 -0.1
v -1.9 6.7 -0.1
v -1.7 6.7 -0.1
v -1.6 6.7 -0.1
v -1.1 6.7 -0.1
v -1 6.7 -0.1
v -0.7 6.7 -0.1
v -0.6 6.7 -0.1
v -0.5 6.7 -0.1
v -0.4 6.7 -0.1
v -0.3 6.7 -0.1
v -1.8 6.7 -0.2
v -1.7 6.7 -0.2
v -1.1 6.7 -0.2
v -0.9 6.7 -0.2
v -0.8 6.7 -0.2
v -0.7 6.7 -0.2
v -0.6 6.7 -0.2
v -0.5 6.7 -0.2
v -0.4 6.7 -0.2
v -0.3 6.7 -0.2
v -1.2 6.7 -0.3
v -1.1 6.7 -0.3
v -0.9 6.7 -0.3
v -0.8 6.7 -0.3
v -1.8 6.7 -0.4
v -1.7 6.7 -0.4
v -1.2 6.7 -0.4
v -1.1 6.7 -0.4
v -1 6.7 -0.4
v -0.9 6.7 -0.4
v -1.1 6.7 -0.5
v -1 6.7 -0.5
v -0.8 6.7 -0.6
v -0.7 6.7 -0.6
v -0.8 6.7 -0.7
v -0.7 6.7 -0.7
v -0.8 6.7 -0.8
v -0.3 6.7 -0.8
v -0.8 6.7 -0.9
v -0.6 6.7 -0.9
v -0.5 6.7 -0.9
v -0.4 6.7 -0.9
v -0.6 6.7 -1
v -0.5 6.7 -1
v -0.4 6.7 -1
v -0.3 6.7 -1
v -0.0999999 6.7 -1
v -0.3 6.7 -1.1
v -0.2 6.7 -1.1
v -0.0999999 6.7 -1.1
v -0.2 6.7 -1.2
v -0.0999999 6.7 -1.2
v -1.9 6.8 0.1
v -1.8 6.8 0.1
v -1.9 6.8 0
v -1.8 6.8 0
v -1.7 6.8 0
v -0.9 6.8 0
v -0.8 6.8 0
v -1.9 6.8 -0.1
v -1.7 6.8 -0.1
v -0.7 6.8 -0.1
v -0.6 6.8 -0.1
v -1.1 6.8 -0.2
v -0.9 6.8 -0.2
v -0.8 6.8 -0.2
v -0.7 6.8 -0.2
v -0.6 6.8 -0.2
v -0.3 6.8 -0.2
v -0.2 6.8 -0.2
v -0.0999999 6.8 -0.2
v -1.1 6.8 -0.3
v -0.9 6.8 -0.3
v -0.8 6.8 -0.3
v -0.3 6.8 -0.3
v -0.2 6.8 -0.3
v -1 6.8 -0.4
v -0.9 6.8 -0.4
v -0.8 6.8 -0.4
v -0.7 6.8 -0.4
v -0.9 6.8 -0.5
v -0.8 6.8 -0.5
v -1.2 6.8 -0.6
v -1 6.8 -0.6
v -0.9 6.8 -0.6
v -0.8 6.8 -0.6
v -0.7 6.8 -0.6
v -0.6 6.8 -0.6
v -1.2 6.8 -0.7
v -1.1 6.8 -0.7
v -1 6.8 -0.7
v -0.8 6.8 -0.7
v -0.7 6.8 -0.7
v -0.6 6.8 -0.7
v -1.3 6.8 -0.8
v -1.1 6.8 -0.8
v -1 6.8 -0.8
v -0.9 6.8 -0.8
v -0.8 6.8 -0.8
v -0.7 6.8 -0.8
v -1.3 6.8 -1
v -0.9 6.8 -1
v -0.2 6.8 -1
v -0.0999999 6.8 -1
v -1.1 6.9 0.1
v -1 6.9 0.1
v -1.1 6.9 0
v -1 6.9 0
v -0.5 6.9 0
v -0.4 6.9 0
v -0.2 6.9 0
v -0.0999999 6.9 0
v -0.5 6.9 -0.1
v -0.4 6.9 -0.1
v -0.7 6.9 -0.2
v -0.6 6.9 -0.2
v -0.5 6.9 -0.2
v -0.3 6.9 -0.2
v -0.2 6.9 -0.2
v -0.0999999 6.9 -0.2
v -0.5 6.9 -0.3
v -0.4 6.9 -0.3
v -0.3 6.9 -0.3
v -0.8 6.9 -0.4
v -0.7 6.9 -0.4
v -0.6 6.9 -0.4
v -0.4 6.9 -0.4
v -0.3 6.9 -0.4
v -0.9 6.9 -0.5
v -0.8 6.9 -0.5
v -0.9 6.9 -0.6
v -0.7 6.9 -0.6
v -1.3 6.9 -0.7
v -1.1 6.9 -0.7
v -1 6.9 -0.7
v -0.8 6.9 -0.7
v -0.7 6.9 -0.7
v -0.6 6.9 -0.7
v -1.3 6.9 -0.8
v -1.1 6.9 -0.8
v -1 6.9 -0.8
v -0.9 6.9 -0.8
v -0.8 6.9 -0.8
v -0.7 6.9 -0.8
v -0.5 6.9 -0.8
v -0.3 6.9 -0.8
v -0.6 6.9 -0.9
v -0.5 6.9 -0.9
v -0.4 6.9 -0.9
v -0.3 6.9 -0.9
v -0.9 6.9 -1
v -0.4 6.9 -1
v -0.3 6.9 -1
v -0.0999999 6.9 -1
v -0.3 6.9 -1.1
v -0.0999999 6.9 -1.1
v -1.2 7 0.1
v -1.1 7 0.1
v -0.5 7 0.1
v -0.4 7 0.1
v -0.5 7 0
v -0.4 7 0
v -1.2 7 -0.1
v -1.1 7 -0.1
v -0.5 7 -0.1
v -0.3 7 -0.1
v -0.6 7 -0.2
v -0.5 7 -0.2
v -0.3 7 -0.2
v -0.6 7 -0.3
v -0.5 7 -0.3
v -0.4 7 -0.3
v -0.3 7 -0.3
v -0.0999999 7 -0.3
v -0.5 7 -0.4
v -0.4 7 -0.4
v -0.3 7 -0.4
v -0.0999999 7 -0.4
v -0.7 7 -0.5
v -0.6 7 -0.5
v -0.7 7 -0.6
v -0.6 7 -0.6
v -0.4 7 -0.6
v -0.6 7 -0.7
v -0.5 7 -0.7
v -0.4 7 -0.7
v -0.0999999 7 -0.7
v -0.6 7 -0.8
v -0.5 7 -0.8
v -0.3 7 -0.8
v -0.2 7 -0.8
v -0.0999999 7 -0.8
v -0.6 7 -0.9
v -0.5 7 -0.9
v -0.3 7 -0.9
v -0.2 7 -0.9
v -0.3 7.1 0
v -0.0999999 7.1 0
v -0.3 7.1 -0.2
v -0.0999999 7.1 -0.2
v -0.6 7.1 -0.3
v -0.5 7.1 -0.3
v -0.7 7.1 -0.4
v -0.6 7.1 -0.4
v -0.5 7.1 -0.4
v -0.0999999 7.1 -0.4
v -0.7 7.1 -0.5
v -0.6 7.1 -0.5
v -0.5 7.1 -0.5
v -0.6 7.1 -0.6
v -0.4 7.1 -0.6
v -0.6 7.1 -0.7
v -0.5 7.1 -0.7
v -0.4 7.1 -0.7
v -0.0999999 7.1 -0.7
v -0.6 7.1 -0.8
v -0.5 7.1 -0.8
v -0.2 7.1 -0.8
v -0.0999999 7.1 -0.8
v -0.5 7.1 -0.9
v -0.4 7.1 -0.9
v -0.3 7.1 -0.9
v -0.2 7.1 -0.9
v -0.3 7.1 -1
v -0.0999999 7.1 -1
v -0.5 7.1 -1.1
v -0.4 7.1 -1.1
v -0.6 7.2 -0.4
v -0.5 7.2 -0.4
v -0.7 7.2 -0.5
v -0.6 7.2 -0.5
v -0.5 7.2 -0.5
v -0.7 7.2 -0.6
v -0.6 7.2 -0.6
v -0.4 7.2 -0.8
v -0.3 7.2 -0.8
v -0.4 7.2 -0.9
v -0.3 7.2 -0.9
v -0.6 7.3 -0.7
v -0.5 7.3 -0.7
v -0.6 7.3 -0.8
v -0.5 7.3 -0.8
v -0.4 7.3 -0.8
v -0.5 7.3 -1
v -0.4 7.3 -1

# faces
f 3/3/1 2/3/1 1/3/1
f 4/3/1 2/3/1 3/3/1
f 5/3/1 2/3/1 4/3/1
f 6/3/1 2/3/1 5/3/1
f 7/1/1 4/1/1 3/1/1
f 7/3/1 5/3/1 4/3/1
f 8/3/1 5/3/1 7/3/1
f 9/3/1 5/3/1 8/3/1
f 10/1/1 6/1/1 5/1/1
f 10/3/1 5/3/1 9/3/1
f 11/3/1 9/3/1 8/3/1
f 11/1/1 8/1/1 7/1/1
f 12/3/1 9/3/1 11/3/1
f 13/3/1 9/3/1 12/3/1
f 14/1/1 10/1/1 9/1/1
f 14/3/1 9/3/1 13/3/1
f 15/1/1 7/1/1 3/1/1
f 15/1/1 11/1/1 7/1/1
f 15/1/1 12/1/1 11/1/1
f 16/3/1 13/3/1 12/3/1
f 16/1/1 12/1/1 15/1/1
f 17/1/1 14/1/1 13/1/1
f 17/3/1 13/3/1 16/3/1
f 18/1/1 6/1/1 10/1/1
f 18/1/1 14/1/1 17/1/1
f 18/1/1 10/1/1 14/1/1
f 21/2/1 20/2/1 19/2/1
f 22/2/1 20/2/1 21/2/1
f 25/3/1 24/3/1 23/3/1
f 26/3/1 24/3/1 25/3/1
f 27/3/1 24/3/1 26/3/1
f 28/3/1 24/3/1 27/3/1
f 29/1/1 26/1/1 25/1/1
f 30/3/1 27/3/1 26/3/1
f 30/1/1 26/1/1 29/1/1
f 31/1/1 28/1/1 27/1/1
f 31/3/1 27/3/1 30/3/1
f 32/1/1 28/1/1 31/1/1
f 35/2/1 34/2/1 33/2/1
f 36/2/1 34/2/1 35/2/1
f 44/1/1 38/1/1 37/1/1
f 45/3/1 41/3/1 40/3/1
f 45/3/1 39/3/1 38/3/1
f 45/1/1 38/1/1 44/1/1
f 45/3/1 40/3/1 39/3/1
f 46/3/1 41/3/1 45/3/1
f 47/3/1 41/3/1 46/3/1
f 48/1/1 42/1/1 41/1/1
f 48/3/1 41/3/1 47/3/1
f 49/1/1 44/1/1 43/1/1
f 49/1/1 45/1/1 44/1/1
f 49/1/1 46/1/1 45/1/1
f 50/3/1 47/3/1 46/3/1
f 50/1/1 46/1/1 49/1/1
f 51/1/1 48/1/1 47/1/1
f 51/3/1 47/3/1 50/3/1
f 52/1/1 42/1/1 48/1/1
f 52/1/1 48/1/1 51/1/1
f 55/1/1 54/1/1 53/1/1
f 56/1/1 54/1/1 55/1/1
f 61/1/1 58/1/1 57/1/1
f 62/3/1 59/3/1 58/3/1
f 62/1/1 58/1/1 61/1/1
f 63/1/1 60/1/1 59/1/1
f 63/3/1 59/3/1 62/3/1
f 64/1/1 60/1/1 63/1/1
f 67/2/1 66/2/1 65/2/1
f 68/2/1 66/2/1 67/2/1
f 75/1/1 70/1/1 69/1/1
f 75/1/1 71/1/1 70/1/1
f 75/3/1 72/3/1 71/3/1
f 76/3/1 72/3/1 75/3/1
f 77/3/1 72/3/1 76/3/1
f 78/1/1 73/1/1 72/1/1
f 78/3/1 72/3/1 77/3/1
f 78/1/1 74/1/1 73/1/1
f 79/1/1 76/1/1 75/1/1
f 79/1/1 75/1/1 69/1/1
f 80/3/1 77/3/1 76/3/1
f 80/1/1 76/1/1 79/1/1
f 81/1/1 78/1/1 77/1/1
f 81/3/1 77/3/1 80/3/1
f 82/1/1 74/1/1 78/1/1
f 82/1/1 78/1/1 81/1/1
f 87/1/1 84/1/1 83/1/1
f 87/3/1 85/3/1 84/3/1
f 88/3/1 85/3/1 87/3/1
f 89/3/1 85/3/1 88/3/1
f 90/1/1 86/1/1 85/1/1
f 90/3/1 85/3/1 89/3/1
f 91/1/1 87/1/1 83/1/1
f 91/1/1 88/1/1 87/1/1
f 92/3/1 89/3/1 88/3/1
f 92/1/1 88/1/1 91/1/1
f 93/1/1 90/1/1 89/1/1
f 93/3/1 89/3/1 92/3/1
f 94/1/1 86/1/1 90/1/1
f 94/1/1 90/1/1 93/1/1
f 97/5/1 96/5/1 95/5/1
f 98/5/1 96/5/1 97/5/1
f 101/3/1 100/3/1 99/3/1
f 102/3/1 100/3/1 101/3/1
f 107/3/1 104/3/1 103/3/1
f 108/3/1 104/3/1 107/3/1
f 109/3/1 106/3/1 105/3/1
f 110/3/1 106/3/1 109/3/1
f 114/2/1 112/2/1 111/2/1
f 115/2/1 112/2/1 114/2/1
f 116/2/1 112/2/1 115/2/1
f 117/2/1 112/2/1 116/2/1
f 119/1/1 114/1/1 113/1/1
f 119/1/1 115/1/1 114/1/1
f 120/3/1 116/3/1 115/3/1
f 120/1/1 115/1/1 119/1/1
f 121/3/1 116/3/1 120/3/1
f 122/3/1 116/3/1 121/3/1
f 123/1/1 118/1/1 117/1/1
f 123/3/1 116/3/1 122/3/1
f 123/1/1 117/1/1 116/1/1
f 124/3/1 122/3/1 121/3/1
f 125/1/1 123/1/1 122/1/1
f 125/3/1 122/3/1 124/3/1
f 126/1/1 118/1/1 123/1/1
f 126/1/1 123/1/1 125/1/1
f 129/3/1 128/3/1 127/3/1
f 130/3/1 128/3/1 129/3/1
f 135/1/1 132/1/1 131/1/1
f 135/3/1 134/3/1 133/3/1
f 135/3/1 133/3/1 132/3/1
f 136/3/1 134/3/1 135/3/1
f 141/1/1 135/1/1 131/1/1
f 143/3/1 138/3/1 137/3/1
f 144/3/1 138/3/1 143/3/1
f 145/1/1 140/1/1 139/1/1
f 146/1/1 140/1/1 145/1/1
f 147/1/1 142/1/1 141/1/1
f 147/1/1 141/1/1 131/1/1
f 148/1/1 142/1/1 147/1/1
f 149/1/1 140/1/1 146/1/1
f 150/1/1 140/1/1 149/1/1
f 154/3/1 152/3/1 151/3/1
f 155/3/1 152/3/1 154/3/1
f 156/2/1 154/2/1 153/2/1
f 157/2/1 154/2/1 156/2/1
f 162/1/1 159/1/1 158/1/1
f 163/1/1 159/1/1 162/1/1
f 164/1/1 161/1/1 160/1/1
f 165/1/1 161/1/1 164/1/1
f 170/3/1 167/3/1 166/3/1
f 171/3/1 167/3/1 170/3/1
f 172/3/1 167/3/1 171/3/1
f 175/3/1 169/3/1 168/3/1
f 176/3/1 169/3/1 175/3/1
f 179/3/1 172/3/1 171/3/1
f 180/3/1 172/3/1 179/3/1
f 181/3/1 174/3/1 173/3/1
f 182/3/1 174/3/1 181/3/1
f 183/1/1 178/1/1 177/1/1
f 184/3/1 179/3/1 178/3/1
f 184/1/1 178/1/1 183/1/1
f 185/3/1 179/3/1 184/3/1
f 188/2/1 187/2/1 186/2/1
f 189/2/1 187/2/1 188/2/1
f 191/3/1 190/3/1 189/3/1
f 192/3/1 190/3/1 191/3/1
f 195/3/1 194/3/1 193/3/1
f 196/3/1 194/3/1 195/3/1
f 201/5/1 198/5/1 197/5/1
f 202/5/1 198/5/1 201/5/1
f 203/3/1 200/3/1 199/3/1
f 204/3/1 200/3/1 203/3/1
f 207/3/1 206/3/1 205/3/1
f 208/3/1 206/3/1 207/3/1
f 211/3/1 210/3/1 209/3/1
f 212/3/1 210/3/1 211/3/1
f 217/5/1 214/5/1 213/5/1
f 218/5/1 214/5/1 217/5/1
f 220/3/1 216/3/1 215/3/1
f 221/3/1 216/3/1 220/3/1
f 222/2/1 219/2/1 218/2/1
f 223/2/1 219/2/1 222/2/1
f 226/3/1 225/3/1 224/3/1
f 227/3/1 225/3/1 226/3/1
f 230/3/1 229/3/1 228/3/1
f 231/3/1 229/3/1 230/3/1
f 232/1/1 231/1/1 230/1/1
f 233/1/1 231/1/1 232/1/1
f 236/3/1 235/3/1 234/3/1
f 237/3/1 235/3/1 236/3/1
f 240/2/1 239/2/1 238/2/1
f 241/2/1 239/2/1 240/2/1
f 248/5/1 243/5/1 242/5/1
f 249/5/1 243/5/1 248/5/1
f 251/5/1 245/5/1 244/5/1
f 252/5/1 245/5/1 251/5/1
f 254/2/1 247/2/1 246/2/1
f 255/2/1 247/2/1 254/2/1
f 256/5/1 250/5/1 249/5/1
f 257/5/1 250/5/1 256/5/1
f 258/5/1 250/5/1 257/5/1
f 259/1/1 254/1/1 253/1/1
f 260/3/1 255/3/1 254/3/1
f 260/1/1 254/1/1 259/1/1
f 260/3/1 256/3/1 255/3/1
f 261/3/1 256/3/1 260/3/1
f 262/3/1 256/3/1 261/3/1
f 264/3/1 258/3/1 257/3/1
f 265/3/1 258/3/1 264/3/1
f 266/3/1 263/3/1 262/3/1
f 266/3/1 262/3/1 261/3/1
f 267/3/1 263/3/1 266/3/1
f 271/1/1 269/1/1 268/1/1
f 272/3/1 270/3/1 269/3/1
f 272/1/1 269/1/1 271/1/1
f 273/3/1 270/3/1 272/3/1
f 276/3/1 275/3/1 274/3/1
f 277/3/1 275/3/1 276/3/1
f 278/3/1 275/3/1 277/3/1
f 281/3/1 280/3/1 279/3/1
f 282/3/1 280/3/1 281/3/1
f 293/3/1 284/3/1 283/3/1
f 294/3/1 284/3/1 293/3/1
f 295/5/1 286/5/1 285/5/1
f 296/5/1 286/5/1 295/5/1
f 298/5/1 288/5/1 287/5/1
f 299/5/1 290/5/1 289/5/1
f 300/5/1 290/5/1 299/5/1
f 301/5/1 292/5/1 291/5/1
f 302/5/1 292/5/1 301/5/1
f 305/5/1 297/5/1 296/5/1
f 306/5/1 297/5/1 305/5/1
f 307/5/1 297/5/1 306/5/1
f 308/5/1 288/5/1 298/5/1
f 309/5/1 288/5/1 308/5/1
f 311/5/1 304/5/1 303/5/1
f 311/5/1 303/5/1 302/5/1
f 312/5/1 304/5/1 311/5/1
f 314/3/1 307/3/1 306/3/1
f 315/3/1 310/3/1 309/3/1
f 316/3/1 310/3/1 315/3/1
f 317/3/1 314/3/1 313/3/1
f 318/3/1 307/3/1 314/3/1
f 318/3/1 314/3/1 317/3/1
f 323/2/1 320/2/1 319/2/1
f 325/3/1 322/3/1 321/3/1
f 326/3/1 322/3/1 325/3/1
f 327/2/1 323/2/1 319/2/1
f 328/3/1 324/3/1 323/3/1
f 328/2/1 323/2/1 327/2/1
f 329/3/1 324/3/1 328/3/1
f 330/3/1 324/3/1 329/3/1
f 333/3/1 332/3/1 331/3/1
f 334/3/1 332/3/1 333/3/1
f 338/2/1 337/2/1 336/2/1
f 338/5/1 336/5/1 335/5/1
f 339/2/1 337/2/1 338/2/1
f 340/5/1 338/5/1 335/5/1
f 341/5/1 338/5/1 340/5/1
f 346/3/1 343/3/1 342/3/1
f 347/3/1 343/3/1 346/3/1
f 351/5/1 345/5/1 344/5/1
f 352/5/1 345/5/1 351/5/1
f 354/5/1 349/5/1 348/5/1
f 355/5/1 351/5/1 350/5/1
f 356/5/1 351/5/1 355/5/1
f 357/5/1 353/5/1 352/5/1
f 358/5/1 353/5/1 357/5/1
f 363/5/1 354/5/1 348/5/1
f 363/5/1 355/5/1 354/5/1
f 364/5/1 355/5/1 363/5/1
f 365/5/1 355/5/1 364/5/1
f 367/3/1 360/3/1 359/3/1
f 368/3/1 362/3/1 361/3/1
f 369/3/1 362/3/1 368/3/1
f 370/3/1 366/3/1 365/3/1
f 370/3/1 365/3/1 364/3/1
f 371/3/1 366/3/1 370/3/1
f 372/3/1 367/3/1 359/3/1
f 373/3/1 367/3/1 372/3/1
f 376/3/1 375/3/1 374/3/1
f 377/3/1 375/3/1 376/3/1
f 379/2/1 378/2/1 377/2/1
f 380/2/1 378/2/1 379/2/1
f 383/5/1 382/5/1 381/5/1
f 385/5/1 383/5/1 381/5/1
f 386/2/1 384/2/1 383/2/1
f 386/5/1 383/5/1 385/5/1
f 389/2/1 384/2/1 386/2/1
f 390/2/1 384/2/1 389/2/1
f 393/5/1 388/5/1 387/5/1
f 394/5/1 388/5/1 393/5/1
f 395/5/1 392/5/1 391/5/1
f 396/5/1 392/5/1 395/5/1
f 399/2/1 398/2/1 397/2/1
f 400/2/1 398/2/1 399/2/1
f 403/5/1 402/5/1 401/5/1
f 404/5/1 402/5/1 403/5/1
f 407/5/1 406/5/1 405/5/1
f 408/5/1 406/5/1 407/5/1
f 409/5/1 407/5/1 405/5/1
f 410/5/1 407/5/1 409/5/1
f 413/2/1 412/2/1 411/2/1
f 414/2/1 412/2/1 413/2/1
f 419/3/1 416/3/1 415/3/1
f 420/3/1 416/3/1 419/3/1
f 423/5/1 418/5/1 417/5/1
f 424/5/1 418/5/1 423/5/1
f 425/5/1 422/5/1 421/5/1
f 426/5/1 422/5/1 425/5/1
f 432/2/1 428/2/1 427/2/1
f 433/2/1 428/2/1 432/2/1
f 434/5/1 430/5/1 429/5/1
f 435/2/1 431/2/1 430/2/1
f 435/5/1 430/5/1 434/5/1
f 436/2/1 431/2/1 435/2/1
f 437/2/1 431/2/1 436/2/1
f 440/3/1 439/3/1 438/3/1
f 441/3/1 439/3/1 440/3/1
f 444/5/1 443/5/1 442/5/1
f 445/5/1 443/5/1 444/5/1
f 448/4/1 447/4/1 446/4/1
f 449/4/1 447/4/1 448/4/1
f 452/3/1 451/3/1 450/3/1
f 453/3/1 451/3/1 452/3/1
f 457/5/1 455/5/1 454/5/1
f 458/5/1 455/5/1 457/5/1
f 459/5/1 457/5/1 456/5/1
f 460/5/1 457/5/1 459/5/1
f 462/5/1 461/5/1 460/5/1
f 463/5/1 461/5/1 462/5/1
f 466/2/1 464/2/1 463/2/1
f 467/2/1 464/2/1 466/2/1
f 468/5/1 466/5/1 465/5/1
f 469/5/1 466/5/1 468/5/1
f 475/2/1 471/2/1 470/2/1
f 476/2/1 471/2/1 475/2/1
f 477/5/1 473/5/1 472/5/1
f 478/5/1 473/5/1 477/5/1
f 480/3/1 475/3/1 474/3/1
f 481/3/1 475/3/1 480/3/1
f 482/5/1 479/5/1 478/5/1
f 484/5/1 483/5/1 482/5/1
f 484/5/1 482/5/1 478/5/1
f 485/5/1 483/5/1 484/5/1
f 486/5/1 484/5/1 478/5/1
f 487/5/1 484/5/1 486/5/1
f 491/4/1 489/4/1 488/4/1
f 492/4/1 489/4/1 491/4/1
f 493/3/1 491/3/1 490/3/1
f 494/3/1 491/3/1 493/3/1
f 497/3/1 496/3/1 495/3/1
f 498/3/1 496/3/1 497/3/1
f 503/5/1 500/5/1 499/5/1
f 504/5/1 500/5/1 503/5/1
f 505/2/1 502/2/1 501/2/1
f 506/2/1 502/2/1 505/2/1
f 510/5/1 508/5/1 507/5/1
f 511/2/1 509/2/1 508/2/1
f 511/5/1 508/5/1 510/5/1
f 512/2/1 509/2/1 511/2/1
f 514/2/1 512/2/1 511/2/1
f 515/3/1 513/3/1 512/3/1
f 515/2/1 512/2/1 514/2/1
f 516/3/1 513/3/1 515/3/1
f 519/5/1 518/5/1 517/5/1
f 520/5/1 518/5/1 519/5/1
f 527/5/1 522/5/1 521/5/1
f 528/5/1 522/5/1 527/5/1
f 529/5/1 526/5/1 525/5/1
f 530/5/1 526/5/1 529/5/1
f 531/5/1 524/5/1 523/5/1
f 532/5/1 524/5/1 531/5/1
f 535/3/1 534/3/1 533/3/1
f 536/3/1 534/3/1 535/3/1
f 541/4/1 538/4/1 537/4/1
f 542/4/1 538/4/1 541/4/1
f 543/4/1 540/4/1 539/4/1
f 544/4/1 540/4/1 543/4/1
f 545/4/1 540/4/1 544/4/1
f 548/3/1 547/3/1 546/3/1
f 549/3/1 547/3/1 548/3/1
f 552/2/1 551/2/1 550/2/1
f 553/2/1 551/2/1 552/2/1
f 556/2/1 555/2/1 554/2/1
f 557/2/1 555/2/1 556/2/1
f 561/5/1 559/5/1 558/5/1
f 562/5/1 561/5/1 560/5/1
f 563/5/1 561/5/1 562/5/1
f 564/5/1 559/5/1 561/5/1
f 564/5/1 561/5/1 563/5/1
f 565/5/1 559/5/1 564/5/1
f 566/5/1 559/5/1 565/5/1
f 567/5/1 563/5/1 562/5/1
f 568/5/1 563/5/1 567/5/1
f 569/5/1 563/5/1 568/5/1
f 570/5/1 565/5/1 564/5/1
f 571/5/1 565/5/1 570/5/1
f 574/5/1 569/5/1 568/5/1
f 575/5/1 569/5/1 574/5/1
f 576/5/1 573/5/1 572/5/1
f 577/5/1 573/5/1 576/5/1
f 580/3/1 579/3/1 578/3/1
f 581/3/1 579/3/1 580/3/1
f 586/5/1 583/5/1 582/5/1
f 587/5/1 583/5/1 586/5/1
f 588/2/1 585/2/1 584/2/1
f 589/2/1 585/2/1 588/2/1
f 597/5/1 591/5/1 590/5/1
f 598/5/1 591/5/1 597/5/1
f 599/2/1 593/2/1 592/2/1
f 600/5/1 594/5/1 593/5/1
f 600/2/1 593/2/1 599/2/1
f 601/5/1 594/5/1 600/5/1
f 603/5/1 596/5/1 595/5/1
f 604/5/1 603/5/1 602/5/1
f 605/5/1 596/5/1 603/5/1
f 605/5/1 603/5/1 604/5/1
f 608/5/1 607/5/1 606/5/1
f 609/5/1 607/5/1 608/5/1
f 618/3/1 611/3/1 610/3/1
f 618/3/1 612/3/1 611/3/1
f 618/3/1 613/3/1 612/3/1
f 618/3/1 614/3/1 613/3/1
f 619/3/1 614/3/1 618/3/1
f 620/3/1 614/3/1 619/3/1
f 621/3/1 616/3/1 615/3/1
f 622/4/1 617/4/1 616/4/1
f 622/3/1 616/3/1 621/3/1
f 623/4/1 617/4/1 622/4/1
f 624/5/1 619/5/1 618/5/1
f 625/5/1 619/5/1 624/5/1
f 626/5/1 624/5/1 618/5/1
f 627/5/1 624/5/1 626/5/1
f 630/5/1 629/5/1 628/5/1
f 631/5/1 629/5/1 630/5/1
f 632/5/1 630/5/1 628/5/1
f 633/5/1 630/5/1 632/5/1
f 636/5/1 635/5/1 634/5/1
f 637/5/1 635/5/1 636/5/1
f 643/5/1 639/5/1 638/5/1
f 644/2/1 640/2/1 639/2/1
f 644/5/1 639/5/1 643/5/1
f 645/2/1 640/2/1 644/2/1
f 646/2/1 642/2/1 641/2/1
f 647/2/1 642/2/1 646/2/1
f 651/5/1 650/5/1 649/5/1
f 651/5/1 649/5/1 648/5/1
f 652/5/1 650/5/1 651/5/1
f 657/5/1 654/5/1 653/5/1
f 658/5/1 654/5/1 657/5/1
f 659/5/1 656/5/1 655/5/1
f 660/5/1 656/5/1 659/5/1
f 665/5/1 662/5/1 661/5/1
f 666/5/1 662/5/1 665/5/1
f 667/5/1 664/5/1 663/5/1
f 668/5/1 664/5/1 667/5/1
f 671/4/1 670/4/1 669/4/1
f 672/4/1 670/4/1 671/4/1
f 678/5/1 676/5/1 675/5/1
f 679/2/1 677/2/1 676/2/1
f 679/5/1 676/5/1 678/5/1
f 680/2/1 677/2/1 679/2/1
f 681/5/1 674/5/1 673/5/1
f 682/5/1 674/5/1 681/5/1
f 685/5/1 684/5/1 683/5/1
f 686/5/1 684/5/1 685/5/1
f 691/5/1 688/5/1 687/5/1
f 692/5/1 688/5/1 691/5/1
f 693/5/1 690/5/1 689/5/1
f 694/5/1 690/5/1 693/5/1
f 697/5/1 696/5/1 695/5/1
f 698/5/1 696/5/1 697/5/1
f 701/4/1 700/4/1 699/4/1
f 702/4/1 700/4/1 701/4/1
f 705/5/1 704/5/1 703/5/1
f 706/5/1 704/5/1 705/5/1
f 711/5/1 708/5/1 707/5/1
f 712/5/1 708/5/1 711/5/1
f 714/5/1 710/5/1 709/5/1
f 715/5/1 710/5/1 714/5/1
f 717/5/1 713/5/1 712/5/1
f 718/5/1 713/5/1 717/5/1
f 720/5/1 716/5/1 715/5/1
f 721/5/1 716/5/1 720/5/1
f 722/5/1 719/5/1 718/5/1
f 723/5/1 719/5/1 722/5/1
f 724/5/1 722/5/1 718/5/1
f 725/5/1 722/5/1 724/5/1
f 727/5/1 726/5/1 725/5/1
f 728/5/1 726/5/1 727/5/1
f 731/5/1 730/5/1 729/5/1
f 732/5/1 730/5/1 731/5/1
f 737/5/1 734/5/1 733/5/1
f 739/5/1 736/5/1 735/5/1
f 740/5/1 736/5/1 739/5/1
f 742/5/1 738/5/1 737/5/1
f 742/5/1 737/5/1 733/5/1
f 743/5/1 738/5/1 742/5/1
f 744/5/1 738/5/1 743/5/1
f 745/5/1 738/5/1 744/5/1
f 746/5/1 736/5/1 740/5/1
f 747/5/1 736/5/1 746/5/1
f 748/5/1 742/5/1 741/5/1
f 749/5/1 742/5/1 748/5/1
f 750/5/1 744/5/1 743/5/1
f 751/5/1 744/5/1 750/5/1
f 752/5/1 748/5/1 747/5/1
f 753/5/1 748/5/1 752/5/1
f 756/5/1 755/5/1 754/5/1
f 757/5/1 755/5/1 756/5/1
f 760/5/1 759/5/1 758/5/1
f 761/5/1 759/5/1 760/5/1
f 767/2/1 763/2/1 762/2/1
f 768/5/1 764/5/1 763/5/1
f 768/2/1 763/2/1 767/2/1
f 769/5/1 766/5/1 765/5/1
f 770/5/1 766/5/1 769/5/1
f 771/5/1 764/5/1 768/5/1
f 772/5/1 764/5/1 771/5/1
f 776/2/1 774/2/1 773/2/1
f 776/5/1 775/5/1 774/5/1
f 777/5/1 775/5/1 776/5/1
f 779/2/1 776/2/1 773/2/1
f 780/2/1 776/2/1 779/2/1
f 781/5/1 778/5/1 777/5/1
f 782/5/1 778/5/1 781/5/1
f 786/5/1 784/5/1 783/5/1
f 786/5/1 785/5/1 784/5/1
f 787/5/1 785/5/1 786/5/1
f 788/5/1 785/5/1 787/5/1
f 789/5/1 787/5/1 786/5/1
f 790/5/1 787/5/1 789/5/1
f 792/5/1 790/5/1 789/5/1
f 792/5/1 791/5/1 790/5/1
f 793/5/1 791/5/1 792/5/1
f 796/5/1 795/5/1 794/5/1
f 797/5/1 795/5/1 796/5/1
f 803/5/1 799/5/1 798/5/1
f 803/5/1 800/5/1 799/5/1
f 804/5/1 800/5/1 803/5/1
f 805/5/1 800/5/1 804/5/1
f 806/5/1 800/5/1 805/5/1
f 807/5/1 802/5/1 801/5/1
f 808/5/1 802/5/1 807/5/1
f 809/5/1 805/5/1 804/5/1
f 810/5/1 805/5/1 809/5/1
f 813/5/1 812/5/1 811/5/1
f 814/5/1 812/5/1 813/5/1
f 817/5/1 816/5/1 815/5/1
f 818/5/1 816/5/1 817/5/1
f 822/3/1 820/3/1 819/3/1
f 823/3/1 820/3/1 822/3/1
f 826/3/1 822/3/1 821/3/1
f 827/5/1 823/5/1 822/5/1
f 827/3/1 822/3/1 826/3/1
f 828/5/1 823/5/1 827/5/1
f 829/5/1 825/5/1 824/5/1
f 830/5/1 825/5/1 829/5/1
f 831/5/1 825/5/1 830/5/1
f 835/5/1 833/5/1 832/5/1
f 836/5/1 833/5/1 835/5/1
f 837/5/1 835/5/1 834/5/1
f 838/5/1 835/5/1 837/5/1
f 839/5/1 835/5/1 838/5/1
f 844/5/1 840/5/1 839/5/1
f 844/5/1 839/5/1 838/5/1
f 845/5/1 840/5/1 844/5/1
f 846/5/1 840/5/1 845/5/1
f 850/5/1 842/5/1 841/5/1
f 851/5/1 842/5/1 850/5/1
f 852/5/1 844/5/1 843/5/1
f 852/5/1 845/5/1 844/5/1
f 853/5/1 845/5/1 852/5/1
f 854/5/1 849/5/1 848/5/1
f 854/5/1 848/5/1 847/5/1
f 855/5/1 849/5/1 854/5/1
f 856/5/1 845/5/1 853/5/1
f 857/5/1 845/5/1 856/5/1
f 860/5/1 859/5/1 858/5/1
f 861/5/1 859/5/1 860/5/1
f 863/5/1 862/5/1 861/5/1
f 864/5/1 862/5/1 863/5/1
f 867/2/1 864/2/1 863/2/1
f 868/2/1 864/2/1 867/2/1
f 870/5/1 866/5/1 865/5/1
f 871/5/1 866/5/1 870/5/1
f 872/5/1 870/5/1 869/5/1
f 872/5/1 871/5/1 870/5/1
f 873/5/1 871/5/1 872/5/1
f 876/5/1 875/5/1 874/5/1
f 877/5/1 875/5/1 876/5/1
f 878/3/2 879/3/2 882/3/2
f 882/3/2 879/3/2 883/3/2
f 880/3/2 881/3/2 884/3/2
f 884/3/2 881/3/2 885/3/2
f 886/1/2 887/1/2 888/1/2
f 888/1/2 887/1/2 889/1/2
f 890/2/2 891/2/2 892/2/2
f 892/2/2 891/2/2 893/2/2
f 894/1/2 895/1/2 898/1/2
f 895/3/2 896/3/2 899/3/2
f 898/1/2 895/1/2 899/1/2
f 896/1/2 897/1/2 900/1/2
f 899/3/2 896/3/2 900/3/2
f 900/1/2 897/1/2 901/1/2
f 902/3/2 903/3/2 904/3/2
f 904/3/2 903/3/2 905/3/2
f 906/3/2 907/3/2 910/3/2
f 910/3/2 907/3/2 911/3/2
f 908/5/2 909/5/2 912/5/2
f 912/5/2 909/5/2 913/5/2
f 912/2/2 913/2/2 914/2/2
f 914/2/2 913/2/2 915/2/2
f 915/3/2 916/3/2 917/3/2
f 917/3/2 916/3/2 918/3/2
f 919/1/2 920/1/2 921/1/2
f 921/1/2 920/1/2 922/1/2
f 923/3/2 924/3/2 925/3/2
f 925/3/2 924/3/2 926/3/2
f 927/3/2 928/3/2 931/3/2
f 931/3/2 928/3/2 932/3/2
f 929/3/2 930/3/2 933/3/2
f 933/3/2 930/3/2 934/3/2
f 935/3/2 936/3/2 937/3/2
f 937/3/2 936/3/2 938/3/2
f 939/3/2 940/3/2 942/3/2
f 942/3/2 940/3/2 943/3/2
f 941/2/2 942/2/2 944/2/2
f 944/2/2 942/2/2 945/2/2
f 946/3/2 947/3/2 948/3/2
f 948/3/2 947/3/2 949/3/2
f 953/3/2 954/3/2 955/3/2
f 955/3/2 954/3/2 956/3/2
f 950/5/2 951/5/2 957/5/2
f 951/2/2 952/2/2 958/2/2
f 957/5/2 951/5/2 958/5/2
f 958/2/2 952/2/2 959/2/2
f 960/1/2 961/1/2 962/1/2
f 962/1/2 961/1/2 963/1/2
f 963/1/2 961/1/2 964/1/2
f 965/3/2 966/3/2 973/3/2
f 973/3/2 966/3/2 974/3/2
f 974/3/2 966/3/2 975/3/2
f 967/3/2 968/3/2 976/3/2
f 976/3/2 968/3/2 977/3/2
f 969/1/2 970/1/2 978/1/2
f 978/1/2 970/1/2 979/1/2
f 971/1/2 972/1/2 980/1/2
f 972/3/2 973/3/2 981/3/2
f 980/1/2 972/1/2 981/1/2
f 973/3/2 974/3/2 981/3/2
f 981/3/2 974/3/2 982/3/2
f 983/3/2 984/3/2 986/3/2
f 986/3/2 984/3/2 987/3/2
f 985/2/2 986/2/2 988/2/2
f 988/2/2 986/2/2 989/2/2
f 990/1/2 991/1/2 996/1/2
f 996/1/2 991/1/2 997/1/2
f 992/5/2 993/5/2 1001/5/2
f 1001/5/2 993/5/2 1002/5/2
f 994/5/2 995/5/2 1005/5/2
f 1005/5/2 995/5/2 1006/5/2
f 996/3/2 997/3/2 1008/3/2
f 1008/3/2 997/3/2 1009/3/2
f 999/3/2 1000/3/2 1010/3/2
f 998/3/2 999/3/2 1010/3/2
f 1010/3/2 1000/3/2 1011/3/2
f 1003/3/2 1004/3/2 1012/3/2
f 1012/3/2 1004/3/2 1013/3/2
f 1007/3/2 1008/3/2 1014/3/2
f 1014/3/2 1008/3/2 1015/3/2
f 1016/3/2 1017/3/2 1020/3/2
f 1020/3/2 1017/3/2 1021/3/2
f 1018/3/2 1019/3/2 1022/3/2
f 1022/3/2 1019/3/2 1023/3/2
f 1024/3/2 1025/3/2 1026/3/2
f 1026/3/2 1025/3/2 1027/3/2
f 1028/2/2 1029/2/2 1030/2/2
f 1030/2/2 1029/2/2 1031/2/2
f 1031/3/2 1032/3/2 1033/3/2
f 1033/3/2 1032/3/2 1034/3/2
f 1035/5/2 1036/5/2 1040/5/2
f 1036/2/2 1037/2/2 1040/2/2
f 1040/2/2 1037/2/2 1041/2/2
f 1038/3/2 1039/3/2 1042/3/2
f 1042/3/2 1039/3/2 1043/3/2
f 1035/5/2 1040/5/2 1044/5/2
f 1044/5/2 1040/5/2 1045/5/2
f 1045/2/2 1046/2/2 1047/2/2
f 1047/2/2 1046/2/2 1048/2/2
f 1049/3/2 1050/3/2 1053/3/2
f 1053/3/2 1050/3/2 1054/3/2
f 1055/3/2 1056/3/2 1057/3/2
f 1057/3/2 1056/3/2 1058/3/2
f 1051/5/2 1052/5/2 1059/5/2
f 1052/2/2 1053/2/2 1060/2/2
f 1059/5/2 1052/5/2 1060/5/2
f 1060/2/2 1053/2/2 1061/2/2
f 1062/3/2 1063/3/2 1066/3/2
f 1066/3/2 1063/3/2 1067/3/2
f 1064/3/2 1065/3/2 1068/3/2
f 1068/3/2 1065/3/2 1069/3/2
f 1070/2/2 1071/2/2 1072/2/2
f 1072/2/2 1071/2/2 1073/2/2
f 1076/3/2 1077/3/2 1078/3/2
f 1078/3/2 1077/3/2 1079/3/2
f 1074/3/2 1075/3/2 1080/3/2
f 1080/3/2 1075/3/2 1081/3/2
f 1082/5/2 1083/5/2 1084/5/2
f 1082/5/2 1084/5/2 1086/5/2
f 1084/2/2 1085/2/2 1087/2/2
f 1086/5/2 1084/5/2 1087/5/2
f 1087/2/2 1085/2/2 1088/2/2
f 1089/3/2 1090/3/2 1091/3/2
f 1091/3/2 1090/3/2 1092/3/2
f 1093/5/2 1094/5/2 1095/5/2
f 1095/5/2 1094/5/2 1096/5/2
f 1096/5/2 1097/5/2 1098/5/2
f 1098/5/2 1097/5/2 1099/5/2
f 1100/3/2 1101/3/2 1102/3/2
f 1102/3/2 1101/3/2 1103/3/2
f 1102/1/2 1103/1/2 1104/1/2
f 1104/1/2 1103/1/2 1105/1/2
f 1106/3/2 1107/3/2 1110/3/2
f 1110/3/2 1107/3/2 1111/3/2
f 1108/3/2 1109/3/2 1112/3/2
f 1112/3/2 1109/3/2 1113/3/2
f 1116/2/2 1117/2/2 1118/2/2
f 1118/2/2 1117/2/2 1119/2/2
f 1114/2/2 1115/2/2 1120/2/2
f 1120/2/2 1115/2/2 1121/2/2
f 1122/3/2 1123/3/2 1126/3/2
f 1126/3/2 1123/3/2 1127/3/2
f 1124/2/2 1125/2/2 1128/2/2
f 1128/2/2 1125/2/2 1129/2/2
f 1130/3/2 1131/3/2 1135/3/2
f 1135/3/2 1131/3/2 1136/3/2
f 1133/5/2 1134/5/2 1137/5/2
f 1132/5/2 1133/5/2 1137/5/2
f 1137/5/2 1134/5/2 1138/5/2
f 1139/3/2 1140/3/2 1143/3/2
f 1143/3/2 1140/3/2 1144/3/2
f 1141/3/2 1142/3/2 1145/3/2
f 1145/3/2 1142/3/2 1146/3/2
f 1147/3/2 1148/3/2 1149/3/2
f 1149/3/2 1148/3/2 1150/3/2
f 1151/5/2 1152/5/2 1154/5/2
f 1152/2/2 1153/2/2 1155/2/2
f 1154/5/2 1152/5/2 1155/5/2
f 1155/2/2 1153/2/2 1156/2/2
f 1157/3/2 1158/3/2 1161/3/2
f 1161/3/2 1158/3/2 1162/3/2
f 1159/5/2 1160/5/2 1163/5/2
f 1163/5/2 1164/5/2 1165/5/2
f 1159/5/2 1163/5/2 1165/5/2
f 1165/5/2 1164/5/2 1166/5/2
f 1167/3/2 1168/3/2 1171/3/2
f 1171/3/2 1168/3/2 1172/3/2
f 1169/3/2 1170/3/2 1173/3/2
f 1173/3/2 1170/3/2 1174/3/2
f 1175/3/2 1176/3/2 1177/3/2
f 1177/3/2 1176/3/2 1178/3/2
f 1178/2/2 1179/2/2 1180/2/2
f 1180/2/2 1179/2/2 1181/2/2
f 1182/3/2 1183/3/2 1186/3/2
f 1186/3/2 1183/3/2 1187/3/2
f 1184/2/2 1185/2/2 1188/2/2
f 1188/2/2 1185/2/2 1189/2/2
f 1190/5/2 1191/5/2 1196/5/2
f 1196/5/2 1191/5/2 1197/5/2
f 1192/5/2 1193/5/2 1198/5/2
f 1198/5/2 1193/5/2 1199/5/2
f 1194/3/2 1195/3/2 1200/3/2
f 1200/3/2 1195/3/2 1201/3/2
f 1202/3/2 1203/3/2 1204/3/2
f 1204/3/2 1203/3/2 1205/3/2
f 1206/2/2 1207/2/2 1210/2/2
f 1210/2/2 1207/2/2 1211/2/2
f 1208/5/2 1209/5/2 1213/5/2
f 1212/5/2 1213/5/2 1214/5/2
f 1213/5/2 1209/5/2 1215/5/2
f 1214/5/2 1213/5/2 1215/5/2
f 1215/5/2 1209/5/2 1216/5/2
f 1217/2/2 1218/2/2 1220/2/2
f 1220/2/2 1218/2/2 1221/2/2
f 1219/5/2 1220/5/2 1224/5/2
f 1224/5/2 1220/5/2 1225/5/2
f 1222/3/2 1223/3/2 1228/3/2
f 1228/3/2 1223/3/2 1229/3/2
f 1226/3/2 1227/3/2 1230/3/2
f 1230/3/2 1227/3/2 1231/3/2
f 1232/3/2 1233/3/2 1239/3/2
f 1233/2/2 1234/2/2 1240/2/2
f 1239/3/2 1233/3/2 1240/3/2
f 1240/2/2 1234/2/2 1241/2/2
f 1235/5/2 1236/5/2 1242/5/2
f 1242/5/2 1236/5/2 1243/5/2
f 1237/5/2 1238/5/2 1244/5/2
f 1244/5/2 1238/5/2 1245/5/2
f 1246/2/2 1247/2/2 1248/2/2
f 1248/2/2 1247/2/2 1249/2/2
f 1249/2/2 1247/2/2 1250/2/2
f 1250/2/2 1247/2/2 1251/2/2
f 1252/2/2 1253/2/2 1256/2/2
f 1254/2/2 1255/2/2 1256/2/2
f 1253/2/2 1254/2/2 1256/2/2
f 1256/2/2 1255/2/2 1257/2/2
f 1257/2/2 1255/2/2 1258/2/2
f 1258/2/2 1255/2/2 1259/2/2
f 1260/2/2 1261/2/2 1262/2/2
f 1262/2/2 1261/2/2 1263/2/2
f 1264/4/2 1265/4/2 1268/4/2
f 1268/4/2 1265/4/2 1269/4/2
f 1266/5/2 1267/5/2 1271/5/2
f 1271/5/2 1267/5/2 1272/5/2
f 1268/3/2 1269/3/2 1274/3/2
f 1269/2/2 1270/2/2 1275/2/2
f 1274/3/2 1269/3/2 1275/3/2
f 1275/2/2 1270/2/2 1276/2/2
f 1271/2/2 1272/2/2 1277/2/2
f 1272/3/2 1273/3/2 1278/3/2
f 1277/2/2 1272/2/2 1278/2/2
f 1278/3/2 1273/3/2 1279/3/2
f 1280/2/2 1281/2/2 1282/2/2
f 1282/2/2 1281/2/2 1283/2/2
f 1284/2/2 1285/2/2 1286/2/2
f 1286/2/2 1285/2/2 1287/2/2
f 1288/2/2 1289/2/2 1293/2/2
f 1293/2/2 1289/2/2 1294/2/2
f 1290/2/2 1291/2/2 1295/2/2
f 1295/2/2 1291/2/2 1296/2/2
f 1292/5/2 1293/5/2 1297/5/2
f 1297/5/2 1293/5/2 1298/5/2
f 1299/4/2 1300/4/2 1303/4/2
f 1300/3/2 1301/3/2 1303/3/2
f 1303/3/2 1301/3/2 1304/3/2
f 1304/3/2 1301/3/2 1305/3/2
f 1301/4/2 1302/4/2 1306/4/2
f 1305/3/2 1301/3/2 1306/3/2
f 1299/4/2 1303/4/2 1307/4/2
f 1303/4/2 1304/4/2 1307/4/2
f 1304/3/2 1305/3/2 1308/3/2
f 1307/4/2 1304/4/2 1308/4/2
f 1305/4/2 1306/4/2 1309/4/2
f 1308/3/2 1305/3/2 1309/3/2
f 1306/4/2 1302/4/2 1310/4/2
f 1309/4/2 1306/4/2 1310/4/2
f 1311/4/2 1312/4/2 1315/4/2
f 1312/3/2 1313/3/2 1316/3/2
f 1315/4/2 1312/4/2 1316/4/2
f 1316/3/2 1313/3/2 1317/3/2
f 1317/3/2 1313/3/2 1318/3/2
f 1313/4/2 1314/4/2 1319/4/2
f 1318/3/2 1313/3/2 1319/3/2
f 1319/4/2 1314/4/2 1320/4/2
f 1321/2/2 1322/2/2 1324/2/2
f 1322/2/2 1323/2/2 1324/2/2
f 1324/2/2 1323/2/2 1325/2/2
f 1326/5/2 1327/5/2 1328/5/2
f 1328/5/2 1327/5/2 1329/5/2
f 1330/3/2 1331/3/2 1334/3/2
f 1329/2/2 1330/2/2 1334/2/2
f 1334/3/2 1331/3/2 1335/3/2
f 1329/2/2 1334/2/2 1337/2/2
f 1337/2/2 1334/2/2 1338/2/2
f 1332/2/2 1333/2/2 1339/2/2
f 1339/2/2 1333/2/2 1340/2/2
f 1336/5/2 1337/5/2 1341/5/2
f 1341/5/2 1337/5/2 1342/5/2
f 1343/2/2 1344/2/2 1345/2/2
f 1345/2/2 1344/2/2 1346/2/2
f 1347/3/2 1348/3/2 1351/3/2
f 1351/3/2 1348/3/2 1352/3/2
f 1349/5/2 1350/5/2 1355/5/2
f 1355/5/2 1350/5/2 1356/5/2
f 1353/5/2 1354/5/2 1357/5/2
f 1357/5/2 1354/5/2 1358/5/2
f 1359/5/2 1360/5/2 1361/5/2
f 1361/5/2 1360/5/2 1362/5/2
f 1363/4/2 1364/4/2 1367/4/2
f 1364/3/2 1365/3/2 1368/3/2
f 1367/4/2 1364/4/2 1368/4/2
f 1365/4/2 1366/4/2 1369/4/2
f 1368/3/2 1365/3/2 1369/3/2
f 1369/4/2 1366/4/2 1370/4/2
f 1363/4/2 1367/4/2 1371/4/2
f 1367/3/2 1368/3/2 1372/3/2
f 1371/4/2 1367/4/2 1372/4/2
f 1368/3/2 1369/3/2 1372/3/2
f 1369/3/2 1370/3/2 1372/3/2
f 1370/4/2 1366/4/2 1373/4/2
f 1372/3/2 1370/3/2 1373/3/2
f 1373/4/2 1366/4/2 1374/4/2
f 1375/3/2 1376/3/2 1381/3/2
f 1376/4/2 1377/4/2 1382/4/2
f 1381/3/2 1376/3/2 1382/3/2
f 1382/4/2 1377/4/2 1383/4/2
f 1379/3/2 1380/3/2 1384/3/2
f 1380/3/2 1381/3/2 1384/3/2
f 1381/3/2 1382/3/2 1384/3/2
f 1378/3/2 1379/3/2 1384/3/2
f 1384/3/2 1382/3/2 1385/3/2
f 1385/3/2 1382/3/2 1386/3/2
f 1386/3/2 1382/3/2 1387/3/2
f 1388/3/2 1389/3/2 1390/3/2
f 1390/3/2 1389/3/2 1391/3/2
f 1392/5/2 1393/5/2 1394/5/2
f 1394/5/2 1393/5/2 1395/5/2
f 1396/2/2 1397/2/2 1398/2/2
f 1396/2/2 1398/2/2 1401/2/2
f 1401/2/2 1398/2/2 1402/2/2
f 1399/2/2 1400/2/2 1403/2/2
f 1403/2/2 1400/2/2 1404/2/2
f 1405/2/2 1406/2/2 1408/2/2
f 1408/2/2 1406/2/2 1409/2/2
f 1407/3/2 1408/3/2 1410/3/2
f 1410/3/2 1408/3/2 1411/3/2
f 1412/5/2 1413/5/2 1417/5/2
f 1417/5/2 1413/5/2 1418/5/2
f 1415/3/2 1416/3/2 1419/3/2
f 1414/3/2 1415/3/2 1419/3/2
f 1419/3/2 1416/3/2 1420/3/2
f 1421/4/2 1422/4/2 1425/4/2
f 1422/3/2 1423/3/2 1426/3/2
f 1425/4/2 1422/4/2 1426/4/2
f 1423/4/2 1424/4/2 1427/4/2
f 1426/3/2 1423/3/2 1427/3/2
f 1427/4/2 1424/4/2 1428/4/2
f 1429/3/2 1430/3/2 1436/3/2
f 1436/3/2 1430/3/2 1437/3/2
f 1431/3/2 1432/3/2 1438/3/2
f 1432/3/2 1433/3/2 1438/3/2
f 1438/3/2 1433/3/2 1439/3/2
f 1436/3/2 1437/3/2 1441/3/2
f 1439/3/2 1440/3/2 1441/3/2
f 1438/3/2 1439/3/2 1441/3/2
f 1437/3/2 1438/3/2 1441/3/2
f 1434/3/2 1435/3/2 1441/3/2
f 1435/3/2 1436/3/2 1441/3/2
f 1441/3/2 1440/3/2 1442/3/2
f 1442/3/2 1440/3/2 1443/3/2
f 1443/3/2 1440/3/2 1444/3/2
f 1441/5/2 1442/5/2 1446/5/2
f 1446/5/2 1442/5/2 1447/5/2
f 1445/2/2 1446/2/2 1448/2/2
f 1448/2/2 1446/2/2 1449/2/2
f 1450/5/2 1451/5/2 1452/5/2
f 1450/5/2 1452/5/2 1455/5/2
f 1452/5/2 1453/5/2 1455/5/2
f 1455/5/2 1453/5/2 1456/5/2
f 1453/2/2 1454/2/2 1457/2/2
f 1456/5/2 1453/5/2 1457/5/2
f 1457/2/2 1454/2/2 1458/2/2
f 1456/5/2 1457/5/2 1462/5/2
f 1462/5/2 1457/5/2 1463/5/2
f 1458/3/2 1459/3/2 1464/3/2
f 1464/3/2 1459/3/2 1465/3/2
f 1460/5/2 1461/5/2 1466/5/2
f 1466/5/2 1461/5/2 1467/5/2
f 1460/5/2 1466/5/2 1468/5/2
f 1468/5/2 1466/5/2 1469/5/2
f 1470/5/2 1471/5/2 1472/5/2
f 1472/5/2 1471/5/2 1473/5/2
f 1475/3/2 1476/3/2 1478/3/2
f 1478/3/2 1476/3/2 1479/3/2
f 1479/3/2 1476/3/2 1480/3/2
f 1476/4/2 1477/4/2 1481/4/2
f 1480/3/2 1476/3/2 1481/3/2
f 1481/4/2 1477/4/2 1482/4/2
f 1474/4/2 1475/4/2 1483/4/2
f 1475/3/2 1478/3/2 1484/3/2
f 1483/4/2 1475/4/2 1484/4/2
f 1484/3/2 1478/3/2 1485/3/2
f 1479/3/2 1480/3/2 1486/3/2
f 1486/3/2 1480/3/2 1487/3/2
f 1488/3/2 1489/3/2 1490/3/2
f 1490/3/2 1489/3/2 1491/3/2
f 1492/5/2 1493/5/2 1496/5/2
f 1496/5/2 1493/5/2 1497/5/2
f 1494/2/2 1495/2/2 1498/2/2
f 1498/2/2 1495/2/2 1499/2/2
f 1500/5/2 1501/5/2 1502/5/2
f 1502/5/2 1501/5/2 1503/5/2
f 1504/2/2 1505/2/2 1506/2/2
f 1506/2/2 1505/2/2 1507/2/2
f 1508/2/2 1509/2/2 1512/2/2
f 1512/2/2 1509/2/2 1513/2/2
f 1510/5/2 1511/5/2 1516/5/2
f 1516/5/2 1511/5/2 1517/5/2
f 1514/5/2 1515/5/2 1519/5/2
f 1519/5/2 1515/5/2 1520/5/2
f 1517/5/2 1518/5/2 1521/5/2
f 1521/5/2 1518/5/2 1522/5/2
f 1523/3/2 1524/3/2 1533/3/2
f 1533/3/2 1524/3/2 1534/3/2
f 1525/3/2 1526/3/2 1535/3/2
f 1535/3/2 1526/3/2 1536/3/2
f 1527/3/2 1528/3/2 1538/3/2
f 1538/3/2 1528/3/2 1539/3/2
f 1529/4/2 1530/4/2 1541/4/2
f 1541/4/2 1530/4/2 1542/4/2
f 1531/5/2 1532/5/2 1543/5/2
f 1535/5/2 1536/5/2 1544/5/2
f 1544/5/2 1536/5/2 1545/5/2
f 1539/5/2 1540/5/2 1546/5/2
f 1537/5/2 1538/5/2 1546/5/2
f 1538/5/2 1539/5/2 1546/5/2
f 1546/5/2 1540/5/2 1547/5/2
f 1547/5/2 1540/5/2 1548/5/2
f 1531/5/2 1543/5/2 1549/5/2
f 1544/5/2 1545/5/2 1549/5/2
f 1543/5/2 1544/5/2 1549/5/2
f 1549/5/2 1545/5/2 1550/5/2
f 1550/5/2 1545/5/2 1551/5/2
f 1551/5/2 1545/5/2 1552/5/2
f 1546/5/2 1547/5/2 1553/5/2
f 1553/5/2 1547/5/2 1554/5/2
f 1551/5/2 1552/5/2 1555/5/2
f 1555/5/2 1552/5/2 1556/5/2
f 1554/5/2 1547/5/2 1557/5/2
f 1557/5/2 1547/5/2 1558/5/2
f 1558/5/2 1547/5/2 1559/5/2
f 1556/5/2 1557/5/2 1561/5/2
f 1557/5/2 1558/5/2 1561/5/2
f 1561/5/2 1558/5/2 1562/5/2
f 1562/5/2 1558/5/2 1563/5/2
f 1563/5/2 1558/5/2 1564/5/2
f 1560/5/2 1561/5/2 1566/5/2
f 1566/5/2 1561/5/2 1567/5/2
f 1564/5/2 1565/5/2 1568/5/2
f 1568/5/2 1565/5/2 1569/5/2
f 1562/5/2 1563/5/2 1570/5/2
f 1570/5/2 1563/5/2 1571/5/2
f 1572/2/2 1573/2/2 1576/2/2
f 1576/2/2 1573/2/2 1577/2/2
f 1574/2/2 1575/2/2 1578/2/2
f 1578/2/2 1575/2/2 1579/2/2
f 1579/5/2 1580/5/2 1583/5/2
f 1583/5/2 1580/5/2 1584/5/2
f 1581/5/2 1582/5/2 1585/5/2
f 1585/5/2 1582/5/2 1586/5/2
f 1587/5/2 1588/5/2 1593/5/2
f 1593/5/2 1588/5/2 1594/5/2
f 1589/5/2 1590/5/2 1595/5/2
f 1595/5/2 1590/5/2 1596/5/2
f 1591/5/2 1592/5/2 1597/5/2
f 1597/5/2 1592/5/2 1598/5/2
f 1596/5/2 1597/5/2 1599/5/2
f 1599/5/2 1597/5/2 1600/5/2
f 1601/4/2 1602/4/2 1609/4/2
f 1609/4/2 1602/4/2 1610/4/2
f 1610/4/2 1602/4/2 1611/4/2
f 1611/4/2 1602/4/2 1612/4/2
f 1603/3/2 1604/3/2 1613/3/2
f 1613/3/2 1604/3/2 1614/3/2
f 1605/3/2 1606/3/2 1615/3/2
f 1615/3/2 1606/3/2 1616/3/2
f 1607/4/2 1608/4/2 1617/4/2
f 1617/4/2 1608/4/2 1618/4/2
f 1611/5/2 1612/5/2 1619/5/2
f 1613/5/2 1614/5/2 1619/5/2
f 1612/5/2 1613/5/2 1619/5/2
f 1619/5/2 1614/5/2 1620/5/2
f 1621/3/2 1622/3/2 1625/3/2
f 1625/3/2 1622/3/2 1626/3/2
f 1623/5/2 1624/5/2 1627/5/2
f 1627/5/2 1624/5/2 1628/5/2
f 1625/5/2 1626/5/2 1630/5/2
f 1630/5/2 1626/5/2 1631/5/2
f 1629/5/2 1630/5/2 1633/5/2
f 1633/5/2 1630/5/2 1634/5/2
f 1632/5/2 1633/5/2 1638/5/2
f 1638/5/2 1633/5/2 1639/5/2
f 1634/5/2 1635/5/2 1640/5/2
f 1636/5/2 1637/5/2 1641/5/2
f 1641/5/2 1637/5/2 1642/5/2
f 1642/5/2 1637/5/2 1643/5/2
f 1640/5/2 1635/5/2 1648/5/2
f 1648/5/2 1635/5/2 1649/5/2
f 1643/5/2 1644/5/2 1650/5/2
f 1642/5/2 1643/5/2 1650/5/2
f 1644/2/2 1645/2/2 1651/2/2
f 1650/5/2 1644/5/2 1651/5/2
f 1651/2/2 1645/2/2 1652/2/2
f 1646/5/2 1647/5/2 1653/5/2
f 1653/5/2 1647/5/2 1654/5/2
f 1655/5/2 1656/5/2 1658/5/2
f 1657/5/2 1658/5/2 1659/5/2
f 1658/5/2 1656/5/2 1660/5/2
f 1659/5/2 1658/5/2 1660/5/2
f 1660/5/2 1656/5/2 1661/5/2
f 1662/4/2 1663/4/2 1664/4/2
f 1664/4/2 1663/4/2 1665/4/2
f 1666/3/2 1667/3/2 1672/3/2
f 1672/3/2 1667/3/2 1673/3/2
f 1668/3/2 1669/3/2 1674/3/2
f 1674/3/2 1669/3/2 1675/3/2
f 1670/5/2 1671/5/2 1676/5/2
f 1670/5/2 1676/5/2 1678/5/2
f 1676/5/2 1677/5/2 1678/5/2
f 1678/5/2 1677/5/2 1679/5/2
f 1680/5/2 1681/5/2 1684/5/2
f 1684/5/2 1681/5/2 1685/5/2
f 1682/5/2 1683/5/2 1687/5/2
f 1687/5/2 1683/5/2 1688/5/2
f 1686/5/2 1687/5/2 1691/5/2
f 1691/5/2 1687/5/2 1692/5/2
f 1689/5/2 1690/5/2 1693/5/2
f 1693/5/2 1690/5/2 1694/5/2
f 1694/5/2 1690/5/2 1695/5/2
f 1696/5/2 1697/5/2 1698/5/2
f 1698/5/2 1697/5/2 1699/5/2
f 1700/5/2 1701/5/2 1704/5/2
f 1704/5/2 1701/5/2 1705/5/2
f 1702/5/2 1703/5/2 1706/5/2
f 1706/5/2 1703/5/2 1707/5/2
f 1707/5/2 1708/5/2 1709/5/2
f 1709/5/2 1708/5/2 1710/5/2
f 1711/5/2 1712/5/2 1713/5/2
f 1713/5/2 1712/5/2 1714/5/2
f 1715/3/2 1716/3/2 1717/3/2
f 1717/3/2 1716/3/2 1718/3/2
f 1719/5/2 1720/5/2 1721/5/2
f 1721/5/2 1720/5/2 1722/5/2
f 1722/5/2 1720/5/2 1723/5/2
f 1724/5/2 1725/5/2 1726/5/2
f 1726/5/2 1725/5/2 1727/5/2
f 1727/5/2 1728/5/2 1729/5/2
f 1729/5/2 1728/5/2 1730/5/2
f 1731/5/2 1732/5/2 1735/5/2
f 1735/5/2 1732/5/2 1736/5/2
f 1733/5/2 1734/5/2 1738/5/2
f 1738/5/2 1734/5/2 1739/5/2
f 1736/5/2 1737/5/2 1740/5/2
f 1740/5/2 1737/5/2 1741/5/2
f 1742/5/2 1743/5/2 1746/5/2
f 1746/5/2 1743/5/2 1747/5/2
f 1744/5/2 1745/5/2 1750/5/2
f 1750/5/2 1745/5/2 1751/5/2
f 1747/5/2 1748/5/2 1752/5/2
f 1752/5/2 1748/5/2 1753/5/2
f 1749/5/2 1750/5/2 1755/5/2
f 1755/5/2 1750/5/2 1756/5/2
f 1753/5/2 1754/5/2 1757/5/2
f 1757/5/2 1754/5/2 1758/5/2
f 1759/5/2 1760/5/2 1761/5/2
f 1761/5/2 1760/5/2 1762/5/2
f 1763/5/2 1764/5/2 1765/5/2
f 1765/5/2 1764/5/2 1766/5/2
f 1767/2/2 1768/2/2 1769/2/2
f 1769/2/2 1768/2/2 1770/2/2
f 1770/5/2 1771/5/2 1772/5/2
f 1772/5/2 1771/5/2 1773/5/2
f 1775/5/2 1776/5/2 1779/5/2
f 1774/2/2 1775/2/2 1779/2/2
f 1779/5/2 1776/5/2 1780/5/2
f 1777/5/2 1778/5/2 1783/5/2
f 1783/5/2 1778/5/2 1784/5/2
f 1774/2/2 1779/2/2 1785/2/2
f 1785/2/2 1779/2/2 1786/2/2
f 1781/5/2 1782/5/2 1787/5/2
f 1787/5/2 1782/5/2 1788/5/2
f 1789/5/2 1790/5/2 1791/5/2
f 1791/5/2 1790/5/2 1792/5/2
f 1793/5/2 1794/5/2 1796/5/2
f 1794/5/2 1795/5/2 1796/5/2
f 1796/5/2 1795/5/2 1797/5/2
f 1798/5/2 1799/5/2 1802/5/2
f 1802/5/2 1799/5/2 1803/5/2
f 1800/5/2 1801/5/2 1804/5/2
f 1804/5/2 1801/5/2 1805/5/2
f 1806/5/2 1807/5/2 1810/5/2
f 1810/5/2 1807/5/2 1811/5/2
f 1808/5/2 1809/5/2 1813/5/2
f 1813/5/2 1809/5/2 1814/5/2
f 1811/5/2 1812/5/2 1815/5/2
f 1815/5/2 1812/5/2 1816/5/2
f 1817/5/2 1818/5/2 1820/5/2
f 1818/5/2 1819/5/2 1820/5/2
f 1820/5/2 1819/5/2 1821/5/2
f 1817/5/2 1820/5/2 1822/5/2
f 1822/5/2 1820/5/2 1823/5/2
f 1824/5/2 1825/5/2 1826/5/2
f 1824/5/2 1826/5/2 1827/5/2
f 1827/5/2 1826/5/2 1828/5/2
f 1829/3/2 1830/3/2 1832/3/2
f 1832/3/2 1830/3/2 1833/3/2
f 1831/3/2 1832/3/2 1837/3/2
f 1832/5/2 1833/5/2 1838/5/2
f 1837/3/2 1832/3/2 1838/3/2
f 1833/5/2 1834/5/2 1838/5/2
f 1838/5/2 1834/5/2 1839/5/2
f 1835/5/2 1836/5/2 1840/5/2
f 1840/5/2 1836/5/2 1841/5/2
f 1841/5/2 1836/5/2 1842/5/2
f 1842/5/2 1836/5/2 1843/5/2
f 1843/5/2 1836/5/2 1844/5/2
f 1844/5/2 1836/5/2 1845/5/2
f 1845/5/2 1836/5/2 1846/5/2
f 1846/5/2 1836/5/2 1847/5/2
f 1835/5/2 1840/5/2 1848/5/2
f 1841/5/2 1842/5/2 1849/5/2
f 1843/5/2 1844/5/2 1850/5/2
f 1850/5/2 1844/5/2 1851/5/2
f 1848/5/2 1840/5/2 1852/5/2
f 1852/5/2 1840/5/2 1853/5/2
f 1841/5/2 1849/5/2 1854/5/2
f 1854/5/2 1849/5/2 1855/5/2
f 1845/5/2 1846/5/2 1856/5/2
f 1856/5/2 1846/5/2 1857/5/2
f 1858/5/2 1859/5/2 1860/5/2
f 1860/5/2 1859/5/2 1861/5/2
f 1862/5/2 1863/5/2 1870/5/2
f 1870/5/2 1863/5/2 1871/5/2
f 1866/5/2 1867/5/2 1873/5/2
f 1868/5/2 1869/5/2 1874/5/2
f 1864/5/2 1865/5/2 1877/5/2
f 1877/5/2 1865/5/2 1878/5/2
f 1872/5/2 1873/5/2 1879/5/2
f 1873/5/2 1867/5/2 1880/5/2
f 1879/5/2 1873/5/2 1880/5/2
f 1868/5/2 1874/5/2 1881/5/2
f 1874/5/2 1875/5/2 1881/5/2
f 1881/5/2 1875/5/2 1882/5/2
f 1882/5/2 1875/5/2 1883/5/2
f 1877/5/2 1878/5/2 1885/5/2
f 1879/5/2 1880/5/2 1885/5/2
f 1878/5/2 1879/5/2 1885/5/2
f 1881/5/2 1882/5/2 1885/5/2
f 1880/5/2 1881/5/2 1885/5/2
f 1876/5/2 1877/5/2 1885/5/2
f 1885/5/2 1882/5/2 1886/5/2
f 1882/2/2 1883/2/2 1887/2/2
f 1886/5/2 1882/5/2 1887/5/2
f 1887/2/2 1883/2/2 1888/2/2
f 1885/5/2 1886/5/2 1890/5/2
f 1884/5/2 1885/5/2 1890/5/2
f 1890/5/2 1886/5/2 1891/5/2
f 1891/5/2 1886/5/2 1892/5/2
f 1889/5/2 1890/5/2 1894/5/2
f 1890/5/2 1891/5/2 1894/5/2
f 1894/5/2 1891/5/2 1895/5/2
f 1892/5/2 1893/5/2 1897/5/2
f 1897/5/2 1893/5/2 1898/5/2
f 1896/5/2 1897/5/2 1901/5/2
f 1901/5/2 1897/5/2 1902/5/2
f 1902/5/2 1897/5/2 1903/5/2
f 1903/5/2 1897/5/2 1904/5/2
f 1899/5/2 1900/5/2 1905/5/2
f 1905/5/2 1900/5/2 1906/5/2
f 1902/5/2 1903/5/2 1907/5/2
f 1907/5/2 1903/5/2 1908/5/2
f 1904/5/2 1897/5/2 1909/5/2
f 1909/5/2 1897/5/2 1910/5/2
f 1914/3/3 1912/3/3 1911/3/3
f 1914/1/3 1913/1/3 1912/1/3
f 1915/1/3 1913/1/3 1914/1/3
f 1921/3/3 1915/3/3 1914/3/3
f 1921/1/3 1913/1/3 1915/1/3
f 1922/1/3 1913/1/3 1921/1/3
f 1923/1/3 1918/1/3 1917/1/3
f 1923/3/3 1917/3/3 1916/3/3
f 1924/1/3 1918/1/3 1923/1/3
f 1926/3/3 1924/3/3 1923/3/3
f 1926/1/3 1925/1/3 1924/1/3
f 1927/1/3 1925/1/3 1926/1/3
f 1930/3/3 1914/3/3 1911/3/3
f 1930/3/3 1922/3/3 1921/3/3
f 1930/3/3 1921/3/3 1914/3/3
f 1931/3/3 1922/3/3 1930/3/3
f 1932/1/3 1920/1/3 1919/1/3
f 1933/1/3 1920/1/3 1932/1/3
f 1934/1/3 1929/1/3 1928/1/3
f 1936/3/3 1922/3/3 1931/3/3
f 1936/1/3 1913/1/3 1922/1/3
f 1937/1/3 1913/1/3 1936/1/3
f 1938/1/3 1935/1/3 1934/1/3
f 1940/3/3 1927/3/3 1926/3/3
f 1943/1/3 1934/1/3 1928/1/3
f 1943/1/3 1939/1/3 1938/1/3
f 1943/1/3 1938/1/3 1934/1/3
f 1944/1/3 1939/1/3 1943/1/3
f 1945/1/3 1939/1/3 1944/1/3
f 1946/1/3 1939/1/3 1945/1/3
f 1947/3/3 1943/3/3 1942/3/3
f 1947/1/3 1944/1/3 1943/1/3
f 1948/3/3 1945/3/3 1944/3/3
f 1948/1/3 1944/1/3 1947/1/3
f 1951/3/3 1937/3/3 1936/3/3
f 1951/3/3 1936/3/3 1931/3/3
f 1952/3/3 1937/3/3 1951/3/3
f 1953/3/3 1948/3/3 1947/3/3
f 1953/3/3 1945/3/3 1948/3/3
f 1954/3/3 1945/3/3 1953/3/3
f 1955/1/3 1950/1/3 1949/1/3
f 1958/1/3 1956/1/3 1955/1/3
f 1958/1/3 1955/1/3 1949/1/3
f 1959/1/3 1956/1/3 1958/1/3
f 1961/3/3 1953/3/3 1947/3/3
f 1962/3/3 1953/3/3 1961/3/3
f 1963/1/3 1960/1/3 1959/1/3
f 1963/1/3 1958/1/3 1957/1/3
f 1963/1/3 1959/1/3 1958/1/3
f 1964/1/3 1960/1/3 1963/1/3
f 1965/1/3 1960/1/3 1964/1/3
f 1967/1/3 1963/1/3 1957/1/3
f 1968/3/3 1964/3/3 1963/3/3
f 1968/1/3 1963/1/3 1967/1/3
f 1969/3/3 1964/3/3 1968/3/3
f 1970/3/3 1964/3/3 1969/3/3
f 1971/3/3 1941/3/3 1940/3/3
f 1971/3/3 1940/3/3 1926/3/3
f 1971/3/3 1926/3/3 1923/3/3
f 1971/3/3 1923/3/3 1916/3/3
f 1972/3/3 1941/3/3 1971/3/3
f 1973/3/3 1961/3/3 1947/3/3
f 1974/3/3 1961/3/3 1973/3/3
f 1975/3/3 1969/3/3 1968/3/3
f 1975/3/3 1968/3/3 1967/3/3
f 1975/3/3 1967/3/3 1966/3/3
f 1976/3/3 1969/3/3 1975/3/3
f 1979/3/3 1951/3/3 1931/3/3
f 1980/3/3 1951/3/3 1979/3/3
f 1981/3/3 1973/3/3 1947/3/3
f 1981/3/3 1947/3/3 1942/3/3
f 1982/3/3 1973/3/3 1981/3/3
f 1984/3/3 1975/3/3 1966/3/3
f 1985/3/3 1975/3/3 1984/3/3
f 1986/3/3 1975/3/3 1985/3/3
f 1988/1/3 1978/1/3 1977/1/3
f 1989/1/3 1978/1/3 1988/1/3
f 1990/3/3 1941/3/3 1972/3/3
f 1991/3/3 1941/3/3 1990/3/3
f 1995/3/3 1984/3/3 1983/3/3
f 1995/3/3 1985/3/3 1984/3/3
f 1996/3/3 1985/3/3 1995/3/3
f 1997/3/3 1985/3/3 1996/3/3
f 1999/3/3 1989/3/3 1988/3/3
f 1999/3/3 1988/3/3 1987/3/3
f 2000/3/3 1989/3/3 1999/3/3
f 2001/3/3 1989/3/3 2000/3/3
f 2003/3/3 1951/3/3 1980/3/3
f 2004/3/3 1951/3/3 2003/3/3
f 2005/3/3 1993/3/3 1992/3/3
f 2007/3/3 1996/3/3 1995/3/3
f 2007/3/3 1995/3/3 1994/3/3
f 2008/3/3 1996/3/3 2007/3/3
f 2009/3/3 1996/3/3 2008/3/3
f 2010/3/3 1996/3/3 2009/3/3
f 2011/3/3 2003/3/3 1980/3/3
f 2012/4/3 2004/4/3 2003/4/3
f 2012/3/3 2003/3/3 2011/3/3
f 2013/3/3 1990/3/3 1972/3/3
f 2014/3/3 1990/3/3 2013/3/3
f 2015/3/3 2009/3/3 2008/3/3
f 2016/3/3 2009/3/3 2015/3/3
f 2017/3/3 2000/3/3 1999/3/3
f 2017/3/3 1999/3/3 1998/3/3
f 2018/3/3 2000/3/3 2017/3/3
f 2019/3/3 2002/3/3 2001/3/3
f 2020/3/3 2002/3/3 2019/3/3
f 2021/3/3 2011/3/3 1980/3/3
f 2022/4/3 2012/4/3 2011/4/3
f 2022/3/3 2011/3/3 2021/3/3
f 2023/3/3 2013/3/3 1972/3/3
f 2024/4/3 2014/4/3 2013/4/3
f 2024/3/3 2013/3/3 2023/3/3
f 2025/3/3 2006/3/3 2005/3/3
f 2025/3/3 2005/3/3 1992/3/3
f 2026/3/3 2006/3/3 2025/3/3
f 2028/3/3 2000/3/3 2018/3/3
f 2029/3/3 2000/3/3 2028/3/3
f 2030/3/3 2019/3/3 2001/3/3
f 2031/3/3 2019/3/3 2030/3/3
f 2032/3/3 2023/3/3 1972/3/3
f 2033/4/3 2024/4/3 2023/4/3
f 2033/3/3 2023/3/3 2032/3/3
f 2035/4/3 2026/4/3 2025/4/3
f 2036/3/3 2006/3/3 2026/3/3
f 2036/4/3 2026/4/3 2035/4/3
f 2037/3/3 2006/3/3 2036/3/3
f 2040/4/3 2022/4/3 2021/4/3
f 2041/4/3 2004/4/3 2012/4/3
f 2041/4/3 2022/4/3 2040/4/3
f 2041/4/3 2012/4/3 2022/4/3
f 2042/4/3 2033/4/3 2032/4/3
f 2043/4/3 2024/4/3 2033/4/3
f 2043/4/3 2033/4/3 2042/4/3
f 2044/3/3 2028/3/3 2027/3/3
f 2045/3/3 2028/3/3 2044/3/3
f 2046/4/3 2024/4/3 2043/4/3
f 2047/4/3 2014/4/3 2024/4/3
f 2047/4/3 2024/4/3 2046/4/3
f 2048/3/3 2039/3/3 2038/3/3
f 2049/3/3 2039/3/3 2048/3/3
f 2050/4/3 2035/4/3 2034/4/3
f 2051/4/3 2035/4/3 2050/4/3
f 2054/4/3 2053/4/3 2052/4/3
f 2055/4/3 2053/4/3 2054/4/3
f 2058/3/3 2057/3/3 2056/3/3
f 2059/3/3 2057/3/3 2058/3/3
f 2066/1/3 2065/1/3 2064/1/3
f 2067/1/3 2065/1/3 2066/1/3
f 2068/1/3 2065/1/3 2067/1/3
f 2069/2/3 2068/2/3 2067/2/3
f 2070/2/3 2061/2/3 2060/2/3
f 2072/2/3 2068/2/3 2069/2/3
f 2075/2/3 2063/2/3 2062/2/3
f 2076/2/3 2074/2/3 2073/2/3
f 2076/2/3 2072/2/3 2069/2/3
f 2076/2/3 2073/2/3 2072/2/3
f 2077/2/3 2074/2/3 2076/2/3
f 2078/2/3 2074/2/3 2077/2/3
f 2079/2/3 2074/2/3 2078/2/3
f 2083/2/3 2063/2/3 2075/2/3
f 2085/2/3 2081/2/3 2080/2/3
f 2086/2/3 2081/2/3 2085/2/3
f 2086/2/3 2085/2/3 2084/2/3
f 2087/2/3 2081/2/3 2086/2/3
f 2089/2/3 2086/2/3 2084/2/3
f 2090/2/3 2086/2/3 2089/2/3
f 2090/2/3 2089/2/3 2088/2/3
f 2091/2/3 2086/2/3 2090/2/3
f 2095/2/3 2083/2/3 2082/2/3
f 2095/2/3 2063/2/3 2083/2/3
f 2098/2/3 2090/2/3 2088/2/3
f 2102/3/3 2093/3/3 2092/3/3
f 2103/1/3 2094/1/3 2093/1/3
f 2103/3/3 2093/3/3 2102/3/3
f 2104/1/3 2094/1/3 2103/1/3
f 2106/2/3 2071/2/3 2070/2/3
f 2108/2/3 2078/2/3 2077/2/3
f 2109/2/3 2098/2/3 2097/2/3
f 2110/2/3 2090/2/3 2098/2/3
f 2110/2/3 2098/2/3 2109/2/3
f 2111/2/3 2090/2/3 2110/2/3
f 2113/2/3 2101/2/3 2100/2/3
f 2113/2/3 2100/2/3 2099/2/3
f 2114/2/3 2101/2/3 2113/2/3
f 2115/2/3 2101/2/3 2114/2/3
f 2116/3/3 2103/3/3 2102/3/3
f 2116/3/3 2104/3/3 2103/3/3
f 2117/3/3 2104/3/3 2116/3/3
f 2118/1/3 2105/1/3 2104/1/3
f 2118/3/3 2104/3/3 2117/3/3
f 2119/1/3 2105/1/3 2118/1/3
f 2121/2/3 2109/2/3 2108/2/3
f 2121/2/3 2108/2/3 2077/2/3
f 2121/2/3 2110/2/3 2109/2/3
f 2122/2/3 2110/2/3 2121/2/3
f 2123/2/3 2110/2/3 2122/2/3
f 2124/2/3 2110/2/3 2123/2/3
f 2125/2/3 2110/2/3 2124/2/3
f 2126/2/3 2110/2/3 2125/2/3
f 2128/2/3 2113/2/3 2112/2/3
f 2128/2/3 2114/2/3 2113/2/3
f 2129/2/3 2114/2/3 2128/2/3
f 2130/2/3 2114/2/3 2129/2/3
f 2132/3/3 2117/3/3 2116/3/3
f 2133/3/3 2117/3/3 2132/3/3
f 2134/2/3 2096/2/3 2095/2/3
f 2134/2/3 2095/2/3 2082/2/3
f 2135/2/3 2124/2/3 2123/2/3
f 2136/2/3 2124/2/3 2135/2/3
f 2141/2/3 2129/2/3 2128/2/3
f 2141/2/3 2128/2/3 2127/2/3
f 2142/2/3 2121/2/3 2120/2/3
f 2142/2/3 2122/2/3 2121/2/3
f 2143/2/3 2139/2/3 2138/2/3
f 2144/2/3 2141/2/3 2140/2/3
f 2145/2/3 2129/2/3 2141/2/3
f 2145/2/3 2141/2/3 2144/2/3
f 2146/2/3 2129/2/3 2145/2/3
f 2148/5/3 2132/5/3 2131/5/3
f 2149/5/3 2132/5/3 2148/5/3
f 2150/2/3 2107/2/3 2106/2/3
f 2151/2/3 2122/2/3 2142/2/3
f 2152/2/3 2137/2/3 2136/2/3
f 2153/2/3 2143/2/3 2138/2/3
f 2153/2/3 2144/2/3 2143/2/3
f 2154/2/3 2144/2/3 2153/2/3
f 2155/2/3 2144/2/3 2154/2/3
f 2156/2/3 2147/2/3 2146/2/3
f 2156/2/3 2146/2/3 2145/2/3
f 2157/2/3 2147/2/3 2156/2/3
f 2158/2/3 2149/2/3 2148/2/3
f 2159/2/3 2149/2/3 2158/2/3
f 2160/2/3 2070/2/3 2060/2/3
f 2160/2/3 2150/2/3 2106/2/3
f 2160/2/3 2106/2/3 2070/2/3
f 2161/2/3 2150/2/3 2160/2/3
f 2162/2/3 2096/2/3 2134/2/3
f 2163/2/3 2096/2/3 2162/2/3
f 2164/2/3 2151/2/3 2142/2/3
f 2165/2/3 2151/2/3 2164/2/3
f 2167/2/3 2152/2/3 2136/2/3
f 2167/2/3 2154/2/3 2153/2/3
f 2167/2/3 2153/2/3 2152/2/3
f 2168/2/3 2156/2/3 2145/2/3
f 2169/2/3 2156/2/3 2168/2/3
f 2170/2/3 2159/2/3 2158/2/3
f 2170/2/3 2158/2/3 2157/2/3
f 2171/2/3 2159/2/3 2170/2/3
f 2173/2/3 2164/2/3 2142/2/3
f 2174/2/3 2164/2/3 2173/2/3
f 2175/5/3 2166/5/3 2165/5/3
f 2176/5/3 2166/5/3 2175/5/3
f 2177/2/3 2154/2/3 2167/2/3
f 2178/2/3 2154/2/3 2177/2/3
f 2181/2/3 2168/2/3 2145/2/3
f 2182/2/3 2168/2/3 2181/2/3
f 2184/2/3 2170/2/3 2157/2/3
f 2187/3/3 2176/3/3 2175/3/3
f 2188/3/3 2176/3/3 2187/3/3
f 2189/2/3 2177/2/3 2167/2/3
f 2190/2/3 2177/2/3 2189/2/3
f 2192/2/3 2180/2/3 2179/2/3
f 2193/2/3 2180/2/3 2192/2/3
f 2195/2/3 2184/2/3 2183/2/3
f 2196/2/3 2170/2/3 2184/2/3
f 2196/2/3 2184/2/3 2195/2/3
f 2197/2/3 2172/2/3 2171/2/3
f 2198/2/3 2172/2/3 2197/2/3
f 2200/3/3 2186/3/3 2185/3/3
f 2201/3/3 2186/3/3 2200/3/3
f 2202/3/3 2190/3/3 2189/3/3
f 2202/4/3 2189/4/3 2188/4/3
f 2203/3/3 2190/3/3 2202/3/3
f 2204/2/3 2194/2/3 2193/2/3
f 2204/2/3 2193/2/3 2192/2/3
f 2204/2/3 2192/2/3 2191/2/3
f 2205/2/3 2194/2/3 2204/2/3
f 2210/5/3 2200/5/3 2199/5/3
f 2211/5/3 2200/5/3 2210/5/3
f 2212/4/3 2203/4/3 2202/4/3
f 2212/4/3 2202/4/3 2188/4/3
f 2213/4/3 2203/4/3 2212/4/3
f 2215/2/3 2194/2/3 2205/2/3
f 2216/2/3 2194/2/3 2215/2/3
f 2217/2/3 2207/2/3 2206/2/3
f 2218/2/3 2207/2/3 2217/2/3
f 2220/2/3 2209/2/3 2208/2/3
f 2221/2/3 2209/2/3 2220/2/3
f 2222/3/3 2214/3/3 2213/3/3
f 2223/5/3 2215/5/3 2214/5/3
f 2223/3/3 2214/3/3 2222/3/3
f 2224/5/3 2215/5/3 2223/5/3
f 2225/2/3 2219/2/3 2218/2/3
f 2226/2/3 2219/2/3 2225/2/3
f 2229/4/3 2228/4/3 2227/4/3
f 2230/4/3 2228/4/3 2229/4/3
f 2235/2/3 2232/2/3 2231/2/3
f 2236/2/3 2232/2/3 2235/2/3
f 2237/2/3 2234/2/3 2233/2/3
f 2238/2/3 2234/2/3 2237/2/3
f 2241/3/3 2240/3/3 2239/3/3
f 2242/3/3 2240/3/3 2241/3/3
f 2248/3/3 2244/3/3 2243/3/3
f 2248/3/3 2245/3/3 2244/3/3
f 2249/3/3 2245/3/3 2248/3/3
f 2250/5/3 2247/5/3 2246/5/3
f 2251/5/3 2247/5/3 2250/5/3
f 2252/3/3 2248/3/3 2243/3/3
f 2253/3/3 2248/3/3 2252/3/3
f 2256/5/3 2247/5/3 2251/5/3
f 2257/5/3 2247/5/3 2256/5/3
f 2259/5/3 2255/5/3 2254/5/3
f 2266/5/3 2261/5/3 2260/5/3
f 2268/5/3 2259/5/3 2258/5/3
f 2269/5/3 2259/5/3 2268/5/3
f 2270/5/3 2255/5/3 2259/5/3
f 2270/5/3 2259/5/3 2269/5/3
f 2271/5/3 2255/5/3 2270/5/3
f 2272/5/3 2263/5/3 2262/5/3
f 2273/5/3 2261/5/3 2266/5/3
f 2274/5/3 2261/5/3 2273/5/3
f 2275/5/3 2269/5/3 2268/5/3
f 2275/5/3 2268/5/3 2267/5/3
f 2276/5/3 2269/5/3 2275/5/3
f 2277/5/3 2269/5/3 2276/5/3
f 2278/5/3 2269/5/3 2277/5/3
f 2279/5/3 2272/5/3 2271/5/3
f 2279/5/3 2271/5/3 2270/5/3
f 2280/5/3 2272/5/3 2279/5/3
f 2281/5/3 2263/5/3 2272/5/3
f 2281/5/3 2272/5/3 2280/5/3
f 2282/5/3 2265/5/3 2264/5/3
f 2283/5/3 2265/5/3 2282/5/3
f 2285/3/3 2276/3/3 2275/3/3
f 2286/5/3 2277/5/3 2276/5/3
f 2286/3/3 2276/3/3 2285/3/3
f 2287/5/3 2277/5/3 2286/5/3
f 2289/5/3 2284/5/3 2283/5/3
f 2289/5/3 2283/5/3 2282/5/3
f 2289/5/3 2281/5/3 2280/5/3
f 2289/5/3 2282/5/3 2281/5/3
f 2290/5/3 2284/5/3 2289/5/3
f 2291/5/3 2284/5/3 2290/5/3
f 2292/5/3 2284/5/3 2291/5/3
f 2293/5/3 2288/5/3 2287/5/3
f 2294/5/3 2288/5/3 2293/5/3
f 2295/5/3 2289/5/3 2280/5/3
f 2297/5/3 2292/5/3 2291/5/3
f 2298/5/3 2292/5/3 2297/5/3
f 2299/5/3 2292/5/3 2298/5/3
f 2304/5/3 2295/5/3 2294/5/3
f 2305/5/3 2289/5/3 2295/5/3
f 2305/5/3 2295/5/3 2304/5/3
f 2306/5/3 2297/5/3 2296/5/3
f 2307/5/3 2297/5/3 2306/5/3
f 2308/5/3 2299/5/3 2298/5/3
f 2308/5/3 2300/5/3 2299/5/3
f 2308/5/3 2301/5/3 2300/5/3
f 2309/5/3 2301/5/3 2308/5/3
f 2310/5/3 2301/5/3 2309/5/3
f 2311/5/3 2301/5/3 2310/5/3
f 2312/5/3 2303/5/3 2302/5/3
f 2313/5/3 2303/5/3 2312/5/3
f 2314/5/3 2307/5/3 2306/5/3
f 2314/5/3 2306/5/3 2305/5/3
f 2314/5/3 2305/5/3 2304/5/3
f 2314/5/3 2308/5/3 2307/5/3
f 2315/5/3 2308/5/3 2314/5/3
f 2316/5/3 2308/5/3 2315/5/3
f 2317/5/3 2308/5/3 2316/5/3
f 2318/5/3 2316/5/3 2315/5/3
f 2319/5/3 2316/5/3 2318/5/3
f 2320/5/3 2308/5/3 2317/5/3
f 2321/5/3 2308/5/3 2320/5/3
f 2322/5/3 2310/5/3 2309/5/3
f 2323/5/3 2310/5/3 2322/5/3
f 2324/5/3 2316/5/3 2319/5/3
f 2325/5/3 2316/5/3 2324/5/3
f 2326/5/3 2320/5/3 2317/5/3
f 2330/5/3 2326/5/3 2317/5/3
f 2331/5/3 2326/5/3 2330/5/3
f 2332/5/3 2328/5/3 2327/5/3
f 2333/5/3 2328/5/3 2332/5/3
f 2334/5/3 2331/5/3 2330/5/3
f 2334/5/3 2330/5/3 2329/5/3
f 2334/5/3 2332/5/3 2331/5/3
f 2335/5/3 2332/5/3 2334/5/3
f 2336/5/3 2332/5/3 2335/5/3
f 2337/5/3 2332/5/3 2336/5/3
f 2342/5/3 2341/5/3 2340/5/3
f 2343/5/3 2341/5/3 2342/5/3
f 2344/5/3 2339/5/3 2338/5/3
f 2345/5/3 2339/5/3 2344/5/3
f 2352/5/3 2347/5/3 2346/5/3
f 2353/5/3 2347/5/3 2352/5/3
f 2354/3/3 2349/3/3 2348/3/3
f 2355/3/3 2349/3/3 2354/3/3
f 2357/5/3 2351/5/3 2350/5/3
f 2358/5/3 2357/5/3 2356/5/3
f 2359/5/3 2351/5/3 2357/5/3
f 2359/5/3 2357/5/3 2358/5/3
f 2369/5/3 2361/5/3 2360/5/3
f 2370/5/3 2361/5/3 2369/5/3
f 2371/5/3 2365/5/3 2364/5/3
f 2372/5/3 2365/5/3 2371/5/3
f 2373/3/3 2367/3/3 2366/3/3
f 2374/3/3 2367/3/3 2373/3/3
f 2375/5/3 2363/5/3 2362/5/3
f 2376/5/3 2370/5/3 2369/5/3
f 2376/5/3 2369/5/3 2368/5/3
f 2376/5/3 2371/5/3 2370/5/3
f 2377/5/3 2371/5/3 2376/5/3
f 2378/5/3 2371/5/3 2377/5/3
f 2381/5/3 2363/5/3 2375/5/3
f 2382/5/3 2363/5/3 2381/5/3
f 2387/5/3 2380/5/3 2379/5/3
f 2389/5/3 2385/5/3 2384/5/3
f 2389/5/3 2384/5/3 2383/5/3
f 2390/5/3 2385/5/3 2389/5/3
f 2391/5/3 2387/5/3 2386/5/3
f 2392/5/3 2380/5/3 2387/5/3
f 2392/5/3 2387/5/3 2391/5/3
f 2394/5/3 2389/5/3 2388/5/3
f 2397/5/3 2394/5/3 2393/5/3
f 2398/5/3 2389/5/3 2394/5/3
f 2398/5/3 2394/5/3 2397/5/3
f 2399/5/3 2396/5/3 2395/5/3
f 2400/5/3 2396/5/3 2399/5/3
f 2403/5/3 2402/5/3 2401/5/3
f 2404/5/3 2402/5/3 2403/5/3
f 2406/5/3 2405/5/3 2404/5/3
f 2407/5/3 2405/5/3 2406/5/3
f 2410/3/3 2409/3/3 2408/3/3
f 2411/3/3 2409/3/3 2410/3/3
f 2416/5/3 2415/5/3 2414/5/3
f 2417/5/3 2415/5/3 2416/5/3
f 2418/5/3 2413/5/3 2412/5/3
f 2419/5/3 2413/5/3 2418/5/3
f 2424/5/3 2421/5/3 2420/5/3
f 2425/5/3 2421/5/3 2424/5/3
f 2427/3/3 2423/3/3 2422/3/3
f 2428/3/3 2423/3/3 2427/3/3
f 2430/5/3 2426/5/3 2425/5/3
f 2431/5/3 2426/5/3 2430/5/3
f 2434/5/3 2432/5/3 2431/5/3
f 2434/5/3 2431/5/3 2430/5/3
f 2434/5/3 2430/5/3 2429/5/3
f 2435/5/3 2432/5/3 2434/5/3
f 2436/5/3 2432/5/3 2435/5/3
f 2437/5/3 2434/5/3 2433/5/3
f 2437/5/3 2435/5/3 2434/5/3
f 2438/5/3 2435/5/3 2437/5/3
f 2439/5/3 2435/5/3 2438/5/3
f 2440/5/3 2435/5/3 2439/5/3
f 2442/5/3 2439/5/3 2438/5/3
f 2443/5/3 2439/5/3 2442/5/3
f 2444/5/3 2442/5/3 2441/5/3
f 2444/5/3 2443/5/3 2442/5/3
f 2445/5/3 2443/5/3 2444/5/3
f 2446/5/3 2443/5/3 2445/5/3
f 2447/5/3 2443/5/3 2446/5/3
f 2448/5/3 2446/5/3 2445/5/3
f 2449/5/3 2446/5/3 2448/5/3
f 2452/3/3 2451/3/3 2450/3/3
f 2453/3/3 2451/3/3 2452/3/3
f 2456/3/3 2455/3/3 2454/3/3
f 2457/3/3 2455/3/3 2456/3/3
f 2460/5/3 2459/5/3 2458/5/3
f 2461/5/3 2459/5/3 2460/5/3
f 2466/5/3 2463/5/3 2462/5/3
f 2467/5/3 2463/5/3 2466/5/3
f 2468/3/3 2465/3/3 2464/3/3
f 2469/3/3 2465/3/3 2468/3/3
f 2473/5/3 2471/5/3 2470/5/3
f 2474/5/3 2471/5/3 2473/5/3
f 2477/5/3 2473/5/3 2472/5/3
f 2478/5/3 2473/5/3 2477/5/3
f 2479/5/3 2476/5/3 2475/5/3
f 2480/5/3 2476/5/3 2479/5/3
f 2486/5/3 2483/5/3 2482/5/3
f 2486/5/3 2482/5/3 2481/5/3
f 2487/5/3 2483/5/3 2486/5/3
f 2488/5/3 2485/5/3 2484/5/3
f 2489/5/3 2485/5/3 2488/5/3
f 2490/5/3 2483/5/3 2487/5/3
f 2491/5/3 2483/5/3 2490/5/3
f 2494/3/3 2493/3/3 2492/3/3
f 2495/3/3 2493/3/3 2494/3/3
f 2498/3/3 2497/3/3 2496/3/3
f 2499/3/3 2497/3/3 2498/3/3
f 2502/5/3 2501/5/3 2500/5/3
f 2503/5/3 2501/5/3 2502/5/3
f 2508/3/3 2505/3/3 2504/3/3
f 2509/3/3 2505/3/3 2508/3/3
f 2510/5/3 2507/5/3 2506/5/3
f 2511/5/3 2507/5/3 2510/5/3
f 2514/5/3 2513/5/3 2512/5/3
f 2515/5/3 2513/5/3 2514/5/3
f 2517/5/3 2516/5/3 2515/5/3
f 2518/5/3 2516/5/3 2517/5/3
f 2521/5/3 2519/5/3 2518/5/3
f 2522/5/3 2519/5/3 2521/5/3
f 2524/5/3 2521/5/3 2520/5/3
f 2525/5/3 2524/5/3 2523/5/3
f 2526/5/3 2521/5/3 2524/5/3
f 2526/5/3 2524/5/3 2525/5/3
f 2527/5/3 2521/5/3 2526/5/3
f 2528/5/3 2521/5/3 2527/5/3
f 2531/3/3 2530/3/3 2529/3/3
f 2532/3/3 2530/3/3 2531/3/3
f 2535/5/3 2534/5/3 2533/5/3
f 2536/5/3 2534/5/3 2535/5/3
f 2546/5/3 2538/5/3 2537/5/3
f 2547/5/3 2538/5/3 2546/5/3
f 2548/3/3 2540/3/3 2539/3/3
f 2549/3/3 2540/3/3 2548/3/3
f 2550/3/3 2542/3/3 2541/3/3
f 2551/5/3 2543/5/3 2542/5/3
f 2551/3/3 2542/3/3 2550/3/3
f 2552/5/3 2543/5/3 2551/5/3
f 2553/5/3 2545/5/3 2544/5/3
f 2554/5/3 2545/5/3 2553/5/3
f 2557/5/3 2556/5/3 2555/5/3
f 2558/5/3 2556/5/3 2557/5/3
f 2561/5/3 2560/5/3 2559/5/3
f 2562/5/3 2560/5/3 2561/5/3
f 2565/5/3 2564/5/3 2563/5/3
f 2566/5/3 2564/5/3 2565/5/3
f 2569/3/3 2568/3/3 2567/3/3
f 2570/3/3 2568/3/3 2569/3/3
f 2574/5/3 2572/5/3 2571/5/3
f 2575/5/3 2572/5/3 2574/5/3
f 2577/5/3 2575/5/3 2574/5/3
f 2577/5/3 2576/5/3 2575/5/3
f 2577/5/3 2574/5/3 2573/5/3
f 2578/5/3 2576/5/3 2577/5/3
f 2579/5/3 2576/5/3 2578/5/3
f 2580/5/3 2576/5/3 2579/5/3
f 2583/5/3 2582/5/3 2581/5/3
f 2584/5/3 2582/5/3 2583/5/3
f 2587/3/3 2586/3/3 2585/3/3
f 2588/3/3 2586/3/3 2587/3/3
f 2591/5/3 2590/5/3 2589/5/3
f 2592/5/3 2590/5/3 2591/5/3
f 2595/5/3 2594/5/3 2593/5/3
f 2596/5/3 2594/5/3 2595/5/3
f 2599/5/3 2598/5/3 2597/5/3
f 2600/5/3 2598/5/3 2599/5/3
f 2602/5/3 2601/5/3 2600/5/3
f 2603/5/3 2601/5/3 2602/5/3
f 2604/5/3 2601/5/3 2603/5/3
f 2605/5/3 2601/5/3 2604/5/3
f 2611/5/3 2607/5/3 2606/5/3
f 2612/5/3 2607/5/3 2611/5/3
f 2613/5/3 2609/5/3 2608/5/3
f 2614/5/3 2609/5/3 2613/5/3
f 2615/5/3 2611/5/3 2610/5/3
f 2616/5/3 2611/5/3 2615/5/3
f 2618/5/3 2609/5/3 2614/5/3
f 2619/5/3 2609/5/3 2618/5/3
f 2621/5/3 2617/5/3 2616/5/3
f 2622/5/3 2617/5/3 2621/5/3
f 2627/5/3 2620/5/3 2619/5/3
f 2628/5/3 2620/5/3 2627/5/3
f 2629/5/3 2624/5/3 2623/5/3
f 2630/5/3 2624/5/3 2629/5/3
f 2631/5/3 2626/5/3 2625/5/3
f 2632/5/3 2626/5/3 2631/5/3
f 2635/5/3 2634/5/3 2633/5/3
f 2636/5/3 2634/5/3 2635/5/3
f 2639/3/3 2638/3/3 2637/3/3
f 2640/3/3 2638/3/3 2639/3/3
f 2643/5/3 2642/5/3 2641/5/3
f 2644/5/3 2642/5/3 2643/5/3
f 2647/5/3 2646/5/3 2645/5/3
f 2648/5/3 2646/5/3 2647/5/3
f 2653/5/3 2650/5/3 2649/5/3
f 2653/5/3 2652/5/3 2651/5/3
f 2653/5/3 2651/5/3 2650/5/3
f 2654/5/3 2652/5/3 2653/5/3
f 2655/5/3 2653/5/3 2649/5/3
f 2656/5/3 2653/5/3 2655/5/3
f 2659/5/3 2658/5/3 2657/5/3
f 2660/5/3 2658/5/3 2659/5/3
f 2663/1/3 2662/1/3 2661/1/3
f 2664/1/3 2662/1/3 2663/1/3
f 2667/5/3 2666/5/3 2665/5/3
f 2668/5/3 2666/5/3 2667/5/3
f 2671/5/3 2670/5/3 2669/5/3
f 2672/5/3 2670/5/3 2671/5/3
f 2675/5/3 2674/5/3 2673/5/3
f 2676/5/3 2674/5/3 2675/5/3
f 2679/1/3 2678/1/3 2677/1/3
f 2680/1/3 2678/1/3 2679/1/3
f 2681/3/3 2680/3/3 2679/3/3
f 2682/3/3 2680/3/3 2681/3/3
f 2683/3/3 2680/3/3 2682/3/3
f 2684/2/3 2683/2/3 2682/2/3
f 2685/2/3 2683/2/3 2684/2/3
f 2686/5/3 2685/5/3 2684/5/3
f 2687/5/3 2685/5/3 2686/5/3
f 2689/5/3 2688/5/3 2687/5/3
f 2690/5/3 2688/5/3 2689/5/3
f 2693/5/3 2692/5/3 2691/5/3
f 2694/5/3 2692/5/3 2693/5/3
f 2699/5/3 2696/5/3 2695/5/3
f 2700/5/3 2696/5/3 2699/5/3
f 2701/5/3 2698/5/3 2697/5/3
f 2702/5/3 2698/5/3 2701/5/3
f 2705/3/3 2704/3/3 2703/3/3
f 2706/3/3 2704/3/3 2705/3/3
f 2707/4/3 2706/4/3 2705/4/3
f 2708/4/3 2706/4/3 2707/4/3
f 2711/3/3 2710/3/3 2709/3/3
f 2712/3/3 2710/3/3 2711/3/3
f 2715/3/3 2714/3/3 2713/3/3
f 2716/3/3 2714/3/3 2715/3/3
f 2717/1/4 2718/1/4 2719/1/4
f 2719/1/4 2718/1/4 2720/1/4
f 2721/3/4 2722/3/4 2723/3/4
f 2723/3/4 2722/3/4 2724/3/4
f 2724/3/4 2722/3/4 2725/3/4
f 2726/3/4 2727/3/4 2728/3/4
f 2728/3/4 2727/3/4 2729/3/4
f 2730/3/4 2731/3/4 2732/3/4
f 2732/3/4 2731/3/4 2733/3/4
f 2734/2/4 2735/2/4 2736/2/4
f 2736/2/4 2735/2/4 2737/2/4
f 2738/2/4 2739/2/4 2740/2/4
f 2740/2/4 2739/2/4 2741/2/4
f 2742/2/4 2743/2/4 2744/2/4
f 2744/2/4 2743/2/4 2745/2/4
f 2746/5/4 2747/5/4 2748/5/4
f 2748/5/4 2747/5/4 2749/5/4
f 2750/4/4 2751/4/4 2752/4/4
f 2752/4/4 2751/4/4 2753/4/4
f 2754/2/4 2755/2/4 2756/2/4
f 2756/2/4 2755/2/4 2757/2/4
f 2758/3/4 2759/3/4 2760/3/4
f 2760/3/4 2759/3/4 2761/3/4
f 2762/1/4 2763/1/4 2764/1/4
f 2764/1/4 2763/1/4 2765/1/4
f 2765/3/4 2766/3/4 2767/3/4
f 2767/3/4 2766/3/4 2768/3/4
f 2769/5/4 2770/5/4 2774/5/4
f 2774/5/4 2770/5/4 2775/5/4
f 2771/3/4 2772/3/4 2776/3/4
f 2772/1/4 2773/1/4 2777/1/4
f 2776/3/4 2772/3/4 2777/3/4
f 2777/1/4 2773/1/4 2778/1/4
f 2778/3/4 2779/3/4 2780/3/4
f 2777/3/4 2778/3/4 2780/3/4
f 2780/3/4 2779/3/4 2781/3/4
f 2777/3/4 2780/3/4 2782/3/4
f 2782/3/4 2780/3/4 2783/3/4
f 2784/5/4 2785/5/4 2788/5/4
f 2788/5/4 2785/5/4 2789/5/4
f 2786/3/4 2787/3/4 2790/3/4
f 2790/3/4 2787/3/4 2791/3/4
f 2792/5/4 2793/5/4 2794/5/4
f 2794/5/4 2793/5/4 2795/5/4
f 2796/3/4 2797/3/4 2798/3/4
f 2798/3/4 2797/3/4 2799/3/4
f 2800/5/4 2801/5/4 2802/5/4
f 2802/5/4 2801/5/4 2803/5/4
f 2804/3/4 2805/3/4 2806/3/4
f 2806/3/4 2805/3/4 2807/3/4
f 2808/5/4 2809/5/4 2812/5/4
f 2812/5/4 2809/5/4 2813/5/4
f 2810/4/4 2811/4/4 2814/4/4
f 2814/4/4 2811/4/4 2815/4/4
f 2816/5/4 2817/5/4 2818/5/4
f 2818/5/4 2817/5/4 2819/5/4
f 2822/5/4 2823/5/4 2824/5/4
f 2824/5/4 2823/5/4 2825/5/4
f 2820/5/4 2821/5/4 2826/5/4
f 2826/5/4 2821/5/4 2827/5/4
f 2829/5/4 2830/5/4 2833/5/4
f 2833/5/4 2830/5/4 2834/5/4
f 2831/5/4 2832/5/4 2835/5/4
f 2835/5/4 2832/5/4 2836/5/4
f 2827/5/4 2828/5/4 2837/5/4
f 2837/5/4 2828/5/4 2838/5/4
f 2839/3/4 2840/3/4 2841/3/4
f 2841/3/4 2840/3/4 2842/3/4
f 2843/5/4 2844/5/4 2845/5/4
f 2845/5/4 2844/5/4 2846/5/4
f 2847/5/4 2848/5/4 2851/5/4
f 2851/5/4 2848/5/4 2852/5/4
f 2849/5/4 2850/5/4 2853/5/4
f 2853/5/4 2850/5/4 2854/5/4
f 2851/3/4 2852/3/4 2855/3/4
f 2852/5/4 2853/5/4 2856/5/4
f 2855/3/4 2852/3/4 2856/3/4
f 2856/5/4 2853/5/4 2857/5/4
f 2856/3/4 2857/3/4 2860/3/4
f 2860/3/4 2857/3/4 2861/3/4
f 2858/5/4 2859/5/4 2862/5/4
f 2862/5/4 2859/5/4 2863/5/4
f 2864/3/4 2865/3/4 2866/3/4
f 2866/3/4 2865/3/4 2867/3/4
f 2868/3/4 2869/3/4 2870/3/4
f 2870/3/4 2869/3/4 2871/3/4
f 2871/3/4 2869/3/4 2872/3/4
f 2873/5/4 2874/5/4 2877/5/4
f 2877/5/4 2874/5/4 2878/5/4
f 2875/5/4 2876/5/4 2879/5/4
f 2879/5/4 2876/5/4 2880/5/4
f 2881/3/4 2882/3/4 2884/3/4
f 2882/5/4 2883/5/4 2885/5/4
f 2884/3/4 2882/3/4 2885/3/4
f 2885/5/4 2883/5/4 2886/5/4
f 2887/5/4 2888/5/4 2889/5/4
f 2889/5/4 2888/5/4 2890/5/4
f 2891/5/4 2892/5/4 2893/5/4
f 2893/5/4 2892/5/4 2894/5/4
f 2895/3/4 2896/3/4 2897/3/4
f 2897/3/4 2896/3/4 2898/3/4
f 2899/5/4 2900/5/4 2902/5/4
f 2900/3/4 2901/3/4 2903/3/4
f 2902/5/4 2900/5/4 2903/5/4
f 2903/3/4 2901/3/4 2904/3/4
f 2905/3/4 2906/3/4 2907/3/4
f 2907/3/4 2906/3/4 2908/3/4
f 2909/5/4 2910/5/4 2911/5/4
f 2911/5/4 2910/5/4 2912/5/4
f 2913/5/4 2914/5/4 2915/5/4
f 2915/5/4 2914/5/4 2916/5/4
f 2917/5/4 2918/5/4 2919/5/4
f 2919/5/4 2918/5/4 2920/5/4
f 2921/5/4 2922/5/4 2925/5/4
f 2925/5/4 2922/5/4 2926/5/4
f 2923/5/4 2924/5/4 2927/5/4
f 2927/5/4 2924/5/4 2928/5/4
f 2928/5/4 2929/5/4 2930/5/4
f 2930/5/4 2929/5/4 2931/5/4
f 2932/5/4 2933/5/4 2934/5/4
f 2934/5/4 2933/5/4 2935/5/4
f 2936/3/4 2937/3/4 2938/3/4
f 2938/3/4 2937/3/4 2939/3/4
f 2940/5/4 2941/5/4 2942/5/4
f 2942/5/4 2941/5/4 2943/5/4
f 2944/5/4 2945/5/4 2946/5/4
f 2946/5/4 2945/5/4 2947/5/4
f 2948/5/4 2949/5/4 2950/5/4
f 2950/5/4 2949/5/4 2951/5/4
f 2952/5/4 2953/5/4 2959/5/4
f 2954/3/4 2955/3/4 2960/3/4
f 2960/3/4 2955/3/4 2961/3/4
f 2956/5/4 2957/5/4 2962/5/4
f 2962/5/4 2957/5/4 2963/5/4
f 2958/5/4 2959/5/4 2964/5/4
f 2959/5/4 2953/5/4 2965/5/4
f 2964/5/4 2959/5/4 2965/5/4
f 2965/5/4 2953/5/4 2966/5/4
f 2966/5/4 2967/5/4 2972/5/4
f 2965/5/4 2966/5/4 2972/5/4
f 2972/5/4 2967/5/4 2973/5/4
f 2968/5/4 2969/5/4 2974/5/4
f 2974/5/4 2969/5/4 2975/5/4
f 2970/5/4 2971/5/4 2976/5/4
f 2976/5/4 2971/5/4 2977/5/4
f 2973/5/4 2974/5/4 2978/5/4
f 2978/5/4 2974/5/4 2979/5/4
f 2980/3/4 2981/3/4 2982/3/4
f 2982/3/4 2981/3/4 2983/3/4
f 2984/3/4 2985/3/4 2986/3/4
f 2986/3/4 2985/3/4 2987/3/4
f 2988/5/4 2989/5/4 2990/5/4
f 2990/5/4 2989/5/4 2991/5/4
f 2990/3/4 2991/3/4 2992/3/4
f 2992/3/4 2991/3/4 2993/3/4
f 2994/5/4 2995/5/4 2996/5/4
f 2996/5/4 2995/5/4 2997/5/4
f 2998/5/4 2999/5/4 3000/5/4
f 3000/5/4 2999/5/4 3001/5/4
f 3001/5/4 3002/5/4 3003/5/4
f 3003/5/4 3002/5/4 3004/5/4
f 3005/5/4 3006/5/4 3010/5/4
f 3010/5/4 3006/5/4 3011/5/4
f 3007/5/4 3008/5/4 3012/5/4
f 3012/5/4 3008/5/4 3013/5/4
f 3009/5/4 3010/5/4 3016/5/4
f 3016/5/4 3010/5/4 3017/5/4
f 3014/5/4 3015/5/4 3020/5/4
f 3020/5/4 3015/5/4 3021/5/4
f 3018/5/4 3019/5/4 3024/5/4
f 3024/5/4 3019/5/4 3025/5/4
f 3022/5/4 3023/5/4 3028/5/4
f 3028/5/4 3023/5/4 3029/5/4
f 3026/3/4 3027/3/4 3031/3/4
f 3031/3/4 3027/3/4 3032/3/4
f 3033/5/4 3034/5/4 3035/5/4
f 3035/5/4 3034/5/4 3036/5/4
f 3037/5/4 3038/5/4 3046/5/4
f 3046/5/4 3038/5/4 3047/5/4
f 3039/5/4 3040/5/4 3048/5/4
f 3048/5/4 3040/5/4 3049/5/4
f 3043/5/4 3044/5/4 3050/5/4
f 3050/5/4 3044/5/4 3051/5/4
f 3041/5/4 3042/5/4 3052/5/4
f 3052/5/4 3042/5/4 3053/5/4
f 3029/5/4 3030/5/4 3054/5/4
f 3054/5/4 3030/5/4 3055/5/4
f 3045/5/4 3046/5/4 3056/5/4
f 3056/5/4 3046/5/4 3057/5/4
f 3058/5/4 3059/5/4 3060/5/4
f 3060/5/4 3059/5/4 3061/5/4
f 3062/5/4 3063/5/4 3064/5/4
f 3064/5/4 3063/5/4 3065/5/4
f 3066/5/4 3067/5/4 3070/5/4
f 3070/5/4 3067/5/4 3071/5/4
f 3068/5/4 3069/5/4 3072/5/4
f 3072/5/4 3069/5/4 3073/5/4
f 3075/5/4 3076/5/4 3079/5/4
f 3079/5/4 3076/5/4 3080/5/4
f 3073/5/4 3074/5/4 3082/5/4
f 3077/3/4 3078/3/4 3083/3/4
f 3083/3/4 3078/3/4 3084/3/4
f 3081/5/4 3082/5/4 3088/5/4
f 3082/5/4 3074/5/4 3089/5/4
f 3088/5/4 3082/5/4 3089/5/4
f 3089/5/4 3074/5/4 3090/5/4
f 3084/3/4 3085/3/4 3092/3/4
f 3092/3/4 3085/3/4 3093/3/4
f 3086/5/4 3087/5/4 3094/5/4
f 3094/5/4 3087/5/4 3095/5/4
f 3090/5/4 3091/5/4 3099/5/4
f 3099/5/4 3091/5/4 3100/5/4
f 3095/5/4 3096/5/4 3101/5/4
f 3101/5/4 3096/5/4 3102/5/4
f 3097/5/4 3098/5/4 3104/5/4
f 3098/5/4 3099/5/4 3104/5/4
f 3103/5/4 3104/5/4 3107/5/4
f 3104/5/4 3099/5/4 3107/5/4
f 3107/5/4 3099/5/4 3108/5/4
f 3105/5/4 3106/5/4 3111/5/4
f 3111/5/4 3106/5/4 3112/5/4
f 3103/5/4 3107/5/4 3113/5/4
f 3113/5/4 3107/5/4 3114/5/4
f 3114/5/4 3107/5/4 3115/5/4
f 3109/5/4 3110/5/4 3117/5/4
f 3117/5/4 3110/5/4 3118/5/4
f 3115/5/4 3116/5/4 3121/5/4
f 3121/5/4 3116/5/4 3122/5/4
f 3119/5/4 3120/5/4 3126/5/4
f 3126/5/4 3120/5/4 3127/5/4
f 3112/5/4 3113/5/4 3128/5/4
f 3128/5/4 3113/5/4 3129/5/4
f 3123/5/4 3124/5/4 3130/5/4
f 3130/5/4 3124/5/4 3131/5/4
f 3126/5/4 3127/5/4 3132/5/4
f 3125/5/4 3126/5/4 3132/5/4
f 3132/5/4 3127/5/4 3133/5/4
f 3133/5/4 3127/5/4 3134/5/4
f 3135/5/4 3136/5/4 3137/5/4
f 3137/5/4 3136/5/4 3138/5/4
f 3139/5/4 3140/5/4 3141/5/4
f 3141/5/4 3140/5/4 3142/5/4
f 3143/5/4 3144/5/4 3147/5/4
f 3145/5/4 3146/5/4 3149/5/4
f 3149/5/4 3146/5/4 3150/5/4
f 3147/5/4 3148/5/4 3152/5/4
f 3143/5/4 3147/5/4 3152/5/4
f 3152/5/4 3148/5/4 3153/5/4
f 3145/5/4 3149/5/4 3154/5/4
f 3150/5/4 3151/5/4 3155/5/4
f 3155/5/4 3151/5/4 3156/5/4
f 3143/5/4 3152/5/4 3159/5/4
f 3153/5/4 3148/5/4 3161/5/4
f 3161/5/4 3148/5/4 3162/5/4
f 3145/5/4 3154/5/4 3163/5/4
f 3154/5/4 3155/5/4 3163/5/4
f 3163/5/4 3155/5/4 3164/5/4
f 3157/3/4 3158/3/4 3166/3/4
f 3166/3/4 3158/3/4 3167/3/4
f 3159/5/4 3160/5/4 3168/5/4
f 3143/5/4 3159/5/4 3168/5/4
f 3168/5/4 3160/5/4 3169/5/4
f 3166/5/4 3167/5/4 3172/5/4
f 3165/5/4 3166/5/4 3172/5/4
f 3172/5/4 3167/5/4 3173/5/4
f 3143/5/4 3168/5/4 3174/5/4
f 3174/5/4 3168/5/4 3175/5/4
f 3169/5/4 3160/5/4 3176/5/4
f 3170/5/4 3171/5/4 3178/5/4
f 3173/5/4 3167/5/4 3181/5/4
f 3181/5/4 3167/5/4 3182/5/4
f 3176/5/4 3177/5/4 3183/5/4
f 3169/5/4 3176/5/4 3183/5/4
f 3183/5/4 3177/5/4 3184/5/4
f 3178/5/4 3171/5/4 3185/5/4
f 3185/5/4 3171/5/4 3186/5/4
f 3179/5/4 3180/5/4 3187/5/4
f 3187/5/4 3180/5/4 3188/5/4
f 3169/5/4 3183/5/4 3196/5/4
f 3196/5/4 3183/5/4 3197/5/4
f 3184/5/4 3185/5/4 3198/5/4
f 3198/5/4 3185/5/4 3199/5/4
f 3189/5/4 3190/5/4 3201/5/4
f 3193/5/4 3194/5/4 3204/5/4
f 3204/5/4 3194/5/4 3205/5/4
f 3195/5/4 3196/5/4 3206/5/4
f 3202/4/4 3203/4/4 3207/4/4
f 3207/4/4 3203/4/4 3208/4/4
f 3206/5/4 3196/5/4 3209/5/4
f 3209/5/4 3196/5/4 3210/5/4
f 3200/5/4 3201/5/4 3213/5/4
f 3213/5/4 3201/5/4 3214/5/4
f 3211/5/4 3212/5/4 3218/5/4
f 3214/5/4 3201/5/4 3220/5/4
f 3201/5/4 3190/5/4 3221/5/4
f 3220/5/4 3201/5/4 3221/5/4
f 3221/5/4 3190/5/4 3222/5/4
f 3191/5/4 3192/5/4 3223/5/4
f 3223/5/4 3192/5/4 3224/5/4
f 3216/5/4 3217/5/4 3226/5/4
f 3215/5/4 3216/5/4 3226/5/4
f 3226/5/4 3217/5/4 3227/5/4
f 3218/5/4 3219/5/4 3228/5/4
f 3211/5/4 3218/5/4 3228/5/4
f 3228/5/4 3219/5/4 3229/5/4
f 3229/5/4 3219/5/4 3230/5/4
f 3221/5/4 3222/5/4 3231/5/4
f 3231/5/4 3222/5/4 3232/5/4
f 3233/5/4 3234/5/4 3235/5/4
f 3235/5/4 3234/5/4 3238/5/4
f 3238/5/4 3234/5/4 3239/5/4
f 3236/5/4 3237/5/4 3241/5/4
f 3241/5/4 3237/5/4 3242/5/4
f 3239/5/4 3240/5/4 3245/5/4
f 3224/5/4 3225/5/4 3248/5/4
f 3248/5/4 3225/5/4 3249/5/4
f 3243/5/4 3244/5/4 3250/5/4
f 3250/5/4 3244/5/4 3251/5/4
f 3239/5/4 3245/5/4 3252/5/4
f 3246/5/4 3247/5/4 3253/5/4
f 3253/5/4 3247/5/4 3254/5/4
f 3252/5/4 3245/5/4 3258/5/4
f 3258/5/4 3245/5/4 3259/5/4
f 3254/5/4 3255/5/4 3260/5/4
f 3260/5/4 3255/5/4 3261/5/4
f 3256/5/4 3257/5/4 3262/5/4
f 3262/5/4 3257/5/4 3263/5/4
f 3264/5/4 3265/5/4 3267/5/4
f 3265/5/4 3266/5/4 3267/5/4
f 3267/5/4 3266/5/4 3268/5/4
f 3268/5/4 3266/5/4 3271/5/4
f 3271/5/4 3266/5/4 3272/5/4
f 3269/5/4 3270/5/4 3273/5/4
f 3273/5/4 3270/5/4 3277/5/4
f 3277/5/4 3270/5/4 3278/5/4
f 3274/5/4 3275/5/4 3281/5/4
f 3281/5/4 3275/5/4 3282/5/4
f 3276/5/4 3277/5/4 3284/5/4
f 3284/5/4 3277/5/4 3285/5/4
f 3279/2/4 3280/2/4 3287/2/4
f 3287/2/4 3280/2/4 3288/2/4
f 3282/5/4 3283/5/4 3290/5/4
f 3285/5/4 3286/5/4 3291/5/4
f 3291/5/4 3286/5/4 3292/5/4
f 3287/5/4 3288/5/4 3293/5/4
f 3293/5/4 3288/5/4 3294/5/4
f 3289/5/4 3290/5/4 3295/5/4
f 3290/5/4 3283/5/4 3296/5/4
f 3295/5/4 3290/5/4 3296/5/4
f 3299/5/4 3300/5/4 3305/5/4
f 3301/5/4 3302/5/4 3306/5/4
f 3306/5/4 3302/5/4 3307/5/4
f 3303/5/4 3304/5/4 3309/5/4
f 3309/5/4 3304/5/4 3310/5/4
f 3297/5/4 3298/5/4 3311/5/4
f 3311/5/4 3298/5/4 3312/5/4
f 3305/5/4 3300/5/4 3315/5/4
f 3307/5/4 3308/5/4 3317/5/4
f 3317/5/4 3308/5/4 3318/5/4
f 3313/5/4 3314/5/4 3322/5/4
f 3322/5/4 3314/5/4 3323/5/4
f 3315/5/4 3316/5/4 3324/5/4
f 3305/5/4 3315/5/4 3324/5/4
f 3324/5/4 3316/5/4 3325/5/4
f 3318/5/4 3319/5/4 3327/5/4
f 3327/5/4 3319/5/4 3328/5/4
f 3326/5/4 3327/5/4 3339/5/4
f 3339/5/4 3327/5/4 3340/5/4
f 3320/5/4 3321/5/4 3342/5/4
f 3342/5/4 3321/5/4 3343/5/4
f 3329/2/4 3330/2/4 3344/2/4
f 3344/2/4 3330/2/4 3345/2/4
f 3331/5/4 3332/5/4 3346/5/4
f 3332/5/4 3333/5/4 3346/5/4
f 3346/5/4 3333/5/4 3347/5/4
f 3347/5/4 3333/5/4 3348/5/4
f 3334/5/4 3335/5/4 3349/5/4
f 3349/5/4 3335/5/4 3350/5/4
f 3336/5/4 3337/5/4 3351/5/4
f 3351/5/4 3337/5/4 3352/5/4
f 3338/5/4 3339/5/4 3353/5/4
f 3353/5/4 3339/5/4 3354/5/4
f 3340/5/4 3341/5/4 3355/5/4
f 3341/5/4 3342/5/4 3355/5/4
f 3355/5/4 3342/5/4 3356/5/4
f 3348/5/4 3349/5/4 3357/5/4
f 3357/5/4 3349/5/4 3358/5/4
f 3358/5/4 3349/5/4 3359/5/4
f 3350/5/4 3351/5/4 3360/5/4
f 3351/5/4 3352/5/4 3360/5/4
f 3360/5/4 3352/5/4 3361/5/4
f 3357/3/4 3358/3/4 3364/3/4
f 3364/3/4 3358/3/4 3365/3/4
f 3350/5/4 3360/5/4 3367/5/4
f 3362/5/4 3363/5/4 3368/5/4
f 3368/5/4 3363/5/4 3369/5/4
f 3369/5/4 3363/5/4 3370/5/4
f 3366/3/4 3367/3/4 3372/3/4
f 3367/5/4 3360/5/4 3373/5/4
f 3372/3/4 3367/3/4 3373/3/4
f 3373/5/4 3360/5/4 3374/5/4
f 3370/5/4 3371/5/4 3375/5/4
f 3369/5/4 3370/5/4 3375/5/4
f 3375/5/4 3371/5/4 3376/5/4
f 3376/5/4 3371/5/4 3377/5/4
f 3372/5/4 3373/5/4 3380/5/4
f 3380/5/4 3373/5/4 3381/5/4
f 3376/5/4 3377/5/4 3382/5/4
f 3382/5/4 3377/5/4 3383/5/4
f 3378/5/4 3379/5/4 3385/5/4
f 3385/5/4 3379/5/4 3386/5/4
f 3383/5/4 3384/5/4 3387/5/4
f 3384/5/4 3385/5/4 3387/5/4
f 3382/5/4 3383/5/4 3387/5/4
f 3387/5/4 3385/5/4 3388/5/4
f 3388/5/4 3385/5/4 3389/5/4
f 3387/5/4 3388/5/4 3391/5/4
f 3391/5/4 3388/5/4 3392/5/4
f 3389/5/4 3390/5/4 3393/5/4
f 3393/5/4 3390/5/4 3394/5/4
f 3395/5/4 3396/5/4 3399/5/4
f 3399/5/4 3396/5/4 3400/5/4
f 3397/5/4 3398/5/4 3403/5/4
f 3401/5/4 3402/5/4 3407/5/4
f 3407/5/4 3402/5/4 3408/5/4
f 3397/5/4 3403/5/4 3409/5/4
f 3403/5/4 3404/5/4 3409/5/4
f 3409/5/4 3404/5/4 3410/5/4
f 3410/5/4 3404/5/4 3411/5/4
f 3408/5/4 3409/5/4 3412/5/4
f 3412/5/4 3409/5/4 3413/5/4
f 3405/5/4 3406/5/4 3414/5/4
f 3414/5/4 3406/5/4 3415/5/4
f 3416/2/4 3417/2/4 3420/2/4
f 3418/2/4 3419/2/4 3424/2/4
f 3422/2/4 3423/2/4 3425/2/4
f 3425/2/4 3423/2/4 3426/2/4
f 3424/2/4 3419/2/4 3428/2/4
f 3427/5/4 3428/5/4 3431/5/4
f 3431/5/4 3428/5/4 3432/5/4
f 3432/5/4 3428/5/4 3433/5/4
f 3428/2/4 3419/2/4 3434/2/4
f 3433/5/4 3428/5/4 3434/5/4
f 3434/2/4 3419/2/4 3435/2/4
f 3422/2/4 3425/2/4 3438/2/4
f 3438/2/4 3425/2/4 3439/2/4
f 3429/2/4 3430/2/4 3442/2/4
f 3432/5/4 3433/5/4 3443/5/4
f 3443/5/4 3433/5/4 3444/5/4
f 3435/2/4 3436/2/4 3446/2/4
f 3439/2/4 3440/2/4 3448/2/4
f 3438/2/4 3439/2/4 3448/2/4
f 3437/2/4 3438/2/4 3448/2/4
f 3441/2/4 3442/2/4 3449/2/4
f 3442/2/4 3430/2/4 3450/2/4
f 3449/2/4 3442/2/4 3450/2/4
f 3450/2/4 3430/2/4 3451/2/4
f 3444/2/4 3445/2/4 3452/2/4
f 3435/2/4 3446/2/4 3453/2/4
f 3446/5/4 3447/5/4 3454/5/4
f 3453/2/4 3446/2/4 3454/2/4
f 3454/5/4 3447/5/4 3455/5/4
f 3437/2/4 3448/2/4 3457/2/4
f 3448/2/4 3449/2/4 3457/2/4
f 3457/2/4 3449/2/4 3458/2/4
f 3458/2/4 3449/2/4 3459/2/4
f 3459/2/4 3449/2/4 3460/2/4
f 3455/5/4 3456/5/4 3466/5/4
f 3454/5/4 3455/5/4 3466/5/4
f 3466/5/4 3456/5/4 3467/5/4
f 3467/5/4 3456/5/4 3468/5/4
f 3468/5/4 3456/5/4 3469/5/4
f 3437/2/4 3457/2/4 3470/2/4
f 3470/2/4 3457/2/4 3471/2/4
f 3461/2/4 3462/2/4 3473/2/4
f 3462/5/4 3463/5/4 3474/5/4
f 3473/2/4 3462/2/4 3474/2/4
f 3474/5/4 3463/5/4 3475/5/4
f 3464/3/4 3465/3/4 3477/3/4
f 3477/3/4 3465/3/4 3478/3/4
f 3452/2/4 3453/2/4 3479/2/4
f 3467/5/4 3468/5/4 3481/5/4
f 3481/5/4 3468/5/4 3482/5/4
f 3469/2/4 3470/2/4 3483/2/4
f 3483/2/4 3470/2/4 3484/2/4
f 3471/2/4 3457/2/4 3485/2/4
f 3485/2/4 3457/2/4 3486/2/4
f 3458/2/4 3459/2/4 3488/2/4
f 3488/2/4 3459/2/4 3489/2/4
f 3472/2/4 3473/2/4 3490/2/4
f 3473/2/4 3474/2/4 3490/2/4
f 3490/2/4 3474/2/4 3491/2/4
f 3491/2/4 3474/2/4 3492/2/4
f 3475/2/4 3476/2/4 3493/2/4
f 3476/2/4 3477/2/4 3493/2/4
f 3493/2/4 3477/2/4 3494/2/4
f 3420/2/4 3421/2/4 3495/2/4
f 3482/5/4 3483/5/4 3497/5/4
f 3483/2/4 3484/2/4 3498/2/4
f 3497/5/4 3483/5/4 3498/5/4
f 3484/2/4 3485/2/4 3498/2/4
f 3498/2/4 3485/2/4 3499/2/4
f 3499/2/4 3485/2/4 3500/2/4
f 3486/2/4 3487/2/4 3501/2/4
f 3491/2/4 3492/2/4 3503/2/4
f 3492/2/4 3493/2/4 3503/2/4
f 3503/2/4 3493/2/4 3504/2/4
f 3501/2/4 3502/2/4 3510/2/4
f 3486/2/4 3501/2/4 3510/2/4
f 3510/2/4 3502/2/4 3511/2/4
f 3511/2/4 3502/2/4 3512/2/4
f 3504/2/4 3493/2/4 3515/2/4
f 3515/2/4 3493/2/4 3516/2/4
f 3505/5/4 3506/5/4 3517/5/4
f 3517/5/4 3506/5/4 3518/5/4
f 3444/2/4 3452/2/4 3519/2/4
f 3479/2/4 3480/2/4 3519/2/4
f 3452/2/4 3479/2/4 3519/2/4
f 3513/2/4 3514/2/4 3520/2/4
f 3520/2/4 3514/2/4 3521/2/4
f 3508/2/4 3509/2/4 3524/2/4
f 3507/2/4 3508/2/4 3524/2/4
f 3522/2/4 3523/2/4 3528/2/4
f 3528/2/4 3523/2/4 3529/2/4
f 3529/2/4 3523/2/4 3530/2/4
f 3495/2/4 3496/2/4 3531/2/4
f 3524/2/4 3509/2/4 3532/2/4
f 3525/2/4 3526/2/4 3534/2/4
f 3527/2/4 3528/2/4 3536/2/4
f 3536/2/4 3528/2/4 3537/2/4
f 3416/2/4 3420/2/4 3540/2/4
f 3420/2/4 3495/2/4 3540/2/4
f 3495/2/4 3531/2/4 3540/2/4
f 3540/2/4 3531/2/4 3541/2/4
f 3519/2/4 3480/2/4 3542/2/4
f 3542/2/4 3480/2/4 3543/2/4
f 3524/2/4 3532/2/4 3544/2/4
f 3544/2/4 3532/2/4 3545/2/4
f 3532/5/4 3533/5/4 3546/5/4
f 3545/2/4 3532/2/4 3546/2/4
f 3546/5/4 3533/5/4 3547/5/4
f 3525/2/4 3534/2/4 3548/2/4
f 3534/2/4 3535/2/4 3548/2/4
f 3548/2/4 3535/2/4 3549/2/4
f 3549/2/4 3535/2/4 3550/2/4
f 3550/2/4 3535/2/4 3551/2/4
f 3538/2/4 3539/2/4 3554/2/4
f 3554/2/4 3539/2/4 3555/2/4
f 3545/5/4 3546/5/4 3556/5/4
f 3556/5/4 3546/5/4 3557/5/4
f 3549/2/4 3550/2/4 3559/2/4
f 3559/2/4 3550/2/4 3560/2/4
f 3552/2/4 3553/2/4 3563/2/4
f 3557/3/4 3558/3/4 3564/3/4
f 3564/3/4 3558/3/4 3565/3/4
f 3563/2/4 3553/2/4 3569/2/4
f 3569/2/4 3553/2/4 3570/2/4
f 3567/3/4 3568/3/4 3571/3/4
f 3571/3/4 3568/3/4 3572/3/4
f 3561/2/4 3562/2/4 3573/2/4
f 3573/2/4 3562/2/4 3574/2/4
f 3565/4/4 3566/4/4 3575/4/4
f 3575/4/4 3566/4/4 3576/4/4
f 3577/2/4 3578/2/4 3583/2/4
f 3583/2/4 3578/2/4 3584/2/4
f 3579/4/4 3580/4/4 3585/4/4
f 3585/4/4 3580/4/4 3586/4/4
f 3581/2/4 3582/2/4 3587/2/4
f 3587/2/4 3582/2/4 3588/2/4
f 3589/5/4 3590/5/4 3592/5/4
f 3590/2/4 3591/2/4 3593/2/4
f 3592/5/4 3590/5/4 3593/5/4
f 3593/2/4 3591/2/4 3594/2/4
f 3595/3/4 3596/3/4 3598/3/4
f 3596/1/4 3597/1/4 3598/1/4
f 3598/1/4 3597/1/4 3599/1/4
f 3601/1/4 3602/1/4 3603/1/4
f 3598/3/4 3599/3/4 3605/3/4
f 3599/1/4 3597/1/4 3605/1/4
f 3605/1/4 3597/1/4 3606/1/4
f 3603/1/4 3604/1/4 3607/1/4
f 3601/1/4 3603/1/4 3607/1/4
f 3600/3/4 3601/3/4 3607/3/4
f 3607/1/4 3604/1/4 3608/1/4
f 3607/3/4 3608/3/4 3609/3/4
f 3608/1/4 3604/1/4 3609/1/4
f 3609/1/4 3604/1/4 3610/1/4
f 3595/3/4 3598/3/4 3613/3/4
f 3605/3/4 3606/3/4 3613/3/4
f 3598/3/4 3605/3/4 3613/3/4
f 3613/3/4 3606/3/4 3614/3/4
f 3611/1/4 3612/1/4 3615/1/4
f 3614/3/4 3606/3/4 3617/3/4
f 3606/1/4 3597/1/4 3617/1/4
f 3617/1/4 3597/1/4 3618/1/4
f 3615/1/4 3616/1/4 3619/1/4
f 3610/1/4 3604/1/4 3621/1/4
f 3609/3/4 3610/3/4 3621/3/4
f 3621/1/4 3604/1/4 3622/1/4
f 3611/1/4 3615/1/4 3624/1/4
f 3619/1/4 3620/1/4 3624/1/4
f 3615/1/4 3619/1/4 3624/1/4
f 3624/1/4 3620/1/4 3625/1/4
f 3625/1/4 3620/1/4 3626/1/4
f 3626/1/4 3620/1/4 3627/1/4
f 3617/3/4 3618/3/4 3628/3/4
f 3614/3/4 3617/3/4 3628/3/4
f 3628/3/4 3618/3/4 3629/3/4
f 3623/3/4 3624/3/4 3630/3/4
f 3624/1/4 3625/1/4 3630/1/4
f 3625/3/4 3626/3/4 3631/3/4
f 3630/1/4 3625/1/4 3631/1/4
f 3614/3/4 3628/3/4 3634/3/4
f 3621/3/4 3622/3/4 3636/3/4
f 3609/3/4 3621/3/4 3636/3/4
f 3600/3/4 3607/3/4 3636/3/4
f 3607/3/4 3609/3/4 3636/3/4
f 3636/3/4 3622/3/4 3637/3/4
f 3622/1/4 3604/1/4 3638/1/4
f 3637/3/4 3622/3/4 3638/3/4
f 3638/1/4 3604/1/4 3639/1/4
f 3630/3/4 3631/3/4 3640/3/4
f 3623/3/4 3630/3/4 3640/3/4
f 3640/3/4 3631/3/4 3641/3/4
f 3631/3/4 3626/3/4 3642/3/4
f 3641/3/4 3631/3/4 3642/3/4
f 3642/3/4 3626/3/4 3643/3/4
f 3632/1/4 3633/1/4 3644/1/4
f 3634/3/4 3635/3/4 3646/3/4
f 3637/3/4 3638/3/4 3648/3/4
f 3648/3/4 3638/3/4 3649/3/4
f 3641/3/4 3642/3/4 3650/3/4
f 3650/3/4 3642/3/4 3651/3/4
f 3644/1/4 3645/1/4 3653/1/4
f 3632/1/4 3644/1/4 3653/1/4
f 3649/3/4 3638/3/4 3656/3/4
f 3656/3/4 3638/3/4 3657/3/4
f 3652/1/4 3653/1/4 3660/1/4
f 3653/1/4 3645/1/4 3661/1/4
f 3660/1/4 3653/1/4 3661/1/4
f 3661/1/4 3645/1/4 3662/1/4
f 3662/1/4 3645/1/4 3663/1/4
f 3663/1/4 3645/1/4 3664/1/4
f 3654/3/4 3655/3/4 3665/3/4
f 3657/3/4 3638/3/4 3668/3/4
f 3668/3/4 3638/3/4 3669/3/4
f 3661/1/4 3662/1/4 3671/1/4
f 3662/3/4 3663/3/4 3672/3/4
f 3671/1/4 3662/1/4 3672/1/4
f 3672/3/4 3663/3/4 3673/3/4
f 3665/3/4 3666/3/4 3674/3/4
f 3654/3/4 3665/3/4 3674/3/4
f 3674/3/4 3666/3/4 3675/3/4
f 3675/3/4 3666/3/4 3676/3/4
f 3667/3/4 3668/3/4 3677/3/4
f 3677/3/4 3668/3/4 3678/3/4
f 3658/3/4 3659/3/4 3679/3/4
f 3679/3/4 3659/3/4 3680/3/4
f 3670/3/4 3671/3/4 3681/3/4
f 3681/3/4 3671/3/4 3682/3/4
f 3614/3/4 3634/3/4 3683/3/4
f 3646/3/4 3647/3/4 3683/3/4
f 3634/3/4 3646/3/4 3683/3/4
f 3683/3/4 3647/3/4 3684/3/4
f 3676/3/4 3677/3/4 3685/3/4
f 3675/3/4 3676/3/4 3685/3/4
f 3680/3/4 3659/3/4 3687/3/4
f 3687/3/4 3659/3/4 3688/3/4
f 3685/3/4 3686/3/4 3689/3/4
f 3689/3/4 3686/3/4 3690/3/4
f 3684/3/4 3647/3/4 3693/3/4
f 3693/3/4 3647/3/4 3694/3/4
f 3684/3/4 3693/3/4 3695/3/4
f 3693/4/4 3694/4/4 3696/4/4
f 3695/3/4 3693/3/4 3696/3/4
f 3675/3/4 3685/3/4 3697/3/4
f 3685/3/4 3689/3/4 3697/3/4
f 3697/3/4 3689/3/4 3698/3/4
f 3684/3/4 3695/3/4 3701/3/4
f 3695/4/4 3696/4/4 3702/4/4
f 3701/3/4 3695/3/4 3702/3/4
f 3675/3/4 3697/3/4 3703/3/4
f 3697/4/4 3698/4/4 3704/4/4
f 3703/3/4 3697/3/4 3704/3/4
f 3691/3/4 3692/3/4 3705/3/4
f 3705/3/4 3692/3/4 3706/3/4
f 3699/3/4 3700/3/4 3707/3/4
f 3707/3/4 3700/3/4 3708/3/4
f 3675/3/4 3703/3/4 3709/3/4
f 3703/4/4 3704/4/4 3710/4/4
f 3709/3/4 3703/3/4 3710/3/4
f 3706/3/4 3692/3/4 3711/3/4
f 3711/3/4 3692/3/4 3712/3/4
f 3701/4/4 3702/4/4 3714/4/4
f 3702/4/4 3696/4/4 3715/4/4
f 3714/4/4 3702/4/4 3715/4/4
f 3696/4/4 3694/4/4 3715/4/4
f 3709/4/4 3710/4/4 3716/4/4
f 3710/4/4 3704/4/4 3717/4/4
f 3716/4/4 3710/4/4 3717/4/4
f 3712/3/4 3713/3/4 3720/3/4
f 3720/3/4 3713/3/4 3721/3/4
f 3717/4/4 3704/4/4 3725/4/4
f 3704/4/4 3698/4/4 3726/4/4
f 3725/4/4 3704/4/4 3726/4/4
f 3718/4/4 3719/4/4 3727/4/4
f 3727/4/4 3719/4/4 3728/4/4
f 3721/3/4 3722/3/4 3729/3/4
f 3729/3/4 3722/3/4 3730/3/4
f 3723/3/4 3724/3/4 3731/3/4
f 3731/3/4 3724/3/4 3732/3/4
f 3733/4/4 3734/4/4 3735/4/4
f 3735/4/4 3734/4/4 3736/4/4
f 3739/2/5 3738/2/5 3737/2/5
f 3740/2/5 3738/2/5 3739/2/5
f 3741/2/5 3739/2/5 3737/2/5
f 3741/5/5 3740/5/5 3739/5/5
f 3742/2/5 3738/2/5 3740/2/5
f 3742/5/5 3740/5/5 3741/5/5
f 3743/2/5 3741/2/5 3737/2/5
f 3743/2/5 3742/2/5 3741/2/5
f 3744/2/5 3738/2/5 3742/2/5
f 3744/2/5 3742/2/5 3743/2/5
f 3747/3/5 3746/3/5 3745/3/5
f 3748/3/5 3746/3/5 3747/3/5
f 3749/3/5 3747/3/5 3745/3/5
f 3751/3/5 3749/3/5 3745/3/5
f 3751/3/5 3750/3/5 3749/3/5
f 3752/3/5 3750/3/5 3751/3/5
f 3755/3/5 3754/3/5 3753/3/5
f 3756/3/5 3754/3/5 3755/3/5
f 3759/3/5 3758/3/5 3757/3/5
f 3760/3/5 3758/3/5 3759/3/5
f 3764/3/5 3762/3/5 3761/3/5
f 3765/4/5 3763/4/5 3762/4/5
f 3765/3/5 3762/3/5 3764/3/5
f 3766/4/5 3763/4/5 3765/4/5
f 3767/4/5 3763/4/5 3766/4/5
f 3768/4/5 3763/4/5 3767/4/5
f 3771/5/5 3770/5/5 3769/5/5
f 3772/5/5 3770/5/5 3771/5/5
f 3773/3/5 3768/3/5 3767/3/5
f 3774/3/5 3768/3/5 3773/3/5
f 3777/4/5 3774/4/5 3773/4/5
f 3778/3/5 3776/3/5 3775/3/5
f 3779/4/5 3777/4/5 3776/4/5
f 3779/3/5 3776/3/5 3778/3/5
f 3780/4/5 3774/4/5 3777/4/5
f 3780/4/5 3777/4/5 3779/4/5
f 3783/3/5 3782/3/5 3781/3/5
f 3784/3/5 3782/3/5 3783/3/5
f 3787/3/5 3783/3/5 3781/3/5
f 3788/2/5 3786/2/5 3785/2/5
f 3789/2/5 3786/2/5 3788/2/5
f 3791/3/5 3787/3/5 3781/3/5
f 3791/3/5 3788/3/5 3787/3/5
f 3792/3/5 3788/3/5 3791/3/5
f 3793/3/5 3790/3/5 3789/3/5
f 3794/3/5 3790/3/5 3793/3/5
f 3798/3/5 3796/3/5 3795/3/5
f 3799/4/5 3797/4/5 3796/4/5
f 3799/3/5 3796/3/5 3798/3/5
f 3800/4/5 3797/4/5 3799/4/5
f 3801/4/5 3797/4/5 3800/4/5
f 3802/3/5 3801/3/5 3800/3/5
f 3803/3/5 3801/3/5 3802/3/5
f 3807/4/5 3803/4/5 3802/4/5
f 3808/3/5 3805/3/5 3804/3/5
f 3809/3/5 3805/3/5 3808/3/5
f 3810/3/5 3807/3/5 3806/3/5
f 3811/4/5 3803/4/5 3807/4/5
f 3811/3/5 3807/3/5 3810/3/5
f 3812/4/5 3803/4/5 3811/4/5
f 3815/4/5 3814/4/5 3813/4/5
f 3816/4/5 3814/4/5 3815/4/5
f 3817/4/5 3814/4/5 3816/4/5
f 3818/3/5 3817/3/5 3816/3/5
f 3819/3/5 3817/3/5 3818/3/5
f 3820/4/5 3819/4/5 3818/4/5
f 3823/3/5 3822/3/5 3821/3/5
f 3824/3/5 3822/3/5 3823/3/5
f 3825/4/5 3819/4/5 3820/4/5
f 3826/4/5 3819/4/5 3825/4/5
f 3829/3/5 3828/3/5 3827/3/5
f 3830/3/5 3828/3/5 3829/3/5
f 3833/3/5 3832/3/5 3831/3/5
f 3834/3/5 3832/3/5 3833/3/5
f 3839/1/5 3836/1/5 3835/1/5
f 3840/1/5 3836/1/5 3839/1/5
f 3841/1/5 3836/1/5 3840/1/5
f 3842/4/5 3838/4/5 3837/4/5
f 3843/4/5 3838/4/5 3842/4/5
f 3844/4/5 3838/4/5 3843/4/5
f 3845/4/5 3838/4/5 3844/4/5
f 3845/3/5 3844/3/5 3843/3/5
f 3846/4/5 3838/4/5 3845/4/5
f 3847/3/5 3845/3/5 3843/3/5
f 3847/3/5 3846/3/5 3845/3/5
f 3848/3/5 3846/3/5 3847/3/5
f 3849/3/5 3847/3/5 3843/3/5
f 3849/4/5 3848/4/5 3847/4/5
f 3850/4/5 3848/4/5 3849/4/5
f 3852/3/5 3849/3/5 3843/3/5
f 3853/5/5 3852/5/5 3851/5/5
f 3854/3/5 3849/3/5 3852/3/5
f 3854/5/5 3852/5/5 3853/5/5
f 3855/3/5 3849/3/5 3854/3/5
f 3856/4/5 3855/4/5 3854/4/5
f 3857/4/5 3855/4/5 3856/4/5
f 3861/3/5 3859/3/5 3858/3/5
f 3862/4/5 3860/4/5 3859/4/5
f 3862/3/5 3859/3/5 3861/3/5
f 3863/4/5 3860/4/5 3862/4/5
f 3866/2/5 3865/2/5 3864/2/5
f 3867/2/5 3865/2/5 3866/2/5
f 3870/3/5 3869/3/5 3868/3/5
f 3871/3/5 3869/3/5 3870/3/5
f 3874/4/5 3873/4/5 3872/4/5
f 3875/4/5 3873/4/5 3874/4/5
f 3876/4/5 3874/4/5 3872/4/5
f 3877/3/5 3875/3/5 3874/3/5
f 3877/4/5 3874/4/5 3876/4/5
f 3878/3/5 3877/3/5 3876/3/5
f 3879/3/5 3875/3/5 3877/3/5
f 3879/3/5 3877/3/5 3878/3/5
f 3880/4/5 3879/4/5 3878/4/5
f 3880/3/5 3875/3/5 3879/3/5
f 3881/3/5 3875/3/5 3880/3/5
f 3885/2/5 3883/2/5 3882/2/5
f 3886/2/5 3883/2/5 3885/2/5
f 3889/4/5 3880/4/5 3878/4/5
f 3889/4/5 3881/4/5 3880/4/5
f 3890/4/5 3881/4/5 3889/4/5
f 3891/3/5 3885/3/5 3884/3/5
f 3892/3/5 3885/3/5 3891/3/5
f 3893/3/5 3888/3/5 3887/3/5
f 3894/3/5 3888/3/5 3893/3/5
f 3897/3/5 3896/3/5 3895/3/5
f 3898/3/5 3896/3/5 3897/3/5
f 3901/2/5 3900/2/5 3899/2/5
f 3902/2/5 3900/2/5 3901/2/5
f 3906/5/5 3904/5/5 3903/5/5
f 3907/5/5 3904/5/5 3906/5/5
f 3912/2/5 3906/2/5 3905/2/5
f 3913/2/5 3906/2/5 3912/2/5
f 3914/3/5 3909/3/5 3908/3/5
f 3915/3/5 3909/3/5 3914/3/5
f 3916/3/5 3911/3/5 3910/3/5
f 3917/3/5 3911/3/5 3916/3/5
f 3918/3/5 3913/3/5 3912/3/5
f 3919/3/5 3913/3/5 3918/3/5
f 3924/1/5 3921/1/5 3920/1/5
f 3925/1/5 3921/1/5 3924/1/5
f 3926/1/5 3921/1/5 3925/1/5
f 3928/4/5 3923/4/5 3922/4/5
f 3929/3/5 3928/3/5 3927/3/5
f 3930/3/5 3928/3/5 3929/3/5
f 3931/4/5 3923/4/5 3928/4/5
f 3931/3/5 3928/3/5 3930/3/5
f 3932/4/5 3923/4/5 3931/4/5
f 3933/3/5 3931/3/5 3930/3/5
f 3935/3/5 3933/3/5 3930/3/5
f 3935/3/5 3934/3/5 3933/3/5
f 3936/3/5 3934/3/5 3935/3/5
f 3937/3/5 3934/3/5 3936/3/5
f 3938/3/5 3936/3/5 3935/3/5
f 3940/3/5 3938/3/5 3935/3/5
f 3940/3/5 3939/3/5 3938/3/5
f 3941/3/5 3939/3/5 3940/3/5
f 3942/3/5 3940/3/5 3935/3/5
f 3943/3/5 3940/3/5 3942/3/5
f 3949/3/5 3925/3/5 3924/3/5
f 3950/3/5 3925/3/5 3949/3/5
f 3953/3/5 3945/3/5 3944/3/5
f 3954/3/5 3945/3/5 3953/3/5
f 3955/3/5 3947/3/5 3946/3/5
f 3956/4/5 3948/4/5 3947/4/5
f 3956/3/5 3947/3/5 3955/3/5
f 3957/4/5 3948/4/5 3956/4/5
f 3958/1/5 3951/1/5 3950/1/5
f 3958/1/5 3950/1/5 3949/1/5
f 3959/1/5 3951/1/5 3958/1/5
f 3960/3/5 3953/3/5 3952/3/5
f 3961/3/5 3953/3/5 3960/3/5
f 3962/4/5 3956/4/5 3955/4/5
f 3963/4/5 3956/4/5 3962/4/5
f 3966/3/5 3965/3/5 3964/3/5
f 3967/3/5 3965/3/5 3966/3/5
f 3971/2/5 3967/2/5 3966/2/5
f 3971/2/5 3968/2/5 3967/2/5
f 3972/2/5 3968/2/5 3971/2/5
f 3973/4/5 3970/4/5 3969/4/5
f 3974/4/5 3970/4/5 3973/4/5
f 3979/5/5 3978/5/5 3977/5/5
f 3980/5/5 3978/5/5 3979/5/5
f 3981/3/5 3976/3/5 3975/3/5
f 3985/5/5 3984/5/5 3983/5/5
f 3986/5/5 3984/5/5 3985/5/5
f 3987/3/5 3981/3/5 3975/3/5
f 3988/5/5 3982/5/5 3981/5/5
f 3988/3/5 3981/3/5 3987/3/5
f 3989/5/5 3982/5/5 3988/5/5
f 3992/3/5 3991/3/5 3990/3/5
f 3993/3/5 3991/3/5 3992/3/5
f 3998/3/5 3995/3/5 3994/3/5
f 3999/3/5 3995/3/5 3998/3/5
f 4000/3/5 3997/3/5 3996/3/5
f 4001/3/5 3997/3/5 4000/3/5
f 4004/2/5 4003/2/5 4002/2/5
f 4005/2/5 4003/2/5 4004/2/5
f 4007/5/5 4006/5/5 4005/5/5
f 4008/5/5 4006/5/5 4007/5/5
f 4012/5/5 4010/5/5 4009/5/5
f 4013/3/5 4011/3/5 4010/3/5
f 4013/5/5 4010/5/5 4012/5/5
f 4014/3/5 4011/3/5 4013/3/5
f 4019/5/5 4016/5/5 4015/5/5
f 4020/5/5 4016/5/5 4019/5/5
f 4021/5/5 4018/5/5 4017/5/5
f 4022/5/5 4018/5/5 4021/5/5
f 4023/2/5 4020/2/5 4019/2/5
f 4024/2/5 4020/2/5 4023/2/5
f 4027/3/5 4026/3/5 4025/3/5
f 4028/3/5 4026/3/5 4027/3/5
f 4033/2/5 4030/2/5 4029/2/5
f 4034/2/5 4030/2/5 4033/2/5
f 4035/2/5 4032/2/5 4031/2/5
f 4036/2/5 4032/2/5 4035/2/5
f 4039/5/5 4038/5/5 4037/5/5
f 4041/5/5 4039/5/5 4037/5/5
f 4042/3/5 4040/3/5 4039/3/5
f 4042/5/5 4039/5/5 4041/5/5
f 4043/3/5 4040/3/5 4042/3/5
f 4047/5/5 4045/5/5 4044/5/5
f 4048/3/5 4046/3/5 4045/3/5
f 4048/5/5 4045/5/5 4047/5/5
f 4049/3/5 4046/3/5 4048/3/5
f 4058/5/5 4051/5/5 4050/5/5
f 4059/5/5 4051/5/5 4058/5/5
f 4060/5/5 4053/5/5 4052/5/5
f 4061/5/5 4053/5/5 4060/5/5
f 4062/5/5 4055/5/5 4054/5/5
f 4063/5/5 4055/5/5 4062/5/5
f 4064/5/5 4057/5/5 4056/5/5
f 4065/5/5 4057/5/5 4064/5/5
f 4066/2/5 4060/2/5 4059/2/5
f 4067/2/5 4060/2/5 4066/2/5
f 4070/1/5 4069/1/5 4068/1/5
f 4071/1/5 4069/1/5 4070/1/5
f 4074/5/5 4073/5/5 4072/5/5
f 4076/5/5 4074/5/5 4072/5/5
f 4077/3/5 4075/3/5 4074/3/5
f 4077/5/5 4074/5/5 4076/5/5
f 4080/3/5 4075/3/5 4077/3/5
f 4081/3/5 4075/3/5 4080/3/5
f 4082/5/5 4079/5/5 4078/5/5
f 4083/5/5 4079/5/5 4082/5/5
f 4091/5/5 4085/5/5 4084/5/5
f 4092/5/5 4085/5/5 4091/5/5
f 4093/2/5 4087/2/5 4086/2/5
f 4094/2/5 4087/2/5 4093/2/5
f 4095/2/5 4087/2/5 4094/2/5
f 4096/2/5 4089/2/5 4088/2/5
f 4097/2/5 4089/2/5 4096/2/5
f 4098/2/5 4091/2/5 4090/2/5
f 4098/2/5 4092/2/5 4091/2/5
f 4099/2/5 4092/2/5 4098/2/5
f 4100/1/5 4094/1/5 4093/1/5
f 4101/1/5 4094/1/5 4100/1/5
f 4104/1/5 4103/1/5 4102/1/5
f 4105/1/5 4103/1/5 4104/1/5
f 4108/2/5 4107/2/5 4106/2/5
f 4109/2/5 4107/2/5 4108/2/5
f 4112/5/5 4111/5/5 4110/5/5
f 4113/5/5 4111/5/5 4112/5/5
f 4120/5/5 4117/5/5 4116/5/5
f 4121/5/5 4115/5/5 4114/5/5
f 4122/5/5 4115/5/5 4121/5/5
f 4125/5/5 4119/5/5 4118/5/5
f 4126/5/5 4119/5/5 4125/5/5
f 4128/5/5 4120/5/5 4116/5/5
f 4128/5/5 4121/5/5 4120/5/5
f 4129/5/5 4121/5/5 4128/5/5
f 4130/5/5 4124/5/5 4123/5/5
f 4131/5/5 4124/5/5 4130/5/5
f 4132/5/5 4124/5/5 4131/5/5
f 4133/5/5 4127/5/5 4126/5/5
f 4134/5/5 4127/5/5 4133/5/5
f 4139/2/5 4131/2/5 4130/2/5
f 4140/2/5 4131/2/5 4139/2/5
f 4143/1/5 4136/1/5 4135/1/5
f 4144/1/5 4136/1/5 4143/1/5
f 4145/3/5 4138/3/5 4137/3/5
f 4146/3/5 4138/3/5 4145/3/5
f 4147/3/5 4142/3/5 4141/3/5
f 4148/3/5 4142/3/5 4147/3/5
f 4152/5/5 4150/5/5 4149/5/5
f 4154/5/5 4152/5/5 4151/5/5
f 4155/5/5 4150/5/5 4152/5/5
f 4155/5/5 4152/5/5 4154/5/5
f 4156/5/5 4150/5/5 4155/5/5
f 4157/5/5 4154/5/5 4153/5/5
f 4157/5/5 4155/5/5 4154/5/5
f 4158/5/5 4155/5/5 4157/5/5
f 4159/5/5 4155/5/5 4158/5/5
f 4162/5/5 4161/5/5 4160/5/5
f 4163/5/5 4161/5/5 4162/5/5
f 4168/5/5 4165/5/5 4164/5/5
f 4172/5/5 4167/5/5 4166/5/5
f 4173/5/5 4168/5/5 4164/5/5
f 4173/5/5 4169/5/5 4168/5/5
f 4174/5/5 4169/5/5 4173/5/5
f 4175/5/5 4169/5/5 4174/5/5
f 4176/5/5 4169/5/5 4175/5/5
f 4178/5/5 4171/5/5 4170/5/5
f 4179/5/5 4171/5/5 4178/5/5
f 4180/5/5 4167/5/5 4172/5/5
f 4181/5/5 4167/5/5 4180/5/5
f 4184/2/5 4175/2/5 4174/2/5
f 4185/2/5 4175/2/5 4184/2/5
f 4186/2/5 4177/2/5 4176/2/5
f 4187/2/5 4177/2/5 4186/2/5
f 4188/2/5 4181/2/5 4180/2/5
f 4189/2/5 4181/2/5 4188/2/5
f 4190/1/5 4183/1/5 4182/1/5
f 4191/1/5 4183/1/5 4190/1/5
f 4196/3/5 4193/3/5 4192/3/5
f 4197/3/5 4193/3/5 4196/3/5
f 4198/3/5 4195/3/5 4194/3/5
f 4199/3/5 4195/3/5 4198/3/5
f 4200/3/5 4195/3/5 4199/3/5
f 4204/2/5 4201/2/5 4200/2/5
f 4204/2/5 4200/2/5 4199/2/5
f 4205/2/5 4201/2/5 4204/2/5
f 4207/3/5 4203/3/5 4202/3/5
f 4208/3/5 4203/3/5 4207/3/5
f 4212/5/5 4207/5/5 4206/5/5
f 4213/5/5 4210/5/5 4209/5/5
f 4214/5/5 4210/5/5 4213/5/5
f 4215/5/5 4212/5/5 4211/5/5
f 4215/5/5 4207/5/5 4212/5/5
f 4216/5/5 4207/5/5 4215/5/5
f 4218/5/5 4215/5/5 4211/5/5
f 4219/5/5 4215/5/5 4218/5/5
f 4222/5/5 4218/5/5 4217/5/5
f 4222/5/5 4220/5/5 4219/5/5
f 4222/5/5 4219/5/5 4218/5/5
f 4224/5/5 4222/5/5 4221/5/5
f 4225/5/5 4220/5/5 4222/5/5
f 4225/5/5 4222/5/5 4224/5/5
f 4226/5/5 4220/5/5 4225/5/5
f 4227/5/5 4224/5/5 4223/5/5
f 4227/5/5 4225/5/5 4224/5/5
f 4228/5/5 4225/5/5 4227/5/5
f 4229/5/5 4220/5/5 4226/5/5
f 4231/5/5 4229/5/5 4228/5/5
f 4232/5/5 4220/5/5 4229/5/5
f 4232/5/5 4229/5/5 4231/5/5
f 4233/5/5 4220/5/5 4232/5/5
f 4234/5/5 4231/5/5 4230/5/5
f 4234/5/5 4232/5/5 4231/5/5
f 4235/5/5 4232/5/5 4234/5/5
f 4240/5/5 4237/5/5 4236/5/5
f 4241/5/5 4237/5/5 4240/5/5
f 4242/5/5 4234/5/5 4230/5/5
f 4243/5/5 4234/5/5 4242/5/5
f 4244/2/5 4239/2/5 4238/2/5
f 4245/2/5 4239/2/5 4244/2/5
f 4254/3/5 4247/3/5 4246/3/5
f 4255/3/5 4247/3/5 4254/3/5
f 4256/3/5 4249/3/5 4248/3/5
f 4257/3/5 4249/3/5 4256/3/5
f 4260/3/5 4251/3/5 4250/3/5
f 4261/3/5 4251/3/5 4260/3/5
f 4262/2/5 4259/2/5 4258/2/5
f 4263/2/5 4259/2/5 4262/2/5
f 4269/1/5 4253/1/5 4252/1/5
f 4270/1/5 4253/1/5 4269/1/5
f 4271/5/5 4263/5/5 4262/5/5
f 4271/5/5 4264/5/5 4263/5/5
f 4272/5/5 4264/5/5 4271/5/5
f 4273/5/5 4266/5/5 4265/5/5
f 4274/5/5 4266/5/5 4273/5/5
f 4275/5/5 4268/5/5 4267/5/5
f 4278/5/5 4276/5/5 4275/5/5
f 4278/5/5 4275/5/5 4267/5/5
f 4279/5/5 4276/5/5 4278/5/5
f 4280/5/5 4276/5/5 4279/5/5
f 4281/5/5 4278/5/5 4277/5/5
f 4281/5/5 4279/5/5 4278/5/5
f 4282/5/5 4279/5/5 4281/5/5
f 4285/5/5 4284/5/5 4283/5/5
f 4286/5/5 4284/5/5 4285/5/5
f 4288/5/5 4279/5/5 4282/5/5
f 4292/5/5 4288/5/5 4287/5/5
f 4293/5/5 4279/5/5 4288/5/5
f 4293/5/5 4288/5/5 4292/5/5
f 4295/5/5 4290/5/5 4289/5/5
f 4296/5/5 4290/5/5 4295/5/5
f 4300/5/5 4292/5/5 4291/5/5
f 4301/5/5 4292/5/5 4300/5/5
f 4302/5/5 4295/5/5 4294/5/5
f 4303/5/5 4295/5/5 4302/5/5
f 4304/5/5 4297/5/5 4296/5/5
f 4305/5/5 4297/5/5 4304/5/5
f 4307/5/5 4299/5/5 4298/5/5
f 4308/5/5 4299/5/5 4307/5/5
f 4311/5/5 4279/5/5 4293/5/5
f 4312/5/5 4279/5/5 4311/5/5
f 4313/2/5 4308/2/5 4307/2/5
f 4313/2/5 4307/2/5 4306/2/5
f 4314/2/5 4308/2/5 4313/2/5
f 4315/2/5 4308/2/5 4314/2/5
f 4316/2/5 4310/2/5 4309/2/5
f 4317/2/5 4310/2/5 4316/2/5
f 4318/3/5 4314/3/5 4313/3/5
f 4319/3/5 4314/3/5 4318/3/5
f 4322/1/5 4321/1/5 4320/1/5
f 4323/1/5 4321/1/5 4322/1/5
f 4330/2/5 4325/2/5 4324/2/5
f 4331/2/5 4325/2/5 4330/2/5
f 4332/2/5 4327/2/5 4326/2/5
f 4333/2/5 4327/2/5 4332/2/5
f 4334/3/5 4329/3/5 4328/3/5
f 4335/3/5 4329/3/5 4334/3/5
f 4338/5/5 4337/5/5 4336/5/5
f 4339/5/5 4337/5/5 4338/5/5
f 4344/5/5 4341/5/5 4340/5/5
f 4345/5/5 4341/5/5 4344/5/5
f 4348/5/5 4343/5/5 4342/5/5
f 4349/5/5 4343/5/5 4348/5/5
f 4352/5/5 4347/5/5 4346/5/5
f 4353/5/5 4347/5/5 4352/5/5
f 4354/5/5 4351/5/5 4350/5/5
f 4355/5/5 4351/5/5 4354/5/5
f 4356/5/5 4353/5/5 4352/5/5
f 4357/5/5 4353/5/5 4356/5/5
f 4362/3/5 4359/3/5 4358/3/5
f 4363/3/5 4359/3/5 4362/3/5
f 4364/3/5 4359/3/5 4363/3/5
f 4367/2/5 4366/2/5 4365/2/5
f 4368/2/5 4366/2/5 4367/2/5
f 4369/3/5 4361/3/5 4360/3/5
f 4370/3/5 4361/3/5 4369/3/5
f 4373/3/5 4372/3/5 4371/3/5
f 4374/3/5 4372/3/5 4373/3/5
f 4380/5/5 4376/5/5 4375/5/5
f 4380/5/5 4377/5/5 4376/5/5
f 4381/5/5 4377/5/5 4380/5/5
f 4382/3/5 4379/3/5 4378/3/5
f 4383/3/5 4379/3/5 4382/3/5
f 4384/5/5 4377/5/5 4381/5/5
f 4385/5/5 4377/5/5 4384/5/5
f 4388/3/5 4387/3/5 4386/3/5
f 4389/3/5 4387/3/5 4388/3/5
f 4396/5/5 4391/5/5 4390/5/5
f 4397/5/5 4391/5/5 4396/5/5
f 4398/5/5 4393/5/5 4392/5/5
f 4399/5/5 4393/5/5 4398/5/5
f 4400/5/5 4395/5/5 4394/5/5
f 4401/5/5 4395/5/5 4400/5/5
f 4403/5/5 4402/5/5 4401/5/5
f 4404/5/5 4402/5/5 4403/5/5
f 4407/3/5 4406/3/5 4405/3/5
f 4408/3/5 4406/3/5 4407/3/5
f 4411/2/5 4410/2/5 4409/2/5
f 4412/2/5 4410/2/5 4411/2/5
f 4415/5/5 4414/5/5 4413/5/5
f 4416/5/5 4414/5/5 4415/5/5
f 4421/5/5 4418/5/5 4417/5/5
f 4422/5/5 4418/5/5 4421/5/5
f 4423/5/5 4420/5/5 4419/5/5
f 4424/5/5 4420/5/5 4423/5/5
f 4427/5/5 4426/5/5 4425/5/5
f 4428/5/5 4426/5/5 4427/5/5
f 4433/5/5 4430/5/5 4429/5/5
f 4434/5/5 4430/5/5 4433/5/5
f 4436/5/5 4432/5/5 4431/5/5
f 4437/5/5 4432/5/5 4436/5/5
f 4440/5/5 4436/5/5 4435/5/5
f 4441/5/5 4436/5/5 4440/5/5
f 4442/5/5 4439/5/5 4438/5/5
f 4443/5/5 4439/5/5 4442/5/5
f 4446/5/5 4445/5/5 4444/5/5
f 4447/5/5 4445/5/5 4446/5/5
f 4452/5/5 4449/5/5 4448/5/5
f 4453/5/5 4451/5/5 4450/5/5
f 4454/5/5 4451/5/5 4453/5/5
f 4455/5/5 4452/5/5 4448/5/5
f 4455/5/5 4453/5/5 4452/5/5
f 4456/5/5 4453/5/5 4455/5/5
f 4461/5/5 4458/5/5 4457/5/5
f 4462/5/5 4458/5/5 4461/5/5
f 4463/2/5 4460/2/5 4459/2/5
f 4464/2/5 4460/2/5 4463/2/5
f 4467/5/5 4464/5/5 4463/5/5
f 4468/5/5 4464/5/5 4467/5/5
f 4470/5/5 4466/5/5 4465/5/5
f 4471/5/5 4466/5/5 4470/5/5
f 4472/5/5 4469/5/5 4468/5/5
f 4473/5/5 4469/5/5 4472/5/5
f 4477/5/5 4475/5/5 4474/5/5
f 4478/5/5 4475/5/5 4477/5/5
f 4479/5/5 4475/5/5 4478/5/5
f 4480/5/5 4477/5/5 4476/5/5
f 4480/5/5 4478/5/5 4477/5/5
f 4481/5/5 4478/5/5 4480/5/5
f 4484/5/5 4483/5/5 4482/5/5
f 4485/5/5 4483/5/5 4484/5/5
f 4488/3/5 4487/3/5 4486/3/5
f 4489/3/5 4488/3/5 4486/3/5
f 4490/3/5 4488/3/5 4489/3/5
f 4493/5/5 4492/5/5 4491/5/5
f 4494/5/5 4492/5/5 4493/5/5
f 4497/5/5 4496/5/5 4495/5/5
f 4498/5/5 4496/5/5 4497/5/5
f 4501/5/5 4500/5/5 4499/5/5
f 4502/5/5 4500/5/5 4501/5/5
f 4503/5/5 4500/5/5 4502/5/5
f 4506/5/5 4505/5/5 4504/5/5
f 4507/5/5 4505/5/5 4506/5/5
f 4508/5/5 4505/5/5 4507/5/5
f 4509/5/5 4507/5/5 4506/5/5
f 4510/5/5 4507/5/5 4509/5/5
f 4513/5/5 4512/5/5 4511/5/5
f 4514/5/5 4512/5/5 4513/5/5
f 4517/5/5 4516/5/5 4515/5/5
f 4518/5/5 4516/5/5 4517/5/5
f 4521/5/5 4520/5/5 4519/5/5
f 4522/5/5 4520/5/5 4521/5/5
f 4523/5/6 4524/5/6 4525/5/6
f 4525/5/6 4524/5/6 4526/5/6
f 4527/3/6 4528/3/6 4529/3/6
f 4529/3/6 4528/3/6 4530/3/6
f 4531/3/6 4532/3/6 4533/3/6
f 4533/3/6 4532/3/6 4534/3/6
f 4535/3/6 4536/3/6 4538/3/6
f 4536/4/6 4537/4/6 4539/4/6
f 4538/3/6 4536/3/6 4539/3/6
f 4539/4/6 4537/4/6 4540/4/6
f 4540/4/6 4537/4/6 4541/4/6
f 4541/4/6 4537/4/6 4542/4/6
f 4541/3/6 4542/3/6 4543/3/6
f 4543/3/6 4542/3/6 4544/3/6
f 4545/5/6 4546/5/6 4547/5/6
f 4547/5/6 4546/5/6 4548/5/6
f 4543/4/6 4544/4/6 4550/4/6
f 4548/3/6 4549/3/6 4551/3/6
f 4549/4/6 4550/4/6 4552/4/6
f 4551/3/6 4549/3/6 4552/3/6
f 4550/4/6 4544/4/6 4553/4/6
f 4552/4/6 4550/4/6 4553/4/6
f 4554/1/6 4555/1/6 4557/1/6
f 4557/1/6 4555/1/6 4558/1/6
f 4555/3/6 4556/3/6 4559/3/6
f 4558/1/6 4555/1/6 4559/1/6
f 4559/3/6 4556/3/6 4560/3/6
f 4554/1/6 4557/1/6 4561/1/6
f 4557/3/6 4558/3/6 4562/3/6
f 4561/1/6 4557/1/6 4562/1/6
f 4561/3/6 4562/3/6 4563/3/6
f 4562/3/6 4558/3/6 4564/3/6
f 4563/3/6 4562/3/6 4564/3/6
f 4564/3/6 4558/3/6 4567/3/6
f 4563/1/6 4564/1/6 4567/1/6
f 4567/3/6 4558/3/6 4568/3/6
f 4565/2/6 4566/2/6 4571/2/6
f 4571/2/6 4566/2/6 4572/2/6
f 4563/1/6 4567/1/6 4573/1/6
f 4567/1/6 4568/1/6 4573/1/6
f 4568/1/6 4569/1/6 4573/1/6
f 4569/3/6 4570/3/6 4574/3/6
f 4573/1/6 4569/1/6 4574/1/6
f 4574/3/6 4570/3/6 4575/3/6
f 4576/3/6 4577/3/6 4578/3/6
f 4578/3/6 4577/3/6 4579/3/6
f 4580/3/6 4581/3/6 4582/3/6
f 4582/3/6 4581/3/6 4583/3/6
f 4584/1/6 4585/1/6 4586/1/6
f 4586/1/6 4585/1/6 4587/1/6
f 4584/1/6 4586/1/6 4588/1/6
f 4584/1/6 4588/1/6 4589/1/6
f 4589/1/6 4588/1/6 4590/1/6
f 4589/3/6 4590/3/6 4591/3/6
f 4591/3/6 4590/3/6 4592/3/6
f 4591/1/6 4592/1/6 4593/1/6
f 4591/1/6 4593/1/6 4596/1/6
f 4596/1/6 4593/1/6 4597/1/6
f 4594/3/6 4595/3/6 4598/3/6
f 4598/3/6 4595/3/6 4599/3/6
f 4600/1/6 4601/1/6 4606/1/6
f 4601/3/6 4602/3/6 4607/3/6
f 4606/1/6 4601/1/6 4607/1/6
f 4607/3/6 4602/3/6 4608/3/6
f 4603/3/6 4604/3/6 4609/3/6
f 4604/4/6 4605/4/6 4610/4/6
f 4609/3/6 4604/3/6 4610/3/6
f 4610/4/6 4605/4/6 4611/4/6
f 4611/4/6 4605/4/6 4612/4/6
f 4612/4/6 4605/4/6 4613/4/6
f 4612/3/6 4613/3/6 4615/3/6
f 4615/3/6 4613/3/6 4616/3/6
f 4614/3/6 4615/3/6 4621/3/6
f 4615/4/6 4616/4/6 4622/4/6
f 4621/3/6 4615/3/6 4622/3/6
f 4617/3/6 4618/3/6 4623/3/6
f 4623/3/6 4618/3/6 4624/3/6
f 4619/3/6 4620/3/6 4625/3/6
f 4620/4/6 4621/4/6 4626/4/6
f 4625/3/6 4620/3/6 4626/3/6
f 4621/4/6 4622/4/6 4626/4/6
f 4622/4/6 4616/4/6 4627/4/6
f 4626/4/6 4622/4/6 4627/4/6
f 4628/3/6 4629/3/6 4630/3/6
f 4630/3/6 4629/3/6 4631/3/6
f 4632/2/6 4633/2/6 4637/2/6
f 4637/2/6 4633/2/6 4638/2/6
f 4634/2/6 4635/2/6 4639/2/6
f 4639/2/6 4635/2/6 4640/2/6
f 4636/3/6 4637/3/6 4641/3/6
f 4641/3/6 4637/3/6 4642/3/6
f 4639/3/6 4640/3/6 4643/3/6
f 4643/3/6 4640/3/6 4644/3/6
f 4645/1/6 4646/1/6 4649/1/6
f 4649/1/6 4646/1/6 4650/1/6
f 4647/4/6 4648/4/6 4651/4/6
f 4651/4/6 4648/4/6 4652/4/6
f 4652/4/6 4648/4/6 4653/4/6
f 4645/1/6 4649/1/6 4654/1/6
f 4649/3/6 4650/3/6 4655/3/6
f 4654/1/6 4649/1/6 4655/1/6
f 4653/4/6 4648/4/6 4656/4/6
f 4656/4/6 4648/4/6 4657/4/6
f 4656/3/6 4657/3/6 4658/3/6
f 4658/3/6 4657/3/6 4659/3/6
f 4654/3/6 4655/3/6 4660/3/6
f 4655/3/6 4650/3/6 4661/3/6
f 4660/3/6 4655/3/6 4661/3/6
f 4658/4/6 4659/4/6 4662/4/6
f 4662/4/6 4659/4/6 4663/4/6
f 4661/3/6 4650/3/6 4668/3/6
f 4660/1/6 4661/1/6 4668/1/6
f 4668/3/6 4650/3/6 4669/3/6
f 4664/2/6 4665/2/6 4671/2/6
f 4671/2/6 4665/2/6 4672/2/6
f 4666/5/6 4667/5/6 4673/5/6
f 4673/5/6 4667/5/6 4674/5/6
f 4669/1/6 4670/1/6 4676/1/6
f 4660/1/6 4668/1/6 4676/1/6
f 4668/1/6 4669/1/6 4676/1/6
f 4676/1/6 4670/1/6 4677/1/6
f 4674/4/6 4675/4/6 4678/4/6
f 4678/4/6 4675/4/6 4679/4/6
f 4680/3/6 4681/3/6 4682/3/6
f 4682/3/6 4681/3/6 4683/3/6
f 4684/5/6 4685/5/6 4687/5/6
f 4685/3/6 4686/3/6 4688/3/6
f 4687/5/6 4685/5/6 4688/5/6
f 4688/3/6 4686/3/6 4689/3/6
f 4690/3/6 4691/3/6 4692/3/6
f 4692/3/6 4691/3/6 4693/3/6
f 4693/3/6 4691/3/6 4694/3/6
f 4695/3/6 4696/3/6 4698/3/6
f 4698/3/6 4696/3/6 4699/3/6
f 4697/2/6 4698/2/6 4700/2/6
f 4700/2/6 4698/2/6 4701/2/6
f 4702/3/6 4703/3/6 4704/3/6
f 4704/3/6 4703/3/6 4705/3/6
f 4706/3/6 4707/3/6 4708/3/6
f 4708/3/6 4707/3/6 4709/3/6
f 4708/4/6 4709/4/6 4713/4/6
f 4710/2/6 4711/2/6 4714/2/6
f 4714/2/6 4711/2/6 4715/2/6
f 4712/4/6 4713/4/6 4717/4/6
f 4713/4/6 4709/4/6 4718/4/6
f 4717/4/6 4713/4/6 4718/4/6
f 4715/3/6 4716/3/6 4719/3/6
f 4714/3/6 4715/3/6 4719/3/6
f 4719/3/6 4716/3/6 4720/3/6
f 4721/2/6 4722/2/6 4727/2/6
f 4727/2/6 4722/2/6 4728/2/6
f 4723/2/6 4724/2/6 4729/2/6
f 4724/3/6 4725/3/6 4730/3/6
f 4729/2/6 4724/2/6 4730/2/6
f 4725/4/6 4726/4/6 4731/4/6
f 4730/3/6 4725/3/6 4731/3/6
f 4731/4/6 4726/4/6 4732/4/6
f 4732/4/6 4726/4/6 4733/4/6
f 4732/3/6 4733/3/6 4734/3/6
f 4734/3/6 4733/3/6 4735/3/6
f 4736/3/6 4737/3/6 4738/3/6
f 4738/3/6 4737/3/6 4739/3/6
f 4740/5/6 4741/5/6 4742/5/6
f 4742/5/6 4741/5/6 4743/5/6
f 4743/5/6 4741/5/6 4744/5/6
f 4744/5/6 4741/5/6 4745/5/6
f 4742/2/6 4743/2/6 4747/2/6
f 4747/2/6 4743/2/6 4748/2/6
f 4748/2/6 4743/2/6 4749/2/6
f 4744/2/6 4745/2/6 4750/2/6
f 4750/2/6 4745/2/6 4751/2/6
f 4746/3/6 4747/3/6 4754/3/6
f 4747/3/6 4748/3/6 4754/3/6
f 4754/3/6 4748/3/6 4755/3/6
f 4752/3/6 4753/3/6 4756/3/6
f 4756/3/6 4753/3/6 4757/3/6
f 4758/1/6 4759/1/6 4764/1/6
f 4764/1/6 4759/1/6 4765/1/6
f 4760/3/6 4761/3/6 4766/3/6
f 4766/3/6 4761/3/6 4767/3/6
f 4762/4/6 4763/4/6 4768/4/6
f 4768/4/6 4763/4/6 4769/4/6
f 4764/3/6 4765/3/6 4770/3/6
f 4768/4/6 4769/4/6 4771/4/6
f 4771/4/6 4769/4/6 4772/4/6
f 4773/3/6 4774/3/6 4776/3/6
f 4774/3/6 4775/3/6 4776/3/6
f 4776/3/6 4775/3/6 4777/3/6
f 4777/3/6 4775/3/6 4778/3/6
f 4778/3/6 4775/3/6 4779/3/6
f 4764/3/6 4770/3/6 4785/3/6
f 4780/5/6 4781/5/6 4786/5/6
f 4786/5/6 4781/5/6 4787/5/6
f 4782/5/6 4783/5/6 4790/5/6
f 4783/3/6 4784/3/6 4791/3/6
f 4790/5/6 4783/5/6 4791/5/6
f 4791/3/6 4784/3/6 4792/3/6
f 4764/3/6 4785/3/6 4796/3/6
f 4796/3/6 4785/3/6 4797/3/6
f 4787/2/6 4788/2/6 4798/2/6
f 4786/2/6 4787/2/6 4798/2/6
f 4798/2/6 4788/2/6 4799/2/6
f 4789/2/6 4790/2/6 4800/2/6
f 4800/2/6 4790/2/6 4801/2/6
f 4791/3/6 4792/3/6 4802/3/6
f 4802/3/6 4792/3/6 4803/3/6
f 4793/3/6 4794/3/6 4804/3/6
f 4794/4/6 4795/4/6 4805/4/6
f 4804/3/6 4794/3/6 4805/3/6
f 4805/4/6 4795/4/6 4806/4/6
f 4796/1/6 4797/1/6 4807/1/6
f 4807/1/6 4797/1/6 4808/1/6
f 4801/3/6 4802/3/6 4809/3/6
f 4809/3/6 4802/3/6 4810/3/6
f 4804/4/6 4805/4/6 4811/4/6
f 4811/4/6 4805/4/6 4812/4/6
f 4813/3/6 4814/3/6 4815/3/6
f 4815/3/6 4814/3/6 4816/3/6
f 4817/2/6 4818/2/6 4821/2/6
f 4821/2/6 4818/2/6 4822/2/6
f 4819/4/6 4820/4/6 4824/4/6
f 4824/4/6 4820/4/6 4825/4/6
f 4823/5/6 4824/5/6 4826/5/6
f 4826/5/6 4824/5/6 4827/5/6
f 4828/5/6 4829/5/6 4832/5/6
f 4832/5/6 4829/5/6 4833/5/6
f 4833/5/6 4829/5/6 4834/5/6
f 4834/5/6 4829/5/6 4835/5/6
f 4830/5/6 4831/5/6 4836/5/6
f 4836/5/6 4831/5/6 4837/5/6
f 4833/2/6 4834/2/6 4838/2/6
f 4838/2/6 4834/2/6 4839/2/6
f 4842/3/6 4843/3/6 4844/3/6
f 4844/3/6 4843/3/6 4845/3/6
f 4846/5/6 4847/5/6 4848/5/6
f 4848/5/6 4847/5/6 4849/5/6
f 4840/1/6 4841/1/6 4850/1/6
f 4850/1/6 4841/1/6 4851/1/6
f 4852/5/6 4853/5/6 4855/5/6
f 4850/3/6 4851/3/6 4856/3/6
f 4856/3/6 4851/3/6 4857/3/6
f 4854/5/6 4855/5/6 4858/5/6
f 4855/5/6 4853/5/6 4858/5/6
f 4854/5/6 4858/5/6 4863/5/6
f 4863/5/6 4858/5/6 4864/5/6
f 4859/2/6 4860/2/6 4866/2/6
f 4866/2/6 4860/2/6 4867/2/6
f 4861/2/6 4862/2/6 4868/2/6
f 4868/2/6 4862/2/6 4869/2/6
f 4856/1/6 4857/1/6 4870/1/6
f 4870/1/6 4857/1/6 4871/1/6
f 4865/3/6 4866/3/6 4872/3/6
f 4872/3/6 4866/3/6 4873/3/6
f 4874/3/6 4875/3/6 4878/3/6
f 4878/3/6 4875/3/6 4879/3/6
f 4876/3/6 4877/3/6 4880/3/6
f 4880/3/6 4877/3/6 4881/3/6
f 4881/2/6 4882/2/6 4885/2/6
f 4885/2/6 4882/2/6 4886/2/6
f 4883/2/6 4884/2/6 4887/2/6
f 4887/2/6 4884/2/6 4888/2/6
f 4874/3/6 4878/3/6 4889/3/6
f 4890/5/6 4891/5/6 4892/5/6
f 4890/5/6 4892/5/6 4894/5/6
f 4892/3/6 4893/3/6 4895/3/6
f 4894/5/6 4892/5/6 4895/5/6
f 4895/3/6 4893/3/6 4896/3/6
f 4889/3/6 4878/3/6 4897/3/6
f 4898/5/6 4899/5/6 4905/5/6
f 4900/5/6 4901/5/6 4906/5/6
f 4906/5/6 4901/5/6 4907/5/6
f 4902/5/6 4903/5/6 4909/5/6
f 4909/5/6 4903/5/6 4910/5/6
f 4904/5/6 4905/5/6 4911/5/6
f 4905/5/6 4899/5/6 4912/5/6
f 4911/5/6 4905/5/6 4912/5/6
f 4907/5/6 4908/5/6 4913/5/6
f 4913/5/6 4908/5/6 4914/5/6
f 4897/3/6 4878/3/6 4915/3/6
f 4897/3/6 4915/3/6 4917/3/6
f 4915/3/6 4916/3/6 4917/3/6
f 4917/3/6 4916/3/6 4918/3/6
f 4921/3/6 4922/3/6 4923/3/6
f 4923/3/6 4922/3/6 4924/3/6
f 4925/2/6 4926/2/6 4927/2/6
f 4927/2/6 4926/2/6 4928/2/6
f 4919/1/6 4920/1/6 4931/1/6
f 4931/1/6 4920/1/6 4932/1/6
f 4929/3/6 4930/3/6 4934/3/6
f 4933/5/6 4934/5/6 4936/5/6
f 4934/3/6 4930/3/6 4937/3/6
f 4936/5/6 4934/5/6 4937/5/6
f 4937/3/6 4930/3/6 4938/3/6
f 4935/5/6 4936/5/6 4939/5/6
f 4939/5/6 4936/5/6 4940/5/6
f 4931/3/6 4932/3/6 4941/3/6
f 4941/3/6 4932/3/6 4942/3/6
f 4943/5/6 4944/5/6 4945/5/6
f 4945/5/6 4944/5/6 4946/5/6
f 4947/2/6 4948/2/6 4949/2/6
f 4949/2/6 4948/2/6 4950/2/6
f 4941/1/6 4942/1/6 4951/1/6
f 4951/1/6 4942/1/6 4952/1/6
f 4953/1/6 4954/1/6 4957/1/6
f 4955/3/6 4956/3/6 4958/3/6
f 4958/3/6 4956/3/6 4959/3/6
f 4953/1/6 4957/1/6 4962/1/6
f 4962/1/6 4957/1/6 4963/1/6
f 4960/2/6 4961/2/6 4964/2/6
f 4964/2/6 4961/2/6 4965/2/6
f 4966/5/6 4967/5/6 4968/5/6
f 4968/5/6 4967/5/6 4969/5/6
f 4966/5/6 4968/5/6 4970/5/6
f 4970/5/6 4968/5/6 4971/5/6
f 4962/3/6 4963/3/6 4972/3/6
f 4972/3/6 4963/3/6 4973/3/6
f 4974/5/6 4975/5/6 4976/5/6
f 4976/5/6 4975/5/6 4977/5/6
f 4977/5/6 4975/5/6 4978/5/6
f 4976/2/6 4977/2/6 4980/2/6
f 4980/2/6 4977/2/6 4981/2/6
f 4979/3/6 4980/3/6 4985/3/6
f 4985/3/6 4980/3/6 4986/3/6
f 4983/3/6 4984/3/6 4987/3/6
f 4982/3/6 4983/3/6 4987/3/6
f 4987/3/6 4984/3/6 4988/3/6
f 4989/3/6 4990/3/6 4993/3/6
f 4993/3/6 4990/3/6 4994/3/6
f 4995/5/6 4996/5/6 4999/5/6
f 4999/5/6 4996/5/6 5000/5/6
f 4997/5/6 4998/5/6 5001/5/6
f 5001/5/6 4998/5/6 5002/5/6
f 4991/3/6 4992/3/6 5004/3/6
f 5004/3/6 4992/3/6 5005/3/6
f 5003/3/6 5004/3/6 5005/3/6
f 5005/3/6 4992/3/6 5006/3/6
f 5003/3/6 5005/3/6 5009/3/6
f 5003/3/6 5009/3/6 5011/3/6
f 5009/3/6 5010/3/6 5011/3/6
f 5011/3/6 5010/3/6 5012/3/6
f 5012/3/6 5010/3/6 5013/3/6
f 5013/3/6 5010/3/6 5014/3/6
f 5007/5/6 5008/5/6 5015/5/6
f 5015/5/6 5008/5/6 5016/5/6
f 5011/1/6 5012/1/6 5017/1/6
f 5012/3/6 5013/3/6 5017/3/6
f 5017/3/6 5013/3/6 5018/3/6
f 5019/5/6 5020/5/6 5021/5/6
f 5021/5/6 5020/5/6 5022/5/6
f 5023/5/6 5024/5/6 5028/5/6
f 5028/5/6 5024/5/6 5029/5/6
f 5025/5/6 5026/5/6 5030/5/6
f 5030/5/6 5026/5/6 5031/5/6
f 5031/5/6 5026/5/6 5032/5/6
f 5027/2/6 5028/2/6 5035/2/6
f 5035/2/6 5028/2/6 5036/2/6
f 5030/2/6 5031/2/6 5037/2/6
f 5029/2/6 5030/2/6 5037/2/6
f 5037/2/6 5031/2/6 5038/2/6
f 5033/2/6 5034/2/6 5039/2/6
f 5039/2/6 5034/2/6 5040/2/6
f 5011/1/6 5017/1/6 5041/1/6
f 5041/1/6 5017/1/6 5042/1/6
f 5043/3/6 5044/3/6 5047/3/6
f 5047/3/6 5044/3/6 5048/3/6
f 5045/3/6 5046/3/6 5049/3/6
f 5049/3/6 5046/3/6 5050/3/6
f 5047/2/6 5048/2/6 5052/2/6
f 5052/2/6 5048/2/6 5053/2/6
f 5051/5/6 5052/5/6 5055/5/6
f 5053/5/6 5054/5/6 5055/5/6
f 5052/5/6 5053/5/6 5055/5/6
f 5055/5/6 5054/5/6 5056/5/6
f 5051/5/6 5055/5/6 5057/5/6
f 5056/5/6 5054/5/6 5058/5/6
f 5058/5/6 5054/5/6 5059/5/6
f 5051/5/6 5057/5/6 5060/5/6
f 5057/5/6 5058/5/6 5060/5/6
f 5060/5/6 5058/5/6 5061/5/6
f 5062/3/6 5063/3/6 5065/3/6
f 5063/3/6 5064/3/6 5065/3/6
f 5065/3/6 5064/3/6 5066/3/6
f 5061/5/6 5058/5/6 5067/5/6
f 5067/5/6 5058/5/6 5068/5/6
f 5062/3/6 5065/3/6 5070/3/6
f 5068/5/6 5069/5/6 5071/5/6
f 5067/5/6 5068/5/6 5071/5/6
f 5066/5/6 5067/5/6 5071/5/6
f 5071/5/6 5069/5/6 5072/5/6
f 5072/5/6 5069/5/6 5073/5/6
f 5073/5/6 5069/5/6 5074/5/6
f 5062/3/6 5070/3/6 5076/3/6
f 5070/3/6 5071/3/6 5076/3/6
f 5071/5/6 5072/5/6 5077/5/6
f 5076/3/6 5071/3/6 5077/3/6
f 5073/5/6 5074/5/6 5078/5/6
f 5074/5/6 5075/5/6 5078/5/6
f 5078/5/6 5075/5/6 5079/5/6
f 5077/5/6 5072/5/6 5081/5/6
f 5081/5/6 5072/5/6 5082/5/6
f 5073/5/6 5078/5/6 5083/5/6
f 5083/5/6 5078/5/6 5084/5/6
f 5080/3/6 5081/3/6 5087/3/6
f 5081/5/6 5082/5/6 5088/5/6
f 5084/5/6 5085/5/6 5088/5/6
f 5082/5/6 5083/5/6 5088/5/6
f 5083/5/6 5084/5/6 5088/5/6
f 5088/5/6 5085/5/6 5089/5/6
f 5086/1/6 5087/1/6 5090/1/6
f 5087/3/6 5081/3/6 5091/3/6
f 5090/1/6 5087/1/6 5091/1/6
f 5081/5/6 5088/5/6 5092/5/6
f 5091/3/6 5081/3/6 5092/3/6
f 5092/5/6 5088/5/6 5093/5/6
f 5093/5/6 5088/5/6 5094/5/6
f 5094/5/6 5088/5/6 5095/5/6
f 5096/5/6 5097/5/6 5102/5/6
f 5102/5/6 5097/5/6 5103/5/6
f 5098/5/6 5099/5/6 5104/5/6
f 5104/5/6 5099/5/6 5105/5/6
f 5100/2/6 5101/2/6 5107/2/6
f 5107/2/6 5101/2/6 5108/2/6
f 5106/3/6 5107/3/6 5109/3/6
f 5109/3/6 5107/3/6 5110/3/6
f 5111/1/6 5112/1/6 5119/1/6
f 5113/3/6 5114/3/6 5120/3/6
f 5115/3/6 5116/3/6 5121/3/6
f 5121/3/6 5116/3/6 5122/3/6
f 5122/3/6 5116/3/6 5123/3/6
f 5117/3/6 5118/3/6 5128/3/6
f 5128/3/6 5118/3/6 5129/3/6
f 5120/3/6 5114/3/6 5130/3/6
f 5130/3/6 5114/3/6 5131/3/6
f 5124/2/6 5125/2/6 5132/2/6
f 5132/2/6 5125/2/6 5133/2/6
f 5126/2/6 5127/2/6 5134/2/6
f 5134/2/6 5127/2/6 5135/2/6
f 5128/5/6 5129/5/6 5138/5/6
f 5111/1/6 5119/1/6 5139/1/6
f 5139/1/6 5119/1/6 5140/1/6
f 5136/5/6 5137/5/6 5142/5/6
f 5142/5/6 5137/5/6 5143/5/6
f 5138/5/6 5129/5/6 5144/5/6
f 5144/5/6 5129/5/6 5145/5/6
f 5140/3/6 5141/3/6 5148/3/6
f 5140/3/6 5148/3/6 5150/3/6
f 5148/3/6 5149/3/6 5150/3/6
f 5150/3/6 5149/3/6 5151/3/6
f 5146/5/6 5147/5/6 5152/5/6
f 5152/5/6 5147/5/6 5153/5/6
f 5151/3/6 5149/3/6 5157/3/6
f 5157/3/6 5149/3/6 5158/3/6
f 5156/3/6 5157/3/6 5161/3/6
f 5161/3/6 5157/3/6 5162/3/6
f 5154/5/6 5155/5/6 5163/5/6
f 5163/5/6 5155/5/6 5164/5/6
f 5159/5/6 5160/5/6 5165/5/6
f 5165/5/6 5160/5/6 5166/5/6
f 5167/5/6 5168/5/6 5169/5/6
f 5169/5/6 5168/5/6 5170/5/6
f 5170/5/6 5171/5/6 5173/5/6
f 5172/5/6 5173/5/6 5180/5/6
f 5173/5/6 5171/5/6 5181/5/6
f 5180/5/6 5173/5/6 5181/5/6
f 5181/5/6 5171/5/6 5182/5/6
f 5174/5/6 5175/5/6 5188/5/6
f 5188/5/6 5175/5/6 5189/5/6
f 5178/2/6 5179/2/6 5192/2/6
f 5177/3/6 5178/3/6 5192/3/6
f 5179/5/6 5180/5/6 5193/5/6
f 5192/2/6 5179/2/6 5193/2/6
f 5193/5/6 5180/5/6 5194/5/6
f 5181/5/6 5182/5/6 5195/5/6
f 5182/5/6 5183/5/6 5195/5/6
f 5195/5/6 5183/5/6 5196/5/6
f 5196/5/6 5183/5/6 5197/5/6
f 5184/5/6 5185/5/6 5198/5/6
f 5198/5/6 5185/5/6 5199/5/6
f 5186/5/6 5187/5/6 5200/5/6
f 5200/5/6 5187/5/6 5201/5/6
f 5190/5/6 5191/5/6 5202/5/6
f 5202/5/6 5191/5/6 5203/5/6
f 5177/3/6 5192/3/6 5204/3/6
f 5176/1/6 5177/1/6 5204/1/6
f 5204/3/6 5192/3/6 5205/3/6
f 5205/3/6 5192/3/6 5206/3/6
f 5196/2/6 5197/2/6 5207/2/6
f 5197/2/6 5198/2/6 5207/2/6
f 5207/2/6 5198/2/6 5208/2/6
f 5208/2/6 5198/2/6 5209/2/6
f 5209/2/6 5198/2/6 5210/2/6
f 5200/2/6 5201/2/6 5211/2/6
f 5211/2/6 5201/2/6 5212/2/6
f 5204/1/6 5205/1/6 5213/1/6
f 5176/1/6 5204/1/6 5213/1/6
f 5213/1/6 5205/1/6 5214/1/6
f 5208/3/6 5209/3/6 5215/3/6
f 5215/3/6 5209/3/6 5216/3/6
f 5217/1/6 5218/1/6 5222/1/6
f 5222/1/6 5218/1/6 5223/1/6
f 5219/1/6 5220/1/6 5224/1/6
f 5220/3/6 5221/3/6 5225/3/6
f 5224/1/6 5220/1/6 5225/1/6
f 5225/3/6 5221/3/6 5226/3/6
f 5227/2/6 5228/2/6 5234/2/6
f 5234/2/6 5228/2/6 5235/2/6
f 5229/2/6 5230/2/6 5237/2/6
f 5237/2/6 5230/2/6 5238/2/6
f 5231/2/6 5232/2/6 5240/2/6
f 5240/2/6 5232/2/6 5241/2/6
f 5222/3/6 5223/3/6 5243/3/6
f 5243/3/6 5223/3/6 5244/3/6
f 5235/5/6 5236/5/6 5245/5/6
f 5233/5/6 5234/5/6 5245/5/6
f 5234/5/6 5235/5/6 5245/5/6
f 5238/5/6 5239/5/6 5247/5/6
f 5247/5/6 5239/5/6 5248/5/6
f 5241/5/6 5242/5/6 5249/5/6
f 5249/5/6 5242/5/6 5250/5/6
f 5245/5/6 5246/5/6 5253/5/6
f 5233/5/6 5245/5/6 5253/5/6
f 5250/5/6 5251/5/6 5254/5/6
f 5254/5/6 5251/5/6 5255/5/6
f 5255/5/6 5251/5/6 5256/5/6
f 5252/5/6 5253/5/6 5260/5/6
f 5253/5/6 5246/5/6 5260/5/6
f 5260/5/6 5246/5/6 5261/5/6
f 5261/5/6 5246/5/6 5262/5/6
f 5262/5/6 5246/5/6 5263/5/6
f 5257/3/6 5258/3/6 5264/3/6
f 5258/5/6 5259/5/6 5265/5/6
f 5264/3/6 5258/3/6 5265/3/6
f 5265/5/6 5259/5/6 5266/5/6
f 5252/5/6 5260/5/6 5267/5/6
f 5267/5/6 5260/5/6 5268/5/6
f 5265/5/6 5266/5/6 5269/5/6
f 5266/5/6 5267/5/6 5269/5/6
f 5269/5/6 5267/5/6 5270/5/6
f 5261/5/6 5262/5/6 5272/5/6
f 5272/5/6 5262/5/6 5273/5/6
f 5273/5/6 5262/5/6 5274/5/6
f 5271/5/6 5272/5/6 5275/5/6
f 5272/5/6 5273/5/6 5275/5/6
f 5275/5/6 5273/5/6 5276/5/6
f 5271/5/6 5275/5/6 5281/5/6
f 5281/5/6 5275/5/6 5282/5/6
f 5277/5/6 5278/5/6 5283/5/6
f 5283/5/6 5278/5/6 5284/5/6
f 5279/5/6 5280/5/6 5288/5/6
f 5282/5/6 5283/5/6 5292/5/6
f 5283/5/6 5284/5/6 5292/5/6
f 5284/5/6 5285/5/6 5292/5/6
f 5292/5/6 5285/5/6 5293/5/6
f 5293/5/6 5285/5/6 5294/5/6
f 5286/5/6 5287/5/6 5295/5/6
f 5288/5/6 5280/5/6 5296/5/6
f 5296/5/6 5280/5/6 5297/5/6
f 5291/5/6 5292/5/6 5298/5/6
f 5292/5/6 5293/5/6 5298/5/6
f 5298/5/6 5293/5/6 5299/5/6
f 5286/5/6 5295/5/6 5300/5/6
f 5300/5/6 5295/5/6 5301/5/6
f 5289/5/6 5290/5/6 5302/5/6
f 5302/5/6 5290/5/6 5303/5/6
f 5304/3/6 5305/3/6 5309/3/6
f 5309/3/6 5305/3/6 5310/3/6
f 5307/3/6 5308/3/6 5313/3/6
f 5306/3/6 5307/3/6 5313/3/6
f 5308/5/6 5309/5/6 5314/5/6
f 5313/3/6 5308/3/6 5314/3/6
f 5309/2/6 5310/2/6 5315/2/6
f 5314/5/6 5309/5/6 5315/5/6
f 5315/2/6 5310/2/6 5316/2/6
f 5311/2/6 5312/2/6 5317/2/6
f 5317/2/6 5312/2/6 5318/2/6
f 5318/2/6 5312/2/6 5319/2/6
f 5314/5/6 5315/5/6 5324/5/6
f 5319/5/6 5320/5/6 5325/5/6
f 5318/5/6 5319/5/6 5325/5/6
f 5325/5/6 5320/5/6 5326/5/6
f 5326/5/6 5320/5/6 5327/5/6
f 5321/5/6 5322/5/6 5328/5/6
f 5328/5/6 5322/5/6 5329/5/6
f 5323/3/6 5324/3/6 5330/3/6
f 5330/3/6 5324/3/6 5331/3/6
f 5324/5/6 5315/5/6 5332/5/6
f 5331/3/6 5324/3/6 5332/3/6
f 5332/5/6 5315/5/6 5333/5/6
f 5328/5/6 5329/5/6 5334/5/6
f 5334/5/6 5329/5/6 5335/5/6
f 5323/3/6 5330/3/6 5336/3/6
f 5336/3/6 5330/3/6 5337/3/6
f 5331/3/6 5332/3/6 5338/3/6
f 5338/3/6 5332/3/6 5341/3/6
f 5341/3/6 5332/3/6 5342/3/6
f 5339/5/6 5340/5/6 5343/5/6
f 5342/5/6 5343/5/6 5347/5/6
f 5343/5/6 5340/5/6 5348/5/6
f 5347/5/6 5343/5/6 5348/5/6
f 5348/5/6 5340/5/6 5349/5/6
f 5344/5/6 5345/5/6 5352/5/6
f 5352/5/6 5345/5/6 5353/5/6
f 5346/3/6 5347/3/6 5354/3/6
f 5354/3/6 5347/3/6 5355/3/6
f 5350/5/6 5351/5/6 5357/5/6
f 5357/5/6 5351/5/6 5358/5/6
f 5356/5/6 5357/5/6 5359/5/6
f 5347/5/6 5348/5/6 5363/5/6
f 5359/5/6 5360/5/6 5364/5/6
f 5356/5/6 5359/5/6 5364/5/6
f 5364/5/6 5360/5/6 5365/5/6
f 5361/5/6 5362/5/6 5366/5/6
f 5366/5/6 5362/5/6 5367/5/6
f 5355/3/6 5347/3/6 5368/3/6
f 5347/5/6 5363/5/6 5369/5/6
f 5368/3/6 5347/3/6 5369/3/6
f 5363/5/6 5364/5/6 5369/5/6
f 5369/5/6 5364/5/6 5370/5/6
f 5366/5/6 5367/5/6 5375/5/6
f 5375/5/6 5367/5/6 5376/5/6
f 5371/5/6 5372/5/6 5377/5/6
f 5377/5/6 5372/5/6 5378/5/6
f 5373/5/6 5374/5/6 5379/5/6
f 5379/5/6 5374/5/6 5380/5/6
f 5381/3/6 5382/3/6 5387/3/6
f 5387/3/6 5382/3/6 5388/3/6
f 5383/3/6 5384/3/6 5389/3/6
f 5389/3/6 5384/3/6 5390/3/6
f 5385/1/6 5386/1/6 5393/1/6
f 5391/2/6 5392/2/6 5396/2/6
f 5396/2/6 5392/2/6 5397/2/6
f 5385/1/6 5393/1/6 5400/1/6
f 5400/1/6 5393/1/6 5401/1/6
f 5394/3/6 5395/3/6 5402/3/6
f 5402/3/6 5395/3/6 5403/3/6
f 5396/5/6 5397/5/6 5405/5/6
f 5398/5/6 5399/5/6 5406/5/6
f 5406/5/6 5399/5/6 5407/5/6
f 5404/5/6 5405/5/6 5413/5/6
f 5405/5/6 5397/5/6 5414/5/6
f 5413/5/6 5405/5/6 5414/5/6
f 5398/5/6 5406/5/6 5415/5/6
f 5415/5/6 5406/5/6 5416/5/6
f 5407/5/6 5408/5/6 5417/5/6
f 5417/5/6 5408/5/6 5418/5/6
f 5409/5/6 5410/5/6 5419/5/6
f 5419/5/6 5410/5/6 5420/5/6
f 5414/5/6 5415/5/6 5423/5/6
f 5423/5/6 5415/5/6 5424/5/6
f 5411/3/6 5412/3/6 5425/3/6
f 5425/3/6 5412/3/6 5426/3/6
f 5421/5/6 5422/5/6 5427/5/6
f 5422/5/6 5423/5/6 5427/5/6
f 5427/5/6 5423/5/6 5428/5/6
f 5428/5/6 5423/5/6 5429/5/6
f 5429/5/6 5423/5/6 5430/5/6
f 5428/5/6 5429/5/6 5431/5/6
f 5431/5/6 5429/5/6 5432/5/6
f 5433/5/6 5434/5/6 5435/5/6
f 5435/5/6 5434/5/6 5436/5/6
f 5437/5/6 5438/5/6 5439/5/6
f 5439/5/6 5438/5/6 5440/5/6
f 5440/5/6 5438/5/6 5441/5/6
f 5441/5/6 5438/5/6 5442/5/6
f 5440/5/6 5441/5/6 5443/5/6
f 5443/5/6 5441/5/6 5444/5/6
f 5442/5/6 5438/5/6 5445/5/6
f 5445/5/6 5438/5/6 5446/5/6
f 5446/5/6 5447/5/6 5448/5/6
f 5448/5/6 5447/5/6 5449/5/6
f 5449/5/6 5447/5/6 5450/5/6
f 5449/2/6 5450/2/6 5451/2/6
f 5451/2/6 5450/2/6 5452/2/6
f 5453/1/6 5454/1/6 5455/1/6
f 5455/1/6 5454/1/6 5456/1/6
f 5455/3/6 5456/3/6 5460/3/6
f 5456/3/6 5457/3/6 5460/3/6
f 5460/3/6 5457/3/6 5461/3/6
f 5458/5/6 5459/5/6 5465/5/6
f 5465/5/6 5459/5/6 5466/5/6
f 5462/5/6 5463/5/6 5467/5/6
f 5467/5/6 5463/5/6 5468/5/6
f 5464/5/6 5465/5/6 5472/5/6
f 5472/5/6 5465/5/6 5473/5/6
f 5466/5/6 5467/5/6 5474/5/6
f 5470/5/6 5471/5/6 5475/5/6
f 5469/5/6 5470/5/6 5475/5/6
f 5475/5/6 5471/5/6 5476/5/6
f 5473/5/6 5474/5/6 5478/5/6
f 5474/5/6 5467/5/6 5479/5/6
f 5478/5/6 5474/5/6 5479/5/6
f 5479/5/6 5467/5/6 5480/5/6
f 5477/5/6 5478/5/6 5481/5/6
f 5478/5/6 5479/5/6 5481/5/6
f 5481/5/6 5479/5/6 5482/5/6
f 5477/5/6 5481/5/6 5484/5/6
f 5484/5/6 5481/5/6 5485/5/6
f 5484/5/6 5485/5/6 5489/5/6
f 5485/5/6 5486/5/6 5489/5/6
f 5483/5/6 5484/5/6 5489/5/6
f 5489/5/6 5486/5/6 5490/5/6
f 5490/5/6 5486/5/6 5491/5/6
f 5491/5/6 5486/5/6 5492/5/6
f 5487/5/6 5488/5/6 5493/5/6
f 5493/5/6 5488/5/6 5494/5/6
f 5490/5/6 5491/5/6 5496/5/6
f 5496/5/6 5491/5/6 5497/5/6
f 5492/5/6 5493/5/6 5499/5/6
f 5499/5/6 5493/5/6 5500/5/6
f 5497/5/6 5498/5/6 5501/5/6
f 5495/5/6 5496/5/6 5501/5/6
f 5496/5/6 5497/5/6 5501/5/6
f 5501/5/6 5498/5/6 5502/5/6
f 5476/5/6 5471/5/6 5503/5/6
f 5503/5/6 5471/5/6 5504/5/6
f 5505/5/6 5506/5/6 5507/5/6
f 5507/5/6 5506/5/6 5508/5/6
f 5509/5/6 5510/5/6 5513/5/6
f 5513/5/6 5510/5/6 5514/5/6
f 5511/5/6 5512/5/6 5519/5/6
f 5519/5/6 5512/5/6 5520/5/6
f 5517/5/6 5518/5/6 5521/5/6
f 5521/5/6 5518/5/6 5522/5/6
f 5522/5/6 5518/5/6 5523/5/6
f 5515/5/6 5516/5/6 5525/5/6
f 5525/5/6 5516/5/6 5526/5/6
f 5522/5/6 5523/5/6 5527/5/6
f 5527/5/6 5523/5/6 5528/5/6
f 5524/5/6 5525/5/6 5530/5/6
f 5529/5/6 5530/5/6 5531/5/6
f 5530/5/6 5525/5/6 5532/5/6
f 5531/5/6 5530/5/6 5532/5/6
f 5533/5/6 5534/5/6 5539/5/6
f 5539/5/6 5534/5/6 5540/5/6
f 5535/5/6 5536/5/6 5541/5/6
f 5541/5/6 5536/5/6 5542/5/6
f 5542/5/6 5536/5/6 5543/5/6
f 5537/5/6 5538/5/6 5544/5/6
f 5542/5/6 5543/5/6 5547/5/6
f 5543/5/6 5544/5/6 5547/5/6
f 5544/5/6 5538/5/6 5547/5/6
f 5545/5/6 5546/5/6 5548/5/6
f 5548/5/6 5546/5/6 5549/5/6
f 5549/5/6 5546/5/6 5550/5/6
f 5542/5/6 5547/5/6 5551/5/6
f 5547/5/6 5548/5/6 5551/5/6
f 5548/5/6 5549/5/6 5551/5/6
f 5551/5/6 5549/5/6 5552/5/6
f 5553/5/6 5554/5/6 5555/5/6
f 5555/5/6 5554/5/6 5556/5/6
f 5559/2/6 5560/2/6 5561/2/6
f 5561/2/6 5560/2/6 5562/2/6
f 5557/3/6 5558/3/6 5563/3/6
f 5563/3/6 5558/3/6 5564/3/6
f 5565/5/6 5566/5/6 5568/5/6
f 5568/5/6 5566/5/6 5569/5/6
f 5567/5/6 5568/5/6 5570/5/6
f 5570/5/6 5568/5/6 5571/5/6
f 5571/5/6 5572/5/6 5575/5/6
f 5575/5/6 5572/5/6 5576/5/6
f 5573/5/6 5574/5/6 5577/5/6
f 5577/5/6 5574/5/6 5578/5/6
f 5579/5/6 5580/5/6 5581/5/6
f 5581/5/6 5580/5/6 5582/5/6
f 5582/5/6 5583/5/6 5584/5/6
f 5584/5/6 5583/5/6 5585/5/6
f 5585/5/6 5583/5/6 5586/5/6
f 5586/5/6 5587/5/6 5589/5/6
f 5585/5/6 5586/5/6 5589/5/6
f 5589/5/6 5587/5/6 5590/5/6
f 5590/5/6 5587/5/6 5591/5/6
f 5591/5/6 5587/5/6 5592/5/6
f 5588/5/6 5589/5/6 5593/5/6
f 5593/5/6 5589/5/6 5594/5/6
f 5590/5/6 5591/5/6 5595/5/6
f 5595/5/6 5591/5/6 5596/5/6
f 5597/5/6 5598/5/6 5599/5/6
f 5599/5/6 5598/5/6 5600/5/6
f 5601/5/6 5602/5/6 5604/5/6
f 5604/5/6 5602/5/6 5605/5/6
f 5603/5/6 5604/5/6 5607/5/6
f 5607/5/6 5604/5/6 5608/5/6
f 5605/5/6 5606/5/6 5609/5/6
f 5608/5/6 5609/5/6 5610/5/6
f 5609/5/6 5606/5/6 5611/5/6
f 5610/5/6 5609/5/6 5611/5/6
f 5611/5/6 5606/5/6 5614/5/6
f 5614/5/6 5606/5/6 5615/5/6
f 5612/5/6 5613/5/6 5616/5/6
f 5616/5/6 5613/5/6 5617/5/6
f 5618/5/6 5619/5/6 5623/5/6
f 5622/5/6 5623/5/6 5624/5/6
f 5623/5/6 5619/5/6 5625/5/6
f 5624/5/6 5623/5/6 5625/5/6
f 5620/5/6 5621/5/6 5626/5/6
f 5626/5/6 5621/5/6 5627/5/6
f 5628/5/6 5629/5/6 5631/5/6
f 5631/5/6 5629/5/6 5632/5/6
f 5630/5/6 5631/5/6 5633/5/6
f 5633/5/6 5631/5/6 5634/5/6
f 5635/5/6 5636/5/6 5637/5/6
f 5637/5/6 5636/5/6 5638/5/6
f 5639/5/6 5640/5/6 5641/5/6
f 5641/5/6 5640/5/6 5642/5/6
f 5642/5/6 5643/5/6 5644/5/6
f 5644/5/6 5643/5/6 5645/5/6
