# MagicaVoxel @ Ephtracy

# group
o 

# material
mtllib ImagesSTA_10-30_Min.mtl
usemtl palette

# normals
vn -1 0 0
vn 1 0 0
vn 0 0 1
vn 0 0 -1
vn 0 -1 0
vn 0 1 0

# texcoords
vt 0.287109 0.5
vt 0.298828 0.5
vt 0.376953 0.5
vt 0.380859 0.5
vt 0.384766 0.5
vt 0.396484 0.5
vt 0.408203 0.5
vt 0.439453 0.5
vt 0.443359 0.5
vt 0.447266 0.5
vt 0.451172 0.5
vt 0.462891 0.5
vt 0.548828 0.5
vt 0.552734 0.5
vt 0.564453 0.5
vt 0.568359 0.5
vt 0.572266 0.5
vt 0.576172 0.5
vt 0.626953 0.5
vt 0.630859 0.5
vt 0.634766 0.5
vt 0.638672 0.5
vt 0.642578 0.5
vt 0.654297 0.5
vt 0.658203 0.5
vt 0.662109 0.5
vt 0.666016 0.5
vt 0.669922 0.5
vt 0.673828 0.5
vt 0.677734 0.5
vt 0.681641 0.5
vt 0.685547 0.5
vt 0.712891 0.5
vt 0.720703 0.5
vt 0.724609 0.5
vt 0.732422 0.5
vt 0.736328 0.5
vt 0.751953 0.5
vt 0.759766 0.5
vt 0.767578 0.5
vt 0.771484 0.5
vt 0.970703 0.5

# verts
v -13.2 0.3 0.9
v -13.2 0.3 -1.4
v -13.2 0.7 0.6
v -13.2 0.7 0
v -13.2 0.7 -0.1
v -13.2 0.7 -0.4
v -13.2 0.7 -0.5
v -13.2 0.7 -1.1
v -13.2 11.3 0.6
v -13.2 11.3 0
v -13.2 11.3 -0.1
v -13.2 11.3 -0.4
v -13.2 11.3 -0.5
v -13.2 11.3 -1.1
v -13.2 11.7 0.9
v -13.2 11.7 -1.4
v -8.6 2.1 -1.2
v -8.6 2.1 -1.3
v -8.6 2.7 -1.3
v -8.6 3 -1.2
v -8.6 3 -1.3
v -8.3 4.7 -1.2
v -8.3 4.7 -1.3
v -8.3 4.9 -1.2
v -8.3 4.9 -1.3
v -5.6 9.1 0.9
v -5.6 9.1 0.8
v -5.6 9.1 0.5
v -5.6 9.1 0.1
v -5.6 9.2 0.9
v -5.6 9.2 0.8
v -5.6 9.2 0.5
v -5.6 9.2 0.1
v -4.3 10.3 0.9
v -4.3 10.3 0.8
v -4.3 10.3 0.5
v -4.3 10.3 0.1
v -4.3 10.4 0.9
v -4.3 10.4 0.8
v -4.3 10.4 0.5
v -4.3 10.4 0.1
v -3.4 7.8 0.8
v -3.4 7.8 0.7
v -3.4 7.8 0.5
v -3.4 7.8 0.1
v -3.4 7.9 0.8
v -3.4 7.9 0.7
v -3.4 7.9 0.5
v -3.4 7.9 0.1
v -3.2 3.5 -1.2
v -3.2 3.5 -1.3
v -3.2 7.3 -1.3
v -3.2 7.4 -1.3
v -3.2 8.4 -1.3
v -3.2 8.5 -1.3
v -3.2 8.6 -1.3
v -3.2 8.8 -1.2
v -3.2 8.8 -1.3
v -8.8 2.1 -1.2
v -8.8 2.1 -1.3
v -8.8 2.7 -1.3
v -8.8 3 -1.2
v -8.8 3 -1.3
v -8.4 4.7 -1.2
v -8.4 4.7 -1.3
v -8.4 4.9 -1.2
v -8.4 4.9 -1.3
v -6.7 7.8 0.8
v -6.7 7.8 0.7
v -6.7 7.8 0.5
v -6.7 7.8 0.1
v -6.7 7.9 0.8
v -6.7 7.9 0.7
v -6.7 7.9 0.5
v -6.7 7.9 0.1
v -5.9 9.1 0.9
v -5.9 9.1 0.8
v -5.9 9.1 0.5
v -5.9 9.1 0.1
v -5.9 9.2 0.9
v -5.9 9.2 0.8
v -5.9 9.2 0.5
v -5.9 9.2 0.1
v -4.9 10.3 0.9
v -4.9 10.3 0.8
v -4.9 10.3 0.5
v -4.9 10.3 0.1
v -4.9 10.4 0.9
v -4.9 10.4 0.8
v -4.9 10.4 0.5
v -4.9 10.4 0.1
v -3.7 3.5 -1.2
v -3.7 3.5 -1.3
v -3.7 8.2 -1.3
v -3.7 8.4 -1.3
v -3.7 8.8 -1.2
v -3.7 8.8 -1.3
v -3.1 0.3 0.9
v -3.1 0.3 -1.4
v -3.1 0.7 0.6
v -3.1 0.7 0
v -3.1 0.7 -0.1
v -3.1 0.7 -0.5
v -3.1 0.7 -1.1
v -3.1 0.8 -0.4
v -3.1 0.8 -0.5
v -3.1 11.3 0.6
v -3.1 11.3 0
v -3.1 11.3 -0.1
v -3.1 11.3 -0.4
v -3.1 11.3 -0.5
v -3.1 11.3 -1.1
v -3.1 11.7 0.9
v -3.1 11.7 -1.4
v -13.2 0.3 0.9
v -13.2 11.7 0.9
v -13.1 0.4 0.9
v -13.1 2 0.9
v -13.1 2.1 0.9
v -13.1 2.2 0.9
v -13.1 2.3 0.9
v -13.1 2.4 0.9
v -13.1 2.5 0.9
v -13.1 4.9 0.9
v -13.1 5.3 0.9
v -13.1 5.9 0.9
v -13.1 6.3 0.9
v -13.1 6.9 0.9
v -13.1 8.3 0.9
v -13.1 8.6 0.9
v -13.1 8.7 0.9
v -13.1 8.8 0.9
v -13.1 8.9 0.9
v -13.1 9.2 0.9
v -13.1 9.3 0.9
v -13.1 9.4 0.9
v -13.1 9.5 0.9
v -13.1 9.6 0.9
v -13.1 9.7 0.9
v -13.1 9.8 0.9
v -13.1 10.1 0.9
v -13.1 10.2 0.9
v -13.1 10.4 0.9
v -13.1 10.5 0.9
v -13.1 10.6 0.9
v -13.1 10.7 0.9
v -13.1 10.8 0.9
v -13.1 10.9 0.9
v -13.1 11 0.9
v -13.1 11.2 0.9
v -13.1 11.4 0.9
v -13.1 11.5 0.9
v -13.1 11.6 0.9
v -13 5.3 0.9
v -13 5.4 0.9
v -13 5.5 0.9
v -13 5.7 0.9
v -13 5.9 0.9
v -13 6.3 0.9
v -13 6.9 0.9
v -13 7.9 0.9
v -13 8.5 0.9
v -13 8.6 0.9
v -13 10 0.9
v -13 10.1 0.9
v -13 10.5 0.9
v -13 10.6 0.9
v -13 11.3 0.9
v -13 11.4 0.9
v -12.9 0.6 0.9
v -12.9 1 0.9
v -12.9 1.2 0.9
v -12.9 1.3 0.9
v -12.9 1.5 0.9
v -12.9 2 0.9
v -12.9 2.6 0.9
v -12.9 2.8 0.9
v -12.9 4.3 0.9
v -12.9 4.4 0.9
v -12.9 4.9 0.9
v -12.9 5.2 0.9
v -12.9 5.3 0.9
v -12.9 5.4 0.9
v -12.9 5.5 0.9
v -12.9 6.1 0.9
v -12.9 6.2 0.9
v -12.9 7.6 0.9
v -12.9 7.8 0.9
v -12.9 7.9 0.9
v -12.9 8 0.9
v -12.9 8.3 0.9
v -12.9 8.5 0.9
v -12.9 9.7 0.9
v -12.9 9.8 0.9
v -12.9 10.3 0.9
v -12.9 10.4 0.9
v -12.9 11.3 0.9
v -12.9 11.4 0.9
v -12.9 11.5 0.9
v -12.8 0.5 0.9
v -12.8 0.6 0.9
v -12.8 1 0.9
v -12.8 1.1 0.9
v -12.8 1.4 0.9
v -12.8 1.5 0.9
v -12.8 2 0.9
v -12.8 2.9 0.9
v -12.8 3 0.9
v -12.8 3.2 0.9
v -12.8 3.3 0.9
v -12.8 3.8 0.9
v -12.8 4.3 0.9
v -12.8 4.4 0.9
v -12.8 5.1 0.9
v -12.8 5.2 0.9
v -12.8 5.8 0.9
v -12.8 5.9 0.9
v -12.8 6 0.9
v -12.8 6.1 0.9
v -12.8 6.2 0.9
v -12.8 7.6 0.9
v -12.8 7.7 0.9
v -12.8 7.8 0.9
v -12.8 7.9 0.9
v -12.8 8 0.9
v -12.8 8.1 0.9
v -12.8 8.7 0.9
v -12.8 8.8 0.9
v -12.8 8.9 0.9
v -12.8 9 0.9
v -12.8 9.6 0.9
v -12.8 9.7 0.9
v -12.8 9.9 0.9
v -12.8 10 0.9
v -12.8 10.1 0.9
v -12.8 10.2 0.9
v -12.8 10.3 0.9
v -12.8 11.1 0.9
v -12.8 11.2 0.9
v -12.8 11.5 0.9
v -12.8 11.6 0.9
v -12.7 2.8 0.9
v -12.7 2.9 0.9
v -12.7 3 0.9
v -12.7 3.2 0.9
v -12.7 3.3 0.9
v -12.7 3.4 0.9
v -12.7 3.5 0.9
v -12.7 3.8 0.9
v -12.7 4.3 0.9
v -12.7 4.4 0.9
v -12.7 5.4 0.9
v -12.7 5.5 0.9
v -12.7 5.6 0.9
v -12.7 5.7 0.9
v -12.7 5.8 0.9
v -12.7 5.9 0.9
v -12.7 6 0.9
v -12.7 6.1 0.9
v -12.7 7.7 0.9
v -12.7 7.8 0.9
v -12.7 7.9 0.9
v -12.7 8 0.9
v -12.7 8.1 0.9
v -12.7 8.2 0.9
v -12.7 9.2 0.9
v -12.7 9.3 0.9
v -12.7 9.4 0.9
v -12.7 9.5 0.9
v -12.7 10.3 0.9
v -12.7 10.4 0.9
v -12.7 10.7 0.9
v -12.7 10.8 0.9
v -12.6 0.5 0.9
v -12.6 0.6 0.9
v -12.6 0.7 0.9
v -12.6 0.9 0.9
v -12.6 1 0.9
v -12.6 1.1 0.9
v -12.6 2.3 0.9
v -12.6 2.4 0.9
v -12.6 2.5 0.9
v -12.6 2.6 0.9
v -12.6 2.8 0.9
v -12.6 3.1 0.9
v -12.6 3.3 0.9
v -12.6 3.4 0.9
v -12.6 3.5 0.9
v -12.6 4.2 0.9
v -12.6 4.4 0.9
v -12.6 4.5 0.9
v -12.6 5.3 0.9
v -12.6 5.5 0.9
v -12.6 5.6 0.9
v -12.6 5.7 0.9
v -12.6 5.9 0.9
v -12.6 8 0.9
v -12.6 8.1 0.9
v -12.6 8.2 0.9
v -12.6 8.3 0.9
v -12.6 9.7 0.9
v -12.6 9.9 0.9
v -12.6 10.1 0.9
v -12.6 10.3 0.9
v -12.6 10.4 0.9
v -12.6 10.5 0.9
v -12.6 10.9 0.9
v -12.6 11 0.9
v -12.6 11.1 0.9
v -12.6 11.4 0.9
v -12.6 11.5 0.9
v -12.5 0.6 0.9
v -12.5 0.7 0.9
v -12.5 0.9 0.9
v -12.5 1 0.9
v -12.5 1.4 0.9
v -12.5 1.5 0.9
v -12.5 2 0.9
v -12.5 3.2 0.9
v -12.5 3.3 0.9
v -12.5 3.4 0.9
v -12.5 3.5 0.9
v -12.5 4.2 0.9
v -12.5 4.5 0.9
v -12.5 4.6 0.9
v -12.5 5 0.9
v -12.5 5.1 0.9
v -12.5 5.2 0.9
v -12.5 5.3 0.9
v -12.5 5.4 0.9
v -12.5 5.6 0.9
v -12.5 5.7 0.9
v -12.5 5.8 0.9
v -12.5 5.9 0.9
v -12.5 6 0.9
v -12.5 7.8 0.9
v -12.5 7.9 0.9
v -12.5 8.1 0.9
v -12.5 8.2 0.9
v -12.5 8.3 0.9
v -12.5 8.4 0.9
v -12.5 9 0.9
v -12.5 9.2 0.9
v -12.5 9.4 0.9
v -12.5 9.5 0.9
v -12.5 10.1 0.9
v -12.5 10.5 0.9
v -12.5 10.6 0.9
v -12.5 11.4 0.9
v -12.5 11.5 0.9
v -12.4 0.6 0.9
v -12.4 1 0.9
v -12.4 1.5 0.9
v -12.4 2 0.9
v -12.4 3.3 0.9
v -12.4 3.4 0.9
v -12.4 3.5 0.9
v -12.4 3.6 0.9
v -12.4 4.1 0.9
v -12.4 4.2 0.9
v -12.4 4.4 0.9
v -12.4 4.5 0.9
v -12.4 4.6 0.9
v -12.4 4.8 0.9
v -12.4 5.3 0.9
v -12.4 5.4 0.9
v -12.4 5.5 0.9
v -12.4 5.6 0.9
v -12.4 5.7 0.9
v -12.4 5.8 0.9
v -12.4 5.9 0.9
v -12.4 7.9 0.9
v -12.4 8 0.9
v -12.4 8.2 0.9
v -12.4 8.3 0.9
v -12.4 8.4 0.9
v -12.4 8.5 0.9
v -12.4 9.3 0.9
v -12.4 9.6 0.9
v -12.4 10.1 0.9
v -12.4 10.2 0.9
v -12.4 10.4 0.9
v -12.4 10.7 0.9
v -12.4 10.8 0.9
v -12.4 10.9 0.9
v -12.3 0.5 0.9
v -12.3 0.6 0.9
v -12.3 1 0.9
v -12.3 1.1 0.9
v -12.3 1.4 0.9
v -12.3 2 0.9
v -12.3 2.3 0.9
v -12.3 2.4 0.9
v -12.3 2.5 0.9
v -12.3 2.6 0.9
v -12.3 2.8 0.9
v -12.3 3.1 0.9
v -12.3 3.4 0.9
v -12.3 3.5 0.9
v -12.3 3.6 0.9
v -12.3 4.1 0.9
v -12.3 4.2 0.9
v -12.3 4.3 0.9
v -12.3 4.4 0.9
v -12.3 4.7 0.9
v -12.3 4.8 0.9
v -12.3 4.9 0.9
v -12.3 5.1 0.9
v -12.3 5.2 0.9
v -12.3 5.6 0.9
v -12.3 5.7 0.9
v -12.3 5.8 0.9
v -12.3 8 0.9
v -12.3 8.2 0.9
v -12.3 8.3 0.9
v -12.3 8.4 0.9
v -12.3 8.5 0.9
v -12.3 8.6 0.9
v -12.3 9.4 0.9
v -12.3 9.6 0.9
v -12.3 9.7 0.9
v -12.3 10 0.9
v -12.3 10.2 0.9
v -12.3 10.3 0.9
v -12.3 10.4 0.9
v -12.3 10.5 0.9
v -12.3 10.7 0.9
v -12.3 10.8 0.9
v -12.3 10.9 0.9
v -12.3 11 0.9
v -12.2 1.4 0.9
v -12.2 1.5 0.9
v -12.2 1.6 0.9
v -12.2 1.9 0.9
v -12.2 3.1 0.9
v -12.2 3.2 0.9
v -12.2 3.3 0.9
v -12.2 3.6 0.9
v -12.2 4.2 0.9
v -12.2 4.3 0.9
v -12.2 4.4 0.9
v -12.2 4.5 0.9
v -12.2 4.7 0.9
v -12.2 4.8 0.9
v -12.2 4.9 0.9
v -12.2 5 0.9
v -12.2 5.1 0.9
v -12.2 5.2 0.9
v -12.2 5.3 0.9
v -12.2 5.4 0.9
v -12.2 5.5 0.9
v -12.2 5.6 0.9
v -12.2 5.7 0.9
v -12.2 8.2 0.9
v -12.2 8.3 0.9
v -12.2 8.4 0.9
v -12.2 8.6 0.9
v -12.2 8.8 0.9
v -12.2 9.1 0.9
v -12.2 9.2 0.9
v -12.2 9.3 0.9
v -12.2 9.4 0.9
v -12.2 9.6 0.9
v -12.2 9.9 0.9
v -12.2 10 0.9
v -12.2 10.1 0.9
v -12.2 10.3 0.9
v -12.2 10.5 0.9
v -12.2 10.6 0.9
v -12.2 10.9 0.9
v -12.2 11 0.9
v -12.1 0.5 0.9
v -12.1 0.6 0.9
v -12.1 1 0.9
v -12.1 1.1 0.9
v -12.1 3.3 0.9
v -12.1 3.4 0.9
v -12.1 3.5 0.9
v -12.1 3.6 0.9
v -12.1 3.7 0.9
v -12.1 4.2 0.9
v -12.1 4.3 0.9
v -12.1 4.4 0.9
v -12.1 4.5 0.9
v -12.1 4.6 0.9
v -12.1 4.8 0.9
v -12.1 5 0.9
v -12.1 5.3 0.9
v -12.1 5.4 0.9
v -12.1 5.5 0.9
v -12.1 5.6 0.9
v -12.1 8.3 0.9
v -12.1 8.4 0.9
v -12.1 8.6 0.9
v -12.1 8.7 0.9
v -12.1 8.8 0.9
v -12.1 9.1 0.9
v -12.1 9.2 0.9
v -12.1 9.3 0.9
v -12.1 9.8 0.9
v -12.1 9.9 0.9
v -12.1 10 0.9
v -12.1 10.1 0.9
v -12.1 10.2 0.9
v -12 0.6 0.9
v -12 1 0.9
v -12 1.5 0.9
v -12 1.6 0.9
v -12 1.9 0.9
v -12 2 0.9
v -12 2.4 0.9
v -12 2.5 0.9
v -12 2.6 0.9
v -12 2.8 0.9
v -12 3.2 0.9
v -12 3.3 0.9
v -12 3.4 0.9
v -12 3.5 0.9
v -12 3.6 0.9
v -12 3.7 0.9
v -12 3.8 0.9
v -12 4 0.9
v -12 4.3 0.9
v -12 4.6 0.9
v -12 4.7 0.9
v -12 4.8 0.9
v -12 5 0.9
v -12 5.4 0.9
v -12 5.5 0.9
v -12 5.6 0.9
v -12 8.4 0.9
v -12 8.6 0.9
v -12 8.7 0.9
v -12 8.9 0.9
v -12 9 0.9
v -12 9.2 0.9
v -12 9.3 0.9
v -12 9.7 0.9
v -12 9.8 0.9
v -12 10 0.9
v -12 10.1 0.9
v -12 10.2 0.9
v -12 10.3 0.9
v -11.9 0.6 0.9
v -11.9 1 0.9
v -11.9 1.6 0.9
v -11.9 1.9 0.9
v -11.9 2.2 0.9
v -11.9 2.3 0.9
v -11.9 2.4 0.9
v -11.9 2.5 0.9
v -11.9 2.8 0.9
v -11.9 3.1 0.9
v -11.9 3.3 0.9
v -11.9 3.4 0.9
v -11.9 3.5 0.9
v -11.9 3.6 0.9
v -11.9 3.7 0.9
v -11.9 3.8 0.9
v -11.9 4 0.9
v -11.9 4.6 0.9
v -11.9 4.7 0.9
v -11.9 4.8 0.9
v -11.9 4.9 0.9
v -11.9 5 0.9
v -11.9 5.2 0.9
v -11.9 5.3 0.9
v -11.9 5.4 0.9
v -11.9 5.5 0.9
v -11.9 8.6 0.9
v -11.9 8.9 0.9
v -11.9 9 0.9
v -11.9 9.1 0.9
v -11.9 9.3 0.9
v -11.9 9.7 0.9
v -11.9 9.9 0.9
v -11.9 10 0.9
v -11.9 10.1 0.9
v -11.9 10.2 0.9
v -11.9 10.3 0.9
v -11.9 10.4 0.9
v -11.9 10.6 0.9
v -11.9 10.7 0.9
v -11.9 11 0.9
v -11.9 11.1 0.9
v -11.9 11.4 0.9
v -11.9 11.5 0.9
v -11.8 0.5 0.9
v -11.8 0.6 0.9
v -11.8 1 0.9
v -11.8 1.1 0.9
v -11.8 1.5 0.9
v -11.8 1.9 0.9
v -11.8 2.3 0.9
v -11.8 2.4 0.9
v -11.8 2.5 0.9
v -11.8 2.7 0.9
v -11.8 2.8 0.9
v -11.8 3.1 0.9
v -11.8 3.2 0.9
v -11.8 3.4 0.9
v -11.8 3.6 0.9
v -11.8 3.9 0.9
v -11.8 4 0.9
v -11.8 4.2 0.9
v -11.8 4.4 0.9
v -11.8 4.6 0.9
v -11.8 4.9 0.9
v -11.8 5.1 0.9
v -11.8 5.2 0.9
v -11.8 5.3 0.9
v -11.8 5.4 0.9
v -11.8 7 0.9
v -11.8 7.2 0.9
v -11.8 8.9 0.9
v -11.8 9 0.9
v -11.8 9.1 0.9
v -11.8 9.2 0.9
v -11.8 9.7 0.9
v -11.8 9.9 0.9
v -11.8 10 0.9
v -11.8 10.1 0.9
v -11.8 10.2 0.9
v -11.8 10.3 0.9
v -11.8 10.4 0.9
v -11.8 10.5 0.9
v -11.8 10.7 0.9
v -11.8 10.8 0.9
v -11.8 10.9 0.9
v -11.8 11 0.9
v -11.8 11.1 0.9
v -11.8 11.4 0.9
v -11.7 1.4 0.9
v -11.7 1.5 0.9
v -11.7 1.9 0.9
v -11.7 2 0.9
v -11.7 3.3 0.9
v -11.7 3.5 0.9
v -11.7 3.6 0.9
v -11.7 3.7 0.9
v -11.7 3.8 0.9
v -11.7 3.9 0.9
v -11.7 4.2 0.9
v -11.7 4.3 0.9
v -11.7 4.4 0.9
v -11.7 4.5 0.9
v -11.7 4.6 0.9
v -11.7 4.7 0.9
v -11.7 5 0.9
v -11.7 5.7 0.9
v -11.7 7 0.9
v -11.7 7.2 0.9
v -11.7 8.9 0.9
v -11.7 9 0.9
v -11.7 9.1 0.9
v -11.7 9.3 0.9
v -11.7 9.5 0.9
v -11.7 9.9 0.9
v -11.7 10 0.9
v -11.7 10.1 0.9
v -11.7 10.2 0.9
v -11.7 10.3 0.9
v -11.7 10.4 0.9
v -11.7 10.5 0.9
v -11.7 10.6 0.9
v -11.7 10.9 0.9
v -11.7 11 0.9
v -11.6 0.5 0.9
v -11.6 0.6 0.9
v -11.6 1 0.9
v -11.6 1.1 0.9
v -11.6 3.3 0.9
v -11.6 3.4 0.9
v -11.6 3.5 0.9
v -11.6 3.6 0.9
v -11.6 3.7 0.9
v -11.6 3.8 0.9
v -11.6 3.9 0.9
v -11.6 4.3 0.9
v -11.6 4.4 0.9
v -11.6 4.5 0.9
v -11.6 4.6 0.9
v -11.6 4.7 0.9
v -11.6 4.8 0.9
v -11.6 5 0.9
v -11.6 5.6 0.9
v -11.6 5.7 0.9
v -11.6 8.9 0.9
v -11.6 9 0.9
v -11.6 9.2 0.9
v -11.6 9.4 0.9
v -11.6 9.5 0.9
v -11.6 9.6 0.9
v -11.6 10 0.9
v -11.6 10.1 0.9
v -11.6 10.3 0.9
v -11.6 10.4 0.9
v -11.6 10.5 0.9
v -11.6 10.6 0.9
v -11.6 11.2 0.9
v -11.5 0.6 0.9
v -11.5 1 0.9
v -11.5 1.6 0.9
v -11.5 1.7 0.9
v -11.5 2 0.9
v -11.5 2.1 0.9
v -11.5 2.3 0.9
v -11.5 2.4 0.9
v -11.5 2.7 0.9
v -11.5 2.8 0.9
v -11.5 3.1 0.9
v -11.5 3.2 0.9
v -11.5 3.4 0.9
v -11.5 3.6 0.9
v -11.5 3.8 0.9
v -11.5 3.9 0.9
v -11.5 4 0.9
v -11.5 4.2 0.9
v -11.5 4.4 0.9
v -11.5 4.5 0.9
v -11.5 4.6 0.9
v -11.5 4.7 0.9
v -11.5 4.8 0.9
v -11.5 4.9 0.9
v -11.5 5 0.9
v -11.5 5.5 0.9
v -11.5 5.6 0.9
v -11.5 9.4 0.9
v -11.5 9.5 0.9
v -11.5 9.6 0.9
v -11.5 9.7 0.9
v -11.5 10.1 0.9
v -11.5 10.2 0.9
v -11.5 10.3 0.9
v -11.5 10.4 0.9
v -11.5 10.5 0.9
v -11.5 11 0.9
v -11.5 11.1 0.9
v -11.5 11.2 0.9
v -11.5 11.5 0.9
v -11.4 0.5 0.9
v -11.4 1.1 0.9
v -11.4 2.4 0.9
v -11.4 2.7 0.9
v -11.4 3.8 0.9
v -11.4 3.9 0.9
v -11.4 4 0.9
v -11.4 4.1 0.9
v -11.4 4.3 0.9
v -11.4 4.4 0.9
v -11.4 4.6 0.9
v -11.4 4.7 0.9
v -11.4 5 0.9
v -11.4 5.1 0.9
v -11.4 9.1 0.9
v -11.4 9.2 0.9
v -11.4 9.3 0.9
v -11.4 9.4 0.9
v -11.4 9.5 0.9
v -11.4 9.6 0.9
v -11.4 9.8 0.9
v -11.4 10.2 0.9
v -11.4 10.4 0.9
v -11.4 10.7 0.9
v -11.4 10.9 0.9
v -11.4 11 0.9
v -11.4 11.1 0.9
v -11.4 11.5 0.9
v -11.4 11.6 0.9
v -11.3 0.6 0.9
v -11.3 1.1 0.9
v -11.3 1.4 0.9
v -11.3 1.5 0.9
v -11.3 1.6 0.9
v -11.3 1.8 0.9
v -11.3 1.9 0.9
v -11.3 2 0.9
v -11.3 3.1 0.9
v -11.3 3.2 0.9
v -11.3 3.9 0.9
v -11.3 4 0.9
v -11.3 4.1 0.9
v -11.3 4.2 0.9
v -11.3 4.3 0.9
v -11.3 4.4 0.9
v -11.3 4.5 0.9
v -11.3 4.8 0.9
v -11.3 4.9 0.9
v -11.3 5.6 0.9
v -11.3 8.8 0.9
v -11.3 9.3 0.9
v -11.3 9.4 0.9
v -11.3 9.5 0.9
v -11.3 9.7 0.9
v -11.3 9.8 0.9
v -11.3 9.9 0.9
v -11.3 10.3 0.9
v -11.3 10.7 0.9
v -11.3 10.9 0.9
v -11.3 11 0.9
v -11.3 11.1 0.9
v -11.3 11.4 0.9
v -11.3 11.5 0.9
v -11.3 11.6 0.9
v -11.2 1.5 0.9
v -11.2 1.7 0.9
v -11.2 1.8 0.9
v -11.2 1.9 0.9
v -11.2 3.2 0.9
v -11.2 3.4 0.9
v -11.2 3.6 0.9
v -11.2 3.7 0.9
v -11.2 3.8 0.9
v -11.2 3.9 0.9
v -11.2 4 0.9
v -11.2 4.1 0.9
v -11.2 4.5 0.9
v -11.2 4.6 0.9
v -11.2 4.9 0.9
v -11.2 5 0.9
v -11.2 5.5 0.9
v -11.2 5.6 0.9
v -11.2 8.8 0.9
v -11.2 9 0.9
v -11.2 9.1 0.9
v -11.2 9.3 0.9
v -11.2 9.5 0.9
v -11.2 9.6 0.9
v -11.2 9.8 0.9
v -11.2 10.5 0.9
v -11.2 10.6 0.9
v -11.2 10.7 0.9
v -11.2 10.9 0.9
v -11.1 1.4 0.9
v -11.1 1.9 0.9
v -11.1 2 0.9
v -11.1 2.3 0.9
v -11.1 2.4 0.9
v -11.1 3.1 0.9
v -11.1 3.8 0.9
v -11.1 3.9 0.9
v -11.1 4 0.9
v -11.1 4.1 0.9
v -11.1 4.2 0.9
v -11.1 4.3 0.9
v -11.1 4.4 0.9
v -11.1 5.4 0.9
v -11.1 5.5 0.9
v -11.1 9.1 0.9
v -11.1 9.2 0.9
v -11.1 9.6 0.9
v -11.1 9.7 0.9
v -11.1 10 0.9
v -11.1 10.3 0.9
v -11.1 10.4 0.9
v -11.1 10.5 0.9
v -11.1 10.8 0.9
v -11.1 11 0.9
v -11.1 11.3 0.9
v -11.1 11.4 0.9
v -11 0.5 0.9
v -11 0.6 0.9
v -11 1.4 0.9
v -11 1.6 0.9
v -11 1.7 0.9
v -11 1.9 0.9
v -11 2.3 0.9
v -11 2.4 0.9
v -11 2.5 0.9
v -11 3.1 0.9
v -11 3.4 0.9
v -11 3.5 0.9
v -11 3.7 0.9
v -11 3.9 0.9
v -11 4 0.9
v -11 4.1 0.9
v -11 4.2 0.9
v -11 4.3 0.9
v -11 4.4 0.9
v -11 4.5 0.9
v -11 4.6 0.9
v -11 4.9 0.9
v -11 5.2 0.9
v -11 5.3 0.9
v -11 9.9 0.9
v -11 10 0.9
v -11 10.1 0.9
v -11 10.2 0.9
v -11 10.3 0.9
v -11 10.4 0.9
v -11 10.5 0.9
v -11 10.6 0.9
v -10.9 0.5 0.9
v -10.9 1.1 0.9
v -10.9 2.5 0.9
v -10.9 2.6 0.9
v -10.9 3.3 0.9
v -10.9 3.4 0.9
v -10.9 3.5 0.9
v -10.9 3.6 0.9
v -10.9 4 0.9
v -10.9 4.1 0.9
v -10.9 4.2 0.9
v -10.9 4.4 0.9
v -10.9 4.5 0.9
v -10.9 4.9 0.9
v -10.9 5.1 0.9
v -10.9 5.2 0.9
v -10.9 5.3 0.9
v -10.9 5.8 0.9
v -10.9 8.6 0.9
v -10.9 9.6 0.9
v -10.9 9.7 0.9
v -10.9 9.8 0.9
v -10.9 10 0.9
v -10.9 10.1 0.9
v -10.9 10.3 0.9
v -10.9 10.4 0.9
v -10.9 10.5 0.9
v -10.9 11.2 0.9
v -10.9 11.3 0.9
v -10.9 11.5 0.9
v -10.9 11.6 0.9
v -10.8 0.5 0.9
v -10.8 1.1 0.9
v -10.8 1.5 0.9
v -10.8 1.6 0.9
v -10.8 2.3 0.9
v -10.8 2.4 0.9
v -10.8 3.1 0.9
v -10.8 3.2 0.9
v -10.8 3.3 0.9
v -10.8 3.9 0.9
v -10.8 4 0.9
v -10.8 4.1 0.9
v -10.8 4.2 0.9
v -10.8 4.4 0.9
v -10.8 4.5 0.9
v -10.8 4.6 0.9
v -10.8 4.7 0.9
v -10.8 5.7 0.9
v -10.8 5.8 0.9
v -10.8 8.6 0.9
v -10.8 9.9 0.9
v -10.8 10 0.9
v -10.8 10.1 0.9
v -10.8 11.1 0.9
v -10.8 11.2 0.9
v -10.6 0.5 0.9
v -10.6 1.1 0.9
v -10.6 1.4 0.9
v -10.6 1.5 0.9
v -10.6 1.6 0.9
v -10.6 1.7 0.9
v -10.6 1.9 0.9
v -10.6 2 0.9
v -10.6 2.3 0.9
v -10.6 2.6 0.9
v -10.6 3.1 0.9
v -10.6 4 0.9
v -10.6 4.1 0.9
v -10.6 4.5 0.9
v -10.6 4.6 0.9
v -10.6 4.7 0.9
v -10.6 4.8 0.9
v -10.6 5.6 0.9
v -10.6 5.7 0.9
v -10.6 5.8 0.9
v -10.6 5.9 0.9
v -10.6 8.5 0.9
v -10.6 9.5 0.9
v -10.6 9.6 0.9
v -10.6 10 0.9
v -10.6 10.2 0.9
v -10.6 10.7 0.9
v -10.6 10.8 0.9
v -10.5 0.5 0.9
v -10.5 1 0.9
v -10.5 1.4 0.9
v -10.5 1.6 0.9
v -10.5 1.7 0.9
v -10.5 1.9 0.9
v -10.5 2 0.9
v -10.5 2.3 0.9
v -10.5 2.4 0.9
v -10.5 2.5 0.9
v -10.5 2.6 0.9
v -10.5 2.7 0.9
v -10.5 3.1 0.9
v -10.5 3.2 0.9
v -10.5 3.9 0.9
v -10.5 4 0.9
v -10.5 4.3 0.9
v -10.5 4.4 0.9
v -10.5 4.5 0.9
v -10.5 4.6 0.9
v -10.5 4.7 0.9
v -10.5 5.9 0.9
v -10.5 8.5 0.9
v -10.5 8.6 0.9
v -10.5 8.7 0.9
v -10.5 9.4 0.9
v -10.5 9.5 0.9
v -10.5 9.6 0.9
v -10.5 9.7 0.9
v -10.5 10.3 0.9
v -10.5 10.4 0.9
v -10.5 10.6 0.9
v -10.5 10.7 0.9
v -10.5 11 0.9
v -10.5 11.1 0.9
v -10.5 11.4 0.9
v -10.5 11.5 0.9
v -10.5 11.6 0.9
v -10.4 0.9 0.9
v -10.4 1 0.9
v -10.4 1.1 0.9
v -10.4 3.4 0.9
v -10.4 3.5 0.9
v -10.4 3.6 0.9
v -10.4 3.7 0.9
v -10.4 4 0.9
v -10.4 4.1 0.9
v -10.4 4.2 0.9
v -10.4 4.4 0.9
v -10.4 4.6 0.9
v -10.4 4.7 0.9
v -10.4 4.8 0.9
v -10.4 5.8 0.9
v -10.4 5.9 0.9
v -10.4 6.1 0.9
v -10.4 6.9 0.9
v -10.4 7.6 0.9
v -10.4 8.2 0.9
v -10.4 8.5 0.9
v -10.4 8.6 0.9
v -10.4 9.3 0.9
v -10.4 9.4 0.9
v -10.4 9.5 0.9
v -10.4 9.6 0.9
v -10.4 9.9 0.9
v -10.4 10 0.9
v -10.4 10.1 0.9
v -10.4 10.2 0.9
v -10.4 10.3 0.9
v -10.4 10.6 0.9
v -10.4 10.7 0.9
v -10.4 11 0.9
v -10.4 11.1 0.9
v -10.4 11.4 0.9
v -10.4 11.5 0.9
v -10.4 11.6 0.9
v -10.3 0.8 0.9
v -10.3 0.9 0.9
v -10.3 1 0.9
v -10.3 1.4 0.9
v -10.3 1.9 0.9
v -10.3 2.7 0.9
v -10.3 2.8 0.9
v -10.3 4.7 0.9
v -10.3 4.8 0.9
v -10.3 6 0.9
v -10.3 6.1 0.9
v -10.3 6.9 0.9
v -10.3 7.6 0.9
v -10.3 8.2 0.9
v -10.3 8.3 0.9
v -10.3 9.3 0.9
v -10.3 9.5 0.9
v -10.3 10 0.9
v -10.3 10.1 0.9
v -10.3 10.4 0.9
v -10.3 11.6 0.9
v -10.2 0.5 0.9
v -10.2 0.8 0.9
v -10.2 0.9 0.9
v -10.2 1.1 0.9
v -10.2 1.4 0.9
v -10.2 1.6 0.9
v -10.2 1.7 0.9
v -10.2 1.9 0.9
v -10.2 2 0.9
v -10.2 2.3 0.9
v -10.2 2.4 0.9
v -10.2 2.5 0.9
v -10.2 2.6 0.9
v -10.2 2.7 0.9
v -10.2 2.8 0.9
v -10.2 3.1 0.9
v -10.2 3.2 0.9
v -10.2 3.4 0.9
v -10.2 3.5 0.9
v -10.2 3.6 0.9
v -10.2 4.3 0.9
v -10.2 4.4 0.9
v -10.2 4.5 0.9
v -10.2 4.6 0.9
v -10.2 4.8 0.9
v -10.2 5.5 0.9
v -10.2 5.6 0.9
v -10.2 5.7 0.9
v -10.2 8.3 0.9
v -10.2 8.4 0.9
v -10.2 9.9 0.9
v -10.2 10 0.9
v -10.2 10.1 0.9
v -10.2 10.2 0.9
v -10.2 10.4 0.9
v -10.2 10.6 0.9
v -10.2 10.7 0.9
v -10.2 10.8 0.9
v -10.2 10.9 0.9
v -10.2 11.1 0.9
v -10.2 11.3 0.9
v -10.2 11.4 0.9
v -10.1 0.5 0.9
v -10.1 1.1 0.9
v -10.1 2.3 0.9
v -10.1 2.4 0.9
v -10.1 2.7 0.9
v -10.1 2.8 0.9
v -10.1 3.1 0.9
v -10.1 3.7 0.9
v -10.1 3.8 0.9
v -10.1 4.5 0.9
v -10.1 4.6 0.9
v -10.1 4.8 0.9
v -10.1 6.8 0.9
v -10.1 7.5 0.9
v -10.1 9.9 0.9
v -10.1 10.1 0.9
v -10.1 10.2 0.9
v -10.1 10.4 0.9
v -10.1 10.6 0.9
v -10.1 10.7 0.9
v -10.1 10.8 0.9
v -10.1 10.9 0.9
v -10.1 11.1 0.9
v -10.1 11.2 0.9
v -10.1 11.3 0.9
v -10 0.6 0.9
v -10 1 0.9
v -10 2.4 0.9
v -10 2.5 0.9
v -10 2.8 0.9
v -10 2.9 0.9
v -10 3.5 0.9
v -10 3.6 0.9
v -10 4 0.9
v -10 4.1 0.9
v -10 4.2 0.9
v -10 4.3 0.9
v -10 4.4 0.9
v -10 4.5 0.9
v -10 4.6 0.9
v -10 4.8 0.9
v -10 6.6 0.9
v -10 6.8 0.9
v -10 7.5 0.9
v -10 7.7 0.9
v -10 9.5 0.9
v -10 9.6 0.9
v -10 10 0.9
v -10 10.1 0.9
v -10 10.2 0.9
v -10 10.3 0.9
v -10 10.4 0.9
v -10 10.6 0.9
v -10 11.1 0.9
v -10 11.3 0.9
v -10 11.4 0.9
v -10 11.5 0.9
v -10 11.6 0.9
v -9.9 0.5 0.9
v -9.9 0.6 0.9
v -9.9 1 0.9
v -9.9 1.1 0.9
v -9.9 1.4 0.9
v -9.9 1.6 0.9
v -9.9 1.7 0.9
v -9.9 1.9 0.9
v -9.9 2 0.9
v -9.9 2.2 0.9
v -9.9 2.3 0.9
v -9.9 2.5 0.9
v -9.9 2.6 0.9
v -9.9 2.7 0.9
v -9.9 2.8 0.9
v -9.9 2.9 0.9
v -9.9 3 0.9
v -9.9 3.8 0.9
v -9.9 3.9 0.9
v -9.9 4.1 0.9
v -9.9 4.2 0.9
v -9.9 4.3 0.9
v -9.9 4.4 0.9
v -9.9 4.5 0.9
v -9.9 4.8 0.9
v -9.9 6.4 0.9
v -9.9 6.6 0.9
v -9.9 6.7 0.9
v -9.9 6.8 0.9
v -9.9 7.7 0.9
v -9.9 7.9 0.9
v -9.9 9.4 0.9
v -9.9 9.6 0.9
v -9.9 9.7 0.9
v -9.9 9.8 0.9
v -9.9 9.9 0.9
v -9.9 10 0.9
v -9.9 10.1 0.9
v -9.9 10.2 0.9
v -9.9 10.3 0.9
v -9.9 10.6 0.9
v -9.9 11.1 0.9
v -9.8 0.7 0.9
v -9.8 0.8 0.9
v -9.8 1.4 0.9
v -9.8 1.9 0.9
v -9.8 3.6 0.9
v -9.8 3.9 0.9
v -9.8 4 0.9
v -9.8 4.2 0.9
v -9.8 4.4 0.9
v -9.8 4.5 0.9
v -9.8 4.8 0.9
v -9.8 6.3 0.9
v -9.8 6.4 0.9
v -9.8 6.7 0.9
v -9.8 7.1 0.9
v -9.8 7.5 0.9
v -9.8 7.7 0.9
v -9.8 7.9 0.9
v -9.8 8 0.9
v -9.8 9.3 0.9
v -9.8 9.4 0.9
v -9.8 9.5 0.9
v -9.8 9.6 0.9
v -9.8 9.7 0.9
v -9.8 9.8 0.9
v -9.8 9.9 0.9
v -9.8 10.1 0.9
v -9.8 11.3 0.9
v -9.8 11.4 0.9
v -9.7 0.5 0.9
v -9.7 0.6 0.9
v -9.7 0.7 0.9
v -9.7 0.9 0.9
v -9.7 1 0.9
v -9.7 1.1 0.9
v -9.7 1.4 0.9
v -9.7 1.9 0.9
v -9.7 2 0.9
v -9.7 2.6 0.9
v -9.7 2.7 0.9
v -9.7 3.7 0.9
v -9.7 3.9 0.9
v -9.7 4 0.9
v -9.7 4.8 0.9
v -9.7 6.2 0.9
v -9.7 6.3 0.9
v -9.7 6.4 0.9
v -9.7 6.7 0.9
v -9.7 7.1 0.9
v -9.7 7.2 0.9
v -9.7 7.7 0.9
v -9.7 7.8 0.9
v -9.7 8 0.9
v -9.7 8.1 0.9
v -9.7 9.3 0.9
v -9.7 9.5 0.9
v -9.7 9.6 0.9
v -9.7 9.7 0.9
v -9.7 9.8 0.9
v -9.7 9.9 0.9
v -9.7 11 0.9
v -9.7 11.1 0.9
v -9.7 11.3 0.9
v -9.7 11.4 0.9
v -9.6 0.6 0.9
v -9.6 0.8 0.9
v -9.6 0.9 0.9
v -9.6 1 0.9
v -9.6 1.5 0.9
v -9.6 1.9 0.9
v -9.6 2.6 0.9
v -9.6 2.7 0.9
v -9.6 2.8 0.9
v -9.6 3.8 0.9
v -9.6 4 0.9
v -9.6 4.1 0.9
v -9.6 4.3 0.9
v -9.6 4.8 0.9
v -9.6 6.3 0.9
v -9.6 6.4 0.9
v -9.6 6.7 0.9
v -9.6 6.9 0.9
v -9.6 7.6 0.9
v -9.6 7.8 0.9
v -9.6 9 0.9
v -9.6 9.1 0.9
v -9.6 9.2 0.9
v -9.6 9.3 0.9
v -9.6 9.6 0.9
v -9.6 9.7 0.9
v -9.6 9.8 0.9
v -9.6 9.9 0.9
v -9.6 10.5 0.9
v -9.6 10.9 0.9
v -9.5 1.8 0.9
v -9.5 1.9 0.9
v -9.5 3.3 0.9
v -9.5 3.4 0.9
v -9.5 3.9 0.9
v -9.5 4 0.9
v -9.5 4.1 0.9
v -9.5 4.3 0.9
v -9.5 4.4 0.9
v -9.5 4.8 0.9
v -9.5 6.1 0.9
v -9.5 6.2 0.9
v -9.5 6.9 0.9
v -9.5 7 0.9
v -9.5 7.5 0.9
v -9.5 7.6 0.9
v -9.5 8 0.9
v -9.5 8.1 0.9
v -9.5 8.2 0.9
v -9.5 9.2 0.9
v -9.5 9.3 0.9
v -9.5 9.4 0.9
v -9.5 9.6 0.9
v -9.5 9.9 0.9
v -9.5 10.4 0.9
v -9.5 10.5 0.9
v -9.5 10.9 0.9
v -9.5 11.1 0.9
v -9.5 11.2 0.9
v -9.4 0.6 0.9
v -9.4 1.1 0.9
v -9.4 2 0.9
v -9.4 2.1 0.9
v -9.4 2.5 0.9
v -9.4 2.6 0.9
v -9.4 3.4 0.9
v -9.4 3.5 0.9
v -9.4 3.9 0.9
v -9.4 4 0.9
v -9.4 4.1 0.9
v -9.4 4.2 0.9
v -9.4 4.4 0.9
v -9.4 6.3 0.9
v -9.4 6.6 0.9
v -9.4 7 0.9
v -9.4 7.1 0.9
v -9.4 7.9 0.9
v -9.4 8 0.9
v -9.4 9.2 0.9
v -9.4 9.3 0.9
v -9.4 9.4 0.9
v -9.4 9.8 0.9
v -9.4 10.4 0.9
v -9.4 10.9 0.9
v -9.4 11 0.9
v -9.4 11.1 0.9
v -9.4 11.2 0.9
v -9.4 11.3 0.9
v -9.4 11.4 0.9
v -9.4 11.5 0.9
v -9.4 11.6 0.9
v -9.3 0.5 0.9
v -9.3 0.6 0.9
v -9.3 1.1 0.9
v -9.3 1.4 0.9
v -9.3 1.5 0.9
v -9.3 1.8 0.9
v -9.3 1.9 0.9
v -9.3 2 0.9
v -9.3 3.9 0.9
v -9.3 4 0.9
v -9.3 4.9 0.9
v -9.3 5 0.9
v -9.3 6 0.9
v -9.3 6.1 0.9
v -9.3 6.6 0.9
v -9.3 6.9 0.9
v -9.3 7 0.9
v -9.3 7.1 0.9
v -9.3 7.2 0.9
v -9.3 7.5 0.9
v -9.3 7.7 0.9
v -9.3 7.9 0.9
v -9.3 8.1 0.9
v -9.3 8.2 0.9
v -9.3 8.3 0.9
v -9.3 9.4 0.9
v -9.3 9.5 0.9
v -9.3 9.9 0.9
v -9.3 10.1 0.9
v -9.3 10.4 0.9
v -9.3 10.6 0.9
v -9.3 10.9 0.9
v -9.3 11.4 0.9
v -9.3 11.5 0.9
v -9.2 1.5 0.9
v -9.2 1.8 0.9
v -9.2 1.9 0.9
v -9.2 2.4 0.9
v -9.2 2.5 0.9
v -9.2 2.6 0.9
v -9.2 3.2 0.9
v -9.2 3.3 0.9
v -9.2 3.5 0.9
v -9.2 3.6 0.9
v -9.2 3.7 0.9
v -9.2 3.8 0.9
v -9.2 3.9 0.9
v -9.2 4 0.9
v -9.2 4.1 0.9
v -9.2 4.2 0.9
v -9.2 4.3 0.9
v -9.2 4.8 0.9
v -9.2 4.9 0.9
v -9.2 6.1 0.9
v -9.2 6.8 0.9
v -9.2 6.9 0.9
v -9.2 7 0.9
v -9.2 7.1 0.9
v -9.2 7.3 0.9
v -9.2 7.6 0.9
v -9.2 7.7 0.9
v -9.2 9.5 0.9
v -9.2 9.6 0.9
v -9.2 9.9 0.9
v -9.2 10 0.9
v -9.2 10.1 0.9
v -9.2 10.6 0.9
v -9.2 10.7 0.9
v -9.2 11.1 0.9
v -9.2 11.2 0.9
v -9.2 11.3 0.9
v -9.2 11.4 0.9
v -9.1 0.5 0.9
v -9.1 0.6 0.9
v -9.1 1.1 0.9
v -9.1 1.4 0.9
v -9.1 1.8 0.9
v -9.1 1.9 0.9
v -9.1 2 0.9
v -9.1 2.2 0.9
v -9.1 2.3 0.9
v -9.1 2.8 0.9
v -9.1 2.9 0.9
v -9.1 3.3 0.9
v -9.1 3.4 0.9
v -9.1 3.9 0.9
v -9.1 4 0.9
v -9.1 4.1 0.9
v -9.1 4.2 0.9
v -9.1 4.3 0.9
v -9.1 4.7 0.9
v -9.1 4.8 0.9
v -9.1 4.9 0.9
v -9.1 6.8 0.9
v -9.1 6.9 0.9
v -9.1 7 0.9
v -9.1 7.1 0.9
v -9.1 7.3 0.9
v -9.1 7.4 0.9
v -9.1 7.5 0.9
v -9.1 7.6 0.9
v -9.1 10.2 0.9
v -9.1 10.5 0.9
v -9.1 10.7 0.9
v -9.1 11.4 0.9
v -9.1 11.5 0.9
v -9 0.6 0.9
v -9 1.1 0.9
v -9 1.5 0.9
v -9 1.6 0.9
v -9 1.7 0.9
v -9 1.8 0.9
v -9 1.9 0.9
v -9 2.3 0.9
v -9 2.4 0.9
v -9 3.1 0.9
v -9 3.2 0.9
v -9 3.8 0.9
v -9 3.9 0.9
v -9 4 0.9
v -9 4.1 0.9
v -9 4.2 0.9
v -9 4.3 0.9
v -9 4.4 0.9
v -9 4.5 0.9
v -9 4.6 0.9
v -9 4.7 0.9
v -9 4.8 0.9
v -9 9.5 0.9
v -9 9.6 0.9
v -9 10.7 0.9
v -9 11.4 0.9
v -8.9 0.5 0.9
v -8.9 1.1 0.9
v -8.9 2.2 0.9
v -8.9 2.3 0.9
v -8.9 2.4 0.9
v -8.9 3 0.9
v -8.9 3.1 0.9
v -8.9 3.6 0.9
v -8.9 3.8 0.9
v -8.9 3.9 0.9
v -8.9 4 0.9
v -8.9 4.1 0.9
v -8.9 4.3 0.9
v -8.9 4.4 0.9
v -8.9 4.5 0.9
v -8.9 4.6 0.9
v -8.9 4.9 0.9
v -8.9 6.5 0.9
v -8.9 6.9 0.9
v -8.9 7 0.9
v -8.9 7.1 0.9
v -8.9 7.3 0.9
v -8.9 7.4 0.9
v -8.9 8 0.9
v -8.9 8.2 0.9
v -8.9 9.4 0.9
v -8.9 9.5 0.9
v -8.9 11.3 0.9
v -8.9 11.4 0.9
v -8.9 11.5 0.9
v -8.9 11.6 0.9
v -8.8 0.5 0.9
v -8.8 1 0.9
v -8.8 1.8 0.9
v -8.8 1.9 0.9
v -8.8 2.8 0.9
v -8.8 2.9 0.9
v -8.8 3 0.9
v -8.8 3.1 0.9
v -8.8 3.2 0.9
v -8.8 4 0.9
v -8.8 4.3 0.9
v -8.8 4.4 0.9
v -8.8 4.9 0.9
v -8.8 6.4 0.9
v -8.8 6.5 0.9
v -8.8 7.1 0.9
v -8.8 7.3 0.9
v -8.8 7.5 0.9
v -8.8 8 0.9
v -8.8 9.3 0.9
v -8.8 9.4 0.9
v -8.8 10 0.9
v -8.8 10.7 0.9
v -8.8 11 0.9
v -8.8 11.2 0.9
v -8.8 11.3 0.9
v -8.8 11.4 0.9
v -8.8 11.5 0.9
v -8.7 0.9 0.9
v -8.7 1 0.9
v -8.7 1.1 0.9
v -8.7 1.4 0.9
v -8.7 1.5 0.9
v -8.7 1.6 0.9
v -8.7 1.7 0.9
v -8.7 1.9 0.9
v -8.7 2 0.9
v -8.7 2.1 0.9
v -8.7 2.2 0.9
v -8.7 2.3 0.9
v -8.7 2.6 0.9
v -8.7 2.7 0.9
v -8.7 3 0.9
v -8.7 3.1 0.9
v -8.7 3.3 0.9
v -8.7 3.6 0.9
v -8.7 4.2 0.9
v -8.7 4.3 0.9
v -8.7 4.4 0.9
v -8.7 4.9 0.9
v -8.7 5.1 0.9
v -8.7 5.2 0.9
v -8.7 6 0.9
v -8.7 6.1 0.9
v -8.7 6.4 0.9
v -8.7 6.6 0.9
v -8.7 6.8 0.9
v -8.7 7 0.9
v -8.7 7.1 0.9
v -8.7 7.3 0.9
v -8.7 7.6 0.9
v -8.7 8.2 0.9
v -8.7 8.3 0.9
v -8.7 8.4 0.9
v -8.7 8.5 0.9
v -8.7 9.2 0.9
v -8.7 9.3 0.9
v -8.7 10 0.9
v -8.7 10.7 0.9
v -8.7 11 0.9
v -8.7 11.1 0.9
v -8.7 11.2 0.9
v -8.7 11.3 0.9
v -8.7 11.4 0.9
v -8.6 0.8 0.9
v -8.6 0.9 0.9
v -8.6 1 0.9
v -8.6 1.2 0.9
v -8.6 1.3 0.9
v -8.6 2 0.9
v -8.6 2.1 0.9
v -8.6 2.7 0.9
v -8.6 3 0.9
v -8.6 3.2 0.9
v -8.6 3.3 0.9
v -8.6 3.7 0.9
v -8.6 3.8 0.9
v -8.6 4.1 0.9
v -8.6 4.2 0.9
v -8.6 4.3 0.9
v -8.6 4.4 0.9
v -8.6 4.5 0.9
v -8.6 4.9 0.9
v -8.6 5.1 0.9
v -8.6 5.2 0.9
v -8.6 6.4 0.9
v -8.6 6.6 0.9
v -8.6 6.8 0.9
v -8.6 6.9 0.9
v -8.6 7.6 0.9
v -8.6 7.8 0.9
v -8.6 8 0.9
v -8.6 8.1 0.9
v -8.6 8.5 0.9
v -8.6 8.6 0.9
v -8.6 9.8 0.9
v -8.6 9.9 0.9
v -8.6 10 0.9
v -8.6 11.2 0.9
v -8.6 11.3 0.9
v -8.5 0.5 0.9
v -8.5 0.8 0.9
v -8.5 0.9 0.9
v -8.5 1.1 0.9
v -8.5 2.1 0.9
v -8.5 2.2 0.9
v -8.5 2.4 0.9
v -8.5 2.5 0.9
v -8.5 2.6 0.9
v -8.5 2.7 0.9
v -8.5 3.3 0.9
v -8.5 3.5 0.9
v -8.5 4 0.9
v -8.5 4.1 0.9
v -8.5 4.2 0.9
v -8.5 4.3 0.9
v -8.5 4.4 0.9
v -8.5 4.5 0.9
v -8.5 4.9 0.9
v -8.5 5.1 0.9
v -8.5 5.2 0.9
v -8.5 6.1 0.9
v -8.5 6.2 0.9
v -8.5 6.3 0.9
v -8.5 6.4 0.9
v -8.5 7.1 0.9
v -8.5 7.2 0.9
v -8.5 7.3 0.9
v -8.5 7.4 0.9
v -8.5 7.8 0.9
v -8.5 8 0.9
v -8.5 8.1 0.9
v -8.5 8.2 0.9
v -8.5 8.6 0.9
v -8.5 8.7 0.9
v -8.5 9.2 0.9
v -8.5 9.3 0.9
v -8.5 9.8 0.9
v -8.5 9.9 0.9
v -8.5 10 0.9
v -8.5 10.2 0.9
v -8.5 10.3 0.9
v -8.5 10.4 0.9
v -8.5 10.5 0.9
v -8.4 0.5 0.9
v -8.4 1.1 0.9
v -8.4 1.9 0.9
v -8.4 2 0.9
v -8.4 2.1 0.9
v -8.4 2.2 0.9
v -8.4 2.3 0.9
v -8.4 2.7 0.9
v -8.4 2.8 0.9
v -8.4 4.1 0.9
v -8.4 4.2 0.9
v -8.4 4.3 0.9
v -8.4 4.4 0.9
v -8.4 4.6 0.9
v -8.4 4.9 0.9
v -8.4 6.8 0.9
v -8.4 6.9 0.9
v -8.4 7.4 0.9
v -8.4 7.6 0.9
v -8.4 7.9 0.9
v -8.4 8 0.9
v -8.4 9.2 0.9
v -8.4 9.3 0.9
v -8.4 9.7 0.9
v -8.4 9.8 0.9
v -8.4 10 0.9
v -8.4 10.3 0.9
v -8.4 10.4 0.9
v -8.4 10.7 0.9
v -8.4 10.9 0.9
v -8.4 11.1 0.9
v -8.4 11.2 0.9
v -8.4 11.3 0.9
v -8.4 11.5 0.9
v -8.4 11.6 0.9
v -8.3 0.5 0.9
v -8.3 1.1 0.9
v -8.3 1.8 0.9
v -8.3 1.9 0.9
v -8.3 2.7 0.9
v -8.3 2.8 0.9
v -8.3 3.4 0.9
v -8.3 3.5 0.9
v -8.3 3.6 0.9
v -8.3 3.7 0.9
v -8.3 3.9 0.9
v -8.3 4 0.9
v -8.3 4.2 0.9
v -8.3 4.3 0.9
v -8.3 4.4 0.9
v -8.3 4.5 0.9
v -8.3 4.6 0.9
v -8.3 4.8 0.9
v -8.3 4.9 0.9
v -8.3 6.2 0.9
v -8.3 6.3 0.9
v -8.3 6.5 0.9
v -8.3 6.7 0.9
v -8.3 6.8 0.9
v -8.3 6.9 0.9
v -8.3 7 0.9
v -8.3 7.2 0.9
v -8.3 7.3 0.9
v -8.3 7.6 0.9
v -8.3 7.7 0.9
v -8.3 7.8 0.9
v -8.3 7.9 0.9
v -8.3 8 0.9
v -8.3 8.1 0.9
v -8.3 9.2 0.9
v -8.3 9.4 0.9
v -8.3 9.7 0.9
v -8.3 9.8 0.9
v -8.3 10 0.9
v -8.3 10.7 0.9
v -8.3 10.9 0.9
v -8.2 0.5 0.9
v -8.2 1.1 0.9
v -8.2 1.7 0.9
v -8.2 1.8 0.9
v -8.2 1.9 0.9
v -8.2 2 0.9
v -8.2 4 0.9
v -8.2 4.1 0.9
v -8.2 4.2 0.9
v -8.2 4.3 0.9
v -8.2 4.4 0.9
v -8.2 4.5 0.9
v -8.2 4.8 0.9
v -8.2 4.9 0.9
v -8.2 5.1 0.9
v -8.2 5.2 0.9
v -8.2 6.3 0.9
v -8.2 6.4 0.9
v -8.2 6.5 0.9
v -8.2 6.6 0.9
v -8.2 7.3 0.9
v -8.2 7.4 0.9
v -8.2 7.7 0.9
v -8.2 7.8 0.9
v -8.2 7.9 0.9
v -8.2 8 0.9
v -8.2 9.8 0.9
v -8.2 10 0.9
v -8.2 11 0.9
v -8.2 11.1 0.9
v -8.1 1 0.9
v -8.1 1.1 0.9
v -8.1 1.6 0.9
v -8.1 1.7 0.9
v -8.1 2.2 0.9
v -8.1 2.3 0.9
v -8.1 4 0.9
v -8.1 4.2 0.9
v -8.1 4.3 0.9
v -8.1 4.8 0.9
v -8.1 5.1 0.9
v -8.1 5.2 0.9
v -8.1 6.4 0.9
v -8.1 6.6 0.9
v -8.1 6.7 0.9
v -8.1 7.4 0.9
v -8.1 7.5 0.9
v -8.1 7.7 0.9
v -8.1 7.9 0.9
v -8.1 9.2 0.9
v -8.1 9.4 0.9
v -8.1 10.2 0.9
v -8.1 10.5 0.9
v -8.1 11.1 0.9
v -8.1 11.2 0.9
v -8.1 11.3 0.9
v -8.1 11.4 0.9
v -8 1.8 0.9
v -8 1.9 0.9
v -8 2.1 0.9
v -8 2.2 0.9
v -8 2.3 0.9
v -8 2.4 0.9
v -8 2.5 0.9
v -8 2.6 0.9
v -8 2.7 0.9
v -8 3.3 0.9
v -8 3.4 0.9
v -8 3.5 0.9
v -8 3.7 0.9
v -8 3.9 0.9
v -8 4.1 0.9
v -8 4.3 0.9
v -8 4.4 0.9
v -8 4.9 0.9
v -8 6.6 0.9
v -8 6.8 0.9
v -8 6.9 0.9
v -8 7.5 0.9
v -8 7.7 0.9
v -8 11.2 0.9
v -8 11.3 0.9
v -7.9 0.5 0.9
v -7.9 1 0.9
v -7.9 1.5 0.9
v -7.9 1.6 0.9
v -7.9 1.8 0.9
v -7.9 3.8 0.9
v -7.9 4.1 0.9
v -7.9 4.2 0.9
v -7.9 4.3 0.9
v -7.9 4.4 0.9
v -7.9 4.5 0.9
v -7.9 4.9 0.9
v -7.9 5.1 0.9
v -7.9 5.2 0.9
v -7.9 6.8 0.9
v -7.9 7.5 0.9
v -7.9 11 0.9
v -7.9 11.1 0.9
v -7.9 11.4 0.9
v -7.9 11.6 0.9
v -7.8 0.5 0.9
v -7.8 1 0.9
v -7.8 2.3 0.9
v -7.8 2.4 0.9
v -7.8 2.5 0.9
v -7.8 2.6 0.9
v -7.8 3.4 0.9
v -7.8 3.5 0.9
v -7.8 3.6 0.9
v -7.8 3.7 0.9
v -7.8 4 0.9
v -7.8 4.1 0.9
v -7.8 4.2 0.9
v -7.8 4.3 0.9
v -7.8 4.5 0.9
v -7.8 4.6 0.9
v -7.8 4.8 0.9
v -7.8 4.9 0.9
v -7.8 5 0.9
v -7.8 5.1 0.9
v -7.8 9.4 0.9
v -7.8 9.5 0.9
v -7.8 11.3 0.9
v -7.8 11.4 0.9
v -7.7 1.4 0.9
v -7.7 1.5 0.9
v -7.7 1.6 0.9
v -7.7 1.8 0.9
v -7.7 1.9 0.9
v -7.7 2.6 0.9
v -7.7 2.7 0.9
v -7.7 3.7 0.9
v -7.7 3.8 0.9
v -7.7 3.9 0.9
v -7.7 4 0.9
v -7.7 4.1 0.9
v -7.7 4.3 0.9
v -7.7 4.4 0.9
v -7.7 4.6 0.9
v -7.7 4.7 0.9
v -7.7 4.8 0.9
v -7.7 4.9 0.9
v -7.7 6 0.9
v -7.7 6.1 0.9
v -7.7 7.3 0.9
v -7.7 7.7 0.9
v -7.7 8.2 0.9
v -7.7 8.3 0.9
v -7.7 9.3 0.9
v -7.7 9.4 0.9
v -7.7 9.5 0.9
v -7.7 9.7 0.9
v -7.7 9.8 0.9
v -7.7 10.8 0.9
v -7.7 11 0.9
v -7.7 11.4 0.9
v -7.7 11.5 0.9
v -7.6 1 0.9
v -7.6 1.1 0.9
v -7.6 1.8 0.9
v -7.6 1.9 0.9
v -7.6 2.1 0.9
v -7.6 2.2 0.9
v -7.6 2.3 0.9
v -7.6 2.4 0.9
v -7.6 2.5 0.9
v -7.6 2.6 0.9
v -7.6 3.8 0.9
v -7.6 3.9 0.9
v -7.6 4 0.9
v -7.6 4.1 0.9
v -7.6 4.2 0.9
v -7.6 4.3 0.9
v -7.6 4.5 0.9
v -7.6 4.6 0.9
v -7.6 4.7 0.9
v -7.6 4.8 0.9
v -7.6 5 0.9
v -7.6 5.5 0.9
v -7.6 5.6 0.9
v -7.6 5.7 0.9
v -7.6 6.1 0.9
v -7.6 7.3 0.9
v -7.6 7.7 0.9
v -7.6 8.2 0.9
v -7.6 9.2 0.9
v -7.6 9.3 0.9
v -7.6 9.9 0.9
v -7.6 10 0.9
v -7.6 10.8 0.9
v -7.6 11 0.9
v -7.6 11.4 0.9
v -7.5 1.3 0.9
v -7.5 1.4 0.9
v -7.5 1.5 0.9
v -7.5 1.6 0.9
v -7.5 3.5 0.9
v -7.5 3.6 0.9
v -7.5 3.7 0.9
v -7.5 3.8 0.9
v -7.5 3.9 0.9
v -7.5 4 0.9
v -7.5 4.1 0.9
v -7.5 4.2 0.9
v -7.5 4.3 0.9
v -7.5 4.4 0.9
v -7.5 4.5 0.9
v -7.5 4.6 0.9
v -7.5 4.7 0.9
v -7.5 4.8 0.9
v -7.5 5.9 0.9
v -7.5 8.4 0.9
v -7.5 8.5 0.9
v -7.5 9.3 0.9
v -7.5 9.4 0.9
v -7.5 9.5 0.9
v -7.5 9.9 0.9
v -7.5 10 0.9
v -7.5 10.1 0.9
v -7.5 10.6 0.9
v -7.5 10.7 0.9
v -7.4 1.3 0.9
v -7.4 1.4 0.9
v -7.4 1.9 0.9
v -7.4 2 0.9
v -7.4 2.2 0.9
v -7.4 2.3 0.9
v -7.4 2.4 0.9
v -7.4 3.2 0.9
v -7.4 3.3 0.9
v -7.4 3.7 0.9
v -7.4 3.8 0.9
v -7.4 3.9 0.9
v -7.4 4 0.9
v -7.4 4.1 0.9
v -7.4 4.4 0.9
v -7.4 4.5 0.9
v -7.4 4.6 0.9
v -7.4 4.7 0.9
v -7.4 4.9 0.9
v -7.4 5 0.9
v -7.4 5.1 0.9
v -7.4 5.2 0.9
v -7.4 5.3 0.9
v -7.4 5.6 0.9
v -7.4 5.7 0.9
v -7.4 5.8 0.9
v -7.4 8.4 0.9
v -7.4 8.5 0.9
v -7.4 8.6 0.9
v -7.4 9.8 0.9
v -7.4 10 0.9
v -7.4 10.1 0.9
v -7.4 10.2 0.9
v -7.4 10.6 0.9
v -7.3 1.3 0.9
v -7.3 1.4 0.9
v -7.3 1.5 0.9
v -7.3 1.6 0.9
v -7.3 1.8 0.9
v -7.3 1.9 0.9
v -7.3 2 0.9
v -7.3 3.9 0.9
v -7.3 4 0.9
v -7.3 4.8 0.9
v -7.3 4.9 0.9
v -7.3 5.2 0.9
v -7.3 5.3 0.9
v -7.3 5.4 0.9
v -7.3 5.8 0.9
v -7.3 6 0.9
v -7.3 7.8 0.9
v -7.3 8.5 0.9
v -7.3 9.5 0.9
v -7.3 9.6 0.9
v -7.3 9.7 0.9
v -7.3 9.8 0.9
v -7.3 10 0.9
v -7.3 10.2 0.9
v -7.3 10.4 0.9
v -7.3 10.9 0.9
v -7.3 11.5 0.9
v -7.2 1.1 0.9
v -7.2 1.3 0.9
v -7.2 1.4 0.9
v -7.2 1.5 0.9
v -7.2 1.9 0.9
v -7.2 2 0.9
v -7.2 2.5 0.9
v -7.2 2.6 0.9
v -7.2 3.1 0.9
v -7.2 3.2 0.9
v -7.2 3.9 0.9
v -7.2 4 0.9
v -7.2 4.3 0.9
v -7.2 4.4 0.9
v -7.2 4.5 0.9
v -7.2 4.7 0.9
v -7.2 4.8 0.9
v -7.2 6 0.9
v -7.2 7.8 0.9
v -7.2 9.4 0.9
v -7.2 9.5 0.9
v -7.2 9.9 0.9
v -7.2 10.1 0.9
v -7.2 10.4 0.9
v -7.2 10.9 0.9
v -7.2 11.4 0.9
v -7.2 11.5 0.9
v -7.1 1.2 0.9
v -7.1 1.3 0.9
v -7.1 1.7 0.9
v -7.1 1.8 0.9
v -7.1 1.9 0.9
v -7.1 2 0.9
v -7.1 2.1 0.9
v -7.1 2.2 0.9
v -7.1 2.3 0.9
v -7.1 2.4 0.9
v -7.1 2.5 0.9
v -7.1 2.6 0.9
v -7.1 3.8 0.9
v -7.1 3.9 0.9
v -7.1 4.3 0.9
v -7.1 4.4 0.9
v -7.1 4.5 0.9
v -7.1 4.6 0.9
v -7.1 4.9 0.9
v -7.1 5 0.9
v -7.1 5.1 0.9
v -7.1 5.2 0.9
v -7.1 5.4 0.9
v -7.1 9 0.9
v -7.1 9.2 0.9
v -7.1 9.4 0.9
v -7.1 9.5 0.9
v -7.1 9.6 0.9
v -7.1 9.8 0.9
v -7.1 9.9 0.9
v -7.1 10.1 0.9
v -7.1 10.9 0.9
v -7.1 11.3 0.9
v -7.1 11.4 0.9
v -7.1 11.5 0.9
v -7.1 11.6 0.9
v -7 1.1 0.9
v -7 1.2 0.9
v -7 1.3 0.9
v -7 1.4 0.9
v -7 3 0.9
v -7 3.1 0.9
v -7 3.7 0.9
v -7 3.8 0.9
v -7 4.3 0.9
v -7 4.4 0.9
v -7 4.6 0.9
v -7 4.7 0.9
v -7 5.2 0.9
v -7 5.3 0.9
v -7 5.4 0.9
v -7 9.1 0.9
v -7 9.2 0.9
v -7 9.3 0.9
v -7 9.4 0.9
v -7 9.8 0.9
v -7 10.8 0.9
v -7 11.3 0.9
v -7 11.4 0.9
v -7 11.5 0.9
v -6.9 1.2 0.9
v -6.9 1.3 0.9
v -6.9 1.8 0.9
v -6.9 1.9 0.9
v -6.9 2 0.9
v -6.9 2.1 0.9
v -6.9 2.2 0.9
v -6.9 2.5 0.9
v -6.9 2.7 0.9
v -6.9 3 0.9
v -6.9 3.1 0.9
v -6.9 3.6 0.9
v -6.9 3.7 0.9
v -6.9 4.5 0.9
v -6.9 4.6 0.9
v -6.9 4.7 0.9
v -6.9 4.9 0.9
v -6.9 5.3 0.9
v -6.9 6 0.9
v -6.9 6.1 0.9
v -6.9 7.4 0.9
v -6.9 7.5 0.9
v -6.9 7.7 0.9
v -6.9 7.8 0.9
v -6.9 7.9 0.9
v -6.9 8 0.9
v -6.9 8.1 0.9
v -6.9 8.3 0.9
v -6.9 8.4 0.9
v -6.9 8.5 0.9
v -6.9 9.2 0.9
v -6.9 9.3 0.9
v -6.9 9.4 0.9
v -6.9 9.5 0.9
v -6.9 10.2 0.9
v -6.9 10.8 0.9
v -6.9 11 0.9
v -6.9 11.4 0.9
v -6.8 1.1 0.9
v -6.8 1.2 0.9
v -6.8 2.2 0.9
v -6.8 2.3 0.9
v -6.8 2.5 0.9
v -6.8 2.6 0.9
v -6.8 3.3 0.9
v -6.8 3.4 0.9
v -6.8 3.5 0.9
v -6.8 3.6 0.9
v -6.8 3.7 0.9
v -6.8 3.8 0.9
v -6.8 3.9 0.9
v -6.8 4.3 0.9
v -6.8 4.4 0.9
v -6.8 4.5 0.9
v -6.8 4.7 0.9
v -6.8 5.1 0.9
v -6.8 5.2 0.9
v -6.8 7 0.9
v -6.8 7.1 0.9
v -6.8 7.2 0.9
v -6.8 7.3 0.9
v -6.8 7.4 0.9
v -6.8 7.5 0.9
v -6.8 7.6 0.9
v -6.8 7.7 0.9
v -6.8 7.8 0.9
v -6.8 7.9 0.9
v -6.8 8 0.9
v -6.8 8.1 0.9
v -6.8 8.2 0.9
v -6.8 8.3 0.9
v -6.8 8.4 0.9
v -6.8 8.8 0.9
v -6.8 9 0.9
v -6.8 9.3 0.9
v -6.8 9.4 0.9
v -6.8 9.5 0.9
v -6.8 10.2 0.9
v -6.8 11 0.9
v -6.7 1.9 0.9
v -6.7 2 0.9
v -6.7 2.3 0.9
v -6.7 2.4 0.9
v -6.7 3.6 0.9
v -6.7 3.7 0.9
v -6.7 4 0.9
v -6.7 4.2 0.9
v -6.7 5.2 0.9
v -6.7 6 0.9
v -6.7 6.1 0.9
v -6.7 6.2 0.9
v -6.7 7 0.9
v -6.7 7.1 0.9
v -6.7 7.4 0.9
v -6.7 7.5 0.9
v -6.7 7.6 0.9
v -6.7 7.7 0.9
v -6.7 7.8 0.9
v -6.7 7.9 0.9
v -6.7 8 0.9
v -6.7 8.1 0.9
v -6.7 8.2 0.9
v -6.7 8.3 0.9
v -6.7 8.4 0.9
v -6.7 8.5 0.9
v -6.7 8.8 0.9
v -6.7 9 0.9
v -6.7 9.3 0.9
v -6.7 9.4 0.9
v -6.7 11.1 0.9
v -6.7 11.3 0.9
v -6.7 11.6 0.9
v -6.6 1.6 0.9
v -6.6 1.7 0.9
v -6.6 2 0.9
v -6.6 2.1 0.9
v -6.6 2.2 0.9
v -6.6 2.3 0.9
v -6.6 2.4 0.9
v -6.6 2.5 0.9
v -6.6 2.6 0.9
v -6.6 3 0.9
v -6.6 3.1 0.9
v -6.6 3.2 0.9
v -6.6 3.4 0.9
v -6.6 3.6 0.9
v -6.6 3.9 0.9
v -6.6 4.1 0.9
v -6.6 4.3 0.9
v -6.6 4.4 0.9
v -6.6 6 0.9
v -6.6 6.2 0.9
v -6.6 6.6 0.9
v -6.6 7 0.9
v -6.6 7.1 0.9
v -6.6 7.4 0.9
v -6.6 7.8 0.9
v -6.6 7.9 0.9
v -6.6 8.1 0.9
v -6.6 11.1 0.9
v -6.6 11.3 0.9
v -6.6 11.5 0.9
v -6.6 11.6 0.9
v -6.5 1.8 0.9
v -6.5 1.9 0.9
v -6.5 3.8 0.9
v -6.5 3.9 0.9
v -6.5 4.1 0.9
v -6.5 4.2 0.9
v -6.5 4.5 0.9
v -6.5 6.5 0.9
v -6.5 7 0.9
v -6.5 7.1 0.9
v -6.5 7.2 0.9
v -6.5 7.3 0.9
v -6.5 7.4 0.9
v -6.5 8.2 0.9
v -6.5 11 0.9
v -6.4 1.9 0.9
v -6.4 2 0.9
v -6.4 2.3 0.9
v -6.4 2.4 0.9
v -6.4 2.5 0.9
v -6.4 2.6 0.9
v -6.4 2.7 0.9
v -6.4 3.7 0.9
v -6.4 3.8 0.9
v -6.4 3.9 0.9
v -6.4 4 0.9
v -6.4 4.2 0.9
v -6.4 4.3 0.9
v -6.4 4.4 0.9
v -6.4 4.5 0.9
v -6.4 6.4 0.9
v -6.4 6.5 0.9
v -6.4 6.6 0.9
v -6.4 6.7 0.9
v -6.4 7.3 0.9
v -6.4 7.4 0.9
v -6.4 7.7 0.9
v -6.4 7.8 0.9
v -6.4 8.1 0.9
v -6.4 8.2 0.9
v -6.4 10.4 0.9
v -6.4 10.9 0.9
v -6.4 11 0.9
v -6.4 11.1 0.9
v -6.4 11.3 0.9
v -6.4 11.4 0.9
v -6.4 11.5 0.9
v -6.4 11.6 0.9
v -6.3 1.5 0.9
v -6.3 1.6 0.9
v -6.3 1.7 0.9
v -6.3 1.8 0.9
v -6.3 2.7 0.9
v -6.3 2.8 0.9
v -6.3 3.1 0.9
v -6.3 3.2 0.9
v -6.3 4 0.9
v -6.3 4.2 0.9
v -6.3 4.4 0.9
v -6.3 4.5 0.9
v -6.3 4.6 0.9
v -6.3 5 0.9
v -6.3 5.3 0.9
v -6.3 5.8 0.9
v -6.3 6.1 0.9
v -6.3 7.3 0.9
v -6.3 7.4 0.9
v -6.3 7.5 0.9
v -6.3 7.6 0.9
v -6.3 7.7 0.9
v -6.3 7.8 0.9
v -6.3 8.2 0.9
v -6.3 8.4 0.9
v -6.3 10.4 0.9
v -6.3 10.8 0.9
v -6.2 1.8 0.9
v -6.2 1.9 0.9
v -6.2 2.2 0.9
v -6.2 2.3 0.9
v -6.2 2.4 0.9
v -6.2 2.5 0.9
v -6.2 2.6 0.9
v -6.2 2.7 0.9
v -6.2 2.8 0.9
v -6.2 2.9 0.9
v -6.2 3 0.9
v -6.2 3.1 0.9
v -6.2 3.7 0.9
v -6.2 3.8 0.9
v -6.2 4.1 0.9
v -6.2 4.2 0.9
v -6.2 4.3 0.9
v -6.2 4.8 0.9
v -6.2 5 0.9
v -6.2 5.1 0.9
v -6.2 5.2 0.9
v -6.2 5.3 0.9
v -6.2 5.5 0.9
v -6.2 5.6 0.9
v -6.2 5.8 0.9
v -6.2 5.9 0.9
v -6.2 6 0.9
v -6.2 6.1 0.9
v -6.2 6.3 0.9
v -6.2 6.4 0.9
v -6.2 6.5 0.9
v -6.2 6.6 0.9
v -6.2 6.7 0.9
v -6.2 6.8 0.9
v -6.2 7 0.9
v -6.2 7.1 0.9
v -6.2 7.6 0.9
v -6.2 7.7 0.9
v -6.2 8.3 0.9
v -6.2 8.4 0.9
v -6.2 9 0.9
v -6.2 10.2 0.9
v -6.2 11.3 0.9
v -6.2 11.4 0.9
v -6.2 11.5 0.9
v -6.1 1.4 0.9
v -6.1 1.5 0.9
v -6.1 1.6 0.9
v -6.1 1.7 0.9
v -6.1 2.7 0.9
v -6.1 2.8 0.9
v -6.1 3.7 0.9
v -6.1 3.8 0.9
v -6.1 4.6 0.9
v -6.1 4.8 0.9
v -6.1 4.9 0.9
v -6.1 5 0.9
v -6.1 5.1 0.9
v -6.1 5.2 0.9
v -6.1 5.3 0.9
v -6.1 5.4 0.9
v -6.1 5.5 0.9
v -6.1 5.6 0.9
v -6.1 5.7 0.9
v -6.1 5.8 0.9
v -6.1 5.9 0.9
v -6.1 6 0.9
v -6.1 6.1 0.9
v -6.1 6.2 0.9
v -6.1 7 0.9
v -6.1 7.1 0.9
v -6.1 7.3 0.9
v -6.1 7.4 0.9
v -6.1 7.5 0.9
v -6.1 7.6 0.9
v -6.1 7.7 0.9
v -6.1 7.8 0.9
v -6.1 8.9 0.9
v -6.1 9 0.9
v -6.1 10.2 0.9
v -6.1 10.4 0.9
v -6 1.7 0.9
v -6 1.8 0.9
v -6 2.4 0.9
v -6 2.5 0.9
v -6 2.6 0.9
v -6 3.6 0.9
v -6 3.7 0.9
v -6 4 0.9
v -6 4.1 0.9
v -6 4.2 0.9
v -6 4.5 0.9
v -6 4.6 0.9
v -6 4.7 0.9
v -6 4.9 0.9
v -6 5 0.9
v -6 5.4 0.9
v -6 5.5 0.9
v -6 5.7 0.9
v -6 5.8 0.9
v -6 5.9 0.9
v -6 6.1 0.9
v -6 6.2 0.9
v -6 6.3 0.9
v -6 6.4 0.9
v -6 6.5 0.9
v -6 7.1 0.9
v -6 7.2 0.9
v -6 7.4 0.9
v -6 7.5 0.9
v -6 7.7 0.9
v -6 8.8 0.9
v -6 8.9 0.9
v -6 9 0.9
v -6 9.1 0.9
v -6 10.1 0.9
v -6 10.2 0.9
v -6 10.4 0.9
v -6 10.5 0.9
v -6 11.4 0.9
v -6 11.5 0.9
v -6 11.6 0.9
v -5.9 1.5 0.9
v -5.9 1.6 0.9
v -5.9 1.7 0.9
v -5.9 1.8 0.9
v -5.9 1.9 0.9
v -5.9 2.1 0.9
v -5.9 2.2 0.9
v -5.9 2.3 0.9
v -5.9 2.6 0.9
v -5.9 2.7 0.9
v -5.9 2.8 0.9
v -5.9 4.4 0.9
v -5.9 4.5 0.9
v -5.9 4.6 0.9
v -5.9 4.7 0.9
v -5.9 4.9 0.9
v -5.9 5 0.9
v -5.9 5.1 0.9
v -5.9 5.3 0.9
v -5.9 5.4 0.9
v -5.9 5.5 0.9
v -5.9 5.6 0.9
v -5.9 5.7 0.9
v -5.9 5.8 0.9
v -5.9 6.1 0.9
v -5.9 6.2 0.9
v -5.9 6.3 0.9
v -5.9 6.4 0.9
v -5.9 6.5 0.9
v -5.9 6.6 0.9
v -5.9 6.7 0.9
v -5.9 6.8 0.9
v -5.9 6.9 0.9
v -5.9 7 0.9
v -5.9 7.2 0.9
v -5.9 7.4 0.9
v -5.9 7.5 0.9
v -5.9 7.6 0.9
v -5.9 7.7 0.9
v -5.9 8.2 0.9
v -5.9 8.3 0.9
v -5.9 8.8 0.9
v -5.9 8.9 0.9
v -5.9 9 0.9
v -5.9 9.1 0.9
v -5.9 9.2 0.9
v -5.9 10.1 0.9
v -5.9 10.2 0.9
v -5.9 10.4 0.9
v -5.9 10.5 0.9
v -5.9 10.6 0.9
v -5.9 10.8 0.9
v -5.9 10.9 0.9
v -5.8 1.3 0.9
v -5.8 1.4 0.9
v -5.8 2.2 0.9
v -5.8 2.3 0.9
v -5.8 3.5 0.9
v -5.8 3.7 0.9
v -5.8 3.9 0.9
v -5.8 4 0.9
v -5.8 4.1 0.9
v -5.8 4.5 0.9
v -5.8 4.6 0.9
v -5.8 4.7 0.9
v -5.8 5.1 0.9
v -5.8 5.3 0.9
v -5.8 5.4 0.9
v -5.8 6 0.9
v -5.8 6.1 0.9
v -5.8 6.4 0.9
v -5.8 6.5 0.9
v -5.8 7.1 0.9
v -5.8 7.2 0.9
v -5.8 7.6 0.9
v -5.8 7.7 0.9
v -5.8 8.6 0.9
v -5.8 8.7 0.9
v -5.8 8.8 0.9
v -5.8 8.9 0.9
v -5.8 9 0.9
v -5.8 9.3 0.9
v -5.8 9.7 0.9
v -5.8 10.1 0.9
v -5.8 10.2 0.9
v -5.8 10.3 0.9
v -5.8 10.5 0.9
v -5.8 10.6 0.9
v -5.8 10.7 0.9
v -5.7 1.4 0.9
v -5.7 1.5 0.9
v -5.7 1.6 0.9
v -5.7 2 0.9
v -5.7 2.1 0.9
v -5.7 2.2 0.9
v -5.7 2.3 0.9
v -5.7 2.4 0.9
v -5.7 2.5 0.9
v -5.7 2.6 0.9
v -5.7 2.7 0.9
v -5.7 4.8 0.9
v -5.7 5 0.9
v -5.7 5.1 0.9
v -5.7 5.2 0.9
v -5.7 5.3 0.9
v -5.7 5.4 0.9
v -5.7 5.6 0.9
v -5.7 5.7 0.9
v -5.7 5.8 0.9
v -5.7 5.9 0.9
v -5.7 6 0.9
v -5.7 6.1 0.9
v -5.7 6.2 0.9
v -5.7 6.3 0.9
v -5.7 6.6 0.9
v -5.7 6.7 0.9
v -5.7 7.2 0.9
v -5.7 7.3 0.9
v -5.7 7.5 0.9
v -5.7 7.6 0.9
v -5.7 8.5 0.9
v -5.7 8.6 0.9
v -5.7 8.7 0.9
v -5.7 8.8 0.9
v -5.7 8.9 0.9
v -5.7 9 0.9
v -5.7 9.3 0.9
v -5.7 9.5 0.9
v -5.7 10 0.9
v -5.7 10.2 0.9
v -5.7 10.3 0.9
v -5.7 10.4 0.9
v -5.7 10.6 0.9
v -5.7 10.7 0.9
v -5.7 10.8 0.9
v -5.7 11.3 0.9
v -5.7 11.4 0.9
v -5.7 11.5 0.9
v -5.7 11.6 0.9
v -5.6 7.3 0.9
v -5.6 7.4 0.9
v -5.6 7.7 0.9
v -5.6 7.8 0.9
v -5.6 8.9 0.9
v -5.6 9 0.9
v -5.6 9.1 0.9
v -5.6 9.2 0.9
v -5.6 10.4 0.9
v -5.6 10.5 0.9
v -5.5 1.4 0.9
v -5.5 1.5 0.9
v -5.5 1.7 0.9
v -5.5 1.8 0.9
v -5.5 1.9 0.9
v -5.5 2 0.9
v -5.5 2.2 0.9
v -5.5 2.3 0.9
v -5.5 3.1 0.9
v -5.5 3.3 0.9
v -5.5 3.8 0.9
v -5.5 3.9 0.9
v -5.5 4 0.9
v -5.5 4.8 0.9
v -5.5 5 0.9
v -5.5 5.1 0.9
v -5.5 5.2 0.9
v -5.5 5.3 0.9
v -5.5 5.4 0.9
v -5.5 5.5 0.9
v -5.5 5.6 0.9
v -5.5 5.7 0.9
v -5.5 5.8 0.9
v -5.5 6.5 0.9
v -5.5 6.6 0.9
v -5.5 6.8 0.9
v -5.5 6.9 0.9
v -5.5 7 0.9
v -5.5 7.1 0.9
v -5.5 7.2 0.9
v -5.5 7.5 0.9
v -5.5 7.6 0.9
v -5.5 8.4 0.9
v -5.5 8.5 0.9
v -5.5 8.6 0.9
v -5.5 8.9 0.9
v -5.5 9 0.9
v -5.5 9.2 0.9
v -5.5 9.3 0.9
v -5.5 9.7 0.9
v -5.5 9.8 0.9
v -5.5 9.9 0.9
v -5.5 10 0.9
v -5.5 10.2 0.9
v -5.5 10.3 0.9
v -5.5 10.5 0.9
v -5.5 10.6 0.9
v -5.4 1.3 0.9
v -5.4 1.4 0.9
v -5.4 1.6 0.9
v -5.4 1.7 0.9
v -5.4 1.8 0.9
v -5.4 1.9 0.9
v -5.4 2.2 0.9
v -5.4 2.3 0.9
v -5.4 2.4 0.9
v -5.4 2.7 0.9
v -5.4 2.9 0.9
v -5.4 4 0.9
v -5.4 4.2 0.9
v -5.4 4.3 0.9
v -5.4 4.4 0.9
v -5.4 4.5 0.9
v -5.4 4.8 0.9
v -5.4 4.9 0.9
v -5.4 5.3 0.9
v -5.4 5.4 0.9
v -5.4 5.6 0.9
v -5.4 5.8 0.9
v -5.4 6 0.9
v -5.4 6.1 0.9
v -5.4 6.2 0.9
v -5.4 6.7 0.9
v -5.4 6.8 0.9
v -5.4 7.2 0.9
v -5.4 7.3 0.9
v -5.4 7.4 0.9
v -5.4 7.5 0.9
v -5.4 7.6 0.9
v -5.4 7.7 0.9
v -5.4 7.8 0.9
v -5.4 8.6 0.9
v -5.4 8.7 0.9
v -5.4 8.8 0.9
v -5.4 9.2 0.9
v -5.4 9.3 0.9
v -5.4 9.5 0.9
v -5.4 9.7 0.9
v -5.4 9.8 0.9
v -5.4 9.9 0.9
v -5.4 10 0.9
v -5.4 10.2 0.9
v -5.4 10.3 0.9
v -5.3 1.3 0.9
v -5.3 1.4 0.9
v -5.3 1.9 0.9
v -5.3 2 0.9
v -5.3 2.1 0.9
v -5.3 2.2 0.9
v -5.3 2.3 0.9
v -5.3 2.4 0.9
v -5.3 2.5 0.9
v -5.3 2.6 0.9
v -5.3 2.7 0.9
v -5.3 3.7 0.9
v -5.3 3.8 0.9
v -5.3 3.9 0.9
v -5.3 4.5 0.9
v -5.3 4.6 0.9
v -5.3 4.8 0.9
v -5.3 4.9 0.9
v -5.3 5.1 0.9
v -5.3 5.2 0.9
v -5.3 5.4 0.9
v -5.3 5.5 0.9
v -5.3 5.8 0.9
v -5.3 5.9 0.9
v -5.3 6.6 0.9
v -5.3 6.7 0.9
v -5.3 6.9 0.9
v -5.3 7 0.9
v -5.3 7.1 0.9
v -5.3 7.4 0.9
v -5.3 7.5 0.9
v -5.3 7.7 0.9
v -5.3 8.9 0.9
v -5.3 9 0.9
v -5.3 9.1 0.9
v -5.3 9.2 0.9
v -5.3 10 0.9
v -5.3 10.1 0.9
v -5.2 1.5 0.9
v -5.2 1.6 0.9
v -5.2 2.1 0.9
v -5.2 2.2 0.9
v -5.2 2.5 0.9
v -5.2 2.6 0.9
v -5.2 3.4 0.9
v -5.2 3.5 0.9
v -5.2 4 0.9
v -5.2 4.2 0.9
v -5.2 4.6 0.9
v -5.2 4.8 0.9
v -5.2 5.2 0.9
v -5.2 5.3 0.9
v -5.2 5.6 0.9
v -5.2 5.8 0.9
v -5.2 5.9 0.9
v -5.2 6 0.9
v -5.2 6.1 0.9
v -5.2 7.4 0.9
v -5.2 7.5 0.9
v -5.2 7.7 0.9
v -5.2 9 0.9
v -5.2 9.1 0.9
v -5.2 9.2 0.9
v -5.2 9.3 0.9
v -5.2 9.5 0.9
v -5.2 9.7 0.9
v -5.2 9.9 0.9
v -5.2 10 0.9
v -5.2 10.1 0.9
v -5.2 10.2 0.9
v -5.2 11.3 0.9
v -5.2 11.4 0.9
v -5.2 11.5 0.9
v -5.1 1.4 0.9
v -5.1 1.5 0.9
v -5.1 1.9 0.9
v -5.1 2 0.9
v -5.1 2.3 0.9
v -5.1 2.4 0.9
v -5.1 2.5 0.9
v -5.1 2.6 0.9
v -5.1 2.7 0.9
v -5.1 2.8 0.9
v -5.1 2.9 0.9
v -5.1 3.6 0.9
v -5.1 3.7 0.9
v -5.1 3.8 0.9
v -5.1 4.7 0.9
v -5.1 4.8 0.9
v -5.1 4.9 0.9
v -5.1 5.1 0.9
v -5.1 5.3 0.9
v -5.1 5.4 0.9
v -5.1 7.3 0.9
v -5.1 7.4 0.9
v -5.1 7.5 0.9
v -5.1 7.6 0.9
v -5.1 7.7 0.9
v -5.1 7.8 0.9
v -5.1 10.3 0.9
v -5.1 10.4 0.9
v -5 1.3 0.9
v -5 1.4 0.9
v -5 1.8 0.9
v -5 1.9 0.9
v -5 2.6 0.9
v -5 2.7 0.9
v -5 3.7 0.9
v -5 4.3 0.9
v -5 4.4 0.9
v -5 4.5 0.9
v -5 4.6 0.9
v -5 4.7 0.9
v -5 4.9 0.9
v -5 5.1 0.9
v -5 5.2 0.9
v -5 5.3 0.9
v -5 5.8 0.9
v -5 5.9 0.9
v -5 6 0.9
v -5 6.8 0.9
v -5 6.9 0.9
v -5 7 0.9
v -5 7.1 0.9
v -5 7.2 0.9
v -5 8.8 0.9
v -5 9.1 0.9
v -5 9.2 0.9
v -5 9.3 0.9
v -5 9.5 0.9
v -5 9.7 0.9
v -5 9.9 0.9
v -5 10.1 0.9
v -5 10.3 0.9
v -4.9 1.7 0.9
v -4.9 1.8 0.9
v -4.9 1.9 0.9
v -4.9 2 0.9
v -4.9 2.1 0.9
v -4.9 2.2 0.9
v -4.9 2.5 0.9
v -4.9 2.6 0.9
v -4.9 3.7 0.9
v -4.9 4.3 0.9
v -4.9 4.4 0.9
v -4.9 4.5 0.9
v -4.9 5.1 0.9
v -4.9 5.3 0.9
v -4.9 5.4 0.9
v -4.9 5.8 0.9
v -4.9 6.9 0.9
v -4.9 7 0.9
v -4.9 7.3 0.9
v -4.9 7.4 0.9
v -4.9 7.5 0.9
v -4.9 7.6 0.9
v -4.9 7.7 0.9
v -4.9 7.8 0.9
v -4.9 9.1 0.9
v -4.9 9.2 0.9
v -4.9 9.9 0.9
v -4.9 10 0.9
v -4.9 10.1 0.9
v -4.9 10.3 0.9
v -4.9 10.4 0.9
v -4.9 11.4 0.9
v -4.9 11.5 0.9
v -4.9 11.6 0.9
v -4.8 2.3 0.9
v -4.8 2.4 0.9
v -4.8 2.5 0.9
v -4.8 2.6 0.9
v -4.8 3.6 0.9
v -4.8 3.7 0.9
v -4.8 3.8 0.9
v -4.8 5.1 0.9
v -4.8 5.2 0.9
v -4.8 5.7 0.9
v -4.8 5.8 0.9
v -4.8 5.9 0.9
v -4.8 6 0.9
v -4.8 6.8 0.9
v -4.8 6.9 0.9
v -4.8 7.4 0.9
v -4.8 7.5 0.9
v -4.8 7.6 0.9
v -4.8 7.7 0.9
v -4.8 9.1 0.9
v -4.8 9.2 0.9
v -4.8 9.3 0.9
v -4.8 9.5 0.9
v -4.8 9.7 0.9
v -4.8 9.8 0.9
v -4.8 9.9 0.9
v -4.8 10 0.9
v -4.8 10.2 0.9
v -4.8 11.3 0.9
v -4.8 11.4 0.9
v -4.7 1.6 0.9
v -4.7 1.7 0.9
v -4.7 1.8 0.9
v -4.7 1.9 0.9
v -4.7 2 0.9
v -4.7 2.1 0.9
v -4.7 2.2 0.9
v -4.7 2.3 0.9
v -4.7 2.4 0.9
v -4.7 2.5 0.9
v -4.7 2.7 0.9
v -4.7 2.8 0.9
v -4.7 4.6 0.9
v -4.7 4.8 0.9
v -4.7 4.9 0.9
v -4.7 5.1 0.9
v -4.7 5.6 0.9
v -4.7 5.7 0.9
v -4.7 5.8 0.9
v -4.7 6.6 0.9
v -4.7 6.7 0.9
v -4.7 7 0.9
v -4.7 7.1 0.9
v -4.7 7.2 0.9
v -4.7 8.8 0.9
v -4.7 8.9 0.9
v -4.7 9 0.9
v -4.7 9.1 0.9
v -4.7 9.5 0.9
v -4.7 9.8 0.9
v -4.7 9.9 0.9
v -4.7 10 0.9
v -4.7 10.2 0.9
v -4.7 10.3 0.9
v -4.6 1.4 0.9
v -4.6 1.6 0.9
v -4.6 2.2 0.9
v -4.6 2.3 0.9
v -4.6 2.6 0.9
v -4.6 2.7 0.9
v -4.6 4 0.9
v -4.6 4.1 0.9
v -4.6 4.9 0.9
v -4.6 5.1 0.9
v -4.6 5.4 0.9
v -4.6 5.5 0.9
v -4.6 5.6 0.9
v -4.6 6.7 0.9
v -4.6 6.8 0.9
v -4.6 7.3 0.9
v -4.6 7.5 0.9
v -4.6 7.6 0.9
v -4.6 7.7 0.9
v -4.6 7.8 0.9
v -4.6 8.4 0.9
v -4.6 8.5 0.9
v -4.6 8.6 0.9
v -4.6 8.7 0.9
v -4.6 8.8 0.9
v -4.6 8.9 0.9
v -4.6 9 0.9
v -4.6 9.3 0.9
v -4.6 9.6 0.9
v -4.6 9.7 0.9
v -4.6 9.9 0.9
v -4.6 10 0.9
v -4.6 10.2 0.9
v -4.6 10.4 0.9
v -4.6 10.5 0.9
v -4.6 10.6 0.9
v -4.5 1.5 0.9
v -4.5 1.6 0.9
v -4.5 1.7 0.9
v -4.5 2.1 0.9
v -4.5 2.2 0.9
v -4.5 2.5 0.9
v -4.5 2.6 0.9
v -4.5 2.7 0.9
v -4.5 2.8 0.9
v -4.5 2.9 0.9
v -4.5 3.7 0.9
v -4.5 3.8 0.9
v -4.5 3.9 0.9
v -4.5 4.4 0.9
v -4.5 4.5 0.9
v -4.5 4.6 0.9
v -4.5 4.8 0.9
v -4.5 4.9 0.9
v -4.5 5.3 0.9
v -4.5 5.4 0.9
v -4.5 5.5 0.9
v -4.5 5.7 0.9
v -4.5 5.8 0.9
v -4.5 5.9 0.9
v -4.5 6 0.9
v -4.5 6.1 0.9
v -4.5 6.5 0.9
v -4.5 6.6 0.9
v -4.5 6.9 0.9
v -4.5 7 0.9
v -4.5 7.1 0.9
v -4.5 7.3 0.9
v -4.5 7.4 0.9
v -4.5 7.5 0.9
v -4.5 7.6 0.9
v -4.5 7.7 0.9
v -4.5 7.8 0.9
v -4.5 8.7 0.9
v -4.5 8.8 0.9
v -4.5 8.9 0.9
v -4.5 9.2 0.9
v -4.5 9.3 0.9
v -4.5 9.7 0.9
v -4.5 9.9 0.9
v -4.5 10.1 0.9
v -4.5 10.2 0.9
v -4.5 10.6 0.9
v -4.5 10.7 0.9
v -4.5 10.8 0.9
v -4.5 11.3 0.9
v -4.5 11.4 0.9
v -4.5 11.5 0.9
v -4.5 11.6 0.9
v -4.4 1.3 0.9
v -4.4 1.4 0.9
v -4.4 1.5 0.9
v -4.4 1.6 0.9
v -4.4 1.8 0.9
v -4.4 1.9 0.9
v -4.4 2 0.9
v -4.4 2.1 0.9
v -4.4 2.4 0.9
v -4.4 2.5 0.9
v -4.4 2.6 0.9
v -4.4 2.7 0.9
v -4.4 2.8 0.9
v -4.4 3.4 0.9
v -4.4 3.5 0.9
v -4.4 3.6 0.9
v -4.4 3.7 0.9
v -4.4 4 0.9
v -4.4 4.1 0.9
v -4.4 4.3 0.9
v -4.4 4.4 0.9
v -4.4 4.6 0.9
v -4.4 4.7 0.9
v -4.4 4.9 0.9
v -4.4 5.2 0.9
v -4.4 5.3 0.9
v -4.4 5.5 0.9
v -4.4 5.6 0.9
v -4.4 5.7 0.9
v -4.4 5.8 0.9
v -4.4 6.6 0.9
v -4.4 6.7 0.9
v -4.4 7.5 0.9
v -4.4 7.6 0.9
v -4.4 7.7 0.9
v -4.4 8.5 0.9
v -4.4 8.6 0.9
v -4.4 8.7 0.9
v -4.4 8.8 0.9
v -4.4 8.9 0.9
v -4.4 9 0.9
v -4.4 9.2 0.9
v -4.4 9.3 0.9
v -4.4 10.1 0.9
v -4.4 10.3 0.9
v -4.4 10.4 0.9
v -4.4 10.5 0.9
v -4.3 1.4 0.9
v -4.3 1.5 0.9
v -4.3 1.9 0.9
v -4.3 2 0.9
v -4.3 2.1 0.9
v -4.3 2.2 0.9
v -4.3 2.4 0.9
v -4.3 2.5 0.9
v -4.3 2.6 0.9
v -4.3 2.7 0.9
v -4.3 3.5 0.9
v -4.3 3.7 0.9
v -4.3 4.7 0.9
v -4.3 5.2 0.9
v -4.3 5.4 0.9
v -4.3 5.5 0.9
v -4.3 5.7 0.9
v -4.3 5.9 0.9
v -4.3 6.4 0.9
v -4.3 6.5 0.9
v -4.3 7.5 0.9
v -4.3 7.6 0.9
v -4.3 7.7 0.9
v -4.3 8.6 0.9
v -4.3 8.7 0.9
v -4.3 8.8 0.9
v -4.3 8.9 0.9
v -4.3 9 0.9
v -4.3 9.3 0.9
v -4.3 9.6 0.9
v -4.3 9.9 0.9
v -4.3 10.2 0.9
v -4.3 10.3 0.9
v -4.3 10.4 0.9
v -4.3 10.5 0.9
v -4.3 10.6 0.9
v -4.3 10.7 0.9
v -4.2 1.7 0.9
v -4.2 1.8 0.9
v -4.2 1.9 0.9
v -4.2 2.3 0.9
v -4.2 2.4 0.9
v -4.2 2.5 0.9
v -4.2 2.6 0.9
v -4.2 2.9 0.9
v -4.2 3.1 0.9
v -4.2 3.8 0.9
v -4.2 3.9 0.9
v -4.2 4 0.9
v -4.2 4.5 0.9
v -4.2 4.6 0.9
v -4.2 5.2 0.9
v -4.2 5.3 0.9
v -4.2 5.4 0.9
v -4.2 5.7 0.9
v -4.2 5.8 0.9
v -4.2 5.9 0.9
v -4.2 6 0.9
v -4.2 6.1 0.9
v -4.2 6.2 0.9
v -4.2 6.5 0.9
v -4.2 6.6 0.9
v -4.2 6.8 0.9
v -4.2 6.9 0.9
v -4.2 7 0.9
v -4.2 7.1 0.9
v -4.2 7.2 0.9
v -4.2 7.3 0.9
v -4.2 7.4 0.9
v -4.2 7.5 0.9
v -4.2 7.6 0.9
v -4.2 7.7 0.9
v -4.2 7.8 0.9
v -4.2 8.2 0.9
v -4.2 8.3 0.9
v -4.2 8.7 0.9
v -4.2 8.8 0.9
v -4.2 8.9 0.9
v -4.2 9 0.9
v -4.2 9.3 0.9
v -4.2 10.2 0.9
v -4.2 10.3 0.9
v -4.2 10.4 0.9
v -4.2 10.5 0.9
v -4.2 10.6 0.9
v -4.1 1.9 0.9
v -4.1 2 0.9
v -4.1 2.1 0.9
v -4.1 2.4 0.9
v -4.1 2.5 0.9
v -4.1 2.6 0.9
v -4.1 4.4 0.9
v -4.1 4.5 0.9
v -4.1 4.6 0.9
v -4.1 4.7 0.9
v -4.1 4.9 0.9
v -4.1 5 0.9
v -4.1 5.1 0.9
v -4.1 5.2 0.9
v -4.1 5.3 0.9
v -4.1 5.4 0.9
v -4.1 5.5 0.9
v -4.1 5.7 0.9
v -4.1 5.8 0.9
v -4.1 6.3 0.9
v -4.1 6.4 0.9
v -4.1 7 0.9
v -4.1 7.1 0.9
v -4.1 7.3 0.9
v -4.1 7.4 0.9
v -4.1 7.7 0.9
v -4.1 7.8 0.9
v -4.1 8.8 0.9
v -4.1 8.9 0.9
v -4.1 9 0.9
v -4.1 9.3 0.9
v -4.1 10.2 0.9
v -4.1 10.4 0.9
v -4.1 10.5 0.9
v -4.1 10.9 0.9
v -4.1 11 0.9
v -4.1 11.3 0.9
v -4.1 11.4 0.9
v -4.1 11.5 0.9
v -4.1 11.6 0.9
v -4 1.3 0.9
v -4 1.4 0.9
v -4 1.5 0.9
v -4 1.6 0.9
v -4 1.7 0.9
v -4 1.8 0.9
v -4 2.6 0.9
v -4 2.7 0.9
v -4 3.9 0.9
v -4 4 0.9
v -4 4.1 0.9
v -4 4.4 0.9
v -4 4.5 0.9
v -4 4.7 0.9
v -4 4.8 0.9
v -4 5 0.9
v -4 5.1 0.9
v -4 5.2 0.9
v -4 5.3 0.9
v -4 5.5 0.9
v -4 5.6 0.9
v -4 5.7 0.9
v -4 5.9 0.9
v -4 6.1 0.9
v -4 6.2 0.9
v -4 6.4 0.9
v -4 6.5 0.9
v -4 6.7 0.9
v -4 6.8 0.9
v -4 6.9 0.9
v -4 7 0.9
v -4 7.2 0.9
v -4 7.3 0.9
v -4 7.4 0.9
v -4 7.7 0.9
v -4 7.8 0.9
v -4 9 0.9
v -4 10.2 0.9
v -4 10.4 0.9
v -3.9 1.4 0.9
v -3.9 1.5 0.9
v -3.9 1.6 0.9
v -3.9 1.7 0.9
v -3.9 2.4 0.9
v -3.9 2.5 0.9
v -3.9 2.6 0.9
v -3.9 2.7 0.9
v -3.9 2.9 0.9
v -3.9 3 0.9
v -3.9 4.6 0.9
v -3.9 4.8 0.9
v -3.9 4.9 0.9
v -3.9 5.1 0.9
v -3.9 5.2 0.9
v -3.9 5.3 0.9
v -3.9 5.4 0.9
v -3.9 5.5 0.9
v -3.9 5.7 0.9
v -3.9 5.9 0.9
v -3.9 6.2 0.9
v -3.9 6.3 0.9
v -3.9 6.4 0.9
v -3.9 7.3 0.9
v -3.9 7.4 0.9
v -3.9 7.5 0.9
v -3.9 7.7 0.9
v -3.9 7.8 0.9
v -3.9 8.3 0.9
v -3.9 8.4 0.9
v -3.9 8.9 0.9
v -3.9 10.2 0.9
v -3.9 11.4 0.9
v -3.9 11.5 0.9
v -3.8 1.3 0.9
v -3.8 1.4 0.9
v -3.8 1.5 0.9
v -3.8 1.6 0.9
v -3.8 1.8 0.9
v -3.8 1.9 0.9
v -3.8 2 0.9
v -3.8 2.5 0.9
v -3.8 2.6 0.9
v -3.8 2.9 0.9
v -3.8 3 0.9
v -3.8 4.5 0.9
v -3.8 4.7 0.9
v -3.8 4.8 0.9
v -3.8 5.2 0.9
v -3.8 5.3 0.9
v -3.8 5.4 0.9
v -3.8 5.5 0.9
v -3.8 5.6 0.9
v -3.8 5.7 0.9
v -3.8 5.9 0.9
v -3.8 6.1 0.9
v -3.8 6.2 0.9
v -3.8 7.3 0.9
v -3.8 7.4 0.9
v -3.8 7.5 0.9
v -3.8 7.7 0.9
v -3.8 7.8 0.9
v -3.8 8.4 0.9
v -3.8 8.7 0.9
v -3.8 10.8 0.9
v -3.8 10.9 0.9
v -3.7 2.5 0.9
v -3.7 2.6 0.9
v -3.7 2.8 0.9
v -3.7 2.9 0.9
v -3.7 3.1 0.9
v -3.7 3.2 0.9
v -3.7 4 0.9
v -3.7 4.1 0.9
v -3.7 4.2 0.9
v -3.7 4.3 0.9
v -3.7 4.4 0.9
v -3.7 4.5 0.9
v -3.7 4.7 0.9
v -3.7 5.3 0.9
v -3.7 5.6 0.9
v -3.7 5.7 0.9
v -3.7 5.9 0.9
v -3.7 6.2 0.9
v -3.7 6.3 0.9
v -3.7 6.4 0.9
v -3.7 6.6 0.9
v -3.7 6.7 0.9
v -3.7 6.8 0.9
v -3.7 7.3 0.9
v -3.7 7.5 0.9
v -3.7 7.6 0.9
v -3.7 7.7 0.9
v -3.7 7.8 0.9
v -3.7 8.2 0.9
v -3.7 8.7 0.9
v -3.7 10.8 0.9
v -3.7 11 0.9
v -3.7 11.4 0.9
v -3.7 11.5 0.9
v -3.6 1.5 0.9
v -3.6 1.7 0.9
v -3.6 1.8 0.9
v -3.6 1.9 0.9
v -3.6 2 0.9
v -3.6 2.1 0.9
v -3.6 2.3 0.9
v -3.6 2.4 0.9
v -3.6 2.5 0.9
v -3.6 2.6 0.9
v -3.6 2.8 0.9
v -3.6 2.9 0.9
v -3.6 4 0.9
v -3.6 4.1 0.9
v -3.6 4.5 0.9
v -3.6 4.7 0.9
v -3.6 5.7 0.9
v -3.6 5.9 0.9
v -3.6 7.1 0.9
v -3.6 7.2 0.9
v -3.6 7.3 0.9
v -3.6 7.4 0.9
v -3.6 7.5 0.9
v -3.6 7.6 0.9
v -3.6 7.7 0.9
v -3.6 8.1 0.9
v -3.6 11.1 0.9
v -3.5 1.6 0.9
v -3.5 1.7 0.9
v -3.5 1.9 0.9
v -3.5 2 0.9
v -3.5 2.6 0.9
v -3.5 2.7 0.9
v -3.5 6 0.9
v -3.5 6.1 0.9
v -3.5 6.5 0.9
v -3.5 6.6 0.9
v -3.5 6.7 0.9
v -3.5 6.9 0.9
v -3.5 7.1 0.9
v -3.5 7.2 0.9
v -3.5 7.3 0.9
v -3.5 7.4 0.9
v -3.5 7.6 0.9
v -3.5 7.7 0.9
v -3.5 7.8 0.9
v -3.5 7.9 0.9
v -3.5 8 0.9
v -3.5 8.1 0.9
v -3.5 11.1 0.9
v -3.5 11.2 0.9
v -3.5 11.3 0.9
v -3.4 1.4 0.9
v -3.4 1.5 0.9
v -3.4 1.7 0.9
v -3.4 1.8 0.9
v -3.4 2 0.9
v -3.4 2.1 0.9
v -3.4 2.3 0.9
v -3.4 2.4 0.9
v -3.4 2.7 0.9
v -3.4 2.8 0.9
v -3.4 4.1 0.9
v -3.4 4.2 0.9
v -3.4 4.3 0.9
v -3.4 4.4 0.9
v -3.4 4.5 0.9
v -3.4 4.7 0.9
v -3.4 6 0.9
v -3.4 6.1 0.9
v -3.4 6.3 0.9
v -3.4 6.4 0.9
v -3.4 6.5 0.9
v -3.4 7 0.9
v -3.4 7.1 0.9
v -3.4 7.3 0.9
v -3.4 7.7 0.9
v -3.4 7.8 0.9
v -3.4 7.9 0.9
v -3.4 8 0.9
v -3.4 8.2 0.9
v -3.4 8.3 0.9
v -3.4 8.8 0.9
v -3.4 8.9 0.9
v -3.4 9 0.9
v -3.4 9.2 0.9
v -3.4 9.4 0.9
v -3.4 9.7 0.9
v -3.4 9.8 0.9
v -3.4 9.9 0.9
v -3.4 10 0.9
v -3.4 10.1 0.9
v -3.4 10.3 0.9
v -3.4 10.6 0.9
v -3.4 10.7 0.9
v -3.4 11.1 0.9
v -3.4 11.2 0.9
v -3.4 11.3 0.9
v -3.3 1.3 0.9
v -3.3 1.4 0.9
v -3.3 1.5 0.9
v -3.3 1.6 0.9
v -3.3 1.7 0.9
v -3.3 1.8 0.9
v -3.3 1.9 0.9
v -3.3 2.2 0.9
v -3.3 2.3 0.9
v -3.3 2.4 0.9
v -3.3 2.5 0.9
v -3.3 2.6 0.9
v -3.3 2.8 0.9
v -3.3 3 0.9
v -3.3 4.1 0.9
v -3.3 4.2 0.9
v -3.3 4.3 0.9
v -3.3 6.4 0.9
v -3.3 6.5 0.9
v -3.3 6.6 0.9
v -3.3 7 0.9
v -3.3 7.1 0.9
v -3.3 7.2 0.9
v -3.3 7.3 0.9
v -3.3 7.6 0.9
v -3.3 7.7 0.9
v -3.3 7.8 0.9
v -3.3 7.9 0.9
v -3.3 8 0.9
v -3.3 8.1 0.9
v -3.3 8.2 0.9
v -3.3 8.3 0.9
v -3.3 8.5 0.9
v -3.3 8.6 0.9
v -3.3 8.7 0.9
v -3.3 8.8 0.9
v -3.3 8.9 0.9
v -3.3 9 0.9
v -3.3 9.1 0.9
v -3.3 9.2 0.9
v -3.3 9.3 0.9
v -3.3 9.4 0.9
v -3.3 9.7 0.9
v -3.3 9.8 0.9
v -3.3 9.9 0.9
v -3.3 10 0.9
v -3.3 10.1 0.9
v -3.3 10.2 0.9
v -3.3 10.3 0.9
v -3.3 10.4 0.9
v -3.3 10.6 0.9
v -3.3 10.7 0.9
v -3.3 10.8 0.9
v -3.3 10.9 0.9
v -3.3 11.2 0.9
v -3.3 11.3 0.9
v -3.3 11.5 0.9
v -3.3 11.6 0.9
v -3.2 0.4 0.9
v -3.2 1.3 0.9
v -3.2 1.5 0.9
v -3.2 1.6 0.9
v -3.2 1.7 0.9
v -3.2 1.8 0.9
v -3.2 2.1 0.9
v -3.2 2.2 0.9
v -3.2 2.3 0.9
v -3.2 2.4 0.9
v -3.2 2.5 0.9
v -3.2 3 0.9
v -3.2 3.2 0.9
v -3.2 4.2 0.9
v -3.2 6.5 0.9
v -3.2 6.9 0.9
v -3.2 7 0.9
v -3.2 7.2 0.9
v -3.2 7.6 0.9
v -3.2 8 0.9
v -3.2 8.1 0.9
v -3.2 8.2 0.9
v -3.2 8.5 0.9
v -3.2 8.6 0.9
v -3.2 8.7 0.9
v -3.2 8.9 0.9
v -3.2 9.1 0.9
v -3.2 9.2 0.9
v -3.2 9.3 0.9
v -3.2 9.4 0.9
v -3.2 10.1 0.9
v -3.2 10.2 0.9
v -3.2 10.4 0.9
v -3.2 10.6 0.9
v -3.2 10.7 0.9
v -3.2 10.8 0.9
v -3.2 10.9 0.9
v -3.2 11.6 0.9
v -3.1 0.3 0.9
v -3.1 11.7 0.9
v -6.7 7.8 0.1
v -6.7 7.9 0.1
v -6.3 7.8 0.1
v -6.3 7.9 0.1
v -5.9 9.1 0.1
v -5.9 9.2 0.1
v -5.7 7.8 0.1
v -5.7 7.9 0.1
v -5.6 9.1 0.1
v -5.6 9.2 0.1
v -4.9 10.3 0.1
v -4.9 10.4 0.1
v -4.3 10.3 0.1
v -4.3 10.4 0.1
v -3.4 7.8 0.1
v -3.4 7.9 0.1
v -8.8 2.1 -1.3
v -8.8 2.7 -1.3
v -8.8 3 -1.3
v -8.6 2.1 -1.3
v -8.6 2.7 -1.3
v -8.6 3 -1.3
v -8.4 4.7 -1.3
v -8.4 4.9 -1.3
v -8.3 4.7 -1.3
v -8.3 4.9 -1.3
v -3.7 3.5 -1.3
v -3.7 8.2 -1.3
v -3.7 8.4 -1.3
v -3.7 8.8 -1.3
v -3.6 3.5 -1.3
v -3.6 4.7 -1.3
v -3.6 4.9 -1.3
v -3.6 7.1 -1.3
v -3.6 7.5 -1.3
v -3.6 7.7 -1.3
v -3.6 7.8 -1.3
v -3.6 8.2 -1.3
v -3.6 8.4 -1.3
v -3.6 8.5 -1.3
v -3.6 8.6 -1.3
v -3.6 8.7 -1.3
v -3.6 8.8 -1.3
v -3.5 4.7 -1.3
v -3.5 4.8 -1.3
v -3.5 4.9 -1.3
v -3.5 7.1 -1.3
v -3.5 7.2 -1.3
v -3.5 7.4 -1.3
v -3.5 7.5 -1.3
v -3.5 8.2 -1.3
v -3.5 8.3 -1.3
v -3.4 4.7 -1.3
v -3.4 4.8 -1.3
v -3.4 8.3 -1.3
v -3.4 8.4 -1.3
v -3.3 7.2 -1.3
v -3.3 7.3 -1.3
v -3.3 7.7 -1.3
v -3.3 7.8 -1.3
v -3.3 8.6 -1.3
v -3.3 8.7 -1.3
v -3.2 3.5 -1.3
v -3.2 7.3 -1.3
v -3.2 7.4 -1.3
v -3.2 8.4 -1.3
v -3.2 8.5 -1.3
v -3.2 8.6 -1.3
v -3.2 8.8 -1.3
v -6.7 7.8 0.8
v -6.7 7.9 0.8
v -3.4 7.8 0.8
v -3.4 7.9 0.8
v -8.8 2.1 -1.2
v -8.8 3 -1.2
v -8.6 2.1 -1.2
v -8.6 3 -1.2
v -8.4 4.7 -1.2
v -8.4 4.9 -1.2
v -8.3 4.7 -1.2
v -8.3 4.9 -1.2
v -3.7 3.5 -1.2
v -3.7 8.8 -1.2
v -3.2 3.5 -1.2
v -3.2 8.8 -1.2
v -13.2 0.3 -1.4
v -13.2 11.7 -1.4
v -13.1 0.4 -1.4
v -13.1 0.5 -1.4
v -13.1 0.7 -1.4
v -13.1 0.8 -1.4
v -13.1 0.9 -1.4
v -13.1 1.1 -1.4
v -13.1 1.4 -1.4
v -13.1 1.5 -1.4
v -13.1 1.6 -1.4
v -13.1 1.7 -1.4
v -13.1 1.8 -1.4
v -13.1 2.3 -1.4
v -13.1 2.6 -1.4
v -13.1 2.8 -1.4
v -13.1 2.9 -1.4
v -13.1 3 -1.4
v -13.1 6.5 -1.4
v -13.1 6.6 -1.4
v -13.1 6.9 -1.4
v -13.1 7.3 -1.4
v -13.1 7.7 -1.4
v -13.1 7.8 -1.4
v -13.1 7.9 -1.4
v -13.1 8.3 -1.4
v -13.1 8.4 -1.4
v -13.1 8.5 -1.4
v -13.1 8.7 -1.4
v -13.1 8.9 -1.4
v -13.1 9 -1.4
v -13.1 9.1 -1.4
v -13.1 9.2 -1.4
v -13.1 10 -1.4
v -13.1 10.1 -1.4
v -13.1 10.3 -1.4
v -13.1 10.5 -1.4
v -13.1 10.6 -1.4
v -13.1 10.7 -1.4
v -13.1 10.8 -1.4
v -13.1 11.6 -1.4
v -13 0.5 -1.4
v -13 0.6 -1.4
v -13 0.7 -1.4
v -13 0.8 -1.4
v -13 0.9 -1.4
v -13 1.1 -1.4
v -13 1.2 -1.4
v -13 1.5 -1.4
v -13 1.6 -1.4
v -13 1.7 -1.4
v -13 1.8 -1.4
v -13 1.9 -1.4
v -13 2.1 -1.4
v -13 2.3 -1.4
v -13 2.9 -1.4
v -13 3 -1.4
v -13 6.6 -1.4
v -13 6.8 -1.4
v -13 6.9 -1.4
v -13 7 -1.4
v -13 7.3 -1.4
v -13 7.4 -1.4
v -13 7.6 -1.4
v -13 7.7 -1.4
v -13 7.9 -1.4
v -13 8 -1.4
v -13 8.2 -1.4
v -13 8.3 -1.4
v -13 8.9 -1.4
v -13 9 -1.4
v -13 9.1 -1.4
v -13 10 -1.4
v -13 10.1 -1.4
v -13 10.2 -1.4
v -13 10.7 -1.4
v -13 10.8 -1.4
v -13 11.5 -1.4
v -13 11.6 -1.4
v -12.9 0.6 -1.4
v -12.9 0.7 -1.4
v -12.9 0.9 -1.4
v -12.9 1.1 -1.4
v -12.9 1.3 -1.4
v -12.9 1.4 -1.4
v -12.9 1.6 -1.4
v -12.9 1.7 -1.4
v -12.9 2 -1.4
v -12.9 2.1 -1.4
v -12.9 6.6 -1.4
v -12.9 6.8 -1.4
v -12.9 7 -1.4
v -12.9 7.1 -1.4
v -12.9 7.2 -1.4
v -12.9 8.9 -1.4
v -12.9 9 -1.4
v -12.9 9.2 -1.4
v -12.9 9.3 -1.4
v -12.9 10.1 -1.4
v -12.9 10.2 -1.4
v -12.9 10.6 -1.4
v -12.9 10.7 -1.4
v -12.9 10.8 -1.4
v -12.8 0.8 -1.4
v -12.8 0.9 -1.4
v -12.8 1.2 -1.4
v -12.8 1.3 -1.4
v -12.8 1.9 -1.4
v -12.8 2 -1.4
v -12.8 6.5 -1.4
v -12.8 6.8 -1.4
v -12.8 6.9 -1.4
v -12.8 7 -1.4
v -12.8 7.8 -1.4
v -12.8 7.9 -1.4
v -12.8 8.3 -1.4
v -12.8 8.4 -1.4
v -12.8 8.5 -1.4
v -12.8 9.1 -1.4
v -12.8 9.3 -1.4
v -12.8 10.5 -1.4
v -12.8 10.6 -1.4
v -12.7 0.7 -1.4
v -12.7 0.9 -1.4
v -12.7 1.1 -1.4
v -12.7 1.2 -1.4
v -12.7 1.3 -1.4
v -12.7 1.4 -1.4
v -12.7 1.6 -1.4
v -12.7 1.7 -1.4
v -12.7 1.8 -1.4
v -12.7 1.9 -1.4
v -12.7 2.1 -1.4
v -12.7 2.2 -1.4
v -12.7 6.8 -1.4
v -12.7 6.9 -1.4
v -12.7 8 -1.4
v -12.7 8.2 -1.4
v -12.7 8.8 -1.4
v -12.7 8.9 -1.4
v -12.7 10.1 -1.4
v -12.7 10.2 -1.4
v -12.6 1.8 -1.4
v -12.6 1.9 -1.4
v -12.6 2.1 -1.4
v -12.6 2.2 -1.4
v -12.6 2.5 -1.4
v -12.6 2.6 -1.4
v -12.6 7.1 -1.4
v -12.6 7.2 -1.4
v -12.6 8.7 -1.4
v -12.6 8.8 -1.4
v -12.6 10.6 -1.4
v -12.6 10.7 -1.4
v -12.6 10.8 -1.4
v -12.6 11.4 -1.4
v -12.6 11.5 -1.4
v -12.5 0.5 -1.4
v -12.5 0.6 -1.4
v -12.5 0.7 -1.4
v -12.5 0.8 -1.4
v -12.5 1.1 -1.4
v -12.5 1.2 -1.4
v -12.5 1.3 -1.4
v -12.5 1.8 -1.4
v -12.5 1.9 -1.4
v -12.5 2.2 -1.4
v -12.5 2.3 -1.4
v -12.5 7 -1.4
v -12.5 7.1 -1.4
v -12.5 7.2 -1.4
v -12.5 7.4 -1.4
v -12.5 7.5 -1.4
v -12.5 7.7 -1.4
v -12.5 7.8 -1.4
v -12.5 8.9 -1.4
v -12.5 9 -1.4
v -12.5 10.2 -1.4
v -12.5 10.3 -1.4
v -12.5 10.5 -1.4
v -12.5 10.6 -1.4
v -12.4 0.6 -1.4
v -12.4 0.7 -1.4
v -12.4 0.8 -1.4
v -12.4 0.9 -1.4
v -12.4 1.7 -1.4
v -12.4 1.8 -1.4
v -12.4 1.9 -1.4
v -12.4 2 -1.4
v -12.4 2.2 -1.4
v -12.4 2.3 -1.4
v -12.4 7 -1.4
v -12.4 7.1 -1.4
v -12.4 7.2 -1.4
v -12.4 7.5 -1.4
v -12.4 7.6 -1.4
v -12.4 9.3 -1.4
v -12.4 9.4 -1.4
v -12.4 10.5 -1.4
v -12.4 10.6 -1.4
v -12.4 10.7 -1.4
v -12.4 10.8 -1.4
v -12.4 11.4 -1.4
v -12.4 11.5 -1.4
v -12.3 0.5 -1.4
v -12.3 0.6 -1.4
v -12.3 0.7 -1.4
v -12.3 0.8 -1.4
v -12.3 0.9 -1.4
v -12.3 1.1 -1.4
v -12.3 1.9 -1.4
v -12.3 2 -1.4
v -12.3 6.6 -1.4
v -12.3 6.9 -1.4
v -12.3 8.9 -1.4
v -12.3 9 -1.4
v -12.3 9.2 -1.4
v -12.3 9.3 -1.4
v -12.3 9.4 -1.4
v -12.3 9.5 -1.4
v -12.3 10.5 -1.4
v -12.3 10.6 -1.4
v -12.3 10.7 -1.4
v -12.2 1.2 -1.4
v -12.2 1.3 -1.4
v -12.2 1.4 -1.4
v -12.2 1.7 -1.4
v -12.2 1.8 -1.4
v -12.2 1.9 -1.4
v -12.2 2.8 -1.4
v -12.2 2.9 -1.4
v -12.2 6.6 -1.4
v -12.2 6.8 -1.4
v -12.2 7.4 -1.4
v -12.2 7.6 -1.4
v -12.2 8.9 -1.4
v -12.2 9 -1.4
v -12.2 9.3 -1.4
v -12.2 9.5 -1.4
v -12.2 9.8 -1.4
v -12.2 10.4 -1.4
v -12.2 11.4 -1.4
v -12.2 11.5 -1.4
v -12.2 11.6 -1.4
v -12.1 0.9 -1.4
v -12.1 1.1 -1.4
v -12.1 1.2 -1.4
v -12.1 1.6 -1.4
v -12.1 1.7 -1.4
v -12.1 1.8 -1.4
v -12.1 1.9 -1.4
v -12.1 2.2 -1.4
v -12.1 2.5 -1.4
v -12.1 6.8 -1.4
v -12.1 6.9 -1.4
v -12.1 7.1 -1.4
v -12.1 7.2 -1.4
v -12.1 7.9 -1.4
v -12.1 8 -1.4
v -12.1 8.5 -1.4
v -12.1 8.6 -1.4
v -12.1 9 -1.4
v -12.1 9.1 -1.4
v -12.1 9.8 -1.4
v -12.1 10.2 -1.4
v -12.1 10.4 -1.4
v -12.1 10.8 -1.4
v -12 0.6 -1.4
v -12 0.7 -1.4
v -12 1.2 -1.4
v -12 1.3 -1.4
v -12 1.4 -1.4
v -12 1.5 -1.4
v -12 1.7 -1.4
v -12 1.8 -1.4
v -12 1.9 -1.4
v -12 2 -1.4
v -12 7 -1.4
v -12 7.1 -1.4
v -12 7.2 -1.4
v -12 7.3 -1.4
v -12 8.9 -1.4
v -12 9 -1.4
v -12 9.5 -1.4
v -12 9.8 -1.4
v -12 10.1 -1.4
v -12 10.2 -1.4
v -12 10.3 -1.4
v -12 10.4 -1.4
v -12 10.8 -1.4
v -12 10.9 -1.4
v -12 11.2 -1.4
v -12 11.3 -1.4
v -11.9 0.5 -1.4
v -11.9 0.6 -1.4
v -11.9 0.7 -1.4
v -11.9 0.8 -1.4
v -11.9 1.1 -1.4
v -11.9 1.2 -1.4
v -11.9 1.3 -1.4
v -11.9 1.4 -1.4
v -11.9 1.7 -1.4
v -11.9 1.8 -1.4
v -11.9 1.9 -1.4
v -11.9 2 -1.4
v -11.9 2.1 -1.4
v -11.9 2.8 -1.4
v -11.9 2.9 -1.4
v -11.9 7.7 -1.4
v -11.9 7.8 -1.4
v -11.9 9.1 -1.4
v -11.9 9.2 -1.4
v -11.9 9.3 -1.4
v -11.9 9.5 -1.4
v -11.9 9.8 -1.4
v -11.9 10.1 -1.4
v -11.9 10.3 -1.4
v -11.9 10.4 -1.4
v -11.9 10.9 -1.4
v -11.9 11.2 -1.4
v -11.9 11.3 -1.4
v -11.8 0.7 -1.4
v -11.8 0.8 -1.4
v -11.8 0.9 -1.4
v -11.8 1.4 -1.4
v -11.8 1.5 -1.4
v -11.8 1.8 -1.4
v -11.8 1.9 -1.4
v -11.8 2 -1.4
v -11.8 2.1 -1.4
v -11.8 2.2 -1.4
v -11.8 7.6 -1.4
v -11.8 7.7 -1.4
v -11.8 9.1 -1.4
v -11.8 9.2 -1.4
v -11.8 9.4 -1.4
v -11.8 9.8 -1.4
v -11.8 9.9 -1.4
v -11.8 10.1 -1.4
v -11.8 10.5 -1.4
v -11.8 10.7 -1.4
v -11.8 11.1 -1.4
v -11.8 11.3 -1.4
v -11.8 11.4 -1.4
v -11.8 11.5 -1.4
v -11.8 11.6 -1.4
v -11.7 0.6 -1.4
v -11.7 0.8 -1.4
v -11.7 1.5 -1.4
v -11.7 1.6 -1.4
v -11.7 1.9 -1.4
v -11.7 2 -1.4
v -11.7 7.7 -1.4
v -11.7 7.8 -1.4
v -11.7 7.9 -1.4
v -11.7 8 -1.4
v -11.7 8.2 -1.4
v -11.7 8.3 -1.4
v -11.7 8.4 -1.4
v -11.7 9.8 -1.4
v -11.7 9.9 -1.4
v -11.7 10.1 -1.4
v -11.7 10.5 -1.4
v -11.7 10.7 -1.4
v -11.7 11.1 -1.4
v -11.6 0.8 -1.4
v -11.6 0.9 -1.4
v -11.6 1.1 -1.4
v -11.6 1.2 -1.4
v -11.6 1.3 -1.4
v -11.6 1.4 -1.4
v -11.6 1.5 -1.4
v -11.6 1.6 -1.4
v -11.6 1.7 -1.4
v -11.6 1.8 -1.4
v -11.6 2 -1.4
v -11.6 2.1 -1.4
v -11.6 7.6 -1.4
v -11.6 7.7 -1.4
v -11.6 8.9 -1.4
v -11.6 9 -1.4
v -11.6 9.4 -1.4
v -11.6 9.5 -1.4
v -11.6 9.7 -1.4
v -11.6 9.8 -1.4
v -11.6 10.1 -1.4
v -11.6 10.2 -1.4
v -11.6 10.7 -1.4
v -11.6 10.9 -1.4
v -11.6 11.2 -1.4
v -11.5 1.6 -1.4
v -11.5 1.7 -1.4
v -11.5 1.8 -1.4
v -11.5 1.9 -1.4
v -11.5 7 -1.4
v -11.5 7.1 -1.4
v -11.5 7.7 -1.4
v -11.5 7.8 -1.4
v -11.5 7.9 -1.4
v -11.5 8.3 -1.4
v -11.5 8.4 -1.4
v -11.5 8.9 -1.4
v -11.5 9 -1.4
v -11.5 9.2 -1.4
v -11.5 9.3 -1.4
v -11.5 9.7 -1.4
v -11.5 10 -1.4
v -11.5 10.1 -1.4
v -11.5 10.2 -1.4
v -11.5 10.7 -1.4
v -11.5 10.9 -1.4
v -11.5 11.2 -1.4
v -11.5 11.3 -1.4
v -11.5 11.4 -1.4
v -11.4 0.9 -1.4
v -11.4 1.1 -1.4
v -11.4 1.2 -1.4
v -11.4 1.3 -1.4
v -11.4 1.4 -1.4
v -11.4 1.5 -1.4
v -11.4 1.8 -1.4
v -11.4 1.9 -1.4
v -11.4 7.7 -1.4
v -11.4 7.8 -1.4
v -11.4 8.2 -1.4
v -11.4 8.3 -1.4
v -11.4 9.9 -1.4
v -11.4 10 -1.4
v -11.4 10.1 -1.4
v -11.4 10.2 -1.4
v -11.4 10.7 -1.4
v -11.4 11.4 -1.4
v -11.4 11.5 -1.4
v -11.4 11.6 -1.4
v -11.3 0.5 -1.4
v -11.3 0.6 -1.4
v -11.3 1.1 -1.4
v -11.3 1.2 -1.4
v -11.3 1.9 -1.4
v -11.3 2 -1.4
v -11.3 7.7 -1.4
v -11.3 7.8 -1.4
v -11.3 7.9 -1.4
v -11.3 8.2 -1.4
v -11.3 8.3 -1.4
v -11.3 8.9 -1.4
v -11.3 9 -1.4
v -11.3 9.1 -1.4
v -11.3 9.3 -1.4
v -11.3 9.4 -1.4
v -11.3 9.5 -1.4
v -11.3 9.7 -1.4
v -11.3 9.8 -1.4
v -11.3 9.9 -1.4
v -11.3 10 -1.4
v -11.3 10.1 -1.4
v -11.3 10.6 -1.4
v -11.3 10.7 -1.4
v -11.3 10.8 -1.4
v -11.3 11.1 -1.4
v -11.2 0.6 -1.4
v -11.2 0.7 -1.4
v -11.2 1.2 -1.4
v -11.2 1.3 -1.4
v -11.2 1.6 -1.4
v -11.2 1.7 -1.4
v -11.2 1.8 -1.4
v -11.2 1.9 -1.4
v -11.2 2 -1.4
v -11.2 2.1 -1.4
v -11.2 2.2 -1.4
v -11.2 9.7 -1.4
v -11.2 9.8 -1.4
v -11.2 9.9 -1.4
v -11.2 10 -1.4
v -11.2 10.4 -1.4
v -11.2 10.6 -1.4
v -11.2 10.8 -1.4
v -11.2 10.9 -1.4
v -11.2 11.1 -1.4
v -11.2 11.2 -1.4
v -11.2 11.3 -1.4
v -11.1 0.7 -1.4
v -11.1 0.8 -1.4
v -11.1 1.4 -1.4
v -11.1 1.5 -1.4
v -11.1 1.8 -1.4
v -11.1 1.9 -1.4
v -11.1 2.8 -1.4
v -11.1 2.9 -1.4
v -11.1 8.3 -1.4
v -11.1 8.4 -1.4
v -11.1 8.9 -1.4
v -11.1 9 -1.4
v -11.1 9.3 -1.4
v -11.1 9.4 -1.4
v -11.1 9.5 -1.4
v -11.1 10.4 -1.4
v -11.1 10.9 -1.4
v -11.1 11.1 -1.4
v -11.1 11.3 -1.4
v -11.1 11.4 -1.4
v -11.1 11.5 -1.4
v -11 0.5 -1.4
v -11 0.6 -1.4
v -11 1.2 -1.4
v -11 1.3 -1.4
v -11 1.4 -1.4
v -11 1.5 -1.4
v -11 1.6 -1.4
v -11 1.7 -1.4
v -11 1.8 -1.4
v -11 1.9 -1.4
v -11 2 -1.4
v -11 2.8 -1.4
v -11 2.9 -1.4
v -11 7.1 -1.4
v -11 7.2 -1.4
v -11 7.3 -1.4
v -11 7.4 -1.4
v -11 7.6 -1.4
v -11 7.7 -1.4
v -11 7.8 -1.4
v -11 7.9 -1.4
v -11 8.2 -1.4
v -11 8.9 -1.4
v -11 9 -1.4
v -11 9.4 -1.4
v -11 9.5 -1.4
v -11 11.1 -1.4
v -11 11.2 -1.4
v -10.9 0.5 -1.4
v -10.9 0.6 -1.4
v -10.9 0.8 -1.4
v -10.9 0.9 -1.4
v -10.9 1.1 -1.4
v -10.9 1.2 -1.4
v -10.9 1.5 -1.4
v -10.9 1.6 -1.4
v -10.9 1.7 -1.4
v -10.9 2 -1.4
v -10.9 2.2 -1.4
v -10.9 6.9 -1.4
v -10.9 7 -1.4
v -10.9 7.1 -1.4
v -10.9 7.2 -1.4
v -10.9 7.3 -1.4
v -10.9 7.4 -1.4
v -10.9 7.5 -1.4
v -10.9 7.6 -1.4
v -10.9 7.7 -1.4
v -10.9 7.9 -1.4
v -10.9 8.3 -1.4
v -10.9 8.4 -1.4
v -10.9 8.5 -1.4
v -10.9 8.9 -1.4
v -10.9 9 -1.4
v -10.9 9.1 -1.4
v -10.9 9.3 -1.4
v -10.9 9.4 -1.4
v -10.8 0.6 -1.4
v -10.8 0.7 -1.4
v -10.8 0.9 -1.4
v -10.8 1.1 -1.4
v -10.8 1.2 -1.4
v -10.8 1.3 -1.4
v -10.8 1.5 -1.4
v -10.8 1.6 -1.4
v -10.8 2.5 -1.4
v -10.8 2.7 -1.4
v -10.8 2.8 -1.4
v -10.8 6.8 -1.4
v -10.8 6.9 -1.4
v -10.8 7.1 -1.4
v -10.8 7.2 -1.4
v -10.8 7.4 -1.4
v -10.8 7.5 -1.4
v -10.8 7.6 -1.4
v -10.8 7.8 -1.4
v -10.8 7.9 -1.4
v -10.8 8.5 -1.4
v -10.8 8.6 -1.4
v -10.8 10 -1.4
v -10.8 10.1 -1.4
v -10.8 10.4 -1.4
v -10.7 0.6 -1.4
v -10.7 0.7 -1.4
v -10.7 0.8 -1.4
v -10.7 1.3 -1.4
v -10.7 1.4 -1.4
v -10.7 1.5 -1.4
v -10.7 1.6 -1.4
v -10.7 1.7 -1.4
v -10.7 1.8 -1.4
v -10.7 1.9 -1.4
v -10.7 2 -1.4
v -10.7 6.9 -1.4
v -10.7 7 -1.4
v -10.7 7.9 -1.4
v -10.7 8.2 -1.4
v -10.7 8.4 -1.4
v -10.7 8.5 -1.4
v -10.7 9.7 -1.4
v -10.7 10 -1.4
v -10.7 10.1 -1.4
v -10.7 10.4 -1.4
v -10.7 11.2 -1.4
v -10.7 11.3 -1.4
v -10.7 11.4 -1.4
v -10.7 11.5 -1.4
v -10.7 11.6 -1.4
v -10.6 0.5 -1.4
v -10.6 0.6 -1.4
v -10.6 1.5 -1.4
v -10.6 1.6 -1.4
v -10.6 2.8 -1.4
v -10.6 2.9 -1.4
v -10.6 6.8 -1.4
v -10.6 6.9 -1.4
v -10.6 7.9 -1.4
v -10.6 8.2 -1.4
v -10.6 9.2 -1.4
v -10.6 9.3 -1.4
v -10.6 9.5 -1.4
v -10.6 9.7 -1.4
v -10.6 10 -1.4
v -10.6 10.1 -1.4
v -10.6 10.4 -1.4
v -10.6 10.5 -1.4
v -10.5 0.7 -1.4
v -10.5 0.8 -1.4
v -10.5 0.9 -1.4
v -10.5 1.1 -1.4
v -10.5 1.2 -1.4
v -10.5 1.4 -1.4
v -10.5 1.5 -1.4
v -10.5 1.6 -1.4
v -10.5 1.9 -1.4
v -10.5 2 -1.4
v -10.5 2.1 -1.4
v -10.5 2.8 -1.4
v -10.5 2.9 -1.4
v -10.5 6.6 -1.4
v -10.5 6.9 -1.4
v -10.5 9.2 -1.4
v -10.5 9.3 -1.4
v -10.5 9.4 -1.4
v -10.5 9.7 -1.4
v -10.5 10 -1.4
v -10.5 10.1 -1.4
v -10.5 10.4 -1.4
v -10.5 10.5 -1.4
v -10.5 10.7 -1.4
v -10.5 10.9 -1.4
v -10.5 11.2 -1.4
v -10.5 11.3 -1.4
v -10.4 0.9 -1.4
v -10.4 1.1 -1.4
v -10.4 1.7 -1.4
v -10.4 1.8 -1.4
v -10.4 1.9 -1.4
v -10.4 2.7 -1.4
v -10.4 2.8 -1.4
v -10.4 6.8 -1.4
v -10.4 6.9 -1.4
v -10.4 7.2 -1.4
v -10.4 7.5 -1.4
v -10.4 7.7 -1.4
v -10.4 8.2 -1.4
v -10.4 8.9 -1.4
v -10.4 9 -1.4
v -10.4 9.4 -1.4
v -10.4 9.5 -1.4
v -10.4 9.7 -1.4
v -10.4 10.6 -1.4
v -10.4 10.7 -1.4
v -10.4 10.9 -1.4
v -10.4 11.1 -1.4
v -10.4 11.4 -1.4
v -10.4 11.5 -1.4
v -10.4 11.6 -1.4
v -10.3 0.6 -1.4
v -10.3 0.7 -1.4
v -10.3 0.8 -1.4
v -10.3 0.9 -1.4
v -10.3 2 -1.4
v -10.3 2.1 -1.4
v -10.3 2.8 -1.4
v -10.3 2.9 -1.4
v -10.3 6.6 -1.4
v -10.3 6.8 -1.4
v -10.3 7.1 -1.4
v -10.3 7.2 -1.4
v -10.3 7.4 -1.4
v -10.3 7.5 -1.4
v -10.3 7.6 -1.4
v -10.3 7.8 -1.4
v -10.3 8 -1.4
v -10.3 8.2 -1.4
v -10.3 8.3 -1.4
v -10.3 8.5 -1.4
v -10.3 8.7 -1.4
v -10.3 10.7 -1.4
v -10.3 10.9 -1.4
v -10.3 11.1 -1.4
v -10.2 1.1 -1.4
v -10.2 1.2 -1.4
v -10.2 1.5 -1.4
v -10.2 1.6 -1.4
v -10.2 1.7 -1.4
v -10.2 1.8 -1.4
v -10.2 1.9 -1.4
v -10.2 2 -1.4
v -10.2 2.1 -1.4
v -10.2 2.2 -1.4
v -10.2 2.3 -1.4
v -10.2 2.5 -1.4
v -10.2 2.9 -1.4
v -10.2 3 -1.4
v -10.2 6.6 -1.4
v -10.2 6.8 -1.4
v -10.2 7.2 -1.4
v -10.2 7.4 -1.4
v -10.2 7.5 -1.4
v -10.2 7.8 -1.4
v -10.2 8 -1.4
v -10.2 8.2 -1.4
v -10.2 8.5 -1.4
v -10.2 8.6 -1.4
v -10.2 8.9 -1.4
v -10.2 9 -1.4
v -10.2 11.3 -1.4
v -10.2 11.4 -1.4
v -10.2 11.5 -1.4
v -10.1 0.7 -1.4
v -10.1 0.8 -1.4
v -10.1 0.9 -1.4
v -10.1 1.1 -1.4
v -10.1 2 -1.4
v -10.1 2.1 -1.4
v -10.1 2.5 -1.4
v -10.1 2.6 -1.4
v -10.1 3.2 -1.4
v -10.1 3.4 -1.4
v -10.1 7.2 -1.4
v -10.1 7.3 -1.4
v -10.1 7.4 -1.4
v -10.1 7.5 -1.4
v -10.1 7.8 -1.4
v -10.1 7.9 -1.4
v -10.1 8 -1.4
v -10.1 8.2 -1.4
v -10.1 9 -1.4
v -10.1 9.1 -1.4
v -10.1 10.6 -1.4
v -10.1 10.7 -1.4
v -10.1 10.9 -1.4
v -10.1 11.1 -1.4
v -10 1.2 -1.4
v -10 1.3 -1.4
v -10 1.6 -1.4
v -10 1.7 -1.4
v -10 1.8 -1.4
v -10 1.9 -1.4
v -10 2 -1.4
v -10 7.3 -1.4
v -10 7.4 -1.4
v -10 7.9 -1.4
v -10 8 -1.4
v -10 8.7 -1.4
v -10 8.8 -1.4
v -10 9 -1.4
v -10 9.1 -1.4
v -10 11.3 -1.4
v -10 11.4 -1.4
v -10 11.5 -1.4
v -10 11.6 -1.4
v -9.9 1.1 -1.4
v -9.9 1.2 -1.4
v -9.9 2.9 -1.4
v -9.9 3 -1.4
v -9.9 4.1 -1.4
v -9.9 4.2 -1.4
v -9.9 4.6 -1.4
v -9.9 4.7 -1.4
v -9.9 5.2 -1.4
v -9.9 5.6 -1.4
v -9.9 6.6 -1.4
v -9.9 6.8 -1.4
v -9.9 6.9 -1.4
v -9.9 7 -1.4
v -9.9 7.3 -1.4
v -9.9 7.4 -1.4
v -9.9 7.9 -1.4
v -9.9 8 -1.4
v -9.9 8.8 -1.4
v -9.9 8.9 -1.4
v -9.9 9.1 -1.4
v -9.9 9.2 -1.4
v -9.9 9.4 -1.4
v -9.9 9.7 -1.4
v -9.9 10.6 -1.4
v -9.9 10.7 -1.4
v -9.9 10.9 -1.4
v -9.8 0.8 -1.4
v -9.8 0.9 -1.4
v -9.8 1.3 -1.4
v -9.8 1.4 -1.4
v -9.8 1.5 -1.4
v -9.8 1.6 -1.4
v -9.8 1.7 -1.4
v -9.8 1.8 -1.4
v -9.8 1.9 -1.4
v -9.8 2.3 -1.4
v -9.8 2.5 -1.4
v -9.8 2.6 -1.4
v -9.8 2.8 -1.4
v -9.8 2.9 -1.4
v -9.8 3.4 -1.4
v -9.8 3.5 -1.4
v -9.8 3.8 -1.4
v -9.8 4 -1.4
v -9.8 4.1 -1.4
v -9.8 4.2 -1.4
v -9.8 4.3 -1.4
v -9.8 4.6 -1.4
v -9.8 4.7 -1.4
v -9.8 4.9 -1.4
v -9.8 5.6 -1.4
v -9.8 5.7 -1.4
v -9.8 5.8 -1.4
v -9.8 5.9 -1.4
v -9.8 6.6 -1.4
v -9.8 6.8 -1.4
v -9.8 7.3 -1.4
v -9.8 7.4 -1.4
v -9.8 7.9 -1.4
v -9.8 8 -1.4
v -9.8 9.3 -1.4
v -9.8 9.4 -1.4
v -9.8 9.7 -1.4
v -9.8 10.2 -1.4
v -9.8 10.4 -1.4
v -9.8 10.6 -1.4
v -9.8 10.7 -1.4
v -9.8 10.9 -1.4
v -9.8 11.1 -1.4
v -9.8 11.2 -1.4
v -9.8 11.5 -1.4
v -9.8 11.6 -1.4
v -9.7 1.2 -1.4
v -9.7 1.3 -1.4
v -9.7 1.6 -1.4
v -9.7 1.7 -1.4
v -9.7 3.1 -1.4
v -9.7 3.2 -1.4
v -9.7 3.4 -1.4
v -9.7 3.5 -1.4
v -9.7 3.6 -1.4
v -9.7 3.7 -1.4
v -9.7 4 -1.4
v -9.7 4.1 -1.4
v -9.7 5.5 -1.4
v -9.7 5.7 -1.4
v -9.7 6 -1.4
v -9.7 6.1 -1.4
v -9.7 6.6 -1.4
v -9.7 6.8 -1.4
v -9.7 7.3 -1.4
v -9.7 7.4 -1.4
v -9.7 7.9 -1.4
v -9.7 8 -1.4
v -9.7 8.3 -1.4
v -9.7 8.4 -1.4
v -9.7 8.6 -1.4
v -9.7 8.8 -1.4
v -9.7 8.9 -1.4
v -9.7 9 -1.4
v -9.7 9.1 -1.4
v -9.7 9.2 -1.4
v -9.7 9.3 -1.4
v -9.7 10.2 -1.4
v -9.7 10.4 -1.4
v -9.7 10.7 -1.4
v -9.7 10.9 -1.4
v -9.7 11.2 -1.4
v -9.7 11.6 -1.4
v -9.6 1.5 -1.4
v -9.6 1.6 -1.4
v -9.6 1.8 -1.4
v -9.6 1.9 -1.4
v -9.6 2.7 -1.4
v -9.6 2.8 -1.4
v -9.6 3.3 -1.4
v -9.6 3.4 -1.4
v -9.6 3.8 -1.4
v -9.6 4 -1.4
v -9.6 4.3 -1.4
v -9.6 4.4 -1.4
v -9.6 4.7 -1.4
v -9.6 4.8 -1.4
v -9.6 5.1 -1.4
v -9.6 5.2 -1.4
v -9.6 5.4 -1.4
v -9.6 5.5 -1.4
v -9.6 5.8 -1.4
v -9.6 5.9 -1.4
v -9.6 6 -1.4
v -9.6 6.1 -1.4
v -9.6 6.6 -1.4
v -9.6 6.8 -1.4
v -9.6 6.9 -1.4
v -9.6 7 -1.4
v -9.6 7.1 -1.4
v -9.6 7.2 -1.4
v -9.6 7.3 -1.4
v -9.6 7.4 -1.4
v -9.6 7.5 -1.4
v -9.6 7.6 -1.4
v -9.6 7.7 -1.4
v -9.6 7.8 -1.4
v -9.6 7.9 -1.4
v -9.6 8 -1.4
v -9.6 8.2 -1.4
v -9.6 8.6 -1.4
v -9.6 8.8 -1.4
v -9.6 9.1 -1.4
v -9.6 9.2 -1.4
v -9.6 9.3 -1.4
v -9.6 10.1 -1.4
v -9.6 10.9 -1.4
v -9.5 0.4 -1.4
v -9.5 0.5 -1.4
v -9.5 1.1 -1.4
v -9.5 1.2 -1.4
v -9.5 1.3 -1.4
v -9.5 1.4 -1.4
v -9.5 1.5 -1.4
v -9.5 1.8 -1.4
v -9.5 2 -1.4
v -9.5 2.3 -1.4
v -9.5 2.5 -1.4
v -9.5 3.5 -1.4
v -9.5 3.6 -1.4
v -9.5 3.7 -1.4
v -9.5 4.8 -1.4
v -9.5 4.9 -1.4
v -9.5 5.1 -1.4
v -9.5 5.2 -1.4
v -9.5 5.4 -1.4
v -9.5 5.6 -1.4
v -9.5 5.7 -1.4
v -9.5 6.1 -1.4
v -9.5 6.2 -1.4
v -9.5 6.3 -1.4
v -9.5 7.1 -1.4
v -9.5 7.2 -1.4
v -9.5 7.4 -1.4
v -9.5 7.5 -1.4
v -9.5 7.6 -1.4
v -9.5 7.7 -1.4
v -9.5 7.8 -1.4
v -9.5 8 -1.4
v -9.5 8.2 -1.4
v -9.5 8.3 -1.4
v -9.5 8.6 -1.4
v -9.5 8.8 -1.4
v -9.5 9 -1.4
v -9.5 9.1 -1.4
v -9.5 9.2 -1.4
v -9.5 9.3 -1.4
v -9.5 10.1 -1.4
v -9.5 10.7 -1.4
v -9.5 10.9 -1.4
v -9.5 11.4 -1.4
v -9.4 0.5 -1.4
v -9.4 0.6 -1.4
v -9.4 2.3 -1.4
v -9.4 2.5 -1.4
v -9.4 3.2 -1.4
v -9.4 3.3 -1.4
v -9.4 4.5 -1.4
v -9.4 4.6 -1.4
v -9.4 5.1 -1.4
v -9.4 5.2 -1.4
v -9.4 5.9 -1.4
v -9.4 6 -1.4
v -9.4 6.1 -1.4
v -9.4 6.2 -1.4
v -9.4 6.3 -1.4
v -9.4 6.9 -1.4
v -9.4 7 -1.4
v -9.4 8.3 -1.4
v -9.4 8.4 -1.4
v -9.4 9 -1.4
v -9.4 9.1 -1.4
v -9.4 9.2 -1.4
v -9.4 9.7 -1.4
v -9.4 10.7 -1.4
v -9.4 11.3 -1.4
v -9.4 11.4 -1.4
v -9.4 11.5 -1.4
v -9.3 0.4 -1.4
v -9.3 0.5 -1.4
v -9.3 0.9 -1.4
v -9.3 1.1 -1.4
v -9.3 1.2 -1.4
v -9.3 1.3 -1.4
v -9.3 1.4 -1.4
v -9.3 1.5 -1.4
v -9.3 1.6 -1.4
v -9.3 1.7 -1.4
v -9.3 1.8 -1.4
v -9.3 1.9 -1.4
v -9.3 2.9 -1.4
v -9.3 3.1 -1.4
v -9.3 3.3 -1.4
v -9.3 3.4 -1.4
v -9.3 4.1 -1.4
v -9.3 4.2 -1.4
v -9.3 4.3 -1.4
v -9.3 4.4 -1.4
v -9.3 4.5 -1.4
v -9.3 5.1 -1.4
v -9.3 5.2 -1.4
v -9.3 5.7 -1.4
v -9.3 5.9 -1.4
v -9.3 6 -1.4
v -9.3 6.1 -1.4
v -9.3 6.6 -1.4
v -9.3 6.8 -1.4
v -9.3 7.3 -1.4
v -9.3 7.4 -1.4
v -9.3 9 -1.4
v -9.3 9.2 -1.4
v -9.3 9.3 -1.4
v -9.3 9.4 -1.4
v -9.3 9.7 -1.4
v -9.3 9.8 -1.4
v -9.3 10 -1.4
v -9.3 10.8 -1.4
v -9.3 11.3 -1.4
v -9.3 11.4 -1.4
v -9.3 11.5 -1.4
v -9.3 11.6 -1.4
v -9.2 0.4 -1.4
v -9.2 0.5 -1.4
v -9.2 0.6 -1.4
v -9.2 0.7 -1.4
v -9.2 1.2 -1.4
v -9.2 1.3 -1.4
v -9.2 1.8 -1.4
v -9.2 1.9 -1.4
v -9.2 2.5 -1.4
v -9.2 2.6 -1.4
v -9.2 3.6 -1.4
v -9.2 3.7 -1.4
v -9.2 4.2 -1.4
v -9.2 4.3 -1.4
v -9.2 5.4 -1.4
v -9.2 5.5 -1.4
v -9.2 6.3 -1.4
v -9.2 6.4 -1.4
v -9.2 6.5 -1.4
v -9.2 6.6 -1.4
v -9.2 7.4 -1.4
v -9.2 7.8 -1.4
v -9.2 8.3 -1.4
v -9.2 8.4 -1.4
v -9.2 9.2 -1.4
v -9.2 9.3 -1.4
v -9.2 9.8 -1.4
v -9.2 10 -1.4
v -9.2 10.3 -1.4
v -9.2 10.8 -1.4
v -9.2 11.4 -1.4
v -9.2 11.5 -1.4
v -9.1 0.5 -1.4
v -9.1 0.6 -1.4
v -9.1 0.7 -1.4
v -9.1 0.8 -1.4
v -9.1 1.1 -1.4
v -9.1 1.2 -1.4
v -9.1 1.3 -1.4
v -9.1 3.3 -1.4
v -9.1 3.4 -1.4
v -9.1 3.5 -1.4
v -9.1 3.7 -1.4
v -9.1 3.8 -1.4
v -9.1 4 -1.4
v -9.1 4.3 -1.4
v -9.1 4.4 -1.4
v -9.1 4.6 -1.4
v -9.1 4.7 -1.4
v -9.1 4.8 -1.4
v -9.1 4.9 -1.4
v -9.1 5.2 -1.4
v -9.1 5.4 -1.4
v -9.1 5.5 -1.4
v -9.1 5.6 -1.4
v -9.1 5.7 -1.4
v -9.1 6.9 -1.4
v -9.1 7 -1.4
v -9.1 7.1 -1.4
v -9.1 7.3 -1.4
v -9.1 7.6 -1.4
v -9.1 7.7 -1.4
v -9.1 7.8 -1.4
v -9.1 7.9 -1.4
v -9.1 8 -1.4
v -9.1 8.2 -1.4
v -9.1 8.3 -1.4
v -9.1 8.4 -1.4
v -9.1 8.8 -1.4
v -9.1 9.3 -1.4
v -9.1 9.4 -1.4
v -9.1 9.5 -1.4
v -9.1 9.7 -1.4
v -9.1 9.9 -1.4
v -9.1 10.1 -1.4
v -9.1 10.3 -1.4
v -9.1 10.8 -1.4
v -9.1 11.5 -1.4
v -9 0.5 -1.4
v -9 0.6 -1.4
v -9 1.2 -1.4
v -9 1.3 -1.4
v -9 1.5 -1.4
v -9 1.6 -1.4
v -9 1.7 -1.4
v -9 2.6 -1.4
v -9 2.7 -1.4
v -9 3.2 -1.4
v -9 3.3 -1.4
v -9 3.8 -1.4
v -9 4 -1.4
v -9 4.1 -1.4
v -9 5 -1.4
v -9 5.1 -1.4
v -9 5.2 -1.4
v -9 5.4 -1.4
v -9 5.7 -1.4
v -9 5.9 -1.4
v -9 6 -1.4
v -9 6.5 -1.4
v -9 6.6 -1.4
v -9 7 -1.4
v -9 7.1 -1.4
v -9 7.4 -1.4
v -9 7.5 -1.4
v -9 7.7 -1.4
v -9 7.9 -1.4
v -9 8.3 -1.4
v -9 8.4 -1.4
v -9 8.5 -1.4
v -9 8.7 -1.4
v -9 9.7 -1.4
v -9 9.9 -1.4
v -9 10.1 -1.4
v -9 10.3 -1.4
v -9 10.4 -1.4
v -8.9 0.5 -1.4
v -8.9 0.6 -1.4
v -8.9 0.7 -1.4
v -8.9 0.8 -1.4
v -8.9 3.2 -1.4
v -8.9 3.3 -1.4
v -8.9 3.4 -1.4
v -8.9 3.5 -1.4
v -8.9 3.7 -1.4
v -8.9 4 -1.4
v -8.9 4.7 -1.4
v -8.9 4.8 -1.4
v -8.9 5 -1.4
v -8.9 5.4 -1.4
v -8.9 5.7 -1.4
v -8.9 5.9 -1.4
v -8.9 6 -1.4
v -8.9 6.1 -1.4
v -8.9 6.2 -1.4
v -8.9 6.3 -1.4
v -8.9 6.4 -1.4
v -8.9 6.5 -1.4
v -8.9 6.8 -1.4
v -8.9 7 -1.4
v -8.9 7.1 -1.4
v -8.9 7.3 -1.4
v -8.9 7.4 -1.4
v -8.9 7.5 -1.4
v -8.9 7.6 -1.4
v -8.9 7.7 -1.4
v -8.9 8 -1.4
v -8.9 8.2 -1.4
v -8.9 8.4 -1.4
v -8.9 9.1 -1.4
v -8.9 9.2 -1.4
v -8.9 9.3 -1.4
v -8.9 9.8 -1.4
v -8.9 9.9 -1.4
v -8.9 10.3 -1.4
v -8.9 10.4 -1.4
v -8.9 10.6 -1.4
v -8.8 1.1 -1.4
v -8.8 1.2 -1.4
v -8.8 1.4 -1.4
v -8.8 1.5 -1.4
v -8.8 1.6 -1.4
v -8.8 1.7 -1.4
v -8.8 1.8 -1.4
v -8.8 1.9 -1.4
v -8.8 3.3 -1.4
v -8.8 3.4 -1.4
v -8.8 8.2 -1.4
v -8.8 8.3 -1.4
v -8.8 8.5 -1.4
v -8.8 8.6 -1.4
v -8.8 9 -1.4
v -8.8 9.1 -1.4
v -8.8 9.8 -1.4
v -8.8 9.9 -1.4
v -8.8 10 -1.4
v -8.8 10.1 -1.4
v -8.8 10.3 -1.4
v -8.8 10.4 -1.4
v -8.8 10.7 -1.4
v -8.8 10.9 -1.4
v -8.8 11.4 -1.4
v -8.7 0.6 -1.4
v -8.7 0.7 -1.4
v -8.7 0.8 -1.4
v -8.7 1.1 -1.4
v -8.7 1.2 -1.4
v -8.7 1.9 -1.4
v -8.7 2 -1.4
v -8.7 3 -1.4
v -8.7 3.1 -1.4
v -8.7 3.2 -1.4
v -8.7 3.3 -1.4
v -8.7 3.5 -1.4
v -8.7 8 -1.4
v -8.7 8.3 -1.4
v -8.7 8.4 -1.4
v -8.7 8.5 -1.4
v -8.7 8.6 -1.4
v -8.7 8.7 -1.4
v -8.7 9.1 -1.4
v -8.7 9.2 -1.4
v -8.7 9.3 -1.4
v -8.7 9.5 -1.4
v -8.7 9.7 -1.4
v -8.7 10 -1.4
v -8.7 10.1 -1.4
v -8.7 10.7 -1.4
v -8.7 10.9 -1.4
v -8.7 11.4 -1.4
v -8.7 11.5 -1.4
v -8.6 1.6 -1.4
v -8.6 1.7 -1.4
v -8.6 1.8 -1.4
v -8.6 1.9 -1.4
v -8.6 2 -1.4
v -8.6 2.1 -1.4
v -8.6 2.7 -1.4
v -8.6 2.9 -1.4
v -8.6 3.1 -1.4
v -8.6 3.2 -1.4
v -8.6 3.4 -1.4
v -8.6 3.5 -1.4
v -8.6 3.6 -1.4
v -8.6 7.9 -1.4
v -8.6 8 -1.4
v -8.6 8.2 -1.4
v -8.6 8.4 -1.4
v -8.6 8.5 -1.4
v -8.6 8.6 -1.4
v -8.6 8.7 -1.4
v -8.6 8.8 -1.4
v -8.6 9.2 -1.4
v -8.6 9.3 -1.4
v -8.6 11.3 -1.4
v -8.6 11.4 -1.4
v -8.5 0.7 -1.4
v -8.5 0.8 -1.4
v -8.5 1.1 -1.4
v -8.5 2 -1.4
v -8.5 2.1 -1.4
v -8.5 2.2 -1.4
v -8.5 2.3 -1.4
v -8.5 2.5 -1.4
v -8.5 2.9 -1.4
v -8.5 3.5 -1.4
v -8.5 3.6 -1.4
v -8.5 7.9 -1.4
v -8.5 8 -1.4
v -8.5 8.7 -1.4
v -8.5 8.8 -1.4
v -8.5 10.4 -1.4
v -8.5 10.6 -1.4
v -8.5 10.9 -1.4
v -8.5 11.1 -1.4
v -8.5 11.4 -1.4
v -8.5 11.6 -1.4
v -8.4 1.1 -1.4
v -8.4 1.2 -1.4
v -8.4 1.4 -1.4
v -8.4 1.5 -1.4
v -8.4 1.6 -1.4
v -8.4 1.7 -1.4
v -8.4 1.8 -1.4
v -8.4 1.9 -1.4
v -8.4 2 -1.4
v -8.4 2.2 -1.4
v -8.4 2.3 -1.4
v -8.4 2.5 -1.4
v -8.4 2.6 -1.4
v -8.4 2.7 -1.4
v -8.4 2.9 -1.4
v -8.4 7.2 -1.4
v -8.4 7.9 -1.4
v -8.4 9.9 -1.4
v -8.4 10 -1.4
v -8.4 11.2 -1.4
v -8.4 11.3 -1.4
v -8.3 0.8 -1.4
v -8.3 0.9 -1.4
v -8.3 1.5 -1.4
v -8.3 1.6 -1.4
v -8.3 2 -1.4
v -8.3 2.2 -1.4
v -8.3 2.3 -1.4
v -8.3 2.6 -1.4
v -8.3 2.7 -1.4
v -8.3 3.6 -1.4
v -8.3 4.4 -1.4
v -8.3 7.2 -1.4
v -8.3 7.7 -1.4
v -8.3 9 -1.4
v -8.3 9.2 -1.4
v -8.3 10.2 -1.4
v -8.3 10.3 -1.4
v -8.3 11.1 -1.4
v -8.3 11.2 -1.4
v -8.3 11.3 -1.4
v -8.3 11.4 -1.4
v -8.2 0.9 -1.4
v -8.2 1.1 -1.4
v -8.2 1.2 -1.4
v -8.2 1.3 -1.4
v -8.2 2.6 -1.4
v -8.2 2.7 -1.4
v -8.2 2.8 -1.4
v -8.2 3.8 -1.4
v -8.2 4.4 -1.4
v -8.2 7.7 -1.4
v -8.2 7.8 -1.4
v -8.2 9.7 -1.4
v -8.2 10 -1.4
v -8.2 10.2 -1.4
v -8.2 10.4 -1.4
v -8.2 10.9 -1.4
v -8.2 11.1 -1.4
v -8.1 2.1 -1.4
v -8.1 2.7 -1.4
v -8.1 2.8 -1.4
v -8.1 2.9 -1.4
v -8 1.1 -1.4
v -8 1.2 -1.4
v -8 2.1 -1.4
v -8 2.2 -1.4
v -8 2.9 -1.4
v -8 3.7 -1.4
v -8 3.8 -1.4
v -8 8.5 -1.4
v -8 8.6 -1.4
v -8 8.7 -1.4
v -8 9 -1.4
v -8 9.2 -1.4
v -8 9.5 -1.4
v -8 9.7 -1.4
v -8 10.8 -1.4
v -7.9 1.2 -1.4
v -7.9 1.3 -1.4
v -7.9 1.4 -1.4
v -7.9 1.5 -1.4
v -7.9 1.6 -1.4
v -7.9 2.1 -1.4
v -7.9 2.2 -1.4
v -7.9 2.9 -1.4
v -7.9 5.2 -1.4
v -7.9 6.6 -1.4
v -7.9 9 -1.4
v -7.9 9.1 -1.4
v -7.9 9.5 -1.4
v -7.9 9.7 -1.4
v -7.9 10.8 -1.4
v -7.9 11.1 -1.4
v -7.9 11.2 -1.4
v -7.9 11.3 -1.4
v -7.9 11.5 -1.4
v -7.9 11.6 -1.4
v -7.8 1.4 -1.4
v -7.8 1.5 -1.4
v -7.8 1.7 -1.4
v -7.8 1.8 -1.4
v -7.8 1.9 -1.4
v -7.8 2 -1.4
v -7.8 2.1 -1.4
v -7.8 2.9 -1.4
v -7.8 3 -1.4
v -7.8 3.1 -1.4
v -7.8 4.8 -1.4
v -7.8 5.2 -1.4
v -7.8 6.6 -1.4
v -7.8 6.9 -1.4
v -7.8 8.9 -1.4
v -7.8 9 -1.4
v -7.8 9.1 -1.4
v -7.8 9.7 -1.4
v -7.8 9.8 -1.4
v -7.8 10.2 -1.4
v -7.7 1.3 -1.4
v -7.7 1.4 -1.4
v -7.7 2.1 -1.4
v -7.7 2.9 -1.4
v -7.7 4.7 -1.4
v -7.7 4.8 -1.4
v -7.7 5.2 -1.4
v -7.7 5.5 -1.4
v -7.7 6.5 -1.4
v -7.7 6.6 -1.4
v -7.7 6.8 -1.4
v -7.7 6.9 -1.4
v -7.7 7.1 -1.4
v -7.7 9.7 -1.4
v -7.7 9.8 -1.4
v -7.7 10.2 -1.4
v -7.7 11.2 -1.4
v -7.7 11.3 -1.4
v -7.6 1.4 -1.4
v -7.6 1.5 -1.4
v -7.6 1.6 -1.4
v -7.6 1.9 -1.4
v -7.6 2 -1.4
v -7.6 2.1 -1.4
v -7.6 2.7 -1.4
v -7.6 2.8 -1.4
v -7.6 2.9 -1.4
v -7.6 4.5 -1.4
v -7.6 4.7 -1.4
v -7.6 4.8 -1.4
v -7.6 5.2 -1.4
v -7.6 5.5 -1.4
v -7.6 6.5 -1.4
v -7.6 6.6 -1.4
v -7.6 6.8 -1.4
v -7.6 7 -1.4
v -7.6 7.1 -1.4
v -7.6 7.2 -1.4
v -7.6 7.8 -1.4
v -7.6 7.9 -1.4
v -7.6 8.6 -1.4
v -7.6 8.7 -1.4
v -7.6 8.8 -1.4
v -7.6 8.9 -1.4
v -7.6 9.7 -1.4
v -7.6 9.9 -1.4
v -7.6 10.2 -1.4
v -7.6 10.9 -1.4
v -7.6 11.1 -1.4
v -7.6 11.2 -1.4
v -7.6 11.3 -1.4
v -7.6 11.4 -1.4
v -7.5 1.1 -1.4
v -7.5 1.2 -1.4
v -7.5 2.5 -1.4
v -7.5 2.7 -1.4
v -7.5 2.8 -1.4
v -7.5 3.6 -1.4
v -7.5 3.7 -1.4
v -7.5 4.4 -1.4
v -7.5 4.5 -1.4
v -7.5 4.7 -1.4
v -7.5 5 -1.4
v -7.5 5.1 -1.4
v -7.5 5.2 -1.4
v -7.5 6.6 -1.4
v -7.5 6.8 -1.4
v -7.5 7 -1.4
v -7.5 7.2 -1.4
v -7.5 7.3 -1.4
v -7.5 9.9 -1.4
v -7.5 10.2 -1.4
v -7.5 10.9 -1.4
v -7.5 11.2 -1.4
v -7.5 11.3 -1.4
v -7.5 11.4 -1.4
v -7.5 11.5 -1.4
v -7.4 1.5 -1.4
v -7.4 1.6 -1.4
v -7.4 1.7 -1.4
v -7.4 2.3 -1.4
v -7.4 2.5 -1.4
v -7.4 2.7 -1.4
v -7.4 4.3 -1.4
v -7.4 4.4 -1.4
v -7.4 4.5 -1.4
v -7.4 4.9 -1.4
v -7.4 5 -1.4
v -7.4 5.1 -1.4
v -7.4 5.2 -1.4
v -7.4 5.8 -1.4
v -7.4 6.3 -1.4
v -7.4 6.5 -1.4
v -7.4 6.6 -1.4
v -7.4 6.8 -1.4
v -7.4 6.9 -1.4
v -7.4 7.3 -1.4
v -7.4 7.4 -1.4
v -7.4 11.3 -1.4
v -7.4 11.4 -1.4
v -7.4 11.5 -1.4
v -7.4 11.6 -1.4
v -7.3 1.6 -1.4
v -7.3 1.7 -1.4
v -7.3 2 -1.4
v -7.3 2.1 -1.4
v -7.3 2.3 -1.4
v -7.3 2.5 -1.4
v -7.3 2.7 -1.4
v -7.3 4.2 -1.4
v -7.3 4.3 -1.4
v -7.3 4.4 -1.4
v -7.3 4.7 -1.4
v -7.3 4.9 -1.4
v -7.3 5 -1.4
v -7.3 5.1 -1.4
v -7.3 5.2 -1.4
v -7.3 6.2 -1.4
v -7.3 6.3 -1.4
v -7.3 6.5 -1.4
v -7.3 6.6 -1.4
v -7.3 6.8 -1.4
v -7.3 6.9 -1.4
v -7.3 7 -1.4
v -7.3 7.2 -1.4
v -7.3 7.3 -1.4
v -7.3 7.4 -1.4
v -7.3 7.5 -1.4
v -7.3 9.9 -1.4
v -7.3 10.6 -1.4
v -7.3 11.4 -1.4
v -7.2 1.1 -1.4
v -7.2 1.2 -1.4
v -7.2 1.5 -1.4
v -7.2 1.6 -1.4
v -7.2 2.5 -1.4
v -7.2 2.7 -1.4
v -7.2 2.8 -1.4
v -7.2 4.6 -1.4
v -7.2 4.7 -1.4
v -7.2 4.9 -1.4
v -7.2 6.6 -1.4
v -7.2 6.8 -1.4
v -7.2 6.9 -1.4
v -7.2 7 -1.4
v -7.2 7.1 -1.4
v -7.2 7.3 -1.4
v -7.2 7.4 -1.4
v -7.2 9.9 -1.4
v -7.2 10.6 -1.4
v -7.2 11.4 -1.4
v -7.2 11.5 -1.4
v -7.1 1.7 -1.4
v -7.1 1.8 -1.4
v -7.1 1.9 -1.4
v -7.1 2.1 -1.4
v -7.1 2.7 -1.4
v -7.1 2.8 -1.4
v -7.1 2.9 -1.4
v -7.1 4.1 -1.4
v -7.1 4.2 -1.4
v -7.1 4.3 -1.4
v -7.1 4.5 -1.4
v -7.1 4.6 -1.4
v -7.1 4.7 -1.4
v -7.1 5.7 -1.4
v -7.1 5.8 -1.4
v -7.1 6.1 -1.4
v -7.1 6.2 -1.4
v -7.1 6.8 -1.4
v -7.1 6.9 -1.4
v -7.1 7.5 -1.4
v -7.1 7.6 -1.4
v -7.1 9.9 -1.4
v -7.1 10.3 -1.4
v -7.1 11.1 -1.4
v -7.1 11.2 -1.4
v -7.1 11.3 -1.4
v -7.1 11.4 -1.4
v -7 1.2 -1.4
v -7 1.3 -1.4
v -7 2 -1.4
v -7 2.1 -1.4
v -7 2.9 -1.4
v -7 4.4 -1.4
v -7 4.5 -1.4
v -7 4.6 -1.4
v -7 5.1 -1.4
v -7 5.2 -1.4
v -7 5.7 -1.4
v -7 5.8 -1.4
v -7 5.9 -1.4
v -7 6.1 -1.4
v -7 7 -1.4
v -7 7.1 -1.4
v -7 7.2 -1.4
v -7 7.4 -1.4
v -7 7.5 -1.4
v -7 9.9 -1.4
v -7 10.3 -1.4
v -7 10.8 -1.4
v -7 11.4 -1.4
v -7 11.5 -1.4
v -6.9 1.3 -1.4
v -6.9 1.4 -1.4
v -6.9 1.8 -1.4
v -6.9 1.9 -1.4
v -6.9 2.1 -1.4
v -6.9 2.2 -1.4
v -6.9 4 -1.4
v -6.9 4.1 -1.4
v -6.9 4.2 -1.4
v -6.9 5.7 -1.4
v -6.9 5.8 -1.4
v -6.9 6 -1.4
v -6.9 6.2 -1.4
v -6.9 6.6 -1.4
v -6.9 6.9 -1.4
v -6.9 7.1 -1.4
v -6.9 7.2 -1.4
v -6.9 7.3 -1.4
v -6.9 7.6 -1.4
v -6.9 7.7 -1.4
v -6.9 9.9 -1.4
v -6.9 10.3 -1.4
v -6.9 10.8 -1.4
v -6.9 10.9 -1.4
v -6.9 11.1 -1.4
v -6.9 11.2 -1.4
v -6.9 11.3 -1.4
v -6.9 11.4 -1.4
v -6.9 11.5 -1.4
v -6.9 11.6 -1.4
v -6.8 1.1 -1.4
v -6.8 1.2 -1.4
v -6.8 2 -1.4
v -6.8 2.1 -1.4
v -6.8 2.2 -1.4
v -6.8 2.8 -1.4
v -6.8 4.3 -1.4
v -6.8 4.4 -1.4
v -6.8 4.5 -1.4
v -6.8 4.6 -1.4
v -6.8 4.9 -1.4
v -6.8 5.2 -1.4
v -6.8 5.7 -1.4
v -6.8 5.9 -1.4
v -6.8 6 -1.4
v -6.8 6.2 -1.4
v -6.8 6.3 -1.4
v -6.8 6.4 -1.4
v -6.8 6.6 -1.4
v -6.8 7.2 -1.4
v -6.8 7.3 -1.4
v -6.8 7.4 -1.4
v -6.8 7.5 -1.4
v -6.8 7.6 -1.4
v -6.8 9.9 -1.4
v -6.8 10.3 -1.4
v -6.8 10.4 -1.4
v -6.8 10.8 -1.4
v -6.8 11.1 -1.4
v -6.8 11.2 -1.4
v -6.7 1.9 -1.4
v -6.7 2 -1.4
v -6.7 2.1 -1.4
v -6.7 2.2 -1.4
v -6.7 2.8 -1.4
v -6.7 2.9 -1.4
v -6.7 3.8 -1.4
v -6.7 4 -1.4
v -6.7 4.1 -1.4
v -6.7 4.2 -1.4
v -6.7 4.3 -1.4
v -6.7 4.4 -1.4
v -6.7 4.9 -1.4
v -6.7 5 -1.4
v -6.7 5.6 -1.4
v -6.7 6.1 -1.4
v -6.7 6.3 -1.4
v -6.7 6.4 -1.4
v -6.7 6.8 -1.4
v -6.7 7.1 -1.4
v -6.7 7.4 -1.4
v -6.7 7.5 -1.4
v -6.7 9.9 -1.4
v -6.7 10.4 -1.4
v -6.7 10.8 -1.4
v -6.6 1.9 -1.4
v -6.6 2 -1.4
v -6.6 4.1 -1.4
v -6.6 4.2 -1.4
v -6.6 4.5 -1.4
v -6.6 4.6 -1.4
v -6.6 5 -1.4
v -6.6 5.1 -1.4
v -6.6 5.4 -1.4
v -6.6 5.6 -1.4
v -6.6 5.7 -1.4
v -6.6 5.9 -1.4
v -6.6 6.1 -1.4
v -6.6 6.2 -1.4
v -6.6 6.6 -1.4
v -6.6 6.8 -1.4
v -6.6 7.1 -1.4
v -6.6 7.2 -1.4
v -6.6 10.9 -1.4
v -6.6 11.1 -1.4
v -6.6 11.3 -1.4
v -6.6 11.4 -1.4
v -6.5 5.6 -1.4
v -6.5 5.7 -1.4
v -6.5 5.9 -1.4
v -6.5 6 -1.4
v -6.5 6.2 -1.4
v -6.5 6.3 -1.4
v -6.5 6.4 -1.4
v -6.5 6.6 -1.4
v -6.5 11.3 -1.4
v -6.5 11.4 -1.4
v -6.4 1.5 -1.4
v -6.4 1.6 -1.4
v -6.4 1.8 -1.4
v -6.4 1.9 -1.4
v -6.4 2.1 -1.4
v -6.4 2.2 -1.4
v -6.4 2.8 -1.4
v -6.4 2.9 -1.4
v -6.4 5 -1.4
v -6.4 5.1 -1.4
v -6.4 5.2 -1.4
v -6.4 5.4 -1.4
v -6.4 6.3 -1.4
v -6.4 6.4 -1.4
v -6.4 6.5 -1.4
v -6.4 10.1 -1.4
v -6.4 10.2 -1.4
v -6.4 10.5 -1.4
v -6.4 11.1 -1.4
v -6.3 1.7 -1.4
v -6.3 1.8 -1.4
v -6.3 2.2 -1.4
v -6.3 2.8 -1.4
v -6.3 4.5 -1.4
v -6.3 4.9 -1.4
v -6.3 5.1 -1.4
v -6.3 5.2 -1.4
v -6.3 5.4 -1.4
v -6.3 5.6 -1.4
v -6.3 6 -1.4
v -6.3 6.2 -1.4
v -6.3 9.9 -1.4
v -6.3 10 -1.4
v -6.3 10.2 -1.4
v -6.3 10.4 -1.4
v -6.3 10.5 -1.4
v -6.3 11.1 -1.4
v -6.3 11.3 -1.4
v -6.3 11.4 -1.4
v -6.3 11.5 -1.4
v -6.3 11.6 -1.4
v -6.2 1.6 -1.4
v -6.2 1.7 -1.4
v -6.2 2.1 -1.4
v -6.2 2.2 -1.4
v -6.2 2.8 -1.4
v -6.2 4.9 -1.4
v -6.2 5 -1.4
v -6.2 5.2 -1.4
v -6.2 5.4 -1.4
v -6.2 6.2 -1.4
v -6.2 6.3 -1.4
v -6.2 6.5 -1.4
v -6.2 6.9 -1.4
v -6.2 9.9 -1.4
v -6.2 10 -1.4
v -6.2 10.2 -1.4
v -6.2 10.3 -1.4
v -6.2 10.6 -1.4
v -6.2 10.7 -1.4
v -6.2 11.2 -1.4
v -6.2 11.3 -1.4
v -6.2 11.5 -1.4
v -6.2 11.6 -1.4
v -6.1 1.6 -1.4
v -6.1 1.7 -1.4
v -6.1 1.8 -1.4
v -6.1 2.1 -1.4
v -6.1 2.2 -1.4
v -6.1 2.5 -1.4
v -6.1 2.6 -1.4
v -6.1 2.8 -1.4
v -6.1 2.9 -1.4
v -6.1 6.9 -1.4
v -6.1 7.1 -1.4
v -6.1 9.9 -1.4
v -6.1 10 -1.4
v -6.1 10.2 -1.4
v -6.1 10.3 -1.4
v -6.1 10.4 -1.4
v -6.1 10.5 -1.4
v -6.1 10.6 -1.4
v -6.1 10.7 -1.4
v -6.1 10.8 -1.4
v -6.1 11.1 -1.4
v -6.1 11.3 -1.4
v -6.1 11.4 -1.4
v -6 5.2 -1.4
v -6 5.4 -1.4
v -6 6.2 -1.4
v -6 6.3 -1.4
v -6 7.1 -1.4
v -6 7.2 -1.4
v -6 10.3 -1.4
v -6 10.4 -1.4
v -6 10.6 -1.4
v -6 10.7 -1.4
v -6 11.1 -1.4
v -6 11.2 -1.4
v -5.9 2.2 -1.4
v -5.9 2.3 -1.4
v -5.9 2.5 -1.4
v -5.9 2.6 -1.4
v -5.9 4.5 -1.4
v -5.9 4.7 -1.4
v -5.9 4.9 -1.4
v -5.9 5 -1.4
v -5.9 5.1 -1.4
v -5.9 5.2 -1.4
v -5.9 5.4 -1.4
v -5.9 5.6 -1.4
v -5.9 6 -1.4
v -5.9 6.2 -1.4
v -5.9 6.3 -1.4
v -5.9 6.4 -1.4
v -5.9 6.5 -1.4
v -5.9 6.6 -1.4
v -5.9 9 -1.4
v -5.9 9.6 -1.4
v -5.9 9.9 -1.4
v -5.9 10 -1.4
v -5.9 10.5 -1.4
v -5.9 10.6 -1.4
v -5.9 10.8 -1.4
v -5.9 10.9 -1.4
v -5.8 1.6 -1.4
v -5.8 1.7 -1.4
v -5.8 1.8 -1.4
v -5.8 2.1 -1.4
v -5.8 2.2 -1.4
v -5.8 2.3 -1.4
v -5.8 2.7 -1.4
v -5.8 2.8 -1.4
v -5.8 2.9 -1.4
v -5.8 4.1 -1.4
v -5.8 4.2 -1.4
v -5.8 4.7 -1.4
v -5.8 4.9 -1.4
v -5.8 5 -1.4
v -5.8 5.1 -1.4
v -5.8 5.2 -1.4
v -5.8 5.4 -1.4
v -5.8 6.4 -1.4
v -5.8 6.5 -1.4
v -5.8 6.6 -1.4
v -5.8 6.8 -1.4
v -5.8 7.4 -1.4
v -5.8 7.5 -1.4
v -5.8 9.2 -1.4
v -5.8 9.4 -1.4
v -5.8 10 -1.4
v -5.8 10.1 -1.4
v -5.8 10.3 -1.4
v -5.8 10.4 -1.4
v -5.8 10.5 -1.4
v -5.8 10.6 -1.4
v -5.8 11.4 -1.4
v -5.8 11.5 -1.4
v -5.7 1.6 -1.4
v -5.7 1.9 -1.4
v -5.7 2.2 -1.4
v -5.7 2.3 -1.4
v -5.7 2.7 -1.4
v -5.7 2.8 -1.4
v -5.7 4.2 -1.4
v -5.7 4.3 -1.4
v -5.7 4.4 -1.4
v -5.7 5.1 -1.4
v -5.7 5.2 -1.4
v -5.7 5.6 -1.4
v -5.7 5.7 -1.4
v -5.7 5.9 -1.4
v -5.7 6 -1.4
v -5.7 6.1 -1.4
v -5.7 6.3 -1.4
v -5.7 6.4 -1.4
v -5.7 6.8 -1.4
v -5.7 6.9 -1.4
v -5.7 9.1 -1.4
v -5.7 9.2 -1.4
v -5.7 9.4 -1.4
v -5.7 9.5 -1.4
v -5.7 10.5 -1.4
v -5.7 10.6 -1.4
v -5.7 11.2 -1.4
v -5.7 11.4 -1.4
v -5.6 1.6 -1.4
v -5.6 1.7 -1.4
v -5.6 2.5 -1.4
v -5.6 2.6 -1.4
v -5.6 3.8 -1.4
v -5.6 4 -1.4
v -5.6 4.1 -1.4
v -5.6 4.3 -1.4
v -5.6 4.4 -1.4
v -5.6 4.5 -1.4
v -5.6 4.6 -1.4
v -5.6 5.4 -1.4
v -5.6 5.6 -1.4
v -5.6 5.7 -1.4
v -5.6 5.9 -1.4
v -5.6 6.9 -1.4
v -5.6 7 -1.4
v -5.6 7.2 -1.4
v -5.6 7.3 -1.4
v -5.6 7.4 -1.4
v -5.6 10.3 -1.4
v -5.6 10.4 -1.4
v -5.6 10.5 -1.4
v -5.6 10.6 -1.4
v -5.6 10.8 -1.4
v -5.6 10.9 -1.4
v -5.5 1.8 -1.4
v -5.5 1.9 -1.4
v -5.5 4.4 -1.4
v -5.5 4.5 -1.4
v -5.5 4.6 -1.4
v -5.5 4.7 -1.4
v -5.5 5.1 -1.4
v -5.5 5.2 -1.4
v -5.5 5.6 -1.4
v -5.5 6.1 -1.4
v -5.5 7.5 -1.4
v -5.5 7.6 -1.4
v -5.5 9.9 -1.4
v -5.5 10 -1.4
v -5.5 10.2 -1.4
v -5.5 10.3 -1.4
v -5.5 11.2 -1.4
v -5.5 11.4 -1.4
v -5.4 1.6 -1.4
v -5.4 1.7 -1.4
v -5.4 1.8 -1.4
v -5.4 4 -1.4
v -5.4 4.1 -1.4
v -5.4 4.2 -1.4
v -5.4 4.7 -1.4
v -5.4 4.8 -1.4
v -5.4 5 -1.4
v -5.4 5.1 -1.4
v -5.4 5.6 -1.4
v -5.4 6 -1.4
v -5.4 6.3 -1.4
v -5.4 6.4 -1.4
v -5.4 7.1 -1.4
v -5.4 7.2 -1.4
v -5.4 7.3 -1.4
v -5.4 7.4 -1.4
v -5.4 7.5 -1.4
v -5.4 7.6 -1.4
v -5.4 7.7 -1.4
v -5.4 10.5 -1.4
v -5.4 10.6 -1.4
v -5.4 10.7 -1.4
v -5.4 10.8 -1.4
v -5.4 11.1 -1.4
v -5.4 11.2 -1.4
v -5.4 11.4 -1.4
v -5.3 1.6 -1.4
v -5.3 1.7 -1.4
v -5.3 4.5 -1.4
v -5.3 4.6 -1.4
v -5.3 4.7 -1.4
v -5.3 4.8 -1.4
v -5.3 4.9 -1.4
v -5.3 6.8 -1.4
v -5.3 7 -1.4
v -5.3 7.1 -1.4
v -5.3 7.2 -1.4
v -5.3 10.7 -1.4
v -5.3 10.8 -1.4
v -5.3 11.1 -1.4
v -5.3 11.2 -1.4
v -5.2 2.5 -1.4
v -5.2 2.6 -1.4
v -5.2 4.1 -1.4
v -5.2 4.2 -1.4
v -5.2 4.3 -1.4
v -5.2 4.6 -1.4
v -5.2 4.7 -1.4
v -5.2 4.8 -1.4
v -5.2 4.9 -1.4
v -5.2 5 -1.4
v -5.2 5.5 -1.4
v -5.2 5.6 -1.4
v -5.2 6.6 -1.4
v -5.2 6.8 -1.4
v -5.2 6.9 -1.4
v -5.2 7 -1.4
v -5.2 7.1 -1.4
v -5.2 7.5 -1.4
v -5.2 7.6 -1.4
v -5.2 9.9 -1.4
v -5.2 10 -1.4
v -5.1 2.2 -1.4
v -5.1 2.8 -1.4
v -5.1 4.2 -1.4
v -5.1 4.3 -1.4
v -5.1 4.4 -1.4
v -5.1 4.7 -1.4
v -5.1 4.8 -1.4
v -5.1 4.9 -1.4
v -5.1 5.4 -1.4
v -5.1 5.5 -1.4
v -5.1 6.4 -1.4
v -5.1 6.6 -1.4
v -5.1 6.7 -1.4
v -5.1 6.8 -1.4
v -5.1 6.9 -1.4
v -5.1 7 -1.4
v -5.1 7.3 -1.4
v -5.1 7.4 -1.4
v -5.1 10.2 -1.4
v -5.1 10.3 -1.4
v -5.1 10.6 -1.4
v -5.1 10.7 -1.4
v -5.1 10.8 -1.4
v -5 2.1 -1.4
v -5 2.2 -1.4
v -5 2.3 -1.4
v -5 2.8 -1.4
v -5 2.9 -1.4
v -5 4.3 -1.4
v -5 4.4 -1.4
v -5 4.5 -1.4
v -5 4.8 -1.4
v -5 4.9 -1.4
v -5 5 -1.4
v -5 5.4 -1.4
v -5 6 -1.4
v -5 6.5 -1.4
v -5 6.6 -1.4
v -5 6.7 -1.4
v -5 6.8 -1.4
v -5 6.9 -1.4
v -5 7.2 -1.4
v -5 7.3 -1.4
v -5 7.4 -1.4
v -5 7.5 -1.4
v -4.9 1.2 -1.4
v -4.9 1.3 -1.4
v -4.9 1.4 -1.4
v -4.9 1.6 -1.4
v -4.9 1.7 -1.4
v -4.9 3.6 -1.4
v -4.9 3.7 -1.4
v -4.9 4.4 -1.4
v -4.9 4.5 -1.4
v -4.9 4.6 -1.4
v -4.9 4.9 -1.4
v -4.9 5 -1.4
v -4.9 6.5 -1.4
v -4.9 6.6 -1.4
v -4.9 7.1 -1.4
v -4.9 7.2 -1.4
v -4.9 7.4 -1.4
v -4.9 10.4 -1.4
v -4.9 10.5 -1.4
v -4.9 11.2 -1.4
v -4.9 11.4 -1.4
v -4.8 4.5 -1.4
v -4.8 4.6 -1.4
v -4.8 4.7 -1.4
v -4.8 5 -1.4
v -4.8 5.2 -1.4
v -4.8 6.4 -1.4
v -4.8 6.5 -1.4
v -4.8 7 -1.4
v -4.8 7.1 -1.4
v -4.8 7.2 -1.4
v -4.8 7.7 -1.4
v -4.8 7.8 -1.4
v -4.8 10 -1.4
v -4.8 10.1 -1.4
v -4.8 10.4 -1.4
v -4.8 10.5 -1.4
v -4.7 2.1 -1.4
v -4.7 2.2 -1.4
v -4.7 2.3 -1.4
v -4.7 2.8 -1.4
v -4.7 2.9 -1.4
v -4.7 4.6 -1.4
v -4.7 4.7 -1.4
v -4.7 4.8 -1.4
v -4.7 5.2 -1.4
v -4.7 6.4 -1.4
v -4.7 6.8 -1.4
v -4.7 7 -1.4
v -4.7 7.1 -1.4
v -4.7 9.9 -1.4
v -4.7 10 -1.4
v -4.7 10.3 -1.4
v -4.7 10.4 -1.4
v -4.7 10.5 -1.4
v -4.7 10.6 -1.4
v -4.7 10.7 -1.4
v -4.7 10.8 -1.4
v -4.7 11.1 -1.4
v -4.7 11.4 -1.4
v -4.7 11.5 -1.4
v -4.6 1.6 -1.4
v -4.6 1.7 -1.4
v -4.6 2.2 -1.4
v -4.6 2.6 -1.4
v -4.6 2.8 -1.4
v -4.6 4.7 -1.4
v -4.6 4.8 -1.4
v -4.6 5.2 -1.4
v -4.6 6.6 -1.4
v -4.6 6.8 -1.4
v -4.6 7 -1.4
v -4.6 9.9 -1.4
v -4.6 10 -1.4
v -4.6 10.6 -1.4
v -4.6 10.7 -1.4
v -4.6 10.8 -1.4
v -4.6 10.9 -1.4
v -4.6 11.2 -1.4
v -4.6 11.4 -1.4
v -4.5 1.5 -1.4
v -4.5 1.6 -1.4
v -4.5 2.1 -1.4
v -4.5 2.2 -1.4
v -4.5 2.6 -1.4
v -4.5 4.8 -1.4
v -4.5 5.2 -1.4
v -4.5 6.6 -1.4
v -4.5 6.8 -1.4
v -4.5 9.1 -1.4
v -4.5 9.5 -1.4
v -4.5 9.9 -1.4
v -4.5 10 -1.4
v -4.5 11.4 -1.4
v -4.5 11.5 -1.4
v -4.4 2.2 -1.4
v -4.4 2.9 -1.4
v -4.4 3.7 -1.4
v -4.4 3.8 -1.4
v -4.4 5.2 -1.4
v -4.4 6.6 -1.4
v -4.4 9 -1.4
v -4.4 9.4 -1.4
v -4.4 9.5 -1.4
v -4.4 9.6 -1.4
v -4.4 10.1 -1.4
v -4.4 10.2 -1.4
v -4.4 11.5 -1.4
v -4.4 11.6 -1.4
v -4.3 2.2 -1.4
v -4.3 2.7 -1.4
v -4.3 2.8 -1.4
v -4.3 2.9 -1.4
v -4.3 3.8 -1.4
v -4.3 4.4 -1.4
v -4.3 7.6 -1.4
v -4.3 7.7 -1.4
v -4.3 8.7 -1.4
v -4.3 8.9 -1.4
v -4.3 9.4 -1.4
v -4.3 9.5 -1.4
v -4.3 9.7 -1.4
v -4.3 9.8 -1.4
v -4.3 9.9 -1.4
v -4.3 10 -1.4
v -4.3 10.3 -1.4
v -4.3 10.4 -1.4
v -4.2 1.7 -1.4
v -4.2 1.8 -1.4
v -4.2 2.1 -1.4
v -4.2 2.2 -1.4
v -4.2 2.6 -1.4
v -4.2 2.7 -1.4
v -4.2 2.8 -1.4
v -4.2 3.6 -1.4
v -4.2 4.4 -1.4
v -4.2 7 -1.4
v -4.2 7.6 -1.4
v -4.2 9.8 -1.4
v -4.2 10 -1.4
v -4.2 10.3 -1.4
v -4.2 10.4 -1.4
v -4.2 10.5 -1.4
v -4.2 10.8 -1.4
v -4.2 10.9 -1.4
v -4.1 1.6 -1.4
v -4.1 1.7 -1.4
v -4.1 1.8 -1.4
v -4.1 1.9 -1.4
v -4.1 2.1 -1.4
v -4.1 2.2 -1.4
v -4.1 2.6 -1.4
v -4.1 2.7 -1.4
v -4.1 7 -1.4
v -4.1 7.8 -1.4
v -4.1 8.9 -1.4
v -4.1 9 -1.4
v -4.1 9.1 -1.4
v -4.1 9.4 -1.4
v -4.1 9.5 -1.4
v -4.1 9.7 -1.4
v -4.1 10.1 -1.4
v -4.1 10.2 -1.4
v -4.1 10.3 -1.4
v -4.1 10.4 -1.4
v -4.1 10.6 -1.4
v -4.1 10.7 -1.4
v -4.1 10.8 -1.4
v -4.1 10.9 -1.4
v -4 3.5 -1.4
v -4 3.6 -1.4
v -4 7.9 -1.4
v -4 8 -1.4
v -4 10 -1.4
v -4 10.1 -1.4
v -4 10.2 -1.4
v -4 10.6 -1.4
v -4 10.7 -1.4
v -4 10.8 -1.4
v -3.9 1.9 -1.4
v -3.9 2.1 -1.4
v -3.9 2.2 -1.4
v -3.9 2.7 -1.4
v -3.9 3.1 -1.4
v -3.9 3.2 -1.4
v -3.9 3.4 -1.4
v -3.9 3.5 -1.4
v -3.9 3.6 -1.4
v -3.9 7.9 -1.4
v -3.9 8 -1.4
v -3.9 8.2 -1.4
v -3.9 8.4 -1.4
v -3.9 8.5 -1.4
v -3.9 8.8 -1.4
v -3.9 9 -1.4
v -3.9 9.2 -1.4
v -3.9 9.3 -1.4
v -3.9 10 -1.4
v -3.9 10.4 -1.4
v -3.9 10.5 -1.4
v -3.9 11.4 -1.4
v -3.9 11.5 -1.4
v -3.8 2.2 -1.4
v -3.8 2.7 -1.4
v -3.8 2.8 -1.4
v -3.8 2.9 -1.4
v -3.8 3.2 -1.4
v -3.8 3.3 -1.4
v -3.8 3.5 -1.4
v -3.8 8 -1.4
v -3.8 8.3 -1.4
v -3.8 8.4 -1.4
v -3.8 9.5 -1.4
v -3.8 9.8 -1.4
v -3.8 10 -1.4
v -3.8 10.2 -1.4
v -3.8 10.3 -1.4
v -3.8 10.4 -1.4
v -3.8 10.8 -1.4
v -3.8 10.9 -1.4
v -3.8 11.1 -1.4
v -3.8 11.4 -1.4
v -3.8 11.5 -1.4
v -3.7 2.1 -1.4
v -3.7 2.2 -1.4
v -3.7 2.7 -1.4
v -3.7 2.8 -1.4
v -3.7 2.9 -1.4
v -3.7 3.2 -1.4
v -3.7 3.3 -1.4
v -3.7 3.4 -1.4
v -3.7 8.2 -1.4
v -3.7 8.3 -1.4
v -3.7 9 -1.4
v -3.7 9.1 -1.4
v -3.7 9.2 -1.4
v -3.7 9.3 -1.4
v -3.7 10.2 -1.4
v -3.7 10.3 -1.4
v -3.7 10.6 -1.4
v -3.7 10.7 -1.4
v -3.6 3.2 -1.4
v -3.6 3.4 -1.4
v -3.6 4.7 -1.4
v -3.6 4.9 -1.4
v -3.6 7.1 -1.4
v -3.6 7.5 -1.4
v -3.6 7.7 -1.4
v -3.6 7.8 -1.4
v -3.6 8.2 -1.4
v -3.6 8.4 -1.4
v -3.6 8.5 -1.4
v -3.6 8.6 -1.4
v -3.6 8.7 -1.4
v -3.6 8.8 -1.4
v -3.6 9.4 -1.4
v -3.6 9.5 -1.4
v -3.6 9.8 -1.4
v -3.6 9.9 -1.4
v -3.6 10 -1.4
v -3.6 10.1 -1.4
v -3.6 10.2 -1.4
v -3.6 11.1 -1.4
v -3.6 11.2 -1.4
v -3.6 11.5 -1.4
v -3.6 11.6 -1.4
v -3.5 4.7 -1.4
v -3.5 4.8 -1.4
v -3.5 4.9 -1.4
v -3.5 7.1 -1.4
v -3.5 7.2 -1.4
v -3.5 7.4 -1.4
v -3.5 7.5 -1.4
v -3.5 8.2 -1.4
v -3.5 8.3 -1.4
v -3.5 9.5 -1.4
v -3.5 9.7 -1.4
v -3.5 10.2 -1.4
v -3.5 10.3 -1.4
v -3.5 11.3 -1.4
v -3.5 11.4 -1.4
v -3.5 11.5 -1.4
v -3.4 4.7 -1.4
v -3.4 4.8 -1.4
v -3.4 8.3 -1.4
v -3.4 8.4 -1.4
v -3.4 9.9 -1.4
v -3.4 10 -1.4
v -3.4 10.4 -1.4
v -3.4 10.5 -1.4
v -3.4 11.3 -1.4
v -3.4 11.4 -1.4
v -3.3 7.2 -1.4
v -3.3 7.3 -1.4
v -3.3 7.7 -1.4
v -3.3 7.8 -1.4
v -3.3 8.6 -1.4
v -3.3 8.7 -1.4
v -3.3 9.2 -1.4
v -3.3 9.3 -1.4
v -3.3 9.4 -1.4
v -3.3 9.5 -1.4
v -3.3 10 -1.4
v -3.3 10.1 -1.4
v -3.3 11.2 -1.4
v -3.3 11.3 -1.4
v -3.2 0.4 -1.4
v -3.2 1.3 -1.4
v -3.2 1.4 -1.4
v -3.2 1.5 -1.4
v -3.2 1.6 -1.4
v -3.2 1.7 -1.4
v -3.2 1.8 -1.4
v -3.2 7.3 -1.4
v -3.2 7.4 -1.4
v -3.2 8.4 -1.4
v -3.2 8.5 -1.4
v -3.2 8.6 -1.4
v -3.2 9 -1.4
v -3.2 9.1 -1.4
v -3.2 9.2 -1.4
v -3.2 9.4 -1.4
v -3.2 9.5 -1.4
v -3.2 9.7 -1.4
v -3.2 10.1 -1.4
v -3.2 10.3 -1.4
v -3.2 10.4 -1.4
v -3.2 10.5 -1.4
v -3.2 10.6 -1.4
v -3.2 10.7 -1.4
v -3.2 10.8 -1.4
v -3.2 10.9 -1.4
v -3.2 11.3 -1.4
v -3.2 11.4 -1.4
v -3.2 11.5 -1.4
v -3.2 11.6 -1.4
v -3.1 0.3 -1.4
v -3.1 11.7 -1.4
v -13.2 0.3 0.9
v -3.1 0.3 0.9
v -12.8 0.3 0.6
v -3.5 0.3 0.6
v -12.8 0.3 0
v -3.5 0.3 0
v -12.8 0.3 -0.1
v -3.5 0.3 -0.1
v -12.8 0.3 -0.4
v -3.5 0.3 -0.4
v -12.8 0.3 -0.5
v -3.5 0.3 -0.5
v -12.8 0.3 -1.1
v -3.5 0.3 -1.1
v -13.2 0.3 -1.4
v -3.1 0.3 -1.4
v -8.8 3 -1.2
v -8.6 3 -1.2
v -8.8 3 -1.3
v -8.6 3 -1.3
v -8.4 4.9 -1.2
v -8.3 4.9 -1.2
v -8.4 4.9 -1.3
v -8.3 4.9 -1.3
v -6.7 7.9 0.8
v -3.4 7.9 0.8
v -6.7 7.9 0.7
v -3.4 7.9 0.7
v -6.7 7.9 0.5
v -6.3 7.9 0.5
v -5.7 7.9 0.5
v -3.4 7.9 0.5
v -6.7 7.9 0.1
v -6.3 7.9 0.1
v -5.7 7.9 0.1
v -3.4 7.9 0.1
v -3.7 8.8 -1.2
v -3.2 8.8 -1.2
v -3.7 8.8 -1.3
v -3.6 8.8 -1.3
v -3.2 8.8 -1.3
v -5.9 9.2 0.9
v -5.6 9.2 0.9
v -5.9 9.2 0.8
v -5.6 9.2 0.8
v -5.9 9.2 0.5
v -5.6 9.2 0.5
v -5.9 9.2 0.1
v -5.6 9.2 0.1
v -4.9 10.4 0.9
v -4.6 10.4 0.9
v -4.4 10.4 0.9
v -4.3 10.4 0.9
v -4.9 10.4 0.8
v -4.6 10.4 0.8
v -4.4 10.4 0.8
v -4.3 10.4 0.8
v -4.9 10.4 0.5
v -4.3 10.4 0.5
v -4.9 10.4 0.1
v -4.3 10.4 0.1
v -8.8 2.1 -1.2
v -8.6 2.1 -1.2
v -8.8 2.1 -1.3
v -8.6 2.1 -1.3
v -3.7 3.5 -1.2
v -3.2 3.5 -1.2
v -3.7 3.5 -1.3
v -3.6 3.5 -1.3
v -3.2 3.5 -1.3
v -8.4 4.7 -1.2
v -8.3 4.7 -1.2
v -8.4 4.7 -1.3
v -8.3 4.7 -1.3
v -6.7 7.8 0.8
v -3.4 7.8 0.8
v -6.7 7.8 0.7
v -3.4 7.8 0.7
v -6.7 7.8 0.5
v -6.3 7.8 0.5
v -5.7 7.8 0.5
v -3.4 7.8 0.5
v -6.7 7.8 0.1
v -6.3 7.8 0.1
v -5.7 7.8 0.1
v -3.4 7.8 0.1
v -5.9 9.1 0.9
v -5.6 9.1 0.9
v -5.9 9.1 0.8
v -5.6 9.1 0.8
v -5.9 9.1 0.5
v -5.6 9.1 0.5
v -5.9 9.1 0.1
v -5.6 9.1 0.1
v -4.9 10.3 0.9
v -4.7 10.3 0.9
v -4.4 10.3 0.9
v -4.3 10.3 0.9
v -4.9 10.3 0.8
v -4.7 10.3 0.8
v -4.4 10.3 0.8
v -4.3 10.3 0.8
v -4.9 10.3 0.5
v -4.3 10.3 0.5
v -4.9 10.3 0.1
v -4.3 10.3 0.1
v -13.2 11.7 0.9
v -3.1 11.7 0.9
v -12.8 11.7 0.6
v -3.6 11.7 0.6
v -12.8 11.7 0
v -3.6 11.7 0
v -12.8 11.7 -0.1
v -3.6 11.7 -0.1
v -12.8 11.7 -0.4
v -3.7 11.7 -0.4
v -12.8 11.7 -0.5
v -3.7 11.7 -0.5
v -3.6 11.7 -0.5
v -12.8 11.7 -1.1
v -3.6 11.7 -1.1
v -13.2 11.7 -1.4
v -3.1 11.7 -1.4

# faces
f 3/29/1 2/29/1 1/29/1
f 4/29/1 2/29/1 3/29/1
f 5/29/1 2/29/1 4/29/1
f 6/29/1 2/29/1 5/29/1
f 7/29/1 2/29/1 6/29/1
f 8/29/1 2/29/1 7/29/1
f 9/29/1 3/29/1 1/29/1
f 9/32/1 4/32/1 3/32/1
f 10/28/1 5/28/1 4/28/1
f 10/32/1 4/32/1 9/32/1
f 11/31/1 6/31/1 5/31/1
f 11/28/1 5/28/1 10/28/1
f 12/28/1 7/28/1 6/28/1
f 12/31/1 6/31/1 11/31/1
f 13/32/1 8/32/1 7/32/1
f 13/28/1 7/28/1 12/28/1
f 14/29/1 2/29/1 8/29/1
f 14/32/1 8/32/1 13/32/1
f 15/29/1 13/29/1 12/29/1
f 15/29/1 12/29/1 11/29/1
f 15/29/1 14/29/1 13/29/1
f 15/29/1 11/29/1 10/29/1
f 15/29/1 10/29/1 9/29/1
f 15/29/1 9/29/1 1/29/1
f 16/29/1 2/29/1 14/29/1
f 16/29/1 14/29/1 15/29/1
f 19/32/1 18/32/1 17/32/1
f 20/32/1 19/32/1 17/32/1
f 21/32/1 19/32/1 20/32/1
f 24/20/1 23/20/1 22/20/1
f 25/20/1 23/20/1 24/20/1
f 30/2/1 27/2/1 26/2/1
f 31/32/1 28/32/1 27/32/1
f 31/2/1 27/2/1 30/2/1
f 32/7/1 29/7/1 28/7/1
f 32/32/1 28/32/1 31/32/1
f 33/7/1 29/7/1 32/7/1
f 38/31/1 35/31/1 34/31/1
f 39/32/1 36/32/1 35/32/1
f 39/31/1 35/31/1 38/31/1
f 40/7/1 37/7/1 36/7/1
f 40/32/1 36/32/1 39/32/1
f 41/7/1 37/7/1 40/7/1
f 46/7/1 43/7/1 42/7/1
f 47/32/1 44/32/1 43/32/1
f 47/7/1 43/7/1 46/7/1
f 48/7/1 45/7/1 44/7/1
f 48/32/1 44/32/1 47/32/1
f 49/7/1 45/7/1 48/7/1
f 52/29/1 51/29/1 50/29/1
f 53/29/1 52/29/1 50/29/1
f 54/29/1 53/29/1 50/29/1
f 55/29/1 54/29/1 50/29/1
f 56/29/1 55/29/1 50/29/1
f 57/29/1 56/29/1 50/29/1
f 58/29/1 56/29/1 57/29/1
f 59/7/2 60/7/2 61/7/2
f 59/7/2 61/7/2 62/7/2
f 62/7/2 61/7/2 63/7/2
f 64/20/2 65/20/2 66/20/2
f 66/20/2 65/20/2 67/20/2
f 68/31/2 69/31/2 72/31/2
f 69/32/2 70/32/2 73/32/2
f 72/31/2 69/31/2 73/31/2
f 70/7/2 71/7/2 74/7/2
f 73/32/2 70/32/2 74/32/2
f 74/7/2 71/7/2 75/7/2
f 76/25/2 77/25/2 80/25/2
f 77/32/2 78/32/2 81/32/2
f 80/25/2 77/25/2 81/25/2
f 78/7/2 79/7/2 82/7/2
f 81/32/2 78/32/2 82/32/2
f 82/7/2 79/7/2 83/7/2
f 84/2/2 85/2/2 88/2/2
f 85/32/2 86/32/2 89/32/2
f 88/2/2 85/2/2 89/2/2
f 86/7/2 87/7/2 90/7/2
f 89/32/2 86/32/2 90/32/2
f 90/7/2 87/7/2 91/7/2
f 92/7/2 93/7/2 94/7/2
f 92/7/2 94/7/2 95/7/2
f 92/7/2 95/7/2 96/7/2
f 96/7/2 95/7/2 97/7/2
f 98/29/2 99/29/2 100/29/2
f 100/29/2 99/29/2 101/29/2
f 101/29/2 99/29/2 102/29/2
f 102/29/2 99/29/2 103/29/2
f 103/29/2 99/29/2 104/29/2
f 102/31/2 103/31/2 105/31/2
f 103/32/2 104/32/2 106/32/2
f 105/31/2 103/31/2 106/31/2
f 98/29/2 100/29/2 107/29/2
f 100/32/2 101/32/2 107/32/2
f 101/28/2 102/28/2 108/28/2
f 107/32/2 101/32/2 108/32/2
f 102/31/2 105/31/2 109/31/2
f 108/28/2 102/28/2 109/28/2
f 105/28/2 106/28/2 110/28/2
f 109/31/2 105/31/2 110/31/2
f 106/32/2 104/32/2 111/32/2
f 110/28/2 106/28/2 111/28/2
f 104/29/2 99/29/2 112/29/2
f 111/32/2 104/32/2 112/32/2
f 109/29/2 110/29/2 113/29/2
f 108/29/2 109/29/2 113/29/2
f 111/29/2 112/29/2 113/29/2
f 107/29/2 108/29/2 113/29/2
f 110/29/2 111/29/2 113/29/2
f 98/29/2 107/29/2 113/29/2
f 112/29/2 99/29/2 114/29/2
f 113/29/2 112/29/2 114/29/2
f 117/29/3 116/29/3 115/29/3
f 118/29/3 116/29/3 117/29/3
f 119/29/3 116/29/3 118/29/3
f 120/29/3 116/29/3 119/29/3
f 121/29/3 116/29/3 120/29/3
f 122/29/3 116/29/3 121/29/3
f 123/29/3 116/29/3 122/29/3
f 124/29/3 116/29/3 123/29/3
f 125/29/3 116/29/3 124/29/3
f 126/29/3 116/29/3 125/29/3
f 127/29/3 116/29/3 126/29/3
f 128/29/3 116/29/3 127/29/3
f 129/29/3 116/29/3 128/29/3
f 130/29/3 116/29/3 129/29/3
f 131/29/3 116/29/3 130/29/3
f 132/29/3 116/29/3 131/29/3
f 133/29/3 116/29/3 132/29/3
f 134/29/3 116/29/3 133/29/3
f 135/29/3 116/29/3 134/29/3
f 136/29/3 116/29/3 135/29/3
f 137/29/3 116/29/3 136/29/3
f 138/29/3 116/29/3 137/29/3
f 139/29/3 116/29/3 138/29/3
f 140/29/3 116/29/3 139/29/3
f 141/29/3 116/29/3 140/29/3
f 142/29/3 116/29/3 141/29/3
f 143/29/3 116/29/3 142/29/3
f 144/29/3 116/29/3 143/29/3
f 145/29/3 116/29/3 144/29/3
f 146/29/3 116/29/3 145/29/3
f 147/29/3 116/29/3 146/29/3
f 148/29/3 116/29/3 147/29/3
f 149/29/3 116/29/3 148/29/3
f 150/29/3 116/29/3 149/29/3
f 151/29/3 116/29/3 150/29/3
f 152/29/3 116/29/3 151/29/3
f 153/29/3 116/29/3 152/29/3
f 154/33/3 125/33/3 124/33/3
f 154/32/3 126/32/3 125/32/3
f 155/32/3 126/32/3 154/32/3
f 156/32/3 126/32/3 155/32/3
f 157/32/3 126/32/3 156/32/3
f 158/31/3 127/31/3 126/31/3
f 158/32/3 126/32/3 157/32/3
f 159/33/3 128/33/3 127/33/3
f 159/31/3 127/31/3 158/31/3
f 160/31/3 129/31/3 128/31/3
f 160/33/3 128/33/3 159/33/3
f 161/31/3 129/31/3 160/31/3
f 162/32/3 130/32/3 129/32/3
f 163/31/3 131/31/3 130/31/3
f 163/32/3 130/32/3 162/32/3
f 164/32/3 141/32/3 140/32/3
f 165/31/3 142/31/3 141/31/3
f 165/32/3 141/32/3 164/32/3
f 166/35/3 144/35/3 143/35/3
f 166/28/3 145/28/3 144/28/3
f 167/35/3 146/35/3 145/35/3
f 167/28/3 145/28/3 166/28/3
f 168/29/3 151/29/3 150/29/3
f 169/27/3 152/27/3 151/27/3
f 169/29/3 151/29/3 168/29/3
f 170/32/3 118/32/3 117/32/3
f 171/32/3 118/32/3 170/32/3
f 172/32/3 118/32/3 171/32/3
f 173/32/3 118/32/3 172/32/3
f 174/32/3 118/32/3 173/32/3
f 175/30/3 119/30/3 118/30/3
f 175/32/3 118/32/3 174/32/3
f 176/32/3 124/32/3 123/32/3
f 177/32/3 124/32/3 176/32/3
f 178/32/3 124/32/3 177/32/3
f 179/32/3 124/32/3 178/32/3
f 180/33/3 154/33/3 124/33/3
f 180/32/3 124/32/3 179/32/3
f 181/33/3 154/33/3 180/33/3
f 182/31/3 155/31/3 154/31/3
f 182/33/3 154/33/3 181/33/3
f 183/32/3 156/32/3 155/32/3
f 183/31/3 155/31/3 182/31/3
f 184/33/3 157/33/3 156/33/3
f 184/32/3 156/32/3 183/32/3
f 185/42/3 159/42/3 158/42/3
f 185/42/3 160/42/3 159/42/3
f 185/42/3 161/42/3 160/42/3
f 186/42/3 161/42/3 185/42/3
f 187/42/3 161/42/3 186/42/3
f 188/42/3 161/42/3 187/42/3
f 189/31/3 129/31/3 161/31/3
f 189/42/3 161/42/3 188/42/3
f 190/31/3 129/31/3 189/31/3
f 191/32/3 162/32/3 129/32/3
f 191/31/3 129/31/3 190/31/3
f 192/31/3 163/31/3 162/31/3
f 192/32/3 162/32/3 191/32/3
f 193/29/3 139/29/3 138/29/3
f 193/35/3 140/35/3 139/35/3
f 194/32/3 164/32/3 140/32/3
f 194/35/3 140/35/3 193/35/3
f 195/28/3 143/28/3 142/28/3
f 196/35/3 166/35/3 143/35/3
f 196/28/3 143/28/3 195/28/3
f 197/29/3 168/29/3 150/29/3
f 197/27/3 169/27/3 168/27/3
f 198/27/3 152/27/3 169/27/3
f 198/27/3 169/27/3 197/27/3
f 199/32/3 153/32/3 152/32/3
f 199/27/3 152/27/3 198/27/3
f 200/32/3 170/32/3 117/32/3
f 201/1/3 171/1/3 170/1/3
f 201/32/3 170/32/3 200/32/3
f 202/32/3 172/32/3 171/32/3
f 202/1/3 171/1/3 201/1/3
f 203/32/3 172/32/3 202/32/3
f 204/32/3 174/32/3 173/32/3
f 205/2/3 175/2/3 174/2/3
f 205/32/3 174/32/3 204/32/3
f 206/30/3 119/30/3 175/30/3
f 206/2/3 175/2/3 205/2/3
f 207/32/3 178/32/3 177/32/3
f 208/32/3 178/32/3 207/32/3
f 209/32/3 178/32/3 208/32/3
f 210/32/3 178/32/3 209/32/3
f 211/32/3 178/32/3 210/32/3
f 212/31/3 179/31/3 178/31/3
f 212/32/3 178/32/3 211/32/3
f 213/33/3 181/33/3 180/33/3
f 213/31/3 179/31/3 212/31/3
f 213/33/3 180/33/3 179/33/3
f 214/33/3 181/33/3 213/33/3
f 215/31/3 183/31/3 182/31/3
f 215/33/3 181/33/3 214/33/3
f 215/31/3 182/31/3 181/31/3
f 216/31/3 158/31/3 157/31/3
f 217/42/3 185/42/3 158/42/3
f 217/31/3 158/31/3 216/31/3
f 218/42/3 185/42/3 217/42/3
f 219/24/3 186/24/3 185/24/3
f 219/42/3 185/42/3 218/42/3
f 220/23/3 187/23/3 186/23/3
f 220/24/3 186/24/3 219/24/3
f 221/21/3 188/21/3 187/21/3
f 221/23/3 187/23/3 220/23/3
f 222/21/3 188/21/3 221/21/3
f 223/42/3 190/42/3 189/42/3
f 223/21/3 188/21/3 222/21/3
f 223/42/3 189/42/3 188/42/3
f 224/42/3 190/42/3 223/42/3
f 225/31/3 192/31/3 191/31/3
f 225/42/3 190/42/3 224/42/3
f 225/31/3 191/31/3 190/31/3
f 226/31/3 192/31/3 225/31/3
f 227/37/3 132/37/3 131/37/3
f 227/31/3 192/31/3 226/31/3
f 227/31/3 163/31/3 192/31/3
f 227/31/3 131/31/3 163/31/3
f 228/31/3 133/31/3 132/31/3
f 228/37/3 132/37/3 227/37/3
f 229/32/3 134/32/3 133/32/3
f 229/31/3 133/31/3 228/31/3
f 230/32/3 134/32/3 229/32/3
f 231/31/3 138/31/3 137/31/3
f 231/29/3 193/29/3 138/29/3
f 232/32/3 194/32/3 193/32/3
f 232/29/3 193/29/3 231/29/3
f 233/32/3 164/32/3 194/32/3
f 233/32/3 194/32/3 232/32/3
f 234/31/3 165/31/3 164/31/3
f 234/32/3 164/32/3 233/32/3
f 235/31/3 142/31/3 165/31/3
f 235/31/3 165/31/3 234/31/3
f 236/28/3 195/28/3 142/28/3
f 236/31/3 142/31/3 235/31/3
f 237/29/3 196/29/3 195/29/3
f 237/28/3 195/28/3 236/28/3
f 238/28/3 150/28/3 149/28/3
f 239/29/3 197/29/3 150/29/3
f 239/28/3 150/28/3 238/28/3
f 239/29/3 198/29/3 197/29/3
f 240/32/3 153/32/3 199/32/3
f 240/32/3 199/32/3 198/32/3
f 241/29/3 116/29/3 153/29/3
f 241/32/3 153/32/3 240/32/3
f 242/1/3 177/1/3 176/1/3
f 242/32/3 207/32/3 177/32/3
f 243/33/3 208/33/3 207/33/3
f 243/32/3 207/32/3 242/32/3
f 244/32/3 209/32/3 208/32/3
f 244/33/3 208/33/3 243/33/3
f 245/33/3 210/33/3 209/33/3
f 245/32/3 209/32/3 244/32/3
f 246/32/3 211/32/3 210/32/3
f 246/33/3 210/33/3 245/33/3
f 247/32/3 211/32/3 246/32/3
f 248/32/3 211/32/3 247/32/3
f 249/31/3 212/31/3 211/31/3
f 249/32/3 211/32/3 248/32/3
f 250/33/3 214/33/3 213/33/3
f 250/31/3 212/31/3 249/31/3
f 250/33/3 213/33/3 212/33/3
f 251/33/3 214/33/3 250/33/3
f 252/31/3 183/31/3 215/31/3
f 252/33/3 184/33/3 183/33/3
f 252/31/3 215/31/3 214/31/3
f 253/33/3 157/33/3 184/33/3
f 253/33/3 184/33/3 252/33/3
f 254/33/3 157/33/3 253/33/3
f 255/31/3 216/31/3 157/31/3
f 255/33/3 157/33/3 254/33/3
f 256/42/3 217/42/3 216/42/3
f 256/31/3 216/31/3 255/31/3
f 256/42/3 218/42/3 217/42/3
f 257/42/3 218/42/3 256/42/3
f 258/24/3 219/24/3 218/24/3
f 258/42/3 218/42/3 257/42/3
f 259/23/3 220/23/3 219/23/3
f 259/24/3 219/24/3 258/24/3
f 259/23/3 222/23/3 221/23/3
f 259/23/3 221/23/3 220/23/3
f 260/21/3 224/21/3 223/21/3
f 260/23/3 222/23/3 259/23/3
f 260/21/3 223/21/3 222/21/3
f 261/21/3 224/21/3 260/21/3
f 262/42/3 226/42/3 225/42/3
f 262/21/3 224/21/3 261/21/3
f 262/42/3 225/42/3 224/42/3
f 263/42/3 226/42/3 262/42/3
f 264/31/3 227/31/3 226/31/3
f 264/42/3 226/42/3 263/42/3
f 264/31/3 228/31/3 227/31/3
f 264/31/3 230/31/3 229/31/3
f 264/31/3 229/31/3 228/31/3
f 265/31/3 230/31/3 264/31/3
f 266/35/3 135/35/3 134/35/3
f 266/32/3 134/32/3 230/32/3
f 267/31/3 136/31/3 135/31/3
f 267/35/3 135/35/3 266/35/3
f 268/36/3 137/36/3 136/36/3
f 268/31/3 136/31/3 267/31/3
f 269/31/3 231/31/3 137/31/3
f 269/36/3 137/36/3 268/36/3
f 270/29/3 237/29/3 236/29/3
f 270/29/3 196/29/3 237/29/3
f 270/29/3 236/29/3 235/29/3
f 271/35/3 166/35/3 196/35/3
f 271/29/3 196/29/3 270/29/3
f 272/28/3 147/28/3 146/28/3
f 272/35/3 146/35/3 167/35/3
f 273/37/3 148/37/3 147/37/3
f 273/28/3 147/28/3 272/28/3
f 274/32/3 200/32/3 117/32/3
f 274/1/3 201/1/3 200/1/3
f 275/32/3 202/32/3 201/32/3
f 275/1/3 201/1/3 274/1/3
f 276/32/3 202/32/3 275/32/3
f 277/32/3 202/32/3 276/32/3
f 278/1/3 203/1/3 202/1/3
f 278/32/3 202/32/3 277/32/3
f 279/32/3 172/32/3 203/32/3
f 279/1/3 203/1/3 278/1/3
f 280/30/3 121/30/3 120/30/3
f 280/32/3 122/32/3 121/32/3
f 281/29/3 123/29/3 122/29/3
f 281/32/3 122/32/3 280/32/3
f 282/32/3 176/32/3 123/32/3
f 282/29/3 123/29/3 281/29/3
f 283/1/3 242/1/3 176/1/3
f 283/32/3 176/32/3 282/32/3
f 284/33/3 245/33/3 244/33/3
f 284/1/3 242/1/3 283/1/3
f 284/33/3 247/33/3 246/33/3
f 284/33/3 244/33/3 243/33/3
f 284/33/3 243/33/3 242/33/3
f 284/33/3 246/33/3 245/33/3
f 285/33/3 247/33/3 284/33/3
f 286/33/3 247/33/3 285/33/3
f 287/32/3 248/32/3 247/32/3
f 287/33/3 247/33/3 286/33/3
f 288/31/3 249/31/3 248/31/3
f 288/32/3 248/32/3 287/32/3
f 288/31/3 250/31/3 249/31/3
f 288/31/3 251/31/3 250/31/3
f 289/31/3 251/31/3 288/31/3
f 290/33/3 214/33/3 251/33/3
f 290/31/3 251/31/3 289/31/3
f 291/33/3 214/33/3 290/33/3
f 292/31/3 252/31/3 214/31/3
f 292/31/3 253/31/3 252/31/3
f 293/33/3 254/33/3 253/33/3
f 293/31/3 253/31/3 292/31/3
f 294/42/3 256/42/3 255/42/3
f 294/33/3 254/33/3 293/33/3
f 294/42/3 255/42/3 254/42/3
f 294/42/3 257/42/3 256/42/3
f 295/42/3 257/42/3 294/42/3
f 296/24/3 258/24/3 257/24/3
f 296/42/3 257/42/3 295/42/3
f 297/21/3 263/21/3 262/21/3
f 297/21/3 262/21/3 261/21/3
f 297/42/3 265/42/3 264/42/3
f 297/42/3 264/42/3 263/42/3
f 298/42/3 265/42/3 297/42/3
f 299/31/3 230/31/3 265/31/3
f 299/42/3 265/42/3 298/42/3
f 300/31/3 230/31/3 299/31/3
f 301/35/3 232/35/3 231/35/3
f 301/32/3 233/32/3 232/32/3
f 302/31/3 234/31/3 233/31/3
f 302/32/3 233/32/3 301/32/3
f 302/31/3 235/31/3 234/31/3
f 303/29/3 270/29/3 235/29/3
f 303/31/3 235/31/3 302/31/3
f 304/31/3 271/31/3 270/31/3
f 304/29/3 270/29/3 303/29/3
f 305/35/3 166/35/3 271/35/3
f 305/31/3 271/31/3 304/31/3
f 306/29/3 167/29/3 166/29/3
f 306/35/3 166/35/3 305/35/3
f 307/34/3 149/34/3 148/34/3
f 307/37/3 148/37/3 273/37/3
f 308/28/3 238/28/3 149/28/3
f 308/34/3 149/34/3 307/34/3
f 309/29/3 239/29/3 238/29/3
f 309/28/3 238/28/3 308/28/3
f 310/32/3 240/32/3 198/32/3
f 310/29/3 239/29/3 309/29/3
f 310/29/3 198/29/3 239/29/3
f 311/31/3 241/31/3 240/31/3
f 311/32/3 240/32/3 310/32/3
f 312/1/3 276/1/3 275/1/3
f 312/32/3 275/32/3 274/32/3
f 313/32/3 277/32/3 276/32/3
f 313/1/3 276/1/3 312/1/3
f 314/1/3 278/1/3 277/1/3
f 314/32/3 277/32/3 313/32/3
f 315/32/3 279/32/3 278/32/3
f 315/1/3 278/1/3 314/1/3
f 316/2/3 205/2/3 204/2/3
f 316/32/3 204/32/3 173/32/3
f 317/32/3 206/32/3 205/32/3
f 317/2/3 205/2/3 316/2/3
f 318/30/3 119/30/3 206/30/3
f 318/32/3 206/32/3 317/32/3
f 319/33/3 286/33/3 285/33/3
f 320/31/3 287/31/3 286/31/3
f 320/33/3 286/33/3 319/33/3
f 320/31/3 288/31/3 287/31/3
f 321/31/3 288/31/3 320/31/3
f 322/42/3 289/42/3 288/42/3
f 322/31/3 288/31/3 321/31/3
f 323/31/3 290/31/3 289/31/3
f 323/42/3 289/42/3 322/42/3
f 323/31/3 291/31/3 290/31/3
f 324/33/3 214/33/3 291/33/3
f 324/31/3 291/31/3 323/31/3
f 325/33/3 214/33/3 324/33/3
f 326/33/3 214/33/3 325/33/3
f 327/31/3 292/31/3 214/31/3
f 327/33/3 214/33/3 326/33/3
f 328/31/3 292/31/3 327/31/3
f 329/42/3 293/42/3 292/42/3
f 329/31/3 292/31/3 328/31/3
f 329/42/3 294/42/3 293/42/3
f 330/42/3 294/42/3 329/42/3
f 331/22/3 295/22/3 294/22/3
f 331/42/3 294/42/3 330/42/3
f 332/23/3 296/23/3 295/23/3
f 332/22/3 295/22/3 331/22/3
f 333/23/3 296/23/3 332/23/3
f 334/24/3 258/24/3 296/24/3
f 334/23/3 296/23/3 333/23/3
f 335/23/3 261/23/3 260/23/3
f 335/24/3 258/24/3 334/24/3
f 335/23/3 260/23/3 259/23/3
f 335/23/3 259/23/3 258/23/3
f 336/21/3 298/21/3 297/21/3
f 336/23/3 261/23/3 335/23/3
f 336/21/3 297/21/3 261/21/3
f 337/21/3 298/21/3 336/21/3
f 338/42/3 300/42/3 299/42/3
f 338/21/3 298/21/3 337/21/3
f 338/42/3 299/42/3 298/42/3
f 339/42/3 300/42/3 338/42/3
f 340/31/3 230/31/3 300/31/3
f 340/42/3 300/42/3 339/42/3
f 341/31/3 230/31/3 340/31/3
f 342/32/3 266/32/3 230/32/3
f 342/31/3 230/31/3 341/31/3
f 343/34/3 267/34/3 266/34/3
f 343/32/3 266/32/3 342/32/3
f 344/37/3 269/37/3 268/37/3
f 344/31/3 268/31/3 267/31/3
f 345/31/3 231/31/3 269/31/3
f 345/37/3 269/37/3 344/37/3
f 346/31/3 304/31/3 303/31/3
f 346/31/3 303/31/3 302/31/3
f 346/31/3 302/31/3 301/31/3
f 346/31/3 305/31/3 304/31/3
f 346/31/3 306/31/3 305/31/3
f 347/29/3 167/29/3 306/29/3
f 347/31/3 306/31/3 346/31/3
f 348/35/3 272/35/3 167/35/3
f 348/29/3 167/29/3 347/29/3
f 349/29/3 309/29/3 308/29/3
f 349/29/3 311/29/3 310/29/3
f 349/29/3 310/29/3 309/29/3
f 350/31/3 241/31/3 311/31/3
f 350/29/3 311/29/3 349/29/3
f 351/32/3 313/32/3 312/32/3
f 351/32/3 314/32/3 313/32/3
f 351/32/3 315/32/3 314/32/3
f 351/32/3 312/32/3 274/32/3
f 352/32/3 279/32/3 315/32/3
f 352/32/3 315/32/3 351/32/3
f 353/32/3 317/32/3 316/32/3
f 353/2/3 318/2/3 317/2/3
f 354/30/3 119/30/3 318/30/3
f 354/2/3 318/2/3 353/2/3
f 355/42/3 321/42/3 320/42/3
f 355/42/3 320/42/3 319/42/3
f 356/18/3 323/18/3 322/18/3
f 356/42/3 321/42/3 355/42/3
f 356/18/3 322/18/3 321/18/3
f 357/18/3 323/18/3 356/18/3
f 358/18/3 323/18/3 357/18/3
f 359/18/3 323/18/3 358/18/3
f 360/42/3 324/42/3 323/42/3
f 360/18/3 323/18/3 359/18/3
f 361/42/3 324/42/3 360/42/3
f 362/31/3 325/31/3 324/31/3
f 362/42/3 324/42/3 361/42/3
f 363/33/3 326/33/3 325/33/3
f 363/31/3 325/31/3 362/31/3
f 364/33/3 326/33/3 363/33/3
f 365/42/3 330/42/3 329/42/3
f 365/42/3 329/42/3 328/42/3
f 366/22/3 331/22/3 330/22/3
f 366/42/3 330/42/3 365/42/3
f 367/22/3 331/22/3 366/22/3
f 368/23/3 333/23/3 332/23/3
f 368/22/3 331/22/3 367/22/3
f 368/23/3 332/23/3 331/23/3
f 369/23/3 333/23/3 368/23/3
f 370/24/3 334/24/3 333/24/3
f 370/23/3 333/23/3 369/23/3
f 371/23/3 335/23/3 334/23/3
f 371/24/3 334/24/3 370/24/3
f 371/23/3 337/23/3 336/23/3
f 371/23/3 336/23/3 335/23/3
f 372/21/3 339/21/3 338/21/3
f 372/23/3 337/23/3 371/23/3
f 372/21/3 338/21/3 337/21/3
f 373/21/3 339/21/3 372/21/3
f 374/42/3 341/42/3 340/42/3
f 374/21/3 339/21/3 373/21/3
f 374/42/3 340/42/3 339/42/3
f 375/42/3 341/42/3 374/42/3
f 376/31/3 342/31/3 341/31/3
f 376/42/3 341/42/3 375/42/3
f 376/31/3 343/31/3 342/31/3
f 377/31/3 343/31/3 376/31/3
f 378/31/3 344/31/3 267/31/3
f 378/34/3 267/34/3 343/34/3
f 378/31/3 345/31/3 344/31/3
f 379/35/3 301/35/3 231/35/3
f 379/31/3 345/31/3 378/31/3
f 379/31/3 231/31/3 345/31/3
f 380/35/3 347/35/3 346/35/3
f 380/31/3 346/31/3 301/31/3
f 380/35/3 348/35/3 347/35/3
f 381/35/3 348/35/3 380/35/3
f 382/35/3 348/35/3 381/35/3
f 383/35/3 272/35/3 348/35/3
f 383/35/3 348/35/3 382/35/3
f 383/29/3 273/29/3 272/29/3
f 384/37/3 307/37/3 273/37/3
f 384/29/3 273/29/3 383/29/3
f 385/35/3 308/35/3 307/35/3
f 385/37/3 307/37/3 384/37/3
f 386/32/3 351/32/3 274/32/3
f 386/32/3 274/32/3 117/32/3
f 387/1/3 352/1/3 351/1/3
f 387/32/3 351/32/3 386/32/3
f 388/32/3 279/32/3 352/32/3
f 388/1/3 352/1/3 387/1/3
f 389/32/3 172/32/3 279/32/3
f 389/32/3 279/32/3 388/32/3
f 390/32/3 353/32/3 316/32/3
f 390/32/3 316/32/3 173/32/3
f 390/32/3 354/32/3 353/32/3
f 391/30/3 119/30/3 354/30/3
f 391/32/3 354/32/3 390/32/3
f 392/30/3 280/30/3 120/30/3
f 392/1/3 285/1/3 284/1/3
f 392/1/3 283/1/3 282/1/3
f 392/1/3 284/1/3 283/1/3
f 392/1/3 282/1/3 281/1/3
f 392/1/3 281/1/3 280/1/3
f 393/1/3 285/1/3 392/1/3
f 394/1/3 285/1/3 393/1/3
f 395/1/3 285/1/3 394/1/3
f 396/1/3 285/1/3 395/1/3
f 397/33/3 319/33/3 285/33/3
f 397/1/3 285/1/3 396/1/3
f 398/18/3 356/18/3 355/18/3
f 398/18/3 357/18/3 356/18/3
f 399/17/3 358/17/3 357/17/3
f 399/18/3 357/18/3 398/18/3
f 400/16/3 359/16/3 358/16/3
f 400/17/3 358/17/3 399/17/3
f 401/18/3 360/18/3 359/18/3
f 401/16/3 359/16/3 400/16/3
f 401/18/3 361/18/3 360/18/3
f 402/18/3 361/18/3 401/18/3
f 403/18/3 361/18/3 402/18/3
f 404/42/3 364/42/3 363/42/3
f 404/18/3 361/18/3 403/18/3
f 404/42/3 363/42/3 362/42/3
f 404/42/3 362/42/3 361/42/3
f 405/42/3 364/42/3 404/42/3
f 406/33/3 326/33/3 364/33/3
f 406/42/3 364/42/3 405/42/3
f 407/33/3 326/33/3 406/33/3
f 408/31/3 328/31/3 327/31/3
f 408/31/3 327/31/3 326/31/3
f 409/42/3 365/42/3 328/42/3
f 409/31/3 328/31/3 408/31/3
f 410/23/3 369/23/3 368/23/3
f 410/23/3 368/23/3 367/23/3
f 411/24/3 370/24/3 369/24/3
f 411/23/3 369/23/3 410/23/3
f 412/23/3 373/23/3 372/23/3
f 412/24/3 370/24/3 411/24/3
f 412/23/3 371/23/3 370/23/3
f 412/23/3 372/23/3 371/23/3
f 413/21/3 375/21/3 374/21/3
f 413/23/3 373/23/3 412/23/3
f 413/21/3 374/21/3 373/21/3
f 414/21/3 375/21/3 413/21/3
f 415/42/3 377/42/3 376/42/3
f 415/21/3 375/21/3 414/21/3
f 415/42/3 376/42/3 375/42/3
f 416/42/3 377/42/3 415/42/3
f 417/31/3 343/31/3 377/31/3
f 417/42/3 377/42/3 416/42/3
f 418/31/3 343/31/3 417/31/3
f 419/42/3 379/42/3 378/42/3
f 420/35/3 301/35/3 379/35/3
f 420/42/3 379/42/3 419/42/3
f 421/31/3 381/31/3 380/31/3
f 421/35/3 301/35/3 420/35/3
f 421/31/3 380/31/3 301/31/3
f 422/31/3 381/31/3 421/31/3
f 423/28/3 382/28/3 381/28/3
f 423/31/3 381/31/3 422/31/3
f 424/28/3 382/28/3 423/28/3
f 425/29/3 383/29/3 382/29/3
f 425/28/3 382/28/3 424/28/3
f 425/29/3 384/29/3 383/29/3
f 426/29/3 384/29/3 425/29/3
f 427/29/3 384/29/3 426/29/3
f 428/36/3 385/36/3 384/36/3
f 428/29/3 384/29/3 427/29/3
f 429/35/3 308/35/3 385/35/3
f 429/36/3 385/36/3 428/36/3
f 430/29/3 349/29/3 308/29/3
f 430/35/3 308/35/3 429/35/3
f 431/32/3 390/32/3 173/32/3
f 431/2/3 391/2/3 390/2/3
f 432/2/3 391/2/3 431/2/3
f 433/2/3 391/2/3 432/2/3
f 434/2/3 391/2/3 433/2/3
f 435/33/3 319/33/3 397/33/3
f 435/33/3 397/33/3 396/33/3
f 436/42/3 355/42/3 319/42/3
f 436/33/3 319/33/3 435/33/3
f 437/18/3 398/18/3 355/18/3
f 437/42/3 355/42/3 436/42/3
f 438/42/3 402/42/3 401/42/3
f 438/42/3 400/42/3 399/42/3
f 438/42/3 401/42/3 400/42/3
f 439/17/3 403/17/3 402/17/3
f 439/42/3 402/42/3 438/42/3
f 440/18/3 405/18/3 404/18/3
f 440/17/3 403/17/3 439/17/3
f 440/18/3 404/18/3 403/18/3
f 441/18/3 405/18/3 440/18/3
f 442/18/3 405/18/3 441/18/3
f 443/42/3 407/42/3 406/42/3
f 443/18/3 405/18/3 442/18/3
f 443/42/3 406/42/3 405/42/3
f 444/42/3 407/42/3 443/42/3
f 445/33/3 326/33/3 407/33/3
f 445/42/3 407/42/3 444/42/3
f 446/31/3 408/31/3 326/31/3
f 446/33/3 326/33/3 445/33/3
f 447/42/3 409/42/3 408/42/3
f 447/31/3 408/31/3 446/31/3
f 448/42/3 365/42/3 409/42/3
f 448/42/3 409/42/3 447/42/3
f 449/22/3 367/22/3 366/22/3
f 449/42/3 365/42/3 448/42/3
f 449/22/3 366/22/3 365/22/3
f 450/22/3 367/22/3 449/22/3
f 451/23/3 410/23/3 367/23/3
f 451/22/3 367/22/3 450/22/3
f 452/24/3 411/24/3 410/24/3
f 452/23/3 410/23/3 451/23/3
f 453/23/3 412/23/3 411/23/3
f 453/24/3 411/24/3 452/24/3
f 453/23/3 414/23/3 413/23/3
f 453/23/3 413/23/3 412/23/3
f 454/21/3 416/21/3 415/21/3
f 454/23/3 414/23/3 453/23/3
f 454/21/3 415/21/3 414/21/3
f 455/21/3 416/21/3 454/21/3
f 456/42/3 418/42/3 417/42/3
f 456/21/3 416/21/3 455/21/3
f 456/42/3 417/42/3 416/42/3
f 457/31/3 343/31/3 418/31/3
f 457/42/3 418/42/3 456/42/3
f 458/31/3 343/31/3 457/31/3
f 459/31/3 343/31/3 458/31/3
f 460/34/3 378/34/3 343/34/3
f 460/31/3 343/31/3 459/31/3
f 461/42/3 419/42/3 378/42/3
f 461/34/3 378/34/3 460/34/3
f 462/17/3 420/17/3 419/17/3
f 462/42/3 419/42/3 461/42/3
f 463/42/3 422/42/3 421/42/3
f 463/17/3 420/17/3 462/17/3
f 463/42/3 421/42/3 420/42/3
f 464/42/3 422/42/3 463/42/3
f 465/31/3 424/31/3 423/31/3
f 465/42/3 422/42/3 464/42/3
f 465/31/3 423/31/3 422/31/3
f 466/31/3 424/31/3 465/31/3
f 467/28/3 425/28/3 424/28/3
f 467/31/3 424/31/3 466/31/3
f 467/28/3 426/28/3 425/28/3
f 468/29/3 427/29/3 426/29/3
f 468/28/3 426/28/3 467/28/3
f 469/29/3 427/29/3 468/29/3
f 470/29/3 430/29/3 429/29/3
f 470/36/3 429/36/3 428/36/3
f 471/29/3 349/29/3 430/29/3
f 471/29/3 430/29/3 470/29/3
f 472/32/3 386/32/3 117/32/3
f 472/1/3 387/1/3 386/1/3
f 473/32/3 388/32/3 387/32/3
f 473/1/3 387/1/3 472/1/3
f 474/1/3 389/1/3 388/1/3
f 474/32/3 388/32/3 473/32/3
f 475/32/3 172/32/3 389/32/3
f 475/1/3 389/1/3 474/1/3
f 476/18/3 398/18/3 437/18/3
f 476/18/3 437/18/3 436/18/3
f 477/17/3 399/17/3 398/17/3
f 477/18/3 398/18/3 476/18/3
f 478/42/3 438/42/3 399/42/3
f 478/17/3 399/17/3 477/17/3
f 479/31/3 439/31/3 438/31/3
f 479/42/3 438/42/3 478/42/3
f 480/31/3 439/31/3 479/31/3
f 481/42/3 441/42/3 440/42/3
f 481/31/3 439/31/3 480/31/3
f 481/42/3 440/42/3 439/42/3
f 482/42/3 441/42/3 481/42/3
f 483/17/3 442/17/3 441/17/3
f 483/42/3 441/42/3 482/42/3
f 484/18/3 444/18/3 443/18/3
f 484/17/3 442/17/3 483/17/3
f 484/18/3 443/18/3 442/18/3
f 485/18/3 444/18/3 484/18/3
f 486/42/3 447/42/3 446/42/3
f 486/18/3 444/18/3 485/18/3
f 486/42/3 448/42/3 447/42/3
f 486/42/3 445/42/3 444/42/3
f 486/42/3 446/42/3 445/42/3
f 487/42/3 448/42/3 486/42/3
f 488/22/3 450/22/3 449/22/3
f 488/22/3 449/22/3 448/22/3
f 489/23/3 453/23/3 452/23/3
f 489/22/3 450/22/3 488/22/3
f 489/23/3 451/23/3 450/23/3
f 489/23/3 452/23/3 451/23/3
f 489/23/3 455/23/3 454/23/3
f 489/23/3 454/23/3 453/23/3
f 490/23/3 455/23/3 489/23/3
f 491/23/3 455/23/3 490/23/3
f 492/21/3 457/21/3 456/21/3
f 492/23/3 455/23/3 491/23/3
f 492/21/3 456/21/3 455/21/3
f 493/21/3 457/21/3 492/21/3
f 494/42/3 458/42/3 457/42/3
f 494/21/3 457/21/3 493/21/3
f 495/42/3 458/42/3 494/42/3
f 496/31/3 459/31/3 458/31/3
f 496/42/3 458/42/3 495/42/3
f 497/42/3 460/42/3 459/42/3
f 497/31/3 459/31/3 496/31/3
f 497/42/3 461/42/3 460/42/3
f 498/42/3 461/42/3 497/42/3
f 499/17/3 464/17/3 463/17/3
f 499/42/3 461/42/3 498/42/3
f 499/17/3 462/17/3 461/17/3
f 499/17/3 463/17/3 462/17/3
f 500/17/3 464/17/3 499/17/3
f 501/42/3 465/42/3 464/42/3
f 501/17/3 464/17/3 500/17/3
f 501/42/3 466/42/3 465/42/3
f 502/42/3 466/42/3 501/42/3
f 503/31/3 468/31/3 467/31/3
f 503/42/3 466/42/3 502/42/3
f 503/31/3 469/31/3 468/31/3
f 503/31/3 467/31/3 466/31/3
f 504/31/3 469/31/3 503/31/3
f 505/1/3 474/1/3 473/1/3
f 505/32/3 473/32/3 472/32/3
f 506/32/3 475/32/3 474/32/3
f 506/1/3 474/1/3 505/1/3
f 507/32/3 432/32/3 431/32/3
f 507/2/3 433/2/3 432/2/3
f 508/32/3 434/32/3 433/32/3
f 508/2/3 433/2/3 507/2/3
f 509/2/3 391/2/3 434/2/3
f 509/32/3 434/32/3 508/32/3
f 510/30/3 119/30/3 391/30/3
f 510/2/3 391/2/3 509/2/3
f 511/32/3 394/32/3 393/32/3
f 511/29/3 393/29/3 392/29/3
f 512/33/3 395/33/3 394/33/3
f 512/32/3 394/32/3 511/32/3
f 513/1/3 396/1/3 395/1/3
f 513/33/3 395/33/3 512/33/3
f 514/33/3 435/33/3 396/33/3
f 514/1/3 396/1/3 513/1/3
f 515/42/3 436/42/3 435/42/3
f 515/18/3 476/18/3 436/18/3
f 516/17/3 477/17/3 476/17/3
f 516/18/3 476/18/3 515/18/3
f 517/42/3 478/42/3 477/42/3
f 517/17/3 477/17/3 516/17/3
f 517/42/3 480/42/3 479/42/3
f 517/42/3 479/42/3 478/42/3
f 518/42/3 480/42/3 517/42/3
f 519/42/3 480/42/3 518/42/3
f 520/31/3 482/31/3 481/31/3
f 520/42/3 480/42/3 519/42/3
f 520/31/3 481/31/3 480/31/3
f 521/31/3 482/31/3 520/31/3
f 522/31/3 482/31/3 521/31/3
f 523/42/3 483/42/3 482/42/3
f 523/31/3 482/31/3 522/31/3
f 523/42/3 485/42/3 484/42/3
f 523/42/3 484/42/3 483/42/3
f 524/18/3 486/18/3 485/18/3
f 524/42/3 485/42/3 523/42/3
f 524/18/3 487/18/3 486/18/3
f 525/18/3 487/18/3 524/18/3
f 526/18/3 487/18/3 525/18/3
f 527/42/3 448/42/3 487/42/3
f 527/18/3 487/18/3 526/18/3
f 528/23/3 490/23/3 489/23/3
f 528/23/3 489/23/3 488/23/3
f 529/24/3 491/24/3 490/24/3
f 529/23/3 490/23/3 528/23/3
f 530/23/3 493/23/3 492/23/3
f 530/24/3 491/24/3 529/24/3
f 530/23/3 492/23/3 491/23/3
f 531/21/3 495/21/3 494/21/3
f 531/23/3 493/23/3 530/23/3
f 531/21/3 494/21/3 493/21/3
f 532/21/3 495/21/3 531/21/3
f 533/42/3 498/42/3 497/42/3
f 533/21/3 495/21/3 532/21/3
f 533/42/3 497/42/3 496/42/3
f 533/42/3 496/42/3 495/42/3
f 534/42/3 498/42/3 533/42/3
f 535/42/3 498/42/3 534/42/3
f 536/17/3 499/17/3 498/17/3
f 536/42/3 498/42/3 535/42/3
f 537/18/3 500/18/3 499/18/3
f 537/17/3 499/17/3 536/17/3
f 538/18/3 500/18/3 537/18/3
f 539/17/3 502/17/3 501/17/3
f 539/18/3 500/18/3 538/18/3
f 539/17/3 501/17/3 500/17/3
f 540/42/3 503/42/3 502/42/3
f 540/17/3 502/17/3 539/17/3
f 540/42/3 504/42/3 503/42/3
f 541/42/3 504/42/3 540/42/3
f 542/31/3 469/31/3 504/31/3
f 542/42/3 504/42/3 541/42/3
f 543/31/3 469/31/3 542/31/3
f 544/32/3 505/32/3 472/32/3
f 544/32/3 506/32/3 505/32/3
f 545/32/3 475/32/3 506/32/3
f 545/32/3 506/32/3 544/32/3
f 546/2/3 509/2/3 508/2/3
f 546/32/3 508/32/3 507/32/3
f 547/32/3 510/32/3 509/32/3
f 547/2/3 509/2/3 546/2/3
f 548/32/3 120/32/3 119/32/3
f 548/30/3 392/30/3 120/30/3
f 549/29/3 511/29/3 392/29/3
f 549/30/3 392/30/3 548/30/3
f 550/33/3 512/33/3 511/33/3
f 550/29/3 511/29/3 549/29/3
f 550/33/3 513/33/3 512/33/3
f 550/33/3 514/33/3 513/33/3
f 551/33/3 514/33/3 550/33/3
f 552/33/3 435/33/3 514/33/3
f 552/33/3 514/33/3 551/33/3
f 553/42/3 516/42/3 515/42/3
f 553/33/3 435/33/3 552/33/3
f 553/42/3 515/42/3 435/42/3
f 554/18/3 518/18/3 517/18/3
f 554/42/3 516/42/3 553/42/3
f 554/18/3 517/18/3 516/18/3
f 555/18/3 518/18/3 554/18/3
f 556/17/3 519/17/3 518/17/3
f 556/18/3 518/18/3 555/18/3
f 557/42/3 521/42/3 520/42/3
f 557/17/3 519/17/3 556/17/3
f 557/42/3 520/42/3 519/42/3
f 558/42/3 521/42/3 557/42/3
f 559/31/3 522/31/3 521/31/3
f 559/42/3 521/42/3 558/42/3
f 560/42/3 523/42/3 522/42/3
f 560/31/3 522/31/3 559/31/3
f 560/42/3 525/42/3 524/42/3
f 560/42/3 524/42/3 523/42/3
f 561/42/3 525/42/3 560/42/3
f 562/18/3 526/18/3 525/18/3
f 562/42/3 525/42/3 561/42/3
f 563/42/3 527/42/3 526/42/3
f 563/18/3 526/18/3 562/18/3
f 564/42/3 527/42/3 563/42/3
f 565/42/3 448/42/3 527/42/3
f 565/42/3 527/42/3 564/42/3
f 566/22/3 488/22/3 448/22/3
f 566/42/3 448/42/3 565/42/3
f 567/23/3 528/23/3 488/23/3
f 567/22/3 488/22/3 566/22/3
f 568/24/3 529/24/3 528/24/3
f 568/23/3 528/23/3 567/23/3
f 569/23/3 532/23/3 531/23/3
f 569/24/3 529/24/3 568/24/3
f 569/23/3 531/23/3 530/23/3
f 569/23/3 530/23/3 529/23/3
f 570/21/3 533/21/3 532/21/3
f 570/23/3 532/23/3 569/23/3
f 570/21/3 534/21/3 533/21/3
f 571/42/3 535/42/3 534/42/3
f 571/21/3 534/21/3 570/21/3
f 572/17/3 536/17/3 535/17/3
f 572/42/3 535/42/3 571/42/3
f 573/17/3 536/17/3 572/17/3
f 574/42/3 538/42/3 537/42/3
f 574/42/3 537/42/3 536/42/3
f 575/18/3 539/18/3 538/18/3
f 575/42/3 538/42/3 574/42/3
f 575/18/3 540/18/3 539/18/3
f 576/18/3 540/18/3 575/18/3
f 577/17/3 541/17/3 540/17/3
f 577/18/3 540/18/3 576/18/3
f 578/42/3 542/42/3 541/42/3
f 578/17/3 541/17/3 577/17/3
f 578/42/3 543/42/3 542/42/3
f 579/42/3 543/42/3 578/42/3
f 580/31/3 469/31/3 543/31/3
f 580/42/3 543/42/3 579/42/3
f 581/31/3 469/31/3 580/31/3
f 582/29/3 427/29/3 469/29/3
f 582/31/3 469/31/3 581/31/3
f 583/27/3 428/27/3 427/27/3
f 583/29/3 427/29/3 582/29/3
f 584/29/3 349/29/3 471/29/3
f 584/28/3 471/28/3 470/28/3
f 585/29/3 349/29/3 584/29/3
f 586/27/3 350/27/3 349/27/3
f 586/29/3 349/29/3 585/29/3
f 587/31/3 241/31/3 350/31/3
f 587/27/3 350/27/3 586/27/3
f 588/32/3 472/32/3 117/32/3
f 588/32/3 544/32/3 472/32/3
f 589/1/3 545/1/3 544/1/3
f 589/32/3 544/32/3 588/32/3
f 590/32/3 475/32/3 545/32/3
f 590/1/3 545/1/3 589/1/3
f 591/32/3 172/32/3 475/32/3
f 591/32/3 475/32/3 590/32/3
f 592/32/3 507/32/3 431/32/3
f 592/32/3 547/32/3 546/32/3
f 592/32/3 546/32/3 507/32/3
f 593/32/3 510/32/3 547/32/3
f 593/32/3 547/32/3 592/32/3
f 594/29/3 549/29/3 548/29/3
f 594/29/3 550/29/3 549/29/3
f 595/1/3 551/1/3 550/1/3
f 595/29/3 550/29/3 594/29/3
f 596/33/3 552/33/3 551/33/3
f 596/1/3 551/1/3 595/1/3
f 597/33/3 552/33/3 596/33/3
f 598/1/3 553/1/3 552/1/3
f 598/33/3 552/33/3 597/33/3
f 599/33/3 554/33/3 553/33/3
f 599/1/3 553/1/3 598/1/3
f 600/33/3 554/33/3 599/33/3
f 601/18/3 558/18/3 557/18/3
f 601/18/3 556/18/3 555/18/3
f 601/42/3 555/42/3 554/42/3
f 601/18/3 557/18/3 556/18/3
f 602/18/3 558/18/3 601/18/3
f 603/42/3 559/42/3 558/42/3
f 603/42/3 560/42/3 559/42/3
f 604/18/3 561/18/3 560/18/3
f 604/42/3 560/42/3 603/42/3
f 605/18/3 561/18/3 604/18/3
f 606/18/3 561/18/3 605/18/3
f 607/42/3 563/42/3 562/42/3
f 607/18/3 561/18/3 606/18/3
f 607/42/3 564/42/3 563/42/3
f 607/42/3 562/42/3 561/42/3
f 608/18/3 565/18/3 564/18/3
f 608/42/3 564/42/3 607/42/3
f 609/42/3 566/42/3 565/42/3
f 610/24/3 568/24/3 567/24/3
f 610/42/3 566/42/3 609/42/3
f 610/24/3 571/24/3 570/24/3
f 610/24/3 569/24/3 568/24/3
f 610/24/3 567/24/3 566/24/3
f 610/24/3 570/24/3 569/24/3
f 611/24/3 571/24/3 610/24/3
f 612/24/3 571/24/3 611/24/3
f 613/24/3 571/24/3 612/24/3
f 614/24/3 571/24/3 613/24/3
f 615/42/3 573/42/3 572/42/3
f 615/24/3 571/24/3 614/24/3
f 615/42/3 572/42/3 571/42/3
f 616/42/3 573/42/3 615/42/3
f 617/17/3 536/17/3 573/17/3
f 617/42/3 573/42/3 616/42/3
f 618/42/3 574/42/3 536/42/3
f 618/17/3 536/17/3 617/17/3
f 619/42/3 576/42/3 575/42/3
f 619/31/3 575/31/3 574/31/3
f 620/18/3 577/18/3 576/18/3
f 620/42/3 576/42/3 619/42/3
f 620/18/3 578/18/3 577/18/3
f 621/18/3 578/18/3 620/18/3
f 622/17/3 579/17/3 578/17/3
f 622/18/3 578/18/3 621/18/3
f 623/42/3 581/42/3 580/42/3
f 623/17/3 579/17/3 622/17/3
f 623/42/3 580/42/3 579/42/3
f 624/42/3 581/42/3 623/42/3
f 625/31/3 582/31/3 581/31/3
f 625/42/3 581/42/3 624/42/3
f 625/31/3 583/31/3 582/31/3
f 626/31/3 583/31/3 625/31/3
f 627/27/3 428/27/3 583/27/3
f 627/31/3 583/31/3 626/31/3
f 628/36/3 470/36/3 428/36/3
f 628/27/3 428/27/3 627/27/3
f 629/28/3 584/28/3 470/28/3
f 629/36/3 470/36/3 628/36/3
f 630/31/3 585/31/3 584/31/3
f 630/28/3 584/28/3 629/28/3
f 631/29/3 586/29/3 585/29/3
f 631/31/3 585/31/3 630/31/3
f 632/31/3 587/31/3 586/31/3
f 632/29/3 586/29/3 631/29/3
f 633/32/3 592/32/3 431/32/3
f 633/32/3 431/32/3 173/32/3
f 634/2/3 593/2/3 592/2/3
f 634/32/3 592/32/3 633/32/3
f 635/32/3 510/32/3 593/32/3
f 635/2/3 593/2/3 634/2/3
f 636/30/3 119/30/3 510/30/3
f 636/32/3 510/32/3 635/32/3
f 637/33/3 554/33/3 600/33/3
f 637/42/3 602/42/3 601/42/3
f 637/42/3 601/42/3 554/42/3
f 638/42/3 602/42/3 637/42/3
f 639/18/3 558/18/3 602/18/3
f 639/42/3 602/42/3 638/42/3
f 640/42/3 603/42/3 558/42/3
f 640/18/3 558/18/3 639/18/3
f 641/42/3 603/42/3 640/42/3
f 642/18/3 605/18/3 604/18/3
f 642/42/3 603/42/3 641/42/3
f 642/18/3 604/18/3 603/18/3
f 643/17/3 606/17/3 605/17/3
f 643/18/3 605/18/3 642/18/3
f 644/17/3 606/17/3 643/17/3
f 645/42/3 607/42/3 606/42/3
f 645/17/3 606/17/3 644/17/3
f 646/42/3 607/42/3 645/42/3
f 647/18/3 608/18/3 607/18/3
f 647/42/3 607/42/3 646/42/3
f 648/18/3 608/18/3 647/18/3
f 649/42/3 609/42/3 565/42/3
f 649/18/3 608/18/3 648/18/3
f 649/18/3 565/18/3 608/18/3
f 650/21/3 613/21/3 612/21/3
f 651/24/3 614/24/3 613/24/3
f 651/21/3 613/21/3 650/21/3
f 652/21/3 616/21/3 615/21/3
f 652/24/3 614/24/3 651/24/3
f 652/21/3 615/21/3 614/21/3
f 653/21/3 616/21/3 652/21/3
f 654/42/3 617/42/3 616/42/3
f 654/21/3 616/21/3 653/21/3
f 654/42/3 618/42/3 617/42/3
f 655/42/3 618/42/3 654/42/3
f 656/31/3 619/31/3 574/31/3
f 656/42/3 618/42/3 655/42/3
f 656/31/3 620/31/3 619/31/3
f 656/42/3 574/42/3 618/42/3
f 657/31/3 620/31/3 656/31/3
f 658/42/3 621/42/3 620/42/3
f 658/31/3 620/31/3 657/31/3
f 659/18/3 622/18/3 621/18/3
f 659/42/3 621/42/3 658/42/3
f 659/18/3 623/18/3 622/18/3
f 660/18/3 623/18/3 659/18/3
f 661/17/3 624/17/3 623/17/3
f 661/18/3 623/18/3 660/18/3
f 662/42/3 625/42/3 624/42/3
f 662/17/3 624/17/3 661/17/3
f 662/42/3 626/42/3 625/42/3
f 663/42/3 626/42/3 662/42/3
f 664/31/3 629/31/3 628/31/3
f 664/42/3 626/42/3 663/42/3
f 664/31/3 627/31/3 626/31/3
f 664/31/3 628/31/3 627/31/3
f 665/31/3 629/31/3 664/31/3
f 666/29/3 630/29/3 629/29/3
f 666/31/3 629/31/3 665/31/3
f 667/31/3 632/31/3 631/31/3
f 667/29/3 630/29/3 666/29/3
f 667/31/3 631/31/3 630/31/3
f 668/1/3 589/1/3 588/1/3
f 668/32/3 588/32/3 117/32/3
f 669/32/3 590/32/3 589/32/3
f 669/1/3 589/1/3 668/1/3
f 670/1/3 591/1/3 590/1/3
f 670/32/3 590/32/3 669/32/3
f 671/32/3 172/32/3 591/32/3
f 671/1/3 591/1/3 670/1/3
f 672/31/3 638/31/3 637/31/3
f 672/33/3 637/33/3 600/33/3
f 673/31/3 638/31/3 672/31/3
f 674/42/3 639/42/3 638/42/3
f 674/31/3 638/31/3 673/31/3
f 674/42/3 641/42/3 640/42/3
f 674/42/3 640/42/3 639/42/3
f 675/42/3 641/42/3 674/42/3
f 676/42/3 641/42/3 675/42/3
f 677/18/3 642/18/3 641/18/3
f 677/42/3 641/42/3 676/42/3
f 678/17/3 644/17/3 643/17/3
f 678/18/3 642/18/3 677/18/3
f 678/17/3 643/17/3 642/17/3
f 679/42/3 646/42/3 645/42/3
f 679/17/3 644/17/3 678/17/3
f 679/42/3 645/42/3 644/42/3
f 680/42/3 646/42/3 679/42/3
f 681/18/3 648/18/3 647/18/3
f 681/42/3 646/42/3 680/42/3
f 681/18/3 647/18/3 646/18/3
f 682/18/3 648/18/3 681/18/3
f 683/42/3 649/42/3 648/42/3
f 683/18/3 648/18/3 682/18/3
f 684/42/3 649/42/3 683/42/3
f 685/42/3 609/42/3 649/42/3
f 685/42/3 649/42/3 684/42/3
f 686/21/3 650/21/3 612/21/3
f 687/22/3 651/22/3 650/22/3
f 687/21/3 650/21/3 686/21/3
f 687/22/3 653/22/3 652/22/3
f 687/22/3 652/22/3 651/22/3
f 688/21/3 655/21/3 654/21/3
f 688/22/3 653/22/3 687/22/3
f 688/21/3 654/21/3 653/21/3
f 689/21/3 655/21/3 688/21/3
f 690/42/3 657/42/3 656/42/3
f 690/42/3 656/42/3 655/42/3
f 691/42/3 657/42/3 690/42/3
f 692/31/3 658/31/3 657/31/3
f 692/42/3 657/42/3 691/42/3
f 692/31/3 659/31/3 658/31/3
f 693/31/3 659/31/3 692/31/3
f 694/42/3 660/42/3 659/42/3
f 694/31/3 659/31/3 693/31/3
f 695/18/3 663/18/3 662/18/3
f 695/42/3 660/42/3 694/42/3
f 695/18/3 662/18/3 661/18/3
f 695/18/3 661/18/3 660/18/3
f 696/18/3 663/18/3 695/18/3
f 697/42/3 665/42/3 664/42/3
f 697/18/3 663/18/3 696/18/3
f 697/42/3 664/42/3 663/42/3
f 698/42/3 665/42/3 697/42/3
f 699/31/3 666/31/3 665/31/3
f 699/42/3 665/42/3 698/42/3
f 699/31/3 667/31/3 666/31/3
f 700/31/3 632/31/3 667/31/3
f 700/31/3 667/31/3 699/31/3
f 701/1/3 670/1/3 669/1/3
f 701/32/3 669/32/3 668/32/3
f 702/32/3 671/32/3 670/32/3
f 702/1/3 670/1/3 701/1/3
f 703/32/3 635/32/3 634/32/3
f 704/32/3 635/32/3 703/32/3
f 705/30/3 119/30/3 636/30/3
f 705/2/3 636/2/3 635/2/3
f 706/32/3 548/32/3 119/32/3
f 706/30/3 119/30/3 705/30/3
f 707/1/3 595/1/3 594/1/3
f 707/29/3 594/29/3 548/29/3
f 708/33/3 597/33/3 596/33/3
f 708/1/3 595/1/3 707/1/3
f 708/33/3 596/33/3 595/33/3
f 709/1/3 598/1/3 597/1/3
f 709/33/3 597/33/3 708/33/3
f 710/33/3 599/33/3 598/33/3
f 710/1/3 598/1/3 709/1/3
f 711/1/3 600/1/3 599/1/3
f 711/33/3 599/33/3 710/33/3
f 712/33/3 673/33/3 672/33/3
f 712/1/3 600/1/3 711/1/3
f 712/33/3 672/33/3 600/33/3
f 713/31/3 674/31/3 673/31/3
f 713/33/3 673/33/3 712/33/3
f 713/31/3 675/31/3 674/31/3
f 714/42/3 676/42/3 675/42/3
f 714/31/3 675/31/3 713/31/3
f 715/18/3 677/18/3 676/18/3
f 715/17/3 678/17/3 677/17/3
f 716/42/3 680/42/3 679/42/3
f 716/17/3 678/17/3 715/17/3
f 716/42/3 679/42/3 678/42/3
f 717/42/3 680/42/3 716/42/3
f 718/42/3 680/42/3 717/42/3
f 719/18/3 681/18/3 680/18/3
f 719/42/3 680/42/3 718/42/3
f 719/18/3 682/18/3 681/18/3
f 720/18/3 682/18/3 719/18/3
f 721/42/3 684/42/3 683/42/3
f 721/18/3 682/18/3 720/18/3
f 721/42/3 683/42/3 682/42/3
f 722/42/3 684/42/3 721/42/3
f 723/31/3 685/31/3 684/31/3
f 723/42/3 684/42/3 722/42/3
f 724/31/3 685/31/3 723/31/3
f 725/42/3 609/42/3 685/42/3
f 725/31/3 685/31/3 724/31/3
f 726/21/3 686/21/3 612/21/3
f 727/22/3 687/22/3 686/22/3
f 727/21/3 686/21/3 726/21/3
f 727/22/3 688/22/3 687/22/3
f 727/22/3 689/22/3 688/22/3
f 728/42/3 693/42/3 692/42/3
f 728/42/3 692/42/3 691/42/3
f 728/21/3 691/21/3 690/21/3
f 729/42/3 693/42/3 728/42/3
f 730/31/3 694/31/3 693/31/3
f 730/42/3 693/42/3 729/42/3
f 730/31/3 695/31/3 694/31/3
f 731/31/3 695/31/3 730/31/3
f 732/42/3 696/42/3 695/42/3
f 732/31/3 695/31/3 731/31/3
f 733/42/3 696/42/3 732/42/3
f 734/18/3 698/18/3 697/18/3
f 734/42/3 696/42/3 733/42/3
f 734/18/3 697/18/3 696/18/3
f 735/18/3 698/18/3 734/18/3
f 736/42/3 699/42/3 698/42/3
f 736/18/3 698/18/3 735/18/3
f 736/42/3 700/42/3 699/42/3
f 737/42/3 700/42/3 736/42/3
f 738/42/3 700/42/3 737/42/3
f 739/31/3 632/31/3 700/31/3
f 739/42/3 700/42/3 738/42/3
f 740/31/3 587/31/3 632/31/3
f 740/31/3 632/31/3 739/31/3
f 740/31/3 241/31/3 587/31/3
f 741/32/3 668/32/3 117/32/3
f 741/32/3 702/32/3 701/32/3
f 741/32/3 701/32/3 668/32/3
f 742/32/3 172/32/3 671/32/3
f 742/32/3 702/32/3 741/32/3
f 742/32/3 671/32/3 702/32/3
f 743/29/3 708/29/3 707/29/3
f 743/1/3 709/1/3 708/1/3
f 744/33/3 713/33/3 712/33/3
f 744/1/3 709/1/3 743/1/3
f 744/33/3 710/33/3 709/33/3
f 744/33/3 711/33/3 710/33/3
f 744/33/3 714/33/3 713/33/3
f 744/33/3 712/33/3 711/33/3
f 745/18/3 715/18/3 676/18/3
f 745/16/3 716/16/3 715/16/3
f 746/42/3 717/42/3 716/42/3
f 746/16/3 716/16/3 745/16/3
f 747/31/3 718/31/3 717/31/3
f 747/42/3 717/42/3 746/42/3
f 748/31/3 718/31/3 747/31/3
f 749/42/3 719/42/3 718/42/3
f 750/17/3 720/17/3 719/17/3
f 750/42/3 719/42/3 749/42/3
f 751/42/3 721/42/3 720/42/3
f 751/42/3 722/42/3 721/42/3
f 752/31/3 723/31/3 722/31/3
f 752/42/3 722/42/3 751/42/3
f 752/31/3 724/31/3 723/31/3
f 753/42/3 609/42/3 725/42/3
f 753/42/3 725/42/3 724/42/3
f 754/22/3 610/22/3 609/22/3
f 754/42/3 609/42/3 753/42/3
f 755/42/3 690/42/3 655/42/3
f 755/21/3 655/21/3 689/21/3
f 756/21/3 729/21/3 728/21/3
f 756/42/3 690/42/3 755/42/3
f 756/21/3 728/21/3 690/21/3
f 757/21/3 729/21/3 756/21/3
f 758/21/3 729/21/3 757/21/3
f 759/42/3 731/42/3 730/42/3
f 759/21/3 729/21/3 758/21/3
f 759/42/3 730/42/3 729/42/3
f 760/42/3 731/42/3 759/42/3
f 761/31/3 733/31/3 732/31/3
f 761/31/3 732/31/3 731/31/3
f 762/42/3 735/42/3 734/42/3
f 762/31/3 733/31/3 761/31/3
f 762/42/3 734/42/3 733/42/3
f 763/18/3 737/18/3 736/18/3
f 763/42/3 735/42/3 762/42/3
f 763/18/3 736/18/3 735/18/3
f 764/18/3 737/18/3 763/18/3
f 765/18/3 737/18/3 764/18/3
f 766/17/3 738/17/3 737/17/3
f 766/18/3 737/18/3 765/18/3
f 767/42/3 739/42/3 738/42/3
f 767/17/3 738/17/3 766/17/3
f 767/42/3 740/42/3 739/42/3
f 768/31/3 241/31/3 740/31/3
f 768/42/3 740/42/3 767/42/3
f 769/29/3 116/29/3 241/29/3
f 769/31/3 241/31/3 768/31/3
f 770/1/3 742/1/3 741/1/3
f 771/32/3 172/32/3 742/32/3
f 771/1/3 742/1/3 770/1/3
f 772/2/3 634/2/3 633/2/3
f 772/32/3 633/32/3 173/32/3
f 773/32/3 703/32/3 634/32/3
f 773/2/3 634/2/3 772/2/3
f 774/2/3 704/2/3 703/2/3
f 774/32/3 703/32/3 773/32/3
f 775/32/3 635/32/3 704/32/3
f 776/2/3 705/2/3 635/2/3
f 776/32/3 635/32/3 775/32/3
f 777/29/3 706/29/3 705/29/3
f 777/2/3 705/2/3 776/2/3
f 778/33/3 714/33/3 744/33/3
f 778/33/3 744/33/3 743/33/3
f 779/33/3 714/33/3 778/33/3
f 780/17/3 746/17/3 745/17/3
f 780/42/3 747/42/3 746/42/3
f 780/42/3 748/42/3 747/42/3
f 781/42/3 748/42/3 780/42/3
f 782/31/3 718/31/3 748/31/3
f 782/42/3 748/42/3 781/42/3
f 783/42/3 749/42/3 718/42/3
f 783/31/3 718/31/3 782/31/3
f 784/17/3 750/17/3 749/17/3
f 784/42/3 749/42/3 783/42/3
f 785/17/3 720/17/3 750/17/3
f 785/17/3 750/17/3 784/17/3
f 786/42/3 751/42/3 720/42/3
f 786/17/3 720/17/3 785/17/3
f 787/31/3 724/31/3 752/31/3
f 787/31/3 752/31/3 751/31/3
f 788/42/3 753/42/3 724/42/3
f 788/31/3 724/31/3 787/31/3
f 789/22/3 689/22/3 727/22/3
f 789/22/3 727/22/3 726/22/3
f 790/22/3 689/22/3 789/22/3
f 791/22/3 758/22/3 757/22/3
f 791/42/3 757/42/3 756/42/3
f 792/21/3 760/21/3 759/21/3
f 792/22/3 758/22/3 791/22/3
f 792/21/3 759/21/3 758/21/3
f 793/21/3 760/21/3 792/21/3
f 794/31/3 761/31/3 731/31/3
f 794/42/3 731/42/3 760/42/3
f 795/42/3 762/42/3 761/42/3
f 795/31/3 761/31/3 794/31/3
f 795/42/3 764/42/3 763/42/3
f 795/42/3 763/42/3 762/42/3
f 796/42/3 764/42/3 795/42/3
f 797/42/3 764/42/3 796/42/3
f 798/18/3 765/18/3 764/18/3
f 798/42/3 764/42/3 797/42/3
f 799/42/3 766/42/3 765/42/3
f 799/18/3 765/18/3 798/18/3
f 799/42/3 767/42/3 766/42/3
f 799/42/3 768/42/3 767/42/3
f 799/42/3 769/42/3 768/42/3
f 800/42/3 769/42/3 799/42/3
f 801/42/3 769/42/3 800/42/3
f 802/42/3 769/42/3 801/42/3
f 803/42/3 769/42/3 802/42/3
f 804/29/3 116/29/3 769/29/3
f 804/42/3 769/42/3 803/42/3
f 805/32/3 773/32/3 772/32/3
f 805/2/3 774/2/3 773/2/3
f 806/2/3 704/2/3 774/2/3
f 806/2/3 774/2/3 805/2/3
f 806/32/3 775/32/3 704/32/3
f 807/2/3 776/2/3 775/2/3
f 807/32/3 775/32/3 806/32/3
f 808/30/3 777/30/3 776/30/3
f 808/2/3 776/2/3 807/2/3
f 809/33/3 714/33/3 779/33/3
f 809/1/3 779/1/3 778/1/3
f 810/33/3 714/33/3 809/33/3
f 811/42/3 676/42/3 714/42/3
f 811/33/3 714/33/3 810/33/3
f 812/18/3 745/18/3 676/18/3
f 812/42/3 676/42/3 811/42/3
f 813/17/3 781/17/3 780/17/3
f 813/18/3 745/18/3 812/18/3
f 813/17/3 780/17/3 745/17/3
f 814/17/3 781/17/3 813/17/3
f 815/42/3 784/42/3 783/42/3
f 815/17/3 781/17/3 814/17/3
f 815/42/3 783/42/3 782/42/3
f 815/42/3 782/42/3 781/42/3
f 816/42/3 784/42/3 815/42/3
f 817/42/3 751/42/3 786/42/3
f 817/42/3 786/42/3 785/42/3
f 818/31/3 787/31/3 751/31/3
f 818/42/3 751/42/3 817/42/3
f 819/42/3 753/42/3 788/42/3
f 819/42/3 788/42/3 787/42/3
f 820/22/3 754/22/3 753/22/3
f 820/42/3 753/42/3 819/42/3
f 821/21/3 726/21/3 612/21/3
f 821/22/3 789/22/3 726/22/3
f 822/21/3 790/21/3 789/21/3
f 822/22/3 789/22/3 821/22/3
f 823/22/3 689/22/3 790/22/3
f 823/21/3 790/21/3 822/21/3
f 824/21/3 755/21/3 689/21/3
f 824/22/3 689/22/3 823/22/3
f 824/21/3 756/21/3 755/21/3
f 825/21/3 756/21/3 824/21/3
f 826/24/3 793/24/3 792/24/3
f 826/24/3 792/24/3 791/24/3
f 826/42/3 791/42/3 756/42/3
f 827/21/3 760/21/3 793/21/3
f 827/24/3 793/24/3 826/24/3
f 828/42/3 794/42/3 760/42/3
f 828/21/3 760/21/3 827/21/3
f 828/42/3 796/42/3 795/42/3
f 828/42/3 795/42/3 794/42/3
f 829/42/3 796/42/3 828/42/3
f 830/42/3 798/42/3 797/42/3
f 830/42/3 799/42/3 798/42/3
f 831/42/3 799/42/3 830/42/3
f 832/42/3 799/42/3 831/42/3
f 833/18/3 800/18/3 799/18/3
f 833/42/3 799/42/3 832/42/3
f 834/32/3 805/32/3 772/32/3
f 834/32/3 807/32/3 806/32/3
f 834/32/3 806/32/3 805/32/3
f 834/32/3 808/32/3 807/32/3
f 834/32/3 772/32/3 173/32/3
f 835/30/3 777/30/3 808/30/3
f 835/32/3 808/32/3 834/32/3
f 836/29/3 706/29/3 777/29/3
f 836/30/3 777/30/3 835/30/3
f 837/29/3 743/29/3 707/29/3
f 837/29/3 707/29/3 548/29/3
f 838/33/3 778/33/3 743/33/3
f 838/29/3 743/29/3 837/29/3
f 839/1/3 809/1/3 778/1/3
f 839/33/3 778/33/3 838/33/3
f 840/18/3 814/18/3 813/18/3
f 840/42/3 813/42/3 812/42/3
f 841/17/3 816/17/3 815/17/3
f 841/18/3 814/18/3 840/18/3
f 841/17/3 815/17/3 814/17/3
f 842/17/3 816/17/3 841/17/3
f 843/42/3 784/42/3 816/42/3
f 843/17/3 816/17/3 842/17/3
f 844/42/3 784/42/3 843/42/3
f 845/16/3 785/16/3 784/16/3
f 845/42/3 784/42/3 844/42/3
f 846/42/3 817/42/3 785/42/3
f 846/16/3 785/16/3 845/16/3
f 847/21/3 821/21/3 612/21/3
f 847/24/3 612/24/3 611/24/3
f 848/20/3 822/20/3 821/20/3
f 848/21/3 821/21/3 847/21/3
f 848/20/3 823/20/3 822/20/3
f 848/20/3 825/20/3 824/20/3
f 848/20/3 824/20/3 823/20/3
f 849/21/3 756/21/3 825/21/3
f 849/20/3 825/20/3 848/20/3
f 850/42/3 826/42/3 756/42/3
f 850/21/3 756/21/3 849/21/3
f 851/22/3 827/22/3 826/22/3
f 851/22/3 828/22/3 827/22/3
f 851/21/3 829/21/3 828/21/3
f 852/21/3 829/21/3 851/21/3
f 853/18/3 797/18/3 796/18/3
f 854/42/3 830/42/3 797/42/3
f 854/18/3 797/18/3 853/18/3
f 855/42/3 830/42/3 854/42/3
f 856/18/3 831/18/3 830/18/3
f 856/42/3 830/42/3 855/42/3
f 857/18/3 833/18/3 832/18/3
f 858/18/3 800/18/3 833/18/3
f 858/18/3 833/18/3 857/18/3
f 858/42/3 801/42/3 800/42/3
f 859/18/3 802/18/3 801/18/3
f 860/42/3 803/42/3 802/42/3
f 860/18/3 802/18/3 859/18/3
f 861/1/3 770/1/3 741/1/3
f 861/32/3 741/32/3 117/32/3
f 862/32/3 771/32/3 770/32/3
f 862/1/3 770/1/3 861/1/3
f 863/2/3 835/2/3 834/2/3
f 863/2/3 836/2/3 835/2/3
f 863/32/3 834/32/3 173/32/3
f 864/2/3 836/2/3 863/2/3
f 865/2/3 836/2/3 864/2/3
f 866/2/3 836/2/3 865/2/3
f 867/1/3 839/1/3 838/1/3
f 867/1/3 838/1/3 837/1/3
f 867/29/3 837/29/3 548/29/3
f 868/1/3 839/1/3 867/1/3
f 869/1/3 839/1/3 868/1/3
f 870/1/3 809/1/3 839/1/3
f 870/1/3 839/1/3 869/1/3
f 871/31/3 810/31/3 809/31/3
f 871/33/3 811/33/3 810/33/3
f 872/33/3 811/33/3 871/33/3
f 873/42/3 842/42/3 841/42/3
f 873/31/3 812/31/3 811/31/3
f 873/42/3 841/42/3 840/42/3
f 873/42/3 840/42/3 812/42/3
f 874/42/3 842/42/3 873/42/3
f 875/16/3 843/16/3 842/16/3
f 875/42/3 842/42/3 874/42/3
f 876/42/3 844/42/3 843/42/3
f 876/16/3 843/16/3 875/16/3
f 877/18/3 845/18/3 844/18/3
f 877/42/3 844/42/3 876/42/3
f 878/17/3 846/17/3 845/17/3
f 878/18/3 845/18/3 877/18/3
f 879/42/3 817/42/3 846/42/3
f 879/17/3 846/17/3 878/17/3
f 880/31/3 818/31/3 817/31/3
f 880/42/3 817/42/3 879/42/3
f 881/31/3 787/31/3 818/31/3
f 881/31/3 818/31/3 880/31/3
f 882/42/3 819/42/3 787/42/3
f 882/22/3 820/22/3 819/22/3
f 883/22/3 754/22/3 820/22/3
f 883/22/3 820/22/3 882/22/3
f 883/23/3 611/23/3 610/23/3
f 883/22/3 610/22/3 754/22/3
f 884/24/3 847/24/3 611/24/3
f 884/23/3 611/23/3 883/23/3
f 885/42/3 796/42/3 829/42/3
f 885/18/3 853/18/3 796/18/3
f 886/42/3 855/42/3 854/42/3
f 886/18/3 853/18/3 885/18/3
f 886/42/3 854/42/3 853/42/3
f 887/42/3 855/42/3 886/42/3
f 888/42/3 855/42/3 887/42/3
f 889/42/3 855/42/3 888/42/3
f 890/18/3 856/18/3 855/18/3
f 890/42/3 855/42/3 889/42/3
f 891/18/3 831/18/3 856/18/3
f 891/18/3 856/18/3 890/18/3
f 892/42/3 832/42/3 831/42/3
f 892/18/3 831/18/3 891/18/3
f 893/32/3 862/32/3 861/32/3
f 893/32/3 861/32/3 117/32/3
f 894/32/3 771/32/3 862/32/3
f 894/32/3 862/32/3 893/32/3
f 894/32/3 172/32/3 771/32/3
f 895/31/3 869/31/3 868/31/3
f 895/33/3 870/33/3 869/33/3
f 896/33/3 870/33/3 895/33/3
f 897/31/3 872/31/3 871/31/3
f 897/31/3 871/31/3 809/31/3
f 898/31/3 872/31/3 897/31/3
f 899/33/3 811/33/3 872/33/3
f 899/31/3 872/31/3 898/31/3
f 900/31/3 874/31/3 873/31/3
f 900/33/3 811/33/3 899/33/3
f 900/31/3 873/31/3 811/31/3
f 901/18/3 876/18/3 875/18/3
f 901/42/3 875/42/3 874/42/3
f 902/42/3 878/42/3 877/42/3
f 902/18/3 876/18/3 901/18/3
f 902/42/3 877/42/3 876/42/3
f 903/42/3 878/42/3 902/42/3
f 904/42/3 880/42/3 879/42/3
f 904/18/3 879/18/3 878/18/3
f 904/42/3 881/42/3 880/42/3
f 905/42/3 881/42/3 904/42/3
f 906/24/3 883/24/3 882/24/3
f 906/42/3 882/42/3 787/42/3
f 906/24/3 884/24/3 883/24/3
f 907/24/3 884/24/3 906/24/3
f 908/24/3 884/24/3 907/24/3
f 909/24/3 847/24/3 884/24/3
f 909/24/3 884/24/3 908/24/3
f 910/20/3 849/20/3 848/20/3
f 910/20/3 848/20/3 847/20/3
f 911/20/3 849/20/3 910/20/3
f 912/22/3 851/22/3 826/22/3
f 912/22/3 852/22/3 851/22/3
f 913/21/3 829/21/3 852/21/3
f 913/22/3 852/22/3 912/22/3
f 914/42/3 885/42/3 829/42/3
f 914/21/3 829/21/3 913/21/3
f 914/42/3 886/42/3 885/42/3
f 914/42/3 887/42/3 886/42/3
f 915/42/3 887/42/3 914/42/3
f 916/18/3 888/18/3 887/18/3
f 916/42/3 887/42/3 915/42/3
f 917/17/3 890/17/3 889/17/3
f 917/42/3 889/42/3 888/42/3
f 918/18/3 891/18/3 890/18/3
f 918/17/3 890/17/3 917/17/3
f 919/17/3 892/17/3 891/17/3
f 919/18/3 891/18/3 918/18/3
f 920/18/3 859/18/3 801/18/3
f 921/17/3 860/17/3 859/17/3
f 921/18/3 859/18/3 920/18/3
f 922/42/3 803/42/3 860/42/3
f 922/18/3 804/18/3 803/18/3
f 923/29/3 116/29/3 804/29/3
f 923/18/3 804/18/3 922/18/3
f 924/32/3 893/32/3 117/32/3
f 924/1/3 894/1/3 893/1/3
f 925/32/3 172/32/3 894/32/3
f 925/1/3 894/1/3 924/1/3
f 926/32/3 864/32/3 863/32/3
f 927/2/3 865/2/3 864/2/3
f 927/32/3 864/32/3 926/32/3
f 928/29/3 868/29/3 867/29/3
f 928/29/3 867/29/3 548/29/3
f 929/31/3 896/31/3 895/31/3
f 929/29/3 868/29/3 928/29/3
f 929/31/3 895/31/3 868/31/3
f 930/1/3 809/1/3 870/1/3
f 930/33/3 870/33/3 896/33/3
f 931/31/3 897/31/3 809/31/3
f 931/1/3 809/1/3 930/1/3
f 932/33/3 898/33/3 897/33/3
f 932/31/3 897/31/3 931/31/3
f 933/31/3 899/31/3 898/31/3
f 933/31/3 874/31/3 900/31/3
f 933/42/3 901/42/3 874/42/3
f 933/31/3 900/31/3 899/31/3
f 933/42/3 902/42/3 901/42/3
f 934/42/3 902/42/3 933/42/3
f 935/18/3 903/18/3 902/18/3
f 935/42/3 902/42/3 934/42/3
f 936/42/3 878/42/3 903/42/3
f 936/18/3 903/18/3 935/18/3
f 937/17/3 905/17/3 904/17/3
f 937/18/3 904/18/3 878/18/3
f 938/42/3 881/42/3 905/42/3
f 938/17/3 905/17/3 937/17/3
f 939/31/3 787/31/3 881/31/3
f 939/42/3 881/42/3 938/42/3
f 940/31/3 787/31/3 939/31/3
f 941/20/3 910/20/3 847/20/3
f 942/19/3 911/19/3 910/19/3
f 942/20/3 910/20/3 941/20/3
f 943/20/3 849/20/3 911/20/3
f 943/19/3 911/19/3 942/19/3
f 944/42/3 915/42/3 914/42/3
f 945/17/3 916/17/3 915/17/3
f 945/42/3 915/42/3 944/42/3
f 946/18/3 888/18/3 916/18/3
f 946/17/3 916/17/3 945/17/3
f 947/18/3 920/18/3 801/18/3
f 947/42/3 801/42/3 858/42/3
f 948/17/3 921/17/3 920/17/3
f 948/18/3 920/18/3 947/18/3
f 949/32/3 924/32/3 117/32/3
f 949/32/3 925/32/3 924/32/3
f 950/32/3 172/32/3 925/32/3
f 950/32/3 925/32/3 949/32/3
f 951/32/3 926/32/3 863/32/3
f 951/32/3 863/32/3 173/32/3
f 952/2/3 927/2/3 926/2/3
f 952/32/3 926/32/3 951/32/3
f 953/2/3 865/2/3 927/2/3
f 953/2/3 927/2/3 952/2/3
f 954/32/3 866/32/3 865/32/3
f 954/2/3 865/2/3 953/2/3
f 955/2/3 836/2/3 866/2/3
f 955/32/3 866/32/3 954/32/3
f 956/29/3 706/29/3 836/29/3
f 956/2/3 836/2/3 955/2/3
f 957/31/3 929/31/3 928/31/3
f 957/29/3 928/29/3 548/29/3
f 958/31/3 896/31/3 929/31/3
f 958/31/3 929/31/3 957/31/3
f 958/33/3 931/33/3 930/33/3
f 958/33/3 932/33/3 931/33/3
f 958/33/3 930/33/3 896/33/3
f 959/33/3 932/33/3 958/33/3
f 960/42/3 935/42/3 934/42/3
f 960/31/3 934/31/3 933/31/3
f 960/42/3 936/42/3 935/42/3
f 961/42/3 936/42/3 960/42/3
f 962/42/3 940/42/3 939/42/3
f 962/42/3 939/42/3 938/42/3
f 962/18/3 938/18/3 937/18/3
f 963/42/3 940/42/3 962/42/3
f 964/31/3 787/31/3 940/31/3
f 964/42/3 940/42/3 963/42/3
f 965/42/3 906/42/3 787/42/3
f 965/31/3 787/31/3 964/31/3
f 966/20/3 941/20/3 847/20/3
f 967/19/3 942/19/3 941/19/3
f 967/20/3 941/20/3 966/20/3
f 968/42/3 943/42/3 942/42/3
f 968/19/3 942/19/3 967/19/3
f 969/42/3 943/42/3 968/42/3
f 970/42/3 943/42/3 969/42/3
f 971/22/3 912/22/3 826/22/3
f 972/21/3 913/21/3 912/21/3
f 972/22/3 912/22/3 971/22/3
f 973/18/3 945/18/3 944/18/3
f 973/18/3 946/18/3 945/18/3
f 974/18/3 888/18/3 946/18/3
f 974/18/3 946/18/3 973/18/3
f 974/42/3 917/42/3 888/42/3
f 975/18/3 857/18/3 832/18/3
f 975/42/3 832/42/3 892/42/3
f 976/17/3 858/17/3 857/17/3
f 976/18/3 857/18/3 975/18/3
f 977/32/3 949/32/3 117/32/3
f 977/1/3 950/1/3 949/1/3
f 978/1/3 950/1/3 977/1/3
f 979/2/3 952/2/3 951/2/3
f 979/2/3 953/2/3 952/2/3
f 979/32/3 951/32/3 173/32/3
f 980/32/3 954/32/3 953/32/3
f 980/2/3 953/2/3 979/2/3
f 981/2/3 955/2/3 954/2/3
f 981/32/3 954/32/3 980/32/3
f 982/30/3 956/30/3 955/30/3
f 982/2/3 955/2/3 981/2/3
f 983/29/3 706/29/3 956/29/3
f 983/30/3 956/30/3 982/30/3
f 984/29/3 957/29/3 548/29/3
f 984/1/3 959/1/3 958/1/3
f 984/1/3 958/1/3 957/1/3
f 985/1/3 959/1/3 984/1/3
f 986/1/3 959/1/3 985/1/3
f 987/1/3 959/1/3 986/1/3
f 988/1/3 959/1/3 987/1/3
f 989/33/3 932/33/3 959/33/3
f 989/1/3 959/1/3 988/1/3
f 990/33/3 932/33/3 989/33/3
f 991/31/3 961/31/3 960/31/3
f 991/31/3 960/31/3 933/31/3
f 991/31/3 933/31/3 898/31/3
f 992/31/3 961/31/3 991/31/3
f 993/18/3 937/18/3 878/18/3
f 993/42/3 878/42/3 936/42/3
f 993/42/3 936/42/3 961/42/3
f 993/18/3 962/18/3 937/18/3
f 994/18/3 962/18/3 993/18/3
f 995/16/3 963/16/3 962/16/3
f 995/18/3 962/18/3 994/18/3
f 996/42/3 964/42/3 963/42/3
f 996/16/3 963/16/3 995/16/3
f 996/42/3 965/42/3 964/42/3
f 997/42/3 965/42/3 996/42/3
f 998/28/3 970/28/3 969/28/3
f 998/42/3 969/42/3 968/42/3
f 998/42/3 968/42/3 967/42/3
f 999/42/3 943/42/3 970/42/3
f 999/28/3 970/28/3 998/28/3
f 1000/20/3 849/20/3 943/20/3
f 1000/42/3 943/42/3 999/42/3
f 1001/20/3 849/20/3 1000/20/3
f 1002/22/3 971/22/3 826/22/3
f 1003/21/3 972/21/3 971/21/3
f 1003/22/3 971/22/3 1002/22/3
f 1004/21/3 913/21/3 972/21/3
f 1004/21/3 972/21/3 1003/21/3
f 1005/19/3 914/19/3 913/19/3
f 1005/21/3 913/21/3 1004/21/3
f 1006/42/3 917/42/3 974/42/3
f 1006/18/3 918/18/3 917/18/3
f 1007/17/3 919/17/3 918/17/3
f 1007/18/3 918/18/3 1006/18/3
f 1008/17/3 892/17/3 919/17/3
f 1008/17/3 919/17/3 1007/17/3
f 1008/42/3 975/42/3 892/42/3
f 1009/17/3 976/17/3 975/17/3
f 1009/42/3 975/42/3 1008/42/3
f 1010/42/3 947/42/3 858/42/3
f 1010/17/3 976/17/3 1009/17/3
f 1010/17/3 858/17/3 976/17/3
f 1011/17/3 948/17/3 947/17/3
f 1011/42/3 947/42/3 1010/42/3
f 1012/17/3 860/17/3 921/17/3
f 1012/17/3 948/17/3 1011/17/3
f 1012/17/3 921/17/3 948/17/3
f 1012/42/3 922/42/3 860/42/3
f 1013/17/3 923/17/3 922/17/3
f 1013/42/3 922/42/3 1012/42/3
f 1014/29/3 116/29/3 923/29/3
f 1014/17/3 923/17/3 1013/17/3
f 1015/32/3 978/32/3 977/32/3
f 1016/1/3 950/1/3 978/1/3
f 1016/32/3 978/32/3 1015/32/3
f 1017/32/3 172/32/3 950/32/3
f 1017/1/3 950/1/3 1016/1/3
f 1018/33/3 898/33/3 932/33/3
f 1018/31/3 991/31/3 898/31/3
f 1018/33/3 932/33/3 990/33/3
f 1019/31/3 991/31/3 1018/31/3
f 1020/31/3 991/31/3 1019/31/3
f 1021/31/3 991/31/3 1020/31/3
f 1022/31/3 961/31/3 992/31/3
f 1022/33/3 992/33/3 991/33/3
f 1023/42/3 994/42/3 993/42/3
f 1023/31/3 961/31/3 1022/31/3
f 1023/42/3 993/42/3 961/42/3
f 1024/42/3 994/42/3 1023/42/3
f 1025/18/3 995/18/3 994/18/3
f 1025/42/3 994/42/3 1024/42/3
f 1025/18/3 996/18/3 995/18/3
f 1026/17/3 997/17/3 996/17/3
f 1026/18/3 996/18/3 1025/18/3
f 1027/42/3 965/42/3 997/42/3
f 1027/17/3 997/17/3 1026/17/3
f 1028/42/3 906/42/3 965/42/3
f 1028/42/3 965/42/3 1027/42/3
f 1029/42/3 998/42/3 967/42/3
f 1030/14/3 999/14/3 998/14/3
f 1030/42/3 998/42/3 1029/42/3
f 1031/14/3 999/14/3 1030/14/3
f 1032/14/3 999/14/3 1031/14/3
f 1033/14/3 999/14/3 1032/14/3
f 1034/14/3 999/14/3 1033/14/3
f 1035/42/3 1001/42/3 1000/42/3
f 1035/14/3 999/14/3 1034/14/3
f 1035/42/3 1000/42/3 999/42/3
f 1036/42/3 1001/42/3 1035/42/3
f 1037/42/3 826/42/3 850/42/3
f 1037/22/3 1002/22/3 826/22/3
f 1038/21/3 1003/21/3 1002/21/3
f 1038/22/3 1002/22/3 1037/22/3
f 1038/21/3 1004/21/3 1003/21/3
f 1039/21/3 1004/21/3 1038/21/3
f 1040/20/3 1005/20/3 1004/20/3
f 1040/21/3 1004/21/3 1039/21/3
f 1041/18/3 973/18/3 944/18/3
f 1041/42/3 944/42/3 914/42/3
f 1042/17/3 974/17/3 973/17/3
f 1042/18/3 973/18/3 1041/18/3
f 1043/17/3 974/17/3 1042/17/3
f 1044/42/3 1006/42/3 974/42/3
f 1044/17/3 974/17/3 1043/17/3
f 1045/15/3 1007/15/3 1006/15/3
f 1045/42/3 1006/42/3 1044/42/3
f 1045/15/3 1008/15/3 1007/15/3
f 1046/42/3 1009/42/3 1008/42/3
f 1046/15/3 1008/15/3 1045/15/3
f 1047/15/3 1010/15/3 1009/15/3
f 1047/42/3 1009/42/3 1046/42/3
f 1048/42/3 1011/42/3 1010/42/3
f 1048/15/3 1010/15/3 1047/15/3
f 1049/15/3 1012/15/3 1011/15/3
f 1049/42/3 1011/42/3 1048/42/3
f 1050/42/3 1013/42/3 1012/42/3
f 1050/15/3 1012/15/3 1049/15/3
f 1051/15/3 1014/15/3 1013/15/3
f 1051/42/3 1013/42/3 1050/42/3
f 1052/29/3 116/29/3 1014/29/3
f 1052/15/3 1014/15/3 1051/15/3
f 1053/32/3 1015/32/3 977/32/3
f 1054/1/3 1016/1/3 1015/1/3
f 1054/32/3 1015/32/3 1053/32/3
f 1055/32/3 1017/32/3 1016/32/3
f 1055/1/3 1016/1/3 1054/1/3
f 1056/32/3 980/32/3 979/32/3
f 1056/32/3 982/32/3 981/32/3
f 1056/32/3 979/32/3 173/32/3
f 1056/32/3 981/32/3 980/32/3
f 1057/29/3 983/29/3 982/29/3
f 1057/32/3 982/32/3 1056/32/3
f 1058/1/3 988/1/3 987/1/3
f 1058/33/3 989/33/3 988/33/3
f 1059/33/3 989/33/3 1058/33/3
f 1060/18/3 1027/18/3 1026/18/3
f 1060/17/3 1028/17/3 1027/17/3
f 1061/42/3 906/42/3 1028/42/3
f 1061/17/3 1028/17/3 1060/17/3
f 1062/14/3 1031/14/3 1030/14/3
f 1063/13/3 1032/13/3 1031/13/3
f 1063/14/3 1031/14/3 1062/14/3
f 1064/14/3 1033/14/3 1032/14/3
f 1064/13/3 1032/13/3 1063/13/3
f 1065/13/3 1034/13/3 1033/13/3
f 1065/14/3 1033/14/3 1064/14/3
f 1066/14/3 1035/14/3 1034/14/3
f 1066/13/3 1034/13/3 1065/13/3
f 1067/14/3 1035/14/3 1066/14/3
f 1068/42/3 1037/42/3 850/42/3
f 1068/21/3 1039/21/3 1038/21/3
f 1068/21/3 1038/21/3 1037/21/3
f 1069/19/3 1040/19/3 1039/19/3
f 1069/21/3 1039/21/3 1068/21/3
f 1070/17/3 1043/17/3 1042/17/3
f 1070/17/3 1042/17/3 1041/17/3
f 1071/15/3 1044/15/3 1043/15/3
f 1071/17/3 1043/17/3 1070/17/3
f 1072/42/3 1049/42/3 1048/42/3
f 1072/42/3 1047/42/3 1046/42/3
f 1072/42/3 1052/42/3 1051/42/3
f 1072/42/3 1050/42/3 1049/42/3
f 1072/42/3 1051/42/3 1050/42/3
f 1072/42/3 1046/42/3 1045/42/3
f 1072/42/3 1045/42/3 1044/42/3
f 1072/42/3 1048/42/3 1047/42/3
f 1073/29/3 116/29/3 1052/29/3
f 1073/42/3 1052/42/3 1072/42/3
f 1074/32/3 1053/32/3 977/32/3
f 1074/32/3 977/32/3 117/32/3
f 1075/1/3 1054/1/3 1053/1/3
f 1075/32/3 1053/32/3 1074/32/3
f 1076/32/3 1055/32/3 1054/32/3
f 1076/1/3 1054/1/3 1075/1/3
f 1077/32/3 172/32/3 1017/32/3
f 1077/32/3 1055/32/3 1076/32/3
f 1077/32/3 1017/32/3 1055/32/3
f 1078/32/3 1056/32/3 173/32/3
f 1078/2/3 1057/2/3 1056/2/3
f 1079/2/3 1057/2/3 1078/2/3
f 1080/2/3 1057/2/3 1079/2/3
f 1081/29/3 983/29/3 1057/29/3
f 1081/2/3 1057/2/3 1080/2/3
f 1082/29/3 706/29/3 983/29/3
f 1082/29/3 983/29/3 1081/29/3
f 1083/32/3 985/32/3 984/32/3
f 1083/29/3 984/29/3 548/29/3
f 1084/31/3 986/31/3 985/31/3
f 1084/32/3 985/32/3 1083/32/3
f 1085/33/3 987/33/3 986/33/3
f 1085/31/3 986/31/3 1084/31/3
f 1086/1/3 1058/1/3 987/1/3
f 1086/33/3 987/33/3 1085/33/3
f 1087/31/3 1059/31/3 1058/31/3
f 1087/1/3 1058/1/3 1086/1/3
f 1088/33/3 989/33/3 1059/33/3
f 1088/31/3 1059/31/3 1087/31/3
f 1089/1/3 990/1/3 989/1/3
f 1089/33/3 989/33/3 1088/33/3
f 1090/33/3 1018/33/3 990/33/3
f 1090/1/3 990/1/3 1089/1/3
f 1091/37/3 1019/37/3 1018/37/3
f 1091/33/3 1018/33/3 1090/33/3
f 1092/31/3 1020/31/3 1019/31/3
f 1092/37/3 1019/37/3 1091/37/3
f 1093/33/3 1021/33/3 1020/33/3
f 1093/31/3 1020/31/3 1092/31/3
f 1094/18/3 1025/18/3 1024/18/3
f 1095/42/3 1026/42/3 1025/42/3
f 1095/18/3 1025/18/3 1094/18/3
f 1096/42/3 1026/42/3 1095/42/3
f 1097/18/3 1061/18/3 1060/18/3
f 1097/42/3 1026/42/3 1096/42/3
f 1097/18/3 1060/18/3 1026/18/3
f 1098/42/3 906/42/3 1061/42/3
f 1098/18/3 1061/18/3 1097/18/3
f 1099/20/3 966/20/3 847/20/3
f 1100/19/3 967/19/3 966/19/3
f 1100/20/3 966/20/3 1099/20/3
f 1101/42/3 1029/42/3 967/42/3
f 1101/19/3 967/19/3 1100/19/3
f 1102/14/3 1035/14/3 1067/14/3
f 1102/13/3 1067/13/3 1066/13/3
f 1102/13/3 1066/13/3 1065/13/3
f 1102/13/3 1064/13/3 1063/13/3
f 1102/13/3 1065/13/3 1064/13/3
f 1102/13/3 1063/13/3 1062/13/3
f 1103/14/3 1035/14/3 1102/14/3
f 1104/17/3 1070/17/3 1041/17/3
f 1104/42/3 1041/42/3 914/42/3
f 1105/15/3 1071/15/3 1070/15/3
f 1105/17/3 1070/17/3 1104/17/3
f 1106/15/3 1044/15/3 1071/15/3
f 1106/15/3 1071/15/3 1105/15/3
f 1107/42/3 1072/42/3 1044/42/3
f 1107/15/3 1044/15/3 1106/15/3
f 1108/31/3 1073/31/3 1072/31/3
f 1108/42/3 1072/42/3 1107/42/3
f 1109/31/3 1073/31/3 1108/31/3
f 1110/31/3 1073/31/3 1109/31/3
f 1111/31/3 1073/31/3 1110/31/3
f 1112/31/3 1073/31/3 1111/31/3
f 1113/31/3 1073/31/3 1112/31/3
f 1114/31/3 1073/31/3 1113/31/3
f 1115/31/3 1073/31/3 1114/31/3
f 1116/1/3 1076/1/3 1075/1/3
f 1116/32/3 1074/32/3 117/32/3
f 1116/1/3 1075/1/3 1074/1/3
f 1116/1/3 1077/1/3 1076/1/3
f 1117/32/3 172/32/3 1077/32/3
f 1117/1/3 1077/1/3 1116/1/3
f 1118/29/3 1083/29/3 548/29/3
f 1118/1/3 1085/1/3 1084/1/3
f 1118/1/3 1088/1/3 1087/1/3
f 1118/1/3 1086/1/3 1085/1/3
f 1118/1/3 1087/1/3 1086/1/3
f 1118/1/3 1084/1/3 1083/1/3
f 1118/1/3 1089/1/3 1088/1/3
f 1119/1/3 1089/1/3 1118/1/3
f 1120/1/3 1089/1/3 1119/1/3
f 1121/1/3 1089/1/3 1120/1/3
f 1122/33/3 1090/33/3 1089/33/3
f 1122/1/3 1089/1/3 1121/1/3
f 1122/33/3 1091/33/3 1090/33/3
f 1123/31/3 991/31/3 1021/31/3
f 1123/33/3 1093/33/3 1092/33/3
f 1123/33/3 1021/33/3 1093/33/3
f 1124/31/3 991/31/3 1123/31/3
f 1125/42/3 1096/42/3 1095/42/3
f 1125/31/3 1097/31/3 1096/31/3
f 1126/42/3 1098/42/3 1097/42/3
f 1126/31/3 1097/31/3 1125/31/3
f 1127/42/3 906/42/3 1098/42/3
f 1127/42/3 1098/42/3 1126/42/3
f 1128/13/3 1103/13/3 1102/13/3
f 1128/13/3 1102/13/3 1062/13/3
f 1129/13/3 1103/13/3 1128/13/3
f 1130/15/3 1105/15/3 1104/15/3
f 1130/42/3 1104/42/3 914/42/3
f 1130/15/3 1106/15/3 1105/15/3
f 1131/42/3 1107/42/3 1106/42/3
f 1131/15/3 1106/15/3 1130/15/3
f 1132/31/3 1109/31/3 1108/31/3
f 1132/42/3 1107/42/3 1131/42/3
f 1132/31/3 1108/31/3 1107/31/3
f 1133/31/3 1109/31/3 1132/31/3
f 1134/29/3 1110/29/3 1109/29/3
f 1134/31/3 1109/31/3 1133/31/3
f 1135/31/3 1111/31/3 1110/31/3
f 1135/29/3 1110/29/3 1134/29/3
f 1136/29/3 1112/29/3 1111/29/3
f 1136/31/3 1111/31/3 1135/31/3
f 1137/31/3 1113/31/3 1112/31/3
f 1137/29/3 1112/29/3 1136/29/3
f 1138/29/3 1114/29/3 1113/29/3
f 1138/31/3 1113/31/3 1137/31/3
f 1139/29/3 1114/29/3 1138/29/3
f 1140/26/3 1115/26/3 1114/26/3
f 1140/29/3 1114/29/3 1139/29/3
f 1141/32/3 1117/32/3 1116/32/3
f 1142/32/3 1117/32/3 1141/32/3
f 1143/31/3 1119/31/3 1118/31/3
f 1143/33/3 1120/33/3 1119/33/3
f 1144/33/3 1120/33/3 1143/33/3
f 1145/31/3 1121/31/3 1120/31/3
f 1145/33/3 1122/33/3 1121/33/3
f 1146/33/3 1122/33/3 1145/33/3
f 1147/31/3 1092/31/3 1091/31/3
f 1147/33/3 1124/33/3 1123/33/3
f 1147/33/3 1123/33/3 1092/33/3
f 1148/33/3 1124/33/3 1147/33/3
f 1149/33/3 1022/33/3 991/33/3
f 1149/33/3 1023/33/3 1022/33/3
f 1150/42/3 1024/42/3 1023/42/3
f 1150/33/3 1023/33/3 1149/33/3
f 1151/18/3 1094/18/3 1024/18/3
f 1151/42/3 1024/42/3 1150/42/3
f 1152/17/3 1095/17/3 1094/17/3
f 1152/18/3 1094/18/3 1151/18/3
f 1153/42/3 1125/42/3 1095/42/3
f 1153/17/3 1095/17/3 1152/17/3
f 1153/42/3 1126/42/3 1125/42/3
f 1154/42/3 1126/42/3 1153/42/3
f 1155/31/3 1127/31/3 1126/31/3
f 1155/42/3 1126/42/3 1154/42/3
f 1156/42/3 906/42/3 1127/42/3
f 1156/31/3 1127/31/3 1155/31/3
f 1157/13/3 1128/13/3 1062/13/3
f 1158/2/3 1129/2/3 1128/2/3
f 1158/13/3 1128/13/3 1157/13/3
f 1159/13/3 1103/13/3 1129/13/3
f 1159/2/3 1129/2/3 1158/2/3
f 1160/13/3 1103/13/3 1159/13/3
f 1161/19/3 1040/19/3 1069/19/3
f 1161/20/3 1069/20/3 1068/20/3
f 1162/20/3 1005/20/3 1040/20/3
f 1162/19/3 1040/19/3 1161/19/3
f 1163/42/3 1131/42/3 1130/42/3
f 1164/31/3 1133/31/3 1132/31/3
f 1164/42/3 1131/42/3 1163/42/3
f 1164/31/3 1132/31/3 1131/31/3
f 1165/31/3 1133/31/3 1164/31/3
f 1166/31/3 1133/31/3 1165/31/3
f 1167/29/3 1139/29/3 1138/29/3
f 1167/31/3 1133/31/3 1166/31/3
f 1167/29/3 1137/29/3 1136/29/3
f 1167/29/3 1135/29/3 1134/29/3
f 1167/29/3 1134/29/3 1133/29/3
f 1167/29/3 1136/29/3 1135/29/3
f 1167/29/3 1138/29/3 1137/29/3
f 1168/29/3 1139/29/3 1167/29/3
f 1169/29/3 1139/29/3 1168/29/3
f 1170/26/3 1115/26/3 1140/26/3
f 1170/26/3 1140/26/3 1139/26/3
f 1171/31/3 1073/31/3 1115/31/3
f 1171/26/3 1115/26/3 1170/26/3
f 1172/31/3 1073/31/3 1171/31/3
f 1173/29/3 116/29/3 1073/29/3
f 1173/31/3 1073/31/3 1172/31/3
f 1174/32/3 1116/32/3 117/32/3
f 1174/32/3 1141/32/3 1116/32/3
f 1175/1/3 1142/1/3 1141/1/3
f 1175/32/3 1141/32/3 1174/32/3
f 1176/32/3 1117/32/3 1142/32/3
f 1176/1/3 1142/1/3 1175/1/3
f 1177/32/3 172/32/3 1117/32/3
f 1177/32/3 1117/32/3 1176/32/3
f 1178/32/3 1079/32/3 1078/32/3
f 1178/32/3 1078/32/3 173/32/3
f 1179/2/3 1080/2/3 1079/2/3
f 1179/32/3 1079/32/3 1178/32/3
f 1180/32/3 1081/32/3 1080/32/3
f 1180/2/3 1080/2/3 1179/2/3
f 1181/2/3 1082/2/3 1081/2/3
f 1181/32/3 1081/32/3 1180/32/3
f 1182/29/3 706/29/3 1082/29/3
f 1182/2/3 1082/2/3 1181/2/3
f 1183/32/3 548/32/3 706/32/3
f 1183/29/3 1118/29/3 548/29/3
f 1184/31/3 1144/31/3 1143/31/3
f 1184/29/3 1118/29/3 1183/29/3
f 1184/31/3 1143/31/3 1118/31/3
f 1185/33/3 1120/33/3 1144/33/3
f 1185/31/3 1144/31/3 1184/31/3
f 1186/33/3 1120/33/3 1185/33/3
f 1187/31/3 1146/31/3 1145/31/3
f 1187/33/3 1120/33/3 1186/33/3
f 1187/31/3 1145/31/3 1120/31/3
f 1188/31/3 1146/31/3 1187/31/3
f 1189/33/3 1122/33/3 1146/33/3
f 1189/31/3 1146/31/3 1188/31/3
f 1190/33/3 1122/33/3 1189/33/3
f 1191/31/3 991/31/3 1124/31/3
f 1191/33/3 1124/33/3 1148/33/3
f 1192/33/3 1149/33/3 991/33/3
f 1192/31/3 991/31/3 1191/31/3
f 1193/31/3 1150/31/3 1149/31/3
f 1193/42/3 1152/42/3 1151/42/3
f 1193/42/3 1151/42/3 1150/42/3
f 1194/42/3 1152/42/3 1193/42/3
f 1195/17/3 1154/17/3 1153/17/3
f 1195/42/3 1152/42/3 1194/42/3
f 1195/17/3 1153/17/3 1152/17/3
f 1196/17/3 1154/17/3 1195/17/3
f 1197/42/3 1155/42/3 1154/42/3
f 1197/17/3 1154/17/3 1196/17/3
f 1197/42/3 1156/42/3 1155/42/3
f 1198/42/3 906/42/3 1156/42/3
f 1198/42/3 1156/42/3 1197/42/3
f 1199/13/3 1157/13/3 1062/13/3
f 1200/25/3 1158/25/3 1157/25/3
f 1200/13/3 1157/13/3 1199/13/3
f 1201/25/3 1158/25/3 1200/25/3
f 1202/13/3 1159/13/3 1158/13/3
f 1202/25/3 1158/25/3 1201/25/3
f 1203/13/3 1103/13/3 1160/13/3
f 1203/25/3 1160/25/3 1159/25/3
f 1204/13/3 1103/13/3 1203/13/3
f 1205/20/3 1161/20/3 1068/20/3
f 1205/20/3 1162/20/3 1161/20/3
f 1206/20/3 1005/20/3 1162/20/3
f 1206/20/3 1162/20/3 1205/20/3
f 1207/19/3 914/19/3 1005/19/3
f 1207/20/3 1005/20/3 1206/20/3
f 1208/42/3 1130/42/3 914/42/3
f 1208/19/3 914/19/3 1207/19/3
f 1208/42/3 1163/42/3 1130/42/3
f 1209/42/3 1163/42/3 1208/42/3
f 1210/31/3 1165/31/3 1164/31/3
f 1210/42/3 1163/42/3 1209/42/3
f 1210/31/3 1164/31/3 1163/31/3
f 1211/31/3 1165/31/3 1210/31/3
f 1212/29/3 1166/29/3 1165/29/3
f 1212/31/3 1165/31/3 1211/31/3
f 1213/34/3 1167/34/3 1166/34/3
f 1213/29/3 1166/29/3 1212/29/3
f 1213/34/3 1168/34/3 1167/34/3
f 1214/35/3 1169/35/3 1168/35/3
f 1214/34/3 1168/34/3 1213/34/3
f 1215/29/3 1139/29/3 1169/29/3
f 1215/35/3 1169/35/3 1214/35/3
f 1216/32/3 1176/32/3 1175/32/3
f 1217/32/3 1176/32/3 1216/32/3
f 1218/32/3 1178/32/3 173/32/3
f 1218/2/3 1179/2/3 1178/2/3
f 1218/2/3 1181/2/3 1180/2/3
f 1218/2/3 1180/2/3 1179/2/3
f 1219/29/3 1182/29/3 1181/29/3
f 1219/2/3 1181/2/3 1218/2/3
f 1220/33/3 1192/33/3 1191/33/3
f 1220/33/3 1191/33/3 1148/33/3
f 1220/31/3 1148/31/3 1147/31/3
f 1221/33/3 1149/33/3 1192/33/3
f 1221/33/3 1192/33/3 1220/33/3
f 1222/31/3 1194/31/3 1193/31/3
f 1222/33/3 1149/33/3 1221/33/3
f 1222/31/3 1193/31/3 1149/31/3
f 1223/42/3 1196/42/3 1195/42/3
f 1223/31/3 1194/31/3 1222/31/3
f 1223/42/3 1195/42/3 1194/42/3
f 1224/17/3 1197/17/3 1196/17/3
f 1224/42/3 1196/42/3 1223/42/3
f 1225/18/3 1198/18/3 1197/18/3
f 1225/17/3 1197/17/3 1224/17/3
f 1226/42/3 906/42/3 1198/42/3
f 1226/18/3 1198/18/3 1225/18/3
f 1227/13/3 1199/13/3 1062/13/3
f 1228/25/3 1201/25/3 1200/25/3
f 1228/13/3 1199/13/3 1227/13/3
f 1228/25/3 1200/25/3 1199/25/3
f 1229/13/3 1202/13/3 1201/13/3
f 1229/25/3 1201/25/3 1228/25/3
f 1230/13/3 1159/13/3 1202/13/3
f 1230/13/3 1202/13/3 1229/13/3
f 1231/25/3 1203/25/3 1159/25/3
f 1231/13/3 1159/13/3 1230/13/3
f 1231/25/3 1204/25/3 1203/25/3
f 1232/25/3 1204/25/3 1231/25/3
f 1233/13/3 1103/13/3 1204/13/3
f 1233/25/3 1204/25/3 1232/25/3
f 1234/13/3 1103/13/3 1233/13/3
f 1235/42/3 1068/42/3 850/42/3
f 1235/20/3 1205/20/3 1068/20/3
f 1236/19/3 1206/19/3 1205/19/3
f 1236/20/3 1205/20/3 1235/20/3
f 1237/19/3 1206/19/3 1236/19/3
f 1238/42/3 1209/42/3 1208/42/3
f 1238/19/3 1206/19/3 1237/19/3
f 1238/42/3 1207/42/3 1206/42/3
f 1238/42/3 1208/42/3 1207/42/3
f 1239/42/3 1209/42/3 1238/42/3
f 1240/42/3 1209/42/3 1239/42/3
f 1241/31/3 1211/31/3 1210/31/3
f 1241/42/3 1209/42/3 1240/42/3
f 1241/31/3 1210/31/3 1209/31/3
f 1242/29/3 1214/29/3 1213/29/3
f 1242/31/3 1211/31/3 1241/31/3
f 1242/29/3 1215/29/3 1214/29/3
f 1242/29/3 1213/29/3 1212/29/3
f 1242/29/3 1212/29/3 1211/29/3
f 1243/26/3 1170/26/3 1139/26/3
f 1243/31/3 1172/31/3 1171/31/3
f 1243/31/3 1171/31/3 1170/31/3
f 1244/31/3 1172/31/3 1243/31/3
f 1245/1/3 1175/1/3 1174/1/3
f 1245/32/3 1174/32/3 117/32/3
f 1246/32/3 1216/32/3 1175/32/3
f 1246/1/3 1175/1/3 1245/1/3
f 1247/1/3 1217/1/3 1216/1/3
f 1247/32/3 1216/32/3 1246/32/3
f 1248/32/3 1176/32/3 1217/32/3
f 1249/1/3 1177/1/3 1176/1/3
f 1249/32/3 1176/32/3 1248/32/3
f 1250/32/3 172/32/3 1177/32/3
f 1250/1/3 1177/1/3 1249/1/3
f 1251/32/3 1219/32/3 1218/32/3
f 1251/32/3 1218/32/3 173/32/3
f 1252/29/3 1182/29/3 1219/29/3
f 1252/32/3 1219/32/3 1251/32/3
f 1253/29/3 706/29/3 1182/29/3
f 1253/29/3 1182/29/3 1252/29/3
f 1254/33/3 1188/33/3 1187/33/3
f 1254/31/3 1186/31/3 1185/31/3
f 1254/33/3 1187/33/3 1186/33/3
f 1254/31/3 1185/31/3 1184/31/3
f 1255/33/3 1188/33/3 1254/33/3
f 1256/31/3 1221/31/3 1220/31/3
f 1257/42/3 1225/42/3 1224/42/3
f 1257/31/3 1221/31/3 1256/31/3
f 1257/42/3 1222/42/3 1221/42/3
f 1257/42/3 1223/42/3 1222/42/3
f 1257/42/3 1226/42/3 1225/42/3
f 1257/42/3 1224/42/3 1223/42/3
f 1258/42/3 1226/42/3 1257/42/3
f 1259/42/3 906/42/3 1226/42/3
f 1259/42/3 1226/42/3 1258/42/3
f 1260/13/3 1227/13/3 1062/13/3
f 1261/25/3 1229/25/3 1228/25/3
f 1261/13/3 1227/13/3 1260/13/3
f 1261/25/3 1230/25/3 1229/25/3
f 1261/25/3 1228/25/3 1227/25/3
f 1262/25/3 1230/25/3 1261/25/3
f 1263/25/3 1230/25/3 1262/25/3
f 1264/13/3 1232/13/3 1231/13/3
f 1264/25/3 1230/25/3 1263/25/3
f 1264/13/3 1231/13/3 1230/13/3
f 1265/13/3 1232/13/3 1264/13/3
f 1266/25/3 1233/25/3 1232/25/3
f 1266/13/3 1232/13/3 1265/13/3
f 1266/25/3 1234/25/3 1233/25/3
f 1267/25/3 1234/25/3 1266/25/3
f 1268/13/3 1103/13/3 1234/13/3
f 1268/25/3 1234/25/3 1267/25/3
f 1269/13/3 1103/13/3 1268/13/3
f 1270/42/3 1235/42/3 850/42/3
f 1270/19/3 1237/19/3 1236/19/3
f 1270/19/3 1236/19/3 1235/19/3
f 1271/42/3 1238/42/3 1237/42/3
f 1271/19/3 1237/19/3 1270/19/3
f 1271/42/3 1239/42/3 1238/42/3
f 1272/42/3 1239/42/3 1271/42/3
f 1273/31/3 1240/31/3 1239/31/3
f 1273/42/3 1239/42/3 1272/42/3
f 1274/29/3 1241/29/3 1240/29/3
f 1274/31/3 1240/31/3 1273/31/3
f 1274/29/3 1242/29/3 1241/29/3
f 1275/29/3 1242/29/3 1274/29/3
f 1276/29/3 1215/29/3 1242/29/3
f 1276/29/3 1242/29/3 1275/29/3
f 1277/29/3 1139/29/3 1215/29/3
f 1277/29/3 1215/29/3 1276/29/3
f 1278/26/3 1244/26/3 1243/26/3
f 1278/26/3 1243/26/3 1139/26/3
f 1279/31/3 1172/31/3 1244/31/3
f 1279/26/3 1244/26/3 1278/26/3
f 1280/32/3 1246/32/3 1245/32/3
f 1280/1/3 1247/1/3 1246/1/3
f 1281/1/3 1217/1/3 1247/1/3
f 1281/1/3 1247/1/3 1280/1/3
f 1281/32/3 1248/32/3 1217/32/3
f 1282/1/3 1249/1/3 1248/1/3
f 1282/32/3 1248/32/3 1281/32/3
f 1283/32/3 1250/32/3 1249/32/3
f 1283/1/3 1249/1/3 1282/1/3
f 1284/2/3 1252/2/3 1251/2/3
f 1284/2/3 1253/2/3 1252/2/3
f 1285/2/3 1253/2/3 1284/2/3
f 1286/31/3 1255/31/3 1254/31/3
f 1286/31/3 1254/31/3 1184/31/3
f 1287/33/3 1188/33/3 1255/33/3
f 1287/31/3 1255/31/3 1286/31/3
f 1288/31/3 1189/31/3 1188/31/3
f 1288/33/3 1188/33/3 1287/33/3
f 1288/31/3 1190/31/3 1189/31/3
f 1289/42/3 1258/42/3 1257/42/3
f 1289/42/3 1257/42/3 1256/42/3
f 1290/18/3 1259/18/3 1258/18/3
f 1290/42/3 1258/42/3 1289/42/3
f 1291/18/3 1259/18/3 1290/18/3
f 1292/18/3 1259/18/3 1291/18/3
f 1293/42/3 906/42/3 1259/42/3
f 1293/18/3 1259/18/3 1292/18/3
f 1294/25/3 1262/25/3 1261/25/3
f 1294/25/3 1261/25/3 1260/25/3
f 1295/13/3 1263/13/3 1262/13/3
f 1295/25/3 1262/25/3 1294/25/3
f 1296/25/3 1265/25/3 1264/25/3
f 1296/13/3 1263/13/3 1295/13/3
f 1296/25/3 1264/25/3 1263/25/3
f 1297/25/3 1265/25/3 1296/25/3
f 1298/13/3 1267/13/3 1266/13/3
f 1298/13/3 1266/13/3 1265/13/3
f 1299/25/3 1269/25/3 1268/25/3
f 1299/13/3 1267/13/3 1298/13/3
f 1299/25/3 1268/25/3 1267/25/3
f 1300/20/3 849/20/3 1001/20/3
f 1301/19/3 850/19/3 849/19/3
f 1301/20/3 849/20/3 1300/20/3
f 1302/42/3 1272/42/3 1271/42/3
f 1302/19/3 850/19/3 1301/19/3
f 1302/42/3 1271/42/3 1270/42/3
f 1302/42/3 1270/42/3 850/42/3
f 1303/42/3 1272/42/3 1302/42/3
f 1304/31/3 1273/31/3 1272/31/3
f 1304/42/3 1272/42/3 1303/42/3
f 1305/29/3 1274/29/3 1273/29/3
f 1305/31/3 1273/31/3 1304/31/3
f 1306/35/3 1275/35/3 1274/35/3
f 1306/29/3 1274/29/3 1305/29/3
f 1307/29/3 1276/29/3 1275/29/3
f 1307/35/3 1275/35/3 1306/35/3
f 1308/29/3 1276/29/3 1307/29/3
f 1309/29/3 1276/29/3 1308/29/3
f 1310/32/3 1285/32/3 1284/32/3
f 1311/2/3 1253/2/3 1285/2/3
f 1311/32/3 1285/32/3 1310/32/3
f 1312/33/3 1091/33/3 1122/33/3
f 1312/33/3 1122/33/3 1190/33/3
f 1313/31/3 1256/31/3 1220/31/3
f 1313/33/3 1091/33/3 1312/33/3
f 1313/31/3 1220/31/3 1147/31/3
f 1313/31/3 1147/31/3 1091/31/3
f 1314/18/3 1290/18/3 1289/18/3
f 1315/17/3 1291/17/3 1290/17/3
f 1315/18/3 1290/18/3 1314/18/3
f 1316/16/3 1292/16/3 1291/16/3
f 1316/17/3 1291/17/3 1315/17/3
f 1317/42/3 1293/42/3 1292/42/3
f 1317/16/3 1292/16/3 1316/16/3
f 1318/42/3 1293/42/3 1317/42/3
f 1319/42/3 906/42/3 1293/42/3
f 1319/42/3 1293/42/3 1318/42/3
f 1320/13/3 1260/13/3 1062/13/3
f 1321/25/3 1294/25/3 1260/25/3
f 1321/13/3 1260/13/3 1320/13/3
f 1322/13/3 1296/13/3 1295/13/3
f 1322/13/3 1295/13/3 1294/13/3
f 1322/25/3 1265/25/3 1297/25/3
f 1322/13/3 1297/13/3 1296/13/3
f 1323/25/3 1265/25/3 1322/25/3
f 1324/13/3 1298/13/3 1265/13/3
f 1325/25/3 1299/25/3 1298/25/3
f 1325/13/3 1298/13/3 1324/13/3
f 1326/25/3 1269/25/3 1299/25/3
f 1326/25/3 1299/25/3 1325/25/3
f 1327/13/3 1103/13/3 1269/13/3
f 1327/25/3 1269/25/3 1326/25/3
f 1328/13/3 1103/13/3 1327/13/3
f 1329/42/3 1303/42/3 1302/42/3
f 1329/42/3 1302/42/3 1301/42/3
f 1330/31/3 1304/31/3 1303/31/3
f 1330/42/3 1303/42/3 1329/42/3
f 1331/31/3 1304/31/3 1330/31/3
f 1332/29/3 1305/29/3 1304/29/3
f 1332/31/3 1304/31/3 1331/31/3
f 1332/29/3 1306/29/3 1305/29/3
f 1333/35/3 1308/35/3 1307/35/3
f 1333/28/3 1307/28/3 1306/28/3
f 1334/35/3 1308/35/3 1333/35/3
f 1335/34/3 1309/34/3 1308/34/3
f 1335/35/3 1308/35/3 1334/35/3
f 1336/29/3 1276/29/3 1309/29/3
f 1336/34/3 1309/34/3 1335/34/3
f 1337/29/3 1139/29/3 1277/29/3
f 1337/30/3 1277/30/3 1276/30/3
f 1338/26/3 1278/26/3 1139/26/3
f 1338/29/3 1139/29/3 1337/29/3
f 1339/32/3 1280/32/3 1245/32/3
f 1339/32/3 1281/32/3 1280/32/3
f 1339/32/3 1283/32/3 1282/32/3
f 1339/32/3 1282/32/3 1281/32/3
f 1340/32/3 1250/32/3 1283/32/3
f 1340/32/3 1283/32/3 1339/32/3
f 1340/32/3 172/32/3 1250/32/3
f 1341/2/3 1253/2/3 1311/2/3
f 1341/29/3 706/29/3 1253/29/3
f 1342/32/3 1184/32/3 1183/32/3
f 1342/29/3 706/29/3 1341/29/3
f 1342/32/3 1183/32/3 706/32/3
f 1343/31/3 1286/31/3 1184/31/3
f 1344/35/3 1287/35/3 1286/35/3
f 1344/31/3 1286/31/3 1343/31/3
f 1345/31/3 1256/31/3 1313/31/3
f 1345/31/3 1313/31/3 1312/31/3
f 1346/31/3 1256/31/3 1345/31/3
f 1347/17/3 1315/17/3 1314/17/3
f 1347/18/3 1314/18/3 1289/18/3
f 1348/16/3 1316/16/3 1315/16/3
f 1348/17/3 1315/17/3 1347/17/3
f 1349/42/3 1317/42/3 1316/42/3
f 1349/16/3 1316/16/3 1348/16/3
f 1349/42/3 1318/42/3 1317/42/3
f 1350/42/3 1318/42/3 1349/42/3
f 1351/31/3 1319/31/3 1318/31/3
f 1351/42/3 1318/42/3 1350/42/3
f 1352/13/3 1322/13/3 1294/13/3
f 1352/25/3 1294/25/3 1321/25/3
f 1352/25/3 1321/25/3 1320/25/3
f 1352/13/3 1323/13/3 1322/13/3
f 1353/13/3 1323/13/3 1352/13/3
f 1354/25/3 1265/25/3 1323/25/3
f 1354/13/3 1323/13/3 1353/13/3
f 1355/25/3 1265/25/3 1354/25/3
f 1356/25/3 1326/25/3 1325/25/3
f 1356/25/3 1325/25/3 1324/25/3
f 1357/13/3 1327/13/3 1326/13/3
f 1357/25/3 1326/25/3 1356/25/3
f 1358/31/3 1331/31/3 1330/31/3
f 1358/31/3 1330/31/3 1329/31/3
f 1358/42/3 1329/42/3 1301/42/3
f 1359/31/3 1331/31/3 1358/31/3
f 1360/29/3 1332/29/3 1331/29/3
f 1360/31/3 1331/31/3 1359/31/3
f 1361/28/3 1334/28/3 1333/28/3
f 1361/29/3 1332/29/3 1360/29/3
f 1361/28/3 1333/28/3 1306/28/3
f 1361/29/3 1306/29/3 1332/29/3
f 1362/29/3 1335/29/3 1334/29/3
f 1362/28/3 1334/28/3 1361/28/3
f 1362/29/3 1336/29/3 1335/29/3
f 1363/29/3 1276/29/3 1336/29/3
f 1363/29/3 1336/29/3 1362/29/3
f 1364/30/3 1337/30/3 1276/30/3
f 1364/29/3 1276/29/3 1363/29/3
f 1364/30/3 1338/30/3 1337/30/3
f 1365/30/3 1338/30/3 1364/30/3
f 1366/26/3 1278/26/3 1338/26/3
f 1366/30/3 1338/30/3 1365/30/3
f 1367/31/3 1279/31/3 1278/31/3
f 1367/26/3 1278/26/3 1366/26/3
f 1368/31/3 1172/31/3 1279/31/3
f 1368/31/3 1279/31/3 1367/31/3
f 1369/32/3 1173/32/3 1172/32/3
f 1369/31/3 1172/31/3 1368/31/3
f 1370/29/3 116/29/3 1173/29/3
f 1370/32/3 1173/32/3 1369/32/3
f 1371/32/3 1339/32/3 1245/32/3
f 1371/32/3 1245/32/3 117/32/3
f 1372/1/3 1340/1/3 1339/1/3
f 1372/32/3 1339/32/3 1371/32/3
f 1373/32/3 172/32/3 1340/32/3
f 1373/1/3 1340/1/3 1372/1/3
f 1374/32/3 1251/32/3 173/32/3
f 1374/2/3 1284/2/3 1251/2/3
f 1375/32/3 1310/32/3 1284/32/3
f 1375/2/3 1284/2/3 1374/2/3
f 1376/30/3 1311/30/3 1310/30/3
f 1376/32/3 1310/32/3 1375/32/3
f 1377/2/3 1341/2/3 1311/2/3
f 1377/30/3 1311/30/3 1376/30/3
f 1378/32/3 1342/32/3 1341/32/3
f 1378/2/3 1341/2/3 1377/2/3
f 1379/16/3 1348/16/3 1347/16/3
f 1379/18/3 1347/18/3 1289/18/3
f 1380/42/3 1349/42/3 1348/42/3
f 1380/16/3 1348/16/3 1379/16/3
f 1380/42/3 1350/42/3 1349/42/3
f 1381/42/3 906/42/3 1319/42/3
f 1381/20/3 907/20/3 906/20/3
f 1382/20/3 907/20/3 1381/20/3
f 1383/13/3 1320/13/3 1062/13/3
f 1383/14/3 1062/14/3 1030/14/3
f 1384/25/3 1353/25/3 1352/25/3
f 1384/13/3 1320/13/3 1383/13/3
f 1384/25/3 1352/25/3 1320/25/3
f 1385/13/3 1355/13/3 1354/13/3
f 1385/25/3 1353/25/3 1384/25/3
f 1385/13/3 1354/13/3 1353/13/3
f 1386/13/3 1355/13/3 1385/13/3
f 1387/13/3 1355/13/3 1386/13/3
f 1388/25/3 1265/25/3 1355/25/3
f 1388/13/3 1355/13/3 1387/13/3
f 1389/13/3 1324/13/3 1265/13/3
f 1389/25/3 1265/25/3 1388/25/3
f 1390/25/3 1356/25/3 1324/25/3
f 1390/13/3 1324/13/3 1389/13/3
f 1391/25/3 1356/25/3 1390/25/3
f 1392/13/3 1357/13/3 1356/13/3
f 1392/25/3 1356/25/3 1391/25/3
f 1393/13/3 1327/13/3 1357/13/3
f 1393/13/3 1357/13/3 1392/13/3
f 1393/2/3 1328/2/3 1327/2/3
f 1394/13/3 1103/13/3 1328/13/3
f 1394/2/3 1328/2/3 1393/2/3
f 1395/13/3 1103/13/3 1394/13/3
f 1396/28/3 1360/28/3 1359/28/3
f 1396/29/3 1361/29/3 1360/29/3
f 1396/29/3 1362/29/3 1361/29/3
f 1397/29/3 1362/29/3 1396/29/3
f 1398/29/3 1362/29/3 1397/29/3
f 1399/29/3 1362/29/3 1398/29/3
f 1400/35/3 1363/35/3 1362/35/3
f 1400/29/3 1362/29/3 1399/29/3
f 1401/35/3 1363/35/3 1400/35/3
f 1402/29/3 1365/29/3 1364/29/3
f 1402/35/3 1363/35/3 1401/35/3
f 1402/29/3 1364/29/3 1363/29/3
f 1403/31/3 1369/31/3 1368/31/3
f 1403/31/3 1370/31/3 1369/31/3
f 1403/26/3 1368/26/3 1367/26/3
f 1404/31/3 1370/31/3 1403/31/3
f 1405/2/3 1376/2/3 1375/2/3
f 1405/32/3 1375/32/3 1374/32/3
f 1405/2/3 1377/2/3 1376/2/3
f 1406/2/3 1377/2/3 1405/2/3
f 1407/32/3 1378/32/3 1377/32/3
f 1407/2/3 1377/2/3 1406/2/3
f 1408/31/3 1343/31/3 1184/31/3
f 1409/35/3 1344/35/3 1343/35/3
f 1409/31/3 1343/31/3 1408/31/3
f 1410/35/3 1287/35/3 1344/35/3
f 1410/35/3 1344/35/3 1409/35/3
f 1411/33/3 1312/33/3 1190/33/3
f 1412/31/3 1345/31/3 1312/31/3
f 1412/33/3 1312/33/3 1411/33/3
f 1413/31/3 1256/31/3 1346/31/3
f 1413/33/3 1346/33/3 1345/33/3
f 1414/31/3 1256/31/3 1413/31/3
f 1415/42/3 1289/42/3 1256/42/3
f 1415/31/3 1256/31/3 1414/31/3
f 1416/18/3 1379/18/3 1289/18/3
f 1416/42/3 1289/42/3 1415/42/3
f 1416/18/3 1380/18/3 1379/18/3
f 1417/18/3 1380/18/3 1416/18/3
f 1418/42/3 1350/42/3 1380/42/3
f 1418/18/3 1380/18/3 1417/18/3
f 1419/42/3 1350/42/3 1418/42/3
f 1420/31/3 1351/31/3 1350/31/3
f 1420/42/3 1350/42/3 1419/42/3
f 1421/31/3 1351/31/3 1420/31/3
f 1422/31/3 1319/31/3 1351/31/3
f 1422/31/3 1351/31/3 1421/31/3
f 1422/42/3 1382/42/3 1381/42/3
f 1422/42/3 1381/42/3 1319/42/3
f 1423/42/3 1382/42/3 1422/42/3
f 1424/25/3 1384/25/3 1383/25/3
f 1424/25/3 1385/25/3 1384/25/3
f 1424/25/3 1386/25/3 1385/25/3
f 1425/25/3 1386/25/3 1424/25/3
f 1426/13/3 1387/13/3 1386/13/3
f 1426/25/3 1386/25/3 1425/25/3
f 1427/25/3 1391/25/3 1390/25/3
f 1427/13/3 1387/13/3 1426/13/3
f 1427/25/3 1388/25/3 1387/25/3
f 1427/25/3 1390/25/3 1389/25/3
f 1427/25/3 1389/25/3 1388/25/3
f 1428/25/3 1391/25/3 1427/25/3
f 1429/25/3 1391/25/3 1428/25/3
f 1430/25/3 1391/25/3 1429/25/3
f 1431/13/3 1392/13/3 1391/13/3
f 1431/25/3 1391/25/3 1430/25/3
f 1431/13/3 1393/13/3 1392/13/3
f 1431/13/3 1394/13/3 1393/13/3
f 1432/29/3 1398/29/3 1397/29/3
f 1432/28/3 1397/28/3 1396/28/3
f 1433/29/3 1398/29/3 1432/29/3
f 1434/35/3 1399/35/3 1398/35/3
f 1434/29/3 1398/29/3 1433/29/3
f 1435/35/3 1399/35/3 1434/35/3
f 1436/20/3 1401/20/3 1400/20/3
f 1436/35/3 1399/35/3 1435/35/3
f 1436/20/3 1400/20/3 1399/20/3
f 1437/29/3 1402/29/3 1401/29/3
f 1437/20/3 1401/20/3 1436/20/3
f 1438/29/3 1402/29/3 1437/29/3
f 1439/29/3 1365/29/3 1402/29/3
f 1439/29/3 1402/29/3 1438/29/3
f 1439/30/3 1366/30/3 1365/30/3
f 1440/29/3 1367/29/3 1366/29/3
f 1440/30/3 1366/30/3 1439/30/3
f 1441/26/3 1404/26/3 1403/26/3
f 1441/29/3 1367/29/3 1440/29/3
f 1441/26/3 1403/26/3 1367/26/3
f 1442/26/3 1404/26/3 1441/26/3
f 1443/1/3 1372/1/3 1371/1/3
f 1443/32/3 1371/32/3 117/32/3
f 1444/32/3 1373/32/3 1372/32/3
f 1444/1/3 1372/1/3 1443/1/3
f 1445/32/3 172/32/3 1373/32/3
f 1445/32/3 1373/32/3 1444/32/3
f 1446/32/3 1374/32/3 173/32/3
f 1446/32/3 1406/32/3 1405/32/3
f 1446/32/3 1405/32/3 1374/32/3
f 1447/30/3 1407/30/3 1406/30/3
f 1447/32/3 1406/32/3 1446/32/3
f 1448/32/3 1378/32/3 1407/32/3
f 1448/30/3 1407/30/3 1447/30/3
f 1449/32/3 1342/32/3 1378/32/3
f 1449/32/3 1378/32/3 1448/32/3
f 1450/32/3 1184/32/3 1342/32/3
f 1450/32/3 1342/32/3 1449/32/3
f 1451/31/3 1408/31/3 1184/31/3
f 1451/32/3 1184/32/3 1450/32/3
f 1452/31/3 1190/31/3 1288/31/3
f 1452/31/3 1288/31/3 1287/31/3
f 1453/31/3 1190/31/3 1452/31/3
f 1454/31/3 1345/31/3 1412/31/3
f 1454/31/3 1412/31/3 1411/31/3
f 1455/33/3 1414/33/3 1413/33/3
f 1455/31/3 1345/31/3 1454/31/3
f 1455/33/3 1413/33/3 1345/33/3
f 1456/42/3 1417/42/3 1416/42/3
f 1456/18/3 1419/18/3 1418/18/3
f 1456/18/3 1418/18/3 1417/18/3
f 1457/18/3 1419/18/3 1456/18/3
f 1458/42/3 1421/42/3 1420/42/3
f 1458/18/3 1419/18/3 1457/18/3
f 1458/42/3 1420/42/3 1419/42/3
f 1459/42/3 1421/42/3 1458/42/3
f 1460/31/3 1423/31/3 1422/31/3
f 1460/42/3 1421/42/3 1459/42/3
f 1460/31/3 1422/31/3 1421/31/3
f 1461/31/3 1423/31/3 1460/31/3
f 1462/31/3 1423/31/3 1461/31/3
f 1463/42/3 1382/42/3 1423/42/3
f 1463/31/3 1423/31/3 1462/31/3
f 1464/13/3 1425/13/3 1424/13/3
f 1464/25/3 1426/25/3 1425/25/3
f 1464/25/3 1427/25/3 1426/25/3
f 1464/25/3 1428/25/3 1427/25/3
f 1465/25/3 1428/25/3 1464/25/3
f 1466/25/3 1428/25/3 1465/25/3
f 1467/13/3 1429/13/3 1428/13/3
f 1467/25/3 1428/25/3 1466/25/3
f 1468/25/3 1430/25/3 1429/25/3
f 1468/13/3 1429/13/3 1467/13/3
f 1469/25/3 1430/25/3 1468/25/3
f 1470/25/3 1430/25/3 1469/25/3
f 1471/13/3 1431/13/3 1430/13/3
f 1471/25/3 1430/25/3 1470/25/3
f 1472/31/3 1437/31/3 1436/31/3
f 1473/31/3 1437/31/3 1472/31/3
f 1474/29/3 1439/29/3 1438/29/3
f 1474/20/3 1438/20/3 1437/20/3
f 1474/29/3 1442/29/3 1441/29/3
f 1474/29/3 1440/29/3 1439/29/3
f 1474/29/3 1441/29/3 1440/29/3
f 1475/26/3 1404/26/3 1442/26/3
f 1475/29/3 1442/29/3 1474/29/3
f 1476/31/3 1370/31/3 1404/31/3
f 1476/26/3 1404/26/3 1475/26/3
f 1477/32/3 1444/32/3 1443/32/3
f 1477/1/3 1445/1/3 1444/1/3
f 1478/32/3 172/32/3 1445/32/3
f 1478/1/3 1445/1/3 1477/1/3
f 1479/2/3 1447/2/3 1446/2/3
f 1479/2/3 1449/2/3 1448/2/3
f 1479/2/3 1448/2/3 1447/2/3
f 1480/2/3 1449/2/3 1479/2/3
f 1481/2/3 1449/2/3 1480/2/3
f 1482/2/3 1449/2/3 1481/2/3
f 1483/2/3 1449/2/3 1482/2/3
f 1484/31/3 1408/31/3 1451/31/3
f 1484/31/3 1451/31/3 1450/31/3
f 1485/35/3 1409/35/3 1408/35/3
f 1485/31/3 1408/31/3 1484/31/3
f 1486/33/3 1411/33/3 1190/33/3
f 1487/31/3 1454/31/3 1411/31/3
f 1487/33/3 1411/33/3 1486/33/3
f 1488/42/3 1457/42/3 1456/42/3
f 1488/42/3 1456/42/3 1416/42/3
f 1488/31/3 1415/31/3 1414/31/3
f 1488/31/3 1416/31/3 1415/31/3
f 1489/42/3 1457/42/3 1488/42/3
f 1490/17/3 1458/17/3 1457/17/3
f 1490/42/3 1457/42/3 1489/42/3
f 1491/16/3 1459/16/3 1458/16/3
f 1491/17/3 1458/17/3 1490/17/3
f 1492/42/3 1461/42/3 1460/42/3
f 1492/16/3 1459/16/3 1491/16/3
f 1492/42/3 1460/42/3 1459/42/3
f 1493/42/3 1461/42/3 1492/42/3
f 1494/42/3 1461/42/3 1493/42/3
f 1495/42/3 1461/42/3 1494/42/3
f 1496/42/3 1461/42/3 1495/42/3
f 1497/31/3 1462/31/3 1461/31/3
f 1497/42/3 1461/42/3 1496/42/3
f 1498/42/3 1463/42/3 1462/42/3
f 1498/31/3 1462/31/3 1497/31/3
f 1499/28/3 1433/28/3 1432/28/3
f 1499/28/3 1432/28/3 1396/28/3
f 1500/29/3 1435/29/3 1434/29/3
f 1500/28/3 1433/28/3 1499/28/3
f 1500/29/3 1434/29/3 1433/29/3
f 1501/20/3 1474/20/3 1437/20/3
f 1501/36/3 1475/36/3 1474/36/3
f 1502/29/3 1476/29/3 1475/29/3
f 1502/36/3 1475/36/3 1501/36/3
f 1503/32/3 1477/32/3 1443/32/3
f 1503/32/3 1443/32/3 117/32/3
f 1503/32/3 1478/32/3 1477/32/3
f 1504/32/3 172/32/3 1478/32/3
f 1504/32/3 1478/32/3 1503/32/3
f 1505/31/3 1484/31/3 1450/31/3
f 1505/32/3 1450/32/3 1449/32/3
f 1506/35/3 1485/35/3 1484/35/3
f 1506/31/3 1484/31/3 1505/31/3
f 1507/35/3 1409/35/3 1485/35/3
f 1507/35/3 1485/35/3 1506/35/3
f 1508/31/3 1190/31/3 1453/31/3
f 1508/33/3 1486/33/3 1190/33/3
f 1509/31/3 1487/31/3 1486/31/3
f 1509/33/3 1486/33/3 1508/33/3
f 1510/33/3 1414/33/3 1455/33/3
f 1510/33/3 1455/33/3 1454/33/3
f 1510/31/3 1488/31/3 1414/31/3
f 1510/31/3 1489/31/3 1488/31/3
f 1511/31/3 1489/31/3 1510/31/3
f 1512/42/3 1491/42/3 1490/42/3
f 1512/31/3 1489/31/3 1511/31/3
f 1512/42/3 1490/42/3 1489/42/3
f 1513/42/3 1491/42/3 1512/42/3
f 1514/18/3 1493/18/3 1492/18/3
f 1514/42/3 1491/42/3 1513/42/3
f 1514/18/3 1492/18/3 1491/18/3
f 1515/17/3 1494/17/3 1493/17/3
f 1515/18/3 1493/18/3 1514/18/3
f 1516/18/3 1495/18/3 1494/18/3
f 1516/17/3 1494/17/3 1515/17/3
f 1517/17/3 1496/17/3 1495/17/3
f 1517/18/3 1495/18/3 1516/18/3
f 1518/42/3 1497/42/3 1496/42/3
f 1518/17/3 1496/17/3 1517/17/3
f 1518/42/3 1498/42/3 1497/42/3
f 1519/42/3 1382/42/3 1463/42/3
f 1519/42/3 1498/42/3 1518/42/3
f 1519/42/3 1463/42/3 1498/42/3
f 1520/13/3 1464/13/3 1424/13/3
f 1520/13/3 1465/13/3 1464/13/3
f 1521/25/3 1466/25/3 1465/25/3
f 1521/13/3 1465/13/3 1520/13/3
f 1522/13/3 1467/13/3 1466/13/3
f 1522/25/3 1466/25/3 1521/25/3
f 1522/13/3 1468/13/3 1467/13/3
f 1522/13/3 1469/13/3 1468/13/3
f 1523/13/3 1469/13/3 1522/13/3
f 1524/13/3 1469/13/3 1523/13/3
f 1525/25/3 1470/25/3 1469/25/3
f 1525/13/3 1469/13/3 1524/13/3
f 1526/13/3 1471/13/3 1470/13/3
f 1526/13/3 1431/13/3 1471/13/3
f 1526/13/3 1394/13/3 1431/13/3
f 1527/25/3 1395/25/3 1394/25/3
f 1527/13/3 1394/13/3 1526/13/3
f 1528/28/3 1499/28/3 1396/28/3
f 1528/28/3 1396/28/3 1359/28/3
f 1529/29/3 1500/29/3 1499/29/3
f 1529/28/3 1499/28/3 1528/28/3
f 1530/29/3 1502/29/3 1501/29/3
f 1531/29/3 1476/29/3 1502/29/3
f 1531/29/3 1502/29/3 1530/29/3
f 1532/31/3 1370/31/3 1476/31/3
f 1532/29/3 1476/29/3 1531/29/3
f 1533/29/3 116/29/3 1370/29/3
f 1533/31/3 1370/31/3 1532/31/3
f 1534/32/3 1503/32/3 117/32/3
f 1534/1/3 1504/1/3 1503/1/3
f 1535/1/3 1504/1/3 1534/1/3
f 1536/32/3 1482/32/3 1481/32/3
f 1536/29/3 1483/29/3 1482/29/3
f 1537/2/3 1449/2/3 1483/2/3
f 1537/29/3 1483/29/3 1536/29/3
f 1538/31/3 1452/31/3 1287/31/3
f 1538/33/3 1453/33/3 1452/33/3
f 1539/31/3 1508/31/3 1453/31/3
f 1539/33/3 1453/33/3 1538/33/3
f 1539/31/3 1509/31/3 1508/31/3
f 1540/31/3 1509/31/3 1539/31/3
f 1541/31/3 1487/31/3 1509/31/3
f 1541/31/3 1509/31/3 1540/31/3
f 1542/31/3 1454/31/3 1487/31/3
f 1542/31/3 1487/31/3 1541/31/3
f 1543/42/3 1516/42/3 1515/42/3
f 1543/42/3 1515/42/3 1514/42/3
f 1543/31/3 1513/31/3 1512/31/3
f 1543/42/3 1514/42/3 1513/42/3
f 1543/31/3 1512/31/3 1511/31/3
f 1544/42/3 1516/42/3 1543/42/3
f 1545/18/3 1518/18/3 1517/18/3
f 1545/42/3 1516/42/3 1544/42/3
f 1545/18/3 1517/18/3 1516/18/3
f 1545/18/3 1519/18/3 1518/18/3
f 1546/42/3 1382/42/3 1519/42/3
f 1546/18/3 1519/18/3 1545/18/3
f 1547/13/3 1520/13/3 1424/13/3
f 1548/25/3 1521/25/3 1520/25/3
f 1548/13/3 1520/13/3 1547/13/3
f 1548/25/3 1523/25/3 1522/25/3
f 1548/25/3 1522/25/3 1521/25/3
f 1549/13/3 1524/13/3 1523/13/3
f 1549/25/3 1523/25/3 1548/25/3
f 1550/25/3 1525/25/3 1524/25/3
f 1550/13/3 1524/13/3 1549/13/3
f 1551/25/3 1470/25/3 1525/25/3
f 1551/25/3 1525/25/3 1550/25/3
f 1551/13/3 1526/13/3 1470/13/3
f 1552/25/3 1527/25/3 1526/25/3
f 1552/13/3 1526/13/3 1551/13/3
f 1553/28/3 1528/28/3 1359/28/3
f 1553/30/3 1359/30/3 1358/30/3
f 1554/29/3 1529/29/3 1528/29/3
f 1554/28/3 1528/28/3 1553/28/3
f 1555/29/3 1435/29/3 1500/29/3
f 1555/29/3 1529/29/3 1554/29/3
f 1555/20/3 1436/20/3 1435/20/3
f 1555/29/3 1500/29/3 1529/29/3
f 1556/29/3 1530/29/3 1501/29/3
f 1556/20/3 1501/20/3 1437/20/3
f 1557/29/3 1530/29/3 1556/29/3
f 1558/29/3 1530/29/3 1557/29/3
f 1559/26/3 1531/26/3 1530/26/3
f 1559/29/3 1530/29/3 1558/29/3
f 1560/29/3 1532/29/3 1531/29/3
f 1560/26/3 1531/26/3 1559/26/3
f 1561/32/3 1533/32/3 1532/32/3
f 1561/29/3 1532/29/3 1560/29/3
f 1562/32/3 1535/32/3 1534/32/3
f 1563/1/3 1504/1/3 1535/1/3
f 1563/32/3 1535/32/3 1562/32/3
f 1564/32/3 172/32/3 1504/32/3
f 1564/1/3 1504/1/3 1563/1/3
f 1565/2/3 1479/2/3 1446/2/3
f 1565/32/3 1446/32/3 173/32/3
f 1566/32/3 1480/32/3 1479/32/3
f 1566/2/3 1479/2/3 1565/2/3
f 1567/2/3 1481/2/3 1480/2/3
f 1567/32/3 1480/32/3 1566/32/3
f 1568/32/3 1536/32/3 1481/32/3
f 1568/2/3 1481/2/3 1567/2/3
f 1568/32/3 1537/32/3 1536/32/3
f 1569/2/3 1449/2/3 1537/2/3
f 1569/32/3 1537/32/3 1568/32/3
f 1570/32/3 1505/32/3 1449/32/3
f 1570/2/3 1449/2/3 1569/2/3
f 1571/32/3 1505/32/3 1570/32/3
f 1572/35/3 1506/35/3 1505/35/3
f 1572/32/3 1505/32/3 1571/32/3
f 1573/32/3 1507/32/3 1506/32/3
f 1573/35/3 1506/35/3 1572/35/3
f 1574/35/3 1287/35/3 1410/35/3
f 1574/29/3 1410/29/3 1409/29/3
f 1575/31/3 1540/31/3 1539/31/3
f 1575/35/3 1287/35/3 1574/35/3
f 1575/31/3 1538/31/3 1287/31/3
f 1575/31/3 1539/31/3 1538/31/3
f 1576/38/3 1541/38/3 1540/38/3
f 1576/31/3 1540/31/3 1575/31/3
f 1577/33/3 1542/33/3 1541/33/3
f 1577/38/3 1541/38/3 1576/38/3
f 1578/31/3 1454/31/3 1542/31/3
f 1578/33/3 1511/33/3 1510/33/3
f 1578/33/3 1510/33/3 1454/33/3
f 1579/33/3 1511/33/3 1578/33/3
f 1580/31/3 1544/31/3 1543/31/3
f 1581/42/3 1545/42/3 1544/42/3
f 1581/31/3 1544/31/3 1580/31/3
f 1581/42/3 1546/42/3 1545/42/3
f 1582/42/3 1546/42/3 1581/42/3
f 1583/42/3 1382/42/3 1546/42/3
f 1583/42/3 1546/42/3 1582/42/3
f 1584/21/3 908/21/3 907/21/3
f 1584/20/3 907/20/3 1382/20/3
f 1585/22/3 909/22/3 908/22/3
f 1585/21/3 908/21/3 1584/21/3
f 1586/14/3 1383/14/3 1030/14/3
f 1586/25/3 1424/25/3 1383/25/3
f 1587/13/3 1547/13/3 1424/13/3
f 1587/25/3 1424/25/3 1586/25/3
f 1588/25/3 1550/25/3 1549/25/3
f 1588/13/3 1547/13/3 1587/13/3
f 1588/25/3 1548/25/3 1547/25/3
f 1588/25/3 1552/25/3 1551/25/3
f 1588/25/3 1551/25/3 1550/25/3
f 1588/25/3 1549/25/3 1548/25/3
f 1589/25/3 1552/25/3 1588/25/3
f 1590/25/3 1552/25/3 1589/25/3
f 1591/25/3 1552/25/3 1590/25/3
f 1592/25/3 1552/25/3 1591/25/3
f 1593/25/3 1552/25/3 1592/25/3
f 1594/25/3 1552/25/3 1593/25/3
f 1595/25/3 1395/25/3 1527/25/3
f 1595/25/3 1552/25/3 1594/25/3
f 1595/25/3 1527/25/3 1552/25/3
f 1596/13/3 1103/13/3 1395/13/3
f 1596/25/3 1395/25/3 1595/25/3
f 1597/14/3 1035/14/3 1103/14/3
f 1597/13/3 1103/13/3 1596/13/3
f 1598/28/3 1036/28/3 1035/28/3
f 1598/14/3 1035/14/3 1597/14/3
f 1599/42/3 1358/42/3 1301/42/3
f 1599/30/3 1553/30/3 1358/30/3
f 1600/35/3 1554/35/3 1553/35/3
f 1600/30/3 1553/30/3 1599/30/3
f 1600/35/3 1555/35/3 1554/35/3
f 1601/20/3 1436/20/3 1555/20/3
f 1601/35/3 1555/35/3 1600/35/3
f 1602/20/3 1556/20/3 1437/20/3
f 1602/34/3 1557/34/3 1556/34/3
f 1603/29/3 1558/29/3 1557/29/3
f 1603/34/3 1557/34/3 1602/34/3
f 1604/29/3 1558/29/3 1603/29/3
f 1605/26/3 1559/26/3 1558/26/3
f 1605/29/3 1558/29/3 1604/29/3
f 1605/26/3 1560/26/3 1559/26/3
f 1606/26/3 1560/26/3 1605/26/3
f 1607/31/3 1561/31/3 1560/31/3
f 1607/26/3 1560/26/3 1606/26/3
f 1608/32/3 1562/32/3 1534/32/3
f 1609/1/3 1563/1/3 1562/1/3
f 1609/32/3 1562/32/3 1608/32/3
f 1610/32/3 1564/32/3 1563/32/3
f 1610/1/3 1563/1/3 1609/1/3
f 1611/2/3 173/2/3 172/2/3
f 1611/32/3 1564/32/3 1610/32/3
f 1611/32/3 172/32/3 1564/32/3
f 1612/32/3 1567/32/3 1566/32/3
f 1612/2/3 173/2/3 1611/2/3
f 1612/32/3 1565/32/3 173/32/3
f 1612/32/3 1570/32/3 1569/32/3
f 1612/32/3 1569/32/3 1568/32/3
f 1612/32/3 1566/32/3 1565/32/3
f 1612/32/3 1568/32/3 1567/32/3
f 1612/32/3 1571/32/3 1570/32/3
f 1613/32/3 1571/32/3 1612/32/3
f 1614/35/3 1572/35/3 1571/35/3
f 1614/32/3 1571/32/3 1613/32/3
f 1615/31/3 1575/31/3 1574/31/3
f 1615/31/3 1576/31/3 1575/31/3
f 1616/33/3 1577/33/3 1576/33/3
f 1616/31/3 1576/31/3 1615/31/3
f 1617/33/3 1542/33/3 1577/33/3
f 1617/33/3 1577/33/3 1616/33/3
f 1617/31/3 1578/31/3 1542/31/3
f 1617/31/3 1579/31/3 1578/31/3
f 1618/31/3 1579/31/3 1617/31/3
f 1619/33/3 1511/33/3 1579/33/3
f 1620/31/3 1543/31/3 1511/31/3
f 1620/33/3 1511/33/3 1619/33/3
f 1620/31/3 1580/31/3 1543/31/3
f 1621/31/3 1580/31/3 1620/31/3
f 1622/42/3 1581/42/3 1580/42/3
f 1622/31/3 1580/31/3 1621/31/3
f 1622/42/3 1582/42/3 1581/42/3
f 1623/42/3 1582/42/3 1622/42/3
f 1624/18/3 1583/18/3 1582/18/3
f 1624/42/3 1582/42/3 1623/42/3
f 1625/18/3 1583/18/3 1624/18/3
f 1626/42/3 1382/42/3 1583/42/3
f 1626/18/3 1583/18/3 1625/18/3
f 1627/20/3 1584/20/3 1382/20/3
f 1627/32/3 1585/32/3 1584/32/3
f 1628/22/3 909/22/3 1585/22/3
f 1628/32/3 1585/32/3 1627/32/3
f 1629/25/3 1589/25/3 1588/25/3
f 1629/25/3 1588/25/3 1587/25/3
f 1630/13/3 1590/13/3 1589/13/3
f 1630/25/3 1589/25/3 1629/25/3
f 1631/25/3 1591/25/3 1590/25/3
f 1631/13/3 1590/13/3 1630/13/3
f 1632/25/3 1591/25/3 1631/25/3
f 1633/13/3 1594/13/3 1593/13/3
f 1633/25/3 1595/25/3 1594/25/3
f 1634/25/3 1595/25/3 1633/25/3
f 1635/25/3 1595/25/3 1634/25/3
f 1636/25/3 1595/25/3 1635/25/3
f 1637/28/3 1036/28/3 1598/28/3
f 1637/28/3 1598/28/3 1597/28/3
f 1638/42/3 1001/42/3 1036/42/3
f 1638/28/3 1036/28/3 1637/28/3
f 1639/29/3 1601/29/3 1600/29/3
f 1640/29/3 1601/29/3 1639/29/3
f 1641/20/3 1436/20/3 1601/20/3
f 1641/29/3 1601/29/3 1640/29/3
f 1642/26/3 1605/26/3 1604/26/3
f 1642/26/3 1606/26/3 1605/26/3
f 1643/31/3 1607/31/3 1606/31/3
f 1643/26/3 1606/26/3 1642/26/3
f 1644/32/3 1534/32/3 117/32/3
f 1644/32/3 1608/32/3 1534/32/3
f 1645/1/3 1609/1/3 1608/1/3
f 1645/32/3 1608/32/3 1644/32/3
f 1646/32/3 1611/32/3 1610/32/3
f 1646/1/3 1609/1/3 1645/1/3
f 1646/32/3 1612/32/3 1611/32/3
f 1646/32/3 1610/32/3 1609/32/3
f 1646/32/3 1613/32/3 1612/32/3
f 1647/32/3 1613/32/3 1646/32/3
f 1648/35/3 1572/35/3 1614/35/3
f 1648/35/3 1614/35/3 1613/35/3
f 1649/32/3 1573/32/3 1572/32/3
f 1649/35/3 1572/35/3 1648/35/3
f 1650/32/3 1507/32/3 1573/32/3
f 1650/32/3 1573/32/3 1649/32/3
f 1650/35/3 1409/35/3 1507/35/3
f 1651/29/3 1574/29/3 1409/29/3
f 1651/35/3 1409/35/3 1650/35/3
f 1652/31/3 1615/31/3 1574/31/3
f 1652/29/3 1574/29/3 1651/29/3
f 1653/33/3 1616/33/3 1615/33/3
f 1653/31/3 1615/31/3 1652/31/3
f 1653/33/3 1618/33/3 1617/33/3
f 1653/33/3 1617/33/3 1616/33/3
f 1654/31/3 1579/31/3 1618/31/3
f 1654/33/3 1618/33/3 1653/33/3
f 1655/31/3 1579/31/3 1654/31/3
f 1656/31/3 1621/31/3 1620/31/3
f 1656/31/3 1620/31/3 1619/31/3
f 1657/42/3 1623/42/3 1622/42/3
f 1657/31/3 1621/31/3 1656/31/3
f 1657/42/3 1622/42/3 1621/42/3
f 1658/42/3 1623/42/3 1657/42/3
f 1659/18/3 1625/18/3 1624/18/3
f 1659/42/3 1623/42/3 1658/42/3
f 1659/18/3 1624/18/3 1623/18/3
f 1660/18/3 1625/18/3 1659/18/3
f 1661/17/3 1626/17/3 1625/17/3
f 1661/18/3 1625/18/3 1660/18/3
f 1662/42/3 1382/42/3 1626/42/3
f 1662/17/3 1626/17/3 1661/17/3
f 1663/20/3 1627/20/3 1382/20/3
f 1663/21/3 1628/21/3 1627/21/3
f 1664/22/3 909/22/3 1628/22/3
f 1664/21/3 1628/21/3 1663/21/3
f 1665/13/3 1587/13/3 1586/13/3
f 1665/25/3 1629/25/3 1587/25/3
f 1666/25/3 1629/25/3 1665/25/3
f 1667/25/3 1629/25/3 1666/25/3
f 1668/13/3 1632/13/3 1631/13/3
f 1668/25/3 1629/25/3 1667/25/3
f 1668/13/3 1630/13/3 1629/13/3
f 1668/13/3 1631/13/3 1630/13/3
f 1669/25/3 1593/25/3 1592/25/3
f 1669/13/3 1592/13/3 1591/13/3
f 1670/25/3 1593/25/3 1669/25/3
f 1671/13/3 1634/13/3 1633/13/3
f 1671/25/3 1593/25/3 1670/25/3
f 1671/13/3 1633/13/3 1593/13/3
f 1672/13/3 1634/13/3 1671/13/3
f 1673/25/3 1635/25/3 1634/25/3
f 1673/13/3 1634/13/3 1672/13/3
f 1674/13/3 1636/13/3 1635/13/3
f 1674/25/3 1635/25/3 1673/25/3
f 1675/25/3 1595/25/3 1636/25/3
f 1675/13/3 1636/13/3 1674/13/3
f 1676/13/3 1596/13/3 1595/13/3
f 1676/25/3 1595/25/3 1675/25/3
f 1677/42/3 1638/42/3 1637/42/3
f 1677/42/3 1001/42/3 1638/42/3
f 1678/20/3 1300/20/3 1001/20/3
f 1678/42/3 1001/42/3 1677/42/3
f 1679/42/3 1599/42/3 1301/42/3
f 1679/28/3 1600/28/3 1599/28/3
f 1680/29/3 1639/29/3 1600/29/3
f 1680/28/3 1600/28/3 1679/28/3
f 1681/37/3 1640/37/3 1639/37/3
f 1681/29/3 1639/29/3 1680/29/3
f 1682/36/3 1641/36/3 1640/36/3
f 1682/37/3 1640/37/3 1681/37/3
f 1683/20/3 1436/20/3 1641/20/3
f 1683/36/3 1641/36/3 1682/36/3
f 1684/3/3 1473/3/3 1472/3/3
f 1684/31/3 1472/31/3 1436/31/3
f 1685/3/3 1473/3/3 1684/3/3
f 1686/3/3 1473/3/3 1685/3/3
f 1687/31/3 1437/31/3 1473/31/3
f 1687/3/3 1473/3/3 1686/3/3
f 1688/1/3 1645/1/3 1644/1/3
f 1688/1/3 1647/1/3 1646/1/3
f 1688/1/3 1646/1/3 1645/1/3
f 1688/32/3 1644/32/3 117/32/3
f 1689/32/3 1613/32/3 1647/32/3
f 1689/1/3 1647/1/3 1688/1/3
f 1690/32/3 1613/32/3 1689/32/3
f 1691/35/3 1648/35/3 1613/35/3
f 1691/32/3 1613/32/3 1690/32/3
f 1692/32/3 1649/32/3 1648/32/3
f 1692/35/3 1648/35/3 1691/35/3
f 1693/29/3 1653/29/3 1652/29/3
f 1693/32/3 1649/32/3 1692/32/3
f 1693/29/3 1650/29/3 1649/29/3
f 1693/29/3 1652/29/3 1651/29/3
f 1693/29/3 1651/29/3 1650/29/3
f 1694/29/3 1653/29/3 1693/29/3
f 1695/33/3 1655/33/3 1654/33/3
f 1695/29/3 1653/29/3 1694/29/3
f 1695/33/3 1654/33/3 1653/33/3
f 1696/33/3 1655/33/3 1695/33/3
f 1697/42/3 1658/42/3 1657/42/3
f 1697/42/3 1657/42/3 1656/42/3
f 1698/18/3 1660/18/3 1659/18/3
f 1698/42/3 1658/42/3 1697/42/3
f 1698/18/3 1659/18/3 1658/18/3
f 1699/18/3 1660/18/3 1698/18/3
f 1700/16/3 1661/16/3 1660/16/3
f 1700/18/3 1660/18/3 1699/18/3
f 1701/42/3 1662/42/3 1661/42/3
f 1702/42/3 1382/42/3 1662/42/3
f 1702/42/3 1662/42/3 1701/42/3
f 1703/13/3 1632/13/3 1668/13/3
f 1703/13/3 1668/13/3 1667/13/3
f 1704/25/3 1591/25/3 1632/25/3
f 1704/13/3 1632/13/3 1703/13/3
f 1705/25/3 1671/25/3 1670/25/3
f 1705/13/3 1674/13/3 1673/13/3
f 1705/25/3 1672/25/3 1671/25/3
f 1705/13/3 1673/13/3 1672/13/3
f 1706/13/3 1674/13/3 1705/13/3
f 1707/13/3 1674/13/3 1706/13/3
f 1708/25/3 1675/25/3 1674/25/3
f 1708/13/3 1674/13/3 1707/13/3
f 1709/42/3 1679/42/3 1301/42/3
f 1709/29/3 1680/29/3 1679/29/3
f 1710/37/3 1681/37/3 1680/37/3
f 1710/29/3 1680/29/3 1709/29/3
f 1711/37/3 1681/37/3 1710/37/3
f 1712/29/3 1683/29/3 1682/29/3
f 1712/37/3 1681/37/3 1711/37/3
f 1712/29/3 1682/29/3 1681/29/3
f 1713/20/3 1436/20/3 1683/20/3
f 1713/29/3 1683/29/3 1712/29/3
f 1714/3/3 1686/3/3 1685/3/3
f 1714/4/3 1685/4/3 1684/4/3
f 1715/4/3 1687/4/3 1686/4/3
f 1715/3/3 1686/3/3 1714/3/3
f 1716/29/3 1604/29/3 1603/29/3
f 1716/20/3 1602/20/3 1437/20/3
f 1716/29/3 1603/29/3 1602/29/3
f 1717/29/3 1604/29/3 1716/29/3
f 1718/26/3 1642/26/3 1604/26/3
f 1718/29/3 1604/29/3 1717/29/3
f 1719/31/3 1643/31/3 1642/31/3
f 1719/26/3 1642/26/3 1718/26/3
f 1720/31/3 1607/31/3 1643/31/3
f 1720/31/3 1643/31/3 1719/31/3
f 1721/31/3 1561/31/3 1607/31/3
f 1721/31/3 1607/31/3 1720/31/3
f 1721/32/3 1533/32/3 1561/32/3
f 1722/29/3 116/29/3 1533/29/3
f 1722/32/3 1533/32/3 1721/32/3
f 1723/32/3 1689/32/3 1688/32/3
f 1723/32/3 1688/32/3 117/32/3
f 1723/32/3 1690/32/3 1689/32/3
f 1724/32/3 1690/32/3 1723/32/3
f 1725/32/3 1690/32/3 1724/32/3
f 1726/35/3 1691/35/3 1690/35/3
f 1726/32/3 1690/32/3 1725/32/3
f 1727/29/3 1695/29/3 1694/29/3
f 1727/31/3 1696/31/3 1695/31/3
f 1728/33/3 1655/33/3 1696/33/3
f 1728/31/3 1696/31/3 1727/31/3
f 1729/33/3 1655/33/3 1728/33/3
f 1730/31/3 1579/31/3 1655/31/3
f 1730/33/3 1655/33/3 1729/33/3
f 1731/33/3 1619/33/3 1579/33/3
f 1731/31/3 1579/31/3 1730/31/3
f 1732/31/3 1656/31/3 1619/31/3
f 1732/33/3 1619/33/3 1731/33/3
f 1733/31/3 1656/31/3 1732/31/3
f 1734/42/3 1697/42/3 1656/42/3
f 1734/31/3 1656/31/3 1733/31/3
f 1735/18/3 1699/18/3 1698/18/3
f 1735/18/3 1698/18/3 1697/18/3
f 1736/17/3 1700/17/3 1699/17/3
f 1736/18/3 1699/18/3 1735/18/3
f 1737/16/3 1661/16/3 1700/16/3
f 1737/17/3 1700/17/3 1736/17/3
f 1738/42/3 1701/42/3 1661/42/3
f 1738/16/3 1661/16/3 1737/16/3
f 1739/31/3 1702/31/3 1701/31/3
f 1739/42/3 1701/42/3 1738/42/3
f 1740/31/3 1702/31/3 1739/31/3
f 1741/42/3 1382/42/3 1702/42/3
f 1741/31/3 1702/31/3 1740/31/3
f 1742/25/3 1667/25/3 1666/25/3
f 1742/13/3 1666/13/3 1665/13/3
f 1743/13/3 1703/13/3 1667/13/3
f 1743/25/3 1667/25/3 1742/25/3
f 1744/13/3 1703/13/3 1743/13/3
f 1745/13/3 1703/13/3 1744/13/3
f 1746/25/3 1704/25/3 1703/25/3
f 1746/13/3 1703/13/3 1745/13/3
f 1747/25/3 1591/25/3 1704/25/3
f 1747/25/3 1704/25/3 1746/25/3
f 1748/13/3 1670/13/3 1669/13/3
f 1748/25/3 1591/25/3 1747/25/3
f 1748/13/3 1669/13/3 1591/13/3
f 1749/25/3 1706/25/3 1705/25/3
f 1749/13/3 1670/13/3 1748/13/3
f 1749/25/3 1705/25/3 1670/25/3
f 1750/25/3 1706/25/3 1749/25/3
f 1751/13/3 1707/13/3 1706/13/3
f 1751/25/3 1706/25/3 1750/25/3
f 1752/13/3 1707/13/3 1751/13/3
f 1753/13/3 1707/13/3 1752/13/3
f 1754/25/3 1708/25/3 1707/25/3
f 1754/13/3 1707/13/3 1753/13/3
f 1755/25/3 1675/25/3 1708/25/3
f 1755/25/3 1708/25/3 1754/25/3
f 1756/13/3 1676/13/3 1675/13/3
f 1756/25/3 1675/25/3 1755/25/3
f 1757/34/3 1711/34/3 1710/34/3
f 1757/34/3 1710/34/3 1709/34/3
f 1757/42/3 1709/42/3 1301/42/3
f 1758/34/3 1711/34/3 1757/34/3
f 1759/35/3 1712/35/3 1711/35/3
f 1759/34/3 1711/34/3 1758/34/3
f 1759/35/3 1713/35/3 1712/35/3
f 1760/35/3 1713/35/3 1759/35/3
f 1761/20/3 1436/20/3 1713/20/3
f 1761/35/3 1713/35/3 1760/35/3
f 1762/20/3 1716/20/3 1437/20/3
f 1762/35/3 1717/35/3 1716/35/3
f 1763/29/3 1718/29/3 1717/29/3
f 1763/35/3 1717/35/3 1762/35/3
f 1764/32/3 1723/32/3 117/32/3
f 1764/1/3 1724/1/3 1723/1/3
f 1765/32/3 1725/32/3 1724/32/3
f 1765/1/3 1724/1/3 1764/1/3
f 1766/32/3 1725/32/3 1765/32/3
f 1767/35/3 1726/35/3 1725/35/3
f 1767/32/3 1725/32/3 1766/32/3
f 1768/35/3 1691/35/3 1726/35/3
f 1768/35/3 1726/35/3 1767/35/3
f 1769/32/3 1692/32/3 1691/32/3
f 1769/35/3 1691/35/3 1768/35/3
f 1769/32/3 1694/32/3 1693/32/3
f 1769/32/3 1693/32/3 1692/32/3
f 1770/42/3 1697/42/3 1734/42/3
f 1770/42/3 1734/42/3 1733/42/3
f 1771/18/3 1735/18/3 1697/18/3
f 1771/42/3 1697/42/3 1770/42/3
f 1772/17/3 1736/17/3 1735/17/3
f 1772/18/3 1735/18/3 1771/18/3
f 1773/16/3 1737/16/3 1736/16/3
f 1773/17/3 1736/17/3 1772/17/3
f 1774/42/3 1738/42/3 1737/42/3
f 1774/16/3 1737/16/3 1773/16/3
f 1775/31/3 1740/31/3 1739/31/3
f 1775/42/3 1738/42/3 1774/42/3
f 1775/31/3 1739/31/3 1738/31/3
f 1776/42/3 1741/42/3 1740/42/3
f 1776/31/3 1740/31/3 1775/31/3
f 1777/42/3 1382/42/3 1741/42/3
f 1777/42/3 1741/42/3 1776/42/3
f 1778/38/3 1664/38/3 1663/38/3
f 1778/20/3 1663/20/3 1382/20/3
f 1779/22/3 909/22/3 1664/22/3
f 1779/38/3 1664/38/3 1778/38/3
f 1780/13/3 1743/13/3 1742/13/3
f 1780/2/3 1744/2/3 1743/2/3
f 1781/2/3 1744/2/3 1780/2/3
f 1782/13/3 1745/13/3 1744/13/3
f 1782/2/3 1744/2/3 1781/2/3
f 1783/13/3 1745/13/3 1782/13/3
f 1784/13/3 1750/13/3 1749/13/3
f 1784/25/3 1752/25/3 1751/25/3
f 1784/13/3 1748/13/3 1747/13/3
f 1784/25/3 1751/25/3 1750/25/3
f 1784/13/3 1749/13/3 1748/13/3
f 1785/25/3 1752/25/3 1784/25/3
f 1786/13/3 1753/13/3 1752/13/3
f 1786/25/3 1752/25/3 1785/25/3
f 1787/25/3 1754/25/3 1753/25/3
f 1787/13/3 1753/13/3 1786/13/3
f 1787/25/3 1755/25/3 1754/25/3
f 1788/25/3 1755/25/3 1787/25/3
f 1789/13/3 1756/13/3 1755/13/3
f 1789/25/3 1755/25/3 1788/25/3
f 1790/30/3 1760/30/3 1759/30/3
f 1790/29/3 1761/29/3 1760/29/3
f 1791/20/3 1436/20/3 1761/20/3
f 1791/29/3 1761/29/3 1790/29/3
f 1792/29/3 1718/29/3 1763/29/3
f 1792/29/3 1763/29/3 1762/29/3
f 1793/30/3 1719/30/3 1718/30/3
f 1793/29/3 1718/29/3 1792/29/3
f 1793/30/3 1720/30/3 1719/30/3
f 1794/32/3 1765/32/3 1764/32/3
f 1794/32/3 1766/32/3 1765/32/3
f 1795/32/3 1766/32/3 1794/32/3
f 1796/32/3 1766/32/3 1795/32/3
f 1797/35/3 1768/35/3 1767/35/3
f 1797/32/3 1766/32/3 1796/32/3
f 1797/35/3 1767/35/3 1766/35/3
f 1798/32/3 1694/32/3 1769/32/3
f 1798/32/3 1769/32/3 1768/32/3
f 1799/29/3 1727/29/3 1694/29/3
f 1799/32/3 1694/32/3 1798/32/3
f 1800/17/3 1772/17/3 1771/17/3
f 1800/42/3 1770/42/3 1733/42/3
f 1800/17/3 1771/17/3 1770/17/3
f 1801/42/3 1774/42/3 1773/42/3
f 1801/17/3 1772/17/3 1800/17/3
f 1801/42/3 1776/42/3 1775/42/3
f 1801/42/3 1775/42/3 1774/42/3
f 1801/42/3 1773/42/3 1772/42/3
f 1802/42/3 1776/42/3 1801/42/3
f 1803/18/3 1777/18/3 1776/18/3
f 1803/42/3 1776/42/3 1802/42/3
f 1804/20/3 1778/20/3 1382/20/3
f 1804/21/3 1779/21/3 1778/21/3
f 1805/22/3 909/22/3 1779/22/3
f 1805/21/3 1779/21/3 1804/21/3
f 1806/13/3 1781/13/3 1780/13/3
f 1806/2/3 1783/2/3 1782/2/3
f 1806/2/3 1782/2/3 1781/2/3
f 1807/13/3 1745/13/3 1783/13/3
f 1807/2/3 1783/2/3 1806/2/3
f 1808/25/3 1746/25/3 1745/25/3
f 1808/13/3 1745/13/3 1807/13/3
f 1808/25/3 1747/25/3 1746/25/3
f 1809/25/3 1788/25/3 1787/25/3
f 1809/25/3 1786/25/3 1785/25/3
f 1809/25/3 1787/25/3 1786/25/3
f 1809/13/3 1785/13/3 1784/13/3
f 1810/25/3 1788/25/3 1809/25/3
f 1811/25/3 1788/25/3 1810/25/3
f 1812/13/3 1789/13/3 1788/13/3
f 1812/25/3 1788/25/3 1811/25/3
f 1813/28/3 1758/28/3 1757/28/3
f 1813/42/3 1757/42/3 1301/42/3
f 1814/29/3 1759/29/3 1758/29/3
f 1814/28/3 1758/28/3 1813/28/3
f 1815/4/3 1715/4/3 1714/4/3
f 1815/4/3 1714/4/3 1684/4/3
f 1815/31/3 1684/31/3 1436/31/3
f 1816/31/3 1437/31/3 1687/31/3
f 1816/4/3 1715/4/3 1815/4/3
f 1816/4/3 1687/4/3 1715/4/3
f 1817/30/3 1720/30/3 1793/30/3
f 1817/26/3 1793/26/3 1792/26/3
f 1818/30/3 1720/30/3 1817/30/3
f 1819/31/3 1722/31/3 1721/31/3
f 1819/30/3 1720/30/3 1818/30/3
f 1819/31/3 1721/31/3 1720/31/3
f 1820/31/3 1722/31/3 1819/31/3
f 1821/35/3 1768/35/3 1797/35/3
f 1821/35/3 1797/35/3 1796/35/3
f 1822/32/3 1798/32/3 1768/32/3
f 1822/35/3 1768/35/3 1821/35/3
f 1823/32/3 1798/32/3 1822/32/3
f 1824/29/3 1799/29/3 1798/29/3
f 1824/32/3 1798/32/3 1823/32/3
f 1825/29/3 1727/29/3 1799/29/3
f 1825/29/3 1799/29/3 1824/29/3
f 1826/29/3 1727/29/3 1825/29/3
f 1827/29/3 1727/29/3 1826/29/3
f 1828/29/3 1727/29/3 1827/29/3
f 1829/33/3 1729/33/3 1728/33/3
f 1829/29/3 1727/29/3 1828/29/3
f 1829/33/3 1728/33/3 1727/33/3
f 1830/33/3 1729/33/3 1829/33/3
f 1831/31/3 1731/31/3 1730/31/3
f 1831/33/3 1729/33/3 1830/33/3
f 1831/31/3 1730/31/3 1729/31/3
f 1831/31/3 1732/31/3 1731/31/3
f 1831/31/3 1733/31/3 1732/31/3
f 1832/31/3 1733/31/3 1831/31/3
f 1833/31/3 1733/31/3 1832/31/3
f 1834/42/3 1800/42/3 1733/42/3
f 1834/31/3 1733/31/3 1833/31/3
f 1834/42/3 1802/42/3 1801/42/3
f 1834/42/3 1801/42/3 1800/42/3
f 1835/42/3 1802/42/3 1834/42/3
f 1836/18/3 1803/18/3 1802/18/3
f 1836/42/3 1802/42/3 1835/42/3
f 1837/18/3 1803/18/3 1836/18/3
f 1838/18/3 1777/18/3 1803/18/3
f 1838/18/3 1803/18/3 1837/18/3
f 1838/42/3 1382/42/3 1777/42/3
f 1839/13/3 1807/13/3 1806/13/3
f 1839/25/3 1808/25/3 1807/25/3
f 1840/25/3 1747/25/3 1808/25/3
f 1840/25/3 1808/25/3 1839/25/3
f 1841/13/3 1809/13/3 1784/13/3
f 1841/25/3 1747/25/3 1840/25/3
f 1841/13/3 1810/13/3 1809/13/3
f 1841/13/3 1784/13/3 1747/13/3
f 1842/25/3 1811/25/3 1810/25/3
f 1842/13/3 1810/13/3 1841/13/3
f 1843/13/3 1812/13/3 1811/13/3
f 1843/25/3 1811/25/3 1842/25/3
f 1844/29/3 1818/29/3 1817/29/3
f 1844/30/3 1819/30/3 1818/30/3
f 1845/26/3 1820/26/3 1819/26/3
f 1845/30/3 1819/30/3 1844/30/3
f 1846/32/3 1764/32/3 117/32/3
f 1846/32/3 1794/32/3 1764/32/3
f 1847/1/3 1795/1/3 1794/1/3
f 1847/32/3 1794/32/3 1846/32/3
f 1848/32/3 1796/32/3 1795/32/3
f 1849/35/3 1821/35/3 1796/35/3
f 1849/32/3 1796/32/3 1848/32/3
f 1850/32/3 1823/32/3 1822/32/3
f 1850/35/3 1821/35/3 1849/35/3
f 1850/32/3 1822/32/3 1821/32/3
f 1851/42/3 1834/42/3 1833/42/3
f 1851/42/3 1835/42/3 1834/42/3
f 1852/18/3 1837/18/3 1836/18/3
f 1852/42/3 1835/42/3 1851/42/3
f 1852/18/3 1836/18/3 1835/18/3
f 1853/18/3 1837/18/3 1852/18/3
f 1854/18/3 1837/18/3 1853/18/3
f 1855/17/3 1838/17/3 1837/17/3
f 1855/18/3 1837/18/3 1854/18/3
f 1856/17/3 1838/17/3 1855/17/3
f 1857/42/3 1382/42/3 1838/42/3
f 1857/17/3 1838/17/3 1856/17/3
f 1858/32/3 1805/32/3 1804/32/3
f 1858/20/3 1804/20/3 1382/20/3
f 1859/22/3 909/22/3 1805/22/3
f 1859/32/3 1805/32/3 1858/32/3
f 1860/13/3 1840/13/3 1839/13/3
f 1860/25/3 1842/25/3 1841/25/3
f 1860/25/3 1841/25/3 1840/25/3
f 1861/13/3 1843/13/3 1842/13/3
f 1861/25/3 1842/25/3 1860/25/3
f 1862/26/3 1817/26/3 1792/26/3
f 1862/29/3 1792/29/3 1762/29/3
f 1863/29/3 1845/29/3 1844/29/3
f 1863/26/3 1817/26/3 1862/26/3
f 1863/29/3 1844/29/3 1817/29/3
f 1864/26/3 1820/26/3 1845/26/3
f 1864/31/3 1722/31/3 1820/31/3
f 1865/29/3 116/29/3 1722/29/3
f 1865/31/3 1722/31/3 1864/31/3
f 1866/32/3 1846/32/3 117/32/3
f 1866/1/3 1847/1/3 1846/1/3
f 1867/1/3 1795/1/3 1847/1/3
f 1867/1/3 1847/1/3 1866/1/3
f 1868/37/3 1826/37/3 1825/37/3
f 1868/29/3 1825/29/3 1824/29/3
f 1869/29/3 1827/29/3 1826/29/3
f 1869/37/3 1826/37/3 1868/37/3
f 1870/35/3 1828/35/3 1827/35/3
f 1870/29/3 1827/29/3 1869/29/3
f 1871/31/3 1829/31/3 1828/31/3
f 1871/35/3 1828/35/3 1870/35/3
f 1872/33/3 1832/33/3 1831/33/3
f 1872/31/3 1831/31/3 1830/31/3
f 1873/31/3 1833/31/3 1832/31/3
f 1873/33/3 1832/33/3 1872/33/3
f 1874/31/3 1833/31/3 1873/31/3
f 1875/42/3 1851/42/3 1833/42/3
f 1875/31/3 1833/31/3 1874/31/3
f 1876/18/3 1853/18/3 1852/18/3
f 1876/18/3 1852/18/3 1851/18/3
f 1877/18/3 1853/18/3 1876/18/3
f 1878/17/3 1854/17/3 1853/17/3
f 1878/18/3 1853/18/3 1877/18/3
f 1879/16/3 1856/16/3 1855/16/3
f 1879/17/3 1854/17/3 1878/17/3
f 1879/16/3 1855/16/3 1854/16/3
f 1880/42/3 1857/42/3 1856/42/3
f 1880/16/3 1856/16/3 1879/16/3
f 1881/42/3 1857/42/3 1880/42/3
f 1882/42/3 1857/42/3 1881/42/3
f 1883/42/3 1382/42/3 1857/42/3
f 1883/42/3 1857/42/3 1882/42/3
f 1884/20/3 1858/20/3 1382/20/3
f 1884/42/3 1382/42/3 1883/42/3
f 1885/21/3 1859/21/3 1858/21/3
f 1885/20/3 1858/20/3 1884/20/3
f 1886/29/3 1759/29/3 1814/29/3
f 1886/30/3 1814/30/3 1813/30/3
f 1887/29/3 1759/29/3 1886/29/3
f 1888/29/3 1845/29/3 1863/29/3
f 1888/26/3 1864/26/3 1845/26/3
f 1888/29/3 1863/29/3 1862/29/3
f 1888/26/3 1865/26/3 1864/26/3
f 1889/26/3 1865/26/3 1888/26/3
f 1890/32/3 1848/32/3 1795/32/3
f 1891/35/3 1849/35/3 1848/35/3
f 1891/32/3 1848/32/3 1890/32/3
f 1892/32/3 1850/32/3 1849/32/3
f 1892/35/3 1849/35/3 1891/35/3
f 1893/32/3 1823/32/3 1850/32/3
f 1893/32/3 1850/32/3 1892/32/3
f 1894/32/3 1823/32/3 1893/32/3
f 1895/31/3 1829/31/3 1871/31/3
f 1895/31/3 1871/31/3 1870/31/3
f 1896/33/3 1830/33/3 1829/33/3
f 1896/31/3 1829/31/3 1895/31/3
f 1897/42/3 1851/42/3 1875/42/3
f 1897/42/3 1875/42/3 1874/42/3
f 1898/18/3 1876/18/3 1851/18/3
f 1898/42/3 1851/42/3 1897/42/3
f 1899/18/3 1876/18/3 1898/18/3
f 1900/17/3 1877/17/3 1876/17/3
f 1900/18/3 1876/18/3 1899/18/3
f 1901/16/3 1878/16/3 1877/16/3
f 1901/17/3 1877/17/3 1900/17/3
f 1901/16/3 1879/16/3 1878/16/3
f 1902/42/3 1881/42/3 1880/42/3
f 1902/16/3 1879/16/3 1901/16/3
f 1902/42/3 1880/42/3 1879/42/3
f 1903/42/3 1881/42/3 1902/42/3
f 1904/18/3 1882/18/3 1881/18/3
f 1904/42/3 1881/42/3 1903/42/3
f 1905/18/3 1882/18/3 1904/18/3
f 1906/17/3 1883/17/3 1882/17/3
f 1906/18/3 1882/18/3 1905/18/3
f 1907/42/3 1885/42/3 1884/42/3
f 1907/17/3 1883/17/3 1906/17/3
f 1907/42/3 1884/42/3 1883/42/3
f 1908/14/3 1586/14/3 1030/14/3
f 1908/13/3 1742/13/3 1665/13/3
f 1908/13/3 1806/13/3 1780/13/3
f 1908/13/3 1780/13/3 1742/13/3
f 1908/13/3 1839/13/3 1806/13/3
f 1908/13/3 1861/13/3 1860/13/3
f 1908/13/3 1860/13/3 1839/13/3
f 1908/13/3 1665/13/3 1586/13/3
f 1909/13/3 1861/13/3 1908/13/3
f 1910/13/3 1861/13/3 1909/13/3
f 1911/13/3 1812/13/3 1843/13/3
f 1911/13/3 1861/13/3 1910/13/3
f 1911/13/3 1843/13/3 1861/13/3
f 1912/13/3 1756/13/3 1789/13/3
f 1912/13/3 1812/13/3 1911/13/3
f 1912/13/3 1789/13/3 1812/13/3
f 1912/13/3 1676/13/3 1756/13/3
f 1912/13/3 1596/13/3 1676/13/3
f 1913/14/3 1597/14/3 1596/14/3
f 1913/13/3 1596/13/3 1912/13/3
f 1914/30/3 1887/30/3 1886/30/3
f 1914/30/3 1886/30/3 1813/30/3
f 1915/30/3 1887/30/3 1914/30/3
f 1916/29/3 1759/29/3 1887/29/3
f 1916/30/3 1887/30/3 1915/30/3
f 1917/30/3 1791/30/3 1790/30/3
f 1917/29/3 1759/29/3 1916/29/3
f 1917/30/3 1790/30/3 1759/30/3
f 1918/30/3 1791/30/3 1917/30/3
f 1919/29/3 1889/29/3 1888/29/3
f 1919/29/3 1888/29/3 1862/29/3
f 1919/29/3 1862/29/3 1762/29/3
f 1920/29/3 1889/29/3 1919/29/3
f 1921/26/3 1865/26/3 1889/26/3
f 1921/29/3 1889/29/3 1920/29/3
f 1922/26/3 1865/26/3 1921/26/3
f 1923/1/3 1795/1/3 1867/1/3
f 1923/32/3 1867/32/3 1866/32/3
f 1924/32/3 1890/32/3 1795/32/3
f 1924/1/3 1795/1/3 1923/1/3
f 1925/32/3 1893/32/3 1892/32/3
f 1925/32/3 1892/32/3 1891/32/3
f 1925/29/3 1894/29/3 1893/29/3
f 1926/32/3 1823/32/3 1894/32/3
f 1926/29/3 1894/29/3 1925/29/3
f 1927/30/3 1824/30/3 1823/30/3
f 1927/32/3 1823/32/3 1926/32/3
f 1928/29/3 1869/29/3 1868/29/3
f 1928/30/3 1824/30/3 1927/30/3
f 1928/29/3 1868/29/3 1824/29/3
f 1929/29/3 1869/29/3 1928/29/3
f 1930/35/3 1870/35/3 1869/35/3
f 1930/29/3 1869/29/3 1929/29/3
f 1931/31/3 1895/31/3 1870/31/3
f 1931/35/3 1870/35/3 1930/35/3
f 1932/33/3 1896/33/3 1895/33/3
f 1932/31/3 1895/31/3 1931/31/3
f 1933/18/3 1899/18/3 1898/18/3
f 1933/18/3 1898/18/3 1897/18/3
f 1934/17/3 1900/17/3 1899/17/3
f 1934/18/3 1899/18/3 1933/18/3
f 1935/16/3 1901/16/3 1900/16/3
f 1935/17/3 1900/17/3 1934/17/3
f 1936/42/3 1902/42/3 1901/42/3
f 1936/16/3 1901/16/3 1935/16/3
f 1936/42/3 1903/42/3 1902/42/3
f 1937/42/3 1903/42/3 1936/42/3
f 1938/42/3 1903/42/3 1937/42/3
f 1939/18/3 1905/18/3 1904/18/3
f 1939/18/3 1904/18/3 1903/18/3
f 1940/18/3 1905/18/3 1939/18/3
f 1941/42/3 1907/42/3 1906/42/3
f 1941/18/3 1905/18/3 1940/18/3
f 1941/42/3 1906/42/3 1905/42/3
f 1942/42/3 1907/42/3 1941/42/3
f 1943/42/3 1885/42/3 1907/42/3
f 1943/42/3 1907/42/3 1942/42/3
f 1944/19/3 1100/19/3 1099/19/3
f 1944/20/3 1099/20/3 847/20/3
f 1945/42/3 1101/42/3 1100/42/3
f 1945/19/3 1100/19/3 1944/19/3
f 1946/42/3 1029/42/3 1101/42/3
f 1946/42/3 1101/42/3 1945/42/3
f 1947/13/3 1910/13/3 1909/13/3
f 1947/14/3 1909/14/3 1908/14/3
f 1948/14/3 1911/14/3 1910/14/3
f 1948/13/3 1910/13/3 1947/13/3
f 1949/13/3 1912/13/3 1911/13/3
f 1949/14/3 1911/14/3 1948/14/3
f 1950/14/3 1913/14/3 1912/14/3
f 1950/13/3 1912/13/3 1949/13/3
f 1951/42/3 1813/42/3 1301/42/3
f 1951/30/3 1914/30/3 1813/30/3
f 1952/28/3 1915/28/3 1914/28/3
f 1952/30/3 1914/30/3 1951/30/3
f 1953/30/3 1791/30/3 1918/30/3
f 1954/20/3 1436/20/3 1791/20/3
f 1954/30/3 1791/30/3 1953/30/3
f 1955/37/3 1920/37/3 1919/37/3
f 1955/29/3 1919/29/3 1762/29/3
f 1956/36/3 1921/36/3 1920/36/3
f 1956/37/3 1920/37/3 1955/37/3
f 1957/29/3 1922/29/3 1921/29/3
f 1957/36/3 1921/36/3 1956/36/3
f 1958/32/3 1890/32/3 1924/32/3
f 1958/32/3 1924/32/3 1923/32/3
f 1959/35/3 1891/35/3 1890/35/3
f 1959/32/3 1890/32/3 1958/32/3
f 1960/32/3 1925/32/3 1891/32/3
f 1960/35/3 1891/35/3 1959/35/3
f 1961/32/3 1925/32/3 1960/32/3
f 1962/31/3 1874/31/3 1873/31/3
f 1962/31/3 1873/31/3 1872/31/3
f 1963/42/3 1897/42/3 1874/42/3
f 1963/31/3 1874/31/3 1962/31/3
f 1964/18/3 1933/18/3 1897/18/3
f 1964/42/3 1897/42/3 1963/42/3
f 1965/17/3 1934/17/3 1933/17/3
f 1965/18/3 1933/18/3 1964/18/3
f 1966/16/3 1935/16/3 1934/16/3
f 1966/17/3 1934/17/3 1965/17/3
f 1967/42/3 1936/42/3 1935/42/3
f 1967/16/3 1935/16/3 1966/16/3
f 1967/42/3 1937/42/3 1936/42/3
f 1968/42/3 1937/42/3 1967/42/3
f 1969/7/3 1938/7/3 1937/7/3
f 1969/42/3 1937/42/3 1968/42/3
f 1970/42/3 1903/42/3 1938/42/3
f 1970/7/3 1938/7/3 1969/7/3
f 1971/18/3 1939/18/3 1903/18/3
f 1971/42/3 1903/42/3 1970/42/3
f 1972/17/3 1940/17/3 1939/17/3
f 1972/18/3 1939/18/3 1971/18/3
f 1973/42/3 1942/42/3 1941/42/3
f 1973/17/3 1940/17/3 1972/17/3
f 1973/42/3 1941/42/3 1940/42/3
f 1974/42/3 1942/42/3 1973/42/3
f 1975/32/3 1943/32/3 1942/32/3
f 1975/42/3 1942/42/3 1974/42/3
f 1976/14/3 1947/14/3 1908/14/3
f 1976/14/3 1908/14/3 1030/14/3
f 1976/14/3 1949/14/3 1948/14/3
f 1976/14/3 1948/14/3 1947/14/3
f 1976/28/3 1030/28/3 1029/28/3
f 1976/14/3 1950/14/3 1949/14/3
f 1977/28/3 1637/28/3 1597/28/3
f 1977/14/3 1950/14/3 1976/14/3
f 1977/14/3 1597/14/3 1913/14/3
f 1977/14/3 1913/14/3 1950/14/3
f 1978/42/3 1677/42/3 1637/42/3
f 1978/28/3 1637/28/3 1977/28/3
f 1979/28/3 1915/28/3 1952/28/3
f 1979/31/3 1952/31/3 1951/31/3
f 1980/30/3 1916/30/3 1915/30/3
f 1980/28/3 1915/28/3 1979/28/3
f 1980/30/3 1917/30/3 1916/30/3
f 1981/30/3 1917/30/3 1980/30/3
f 1982/30/3 1953/30/3 1918/30/3
f 1982/29/3 1954/29/3 1953/29/3
f 1983/20/3 1436/20/3 1954/20/3
f 1983/29/3 1954/29/3 1982/29/3
f 1984/31/3 1815/31/3 1436/31/3
f 1984/20/3 1436/20/3 1983/20/3
f 1984/31/3 1816/31/3 1815/31/3
f 1985/31/3 1437/31/3 1816/31/3
f 1985/31/3 1816/31/3 1984/31/3
f 1985/20/3 1762/20/3 1437/20/3
f 1986/29/3 1956/29/3 1955/29/3
f 1986/20/3 1762/20/3 1985/20/3
f 1986/29/3 1957/29/3 1956/29/3
f 1986/29/3 1955/29/3 1762/29/3
f 1987/35/3 1959/35/3 1958/35/3
f 1987/32/3 1958/32/3 1923/32/3
f 1988/29/3 1961/29/3 1960/29/3
f 1988/35/3 1959/35/3 1987/35/3
f 1988/29/3 1960/29/3 1959/29/3
f 1989/30/3 1926/30/3 1925/30/3
f 1989/29/3 1929/29/3 1928/29/3
f 1989/29/3 1927/29/3 1926/29/3
f 1989/29/3 1928/29/3 1927/29/3
f 1990/29/3 1929/29/3 1989/29/3
f 1991/29/3 1929/29/3 1990/29/3
f 1992/35/3 1930/35/3 1929/35/3
f 1992/29/3 1929/29/3 1991/29/3
f 1993/31/3 1931/31/3 1930/31/3
f 1993/35/3 1930/35/3 1992/35/3
f 1994/33/3 1896/33/3 1932/33/3
f 1994/33/3 1932/33/3 1931/33/3
f 1994/33/3 1830/33/3 1896/33/3
f 1995/31/3 1872/31/3 1830/31/3
f 1995/33/3 1830/33/3 1994/33/3
f 1995/31/3 1962/31/3 1872/31/3
f 1996/18/3 1965/18/3 1964/18/3
f 1996/18/3 1964/18/3 1963/18/3
f 1997/16/3 1966/16/3 1965/16/3
f 1997/18/3 1965/18/3 1996/18/3
f 1998/42/3 1967/42/3 1966/42/3
f 1998/16/3 1966/16/3 1997/16/3
f 1998/42/3 1968/42/3 1967/42/3
f 1999/42/3 1968/42/3 1998/42/3
f 2000/31/3 1969/31/3 1968/31/3
f 2000/42/3 1968/42/3 1999/42/3
f 2001/18/3 1972/18/3 1971/18/3
f 2001/18/3 1971/18/3 1970/18/3
f 2002/42/3 1974/42/3 1973/42/3
f 2002/18/3 1972/18/3 2001/18/3
f 2002/42/3 1973/42/3 1972/42/3
f 2003/42/3 1974/42/3 2002/42/3
f 2004/32/3 1975/32/3 1974/32/3
f 2004/42/3 1974/42/3 2003/42/3
f 2005/32/3 1943/32/3 1975/32/3
f 2005/32/3 1975/32/3 2004/32/3
f 2006/42/3 1885/42/3 1943/42/3
f 2006/32/3 1943/32/3 2005/32/3
f 2007/21/3 1859/21/3 1885/21/3
f 2007/42/3 1885/42/3 2006/42/3
f 2008/22/3 909/22/3 1859/22/3
f 2008/21/3 1859/21/3 2007/21/3
f 2009/24/3 847/24/3 909/24/3
f 2009/22/3 909/22/3 2008/22/3
f 2010/20/3 1945/20/3 1944/20/3
f 2010/19/3 1946/19/3 1945/19/3
f 2011/42/3 1029/42/3 1946/42/3
f 2011/19/3 1946/19/3 2010/19/3
f 2012/28/3 1976/28/3 1029/28/3
f 2012/42/3 1029/42/3 2011/42/3
f 2012/28/3 1977/28/3 1976/28/3
f 2013/42/3 1978/42/3 1977/42/3
f 2013/28/3 1977/28/3 2012/28/3
f 2014/42/3 1677/42/3 1978/42/3
f 2014/42/3 1978/42/3 2013/42/3
f 2015/20/3 1678/20/3 1677/20/3
f 2015/42/3 1677/42/3 2014/42/3
f 2016/30/3 1983/30/3 1982/30/3
f 2016/30/3 1982/30/3 1918/30/3
f 2016/29/3 1918/29/3 1917/29/3
f 2017/29/3 1984/29/3 1983/29/3
f 2017/30/3 1983/30/3 2016/30/3
f 2018/20/3 1985/20/3 1984/20/3
f 2018/29/3 1984/29/3 2017/29/3
f 2019/20/3 1985/20/3 2018/20/3
f 2020/29/3 1986/29/3 1985/29/3
f 2020/20/3 1985/20/3 2019/20/3
f 2021/29/3 1988/29/3 1987/29/3
f 2021/32/3 1987/32/3 1923/32/3
f 2022/29/3 1961/29/3 1988/29/3
f 2022/29/3 1988/29/3 2021/29/3
f 2023/29/3 1961/29/3 2022/29/3
f 2024/32/3 1925/32/3 1961/32/3
f 2024/29/3 1961/29/3 2023/29/3
f 2025/30/3 1990/30/3 1989/30/3
f 2025/32/3 1925/32/3 2024/32/3
f 2025/30/3 1989/30/3 1925/30/3
f 2026/30/3 1990/30/3 2025/30/3
f 2027/29/3 1991/29/3 1990/29/3
f 2027/30/3 1990/30/3 2026/30/3
f 2028/42/3 1998/42/3 1997/42/3
f 2028/42/3 1999/42/3 1998/42/3
f 2029/31/3 2000/31/3 1999/31/3
f 2029/42/3 1999/42/3 2028/42/3
f 2030/32/3 2004/32/3 2003/32/3
f 2030/32/3 2005/32/3 2004/32/3
f 2031/29/3 2006/29/3 2005/29/3
f 2031/32/3 2005/32/3 2030/32/3
f 2032/32/3 2008/32/3 2007/32/3
f 2032/32/3 2007/32/3 2006/32/3
f 2032/42/3 2009/42/3 2008/42/3
f 2033/24/3 847/24/3 2009/24/3
f 2033/42/3 2009/42/3 2032/42/3
f 2034/20/3 2011/20/3 2010/20/3
f 2034/24/3 847/24/3 2033/24/3
f 2034/20/3 1944/20/3 847/20/3
f 2034/20/3 2010/20/3 1944/20/3
f 2034/20/3 2012/20/3 2011/20/3
f 2035/42/3 2014/42/3 2013/42/3
f 2035/20/3 2012/20/3 2034/20/3
f 2035/42/3 2013/42/3 2012/42/3
f 2036/42/3 2014/42/3 2035/42/3
f 2037/42/3 2014/42/3 2036/42/3
f 2038/20/3 2015/20/3 2014/20/3
f 2038/42/3 2014/42/3 2037/42/3
f 2039/28/3 1981/28/3 1980/28/3
f 2039/30/3 1917/30/3 1981/30/3
f 2040/30/3 1917/30/3 2039/30/3
f 2041/29/3 2016/29/3 1917/29/3
f 2041/30/3 1917/30/3 2040/30/3
f 2042/35/3 2017/35/3 2016/35/3
f 2042/29/3 2016/29/3 2041/29/3
f 2043/34/3 2018/34/3 2017/34/3
f 2043/35/3 2017/35/3 2042/35/3
f 2043/34/3 2019/34/3 2018/34/3
f 2044/29/3 2020/29/3 2019/29/3
f 2044/34/3 2019/34/3 2043/34/3
f 2045/29/3 2020/29/3 2044/29/3
f 2046/29/3 1986/29/3 2020/29/3
f 2046/29/3 2020/29/3 2045/29/3
f 2046/29/3 1957/29/3 1986/29/3
f 2047/26/3 1865/26/3 1922/26/3
f 2047/29/3 1957/29/3 2046/29/3
f 2047/29/3 1922/29/3 1957/29/3
f 2048/32/3 2021/32/3 1923/32/3
f 2049/30/3 2022/30/3 2021/30/3
f 2049/32/3 2021/32/3 2048/32/3
f 2050/29/3 2023/29/3 2022/29/3
f 2050/30/3 2022/30/3 2049/30/3
f 2051/32/3 2026/32/3 2025/32/3
f 2051/29/3 2023/29/3 2050/29/3
f 2051/32/3 2025/32/3 2024/32/3
f 2051/32/3 2024/32/3 2023/32/3
f 2052/29/3 2027/29/3 2026/29/3
f 2052/32/3 2026/32/3 2051/32/3
f 2053/29/3 1991/29/3 2027/29/3
f 2053/29/3 2027/29/3 2052/29/3
f 2054/33/3 1994/33/3 1931/33/3
f 2054/31/3 1931/31/3 1993/31/3
f 2055/33/3 1994/33/3 2054/33/3
f 2056/33/3 1994/33/3 2055/33/3
f 2057/31/3 1995/31/3 1994/31/3
f 2057/33/3 1994/33/3 2056/33/3
f 2058/42/3 2028/42/3 1997/42/3
f 2058/31/3 2029/31/3 2028/31/3
f 2059/31/3 2000/31/3 2029/31/3
f 2059/31/3 2029/31/3 2058/31/3
f 2060/18/3 2001/18/3 1970/18/3
f 2060/42/3 1970/42/3 1969/42/3
f 2061/16/3 2002/16/3 2001/16/3
f 2061/18/3 2001/18/3 2060/18/3
f 2062/42/3 2003/42/3 2002/42/3
f 2062/16/3 2002/16/3 2061/16/3
f 2063/32/3 2030/32/3 2003/32/3
f 2064/29/3 2031/29/3 2030/29/3
f 2064/32/3 2030/32/3 2063/32/3
f 2065/42/3 2037/42/3 2036/42/3
f 2065/20/3 2036/20/3 2035/20/3
f 2065/20/3 2035/20/3 2034/20/3
f 2066/20/3 2038/20/3 2037/20/3
f 2066/42/3 2037/42/3 2065/42/3
f 2067/31/3 1980/31/3 1979/31/3
f 2067/28/3 2040/28/3 2039/28/3
f 2067/28/3 2039/28/3 1980/28/3
f 2068/28/3 2040/28/3 2067/28/3
f 2069/30/3 2042/30/3 2041/30/3
f 2069/30/3 2045/30/3 2044/30/3
f 2069/30/3 2041/30/3 2040/30/3
f 2069/30/3 2043/30/3 2042/30/3
f 2069/30/3 2044/30/3 2043/30/3
f 2070/30/3 2045/30/3 2069/30/3
f 2071/29/3 2046/29/3 2045/29/3
f 2071/30/3 2045/30/3 2070/30/3
f 2072/37/3 2047/37/3 2046/37/3
f 2072/29/3 2046/29/3 2071/29/3
f 2073/37/3 2047/37/3 2072/37/3
f 2074/26/3 1865/26/3 2047/26/3
f 2074/37/3 2047/37/3 2073/37/3
f 2075/29/3 2049/29/3 2048/29/3
f 2076/30/3 2050/30/3 2049/30/3
f 2076/29/3 2049/29/3 2075/29/3
f 2077/32/3 2052/32/3 2051/32/3
f 2077/32/3 2053/32/3 2052/32/3
f 2077/32/3 2051/32/3 2050/32/3
f 2078/32/3 2053/32/3 2077/32/3
f 2079/32/3 2053/32/3 2078/32/3
f 2080/29/3 1991/29/3 2053/29/3
f 2080/32/3 2053/32/3 2079/32/3
f 2081/29/3 1991/29/3 2080/29/3
f 2082/35/3 1992/35/3 1991/35/3
f 2082/29/3 1991/29/3 2081/29/3
f 2083/32/3 1993/32/3 1992/32/3
f 2083/35/3 1992/35/3 2082/35/3
f 2084/31/3 2054/31/3 1993/31/3
f 2084/32/3 1993/32/3 2083/32/3
f 2084/31/3 2055/31/3 2054/31/3
f 2085/31/3 2055/31/3 2084/31/3
f 2086/33/3 2056/33/3 2055/33/3
f 2086/31/3 2055/31/3 2085/31/3
f 2087/42/3 2058/42/3 1997/42/3
f 2087/42/3 2059/42/3 2058/42/3
f 2087/17/3 1997/17/3 1996/17/3
f 2088/42/3 2059/42/3 2087/42/3
f 2089/17/3 2061/17/3 2060/17/3
f 2089/42/3 2060/42/3 1969/42/3
f 2090/42/3 2062/42/3 2061/42/3
f 2090/17/3 2061/17/3 2089/17/3
f 2091/42/3 2003/42/3 2062/42/3
f 2091/42/3 2062/42/3 2090/42/3
f 2092/32/3 2063/32/3 2003/32/3
f 2092/42/3 2003/42/3 2091/42/3
f 2093/29/3 2031/29/3 2064/29/3
f 2093/29/3 2006/29/3 2031/29/3
f 2093/29/3 2064/29/3 2063/29/3
f 2094/32/3 2033/32/3 2032/32/3
f 2094/29/3 2006/29/3 2093/29/3
f 2094/32/3 2032/32/3 2006/32/3
f 2095/32/3 2033/32/3 2094/32/3
f 2096/32/3 2033/32/3 2095/32/3
f 2097/42/3 2034/42/3 2033/42/3
f 2097/20/3 2066/20/3 2065/20/3
f 2097/20/3 2065/20/3 2034/20/3
f 2098/20/3 1678/20/3 2015/20/3
f 2098/20/3 2066/20/3 2097/20/3
f 2098/20/3 1300/20/3 1678/20/3
f 2098/20/3 2038/20/3 2066/20/3
f 2098/19/3 1301/19/3 1300/19/3
f 2098/20/3 2015/20/3 2038/20/3
f 2099/42/3 1951/42/3 1301/42/3
f 2099/31/3 1979/31/3 1951/31/3
f 2099/31/3 2067/31/3 1979/31/3
f 2100/30/3 2068/30/3 2067/30/3
f 2100/31/3 2067/31/3 2099/31/3
f 2101/28/3 2040/28/3 2068/28/3
f 2101/30/3 2068/30/3 2100/30/3
f 2102/30/3 2069/30/3 2040/30/3
f 2102/28/3 2040/28/3 2101/28/3
f 2103/30/3 2069/30/3 2102/30/3
f 2104/37/3 2070/37/3 2069/37/3
f 2104/30/3 2069/30/3 2103/30/3
f 2105/36/3 2072/36/3 2071/36/3
f 2105/37/3 2070/37/3 2104/37/3
f 2105/36/3 2071/36/3 2070/36/3
f 2106/29/3 2073/29/3 2072/29/3
f 2106/36/3 2072/36/3 2105/36/3
f 2107/29/3 2073/29/3 2106/29/3
f 2108/26/3 2074/26/3 2073/26/3
f 2108/29/3 2073/29/3 2107/29/3
f 2109/26/3 1865/26/3 2074/26/3
f 2109/26/3 2074/26/3 2108/26/3
f 2110/29/3 116/29/3 1865/29/3
f 2110/26/3 1865/26/3 2109/26/3
f 2111/29/3 2075/29/3 2048/29/3
f 2111/32/3 2048/32/3 1923/32/3
f 2112/30/3 2076/30/3 2075/30/3
f 2112/29/3 2075/29/3 2111/29/3
f 2113/30/3 2050/30/3 2076/30/3
f 2113/30/3 2076/30/3 2112/30/3
f 2114/32/3 2077/32/3 2050/32/3
f 2114/30/3 2050/30/3 2113/30/3
f 2115/33/3 2056/33/3 2086/33/3
f 2115/33/3 2086/33/3 2085/33/3
f 2116/31/3 2057/31/3 2056/31/3
f 2116/33/3 2056/33/3 2115/33/3
f 2117/18/3 1996/18/3 1963/18/3
f 2117/17/3 2088/17/3 2087/17/3
f 2117/17/3 2087/17/3 1996/17/3
f 2118/17/3 2088/17/3 2117/17/3
f 2119/16/3 2090/16/3 2089/16/3
f 2119/42/3 2089/42/3 1969/42/3
f 2120/42/3 2091/42/3 2090/42/3
f 2120/16/3 2090/16/3 2119/16/3
f 2121/32/3 2063/32/3 2092/32/3
f 2121/32/3 2092/32/3 2091/32/3
f 2122/29/3 2093/29/3 2063/29/3
f 2122/32/3 2063/32/3 2121/32/3
f 2123/32/3 2033/32/3 2096/32/3
f 2123/31/3 2096/31/3 2095/31/3
f 2124/42/3 2097/42/3 2033/42/3
f 2124/32/3 2033/32/3 2123/32/3
f 2125/19/3 2098/19/3 2097/19/3
f 2125/42/3 2097/42/3 2124/42/3
f 2126/19/3 1301/19/3 2098/19/3
f 2126/19/3 2098/19/3 2125/19/3
f 2126/42/3 2099/42/3 1301/42/3
f 2127/37/3 2100/37/3 2099/37/3
f 2127/42/3 2099/42/3 2126/42/3
f 2127/37/3 2101/37/3 2100/37/3
f 2127/37/3 2103/37/3 2102/37/3
f 2127/37/3 2102/37/3 2101/37/3
f 2128/37/3 2103/37/3 2127/37/3
f 2129/37/3 2103/37/3 2128/37/3
f 2130/29/3 2104/29/3 2103/29/3
f 2130/37/3 2103/37/3 2129/37/3
f 2130/29/3 2105/29/3 2104/29/3
f 2130/29/3 2106/29/3 2105/29/3
f 2130/29/3 2107/29/3 2106/29/3
f 2131/29/3 2107/29/3 2130/29/3
f 2132/26/3 2108/26/3 2107/26/3
f 2132/29/3 2107/29/3 2131/29/3
f 2132/26/3 2109/26/3 2108/26/3
f 2133/26/3 2109/26/3 2132/26/3
f 2134/31/3 2110/31/3 2109/31/3
f 2134/26/3 2109/26/3 2133/26/3
f 2135/30/3 2113/30/3 2112/30/3
f 2135/30/3 2112/30/3 2111/30/3
f 2136/32/3 2114/32/3 2113/32/3
f 2136/30/3 2113/30/3 2135/30/3
f 2137/32/3 2079/32/3 2078/32/3
f 2137/30/3 2078/30/3 2077/30/3
f 2138/30/3 2081/30/3 2080/30/3
f 2138/32/3 2079/32/3 2137/32/3
f 2138/30/3 2080/30/3 2079/30/3
f 2139/30/3 2081/30/3 2138/30/3
f 2140/35/3 2082/35/3 2081/35/3
f 2140/30/3 2081/30/3 2139/30/3
f 2141/32/3 2083/32/3 2082/32/3
f 2141/35/3 2082/35/3 2140/35/3
f 2142/33/3 2115/33/3 2085/33/3
f 2142/31/3 2085/31/3 2084/31/3
f 2143/33/3 2115/33/3 2142/33/3
f 2144/31/3 2116/31/3 2115/31/3
f 2144/33/3 2115/33/3 2143/33/3
f 2145/31/3 2057/31/3 2116/31/3
f 2145/31/3 2116/31/3 2144/31/3
f 2146/18/3 2117/18/3 1963/18/3
f 2146/42/3 1963/42/3 1962/42/3
f 2146/18/3 2118/18/3 2117/18/3
f 2147/18/3 2118/18/3 2146/18/3
f 2148/42/3 2091/42/3 2120/42/3
f 2148/32/3 2121/32/3 2091/32/3
f 2149/29/3 2122/29/3 2121/29/3
f 2149/32/3 2121/32/3 2148/32/3
f 2150/29/3 2093/29/3 2122/29/3
f 2150/29/3 2122/29/3 2149/29/3
f 2151/32/3 2094/32/3 2093/32/3
f 2151/29/3 2093/29/3 2150/29/3
f 2151/32/3 2095/32/3 2094/32/3
f 2152/42/3 2125/42/3 2124/42/3
f 2152/42/3 2126/42/3 2125/42/3
f 2152/31/3 2124/31/3 2123/31/3
f 2152/42/3 2127/42/3 2126/42/3
f 2153/42/3 2127/42/3 2152/42/3
f 2154/42/3 2127/42/3 2153/42/3
f 2155/42/3 2127/42/3 2154/42/3
f 2156/42/3 2127/42/3 2155/42/3
f 2157/42/3 2127/42/3 2156/42/3
f 2158/42/3 2127/42/3 2157/42/3
f 2159/42/3 2127/42/3 2158/42/3
f 2160/42/3 2127/42/3 2159/42/3
f 2161/42/3 2127/42/3 2160/42/3
f 2162/42/3 2127/42/3 2161/42/3
f 2163/42/3 2127/42/3 2162/42/3
f 2164/42/3 2127/42/3 2163/42/3
f 2165/29/3 2128/29/3 2127/29/3
f 2165/42/3 2127/42/3 2164/42/3
f 2166/26/3 2129/26/3 2128/26/3
f 2166/29/3 2128/29/3 2165/29/3
f 2167/29/3 2131/29/3 2130/29/3
f 2167/26/3 2129/26/3 2166/26/3
f 2167/29/3 2130/29/3 2129/29/3
f 2168/29/3 2131/29/3 2167/29/3
f 2169/29/3 2131/29/3 2168/29/3
f 2170/26/3 2133/26/3 2132/26/3
f 2170/29/3 2131/29/3 2169/29/3
f 2170/26/3 2132/26/3 2131/26/3
f 2171/26/3 2133/26/3 2170/26/3
f 2172/31/3 2134/31/3 2133/31/3
f 2172/26/3 2133/26/3 2171/26/3
f 2173/32/3 2111/32/3 1923/32/3
f 2173/30/3 2135/30/3 2111/30/3
f 2174/32/3 2136/32/3 2135/32/3
f 2174/30/3 2135/30/3 2173/30/3
f 2175/32/3 2083/32/3 2141/32/3
f 2175/32/3 2141/32/3 2140/32/3
f 2176/30/3 2084/30/3 2083/30/3
f 2176/32/3 2083/32/3 2175/32/3
f 2177/31/3 2143/31/3 2142/31/3
f 2177/31/3 2142/31/3 2084/31/3
f 2178/31/3 2143/31/3 2177/31/3
f 2179/31/3 1995/31/3 2057/31/3
f 2179/31/3 1962/31/3 1995/31/3
f 2179/31/3 2057/31/3 2145/31/3
f 2180/31/3 1962/31/3 2179/31/3
f 2181/42/3 2147/42/3 2146/42/3
f 2181/31/3 1962/31/3 2180/31/3
f 2181/42/3 2146/42/3 1962/42/3
f 2182/42/3 2147/42/3 2181/42/3
f 2183/18/3 2118/18/3 2147/18/3
f 2183/42/3 2147/42/3 2182/42/3
f 2184/17/3 2088/17/3 2118/17/3
f 2184/18/3 2118/18/3 2183/18/3
f 2185/42/3 2059/42/3 2088/42/3
f 2185/17/3 2088/17/3 2184/17/3
f 2186/17/3 2120/17/3 2119/17/3
f 2186/42/3 2119/42/3 1969/42/3
f 2187/42/3 2148/42/3 2120/42/3
f 2187/17/3 2120/17/3 2186/17/3
f 2188/29/3 2150/29/3 2149/29/3
f 2188/42/3 2148/42/3 2187/42/3
f 2188/29/3 2149/29/3 2148/29/3
f 2189/32/3 2151/32/3 2150/32/3
f 2189/29/3 2150/29/3 2188/29/3
f 2190/31/3 2123/31/3 2095/31/3
f 2190/32/3 2151/32/3 2189/32/3
f 2190/32/3 2095/32/3 2151/32/3
f 2190/31/3 2152/31/3 2123/31/3
f 2190/31/3 2153/31/3 2152/31/3
f 2191/31/3 2153/31/3 2190/31/3
f 2192/31/3 2155/31/3 2154/31/3
f 2193/31/3 2155/31/3 2192/31/3
f 2194/31/3 2155/31/3 2193/31/3
f 2195/31/3 2155/31/3 2194/31/3
f 2196/28/3 2156/28/3 2155/28/3
f 2196/31/3 2155/31/3 2195/31/3
f 2197/29/3 2157/29/3 2156/29/3
f 2197/28/3 2156/28/3 2196/28/3
f 2198/29/3 2157/29/3 2197/29/3
f 2199/31/3 2158/31/3 2157/31/3
f 2199/29/3 2157/29/3 2198/29/3
f 2200/28/3 2159/28/3 2158/28/3
f 2200/31/3 2158/31/3 2199/31/3
f 2201/31/3 2160/31/3 2159/31/3
f 2201/28/3 2159/28/3 2200/28/3
f 2202/28/3 2161/28/3 2160/28/3
f 2202/31/3 2160/31/3 2201/31/3
f 2203/29/3 2162/29/3 2161/29/3
f 2203/28/3 2161/28/3 2202/28/3
f 2204/29/3 2162/29/3 2203/29/3
f 2205/31/3 2163/31/3 2162/31/3
f 2205/29/3 2162/29/3 2204/29/3
f 2206/28/3 2164/28/3 2163/28/3
f 2206/31/3 2163/31/3 2205/31/3
f 2207/31/3 2165/31/3 2164/31/3
f 2207/31/3 2166/31/3 2165/31/3
f 2208/31/3 2166/31/3 2207/31/3
f 2209/26/3 2168/26/3 2167/26/3
f 2209/31/3 2166/31/3 2208/31/3
f 2209/26/3 2167/26/3 2166/26/3
f 2210/26/3 2168/26/3 2209/26/3
f 2211/29/3 2169/29/3 2168/29/3
f 2211/26/3 2168/26/3 2210/26/3
f 2212/26/3 2170/26/3 2169/26/3
f 2212/29/3 2169/29/3 2211/29/3
f 2212/26/3 2171/26/3 2170/26/3
f 2213/31/3 2172/31/3 2171/31/3
f 2213/26/3 2171/26/3 2212/26/3
f 2214/30/3 2139/30/3 2138/30/3
f 2214/30/3 2138/30/3 2137/30/3
f 2215/35/3 2140/35/3 2139/35/3
f 2215/30/3 2139/30/3 2214/30/3
f 2216/30/3 2084/30/3 2176/30/3
f 2216/30/3 2176/30/3 2175/30/3
f 2217/31/3 2177/31/3 2084/31/3
f 2217/30/3 2084/30/3 2216/30/3
f 2218/31/3 2182/31/3 2181/31/3
f 2218/42/3 2184/42/3 2183/42/3
f 2218/31/3 2181/31/3 2180/31/3
f 2218/42/3 2183/42/3 2182/42/3
f 2219/42/3 2184/42/3 2218/42/3
f 2220/42/3 2059/42/3 2185/42/3
f 2220/31/3 2000/31/3 2059/31/3
f 2221/42/3 2187/42/3 2186/42/3
f 2221/31/3 2000/31/3 2220/31/3
f 2221/31/3 1969/31/3 2000/31/3
f 2221/42/3 2186/42/3 1969/42/3
f 2222/32/3 2189/32/3 2188/32/3
f 2222/32/3 2188/32/3 2187/32/3
f 2222/31/3 2153/31/3 2191/31/3
f 2222/32/3 2190/32/3 2189/32/3
f 2222/32/3 2191/32/3 2190/32/3
f 2223/28/3 2154/28/3 2153/28/3
f 2223/31/3 2153/31/3 2222/31/3
f 2224/31/3 2192/31/3 2154/31/3
f 2224/28/3 2154/28/3 2223/28/3
f 2225/31/3 2192/31/3 2224/31/3
f 2226/27/3 2193/27/3 2192/27/3
f 2226/31/3 2192/31/3 2225/31/3
f 2227/32/3 2194/32/3 2193/32/3
f 2227/27/3 2193/27/3 2226/27/3
f 2228/28/3 2197/28/3 2196/28/3
f 2228/1/3 2196/1/3 2195/1/3
f 2229/31/3 2198/31/3 2197/31/3
f 2229/28/3 2197/28/3 2228/28/3
f 2230/1/3 2199/1/3 2198/1/3
f 2230/31/3 2198/31/3 2229/31/3
f 2231/29/3 2200/29/3 2199/29/3
f 2231/1/3 2199/1/3 2230/1/3
f 2232/28/3 2201/28/3 2200/28/3
f 2232/29/3 2200/29/3 2231/29/3
f 2233/32/3 2202/32/3 2201/32/3
f 2233/28/3 2201/28/3 2232/28/3
f 2234/28/3 2203/28/3 2202/28/3
f 2234/32/3 2202/32/3 2233/32/3
f 2235/31/3 2204/31/3 2203/31/3
f 2235/28/3 2203/28/3 2234/28/3
f 2236/38/3 2205/38/3 2204/38/3
f 2236/31/3 2204/31/3 2235/31/3
f 2237/29/3 2206/29/3 2205/29/3
f 2237/38/3 2205/38/3 2236/38/3
f 2238/28/3 2164/28/3 2206/28/3
f 2238/29/3 2206/29/3 2237/29/3
f 2239/31/3 2207/31/3 2164/31/3
f 2239/28/3 2164/28/3 2238/28/3
f 2240/28/3 2208/28/3 2207/28/3
f 2240/31/3 2207/31/3 2239/31/3
f 2241/31/3 2209/31/3 2208/31/3
f 2241/28/3 2208/28/3 2240/28/3
f 2242/29/3 2210/29/3 2209/29/3
f 2242/31/3 2209/31/3 2241/31/3
f 2243/31/3 2211/31/3 2210/31/3
f 2243/29/3 2210/29/3 2242/29/3
f 2243/31/3 2213/31/3 2212/31/3
f 2243/31/3 2212/31/3 2211/31/3
f 2244/31/3 2172/31/3 2213/31/3
f 2244/31/3 2213/31/3 2243/31/3
f 2245/31/3 2172/31/3 2244/31/3
f 2246/31/3 2110/31/3 2134/31/3
f 2246/31/3 2172/31/3 2245/31/3
f 2246/29/3 116/29/3 2110/29/3
f 2246/31/3 2134/31/3 2172/31/3
f 2247/32/3 2114/32/3 2136/32/3
f 2247/32/3 2077/32/3 2114/32/3
f 2247/32/3 2136/32/3 2174/32/3
f 2247/32/3 2174/32/3 2173/32/3
f 2248/30/3 2137/30/3 2077/30/3
f 2248/32/3 2077/32/3 2247/32/3
f 2248/30/3 2214/30/3 2137/30/3
f 2249/35/3 2140/35/3 2215/35/3
f 2249/35/3 2215/35/3 2214/35/3
f 2250/32/3 2175/32/3 2140/32/3
f 2250/35/3 2140/35/3 2249/35/3
f 2251/30/3 2216/30/3 2175/30/3
f 2251/32/3 2175/32/3 2250/32/3
f 2252/32/3 2217/32/3 2216/32/3
f 2252/30/3 2216/30/3 2251/30/3
f 2253/31/3 2177/31/3 2217/31/3
f 2253/32/3 2217/32/3 2252/32/3
f 2254/35/3 2178/35/3 2177/35/3
f 2254/31/3 2177/31/3 2253/31/3
f 2255/31/3 2143/31/3 2178/31/3
f 2255/35/3 2178/35/3 2254/35/3
f 2256/33/3 2144/33/3 2143/33/3
f 2256/38/3 2145/38/3 2144/38/3
f 2257/31/3 2179/31/3 2145/31/3
f 2257/38/3 2145/38/3 2256/38/3
f 2258/31/3 2179/31/3 2257/31/3
f 2259/33/3 2180/33/3 2179/33/3
f 2259/31/3 2218/31/3 2180/31/3
f 2259/31/3 2219/31/3 2218/31/3
f 2260/31/3 2219/31/3 2259/31/3
f 2261/42/3 2220/42/3 2185/42/3
f 2261/18/3 2185/18/3 2184/18/3
f 2261/42/3 2221/42/3 2220/42/3
f 2262/42/3 2221/42/3 2261/42/3
f 2263/42/3 2187/42/3 2221/42/3
f 2263/42/3 2221/42/3 2262/42/3
f 2264/32/3 2223/32/3 2222/32/3
f 2264/42/3 2187/42/3 2263/42/3
f 2264/32/3 2222/32/3 2187/32/3
f 2265/28/3 2224/28/3 2223/28/3
f 2265/32/3 2223/32/3 2264/32/3
f 2265/28/3 2225/28/3 2224/28/3
f 2266/32/3 2226/32/3 2225/32/3
f 2266/28/3 2225/28/3 2265/28/3
f 2267/32/3 2226/32/3 2266/32/3
f 2268/28/3 2227/28/3 2226/28/3
f 2268/32/3 2226/32/3 2267/32/3
f 2269/32/3 2194/32/3 2227/32/3
f 2269/28/3 2227/28/3 2268/28/3
f 2270/1/3 2230/1/3 2229/1/3
f 2270/1/3 2229/1/3 2228/1/3
f 2270/1/3 2231/1/3 2230/1/3
f 2270/1/3 2228/1/3 2195/1/3
f 2270/1/3 2232/1/3 2231/1/3
f 2271/31/3 2233/31/3 2232/31/3
f 2271/1/3 2232/1/3 2270/1/3
f 2272/28/3 2235/28/3 2234/28/3
f 2272/31/3 2233/31/3 2271/31/3
f 2272/28/3 2234/28/3 2233/28/3
f 2273/20/3 2242/20/3 2241/20/3
f 2273/28/3 2235/28/3 2272/28/3
f 2273/20/3 2237/20/3 2236/20/3
f 2273/20/3 2244/20/3 2243/20/3
f 2273/20/3 2238/20/3 2237/20/3
f 2273/20/3 2236/20/3 2235/20/3
f 2273/20/3 2243/20/3 2242/20/3
f 2273/20/3 2240/20/3 2239/20/3
f 2273/20/3 2241/20/3 2240/20/3
f 2273/20/3 2239/20/3 2238/20/3
f 2274/28/3 2245/28/3 2244/28/3
f 2274/20/3 2244/20/3 2273/20/3
f 2275/32/3 2246/32/3 2245/32/3
f 2275/28/3 2245/28/3 2274/28/3
f 2276/32/3 2246/32/3 2275/32/3
f 2277/29/3 116/29/3 2246/29/3
f 2277/32/3 2246/32/3 2276/32/3
f 2278/30/3 2248/30/3 2247/30/3
f 2278/30/3 2214/30/3 2248/30/3
f 2279/35/3 2249/35/3 2214/35/3
f 2279/30/3 2214/30/3 2278/30/3
f 2280/18/3 2262/18/3 2261/18/3
f 2280/42/3 2184/42/3 2219/42/3
f 2280/18/3 2261/18/3 2184/18/3
f 2281/18/3 2262/18/3 2280/18/3
f 2282/42/3 2263/42/3 2262/42/3
f 2282/18/3 2262/18/3 2281/18/3
f 2283/42/3 2263/42/3 2282/42/3
f 2284/8/3 2267/8/3 2266/8/3
f 2284/8/3 2265/8/3 2264/8/3
f 2284/8/3 2264/8/3 2263/8/3
f 2284/8/3 2266/8/3 2265/8/3
f 2285/8/3 2267/8/3 2284/8/3
f 2286/32/3 2268/32/3 2267/32/3
f 2286/32/3 2269/32/3 2268/32/3
f 2287/32/3 2194/32/3 2269/32/3
f 2287/32/3 2269/32/3 2286/32/3
f 2288/27/3 2195/27/3 2194/27/3
f 2288/32/3 2194/32/3 2287/32/3
f 2289/1/3 2270/1/3 2195/1/3
f 2289/27/3 2195/27/3 2288/27/3
f 2290/30/3 2271/30/3 2270/30/3
f 2290/1/3 2270/1/3 2289/1/3
f 2291/33/3 2274/33/3 2273/33/3
f 2292/33/3 2274/33/3 2291/33/3
f 2293/35/3 2249/35/3 2279/35/3
f 2293/35/3 2279/35/3 2278/35/3
f 2294/32/3 2252/32/3 2251/32/3
f 2294/35/3 2249/35/3 2293/35/3
f 2294/32/3 2251/32/3 2250/32/3
f 2294/32/3 2253/32/3 2252/32/3
f 2294/32/3 2250/32/3 2249/32/3
f 2295/32/3 2253/32/3 2294/32/3
f 2296/35/3 2254/35/3 2253/35/3
f 2296/32/3 2253/32/3 2295/32/3
f 2297/31/3 2255/31/3 2254/31/3
f 2297/35/3 2254/35/3 2296/35/3
f 2298/31/3 2143/31/3 2255/31/3
f 2298/31/3 2255/31/3 2297/31/3
f 2299/33/3 2256/33/3 2143/33/3
f 2299/31/3 2143/31/3 2298/31/3
f 2300/31/3 2219/31/3 2260/31/3
f 2300/42/3 2281/42/3 2280/42/3
f 2300/42/3 2280/42/3 2219/42/3
f 2301/42/3 2281/42/3 2300/42/3
f 2302/18/3 2283/18/3 2282/18/3
f 2302/42/3 2281/42/3 2301/42/3
f 2302/18/3 2282/18/3 2281/18/3
f 2303/18/3 2283/18/3 2302/18/3
f 2304/42/3 2263/42/3 2283/42/3
f 2304/18/3 2283/18/3 2303/18/3
f 2305/8/3 2284/8/3 2263/8/3
f 2305/42/3 2263/42/3 2304/42/3
f 2306/8/3 2284/8/3 2305/8/3
f 2307/10/3 2285/10/3 2284/10/3
f 2307/8/3 2284/8/3 2306/8/3
f 2308/10/3 2285/10/3 2307/10/3
f 2309/8/3 2267/8/3 2285/8/3
f 2309/10/3 2285/10/3 2308/10/3
f 2310/32/3 2286/32/3 2267/32/3
f 2310/8/3 2267/8/3 2309/8/3
f 2311/32/3 2286/32/3 2310/32/3
f 2312/28/3 2289/28/3 2288/28/3
f 2312/30/3 2290/30/3 2289/30/3
f 2313/30/3 2271/30/3 2290/30/3
f 2313/30/3 2290/30/3 2312/30/3
f 2314/30/3 2271/30/3 2313/30/3
f 2315/31/3 2272/31/3 2271/31/3
f 2315/30/3 2271/30/3 2314/30/3
f 2316/33/3 2291/33/3 2273/33/3
f 2316/20/3 2273/20/3 2272/20/3
f 2317/31/3 2292/31/3 2291/31/3
f 2317/33/3 2291/33/3 2316/33/3
f 2318/31/3 2292/31/3 2317/31/3
f 2319/31/3 2292/31/3 2318/31/3
f 2320/33/3 2274/33/3 2292/33/3
f 2320/31/3 2292/31/3 2319/31/3
f 2321/20/3 2275/20/3 2274/20/3
f 2321/33/3 2274/33/3 2320/33/3
f 2322/32/3 2276/32/3 2275/32/3
f 2322/20/3 2275/20/3 2321/20/3
f 2323/32/3 2276/32/3 2322/32/3
f 2324/30/3 2277/30/3 2276/30/3
f 2324/32/3 2276/32/3 2323/32/3
f 2325/29/3 116/29/3 2277/29/3
f 2325/30/3 2277/30/3 2324/30/3
f 2326/32/3 2247/32/3 2173/32/3
f 2327/30/3 2278/30/3 2247/30/3
f 2327/32/3 2247/32/3 2326/32/3
f 2328/30/3 2278/30/3 2327/30/3
f 2329/35/3 2293/35/3 2278/35/3
f 2329/30/3 2278/30/3 2328/30/3
f 2330/33/3 2256/33/3 2299/33/3
f 2330/35/3 2299/35/3 2298/35/3
f 2331/33/3 2256/33/3 2330/33/3
f 2332/33/3 2258/33/3 2257/33/3
f 2332/31/3 2257/31/3 2256/31/3
f 2333/31/3 2179/31/3 2258/31/3
f 2333/33/3 2258/33/3 2332/33/3
f 2334/42/3 2303/42/3 2302/42/3
f 2334/18/3 2304/18/3 2303/18/3
f 2334/42/3 2302/42/3 2301/42/3
f 2335/8/3 2305/8/3 2304/8/3
f 2335/18/3 2304/18/3 2334/18/3
f 2336/12/3 2306/12/3 2305/12/3
f 2336/8/3 2307/8/3 2306/8/3
f 2337/11/3 2308/11/3 2307/11/3
f 2337/8/3 2307/8/3 2336/8/3
f 2338/11/3 2308/11/3 2337/11/3
f 2339/11/3 2308/11/3 2338/11/3
f 2340/11/3 2308/11/3 2339/11/3
f 2341/11/3 2308/11/3 2340/11/3
f 2342/11/3 2308/11/3 2341/11/3
f 2343/28/3 2312/28/3 2288/28/3
f 2343/32/3 2313/32/3 2312/32/3
f 2344/1/3 2314/1/3 2313/1/3
f 2344/32/3 2313/32/3 2343/32/3
f 2345/1/3 2314/1/3 2344/1/3
f 2346/1/3 2314/1/3 2345/1/3
f 2347/31/3 2315/31/3 2314/31/3
f 2347/1/3 2314/1/3 2346/1/3
f 2348/31/3 2272/31/3 2315/31/3
f 2348/31/3 2315/31/3 2347/31/3
f 2349/31/3 2317/31/3 2316/31/3
f 2349/31/3 2318/31/3 2317/31/3
f 2350/31/3 2318/31/3 2349/31/3
f 2351/20/3 2319/20/3 2318/20/3
f 2351/31/3 2318/31/3 2350/31/3
f 2352/20/3 2319/20/3 2351/20/3
f 2353/35/3 2293/35/3 2329/35/3
f 2353/35/3 2329/35/3 2328/35/3
f 2354/32/3 2295/32/3 2294/32/3
f 2354/35/3 2293/35/3 2353/35/3
f 2354/32/3 2294/32/3 2293/32/3
f 2355/32/3 2295/32/3 2354/32/3
f 2356/35/3 2296/35/3 2295/35/3
f 2356/32/3 2295/32/3 2355/32/3
f 2357/31/3 2297/31/3 2296/31/3
f 2357/35/3 2296/35/3 2356/35/3
f 2357/31/3 2298/31/3 2297/31/3
f 2358/31/3 2298/31/3 2357/31/3
f 2359/35/3 2330/35/3 2298/35/3
f 2359/31/3 2298/31/3 2358/31/3
f 2360/31/3 2331/31/3 2330/31/3
f 2360/35/3 2330/35/3 2359/35/3
f 2361/33/3 2256/33/3 2331/33/3
f 2361/31/3 2331/31/3 2360/31/3
f 2362/33/3 2256/33/3 2361/33/3
f 2363/31/3 2332/31/3 2256/31/3
f 2363/33/3 2256/33/3 2362/33/3
f 2363/31/3 2333/31/3 2332/31/3
f 2364/31/3 2333/31/3 2363/31/3
f 2365/31/3 2301/31/3 2300/31/3
f 2365/31/3 2300/31/3 2260/31/3
f 2366/42/3 2334/42/3 2301/42/3
f 2366/31/3 2301/31/3 2365/31/3
f 2366/42/3 2335/42/3 2334/42/3
f 2367/42/3 2335/42/3 2366/42/3
f 2368/8/3 2305/8/3 2335/8/3
f 2368/42/3 2335/42/3 2367/42/3
f 2369/12/3 2336/12/3 2305/12/3
f 2369/8/3 2305/8/3 2368/8/3
f 2369/12/3 2337/12/3 2336/12/3
f 2370/11/3 2339/11/3 2338/11/3
f 2371/6/3 2340/6/3 2339/6/3
f 2371/11/3 2339/11/3 2370/11/3
f 2372/6/3 2340/6/3 2371/6/3
f 2373/6/3 2340/6/3 2372/6/3
f 2374/11/3 2341/11/3 2340/11/3
f 2374/6/3 2340/6/3 2373/6/3
f 2375/11/3 2341/11/3 2374/11/3
f 2376/11/3 2341/11/3 2375/11/3
f 2377/6/3 2342/6/3 2341/6/3
f 2377/11/3 2341/11/3 2376/11/3
f 2378/6/3 2342/6/3 2377/6/3
f 2379/6/3 2342/6/3 2378/6/3
f 2380/11/3 2308/11/3 2342/11/3
f 2380/6/3 2342/6/3 2379/6/3
f 2381/11/3 2308/11/3 2380/11/3
f 2382/8/3 2309/8/3 2308/8/3
f 2382/11/3 2308/11/3 2381/11/3
f 2383/9/3 2310/9/3 2309/9/3
f 2383/8/3 2309/8/3 2382/8/3
f 2384/8/3 2311/8/3 2310/8/3
f 2384/9/3 2310/9/3 2383/9/3
f 2385/32/3 2286/32/3 2311/32/3
f 2385/8/3 2311/8/3 2384/8/3
f 2386/32/3 2286/32/3 2385/32/3
f 2387/28/3 2287/28/3 2286/28/3
f 2387/32/3 2286/32/3 2386/32/3
f 2388/32/3 2288/32/3 2287/32/3
f 2388/28/3 2287/28/3 2387/28/3
f 2389/27/3 2347/27/3 2346/27/3
f 2389/31/3 2346/31/3 2345/31/3
f 2390/1/3 2348/1/3 2347/1/3
f 2390/27/3 2347/27/3 2389/27/3
f 2391/20/3 2350/20/3 2349/20/3
f 2392/31/3 2352/31/3 2351/31/3
f 2392/20/3 2350/20/3 2391/20/3
f 2392/31/3 2351/31/3 2350/31/3
f 2393/31/3 2352/31/3 2392/31/3
f 2394/31/3 2352/31/3 2393/31/3
f 2395/35/3 2323/35/3 2322/35/3
f 2395/20/3 2322/20/3 2321/20/3
f 2396/32/3 2324/32/3 2323/32/3
f 2396/35/3 2323/35/3 2395/35/3
f 2396/32/3 2325/32/3 2324/32/3
f 2397/32/3 2325/32/3 2396/32/3
f 2398/32/3 2326/32/3 2173/32/3
f 2399/30/3 2328/30/3 2327/30/3
f 2399/32/3 2326/32/3 2398/32/3
f 2399/30/3 2327/30/3 2326/30/3
f 2400/30/3 2328/30/3 2399/30/3
f 2401/35/3 2353/35/3 2328/35/3
f 2401/30/3 2328/30/3 2400/30/3
f 2402/31/3 2362/31/3 2361/31/3
f 2402/31/3 2360/31/3 2359/31/3
f 2402/31/3 2361/31/3 2360/31/3
f 2403/31/3 2362/31/3 2402/31/3
f 2404/31/3 2365/31/3 2260/31/3
f 2404/37/3 2366/37/3 2365/37/3
f 2405/31/3 2367/31/3 2366/31/3
f 2405/37/3 2366/37/3 2404/37/3
f 2406/8/3 2338/8/3 2337/8/3
f 2406/11/3 2370/11/3 2338/11/3
f 2407/6/3 2371/6/3 2370/6/3
f 2407/11/3 2370/11/3 2406/11/3
f 2407/6/3 2372/6/3 2371/6/3
f 2408/6/3 2372/6/3 2407/6/3
f 2409/6/3 2372/6/3 2408/6/3
f 2410/4/3 2373/4/3 2372/4/3
f 2410/6/3 2372/6/3 2409/6/3
f 2411/6/3 2374/6/3 2373/6/3
f 2411/4/3 2373/4/3 2410/4/3
f 2411/6/3 2375/6/3 2374/6/3
f 2412/6/3 2375/6/3 2411/6/3
f 2413/6/3 2375/6/3 2412/6/3
f 2414/11/3 2376/11/3 2375/11/3
f 2414/6/3 2375/6/3 2413/6/3
f 2415/6/3 2377/6/3 2376/6/3
f 2415/11/3 2376/11/3 2414/11/3
f 2415/6/3 2378/6/3 2377/6/3
f 2416/6/3 2378/6/3 2415/6/3
f 2417/6/3 2378/6/3 2416/6/3
f 2418/4/3 2379/4/3 2378/4/3
f 2418/6/3 2378/6/3 2417/6/3
f 2419/6/3 2381/6/3 2380/6/3
f 2419/4/3 2379/4/3 2418/4/3
f 2419/6/3 2380/6/3 2379/6/3
f 2420/6/3 2381/6/3 2419/6/3
f 2421/6/3 2381/6/3 2420/6/3
f 2422/32/3 2388/32/3 2387/32/3
f 2422/32/3 2387/32/3 2386/32/3
f 2423/32/3 2288/32/3 2388/32/3
f 2423/32/3 2388/32/3 2422/32/3
f 2424/28/3 2343/28/3 2288/28/3
f 2424/1/3 2344/1/3 2343/1/3
f 2425/28/3 2345/28/3 2344/28/3
f 2425/1/3 2344/1/3 2424/1/3
f 2426/31/3 2389/31/3 2345/31/3
f 2426/28/3 2345/28/3 2425/28/3
f 2427/38/3 2390/38/3 2389/38/3
f 2427/31/3 2389/31/3 2426/31/3
f 2428/1/3 2348/1/3 2390/1/3
f 2428/38/3 2390/38/3 2427/38/3
f 2429/31/3 2272/31/3 2348/31/3
f 2429/1/3 2348/1/3 2428/1/3
f 2430/31/3 2393/31/3 2392/31/3
f 2430/31/3 2392/31/3 2391/31/3
f 2431/25/3 2394/25/3 2393/25/3
f 2431/31/3 2393/31/3 2430/31/3
f 2432/31/3 2352/31/3 2394/31/3
f 2432/25/3 2394/25/3 2431/25/3
f 2433/31/3 2352/31/3 2432/31/3
f 2434/35/3 2353/35/3 2401/35/3
f 2434/35/3 2401/35/3 2400/35/3
f 2435/32/3 2354/32/3 2353/32/3
f 2435/35/3 2353/35/3 2434/35/3
f 2435/32/3 2355/32/3 2354/32/3
f 2436/31/3 2358/31/3 2357/31/3
f 2436/31/3 2357/31/3 2356/31/3
f 2437/35/3 2359/35/3 2358/35/3
f 2437/31/3 2358/31/3 2436/31/3
f 2438/31/3 2402/31/3 2359/31/3
f 2438/35/3 2359/35/3 2437/35/3
f 2439/33/3 2260/33/3 2259/33/3
f 2439/31/3 2404/31/3 2260/31/3
f 2439/31/3 2405/31/3 2404/31/3
f 2440/31/3 2405/31/3 2439/31/3
f 2441/31/3 2367/31/3 2405/31/3
f 2441/31/3 2405/31/3 2440/31/3
f 2442/8/3 2368/8/3 2367/8/3
f 2442/31/3 2367/31/3 2441/31/3
f 2443/12/3 2369/12/3 2368/12/3
f 2443/8/3 2368/8/3 2442/8/3
f 2444/12/3 2337/12/3 2369/12/3
f 2444/12/3 2369/12/3 2443/12/3
f 2444/8/3 2406/8/3 2337/8/3
f 2445/6/3 2408/6/3 2407/6/3
f 2445/8/3 2406/8/3 2444/8/3
f 2445/6/3 2407/6/3 2406/6/3
f 2446/6/3 2408/6/3 2445/6/3
f 2447/4/3 2409/4/3 2408/4/3
f 2447/6/3 2408/6/3 2446/6/3
f 2448/3/3 2410/3/3 2409/3/3
f 2448/4/3 2409/4/3 2447/4/3
f 2448/3/3 2412/3/3 2411/3/3
f 2448/3/3 2411/3/3 2410/3/3
f 2449/4/3 2413/4/3 2412/4/3
f 2449/6/3 2414/6/3 2413/6/3
f 2449/6/3 2416/6/3 2415/6/3
f 2449/6/3 2415/6/3 2414/6/3
f 2450/6/3 2416/6/3 2449/6/3
f 2451/4/3 2417/4/3 2416/4/3
f 2451/6/3 2416/6/3 2450/6/3
f 2452/5/3 2418/5/3 2417/5/3
f 2452/4/3 2417/4/3 2451/4/3
f 2453/3/3 2420/3/3 2419/3/3
f 2453/5/3 2418/5/3 2452/5/3
f 2453/3/3 2419/3/3 2418/3/3
f 2454/5/3 2421/5/3 2420/5/3
f 2454/3/3 2420/3/3 2453/3/3
f 2455/6/3 2381/6/3 2421/6/3
f 2455/5/3 2421/5/3 2454/5/3
f 2456/8/3 2382/8/3 2381/8/3
f 2456/6/3 2381/6/3 2455/6/3
f 2457/9/3 2384/9/3 2383/9/3
f 2457/8/3 2382/8/3 2456/8/3
f 2457/9/3 2383/9/3 2382/9/3
f 2457/9/3 2385/9/3 2384/9/3
f 2458/9/3 2385/9/3 2457/9/3
f 2459/32/3 2288/32/3 2423/32/3
f 2459/28/3 2423/28/3 2422/28/3
f 2460/28/3 2424/28/3 2288/28/3
f 2460/32/3 2288/32/3 2459/32/3
f 2461/1/3 2427/1/3 2426/1/3
f 2461/1/3 2426/1/3 2425/1/3
f 2461/1/3 2428/1/3 2427/1/3
f 2461/32/3 2425/32/3 2424/32/3
f 2462/1/3 2428/1/3 2461/1/3
f 2463/31/3 2429/31/3 2428/31/3
f 2463/1/3 2428/1/3 2462/1/3
f 2464/31/3 2430/31/3 2391/31/3
f 2465/25/3 2431/25/3 2430/25/3
f 2465/31/3 2430/31/3 2464/31/3
f 2466/31/3 2432/31/3 2431/31/3
f 2466/25/3 2431/25/3 2465/25/3
f 2467/31/3 2432/31/3 2466/31/3
f 2468/31/3 2432/31/3 2467/31/3
f 2469/25/3 2433/25/3 2432/25/3
f 2469/31/3 2432/31/3 2468/31/3
f 2470/31/3 2352/31/3 2433/31/3
f 2470/25/3 2433/25/3 2469/25/3
f 2471/31/3 2352/31/3 2470/31/3
f 2472/32/3 2396/32/3 2395/32/3
f 2472/35/3 2397/35/3 2396/35/3
f 2473/32/3 2325/32/3 2397/32/3
f 2473/35/3 2397/35/3 2472/35/3
f 2474/29/3 116/29/3 2325/29/3
f 2474/32/3 2325/32/3 2473/32/3
f 2475/30/3 2400/30/3 2399/30/3
f 2475/30/3 2399/30/3 2398/30/3
f 2476/35/3 2434/35/3 2400/35/3
f 2476/30/3 2400/30/3 2475/30/3
f 2477/29/3 2435/29/3 2434/29/3
f 2477/35/3 2434/35/3 2476/35/3
f 2478/32/3 2355/32/3 2435/32/3
f 2478/29/3 2435/29/3 2477/29/3
f 2479/32/3 2355/32/3 2478/32/3
f 2480/32/3 2355/32/3 2479/32/3
f 2481/35/3 2356/35/3 2355/35/3
f 2481/32/3 2355/32/3 2480/32/3
f 2482/31/3 2436/31/3 2356/31/3
f 2482/35/3 2356/35/3 2481/35/3
f 2483/31/3 2402/31/3 2438/31/3
f 2483/31/3 2438/31/3 2437/31/3
f 2484/35/3 2403/35/3 2402/35/3
f 2484/31/3 2402/31/3 2483/31/3
f 2485/31/3 2362/31/3 2403/31/3
f 2485/35/3 2403/35/3 2484/35/3
f 2486/12/3 2443/12/3 2442/12/3
f 2486/12/3 2444/12/3 2443/12/3
f 2487/6/3 2446/6/3 2445/6/3
f 2487/12/3 2444/12/3 2486/12/3
f 2487/6/3 2445/6/3 2444/6/3
f 2488/6/3 2446/6/3 2487/6/3
f 2489/4/3 2447/4/3 2446/4/3
f 2489/6/3 2446/6/3 2488/6/3
f 2490/5/3 2448/5/3 2447/5/3
f 2490/4/3 2447/4/3 2489/4/3
f 2491/3/3 2412/3/3 2448/3/3
f 2491/5/3 2448/5/3 2490/5/3
f 2492/3/3 2412/3/3 2491/3/3
f 2493/4/3 2450/4/3 2449/4/3
f 2493/3/3 2412/3/3 2492/3/3
f 2493/4/3 2449/4/3 2412/4/3
f 2494/4/3 2450/4/3 2493/4/3
f 2495/6/3 2451/6/3 2450/6/3
f 2495/4/3 2450/4/3 2494/4/3
f 2496/6/3 2451/6/3 2495/6/3
f 2497/5/3 2452/5/3 2451/5/3
f 2497/6/3 2451/6/3 2496/6/3
f 2498/3/3 2454/3/3 2453/3/3
f 2498/5/3 2452/5/3 2497/5/3
f 2498/3/3 2453/3/3 2452/3/3
f 2499/4/3 2456/4/3 2455/4/3
f 2499/3/3 2454/3/3 2498/3/3
f 2499/4/3 2455/4/3 2454/4/3
f 2500/4/3 2456/4/3 2499/4/3
f 2501/10/3 2457/10/3 2456/10/3
f 2501/4/3 2456/4/3 2500/4/3
f 2502/6/3 2458/6/3 2457/6/3
f 2502/10/3 2457/10/3 2501/10/3
f 2503/9/3 2385/9/3 2458/9/3
f 2503/6/3 2458/6/3 2502/6/3
f 2504/9/3 2385/9/3 2503/9/3
f 2505/8/3 2386/8/3 2385/8/3
f 2505/9/3 2385/9/3 2504/9/3
f 2506/32/3 2422/32/3 2386/32/3
f 2506/8/3 2386/8/3 2505/8/3
f 2507/32/3 2422/32/3 2506/32/3
f 2508/28/3 2460/28/3 2459/28/3
f 2508/32/3 2422/32/3 2507/32/3
f 2508/28/3 2459/28/3 2422/28/3
f 2509/28/3 2424/28/3 2460/28/3
f 2509/28/3 2460/28/3 2508/28/3
f 2510/28/3 2462/28/3 2461/28/3
f 2510/32/3 2461/32/3 2424/32/3
f 2511/31/3 2463/31/3 2462/31/3
f 2511/28/3 2462/28/3 2510/28/3
f 2512/31/3 2463/31/3 2511/31/3
f 2513/31/3 2429/31/3 2463/31/3
f 2513/31/3 2463/31/3 2512/31/3
f 2514/20/3 2391/20/3 2349/20/3
f 2514/31/3 2349/31/3 2316/31/3
f 2515/31/3 2464/31/3 2391/31/3
f 2515/20/3 2391/20/3 2514/20/3
f 2516/25/3 2465/25/3 2464/25/3
f 2516/31/3 2464/31/3 2515/31/3
f 2517/31/3 2466/31/3 2465/31/3
f 2517/25/3 2465/25/3 2516/25/3
f 2517/31/3 2467/31/3 2466/31/3
f 2518/31/3 2467/31/3 2517/31/3
f 2519/25/3 2468/25/3 2467/25/3
f 2519/31/3 2467/31/3 2518/31/3
f 2520/25/3 2468/25/3 2519/25/3
f 2521/31/3 2469/31/3 2468/31/3
f 2521/25/3 2468/25/3 2520/25/3
f 2521/31/3 2470/31/3 2469/31/3
f 2522/31/3 2470/31/3 2521/31/3
f 2523/2/3 2471/2/3 2470/2/3
f 2523/31/3 2470/31/3 2522/31/3
f 2524/31/3 2352/31/3 2471/31/3
f 2524/2/3 2471/2/3 2523/2/3
f 2525/31/3 2352/31/3 2524/31/3
f 2526/20/3 2319/20/3 2352/20/3
f 2526/31/3 2352/31/3 2525/31/3
f 2527/31/3 2321/31/3 2320/31/3
f 2527/20/3 2319/20/3 2526/20/3
f 2527/31/3 2320/31/3 2319/31/3
f 2528/32/3 2398/32/3 2173/32/3
f 2529/30/3 2475/30/3 2398/30/3
f 2529/32/3 2398/32/3 2528/32/3
f 2530/35/3 2481/35/3 2480/35/3
f 2530/32/3 2482/32/3 2481/32/3
f 2531/31/3 2436/31/3 2482/31/3
f 2531/32/3 2482/32/3 2530/32/3
f 2532/33/3 2440/33/3 2439/33/3
f 2532/33/3 2439/33/3 2259/33/3
f 2533/31/3 2441/31/3 2440/31/3
f 2533/33/3 2440/33/3 2532/33/3
f 2534/31/3 2441/31/3 2533/31/3
f 2535/8/3 2442/8/3 2441/8/3
f 2535/31/3 2441/31/3 2534/31/3
f 2536/12/3 2486/12/3 2442/12/3
f 2536/8/3 2442/8/3 2535/8/3
f 2537/6/3 2488/6/3 2487/6/3
f 2537/6/3 2487/6/3 2486/6/3
f 2538/4/3 2489/4/3 2488/4/3
f 2538/6/3 2488/6/3 2537/6/3
f 2539/5/3 2492/5/3 2491/5/3
f 2539/4/3 2489/4/3 2538/4/3
f 2539/5/3 2490/5/3 2489/5/3
f 2539/5/3 2491/5/3 2490/5/3
f 2540/3/3 2493/3/3 2492/3/3
f 2540/5/3 2492/5/3 2539/5/3
f 2541/5/3 2494/5/3 2493/5/3
f 2541/3/3 2493/3/3 2540/3/3
f 2542/6/3 2495/6/3 2494/6/3
f 2542/5/3 2494/5/3 2541/5/3
f 2542/6/3 2496/6/3 2495/6/3
f 2543/5/3 2498/5/3 2497/5/3
f 2543/5/3 2499/5/3 2498/5/3
f 2544/4/3 2500/4/3 2499/4/3
f 2544/5/3 2499/5/3 2543/5/3
f 2545/4/3 2502/4/3 2501/4/3
f 2545/6/3 2504/6/3 2503/6/3
f 2545/6/3 2503/6/3 2502/6/3
f 2546/6/3 2504/6/3 2545/6/3
f 2547/32/3 2508/32/3 2507/32/3
f 2547/32/3 2509/32/3 2508/32/3
f 2548/28/3 2424/28/3 2509/28/3
f 2548/32/3 2509/32/3 2547/32/3
f 2549/1/3 2512/1/3 2511/1/3
f 2549/28/3 2513/28/3 2512/28/3
f 2550/31/3 2429/31/3 2513/31/3
f 2550/28/3 2513/28/3 2549/28/3
f 2551/31/3 2515/31/3 2514/31/3
f 2551/31/3 2517/31/3 2516/31/3
f 2551/31/3 2516/31/3 2515/31/3
f 2552/31/3 2517/31/3 2551/31/3
f 2553/31/3 2517/31/3 2552/31/3
f 2554/25/3 2518/25/3 2517/25/3
f 2554/31/3 2517/31/3 2553/31/3
f 2555/32/3 2519/32/3 2518/32/3
f 2555/25/3 2518/25/3 2554/25/3
f 2556/32/3 2521/32/3 2520/32/3
f 2557/32/3 2521/32/3 2556/32/3
f 2558/25/3 2522/25/3 2521/25/3
f 2558/32/3 2521/32/3 2557/32/3
f 2559/31/3 2523/31/3 2522/31/3
f 2559/25/3 2522/25/3 2558/25/3
f 2559/31/3 2524/31/3 2523/31/3
f 2560/31/3 2524/31/3 2559/31/3
f 2561/2/3 2525/2/3 2524/2/3
f 2561/31/3 2524/31/3 2560/31/3
f 2562/31/3 2527/31/3 2526/31/3
f 2562/2/3 2525/2/3 2561/2/3
f 2562/31/3 2526/31/3 2525/31/3
f 2563/31/3 2527/31/3 2562/31/3
f 2564/30/3 2475/30/3 2529/30/3
f 2564/30/3 2529/30/3 2528/30/3
f 2565/35/3 2476/35/3 2475/35/3
f 2565/30/3 2475/30/3 2564/30/3
f 2566/29/3 2477/29/3 2476/29/3
f 2566/35/3 2476/35/3 2565/35/3
f 2566/29/3 2479/29/3 2478/29/3
f 2566/29/3 2478/29/3 2477/29/3
f 2567/32/3 2480/32/3 2479/32/3
f 2568/35/3 2530/35/3 2480/35/3
f 2568/32/3 2480/32/3 2567/32/3
f 2569/29/3 2531/29/3 2530/29/3
f 2569/35/3 2530/35/3 2568/35/3
f 2570/31/3 2436/31/3 2531/31/3
f 2570/29/3 2531/29/3 2569/29/3
f 2571/35/3 2437/35/3 2436/35/3
f 2571/31/3 2436/31/3 2570/31/3
f 2572/31/3 2483/31/3 2437/31/3
f 2572/35/3 2437/35/3 2571/35/3
f 2573/35/3 2484/35/3 2483/35/3
f 2573/31/3 2483/31/3 2572/31/3
f 2574/31/3 2485/31/3 2484/31/3
f 2574/35/3 2484/35/3 2573/35/3
f 2575/5/3 2540/5/3 2539/5/3
f 2575/5/3 2541/5/3 2540/5/3
f 2575/5/3 2539/5/3 2538/5/3
f 2576/5/3 2541/5/3 2575/5/3
f 2577/5/3 2541/5/3 2576/5/3
f 2578/5/3 2541/5/3 2577/5/3
f 2579/6/3 2542/6/3 2541/6/3
f 2579/5/3 2541/5/3 2578/5/3
f 2580/6/3 2496/6/3 2542/6/3
f 2580/6/3 2542/6/3 2579/6/3
f 2581/4/3 2497/4/3 2496/4/3
f 2581/6/3 2496/6/3 2580/6/3
f 2582/5/3 2543/5/3 2497/5/3
f 2582/4/3 2497/4/3 2581/4/3
f 2583/5/3 2543/5/3 2582/5/3
f 2584/5/3 2543/5/3 2583/5/3
f 2585/4/3 2544/4/3 2543/4/3
f 2585/5/3 2543/5/3 2584/5/3
f 2586/4/3 2500/4/3 2544/4/3
f 2586/4/3 2544/4/3 2585/4/3
f 2587/8/3 2501/8/3 2500/8/3
f 2587/4/3 2500/4/3 2586/4/3
f 2588/4/3 2546/4/3 2545/4/3
f 2588/8/3 2501/8/3 2587/8/3
f 2588/4/3 2545/4/3 2501/4/3
f 2589/6/3 2504/6/3 2546/6/3
f 2589/9/3 2505/9/3 2504/9/3
f 2589/9/3 2506/9/3 2505/9/3
f 2590/9/3 2506/9/3 2589/9/3
f 2591/28/3 2424/28/3 2548/28/3
f 2591/28/3 2548/28/3 2547/28/3
f 2592/32/3 2510/32/3 2424/32/3
f 2592/28/3 2424/28/3 2591/28/3
f 2592/32/3 2511/32/3 2510/32/3
f 2593/1/3 2549/1/3 2511/1/3
f 2593/32/3 2511/32/3 2592/32/3
f 2594/32/3 2550/32/3 2549/32/3
f 2594/1/3 2549/1/3 2593/1/3
f 2595/31/3 2551/31/3 2514/31/3
f 2596/25/3 2552/25/3 2551/25/3
f 2596/31/3 2551/31/3 2595/31/3
f 2597/31/3 2553/31/3 2552/31/3
f 2597/25/3 2552/25/3 2596/25/3
f 2598/25/3 2554/25/3 2553/25/3
f 2598/31/3 2553/31/3 2597/31/3
f 2599/32/3 2555/32/3 2554/32/3
f 2599/25/3 2554/25/3 2598/25/3
f 2600/32/3 2519/32/3 2555/32/3
f 2600/32/3 2555/32/3 2599/32/3
f 2601/32/3 2556/32/3 2520/32/3
f 2601/2/3 2557/2/3 2556/2/3
f 2602/2/3 2557/2/3 2601/2/3
f 2603/32/3 2559/32/3 2558/32/3
f 2603/32/3 2558/32/3 2557/32/3
f 2604/25/3 2560/25/3 2559/25/3
f 2604/32/3 2559/32/3 2603/32/3
f 2605/31/3 2561/31/3 2560/31/3
f 2605/25/3 2560/25/3 2604/25/3
f 2605/31/3 2562/31/3 2561/31/3
f 2606/31/3 2562/31/3 2605/31/3
f 2607/2/3 2563/2/3 2562/2/3
f 2607/31/3 2562/31/3 2606/31/3
f 2608/31/3 2527/31/3 2563/31/3
f 2608/2/3 2563/2/3 2607/2/3
f 2609/31/3 2527/31/3 2608/31/3
f 2610/20/3 2395/20/3 2321/20/3
f 2610/32/3 2472/32/3 2395/32/3
f 2610/32/3 2473/32/3 2472/32/3
f 2611/32/3 2473/32/3 2610/32/3
f 2612/35/3 2474/35/3 2473/35/3
f 2612/32/3 2473/32/3 2611/32/3
f 2613/29/3 116/29/3 2474/29/3
f 2613/35/3 2474/35/3 2612/35/3
f 2614/27/3 2592/27/3 2591/27/3
f 2614/32/3 2593/32/3 2592/32/3
f 2614/32/3 2594/32/3 2593/32/3
f 2615/32/3 2594/32/3 2614/32/3
f 2616/31/3 2429/31/3 2550/31/3
f 2616/32/3 2594/32/3 2615/32/3
f 2616/32/3 2550/32/3 2594/32/3
f 2617/31/3 2272/31/3 2429/31/3
f 2617/31/3 2429/31/3 2616/31/3
f 2618/2/3 2600/2/3 2599/2/3
f 2618/32/3 2599/32/3 2598/32/3
f 2619/32/3 2519/32/3 2600/32/3
f 2619/2/3 2600/2/3 2618/2/3
f 2620/32/3 2519/32/3 2619/32/3
f 2621/32/3 2602/32/3 2601/32/3
f 2621/32/3 2601/32/3 2520/32/3
f 2622/31/3 2607/31/3 2606/31/3
f 2622/31/3 2608/31/3 2607/31/3
f 2622/25/3 2606/25/3 2605/25/3
f 2623/31/3 2608/31/3 2622/31/3
f 2624/35/3 2565/35/3 2564/35/3
f 2624/30/3 2564/30/3 2528/30/3
f 2625/29/3 2566/29/3 2565/29/3
f 2625/35/3 2565/35/3 2624/35/3
f 2626/29/3 2479/29/3 2566/29/3
f 2626/29/3 2566/29/3 2625/29/3
f 2627/29/3 2479/29/3 2626/29/3
f 2628/32/3 2567/32/3 2479/32/3
f 2628/29/3 2479/29/3 2627/29/3
f 2629/35/3 2568/35/3 2567/35/3
f 2629/32/3 2567/32/3 2628/32/3
f 2630/29/3 2569/29/3 2568/29/3
f 2630/29/3 2570/29/3 2569/29/3
f 2631/35/3 2571/35/3 2570/35/3
f 2631/29/3 2570/29/3 2630/29/3
f 2632/31/3 2333/31/3 2364/31/3
f 2632/33/3 2364/33/3 2363/33/3
f 2632/33/3 2363/33/3 2362/33/3
f 2633/31/3 2179/31/3 2333/31/3
f 2633/31/3 2333/31/3 2632/31/3
f 2633/33/3 2259/33/3 2179/33/3
f 2633/33/3 2532/33/3 2259/33/3
f 2634/31/3 2533/31/3 2532/31/3
f 2634/31/3 2534/31/3 2533/31/3
f 2635/8/3 2535/8/3 2534/8/3
f 2635/31/3 2534/31/3 2634/31/3
f 2636/12/3 2536/12/3 2535/12/3
f 2636/8/3 2535/8/3 2635/8/3
f 2637/5/3 2575/5/3 2538/5/3
f 2637/3/3 2576/3/3 2575/3/3
f 2638/5/3 2577/5/3 2576/5/3
f 2638/3/3 2576/3/3 2637/3/3
f 2639/3/3 2578/3/3 2577/3/3
f 2639/5/3 2577/5/3 2638/5/3
f 2640/6/3 2580/6/3 2579/6/3
f 2640/3/3 2578/3/3 2639/3/3
f 2640/6/3 2579/6/3 2578/6/3
f 2641/6/3 2580/6/3 2640/6/3
f 2642/4/3 2581/4/3 2580/4/3
f 2642/6/3 2580/6/3 2641/6/3
f 2643/4/3 2581/4/3 2642/4/3
f 2644/5/3 2582/5/3 2581/5/3
f 2644/4/3 2581/4/3 2643/4/3
f 2645/3/3 2583/3/3 2582/3/3
f 2645/5/3 2582/5/3 2644/5/3
f 2646/5/3 2584/5/3 2583/5/3
f 2646/3/3 2583/3/3 2645/3/3
f 2647/4/3 2546/4/3 2588/4/3
f 2647/4/3 2588/4/3 2587/4/3
f 2647/6/3 2590/6/3 2589/6/3
f 2647/6/3 2589/6/3 2546/6/3
f 2648/6/3 2590/6/3 2647/6/3
f 2649/8/3 2507/8/3 2506/8/3
f 2649/9/3 2506/9/3 2590/9/3
f 2650/32/3 2547/32/3 2507/32/3
f 2650/8/3 2507/8/3 2649/8/3
f 2651/32/3 2547/32/3 2650/32/3
f 2652/28/3 2591/28/3 2547/28/3
f 2652/32/3 2547/32/3 2651/32/3
f 2653/27/3 2614/27/3 2591/27/3
f 2653/28/3 2591/28/3 2652/28/3
f 2654/32/3 2616/32/3 2615/32/3
f 2655/32/3 2616/32/3 2654/32/3
f 2656/31/3 2595/31/3 2514/31/3
f 2657/25/3 2596/25/3 2595/25/3
f 2657/31/3 2595/31/3 2656/31/3
f 2658/31/3 2597/31/3 2596/31/3
f 2658/25/3 2596/25/3 2657/25/3
f 2659/32/3 2618/32/3 2598/32/3
f 2659/32/3 2619/32/3 2618/32/3
f 2660/25/3 2620/25/3 2619/25/3
f 2660/32/3 2619/32/3 2659/32/3
f 2661/2/3 2621/2/3 2620/2/3
f 2661/32/3 2602/32/3 2621/32/3
f 2662/32/3 2602/32/3 2661/32/3
f 2663/32/3 2603/32/3 2557/32/3
f 2663/2/3 2557/2/3 2602/2/3
f 2664/32/3 2603/32/3 2663/32/3
f 2665/32/3 2603/32/3 2664/32/3
f 2666/2/3 2604/2/3 2603/2/3
f 2666/32/3 2603/32/3 2665/32/3
f 2667/32/3 2605/32/3 2604/32/3
f 2667/2/3 2604/2/3 2666/2/3
f 2668/25/3 2622/25/3 2605/25/3
f 2668/32/3 2605/32/3 2667/32/3
f 2668/25/3 2623/25/3 2622/25/3
f 2669/31/3 2608/31/3 2623/31/3
f 2669/25/3 2623/25/3 2668/25/3
f 2670/31/3 2608/31/3 2669/31/3
f 2671/32/3 2528/32/3 2173/32/3
f 2671/30/3 2624/30/3 2528/30/3
f 2672/29/3 2625/29/3 2624/29/3
f 2672/30/3 2624/30/3 2671/30/3
f 2672/29/3 2626/29/3 2625/29/3
f 2673/29/3 2626/29/3 2672/29/3
f 2674/30/3 2627/30/3 2626/30/3
f 2674/29/3 2626/29/3 2673/29/3
f 2675/29/3 2628/29/3 2627/29/3
f 2675/30/3 2627/30/3 2674/30/3
f 2676/30/3 2629/30/3 2628/30/3
f 2676/29/3 2628/29/3 2675/29/3
f 2677/32/3 2631/32/3 2630/32/3
f 2677/29/3 2630/29/3 2568/29/3
f 2678/35/3 2571/35/3 2631/35/3
f 2678/32/3 2631/32/3 2677/32/3
f 2679/31/3 2572/31/3 2571/31/3
f 2679/35/3 2571/35/3 2678/35/3
f 2680/31/3 2485/31/3 2574/31/3
f 2680/31/3 2574/31/3 2573/31/3
f 2681/33/3 2632/33/3 2362/33/3
f 2681/31/3 2485/31/3 2680/31/3
f 2681/31/3 2362/31/3 2485/31/3
f 2681/33/3 2633/33/3 2632/33/3
f 2682/12/3 2536/12/3 2636/12/3
f 2682/12/3 2636/12/3 2635/12/3
f 2683/12/3 2486/12/3 2536/12/3
f 2683/12/3 2536/12/3 2682/12/3
f 2684/12/3 2486/12/3 2683/12/3
f 2685/6/3 2537/6/3 2486/6/3
f 2685/12/3 2486/12/3 2684/12/3
f 2686/4/3 2538/4/3 2537/4/3
f 2686/6/3 2537/6/3 2685/6/3
f 2687/5/3 2639/5/3 2638/5/3
f 2687/5/3 2640/5/3 2639/5/3
f 2687/5/3 2638/5/3 2637/5/3
f 2687/5/3 2637/5/3 2538/5/3
f 2688/5/3 2640/5/3 2687/5/3
f 2689/6/3 2641/6/3 2640/6/3
f 2689/5/3 2642/5/3 2641/5/3
f 2690/4/3 2643/4/3 2642/4/3
f 2690/5/3 2642/5/3 2689/5/3
f 2691/5/3 2646/5/3 2645/5/3
f 2691/5/3 2645/5/3 2644/5/3
f 2691/5/3 2644/5/3 2643/5/3
f 2692/5/3 2584/5/3 2646/5/3
f 2692/5/3 2646/5/3 2691/5/3
f 2693/4/3 2585/4/3 2584/4/3
f 2693/4/3 2586/4/3 2585/4/3
f 2694/8/3 2587/8/3 2586/8/3
f 2694/4/3 2586/4/3 2693/4/3
f 2695/4/3 2648/4/3 2647/4/3
f 2695/8/3 2587/8/3 2694/8/3
f 2695/4/3 2647/4/3 2587/4/3
f 2696/6/3 2590/6/3 2648/6/3
f 2696/9/3 2649/9/3 2590/9/3
f 2696/9/3 2650/9/3 2649/9/3
f 2697/9/3 2650/9/3 2696/9/3
f 2698/27/3 2614/27/3 2653/27/3
f 2698/32/3 2652/32/3 2651/32/3
f 2698/32/3 2653/32/3 2652/32/3
f 2699/1/3 2615/1/3 2614/1/3
f 2699/27/3 2614/27/3 2698/27/3
f 2700/32/3 2654/32/3 2615/32/3
f 2700/1/3 2615/1/3 2699/1/3
f 2701/1/3 2655/1/3 2654/1/3
f 2701/32/3 2654/32/3 2700/32/3
f 2702/32/3 2616/32/3 2655/32/3
f 2702/1/3 2655/1/3 2701/1/3
f 2703/1/3 2617/1/3 2616/1/3
f 2703/32/3 2616/32/3 2702/32/3
f 2704/31/3 2272/31/3 2617/31/3
f 2704/1/3 2617/1/3 2703/1/3
f 2705/31/3 2597/31/3 2658/31/3
f 2705/31/3 2658/31/3 2657/31/3
f 2706/25/3 2598/25/3 2597/25/3
f 2706/31/3 2597/31/3 2705/31/3
f 2707/32/3 2659/32/3 2598/32/3
f 2707/25/3 2598/25/3 2706/25/3
f 2708/2/3 2662/2/3 2661/2/3
f 2708/2/3 2661/2/3 2620/2/3
f 2709/32/3 2602/32/3 2662/32/3
f 2709/2/3 2662/2/3 2708/2/3
f 2710/2/3 2664/2/3 2663/2/3
f 2710/32/3 2602/32/3 2709/32/3
f 2710/2/3 2663/2/3 2602/2/3
f 2711/2/3 2664/2/3 2710/2/3
f 2712/32/3 2665/32/3 2664/32/3
f 2712/2/3 2664/2/3 2711/2/3
f 2713/2/3 2667/2/3 2666/2/3
f 2713/32/3 2665/32/3 2712/32/3
f 2713/2/3 2666/2/3 2665/2/3
f 2713/2/3 2668/2/3 2667/2/3
f 2714/2/3 2668/2/3 2713/2/3
f 2715/2/3 2668/2/3 2714/2/3
f 2716/32/3 2669/32/3 2668/32/3
f 2716/2/3 2668/2/3 2715/2/3
f 2717/32/3 2671/32/3 2173/32/3
f 2717/32/3 2672/32/3 2671/32/3
f 2718/29/3 2673/29/3 2672/29/3
f 2718/32/3 2672/32/3 2717/32/3
f 2719/30/3 2629/30/3 2676/30/3
f 2719/30/3 2676/30/3 2675/30/3
f 2719/30/3 2675/30/3 2674/30/3
f 2720/35/3 2568/35/3 2629/35/3
f 2720/30/3 2629/30/3 2719/30/3
f 2721/29/3 2677/29/3 2568/29/3
f 2721/35/3 2568/35/3 2720/35/3
f 2722/35/3 2678/35/3 2677/35/3
f 2722/29/3 2677/29/3 2721/29/3
f 2723/31/3 2679/31/3 2678/31/3
f 2723/35/3 2678/35/3 2722/35/3
f 2724/31/3 2572/31/3 2679/31/3
f 2724/31/3 2679/31/3 2723/31/3
f 2725/35/3 2573/35/3 2572/35/3
f 2725/31/3 2572/31/3 2724/31/3
f 2726/31/3 2680/31/3 2573/31/3
f 2726/35/3 2573/35/3 2725/35/3
f 2727/29/3 2681/29/3 2680/29/3
f 2727/31/3 2680/31/3 2726/31/3
f 2728/31/3 2634/31/3 2532/31/3
f 2729/8/3 2635/8/3 2634/8/3
f 2729/31/3 2634/31/3 2728/31/3
f 2730/12/3 2682/12/3 2635/12/3
f 2730/8/3 2635/8/3 2729/8/3
f 2731/4/3 2538/4/3 2686/4/3
f 2731/4/3 2686/4/3 2685/4/3
f 2732/5/3 2687/5/3 2538/5/3
f 2732/4/3 2538/4/3 2731/4/3
f 2733/3/3 2688/3/3 2687/3/3
f 2733/5/3 2687/5/3 2732/5/3
f 2734/5/3 2640/5/3 2688/5/3
f 2734/3/3 2688/3/3 2733/3/3
f 2735/5/3 2640/5/3 2734/5/3
f 2736/6/3 2689/6/3 2640/6/3
f 2736/5/3 2640/5/3 2735/5/3
f 2737/4/3 2643/4/3 2690/4/3
f 2737/4/3 2690/4/3 2689/4/3
f 2738/5/3 2691/5/3 2643/5/3
f 2738/4/3 2643/4/3 2737/4/3
f 2739/5/3 2584/5/3 2692/5/3
f 2739/3/3 2692/3/3 2691/3/3
f 2740/4/3 2693/4/3 2584/4/3
f 2740/5/3 2584/5/3 2739/5/3
f 2741/4/3 2648/4/3 2695/4/3
f 2741/4/3 2695/4/3 2694/4/3
f 2741/6/3 2696/6/3 2648/6/3
f 2741/6/3 2697/6/3 2696/6/3
f 2742/6/3 2697/6/3 2741/6/3
f 2743/9/3 2650/9/3 2697/9/3
f 2743/8/3 2651/8/3 2650/8/3
f 2744/32/3 2698/32/3 2651/32/3
f 2744/8/3 2651/8/3 2743/8/3
f 2744/32/3 2699/32/3 2698/32/3
f 2744/32/3 2700/32/3 2699/32/3
f 2745/32/3 2700/32/3 2744/32/3
f 2746/1/3 2703/1/3 2702/1/3
f 2746/32/3 2700/32/3 2745/32/3
f 2746/1/3 2702/1/3 2701/1/3
f 2746/1/3 2701/1/3 2700/1/3
f 2747/1/3 2703/1/3 2746/1/3
f 2748/31/3 2704/31/3 2703/31/3
f 2748/1/3 2703/1/3 2747/1/3
f 2749/32/3 2659/32/3 2707/32/3
f 2749/2/3 2660/2/3 2659/2/3
f 2749/32/3 2707/32/3 2706/32/3
f 2750/25/3 2620/25/3 2660/25/3
f 2750/2/3 2660/2/3 2749/2/3
f 2751/2/3 2708/2/3 2620/2/3
f 2751/25/3 2620/25/3 2750/25/3
f 2752/32/3 2709/32/3 2708/32/3
f 2752/2/3 2708/2/3 2751/2/3
f 2753/2/3 2715/2/3 2714/2/3
f 2753/32/3 2714/32/3 2713/32/3
f 2754/2/3 2715/2/3 2753/2/3
f 2755/29/3 2673/29/3 2718/29/3
f 2755/29/3 2718/29/3 2717/29/3
f 2756/32/3 2674/32/3 2673/32/3
f 2756/29/3 2673/29/3 2755/29/3
f 2757/32/3 2722/32/3 2721/32/3
f 2757/32/3 2721/32/3 2720/32/3
f 2758/29/3 2723/29/3 2722/29/3
f 2758/32/3 2722/32/3 2757/32/3
f 2759/35/3 2725/35/3 2724/35/3
f 2759/31/3 2726/31/3 2725/31/3
f 2760/29/3 2727/29/3 2726/29/3
f 2760/31/3 2726/31/3 2759/31/3
f 2761/33/3 2532/33/3 2633/33/3
f 2761/33/3 2633/33/3 2681/33/3
f 2762/31/3 2728/31/3 2532/31/3
f 2762/33/3 2532/33/3 2761/33/3
f 2763/12/3 2682/12/3 2730/12/3
f 2763/12/3 2730/12/3 2729/12/3
f 2763/8/3 2683/8/3 2682/8/3
f 2764/12/3 2684/12/3 2683/12/3
f 2764/8/3 2683/8/3 2763/8/3
f 2765/5/3 2733/5/3 2732/5/3
f 2765/5/3 2735/5/3 2734/5/3
f 2765/5/3 2732/5/3 2731/5/3
f 2765/5/3 2734/5/3 2733/5/3
f 2766/5/3 2735/5/3 2765/5/3
f 2767/6/3 2689/6/3 2736/6/3
f 2767/6/3 2736/6/3 2735/6/3
f 2768/4/3 2737/4/3 2689/4/3
f 2768/6/3 2689/6/3 2767/6/3
f 2769/5/3 2691/5/3 2738/5/3
f 2769/5/3 2738/5/3 2737/5/3
f 2769/3/3 2739/3/3 2691/3/3
f 2770/4/3 2740/4/3 2739/4/3
f 2770/3/3 2739/3/3 2769/3/3
f 2771/4/3 2693/4/3 2740/4/3
f 2771/4/3 2740/4/3 2770/4/3
f 2772/8/3 2694/8/3 2693/8/3
f 2772/4/3 2693/4/3 2771/4/3
f 2773/4/3 2741/4/3 2694/4/3
f 2773/8/3 2694/8/3 2772/8/3
f 2773/4/3 2742/4/3 2741/4/3
f 2774/32/3 2746/32/3 2745/32/3
f 2774/28/3 2747/28/3 2746/28/3
f 2775/27/3 2748/27/3 2747/27/3
f 2775/28/3 2747/28/3 2774/28/3
f 2776/31/3 2704/31/3 2748/31/3
f 2776/27/3 2748/27/3 2775/27/3
f 2777/32/3 2750/32/3 2749/32/3
f 2777/2/3 2751/2/3 2750/2/3
f 2778/32/3 2752/32/3 2751/32/3
f 2778/2/3 2751/2/3 2777/2/3
f 2779/32/3 2709/32/3 2752/32/3
f 2779/32/3 2752/32/3 2778/32/3
f 2780/2/3 2710/2/3 2709/2/3
f 2780/32/3 2709/32/3 2779/32/3
f 2781/32/3 2711/32/3 2710/32/3
f 2781/2/3 2710/2/3 2780/2/3
f 2782/2/3 2712/2/3 2711/2/3
f 2782/32/3 2711/32/3 2781/32/3
f 2782/2/3 2713/2/3 2712/2/3
f 2783/32/3 2754/32/3 2753/32/3
f 2783/2/3 2713/2/3 2782/2/3
f 2783/32/3 2753/32/3 2713/32/3
f 2784/32/3 2754/32/3 2783/32/3
f 2785/2/3 2715/2/3 2754/2/3
f 2785/32/3 2754/32/3 2784/32/3
f 2786/32/3 2716/32/3 2715/32/3
f 2786/2/3 2715/2/3 2785/2/3
f 2787/20/3 2610/20/3 2321/20/3
f 2787/35/3 2611/35/3 2610/35/3
f 2788/32/3 2612/32/3 2611/32/3
f 2788/35/3 2611/35/3 2787/35/3
f 2788/32/3 2613/32/3 2612/32/3
f 2789/32/3 2613/32/3 2788/32/3
f 2790/29/3 2755/29/3 2717/29/3
f 2791/32/3 2756/32/3 2755/32/3
f 2791/29/3 2755/29/3 2790/29/3
f 2792/35/3 2720/35/3 2719/35/3
f 2792/30/3 2719/30/3 2674/30/3
f 2793/32/3 2757/32/3 2720/32/3
f 2793/35/3 2720/35/3 2792/35/3
f 2794/29/3 2723/29/3 2758/29/3
f 2794/31/3 2724/31/3 2723/31/3
f 2795/35/3 2759/35/3 2724/35/3
f 2795/31/3 2724/31/3 2794/31/3
f 2796/29/3 2760/29/3 2759/29/3
f 2796/35/3 2759/35/3 2795/35/3
f 2797/29/3 2727/29/3 2760/29/3
f 2797/29/3 2760/29/3 2796/29/3
f 2798/29/3 2681/29/3 2727/29/3
f 2798/29/3 2727/29/3 2797/29/3
f 2799/29/3 2681/29/3 2798/29/3
f 2800/33/3 2761/33/3 2681/33/3
f 2800/29/3 2681/29/3 2799/29/3
f 2801/31/3 2728/31/3 2762/31/3
f 2801/31/3 2762/31/3 2761/31/3
f 2802/8/3 2729/8/3 2728/8/3
f 2802/31/3 2728/31/3 2801/31/3
f 2803/12/3 2764/12/3 2763/12/3
f 2803/8/3 2729/8/3 2802/8/3
f 2803/12/3 2763/12/3 2729/12/3
f 2804/3/3 2766/3/3 2765/3/3
f 2805/5/3 2735/5/3 2766/5/3
f 2805/3/3 2766/3/3 2804/3/3
f 2806/5/3 2735/5/3 2805/5/3
f 2807/6/3 2767/6/3 2735/6/3
f 2807/5/3 2735/5/3 2806/5/3
f 2808/4/3 2737/4/3 2768/4/3
f 2808/4/3 2768/4/3 2767/4/3
f 2809/5/3 2770/5/3 2769/5/3
f 2809/4/3 2737/4/3 2808/4/3
f 2809/5/3 2769/5/3 2737/5/3
f 2810/32/3 2774/32/3 2745/32/3
f 2811/1/3 2775/1/3 2774/1/3
f 2811/32/3 2774/32/3 2810/32/3
f 2811/1/3 2776/1/3 2775/1/3
f 2812/1/3 2776/1/3 2811/1/3
f 2813/1/3 2776/1/3 2812/1/3
f 2814/31/3 2704/31/3 2776/31/3
f 2814/1/3 2776/1/3 2813/1/3
f 2815/31/3 2272/31/3 2704/31/3
f 2815/31/3 2704/31/3 2814/31/3
f 2816/32/3 2716/32/3 2786/32/3
f 2816/32/3 2669/32/3 2716/32/3
f 2816/32/3 2786/32/3 2785/32/3
f 2816/32/3 2785/32/3 2784/32/3
f 2817/32/3 2669/32/3 2816/32/3
f 2818/32/3 2717/32/3 2173/32/3
f 2818/29/3 2790/29/3 2717/29/3
f 2819/32/3 2791/32/3 2790/32/3
f 2819/29/3 2790/29/3 2818/29/3
f 2820/30/3 2792/30/3 2674/30/3
f 2821/32/3 2793/32/3 2792/32/3
f 2821/30/3 2792/30/3 2820/30/3
f 2822/29/3 2797/29/3 2796/29/3
f 2822/38/3 2798/38/3 2797/38/3
f 2823/29/3 2799/29/3 2798/29/3
f 2823/38/3 2798/38/3 2822/38/3
f 2824/8/3 2802/8/3 2801/8/3
f 2824/12/3 2803/12/3 2802/12/3
f 2825/6/3 2685/6/3 2684/6/3
f 2825/12/3 2803/12/3 2824/12/3
f 2825/12/3 2764/12/3 2803/12/3
f 2825/12/3 2684/12/3 2764/12/3
f 2826/4/3 2731/4/3 2685/4/3
f 2826/6/3 2685/6/3 2825/6/3
f 2827/5/3 2765/5/3 2731/5/3
f 2827/4/3 2731/4/3 2826/4/3
f 2828/3/3 2804/3/3 2765/3/3
f 2828/5/3 2765/5/3 2827/5/3
f 2829/5/3 2806/5/3 2805/5/3
f 2829/3/3 2804/3/3 2828/3/3
f 2829/5/3 2805/5/3 2804/5/3
f 2830/3/3 2807/3/3 2806/3/3
f 2830/5/3 2806/5/3 2829/5/3
f 2831/6/3 2767/6/3 2807/6/3
f 2831/3/3 2807/3/3 2830/3/3
f 2832/4/3 2808/4/3 2767/4/3
f 2832/6/3 2767/6/3 2831/6/3
f 2833/5/3 2809/5/3 2808/5/3
f 2833/4/3 2808/4/3 2832/4/3
f 2834/5/3 2770/5/3 2809/5/3
f 2834/5/3 2809/5/3 2833/5/3
f 2834/4/3 2771/4/3 2770/4/3
f 2835/8/3 2772/8/3 2771/8/3
f 2835/4/3 2771/4/3 2834/4/3
f 2836/4/3 2773/4/3 2772/4/3
f 2836/8/3 2772/8/3 2835/8/3
f 2837/9/3 2743/9/3 2697/9/3
f 2837/6/3 2697/6/3 2742/6/3
f 2837/9/3 2744/9/3 2743/9/3
f 2838/9/3 2744/9/3 2837/9/3
f 2839/8/3 2745/8/3 2744/8/3
f 2839/9/3 2744/9/3 2838/9/3
f 2840/32/3 2810/32/3 2745/32/3
f 2840/8/3 2745/8/3 2839/8/3
f 2841/32/3 2810/32/3 2840/32/3
f 2842/32/3 2749/32/3 2706/32/3
f 2842/32/3 2779/32/3 2778/32/3
f 2842/32/3 2778/32/3 2777/32/3
f 2842/32/3 2777/32/3 2749/32/3
f 2843/32/3 2779/32/3 2842/32/3
f 2844/2/3 2780/2/3 2779/2/3
f 2844/32/3 2779/32/3 2843/32/3
f 2845/32/3 2781/32/3 2780/32/3
f 2845/2/3 2780/2/3 2844/2/3
f 2845/32/3 2782/32/3 2781/32/3
f 2845/32/3 2783/32/3 2782/32/3
f 2846/32/3 2783/32/3 2845/32/3
f 2847/32/3 2783/32/3 2846/32/3
f 2848/2/3 2784/2/3 2783/2/3
f 2848/32/3 2783/32/3 2847/32/3
f 2849/32/3 2816/32/3 2784/32/3
f 2850/2/3 2817/2/3 2816/2/3
f 2850/32/3 2816/32/3 2849/32/3
f 2851/32/3 2791/32/3 2819/32/3
f 2851/32/3 2674/32/3 2756/32/3
f 2851/32/3 2756/32/3 2791/32/3
f 2851/32/3 2819/32/3 2818/32/3
f 2851/30/3 2820/30/3 2674/30/3
f 2852/35/3 2821/35/3 2820/35/3
f 2852/30/3 2820/30/3 2851/30/3
f 2853/32/3 2793/32/3 2821/32/3
f 2853/35/3 2821/35/3 2852/35/3
f 2854/32/3 2757/32/3 2793/32/3
f 2854/32/3 2793/32/3 2853/32/3
f 2855/35/3 2758/35/3 2757/35/3
f 2855/32/3 2757/32/3 2854/32/3
f 2856/29/3 2794/29/3 2758/29/3
f 2856/35/3 2758/35/3 2855/35/3
f 2857/30/3 2796/30/3 2795/30/3
f 2857/29/3 2823/29/3 2822/29/3
f 2857/29/3 2822/29/3 2796/29/3
f 2858/29/3 2823/29/3 2857/29/3
f 2859/8/3 2824/8/3 2801/8/3
f 2859/8/3 2825/8/3 2824/8/3
f 2860/6/3 2826/6/3 2825/6/3
f 2860/8/3 2825/8/3 2859/8/3
f 2861/8/3 2828/8/3 2827/8/3
f 2861/6/3 2826/6/3 2860/6/3
f 2861/8/3 2827/8/3 2826/8/3
f 2861/8/3 2830/8/3 2829/8/3
f 2861/8/3 2833/8/3 2832/8/3
f 2861/8/3 2831/8/3 2830/8/3
f 2861/8/3 2834/8/3 2833/8/3
f 2861/8/3 2829/8/3 2828/8/3
f 2861/8/3 2832/8/3 2831/8/3
f 2861/8/3 2835/8/3 2834/8/3
f 2862/8/3 2835/8/3 2861/8/3
f 2863/8/3 2835/8/3 2862/8/3
f 2864/8/3 2835/8/3 2863/8/3
f 2865/8/3 2835/8/3 2864/8/3
f 2866/8/3 2835/8/3 2865/8/3
f 2867/8/3 2839/8/3 2838/8/3
f 2867/6/3 2838/6/3 2837/6/3
f 2868/9/3 2840/9/3 2839/9/3
f 2868/8/3 2839/8/3 2867/8/3
f 2869/32/3 2810/32/3 2841/32/3
f 2869/1/3 2811/1/3 2810/1/3
f 2870/32/3 2812/32/3 2811/32/3
f 2870/1/3 2811/1/3 2869/1/3
f 2871/30/3 2813/30/3 2812/30/3
f 2871/32/3 2812/32/3 2870/32/3
f 2872/28/3 2814/28/3 2813/28/3
f 2872/30/3 2813/30/3 2871/30/3
f 2873/1/3 2815/1/3 2814/1/3
f 2873/28/3 2814/28/3 2872/28/3
f 2874/31/3 2272/31/3 2815/31/3
f 2874/1/3 2815/1/3 2873/1/3
f 2875/25/3 2843/25/3 2842/25/3
f 2875/32/3 2844/32/3 2843/32/3
f 2875/32/3 2845/32/3 2844/32/3
f 2876/32/3 2845/32/3 2875/32/3
f 2877/2/3 2848/2/3 2847/2/3
f 2877/2/3 2784/2/3 2848/2/3
f 2878/32/3 2849/32/3 2784/32/3
f 2878/2/3 2784/2/3 2877/2/3
f 2879/2/3 2850/2/3 2849/2/3
f 2879/32/3 2849/32/3 2878/32/3
f 2880/2/3 2817/2/3 2850/2/3
f 2880/2/3 2850/2/3 2879/2/3
f 2881/32/3 2669/32/3 2817/32/3
f 2881/2/3 2817/2/3 2880/2/3
f 2882/35/3 2789/35/3 2788/35/3
f 2882/32/3 2788/32/3 2787/32/3
f 2883/32/3 2613/32/3 2789/32/3
f 2883/35/3 2789/35/3 2882/35/3
f 2884/29/3 116/29/3 2613/29/3
f 2884/32/3 2613/32/3 2883/32/3
f 2885/29/3 2794/29/3 2856/29/3
f 2885/29/3 2856/29/3 2855/29/3
f 2885/35/3 2795/35/3 2794/35/3
f 2886/30/3 2857/30/3 2795/30/3
f 2886/35/3 2795/35/3 2885/35/3
f 2887/38/3 2858/38/3 2857/38/3
f 2887/30/3 2857/30/3 2886/30/3
f 2888/29/3 2823/29/3 2858/29/3
f 2888/38/3 2858/38/3 2887/38/3
f 2889/8/3 2859/8/3 2801/8/3
f 2889/31/3 2801/31/3 2761/31/3
f 2890/12/3 2860/12/3 2859/12/3
f 2890/8/3 2859/8/3 2889/8/3
f 2891/12/3 2860/12/3 2890/12/3
f 2892/6/3 2864/6/3 2863/6/3
f 2892/5/3 2863/5/3 2862/5/3
f 2893/6/3 2864/6/3 2892/6/3
f 2894/5/3 2866/5/3 2865/5/3
f 2895/8/3 2835/8/3 2866/8/3
f 2895/5/3 2866/5/3 2894/5/3
f 2896/4/3 2836/4/3 2835/4/3
f 2896/8/3 2835/8/3 2895/8/3
f 2897/4/3 2773/4/3 2836/4/3
f 2897/4/3 2836/4/3 2896/4/3
f 2898/6/3 2867/6/3 2837/6/3
f 2898/6/3 2837/6/3 2742/6/3
f 2899/9/3 2868/9/3 2867/9/3
f 2899/6/3 2867/6/3 2898/6/3
f 2900/32/3 2870/32/3 2869/32/3
f 2900/1/3 2873/1/3 2872/1/3
f 2900/1/3 2872/1/3 2871/1/3
f 2900/1/3 2871/1/3 2870/1/3
f 2901/1/3 2873/1/3 2900/1/3
f 2902/1/3 2873/1/3 2901/1/3
f 2903/31/3 2874/31/3 2873/31/3
f 2903/1/3 2873/1/3 2902/1/3
f 2904/25/3 2876/25/3 2875/25/3
f 2904/25/3 2875/25/3 2842/25/3
f 2905/32/3 2845/32/3 2876/32/3
f 2905/25/3 2876/25/3 2904/25/3
f 2906/2/3 2846/2/3 2845/2/3
f 2906/32/3 2845/32/3 2905/32/3
f 2907/32/3 2847/32/3 2846/32/3
f 2907/2/3 2846/2/3 2906/2/3
f 2908/2/3 2877/2/3 2847/2/3
f 2908/32/3 2847/32/3 2907/32/3
f 2909/2/3 2877/2/3 2908/2/3
f 2910/32/3 2878/32/3 2877/32/3
f 2910/2/3 2877/2/3 2909/2/3
f 2911/2/3 2879/2/3 2878/2/3
f 2911/32/3 2878/32/3 2910/32/3
f 2911/2/3 2880/2/3 2879/2/3
f 2912/2/3 2880/2/3 2911/2/3
f 2913/20/3 2787/20/3 2321/20/3
f 2913/32/3 2883/32/3 2882/32/3
f 2913/32/3 2882/32/3 2787/32/3
f 2914/32/3 2883/32/3 2913/32/3
f 2915/32/3 2851/32/3 2818/32/3
f 2916/35/3 2852/35/3 2851/35/3
f 2916/32/3 2851/32/3 2915/32/3
f 2917/32/3 2853/32/3 2852/32/3
f 2917/35/3 2852/35/3 2916/35/3
f 2917/32/3 2854/32/3 2853/32/3
f 2918/32/3 2854/32/3 2917/32/3
f 2919/35/3 2855/35/3 2854/35/3
f 2919/32/3 2854/32/3 2918/32/3
f 2920/29/3 2885/29/3 2855/29/3
f 2920/35/3 2855/35/3 2919/35/3
f 2920/29/3 2886/29/3 2885/29/3
f 2921/29/3 2886/29/3 2920/29/3
f 2922/29/3 2886/29/3 2921/29/3
f 2923/30/3 2887/30/3 2886/30/3
f 2923/29/3 2886/29/3 2922/29/3
f 2924/29/3 2888/29/3 2887/29/3
f 2924/30/3 2887/30/3 2923/30/3
f 2925/29/3 2799/29/3 2823/29/3
f 2925/29/3 2888/29/3 2924/29/3
f 2925/29/3 2823/29/3 2888/29/3
f 2926/33/3 2800/33/3 2799/33/3
f 2926/29/3 2799/29/3 2925/29/3
f 2927/5/3 2893/5/3 2892/5/3
f 2927/5/3 2892/5/3 2862/5/3
f 2928/5/3 2893/5/3 2927/5/3
f 2929/5/3 2893/5/3 2928/5/3
f 2930/5/3 2893/5/3 2929/5/3
f 2931/5/3 2894/5/3 2865/5/3
f 2932/3/3 2895/3/3 2894/3/3
f 2932/5/3 2894/5/3 2931/5/3
f 2933/5/3 2896/5/3 2895/5/3
f 2933/3/3 2895/3/3 2932/3/3
f 2934/4/3 2773/4/3 2897/4/3
f 2934/4/3 2742/4/3 2773/4/3
f 2935/6/3 2898/6/3 2742/6/3
f 2935/4/3 2742/4/3 2934/4/3
f 2936/9/3 2868/9/3 2899/9/3
f 2936/9/3 2840/9/3 2868/9/3
f 2936/9/3 2899/9/3 2898/9/3
f 2937/8/3 2841/8/3 2840/8/3
f 2937/9/3 2840/9/3 2936/9/3
f 2938/32/3 2869/32/3 2841/32/3
f 2938/8/3 2841/8/3 2937/8/3
f 2938/32/3 2900/32/3 2869/32/3
f 2938/32/3 2901/32/3 2900/32/3
f 2939/25/3 2904/25/3 2842/25/3
f 2939/32/3 2842/32/3 2706/32/3
f 2940/25/3 2904/25/3 2939/25/3
f 2941/25/3 2904/25/3 2940/25/3
f 2942/32/3 2905/32/3 2904/32/3
f 2942/25/3 2904/25/3 2941/25/3
f 2942/32/3 2906/32/3 2905/32/3
f 2942/32/3 2907/32/3 2906/32/3
f 2943/2/3 2908/2/3 2907/2/3
f 2943/32/3 2907/32/3 2942/32/3
f 2943/2/3 2909/2/3 2908/2/3
f 2944/32/3 2910/32/3 2909/32/3
f 2944/2/3 2909/2/3 2943/2/3
f 2944/32/3 2912/32/3 2911/32/3
f 2944/32/3 2911/32/3 2910/32/3
f 2945/32/3 2912/32/3 2944/32/3
f 2946/32/3 2912/32/3 2945/32/3
f 2947/2/3 2880/2/3 2912/2/3
f 2947/32/3 2912/32/3 2946/32/3
f 2948/2/3 2880/2/3 2947/2/3
f 2949/32/3 2915/32/3 2818/32/3
f 2950/35/3 2916/35/3 2915/35/3
f 2950/32/3 2915/32/3 2949/32/3
f 2951/35/3 2922/35/3 2921/35/3
f 2951/29/3 2921/29/3 2920/29/3
f 2952/30/3 2923/30/3 2922/30/3
f 2952/35/3 2922/35/3 2951/35/3
f 2953/29/3 2925/29/3 2924/29/3
f 2953/29/3 2924/29/3 2923/29/3
f 2954/31/3 2926/31/3 2925/31/3
f 2954/29/3 2925/29/3 2953/29/3
f 2955/12/3 2860/12/3 2891/12/3
f 2956/12/3 2860/12/3 2955/12/3
f 2957/3/3 2930/3/3 2929/3/3
f 2957/5/3 2929/5/3 2928/5/3
f 2958/5/3 2893/5/3 2930/5/3
f 2958/3/3 2930/3/3 2957/3/3
f 2959/5/3 2931/5/3 2865/5/3
f 2959/4/3 2865/4/3 2864/4/3
f 2960/5/3 2931/5/3 2959/5/3
f 2961/3/3 2932/3/3 2931/3/3
f 2961/5/3 2931/5/3 2960/5/3
f 2962/6/3 2898/6/3 2935/6/3
f 2962/6/3 2935/6/3 2934/6/3
f 2963/9/3 2936/9/3 2898/9/3
f 2963/6/3 2898/6/3 2962/6/3
f 2964/32/3 2901/32/3 2938/32/3
f 2964/32/3 2938/32/3 2937/32/3
f 2965/30/3 2902/30/3 2901/30/3
f 2965/32/3 2901/32/3 2964/32/3
f 2966/28/3 2903/28/3 2902/28/3
f 2966/30/3 2902/30/3 2965/30/3
f 2967/31/3 2874/31/3 2903/31/3
f 2967/28/3 2903/28/3 2966/28/3
f 2968/31/3 2272/31/3 2874/31/3
f 2968/31/3 2874/31/3 2967/31/3
f 2969/31/3 2656/31/3 2514/31/3
f 2969/25/3 2657/25/3 2656/25/3
f 2970/31/3 2705/31/3 2657/31/3
f 2970/25/3 2657/25/3 2969/25/3
f 2971/25/3 2706/25/3 2705/25/3
f 2971/31/3 2705/31/3 2970/31/3
f 2972/32/3 2940/32/3 2939/32/3
f 2972/25/3 2706/25/3 2971/25/3
f 2972/32/3 2939/32/3 2706/32/3
f 2973/32/3 2940/32/3 2972/32/3
f 2974/25/3 2941/25/3 2940/25/3
f 2974/32/3 2940/32/3 2973/32/3
f 2975/32/3 2943/32/3 2942/32/3
f 2975/25/3 2941/25/3 2974/25/3
f 2975/32/3 2942/32/3 2941/32/3
f 2975/32/3 2944/32/3 2943/32/3
f 2975/32/3 2945/32/3 2944/32/3
f 2976/32/3 2945/32/3 2975/32/3
f 2977/32/3 2945/32/3 2976/32/3
f 2978/32/3 2945/32/3 2977/32/3
f 2979/25/3 2946/25/3 2945/25/3
f 2979/32/3 2945/32/3 2978/32/3
f 2980/32/3 2947/32/3 2946/32/3
f 2980/25/3 2946/25/3 2979/25/3
f 2980/32/3 2948/32/3 2947/32/3
f 2981/32/3 2948/32/3 2980/32/3
f 2982/32/3 2669/32/3 2881/32/3
f 2983/25/3 2670/25/3 2669/25/3
f 2983/32/3 2669/32/3 2982/32/3
f 2984/31/3 2608/31/3 2670/31/3
f 2984/25/3 2670/25/3 2983/25/3
f 2985/30/3 2950/30/3 2949/30/3
f 2986/35/3 2916/35/3 2950/35/3
f 2986/30/3 2950/30/3 2985/30/3
f 2987/32/3 2917/32/3 2916/32/3
f 2987/35/3 2916/35/3 2986/35/3
f 2987/32/3 2918/32/3 2917/32/3
f 2988/30/3 2920/30/3 2919/30/3
f 2988/29/3 2951/29/3 2920/29/3
f 2989/32/3 2952/32/3 2951/32/3
f 2989/29/3 2951/29/3 2988/29/3
f 2990/29/3 2953/29/3 2923/29/3
f 2991/31/3 2954/31/3 2953/31/3
f 2991/29/3 2953/29/3 2990/29/3
f 2992/31/3 2926/31/3 2954/31/3
f 2992/31/3 2954/31/3 2991/31/3
f 2993/33/3 2800/33/3 2926/33/3
f 2993/31/3 2926/31/3 2992/31/3
f 2994/33/3 2761/33/3 2800/33/3
f 2994/33/3 2800/33/3 2993/33/3
f 2995/8/3 2891/8/3 2890/8/3
f 2995/33/3 2890/33/3 2889/33/3
f 2996/12/3 2955/12/3 2891/12/3
f 2996/8/3 2891/8/3 2995/8/3
f 2997/12/3 2955/12/3 2996/12/3
f 2998/6/3 2861/6/3 2860/6/3
f 2998/4/3 2862/4/3 2861/4/3
f 2999/5/3 2927/5/3 2862/5/3
f 2999/4/3 2862/4/3 2998/4/3
f 3000/3/3 2928/3/3 2927/3/3
f 3000/5/3 2927/5/3 2999/5/3
f 3001/5/3 2957/5/3 2928/5/3
f 3001/3/3 2928/3/3 3000/3/3
f 3001/5/3 2958/5/3 2957/5/3
f 3002/5/3 2958/5/3 3001/5/3
f 3003/4/3 2960/4/3 2959/4/3
f 3003/4/3 2959/4/3 2864/4/3
f 3003/6/3 2864/6/3 2893/6/3
f 3004/4/3 2960/4/3 3003/4/3
f 3005/3/3 2961/3/3 2960/3/3
f 3005/4/3 2960/4/3 3004/4/3
f 3006/3/3 2932/3/3 2961/3/3
f 3006/3/3 2961/3/3 3005/3/3
f 3006/5/3 2933/5/3 2932/5/3
f 3007/5/3 2896/5/3 2933/5/3
f 3007/5/3 2933/5/3 3006/5/3
f 3008/8/3 2897/8/3 2896/8/3
f 3008/5/3 2896/5/3 3007/5/3
f 3009/4/3 2934/4/3 2897/4/3
f 3009/8/3 2897/8/3 3008/8/3
f 3010/4/3 2934/4/3 3009/4/3
f 3011/4/3 2934/4/3 3010/4/3
f 3012/6/3 2962/6/3 2934/6/3
f 3012/4/3 2934/4/3 3011/4/3
f 3013/9/3 2936/9/3 2963/9/3
f 3013/9/3 2963/9/3 2962/9/3
f 3014/8/3 2937/8/3 2936/8/3
f 3014/9/3 2936/9/3 3013/9/3
f 3015/32/3 2964/32/3 2937/32/3
f 3015/8/3 2937/8/3 3014/8/3
f 3016/1/3 2967/1/3 2966/1/3
f 3016/32/3 2964/32/3 3015/32/3
f 3016/1/3 2968/1/3 2967/1/3
f 3016/1/3 2966/1/3 2965/1/3
f 3016/1/3 2965/1/3 2964/1/3
f 3017/1/3 2968/1/3 3016/1/3
f 3018/1/3 2968/1/3 3017/1/3
f 3019/1/3 2968/1/3 3018/1/3
f 3020/1/3 2968/1/3 3019/1/3
f 3021/31/3 2272/31/3 2968/31/3
f 3021/1/3 2968/1/3 3020/1/3
f 3022/31/3 2972/31/3 2971/31/3
f 3022/25/3 2973/25/3 2972/25/3
f 3023/32/3 2974/32/3 2973/32/3
f 3023/25/3 2973/25/3 3022/25/3
f 3023/32/3 2975/32/3 2974/32/3
f 3023/32/3 2976/32/3 2975/32/3
f 3024/32/3 2976/32/3 3023/32/3
f 3025/32/3 2976/32/3 3024/32/3
f 3026/25/3 2977/25/3 2976/25/3
f 3026/32/3 2976/32/3 3025/32/3
f 3027/32/3 2978/32/3 2977/32/3
f 3027/25/3 2981/25/3 2980/25/3
f 3027/25/3 2979/25/3 2978/25/3
f 3027/25/3 2980/25/3 2979/25/3
f 3028/25/3 2981/25/3 3027/25/3
f 3029/25/3 2981/25/3 3028/25/3
f 3030/32/3 2948/32/3 2981/32/3
f 3030/25/3 2981/25/3 3029/25/3
f 3031/31/3 2984/31/3 2983/31/3
f 3031/31/3 2608/31/3 2984/31/3
f 3032/25/3 2609/25/3 2608/25/3
f 3032/31/3 2608/31/3 3031/31/3
f 3033/31/3 2527/31/3 2609/31/3
f 3033/25/3 2609/25/3 3032/25/3
f 3034/35/3 2914/35/3 2913/35/3
f 3034/20/3 2913/20/3 2321/20/3
f 3035/32/3 2883/32/3 2914/32/3
f 3035/35/3 2914/35/3 3034/35/3
f 3036/35/3 2884/35/3 2883/35/3
f 3036/32/3 2883/32/3 3035/32/3
f 3037/29/3 116/29/3 2884/29/3
f 3037/35/3 2884/35/3 3036/35/3
f 3038/32/3 2949/32/3 2818/32/3
f 3038/32/3 2818/32/3 2173/32/3
f 3039/30/3 2985/30/3 2949/30/3
f 3039/32/3 2949/32/3 3038/32/3
f 3040/35/3 2986/35/3 2985/35/3
f 3040/30/3 2985/30/3 3039/30/3
f 3041/32/3 2987/32/3 2986/32/3
f 3041/35/3 2986/35/3 3040/35/3
f 3042/32/3 2918/32/3 2987/32/3
f 3042/32/3 2987/32/3 3041/32/3
f 3043/35/3 2919/35/3 2918/35/3
f 3043/32/3 2918/32/3 3042/32/3
f 3044/30/3 2988/30/3 2919/30/3
f 3044/35/3 2919/35/3 3043/35/3
f 3045/35/3 2989/35/3 2988/35/3
f 3045/30/3 2988/30/3 3044/30/3
f 3046/30/3 2923/30/3 2952/30/3
f 3046/29/3 2990/29/3 2923/29/3
f 3047/33/3 2992/33/3 2991/33/3
f 3047/29/3 2990/29/3 3046/29/3
f 3047/33/3 2991/33/3 2990/33/3
f 3048/33/3 2992/33/3 3047/33/3
f 3049/31/3 2993/31/3 2992/31/3
f 3049/33/3 2992/33/3 3048/33/3
f 3050/29/3 2994/29/3 2993/29/3
f 3050/31/3 2993/31/3 3049/31/3
f 3051/31/3 2889/31/3 2761/31/3
f 3051/33/3 2761/33/3 2994/33/3
f 3052/31/3 2889/31/3 3051/31/3
f 3053/33/3 2996/33/3 2995/33/3
f 3053/31/3 2889/31/3 3052/31/3
f 3053/33/3 2995/33/3 2889/33/3
f 3054/33/3 2996/33/3 3053/33/3
f 3055/12/3 2955/12/3 2997/12/3
f 3055/8/3 2956/8/3 2955/8/3
f 3056/12/3 2860/12/3 2956/12/3
f 3056/8/3 2956/8/3 3055/8/3
f 3057/6/3 2998/6/3 2860/6/3
f 3057/12/3 2860/12/3 3056/12/3
f 3057/6/3 2999/6/3 2998/6/3
f 3058/6/3 2999/6/3 3057/6/3
f 3059/4/3 3000/4/3 2999/4/3
f 3059/3/3 3002/3/3 3001/3/3
f 3059/3/3 3001/3/3 3000/3/3
f 3060/3/3 3002/3/3 3059/3/3
f 3061/5/3 2958/5/3 3002/5/3
f 3061/3/3 3002/3/3 3060/3/3
f 3062/6/3 3004/6/3 3003/6/3
f 3062/5/3 2958/5/3 3061/5/3
f 3062/5/3 2893/5/3 2958/5/3
f 3062/6/3 3003/6/3 2893/6/3
f 3063/6/3 3004/6/3 3062/6/3
f 3064/4/3 3005/4/3 3004/4/3
f 3064/5/3 3006/5/3 3005/5/3
f 3064/5/3 3007/5/3 3006/5/3
f 3065/5/3 3007/5/3 3064/5/3
f 3066/5/3 3007/5/3 3065/5/3
f 3067/3/3 3008/3/3 3007/3/3
f 3067/5/3 3007/5/3 3066/5/3
f 3068/6/3 2962/6/3 3012/6/3
f 3068/6/3 3012/6/3 3011/6/3
f 3069/9/3 3013/9/3 2962/9/3
f 3069/6/3 2962/6/3 3068/6/3
f 3070/30/3 3019/30/3 3018/30/3
f 3070/32/3 3018/32/3 3017/32/3
f 3071/1/3 3020/1/3 3019/1/3
f 3071/30/3 3019/30/3 3070/30/3
f 3072/31/3 3021/31/3 3020/31/3
f 3072/1/3 3020/1/3 3071/1/3
f 3073/31/3 2970/31/3 2969/31/3
f 3073/25/3 2971/25/3 2970/25/3
f 3074/31/3 3022/31/3 2971/31/3
f 3074/25/3 2971/25/3 3073/25/3
f 3074/31/3 3023/31/3 3022/31/3
f 3075/31/3 3023/31/3 3074/31/3
f 3076/25/3 3024/25/3 3023/25/3
f 3076/31/3 3023/31/3 3075/31/3
f 3077/32/3 3025/32/3 3024/32/3
f 3077/25/3 3024/25/3 3076/25/3
f 3078/32/3 3025/32/3 3077/32/3
f 3079/25/3 3026/25/3 3025/25/3
f 3079/32/3 3025/32/3 3078/32/3
f 3080/25/3 2977/25/3 3026/25/3
f 3080/25/3 3026/25/3 3079/25/3
f 3081/25/3 3029/25/3 3028/25/3
f 3081/32/3 3030/32/3 3029/32/3
f 3082/32/3 2948/32/3 3030/32/3
f 3082/32/3 3030/32/3 3081/32/3
f 3083/25/3 2983/25/3 2982/25/3
f 3084/31/3 3031/31/3 2983/31/3
f 3084/25/3 2983/25/3 3083/25/3
f 3085/30/3 3039/30/3 3038/30/3
f 3085/30/3 3040/30/3 3039/30/3
f 3086/29/3 3041/29/3 3040/29/3
f 3086/30/3 3040/30/3 3085/30/3
f 3087/29/3 3044/29/3 3043/29/3
f 3087/35/3 3043/35/3 3042/35/3
f 3087/29/3 3045/29/3 3044/29/3
f 3088/29/3 3045/29/3 3087/29/3
f 3089/35/3 2989/35/3 3045/35/3
f 3089/29/3 3045/29/3 3088/29/3
f 3090/32/3 2952/32/3 2989/32/3
f 3090/35/3 2989/35/3 3089/35/3
f 3091/30/3 3046/30/3 2952/30/3
f 3091/30/3 3047/30/3 3046/30/3
f 3092/33/3 3048/33/3 3047/33/3
f 3092/30/3 3047/30/3 3091/30/3
f 3093/31/3 3049/31/3 3048/31/3
f 3093/33/3 3048/33/3 3092/33/3
f 3094/29/3 3050/29/3 3049/29/3
f 3094/31/3 3049/31/3 3093/31/3
f 3095/33/3 3052/33/3 3051/33/3
f 3095/31/3 3054/31/3 3053/31/3
f 3095/31/3 3053/31/3 3052/31/3
f 3096/33/3 2996/33/3 3054/33/3
f 3096/31/3 3054/31/3 3095/31/3
f 3097/3/3 3061/3/3 3060/3/3
f 3097/5/3 3060/5/3 3059/5/3
f 3097/3/3 3062/3/3 3061/3/3
f 3098/5/3 3063/5/3 3062/5/3
f 3098/3/3 3062/3/3 3097/3/3
f 3099/6/3 3004/6/3 3063/6/3
f 3099/4/3 3065/4/3 3064/4/3
f 3099/4/3 3064/4/3 3004/4/3
f 3100/4/3 3065/4/3 3099/4/3
f 3101/3/3 3067/3/3 3066/3/3
f 3101/5/3 3066/5/3 3065/5/3
f 3102/3/3 3008/3/3 3067/3/3
f 3102/3/3 3067/3/3 3101/3/3
f 3102/5/3 3009/5/3 3008/5/3
f 3103/4/3 3011/4/3 3010/4/3
f 3104/6/3 3068/6/3 3011/6/3
f 3104/4/3 3011/4/3 3103/4/3
f 3105/32/3 3070/32/3 3017/32/3
f 3105/1/3 3071/1/3 3070/1/3
f 3106/28/3 3072/28/3 3071/28/3
f 3106/1/3 3071/1/3 3105/1/3
f 3107/31/3 3021/31/3 3072/31/3
f 3107/28/3 3072/28/3 3106/28/3
f 3108/31/3 3074/31/3 3073/31/3
f 3108/25/3 3075/25/3 3074/25/3
f 3109/31/3 3077/31/3 3076/31/3
f 3109/25/3 3075/25/3 3108/25/3
f 3109/31/3 3076/31/3 3075/31/3
f 3110/31/3 3077/31/3 3109/31/3
f 3111/25/3 3078/25/3 3077/25/3
f 3111/31/3 3077/31/3 3110/31/3
f 3112/32/3 3079/32/3 3078/32/3
f 3112/25/3 3078/25/3 3111/25/3
f 3112/32/3 3080/32/3 3079/32/3
f 3113/25/3 2977/25/3 3080/25/3
f 3113/32/3 3080/32/3 3112/32/3
f 3114/32/3 3028/32/3 3027/32/3
f 3114/25/3 2977/25/3 3113/25/3
f 3114/32/3 3027/32/3 2977/32/3
f 3115/25/3 3082/25/3 3081/25/3
f 3115/32/3 3028/32/3 3114/32/3
f 3115/25/3 3081/25/3 3028/25/3
f 3116/25/3 3082/25/3 3115/25/3
f 3117/25/3 3082/25/3 3116/25/3
f 3118/31/3 3084/31/3 3083/31/3
f 3119/31/3 3031/31/3 3084/31/3
f 3119/31/3 3084/31/3 3118/31/3
f 3120/2/3 3032/2/3 3031/2/3
f 3120/31/3 3031/31/3 3119/31/3
f 3121/31/3 3033/31/3 3032/31/3
f 3121/2/3 3032/2/3 3120/2/3
f 3122/32/3 3042/32/3 3041/32/3
f 3123/35/3 3087/35/3 3042/35/3
f 3123/32/3 3042/32/3 3122/32/3
f 3124/32/3 3088/32/3 3087/32/3
f 3124/35/3 3087/35/3 3123/35/3
f 3125/30/3 3091/30/3 2952/30/3
f 3125/32/3 2952/32/3 3090/32/3
f 3125/32/3 3090/32/3 3089/32/3
f 3126/33/3 3093/33/3 3092/33/3
f 3126/30/3 3091/30/3 3125/30/3
f 3126/33/3 3092/33/3 3091/33/3
f 3127/33/3 3093/33/3 3126/33/3
f 3128/29/3 3094/29/3 3093/29/3
f 3128/33/3 3093/33/3 3127/33/3
f 3129/29/3 2994/29/3 3050/29/3
f 3129/29/3 3094/29/3 3128/29/3
f 3129/33/3 3096/33/3 3095/33/3
f 3129/29/3 3050/29/3 3094/29/3
f 3129/33/3 3095/33/3 3051/33/3
f 3129/33/3 3051/33/3 2994/33/3
f 3130/33/3 3096/33/3 3129/33/3
f 3131/33/3 2996/33/3 3096/33/3
f 3131/33/3 3096/33/3 3130/33/3
f 3131/8/3 2997/8/3 2996/8/3
f 3132/12/3 3055/12/3 2997/12/3
f 3132/8/3 2997/8/3 3131/8/3
f 3132/12/3 3056/12/3 3055/12/3
f 3132/12/3 3058/12/3 3057/12/3
f 3132/12/3 3057/12/3 3056/12/3
f 3133/12/3 3058/12/3 3132/12/3
f 3134/6/3 2999/6/3 3058/6/3
f 3134/4/3 3059/4/3 2999/4/3
f 3135/5/3 3098/5/3 3097/5/3
f 3135/4/3 3059/4/3 3134/4/3
f 3135/5/3 3097/5/3 3059/5/3
f 3136/5/3 3063/5/3 3098/5/3
f 3136/5/3 3098/5/3 3135/5/3
f 3137/6/3 3099/6/3 3063/6/3
f 3137/5/3 3063/5/3 3136/5/3
f 3137/6/3 3100/6/3 3099/6/3
f 3138/6/3 3100/6/3 3137/6/3
f 3139/5/3 3101/5/3 3065/5/3
f 3139/5/3 3102/5/3 3101/5/3
f 3140/5/3 3102/5/3 3139/5/3
f 3141/5/3 3009/5/3 3102/5/3
f 3141/5/3 3102/5/3 3140/5/3
f 3142/8/3 3010/8/3 3009/8/3
f 3142/5/3 3009/5/3 3141/5/3
f 3143/4/3 3103/4/3 3010/4/3
f 3143/8/3 3010/8/3 3142/8/3
f 3144/4/3 3103/4/3 3143/4/3
f 3145/6/3 3068/6/3 3104/6/3
f 3145/6/3 3104/6/3 3103/6/3
f 3146/9/3 3069/9/3 3068/9/3
f 3146/6/3 3068/6/3 3145/6/3
f 3147/9/3 3013/9/3 3069/9/3
f 3147/9/3 3069/9/3 3146/9/3
f 3148/8/3 3014/8/3 3013/8/3
f 3148/9/3 3013/9/3 3147/9/3
f 3149/32/3 3015/32/3 3014/32/3
f 3149/8/3 3014/8/3 3148/8/3
f 3149/32/3 3016/32/3 3015/32/3
f 3150/32/3 3016/32/3 3149/32/3
f 3151/32/3 3016/32/3 3150/32/3
f 3152/28/3 3017/28/3 3016/28/3
f 3152/32/3 3016/32/3 3151/32/3
f 3153/32/3 3105/32/3 3017/32/3
f 3153/28/3 3017/28/3 3152/28/3
f 3154/30/3 3106/30/3 3105/30/3
f 3154/32/3 3105/32/3 3153/32/3
f 3155/1/3 3107/1/3 3106/1/3
f 3155/30/3 3106/30/3 3154/30/3
f 3156/31/3 3021/31/3 3107/31/3
f 3156/1/3 3107/1/3 3155/1/3
f 3157/31/3 2272/31/3 3021/31/3
f 3157/31/3 3021/31/3 3156/31/3
f 3158/31/3 3073/31/3 2969/31/3
f 3158/31/3 2969/31/3 2514/31/3
f 3158/31/3 2514/31/3 2316/31/3
f 3158/31/3 3109/31/3 3108/31/3
f 3158/31/3 3108/31/3 3073/31/3
f 3159/31/3 3109/31/3 3158/31/3
f 3160/25/3 3110/25/3 3109/25/3
f 3160/31/3 3109/31/3 3159/31/3
f 3161/31/3 3111/31/3 3110/31/3
f 3161/25/3 3110/25/3 3160/25/3
f 3161/31/3 3112/31/3 3111/31/3
f 3162/31/3 3112/31/3 3161/31/3
f 3163/2/3 3113/2/3 3112/2/3
f 3163/31/3 3112/31/3 3162/31/3
f 3164/32/3 3114/32/3 3113/32/3
f 3164/2/3 3113/2/3 3163/2/3
f 3164/32/3 3116/32/3 3115/32/3
f 3164/32/3 3115/32/3 3114/32/3
f 3165/25/3 3117/25/3 3116/25/3
f 3165/32/3 3116/32/3 3164/32/3
f 3166/31/3 3119/31/3 3118/31/3
f 3166/25/3 3117/25/3 3165/25/3
f 3166/31/3 3118/31/3 3117/31/3
f 3167/31/3 3119/31/3 3166/31/3
f 3168/2/3 3120/2/3 3119/2/3
f 3168/31/3 3119/31/3 3167/31/3
f 3169/31/3 3121/31/3 3120/31/3
f 3169/2/3 3120/2/3 3168/2/3
f 3170/32/3 3088/32/3 3124/32/3
f 3170/32/3 3124/32/3 3123/32/3
f 3171/35/3 3089/35/3 3088/35/3
f 3171/32/3 3088/32/3 3170/32/3
f 3172/32/3 3126/32/3 3125/32/3
f 3172/35/3 3089/35/3 3171/35/3
f 3172/32/3 3125/32/3 3089/32/3
f 3173/33/3 3127/33/3 3126/33/3
f 3173/32/3 3126/32/3 3172/32/3
f 3174/31/3 3128/31/3 3127/31/3
f 3174/33/3 3127/33/3 3173/33/3
f 3175/29/3 3130/29/3 3129/29/3
f 3175/31/3 3128/31/3 3174/31/3
f 3175/29/3 3129/29/3 3128/29/3
f 3176/6/3 3135/6/3 3134/6/3
f 3176/12/3 3058/12/3 3133/12/3
f 3176/6/3 3134/6/3 3058/6/3
f 3177/6/3 3135/6/3 3176/6/3
f 3178/5/3 3136/5/3 3135/5/3
f 3178/6/3 3135/6/3 3177/6/3
f 3179/5/3 3136/5/3 3178/5/3
f 3180/5/3 3136/5/3 3179/5/3
f 3181/5/3 3136/5/3 3180/5/3
f 3182/5/3 3136/5/3 3181/5/3
f 3183/3/3 3138/3/3 3137/3/3
f 3183/5/3 3136/5/3 3182/5/3
f 3183/3/3 3137/3/3 3136/3/3
f 3184/3/3 3138/3/3 3183/3/3
f 3185/6/3 3100/6/3 3138/6/3
f 3185/3/3 3138/3/3 3184/3/3
f 3186/4/3 3065/4/3 3100/4/3
f 3186/6/3 3100/6/3 3185/6/3
f 3187/3/3 3140/3/3 3139/3/3
f 3187/5/3 3139/5/3 3065/5/3
f 3188/5/3 3141/5/3 3140/5/3
f 3188/3/3 3140/3/3 3187/3/3
f 3189/4/3 3103/4/3 3144/4/3
f 3190/6/3 3145/6/3 3103/6/3
f 3190/4/3 3103/4/3 3189/4/3
f 3191/32/3 3150/32/3 3149/32/3
f 3191/32/3 3149/32/3 3148/32/3
f 3192/28/3 3151/28/3 3150/28/3
f 3192/32/3 3150/32/3 3191/32/3
f 3193/1/3 3156/1/3 3155/1/3
f 3193/1/3 3157/1/3 3156/1/3
f 3193/1/3 3153/1/3 3152/1/3
f 3193/32/3 3152/32/3 3151/32/3
f 3193/1/3 3154/1/3 3153/1/3
f 3193/1/3 3155/1/3 3154/1/3
f 3194/1/3 3157/1/3 3193/1/3
f 3195/1/3 3157/1/3 3194/1/3
f 3196/31/3 2272/31/3 3157/31/3
f 3196/1/3 3157/1/3 3195/1/3
f 3197/31/3 3160/31/3 3159/31/3
f 3197/31/3 3161/31/3 3160/31/3
f 3197/25/3 3162/25/3 3161/25/3
f 3198/31/3 3163/31/3 3162/31/3
f 3198/25/3 3162/25/3 3197/25/3
f 3198/31/3 3164/31/3 3163/31/3
f 3199/31/3 3164/31/3 3198/31/3
f 3200/2/3 3165/2/3 3164/2/3
f 3200/31/3 3164/31/3 3199/31/3
f 3201/31/3 3167/31/3 3166/31/3
f 3201/2/3 3165/2/3 3200/2/3
f 3201/31/3 3166/31/3 3165/31/3
f 3202/2/3 3168/2/3 3167/2/3
f 3202/31/3 3167/31/3 3201/31/3
f 3203/31/3 3169/31/3 3168/31/3
f 3203/2/3 3168/2/3 3202/2/3
f 3204/31/3 2321/31/3 2527/31/3
f 3204/31/3 3169/31/3 3203/31/3
f 3204/31/3 3033/31/3 3121/31/3
f 3204/31/3 3121/31/3 3169/31/3
f 3204/31/3 2527/31/3 3033/31/3
f 3205/31/3 2321/31/3 3204/31/3
f 3206/30/3 3035/30/3 3034/30/3
f 3206/20/3 3034/20/3 2321/20/3
f 3207/35/3 3036/35/3 3035/35/3
f 3207/30/3 3035/30/3 3206/30/3
f 3208/32/3 3037/32/3 3036/32/3
f 3208/35/3 3036/35/3 3207/35/3
f 3209/29/3 116/29/3 3037/29/3
f 3209/32/3 3037/32/3 3208/32/3
f 3210/32/3 3038/32/3 2173/32/3
f 3210/30/3 3085/30/3 3038/30/3
f 3211/29/3 3086/29/3 3085/29/3
f 3211/30/3 3085/30/3 3210/30/3
f 3212/29/3 3041/29/3 3086/29/3
f 3212/29/3 3086/29/3 3211/29/3
f 3213/32/3 3122/32/3 3041/32/3
f 3213/29/3 3041/29/3 3212/29/3
f 3214/35/3 3123/35/3 3122/35/3
f 3214/32/3 3122/32/3 3213/32/3
f 3215/32/3 3170/32/3 3123/32/3
f 3215/35/3 3123/35/3 3214/35/3
f 3216/29/3 3130/29/3 3175/29/3
f 3216/30/3 3175/30/3 3174/30/3
f 3217/29/3 3130/29/3 3216/29/3
f 3218/33/3 3131/33/3 3130/33/3
f 3218/33/3 3132/33/3 3131/33/3
f 3218/8/3 3133/8/3 3132/8/3
f 3219/12/3 3176/12/3 3133/12/3
f 3219/8/3 3133/8/3 3218/8/3
f 3219/12/3 3177/12/3 3176/12/3
f 3220/12/3 3177/12/3 3219/12/3
f 3221/12/3 3177/12/3 3220/12/3
f 3222/6/3 3178/6/3 3177/6/3
f 3222/12/3 3177/12/3 3221/12/3
f 3223/5/3 3180/5/3 3179/5/3
f 3223/4/3 3179/4/3 3178/4/3
f 3224/5/3 3180/5/3 3223/5/3
f 3225/5/3 3182/5/3 3181/5/3
f 3225/3/3 3181/3/3 3180/3/3
f 3226/3/3 3184/3/3 3183/3/3
f 3226/5/3 3182/5/3 3225/5/3
f 3226/3/3 3183/3/3 3182/3/3
f 3227/3/3 3184/3/3 3226/3/3
f 3228/4/3 3185/4/3 3184/4/3
f 3228/3/3 3184/3/3 3227/3/3
f 3228/4/3 3186/4/3 3185/4/3
f 3229/4/3 3065/4/3 3186/4/3
f 3229/4/3 3186/4/3 3228/4/3
f 3230/5/3 3188/5/3 3187/5/3
f 3230/4/3 3065/4/3 3229/4/3
f 3230/5/3 3187/5/3 3065/5/3
f 3231/5/3 3188/5/3 3230/5/3
f 3232/5/3 3141/5/3 3188/5/3
f 3232/5/3 3188/5/3 3231/5/3
f 3232/3/3 3143/3/3 3142/3/3
f 3232/3/3 3142/3/3 3141/3/3
f 3233/8/3 3144/8/3 3143/8/3
f 3233/3/3 3143/3/3 3232/3/3
f 3234/4/3 3189/4/3 3144/4/3
f 3234/8/3 3144/8/3 3233/8/3
f 3235/6/3 3145/6/3 3190/6/3
f 3235/6/3 3190/6/3 3189/6/3
f 3236/9/3 3147/9/3 3146/9/3
f 3236/6/3 3145/6/3 3235/6/3
f 3236/9/3 3146/9/3 3145/9/3
f 3237/9/3 3147/9/3 3236/9/3
f 3238/8/3 3148/8/3 3147/8/3
f 3238/9/3 3147/9/3 3237/9/3
f 3239/32/3 3191/32/3 3148/32/3
f 3239/8/3 3148/8/3 3238/8/3
f 3240/28/3 3192/28/3 3191/28/3
f 3240/32/3 3191/32/3 3239/32/3
f 3241/28/3 3151/28/3 3192/28/3
f 3241/28/3 3192/28/3 3240/28/3
f 3241/32/3 3193/32/3 3151/32/3
f 3241/32/3 3194/32/3 3193/32/3
f 3242/32/3 3194/32/3 3241/32/3
f 3243/28/3 3195/28/3 3194/28/3
f 3243/32/3 3194/32/3 3242/32/3
f 3244/31/3 3196/31/3 3195/31/3
f 3244/28/3 3195/28/3 3243/28/3
f 3245/31/3 2272/31/3 3196/31/3
f 3245/31/3 3196/31/3 3244/31/3
f 3246/25/3 3199/25/3 3198/25/3
f 3246/31/3 3201/31/3 3200/31/3
f 3246/31/3 3200/31/3 3199/31/3
f 3247/2/3 3202/2/3 3201/2/3
f 3247/31/3 3201/31/3 3246/31/3
f 3248/31/3 3203/31/3 3202/31/3
f 3248/2/3 3202/2/3 3247/2/3
f 3248/31/3 3204/31/3 3203/31/3
f 3249/29/3 3211/29/3 3210/29/3
f 3249/29/3 3212/29/3 3211/29/3
f 3250/32/3 3213/32/3 3212/32/3
f 3250/29/3 3212/29/3 3249/29/3
f 3251/35/3 3214/35/3 3213/35/3
f 3251/32/3 3213/32/3 3250/32/3
f 3252/32/3 3215/32/3 3214/32/3
f 3252/35/3 3214/35/3 3251/35/3
f 3253/32/3 3173/32/3 3172/32/3
f 3253/32/3 3174/32/3 3173/32/3
f 3253/32/3 3172/32/3 3171/32/3
f 3254/30/3 3216/30/3 3174/30/3
f 3254/32/3 3174/32/3 3253/32/3
f 3255/38/3 3217/38/3 3216/38/3
f 3255/30/3 3216/30/3 3254/30/3
f 3256/29/3 3130/29/3 3217/29/3
f 3256/38/3 3217/38/3 3255/38/3
f 3257/29/3 3130/29/3 3256/29/3
f 3258/29/3 3130/29/3 3257/29/3
f 3259/4/3 3223/4/3 3178/4/3
f 3259/6/3 3178/6/3 3222/6/3
f 3259/4/3 3224/4/3 3223/4/3
f 3260/5/3 3180/5/3 3224/5/3
f 3260/4/3 3224/4/3 3259/4/3
f 3261/3/3 3225/3/3 3180/3/3
f 3261/5/3 3180/5/3 3260/5/3
f 3261/3/3 3226/3/3 3225/3/3
f 3262/5/3 3227/5/3 3226/5/3
f 3262/3/3 3226/3/3 3261/3/3
f 3263/4/3 3228/4/3 3227/4/3
f 3263/5/3 3227/5/3 3262/5/3
f 3264/6/3 3229/6/3 3228/6/3
f 3264/4/3 3228/4/3 3263/4/3
f 3265/6/3 3229/6/3 3264/6/3
f 3266/4/3 3231/4/3 3230/4/3
f 3266/6/3 3229/6/3 3265/6/3
f 3266/4/3 3230/4/3 3229/4/3
f 3267/5/3 3232/5/3 3231/5/3
f 3267/4/3 3231/4/3 3266/4/3
f 3267/5/3 3233/5/3 3232/5/3
f 3268/5/3 3233/5/3 3267/5/3
f 3269/4/3 3189/4/3 3234/4/3
f 3269/4/3 3234/4/3 3233/4/3
f 3270/6/3 3235/6/3 3189/6/3
f 3270/4/3 3189/4/3 3269/4/3
f 3271/9/3 3237/9/3 3236/9/3
f 3271/6/3 3235/6/3 3270/6/3
f 3271/9/3 3236/9/3 3235/9/3
f 3272/1/3 3244/1/3 3243/1/3
f 3272/32/3 3242/32/3 3241/32/3
f 3272/32/3 3240/32/3 3239/32/3
f 3272/32/3 3239/32/3 3238/32/3
f 3272/1/3 3245/1/3 3244/1/3
f 3272/1/3 3243/1/3 3242/1/3
f 3272/32/3 3241/32/3 3240/32/3
f 3273/1/3 3245/1/3 3272/1/3
f 3274/1/3 3245/1/3 3273/1/3
f 3275/1/3 3245/1/3 3274/1/3
f 3276/31/3 2272/31/3 3245/31/3
f 3276/1/3 3245/1/3 3275/1/3
f 3277/31/3 3197/31/3 3159/31/3
f 3277/31/3 3198/31/3 3197/31/3
f 3277/20/3 3159/20/3 3158/20/3
f 3278/31/3 3198/31/3 3277/31/3
f 3279/25/3 3247/25/3 3246/25/3
f 3279/31/3 3198/31/3 3278/31/3
f 3279/25/3 3246/25/3 3198/25/3
f 3280/31/3 3248/31/3 3247/31/3
f 3280/25/3 3247/25/3 3279/25/3
f 3281/32/3 3208/32/3 3207/32/3
f 3281/32/3 3207/32/3 3206/32/3
f 3282/35/3 3209/35/3 3208/35/3
f 3282/32/3 3208/32/3 3281/32/3
f 3283/29/3 3249/29/3 3210/29/3
f 3283/32/3 3210/32/3 2173/32/3
f 3284/32/3 3250/32/3 3249/32/3
f 3284/29/3 3249/29/3 3283/29/3
f 3285/35/3 3251/35/3 3250/35/3
f 3285/32/3 3250/32/3 3284/32/3
f 3286/32/3 3252/32/3 3251/32/3
f 3286/35/3 3251/35/3 3285/35/3
f 3287/32/3 3215/32/3 3252/32/3
f 3287/32/3 3252/32/3 3286/32/3
f 3287/32/3 3170/32/3 3215/32/3
f 3288/35/3 3171/35/3 3170/35/3
f 3288/32/3 3170/32/3 3287/32/3
f 3289/32/3 3253/32/3 3171/32/3
f 3289/35/3 3171/35/3 3288/35/3
f 3290/30/3 3255/30/3 3254/30/3
f 3290/30/3 3254/30/3 3253/30/3
f 3291/29/3 3257/29/3 3256/29/3
f 3291/30/3 3255/30/3 3290/30/3
f 3291/29/3 3256/29/3 3255/29/3
f 3292/38/3 3258/38/3 3257/38/3
f 3292/29/3 3257/29/3 3291/29/3
f 3293/29/3 3130/29/3 3258/29/3
f 3293/38/3 3258/38/3 3292/38/3
f 3294/6/3 3260/6/3 3259/6/3
f 3294/6/3 3259/6/3 3222/6/3
f 3294/8/3 3222/8/3 3221/8/3
f 3295/6/3 3260/6/3 3294/6/3
f 3296/4/3 3263/4/3 3262/4/3
f 3296/6/3 3260/6/3 3295/6/3
f 3296/4/3 3262/4/3 3261/4/3
f 3296/4/3 3261/4/3 3260/4/3
f 3297/6/3 3265/6/3 3264/6/3
f 3297/4/3 3263/4/3 3296/4/3
f 3297/6/3 3264/6/3 3263/6/3
f 3298/6/3 3265/6/3 3297/6/3
f 3299/10/3 3266/10/3 3265/10/3
f 3299/6/3 3265/6/3 3298/6/3
f 3300/6/3 3267/6/3 3266/6/3
f 3300/10/3 3266/10/3 3299/10/3
f 3301/6/3 3267/6/3 3300/6/3
f 3302/4/3 3268/4/3 3267/4/3
f 3302/6/3 3267/6/3 3301/6/3
f 3303/5/3 3233/5/3 3268/5/3
f 3303/4/3 3268/4/3 3302/4/3
f 3304/4/3 3269/4/3 3233/4/3
f 3304/5/3 3233/5/3 3303/5/3
f 3305/8/3 3270/8/3 3269/8/3
f 3305/4/3 3269/4/3 3304/4/3
f 3306/32/3 3273/32/3 3272/32/3
f 3306/32/3 3272/32/3 3238/32/3
f 3307/27/3 3274/27/3 3273/27/3
f 3307/32/3 3273/32/3 3306/32/3
f 3308/28/3 3275/28/3 3274/28/3
f 3308/27/3 3274/27/3 3307/27/3
f 3309/31/3 3276/31/3 3275/31/3
f 3309/28/3 3275/28/3 3308/28/3
f 3310/31/3 2272/31/3 3276/31/3
f 3310/31/3 3276/31/3 3309/31/3
f 3311/20/3 3278/20/3 3277/20/3
f 3311/31/3 3279/31/3 3278/31/3
f 3311/31/3 3280/31/3 3279/31/3
f 3312/31/3 3280/31/3 3311/31/3
f 3313/31/3 3248/31/3 3280/31/3
f 3313/31/3 3280/31/3 3312/31/3
f 3313/31/3 3204/31/3 3248/31/3
f 3314/20/3 3205/20/3 3204/20/3
f 3314/31/3 3204/31/3 3313/31/3
f 3315/29/3 3292/29/3 3291/29/3
f 3315/29/3 3291/29/3 3290/29/3
f 3315/30/3 3290/30/3 3253/30/3
f 3315/29/3 3293/29/3 3292/29/3
f 3316/29/3 3293/29/3 3315/29/3
f 3317/29/3 3293/29/3 3316/29/3
f 3318/29/3 3293/29/3 3317/29/3
f 3319/33/3 3218/33/3 3130/33/3
f 3319/29/3 3293/29/3 3318/29/3
f 3319/33/3 3219/33/3 3218/33/3
f 3319/29/3 3130/29/3 3293/29/3
f 3320/33/3 3219/33/3 3319/33/3
f 3321/8/3 3220/8/3 3219/8/3
f 3321/33/3 3219/33/3 3320/33/3
f 3322/12/3 3221/12/3 3220/12/3
f 3322/8/3 3220/8/3 3321/8/3
f 3323/12/3 3221/12/3 3322/12/3
f 3324/12/3 3221/12/3 3323/12/3
f 3325/8/3 3294/8/3 3221/8/3
f 3325/12/3 3221/12/3 3324/12/3
f 3326/10/3 3295/10/3 3294/10/3
f 3326/8/3 3294/8/3 3325/8/3
f 3327/6/3 3296/6/3 3295/6/3
f 3327/10/3 3295/10/3 3326/10/3
f 3327/6/3 3298/6/3 3297/6/3
f 3327/6/3 3297/6/3 3296/6/3
f 3328/10/3 3301/10/3 3300/10/3
f 3328/6/3 3298/6/3 3327/6/3
f 3328/10/3 3300/10/3 3299/10/3
f 3328/10/3 3299/10/3 3298/10/3
f 3329/6/3 3304/6/3 3303/6/3
f 3329/10/3 3301/10/3 3328/10/3
f 3329/6/3 3303/6/3 3302/6/3
f 3329/6/3 3302/6/3 3301/6/3
f 3329/6/3 3305/6/3 3304/6/3
f 3330/6/3 3305/6/3 3329/6/3
f 3331/6/3 3305/6/3 3330/6/3
f 3332/8/3 3270/8/3 3305/8/3
f 3332/6/3 3305/6/3 3331/6/3
f 3333/9/3 3271/9/3 3270/9/3
f 3333/8/3 3270/8/3 3332/8/3
f 3334/9/3 3237/9/3 3271/9/3
f 3334/9/3 3271/9/3 3333/9/3
f 3335/9/3 3237/9/3 3334/9/3
f 3336/8/3 3238/8/3 3237/8/3
f 3336/9/3 3237/9/3 3335/9/3
f 3337/32/3 3306/32/3 3238/32/3
f 3337/8/3 3238/8/3 3336/8/3
f 3338/1/3 3307/1/3 3306/1/3
f 3338/32/3 3306/32/3 3337/32/3
f 3338/1/3 3309/1/3 3308/1/3
f 3338/1/3 3308/1/3 3307/1/3
f 3338/1/3 3310/1/3 3309/1/3
f 3339/1/3 3310/1/3 3338/1/3
f 3340/1/3 3310/1/3 3339/1/3
f 3341/1/3 3310/1/3 3340/1/3
f 3342/31/3 2272/31/3 3310/31/3
f 3342/1/3 3310/1/3 3341/1/3
f 3343/20/3 3312/20/3 3311/20/3
f 3343/20/3 3277/20/3 3158/20/3
f 3343/20/3 3311/20/3 3277/20/3
f 3343/31/3 3158/31/3 2316/31/3
f 3344/31/3 3313/31/3 3312/31/3
f 3344/20/3 3312/20/3 3343/20/3
f 3345/20/3 3314/20/3 3313/20/3
f 3345/31/3 3313/31/3 3344/31/3
f 3346/20/3 3205/20/3 3314/20/3
f 3346/20/3 3314/20/3 3345/20/3
f 3346/31/3 2321/31/3 3205/31/3
f 3347/32/3 3281/32/3 3206/32/3
f 3347/35/3 3282/35/3 3281/35/3
f 3348/35/3 3209/35/3 3282/35/3
f 3348/35/3 3282/35/3 3347/35/3
f 3349/32/3 3286/32/3 3285/32/3
f 3349/32/3 3284/32/3 3283/32/3
f 3349/32/3 3285/32/3 3284/32/3
f 3349/32/3 3287/32/3 3286/32/3
f 3350/32/3 3287/32/3 3349/32/3
f 3351/35/3 3288/35/3 3287/35/3
f 3351/32/3 3287/32/3 3350/32/3
f 3352/29/3 3289/29/3 3288/29/3
f 3352/35/3 3288/35/3 3351/35/3
f 3353/32/3 3253/32/3 3289/32/3
f 3353/29/3 3289/29/3 3352/29/3
f 3354/32/3 3253/32/3 3353/32/3
f 3355/32/3 3253/32/3 3354/32/3
f 3356/30/3 3315/30/3 3253/30/3
f 3356/32/3 3253/32/3 3355/32/3
f 3357/38/3 3316/38/3 3315/38/3
f 3357/30/3 3315/30/3 3356/30/3
f 3358/29/3 3317/29/3 3316/29/3
f 3358/38/3 3316/38/3 3357/38/3
f 3359/38/3 3318/38/3 3317/38/3
f 3359/29/3 3317/29/3 3358/29/3
f 3360/29/3 3320/29/3 3319/29/3
f 3360/38/3 3318/38/3 3359/38/3
f 3360/29/3 3319/29/3 3318/29/3
f 3361/33/3 3321/33/3 3320/33/3
f 3361/31/3 3322/31/3 3321/31/3
f 3362/8/3 3323/8/3 3322/8/3
f 3362/31/3 3322/31/3 3361/31/3
f 3363/10/3 3328/10/3 3327/10/3
f 3363/10/3 3326/10/3 3325/10/3
f 3363/10/3 3327/10/3 3326/10/3
f 3363/10/3 3330/10/3 3329/10/3
f 3363/10/3 3329/10/3 3328/10/3
f 3364/10/3 3330/10/3 3363/10/3
f 3365/6/3 3331/6/3 3330/6/3
f 3365/10/3 3330/10/3 3364/10/3
f 3366/10/3 3333/10/3 3332/10/3
f 3366/6/3 3331/6/3 3365/6/3
f 3366/10/3 3332/10/3 3331/10/3
f 3367/32/3 3337/32/3 3336/32/3
f 3367/32/3 3338/32/3 3337/32/3
f 3368/32/3 3338/32/3 3367/32/3
f 3369/30/3 3339/30/3 3338/30/3
f 3369/32/3 3338/32/3 3368/32/3
f 3370/30/3 3339/30/3 3369/30/3
f 3371/28/3 3340/28/3 3339/28/3
f 3371/30/3 3339/30/3 3370/30/3
f 3372/1/3 3341/1/3 3340/1/3
f 3372/28/3 3340/28/3 3371/28/3
f 3373/29/3 3342/29/3 3341/29/3
f 3373/1/3 3341/1/3 3372/1/3
f 3374/20/3 2316/20/3 2272/20/3
f 3374/31/3 3343/31/3 2316/31/3
f 3374/31/3 3346/31/3 3345/31/3
f 3374/31/3 3345/31/3 3344/31/3
f 3374/31/3 3344/31/3 3343/31/3
f 3375/31/3 2321/31/3 3346/31/3
f 3375/31/3 3346/31/3 3374/31/3
f 3375/20/3 3206/20/3 2321/20/3
f 3376/30/3 3350/30/3 3349/30/3
f 3377/35/3 3351/35/3 3350/35/3
f 3377/30/3 3350/30/3 3376/30/3
f 3378/29/3 3352/29/3 3351/29/3
f 3378/29/3 3353/29/3 3352/29/3
f 3378/29/3 3354/29/3 3353/29/3
f 3379/29/3 3354/29/3 3378/29/3
f 3380/29/3 3358/29/3 3357/29/3
f 3380/29/3 3357/29/3 3356/29/3
f 3380/29/3 3359/29/3 3358/29/3
f 3380/29/3 3360/29/3 3359/29/3
f 3381/29/3 3360/29/3 3380/29/3
f 3382/10/3 3365/10/3 3364/10/3
f 3382/10/3 3333/10/3 3366/10/3
f 3382/10/3 3366/10/3 3365/10/3
f 3383/10/3 3333/10/3 3382/10/3
f 3384/9/3 3335/9/3 3334/9/3
f 3385/8/3 3336/8/3 3335/8/3
f 3385/9/3 3335/9/3 3384/9/3
f 3386/32/3 3367/32/3 3336/32/3
f 3386/8/3 3336/8/3 3385/8/3
f 3387/32/3 3367/32/3 3386/32/3
f 3388/27/3 3368/27/3 3367/27/3
f 3388/32/3 3367/32/3 3387/32/3
f 3389/32/3 3369/32/3 3368/32/3
f 3389/27/3 3368/27/3 3388/27/3
f 3390/27/3 3370/27/3 3369/27/3
f 3390/32/3 3369/32/3 3389/32/3
f 3391/1/3 3371/1/3 3370/1/3
f 3391/27/3 3370/27/3 3390/27/3
f 3391/1/3 3372/1/3 3371/1/3
f 3392/28/3 3373/28/3 3372/28/3
f 3392/1/3 3372/1/3 3391/1/3
f 3393/29/3 3342/29/3 3373/29/3
f 3393/28/3 3373/28/3 3392/28/3
f 3394/31/3 2272/31/3 3342/31/3
f 3394/29/3 3342/29/3 3393/29/3
f 3395/20/3 3374/20/3 2272/20/3
f 3395/31/3 2272/31/3 3394/31/3
f 3396/20/3 3374/20/3 3395/20/3
f 3397/33/3 3375/33/3 3374/33/3
f 3397/20/3 3374/20/3 3396/20/3
f 3398/20/3 3206/20/3 3375/20/3
f 3398/33/3 3375/33/3 3397/33/3
f 3399/20/3 3206/20/3 3398/20/3
f 3400/32/3 3348/32/3 3347/32/3
f 3400/20/3 3206/20/3 3399/20/3
f 3400/32/3 3347/32/3 3206/32/3
f 3401/32/3 3349/32/3 3283/32/3
f 3402/30/3 3376/30/3 3349/30/3
f 3402/32/3 3349/32/3 3401/32/3
f 3403/35/3 3351/35/3 3377/35/3
f 3403/35/3 3377/35/3 3376/35/3
f 3404/29/3 3378/29/3 3351/29/3
f 3404/35/3 3351/35/3 3403/35/3
f 3405/29/3 3354/29/3 3379/29/3
f 3405/30/3 3379/30/3 3378/30/3
f 3406/32/3 3355/32/3 3354/32/3
f 3406/29/3 3354/29/3 3405/29/3
f 3407/30/3 3356/30/3 3355/30/3
f 3407/32/3 3355/32/3 3406/32/3
f 3408/29/3 3380/29/3 3356/29/3
f 3408/30/3 3356/30/3 3407/30/3
f 3409/29/3 3360/29/3 3381/29/3
f 3409/30/3 3381/30/3 3380/30/3
f 3410/29/3 3360/29/3 3409/29/3
f 3411/8/3 3323/8/3 3362/8/3
f 3411/33/3 3362/33/3 3361/33/3
f 3412/12/3 3324/12/3 3323/12/3
f 3412/8/3 3323/8/3 3411/8/3
f 3413/8/3 3325/8/3 3324/8/3
f 3413/12/3 3324/12/3 3412/12/3
f 3414/10/3 3363/10/3 3325/10/3
f 3414/8/3 3325/8/3 3413/8/3
f 3415/8/3 3364/8/3 3363/8/3
f 3415/10/3 3363/10/3 3414/10/3
f 3416/10/3 3382/10/3 3364/10/3
f 3416/8/3 3364/8/3 3415/8/3
f 3417/8/3 3383/8/3 3382/8/3
f 3417/10/3 3382/10/3 3416/10/3
f 3418/10/3 3333/10/3 3383/10/3
f 3418/8/3 3383/8/3 3417/8/3
f 3419/8/3 3334/8/3 3333/8/3
f 3419/10/3 3333/10/3 3418/10/3
f 3420/9/3 3384/9/3 3334/9/3
f 3420/8/3 3334/8/3 3419/8/3
f 3421/8/3 3385/8/3 3384/8/3
f 3421/9/3 3384/9/3 3420/9/3
f 3422/27/3 3390/27/3 3389/27/3
f 3422/27/3 3388/27/3 3387/27/3
f 3422/27/3 3389/27/3 3388/27/3
f 3423/27/3 3390/27/3 3422/27/3
f 3424/1/3 3392/1/3 3391/1/3
f 3424/27/3 3390/27/3 3423/27/3
f 3424/1/3 3391/1/3 3390/1/3
f 3424/1/3 3393/1/3 3392/1/3
f 3424/1/3 3394/1/3 3393/1/3
f 3425/1/3 3394/1/3 3424/1/3
f 3426/31/3 3395/31/3 3394/31/3
f 3426/1/3 3394/1/3 3425/1/3
f 3427/28/3 3396/28/3 3395/28/3
f 3427/31/3 3395/31/3 3426/31/3
f 3428/20/3 3398/20/3 3397/20/3
f 3428/28/3 3396/28/3 3427/28/3
f 3428/20/3 3397/20/3 3396/20/3
f 3429/20/3 3398/20/3 3428/20/3
f 3430/20/3 3398/20/3 3429/20/3
f 3431/20/3 3398/20/3 3430/20/3
f 3432/20/3 3398/20/3 3431/20/3
f 3433/20/3 3398/20/3 3432/20/3
f 3434/20/3 3398/20/3 3433/20/3
f 3435/20/3 3398/20/3 3434/20/3
f 3436/20/3 3398/20/3 3435/20/3
f 3437/20/3 3398/20/3 3436/20/3
f 3438/20/3 3398/20/3 3437/20/3
f 3439/20/3 3398/20/3 3438/20/3
f 3440/20/3 3398/20/3 3439/20/3
f 3441/20/3 3398/20/3 3440/20/3
f 3442/20/3 3398/20/3 3441/20/3
f 3443/20/3 3398/20/3 3442/20/3
f 3444/28/3 3399/28/3 3398/28/3
f 3444/20/3 3398/20/3 3443/20/3
f 3445/31/3 3400/31/3 3399/31/3
f 3445/28/3 3399/28/3 3444/28/3
f 3446/32/3 3348/32/3 3400/32/3
f 3446/31/3 3400/31/3 3445/31/3
f 3447/32/3 3283/32/3 2173/32/3
f 3447/32/3 3401/32/3 3283/32/3
f 3448/30/3 3402/30/3 3401/30/3
f 3448/32/3 3401/32/3 3447/32/3
f 3449/30/3 3376/30/3 3402/30/3
f 3449/30/3 3402/30/3 3448/30/3
f 3450/35/3 3403/35/3 3376/35/3
f 3450/30/3 3376/30/3 3449/30/3
f 3451/29/3 3404/29/3 3403/29/3
f 3451/35/3 3403/35/3 3450/35/3
f 3452/29/3 3378/29/3 3404/29/3
f 3452/29/3 3404/29/3 3451/29/3
f 3453/30/3 3406/30/3 3405/30/3
f 3453/29/3 3378/29/3 3452/29/3
f 3453/30/3 3405/30/3 3378/30/3
f 3454/32/3 3407/32/3 3406/32/3
f 3455/29/3 3408/29/3 3407/29/3
f 3455/32/3 3407/32/3 3454/32/3
f 3456/29/3 3380/29/3 3408/29/3
f 3456/29/3 3408/29/3 3455/29/3
f 3457/29/3 3380/29/3 3456/29/3
f 3458/30/3 3410/30/3 3409/30/3
f 3458/29/3 3380/29/3 3457/29/3
f 3458/30/3 3409/30/3 3380/30/3
f 3459/29/3 3360/29/3 3410/29/3
f 3459/30/3 3410/30/3 3458/30/3
f 3460/29/3 3320/29/3 3360/29/3
f 3460/29/3 3360/29/3 3459/29/3
f 3461/31/3 3412/31/3 3411/31/3
f 3461/33/3 3411/33/3 3361/33/3
f 3462/8/3 3413/8/3 3412/8/3
f 3462/31/3 3412/31/3 3461/31/3
f 3463/10/3 3414/10/3 3413/10/3
f 3463/8/3 3413/8/3 3462/8/3
f 3463/10/3 3417/10/3 3416/10/3
f 3463/10/3 3418/10/3 3417/10/3
f 3463/10/3 3420/10/3 3419/10/3
f 3463/10/3 3419/10/3 3418/10/3
f 3463/10/3 3415/10/3 3414/10/3
f 3463/10/3 3416/10/3 3415/10/3
f 3464/8/3 3421/8/3 3420/8/3
f 3464/10/3 3420/10/3 3463/10/3
f 3465/8/3 3385/8/3 3421/8/3
f 3465/8/3 3421/8/3 3464/8/3
f 3466/32/3 3386/32/3 3385/32/3
f 3466/8/3 3385/8/3 3465/8/3
f 3466/32/3 3387/32/3 3386/32/3
f 3467/28/3 3423/28/3 3422/28/3
f 3467/27/3 3422/27/3 3387/27/3
f 3468/30/3 3424/30/3 3423/30/3
f 3468/28/3 3423/28/3 3467/28/3
f 3469/30/3 3424/30/3 3468/30/3
f 3470/28/3 3425/28/3 3424/28/3
f 3470/30/3 3424/30/3 3469/30/3
f 3471/28/3 3425/28/3 3470/28/3
f 3472/31/3 3426/31/3 3425/31/3
f 3472/28/3 3425/28/3 3471/28/3
f 3473/33/3 3427/33/3 3426/33/3
f 3473/31/3 3426/31/3 3472/31/3
f 3474/31/3 3428/31/3 3427/31/3
f 3474/33/3 3427/33/3 3473/33/3
f 3475/33/3 3429/33/3 3428/33/3
f 3475/31/3 3428/31/3 3474/31/3
f 3476/33/3 3429/33/3 3475/33/3
f 3477/31/3 3430/31/3 3429/31/3
f 3477/33/3 3429/33/3 3476/33/3
f 3478/33/3 3431/33/3 3430/33/3
f 3478/31/3 3430/31/3 3477/31/3
f 3479/33/3 3431/33/3 3478/33/3
f 3480/33/3 3431/33/3 3479/33/3
f 3481/33/3 3431/33/3 3480/33/3
f 3482/30/3 3432/30/3 3431/30/3
f 3482/33/3 3431/33/3 3481/33/3
f 3483/31/3 3433/31/3 3432/31/3
f 3483/30/3 3432/30/3 3482/30/3
f 3484/30/3 3434/30/3 3433/30/3
f 3484/31/3 3433/31/3 3483/31/3
f 3485/30/3 3434/30/3 3484/30/3
f 3486/31/3 3435/31/3 3434/31/3
f 3486/30/3 3434/30/3 3485/30/3
f 3487/31/3 3435/31/3 3486/31/3
f 3488/30/3 3436/30/3 3435/30/3
f 3488/31/3 3435/31/3 3487/31/3
f 3489/33/3 3437/33/3 3436/33/3
f 3489/30/3 3436/30/3 3488/30/3
f 3490/30/3 3438/30/3 3437/30/3
f 3490/33/3 3437/33/3 3489/33/3
f 3491/32/3 3439/32/3 3438/32/3
f 3491/30/3 3438/30/3 3490/30/3
f 3492/30/3 3440/30/3 3439/30/3
f 3492/32/3 3439/32/3 3491/32/3
f 3493/31/3 3441/31/3 3440/31/3
f 3493/30/3 3440/30/3 3492/30/3
f 3494/31/3 3441/31/3 3493/31/3
f 3495/29/3 3442/29/3 3441/29/3
f 3495/31/3 3441/31/3 3494/31/3
f 3496/29/3 3442/29/3 3495/29/3
f 3497/30/3 3443/30/3 3442/30/3
f 3497/29/3 3442/29/3 3496/29/3
f 3498/31/3 3444/31/3 3443/31/3
f 3498/30/3 3443/30/3 3497/30/3
f 3498/31/3 3445/31/3 3444/31/3
f 3499/31/3 3445/31/3 3498/31/3
f 3500/31/3 3445/31/3 3499/31/3
f 3501/29/3 3446/29/3 3445/29/3
f 3501/31/3 3445/31/3 3500/31/3
f 3502/32/3 3348/32/3 3446/32/3
f 3502/29/3 3446/29/3 3501/29/3
f 3503/35/3 3209/35/3 3348/35/3
f 3503/32/3 3348/32/3 3502/32/3
f 3504/29/3 116/29/3 3209/29/3
f 3504/35/3 3209/35/3 3503/35/3
f 3505/29/3 117/29/3 115/29/3
f 3505/32/3 1866/32/3 117/32/3
f 3505/32/3 2173/32/3 1923/32/3
f 3505/32/3 3447/32/3 2173/32/3
f 3505/32/3 1923/32/3 1866/32/3
f 3506/30/3 3448/30/3 3447/30/3
f 3506/32/3 3447/32/3 3505/32/3
f 3506/30/3 3449/30/3 3448/30/3
f 3507/35/3 3450/35/3 3449/35/3
f 3507/30/3 3449/30/3 3506/30/3
f 3508/32/3 3451/32/3 3450/32/3
f 3508/35/3 3450/35/3 3507/35/3
f 3509/29/3 3452/29/3 3451/29/3
f 3509/32/3 3451/32/3 3508/32/3
f 3510/30/3 3453/30/3 3452/30/3
f 3510/29/3 3452/29/3 3509/29/3
f 3511/32/3 3454/32/3 3406/32/3
f 3511/30/3 3453/30/3 3510/30/3
f 3511/30/3 3406/30/3 3453/30/3
f 3512/30/3 3455/30/3 3454/30/3
f 3512/32/3 3454/32/3 3511/32/3
f 3513/29/3 3456/29/3 3455/29/3
f 3513/30/3 3455/30/3 3512/30/3
f 3514/38/3 3457/38/3 3456/38/3
f 3514/29/3 3456/29/3 3513/29/3
f 3515/30/3 3458/30/3 3457/30/3
f 3515/38/3 3457/38/3 3514/38/3
f 3515/30/3 3459/30/3 3458/30/3
f 3515/30/3 3460/30/3 3459/30/3
f 3516/29/3 3320/29/3 3460/29/3
f 3516/30/3 3460/30/3 3515/30/3
f 3517/33/3 3462/33/3 3461/33/3
f 3517/29/3 3320/29/3 3516/29/3
f 3517/33/3 3461/33/3 3361/33/3
f 3517/33/3 3361/33/3 3320/33/3
f 3518/8/3 3464/8/3 3463/8/3
f 3518/33/3 3462/33/3 3517/33/3
f 3518/8/3 3463/8/3 3462/8/3
f 3518/8/3 3465/8/3 3464/8/3
f 3519/32/3 3466/32/3 3465/32/3
f 3519/8/3 3465/8/3 3518/8/3
f 3520/32/3 3387/32/3 3466/32/3
f 3520/32/3 3466/32/3 3519/32/3
f 3520/27/3 3467/27/3 3387/27/3
f 3521/30/3 3469/30/3 3468/30/3
f 3521/27/3 3467/27/3 3520/27/3
f 3521/30/3 3468/30/3 3467/30/3
f 3522/28/3 3470/28/3 3469/28/3
f 3522/30/3 3469/30/3 3521/30/3
f 3522/28/3 3471/28/3 3470/28/3
f 3523/30/3 3475/30/3 3474/30/3
f 3523/28/3 3471/28/3 3522/28/3
f 3523/30/3 3472/30/3 3471/30/3
f 3523/30/3 3473/30/3 3472/30/3
f 3523/30/3 3474/30/3 3473/30/3
f 3524/40/3 3476/40/3 3475/40/3
f 3524/30/3 3475/30/3 3523/30/3
f 3525/41/3 3477/41/3 3476/41/3
f 3525/40/3 3476/40/3 3524/40/3
f 3526/30/3 3478/30/3 3477/30/3
f 3526/41/3 3477/41/3 3525/41/3
f 3526/30/3 3479/30/3 3478/30/3
f 3527/28/3 3480/28/3 3479/28/3
f 3527/30/3 3479/30/3 3526/30/3
f 3528/27/3 3481/27/3 3480/27/3
f 3528/28/3 3480/28/3 3527/28/3
f 3529/32/3 3483/32/3 3482/32/3
f 3529/27/3 3481/27/3 3528/27/3
f 3529/32/3 3482/32/3 3481/32/3
f 3530/28/3 3485/28/3 3484/28/3
f 3530/32/3 3483/32/3 3529/32/3
f 3530/28/3 3484/28/3 3483/28/3
f 3531/41/3 3486/41/3 3485/41/3
f 3531/28/3 3485/28/3 3530/28/3
f 3532/29/3 3487/29/3 3486/29/3
f 3532/41/3 3486/41/3 3531/41/3
f 3533/28/3 3488/28/3 3487/28/3
f 3533/29/3 3487/29/3 3532/29/3
f 3534/32/3 3492/32/3 3491/32/3
f 3534/28/3 3488/28/3 3533/28/3
f 3534/32/3 3491/32/3 3490/32/3
f 3534/32/3 3489/32/3 3488/32/3
f 3534/32/3 3493/32/3 3492/32/3
f 3534/32/3 3490/32/3 3489/32/3
f 3535/30/3 3494/30/3 3493/30/3
f 3535/32/3 3493/32/3 3534/32/3
f 3536/28/3 3496/28/3 3495/28/3
f 3536/30/3 3494/30/3 3535/30/3
f 3536/28/3 3495/28/3 3494/28/3
f 3537/32/3 3497/32/3 3496/32/3
f 3537/28/3 3496/28/3 3536/28/3
f 3538/28/3 3498/28/3 3497/28/3
f 3538/32/3 3497/32/3 3537/32/3
f 3539/35/3 3499/35/3 3498/35/3
f 3539/28/3 3498/28/3 3538/28/3
f 3540/28/3 3500/28/3 3499/28/3
f 3540/35/3 3499/35/3 3539/35/3
f 3541/32/3 3502/32/3 3501/32/3
f 3541/28/3 3500/28/3 3540/28/3
f 3541/32/3 3503/32/3 3502/32/3
f 3541/32/3 3504/32/3 3503/32/3
f 3541/32/3 3501/32/3 3500/32/3
f 3542/29/3 116/29/3 3504/29/3
f 3542/32/3 3504/32/3 3541/32/3
f 3543/29/3 3541/29/3 3540/29/3
f 3543/29/3 3540/29/3 3539/29/3
f 3543/29/3 3542/29/3 3541/29/3
f 3543/29/3 3524/29/3 3523/29/3
f 3543/29/3 3512/29/3 3511/29/3
f 3543/29/3 3532/29/3 3531/29/3
f 3543/29/3 3527/29/3 3526/29/3
f 3543/29/3 3516/29/3 3515/29/3
f 3543/29/3 3530/29/3 3529/29/3
f 3543/29/3 3517/29/3 3516/29/3
f 3543/29/3 3531/29/3 3530/29/3
f 3543/29/3 3523/29/3 3522/29/3
f 3543/29/3 3522/29/3 3521/29/3
f 3543/29/3 3534/29/3 3533/29/3
f 3543/29/3 3533/29/3 3532/29/3
f 3543/29/3 3508/29/3 3507/29/3
f 3543/29/3 3529/29/3 3528/29/3
f 3543/29/3 3510/29/3 3509/29/3
f 3543/29/3 3506/29/3 3505/29/3
f 3543/29/3 3528/29/3 3527/29/3
f 3543/29/3 3521/29/3 3520/29/3
f 3543/29/3 3537/29/3 3536/29/3
f 3543/29/3 3515/29/3 3514/29/3
f 3543/29/3 3505/29/3 115/29/3
f 3543/29/3 3520/29/3 3519/29/3
f 3543/29/3 3536/29/3 3535/29/3
f 3543/29/3 3509/29/3 3508/29/3
f 3543/29/3 3518/29/3 3517/29/3
f 3543/29/3 3538/29/3 3537/29/3
f 3543/29/3 3539/29/3 3538/29/3
f 3543/29/3 3514/29/3 3513/29/3
f 3543/29/3 3507/29/3 3506/29/3
f 3543/29/3 3526/29/3 3525/29/3
f 3543/29/3 3525/29/3 3524/29/3
f 3543/29/3 3513/29/3 3512/29/3
f 3543/29/3 3535/29/3 3534/29/3
f 3543/29/3 3511/29/3 3510/29/3
f 3543/29/3 3519/29/3 3518/29/3
f 3544/29/3 116/29/3 3542/29/3
f 3544/29/3 3542/29/3 3543/29/3
f 3547/7/3 3546/7/3 3545/7/3
f 3548/7/3 3546/7/3 3547/7/3
f 3551/20/3 3548/20/3 3547/20/3
f 3552/20/3 3548/20/3 3551/20/3
f 3553/20/3 3550/20/3 3549/20/3
f 3554/20/3 3550/20/3 3553/20/3
f 3557/7/3 3556/7/3 3555/7/3
f 3558/7/3 3556/7/3 3557/7/3
f 3559/7/3 3552/7/3 3551/7/3
f 3560/7/3 3552/7/3 3559/7/3
f 3564/33/3 3562/33/3 3561/33/3
f 3565/31/3 3563/31/3 3562/31/3
f 3565/33/3 3562/33/3 3564/33/3
f 3566/31/3 3563/31/3 3565/31/3
f 3569/31/3 3568/31/3 3567/31/3
f 3570/31/3 3568/31/3 3569/31/3
f 3575/20/3 3572/20/3 3571/20/3
f 3576/20/3 3572/20/3 3575/20/3
f 3577/20/3 3572/20/3 3576/20/3
f 3578/20/3 3572/20/3 3577/20/3
f 3579/20/3 3572/20/3 3578/20/3
f 3580/20/3 3572/20/3 3579/20/3
f 3581/20/3 3572/20/3 3580/20/3
f 3582/28/3 3573/28/3 3572/28/3
f 3582/20/3 3572/20/3 3581/20/3
f 3583/31/3 3574/31/3 3573/31/3
f 3583/28/3 3573/28/3 3582/28/3
f 3584/31/3 3574/31/3 3583/31/3
f 3585/31/3 3574/31/3 3584/31/3
f 3586/31/3 3574/31/3 3585/31/3
f 3587/31/3 3574/31/3 3586/31/3
f 3588/32/3 3576/32/3 3575/32/3
f 3588/31/3 3577/31/3 3576/31/3
f 3589/31/3 3577/31/3 3588/31/3
f 3590/32/3 3578/32/3 3577/32/3
f 3590/31/3 3577/31/3 3589/31/3
f 3591/31/3 3579/31/3 3578/31/3
f 3591/32/3 3578/32/3 3590/32/3
f 3592/31/3 3579/31/3 3591/31/3
f 3593/31/3 3579/31/3 3592/31/3
f 3594/32/3 3580/32/3 3579/32/3
f 3594/31/3 3579/31/3 3593/31/3
f 3595/32/3 3582/32/3 3581/32/3
f 3595/31/3 3583/31/3 3582/31/3
f 3595/31/3 3584/31/3 3583/31/3
f 3596/31/3 3584/31/3 3595/31/3
f 3597/33/3 3589/33/3 3588/33/3
f 3597/32/3 3588/32/3 3575/32/3
f 3598/32/3 3590/32/3 3589/32/3
f 3598/33/3 3589/33/3 3597/33/3
f 3598/32/3 3592/32/3 3591/32/3
f 3598/32/3 3591/32/3 3590/32/3
f 3599/31/3 3584/31/3 3596/31/3
f 3599/32/3 3596/32/3 3595/32/3
f 3600/31/3 3584/31/3 3599/31/3
f 3601/32/3 3592/32/3 3598/32/3
f 3601/31/3 3593/31/3 3592/31/3
f 3601/32/3 3598/32/3 3597/32/3
f 3602/31/3 3593/31/3 3601/31/3
f 3603/32/3 3580/32/3 3594/32/3
f 3603/31/3 3581/31/3 3580/31/3
f 3603/32/3 3594/32/3 3593/32/3
f 3604/32/3 3600/32/3 3599/32/3
f 3604/31/3 3581/31/3 3603/31/3
f 3604/32/3 3595/32/3 3581/32/3
f 3604/32/3 3599/32/3 3595/32/3
f 3605/31/3 3586/31/3 3585/31/3
f 3605/37/3 3585/37/3 3584/37/3
f 3606/32/3 3587/32/3 3586/32/3
f 3606/31/3 3586/31/3 3605/31/3
f 3607/32/3 3602/32/3 3601/32/3
f 3607/32/3 3597/32/3 3575/32/3
f 3607/32/3 3601/32/3 3597/32/3
f 3608/31/3 3593/31/3 3602/31/3
f 3608/32/3 3602/32/3 3607/32/3
f 3609/32/3 3603/32/3 3593/32/3
f 3609/31/3 3593/31/3 3608/31/3
f 3609/32/3 3604/32/3 3603/32/3
f 3610/31/3 3584/31/3 3600/31/3
f 3610/32/3 3604/32/3 3609/32/3
f 3610/32/3 3600/32/3 3604/32/3
f 3611/37/3 3605/37/3 3584/37/3
f 3611/31/3 3584/31/3 3610/31/3
f 3612/32/3 3606/32/3 3605/32/3
f 3612/37/3 3605/37/3 3611/37/3
f 3613/32/3 3587/32/3 3606/32/3
f 3613/32/3 3606/32/3 3612/32/3
f 3614/31/4 3615/31/4 3616/31/4
f 3616/31/4 3615/31/4 3617/31/4
f 3618/32/4 3619/32/4 3620/32/4
f 3620/32/4 3619/32/4 3621/32/4
f 3622/32/4 3623/32/4 3624/32/4
f 3624/32/4 3623/32/4 3625/32/4
f 3626/32/4 3627/32/4 3628/32/4
f 3628/32/4 3627/32/4 3629/32/4
f 3630/29/4 3631/29/4 3632/29/4
f 3632/29/4 3631/29/4 3633/29/4
f 3633/29/4 3631/29/4 3634/29/4
f 3634/29/4 3631/29/4 3635/29/4
f 3635/29/4 3631/29/4 3636/29/4
f 3636/29/4 3631/29/4 3637/29/4
f 3637/29/4 3631/29/4 3638/29/4
f 3638/29/4 3631/29/4 3639/29/4
f 3639/29/4 3631/29/4 3640/29/4
f 3640/29/4 3631/29/4 3641/29/4
f 3641/29/4 3631/29/4 3642/29/4
f 3642/29/4 3631/29/4 3643/29/4
f 3643/29/4 3631/29/4 3644/29/4
f 3644/29/4 3631/29/4 3645/29/4
f 3645/29/4 3631/29/4 3646/29/4
f 3646/29/4 3631/29/4 3647/29/4
f 3647/29/4 3631/29/4 3648/29/4
f 3648/29/4 3631/29/4 3649/29/4
f 3649/29/4 3631/29/4 3650/29/4
f 3650/29/4 3631/29/4 3651/29/4
f 3651/29/4 3631/29/4 3652/29/4
f 3652/29/4 3631/29/4 3653/29/4
f 3653/29/4 3631/29/4 3654/29/4
f 3654/29/4 3631/29/4 3655/29/4
f 3655/29/4 3631/29/4 3656/29/4
f 3656/29/4 3631/29/4 3657/29/4
f 3657/29/4 3631/29/4 3658/29/4
f 3658/29/4 3631/29/4 3659/29/4
f 3659/29/4 3631/29/4 3660/29/4
f 3660/29/4 3631/29/4 3661/29/4
f 3661/29/4 3631/29/4 3662/29/4
f 3662/29/4 3631/29/4 3663/29/4
f 3663/29/4 3631/29/4 3664/29/4
f 3664/29/4 3631/29/4 3665/29/4
f 3665/29/4 3631/29/4 3666/29/4
f 3666/29/4 3631/29/4 3667/29/4
f 3667/29/4 3631/29/4 3668/29/4
f 3668/29/4 3631/29/4 3669/29/4
f 3669/29/4 3631/29/4 3670/29/4
f 3632/32/4 3633/32/4 3671/32/4
f 3633/30/4 3634/30/4 3671/30/4
f 3671/30/4 3634/30/4 3672/30/4
f 3634/35/4 3635/35/4 3673/35/4
f 3672/30/4 3634/30/4 3673/30/4
f 3635/32/4 3636/32/4 3674/32/4
f 3673/35/4 3635/35/4 3674/35/4
f 3636/29/4 3637/29/4 3675/29/4
f 3674/32/4 3636/32/4 3675/32/4
f 3637/30/4 3638/30/4 3676/30/4
f 3675/29/4 3637/29/4 3676/29/4
f 3676/30/4 3638/30/4 3677/30/4
f 3638/32/4 3639/32/4 3678/32/4
f 3639/30/4 3640/30/4 3678/30/4
f 3640/29/4 3641/29/4 3679/29/4
f 3678/30/4 3640/30/4 3679/30/4
f 3641/38/4 3642/38/4 3680/38/4
f 3679/29/4 3641/29/4 3680/29/4
f 3642/30/4 3643/30/4 3681/30/4
f 3680/38/4 3642/38/4 3681/38/4
f 3681/30/4 3643/30/4 3682/30/4
f 3682/30/4 3643/30/4 3683/30/4
f 3643/29/4 3644/29/4 3684/29/4
f 3683/30/4 3643/30/4 3684/30/4
f 3645/32/4 3646/32/4 3685/32/4
f 3646/33/4 3647/33/4 3685/33/4
f 3647/32/4 3648/32/4 3686/32/4
f 3685/33/4 3647/33/4 3686/33/4
f 3648/27/4 3649/27/4 3687/27/4
f 3649/30/4 3650/30/4 3687/30/4
f 3687/30/4 3650/30/4 3688/30/4
f 3650/28/4 3651/28/4 3689/28/4
f 3688/30/4 3650/30/4 3689/30/4
f 3689/28/4 3651/28/4 3690/28/4
f 3651/30/4 3652/30/4 3691/30/4
f 3690/28/4 3651/28/4 3691/28/4
f 3691/30/4 3652/30/4 3692/30/4
f 3692/30/4 3652/30/4 3693/30/4
f 3652/40/4 3653/40/4 3694/40/4
f 3693/30/4 3652/30/4 3694/30/4
f 3653/41/4 3654/41/4 3695/41/4
f 3654/30/4 3655/30/4 3695/30/4
f 3695/30/4 3655/30/4 3696/30/4
f 3696/30/4 3655/30/4 3697/30/4
f 3655/28/4 3656/28/4 3698/28/4
f 3697/30/4 3655/30/4 3698/30/4
f 3658/28/4 3659/28/4 3699/28/4
f 3659/41/4 3660/41/4 3699/41/4
f 3660/29/4 3661/29/4 3700/29/4
f 3699/41/4 3660/41/4 3700/41/4
f 3661/28/4 3662/28/4 3701/28/4
f 3700/29/4 3661/29/4 3701/29/4
f 3662/32/4 3663/32/4 3702/32/4
f 3663/30/4 3664/30/4 3702/30/4
f 3664/28/4 3665/28/4 3703/28/4
f 3702/30/4 3664/30/4 3703/30/4
f 3703/28/4 3665/28/4 3704/28/4
f 3667/35/4 3668/35/4 3705/35/4
f 3668/28/4 3669/28/4 3705/28/4
f 3669/32/4 3670/32/4 3706/32/4
f 3705/28/4 3669/28/4 3706/28/4
f 3706/32/4 3670/32/4 3707/32/4
f 3670/29/4 3631/29/4 3708/29/4
f 3707/32/4 3670/32/4 3708/32/4
f 3671/32/4 3672/32/4 3709/32/4
f 3672/30/4 3673/30/4 3709/30/4
f 3673/30/4 3674/30/4 3709/30/4
f 3709/30/4 3674/30/4 3710/30/4
f 3674/35/4 3675/35/4 3711/35/4
f 3676/29/4 3677/29/4 3711/29/4
f 3675/29/4 3676/29/4 3711/29/4
f 3711/29/4 3677/29/4 3712/29/4
f 3677/30/4 3638/30/4 3713/30/4
f 3638/32/4 3678/32/4 3714/32/4
f 3713/30/4 3638/30/4 3714/30/4
f 3678/32/4 3679/32/4 3714/32/4
f 3679/29/4 3680/29/4 3715/29/4
f 3714/32/4 3679/32/4 3715/32/4
f 3680/29/4 3681/29/4 3715/29/4
f 3681/29/4 3682/29/4 3715/29/4
f 3715/29/4 3682/29/4 3716/29/4
f 3682/30/4 3683/30/4 3717/30/4
f 3683/29/4 3684/29/4 3718/29/4
f 3717/30/4 3683/30/4 3718/30/4
f 3687/28/4 3688/28/4 3719/28/4
f 3648/27/4 3687/27/4 3719/27/4
f 3689/30/4 3690/30/4 3720/30/4
f 3719/28/4 3688/28/4 3720/28/4
f 3688/30/4 3689/30/4 3720/30/4
f 3690/28/4 3691/28/4 3721/28/4
f 3720/30/4 3690/30/4 3721/30/4
f 3691/28/4 3692/28/4 3721/28/4
f 3721/28/4 3692/28/4 3722/28/4
f 3722/28/4 3692/28/4 3723/28/4
f 3658/28/4 3699/28/4 3724/28/4
f 3699/40/4 3700/40/4 3724/40/4
f 3700/30/4 3701/30/4 3725/30/4
f 3724/40/4 3700/40/4 3725/40/4
f 3701/28/4 3662/28/4 3726/28/4
f 3662/32/4 3702/32/4 3726/32/4
f 3702/32/4 3703/32/4 3726/32/4
f 3726/32/4 3703/32/4 3727/32/4
f 3703/30/4 3704/30/4 3728/30/4
f 3727/32/4 3703/32/4 3728/32/4
f 3704/28/4 3665/28/4 3729/28/4
f 3728/30/4 3704/30/4 3729/30/4
f 3667/35/4 3705/35/4 3730/35/4
f 3666/28/4 3667/28/4 3730/28/4
f 3705/29/4 3706/29/4 3731/29/4
f 3730/35/4 3705/35/4 3731/35/4
f 3706/32/4 3707/32/4 3732/32/4
f 3731/29/4 3706/29/4 3732/29/4
f 3710/30/4 3674/30/4 3733/30/4
f 3711/35/4 3712/35/4 3733/35/4
f 3674/35/4 3711/35/4 3733/35/4
f 3733/35/4 3712/35/4 3734/35/4
f 3712/29/4 3677/29/4 3735/29/4
f 3677/30/4 3713/30/4 3735/30/4
f 3713/29/4 3714/29/4 3736/29/4
f 3735/30/4 3713/30/4 3736/30/4
f 3716/29/4 3682/29/4 3737/29/4
f 3682/30/4 3717/30/4 3737/30/4
f 3717/29/4 3718/29/4 3738/29/4
f 3737/30/4 3717/30/4 3738/30/4
f 3686/32/4 3648/32/4 3739/32/4
f 3685/32/4 3686/32/4 3739/32/4
f 3648/27/4 3719/27/4 3739/27/4
f 3721/27/4 3722/27/4 3739/27/4
f 3720/27/4 3721/27/4 3739/27/4
f 3719/27/4 3720/27/4 3739/27/4
f 3739/27/4 3722/27/4 3740/27/4
f 3740/27/4 3722/27/4 3741/27/4
f 3741/27/4 3722/27/4 3742/27/4
f 3694/40/4 3653/40/4 3743/40/4
f 3653/41/4 3695/41/4 3743/41/4
f 3695/28/4 3696/28/4 3744/28/4
f 3743/41/4 3695/41/4 3744/41/4
f 3698/28/4 3656/28/4 3745/28/4
f 3697/28/4 3698/28/4 3745/28/4
f 3656/27/4 3657/27/4 3746/27/4
f 3745/28/4 3656/28/4 3746/28/4
f 3657/32/4 3658/32/4 3747/32/4
f 3746/27/4 3657/27/4 3747/27/4
f 3725/30/4 3701/30/4 3748/30/4
f 3724/30/4 3725/30/4 3748/30/4
f 3726/28/4 3727/28/4 3748/28/4
f 3701/28/4 3726/28/4 3748/28/4
f 3727/32/4 3728/32/4 3749/32/4
f 3748/28/4 3727/28/4 3749/28/4
f 3666/28/4 3730/28/4 3750/28/4
f 3665/32/4 3666/32/4 3750/32/4
f 3730/29/4 3731/29/4 3751/29/4
f 3750/28/4 3730/28/4 3751/28/4
f 3709/32/4 3710/32/4 3752/32/4
f 3733/30/4 3734/30/4 3752/30/4
f 3710/30/4 3733/30/4 3752/30/4
f 3734/35/4 3712/35/4 3753/35/4
f 3752/30/4 3734/30/4 3753/30/4
f 3712/29/4 3735/29/4 3754/29/4
f 3753/35/4 3712/35/4 3754/35/4
f 3735/29/4 3736/29/4 3754/29/4
f 3754/29/4 3736/29/4 3755/29/4
f 3736/29/4 3714/29/4 3756/29/4
f 3755/29/4 3736/29/4 3756/29/4
f 3714/32/4 3715/32/4 3757/32/4
f 3756/29/4 3714/29/4 3757/29/4
f 3715/30/4 3716/30/4 3758/30/4
f 3757/32/4 3715/32/4 3758/32/4
f 3737/29/4 3738/29/4 3759/29/4
f 3758/30/4 3716/30/4 3759/30/4
f 3716/29/4 3737/29/4 3759/29/4
f 3759/29/4 3738/29/4 3760/29/4
f 3760/29/4 3738/29/4 3761/29/4
f 3738/29/4 3718/29/4 3762/29/4
f 3761/29/4 3738/29/4 3762/29/4
f 3718/29/4 3684/29/4 3762/29/4
f 3762/29/4 3684/29/4 3763/29/4
f 3740/27/4 3741/27/4 3764/27/4
f 3739/32/4 3740/32/4 3764/32/4
f 3741/32/4 3742/32/4 3765/32/4
f 3764/27/4 3741/27/4 3765/27/4
f 3696/30/4 3697/30/4 3766/30/4
f 3744/28/4 3696/28/4 3766/28/4
f 3697/28/4 3745/28/4 3767/28/4
f 3766/30/4 3697/30/4 3767/30/4
f 3658/28/4 3724/28/4 3768/28/4
f 3724/30/4 3748/30/4 3769/30/4
f 3768/28/4 3724/28/4 3769/28/4
f 3749/32/4 3728/32/4 3770/32/4
f 3748/32/4 3749/32/4 3770/32/4
f 3728/28/4 3729/28/4 3770/28/4
f 3729/28/4 3665/28/4 3771/28/4
f 3770/28/4 3729/28/4 3771/28/4
f 3760/38/4 3761/38/4 3772/38/4
f 3759/30/4 3760/30/4 3772/30/4
f 3761/29/4 3762/29/4 3773/29/4
f 3772/38/4 3761/38/4 3773/38/4
f 3762/38/4 3763/38/4 3774/38/4
f 3773/29/4 3762/29/4 3774/29/4
f 3763/29/4 3684/29/4 3775/29/4
f 3774/38/4 3763/38/4 3775/38/4
f 3684/29/4 3644/29/4 3776/29/4
f 3775/29/4 3684/29/4 3776/29/4
f 3644/33/4 3645/33/4 3777/33/4
f 3776/29/4 3644/29/4 3777/29/4
f 3742/27/4 3722/27/4 3778/27/4
f 3722/30/4 3723/30/4 3778/30/4
f 3723/28/4 3692/28/4 3779/28/4
f 3778/30/4 3723/30/4 3779/30/4
f 3747/32/4 3658/32/4 3780/32/4
f 3746/32/4 3747/32/4 3780/32/4
f 3658/28/4 3768/28/4 3780/28/4
f 3768/30/4 3769/30/4 3781/30/4
f 3780/28/4 3768/28/4 3781/28/4
f 3751/29/4 3731/29/4 3782/29/4
f 3750/29/4 3751/29/4 3782/29/4
f 3731/35/4 3732/35/4 3783/35/4
f 3782/29/4 3731/29/4 3783/29/4
f 3732/32/4 3707/32/4 3784/32/4
f 3783/35/4 3732/35/4 3784/35/4
f 3784/32/4 3707/32/4 3785/32/4
f 3707/35/4 3708/35/4 3786/35/4
f 3785/32/4 3707/32/4 3786/32/4
f 3709/32/4 3752/32/4 3787/32/4
f 3752/32/4 3753/32/4 3787/32/4
f 3632/32/4 3671/32/4 3787/32/4
f 3671/32/4 3709/32/4 3787/32/4
f 3753/32/4 3754/32/4 3787/32/4
f 3787/32/4 3754/32/4 3788/32/4
f 3788/32/4 3754/32/4 3789/32/4
f 3789/32/4 3754/32/4 3790/32/4
f 3754/35/4 3755/35/4 3791/35/4
f 3790/32/4 3754/32/4 3791/32/4
f 3755/29/4 3756/29/4 3792/29/4
f 3791/35/4 3755/35/4 3792/35/4
f 3757/32/4 3758/32/4 3793/32/4
f 3792/29/4 3756/29/4 3793/29/4
f 3758/32/4 3759/32/4 3793/32/4
f 3756/32/4 3757/32/4 3793/32/4
f 3775/29/4 3776/29/4 3794/29/4
f 3774/29/4 3775/29/4 3794/29/4
f 3759/30/4 3772/30/4 3794/30/4
f 3773/29/4 3774/29/4 3794/29/4
f 3772/29/4 3773/29/4 3794/29/4
f 3794/29/4 3776/29/4 3795/29/4
f 3795/29/4 3776/29/4 3796/29/4
f 3796/29/4 3776/29/4 3797/29/4
f 3765/32/4 3742/32/4 3798/32/4
f 3764/32/4 3765/32/4 3798/32/4
f 3742/27/4 3778/27/4 3798/27/4
f 3778/28/4 3779/28/4 3799/28/4
f 3798/27/4 3778/27/4 3799/27/4
f 3779/28/4 3692/28/4 3800/28/4
f 3799/28/4 3779/28/4 3800/28/4
f 3692/30/4 3693/30/4 3801/30/4
f 3800/28/4 3692/28/4 3801/28/4
f 3801/30/4 3693/30/4 3802/30/4
f 3693/28/4 3694/28/4 3803/28/4
f 3694/40/4 3743/40/4 3803/40/4
f 3743/39/4 3744/39/4 3804/39/4
f 3803/40/4 3743/40/4 3804/40/4
f 3769/30/4 3748/30/4 3805/30/4
f 3781/30/4 3769/30/4 3805/30/4
f 3805/30/4 3748/30/4 3806/30/4
f 3771/28/4 3665/28/4 3807/28/4
f 3770/32/4 3771/32/4 3807/32/4
f 3665/32/4 3750/32/4 3808/32/4
f 3807/28/4 3665/28/4 3808/28/4
f 3750/29/4 3782/29/4 3809/29/4
f 3808/32/4 3750/32/4 3809/32/4
f 3782/35/4 3783/35/4 3810/35/4
f 3809/29/4 3782/29/4 3810/29/4
f 3787/29/4 3788/29/4 3811/29/4
f 3788/32/4 3789/32/4 3811/32/4
f 3789/35/4 3790/35/4 3812/35/4
f 3811/32/4 3789/32/4 3812/32/4
f 3790/32/4 3791/32/4 3813/32/4
f 3812/35/4 3790/35/4 3813/35/4
f 3791/32/4 3792/32/4 3813/32/4
f 3813/32/4 3792/32/4 3814/32/4
f 3793/32/4 3759/32/4 3815/32/4
f 3759/30/4 3794/30/4 3815/30/4
f 3794/30/4 3795/30/4 3815/30/4
f 3815/30/4 3795/30/4 3816/30/4
f 3795/29/4 3796/29/4 3817/29/4
f 3816/30/4 3795/30/4 3817/30/4
f 3817/29/4 3796/29/4 3818/29/4
f 3796/38/4 3797/38/4 3819/38/4
f 3818/29/4 3796/29/4 3819/29/4
f 3797/29/4 3776/29/4 3820/29/4
f 3819/38/4 3797/38/4 3820/38/4
f 3799/30/4 3800/30/4 3821/30/4
f 3798/30/4 3799/30/4 3821/30/4
f 3764/32/4 3798/32/4 3821/32/4
f 3821/30/4 3800/30/4 3822/30/4
f 3801/28/4 3802/28/4 3823/28/4
f 3822/30/4 3800/30/4 3823/30/4
f 3800/28/4 3801/28/4 3823/28/4
f 3802/30/4 3693/30/4 3824/30/4
f 3823/28/4 3802/28/4 3824/28/4
f 3693/28/4 3803/28/4 3825/28/4
f 3824/30/4 3693/30/4 3825/30/4
f 3770/32/4 3807/32/4 3826/32/4
f 3748/32/4 3770/32/4 3826/32/4
f 3808/32/4 3809/32/4 3826/32/4
f 3807/32/4 3808/32/4 3826/32/4
f 3826/32/4 3809/32/4 3827/32/4
f 3809/28/4 3810/28/4 3828/28/4
f 3827/32/4 3809/32/4 3828/32/4
f 3810/35/4 3783/35/4 3829/35/4
f 3828/28/4 3810/28/4 3829/28/4
f 3783/29/4 3784/29/4 3830/29/4
f 3829/35/4 3783/35/4 3830/35/4
f 3784/32/4 3785/32/4 3831/32/4
f 3830/29/4 3784/29/4 3831/29/4
f 3785/35/4 3786/35/4 3832/35/4
f 3831/32/4 3785/32/4 3832/32/4
f 3786/35/4 3708/35/4 3833/35/4
f 3832/35/4 3786/35/4 3833/35/4
f 3787/29/4 3811/29/4 3834/29/4
f 3811/29/4 3812/29/4 3834/29/4
f 3632/32/4 3787/32/4 3834/32/4
f 3834/29/4 3812/29/4 3835/29/4
f 3812/32/4 3813/32/4 3836/32/4
f 3835/29/4 3812/29/4 3836/29/4
f 3813/35/4 3814/35/4 3837/35/4
f 3836/32/4 3813/32/4 3837/32/4
f 3814/32/4 3792/32/4 3838/32/4
f 3837/35/4 3814/35/4 3838/35/4
f 3838/32/4 3792/32/4 3839/32/4
f 3817/38/4 3818/38/4 3840/38/4
f 3816/30/4 3817/30/4 3840/30/4
f 3818/29/4 3819/29/4 3841/29/4
f 3840/38/4 3818/38/4 3841/38/4
f 3819/29/4 3820/29/4 3841/29/4
f 3764/32/4 3821/32/4 3842/32/4
f 3739/32/4 3764/32/4 3842/32/4
f 3821/32/4 3822/32/4 3842/32/4
f 3842/32/4 3822/32/4 3843/32/4
f 3781/30/4 3805/30/4 3844/30/4
f 3805/39/4 3806/39/4 3844/39/4
f 3806/30/4 3748/30/4 3845/30/4
f 3844/39/4 3806/39/4 3845/39/4
f 3748/32/4 3826/32/4 3846/32/4
f 3826/30/4 3827/30/4 3847/30/4
f 3846/32/4 3826/32/4 3847/32/4
f 3827/32/4 3828/32/4 3848/32/4
f 3847/30/4 3827/30/4 3848/30/4
f 3848/32/4 3828/32/4 3849/32/4
f 3828/35/4 3829/35/4 3850/35/4
f 3849/32/4 3828/32/4 3850/32/4
f 3829/29/4 3830/29/4 3851/29/4
f 3850/35/4 3829/35/4 3851/35/4
f 3831/32/4 3832/32/4 3852/32/4
f 3851/29/4 3830/29/4 3852/29/4
f 3830/32/4 3831/32/4 3852/32/4
f 3832/32/4 3833/32/4 3852/32/4
f 3792/35/4 3793/35/4 3853/35/4
f 3839/32/4 3792/32/4 3853/32/4
f 3793/32/4 3815/32/4 3854/32/4
f 3853/35/4 3793/35/4 3854/35/4
f 3815/32/4 3816/32/4 3854/32/4
f 3854/32/4 3816/32/4 3855/32/4
f 3855/32/4 3816/32/4 3856/32/4
f 3816/30/4 3840/30/4 3857/30/4
f 3856/32/4 3816/32/4 3857/32/4
f 3840/29/4 3841/29/4 3858/29/4
f 3857/30/4 3840/30/4 3858/30/4
f 3645/32/4 3685/32/4 3859/32/4
f 3685/32/4 3739/32/4 3859/32/4
f 3777/33/4 3645/33/4 3859/33/4
f 3739/32/4 3842/32/4 3859/32/4
f 3776/33/4 3777/33/4 3859/33/4
f 3859/32/4 3842/32/4 3860/32/4
f 3842/28/4 3843/28/4 3861/28/4
f 3860/32/4 3842/32/4 3861/32/4
f 3861/28/4 3843/28/4 3862/28/4
f 3824/28/4 3825/28/4 3863/28/4
f 3823/28/4 3824/28/4 3863/28/4
f 3825/28/4 3803/28/4 3864/28/4
f 3863/28/4 3825/28/4 3864/28/4
f 3844/41/4 3845/41/4 3865/41/4
f 3781/30/4 3844/30/4 3865/30/4
f 3845/30/4 3748/30/4 3866/30/4
f 3865/41/4 3845/41/4 3866/41/4
f 3847/30/4 3848/30/4 3867/30/4
f 3846/30/4 3847/30/4 3867/30/4
f 3848/30/4 3849/30/4 3867/30/4
f 3849/32/4 3850/32/4 3868/32/4
f 3867/30/4 3849/30/4 3868/30/4
f 3850/32/4 3851/32/4 3868/32/4
f 3851/32/4 3852/32/4 3868/32/4
f 3868/32/4 3852/32/4 3869/32/4
f 3869/32/4 3852/32/4 3870/32/4
f 3852/32/4 3833/32/4 3871/32/4
f 3870/32/4 3852/32/4 3871/32/4
f 3833/35/4 3708/35/4 3872/35/4
f 3871/32/4 3833/32/4 3872/32/4
f 3708/29/4 3631/29/4 3873/29/4
f 3872/35/4 3708/35/4 3873/35/4
f 3837/32/4 3838/32/4 3874/32/4
f 3838/35/4 3839/35/4 3874/35/4
f 3839/32/4 3853/32/4 3875/32/4
f 3874/35/4 3839/35/4 3875/35/4
f 3853/32/4 3854/32/4 3875/32/4
f 3875/32/4 3854/32/4 3876/32/4
f 3855/32/4 3856/32/4 3877/32/4
f 3856/33/4 3857/33/4 3878/33/4
f 3877/32/4 3856/32/4 3878/32/4
f 3857/31/4 3858/31/4 3879/31/4
f 3878/33/4 3857/33/4 3879/33/4
f 3858/29/4 3841/29/4 3880/29/4
f 3879/31/4 3858/31/4 3880/31/4
f 3841/29/4 3820/29/4 3881/29/4
f 3880/29/4 3841/29/4 3881/29/4
f 3776/33/4 3859/33/4 3882/33/4
f 3881/29/4 3820/29/4 3882/29/4
f 3859/33/4 3860/33/4 3882/33/4
f 3820/29/4 3776/29/4 3882/29/4
f 3862/28/4 3843/28/4 3883/28/4
f 3861/32/4 3862/32/4 3883/32/4
f 3860/32/4 3861/32/4 3883/32/4
f 3843/32/4 3822/32/4 3884/32/4
f 3883/28/4 3843/28/4 3884/28/4
f 3822/27/4 3823/27/4 3885/27/4
f 3884/32/4 3822/32/4 3885/32/4
f 3823/28/4 3863/28/4 3886/28/4
f 3885/27/4 3823/27/4 3886/27/4
f 3804/39/4 3744/39/4 3887/39/4
f 3744/28/4 3766/28/4 3887/28/4
f 3766/28/4 3767/28/4 3887/28/4
f 3887/28/4 3767/28/4 3888/28/4
f 3780/32/4 3781/32/4 3889/32/4
f 3746/32/4 3780/32/4 3889/32/4
f 3889/32/4 3781/32/4 3890/32/4
f 3866/30/4 3748/30/4 3891/30/4
f 3865/40/4 3866/40/4 3891/40/4
f 3748/32/4 3846/32/4 3892/32/4
f 3891/30/4 3748/30/4 3892/30/4
f 3869/32/4 3870/32/4 3893/32/4
f 3868/30/4 3869/30/4 3893/30/4
f 3893/32/4 3870/32/4 3894/32/4
f 3870/30/4 3871/30/4 3895/30/4
f 3894/32/4 3870/32/4 3895/32/4
f 3895/30/4 3871/30/4 3896/30/4
f 3836/29/4 3837/29/4 3897/29/4
f 3835/29/4 3836/29/4 3897/29/4
f 3834/30/4 3835/30/4 3897/30/4
f 3897/29/4 3837/29/4 3898/29/4
f 3875/35/4 3876/35/4 3899/35/4
f 3876/32/4 3854/32/4 3899/32/4
f 3854/35/4 3855/35/4 3900/35/4
f 3899/32/4 3854/32/4 3900/32/4
f 3855/32/4 3877/32/4 3901/32/4
f 3900/35/4 3855/35/4 3901/35/4
f 3901/32/4 3877/32/4 3902/32/4
f 3879/33/4 3880/33/4 3903/33/4
f 3878/33/4 3879/33/4 3903/33/4
f 3877/30/4 3878/30/4 3903/30/4
f 3903/33/4 3880/33/4 3904/33/4
f 3880/29/4 3881/29/4 3905/29/4
f 3904/33/4 3880/33/4 3905/33/4
f 3905/29/4 3881/29/4 3906/29/4
f 3884/32/4 3885/32/4 3907/32/4
f 3883/32/4 3884/32/4 3907/32/4
f 3885/28/4 3886/28/4 3908/28/4
f 3907/32/4 3885/32/4 3908/32/4
f 3886/28/4 3863/28/4 3909/28/4
f 3908/28/4 3886/28/4 3909/28/4
f 3909/28/4 3863/28/4 3910/28/4
f 3781/30/4 3865/30/4 3911/30/4
f 3865/40/4 3891/40/4 3911/40/4
f 3891/27/4 3892/27/4 3912/27/4
f 3911/40/4 3891/40/4 3912/40/4
f 3893/30/4 3894/30/4 3913/30/4
f 3867/29/4 3868/29/4 3913/29/4
f 3868/30/4 3893/30/4 3913/30/4
f 3913/30/4 3894/30/4 3914/30/4
f 3914/30/4 3894/30/4 3915/30/4
f 3895/29/4 3896/29/4 3916/29/4
f 3915/30/4 3894/30/4 3916/30/4
f 3894/29/4 3895/29/4 3916/29/4
f 3916/29/4 3896/29/4 3917/29/4
f 3917/29/4 3896/29/4 3918/29/4
f 3896/30/4 3871/30/4 3919/30/4
f 3918/29/4 3896/29/4 3919/29/4
f 3919/30/4 3871/30/4 3920/30/4
f 3920/30/4 3871/30/4 3921/30/4
f 3921/30/4 3871/30/4 3922/30/4
f 3897/30/4 3898/30/4 3923/30/4
f 3632/32/4 3834/32/4 3923/32/4
f 3834/30/4 3897/30/4 3923/30/4
f 3923/30/4 3898/30/4 3924/30/4
f 3898/29/4 3837/29/4 3925/29/4
f 3924/30/4 3898/30/4 3925/30/4
f 3837/32/4 3874/32/4 3926/32/4
f 3925/29/4 3837/29/4 3926/29/4
f 3874/32/4 3875/32/4 3926/32/4
f 3875/35/4 3899/35/4 3927/35/4
f 3926/32/4 3875/32/4 3927/32/4
f 3900/29/4 3901/29/4 3928/29/4
f 3927/35/4 3899/35/4 3928/35/4
f 3899/29/4 3900/29/4 3928/29/4
f 3928/29/4 3901/29/4 3929/29/4
f 3901/35/4 3902/35/4 3930/35/4
f 3929/29/4 3901/29/4 3930/29/4
f 3903/30/4 3904/30/4 3931/30/4
f 3877/30/4 3903/30/4 3931/30/4
f 3904/33/4 3905/33/4 3932/33/4
f 3931/30/4 3904/30/4 3932/30/4
f 3905/31/4 3906/31/4 3933/31/4
f 3932/33/4 3905/33/4 3933/33/4
f 3906/29/4 3881/29/4 3934/29/4
f 3933/31/4 3906/31/4 3934/31/4
f 3934/29/4 3881/29/4 3935/29/4
f 3882/33/4 3860/33/4 3936/33/4
f 3881/33/4 3882/33/4 3936/33/4
f 3860/32/4 3883/32/4 3937/32/4
f 3936/33/4 3860/33/4 3937/33/4
f 3883/32/4 3907/32/4 3937/32/4
f 3803/41/4 3804/41/4 3938/41/4
f 3864/28/4 3803/28/4 3938/28/4
f 3804/39/4 3887/39/4 3939/39/4
f 3938/41/4 3804/41/4 3939/41/4
f 3912/27/4 3892/27/4 3940/27/4
f 3892/32/4 3846/32/4 3940/32/4
f 3846/30/4 3867/30/4 3941/30/4
f 3940/32/4 3846/32/4 3941/32/4
f 3867/29/4 3913/29/4 3942/29/4
f 3941/30/4 3867/30/4 3942/30/4
f 3913/40/4 3914/40/4 3943/40/4
f 3942/29/4 3913/29/4 3943/29/4
f 3914/41/4 3915/41/4 3944/41/4
f 3943/40/4 3914/40/4 3944/40/4
f 3915/29/4 3916/29/4 3945/29/4
f 3944/41/4 3915/41/4 3945/41/4
f 3916/29/4 3917/29/4 3945/29/4
f 3917/39/4 3918/39/4 3946/39/4
f 3945/29/4 3917/29/4 3946/29/4
f 3919/40/4 3920/40/4 3947/40/4
f 3946/39/4 3918/39/4 3947/39/4
f 3918/40/4 3919/40/4 3947/40/4
f 3920/41/4 3921/41/4 3948/41/4
f 3947/40/4 3920/40/4 3948/40/4
f 3921/39/4 3922/39/4 3949/39/4
f 3948/41/4 3921/41/4 3949/41/4
f 3922/30/4 3871/30/4 3950/30/4
f 3949/39/4 3922/39/4 3950/39/4
f 3924/30/4 3925/30/4 3951/30/4
f 3925/35/4 3926/35/4 3951/35/4
f 3926/32/4 3927/32/4 3952/32/4
f 3951/35/4 3926/35/4 3952/35/4
f 3927/32/4 3928/32/4 3952/32/4
f 3952/32/4 3928/32/4 3953/32/4
f 3930/35/4 3902/35/4 3954/35/4
f 3929/30/4 3930/30/4 3954/30/4
f 3902/32/4 3877/32/4 3955/32/4
f 3954/35/4 3902/35/4 3955/35/4
f 3932/33/4 3933/33/4 3956/33/4
f 3931/29/4 3932/29/4 3956/29/4
f 3933/33/4 3934/33/4 3956/33/4
f 3956/33/4 3934/33/4 3957/33/4
f 3934/31/4 3935/31/4 3958/31/4
f 3957/33/4 3934/33/4 3958/33/4
f 3935/29/4 3881/29/4 3959/29/4
f 3958/31/4 3935/31/4 3959/31/4
f 3881/33/4 3936/33/4 3960/33/4
f 3959/29/4 3881/29/4 3960/29/4
f 3863/30/4 3864/30/4 3961/30/4
f 3864/28/4 3938/28/4 3961/28/4
f 3938/40/4 3939/40/4 3962/40/4
f 3961/28/4 3938/28/4 3962/28/4
f 3912/27/4 3940/27/4 3963/27/4
f 3940/30/4 3941/30/4 3963/30/4
f 3942/29/4 3943/29/4 3964/29/4
f 3963/30/4 3941/30/4 3964/30/4
f 3941/29/4 3942/29/4 3964/29/4
f 3964/29/4 3943/29/4 3965/29/4
f 3944/29/4 3945/29/4 3966/29/4
f 3949/29/4 3950/29/4 3966/29/4
f 3948/29/4 3949/29/4 3966/29/4
f 3947/29/4 3948/29/4 3966/29/4
f 3943/30/4 3944/30/4 3966/30/4
f 3945/29/4 3946/29/4 3966/29/4
f 3946/29/4 3947/29/4 3966/29/4
f 3966/29/4 3950/29/4 3967/29/4
f 3967/29/4 3950/29/4 3968/29/4
f 3968/29/4 3950/29/4 3969/29/4
f 3969/29/4 3950/29/4 3970/29/4
f 3970/29/4 3950/29/4 3971/29/4
f 3950/30/4 3871/30/4 3972/30/4
f 3971/29/4 3950/29/4 3972/29/4
f 3871/35/4 3872/35/4 3973/35/4
f 3972/30/4 3871/30/4 3973/30/4
f 3872/32/4 3873/32/4 3974/32/4
f 3973/35/4 3872/35/4 3974/35/4
f 3873/29/4 3631/29/4 3975/29/4
f 3974/32/4 3873/32/4 3975/32/4
f 3923/32/4 3924/32/4 3976/32/4
f 3924/30/4 3951/30/4 3976/30/4
f 3951/30/4 3952/30/4 3976/30/4
f 3952/35/4 3953/35/4 3977/35/4
f 3976/30/4 3952/30/4 3977/30/4
f 3955/32/4 3877/32/4 3978/32/4
f 3954/29/4 3955/29/4 3978/29/4
f 3877/30/4 3931/30/4 3979/30/4
f 3978/32/4 3877/32/4 3979/32/4
f 3957/31/4 3958/31/4 3980/31/4
f 3958/31/4 3959/31/4 3980/31/4
f 3956/29/4 3957/29/4 3980/29/4
f 3980/31/4 3959/31/4 3981/31/4
f 3962/40/4 3939/40/4 3982/40/4
f 3961/30/4 3962/30/4 3982/30/4
f 3939/39/4 3887/39/4 3983/39/4
f 3982/40/4 3939/40/4 3983/40/4
f 3887/38/4 3888/38/4 3984/38/4
f 3983/39/4 3887/39/4 3984/39/4
f 3888/28/4 3767/28/4 3985/28/4
f 3984/38/4 3888/38/4 3985/38/4
f 3767/28/4 3745/28/4 3986/28/4
f 3985/28/4 3767/28/4 3986/28/4
f 3745/27/4 3746/27/4 3987/27/4
f 3986/28/4 3745/28/4 3987/28/4
f 3746/32/4 3889/32/4 3988/32/4
f 3987/27/4 3746/27/4 3988/27/4
f 3943/30/4 3966/30/4 3989/30/4
f 3966/30/4 3967/30/4 3989/30/4
f 3967/29/4 3968/29/4 3990/29/4
f 3989/30/4 3967/30/4 3990/30/4
f 3968/28/4 3969/28/4 3991/28/4
f 3990/29/4 3968/29/4 3991/29/4
f 3969/29/4 3970/29/4 3992/29/4
f 3991/28/4 3969/28/4 3992/28/4
f 3970/28/4 3971/28/4 3993/28/4
f 3992/29/4 3970/29/4 3993/29/4
f 3971/29/4 3972/29/4 3994/29/4
f 3993/28/4 3971/28/4 3994/28/4
f 3977/35/4 3953/35/4 3995/35/4
f 3976/32/4 3977/32/4 3995/32/4
f 3953/32/4 3928/32/4 3996/32/4
f 3995/35/4 3953/35/4 3996/35/4
f 3996/32/4 3928/32/4 3997/32/4
f 3928/35/4 3929/35/4 3998/35/4
f 3997/32/4 3928/32/4 3998/32/4
f 3929/30/4 3954/30/4 3999/30/4
f 3998/35/4 3929/35/4 3999/35/4
f 3954/29/4 3978/29/4 4000/29/4
f 3999/30/4 3954/30/4 4000/30/4
f 3978/35/4 3979/35/4 4001/35/4
f 4000/29/4 3978/29/4 4001/29/4
f 3979/30/4 3931/30/4 4002/30/4
f 4001/35/4 3979/35/4 4002/35/4
f 3931/29/4 3956/29/4 4003/29/4
f 4002/30/4 3931/30/4 4003/30/4
f 3980/29/4 3981/29/4 4003/29/4
f 3956/29/4 3980/29/4 4003/29/4
f 4003/29/4 3981/29/4 4004/29/4
f 3981/31/4 3959/31/4 4005/31/4
f 4004/29/4 3981/29/4 4005/29/4
f 3959/33/4 3960/33/4 4006/33/4
f 4005/31/4 3959/31/4 4006/31/4
f 3961/30/4 3982/30/4 4007/30/4
f 3863/30/4 3961/30/4 4007/30/4
f 3983/28/4 3984/28/4 4008/28/4
f 4007/30/4 3982/30/4 4008/30/4
f 3985/28/4 3986/28/4 4008/28/4
f 3984/28/4 3985/28/4 4008/28/4
f 3982/28/4 3983/28/4 4008/28/4
f 3781/30/4 3911/30/4 4009/30/4
f 3911/30/4 3912/30/4 4009/30/4
f 3912/27/4 3963/27/4 4010/27/4
f 4009/30/4 3912/30/4 4010/30/4
f 3965/29/4 3943/29/4 4011/29/4
f 3964/30/4 3965/30/4 4011/30/4
f 3943/30/4 3989/30/4 4012/30/4
f 4011/29/4 3943/29/4 4012/29/4
f 4012/30/4 3989/30/4 4013/30/4
f 3992/29/4 3993/29/4 4014/29/4
f 4013/30/4 3989/30/4 4014/30/4
f 3991/29/4 3992/29/4 4014/29/4
f 3993/29/4 3994/29/4 4014/29/4
f 3990/29/4 3991/29/4 4014/29/4
f 3989/29/4 3990/29/4 4014/29/4
f 4014/29/4 3994/29/4 4015/29/4
f 4015/29/4 3994/29/4 4016/29/4
f 4016/29/4 3994/29/4 4017/29/4
f 4017/29/4 3994/29/4 4018/29/4
f 3994/29/4 3972/29/4 4019/29/4
f 4018/29/4 3994/29/4 4019/29/4
f 4000/29/4 4001/29/4 4020/29/4
f 4002/29/4 4003/29/4 4020/29/4
f 4001/29/4 4002/29/4 4020/29/4
f 4003/30/4 4004/30/4 4021/30/4
f 4020/29/4 4003/29/4 4021/29/4
f 4005/29/4 4006/29/4 4022/29/4
f 4021/30/4 4004/30/4 4022/30/4
f 4004/29/4 4005/29/4 4022/29/4
f 4022/29/4 4006/29/4 4023/29/4
f 3907/28/4 3908/28/4 4024/28/4
f 3937/32/4 3907/32/4 4024/32/4
f 3908/32/4 3909/32/4 4025/32/4
f 4024/28/4 3908/28/4 4025/28/4
f 4008/28/4 3986/28/4 4026/28/4
f 4007/28/4 4008/28/4 4026/28/4
f 4026/28/4 3986/28/4 4027/28/4
f 4027/28/4 3986/28/4 4028/28/4
f 3987/32/4 3988/32/4 4029/32/4
f 3986/27/4 3987/27/4 4029/27/4
f 3988/32/4 3889/32/4 4030/32/4
f 4029/32/4 3988/32/4 4030/32/4
f 4009/39/4 4010/39/4 4031/39/4
f 3781/30/4 4009/30/4 4031/30/4
f 4010/27/4 3963/27/4 4032/27/4
f 4031/39/4 4010/39/4 4032/39/4
f 4012/30/4 4013/30/4 4033/30/4
f 4011/30/4 4012/30/4 4033/30/4
f 3963/32/4 3964/32/4 4033/32/4
f 3964/30/4 4011/30/4 4033/30/4
f 4033/30/4 4013/30/4 4034/30/4
f 4013/40/4 4014/40/4 4035/40/4
f 4034/30/4 4013/30/4 4035/30/4
f 4014/40/4 4015/40/4 4035/40/4
f 4035/40/4 4015/40/4 4036/40/4
f 4015/39/4 4016/39/4 4037/39/4
f 4036/40/4 4015/40/4 4037/40/4
f 4016/40/4 4017/40/4 4038/40/4
f 4037/39/4 4016/39/4 4038/39/4
f 4017/41/4 4018/41/4 4039/41/4
f 4038/40/4 4017/40/4 4039/40/4
f 4018/39/4 4019/39/4 4040/39/4
f 4039/41/4 4018/41/4 4040/41/4
f 4019/29/4 3972/29/4 4041/29/4
f 4040/39/4 4019/39/4 4041/39/4
f 3972/35/4 3973/35/4 4042/35/4
f 4041/29/4 3972/29/4 4042/29/4
f 3973/32/4 3974/32/4 4043/32/4
f 4042/35/4 3973/35/4 4043/35/4
f 3996/35/4 3997/35/4 4044/35/4
f 3995/32/4 3996/32/4 4044/32/4
f 3997/32/4 3998/32/4 4045/32/4
f 4044/35/4 3997/35/4 4045/35/4
f 3998/32/4 3999/32/4 4045/32/4
f 4045/32/4 3999/32/4 4046/32/4
f 3999/35/4 4000/35/4 4047/35/4
f 4046/32/4 3999/32/4 4047/32/4
f 4000/29/4 4020/29/4 4048/29/4
f 4047/35/4 4000/35/4 4048/35/4
f 4048/29/4 4020/29/4 4049/29/4
f 4022/38/4 4023/38/4 4050/38/4
f 4021/30/4 4022/30/4 4050/30/4
f 4023/29/4 4006/29/4 4051/29/4
f 4050/38/4 4023/38/4 4051/38/4
f 4026/40/4 4027/40/4 4052/40/4
f 4007/28/4 4026/28/4 4052/28/4
f 4027/41/4 4028/41/4 4053/41/4
f 4052/40/4 4027/40/4 4053/40/4
f 3986/27/4 4029/27/4 4054/27/4
f 4029/27/4 4030/27/4 4054/27/4
f 4028/28/4 3986/28/4 4054/28/4
f 4054/27/4 4030/27/4 4055/27/4
f 4035/29/4 4036/29/4 4056/29/4
f 4037/28/4 4038/28/4 4057/28/4
f 4056/29/4 4036/29/4 4057/29/4
f 4036/28/4 4037/28/4 4057/28/4
f 4057/28/4 4038/28/4 4058/28/4
f 4039/29/4 4040/29/4 4059/29/4
f 4058/28/4 4038/28/4 4059/28/4
f 4038/29/4 4039/29/4 4059/29/4
f 4040/29/4 4041/29/4 4059/29/4
f 4059/29/4 4041/29/4 4060/29/4
f 4043/32/4 3974/32/4 4061/32/4
f 4042/32/4 4043/32/4 4061/32/4
f 3974/35/4 3975/35/4 4062/35/4
f 4061/32/4 3974/32/4 4062/32/4
f 3975/29/4 3631/29/4 4063/29/4
f 4062/35/4 3975/35/4 4063/35/4
f 3976/32/4 3995/32/4 4064/32/4
f 3995/32/4 4044/32/4 4064/32/4
f 3632/32/4 3923/32/4 4064/32/4
f 3923/32/4 3976/32/4 4064/32/4
f 4064/32/4 4044/32/4 4065/32/4
f 4045/35/4 4046/35/4 4066/35/4
f 4044/30/4 4045/30/4 4066/30/4
f 4046/32/4 4047/32/4 4067/32/4
f 4066/35/4 4046/35/4 4067/35/4
f 4047/32/4 4048/32/4 4067/32/4
f 4051/29/4 4006/29/4 4068/29/4
f 4050/29/4 4051/29/4 4068/29/4
f 4068/29/4 4006/29/4 4069/29/4
f 4052/39/4 4053/39/4 4070/39/4
f 4007/28/4 4052/28/4 4070/28/4
f 4053/41/4 4028/41/4 4071/41/4
f 4070/39/4 4053/39/4 4071/39/4
f 4054/28/4 4055/28/4 4072/28/4
f 4071/41/4 4028/41/4 4072/41/4
f 4028/28/4 4054/28/4 4072/28/4
f 4072/28/4 4055/28/4 4073/28/4
f 4055/27/4 4030/27/4 4074/27/4
f 4073/28/4 4055/28/4 4074/28/4
f 4031/30/4 4032/30/4 4075/30/4
f 3781/30/4 4031/30/4 4075/30/4
f 4032/27/4 3963/27/4 4076/27/4
f 4075/30/4 4032/30/4 4076/30/4
f 4033/32/4 4034/32/4 4077/32/4
f 4076/27/4 3963/27/4 4077/27/4
f 3963/32/4 4033/32/4 4077/32/4
f 4034/30/4 4035/30/4 4078/30/4
f 4077/32/4 4034/32/4 4078/32/4
f 4078/30/4 4035/30/4 4079/30/4
f 4079/30/4 4035/30/4 4080/30/4
f 4035/29/4 4056/29/4 4081/29/4
f 4080/30/4 4035/30/4 4081/30/4
f 4081/29/4 4056/29/4 4082/29/4
f 4056/28/4 4057/28/4 4083/28/4
f 4082/29/4 4056/29/4 4083/29/4
f 4057/29/4 4058/29/4 4084/29/4
f 4083/28/4 4057/28/4 4084/28/4
f 4058/28/4 4059/28/4 4085/28/4
f 4084/29/4 4058/29/4 4085/29/4
f 4059/28/4 4060/28/4 4085/28/4
f 4085/28/4 4060/28/4 4086/28/4
f 4060/29/4 4041/29/4 4087/29/4
f 4086/28/4 4060/28/4 4087/28/4
f 4087/29/4 4041/29/4 4088/29/4
f 4088/29/4 4041/29/4 4089/29/4
f 4065/32/4 4044/32/4 4090/32/4
f 4064/29/4 4065/29/4 4090/29/4
f 4090/32/4 4044/32/4 4091/32/4
f 4067/32/4 4048/32/4 4092/32/4
f 4066/30/4 4067/30/4 4092/30/4
f 4092/32/4 4048/32/4 4093/32/4
f 4049/29/4 4020/29/4 4094/29/4
f 4020/35/4 4021/35/4 4094/35/4
f 4021/30/4 4050/30/4 4095/30/4
f 4094/35/4 4021/35/4 4095/35/4
f 4050/29/4 4068/29/4 4096/29/4
f 4095/30/4 4050/30/4 4096/30/4
f 4068/38/4 4069/38/4 4097/38/4
f 4096/29/4 4068/29/4 4097/29/4
f 4069/29/4 4006/29/4 4098/29/4
f 4097/38/4 4069/38/4 4098/38/4
f 4006/33/4 3960/33/4 4099/33/4
f 4098/29/4 4006/29/4 4099/29/4
f 3960/33/4 3936/33/4 4100/33/4
f 4099/33/4 3960/33/4 4100/33/4
f 4081/40/4 4082/40/4 4101/40/4
f 4080/29/4 4081/29/4 4101/29/4
f 4082/39/4 4083/39/4 4102/39/4
f 4101/40/4 4082/40/4 4102/40/4
f 4083/41/4 4084/41/4 4103/41/4
f 4102/39/4 4083/39/4 4103/39/4
f 4085/40/4 4086/40/4 4104/40/4
f 4103/41/4 4084/41/4 4104/41/4
f 4084/40/4 4085/40/4 4104/40/4
f 4104/40/4 4086/40/4 4105/40/4
f 4086/41/4 4087/41/4 4106/41/4
f 4105/40/4 4086/40/4 4106/40/4
f 4087/41/4 4088/41/4 4106/41/4
f 4088/39/4 4089/39/4 4107/39/4
f 4106/41/4 4088/41/4 4107/41/4
f 4107/39/4 4089/39/4 4108/39/4
f 4089/29/4 4041/29/4 4109/29/4
f 4108/39/4 4089/39/4 4109/39/4
f 4041/35/4 4042/35/4 4110/35/4
f 4109/29/4 4041/29/4 4110/29/4
f 4042/32/4 4061/32/4 4111/32/4
f 4110/35/4 4042/35/4 4111/35/4
f 4091/32/4 4044/32/4 4112/32/4
f 4090/29/4 4091/29/4 4112/29/4
f 4112/32/4 4044/32/4 4113/32/4
f 4093/32/4 4048/32/4 4114/32/4
f 4048/35/4 4049/35/4 4114/35/4
f 4049/29/4 4094/29/4 4115/29/4
f 4114/35/4 4049/35/4 4115/35/4
f 4097/29/4 4098/29/4 4116/29/4
f 4098/29/4 4099/29/4 4116/29/4
f 4096/29/4 4097/29/4 4116/29/4
f 4099/29/4 4100/29/4 4116/29/4
f 4095/35/4 4096/35/4 4116/35/4
f 4116/29/4 4100/29/4 4117/29/4
f 3936/31/4 3937/31/4 4118/31/4
f 4100/33/4 3936/33/4 4118/33/4
f 3937/32/4 4024/32/4 4119/32/4
f 4118/31/4 3937/31/4 4119/31/4
f 4024/32/4 4025/32/4 4119/32/4
f 4074/27/4 4030/27/4 4120/27/4
f 4073/27/4 4074/27/4 4120/27/4
f 4030/32/4 3889/32/4 4121/32/4
f 4120/27/4 4030/27/4 4121/27/4
f 3781/30/4 4075/30/4 4122/30/4
f 4075/40/4 4076/40/4 4122/40/4
f 4076/30/4 4077/30/4 4123/30/4
f 4122/40/4 4076/40/4 4123/40/4
f 4077/32/4 4078/32/4 4124/32/4
f 4078/32/4 4079/32/4 4124/32/4
f 4079/30/4 4080/30/4 4125/30/4
f 4124/32/4 4079/32/4 4125/32/4
f 4080/29/4 4101/29/4 4126/29/4
f 4125/30/4 4080/30/4 4126/30/4
f 4102/29/4 4103/29/4 4126/29/4
f 4103/29/4 4104/29/4 4126/29/4
f 4104/29/4 4105/29/4 4126/29/4
f 4101/29/4 4102/29/4 4126/29/4
f 4107/33/4 4108/33/4 4127/33/4
f 4126/29/4 4105/29/4 4127/29/4
f 4105/33/4 4106/33/4 4127/33/4
f 4106/33/4 4107/33/4 4127/33/4
f 4108/29/4 4109/29/4 4128/29/4
f 4127/33/4 4108/33/4 4128/33/4
f 4109/35/4 4110/35/4 4129/35/4
f 4128/29/4 4109/29/4 4129/29/4
f 4111/32/4 4061/32/4 4130/32/4
f 4110/32/4 4111/32/4 4130/32/4
f 4061/35/4 4062/35/4 4131/35/4
f 4130/32/4 4061/32/4 4131/32/4
f 4062/32/4 4063/32/4 4132/32/4
f 4131/35/4 4062/35/4 4132/35/4
f 4090/29/4 4112/29/4 4133/29/4
f 3632/32/4 4064/32/4 4133/32/4
f 4112/29/4 4113/29/4 4133/29/4
f 4064/29/4 4090/29/4 4133/29/4
f 4133/29/4 4113/29/4 4134/29/4
f 4092/35/4 4093/35/4 4135/35/4
f 4066/30/4 4092/30/4 4135/30/4
f 4093/32/4 4114/32/4 4136/32/4
f 4135/35/4 4093/35/4 4136/35/4
f 4114/32/4 4115/32/4 4136/32/4
f 4136/32/4 4115/32/4 4137/32/4
f 4115/29/4 4094/29/4 4138/29/4
f 4137/32/4 4115/32/4 4138/32/4
f 4094/31/4 4095/31/4 4139/31/4
f 4138/29/4 4094/29/4 4139/29/4
f 4095/35/4 4116/35/4 4140/35/4
f 4139/31/4 4095/31/4 4140/31/4
f 4116/31/4 4117/31/4 4141/31/4
f 4140/35/4 4116/35/4 4141/35/4
f 4117/29/4 4100/29/4 4142/29/4
f 4141/31/4 4117/31/4 4142/31/4
f 4142/29/4 4100/29/4 4143/29/4
f 4118/33/4 4119/33/4 4144/33/4
f 4100/33/4 4118/33/4 4144/33/4
f 4119/32/4 4025/32/4 4145/32/4
f 4144/33/4 4119/33/4 4145/33/4
f 4025/32/4 3909/32/4 4146/32/4
f 4145/32/4 4025/32/4 4146/32/4
f 3909/30/4 3910/30/4 4147/30/4
f 4146/32/4 3909/32/4 4147/32/4
f 3910/28/4 3863/28/4 4148/28/4
f 4147/30/4 3910/30/4 4148/30/4
f 3863/30/4 4007/30/4 4149/30/4
f 4148/28/4 3863/28/4 4149/28/4
f 4007/28/4 4070/28/4 4150/28/4
f 4149/30/4 4007/30/4 4150/30/4
f 4070/28/4 4071/28/4 4150/28/4
f 4071/28/4 4072/28/4 4150/28/4
f 4072/28/4 4073/28/4 4150/28/4
f 4150/28/4 4073/28/4 4151/28/4
f 4151/28/4 4073/28/4 4152/28/4
f 4152/28/4 4073/28/4 4153/28/4
f 4073/27/4 4120/27/4 4154/27/4
f 4153/28/4 4073/28/4 4154/28/4
f 4122/41/4 4123/41/4 4155/41/4
f 3781/30/4 4122/30/4 4155/30/4
f 4123/30/4 4077/30/4 4156/30/4
f 4155/41/4 4123/41/4 4156/41/4
f 4124/30/4 4125/30/4 4157/30/4
f 4125/30/4 4126/30/4 4157/30/4
f 4127/32/4 4128/32/4 4158/32/4
f 4157/30/4 4126/30/4 4158/30/4
f 4126/32/4 4127/32/4 4158/32/4
f 4128/32/4 4129/32/4 4158/32/4
f 4129/35/4 4110/35/4 4159/35/4
f 4158/32/4 4129/32/4 4159/32/4
f 4110/32/4 4130/32/4 4160/32/4
f 4159/35/4 4110/35/4 4160/35/4
f 4133/32/4 4134/32/4 4161/32/4
f 3632/32/4 4133/32/4 4161/32/4
f 4134/29/4 4113/29/4 4162/29/4
f 4161/32/4 4134/32/4 4162/32/4
f 4113/32/4 4044/32/4 4163/32/4
f 4162/29/4 4113/29/4 4163/29/4
f 4044/30/4 4066/30/4 4164/30/4
f 4163/32/4 4044/32/4 4164/32/4
f 4066/30/4 4135/30/4 4164/30/4
f 4135/30/4 4136/30/4 4164/30/4
f 4164/30/4 4136/30/4 4165/30/4
f 4165/30/4 4136/30/4 4166/30/4
f 4137/29/4 4138/29/4 4167/29/4
f 4138/35/4 4139/35/4 4167/35/4
f 4140/31/4 4141/31/4 4168/31/4
f 4167/35/4 4139/35/4 4168/35/4
f 4139/31/4 4140/31/4 4168/31/4
f 4168/31/4 4141/31/4 4169/31/4
f 4143/29/4 4100/29/4 4170/29/4
f 4142/31/4 4143/31/4 4170/31/4
f 4100/33/4 4144/33/4 4171/33/4
f 4170/29/4 4100/29/4 4171/29/4
f 4144/32/4 4145/32/4 4172/32/4
f 4145/32/4 4146/32/4 4172/32/4
f 4172/32/4 4146/32/4 4173/32/4
f 4147/30/4 4148/30/4 4174/30/4
f 4173/32/4 4146/32/4 4174/32/4
f 4146/30/4 4147/30/4 4174/30/4
f 4174/30/4 4148/30/4 4175/30/4
f 4148/27/4 4149/27/4 4176/27/4
f 4175/30/4 4148/30/4 4176/30/4
f 4149/28/4 4150/28/4 4177/28/4
f 4176/27/4 4149/27/4 4177/27/4
f 4150/28/4 4151/28/4 4177/28/4
f 4177/28/4 4151/28/4 4178/28/4
f 4178/28/4 4151/28/4 4179/28/4
f 4151/27/4 4152/27/4 4180/27/4
f 4179/28/4 4151/28/4 4180/28/4
f 4152/28/4 4153/28/4 4181/28/4
f 4153/27/4 4154/27/4 4181/27/4
f 4154/27/4 4120/27/4 4182/27/4
f 4181/27/4 4154/27/4 4182/27/4
f 4120/32/4 4121/32/4 4182/32/4
f 4121/32/4 3889/32/4 4183/32/4
f 4182/32/4 4121/32/4 4183/32/4
f 3889/35/4 3890/35/4 4184/35/4
f 4183/32/4 3889/32/4 4184/32/4
f 4155/39/4 4156/39/4 4185/39/4
f 3781/30/4 4155/30/4 4185/30/4
f 4156/30/4 4077/30/4 4186/30/4
f 4185/39/4 4156/39/4 4186/39/4
f 4077/32/4 4124/32/4 4187/32/4
f 4186/30/4 4077/30/4 4187/30/4
f 4124/30/4 4157/30/4 4188/30/4
f 4187/32/4 4124/32/4 4188/32/4
f 4159/32/4 4160/32/4 4189/32/4
f 4188/30/4 4157/30/4 4189/30/4
f 4158/32/4 4159/32/4 4189/32/4
f 4157/32/4 4158/32/4 4189/32/4
f 4162/29/4 4163/29/4 4190/29/4
f 4161/30/4 4162/30/4 4190/30/4
f 4163/29/4 4164/29/4 4190/29/4
f 4190/29/4 4164/29/4 4191/29/4
f 4164/30/4 4165/30/4 4192/30/4
f 4191/29/4 4164/29/4 4192/29/4
f 4165/29/4 4166/29/4 4193/29/4
f 4192/30/4 4165/30/4 4193/30/4
f 4166/30/4 4136/30/4 4194/30/4
f 4193/29/4 4166/29/4 4194/29/4
f 4136/35/4 4137/35/4 4195/35/4
f 4194/30/4 4136/30/4 4195/30/4
f 4137/29/4 4167/29/4 4196/29/4
f 4167/32/4 4168/32/4 4196/32/4
f 4168/35/4 4169/35/4 4197/35/4
f 4196/32/4 4168/32/4 4197/32/4
f 4171/33/4 4144/33/4 4198/33/4
f 4198/33/4 4144/33/4 4199/33/4
f 4144/32/4 4172/32/4 4200/32/4
f 4199/33/4 4144/33/4 4200/33/4
f 4200/32/4 4172/32/4 4201/32/4
f 4172/27/4 4173/27/4 4202/27/4
f 4201/32/4 4172/32/4 4202/32/4
f 4174/28/4 4175/28/4 4203/28/4
f 4173/32/4 4174/32/4 4203/32/4
f 4175/27/4 4176/27/4 4204/27/4
f 4203/28/4 4175/28/4 4204/28/4
f 4176/27/4 4177/27/4 4204/27/4
f 4177/32/4 4178/32/4 4205/32/4
f 4204/27/4 4177/27/4 4205/27/4
f 4178/28/4 4179/28/4 4206/28/4
f 4205/32/4 4178/32/4 4206/32/4
f 4179/27/4 4180/27/4 4207/27/4
f 4206/28/4 4179/28/4 4207/28/4
f 4152/28/4 4181/28/4 4208/28/4
f 4207/27/4 4180/27/4 4208/27/4
f 4180/27/4 4152/27/4 4208/27/4
f 4181/32/4 4182/32/4 4209/32/4
f 4208/28/4 4181/28/4 4209/28/4
f 4182/32/4 4183/32/4 4209/32/4
f 4184/35/4 3890/35/4 4210/35/4
f 4183/35/4 4184/35/4 4210/35/4
f 3890/32/4 3781/32/4 4211/32/4
f 4210/35/4 3890/35/4 4211/35/4
f 4189/32/4 4160/32/4 4212/32/4
f 4188/32/4 4189/32/4 4212/32/4
f 4187/32/4 4188/32/4 4212/32/4
f 4212/32/4 4160/32/4 4213/32/4
f 4213/32/4 4160/32/4 4214/32/4
f 4161/30/4 4190/30/4 4215/30/4
f 4190/35/4 4191/35/4 4215/35/4
f 4193/29/4 4194/29/4 4216/29/4
f 4215/35/4 4191/35/4 4216/35/4
f 4192/29/4 4193/29/4 4216/29/4
f 4191/29/4 4192/29/4 4216/29/4
f 4216/29/4 4194/29/4 4217/29/4
f 4195/35/4 4137/35/4 4218/35/4
f 4194/32/4 4195/32/4 4218/32/4
f 4137/29/4 4196/29/4 4219/29/4
f 4218/35/4 4137/35/4 4219/35/4
f 4196/29/4 4197/29/4 4219/29/4
f 4219/29/4 4197/29/4 4220/29/4
f 4197/35/4 4169/35/4 4221/35/4
f 4220/29/4 4197/29/4 4221/29/4
f 4169/31/4 4141/31/4 4222/31/4
f 4221/35/4 4169/35/4 4222/35/4
f 4141/35/4 4142/35/4 4223/35/4
f 4222/31/4 4141/31/4 4223/31/4
f 4142/31/4 4170/31/4 4224/31/4
f 4223/35/4 4142/35/4 4224/35/4
f 4170/31/4 4171/31/4 4224/31/4
f 4224/31/4 4171/31/4 4225/31/4
f 4202/27/4 4173/27/4 4226/27/4
f 4201/28/4 4202/28/4 4226/28/4
f 4207/32/4 4208/32/4 4227/32/4
f 4226/27/4 4173/27/4 4227/27/4
f 4173/32/4 4203/32/4 4227/32/4
f 4206/32/4 4207/32/4 4227/32/4
f 4205/32/4 4206/32/4 4227/32/4
f 4208/32/4 4209/32/4 4227/32/4
f 4204/32/4 4205/32/4 4227/32/4
f 4203/32/4 4204/32/4 4227/32/4
f 4209/32/4 4183/32/4 4228/32/4
f 4227/32/4 4209/32/4 4228/32/4
f 4228/32/4 4183/32/4 4229/32/4
f 4183/35/4 4210/35/4 4230/35/4
f 4229/32/4 4183/32/4 4230/32/4
f 4210/32/4 4211/32/4 4231/32/4
f 4230/35/4 4210/35/4 4231/35/4
f 4187/32/4 4212/32/4 4232/32/4
f 4212/30/4 4213/30/4 4233/30/4
f 4232/32/4 4212/32/4 4233/32/4
f 4213/28/4 4214/28/4 4234/28/4
f 4233/30/4 4213/30/4 4234/30/4
f 4214/32/4 4160/32/4 4235/32/4
f 4234/28/4 4214/28/4 4235/28/4
f 4160/32/4 4130/32/4 4236/32/4
f 4235/32/4 4160/32/4 4236/32/4
f 4130/35/4 4131/35/4 4237/35/4
f 4236/32/4 4130/32/4 4237/32/4
f 4131/32/4 4132/32/4 4238/32/4
f 4237/35/4 4131/35/4 4238/35/4
f 4132/32/4 4063/32/4 4239/32/4
f 4238/32/4 4132/32/4 4239/32/4
f 4063/29/4 3631/29/4 4240/29/4
f 4239/32/4 4063/32/4 4240/32/4
f 4161/30/4 4215/30/4 4241/30/4
f 3632/32/4 4161/32/4 4241/32/4
f 4215/30/4 4216/30/4 4241/30/4
f 4241/30/4 4216/30/4 4242/30/4
f 4220/29/4 4221/29/4 4243/29/4
f 4219/35/4 4220/35/4 4243/35/4
f 4221/31/4 4222/31/4 4244/31/4
f 4243/29/4 4221/29/4 4244/29/4
f 4200/32/4 4201/32/4 4245/32/4
f 4199/32/4 4200/32/4 4245/32/4
f 4245/32/4 4201/32/4 4246/32/4
f 4201/28/4 4226/28/4 4247/28/4
f 4246/32/4 4201/32/4 4247/32/4
f 4226/28/4 4227/28/4 4247/28/4
f 4247/28/4 4227/28/4 4248/28/4
f 4228/28/4 4229/28/4 4249/28/4
f 4227/32/4 4228/32/4 4249/32/4
f 4229/32/4 4230/32/4 4250/32/4
f 4249/28/4 4229/28/4 4250/28/4
f 4230/32/4 4231/32/4 4250/32/4
f 4187/32/4 4232/32/4 4251/32/4
f 4251/32/4 4232/32/4 4252/32/4
f 4252/32/4 4232/32/4 4253/32/4
f 4234/30/4 4235/30/4 4254/30/4
f 4253/32/4 4232/32/4 4254/32/4
f 4233/30/4 4234/30/4 4254/30/4
f 4232/30/4 4233/30/4 4254/30/4
f 4254/30/4 4235/30/4 4255/30/4
f 4255/30/4 4235/30/4 4256/30/4
f 4235/32/4 4236/32/4 4257/32/4
f 4256/30/4 4235/30/4 4257/30/4
f 4257/32/4 4236/32/4 4258/32/4
f 4242/30/4 4216/30/4 4259/30/4
f 4216/35/4 4217/35/4 4259/35/4
f 4217/29/4 4194/29/4 4260/29/4
f 4259/35/4 4217/35/4 4260/35/4
f 4260/29/4 4194/29/4 4261/29/4
f 4261/29/4 4194/29/4 4262/29/4
f 4218/32/4 4219/32/4 4263/32/4
f 4262/29/4 4194/29/4 4263/29/4
f 4194/32/4 4218/32/4 4263/32/4
f 4219/35/4 4243/35/4 4264/35/4
f 4263/32/4 4219/32/4 4264/32/4
f 4243/32/4 4244/32/4 4265/32/4
f 4264/35/4 4243/35/4 4265/35/4
f 4244/31/4 4222/31/4 4266/31/4
f 4265/32/4 4244/32/4 4266/32/4
f 4223/31/4 4224/31/4 4267/31/4
f 4224/35/4 4225/35/4 4267/35/4
f 4225/31/4 4171/31/4 4268/31/4
f 4267/35/4 4225/35/4 4268/35/4
f 4268/31/4 4171/31/4 4269/31/4
f 4245/33/4 4246/33/4 4270/33/4
f 4199/32/4 4245/32/4 4270/32/4
f 4246/32/4 4247/32/4 4271/32/4
f 4270/33/4 4246/33/4 4271/33/4
f 4247/32/4 4248/32/4 4271/32/4
f 4271/32/4 4248/32/4 4272/32/4
f 4248/28/4 4227/28/4 4273/28/4
f 4272/32/4 4248/32/4 4273/32/4
f 4251/30/4 4252/30/4 4274/30/4
f 4187/32/4 4251/32/4 4274/32/4
f 4252/28/4 4253/28/4 4275/28/4
f 4274/30/4 4252/30/4 4275/30/4
f 4275/28/4 4253/28/4 4276/28/4
f 4253/30/4 4254/30/4 4277/30/4
f 4254/28/4 4255/28/4 4277/28/4
f 4255/30/4 4256/30/4 4278/30/4
f 4277/28/4 4255/28/4 4278/28/4
f 4256/27/4 4257/27/4 4279/27/4
f 4278/30/4 4256/30/4 4279/30/4
f 4257/30/4 4258/30/4 4280/30/4
f 4279/27/4 4257/27/4 4280/27/4
f 4258/32/4 4236/32/4 4281/32/4
f 4280/30/4 4258/30/4 4281/30/4
f 4281/32/4 4236/32/4 4282/32/4
f 4282/32/4 4236/32/4 4283/32/4
f 4236/35/4 4237/35/4 4284/35/4
f 4283/32/4 4236/32/4 4284/32/4
f 4238/32/4 4239/32/4 4285/32/4
f 4284/35/4 4237/35/4 4285/35/4
f 4237/32/4 4238/32/4 4285/32/4
f 4261/29/4 4262/29/4 4286/29/4
f 4260/35/4 4261/35/4 4286/35/4
f 4264/32/4 4265/32/4 4287/32/4
f 4286/29/4 4262/29/4 4287/29/4
f 4263/32/4 4264/32/4 4287/32/4
f 4262/32/4 4263/32/4 4287/32/4
f 4266/31/4 4222/31/4 4288/31/4
f 4222/35/4 4223/35/4 4288/35/4
f 4223/31/4 4267/31/4 4289/31/4
f 4288/35/4 4223/35/4 4289/35/4
f 4267/31/4 4268/31/4 4289/31/4
f 4289/31/4 4268/31/4 4290/31/4
f 4271/32/4 4272/32/4 4291/32/4
f 4199/32/4 4270/32/4 4291/32/4
f 4198/31/4 4199/31/4 4291/31/4
f 4270/32/4 4271/32/4 4291/32/4
f 4291/32/4 4272/32/4 4292/32/4
f 4272/28/4 4273/28/4 4293/28/4
f 4273/28/4 4227/28/4 4294/28/4
f 4293/28/4 4273/28/4 4294/28/4
f 4227/32/4 4249/32/4 4295/32/4
f 4249/32/4 4250/32/4 4295/32/4
f 4295/32/4 4250/32/4 4296/32/4
f 4296/32/4 4250/32/4 4297/32/4
f 4250/32/4 4231/32/4 4298/32/4
f 4297/32/4 4250/32/4 4298/32/4
f 4185/30/4 4186/30/4 4299/30/4
f 3781/30/4 4185/30/4 4299/30/4
f 4186/27/4 4187/27/4 4300/27/4
f 4299/30/4 4186/30/4 4300/30/4
f 4274/32/4 4275/32/4 4301/32/4
f 4276/28/4 4253/28/4 4301/28/4
f 4275/32/4 4276/32/4 4301/32/4
f 4253/30/4 4277/30/4 4302/30/4
f 4301/28/4 4253/28/4 4302/28/4
f 4279/32/4 4280/32/4 4303/32/4
f 4302/30/4 4277/30/4 4303/30/4
f 4280/32/4 4281/32/4 4303/32/4
f 4278/32/4 4279/32/4 4303/32/4
f 4281/32/4 4282/32/4 4303/32/4
f 4277/32/4 4278/32/4 4303/32/4
f 4303/32/4 4282/32/4 4304/32/4
f 4282/30/4 4283/30/4 4305/30/4
f 4304/32/4 4282/32/4 4305/32/4
f 4283/32/4 4284/32/4 4306/32/4
f 4305/30/4 4283/30/4 4306/30/4
f 4284/32/4 4285/32/4 4306/32/4
f 4306/32/4 4285/32/4 4307/32/4
f 4285/32/4 4239/32/4 4308/32/4
f 4307/32/4 4285/32/4 4308/32/4
f 4239/35/4 4240/35/4 4309/35/4
f 4308/32/4 4239/32/4 4309/32/4
f 4240/29/4 3631/29/4 4310/29/4
f 4309/35/4 4240/35/4 4310/35/4
f 4242/30/4 4259/30/4 4311/30/4
f 4241/32/4 4242/32/4 4311/32/4
f 4259/30/4 4260/30/4 4311/30/4
f 4311/30/4 4260/30/4 4312/30/4
f 4286/35/4 4287/35/4 4313/35/4
f 4312/30/4 4260/30/4 4313/30/4
f 4260/35/4 4286/35/4 4313/35/4
f 4313/35/4 4287/35/4 4314/35/4
f 4290/31/4 4268/31/4 4315/31/4
f 4268/35/4 4269/35/4 4315/35/4
f 4269/31/4 4171/31/4 4316/31/4
f 4315/35/4 4269/35/4 4316/35/4
f 4291/33/4 4292/33/4 4317/33/4
f 4292/32/4 4272/32/4 4317/32/4
f 4317/32/4 4272/32/4 4318/32/4
f 4272/28/4 4293/28/4 4319/28/4
f 4318/32/4 4272/32/4 4319/32/4
f 4293/32/4 4294/32/4 4320/32/4
f 4319/28/4 4293/28/4 4320/28/4
f 4227/32/4 4295/32/4 4321/32/4
f 4295/28/4 4296/28/4 4322/28/4
f 4321/32/4 4295/32/4 4322/32/4
f 4322/28/4 4296/28/4 4323/28/4
f 4296/32/4 4297/32/4 4324/32/4
f 4323/28/4 4296/28/4 4324/28/4
f 4324/32/4 4297/32/4 4325/32/4
f 4297/28/4 4298/28/4 4326/28/4
f 4326/28/4 4298/28/4 4327/28/4
f 4298/32/4 4231/32/4 4328/32/4
f 4327/28/4 4298/28/4 4328/28/4
f 4328/32/4 4231/32/4 4329/32/4
f 4231/32/4 4211/32/4 4330/32/4
f 4329/32/4 4231/32/4 4330/32/4
f 4211/32/4 3781/32/4 4331/32/4
f 4330/32/4 4211/32/4 4331/32/4
f 4304/30/4 4305/30/4 4332/30/4
f 4305/30/4 4306/30/4 4332/30/4
f 4306/28/4 4307/28/4 4333/28/4
f 4332/30/4 4306/30/4 4333/30/4
f 4307/32/4 4308/32/4 4334/32/4
f 4333/28/4 4307/28/4 4334/28/4
f 4287/32/4 4265/32/4 4335/32/4
f 4314/35/4 4287/35/4 4335/35/4
f 4335/32/4 4265/32/4 4336/32/4
f 4265/35/4 4266/35/4 4337/35/4
f 4336/32/4 4265/32/4 4337/32/4
f 4266/31/4 4288/31/4 4338/31/4
f 4337/35/4 4266/35/4 4338/35/4
f 4288/31/4 4289/31/4 4338/31/4
f 4338/31/4 4289/31/4 4339/31/4
f 4289/35/4 4290/35/4 4340/35/4
f 4339/31/4 4289/31/4 4340/31/4
f 4290/31/4 4315/31/4 4341/31/4
f 4340/35/4 4290/35/4 4341/35/4
f 4315/31/4 4316/31/4 4341/31/4
f 4341/31/4 4316/31/4 4342/31/4
f 4316/31/4 4171/31/4 4343/31/4
f 4342/31/4 4316/31/4 4343/31/4
f 4171/33/4 4198/33/4 4344/33/4
f 4343/31/4 4171/31/4 4344/31/4
f 4344/33/4 4198/33/4 4345/33/4
f 4198/31/4 4291/31/4 4346/31/4
f 4345/33/4 4198/33/4 4346/33/4
f 4317/33/4 4318/33/4 4347/33/4
f 4318/32/4 4319/32/4 4347/32/4
f 4319/32/4 4320/32/4 4347/32/4
f 4347/32/4 4320/32/4 4348/32/4
f 4348/32/4 4320/32/4 4349/32/4
f 4320/32/4 4294/32/4 4350/32/4
f 4349/32/4 4320/32/4 4350/32/4
f 4322/31/4 4323/31/4 4351/31/4
f 4321/28/4 4322/28/4 4351/28/4
f 4323/28/4 4324/28/4 4352/28/4
f 4351/31/4 4323/31/4 4352/31/4
f 4324/28/4 4325/28/4 4352/28/4
f 4352/28/4 4325/28/4 4353/28/4
f 4326/31/4 4327/31/4 4354/31/4
f 4297/28/4 4326/28/4 4354/28/4
f 4328/28/4 4329/28/4 4355/28/4
f 4354/31/4 4327/31/4 4355/31/4
f 4327/28/4 4328/28/4 4355/28/4
f 4355/28/4 4329/28/4 4356/28/4
f 4329/32/4 4330/32/4 4357/32/4
f 4330/28/4 4331/28/4 4357/28/4
f 4357/28/4 4331/28/4 4358/28/4
f 3781/30/4 4299/30/4 4359/30/4
f 4299/38/4 4300/38/4 4359/38/4
f 4300/27/4 4187/27/4 4360/27/4
f 4359/38/4 4300/38/4 4360/38/4
f 4334/32/4 4308/32/4 4361/32/4
f 4333/32/4 4334/32/4 4361/32/4
f 4308/35/4 4309/35/4 4362/35/4
f 4361/32/4 4308/32/4 4362/32/4
f 4309/32/4 4310/32/4 4363/32/4
f 4362/35/4 4309/35/4 4363/35/4
f 4311/32/4 4312/32/4 4364/32/4
f 4313/30/4 4314/30/4 4364/30/4
f 4312/30/4 4313/30/4 4364/30/4
f 4364/30/4 4314/30/4 4365/30/4
f 4335/35/4 4336/35/4 4366/35/4
f 4365/30/4 4314/30/4 4366/30/4
f 4314/35/4 4335/35/4 4366/35/4
f 4366/35/4 4336/35/4 4367/35/4
f 4342/31/4 4343/31/4 4368/31/4
f 4341/35/4 4342/35/4 4368/35/4
f 4344/33/4 4345/33/4 4369/33/4
f 4368/31/4 4343/31/4 4369/31/4
f 4343/33/4 4344/33/4 4369/33/4
f 4346/31/4 4291/31/4 4370/31/4
f 4345/31/4 4346/31/4 4370/31/4
f 4370/31/4 4291/31/4 4371/31/4
f 4348/32/4 4349/32/4 4372/32/4
f 4372/32/4 4349/32/4 4373/32/4
f 4321/28/4 4351/28/4 4374/28/4
f 4351/29/4 4352/29/4 4374/29/4
f 4374/29/4 4352/29/4 4375/29/4
f 4352/31/4 4353/31/4 4376/31/4
f 4375/29/4 4352/29/4 4376/29/4
f 4353/28/4 4325/28/4 4377/28/4
f 4376/31/4 4353/31/4 4377/31/4
f 4297/28/4 4354/28/4 4378/28/4
f 4354/29/4 4355/29/4 4378/29/4
f 4378/29/4 4355/29/4 4379/29/4
f 4355/31/4 4356/31/4 4380/31/4
f 4379/29/4 4355/29/4 4380/29/4
f 4356/28/4 4329/28/4 4381/28/4
f 4380/31/4 4356/31/4 4381/31/4
f 4360/27/4 4187/27/4 4382/27/4
f 4359/30/4 4360/30/4 4382/30/4
f 4274/32/4 4301/32/4 4383/32/4
f 4382/27/4 4187/27/4 4383/27/4
f 4301/32/4 4302/32/4 4383/32/4
f 4187/32/4 4274/32/4 4383/32/4
f 4302/32/4 4303/32/4 4383/32/4
f 4303/32/4 4304/32/4 4383/32/4
f 4304/30/4 4332/30/4 4384/30/4
f 4383/32/4 4304/32/4 4384/32/4
f 4332/28/4 4333/28/4 4385/28/4
f 4384/30/4 4332/30/4 4385/30/4
f 4333/32/4 4361/32/4 4386/32/4
f 4385/28/4 4333/28/4 4386/28/4
f 4386/32/4 4361/32/4 4387/32/4
f 4367/35/4 4336/35/4 4388/35/4
f 4336/32/4 4337/32/4 4388/32/4
f 4337/32/4 4338/32/4 4388/32/4
f 4388/32/4 4338/32/4 4389/32/4
f 4338/35/4 4339/35/4 4390/35/4
f 4389/32/4 4338/32/4 4390/32/4
f 4339/31/4 4340/31/4 4391/31/4
f 4390/35/4 4339/35/4 4391/35/4
f 4340/31/4 4341/31/4 4391/31/4
f 4391/31/4 4341/31/4 4392/31/4
f 4341/35/4 4368/35/4 4393/35/4
f 4392/31/4 4341/31/4 4393/31/4
f 4368/33/4 4369/33/4 4394/33/4
f 4393/35/4 4368/35/4 4394/35/4
f 4375/38/4 4376/38/4 4395/38/4
f 4374/31/4 4375/31/4 4395/31/4
f 4376/29/4 4377/29/4 4396/29/4
f 4395/38/4 4376/38/4 4396/38/4
f 4379/38/4 4380/38/4 4397/38/4
f 4378/31/4 4379/31/4 4397/31/4
f 4380/29/4 4381/29/4 4398/29/4
f 4397/38/4 4380/38/4 4398/38/4
f 4331/32/4 3781/32/4 4399/32/4
f 4358/28/4 4331/28/4 4399/28/4
f 4359/30/4 4382/30/4 4400/30/4
f 4399/32/4 3781/32/4 4400/32/4
f 4382/30/4 4383/30/4 4400/30/4
f 3781/30/4 4359/30/4 4400/30/4
f 4400/30/4 4383/30/4 4401/30/4
f 4384/32/4 4385/32/4 4402/32/4
f 4401/30/4 4383/30/4 4402/30/4
f 4383/32/4 4384/32/4 4402/32/4
f 4387/32/4 4361/32/4 4403/32/4
f 4361/35/4 4362/35/4 4403/35/4
f 4362/32/4 4363/32/4 4404/32/4
f 4403/35/4 4362/35/4 4404/35/4
f 4363/32/4 4310/32/4 4405/32/4
f 4404/32/4 4363/32/4 4405/32/4
f 4310/29/4 3631/29/4 4406/29/4
f 4405/32/4 4310/32/4 4406/32/4
f 4366/30/4 4367/30/4 4407/30/4
f 4388/35/4 4389/35/4 4407/35/4
f 4365/30/4 4366/30/4 4407/30/4
f 4367/35/4 4388/35/4 4407/35/4
f 4407/35/4 4389/35/4 4408/35/4
f 4347/33/4 4348/33/4 4409/33/4
f 4317/33/4 4347/33/4 4409/33/4
f 4348/32/4 4372/32/4 4410/32/4
f 4409/33/4 4348/33/4 4410/33/4
f 4373/32/4 4349/32/4 4411/32/4
f 4411/32/4 4349/32/4 4412/32/4
f 4412/32/4 4349/32/4 4413/32/4
f 4413/32/4 4349/32/4 4414/32/4
f 4414/32/4 4349/32/4 4415/32/4
f 4415/32/4 4349/32/4 4416/32/4
f 4349/28/4 4350/28/4 4417/28/4
f 4416/32/4 4349/32/4 4417/32/4
f 4350/32/4 4294/32/4 4418/32/4
f 4417/28/4 4350/28/4 4418/28/4
f 4294/28/4 4227/28/4 4419/28/4
f 4418/32/4 4294/32/4 4419/32/4
f 4227/32/4 4321/32/4 4420/32/4
f 4419/28/4 4227/28/4 4420/28/4
f 4395/27/4 4396/27/4 4421/27/4
f 4374/31/4 4395/31/4 4421/31/4
f 4396/29/4 4377/29/4 4422/29/4
f 4421/27/4 4396/27/4 4422/27/4
f 4378/31/4 4397/31/4 4423/31/4
f 4397/27/4 4398/27/4 4423/27/4
f 4398/29/4 4381/29/4 4424/29/4
f 4423/27/4 4398/27/4 4424/27/4
f 4400/30/4 4401/30/4 4425/30/4
f 4399/28/4 4400/28/4 4425/28/4
f 4425/30/4 4401/30/4 4426/30/4
f 4402/32/4 4385/32/4 4427/32/4
f 4401/28/4 4402/28/4 4427/28/4
f 4427/32/4 4385/32/4 4428/32/4
f 4428/32/4 4385/32/4 4429/32/4
f 4429/32/4 4385/32/4 4430/32/4
f 4430/32/4 4385/32/4 4431/32/4
f 4385/28/4 4386/28/4 4432/28/4
f 4431/32/4 4385/32/4 4432/32/4
f 4386/27/4 4387/27/4 4433/27/4
f 4432/28/4 4386/28/4 4433/28/4
f 4364/32/4 4365/32/4 4434/32/4
f 4407/30/4 4408/30/4 4434/30/4
f 4365/30/4 4407/30/4 4434/30/4
f 4434/30/4 4408/30/4 4435/30/4
f 4389/32/4 4390/32/4 4436/32/4
f 4390/32/4 4391/32/4 4436/32/4
f 4408/35/4 4389/35/4 4436/35/4
f 4436/32/4 4391/32/4 4437/32/4
f 4437/32/4 4391/32/4 4438/32/4
f 4438/32/4 4391/32/4 4439/32/4
f 4391/35/4 4392/35/4 4440/35/4
f 4439/32/4 4391/32/4 4440/32/4
f 4392/31/4 4393/31/4 4441/31/4
f 4440/35/4 4392/35/4 4441/35/4
f 4393/31/4 4394/31/4 4441/31/4
f 4441/31/4 4394/31/4 4442/31/4
f 4394/33/4 4369/33/4 4443/33/4
f 4369/33/4 4345/33/4 4443/33/4
f 4345/31/4 4370/31/4 4443/31/4
f 4370/33/4 4371/33/4 4444/33/4
f 4443/31/4 4370/31/4 4444/31/4
f 4371/31/4 4291/31/4 4445/31/4
f 4444/33/4 4371/33/4 4445/33/4
f 4317/33/4 4409/33/4 4446/33/4
f 4291/33/4 4317/33/4 4446/33/4
f 4409/32/4 4410/32/4 4447/32/4
f 4446/33/4 4409/33/4 4447/33/4
f 4372/31/4 4373/31/4 4448/31/4
f 4373/32/4 4411/32/4 4448/32/4
f 4448/32/4 4411/32/4 4449/32/4
f 4449/32/4 4411/32/4 4450/32/4
f 4450/32/4 4411/32/4 4451/32/4
f 4411/31/4 4412/31/4 4452/31/4
f 4451/32/4 4411/32/4 4452/32/4
f 4412/32/4 4413/32/4 4453/32/4
f 4452/31/4 4412/31/4 4453/31/4
f 4453/32/4 4413/32/4 4454/32/4
f 4413/29/4 4414/29/4 4455/29/4
f 4454/32/4 4413/32/4 4455/32/4
f 4414/32/4 4415/32/4 4456/32/4
f 4455/29/4 4414/29/4 4456/29/4
f 4456/32/4 4415/32/4 4457/32/4
f 4417/32/4 4418/32/4 4458/32/4
f 4416/32/4 4417/32/4 4458/32/4
f 4418/32/4 4419/32/4 4458/32/4
f 4415/31/4 4416/31/4 4458/31/4
f 4458/32/4 4419/32/4 4459/32/4
f 4459/32/4 4419/32/4 4460/32/4
f 4460/32/4 4419/32/4 4461/32/4
f 4461/32/4 4419/32/4 4462/32/4
f 4462/32/4 4419/32/4 4463/32/4
f 4374/31/4 4421/31/4 4464/31/4
f 4421/38/4 4422/38/4 4464/38/4
f 4422/29/4 4377/29/4 4465/29/4
f 4464/38/4 4422/38/4 4465/38/4
f 4378/31/4 4423/31/4 4466/31/4
f 4423/38/4 4424/38/4 4466/38/4
f 4424/29/4 4381/29/4 4467/29/4
f 4466/38/4 4424/38/4 4467/38/4
f 4428/32/4 4429/32/4 4468/32/4
f 4429/31/4 4430/31/4 4469/31/4
f 4468/32/4 4429/32/4 4469/32/4
f 4430/32/4 4431/32/4 4470/32/4
f 4469/31/4 4430/31/4 4470/31/4
f 4470/32/4 4431/32/4 4471/32/4
f 4471/32/4 4431/32/4 4472/32/4
f 4431/31/4 4432/31/4 4473/31/4
f 4472/32/4 4431/32/4 4473/32/4
f 4432/27/4 4433/27/4 4474/27/4
f 4473/31/4 4432/31/4 4474/31/4
f 4433/27/4 4387/27/4 4475/27/4
f 4474/27/4 4433/27/4 4475/27/4
f 4403/32/4 4404/32/4 4476/32/4
f 4475/27/4 4387/27/4 4476/27/4
f 4404/32/4 4405/32/4 4476/32/4
f 4387/32/4 4403/32/4 4476/32/4
f 4476/32/4 4405/32/4 4477/32/4
f 4405/30/4 4406/30/4 4478/30/4
f 4477/32/4 4405/32/4 4478/32/4
f 4406/29/4 3631/29/4 4479/29/4
f 4478/30/4 4406/30/4 4479/30/4
f 4435/30/4 4408/30/4 4480/30/4
f 4408/35/4 4436/35/4 4480/35/4
f 4436/35/4 4437/35/4 4480/35/4
f 4480/35/4 4437/35/4 4481/35/4
f 4438/30/4 4439/30/4 4482/30/4
f 4439/32/4 4440/32/4 4482/32/4
f 4440/31/4 4441/31/4 4483/31/4
f 4482/32/4 4440/32/4 4483/32/4
f 4410/32/4 4372/32/4 4484/32/4
f 4447/32/4 4410/32/4 4484/32/4
f 4372/31/4 4448/31/4 4485/31/4
f 4484/32/4 4372/32/4 4485/32/4
f 4448/29/4 4449/29/4 4486/29/4
f 4485/31/4 4448/31/4 4486/31/4
f 4449/31/4 4450/31/4 4487/31/4
f 4486/29/4 4449/29/4 4487/29/4
f 4487/31/4 4450/31/4 4488/31/4
f 4488/31/4 4450/31/4 4489/31/4
f 4450/32/4 4451/32/4 4490/32/4
f 4451/29/4 4452/29/4 4490/29/4
f 4452/31/4 4453/31/4 4491/31/4
f 4490/29/4 4452/29/4 4491/29/4
f 4415/31/4 4458/31/4 4492/31/4
f 4458/31/4 4459/31/4 4492/31/4
f 4459/33/4 4460/33/4 4493/33/4
f 4492/31/4 4459/31/4 4493/31/4
f 4461/32/4 4462/32/4 4494/32/4
f 4494/32/4 4462/32/4 4495/32/4
f 4462/28/4 4463/28/4 4496/28/4
f 4495/32/4 4462/32/4 4496/32/4
f 4463/32/4 4419/32/4 4497/32/4
f 4496/28/4 4463/28/4 4497/28/4
f 4374/31/4 4464/31/4 4498/31/4
f 4464/27/4 4465/27/4 4498/27/4
f 4465/29/4 4377/29/4 4499/29/4
f 4498/27/4 4465/27/4 4499/27/4
f 4378/31/4 4466/31/4 4500/31/4
f 4466/27/4 4467/27/4 4500/27/4
f 4467/29/4 4381/29/4 4501/29/4
f 4500/27/4 4467/27/4 4501/27/4
f 4381/28/4 4329/28/4 4502/28/4
f 4357/32/4 4358/32/4 4502/32/4
f 4329/32/4 4357/32/4 4502/32/4
f 4502/32/4 4358/32/4 4503/32/4
f 4358/28/4 4399/28/4 4504/28/4
f 4503/32/4 4358/32/4 4504/32/4
f 4399/28/4 4425/28/4 4504/28/4
f 4425/29/4 4426/29/4 4505/29/4
f 4504/28/4 4425/28/4 4505/28/4
f 4426/30/4 4401/30/4 4506/30/4
f 4505/29/4 4426/29/4 4506/29/4
f 4401/28/4 4427/28/4 4507/28/4
f 4506/30/4 4401/30/4 4507/30/4
f 4427/28/4 4428/28/4 4507/28/4
f 4507/28/4 4428/28/4 4508/28/4
f 4428/32/4 4468/32/4 4509/32/4
f 4508/28/4 4428/28/4 4509/28/4
f 4470/31/4 4471/31/4 4510/31/4
f 4509/32/4 4468/32/4 4510/32/4
f 4469/31/4 4470/31/4 4510/31/4
f 4468/31/4 4469/31/4 4510/31/4
f 4471/32/4 4472/32/4 4511/32/4
f 4510/31/4 4471/31/4 4511/31/4
f 4473/31/4 4474/31/4 4512/31/4
f 4511/32/4 4472/32/4 4512/32/4
f 4472/31/4 4473/31/4 4512/31/4
f 4474/28/4 4475/28/4 4513/28/4
f 4512/31/4 4474/31/4 4513/31/4
f 4476/31/4 4477/31/4 4514/31/4
f 4513/28/4 4475/28/4 4514/28/4
f 4475/31/4 4476/31/4 4514/31/4
f 4477/32/4 4478/32/4 4515/32/4
f 4514/31/4 4477/31/4 4515/31/4
f 4478/32/4 4479/32/4 4515/32/4
f 4479/29/4 3631/29/4 4516/29/4
f 4515/32/4 4479/32/4 4516/32/4
f 4438/30/4 4482/30/4 4517/30/4
f 4437/32/4 4438/32/4 4517/32/4
f 4482/30/4 4483/30/4 4517/30/4
f 4517/30/4 4483/30/4 4518/30/4
f 4441/35/4 4442/35/4 4519/35/4
f 4483/31/4 4441/31/4 4519/31/4
f 4442/31/4 4394/31/4 4520/31/4
f 4519/35/4 4442/35/4 4520/35/4
f 4445/31/4 4291/31/4 4521/31/4
f 4444/31/4 4445/31/4 4521/31/4
f 4291/33/4 4446/33/4 4521/33/4
f 4446/31/4 4447/31/4 4522/31/4
f 4521/33/4 4446/33/4 4522/33/4
f 4485/32/4 4486/32/4 4523/32/4
f 4487/31/4 4488/31/4 4524/31/4
f 4523/32/4 4486/32/4 4524/32/4
f 4486/31/4 4487/31/4 4524/31/4
f 4450/32/4 4490/32/4 4525/32/4
f 4489/31/4 4450/31/4 4525/31/4
f 4490/31/4 4491/31/4 4526/31/4
f 4525/32/4 4490/32/4 4526/32/4
f 4453/29/4 4454/29/4 4527/29/4
f 4454/31/4 4455/31/4 4527/31/4
f 4527/31/4 4455/31/4 4528/31/4
f 4456/31/4 4457/31/4 4529/31/4
f 4455/29/4 4456/29/4 4529/29/4
f 4529/31/4 4457/31/4 4530/31/4
f 4457/32/4 4415/32/4 4531/32/4
f 4415/31/4 4492/31/4 4532/31/4
f 4531/32/4 4415/32/4 4532/32/4
f 4532/31/4 4492/31/4 4533/31/4
f 4492/33/4 4493/33/4 4534/33/4
f 4533/31/4 4492/31/4 4534/31/4
f 4493/33/4 4460/33/4 4535/33/4
f 4534/33/4 4493/33/4 4535/33/4
f 4460/31/4 4461/31/4 4535/31/4
f 4461/32/4 4494/32/4 4536/32/4
f 4535/31/4 4461/31/4 4536/31/4
f 4494/31/4 4495/31/4 4537/31/4
f 4536/32/4 4494/32/4 4537/32/4
f 4495/32/4 4496/32/4 4538/32/4
f 4537/31/4 4495/31/4 4538/31/4
f 4496/27/4 4497/27/4 4539/27/4
f 4538/32/4 4496/32/4 4539/32/4
f 4497/32/4 4419/32/4 4540/32/4
f 4539/27/4 4497/27/4 4540/27/4
f 4419/27/4 4420/27/4 4541/27/4
f 4540/32/4 4419/32/4 4541/32/4
f 4420/32/4 4321/32/4 4542/32/4
f 4541/27/4 4420/27/4 4542/27/4
f 4321/28/4 4374/28/4 4543/28/4
f 4542/32/4 4321/32/4 4543/32/4
f 4374/31/4 4498/31/4 4544/31/4
f 4543/28/4 4374/28/4 4544/28/4
f 4498/38/4 4499/38/4 4545/38/4
f 4544/31/4 4498/31/4 4545/31/4
f 4499/29/4 4377/29/4 4546/29/4
f 4545/38/4 4499/38/4 4546/38/4
f 4377/28/4 4325/28/4 4547/28/4
f 4546/29/4 4377/29/4 4547/29/4
f 4325/32/4 4297/32/4 4548/32/4
f 4547/28/4 4325/28/4 4548/28/4
f 4297/28/4 4378/28/4 4549/28/4
f 4548/32/4 4297/32/4 4549/32/4
f 4378/31/4 4500/31/4 4550/31/4
f 4549/28/4 4378/28/4 4550/28/4
f 4500/38/4 4501/38/4 4551/38/4
f 4550/31/4 4500/31/4 4551/31/4
f 4501/29/4 4381/29/4 4552/29/4
f 4551/38/4 4501/38/4 4552/38/4
f 4381/28/4 4502/28/4 4553/28/4
f 4552/29/4 4381/29/4 4553/29/4
f 4504/28/4 4505/28/4 4554/28/4
f 4503/29/4 4504/29/4 4554/29/4
f 4506/31/4 4507/31/4 4555/31/4
f 4554/28/4 4505/28/4 4555/28/4
f 4507/31/4 4508/31/4 4555/31/4
f 4505/31/4 4506/31/4 4555/31/4
f 4508/29/4 4509/29/4 4556/29/4
f 4555/31/4 4508/31/4 4556/31/4
f 4514/31/4 4515/31/4 4557/31/4
f 4556/29/4 4509/29/4 4557/29/4
f 4511/31/4 4512/31/4 4557/31/4
f 4509/31/4 4510/31/4 4557/31/4
f 4513/31/4 4514/31/4 4557/31/4
f 4512/31/4 4513/31/4 4557/31/4
f 4510/31/4 4511/31/4 4557/31/4
f 4515/31/4 4516/31/4 4557/31/4
f 4557/31/4 4516/31/4 4558/31/4
f 4558/31/4 4516/31/4 4559/31/4
f 4559/31/4 4516/31/4 4560/31/4
f 3630/29/4 3632/29/4 4561/29/4
f 4241/32/4 4311/32/4 4561/32/4
f 4434/32/4 4435/32/4 4561/32/4
f 4311/32/4 4364/32/4 4561/32/4
f 3632/32/4 4241/32/4 4561/32/4
f 4364/32/4 4434/32/4 4561/32/4
f 4561/32/4 4435/32/4 4562/32/4
f 4480/30/4 4481/30/4 4563/30/4
f 4435/30/4 4480/30/4 4563/30/4
f 4563/30/4 4481/30/4 4564/30/4
f 4481/35/4 4437/35/4 4565/35/4
f 4564/30/4 4481/30/4 4565/30/4
f 4517/32/4 4518/32/4 4566/32/4
f 4565/35/4 4437/35/4 4566/35/4
f 4437/32/4 4517/32/4 4566/32/4
f 4566/32/4 4518/32/4 4567/32/4
f 4483/31/4 4519/31/4 4568/31/4
f 4519/31/4 4520/31/4 4568/31/4
f 4520/31/4 4394/31/4 4569/31/4
f 4568/31/4 4520/31/4 4569/31/4
f 4394/33/4 4443/33/4 4569/33/4
f 4443/38/4 4444/38/4 4570/38/4
f 4569/33/4 4443/33/4 4570/33/4
f 4521/31/4 4522/31/4 4571/31/4
f 4570/38/4 4444/38/4 4571/38/4
f 4444/31/4 4521/31/4 4571/31/4
f 4524/31/4 4488/31/4 4572/31/4
f 4523/31/4 4524/31/4 4572/31/4
f 4488/29/4 4489/29/4 4573/29/4
f 4572/31/4 4488/31/4 4573/31/4
f 4489/31/4 4525/31/4 4574/31/4
f 4573/29/4 4489/29/4 4574/29/4
f 4525/31/4 4526/31/4 4574/31/4
f 4530/31/4 4457/31/4 4575/31/4
f 4529/30/4 4530/30/4 4575/30/4
f 4457/32/4 4531/32/4 4576/32/4
f 4575/31/4 4457/31/4 4576/31/4
f 4531/31/4 4532/31/4 4577/31/4
f 4576/32/4 4531/32/4 4577/32/4
f 4532/31/4 4533/31/4 4577/31/4
f 4577/31/4 4533/31/4 4578/31/4
f 4535/33/4 4536/33/4 4579/33/4
f 4578/31/4 4533/31/4 4579/31/4
f 4534/33/4 4535/33/4 4579/33/4
f 4533/33/4 4534/33/4 4579/33/4
f 4579/33/4 4536/33/4 4580/33/4
f 4580/33/4 4536/33/4 4581/33/4
f 4538/32/4 4539/32/4 4582/32/4
f 4537/33/4 4538/33/4 4582/33/4
f 4582/32/4 4539/32/4 4583/32/4
f 4583/32/4 4539/32/4 4584/32/4
f 4542/31/4 4543/31/4 4585/31/4
f 4541/31/4 4542/31/4 4585/31/4
f 4540/31/4 4541/31/4 4585/31/4
f 4539/31/4 4540/31/4 4585/31/4
f 4543/28/4 4544/28/4 4585/28/4
f 4544/29/4 4545/29/4 4586/29/4
f 4585/28/4 4544/28/4 4586/28/4
f 4545/29/4 4546/29/4 4586/29/4
f 4546/31/4 4547/31/4 4587/31/4
f 4586/29/4 4546/29/4 4587/29/4
f 4547/28/4 4548/28/4 4588/28/4
f 4587/31/4 4547/31/4 4588/31/4
f 4548/31/4 4549/31/4 4589/31/4
f 4588/28/4 4548/28/4 4589/28/4
f 4549/28/4 4550/28/4 4590/28/4
f 4589/31/4 4549/31/4 4590/31/4
f 4550/29/4 4551/29/4 4591/29/4
f 4590/28/4 4550/28/4 4591/28/4
f 4551/29/4 4552/29/4 4591/29/4
f 4552/31/4 4553/31/4 4592/31/4
f 4591/29/4 4552/29/4 4592/29/4
f 4553/28/4 4502/28/4 4593/28/4
f 4592/31/4 4553/31/4 4593/31/4
f 4502/31/4 4503/31/4 4594/31/4
f 4593/28/4 4502/28/4 4594/28/4
f 4555/31/4 4556/31/4 4595/31/4
f 4554/31/4 4555/31/4 4595/31/4
f 4503/29/4 4554/29/4 4595/29/4
f 4595/31/4 4556/31/4 4596/31/4
f 4596/31/4 4556/31/4 4597/31/4
f 4557/26/4 4558/26/4 4598/26/4
f 4597/31/4 4556/31/4 4598/31/4
f 4556/26/4 4557/26/4 4598/26/4
f 4598/26/4 4558/26/4 4599/26/4
f 4558/29/4 4559/29/4 4600/29/4
f 4599/26/4 4558/26/4 4600/26/4
f 4559/26/4 4560/26/4 4601/26/4
f 4600/29/4 4559/29/4 4601/29/4
f 4601/26/4 4560/26/4 4602/26/4
f 4560/31/4 4516/31/4 4603/31/4
f 4602/26/4 4560/26/4 4603/26/4
f 4603/31/4 4516/31/4 4604/31/4
f 4561/30/4 4562/30/4 4605/30/4
f 4562/32/4 4435/32/4 4605/32/4
f 4605/32/4 4435/32/4 4606/32/4
f 4568/33/4 4569/33/4 4607/33/4
f 4569/33/4 4570/33/4 4607/33/4
f 4570/31/4 4571/31/4 4607/31/4
f 4571/31/4 4522/31/4 4608/31/4
f 4607/31/4 4571/31/4 4608/31/4
f 4485/32/4 4523/32/4 4609/32/4
f 4484/31/4 4485/31/4 4609/31/4
f 4523/31/4 4572/31/4 4610/31/4
f 4609/32/4 4523/32/4 4610/32/4
f 4528/31/4 4455/31/4 4611/31/4
f 4455/29/4 4529/29/4 4612/29/4
f 4611/31/4 4455/31/4 4612/31/4
f 4577/32/4 4578/32/4 4613/32/4
f 4576/31/4 4577/31/4 4613/31/4
f 4578/30/4 4579/30/4 4614/30/4
f 4613/32/4 4578/32/4 4614/32/4
f 4536/32/4 4537/32/4 4615/32/4
f 4581/33/4 4536/33/4 4615/33/4
f 4582/33/4 4583/33/4 4616/33/4
f 4615/32/4 4537/32/4 4616/32/4
f 4537/33/4 4582/33/4 4616/33/4
f 4616/33/4 4583/33/4 4617/33/4
f 4583/30/4 4584/30/4 4618/30/4
f 4617/33/4 4583/33/4 4618/33/4
f 4584/32/4 4539/32/4 4619/32/4
f 4618/30/4 4584/30/4 4619/30/4
f 4585/31/4 4586/31/4 4620/31/4
f 4589/31/4 4590/31/4 4620/31/4
f 4592/31/4 4593/31/4 4620/31/4
f 4539/31/4 4585/31/4 4620/31/4
f 4586/31/4 4587/31/4 4620/31/4
f 4593/31/4 4594/31/4 4620/31/4
f 4591/31/4 4592/31/4 4620/31/4
f 4590/31/4 4591/31/4 4620/31/4
f 4588/31/4 4589/31/4 4620/31/4
f 4587/31/4 4588/31/4 4620/31/4
f 4620/31/4 4594/31/4 4621/31/4
f 4594/31/4 4503/31/4 4622/31/4
f 4621/31/4 4594/31/4 4622/31/4
f 4503/29/4 4595/29/4 4623/29/4
f 4622/31/4 4503/31/4 4623/31/4
f 4595/29/4 4596/29/4 4623/29/4
f 4597/29/4 4598/29/4 4624/29/4
f 4596/31/4 4597/31/4 4624/31/4
f 4598/26/4 4599/26/4 4625/26/4
f 4624/29/4 4598/29/4 4625/29/4
f 4601/29/4 4602/29/4 4626/29/4
f 4625/26/4 4599/26/4 4626/26/4
f 4599/29/4 4600/29/4 4626/29/4
f 4600/29/4 4601/29/4 4626/29/4
f 4626/29/4 4602/29/4 4627/29/4
f 4602/26/4 4603/26/4 4628/26/4
f 4627/29/4 4602/29/4 4628/29/4
f 4603/26/4 4604/26/4 4628/26/4
f 4628/26/4 4604/26/4 4629/26/4
f 4604/31/4 4516/31/4 4630/31/4
f 4629/26/4 4604/26/4 4630/26/4
f 4630/31/4 4516/31/4 4631/31/4
f 4605/30/4 4606/30/4 4632/30/4
f 3630/29/4 4561/29/4 4632/29/4
f 4561/30/4 4605/30/4 4632/30/4
f 4632/30/4 4606/30/4 4633/30/4
f 4606/32/4 4435/32/4 4634/32/4
f 4435/30/4 4563/30/4 4634/30/4
f 4563/32/4 4564/32/4 4635/32/4
f 4634/30/4 4563/30/4 4635/30/4
f 4565/30/4 4566/30/4 4636/30/4
f 4635/32/4 4564/32/4 4636/32/4
f 4564/30/4 4565/30/4 4636/30/4
f 4636/30/4 4566/30/4 4637/30/4
f 4566/35/4 4567/35/4 4638/35/4
f 4637/30/4 4566/30/4 4638/30/4
f 4567/32/4 4518/32/4 4639/32/4
f 4638/35/4 4567/35/4 4639/35/4
f 4518/30/4 4483/30/4 4640/30/4
f 4639/32/4 4518/32/4 4640/32/4
f 4483/31/4 4568/31/4 4641/31/4
f 4640/30/4 4483/30/4 4641/30/4
f 4568/33/4 4607/33/4 4642/33/4
f 4641/31/4 4568/31/4 4642/31/4
f 4607/33/4 4608/33/4 4642/33/4
f 4642/33/4 4608/33/4 4643/33/4
f 4608/31/4 4522/31/4 4644/31/4
f 4447/32/4 4484/32/4 4644/32/4
f 4522/31/4 4447/31/4 4644/31/4
f 4484/31/4 4609/31/4 4645/31/4
f 4644/32/4 4484/32/4 4645/32/4
f 4609/31/4 4610/31/4 4645/31/4
f 4610/31/4 4572/31/4 4646/31/4
f 4645/31/4 4610/31/4 4646/31/4
f 4646/31/4 4572/31/4 4647/31/4
f 4574/31/4 4526/31/4 4648/31/4
f 4526/31/4 4491/31/4 4648/31/4
f 4491/31/4 4453/31/4 4648/31/4
f 4573/31/4 4574/31/4 4648/31/4
f 4453/29/4 4527/29/4 4649/29/4
f 4648/31/4 4453/31/4 4649/31/4
f 4527/33/4 4528/33/4 4650/33/4
f 4649/29/4 4527/29/4 4650/29/4
f 4528/31/4 4611/31/4 4651/31/4
f 4650/33/4 4528/33/4 4651/33/4
f 4611/33/4 4612/33/4 4652/33/4
f 4651/31/4 4611/31/4 4652/31/4
f 4613/31/4 4614/31/4 4653/31/4
f 4576/31/4 4613/31/4 4653/31/4
f 4614/30/4 4579/30/4 4654/30/4
f 4653/31/4 4614/31/4 4654/31/4
f 4580/30/4 4581/30/4 4655/30/4
f 4581/33/4 4615/33/4 4655/33/4
f 4615/31/4 4616/31/4 4656/31/4
f 4655/33/4 4615/33/4 4656/33/4
f 4616/31/4 4617/31/4 4656/31/4
f 4656/31/4 4617/31/4 4657/31/4
f 4617/33/4 4618/33/4 4658/33/4
f 4657/31/4 4617/31/4 4658/31/4
f 4619/32/4 4539/32/4 4659/32/4
f 4539/31/4 4620/31/4 4659/31/4
f 4659/31/4 4620/31/4 4660/31/4
f 4621/31/4 4622/31/4 4661/31/4
f 4661/31/4 4622/31/4 4662/31/4
f 4624/37/4 4625/37/4 4663/37/4
f 4626/37/4 4627/37/4 4663/37/4
f 4596/31/4 4624/31/4 4663/31/4
f 4625/37/4 4626/37/4 4663/37/4
f 4663/37/4 4627/37/4 4664/37/4
f 4664/37/4 4627/37/4 4665/37/4
f 4665/37/4 4627/37/4 4666/37/4
f 4628/29/4 4629/29/4 4667/29/4
f 4666/37/4 4627/37/4 4667/37/4
f 4627/29/4 4628/29/4 4667/29/4
f 4667/29/4 4629/29/4 4668/29/4
f 4668/29/4 4629/29/4 4669/29/4
f 4669/29/4 4629/29/4 4670/29/4
f 4630/26/4 4631/26/4 4671/26/4
f 4670/29/4 4629/29/4 4671/29/4
f 4629/26/4 4630/26/4 4671/26/4
f 4671/26/4 4631/26/4 4672/26/4
f 4631/31/4 4516/31/4 4673/31/4
f 4672/26/4 4631/26/4 4673/26/4
f 4516/29/4 3631/29/4 4674/29/4
f 4673/31/4 4516/31/4 4674/31/4
f 3630/29/4 4632/29/4 4675/29/4
f 4632/29/4 4633/29/4 4675/29/4
f 4633/30/4 4606/30/4 4676/30/4
f 4675/29/4 4633/29/4 4676/29/4
f 4606/32/4 4634/32/4 4677/32/4
f 4676/30/4 4606/30/4 4677/30/4
f 4634/32/4 4635/32/4 4677/32/4
f 4636/32/4 4637/32/4 4677/32/4
f 4635/32/4 4636/32/4 4677/32/4
f 4677/32/4 4637/32/4 4678/32/4
f 4678/32/4 4637/32/4 4679/32/4
f 4637/29/4 4638/29/4 4680/29/4
f 4679/32/4 4637/32/4 4680/32/4
f 4638/29/4 4639/29/4 4680/29/4
f 4642/31/4 4643/31/4 4681/31/4
f 4641/31/4 4642/31/4 4681/31/4
f 4643/33/4 4608/33/4 4682/33/4
f 4681/31/4 4643/31/4 4682/31/4
f 4608/31/4 4644/31/4 4683/31/4
f 4682/33/4 4608/33/4 4683/33/4
f 4645/31/4 4646/31/4 4683/31/4
f 4644/31/4 4645/31/4 4683/31/4
f 4683/31/4 4646/31/4 4684/31/4
f 4573/31/4 4648/31/4 4685/31/4
f 4572/29/4 4573/29/4 4685/29/4
f 4685/31/4 4648/31/4 4686/31/4
f 4649/29/4 4650/29/4 4687/29/4
f 4648/33/4 4649/33/4 4687/33/4
f 4650/29/4 4651/29/4 4687/29/4
f 4687/29/4 4651/29/4 4688/29/4
f 4654/30/4 4579/30/4 4689/30/4
f 4653/30/4 4654/30/4 4689/30/4
f 4579/33/4 4580/33/4 4689/33/4
f 4689/33/4 4580/33/4 4690/33/4
f 4618/31/4 4619/31/4 4691/31/4
f 4619/32/4 4659/32/4 4691/32/4
f 4691/32/4 4659/32/4 4692/32/4
f 4692/32/4 4659/32/4 4693/32/4
f 4659/30/4 4660/30/4 4694/30/4
f 4693/32/4 4659/32/4 4694/32/4
f 4662/31/4 4622/31/4 4695/31/4
f 4661/30/4 4662/30/4 4695/30/4
f 4695/31/4 4622/31/4 4696/31/4
f 4622/33/4 4623/33/4 4697/33/4
f 4696/31/4 4622/31/4 4697/31/4
f 4623/29/4 4596/29/4 4698/29/4
f 4697/33/4 4623/33/4 4698/33/4
f 4663/31/4 4664/31/4 4699/31/4
f 4664/30/4 4665/30/4 4699/30/4
f 4665/28/4 4666/28/4 4700/28/4
f 4699/30/4 4665/30/4 4700/30/4
f 4667/30/4 4668/30/4 4701/30/4
f 4666/30/4 4667/30/4 4701/30/4
f 4668/37/4 4669/37/4 4701/37/4
f 4669/36/4 4670/36/4 4702/36/4
f 4701/37/4 4669/37/4 4702/37/4
f 4702/36/4 4670/36/4 4703/36/4
f 4670/29/4 4671/29/4 4704/29/4
f 4703/36/4 4670/36/4 4704/36/4
f 4671/29/4 4672/29/4 4704/29/4
f 4672/26/4 4673/26/4 4705/26/4
f 4704/29/4 4672/29/4 4705/29/4
f 4673/26/4 4674/26/4 4705/26/4
f 4705/26/4 4674/26/4 4706/26/4
f 4675/32/4 4676/32/4 4707/32/4
f 4676/30/4 4677/30/4 4707/30/4
f 4677/29/4 4678/29/4 4708/29/4
f 4707/30/4 4677/30/4 4708/30/4
f 4678/32/4 4679/32/4 4709/32/4
f 4708/29/4 4678/29/4 4709/29/4
f 4709/32/4 4679/32/4 4710/32/4
f 4710/32/4 4679/32/4 4711/32/4
f 4679/29/4 4680/29/4 4712/29/4
f 4711/32/4 4679/32/4 4712/32/4
f 4680/29/4 4639/29/4 4713/29/4
f 4712/29/4 4680/29/4 4713/29/4
f 4684/31/4 4646/31/4 4714/31/4
f 4646/29/4 4647/29/4 4714/29/4
f 4647/31/4 4572/31/4 4715/31/4
f 4714/29/4 4647/29/4 4715/29/4
f 4685/29/4 4686/29/4 4716/29/4
f 4715/31/4 4572/31/4 4716/31/4
f 4572/29/4 4685/29/4 4716/29/4
f 4686/31/4 4648/31/4 4717/31/4
f 4716/29/4 4686/29/4 4717/29/4
f 4717/31/4 4648/31/4 4718/31/4
f 4718/31/4 4648/31/4 4719/31/4
f 4688/29/4 4651/29/4 4720/29/4
f 4687/33/4 4688/33/4 4720/33/4
f 4651/33/4 4652/33/4 4721/33/4
f 4720/29/4 4651/29/4 4721/29/4
f 4652/33/4 4612/33/4 4722/33/4
f 4721/33/4 4652/33/4 4722/33/4
f 4612/29/4 4529/29/4 4722/29/4
f 4529/30/4 4575/30/4 4723/30/4
f 4722/29/4 4529/29/4 4723/29/4
f 4575/32/4 4576/32/4 4724/32/4
f 4723/30/4 4575/30/4 4724/30/4
f 4576/31/4 4653/31/4 4725/31/4
f 4724/32/4 4576/32/4 4725/32/4
f 4653/30/4 4689/30/4 4726/30/4
f 4689/31/4 4690/31/4 4727/31/4
f 4726/30/4 4689/30/4 4727/30/4
f 4690/33/4 4580/33/4 4728/33/4
f 4727/31/4 4690/31/4 4728/31/4
f 4580/30/4 4655/30/4 4729/30/4
f 4728/33/4 4580/33/4 4729/33/4
f 4656/31/4 4657/31/4 4730/31/4
f 4729/30/4 4655/30/4 4730/30/4
f 4655/31/4 4656/31/4 4730/31/4
f 4620/29/4 4621/29/4 4731/29/4
f 4660/31/4 4620/31/4 4731/31/4
f 4621/31/4 4661/31/4 4732/31/4
f 4731/29/4 4621/29/4 4732/29/4
f 4732/31/4 4661/31/4 4733/31/4
f 4695/30/4 4696/30/4 4734/30/4
f 4733/31/4 4661/31/4 4734/31/4
f 4661/30/4 4695/30/4 4734/30/4
f 4734/30/4 4696/30/4 4735/30/4
f 4735/30/4 4696/30/4 4736/30/4
f 4696/31/4 4697/31/4 4737/31/4
f 4736/30/4 4696/30/4 4737/30/4
f 4737/31/4 4697/31/4 4738/31/4
f 4738/31/4 4697/31/4 4739/31/4
f 4739/31/4 4697/31/4 4740/31/4
f 4697/29/4 4698/29/4 4741/29/4
f 4740/31/4 4697/31/4 4741/31/4
f 4698/29/4 4596/29/4 4742/29/4
f 4741/29/4 4698/29/4 4742/29/4
f 4663/31/4 4699/31/4 4743/31/4
f 4742/29/4 4596/29/4 4743/29/4
f 4596/31/4 4663/31/4 4743/31/4
f 4700/28/4 4666/28/4 4744/28/4
f 4699/28/4 4700/28/4 4744/28/4
f 4666/30/4 4701/30/4 4745/30/4
f 4744/28/4 4666/28/4 4745/28/4
f 4702/30/4 4703/30/4 4745/30/4
f 4701/30/4 4702/30/4 4745/30/4
f 4745/30/4 4703/30/4 4746/30/4
f 4746/30/4 4703/30/4 4747/30/4
f 4747/30/4 4703/30/4 4748/30/4
f 4748/30/4 4703/30/4 4749/30/4
f 4703/29/4 4704/29/4 4750/29/4
f 4749/30/4 4703/30/4 4750/30/4
f 4705/37/4 4706/37/4 4751/37/4
f 4750/29/4 4704/29/4 4751/29/4
f 4704/37/4 4705/37/4 4751/37/4
f 4706/26/4 4674/26/4 4752/26/4
f 4751/37/4 4706/37/4 4752/37/4
f 4707/29/4 4708/29/4 4753/29/4
f 4675/32/4 4707/32/4 4753/32/4
f 4709/29/4 4710/29/4 4753/29/4
f 4708/29/4 4709/29/4 4753/29/4
f 4753/29/4 4710/29/4 4754/29/4
f 4712/30/4 4713/30/4 4755/30/4
f 4711/30/4 4712/30/4 4755/30/4
f 4713/29/4 4639/29/4 4756/29/4
f 4755/30/4 4713/30/4 4756/30/4
f 4639/35/4 4640/35/4 4757/35/4
f 4756/29/4 4639/29/4 4757/29/4
f 4640/32/4 4641/32/4 4758/32/4
f 4757/35/4 4640/35/4 4758/35/4
f 4641/31/4 4681/31/4 4759/31/4
f 4758/32/4 4641/32/4 4759/32/4
f 4684/31/4 4714/31/4 4760/31/4
f 4681/33/4 4682/33/4 4760/33/4
f 4715/31/4 4716/31/4 4760/31/4
f 4683/33/4 4684/33/4 4760/33/4
f 4714/31/4 4715/31/4 4760/31/4
f 4682/33/4 4683/33/4 4760/33/4
f 4760/31/4 4716/31/4 4761/31/4
f 4761/31/4 4716/31/4 4762/31/4
f 4762/31/4 4716/31/4 4763/31/4
f 4717/31/4 4718/31/4 4764/31/4
f 4718/33/4 4719/33/4 4764/33/4
f 4719/31/4 4648/31/4 4765/31/4
f 4764/33/4 4719/33/4 4765/33/4
f 4720/33/4 4721/33/4 4766/33/4
f 4765/31/4 4648/31/4 4766/31/4
f 4722/33/4 4723/33/4 4766/33/4
f 4721/33/4 4722/33/4 4766/33/4
f 4687/33/4 4720/33/4 4766/33/4
f 4648/33/4 4687/33/4 4766/33/4
f 4724/31/4 4725/31/4 4767/31/4
f 4725/31/4 4653/31/4 4767/31/4
f 4653/30/4 4726/30/4 4768/30/4
f 4767/31/4 4653/31/4 4768/31/4
f 4726/31/4 4727/31/4 4769/31/4
f 4768/30/4 4726/30/4 4769/30/4
f 4728/31/4 4729/31/4 4769/31/4
f 4727/31/4 4728/31/4 4769/31/4
f 4729/31/4 4730/31/4 4769/31/4
f 4769/31/4 4730/31/4 4770/31/4
f 4730/31/4 4657/31/4 4771/31/4
f 4770/31/4 4730/31/4 4771/31/4
f 4771/31/4 4657/31/4 4772/31/4
f 4657/30/4 4658/30/4 4773/30/4
f 4772/31/4 4657/31/4 4773/31/4
f 4693/31/4 4694/31/4 4774/31/4
f 4692/32/4 4693/32/4 4774/32/4
f 4694/30/4 4660/30/4 4775/30/4
f 4774/31/4 4694/31/4 4775/31/4
f 4732/31/4 4733/31/4 4776/31/4
f 4731/31/4 4732/31/4 4776/31/4
f 4733/29/4 4734/29/4 4777/29/4
f 4776/31/4 4733/31/4 4777/31/4
f 4734/30/4 4735/30/4 4778/30/4
f 4778/30/4 4735/30/4 4779/30/4
f 4735/29/4 4736/29/4 4780/29/4
f 4737/30/4 4738/30/4 4780/30/4
f 4736/30/4 4737/30/4 4780/30/4
f 4738/31/4 4739/31/4 4781/31/4
f 4780/30/4 4738/30/4 4781/30/4
f 4741/33/4 4742/33/4 4782/33/4
f 4740/31/4 4741/31/4 4782/31/4
f 4742/31/4 4743/31/4 4783/31/4
f 4782/33/4 4742/33/4 4783/33/4
f 4783/31/4 4743/31/4 4784/31/4
f 4784/31/4 4743/31/4 4785/31/4
f 4747/35/4 4748/35/4 4786/35/4
f 4746/29/4 4747/29/4 4786/29/4
f 4748/34/4 4749/34/4 4787/34/4
f 4786/35/4 4748/35/4 4787/35/4
f 4751/29/4 4752/29/4 4788/29/4
f 4787/34/4 4749/34/4 4788/34/4
f 4750/29/4 4751/29/4 4788/29/4
f 4749/29/4 4750/29/4 4788/29/4
f 4788/29/4 4752/29/4 4789/29/4
f 4789/29/4 4752/29/4 4790/29/4
f 4675/32/4 4753/32/4 4791/32/4
f 4753/35/4 4754/35/4 4791/35/4
f 4754/29/4 4710/29/4 4792/29/4
f 4791/35/4 4754/35/4 4792/35/4
f 4792/29/4 4710/29/4 4793/29/4
f 4710/32/4 4711/32/4 4794/32/4
f 4793/29/4 4710/29/4 4794/29/4
f 4761/31/4 4762/31/4 4795/31/4
f 4762/33/4 4763/33/4 4795/33/4
f 4763/31/4 4716/31/4 4796/31/4
f 4795/33/4 4763/33/4 4796/33/4
f 4796/31/4 4716/31/4 4797/31/4
f 4716/33/4 4717/33/4 4798/33/4
f 4797/31/4 4716/31/4 4798/31/4
f 4764/31/4 4765/31/4 4799/31/4
f 4798/33/4 4717/33/4 4799/33/4
f 4717/31/4 4764/31/4 4799/31/4
f 4765/33/4 4766/33/4 4800/33/4
f 4799/31/4 4765/31/4 4800/31/4
f 4723/30/4 4724/30/4 4801/30/4
f 4800/33/4 4766/33/4 4801/33/4
f 4766/33/4 4723/33/4 4801/33/4
f 4724/31/4 4767/31/4 4802/31/4
f 4801/30/4 4724/30/4 4802/30/4
f 4769/30/4 4770/30/4 4803/30/4
f 4802/31/4 4767/31/4 4803/31/4
f 4767/30/4 4768/30/4 4803/30/4
f 4768/30/4 4769/30/4 4803/30/4
f 4770/31/4 4771/31/4 4804/31/4
f 4803/30/4 4770/30/4 4804/30/4
f 4771/30/4 4772/30/4 4805/30/4
f 4804/31/4 4771/31/4 4805/31/4
f 4772/33/4 4773/33/4 4806/33/4
f 4805/30/4 4772/30/4 4806/30/4
f 4773/30/4 4658/30/4 4807/30/4
f 4806/33/4 4773/33/4 4807/33/4
f 4658/33/4 4618/33/4 4808/33/4
f 4807/30/4 4658/30/4 4808/30/4
f 4618/31/4 4691/31/4 4809/31/4
f 4808/33/4 4618/33/4 4809/33/4
f 4691/30/4 4692/30/4 4810/30/4
f 4809/31/4 4691/31/4 4810/31/4
f 4692/32/4 4774/32/4 4811/32/4
f 4810/30/4 4692/30/4 4811/30/4
f 4774/30/4 4775/30/4 4812/30/4
f 4811/32/4 4774/32/4 4812/32/4
f 4660/31/4 4731/31/4 4813/31/4
f 4812/30/4 4775/30/4 4813/30/4
f 4775/30/4 4660/30/4 4813/30/4
f 4731/31/4 4776/31/4 4813/31/4
f 4776/33/4 4777/33/4 4814/33/4
f 4813/31/4 4776/31/4 4814/31/4
f 4777/29/4 4734/29/4 4815/29/4
f 4814/33/4 4777/33/4 4815/33/4
f 4734/30/4 4778/30/4 4816/30/4
f 4815/29/4 4734/29/4 4816/29/4
f 4778/29/4 4779/29/4 4817/29/4
f 4816/30/4 4778/30/4 4817/30/4
f 4779/30/4 4735/30/4 4818/30/4
f 4817/29/4 4779/29/4 4818/29/4
f 4735/29/4 4780/29/4 4819/29/4
f 4818/30/4 4735/30/4 4819/30/4
f 4780/31/4 4781/31/4 4820/31/4
f 4819/29/4 4780/29/4 4820/29/4
f 4781/31/4 4739/31/4 4821/31/4
f 4820/31/4 4781/31/4 4821/31/4
f 4739/29/4 4740/29/4 4821/29/4
f 4782/31/4 4783/31/4 4822/31/4
f 4821/29/4 4740/29/4 4822/29/4
f 4740/31/4 4782/31/4 4822/31/4
f 4783/33/4 4784/33/4 4823/33/4
f 4822/31/4 4783/31/4 4823/31/4
f 4785/31/4 4743/31/4 4824/31/4
f 4743/31/4 4699/31/4 4824/31/4
f 4699/28/4 4744/28/4 4825/28/4
f 4824/31/4 4699/31/4 4825/31/4
f 4745/30/4 4746/30/4 4826/30/4
f 4825/28/4 4744/28/4 4826/28/4
f 4744/30/4 4745/30/4 4826/30/4
f 4786/30/4 4787/30/4 4827/30/4
f 4788/29/4 4789/29/4 4828/29/4
f 4827/30/4 4787/30/4 4828/30/4
f 4787/29/4 4788/29/4 4828/29/4
f 4789/38/4 4790/38/4 4829/38/4
f 4828/29/4 4789/29/4 4829/29/4
f 4790/29/4 4752/29/4 4830/29/4
f 4829/38/4 4790/38/4 4830/38/4
f 4830/29/4 4752/29/4 4831/29/4
f 4711/30/4 4755/30/4 4832/30/4
f 4794/32/4 4711/32/4 4832/32/4
f 4793/32/4 4794/32/4 4832/32/4
f 4757/29/4 4758/29/4 4833/29/4
f 4832/30/4 4755/30/4 4833/30/4
f 4755/29/4 4756/29/4 4833/29/4
f 4756/29/4 4757/29/4 4833/29/4
f 4833/29/4 4758/29/4 4834/29/4
f 4834/29/4 4758/29/4 4835/29/4
f 4758/35/4 4759/35/4 4836/35/4
f 4835/29/4 4758/29/4 4836/29/4
f 4759/31/4 4681/31/4 4837/31/4
f 4836/35/4 4759/35/4 4837/35/4
f 4760/33/4 4761/33/4 4838/33/4
f 4837/31/4 4681/31/4 4838/31/4
f 4681/33/4 4760/33/4 4838/33/4
f 4838/33/4 4761/33/4 4839/33/4
f 4795/28/4 4796/28/4 4840/28/4
f 4796/28/4 4797/28/4 4840/28/4
f 4809/20/4 4810/20/4 4841/20/4
f 4840/28/4 4797/28/4 4841/28/4
f 4806/20/4 4807/20/4 4841/20/4
f 4801/20/4 4802/20/4 4841/20/4
f 4799/20/4 4800/20/4 4841/20/4
f 4797/20/4 4798/20/4 4841/20/4
f 4808/20/4 4809/20/4 4841/20/4
f 4810/20/4 4811/20/4 4841/20/4
f 4814/20/4 4815/20/4 4841/20/4
f 4805/20/4 4806/20/4 4841/20/4
f 4816/20/4 4817/20/4 4841/20/4
f 4798/20/4 4799/20/4 4841/20/4
f 4819/20/4 4820/20/4 4841/20/4
f 4800/20/4 4801/20/4 4841/20/4
f 4811/20/4 4812/20/4 4841/20/4
f 4807/20/4 4808/20/4 4841/20/4
f 4821/20/4 4822/20/4 4841/20/4
f 4813/20/4 4814/20/4 4841/20/4
f 4817/20/4 4818/20/4 4841/20/4
f 4804/20/4 4805/20/4 4841/20/4
f 4803/20/4 4804/20/4 4841/20/4
f 4802/20/4 4803/20/4 4841/20/4
f 4812/20/4 4813/20/4 4841/20/4
f 4815/20/4 4816/20/4 4841/20/4
f 4818/20/4 4819/20/4 4841/20/4
f 4820/20/4 4821/20/4 4841/20/4
f 4822/28/4 4823/28/4 4842/28/4
f 4841/20/4 4822/20/4 4842/20/4
f 4842/28/4 4823/28/4 4843/28/4
f 4823/33/4 4784/33/4 4844/33/4
f 4784/29/4 4785/29/4 4844/29/4
f 4844/29/4 4785/29/4 4845/29/4
f 4785/31/4 4824/31/4 4846/31/4
f 4824/28/4 4825/28/4 4847/28/4
f 4846/31/4 4824/31/4 4847/31/4
f 4786/30/4 4827/30/4 4848/30/4
f 4827/29/4 4828/29/4 4848/29/4
f 4829/29/4 4830/29/4 4848/29/4
f 4828/29/4 4829/29/4 4848/29/4
f 4848/29/4 4830/29/4 4849/29/4
f 4849/29/4 4830/29/4 4850/29/4
f 4850/29/4 4830/29/4 4851/29/4
f 4851/29/4 4830/29/4 4852/29/4
f 4830/30/4 4831/30/4 4853/30/4
f 4852/29/4 4830/29/4 4853/29/4
f 4831/29/4 4752/29/4 4854/29/4
f 4854/29/4 4752/29/4 4855/29/4
f 4855/29/4 4752/29/4 4856/29/4
f 4791/32/4 4792/32/4 4857/32/4
f 4792/35/4 4793/35/4 4857/35/4
f 4793/32/4 4832/32/4 4858/32/4
f 4857/35/4 4793/35/4 4858/35/4
f 4858/32/4 4832/32/4 4859/32/4
f 4832/29/4 4833/29/4 4860/29/4
f 4859/32/4 4832/32/4 4860/32/4
f 4833/32/4 4834/32/4 4861/32/4
f 4860/29/4 4833/29/4 4861/29/4
f 4838/31/4 4839/31/4 4862/31/4
f 4839/33/4 4761/33/4 4862/33/4
f 4862/33/4 4761/33/4 4863/33/4
f 4761/31/4 4795/31/4 4864/31/4
f 4864/31/4 4795/31/4 4865/31/4
f 4795/28/4 4840/28/4 4866/28/4
f 4865/31/4 4795/31/4 4866/31/4
f 4840/20/4 4841/20/4 4867/20/4
f 4866/28/4 4840/28/4 4867/28/4
f 4842/20/4 4843/20/4 4867/20/4
f 4841/20/4 4842/20/4 4867/20/4
f 4867/20/4 4843/20/4 4868/20/4
f 4868/20/4 4843/20/4 4869/20/4
f 4843/28/4 4823/28/4 4870/28/4
f 4869/20/4 4843/20/4 4870/20/4
f 4823/33/4 4844/33/4 4871/33/4
f 4870/28/4 4823/28/4 4871/28/4
f 4844/31/4 4845/31/4 4872/31/4
f 4871/33/4 4844/33/4 4872/33/4
f 4845/29/4 4785/29/4 4873/29/4
f 4872/31/4 4845/31/4 4873/31/4
f 4785/31/4 4846/31/4 4874/31/4
f 4873/29/4 4785/29/4 4874/29/4
f 4847/28/4 4825/28/4 4875/28/4
f 4846/30/4 4847/30/4 4875/30/4
f 4825/30/4 4826/30/4 4876/30/4
f 4875/28/4 4825/28/4 4876/28/4
f 4826/30/4 4746/30/4 4877/30/4
f 4876/30/4 4826/30/4 4877/30/4
f 4746/29/4 4786/29/4 4878/29/4
f 4877/30/4 4746/30/4 4878/30/4
f 4786/30/4 4848/30/4 4879/30/4
f 4878/29/4 4786/29/4 4879/29/4
f 4848/30/4 4849/30/4 4879/30/4
f 4849/29/4 4850/29/4 4880/29/4
f 4850/38/4 4851/38/4 4880/38/4
f 4851/29/4 4852/29/4 4881/29/4
f 4880/38/4 4851/38/4 4881/38/4
f 4831/29/4 4854/29/4 4882/29/4
f 4854/37/4 4855/37/4 4882/37/4
f 4855/36/4 4856/36/4 4883/36/4
f 4882/37/4 4855/37/4 4883/37/4
f 4856/29/4 4752/29/4 4884/29/4
f 4883/36/4 4856/36/4 4884/36/4
f 4752/26/4 4674/26/4 4885/26/4
f 4884/29/4 4752/29/4 4885/29/4
f 4835/29/4 4836/29/4 4886/29/4
f 4836/29/4 4837/29/4 4886/29/4
f 4837/35/4 4838/35/4 4887/35/4
f 4886/29/4 4837/29/4 4887/29/4
f 4862/31/4 4863/31/4 4888/31/4
f 4887/35/4 4838/35/4 4888/35/4
f 4838/31/4 4862/31/4 4888/31/4
f 4888/31/4 4863/31/4 4889/31/4
f 4863/33/4 4761/33/4 4890/33/4
f 4889/31/4 4863/31/4 4890/31/4
f 4890/33/4 4761/33/4 4891/33/4
f 4761/31/4 4864/31/4 4892/31/4
f 4891/33/4 4761/33/4 4892/33/4
f 4892/31/4 4864/31/4 4893/31/4
f 4864/29/4 4865/29/4 4894/29/4
f 4865/31/4 4866/31/4 4894/31/4
f 4867/20/4 4868/20/4 4895/20/4
f 4894/31/4 4866/31/4 4895/31/4
f 4866/20/4 4867/20/4 4895/20/4
f 4895/20/4 4868/20/4 4896/20/4
f 4868/33/4 4869/33/4 4897/33/4
f 4896/20/4 4868/20/4 4897/20/4
f 4897/33/4 4869/33/4 4898/33/4
f 4898/33/4 4869/33/4 4899/33/4
f 4870/20/4 4871/20/4 4900/20/4
f 4899/33/4 4869/33/4 4900/33/4
f 4869/20/4 4870/20/4 4900/20/4
f 4900/20/4 4871/20/4 4901/20/4
f 4872/33/4 4873/33/4 4902/33/4
f 4901/20/4 4871/20/4 4902/20/4
f 4871/33/4 4872/33/4 4902/33/4
f 4902/33/4 4873/33/4 4903/33/4
f 4873/30/4 4874/30/4 4904/30/4
f 4903/33/4 4873/33/4 4904/33/4
f 4874/31/4 4846/31/4 4905/31/4
f 4904/30/4 4874/30/4 4905/30/4
f 4905/31/4 4846/31/4 4906/31/4
f 4875/30/4 4876/30/4 4907/30/4
f 4876/30/4 4877/30/4 4907/30/4
f 4877/29/4 4878/29/4 4908/29/4
f 4907/30/4 4877/30/4 4908/30/4
f 4883/29/4 4884/29/4 4909/29/4
f 4882/29/4 4883/29/4 4909/29/4
f 4884/26/4 4885/26/4 4910/26/4
f 4909/29/4 4884/29/4 4910/29/4
f 4858/35/4 4859/35/4 4911/35/4
f 4857/32/4 4858/32/4 4911/32/4
f 4860/32/4 4861/32/4 4912/32/4
f 4911/35/4 4859/35/4 4912/35/4
f 4859/32/4 4860/32/4 4912/32/4
f 4912/32/4 4861/32/4 4913/32/4
f 4890/31/4 4891/31/4 4914/31/4
f 4889/31/4 4890/31/4 4914/31/4
f 4892/1/4 4893/1/4 4915/1/4
f 4914/31/4 4891/31/4 4915/31/4
f 4891/1/4 4892/1/4 4915/1/4
f 4915/1/4 4893/1/4 4916/1/4
f 4916/1/4 4893/1/4 4917/1/4
f 4917/1/4 4893/1/4 4918/1/4
f 4893/31/4 4864/31/4 4919/31/4
f 4918/1/4 4893/1/4 4919/1/4
f 4897/33/4 4898/33/4 4920/33/4
f 4896/33/4 4897/33/4 4920/33/4
f 4898/31/4 4899/31/4 4921/31/4
f 4920/33/4 4898/33/4 4921/33/4
f 4900/33/4 4901/33/4 4922/33/4
f 4921/31/4 4899/31/4 4922/31/4
f 4899/33/4 4900/33/4 4922/33/4
f 4922/33/4 4901/33/4 4923/33/4
f 4904/31/4 4905/31/4 4924/31/4
f 4905/29/4 4906/29/4 4924/29/4
f 4906/31/4 4846/31/4 4925/31/4
f 4924/29/4 4906/29/4 4925/29/4
f 4853/30/4 4831/30/4 4926/30/4
f 4852/30/4 4853/30/4 4926/30/4
f 4831/29/4 4882/29/4 4927/29/4
f 4926/30/4 4831/30/4 4927/30/4
f 4882/29/4 4909/29/4 4927/29/4
f 4927/29/4 4909/29/4 4928/29/4
f 4928/29/4 4909/29/4 4929/29/4
f 4910/26/4 4885/26/4 4930/26/4
f 4909/26/4 4910/26/4 4930/26/4
f 4885/26/4 4674/26/4 4931/26/4
f 4930/26/4 4885/26/4 4931/26/4
f 4674/29/4 3631/29/4 4931/29/4
f 4913/32/4 4861/32/4 4932/32/4
f 4912/35/4 4913/35/4 4932/35/4
f 4861/32/4 4834/32/4 4933/32/4
f 4932/32/4 4861/32/4 4933/32/4
f 4834/30/4 4835/30/4 4934/30/4
f 4933/32/4 4834/32/4 4934/32/4
f 4835/29/4 4886/29/4 4935/29/4
f 4934/30/4 4835/30/4 4935/30/4
f 4886/37/4 4887/37/4 4936/37/4
f 4935/29/4 4886/29/4 4936/29/4
f 4887/29/4 4888/29/4 4937/29/4
f 4936/37/4 4887/37/4 4937/37/4
f 4888/35/4 4889/35/4 4938/35/4
f 4937/29/4 4888/29/4 4938/29/4
f 4889/31/4 4914/31/4 4939/31/4
f 4938/35/4 4889/35/4 4939/35/4
f 4914/33/4 4915/33/4 4940/33/4
f 4939/31/4 4914/31/4 4940/31/4
f 4915/33/4 4916/33/4 4940/33/4
f 4916/1/4 4917/1/4 4941/1/4
f 4940/33/4 4916/33/4 4941/33/4
f 4917/31/4 4918/31/4 4942/31/4
f 4941/1/4 4917/1/4 4942/1/4
f 4918/33/4 4919/33/4 4943/33/4
f 4942/31/4 4918/31/4 4943/31/4
f 4943/33/4 4919/33/4 4944/33/4
f 4944/33/4 4919/33/4 4945/33/4
f 4919/31/4 4864/31/4 4946/31/4
f 4945/33/4 4919/33/4 4946/33/4
f 4920/31/4 4921/31/4 4947/31/4
f 4921/31/4 4922/31/4 4947/31/4
f 4922/31/4 4923/31/4 4947/31/4
f 4947/31/4 4923/31/4 4948/31/4
f 4849/29/4 4880/29/4 4949/29/4
f 4879/30/4 4849/30/4 4949/30/4
f 4878/30/4 4879/30/4 4949/30/4
f 4880/29/4 4881/29/4 4949/29/4
f 4949/29/4 4881/29/4 4950/29/4
f 4929/29/4 4909/29/4 4951/29/4
f 4909/26/4 4930/26/4 4952/26/4
f 4951/29/4 4909/29/4 4952/29/4
f 4912/35/4 4932/35/4 4953/35/4
f 4932/35/4 4933/35/4 4953/35/4
f 4911/32/4 4912/32/4 4953/32/4
f 4953/35/4 4933/35/4 4954/35/4
f 4933/32/4 4934/32/4 4955/32/4
f 4939/29/4 4940/29/4 4955/29/4
f 4936/29/4 4937/29/4 4955/29/4
f 4937/29/4 4938/29/4 4955/29/4
f 4934/32/4 4935/32/4 4955/32/4
f 4935/29/4 4936/29/4 4955/29/4
f 4938/29/4 4939/29/4 4955/29/4
f 4955/29/4 4940/29/4 4956/29/4
f 4940/33/4 4941/33/4 4957/33/4
f 4956/29/4 4940/29/4 4957/29/4
f 4941/31/4 4942/31/4 4958/31/4
f 4957/33/4 4941/33/4 4958/33/4
f 4943/1/4 4944/1/4 4959/1/4
f 4958/31/4 4942/31/4 4959/31/4
f 4942/1/4 4943/1/4 4959/1/4
f 4944/33/4 4945/33/4 4960/33/4
f 4959/1/4 4944/1/4 4960/1/4
f 4945/31/4 4946/31/4 4961/31/4
f 4960/33/4 4945/33/4 4961/33/4
f 4920/31/4 4947/31/4 4962/31/4
f 4962/31/4 4947/31/4 4963/31/4
f 4947/20/4 4948/20/4 4964/20/4
f 4963/31/4 4947/31/4 4964/31/4
f 4964/20/4 4948/20/4 4965/20/4
f 4925/31/4 4846/31/4 4966/31/4
f 4846/30/4 4875/30/4 4966/30/4
f 4875/30/4 4907/30/4 4966/30/4
f 4907/29/4 4908/29/4 4967/29/4
f 4966/30/4 4907/30/4 4967/30/4
f 4950/29/4 4881/29/4 4968/29/4
f 4881/29/4 4852/29/4 4968/29/4
f 4852/30/4 4926/30/4 4969/30/4
f 4968/29/4 4852/29/4 4969/29/4
f 4929/29/4 4951/29/4 4970/29/4
f 4928/26/4 4929/26/4 4970/26/4
f 4951/30/4 4952/30/4 4971/30/4
f 4970/29/4 4951/29/4 4971/29/4
f 4952/26/4 4930/26/4 4972/26/4
f 4971/30/4 4952/30/4 4972/30/4
f 4930/31/4 4931/31/4 4973/31/4
f 4972/26/4 4930/26/4 4973/26/4
f 4954/35/4 4933/35/4 4974/35/4
f 4953/32/4 4954/32/4 4974/32/4
f 4974/35/4 4933/35/4 4975/35/4
f 4955/32/4 4956/32/4 4976/32/4
f 4975/35/4 4933/35/4 4976/35/4
f 4933/32/4 4955/32/4 4976/32/4
f 4976/32/4 4956/32/4 4977/32/4
f 4959/31/4 4960/31/4 4978/31/4
f 4958/31/4 4959/31/4 4978/31/4
f 4957/31/4 4958/31/4 4978/31/4
f 4960/1/4 4961/1/4 4978/1/4
f 4961/31/4 4946/31/4 4979/31/4
f 4978/1/4 4961/1/4 4979/1/4
f 4979/31/4 4946/31/4 4980/31/4
f 4962/20/4 4963/20/4 4981/20/4
f 4964/31/4 4965/31/4 4982/31/4
f 4981/20/4 4963/20/4 4982/20/4
f 4963/31/4 4964/31/4 4982/31/4
f 4965/20/4 4948/20/4 4983/20/4
f 4982/31/4 4965/31/4 4983/31/4
f 4983/20/4 4948/20/4 4984/20/4
f 4878/30/4 4949/30/4 4985/30/4
f 4949/30/4 4950/30/4 4985/30/4
f 4950/29/4 4968/29/4 4986/29/4
f 4985/30/4 4950/30/4 4986/30/4
f 4968/30/4 4969/30/4 4987/30/4
f 4986/29/4 4968/29/4 4987/29/4
f 4969/30/4 4926/30/4 4988/30/4
f 4987/30/4 4969/30/4 4988/30/4
f 4927/29/4 4928/29/4 4988/29/4
f 4926/29/4 4927/29/4 4988/29/4
f 4928/26/4 4970/26/4 4989/26/4
f 4988/29/4 4928/29/4 4989/29/4
f 4970/30/4 4971/30/4 4990/30/4
f 4989/26/4 4970/26/4 4990/26/4
f 4971/30/4 4972/30/4 4990/30/4
f 4978/31/4 4979/31/4 4991/31/4
f 4957/31/4 4978/31/4 4991/31/4
f 4979/1/4 4980/1/4 4992/1/4
f 4991/31/4 4979/31/4 4992/31/4
f 4980/31/4 4946/31/4 4993/31/4
f 4992/1/4 4980/1/4 4993/1/4
f 4946/31/4 4864/31/4 4994/31/4
f 4993/31/4 4946/31/4 4994/31/4
f 4974/32/4 4975/32/4 4995/32/4
f 4976/35/4 4977/35/4 4995/35/4
f 4975/35/4 4976/35/4 4995/35/4
f 4995/35/4 4977/35/4 4996/35/4
f 4992/1/4 4993/1/4 4997/1/4
f 4993/1/4 4994/1/4 4997/1/4
f 4957/31/4 4991/31/4 4997/31/4
f 4991/1/4 4992/1/4 4997/1/4
f 4997/1/4 4994/1/4 4998/1/4
f 4994/31/4 4864/31/4 4999/31/4
f 4998/1/4 4994/1/4 4999/1/4
f 4962/20/4 4981/20/4 5000/20/4
f 4981/31/4 4982/31/4 5001/31/4
f 5000/20/4 4981/20/4 5001/20/4
f 4982/31/4 4983/31/4 5001/31/4
f 4983/31/4 4984/31/4 5001/31/4
f 4903/33/4 4904/33/4 5002/33/4
f 4902/20/4 4903/20/4 5002/20/4
f 4901/20/4 4902/20/4 5002/20/4
f 4904/31/4 4924/31/4 5003/31/4
f 5002/33/4 4904/33/4 5003/33/4
f 4924/30/4 4925/30/4 5004/30/4
f 5003/31/4 4924/31/4 5004/31/4
f 4925/31/4 4966/31/4 5005/31/4
f 4966/28/4 4967/28/4 5005/28/4
f 4967/29/4 4908/29/4 5006/29/4
f 5005/28/4 4967/28/4 5006/28/4
f 4908/29/4 4878/29/4 5007/29/4
f 5006/29/4 4908/29/4 5007/29/4
f 4878/30/4 4985/30/4 5007/30/4
f 4986/29/4 4987/29/4 5008/29/4
f 5007/30/4 4985/30/4 5008/30/4
f 4988/29/4 4989/29/4 5008/29/4
f 4987/29/4 4988/29/4 5008/29/4
f 4985/29/4 4986/29/4 5008/29/4
f 4989/29/4 4990/29/4 5008/29/4
f 5008/29/4 4990/29/4 5009/29/4
f 4996/35/4 4977/35/4 5010/35/4
f 4995/32/4 4996/32/4 5010/32/4
f 4977/32/4 4956/32/4 5011/32/4
f 5010/35/4 4977/35/4 5011/35/4
f 5011/32/4 4956/32/4 5012/32/4
f 5012/32/4 4956/32/4 5013/32/4
f 4956/29/4 4957/29/4 5014/29/4
f 5013/32/4 4956/32/4 5014/32/4
f 4997/33/4 4998/33/4 5015/33/4
f 4957/31/4 4997/31/4 5015/31/4
f 4998/31/4 4999/31/4 5016/31/4
f 5015/33/4 4998/33/4 5016/33/4
f 4999/31/4 4864/31/4 5017/31/4
f 5016/31/4 4999/31/4 5017/31/4
f 5001/31/4 4984/31/4 5018/31/4
f 5000/31/4 5001/31/4 5018/31/4
f 5018/31/4 4984/31/4 5019/31/4
f 5005/34/4 5006/34/4 5020/34/4
f 4925/31/4 5005/31/4 5020/31/4
f 5006/34/4 5007/34/4 5020/34/4
f 5020/34/4 5007/34/4 5021/34/4
f 5008/35/4 5009/35/4 5022/35/4
f 5021/34/4 5007/34/4 5022/34/4
f 5007/35/4 5008/35/4 5022/35/4
f 5022/35/4 5009/35/4 5023/35/4
f 5009/29/4 4990/29/4 5024/29/4
f 5023/35/4 5009/35/4 5024/35/4
f 4990/30/4 4972/30/4 5025/30/4
f 5024/29/4 4990/29/4 5025/29/4
f 5025/30/4 4972/30/4 5026/30/4
f 4972/31/4 4973/31/4 5027/31/4
f 5026/30/4 4972/30/4 5027/30/4
f 4973/31/4 4931/31/4 5028/31/4
f 5027/31/4 4973/31/4 5028/31/4
f 4931/29/4 3631/29/4 5029/29/4
f 5028/31/4 4931/31/4 5029/31/4
f 5012/32/4 5013/32/4 5030/32/4
f 5011/35/4 5012/35/4 5030/35/4
f 5013/29/4 5014/29/4 5031/29/4
f 5030/32/4 5013/32/4 5031/32/4
f 5014/29/4 4957/29/4 5032/29/4
f 5031/29/4 5014/29/4 5032/29/4
f 5032/29/4 4957/29/4 5033/29/4
f 5033/29/4 4957/29/4 5034/29/4
f 4957/31/4 5015/31/4 5035/31/4
f 5034/29/4 4957/29/4 5035/29/4
f 5015/1/4 5016/1/4 5036/1/4
f 5035/31/4 5015/31/4 5036/31/4
f 5016/1/4 5017/1/4 5036/1/4
f 5017/31/4 4864/31/4 5037/31/4
f 5036/1/4 5017/1/4 5037/1/4
f 4864/29/4 4894/29/4 5038/29/4
f 5037/31/4 4864/31/4 5038/31/4
f 4895/20/4 4896/20/4 5039/20/4
f 5038/29/4 4894/29/4 5039/29/4
f 4894/20/4 4895/20/4 5039/20/4
f 5000/31/4 5018/31/4 5040/31/4
f 5018/25/4 5019/25/4 5041/25/4
f 5040/31/4 5018/31/4 5041/31/4
f 5019/31/4 4984/31/4 5042/31/4
f 5041/25/4 5019/25/4 5042/25/4
f 5042/31/4 4984/31/4 5043/31/4
f 4925/31/4 5020/31/4 5044/31/4
f 5020/29/4 5021/29/4 5045/29/4
f 5044/31/4 5020/31/4 5045/31/4
f 5022/37/4 5023/37/4 5046/37/4
f 5045/29/4 5021/29/4 5046/29/4
f 5021/37/4 5022/37/4 5046/37/4
f 5023/29/4 5024/29/4 5047/29/4
f 5046/37/4 5023/37/4 5047/37/4
f 5024/29/4 5025/29/4 5047/29/4
f 5047/29/4 5025/29/4 5048/29/4
f 5048/29/4 5025/29/4 5049/29/4
f 5030/35/4 5031/35/4 5050/35/4
f 5011/35/4 5030/35/4 5050/35/4
f 5010/32/4 5011/32/4 5050/32/4
f 5050/35/4 5031/35/4 5051/35/4
f 5035/31/4 5036/31/4 5052/31/4
f 5037/31/4 5038/31/4 5052/31/4
f 5034/31/4 5035/31/4 5052/31/4
f 5036/31/4 5037/31/4 5052/31/4
f 5038/31/4 5039/31/4 5052/31/4
f 5052/31/4 5039/31/4 5053/31/4
f 5000/31/4 5040/31/4 5054/31/4
f 5040/25/4 5041/25/4 5055/25/4
f 5054/31/4 5040/31/4 5055/31/4
f 5041/31/4 5042/31/4 5056/31/4
f 5055/25/4 5041/25/4 5056/25/4
f 5056/31/4 5042/31/4 5057/31/4
f 5057/31/4 5042/31/4 5058/31/4
f 5042/2/4 5043/2/4 5059/2/4
f 5058/31/4 5042/31/4 5059/31/4
f 5059/2/4 5043/2/4 5060/2/4
f 5043/31/4 4984/31/4 5061/31/4
f 5060/2/4 5043/2/4 5061/2/4
f 5061/31/4 4984/31/4 5062/31/4
f 5044/20/4 5045/20/4 5063/20/4
f 5045/20/4 5046/20/4 5063/20/4
f 5046/20/4 5047/20/4 5063/20/4
f 5047/37/4 5048/37/4 5063/37/4
f 5048/36/4 5049/36/4 5064/36/4
f 5063/37/4 5048/37/4 5064/37/4
f 5049/29/4 5025/29/4 5065/29/4
f 5064/36/4 5049/36/4 5065/36/4
f 5026/31/4 5027/31/4 5066/31/4
f 5025/26/4 5026/26/4 5066/26/4
f 5027/31/4 5028/31/4 5066/31/4
f 5066/31/4 5028/31/4 5067/31/4
f 5051/35/4 5031/35/4 5068/35/4
f 5050/32/4 5051/32/4 5068/32/4
f 5031/32/4 5032/32/4 5069/32/4
f 5068/35/4 5031/35/4 5069/35/4
f 5069/32/4 5032/32/4 5070/32/4
f 5033/29/4 5034/29/4 5071/29/4
f 5034/31/4 5052/31/4 5071/31/4
f 5071/31/4 5052/31/4 5072/31/4
f 5052/1/4 5053/1/4 5073/1/4
f 5072/31/4 5052/31/4 5073/31/4
f 5073/1/4 5053/1/4 5074/1/4
f 5074/1/4 5053/1/4 5075/1/4
f 5053/31/4 5039/31/4 5076/31/4
f 5075/1/4 5053/1/4 5076/1/4
f 5000/31/4 5054/31/4 5077/31/4
f 5054/25/4 5055/25/4 5078/25/4
f 5077/31/4 5054/31/4 5078/31/4
f 5056/31/4 5057/31/4 5079/31/4
f 5078/25/4 5055/25/4 5079/25/4
f 5055/31/4 5056/31/4 5079/31/4
f 5079/31/4 5057/31/4 5080/31/4
f 5057/25/4 5058/25/4 5081/25/4
f 5080/31/4 5057/31/4 5081/31/4
f 5059/31/4 5060/31/4 5082/31/4
f 5081/25/4 5058/25/4 5082/25/4
f 5058/31/4 5059/31/4 5082/31/4
f 5082/31/4 5060/31/4 5083/31/4
f 5061/2/4 5062/2/4 5084/2/4
f 5083/31/4 5060/31/4 5084/31/4
f 5060/2/4 5061/2/4 5084/2/4
f 5084/2/4 5062/2/4 5085/2/4
f 5062/31/4 4984/31/4 5086/31/4
f 5085/2/4 5062/2/4 5086/2/4
f 5086/31/4 4984/31/4 5087/31/4
f 4984/20/4 4948/20/4 5088/20/4
f 5087/31/4 4984/31/4 5088/31/4
f 4948/31/4 4923/31/4 5089/31/4
f 5088/20/4 4948/20/4 5089/20/4
f 5003/30/4 5004/30/4 5090/30/4
f 5002/31/4 5003/31/4 5090/31/4
f 5004/30/4 4925/30/4 5091/30/4
f 5090/30/4 5004/30/4 5091/30/4
f 4925/31/4 5044/31/4 5092/31/4
f 5091/30/4 4925/30/4 5092/30/4
f 5044/20/4 5063/20/4 5093/20/4
f 5092/31/4 5044/31/4 5093/31/4
f 5063/29/4 5064/29/4 5094/29/4
f 5093/20/4 5063/20/4 5094/20/4
f 5064/29/4 5065/29/4 5094/29/4
f 5094/29/4 5065/29/4 5095/29/4
f 5065/29/4 5025/29/4 5096/29/4
f 5095/29/4 5065/29/4 5096/29/4
f 5096/29/4 5025/29/4 5097/29/4
f 5066/26/4 5067/26/4 5098/26/4
f 5097/29/4 5025/29/4 5098/29/4
f 5025/26/4 5066/26/4 5098/26/4
f 5098/26/4 5067/26/4 5099/26/4
f 5067/31/4 5028/31/4 5100/31/4
f 5099/26/4 5067/26/4 5100/26/4
f 5100/31/4 5028/31/4 5101/31/4
f 5010/32/4 5050/32/4 5102/32/4
f 4995/32/4 5010/32/4 5102/32/4
f 4974/32/4 4995/32/4 5102/32/4
f 5050/32/4 5068/32/4 5102/32/4
f 5068/32/4 5069/32/4 5102/32/4
f 5102/32/4 5069/32/4 5103/32/4
f 5072/31/4 5073/31/4 5104/31/4
f 5073/31/4 5074/31/4 5104/31/4
f 5074/1/4 5075/1/4 5105/1/4
f 5104/31/4 5074/31/4 5105/31/4
f 5075/31/4 5076/31/4 5106/31/4
f 5105/1/4 5075/1/4 5106/1/4
f 4962/20/4 5000/20/4 5107/20/4
f 4920/31/4 4962/31/4 5107/31/4
f 5000/31/4 5077/31/4 5108/31/4
f 5107/20/4 5000/20/4 5108/20/4
f 5108/31/4 5077/31/4 5109/31/4
f 5077/25/4 5078/25/4 5110/25/4
f 5109/31/4 5077/31/4 5110/31/4
f 5078/31/4 5079/31/4 5111/31/4
f 5110/25/4 5078/25/4 5111/25/4
f 5079/31/4 5080/31/4 5111/31/4
f 5111/31/4 5080/31/4 5112/31/4
f 5112/31/4 5080/31/4 5113/31/4
f 5082/25/4 5083/25/4 5114/25/4
f 5113/31/4 5080/31/4 5114/31/4
f 5081/25/4 5082/25/4 5114/25/4
f 5080/25/4 5081/25/4 5114/25/4
f 5084/31/4 5085/31/4 5115/31/4
f 5114/25/4 5083/25/4 5115/25/4
f 5083/31/4 5084/31/4 5115/31/4
f 5115/31/4 5085/31/4 5116/31/4
f 5085/2/4 5086/2/4 5117/2/4
f 5116/31/4 5085/31/4 5117/31/4
f 5086/2/4 5087/2/4 5117/2/4
f 5087/31/4 5088/31/4 5118/31/4
f 5117/2/4 5087/2/4 5118/2/4
f 5088/31/4 5089/31/4 5118/31/4
f 5118/31/4 5089/31/4 5119/31/4
f 5094/20/4 5095/20/4 5120/20/4
f 5095/35/4 5096/35/4 5120/35/4
f 5096/34/4 5097/34/4 5121/34/4
f 5120/35/4 5096/35/4 5121/35/4
f 5098/29/4 5099/29/4 5122/29/4
f 5121/34/4 5097/34/4 5122/34/4
f 5097/29/4 5098/29/4 5122/29/4
f 5100/26/4 5101/26/4 5123/26/4
f 5122/29/4 5099/29/4 5123/29/4
f 5099/26/4 5100/26/4 5123/26/4
f 5123/26/4 5101/26/4 5124/26/4
f 5101/31/4 5028/31/4 5125/31/4
f 5124/26/4 5101/26/4 5125/26/4
f 5028/32/4 5029/32/4 5126/32/4
f 5125/31/4 5028/31/4 5126/31/4
f 5069/35/4 5070/35/4 5127/35/4
f 5103/32/4 5069/32/4 5127/32/4
f 5070/32/4 5032/32/4 5128/32/4
f 5127/35/4 5070/35/4 5128/35/4
f 5032/35/4 5033/35/4 5129/35/4
f 5128/32/4 5032/32/4 5129/32/4
f 5072/31/4 5104/31/4 5130/31/4
f 5104/1/4 5105/1/4 5131/1/4
f 5130/31/4 5104/31/4 5131/31/4
f 5105/31/4 5106/31/4 5132/31/4
f 5131/1/4 5105/1/4 5132/1/4
f 5108/31/4 5109/31/4 5133/31/4
f 5107/31/4 5108/31/4 5133/31/4
f 5109/25/4 5110/25/4 5134/25/4
f 5133/31/4 5109/31/4 5134/31/4
f 5111/31/4 5112/31/4 5135/31/4
f 5134/25/4 5110/25/4 5135/25/4
f 5110/31/4 5111/31/4 5135/31/4
f 5135/31/4 5112/31/4 5136/31/4
f 5112/25/4 5113/25/4 5137/25/4
f 5136/31/4 5112/31/4 5137/31/4
f 5113/2/4 5114/2/4 5138/2/4
f 5137/25/4 5113/25/4 5138/25/4
f 5114/32/4 5115/32/4 5139/32/4
f 5138/2/4 5114/2/4 5139/2/4
f 5139/32/4 5115/32/4 5140/32/4
f 5140/32/4 5115/32/4 5141/32/4
f 5141/32/4 5115/32/4 5142/32/4
f 5115/25/4 5116/25/4 5143/25/4
f 5142/32/4 5115/32/4 5143/32/4
f 5116/31/4 5117/31/4 5144/31/4
f 5143/25/4 5116/25/4 5144/25/4
f 5117/31/4 5118/31/4 5144/31/4
f 5144/31/4 5118/31/4 5145/31/4
f 5119/31/4 5089/31/4 5146/31/4
f 5118/25/4 5119/25/4 5146/25/4
f 5146/31/4 5089/31/4 5147/31/4
f 5120/29/4 5121/29/4 5148/29/4
f 5123/29/4 5124/29/4 5148/29/4
f 5121/29/4 5122/29/4 5148/29/4
f 5124/26/4 5125/26/4 5148/26/4
f 5122/29/4 5123/29/4 5148/29/4
f 5125/29/4 5126/29/4 5149/29/4
f 5148/26/4 5125/26/4 5149/26/4
f 5126/32/4 5029/32/4 5150/32/4
f 5149/29/4 5126/29/4 5150/29/4
f 5029/29/4 3631/29/4 5151/29/4
f 5150/32/4 5029/32/4 5151/32/4
f 5127/31/4 5128/31/4 5152/31/4
f 5128/35/4 5129/35/4 5152/35/4
f 5129/35/4 5033/35/4 5153/35/4
f 5152/35/4 5129/35/4 5153/35/4
f 5071/35/4 5072/35/4 5154/35/4
f 5072/31/4 5130/31/4 5154/31/4
f 5154/31/4 5130/31/4 5155/31/4
f 5130/1/4 5131/1/4 5156/1/4
f 5155/31/4 5130/31/4 5156/31/4
f 5131/31/4 5132/31/4 5157/31/4
f 5156/1/4 5131/1/4 5157/1/4
f 5132/31/4 5106/31/4 5158/31/4
f 5157/31/4 5132/31/4 5158/31/4
f 5107/31/4 5133/31/4 5159/31/4
f 5133/25/4 5134/25/4 5160/25/4
f 5159/31/4 5133/31/4 5160/31/4
f 5135/31/4 5136/31/4 5161/31/4
f 5160/25/4 5134/25/4 5161/25/4
f 5134/31/4 5135/31/4 5161/31/4
f 5161/31/4 5136/31/4 5162/31/4
f 5136/25/4 5137/25/4 5163/25/4
f 5162/31/4 5136/31/4 5163/31/4
f 5137/32/4 5138/32/4 5164/32/4
f 5163/25/4 5137/25/4 5164/25/4
f 5138/32/4 5139/32/4 5164/32/4
f 5164/32/4 5139/32/4 5165/32/4
f 5139/25/4 5140/25/4 5166/25/4
f 5165/32/4 5139/32/4 5166/32/4
f 5140/32/4 5141/32/4 5167/32/4
f 5141/25/4 5142/25/4 5168/25/4
f 5167/32/4 5141/32/4 5168/32/4
f 5142/32/4 5143/32/4 5169/32/4
f 5168/25/4 5142/25/4 5169/25/4
f 5143/32/4 5144/32/4 5169/32/4
f 5169/32/4 5144/32/4 5170/32/4
f 5144/25/4 5145/25/4 5171/25/4
f 5170/32/4 5144/32/4 5171/32/4
f 5145/31/4 5118/31/4 5172/31/4
f 5171/25/4 5145/25/4 5172/25/4
f 5172/31/4 5118/31/4 5173/31/4
f 5146/25/4 5147/25/4 5174/25/4
f 5173/31/4 5118/31/4 5174/31/4
f 5118/25/4 5146/25/4 5174/25/4
f 5174/25/4 5147/25/4 5175/25/4
f 5147/31/4 5089/31/4 5176/31/4
f 5175/25/4 5147/25/4 5176/25/4
f 5176/31/4 5089/31/4 5177/31/4
f 5094/20/4 5120/20/4 5178/20/4
f 5149/29/4 5150/29/4 5178/29/4
f 5148/29/4 5149/29/4 5178/29/4
f 5120/29/4 5148/29/4 5178/29/4
f 5178/29/4 5150/29/4 5179/29/4
f 5179/29/4 5150/29/4 5180/29/4
f 5102/29/4 5103/29/4 5181/29/4
f 4974/32/4 5102/32/4 5181/32/4
f 5103/32/4 5127/32/4 5182/32/4
f 5181/29/4 5103/29/4 5182/29/4
f 5127/31/4 5152/31/4 5183/31/4
f 5182/32/4 5127/32/4 5183/32/4
f 5152/31/4 5153/31/4 5183/31/4
f 5183/31/4 5153/31/4 5184/31/4
f 5156/31/4 5157/31/4 5185/31/4
f 5155/31/4 5156/31/4 5185/31/4
f 5157/1/4 5158/1/4 5185/1/4
f 5158/31/4 5106/31/4 5186/31/4
f 5185/1/4 5158/1/4 5186/1/4
f 5106/31/4 5076/31/4 5187/31/4
f 5186/31/4 5106/31/4 5187/31/4
f 5161/31/4 5162/31/4 5188/31/4
f 5160/31/4 5161/31/4 5188/31/4
f 5162/25/4 5163/25/4 5189/25/4
f 5188/31/4 5162/31/4 5189/31/4
f 5164/32/4 5165/32/4 5190/32/4
f 5189/25/4 5163/25/4 5190/25/4
f 5163/32/4 5164/32/4 5190/32/4
f 5170/32/4 5171/32/4 5191/32/4
f 5167/25/4 5168/25/4 5191/25/4
f 5171/32/4 5172/32/4 5191/32/4
f 5168/25/4 5169/25/4 5191/25/4
f 5169/25/4 5170/25/4 5191/25/4
f 5191/32/4 5172/32/4 5192/32/4
f 5172/25/4 5173/25/4 5193/25/4
f 5192/32/4 5172/32/4 5193/32/4
f 5174/31/4 5175/31/4 5194/31/4
f 5193/25/4 5173/25/4 5194/25/4
f 5173/31/4 5174/31/4 5194/31/4
f 5194/31/4 5175/31/4 5195/31/4
f 5176/25/4 5177/25/4 5196/25/4
f 5195/31/4 5175/31/4 5196/31/4
f 5175/25/4 5176/25/4 5196/25/4
f 5196/25/4 5177/25/4 5197/25/4
f 5094/20/4 5178/20/4 5198/20/4
f 5178/37/4 5179/37/4 5198/37/4
f 5179/36/4 5180/36/4 5199/36/4
f 5198/37/4 5179/37/4 5199/37/4
f 5180/29/4 5150/29/4 5200/29/4
f 5199/36/4 5180/36/4 5200/36/4
f 5150/31/4 5151/31/4 5201/31/4
f 5200/29/4 5150/29/4 5201/29/4
f 5184/31/4 5153/31/4 5202/31/4
f 5153/35/4 5033/35/4 5202/35/4
f 5033/29/4 5071/29/4 5203/29/4
f 5202/35/4 5033/35/4 5203/35/4
f 5071/35/4 5154/35/4 5204/35/4
f 5203/29/4 5071/29/4 5204/29/4
f 5185/31/4 5186/31/4 5205/31/4
f 5154/33/4 5155/33/4 5205/33/4
f 5155/31/4 5185/31/4 5205/31/4
f 5186/1/4 5187/1/4 5206/1/4
f 5205/31/4 5186/31/4 5206/31/4
f 5187/31/4 5076/31/4 5207/31/4
f 5206/1/4 5187/1/4 5207/1/4
f 5076/31/4 5039/31/4 5208/31/4
f 5207/31/4 5076/31/4 5208/31/4
f 5107/31/4 5159/31/4 5209/31/4
f 5159/25/4 5160/25/4 5210/25/4
f 5209/31/4 5159/31/4 5210/31/4
f 5160/31/4 5188/31/4 5211/31/4
f 5210/25/4 5160/25/4 5211/25/4
f 5211/31/4 5188/31/4 5212/31/4
f 5188/25/4 5189/25/4 5213/25/4
f 5212/31/4 5188/31/4 5213/31/4
f 5189/32/4 5190/32/4 5214/32/4
f 5213/25/4 5189/25/4 5214/25/4
f 5166/25/4 5140/25/4 5215/25/4
f 5165/25/4 5166/25/4 5215/25/4
f 5140/32/4 5167/32/4 5216/32/4
f 5215/25/4 5140/25/4 5216/25/4
f 5216/32/4 5167/32/4 5217/32/4
f 5191/25/4 5192/25/4 5218/25/4
f 5217/32/4 5167/32/4 5218/32/4
f 5167/25/4 5191/25/4 5218/25/4
f 5192/32/4 5193/32/4 5219/32/4
f 5218/25/4 5192/25/4 5219/25/4
f 5193/32/4 5194/32/4 5219/32/4
f 5219/32/4 5194/32/4 5220/32/4
f 5177/31/4 5089/31/4 5221/31/4
f 5197/25/4 5177/25/4 5221/25/4
f 5221/31/4 5089/31/4 5222/31/4
f 5198/29/4 5199/29/4 5223/29/4
f 5094/20/4 5198/20/4 5223/20/4
f 5199/29/4 5200/29/4 5223/29/4
f 5223/29/4 5200/29/4 5224/29/4
f 5224/29/4 5200/29/4 5225/29/4
f 5225/29/4 5200/29/4 5226/29/4
f 5226/29/4 5200/29/4 5227/29/4
f 5200/26/4 5201/26/4 5228/26/4
f 5227/29/4 5200/29/4 5228/29/4
f 5181/30/4 5182/30/4 5229/30/4
f 5183/32/4 5184/32/4 5229/32/4
f 5182/32/4 5183/32/4 5229/32/4
f 5229/32/4 5184/32/4 5230/32/4
f 5204/35/4 5154/35/4 5231/35/4
f 5203/35/4 5204/35/4 5231/35/4
f 5154/33/4 5205/33/4 5231/33/4
f 5206/1/4 5207/1/4 5232/1/4
f 5231/33/4 5205/33/4 5232/33/4
f 5205/1/4 5206/1/4 5232/1/4
f 5207/1/4 5208/1/4 5232/1/4
f 5208/31/4 5039/31/4 5233/31/4
f 5232/1/4 5208/1/4 5233/1/4
f 5210/31/4 5211/31/4 5234/31/4
f 5211/31/4 5212/31/4 5234/31/4
f 5212/25/4 5213/25/4 5235/25/4
f 5234/31/4 5212/31/4 5235/31/4
f 5213/32/4 5214/32/4 5236/32/4
f 5235/25/4 5213/25/4 5236/25/4
f 5190/32/4 5165/32/4 5237/32/4
f 5236/32/4 5214/32/4 5237/32/4
f 5165/25/4 5215/25/4 5237/25/4
f 5214/32/4 5190/32/4 5237/32/4
f 5237/25/4 5215/25/4 5238/25/4
f 5216/32/4 5217/32/4 5239/32/4
f 5238/25/4 5215/25/4 5239/25/4
f 5215/32/4 5216/32/4 5239/32/4
f 5239/32/4 5217/32/4 5240/32/4
f 5240/32/4 5217/32/4 5241/32/4
f 5217/25/4 5218/25/4 5242/25/4
f 5241/32/4 5217/32/4 5242/32/4
f 5219/25/4 5220/25/4 5242/25/4
f 5218/25/4 5219/25/4 5242/25/4
f 5220/32/4 5194/32/4 5243/32/4
f 5194/25/4 5195/25/4 5243/25/4
f 5195/31/4 5196/31/4 5244/31/4
f 5243/25/4 5195/25/4 5244/25/4
f 5196/31/4 5197/31/4 5244/31/4
f 5244/31/4 5197/31/4 5245/31/4
f 5221/25/4 5222/25/4 5246/25/4
f 5245/31/4 5197/31/4 5246/31/4
f 5197/25/4 5221/25/4 5246/25/4
f 5246/25/4 5222/25/4 5247/25/4
f 5094/20/4 5223/20/4 5248/20/4
f 5223/35/4 5224/35/4 5248/35/4
f 5224/29/4 5225/29/4 5249/29/4
f 5248/35/4 5224/35/4 5249/35/4
f 5249/29/4 5225/29/4 5250/29/4
f 5228/26/4 5201/26/4 5251/26/4
f 5227/26/4 5228/26/4 5251/26/4
f 5201/31/4 5151/31/4 5252/31/4
f 5251/26/4 5201/26/4 5252/26/4
f 5230/32/4 5184/32/4 5253/32/4
f 5229/29/4 5230/29/4 5253/29/4
f 5253/32/4 5184/32/4 5254/32/4
f 5203/35/4 5231/35/4 5255/35/4
f 5202/31/4 5203/31/4 5255/31/4
f 5255/35/4 5231/35/4 5256/35/4
f 5231/31/4 5232/31/4 5257/31/4
f 5232/31/4 5233/31/4 5257/31/4
f 5257/31/4 5233/31/4 5258/31/4
f 5107/31/4 5209/31/4 5259/31/4
f 5209/25/4 5210/25/4 5260/25/4
f 5259/31/4 5209/31/4 5260/31/4
f 5210/31/4 5234/31/4 5261/31/4
f 5260/25/4 5210/25/4 5261/25/4
f 5239/25/4 5240/25/4 5262/25/4
f 5238/25/4 5239/25/4 5262/25/4
f 5240/32/4 5241/32/4 5263/32/4
f 5262/25/4 5240/25/4 5263/25/4
f 5241/25/4 5242/25/4 5264/25/4
f 5242/25/4 5220/25/4 5265/25/4
f 5264/25/4 5242/25/4 5265/25/4
f 5265/25/4 5220/25/4 5266/25/4
f 5243/32/4 5244/32/4 5267/32/4
f 5266/25/4 5220/25/4 5267/25/4
f 5220/32/4 5243/32/4 5267/32/4
f 5244/25/4 5245/25/4 5268/25/4
f 5267/32/4 5244/32/4 5268/32/4
f 5246/31/4 5247/31/4 5269/31/4
f 5268/25/4 5245/25/4 5269/25/4
f 5245/31/4 5246/31/4 5269/31/4
f 5269/31/4 5247/31/4 5270/31/4
f 5247/25/4 5222/25/4 5271/25/4
f 5222/31/4 5089/31/4 5271/31/4
f 5271/31/4 5089/31/4 5272/31/4
f 5094/20/4 5248/20/4 5273/20/4
f 5248/29/4 5249/29/4 5273/29/4
f 5249/35/4 5250/35/4 5274/35/4
f 5273/29/4 5249/29/4 5274/29/4
f 5250/29/4 5225/29/4 5275/29/4
f 5274/35/4 5250/35/4 5275/35/4
f 5275/29/4 5225/29/4 5276/29/4
f 5225/30/4 5226/30/4 5277/30/4
f 5276/29/4 5225/29/4 5277/29/4
f 5226/29/4 5227/29/4 5278/29/4
f 5277/30/4 5226/30/4 5278/30/4
f 5227/26/4 5251/26/4 5279/26/4
f 5278/29/4 5227/29/4 5279/29/4
f 5251/31/4 5252/31/4 5280/31/4
f 5279/26/4 5251/26/4 5280/26/4
f 5252/31/4 5151/31/4 5281/31/4
f 5280/31/4 5252/31/4 5281/31/4
f 5151/29/4 3631/29/4 5282/29/4
f 5281/31/4 5151/31/4 5282/31/4
f 4974/32/4 5181/32/4 5283/32/4
f 5181/30/4 5229/30/4 5283/30/4
f 5253/29/4 5254/29/4 5284/29/4
f 5283/30/4 5229/30/4 5284/30/4
f 5229/29/4 5253/29/4 5284/29/4
f 5256/35/4 5231/35/4 5285/35/4
f 5231/31/4 5257/31/4 5285/31/4
f 5257/33/4 5258/33/4 5286/33/4
f 5285/31/4 5257/31/4 5286/31/4
f 5258/31/4 5233/31/4 5287/31/4
f 5286/33/4 5258/33/4 5287/33/4
f 5287/31/4 5233/31/4 5288/31/4
f 5261/31/4 5234/31/4 5289/31/4
f 5260/31/4 5261/31/4 5289/31/4
f 5234/25/4 5235/25/4 5290/25/4
f 5289/31/4 5234/31/4 5290/31/4
f 5235/32/4 5236/32/4 5291/32/4
f 5290/25/4 5235/25/4 5291/25/4
f 5237/32/4 5238/32/4 5291/32/4
f 5236/32/4 5237/32/4 5291/32/4
f 5291/32/4 5238/32/4 5292/32/4
f 5292/32/4 5238/32/4 5293/32/4
f 5238/25/4 5262/25/4 5294/25/4
f 5293/32/4 5238/32/4 5294/32/4
f 5262/32/4 5263/32/4 5295/32/4
f 5294/25/4 5262/25/4 5295/25/4
f 5241/25/4 5264/25/4 5296/25/4
f 5295/32/4 5263/32/4 5296/32/4
f 5263/32/4 5241/32/4 5296/32/4
f 5264/32/4 5265/32/4 5297/32/4
f 5296/25/4 5264/25/4 5297/25/4
f 5265/25/4 5266/25/4 5298/25/4
f 5297/32/4 5265/32/4 5298/32/4
f 5298/25/4 5266/25/4 5299/25/4
f 5299/25/4 5266/25/4 5300/25/4
f 5266/32/4 5267/32/4 5301/32/4
f 5300/25/4 5266/25/4 5301/25/4
f 5267/32/4 5268/32/4 5301/32/4
f 5268/32/4 5269/32/4 5301/32/4
f 5269/25/4 5270/25/4 5302/25/4
f 5301/32/4 5269/32/4 5302/32/4
f 5270/31/4 5247/31/4 5303/31/4
f 5302/25/4 5270/25/4 5303/25/4
f 5303/31/4 5247/31/4 5304/31/4
f 5247/25/4 5271/25/4 5305/25/4
f 5304/31/4 5247/31/4 5305/31/4
f 5271/25/4 5272/25/4 5305/25/4
f 5305/25/4 5272/25/4 5306/25/4
f 5273/28/4 5274/28/4 5307/28/4
f 5094/20/4 5273/20/4 5307/20/4
f 5275/29/4 5276/29/4 5308/29/4
f 5307/28/4 5274/28/4 5308/28/4
f 5274/29/4 5275/29/4 5308/29/4
f 5308/29/4 5276/29/4 5309/29/4
f 5309/29/4 5276/29/4 5310/29/4
f 5277/30/4 5278/30/4 5311/30/4
f 5276/30/4 5277/30/4 5311/30/4
f 5278/26/4 5279/26/4 5312/26/4
f 5311/30/4 5278/30/4 5312/30/4
f 5255/31/4 5256/31/4 5313/31/4
f 5256/35/4 5285/35/4 5313/35/4
f 5286/33/4 5287/33/4 5314/33/4
f 5313/35/4 5285/35/4 5314/35/4
f 5285/33/4 5286/33/4 5314/33/4
f 5314/33/4 5287/33/4 5315/33/4
f 5287/1/4 5288/1/4 5316/1/4
f 5315/33/4 5287/33/4 5316/33/4
f 5288/31/4 5233/31/4 5317/31/4
f 5316/1/4 5288/1/4 5317/1/4
f 5233/31/4 5039/31/4 5318/31/4
f 5317/31/4 5233/31/4 5318/31/4
f 5107/31/4 5259/31/4 5319/31/4
f 5259/25/4 5260/25/4 5320/25/4
f 5319/31/4 5259/31/4 5320/31/4
f 5260/31/4 5289/31/4 5321/31/4
f 5320/25/4 5260/25/4 5321/25/4
f 5321/31/4 5289/31/4 5322/31/4
f 5289/25/4 5290/25/4 5323/25/4
f 5322/31/4 5289/31/4 5323/31/4
f 5291/32/4 5292/32/4 5324/32/4
f 5323/25/4 5290/25/4 5324/25/4
f 5290/32/4 5291/32/4 5324/32/4
f 5292/25/4 5293/25/4 5325/25/4
f 5294/32/4 5295/32/4 5325/32/4
f 5296/32/4 5297/32/4 5325/32/4
f 5295/32/4 5296/32/4 5325/32/4
f 5298/32/4 5299/32/4 5325/32/4
f 5293/32/4 5294/32/4 5325/32/4
f 5297/32/4 5298/32/4 5325/32/4
f 5325/32/4 5299/32/4 5326/32/4
f 5326/32/4 5299/32/4 5327/32/4
f 5327/32/4 5299/32/4 5328/32/4
f 5299/25/4 5300/25/4 5329/25/4
f 5328/32/4 5299/32/4 5329/32/4
f 5301/32/4 5302/32/4 5330/32/4
f 5329/25/4 5300/25/4 5330/25/4
f 5300/32/4 5301/32/4 5330/32/4
f 5302/32/4 5303/32/4 5330/32/4
f 5330/32/4 5303/32/4 5331/32/4
f 5331/32/4 5303/32/4 5332/32/4
f 5305/31/4 5306/31/4 5333/31/4
f 5303/25/4 5304/25/4 5333/25/4
f 5304/31/4 5305/31/4 5333/31/4
f 5333/31/4 5306/31/4 5334/31/4
f 5308/35/4 5309/35/4 5335/35/4
f 5307/35/4 5308/35/4 5335/35/4
f 5094/20/4 5307/20/4 5335/20/4
f 5309/34/4 5310/34/4 5336/34/4
f 5335/35/4 5309/35/4 5336/35/4
f 5310/29/4 5276/29/4 5337/29/4
f 5336/34/4 5310/34/4 5337/34/4
f 5255/31/4 5313/31/4 5338/31/4
f 5313/31/4 5314/31/4 5338/31/4
f 5314/33/4 5315/33/4 5339/33/4
f 5338/31/4 5314/31/4 5339/31/4
f 5321/31/4 5322/31/4 5340/31/4
f 5320/31/4 5321/31/4 5340/31/4
f 5322/25/4 5323/25/4 5341/25/4
f 5340/31/4 5322/31/4 5341/31/4
f 5324/32/4 5292/32/4 5342/32/4
f 5323/32/4 5324/32/4 5342/32/4
f 5325/25/4 5326/25/4 5343/25/4
f 5342/32/4 5292/32/4 5343/32/4
f 5292/25/4 5325/25/4 5343/25/4
f 5326/32/4 5327/32/4 5344/32/4
f 5343/25/4 5326/25/4 5344/25/4
f 5344/32/4 5327/32/4 5345/32/4
f 5345/32/4 5327/32/4 5346/32/4
f 5327/25/4 5328/25/4 5347/25/4
f 5346/32/4 5327/32/4 5347/32/4
f 5347/25/4 5328/25/4 5348/25/4
f 5348/25/4 5328/25/4 5349/25/4
f 5328/32/4 5329/32/4 5350/32/4
f 5349/25/4 5328/25/4 5350/25/4
f 5330/32/4 5331/32/4 5350/32/4
f 5329/32/4 5330/32/4 5350/32/4
f 5350/32/4 5331/32/4 5351/32/4
f 5351/32/4 5331/32/4 5352/32/4
f 5331/25/4 5332/25/4 5353/25/4
f 5352/32/4 5331/32/4 5353/32/4
f 5332/32/4 5303/32/4 5354/32/4
f 5353/25/4 5332/25/4 5354/25/4
f 5354/32/4 5303/32/4 5355/32/4
f 5276/30/4 5311/30/4 5356/30/4
f 5337/29/4 5276/29/4 5356/29/4
f 5335/29/4 5336/29/4 5356/29/4
f 5336/29/4 5337/29/4 5356/29/4
f 5311/29/4 5312/29/4 5357/29/4
f 5356/30/4 5311/30/4 5357/30/4
f 5279/31/4 5280/31/4 5358/31/4
f 5280/31/4 5281/31/4 5358/31/4
f 5312/26/4 5279/26/4 5358/26/4
f 5358/31/4 5281/31/4 5359/31/4
f 5347/25/4 5348/25/4 5360/25/4
f 5346/25/4 5347/25/4 5360/25/4
f 5348/32/4 5349/32/4 5361/32/4
f 5360/25/4 5348/25/4 5361/25/4
f 5350/25/4 5351/25/4 5362/25/4
f 5361/32/4 5349/32/4 5362/32/4
f 5349/25/4 5350/25/4 5362/25/4
f 5362/25/4 5351/25/4 5363/25/4
f 5351/32/4 5352/32/4 5364/32/4
f 5363/25/4 5351/25/4 5364/25/4
f 5364/32/4 5352/32/4 5365/32/4
f 5365/32/4 5352/32/4 5366/32/4
f 5354/25/4 5355/25/4 5367/25/4
f 5366/32/4 5352/32/4 5367/32/4
f 5353/25/4 5354/25/4 5367/25/4
f 5352/25/4 5353/25/4 5367/25/4
f 5312/26/4 5358/26/4 5368/26/4
f 5358/26/4 5359/26/4 5368/26/4
f 5359/31/4 5281/31/4 5369/31/4
f 5368/26/4 5359/26/4 5369/26/4
f 5254/32/4 5184/32/4 5370/32/4
f 5255/31/4 5338/31/4 5371/31/4
f 5370/32/4 5184/32/4 5371/32/4
f 5184/31/4 5202/31/4 5371/31/4
f 5202/31/4 5255/31/4 5371/31/4
f 5371/31/4 5338/31/4 5372/31/4
f 5338/33/4 5339/33/4 5373/33/4
f 5372/31/4 5338/31/4 5373/31/4
f 5339/33/4 5315/33/4 5374/33/4
f 5373/33/4 5339/33/4 5374/33/4
f 5315/1/4 5316/1/4 5374/1/4
f 5316/31/4 5317/31/4 5375/31/4
f 5374/1/4 5316/1/4 5375/1/4
f 5317/1/4 5318/1/4 5376/1/4
f 5375/31/4 5317/31/4 5376/31/4
f 5318/31/4 5039/31/4 5377/31/4
f 5376/1/4 5318/1/4 5377/1/4
f 5342/25/4 5343/25/4 5378/25/4
f 5343/25/4 5344/25/4 5378/25/4
f 5344/25/4 5345/25/4 5378/25/4
f 5345/32/4 5346/32/4 5379/32/4
f 5378/25/4 5345/25/4 5379/25/4
f 5379/32/4 5346/32/4 5380/32/4
f 5346/25/4 5360/25/4 5381/25/4
f 5380/32/4 5346/32/4 5381/32/4
f 5365/32/4 5366/32/4 5382/32/4
f 5364/25/4 5365/25/4 5382/25/4
f 5363/25/4 5364/25/4 5382/25/4
f 5366/25/4 5367/25/4 5383/25/4
f 5382/32/4 5366/32/4 5383/32/4
f 5383/25/4 5367/25/4 5384/25/4
f 5356/29/4 5357/29/4 5385/29/4
f 5335/29/4 5356/29/4 5385/29/4
f 5385/29/4 5357/29/4 5386/29/4
f 5386/29/4 5357/29/4 5387/29/4
f 5357/29/4 5312/29/4 5388/29/4
f 5387/29/4 5357/29/4 5388/29/4
f 5371/31/4 5372/31/4 5389/31/4
f 5372/33/4 5373/33/4 5390/33/4
f 5389/31/4 5372/31/4 5390/31/4
f 5374/33/4 5375/33/4 5390/33/4
f 5373/33/4 5374/33/4 5390/33/4
f 5375/1/4 5376/1/4 5391/1/4
f 5390/33/4 5375/33/4 5391/33/4
f 5376/31/4 5377/31/4 5392/31/4
f 5391/1/4 5376/1/4 5392/1/4
f 5342/25/4 5378/25/4 5393/25/4
f 5323/32/4 5342/32/4 5393/32/4
f 5393/25/4 5378/25/4 5394/25/4
f 5379/32/4 5380/32/4 5395/32/4
f 5378/32/4 5379/32/4 5395/32/4
f 5380/25/4 5381/25/4 5396/25/4
f 5395/32/4 5380/32/4 5396/32/4
f 5381/25/4 5360/25/4 5397/25/4
f 5396/25/4 5381/25/4 5397/25/4
f 5360/32/4 5361/32/4 5398/32/4
f 5397/25/4 5360/25/4 5398/25/4
f 5362/32/4 5363/32/4 5398/32/4
f 5361/32/4 5362/32/4 5398/32/4
f 5363/25/4 5382/25/4 5399/25/4
f 5398/32/4 5363/32/4 5399/32/4
f 5382/25/4 5383/25/4 5399/25/4
f 5399/25/4 5383/25/4 5400/25/4
f 5094/20/4 5335/20/4 5401/20/4
f 5335/29/4 5385/29/4 5401/29/4
f 5401/29/4 5385/29/4 5402/29/4
f 5386/34/4 5387/34/4 5403/34/4
f 5385/33/4 5386/33/4 5403/33/4
f 5403/34/4 5387/34/4 5404/34/4
f 5387/35/4 5388/35/4 5405/35/4
f 5404/34/4 5387/34/4 5405/34/4
f 5388/29/4 5312/29/4 5406/29/4
f 5405/35/4 5388/35/4 5406/35/4
f 5368/31/4 5369/31/4 5407/31/4
f 5312/26/4 5368/26/4 5407/26/4
f 5369/31/4 5281/31/4 5408/31/4
f 5407/31/4 5369/31/4 5408/31/4
f 5281/32/4 5282/32/4 5409/32/4
f 5408/31/4 5281/31/4 5409/31/4
f 5282/29/4 3631/29/4 5410/29/4
f 5409/32/4 5282/32/4 5410/32/4
f 5371/31/4 5389/31/4 5411/31/4
f 5370/29/4 5371/29/4 5411/29/4
f 5389/33/4 5390/33/4 5412/33/4
f 5411/31/4 5389/31/4 5412/31/4
f 5390/33/4 5391/33/4 5412/33/4
f 5412/33/4 5391/33/4 5413/33/4
f 5391/31/4 5392/31/4 5414/31/4
f 5413/33/4 5391/33/4 5414/33/4
f 5392/31/4 5377/31/4 5415/31/4
f 5414/31/4 5392/31/4 5415/31/4
f 5394/25/4 5378/25/4 5416/25/4
f 5393/32/4 5394/32/4 5416/32/4
f 5378/32/4 5395/32/4 5417/32/4
f 5416/25/4 5378/25/4 5417/25/4
f 5395/25/4 5396/25/4 5418/25/4
f 5396/25/4 5397/25/4 5418/25/4
f 5399/32/4 5400/32/4 5419/32/4
f 5418/25/4 5397/25/4 5419/25/4
f 5397/32/4 5398/32/4 5419/32/4
f 5398/32/4 5399/32/4 5419/32/4
f 5400/25/4 5383/25/4 5420/25/4
f 5419/32/4 5400/32/4 5420/32/4
f 5420/25/4 5383/25/4 5421/25/4
f 5384/25/4 5367/25/4 5422/25/4
f 5383/32/4 5384/32/4 5422/32/4
f 5367/25/4 5355/25/4 5423/25/4
f 5422/25/4 5367/25/4 5423/25/4
f 5401/31/4 5402/31/4 5424/31/4
f 5094/20/4 5401/20/4 5424/20/4
f 5402/29/4 5385/29/4 5425/29/4
f 5424/31/4 5402/31/4 5425/31/4
f 5403/33/4 5404/33/4 5426/33/4
f 5385/33/4 5403/33/4 5426/33/4
f 5426/33/4 5404/33/4 5427/33/4
f 5404/29/4 5405/29/4 5428/29/4
f 5405/29/4 5406/29/4 5428/29/4
f 5428/29/4 5406/29/4 5429/29/4
f 5312/26/4 5407/26/4 5430/26/4
f 5429/29/4 5406/29/4 5430/29/4
f 5406/29/4 5312/29/4 5430/29/4
f 5407/26/4 5408/26/4 5430/26/4
f 5430/26/4 5408/26/4 5431/26/4
f 5408/31/4 5409/31/4 5432/31/4
f 5409/31/4 5410/31/4 5432/31/4
f 5410/29/4 3631/29/4 5433/29/4
f 5432/31/4 5410/31/4 5433/31/4
f 5370/29/4 5411/29/4 5434/29/4
f 5412/33/4 5413/33/4 5434/33/4
f 5411/33/4 5412/33/4 5434/33/4
f 5434/33/4 5413/33/4 5435/33/4
f 5435/33/4 5413/33/4 5436/33/4
f 5413/31/4 5414/31/4 5437/31/4
f 5436/33/4 5413/33/4 5437/33/4
f 5414/3/4 5415/3/4 5438/3/4
f 5437/31/4 5414/31/4 5438/31/4
f 5438/3/4 5415/3/4 5439/3/4
f 5439/3/4 5415/3/4 5440/3/4
f 5415/31/4 5377/31/4 5441/31/4
f 5440/3/4 5415/3/4 5441/3/4
f 5377/31/4 5039/31/4 5442/31/4
f 5441/31/4 5377/31/4 5442/31/4
f 5423/25/4 5355/25/4 5443/25/4
f 5422/32/4 5423/32/4 5443/32/4
f 5443/25/4 5355/25/4 5444/25/4
f 5094/20/4 5424/20/4 5445/20/4
f 5424/29/4 5425/29/4 5445/29/4
f 5425/29/4 5385/29/4 5446/29/4
f 5445/29/4 5425/29/4 5446/29/4
f 5385/33/4 5426/33/4 5447/33/4
f 5426/31/4 5427/31/4 5447/31/4
f 5427/33/4 5404/33/4 5448/33/4
f 5447/31/4 5427/31/4 5448/31/4
f 5404/29/4 5428/29/4 5449/29/4
f 5448/33/4 5404/33/4 5449/33/4
f 5449/29/4 5428/29/4 5450/29/4
f 5428/31/4 5429/31/4 5451/31/4
f 5450/29/4 5428/29/4 5451/29/4
f 5430/29/4 5431/29/4 5452/29/4
f 5451/31/4 5429/31/4 5452/31/4
f 5429/29/4 5430/29/4 5452/29/4
f 5452/29/4 5431/29/4 5453/29/4
f 5453/29/4 5431/29/4 5454/29/4
f 5431/26/4 5408/26/4 5455/26/4
f 5454/29/4 5431/29/4 5455/29/4
f 5408/31/4 5432/31/4 5456/31/4
f 5455/26/4 5408/26/4 5456/26/4
f 5418/32/4 5419/32/4 5457/32/4
f 5395/25/4 5418/25/4 5457/25/4
f 5420/32/4 5421/32/4 5457/32/4
f 5419/32/4 5420/32/4 5457/32/4
f 5457/32/4 5421/32/4 5458/32/4
f 5458/32/4 5421/32/4 5459/32/4
f 5421/25/4 5383/25/4 5460/25/4
f 5459/32/4 5421/32/4 5460/32/4
f 5444/25/4 5355/25/4 5461/25/4
f 5443/32/4 5444/32/4 5461/32/4
f 5355/32/4 5303/32/4 5462/32/4
f 5461/25/4 5355/25/4 5462/25/4
f 5449/33/4 5450/33/4 5463/33/4
f 5447/29/4 5448/29/4 5463/29/4
f 5448/33/4 5449/33/4 5463/33/4
f 5463/33/4 5450/33/4 5464/33/4
f 5450/29/4 5451/29/4 5465/29/4
f 5451/29/4 5452/29/4 5465/29/4
f 5452/33/4 5453/33/4 5466/33/4
f 5465/29/4 5452/29/4 5466/29/4
f 5454/31/4 5455/31/4 5467/31/4
f 5453/29/4 5454/29/4 5467/29/4
f 5455/31/4 5456/31/4 5467/31/4
f 5467/31/4 5456/31/4 5468/31/4
f 5437/3/4 5438/3/4 5469/3/4
f 5438/31/4 5439/31/4 5469/31/4
f 5469/31/4 5439/31/4 5470/31/4
f 5439/3/4 5440/3/4 5471/3/4
f 5470/31/4 5439/31/4 5471/31/4
f 5440/31/4 5441/31/4 5472/31/4
f 5471/3/4 5440/3/4 5472/3/4
f 5393/32/4 5416/32/4 5473/32/4
f 5416/32/4 5417/32/4 5473/32/4
f 5323/32/4 5393/32/4 5473/32/4
f 5473/32/4 5417/32/4 5474/32/4
f 5474/32/4 5417/32/4 5475/32/4
f 5417/32/4 5395/32/4 5476/32/4
f 5475/32/4 5417/32/4 5476/32/4
f 5457/25/4 5458/25/4 5477/25/4
f 5476/32/4 5395/32/4 5477/32/4
f 5395/25/4 5457/25/4 5477/25/4
f 5477/25/4 5458/25/4 5478/25/4
f 5458/32/4 5459/32/4 5479/32/4
f 5478/25/4 5458/25/4 5479/25/4
f 5479/32/4 5459/32/4 5480/32/4
f 5480/32/4 5459/32/4 5481/32/4
f 5459/25/4 5460/25/4 5482/25/4
f 5481/32/4 5459/32/4 5482/32/4
f 5460/25/4 5383/25/4 5483/25/4
f 5482/25/4 5460/25/4 5483/25/4
f 5443/32/4 5461/32/4 5484/32/4
f 5483/25/4 5383/25/4 5484/25/4
f 5461/32/4 5462/32/4 5484/32/4
f 5383/32/4 5422/32/4 5484/32/4
f 5422/32/4 5443/32/4 5484/32/4
f 5484/32/4 5462/32/4 5485/32/4
f 5485/32/4 5462/32/4 5486/32/4
f 5093/31/4 5094/31/4 5487/31/4
f 5487/31/4 5094/31/4 5488/31/4
f 5094/20/4 5445/20/4 5489/20/4
f 5445/31/4 5446/31/4 5489/31/4
f 5446/29/4 5385/29/4 5490/29/4
f 5489/31/4 5446/31/4 5490/31/4
f 5464/33/4 5450/33/4 5491/33/4
f 5450/29/4 5465/29/4 5491/29/4
f 5465/33/4 5466/33/4 5492/33/4
f 5491/29/4 5465/29/4 5492/29/4
f 5466/33/4 5453/33/4 5493/33/4
f 5492/33/4 5466/33/4 5493/33/4
f 5453/29/4 5467/29/4 5493/29/4
f 5493/29/4 5467/29/4 5494/29/4
f 5370/29/4 5434/29/4 5495/29/4
f 5434/32/4 5435/32/4 5495/32/4
f 5435/31/4 5436/31/4 5496/31/4
f 5495/32/4 5435/32/4 5496/32/4
f 5436/33/4 5437/33/4 5497/33/4
f 5496/31/4 5436/31/4 5497/31/4
f 5437/3/4 5469/3/4 5498/3/4
f 5497/33/4 5437/33/4 5498/33/4
f 5469/33/4 5470/33/4 5499/33/4
f 5498/3/4 5469/3/4 5499/3/4
f 5470/31/4 5471/31/4 5500/31/4
f 5499/33/4 5470/33/4 5500/33/4
f 5471/31/4 5472/31/4 5500/31/4
f 5472/31/4 5441/31/4 5501/31/4
f 5500/31/4 5472/31/4 5501/31/4
f 5441/3/4 5442/3/4 5502/3/4
f 5501/31/4 5441/31/4 5502/31/4
f 5442/31/4 5039/31/4 5503/31/4
f 5502/3/4 5442/3/4 5503/3/4
f 5340/25/4 5341/25/4 5504/25/4
f 5320/31/4 5340/31/4 5504/31/4
f 5341/25/4 5323/25/4 5505/25/4
f 5504/25/4 5341/25/4 5505/25/4
f 5474/32/4 5475/32/4 5506/32/4
f 5473/25/4 5474/25/4 5506/25/4
f 5475/25/4 5476/25/4 5507/25/4
f 5506/32/4 5475/32/4 5507/32/4
f 5477/32/4 5478/32/4 5508/32/4
f 5507/25/4 5476/25/4 5508/25/4
f 5476/32/4 5477/32/4 5508/32/4
f 5508/32/4 5478/32/4 5509/32/4
f 5479/25/4 5480/25/4 5510/25/4
f 5509/32/4 5478/32/4 5510/32/4
f 5478/25/4 5479/25/4 5510/25/4
f 5510/25/4 5480/25/4 5511/25/4
f 5483/32/4 5484/32/4 5512/32/4
f 5484/32/4 5485/32/4 5512/32/4
f 5485/25/4 5486/25/4 5513/25/4
f 5512/32/4 5485/32/4 5513/32/4
f 5486/32/4 5462/32/4 5514/32/4
f 5513/25/4 5486/25/4 5514/25/4
f 5514/32/4 5462/32/4 5515/32/4
f 5333/25/4 5334/25/4 5516/25/4
f 5303/25/4 5333/25/4 5516/25/4
f 5334/31/4 5306/31/4 5517/31/4
f 5516/25/4 5334/25/4 5517/25/4
f 5487/4/4 5488/4/4 5518/4/4
f 5518/4/4 5488/4/4 5519/4/4
f 5490/29/4 5385/29/4 5520/29/4
f 5489/33/4 5490/33/4 5520/33/4
f 5385/33/4 5447/33/4 5521/33/4
f 5520/29/4 5385/29/4 5521/29/4
f 5447/29/4 5463/29/4 5522/29/4
f 5463/29/4 5464/29/4 5522/29/4
f 5464/33/4 5491/33/4 5523/33/4
f 5522/29/4 5464/29/4 5523/29/4
f 5491/31/4 5492/31/4 5524/31/4
f 5523/33/4 5491/33/4 5524/33/4
f 5492/33/4 5493/33/4 5525/33/4
f 5524/31/4 5492/31/4 5525/31/4
f 5493/33/4 5494/33/4 5525/33/4
f 5456/31/4 5432/31/4 5526/31/4
f 5468/31/4 5456/31/4 5526/31/4
f 5432/32/4 5433/32/4 5527/32/4
f 5526/31/4 5432/31/4 5527/31/4
f 5497/33/4 5498/33/4 5528/33/4
f 5498/33/4 5499/33/4 5528/33/4
f 5370/29/4 5495/29/4 5528/29/4
f 5495/33/4 5496/33/4 5528/33/4
f 5496/33/4 5497/33/4 5528/33/4
f 5528/33/4 5499/33/4 5529/33/4
f 5499/3/4 5500/3/4 5530/3/4
f 5529/33/4 5499/33/4 5530/33/4
f 5500/31/4 5501/31/4 5531/31/4
f 5530/3/4 5500/3/4 5531/3/4
f 5501/3/4 5502/3/4 5532/3/4
f 5531/31/4 5501/31/4 5532/31/4
f 5502/31/4 5503/31/4 5533/31/4
f 5532/3/4 5502/3/4 5533/3/4
f 5505/25/4 5323/25/4 5534/25/4
f 5504/31/4 5505/31/4 5534/31/4
f 5323/32/4 5473/32/4 5535/32/4
f 5534/25/4 5323/25/4 5535/25/4
f 5535/32/4 5473/32/4 5536/32/4
f 5506/25/4 5507/25/4 5537/25/4
f 5508/25/4 5509/25/4 5537/25/4
f 5509/32/4 5510/32/4 5537/32/4
f 5507/25/4 5508/25/4 5537/25/4
f 5510/32/4 5511/32/4 5537/32/4
f 5537/32/4 5511/32/4 5538/32/4
f 5480/32/4 5481/32/4 5539/32/4
f 5511/25/4 5480/25/4 5539/25/4
f 5539/32/4 5481/32/4 5540/32/4
f 5540/32/4 5481/32/4 5541/32/4
f 5481/25/4 5482/25/4 5542/25/4
f 5541/32/4 5481/32/4 5542/32/4
f 5482/25/4 5483/25/4 5542/25/4
f 5542/25/4 5483/25/4 5543/25/4
f 5483/32/4 5512/32/4 5544/32/4
f 5543/25/4 5483/25/4 5544/25/4
f 5513/25/4 5514/25/4 5545/25/4
f 5544/32/4 5512/32/4 5545/32/4
f 5512/25/4 5513/25/4 5545/25/4
f 5514/25/4 5515/25/4 5545/25/4
f 5515/32/4 5462/32/4 5546/32/4
f 5545/25/4 5515/25/4 5546/25/4
f 5546/32/4 5462/32/4 5547/32/4
f 5487/4/4 5518/4/4 5548/4/4
f 5518/3/4 5519/3/4 5549/3/4
f 5548/4/4 5518/4/4 5549/4/4
f 5519/4/4 5488/4/4 5550/4/4
f 5549/3/4 5519/3/4 5550/3/4
f 5550/4/4 5488/4/4 5551/4/4
f 5523/31/4 5524/31/4 5552/31/4
f 5524/33/4 5525/33/4 5552/33/4
f 5525/33/4 5494/33/4 5553/33/4
f 5552/33/4 5525/33/4 5553/33/4
f 5468/31/4 5526/31/4 5554/31/4
f 5467/33/4 5468/33/4 5554/33/4
f 5526/32/4 5527/32/4 5555/32/4
f 5554/31/4 5526/31/4 5555/31/4
f 5528/31/4 5529/31/4 5556/31/4
f 5370/29/4 5528/29/4 5556/29/4
f 5556/31/4 5529/31/4 5557/31/4
f 5531/31/4 5532/31/4 5558/31/4
f 5530/31/4 5531/31/4 5558/31/4
f 5532/31/4 5533/31/4 5558/31/4
f 5558/31/4 5533/31/4 5559/31/4
f 5107/31/4 5319/31/4 5560/31/4
f 5319/25/4 5320/25/4 5560/25/4
f 5320/31/4 5504/31/4 5561/31/4
f 5560/25/4 5320/25/4 5561/25/4
f 5534/31/4 5535/31/4 5561/31/4
f 5504/31/4 5534/31/4 5561/31/4
f 5561/31/4 5535/31/4 5562/31/4
f 5535/2/4 5536/2/4 5563/2/4
f 5562/31/4 5535/31/4 5563/31/4
f 5536/32/4 5473/32/4 5564/32/4
f 5563/2/4 5536/2/4 5564/2/4
f 5473/25/4 5506/25/4 5565/25/4
f 5564/32/4 5473/32/4 5565/32/4
f 5537/25/4 5538/25/4 5565/25/4
f 5506/25/4 5537/25/4 5565/25/4
f 5565/25/4 5538/25/4 5566/25/4
f 5539/25/4 5540/25/4 5567/25/4
f 5511/25/4 5539/25/4 5567/25/4
f 5538/32/4 5511/32/4 5567/32/4
f 5567/25/4 5540/25/4 5568/25/4
f 5540/32/4 5541/32/4 5569/32/4
f 5568/25/4 5540/25/4 5569/25/4
f 5541/25/4 5542/25/4 5570/25/4
f 5569/32/4 5541/32/4 5570/32/4
f 5542/25/4 5543/25/4 5570/25/4
f 5544/25/4 5545/25/4 5571/25/4
f 5547/32/4 5462/32/4 5571/32/4
f 5546/25/4 5547/25/4 5571/25/4
f 5545/25/4 5546/25/4 5571/25/4
f 5571/32/4 5462/32/4 5572/32/4
f 5462/32/4 5303/32/4 5573/32/4
f 5572/32/4 5462/32/4 5573/32/4
f 5303/25/4 5516/25/4 5574/25/4
f 5573/32/4 5303/32/4 5574/32/4
f 5516/31/4 5517/31/4 5575/31/4
f 5574/25/4 5516/25/4 5575/25/4
f 5522/33/4 5523/33/4 5576/33/4
f 5447/29/4 5522/29/4 5576/29/4
f 5523/31/4 5552/31/4 5577/31/4
f 5576/33/4 5523/33/4 5577/33/4
f 5552/31/4 5553/31/4 5577/31/4
f 5577/31/4 5553/31/4 5578/31/4
f 5553/33/4 5494/33/4 5579/33/4
f 5578/31/4 5553/31/4 5579/31/4
f 5579/33/4 5494/33/4 5580/33/4
f 5494/29/4 5467/29/4 5581/29/4
f 5580/33/4 5494/33/4 5581/33/4
f 5557/31/4 5529/31/4 5582/31/4
f 5529/33/4 5530/33/4 5583/33/4
f 5582/31/4 5529/31/4 5583/31/4
f 5562/31/4 5563/31/4 5584/31/4
f 5563/31/4 5564/31/4 5584/31/4
f 5564/2/4 5565/2/4 5584/2/4
f 5565/31/4 5566/31/4 5585/31/4
f 5584/2/4 5565/2/4 5585/2/4
f 5566/25/4 5538/25/4 5586/25/4
f 5585/31/4 5566/31/4 5586/31/4
f 5586/25/4 5538/25/4 5587/25/4
f 5587/25/4 5538/25/4 5588/25/4
f 5567/32/4 5568/32/4 5589/32/4
f 5588/25/4 5538/25/4 5589/25/4
f 5538/32/4 5567/32/4 5589/32/4
f 5568/25/4 5569/25/4 5590/25/4
f 5589/32/4 5568/32/4 5590/32/4
f 5569/25/4 5570/25/4 5590/25/4
f 5543/32/4 5544/32/4 5591/32/4
f 5590/25/4 5570/25/4 5591/25/4
f 5570/25/4 5543/25/4 5591/25/4
f 5575/31/4 5517/31/4 5592/31/4
f 5574/31/4 5575/31/4 5592/31/4
f 5517/31/4 5306/31/4 5592/31/4
f 5306/25/4 5272/25/4 5593/25/4
f 5592/31/4 5306/31/4 5593/31/4
f 5094/20/4 5489/20/4 5594/20/4
f 5489/33/4 5520/33/4 5594/33/4
f 5520/33/4 5521/33/4 5594/33/4
f 5594/33/4 5521/33/4 5595/33/4
f 5447/29/4 5576/29/4 5596/29/4
f 5595/33/4 5521/33/4 5596/33/4
f 5576/29/4 5577/29/4 5596/29/4
f 5521/33/4 5447/33/4 5596/33/4
f 5596/29/4 5577/29/4 5597/29/4
f 5467/33/4 5554/33/4 5598/33/4
f 5554/32/4 5555/32/4 5598/32/4
f 5555/32/4 5527/32/4 5599/32/4
f 5598/32/4 5555/32/4 5599/32/4
f 5556/29/4 5557/29/4 5600/29/4
f 5370/29/4 5556/29/4 5600/29/4
f 5557/31/4 5582/31/4 5601/31/4
f 5600/29/4 5557/29/4 5601/29/4
f 5582/33/4 5583/33/4 5602/33/4
f 5601/31/4 5582/31/4 5602/31/4
f 5561/25/4 5562/25/4 5603/25/4
f 5560/31/4 5561/31/4 5603/31/4
f 5584/31/4 5585/31/4 5604/31/4
f 5603/25/4 5562/25/4 5604/25/4
f 5562/31/4 5584/31/4 5604/31/4
f 5604/31/4 5585/31/4 5605/31/4
f 5587/25/4 5588/25/4 5606/25/4
f 5586/32/4 5587/32/4 5606/32/4
f 5606/25/4 5588/25/4 5607/25/4
f 5607/25/4 5588/25/4 5608/25/4
f 5590/32/4 5591/32/4 5609/32/4
f 5608/25/4 5588/25/4 5609/25/4
f 5589/32/4 5590/32/4 5609/32/4
f 5588/32/4 5589/32/4 5609/32/4
f 5609/32/4 5591/32/4 5610/32/4
f 5610/32/4 5591/32/4 5611/32/4
f 5571/25/4 5572/25/4 5612/25/4
f 5611/32/4 5591/32/4 5612/32/4
f 5591/32/4 5544/32/4 5612/32/4
f 5544/25/4 5571/25/4 5612/25/4
f 5612/25/4 5572/25/4 5613/25/4
f 5572/32/4 5573/32/4 5614/32/4
f 5573/25/4 5574/25/4 5615/25/4
f 5614/32/4 5573/32/4 5615/32/4
f 5574/31/4 5592/31/4 5616/31/4
f 5615/25/4 5574/25/4 5616/25/4
f 5616/31/4 5592/31/4 5617/31/4
f 5592/25/4 5593/25/4 5618/25/4
f 5617/31/4 5592/31/4 5618/31/4
f 5593/25/4 5272/25/4 5619/25/4
f 5618/25/4 5593/25/4 5619/25/4
f 5272/31/4 5089/31/4 5620/31/4
f 5619/25/4 5272/25/4 5620/25/4
f 5578/29/4 5579/29/4 5621/29/4
f 5577/33/4 5578/33/4 5621/33/4
f 5579/33/4 5580/33/4 5622/33/4
f 5621/29/4 5579/29/4 5622/29/4
f 5622/33/4 5580/33/4 5623/33/4
f 5580/29/4 5581/29/4 5624/29/4
f 5623/33/4 5580/33/4 5624/33/4
f 5467/33/4 5598/33/4 5625/33/4
f 5624/29/4 5581/29/4 5625/29/4
f 5581/29/4 5467/29/4 5625/29/4
f 5598/31/4 5599/31/4 5626/31/4
f 5625/33/4 5598/33/4 5626/33/4
f 5599/32/4 5527/32/4 5627/32/4
f 5626/31/4 5599/31/4 5627/31/4
f 5600/33/4 5601/33/4 5628/33/4
f 5370/29/4 5600/29/4 5628/29/4
f 5601/33/4 5602/33/4 5628/33/4
f 5628/33/4 5602/33/4 5629/33/4
f 5605/31/4 5585/31/4 5630/31/4
f 5585/2/4 5586/2/4 5630/2/4
f 5606/32/4 5607/32/4 5631/32/4
f 5630/2/4 5586/2/4 5631/2/4
f 5586/32/4 5606/32/4 5631/32/4
f 5631/32/4 5607/32/4 5632/32/4
f 5607/25/4 5608/25/4 5633/25/4
f 5632/32/4 5607/32/4 5633/32/4
f 5633/25/4 5608/25/4 5634/25/4
f 5613/25/4 5572/25/4 5635/25/4
f 5572/32/4 5614/32/4 5636/32/4
f 5635/25/4 5572/25/4 5636/25/4
f 5614/25/4 5615/25/4 5637/25/4
f 5636/32/4 5614/32/4 5637/32/4
f 5616/31/4 5617/31/4 5638/31/4
f 5637/25/4 5615/25/4 5638/25/4
f 5615/31/4 5616/31/4 5638/31/4
f 5623/29/4 5624/29/4 5639/29/4
f 5622/33/4 5623/33/4 5639/33/4
f 5624/33/4 5625/33/4 5640/33/4
f 5639/29/4 5624/29/4 5640/29/4
f 5625/31/4 5626/31/4 5641/31/4
f 5640/33/4 5625/33/4 5641/33/4
f 5626/32/4 5627/32/4 5642/32/4
f 5641/31/4 5626/31/4 5642/31/4
f 5558/1/4 5559/1/4 5643/1/4
f 5530/31/4 5558/31/4 5643/31/4
f 5559/31/4 5533/31/4 5644/31/4
f 5643/1/4 5559/1/4 5644/1/4
f 5604/25/4 5605/25/4 5645/25/4
f 5603/31/4 5604/31/4 5645/31/4
f 5605/31/4 5630/31/4 5646/31/4
f 5645/25/4 5605/25/4 5646/25/4
f 5630/31/4 5631/31/4 5646/31/4
f 5646/31/4 5631/31/4 5647/31/4
f 5631/2/4 5632/2/4 5648/2/4
f 5647/31/4 5631/31/4 5648/31/4
f 5633/32/4 5634/32/4 5649/32/4
f 5648/2/4 5632/2/4 5649/2/4
f 5632/32/4 5633/32/4 5649/32/4
f 5649/32/4 5634/32/4 5650/32/4
f 5634/25/4 5608/25/4 5651/25/4
f 5650/32/4 5634/32/4 5651/32/4
f 5609/32/4 5610/32/4 5652/32/4
f 5651/25/4 5608/25/4 5652/25/4
f 5608/32/4 5609/32/4 5652/32/4
f 5652/32/4 5610/32/4 5653/32/4
f 5610/25/4 5611/25/4 5654/25/4
f 5653/32/4 5610/32/4 5654/32/4
f 5613/25/4 5635/25/4 5655/25/4
f 5635/31/4 5636/31/4 5656/31/4
f 5655/25/4 5635/25/4 5656/25/4
f 5656/31/4 5636/31/4 5657/31/4
f 5636/25/4 5637/25/4 5658/25/4
f 5657/31/4 5636/31/4 5658/31/4
f 5637/31/4 5638/31/4 5659/31/4
f 5658/25/4 5637/25/4 5659/25/4
f 5618/25/4 5619/25/4 5660/25/4
f 5617/25/4 5618/25/4 5660/25/4
f 5619/31/4 5620/31/4 5661/31/4
f 5660/25/4 5619/25/4 5661/25/4
f 5594/31/4 5595/31/4 5662/31/4
f 5094/20/4 5594/20/4 5662/20/4
f 5596/33/4 5597/33/4 5663/33/4
f 5662/31/4 5595/31/4 5663/31/4
f 5595/33/4 5596/33/4 5663/33/4
f 5629/33/4 5602/33/4 5664/33/4
f 5530/31/4 5643/31/4 5664/31/4
f 5583/33/4 5530/33/4 5664/33/4
f 5602/33/4 5583/33/4 5664/33/4
f 5643/31/4 5644/31/4 5664/31/4
f 5533/31/4 5503/31/4 5665/31/4
f 5664/31/4 5644/31/4 5665/31/4
f 5644/31/4 5533/31/4 5665/31/4
f 5646/25/4 5647/25/4 5666/25/4
f 5645/31/4 5646/31/4 5666/31/4
f 5647/31/4 5648/31/4 5667/31/4
f 5666/25/4 5647/25/4 5667/25/4
f 5648/31/4 5649/31/4 5667/31/4
f 5667/31/4 5649/31/4 5668/31/4
f 5649/2/4 5650/2/4 5669/2/4
f 5668/31/4 5649/31/4 5669/31/4
f 5652/32/4 5653/32/4 5670/32/4
f 5669/2/4 5650/2/4 5670/2/4
f 5650/32/4 5651/32/4 5670/32/4
f 5651/32/4 5652/32/4 5670/32/4
f 5670/32/4 5653/32/4 5671/32/4
f 5671/32/4 5653/32/4 5672/32/4
f 5653/25/4 5654/25/4 5673/25/4
f 5672/32/4 5653/32/4 5673/32/4
f 5613/25/4 5655/25/4 5674/25/4
f 5611/32/4 5612/32/4 5674/32/4
f 5612/32/4 5613/32/4 5674/32/4
f 5655/31/4 5656/31/4 5675/31/4
f 5674/25/4 5655/25/4 5675/25/4
f 5656/31/4 5657/31/4 5675/31/4
f 5675/31/4 5657/31/4 5676/31/4
f 5676/31/4 5657/31/4 5677/31/4
f 5657/25/4 5658/25/4 5678/25/4
f 5677/31/4 5657/31/4 5678/31/4
f 5658/31/4 5659/31/4 5679/31/4
f 5678/25/4 5658/25/4 5679/25/4
f 5659/31/4 5638/31/4 5680/31/4
f 5679/31/4 5659/31/4 5680/31/4
f 5638/31/4 5617/31/4 5680/31/4
f 5617/25/4 5660/25/4 5681/25/4
f 5680/31/4 5617/31/4 5681/31/4
f 5663/33/4 5597/33/4 5682/33/4
f 5662/33/4 5663/33/4 5682/33/4
f 5597/29/4 5577/29/4 5683/29/4
f 5682/33/4 5597/33/4 5683/33/4
f 5621/31/4 5622/31/4 5684/31/4
f 5622/33/4 5639/33/4 5684/33/4
f 5639/31/4 5640/31/4 5685/31/4
f 5684/33/4 5639/33/4 5685/33/4
f 5640/33/4 5641/33/4 5686/33/4
f 5685/31/4 5640/31/4 5686/31/4
f 5629/33/4 5664/33/4 5687/33/4
f 5664/1/4 5665/1/4 5688/1/4
f 5687/33/4 5664/33/4 5688/33/4
f 5688/1/4 5665/1/4 5689/1/4
f 5665/31/4 5503/31/4 5690/31/4
f 5689/1/4 5665/1/4 5690/1/4
f 5503/31/4 5039/31/4 5691/31/4
f 5690/31/4 5503/31/4 5691/31/4
f 5666/31/4 5667/31/4 5692/31/4
f 5667/25/4 5668/25/4 5692/25/4
f 5668/31/4 5669/31/4 5693/31/4
f 5692/25/4 5668/25/4 5693/25/4
f 5669/31/4 5670/31/4 5693/31/4
f 5693/31/4 5670/31/4 5694/31/4
f 5670/2/4 5671/2/4 5695/2/4
f 5694/31/4 5670/31/4 5695/31/4
f 5671/32/4 5672/32/4 5696/32/4
f 5695/2/4 5671/2/4 5696/2/4
f 5696/32/4 5672/32/4 5697/32/4
f 5672/25/4 5673/25/4 5698/25/4
f 5697/32/4 5672/32/4 5698/32/4
f 5673/25/4 5654/25/4 5699/25/4
f 5698/25/4 5673/25/4 5699/25/4
f 5654/25/4 5611/25/4 5699/25/4
f 5611/32/4 5674/32/4 5699/32/4
f 5674/32/4 5675/32/4 5699/32/4
f 5699/32/4 5675/32/4 5700/32/4
f 5675/25/4 5676/25/4 5701/25/4
f 5700/32/4 5675/32/4 5701/32/4
f 5676/2/4 5677/2/4 5702/2/4
f 5701/25/4 5676/25/4 5702/25/4
f 5677/25/4 5678/25/4 5703/25/4
f 5702/2/4 5677/2/4 5703/2/4
f 5678/31/4 5679/31/4 5704/31/4
f 5703/25/4 5678/25/4 5704/25/4
f 5679/31/4 5680/31/4 5704/31/4
f 5704/31/4 5680/31/4 5705/31/4
f 5680/25/4 5681/25/4 5706/25/4
f 5705/31/4 5680/31/4 5706/31/4
f 5681/25/4 5660/25/4 5707/25/4
f 5706/25/4 5681/25/4 5707/25/4
f 5660/31/4 5661/31/4 5708/31/4
f 5707/25/4 5660/25/4 5708/25/4
f 5284/29/4 5254/29/4 5709/29/4
f 5283/32/4 5284/32/4 5709/32/4
f 5709/29/4 5254/29/4 5710/29/4
f 5254/32/4 5370/32/4 5711/32/4
f 5710/29/4 5254/29/4 5711/29/4
f 5370/29/4 5628/29/4 5712/29/4
f 5628/29/4 5629/29/4 5712/29/4
f 5629/33/4 5687/33/4 5713/33/4
f 5712/29/4 5629/29/4 5713/29/4
f 5666/31/4 5692/31/4 5714/31/4
f 5107/31/4 5560/31/4 5714/31/4
f 5560/31/4 5603/31/4 5714/31/4
f 5603/31/4 5645/31/4 5714/31/4
f 4920/31/4 5107/31/4 5714/31/4
f 5692/31/4 5693/31/4 5714/31/4
f 5645/31/4 5666/31/4 5714/31/4
f 5714/31/4 5693/31/4 5715/31/4
f 5693/25/4 5694/25/4 5716/25/4
f 5715/31/4 5693/31/4 5716/31/4
f 5694/31/4 5695/31/4 5717/31/4
f 5716/25/4 5694/25/4 5717/25/4
f 5695/31/4 5696/31/4 5717/31/4
f 5717/31/4 5696/31/4 5718/31/4
f 5696/2/4 5697/2/4 5719/2/4
f 5718/31/4 5696/31/4 5719/31/4
f 5697/32/4 5698/32/4 5720/32/4
f 5719/2/4 5697/2/4 5720/2/4
f 5699/32/4 5700/32/4 5720/32/4
f 5698/32/4 5699/32/4 5720/32/4
f 5700/25/4 5701/25/4 5721/25/4
f 5720/32/4 5700/32/4 5721/32/4
f 5702/31/4 5703/31/4 5722/31/4
f 5721/25/4 5701/25/4 5722/25/4
f 5704/31/4 5705/31/4 5722/31/4
f 5703/31/4 5704/31/4 5722/31/4
f 5701/31/4 5702/31/4 5722/31/4
f 5722/31/4 5705/31/4 5723/31/4
f 5705/25/4 5706/25/4 5724/25/4
f 5723/31/4 5705/31/4 5724/31/4
f 5706/25/4 5707/25/4 5724/25/4
f 5707/31/4 5708/31/4 5725/31/4
f 5724/25/4 5707/25/4 5725/25/4
f 5683/29/4 5577/29/4 5726/29/4
f 5682/29/4 5683/29/4 5726/29/4
f 5577/33/4 5621/33/4 5726/33/4
f 5621/31/4 5684/31/4 5727/31/4
f 5726/33/4 5621/33/4 5727/33/4
f 5642/32/4 5627/32/4 5728/32/4
f 5641/29/4 5642/29/4 5728/29/4
f 5627/32/4 5527/32/4 5729/32/4
f 5728/32/4 5627/32/4 5729/32/4
f 5716/31/4 5717/31/4 5730/31/4
f 5717/25/4 5718/25/4 5730/25/4
f 5715/31/4 5716/31/4 5730/31/4
f 5718/31/4 5719/31/4 5731/31/4
f 5730/25/4 5718/25/4 5731/25/4
f 5719/31/4 5720/31/4 5731/31/4
f 5731/31/4 5720/31/4 5732/31/4
f 5720/25/4 5721/25/4 5733/25/4
f 5732/31/4 5720/31/4 5733/31/4
f 5733/25/4 5721/25/4 5734/25/4
f 5734/25/4 5721/25/4 5735/25/4
f 5722/31/4 5723/31/4 5736/31/4
f 5735/25/4 5721/25/4 5736/25/4
f 5721/31/4 5722/31/4 5736/31/4
f 5736/31/4 5723/31/4 5737/31/4
f 5723/25/4 5724/25/4 5738/25/4
f 5737/31/4 5723/31/4 5738/31/4
f 5724/31/4 5725/31/4 5739/31/4
f 5738/25/4 5724/25/4 5739/25/4
f 5725/31/4 5708/31/4 5740/31/4
f 5739/31/4 5725/31/4 5740/31/4
f 5708/31/4 5661/31/4 5740/31/4
f 5661/31/4 5620/31/4 5740/31/4
f 5620/31/4 5089/31/4 5740/31/4
f 5740/31/4 5089/31/4 5741/31/4
f 5662/33/4 5682/33/4 5742/33/4
f 5742/33/4 5682/33/4 5743/33/4
f 5682/29/4 5726/29/4 5744/29/4
f 5726/31/4 5727/31/4 5744/31/4
f 5727/31/4 5684/31/4 5745/31/4
f 5744/31/4 5727/31/4 5745/31/4
f 5713/33/4 5687/33/4 5746/33/4
f 5712/33/4 5713/33/4 5746/33/4
f 5687/1/4 5688/1/4 5746/1/4
f 5688/33/4 5689/33/4 5747/33/4
f 5746/1/4 5688/1/4 5747/1/4
f 5689/31/4 5690/31/4 5748/31/4
f 5747/33/4 5689/33/4 5748/33/4
f 5690/1/4 5691/1/4 5749/1/4
f 5748/31/4 5690/31/4 5749/31/4
f 5691/31/4 5039/31/4 5750/31/4
f 5749/1/4 5691/1/4 5750/1/4
f 5731/25/4 5732/25/4 5751/25/4
f 5730/31/4 5731/31/4 5751/31/4
f 5732/31/4 5733/31/4 5752/31/4
f 5751/25/4 5732/25/4 5752/25/4
f 5733/31/4 5734/31/4 5752/31/4
f 5752/31/4 5734/31/4 5753/31/4
f 5734/25/4 5735/25/4 5754/25/4
f 5753/31/4 5734/31/4 5754/31/4
f 5735/31/4 5736/31/4 5755/31/4
f 5754/25/4 5735/25/4 5755/25/4
f 5736/31/4 5737/31/4 5755/31/4
f 5755/31/4 5737/31/4 5756/31/4
f 5737/25/4 5738/25/4 5757/25/4
f 5756/31/4 5737/31/4 5757/31/4
f 5738/31/4 5739/31/4 5758/31/4
f 5757/25/4 5738/25/4 5758/25/4
f 5739/31/4 5740/31/4 5758/31/4
f 5094/20/4 5662/20/4 5759/20/4
f 5662/33/4 5742/33/4 5759/33/4
f 5742/29/4 5743/29/4 5760/29/4
f 5759/33/4 5742/33/4 5760/33/4
f 5682/29/4 5744/29/4 5761/29/4
f 5744/33/4 5745/33/4 5762/33/4
f 5761/29/4 5744/29/4 5762/29/4
f 5745/31/4 5684/31/4 5763/31/4
f 5762/33/4 5745/33/4 5763/33/4
f 5684/29/4 5685/29/4 5764/29/4
f 5763/31/4 5684/31/4 5764/31/4
f 5685/33/4 5686/33/4 5765/33/4
f 5764/29/4 5685/29/4 5765/29/4
f 5686/33/4 5641/33/4 5766/33/4
f 5765/33/4 5686/33/4 5766/33/4
f 5641/29/4 5728/29/4 5767/29/4
f 5766/33/4 5641/33/4 5767/33/4
f 5729/32/4 5527/32/4 5768/32/4
f 5728/31/4 5729/31/4 5768/31/4
f 5527/32/4 5433/32/4 5769/32/4
f 5768/32/4 5527/32/4 5769/32/4
f 5746/33/4 5747/33/4 5770/33/4
f 5712/33/4 5746/33/4 5770/33/4
f 5370/29/4 5712/29/4 5770/29/4
f 5770/33/4 5747/33/4 5771/33/4
f 5748/1/4 5749/1/4 5772/1/4
f 5771/33/4 5747/33/4 5772/33/4
f 5747/1/4 5748/1/4 5772/1/4
f 5772/1/4 5749/1/4 5773/1/4
f 5749/31/4 5750/31/4 5774/31/4
f 5773/1/4 5749/1/4 5774/1/4
f 5752/25/4 5753/25/4 5775/25/4
f 5751/31/4 5752/31/4 5775/31/4
f 5755/31/4 5756/31/4 5776/31/4
f 5775/25/4 5753/25/4 5776/25/4
f 5753/31/4 5754/31/4 5776/31/4
f 5754/31/4 5755/31/4 5776/31/4
f 5776/31/4 5756/31/4 5777/31/4
f 5777/31/4 5756/31/4 5778/31/4
f 5756/25/4 5757/25/4 5779/25/4
f 5778/31/4 5756/31/4 5779/31/4
f 5757/31/4 5758/31/4 5780/31/4
f 5779/25/4 5757/25/4 5780/25/4
f 5759/29/4 5760/29/4 5781/29/4
f 5094/20/4 5759/20/4 5781/20/4
f 5760/29/4 5743/29/4 5782/29/4
f 5781/29/4 5760/29/4 5782/29/4
f 5764/29/4 5765/29/4 5783/29/4
f 5763/29/4 5764/29/4 5783/29/4
f 5765/31/4 5766/31/4 5784/31/4
f 5783/29/4 5765/29/4 5784/29/4
f 5766/29/4 5767/29/4 5785/29/4
f 5784/31/4 5766/31/4 5785/31/4
f 5785/29/4 5767/29/4 5786/29/4
f 5768/31/4 5769/31/4 5787/31/4
f 5786/29/4 5767/29/4 5787/29/4
f 5728/31/4 5768/31/4 5787/31/4
f 5767/29/4 5728/29/4 5787/29/4
f 5787/31/4 5769/31/4 5788/31/4
f 5770/29/4 5771/29/4 5789/29/4
f 5370/29/4 5770/29/4 5789/29/4
f 5711/32/4 5370/32/4 5789/32/4
f 5789/29/4 5771/29/4 5790/29/4
f 5771/33/4 5772/33/4 5791/33/4
f 5772/33/4 5773/33/4 5791/33/4
f 5791/33/4 5773/33/4 5792/33/4
f 5773/31/4 5774/31/4 5793/31/4
f 5792/33/4 5773/33/4 5793/33/4
f 5776/25/4 5777/25/4 5794/25/4
f 5775/31/4 5776/31/4 5794/31/4
f 5777/31/4 5778/31/4 5795/31/4
f 5794/25/4 5777/25/4 5795/25/4
f 5778/25/4 5779/25/4 5796/25/4
f 5795/31/4 5778/31/4 5796/31/4
f 5779/31/4 5780/31/4 5797/31/4
f 5796/25/4 5779/25/4 5797/25/4
f 5548/3/4 5549/3/4 5798/3/4
f 5550/3/4 5551/3/4 5798/3/4
f 5549/3/4 5550/3/4 5798/3/4
f 5487/4/4 5548/4/4 5798/4/4
f 5551/4/4 5488/4/4 5799/4/4
f 5798/3/4 5551/3/4 5799/3/4
f 5094/20/4 5781/20/4 5800/20/4
f 5781/33/4 5782/33/4 5800/33/4
f 5782/29/4 5743/29/4 5801/29/4
f 5800/33/4 5782/33/4 5801/33/4
f 5788/31/4 5769/31/4 5802/31/4
f 5787/29/4 5788/29/4 5802/29/4
f 5786/29/4 5787/29/4 5802/29/4
f 5769/32/4 5433/32/4 5803/32/4
f 5802/31/4 5769/31/4 5803/31/4
f 5792/31/4 5793/31/4 5804/31/4
f 5791/1/4 5792/1/4 5804/1/4
f 5774/31/4 5750/31/4 5805/31/4
f 5804/31/4 5793/31/4 5805/31/4
f 5750/31/4 5039/31/4 5805/31/4
f 5793/31/4 5774/31/4 5805/31/4
f 5715/31/4 5730/31/4 5806/31/4
f 5751/31/4 5775/31/4 5806/31/4
f 5775/31/4 5794/31/4 5806/31/4
f 5730/31/4 5751/31/4 5806/31/4
f 5794/31/4 5795/31/4 5806/31/4
f 5714/20/4 5715/20/4 5806/20/4
f 5806/31/4 5795/31/4 5807/31/4
f 5795/25/4 5796/25/4 5808/25/4
f 5807/31/4 5795/31/4 5808/31/4
f 5796/31/4 5797/31/4 5809/31/4
f 5808/25/4 5796/25/4 5809/25/4
f 5487/4/4 5798/4/4 5810/4/4
f 5798/4/4 5799/4/4 5810/4/4
f 5093/31/4 5487/31/4 5810/31/4
f 5810/4/4 5799/4/4 5811/4/4
f 5799/4/4 5488/4/4 5812/4/4
f 5811/4/4 5799/4/4 5812/4/4
f 5488/31/4 5094/31/4 5813/31/4
f 5812/4/4 5488/4/4 5813/4/4
f 5801/29/4 5743/29/4 5814/29/4
f 5743/33/4 5682/33/4 5814/33/4
f 5682/29/4 5761/29/4 5815/29/4
f 5814/33/4 5682/33/4 5815/33/4
f 5802/27/4 5803/27/4 5816/27/4
f 5803/32/4 5433/32/4 5816/32/4
f 5433/29/4 3631/29/4 5817/29/4
f 5816/32/4 5433/32/4 5817/32/4
f 5791/1/4 5804/1/4 5818/1/4
f 5804/1/4 5805/1/4 5818/1/4
f 5818/1/4 5805/1/4 5819/1/4
f 5819/1/4 5805/1/4 5820/1/4
f 5805/31/4 5039/31/4 5821/31/4
f 5820/1/4 5805/1/4 5821/1/4
f 5807/31/4 5808/31/4 5822/31/4
f 5808/31/4 5809/31/4 5822/31/4
f 5806/20/4 5807/20/4 5822/20/4
f 5822/31/4 5809/31/4 5823/31/4
f 5797/31/4 5780/31/4 5824/31/4
f 5823/31/4 5809/31/4 5824/31/4
f 5809/31/4 5797/31/4 5824/31/4
f 5780/31/4 5758/31/4 5824/31/4
f 5758/31/4 5740/31/4 5824/31/4
f 5740/20/4 5741/20/4 5825/20/4
f 5824/31/4 5740/31/4 5825/31/4
f 5092/20/4 5093/20/4 5826/20/4
f 5091/20/4 5092/20/4 5826/20/4
f 5090/31/4 5091/31/4 5826/31/4
f 5810/31/4 5811/31/4 5827/31/4
f 5826/20/4 5093/20/4 5827/20/4
f 5093/31/4 5810/31/4 5827/31/4
f 5811/33/4 5812/33/4 5828/33/4
f 5827/31/4 5811/31/4 5828/31/4
f 5812/31/4 5813/31/4 5829/31/4
f 5828/33/4 5812/33/4 5829/33/4
f 5813/31/4 5094/31/4 5830/31/4
f 5829/31/4 5813/31/4 5830/31/4
f 5094/20/4 5800/20/4 5830/20/4
f 5830/20/4 5800/20/4 5831/20/4
f 5800/31/4 5801/31/4 5832/31/4
f 5831/20/4 5800/20/4 5832/20/4
f 5801/29/4 5814/29/4 5833/29/4
f 5832/31/4 5801/31/4 5833/31/4
f 5761/33/4 5762/33/4 5834/33/4
f 5815/29/4 5761/29/4 5834/29/4
f 5762/31/4 5763/31/4 5835/31/4
f 5834/33/4 5762/33/4 5835/33/4
f 5790/29/4 5771/29/4 5836/29/4
f 5771/33/4 5791/33/4 5836/33/4
f 5836/33/4 5791/33/4 5837/33/4
f 5791/1/4 5818/1/4 5838/1/4
f 5837/33/4 5791/33/4 5838/33/4
f 5818/31/4 5819/31/4 5839/31/4
f 5838/1/4 5818/1/4 5839/1/4
f 5839/31/4 5819/31/4 5840/31/4
f 5819/1/4 5820/1/4 5841/1/4
f 5840/31/4 5819/31/4 5841/31/4
f 5820/31/4 5821/31/4 5842/31/4
f 5841/1/4 5820/1/4 5842/1/4
f 5822/20/4 5823/20/4 5843/20/4
f 4920/31/4 5714/31/4 5843/31/4
f 5806/20/4 5822/20/4 5843/20/4
f 5714/20/4 5806/20/4 5843/20/4
f 5823/31/4 5824/31/4 5844/31/4
f 5843/20/4 5823/20/4 5844/20/4
f 5844/31/4 5824/31/4 5845/31/4
f 5824/20/4 5825/20/4 5846/20/4
f 5845/31/4 5824/31/4 5846/31/4
f 5831/29/4 5832/29/4 5847/29/4
f 5830/31/4 5831/31/4 5847/31/4
f 5832/29/4 5833/29/4 5847/29/4
f 5833/29/4 5814/29/4 5848/29/4
f 5847/29/4 5833/29/4 5848/29/4
f 5815/29/4 5834/29/4 5849/29/4
f 5834/31/4 5835/31/4 5849/31/4
f 5835/31/4 5763/31/4 5850/31/4
f 5849/31/4 5835/31/4 5850/31/4
f 5763/29/4 5783/29/4 5851/29/4
f 5850/31/4 5763/31/4 5851/31/4
f 5785/28/4 5786/28/4 5852/28/4
f 5784/36/4 5785/36/4 5852/36/4
f 5786/29/4 5802/29/4 5853/29/4
f 5852/28/4 5786/28/4 5853/28/4
f 5789/30/4 5790/30/4 5854/30/4
f 5836/29/4 5837/29/4 5854/29/4
f 5790/29/4 5836/29/4 5854/29/4
f 5854/29/4 5837/29/4 5855/29/4
f 5837/33/4 5838/33/4 5856/33/4
f 5855/29/4 5837/29/4 5856/29/4
f 5856/33/4 5838/33/4 5857/33/4
f 5839/31/4 5840/31/4 5858/31/4
f 5857/33/4 5838/33/4 5858/33/4
f 5838/31/4 5839/31/4 5858/31/4
f 5858/31/4 5840/31/4 5859/31/4
f 5840/1/4 5841/1/4 5860/1/4
f 5859/31/4 5840/31/4 5860/31/4
f 5841/31/4 5842/31/4 5861/31/4
f 5860/1/4 5841/1/4 5861/1/4
f 5844/31/4 5845/31/4 5862/31/4
f 5845/20/4 5846/20/4 5862/20/4
f 5843/31/4 5844/31/4 5862/31/4
f 5825/20/4 5741/20/4 5863/20/4
f 5862/20/4 5846/20/4 5863/20/4
f 5846/20/4 5825/20/4 5863/20/4
f 5741/31/4 5089/31/4 5863/31/4
f 5828/20/4 5829/20/4 5864/20/4
f 5829/20/4 5830/20/4 5864/20/4
f 5826/31/4 5827/31/4 5864/31/4
f 5827/20/4 5828/20/4 5864/20/4
f 5864/20/4 5830/20/4 5865/20/4
f 5865/20/4 5830/20/4 5866/20/4
f 5866/20/4 5830/20/4 5867/20/4
f 5867/20/4 5830/20/4 5868/20/4
f 5830/31/4 5847/31/4 5869/31/4
f 5868/20/4 5830/20/4 5869/20/4
f 5847/31/4 5848/31/4 5869/31/4
f 5848/29/4 5814/29/4 5870/29/4
f 5814/31/4 5815/31/4 5870/31/4
f 5815/29/4 5849/29/4 5871/29/4
f 5870/31/4 5815/31/4 5871/31/4
f 5849/28/4 5850/28/4 5872/28/4
f 5871/29/4 5849/29/4 5872/29/4
f 5850/29/4 5851/29/4 5873/29/4
f 5872/28/4 5850/28/4 5873/28/4
f 5851/29/4 5783/29/4 5874/29/4
f 5873/29/4 5851/29/4 5874/29/4
f 5783/27/4 5784/27/4 5874/27/4
f 5784/36/4 5852/36/4 5875/36/4
f 5874/27/4 5784/27/4 5875/27/4
f 5852/29/4 5853/29/4 5876/29/4
f 5875/36/4 5852/36/4 5876/36/4
f 5853/29/4 5802/29/4 5877/29/4
f 5876/29/4 5853/29/4 5877/29/4
f 5843/31/4 5862/31/4 5878/31/4
f 4896/33/4 4920/33/4 5878/33/4
f 4920/31/4 5843/31/4 5878/31/4
f 5862/31/4 5863/31/4 5878/31/4
f 5878/31/4 5863/31/4 5879/31/4
f 5863/31/4 5089/31/4 5880/31/4
f 5879/31/4 5863/31/4 5880/31/4
f 5089/31/4 4923/31/4 5880/31/4
f 4923/33/4 4901/33/4 5881/33/4
f 5880/31/4 4923/31/4 5881/31/4
f 5869/31/4 5848/31/4 5882/31/4
f 5848/29/4 5870/29/4 5882/29/4
f 5868/31/4 5869/31/4 5882/31/4
f 5870/28/4 5871/28/4 5883/28/4
f 5882/29/4 5870/29/4 5883/29/4
f 5873/29/4 5874/29/4 5884/29/4
f 5883/28/4 5871/28/4 5884/28/4
f 5872/29/4 5873/29/4 5884/29/4
f 5874/29/4 5875/29/4 5884/29/4
f 5871/29/4 5872/29/4 5884/29/4
f 5884/29/4 5875/29/4 5885/29/4
f 5875/36/4 5876/36/4 5886/36/4
f 5885/29/4 5875/29/4 5886/29/4
f 5876/35/4 5877/35/4 5887/35/4
f 5886/36/4 5876/36/4 5887/36/4
f 5856/32/4 5857/32/4 5888/32/4
f 5858/33/4 5859/33/4 5888/33/4
f 5857/33/4 5858/33/4 5888/33/4
f 5888/33/4 5859/33/4 5889/33/4
f 5860/31/4 5861/31/4 5890/31/4
f 5889/33/4 5859/33/4 5890/33/4
f 5859/31/4 5860/31/4 5890/31/4
f 5861/31/4 5842/31/4 5891/31/4
f 5890/31/4 5861/31/4 5891/31/4
f 5039/20/4 4896/20/4 5892/20/4
f 5891/31/4 5842/31/4 5892/31/4
f 5842/31/4 5821/31/4 5892/31/4
f 5821/31/4 5039/31/4 5892/31/4
f 5892/20/4 4896/20/4 5893/20/4
f 5878/33/4 5879/33/4 5894/33/4
f 5893/20/4 4896/20/4 5894/20/4
f 4896/33/4 5878/33/4 5894/33/4
f 5894/33/4 5879/33/4 5895/33/4
f 5879/31/4 5880/31/4 5896/31/4
f 5895/33/4 5879/33/4 5896/33/4
f 5880/33/4 5881/33/4 5897/33/4
f 5896/31/4 5880/31/4 5897/31/4
f 5881/33/4 4901/33/4 5898/33/4
f 5897/33/4 5881/33/4 5898/33/4
f 4901/20/4 5002/20/4 5899/20/4
f 5898/33/4 4901/33/4 5899/33/4
f 5899/20/4 5002/20/4 5900/20/4
f 5002/31/4 5090/31/4 5901/31/4
f 5900/20/4 5002/20/4 5901/20/4
f 5864/31/4 5865/31/4 5901/31/4
f 5826/31/4 5864/31/4 5901/31/4
f 5090/31/4 5826/31/4 5901/31/4
f 5901/31/4 5865/31/4 5902/31/4
f 5865/34/4 5866/34/4 5903/34/4
f 5902/31/4 5865/31/4 5903/31/4
f 5866/31/4 5867/31/4 5904/31/4
f 5904/31/4 5867/31/4 5905/31/4
f 5882/35/4 5883/35/4 5906/35/4
f 5884/35/4 5885/35/4 5906/35/4
f 5868/31/4 5882/31/4 5906/31/4
f 5883/35/4 5884/35/4 5906/35/4
f 5906/35/4 5885/35/4 5907/35/4
f 5907/35/4 5885/35/4 5908/35/4
f 5877/29/4 5802/29/4 5909/29/4
f 5802/27/4 5816/27/4 5909/27/4
f 5816/31/4 5817/31/4 5910/31/4
f 5909/27/4 5816/27/4 5910/27/4
f 5890/33/4 5891/33/4 5911/33/4
f 5889/33/4 5890/33/4 5911/33/4
f 5892/31/4 5893/31/4 5912/31/4
f 5911/33/4 5891/33/4 5912/33/4
f 5891/31/4 5892/31/4 5912/31/4
f 5912/31/4 5893/31/4 5913/31/4
f 5913/31/4 5893/31/4 5914/31/4
f 5894/20/4 5895/20/4 5915/20/4
f 5914/31/4 5893/31/4 5915/31/4
f 5893/20/4 5894/20/4 5915/20/4
f 5915/20/4 5895/20/4 5916/20/4
f 5896/33/4 5897/33/4 5917/33/4
f 5916/20/4 5895/20/4 5917/20/4
f 5897/33/4 5898/33/4 5917/33/4
f 5895/33/4 5896/33/4 5917/33/4
f 5899/20/4 5900/20/4 5918/20/4
f 5917/33/4 5898/33/4 5918/33/4
f 5898/20/4 5899/20/4 5918/20/4
f 5918/20/4 5900/20/4 5919/20/4
f 5901/31/4 5902/31/4 5920/31/4
f 5919/20/4 5900/20/4 5920/20/4
f 5900/31/4 5901/31/4 5920/31/4
f 5867/35/4 5868/35/4 5921/35/4
f 5868/31/4 5906/31/4 5921/31/4
f 5906/31/4 5907/31/4 5921/31/4
f 5921/31/4 5907/31/4 5922/31/4
f 5922/31/4 5907/31/4 5923/31/4
f 5923/31/4 5907/31/4 5924/31/4
f 5924/31/4 5907/31/4 5925/31/4
f 5907/29/4 5908/29/4 5926/29/4
f 5925/31/4 5907/31/4 5926/31/4
f 5887/35/4 5877/35/4 5927/35/4
f 5886/37/4 5887/37/4 5927/37/4
f 5909/29/4 5910/29/4 5928/29/4
f 5927/35/4 5877/35/4 5928/35/4
f 5877/29/4 5909/29/4 5928/29/4
f 5928/29/4 5910/29/4 5929/29/4
f 5929/29/4 5910/29/4 5930/29/4
f 5910/31/4 5817/31/4 5931/31/4
f 5930/29/4 5910/29/4 5931/29/4
f 5889/33/4 5911/33/4 5932/33/4
f 5888/32/4 5889/32/4 5932/32/4
f 5911/32/4 5912/32/4 5933/32/4
f 5932/33/4 5911/33/4 5933/33/4
f 5912/33/4 5913/33/4 5934/33/4
f 5933/32/4 5912/32/4 5934/32/4
f 5913/32/4 5914/32/4 5935/32/4
f 5934/33/4 5913/33/4 5935/33/4
f 5914/31/4 5915/31/4 5936/31/4
f 5935/32/4 5914/32/4 5936/32/4
f 5915/28/4 5916/28/4 5937/28/4
f 5936/31/4 5915/31/4 5937/31/4
f 5916/20/4 5917/20/4 5938/20/4
f 5937/28/4 5916/28/4 5938/28/4
f 5918/20/4 5919/20/4 5938/20/4
f 5917/20/4 5918/20/4 5938/20/4
f 5938/20/4 5919/20/4 5939/20/4
f 5939/20/4 5919/20/4 5940/20/4
f 5919/28/4 5920/28/4 5941/28/4
f 5940/20/4 5919/20/4 5941/20/4
f 5902/32/4 5903/32/4 5942/32/4
f 5903/34/4 5866/34/4 5942/34/4
f 5866/31/4 5904/31/4 5943/31/4
f 5942/34/4 5866/34/4 5943/34/4
f 5904/37/4 5905/37/4 5944/37/4
f 5943/31/4 5904/31/4 5944/31/4
f 5905/31/4 5867/31/4 5945/31/4
f 5944/37/4 5905/37/4 5945/37/4
f 5924/31/4 5925/31/4 5946/31/4
f 5923/29/4 5924/29/4 5946/29/4
f 5925/35/4 5926/35/4 5947/35/4
f 5946/31/4 5925/31/4 5947/31/4
f 5908/35/4 5885/35/4 5948/35/4
f 5885/29/4 5886/29/4 5948/29/4
f 5886/37/4 5927/37/4 5949/37/4
f 5948/29/4 5886/29/4 5949/29/4
f 5936/32/4 5937/32/4 5950/32/4
f 5935/32/4 5936/32/4 5950/32/4
f 5934/32/4 5935/32/4 5950/32/4
f 5938/28/4 5939/28/4 5950/28/4
f 5937/28/4 5938/28/4 5950/28/4
f 5933/32/4 5934/32/4 5950/32/4
f 5932/32/4 5933/32/4 5950/32/4
f 5939/20/4 5940/20/4 5951/20/4
f 5950/28/4 5939/28/4 5951/28/4
f 5951/20/4 5940/20/4 5952/20/4
f 5952/20/4 5940/20/4 5953/20/4
f 5953/20/4 5940/20/4 5954/20/4
f 5954/20/4 5940/20/4 5955/20/4
f 5955/20/4 5940/20/4 5956/20/4
f 5956/20/4 5940/20/4 5957/20/4
f 5940/28/4 5941/28/4 5958/28/4
f 5957/20/4 5940/20/4 5958/20/4
f 5920/31/4 5902/31/4 5959/31/4
f 5958/28/4 5941/28/4 5959/28/4
f 5941/28/4 5920/28/4 5959/28/4
f 5959/31/4 5902/31/4 5960/31/4
f 5960/31/4 5902/31/4 5961/31/4
f 5961/31/4 5902/31/4 5962/31/4
f 5902/32/4 5942/32/4 5963/32/4
f 5962/31/4 5902/31/4 5963/31/4
f 5945/31/4 5867/31/4 5964/31/4
f 5867/35/4 5921/35/4 5964/35/4
f 5921/32/4 5922/32/4 5965/32/4
f 5964/35/4 5921/35/4 5965/35/4
f 5922/31/4 5923/31/4 5966/31/4
f 5965/32/4 5922/32/4 5966/32/4
f 5966/31/4 5923/31/4 5967/31/4
f 5946/29/4 5947/29/4 5968/29/4
f 5967/31/4 5923/31/4 5968/31/4
f 5923/29/4 5946/29/4 5968/29/4
f 5968/29/4 5947/29/4 5969/29/4
f 5969/29/4 5947/29/4 5970/29/4
f 5929/29/4 5930/29/4 5971/29/4
f 5928/28/4 5929/28/4 5971/28/4
f 5971/29/4 5930/29/4 5972/29/4
f 5931/31/4 5817/31/4 5973/31/4
f 5930/32/4 5931/32/4 5973/32/4
f 5817/29/4 3631/29/4 5974/29/4
f 5973/31/4 5817/31/4 5974/31/4
f 5950/32/4 5951/32/4 5975/32/4
f 5951/32/4 5952/32/4 5975/32/4
f 5952/31/4 5953/31/4 5975/31/4
f 5975/31/4 5953/31/4 5976/31/4
f 5953/32/4 5954/32/4 5977/32/4
f 5976/31/4 5953/31/4 5977/31/4
f 5954/31/4 5955/31/4 5978/31/4
f 5977/32/4 5954/32/4 5978/32/4
f 5978/31/4 5955/31/4 5979/31/4
f 5979/31/4 5955/31/4 5980/31/4
f 5955/32/4 5956/32/4 5981/32/4
f 5980/31/4 5955/31/4 5981/31/4
f 5957/32/4 5958/32/4 5982/32/4
f 5958/31/4 5959/31/4 5982/31/4
f 5959/31/4 5960/31/4 5982/31/4
f 5982/31/4 5960/31/4 5983/31/4
f 5964/29/4 5965/29/4 5984/29/4
f 5966/32/4 5967/32/4 5984/32/4
f 5965/32/4 5966/32/4 5984/32/4
f 5984/32/4 5967/32/4 5985/32/4
f 5970/29/4 5947/29/4 5986/29/4
f 5969/28/4 5970/28/4 5986/28/4
f 5947/35/4 5926/35/4 5987/35/4
f 5986/29/4 5947/29/4 5987/29/4
f 5972/29/4 5930/29/4 5988/29/4
f 5930/32/4 5973/32/4 5989/32/4
f 5988/29/4 5930/29/4 5989/29/4
f 5973/32/4 5974/32/4 5989/32/4
f 5989/32/4 5974/32/4 5990/32/4
f 5975/33/4 5976/33/4 5991/33/4
f 5950/32/4 5975/32/4 5991/32/4
f 5976/32/4 5977/32/4 5992/32/4
f 5991/33/4 5976/33/4 5992/33/4
f 5978/32/4 5979/32/4 5992/32/4
f 5977/32/4 5978/32/4 5992/32/4
f 5983/31/4 5960/31/4 5993/31/4
f 5982/32/4 5983/32/4 5993/32/4
f 5993/31/4 5960/31/4 5994/31/4
f 5985/32/4 5967/32/4 5995/32/4
f 5967/31/4 5968/31/4 5995/31/4
f 5968/31/4 5969/31/4 5995/31/4
f 5995/31/4 5969/31/4 5996/31/4
f 5987/35/4 5926/35/4 5997/35/4
f 5926/29/4 5908/29/4 5997/29/4
f 5908/35/4 5948/35/4 5998/35/4
f 5997/29/4 5908/29/4 5998/29/4
f 5972/29/4 5988/29/4 5999/29/4
f 5988/27/4 5989/27/4 5999/27/4
f 5989/27/4 5990/27/4 5999/27/4
f 5999/27/4 5990/27/4 6000/27/4
f 5992/32/4 5979/32/4 6001/32/4
f 5979/31/4 5980/31/4 6001/31/4
f 5991/32/4 5992/32/4 6001/32/4
f 6001/31/4 5980/31/4 6002/31/4
f 5981/32/4 5956/32/4 6003/32/4
f 5956/31/4 5957/31/4 6003/31/4
f 5980/32/4 5981/32/4 6003/32/4
f 5957/32/4 5982/32/4 6004/32/4
f 6003/31/4 5957/31/4 6004/31/4
f 5993/32/4 5994/32/4 6004/32/4
f 5982/32/4 5993/32/4 6004/32/4
f 5961/31/4 5962/31/4 6005/31/4
f 5960/37/4 5961/37/4 6005/37/4
f 5962/32/4 5963/32/4 6006/32/4
f 6005/31/4 5962/31/4 6006/31/4
f 5943/31/4 5944/31/4 6007/31/4
f 5944/36/4 5945/36/4 6007/36/4
f 5945/31/4 5964/31/4 6008/31/4
f 6007/36/4 5945/36/4 6008/36/4
f 5964/29/4 5984/29/4 6009/29/4
f 6008/31/4 5964/31/4 6009/31/4
f 5984/35/4 5985/35/4 6010/35/4
f 6009/29/4 5984/29/4 6010/29/4
f 5996/31/4 5969/31/4 6011/31/4
f 5995/32/4 5996/32/4 6011/32/4
f 5969/28/4 5986/28/4 6012/28/4
f 6011/31/4 5969/31/4 6012/31/4
f 5986/28/4 5987/28/4 6012/28/4
f 5999/29/4 6000/29/4 6013/29/4
f 5972/29/4 5999/29/4 6013/29/4
f 5971/28/4 5972/28/4 6013/28/4
f 6013/29/4 6000/29/4 6014/29/4
f 4675/32/4 4791/32/4 6015/32/4
f 5283/32/4 5709/32/4 6015/32/4
f 4953/32/4 4974/32/4 6015/32/4
f 4857/32/4 4911/32/4 6015/32/4
f 4974/32/4 5283/32/4 6015/32/4
f 3630/29/4 4675/29/4 6015/29/4
f 4911/32/4 4953/32/4 6015/32/4
f 4791/32/4 4857/32/4 6015/32/4
f 5709/32/4 5710/32/4 6015/32/4
f 5710/30/4 5711/30/4 6016/30/4
f 6015/32/4 5710/32/4 6016/32/4
f 5711/32/4 5789/32/4 6017/32/4
f 6016/30/4 5711/30/4 6017/30/4
f 5789/30/4 5854/30/4 6018/30/4
f 6017/32/4 5789/32/4 6018/32/4
f 5854/32/4 5855/32/4 6019/32/4
f 6018/30/4 5854/30/4 6019/30/4
f 5855/29/4 5856/29/4 6020/29/4
f 6019/32/4 5855/32/4 6020/32/4
f 5991/32/4 6001/32/4 6021/32/4
f 6020/29/4 5856/29/4 6021/29/4
f 5950/32/4 5991/32/4 6021/32/4
f 5932/32/4 5950/32/4 6021/32/4
f 5888/32/4 5932/32/4 6021/32/4
f 5856/32/4 5888/32/4 6021/32/4
f 6001/32/4 6002/32/4 6021/32/4
f 6002/31/4 5980/31/4 6022/31/4
f 6021/32/4 6002/32/4 6022/32/4
f 6003/32/4 6004/32/4 6023/32/4
f 6022/31/4 5980/31/4 6023/31/4
f 5980/32/4 6003/32/4 6023/32/4
f 5994/31/4 5960/31/4 6024/31/4
f 6023/32/4 6004/32/4 6024/32/4
f 6004/32/4 5994/32/4 6024/32/4
f 5960/37/4 6005/37/4 6025/37/4
f 6024/31/4 5960/31/4 6025/31/4
f 6005/32/4 6006/32/4 6026/32/4
f 6025/37/4 6005/37/4 6026/37/4
f 6006/32/4 5963/32/4 6027/32/4
f 6026/32/4 6006/32/4 6027/32/4
f 5942/35/4 5943/35/4 6027/35/4
f 5963/32/4 5942/32/4 6027/32/4
f 5943/31/4 6007/31/4 6028/31/4
f 6027/35/4 5943/35/4 6028/35/4
f 6008/29/4 6009/29/4 6029/29/4
f 6028/31/4 6007/31/4 6029/31/4
f 6007/29/4 6008/29/4 6029/29/4
f 6009/28/4 6010/28/4 6030/28/4
f 6029/29/4 6009/29/4 6030/29/4
f 6010/35/4 5985/35/4 6031/35/4
f 6030/28/4 6010/28/4 6031/28/4
f 5995/32/4 6011/32/4 6032/32/4
f 6031/35/4 5985/35/4 6032/35/4
f 5985/32/4 5995/32/4 6032/32/4
f 6011/32/4 6012/32/4 6032/32/4
f 6012/28/4 5987/28/4 6033/28/4
f 6032/32/4 6012/32/4 6033/32/4
f 5987/35/4 5997/35/4 6034/35/4
f 6033/28/4 5987/28/4 6034/28/4
f 5997/28/4 5998/28/4 6035/28/4
f 6034/35/4 5997/35/4 6035/35/4
f 5998/35/4 5948/35/4 6036/35/4
f 6035/28/4 5998/28/4 6036/28/4
f 5948/28/4 5949/28/4 6037/28/4
f 6036/35/4 5948/35/4 6037/35/4
f 5949/37/4 5927/37/4 6038/37/4
f 6037/28/4 5949/28/4 6038/28/4
f 5927/34/4 5928/34/4 6039/34/4
f 6038/37/4 5927/37/4 6039/37/4
f 6013/28/4 6014/28/4 6040/28/4
f 6039/34/4 5928/34/4 6040/34/4
f 5971/28/4 6013/28/4 6040/28/4
f 5928/28/4 5971/28/4 6040/28/4
f 6014/29/4 6000/29/4 6041/29/4
f 6040/28/4 6014/28/4 6041/28/4
f 6000/27/4 5990/27/4 6042/27/4
f 6041/29/4 6000/29/4 6042/29/4
f 5990/32/4 5974/32/4 6043/32/4
f 6042/27/4 5990/27/4 6043/27/4
f 5974/29/4 3631/29/4 6044/29/4
f 6043/32/4 5974/32/4 6044/32/4
f 6030/29/4 6031/29/4 6045/29/4
f 6020/29/4 6021/29/4 6045/29/4
f 6043/29/4 6044/29/4 6045/29/4
f 6017/29/4 6018/29/4 6045/29/4
f 6024/29/4 6025/29/4 6045/29/4
f 6041/29/4 6042/29/4 6045/29/4
f 6026/29/4 6027/29/4 6045/29/4
f 6031/29/4 6032/29/4 6045/29/4
f 6027/29/4 6028/29/4 6045/29/4
f 6018/29/4 6019/29/4 6045/29/4
f 6042/29/4 6043/29/4 6045/29/4
f 6023/29/4 6024/29/4 6045/29/4
f 6019/29/4 6020/29/4 6045/29/4
f 3630/29/4 6015/29/4 6045/29/4
f 6040/29/4 6041/29/4 6045/29/4
f 6037/29/4 6038/29/4 6045/29/4
f 6033/29/4 6034/29/4 6045/29/4
f 6021/29/4 6022/29/4 6045/29/4
f 6015/29/4 6016/29/4 6045/29/4
f 6038/29/4 6039/29/4 6045/29/4
f 6032/29/4 6033/29/4 6045/29/4
f 6025/29/4 6026/29/4 6045/29/4
f 6039/29/4 6040/29/4 6045/29/4
f 6022/29/4 6023/29/4 6045/29/4
f 6035/29/4 6036/29/4 6045/29/4
f 6034/29/4 6035/29/4 6045/29/4
f 6016/29/4 6017/29/4 6045/29/4
f 6036/29/4 6037/29/4 6045/29/4
f 6028/29/4 6029/29/4 6045/29/4
f 6029/29/4 6030/29/4 6045/29/4
f 6044/29/4 3631/29/4 6046/29/4
f 6045/29/4 6044/29/4 6046/29/4
f 6049/29/5 6048/29/5 6047/29/5
f 6050/29/5 6048/29/5 6049/29/5
f 6051/29/5 6049/29/5 6047/29/5
f 6051/32/5 6050/32/5 6049/32/5
f 6052/29/5 6048/29/5 6050/29/5
f 6052/32/5 6050/32/5 6051/32/5
f 6053/29/5 6051/29/5 6047/29/5
f 6053/28/5 6052/28/5 6051/28/5
f 6054/29/5 6048/29/5 6052/29/5
f 6054/28/5 6052/28/5 6053/28/5
f 6055/29/5 6053/29/5 6047/29/5
f 6055/31/5 6054/31/5 6053/31/5
f 6056/29/5 6048/29/5 6054/29/5
f 6056/31/5 6054/31/5 6055/31/5
f 6057/29/5 6055/29/5 6047/29/5
f 6057/28/5 6056/28/5 6055/28/5
f 6058/29/5 6048/29/5 6056/29/5
f 6058/28/5 6056/28/5 6057/28/5
f 6059/29/5 6057/29/5 6047/29/5
f 6059/32/5 6058/32/5 6057/32/5
f 6060/29/5 6048/29/5 6058/29/5
f 6060/32/5 6058/32/5 6059/32/5
f 6061/29/5 6059/29/5 6047/29/5
f 6061/29/5 6060/29/5 6059/29/5
f 6062/29/5 6048/29/5 6060/29/5
f 6062/29/5 6060/29/5 6061/29/5
f 6065/7/5 6064/7/5 6063/7/5
f 6066/7/5 6064/7/5 6065/7/5
f 6069/31/5 6068/31/5 6067/31/5
f 6070/31/5 6068/31/5 6069/31/5
f 6073/7/5 6072/7/5 6071/7/5
f 6074/7/5 6072/7/5 6073/7/5
f 6075/32/5 6074/32/5 6073/32/5
f 6076/32/5 6074/32/5 6075/32/5
f 6077/32/5 6074/32/5 6076/32/5
f 6078/32/5 6074/32/5 6077/32/5
f 6079/7/5 6076/7/5 6075/7/5
f 6080/20/5 6077/20/5 6076/20/5
f 6080/7/5 6076/7/5 6079/7/5
f 6081/7/5 6078/7/5 6077/7/5
f 6081/20/5 6077/20/5 6080/20/5
f 6082/7/5 6078/7/5 6081/7/5
f 6085/7/5 6084/7/5 6083/7/5
f 6086/7/5 6084/7/5 6085/7/5
f 6087/7/5 6084/7/5 6086/7/5
f 6090/32/5 6089/32/5 6088/32/5
f 6091/32/5 6089/32/5 6090/32/5
f 6092/32/5 6091/32/5 6090/32/5
f 6093/32/5 6091/32/5 6092/32/5
f 6094/20/5 6093/20/5 6092/20/5
f 6095/20/5 6093/20/5 6094/20/5
f 6100/32/5 6097/32/5 6096/32/5
f 6101/25/5 6098/25/5 6097/25/5
f 6101/32/5 6097/32/5 6100/32/5
f 6102/31/5 6099/31/5 6098/31/5
f 6102/25/5 6098/25/5 6101/25/5
f 6103/31/5 6099/31/5 6102/31/5
f 6104/32/5 6101/32/5 6100/32/5
f 6104/32/5 6102/32/5 6101/32/5
f 6104/32/5 6103/32/5 6102/32/5
f 6105/32/5 6103/32/5 6104/32/5
f 6106/7/5 6105/7/5 6104/7/5
f 6107/7/5 6105/7/5 6106/7/5
f 6108/7/6 6109/7/6 6110/7/6
f 6110/7/6 6109/7/6 6111/7/6
f 6112/7/6 6113/7/6 6114/7/6
f 6114/7/6 6113/7/6 6115/7/6
f 6115/7/6 6113/7/6 6116/7/6
f 6117/31/6 6118/31/6 6119/31/6
f 6119/31/6 6118/31/6 6120/31/6
f 6121/7/6 6122/7/6 6123/7/6
f 6123/7/6 6122/7/6 6124/7/6
f 6123/32/6 6124/32/6 6125/32/6
f 6125/32/6 6124/32/6 6126/32/6
f 6126/32/6 6124/32/6 6127/32/6
f 6127/32/6 6124/32/6 6128/32/6
f 6125/7/6 6126/7/6 6129/7/6
f 6126/20/6 6127/20/6 6130/20/6
f 6129/7/6 6126/7/6 6130/7/6
f 6127/7/6 6128/7/6 6131/7/6
f 6130/20/6 6127/20/6 6131/20/6
f 6131/7/6 6128/7/6 6132/7/6
f 6133/32/6 6134/32/6 6135/32/6
f 6135/32/6 6134/32/6 6136/32/6
f 6135/32/6 6136/32/6 6137/32/6
f 6137/32/6 6136/32/6 6138/32/6
f 6137/7/6 6138/7/6 6139/7/6
f 6139/7/6 6138/7/6 6140/7/6
f 6141/2/6 6142/2/6 6145/2/6
f 6142/32/6 6143/32/6 6146/32/6
f 6145/2/6 6142/2/6 6146/2/6
f 6143/25/6 6144/25/6 6147/25/6
f 6146/32/6 6143/32/6 6147/32/6
f 6147/25/6 6144/25/6 6148/25/6
f 6145/32/6 6146/32/6 6149/32/6
f 6146/32/6 6147/32/6 6149/32/6
f 6147/32/6 6148/32/6 6149/32/6
f 6149/32/6 6148/32/6 6150/32/6
f 6149/7/6 6150/7/6 6151/7/6
f 6151/7/6 6150/7/6 6152/7/6
f 6153/29/6 6154/29/6 6155/29/6
f 6155/29/6 6154/29/6 6156/29/6
f 6153/29/6 6155/29/6 6157/29/6
f 6155/32/6 6156/32/6 6157/32/6
f 6156/29/6 6154/29/6 6158/29/6
f 6157/32/6 6156/32/6 6158/32/6
f 6153/29/6 6157/29/6 6159/29/6
f 6157/28/6 6158/28/6 6159/28/6
f 6158/29/6 6154/29/6 6160/29/6
f 6159/28/6 6158/28/6 6160/28/6
f 6153/29/6 6159/29/6 6161/29/6
f 6159/31/6 6160/31/6 6161/31/6
f 6161/31/6 6160/31/6 6162/31/6
f 6153/29/6 6161/29/6 6163/29/6
f 6161/28/6 6162/28/6 6163/28/6
f 6162/31/6 6160/31/6 6164/31/6
f 6163/28/6 6162/28/6 6164/28/6
f 6160/29/6 6154/29/6 6165/29/6
f 6164/31/6 6160/31/6 6165/31/6
f 6163/32/6 6164/32/6 6166/32/6
f 6153/29/6 6163/29/6 6166/29/6
f 6164/32/6 6165/32/6 6166/32/6
f 6165/29/6 6154/29/6 6167/29/6
f 6166/32/6 6165/32/6 6167/32/6
f 6153/29/6 6166/29/6 6168/29/6
f 6166/29/6 6167/29/6 6168/29/6
f 6167/29/6 6154/29/6 6169/29/6
f 6168/29/6 6167/29/6 6169/29/6
