# MagicaVoxel @ Ephtracy

# group
o 

# material
mtllib DronScaner.mtl
usemtl palette

# normals
vn -1 0 0
vn 1 0 0
vn 0 0 1
vn 0 0 -1
vn 0 -1 0
vn 0 1 0

# texcoords
vt 0.283203 0.5
vt 0.287109 0.5
vt 0.298828 0.5
vt 0.302734 0.5
vt 0.306641 0.5
vt 0.310547 0.5

# verts
v -1.9 2 0.1
v -1.9 2 -0.0999999
v -1.9 2.1 0.3
v -1.9 2.1 0.2
v -1.9 2.1 0.1
v -1.9 2.1 -0.0999999
v -1.9 2.1 -0.2
v -1.9 2.1 -0.3
v -1.9 2.3 0.3
v -1.9 2.3 0.2
v -1.9 2.3 0.1
v -1.9 2.3 -0.0999999
v -1.9 2.3 -0.2
v -1.9 2.3 -0.3
v -1.9 2.4 0.1
v -1.9 2.4 -0.0999999
v -1.8 1.9 0.3
v -1.8 1.9 -0.3
v -1.8 2 0.6
v -1.8 2 0.3
v -1.8 2 0.1
v -1.8 2 -0.0999999
v -1.8 2 -0.3
v -1.8 2 -0.6
v -1.8 2.1 0.7
v -1.8 2.1 0.6
v -1.8 2.1 0.3
v -1.8 2.1 0.2
v -1.8 2.1 0.1
v -1.8 2.1 -0.0999999
v -1.8 2.1 -0.2
v -1.8 2.1 -0.3
v -1.8 2.1 -0.6
v -1.8 2.1 -0.7
v -1.8 2.3 0.7
v -1.8 2.3 0.6
v -1.8 2.3 0.3
v -1.8 2.3 0.2
v -1.8 2.3 0.1
v -1.8 2.3 -0.0999999
v -1.8 2.3 -0.2
v -1.8 2.3 -0.3
v -1.8 2.3 -0.6
v -1.8 2.3 -0.7
v -1.8 2.4 0.6
v -1.8 2.4 0.3
v -1.8 2.4 0.1
v -1.8 2.4 -0.0999999
v -1.8 2.4 -0.3
v -1.8 2.4 -0.6
v -1.8 2.5 0.3
v -1.8 2.5 -0.3
v -1.7 1.9 0.6
v -1.7 1.9 0.3
v -1.7 1.9 -0.3
v -1.7 1.9 -0.6
v -1.7 2 0.8
v -1.7 2 0.6
v -1.7 2 0.3
v -1.7 2 -0.3
v -1.7 2 -0.6
v -1.7 2 -0.8
v -1.7 2.1 0.9
v -1.7 2.1 0.8
v -1.7 2.1 0.7
v -1.7 2.1 0.6
v -1.7 2.1 -0.6
v -1.7 2.1 -0.7
v -1.7 2.1 -0.8
v -1.7 2.1 -0.9
v -1.7 2.3 0.9
v -1.7 2.3 0.8
v -1.7 2.3 0.7
v -1.7 2.3 0.6
v -1.7 2.3 -0.6
v -1.7 2.3 -0.7
v -1.7 2.3 -0.8
v -1.7 2.3 -0.9
v -1.7 2.4 0.8
v -1.7 2.4 0.6
v -1.7 2.4 0.3
v -1.7 2.4 -0.3
v -1.7 2.4 -0.6
v -1.7 2.4 -0.8
v -1.7 2.5 0.6
v -1.7 2.5 0.4
v -1.7 2.5 0.3
v -1.7 2.5 -0.3
v -1.7 2.5 -0.4
v -1.7 2.5 -0.6
v -1.7 2.6 0.5
v -1.7 2.6 0.4
v -1.7 2.6 0.3
v -1.7 2.6 -0.3
v -1.7 2.6 -0.4
v -1.7 2.6 -0.5
v -1.7 2.7 0.5
v -1.7 2.7 -0.5
v -1.6 1.7 0.4
v -1.6 1.7 -0.4
v -1.6 1.8 0.4
v -1.6 1.8 -0.4
v -1.6 1.9 0.8
v -1.6 1.9 0.6
v -1.6 1.9 0.4
v -1.6 1.9 -0.4
v -1.6 1.9 -0.6
v -1.6 1.9 -0.8
v -1.6 2 0.9
v -1.6 2 0.8
v -1.6 2 0.6
v -1.6 2 -0.6
v -1.6 2 -0.8
v -1.6 2 -0.9
v -1.6 2.1 1
v -1.6 2.1 0.9
v -1.6 2.1 0.8
v -1.6 2.1 -0.8
v -1.6 2.1 -0.9
v -1.6 2.1 -1
v -1.6 2.3 1
v -1.6 2.3 0.9
v -1.6 2.3 0.8
v -1.6 2.3 -0.8
v -1.6 2.3 -0.9
v -1.6 2.3 -1
v -1.6 2.4 0.9
v -1.6 2.4 0.8
v -1.6 2.4 0.6
v -1.6 2.4 -0.6
v -1.6 2.4 -0.8
v -1.6 2.4 -0.9
v -1.6 2.5 0.8
v -1.6 2.5 0.6
v -1.6 2.5 0.3
v -1.6 2.5 0.2
v -1.6 2.5 -0.2
v -1.6 2.5 -0.3
v -1.6 2.5 -0.6
v -1.6 2.5 -0.8
v -1.6 2.6 0.3
v -1.6 2.6 0.2
v -1.6 2.6 -0.2
v -1.6 2.6 -0.3
v -1.6 2.7 0.2
v -1.6 2.7 -0.2
v -1.6 2.8 0.2
v -1.6 2.8 -0.2
v -1.5 1.7 0.6
v -1.5 1.7 0.4
v -1.5 1.7 -0.4
v -1.5 1.7 -0.6
v -1.5 1.8 0.6
v -1.5 1.8 0.4
v -1.5 1.8 -0.4
v -1.5 1.8 -0.6
v -1.5 1.9 0.9
v -1.5 1.9 0.8
v -1.5 1.9 0.6
v -1.5 1.9 0.4
v -1.5 1.9 -0.4
v -1.5 1.9 -0.6
v -1.5 1.9 -0.8
v -1.5 1.9 -0.9
v -1.5 2 1.1
v -1.5 2 0.9
v -1.5 2 0.8
v -1.5 2 -0.8
v -1.5 2 -0.9
v -1.5 2 -1.1
v -1.5 2.1 1.1
v -1.5 2.1 1
v -1.5 2.1 0.9
v -1.5 2.1 -0.9
v -1.5 2.1 -1
v -1.5 2.1 -1.1
v -1.5 2.3 1.1
v -1.5 2.3 1
v -1.5 2.3 0.9
v -1.5 2.3 -0.9
v -1.5 2.3 -1
v -1.5 2.3 -1.1
v -1.5 2.4 1.1
v -1.5 2.4 0.9
v -1.5 2.4 0.8
v -1.5 2.4 -0.8
v -1.5 2.4 -0.9
v -1.5 2.4 -1.1
v -1.5 2.5 0.9
v -1.5 2.5 0.8
v -1.5 2.5 0.6
v -1.5 2.5 0.4
v -1.5 2.5 -0.4
v -1.5 2.5 -0.6
v -1.5 2.5 -0.8
v -1.5 2.5 -0.9
v -1.5 2.6 0.7
v -1.5 2.6 0.6
v -1.5 2.6 0.5
v -1.5 2.6 0.4
v -1.5 2.6 -0.4
v -1.5 2.6 -0.5
v -1.5 2.6 -0.6
v -1.5 2.6 -0.7
v -1.5 2.7 0.7
v -1.5 2.7 0.5
v -1.5 2.7 0.3
v -1.5 2.7 0.2
v -1.5 2.7 -0.2
v -1.5 2.7 -0.3
v -1.5 2.7 -0.5
v -1.5 2.7 -0.7
v -1.5 2.8 0.3
v -1.5 2.8 0.2
v -1.5 2.8 -0.2
v -1.5 2.8 -0.3
v -1.4 1.7 0.8
v -1.4 1.7 0.6
v -1.4 1.7 -0.6
v -1.4 1.7 -0.8
v -1.4 1.8 0.8
v -1.4 1.8 0.6
v -1.4 1.8 -0.6
v -1.4 1.8 -0.8
v -1.4 1.9 1
v -1.4 1.9 0.9
v -1.4 1.9 0.8
v -1.4 1.9 0.6
v -1.4 1.9 -0.6
v -1.4 1.9 -0.8
v -1.4 1.9 -0.9
v -1.4 1.9 -1
v -1.4 2 1.2
v -1.4 2 1.1
v -1.4 2 1
v -1.4 2 0.9
v -1.4 2 -0.9
v -1.4 2 -1
v -1.4 2 -1.1
v -1.4 2 -1.2
v -1.4 2.1 1.2
v -1.4 2.1 1.1
v -1.4 2.1 -1.1
v -1.4 2.1 -1.2
v -1.4 2.3 1.2
v -1.4 2.3 1.1
v -1.4 2.3 -1.1
v -1.4 2.3 -1.2
v -1.4 2.4 1.2
v -1.4 2.4 1.1
v -1.4 2.4 1
v -1.4 2.4 0.9
v -1.4 2.4 -0.9
v -1.4 2.4 -1
v -1.4 2.4 -1.1
v -1.4 2.4 -1.2
v -1.4 2.5 1
v -1.4 2.5 0.9
v -1.4 2.5 0.8
v -1.4 2.5 0.6
v -1.4 2.5 -0.6
v -1.4 2.5 -0.8
v -1.4 2.5 -0.9
v -1.4 2.5 -1
v -1.4 2.6 0.9
v -1.4 2.6 0.8
v -1.4 2.6 0.7
v -1.4 2.6 0.6
v -1.4 2.6 -0.6
v -1.4 2.6 -0.7
v -1.4 2.6 -0.8
v -1.4 2.6 -0.9
v -1.4 2.7 0.9
v -1.4 2.7 0.7
v -1.4 2.7 0.4
v -1.4 2.7 0.3
v -1.4 2.7 -0.3
v -1.4 2.7 -0.4
v -1.4 2.7 -0.7
v -1.4 2.7 -0.9
v -1.4 2.8 0.4
v -1.4 2.8 0.3
v -1.4 2.8 -0.3
v -1.4 2.8 -0.4
v -1.4 3 0.4
v -1.4 3 0.3
v -1.4 3 -0.3
v -1.4 3 -0.4
v -1.4 3.1 0.3
v -1.4 3.1 -0.3
v -1.3 1.6 0.4
v -1.3 1.6 -0.4
v -1.3 1.7 0.9
v -1.3 1.7 0.8
v -1.3 1.7 0.4
v -1.3 1.7 -0.4
v -1.3 1.7 -0.8
v -1.3 1.7 -0.9
v -1.3 1.8 0.9
v -1.3 1.8 0.8
v -1.3 1.8 -0.8
v -1.3 1.8 -0.9
v -1.3 1.9 1.1
v -1.3 1.9 1
v -1.3 1.9 0.9
v -1.3 1.9 0.8
v -1.3 1.9 -0.8
v -1.3 1.9 -0.9
v -1.3 1.9 -1
v -1.3 1.9 -1.1
v -1.3 2 1.3
v -1.3 2 1.2
v -1.3 2 1.1
v -1.3 2 1
v -1.3 2 -1
v -1.3 2 -1.1
v -1.3 2 -1.2
v -1.3 2 -1.3
v -1.3 2.1 1.3
v -1.3 2.1 1.2
v -1.3 2.1 -1.2
v -1.3 2.1 -1.3
v -1.3 2.3 1.3
v -1.3 2.3 1.2
v -1.3 2.3 -1.2
v -1.3 2.3 -1.3
v -1.3 2.4 1.3
v -1.3 2.4 1.2
v -1.3 2.4 1.1
v -1.3 2.4 1
v -1.3 2.4 -1
v -1.3 2.4 -1.1
v -1.3 2.4 -1.2
v -1.3 2.4 -1.3
v -1.3 2.5 1.1
v -1.3 2.5 1
v -1.3 2.5 0.9
v -1.3 2.5 0.8
v -1.3 2.5 -0.8
v -1.3 2.5 -0.9
v -1.3 2.5 -1
v -1.3 2.5 -1.1
v -1.3 2.6 1
v -1.3 2.6 0.9
v -1.3 2.6 0.8
v -1.3 2.6 -0.8
v -1.3 2.6 -0.9
v -1.3 2.6 -1
v -1.3 2.7 1
v -1.3 2.7 0.9
v -1.3 2.7 0.6
v -1.3 2.7 0.4
v -1.3 2.7 -0.4
v -1.3 2.7 -0.6
v -1.3 2.7 -0.9
v -1.3 2.7 -1
v -1.3 2.8 0.6
v -1.3 2.8 0.4
v -1.3 2.8 -0.4
v -1.3 2.8 -0.6
v -1.3 2.9 0.6
v -1.3 2.9 0.4
v -1.3 2.9 -0.4
v -1.3 2.9 -0.6
v -1.2 1.6 0.6
v -1.2 1.6 0.4
v -1.2 1.6 -0.4
v -1.2 1.6 -0.6
v -1.2 1.7 1
v -1.2 1.7 0.9
v -1.2 1.7 0.6
v -1.2 1.7 0.4
v -1.2 1.7 -0.4
v -1.2 1.7 -0.6
v -1.2 1.7 -0.9
v -1.2 1.7 -1
v -1.2 1.8 1
v -1.2 1.8 0.9
v -1.2 1.8 -0.9
v -1.2 1.8 -1
v -1.2 1.9 1.2
v -1.2 1.9 1.1
v -1.2 1.9 1
v -1.2 1.9 0.9
v -1.2 1.9 -0.9
v -1.2 1.9 -1
v -1.2 1.9 -1.1
v -1.2 1.9 -1.2
v -1.2 2 1.2
v -1.2 2 1.1
v -1.2 2 -1.1
v -1.2 2 -1.2
v -1.2 2.4 1.2
v -1.2 2.4 1.1
v -1.2 2.4 -1.1
v -1.2 2.4 -1.2
v -1.2 2.5 1.2
v -1.2 2.5 1.1
v -1.2 2.5 1
v -1.2 2.5 0.9
v -1.2 2.5 -0.9
v -1.2 2.5 -1
v -1.2 2.5 -1.1
v -1.2 2.5 -1.2
v -1.2 2.6 1.1
v -1.2 2.6 1
v -1.2 2.6 0.9
v -1.2 2.6 -0.9
v -1.2 2.6 -1
v -1.2 2.6 -1.1
v -1.2 2.7 1.1
v -1.2 2.7 1
v -1.2 2.7 0.7
v -1.2 2.7 0.6
v -1.2 2.7 -0.6
v -1.2 2.7 -0.7
v -1.2 2.7 -1
v -1.2 2.7 -1.1
v -1.2 2.8 0.7
v -1.2 2.8 0.6
v -1.2 2.8 -0.6
v -1.2 2.8 -0.7
v -1.2 2.9 0.7
v -1.2 2.9 0.6
v -1.2 2.9 -0.6
v -1.2 2.9 -0.7
v -1.1 1.6 0.7
v -1.1 1.6 0.6
v -1.1 1.6 -0.6
v -1.1 1.6 -0.7
v -1.1 1.7 1.1
v -1.1 1.7 1
v -1.1 1.7 0.7
v -1.1 1.7 0.6
v -1.1 1.7 -0.6
v -1.1 1.7 -0.7
v -1.1 1.7 -1
v -1.1 1.7 -1.1
v -1.1 1.8 1.1
v -1.1 1.8 1
v -1.1 1.8 -1
v -1.1 1.8 -1.1
v -1.1 1.9 1.3
v -1.1 1.9 1.2
v -1.1 1.9 1.1
v -1.1 1.9 1
v -1.1 1.9 -1
v -1.1 1.9 -1.1
v -1.1 1.9 -1.2
v -1.1 1.9 -1.3
v -1.1 2 1.4
v -1.1 2 1.3
v -1.1 2 1.2
v -1.1 2 -1.2
v -1.1 2 -1.3
v -1.1 2 -1.4
v -1.1 2.1 1.4
v -1.1 2.1 1.3
v -1.1 2.1 -1.3
v -1.1 2.1 -1.4
v -1.1 2.3 1.4
v -1.1 2.3 1.3
v -1.1 2.3 -1.3
v -1.1 2.3 -1.4
v -1.1 2.4 1.4
v -1.1 2.4 1.3
v -1.1 2.4 1.2
v -1.1 2.4 -1.2
v -1.1 2.4 -1.3
v -1.1 2.4 -1.4
v -1.1 2.5 1.3
v -1.1 2.5 1.2
v -1.1 2.5 1.1
v -1.1 2.5 1
v -1.1 2.5 -1
v -1.1 2.5 -1.1
v -1.1 2.5 -1.2
v -1.1 2.5 -1.3
v -1.1 2.6 1.2
v -1.1 2.6 1.1
v -1.1 2.6 1
v -1.1 2.6 -1
v -1.1 2.6 -1.1
v -1.1 2.6 -1.2
v -1.1 2.7 1.2
v -1.1 2.7 1.1
v -1.1 2.7 0.8
v -1.1 2.7 0.7
v -1.1 2.7 -0.7
v -1.1 2.7 -0.8
v -1.1 2.7 -1.1
v -1.1 2.7 -1.2
v -1.1 2.8 0.8
v -1.1 2.8 0.7
v -1.1 2.8 -0.7
v -1.1 2.8 -0.8
v -1.1 2.9 0.8
v -1.1 2.9 0.7
v -1.1 2.9 -0.7
v -1.1 2.9 -0.8
v -1 1.6 0.8
v -1 1.6 0.7
v -1 1.6 -0.7
v -1 1.6 -0.8
v -1 1.7 1.2
v -1 1.7 1.1
v -1 1.7 0.8
v -1 1.7 0.7
v -1 1.7 -0.7
v -1 1.7 -0.8
v -1 1.7 -1.1
v -1 1.7 -1.2
v -1 1.8 1.2
v -1 1.8 1.1
v -1 1.8 -1.1
v -1 1.8 -1.2
v -1 1.9 1.4
v -1 1.9 1.3
v -1 1.9 1.2
v -1 1.9 1.1
v -1 1.9 -1.1
v -1 1.9 -1.2
v -1 1.9 -1.3
v -1 1.9 -1.4
v -1 2 1.5
v -1 2 1.4
v -1 2 1.3
v -1 2 -1.3
v -1 2 -1.4
v -1 2 -1.5
v -1 2.1 1.5
v -1 2.1 1.4
v -1 2.1 -1.4
v -1 2.1 -1.5
v -1 2.3 1.5
v -1 2.3 1.4
v -1 2.3 -1.4
v -1 2.3 -1.5
v -1 2.4 1.5
v -1 2.4 1.4
v -1 2.4 1.3
v -1 2.4 -1.3
v -1 2.4 -1.4
v -1 2.4 -1.5
v -1 2.5 1.4
v -1 2.5 1.3
v -1 2.5 1.2
v -1 2.5 1.1
v -1 2.5 -1.1
v -1 2.5 -1.2
v -1 2.5 -1.3
v -1 2.5 -1.4
v -1 2.6 1.3
v -1 2.6 1.2
v -1 2.6 1.1
v -1 2.6 -1.1
v -1 2.6 -1.2
v -1 2.6 -1.3
v -1 2.7 1.3
v -1 2.7 1.2
v -1 2.7 0.9
v -1 2.7 0.8
v -1 2.7 -0.8
v -1 2.7 -0.9
v -1 2.7 -1.2
v -1 2.7 -1.3
v -1 2.8 0.9
v -1 2.8 0.8
v -1 2.8 -0.8
v -1 2.8 -0.9
v -1 2.9 0.9
v -1 2.9 0.8
v -1 2.9 -0.8
v -1 2.9 -0.9
v -0.9 1.5 0.4
v -0.9 1.5 -0.4
v -0.9 1.6 0.9
v -0.9 1.6 0.8
v -0.9 1.6 0.4
v -0.9 1.6 -0.4
v -0.9 1.6 -0.8
v -0.9 1.6 -0.9
v -0.9 1.7 0.9
v -0.9 1.7 0.8
v -0.9 1.7 -0.8
v -0.9 1.7 -0.9
v -0.9 2.7 1
v -0.9 2.7 0.9
v -0.9 2.7 -0.9
v -0.9 2.7 -1
v -0.9 2.8 1
v -0.9 2.8 0.9
v -0.9 2.8 -0.9
v -0.9 2.8 -1
v -0.9 2.9 1
v -0.9 2.9 0.9
v -0.9 2.9 -0.9
v -0.9 2.9 -1
v -0.8 1.5 0.5
v -0.8 1.5 0.4
v -0.8 1.5 -0.4
v -0.8 1.5 -0.5
v -0.8 1.6 1
v -0.8 1.6 0.9
v -0.8 1.6 0.5
v -0.8 1.6 0.4
v -0.8 1.6 -0.4
v -0.8 1.6 -0.5
v -0.8 1.6 -0.9
v -0.8 1.6 -1
v -0.8 1.7 1.3
v -0.8 1.7 1.2
v -0.8 1.7 1
v -0.8 1.7 0.9
v -0.8 1.7 -0.9
v -0.8 1.7 -1
v -0.8 1.7 -1.2
v -0.8 1.7 -1.3
v -0.8 1.8 1.3
v -0.8 1.8 1.2
v -0.8 1.8 -1.2
v -0.8 1.8 -1.3
v -0.8 1.9 1.3
v -0.8 1.9 1.2
v -0.8 1.9 -1.2
v -0.8 1.9 -1.3
v -0.8 2.1 1.6
v -0.8 2.1 1.5
v -0.8 2.1 1.3
v -0.8 2.1 1.2
v -0.8 2.1 -1.2
v -0.8 2.1 -1.3
v -0.8 2.1 -1.5
v -0.8 2.1 -1.6
v -0.8 2.3 1.6
v -0.8 2.3 1.5
v -0.8 2.3 1.3
v -0.8 2.3 1.2
v -0.8 2.3 -1.2
v -0.8 2.3 -1.3
v -0.8 2.3 -1.5
v -0.8 2.3 -1.6
v -0.8 2.5 1.3
v -0.8 2.5 1.2
v -0.8 2.5 -1.2
v -0.8 2.5 -1.3
v -0.8 2.6 1.4
v -0.8 2.6 1.3
v -0.8 2.6 1.2
v -0.8 2.6 -1.2
v -0.8 2.6 -1.3
v -0.8 2.6 -1.4
v -0.8 2.7 1.4
v -0.8 2.7 1.3
v -0.8 2.7 1.1
v -0.8 2.7 1
v -0.8 2.7 -1
v -0.8 2.7 -1.1
v -0.8 2.7 -1.3
v -0.8 2.7 -1.4
v -0.8 2.8 1.1
v -0.8 2.8 1
v -0.8 2.8 0.3
v -0.8 2.8 -0.3
v -0.8 2.8 -1
v -0.8 2.8 -1.1
v -0.8 2.9 1.1
v -0.8 2.9 1
v -0.8 2.9 0.3
v -0.8 2.9 -0.3
v -0.8 2.9 -1
v -0.8 2.9 -1.1
v -0.7 1.9 1.5
v -0.7 1.9 1.4
v -0.7 1.9 -1.4
v -0.7 1.9 -1.5
v -0.7 2 1.7
v -0.7 2 1.5
v -0.7 2 1.4
v -0.7 2 -1.4
v -0.7 2 -1.5
v -0.7 2 -1.7
v -0.7 2.1 1.7
v -0.7 2.1 1.6
v -0.7 2.1 1.5
v -0.7 2.1 -1.5
v -0.7 2.1 -1.6
v -0.7 2.1 -1.7
v -0.7 2.3 1.6
v -0.7 2.3 1.5
v -0.7 2.3 -1.5
v -0.7 2.3 -1.6
v -0.7 2.4 1.6
v -0.7 2.4 1.5
v -0.7 2.4 1.4
v -0.7 2.4 -1.4
v -0.7 2.4 -1.5
v -0.7 2.4 -1.6
v -0.7 2.5 1.5
v -0.7 2.5 1.4
v -0.7 2.5 -1.4
v -0.7 2.5 -1.5
v -0.7 2.8 0.4
v -0.7 2.8 0.3
v -0.7 2.8 -0.3
v -0.7 2.8 -0.4
v -0.7 2.9 0.4
v -0.7 2.9 0.3
v -0.7 2.9 -0.3
v -0.7 2.9 -0.4
v -0.7 3.1 0.3
v -0.7 3.1 -0.3
v -0.7 3.2 0.3
v -0.7 3.2 -0.3
v -0.6 1.5 0.7
v -0.6 1.5 0.5
v -0.6 1.5 -0.5
v -0.6 1.5 -0.7
v -0.6 1.6 1.1
v -0.6 1.6 1
v -0.6 1.6 0.7
v -0.6 1.6 0.5
v -0.6 1.6 -0.5
v -0.6 1.6 -0.7
v -0.6 1.6 -1
v -0.6 1.6 -1.1
v -0.6 1.7 1.1
v -0.6 1.7 1
v -0.6 1.7 -1
v -0.6 1.7 -1.1
v -0.6 2.7 1.3
v -0.6 2.7 1.2
v -0.6 2.7 1.1
v -0.6 2.7 -1.1
v -0.6 2.7 -1.3
v -0.6 2.8 1.3
v -0.6 2.8 1.1
v -0.6 2.8 0.5
v -0.6 2.8 0.4
v -0.6 2.8 -0.4
v -0.6 2.8 -0.5
v -0.6 2.8 -1.1
v -0.6 2.8 -1.3
v -0.6 2.9 1.3
v -0.6 2.9 1.1
v -0.6 2.9 0.5
v -0.6 2.9 0.4
v -0.6 2.9 0.3
v -0.6 2.9 -0.3
v -0.6 2.9 -0.4
v -0.6 2.9 -0.5
v -0.6 2.9 -1.1
v -0.6 2.9 -1.3
v -0.6 3.1 0.4
v -0.6 3.1 0.3
v -0.6 3.1 -0.3
v -0.6 3.1 -0.4
v -0.6 3.2 0.4
v -0.6 3.2 0.3
v -0.6 3.2 -0.3
v -0.6 3.2 -0.4
v -0.6 3.3 0.3
v -0.6 3.3 -0.3
v -0.5 1.7 1.4
v -0.5 1.7 1.3
v -0.5 1.7 -1.3
v -0.5 1.7 -1.4
v -0.5 1.8 1.4
v -0.5 1.8 1.3
v -0.5 1.8 -1.3
v -0.5 1.8 -1.4
v -0.5 1.9 1.4
v -0.5 1.9 1.3
v -0.5 1.9 -1.3
v -0.5 1.9 -1.4
v -0.5 2.5 1.5
v -0.5 2.5 1.4
v -0.5 2.5 1.3
v -0.5 2.5 -1.3
v -0.5 2.5 -1.4
v -0.5 2.5 -1.5
v -0.5 2.6 1.4
v -0.5 2.6 1.3
v -0.5 2.6 -1.3
v -0.5 2.6 -1.4
v -0.5 2.7 1.5
v -0.5 2.7 1.4
v -0.5 2.7 -1.4
v -0.5 2.7 -1.5
v -0.5 2.8 0.6
v -0.5 2.8 0.5
v -0.5 2.8 -0.5
v -0.5 2.8 -0.6
v -0.5 2.9 0.6
v -0.5 2.9 0.5
v -0.5 2.9 0.4
v -0.5 2.9 0.3
v -0.5 2.9 -0.3
v -0.5 2.9 -0.4
v -0.5 2.9 -0.5
v -0.5 2.9 -0.6
v -0.5 3.1 0.5
v -0.5 3.1 0.4
v -0.5 3.1 0.3
v -0.5 3.1 -0.3
v -0.5 3.1 -0.4
v -0.5 3.1 -0.5
v -0.5 3.2 0.5
v -0.5 3.2 0.4
v -0.5 3.2 0.3
v -0.5 3.2 -0.3
v -0.5 3.2 -0.4
v -0.5 3.2 -0.5
v -0.5 3.3 0.4
v -0.5 3.3 0.3
v -0.5 3.3 -0.3
v -0.5 3.3 -0.4
v -0.4 1.5 0.8
v -0.4 1.5 0.7
v -0.4 1.5 -0.7
v -0.4 1.5 -0.8
v -0.4 1.6 0.8
v -0.4 1.6 0.7
v -0.4 1.6 -0.7
v -0.4 1.6 -0.8
v -0.4 1.9 1.6
v -0.4 1.9 1.5
v -0.4 1.9 -1.5
v -0.4 1.9 -1.6
v -0.4 2 1.6
v -0.4 2 1.5
v -0.4 2 -1.5
v -0.4 2 -1.6
v -0.4 2.4 1.6
v -0.4 2.4 1.5
v -0.4 2.4 -1.5
v -0.4 2.4 -1.6
v -0.4 2.5 1.6
v -0.4 2.5 1.5
v -0.4 2.5 -1.5
v -0.4 2.5 -1.6
v -0.4 2.8 0.7
v -0.4 2.8 0.6
v -0.4 2.8 -0.6
v -0.4 2.8 -0.7
v -0.4 2.9 0.7
v -0.4 2.9 0.6
v -0.4 2.9 0.5
v -0.4 2.9 0.4
v -0.4 2.9 -0.4
v -0.4 2.9 -0.5
v -0.4 2.9 -0.6
v -0.4 2.9 -0.7
v -0.4 3.1 0.6
v -0.4 3.1 0.5
v -0.4 3.1 0.4
v -0.4 3.1 -0.4
v -0.4 3.1 -0.5
v -0.4 3.1 -0.6
v -0.4 3.2 0.6
v -0.4 3.2 0.5
v -0.4 3.2 0.4
v -0.4 3.2 -0.5
v -0.4 3.2 -0.6
v -0.4 3.3 0.5
v -0.4 3.3 0.4
v -0.3 1.6 1.2
v -0.3 1.6 1.1
v -0.3 1.6 -1.1
v -0.3 1.6 -1.2
v -0.3 1.7 1.2
v -0.3 1.7 1.1
v -0.3 1.7 -1.1
v -0.3 1.7 -1.2
v 0.2 1.7 0.6
v 0.2 1.7 0.5
v 0.2 1.7 -0.5
v 0.2 1.7 -0.6
v 0.2 1.8 0.6
v 0.2 1.8 0.5
v 0.2 1.8 -0.5
v 0.2 1.8 -0.6
v 0.3 1.6 0.7
v 0.3 1.6 0.6
v 0.3 1.6 -0.6
v 0.3 1.6 -0.7
v 0.3 1.7 0.7
v 0.3 1.7 0.6
v 0.3 1.7 0.5
v 0.3 1.7 0.4
v 0.3 1.7 -0.4
v 0.3 1.7 -0.5
v 0.3 1.7 -0.6
v 0.3 1.7 -0.7
v 0.3 1.8 0.5
v 0.3 1.8 0.4
v 0.3 1.8 -0.4
v 0.3 1.8 -0.5
v 0.4 1.5 0.7
v 0.4 1.5 0.6
v 0.4 1.5 -0.6
v 0.4 1.5 -0.7
v 0.4 1.6 0.7
v 0.4 1.6 0.6
v 0.4 1.6 -0.6
v 0.4 1.6 -0.7
v 0.4 1.7 0.4
v 0.4 1.7 0.3
v 0.4 1.7 -0.3
v 0.4 1.7 -0.4
v 0.4 1.8 0.4
v 0.4 1.8 0.3
v 0.4 1.8 -0.3
v 0.4 1.8 -0.4
v 0.4 2.5 1.5
v 0.4 2.5 1.4
v 0.4 2.5 -1.4
v 0.4 2.5 -1.5
v 0.4 2.6 1.5
v 0.4 2.6 1.4
v 0.4 2.6 -1.4
v 0.4 2.6 -1.5
v 0.5 1.5 0.6
v 0.5 1.5 0.5
v 0.5 1.5 -0.5
v 0.5 1.5 -0.6
v 0.5 1.6 0.5
v 0.5 1.6 0.4
v 0.5 1.6 -0.4
v 0.5 1.6 -0.5
v 0.5 1.7 0.6
v 0.5 1.7 0.4
v 0.5 1.7 0.3
v 0.5 1.7 0.2
v 0.5 1.7 -0.2
v 0.5 1.7 -0.3
v 0.5 1.7 -0.4
v 0.5 1.7 -0.6
v 0.5 1.8 0.3
v 0.5 1.8 0.2
v 0.5 1.8 -0.2
v 0.5 1.8 -0.3
v 0.5 2.8 1.2
v 0.5 2.8 1
v 0.5 2.8 -1
v 0.5 2.8 -1.2
v 0.5 2.9 1.2
v 0.5 2.9 1
v 0.5 2.9 -1
v 0.5 2.9 -1.2
v 0.6 1.5 0.5
v 0.6 1.5 0.4
v 0.6 1.5 -0.4
v 0.6 1.5 -0.5
v 0.6 1.6 0.5
v 0.6 1.6 0.4
v 0.6 1.6 -0.4
v 0.6 1.6 -0.5
v 0.6 1.7 0.2
v 0.6 1.7 0.1
v 0.6 1.7 -0.0999999
v 0.6 1.7 -0.2
v 0.6 1.8 0.2
v 0.6 1.8 0.1
v 0.6 1.8 -0.0999999
v 0.6 1.8 -0.2
v 0.7 1.5 0.4
v 0.7 1.5 0.3
v 0.7 1.5 -0.3
v 0.7 1.5 -0.4
v 0.7 1.7 0.4
v 0.7 1.7 0.3
v 0.7 1.7 0.1
v 0.7 1.7 -0.0999999
v 0.7 1.7 -0.3
v 0.7 1.7 -0.4
v 0.7 1.8 0.1
v 0.7 1.8 -0.0999999
v 0.7 2.1 1.6
v 0.7 2.1 1.5
v 0.7 2.1 -1.5
v 0.7 2.1 -1.6
v 0.7 2.3 1.6
v 0.7 2.3 1.5
v 0.7 2.3 -1.5
v 0.7 2.3 -1.6
v 0.7 2.8 1
v 0.7 2.8 0.9
v 0.7 2.8 -0.9
v 0.7 2.8 -1
v 0.7 2.9 1
v 0.7 2.9 0.9
v 0.7 2.9 -0.9
v 0.7 2.9 -1
v 0.8 1.5 0.3
v 0.8 1.5 -0.3
v 0.8 1.7 0.3
v 0.8 1.7 -0.3
v 0.8 2.8 0.9
v 0.8 2.8 0.8
v 0.8 2.8 -0.8
v 0.8 2.8 -0.9
v 0.8 2.9 0.9
v 0.8 2.9 0.8
v 0.8 2.9 -0.8
v 0.8 2.9 -0.9
v 0.9 2.1 1.3
v 0.9 2.1 1.2
v 0.9 2.1 -1.2
v 0.9 2.1 -1.3
v 0.9 2.3 1.3
v 0.9 2.3 1.2
v 0.9 2.3 -1.2
v 0.9 2.3 -1.3
v 0.9 2.8 0.8
v 0.9 2.8 0.7
v 0.9 2.8 -0.7
v 0.9 2.8 -0.8
v 0.9 2.9 0.8
v 0.9 2.9 0.7
v 0.9 2.9 -0.7
v 0.9 2.9 -0.8
v 1 2.8 0.7
v 1 2.8 0.6
v 1 2.8 -0.6
v 1 2.8 -0.7
v 1 2.9 0.7
v 1 2.9 0.6
v 1 2.9 -0.6
v 1 2.9 -0.7
v 1.1 2.8 0.6
v 1.1 2.8 0.5
v 1.1 2.8 -0.5
v 1.1 2.8 -0.6
v 1.1 2.9 0.6
v 1.1 2.9 0.5
v 1.1 2.9 -0.5
v 1.1 2.9 -0.6
v 1.2 2.8 0.5
v 1.2 2.8 0.4
v 1.2 2.8 -0.4
v 1.2 2.8 -0.5
v 1.2 2.9 0.5
v 1.2 2.9 0.4
v 1.2 2.9 -0.4
v 1.2 2.9 -0.5
v 1.3 2.8 0.4
v 1.3 2.8 0.3
v 1.3 2.8 -0.3
v 1.3 2.8 -0.4
v 1.3 2.9 0.4
v 1.3 2.9 -0.4
v 1.3 3 0.4
v 1.3 3 0.3
v 1.3 3 -0.3
v 1.3 3 -0.4
v 1.3 3.1 0.3
v 1.3 3.1 -0.3
v -1.3 2.8 0.4
v -1.3 2.8 0.3
v -1.3 2.8 -0.3
v -1.3 2.8 -0.4
v -1.3 2.9 0.4
v -1.3 2.9 -0.4
v -1.3 3 0.4
v -1.3 3 0.3
v -1.3 3 -0.3
v -1.3 3 -0.4
v -1.3 3.1 0.3
v -1.3 3.1 -0.3
v -1.2 2.8 0.5
v -1.2 2.8 0.4
v -1.2 2.8 -0.4
v -1.2 2.8 -0.5
v -1.2 2.9 0.5
v -1.2 2.9 0.4
v -1.2 2.9 -0.4
v -1.2 2.9 -0.5
v -1.1 2.8 0.6
v -1.1 2.8 0.5
v -1.1 2.8 -0.5
v -1.1 2.8 -0.6
v -1.1 2.9 0.6
v -1.1 2.9 0.5
v -1.1 2.9 -0.5
v -1.1 2.9 -0.6
v -1 2.8 0.7
v -1 2.8 0.6
v -1 2.8 -0.6
v -1 2.8 -0.7
v -1 2.9 0.7
v -1 2.9 0.6
v -1 2.9 -0.6
v -1 2.9 -0.7
v -0.9 2.1 1.3
v -0.9 2.1 1.2
v -0.9 2.1 -1.2
v -0.9 2.1 -1.3
v -0.9 2.3 1.3
v -0.9 2.3 1.2
v -0.9 2.3 -1.2
v -0.9 2.3 -1.3
v -0.9 2.8 0.8
v -0.9 2.8 0.7
v -0.9 2.8 -0.7
v -0.9 2.8 -0.8
v -0.9 2.9 0.8
v -0.9 2.9 0.7
v -0.9 2.9 -0.7
v -0.9 2.9 -0.8
v -0.8 1.5 0.3
v -0.8 1.5 -0.3
v -0.8 1.7 0.3
v -0.8 1.7 -0.3
v -0.8 2.8 0.9
v -0.8 2.8 0.8
v -0.8 2.8 -0.8
v -0.8 2.8 -0.9
v -0.8 2.9 0.9
v -0.8 2.9 0.8
v -0.8 2.9 -0.8
v -0.8 2.9 -0.9
v -0.7 1.5 0.4
v -0.7 1.5 0.3
v -0.7 1.5 -0.3
v -0.7 1.5 -0.4
v -0.7 1.7 0.4
v -0.7 1.7 0.3
v -0.7 1.7 0.1
v -0.7 1.7 -0.0999999
v -0.7 1.7 -0.3
v -0.7 1.7 -0.4
v -0.7 1.8 0.1
v -0.7 1.8 -0.0999999
v -0.7 2.1 1.6
v -0.7 2.1 1.5
v -0.7 2.1 -1.5
v -0.7 2.1 -1.6
v -0.7 2.3 1.6
v -0.7 2.3 1.5
v -0.7 2.3 -1.5
v -0.7 2.3 -1.6
v -0.7 2.8 1
v -0.7 2.8 0.9
v -0.7 2.8 -0.9
v -0.7 2.8 -1
v -0.7 2.9 1
v -0.7 2.9 0.9
v -0.7 2.9 -0.9
v -0.7 2.9 -1
v -0.6 1.5 0.5
v -0.6 1.5 0.4
v -0.6 1.5 -0.4
v -0.6 1.5 -0.5
v -0.6 1.6 0.5
v -0.6 1.6 0.4
v -0.6 1.6 -0.4
v -0.6 1.6 -0.5
v -0.6 1.7 0.2
v -0.6 1.7 0.1
v -0.6 1.7 -0.0999999
v -0.6 1.7 -0.2
v -0.6 1.8 0.2
v -0.6 1.8 0.1
v -0.6 1.8 -0.0999999
v -0.6 1.8 -0.2
v -0.5 1.5 0.6
v -0.5 1.5 0.5
v -0.5 1.5 -0.5
v -0.5 1.5 -0.6
v -0.5 1.6 0.5
v -0.5 1.6 0.4
v -0.5 1.6 -0.4
v -0.5 1.6 -0.5
v -0.5 1.7 0.6
v -0.5 1.7 0.4
v -0.5 1.7 0.3
v -0.5 1.7 0.2
v -0.5 1.7 -0.2
v -0.5 1.7 -0.3
v -0.5 1.7 -0.4
v -0.5 1.7 -0.6
v -0.5 1.8 0.3
v -0.5 1.8 0.2
v -0.5 1.8 -0.2
v -0.5 1.8 -0.3
v -0.5 2.8 1.2
v -0.5 2.8 1
v -0.5 2.8 -1
v -0.5 2.8 -1.2
v -0.5 2.9 1.2
v -0.5 2.9 1
v -0.5 2.9 -1
v -0.5 2.9 -1.2
v -0.4 1.5 0.7
v -0.4 1.5 0.6
v -0.4 1.5 -0.6
v -0.4 1.5 -0.7
v -0.4 1.6 0.7
v -0.4 1.6 0.6
v -0.4 1.6 -0.6
v -0.4 1.6 -0.7
v -0.4 1.7 0.4
v -0.4 1.7 0.3
v -0.4 1.7 -0.3
v -0.4 1.7 -0.4
v -0.4 1.8 0.4
v -0.4 1.8 0.3
v -0.4 1.8 -0.3
v -0.4 1.8 -0.4
v -0.4 2.5 1.5
v -0.4 2.5 1.4
v -0.4 2.5 -1.4
v -0.4 2.5 -1.5
v -0.4 2.6 1.5
v -0.4 2.6 1.4
v -0.4 2.6 -1.4
v -0.4 2.6 -1.5
v -0.3 1.6 0.7
v -0.3 1.6 0.6
v -0.3 1.6 -0.6
v -0.3 1.6 -0.7
v -0.3 1.7 0.7
v -0.3 1.7 0.6
v -0.3 1.7 0.5
v -0.3 1.7 0.4
v -0.3 1.7 -0.4
v -0.3 1.7 -0.5
v -0.3 1.7 -0.6
v -0.3 1.7 -0.7
v -0.3 1.8 0.5
v -0.3 1.8 0.4
v -0.3 1.8 -0.4
v -0.3 1.8 -0.5
v -0.2 1.7 0.6
v -0.2 1.7 0.5
v -0.2 1.7 -0.5
v -0.2 1.7 -0.6
v -0.2 1.8 0.6
v -0.2 1.8 0.5
v -0.2 1.8 -0.5
v -0.2 1.8 -0.6
v 0.3 1.6 1.2
v 0.3 1.6 1.1
v 0.3 1.6 -1.1
v 0.3 1.6 -1.2
v 0.3 1.7 1.2
v 0.3 1.7 1.1
v 0.3 1.7 -1.1
v 0.3 1.7 -1.2
v 0.4 1.5 0.8
v 0.4 1.5 0.7
v 0.4 1.5 -0.7
v 0.4 1.5 -0.8
v 0.4 1.6 0.8
v 0.4 1.6 0.7
v 0.4 1.6 -0.7
v 0.4 1.6 -0.8
v 0.4 1.9 1.6
v 0.4 1.9 1.5
v 0.4 1.9 -1.5
v 0.4 1.9 -1.6
v 0.4 2 1.6
v 0.4 2 1.5
v 0.4 2 -1.5
v 0.4 2 -1.6
v 0.4 2.4 1.6
v 0.4 2.4 1.5
v 0.4 2.4 -1.5
v 0.4 2.4 -1.6
v 0.4 2.5 1.6
v 0.4 2.5 1.5
v 0.4 2.5 -1.5
v 0.4 2.5 -1.6
v 0.4 2.8 0.7
v 0.4 2.8 0.6
v 0.4 2.8 -0.6
v 0.4 2.8 -0.7
v 0.4 2.9 0.7
v 0.4 2.9 0.6
v 0.4 2.9 0.5
v 0.4 2.9 0.4
v 0.4 2.9 -0.4
v 0.4 2.9 -0.5
v 0.4 2.9 -0.6
v 0.4 2.9 -0.7
v 0.4 3.1 0.6
v 0.4 3.1 0.5
v 0.4 3.1 0.4
v 0.4 3.1 -0.4
v 0.4 3.1 -0.5
v 0.4 3.1 -0.6
v 0.4 3.2 0.6
v 0.4 3.2 0.5
v 0.4 3.2 0.4
v 0.4 3.2 -0.5
v 0.4 3.2 -0.6
v 0.4 3.3 0.5
v 0.4 3.3 0.4
v 0.5 1.7 1.4
v 0.5 1.7 1.3
v 0.5 1.7 -1.3
v 0.5 1.7 -1.4
v 0.5 1.8 1.4
v 0.5 1.8 1.3
v 0.5 1.8 -1.3
v 0.5 1.8 -1.4
v 0.5 1.9 1.4
v 0.5 1.9 1.3
v 0.5 1.9 -1.3
v 0.5 1.9 -1.4
v 0.5 2.5 1.5
v 0.5 2.5 1.4
v 0.5 2.5 1.3
v 0.5 2.5 -1.3
v 0.5 2.5 -1.4
v 0.5 2.5 -1.5
v 0.5 2.6 1.4
v 0.5 2.6 1.3
v 0.5 2.6 -1.3
v 0.5 2.6 -1.4
v 0.5 2.7 1.5
v 0.5 2.7 1.4
v 0.5 2.7 -1.4
v 0.5 2.7 -1.5
v 0.5 2.8 0.6
v 0.5 2.8 0.5
v 0.5 2.8 -0.5
v 0.5 2.8 -0.6
v 0.5 2.9 0.6
v 0.5 2.9 0.5
v 0.5 2.9 0.4
v 0.5 2.9 0.3
v 0.5 2.9 -0.3
v 0.5 2.9 -0.4
v 0.5 2.9 -0.5
v 0.5 2.9 -0.6
v 0.5 3.1 0.5
v 0.5 3.1 0.4
v 0.5 3.1 0.3
v 0.5 3.1 -0.3
v 0.5 3.1 -0.4
v 0.5 3.1 -0.5
v 0.5 3.2 0.5
v 0.5 3.2 0.4
v 0.5 3.2 0.3
v 0.5 3.2 -0.3
v 0.5 3.2 -0.4
v 0.5 3.2 -0.5
v 0.5 3.3 0.4
v 0.5 3.3 0.3
v 0.5 3.3 -0.3
v 0.5 3.3 -0.4
v 0.6 1.5 0.7
v 0.6 1.5 0.5
v 0.6 1.5 -0.5
v 0.6 1.5 -0.7
v 0.6 1.6 1.1
v 0.6 1.6 1
v 0.6 1.6 0.7
v 0.6 1.6 0.5
v 0.6 1.6 -0.5
v 0.6 1.6 -0.7
v 0.6 1.6 -1
v 0.6 1.6 -1.1
v 0.6 1.7 1.1
v 0.6 1.7 1
v 0.6 1.7 -1
v 0.6 1.7 -1.1
v 0.6 2.7 1.3
v 0.6 2.7 1.2
v 0.6 2.7 1.1
v 0.6 2.7 -1.1
v 0.6 2.7 -1.3
v 0.6 2.8 1.3
v 0.6 2.8 1.1
v 0.6 2.8 0.5
v 0.6 2.8 0.4
v 0.6 2.8 -0.4
v 0.6 2.8 -0.5
v 0.6 2.8 -1.1
v 0.6 2.8 -1.3
v 0.6 2.9 1.3
v 0.6 2.9 1.1
v 0.6 2.9 0.5
v 0.6 2.9 0.4
v 0.6 2.9 0.3
v 0.6 2.9 -0.3
v 0.6 2.9 -0.4
v 0.6 2.9 -0.5
v 0.6 2.9 -1.1
v 0.6 2.9 -1.3
v 0.6 3.1 0.4
v 0.6 3.1 0.3
v 0.6 3.1 -0.3
v 0.6 3.1 -0.4
v 0.6 3.2 0.4
v 0.6 3.2 0.3
v 0.6 3.2 -0.3
v 0.6 3.2 -0.4
v 0.6 3.3 0.3
v 0.6 3.3 -0.3
v 0.7 1.9 1.5
v 0.7 1.9 1.4
v 0.7 1.9 -1.4
v 0.7 1.9 -1.5
v 0.7 2 1.7
v 0.7 2 1.5
v 0.7 2 1.4
v 0.7 2 -1.4
v 0.7 2 -1.5
v 0.7 2 -1.7
v 0.7 2.1 1.7
v 0.7 2.1 1.6
v 0.7 2.1 1.5
v 0.7 2.1 -1.5
v 0.7 2.1 -1.6
v 0.7 2.1 -1.7
v 0.7 2.3 1.6
v 0.7 2.3 1.5
v 0.7 2.3 -1.5
v 0.7 2.3 -1.6
v 0.7 2.4 1.6
v 0.7 2.4 1.5
v 0.7 2.4 1.4
v 0.7 2.4 -1.4
v 0.7 2.4 -1.5
v 0.7 2.4 -1.6
v 0.7 2.5 1.5
v 0.7 2.5 1.4
v 0.7 2.5 -1.4
v 0.7 2.5 -1.5
v 0.7 2.8 0.4
v 0.7 2.8 0.3
v 0.7 2.8 -0.3
v 0.7 2.8 -0.4
v 0.7 2.9 0.4
v 0.7 2.9 0.3
v 0.7 2.9 -0.3
v 0.7 2.9 -0.4
v 0.7 3.1 0.3
v 0.7 3.1 -0.3
v 0.7 3.2 0.3
v 0.7 3.2 -0.3
v 0.8 1.5 0.5
v 0.8 1.5 0.4
v 0.8 1.5 -0.4
v 0.8 1.5 -0.5
v 0.8 1.6 1
v 0.8 1.6 0.9
v 0.8 1.6 0.5
v 0.8 1.6 0.4
v 0.8 1.6 -0.4
v 0.8 1.6 -0.5
v 0.8 1.6 -0.9
v 0.8 1.6 -1
v 0.8 1.7 1.3
v 0.8 1.7 1.2
v 0.8 1.7 1
v 0.8 1.7 0.9
v 0.8 1.7 -0.9
v 0.8 1.7 -1
v 0.8 1.7 -1.2
v 0.8 1.7 -1.3
v 0.8 1.8 1.3
v 0.8 1.8 1.2
v 0.8 1.8 -1.2
v 0.8 1.8 -1.3
v 0.8 1.9 1.3
v 0.8 1.9 1.2
v 0.8 1.9 -1.2
v 0.8 1.9 -1.3
v 0.8 2.1 1.6
v 0.8 2.1 1.5
v 0.8 2.1 1.3
v 0.8 2.1 1.2
v 0.8 2.1 -1.2
v 0.8 2.1 -1.3
v 0.8 2.1 -1.5
v 0.8 2.1 -1.6
v 0.8 2.3 1.6
v 0.8 2.3 1.5
v 0.8 2.3 1.3
v 0.8 2.3 1.2
v 0.8 2.3 -1.2
v 0.8 2.3 -1.3
v 0.8 2.3 -1.5
v 0.8 2.3 -1.6
v 0.8 2.5 1.3
v 0.8 2.5 1.2
v 0.8 2.5 -1.2
v 0.8 2.5 -1.3
v 0.8 2.6 1.4
v 0.8 2.6 1.3
v 0.8 2.6 1.2
v 0.8 2.6 -1.2
v 0.8 2.6 -1.3
v 0.8 2.6 -1.4
v 0.8 2.7 1.4
v 0.8 2.7 1.3
v 0.8 2.7 1.1
v 0.8 2.7 1
v 0.8 2.7 -1
v 0.8 2.7 -1.1
v 0.8 2.7 -1.3
v 0.8 2.7 -1.4
v 0.8 2.8 1.1
v 0.8 2.8 1
v 0.8 2.8 0.3
v 0.8 2.8 -0.3
v 0.8 2.8 -1
v 0.8 2.8 -1.1
v 0.8 2.9 1.1
v 0.8 2.9 1
v 0.8 2.9 0.3
v 0.8 2.9 -0.3
v 0.8 2.9 -1
v 0.8 2.9 -1.1
v 0.9 1.5 0.4
v 0.9 1.5 -0.4
v 0.9 1.6 0.9
v 0.9 1.6 0.8
v 0.9 1.6 0.4
v 0.9 1.6 -0.4
v 0.9 1.6 -0.8
v 0.9 1.6 -0.9
v 0.9 1.7 0.9
v 0.9 1.7 0.8
v 0.9 1.7 -0.8
v 0.9 1.7 -0.9
v 0.9 2.7 1
v 0.9 2.7 0.9
v 0.9 2.7 -0.9
v 0.9 2.7 -1
v 0.9 2.8 1
v 0.9 2.8 0.9
v 0.9 2.8 -0.9
v 0.9 2.8 -1
v 0.9 2.9 1
v 0.9 2.9 0.9
v 0.9 2.9 -0.9
v 0.9 2.9 -1
v 1 1.6 0.8
v 1 1.6 0.7
v 1 1.6 -0.7
v 1 1.6 -0.8
v 1 1.7 1.2
v 1 1.7 1.1
v 1 1.7 0.8
v 1 1.7 0.7
v 1 1.7 -0.7
v 1 1.7 -0.8
v 1 1.7 -1.1
v 1 1.7 -1.2
v 1 1.8 1.2
v 1 1.8 1.1
v 1 1.8 -1.1
v 1 1.8 -1.2
v 1 1.9 1.4
v 1 1.9 1.3
v 1 1.9 1.2
v 1 1.9 1.1
v 1 1.9 -1.1
v 1 1.9 -1.2
v 1 1.9 -1.3
v 1 1.9 -1.4
v 1 2 1.5
v 1 2 1.4
v 1 2 1.3
v 1 2 -1.3
v 1 2 -1.4
v 1 2 -1.5
v 1 2.1 1.5
v 1 2.1 1.4
v 1 2.1 -1.4
v 1 2.1 -1.5
v 1 2.3 1.5
v 1 2.3 1.4
v 1 2.3 -1.4
v 1 2.3 -1.5
v 1 2.4 1.5
v 1 2.4 1.4
v 1 2.4 1.3
v 1 2.4 -1.3
v 1 2.4 -1.4
v 1 2.4 -1.5
v 1 2.5 1.4
v 1 2.5 1.3
v 1 2.5 1.2
v 1 2.5 1.1
v 1 2.5 -1.1
v 1 2.5 -1.2
v 1 2.5 -1.3
v 1 2.5 -1.4
v 1 2.6 1.3
v 1 2.6 1.2
v 1 2.6 1.1
v 1 2.6 -1.1
v 1 2.6 -1.2
v 1 2.6 -1.3
v 1 2.7 1.3
v 1 2.7 1.2
v 1 2.7 0.9
v 1 2.7 0.8
v 1 2.7 -0.8
v 1 2.7 -0.9
v 1 2.7 -1.2
v 1 2.7 -1.3
v 1 2.8 0.9
v 1 2.8 0.8
v 1 2.8 -0.8
v 1 2.8 -0.9
v 1 2.9 0.9
v 1 2.9 0.8
v 1 2.9 -0.8
v 1 2.9 -0.9
v 1.1 1.6 0.7
v 1.1 1.6 0.6
v 1.1 1.6 -0.6
v 1.1 1.6 -0.7
v 1.1 1.7 1.1
v 1.1 1.7 1
v 1.1 1.7 0.7
v 1.1 1.7 0.6
v 1.1 1.7 -0.6
v 1.1 1.7 -0.7
v 1.1 1.7 -1
v 1.1 1.7 -1.1
v 1.1 1.8 1.1
v 1.1 1.8 1
v 1.1 1.8 -1
v 1.1 1.8 -1.1
v 1.1 1.9 1.3
v 1.1 1.9 1.2
v 1.1 1.9 1.1
v 1.1 1.9 1
v 1.1 1.9 -1
v 1.1 1.9 -1.1
v 1.1 1.9 -1.2
v 1.1 1.9 -1.3
v 1.1 2 1.4
v 1.1 2 1.3
v 1.1 2 1.2
v 1.1 2 -1.2
v 1.1 2 -1.3
v 1.1 2 -1.4
v 1.1 2.1 1.4
v 1.1 2.1 1.3
v 1.1 2.1 -1.3
v 1.1 2.1 -1.4
v 1.1 2.3 1.4
v 1.1 2.3 1.3
v 1.1 2.3 -1.3
v 1.1 2.3 -1.4
v 1.1 2.4 1.4
v 1.1 2.4 1.3
v 1.1 2.4 1.2
v 1.1 2.4 -1.2
v 1.1 2.4 -1.3
v 1.1 2.4 -1.4
v 1.1 2.5 1.3
v 1.1 2.5 1.2
v 1.1 2.5 1.1
v 1.1 2.5 1
v 1.1 2.5 -1
v 1.1 2.5 -1.1
v 1.1 2.5 -1.2
v 1.1 2.5 -1.3
v 1.1 2.6 1.2
v 1.1 2.6 1.1
v 1.1 2.6 1
v 1.1 2.6 -1
v 1.1 2.6 -1.1
v 1.1 2.6 -1.2
v 1.1 2.7 1.2
v 1.1 2.7 1.1
v 1.1 2.7 0.8
v 1.1 2.7 0.7
v 1.1 2.7 -0.7
v 1.1 2.7 -0.8
v 1.1 2.7 -1.1
v 1.1 2.7 -1.2
v 1.1 2.8 0.8
v 1.1 2.8 0.7
v 1.1 2.8 -0.7
v 1.1 2.8 -0.8
v 1.1 2.9 0.8
v 1.1 2.9 0.7
v 1.1 2.9 -0.7
v 1.1 2.9 -0.8
v 1.2 1.6 0.6
v 1.2 1.6 0.4
v 1.2 1.6 -0.4
v 1.2 1.6 -0.6
v 1.2 1.7 1
v 1.2 1.7 0.9
v 1.2 1.7 0.6
v 1.2 1.7 0.4
v 1.2 1.7 -0.4
v 1.2 1.7 -0.6
v 1.2 1.7 -0.9
v 1.2 1.7 -1
v 1.2 1.8 1
v 1.2 1.8 0.9
v 1.2 1.8 -0.9
v 1.2 1.8 -1
v 1.2 1.9 1.2
v 1.2 1.9 1.1
v 1.2 1.9 1
v 1.2 1.9 0.9
v 1.2 1.9 -0.9
v 1.2 1.9 -1
v 1.2 1.9 -1.1
v 1.2 1.9 -1.2
v 1.2 2 1.2
v 1.2 2 1.1
v 1.2 2 -1.1
v 1.2 2 -1.2
v 1.2 2.4 1.2
v 1.2 2.4 1.1
v 1.2 2.4 -1.1
v 1.2 2.4 -1.2
v 1.2 2.5 1.2
v 1.2 2.5 1.1
v 1.2 2.5 1
v 1.2 2.5 0.9
v 1.2 2.5 -0.9
v 1.2 2.5 -1
v 1.2 2.5 -1.1
v 1.2 2.5 -1.2
v 1.2 2.6 1.1
v 1.2 2.6 1
v 1.2 2.6 0.9
v 1.2 2.6 -0.9
v 1.2 2.6 -1
v 1.2 2.6 -1.1
v 1.2 2.7 1.1
v 1.2 2.7 1
v 1.2 2.7 0.7
v 1.2 2.7 0.6
v 1.2 2.7 -0.6
v 1.2 2.7 -0.7
v 1.2 2.7 -1
v 1.2 2.7 -1.1
v 1.2 2.8 0.7
v 1.2 2.8 0.6
v 1.2 2.8 -0.6
v 1.2 2.8 -0.7
v 1.2 2.9 0.7
v 1.2 2.9 0.6
v 1.2 2.9 -0.6
v 1.2 2.9 -0.7
v 1.3 1.6 0.4
v 1.3 1.6 -0.4
v 1.3 1.7 0.9
v 1.3 1.7 0.8
v 1.3 1.7 0.4
v 1.3 1.7 -0.4
v 1.3 1.7 -0.8
v 1.3 1.7 -0.9
v 1.3 1.8 0.9
v 1.3 1.8 0.8
v 1.3 1.8 -0.8
v 1.3 1.8 -0.9
v 1.3 1.9 1.1
v 1.3 1.9 1
v 1.3 1.9 0.9
v 1.3 1.9 0.8
v 1.3 1.9 -0.8
v 1.3 1.9 -0.9
v 1.3 1.9 -1
v 1.3 1.9 -1.1
v 1.3 2 1.3
v 1.3 2 1.2
v 1.3 2 1.1
v 1.3 2 1
v 1.3 2 -1
v 1.3 2 -1.1
v 1.3 2 -1.2
v 1.3 2 -1.3
v 1.3 2.1 1.3
v 1.3 2.1 1.2
v 1.3 2.1 -1.2
v 1.3 2.1 -1.3
v 1.3 2.3 1.3
v 1.3 2.3 1.2
v 1.3 2.3 -1.2
v 1.3 2.3 -1.3
v 1.3 2.4 1.3
v 1.3 2.4 1.2
v 1.3 2.4 1.1
v 1.3 2.4 1
v 1.3 2.4 -1
v 1.3 2.4 -1.1
v 1.3 2.4 -1.2
v 1.3 2.4 -1.3
v 1.3 2.5 1.1
v 1.3 2.5 1
v 1.3 2.5 0.9
v 1.3 2.5 0.8
v 1.3 2.5 -0.8
v 1.3 2.5 -0.9
v 1.3 2.5 -1
v 1.3 2.5 -1.1
v 1.3 2.6 1
v 1.3 2.6 0.9
v 1.3 2.6 0.8
v 1.3 2.6 -0.8
v 1.3 2.6 -0.9
v 1.3 2.6 -1
v 1.3 2.7 1
v 1.3 2.7 0.9
v 1.3 2.7 0.6
v 1.3 2.7 0.4
v 1.3 2.7 -0.4
v 1.3 2.7 -0.6
v 1.3 2.7 -0.9
v 1.3 2.7 -1
v 1.3 2.8 0.6
v 1.3 2.8 0.4
v 1.3 2.8 -0.4
v 1.3 2.8 -0.6
v 1.3 2.9 0.6
v 1.3 2.9 0.4
v 1.3 2.9 -0.4
v 1.3 2.9 -0.6
v 1.4 1.7 0.8
v 1.4 1.7 0.6
v 1.4 1.7 -0.6
v 1.4 1.7 -0.8
v 1.4 1.8 0.8
v 1.4 1.8 0.6
v 1.4 1.8 -0.6
v 1.4 1.8 -0.8
v 1.4 1.9 1
v 1.4 1.9 0.9
v 1.4 1.9 0.8
v 1.4 1.9 0.6
v 1.4 1.9 -0.6
v 1.4 1.9 -0.8
v 1.4 1.9 -0.9
v 1.4 1.9 -1
v 1.4 2 1.2
v 1.4 2 1.1
v 1.4 2 1
v 1.4 2 0.9
v 1.4 2 -0.9
v 1.4 2 -1
v 1.4 2 -1.1
v 1.4 2 -1.2
v 1.4 2.1 1.2
v 1.4 2.1 1.1
v 1.4 2.1 -1.1
v 1.4 2.1 -1.2
v 1.4 2.3 1.2
v 1.4 2.3 1.1
v 1.4 2.3 -1.1
v 1.4 2.3 -1.2
v 1.4 2.4 1.2
v 1.4 2.4 1.1
v 1.4 2.4 1
v 1.4 2.4 0.9
v 1.4 2.4 -0.9
v 1.4 2.4 -1
v 1.4 2.4 -1.1
v 1.4 2.4 -1.2
v 1.4 2.5 1
v 1.4 2.5 0.9
v 1.4 2.5 0.8
v 1.4 2.5 0.6
v 1.4 2.5 -0.6
v 1.4 2.5 -0.8
v 1.4 2.5 -0.9
v 1.4 2.5 -1
v 1.4 2.6 0.9
v 1.4 2.6 0.8
v 1.4 2.6 0.7
v 1.4 2.6 0.6
v 1.4 2.6 -0.6
v 1.4 2.6 -0.7
v 1.4 2.6 -0.8
v 1.4 2.6 -0.9
v 1.4 2.7 0.9
v 1.4 2.7 0.7
v 1.4 2.7 0.4
v 1.4 2.7 0.3
v 1.4 2.7 -0.3
v 1.4 2.7 -0.4
v 1.4 2.7 -0.7
v 1.4 2.7 -0.9
v 1.4 2.8 0.4
v 1.4 2.8 0.3
v 1.4 2.8 -0.3
v 1.4 2.8 -0.4
v 1.4 3 0.4
v 1.4 3 0.3
v 1.4 3 -0.3
v 1.4 3 -0.4
v 1.4 3.1 0.3
v 1.4 3.1 -0.3
v 1.5 1.7 0.6
v 1.5 1.7 0.4
v 1.5 1.7 -0.4
v 1.5 1.7 -0.6
v 1.5 1.8 0.6
v 1.5 1.8 0.4
v 1.5 1.8 -0.4
v 1.5 1.8 -0.6
v 1.5 1.9 0.9
v 1.5 1.9 0.8
v 1.5 1.9 0.6
v 1.5 1.9 0.4
v 1.5 1.9 -0.4
v 1.5 1.9 -0.6
v 1.5 1.9 -0.8
v 1.5 1.9 -0.9
v 1.5 2 1.1
v 1.5 2 0.9
v 1.5 2 0.8
v 1.5 2 -0.8
v 1.5 2 -0.9
v 1.5 2 -1.1
v 1.5 2.1 1.1
v 1.5 2.1 1
v 1.5 2.1 0.9
v 1.5 2.1 -0.9
v 1.5 2.1 -1
v 1.5 2.1 -1.1
v 1.5 2.3 1.1
v 1.5 2.3 1
v 1.5 2.3 0.9
v 1.5 2.3 -0.9
v 1.5 2.3 -1
v 1.5 2.3 -1.1
v 1.5 2.4 1.1
v 1.5 2.4 0.9
v 1.5 2.4 0.8
v 1.5 2.4 -0.8
v 1.5 2.4 -0.9
v 1.5 2.4 -1.1
v 1.5 2.5 0.9
v 1.5 2.5 0.8
v 1.5 2.5 0.6
v 1.5 2.5 0.4
v 1.5 2.5 -0.4
v 1.5 2.5 -0.6
v 1.5 2.5 -0.8
v 1.5 2.5 -0.9
v 1.5 2.6 0.7
v 1.5 2.6 0.6
v 1.5 2.6 0.5
v 1.5 2.6 0.4
v 1.5 2.6 -0.4
v 1.5 2.6 -0.5
v 1.5 2.6 -0.6
v 1.5 2.6 -0.7
v 1.5 2.7 0.7
v 1.5 2.7 0.5
v 1.5 2.7 0.3
v 1.5 2.7 0.2
v 1.5 2.7 -0.2
v 1.5 2.7 -0.3
v 1.5 2.7 -0.5
v 1.5 2.7 -0.7
v 1.5 2.8 0.3
v 1.5 2.8 0.2
v 1.5 2.8 -0.2
v 1.5 2.8 -0.3
v 1.6 1.7 0.4
v 1.6 1.7 -0.4
v 1.6 1.8 0.4
v 1.6 1.8 -0.4
v 1.6 1.9 0.8
v 1.6 1.9 0.6
v 1.6 1.9 0.4
v 1.6 1.9 -0.4
v 1.6 1.9 -0.6
v 1.6 1.9 -0.8
v 1.6 2 0.9
v 1.6 2 0.8
v 1.6 2 0.6
v 1.6 2 -0.6
v 1.6 2 -0.8
v 1.6 2 -0.9
v 1.6 2.1 1
v 1.6 2.1 0.9
v 1.6 2.1 0.8
v 1.6 2.1 -0.8
v 1.6 2.1 -0.9
v 1.6 2.1 -1
v 1.6 2.3 1
v 1.6 2.3 0.9
v 1.6 2.3 0.8
v 1.6 2.3 -0.8
v 1.6 2.3 -0.9
v 1.6 2.3 -1
v 1.6 2.4 0.9
v 1.6 2.4 0.8
v 1.6 2.4 0.6
v 1.6 2.4 -0.6
v 1.6 2.4 -0.8
v 1.6 2.4 -0.9
v 1.6 2.5 0.8
v 1.6 2.5 0.6
v 1.6 2.5 0.3
v 1.6 2.5 0.2
v 1.6 2.5 -0.2
v 1.6 2.5 -0.3
v 1.6 2.5 -0.6
v 1.6 2.5 -0.8
v 1.6 2.6 0.3
v 1.6 2.6 0.2
v 1.6 2.6 -0.2
v 1.6 2.6 -0.3
v 1.6 2.7 0.2
v 1.6 2.7 -0.2
v 1.6 2.8 0.2
v 1.6 2.8 -0.2
v 1.7 1.9 0.6
v 1.7 1.9 0.3
v 1.7 1.9 -0.3
v 1.7 1.9 -0.6
v 1.7 2 0.8
v 1.7 2 0.6
v 1.7 2 0.3
v 1.7 2 -0.3
v 1.7 2 -0.6
v 1.7 2 -0.8
v 1.7 2.1 0.9
v 1.7 2.1 0.8
v 1.7 2.1 0.7
v 1.7 2.1 0.6
v 1.7 2.1 -0.6
v 1.7 2.1 -0.7
v 1.7 2.1 -0.8
v 1.7 2.1 -0.9
v 1.7 2.3 0.9
v 1.7 2.3 0.8
v 1.7 2.3 0.7
v 1.7 2.3 0.6
v 1.7 2.3 -0.6
v 1.7 2.3 -0.7
v 1.7 2.3 -0.8
v 1.7 2.3 -0.9
v 1.7 2.4 0.8
v 1.7 2.4 0.6
v 1.7 2.4 0.3
v 1.7 2.4 -0.3
v 1.7 2.4 -0.6
v 1.7 2.4 -0.8
v 1.7 2.5 0.6
v 1.7 2.5 0.4
v 1.7 2.5 0.3
v 1.7 2.5 -0.3
v 1.7 2.5 -0.4
v 1.7 2.5 -0.6
v 1.7 2.6 0.5
v 1.7 2.6 0.4
v 1.7 2.6 0.3
v 1.7 2.6 -0.3
v 1.7 2.6 -0.4
v 1.7 2.6 -0.5
v 1.7 2.7 0.5
v 1.7 2.7 -0.5
v 1.8 1.9 0.3
v 1.8 1.9 -0.3
v 1.8 2 0.6
v 1.8 2 0.3
v 1.8 2 0.1
v 1.8 2 -0.0999999
v 1.8 2 -0.3
v 1.8 2 -0.6
v 1.8 2.1 0.7
v 1.8 2.1 0.6
v 1.8 2.1 0.3
v 1.8 2.1 0.2
v 1.8 2.1 0.1
v 1.8 2.1 -0.0999999
v 1.8 2.1 -0.2
v 1.8 2.1 -0.3
v 1.8 2.1 -0.6
v 1.8 2.1 -0.7
v 1.8 2.3 0.7
v 1.8 2.3 0.6
v 1.8 2.3 0.3
v 1.8 2.3 0.2
v 1.8 2.3 0.1
v 1.8 2.3 -0.0999999
v 1.8 2.3 -0.2
v 1.8 2.3 -0.3
v 1.8 2.3 -0.6
v 1.8 2.3 -0.7
v 1.8 2.4 0.6
v 1.8 2.4 0.3
v 1.8 2.4 0.1
v 1.8 2.4 -0.0999999
v 1.8 2.4 -0.3
v 1.8 2.4 -0.6
v 1.8 2.5 0.3
v 1.8 2.5 -0.3
v 1.9 2 0.1
v 1.9 2 -0.0999999
v 1.9 2.1 0.3
v 1.9 2.1 0.2
v 1.9 2.1 0.1
v 1.9 2.1 -0.0999999
v 1.9 2.1 -0.2
v 1.9 2.1 -0.3
v 1.9 2.3 0.3
v 1.9 2.3 0.2
v 1.9 2.3 0.1
v 1.9 2.3 -0.0999999
v 1.9 2.3 -0.2
v 1.9 2.3 -0.3
v 1.9 2.4 0.1
v 1.9 2.4 -0.0999999
v -0.7 2 1.7
v -0.7 2.1 1.7
v 0.7 2 1.7
v 0.7 2.1 1.7
v -0.8 2.1 1.6
v -0.8 2.3 1.6
v -0.7 2.1 1.6
v -0.7 2.3 1.6
v -0.7 2.4 1.6
v -0.4 1.9 1.6
v -0.4 2 1.6
v -0.4 2.4 1.6
v -0.4 2.5 1.6
v 0.4 1.9 1.6
v 0.4 2 1.6
v 0.4 2.4 1.6
v 0.4 2.5 1.6
v 0.7 2.1 1.6
v 0.7 2.3 1.6
v 0.7 2.4 1.6
v 0.8 2.1 1.6
v 0.8 2.3 1.6
v -1 2 1.5
v -1 2.1 1.5
v -1 2.3 1.5
v -1 2.4 1.5
v -0.8 2.1 1.5
v -0.8 2.3 1.5
v -0.7 1.9 1.5
v -0.7 2 1.5
v -0.7 2.1 1.5
v -0.7 2.3 1.5
v -0.7 2.4 1.5
v -0.7 2.5 1.5
v -0.6 2.1 1.5
v -0.6 2.3 1.5
v -0.5 2.5 1.5
v -0.5 2.7 1.5
v -0.4 1.9 1.5
v -0.4 2 1.5
v -0.4 2.4 1.5
v -0.4 2.5 1.5
v -0.4 2.6 1.5
v 0.4 1.9 1.5
v 0.4 2 1.5
v 0.4 2.4 1.5
v 0.4 2.5 1.5
v 0.4 2.6 1.5
v 0.5 2.5 1.5
v 0.5 2.7 1.5
v 0.6 2.1 1.5
v 0.6 2.3 1.5
v 0.7 1.9 1.5
v 0.7 2 1.5
v 0.7 2.1 1.5
v 0.7 2.3 1.5
v 0.7 2.4 1.5
v 0.7 2.5 1.5
v 0.8 2.1 1.5
v 0.8 2.3 1.5
v 1 2 1.5
v 1 2.1 1.5
v 1 2.3 1.5
v 1 2.4 1.5
v -1.1 2 1.4
v -1.1 2.1 1.4
v -1.1 2.3 1.4
v -1.1 2.4 1.4
v -1 1.9 1.4
v -1 2 1.4
v -1 2.1 1.4
v -1 2.3 1.4
v -1 2.4 1.4
v -1 2.5 1.4
v -0.8 2.6 1.4
v -0.8 2.7 1.4
v -0.7 1.9 1.4
v -0.7 2 1.4
v -0.7 2.4 1.4
v -0.7 2.5 1.4
v -0.5 1.7 1.4
v -0.5 1.8 1.4
v -0.5 1.9 1.4
v -0.5 2.6 1.4
v -0.5 2.7 1.4
v -0.4 2.5 1.4
v -0.4 2.6 1.4
v -0.3 2.5 1.4
v -0.3 2.6 1.4
v -0.1 1.7 1.4
v -0.1 1.8 1.4
v 0.1 1.7 1.4
v 0.1 1.8 1.4
v 0.3 2.5 1.4
v 0.3 2.6 1.4
v 0.4 2.5 1.4
v 0.4 2.6 1.4
v 0.5 1.7 1.4
v 0.5 1.8 1.4
v 0.5 1.9 1.4
v 0.5 2.6 1.4
v 0.5 2.7 1.4
v 0.7 1.9 1.4
v 0.7 2 1.4
v 0.7 2.4 1.4
v 0.7 2.5 1.4
v 0.8 2.6 1.4
v 0.8 2.7 1.4
v 1 1.9 1.4
v 1 2 1.4
v 1 2.1 1.4
v 1 2.3 1.4
v 1 2.4 1.4
v 1 2.5 1.4
v 1.1 2 1.4
v 1.1 2.1 1.4
v 1.1 2.3 1.4
v 1.1 2.4 1.4
v -1.3 2 1.3
v -1.3 2.1 1.3
v -1.3 2.3 1.3
v -1.3 2.4 1.3
v -1.1 1.9 1.3
v -1.1 2 1.3
v -1.1 2.1 1.3
v -1.1 2.3 1.3
v -1.1 2.4 1.3
v -1.1 2.5 1.3
v -1 1.9 1.3
v -1 2 1.3
v -1 2.4 1.3
v -1 2.5 1.3
v -1 2.6 1.3
v -1 2.7 1.3
v -0.8 1.7 1.3
v -0.8 1.8 1.3
v -0.8 1.9 1.3
v -0.8 2.5 1.3
v -0.8 2.6 1.3
v -0.8 2.7 1.3
v -0.6 2.7 1.3
v -0.6 2.8 1.3
v -0.6 2.9 1.3
v -0.5 1.7 1.3
v -0.5 1.8 1.3
v -0.5 1.9 1.3
v -0.5 2.5 1.3
v -0.5 2.6 1.3
v -0.4 2.8 1.3
v -0.4 2.9 1.3
v 0.4 2.8 1.3
v 0.4 2.9 1.3
v 0.5 1.7 1.3
v 0.5 1.8 1.3
v 0.5 1.9 1.3
v 0.5 2.5 1.3
v 0.5 2.6 1.3
v 0.6 2.7 1.3
v 0.6 2.8 1.3
v 0.6 2.9 1.3
v 0.8 1.7 1.3
v 0.8 1.8 1.3
v 0.8 1.9 1.3
v 0.8 2.5 1.3
v 0.8 2.6 1.3
v 0.8 2.7 1.3
v 1 1.9 1.3
v 1 2 1.3
v 1 2.4 1.3
v 1 2.5 1.3
v 1 2.6 1.3
v 1 2.7 1.3
v 1.1 1.9 1.3
v 1.1 2 1.3
v 1.1 2.1 1.3
v 1.1 2.3 1.3
v 1.1 2.4 1.3
v 1.1 2.5 1.3
v 1.3 2 1.3
v 1.3 2.1 1.3
v 1.3 2.3 1.3
v 1.3 2.4 1.3
v -1.4 2 1.2
v -1.4 2.1 1.2
v -1.4 2.3 1.2
v -1.4 2.4 1.2
v -1.3 2 1.2
v -1.3 2.1 1.2
v -1.3 2.3 1.2
v -1.3 2.4 1.2
v -1.2 1.9 1.2
v -1.2 2 1.2
v -1.2 2.4 1.2
v -1.2 2.5 1.2
v -1.1 1.9 1.2
v -1.1 2 1.2
v -1.1 2.4 1.2
v -1.1 2.5 1.2
v -1.1 2.6 1.2
v -1.1 2.7 1.2
v -1 1.7 1.2
v -1 1.8 1.2
v -1 1.9 1.2
v -1 2.5 1.2
v -1 2.6 1.2
v -1 2.7 1.2
v -0.9 2.1 1.2
v -0.9 2.3 1.2
v -0.8 1.7 1.2
v -0.8 1.8 1.2
v -0.8 1.9 1.2
v -0.8 2.1 1.2
v -0.8 2.3 1.2
v -0.8 2.5 1.2
v -0.8 2.6 1.2
v -0.3 1.6 1.2
v -0.3 1.7 1.2
v 0.3 1.6 1.2
v 0.3 1.7 1.2
v 0.8 1.7 1.2
v 0.8 1.8 1.2
v 0.8 1.9 1.2
v 0.8 2.1 1.2
v 0.8 2.3 1.2
v 0.8 2.5 1.2
v 0.8 2.6 1.2
v 0.9 2.1 1.2
v 0.9 2.3 1.2
v 1 1.7 1.2
v 1 1.8 1.2
v 1 1.9 1.2
v 1 2.5 1.2
v 1 2.6 1.2
v 1 2.7 1.2
v 1.1 1.9 1.2
v 1.1 2 1.2
v 1.1 2.4 1.2
v 1.1 2.5 1.2
v 1.1 2.6 1.2
v 1.1 2.7 1.2
v 1.2 1.9 1.2
v 1.2 2 1.2
v 1.2 2.4 1.2
v 1.2 2.5 1.2
v 1.3 2 1.2
v 1.3 2.1 1.2
v 1.3 2.3 1.2
v 1.3 2.4 1.2
v 1.4 2 1.2
v 1.4 2.1 1.2
v 1.4 2.3 1.2
v 1.4 2.4 1.2
v -1.5 2 1.1
v -1.5 2.1 1.1
v -1.5 2.3 1.1
v -1.5 2.4 1.1
v -1.4 2 1.1
v -1.4 2.1 1.1
v -1.4 2.3 1.1
v -1.4 2.4 1.1
v -1.3 1.9 1.1
v -1.3 2 1.1
v -1.3 2.4 1.1
v -1.3 2.5 1.1
v -1.2 1.9 1.1
v -1.2 2 1.1
v -1.2 2.4 1.1
v -1.2 2.5 1.1
v -1.2 2.6 1.1
v -1.2 2.7 1.1
v -1.1 1.7 1.1
v -1.1 1.8 1.1
v -1.1 1.9 1.1
v -1.1 2.5 1.1
v -1.1 2.6 1.1
v -1.1 2.7 1.1
v -1 1.7 1.1
v -1 1.8 1.1
v -1 1.9 1.1
v -1 2.5 1.1
v -1 2.6 1.1
v -0.8 2.7 1.1
v -0.8 2.8 1.1
v -0.8 2.9 1.1
v -0.6 1.6 1.1
v -0.6 1.7 1.1
v -0.6 2.7 1.1
v -0.6 2.8 1.1
v -0.6 2.9 1.1
v -0.3 1.6 1.1
v -0.3 1.7 1.1
v 0.3 1.6 1.1
v 0.3 1.7 1.1
v 0.6 1.6 1.1
v 0.6 1.7 1.1
v 0.6 2.7 1.1
v 0.6 2.8 1.1
v 0.6 2.9 1.1
v 0.8 2.7 1.1
v 0.8 2.8 1.1
v 0.8 2.9 1.1
v 1 1.7 1.1
v 1 1.8 1.1
v 1 1.9 1.1
v 1 2.5 1.1
v 1 2.6 1.1
v 1.1 1.7 1.1
v 1.1 1.8 1.1
v 1.1 1.9 1.1
v 1.1 2.5 1.1
v 1.1 2.6 1.1
v 1.1 2.7 1.1
v 1.2 1.9 1.1
v 1.2 2 1.1
v 1.2 2.4 1.1
v 1.2 2.5 1.1
v 1.2 2.6 1.1
v 1.2 2.7 1.1
v 1.3 1.9 1.1
v 1.3 2 1.1
v 1.3 2.4 1.1
v 1.3 2.5 1.1
v 1.4 2 1.1
v 1.4 2.1 1.1
v 1.4 2.3 1.1
v 1.4 2.4 1.1
v 1.5 2 1.1
v 1.5 2.1 1.1
v 1.5 2.3 1.1
v 1.5 2.4 1.1
v -1.6 2.1 1
v -1.6 2.3 1
v -1.5 2.1 1
v -1.5 2.3 1
v -1.4 1.9 1
v -1.4 2 1
v -1.4 2.4 1
v -1.4 2.5 1
v -1.3 1.9 1
v -1.3 2 1
v -1.3 2.4 1
v -1.3 2.5 1
v -1.3 2.6 1
v -1.3 2.7 1
v -1.2 1.7 1
v -1.2 1.8 1
v -1.2 1.9 1
v -1.2 2.5 1
v -1.2 2.6 1
v -1.2 2.7 1
v -1.1 1.7 1
v -1.1 1.8 1
v -1.1 1.9 1
v -1.1 2.5 1
v -1.1 2.6 1
v -0.9 2.7 1
v -0.9 2.8 1
v -0.9 2.9 1
v -0.8 1.6 1
v -0.8 1.7 1
v -0.8 2.7 1
v -0.8 2.8 1
v -0.8 2.9 1
v -0.6 1.6 1
v -0.6 1.7 1
v 0.6 1.6 1
v 0.6 1.7 1
v 0.8 1.6 1
v 0.8 1.7 1
v 0.8 2.7 1
v 0.8 2.8 1
v 0.8 2.9 1
v 0.9 2.7 1
v 0.9 2.8 1
v 0.9 2.9 1
v 1.1 1.7 1
v 1.1 1.8 1
v 1.1 1.9 1
v 1.1 2.5 1
v 1.1 2.6 1
v 1.2 1.7 1
v 1.2 1.8 1
v 1.2 1.9 1
v 1.2 2.5 1
v 1.2 2.6 1
v 1.2 2.7 1
v 1.3 1.9 1
v 1.3 2 1
v 1.3 2.4 1
v 1.3 2.5 1
v 1.3 2.6 1
v 1.3 2.7 1
v 1.4 1.9 1
v 1.4 2 1
v 1.4 2.4 1
v 1.4 2.5 1
v 1.5 2.1 1
v 1.5 2.3 1
v 1.6 2.1 1
v 1.6 2.3 1
v -1.7 2.1 0.9
v -1.7 2.3 0.9
v -1.6 2 0.9
v -1.6 2.1 0.9
v -1.6 2.3 0.9
v -1.6 2.4 0.9
v -1.5 1.9 0.9
v -1.5 2 0.9
v -1.5 2.1 0.9
v -1.5 2.3 0.9
v -1.5 2.4 0.9
v -1.5 2.5 0.9
v -1.4 1.9 0.9
v -1.4 2 0.9
v -1.4 2.4 0.9
v -1.4 2.5 0.9
v -1.4 2.6 0.9
v -1.4 2.7 0.9
v -1.3 1.7 0.9
v -1.3 1.8 0.9
v -1.3 1.9 0.9
v -1.3 2.5 0.9
v -1.3 2.6 0.9
v -1.3 2.7 0.9
v -1.2 1.7 0.9
v -1.2 1.8 0.9
v -1.2 1.9 0.9
v -1.2 2.5 0.9
v -1.2 2.6 0.9
v -1 2.7 0.9
v -1 2.8 0.9
v -1 2.9 0.9
v -0.9 1.6 0.9
v -0.9 1.7 0.9
v -0.9 2.7 0.9
v -0.9 2.8 0.9
v -0.9 2.9 0.9
v -0.8 1.6 0.9
v -0.8 1.7 0.9
v 0.8 1.6 0.9
v 0.8 1.7 0.9
v 0.9 1.6 0.9
v 0.9 1.7 0.9
v 0.9 2.7 0.9
v 0.9 2.8 0.9
v 0.9 2.9 0.9
v 1 2.7 0.9
v 1 2.8 0.9
v 1 2.9 0.9
v 1.2 1.7 0.9
v 1.2 1.8 0.9
v 1.2 1.9 0.9
v 1.2 2.5 0.9
v 1.2 2.6 0.9
v 1.3 1.7 0.9
v 1.3 1.8 0.9
v 1.3 1.9 0.9
v 1.3 2.5 0.9
v 1.3 2.6 0.9
v 1.3 2.7 0.9
v 1.4 1.9 0.9
v 1.4 2 0.9
v 1.4 2.4 0.9
v 1.4 2.5 0.9
v 1.4 2.6 0.9
v 1.4 2.7 0.9
v 1.5 1.9 0.9
v 1.5 2 0.9
v 1.5 2.1 0.9
v 1.5 2.3 0.9
v 1.5 2.4 0.9
v 1.5 2.5 0.9
v 1.6 2 0.9
v 1.6 2.1 0.9
v 1.6 2.3 0.9
v 1.6 2.4 0.9
v 1.7 2.1 0.9
v 1.7 2.3 0.9
v -1.7 2 0.8
v -1.7 2.1 0.8
v -1.7 2.3 0.8
v -1.7 2.4 0.8
v -1.6 1.9 0.8
v -1.6 2 0.8
v -1.6 2.1 0.8
v -1.6 2.3 0.8
v -1.6 2.4 0.8
v -1.6 2.5 0.8
v -1.5 1.9 0.8
v -1.5 2 0.8
v -1.5 2.4 0.8
v -1.5 2.5 0.8
v -1.4 1.7 0.8
v -1.4 1.8 0.8
v -1.4 1.9 0.8
v -1.4 2.5 0.8
v -1.4 2.6 0.8
v -1.3 1.7 0.8
v -1.3 1.8 0.8
v -1.3 1.9 0.8
v -1.3 2.5 0.8
v -1.3 2.6 0.8
v -1.1 2.7 0.8
v -1.1 2.8 0.8
v -1.1 2.9 0.8
v -1 1.6 0.8
v -1 1.7 0.8
v -1 2.7 0.8
v -1 2.8 0.8
v -1 2.9 0.8
v -0.9 1.6 0.8
v -0.9 1.7 0.8
v -0.4 1.5 0.8
v -0.4 1.6 0.8
v 0.4 1.5 0.8
v 0.4 1.6 0.8
v 0.9 1.6 0.8
v 0.9 1.7 0.8
v 1 1.6 0.8
v 1 1.7 0.8
v 1 2.7 0.8
v 1 2.8 0.8
v 1 2.9 0.8
v 1.1 2.7 0.8
v 1.1 2.8 0.8
v 1.1 2.9 0.8
v 1.3 1.7 0.8
v 1.3 1.8 0.8
v 1.3 1.9 0.8
v 1.3 2.5 0.8
v 1.3 2.6 0.8
v 1.4 1.7 0.8
v 1.4 1.8 0.8
v 1.4 1.9 0.8
v 1.4 2.5 0.8
v 1.4 2.6 0.8
v 1.5 1.9 0.8
v 1.5 2 0.8
v 1.5 2.4 0.8
v 1.5 2.5 0.8
v 1.6 1.9 0.8
v 1.6 2 0.8
v 1.6 2.1 0.8
v 1.6 2.3 0.8
v 1.6 2.4 0.8
v 1.6 2.5 0.8
v 1.7 2 0.8
v 1.7 2.1 0.8
v 1.7 2.3 0.8
v 1.7 2.4 0.8
v -1.8 2.1 0.7
v -1.8 2.3 0.7
v -1.7 2.1 0.7
v -1.7 2.3 0.7
v -1.5 2.6 0.7
v -1.5 2.7 0.7
v -1.4 2.6 0.7
v -1.4 2.7 0.7
v -1.2 2.7 0.7
v -1.2 2.8 0.7
v -1.2 2.9 0.7
v -1.1 1.6 0.7
v -1.1 1.7 0.7
v -1.1 2.7 0.7
v -1.1 2.8 0.7
v -1.1 2.9 0.7
v -1 1.6 0.7
v -1 1.7 0.7
v -0.6 1.5 0.7
v -0.6 1.6 0.7
v -0.4 1.5 0.7
v -0.4 1.6 0.7
v -0.4 2.8 0.7
v -0.4 2.9 0.7
v 0.4 1.5 0.7
v 0.4 1.6 0.7
v 0.4 2.8 0.7
v 0.4 2.9 0.7
v 0.6 1.5 0.7
v 0.6 1.6 0.7
v 1 1.6 0.7
v 1 1.7 0.7
v 1.1 1.6 0.7
v 1.1 1.7 0.7
v 1.1 2.7 0.7
v 1.1 2.8 0.7
v 1.1 2.9 0.7
v 1.2 2.7 0.7
v 1.2 2.8 0.7
v 1.2 2.9 0.7
v 1.4 2.6 0.7
v 1.4 2.7 0.7
v 1.5 2.6 0.7
v 1.5 2.7 0.7
v 1.7 2.1 0.7
v 1.7 2.3 0.7
v 1.8 2.1 0.7
v 1.8 2.3 0.7
v -1.8 2 0.6
v -1.8 2.1 0.6
v -1.8 2.3 0.6
v -1.8 2.4 0.6
v -1.7 1.9 0.6
v -1.7 2 0.6
v -1.7 2.1 0.6
v -1.7 2.3 0.6
v -1.7 2.4 0.6
v -1.7 2.5 0.6
v -1.6 1.9 0.6
v -1.6 2 0.6
v -1.6 2.4 0.6
v -1.6 2.5 0.6
v -1.5 1.7 0.6
v -1.5 1.8 0.6
v -1.5 1.9 0.6
v -1.5 2.5 0.6
v -1.5 2.6 0.6
v -1.4 1.7 0.6
v -1.4 1.8 0.6
v -1.4 1.9 0.6
v -1.4 2.5 0.6
v -1.4 2.6 0.6
v -1.3 2.7 0.6
v -1.3 2.8 0.6
v -1.3 2.9 0.6
v -1.2 1.6 0.6
v -1.2 1.7 0.6
v -1.2 2.7 0.6
v -1.2 2.8 0.6
v -1.2 2.9 0.6
v -1.1 1.6 0.6
v -1.1 1.7 0.6
v -0.5 2.8 0.6
v -0.5 2.9 0.6
v -0.4 2.8 0.6
v -0.4 2.9 0.6
v -0.4 3.1 0.6
v -0.4 3.2 0.6
v 0.4 2.8 0.6
v 0.4 2.9 0.6
v 0.4 3.1 0.6
v 0.4 3.2 0.6
v 0.5 2.8 0.6
v 0.5 2.9 0.6
v 1.1 1.6 0.6
v 1.1 1.7 0.6
v 1.2 1.6 0.6
v 1.2 1.7 0.6
v 1.2 2.7 0.6
v 1.2 2.8 0.6
v 1.2 2.9 0.6
v 1.3 2.7 0.6
v 1.3 2.8 0.6
v 1.3 2.9 0.6
v 1.4 1.7 0.6
v 1.4 1.8 0.6
v 1.4 1.9 0.6
v 1.4 2.5 0.6
v 1.4 2.6 0.6
v 1.5 1.7 0.6
v 1.5 1.8 0.6
v 1.5 1.9 0.6
v 1.5 2.5 0.6
v 1.5 2.6 0.6
v 1.6 1.9 0.6
v 1.6 2 0.6
v 1.6 2.4 0.6
v 1.6 2.5 0.6
v 1.7 1.9 0.6
v 1.7 2 0.6
v 1.7 2.1 0.6
v 1.7 2.3 0.6
v 1.7 2.4 0.6
v 1.7 2.5 0.6
v 1.8 2 0.6
v 1.8 2.1 0.6
v 1.8 2.3 0.6
v 1.8 2.4 0.6
v -1.7 2.6 0.5
v -1.7 2.7 0.5
v -1.5 2.6 0.5
v -1.5 2.7 0.5
v -0.8 1.5 0.5
v -0.8 1.6 0.5
v -0.6 1.5 0.5
v -0.6 1.6 0.5
v -0.6 2.8 0.5
v -0.6 2.9 0.5
v -0.5 2.8 0.5
v -0.5 2.9 0.5
v -0.5 3.1 0.5
v -0.5 3.2 0.5
v -0.4 2.9 0.5
v -0.4 3.1 0.5
v -0.4 3.2 0.5
v -0.4 3.3 0.5
v 0.4 2.9 0.5
v 0.4 3.1 0.5
v 0.4 3.2 0.5
v 0.4 3.3 0.5
v 0.5 2.8 0.5
v 0.5 2.9 0.5
v 0.5 3.1 0.5
v 0.5 3.2 0.5
v 0.6 1.5 0.5
v 0.6 1.6 0.5
v 0.6 2.8 0.5
v 0.6 2.9 0.5
v 0.8 1.5 0.5
v 0.8 1.6 0.5
v 1.5 2.6 0.5
v 1.5 2.7 0.5
v 1.7 2.6 0.5
v 1.7 2.7 0.5
v -1.7 2.5 0.4
v -1.7 2.6 0.4
v -1.6 1.7 0.4
v -1.6 1.8 0.4
v -1.6 1.9 0.4
v -1.6 2.5 0.4
v -1.6 2.6 0.4
v -1.5 1.7 0.4
v -1.5 1.8 0.4
v -1.5 1.9 0.4
v -1.5 2.5 0.4
v -1.5 2.6 0.4
v -1.4 2.7 0.4
v -1.4 2.8 0.4
v -1.4 3 0.4
v -1.3 1.6 0.4
v -1.3 1.7 0.4
v -1.3 2.7 0.4
v -1.3 2.8 0.4
v -1.3 2.9 0.4
v -1.3 3 0.4
v -1.2 1.6 0.4
v -1.2 1.7 0.4
v -0.9 1.5 0.4
v -0.9 1.6 0.4
v -0.8 1.5 0.4
v -0.8 1.6 0.4
v -0.7 2.8 0.4
v -0.7 2.9 0.4
v -0.6 2.8 0.4
v -0.6 2.9 0.4
v -0.6 3.1 0.4
v -0.6 3.2 0.4
v -0.5 2.9 0.4
v -0.5 3.1 0.4
v -0.5 3.2 0.4
v -0.5 3.3 0.4
v -0.4 2.9 0.4
v -0.4 3.1 0.4
v -0.4 3.2 0.4
v -0.4 3.3 0.4
v 0.4 2.9 0.4
v 0.4 3.1 0.4
v 0.4 3.2 0.4
v 0.4 3.3 0.4
v 0.5 2.9 0.4
v 0.5 3.1 0.4
v 0.5 3.2 0.4
v 0.5 3.3 0.4
v 0.6 2.8 0.4
v 0.6 2.9 0.4
v 0.6 3.1 0.4
v 0.6 3.2 0.4
v 0.7 2.8 0.4
v 0.7 2.9 0.4
v 0.8 1.5 0.4
v 0.8 1.6 0.4
v 0.9 1.5 0.4
v 0.9 1.6 0.4
v 1.2 1.6 0.4
v 1.2 1.7 0.4
v 1.3 1.6 0.4
v 1.3 1.7 0.4
v 1.3 2.7 0.4
v 1.3 2.8 0.4
v 1.3 2.9 0.4
v 1.3 3 0.4
v 1.4 2.7 0.4
v 1.4 2.8 0.4
v 1.4 3 0.4
v 1.5 1.7 0.4
v 1.5 1.8 0.4
v 1.5 1.9 0.4
v 1.5 2.5 0.4
v 1.5 2.6 0.4
v 1.6 1.7 0.4
v 1.6 1.8 0.4
v 1.6 1.9 0.4
v 1.6 2.5 0.4
v 1.6 2.6 0.4
v 1.7 2.5 0.4
v 1.7 2.6 0.4
v -1.9 2.1 0.3
v -1.9 2.3 0.3
v -1.8 1.9 0.3
v -1.8 2 0.3
v -1.8 2.1 0.3
v -1.8 2.3 0.3
v -1.8 2.4 0.3
v -1.8 2.5 0.3
v -1.7 1.9 0.3
v -1.7 2 0.3
v -1.7 2.4 0.3
v -1.7 2.5 0.3
v -1.5 2.7 0.3
v -1.5 2.8 0.3
v -1.4 2.7 0.3
v -1.4 2.8 0.3
v -1.4 3 0.3
v -1.4 3.1 0.3
v -1.3 3 0.3
v -1.3 3.1 0.3
v -0.8 2.8 0.3
v -0.8 2.9 0.3
v -0.7 2.8 0.3
v -0.7 2.9 0.3
v -0.7 3.1 0.3
v -0.7 3.2 0.3
v -0.6 2.9 0.3
v -0.6 3.1 0.3
v -0.6 3.2 0.3
v -0.6 3.3 0.3
v -0.5 2.9 0.3
v -0.5 3.1 0.3
v -0.5 3.2 0.3
v -0.5 3.3 0.3
v 0.5 2.9 0.3
v 0.5 3.1 0.3
v 0.5 3.2 0.3
v 0.5 3.3 0.3
v 0.6 2.9 0.3
v 0.6 3.1 0.3
v 0.6 3.2 0.3
v 0.6 3.3 0.3
v 0.7 2.8 0.3
v 0.7 2.9 0.3
v 0.7 3.1 0.3
v 0.7 3.2 0.3
v 0.8 2.8 0.3
v 0.8 2.9 0.3
v 1.3 3 0.3
v 1.3 3.1 0.3
v 1.4 2.7 0.3
v 1.4 2.8 0.3
v 1.4 3 0.3
v 1.4 3.1 0.3
v 1.5 2.7 0.3
v 1.5 2.8 0.3
v 1.7 1.9 0.3
v 1.7 2 0.3
v 1.7 2.4 0.3
v 1.7 2.5 0.3
v 1.8 1.9 0.3
v 1.8 2 0.3
v 1.8 2.1 0.3
v 1.8 2.3 0.3
v 1.8 2.4 0.3
v 1.8 2.5 0.3
v 1.9 2.1 0.3
v 1.9 2.3 0.3
v -1.6 2.7 0.2
v -1.6 2.8 0.2
v -1.5 2.7 0.2
v -1.5 2.8 0.2
v 1.5 2.7 0.2
v 1.5 2.8 0.2
v 1.6 2.7 0.2
v 1.6 2.8 0.2
v -1.9 2 0.1
v -1.9 2.1 0.1
v -1.9 2.3 0.1
v -1.9 2.4 0.1
v -1.8 2 0.1
v -1.8 2.1 0.1
v -1.8 2.3 0.1
v -1.8 2.4 0.1
v 1.8 2 0.1
v 1.8 2.1 0.1
v 1.8 2.3 0.1
v 1.8 2.4 0.1
v 1.9 2 0.1
v 1.9 2.1 0.1
v 1.9 2.3 0.1
v 1.9 2.4 0.1
v -1.9 2.1 -0.0999999
v -1.9 2.3 -0.0999999
v -1.8 2.1 -0.0999999
v -1.8 2.3 -0.0999999
v -0.7 1.7 -0.0999999
v -0.7 1.8 -0.0999999
v -0.6 1.7 -0.0999999
v -0.6 1.8 -0.0999999
v 0.6 1.7 -0.0999999
v 0.6 1.8 -0.0999999
v 0.7 1.7 -0.0999999
v 0.7 1.8 -0.0999999
v 1.8 2.1 -0.0999999
v 1.8 2.3 -0.0999999
v 1.9 2.1 -0.0999999
v 1.9 2.3 -0.0999999
v -0.6 1.7 -0.2
v -0.6 1.8 -0.2
v -0.5 1.7 -0.2
v -0.5 1.8 -0.2
v 0.5 1.7 -0.2
v 0.5 1.8 -0.2
v 0.6 1.7 -0.2
v 0.6 1.8 -0.2
v -1.7 2.5 -0.3
v -1.7 2.6 -0.3
v -1.6 2.5 -0.3
v -1.6 2.6 -0.3
v -1.4 2.8 -0.3
v -1.4 3 -0.3
v -1.3 2.8 -0.3
v -1.3 3 -0.3
v -0.8 1.5 -0.3
v -0.8 1.7 -0.3
v -0.7 1.5 -0.3
v -0.7 1.7 -0.3
v -0.5 1.7 -0.3
v -0.5 1.8 -0.3
v -0.4 1.7 -0.3
v -0.4 1.8 -0.3
v 0.4 1.7 -0.3
v 0.4 1.8 -0.3
v 0.5 1.7 -0.3
v 0.5 1.8 -0.3
v 0.7 1.5 -0.3
v 0.7 1.7 -0.3
v 0.8 1.5 -0.3
v 0.8 1.7 -0.3
v 1.3 2.8 -0.3
v 1.3 3 -0.3
v 1.4 2.8 -0.3
v 1.4 3 -0.3
v 1.6 2.5 -0.3
v 1.6 2.6 -0.3
v 1.7 2.5 -0.3
v 1.7 2.6 -0.3
v -1.3 2.8 -0.4
v -1.3 2.9 -0.4
v -1.2 2.8 -0.4
v -1.2 2.9 -0.4
v -0.7 1.5 -0.4
v -0.7 1.7 -0.4
v -0.6 1.5 -0.4
v -0.6 1.6 -0.4
v -0.5 1.6 -0.4
v -0.5 1.7 -0.4
v -0.4 1.7 -0.4
v -0.4 1.8 -0.4
v -0.3 1.7 -0.4
v -0.3 1.8 -0.4
v 0.3 1.7 -0.4
v 0.3 1.8 -0.4
v 0.4 1.7 -0.4
v 0.4 1.8 -0.4
v 0.5 1.6 -0.4
v 0.5 1.7 -0.4
v 0.6 1.5 -0.4
v 0.6 1.6 -0.4
v 0.7 1.5 -0.4
v 0.7 1.7 -0.4
v 1.2 2.8 -0.4
v 1.2 2.9 -0.4
v 1.3 2.8 -0.4
v 1.3 2.9 -0.4
v -1.2 2.8 -0.5
v -1.2 2.9 -0.5
v -1.1 2.8 -0.5
v -1.1 2.9 -0.5
v -0.6 1.5 -0.5
v -0.6 1.6 -0.5
v -0.5 1.5 -0.5
v -0.5 1.6 -0.5
v -0.3 1.7 -0.5
v -0.3 1.8 -0.5
v -0.2 1.7 -0.5
v -0.2 1.8 -0.5
v 0.2 1.7 -0.5
v 0.2 1.8 -0.5
v 0.3 1.7 -0.5
v 0.3 1.8 -0.5
v 0.5 1.5 -0.5
v 0.5 1.6 -0.5
v 0.6 1.5 -0.5
v 0.6 1.6 -0.5
v 1.1 2.8 -0.5
v 1.1 2.9 -0.5
v 1.2 2.8 -0.5
v 1.2 2.9 -0.5
v -1.1 2.8 -0.6
v -1.1 2.9 -0.6
v -1 2.8 -0.6
v -1 2.9 -0.6
v -0.5 1.5 -0.6
v -0.5 1.7 -0.6
v -0.4 1.5 -0.6
v -0.4 1.6 -0.6
v -0.3 1.6 -0.6
v -0.3 1.7 -0.6
v -0.2 1.7 -0.6
v -0.2 1.8 -0.6
v 0.2 1.7 -0.6
v 0.2 1.8 -0.6
v 0.3 1.6 -0.6
v 0.3 1.7 -0.6
v 0.4 1.5 -0.6
v 0.4 1.6 -0.6
v 0.5 1.5 -0.6
v 0.5 1.7 -0.6
v 1 2.8 -0.6
v 1 2.9 -0.6
v 1.1 2.8 -0.6
v 1.1 2.9 -0.6
v -1 2.8 -0.7
v -1 2.9 -0.7
v -0.9 2.8 -0.7
v -0.9 2.9 -0.7
v -0.4 1.5 -0.7
v -0.4 1.6 -0.7
v -0.3 1.6 -0.7
v -0.3 1.7 -0.7
v 0.3 1.6 -0.7
v 0.3 1.7 -0.7
v 0.4 1.5 -0.7
v 0.4 1.6 -0.7
v 0.9 2.8 -0.7
v 0.9 2.9 -0.7
v 1 2.8 -0.7
v 1 2.9 -0.7
v -0.9 2.8 -0.8
v -0.9 2.9 -0.8
v -0.8 2.8 -0.8
v -0.8 2.9 -0.8
v 0.8 2.8 -0.8
v 0.8 2.9 -0.8
v 0.9 2.8 -0.8
v 0.9 2.9 -0.8
v -0.8 2.8 -0.9
v -0.8 2.9 -0.9
v -0.7 2.8 -0.9
v -0.7 2.9 -0.9
v 0.7 2.8 -0.9
v 0.7 2.9 -0.9
v 0.8 2.8 -0.9
v 0.8 2.9 -0.9
v -0.7 2.8 -1
v -0.7 2.9 -1
v -0.5 2.8 -1
v -0.5 2.9 -1
v 0.5 2.8 -1
v 0.5 2.9 -1
v 0.7 2.8 -1
v 0.7 2.9 -1
v -0.5 2.8 -1.2
v -0.5 2.9 -1.2
v -0.4 2.8 -1.2
v -0.4 2.9 -1.2
v 0.4 2.8 -1.2
v 0.4 2.9 -1.2
v 0.5 2.8 -1.2
v 0.5 2.9 -1.2
v -0.9 2.1 -1.3
v -0.9 2.3 -1.3
v -0.8 2.1 -1.3
v -0.8 2.3 -1.3
v 0.8 2.1 -1.3
v 0.8 2.3 -1.3
v 0.9 2.1 -1.3
v 0.9 2.3 -1.3
v -0.9 2.1 1.3
v -0.9 2.3 1.3
v -0.8 2.1 1.3
v -0.8 2.3 1.3
v 0.8 2.1 1.3
v 0.8 2.3 1.3
v 0.9 2.1 1.3
v 0.9 2.3 1.3
v -0.5 2.8 1.2
v -0.5 2.9 1.2
v -0.4 2.8 1.2
v -0.4 2.9 1.2
v 0.4 2.8 1.2
v 0.4 2.9 1.2
v 0.5 2.8 1.2
v 0.5 2.9 1.2
v -0.7 2.8 1
v -0.7 2.9 1
v -0.5 2.8 1
v -0.5 2.9 1
v 0.5 2.8 1
v 0.5 2.9 1
v 0.7 2.8 1
v 0.7 2.9 1
v -0.8 2.8 0.9
v -0.8 2.9 0.9
v -0.7 2.8 0.9
v -0.7 2.9 0.9
v 0.7 2.8 0.9
v 0.7 2.9 0.9
v 0.8 2.8 0.9
v 0.8 2.9 0.9
v -0.9 2.8 0.8
v -0.9 2.9 0.8
v -0.8 2.8 0.8
v -0.8 2.9 0.8
v 0.8 2.8 0.8
v 0.8 2.9 0.8
v 0.9 2.8 0.8
v 0.9 2.9 0.8
v -1 2.8 0.7
v -1 2.9 0.7
v -0.9 2.8 0.7
v -0.9 2.9 0.7
v -0.4 1.5 0.7
v -0.4 1.6 0.7
v -0.3 1.6 0.7
v -0.3 1.7 0.7
v 0.3 1.6 0.7
v 0.3 1.7 0.7
v 0.4 1.5 0.7
v 0.4 1.6 0.7
v 0.9 2.8 0.7
v 0.9 2.9 0.7
v 1 2.8 0.7
v 1 2.9 0.7
v -1.1 2.8 0.6
v -1.1 2.9 0.6
v -1 2.8 0.6
v -1 2.9 0.6
v -0.5 1.5 0.6
v -0.5 1.7 0.6
v -0.4 1.5 0.6
v -0.4 1.6 0.6
v -0.3 1.6 0.6
v -0.3 1.7 0.6
v -0.2 1.7 0.6
v -0.2 1.8 0.6
v 0.2 1.7 0.6
v 0.2 1.8 0.6
v 0.3 1.6 0.6
v 0.3 1.7 0.6
v 0.4 1.5 0.6
v 0.4 1.6 0.6
v 0.5 1.5 0.6
v 0.5 1.7 0.6
v 1 2.8 0.6
v 1 2.9 0.6
v 1.1 2.8 0.6
v 1.1 2.9 0.6
v -1.2 2.8 0.5
v -1.2 2.9 0.5
v -1.1 2.8 0.5
v -1.1 2.9 0.5
v -0.6 1.5 0.5
v -0.6 1.6 0.5
v -0.5 1.5 0.5
v -0.5 1.6 0.5
v -0.3 1.7 0.5
v -0.3 1.8 0.5
v -0.2 1.7 0.5
v -0.2 1.8 0.5
v 0.2 1.7 0.5
v 0.2 1.8 0.5
v 0.3 1.7 0.5
v 0.3 1.8 0.5
v 0.5 1.5 0.5
v 0.5 1.6 0.5
v 0.6 1.5 0.5
v 0.6 1.6 0.5
v 1.1 2.8 0.5
v 1.1 2.9 0.5
v 1.2 2.8 0.5
v 1.2 2.9 0.5
v -1.3 2.8 0.4
v -1.3 2.9 0.4
v -1.2 2.8 0.4
v -1.2 2.9 0.4
v -0.7 1.5 0.4
v -0.7 1.7 0.4
v -0.6 1.5 0.4
v -0.6 1.6 0.4
v -0.5 1.6 0.4
v -0.5 1.7 0.4
v -0.4 1.7 0.4
v -0.4 1.8 0.4
v -0.3 1.7 0.4
v -0.3 1.8 0.4
v 0.3 1.7 0.4
v 0.3 1.8 0.4
v 0.4 1.7 0.4
v 0.4 1.8 0.4
v 0.5 1.6 0.4
v 0.5 1.7 0.4
v 0.6 1.5 0.4
v 0.6 1.6 0.4
v 0.7 1.5 0.4
v 0.7 1.7 0.4
v 1.2 2.8 0.4
v 1.2 2.9 0.4
v 1.3 2.8 0.4
v 1.3 2.9 0.4
v -1.7 2.5 0.3
v -1.7 2.6 0.3
v -1.6 2.5 0.3
v -1.6 2.6 0.3
v -1.4 2.8 0.3
v -1.4 3 0.3
v -1.3 2.8 0.3
v -1.3 3 0.3
v -0.8 1.5 0.3
v -0.8 1.7 0.3
v -0.7 1.5 0.3
v -0.7 1.7 0.3
v -0.5 1.7 0.3
v -0.5 1.8 0.3
v -0.4 1.7 0.3
v -0.4 1.8 0.3
v 0.4 1.7 0.3
v 0.4 1.8 0.3
v 0.5 1.7 0.3
v 0.5 1.8 0.3
v 0.7 1.5 0.3
v 0.7 1.7 0.3
v 0.8 1.5 0.3
v 0.8 1.7 0.3
v 1.3 2.8 0.3
v 1.3 3 0.3
v 1.4 2.8 0.3
v 1.4 3 0.3
v 1.6 2.5 0.3
v 1.6 2.6 0.3
v 1.7 2.5 0.3
v 1.7 2.6 0.3
v -0.6 1.7 0.2
v -0.6 1.8 0.2
v -0.5 1.7 0.2
v -0.5 1.8 0.2
v 0.5 1.7 0.2
v 0.5 1.8 0.2
v 0.6 1.7 0.2
v 0.6 1.8 0.2
v -1.9 2.1 0.1
v -1.9 2.3 0.1
v -1.8 2.1 0.1
v -1.8 2.3 0.1
v -0.7 1.7 0.1
v -0.7 1.8 0.1
v -0.6 1.7 0.1
v -0.6 1.8 0.1
v 0.6 1.7 0.1
v 0.6 1.8 0.1
v 0.7 1.7 0.1
v 0.7 1.8 0.1
v 1.8 2.1 0.1
v 1.8 2.3 0.1
v 1.9 2.1 0.1
v 1.9 2.3 0.1
v -1.9 2 -0.0999999
v -1.9 2.1 -0.0999999
v -1.9 2.3 -0.0999999
v -1.9 2.4 -0.0999999
v -1.8 2 -0.0999999
v -1.8 2.1 -0.0999999
v -1.8 2.3 -0.0999999
v -1.8 2.4 -0.0999999
v 1.8 2 -0.0999999
v 1.8 2.1 -0.0999999
v 1.8 2.3 -0.0999999
v 1.8 2.4 -0.0999999
v 1.9 2 -0.0999999
v 1.9 2.1 -0.0999999
v 1.9 2.3 -0.0999999
v 1.9 2.4 -0.0999999
v -1.6 2.7 -0.2
v -1.6 2.8 -0.2
v -1.5 2.7 -0.2
v -1.5 2.8 -0.2
v 1.5 2.7 -0.2
v 1.5 2.8 -0.2
v 1.6 2.7 -0.2
v 1.6 2.8 -0.2
v -1.9 2.1 -0.3
v -1.9 2.3 -0.3
v -1.8 1.9 -0.3
v -1.8 2 -0.3
v -1.8 2.1 -0.3
v -1.8 2.3 -0.3
v -1.8 2.4 -0.3
v -1.8 2.5 -0.3
v -1.7 1.9 -0.3
v -1.7 2 -0.3
v -1.7 2.4 -0.3
v -1.7 2.5 -0.3
v -1.5 2.7 -0.3
v -1.5 2.8 -0.3
v -1.4 2.7 -0.3
v -1.4 2.8 -0.3
v -1.4 3 -0.3
v -1.4 3.1 -0.3
v -1.3 3 -0.3
v -1.3 3.1 -0.3
v -0.8 2.8 -0.3
v -0.8 2.9 -0.3
v -0.7 2.8 -0.3
v -0.7 2.9 -0.3
v -0.7 3.1 -0.3
v -0.7 3.2 -0.3
v -0.6 2.9 -0.3
v -0.6 3.1 -0.3
v -0.6 3.2 -0.3
v -0.6 3.3 -0.3
v -0.5 2.9 -0.3
v -0.5 3.1 -0.3
v -0.5 3.2 -0.3
v -0.5 3.3 -0.3
v 0.5 2.9 -0.3
v 0.5 3.1 -0.3
v 0.5 3.2 -0.3
v 0.5 3.3 -0.3
v 0.6 2.9 -0.3
v 0.6 3.1 -0.3
v 0.6 3.2 -0.3
v 0.6 3.3 -0.3
v 0.7 2.8 -0.3
v 0.7 2.9 -0.3
v 0.7 3.1 -0.3
v 0.7 3.2 -0.3
v 0.8 2.8 -0.3
v 0.8 2.9 -0.3
v 1.3 3 -0.3
v 1.3 3.1 -0.3
v 1.4 2.7 -0.3
v 1.4 2.8 -0.3
v 1.4 3 -0.3
v 1.4 3.1 -0.3
v 1.5 2.7 -0.3
v 1.5 2.8 -0.3
v 1.7 1.9 -0.3
v 1.7 2 -0.3
v 1.7 2.4 -0.3
v 1.7 2.5 -0.3
v 1.8 1.9 -0.3
v 1.8 2 -0.3
v 1.8 2.1 -0.3
v 1.8 2.3 -0.3
v 1.8 2.4 -0.3
v 1.8 2.5 -0.3
v 1.9 2.1 -0.3
v 1.9 2.3 -0.3
v -1.7 2.5 -0.4
v -1.7 2.6 -0.4
v -1.6 1.7 -0.4
v -1.6 1.8 -0.4
v -1.6 1.9 -0.4
v -1.6 2.5 -0.4
v -1.6 2.6 -0.4
v -1.5 1.7 -0.4
v -1.5 1.8 -0.4
v -1.5 1.9 -0.4
v -1.5 2.5 -0.4
v -1.5 2.6 -0.4
v -1.4 2.7 -0.4
v -1.4 2.8 -0.4
v -1.4 3 -0.4
v -1.3 1.6 -0.4
v -1.3 1.7 -0.4
v -1.3 2.7 -0.4
v -1.3 2.8 -0.4
v -1.3 2.9 -0.4
v -1.3 3 -0.4
v -1.2 1.6 -0.4
v -1.2 1.7 -0.4
v -0.9 1.5 -0.4
v -0.9 1.6 -0.4
v -0.8 1.5 -0.4
v -0.8 1.6 -0.4
v -0.7 2.8 -0.4
v -0.7 2.9 -0.4
v -0.6 2.8 -0.4
v -0.6 2.9 -0.4
v -0.6 3.1 -0.4
v -0.6 3.2 -0.4
v -0.5 2.9 -0.4
v -0.5 3.1 -0.4
v -0.5 3.2 -0.4
v -0.5 3.3 -0.4
v -0.4 2.9 -0.4
v -0.4 3.1 -0.4
v -0.4 3.2 -0.4
v 0.4 2.9 -0.4
v 0.4 3.1 -0.4
v 0.4 3.2 -0.4
v 0.5 2.9 -0.4
v 0.5 3.1 -0.4
v 0.5 3.2 -0.4
v 0.5 3.3 -0.4
v 0.6 2.8 -0.4
v 0.6 2.9 -0.4
v 0.6 3.1 -0.4
v 0.6 3.2 -0.4
v 0.7 2.8 -0.4
v 0.7 2.9 -0.4
v 0.8 1.5 -0.4
v 0.8 1.6 -0.4
v 0.9 1.5 -0.4
v 0.9 1.6 -0.4
v 1.2 1.6 -0.4
v 1.2 1.7 -0.4
v 1.3 1.6 -0.4
v 1.3 1.7 -0.4
v 1.3 2.7 -0.4
v 1.3 2.8 -0.4
v 1.3 2.9 -0.4
v 1.3 3 -0.4
v 1.4 2.7 -0.4
v 1.4 2.8 -0.4
v 1.4 3 -0.4
v 1.5 1.7 -0.4
v 1.5 1.8 -0.4
v 1.5 1.9 -0.4
v 1.5 2.5 -0.4
v 1.5 2.6 -0.4
v 1.6 1.7 -0.4
v 1.6 1.8 -0.4
v 1.6 1.9 -0.4
v 1.6 2.5 -0.4
v 1.6 2.6 -0.4
v 1.7 2.5 -0.4
v 1.7 2.6 -0.4
v -1.7 2.6 -0.5
v -1.7 2.7 -0.5
v -1.5 2.6 -0.5
v -1.5 2.7 -0.5
v -0.8 1.5 -0.5
v -0.8 1.6 -0.5
v -0.6 1.5 -0.5
v -0.6 1.6 -0.5
v -0.6 2.8 -0.5
v -0.6 2.9 -0.5
v -0.5 2.8 -0.5
v -0.5 2.9 -0.5
v -0.5 3.1 -0.5
v -0.5 3.2 -0.5
v -0.4 2.9 -0.5
v -0.4 3.1 -0.5
v -0.4 3.2 -0.5
v 0.4 2.9 -0.5
v 0.4 3.1 -0.5
v 0.4 3.2 -0.5
v 0.5 2.8 -0.5
v 0.5 2.9 -0.5
v 0.5 3.1 -0.5
v 0.5 3.2 -0.5
v 0.6 1.5 -0.5
v 0.6 1.6 -0.5
v 0.6 2.8 -0.5
v 0.6 2.9 -0.5
v 0.8 1.5 -0.5
v 0.8 1.6 -0.5
v 1.5 2.6 -0.5
v 1.5 2.7 -0.5
v 1.7 2.6 -0.5
v 1.7 2.7 -0.5
v -1.8 2 -0.6
v -1.8 2.1 -0.6
v -1.8 2.3 -0.6
v -1.8 2.4 -0.6
v -1.7 1.9 -0.6
v -1.7 2 -0.6
v -1.7 2.1 -0.6
v -1.7 2.3 -0.6
v -1.7 2.4 -0.6
v -1.7 2.5 -0.6
v -1.6 1.9 -0.6
v -1.6 2 -0.6
v -1.6 2.4 -0.6
v -1.6 2.5 -0.6
v -1.5 1.7 -0.6
v -1.5 1.8 -0.6
v -1.5 1.9 -0.6
v -1.5 2.5 -0.6
v -1.5 2.6 -0.6
v -1.4 1.7 -0.6
v -1.4 1.8 -0.6
v -1.4 1.9 -0.6
v -1.4 2.5 -0.6
v -1.4 2.6 -0.6
v -1.3 2.7 -0.6
v -1.3 2.8 -0.6
v -1.3 2.9 -0.6
v -1.2 1.6 -0.6
v -1.2 1.7 -0.6
v -1.2 2.7 -0.6
v -1.2 2.8 -0.6
v -1.2 2.9 -0.6
v -1.1 1.6 -0.6
v -1.1 1.7 -0.6
v -0.5 2.8 -0.6
v -0.5 2.9 -0.6
v -0.4 2.8 -0.6
v -0.4 2.9 -0.6
v -0.4 3.1 -0.6
v -0.4 3.2 -0.6
v 0.4 2.8 -0.6
v 0.4 2.9 -0.6
v 0.4 3.1 -0.6
v 0.4 3.2 -0.6
v 0.5 2.8 -0.6
v 0.5 2.9 -0.6
v 1.1 1.6 -0.6
v 1.1 1.7 -0.6
v 1.2 1.6 -0.6
v 1.2 1.7 -0.6
v 1.2 2.7 -0.6
v 1.2 2.8 -0.6
v 1.2 2.9 -0.6
v 1.3 2.7 -0.6
v 1.3 2.8 -0.6
v 1.3 2.9 -0.6
v 1.4 1.7 -0.6
v 1.4 1.8 -0.6
v 1.4 1.9 -0.6
v 1.4 2.5 -0.6
v 1.4 2.6 -0.6
v 1.5 1.7 -0.6
v 1.5 1.8 -0.6
v 1.5 1.9 -0.6
v 1.5 2.5 -0.6
v 1.5 2.6 -0.6
v 1.6 1.9 -0.6
v 1.6 2 -0.6
v 1.6 2.4 -0.6
v 1.6 2.5 -0.6
v 1.7 1.9 -0.6
v 1.7 2 -0.6
v 1.7 2.1 -0.6
v 1.7 2.3 -0.6
v 1.7 2.4 -0.6
v 1.7 2.5 -0.6
v 1.8 2 -0.6
v 1.8 2.1 -0.6
v 1.8 2.3 -0.6
v 1.8 2.4 -0.6
v -1.8 2.1 -0.7
v -1.8 2.3 -0.7
v -1.7 2.1 -0.7
v -1.7 2.3 -0.7
v -1.5 2.6 -0.7
v -1.5 2.7 -0.7
v -1.4 2.6 -0.7
v -1.4 2.7 -0.7
v -1.2 2.7 -0.7
v -1.2 2.8 -0.7
v -1.2 2.9 -0.7
v -1.1 1.6 -0.7
v -1.1 1.7 -0.7
v -1.1 2.7 -0.7
v -1.1 2.8 -0.7
v -1.1 2.9 -0.7
v -1 1.6 -0.7
v -1 1.7 -0.7
v -0.6 1.5 -0.7
v -0.6 1.6 -0.7
v -0.4 1.5 -0.7
v -0.4 1.6 -0.7
v -0.4 2.8 -0.7
v -0.4 2.9 -0.7
v 0.4 1.5 -0.7
v 0.4 1.6 -0.7
v 0.4 2.8 -0.7
v 0.4 2.9 -0.7
v 0.6 1.5 -0.7
v 0.6 1.6 -0.7
v 1 1.6 -0.7
v 1 1.7 -0.7
v 1.1 1.6 -0.7
v 1.1 1.7 -0.7
v 1.1 2.7 -0.7
v 1.1 2.8 -0.7
v 1.1 2.9 -0.7
v 1.2 2.7 -0.7
v 1.2 2.8 -0.7
v 1.2 2.9 -0.7
v 1.4 2.6 -0.7
v 1.4 2.7 -0.7
v 1.5 2.6 -0.7
v 1.5 2.7 -0.7
v 1.7 2.1 -0.7
v 1.7 2.3 -0.7
v 1.8 2.1 -0.7
v 1.8 2.3 -0.7
v -1.7 2 -0.8
v -1.7 2.1 -0.8
v -1.7 2.3 -0.8
v -1.7 2.4 -0.8
v -1.6 1.9 -0.8
v -1.6 2 -0.8
v -1.6 2.1 -0.8
v -1.6 2.3 -0.8
v -1.6 2.4 -0.8
v -1.6 2.5 -0.8
v -1.5 1.9 -0.8
v -1.5 2 -0.8
v -1.5 2.4 -0.8
v -1.5 2.5 -0.8
v -1.4 1.7 -0.8
v -1.4 1.8 -0.8
v -1.4 1.9 -0.8
v -1.4 2.5 -0.8
v -1.4 2.6 -0.8
v -1.3 1.7 -0.8
v -1.3 1.8 -0.8
v -1.3 1.9 -0.8
v -1.3 2.5 -0.8
v -1.3 2.6 -0.8
v -1.1 2.7 -0.8
v -1.1 2.8 -0.8
v -1.1 2.9 -0.8
v -1 1.6 -0.8
v -1 1.7 -0.8
v -1 2.7 -0.8
v -1 2.8 -0.8
v -1 2.9 -0.8
v -0.9 1.6 -0.8
v -0.9 1.7 -0.8
v -0.4 1.5 -0.8
v -0.4 1.6 -0.8
v 0.4 1.5 -0.8
v 0.4 1.6 -0.8
v 0.9 1.6 -0.8
v 0.9 1.7 -0.8
v 1 1.6 -0.8
v 1 1.7 -0.8
v 1 2.7 -0.8
v 1 2.8 -0.8
v 1 2.9 -0.8
v 1.1 2.7 -0.8
v 1.1 2.8 -0.8
v 1.1 2.9 -0.8
v 1.3 1.7 -0.8
v 1.3 1.8 -0.8
v 1.3 1.9 -0.8
v 1.3 2.5 -0.8
v 1.3 2.6 -0.8
v 1.4 1.7 -0.8
v 1.4 1.8 -0.8
v 1.4 1.9 -0.8
v 1.4 2.5 -0.8
v 1.4 2.6 -0.8
v 1.5 1.9 -0.8
v 1.5 2 -0.8
v 1.5 2.4 -0.8
v 1.5 2.5 -0.8
v 1.6 1.9 -0.8
v 1.6 2 -0.8
v 1.6 2.1 -0.8
v 1.6 2.3 -0.8
v 1.6 2.4 -0.8
v 1.6 2.5 -0.8
v 1.7 2 -0.8
v 1.7 2.1 -0.8
v 1.7 2.3 -0.8
v 1.7 2.4 -0.8
v -1.7 2.1 -0.9
v -1.7 2.3 -0.9
v -1.6 2 -0.9
v -1.6 2.1 -0.9
v -1.6 2.3 -0.9
v -1.6 2.4 -0.9
v -1.5 1.9 -0.9
v -1.5 2 -0.9
v -1.5 2.1 -0.9
v -1.5 2.3 -0.9
v -1.5 2.4 -0.9
v -1.5 2.5 -0.9
v -1.4 1.9 -0.9
v -1.4 2 -0.9
v -1.4 2.4 -0.9
v -1.4 2.5 -0.9
v -1.4 2.6 -0.9
v -1.4 2.7 -0.9
v -1.3 1.7 -0.9
v -1.3 1.8 -0.9
v -1.3 1.9 -0.9
v -1.3 2.5 -0.9
v -1.3 2.6 -0.9
v -1.3 2.7 -0.9
v -1.2 1.7 -0.9
v -1.2 1.8 -0.9
v -1.2 1.9 -0.9
v -1.2 2.5 -0.9
v -1.2 2.6 -0.9
v -1 2.7 -0.9
v -1 2.8 -0.9
v -1 2.9 -0.9
v -0.9 1.6 -0.9
v -0.9 1.7 -0.9
v -0.9 2.7 -0.9
v -0.9 2.8 -0.9
v -0.9 2.9 -0.9
v -0.8 1.6 -0.9
v -0.8 1.7 -0.9
v 0.8 1.6 -0.9
v 0.8 1.7 -0.9
v 0.9 1.6 -0.9
v 0.9 1.7 -0.9
v 0.9 2.7 -0.9
v 0.9 2.8 -0.9
v 0.9 2.9 -0.9
v 1 2.7 -0.9
v 1 2.8 -0.9
v 1 2.9 -0.9
v 1.2 1.7 -0.9
v 1.2 1.8 -0.9
v 1.2 1.9 -0.9
v 1.2 2.5 -0.9
v 1.2 2.6 -0.9
v 1.3 1.7 -0.9
v 1.3 1.8 -0.9
v 1.3 1.9 -0.9
v 1.3 2.5 -0.9
v 1.3 2.6 -0.9
v 1.3 2.7 -0.9
v 1.4 1.9 -0.9
v 1.4 2 -0.9
v 1.4 2.4 -0.9
v 1.4 2.5 -0.9
v 1.4 2.6 -0.9
v 1.4 2.7 -0.9
v 1.5 1.9 -0.9
v 1.5 2 -0.9
v 1.5 2.1 -0.9
v 1.5 2.3 -0.9
v 1.5 2.4 -0.9
v 1.5 2.5 -0.9
v 1.6 2 -0.9
v 1.6 2.1 -0.9
v 1.6 2.3 -0.9
v 1.6 2.4 -0.9
v 1.7 2.1 -0.9
v 1.7 2.3 -0.9
v -1.6 2.1 -1
v -1.6 2.3 -1
v -1.5 2.1 -1
v -1.5 2.3 -1
v -1.4 1.9 -1
v -1.4 2 -1
v -1.4 2.4 -1
v -1.4 2.5 -1
v -1.3 1.9 -1
v -1.3 2 -1
v -1.3 2.4 -1
v -1.3 2.5 -1
v -1.3 2.6 -1
v -1.3 2.7 -1
v -1.2 1.7 -1
v -1.2 1.8 -1
v -1.2 1.9 -1
v -1.2 2.5 -1
v -1.2 2.6 -1
v -1.2 2.7 -1
v -1.1 1.7 -1
v -1.1 1.8 -1
v -1.1 1.9 -1
v -1.1 2.5 -1
v -1.1 2.6 -1
v -0.9 2.7 -1
v -0.9 2.8 -1
v -0.9 2.9 -1
v -0.8 1.6 -1
v -0.8 1.7 -1
v -0.8 2.7 -1
v -0.8 2.8 -1
v -0.8 2.9 -1
v -0.7 1.6 -1
v -0.7 1.7 -1
v -0.6 1.6 -1
v -0.6 1.7 -1
v 0.6 1.6 -1
v 0.6 1.7 -1
v 0.7 1.6 -1
v 0.7 1.7 -1
v 0.8 1.6 -1
v 0.8 1.7 -1
v 0.8 2.7 -1
v 0.8 2.8 -1
v 0.8 2.9 -1
v 0.9 2.7 -1
v 0.9 2.8 -1
v 0.9 2.9 -1
v 1.1 1.7 -1
v 1.1 1.8 -1
v 1.1 1.9 -1
v 1.1 2.5 -1
v 1.1 2.6 -1
v 1.2 1.7 -1
v 1.2 1.8 -1
v 1.2 1.9 -1
v 1.2 2.5 -1
v 1.2 2.6 -1
v 1.2 2.7 -1
v 1.3 1.9 -1
v 1.3 2 -1
v 1.3 2.4 -1
v 1.3 2.5 -1
v 1.3 2.6 -1
v 1.3 2.7 -1
v 1.4 1.9 -1
v 1.4 2 -1
v 1.4 2.4 -1
v 1.4 2.5 -1
v 1.5 2.1 -1
v 1.5 2.3 -1
v 1.6 2.1 -1
v 1.6 2.3 -1
v -1.5 2 -1.1
v -1.5 2.1 -1.1
v -1.5 2.3 -1.1
v -1.5 2.4 -1.1
v -1.4 2 -1.1
v -1.4 2.1 -1.1
v -1.4 2.3 -1.1
v -1.4 2.4 -1.1
v -1.3 1.9 -1.1
v -1.3 2 -1.1
v -1.3 2.4 -1.1
v -1.3 2.5 -1.1
v -1.2 1.9 -1.1
v -1.2 2 -1.1
v -1.2 2.4 -1.1
v -1.2 2.5 -1.1
v -1.2 2.6 -1.1
v -1.2 2.7 -1.1
v -1.1 1.7 -1.1
v -1.1 1.8 -1.1
v -1.1 1.9 -1.1
v -1.1 2.5 -1.1
v -1.1 2.6 -1.1
v -1.1 2.7 -1.1
v -1 1.7 -1.1
v -1 1.8 -1.1
v -1 1.9 -1.1
v -1 2.5 -1.1
v -1 2.6 -1.1
v -0.8 2.7 -1.1
v -0.8 2.8 -1.1
v -0.8 2.9 -1.1
v -0.6 1.6 -1.1
v -0.6 1.7 -1.1
v -0.6 2.7 -1.1
v -0.6 2.8 -1.1
v -0.6 2.9 -1.1
v -0.3 1.6 -1.1
v -0.3 1.7 -1.1
v 0.3 1.6 -1.1
v 0.3 1.7 -1.1
v 0.6 1.6 -1.1
v 0.6 1.7 -1.1
v 0.6 2.7 -1.1
v 0.6 2.8 -1.1
v 0.6 2.9 -1.1
v 0.8 2.7 -1.1
v 0.8 2.8 -1.1
v 0.8 2.9 -1.1
v 1 1.7 -1.1
v 1 1.8 -1.1
v 1 1.9 -1.1
v 1 2.5 -1.1
v 1 2.6 -1.1
v 1.1 1.7 -1.1
v 1.1 1.8 -1.1
v 1.1 1.9 -1.1
v 1.1 2.5 -1.1
v 1.1 2.6 -1.1
v 1.1 2.7 -1.1
v 1.2 1.9 -1.1
v 1.2 2 -1.1
v 1.2 2.4 -1.1
v 1.2 2.5 -1.1
v 1.2 2.6 -1.1
v 1.2 2.7 -1.1
v 1.3 1.9 -1.1
v 1.3 2 -1.1
v 1.3 2.4 -1.1
v 1.3 2.5 -1.1
v 1.4 2 -1.1
v 1.4 2.1 -1.1
v 1.4 2.3 -1.1
v 1.4 2.4 -1.1
v 1.5 2 -1.1
v 1.5 2.1 -1.1
v 1.5 2.3 -1.1
v 1.5 2.4 -1.1
v -1.4 2 -1.2
v -1.4 2.1 -1.2
v -1.4 2.3 -1.2
v -1.4 2.4 -1.2
v -1.3 2 -1.2
v -1.3 2.1 -1.2
v -1.3 2.3 -1.2
v -1.3 2.4 -1.2
v -1.2 1.9 -1.2
v -1.2 2 -1.2
v -1.2 2.4 -1.2
v -1.2 2.5 -1.2
v -1.1 1.9 -1.2
v -1.1 2 -1.2
v -1.1 2.4 -1.2
v -1.1 2.5 -1.2
v -1.1 2.6 -1.2
v -1.1 2.7 -1.2
v -1 1.7 -1.2
v -1 1.8 -1.2
v -1 1.9 -1.2
v -1 2.5 -1.2
v -1 2.6 -1.2
v -1 2.7 -1.2
v -0.9 1.7 -1.2
v -0.9 1.8 -1.2
v -0.9 2.1 -1.2
v -0.9 2.3 -1.2
v -0.8 1.7 -1.2
v -0.8 1.8 -1.2
v -0.8 1.9 -1.2
v -0.8 2.1 -1.2
v -0.8 2.3 -1.2
v -0.8 2.5 -1.2
v -0.8 2.6 -1.2
v -0.3 1.6 -1.2
v -0.3 1.7 -1.2
v 0.3 1.6 -1.2
v 0.3 1.7 -1.2
v 0.8 1.7 -1.2
v 0.8 1.8 -1.2
v 0.8 1.9 -1.2
v 0.8 2.1 -1.2
v 0.8 2.3 -1.2
v 0.8 2.5 -1.2
v 0.8 2.6 -1.2
v 0.9 1.7 -1.2
v 0.9 1.8 -1.2
v 0.9 2.1 -1.2
v 0.9 2.3 -1.2
v 1 1.7 -1.2
v 1 1.8 -1.2
v 1 1.9 -1.2
v 1 2.5 -1.2
v 1 2.6 -1.2
v 1 2.7 -1.2
v 1.1 1.9 -1.2
v 1.1 2 -1.2
v 1.1 2.4 -1.2
v 1.1 2.5 -1.2
v 1.1 2.6 -1.2
v 1.1 2.7 -1.2
v 1.2 1.9 -1.2
v 1.2 2 -1.2
v 1.2 2.4 -1.2
v 1.2 2.5 -1.2
v 1.3 2 -1.2
v 1.3 2.1 -1.2
v 1.3 2.3 -1.2
v 1.3 2.4 -1.2
v 1.4 2 -1.2
v 1.4 2.1 -1.2
v 1.4 2.3 -1.2
v 1.4 2.4 -1.2
v -1.3 2 -1.3
v -1.3 2.1 -1.3
v -1.3 2.3 -1.3
v -1.3 2.4 -1.3
v -1.1 1.9 -1.3
v -1.1 2 -1.3
v -1.1 2.1 -1.3
v -1.1 2.3 -1.3
v -1.1 2.4 -1.3
v -1.1 2.5 -1.3
v -1 1.9 -1.3
v -1 2 -1.3
v -1 2.4 -1.3
v -1 2.5 -1.3
v -1 2.6 -1.3
v -1 2.7 -1.3
v -0.8 1.7 -1.3
v -0.8 1.8 -1.3
v -0.8 1.9 -1.3
v -0.8 2.5 -1.3
v -0.8 2.6 -1.3
v -0.8 2.7 -1.3
v -0.6 2.7 -1.3
v -0.6 2.8 -1.3
v -0.6 2.9 -1.3
v -0.5 1.7 -1.3
v -0.5 1.8 -1.3
v -0.5 1.9 -1.3
v -0.5 2.5 -1.3
v -0.5 2.6 -1.3
v -0.4 2.8 -1.3
v -0.4 2.9 -1.3
v 0.4 2.8 -1.3
v 0.4 2.9 -1.3
v 0.5 1.7 -1.3
v 0.5 1.8 -1.3
v 0.5 1.9 -1.3
v 0.5 2.5 -1.3
v 0.5 2.6 -1.3
v 0.6 2.7 -1.3
v 0.6 2.8 -1.3
v 0.6 2.9 -1.3
v 0.8 1.7 -1.3
v 0.8 1.8 -1.3
v 0.8 1.9 -1.3
v 0.8 2.5 -1.3
v 0.8 2.6 -1.3
v 0.8 2.7 -1.3
v 1 1.9 -1.3
v 1 2 -1.3
v 1 2.4 -1.3
v 1 2.5 -1.3
v 1 2.6 -1.3
v 1 2.7 -1.3
v 1.1 1.9 -1.3
v 1.1 2 -1.3
v 1.1 2.1 -1.3
v 1.1 2.3 -1.3
v 1.1 2.4 -1.3
v 1.1 2.5 -1.3
v 1.3 2 -1.3
v 1.3 2.1 -1.3
v 1.3 2.3 -1.3
v 1.3 2.4 -1.3
v -1.1 2 -1.4
v -1.1 2.1 -1.4
v -1.1 2.3 -1.4
v -1.1 2.4 -1.4
v -1 1.9 -1.4
v -1 2 -1.4
v -1 2.1 -1.4
v -1 2.3 -1.4
v -1 2.4 -1.4
v -1 2.5 -1.4
v -0.8 2.6 -1.4
v -0.8 2.7 -1.4
v -0.7 1.9 -1.4
v -0.7 2 -1.4
v -0.7 2.4 -1.4
v -0.7 2.5 -1.4
v -0.5 1.7 -1.4
v -0.5 1.8 -1.4
v -0.5 1.9 -1.4
v -0.5 2.6 -1.4
v -0.5 2.7 -1.4
v -0.4 2.5 -1.4
v -0.4 2.6 -1.4
v -0.3 2.5 -1.4
v -0.3 2.6 -1.4
v 0.3 2.5 -1.4
v 0.3 2.6 -1.4
v 0.4 2.5 -1.4
v 0.4 2.6 -1.4
v 0.5 1.7 -1.4
v 0.5 1.8 -1.4
v 0.5 1.9 -1.4
v 0.5 2.6 -1.4
v 0.5 2.7 -1.4
v 0.7 1.9 -1.4
v 0.7 2 -1.4
v 0.7 2.4 -1.4
v 0.7 2.5 -1.4
v 0.8 2.6 -1.4
v 0.8 2.7 -1.4
v 1 1.9 -1.4
v 1 2 -1.4
v 1 2.1 -1.4
v 1 2.3 -1.4
v 1 2.4 -1.4
v 1 2.5 -1.4
v 1.1 2 -1.4
v 1.1 2.1 -1.4
v 1.1 2.3 -1.4
v 1.1 2.4 -1.4
v -1 2 -1.5
v -1 2.1 -1.5
v -1 2.3 -1.5
v -1 2.4 -1.5
v -0.8 2.1 -1.5
v -0.8 2.3 -1.5
v -0.7 1.9 -1.5
v -0.7 2 -1.5
v -0.7 2.1 -1.5
v -0.7 2.3 -1.5
v -0.7 2.4 -1.5
v -0.7 2.5 -1.5
v -0.6 2.1 -1.5
v -0.6 2.3 -1.5
v -0.5 2.5 -1.5
v -0.5 2.7 -1.5
v -0.4 1.9 -1.5
v -0.4 2 -1.5
v -0.4 2.4 -1.5
v -0.4 2.5 -1.5
v -0.4 2.6 -1.5
v 0.4 1.9 -1.5
v 0.4 2 -1.5
v 0.4 2.4 -1.5
v 0.4 2.5 -1.5
v 0.4 2.6 -1.5
v 0.5 2.5 -1.5
v 0.5 2.7 -1.5
v 0.6 2.1 -1.5
v 0.6 2.3 -1.5
v 0.7 1.9 -1.5
v 0.7 2 -1.5
v 0.7 2.1 -1.5
v 0.7 2.3 -1.5
v 0.7 2.4 -1.5
v 0.7 2.5 -1.5
v 0.8 2.1 -1.5
v 0.8 2.3 -1.5
v 1 2 -1.5
v 1 2.1 -1.5
v 1 2.3 -1.5
v 1 2.4 -1.5
v -0.8 2.1 -1.6
v -0.8 2.3 -1.6
v -0.7 2.1 -1.6
v -0.7 2.3 -1.6
v -0.7 2.4 -1.6
v -0.4 1.9 -1.6
v -0.4 2 -1.6
v -0.4 2.4 -1.6
v -0.4 2.5 -1.6
v 0.4 1.9 -1.6
v 0.4 2 -1.6
v 0.4 2.4 -1.6
v 0.4 2.5 -1.6
v 0.7 2.1 -1.6
v 0.7 2.3 -1.6
v 0.7 2.4 -1.6
v 0.8 2.1 -1.6
v 0.8 2.3 -1.6
v -0.7 2 -1.7
v -0.7 2.1 -1.7
v 0.7 2 -1.7
v 0.7 2.1 -1.7
v -0.4 1.5 0.8
v 0.4 1.5 0.8
v -0.6 1.5 0.7
v -0.4 1.5 0.7
v 0.4 1.5 0.7
v 0.6 1.5 0.7
v -0.5 1.5 0.6
v -0.4 1.5 0.6
v 0.4 1.5 0.6
v 0.5 1.5 0.6
v -0.8 1.5 0.5
v -0.6 1.5 0.5
v -0.5 1.5 0.5
v 0.5 1.5 0.5
v 0.6 1.5 0.5
v 0.8 1.5 0.5
v -0.9 1.5 0.4
v -0.8 1.5 0.4
v -0.7 1.5 0.4
v -0.6 1.5 0.4
v 0.6 1.5 0.4
v 0.7 1.5 0.4
v 0.8 1.5 0.4
v 0.9 1.5 0.4
v -0.8 1.5 0.3
v -0.7 1.5 0.3
v 0.7 1.5 0.3
v 0.8 1.5 0.3
v -0.8 1.5 -0.3
v -0.7 1.5 -0.3
v 0.7 1.5 -0.3
v 0.8 1.5 -0.3
v -0.9 1.5 -0.4
v -0.8 1.5 -0.4
v -0.7 1.5 -0.4
v -0.6 1.5 -0.4
v 0.6 1.5 -0.4
v 0.7 1.5 -0.4
v 0.8 1.5 -0.4
v 0.9 1.5 -0.4
v -0.8 1.5 -0.5
v -0.6 1.5 -0.5
v -0.5 1.5 -0.5
v 0.5 1.5 -0.5
v 0.6 1.5 -0.5
v 0.8 1.5 -0.5
v -0.5 1.5 -0.6
v -0.4 1.5 -0.6
v 0.4 1.5 -0.6
v 0.5 1.5 -0.6
v -0.6 1.5 -0.7
v -0.4 1.5 -0.7
v 0.4 1.5 -0.7
v 0.6 1.5 -0.7
v -0.4 1.5 -0.8
v 0.4 1.5 -0.8
v -0.3 1.6 1.2
v 0.3 1.6 1.2
v -0.6 1.6 1.1
v -0.3 1.6 1.1
v 0.3 1.6 1.1
v 0.6 1.6 1.1
v -0.8 1.6 1
v -0.6 1.6 1
v 0.6 1.6 1
v 0.8 1.6 1
v -0.9 1.6 0.9
v -0.8 1.6 0.9
v -0.4 1.6 0.9
v 0.4 1.6 0.9
v 0.8 1.6 0.9
v 0.9 1.6 0.9
v -1 1.6 0.8
v -0.9 1.6 0.8
v -0.6 1.6 0.8
v -0.4 1.6 0.8
v 0.4 1.6 0.8
v 0.6 1.6 0.8
v 0.9 1.6 0.8
v 1 1.6 0.8
v -1.1 1.6 0.7
v -1 1.6 0.7
v -0.7 1.6 0.7
v -0.6 1.6 0.7
v -0.4 1.6 0.7
v -0.3 1.6 0.7
v 0.3 1.6 0.7
v 0.4 1.6 0.7
v 0.6 1.6 0.7
v 0.7 1.6 0.7
v 1 1.6 0.7
v 1.1 1.6 0.7
v -1.2 1.6 0.6
v -1.1 1.6 0.6
v -0.9 1.6 0.6
v -0.7 1.6 0.6
v -0.4 1.6 0.6
v -0.3 1.6 0.6
v 0.3 1.6 0.6
v 0.4 1.6 0.6
v 0.7 1.6 0.6
v 0.9 1.6 0.6
v 1.1 1.6 0.6
v 1.2 1.6 0.6
v -1 1.6 0.5
v -0.9 1.6 0.5
v -0.8 1.6 0.5
v -0.6 1.6 0.5
v -0.5 1.6 0.5
v 0.5 1.6 0.5
v 0.6 1.6 0.5
v 0.8 1.6 0.5
v 0.9 1.6 0.5
v 1 1.6 0.5
v -1.3 1.6 0.4
v -1.2 1.6 0.4
v -0.9 1.6 0.4
v -0.8 1.6 0.4
v -0.6 1.6 0.4
v -0.5 1.6 0.4
v 0.5 1.6 0.4
v 0.6 1.6 0.4
v 0.8 1.6 0.4
v 0.9 1.6 0.4
v 1.2 1.6 0.4
v 1.3 1.6 0.4
v -1.3 1.6 -0.4
v -1.2 1.6 -0.4
v -1 1.6 -0.4
v -0.9 1.6 -0.4
v -0.8 1.6 -0.4
v -0.6 1.6 -0.4
v -0.5 1.6 -0.4
v 0.5 1.6 -0.4
v 0.6 1.6 -0.4
v 0.8 1.6 -0.4
v 0.9 1.6 -0.4
v 1 1.6 -0.4
v 1.2 1.6 -0.4
v 1.3 1.6 -0.4
v -0.8 1.6 -0.5
v -0.6 1.6 -0.5
v -0.5 1.6 -0.5
v 0.5 1.6 -0.5
v 0.6 1.6 -0.5
v 0.8 1.6 -0.5
v -1.2 1.6 -0.6
v -1.1 1.6 -0.6
v -1 1.6 -0.6
v -0.9 1.6 -0.6
v -0.7 1.6 -0.6
v -0.4 1.6 -0.6
v -0.3 1.6 -0.6
v 0.3 1.6 -0.6
v 0.4 1.6 -0.6
v 0.7 1.6 -0.6
v 0.9 1.6 -0.6
v 1 1.6 -0.6
v 1.1 1.6 -0.6
v 1.2 1.6 -0.6
v -1.1 1.6 -0.7
v -1 1.6 -0.7
v -0.9 1.6 -0.7
v -0.6 1.6 -0.7
v -0.4 1.6 -0.7
v -0.3 1.6 -0.7
v 0.3 1.6 -0.7
v 0.4 1.6 -0.7
v 0.6 1.6 -0.7
v 0.9 1.6 -0.7
v 1 1.6 -0.7
v 1.1 1.6 -0.7
v -1 1.6 -0.8
v -0.9 1.6 -0.8
v -0.8 1.6 -0.8
v -0.7 1.6 -0.8
v -0.5 1.6 -0.8
v -0.4 1.6 -0.8
v 0.4 1.6 -0.8
v 0.5 1.6 -0.8
v 0.7 1.6 -0.8
v 0.8 1.6 -0.8
v 0.9 1.6 -0.8
v 1 1.6 -0.8
v -0.9 1.6 -0.9
v -0.8 1.6 -0.9
v -0.7 1.6 -0.9
v -0.5 1.6 -0.9
v 0.5 1.6 -0.9
v 0.7 1.6 -0.9
v 0.8 1.6 -0.9
v 0.9 1.6 -0.9
v -0.8 1.6 -1
v -0.7 1.6 -1
v -0.6 1.6 -1
v 0.6 1.6 -1
v 0.7 1.6 -1
v 0.8 1.6 -1
v -0.6 1.6 -1.1
v -0.3 1.6 -1.1
v 0.3 1.6 -1.1
v 0.6 1.6 -1.1
v -0.3 1.6 -1.2
v 0.3 1.6 -1.2
v -0.5 1.7 1.4
v -0.1 1.7 1.4
v 0.1 1.7 1.4
v 0.5 1.7 1.4
v -0.8 1.7 1.3
v -0.5 1.7 1.3
v -0.1 1.7 1.3
v 0.1 1.7 1.3
v 0.5 1.7 1.3
v 0.8 1.7 1.3
v -1 1.7 1.2
v -0.8 1.7 1.2
v -0.7 1.7 1.2
v -0.5 1.7 1.2
v -0.3 1.7 1.2
v 0.3 1.7 1.2
v 0.5 1.7 1.2
v 0.7 1.7 1.2
v 0.8 1.7 1.2
v 1 1.7 1.2
v -1.1 1.7 1.1
v -1 1.7 1.1
v -0.9 1.7 1.1
v -0.7 1.7 1.1
v -0.6 1.7 1.1
v -0.3 1.7 1.1
v 0.3 1.7 1.1
v 0.6 1.7 1.1
v 0.7 1.7 1.1
v 0.9 1.7 1.1
v 1 1.7 1.1
v 1.1 1.7 1.1
v -1.2 1.7 1
v -1.1 1.7 1
v -1 1.7 1
v -0.9 1.7 1
v -0.8 1.7 1
v -0.6 1.7 1
v 0.6 1.7 1
v 0.8 1.7 1
v 0.9 1.7 1
v 1 1.7 1
v 1.1 1.7 1
v 1.2 1.7 1
v -1.3 1.7 0.9
v -1.2 1.7 0.9
v -1.1 1.7 0.9
v -1 1.7 0.9
v -0.9 1.7 0.9
v -0.8 1.7 0.9
v 0.8 1.7 0.9
v 0.9 1.7 0.9
v 1 1.7 0.9
v 1.1 1.7 0.9
v 1.2 1.7 0.9
v 1.3 1.7 0.9
v -1.4 1.7 0.8
v -1.3 1.7 0.8
v -1.2 1.7 0.8
v -1.1 1.7 0.8
v -1 1.7 0.8
v -0.9 1.7 0.8
v 0.9 1.7 0.8
v 1 1.7 0.8
v 1.1 1.7 0.8
v 1.2 1.7 0.8
v 1.3 1.7 0.8
v 1.4 1.7 0.8
v -1.3 1.7 0.7
v -1.2 1.7 0.7
v -1.1 1.7 0.7
v -1 1.7 0.7
v -0.3 1.7 0.7
v 0.3 1.7 0.7
v 1 1.7 0.7
v 1.1 1.7 0.7
v 1.2 1.7 0.7
v 1.3 1.7 0.7
v -1.5 1.7 0.6
v -1.4 1.7 0.6
v -1.2 1.7 0.6
v -1.1 1.7 0.6
v -0.5 1.7 0.6
v -0.3 1.7 0.6
v -0.2 1.7 0.6
v 0.2 1.7 0.6
v 0.3 1.7 0.6
v 0.5 1.7 0.6
v 1.1 1.7 0.6
v 1.2 1.7 0.6
v 1.4 1.7 0.6
v 1.5 1.7 0.6
v -0.3 1.7 0.5
v -0.2 1.7 0.5
v 0.2 1.7 0.5
v 0.3 1.7 0.5
v -1.6 1.7 0.4
v -1.5 1.7 0.4
v -1.4 1.7 0.4
v -1.3 1.7 0.4
v -1.2 1.7 0.4
v -0.7 1.7 0.4
v -0.5 1.7 0.4
v -0.4 1.7 0.4
v -0.3 1.7 0.4
v 0.3 1.7 0.4
v 0.4 1.7 0.4
v 0.5 1.7 0.4
v 0.7 1.7 0.4
v 1.2 1.7 0.4
v 1.3 1.7 0.4
v 1.4 1.7 0.4
v 1.5 1.7 0.4
v 1.6 1.7 0.4
v -0.8 1.7 0.3
v -0.7 1.7 0.3
v -0.5 1.7 0.3
v -0.4 1.7 0.3
v 0.4 1.7 0.3
v 0.5 1.7 0.3
v 0.7 1.7 0.3
v 0.8 1.7 0.3
v -0.6 1.7 0.2
v -0.5 1.7 0.2
v 0.5 1.7 0.2
v 0.6 1.7 0.2
v -0.7 1.7 0.1
v -0.6 1.7 0.1
v 0.6 1.7 0.1
v 0.7 1.7 0.1
v -0.7 1.7 -0.0999999
v -0.6 1.7 -0.0999999
v 0.6 1.7 -0.0999999
v 0.7 1.7 -0.0999999
v -0.6 1.7 -0.2
v -0.5 1.7 -0.2
v 0.5 1.7 -0.2
v 0.6 1.7 -0.2
v -0.8 1.7 -0.3
v -0.7 1.7 -0.3
v -0.5 1.7 -0.3
v -0.4 1.7 -0.3
v 0.4 1.7 -0.3
v 0.5 1.7 -0.3
v 0.7 1.7 -0.3
v 0.8 1.7 -0.3
v -1.6 1.7 -0.4
v -1.5 1.7 -0.4
v -1.3 1.7 -0.4
v -1.2 1.7 -0.4
v -0.7 1.7 -0.4
v -0.5 1.7 -0.4
v -0.4 1.7 -0.4
v -0.3 1.7 -0.4
v 0.3 1.7 -0.4
v 0.4 1.7 -0.4
v 0.5 1.7 -0.4
v 0.7 1.7 -0.4
v 1.2 1.7 -0.4
v 1.3 1.7 -0.4
v 1.5 1.7 -0.4
v 1.6 1.7 -0.4
v -1.4 1.7 -0.5
v -1.3 1.7 -0.5
v -0.3 1.7 -0.5
v -0.2 1.7 -0.5
v 0.2 1.7 -0.5
v 0.3 1.7 -0.5
v 1.3 1.7 -0.5
v 1.4 1.7 -0.5
v -1.5 1.7 -0.6
v -1.4 1.7 -0.6
v -1.3 1.7 -0.6
v -1.2 1.7 -0.6
v -1.1 1.7 -0.6
v -0.5 1.7 -0.6
v -0.3 1.7 -0.6
v -0.2 1.7 -0.6
v 0.2 1.7 -0.6
v 0.3 1.7 -0.6
v 0.5 1.7 -0.6
v 1.1 1.7 -0.6
v 1.2 1.7 -0.6
v 1.3 1.7 -0.6
v 1.4 1.7 -0.6
v 1.5 1.7 -0.6
v -1.1 1.7 -0.7
v -1 1.7 -0.7
v -0.3 1.7 -0.7
v 0.3 1.7 -0.7
v 1 1.7 -0.7
v 1.1 1.7 -0.7
v -1.4 1.7 -0.8
v -1.3 1.7 -0.8
v -1.2 1.7 -0.8
v -1.1 1.7 -0.8
v -1 1.7 -0.8
v -0.9 1.7 -0.8
v 0.9 1.7 -0.8
v 1 1.7 -0.8
v 1.1 1.7 -0.8
v 1.2 1.7 -0.8
v 1.3 1.7 -0.8
v 1.4 1.7 -0.8
v -1.3 1.7 -0.9
v -1.2 1.7 -0.9
v -1.1 1.7 -0.9
v -1 1.7 -0.9
v -0.9 1.7 -0.9
v -0.8 1.7 -0.9
v 0.8 1.7 -0.9
v 0.9 1.7 -0.9
v 1 1.7 -0.9
v 1.1 1.7 -0.9
v 1.2 1.7 -0.9
v 1.3 1.7 -0.9
v -1.2 1.7 -1
v -1.1 1.7 -1
v -1 1.7 -1
v -0.9 1.7 -1
v -0.8 1.7 -1
v -0.7 1.7 -1
v -0.6 1.7 -1
v 0.6 1.7 -1
v 0.7 1.7 -1
v 0.8 1.7 -1
v 0.9 1.7 -1
v 1 1.7 -1
v 1.1 1.7 -1
v 1.2 1.7 -1
v -1.1 1.7 -1.1
v -1 1.7 -1.1
v -0.9 1.7 -1.1
v -0.7 1.7 -1.1
v -0.6 1.7 -1.1
v -0.3 1.7 -1.1
v 0.3 1.7 -1.1
v 0.6 1.7 -1.1
v 0.7 1.7 -1.1
v 0.9 1.7 -1.1
v 1 1.7 -1.1
v 1.1 1.7 -1.1
v -1 1.7 -1.2
v -0.9 1.7 -1.2
v -0.8 1.7 -1.2
v -0.7 1.7 -1.2
v -0.3 1.7 -1.2
v 0.3 1.7 -1.2
v 0.7 1.7 -1.2
v 0.8 1.7 -1.2
v 0.9 1.7 -1.2
v 1 1.7 -1.2
v -0.8 1.7 -1.3
v -0.5 1.7 -1.3
v 0.5 1.7 -1.3
v 0.8 1.7 -1.3
v -0.5 1.7 -1.4
v 0.5 1.7 -1.4
v -0.2 1.8 0.6
v 0.2 1.8 0.6
v -0.3 1.8 0.5
v -0.2 1.8 0.5
v 0.2 1.8 0.5
v 0.3 1.8 0.5
v -0.4 1.8 0.4
v -0.3 1.8 0.4
v 0.3 1.8 0.4
v 0.4 1.8 0.4
v -0.5 1.8 0.3
v -0.4 1.8 0.3
v 0.4 1.8 0.3
v 0.5 1.8 0.3
v -0.6 1.8 0.2
v -0.5 1.8 0.2
v 0.5 1.8 0.2
v 0.6 1.8 0.2
v -0.7 1.8 0.1
v -0.6 1.8 0.1
v 0.6 1.8 0.1
v 0.7 1.8 0.1
v -0.7 1.8 -0.0999999
v -0.6 1.8 -0.0999999
v 0.6 1.8 -0.0999999
v 0.7 1.8 -0.0999999
v -0.6 1.8 -0.2
v -0.5 1.8 -0.2
v 0.5 1.8 -0.2
v 0.6 1.8 -0.2
v -0.5 1.8 -0.3
v -0.4 1.8 -0.3
v 0.4 1.8 -0.3
v 0.5 1.8 -0.3
v -0.4 1.8 -0.4
v -0.3 1.8 -0.4
v 0.3 1.8 -0.4
v 0.4 1.8 -0.4
v -0.3 1.8 -0.5
v -0.2 1.8 -0.5
v 0.2 1.8 -0.5
v 0.3 1.8 -0.5
v -0.2 1.8 -0.6
v 0.2 1.8 -0.6
v -0.4 1.9 1.6
v 0.4 1.9 1.6
v -0.7 1.9 1.5
v -0.4 1.9 1.5
v 0.4 1.9 1.5
v 0.7 1.9 1.5
v -1 1.9 1.4
v -0.7 1.9 1.4
v -0.5 1.9 1.4
v 0.5 1.9 1.4
v 0.7 1.9 1.4
v 1 1.9 1.4
v -1.1 1.9 1.3
v -1 1.9 1.3
v -0.8 1.9 1.3
v -0.5 1.9 1.3
v 0.5 1.9 1.3
v 0.8 1.9 1.3
v 1 1.9 1.3
v 1.1 1.9 1.3
v -1.2 1.9 1.2
v -1.1 1.9 1.2
v -1 1.9 1.2
v -0.8 1.9 1.2
v 0.8 1.9 1.2
v 1 1.9 1.2
v 1.1 1.9 1.2
v 1.2 1.9 1.2
v -1.3 1.9 1.1
v -1.2 1.9 1.1
v -1.1 1.9 1.1
v -1 1.9 1.1
v 1 1.9 1.1
v 1.1 1.9 1.1
v 1.2 1.9 1.1
v 1.3 1.9 1.1
v -1.4 1.9 1
v -1.3 1.9 1
v -1.2 1.9 1
v -1.1 1.9 1
v 1.1 1.9 1
v 1.2 1.9 1
v 1.3 1.9 1
v 1.4 1.9 1
v -1.5 1.9 0.9
v -1.4 1.9 0.9
v -1.3 1.9 0.9
v -1.2 1.9 0.9
v 1.2 1.9 0.9
v 1.3 1.9 0.9
v 1.4 1.9 0.9
v 1.5 1.9 0.9
v -1.6 1.9 0.8
v -1.5 1.9 0.8
v -1.4 1.9 0.8
v -1.3 1.9 0.8
v 1.3 1.9 0.8
v 1.4 1.9 0.8
v 1.5 1.9 0.8
v 1.6 1.9 0.8
v -1.7 1.9 0.6
v -1.6 1.9 0.6
v -1.5 1.9 0.6
v -1.4 1.9 0.6
v 1.4 1.9 0.6
v 1.5 1.9 0.6
v 1.6 1.9 0.6
v 1.7 1.9 0.6
v -1.6 1.9 0.4
v -1.5 1.9 0.4
v 1.5 1.9 0.4
v 1.6 1.9 0.4
v -1.8 1.9 0.3
v -1.7 1.9 0.3
v 1.7 1.9 0.3
v 1.8 1.9 0.3
v -1.8 1.9 -0.3
v -1.7 1.9 -0.3
v 1.7 1.9 -0.3
v 1.8 1.9 -0.3
v -1.6 1.9 -0.4
v -1.5 1.9 -0.4
v 1.5 1.9 -0.4
v 1.6 1.9 -0.4
v -1.7 1.9 -0.6
v -1.6 1.9 -0.6
v -1.5 1.9 -0.6
v -1.4 1.9 -0.6
v 1.4 1.9 -0.6
v 1.5 1.9 -0.6
v 1.6 1.9 -0.6
v 1.7 1.9 -0.6
v -1.6 1.9 -0.8
v -1.5 1.9 -0.8
v -1.4 1.9 -0.8
v -1.3 1.9 -0.8
v 1.3 1.9 -0.8
v 1.4 1.9 -0.8
v 1.5 1.9 -0.8
v 1.6 1.9 -0.8
v -1.5 1.9 -0.9
v -1.4 1.9 -0.9
v -1.3 1.9 -0.9
v -1.2 1.9 -0.9
v 1.2 1.9 -0.9
v 1.3 1.9 -0.9
v 1.4 1.9 -0.9
v 1.5 1.9 -0.9
v -1.4 1.9 -1
v -1.3 1.9 -1
v -1.2 1.9 -1
v -1.1 1.9 -1
v 1.1 1.9 -1
v 1.2 1.9 -1
v 1.3 1.9 -1
v 1.4 1.9 -1
v -1.3 1.9 -1.1
v -1.2 1.9 -1.1
v -1.1 1.9 -1.1
v -1 1.9 -1.1
v 1 1.9 -1.1
v 1.1 1.9 -1.1
v 1.2 1.9 -1.1
v 1.3 1.9 -1.1
v -1.2 1.9 -1.2
v -1.1 1.9 -1.2
v -1 1.9 -1.2
v -0.8 1.9 -1.2
v 0.8 1.9 -1.2
v 1 1.9 -1.2
v 1.1 1.9 -1.2
v 1.2 1.9 -1.2
v -1.1 1.9 -1.3
v -1 1.9 -1.3
v -0.8 1.9 -1.3
v -0.5 1.9 -1.3
v 0.5 1.9 -1.3
v 0.8 1.9 -1.3
v 1 1.9 -1.3
v 1.1 1.9 -1.3
v -1 1.9 -1.4
v -0.7 1.9 -1.4
v -0.5 1.9 -1.4
v 0.5 1.9 -1.4
v 0.7 1.9 -1.4
v 1 1.9 -1.4
v -0.7 1.9 -1.5
v -0.4 1.9 -1.5
v 0.4 1.9 -1.5
v 0.7 1.9 -1.5
v -0.4 1.9 -1.6
v 0.4 1.9 -1.6
v -0.7 2 1.7
v 0.7 2 1.7
v -0.4 2 1.6
v 0.4 2 1.6
v -1 2 1.5
v -0.7 2 1.5
v -0.4 2 1.5
v 0.4 2 1.5
v 0.7 2 1.5
v 1 2 1.5
v -1.1 2 1.4
v -1 2 1.4
v -0.7 2 1.4
v 0.7 2 1.4
v 1 2 1.4
v 1.1 2 1.4
v -1.3 2 1.3
v -1.1 2 1.3
v -1 2 1.3
v 1 2 1.3
v 1.1 2 1.3
v 1.3 2 1.3
v -1.4 2 1.2
v -1.3 2 1.2
v -1.2 2 1.2
v -1.1 2 1.2
v 1.1 2 1.2
v 1.2 2 1.2
v 1.3 2 1.2
v 1.4 2 1.2
v -1.5 2 1.1
v -1.4 2 1.1
v -1.3 2 1.1
v -1.2 2 1.1
v 1.2 2 1.1
v 1.3 2 1.1
v 1.4 2 1.1
v 1.5 2 1.1
v -1.4 2 1
v -1.3 2 1
v 1.3 2 1
v 1.4 2 1
v -1.6 2 0.9
v -1.5 2 0.9
v -1.4 2 0.9
v 1.4 2 0.9
v 1.5 2 0.9
v 1.6 2 0.9
v -1.7 2 0.8
v -1.6 2 0.8
v -1.5 2 0.8
v 1.5 2 0.8
v 1.6 2 0.8
v 1.7 2 0.8
v -1.8 2 0.6
v -1.7 2 0.6
v -1.6 2 0.6
v 1.6 2 0.6
v 1.7 2 0.6
v 1.8 2 0.6
v -1.8 2 0.3
v -1.7 2 0.3
v 1.7 2 0.3
v 1.8 2 0.3
v -1.9 2 0.1
v -1.8 2 0.1
v 1.8 2 0.1
v 1.9 2 0.1
v -1.9 2 -0.0999999
v -1.8 2 -0.0999999
v 1.8 2 -0.0999999
v 1.9 2 -0.0999999
v -1.8 2 -0.3
v -1.7 2 -0.3
v 1.7 2 -0.3
v 1.8 2 -0.3
v -1.8 2 -0.6
v -1.7 2 -0.6
v -1.6 2 -0.6
v 1.6 2 -0.6
v 1.7 2 -0.6
v 1.8 2 -0.6
v -1.7 2 -0.8
v -1.6 2 -0.8
v -1.5 2 -0.8
v 1.5 2 -0.8
v 1.6 2 -0.8
v 1.7 2 -0.8
v -1.6 2 -0.9
v -1.5 2 -0.9
v -1.4 2 -0.9
v 1.4 2 -0.9
v 1.5 2 -0.9
v 1.6 2 -0.9
v -1.4 2 -1
v -1.3 2 -1
v 1.3 2 -1
v 1.4 2 -1
v -1.5 2 -1.1
v -1.4 2 -1.1
v -1.3 2 -1.1
v -1.2 2 -1.1
v 1.2 2 -1.1
v 1.3 2 -1.1
v 1.4 2 -1.1
v 1.5 2 -1.1
v -1.4 2 -1.2
v -1.3 2 -1.2
v -1.2 2 -1.2
v -1.1 2 -1.2
v 1.1 2 -1.2
v 1.2 2 -1.2
v 1.3 2 -1.2
v 1.4 2 -1.2
v -1.3 2 -1.3
v -1.1 2 -1.3
v -1 2 -1.3
v 1 2 -1.3
v 1.1 2 -1.3
v 1.3 2 -1.3
v -1.1 2 -1.4
v -1 2 -1.4
v -0.7 2 -1.4
v 0.7 2 -1.4
v 1 2 -1.4
v 1.1 2 -1.4
v -1 2 -1.5
v -0.7 2 -1.5
v -0.4 2 -1.5
v 0.4 2 -1.5
v 0.7 2 -1.5
v 1 2 -1.5
v -0.4 2 -1.6
v 0.4 2 -1.6
v -0.7 2 -1.7
v 0.7 2 -1.7
v -0.8 2.1 1.6
v -0.7 2.1 1.6
v 0.7 2.1 1.6
v 0.8 2.1 1.6
v -0.8 2.1 1.5
v -0.7 2.1 1.5
v 0.7 2.1 1.5
v 0.8 2.1 1.5
v -1.6 2.1 1
v -1.5 2.1 1
v 1.5 2.1 1
v 1.6 2.1 1
v -1.7 2.1 0.9
v -1.6 2.1 0.9
v -1.5 2.1 0.9
v 1.5 2.1 0.9
v 1.6 2.1 0.9
v 1.7 2.1 0.9
v -1.7 2.1 0.8
v -1.6 2.1 0.8
v 1.6 2.1 0.8
v 1.7 2.1 0.8
v -1.8 2.1 0.7
v -1.7 2.1 0.7
v 1.7 2.1 0.7
v 1.8 2.1 0.7
v -1.8 2.1 0.6
v -1.7 2.1 0.6
v 1.7 2.1 0.6
v 1.8 2.1 0.6
v -1.9 2.1 0.3
v -1.8 2.1 0.3
v 1.8 2.1 0.3
v 1.9 2.1 0.3
v -1.9 2.1 0.2
v -1.8 2.1 0.2
v 1.8 2.1 0.2
v 1.9 2.1 0.2
v -1.9 2.1 0.1
v -1.8 2.1 0.1
v 1.8 2.1 0.1
v 1.9 2.1 0.1
v -1.9 2.1 -0.0999999
v -1.8 2.1 -0.0999999
v 1.8 2.1 -0.0999999
v 1.9 2.1 -0.0999999
v -1.9 2.1 -0.2
v -1.8 2.1 -0.2
v 1.8 2.1 -0.2
v 1.9 2.1 -0.2
v -1.9 2.1 -0.3
v -1.8 2.1 -0.3
v 1.8 2.1 -0.3
v 1.9 2.1 -0.3
v -1.8 2.1 -0.6
v -1.7 2.1 -0.6
v 1.7 2.1 -0.6
v 1.8 2.1 -0.6
v -1.8 2.1 -0.7
v -1.7 2.1 -0.7
v 1.7 2.1 -0.7
v 1.8 2.1 -0.7
v -1.7 2.1 -0.8
v -1.6 2.1 -0.8
v 1.6 2.1 -0.8
v 1.7 2.1 -0.8
v -1.7 2.1 -0.9
v -1.6 2.1 -0.9
v -1.5 2.1 -0.9
v 1.5 2.1 -0.9
v 1.6 2.1 -0.9
v 1.7 2.1 -0.9
v -1.6 2.1 -1
v -1.5 2.1 -1
v 1.5 2.1 -1
v 1.6 2.1 -1
v -0.8 2.1 -1.5
v -0.7 2.1 -1.5
v 0.7 2.1 -1.5
v 0.8 2.1 -1.5
v -0.8 2.1 -1.6
v -0.7 2.1 -1.6
v 0.7 2.1 -1.6
v 0.8 2.1 -1.6
v -0.7 2.3 1.6
v 0.7 2.3 1.6
v -0.7 2.3 1.5
v -0.6 2.3 1.5
v 0.6 2.3 1.5
v 0.7 2.3 1.5
v -0.9 2.3 1.3
v -0.8 2.3 1.3
v 0.8 2.3 1.3
v 0.9 2.3 1.3
v -0.9 2.3 1.2
v -0.8 2.3 1.2
v 0.8 2.3 1.2
v 0.9 2.3 1.2
v -1.9 2.3 0.1
v -1.8 2.3 0.1
v 1.8 2.3 0.1
v 1.9 2.3 0.1
v -1.9 2.3 -0.0999999
v -1.8 2.3 -0.0999999
v 1.8 2.3 -0.0999999
v 1.9 2.3 -0.0999999
v -0.9 2.3 -1.2
v -0.8 2.3 -1.2
v 0.8 2.3 -1.2
v 0.9 2.3 -1.2
v -0.9 2.3 -1.3
v -0.8 2.3 -1.3
v 0.8 2.3 -1.3
v 0.9 2.3 -1.3
v -0.7 2.3 -1.5
v -0.6 2.3 -1.5
v 0.6 2.3 -1.5
v 0.7 2.3 -1.5
v -0.7 2.3 -1.6
v 0.7 2.3 -1.6
v -0.4 2.6 1.5
v 0.4 2.6 1.5
v -0.8 2.6 1.4
v -0.5 2.6 1.4
v -0.4 2.6 1.4
v -0.3 2.6 1.4
v 0.3 2.6 1.4
v 0.4 2.6 1.4
v 0.5 2.6 1.4
v 0.8 2.6 1.4
v -1 2.6 1.3
v -0.8 2.6 1.3
v -0.5 2.6 1.3
v 0.5 2.6 1.3
v 0.8 2.6 1.3
v 1 2.6 1.3
v -1.1 2.6 1.2
v -1 2.6 1.2
v -0.8 2.6 1.2
v 0.8 2.6 1.2
v 1 2.6 1.2
v 1.1 2.6 1.2
v -1.2 2.6 1.1
v -1.1 2.6 1.1
v -1 2.6 1.1
v 1 2.6 1.1
v 1.1 2.6 1.1
v 1.2 2.6 1.1
v -1.3 2.6 1
v -1.2 2.6 1
v -1.1 2.6 1
v 1.1 2.6 1
v 1.2 2.6 1
v 1.3 2.6 1
v -1.4 2.6 0.9
v -1.3 2.6 0.9
v -1.2 2.6 0.9
v 1.2 2.6 0.9
v 1.3 2.6 0.9
v 1.4 2.6 0.9
v -1.4 2.6 0.8
v -1.3 2.6 0.8
v 1.3 2.6 0.8
v 1.4 2.6 0.8
v -1.5 2.6 0.7
v -1.4 2.6 0.7
v 1.4 2.6 0.7
v 1.5 2.6 0.7
v -1.5 2.6 0.6
v -1.4 2.6 0.6
v 1.4 2.6 0.6
v 1.5 2.6 0.6
v -1.7 2.6 0.5
v -1.5 2.6 0.5
v 1.5 2.6 0.5
v 1.7 2.6 0.5
v -1.7 2.6 0.4
v -1.6 2.6 0.4
v -1.5 2.6 0.4
v 1.5 2.6 0.4
v 1.6 2.6 0.4
v 1.7 2.6 0.4
v -1.7 2.6 0.3
v -1.6 2.6 0.3
v 1.6 2.6 0.3
v 1.7 2.6 0.3
v -1.6 2.6 0.2
v 1.6 2.6 0.2
v -1.6 2.6 -0.2
v 1.6 2.6 -0.2
v -1.7 2.6 -0.3
v -1.6 2.6 -0.3
v 1.6 2.6 -0.3
v 1.7 2.6 -0.3
v -1.7 2.6 -0.4
v -1.6 2.6 -0.4
v -1.5 2.6 -0.4
v 1.5 2.6 -0.4
v 1.6 2.6 -0.4
v 1.7 2.6 -0.4
v -1.7 2.6 -0.5
v -1.5 2.6 -0.5
v 1.5 2.6 -0.5
v 1.7 2.6 -0.5
v -1.5 2.6 -0.6
v -1.4 2.6 -0.6
v 1.4 2.6 -0.6
v 1.5 2.6 -0.6
v -1.5 2.6 -0.7
v -1.4 2.6 -0.7
v 1.4 2.6 -0.7
v 1.5 2.6 -0.7
v -1.4 2.6 -0.8
v -1.3 2.6 -0.8
v 1.3 2.6 -0.8
v 1.4 2.6 -0.8
v -1.4 2.6 -0.9
v -1.3 2.6 -0.9
v -1.2 2.6 -0.9
v 1.2 2.6 -0.9
v 1.3 2.6 -0.9
v 1.4 2.6 -0.9
v -1.3 2.6 -1
v -1.2 2.6 -1
v -1.1 2.6 -1
v 1.1 2.6 -1
v 1.2 2.6 -1
v 1.3 2.6 -1
v -1.2 2.6 -1.1
v -1.1 2.6 -1.1
v -1 2.6 -1.1
v 1 2.6 -1.1
v 1.1 2.6 -1.1
v 1.2 2.6 -1.1
v -1.1 2.6 -1.2
v -1 2.6 -1.2
v -0.8 2.6 -1.2
v 0.8 2.6 -1.2
v 1 2.6 -1.2
v 1.1 2.6 -1.2
v -1 2.6 -1.3
v -0.8 2.6 -1.3
v -0.5 2.6 -1.3
v 0.5 2.6 -1.3
v 0.8 2.6 -1.3
v 1 2.6 -1.3
v -0.8 2.6 -1.4
v -0.5 2.6 -1.4
v -0.4 2.6 -1.4
v -0.3 2.6 -1.4
v 0.3 2.6 -1.4
v 0.4 2.6 -1.4
v 0.5 2.6 -1.4
v 0.8 2.6 -1.4
v -0.4 2.6 -1.5
v 0.4 2.6 -1.5
v -1.4 3 0.3
v -1.3 3 0.3
v 1.3 3 0.3
v 1.4 3 0.3
v -1.4 3 -0.3
v -1.3 3 -0.3
v 1.3 3 -0.3
v 1.4 3 -0.3
v -0.4 3.1 0.6
v 0.4 3.1 0.6
v -0.5 3.1 0.5
v -0.4 3.1 0.5
v 0.4 3.1 0.5
v 0.5 3.1 0.5
v -0.6 3.1 0.4
v -0.5 3.1 0.4
v -0.4 3.1 0.4
v 0.4 3.1 0.4
v 0.5 3.1 0.4
v 0.6 3.1 0.4
v -0.7 3.1 0.3
v -0.6 3.1 0.3
v -0.5 3.1 0.3
v 0.5 3.1 0.3
v 0.6 3.1 0.3
v 0.7 3.1 0.3
v -0.7 3.1 -0.3
v -0.6 3.1 -0.3
v -0.5 3.1 -0.3
v 0.5 3.1 -0.3
v 0.6 3.1 -0.3
v 0.7 3.1 -0.3
v -0.6 3.1 -0.4
v -0.5 3.1 -0.4
v -0.4 3.1 -0.4
v 0.4 3.1 -0.4
v 0.5 3.1 -0.4
v 0.6 3.1 -0.4
v -0.5 3.1 -0.5
v -0.4 3.1 -0.5
v 0.4 3.1 -0.5
v 0.5 3.1 -0.5
v -0.4 3.1 -0.6
v 0.4 3.1 -0.6
v -0.7 2.1 1.7
v 0.7 2.1 1.7
v -0.7 2.1 1.6
v 0.7 2.1 1.6
v -0.7 2.1 1.5
v -0.6 2.1 1.5
v 0.6 2.1 1.5
v 0.7 2.1 1.5
v -0.9 2.1 1.3
v -0.8 2.1 1.3
v 0.8 2.1 1.3
v 0.9 2.1 1.3
v -0.9 2.1 1.2
v -0.8 2.1 1.2
v 0.8 2.1 1.2
v 0.9 2.1 1.2
v -1.9 2.1 0.1
v -1.8 2.1 0.1
v 1.8 2.1 0.1
v 1.9 2.1 0.1
v -1.9 2.1 -0.0999999
v -1.8 2.1 -0.0999999
v 1.8 2.1 -0.0999999
v 1.9 2.1 -0.0999999
v -0.9 2.1 -1.2
v -0.8 2.1 -1.2
v 0.8 2.1 -1.2
v 0.9 2.1 -1.2
v -0.9 2.1 -1.3
v -0.8 2.1 -1.3
v 0.8 2.1 -1.3
v 0.9 2.1 -1.3
v -0.7 2.1 -1.5
v -0.6 2.1 -1.5
v 0.6 2.1 -1.5
v 0.7 2.1 -1.5
v -0.7 2.1 -1.6
v 0.7 2.1 -1.6
v -0.7 2.1 -1.7
v 0.7 2.1 -1.7
v -0.8 2.3 1.6
v -0.7 2.3 1.6
v 0.7 2.3 1.6
v 0.8 2.3 1.6
v -0.8 2.3 1.5
v -0.7 2.3 1.5
v 0.7 2.3 1.5
v 0.8 2.3 1.5
v -1.6 2.3 1
v -1.5 2.3 1
v 1.5 2.3 1
v 1.6 2.3 1
v -1.7 2.3 0.9
v -1.6 2.3 0.9
v -1.5 2.3 0.9
v 1.5 2.3 0.9
v 1.6 2.3 0.9
v 1.7 2.3 0.9
v -1.7 2.3 0.8
v -1.6 2.3 0.8
v 1.6 2.3 0.8
v 1.7 2.3 0.8
v -1.8 2.3 0.7
v -1.7 2.3 0.7
v 1.7 2.3 0.7
v 1.8 2.3 0.7
v -1.8 2.3 0.6
v -1.7 2.3 0.6
v 1.7 2.3 0.6
v 1.8 2.3 0.6
v -1.9 2.3 0.3
v -1.8 2.3 0.3
v 1.8 2.3 0.3
v 1.9 2.3 0.3
v -1.9 2.3 0.2
v -1.8 2.3 0.2
v 1.8 2.3 0.2
v 1.9 2.3 0.2
v -1.9 2.3 0.1
v -1.8 2.3 0.1
v 1.8 2.3 0.1
v 1.9 2.3 0.1
v -1.9 2.3 -0.0999999
v -1.8 2.3 -0.0999999
v 1.8 2.3 -0.0999999
v 1.9 2.3 -0.0999999
v -1.9 2.3 -0.2
v -1.8 2.3 -0.2
v 1.8 2.3 -0.2
v 1.9 2.3 -0.2
v -1.9 2.3 -0.3
v -1.8 2.3 -0.3
v 1.8 2.3 -0.3
v 1.9 2.3 -0.3
v -1.8 2.3 -0.6
v -1.7 2.3 -0.6
v 1.7 2.3 -0.6
v 1.8 2.3 -0.6
v -1.8 2.3 -0.7
v -1.7 2.3 -0.7
v 1.7 2.3 -0.7
v 1.8 2.3 -0.7
v -1.7 2.3 -0.8
v -1.6 2.3 -0.8
v 1.6 2.3 -0.8
v 1.7 2.3 -0.8
v -1.7 2.3 -0.9
v -1.6 2.3 -0.9
v -1.5 2.3 -0.9
v 1.5 2.3 -0.9
v 1.6 2.3 -0.9
v 1.7 2.3 -0.9
v -1.6 2.3 -1
v -1.5 2.3 -1
v 1.5 2.3 -1
v 1.6 2.3 -1
v -0.8 2.3 -1.5
v -0.7 2.3 -1.5
v 0.7 2.3 -1.5
v 0.8 2.3 -1.5
v -0.8 2.3 -1.6
v -0.7 2.3 -1.6
v 0.7 2.3 -1.6
v 0.8 2.3 -1.6
v -0.7 2.4 1.6
v -0.4 2.4 1.6
v 0.4 2.4 1.6
v 0.7 2.4 1.6
v -1 2.4 1.5
v -0.7 2.4 1.5
v -0.4 2.4 1.5
v 0.4 2.4 1.5
v 0.7 2.4 1.5
v 1 2.4 1.5
v -1.1 2.4 1.4
v -1 2.4 1.4
v -0.7 2.4 1.4
v 0.7 2.4 1.4
v 1 2.4 1.4
v 1.1 2.4 1.4
v -1.3 2.4 1.3
v -1.1 2.4 1.3
v -1 2.4 1.3
v 1 2.4 1.3
v 1.1 2.4 1.3
v 1.3 2.4 1.3
v -1.4 2.4 1.2
v -1.3 2.4 1.2
v -1.2 2.4 1.2
v -1.1 2.4 1.2
v 1.1 2.4 1.2
v 1.2 2.4 1.2
v 1.3 2.4 1.2
v 1.4 2.4 1.2
v -1.5 2.4 1.1
v -1.4 2.4 1.1
v -1.3 2.4 1.1
v -1.2 2.4 1.1
v 1.2 2.4 1.1
v 1.3 2.4 1.1
v 1.4 2.4 1.1
v 1.5 2.4 1.1
v -1.4 2.4 1
v -1.3 2.4 1
v 1.3 2.4 1
v 1.4 2.4 1
v -1.6 2.4 0.9
v -1.5 2.4 0.9
v -1.4 2.4 0.9
v 1.4 2.4 0.9
v 1.5 2.4 0.9
v 1.6 2.4 0.9
v -1.7 2.4 0.8
v -1.6 2.4 0.8
v -1.5 2.4 0.8
v 1.5 2.4 0.8
v 1.6 2.4 0.8
v 1.7 2.4 0.8
v -1.8 2.4 0.6
v -1.7 2.4 0.6
v -1.6 2.4 0.6
v 1.6 2.4 0.6
v 1.7 2.4 0.6
v 1.8 2.4 0.6
v -1.8 2.4 0.3
v -1.7 2.4 0.3
v 1.7 2.4 0.3
v 1.8 2.4 0.3
v -1.9 2.4 0.1
v -1.8 2.4 0.1
v 1.8 2.4 0.1
v 1.9 2.4 0.1
v -1.9 2.4 -0.0999999
v -1.8 2.4 -0.0999999
v 1.8 2.4 -0.0999999
v 1.9 2.4 -0.0999999
v -1.8 2.4 -0.3
v -1.7 2.4 -0.3
v 1.7 2.4 -0.3
v 1.8 2.4 -0.3
v -1.8 2.4 -0.6
v -1.7 2.4 -0.6
v -1.6 2.4 -0.6
v 1.6 2.4 -0.6
v 1.7 2.4 -0.6
v 1.8 2.4 -0.6
v -1.7 2.4 -0.8
v -1.6 2.4 -0.8
v -1.5 2.4 -0.8
v 1.5 2.4 -0.8
v 1.6 2.4 -0.8
v 1.7 2.4 -0.8
v -1.6 2.4 -0.9
v -1.5 2.4 -0.9
v -1.4 2.4 -0.9
v 1.4 2.4 -0.9
v 1.5 2.4 -0.9
v 1.6 2.4 -0.9
v -1.4 2.4 -1
v -1.3 2.4 -1
v 1.3 2.4 -1
v 1.4 2.4 -1
v -1.5 2.4 -1.1
v -1.4 2.4 -1.1
v -1.3 2.4 -1.1
v -1.2 2.4 -1.1
v 1.2 2.4 -1.1
v 1.3 2.4 -1.1
v 1.4 2.4 -1.1
v 1.5 2.4 -1.1
v -1.4 2.4 -1.2
v -1.3 2.4 -1.2
v -1.2 2.4 -1.2
v -1.1 2.4 -1.2
v 1.1 2.4 -1.2
v 1.2 2.4 -1.2
v 1.3 2.4 -1.2
v 1.4 2.4 -1.2
v -1.3 2.4 -1.3
v -1.1 2.4 -1.3
v -1 2.4 -1.3
v 1 2.4 -1.3
v 1.1 2.4 -1.3
v 1.3 2.4 -1.3
v -1.1 2.4 -1.4
v -1 2.4 -1.4
v -0.7 2.4 -1.4
v 0.7 2.4 -1.4
v 1 2.4 -1.4
v 1.1 2.4 -1.4
v -1 2.4 -1.5
v -0.7 2.4 -1.5
v -0.4 2.4 -1.5
v 0.4 2.4 -1.5
v 0.7 2.4 -1.5
v 1 2.4 -1.5
v -0.7 2.4 -1.6
v -0.4 2.4 -1.6
v 0.4 2.4 -1.6
v 0.7 2.4 -1.6
v -0.4 2.5 1.6
v 0.4 2.5 1.6
v -0.7 2.5 1.5
v -0.5 2.5 1.5
v -0.4 2.5 1.5
v 0.4 2.5 1.5
v 0.5 2.5 1.5
v 0.7 2.5 1.5
v -1 2.5 1.4
v -0.7 2.5 1.4
v -0.5 2.5 1.4
v -0.4 2.5 1.4
v -0.3 2.5 1.4
v 0.3 2.5 1.4
v 0.4 2.5 1.4
v 0.5 2.5 1.4
v 0.7 2.5 1.4
v 1 2.5 1.4
v -1.1 2.5 1.3
v -1 2.5 1.3
v -0.8 2.5 1.3
v -0.5 2.5 1.3
v 0.5 2.5 1.3
v 0.8 2.5 1.3
v 1 2.5 1.3
v 1.1 2.5 1.3
v -1.2 2.5 1.2
v -1.1 2.5 1.2
v -1 2.5 1.2
v -0.8 2.5 1.2
v 0.8 2.5 1.2
v 1 2.5 1.2
v 1.1 2.5 1.2
v 1.2 2.5 1.2
v -1.3 2.5 1.1
v -1.2 2.5 1.1
v -1.1 2.5 1.1
v -1 2.5 1.1
v 1 2.5 1.1
v 1.1 2.5 1.1
v 1.2 2.5 1.1
v 1.3 2.5 1.1
v -1.4 2.5 1
v -1.3 2.5 1
v -1.2 2.5 1
v -1.1 2.5 1
v 1.1 2.5 1
v 1.2 2.5 1
v 1.3 2.5 1
v 1.4 2.5 1
v -1.5 2.5 0.9
v -1.4 2.5 0.9
v -1.3 2.5 0.9
v -1.2 2.5 0.9
v 1.2 2.5 0.9
v 1.3 2.5 0.9
v 1.4 2.5 0.9
v 1.5 2.5 0.9
v -1.6 2.5 0.8
v -1.5 2.5 0.8
v -1.4 2.5 0.8
v -1.3 2.5 0.8
v 1.3 2.5 0.8
v 1.4 2.5 0.8
v 1.5 2.5 0.8
v 1.6 2.5 0.8
v -1.7 2.5 0.6
v -1.6 2.5 0.6
v -1.5 2.5 0.6
v -1.4 2.5 0.6
v 1.4 2.5 0.6
v 1.5 2.5 0.6
v 1.6 2.5 0.6
v 1.7 2.5 0.6
v -1.7 2.5 0.4
v -1.6 2.5 0.4
v -1.5 2.5 0.4
v 1.5 2.5 0.4
v 1.6 2.5 0.4
v 1.7 2.5 0.4
v -1.8 2.5 0.3
v -1.7 2.5 0.3
v -1.6 2.5 0.3
v 1.6 2.5 0.3
v 1.7 2.5 0.3
v 1.8 2.5 0.3
v -1.6 2.5 0.2
v 1.6 2.5 0.2
v -1.6 2.5 -0.2
v 1.6 2.5 -0.2
v -1.8 2.5 -0.3
v -1.7 2.5 -0.3
v -1.6 2.5 -0.3
v 1.6 2.5 -0.3
v 1.7 2.5 -0.3
v 1.8 2.5 -0.3
v -1.7 2.5 -0.4
v -1.6 2.5 -0.4
v -1.5 2.5 -0.4
v 1.5 2.5 -0.4
v 1.6 2.5 -0.4
v 1.7 2.5 -0.4
v -1.7 2.5 -0.6
v -1.6 2.5 -0.6
v -1.5 2.5 -0.6
v -1.4 2.5 -0.6
v 1.4 2.5 -0.6
v 1.5 2.5 -0.6
v 1.6 2.5 -0.6
v 1.7 2.5 -0.6
v -1.6 2.5 -0.8
v -1.5 2.5 -0.8
v -1.4 2.5 -0.8
v -1.3 2.5 -0.8
v 1.3 2.5 -0.8
v 1.4 2.5 -0.8
v 1.5 2.5 -0.8
v 1.6 2.5 -0.8
v -1.5 2.5 -0.9
v -1.4 2.5 -0.9
v -1.3 2.5 -0.9
v -1.2 2.5 -0.9
v 1.2 2.5 -0.9
v 1.3 2.5 -0.9
v 1.4 2.5 -0.9
v 1.5 2.5 -0.9
v -1.4 2.5 -1
v -1.3 2.5 -1
v -1.2 2.5 -1
v -1.1 2.5 -1
v 1.1 2.5 -1
v 1.2 2.5 -1
v 1.3 2.5 -1
v 1.4 2.5 -1
v -1.3 2.5 -1.1
v -1.2 2.5 -1.1
v -1.1 2.5 -1.1
v -1 2.5 -1.1
v 1 2.5 -1.1
v 1.1 2.5 -1.1
v 1.2 2.5 -1.1
v 1.3 2.5 -1.1
v -1.2 2.5 -1.2
v -1.1 2.5 -1.2
v -1 2.5 -1.2
v -0.8 2.5 -1.2
v 0.8 2.5 -1.2
v 1 2.5 -1.2
v 1.1 2.5 -1.2
v 1.2 2.5 -1.2
v -1.1 2.5 -1.3
v -1 2.5 -1.3
v -0.8 2.5 -1.3
v -0.5 2.5 -1.3
v 0.5 2.5 -1.3
v 0.8 2.5 -1.3
v 1 2.5 -1.3
v 1.1 2.5 -1.3
v -1 2.5 -1.4
v -0.7 2.5 -1.4
v -0.5 2.5 -1.4
v -0.4 2.5 -1.4
v -0.3 2.5 -1.4
v 0.3 2.5 -1.4
v 0.4 2.5 -1.4
v 0.5 2.5 -1.4
v 0.7 2.5 -1.4
v 1 2.5 -1.4
v -0.7 2.5 -1.5
v -0.5 2.5 -1.5
v -0.4 2.5 -1.5
v 0.4 2.5 -1.5
v 0.5 2.5 -1.5
v 0.7 2.5 -1.5
v -0.4 2.5 -1.6
v 0.4 2.5 -1.6
v -0.5 2.7 1.5
v 0.5 2.7 1.5
v -0.8 2.7 1.4
v -0.5 2.7 1.4
v 0.5 2.7 1.4
v 0.8 2.7 1.4
v -1 2.7 1.3
v -0.8 2.7 1.3
v -0.6 2.7 1.3
v 0.6 2.7 1.3
v 0.8 2.7 1.3
v 1 2.7 1.3
v -1.1 2.7 1.2
v -1 2.7 1.2
v -0.9 2.7 1.2
v -0.6 2.7 1.2
v 0.6 2.7 1.2
v 0.9 2.7 1.2
v 1 2.7 1.2
v 1.1 2.7 1.2
v -1.2 2.7 1.1
v -1.1 2.7 1.1
v -1 2.7 1.1
v -0.8 2.7 1.1
v -0.6 2.7 1.1
v 0.6 2.7 1.1
v 0.8 2.7 1.1
v 1 2.7 1.1
v 1.1 2.7 1.1
v 1.2 2.7 1.1
v -1.3 2.7 1
v -1.2 2.7 1
v -1.1 2.7 1
v -0.9 2.7 1
v -0.8 2.7 1
v 0.8 2.7 1
v 0.9 2.7 1
v 1.1 2.7 1
v 1.2 2.7 1
v 1.3 2.7 1
v -1.4 2.7 0.9
v -1.3 2.7 0.9
v -1.2 2.7 0.9
v -1.1 2.7 0.9
v -1 2.7 0.9
v -0.9 2.7 0.9
v 0.9 2.7 0.9
v 1 2.7 0.9
v 1.1 2.7 0.9
v 1.2 2.7 0.9
v 1.3 2.7 0.9
v 1.4 2.7 0.9
v -1.3 2.7 0.8
v -1.2 2.7 0.8
v -1.1 2.7 0.8
v -1 2.7 0.8
v 1 2.7 0.8
v 1.1 2.7 0.8
v 1.2 2.7 0.8
v 1.3 2.7 0.8
v -1.5 2.7 0.7
v -1.4 2.7 0.7
v -1.3 2.7 0.7
v -1.2 2.7 0.7
v -1.1 2.7 0.7
v 1.1 2.7 0.7
v 1.2 2.7 0.7
v 1.3 2.7 0.7
v 1.4 2.7 0.7
v 1.5 2.7 0.7
v -1.3 2.7 0.6
v -1.2 2.7 0.6
v 1.2 2.7 0.6
v 1.3 2.7 0.6
v -1.7 2.7 0.5
v -1.5 2.7 0.5
v 1.5 2.7 0.5
v 1.7 2.7 0.5
v -1.4 2.7 0.4
v -1.3 2.7 0.4
v 1.3 2.7 0.4
v 1.4 2.7 0.4
v -1.5 2.7 0.3
v -1.4 2.7 0.3
v 1.4 2.7 0.3
v 1.5 2.7 0.3
v -1.6 2.7 0.2
v -1.5 2.7 0.2
v 1.5 2.7 0.2
v 1.6 2.7 0.2
v -1.6 2.7 -0.2
v -1.5 2.7 -0.2
v 1.5 2.7 -0.2
v 1.6 2.7 -0.2
v -1.5 2.7 -0.3
v -1.4 2.7 -0.3
v 1.4 2.7 -0.3
v 1.5 2.7 -0.3
v -1.4 2.7 -0.4
v -1.3 2.7 -0.4
v 1.3 2.7 -0.4
v 1.4 2.7 -0.4
v -1.7 2.7 -0.5
v -1.5 2.7 -0.5
v 1.5 2.7 -0.5
v 1.7 2.7 -0.5
v -1.3 2.7 -0.6
v -1.2 2.7 -0.6
v 1.2 2.7 -0.6
v 1.3 2.7 -0.6
v -1.5 2.7 -0.7
v -1.4 2.7 -0.7
v -1.2 2.7 -0.7
v -1.1 2.7 -0.7
v 1.1 2.7 -0.7
v 1.2 2.7 -0.7
v 1.4 2.7 -0.7
v 1.5 2.7 -0.7
v -1.1 2.7 -0.8
v -1 2.7 -0.8
v 1 2.7 -0.8
v 1.1 2.7 -0.8
v -1.4 2.7 -0.9
v -1.3 2.7 -0.9
v -1.2 2.7 -0.9
v -1 2.7 -0.9
v -0.9 2.7 -0.9
v 0.9 2.7 -0.9
v 1 2.7 -0.9
v 1.2 2.7 -0.9
v 1.3 2.7 -0.9
v 1.4 2.7 -0.9
v -1.3 2.7 -1
v -1.2 2.7 -1
v -1.1 2.7 -1
v -0.9 2.7 -1
v -0.8 2.7 -1
v 0.8 2.7 -1
v 0.9 2.7 -1
v 1.1 2.7 -1
v 1.2 2.7 -1
v 1.3 2.7 -1
v -1.2 2.7 -1.1
v -1.1 2.7 -1.1
v -1 2.7 -1.1
v -0.8 2.7 -1.1
v -0.6 2.7 -1.1
v 0.6 2.7 -1.1
v 0.8 2.7 -1.1
v 1 2.7 -1.1
v 1.1 2.7 -1.1
v 1.2 2.7 -1.1
v -1.1 2.7 -1.2
v -1 2.7 -1.2
v 1 2.7 -1.2
v 1.1 2.7 -1.2
v -1 2.7 -1.3
v -0.8 2.7 -1.3
v -0.6 2.7 -1.3
v 0.6 2.7 -1.3
v 0.8 2.7 -1.3
v 1 2.7 -1.3
v -0.8 2.7 -1.4
v -0.5 2.7 -1.4
v 0.5 2.7 -1.4
v 0.8 2.7 -1.4
v -0.5 2.7 -1.5
v 0.5 2.7 -1.5
v -0.5 2.8 1.2
v -0.4 2.8 1.2
v 0.4 2.8 1.2
v 0.5 2.8 1.2
v -0.4 2.8 1.1
v 0.4 2.8 1.1
v -0.7 2.8 1
v -0.5 2.8 1
v 0.5 2.8 1
v 0.7 2.8 1
v -0.8 2.8 0.9
v -0.7 2.8 0.9
v -0.6 2.8 0.9
v -0.4 2.8 0.9
v 0.4 2.8 0.9
v 0.6 2.8 0.9
v 0.7 2.8 0.9
v 0.8 2.8 0.9
v -0.9 2.8 0.8
v -0.8 2.8 0.8
v -0.7 2.8 0.8
v -0.6 2.8 0.8
v 0.6 2.8 0.8
v 0.7 2.8 0.8
v 0.8 2.8 0.8
v 0.9 2.8 0.8
v -1 2.8 0.7
v -0.9 2.8 0.7
v -0.8 2.8 0.7
v -0.7 2.8 0.7
v -0.4 2.8 0.7
v 0.4 2.8 0.7
v 0.7 2.8 0.7
v 0.8 2.8 0.7
v 0.9 2.8 0.7
v 1 2.8 0.7
v -1.1 2.8 0.6
v -1 2.8 0.6
v -0.9 2.8 0.6
v -0.8 2.8 0.6
v -0.5 2.8 0.6
v -0.4 2.8 0.6
v 0.4 2.8 0.6
v 0.5 2.8 0.6
v 0.8 2.8 0.6
v 0.9 2.8 0.6
v 1 2.8 0.6
v 1.1 2.8 0.6
v -1.2 2.8 0.5
v -1.1 2.8 0.5
v -1 2.8 0.5
v -0.9 2.8 0.5
v -0.6 2.8 0.5
v -0.5 2.8 0.5
v 0.5 2.8 0.5
v 0.6 2.8 0.5
v 0.9 2.8 0.5
v 1 2.8 0.5
v 1.1 2.8 0.5
v 1.2 2.8 0.5
v -1.3 2.8 0.4
v -1.2 2.8 0.4
v -1.1 2.8 0.4
v -1 2.8 0.4
v -0.7 2.8 0.4
v -0.6 2.8 0.4
v 0.6 2.8 0.4
v 0.7 2.8 0.4
v 1 2.8 0.4
v 1.1 2.8 0.4
v 1.2 2.8 0.4
v 1.3 2.8 0.4
v -1.5 2.8 0.3
v -1.4 2.8 0.3
v -1.3 2.8 0.3
v -1.2 2.8 0.3
v -1.1 2.8 0.3
v -0.8 2.8 0.3
v -0.7 2.8 0.3
v 0.7 2.8 0.3
v 0.8 2.8 0.3
v 1.1 2.8 0.3
v 1.2 2.8 0.3
v 1.3 2.8 0.3
v 1.4 2.8 0.3
v 1.5 2.8 0.3
v -1.6 2.8 0.2
v -1.5 2.8 0.2
v -1.4 2.8 0.2
v 1.4 2.8 0.2
v 1.5 2.8 0.2
v 1.6 2.8 0.2
v -1.6 2.8 -0.2
v -1.5 2.8 -0.2
v -1.4 2.8 -0.2
v 1.4 2.8 -0.2
v 1.5 2.8 -0.2
v 1.6 2.8 -0.2
v -1.5 2.8 -0.3
v -1.4 2.8 -0.3
v -1.3 2.8 -0.3
v -0.8 2.8 -0.3
v -0.7 2.8 -0.3
v 0.7 2.8 -0.3
v 0.8 2.8 -0.3
v 1.3 2.8 -0.3
v 1.4 2.8 -0.3
v 1.5 2.8 -0.3
v -1.3 2.8 -0.4
v -1.2 2.8 -0.4
v -1 2.8 -0.4
v -0.7 2.8 -0.4
v -0.6 2.8 -0.4
v 0.6 2.8 -0.4
v 0.7 2.8 -0.4
v 1 2.8 -0.4
v 1.2 2.8 -0.4
v 1.3 2.8 -0.4
v -1.2 2.8 -0.5
v -1.1 2.8 -0.5
v -1 2.8 -0.5
v -0.9 2.8 -0.5
v -0.6 2.8 -0.5
v -0.5 2.8 -0.5
v 0.5 2.8 -0.5
v 0.6 2.8 -0.5
v 0.9 2.8 -0.5
v 1 2.8 -0.5
v 1.1 2.8 -0.5
v 1.2 2.8 -0.5
v -1.1 2.8 -0.6
v -1 2.8 -0.6
v -0.9 2.8 -0.6
v -0.8 2.8 -0.6
v -0.5 2.8 -0.6
v -0.4 2.8 -0.6
v 0.4 2.8 -0.6
v 0.5 2.8 -0.6
v 0.8 2.8 -0.6
v 0.9 2.8 -0.6
v 1 2.8 -0.6
v 1.1 2.8 -0.6
v -1 2.8 -0.7
v -0.9 2.8 -0.7
v -0.8 2.8 -0.7
v -0.7 2.8 -0.7
v -0.4 2.8 -0.7
v 0.4 2.8 -0.7
v 0.7 2.8 -0.7
v 0.8 2.8 -0.7
v 0.9 2.8 -0.7
v 1 2.8 -0.7
v -0.9 2.8 -0.8
v -0.8 2.8 -0.8
v -0.7 2.8 -0.8
v -0.6 2.8 -0.8
v 0.6 2.8 -0.8
v 0.7 2.8 -0.8
v 0.8 2.8 -0.8
v 0.9 2.8 -0.8
v -0.8 2.8 -0.9
v -0.7 2.8 -0.9
v -0.6 2.8 -0.9
v -0.4 2.8 -0.9
v 0.4 2.8 -0.9
v 0.6 2.8 -0.9
v 0.7 2.8 -0.9
v 0.8 2.8 -0.9
v -0.7 2.8 -1
v -0.5 2.8 -1
v 0.5 2.8 -1
v 0.7 2.8 -1
v -0.4 2.8 -1.1
v 0.4 2.8 -1.1
v -0.5 2.8 -1.2
v -0.4 2.8 -1.2
v 0.4 2.8 -1.2
v 0.5 2.8 -1.2
v -0.6 2.9 1.3
v -0.4 2.9 1.3
v 0.4 2.9 1.3
v 0.6 2.9 1.3
v -0.5 2.9 1.2
v -0.4 2.9 1.2
v 0.4 2.9 1.2
v 0.5 2.9 1.2
v -0.8 2.9 1.1
v -0.6 2.9 1.1
v 0.6 2.9 1.1
v 0.8 2.9 1.1
v -0.9 2.9 1
v -0.8 2.9 1
v -0.7 2.9 1
v -0.5 2.9 1
v 0.5 2.9 1
v 0.7 2.9 1
v 0.8 2.9 1
v 0.9 2.9 1
v -1 2.9 0.9
v -0.9 2.9 0.9
v -0.8 2.9 0.9
v -0.7 2.9 0.9
v 0.7 2.9 0.9
v 0.8 2.9 0.9
v 0.9 2.9 0.9
v 1 2.9 0.9
v -1.1 2.9 0.8
v -1 2.9 0.8
v -0.9 2.9 0.8
v -0.8 2.9 0.8
v 0.8 2.9 0.8
v 0.9 2.9 0.8
v 1 2.9 0.8
v 1.1 2.9 0.8
v -1.2 2.9 0.7
v -1.1 2.9 0.7
v -1 2.9 0.7
v -0.9 2.9 0.7
v -0.4 2.9 0.7
v 0.4 2.9 0.7
v 0.9 2.9 0.7
v 1 2.9 0.7
v 1.1 2.9 0.7
v 1.2 2.9 0.7
v -1.3 2.9 0.6
v -1.2 2.9 0.6
v -1.1 2.9 0.6
v -1 2.9 0.6
v -0.5 2.9 0.6
v -0.4 2.9 0.6
v 0.4 2.9 0.6
v 0.5 2.9 0.6
v 1 2.9 0.6
v 1.1 2.9 0.6
v 1.2 2.9 0.6
v 1.3 2.9 0.6
v -1.2 2.9 0.5
v -1.1 2.9 0.5
v -0.6 2.9 0.5
v -0.5 2.9 0.5
v -0.4 2.9 0.5
v 0.4 2.9 0.5
v 0.5 2.9 0.5
v 0.6 2.9 0.5
v 1.1 2.9 0.5
v 1.2 2.9 0.5
v -1.3 2.9 0.4
v -1.2 2.9 0.4
v -0.7 2.9 0.4
v -0.6 2.9 0.4
v -0.5 2.9 0.4
v -0.4 2.9 0.4
v 0.4 2.9 0.4
v 0.5 2.9 0.4
v 0.6 2.9 0.4
v 0.7 2.9 0.4
v 1.2 2.9 0.4
v 1.3 2.9 0.4
v -0.8 2.9 0.3
v -0.7 2.9 0.3
v -0.6 2.9 0.3
v -0.5 2.9 0.3
v 0.5 2.9 0.3
v 0.6 2.9 0.3
v 0.7 2.9 0.3
v 0.8 2.9 0.3
v -0.8 2.9 -0.3
v -0.7 2.9 -0.3
v -0.6 2.9 -0.3
v -0.5 2.9 -0.3
v 0.5 2.9 -0.3
v 0.6 2.9 -0.3
v 0.7 2.9 -0.3
v 0.8 2.9 -0.3
v -1.3 2.9 -0.4
v -1.2 2.9 -0.4
v -0.7 2.9 -0.4
v -0.6 2.9 -0.4
v -0.5 2.9 -0.4
v -0.4 2.9 -0.4
v 0.4 2.9 -0.4
v 0.5 2.9 -0.4
v 0.6 2.9 -0.4
v 0.7 2.9 -0.4
v 1.2 2.9 -0.4
v 1.3 2.9 -0.4
v -1.2 2.9 -0.5
v -1.1 2.9 -0.5
v -0.6 2.9 -0.5
v -0.5 2.9 -0.5
v -0.4 2.9 -0.5
v 0.4 2.9 -0.5
v 0.5 2.9 -0.5
v 0.6 2.9 -0.5
v 1.1 2.9 -0.5
v 1.2 2.9 -0.5
v -1.3 2.9 -0.6
v -1.2 2.9 -0.6
v -1.1 2.9 -0.6
v -1 2.9 -0.6
v -0.5 2.9 -0.6
v -0.4 2.9 -0.6
v 0.4 2.9 -0.6
v 0.5 2.9 -0.6
v 1 2.9 -0.6
v 1.1 2.9 -0.6
v 1.2 2.9 -0.6
v 1.3 2.9 -0.6
v -1.2 2.9 -0.7
v -1.1 2.9 -0.7
v -1 2.9 -0.7
v -0.9 2.9 -0.7
v -0.4 2.9 -0.7
v 0.4 2.9 -0.7
v 0.9 2.9 -0.7
v 1 2.9 -0.7
v 1.1 2.9 -0.7
v 1.2 2.9 -0.7
v -1.1 2.9 -0.8
v -1 2.9 -0.8
v -0.9 2.9 -0.8
v -0.8 2.9 -0.8
v 0.8 2.9 -0.8
v 0.9 2.9 -0.8
v 1 2.9 -0.8
v 1.1 2.9 -0.8
v -1 2.9 -0.9
v -0.9 2.9 -0.9
v -0.8 2.9 -0.9
v -0.7 2.9 -0.9
v 0.7 2.9 -0.9
v 0.8 2.9 -0.9
v 0.9 2.9 -0.9
v 1 2.9 -0.9
v -0.9 2.9 -1
v -0.8 2.9 -1
v -0.7 2.9 -1
v -0.5 2.9 -1
v 0.5 2.9 -1
v 0.7 2.9 -1
v 0.8 2.9 -1
v 0.9 2.9 -1
v -0.8 2.9 -1.1
v -0.6 2.9 -1.1
v 0.6 2.9 -1.1
v 0.8 2.9 -1.1
v -0.5 2.9 -1.2
v -0.4 2.9 -1.2
v 0.4 2.9 -1.2
v 0.5 2.9 -1.2
v -0.6 2.9 -1.3
v -0.4 2.9 -1.3
v 0.4 2.9 -1.3
v 0.6 2.9 -1.3
v -1.4 3 0.4
v -1.3 3 0.4
v 1.3 3 0.4
v 1.4 3 0.4
v -1.4 3 0.3
v -1.3 3 0.3
v 1.3 3 0.3
v 1.4 3 0.3
v -1.4 3 -0.3
v -1.3 3 -0.3
v 1.3 3 -0.3
v 1.4 3 -0.3
v -1.4 3 -0.4
v -1.3 3 -0.4
v 1.3 3 -0.4
v 1.4 3 -0.4
v -1.4 3.1 0.3
v -1.3 3.1 0.3
v 1.3 3.1 0.3
v 1.4 3.1 0.3
v -1.4 3.1 -0.3
v -1.3 3.1 -0.3
v 1.3 3.1 -0.3
v 1.4 3.1 -0.3
v -0.4 3.2 0.6
v 0.4 3.2 0.6
v -0.5 3.2 0.5
v -0.4 3.2 0.5
v 0.4 3.2 0.5
v 0.5 3.2 0.5
v -0.6 3.2 0.4
v -0.5 3.2 0.4
v -0.4 3.2 0.4
v 0.4 3.2 0.4
v 0.5 3.2 0.4
v 0.6 3.2 0.4
v -0.7 3.2 0.3
v -0.6 3.2 0.3
v -0.5 3.2 0.3
v 0.5 3.2 0.3
v 0.6 3.2 0.3
v 0.7 3.2 0.3
v -0.7 3.2 -0.3
v -0.6 3.2 -0.3
v -0.5 3.2 -0.3
v 0.5 3.2 -0.3
v 0.6 3.2 -0.3
v 0.7 3.2 -0.3
v -0.6 3.2 -0.4
v -0.5 3.2 -0.4
v -0.4 3.2 -0.4
v 0.4 3.2 -0.4
v 0.5 3.2 -0.4
v 0.6 3.2 -0.4
v -0.5 3.2 -0.5
v -0.4 3.2 -0.5
v 0.4 3.2 -0.5
v 0.5 3.2 -0.5
v -0.4 3.2 -0.6
v 0.4 3.2 -0.6
v -0.4 3.3 0.5
v 0.4 3.3 0.5
v -0.5 3.3 0.4
v -0.4 3.3 0.4
v 0.4 3.3 0.4
v 0.5 3.3 0.4
v -0.6 3.3 0.3
v -0.5 3.3 0.3
v 0.5 3.3 0.3
v 0.6 3.3 0.3
v -0.6 3.3 -0.3
v -0.5 3.3 -0.3
v 0.5 3.3 -0.3
v 0.6 3.3 -0.3
v -0.5 3.3 -0.4
v 0.5 3.3 -0.4

# faces
f 5/4/1 2/4/1 1/4/1
f 6/4/1 2/4/1 5/4/1
f 9/6/1 4/6/1 3/6/1
f 10/4/1 5/4/1 4/4/1
f 10/6/1 4/6/1 9/6/1
f 11/4/1 5/4/1 10/4/1
f 12/4/1 7/4/1 6/4/1
f 13/6/1 8/6/1 7/6/1
f 13/4/1 7/4/1 12/4/1
f 14/6/1 8/6/1 13/6/1
f 15/4/1 12/4/1 11/4/1
f 16/4/1 12/4/1 15/4/1
f 20/4/1 18/4/1 17/4/1
f 21/4/1 18/4/1 20/4/1
f 22/4/1 18/4/1 21/4/1
f 23/4/1 18/4/1 22/4/1
f 26/4/1 20/4/1 19/4/1
f 26/4/1 21/4/1 20/4/1
f 27/4/1 21/4/1 26/4/1
f 28/4/1 21/4/1 27/4/1
f 29/4/1 21/4/1 28/4/1
f 30/4/1 23/4/1 22/4/1
f 30/4/1 24/4/1 23/4/1
f 31/4/1 24/4/1 30/4/1
f 32/4/1 24/4/1 31/4/1
f 33/4/1 24/4/1 32/4/1
f 35/6/1 26/6/1 25/6/1
f 35/6/1 27/6/1 26/6/1
f 36/6/1 27/6/1 35/6/1
f 37/6/1 27/6/1 36/6/1
f 39/2/1 30/2/1 29/2/1
f 40/2/1 30/2/1 39/2/1
f 42/6/1 34/6/1 33/6/1
f 42/6/1 33/6/1 32/6/1
f 43/6/1 34/6/1 42/6/1
f 44/6/1 34/6/1 43/6/1
f 45/4/1 38/4/1 37/4/1
f 45/4/1 37/4/1 36/4/1
f 45/4/1 39/4/1 38/4/1
f 46/4/1 39/4/1 45/4/1
f 47/4/1 39/4/1 46/4/1
f 48/4/1 41/4/1 40/4/1
f 48/4/1 43/4/1 42/4/1
f 48/4/1 42/4/1 41/4/1
f 49/4/1 43/4/1 48/4/1
f 50/4/1 43/4/1 49/4/1
f 51/4/1 47/4/1 46/4/1
f 51/4/1 49/4/1 48/4/1
f 51/4/1 48/4/1 47/4/1
f 52/4/1 49/4/1 51/4/1
f 58/4/1 54/4/1 53/4/1
f 59/4/1 54/4/1 58/4/1
f 60/4/1 56/4/1 55/4/1
f 61/4/1 56/4/1 60/4/1
f 64/4/1 58/4/1 57/4/1
f 65/4/1 58/4/1 64/4/1
f 66/4/1 58/4/1 65/4/1
f 67/4/1 62/4/1 61/4/1
f 68/4/1 62/4/1 67/4/1
f 69/4/1 62/4/1 68/4/1
f 71/6/1 64/6/1 63/6/1
f 71/6/1 65/6/1 64/6/1
f 72/6/1 65/6/1 71/6/1
f 73/6/1 65/6/1 72/6/1
f 76/6/1 70/6/1 69/6/1
f 76/6/1 69/6/1 68/6/1
f 77/6/1 70/6/1 76/6/1
f 78/6/1 70/6/1 77/6/1
f 79/4/1 74/4/1 73/4/1
f 79/4/1 73/4/1 72/4/1
f 80/4/1 74/4/1 79/4/1
f 83/4/1 77/4/1 76/4/1
f 83/4/1 76/4/1 75/4/1
f 84/4/1 77/4/1 83/4/1
f 85/4/1 81/4/1 80/4/1
f 86/4/1 81/4/1 85/4/1
f 87/4/1 81/4/1 86/4/1
f 88/4/1 83/4/1 82/4/1
f 89/4/1 83/4/1 88/4/1
f 90/4/1 83/4/1 89/4/1
f 92/4/1 87/4/1 86/4/1
f 93/4/1 87/4/1 92/4/1
f 94/4/1 89/4/1 88/4/1
f 95/4/1 89/4/1 94/4/1
f 97/4/1 93/4/1 92/4/1
f 97/4/1 96/4/1 95/4/1
f 97/4/1 95/4/1 94/4/1
f 97/4/1 94/4/1 93/4/1
f 97/4/1 92/4/1 91/4/1
f 98/4/1 96/4/1 97/4/1
f 101/4/1 100/4/1 99/4/1
f 102/4/1 100/4/1 101/4/1
f 105/5/1 102/5/1 101/5/1
f 106/5/1 102/5/1 105/5/1
f 110/4/1 104/4/1 103/4/1
f 111/4/1 104/4/1 110/4/1
f 112/4/1 108/4/1 107/4/1
f 113/4/1 108/4/1 112/4/1
f 116/4/1 110/4/1 109/4/1
f 117/4/1 110/4/1 116/4/1
f 118/4/1 114/4/1 113/4/1
f 119/4/1 114/4/1 118/4/1
f 121/6/1 116/6/1 115/6/1
f 122/6/1 116/6/1 121/6/1
f 125/6/1 120/6/1 119/6/1
f 126/6/1 120/6/1 125/6/1
f 127/4/1 123/4/1 122/4/1
f 128/4/1 123/4/1 127/4/1
f 131/4/1 125/4/1 124/4/1
f 132/4/1 125/4/1 131/4/1
f 133/4/1 129/4/1 128/4/1
f 134/4/1 129/4/1 133/4/1
f 139/4/1 131/4/1 130/4/1
f 140/4/1 131/4/1 139/4/1
f 141/1/1 136/1/1 135/1/1
f 142/2/1 137/2/1 136/2/1
f 142/1/1 136/1/1 141/1/1
f 143/1/1 138/1/1 137/1/1
f 143/2/1 137/2/1 142/2/1
f 144/1/1 138/1/1 143/1/1
f 147/5/1 146/5/1 145/5/1
f 148/5/1 146/5/1 147/5/1
f 153/4/1 150/4/1 149/4/1
f 154/4/1 150/4/1 153/4/1
f 155/4/1 152/4/1 151/4/1
f 156/4/1 152/4/1 155/4/1
f 159/5/1 154/5/1 153/5/1
f 160/5/1 154/5/1 159/5/1
f 161/5/1 156/5/1 155/5/1
f 162/5/1 156/5/1 161/5/1
f 166/4/1 158/4/1 157/4/1
f 167/4/1 158/4/1 166/4/1
f 168/4/1 164/4/1 163/4/1
f 169/4/1 164/4/1 168/4/1
f 171/4/1 166/4/1 165/4/1
f 172/4/1 166/4/1 171/4/1
f 173/4/1 166/4/1 172/4/1
f 174/4/1 170/4/1 169/4/1
f 175/4/1 170/4/1 174/4/1
f 176/4/1 170/4/1 175/4/1
f 177/6/1 172/6/1 171/6/1
f 178/6/1 172/6/1 177/6/1
f 181/6/1 176/6/1 175/6/1
f 182/6/1 176/6/1 181/6/1
f 183/4/1 179/4/1 178/4/1
f 183/4/1 178/4/1 177/4/1
f 184/4/1 179/4/1 183/4/1
f 187/4/1 182/4/1 181/4/1
f 187/4/1 181/4/1 180/4/1
f 188/4/1 182/4/1 187/4/1
f 189/4/1 185/4/1 184/4/1
f 190/4/1 185/4/1 189/4/1
f 195/4/1 187/4/1 186/4/1
f 196/4/1 187/4/1 195/4/1
f 198/6/1 192/6/1 191/6/1
f 199/6/1 192/6/1 198/6/1
f 200/6/1 192/6/1 199/6/1
f 201/6/1 194/6/1 193/6/1
f 202/6/1 194/6/1 201/6/1
f 203/6/1 194/6/1 202/6/1
f 205/4/1 198/4/1 197/4/1
f 205/4/1 199/4/1 198/4/1
f 206/4/1 199/4/1 205/4/1
f 211/4/1 204/4/1 203/4/1
f 211/4/1 203/4/1 202/4/1
f 212/4/1 204/4/1 211/4/1
f 213/5/1 208/5/1 207/5/1
f 214/5/1 208/5/1 213/5/1
f 215/5/1 210/5/1 209/5/1
f 216/5/1 210/5/1 215/5/1
f 221/4/1 218/4/1 217/4/1
f 222/4/1 218/4/1 221/4/1
f 223/4/1 220/4/1 219/4/1
f 224/4/1 220/4/1 223/4/1
f 227/5/1 222/5/1 221/5/1
f 228/5/1 222/5/1 227/5/1
f 229/5/1 224/5/1 223/5/1
f 230/5/1 224/5/1 229/5/1
f 235/3/1 226/3/1 225/3/1
f 236/3/1 226/3/1 235/3/1
f 237/4/1 232/4/1 231/4/1
f 238/4/1 232/4/1 237/4/1
f 241/4/1 234/4/1 233/4/1
f 242/4/1 234/4/1 241/4/1
f 243/3/1 240/3/1 239/3/1
f 244/3/1 240/3/1 243/3/1
f 245/6/1 242/6/1 241/6/1
f 246/6/1 242/6/1 245/6/1
f 247/6/1 244/6/1 243/6/1
f 248/6/1 244/6/1 247/6/1
f 249/4/1 246/4/1 245/4/1
f 250/4/1 246/4/1 249/4/1
f 255/4/1 248/4/1 247/4/1
f 256/4/1 248/4/1 255/4/1
f 257/3/1 252/3/1 251/3/1
f 258/3/1 252/3/1 257/3/1
f 263/4/1 254/4/1 253/4/1
f 264/4/1 254/4/1 263/4/1
f 266/6/1 260/6/1 259/6/1
f 267/6/1 260/6/1 266/6/1
f 268/6/1 260/6/1 267/6/1
f 269/6/1 262/6/1 261/6/1
f 270/6/1 262/6/1 269/6/1
f 271/6/1 262/6/1 270/6/1
f 273/4/1 266/4/1 265/4/1
f 273/4/1 267/4/1 266/4/1
f 274/4/1 267/4/1 273/4/1
f 279/4/1 272/4/1 271/4/1
f 279/4/1 271/4/1 270/4/1
f 280/4/1 272/4/1 279/4/1
f 281/5/1 276/5/1 275/5/1
f 282/5/1 276/5/1 281/5/1
f 283/5/1 278/5/1 277/5/1
f 284/5/1 278/5/1 283/5/1
f 285/4/1 282/4/1 281/4/1
f 286/4/1 282/4/1 285/4/1
f 287/4/1 284/4/1 283/4/1
f 288/4/1 284/4/1 287/4/1
f 289/3/1 287/3/1 286/3/1
f 290/3/1 287/3/1 289/3/1
f 295/4/1 292/4/1 291/4/1
f 296/4/1 292/4/1 295/4/1
f 299/3/1 294/3/1 293/3/1
f 300/3/1 294/3/1 299/3/1
f 301/4/1 298/4/1 297/4/1
f 302/4/1 298/4/1 301/4/1
f 305/5/1 300/5/1 299/5/1
f 306/5/1 300/5/1 305/5/1
f 307/5/1 302/5/1 301/5/1
f 308/5/1 302/5/1 307/5/1
f 313/3/1 304/3/1 303/3/1
f 314/3/1 304/3/1 313/3/1
f 315/4/1 310/4/1 309/4/1
f 316/4/1 310/4/1 315/4/1
f 319/4/1 312/4/1 311/4/1
f 320/4/1 312/4/1 319/4/1
f 321/3/1 318/3/1 317/3/1
f 322/3/1 318/3/1 321/3/1
f 323/6/1 320/6/1 319/6/1
f 324/6/1 320/6/1 323/6/1
f 325/6/1 322/6/1 321/6/1
f 326/6/1 322/6/1 325/6/1
f 327/4/1 324/4/1 323/4/1
f 328/4/1 324/4/1 327/4/1
f 333/4/1 326/4/1 325/4/1
f 334/4/1 326/4/1 333/4/1
f 335/3/1 330/3/1 329/3/1
f 336/3/1 330/3/1 335/3/1
f 341/3/1 332/3/1 331/3/1
f 342/3/1 332/3/1 341/3/1
f 344/6/1 338/6/1 337/6/1
f 345/6/1 338/6/1 344/6/1
f 346/6/1 340/6/1 339/6/1
f 347/6/1 340/6/1 346/6/1
f 349/3/1 344/3/1 343/3/1
f 350/3/1 344/3/1 349/3/1
f 355/3/1 348/3/1 347/3/1
f 356/3/1 348/3/1 355/3/1
f 357/5/1 352/5/1 351/5/1
f 358/5/1 352/5/1 357/5/1
f 359/5/1 354/5/1 353/5/1
f 360/5/1 354/5/1 359/5/1
f 361/4/1 358/4/1 357/4/1
f 362/4/1 358/4/1 361/4/1
f 363/4/1 360/4/1 359/4/1
f 364/4/1 360/4/1 363/4/1
f 371/4/1 366/4/1 365/4/1
f 372/4/1 366/4/1 371/4/1
f 373/4/1 368/4/1 367/4/1
f 374/4/1 368/4/1 373/4/1
f 377/3/1 370/3/1 369/3/1
f 378/3/1 370/3/1 377/3/1
f 379/3/1 376/3/1 375/3/1
f 380/3/1 376/3/1 379/3/1
f 383/5/1 378/5/1 377/5/1
f 384/5/1 378/5/1 383/5/1
f 385/5/1 380/5/1 379/5/1
f 386/5/1 380/5/1 385/5/1
f 389/3/1 382/3/1 381/3/1
f 390/3/1 382/3/1 389/3/1
f 391/4/1 388/4/1 387/4/1
f 392/4/1 388/4/1 391/4/1
f 397/3/1 394/3/1 393/3/1
f 398/3/1 394/3/1 397/3/1
f 403/3/1 396/3/1 395/3/1
f 404/3/1 396/3/1 403/3/1
f 406/6/1 400/6/1 399/6/1
f 407/6/1 400/6/1 406/6/1
f 408/6/1 402/6/1 401/6/1
f 409/6/1 402/6/1 408/6/1
f 411/3/1 406/3/1 405/3/1
f 412/3/1 406/3/1 411/3/1
f 417/3/1 410/3/1 409/3/1
f 418/3/1 410/3/1 417/3/1
f 419/5/1 414/5/1 413/5/1
f 420/5/1 414/5/1 419/5/1
f 421/5/1 416/5/1 415/5/1
f 422/5/1 416/5/1 421/5/1
f 423/4/1 420/4/1 419/4/1
f 424/4/1 420/4/1 423/4/1
f 425/4/1 422/4/1 421/4/1
f 426/4/1 422/4/1 425/4/1
f 433/4/1 428/4/1 427/4/1
f 434/4/1 428/4/1 433/4/1
f 435/3/1 430/3/1 429/3/1
f 436/3/1 430/3/1 435/3/1
f 439/3/1 432/3/1 431/3/1
f 440/3/1 432/3/1 439/3/1
f 441/3/1 438/3/1 437/3/1
f 442/3/1 438/3/1 441/3/1
f 445/5/1 440/5/1 439/5/1
f 446/5/1 440/5/1 445/5/1
f 447/5/1 442/5/1 441/5/1
f 448/5/1 442/5/1 447/5/1
f 452/4/1 444/4/1 443/4/1
f 453/4/1 444/4/1 452/4/1
f 454/4/1 450/4/1 449/4/1
f 455/4/1 450/4/1 454/4/1
f 457/4/1 452/4/1 451/4/1
f 458/4/1 452/4/1 457/4/1
f 459/3/1 456/3/1 455/3/1
f 460/3/1 456/3/1 459/3/1
f 461/6/1 458/6/1 457/6/1
f 462/6/1 458/6/1 461/6/1
f 463/6/1 460/6/1 459/6/1
f 464/6/1 460/6/1 463/6/1
f 465/4/1 462/4/1 461/4/1
f 466/4/1 462/4/1 465/4/1
f 469/4/1 464/4/1 463/4/1
f 470/4/1 464/4/1 469/4/1
f 471/4/1 467/4/1 466/4/1
f 472/4/1 467/4/1 471/4/1
f 477/3/1 469/3/1 468/3/1
f 478/3/1 469/3/1 477/3/1
f 480/6/1 474/6/1 473/6/1
f 481/6/1 474/6/1 480/6/1
f 482/6/1 476/6/1 475/6/1
f 483/6/1 476/6/1 482/6/1
f 485/3/1 480/3/1 479/3/1
f 486/3/1 480/3/1 485/3/1
f 491/3/1 484/3/1 483/3/1
f 492/3/1 484/3/1 491/3/1
f 493/5/1 488/5/1 487/5/1
f 494/5/1 488/5/1 493/5/1
f 495/5/1 490/5/1 489/5/1
f 496/5/1 490/5/1 495/5/1
f 497/3/1 494/3/1 493/3/1
f 498/3/1 494/3/1 497/3/1
f 499/3/1 496/3/1 495/3/1
f 500/3/1 496/3/1 499/3/1
f 507/4/1 502/4/1 501/4/1
f 508/4/1 502/4/1 507/4/1
f 509/3/1 504/3/1 503/3/1
f 510/3/1 504/3/1 509/3/1
f 513/4/1 506/4/1 505/4/1
f 514/4/1 506/4/1 513/4/1
f 515/3/1 512/3/1 511/3/1
f 516/3/1 512/3/1 515/3/1
f 519/5/1 514/5/1 513/5/1
f 520/5/1 514/5/1 519/5/1
f 521/5/1 516/5/1 515/5/1
f 522/5/1 516/5/1 521/5/1
f 526/4/1 518/4/1 517/4/1
f 527/4/1 518/4/1 526/4/1
f 528/4/1 524/4/1 523/4/1
f 529/4/1 524/4/1 528/4/1
f 531/4/1 526/4/1 525/4/1
f 532/4/1 526/4/1 531/4/1
f 533/4/1 530/4/1 529/4/1
f 534/4/1 530/4/1 533/4/1
f 535/6/1 532/6/1 531/6/1
f 536/6/1 532/6/1 535/6/1
f 537/6/1 534/6/1 533/6/1
f 538/6/1 534/6/1 537/6/1
f 539/4/1 536/4/1 535/4/1
f 540/4/1 536/4/1 539/4/1
f 543/4/1 538/4/1 537/4/1
f 544/4/1 538/4/1 543/4/1
f 545/4/1 541/4/1 540/4/1
f 546/4/1 541/4/1 545/4/1
f 551/4/1 543/4/1 542/4/1
f 552/4/1 543/4/1 551/4/1
f 554/6/1 548/6/1 547/6/1
f 555/6/1 548/6/1 554/6/1
f 556/6/1 550/6/1 549/6/1
f 557/6/1 550/6/1 556/6/1
f 559/4/1 554/4/1 553/4/1
f 560/4/1 554/4/1 559/4/1
f 565/4/1 558/4/1 557/4/1
f 566/4/1 558/4/1 565/4/1
f 567/5/1 562/5/1 561/5/1
f 568/5/1 562/5/1 567/5/1
f 569/5/1 564/5/1 563/5/1
f 570/5/1 564/5/1 569/5/1
f 571/3/1 568/3/1 567/3/1
f 572/3/1 568/3/1 571/3/1
f 573/3/1 570/3/1 569/3/1
f 574/3/1 570/3/1 573/3/1
f 579/4/1 576/4/1 575/4/1
f 580/4/1 576/4/1 579/4/1
f 583/4/1 578/4/1 577/4/1
f 584/4/1 578/4/1 583/4/1
f 585/3/1 582/3/1 581/3/1
f 586/3/1 582/3/1 585/3/1
f 591/5/1 588/5/1 587/5/1
f 592/5/1 588/5/1 591/5/1
f 593/5/1 590/5/1 589/5/1
f 594/5/1 590/5/1 593/5/1
f 595/3/1 592/3/1 591/3/1
f 596/3/1 592/3/1 595/3/1
f 597/3/1 594/3/1 593/3/1
f 598/3/1 594/3/1 597/3/1
f 605/4/1 600/4/1 599/4/1
f 606/4/1 600/4/1 605/4/1
f 607/4/1 602/4/1 601/4/1
f 608/4/1 602/4/1 607/4/1
f 613/4/1 604/4/1 603/4/1
f 614/4/1 604/4/1 613/4/1
f 615/3/1 610/3/1 609/3/1
f 616/3/1 610/3/1 615/3/1
f 619/4/1 612/4/1 611/4/1
f 620/4/1 612/4/1 619/4/1
f 621/4/1 618/4/1 617/4/1
f 622/4/1 618/4/1 621/4/1
f 623/5/1 620/5/1 619/5/1
f 624/5/1 620/5/1 623/5/1
f 625/5/1 622/5/1 621/5/1
f 626/5/1 622/5/1 625/5/1
f 635/6/1 628/6/1 627/6/1
f 636/6/1 628/6/1 635/6/1
f 637/4/1 630/4/1 629/4/1
f 638/4/1 630/4/1 637/4/1
f 639/4/1 632/4/1 631/4/1
f 640/4/1 632/4/1 639/4/1
f 641/6/1 634/6/1 633/6/1
f 642/6/1 634/6/1 641/6/1
f 648/6/1 644/6/1 643/6/1
f 649/6/1 644/6/1 648/6/1
f 650/6/1 646/6/1 645/6/1
f 651/6/1 646/6/1 650/6/1
f 653/4/1 648/4/1 647/4/1
f 654/4/1 648/4/1 653/4/1
f 659/4/1 652/4/1 651/4/1
f 660/4/1 652/4/1 659/4/1
f 661/5/1 656/5/1 655/5/1
f 662/5/1 656/5/1 661/5/1
f 665/5/1 658/5/1 657/5/1
f 666/5/1 658/5/1 665/5/1
f 667/4/1 662/4/1 661/4/1
f 668/4/1 662/4/1 667/4/1
f 669/5/1 664/5/1 663/5/1
f 670/5/1 664/5/1 669/5/1
f 671/4/1 666/4/1 665/4/1
f 672/4/1 666/4/1 671/4/1
f 678/4/1 674/4/1 673/4/1
f 679/4/1 674/4/1 678/4/1
f 680/4/1 676/4/1 675/4/1
f 681/4/1 676/4/1 680/4/1
f 683/4/1 678/4/1 677/4/1
f 684/4/1 678/4/1 683/4/1
f 685/4/1 678/4/1 684/4/1
f 686/4/1 682/4/1 681/4/1
f 687/4/1 682/4/1 686/4/1
f 688/4/1 682/4/1 687/4/1
f 693/4/1 690/4/1 689/4/1
f 694/4/1 690/4/1 693/4/1
f 697/4/1 692/4/1 691/4/1
f 698/4/1 692/4/1 697/4/1
f 699/4/1 695/4/1 694/4/1
f 700/4/1 695/4/1 699/4/1
f 701/4/1 697/4/1 696/4/1
f 702/4/1 697/4/1 701/4/1
f 707/5/1 704/5/1 703/5/1
f 708/5/1 704/5/1 707/5/1
f 709/5/1 706/5/1 705/5/1
f 710/5/1 706/5/1 709/5/1
f 713/5/1 712/5/1 711/5/1
f 714/5/1 712/5/1 713/5/1
f 721/4/1 716/4/1 715/4/1
f 722/4/1 716/4/1 721/4/1
f 723/4/1 718/4/1 717/4/1
f 724/4/1 718/4/1 723/4/1
f 727/4/1 720/4/1 719/4/1
f 728/4/1 720/4/1 727/4/1
f 729/4/1 726/4/1 725/4/1
f 730/4/1 726/4/1 729/4/1
f 736/5/1 733/5/1 732/5/1
f 736/5/1 732/5/1 731/5/1
f 737/5/1 733/5/1 736/5/1
f 742/5/1 735/5/1 734/5/1
f 743/5/1 735/5/1 742/5/1
f 744/4/1 737/4/1 736/4/1
f 745/4/1 737/4/1 744/4/1
f 746/5/1 739/5/1 738/5/1
f 747/5/1 739/5/1 746/5/1
f 750/5/1 741/5/1 740/5/1
f 751/5/1 741/5/1 750/5/1
f 752/4/1 743/4/1 742/4/1
f 753/4/1 743/4/1 752/4/1
f 755/2/1 749/2/1 748/2/1
f 756/2/1 749/2/1 755/2/1
f 758/5/1 755/5/1 754/5/1
f 759/5/1 755/5/1 758/5/1
f 760/5/1 757/5/1 756/5/1
f 761/5/1 757/5/1 760/5/1
f 762/4/1 760/4/1 759/4/1
f 763/4/1 760/4/1 762/4/1
f 768/4/1 765/4/1 764/4/1
f 769/4/1 765/4/1 768/4/1
f 770/4/1 767/4/1 766/4/1
f 771/4/1 767/4/1 770/4/1
f 772/5/1 769/5/1 768/5/1
f 773/5/1 769/5/1 772/5/1
f 774/5/1 771/5/1 770/5/1
f 775/5/1 771/5/1 774/5/1
f 782/6/1 778/6/1 777/6/1
f 782/4/1 777/4/1 776/4/1
f 783/6/1 778/6/1 782/6/1
f 784/6/1 780/6/1 779/6/1
f 785/4/1 781/4/1 780/4/1
f 785/6/1 780/6/1 784/6/1
f 786/4/1 782/4/1 776/4/1
f 787/4/1 782/4/1 786/4/1
f 788/4/1 781/4/1 785/4/1
f 789/4/1 781/4/1 788/4/1
f 794/5/1 791/5/1 790/5/1
f 795/5/1 791/5/1 794/5/1
f 800/5/1 793/5/1 792/5/1
f 801/5/1 793/5/1 800/5/1
f 803/2/1 797/2/1 796/2/1
f 804/2/1 797/2/1 803/2/1
f 805/2/1 799/2/1 798/2/1
f 806/2/1 799/2/1 805/2/1
f 808/5/1 803/5/1 802/5/1
f 809/5/1 803/5/1 808/5/1
f 812/5/1 807/5/1 806/5/1
f 813/5/1 807/5/1 812/5/1
f 814/4/1 810/4/1 809/4/1
f 815/4/1 810/4/1 814/4/1
f 816/4/1 812/4/1 811/4/1
f 817/4/1 812/4/1 816/4/1
f 822/4/1 819/4/1 818/4/1
f 823/4/1 819/4/1 822/4/1
f 824/4/1 821/4/1 820/4/1
f 825/4/1 821/4/1 824/4/1
f 830/3/1 827/3/1 826/3/1
f 831/3/1 827/3/1 830/3/1
f 832/4/1 829/4/1 828/4/1
f 833/4/1 829/4/1 832/4/1
f 838/3/1 835/3/1 834/3/1
f 839/3/1 835/3/1 838/3/1
f 840/4/1 837/4/1 836/4/1
f 841/4/1 837/4/1 840/4/1
f 846/5/1 843/5/1 842/5/1
f 847/5/1 843/5/1 846/5/1
f 852/5/1 845/5/1 844/5/1
f 853/5/1 845/5/1 852/5/1
f 855/2/1 849/2/1 848/2/1
f 856/2/1 849/2/1 855/2/1
f 857/2/1 851/2/1 850/2/1
f 858/2/1 851/2/1 857/2/1
f 860/5/1 855/5/1 854/5/1
f 861/5/1 855/5/1 860/5/1
f 863/5/1 859/5/1 858/5/1
f 864/5/1 859/5/1 863/5/1
f 865/4/1 862/4/1 861/4/1
f 866/4/1 862/4/1 865/4/1
f 871/4/1 868/4/1 867/4/1
f 872/4/1 868/4/1 871/4/1
f 873/4/1 870/4/1 869/4/1
f 874/4/1 870/4/1 873/4/1
f 879/6/1 876/6/1 875/6/1
f 880/6/1 876/6/1 879/6/1
f 881/6/1 878/6/1 877/6/1
f 882/6/1 878/6/1 881/6/1
f 887/4/1 884/4/1 883/4/1
f 888/4/1 884/4/1 887/4/1
f 893/4/1 886/4/1 885/4/1
f 894/4/1 886/4/1 893/4/1
f 895/6/1 890/6/1 889/6/1
f 896/6/1 890/6/1 895/6/1
f 897/6/1 892/6/1 891/6/1
f 898/6/1 892/6/1 897/6/1
f 903/4/1 900/4/1 899/4/1
f 904/4/1 900/4/1 903/4/1
f 905/4/1 902/4/1 901/4/1
f 906/4/1 902/4/1 905/4/1
f 911/6/1 908/6/1 907/6/1
f 912/6/1 908/6/1 911/6/1
f 913/6/1 910/6/1 909/6/1
f 914/6/1 910/6/1 913/6/1
f 919/4/1 916/4/1 915/4/1
f 920/4/1 916/4/1 919/4/1
f 921/4/1 918/4/1 917/4/1
f 922/4/1 918/4/1 921/4/1
f 927/4/1 924/4/1 923/4/1
f 930/4/1 926/4/1 925/4/1
f 931/4/1 928/4/1 927/4/1
f 931/4/1 927/4/1 923/4/1
f 932/4/1 928/4/1 931/4/1
f 937/4/1 930/4/1 929/4/1
f 938/4/1 926/4/1 930/4/1
f 938/4/1 930/4/1 937/4/1
f 939/6/1 934/6/1 933/6/1
f 940/6/1 934/6/1 939/6/1
f 941/6/1 936/6/1 935/6/1
f 942/6/1 936/6/1 941/6/1
f 947/4/1 944/4/1 943/4/1
f 948/4/1 944/4/1 947/4/1
f 949/4/1 946/4/1 945/4/1
f 950/4/1 946/4/1 949/4/1
f 955/4/1 952/4/1 951/4/1
f 956/4/1 952/4/1 955/4/1
f 957/4/1 954/4/1 953/4/1
f 958/4/1 954/4/1 957/4/1
f 963/6/1 960/6/1 959/6/1
f 964/6/1 960/6/1 963/6/1
f 965/6/1 962/6/1 961/6/1
f 966/6/1 962/6/1 965/6/1
f 971/4/1 968/4/1 967/4/1
f 972/4/1 968/4/1 971/4/1
f 975/4/1 970/4/1 969/4/1
f 976/4/1 970/4/1 975/4/1
f 977/6/1 974/6/1 973/6/1
f 978/6/1 974/6/1 977/6/1
f 983/6/1 980/6/1 979/6/1
f 984/6/1 980/6/1 983/6/1
f 985/6/1 982/6/1 981/6/1
f 986/6/1 982/6/1 985/6/1
f 991/4/1 988/4/1 987/4/1
f 992/4/1 988/4/1 991/4/1
f 993/4/1 990/4/1 989/4/1
f 994/4/1 990/4/1 993/4/1
f 997/4/1 996/4/1 995/4/1
f 998/4/1 996/4/1 997/4/1
f 1003/4/1 1000/4/1 999/4/1
f 1004/4/1 1000/4/1 1003/4/1
f 1005/4/1 1002/4/1 1001/4/1
f 1006/4/1 1002/4/1 1005/4/1
f 1011/4/1 1008/4/1 1007/4/1
f 1012/4/1 1008/4/1 1011/4/1
f 1013/4/1 1010/4/1 1009/4/1
f 1014/4/1 1010/4/1 1013/4/1
f 1019/4/1 1016/4/1 1015/4/1
f 1020/4/1 1016/4/1 1019/4/1
f 1021/4/1 1018/4/1 1017/4/1
f 1022/4/1 1018/4/1 1021/4/1
f 1027/4/1 1024/4/1 1023/4/1
f 1028/4/1 1024/4/1 1027/4/1
f 1029/4/1 1026/4/1 1025/4/1
f 1030/4/1 1026/4/1 1029/4/1
f 1035/4/1 1032/4/1 1031/4/1
f 1036/4/1 1032/4/1 1035/4/1
f 1037/4/1 1034/4/1 1033/4/1
f 1038/4/1 1034/4/1 1037/4/1
f 1043/4/1 1040/4/1 1039/4/1
f 1044/4/1 1040/4/1 1043/4/1
f 1045/4/1 1042/4/1 1041/4/1
f 1046/4/1 1042/4/1 1045/4/1
f 1051/4/1 1048/4/1 1047/4/1
f 1052/4/1 1050/4/1 1049/4/1
f 1053/4/1 1048/4/1 1051/4/1
f 1054/4/1 1048/4/1 1053/4/1
f 1055/4/1 1052/4/1 1049/4/1
f 1056/4/1 1052/4/1 1055/4/1
f 1057/3/1 1055/3/1 1054/3/1
f 1058/3/1 1055/3/1 1057/3/1
f 1059/4/2 1060/4/2 1063/4/2
f 1061/4/2 1062/4/2 1064/4/2
f 1063/4/2 1060/4/2 1065/4/2
f 1065/4/2 1060/4/2 1066/4/2
f 1061/4/2 1064/4/2 1067/4/2
f 1067/4/2 1064/4/2 1068/4/2
f 1066/3/2 1067/3/2 1069/3/2
f 1069/3/2 1067/3/2 1070/3/2
f 1071/4/2 1072/4/2 1075/4/2
f 1075/4/2 1072/4/2 1076/4/2
f 1073/4/2 1074/4/2 1077/4/2
f 1077/4/2 1074/4/2 1078/4/2
f 1079/4/2 1080/4/2 1083/4/2
f 1083/4/2 1080/4/2 1084/4/2
f 1081/4/2 1082/4/2 1085/4/2
f 1085/4/2 1082/4/2 1086/4/2
f 1087/4/2 1088/4/2 1091/4/2
f 1091/4/2 1088/4/2 1092/4/2
f 1089/4/2 1090/4/2 1093/4/2
f 1093/4/2 1090/4/2 1094/4/2
f 1095/4/2 1096/4/2 1099/4/2
f 1099/4/2 1096/4/2 1100/4/2
f 1097/4/2 1098/4/2 1101/4/2
f 1101/4/2 1098/4/2 1102/4/2
f 1103/4/2 1104/4/2 1107/4/2
f 1107/4/2 1104/4/2 1108/4/2
f 1105/4/2 1106/4/2 1109/4/2
f 1109/4/2 1106/4/2 1110/4/2
f 1111/4/2 1112/4/2 1113/4/2
f 1113/4/2 1112/4/2 1114/4/2
f 1115/4/2 1116/4/2 1119/4/2
f 1119/4/2 1116/4/2 1120/4/2
f 1117/4/2 1118/4/2 1121/4/2
f 1121/4/2 1118/4/2 1122/4/2
f 1123/4/2 1124/4/2 1127/4/2
f 1127/4/2 1124/4/2 1128/4/2
f 1125/4/2 1126/4/2 1131/4/2
f 1131/4/2 1126/4/2 1132/4/2
f 1129/6/2 1130/6/2 1133/6/2
f 1133/6/2 1130/6/2 1134/6/2
f 1135/6/2 1136/6/2 1139/6/2
f 1139/6/2 1136/6/2 1140/6/2
f 1137/6/2 1138/6/2 1141/6/2
f 1141/6/2 1138/6/2 1142/6/2
f 1143/4/2 1144/4/2 1147/4/2
f 1147/4/2 1144/4/2 1148/4/2
f 1145/4/2 1146/4/2 1149/4/2
f 1149/4/2 1146/4/2 1150/4/2
f 1151/4/2 1152/4/2 1155/4/2
f 1155/4/2 1152/4/2 1156/4/2
f 1153/4/2 1154/4/2 1157/4/2
f 1157/4/2 1154/4/2 1158/4/2
f 1159/6/2 1160/6/2 1163/6/2
f 1163/6/2 1160/6/2 1164/6/2
f 1161/6/2 1162/6/2 1165/6/2
f 1165/6/2 1162/6/2 1166/6/2
f 1167/4/2 1168/4/2 1171/4/2
f 1169/4/2 1170/4/2 1174/4/2
f 1171/4/2 1172/4/2 1175/4/2
f 1167/4/2 1171/4/2 1175/4/2
f 1175/4/2 1172/4/2 1176/4/2
f 1173/4/2 1174/4/2 1181/4/2
f 1174/4/2 1170/4/2 1182/4/2
f 1181/4/2 1174/4/2 1182/4/2
f 1177/6/2 1178/6/2 1183/6/2
f 1183/6/2 1178/6/2 1184/6/2
f 1179/6/2 1180/6/2 1185/6/2
f 1185/6/2 1180/6/2 1186/6/2
f 1187/4/2 1188/4/2 1191/4/2
f 1191/4/2 1188/4/2 1192/4/2
f 1189/4/2 1190/4/2 1193/4/2
f 1193/4/2 1190/4/2 1194/4/2
f 1195/4/2 1196/4/2 1199/4/2
f 1199/4/2 1196/4/2 1200/4/2
f 1197/4/2 1198/4/2 1201/4/2
f 1201/4/2 1198/4/2 1202/4/2
f 1203/6/2 1204/6/2 1207/6/2
f 1207/6/2 1204/6/2 1208/6/2
f 1205/6/2 1206/6/2 1209/6/2
f 1209/6/2 1206/6/2 1210/6/2
f 1211/4/2 1212/4/2 1215/4/2
f 1215/4/2 1212/4/2 1216/4/2
f 1213/4/2 1214/4/2 1217/4/2
f 1217/4/2 1214/4/2 1218/4/2
f 1219/4/2 1220/4/2 1223/4/2
f 1223/4/2 1220/4/2 1224/4/2
f 1221/4/2 1222/4/2 1229/4/2
f 1229/4/2 1222/4/2 1230/4/2
f 1225/6/2 1226/6/2 1231/6/2
f 1231/6/2 1226/6/2 1232/6/2
f 1227/6/2 1228/6/2 1233/6/2
f 1233/6/2 1228/6/2 1234/6/2
f 1235/6/2 1236/6/2 1239/6/2
f 1239/6/2 1236/6/2 1240/6/2
f 1237/6/2 1238/6/2 1241/6/2
f 1241/6/2 1238/6/2 1242/6/2
f 1243/4/2 1244/4/2 1247/4/2
f 1247/4/2 1244/4/2 1248/4/2
f 1245/4/2 1246/4/2 1249/4/2
f 1249/4/2 1246/4/2 1250/4/2
f 1251/4/2 1252/4/2 1255/4/2
f 1255/4/2 1252/4/2 1256/4/2
f 1253/4/2 1254/4/2 1257/4/2
f 1257/4/2 1254/4/2 1258/4/2
f 1259/3/2 1260/3/2 1263/3/2
f 1263/3/2 1260/3/2 1264/3/2
f 1261/4/2 1262/4/2 1265/4/2
f 1265/4/2 1262/4/2 1266/4/2
f 1267/3/2 1268/3/2 1271/3/2
f 1271/3/2 1268/3/2 1272/3/2
f 1269/4/2 1270/4/2 1273/4/2
f 1273/4/2 1270/4/2 1274/4/2
f 1275/5/2 1276/5/2 1279/5/2
f 1279/5/2 1276/5/2 1280/5/2
f 1277/5/2 1278/5/2 1285/5/2
f 1285/5/2 1278/5/2 1286/5/2
f 1281/2/2 1282/2/2 1288/2/2
f 1288/2/2 1282/2/2 1289/2/2
f 1283/2/2 1284/2/2 1290/2/2
f 1290/2/2 1284/2/2 1291/2/2
f 1287/5/2 1288/5/2 1293/5/2
f 1293/5/2 1288/5/2 1294/5/2
f 1291/5/2 1292/5/2 1296/5/2
f 1296/5/2 1292/5/2 1297/5/2
f 1294/4/2 1295/4/2 1298/4/2
f 1298/4/2 1295/4/2 1299/4/2
f 1300/4/2 1301/4/2 1304/4/2
f 1304/4/2 1301/4/2 1305/4/2
f 1302/4/2 1303/4/2 1306/4/2
f 1306/4/2 1303/4/2 1307/4/2
f 1304/5/2 1305/5/2 1308/5/2
f 1308/5/2 1305/5/2 1309/5/2
f 1306/5/2 1307/5/2 1310/5/2
f 1310/5/2 1307/5/2 1311/5/2
f 1313/6/2 1314/6/2 1318/6/2
f 1312/4/2 1313/4/2 1318/4/2
f 1318/6/2 1314/6/2 1319/6/2
f 1315/6/2 1316/6/2 1320/6/2
f 1316/4/2 1317/4/2 1321/4/2
f 1320/6/2 1316/6/2 1321/6/2
f 1312/4/2 1318/4/2 1322/4/2
f 1322/4/2 1318/4/2 1323/4/2
f 1321/4/2 1317/4/2 1324/4/2
f 1324/4/2 1317/4/2 1325/4/2
f 1326/5/2 1327/5/2 1330/5/2
f 1330/5/2 1327/5/2 1331/5/2
f 1328/5/2 1329/5/2 1336/5/2
f 1336/5/2 1329/5/2 1337/5/2
f 1332/2/2 1333/2/2 1339/2/2
f 1339/2/2 1333/2/2 1340/2/2
f 1334/2/2 1335/2/2 1341/2/2
f 1341/2/2 1335/2/2 1342/2/2
f 1338/5/2 1339/5/2 1344/5/2
f 1344/5/2 1339/5/2 1345/5/2
f 1342/5/2 1343/5/2 1348/5/2
f 1348/5/2 1343/5/2 1349/5/2
f 1345/4/2 1346/4/2 1350/4/2
f 1350/4/2 1346/4/2 1351/4/2
f 1347/4/2 1348/4/2 1352/4/2
f 1352/4/2 1348/4/2 1353/4/2
f 1354/4/2 1355/4/2 1360/4/2
f 1360/4/2 1355/4/2 1361/4/2
f 1356/4/2 1357/4/2 1362/4/2
f 1362/4/2 1357/4/2 1363/4/2
f 1358/4/2 1359/4/2 1366/4/2
f 1366/4/2 1359/4/2 1367/4/2
f 1364/4/2 1365/4/2 1368/4/2
f 1368/4/2 1365/4/2 1369/4/2
f 1371/5/2 1372/5/2 1375/5/2
f 1370/5/2 1371/5/2 1375/5/2
f 1375/5/2 1372/5/2 1376/5/2
f 1373/5/2 1374/5/2 1381/5/2
f 1381/5/2 1374/5/2 1382/5/2
f 1375/4/2 1376/4/2 1383/4/2
f 1383/4/2 1376/4/2 1384/4/2
f 1377/5/2 1378/5/2 1385/5/2
f 1385/5/2 1378/5/2 1386/5/2
f 1379/5/2 1380/5/2 1389/5/2
f 1389/5/2 1380/5/2 1390/5/2
f 1381/4/2 1382/4/2 1391/4/2
f 1391/4/2 1382/4/2 1392/4/2
f 1387/2/2 1388/2/2 1394/2/2
f 1394/2/2 1388/2/2 1395/2/2
f 1393/5/2 1394/5/2 1397/5/2
f 1397/5/2 1394/5/2 1398/5/2
f 1395/5/2 1396/5/2 1399/5/2
f 1399/5/2 1396/5/2 1400/5/2
f 1398/4/2 1399/4/2 1401/4/2
f 1401/4/2 1399/4/2 1402/4/2
f 1403/4/2 1404/4/2 1408/4/2
f 1408/4/2 1404/4/2 1409/4/2
f 1405/4/2 1406/4/2 1410/4/2
f 1410/4/2 1406/4/2 1411/4/2
f 1407/4/2 1408/4/2 1413/4/2
f 1413/4/2 1408/4/2 1414/4/2
f 1414/4/2 1408/4/2 1415/4/2
f 1411/4/2 1412/4/2 1416/4/2
f 1416/4/2 1412/4/2 1417/4/2
f 1417/4/2 1412/4/2 1418/4/2
f 1419/4/2 1420/4/2 1423/4/2
f 1423/4/2 1420/4/2 1424/4/2
f 1421/4/2 1422/4/2 1427/4/2
f 1427/4/2 1422/4/2 1428/4/2
f 1424/4/2 1425/4/2 1429/4/2
f 1429/4/2 1425/4/2 1430/4/2
f 1426/4/2 1427/4/2 1431/4/2
f 1431/4/2 1427/4/2 1432/4/2
f 1433/5/2 1434/5/2 1437/5/2
f 1437/5/2 1434/5/2 1438/5/2
f 1435/5/2 1436/5/2 1439/5/2
f 1439/5/2 1436/5/2 1440/5/2
f 1441/5/2 1442/5/2 1443/5/2
f 1443/5/2 1442/5/2 1444/5/2
f 1445/4/2 1446/4/2 1451/4/2
f 1451/4/2 1446/4/2 1452/4/2
f 1447/4/2 1448/4/2 1453/4/2
f 1453/4/2 1448/4/2 1454/4/2
f 1449/4/2 1450/4/2 1459/4/2
f 1459/4/2 1450/4/2 1460/4/2
f 1455/3/2 1456/3/2 1461/3/2
f 1461/3/2 1456/3/2 1462/3/2
f 1457/4/2 1458/4/2 1465/4/2
f 1465/4/2 1458/4/2 1466/4/2
f 1463/4/2 1464/4/2 1467/4/2
f 1467/4/2 1464/4/2 1468/4/2
f 1465/5/2 1466/5/2 1469/5/2
f 1469/5/2 1466/5/2 1470/5/2
f 1467/5/2 1468/5/2 1471/5/2
f 1471/5/2 1468/5/2 1472/5/2
f 1473/6/2 1474/6/2 1481/6/2
f 1481/6/2 1474/6/2 1482/6/2
f 1475/4/2 1476/4/2 1483/4/2
f 1483/4/2 1476/4/2 1484/4/2
f 1477/4/2 1478/4/2 1485/4/2
f 1485/4/2 1478/4/2 1486/4/2
f 1479/6/2 1480/6/2 1487/6/2
f 1487/6/2 1480/6/2 1488/6/2
f 1489/6/2 1490/6/2 1494/6/2
f 1494/6/2 1490/6/2 1495/6/2
f 1491/6/2 1492/6/2 1496/6/2
f 1496/6/2 1492/6/2 1497/6/2
f 1493/4/2 1494/4/2 1499/4/2
f 1499/4/2 1494/4/2 1500/4/2
f 1497/4/2 1498/4/2 1505/4/2
f 1505/4/2 1498/4/2 1506/4/2
f 1501/5/2 1502/5/2 1507/5/2
f 1507/5/2 1502/5/2 1508/5/2
f 1503/5/2 1504/5/2 1511/5/2
f 1511/5/2 1504/5/2 1512/5/2
f 1507/4/2 1508/4/2 1513/4/2
f 1513/4/2 1508/4/2 1514/4/2
f 1509/5/2 1510/5/2 1515/5/2
f 1515/5/2 1510/5/2 1516/5/2
f 1511/4/2 1512/4/2 1517/4/2
f 1517/4/2 1512/4/2 1518/4/2
f 1519/4/2 1520/4/2 1523/4/2
f 1523/4/2 1520/4/2 1524/4/2
f 1521/4/2 1522/4/2 1527/4/2
f 1527/4/2 1522/4/2 1528/4/2
f 1525/3/2 1526/3/2 1529/3/2
f 1529/3/2 1526/3/2 1530/3/2
f 1531/5/2 1532/5/2 1535/5/2
f 1535/5/2 1532/5/2 1536/5/2
f 1533/5/2 1534/5/2 1537/5/2
f 1537/5/2 1534/5/2 1538/5/2
f 1535/3/2 1536/3/2 1539/3/2
f 1539/3/2 1536/3/2 1540/3/2
f 1537/3/2 1538/3/2 1541/3/2
f 1541/3/2 1538/3/2 1542/3/2
f 1543/4/2 1544/4/2 1549/4/2
f 1549/4/2 1544/4/2 1550/4/2
f 1545/3/2 1546/3/2 1551/3/2
f 1551/3/2 1546/3/2 1552/3/2
f 1547/4/2 1548/4/2 1555/4/2
f 1555/4/2 1548/4/2 1556/4/2
f 1553/3/2 1554/3/2 1557/3/2
f 1557/3/2 1554/3/2 1558/3/2
f 1555/5/2 1556/5/2 1561/5/2
f 1561/5/2 1556/5/2 1562/5/2
f 1557/5/2 1558/5/2 1563/5/2
f 1563/5/2 1558/5/2 1564/5/2
f 1559/4/2 1560/4/2 1568/4/2
f 1568/4/2 1560/4/2 1569/4/2
f 1565/4/2 1566/4/2 1570/4/2
f 1570/4/2 1566/4/2 1571/4/2
f 1567/4/2 1568/4/2 1573/4/2
f 1573/4/2 1568/4/2 1574/4/2
f 1571/4/2 1572/4/2 1575/4/2
f 1575/4/2 1572/4/2 1576/4/2
f 1573/6/2 1574/6/2 1577/6/2
f 1577/6/2 1574/6/2 1578/6/2
f 1575/6/2 1576/6/2 1579/6/2
f 1579/6/2 1576/6/2 1580/6/2
f 1577/4/2 1578/4/2 1581/4/2
f 1581/4/2 1578/4/2 1582/4/2
f 1579/4/2 1580/4/2 1585/4/2
f 1585/4/2 1580/4/2 1586/4/2
f 1582/4/2 1583/4/2 1587/4/2
f 1587/4/2 1583/4/2 1588/4/2
f 1584/4/2 1585/4/2 1593/4/2
f 1593/4/2 1585/4/2 1594/4/2
f 1589/6/2 1590/6/2 1596/6/2
f 1596/6/2 1590/6/2 1597/6/2
f 1591/6/2 1592/6/2 1598/6/2
f 1598/6/2 1592/6/2 1599/6/2
f 1595/4/2 1596/4/2 1601/4/2
f 1601/4/2 1596/4/2 1602/4/2
f 1599/4/2 1600/4/2 1607/4/2
f 1607/4/2 1600/4/2 1608/4/2
f 1603/5/2 1604/5/2 1609/5/2
f 1609/5/2 1604/5/2 1610/5/2
f 1605/5/2 1606/5/2 1611/5/2
f 1611/5/2 1606/5/2 1612/5/2
f 1609/3/2 1610/3/2 1613/3/2
f 1613/3/2 1610/3/2 1614/3/2
f 1611/3/2 1612/3/2 1615/3/2
f 1615/3/2 1612/3/2 1616/3/2
f 1617/4/2 1618/4/2 1623/4/2
f 1623/4/2 1618/4/2 1624/4/2
f 1619/3/2 1620/3/2 1625/3/2
f 1625/3/2 1620/3/2 1626/3/2
f 1621/3/2 1622/3/2 1629/3/2
f 1629/3/2 1622/3/2 1630/3/2
f 1627/3/2 1628/3/2 1631/3/2
f 1631/3/2 1628/3/2 1632/3/2
f 1629/5/2 1630/5/2 1635/5/2
f 1635/5/2 1630/5/2 1636/5/2
f 1631/5/2 1632/5/2 1637/5/2
f 1637/5/2 1632/5/2 1638/5/2
f 1633/4/2 1634/4/2 1642/4/2
f 1642/4/2 1634/4/2 1643/4/2
f 1639/4/2 1640/4/2 1644/4/2
f 1644/4/2 1640/4/2 1645/4/2
f 1641/4/2 1642/4/2 1647/4/2
f 1647/4/2 1642/4/2 1648/4/2
f 1645/3/2 1646/3/2 1649/3/2
f 1649/3/2 1646/3/2 1650/3/2
f 1647/6/2 1648/6/2 1651/6/2
f 1651/6/2 1648/6/2 1652/6/2
f 1649/6/2 1650/6/2 1653/6/2
f 1653/6/2 1650/6/2 1654/6/2
f 1651/4/2 1652/4/2 1655/4/2
f 1655/4/2 1652/4/2 1656/4/2
f 1653/4/2 1654/4/2 1659/4/2
f 1659/4/2 1654/4/2 1660/4/2
f 1656/4/2 1657/4/2 1661/4/2
f 1661/4/2 1657/4/2 1662/4/2
f 1658/3/2 1659/3/2 1667/3/2
f 1667/3/2 1659/3/2 1668/3/2
f 1663/6/2 1664/6/2 1670/6/2
f 1670/6/2 1664/6/2 1671/6/2
f 1665/6/2 1666/6/2 1672/6/2
f 1672/6/2 1666/6/2 1673/6/2
f 1669/3/2 1670/3/2 1675/3/2
f 1675/3/2 1670/3/2 1676/3/2
f 1673/3/2 1674/3/2 1681/3/2
f 1681/3/2 1674/3/2 1682/3/2
f 1677/5/2 1678/5/2 1683/5/2
f 1683/5/2 1678/5/2 1684/5/2
f 1679/5/2 1680/5/2 1685/5/2
f 1685/5/2 1680/5/2 1686/5/2
f 1683/3/2 1684/3/2 1687/3/2
f 1687/3/2 1684/3/2 1688/3/2
f 1685/3/2 1686/3/2 1689/3/2
f 1689/3/2 1686/3/2 1690/3/2
f 1691/4/2 1692/4/2 1697/4/2
f 1697/4/2 1692/4/2 1698/4/2
f 1693/4/2 1694/4/2 1699/4/2
f 1699/4/2 1694/4/2 1700/4/2
f 1695/3/2 1696/3/2 1703/3/2
f 1703/3/2 1696/3/2 1704/3/2
f 1701/3/2 1702/3/2 1705/3/2
f 1705/3/2 1702/3/2 1706/3/2
f 1703/5/2 1704/5/2 1709/5/2
f 1709/5/2 1704/5/2 1710/5/2
f 1705/5/2 1706/5/2 1711/5/2
f 1711/5/2 1706/5/2 1712/5/2
f 1707/3/2 1708/3/2 1715/3/2
f 1715/3/2 1708/3/2 1716/3/2
f 1713/4/2 1714/4/2 1717/4/2
f 1717/4/2 1714/4/2 1718/4/2
f 1719/3/2 1720/3/2 1723/3/2
f 1723/3/2 1720/3/2 1724/3/2
f 1721/3/2 1722/3/2 1729/3/2
f 1729/3/2 1722/3/2 1730/3/2
f 1725/6/2 1726/6/2 1732/6/2
f 1732/6/2 1726/6/2 1733/6/2
f 1727/6/2 1728/6/2 1734/6/2
f 1734/6/2 1728/6/2 1735/6/2
f 1731/3/2 1732/3/2 1737/3/2
f 1737/3/2 1732/3/2 1738/3/2
f 1735/3/2 1736/3/2 1743/3/2
f 1743/3/2 1736/3/2 1744/3/2
f 1739/5/2 1740/5/2 1745/5/2
f 1745/5/2 1740/5/2 1746/5/2
f 1741/5/2 1742/5/2 1747/5/2
f 1747/5/2 1742/5/2 1748/5/2
f 1745/4/2 1746/4/2 1749/4/2
f 1749/4/2 1746/4/2 1750/4/2
f 1747/4/2 1748/4/2 1751/4/2
f 1751/4/2 1748/4/2 1752/4/2
f 1753/4/2 1754/4/2 1757/4/2
f 1757/4/2 1754/4/2 1758/4/2
f 1755/3/2 1756/3/2 1761/3/2
f 1761/3/2 1756/3/2 1762/3/2
f 1759/4/2 1760/4/2 1763/4/2
f 1763/4/2 1760/4/2 1764/4/2
f 1761/5/2 1762/5/2 1767/5/2
f 1767/5/2 1762/5/2 1768/5/2
f 1763/5/2 1764/5/2 1769/5/2
f 1769/5/2 1764/5/2 1770/5/2
f 1765/3/2 1766/3/2 1775/3/2
f 1775/3/2 1766/3/2 1776/3/2
f 1771/4/2 1772/4/2 1777/4/2
f 1777/4/2 1772/4/2 1778/4/2
f 1773/4/2 1774/4/2 1781/4/2
f 1781/4/2 1774/4/2 1782/4/2
f 1779/3/2 1780/3/2 1783/3/2
f 1783/3/2 1780/3/2 1784/3/2
f 1781/6/2 1782/6/2 1785/6/2
f 1785/6/2 1782/6/2 1786/6/2
f 1783/6/2 1784/6/2 1787/6/2
f 1787/6/2 1784/6/2 1788/6/2
f 1785/4/2 1786/4/2 1789/4/2
f 1789/4/2 1786/4/2 1790/4/2
f 1787/4/2 1788/4/2 1795/4/2
f 1795/4/2 1788/4/2 1796/4/2
f 1791/3/2 1792/3/2 1797/3/2
f 1797/3/2 1792/3/2 1798/3/2
f 1793/3/2 1794/3/2 1803/3/2
f 1803/3/2 1794/3/2 1804/3/2
f 1799/6/2 1800/6/2 1806/6/2
f 1806/6/2 1800/6/2 1807/6/2
f 1801/6/2 1802/6/2 1808/6/2
f 1808/6/2 1802/6/2 1809/6/2
f 1805/3/2 1806/3/2 1811/3/2
f 1811/3/2 1806/3/2 1812/3/2
f 1809/3/2 1810/3/2 1817/3/2
f 1817/3/2 1810/3/2 1818/3/2
f 1813/5/2 1814/5/2 1819/5/2
f 1819/5/2 1814/5/2 1820/5/2
f 1815/5/2 1816/5/2 1821/5/2
f 1821/5/2 1816/5/2 1822/5/2
f 1819/4/2 1820/4/2 1823/4/2
f 1823/4/2 1820/4/2 1824/4/2
f 1821/4/2 1822/4/2 1825/4/2
f 1825/4/2 1822/4/2 1826/4/2
f 1827/4/2 1828/4/2 1831/4/2
f 1831/4/2 1828/4/2 1832/4/2
f 1829/4/2 1830/4/2 1833/4/2
f 1833/4/2 1830/4/2 1834/4/2
f 1831/5/2 1832/5/2 1837/5/2
f 1837/5/2 1832/5/2 1838/5/2
f 1833/5/2 1834/5/2 1839/5/2
f 1839/5/2 1834/5/2 1840/5/2
f 1835/3/2 1836/3/2 1845/3/2
f 1845/3/2 1836/3/2 1846/3/2
f 1841/4/2 1842/4/2 1847/4/2
f 1847/4/2 1842/4/2 1848/4/2
f 1843/4/2 1844/4/2 1851/4/2
f 1851/4/2 1844/4/2 1852/4/2
f 1849/3/2 1850/3/2 1853/3/2
f 1853/3/2 1850/3/2 1854/3/2
f 1851/6/2 1852/6/2 1855/6/2
f 1855/6/2 1852/6/2 1856/6/2
f 1853/6/2 1854/6/2 1857/6/2
f 1857/6/2 1854/6/2 1858/6/2
f 1855/4/2 1856/4/2 1859/4/2
f 1859/4/2 1856/4/2 1860/4/2
f 1857/4/2 1858/4/2 1865/4/2
f 1865/4/2 1858/4/2 1866/4/2
f 1861/3/2 1862/3/2 1867/3/2
f 1867/3/2 1862/3/2 1868/3/2
f 1863/4/2 1864/4/2 1873/4/2
f 1873/4/2 1864/4/2 1874/4/2
f 1869/6/2 1870/6/2 1876/6/2
f 1876/6/2 1870/6/2 1877/6/2
f 1877/6/2 1870/6/2 1878/6/2
f 1871/6/2 1872/6/2 1879/6/2
f 1879/6/2 1872/6/2 1880/6/2
f 1880/6/2 1872/6/2 1881/6/2
f 1875/4/2 1876/4/2 1883/4/2
f 1876/4/2 1877/4/2 1883/4/2
f 1883/4/2 1877/4/2 1884/4/2
f 1881/4/2 1882/4/2 1889/4/2
f 1880/4/2 1881/4/2 1889/4/2
f 1889/4/2 1882/4/2 1890/4/2
f 1885/5/2 1886/5/2 1891/5/2
f 1891/5/2 1886/5/2 1892/5/2
f 1887/5/2 1888/5/2 1893/5/2
f 1893/5/2 1888/5/2 1894/5/2
f 1891/4/2 1892/4/2 1895/4/2
f 1895/4/2 1892/4/2 1896/4/2
f 1893/4/2 1894/4/2 1897/4/2
f 1897/4/2 1894/4/2 1898/4/2
f 1896/3/2 1897/3/2 1899/3/2
f 1899/3/2 1897/3/2 1900/3/2
f 1901/4/2 1902/4/2 1905/4/2
f 1905/4/2 1902/4/2 1906/4/2
f 1903/4/2 1904/4/2 1907/4/2
f 1907/4/2 1904/4/2 1908/4/2
f 1905/5/2 1906/5/2 1911/5/2
f 1911/5/2 1906/5/2 1912/5/2
f 1907/5/2 1908/5/2 1913/5/2
f 1913/5/2 1908/5/2 1914/5/2
f 1909/4/2 1910/4/2 1918/4/2
f 1918/4/2 1910/4/2 1919/4/2
f 1915/4/2 1916/4/2 1920/4/2
f 1920/4/2 1916/4/2 1921/4/2
f 1917/4/2 1918/4/2 1923/4/2
f 1923/4/2 1918/4/2 1924/4/2
f 1924/4/2 1918/4/2 1925/4/2
f 1921/4/2 1922/4/2 1926/4/2
f 1926/4/2 1922/4/2 1927/4/2
f 1927/4/2 1922/4/2 1928/4/2
f 1923/6/2 1924/6/2 1929/6/2
f 1929/6/2 1924/6/2 1930/6/2
f 1927/6/2 1928/6/2 1933/6/2
f 1933/6/2 1928/6/2 1934/6/2
f 1930/4/2 1931/4/2 1935/4/2
f 1929/4/2 1930/4/2 1935/4/2
f 1935/4/2 1931/4/2 1936/4/2
f 1933/4/2 1934/4/2 1939/4/2
f 1932/4/2 1933/4/2 1939/4/2
f 1939/4/2 1934/4/2 1940/4/2
f 1936/4/2 1937/4/2 1941/4/2
f 1941/4/2 1937/4/2 1942/4/2
f 1938/4/2 1939/4/2 1947/4/2
f 1947/4/2 1939/4/2 1948/4/2
f 1943/6/2 1944/6/2 1950/6/2
f 1950/6/2 1944/6/2 1951/6/2
f 1951/6/2 1944/6/2 1952/6/2
f 1945/6/2 1946/6/2 1953/6/2
f 1953/6/2 1946/6/2 1954/6/2
f 1954/6/2 1946/6/2 1955/6/2
f 1949/4/2 1950/4/2 1957/4/2
f 1950/4/2 1951/4/2 1957/4/2
f 1957/4/2 1951/4/2 1958/4/2
f 1955/4/2 1956/4/2 1963/4/2
f 1954/4/2 1955/4/2 1963/4/2
f 1963/4/2 1956/4/2 1964/4/2
f 1959/5/2 1960/5/2 1965/5/2
f 1965/5/2 1960/5/2 1966/5/2
f 1961/5/2 1962/5/2 1967/5/2
f 1967/5/2 1962/5/2 1968/5/2
f 1969/4/2 1970/4/2 1971/4/2
f 1971/4/2 1970/4/2 1972/4/2
f 1971/5/2 1972/5/2 1975/5/2
f 1975/5/2 1972/5/2 1976/5/2
f 1973/4/2 1974/4/2 1980/4/2
f 1980/4/2 1974/4/2 1981/4/2
f 1977/4/2 1978/4/2 1982/4/2
f 1982/4/2 1978/4/2 1983/4/2
f 1979/4/2 1980/4/2 1986/4/2
f 1986/4/2 1980/4/2 1987/4/2
f 1983/4/2 1984/4/2 1988/4/2
f 1988/4/2 1984/4/2 1989/4/2
f 1985/6/2 1986/6/2 1991/6/2
f 1991/6/2 1986/6/2 1992/6/2
f 1989/6/2 1990/6/2 1995/6/2
f 1995/6/2 1990/6/2 1996/6/2
f 1992/4/2 1993/4/2 1997/4/2
f 1997/4/2 1993/4/2 1998/4/2
f 1994/4/2 1995/4/2 2001/4/2
f 2001/4/2 1995/4/2 2002/4/2
f 1998/4/2 1999/4/2 2003/4/2
f 2003/4/2 1999/4/2 2004/4/2
f 2000/4/2 2001/4/2 2009/4/2
f 2009/4/2 2001/4/2 2010/4/2
f 2005/1/2 2006/1/2 2011/1/2
f 2006/2/2 2007/2/2 2012/2/2
f 2011/1/2 2006/1/2 2012/1/2
f 2007/1/2 2008/1/2 2013/1/2
f 2012/2/2 2007/2/2 2013/2/2
f 2013/1/2 2008/1/2 2014/1/2
f 2015/5/2 2016/5/2 2017/5/2
f 2017/5/2 2016/5/2 2018/5/2
f 2019/4/2 2020/4/2 2024/4/2
f 2024/4/2 2020/4/2 2025/4/2
f 2021/4/2 2022/4/2 2026/4/2
f 2026/4/2 2022/4/2 2027/4/2
f 2023/4/2 2024/4/2 2030/4/2
f 2030/4/2 2024/4/2 2031/4/2
f 2031/4/2 2024/4/2 2032/4/2
f 2027/4/2 2028/4/2 2033/4/2
f 2033/4/2 2028/4/2 2034/4/2
f 2034/4/2 2028/4/2 2035/4/2
f 2029/6/2 2030/6/2 2037/6/2
f 2030/6/2 2031/6/2 2037/6/2
f 2037/6/2 2031/6/2 2038/6/2
f 2038/6/2 2031/6/2 2039/6/2
f 2035/6/2 2036/6/2 2042/6/2
f 2034/6/2 2035/6/2 2042/6/2
f 2042/6/2 2036/6/2 2043/6/2
f 2043/6/2 2036/6/2 2044/6/2
f 2039/4/2 2040/4/2 2045/4/2
f 2038/4/2 2039/4/2 2045/4/2
f 2045/4/2 2040/4/2 2046/4/2
f 2042/4/2 2043/4/2 2049/4/2
f 2041/4/2 2042/4/2 2049/4/2
f 2049/4/2 2043/4/2 2050/4/2
f 2046/4/2 2047/4/2 2051/4/2
f 2051/4/2 2047/4/2 2052/4/2
f 2052/4/2 2047/4/2 2053/4/2
f 2048/4/2 2049/4/2 2054/4/2
f 2054/4/2 2049/4/2 2055/4/2
f 2055/4/2 2049/4/2 2056/4/2
f 2052/4/2 2053/4/2 2058/4/2
f 2058/4/2 2053/4/2 2059/4/2
f 2054/4/2 2055/4/2 2060/4/2
f 2060/4/2 2055/4/2 2061/4/2
f 2058/4/2 2059/4/2 2063/4/2
f 2061/4/2 2062/4/2 2063/4/2
f 2060/4/2 2061/4/2 2063/4/2
f 2059/4/2 2060/4/2 2063/4/2
f 2057/4/2 2058/4/2 2063/4/2
f 2063/4/2 2062/4/2 2064/4/2
f 2065/4/2 2066/4/2 2068/4/2
f 2068/4/2 2066/4/2 2069/4/2
f 2069/4/2 2066/4/2 2070/4/2
f 2070/4/2 2066/4/2 2071/4/2
f 2067/4/2 2068/4/2 2074/4/2
f 2068/4/2 2069/4/2 2074/4/2
f 2074/4/2 2069/4/2 2075/4/2
f 2075/4/2 2069/4/2 2076/4/2
f 2076/4/2 2069/4/2 2077/4/2
f 2070/4/2 2071/4/2 2078/4/2
f 2071/4/2 2072/4/2 2078/4/2
f 2078/4/2 2072/4/2 2079/4/2
f 2079/4/2 2072/4/2 2080/4/2
f 2080/4/2 2072/4/2 2081/4/2
f 2073/6/2 2074/6/2 2083/6/2
f 2074/6/2 2075/6/2 2083/6/2
f 2083/6/2 2075/6/2 2084/6/2
f 2084/6/2 2075/6/2 2085/6/2
f 2077/2/2 2078/2/2 2087/2/2
f 2087/2/2 2078/2/2 2088/2/2
f 2081/6/2 2082/6/2 2090/6/2
f 2080/6/2 2081/6/2 2090/6/2
f 2090/6/2 2082/6/2 2091/6/2
f 2091/6/2 2082/6/2 2092/6/2
f 2085/4/2 2086/4/2 2093/4/2
f 2084/4/2 2085/4/2 2093/4/2
f 2086/4/2 2087/4/2 2093/4/2
f 2093/4/2 2087/4/2 2094/4/2
f 2094/4/2 2087/4/2 2095/4/2
f 2088/4/2 2089/4/2 2096/4/2
f 2090/4/2 2091/4/2 2096/4/2
f 2089/4/2 2090/4/2 2096/4/2
f 2096/4/2 2091/4/2 2097/4/2
f 2097/4/2 2091/4/2 2098/4/2
f 2094/4/2 2095/4/2 2099/4/2
f 2096/4/2 2097/4/2 2099/4/2
f 2095/4/2 2096/4/2 2099/4/2
f 2099/4/2 2097/4/2 2100/4/2
f 2101/4/2 2102/4/2 2105/4/2
f 2105/4/2 2102/4/2 2106/4/2
f 2103/6/2 2104/6/2 2109/6/2
f 2104/4/2 2105/4/2 2110/4/2
f 2109/6/2 2104/6/2 2110/6/2
f 2110/4/2 2105/4/2 2111/4/2
f 2106/4/2 2107/4/2 2112/4/2
f 2107/6/2 2108/6/2 2113/6/2
f 2112/4/2 2107/4/2 2113/4/2
f 2113/6/2 2108/6/2 2114/6/2
f 2111/4/2 2112/4/2 2115/4/2
f 2115/4/2 2112/4/2 2116/4/2
f 2119/4/3 2118/4/3 2117/4/3
f 2120/4/3 2118/4/3 2119/4/3
f 2123/6/3 2122/6/3 2121/6/3
f 2124/6/3 2122/6/3 2123/6/3
f 2128/4/3 2125/4/3 2124/4/3
f 2130/3/3 2127/3/3 2126/3/3
f 2131/3/3 2127/3/3 2130/3/3
f 2132/3/3 2129/3/3 2128/3/3
f 2132/4/3 2128/4/3 2124/4/3
f 2133/3/3 2129/3/3 2132/3/3
f 2135/4/3 2132/4/3 2124/4/3
f 2136/4/3 2132/4/3 2135/4/3
f 2137/6/3 2135/6/3 2134/6/3
f 2138/6/3 2135/6/3 2137/6/3
f 2143/4/3 2140/4/3 2139/4/3
f 2143/6/3 2141/6/3 2140/6/3
f 2144/4/3 2142/4/3 2141/4/3
f 2144/6/3 2141/6/3 2143/6/3
f 2146/4/3 2143/4/3 2139/4/3
f 2147/4/3 2143/4/3 2146/4/3
f 2148/4/3 2142/4/3 2144/4/3
f 2149/4/3 2142/4/3 2148/4/3
f 2151/1/3 2148/1/3 2147/1/3
f 2152/1/3 2148/1/3 2151/1/3
f 2153/4/3 2150/4/3 2149/4/3
f 2155/4/3 2146/4/3 2145/4/3
f 2156/4/3 2146/4/3 2155/4/3
f 2157/4/3 2154/4/3 2153/4/3
f 2157/4/3 2153/4/3 2149/4/3
f 2158/4/3 2154/4/3 2157/4/3
f 2159/4/3 2154/4/3 2158/4/3
f 2164/4/3 2154/4/3 2159/4/3
f 2165/4/3 2163/4/3 2162/4/3
f 2165/4/3 2164/4/3 2163/4/3
f 2166/4/3 2154/4/3 2164/4/3
f 2166/4/3 2164/4/3 2165/4/3
f 2167/2/3 2152/2/3 2151/2/3
f 2168/2/3 2152/2/3 2167/2/3
f 2169/4/3 2161/4/3 2160/4/3
f 2170/4/3 2161/4/3 2169/4/3
f 2171/1/3 2168/1/3 2167/1/3
f 2172/1/3 2168/1/3 2171/1/3
f 2173/4/3 2165/4/3 2162/4/3
f 2174/4/3 2165/4/3 2173/4/3
f 2175/4/3 2171/4/3 2170/4/3
f 2176/4/3 2173/4/3 2172/4/3
f 2177/4/3 2175/4/3 2170/4/3
f 2178/6/3 2176/6/3 2175/6/3
f 2178/4/3 2175/4/3 2177/4/3
f 2179/4/3 2173/4/3 2176/4/3
f 2179/6/3 2176/6/3 2178/6/3
f 2180/4/3 2173/4/3 2179/4/3
f 2186/4/3 2182/4/3 2181/4/3
f 2187/6/3 2183/6/3 2182/6/3
f 2187/4/3 2182/4/3 2186/4/3
f 2188/4/3 2184/4/3 2183/4/3
f 2188/6/3 2183/6/3 2187/6/3
f 2189/4/3 2184/4/3 2188/4/3
f 2193/4/3 2186/4/3 2185/4/3
f 2194/4/3 2186/4/3 2193/4/3
f 2195/4/3 2190/4/3 2189/4/3
f 2196/4/3 2190/4/3 2195/4/3
f 2200/4/3 2192/4/3 2191/4/3
f 2201/4/3 2192/4/3 2200/4/3
f 2204/1/3 2203/1/3 2202/1/3
f 2205/1/3 2203/1/3 2204/1/3
f 2206/4/3 2198/4/3 2197/4/3
f 2207/5/3 2199/5/3 2198/5/3
f 2207/4/3 2198/4/3 2206/4/3
f 2208/5/3 2207/5/3 2206/5/3
f 2209/5/3 2199/5/3 2207/5/3
f 2209/5/3 2207/5/3 2208/5/3
f 2210/2/3 2205/2/3 2204/2/3
f 2211/2/3 2205/2/3 2210/2/3
f 2212/1/3 2211/1/3 2210/1/3
f 2213/1/3 2211/1/3 2212/1/3
f 2214/4/3 2209/4/3 2208/4/3
f 2215/5/3 2199/5/3 2209/5/3
f 2215/4/3 2209/4/3 2214/4/3
f 2216/5/3 2199/5/3 2215/5/3
f 2223/4/3 2218/4/3 2217/4/3
f 2224/4/3 2218/4/3 2223/4/3
f 2225/4/3 2220/4/3 2219/4/3
f 2226/4/3 2220/4/3 2225/4/3
f 2229/4/3 2222/4/3 2221/4/3
f 2230/4/3 2222/4/3 2229/4/3
f 2231/4/3 2227/4/3 2226/4/3
f 2232/6/3 2228/6/3 2227/6/3
f 2232/4/3 2227/4/3 2231/4/3
f 2233/4/3 2229/4/3 2228/4/3
f 2233/6/3 2228/6/3 2232/6/3
f 2234/4/3 2229/4/3 2233/4/3
f 2240/4/3 2236/4/3 2235/4/3
f 2241/6/3 2237/6/3 2236/6/3
f 2241/4/3 2236/4/3 2240/4/3
f 2242/4/3 2238/4/3 2237/4/3
f 2242/6/3 2237/6/3 2241/6/3
f 2243/4/3 2238/4/3 2242/4/3
f 2245/4/3 2240/4/3 2239/4/3
f 2246/4/3 2240/4/3 2245/4/3
f 2247/4/3 2244/4/3 2243/4/3
f 2248/4/3 2244/4/3 2247/4/3
f 2255/4/3 2250/4/3 2249/4/3
f 2256/4/3 2250/4/3 2255/4/3
f 2260/4/3 2252/4/3 2251/4/3
f 2261/5/3 2253/5/3 2252/5/3
f 2261/4/3 2252/4/3 2260/4/3
f 2262/5/3 2253/5/3 2261/5/3
f 2263/6/3 2255/6/3 2254/6/3
f 2264/6/3 2255/6/3 2263/6/3
f 2265/4/3 2259/4/3 2258/4/3
f 2265/5/3 2258/5/3 2257/5/3
f 2266/4/3 2259/4/3 2265/4/3
f 2267/5/3 2265/5/3 2257/5/3
f 2267/3/3 2266/3/3 2265/3/3
f 2268/3/3 2266/3/3 2267/3/3
f 2274/5/3 2267/5/3 2257/5/3
f 2275/4/3 2268/4/3 2267/4/3
f 2275/5/3 2267/5/3 2274/5/3
f 2276/4/3 2268/4/3 2275/4/3
f 2277/4/3 2270/4/3 2269/4/3
f 2278/5/3 2271/5/3 2270/5/3
f 2278/4/3 2270/4/3 2277/4/3
f 2279/5/3 2271/5/3 2278/5/3
f 2280/6/3 2273/6/3 2272/6/3
f 2281/6/3 2273/6/3 2280/6/3
f 2287/4/3 2282/4/3 2281/4/3
f 2288/4/3 2282/4/3 2287/4/3
f 2289/4/3 2284/4/3 2283/4/3
f 2290/4/3 2284/4/3 2289/4/3
f 2293/4/3 2286/4/3 2285/4/3
f 2294/4/3 2286/4/3 2293/4/3
f 2295/4/3 2291/4/3 2290/4/3
f 2296/6/3 2292/6/3 2291/6/3
f 2296/4/3 2291/4/3 2295/4/3
f 2297/4/3 2293/4/3 2292/4/3
f 2297/6/3 2292/6/3 2296/6/3
f 2298/4/3 2293/4/3 2297/4/3
f 2303/4/3 2300/4/3 2299/4/3
f 2304/6/3 2301/6/3 2300/6/3
f 2304/4/3 2300/4/3 2303/4/3
f 2305/4/3 2302/4/3 2301/4/3
f 2305/6/3 2301/6/3 2304/6/3
f 2306/4/3 2302/4/3 2305/4/3
f 2311/3/3 2308/3/3 2307/3/3
f 2312/3/3 2308/3/3 2311/3/3
f 2313/3/3 2310/3/3 2309/3/3
f 2314/3/3 2310/3/3 2313/3/3
f 2321/3/3 2316/3/3 2315/3/3
f 2322/3/3 2316/3/3 2321/3/3
f 2325/4/3 2318/4/3 2317/4/3
f 2326/5/3 2319/5/3 2318/5/3
f 2326/4/3 2318/4/3 2325/4/3
f 2327/5/3 2319/5/3 2326/5/3
f 2328/4/3 2324/4/3 2323/4/3
f 2329/4/3 2324/4/3 2328/4/3
f 2330/6/3 2321/6/3 2320/6/3
f 2331/6/3 2321/6/3 2330/6/3
f 2334/4/3 2333/4/3 2332/4/3
f 2335/4/3 2333/4/3 2334/4/3
f 2343/4/3 2340/4/3 2339/4/3
f 2344/4/3 2340/4/3 2343/4/3
f 2345/4/3 2337/4/3 2336/4/3
f 2346/5/3 2338/5/3 2337/5/3
f 2346/4/3 2337/4/3 2345/4/3
f 2347/5/3 2338/5/3 2346/5/3
f 2348/6/3 2342/6/3 2341/6/3
f 2349/6/3 2342/6/3 2348/6/3
f 2355/3/3 2350/3/3 2349/3/3
f 2356/3/3 2350/3/3 2355/3/3
f 2357/3/3 2352/3/3 2351/3/3
f 2358/3/3 2352/3/3 2357/3/3
f 2359/3/3 2354/3/3 2353/3/3
f 2360/3/3 2354/3/3 2359/3/3
f 2365/4/3 2362/4/3 2361/4/3
f 2366/6/3 2363/6/3 2362/6/3
f 2366/4/3 2362/4/3 2365/4/3
f 2367/4/3 2364/4/3 2363/4/3
f 2367/6/3 2363/6/3 2366/6/3
f 2368/4/3 2364/4/3 2367/4/3
f 2373/4/3 2370/4/3 2369/4/3
f 2374/6/3 2371/6/3 2370/6/3
f 2374/4/3 2370/4/3 2373/4/3
f 2375/4/3 2372/4/3 2371/4/3
f 2375/6/3 2371/6/3 2374/6/3
f 2376/4/3 2372/4/3 2375/4/3
f 2381/3/3 2378/3/3 2377/3/3
f 2382/3/3 2378/3/3 2381/3/3
f 2383/3/3 2380/3/3 2379/3/3
f 2384/3/3 2380/3/3 2383/3/3
f 2391/3/3 2386/3/3 2385/3/3
f 2392/3/3 2386/3/3 2391/3/3
f 2393/3/3 2388/3/3 2387/3/3
f 2394/5/3 2389/5/3 2388/5/3
f 2394/3/3 2388/3/3 2393/3/3
f 2395/5/3 2389/5/3 2394/5/3
f 2396/6/3 2391/6/3 2390/6/3
f 2397/6/3 2391/6/3 2396/6/3
f 2403/5/3 2399/5/3 2398/5/3
f 2404/4/3 2400/4/3 2399/4/3
f 2404/5/3 2399/5/3 2403/5/3
f 2405/4/3 2400/4/3 2404/4/3
f 2406/4/3 2402/4/3 2401/4/3
f 2407/4/3 2402/4/3 2406/4/3
f 2410/4/3 2409/4/3 2408/4/3
f 2411/4/3 2409/4/3 2410/4/3
f 2415/5/3 2413/5/3 2412/5/3
f 2416/4/3 2414/4/3 2413/4/3
f 2416/5/3 2413/5/3 2415/5/3
f 2417/4/3 2414/4/3 2416/4/3
f 2423/3/3 2419/3/3 2418/3/3
f 2424/5/3 2420/5/3 2419/5/3
f 2424/3/3 2419/3/3 2423/3/3
f 2425/5/3 2420/5/3 2424/5/3
f 2426/6/3 2422/6/3 2421/6/3
f 2427/6/3 2422/6/3 2426/6/3
f 2433/3/3 2428/3/3 2427/3/3
f 2434/3/3 2428/3/3 2433/3/3
f 2435/3/3 2430/3/3 2429/3/3
f 2436/3/3 2430/3/3 2435/3/3
f 2437/3/3 2432/3/3 2431/3/3
f 2438/3/3 2432/3/3 2437/3/3
f 2443/4/3 2440/4/3 2439/4/3
f 2444/6/3 2441/6/3 2440/6/3
f 2444/4/3 2440/4/3 2443/4/3
f 2445/4/3 2442/4/3 2441/4/3
f 2445/6/3 2441/6/3 2444/6/3
f 2446/4/3 2442/4/3 2445/4/3
f 2449/6/3 2448/6/3 2447/6/3
f 2450/6/3 2448/6/3 2449/6/3
f 2455/3/3 2452/3/3 2451/3/3
f 2456/3/3 2452/3/3 2455/3/3
f 2457/3/3 2454/3/3 2453/3/3
f 2458/3/3 2454/3/3 2457/3/3
f 2465/3/3 2460/3/3 2459/3/3
f 2466/3/3 2460/3/3 2465/3/3
f 2467/3/3 2462/3/3 2461/3/3
f 2468/5/3 2463/5/3 2462/5/3
f 2468/3/3 2462/3/3 2467/3/3
f 2469/5/3 2463/5/3 2468/5/3
f 2470/6/3 2465/6/3 2464/6/3
f 2471/6/3 2465/6/3 2470/6/3
f 2477/5/3 2473/5/3 2472/5/3
f 2478/3/3 2474/3/3 2473/3/3
f 2478/5/3 2473/5/3 2477/5/3
f 2479/3/3 2474/3/3 2478/3/3
f 2480/4/3 2476/4/3 2475/4/3
f 2481/4/3 2476/4/3 2480/4/3
f 2484/4/3 2483/4/3 2482/4/3
f 2485/4/3 2483/4/3 2484/4/3
f 2489/5/3 2487/5/3 2486/5/3
f 2490/3/3 2488/3/3 2487/3/3
f 2490/5/3 2487/5/3 2489/5/3
f 2491/3/3 2488/3/3 2490/3/3
f 2497/3/3 2493/3/3 2492/3/3
f 2498/5/3 2494/5/3 2493/5/3
f 2498/3/3 2493/3/3 2497/3/3
f 2499/5/3 2494/5/3 2498/5/3
f 2500/6/3 2496/6/3 2495/6/3
f 2501/6/3 2496/6/3 2500/6/3
f 2507/3/3 2502/3/3 2501/3/3
f 2508/3/3 2502/3/3 2507/3/3
f 2509/3/3 2504/3/3 2503/3/3
f 2510/3/3 2504/3/3 2509/3/3
f 2511/3/3 2506/3/3 2505/3/3
f 2512/3/3 2506/3/3 2511/3/3
f 2515/6/3 2514/6/3 2513/6/3
f 2516/6/3 2514/6/3 2515/6/3
f 2520/6/3 2518/6/3 2517/6/3
f 2521/6/3 2518/6/3 2520/6/3
f 2524/4/3 2520/4/3 2519/4/3
f 2525/4/3 2520/4/3 2524/4/3
f 2526/4/3 2522/4/3 2521/4/3
f 2527/4/3 2522/4/3 2526/4/3
f 2529/4/3 2524/4/3 2523/4/3
f 2530/4/3 2524/4/3 2529/4/3
f 2531/4/3 2528/4/3 2527/4/3
f 2532/4/3 2528/4/3 2531/4/3
f 2539/4/3 2534/4/3 2533/4/3
f 2540/4/3 2534/4/3 2539/4/3
f 2541/3/3 2536/3/3 2535/3/3
f 2542/5/3 2537/5/3 2536/5/3
f 2542/3/3 2536/3/3 2541/3/3
f 2543/5/3 2537/5/3 2542/5/3
f 2544/6/3 2539/6/3 2538/6/3
f 2545/6/3 2539/6/3 2544/6/3
f 2551/5/3 2547/5/3 2546/5/3
f 2552/3/3 2548/3/3 2547/3/3
f 2552/5/3 2547/5/3 2551/5/3
f 2553/3/3 2548/3/3 2552/3/3
f 2554/4/3 2550/4/3 2549/4/3
f 2555/4/3 2550/4/3 2554/4/3
f 2558/4/3 2557/4/3 2556/4/3
f 2559/4/3 2557/4/3 2558/4/3
f 2563/5/3 2561/5/3 2560/5/3
f 2564/3/3 2562/3/3 2561/3/3
f 2564/5/3 2561/5/3 2563/5/3
f 2565/3/3 2562/3/3 2564/3/3
f 2571/3/3 2567/3/3 2566/3/3
f 2572/5/3 2568/5/3 2567/5/3
f 2572/3/3 2567/3/3 2571/3/3
f 2573/5/3 2568/5/3 2572/5/3
f 2574/6/3 2570/6/3 2569/6/3
f 2575/6/3 2570/6/3 2574/6/3
f 2581/4/3 2576/4/3 2575/4/3
f 2582/4/3 2576/4/3 2581/4/3
f 2583/4/3 2578/4/3 2577/4/3
f 2584/4/3 2578/4/3 2583/4/3
f 2587/4/3 2580/4/3 2579/4/3
f 2588/4/3 2580/4/3 2587/4/3
f 2589/4/3 2585/4/3 2584/4/3
f 2590/4/3 2585/4/3 2589/4/3
f 2591/4/3 2587/4/3 2586/4/3
f 2592/4/3 2587/4/3 2591/4/3
f 2593/6/3 2591/6/3 2590/6/3
f 2594/6/3 2591/6/3 2593/6/3
f 2600/4/3 2596/4/3 2595/4/3
f 2601/4/3 2596/4/3 2600/4/3
f 2602/4/3 2598/4/3 2597/4/3
f 2603/4/3 2598/4/3 2602/4/3
f 2605/4/3 2600/4/3 2599/4/3
f 2606/4/3 2600/4/3 2605/4/3
f 2607/4/3 2604/4/3 2603/4/3
f 2608/4/3 2604/4/3 2607/4/3
f 2614/4/3 2610/4/3 2609/4/3
f 2615/5/3 2611/5/3 2610/5/3
f 2615/4/3 2610/4/3 2614/4/3
f 2616/5/3 2611/5/3 2615/5/3
f 2617/6/3 2613/6/3 2612/6/3
f 2618/6/3 2613/6/3 2617/6/3
f 2624/5/3 2620/5/3 2619/5/3
f 2625/3/3 2621/3/3 2620/3/3
f 2625/5/3 2620/5/3 2624/5/3
f 2626/3/3 2621/3/3 2625/3/3
f 2627/4/3 2623/4/3 2622/4/3
f 2628/4/3 2623/4/3 2627/4/3
f 2631/4/3 2630/4/3 2629/4/3
f 2632/4/3 2630/4/3 2631/4/3
f 2635/4/3 2634/4/3 2633/4/3
f 2636/4/3 2634/4/3 2635/4/3
f 2640/5/3 2638/5/3 2637/5/3
f 2641/3/3 2639/3/3 2638/3/3
f 2641/5/3 2638/5/3 2640/5/3
f 2642/3/3 2639/3/3 2641/3/3
f 2648/4/3 2644/4/3 2643/4/3
f 2649/5/3 2645/5/3 2644/5/3
f 2649/4/3 2644/4/3 2648/4/3
f 2650/5/3 2645/5/3 2649/5/3
f 2651/6/3 2647/6/3 2646/6/3
f 2652/6/3 2647/6/3 2651/6/3
f 2657/4/3 2654/4/3 2653/4/3
f 2658/4/3 2654/4/3 2657/4/3
f 2661/4/3 2656/4/3 2655/4/3
f 2662/4/3 2656/4/3 2661/4/3
f 2663/4/3 2659/4/3 2658/4/3
f 2664/4/3 2659/4/3 2663/4/3
f 2665/4/3 2661/4/3 2660/4/3
f 2666/4/3 2661/4/3 2665/4/3
f 2669/6/3 2668/6/3 2667/6/3
f 2670/6/3 2668/6/3 2669/6/3
f 2673/4/3 2672/4/3 2671/4/3
f 2674/4/3 2672/4/3 2673/4/3
f 2680/5/3 2676/5/3 2675/5/3
f 2681/4/3 2677/4/3 2676/4/3
f 2681/5/3 2676/5/3 2680/5/3
f 2682/4/3 2677/4/3 2681/4/3
f 2683/4/3 2679/4/3 2678/4/3
f 2684/4/3 2679/4/3 2683/4/3
f 2687/4/3 2686/4/3 2685/4/3
f 2688/4/3 2686/4/3 2687/4/3
f 2693/5/3 2690/5/3 2689/5/3
f 2694/5/3 2690/5/3 2693/5/3
f 2695/4/3 2692/4/3 2691/4/3
f 2696/4/3 2692/4/3 2695/4/3
f 2699/4/3 2698/4/3 2697/4/3
f 2700/4/3 2698/4/3 2699/4/3
f 2704/5/3 2702/5/3 2701/5/3
f 2705/4/3 2703/4/3 2702/4/3
f 2705/5/3 2702/5/3 2704/5/3
f 2706/4/3 2703/4/3 2705/4/3
f 2709/4/3 2708/4/3 2707/4/3
f 2710/4/3 2708/4/3 2709/4/3
f 2713/6/3 2712/6/3 2711/6/3
f 2714/6/3 2712/6/3 2713/6/3
f 2720/4/3 2716/4/3 2715/4/3
f 2721/4/3 2716/4/3 2720/4/3
f 2722/4/3 2718/4/3 2717/4/3
f 2723/4/3 2718/4/3 2722/4/3
f 2725/4/3 2720/4/3 2719/4/3
f 2726/4/3 2720/4/3 2725/4/3
f 2727/4/3 2724/4/3 2723/4/3
f 2728/4/3 2724/4/3 2727/4/3
f 2734/4/3 2730/4/3 2729/4/3
f 2735/5/3 2731/5/3 2730/5/3
f 2735/4/3 2730/4/3 2734/4/3
f 2736/5/3 2731/5/3 2735/5/3
f 2737/6/3 2733/6/3 2732/6/3
f 2738/6/3 2733/6/3 2737/6/3
f 2744/5/3 2740/5/3 2739/5/3
f 2745/4/3 2741/4/3 2740/4/3
f 2745/5/3 2740/5/3 2744/5/3
f 2746/4/3 2741/4/3 2745/4/3
f 2747/4/3 2743/4/3 2742/4/3
f 2748/4/3 2743/4/3 2747/4/3
f 2751/5/3 2750/5/3 2749/5/3
f 2752/5/3 2750/5/3 2751/5/3
f 2757/5/3 2754/5/3 2753/5/3
f 2758/5/3 2754/5/3 2757/5/3
f 2759/5/3 2756/5/3 2755/5/3
f 2760/5/3 2756/5/3 2759/5/3
f 2763/4/3 2762/4/3 2761/4/3
f 2764/4/3 2762/4/3 2763/4/3
f 2768/5/3 2766/5/3 2765/5/3
f 2769/4/3 2767/4/3 2766/4/3
f 2769/5/3 2766/5/3 2768/5/3
f 2770/4/3 2767/4/3 2769/4/3
f 2776/4/3 2772/4/3 2771/4/3
f 2777/5/3 2773/5/3 2772/5/3
f 2777/4/3 2772/4/3 2776/4/3
f 2778/5/3 2773/5/3 2777/5/3
f 2779/6/3 2775/6/3 2774/6/3
f 2780/6/3 2775/6/3 2779/6/3
f 2785/4/3 2782/4/3 2781/4/3
f 2786/4/3 2782/4/3 2785/4/3
f 2789/4/3 2784/4/3 2783/4/3
f 2790/4/3 2784/4/3 2789/4/3
f 2791/4/3 2787/4/3 2786/4/3
f 2792/4/3 2787/4/3 2791/4/3
f 2793/4/3 2789/4/3 2788/4/3
f 2794/4/3 2789/4/3 2793/4/3
f 2797/4/3 2796/4/3 2795/4/3
f 2798/4/3 2796/4/3 2797/4/3
f 2801/4/3 2800/4/3 2799/4/3
f 2802/4/3 2800/4/3 2801/4/3
f 2805/5/3 2804/5/3 2803/5/3
f 2806/5/3 2804/5/3 2805/5/3
f 2810/5/3 2808/5/3 2807/5/3
f 2811/5/3 2808/5/3 2810/5/3
f 2813/2/3 2810/2/3 2809/2/3
f 2814/2/3 2810/2/3 2813/2/3
f 2815/4/3 2812/4/3 2811/4/3
f 2816/4/3 2812/4/3 2815/4/3
f 2819/5/3 2815/5/3 2814/5/3
f 2820/5/3 2815/5/3 2819/5/3
f 2823/5/3 2818/5/3 2817/5/3
f 2824/5/3 2818/5/3 2823/5/3
f 2825/4/3 2822/4/3 2821/4/3
f 2826/4/3 2822/4/3 2825/4/3
f 2829/4/3 2828/4/3 2827/4/3
f 2830/4/3 2828/4/3 2829/4/3
f 2836/4/3 2832/4/3 2831/4/3
f 2837/4/3 2832/4/3 2836/4/3
f 2838/4/3 2834/4/3 2833/4/3
f 2839/5/3 2835/5/3 2834/5/3
f 2839/4/3 2834/4/3 2838/4/3
f 2840/5/3 2835/5/3 2839/5/3
f 2841/6/3 2837/6/3 2836/6/3
f 2842/6/3 2837/6/3 2841/6/3
f 2848/5/3 2844/5/3 2843/5/3
f 2849/4/3 2845/4/3 2844/4/3
f 2849/5/3 2844/5/3 2848/5/3
f 2850/4/3 2845/4/3 2849/4/3
f 2851/4/3 2845/4/3 2850/4/3
f 2852/4/3 2847/4/3 2846/4/3
f 2853/4/3 2847/4/3 2852/4/3
f 2856/4/3 2855/4/3 2854/4/3
f 2857/4/3 2855/4/3 2856/4/3
f 2860/5/3 2859/5/3 2858/5/3
f 2861/5/3 2859/5/3 2860/5/3
f 2865/5/3 2863/5/3 2862/5/3
f 2866/5/3 2863/5/3 2865/5/3
f 2868/2/3 2865/2/3 2864/2/3
f 2869/2/3 2865/2/3 2868/2/3
f 2870/4/3 2867/4/3 2866/4/3
f 2871/4/3 2867/4/3 2870/4/3
f 2876/2/3 2873/2/3 2872/2/3
f 2877/2/3 2873/2/3 2876/2/3
f 2878/4/3 2875/4/3 2874/4/3
f 2879/4/3 2875/4/3 2878/4/3
f 2882/5/3 2878/5/3 2877/5/3
f 2883/5/3 2878/5/3 2882/5/3
f 2884/5/3 2881/5/3 2880/5/3
f 2885/5/3 2881/5/3 2884/5/3
f 2888/4/3 2887/4/3 2886/4/3
f 2889/4/3 2887/4/3 2888/4/3
f 2892/4/3 2891/4/3 2890/4/3
f 2893/4/3 2891/4/3 2892/4/3
f 2898/5/3 2895/5/3 2894/5/3
f 2899/4/3 2896/4/3 2895/4/3
f 2899/5/3 2895/5/3 2898/5/3
f 2899/4/3 2897/4/3 2896/4/3
f 2900/4/3 2897/4/3 2899/4/3
f 2906/4/3 2902/4/3 2901/4/3
f 2907/5/3 2903/5/3 2902/5/3
f 2907/4/3 2902/4/3 2906/4/3
f 2908/5/3 2903/5/3 2907/5/3
f 2909/6/3 2905/6/3 2904/6/3
f 2910/6/3 2905/6/3 2909/6/3
f 2911/4/3 2910/4/3 2909/4/3
f 2912/4/3 2910/4/3 2911/4/3
f 2917/6/3 2914/6/3 2913/6/3
f 2918/6/3 2914/6/3 2917/6/3
f 2921/4/3 2916/4/3 2915/4/3
f 2922/4/3 2916/4/3 2921/4/3
f 2923/4/3 2920/4/3 2919/4/3
f 2924/4/3 2920/4/3 2923/4/3
f 2927/5/3 2926/5/3 2925/5/3
f 2928/5/3 2926/5/3 2927/5/3
f 2931/3/3 2930/3/3 2929/3/3
f 2932/3/3 2930/3/3 2931/3/3
f 2935/5/3 2934/5/3 2933/5/3
f 2936/5/3 2934/5/3 2935/5/3
f 2940/5/3 2938/5/3 2937/5/3
f 2941/5/3 2938/5/3 2940/5/3
f 2943/2/3 2940/2/3 2939/2/3
f 2944/2/3 2940/2/3 2943/2/3
f 2945/4/3 2942/4/3 2941/4/3
f 2946/4/3 2942/4/3 2945/4/3
f 2951/2/3 2948/2/3 2947/2/3
f 2952/2/3 2948/2/3 2951/2/3
f 2953/4/3 2950/4/3 2949/4/3
f 2954/4/3 2950/4/3 2953/4/3
f 2957/5/3 2953/5/3 2952/5/3
f 2958/5/3 2953/5/3 2957/5/3
f 2959/5/3 2956/5/3 2955/5/3
f 2960/5/3 2956/5/3 2959/5/3
f 2965/3/3 2962/3/3 2961/3/3
f 2966/3/3 2962/3/3 2965/3/3
f 2967/5/3 2964/5/3 2963/5/3
f 2968/5/3 2964/5/3 2967/5/3
f 2973/4/3 2970/4/3 2969/4/3
f 2974/4/3 2970/4/3 2973/4/3
f 2977/4/3 2972/4/3 2971/4/3
f 2978/4/3 2972/4/3 2977/4/3
f 2979/6/3 2976/6/3 2975/6/3
f 2980/6/3 2976/6/3 2979/6/3
f 2983/5/3 2982/5/3 2981/5/3
f 2984/5/3 2982/5/3 2983/5/3
f 2987/5/3 2986/5/3 2985/5/3
f 2988/5/3 2986/5/3 2987/5/3
f 2993/4/3 2990/4/3 2989/4/3
f 2994/4/3 2990/4/3 2993/4/3
f 2995/4/3 2992/4/3 2991/4/3
f 2996/4/3 2992/4/3 2995/4/3
f 3001/4/3 2998/4/3 2997/4/3
f 3002/4/3 2998/4/3 3001/4/3
f 3003/4/3 3000/4/3 2999/4/3
f 3004/4/3 3000/4/3 3003/4/3
f 3007/4/3 3006/4/3 3005/4/3
f 3008/4/3 3006/4/3 3007/4/3
f 3011/6/3 3010/6/3 3009/6/3
f 3012/6/3 3010/6/3 3011/6/3
f 3015/6/3 3014/6/3 3013/6/3
f 3016/6/3 3014/6/3 3015/6/3
f 3019/4/3 3018/4/3 3017/4/3
f 3020/4/3 3018/4/3 3019/4/3
f 3023/6/3 3022/6/3 3021/6/3
f 3024/6/3 3022/6/3 3023/6/3
f 3027/6/3 3026/6/3 3025/6/3
f 3028/6/3 3026/6/3 3027/6/3
f 3031/4/3 3030/4/3 3029/4/3
f 3032/4/3 3030/4/3 3031/4/3
f 3035/4/3 3034/4/3 3033/4/3
f 3036/4/3 3034/4/3 3035/4/3
f 3039/4/3 3038/4/3 3037/4/3
f 3040/4/3 3038/4/3 3039/4/3
f 3043/6/3 3042/6/3 3041/6/3
f 3044/6/3 3042/6/3 3043/6/3
f 3047/6/3 3046/6/3 3045/6/3
f 3048/6/3 3046/6/3 3047/6/3
f 3051/4/3 3050/4/3 3049/4/3
f 3052/4/3 3050/4/3 3051/4/3
f 3055/4/3 3054/4/3 3053/4/3
f 3056/4/3 3054/4/3 3055/4/3
f 3059/4/3 3058/4/3 3057/4/3
f 3060/4/3 3058/4/3 3059/4/3
f 3063/4/3 3062/4/3 3061/4/3
f 3064/4/3 3062/4/3 3063/4/3
f 3067/4/3 3066/4/3 3065/4/3
f 3068/4/3 3066/4/3 3067/4/3
f 3069/4/3 3066/4/3 3068/4/3
f 3070/4/3 3066/4/3 3069/4/3
f 3073/6/3 3072/6/3 3071/6/3
f 3074/6/3 3072/6/3 3073/6/3
f 3077/6/3 3076/6/3 3075/6/3
f 3078/6/3 3076/6/3 3077/6/3
f 3082/4/3 3080/4/3 3079/4/3
f 3083/4/3 3082/4/3 3081/4/3
f 3084/4/3 3080/4/3 3082/4/3
f 3084/4/3 3082/4/3 3083/4/3
f 3087/4/3 3086/4/3 3085/4/3
f 3088/4/3 3086/4/3 3087/4/3
f 3091/4/3 3090/4/3 3089/4/3
f 3092/4/3 3090/4/3 3091/4/3
f 3095/4/3 3094/4/3 3093/4/3
f 3096/4/3 3094/4/3 3095/4/3
f 3099/6/3 3098/6/3 3097/6/3
f 3100/6/3 3098/6/3 3099/6/3
f 3103/6/3 3102/6/3 3101/6/3
f 3104/6/3 3102/6/3 3103/6/3
f 3107/4/3 3106/4/3 3105/4/3
f 3108/4/3 3106/4/3 3107/4/3
f 3111/4/3 3110/4/3 3109/4/3
f 3112/4/3 3110/4/3 3111/4/3
f 3115/4/3 3114/4/3 3113/4/3
f 3116/4/3 3114/4/3 3115/4/3
f 3119/4/3 3118/4/3 3117/4/3
f 3120/4/3 3118/4/3 3119/4/3
f 3121/4/3 3118/4/3 3120/4/3
f 3122/4/3 3118/4/3 3121/4/3
f 3125/6/3 3124/6/3 3123/6/3
f 3126/6/3 3124/6/3 3125/6/3
f 3130/4/3 3128/4/3 3127/4/3
f 3131/4/3 3130/4/3 3129/4/3
f 3132/4/3 3128/4/3 3130/4/3
f 3132/4/3 3130/4/3 3131/4/3
f 3135/4/3 3134/4/3 3133/4/3
f 3136/4/3 3134/4/3 3135/4/3
f 3139/4/3 3138/4/3 3137/4/3
f 3140/4/3 3138/4/3 3139/4/3
f 3143/4/3 3142/4/3 3141/4/3
f 3145/4/3 3143/4/3 3141/4/3
f 3145/4/3 3144/4/3 3143/4/3
f 3146/4/3 3144/4/3 3145/4/3
f 3147/4/3 3145/4/3 3141/4/3
f 3148/4/3 3145/4/3 3147/4/3
f 3151/4/3 3150/4/3 3149/4/3
f 3152/4/3 3150/4/3 3151/4/3
f 3155/4/3 3154/4/3 3153/4/3
f 3156/4/3 3154/4/3 3155/4/3
f 3159/4/3 3158/4/3 3157/4/3
f 3160/4/3 3158/4/3 3159/4/3
f 3163/4/3 3162/4/3 3161/4/3
f 3164/4/3 3162/4/3 3163/4/3
f 3167/4/3 3166/4/3 3165/4/3
f 3168/4/3 3166/4/3 3167/4/3
f 3171/4/3 3170/4/3 3169/4/3
f 3172/4/3 3170/4/3 3171/4/3
f 3175/4/3 3174/4/3 3173/4/3
f 3176/4/3 3174/4/3 3175/4/3
f 3179/4/3 3178/4/3 3177/4/3
f 3180/4/3 3178/4/3 3179/4/3
f 3181/3/3 3180/3/3 3179/3/3
f 3182/3/3 3180/3/3 3181/3/3
f 3183/4/3 3182/4/3 3181/4/3
f 3184/4/3 3182/4/3 3183/4/3
f 3187/4/3 3186/4/3 3185/4/3
f 3188/4/3 3186/4/3 3187/4/3
f 3191/4/3 3190/4/3 3189/4/3
f 3192/4/3 3190/4/3 3191/4/3
f 3193/4/4 3194/4/4 3195/4/4
f 3195/4/4 3194/4/4 3196/4/4
f 3197/4/4 3198/4/4 3199/4/4
f 3199/4/4 3198/4/4 3200/4/4
f 3201/4/4 3202/4/4 3203/4/4
f 3203/4/4 3202/4/4 3204/4/4
f 3203/3/4 3204/3/4 3205/3/4
f 3205/3/4 3204/3/4 3206/3/4
f 3205/4/4 3206/4/4 3207/4/4
f 3207/4/4 3206/4/4 3208/4/4
f 3209/4/4 3210/4/4 3211/4/4
f 3211/4/4 3210/4/4 3212/4/4
f 3213/4/4 3214/4/4 3215/4/4
f 3215/4/4 3214/4/4 3216/4/4
f 3217/4/4 3218/4/4 3219/4/4
f 3219/4/4 3218/4/4 3220/4/4
f 3221/4/4 3222/4/4 3223/4/4
f 3223/4/4 3222/4/4 3224/4/4
f 3225/4/4 3226/4/4 3227/4/4
f 3227/4/4 3226/4/4 3228/4/4
f 3229/4/4 3230/4/4 3231/4/4
f 3231/4/4 3230/4/4 3232/4/4
f 3233/4/4 3234/4/4 3235/4/4
f 3235/4/4 3234/4/4 3236/4/4
f 3237/4/4 3238/4/4 3239/4/4
f 3237/4/4 3239/4/4 3241/4/4
f 3239/4/4 3240/4/4 3241/4/4
f 3241/4/4 3240/4/4 3242/4/4
f 3237/4/4 3241/4/4 3243/4/4
f 3243/4/4 3241/4/4 3244/4/4
f 3245/4/4 3246/4/4 3247/4/4
f 3247/4/4 3246/4/4 3248/4/4
f 3249/4/4 3250/4/4 3251/4/4
f 3251/4/4 3250/4/4 3252/4/4
f 3253/4/4 3254/4/4 3255/4/4
f 3255/4/4 3254/4/4 3256/4/4
f 3256/4/4 3254/4/4 3257/4/4
f 3257/4/4 3254/4/4 3258/4/4
f 3259/6/4 3260/6/4 3261/6/4
f 3261/6/4 3260/6/4 3262/6/4
f 3263/4/4 3264/4/4 3266/4/4
f 3265/4/4 3266/4/4 3267/4/4
f 3266/4/4 3264/4/4 3268/4/4
f 3267/4/4 3266/4/4 3268/4/4
f 3269/4/4 3270/4/4 3271/4/4
f 3271/4/4 3270/4/4 3272/4/4
f 3273/4/4 3274/4/4 3275/4/4
f 3275/4/4 3274/4/4 3276/4/4
f 3277/4/4 3278/4/4 3279/4/4
f 3279/4/4 3278/4/4 3280/4/4
f 3281/6/4 3282/6/4 3283/6/4
f 3283/6/4 3282/6/4 3284/6/4
f 3285/6/4 3286/6/4 3287/6/4
f 3287/6/4 3286/6/4 3288/6/4
f 3289/4/4 3290/4/4 3291/4/4
f 3291/4/4 3290/4/4 3292/4/4
f 3293/4/4 3294/4/4 3295/4/4
f 3295/4/4 3294/4/4 3296/4/4
f 3297/4/4 3298/4/4 3299/4/4
f 3299/4/4 3298/4/4 3300/4/4
f 3301/4/4 3302/4/4 3303/4/4
f 3303/4/4 3302/4/4 3304/4/4
f 3304/4/4 3302/4/4 3305/4/4
f 3305/4/4 3302/4/4 3306/4/4
f 3307/6/4 3308/6/4 3309/6/4
f 3309/6/4 3308/6/4 3310/6/4
f 3311/6/4 3312/6/4 3313/6/4
f 3313/6/4 3312/6/4 3314/6/4
f 3315/4/4 3316/4/4 3318/4/4
f 3317/4/4 3318/4/4 3319/4/4
f 3318/4/4 3316/4/4 3320/4/4
f 3319/4/4 3318/4/4 3320/4/4
f 3321/4/4 3322/4/4 3323/4/4
f 3323/4/4 3322/4/4 3324/4/4
f 3325/4/4 3326/4/4 3327/4/4
f 3327/4/4 3326/4/4 3328/4/4
f 3329/4/4 3330/4/4 3331/4/4
f 3331/4/4 3330/4/4 3332/4/4
f 3333/4/4 3334/4/4 3335/4/4
f 3335/4/4 3334/4/4 3336/4/4
f 3337/6/4 3338/6/4 3339/6/4
f 3339/6/4 3338/6/4 3340/6/4
f 3341/6/4 3342/6/4 3343/6/4
f 3343/6/4 3342/6/4 3344/6/4
f 3345/4/4 3346/4/4 3347/4/4
f 3347/4/4 3346/4/4 3348/4/4
f 3349/4/4 3350/4/4 3351/4/4
f 3351/4/4 3350/4/4 3352/4/4
f 3353/4/4 3354/4/4 3355/4/4
f 3355/4/4 3354/4/4 3356/4/4
f 3357/6/4 3358/6/4 3359/6/4
f 3359/6/4 3358/6/4 3360/6/4
f 3361/6/4 3362/6/4 3363/6/4
f 3363/6/4 3362/6/4 3364/6/4
f 3365/4/4 3366/4/4 3367/4/4
f 3367/4/4 3366/4/4 3368/4/4
f 3369/6/4 3370/6/4 3371/6/4
f 3371/6/4 3370/6/4 3372/6/4
f 3373/6/4 3374/6/4 3375/6/4
f 3375/6/4 3374/6/4 3376/6/4
f 3377/4/4 3378/4/4 3379/4/4
f 3379/4/4 3378/4/4 3380/4/4
f 3381/4/4 3382/4/4 3385/4/4
f 3385/4/4 3382/4/4 3386/4/4
f 3383/4/4 3384/4/4 3387/4/4
f 3387/4/4 3384/4/4 3388/4/4
f 3389/4/4 3390/4/4 3393/4/4
f 3393/4/4 3390/4/4 3394/4/4
f 3391/4/4 3392/4/4 3395/4/4
f 3395/4/4 3392/4/4 3396/4/4
f 3397/5/4 3398/5/4 3399/5/4
f 3399/5/4 3398/5/4 3400/5/4
f 3401/5/4 3402/5/4 3403/5/4
f 3403/5/4 3402/5/4 3404/5/4
f 3405/6/4 3406/6/4 3409/6/4
f 3409/6/4 3406/6/4 3410/6/4
f 3407/4/4 3408/4/4 3413/4/4
f 3413/4/4 3408/4/4 3414/4/4
f 3411/4/4 3412/4/4 3415/4/4
f 3415/4/4 3412/4/4 3416/4/4
f 3417/5/4 3418/5/4 3419/5/4
f 3419/5/4 3418/5/4 3420/5/4
f 3421/3/4 3422/3/4 3423/3/4
f 3423/3/4 3422/3/4 3424/3/4
f 3425/5/4 3426/5/4 3427/5/4
f 3427/5/4 3426/5/4 3428/5/4
f 3429/5/4 3430/5/4 3432/5/4
f 3432/5/4 3430/5/4 3433/5/4
f 3431/2/4 3432/2/4 3435/2/4
f 3435/2/4 3432/2/4 3436/2/4
f 3433/4/4 3434/4/4 3437/4/4
f 3437/4/4 3434/4/4 3438/4/4
f 3439/2/4 3440/2/4 3443/2/4
f 3443/2/4 3440/2/4 3444/2/4
f 3441/4/4 3442/4/4 3445/4/4
f 3445/4/4 3442/4/4 3446/4/4
f 3444/5/4 3445/5/4 3449/5/4
f 3449/5/4 3445/5/4 3450/5/4
f 3447/5/4 3448/5/4 3451/5/4
f 3451/5/4 3448/5/4 3452/5/4
f 3453/3/4 3454/3/4 3457/3/4
f 3457/3/4 3454/3/4 3458/3/4
f 3455/5/4 3456/5/4 3459/5/4
f 3459/5/4 3456/5/4 3460/5/4
f 3461/4/4 3462/4/4 3465/4/4
f 3465/4/4 3462/4/4 3466/4/4
f 3463/4/4 3464/4/4 3469/4/4
f 3469/4/4 3464/4/4 3470/4/4
f 3467/6/4 3468/6/4 3471/6/4
f 3471/6/4 3468/6/4 3472/6/4
f 3473/4/4 3474/4/4 3478/4/4
f 3478/4/4 3474/4/4 3479/4/4
f 3475/4/4 3476/4/4 3480/4/4
f 3476/5/4 3477/5/4 3481/5/4
f 3480/4/4 3476/4/4 3481/4/4
f 3481/5/4 3477/5/4 3482/5/4
f 3478/6/4 3479/6/4 3483/6/4
f 3483/6/4 3479/6/4 3484/6/4
f 3485/5/4 3486/5/4 3490/5/4
f 3486/4/4 3487/4/4 3491/4/4
f 3490/5/4 3486/5/4 3491/5/4
f 3491/4/4 3487/4/4 3492/4/4
f 3492/4/4 3487/4/4 3493/4/4
f 3488/4/4 3489/4/4 3494/4/4
f 3494/4/4 3489/4/4 3495/4/4
f 3496/4/4 3497/4/4 3498/4/4
f 3498/4/4 3497/4/4 3499/4/4
f 3500/5/4 3501/5/4 3502/5/4
f 3502/5/4 3501/5/4 3503/5/4
f 3504/5/4 3505/5/4 3507/5/4
f 3507/5/4 3505/5/4 3508/5/4
f 3506/2/4 3507/2/4 3510/2/4
f 3510/2/4 3507/2/4 3511/2/4
f 3508/4/4 3509/4/4 3512/4/4
f 3512/4/4 3509/4/4 3515/4/4
f 3513/2/4 3514/2/4 3516/2/4
f 3516/2/4 3514/2/4 3517/2/4
f 3515/4/4 3509/4/4 3518/4/4
f 3518/4/4 3509/4/4 3519/4/4
f 3517/5/4 3518/5/4 3522/5/4
f 3522/5/4 3518/5/4 3523/5/4
f 3520/5/4 3521/5/4 3524/5/4
f 3524/5/4 3521/5/4 3525/5/4
f 3526/4/4 3527/4/4 3528/4/4
f 3528/4/4 3527/4/4 3529/4/4
f 3530/4/4 3531/4/4 3532/4/4
f 3532/4/4 3531/4/4 3533/4/4
f 3534/5/4 3535/5/4 3538/5/4
f 3535/4/4 3536/4/4 3539/4/4
f 3538/5/4 3535/5/4 3539/5/4
f 3536/4/4 3537/4/4 3539/4/4
f 3539/4/4 3537/4/4 3540/4/4
f 3541/4/4 3542/4/4 3546/4/4
f 3542/5/4 3543/5/4 3547/5/4
f 3546/4/4 3542/4/4 3547/4/4
f 3547/5/4 3543/5/4 3548/5/4
f 3544/6/4 3545/6/4 3549/6/4
f 3549/6/4 3545/6/4 3550/6/4
f 3549/4/4 3550/4/4 3551/4/4
f 3551/4/4 3550/4/4 3552/4/4
f 3553/4/4 3554/4/4 3555/4/4
f 3555/4/4 3554/4/4 3556/4/4
f 3557/4/4 3558/4/4 3559/4/4
f 3559/4/4 3558/4/4 3560/4/4
f 3561/5/4 3562/5/4 3563/5/4
f 3563/5/4 3562/5/4 3564/5/4
f 3565/5/4 3566/5/4 3568/5/4
f 3568/5/4 3566/5/4 3569/5/4
f 3567/2/4 3568/2/4 3570/2/4
f 3570/2/4 3568/2/4 3571/2/4
f 3571/5/4 3572/5/4 3575/5/4
f 3575/5/4 3572/5/4 3576/5/4
f 3573/5/4 3574/5/4 3579/5/4
f 3579/5/4 3574/5/4 3580/5/4
f 3577/4/4 3578/4/4 3581/4/4
f 3581/4/4 3578/4/4 3582/4/4
f 3583/4/4 3584/4/4 3585/4/4
f 3585/4/4 3584/4/4 3586/4/4
f 3587/4/4 3588/4/4 3592/4/4
f 3592/4/4 3588/4/4 3593/4/4
f 3589/4/4 3590/4/4 3594/4/4
f 3594/4/4 3590/4/4 3595/4/4
f 3591/4/4 3592/4/4 3597/4/4
f 3597/4/4 3592/4/4 3598/4/4
f 3595/4/4 3596/4/4 3599/4/4
f 3599/4/4 3596/4/4 3600/4/4
f 3601/4/4 3602/4/4 3606/4/4
f 3602/5/4 3603/5/4 3607/5/4
f 3606/4/4 3602/4/4 3607/4/4
f 3607/5/4 3603/5/4 3608/5/4
f 3604/6/4 3605/6/4 3609/6/4
f 3609/6/4 3605/6/4 3610/6/4
f 3611/5/4 3612/5/4 3616/5/4
f 3612/4/4 3613/4/4 3617/4/4
f 3616/5/4 3612/5/4 3617/5/4
f 3617/4/4 3613/4/4 3618/4/4
f 3614/4/4 3615/4/4 3619/4/4
f 3619/4/4 3615/4/4 3620/4/4
f 3621/5/4 3622/5/4 3623/5/4
f 3623/5/4 3622/5/4 3624/5/4
f 3625/5/4 3626/5/4 3629/5/4
f 3629/5/4 3626/5/4 3630/5/4
f 3627/5/4 3628/5/4 3631/5/4
f 3631/5/4 3628/5/4 3632/5/4
f 3633/4/4 3634/4/4 3635/4/4
f 3635/4/4 3634/4/4 3636/4/4
f 3637/5/4 3638/5/4 3640/5/4
f 3638/4/4 3639/4/4 3641/4/4
f 3640/5/4 3638/5/4 3641/5/4
f 3641/4/4 3639/4/4 3642/4/4
f 3643/4/4 3644/4/4 3648/4/4
f 3644/5/4 3645/5/4 3649/5/4
f 3648/4/4 3644/4/4 3649/4/4
f 3649/5/4 3645/5/4 3650/5/4
f 3646/6/4 3647/6/4 3651/6/4
f 3651/6/4 3647/6/4 3652/6/4
f 3653/4/4 3654/4/4 3657/4/4
f 3657/4/4 3654/4/4 3658/4/4
f 3655/4/4 3656/4/4 3661/4/4
f 3661/4/4 3656/4/4 3662/4/4
f 3658/4/4 3659/4/4 3663/4/4
f 3663/4/4 3659/4/4 3664/4/4
f 3660/4/4 3661/4/4 3665/4/4
f 3665/4/4 3661/4/4 3666/4/4
f 3667/6/4 3668/6/4 3669/6/4
f 3669/6/4 3668/6/4 3670/6/4
f 3671/4/4 3672/4/4 3673/4/4
f 3673/4/4 3672/4/4 3674/4/4
f 3675/5/4 3676/5/4 3680/5/4
f 3676/4/4 3677/4/4 3681/4/4
f 3680/5/4 3676/5/4 3681/5/4
f 3681/4/4 3677/4/4 3682/4/4
f 3678/3/4 3679/3/4 3683/3/4
f 3683/3/4 3679/3/4 3684/3/4
f 3685/4/4 3686/4/4 3687/4/4
f 3687/4/4 3686/4/4 3688/4/4
f 3689/5/4 3690/5/4 3693/5/4
f 3693/5/4 3690/5/4 3694/5/4
f 3691/4/4 3692/4/4 3695/4/4
f 3695/4/4 3692/4/4 3696/4/4
f 3697/3/4 3698/3/4 3699/3/4
f 3699/3/4 3698/3/4 3700/3/4
f 3701/5/4 3702/5/4 3704/5/4
f 3702/4/4 3703/4/4 3705/4/4
f 3704/5/4 3702/5/4 3705/5/4
f 3705/4/4 3703/4/4 3706/4/4
f 3707/4/4 3708/4/4 3709/4/4
f 3709/4/4 3708/4/4 3710/4/4
f 3711/6/4 3712/6/4 3713/6/4
f 3713/6/4 3712/6/4 3714/6/4
f 3715/4/4 3716/4/4 3720/4/4
f 3720/4/4 3716/4/4 3721/4/4
f 3717/4/4 3718/4/4 3722/4/4
f 3722/4/4 3718/4/4 3723/4/4
f 3719/4/4 3720/4/4 3725/4/4
f 3725/4/4 3720/4/4 3726/4/4
f 3723/4/4 3724/4/4 3727/4/4
f 3727/4/4 3724/4/4 3728/4/4
f 3729/4/4 3730/4/4 3734/4/4
f 3730/5/4 3731/5/4 3735/5/4
f 3734/4/4 3730/4/4 3735/4/4
f 3735/5/4 3731/5/4 3736/5/4
f 3732/6/4 3733/6/4 3737/6/4
f 3737/6/4 3733/6/4 3738/6/4
f 3739/5/4 3740/5/4 3744/5/4
f 3740/3/4 3741/3/4 3745/3/4
f 3744/5/4 3740/5/4 3745/5/4
f 3745/3/4 3741/3/4 3746/3/4
f 3742/3/4 3743/3/4 3747/3/4
f 3747/3/4 3743/3/4 3748/3/4
f 3749/4/4 3750/4/4 3751/4/4
f 3751/4/4 3750/4/4 3752/4/4
f 3753/3/4 3754/3/4 3755/3/4
f 3755/3/4 3754/3/4 3756/3/4
f 3757/5/4 3758/5/4 3760/5/4
f 3758/3/4 3759/3/4 3761/3/4
f 3760/5/4 3758/5/4 3761/5/4
f 3761/3/4 3759/3/4 3762/3/4
f 3763/4/4 3764/4/4 3768/4/4
f 3764/5/4 3765/5/4 3769/5/4
f 3768/4/4 3764/4/4 3769/4/4
f 3769/5/4 3765/5/4 3770/5/4
f 3766/6/4 3767/6/4 3771/6/4
f 3771/6/4 3767/6/4 3772/6/4
f 3773/4/4 3774/4/4 3777/4/4
f 3777/4/4 3774/4/4 3778/4/4
f 3775/4/4 3776/4/4 3781/4/4
f 3781/4/4 3776/4/4 3782/4/4
f 3778/4/4 3779/4/4 3783/4/4
f 3783/4/4 3779/4/4 3784/4/4
f 3780/4/4 3781/4/4 3785/4/4
f 3785/4/4 3781/4/4 3786/4/4
f 3787/6/4 3788/6/4 3790/6/4
f 3790/6/4 3788/6/4 3791/6/4
f 3789/4/4 3790/4/4 3794/4/4
f 3794/4/4 3790/4/4 3795/4/4
f 3791/4/4 3792/4/4 3796/4/4
f 3796/4/4 3792/4/4 3797/4/4
f 3793/4/4 3794/4/4 3799/4/4
f 3799/4/4 3794/4/4 3800/4/4
f 3797/4/4 3798/4/4 3801/4/4
f 3801/4/4 3798/4/4 3802/4/4
f 3803/4/4 3804/4/4 3809/4/4
f 3809/4/4 3804/4/4 3810/4/4
f 3805/4/4 3806/4/4 3811/4/4
f 3806/5/4 3807/5/4 3812/5/4
f 3811/4/4 3806/4/4 3812/4/4
f 3812/5/4 3807/5/4 3813/5/4
f 3808/6/4 3809/6/4 3814/6/4
f 3814/6/4 3809/6/4 3815/6/4
f 3816/5/4 3817/5/4 3821/5/4
f 3817/3/4 3818/3/4 3822/3/4
f 3821/5/4 3817/5/4 3822/5/4
f 3822/3/4 3818/3/4 3823/3/4
f 3819/3/4 3820/3/4 3824/3/4
f 3824/3/4 3820/3/4 3825/3/4
f 3826/3/4 3827/3/4 3828/3/4
f 3828/3/4 3827/3/4 3829/3/4
f 3830/5/4 3831/5/4 3833/5/4
f 3831/3/4 3832/3/4 3834/3/4
f 3833/5/4 3831/5/4 3834/5/4
f 3834/3/4 3832/3/4 3835/3/4
f 3836/4/4 3837/4/4 3841/4/4
f 3837/5/4 3838/5/4 3842/5/4
f 3841/4/4 3837/4/4 3842/4/4
f 3842/5/4 3838/5/4 3843/5/4
f 3839/6/4 3840/6/4 3844/6/4
f 3844/6/4 3840/6/4 3845/6/4
f 3845/4/4 3846/4/4 3851/4/4
f 3851/4/4 3846/4/4 3852/4/4
f 3847/4/4 3848/4/4 3853/4/4
f 3853/4/4 3848/4/4 3854/4/4
f 3849/4/4 3850/4/4 3857/4/4
f 3857/4/4 3850/4/4 3858/4/4
f 3854/4/4 3855/4/4 3859/4/4
f 3859/4/4 3855/4/4 3860/4/4
f 3856/4/4 3857/4/4 3861/4/4
f 3861/4/4 3857/4/4 3862/4/4
f 3860/6/4 3861/6/4 3863/6/4
f 3863/6/4 3861/6/4 3864/6/4
f 3865/6/4 3866/6/4 3867/6/4
f 3867/6/4 3866/6/4 3868/6/4
f 3869/4/4 3870/4/4 3873/4/4
f 3873/4/4 3870/4/4 3874/4/4
f 3871/4/4 3872/4/4 3875/4/4
f 3875/4/4 3872/4/4 3876/4/4
f 3877/3/4 3878/3/4 3883/3/4
f 3883/3/4 3878/3/4 3884/3/4
f 3879/3/4 3880/3/4 3885/3/4
f 3880/5/4 3881/5/4 3886/5/4
f 3885/3/4 3880/3/4 3886/3/4
f 3886/5/4 3881/5/4 3887/5/4
f 3882/6/4 3883/6/4 3888/6/4
f 3888/6/4 3883/6/4 3889/6/4
f 3890/5/4 3891/5/4 3895/5/4
f 3891/3/4 3892/3/4 3896/3/4
f 3895/5/4 3891/5/4 3896/5/4
f 3896/3/4 3892/3/4 3897/3/4
f 3893/3/4 3894/3/4 3898/3/4
f 3898/3/4 3894/3/4 3899/3/4
f 3898/4/4 3899/4/4 3900/4/4
f 3900/4/4 3899/4/4 3901/4/4
f 3902/4/4 3903/4/4 3904/4/4
f 3904/4/4 3903/4/4 3905/4/4
f 3904/3/4 3905/3/4 3906/3/4
f 3906/3/4 3905/3/4 3907/3/4
f 3908/5/4 3909/5/4 3911/5/4
f 3909/3/4 3910/3/4 3912/3/4
f 3911/5/4 3909/5/4 3912/5/4
f 3912/3/4 3910/3/4 3913/3/4
f 3914/3/4 3915/3/4 3919/3/4
f 3915/5/4 3916/5/4 3920/5/4
f 3919/3/4 3915/3/4 3920/3/4
f 3920/5/4 3916/5/4 3921/5/4
f 3917/6/4 3918/6/4 3922/6/4
f 3922/6/4 3918/6/4 3923/6/4
f 3923/3/4 3924/3/4 3929/3/4
f 3929/3/4 3924/3/4 3930/3/4
f 3925/4/4 3926/4/4 3931/4/4
f 3931/4/4 3926/4/4 3932/4/4
f 3927/4/4 3928/4/4 3933/4/4
f 3933/4/4 3928/4/4 3934/4/4
f 3935/6/4 3936/6/4 3937/6/4
f 3937/6/4 3936/6/4 3938/6/4
f 3939/4/4 3940/4/4 3943/4/4
f 3940/6/4 3941/6/4 3944/6/4
f 3943/4/4 3940/4/4 3944/4/4
f 3941/4/4 3942/4/4 3945/4/4
f 3944/6/4 3941/6/4 3945/6/4
f 3945/4/4 3942/4/4 3946/4/4
f 3947/4/4 3948/4/4 3951/4/4
f 3951/4/4 3948/4/4 3952/4/4
f 3949/3/4 3950/3/4 3953/3/4
f 3953/3/4 3950/3/4 3954/3/4
f 3955/3/4 3956/3/4 3961/3/4
f 3961/3/4 3956/3/4 3962/3/4
f 3957/3/4 3958/3/4 3963/3/4
f 3958/5/4 3959/5/4 3964/5/4
f 3963/3/4 3958/3/4 3964/3/4
f 3964/5/4 3959/5/4 3965/5/4
f 3960/6/4 3961/6/4 3966/6/4
f 3966/6/4 3961/6/4 3967/6/4
f 3968/5/4 3969/5/4 3973/5/4
f 3969/4/4 3970/4/4 3974/4/4
f 3973/5/4 3969/5/4 3974/5/4
f 3974/4/4 3970/4/4 3975/4/4
f 3971/4/4 3972/4/4 3976/4/4
f 3976/4/4 3972/4/4 3977/4/4
f 3978/4/4 3979/4/4 3980/4/4
f 3980/4/4 3979/4/4 3981/4/4
f 3982/5/4 3983/5/4 3985/5/4
f 3983/4/4 3984/4/4 3986/4/4
f 3985/5/4 3983/5/4 3986/5/4
f 3986/4/4 3984/4/4 3987/4/4
f 3988/3/4 3989/3/4 3993/3/4
f 3989/5/4 3990/5/4 3994/5/4
f 3993/3/4 3989/3/4 3994/3/4
f 3994/5/4 3990/5/4 3995/5/4
f 3991/6/4 3992/6/4 3996/6/4
f 3996/6/4 3992/6/4 3997/6/4
f 3997/3/4 3998/3/4 4003/3/4
f 4003/3/4 3998/3/4 4004/3/4
f 3999/4/4 4000/4/4 4005/4/4
f 4005/4/4 4000/4/4 4006/4/4
f 4001/3/4 4002/3/4 4007/3/4
f 4007/3/4 4002/3/4 4008/3/4
f 4009/4/4 4010/4/4 4013/4/4
f 4010/6/4 4011/6/4 4014/6/4
f 4013/4/4 4010/4/4 4014/4/4
f 4011/4/4 4012/4/4 4015/4/4
f 4014/6/4 4011/6/4 4015/6/4
f 4015/4/4 4012/4/4 4016/4/4
f 4017/3/4 4018/3/4 4021/3/4
f 4018/6/4 4019/6/4 4022/6/4
f 4021/3/4 4018/3/4 4022/3/4
f 4019/4/4 4020/4/4 4023/4/4
f 4022/6/4 4019/6/4 4023/6/4
f 4023/4/4 4020/4/4 4024/4/4
f 4025/4/4 4026/4/4 4029/4/4
f 4029/4/4 4026/4/4 4030/4/4
f 4027/3/4 4028/3/4 4031/3/4
f 4031/3/4 4028/3/4 4032/3/4
f 4033/3/4 4034/3/4 4039/3/4
f 4039/3/4 4034/3/4 4040/3/4
f 4035/3/4 4036/3/4 4041/3/4
f 4036/5/4 4037/5/4 4042/5/4
f 4041/3/4 4036/3/4 4042/3/4
f 4041/4/4 4042/4/4 4045/4/4
f 4042/5/4 4037/5/4 4046/5/4
f 4045/4/4 4042/4/4 4046/4/4
f 4046/5/4 4037/5/4 4047/5/4
f 4043/4/4 4044/4/4 4048/4/4
f 4048/4/4 4044/4/4 4049/4/4
f 4038/6/4 4039/6/4 4050/6/4
f 4050/6/4 4039/6/4 4051/6/4
f 4052/4/4 4053/4/4 4054/4/4
f 4054/4/4 4053/4/4 4055/4/4
f 4056/4/4 4057/4/4 4063/4/4
f 4057/5/4 4058/5/4 4064/5/4
f 4063/4/4 4057/4/4 4064/4/4
f 4059/4/4 4060/4/4 4065/4/4
f 4065/4/4 4060/4/4 4066/4/4
f 4063/3/4 4064/3/4 4067/3/4
f 4064/5/4 4058/5/4 4068/5/4
f 4067/3/4 4064/3/4 4068/3/4
f 4068/5/4 4058/5/4 4069/5/4
f 4061/6/4 4062/6/4 4070/6/4
f 4070/6/4 4062/6/4 4071/6/4
f 4071/3/4 4072/3/4 4077/3/4
f 4077/3/4 4072/3/4 4078/3/4
f 4073/4/4 4074/4/4 4079/4/4
f 4079/4/4 4074/4/4 4080/4/4
f 4075/3/4 4076/3/4 4081/3/4
f 4081/3/4 4076/3/4 4082/3/4
f 4083/3/4 4084/3/4 4087/3/4
f 4084/6/4 4085/6/4 4088/6/4
f 4087/3/4 4084/3/4 4088/3/4
f 4085/4/4 4086/4/4 4089/4/4
f 4088/6/4 4085/6/4 4089/6/4
f 4089/4/4 4086/4/4 4090/4/4
f 4091/3/4 4092/3/4 4096/3/4
f 4092/6/4 4093/6/4 4097/6/4
f 4096/3/4 4092/3/4 4097/3/4
f 4093/4/4 4094/4/4 4098/4/4
f 4097/6/4 4093/6/4 4098/6/4
f 4098/4/4 4094/4/4 4099/4/4
f 4095/4/4 4096/4/4 4101/4/4
f 4101/4/4 4096/4/4 4102/4/4
f 4099/3/4 4100/3/4 4103/3/4
f 4103/3/4 4100/3/4 4104/3/4
f 4105/4/4 4106/4/4 4111/4/4
f 4111/4/4 4106/4/4 4112/4/4
f 4107/4/4 4108/4/4 4116/4/4
f 4108/5/4 4109/5/4 4117/5/4
f 4116/4/4 4108/4/4 4117/4/4
f 4117/5/4 4109/5/4 4118/5/4
f 4110/6/4 4111/6/4 4119/6/4
f 4119/6/4 4111/6/4 4120/6/4
f 4114/4/4 4115/4/4 4121/4/4
f 4113/5/4 4114/5/4 4121/5/4
f 4121/4/4 4115/4/4 4122/4/4
f 4113/5/4 4121/5/4 4123/5/4
f 4121/3/4 4122/3/4 4123/3/4
f 4123/3/4 4122/3/4 4124/3/4
f 4113/5/4 4123/5/4 4130/5/4
f 4123/4/4 4124/4/4 4131/4/4
f 4130/5/4 4123/5/4 4131/5/4
f 4131/4/4 4124/4/4 4132/4/4
f 4125/4/4 4126/4/4 4133/4/4
f 4126/5/4 4127/5/4 4134/5/4
f 4133/4/4 4126/4/4 4134/4/4
f 4134/5/4 4127/5/4 4135/5/4
f 4128/6/4 4129/6/4 4136/6/4
f 4136/6/4 4129/6/4 4137/6/4
f 4137/4/4 4138/4/4 4143/4/4
f 4143/4/4 4138/4/4 4144/4/4
f 4139/4/4 4140/4/4 4145/4/4
f 4145/4/4 4140/4/4 4146/4/4
f 4141/3/4 4142/3/4 4149/3/4
f 4149/3/4 4142/3/4 4150/3/4
f 4146/3/4 4147/3/4 4151/3/4
f 4147/6/4 4148/6/4 4152/6/4
f 4151/3/4 4147/3/4 4152/3/4
f 4148/4/4 4149/4/4 4153/4/4
f 4152/6/4 4148/6/4 4153/6/4
f 4153/4/4 4149/4/4 4154/4/4
f 4155/3/4 4156/3/4 4160/3/4
f 4156/6/4 4157/6/4 4161/6/4
f 4160/3/4 4156/3/4 4161/3/4
f 4157/4/4 4158/4/4 4162/4/4
f 4161/6/4 4157/6/4 4162/6/4
f 4162/4/4 4158/4/4 4163/4/4
f 4159/4/4 4160/4/4 4167/4/4
f 4167/4/4 4160/4/4 4168/4/4
f 4163/4/4 4164/4/4 4169/4/4
f 4169/4/4 4164/4/4 4170/4/4
f 4165/4/4 4166/4/4 4174/4/4
f 4174/4/4 4166/4/4 4175/4/4
f 4176/1/4 4177/1/4 4178/1/4
f 4178/1/4 4177/1/4 4179/1/4
f 4178/2/4 4179/2/4 4180/2/4
f 4180/2/4 4179/2/4 4181/2/4
f 4180/1/4 4181/1/4 4182/1/4
f 4182/1/4 4181/1/4 4183/1/4
f 4171/4/4 4172/4/4 4184/4/4
f 4172/5/4 4173/5/4 4185/5/4
f 4184/4/4 4172/4/4 4185/4/4
f 4185/5/4 4173/5/4 4186/5/4
f 4187/4/4 4188/4/4 4193/4/4
f 4193/4/4 4188/4/4 4194/4/4
f 4189/4/4 4190/4/4 4195/4/4
f 4195/4/4 4190/4/4 4196/4/4
f 4191/4/4 4192/4/4 4199/4/4
f 4199/4/4 4192/4/4 4200/4/4
f 4196/3/4 4197/3/4 4201/3/4
f 4197/6/4 4198/6/4 4202/6/4
f 4201/3/4 4197/3/4 4202/3/4
f 4198/4/4 4199/4/4 4203/4/4
f 4202/6/4 4198/6/4 4203/6/4
f 4203/4/4 4199/4/4 4204/4/4
f 4205/4/4 4206/4/4 4209/4/4
f 4206/6/4 4207/6/4 4209/6/4
f 4207/4/4 4208/4/4 4210/4/4
f 4209/6/4 4207/6/4 4210/6/4
f 4205/4/4 4209/4/4 4212/4/4
f 4212/4/4 4209/4/4 4213/4/4
f 4210/4/4 4208/4/4 4214/4/4
f 4214/4/4 4208/4/4 4215/4/4
f 4213/1/4 4214/1/4 4217/1/4
f 4217/1/4 4214/1/4 4218/1/4
f 4215/4/4 4216/4/4 4219/4/4
f 4211/4/4 4212/4/4 4221/4/4
f 4221/4/4 4212/4/4 4222/4/4
f 4219/4/4 4220/4/4 4223/4/4
f 4215/4/4 4219/4/4 4223/4/4
f 4223/4/4 4220/4/4 4224/4/4
f 4224/4/4 4220/4/4 4225/4/4
f 4225/4/4 4220/4/4 4230/4/4
f 4228/4/4 4229/4/4 4231/4/4
f 4229/4/4 4230/4/4 4231/4/4
f 4230/4/4 4220/4/4 4232/4/4
f 4231/4/4 4230/4/4 4232/4/4
f 4217/2/4 4218/2/4 4233/2/4
f 4233/2/4 4218/2/4 4234/2/4
f 4226/4/4 4227/4/4 4235/4/4
f 4235/4/4 4227/4/4 4236/4/4
f 4233/1/4 4234/1/4 4237/1/4
f 4237/1/4 4234/1/4 4238/1/4
f 4228/4/4 4231/4/4 4239/4/4
f 4239/4/4 4231/4/4 4240/4/4
f 4236/4/4 4237/4/4 4241/4/4
f 4238/4/4 4239/4/4 4242/4/4
f 4236/4/4 4241/4/4 4243/4/4
f 4241/6/4 4242/6/4 4244/6/4
f 4243/4/4 4241/4/4 4244/4/4
f 4242/4/4 4239/4/4 4245/4/4
f 4244/6/4 4242/6/4 4245/6/4
f 4245/4/4 4239/4/4 4246/4/4
f 4247/6/4 4248/6/4 4249/6/4
f 4249/6/4 4248/6/4 4250/6/4
f 4250/4/4 4251/4/4 4254/4/4
f 4252/4/4 4253/4/4 4256/4/4
f 4256/4/4 4253/4/4 4257/4/4
f 4254/4/4 4255/4/4 4258/4/4
f 4250/4/4 4254/4/4 4258/4/4
f 4258/4/4 4255/4/4 4259/4/4
f 4250/4/4 4258/4/4 4261/4/4
f 4261/4/4 4258/4/4 4262/4/4
f 4260/6/4 4261/6/4 4263/6/4
f 4263/6/4 4261/6/4 4264/6/4
f 4265/4/4 4266/4/4 4267/4/4
f 4267/4/4 4266/4/4 4268/4/4
f 4272/4/5 4270/4/5 4269/4/5
f 4273/4/5 4270/4/5 4272/4/5
f 4275/4/5 4272/4/5 4271/4/5
f 4276/4/5 4272/4/5 4275/4/5
f 4277/4/5 4274/4/5 4273/4/5
f 4278/4/5 4274/4/5 4277/4/5
f 4280/4/5 4275/4/5 4271/4/5
f 4281/4/5 4275/4/5 4280/4/5
f 4282/4/5 4274/4/5 4278/4/5
f 4283/4/5 4274/4/5 4282/4/5
f 4286/4/5 4280/4/5 4279/4/5
f 4287/4/5 4280/4/5 4286/4/5
f 4288/4/5 4280/4/5 4287/4/5
f 4289/4/5 4284/4/5 4283/4/5
f 4290/4/5 4284/4/5 4289/4/5
f 4291/4/5 4284/4/5 4290/4/5
f 4293/4/5 4286/4/5 4285/4/5
f 4293/4/5 4287/4/5 4286/4/5
f 4294/4/5 4287/4/5 4293/4/5
f 4295/4/5 4292/4/5 4291/4/5
f 4295/4/5 4291/4/5 4290/4/5
f 4296/4/5 4292/4/5 4295/4/5
f 4297/4/5 4293/4/5 4285/4/5
f 4300/4/5 4292/4/5 4296/4/5
f 4301/4/5 4298/4/5 4297/4/5
f 4301/4/5 4297/4/5 4285/4/5
f 4302/4/5 4298/4/5 4301/4/5
f 4303/4/5 4298/4/5 4302/4/5
f 4306/4/5 4300/4/5 4299/4/5
f 4307/4/5 4292/4/5 4300/4/5
f 4307/4/5 4300/4/5 4306/4/5
f 4308/4/5 4292/4/5 4307/4/5
f 4309/4/5 4304/4/5 4303/4/5
f 4309/4/5 4303/4/5 4302/4/5
f 4310/4/5 4304/4/5 4309/4/5
f 4313/4/5 4306/4/5 4305/4/5
f 4313/4/5 4307/4/5 4306/4/5
f 4314/4/5 4307/4/5 4313/4/5
f 4315/4/5 4311/4/5 4310/4/5
f 4318/4/5 4313/4/5 4312/4/5
f 4319/4/5 4316/4/5 4315/4/5
f 4319/4/5 4315/4/5 4310/4/5
f 4320/4/5 4316/4/5 4319/4/5
f 4321/4/5 4318/4/5 4317/4/5
f 4322/4/5 4313/4/5 4318/4/5
f 4322/4/5 4318/4/5 4321/4/5
f 4323/4/5 4321/4/5 4320/4/5
f 4324/4/5 4321/4/5 4323/4/5
f 4328/4/5 4326/4/5 4325/4/5
f 4329/4/5 4326/4/5 4328/4/5
f 4332/4/5 4328/4/5 4327/4/5
f 4332/4/5 4330/4/5 4329/4/5
f 4332/4/5 4329/4/5 4328/4/5
f 4333/4/5 4330/4/5 4332/4/5
f 4336/4/5 4332/4/5 4331/4/5
f 4336/4/5 4334/4/5 4333/4/5
f 4336/4/5 4333/4/5 4332/4/5
f 4337/4/5 4334/4/5 4336/4/5
f 4338/4/5 4334/4/5 4337/4/5
f 4339/4/5 4334/4/5 4338/4/5
f 4342/4/5 4336/4/5 4335/4/5
f 4342/4/5 4337/4/5 4336/4/5
f 4343/4/5 4337/4/5 4342/4/5
f 4344/5/5 4338/5/5 4337/5/5
f 4344/4/5 4337/4/5 4343/4/5
f 4345/4/5 4340/4/5 4339/4/5
f 4345/5/5 4338/5/5 4344/5/5
f 4345/4/5 4339/4/5 4338/4/5
f 4346/4/5 4340/4/5 4345/4/5
f 4347/4/5 4340/4/5 4346/4/5
f 4350/4/5 4342/4/5 4341/4/5
f 4350/4/5 4343/4/5 4342/4/5
f 4351/4/5 4343/4/5 4350/4/5
f 4352/5/5 4344/5/5 4343/5/5
f 4352/4/5 4343/4/5 4351/4/5
f 4353/5/5 4344/5/5 4352/5/5
f 4356/5/5 4346/5/5 4345/5/5
f 4357/4/5 4347/4/5 4346/4/5
f 4357/4/5 4348/4/5 4347/4/5
f 4357/5/5 4346/5/5 4356/5/5
f 4358/4/5 4348/4/5 4357/4/5
f 4359/4/5 4348/4/5 4358/4/5
f 4362/4/5 4351/4/5 4350/4/5
f 4362/4/5 4350/4/5 4349/4/5
f 4363/4/5 4351/4/5 4362/4/5
f 4364/5/5 4352/5/5 4351/5/5
f 4364/4/5 4351/4/5 4363/4/5
f 4365/4/5 4354/4/5 4353/4/5
f 4366/4/5 4354/4/5 4365/4/5
f 4367/4/5 4356/4/5 4355/4/5
f 4368/4/5 4356/4/5 4367/4/5
f 4369/5/5 4358/5/5 4357/5/5
f 4369/4/5 4359/4/5 4358/4/5
f 4369/4/5 4360/4/5 4359/4/5
f 4370/4/5 4360/4/5 4369/4/5
f 4371/4/5 4360/4/5 4370/4/5
f 4373/4/5 4363/4/5 4362/4/5
f 4373/4/5 4362/4/5 4361/4/5
f 4374/5/5 4364/5/5 4363/5/5
f 4374/4/5 4363/4/5 4373/4/5
f 4375/5/5 4364/5/5 4374/5/5
f 4376/5/5 4352/5/5 4364/5/5
f 4376/5/5 4364/5/5 4375/5/5
f 4379/5/5 4370/5/5 4369/5/5
f 4379/5/5 4369/5/5 4357/5/5
f 4380/5/5 4370/5/5 4379/5/5
f 4381/4/5 4372/4/5 4371/4/5
f 4381/5/5 4370/5/5 4380/5/5
f 4381/4/5 4371/4/5 4370/4/5
f 4382/4/5 4372/4/5 4381/4/5
f 4384/4/5 4373/4/5 4361/4/5
f 4385/5/5 4375/5/5 4374/5/5
f 4385/5/5 4374/5/5 4373/5/5
f 4386/5/5 4375/5/5 4385/5/5
f 4387/4/5 4377/4/5 4376/4/5
f 4388/4/5 4377/4/5 4387/4/5
f 4389/4/5 4379/4/5 4378/4/5
f 4390/4/5 4379/4/5 4389/4/5
f 4391/5/5 4382/5/5 4381/5/5
f 4391/5/5 4381/5/5 4380/5/5
f 4392/5/5 4382/5/5 4391/5/5
f 4393/4/5 4372/4/5 4382/4/5
f 4395/4/5 4384/4/5 4383/4/5
f 4396/4/5 4373/4/5 4384/4/5
f 4396/4/5 4384/4/5 4395/4/5
f 4397/5/5 4385/5/5 4373/5/5
f 4397/4/5 4373/4/5 4396/4/5
f 4398/5/5 4385/5/5 4397/5/5
f 4405/5/5 4382/5/5 4392/5/5
f 4406/4/5 4394/4/5 4393/4/5
f 4406/4/5 4393/4/5 4382/4/5
f 4406/5/5 4382/5/5 4405/5/5
f 4407/4/5 4394/4/5 4406/4/5
f 4408/4/5 4394/4/5 4407/4/5
f 4409/5/5 4399/5/5 4398/5/5
f 4410/4/5 4401/4/5 4400/4/5
f 4411/4/5 4401/4/5 4410/4/5
f 4412/4/5 4403/4/5 4402/4/5
f 4413/4/5 4403/4/5 4412/4/5
f 4414/5/5 4405/5/5 4404/5/5
f 4415/4/5 4397/4/5 4396/4/5
f 4415/4/5 4398/4/5 4397/4/5
f 4416/4/5 4398/4/5 4415/4/5
f 4417/4/5 4398/4/5 4416/4/5
f 4418/5/5 4409/5/5 4398/5/5
f 4418/4/5 4398/4/5 4417/4/5
f 4418/5/5 4410/5/5 4409/5/5
f 4419/5/5 4410/5/5 4418/5/5
f 4424/5/5 4414/5/5 4413/5/5
f 4425/5/5 4405/5/5 4414/5/5
f 4425/5/5 4414/5/5 4424/5/5
f 4425/4/5 4407/4/5 4406/4/5
f 4425/4/5 4406/4/5 4405/4/5
f 4426/4/5 4407/4/5 4425/4/5
f 4427/4/5 4407/4/5 4426/4/5
f 4428/4/5 4407/4/5 4427/4/5
f 4429/3/5 4417/3/5 4416/3/5
f 4430/4/5 4418/4/5 4417/4/5
f 4430/3/5 4417/3/5 4429/3/5
f 4430/4/5 4419/4/5 4418/4/5
f 4431/4/5 4419/4/5 4430/4/5
f 4432/5/5 4410/5/5 4419/5/5
f 4433/4/5 4421/4/5 4420/4/5
f 4434/4/5 4421/4/5 4433/4/5
f 4435/4/5 4423/4/5 4422/4/5
f 4436/4/5 4423/4/5 4435/4/5
f 4437/5/5 4424/5/5 4413/5/5
f 4438/4/5 4426/4/5 4425/4/5
f 4438/4/5 4425/4/5 4424/4/5
f 4439/3/5 4427/3/5 4426/3/5
f 4439/4/5 4426/4/5 4438/4/5
f 4440/3/5 4427/3/5 4439/3/5
f 4441/3/5 4431/3/5 4430/3/5
f 4442/4/5 4419/4/5 4431/4/5
f 4442/3/5 4431/3/5 4441/3/5
f 4443/4/5 4419/4/5 4442/4/5
f 4444/5/5 4432/5/5 4419/5/5
f 4444/4/5 4419/4/5 4443/4/5
f 4444/5/5 4433/5/5 4432/5/5
f 4445/5/5 4433/5/5 4444/5/5
f 4446/5/5 4433/5/5 4445/5/5
f 4447/5/5 4437/5/5 4436/5/5
f 4448/5/5 4437/5/5 4447/5/5
f 4449/4/5 4438/4/5 4424/4/5
f 4449/5/5 4437/5/5 4448/5/5
f 4449/5/5 4424/5/5 4437/5/5
f 4450/4/5 4438/4/5 4449/4/5
f 4451/3/5 4439/3/5 4438/3/5
f 4451/4/5 4438/4/5 4450/4/5
f 4452/3/5 4439/3/5 4451/3/5
f 4453/3/5 4443/3/5 4442/3/5
f 4454/4/5 4444/4/5 4443/4/5
f 4454/3/5 4443/3/5 4453/3/5
f 4454/4/5 4445/4/5 4444/4/5
f 4455/4/5 4445/4/5 4454/4/5
f 4456/5/5 4448/5/5 4447/5/5
f 4456/4/5 4445/4/5 4455/4/5
f 4456/5/5 4446/5/5 4445/5/5
f 4456/5/5 4447/5/5 4446/5/5
f 4457/4/5 4450/4/5 4449/4/5
f 4457/5/5 4448/5/5 4456/5/5
f 4457/4/5 4449/4/5 4448/4/5
f 4458/4/5 4450/4/5 4457/4/5
f 4459/3/5 4451/3/5 4450/3/5
f 4459/4/5 4450/4/5 4458/4/5
f 4460/3/5 4451/3/5 4459/3/5
f 4461/3/5 4455/3/5 4454/3/5
f 4462/4/5 4456/4/5 4455/4/5
f 4462/3/5 4455/3/5 4461/3/5
f 4462/4/5 4458/4/5 4457/4/5
f 4462/4/5 4457/4/5 4456/4/5
f 4463/4/5 4458/4/5 4462/4/5
f 4464/4/5 4458/4/5 4463/4/5
f 4465/3/5 4459/3/5 4458/3/5
f 4465/4/5 4458/4/5 4464/4/5
f 4466/3/5 4459/3/5 4465/3/5
f 4467/4/5 4464/4/5 4463/4/5
f 4468/4/5 4464/4/5 4467/4/5
f 4469/4/5 4464/4/5 4468/4/5
f 4470/4/5 4464/4/5 4469/4/5
f 4471/4/5 4469/4/5 4468/4/5
f 4472/4/5 4469/4/5 4471/4/5
f 4478/4/5 4474/4/5 4473/4/5
f 4479/5/5 4475/5/5 4474/5/5
f 4479/4/5 4474/4/5 4478/4/5
f 4480/4/5 4476/4/5 4475/4/5
f 4480/5/5 4475/5/5 4479/5/5
f 4481/4/5 4476/4/5 4480/4/5
f 4484/4/5 4478/4/5 4477/4/5
f 4485/4/5 4478/4/5 4484/4/5
f 4486/5/5 4479/5/5 4478/5/5
f 4486/4/5 4478/4/5 4485/4/5
f 4486/5/5 4480/5/5 4479/5/5
f 4486/5/5 4481/5/5 4480/5/5
f 4487/5/5 4481/5/5 4486/5/5
f 4488/5/5 4481/5/5 4487/5/5
f 4489/4/5 4482/4/5 4481/4/5
f 4489/5/5 4481/5/5 4488/5/5
f 4490/4/5 4482/4/5 4489/4/5
f 4491/4/5 4482/4/5 4490/4/5
f 4494/4/5 4485/4/5 4484/4/5
f 4494/4/5 4484/4/5 4483/4/5
f 4495/4/5 4485/4/5 4494/4/5
f 4496/5/5 4486/5/5 4485/5/5
f 4496/4/5 4485/4/5 4495/4/5
f 4496/5/5 4487/5/5 4486/5/5
f 4497/5/5 4487/5/5 4496/5/5
f 4498/5/5 4487/5/5 4497/5/5
f 4499/5/5 4490/5/5 4489/5/5
f 4499/5/5 4489/5/5 4488/5/5
f 4500/5/5 4490/5/5 4499/5/5
f 4501/4/5 4491/4/5 4490/4/5
f 4501/5/5 4490/5/5 4500/5/5
f 4501/4/5 4492/4/5 4491/4/5
f 4502/4/5 4492/4/5 4501/4/5
f 4503/4/5 4492/4/5 4502/4/5
f 4506/3/5 4494/3/5 4493/3/5
f 4507/4/5 4495/4/5 4494/4/5
f 4507/3/5 4494/3/5 4506/3/5
f 4508/5/5 4497/5/5 4496/5/5
f 4508/4/5 4495/4/5 4507/4/5
f 4508/5/5 4496/5/5 4495/5/5
f 4509/5/5 4497/5/5 4508/5/5
f 4510/5/5 4497/5/5 4509/5/5
f 4511/5/5 4502/5/5 4501/5/5
f 4511/5/5 4501/5/5 4500/5/5
f 4512/5/5 4502/5/5 4511/5/5
f 4513/4/5 4503/4/5 4502/4/5
f 4513/5/5 4502/5/5 4512/5/5
f 4514/3/5 4504/3/5 4503/3/5
f 4514/4/5 4503/4/5 4513/4/5
f 4515/3/5 4504/3/5 4514/3/5
f 4518/3/5 4506/3/5 4505/3/5
f 4519/4/5 4507/4/5 4506/4/5
f 4519/3/5 4506/3/5 4518/3/5
f 4520/5/5 4509/5/5 4508/5/5
f 4520/4/5 4507/4/5 4519/4/5
f 4520/5/5 4508/5/5 4507/5/5
f 4521/5/5 4509/5/5 4520/5/5
f 4522/5/5 4509/5/5 4521/5/5
f 4523/5/5 4513/5/5 4512/5/5
f 4523/5/5 4514/5/5 4513/5/5
f 4524/5/5 4514/5/5 4523/5/5
f 4525/4/5 4515/4/5 4514/4/5
f 4525/5/5 4514/5/5 4524/5/5
f 4526/3/5 4516/3/5 4515/3/5
f 4526/4/5 4515/4/5 4525/4/5
f 4527/3/5 4516/3/5 4526/3/5
f 4530/3/5 4518/3/5 4517/3/5
f 4531/4/5 4519/4/5 4518/4/5
f 4531/3/5 4518/3/5 4530/3/5
f 4532/5/5 4521/5/5 4520/5/5
f 4532/4/5 4519/4/5 4531/4/5
f 4532/5/5 4520/5/5 4519/5/5
f 4533/5/5 4521/5/5 4532/5/5
f 4534/5/5 4521/5/5 4533/5/5
f 4535/5/5 4525/5/5 4524/5/5
f 4535/5/5 4526/5/5 4525/5/5
f 4536/5/5 4526/5/5 4535/5/5
f 4537/4/5 4527/4/5 4526/4/5
f 4537/5/5 4526/5/5 4536/5/5
f 4538/3/5 4528/3/5 4527/3/5
f 4538/4/5 4527/4/5 4537/4/5
f 4539/3/5 4528/3/5 4538/3/5
f 4541/4/5 4531/4/5 4530/4/5
f 4541/4/5 4530/4/5 4529/4/5
f 4542/5/5 4533/5/5 4532/5/5
f 4542/4/5 4531/4/5 4541/4/5
f 4542/5/5 4532/5/5 4531/5/5
f 4543/5/5 4533/5/5 4542/5/5
f 4544/5/5 4533/5/5 4543/5/5
f 4547/5/5 4537/5/5 4536/5/5
f 4547/5/5 4538/5/5 4537/5/5
f 4548/5/5 4538/5/5 4547/5/5
f 4549/4/5 4540/4/5 4539/4/5
f 4549/5/5 4538/5/5 4548/5/5
f 4549/4/5 4539/4/5 4538/4/5
f 4550/4/5 4540/4/5 4549/4/5
f 4552/4/5 4541/4/5 4529/4/5
f 4553/5/5 4542/5/5 4541/5/5
f 4553/5/5 4543/5/5 4542/5/5
f 4554/5/5 4543/5/5 4553/5/5
f 4556/6/5 4546/6/5 4545/6/5
f 4557/6/5 4546/6/5 4556/6/5
f 4558/6/5 4546/6/5 4557/6/5
f 4559/6/5 4546/6/5 4558/6/5
f 4561/5/5 4550/5/5 4549/5/5
f 4561/5/5 4549/5/5 4548/5/5
f 4562/5/5 4550/5/5 4561/5/5
f 4563/4/5 4540/4/5 4550/4/5
f 4565/6/5 4556/6/5 4555/6/5
f 4565/6/5 4557/6/5 4556/6/5
f 4566/6/5 4557/6/5 4565/6/5
f 4567/6/5 4560/6/5 4559/6/5
f 4567/6/5 4559/6/5 4558/6/5
f 4568/6/5 4560/6/5 4567/6/5
f 4570/4/5 4552/4/5 4551/4/5
f 4571/4/5 4541/4/5 4552/4/5
f 4571/4/5 4552/4/5 4570/4/5
f 4572/5/5 4553/5/5 4541/5/5
f 4572/4/5 4541/4/5 4571/4/5
f 4573/5/5 4553/5/5 4572/5/5
f 4575/6/5 4565/6/5 4555/6/5
f 4576/6/5 4565/6/5 4575/6/5
f 4577/6/5 4565/6/5 4576/6/5
f 4578/6/5 4560/6/5 4568/6/5
f 4579/6/5 4560/6/5 4578/6/5
f 4580/6/5 4560/6/5 4579/6/5
f 4582/5/5 4550/5/5 4562/5/5
f 4583/4/5 4564/4/5 4563/4/5
f 4583/5/5 4550/5/5 4582/5/5
f 4583/4/5 4563/4/5 4550/4/5
f 4584/4/5 4564/4/5 4583/4/5
f 4585/4/5 4564/4/5 4584/4/5
f 4588/6/5 4575/6/5 4574/6/5
f 4588/6/5 4576/6/5 4575/6/5
f 4589/6/5 4576/6/5 4588/6/5
f 4590/6/5 4576/6/5 4589/6/5
f 4591/6/5 4581/6/5 4580/6/5
f 4591/6/5 4580/6/5 4579/6/5
f 4592/6/5 4581/6/5 4591/6/5
f 4593/6/5 4581/6/5 4592/6/5
f 4595/6/5 4589/6/5 4588/6/5
f 4595/6/5 4588/6/5 4587/6/5
f 4596/6/5 4589/6/5 4595/6/5
f 4597/6/5 4594/6/5 4593/6/5
f 4597/6/5 4593/6/5 4592/6/5
f 4598/6/5 4594/6/5 4597/6/5
f 4599/6/5 4595/6/5 4587/6/5
f 4600/6/5 4595/6/5 4599/6/5
f 4601/6/5 4594/6/5 4598/6/5
f 4602/6/5 4594/6/5 4601/6/5
f 4603/6/5 4599/6/5 4587/6/5
f 4606/6/5 4594/6/5 4602/6/5
f 4607/6/5 4604/6/5 4603/6/5
f 4610/6/5 4606/6/5 4605/6/5
f 4611/6/5 4608/6/5 4607/6/5
f 4611/6/5 4603/6/5 4587/6/5
f 4611/6/5 4607/6/5 4603/6/5
f 4612/6/5 4608/6/5 4611/6/5
f 4613/6/5 4608/6/5 4612/6/5
f 4616/6/5 4610/6/5 4609/6/5
f 4617/6/5 4606/6/5 4610/6/5
f 4617/6/5 4594/6/5 4606/6/5
f 4617/6/5 4610/6/5 4616/6/5
f 4618/6/5 4594/6/5 4617/6/5
f 4619/4/5 4570/4/5 4569/4/5
f 4619/4/5 4571/4/5 4570/4/5
f 4620/4/5 4571/4/5 4619/4/5
f 4621/5/5 4572/5/5 4571/5/5
f 4623/6/5 4614/6/5 4613/6/5
f 4623/6/5 4613/6/5 4612/6/5
f 4624/6/5 4614/6/5 4623/6/5
f 4625/6/5 4614/6/5 4624/6/5
f 4628/6/5 4617/6/5 4616/6/5
f 4628/6/5 4616/6/5 4615/6/5
f 4629/6/5 4617/6/5 4628/6/5
f 4630/6/5 4617/6/5 4629/6/5
f 4632/5/5 4584/5/5 4583/5/5
f 4633/4/5 4586/4/5 4585/4/5
f 4633/4/5 4585/4/5 4584/4/5
f 4634/4/5 4586/4/5 4633/4/5
f 4635/5/5 4622/5/5 4621/5/5
f 4635/4/5 4571/4/5 4620/4/5
f 4635/5/5 4621/5/5 4571/5/5
f 4636/5/5 4622/5/5 4635/5/5
f 4637/6/5 4626/6/5 4625/6/5
f 4637/6/5 4625/6/5 4624/6/5
f 4640/6/5 4629/6/5 4628/6/5
f 4640/6/5 4628/6/5 4627/6/5
f 4641/5/5 4632/5/5 4631/5/5
f 4641/5/5 4584/5/5 4632/5/5
f 4642/4/5 4633/4/5 4584/4/5
f 4642/5/5 4584/5/5 4641/5/5
f 4643/4/5 4636/4/5 4635/4/5
f 4643/4/5 4635/4/5 4620/4/5
f 4644/4/5 4636/4/5 4643/4/5
f 4645/5/5 4622/5/5 4636/5/5
f 4645/4/5 4636/4/5 4644/4/5
f 4646/5/5 4622/5/5 4645/5/5
f 4648/6/5 4638/6/5 4637/6/5
f 4648/6/5 4637/6/5 4624/6/5
f 4649/6/5 4638/6/5 4648/6/5
f 4650/6/5 4638/6/5 4649/6/5
f 4651/6/5 4640/6/5 4639/6/5
f 4652/6/5 4629/6/5 4640/6/5
f 4652/6/5 4640/6/5 4651/6/5
f 4653/6/5 4629/6/5 4652/6/5
f 4655/5/5 4641/5/5 4631/5/5
f 4656/4/5 4642/4/5 4641/4/5
f 4656/5/5 4641/5/5 4655/5/5
f 4657/4/5 4633/4/5 4642/4/5
f 4657/4/5 4642/4/5 4656/4/5
f 4658/4/5 4633/4/5 4657/4/5
f 4659/5/5 4647/5/5 4646/5/5
f 4661/6/5 4650/6/5 4649/6/5
f 4661/6/5 4651/6/5 4650/6/5
f 4661/6/5 4652/6/5 4651/6/5
f 4662/6/5 4652/6/5 4661/6/5
f 4664/5/5 4655/5/5 4654/5/5
f 4665/4/5 4646/4/5 4645/4/5
f 4665/4/5 4645/4/5 4644/4/5
f 4666/4/5 4646/4/5 4665/4/5
f 4667/5/5 4660/5/5 4659/5/5
f 4667/4/5 4646/4/5 4666/4/5
f 4667/5/5 4659/5/5 4646/5/5
f 4668/5/5 4660/5/5 4667/5/5
f 4669/5/5 4660/5/5 4668/5/5
f 4672/5/5 4664/5/5 4663/5/5
f 4673/5/5 4655/5/5 4664/5/5
f 4673/5/5 4664/5/5 4672/5/5
f 4674/4/5 4657/4/5 4656/4/5
f 4674/5/5 4655/5/5 4673/5/5
f 4674/4/5 4656/4/5 4655/4/5
f 4675/4/5 4657/4/5 4674/4/5
f 4676/4/5 4657/4/5 4675/4/5
f 4677/4/5 4667/4/5 4666/4/5
f 4677/4/5 4668/4/5 4667/4/5
f 4678/4/5 4668/4/5 4677/4/5
f 4679/5/5 4670/5/5 4669/5/5
f 4679/4/5 4668/4/5 4678/4/5
f 4679/5/5 4669/5/5 4668/5/5
f 4680/5/5 4670/5/5 4679/5/5
f 4681/5/5 4670/5/5 4680/5/5
f 4684/5/5 4673/5/5 4672/5/5
f 4684/5/5 4672/5/5 4671/5/5
f 4685/5/5 4673/5/5 4684/5/5
f 4686/4/5 4675/4/5 4674/4/5
f 4686/5/5 4673/5/5 4685/5/5
f 4686/4/5 4674/4/5 4673/4/5
f 4687/4/5 4675/4/5 4686/4/5
f 4688/4/5 4675/4/5 4687/4/5
f 4689/3/5 4679/3/5 4678/3/5
f 4690/4/5 4680/4/5 4679/4/5
f 4690/3/5 4679/3/5 4689/3/5
f 4691/5/5 4682/5/5 4681/5/5
f 4691/4/5 4680/4/5 4690/4/5
f 4691/5/5 4681/5/5 4680/5/5
f 4692/5/5 4682/5/5 4691/5/5
f 4693/5/5 4682/5/5 4692/5/5
f 4698/5/5 4685/5/5 4684/5/5
f 4698/5/5 4684/5/5 4683/5/5
f 4699/5/5 4685/5/5 4698/5/5
f 4700/4/5 4686/4/5 4685/4/5
f 4700/5/5 4685/5/5 4699/5/5
f 4701/3/5 4687/3/5 4686/3/5
f 4701/4/5 4686/4/5 4700/4/5
f 4702/3/5 4687/3/5 4701/3/5
f 4703/3/5 4691/3/5 4690/3/5
f 4704/4/5 4692/4/5 4691/4/5
f 4704/3/5 4691/3/5 4703/3/5
f 4705/5/5 4695/5/5 4694/5/5
f 4705/4/5 4692/4/5 4704/4/5
f 4705/5/5 4693/5/5 4692/5/5
f 4705/5/5 4694/5/5 4693/5/5
f 4706/5/5 4695/5/5 4705/5/5
f 4707/5/5 4695/5/5 4706/5/5
f 4710/5/5 4699/5/5 4698/5/5
f 4710/5/5 4697/5/5 4696/5/5
f 4710/5/5 4698/5/5 4697/5/5
f 4711/5/5 4699/5/5 4710/5/5
f 4712/4/5 4700/4/5 4699/4/5
f 4712/5/5 4699/5/5 4711/5/5
f 4713/3/5 4701/3/5 4700/3/5
f 4713/4/5 4700/4/5 4712/4/5
f 4714/3/5 4701/3/5 4713/3/5
f 4715/3/5 4705/3/5 4704/3/5
f 4716/4/5 4706/4/5 4705/4/5
f 4716/3/5 4705/3/5 4715/3/5
f 4717/4/5 4706/4/5 4716/4/5
f 4718/5/5 4708/5/5 4707/5/5
f 4718/4/5 4706/4/5 4717/4/5
f 4718/5/5 4707/5/5 4706/5/5
f 4719/5/5 4708/5/5 4718/5/5
f 4720/5/5 4711/5/5 4710/5/5
f 4720/5/5 4710/5/5 4709/5/5
f 4721/4/5 4712/4/5 4711/4/5
f 4721/5/5 4711/5/5 4720/5/5
f 4722/4/5 4712/4/5 4721/4/5
f 4723/3/5 4713/3/5 4712/3/5
f 4723/4/5 4712/4/5 4722/4/5
f 4724/3/5 4713/3/5 4723/3/5
f 4725/4/5 4721/4/5 4720/4/5
f 4725/4/5 4719/4/5 4718/4/5
f 4725/4/5 4718/4/5 4717/4/5
f 4725/4/5 4720/4/5 4719/4/5
f 4725/4/5 4722/4/5 4721/4/5
f 4726/4/5 4722/4/5 4725/4/5
f 4727/4/5 4722/4/5 4726/4/5
f 4728/4/5 4722/4/5 4727/4/5
f 4729/4/5 4727/4/5 4726/4/5
f 4730/4/5 4727/4/5 4729/4/5
f 4734/1/5 4732/1/5 4731/1/5
f 4735/1/5 4732/1/5 4734/1/5
f 4738/1/5 4734/1/5 4733/1/5
f 4738/1/5 4736/1/5 4735/1/5
f 4738/1/5 4735/1/5 4734/1/5
f 4739/1/5 4736/1/5 4738/1/5
f 4742/1/5 4738/1/5 4737/1/5
f 4742/1/5 4740/1/5 4739/1/5
f 4742/1/5 4739/1/5 4738/1/5
f 4743/1/5 4740/1/5 4742/1/5
f 4746/1/5 4742/1/5 4741/1/5
f 4746/1/5 4744/1/5 4743/1/5
f 4746/1/5 4743/1/5 4742/1/5
f 4747/1/5 4744/1/5 4746/1/5
f 4750/1/5 4746/1/5 4745/1/5
f 4750/1/5 4748/1/5 4747/1/5
f 4750/1/5 4747/1/5 4746/1/5
f 4751/1/5 4748/1/5 4750/1/5
f 4753/1/5 4750/1/5 4749/1/5
f 4753/1/5 4752/1/5 4751/1/5
f 4753/1/5 4751/1/5 4750/1/5
f 4754/1/5 4752/1/5 4753/1/5
f 4755/1/5 4752/1/5 4754/1/5
f 4756/1/5 4752/1/5 4755/1/5
f 4757/1/5 4755/1/5 4754/1/5
f 4758/1/5 4755/1/5 4757/1/5
f 4759/1/5 4755/1/5 4758/1/5
f 4760/1/5 4755/1/5 4759/1/5
f 4761/1/5 4759/1/5 4758/1/5
f 4762/1/5 4759/1/5 4761/1/5
f 4763/1/5 4759/1/5 4762/1/5
f 4764/1/5 4759/1/5 4763/1/5
f 4765/1/5 4763/1/5 4762/1/5
f 4766/1/5 4763/1/5 4765/1/5
f 4767/1/5 4763/1/5 4766/1/5
f 4768/1/5 4763/1/5 4767/1/5
f 4769/1/5 4767/1/5 4766/1/5
f 4770/1/5 4767/1/5 4769/1/5
f 4771/1/5 4767/1/5 4770/1/5
f 4772/1/5 4767/1/5 4771/1/5
f 4773/1/5 4771/1/5 4770/1/5
f 4774/1/5 4771/1/5 4773/1/5
f 4778/3/5 4776/3/5 4775/3/5
f 4779/3/5 4776/3/5 4778/3/5
f 4782/4/5 4778/4/5 4777/4/5
f 4782/4/5 4780/4/5 4779/4/5
f 4782/4/5 4779/4/5 4778/4/5
f 4783/4/5 4780/4/5 4782/4/5
f 4784/4/5 4780/4/5 4783/4/5
f 4785/4/5 4780/4/5 4784/4/5
f 4788/4/5 4782/4/5 4781/4/5
f 4788/4/5 4783/4/5 4782/4/5
f 4789/4/5 4783/4/5 4788/4/5
f 4790/4/5 4783/4/5 4789/4/5
f 4791/4/5 4785/4/5 4784/4/5
f 4791/4/5 4786/4/5 4785/4/5
f 4792/4/5 4786/4/5 4791/4/5
f 4793/4/5 4786/4/5 4792/4/5
f 4796/4/5 4789/4/5 4788/4/5
f 4796/4/5 4788/4/5 4787/4/5
f 4797/4/5 4789/4/5 4796/4/5
f 4798/4/5 4789/4/5 4797/4/5
f 4799/4/5 4794/4/5 4793/4/5
f 4799/4/5 4793/4/5 4792/4/5
f 4800/4/5 4794/4/5 4799/4/5
f 4801/4/5 4794/4/5 4800/4/5
f 4804/3/5 4796/3/5 4795/3/5
f 4805/4/5 4797/4/5 4796/4/5
f 4805/3/5 4796/3/5 4804/3/5
f 4806/4/5 4797/4/5 4805/4/5
f 4807/4/5 4801/4/5 4800/4/5
f 4808/3/5 4802/3/5 4801/3/5
f 4808/4/5 4801/4/5 4807/4/5
f 4809/3/5 4802/3/5 4808/3/5
f 4812/3/5 4804/3/5 4803/3/5
f 4813/4/5 4805/4/5 4804/4/5
f 4813/3/5 4804/3/5 4812/3/5
f 4814/4/5 4805/4/5 4813/4/5
f 4815/4/5 4809/4/5 4808/4/5
f 4816/3/5 4810/3/5 4809/3/5
f 4816/4/5 4809/4/5 4815/4/5
f 4817/3/5 4810/3/5 4816/3/5
f 4820/3/5 4812/3/5 4811/3/5
f 4821/4/5 4813/4/5 4812/4/5
f 4821/3/5 4812/3/5 4820/3/5
f 4822/4/5 4813/4/5 4821/4/5
f 4823/4/5 4817/4/5 4816/4/5
f 4824/3/5 4818/3/5 4817/3/5
f 4824/4/5 4817/4/5 4823/4/5
f 4825/3/5 4818/3/5 4824/3/5
f 4828/4/5 4820/4/5 4819/4/5
f 4828/4/5 4821/4/5 4820/4/5
f 4829/4/5 4821/4/5 4828/4/5
f 4830/4/5 4821/4/5 4829/4/5
f 4831/4/5 4826/4/5 4825/4/5
f 4831/4/5 4825/4/5 4824/4/5
f 4832/4/5 4826/4/5 4831/4/5
f 4833/4/5 4826/4/5 4832/4/5
f 4836/4/5 4829/4/5 4828/4/5
f 4836/4/5 4828/4/5 4827/4/5
f 4837/4/5 4829/4/5 4836/4/5
f 4838/4/5 4829/4/5 4837/4/5
f 4839/4/5 4834/4/5 4833/4/5
f 4839/4/5 4833/4/5 4832/4/5
f 4840/4/5 4834/4/5 4839/4/5
f 4841/4/5 4834/4/5 4840/4/5
f 4843/4/5 4837/4/5 4836/4/5
f 4843/4/5 4836/4/5 4835/4/5
f 4844/4/5 4837/4/5 4843/4/5
f 4845/4/5 4842/4/5 4841/4/5
f 4845/4/5 4841/4/5 4840/4/5
f 4846/4/5 4842/4/5 4845/4/5
f 4848/4/5 4843/4/5 4835/4/5
f 4849/4/5 4842/4/5 4846/4/5
f 4851/4/5 4848/4/5 4847/4/5
f 4852/4/5 4843/4/5 4848/4/5
f 4852/4/5 4848/4/5 4851/4/5
f 4853/4/5 4850/4/5 4849/4/5
f 4853/4/5 4849/4/5 4846/4/5
f 4854/4/5 4850/4/5 4853/4/5
f 4855/4/5 4843/4/5 4852/4/5
f 4858/4/5 4853/4/5 4846/4/5
f 4859/4/5 4856/4/5 4855/4/5
f 4859/4/5 4855/4/5 4852/4/5
f 4860/4/5 4856/4/5 4859/4/5
f 4861/4/5 4856/4/5 4860/4/5
f 4864/4/5 4858/4/5 4857/4/5
f 4865/4/5 4853/4/5 4858/4/5
f 4865/4/5 4858/4/5 4864/4/5
f 4866/4/5 4853/4/5 4865/4/5
f 4867/4/5 4862/4/5 4861/4/5
f 4867/4/5 4861/4/5 4860/4/5
f 4868/4/5 4862/4/5 4867/4/5
f 4869/4/5 4862/4/5 4868/4/5
f 4872/4/5 4864/4/5 4863/4/5
f 4872/4/5 4865/4/5 4864/4/5
f 4873/4/5 4865/4/5 4872/4/5
f 4874/4/5 4865/4/5 4873/4/5
f 4875/4/5 4870/4/5 4869/4/5
f 4875/4/5 4869/4/5 4868/4/5
f 4876/4/5 4870/4/5 4875/4/5
f 4877/4/5 4870/4/5 4876/4/5
f 4880/4/5 4873/4/5 4872/4/5
f 4880/4/5 4872/4/5 4871/4/5
f 4881/4/5 4873/4/5 4880/4/5
f 4882/4/5 4873/4/5 4881/4/5
f 4883/4/5 4878/4/5 4877/4/5
f 4883/4/5 4877/4/5 4876/4/5
f 4884/4/5 4878/4/5 4883/4/5
f 4885/4/5 4878/4/5 4884/4/5
f 4888/4/5 4881/4/5 4880/4/5
f 4888/4/5 4880/4/5 4879/4/5
f 4889/4/5 4881/4/5 4888/4/5
f 4890/4/5 4881/4/5 4889/4/5
f 4891/4/5 4886/4/5 4885/4/5
f 4891/4/5 4885/4/5 4884/4/5
f 4892/4/5 4886/4/5 4891/4/5
f 4893/4/5 4886/4/5 4892/4/5
f 4896/4/5 4889/4/5 4888/4/5
f 4896/4/5 4888/4/5 4887/4/5
f 4897/4/5 4889/4/5 4896/4/5
f 4898/4/5 4889/4/5 4897/4/5
f 4899/4/5 4894/4/5 4893/4/5
f 4899/4/5 4893/4/5 4892/4/5
f 4900/4/5 4894/4/5 4899/4/5
f 4901/4/5 4894/4/5 4900/4/5
f 4904/4/5 4897/4/5 4896/4/5
f 4904/4/5 4896/4/5 4895/4/5
f 4905/4/5 4897/4/5 4904/4/5
f 4906/4/5 4897/4/5 4905/4/5
f 4907/4/5 4902/4/5 4901/4/5
f 4907/4/5 4901/4/5 4900/4/5
f 4908/4/5 4902/4/5 4907/4/5
f 4909/4/5 4902/4/5 4908/4/5
f 4912/4/5 4905/4/5 4904/4/5
f 4912/4/5 4904/4/5 4903/4/5
f 4913/4/5 4905/4/5 4912/4/5
f 4914/4/5 4905/4/5 4913/4/5
f 4915/4/5 4910/4/5 4909/4/5
f 4915/4/5 4909/4/5 4908/4/5
f 4916/4/5 4910/4/5 4915/4/5
f 4917/4/5 4910/4/5 4916/4/5
f 4918/4/5 4913/4/5 4912/4/5
f 4918/4/5 4912/4/5 4911/4/5
f 4919/4/5 4913/4/5 4918/4/5
f 4920/4/5 4913/4/5 4919/4/5
f 4921/4/5 4917/4/5 4916/4/5
f 4921/4/5 4919/4/5 4918/4/5
f 4921/4/5 4918/4/5 4917/4/5
f 4922/4/5 4919/4/5 4921/4/5
f 4923/4/5 4919/4/5 4922/4/5
f 4924/4/5 4919/4/5 4923/4/5
f 4925/4/5 4923/4/5 4922/4/5
f 4926/4/5 4923/4/5 4925/4/5
f 4929/4/5 4928/4/5 4927/4/5
f 4930/4/5 4928/4/5 4929/4/5
f 4932/4/5 4929/4/5 4927/4/5
f 4933/4/5 4929/4/5 4932/4/5
f 4934/4/5 4928/4/5 4930/4/5
f 4935/4/5 4928/4/5 4934/4/5
f 4938/4/5 4932/4/5 4931/4/5
f 4939/4/5 4932/4/5 4938/4/5
f 4940/4/5 4936/4/5 4935/4/5
f 4941/4/5 4936/4/5 4940/4/5
f 4944/4/5 4938/4/5 4937/4/5
f 4945/4/5 4938/4/5 4944/4/5
f 4946/4/5 4942/4/5 4941/4/5
f 4947/4/5 4942/4/5 4946/4/5
f 4950/4/5 4944/4/5 4943/4/5
f 4951/4/5 4944/4/5 4950/4/5
f 4952/4/5 4944/4/5 4951/4/5
f 4953/4/5 4948/4/5 4947/4/5
f 4954/4/5 4948/4/5 4953/4/5
f 4955/4/5 4948/4/5 4954/4/5
f 4958/4/5 4950/4/5 4949/4/5
f 4958/4/5 4951/4/5 4950/4/5
f 4959/4/5 4951/4/5 4958/4/5
f 4960/4/5 4951/4/5 4959/4/5
f 4961/4/5 4956/4/5 4955/4/5
f 4961/4/5 4955/4/5 4954/4/5
f 4962/4/5 4956/4/5 4961/4/5
f 4963/4/5 4956/4/5 4962/4/5
f 4965/4/5 4959/4/5 4958/4/5
f 4965/4/5 4958/4/5 4957/4/5
f 4966/4/5 4959/4/5 4965/4/5
f 4967/4/5 4964/4/5 4963/4/5
f 4967/4/5 4963/4/5 4962/4/5
f 4968/4/5 4964/4/5 4967/4/5
f 4970/4/5 4965/4/5 4957/4/5
f 4971/4/5 4965/4/5 4970/4/5
f 4972/4/5 4964/4/5 4968/4/5
f 4973/4/5 4964/4/5 4972/4/5
f 4976/4/5 4970/4/5 4969/4/5
f 4977/4/5 4970/4/5 4976/4/5
f 4978/4/5 4974/4/5 4973/4/5
f 4979/4/5 4974/4/5 4978/4/5
f 4982/4/5 4976/4/5 4975/4/5
f 4983/4/5 4976/4/5 4982/4/5
f 4984/4/5 4980/4/5 4979/4/5
f 4985/4/5 4980/4/5 4984/4/5
f 4987/4/5 4982/4/5 4981/4/5
f 4988/4/5 4982/4/5 4987/4/5
f 4989/4/5 4986/4/5 4985/4/5
f 4990/4/5 4986/4/5 4989/4/5
f 4995/4/5 4992/4/5 4991/4/5
f 4996/4/5 4992/4/5 4995/4/5
f 4997/4/5 4994/4/5 4993/4/5
f 4998/4/5 4994/4/5 4997/4/5
f 5003/4/5 5000/4/5 4999/4/5
f 5004/4/5 5000/4/5 5003/4/5
f 5007/4/5 5002/4/5 5001/4/5
f 5008/4/5 5002/4/5 5007/4/5
f 5009/4/5 5005/4/5 5004/4/5
f 5010/4/5 5005/4/5 5009/4/5
f 5013/4/5 5007/4/5 5006/4/5
f 5014/4/5 5007/4/5 5013/4/5
f 5015/4/5 5011/4/5 5010/4/5
f 5016/4/5 5011/4/5 5015/4/5
f 5019/4/5 5013/4/5 5012/4/5
f 5020/4/5 5013/4/5 5019/4/5
f 5021/4/5 5017/4/5 5016/4/5
f 5024/4/5 5019/4/5 5018/4/5
f 5025/4/5 5022/4/5 5021/4/5
f 5025/4/5 5021/4/5 5016/4/5
f 5026/4/5 5022/4/5 5025/4/5
f 5027/4/5 5022/4/5 5026/4/5
f 5030/4/5 5024/4/5 5023/4/5
f 5031/4/5 5019/4/5 5024/4/5
f 5031/4/5 5024/4/5 5030/4/5
f 5032/4/5 5019/4/5 5031/4/5
f 5033/3/5 5027/3/5 5026/3/5
f 5034/4/5 5028/4/5 5027/4/5
f 5034/3/5 5027/3/5 5033/3/5
f 5035/4/5 5028/4/5 5034/4/5
f 5038/4/5 5030/4/5 5029/4/5
f 5039/3/5 5031/3/5 5030/3/5
f 5039/4/5 5030/4/5 5038/4/5
f 5040/3/5 5031/3/5 5039/3/5
f 5041/3/5 5036/3/5 5035/3/5
f 5041/3/5 5035/3/5 5034/3/5
f 5042/3/5 5036/3/5 5041/3/5
f 5045/3/5 5038/3/5 5037/3/5
f 5045/3/5 5039/3/5 5038/3/5
f 5046/3/5 5039/3/5 5045/3/5
f 5047/3/5 5043/3/5 5042/3/5
f 5048/3/5 5043/3/5 5047/3/5
f 5051/3/5 5045/3/5 5044/3/5
f 5052/3/5 5045/3/5 5051/3/5
f 5053/4/5 5049/4/5 5048/4/5
f 5054/4/5 5049/4/5 5053/4/5
f 5057/4/5 5051/4/5 5050/4/5
f 5058/4/5 5051/4/5 5057/4/5
f 5059/4/5 5055/4/5 5054/4/5
f 5060/4/5 5057/4/5 5056/4/5
f 5061/4/5 5059/4/5 5054/4/5
f 5061/4/5 5060/4/5 5059/4/5
f 5062/4/5 5057/4/5 5060/4/5
f 5062/4/5 5060/4/5 5061/4/5
f 5067/6/5 5064/6/5 5063/6/5
f 5068/6/5 5064/6/5 5067/6/5
f 5069/6/5 5066/6/5 5065/6/5
f 5070/6/5 5066/6/5 5069/6/5
f 5076/6/5 5072/6/5 5071/6/5
f 5077/6/5 5072/6/5 5076/6/5
f 5078/6/5 5074/6/5 5073/6/5
f 5079/6/5 5074/6/5 5078/6/5
f 5081/6/5 5076/6/5 5075/6/5
f 5082/6/5 5076/6/5 5081/6/5
f 5083/6/5 5080/6/5 5079/6/5
f 5084/6/5 5080/6/5 5083/6/5
f 5089/6/5 5086/6/5 5085/6/5
f 5090/6/5 5086/6/5 5089/6/5
f 5091/6/5 5088/6/5 5087/6/5
f 5092/6/5 5088/6/5 5091/6/5
f 5097/6/5 5094/6/5 5093/6/5
f 5098/6/5 5094/6/5 5097/6/5
f 5099/6/5 5096/6/5 5095/6/5
f 5100/6/5 5096/6/5 5099/6/5
f 5101/4/5 5098/4/5 5097/4/5
f 5102/4/5 5098/4/5 5101/4/5
f 5103/4/5 5100/4/5 5099/4/5
f 5104/4/5 5100/4/5 5103/4/5
f 5109/4/5 5106/4/5 5105/4/5
f 5110/4/5 5106/4/5 5109/4/5
f 5111/4/5 5108/4/5 5107/4/5
f 5112/4/5 5108/4/5 5111/4/5
f 5113/6/5 5110/6/5 5109/6/5
f 5114/6/5 5110/6/5 5113/6/5
f 5115/6/5 5112/6/5 5111/6/5
f 5116/6/5 5112/6/5 5115/6/5
f 5121/6/5 5118/6/5 5117/6/5
f 5122/6/5 5118/6/5 5121/6/5
f 5123/6/5 5120/6/5 5119/6/5
f 5124/6/5 5120/6/5 5123/6/5
f 5129/6/5 5126/6/5 5125/6/5
f 5130/6/5 5126/6/5 5129/6/5
f 5133/6/5 5128/6/5 5127/6/5
f 5134/6/5 5128/6/5 5133/6/5
f 5135/6/5 5131/6/5 5130/6/5
f 5136/6/5 5131/6/5 5135/6/5
f 5137/6/5 5133/6/5 5132/6/5
f 5138/6/5 5133/6/5 5137/6/5
f 5143/6/5 5140/6/5 5139/6/5
f 5144/6/5 5140/6/5 5143/6/5
f 5145/6/5 5142/6/5 5141/6/5
f 5146/6/5 5142/6/5 5145/6/5
f 5149/4/5 5148/4/5 5147/4/5
f 5150/4/5 5148/4/5 5149/4/5
f 5151/4/5 5148/4/5 5150/4/5
f 5152/4/5 5148/4/5 5151/4/5
f 5157/4/5 5154/4/5 5153/4/5
f 5158/4/5 5154/4/5 5157/4/5
f 5159/4/5 5156/4/5 5155/4/5
f 5160/4/5 5156/4/5 5159/4/5
f 5165/4/5 5162/4/5 5161/4/5
f 5166/4/5 5162/4/5 5165/4/5
f 5167/4/5 5164/4/5 5163/4/5
f 5168/4/5 5164/4/5 5167/4/5
f 5173/4/5 5170/4/5 5169/4/5
f 5174/4/5 5170/4/5 5173/4/5
f 5175/4/5 5172/4/5 5171/4/5
f 5176/4/5 5172/4/5 5175/4/5
f 5181/4/5 5178/4/5 5177/4/5
f 5181/4/5 5180/4/5 5179/4/5
f 5181/4/5 5179/4/5 5178/4/5
f 5182/4/5 5180/4/5 5181/4/5
f 5187/4/5 5184/4/5 5183/4/5
f 5188/4/5 5184/4/5 5187/4/5
f 5189/4/5 5184/4/5 5188/4/5
f 5190/4/5 5184/4/5 5189/4/5
f 5194/4/5 5186/4/5 5185/4/5
f 5195/4/5 5186/4/5 5194/4/5
f 5196/4/5 5192/4/5 5191/4/5
f 5197/4/5 5192/4/5 5196/4/5
f 5200/4/5 5194/4/5 5193/4/5
f 5201/4/5 5194/4/5 5200/4/5
f 5202/4/5 5198/4/5 5197/4/5
f 5203/4/5 5198/4/5 5202/4/5
f 5206/3/5 5200/3/5 5199/3/5
f 5207/3/5 5200/3/5 5206/3/5
f 5208/3/5 5204/3/5 5203/3/5
f 5209/3/5 5204/3/5 5208/3/5
f 5212/3/5 5206/3/5 5205/3/5
f 5213/3/5 5206/3/5 5212/3/5
f 5214/3/5 5210/3/5 5209/3/5
f 5215/3/5 5210/3/5 5214/3/5
f 5218/3/5 5212/3/5 5211/3/5
f 5219/3/5 5212/3/5 5218/3/5
f 5220/3/5 5216/3/5 5215/3/5
f 5221/3/5 5216/3/5 5220/3/5
f 5223/4/5 5218/4/5 5217/4/5
f 5224/4/5 5218/4/5 5223/4/5
f 5225/4/5 5222/4/5 5221/4/5
f 5226/4/5 5222/4/5 5225/4/5
f 5231/4/5 5228/4/5 5227/4/5
f 5232/4/5 5228/4/5 5231/4/5
f 5233/4/5 5230/4/5 5229/4/5
f 5234/4/5 5230/4/5 5233/4/5
f 5239/4/5 5236/4/5 5235/4/5
f 5240/4/5 5236/4/5 5239/4/5
f 5241/4/5 5236/4/5 5240/4/5
f 5242/4/5 5238/4/5 5237/4/5
f 5243/4/5 5238/4/5 5242/4/5
f 5244/4/5 5238/4/5 5243/4/5
f 5249/4/5 5246/4/5 5245/4/5
f 5250/4/5 5248/4/5 5247/4/5
f 5251/4/5 5249/4/5 5245/4/5
f 5252/4/5 5248/4/5 5250/4/5
f 5253/4/5 5251/4/5 5245/4/5
f 5254/4/5 5251/4/5 5253/4/5
f 5255/4/5 5248/4/5 5252/4/5
f 5256/4/5 5248/4/5 5255/4/5
f 5263/4/5 5258/4/5 5257/4/5
f 5263/4/5 5259/4/5 5258/4/5
f 5264/4/5 5259/4/5 5263/4/5
f 5265/4/5 5262/4/5 5261/4/5
f 5265/4/5 5261/4/5 5260/4/5
f 5266/4/5 5262/4/5 5265/4/5
f 5271/4/5 5268/4/5 5267/4/5
f 5272/4/5 5268/4/5 5271/4/5
f 5273/4/5 5270/4/5 5269/4/5
f 5274/4/5 5270/4/5 5273/4/5
f 5279/4/5 5276/4/5 5275/4/5
f 5280/4/5 5276/4/5 5279/4/5
f 5283/4/5 5278/4/5 5277/4/5
f 5284/4/5 5278/4/5 5283/4/5
f 5285/3/5 5281/3/5 5280/3/5
f 5286/3/5 5281/3/5 5285/3/5
f 5289/3/5 5283/3/5 5282/3/5
f 5290/3/5 5283/3/5 5289/3/5
f 5291/3/5 5287/3/5 5286/3/5
f 5292/3/5 5287/3/5 5291/3/5
f 5295/3/5 5289/3/5 5288/3/5
f 5296/3/5 5289/3/5 5295/3/5
f 5297/3/5 5293/3/5 5292/3/5
f 5298/3/5 5293/3/5 5297/3/5
f 5301/3/5 5295/3/5 5294/3/5
f 5302/3/5 5295/3/5 5301/3/5
f 5303/4/5 5299/4/5 5298/4/5
f 5304/4/5 5299/4/5 5303/4/5
f 5307/4/5 5301/4/5 5300/4/5
f 5308/4/5 5301/4/5 5307/4/5
f 5309/4/5 5305/4/5 5304/4/5
f 5310/4/5 5305/4/5 5309/4/5
f 5315/4/5 5307/4/5 5306/4/5
f 5316/4/5 5307/4/5 5315/4/5
f 5317/4/5 5314/4/5 5313/4/5
f 5317/4/5 5312/4/5 5311/4/5
f 5317/4/5 5313/4/5 5312/4/5
f 5318/4/5 5314/4/5 5317/4/5
f 5323/3/5 5320/3/5 5319/3/5
f 5324/3/5 5320/3/5 5323/3/5
f 5325/3/5 5322/3/5 5321/3/5
f 5326/3/5 5322/3/5 5325/3/5
f 5330/5/5 5328/5/5 5327/5/5
f 5331/5/5 5328/5/5 5330/5/5
f 5334/5/5 5330/5/5 5329/5/5
f 5335/5/5 5330/5/5 5334/5/5
f 5336/5/5 5332/5/5 5331/5/5
f 5337/5/5 5332/5/5 5336/5/5
f 5340/5/5 5334/5/5 5333/5/5
f 5341/5/5 5334/5/5 5340/5/5
f 5342/5/5 5338/5/5 5337/5/5
f 5343/5/5 5338/5/5 5342/5/5
f 5345/5/5 5340/5/5 5339/5/5
f 5346/5/5 5340/5/5 5345/5/5
f 5349/5/5 5344/5/5 5343/5/5
f 5350/5/5 5344/5/5 5349/5/5
f 5351/5/5 5347/5/5 5346/5/5
f 5352/5/5 5347/5/5 5351/5/5
f 5355/5/5 5349/5/5 5348/5/5
f 5356/5/5 5349/5/5 5355/5/5
f 5357/5/5 5353/5/5 5352/5/5
f 5358/5/5 5353/5/5 5357/5/5
f 5359/5/5 5355/5/5 5354/5/5
f 5360/5/5 5355/5/5 5359/5/5
f 5361/5/5 5359/5/5 5358/5/5
f 5362/5/5 5359/5/5 5361/5/5
f 5363/4/6 5364/4/6 5365/4/6
f 5365/4/6 5364/4/6 5366/4/6
f 5365/4/6 5366/4/6 5367/4/6
f 5367/4/6 5366/4/6 5368/4/6
f 5368/4/6 5366/4/6 5369/4/6
f 5369/4/6 5366/4/6 5370/4/6
f 5371/4/6 5372/4/6 5375/4/6
f 5375/4/6 5372/4/6 5376/4/6
f 5373/4/6 5374/4/6 5377/4/6
f 5377/4/6 5374/4/6 5378/4/6
f 5379/4/6 5380/4/6 5383/4/6
f 5383/4/6 5380/4/6 5384/4/6
f 5381/4/6 5382/4/6 5385/4/6
f 5385/4/6 5382/4/6 5386/4/6
f 5387/4/6 5388/4/6 5391/4/6
f 5391/4/6 5388/4/6 5392/4/6
f 5389/4/6 5390/4/6 5393/4/6
f 5393/4/6 5390/4/6 5394/4/6
f 5395/4/6 5396/4/6 5399/4/6
f 5397/4/6 5398/4/6 5399/4/6
f 5396/4/6 5397/4/6 5399/4/6
f 5399/4/6 5398/4/6 5400/4/6
f 5399/4/6 5400/4/6 5401/4/6
f 5401/4/6 5400/4/6 5402/4/6
f 5403/6/6 5404/6/6 5407/6/6
f 5407/6/6 5404/6/6 5408/6/6
f 5405/6/6 5406/6/6 5409/6/6
f 5409/6/6 5406/6/6 5410/6/6
f 5411/6/6 5412/6/6 5416/6/6
f 5416/6/6 5412/6/6 5417/6/6
f 5413/6/6 5414/6/6 5418/6/6
f 5418/6/6 5414/6/6 5419/6/6
f 5415/6/6 5416/6/6 5421/6/6
f 5421/6/6 5416/6/6 5422/6/6
f 5419/6/6 5420/6/6 5423/6/6
f 5423/6/6 5420/6/6 5424/6/6
f 5425/6/6 5426/6/6 5429/6/6
f 5429/6/6 5426/6/6 5430/6/6
f 5427/6/6 5428/6/6 5431/6/6
f 5431/6/6 5428/6/6 5432/6/6
f 5433/6/6 5434/6/6 5437/6/6
f 5437/6/6 5434/6/6 5438/6/6
f 5435/6/6 5436/6/6 5439/6/6
f 5439/6/6 5436/6/6 5440/6/6
f 5437/4/6 5438/4/6 5441/4/6
f 5441/4/6 5438/4/6 5442/4/6
f 5439/4/6 5440/4/6 5443/4/6
f 5443/4/6 5440/4/6 5444/4/6
f 5445/4/6 5446/4/6 5449/4/6
f 5449/4/6 5446/4/6 5450/4/6
f 5447/4/6 5448/4/6 5451/4/6
f 5451/4/6 5448/4/6 5452/4/6
f 5449/6/6 5450/6/6 5453/6/6
f 5453/6/6 5450/6/6 5454/6/6
f 5451/6/6 5452/6/6 5455/6/6
f 5455/6/6 5452/6/6 5456/6/6
f 5457/6/6 5458/6/6 5461/6/6
f 5461/6/6 5458/6/6 5462/6/6
f 5459/6/6 5460/6/6 5463/6/6
f 5463/6/6 5460/6/6 5464/6/6
f 5465/6/6 5466/6/6 5469/6/6
f 5469/6/6 5466/6/6 5470/6/6
f 5467/6/6 5468/6/6 5473/6/6
f 5473/6/6 5468/6/6 5474/6/6
f 5470/6/6 5471/6/6 5475/6/6
f 5475/6/6 5471/6/6 5476/6/6
f 5472/6/6 5473/6/6 5477/6/6
f 5477/6/6 5473/6/6 5478/6/6
f 5479/6/6 5480/6/6 5483/6/6
f 5483/6/6 5480/6/6 5484/6/6
f 5481/6/6 5482/6/6 5485/6/6
f 5485/6/6 5482/6/6 5486/6/6
f 5487/4/6 5488/4/6 5492/4/6
f 5492/4/6 5488/4/6 5493/4/6
f 5489/4/6 5490/4/6 5494/4/6
f 5494/4/6 5490/4/6 5495/4/6
f 5491/4/6 5492/4/6 5498/4/6
f 5498/4/6 5492/4/6 5499/4/6
f 5495/4/6 5496/4/6 5500/4/6
f 5500/4/6 5496/4/6 5501/4/6
f 5497/4/6 5498/4/6 5504/4/6
f 5504/4/6 5498/4/6 5505/4/6
f 5501/4/6 5502/4/6 5506/4/6
f 5506/4/6 5502/4/6 5507/4/6
f 5503/4/6 5504/4/6 5510/4/6
f 5510/4/6 5504/4/6 5511/4/6
f 5511/4/6 5504/4/6 5512/4/6
f 5507/4/6 5508/4/6 5513/4/6
f 5513/4/6 5508/4/6 5514/4/6
f 5514/4/6 5508/4/6 5515/4/6
f 5509/4/6 5510/4/6 5518/4/6
f 5510/4/6 5511/4/6 5518/4/6
f 5518/4/6 5511/4/6 5519/4/6
f 5519/4/6 5511/4/6 5520/4/6
f 5515/4/6 5516/4/6 5521/4/6
f 5514/4/6 5515/4/6 5521/4/6
f 5521/4/6 5516/4/6 5522/4/6
f 5522/4/6 5516/4/6 5523/4/6
f 5518/4/6 5519/4/6 5525/4/6
f 5517/4/6 5518/4/6 5525/4/6
f 5525/4/6 5519/4/6 5526/4/6
f 5523/4/6 5524/4/6 5527/4/6
f 5522/4/6 5523/4/6 5527/4/6
f 5527/4/6 5524/4/6 5528/4/6
f 5517/4/6 5525/4/6 5530/4/6
f 5530/4/6 5525/4/6 5531/4/6
f 5528/4/6 5524/4/6 5532/4/6
f 5532/4/6 5524/4/6 5533/4/6
f 5529/4/6 5530/4/6 5536/4/6
f 5536/4/6 5530/4/6 5537/4/6
f 5533/4/6 5534/4/6 5538/4/6
f 5538/4/6 5534/4/6 5539/4/6
f 5535/4/6 5536/4/6 5542/4/6
f 5542/4/6 5536/4/6 5543/4/6
f 5539/4/6 5540/4/6 5544/4/6
f 5544/4/6 5540/4/6 5545/4/6
f 5541/4/6 5542/4/6 5547/4/6
f 5547/4/6 5542/4/6 5548/4/6
f 5545/4/6 5546/4/6 5549/4/6
f 5549/4/6 5546/4/6 5550/4/6
f 5551/4/6 5552/4/6 5555/4/6
f 5555/4/6 5552/4/6 5556/4/6
f 5553/4/6 5554/4/6 5557/4/6
f 5557/4/6 5554/4/6 5558/4/6
f 5559/4/6 5560/4/6 5563/4/6
f 5563/4/6 5560/4/6 5564/4/6
f 5561/4/6 5562/4/6 5567/4/6
f 5567/4/6 5562/4/6 5568/4/6
f 5564/4/6 5565/4/6 5569/4/6
f 5569/4/6 5565/4/6 5570/4/6
f 5566/4/6 5567/4/6 5573/4/6
f 5573/4/6 5567/4/6 5574/4/6
f 5570/4/6 5571/4/6 5575/4/6
f 5575/4/6 5571/4/6 5576/4/6
f 5572/4/6 5573/4/6 5579/4/6
f 5579/4/6 5573/4/6 5580/4/6
f 5576/4/6 5577/4/6 5581/4/6
f 5578/4/6 5579/4/6 5584/4/6
f 5581/4/6 5582/4/6 5585/4/6
f 5576/4/6 5581/4/6 5585/4/6
f 5585/4/6 5582/4/6 5586/4/6
f 5586/4/6 5582/4/6 5587/4/6
f 5583/4/6 5584/4/6 5590/4/6
f 5584/4/6 5579/4/6 5591/4/6
f 5590/4/6 5584/4/6 5591/4/6
f 5591/4/6 5579/4/6 5592/4/6
f 5587/4/6 5588/4/6 5593/4/6
f 5586/4/6 5587/4/6 5593/4/6
f 5593/4/6 5588/4/6 5594/4/6
f 5594/4/6 5588/4/6 5595/4/6
f 5589/4/6 5590/4/6 5598/4/6
f 5590/4/6 5591/4/6 5598/4/6
f 5598/4/6 5591/4/6 5599/4/6
f 5599/4/6 5591/4/6 5600/4/6
f 5595/4/6 5596/4/6 5601/4/6
f 5594/4/6 5595/4/6 5601/4/6
f 5601/4/6 5596/4/6 5602/4/6
f 5598/4/6 5599/4/6 5605/4/6
f 5597/4/6 5598/4/6 5605/4/6
f 5605/4/6 5599/4/6 5606/4/6
f 5602/4/6 5603/4/6 5607/4/6
f 5607/4/6 5603/4/6 5608/4/6
f 5604/4/6 5605/4/6 5611/4/6
f 5611/4/6 5605/4/6 5612/4/6
f 5608/4/6 5609/4/6 5613/4/6
f 5613/4/6 5609/4/6 5614/4/6
f 5610/4/6 5611/4/6 5617/4/6
f 5617/4/6 5611/4/6 5618/4/6
f 5614/4/6 5615/4/6 5619/4/6
f 5619/4/6 5615/4/6 5620/4/6
f 5616/4/6 5617/4/6 5621/4/6
f 5621/4/6 5617/4/6 5622/4/6
f 5623/3/6 5624/3/6 5627/3/6
f 5627/3/6 5624/3/6 5628/3/6
f 5625/4/6 5626/4/6 5632/4/6
f 5632/4/6 5626/4/6 5633/4/6
f 5627/5/6 5628/5/6 5634/5/6
f 5634/5/6 5628/5/6 5635/5/6
f 5635/5/6 5628/5/6 5636/5/6
f 5636/5/6 5628/5/6 5637/5/6
f 5629/4/6 5630/4/6 5638/4/6
f 5638/4/6 5630/4/6 5639/4/6
f 5632/4/6 5633/4/6 5642/4/6
f 5631/4/6 5632/4/6 5642/4/6
f 5642/4/6 5633/4/6 5643/4/6
f 5643/4/6 5633/4/6 5644/4/6
f 5639/4/6 5640/4/6 5645/4/6
f 5638/4/6 5639/4/6 5645/4/6
f 5645/4/6 5640/4/6 5646/4/6
f 5646/4/6 5640/4/6 5647/4/6
f 5642/4/6 5643/4/6 5650/4/6
f 5641/4/6 5642/4/6 5650/4/6
f 5650/4/6 5643/4/6 5651/4/6
f 5651/4/6 5643/4/6 5652/4/6
f 5647/4/6 5648/4/6 5653/4/6
f 5646/4/6 5647/4/6 5653/4/6
f 5653/4/6 5648/4/6 5654/4/6
f 5654/4/6 5648/4/6 5655/4/6
f 5649/3/6 5650/3/6 5658/3/6
f 5650/4/6 5651/4/6 5659/4/6
f 5658/3/6 5650/3/6 5659/3/6
f 5659/4/6 5651/4/6 5660/4/6
f 5654/4/6 5655/4/6 5661/4/6
f 5655/3/6 5656/3/6 5662/3/6
f 5661/4/6 5655/4/6 5662/4/6
f 5662/3/6 5656/3/6 5663/3/6
f 5657/3/6 5658/3/6 5666/3/6
f 5658/4/6 5659/4/6 5667/4/6
f 5666/3/6 5658/3/6 5667/3/6
f 5667/4/6 5659/4/6 5668/4/6
f 5662/4/6 5663/4/6 5669/4/6
f 5663/3/6 5664/3/6 5670/3/6
f 5669/4/6 5663/4/6 5670/4/6
f 5670/3/6 5664/3/6 5671/3/6
f 5665/3/6 5666/3/6 5674/3/6
f 5666/4/6 5667/4/6 5675/4/6
f 5674/3/6 5666/3/6 5675/3/6
f 5675/4/6 5667/4/6 5676/4/6
f 5670/4/6 5671/4/6 5677/4/6
f 5671/3/6 5672/3/6 5678/3/6
f 5677/4/6 5671/4/6 5678/4/6
f 5678/3/6 5672/3/6 5679/3/6
f 5673/4/6 5674/4/6 5682/4/6
f 5674/4/6 5675/4/6 5682/4/6
f 5682/4/6 5675/4/6 5683/4/6
f 5683/4/6 5675/4/6 5684/4/6
f 5679/4/6 5680/4/6 5685/4/6
f 5678/4/6 5679/4/6 5685/4/6
f 5685/4/6 5680/4/6 5686/4/6
f 5686/4/6 5680/4/6 5687/4/6
f 5682/4/6 5683/4/6 5690/4/6
f 5681/4/6 5682/4/6 5690/4/6
f 5690/4/6 5683/4/6 5691/4/6
f 5691/4/6 5683/4/6 5692/4/6
f 5687/4/6 5688/4/6 5693/4/6
f 5686/4/6 5687/4/6 5693/4/6
f 5693/4/6 5688/4/6 5694/4/6
f 5694/4/6 5688/4/6 5695/4/6
f 5690/4/6 5691/4/6 5697/4/6
f 5689/4/6 5690/4/6 5697/4/6
f 5697/4/6 5691/4/6 5698/4/6
f 5698/4/6 5691/4/6 5699/4/6
f 5695/4/6 5696/4/6 5700/4/6
f 5694/4/6 5695/4/6 5700/4/6
f 5700/4/6 5696/4/6 5701/4/6
f 5701/4/6 5696/4/6 5702/4/6
f 5703/4/6 5704/4/6 5709/4/6
f 5704/4/6 5705/4/6 5709/4/6
f 5706/4/6 5707/4/6 5710/4/6
f 5707/4/6 5708/4/6 5710/4/6
f 5703/4/6 5709/4/6 5711/4/6
f 5710/4/6 5708/4/6 5712/4/6
f 5703/4/6 5711/4/6 5713/4/6
f 5713/4/6 5711/4/6 5714/4/6
f 5714/4/6 5711/4/6 5715/4/6
f 5712/4/6 5708/4/6 5716/4/6
f 5716/4/6 5708/4/6 5717/4/6
f 5717/4/6 5708/4/6 5718/4/6
f 5719/4/6 5720/4/6 5725/4/6
f 5720/4/6 5721/4/6 5725/4/6
f 5725/4/6 5721/4/6 5726/4/6
f 5726/4/6 5721/4/6 5727/4/6
f 5723/4/6 5724/4/6 5730/4/6
f 5722/4/6 5723/4/6 5730/4/6
f 5730/4/6 5724/4/6 5731/4/6
f 5731/4/6 5724/4/6 5732/4/6
f 5727/4/6 5728/4/6 5733/4/6
f 5726/4/6 5727/4/6 5733/4/6
f 5733/4/6 5728/4/6 5734/4/6
f 5734/4/6 5728/4/6 5735/4/6
f 5730/4/6 5731/4/6 5738/4/6
f 5729/4/6 5730/4/6 5738/4/6
f 5738/4/6 5731/4/6 5739/4/6
f 5739/4/6 5731/4/6 5740/4/6
f 5735/4/6 5736/4/6 5741/4/6
f 5734/4/6 5735/4/6 5741/4/6
f 5741/4/6 5736/4/6 5742/4/6
f 5742/4/6 5736/4/6 5743/4/6
f 5738/4/6 5739/4/6 5746/4/6
f 5737/4/6 5738/4/6 5746/4/6
f 5746/4/6 5739/4/6 5747/4/6
f 5747/4/6 5739/4/6 5748/4/6
f 5743/4/6 5744/4/6 5749/4/6
f 5742/4/6 5743/4/6 5749/4/6
f 5749/4/6 5744/4/6 5750/4/6
f 5750/4/6 5744/4/6 5751/4/6
f 5746/4/6 5747/4/6 5754/4/6
f 5745/4/6 5746/4/6 5754/4/6
f 5754/4/6 5747/4/6 5755/4/6
f 5755/4/6 5747/4/6 5756/4/6
f 5750/3/6 5751/3/6 5757/3/6
f 5751/4/6 5752/4/6 5758/4/6
f 5757/3/6 5751/3/6 5758/3/6
f 5758/4/6 5752/4/6 5759/4/6
f 5753/4/6 5754/4/6 5762/4/6
f 5754/3/6 5755/3/6 5763/3/6
f 5762/4/6 5754/4/6 5763/4/6
f 5763/3/6 5755/3/6 5764/3/6
f 5758/3/6 5759/3/6 5765/3/6
f 5759/4/6 5760/4/6 5766/4/6
f 5765/3/6 5759/3/6 5766/3/6
f 5766/4/6 5760/4/6 5767/4/6
f 5761/4/6 5762/4/6 5770/4/6
f 5762/3/6 5763/3/6 5771/3/6
f 5770/4/6 5762/4/6 5771/4/6
f 5771/3/6 5763/3/6 5772/3/6
f 5766/3/6 5767/3/6 5773/3/6
f 5767/4/6 5768/4/6 5774/4/6
f 5773/3/6 5767/3/6 5774/3/6
f 5774/4/6 5768/4/6 5775/4/6
f 5769/4/6 5770/4/6 5778/4/6
f 5770/3/6 5771/3/6 5779/3/6
f 5778/4/6 5770/4/6 5779/4/6
f 5779/3/6 5771/3/6 5780/3/6
f 5775/4/6 5776/4/6 5781/4/6
f 5774/4/6 5775/4/6 5781/4/6
f 5781/4/6 5776/4/6 5782/4/6
f 5782/4/6 5776/4/6 5783/4/6
f 5777/4/6 5778/4/6 5788/4/6
f 5778/4/6 5779/4/6 5788/4/6
f 5788/4/6 5779/4/6 5789/4/6
f 5789/4/6 5779/4/6 5790/4/6
f 5782/4/6 5783/4/6 5791/4/6
f 5791/4/6 5783/4/6 5792/4/6
f 5786/4/6 5787/4/6 5793/4/6
f 5785/4/6 5786/4/6 5793/4/6
f 5784/4/6 5785/4/6 5793/4/6
f 5793/4/6 5787/4/6 5794/4/6
f 5788/4/6 5789/4/6 5795/4/6
f 5795/4/6 5789/4/6 5796/4/6
f 5793/4/6 5794/4/6 5797/4/6
f 5797/4/6 5794/4/6 5798/4/6
f 5799/4/6 5800/4/6 5802/4/6
f 5802/4/6 5800/4/6 5803/4/6
f 5801/4/6 5802/4/6 5806/4/6
f 5803/4/6 5804/4/6 5806/4/6
f 5802/4/6 5803/4/6 5806/4/6
f 5806/4/6 5804/4/6 5807/4/6
f 5807/4/6 5804/4/6 5808/4/6
f 5808/4/6 5804/4/6 5809/4/6
f 5805/4/6 5806/4/6 5812/4/6
f 5806/4/6 5807/4/6 5812/4/6
f 5812/4/6 5807/4/6 5813/4/6
f 5813/4/6 5807/4/6 5814/4/6
f 5808/4/6 5809/4/6 5815/4/6
f 5809/4/6 5810/4/6 5815/4/6
f 5815/4/6 5810/4/6 5816/4/6
f 5816/4/6 5810/4/6 5817/4/6
f 5811/3/6 5812/3/6 5820/3/6
f 5812/4/6 5813/4/6 5821/4/6
f 5820/3/6 5812/3/6 5821/3/6
f 5813/5/6 5814/5/6 5822/5/6
f 5822/5/6 5814/5/6 5823/5/6
f 5815/5/6 5816/5/6 5824/5/6
f 5824/5/6 5816/5/6 5825/5/6
f 5817/3/6 5818/3/6 5826/3/6
f 5816/4/6 5817/4/6 5826/4/6
f 5826/3/6 5818/3/6 5827/3/6
f 5819/3/6 5820/3/6 5830/3/6
f 5820/4/6 5821/4/6 5831/4/6
f 5830/3/6 5820/3/6 5831/3/6
f 5821/4/6 5813/4/6 5832/4/6
f 5831/4/6 5821/4/6 5832/4/6
f 5813/5/6 5822/5/6 5832/5/6
f 5832/5/6 5822/5/6 5833/5/6
f 5825/5/6 5816/5/6 5834/5/6
f 5816/4/6 5826/4/6 5835/4/6
f 5834/5/6 5816/5/6 5835/5/6
f 5826/4/6 5827/4/6 5835/4/6
f 5827/3/6 5828/3/6 5836/3/6
f 5835/4/6 5827/4/6 5836/4/6
f 5836/3/6 5828/3/6 5837/3/6
f 5829/3/6 5830/3/6 5840/3/6
f 5830/4/6 5831/4/6 5841/4/6
f 5840/3/6 5830/3/6 5841/3/6
f 5831/5/6 5832/5/6 5842/5/6
f 5841/4/6 5831/4/6 5842/4/6
f 5842/5/6 5832/5/6 5843/5/6
f 5843/5/6 5832/5/6 5844/5/6
f 5835/5/6 5836/5/6 5845/5/6
f 5845/5/6 5836/5/6 5846/5/6
f 5836/4/6 5837/4/6 5847/4/6
f 5846/5/6 5836/5/6 5847/5/6
f 5837/3/6 5838/3/6 5848/3/6
f 5847/4/6 5837/4/6 5848/4/6
f 5848/3/6 5838/3/6 5849/3/6
f 5839/4/6 5840/4/6 5851/4/6
f 5840/4/6 5841/4/6 5851/4/6
f 5841/5/6 5842/5/6 5852/5/6
f 5851/4/6 5841/4/6 5852/4/6
f 5842/5/6 5843/5/6 5852/5/6
f 5852/5/6 5843/5/6 5853/5/6
f 5853/5/6 5843/5/6 5854/5/6
f 5846/5/6 5847/5/6 5855/5/6
f 5847/5/6 5848/5/6 5855/5/6
f 5855/5/6 5848/5/6 5856/5/6
f 5849/4/6 5850/4/6 5857/4/6
f 5856/5/6 5848/5/6 5857/5/6
f 5848/4/6 5849/4/6 5857/4/6
f 5857/4/6 5850/4/6 5858/4/6
f 5839/4/6 5851/4/6 5860/4/6
f 5852/5/6 5853/5/6 5861/5/6
f 5851/5/6 5852/5/6 5861/5/6
f 5860/4/6 5851/4/6 5861/4/6
f 5861/5/6 5853/5/6 5862/5/6
f 5862/5/6 5853/5/6 5863/5/6
f 5857/5/6 5858/5/6 5864/5/6
f 5856/5/6 5857/5/6 5864/5/6
f 5864/5/6 5858/5/6 5865/5/6
f 5858/4/6 5850/4/6 5866/4/6
f 5865/5/6 5858/5/6 5866/5/6
f 5866/4/6 5850/4/6 5867/4/6
f 5861/5/6 5862/5/6 5869/5/6
f 5860/5/6 5861/5/6 5869/5/6
f 5869/5/6 5862/5/6 5870/5/6
f 5866/5/6 5867/5/6 5871/5/6
f 5865/5/6 5866/5/6 5871/5/6
f 5871/5/6 5867/5/6 5872/5/6
f 5859/4/6 5860/4/6 5874/4/6
f 5867/4/6 5868/4/6 5875/4/6
f 5873/4/6 5874/4/6 5877/4/6
f 5860/5/6 5869/5/6 5877/5/6
f 5874/4/6 5860/4/6 5877/4/6
f 5877/5/6 5869/5/6 5878/5/6
f 5872/5/6 5867/5/6 5879/5/6
f 5875/4/6 5876/4/6 5880/4/6
f 5879/5/6 5867/5/6 5880/5/6
f 5867/4/6 5875/4/6 5880/4/6
f 5873/4/6 5877/4/6 5881/4/6
f 5881/4/6 5877/4/6 5882/4/6
f 5880/4/6 5876/4/6 5883/4/6
f 5883/4/6 5876/4/6 5884/4/6
f 5873/4/6 5881/4/6 5885/4/6
f 5885/4/6 5881/4/6 5886/4/6
f 5884/4/6 5876/4/6 5887/4/6
f 5887/4/6 5876/4/6 5888/4/6
f 5873/4/6 5885/4/6 5889/4/6
f 5888/4/6 5876/4/6 5892/4/6
f 5889/4/6 5890/4/6 5893/4/6
f 5891/4/6 5892/4/6 5896/4/6
f 5893/4/6 5894/4/6 5897/4/6
f 5895/4/6 5896/4/6 5900/4/6
f 5897/4/6 5898/4/6 5901/4/6
f 5873/4/6 5889/4/6 5901/4/6
f 5889/4/6 5893/4/6 5901/4/6
f 5893/4/6 5897/4/6 5901/4/6
f 5901/4/6 5898/4/6 5902/4/6
f 5899/4/6 5900/4/6 5903/4/6
f 5900/4/6 5896/4/6 5903/4/6
f 5896/4/6 5892/4/6 5903/4/6
f 5892/4/6 5876/4/6 5904/4/6
f 5903/4/6 5892/4/6 5904/4/6
f 5902/4/6 5898/4/6 5905/4/6
f 5899/4/6 5903/4/6 5908/4/6
f 5905/4/6 5906/4/6 5909/4/6
f 5902/4/6 5905/4/6 5909/4/6
f 5909/4/6 5906/4/6 5910/4/6
f 5910/4/6 5906/4/6 5911/4/6
f 5907/4/6 5908/4/6 5914/4/6
f 5908/4/6 5903/4/6 5915/4/6
f 5914/4/6 5908/4/6 5915/4/6
f 5915/4/6 5903/4/6 5916/4/6
f 5911/4/6 5912/4/6 5917/4/6
f 5910/4/6 5911/4/6 5917/4/6
f 5913/4/6 5914/4/6 5920/4/6
f 5914/4/6 5915/4/6 5920/4/6
f 5917/4/6 5918/4/6 5921/4/6
f 5910/4/6 5917/4/6 5921/4/6
f 5921/4/6 5918/4/6 5922/4/6
f 5922/4/6 5918/4/6 5923/4/6
f 5923/4/6 5918/4/6 5924/4/6
f 5919/4/6 5920/4/6 5927/4/6
f 5920/4/6 5915/4/6 5928/4/6
f 5927/4/6 5920/4/6 5928/4/6
f 5928/4/6 5915/4/6 5929/4/6
f 5929/4/6 5915/4/6 5930/4/6
f 5922/3/6 5923/3/6 5931/3/6
f 5924/4/6 5925/4/6 5932/4/6
f 5931/3/6 5923/3/6 5932/3/6
f 5923/4/6 5924/4/6 5932/4/6
f 5932/4/6 5925/4/6 5933/4/6
f 5933/4/6 5925/4/6 5934/4/6
f 5926/4/6 5927/4/6 5937/4/6
f 5927/4/6 5928/4/6 5937/4/6
f 5937/4/6 5928/4/6 5938/4/6
f 5928/3/6 5929/3/6 5939/3/6
f 5938/4/6 5928/4/6 5939/4/6
f 5939/3/6 5929/3/6 5940/3/6
f 5932/3/6 5933/3/6 5941/3/6
f 5934/4/6 5935/4/6 5942/4/6
f 5941/3/6 5933/3/6 5942/3/6
f 5933/4/6 5934/4/6 5942/4/6
f 5942/4/6 5935/4/6 5943/4/6
f 5943/4/6 5935/4/6 5944/4/6
f 5937/4/6 5938/4/6 5947/4/6
f 5936/4/6 5937/4/6 5947/4/6
f 5947/4/6 5938/4/6 5948/4/6
f 5938/3/6 5939/3/6 5949/3/6
f 5948/4/6 5938/4/6 5949/4/6
f 5949/3/6 5939/3/6 5950/3/6
f 5942/3/6 5943/3/6 5951/3/6
f 5944/4/6 5945/4/6 5952/4/6
f 5951/3/6 5943/3/6 5952/3/6
f 5943/4/6 5944/4/6 5952/4/6
f 5946/4/6 5947/4/6 5953/4/6
f 5947/4/6 5948/4/6 5953/4/6
f 5948/3/6 5949/3/6 5953/3/6
f 5953/3/6 5949/3/6 5954/3/6
f 5952/4/6 5945/4/6 5955/4/6
f 5955/4/6 5945/4/6 5956/4/6
f 5956/4/6 5945/4/6 5957/4/6
f 5946/4/6 5953/4/6 5958/4/6
f 5958/4/6 5953/4/6 5959/4/6
f 5959/4/6 5953/4/6 5960/4/6
f 5956/4/6 5957/4/6 5961/4/6
f 5958/4/6 5959/4/6 5961/4/6
f 5957/4/6 5958/4/6 5961/4/6
f 5961/4/6 5959/4/6 5962/4/6
f 5962/4/6 5959/4/6 5963/4/6
f 5963/4/6 5959/4/6 5964/4/6
f 5962/4/6 5963/4/6 5965/4/6
f 5965/4/6 5963/4/6 5966/4/6
f 5967/5/6 5968/5/6 5971/5/6
f 5969/5/6 5970/5/6 5971/5/6
f 5968/5/6 5969/5/6 5971/5/6
f 5971/5/6 5970/5/6 5972/5/6
f 5967/5/6 5971/5/6 5974/5/6
f 5972/5/6 5970/5/6 5975/5/6
f 5973/5/6 5974/5/6 5978/5/6
f 5978/5/6 5974/5/6 5979/5/6
f 5971/4/6 5972/4/6 5980/4/6
f 5979/5/6 5974/5/6 5980/5/6
f 5974/5/6 5971/5/6 5980/5/6
f 5975/5/6 5976/5/6 5981/5/6
f 5980/4/6 5972/4/6 5981/4/6
f 5972/5/6 5975/5/6 5981/5/6
f 5981/5/6 5976/5/6 5982/5/6
f 5982/5/6 5976/5/6 5983/5/6
f 5978/5/6 5979/5/6 5986/5/6
f 5977/5/6 5978/5/6 5986/5/6
f 5986/5/6 5979/5/6 5987/5/6
f 5979/4/6 5980/4/6 5988/4/6
f 5987/5/6 5979/5/6 5988/5/6
f 5980/4/6 5981/4/6 5988/4/6
f 5981/4/6 5982/4/6 5988/4/6
f 5983/5/6 5984/5/6 5989/5/6
f 5988/4/6 5982/4/6 5989/4/6
f 5982/5/6 5983/5/6 5989/5/6
f 5989/5/6 5984/5/6 5990/5/6
f 5990/5/6 5984/5/6 5991/5/6
f 5986/5/6 5987/5/6 5994/5/6
f 5985/5/6 5986/5/6 5994/5/6
f 5994/5/6 5987/5/6 5995/5/6
f 5987/4/6 5988/4/6 5996/4/6
f 5995/5/6 5987/5/6 5996/5/6
f 5988/4/6 5989/4/6 5996/4/6
f 5989/4/6 5990/4/6 5996/4/6
f 5996/4/6 5990/4/6 5997/4/6
f 5997/4/6 5990/4/6 5998/4/6
f 5991/5/6 5992/5/6 5999/5/6
f 5998/4/6 5990/4/6 5999/4/6
f 5990/5/6 5991/5/6 5999/5/6
f 5999/5/6 5992/5/6 6000/5/6
f 6000/5/6 5992/5/6 6001/5/6
f 5994/5/6 5995/5/6 6004/5/6
f 5993/5/6 5994/5/6 6004/5/6
f 6004/5/6 5995/5/6 6005/5/6
f 5996/4/6 5997/4/6 6006/4/6
f 6005/5/6 5995/5/6 6006/5/6
f 5995/4/6 5996/4/6 6006/4/6
f 6006/4/6 5997/4/6 6007/4/6
f 6007/4/6 5997/4/6 6008/4/6
f 5999/4/6 6000/4/6 6009/4/6
f 5998/4/6 5999/4/6 6009/4/6
f 6009/4/6 6000/4/6 6010/4/6
f 6001/5/6 6002/5/6 6011/5/6
f 6010/4/6 6000/4/6 6011/4/6
f 6000/5/6 6001/5/6 6011/5/6
f 6011/5/6 6002/5/6 6012/5/6
f 6012/5/6 6002/5/6 6013/5/6
f 6004/5/6 6005/5/6 6016/5/6
f 6003/5/6 6004/5/6 6016/5/6
f 6016/5/6 6005/5/6 6017/5/6
f 6006/4/6 6007/4/6 6018/4/6
f 6017/5/6 6005/5/6 6018/5/6
f 6005/4/6 6006/4/6 6018/4/6
f 6018/4/6 6007/4/6 6019/4/6
f 6019/4/6 6007/4/6 6020/4/6
f 6011/4/6 6012/4/6 6021/4/6
f 6010/4/6 6011/4/6 6021/4/6
f 6021/4/6 6012/4/6 6022/4/6
f 6013/5/6 6014/5/6 6023/5/6
f 6022/4/6 6012/4/6 6023/4/6
f 6012/5/6 6013/5/6 6023/5/6
f 6023/5/6 6014/5/6 6024/5/6
f 6024/5/6 6014/5/6 6025/5/6
f 6016/5/6 6017/5/6 6028/5/6
f 6015/5/6 6016/5/6 6028/5/6
f 6028/5/6 6017/5/6 6029/5/6
f 6018/4/6 6019/4/6 6030/4/6
f 6029/5/6 6017/5/6 6030/5/6
f 6017/4/6 6018/4/6 6030/4/6
f 6030/4/6 6019/4/6 6031/4/6
f 6031/4/6 6019/4/6 6032/4/6
f 6023/4/6 6024/4/6 6033/4/6
f 6022/4/6 6023/4/6 6033/4/6
f 6033/4/6 6024/4/6 6034/4/6
f 6025/5/6 6026/5/6 6035/5/6
f 6034/4/6 6024/4/6 6035/4/6
f 6024/5/6 6025/5/6 6035/5/6
f 6035/5/6 6026/5/6 6036/5/6
f 6036/5/6 6026/5/6 6037/5/6
f 6028/5/6 6029/5/6 6041/5/6
f 6027/5/6 6028/5/6 6041/5/6
f 6041/5/6 6029/5/6 6042/5/6
f 6030/4/6 6031/4/6 6043/4/6
f 6042/5/6 6029/5/6 6043/5/6
f 6029/4/6 6030/4/6 6043/4/6
f 6043/4/6 6031/4/6 6044/4/6
f 6044/4/6 6031/4/6 6045/4/6
f 6035/4/6 6036/4/6 6046/4/6
f 6034/4/6 6035/4/6 6046/4/6
f 6046/4/6 6036/4/6 6047/4/6
f 6037/5/6 6038/5/6 6048/5/6
f 6047/4/6 6036/4/6 6048/4/6
f 6036/5/6 6037/5/6 6048/5/6
f 6048/5/6 6038/5/6 6049/5/6
f 6049/5/6 6038/5/6 6050/5/6
f 6039/5/6 6040/5/6 6054/5/6
f 6040/4/6 6041/4/6 6055/4/6
f 6054/5/6 6040/5/6 6055/5/6
f 6051/5/6 6052/5/6 6056/5/6
f 6050/4/6 6051/4/6 6056/4/6
f 6056/5/6 6052/5/6 6057/5/6
f 6053/5/6 6054/5/6 6059/5/6
f 6054/4/6 6055/4/6 6060/4/6
f 6059/5/6 6054/5/6 6060/5/6
f 6055/4/6 6041/4/6 6061/4/6
f 6060/4/6 6055/4/6 6061/4/6
f 6050/4/6 6056/4/6 6062/4/6
f 6056/4/6 6057/4/6 6062/4/6
f 6057/5/6 6058/5/6 6063/5/6
f 6062/4/6 6057/4/6 6063/4/6
f 6063/5/6 6058/5/6 6064/5/6
f 6060/5/6 6061/5/6 6065/5/6
f 6061/4/6 6041/4/6 6066/4/6
f 6065/5/6 6061/5/6 6066/5/6
f 6041/5/6 6042/5/6 6067/5/6
f 6066/4/6 6041/4/6 6067/4/6
f 6043/4/6 6044/4/6 6068/4/6
f 6042/4/6 6043/4/6 6068/4/6
f 6047/4/6 6048/4/6 6071/4/6
f 6048/4/6 6049/4/6 6071/4/6
f 6049/5/6 6050/5/6 6072/5/6
f 6050/4/6 6062/4/6 6072/4/6
f 6062/5/6 6063/5/6 6073/5/6
f 6072/4/6 6062/4/6 6073/4/6
f 6073/5/6 6063/5/6 6074/5/6
f 6067/5/6 6042/5/6 6075/5/6
f 6068/4/6 6069/4/6 6076/4/6
f 6075/5/6 6042/5/6 6076/5/6
f 6042/4/6 6068/4/6 6076/4/6
f 6076/4/6 6069/4/6 6077/4/6
f 6077/4/6 6069/4/6 6078/4/6
f 6070/4/6 6071/4/6 6081/4/6
f 6071/4/6 6049/4/6 6082/4/6
f 6081/4/6 6071/4/6 6082/4/6
f 6049/5/6 6072/5/6 6083/5/6
f 6082/4/6 6049/4/6 6083/4/6
f 6083/5/6 6072/5/6 6084/5/6
f 6076/5/6 6077/5/6 6085/5/6
f 6085/5/6 6077/5/6 6086/5/6
f 6078/4/6 6079/4/6 6087/4/6
f 6086/5/6 6077/5/6 6087/5/6
f 6077/4/6 6078/4/6 6087/4/6
f 6087/4/6 6079/4/6 6088/4/6
f 6088/4/6 6079/4/6 6089/4/6
f 6080/4/6 6081/4/6 6092/4/6
f 6081/4/6 6082/4/6 6092/4/6
f 6092/4/6 6082/4/6 6093/4/6
f 6082/5/6 6083/5/6 6094/5/6
f 6093/4/6 6082/4/6 6094/4/6
f 6094/5/6 6083/5/6 6095/5/6
f 6095/5/6 6083/5/6 6096/5/6
f 6086/5/6 6087/5/6 6097/5/6
f 6087/5/6 6088/5/6 6097/5/6
f 6097/5/6 6088/5/6 6098/5/6
f 6089/4/6 6090/4/6 6099/4/6
f 6098/5/6 6088/5/6 6099/5/6
f 6088/4/6 6089/4/6 6099/4/6
f 6099/4/6 6090/4/6 6100/4/6
f 6100/4/6 6090/4/6 6101/4/6
f 6092/4/6 6093/4/6 6104/4/6
f 6091/4/6 6092/4/6 6104/4/6
f 6104/4/6 6093/4/6 6105/4/6
f 6094/5/6 6095/5/6 6106/5/6
f 6105/4/6 6093/4/6 6106/4/6
f 6093/5/6 6094/5/6 6106/5/6
f 6106/5/6 6095/5/6 6107/5/6
f 6107/5/6 6095/5/6 6108/5/6
f 6098/5/6 6099/5/6 6109/5/6
f 6099/5/6 6100/5/6 6109/5/6
f 6109/5/6 6100/5/6 6110/5/6
f 6101/4/6 6102/4/6 6111/4/6
f 6110/5/6 6100/5/6 6111/5/6
f 6100/4/6 6101/4/6 6111/4/6
f 6111/4/6 6102/4/6 6112/4/6
f 6112/4/6 6102/4/6 6113/4/6
f 6104/4/6 6105/4/6 6114/4/6
f 6103/4/6 6104/4/6 6114/4/6
f 6114/4/6 6105/4/6 6115/4/6
f 6106/5/6 6107/5/6 6116/5/6
f 6115/4/6 6105/4/6 6116/4/6
f 6105/5/6 6106/5/6 6116/5/6
f 6116/5/6 6107/5/6 6117/5/6
f 6117/5/6 6107/5/6 6118/5/6
f 6111/5/6 6112/5/6 6119/5/6
f 6110/5/6 6111/5/6 6119/5/6
f 6119/5/6 6112/5/6 6120/5/6
f 6112/4/6 6113/4/6 6121/4/6
f 6120/5/6 6112/5/6 6121/5/6
f 6114/4/6 6115/4/6 6121/4/6
f 6113/4/6 6114/4/6 6121/4/6
f 6121/4/6 6115/4/6 6122/4/6
f 6122/4/6 6115/4/6 6123/4/6
f 6116/5/6 6117/5/6 6124/5/6
f 6123/4/6 6115/4/6 6124/4/6
f 6115/5/6 6116/5/6 6124/5/6
f 6124/5/6 6117/5/6 6125/5/6
f 6125/5/6 6117/5/6 6126/5/6
f 6121/5/6 6122/5/6 6127/5/6
f 6120/5/6 6121/5/6 6127/5/6
f 6127/5/6 6122/5/6 6128/5/6
f 6122/4/6 6123/4/6 6129/4/6
f 6128/5/6 6122/5/6 6129/5/6
f 6129/4/6 6123/4/6 6130/4/6
f 6130/4/6 6123/4/6 6131/4/6
f 6124/5/6 6125/5/6 6132/5/6
f 6131/4/6 6123/4/6 6132/4/6
f 6123/5/6 6124/5/6 6132/5/6
f 6132/5/6 6125/5/6 6133/5/6
f 6133/5/6 6125/5/6 6134/5/6
f 6129/5/6 6130/5/6 6135/5/6
f 6128/5/6 6129/5/6 6135/5/6
f 6135/5/6 6130/5/6 6136/5/6
f 6132/5/6 6133/5/6 6137/5/6
f 6131/5/6 6132/5/6 6137/5/6
f 6137/5/6 6133/5/6 6138/5/6
f 6130/4/6 6131/4/6 6139/4/6
f 6136/5/6 6130/5/6 6139/5/6
f 6131/5/6 6137/5/6 6140/5/6
f 6139/4/6 6131/4/6 6140/4/6
f 6136/5/6 6139/5/6 6141/5/6
f 6139/5/6 6140/5/6 6141/5/6
f 6141/5/6 6140/5/6 6142/5/6
f 6140/5/6 6137/5/6 6143/5/6
f 6142/5/6 6140/5/6 6143/5/6
f 6143/5/6 6137/5/6 6144/5/6
f 6145/4/6 6146/4/6 6149/4/6
f 6146/3/6 6147/3/6 6150/3/6
f 6149/4/6 6146/4/6 6150/4/6
f 6147/4/6 6148/4/6 6151/4/6
f 6150/3/6 6147/3/6 6151/3/6
f 6151/4/6 6148/4/6 6152/4/6
f 6145/4/6 6149/4/6 6154/4/6
f 6152/4/6 6148/4/6 6155/4/6
f 6153/4/6 6154/4/6 6158/4/6
f 6158/4/6 6154/4/6 6159/4/6
f 6154/4/6 6149/4/6 6160/4/6
f 6159/4/6 6154/4/6 6160/4/6
f 6155/4/6 6156/4/6 6161/4/6
f 6152/4/6 6155/4/6 6161/4/6
f 6161/4/6 6156/4/6 6162/4/6
f 6162/4/6 6156/4/6 6163/4/6
f 6157/3/6 6158/3/6 6166/3/6
f 6158/4/6 6159/4/6 6167/4/6
f 6166/3/6 6158/3/6 6167/3/6
f 6167/4/6 6159/4/6 6168/4/6
f 6162/4/6 6163/4/6 6169/4/6
f 6163/3/6 6164/3/6 6170/3/6
f 6169/4/6 6163/4/6 6170/4/6
f 6170/3/6 6164/3/6 6171/3/6
f 6165/3/6 6166/3/6 6174/3/6
f 6166/4/6 6167/4/6 6175/4/6
f 6174/3/6 6166/3/6 6175/3/6
f 6175/4/6 6167/4/6 6176/4/6
f 6170/4/6 6171/4/6 6177/4/6
f 6171/3/6 6172/3/6 6178/3/6
f 6177/4/6 6171/4/6 6178/4/6
f 6178/3/6 6172/3/6 6179/3/6
f 6173/3/6 6174/3/6 6182/3/6
f 6174/4/6 6175/4/6 6183/4/6
f 6182/3/6 6174/3/6 6183/3/6
f 6183/4/6 6175/4/6 6184/4/6
f 6178/4/6 6179/4/6 6187/4/6
f 6179/3/6 6180/3/6 6188/3/6
f 6187/4/6 6179/4/6 6188/4/6
f 6188/3/6 6180/3/6 6189/3/6
f 6181/4/6 6182/4/6 6192/4/6
f 6182/4/6 6183/4/6 6192/4/6
f 6192/4/6 6183/4/6 6193/4/6
f 6193/4/6 6183/4/6 6194/4/6
f 6185/5/6 6186/5/6 6196/5/6
f 6196/5/6 6186/5/6 6197/5/6
f 6188/4/6 6189/4/6 6199/4/6
f 6189/4/6 6190/4/6 6199/4/6
f 6199/4/6 6190/4/6 6200/4/6
f 6200/4/6 6190/4/6 6201/4/6
f 6191/4/6 6192/4/6 6203/4/6
f 6192/4/6 6193/4/6 6203/4/6
f 6203/4/6 6193/4/6 6204/4/6
f 6195/5/6 6196/5/6 6206/5/6
f 6196/4/6 6197/4/6 6207/4/6
f 6206/5/6 6196/5/6 6207/5/6
f 6197/5/6 6198/5/6 6208/5/6
f 6207/4/6 6197/4/6 6208/4/6
f 6208/5/6 6198/5/6 6209/5/6
f 6201/4/6 6202/4/6 6211/4/6
f 6200/4/6 6201/4/6 6211/4/6
f 6211/4/6 6202/4/6 6212/4/6
f 6191/4/6 6203/4/6 6213/4/6
f 6213/4/6 6203/4/6 6214/4/6
f 6205/5/6 6206/5/6 6216/5/6
f 6206/4/6 6207/4/6 6217/4/6
f 6216/5/6 6206/5/6 6217/5/6
f 6217/4/6 6207/4/6 6218/4/6
f 6208/4/6 6209/4/6 6219/4/6
f 6209/5/6 6210/5/6 6220/5/6
f 6219/4/6 6209/4/6 6220/4/6
f 6220/5/6 6210/5/6 6221/5/6
f 6212/4/6 6202/4/6 6223/4/6
f 6223/4/6 6202/4/6 6224/4/6
f 6215/5/6 6216/5/6 6226/5/6
f 6216/4/6 6217/4/6 6227/4/6
f 6226/5/6 6216/5/6 6227/5/6
f 6227/4/6 6217/4/6 6228/4/6
f 6220/4/6 6221/4/6 6229/4/6
f 6221/5/6 6222/5/6 6230/5/6
f 6229/4/6 6221/4/6 6230/4/6
f 6230/5/6 6222/5/6 6231/5/6
f 6225/5/6 6226/5/6 6233/5/6
f 6226/4/6 6227/4/6 6234/4/6
f 6233/5/6 6226/5/6 6234/5/6
f 6234/4/6 6227/4/6 6235/4/6
f 6230/4/6 6231/4/6 6238/4/6
f 6231/5/6 6232/5/6 6239/5/6
f 6238/4/6 6231/4/6 6239/4/6
f 6239/5/6 6232/5/6 6240/5/6
f 6234/5/6 6235/5/6 6243/5/6
f 6235/4/6 6236/4/6 6244/4/6
f 6243/5/6 6235/5/6 6244/5/6
f 6244/4/6 6236/4/6 6245/4/6
f 6237/4/6 6238/4/6 6248/4/6
f 6238/5/6 6239/5/6 6249/5/6
f 6248/4/6 6238/4/6 6249/4/6
f 6249/5/6 6239/5/6 6250/5/6
f 6241/4/6 6242/4/6 6253/4/6
f 6244/5/6 6245/5/6 6255/5/6
f 6245/4/6 6246/4/6 6256/4/6
f 6255/5/6 6245/5/6 6256/5/6
f 6256/4/6 6246/4/6 6257/4/6
f 6247/4/6 6248/4/6 6258/4/6
f 6248/5/6 6249/5/6 6259/5/6
f 6258/4/6 6248/4/6 6259/4/6
f 6259/5/6 6249/5/6 6260/5/6
f 6251/4/6 6252/4/6 6262/4/6
f 6253/4/6 6254/4/6 6263/4/6
f 6241/4/6 6253/4/6 6263/4/6
f 6263/4/6 6254/4/6 6264/4/6
f 6264/4/6 6254/4/6 6265/4/6
f 6256/5/6 6257/5/6 6267/5/6
f 6257/4/6 6258/4/6 6268/4/6
f 6267/5/6 6257/5/6 6268/5/6
f 6258/5/6 6259/5/6 6269/5/6
f 6268/4/6 6258/4/6 6269/4/6
f 6269/5/6 6259/5/6 6270/5/6
f 6261/4/6 6262/4/6 6272/4/6
f 6262/4/6 6252/4/6 6273/4/6
f 6272/4/6 6262/4/6 6273/4/6
f 6273/4/6 6252/4/6 6274/4/6
f 6265/4/6 6266/4/6 6275/4/6
f 6264/4/6 6265/4/6 6275/4/6
f 6275/4/6 6266/4/6 6276/4/6
f 6276/4/6 6266/4/6 6277/4/6
f 6268/5/6 6269/5/6 6279/5/6
f 6279/5/6 6269/5/6 6280/5/6
f 6272/4/6 6273/4/6 6282/4/6
f 6271/4/6 6272/4/6 6282/4/6
f 6282/4/6 6273/4/6 6283/4/6
f 6283/4/6 6273/4/6 6284/4/6
f 6276/3/6 6277/3/6 6285/3/6
f 6277/4/6 6278/4/6 6286/4/6
f 6285/3/6 6277/3/6 6286/3/6
f 6286/4/6 6278/4/6 6287/4/6
f 6281/4/6 6282/4/6 6290/4/6
f 6282/3/6 6283/3/6 6291/3/6
f 6290/4/6 6282/4/6 6291/4/6
f 6291/3/6 6283/3/6 6292/3/6
f 6286/3/6 6287/3/6 6293/3/6
f 6287/4/6 6288/4/6 6294/4/6
f 6293/3/6 6287/3/6 6294/3/6
f 6294/4/6 6288/4/6 6295/4/6
f 6289/4/6 6290/4/6 6298/4/6
f 6290/3/6 6291/3/6 6299/3/6
f 6298/4/6 6290/4/6 6299/4/6
f 6299/3/6 6291/3/6 6300/3/6
f 6294/3/6 6295/3/6 6301/3/6
f 6295/4/6 6296/4/6 6302/4/6
f 6301/3/6 6295/3/6 6302/3/6
f 6302/4/6 6296/4/6 6303/4/6
f 6297/4/6 6298/4/6 6306/4/6
f 6298/3/6 6299/3/6 6307/3/6
f 6306/4/6 6298/4/6 6307/4/6
f 6307/3/6 6299/3/6 6308/3/6
f 6303/4/6 6304/4/6 6309/4/6
f 6302/4/6 6303/4/6 6309/4/6
f 6309/4/6 6304/4/6 6310/4/6
f 6305/4/6 6306/4/6 6311/4/6
f 6306/4/6 6307/4/6 6311/4/6
f 6311/4/6 6307/4/6 6312/4/6
f 6310/4/6 6304/4/6 6313/4/6
f 6305/4/6 6311/4/6 6316/4/6
f 6310/4/6 6313/4/6 6317/4/6
f 6313/4/6 6314/4/6 6317/4/6
f 6314/3/6 6315/3/6 6318/3/6
f 6317/4/6 6314/4/6 6318/4/6
f 6315/4/6 6316/4/6 6319/4/6
f 6318/3/6 6315/3/6 6319/3/6
f 6316/4/6 6311/4/6 6320/4/6
f 6319/4/6 6316/4/6 6320/4/6
f 6321/4/6 6322/4/6 6325/4/6
f 6325/4/6 6322/4/6 6326/4/6
f 6323/4/6 6324/4/6 6327/4/6
f 6327/4/6 6324/4/6 6328/4/6
f 6329/4/6 6330/4/6 6333/4/6
f 6333/4/6 6330/4/6 6334/4/6
f 6331/4/6 6332/4/6 6335/4/6
f 6335/4/6 6332/4/6 6336/4/6
f 6337/3/6 6338/3/6 6341/3/6
f 6341/3/6 6338/3/6 6342/3/6
f 6339/3/6 6340/3/6 6343/3/6
f 6343/3/6 6340/3/6 6344/3/6
f 6345/5/6 6346/5/6 6348/5/6
f 6348/5/6 6346/5/6 6349/5/6
f 6347/5/6 6348/5/6 6352/5/6
f 6352/5/6 6348/5/6 6353/5/6
f 6349/5/6 6350/5/6 6354/5/6
f 6354/5/6 6350/5/6 6355/5/6
f 6351/5/6 6352/5/6 6358/5/6
f 6358/5/6 6352/5/6 6359/5/6
f 6355/5/6 6356/5/6 6360/5/6
f 6360/5/6 6356/5/6 6361/5/6
f 6357/5/6 6358/5/6 6363/5/6
f 6363/5/6 6358/5/6 6364/5/6
f 6361/5/6 6362/5/6 6367/5/6
f 6367/5/6 6362/5/6 6368/5/6
f 6364/5/6 6365/5/6 6369/5/6
f 6369/5/6 6365/5/6 6370/5/6
f 6366/5/6 6367/5/6 6373/5/6
f 6373/5/6 6367/5/6 6374/5/6
f 6370/5/6 6371/5/6 6375/5/6
f 6371/4/6 6372/4/6 6376/4/6
f 6375/5/6 6371/5/6 6376/5/6
f 6372/5/6 6373/5/6 6377/5/6
f 6376/4/6 6372/4/6 6377/4/6
f 6377/5/6 6373/5/6 6378/5/6
f 6376/5/6 6377/5/6 6379/5/6
f 6379/5/6 6377/5/6 6380/5/6
f 6381/4/6 6382/4/6 6384/4/6
f 6384/4/6 6382/4/6 6385/4/6
f 6383/4/6 6384/4/6 6388/4/6
f 6385/4/6 6386/4/6 6388/4/6
f 6384/4/6 6385/4/6 6388/4/6
f 6388/4/6 6386/4/6 6389/4/6
f 6387/4/6 6388/4/6 6391/4/6
f 6389/4/6 6390/4/6 6391/4/6
f 6388/4/6 6389/4/6 6391/4/6
f 6391/4/6 6390/4/6 6392/4/6
f 6392/4/6 6390/4/6 6393/4/6
f 6393/4/6 6390/4/6 6394/4/6
f 6392/4/6 6393/4/6 6395/4/6
f 6395/4/6 6393/4/6 6396/4/6
